parallel_id,region_id,region_exec,thread_id,team_size,requested_threads,start_ms,end_ms,elapsed_ms,codeptr,pmu_valid,pmu_llc_references,pmu_llc_misses,pmu_llc_hits
398,2,100,0,16,16,18845.042044,19020.790285,58.969500,0x4051ce,1,6931401,3794349,3137052
398,2,100,1,16,16,18844.979755,19020.772887,63.474039,0x4051ce,1,8005614,4627940,3377674
398,2,100,2,16,16,18846.392629,19020.840829,65.953706,0x4051ce,1,7995849,5203227,2792622
398,2,100,3,16,16,18846.860693,19020.867838,69.388431,0x4051ce,1,7884042,5872552,2011490
398,2,100,4,16,16,18844.847678,19022.915161,174.809781,0x4051ce,1,20873989,16044623,4829366
398,2,100,5,16,16,18845.227011,19022.897069,173.003252,0x4051ce,1,20994066,15757841,5236225
398,2,100,6,16,16,18846.543255,19022.792306,166.014990,0x4051ce,1,19733816,15364568,4369248
398,2,100,7,16,16,18846.110923,19022.906060,175.249072,0x4051ce,1,21164218,16327792,4836426
398,2,100,8,16,16,18845.700246,19022.870130,171.743370,0x4051ce,1,21167612,15960573,5207039
398,2,100,9,16,16,18845.345917,19022.807674,166.027130,0x4051ce,1,19585439,15753214,3832225
398,2,100,10,16,16,18846.701387,19022.873665,172.409546,0x4051ce,1,20865321,16439574,4425747
398,2,100,11,16,16,18846.237258,19022.875775,172.465347,0x4051ce,1,20792201,16245810,4546391
398,2,100,12,16,16,18845.826306,19020.880534,69.340770,0x4051ce,1,7836014,6145220,1690794
398,2,100,13,16,16,18845.112057,19020.935419,72.298212,0x4051ce,1,7848218,6678578,1169640
398,2,100,14,16,16,18845.568929,19020.929411,72.266075,0x4051ce,1,7838135,6631505,1206630
398,2,100,15,16,16,18845.941080,19020.921598,70.700633,0x4051ce,1,7634612,6450317,1184295
399,3,100,0,16,16,19023.031568,19023.142668,0.111100,0x405218,1,6046,3366,2680
399,3,100,1,16,16,19023.031885,19023.144595,0.112710,0x405218,1,5481,3033,2448
399,3,100,2,16,16,19023.032120,19023.174755,0.142635,0x405218,1,6334,4291,2043
399,3,100,3,16,16,19023.031425,19023.178957,0.147532,0x405218,1,5938,4920,1018
399,3,100,4,16,16,19023.031684,19023.313755,0.282071,0x405218,1,12019,8567,3452
399,3,100,5,16,16,19023.032231,19023.309283,0.277052,0x405218,1,12355,8134,4221
399,3,100,6,16,16,19023.031954,19023.299271,0.267317,0x405218,1,11893,8189,3704
399,3,100,7,16,16,19023.031641,19023.315255,0.283614,0x405218,1,12118,8484,3634
399,3,100,8,16,16,19023.031787,19023.301870,0.270083,0x405218,1,12219,8142,4077
399,3,100,9,16,16,19023.032943,19023.297660,0.264717,0x405218,1,11900,8563,3337
399,3,100,10,16,16,19023.032002,19023.291996,0.259994,0x405218,1,12258,8462,3796
399,3,100,11,16,16,19023.032543,19023.301347,0.268804,0x405218,1,12055,8363,3692
399,3,100,12,16,16,19023.031735,19023.177641,0.145906,0x405218,1,5943,4588,1355
399,3,100,13,16,16,19023.031427,19023.180319,0.148892,0x405218,1,5972,4934,1038
399,3,100,14,16,16,19023.031562,19023.177552,0.145990,0x405218,1,5870,4823,1047
399,3,100,15,16,16,19023.031110,19023.178816,0.147706,0x405218,1,5132,4521,611
400,4,100,0,16,16,19023.490348,19023.518879,0.028531,0x4052e4,1,1899,1341,558
400,4,100,1,16,16,19023.488969,19023.510874,0.021905,0x4052e4,1,163,116,47
400,4,100,2,16,16,19023.488316,19023.509341,0.021025,0x4052e4,1,251,188,63
400,4,100,3,16,16,19023.488283,19023.509150,0.020867,0x4052e4,1,193,133,60
400,4,100,4,16,16,19023.488831,19023.512375,0.023544,0x4052e4,1,311,236,75
400,4,100,5,16,16,19023.489075,19023.512763,0.023688,0x4052e4,1,374,284,90
400,4,100,6,16,16,19023.489148,19023.513286,0.024138,0x4052e4,1,388,314,74
400,4,100,7,16,16,19023.488893,19023.512579,0.023686,0x4052e4,1,420,334,86
400,4,100,8,16,16,19023.488393,19023.512988,0.024595,0x4052e4,1,377,274,103
400,4,100,9,16,16,19023.488858,19023.512741,0.023883,0x4052e4,1,328,270,58
400,4,100,10,16,16,19023.488402,19023.511637,0.023235,0x4052e4,1,340,274,66
400,4,100,11,16,16,19023.488733,19023.511949,0.023216,0x4052e4,1,382,303,79
400,4,100,12,16,16,19023.488015,19023.508135,0.020120,0x4052e4,1,119,75,44
400,4,100,13,16,16,19023.488802,19023.509125,0.020323,0x4052e4,1,156,98,58
400,4,100,14,16,16,19023.488213,19023.508885,0.020672,0x4052e4,1,163,100,63
400,4,100,15,16,16,19023.488136,19023.508506,0.020370,0x4052e4,1,160,108,52
401,5,100,0,16,16,19023.554147,19023.575366,0.021219,0x40533c,1,26,6,20
401,5,100,1,16,16,19023.554000,19023.575260,0.021260,0x40533c,1,117,68,49
401,5,100,2,16,16,19023.553951,19023.575501,0.021550,0x40533c,1,116,80,36
401,5,100,3,16,16,19023.553887,19023.574158,0.020271,0x40533c,1,95,64,31
401,5,100,4,16,16,19023.554171,19023.581056,0.026885,0x40533c,1,712,515,197
401,5,100,5,16,16,19023.553993,19023.580926,0.026933,0x40533c,1,584,348,236
401,5,100,6,16,16,19023.553792,19023.579214,0.025422,0x40533c,1,541,353,188
401,5,100,7,16,16,19023.553596,19023.579032,0.025436,0x40533c,1,694,326,368
401,5,100,8,16,16,19023.553710,19023.579566,0.025856,0x40533c,1,790,397,393
401,5,100,9,16,16,19023.553496,19023.578969,0.025473,0x40533c,1,540,277,263
401,5,100,10,16,16,19023.553483,19023.578839,0.025356,0x40533c,1,647,307,340
401,5,100,11,16,16,19023.553893,19023.578635,0.024742,0x40533c,1,744,344,400
401,5,100,12,16,16,19023.553439,19023.573858,0.020419,0x40533c,1,70,47,23
401,5,100,13,16,16,19023.553511,19023.573605,0.020094,0x40533c,1,62,39,23
401,5,100,14,16,16,19023.553382,19023.573379,0.019997,0x40533c,1,77,40,37
401,5,100,15,16,16,19023.553364,19023.573456,0.020092,0x40533c,1,66,45,21
798,2,200,0,16,16,37110.524363,37295.316444,59.044721,0x4051ce,1,6929042,3820462,3108580
798,2,200,1,16,16,37110.523535,37295.306810,64.488387,0x4051ce,1,7999501,4641165,3358336
798,2,200,2,16,16,37110.524694,37295.370560,66.548113,0x4051ce,1,7985152,5210172,2774980
798,2,200,3,16,16,37110.522163,37295.395325,70.158555,0x4051ce,1,7869771,5855361,2014410
798,2,200,4,16,16,37110.522135,37297.659051,182.812834,0x4051ce,1,21772325,16980300,4792025
798,2,200,5,16,16,37110.522912,37297.639626,181.333029,0x4051ce,1,21887139,16753849,5133290
798,2,200,6,16,16,37110.522829,37297.538603,172.766244,0x4051ce,1,20541735,16152270,4389465
798,2,200,7,16,16,37110.522594,37297.658995,183.257419,0x4051ce,1,22041838,17231665,4810173
798,2,200,8,16,16,37110.524965,37297.552999,182.965582,0x4051ce,1,22129658,16821732,5307926
798,2,200,9,16,16,37110.522761,37297.548791,174.079200,0x4051ce,1,20392255,16625777,3766478
798,2,200,10,16,16,37110.522779,37297.629843,181.163879,0x4051ce,1,21765147,17346264,4418883
798,2,200,11,16,16,37110.523659,37297.636519,181.767343,0x4051ce,1,21691641,17212558,4479083
798,2,200,12,16,16,37110.524510,37295.413581,70.128020,0x4051ce,1,7836379,6088093,1748286
798,2,200,13,16,16,37110.522267,37295.460938,73.107235,0x4051ce,1,7838785,6666928,1171857
798,2,200,14,16,16,37110.522173,37295.463152,73.092775,0x4051ce,1,7835922,6618470,1217452
798,2,200,15,16,16,37110.522026,37295.447920,71.427194,0x4051ce,1,7629063,6418451,1210612
799,3,200,0,16,16,37297.731294,37297.858421,0.127127,0x405218,1,5992,3485,2507
799,3,200,1,16,16,37297.731699,37297.862859,0.131160,0x405218,1,5472,3332,2140
799,3,200,2,16,16,37297.731538,37297.886303,0.154765,0x405218,1,6322,4748,1574
799,3,200,3,16,16,37297.731850,37297.893810,0.161960,0x405218,1,5632,4677,955
799,3,200,4,16,16,37297.732163,37298.035620,0.303457,0x405218,1,12358,8672,3686
799,3,200,5,16,16,37297.732487,37298.027838,0.295351,0x405218,1,12491,8488,4003
799,3,200,6,16,16,37297.732642,37298.022701,0.290059,0x405218,1,12174,8679,3495
799,3,200,7,16,16,37297.732936,37298.037688,0.304752,0x405218,1,12431,8939,3492
799,3,200,8,16,16,37297.732644,37298.006572,0.273928,0x405218,1,12473,7571,4902
799,3,200,9,16,16,37297.731982,37298.015893,0.283911,0x405218,1,12180,8806,3374
799,3,200,10,16,16,37297.732211,37298.021120,0.288909,0x405218,1,12564,8894,3670
799,3,200,11,16,16,37297.732014,37298.023958,0.291944,0x405218,1,12375,8921,3454
799,3,200,12,16,16,37297.731174,37297.887298,0.156124,0x405218,1,5081,3913,1168
799,3,200,13,16,16,37297.731435,37297.889116,0.157681,0x405218,1,5098,4172,926
799,3,200,14,16,16,37297.731625,37297.890263,0.158638,0x405218,1,4949,3999,950
799,3,200,15,16,16,37297.731126,37297.885634,0.154508,0x405218,1,4320,3776,544
800,4,200,0,16,16,37298.214868,37298.245802,0.030934,0x4052e4,1,2039,1445,594
800,4,200,1,16,16,37298.212992,37298.236045,0.023053,0x4052e4,1,183,150,33
800,4,200,2,16,16,37298.213219,37298.236382,0.023163,0x4052e4,1,255,193,62
800,4,200,3,16,16,37298.212994,37298.236231,0.023237,0x4052e4,1,123,63,60
800,4,200,4,16,16,37298.212568,37298.236889,0.024321,0x4052e4,1,294,232,62
800,4,200,5,16,16,37298.212731,37298.237918,0.025187,0x4052e4,1,350,289,61
800,4,200,6,16,16,37298.212691,37298.237051,0.024360,0x4052e4,1,367,312,55
800,4,200,7,16,16,37298.212879,37298.237749,0.024870,0x4052e4,1,374,314,60
800,4,200,8,16,16,37298.213356,37298.239282,0.025926,0x4052e4,1,322,267,55
800,4,200,9,16,16,37298.213255,37298.238410,0.025155,0x4052e4,1,351,273,78
800,4,200,10,16,16,37298.212526,37298.236990,0.024464,0x4052e4,1,307,256,51
800,4,200,11,16,16,37298.213186,37298.237965,0.024779,0x4052e4,1,396,318,78
800,4,200,12,16,16,37298.212530,37298.234197,0.021667,0x4052e4,1,44,13,31
800,4,200,13,16,16,37298.212688,37298.234790,0.022102,0x4052e4,1,81,31,50
800,4,200,14,16,16,37298.212687,37298.234689,0.022002,0x4052e4,1,90,32,58
800,4,200,15,16,16,37298.212303,37298.234289,0.021986,0x4052e4,1,62,29,33
801,5,200,0,16,16,37298.285841,37298.307814,0.021973,0x40533c,1,38,1,37
801,5,200,1,16,16,37298.285707,37298.309050,0.023343,0x40533c,1,91,49,42
801,5,200,2,16,16,37298.285830,37298.307974,0.022144,0x40533c,1,116,77,39
801,5,200,3,16,16,37298.285549,37298.307394,0.021845,0x40533c,1,106,61,45
801,5,200,4,16,16,37298.285757,37298.312828,0.027071,0x40533c,1,670,448,222
801,5,200,5,16,16,37298.285898,37298.314247,0.028349,0x40533c,1,644,389,255
801,5,200,6,16,16,37298.286026,37298.312662,0.026636,0x40533c,1,656,478,178
801,5,200,7,16,16,37298.285389,37298.312318,0.026929,0x40533c,1,756,404,352
801,5,200,8,16,16,37298.285364,37298.313704,0.028340,0x40533c,1,850,475,375
801,5,200,9,16,16,37298.285385,37298.312846,0.027461,0x40533c,1,603,327,276
801,5,200,10,16,16,37298.286018,37298.313133,0.027115,0x40533c,1,776,381,395
801,5,200,11,16,16,37298.285471,37298.312185,0.026714,0x40533c,1,740,351,389
801,5,200,12,16,16,37298.285418,37298.307237,0.021819,0x40533c,1,43,9,34
801,5,200,13,16,16,37298.285573,37298.308391,0.022818,0x40533c,1,35,9,26
801,5,200,14,16,16,37298.285776,37298.308009,0.022233,0x40533c,1,82,49,33
801,5,200,15,16,16,37298.285994,37298.308272,0.022278,0x40533c,1,63,41,22
1198,2,300,0,16,16,55626.760346,55807.616949,58.953290,0x4051ce,1,6928004,3812777,3115227
1198,2,300,1,16,16,55626.757554,55807.615599,64.670464,0x4051ce,1,8000788,4631913,3368875
1198,2,300,2,16,16,55626.758428,55807.671222,66.472639,0x4051ce,1,7985451,5202857,2782594
1198,2,300,3,16,16,55626.757334,55807.701145,69.998470,0x4051ce,1,7871202,5863034,2008168
1198,2,300,4,16,16,55626.757506,55809.943938,181.856832,0x4051ce,1,21769418,16962702,4806716
1198,2,300,5,16,16,55626.757767,55809.920693,180.057588,0x4051ce,1,21880030,16697258,5182772
1198,2,300,6,16,16,55626.757630,55809.813256,172.443006,0x4051ce,1,20536179,16158484,4377695
1198,2,300,7,16,16,55626.757775,55809.944712,182.308454,0x4051ce,1,22036553,17197535,4839018
1198,2,300,8,16,16,55626.760419,55809.888840,179.569566,0x4051ce,1,22054884,16828833,5226051
1198,2,300,9,16,16,55626.757773,55809.822201,173.892908,0x4051ce,1,20394947,16586877,3808070
1198,2,300,10,16,16,55626.757848,55809.911846,181.235262,0x4051ce,1,21762760,17358440,4404320
1198,2,300,11,16,16,55626.758028,55809.905210,180.109957,0x4051ce,1,21689037,17133907,4555130
1198,2,300,12,16,16,55626.757430,55807.713793,70.006614,0x4051ce,1,7832608,6117445,1715163
1198,2,300,13,16,16,55626.757295,55807.773379,73.039402,0x4051ce,1,7841009,6656402,1184607
1198,2,300,14,16,16,55626.757097,55807.773302,72.742738,0x4051ce,1,7830644,6606364,1224280
1198,2,300,15,16,16,55626.757153,55807.766272,71.263346,0x4051ce,1,7633338,6420808,1212530
1199,3,300,0,16,16,55810.028797,55810.147967,0.119170,0x405218,1,5993,3400,2593
1199,3,300,1,16,16,55810.029294,55810.148754,0.119460,0x405218,1,5469,3068,2401
1199,3,300,2,16,16,55810.028845,55810.178228,0.149383,0x405218,1,6376,4460,1916
1199,3,300,3,16,16,55810.029082,55810.180296,0.151214,0x405218,1,5636,4634,1002
1199,3,300,4,16,16,55810.029833,55810.322142,0.292309,0x405218,1,12320,8911,3409
1199,3,300,5,16,16,55810.029858,55810.311269,0.281411,0x405218,1,12552,8268,4284
1199,3,300,6,16,16,55810.030011,55810.311690,0.281679,0x405218,1,12172,8605,3567
1199,3,300,7,16,16,55810.029483,55810.324703,0.295220,0x405218,1,12445,8713,3732
1199,3,300,8,16,16,55810.029294,55810.311742,0.282448,0x405218,1,12558,8529,4029
1199,3,300,9,16,16,55810.029417,55810.308400,0.278983,0x405218,1,12259,8717,3542
1199,3,300,10,16,16,55810.029946,55810.299379,0.269433,0x405218,1,12540,8916,3624
1199,3,300,11,16,16,55810.029289,55810.316316,0.287027,0x405218,1,12345,8684,3661
1199,3,300,12,16,16,55810.028497,55810.171999,0.143502,0x405218,1,5069,3832,1237
1199,3,300,13,16,16,55810.028915,55810.181813,0.152898,0x405218,1,5206,4231,975
1199,3,300,14,16,16,55810.028828,55810.180030,0.151202,0x405218,1,5006,3965,1041
1199,3,300,15,16,16,55810.028789,55810.176911,0.148122,0x405218,1,4319,3728,591
1200,4,300,0,16,16,55810.510797,55810.539957,0.029160,0x4052e4,1,2075,1498,577
1200,4,300,1,16,16,55810.509204,55810.531097,0.021893,0x4052e4,1,190,147,43
1200,4,300,2,16,16,55810.508958,55810.530445,0.021487,0x4052e4,1,239,183,56
1200,4,300,3,16,16,55810.508690,55810.530354,0.021664,0x4052e4,1,105,57,48
1200,4,300,4,16,16,55810.509512,55810.533244,0.023732,0x4052e4,1,301,235,66
1200,4,300,5,16,16,55810.509283,55810.532360,0.023077,0x4052e4,1,317,255,62
1200,4,300,6,16,16,55810.509376,55810.532736,0.023360,0x4052e4,1,336,280,56
1200,4,300,7,16,16,55810.508939,55810.532817,0.023878,0x4052e4,1,417,347,70
1200,4,300,8,16,16,55810.508787,55810.532309,0.023522,0x4052e4,1,410,338,72
1200,4,300,9,16,16,55810.509017,55810.532078,0.023061,0x4052e4,1,322,261,61
1200,4,300,10,16,16,55810.508697,55810.531277,0.022580,0x4052e4,1,344,277,67
1200,4,300,11,16,16,55810.508936,55810.531644,0.022708,0x4052e4,1,388,313,75
1200,4,300,12,16,16,55810.508427,55810.528479,0.020052,0x4052e4,1,54,19,35
1200,4,300,13,16,16,55810.508556,55810.528674,0.020118,0x4052e4,1,103,51,52
1200,4,300,14,16,16,55810.508615,55810.529012,0.020397,0x4052e4,1,81,31,50
1200,4,300,15,16,16,55810.508535,55810.528755,0.020220,0x4052e4,1,77,28,49
1201,5,300,0,16,16,55810.568657,55810.590104,0.021447,0x40533c,1,30,8,22
1201,5,300,1,16,16,55810.568705,55810.589077,0.020372,0x40533c,1,85,53,32
1201,5,300,2,16,16,55810.568421,55810.589179,0.020758,0x40533c,1,95,63,32
1201,5,300,3,16,16,55810.568768,55810.589235,0.020467,0x40533c,1,97,60,37
1201,5,300,4,16,16,55810.568756,55810.594088,0.025332,0x40533c,1,716,477,239
1201,5,300,5,16,16,55810.568540,55810.593694,0.025154,0x40533c,1,530,285,245
1201,5,300,6,16,16,55810.568507,55810.593105,0.024598,0x40533c,1,657,441,216
1201,5,300,7,16,16,55810.568649,55810.594947,0.026298,0x40533c,1,622,343,279
1201,5,300,8,16,16,55810.568391,55810.593487,0.025096,0x40533c,1,803,390,413
1201,5,300,9,16,16,55810.569100,55810.595607,0.026507,0x40533c,1,556,268,288
1201,5,300,10,16,16,55810.568389,55810.593338,0.024949,0x40533c,1,773,358,415
1201,5,300,11,16,16,55810.568372,55810.594603,0.026231,0x40533c,1,756,312,444
1201,5,300,12,16,16,55810.568092,55810.588141,0.020049,0x40533c,1,48,28,20
1201,5,300,13,16,16,55810.568874,55810.588984,0.020110,0x40533c,1,114,93,21
1201,5,300,14,16,16,55810.568246,55810.588377,0.020131,0x40533c,1,86,49,37
1201,5,300,15,16,16,55810.568289,55810.588506,0.020217,0x40533c,1,58,36,22
1598,2,400,0,16,16,74074.238573,74253.512706,58.863810,0x4051ce,1,6937395,3791395,3146000
1598,2,400,1,16,16,74074.235060,74253.505815,63.785127,0x4051ce,1,8005757,4568458,3437299
1598,2,400,2,16,16,74074.235559,74253.562825,66.105891,0x4051ce,1,7985998,5157463,2828535
1598,2,400,3,16,16,74074.235009,74253.602180,69.856044,0x4051ce,1,7871027,5847208,2023819
1598,2,400,4,16,16,74074.235134,74255.828929,180.070224,0x4051ce,1,21617129,16860003,4757126
1598,2,400,5,16,16,74074.235471,74255.811662,178.977246,0x4051ce,1,21729307,16606036,5123271
1598,2,400,6,16,16,74074.235272,74255.700716,170.510972,0x4051ce,1,20389631,16080122,4309509
1598,2,400,7,16,16,74074.237521,74255.822064,180.042900,0x4051ce,1,21881606,17097169,4784437
1598,2,400,8,16,16,74074.235060,74255.773803,177.290680,0x4051ce,1,21889150,16710736,5178414
1598,2,400,9,16,16,74074.235279,74255.700580,171.997472,0x4051ce,1,20262170,16511148,3751022
1598,2,400,10,16,16,74074.238866,74255.782158,179.107530,0x4051ce,1,21612723,17252641,4360082
1598,2,400,11,16,16,74074.235319,74255.782918,178.161993,0x4051ce,1,21525437,17032631,4492806
1598,2,400,12,16,16,74074.238854,74253.608198,69.606397,0x4051ce,1,7822766,6096165,1726601
1598,2,400,13,16,16,74074.235032,74253.670439,72.728280,0x4051ce,1,7832915,6661941,1170974
1598,2,400,14,16,16,74074.234802,74253.660956,72.503535,0x4051ce,1,7834073,6598933,1235140
1598,2,400,15,16,16,74074.234985,74253.653767,70.940440,0x4051ce,1,7624630,6420590,1204040
1599,3,400,0,16,16,74255.929908,74256.053205,0.123297,0x405218,1,5966,3334,2632
1599,3,400,1,16,16,74255.930207,74256.054831,0.124624,0x405218,1,5440,3130,2310
1599,3,400,2,16,16,74255.929564,74256.073519,0.143955,0x405218,1,6319,4501,1818
1599,3,400,3,16,16,74255.929809,74256.079532,0.149723,0x405218,1,5650,4621,1029
1599,3,400,4,16,16,74255.929914,74256.216088,0.286174,0x405218,1,12323,8735,3588
1599,3,400,5,16,16,74255.930744,74256.210069,0.279325,0x405218,1,12463,8184,4279
1599,3,400,6,16,16,74255.930340,74256.211556,0.281216,0x405218,1,12137,8741,3396
1599,3,400,7,16,16,74255.929788,74256.222097,0.292309,0x405218,1,12431,8692,3739
1599,3,400,8,16,16,74255.930314,74256.210541,0.280227,0x405218,1,12466,8300,4166
1599,3,400,9,16,16,74255.930580,74256.207818,0.277238,0x405218,1,12160,8894,3266
1599,3,400,10,16,16,74255.930292,74256.208086,0.277794,0x405218,1,12503,8683,3820
1599,3,400,11,16,16,74255.930517,74256.215869,0.285352,0x405218,1,12234,8763,3471
1599,3,400,12,16,16,74255.930101,74256.077464,0.147363,0x405218,1,5106,3858,1248
1599,3,400,13,16,16,74255.930095,74256.081547,0.151452,0x405218,1,5141,4225,916
1599,3,400,14,16,16,74255.929600,74256.083703,0.154103,0x405218,1,5004,3994,1010
1599,3,400,15,16,16,74255.929715,74256.075529,0.145814,0x405218,1,4334,3689,645
1600,4,400,0,16,16,74256.396597,74256.427211,0.030614,0x4052e4,1,2026,1472,554
1600,4,400,1,16,16,74256.394206,74256.416211,0.022005,0x4052e4,1,188,152,36
1600,4,400,2,16,16,74256.394128,74256.416373,0.022245,0x4052e4,1,271,221,50
1600,4,400,3,16,16,74256.394482,74256.414975,0.020493,0x4052e4,1,84,48,36
1600,4,400,4,16,16,74256.394403,74256.417229,0.022826,0x4052e4,1,289,226,63
1600,4,400,5,16,16,74256.394117,74256.417879,0.023762,0x4052e4,1,321,257,64
1600,4,400,6,16,16,74256.394314,74256.417700,0.023386,0x4052e4,1,340,282,58
1600,4,400,7,16,16,74256.394123,74256.417997,0.023874,0x4052e4,1,365,305,60
1600,4,400,8,16,16,74256.393895,74256.417256,0.023361,0x4052e4,1,348,282,66
1600,4,400,9,16,16,74256.394081,74256.417049,0.022968,0x4052e4,1,328,272,56
1600,4,400,10,16,16,74256.394013,74256.418058,0.024045,0x4052e4,1,394,325,69
1600,4,400,11,16,16,74256.394072,74256.417465,0.023393,0x4052e4,1,395,330,65
1600,4,400,12,16,16,74256.393714,74256.413897,0.020183,0x4052e4,1,43,3,40
1600,4,400,13,16,16,74256.393819,74256.414181,0.020362,0x4052e4,1,95,46,49
1600,4,400,14,16,16,74256.394112,74256.416140,0.022028,0x4052e4,1,78,32,46
1600,4,400,15,16,16,74256.393811,74256.413954,0.020143,0x4052e4,1,63,33,30
1601,5,400,0,16,16,74256.456496,74256.477474,0.020978,0x40533c,1,36,9,27
1601,5,400,1,16,16,74256.456424,74256.477725,0.021301,0x40533c,1,58,27,31
1601,5,400,2,16,16,74256.455905,74256.476481,0.020576,0x40533c,1,72,47,25
1601,5,400,3,16,16,74256.455874,74256.475936,0.020062,0x40533c,1,75,38,37
1601,5,400,4,16,16,74256.455876,74256.480918,0.025042,0x40533c,1,735,502,233
1601,5,400,5,16,16,74256.456203,74256.482587,0.026384,0x40533c,1,625,376,249
1601,5,400,6,16,16,74256.456342,74256.481795,0.025453,0x40533c,1,619,417,202
1601,5,400,7,16,16,74256.456094,74256.481946,0.025852,0x40533c,1,726,360,366
1601,5,400,8,16,16,74256.456027,74256.481297,0.025270,0x40533c,1,819,396,423
1601,5,400,9,16,16,74256.455958,74256.482057,0.026099,0x40533c,1,574,283,291
1601,5,400,10,16,16,74256.456001,74256.482739,0.026738,0x40533c,1,773,352,421
1601,5,400,11,16,16,74256.455982,74256.481716,0.025734,0x40533c,1,788,346,442
1601,5,400,12,16,16,74256.456177,74256.476883,0.020706,0x40533c,1,50,9,41
1601,5,400,13,16,16,74256.455686,74256.475932,0.020246,0x40533c,1,94,73,21
1601,5,400,14,16,16,74256.456141,74256.476225,0.020084,0x40533c,1,74,44,30
1601,5,400,15,16,16,74256.455765,74256.475666,0.019901,0x40533c,1,79,57,22
1998,2,500,0,16,16,92315.853972,92490.758127,58.115144,0x4051ce,1,6929615,3712472,3217143
1998,2,500,1,16,16,92315.854913,92490.741688,62.711230,0x4051ce,1,8015652,4457187,3558465
1998,2,500,2,16,16,92315.852600,92490.809495,65.194714,0x4051ce,1,7990138,5082598,2907540
1998,2,500,3,16,16,92315.852656,92490.848489,69.080363,0x4051ce,1,7868643,5826615,2042028
1998,2,500,4,16,16,92315.852851,92493.002192,175.696358,0x4051ce,1,21166066,16448371,4717695
1998,2,500,5,16,16,92315.852870,92492.988199,175.187448,0x4051ce,1,21280941,16219840,5061101
1998,2,500,6,16,16,92315.852666,92492.870878,166.863850,0x4051ce,1,19981259,15629789,4351470
1998,2,500,7,16,16,92315.854999,92493.001490,176.459693,0x4051ce,1,21436197,16674046,4762151
1998,2,500,8,16,16,92315.852860,92492.948858,173.121562,0x4051ce,1,21440281,16294069,5146212
1998,2,500,9,16,16,92315.852661,92492.892486,167.954274,0x4051ce,1,19851572,16122181,3729391
1998,2,500,10,16,16,92315.852743,92492.978578,175.279381,0x4051ce,1,21147490,16903796,4243694
1998,2,500,11,16,16,92315.852983,92492.970273,174.028917,0x4051ce,1,21062558,16658372,4404186
1998,2,500,12,16,16,92315.852567,92490.856618,69.304122,0x4051ce,1,7831911,6124914,1706997
1998,2,500,13,16,16,92315.852549,92490.910077,72.218393,0x4051ce,1,7837015,6656632,1180383
1998,2,500,14,16,16,92315.852658,92490.919728,72.053174,0x4051ce,1,7830395,6613010,1217385
1998,2,500,15,16,16,92315.852783,92490.896379,70.328374,0x4051ce,1,7629949,6404984,1224965
1999,3,500,0,16,16,92493.073808,92493.185715,0.111907,0x405218,1,5983,3285,2698
1999,3,500,1,16,16,92493.073978,92493.192581,0.118603,0x405218,1,5437,2963,2474
1999,3,500,2,16,16,92493.073682,92493.213288,0.139606,0x405218,1,6298,4434,1864
1999,3,500,3,16,16,92493.074037,92493.227455,0.153418,0x405218,1,5727,4605,1122
1999,3,500,4,16,16,92493.074448,92493.359653,0.285205,0x405218,1,12196,8585,3611
1999,3,500,5,16,16,92493.074357,92493.354018,0.279661,0x405218,1,12396,7997,4399
1999,3,500,6,16,16,92493.074190,92493.344858,0.270668,0x405218,1,12069,8311,3758
1999,3,500,7,16,16,92493.074694,92493.366157,0.291463,0x405218,1,12411,8830,3581
1999,3,500,8,16,16,92493.075060,92493.351455,0.276395,0x405218,1,12432,8263,4169
1999,3,500,9,16,16,92493.074704,92493.343933,0.269229,0x405218,1,12046,8386,3660
1999,3,500,10,16,16,92493.074847,92493.350493,0.275646,0x405218,1,12459,8687,3772
1999,3,500,11,16,16,92493.074881,92493.355817,0.280936,0x405218,1,12166,8810,3356
1999,3,500,12,16,16,92493.073839,92493.216909,0.143070,0x405218,1,5151,3775,1376
1999,3,500,13,16,16,92493.073860,92493.220924,0.147064,0x405218,1,5151,4211,940
1999,3,500,14,16,16,92493.074073,92493.226836,0.152763,0x405218,1,5016,4045,971
1999,3,500,15,16,16,92493.073872,92493.223304,0.149432,0x405218,1,4435,3850,585
2000,4,500,0,16,16,92493.539973,92493.569036,0.029063,0x4052e4,1,2040,1428,612
2000,4,500,1,16,16,92493.538322,92493.559495,0.021173,0x4052e4,1,135,109,26
2000,4,500,2,16,16,92493.537849,92493.559184,0.021335,0x4052e4,1,272,219,53
2000,4,500,3,16,16,92493.537804,92493.558225,0.020421,0x4052e4,1,102,57,45
2000,4,500,4,16,16,92493.537934,92493.560483,0.022549,0x4052e4,1,291,229,62
2000,4,500,5,16,16,92493.537941,92493.560868,0.022927,0x4052e4,1,324,271,53
2000,4,500,6,16,16,92493.538507,92493.563016,0.024509,0x4052e4,1,343,290,53
2000,4,500,7,16,16,92493.538439,92493.562866,0.024427,0x4052e4,1,450,387,63
2000,4,500,8,16,16,92493.538155,92493.561427,0.023272,0x4052e4,1,325,260,65
2000,4,500,9,16,16,92493.538613,92493.561849,0.023236,0x4052e4,1,325,273,52
2000,4,500,10,16,16,92493.538797,92493.562537,0.023740,0x4052e4,1,364,308,56
2000,4,500,11,16,16,92493.537886,92493.561246,0.023360,0x4052e4,1,456,387,69
2000,4,500,12,16,16,92493.537683,92493.558310,0.020627,0x4052e4,1,46,12,34
2000,4,500,13,16,16,92493.537662,92493.557981,0.020319,0x4052e4,1,89,50,39
2000,4,500,14,16,16,92493.538251,92493.559410,0.021159,0x4052e4,1,83,36,47
2000,4,500,15,16,16,92493.537703,92493.558097,0.020394,0x4052e4,1,76,27,49
2001,5,500,0,16,16,92493.606789,92493.627376,0.020587,0x40533c,1,33,0,33
2001,5,500,1,16,16,92493.607123,92493.627244,0.020121,0x40533c,1,58,33,25
2001,5,500,2,16,16,92493.606919,92493.628480,0.021561,0x40533c,1,51,33,18
2001,5,500,3,16,16,92493.606511,92493.626597,0.020086,0x40533c,1,78,48,30
2001,5,500,4,16,16,92493.607470,92493.634141,0.026671,0x40533c,1,820,520,300
2001,5,500,5,16,16,92493.606984,92493.633422,0.026438,0x40533c,1,770,445,325
2001,5,500,6,16,16,92493.606829,92493.632949,0.026120,0x40533c,1,823,531,292
2001,5,500,7,16,16,92493.606727,92493.635184,0.028457,0x40533c,1,809,402,407
2001,5,500,8,16,16,92493.606614,92493.634265,0.027651,0x40533c,1,890,462,428
2001,5,500,9,16,16,92493.606603,92493.633355,0.026752,0x40533c,1,716,406,310
2001,5,500,10,16,16,92493.606706,92493.633209,0.026503,0x40533c,1,903,462,441
2001,5,500,11,16,16,92493.606652,92493.633004,0.026352,0x40533c,1,973,446,527
2001,5,500,12,16,16,92493.606358,92493.626717,0.020359,0x40533c,1,71,44,27
2001,5,500,13,16,16,92493.606285,92493.626489,0.020204,0x40533c,1,102,83,19
2001,5,500,14,16,16,92493.606324,92493.626648,0.020324,0x40533c,1,95,72,23
2001,5,500,15,16,16,92493.606328,92493.626567,0.020239,0x40533c,1,54,36,18
2398,2,600,0,16,16,109847.510846,110013.400721,56.453111,0x4051ce,1,6928749,3565186,3363563
2398,2,600,1,16,16,109847.508701,110013.376787,60.970830,0x4051ce,1,8043878,4251030,3792848
2398,2,600,2,16,16,109847.509173,110013.451633,63.931328,0x4051ce,1,8013912,4957900,3056012
2398,2,600,3,16,16,109847.508615,110013.488228,67.920633,0x4051ce,1,7874704,5786129,2088575
2398,2,600,4,16,16,109847.508724,110015.424468,166.360314,0x4051ce,1,19816752,15209287,4607465
2398,2,600,5,16,16,109847.509016,110015.411126,164.980932,0x4051ce,1,19940138,14969959,4970179
2398,2,600,6,16,16,109847.509139,110015.297368,157.676145,0x4051ce,1,18885608,14378740,4506868
2398,2,600,7,16,16,109847.509346,110015.412072,166.397974,0x4051ce,1,20119396,15427215,4692181
2398,2,600,8,16,16,109847.508814,110015.370390,163.646286,0x4051ce,1,20133452,15107937,5025515
2398,2,600,9,16,16,109847.512067,110015.308544,159.157306,0x4051ce,1,18772274,14938390,3833884
2398,2,600,10,16,16,109847.508777,110015.389808,165.140164,0x4051ce,1,19861132,15675183,4185949
2398,2,600,11,16,16,109847.508996,110015.383151,165.014363,0x4051ce,1,19784204,15495042,4289162
2398,2,600,12,16,16,109847.508716,110013.496526,67.975563,0x4051ce,1,7827782,6102011,1725771
2398,2,600,13,16,16,109847.510412,110013.551122,70.939109,0x4051ce,1,7837606,6657757,1179849
2398,2,600,14,16,16,109847.508517,110013.556545,70.777132,0x4051ce,1,7833788,6602913,1230875
2398,2,600,15,16,16,109847.508517,110013.534852,69.135566,0x4051ce,1,7632094,6408708,1223386
2399,3,600,0,16,16,110015.509454,110015.628145,0.118691,0x405218,1,6083,3231,2852
2399,3,600,1,16,16,110015.509476,110015.625466,0.115990,0x405218,1,5430,2765,2665
2399,3,600,2,16,16,110015.509503,110015.647718,0.138215,0x405218,1,6307,4139,2168
2399,3,600,3,16,16,110015.509421,110015.664472,0.155051,0x405218,1,5660,4572,1088
2399,3,600,4,16,16,110015.509592,110015.782378,0.272786,0x405218,1,11921,8145,3776
2399,3,600,5,16,16,110015.510242,110015.777222,0.266980,0x405218,1,12140,7915,4225
2399,3,600,6,16,16,110015.510204,110015.775205,0.265001,0x405218,1,11885,8188,3697
2399,3,600,7,16,16,110015.510036,110015.786028,0.275992,0x405218,1,12028,8483,3545
2399,3,600,8,16,16,110015.509680,110015.769559,0.259879,0x405218,1,12174,8060,4114
2399,3,600,9,16,16,110015.510171,110015.767978,0.257807,0x405218,1,11833,8350,3483
2399,3,600,10,16,16,110015.509485,110015.772746,0.263261,0x405218,1,12136,8278,3858
2399,3,600,11,16,16,110015.510206,110015.782167,0.271961,0x405218,1,11881,8597,3284
2399,3,600,12,16,16,110015.508944,110015.659857,0.150913,0x405218,1,5075,3880,1195
2399,3,600,13,16,16,110015.509158,110015.657700,0.148542,0x405218,1,5137,4145,992
2399,3,600,14,16,16,110015.509645,110015.655913,0.146268,0x405218,1,4986,3984,1002
2399,3,600,15,16,16,110015.508943,110015.650116,0.141173,0x405218,1,4348,3709,639
2400,4,600,0,16,16,110015.976593,110016.007075,0.030482,0x4052e4,1,2112,1452,660
2400,4,600,1,16,16,110015.975316,110015.996583,0.021267,0x4052e4,1,133,106,27
2400,4,600,2,16,16,110015.974875,110015.996162,0.021287,0x4052e4,1,223,174,49
2400,4,600,3,16,16,110015.974900,110015.995392,0.020492,0x4052e4,1,95,54,41
2400,4,600,4,16,16,110015.975111,110015.997946,0.022835,0x4052e4,1,267,215,52
2400,4,600,5,16,16,110015.975298,110015.998866,0.023568,0x4052e4,1,271,219,52
2400,4,600,6,16,16,110015.975479,110015.998607,0.023128,0x4052e4,1,311,258,53
2400,4,600,7,16,16,110015.974992,110015.998547,0.023555,0x4052e4,1,516,448,68
2400,4,600,8,16,16,110015.974592,110015.998141,0.023549,0x4052e4,1,354,287,67
2400,4,600,9,16,16,110015.975392,110015.998826,0.023434,0x4052e4,1,390,323,67
2400,4,600,10,16,16,110015.974803,110015.998382,0.023579,0x4052e4,1,427,357,70
2400,4,600,11,16,16,110015.974731,110015.998255,0.023524,0x4052e4,1,392,328,64
2400,4,600,12,16,16,110015.974528,110015.994635,0.020107,0x4052e4,1,56,11,45
2400,4,600,13,16,16,110015.974933,110015.997464,0.022531,0x4052e4,1,117,69,48
2400,4,600,14,16,16,110015.974445,110015.994977,0.020532,0x4052e4,1,83,29,54
2400,4,600,15,16,16,110015.974420,110015.994467,0.020047,0x4052e4,1,76,39,37
2401,5,600,0,16,16,110016.036060,110016.057970,0.021910,0x40533c,1,33,0,33
2401,5,600,1,16,16,110016.036020,110016.059144,0.023124,0x40533c,1,103,63,40
2401,5,600,2,16,16,110016.036072,110016.058556,0.022484,0x40533c,1,81,48,33
2401,5,600,3,16,16,110016.035647,110016.057281,0.021634,0x40533c,1,108,71,37
2401,5,600,4,16,16,110016.036249,110016.063355,0.027106,0x40533c,1,680,429,251
2401,5,600,5,16,16,110016.035917,110016.063657,0.027740,0x40533c,1,691,408,283
2401,5,600,6,16,16,110016.036191,110016.063133,0.026942,0x40533c,1,705,469,236
2401,5,600,7,16,16,110016.035863,110016.063456,0.027593,0x40533c,1,660,306,354
2401,5,600,8,16,16,110016.036124,110016.063093,0.026969,0x40533c,1,777,379,398
2401,5,600,9,16,16,110016.035784,110016.063589,0.027805,0x40533c,1,579,291,288
2401,5,600,10,16,16,110016.036343,110016.064067,0.027724,0x40533c,1,832,398,434
2401,5,600,11,16,16,110016.035698,110016.062975,0.027277,0x40533c,1,870,397,473
2401,5,600,12,16,16,110016.035659,110016.057458,0.021799,0x40533c,1,81,44,37
2401,5,600,13,16,16,110016.036073,110016.058913,0.022840,0x40533c,1,93,67,26
2401,5,600,14,16,16,110016.035590,110016.057528,0.021938,0x40533c,1,52,23,29
2401,5,600,15,16,16,110016.035742,110016.057614,0.021872,0x40533c,1,44,18,26
2798,2,700,0,16,16,126381.644418,126539.053501,55.763172,0x4051ce,1,6935587,3495046,3440541
2798,2,700,1,16,16,126381.640002,126539.005810,59.707811,0x4051ce,1,8055522,4118540,3936982
2798,2,700,2,16,16,126381.639900,126539.081465,62.792376,0x4051ce,1,8019704,4869580,3150124
2798,2,700,3,16,16,126381.639856,126539.127416,67.131325,0x4051ce,1,7878490,5759232,2119258
2798,2,700,4,16,16,126381.639933,126540.879147,157.638497,0x4051ce,1,18776422,14183095,4593327
2798,2,700,5,16,16,126381.640412,126540.867303,156.011667,0x4051ce,1,18902511,13956537,4945974
2798,2,700,6,16,16,126381.640295,126540.767097,149.112636,0x4051ce,1,17984572,13321613,4662959
2798,2,700,7,16,16,126381.640502,126540.886079,157.013850,0x4051ce,1,18986845,14477276,4509569
2798,2,700,8,16,16,126381.640320,126540.831589,153.947329,0x4051ce,1,18977799,14160600,4817199
2798,2,700,9,16,16,126381.640285,126540.782728,150.114654,0x4051ce,1,17872953,13910768,3962185
2798,2,700,10,16,16,126381.639840,126540.857220,156.737130,0x4051ce,1,18878863,14642341,4236522
2798,2,700,11,16,16,126381.640497,126540.853113,155.405504,0x4051ce,1,18781437,14377450,4403987
2798,2,700,12,16,16,126381.639612,126539.149950,67.332281,0x4051ce,1,7826834,6107190,1719644
2798,2,700,13,16,16,126381.639691,126539.197821,70.184685,0x4051ce,1,7833802,6661426,1172376
2798,2,700,14,16,16,126381.639504,126539.199048,70.046688,0x4051ce,1,7831859,6608857,1223002
2798,2,700,15,16,16,126381.639642,126539.196669,68.372902,0x4051ce,1,7629154,6411635,1217519
2799,3,700,0,16,16,126540.978799,126541.090835,0.112036,0x405218,1,6104,3076,3028
2799,3,700,1,16,16,126540.979332,126541.086944,0.107612,0x405218,1,5387,2476,2911
2799,3,700,2,16,16,126540.979198,126541.121776,0.142578,0x405218,1,6250,4085,2165
2799,3,700,3,16,16,126540.978791,126541.132449,0.153658,0x405218,1,5670,4589,1081
2799,3,700,4,16,16,126540.979572,126541.246801,0.267229,0x405218,1,11667,7940,3727
2799,3,700,5,16,16,126540.979767,126541.240305,0.260538,0x405218,1,11915,7559,4356
2799,3,700,6,16,16,126540.979423,126541.236529,0.257106,0x405218,1,11638,7943,3695
2799,3,700,7,16,16,126540.979733,126541.248938,0.269205,0x405218,1,11856,8286,3570
2799,3,700,8,16,16,126540.979249,126541.233761,0.254512,0x405218,1,11911,7759,4152
2799,3,700,9,16,16,126540.979349,126541.233576,0.254227,0x405218,1,11589,7957,3632
2799,3,700,10,16,16,126540.979393,126541.234600,0.255207,0x405218,1,11940,8266,3674
2799,3,700,11,16,16,126540.979480,126541.239696,0.260216,0x405218,1,11677,8232,3445
2799,3,700,12,16,16,126540.978731,126541.129481,0.150750,0x405218,1,5064,3825,1239
2799,3,700,13,16,16,126540.978961,126541.134205,0.155244,0x405218,1,5143,4184,959
2799,3,700,14,16,16,126540.978796,126541.128608,0.149812,0x405218,1,5004,3958,1046
2799,3,700,15,16,16,126540.978701,126541.118269,0.139568,0x405218,1,4345,3703,642
2800,4,700,0,16,16,126541.425372,126541.454397,0.029025,0x4052e4,1,1994,1352,642
2800,4,700,1,16,16,126541.423908,126541.444706,0.020798,0x4052e4,1,162,135,27
2800,4,700,2,16,16,126541.424021,126541.444994,0.020973,0x4052e4,1,190,145,45
2800,4,700,3,16,16,126541.423568,126541.443954,0.020386,0x4052e4,1,101,60,41
2800,4,700,4,16,16,126541.424439,126541.447861,0.023422,0x4052e4,1,272,204,68
2800,4,700,5,16,16,126541.424191,126541.447449,0.023258,0x4052e4,1,268,223,45
2800,4,700,6,16,16,126541.423896,126541.446637,0.022741,0x4052e4,1,284,230,54
2800,4,700,7,16,16,126541.423910,126541.448328,0.024418,0x4052e4,1,428,360,68
2800,4,700,8,16,16,126541.423880,126541.448607,0.024727,0x4052e4,1,329,263,66
2800,4,700,9,16,16,126541.423630,126541.447387,0.023757,0x4052e4,1,461,394,67
2800,4,700,10,16,16,126541.424059,126541.448673,0.024614,0x4052e4,1,381,324,57
2800,4,700,11,16,16,126541.423812,126541.446885,0.023073,0x4052e4,1,398,333,65
2800,4,700,12,16,16,126541.423615,126541.444081,0.020466,0x4052e4,1,43,8,35
2800,4,700,13,16,16,126541.424170,126541.445313,0.021143,0x4052e4,1,124,73,51
2800,4,700,14,16,16,126541.424013,126541.444585,0.020572,0x4052e4,1,86,48,38
2800,4,700,15,16,16,126541.423424,126541.443574,0.020150,0x4052e4,1,84,37,47
2801,5,700,0,16,16,126541.483572,126541.505644,0.022072,0x40533c,1,27,4,23
2801,5,700,1,16,16,126541.483477,126541.506249,0.022772,0x40533c,1,47,20,27
2801,5,700,2,16,16,126541.482924,126541.504741,0.021817,0x40533c,1,94,73,21
2801,5,700,3,16,16,126541.483351,126541.504938,0.021587,0x40533c,1,70,40,30
2801,5,700,4,16,16,126541.484195,126541.511509,0.027314,0x40533c,1,611,387,224
2801,5,700,5,16,16,126541.483212,126541.510102,0.026890,0x40533c,1,575,325,250
2801,5,700,6,16,16,126541.483373,126541.510932,0.027559,0x40533c,1,729,521,208
2801,5,700,7,16,16,126541.483275,126541.510301,0.027026,0x40533c,1,760,388,372
2801,5,700,8,16,16,126541.483156,126541.510234,0.027078,0x40533c,1,747,361,386
2801,5,700,9,16,16,126541.483267,126541.511153,0.027886,0x40533c,1,599,302,297
2801,5,700,10,16,16,126541.483264,126541.511080,0.027816,0x40533c,1,806,374,432
2801,5,700,11,16,16,126541.483900,126541.511563,0.027663,0x40533c,1,895,440,455
2801,5,700,12,16,16,126541.482937,126541.504733,0.021796,0x40533c,1,58,30,28
2801,5,700,13,16,16,126541.483164,126541.504884,0.021720,0x40533c,1,93,73,20
2801,5,700,14,16,16,126541.482868,126541.504660,0.021792,0x40533c,1,106,81,25
2801,5,700,15,16,16,126541.482808,126541.504316,0.021508,0x40533c,1,53,27,26
3198,2,800,0,16,16,142383.023892,142535.521778,55.287261,0x4051ce,1,6937332,3443512,3493820
3198,2,800,1,16,16,142383.022627,142535.482209,58.818922,0x4051ce,1,8067479,4031339,4036140
3198,2,800,2,16,16,142383.022783,142535.551992,62.154754,0x4051ce,1,8028159,4804676,3223483
3198,2,800,3,16,16,142383.022401,142535.602055,66.715945,0x4051ce,1,7882173,5736086,2146087
3198,2,800,4,16,16,142383.022863,142537.249844,153.033146,0x4051ce,1,18232065,13663626,4568439
3198,2,800,5,16,16,142383.022843,142537.237103,151.144766,0x4051ce,1,18324512,13407230,4917282
3198,2,800,6,16,16,142383.022774,142537.115765,144.126857,0x4051ce,1,17440441,12747529,4692912
3198,2,800,7,16,16,142383.022779,142537.256618,153.014950,0x4051ce,1,18395290,13963935,4431355
3198,2,800,8,16,16,142383.022645,142537.208930,150.394757,0x4051ce,1,18401654,13653915,4747739
3198,2,800,9,16,16,142383.022829,142537.157406,146.443818,0x4051ce,1,17345874,13340238,4005636
3198,2,800,10,16,16,142383.022670,142537.224122,151.418559,0x4051ce,1,18308834,14052869,4255965
3198,2,800,11,16,16,142383.022718,142537.222110,150.963238,0x4051ce,1,18244145,13847629,4396516
3198,2,800,12,16,16,142383.022308,142535.623216,67.105975,0x4051ce,1,7826532,6141180,1685352
3198,2,800,13,16,16,142383.022245,142535.690383,69.915547,0x4051ce,1,7831275,6674559,1156716
3198,2,800,14,16,16,142383.022339,142535.685518,69.669412,0x4051ce,1,7832106,6607728,1224378
3198,2,800,15,16,16,142383.022227,142535.671790,68.032873,0x4051ce,1,7627825,6409893,1217932
3199,3,800,0,16,16,142537.343712,142537.453844,0.110132,0x405218,1,5984,2982,3002
3199,3,800,1,16,16,142537.344361,142537.447246,0.102885,0x405218,1,5419,2395,3024
3199,3,800,2,16,16,142537.344216,142537.480596,0.136380,0x405218,1,6311,4100,2211
3199,3,800,3,16,16,142537.344284,142537.491397,0.147113,0x405218,1,5715,4576,1139
3199,3,800,4,16,16,142537.344642,142537.605091,0.260449,0x405218,1,11548,7812,3736
3199,3,800,5,16,16,142537.344687,142537.599004,0.254317,0x405218,1,11809,7467,4342
3199,3,800,6,16,16,142537.344765,142537.593027,0.248262,0x405218,1,11475,7687,3788
3199,3,800,7,16,16,142537.344960,142537.612862,0.267902,0x405218,1,11677,8266,3411
3199,3,800,8,16,16,142537.344872,142537.593469,0.248597,0x405218,1,11757,7563,4194
3199,3,800,9,16,16,142537.344991,142537.590733,0.245742,0x405218,1,11407,7851,3556
3199,3,800,10,16,16,142537.344164,142537.592808,0.248644,0x405218,1,11824,8087,3737
3199,3,800,11,16,16,142537.344978,142537.603386,0.258408,0x405218,1,11550,8142,3408
3199,3,800,12,16,16,142537.344056,142537.483182,0.139126,0x405218,1,5161,3831,1330
3199,3,800,13,16,16,142537.343678,142537.494166,0.150488,0x405218,1,5177,4229,948
3199,3,800,14,16,16,142537.343574,142537.495463,0.151889,0x405218,1,5003,4088,915
3199,3,800,15,16,16,142537.343676,142537.482751,0.139075,0x405218,1,4374,3777,597
3200,4,800,0,16,16,142537.786458,142537.822756,0.036298,0x4052e4,1,2032,1318,714
3200,4,800,1,16,16,142537.784577,142537.808227,0.023650,0x4052e4,1,178,136,42
3200,4,800,2,16,16,142537.784236,142537.807540,0.023304,0x4052e4,1,236,189,47
3200,4,800,3,16,16,142537.784093,142537.806201,0.022108,0x4052e4,1,100,57,43
3200,4,800,4,16,16,142537.784139,142537.812453,0.028314,0x4052e4,1,323,222,101
3200,4,800,5,16,16,142537.784558,142537.810623,0.026065,0x4052e4,1,356,274,82
3200,4,800,6,16,16,142537.784840,142537.812171,0.027331,0x4052e4,1,343,287,56
3200,4,800,7,16,16,142537.784516,142537.811698,0.027182,0x4052e4,1,471,406,65
3200,4,800,8,16,16,142537.784394,142537.811972,0.027578,0x4052e4,1,362,285,77
3200,4,800,9,16,16,142537.784359,142537.812692,0.028333,0x4052e4,1,477,412,65
3200,4,800,10,16,16,142537.784519,142537.813570,0.029051,0x4052e4,1,481,398,83
3200,4,800,11,16,16,142537.784074,142537.811314,0.027240,0x4052e4,1,465,369,96
3200,4,800,12,16,16,142537.784055,142537.806594,0.022539,0x4052e4,1,56,24,32
3200,4,800,13,16,16,142537.784077,142537.807292,0.023215,0x4052e4,1,110,62,48
3200,4,800,14,16,16,142537.784193,142537.806673,0.022480,0x4052e4,1,83,38,45
3200,4,800,15,16,16,142537.784440,142537.806967,0.022527,0x4052e4,1,65,34,31
3201,5,800,0,16,16,142537.867263,142537.887889,0.020626,0x40533c,1,40,2,38
3201,5,800,1,16,16,142537.866512,142537.886553,0.020041,0x40533c,1,109,67,42
3201,5,800,2,16,16,142537.866714,142537.886662,0.019948,0x40533c,1,77,39,38
3201,5,800,3,16,16,142537.866608,142537.886917,0.020309,0x40533c,1,84,45,39
3201,5,800,4,16,16,142537.866640,142537.891752,0.025112,0x40533c,1,379,245,134
3201,5,800,5,16,16,142537.866901,142537.891967,0.025066,0x40533c,1,611,312,299
3201,5,800,6,16,16,142537.866957,142537.893008,0.026051,0x40533c,1,524,337,187
3201,5,800,7,16,16,142537.866714,142537.891926,0.025212,0x40533c,1,569,191,378
3201,5,800,8,16,16,142537.866655,142537.892414,0.025759,0x40533c,1,527,204,323
3201,5,800,9,16,16,142537.867272,142537.893420,0.026148,0x40533c,1,576,263,313
3201,5,800,10,16,16,142537.866916,142537.892869,0.025953,0x40533c,1,450,167,283
3201,5,800,11,16,16,142537.866751,142537.892162,0.025411,0x40533c,1,563,174,389
3201,5,800,12,16,16,142537.866307,142537.886698,0.020391,0x40533c,1,82,54,28
3201,5,800,13,16,16,142537.866351,142537.886484,0.020133,0x40533c,1,91,70,21
3201,5,800,14,16,16,142537.866847,142537.887716,0.020869,0x40533c,1,53,29,24
3201,5,800,15,16,16,142537.866267,142537.886341,0.020074,0x40533c,1,52,38,14
3598,2,900,0,16,16,157794.221028,157942.894137,54.879078,0x4051ce,1,6935476,3402062,3533414
3598,2,900,1,16,16,157794.220351,157942.826269,58.263278,0x4051ce,1,8065727,3969869,4095858
3598,2,900,2,16,16,157794.220402,157942.936001,61.750694,0x4051ce,1,8032451,4764482,3267969
3598,2,900,3,16,16,157794.220093,157942.942812,66.581552,0x4051ce,1,7887248,5729693,2157555
3598,2,900,4,16,16,157794.220549,157944.525938,148.857861,0x4051ce,1,17692385,13167803,4524582
3598,2,900,5,16,16,157794.220341,157944.505702,147.100878,0x4051ce,1,17806316,12879984,4926332
3598,2,900,6,16,16,157794.220565,157944.392671,141.013816,0x4051ce,1,16954148,12210288,4743860
3598,2,900,7,16,16,157794.220878,157944.523223,149.389898,0x4051ce,1,17873565,13477710,4395855
3598,2,900,8,16,16,157794.220243,157944.475897,146.417323,0x4051ce,1,17870285,13130957,4739328
3598,2,900,9,16,16,157794.220592,157944.423855,142.287185,0x4051ce,1,16844033,12813457,4030576
3598,2,900,10,16,16,157794.220328,157944.485455,147.696071,0x4051ce,1,17778790,13580609,4198181
3598,2,900,11,16,16,157794.220275,157944.497875,147.188774,0x4051ce,1,17677814,13360278,4317536
3598,2,900,12,16,16,157794.220114,157942.989045,66.898177,0x4051ce,1,7834806,6144987,1689819
3598,2,900,13,16,16,157794.220097,157943.043690,69.726991,0x4051ce,1,7837071,6675919,1161152
3598,2,900,14,16,16,157794.220111,157943.044039,69.441735,0x4051ce,1,7833398,6615403,1217995
3598,2,900,15,16,16,157794.219989,157943.030169,67.769173,0x4051ce,1,7628125,6414060,1214065
3599,3,900,0,16,16,157944.591688,157944.696190,0.104502,0x405218,1,6107,2932,3175
3599,3,900,1,16,16,157944.592771,157944.692865,0.100094,0x405218,1,5418,2271,3147
3599,3,900,2,16,16,157944.591972,157944.722286,0.130314,0x405218,1,6341,4058,2283
3599,3,900,3,16,16,157944.592318,157944.738248,0.145930,0x405218,1,5674,4499,1175
3599,3,900,4,16,16,157944.593143,157944.847626,0.254483,0x405218,1,11381,7759,3622
3599,3,900,5,16,16,157944.592797,157944.845557,0.252760,0x405218,1,11648,7331,4317
3599,3,900,6,16,16,157944.592849,157944.843315,0.250466,0x405218,1,11352,7505,3847
3599,3,900,7,16,16,157944.592018,157944.857538,0.265520,0x405218,1,11491,8000,3491
3599,3,900,8,16,16,157944.592674,157944.839894,0.247220,0x405218,1,11699,7692,4007
3599,3,900,9,16,16,157944.592725,157944.838370,0.245645,0x405218,1,11270,7716,3554
3599,3,900,10,16,16,157944.592463,157944.839638,0.247175,0x405218,1,11622,7927,3695
3599,3,900,11,16,16,157944.592409,157944.844943,0.252534,0x405218,1,11427,8014,3413
3599,3,900,12,16,16,157944.591344,157944.736336,0.144992,0x405218,1,5101,3800,1301
3599,3,900,13,16,16,157944.591646,157944.744129,0.152483,0x405218,1,5172,4213,959
3599,3,900,14,16,16,157944.592078,157944.744575,0.152497,0x405218,1,4990,4000,990
3599,3,900,15,16,16,157944.591466,157944.731198,0.139732,0x405218,1,4376,3763,613
3600,4,900,0,16,16,157945.035458,157945.064683,0.029225,0x4052e4,1,2145,1440,705
3600,4,900,1,16,16,157945.033611,157945.054538,0.020927,0x4052e4,1,165,111,54
3600,4,900,2,16,16,157945.032957,157945.053809,0.020852,0x4052e4,1,218,178,40
3600,4,900,3,16,16,157945.032913,157945.053575,0.020662,0x4052e4,1,108,58,50
3600,4,900,4,16,16,157945.033784,157945.057150,0.023366,0x4052e4,1,304,239,65
3600,4,900,5,16,16,157945.033472,157945.056113,0.022641,0x4052e4,1,306,237,69
3600,4,900,6,16,16,157945.033858,157945.057383,0.023525,0x4052e4,1,289,245,44
3600,4,900,7,16,16,157945.033670,157945.057786,0.024116,0x4052e4,1,500,431,69
3600,4,900,8,16,16,157945.033057,157945.056286,0.023229,0x4052e4,1,356,286,70
3600,4,900,9,16,16,157945.033723,157945.057605,0.023882,0x4052e4,1,386,334,52
3600,4,900,10,16,16,157945.033215,157945.056512,0.023297,0x4052e4,1,357,292,65
3600,4,900,11,16,16,157945.033614,157945.057210,0.023596,0x4052e4,1,383,327,56
3600,4,900,12,16,16,157945.033021,157945.053533,0.020512,0x4052e4,1,46,2,44
3600,4,900,13,16,16,157945.033009,157945.054196,0.021187,0x4052e4,1,101,49,52
3600,4,900,14,16,16,157945.033088,157945.053625,0.020537,0x4052e4,1,92,39,53
3600,4,900,15,16,16,157945.032881,157945.053153,0.020272,0x4052e4,1,63,31,32
3601,5,900,0,16,16,157945.103980,157945.125314,0.021334,0x40533c,1,21,0,21
3601,5,900,1,16,16,157945.103410,157945.123536,0.020126,0x40533c,1,79,55,24
3601,5,900,2,16,16,157945.103325,157945.123685,0.020360,0x40533c,1,104,45,59
3601,5,900,3,16,16,157945.103875,157945.123919,0.020044,0x40533c,1,70,48,22
3601,5,900,4,16,16,157945.103897,157945.128975,0.025078,0x40533c,1,620,370,250
3601,5,900,5,16,16,157945.103716,157945.129587,0.025871,0x40533c,1,615,364,251
3601,5,900,6,16,16,157945.103734,157945.128776,0.025042,0x40533c,1,728,485,243
3601,5,900,7,16,16,157945.103425,157945.128463,0.025038,0x40533c,1,700,358,342
3601,5,900,8,16,16,157945.103284,157945.128585,0.025301,0x40533c,1,677,325,352
3601,5,900,9,16,16,157945.103195,157945.128110,0.024915,0x40533c,1,536,299,237
3601,5,900,10,16,16,157945.104276,157945.129374,0.025098,0x40533c,1,807,456,351
3601,5,900,11,16,16,157945.103684,157945.129729,0.026045,0x40533c,1,827,410,417
3601,5,900,12,16,16,157945.103141,157945.123318,0.020177,0x40533c,1,26,0,26
3601,5,900,13,16,16,157945.103164,157945.123476,0.020312,0x40533c,1,90,72,18
3601,5,900,14,16,16,157945.103288,157945.123391,0.020103,0x40533c,1,92,61,31
3601,5,900,15,16,16,157945.103213,157945.123241,0.020028,0x40533c,1,36,21,15
3998,2,1000,0,16,16,172789.317198,172931.275349,54.079684,0x4051ce,1,6932590,3353333,3579257
3998,2,1000,1,16,16,172789.316394,172931.223443,57.251181,0x4051ce,1,8073922,3891173,4182749
3998,2,1000,2,16,16,172789.316336,172931.308443,60.809382,0x4051ce,1,8035951,4704821,3331130
3998,2,1000,3,16,16,172789.316176,172931.360692,65.849336,0x4051ce,1,7885551,5706507,2179044
3998,2,1000,4,16,16,172789.316599,172932.774996,142.304157,0x4051ce,1,16985023,12476939,4508084
3998,2,1000,5,16,16,172789.316441,172932.772992,141.415795,0x4051ce,1,17099814,12219164,4880650
3998,2,1000,6,16,16,172789.316663,172932.662761,134.620097,0x4051ce,1,16280321,11535873,4744448
3998,2,1000,7,16,16,172789.316400,172932.784890,142.621528,0x4051ce,1,17165772,12778448,4387324
3998,2,1000,8,16,16,172789.316742,172932.753094,140.374017,0x4051ce,1,17167984,12471655,4696329
3998,2,1000,9,16,16,172789.316542,172932.690253,136.444564,0x4051ce,1,16175982,12116736,4059246
3998,2,1000,10,16,16,172789.316302,172932.761678,141.275096,0x4051ce,1,17059588,12849969,4209619
3998,2,1000,11,16,16,172789.316426,172932.757894,141.500597,0x4051ce,1,16974702,12676353,4298349
3998,2,1000,12,16,16,172789.316101,172931.397808,66.194556,0x4051ce,1,7827174,6113556,1713618
3998,2,1000,13,16,16,172789.316034,172931.437697,69.055534,0x4051ce,1,7834014,6686484,1147530
3998,2,1000,14,16,16,172789.316092,172931.438933,68.949578,0x4051ce,1,7831402,6617429,1213973
3998,2,1000,15,16,16,172789.316197,172931.431699,67.304072,0x4051ce,1,7625896,6430041,1195855
3999,3,1000,0,16,16,172932.865204,172932.974484,0.109280,0x405218,1,5983,2867,3116
3999,3,1000,1,16,16,172932.865668,172932.964449,0.098781,0x405218,1,5402,2212,3190
3999,3,1000,2,16,16,172932.865867,172932.997203,0.131336,0x405218,1,6314,3982,2332
3999,3,1000,3,16,16,172932.865669,172933.018409,0.152740,0x405218,1,5688,4578,1110
3999,3,1000,4,16,16,172932.865529,172933.116662,0.251133,0x405218,1,11168,7603,3565
3999,3,1000,5,16,16,172932.865985,172933.114004,0.248019,0x405218,1,11487,7346,4141
3999,3,1000,6,16,16,172932.865935,172933.096631,0.230696,0x405218,1,11134,7323,3811
3999,3,1000,7,16,16,172932.865845,172933.124345,0.258500,0x405218,1,11326,7924,3402
3999,3,1000,8,16,16,172932.866075,172933.101037,0.234962,0x405218,1,11451,7240,4211
3999,3,1000,9,16,16,172932.866151,172933.104085,0.237934,0x405218,1,11105,7513,3592
3999,3,1000,10,16,16,172932.866255,172933.102312,0.236057,0x405218,1,11425,7757,3668
3999,3,1000,11,16,16,172932.865666,172933.114900,0.249234,0x405218,1,11220,8019,3201
3999,3,1000,12,16,16,172932.865142,172933.013138,0.147996,0x405218,1,5096,3798,1298
3999,3,1000,13,16,16,172932.865309,172933.018933,0.153624,0x405218,1,5173,4199,974
3999,3,1000,14,16,16,172932.865407,172933.018283,0.152876,0x405218,1,4982,4018,964
3999,3,1000,15,16,16,172932.865273,172933.013299,0.148026,0x405218,1,4371,3707,664
4000,4,1000,0,16,16,172933.310657,172933.338656,0.027999,0x4052e4,1,2123,1445,678
4000,4,1000,1,16,16,172933.309116,172933.330759,0.021643,0x4052e4,1,135,105,30
4000,4,1000,2,16,16,172933.308584,172933.329517,0.020933,0x4052e4,1,256,199,57
4000,4,1000,3,16,16,172933.308457,172933.328917,0.020460,0x4052e4,1,96,54,42
4000,4,1000,4,16,16,172933.309123,172933.331841,0.022718,0x4052e4,1,303,249,54
4000,4,1000,5,16,16,172933.308797,172933.331455,0.022658,0x4052e4,1,307,248,59
4000,4,1000,6,16,16,172933.308951,172933.332286,0.023335,0x4052e4,1,278,232,46
4000,4,1000,7,16,16,172933.308740,172933.332605,0.023865,0x4052e4,1,449,385,64
4000,4,1000,8,16,16,172933.308475,172933.331954,0.023479,0x4052e4,1,351,276,75
4000,4,1000,9,16,16,172933.308570,172933.332020,0.023450,0x4052e4,1,465,418,47
4000,4,1000,10,16,16,172933.308602,172933.332342,0.023740,0x4052e4,1,370,309,61
4000,4,1000,11,16,16,172933.308388,172933.331790,0.023402,0x4052e4,1,411,331,80
4000,4,1000,12,16,16,172933.308914,172933.328889,0.019975,0x4052e4,1,39,2,37
4000,4,1000,13,16,16,172933.308789,172933.330836,0.022047,0x4052e4,1,98,53,45
4000,4,1000,14,16,16,172933.308418,172933.328684,0.020266,0x4052e4,1,95,39,56
4000,4,1000,15,16,16,172933.308439,172933.328559,0.020120,0x4052e4,1,66,33,33
4001,5,1000,0,16,16,172933.368221,172933.388378,0.020157,0x40533c,1,31,4,27
4001,5,1000,1,16,16,172933.368479,172933.388585,0.020106,0x40533c,1,78,45,33
4001,5,1000,2,16,16,172933.368548,172933.388855,0.020307,0x40533c,1,74,30,44
4001,5,1000,3,16,16,172933.368375,172933.388207,0.019832,0x40533c,1,65,42,23
4001,5,1000,4,16,16,172933.368415,172933.392972,0.024557,0x40533c,1,632,390,242
4001,5,1000,5,16,16,172933.368480,172933.394279,0.025799,0x40533c,1,603,351,252
4001,5,1000,6,16,16,172933.368765,172933.394217,0.025452,0x40533c,1,766,517,249
4001,5,1000,7,16,16,172933.368144,172933.392920,0.024776,0x40533c,1,671,355,316
4001,5,1000,8,16,16,172933.368103,172933.392834,0.024731,0x40533c,1,699,311,388
4001,5,1000,9,16,16,172933.368853,172933.393799,0.024946,0x40533c,1,653,295,358
4001,5,1000,10,16,16,172933.368140,172933.393174,0.025034,0x40533c,1,782,376,406
4001,5,1000,11,16,16,172933.367907,172933.393018,0.025111,0x40533c,1,826,377,449
4001,5,1000,12,16,16,172933.367816,172933.387832,0.020016,0x40533c,1,31,4,27
4001,5,1000,13,16,16,172933.367939,172933.387947,0.020008,0x40533c,1,89,66,23
4001,5,1000,14,16,16,172933.368036,172933.388346,0.020310,0x40533c,1,85,66,19
4001,5,1000,15,16,16,172933.367991,172933.389867,0.021876,0x40533c,1,59,42,17
4398,2,1100,0,16,16,186848.769533,186980.950897,53.876058,0x4051ce,1,6929268,3280640,3648628
4398,2,1100,1,16,16,186848.768092,186980.890159,56.800886,0x4051ce,1,8096657,3790211,4306446
4398,2,1100,2,16,16,186848.767906,186980.965855,60.412137,0x4051ce,1,8061619,4634666,3426953
4398,2,1100,3,16,16,186848.767515,186981.012494,65.431370,0x4051ce,1,7893722,5677784,2215938
4398,2,1100,4,16,16,186848.767586,186982.203957,132.235953,0x4051ce,1,15735360,11237471,4497889
4398,2,1100,5,16,16,186848.767937,186982.187805,130.859146,0x4051ce,1,15843416,10958017,4885399
4398,2,1100,6,16,16,186848.767987,186982.102303,125.230362,0x4051ce,1,15174754,10422968,4751786
4398,2,1100,7,16,16,186848.767838,186982.202134,132.415053,0x4051ce,1,15898182,11545792,4352390
4398,2,1100,8,16,16,186848.767945,186982.158747,130.470456,0x4051ce,1,15914741,11280285,4634456
4398,2,1100,9,16,16,186848.767704,186982.125504,126.557618,0x4051ce,1,15076337,11000642,4075695
4398,2,1100,10,16,16,186848.767841,186982.189616,131.602686,0x4051ce,1,15808493,11624687,4183806
4398,2,1100,11,16,16,186848.768250,186982.170029,130.694265,0x4051ce,1,15732929,11370706,4362223
4398,2,1100,12,16,16,186848.769640,186981.062364,66.026533,0x4051ce,1,7845286,6167316,1677970
4398,2,1100,13,16,16,186848.767229,186981.104075,68.475244,0x4051ce,1,7842998,6718976,1124022
4398,2,1100,14,16,16,186848.767380,186981.102396,68.119924,0x4051ce,1,7839840,6634388,1205452
4398,2,1100,15,16,16,186848.767362,186981.097182,66.689691,0x4051ce,1,7639052,6446231,1192821
4399,3,1100,0,16,16,186982.277976,186982.382868,0.104892,0x405218,1,6092,2824,3268
4399,3,1100,1,16,16,186982.278469,186982.366396,0.087927,0x405218,1,5375,2140,3235
4399,3,1100,2,16,16,186982.278009,186982.411887,0.133878,0x405218,1,6285,3849,2436
4399,3,1100,3,16,16,186982.278655,186982.422817,0.144162,0x405218,1,5643,4519,1124
4399,3,1100,4,16,16,186982.279192,186982.514920,0.235728,0x405218,1,10775,7265,3510
4399,3,1100,5,16,16,186982.278810,186982.508428,0.229618,0x405218,1,11051,6986,4065
4399,3,1100,6,16,16,186982.278804,186982.496625,0.217821,0x405218,1,10722,6687,4035
4399,3,1100,7,16,16,186982.278616,186982.517512,0.238896,0x405218,1,10902,7370,3532
4399,3,1100,8,16,16,186982.279278,186982.505361,0.226083,0x405218,1,11080,7115,3965
4399,3,1100,9,16,16,186982.279105,186982.494346,0.215241,0x405218,1,10814,7125,3689
4399,3,1100,10,16,16,186982.278543,186982.505463,0.226920,0x405218,1,10964,7315,3649
4399,3,1100,11,16,16,186982.278980,186982.508940,0.229960,0x405218,1,10830,7574,3256
4399,3,1100,12,16,16,186982.277910,186982.424895,0.146985,0x405218,1,5119,3843,1276
4399,3,1100,13,16,16,186982.277950,186982.428802,0.150852,0x405218,1,5152,4187,965
4399,3,1100,14,16,16,186982.278220,186982.427941,0.149721,0x405218,1,4985,4042,943
4399,3,1100,15,16,16,186982.277954,186982.423523,0.145569,0x405218,1,4380,3768,612
4400,4,1100,0,16,16,186982.691538,186982.719638,0.028100,0x4052e4,1,2034,1313,721
4400,4,1100,1,16,16,186982.689772,186982.711191,0.021419,0x4052e4,1,143,109,34
4400,4,1100,2,16,16,186982.689531,186982.710526,0.020995,0x4052e4,1,229,179,50
4400,4,1100,3,16,16,186982.689258,186982.709484,0.020226,0x4052e4,1,90,61,29
4400,4,1100,4,16,16,186982.689315,186982.711999,0.022684,0x4052e4,1,284,239,45
4400,4,1100,5,16,16,186982.690154,186982.713384,0.023230,0x4052e4,1,315,239,76
4400,4,1100,6,16,16,186982.689945,186982.713179,0.023234,0x4052e4,1,303,252,51
4400,4,1100,7,16,16,186982.689430,186982.713020,0.023590,0x4052e4,1,415,339,76
4400,4,1100,8,16,16,186982.689326,186982.712013,0.022687,0x4052e4,1,316,251,65
4400,4,1100,9,16,16,186982.690125,186982.713753,0.023628,0x4052e4,1,373,306,67
4400,4,1100,10,16,16,186982.689685,186982.714574,0.024889,0x4052e4,1,400,335,65
4400,4,1100,11,16,16,186982.689289,186982.712207,0.022918,0x4052e4,1,357,293,64
4400,4,1100,12,16,16,186982.689667,186982.710576,0.020909,0x4052e4,1,56,12,44
4400,4,1100,13,16,16,186982.689315,186982.710407,0.021092,0x4052e4,1,116,71,45
4400,4,1100,14,16,16,186982.689549,186982.710294,0.020745,0x4052e4,1,75,31,44
4400,4,1100,15,16,16,186982.689315,186982.709571,0.020256,0x4052e4,1,55,30,25
4401,5,1100,0,16,16,186982.746970,186982.768115,0.021145,0x40533c,1,28,1,27
4401,5,1100,1,16,16,186982.747241,186982.767984,0.020743,0x40533c,1,69,48,21
4401,5,1100,2,16,16,186982.746860,186982.767108,0.020248,0x40533c,1,91,62,29
4401,5,1100,3,16,16,186982.746551,186982.766504,0.019953,0x40533c,1,58,32,26
4401,5,1100,4,16,16,186982.747015,186982.772005,0.024990,0x40533c,1,582,309,273
4401,5,1100,5,16,16,186982.746965,186982.771901,0.024936,0x40533c,1,667,369,298
4401,5,1100,6,16,16,186982.747216,186982.772467,0.025251,0x40533c,1,729,430,299
4401,5,1100,7,16,16,186982.747118,186982.772308,0.025190,0x40533c,1,586,290,296
4401,5,1100,8,16,16,186982.746591,186982.771450,0.024859,0x40533c,1,643,275,368
4401,5,1100,9,16,16,186982.746643,186982.772089,0.025446,0x40533c,1,521,243,278
4401,5,1100,10,16,16,186982.747421,186982.772399,0.024978,0x40533c,1,763,357,406
4401,5,1100,11,16,16,186982.747044,186982.771946,0.024902,0x40533c,1,814,371,443
4401,5,1100,12,16,16,186982.746358,186982.766439,0.020081,0x40533c,1,64,49,15
4401,5,1100,13,16,16,186982.747234,186982.767236,0.020002,0x40533c,1,88,66,22
4401,5,1100,14,16,16,186982.746684,186982.766654,0.019970,0x40533c,1,90,61,29
4401,5,1100,15,16,16,186982.746887,186982.766996,0.020109,0x40533c,1,47,30,17
4798,2,1200,0,16,16,200149.903105,200273.448297,52.880963,0x4051ce,1,6931213,3256647,3674566
4798,2,1200,1,16,16,200149.902102,200273.414665,56.048055,0x4051ce,1,8094308,3737388,4356920
4798,2,1200,2,16,16,200149.902136,200273.486675,59.709611,0x4051ce,1,8057375,4604271,3453104
4798,2,1200,3,16,16,200149.902108,200273.541359,64.697811,0x4051ce,1,7891046,5657573,2233473
4798,2,1200,4,16,16,200149.902172,200274.584721,123.725075,0x4051ce,1,15084027,10555270,4528757
4798,2,1200,5,16,16,200149.902616,200274.578294,122.439361,0x4051ce,1,15183636,10274769,4908867
4798,2,1200,6,16,16,200149.902734,200274.483193,116.875779,0x4051ce,1,14490992,9743850,4747142
4798,2,1200,7,16,16,200149.902466,200274.592522,123.845256,0x4051ce,1,15238485,10899844,4338641
4798,2,1200,8,16,16,200149.902494,200274.552042,121.858248,0x4051ce,1,15256254,10634113,4622141
4798,2,1200,9,16,16,200149.902252,200274.508771,118.266072,0x4051ce,1,14384562,10302534,4082028
4798,2,1200,10,16,16,200149.902249,200274.579737,122.783595,0x4051ce,1,15155777,10952362,4203415
4798,2,1200,11,16,16,200149.902427,200274.560612,122.643116,0x4051ce,1,15073858,10762823,4311035
4798,2,1200,12,16,16,200149.902011,200273.576298,65.262193,0x4051ce,1,7839590,6136995,1702595
4798,2,1200,13,16,16,200149.901693,200273.630096,67.837834,0x4051ce,1,7832862,6716331,1116531
4798,2,1200,14,16,16,200149.901894,200273.625918,67.412392,0x4051ce,1,7833199,6642771,1190428
4798,2,1200,15,16,16,200149.901846,200273.618918,66.324560,0x4051ce,1,7626526,6467555,1158971
4799,3,1200,0,16,16,200274.665699,200274.774249,0.108550,0x405218,1,5971,2762,3209
4799,3,1200,1,16,16,200274.665756,200274.760732,0.094976,0x405218,1,5373,2094,3279
4799,3,1200,2,16,16,200274.666340,200274.803121,0.136781,0x405218,1,6318,3927,2391
4799,3,1200,3,16,16,200274.666014,200274.816839,0.150825,0x405218,1,5649,4573,1076
4799,3,1200,4,16,16,200274.666175,200274.893799,0.227624,0x405218,1,10539,6696,3843
4799,3,1200,5,16,16,200274.666440,200274.894250,0.227810,0x405218,1,10818,6709,4109
4799,3,1200,6,16,16,200274.666792,200274.886894,0.220102,0x405218,1,10604,6625,3979
4799,3,1200,7,16,16,200274.666356,200274.901646,0.235290,0x405218,1,10719,7273,3446
4799,3,1200,8,16,16,200274.666382,200274.885730,0.219348,0x405218,1,10873,6829,4044
4799,3,1200,9,16,16,200274.666733,200274.882091,0.215358,0x405218,1,10505,6876,3629
4799,3,1200,10,16,16,200274.666682,200274.884957,0.218275,0x405218,1,10754,6676,4078
4799,3,1200,11,16,16,200274.665975,200274.898149,0.232174,0x405218,1,10681,7237,3444
4799,3,1200,12,16,16,200274.666043,200274.809419,0.143376,0x405218,1,5128,3758,1370
4799,3,1200,13,16,16,200274.665949,200274.820973,0.155024,0x405218,1,5151,4313,838
4799,3,1200,14,16,16,200274.666079,200274.814689,0.148610,0x405218,1,4986,4023,963
4799,3,1200,15,16,16,200274.665560,200274.811763,0.146203,0x405218,1,4434,3816,618
4800,4,1200,0,16,16,200275.078223,200275.108202,0.029979,0x4052e4,1,2129,1296,833
4800,4,1200,1,16,16,200275.076292,200275.098646,0.022354,0x4052e4,1,140,113,27
4800,4,1200,2,16,16,200275.076569,200275.097540,0.020971,0x4052e4,1,217,185,32
4800,4,1200,3,16,16,200275.075789,200275.096329,0.020540,0x4052e4,1,111,68,43
4800,4,1200,4,16,16,200275.076672,200275.100176,0.023504,0x4052e4,1,307,246,61
4800,4,1200,5,16,16,200275.076347,200275.099401,0.023054,0x4052e4,1,337,263,74
4800,4,1200,6,16,16,200275.076306,200275.099198,0.022892,0x4052e4,1,345,285,60
4800,4,1200,7,16,16,200275.076295,200275.099408,0.023113,0x4052e4,1,427,371,56
4800,4,1200,8,16,16,200275.075774,200275.098620,0.022846,0x4052e4,1,319,247,72
4800,4,1200,9,16,16,200275.076160,200275.099580,0.023420,0x4052e4,1,405,345,60
4800,4,1200,10,16,16,200275.076624,200275.100235,0.023611,0x4052e4,1,464,407,57
4800,4,1200,11,16,16,200275.076000,200275.099000,0.023000,0x4052e4,1,357,285,72
4800,4,1200,12,16,16,200275.075607,200275.095747,0.020140,0x4052e4,1,52,19,33
4800,4,1200,13,16,16,200275.075988,200275.097253,0.021265,0x4052e4,1,110,55,55
4800,4,1200,14,16,16,200275.075779,200275.096200,0.020421,0x4052e4,1,84,31,53
4800,4,1200,15,16,16,200275.075708,200275.095972,0.020264,0x4052e4,1,75,29,46
4801,5,1200,0,16,16,200275.149784,200275.170253,0.020469,0x40533c,1,32,4,28
4801,5,1200,1,16,16,200275.149523,200275.169757,0.020234,0x40533c,1,64,42,22
4801,5,1200,2,16,16,200275.149080,200275.169509,0.020429,0x40533c,1,94,59,35
4801,5,1200,3,16,16,200275.148925,200275.168975,0.020050,0x40533c,1,49,26,23
4801,5,1200,4,16,16,200275.149437,200275.174005,0.024568,0x40533c,1,616,332,284
4801,5,1200,5,16,16,200275.149187,200275.174291,0.025104,0x40533c,1,571,324,247
4801,5,1200,6,16,16,200275.149234,200275.174357,0.025123,0x40533c,1,655,393,262
4801,5,1200,7,16,16,200275.149683,200275.173717,0.024034,0x40533c,1,640,303,337
4801,5,1200,8,16,16,200275.148977,200275.174051,0.025074,0x40533c,1,623,232,391
4801,5,1200,9,16,16,200275.148848,200275.173660,0.024812,0x40533c,1,597,308,289
4801,5,1200,10,16,16,200275.148739,200275.173479,0.024740,0x40533c,1,645,305,340
4801,5,1200,11,16,16,200275.148705,200275.172848,0.024143,0x40533c,1,734,356,378
4801,5,1200,12,16,16,200275.148524,200275.168541,0.020017,0x40533c,1,46,15,31
4801,5,1200,13,16,16,200275.148929,200275.169218,0.020289,0x40533c,1,93,66,27
4801,5,1200,14,16,16,200275.148771,200275.168911,0.020140,0x40533c,1,73,48,25
4801,5,1200,15,16,16,200275.148784,200275.168706,0.019922,0x40533c,1,54,31,23
5198,2,1300,0,16,16,212449.783604,212565.262449,52.460553,0x4051ce,1,6929854,3200495,3729359
5198,2,1300,1,16,16,212449.782143,212565.212989,55.199023,0x4051ce,1,8102430,3669005,4433425
5198,2,1300,2,16,16,212449.782241,212565.294687,58.957964,0x4051ce,1,8059031,4565156,3493875
5198,2,1300,3,16,16,212449.782517,212565.335494,63.972404,0x4051ce,1,7896497,5643015,2253482
5198,2,1300,4,16,16,212449.782654,212566.200085,115.187911,0x4051ce,1,14190979,9620227,4570752
5198,2,1300,5,16,16,212449.782496,212566.210178,114.277358,0x4051ce,1,14296336,9446795,4849541
5198,2,1300,6,16,16,212449.782855,212566.097298,107.386313,0x4051ce,1,13560330,8853583,4706747
5198,2,1300,7,16,16,212449.782509,212566.210360,115.549020,0x4051ce,1,14356466,10056345,4300121
5198,2,1300,8,16,16,212449.782470,212566.169293,113.130867,0x4051ce,1,14364925,9743917,4621008
5198,2,1300,9,16,16,212449.782685,212566.124250,109.163639,0x4051ce,1,13457891,9441013,4016878
5198,2,1300,10,16,16,212449.782521,212566.194299,114.536569,0x4051ce,1,14255795,10106720,4149075
5198,2,1300,11,16,16,212449.782810,212566.174891,113.844683,0x4051ce,1,14185707,9878185,4307522
5198,2,1300,12,16,16,212449.785048,212565.382905,64.826969,0x4051ce,1,7838805,6172978,1665827
5198,2,1300,13,16,16,212449.781913,212565.431423,67.225310,0x4051ce,1,7831371,6736126,1095245
5198,2,1300,14,16,16,212449.782035,212565.419998,66.681269,0x4051ce,1,7833688,6649184,1184504
5198,2,1300,15,16,16,212449.782201,212565.418164,65.610653,0x4051ce,1,7627335,6463458,1163877
5199,3,1300,0,16,16,212566.275094,212566.375694,0.100600,0x405218,1,5991,2746,3245
5199,3,1300,1,16,16,212566.274586,212566.365014,0.090428,0x405218,1,5359,2091,3268
5199,3,1300,2,16,16,212566.274652,212566.405450,0.130798,0x405218,1,6263,3880,2383
5199,3,1300,3,16,16,212566.275166,212566.424976,0.149810,0x405218,1,5649,4506,1143
5199,3,1300,4,16,16,212566.275770,212566.489006,0.213236,0x405218,1,10268,6378,3890
5199,3,1300,5,16,16,212566.275705,212566.483375,0.207670,0x405218,1,10565,6287,4278
5199,3,1300,6,16,16,212566.275614,212566.478571,0.202957,0x405218,1,10243,6254,3989
5199,3,1300,7,16,16,212566.275629,212566.488923,0.213294,0x405218,1,10405,6801,3604
5199,3,1300,8,16,16,212566.275539,212566.485934,0.210395,0x405218,1,10557,6326,4231
5199,3,1300,9,16,16,212566.275040,212566.478898,0.203858,0x405218,1,10280,6643,3637
5199,3,1300,10,16,16,212566.275322,212566.475662,0.200340,0x405218,1,10461,6505,3956
5199,3,1300,11,16,16,212566.275213,212566.492703,0.217490,0x405218,1,10338,6749,3589
5199,3,1300,12,16,16,212566.274573,212566.418285,0.143712,0x405218,1,5079,3779,1300
5199,3,1300,13,16,16,212566.274999,212566.430067,0.155068,0x405218,1,5135,4220,915
5199,3,1300,14,16,16,212566.274576,212566.424016,0.149440,0x405218,1,4952,3685,1267
5199,3,1300,15,16,16,212566.274463,212566.421602,0.147139,0x405218,1,4441,3798,643
5200,4,1300,0,16,16,212566.677556,212566.706516,0.028960,0x4052e4,1,2120,1372,748
5200,4,1300,1,16,16,212566.675680,212566.696987,0.021307,0x4052e4,1,141,116,25
5200,4,1300,2,16,16,212566.675733,212566.698276,0.022543,0x4052e4,1,247,207,40
5200,4,1300,3,16,16,212566.675340,212566.695969,0.020629,0x4052e4,1,90,53,37
5200,4,1300,4,16,16,212566.675322,212566.698387,0.023065,0x4052e4,1,276,207,69
5200,4,1300,5,16,16,212566.675592,212566.697997,0.022405,0x4052e4,1,325,239,86
5200,4,1300,6,16,16,212566.675492,212566.698660,0.023168,0x4052e4,1,308,226,82
5200,4,1300,7,16,16,212566.675628,212566.698932,0.023304,0x4052e4,1,398,334,64
5200,4,1300,8,16,16,212566.675216,212566.697932,0.022716,0x4052e4,1,301,206,95
5200,4,1300,9,16,16,212566.675418,212566.699788,0.024370,0x4052e4,1,449,365,84
5200,4,1300,10,16,16,212566.675325,212566.699101,0.023776,0x4052e4,1,371,295,76
5200,4,1300,11,16,16,212566.675248,212566.698307,0.023059,0x4052e4,1,376,312,64
5200,4,1300,12,16,16,212566.675052,212566.695295,0.020243,0x4052e4,1,36,7,29
5200,4,1300,13,16,16,212566.675134,212566.696090,0.020956,0x4052e4,1,99,45,54
5200,4,1300,14,16,16,212566.675575,212566.696780,0.021205,0x4052e4,1,80,31,49
5200,4,1300,15,16,16,212566.674990,212566.695121,0.020131,0x4052e4,1,68,36,32
5201,5,1300,0,16,16,212566.735059,212566.756215,0.021156,0x40533c,1,29,2,27
5201,5,1300,1,16,16,212566.734716,212566.756100,0.021384,0x40533c,1,66,42,24
5201,5,1300,2,16,16,212566.734520,212566.754764,0.020244,0x40533c,1,77,47,30
5201,5,1300,3,16,16,212566.734917,212566.755161,0.020244,0x40533c,1,64,35,29
5201,5,1300,4,16,16,212566.734662,212566.758872,0.024210,0x40533c,1,600,283,317
5201,5,1300,5,16,16,212566.734700,212566.759330,0.024630,0x40533c,1,562,283,279
5201,5,1300,6,16,16,212566.734743,212566.759652,0.024909,0x40533c,1,520,266,254
5201,5,1300,7,16,16,212566.734865,212566.759586,0.024721,0x40533c,1,620,267,353
5201,5,1300,8,16,16,212566.734764,212566.759398,0.024634,0x40533c,1,611,197,414
5201,5,1300,9,16,16,212566.735400,212566.760252,0.024852,0x40533c,1,562,242,320
5201,5,1300,10,16,16,212566.735024,212566.760747,0.025723,0x40533c,1,543,209,334
5201,5,1300,11,16,16,212566.734835,212566.759469,0.024634,0x40533c,1,607,282,325
5201,5,1300,12,16,16,212566.734388,212566.754756,0.020368,0x40533c,1,34,9,25
5201,5,1300,13,16,16,212566.734519,212566.754502,0.019983,0x40533c,1,92,72,20
5201,5,1300,14,16,16,212566.734352,212566.754690,0.020338,0x40533c,1,62,36,26
5201,5,1300,15,16,16,212566.734256,212566.754235,0.019979,0x40533c,1,50,36,14
5598,2,1400,0,16,16,223992.223524,224102.448904,52.191904,0x4051ce,1,6923690,3155720,3767970
5598,2,1400,1,16,16,223992.222003,224102.379775,54.895605,0x4051ce,1,8114316,3598756,4515560
5598,2,1400,2,16,16,223992.225543,224102.452029,58.897251,0x4051ce,1,8074860,4528300,3546560
5598,2,1400,3,16,16,223992.221849,224102.518310,63.798638,0x4051ce,1,7900957,5618188,2282769
5598,2,1400,4,16,16,223992.222061,224103.249724,108.983850,0x4051ce,1,13592223,9018242,4573981
5598,2,1400,5,16,16,223992.222523,224103.262188,108.843434,0x4051ce,1,13699226,8863706,4835520
5598,2,1400,6,16,16,223992.223374,224103.176806,102.696505,0x4051ce,1,13032314,8344967,4687347
5598,2,1400,7,16,16,223992.222534,224103.260921,110.407288,0x4051ce,1,13734570,9485378,4249192
5598,2,1400,8,16,16,223992.222309,224103.234256,108.030615,0x4051ce,1,13733277,9225055,4508222
5598,2,1400,9,16,16,223992.222213,224103.198451,103.887426,0x4051ce,1,12935167,8962152,3973015
5598,2,1400,10,16,16,223992.222055,224103.264167,109.472560,0x4051ce,1,13660993,9597149,4063844
5598,2,1400,11,16,16,223992.222231,224103.239012,108.701627,0x4051ce,1,13580989,9341622,4239367
5598,2,1400,12,16,16,223992.221865,224102.571587,64.669151,0x4051ce,1,7839642,6170941,1668701
5598,2,1400,13,16,16,223992.222132,224102.606681,67.090267,0x4051ce,1,7833507,6759480,1074027
5598,2,1400,14,16,16,223992.221807,224102.599420,66.630822,0x4051ce,1,7831634,6660639,1170995
5598,2,1400,15,16,16,223992.221733,224102.595605,65.579399,0x4051ce,1,7630536,6487129,1143407
5599,3,1400,0,16,16,224103.338477,224103.442482,0.104005,0x405218,1,5995,2527,3468
5599,3,1400,1,16,16,224103.338562,224103.435363,0.096801,0x405218,1,5370,1991,3379
5599,3,1400,2,16,16,224103.338522,224103.478692,0.140170,0x405218,1,6219,3823,2396
5599,3,1400,3,16,16,224103.338969,224103.482518,0.143549,0x405218,1,5591,4152,1439
5599,3,1400,4,16,16,224103.339437,224103.555540,0.216103,0x405218,1,10066,6211,3855
5599,3,1400,5,16,16,224103.339248,224103.545737,0.206489,0x405218,1,10318,5870,4448
5599,3,1400,6,16,16,224103.339252,224103.540511,0.201259,0x405218,1,10109,6177,3932
5599,3,1400,7,16,16,224103.339082,224103.560400,0.221318,0x405218,1,10199,6562,3637
5599,3,1400,8,16,16,224103.338843,224103.545903,0.207060,0x405218,1,10340,5996,4344
5599,3,1400,9,16,16,224103.339140,224103.541495,0.202355,0x405218,1,10058,6241,3817
5599,3,1400,10,16,16,224103.338996,224103.545247,0.206251,0x405218,1,10288,6440,3848
5599,3,1400,11,16,16,224103.338758,224103.553092,0.214334,0x405218,1,10194,6577,3617
5599,3,1400,12,16,16,224103.338334,224103.488857,0.150523,0x405218,1,5020,3770,1250
5599,3,1400,13,16,16,224103.338427,224103.492754,0.154327,0x405218,1,5141,4220,921
5599,3,1400,14,16,16,224103.338510,224103.491573,0.153063,0x405218,1,4920,3688,1232
5599,3,1400,15,16,16,224103.338229,224103.480704,0.142475,0x405218,1,4359,3751,608
5600,4,1400,0,16,16,224103.731989,224103.761903,0.029914,0x4052e4,1,2043,1288,755
5600,4,1400,1,16,16,224103.729705,224103.752919,0.023214,0x4052e4,1,164,131,33
5600,4,1400,2,16,16,224103.729458,224103.752261,0.022803,0x4052e4,1,261,217,44
5600,4,1400,3,16,16,224103.729462,224103.751470,0.022008,0x4052e4,1,90,54,36
5600,4,1400,4,16,16,224103.729925,224103.754221,0.024296,0x4052e4,1,268,201,67
5600,4,1400,5,16,16,224103.729611,224103.754310,0.024699,0x4052e4,1,322,219,103
5600,4,1400,6,16,16,224103.729871,224103.755092,0.025221,0x4052e4,1,341,236,105
5600,4,1400,7,16,16,224103.729471,224103.755307,0.025836,0x4052e4,1,405,312,93
5600,4,1400,8,16,16,224103.729261,224103.753741,0.024480,0x4052e4,1,303,209,94
5600,4,1400,9,16,16,224103.729170,224103.753868,0.024698,0x4052e4,1,399,306,93
5600,4,1400,10,16,16,224103.729343,224103.754971,0.025628,0x4052e4,1,389,288,101
5600,4,1400,11,16,16,224103.729127,224103.753382,0.024255,0x4052e4,1,355,276,79
5600,4,1400,12,16,16,224103.729141,224103.750824,0.021683,0x4052e4,1,45,18,27
5600,4,1400,13,16,16,224103.729218,224103.752450,0.023232,0x4052e4,1,99,58,41
5600,4,1400,14,16,16,224103.729197,224103.751101,0.021904,0x4052e4,1,76,30,46
5600,4,1400,15,16,16,224103.729074,224103.750901,0.021827,0x4052e4,1,71,34,37
5601,5,1400,0,16,16,224103.790932,224103.822639,0.031707,0x40533c,1,43,3,40
5601,5,1400,1,16,16,224103.790845,224103.814384,0.023539,0x40533c,1,75,44,31
5601,5,1400,2,16,16,224103.790727,224103.816205,0.025478,0x40533c,1,81,41,40
5601,5,1400,3,16,16,224103.791245,224103.815779,0.024534,0x40533c,1,60,26,34
5601,5,1400,4,16,16,224103.791202,224103.820432,0.029230,0x40533c,1,451,192,259
5601,5,1400,5,16,16,224103.791109,224103.820119,0.029010,0x40533c,1,444,160,284
5601,5,1400,6,16,16,224103.791033,224103.820565,0.029532,0x40533c,1,555,234,321
5601,5,1400,7,16,16,224103.791328,224103.820677,0.029349,0x40533c,1,413,158,255
5601,5,1400,8,16,16,224103.790973,224103.820493,0.029520,0x40533c,1,502,126,376
5601,5,1400,9,16,16,224103.791245,224103.822104,0.030859,0x40533c,1,486,195,291
5601,5,1400,10,16,16,224103.791467,224103.821762,0.030295,0x40533c,1,592,220,372
5601,5,1400,11,16,16,224103.791315,224103.819761,0.028446,0x40533c,1,564,182,382
5601,5,1400,12,16,16,224103.790600,224103.814214,0.023614,0x40533c,1,39,19,20
5601,5,1400,13,16,16,224103.790669,224103.814288,0.023619,0x40533c,1,89,66,23
5601,5,1400,14,16,16,224103.791040,224103.815531,0.024491,0x40533c,1,66,38,28
5601,5,1400,15,16,16,224103.790577,224103.814135,0.023558,0x40533c,1,63,35,28
5998,2,1500,0,16,16,234994.627747,235098.411690,51.518384,0x4051ce,1,6923495,3103768,3819727
5998,2,1500,1,16,16,234994.627051,235098.354092,54.167219,0x4051ce,1,8124339,3518699,4605640
5998,2,1500,2,16,16,234994.626757,235098.432828,58.447825,0x4051ce,1,8077282,4485295,3591987
5998,2,1500,3,16,16,234994.626627,235098.493232,63.460745,0x4051ce,1,7902094,5593538,2308556
5998,2,1500,4,16,16,234994.626814,235099.089791,102.966917,0x4051ce,1,12867005,8427312,4439693
5998,2,1500,5,16,16,234994.627157,235099.113287,102.458963,0x4051ce,1,12982972,8267296,4715676
5998,2,1500,6,16,16,234994.630433,235099.024447,97.075367,0x4051ce,1,12390970,7833934,4557036
5998,2,1500,7,16,16,234994.626858,235099.115754,103.575655,0x4051ce,1,13003263,8895105,4108158
5998,2,1500,8,16,16,234994.627037,235099.085306,102.002592,0x4051ce,1,13013056,8665095,4347961
5998,2,1500,9,16,16,234994.626839,235099.055930,98.799957,0x4051ce,1,12301869,8448625,3853244
5998,2,1500,10,16,16,234994.626882,235099.107887,103.609876,0x4051ce,1,12959422,8985562,3973860
5998,2,1500,11,16,16,234994.627466,235099.093918,102.309944,0x4051ce,1,12863585,8741651,4121934
5998,2,1500,12,16,16,234994.626660,235098.540048,64.135383,0x4051ce,1,7834204,6174747,1659457
5998,2,1500,13,16,16,234994.626559,235098.581199,66.906352,0x4051ce,1,7830988,6755940,1075048
5998,2,1500,14,16,16,234994.626635,235098.576834,66.471457,0x4051ce,1,7826155,6689420,1136735
5998,2,1500,15,16,16,234994.626567,235098.565567,65.365049,0x4051ce,1,7626946,6508389,1118557
5999,3,1500,0,16,16,235099.179263,235099.281610,0.102347,0x405218,1,5912,2416,3496
5999,3,1500,1,16,16,235099.179666,235099.269929,0.090263,0x405218,1,5380,1913,3467
5999,3,1500,2,16,16,235099.179386,235099.310483,0.131097,0x405218,1,6179,3735,2444
5999,3,1500,3,16,16,235099.179491,235099.321900,0.142409,0x405218,1,5645,4528,1117
5999,3,1500,4,16,16,235099.179544,235099.376018,0.196474,0x405218,1,9864,5973,3891
5999,3,1500,5,16,16,235099.179492,235099.373781,0.194289,0x405218,1,10115,5640,4475
5999,3,1500,6,16,16,235099.179855,235099.363470,0.183615,0x405218,1,9844,5425,4419
5999,3,1500,7,16,16,235099.179823,235099.382835,0.203012,0x405218,1,9976,6248,3728
5999,3,1500,8,16,16,235099.179569,235099.373193,0.193624,0x405218,1,10128,5675,4453
5999,3,1500,9,16,16,235099.180361,235099.369911,0.189550,0x405218,1,9836,5956,3880
5999,3,1500,10,16,16,235099.179717,235099.371796,0.192079,0x405218,1,10076,6025,4051
5999,3,1500,11,16,16,235099.179847,235099.378243,0.198396,0x405218,1,9865,6010,3855
5999,3,1500,12,16,16,235099.179446,235099.320646,0.141200,0x405218,1,5058,3884,1174
5999,3,1500,13,16,16,235099.179232,235099.331818,0.152586,0x405218,1,5138,4205,933
5999,3,1500,14,16,16,235099.179431,235099.329476,0.150045,0x405218,1,4954,4139,815
5999,3,1500,15,16,16,235099.179097,235099.322884,0.143787,0x405218,1,4306,3655,651
6000,4,1500,0,16,16,235099.547349,235099.575807,0.028458,0x4052e4,1,2079,1243,836
6000,4,1500,1,16,16,235099.546601,235099.567695,0.021094,0x4052e4,1,147,110,37
6000,4,1500,2,16,16,235099.546253,235099.566958,0.020705,0x4052e4,1,219,167,52
6000,4,1500,3,16,16,235099.545719,235099.566074,0.020355,0x4052e4,1,94,57,37
6000,4,1500,4,16,16,235099.546512,235099.569742,0.023230,0x4052e4,1,250,138,112
6000,4,1500,5,16,16,235099.546349,235099.568942,0.022593,0x4052e4,1,300,189,111
6000,4,1500,6,16,16,235099.546012,235099.569771,0.023759,0x4052e4,1,464,306,158
6000,4,1500,7,16,16,235099.546096,235099.570049,0.023953,0x4052e4,1,421,302,119
6000,4,1500,8,16,16,235099.546172,235099.569041,0.022869,0x4052e4,1,299,195,104
6000,4,1500,9,16,16,235099.546039,235099.569306,0.023267,0x4052e4,1,381,276,105
6000,4,1500,10,16,16,235099.546684,235099.569408,0.022724,0x4052e4,1,373,228,145
6000,4,1500,11,16,16,235099.546170,235099.569473,0.023303,0x4052e4,1,358,255,103
6000,4,1500,12,16,16,235099.545493,235099.565704,0.020211,0x4052e4,1,49,24,25
6000,4,1500,13,16,16,235099.546174,235099.566763,0.020589,0x4052e4,1,107,58,49
6000,4,1500,14,16,16,235099.545563,235099.565794,0.020231,0x4052e4,1,85,26,59
6000,4,1500,15,16,16,235099.545553,235099.565970,0.020417,0x4052e4,1,71,28,43
6001,5,1500,0,16,16,235099.609885,235099.629870,0.019985,0x40533c,1,23,1,22
6001,5,1500,1,16,16,235099.610245,235099.631226,0.020981,0x40533c,1,83,49,34
6001,5,1500,2,16,16,235099.610302,235099.631371,0.021069,0x40533c,1,96,66,30
6001,5,1500,3,16,16,235099.609997,235099.630838,0.020841,0x40533c,1,58,30,28
6001,5,1500,4,16,16,235099.610222,235099.633755,0.023533,0x40533c,1,577,265,312
6001,5,1500,5,16,16,235099.610383,235099.634776,0.024393,0x40533c,1,477,213,264
6001,5,1500,6,16,16,235099.610035,235099.634460,0.024425,0x40533c,1,630,254,376
6001,5,1500,7,16,16,235099.610150,235099.634657,0.024507,0x40533c,1,623,276,347
6001,5,1500,8,16,16,235099.610021,235099.634401,0.024380,0x40533c,1,562,160,402
6001,5,1500,9,16,16,235099.610017,235099.635695,0.025678,0x40533c,1,507,211,296
6001,5,1500,10,16,16,235099.610510,235099.634826,0.024316,0x40533c,1,620,238,382
6001,5,1500,11,16,16,235099.610018,235099.634720,0.024702,0x40533c,1,661,213,448
6001,5,1500,12,16,16,235099.609669,235099.629877,0.020208,0x40533c,1,67,41,26
6001,5,1500,13,16,16,235099.610380,235099.630586,0.020206,0x40533c,1,69,42,27
6001,5,1500,14,16,16,235099.609900,235099.630219,0.020319,0x40533c,1,51,27,24
6001,5,1500,15,16,16,235099.609671,235099.629653,0.019982,0x40533c,1,63,38,25
6398,2,1600,0,16,16,245350.594497,245447.909825,51.304285,0x4051ce,1,6923059,3009912,3913147
6398,2,1600,1,16,16,245350.592686,245447.840485,54.189042,0x4051ce,1,8137184,3386917,4750267
6398,2,1600,2,16,16,245350.592783,245447.919569,58.394247,0x4051ce,1,8083518,4429651,3653867
6398,2,1600,3,16,16,245350.592770,245447.967306,63.520284,0x4051ce,1,7906545,5538328,2368217
6398,2,1600,4,16,16,245350.593147,245448.435935,96.196301,0x4051ce,1,12100596,7874427,4226169
6398,2,1600,5,16,16,245350.593003,245448.445041,95.393696,0x4051ce,1,12165710,7715626,4450084
6398,2,1600,6,16,16,245350.593211,245448.378818,90.755008,0x4051ce,1,11647215,7317968,4329247
6398,2,1600,7,16,16,245350.593433,245448.463215,97.342133,0x4051ce,1,12168000,8378062,3789938
6398,2,1600,8,16,16,245350.592947,245448.435441,95.177835,0x4051ce,1,12173277,8145124,4028153
6398,2,1600,9,16,16,245350.593055,245448.391949,92.700751,0x4051ce,1,11546486,7964610,3581876
6398,2,1600,10,16,16,245350.593029,245448.452435,96.369145,0x4051ce,1,12133344,8422980,3710364
6398,2,1600,11,16,16,245350.593267,245448.433808,96.029303,0x4051ce,1,12079553,8275469,3804084
6398,2,1600,12,16,16,245350.592540,245448.019909,64.338287,0x4051ce,1,7839856,6180623,1659233
6398,2,1600,13,16,16,245350.592468,245448.054200,67.016870,0x4051ce,1,7822429,6787475,1034954
6398,2,1600,14,16,16,245350.592594,245448.047909,66.541226,0x4051ce,1,7826113,6708934,1117179
6398,2,1600,15,16,16,245350.592691,245448.041196,65.619444,0x4051ce,1,7618360,6553962,1064398
6399,3,1600,0,16,16,245448.527504,245448.628014,0.100510,0x405218,1,5907,2331,3576
6399,3,1600,1,16,16,245448.527784,245448.611782,0.083998,0x405218,1,5346,1835,3511
6399,3,1600,2,16,16,245448.527399,245448.661564,0.134165,0x405218,1,6121,3751,2370
6399,3,1600,3,16,16,245448.527430,245448.676727,0.149297,0x405218,1,5689,4482,1207
6399,3,1600,4,16,16,245448.528101,245448.721176,0.193075,0x405218,1,9589,5669,3920
6399,3,1600,5,16,16,245448.528019,245448.713983,0.185964,0x405218,1,9733,4888,4845
6399,3,1600,6,16,16,245448.528335,245448.708536,0.180201,0x405218,1,9592,4982,4610
6399,3,1600,7,16,16,245448.527724,245448.725686,0.197962,0x405218,1,9636,5948,3688
6399,3,1600,8,16,16,245448.527687,245448.710242,0.182555,0x405218,1,9723,5361,4362
6399,3,1600,9,16,16,245448.528030,245448.709764,0.181734,0x405218,1,9468,5523,3945
6399,3,1600,10,16,16,245448.527470,245448.701354,0.173884,0x405218,1,9627,5028,4599
6399,3,1600,11,16,16,245448.527383,245448.710469,0.183086,0x405218,1,9595,5650,3945
6399,3,1600,12,16,16,245448.526708,245448.671097,0.144389,0x405218,1,4985,3767,1218
6399,3,1600,13,16,16,245448.527476,245448.675647,0.148171,0x405218,1,5239,4396,843
6399,3,1600,14,16,16,245448.526907,245448.682071,0.155164,0x405218,1,4938,4210,728
6399,3,1600,15,16,16,245448.527417,245448.671109,0.143692,0x405218,1,4403,3681,722
6400,4,1600,0,16,16,245448.891367,245448.921019,0.029652,0x4052e4,1,2108,1164,944
6400,4,1600,1,16,16,245448.890101,245448.911761,0.021660,0x4052e4,1,144,99,45
6400,4,1600,2,16,16,245448.889442,245448.910334,0.020892,0x4052e4,1,192,153,39
6400,4,1600,3,16,16,245448.889412,245448.909787,0.020375,0x4052e4,1,85,54,31
6400,4,1600,4,16,16,245448.889856,245448.912295,0.022439,0x4052e4,1,232,132,100
6400,4,1600,5,16,16,245448.890199,245448.912522,0.022323,0x4052e4,1,303,159,144
6400,4,1600,6,16,16,245448.889879,245448.912973,0.023094,0x4052e4,1,366,230,136
6400,4,1600,7,16,16,245448.889903,245448.912790,0.022887,0x4052e4,1,337,227,110
6400,4,1600,8,16,16,245448.889362,245448.912041,0.022679,0x4052e4,1,329,217,112
6400,4,1600,9,16,16,245448.889372,245448.913290,0.023918,0x4052e4,1,385,260,125
6400,4,1600,10,16,16,245448.889557,245448.912671,0.023114,0x4052e4,1,389,214,175
6400,4,1600,11,16,16,245448.889329,245448.911830,0.022501,0x4052e4,1,381,257,124
6400,4,1600,12,16,16,245448.889569,245448.909636,0.020067,0x4052e4,1,43,10,33
6400,4,1600,13,16,16,245448.889490,245448.911056,0.021566,0x4052e4,1,93,50,43
6400,4,1600,14,16,16,245448.889336,245448.909928,0.020592,0x4052e4,1,74,29,45
6400,4,1600,15,16,16,245448.889227,245448.909382,0.020155,0x4052e4,1,66,39,27
6401,5,1600,0,16,16,245448.951718,245448.971776,0.020058,0x40533c,1,30,0,30
6401,5,1600,1,16,16,245448.951581,245448.972292,0.020711,0x40533c,1,76,38,38
6401,5,1600,2,16,16,245448.951150,245448.971346,0.020196,0x40533c,1,112,72,40
6401,5,1600,3,16,16,245448.951120,245448.971049,0.019929,0x40533c,1,69,41,28
6401,5,1600,4,16,16,245448.951564,245448.975373,0.023809,0x40533c,1,566,224,342
6401,5,1600,5,16,16,245448.951323,245448.975085,0.023762,0x40533c,1,474,204,270
6401,5,1600,6,16,16,245448.951524,245448.974779,0.023255,0x40533c,1,553,190,363
6401,5,1600,7,16,16,245448.951868,245448.975449,0.023581,0x40533c,1,606,207,399
6401,5,1600,8,16,16,245448.950993,245448.974627,0.023634,0x40533c,1,556,157,399
6401,5,1600,9,16,16,245448.951339,245448.975013,0.023674,0x40533c,1,520,170,350
6401,5,1600,10,16,16,245448.951882,245448.975321,0.023439,0x40533c,1,631,180,451
6401,5,1600,11,16,16,245448.951766,245448.976244,0.024478,0x40533c,1,704,224,480
6401,5,1600,12,16,16,245448.950885,245448.970838,0.019953,0x40533c,1,61,33,28
6401,5,1600,13,16,16,245448.951028,245448.971389,0.020361,0x40533c,1,94,59,35
6401,5,1600,14,16,16,245448.951617,245448.973145,0.021528,0x40533c,1,49,27,22
6401,5,1600,15,16,16,245448.951009,245448.970956,0.019947,0x40533c,1,56,31,25
6798,2,1700,0,16,16,255210.054517,255304.383023,51.085277,0x4051ce,1,6925378,2964378,3961000
6798,2,1700,1,16,16,255210.053238,255304.340687,53.824679,0x4051ce,1,8149643,3322780,4826863
6798,2,1700,2,16,16,255210.053413,255304.425714,58.303668,0x4051ce,1,8092628,4407937,3684691
6798,2,1700,3,16,16,255210.053243,255304.427045,63.361071,0x4051ce,1,7905320,5513770,2391550
6798,2,1700,4,16,16,255210.055500,255304.870900,93.127305,0x4051ce,1,11702888,7571685,4131203
6798,2,1700,5,16,16,255210.053548,255304.881323,93.033769,0x4051ce,1,11781436,7505886,4275550
6798,2,1700,6,16,16,255210.053750,255304.790265,88.168698,0x4051ce,1,11289398,7094810,4194588
6798,2,1700,7,16,16,255210.053584,255304.903386,94.335585,0x4051ce,1,11782339,8143304,3639035
6798,2,1700,8,16,16,255210.053779,255304.871582,92.722832,0x4051ce,1,11800819,7939815,3861004
6798,2,1700,9,16,16,255210.053509,255304.829588,89.991422,0x4051ce,1,11196866,7749869,3446997
6798,2,1700,10,16,16,255210.053374,255304.888959,93.950152,0x4051ce,1,11747572,8199159,3548413
6798,2,1700,11,16,16,255210.054009,255304.868796,93.209115,0x4051ce,1,11678141,8026874,3651267
6798,2,1700,12,16,16,255210.053134,255304.516530,64.297197,0x4051ce,1,7836079,6199400,1636679
6798,2,1700,13,16,16,255210.053046,255304.536219,66.847572,0x4051ce,1,7827544,6808654,1018890
6798,2,1700,14,16,16,255210.053175,255304.535915,66.332603,0x4051ce,1,7825286,6698170,1127116
6798,2,1700,15,16,16,255210.053235,255304.531385,65.456649,0x4051ce,1,7618134,6562773,1055361
6799,3,1700,0,16,16,255304.985926,255305.087226,0.101300,0x405218,1,6017,2205,3812
6799,3,1700,1,16,16,255304.986239,255305.078146,0.091907,0x405218,1,5299,1773,3526
6799,3,1700,2,16,16,255304.986139,255305.117958,0.131819,0x405218,1,6032,3492,2540
6799,3,1700,3,16,16,255304.985917,255305.129569,0.143652,0x405218,1,5592,4340,1252
6799,3,1700,4,16,16,255304.986538,255305.174586,0.188048,0x405218,1,9401,5341,4060
6799,3,1700,5,16,16,255304.986698,255305.166372,0.179674,0x405218,1,9576,4662,4914
6799,3,1700,6,16,16,255304.986758,255305.166160,0.179402,0x405218,1,9402,5032,4370
6799,3,1700,7,16,16,255304.986789,255305.184633,0.197844,0x405218,1,9469,5650,3819
6799,3,1700,8,16,16,255304.986667,255305.164591,0.177924,0x405218,1,9587,5150,4437
6799,3,1700,9,16,16,255304.986469,255305.168166,0.181697,0x405218,1,9277,5254,4023
6799,3,1700,10,16,16,255304.986434,255305.161942,0.175508,0x405218,1,9568,5155,4413
6799,3,1700,11,16,16,255304.986780,255305.170256,0.183476,0x405218,1,9457,5752,3705
6799,3,1700,12,16,16,255304.985605,255305.135102,0.149497,0x405218,1,4904,3713,1191
6799,3,1700,13,16,16,255304.985726,255305.137492,0.151766,0x405218,1,5048,4186,862
6799,3,1700,14,16,16,255304.985758,255305.132694,0.146936,0x405218,1,4756,4023,733
6799,3,1700,15,16,16,255304.985790,255305.127271,0.141481,0x405218,1,4219,3599,620
6800,4,1700,0,16,16,255305.336863,255305.365325,0.028462,0x4052e4,1,2021,1114,907
6800,4,1700,1,16,16,255305.335791,255305.356673,0.020882,0x4052e4,1,140,102,38
6800,4,1700,2,16,16,255305.335565,255305.357870,0.022305,0x4052e4,1,211,157,54
6800,4,1700,3,16,16,255305.335506,255305.356123,0.020617,0x4052e4,1,100,56,44
6800,4,1700,4,16,16,255305.335660,255305.358184,0.022524,0x4052e4,1,244,121,123
6800,4,1700,5,16,16,255305.335473,255305.357672,0.022199,0x4052e4,1,300,165,135
6800,4,1700,6,16,16,255305.335832,255305.359230,0.023398,0x4052e4,1,367,214,153
6800,4,1700,7,16,16,255305.335363,255305.358383,0.023020,0x4052e4,1,378,228,150
6800,4,1700,8,16,16,255305.335716,255305.359042,0.023326,0x4052e4,1,288,201,87
6800,4,1700,9,16,16,255305.335307,255305.358316,0.023009,0x4052e4,1,449,297,152
6800,4,1700,10,16,16,255305.335900,255305.358825,0.022925,0x4052e4,1,431,214,217
6800,4,1700,11,16,16,255305.335206,255305.357604,0.022398,0x4052e4,1,398,252,146
6800,4,1700,12,16,16,255305.335474,255305.356273,0.020799,0x4052e4,1,44,3,41
6800,4,1700,13,16,16,255305.335075,255305.356205,0.021130,0x4052e4,1,128,62,66
6800,4,1700,14,16,16,255305.335740,255305.356006,0.020266,0x4052e4,1,61,25,36
6800,4,1700,15,16,16,255305.335006,255305.355109,0.020103,0x4052e4,1,70,40,30
6801,5,1700,0,16,16,255305.393300,255305.413898,0.020598,0x40533c,1,38,1,37
6801,5,1700,1,16,16,255305.393342,255305.413461,0.020119,0x40533c,1,69,34,35
6801,5,1700,2,16,16,255305.393409,255305.414047,0.020638,0x40533c,1,100,69,31
6801,5,1700,3,16,16,255305.393586,255305.414368,0.020782,0x40533c,1,72,47,25
6801,5,1700,4,16,16,255305.393331,255305.416485,0.023154,0x40533c,1,488,205,283
6801,5,1700,5,16,16,255305.393351,255305.417166,0.023815,0x40533c,1,501,210,291
6801,5,1700,6,16,16,255305.393956,255305.417787,0.023831,0x40533c,1,524,169,355
6801,5,1700,7,16,16,255305.393546,255305.417563,0.024017,0x40533c,1,468,156,312
6801,5,1700,8,16,16,255305.393260,255305.417978,0.024718,0x40533c,1,438,96,342
6801,5,1700,9,16,16,255305.393488,255305.417598,0.024110,0x40533c,1,479,189,290
6801,5,1700,10,16,16,255305.393380,255305.418118,0.024738,0x40533c,1,605,179,426
6801,5,1700,11,16,16,255305.393271,255305.416793,0.023522,0x40533c,1,670,217,453
6801,5,1700,12,16,16,255305.393007,255305.412849,0.019842,0x40533c,1,32,12,20
6801,5,1700,13,16,16,255305.393105,255305.413378,0.020273,0x40533c,1,64,43,21
6801,5,1700,14,16,16,255305.392912,255305.413143,0.020231,0x40533c,1,28,8,20
6801,5,1700,15,16,16,255305.392990,255305.412926,0.019936,0x40533c,1,65,43,22
7198,2,1800,0,16,16,264776.665256,264869.219266,50.832670,0x4051ce,1,6929257,2907979,4021278
7198,2,1800,1,16,16,264776.662694,264869.146035,53.444941,0x4051ce,1,8156863,3239406,4917457
7198,2,1800,2,16,16,264776.662743,264869.237264,57.941543,0x4051ce,1,8091128,4366613,3724515
7198,2,1800,3,16,16,264776.662258,264869.264280,63.452036,0x4051ce,1,7914679,5498410,2416269
7198,2,1800,4,16,16,264776.662799,264869.648631,90.967814,0x4051ce,1,11354884,7352774,4002110
7198,2,1800,5,16,16,264776.662710,264869.657137,90.878643,0x4051ce,1,11429676,7320266,4109410
7198,2,1800,6,16,16,264776.663274,264869.589619,85.795911,0x4051ce,1,10913450,6865645,4047805
7198,2,1800,7,16,16,264776.663126,264869.678393,92.443155,0x4051ce,1,11427958,7968854,3459104
7198,2,1800,8,16,16,264776.662877,264869.649357,90.366700,0x4051ce,1,11437863,7728958,3708905
7198,2,1800,9,16,16,264776.662738,264869.603558,87.585721,0x4051ce,1,10816110,7578522,3237588
7198,2,1800,10,16,16,264776.662680,264869.662189,91.789656,0x4051ce,1,11394480,8030606,3363874
7198,2,1800,11,16,16,264776.663277,264869.648467,91.255836,0x4051ce,1,11326813,7878853,3447960
7198,2,1800,12,16,16,264776.665487,264869.347622,64.647597,0x4051ce,1,7846667,6239911,1606756
7198,2,1800,13,16,16,264776.662174,264869.373237,66.854255,0x4051ce,1,7828962,6812526,1016436
7198,2,1800,14,16,16,264776.662277,264869.359292,66.381734,0x4051ce,1,7826724,6709408,1117316
7198,2,1800,15,16,16,264776.662319,264869.364938,65.418843,0x4051ce,1,7623282,6562064,1061218
7199,3,1800,0,16,16,264869.748218,264869.848296,0.100078,0x405218,1,6028,2119,3909
7199,3,1800,1,16,16,264869.748499,264869.839485,0.090986,0x405218,1,5359,1805,3554
7199,3,1800,2,16,16,264869.748422,264869.877629,0.129207,0x405218,1,6054,3515,2539
7199,3,1800,3,16,16,264869.748158,264869.899545,0.151387,0x405218,1,5665,4328,1337
7199,3,1800,4,16,16,264869.748591,264869.928305,0.179714,0x405218,1,9279,5299,3980
7199,3,1800,5,16,16,264869.748653,264869.929229,0.180576,0x405218,1,9484,4727,4757
7199,3,1800,6,16,16,264869.748538,264869.920895,0.172357,0x405218,1,9240,4549,4691
7199,3,1800,7,16,16,264869.748284,264869.940156,0.191872,0x405218,1,9362,5499,3863
7199,3,1800,8,16,16,264869.748470,264869.927956,0.179486,0x405218,1,9485,5156,4329
7199,3,1800,9,16,16,264869.748569,264869.918888,0.170319,0x405218,1,9174,5226,3948
7199,3,1800,10,16,16,264869.748517,264869.924530,0.176013,0x405218,1,9402,5110,4292
7199,3,1800,11,16,16,264869.749117,264869.933362,0.184245,0x405218,1,9291,5496,3795
7199,3,1800,12,16,16,264869.748275,264869.891133,0.142858,0x405218,1,4993,3743,1250
7199,3,1800,13,16,16,264869.748478,264869.896638,0.148160,0x405218,1,5134,4117,1017
7199,3,1800,14,16,16,264869.748155,264869.898898,0.150743,0x405218,1,4833,4025,808
7199,3,1800,15,16,16,264869.748097,264869.892870,0.144773,0x405218,1,4433,3817,616
7200,4,1800,0,16,16,264870.092159,264870.120694,0.028535,0x4052e4,1,2187,1139,1048
7200,4,1800,1,16,16,264870.091386,264870.112541,0.021155,0x4052e4,1,132,93,39
7200,4,1800,2,16,16,264870.090878,264870.112371,0.021493,0x4052e4,1,203,166,37
7200,4,1800,3,16,16,264870.091271,264870.112666,0.021395,0x4052e4,1,81,49,32
7200,4,1800,4,16,16,264870.091125,264870.114280,0.023155,0x4052e4,1,241,140,101
7200,4,1800,5,16,16,264870.091160,264870.113528,0.022368,0x4052e4,1,297,172,125
7200,4,1800,6,16,16,264870.090884,264870.113332,0.022448,0x4052e4,1,337,200,137
7200,4,1800,7,16,16,264870.090797,264870.113854,0.023057,0x4052e4,1,344,221,123
7200,4,1800,8,16,16,264870.090715,264870.113980,0.023265,0x4052e4,1,277,181,96
7200,4,1800,9,16,16,264870.090954,264870.115762,0.024808,0x4052e4,1,416,298,118
7200,4,1800,10,16,16,264870.090898,264870.113907,0.023009,0x4052e4,1,360,197,163
7200,4,1800,11,16,16,264870.090642,264870.113529,0.022887,0x4052e4,1,337,228,109
7200,4,1800,12,16,16,264870.090383,264870.110316,0.019933,0x4052e4,1,39,2,37
7200,4,1800,13,16,16,264870.090511,264870.111732,0.021221,0x4052e4,1,106,51,55
7200,4,1800,14,16,16,264870.090644,264870.110868,0.020224,0x4052e4,1,69,25,44
7200,4,1800,15,16,16,264870.090407,264870.110580,0.020173,0x4052e4,1,69,33,36
7201,5,1800,0,16,16,264870.156615,264870.177486,0.020871,0x40533c,1,40,1,39
7201,5,1800,1,16,16,264870.156857,264870.176881,0.020024,0x40533c,1,94,61,33
7201,5,1800,2,16,16,264870.157149,264870.178034,0.020885,0x40533c,1,84,59,25
7201,5,1800,3,16,16,264870.156397,264870.176415,0.020018,0x40533c,1,71,43,28
7201,5,1800,4,16,16,264870.156928,264870.180355,0.023427,0x40533c,1,474,190,284
7201,5,1800,5,16,16,264870.156857,264870.179783,0.022926,0x40533c,1,484,205,279
7201,5,1800,6,16,16,264870.156819,264870.180172,0.023353,0x40533c,1,427,137,290
7201,5,1800,7,16,16,264870.157140,264870.180600,0.023460,0x40533c,1,565,168,397
7201,5,1800,8,16,16,264870.156917,264870.180250,0.023333,0x40533c,1,474,111,363
7201,5,1800,9,16,16,264870.156591,264870.180769,0.024178,0x40533c,1,480,162,318
7201,5,1800,10,16,16,264870.156406,264870.180531,0.024125,0x40533c,1,565,147,418
7201,5,1800,11,16,16,264870.156715,264870.180033,0.023318,0x40533c,1,649,190,459
7201,5,1800,12,16,16,264870.156352,264870.176112,0.019760,0x40533c,1,35,10,25
7201,5,1800,13,16,16,264870.156497,264870.176417,0.019920,0x40533c,1,79,61,18
7201,5,1800,14,16,16,264870.156369,264870.176631,0.020262,0x40533c,1,47,24,23
7201,5,1800,15,16,16,264870.157042,264870.177611,0.020569,0x40533c,1,51,35,16
7598,2,1900,0,16,16,274015.995103,274104.029249,50.249125,0x4051ce,1,6930067,2839524,4090543
7598,2,1900,1,16,16,274015.997355,274103.953582,52.719863,0x4051ce,1,8163857,3131150,5032707
7598,2,1900,2,16,16,274015.994008,274104.058645,57.647513,0x4051ce,1,8087767,4315233,3772534
7598,2,1900,3,16,16,274015.993826,274104.069979,63.063623,0x4051ce,1,7918676,5439779,2478897
7598,2,1900,4,16,16,274015.997234,274104.419319,87.011820,0x4051ce,1,10942272,7099675,3842597
7598,2,1900,5,16,16,274015.994383,274104.428327,86.852228,0x4051ce,1,10994356,7094642,3899714
7598,2,1900,6,16,16,274015.994194,274104.357183,83.136575,0x4051ce,1,10616086,6702029,3914057
7598,2,1900,7,16,16,274015.994199,274104.442410,88.072270,0x4051ce,1,10985554,7699731,3285823
7598,2,1900,8,16,16,274015.994242,274104.414021,86.309762,0x4051ce,1,10988960,7513856,3475104
7598,2,1900,9,16,16,274015.994067,274104.380729,85.035801,0x4051ce,1,10509375,7434305,3075070
7598,2,1900,10,16,16,274015.994049,274104.424010,87.255363,0x4051ce,1,10956436,7777456,3178980
7598,2,1900,11,16,16,274015.994115,274104.423553,87.278801,0x4051ce,1,10901083,7725387,3175696
7598,2,1900,12,16,16,274015.993890,274104.153738,64.147535,0x4051ce,1,7836706,6219195,1617511
7598,2,1900,13,16,16,274015.993734,274104.197962,66.726748,0x4051ce,1,7828282,6849892,978390
7598,2,1900,14,16,16,274015.993847,274104.190849,66.237095,0x4051ce,1,7826700,6720805,1105895
7598,2,1900,15,16,16,274015.993678,274104.184605,65.310478,0x4051ce,1,7613378,6583577,1029801
7599,3,1900,0,16,16,274104.502648,274104.602207,0.099559,0x405218,1,5893,2138,3755
7599,3,1900,1,16,16,274104.502924,274104.589747,0.086823,0x405218,1,5330,1706,3624
7599,3,1900,2,16,16,274104.501957,274104.627709,0.125752,0x405218,1,6018,3549,2469
7599,3,1900,3,16,16,274104.502634,274104.647886,0.145252,0x405218,1,5652,4351,1301
7599,3,1900,4,16,16,274104.502589,274104.677192,0.174603,0x405218,1,9091,5217,3874
7599,3,1900,5,16,16,274104.502578,274104.672116,0.169538,0x405218,1,9245,4318,4927
7599,3,1900,6,16,16,274104.503011,274104.669974,0.166963,0x405218,1,9162,4473,4689
7599,3,1900,7,16,16,274104.502554,274104.681698,0.179144,0x405218,1,9125,5278,3847
7599,3,1900,8,16,16,274104.502413,274104.677127,0.174714,0x405218,1,9304,4993,4311
7599,3,1900,9,16,16,274104.502687,274104.671944,0.169257,0x405218,1,9071,5261,3810
7599,3,1900,10,16,16,274104.502588,274104.668692,0.166104,0x405218,1,9274,4884,4390
7599,3,1900,11,16,16,274104.502672,274104.682620,0.179948,0x405218,1,9119,5519,3600
7599,3,1900,12,16,16,274104.502191,274104.644152,0.141961,0x405218,1,5008,3774,1234
7599,3,1900,13,16,16,274104.502033,274104.646763,0.144730,0x405218,1,5168,4299,869
7599,3,1900,14,16,16,274104.501889,274104.653074,0.151185,0x405218,1,4846,4080,766
7599,3,1900,15,16,16,274104.502074,274104.637475,0.135401,0x405218,1,4261,3489,772
7600,4,1900,0,16,16,274104.842902,274104.872101,0.029199,0x4052e4,1,2077,933,1144
7600,4,1900,1,16,16,274104.841112,274104.861875,0.020763,0x4052e4,1,141,97,44
7600,4,1900,2,16,16,274104.840356,274104.861209,0.020853,0x4052e4,1,252,202,50
7600,4,1900,3,16,16,274104.840551,274104.861380,0.020829,0x4052e4,1,85,54,31
7600,4,1900,4,16,16,274104.841102,274104.864037,0.022935,0x4052e4,1,250,128,122
7600,4,1900,5,16,16,274104.840672,274104.862921,0.022249,0x4052e4,1,259,100,159
7600,4,1900,6,16,16,274104.840581,274104.863903,0.023322,0x4052e4,1,377,189,188
7600,4,1900,7,16,16,274104.840979,274104.864378,0.023399,0x4052e4,1,304,186,118
7600,4,1900,8,16,16,274104.840581,274104.864263,0.023682,0x4052e4,1,288,158,130
7600,4,1900,9,16,16,274104.840906,274104.864077,0.023171,0x4052e4,1,444,298,146
7600,4,1900,10,16,16,274104.840374,274104.863743,0.023369,0x4052e4,1,443,256,187
7600,4,1900,11,16,16,274104.840474,274104.864430,0.023956,0x4052e4,1,390,255,135
7600,4,1900,12,16,16,274104.840208,274104.860283,0.020075,0x4052e4,1,38,5,33
7600,4,1900,13,16,16,274104.840257,274104.861284,0.021027,0x4052e4,1,80,44,36
7600,4,1900,14,16,16,274104.840567,274104.860958,0.020391,0x4052e4,1,60,23,37
7600,4,1900,15,16,16,274104.840128,274104.860203,0.020075,0x4052e4,1,57,34,23
7601,5,1900,0,16,16,274104.903584,274104.923666,0.020082,0x40533c,1,39,2,37
7601,5,1900,1,16,16,274104.903571,274104.924009,0.020438,0x40533c,1,71,32,39
7601,5,1900,2,16,16,274104.903467,274104.923684,0.020217,0x40533c,1,58,40,18
7601,5,1900,3,16,16,274104.903433,274104.923459,0.020026,0x40533c,1,53,37,16
7601,5,1900,4,16,16,274104.903992,274104.926674,0.022682,0x40533c,1,501,186,315
7601,5,1900,5,16,16,274104.903691,274104.926556,0.022865,0x40533c,1,529,216,313
7601,5,1900,6,16,16,274104.904473,274104.927352,0.022879,0x40533c,1,425,143,282
7601,5,1900,7,16,16,274104.903867,274104.926973,0.023106,0x40533c,1,339,94,245
7601,5,1900,8,16,16,274104.904060,274104.928536,0.024476,0x40533c,1,475,76,399
7601,5,1900,9,16,16,274104.903983,274104.927102,0.023119,0x40533c,1,390,120,270
7601,5,1900,10,16,16,274104.904199,274104.927635,0.023436,0x40533c,1,481,85,396
7601,5,1900,11,16,16,274104.903922,274104.927174,0.023252,0x40533c,1,622,170,452
7601,5,1900,12,16,16,274104.903425,274104.923575,0.020150,0x40533c,1,33,15,18
7601,5,1900,13,16,16,274104.904057,274104.924838,0.020781,0x40533c,1,77,57,20
7601,5,1900,14,16,16,274104.904026,274104.925575,0.021549,0x40533c,1,41,20,21
7601,5,1900,15,16,16,274104.903978,274104.924495,0.020517,0x40533c,1,58,42,16
7998,2,2000,0,16,16,282945.700185,283030.646259,49.806027,0x4051ce,1,6928981,2761340,4167641
7998,2,2000,1,16,16,282945.698034,283030.580107,52.052848,0x4051ce,1,8168986,3012973,5156013
7998,2,2000,2,16,16,282945.698089,283030.683228,57.482607,0x4051ce,1,8093247,4264613,3828634
7998,2,2000,3,16,16,282945.697940,283030.706390,62.973847,0x4051ce,1,7917646,5429807,2487839
7998,2,2000,4,16,16,282945.698232,283031.007806,83.764073,0x4051ce,1,10500389,6890705,3609684
7998,2,2000,5,16,16,282945.698196,283031.009004,83.805284,0x4051ce,1,10543646,6914169,3629477
7998,2,2000,6,16,16,282945.698654,283030.956960,81.715782,0x4051ce,1,10348531,6559975,3788556
7998,2,2000,7,16,16,282945.698191,283031.018040,84.741690,0x4051ce,1,10521076,7459832,3061244
7998,2,2000,8,16,16,282945.698145,283030.990569,83.158060,0x4051ce,1,10525111,7349066,3176045
7998,2,2000,9,16,16,282945.698251,283030.984676,83.289669,0x4051ce,1,10236377,7359362,2877015
7998,2,2000,10,16,16,282945.698213,283030.998167,84.190257,0x4051ce,1,10508637,7571165,2937472
7998,2,2000,11,16,16,282945.698202,283031.013598,84.433202,0x4051ce,1,10459371,7586307,2873064
7998,2,2000,12,16,16,282945.697935,283030.781441,64.139096,0x4051ce,1,7833652,6228799,1604853
7998,2,2000,13,16,16,282945.697722,283030.839282,66.860262,0x4051ce,1,7827116,6862234,964882
7998,2,2000,14,16,16,282945.698041,283030.818513,66.370306,0x4051ce,1,7822993,6721907,1101086
7998,2,2000,15,16,16,282945.697933,283030.813222,65.424633,0x4051ce,1,7615700,6605542,1010158
7999,3,2000,0,16,16,283031.085325,283031.174981,0.089656,0x405218,1,6000,2109,3891
7999,3,2000,1,16,16,283031.085622,283031.174806,0.089184,0x405218,1,5298,1663,3635
7999,3,2000,2,16,16,283031.085315,283031.214048,0.128733,0x405218,1,6026,3594,2432
7999,3,2000,3,16,16,283031.085472,283031.232978,0.147506,0x405218,1,5529,4294,1235
7999,3,2000,4,16,16,283031.086269,283031.259168,0.172899,0x405218,1,8781,5058,3723
7999,3,2000,5,16,16,283031.086103,283031.255331,0.169228,0x405218,1,8945,4352,4593
7999,3,2000,6,16,16,283031.085945,283031.248654,0.162709,0x405218,1,8938,4365,4573
7999,3,2000,7,16,16,283031.085786,283031.262596,0.176810,0x405218,1,8739,5033,3706
7999,3,2000,8,16,16,283031.086127,283031.259327,0.173200,0x405218,1,9017,4841,4176
7999,3,2000,9,16,16,283031.085720,283031.257078,0.171358,0x405218,1,8944,5346,3598
7999,3,2000,10,16,16,283031.086417,283031.252444,0.166027,0x405218,1,8944,4824,4120
7999,3,2000,11,16,16,283031.085997,283031.258219,0.172222,0x405218,1,8745,5125,3620
7999,3,2000,12,16,16,283031.086200,283031.231985,0.145785,0x405218,1,4906,3678,1228
7999,3,2000,13,16,16,283031.085633,283031.238219,0.152586,0x405218,1,5169,4273,896
7999,3,2000,14,16,16,283031.085320,283031.231921,0.146601,0x405218,1,4876,4143,733
7999,3,2000,15,16,16,283031.085589,283031.228717,0.143128,0x405218,1,4173,3478,695
8000,4,2000,0,16,16,283031.405478,283031.432123,0.026645,0x4052e4,1,2080,1104,976
8000,4,2000,1,16,16,283031.403756,283031.425684,0.021928,0x4052e4,1,151,112,39
8000,4,2000,2,16,16,283031.403499,283031.424476,0.020977,0x4052e4,1,216,154,62
8000,4,2000,3,16,16,283031.403932,283031.424734,0.020802,0x4052e4,1,80,49,31
8000,4,2000,4,16,16,283031.403561,283031.425895,0.022334,0x4052e4,1,257,132,125
8000,4,2000,5,16,16,283031.403884,283031.426228,0.022344,0x4052e4,1,262,127,135
8000,4,2000,6,16,16,283031.403563,283031.426072,0.022509,0x4052e4,1,346,178,168
8000,4,2000,7,16,16,283031.404143,283031.428007,0.023864,0x4052e4,1,392,231,161
8000,4,2000,8,16,16,283031.403970,283031.426801,0.022831,0x4052e4,1,269,173,96
8000,4,2000,9,16,16,283031.403647,283031.426918,0.023271,0x4052e4,1,449,313,136
8000,4,2000,10,16,16,283031.403431,283031.426445,0.023014,0x4052e4,1,433,221,212
8000,4,2000,11,16,16,283031.403571,283031.427716,0.024145,0x4052e4,1,441,284,157
8000,4,2000,12,16,16,283031.403181,283031.423074,0.019893,0x4052e4,1,41,9,32
8000,4,2000,13,16,16,283031.403295,283031.424254,0.020959,0x4052e4,1,86,46,40
8000,4,2000,14,16,16,283031.403340,283031.423808,0.020468,0x4052e4,1,58,26,32
8000,4,2000,15,16,16,283031.403318,283031.423491,0.020173,0x4052e4,1,61,31,30
8001,5,2000,0,16,16,283031.459597,283031.480767,0.021170,0x40533c,1,26,1,25
8001,5,2000,1,16,16,283031.459577,283031.480483,0.020906,0x40533c,1,37,11,26
8001,5,2000,2,16,16,283031.459690,283031.480163,0.020473,0x40533c,1,78,56,22
8001,5,2000,3,16,16,283031.459370,283031.479455,0.020085,0x40533c,1,42,15,27
8001,5,2000,4,16,16,283031.459522,283031.482097,0.022575,0x40533c,1,392,128,264
8001,5,2000,5,16,16,283031.459134,283031.482947,0.023813,0x40533c,1,420,117,303
8001,5,2000,6,16,16,283031.459677,283031.482394,0.022717,0x40533c,1,372,115,257
8001,5,2000,7,16,16,283031.458968,283031.481623,0.022655,0x40533c,1,390,102,288
8001,5,2000,8,16,16,283031.459394,283031.482497,0.023103,0x40533c,1,391,69,322
8001,5,2000,9,16,16,283031.459234,283031.482181,0.022947,0x40533c,1,377,112,265
8001,5,2000,10,16,16,283031.459343,283031.482669,0.023326,0x40533c,1,450,122,328
8001,5,2000,11,16,16,283031.459171,283031.482723,0.023552,0x40533c,1,529,150,379
8001,5,2000,12,16,16,283031.458795,283031.478843,0.020048,0x40533c,1,30,1,29
8001,5,2000,13,16,16,283031.458987,283031.479293,0.020306,0x40533c,1,64,43,21
8001,5,2000,14,16,16,283031.458974,283031.479228,0.020254,0x40533c,1,36,16,20
8001,5,2000,15,16,16,283031.458904,283031.478740,0.019836,0x40533c,1,67,49,18
