parallel_id,region_id,region_exec,thread_id,team_size,requested_threads,start_ms,end_ms,elapsed_ms,codeptr,pmu_valid,pmu_llc_references,pmu_llc_misses,pmu_llc_hits,cpu_id,target_mb_percent,resource_applied,resctrl_enabled,region_wall_ms,resctrl_enable_ms,resctrl_disable_ms,resource_kind,target_l3_ways,target_l3_mask,mon_valid,mon_l3_domains,mon_start_llc_occupancy_bytes,mon_end_llc_occupancy_bytes,mon_llc_occupancy_delta_bytes,mon_start_mbm_total_bytes,mon_end_mbm_total_bytes,mon_mbm_total_delta_bytes,mon_start_mbm_local_bytes,mon_end_mbm_local_bytes,mon_mbm_local_delta_bytes,mon_start_mbm_remote_bytes,mon_end_mbm_remote_bytes,mon_mbm_remote_delta_bytes
398,2,100,0,16,16,19861.500786,20052.739726,66.855608,0x4051ce,1,6919877,5376723,1543154,32,100.000000,1,1,193.565404,1.200000,0.800000,monitor,1,1,1,1,16310272,10543104,375226368,421125816320,425325756416,3987816448,421125816320,425325756416,3979976704,-1,-1,-1
398,2,100,1,16,16,19861.668970,20052.756620,71.102058,0x4051ce,1,7212592,6165684,1046908,34,100.000000,1,1,193.565404,1.200000,0.800000,monitor,1,1,1,1,17301504,10543104,361168896,421125816320,425325756416,4126769152,421125816320,425325756416,4112171008,-1,-1,-1
398,2,100,2,16,16,19861.355859,20052.770165,70.894785,0x4051ce,1,7288310,6226183,1062127,36,100.000000,1,1,193.565404,1.200000,0.800000,monitor,1,1,1,1,16310272,10452992,365223936,421125816320,425325756416,4112531456,421125816320,425325756416,4099825664,-1,-1,-1
398,2,100,3,16,16,19861.673016,20052.744384,71.833987,0x4051ce,1,7772281,6939974,832307,38,100.000000,1,1,193.565404,1.200000,0.800000,monitor,1,1,1,1,17301504,10543104,361709568,421125816320,425325756416,4128571392,421125816320,425325756416,4118478848,-1,-1,-1
398,2,100,4,16,16,19861.682565,20054.705153,175.372085,0x4051ce,1,21212569,16989612,4222957,40,100.000000,1,1,193.565404,1.200000,0.800000,monitor,14,7ffe,1,1,67313664,75874304,270336,1051176935424,1062546907136,11190558720,1051176935424,1062547267584,11184160768,-1,-1,-1
398,2,100,5,16,16,19861.843460,20054.903675,185.614725,0x4051ce,1,20659893,16050465,4609428,42,100.000000,1,1,193.565404,1.200000,0.800000,monitor,14,7ffe,1,1,66953216,76324864,6938624,1051177295872,1062553124864,11327258624,1051177295872,1062553124864,11317256192,-1,-1,-1
398,2,100,6,16,16,19861.367765,20054.616339,167.728213,0x4051ce,1,19914067,16282054,3632013,44,100.000000,1,1,193.565404,1.200000,0.800000,monitor,14,7ffe,1,1,68124672,75513856,-2342912,1051176755200,1062540509184,10848583680,1051176755200,1062541410304,10847772672,-1,-1,-1
398,2,100,7,16,16,19861.504200,20054.921263,175.063722,0x4051ce,1,21295999,16796927,4499072,46,100.000000,1,1,193.565404,1.200000,0.800000,monitor,14,7ffe,1,1,68124672,76234752,-90112,1051176755200,1062553124864,11184791552,1051176845312,1062553124864,11177132032,-1,-1,-1
398,2,100,8,16,16,19861.357939,20054.705254,178.005081,0x4051ce,1,21042642,16347451,4695191,48,100.000000,1,1,193.565404,1.200000,0.800000,monitor,14,7ffe,1,1,68124672,75784192,360448,1051176665088,1062546997248,11208310784,1051176755200,1062547267584,11206418432,-1,-1,-1
398,2,100,9,16,16,19861.363924,20054.610023,165.022191,0x4051ce,1,19951646,15385023,4566623,18,100.000000,1,1,193.565404,1.200000,0.800000,monitor,14,7ffe,1,1,68124672,75513856,-2342912,1051176755200,1062539968512,10699358208,1051176755200,1062540959744,10697916416,-1,-1,-1
398,2,100,10,16,16,19861.728055,20054.709887,168.165907,0x4051ce,1,21300952,14729035,6571917,52,100.000000,1,1,193.565404,1.200000,0.800000,monitor,14,7ffe,1,1,67313664,75784192,-2072576,1051176935424,1062547177472,10897874944,1051176935424,1062547357696,10894450688,-1,-1,-1
398,2,100,11,16,16,19861.839143,20054.692063,165.108788,0x4051ce,1,20843952,14852386,5991566,22,100.000000,1,1,193.565404,1.200000,0.800000,monitor,14,7ffe,1,1,66953216,75694080,-2072576,1051177295872,1062546006016,10730086400,1051177295872,1062546276352,10732609536,-1,-1,-1
398,2,100,12,16,16,19861.356625,20052.736531,62.653386,0x4051ce,1,7516656,4244688,3271968,56,100.000000,1,1,193.565404,1.200000,0.800000,monitor,1,1,1,1,16310272,10452992,381624320,421125816320,425325756416,3786866688,421125816320,425325756416,3782541312,-1,-1,-1
398,2,100,13,16,16,19861.676614,20052.686334,64.555990,0x4051ce,1,8032527,5002593,3029934,58,100.000000,1,1,193.565404,1.200000,0.800000,monitor,1,1,1,1,17301504,10723328,385138688,421125816320,425323413504,3908608000,421125816320,425323864064,3904282624,-1,-1,-1
398,2,100,14,16,16,19861.844002,20052.736576,68.584638,0x4051ce,1,7931618,5525876,2405742,28,100.000000,1,1,193.565404,1.200000,0.800000,monitor,1,1,1,1,17391616,10543104,368107520,421125816320,425325756416,4065583104,421125816320,425325756416,4057382912,-1,-1,-1
398,2,100,15,16,16,19861.667584,20052.748572,67.605477,0x4051ce,1,7784659,5459682,2324977,30,100.000000,1,1,193.565404,1.200000,0.800000,monitor,1,1,1,1,17301504,10543104,375767040,421125816320,425325756416,4013678592,421125816320,425325756416,4009984000,-1,-1,-1
399,3,100,0,16,16,20055.121055,20055.238801,0.117746,0x405218,1,5381,3582,1799,32,100.000000,1,1,1.571741,1.200000,0.800000,monitor,1,1,1,1,8650752,10362880,1712128,425327468544,425332334592,4866048,425327468544,425332334592,4866048,-1,-1,-1
399,3,100,1,16,16,20056.177969,20056.297799,0.119830,0x405218,1,8246,3615,4631,34,100.000000,1,1,1.571741,1.200000,0.800000,monitor,1,1,1,1,10092544,11264000,1171456,425333055488,425335037952,1982464,425333055488,425335037952,1982464,-1,-1,-1
399,3,100,2,16,16,20055.163428,20055.298774,0.135346,0x405218,1,5348,3366,1982,36,100.000000,1,1,1.571741,1.200000,0.800000,monitor,1,1,1,1,8921088,10272768,1351680,425328279552,425332785152,4505600,425328549888,425332785152,4235264,-1,-1,-1
399,3,100,3,16,16,20055.155047,20055.272103,0.117056,0x405218,1,4851,3064,1787,38,100.000000,1,1,1.571741,1.200000,0.800000,monitor,1,1,1,1,8560640,10362880,1802240,425328099328,425332785152,4685824,425328279552,425332785152,4505600,-1,-1,-1
399,3,100,4,16,16,20056.439219,20056.692796,0.253577,0x405218,1,16052,7946,8106,40,100.000000,1,1,1.571741,1.200000,0.800000,monitor,14,7ffe,1,1,73621504,73351168,-270336,1062570606592,1062572498944,1892352,1062570606592,1062572498944,1892352,-1,-1,-1
399,3,100,5,16,16,20055.459122,20055.706749,0.247627,0x405218,1,16182,7661,8521,42,100.000000,1,1,1.571741,1.200000,0.800000,monitor,14,7ffe,1,1,74702848,75333632,630784,1062564388864,1062566371328,1982464,1062564388864,1062566371328,1982464,-1,-1,-1
399,3,100,6,16,16,20055.141895,20055.403057,0.261162,0x405218,1,11921,8108,3813,44,100.000000,1,1,1.571741,1.200000,0.800000,monitor,14,7ffe,1,1,76685312,74702848,-1982464,1062553665536,1062564208640,10543104,1062553755648,1062564208640,10452992,-1,-1,-1
399,3,100,7,16,16,20055.988856,20056.242992,0.254136,0x405218,1,16116,7797,8319,46,100.000000,1,1,1.571741,1.200000,0.800000,monitor,14,7ffe,1,1,74883072,73891840,-991232,1062566912000,1062570516480,3604480,1062566912000,1062570516480,3604480,-1,-1,-1
399,3,100,8,16,16,20055.131856,20055.403403,0.271547,0x405218,1,12195,7854,4341,48,100.000000,1,1,1.571741,1.200000,0.800000,monitor,14,7ffe,1,1,76234752,74702848,-1531904,1062553395200,1062564208640,10813440,1062553665536,1062564208640,10543104,-1,-1,-1
399,3,100,9,16,16,20055.977379,20056.201363,0.223984,0x405218,1,12097,7232,4865,18,100.000000,1,1,1.571741,1.200000,0.800000,monitor,14,7ffe,1,1,75063296,74522624,-540672,1062566821888,1062570156032,3334144,1062566912000,1062570246144,3334144,-1,-1,-1
399,3,100,10,16,16,20055.797827,20056.025992,0.228165,0x405218,1,15971,7079,8892,52,100.000000,1,1,1.571741,1.200000,0.800000,monitor,14,7ffe,1,1,75243520,74883072,-360448,1062566371328,1062568894464,2523136,1062566371328,1062568894464,2523136,-1,-1,-1
399,3,100,11,16,16,20055.151198,20055.391354,0.240156,0x405218,1,12228,6944,5284,22,100.000000,1,1,1.571741,1.200000,0.800000,monitor,14,7ffe,1,1,76865536,74702848,-2162688,1062553845760,1062564028416,10182656,1062553845760,1062564208640,10362880,-1,-1,-1
399,3,100,12,16,16,20055.124288,20055.265997,0.141709,0x405218,1,5541,3961,1580,56,100.000000,1,1,1.571741,1.200000,0.800000,monitor,1,1,1,1,8650752,10362880,1712128,425327468544,425332695040,5226496,425327468544,425332785152,5316608,-1,-1,-1
399,3,100,13,16,16,20056.311286,20056.442024,0.130738,0x405218,1,8309,4178,4131,58,100.000000,1,1,1.571741,1.200000,0.800000,monitor,1,1,1,1,11173888,11264000,90112,425335037952,425335037952,0,425335037952,425335037952,0,-1,-1,-1
399,3,100,14,16,16,20055.166107,20055.295673,0.129566,0x405218,1,5857,5130,727,28,100.000000,1,1,1.571741,1.200000,0.800000,monitor,1,1,1,1,8830976,10272768,1441792,425328369664,425332785152,4415488,425328730112,425332785152,4055040,-1,-1,-1
399,3,100,15,16,16,20055.145474,20055.275109,0.129635,0x405218,1,5417,4988,429,30,100.000000,1,1,1.571741,1.200000,0.800000,monitor,1,1,1,1,8560640,10272768,1712128,425327558656,425332785152,5226496,425327919104,425332785152,4866048,-1,-1,-1
400,4,100,0,16,16,20056.956180,20056.983906,0.027726,0x4052e4,1,2025,1112,913,32,100.000000,1,1,0.179698,1.200000,0.800000,monitor,1,1,1,1,11714560,11534336,-180224,425338101760,425338191872,90112,425338191872,425338191872,0,-1,-1,-1
400,4,100,1,16,16,20057.087574,20057.109873,0.022299,0x4052e4,1,812,445,367,34,100.000000,1,1,0.179698,1.200000,0.800000,monitor,1,1,1,1,11534336,11444224,-90112,425338191872,425338281984,90112,425338191872,425338281984,90112,-1,-1,-1
400,4,100,2,16,16,20056.982416,20057.002104,0.019688,0x4052e4,1,50,11,39,36,100.000000,1,1,0.179698,1.200000,0.800000,monitor,1,1,1,1,11444224,11534336,90112,425338191872,425338191872,0,425338191872,425338191872,0,-1,-1,-1
400,4,100,3,16,16,20056.964149,20056.982981,0.018832,0x4052e4,1,257,218,39,38,100.000000,1,1,0.179698,1.200000,0.800000,monitor,1,1,1,1,11534336,11534336,0,425338191872,425338191872,0,425338191872,425338191872,0,-1,-1,-1
400,4,100,4,16,16,20057.107076,20057.130380,0.023304,0x4052e4,1,555,389,166,40,100.000000,1,1,0.179698,1.200000,0.800000,monitor,14,7ffe,1,1,72810496,72810496,0,1062573490176,1062573580288,90112,1062573490176,1062573580288,90112,-1,-1,-1
400,4,100,5,16,16,20057.104988,20057.127872,0.022884,0x4052e4,1,514,375,139,42,100.000000,1,1,0.179698,1.200000,0.800000,monitor,14,7ffe,1,1,72720384,72810496,90112,1062573490176,1062573580288,90112,1062573490176,1062573580288,90112,-1,-1,-1
400,4,100,6,16,16,20057.078537,20057.100374,0.021837,0x4052e4,1,348,304,44,44,100.000000,1,1,0.179698,1.200000,0.800000,monitor,14,7ffe,1,1,72810496,72810496,0,1062573490176,1062573580288,90112,1062573490176,1062573580288,90112,-1,-1,-1
400,4,100,7,16,16,20056.959901,20056.983201,0.023300,0x4052e4,1,637,446,191,46,100.000000,1,1,0.179698,1.200000,0.800000,monitor,14,7ffe,1,1,73080832,72810496,-270336,1062573039616,1062573490176,450560,1062573400064,1062573490176,90112,-1,-1,-1
400,4,100,8,16,16,20056.953535,20056.975583,0.022048,0x4052e4,1,363,308,55,48,100.000000,1,1,0.179698,1.200000,0.800000,monitor,14,7ffe,1,1,72720384,72990720,270336,1062572859392,1062573490176,630784,1062573039616,1062573490176,450560,-1,-1,-1
400,4,100,9,16,16,20057.056080,20057.080220,0.024140,0x4052e4,1,2994,340,2654,18,100.000000,1,1,0.179698,1.200000,0.800000,monitor,14,7ffe,1,1,72810496,72720384,-90112,1062573490176,1062573490176,0,1062573490176,1062573580288,90112,-1,-1,-1
400,4,100,10,16,16,20057.091865,20057.116325,0.024460,0x4052e4,1,572,433,139,52,100.000000,1,1,0.179698,1.200000,0.800000,monitor,14,7ffe,1,1,72810496,72810496,0,1062573490176,1062573580288,90112,1062573490176,1062573580288,90112,-1,-1,-1
400,4,100,11,16,16,20056.975192,20056.997481,0.022289,0x4052e4,1,430,351,79,22,100.000000,1,1,0.179698,1.200000,0.800000,monitor,14,7ffe,1,1,73170944,72810496,-360448,1062573400064,1062573490176,90112,1062573400064,1062573490176,90112,-1,-1,-1
400,4,100,12,16,16,20057.049147,20057.068594,0.019447,0x4052e4,1,35,6,29,56,100.000000,1,1,0.179698,1.200000,0.800000,monitor,1,1,1,1,11534336,11534336,0,425338191872,425338281984,90112,425338191872,425338281984,90112,-1,-1,-1
400,4,100,13,16,16,20057.093934,20057.116154,0.022220,0x4052e4,1,669,333,336,58,100.000000,1,1,0.179698,1.200000,0.800000,monitor,1,1,1,1,11534336,11444224,-90112,425338191872,425338372096,180224,425338191872,425338372096,180224,-1,-1,-1
400,4,100,14,16,16,20057.113463,20057.133233,0.019770,0x4052e4,1,147,117,30,28,100.000000,1,1,0.179698,1.200000,0.800000,monitor,1,1,1,1,11624448,11444224,-180224,425338191872,425338372096,180224,425338191872,425338372096,180224,-1,-1,-1
400,4,100,15,16,16,20057.108777,20057.128825,0.020048,0x4052e4,1,187,145,42,30,100.000000,1,1,0.179698,1.200000,0.800000,monitor,1,1,1,1,11624448,11444224,-180224,425338191872,425338372096,180224,425338191872,425338372096,180224,-1,-1,-1
401,5,100,0,16,16,20057.409278,20057.428314,0.019036,0x40533c,1,42,2,40,32,100.000000,1,1,0.270844,1.200000,0.800000,monitor,1,1,1,1,13336576,13336576,0,425338912768,425338912768,0,425338912768,425338912768,0,-1,-1,-1
401,5,100,1,16,16,20057.302739,20057.321689,0.018950,0x40533c,1,57,3,54,34,100.000000,1,1,0.270844,1.200000,0.800000,monitor,1,1,1,1,13246464,13336576,90112,425338822656,425338912768,90112,425338822656,425338912768,90112,-1,-1,-1
401,5,100,2,16,16,20057.517284,20057.536440,0.019156,0x40533c,1,26,3,23,36,100.000000,1,1,0.270844,1.200000,0.800000,monitor,1,1,1,1,13336576,13336576,0,425338912768,425338912768,0,425338912768,425338912768,0,-1,-1,-1
401,5,100,3,16,16,20057.291485,20057.310221,0.018736,0x40533c,1,57,32,25,38,100.000000,1,1,0.270844,1.200000,0.800000,monitor,1,1,1,1,13156352,13336576,180224,425338822656,425338912768,90112,425338822656,425338912768,90112,-1,-1,-1
401,5,100,4,16,16,20057.394298,20057.418983,0.024685,0x40533c,1,392,269,123,40,100.000000,1,1,0.270844,1.200000,0.800000,monitor,14,7ffe,1,1,71188480,71188480,0,1062574481408,1062574571520,90112,1062574481408,1062574571520,90112,-1,-1,-1
401,5,100,5,16,16,20057.360705,20057.384645,0.023940,0x40533c,1,435,284,151,42,100.000000,1,1,0.270844,1.200000,0.800000,monitor,14,7ffe,1,1,71188480,71188480,0,1062574391296,1062574571520,180224,1062574481408,1062574571520,90112,-1,-1,-1
401,5,100,6,16,16,20057.301986,20057.325083,0.023097,0x40533c,1,462,308,154,44,100.000000,1,1,0.270844,1.200000,0.800000,monitor,14,7ffe,1,1,71188480,71188480,0,1062574391296,1062574481408,90112,1062574391296,1062574481408,90112,-1,-1,-1
401,5,100,7,16,16,20057.285249,20057.308965,0.023716,0x40533c,1,587,339,248,46,100.000000,1,1,0.270844,1.200000,0.800000,monitor,14,7ffe,1,1,71729152,71188480,-540672,1062574391296,1062574481408,90112,1062574391296,1062574481408,90112,-1,-1,-1
401,5,100,8,16,16,20057.386875,20057.410671,0.023796,0x40533c,1,416,212,204,48,100.000000,1,1,0.270844,1.200000,0.800000,monitor,14,7ffe,1,1,71188480,71188480,0,1062574481408,1062574571520,90112,1062574481408,1062574571520,90112,-1,-1,-1
401,5,100,9,16,16,20057.338870,20057.362104,0.023234,0x40533c,1,591,272,319,18,100.000000,1,1,0.270844,1.200000,0.800000,monitor,14,7ffe,1,1,71188480,71188480,0,1062574391296,1062574481408,90112,1062574391296,1062574571520,180224,-1,-1,-1
401,5,100,10,16,16,20057.298474,20057.322709,0.024235,0x40533c,1,513,308,205,52,100.000000,1,1,0.270844,1.200000,0.800000,monitor,14,7ffe,1,1,71188480,71188480,0,1062574391296,1062574481408,90112,1062574391296,1062574481408,90112,-1,-1,-1
401,5,100,11,16,16,20057.314275,20057.339936,0.025661,0x40533c,1,671,289,382,22,100.000000,1,1,0.270844,1.200000,0.800000,monitor,14,7ffe,1,1,71188480,71188480,0,1062574391296,1062574481408,90112,1062574391296,1062574481408,90112,-1,-1,-1
401,5,100,12,16,16,20057.288606,20057.307998,0.019392,0x40533c,1,29,6,23,56,100.000000,1,1,0.270844,1.200000,0.800000,monitor,1,1,1,1,13066240,13336576,270336,425338822656,425338912768,90112,425338822656,425338912768,90112,-1,-1,-1
401,5,100,13,16,16,20057.398747,20057.417668,0.018921,0x40533c,1,57,18,39,58,100.000000,1,1,0.270844,1.200000,0.800000,monitor,1,1,1,1,13336576,13336576,0,425338912768,425338912768,0,425338912768,425338912768,0,-1,-1,-1
401,5,100,14,16,16,20057.343038,20057.362978,0.019940,0x40533c,1,1507,116,1391,28,100.000000,1,1,0.270844,1.200000,0.800000,monitor,1,1,1,1,13246464,13336576,90112,425338822656,425338912768,90112,425338822656,425338912768,90112,-1,-1,-1
401,5,100,15,16,16,20057.535396,20057.556093,0.020697,0x40533c,1,1626,159,1467,30,100.000000,1,1,0.270844,1.200000,0.800000,monitor,1,1,1,1,13246464,13156352,-90112,425338912768,425338912768,0,425338912768,425338912768,0,-1,-1,-1
798,2,200,0,16,16,38976.880755,39177.841709,66.522241,0x4051ce,1,6890149,5382391,1507758,32,100.000000,1,1,203.380439,1.200000,0.800000,monitor,1,1,1,1,16400384,11714560,379011072,850163376128,854376652800,4001243136,850163556352,854377013248,3996827648,-1,-1,-1
798,2,200,1,16,16,38976.889558,39177.842876,71.485822,0x4051ce,1,7825627,6760705,1064922,34,100.000000,1,1,203.380439,1.200000,0.800000,monitor,1,1,1,1,16400384,11714560,360628224,850163646464,854376833024,4142448640,850164097024,854377103360,4136321024,-1,-1,-1
798,2,200,2,16,16,38976.858613,39177.902791,70.614937,0x4051ce,1,7112517,6048717,1063800,36,100.000000,1,1,203.380439,1.200000,0.800000,monitor,1,1,1,1,16400384,11804672,366755840,850163286016,854377463808,4134518784,850163556352,854377463808,4124246016,-1,-1,-1
798,2,200,3,16,16,38976.894814,39177.889741,71.739385,0x4051ce,1,7775475,6921597,853878,38,100.000000,1,1,203.380439,1.200000,0.800000,monitor,1,1,1,1,16400384,11804672,361168896,850163916800,854377463808,4144611328,850164637696,854377463808,4135059456,-1,-1,-1
798,2,200,4,16,16,38976.850542,39180.034977,198.258377,0x4051ce,1,21297107,17085281,4211826,40,100.000000,1,1,203.380439,1.200000,0.800000,monitor,14,7ffe,1,1,67403776,75333632,7659520,2240155664384,2252157321216,11989221376,2240155754496,2252157411328,11977056256,-1,-1,-1
798,2,200,5,16,16,38976.877645,39180.056322,181.577897,0x4051ce,1,22227808,17504224,4723584,42,100.000000,1,1,203.380439,1.200000,0.800000,monitor,14,7ffe,1,1,67403776,75694080,901120,2240155754496,2252157861888,11764752384,2240156205056,2252157952000,11756552192,-1,-1,-1
798,2,200,6,16,16,38976.855419,39179.925330,174.225134,0x4051ce,1,20720191,17129931,3590260,44,100.000000,1,1,203.380439,1.200000,0.800000,monitor,14,7ffe,1,1,67403776,75243520,-2252800,2240155664384,2252149751808,11368620032,2240155664384,2252150112256,11366006784,-1,-1,-1
798,2,200,7,16,16,38976.871827,39180.019737,183.174053,0x4051ce,1,22137739,17644147,4493592,46,100.000000,1,1,203.380439,1.200000,0.800000,monitor,14,7ffe,1,1,67403776,75063296,4866048,2240155754496,2252156600320,11797282816,2240155934720,2252157140992,11788992512,-1,-1,-1
798,2,200,8,16,16,38976.887334,39179.963482,179.753430,0x4051ce,1,22227082,17495119,4731963,48,100.000000,1,1,203.380439,1.200000,0.800000,monitor,14,7ffe,1,1,67403776,75063296,-2252800,2240155754496,2252153266176,11687346176,2240156295168,2252153626624,11684642816,-1,-1,-1
798,2,200,9,16,16,38976.890332,39180.120835,180.866669,0x4051ce,1,20031413,15737618,4293795,50,100.000000,1,1,203.380439,1.200000,0.800000,monitor,14,7ffe,1,1,67403776,75603968,811008,2240156114944,2252159393792,11675271168,2240156655616,2252159483904,11666169856,-1,-1,-1
798,2,200,10,16,16,38976.884312,39179.999052,174.002371,0x4051ce,1,22212918,15578770,6634148,52,100.000000,1,1,203.380439,1.200000,0.800000,monitor,14,7ffe,1,1,67403776,75153408,-2342912,2240155754496,2252155609088,11381956608,2240156295168,2252155879424,11376009216,-1,-1,-1
798,2,200,11,16,16,38976.852327,39180.206161,177.649962,0x4051ce,1,21364357,15516081,5848276,54,100.000000,1,1,203.380439,1.200000,0.800000,monitor,14,7ffe,1,1,67403776,75603968,270336,2240155664384,2252159934464,11526496256,2240155754496,2252159934464,11520098304,-1,-1,-1
798,2,200,12,16,16,38976.893539,39177.795697,62.534728,0x4051ce,1,7976454,4612075,3364379,56,100.000000,1,1,203.380439,1.200000,0.800000,monitor,1,1,1,1,16400384,11984896,382976000,850163826688,854374490112,3803267072,850164547584,854374850560,3809484800,-1,-1,-1
798,2,200,13,16,16,38976.825722,39177.820375,63.365910,0x4051ce,1,7100964,4289063,2811901,58,100.000000,1,1,203.380439,1.200000,0.800000,monitor,1,1,1,1,16400384,11714560,384688128,850163286016,854376022016,3859046400,850163286016,854376292352,3857604608,-1,-1,-1
798,2,200,14,16,16,38976.859663,39177.849325,68.563050,0x4051ce,1,7930435,5535922,2394513,28,100.000000,1,1,203.380439,1.200000,0.800000,monitor,1,1,1,1,16400384,11804672,378740736,850163286016,854377013248,4078559232,850163466240,854377193472,4070449152,-1,-1,-1
798,2,200,15,16,16,38976.873340,39177.882361,67.432672,0x4051ce,1,7783360,5459590,2323770,30,100.000000,1,1,203.380439,1.200000,0.800000,monitor,1,1,1,1,16400384,11804672,382345216,850163376128,854377463808,4032602112,850163556352,854377463808,4025483264,-1,-1,-1
799,3,200,0,16,16,39180.490632,39180.615985,0.125353,0x405218,1,5433,3570,1863,32,100.000000,1,1,0.404189,1.200000,0.800000,monitor,1,1,1,1,10452992,11984896,1531904,854380617728,854387466240,6848512,854381158400,854387466240,6307840,-1,-1,-1
799,3,200,1,16,16,39180.492699,39180.631459,0.138760,0x405218,1,5717,3787,1930,34,100.000000,1,1,0.404189,1.200000,0.800000,monitor,1,1,1,1,10272768,11894784,1622016,854380617728,854387466240,6848512,854380797952,854387466240,6668288,-1,-1,-1
799,3,200,2,16,16,39180.415677,39180.567818,0.152141,0x405218,1,5363,3617,1746,36,100.000000,1,1,0.404189,1.200000,0.800000,monitor,1,1,1,1,9822208,11894784,2072576,854378905600,854386925568,8019968,854378905600,854387105792,8200192,-1,-1,-1
799,3,200,3,16,16,39180.455099,39180.584216,0.129117,0x405218,1,4791,3125,1666,38,100.000000,1,1,0.404189,1.200000,0.800000,monitor,1,1,1,1,9822208,11804672,1982464,854379175936,854387195904,8019968,854379536384,854387286016,7749632,-1,-1,-1
799,3,200,4,16,16,39180.398586,39180.691444,0.292858,0x405218,1,12384,8681,3703,40,100.000000,1,1,0.404189,1.200000,0.800000,monitor,14,7ffe,1,1,75513856,73891840,-1622016,2252160385024,2252180389888,20004864,2252160385024,2252180750336,20365312,-1,-1,-1
799,3,200,5,16,16,39180.465732,39180.750499,0.284767,0x405218,1,12366,8731,3635,42,100.000000,1,1,0.404189,1.200000,0.800000,monitor,14,7ffe,1,1,75513856,74072064,-1441792,2252161736704,2252182282240,20545536,2252162097152,2252182282240,20185088,-1,-1,-1
799,3,200,6,16,16,39180.433748,39180.713503,0.279755,0x405218,1,12227,8783,3444,44,100.000000,1,1,0.404189,1.200000,0.800000,monitor,14,7ffe,1,1,75513856,74162176,-1351680,2252160655360,2252181651456,20996096,2252160655360,2252181831680,21176320,-1,-1,-1
799,3,200,7,16,16,39180.451596,39180.735243,0.283647,0x405218,1,12553,8953,3600,46,100.000000,1,1,0.404189,1.200000,0.800000,monitor,14,7ffe,1,1,75513856,74072064,-1441792,2252161286144,2252182011904,20725760,2252161646592,2252182102016,20455424,-1,-1,-1
799,3,200,8,16,16,39180.513820,39180.786573,0.272753,0x405218,1,12508,8774,3734,48,100.000000,1,1,0.404189,1.200000,0.800000,monitor,14,7ffe,1,1,74522624,74342400,-180224,2252166332416,2252182552576,16220160,2252166963200,2252182642688,15679488,-1,-1,-1
799,3,200,9,16,16,39180.445194,39180.782614,0.337420,0x405218,1,11489,7364,4125,50,100.000000,1,1,0.404189,1.200000,0.800000,monitor,14,7ffe,1,1,75513856,74342400,-1171456,2252160925696,2252182552576,21626880,2252161286144,2252182642688,21356544,-1,-1,-1
799,3,200,10,16,16,39180.520696,39180.768991,0.248295,0x405218,1,12654,7625,5029,52,100.000000,1,1,0.404189,1.200000,0.800000,monitor,14,7ffe,1,1,74432512,74252288,-180224,2252166963200,2252182552576,15589376,2252167774208,2252182552576,14778368,-1,-1,-1
799,3,200,11,16,16,39180.478971,39180.802775,0.323804,0x405218,1,11608,6747,4861,54,100.000000,1,1,0.404189,1.200000,0.800000,monitor,14,7ffe,1,1,75153408,74252288,-901120,2252162818048,2252182642688,19824640,2252163629056,2252182642688,19013632,-1,-1,-1
799,3,200,12,16,16,39180.407313,39180.532164,0.124851,0x405218,1,5219,3326,1893,56,100.000000,1,1,0.404189,1.200000,0.800000,monitor,1,1,1,1,9822208,11984896,2162688,854378905600,854384672768,5767168,854378905600,854384943104,6037504,-1,-1,-1
799,3,200,13,16,16,39180.501425,39180.669834,0.168409,0x405218,1,6051,4731,1320,58,100.000000,1,1,0.404189,1.200000,0.800000,monitor,1,1,1,1,10452992,11444224,991232,854381158400,854387466240,6307840,854381338624,854387466240,6127616,-1,-1,-1
799,3,200,14,16,16,39180.516662,39180.658783,0.142121,0x405218,1,5741,5029,712,28,100.000000,1,1,0.404189,1.200000,0.800000,monitor,1,1,1,1,10633216,11624448,991232,854381969408,854387466240,5496832,854382419968,854387466240,5046272,-1,-1,-1
799,3,200,15,16,16,39180.429010,39180.566644,0.137634,0x405218,1,5475,4987,488,30,100.000000,1,1,0.404189,1.200000,0.800000,monitor,1,1,1,1,9822208,11534336,1712128,854378905600,854386835456,7929856,854378905600,854387105792,8200192,-1,-1,-1
800,4,200,0,16,16,39181.463651,39181.492476,0.028825,0x4052e4,1,2078,1142,936,32,100.000000,1,1,0.590280,1.200000,0.800000,monitor,1,1,1,1,12435456,12435456,0,854390800384,854390890496,90112,854390800384,854390890496,90112,-1,-1,-1
800,4,200,1,16,16,39181.637757,39181.662732,0.024975,0x4052e4,1,2705,271,2434,34,100.000000,1,1,0.590280,1.200000,0.800000,monitor,1,1,1,1,12435456,12075008,-360448,854390890496,854390890496,0,854390890496,854390890496,0,-1,-1,-1
800,4,200,2,16,16,39181.149934,39181.171149,0.021215,0x4052e4,1,64,18,46,36,100.000000,1,1,0.590280,1.200000,0.800000,monitor,1,1,1,1,12435456,12345344,-90112,854390800384,854390800384,0,854390800384,854390800384,0,-1,-1,-1
800,4,200,3,16,16,39181.475768,39181.496152,0.020384,0x4052e4,1,105,69,36,38,100.000000,1,1,0.590280,1.200000,0.800000,monitor,1,1,1,1,12435456,12435456,0,854390800384,854390890496,90112,854390890496,854390890496,0,-1,-1,-1
800,4,200,4,16,16,39181.086535,39181.109579,0.023044,0x4052e4,1,271,228,43,40,100.000000,1,1,0.590280,1.200000,0.800000,monitor,14,7ffe,1,1,72179712,72269824,90112,2252184715264,2252185526272,811008,2252184985600,2252185526272,540672,-1,-1,-1
800,4,200,5,16,16,39181.190607,39181.213820,0.023213,0x4052e4,1,354,311,43,42,100.000000,1,1,0.590280,1.200000,0.800000,monitor,14,7ffe,1,1,72269824,71999488,-270336,2252185526272,2252185526272,0,2252185526272,2252185526272,0,-1,-1,-1
800,4,200,6,16,16,39181.087683,39181.111067,0.023384,0x4052e4,1,344,301,43,44,100.000000,1,1,0.590280,1.200000,0.800000,monitor,14,7ffe,1,1,72269824,72269824,0,2252184715264,2252185526272,811008,2252185075712,2252185526272,450560,-1,-1,-1
800,4,200,7,16,16,39181.084226,39181.107709,0.023483,0x4052e4,1,332,278,54,46,100.000000,1,1,0.590280,1.200000,0.800000,monitor,14,7ffe,1,1,72269824,72269824,0,2252184625152,2252185526272,901120,2252184985600,2252185526272,540672,-1,-1,-1
800,4,200,8,16,16,39181.185382,39181.209203,0.023821,0x4052e4,1,294,255,39,48,100.000000,1,1,0.590280,1.200000,0.800000,monitor,14,7ffe,1,1,72269824,71999488,-270336,2252185526272,2252185526272,0,2252185526272,2252185526272,0,-1,-1,-1
800,4,200,9,16,16,39181.474696,39181.499679,0.024983,0x4052e4,1,216,172,44,50,100.000000,1,1,0.590280,1.200000,0.800000,monitor,14,7ffe,1,1,71729152,71548928,-180224,2252185706496,2252185796608,90112,2252185706496,2252185796608,90112,-1,-1,-1
800,4,200,10,16,16,39181.164752,39181.189889,0.025137,0x4052e4,1,2989,349,2640,52,100.000000,1,1,0.590280,1.200000,0.800000,monitor,14,7ffe,1,1,72269824,71999488,-270336,2252185436160,2252185526272,90112,2252185526272,2252185526272,0,-1,-1,-1
800,4,200,11,16,16,39181.477915,39181.504612,0.026697,0x4052e4,1,3108,677,2431,54,100.000000,1,1,0.590280,1.200000,0.800000,monitor,14,7ffe,1,1,71729152,71548928,-180224,2252185616384,2252185796608,180224,2252185706496,2252185796608,90112,-1,-1,-1
800,4,200,12,16,16,39181.072452,39181.092669,0.020217,0x4052e4,1,125,93,32,56,100.000000,1,1,0.590280,1.200000,0.800000,monitor,1,1,1,1,12165120,12435456,270336,854390620160,854390800384,180224,854390710272,854390800384,90112,-1,-1,-1
800,4,200,13,16,16,39181.181313,39181.203612,0.022299,0x4052e4,1,96,55,41,58,100.000000,1,1,0.590280,1.200000,0.800000,monitor,1,1,1,1,12435456,12345344,-90112,854390800384,854390800384,0,854390800384,854390800384,0,-1,-1,-1
800,4,200,14,16,16,39181.136664,39181.160610,0.023946,0x4052e4,1,2627,246,2381,28,100.000000,1,1,0.590280,1.200000,0.800000,monitor,1,1,1,1,12435456,12345344,-90112,854390800384,854390800384,0,854390800384,854390800384,0,-1,-1,-1
800,4,200,15,16,16,39181.082235,39181.103858,0.021623,0x4052e4,1,273,236,37,30,100.000000,1,1,0.590280,1.200000,0.800000,monitor,1,1,1,1,12255232,12435456,180224,854390620160,854390800384,180224,854390710272,854390800384,90112,-1,-1,-1
801,5,200,0,16,16,39181.833233,39181.855180,0.021947,0x40533c,1,27,1,26,32,100.000000,1,1,0.632120,1.200000,0.800000,monitor,1,1,1,1,11984896,11894784,-90112,854391070720,854391070720,0,854391070720,854391070720,0,-1,-1,-1
801,5,200,1,16,16,39182.282419,39182.304509,0.022090,0x40533c,1,272,30,242,34,100.000000,1,1,0.632120,1.200000,0.800000,monitor,1,1,1,1,11894784,11894784,0,854391070720,854391070720,0,854391070720,854391070720,0,-1,-1,-1
801,5,200,2,16,16,39181.826826,39181.848784,0.021958,0x40533c,1,18,1,17,36,100.000000,1,1,0.632120,1.200000,0.800000,monitor,1,1,1,1,11984896,11984896,0,854391070720,854391070720,0,854391070720,854391070720,0,-1,-1,-1
801,5,200,3,16,16,39181.820771,39181.842352,0.021581,0x40533c,1,30,7,23,38,100.000000,1,1,0.632120,1.200000,0.800000,monitor,1,1,1,1,11984896,11984896,0,854391070720,854391070720,0,854391070720,854391070720,0,-1,-1,-1
801,5,200,4,16,16,39181.799962,39181.826588,0.026626,0x40533c,1,576,420,156,40,100.000000,1,1,0.632120,1.200000,0.800000,monitor,14,7ffe,1,1,71819264,71999488,180224,2252186066944,2252186247168,180224,2252186247168,2252186247168,0,-1,-1,-1
801,5,200,5,16,16,39182.308661,39182.345709,0.037048,0x40533c,1,2741,426,2315,42,100.000000,1,1,0.632120,1.200000,0.800000,monitor,14,7ffe,1,1,71999488,71909376,-90112,2252186247168,2252186427392,180224,2252186247168,2252186427392,180224,-1,-1,-1
801,5,200,6,16,16,39181.829733,39181.857291,0.027558,0x40533c,1,418,303,115,44,100.000000,1,1,0.632120,1.200000,0.800000,monitor,14,7ffe,1,1,71999488,72089600,90112,2252186247168,2252186247168,0,2252186247168,2252186247168,0,-1,-1,-1
801,5,200,7,16,16,39182.313043,39182.342947,0.029904,0x40533c,1,549,314,235,46,100.000000,1,1,0.632120,1.200000,0.800000,monitor,14,7ffe,1,1,71999488,71909376,-90112,2252186247168,2252186427392,180224,2252186247168,2252186427392,180224,-1,-1,-1
801,5,200,8,16,16,39182.298979,39182.328428,0.029449,0x40533c,1,663,434,229,48,100.000000,1,1,0.632120,1.200000,0.800000,monitor,14,7ffe,1,1,71999488,71909376,-90112,2252186247168,2252186427392,180224,2252186247168,2252186427392,180224,-1,-1,-1
801,5,200,9,16,16,39182.308380,39182.339818,0.031438,0x40533c,1,103,48,55,50,100.000000,1,1,0.632120,1.200000,0.800000,monitor,14,7ffe,1,1,71999488,71909376,-90112,2252186247168,2252186427392,180224,2252186247168,2252186427392,180224,-1,-1,-1
801,5,200,10,16,16,39182.397790,39182.432082,0.034292,0x40533c,1,3095,573,2522,52,100.000000,1,1,0.632120,1.200000,0.800000,monitor,14,7ffe,1,1,71909376,71729152,-180224,2252186427392,2252186517504,90112,2252186427392,2252186517504,90112,-1,-1,-1
801,5,200,11,16,16,39181.812071,39181.840870,0.028799,0x40533c,1,1188,456,732,54,100.000000,1,1,0.632120,1.200000,0.800000,monitor,14,7ffe,1,1,71819264,71999488,180224,2252186247168,2252186247168,0,2252186247168,2252186247168,0,-1,-1,-1
801,5,200,12,16,16,39181.814175,39181.835899,0.021724,0x40533c,1,55,18,37,56,100.000000,1,1,0.632120,1.200000,0.800000,monitor,1,1,1,1,12075008,11984896,-90112,854391070720,854391070720,0,854391070720,854391070720,0,-1,-1,-1
801,5,200,13,16,16,39181.808939,39181.830955,0.022016,0x40533c,1,18,1,17,58,100.000000,1,1,0.632120,1.200000,0.800000,monitor,1,1,1,1,12075008,11984896,-90112,854391070720,854391070720,0,854391070720,854391070720,0,-1,-1,-1
801,5,200,14,16,16,39182.137449,39182.160026,0.022577,0x40533c,1,1636,35,1601,28,100.000000,1,1,0.632120,1.200000,0.800000,monitor,1,1,1,1,11894784,11894784,0,854391070720,854391070720,0,854391070720,854391070720,0,-1,-1,-1
801,5,200,15,16,16,39181.804329,39181.826084,0.021755,0x40533c,1,23,4,19,30,100.000000,1,1,0.632120,1.200000,0.800000,monitor,1,1,1,1,12075008,11984896,-90112,854391070720,854391070720,0,854391070720,854391070720,0,-1,-1,-1
1198,2,300,0,16,16,58265.601350,58460.743949,67.713418,0x4051ce,1,6890043,5373951,1516092,32,100.000000,1,1,197.358444,1.200000,0.800000,monitor,1,1,1,1,16941056,10903552,397033472,1279263473664,1283554787328,4074323968,1279263653888,1283554787328,4069638144,-1,-1,-1
1198,2,300,1,16,16,58265.598158,58460.698304,72.914859,0x4051ce,1,7820389,6750490,1069899,34,100.000000,1,1,197.358444,1.200000,0.800000,monitor,1,1,1,1,16850944,11083776,374505472,1279263473664,1283553886208,4222648320,1279263563776,1283553886208,4210933760,-1,-1,-1
1198,2,300,2,16,16,58265.604437,58460.736897,72.491078,0x4051ce,1,7720890,6621671,1099219,36,100.000000,1,1,197.358444,1.200000,0.800000,monitor,1,1,1,1,16941056,10903552,377389056,1279263563776,1283554787328,4219133952,1279263653888,1283554787328,4212195328,-1,-1,-1
1198,2,300,3,16,16,58265.560873,58460.753481,73.213510,0x4051ce,1,7776152,6927597,848555,38,100.000000,1,1,197.358444,1.200000,0.800000,monitor,1,1,1,1,16580608,10903552,377028608,1279263383552,1283554787328,4224540672,1279263473664,1283554787328,4215529472,-1,-1,-1
1198,2,300,4,16,16,58265.616061,58462.865428,189.777534,0x4051ce,1,22001881,17792743,4209138,40,100.000000,1,1,197.358444,1.200000,0.800000,monitor,14,7ffe,1,1,67313664,76505088,7208960,3450141663232,3462249562112,12071673856,3450141843456,3462249742336,12062572544,-1,-1,-1
1198,2,300,5,16,16,58265.581572,58462.901617,191.333765,0x4051ce,1,21975794,17324774,4651020,42,100.000000,1,1,197.358444,1.200000,0.800000,monitor,14,7ffe,1,1,67493888,76685312,8560640,3450140672000,3462249922560,12084379648,3450140852224,3462250012672,12074467328,-1,-1,-1
1198,2,300,6,16,16,58265.612720,58462.781333,178.713058,0x4051ce,1,20731650,17136546,3595104,44,100.000000,1,1,197.358444,1.200000,0.800000,monitor,14,7ffe,1,1,67493888,76955648,360448,3450141302784,3462242893824,11637334016,3450141753344,3462243704832,11641028608,-1,-1,-1
1198,2,300,7,16,16,58265.611398,58462.871261,186.052867,0x4051ce,1,22215910,17742853,4473057,46,100.000000,1,1,197.358444,1.200000,0.800000,monitor,14,7ffe,1,1,67493888,76595200,8110080,3450141122560,3462249742336,11994628096,3450141663232,3462249922560,11985616896,-1,-1,-1
1198,2,300,8,16,16,58265.556136,58462.890250,184.429527,0x4051ce,1,22248064,17550919,4697145,48,100.000000,1,1,197.358444,1.200000,0.800000,monitor,14,7ffe,1,1,67584000,76685312,6668288,3450140581888,3462249922560,11940380672,3450140672000,3462249922560,11937767424,-1,-1,-1
1198,2,300,9,16,16,58265.558469,58462.786822,175.142751,0x4051ce,1,20756564,16309018,4447546,50,100.000000,1,1,197.358444,1.200000,0.800000,monitor,14,7ffe,1,1,67584000,76955648,-90112,3450140581888,3462243524608,11411873792,3450140672000,3462243975168,11418542080,-1,-1,-1
1198,2,300,10,16,16,58265.568853,58462.914580,178.944380,0x4051ce,1,22237830,15665736,6572094,52,100.000000,1,1,197.358444,1.200000,0.800000,monitor,14,7ffe,1,1,67493888,76685312,-540672,3450140581888,3462250012672,11661303808,3450140672000,3462250012672,11656708096,-1,-1,-1
1198,2,300,11,16,16,58265.569300,58462.890779,176.812492,0x4051ce,1,21764058,15840134,5923924,54,100.000000,1,1,197.358444,1.200000,0.800000,monitor,14,7ffe,1,1,67493888,76685312,-450560,3450140581888,3462249922560,11534696448,3450140672000,3462249922560,11533434880,-1,-1,-1
1198,2,300,12,16,16,58265.582431,58460.673122,64.277914,0x4051ce,1,7745932,4470591,3275341,56,100.000000,1,1,197.358444,1.200000,0.800000,monitor,1,1,1,1,16850944,11264000,393248768,1279263383552,1283552714752,3905363968,1279263473664,1283552985088,3904372736,-1,-1,-1
1198,2,300,13,16,16,58265.581062,58460.667099,65.942526,0x4051ce,1,8025989,5057444,2968545,26,100.000000,1,1,197.358444,1.200000,0.800000,monitor,1,1,1,1,16670720,11264000,396582912,1279263383552,1283552804864,4004757504,1279263563776,1283553345536,4002504704,-1,-1,-1
1198,2,300,14,16,16,58265.605727,58460.754062,69.939350,0x4051ce,1,7927578,5577424,2350154,28,100.000000,1,1,197.358444,1.200000,0.800000,monitor,1,1,1,1,16941056,10903552,391626752,1279263563776,1283554787328,4153622528,1279263834112,1283554787328,4146954240,-1,-1,-1
1198,2,300,15,16,16,58265.587894,58460.753584,69.074146,0x4051ce,1,7785595,5516751,2268844,62,100.000000,1,1,197.358444,1.200000,0.800000,monitor,1,1,1,1,16760832,10903552,396763136,1279263383552,1283554787328,4113702912,1279263473664,1283554787328,4106674176,-1,-1,-1
1199,3,300,0,16,16,58463.113580,58463.241769,0.128189,0x405218,1,5497,3620,1877,32,100.000000,1,1,0.373722,1.200000,0.800000,monitor,1,1,1,1,8110080,10362880,2252800,1283556319232,1283563438080,7118848,1283556319232,1283563528192,7208960,-1,-1,-1
1199,3,300,1,16,16,58463.128834,58463.264826,0.135992,0x405218,1,5296,3307,1989,34,100.000000,1,1,0.373722,1.200000,0.800000,monitor,1,1,1,1,8200192,10092544,1892352,1283556319232,1283563708416,7389184,1283556409344,1283563888640,7479296,-1,-1,-1
1199,3,300,2,16,16,58463.168131,58463.303233,0.135102,0x405218,1,5814,4185,1629,36,100.000000,1,1,0.373722,1.200000,0.800000,monitor,1,1,1,1,8740864,10092544,1351680,1283557580800,1283564519424,6938624,1283557941248,1283564519424,6578176,-1,-1,-1
1199,3,300,3,16,16,58463.200502,58463.321889,0.121387,0x405218,1,4372,2666,1706,38,100.000000,1,1,0.373722,1.200000,0.800000,monitor,1,1,1,1,9641984,10002432,360448,1283559473152,1283564519424,5046272,1283559833600,1283564519424,4685824,-1,-1,-1
1199,3,300,4,16,16,58463.199400,58463.480404,0.281004,0x405218,1,12481,9050,3431,40,100.000000,1,1,0.373722,1.200000,0.800000,monitor,14,7ffe,1,1,75603968,76324864,720896,3462253256704,3462270287872,17031168,3462253527040,3462270287872,16760832,-1,-1,-1
1199,3,300,5,16,16,58463.181688,58463.467337,0.285649,0x405218,1,12458,8892,3566,42,100.000000,1,1,0.373722,1.200000,0.800000,monitor,14,7ffe,1,1,75964416,76234752,270336,3462250823680,3462270287872,19464192,3462251544576,3462270287872,18743296,-1,-1,-1
1199,3,300,6,16,16,58463.175215,58463.450724,0.275509,0x405218,1,12269,9123,3146,44,100.000000,1,1,0.373722,1.200000,0.800000,monitor,14,7ffe,1,1,76234752,76144640,-90112,3462250553344,3462270017536,19464192,3462251003904,3462270287872,19283968,-1,-1,-1
1199,3,300,7,16,16,58463.160836,58463.437507,0.276671,0x405218,1,12548,8890,3658,46,100.000000,1,1,0.373722,1.200000,0.800000,monitor,14,7ffe,1,1,76955648,75964416,-991232,3462250283008,3462269476864,19193856,3462250373120,3462269747200,19374080,-1,-1,-1
1199,3,300,8,16,16,58463.191366,58463.474097,0.282731,0x405218,1,12582,9018,3564,48,100.000000,1,1,0.373722,1.200000,0.800000,monitor,14,7ffe,1,1,75694080,76234752,540672,3462251905024,3462270287872,18382848,3462253166592,3462270287872,17121280,-1,-1,-1
1199,3,300,9,16,16,58463.151213,58463.413443,0.262230,0x405218,1,12385,7824,4561,50,100.000000,1,1,0.373722,1.200000,0.800000,monitor,14,7ffe,1,1,76955648,75513856,-1441792,3462250102784,3462268846080,18743296,3462250283008,3462268936192,18653184,-1,-1,-1
1199,3,300,10,16,16,58463.116247,58463.360940,0.244693,0x405218,1,12676,7200,5476,52,100.000000,1,1,0.373722,1.200000,0.800000,monitor,14,7ffe,1,1,76955648,74792960,-2162688,3462250102784,3462267133952,17031168,3462250102784,3462267314176,17211392,-1,-1,-1
1199,3,300,11,16,16,58463.106682,58463.355226,0.248544,0x405218,1,12387,7019,5368,54,100.000000,1,1,0.373722,1.200000,0.800000,monitor,14,7ffe,1,1,76955648,74883072,-2072576,3462250102784,3462266863616,16760832,3462250102784,3462267133952,17031168,-1,-1,-1
1199,3,300,12,16,16,58463.153621,58463.282380,0.128759,0x405218,1,5967,4049,1918,56,100.000000,1,1,0.373722,1.200000,0.800000,monitor,1,1,1,1,8200192,10452992,2252800,1283556950016,1283564339200,7389184,1283557490688,1283564429312,6938624,-1,-1,-1
1199,3,300,13,16,16,58463.128352,58463.270469,0.142117,0x405218,1,6338,5106,1232,26,100.000000,1,1,0.373722,1.200000,0.800000,monitor,1,1,1,1,8110080,10452992,2342912,1283556319232,1283563978752,7659520,1283556319232,1283564249088,7929856,-1,-1,-1
1199,3,300,14,16,16,58463.136562,58463.279273,0.142711,0x405218,1,5689,5027,662,28,100.000000,1,1,0.373722,1.200000,0.800000,monitor,1,1,1,1,8200192,10452992,2252800,1283556409344,1283564339200,7929856,1283556499456,1283564339200,7839744,-1,-1,-1
1199,3,300,15,16,16,58463.186702,58463.331167,0.144465,0x405218,1,5296,4795,501,62,100.000000,1,1,0.373722,1.200000,0.800000,monitor,1,1,1,1,9461760,10002432,540672,1283558662144,1283564519424,5857280,1283559202816,1283564519424,5316608,-1,-1,-1
1200,4,300,0,16,16,58463.871242,58463.899667,0.028425,0x4052e4,1,2032,1192,840,32,100.000000,1,1,0.499607,1.200000,0.800000,monitor,1,1,1,1,10633216,10723328,90112,1283567673344,1283567763456,90112,1283567763456,1283567763456,0,-1,-1,-1
1200,4,300,1,16,16,58463.768500,58463.788116,0.019616,0x4052e4,1,140,96,44,34,100.000000,1,1,0.499607,1.200000,0.800000,monitor,1,1,1,1,9551872,10633216,1081344,1283567493120,1283567673344,180224,1283567583232,1283567763456,180224,-1,-1,-1
1200,4,300,2,16,16,58463.774035,58463.793420,0.019385,0x4052e4,1,277,217,60,36,100.000000,1,1,0.499607,1.200000,0.800000,monitor,1,1,1,1,9551872,10723328,1171456,1283567493120,1283567763456,270336,1283567583232,1283567763456,180224,-1,-1,-1
1200,4,300,3,16,16,58464.065971,58464.084838,0.018867,0x4052e4,1,63,33,30,38,100.000000,1,1,0.499607,1.200000,0.800000,monitor,1,1,1,1,10903552,10903552,0,1283567763456,1283567853568,90112,1283567763456,1283567853568,90112,-1,-1,-1
1200,4,300,4,16,16,58464.090187,58464.115782,0.025595,0x4052e4,1,3048,350,2698,40,100.000000,1,1,0.499607,1.200000,0.800000,monitor,14,7ffe,1,1,74162176,74072064,-90112,3462272811008,3462272901120,90112,3462272811008,3462272901120,90112,-1,-1,-1
1200,4,300,5,16,16,58463.858794,58463.887619,0.028825,0x4052e4,1,2613,116,2497,42,100.000000,1,1,0.499607,1.200000,0.800000,monitor,14,7ffe,1,1,74792960,74252288,-540672,3462272720896,3462272720896,0,3462272720896,3462272720896,0,-1,-1,-1
1200,4,300,6,16,16,58463.819229,58463.847947,0.028718,0x4052e4,1,2576,127,2449,44,100.000000,1,1,0.499607,1.200000,0.800000,monitor,14,7ffe,1,1,75243520,74432512,-811008,3462272360448,3462272720896,360448,3462272540672,3462272720896,180224,-1,-1,-1
1200,4,300,7,16,16,58463.786212,58463.808145,0.021933,0x4052e4,1,328,276,52,46,100.000000,1,1,0.499607,1.200000,0.800000,monitor,14,7ffe,1,1,75964416,74702848,-1261568,3462271819776,3462272720896,901120,3462272180224,3462272720896,540672,-1,-1,-1
1200,4,300,8,16,16,58463.840500,58463.862199,0.021699,0x4052e4,1,288,235,53,48,100.000000,1,1,0.499607,1.200000,0.800000,monitor,14,7ffe,1,1,74792960,74252288,-540672,3462272540672,3462272720896,180224,3462272720896,3462272720896,0,-1,-1,-1
1200,4,300,9,16,16,58463.871259,58463.892936,0.021677,0x4052e4,1,326,265,61,50,100.000000,1,1,0.499607,1.200000,0.800000,monitor,14,7ffe,1,1,74702848,74252288,-450560,3462272720896,3462272720896,0,3462272720896,3462272720896,0,-1,-1,-1
1200,4,300,10,16,16,58463.753170,58463.775333,0.022163,0x4052e4,1,365,313,52,52,100.000000,1,1,0.499607,1.200000,0.800000,monitor,14,7ffe,1,1,75603968,74792960,-811008,3462271188992,3462272540672,1351680,3462271729664,3462272720896,991232,-1,-1,-1
1200,4,300,11,16,16,58463.750106,58463.772296,0.022190,0x4052e4,1,392,331,61,54,100.000000,1,1,0.499607,1.200000,0.800000,monitor,14,7ffe,1,1,75513856,74883072,-630784,3462271188992,3462272450560,1261568,3462271639552,3462272540672,901120,-1,-1,-1
1200,4,300,12,16,16,58463.747249,58463.766091,0.018842,0x4052e4,1,240,185,55,56,100.000000,1,1,0.499607,1.200000,0.800000,monitor,1,1,1,1,9641984,10182656,540672,1283567403008,1283567673344,270336,1283567403008,1283567673344,270336,-1,-1,-1
1200,4,300,13,16,16,58463.761946,58463.785327,0.023381,0x4052e4,1,265,238,27,26,100.000000,1,1,0.499607,1.200000,0.800000,monitor,1,1,1,1,9551872,10633216,1081344,1283567403008,1283567673344,270336,1283567493120,1283567673344,180224,-1,-1,-1
1200,4,300,14,16,16,58463.774442,58463.794141,0.019699,0x4052e4,1,226,161,65,28,100.000000,1,1,0.499607,1.200000,0.800000,monitor,1,1,1,1,9461760,10723328,1261568,1283567493120,1283567763456,270336,1283567583232,1283567763456,180224,-1,-1,-1
1200,4,300,15,16,16,58464.224043,58464.246856,0.022813,0x4052e4,1,2697,243,2454,62,100.000000,1,1,0.499607,1.200000,0.800000,monitor,1,1,1,1,10903552,10723328,-180224,1283567853568,1283567853568,0,1283567853568,1283567853568,0,-1,-1,-1
1201,5,300,0,16,16,58464.379369,58464.398180,0.018811,0x40533c,1,37,0,37,32,100.000000,1,1,1.098047,1.200000,0.800000,monitor,1,1,1,1,11354112,11264000,-90112,1283568033792,1283568214016,180224,1283568033792,1283568214016,180224,-1,-1,-1
1201,5,300,1,16,16,58464.762356,58464.780941,0.018585,0x40533c,1,37,9,28,34,100.000000,1,1,1.098047,1.200000,0.800000,monitor,1,1,1,1,11173888,11173888,0,1283568304128,1283568304128,0,1283568304128,1283568304128,0,-1,-1,-1
1201,5,300,2,16,16,58464.369904,58464.388602,0.018698,0x40533c,1,21,2,19,36,100.000000,1,1,1.098047,1.200000,0.800000,monitor,1,1,1,1,11264000,11264000,0,1283568033792,1283568214016,180224,1283568033792,1283568214016,180224,-1,-1,-1
1201,5,300,3,16,16,58465.243350,58465.263942,0.020592,0x40533c,1,1625,101,1524,38,100.000000,1,1,1.098047,1.200000,0.800000,monitor,1,1,1,1,11173888,11083776,-90112,1283568304128,1283568304128,0,1283568304128,1283568304128,0,-1,-1,-1
1201,5,300,4,16,16,58464.376678,58464.404077,0.027399,0x40533c,1,971,336,635,40,100.000000,1,1,1.098047,1.200000,0.800000,monitor,14,7ffe,1,1,73891840,73621504,-270336,3462273622016,3462275514368,1892352,3462273802240,3462275514368,1712128,-1,-1,-1
1201,5,300,5,16,16,58464.925164,58464.952469,0.027305,0x40533c,1,2762,577,2185,42,100.000000,1,1,1.098047,1.200000,0.800000,monitor,14,7ffe,1,1,73261056,73080832,-180224,3462275604480,3462275604480,0,3462275604480,3462275604480,0,-1,-1,-1
1201,5,300,6,16,16,58464.641009,58464.668484,0.027475,0x40533c,1,2829,692,2137,44,100.000000,1,1,1.098047,1.200000,0.800000,monitor,14,7ffe,1,1,73621504,73531392,-90112,3462275514368,3462275514368,0,3462275514368,3462275514368,0,-1,-1,-1
1201,5,300,7,16,16,58465.227741,58465.252125,0.024384,0x40533c,1,614,372,242,46,100.000000,1,1,1.098047,1.200000,0.800000,monitor,14,7ffe,1,1,72900608,72900608,0,3462275604480,3462275784704,180224,3462275604480,3462275784704,180224,-1,-1,-1
1201,5,300,8,16,16,58465.098728,58465.126224,0.027496,0x40533c,1,2617,333,2284,48,100.000000,1,1,1.098047,1.200000,0.800000,monitor,14,7ffe,1,1,73080832,72900608,-180224,3462275604480,3462275604480,0,3462275604480,3462275604480,0,-1,-1,-1
1201,5,300,9,16,16,58465.435939,58465.463090,0.027151,0x40533c,1,2688,388,2300,50,100.000000,1,1,1.098047,1.200000,0.800000,monitor,14,7ffe,1,1,72810496,72720384,-90112,3462275784704,3462275784704,0,3462275784704,3462275784704,0,-1,-1,-1
1201,5,300,10,16,16,58464.781092,58464.809874,0.028782,0x40533c,1,3012,556,2456,52,100.000000,1,1,1.098047,1.200000,0.800000,monitor,14,7ffe,1,1,73441280,73261056,-180224,3462275514368,3462275604480,90112,3462275514368,3462275604480,90112,-1,-1,-1
1201,5,300,11,16,16,58464.365043,58464.389825,0.024782,0x40533c,1,606,320,286,54,100.000000,1,1,1.098047,1.200000,0.800000,monitor,14,7ffe,1,1,74342400,73801728,-540672,3462273531904,3462274523136,991232,3462273622016,3462275153920,1531904,-1,-1,-1
1201,5,300,12,16,16,58464.771598,58464.790216,0.018618,0x40533c,1,29,4,25,56,100.000000,1,1,1.098047,1.200000,0.800000,monitor,1,1,1,1,11173888,11173888,0,1283568304128,1283568304128,0,1283568304128,1283568304128,0,-1,-1,-1
1201,5,300,13,16,16,58465.081572,58465.100211,0.018639,0x40533c,1,35,9,26,26,100.000000,1,1,1.098047,1.200000,0.800000,monitor,1,1,1,1,11173888,11173888,0,1283568304128,1283568304128,0,1283568304128,1283568304128,0,-1,-1,-1
1201,5,300,14,16,16,58464.381262,58464.399905,0.018643,0x40533c,1,33,4,29,28,100.000000,1,1,1.098047,1.200000,0.800000,monitor,1,1,1,1,11534336,11264000,-270336,1283568033792,1283568214016,180224,1283568214016,1283568304128,90112,-1,-1,-1
1201,5,300,15,16,16,58464.913732,58464.932828,0.019096,0x40533c,1,517,44,473,62,100.000000,1,1,1.098047,1.200000,0.800000,monitor,1,1,1,1,11173888,11173888,0,1283568304128,1283568304128,0,1283568304128,1283568304128,0,-1,-1,-1
1598,2,400,0,16,16,77503.208242,77695.577849,66.644074,0x4051ce,1,6887099,5355480,1531619,32,100.000000,1,1,194.702569,1.200000,0.800000,monitor,1,1,1,1,15499264,11354112,388833280,1707462991872,1711725830144,4032331776,1707463081984,1711726010368,4030529536,-1,-1,-1
1598,2,400,1,16,16,77503.237159,77695.605487,71.809360,0x4051ce,1,7818533,6742960,1075573,34,100.000000,1,1,194.702569,1.200000,0.800000,monitor,1,1,1,1,15589376,11444224,371802112,1707463172096,1711726190592,4190928896,1707464613888,1711726280704,4181377024,-1,-1,-1
1598,2,400,2,16,16,77503.187409,77695.610701,71.734626,0x4051ce,1,7819422,6730293,1089129,36,100.000000,1,1,194.702569,1.200000,0.800000,monitor,1,1,1,1,15409152,11534336,373334016,1707462991872,1711726190592,4193091584,1707462991872,1711726280704,4184260608,-1,-1,-1
1598,2,400,3,16,16,77503.169505,77695.643200,71.692824,0x4051ce,1,7178631,6341816,836815,38,100.000000,1,1,194.702569,1.200000,0.800000,monitor,1,1,1,1,15228928,11534336,375586816,1707462991872,1711726280704,4188045312,1707462991872,1711726280704,4178132992,-1,-1,-1
1598,2,400,4,16,16,77503.247605,77697.764611,182.972647,0x4051ce,1,21986783,17799844,4186939,40,100.000000,1,1,194.702569,1.200000,0.800000,monitor,14,7ffe,1,1,68485120,76414976,1802240,4657725095936,4669655564288,11812872192,4657725997056,4669655924736,11804491776,-1,-1,-1
1598,2,400,5,16,16,77503.226487,77697.772294,181.720813,0x4051ce,1,22087013,17465184,4621829,42,100.000000,1,1,194.702569,1.200000,0.800000,monitor,14,7ffe,1,1,68665344,76414976,540672,4657724915712,4669656014848,11771961344,4657725005824,4669656104960,11763761152,-1,-1,-1
1598,2,400,6,16,16,77503.190831,77697.853926,185.702977,0x4051ce,1,19831132,16482844,3348288,44,100.000000,1,1,194.702569,1.200000,0.800000,monitor,14,7ffe,1,1,68755456,76324864,2252800,4657724104704,4669657366528,11794128896,4657724194816,4669657366528,11785027584,-1,-1,-1
1598,2,400,7,16,16,77503.198348,77697.711866,181.707243,0x4051ce,1,22061987,17417954,4644033,46,100.000000,1,1,194.702569,1.200000,0.800000,monitor,14,7ffe,1,1,68575232,76505088,-90112,4657724194816,4669652410368,11769257984,4657724375040,4669652860928,11762950144,-1,-1,-1
1598,2,400,8,16,16,77503.173505,77697.700660,180.385753,0x4051ce,1,22072063,17403438,4668625,48,100.000000,1,1,194.702569,1.200000,0.800000,monitor,14,7ffe,1,1,68755456,76054528,-540672,4657724104704,4669651509248,11688878080,4657724104704,4669652230144,11687256064,-1,-1,-1
1598,2,400,9,16,16,77503.228081,77697.636188,169.879004,0x4051ce,1,20597764,16188762,4409002,50,100.000000,1,1,194.702569,1.200000,0.800000,monitor,14,7ffe,1,1,68575232,76324864,-270336,4657724645376,4669646102528,11021418496,4657724915712,4669646192640,11021238272,-1,-1,-1
1598,2,400,10,16,16,77503.226549,77697.781775,174.718231,0x4051ce,1,21917210,15480982,6436228,20,100.000000,1,1,194.702569,1.200000,0.800000,monitor,14,7ffe,1,1,68575232,76324864,-270336,4657724194816,4669656104960,11338432512,4657724915712,4669656285184,11335008256,-1,-1,-1
1598,2,400,11,16,16,77503.223495,77697.872074,187.821175,0x4051ce,1,20569181,14936481,5632700,54,100.000000,1,1,194.702569,1.200000,0.800000,monitor,14,7ffe,1,1,68575232,76324864,6848512,4657724104704,4669657366528,11894964224,4657724375040,4669657366528,11881807872,-1,-1,-1
1598,2,400,12,16,16,77503.221870,77695.459714,62.984193,0x4051ce,1,7988228,4568499,3419729,56,100.000000,1,1,194.702569,1.200000,0.800000,monitor,1,1,1,1,15589376,11984896,390905856,1707462991872,1711719702528,3854991360,1707463172096,1711719972864,3861028864,-1,-1,-1
1598,2,400,13,16,16,77503.234564,77695.512843,64.597274,0x4051ce,1,8033943,4987519,3046424,58,100.000000,1,1,194.702569,1.200000,0.800000,monitor,1,1,1,1,15679488,11894784,393068544,1707463983104,1711722856448,3957989376,1707464704000,1711723307008,3957178368,-1,-1,-1
1598,2,400,14,16,16,77503.175669,77695.569636,68.814188,0x4051ce,1,7929408,5548207,2381201,28,100.000000,1,1,194.702569,1.200000,0.800000,monitor,1,1,1,1,15319040,11444224,386400256,1707462991872,1711725559808,4119560192,1707462991872,1711725740032,4113162240,-1,-1,-1
1598,2,400,15,16,16,77503.239065,77695.608770,67.754302,0x4051ce,1,7783740,5483859,2299881,62,100.000000,1,1,194.702569,1.200000,0.800000,monitor,1,1,1,1,15679488,11444224,388833280,1707463892992,1711726190592,4076666880,1707464974336,1711726280704,4068737024,-1,-1,-1
1599,3,400,0,16,16,77698.075861,77698.201393,0.125532,0x405218,1,5389,3514,1875,32,100.000000,1,1,0.439279,1.200000,0.800000,monitor,1,1,1,1,8921088,10903552,1982464,1711727542272,1711735021568,7479296,1711727542272,1711735201792,7659520,-1,-1,-1
1599,3,400,1,16,16,77698.118945,77698.252886,0.133941,0x405218,1,5441,3523,1918,34,100.000000,1,1,0.439279,1.200000,0.800000,monitor,1,1,1,1,8921088,11083776,2162688,1711728353280,1711736283136,7929856,1711728533504,1711736463360,7929856,-1,-1,-1
1599,3,400,2,16,16,77698.154744,77698.280823,0.126079,0x405218,1,5336,3553,1783,36,100.000000,1,1,0.439279,1.200000,0.800000,monitor,1,1,1,1,9732096,10633216,901120,1711730065408,1711736463360,6397952,1711730245632,1711736463360,6217728,-1,-1,-1
1599,3,400,3,16,16,77698.124481,77698.265462,0.140981,0x405218,1,4860,3360,1500,38,100.000000,1,1,0.439279,1.200000,0.800000,monitor,1,1,1,1,9011200,10903552,1892352,1711728353280,1711736463360,8110080,1711728623616,1711736463360,7839744,-1,-1,-1
1599,3,400,4,16,16,77698.166444,77698.452635,0.286191,0x405218,1,12393,8781,3612,40,100.000000,1,1,0.439279,1.200000,0.800000,monitor,14,7ffe,1,1,75513856,76054528,540672,4669660880896,4669679083520,18202624,4669661872128,4669679173632,17301504,-1,-1,-1
1599,3,400,5,16,16,77698.133205,77698.413862,0.280657,0x405218,1,12355,8665,3690,42,100.000000,1,1,0.439279,1.200000,0.800000,monitor,14,7ffe,1,1,75964416,75874304,-90112,4669658177536,4669678632960,20455424,4669658267648,4669678993408,20725760,-1,-1,-1
1599,3,400,6,16,16,77698.153024,77698.506326,0.353302,0x405218,1,11270,8238,3032,44,100.000000,1,1,0.439279,1.200000,0.800000,monitor,14,7ffe,1,1,75603968,76144640,540672,4669659078656,4669679534080,20455424,4669659619328,4669679534080,19914752,-1,-1,-1
1599,3,400,7,16,16,77698.116859,77698.403578,0.286719,0x405218,1,12510,8775,3735,46,100.000000,1,1,0.439279,1.200000,0.800000,monitor,14,7ffe,1,1,76234752,75874304,-360448,4669657997312,4669678362624,20365312,4669658087424,4669678632960,20545536,-1,-1,-1
1599,3,400,8,16,16,77698.122409,77698.402567,0.280158,0x405218,1,12405,8611,3794,48,100.000000,1,1,0.439279,1.200000,0.800000,monitor,14,7ffe,1,1,76234752,75874304,-360448,4669658087424,4669678362624,20275200,4669658087424,4669678632960,20545536,-1,-1,-1
1599,3,400,9,16,16,77698.143341,77698.408028,0.264687,0x405218,1,12345,8224,4121,50,100.000000,1,1,0.439279,1.200000,0.800000,monitor,14,7ffe,1,1,75784192,75874304,90112,4669658537984,4669678632960,20094976,4669658988544,4669678813184,19824640,-1,-1,-1
1599,3,400,10,16,16,77698.097169,77698.355028,0.257859,0x405218,1,12581,7396,5185,20,100.000000,1,1,0.439279,1.200000,0.800000,monitor,14,7ffe,1,1,76234752,75513856,-720896,4669657726976,4669676560384,18833408,4669657817088,4669676560384,18743296,-1,-1,-1
1599,3,400,11,16,16,77698.071841,77698.392664,0.320823,0x405218,1,11603,6489,5114,54,100.000000,1,1,0.439279,1.200000,0.800000,monitor,14,7ffe,1,1,76234752,75784192,-450560,4669657546752,4669678182400,20635648,4669657726976,4669678272512,20545536,-1,-1,-1
1599,3,400,12,16,16,77698.090958,77698.220074,0.129116,0x405218,1,5291,3321,1970,56,100.000000,1,1,0.439279,1.200000,0.800000,monitor,1,1,1,1,8921088,11264000,2342912,1711727542272,1711735922688,8380416,1711727632384,1711736012800,8380416,-1,-1,-1
1599,3,400,13,16,16,77698.170148,77698.310339,0.140191,0x405218,1,6350,5046,1304,58,100.000000,1,1,0.439279,1.200000,0.800000,monitor,1,1,1,1,9912320,10452992,540672,1711731056640,1711736463360,5406720,1711731236864,1711736463360,5226496,-1,-1,-1
1599,3,400,14,16,16,77698.067047,77698.208098,0.141051,0x405218,1,5586,4948,638,28,100.000000,1,1,0.439279,1.200000,0.800000,monitor,1,1,1,1,8921088,11173888,2252800,1711727542272,1711735382016,7839744,1711727542272,1711735652352,8110080,-1,-1,-1
1599,3,400,15,16,16,77698.078139,77698.217581,0.139442,0x405218,1,5353,4923,430,62,100.000000,1,1,0.439279,1.200000,0.800000,monitor,1,1,1,1,8921088,11173888,2252800,1711727542272,1711735832576,8290304,1711727542272,1711735922688,8380416,-1,-1,-1
1600,4,400,0,16,16,77698.863812,77698.892949,0.029137,0x4052e4,1,2045,1175,870,32,100.000000,1,1,0.305018,1.200000,0.800000,monitor,1,1,1,1,10993664,10993664,0,1711739707392,1711739797504,90112,1711739797504,1711739797504,0,-1,-1,-1
1600,4,400,1,16,16,77698.777510,77698.798092,0.020582,0x4052e4,1,102,76,26,34,100.000000,1,1,0.305018,1.200000,0.800000,monitor,1,1,1,1,10543104,10993664,450560,1711739617280,1711739707392,90112,1711739617280,1711739797504,180224,-1,-1,-1
1600,4,400,2,16,16,77699.034240,77699.054763,0.020523,0x4052e4,1,97,59,38,36,100.000000,1,1,0.305018,1.200000,0.800000,monitor,1,1,1,1,10993664,10903552,-90112,1711739797504,1711739887616,90112,1711739797504,1711739887616,90112,-1,-1,-1
1600,4,400,3,16,16,77698.780568,77698.801523,0.020955,0x4052e4,1,77,39,38,38,100.000000,1,1,0.305018,1.200000,0.800000,monitor,1,1,1,1,10723328,10993664,270336,1711739617280,1711739797504,180224,1711739617280,1711739797504,180224,-1,-1,-1
1600,4,400,4,16,16,77698.774622,77698.797829,0.023207,0x4052e4,1,258,222,36,40,100.000000,1,1,0.305018,1.200000,0.800000,monitor,14,7ffe,1,1,74342400,74522624,180224,4669680254976,4669680885760,630784,4669680525312,4669680885760,360448,-1,-1,-1
1600,4,400,5,16,16,77699.045516,77699.072632,0.027116,0x4052e4,1,3083,382,2701,42,100.000000,1,1,0.305018,1.200000,0.800000,monitor,14,7ffe,1,1,74432512,74252288,-180224,4669681156096,4669681246208,90112,4669681156096,4669681246208,90112,-1,-1,-1
1600,4,400,6,16,16,77698.854289,77698.879259,0.024970,0x4052e4,1,204,167,37,44,100.000000,1,1,0.305018,1.200000,0.800000,monitor,14,7ffe,1,1,74522624,74522624,0,4669680885760,4669680975872,90112,4669680885760,4669680975872,90112,-1,-1,-1
1600,4,400,7,16,16,77698.798510,77698.822601,0.024091,0x4052e4,1,371,295,76,46,100.000000,1,1,0.305018,1.200000,0.800000,monitor,14,7ffe,1,1,74432512,74522624,90112,4669680705536,4669680885760,180224,4669680705536,4669680885760,180224,-1,-1,-1
1600,4,400,8,16,16,77698.793327,77698.817174,0.023847,0x4052e4,1,311,250,61,48,100.000000,1,1,0.305018,1.200000,0.800000,monitor,14,7ffe,1,1,74252288,74522624,270336,4669680615424,4669680885760,270336,4669680705536,4669680885760,180224,-1,-1,-1
1600,4,400,9,16,16,77698.884511,77698.908056,0.023545,0x4052e4,1,348,278,70,50,100.000000,1,1,0.305018,1.200000,0.800000,monitor,14,7ffe,1,1,74522624,74522624,0,4669680885760,4669680975872,90112,4669680885760,4669681065984,180224,-1,-1,-1
1600,4,400,10,16,16,77699.043118,77699.066712,0.023594,0x4052e4,1,319,291,28,20,100.000000,1,1,0.305018,1.200000,0.800000,monitor,14,7ffe,1,1,74432512,74252288,-180224,4669681156096,4669681246208,90112,4669681246208,4669681246208,0,-1,-1,-1
1600,4,400,11,16,16,77699.022452,77699.047251,0.024799,0x4052e4,1,215,170,45,54,100.000000,1,1,0.305018,1.200000,0.800000,monitor,14,7ffe,1,1,74432512,74342400,-90112,4669681065984,4669681246208,180224,4669681065984,4669681246208,180224,-1,-1,-1
1600,4,400,12,16,16,77698.767614,77698.788026,0.020412,0x4052e4,1,131,99,32,56,100.000000,1,1,0.305018,1.200000,0.800000,monitor,1,1,1,1,10543104,10993664,450560,1711739617280,1711739707392,90112,1711739617280,1711739707392,90112,-1,-1,-1
1600,4,400,13,16,16,77698.834754,77698.862769,0.028015,0x4052e4,1,2414,123,2291,58,100.000000,1,1,0.305018,1.200000,0.800000,monitor,1,1,1,1,11083776,10993664,-90112,1711739707392,1711739797504,90112,1711739707392,1711739797504,90112,-1,-1,-1
1600,4,400,14,16,16,77698.783692,77698.804753,0.021061,0x4052e4,1,112,72,40,28,100.000000,1,1,0.305018,1.200000,0.800000,monitor,1,1,1,1,10813440,10993664,180224,1711739617280,1711739797504,180224,1711739617280,1711739797504,180224,-1,-1,-1
1600,4,400,15,16,16,77698.865133,77698.887083,0.021950,0x4052e4,1,178,136,42,62,100.000000,1,1,0.305018,1.200000,0.800000,monitor,1,1,1,1,10993664,10993664,0,1711739707392,1711739797504,90112,1711739707392,1711739797504,90112,-1,-1,-1
1601,5,400,0,16,16,77699.244196,77699.264506,0.020310,0x40533c,1,49,0,49,32,100.000000,1,1,0.355026,1.200000,0.800000,monitor,1,1,1,1,11624448,11714560,90112,1711740067840,1711740157952,90112,1711740067840,1711740157952,90112,-1,-1,-1
1601,5,400,1,16,16,77699.287515,77699.307453,0.019938,0x40533c,1,36,4,32,34,100.000000,1,1,0.355026,1.200000,0.800000,monitor,1,1,1,1,11624448,11714560,90112,1711740067840,1711740157952,90112,1711740067840,1711740157952,90112,-1,-1,-1
1601,5,400,2,16,16,77699.547980,77699.570169,0.022189,0x40533c,1,1633,172,1461,36,100.000000,1,1,0.355026,1.200000,0.800000,monitor,1,1,1,1,11714560,11264000,-450560,1711740157952,1711740157952,0,1711740157952,1711740157952,0,-1,-1,-1
1601,5,400,3,16,16,77699.221552,77699.242052,0.020500,0x40533c,1,26,2,24,38,100.000000,1,1,0.355026,1.200000,0.800000,monitor,1,1,1,1,11624448,11624448,0,1711740067840,1711740067840,0,1711740067840,1711740157952,90112,-1,-1,-1
1601,5,400,4,16,16,77699.245939,77699.271936,0.025997,0x40533c,1,417,292,125,40,100.000000,1,1,0.355026,1.200000,0.800000,monitor,14,7ffe,1,1,73711616,73711616,0,4669681786880,4669682237440,450560,4669681786880,4669682237440,450560,-1,-1,-1
1601,5,400,5,16,16,77699.540320,77699.567856,0.027536,0x40533c,1,1045,431,614,42,100.000000,1,1,0.355026,1.200000,0.800000,monitor,14,7ffe,1,1,73531392,73531392,0,4669682237440,4669682237440,0,4669682237440,4669682237440,0,-1,-1,-1
1601,5,400,6,16,16,77699.289406,77699.323439,0.034033,0x40533c,1,1749,107,1642,44,100.000000,1,1,0.355026,1.200000,0.800000,monitor,14,7ffe,1,1,73711616,73531392,-180224,4669681876992,4669682237440,360448,4669681967104,4669682237440,270336,-1,-1,-1
1601,5,400,7,16,16,77699.282182,77699.308464,0.026282,0x40533c,1,446,235,211,46,100.000000,1,1,0.355026,1.200000,0.800000,monitor,14,7ffe,1,1,73711616,73531392,-180224,4669681786880,4669682237440,450560,4669681786880,4669682237440,450560,-1,-1,-1
1601,5,400,8,16,16,77699.274138,77699.300973,0.026835,0x40533c,1,448,263,185,48,100.000000,1,1,0.355026,1.200000,0.800000,monitor,14,7ffe,1,1,73711616,73531392,-180224,4669681786880,4669682237440,450560,4669681876992,4669682237440,360448,-1,-1,-1
1601,5,400,9,16,16,77699.247609,77699.273569,0.025960,0x40533c,1,449,213,236,50,100.000000,1,1,0.355026,1.200000,0.800000,monitor,14,7ffe,1,1,73711616,73711616,0,4669681786880,4669682237440,450560,4669681786880,4669682237440,450560,-1,-1,-1
1601,5,400,10,16,16,77699.267215,77699.293655,0.026440,0x40533c,1,459,241,218,20,100.000000,1,1,0.355026,1.200000,0.800000,monitor,14,7ffe,1,1,73711616,73621504,-90112,4669681786880,4669682237440,450560,4669681786880,4669682237440,450560,-1,-1,-1
1601,5,400,11,16,16,77699.215143,77699.242362,0.027219,0x40533c,1,84,28,56,54,100.000000,1,1,0.355026,1.200000,0.800000,monitor,14,7ffe,1,1,73711616,73711616,0,4669681696768,4669681967104,270336,4669681786880,4669682237440,450560,-1,-1,-1
1601,5,400,12,16,16,77699.531597,77699.551788,0.020191,0x40533c,1,19,6,13,56,100.000000,1,1,0.355026,1.200000,0.800000,monitor,1,1,1,1,11714560,11354112,-360448,1711740157952,1711740157952,0,1711740157952,1711740157952,0,-1,-1,-1
1601,5,400,13,16,16,77699.232609,77699.253033,0.020424,0x40533c,1,55,1,54,58,100.000000,1,1,0.355026,1.200000,0.800000,monitor,1,1,1,1,11624448,11624448,0,1711740067840,1711740157952,90112,1711740067840,1711740157952,90112,-1,-1,-1
1601,5,400,14,16,16,77699.230022,77699.250244,0.020222,0x40533c,1,22,0,22,28,100.000000,1,1,0.355026,1.200000,0.800000,monitor,1,1,1,1,11624448,11624448,0,1711740067840,1711740067840,0,1711740067840,1711740157952,90112,-1,-1,-1
1601,5,400,15,16,16,77699.219272,77699.239667,0.020395,0x40533c,1,40,9,31,62,100.000000,1,1,0.355026,1.200000,0.800000,monitor,1,1,1,1,11264000,11624448,360448,1711740067840,1711740067840,0,1711740067840,1711740157952,90112,-1,-1,-1
1998,2,500,0,16,16,96642.605221,96835.368105,65.859655,0x4051ce,1,6898987,5335730,1563257,32,100.000000,1,1,195.042576,1.200000,0.800000,monitor,1,1,1,1,18743296,11894784,377749504,2133938757632,2138151944192,3963936768,2133939208192,2138152304640,3963125760,-1,-1,-1
1998,2,500,1,16,16,96642.589432,96835.381296,71.211512,0x4051ce,1,7821714,6762029,1059685,34,100.000000,1,1,195.042576,1.200000,0.800000,monitor,1,1,1,1,18743296,11984896,355581952,2133938577408,2138152484864,4136050688,2133938847744,2138152755200,4129292288,-1,-1,-1
1998,2,500,2,16,16,96642.582919,96835.420337,71.129256,0x4051ce,1,7815423,6714116,1101307,36,100.000000,1,1,195.042576,1.200000,0.800000,monitor,1,1,1,1,18743296,11894784,356392960,2133938577408,2138152935424,4141998080,2133938757632,2138152935424,4131184640,-1,-1,-1
1998,2,500,3,16,16,96642.601392,96835.453143,71.498256,0x4051ce,1,7772833,6902378,870455,38,100.000000,1,1,195.042576,1.200000,0.800000,monitor,1,1,1,1,18653184,11894784,356212736,2133938847744,2138152935424,4142809088,2133939118080,2138152935424,4133076992,-1,-1,-1
1998,2,500,4,16,16,96642.606776,96837.501117,187.497220,0x4051ce,1,21006693,16945257,4061436,40,100.000000,1,1,195.042576,1.200000,0.800000,monitor,14,7ffe,1,1,64880640,74702848,8650752,5846460522496,5858090827776,11579392000,5846461153280,5858090917888,11568398336,-1,-1,-1
1998,2,500,5,16,16,96642.589068,96837.522054,177.839344,0x4051ce,1,21607223,17071358,4535865,42,100.000000,1,1,195.042576,1.200000,0.800000,monitor,14,7ffe,1,1,64880640,74973184,1531904,5846460162048,5858091278336,11419172864,5846460342272,5858091458560,11413405696,-1,-1,-1
1998,2,500,6,16,16,96642.574902,96837.589900,183.793479,0x4051ce,1,19211071,15992599,3218472,44,100.000000,1,1,195.042576,1.200000,0.800000,monitor,14,7ffe,1,1,64880640,74973184,9371648,5846460162048,5858092449792,11526856704,5846460162048,5858092449792,11514150912,-1,-1,-1
1998,2,500,7,16,16,96642.574859,96837.490781,177.675605,0x4051ce,1,21578965,17034218,4544747,46,100.000000,1,1,195.042576,1.200000,0.800000,monitor,14,7ffe,1,1,64880640,74522624,901120,5846460162048,5858090467328,11418992640,5846460162048,5858090557440,11413045248,-1,-1,-1
1998,2,500,8,16,16,96642.593496,96837.494317,176.596119,0x4051ce,1,21602975,17089880,4513095,48,100.000000,1,1,195.042576,1.200000,0.800000,monitor,14,7ffe,1,1,64880640,74522624,-1171456,5846460162048,5858090557440,11377451008,5846460432384,5858090917888,11375378432,-1,-1,-1
1998,2,500,9,16,16,96642.563679,96837.592378,174.564903,0x4051ce,1,19653949,15413915,4240034,50,100.000000,1,1,195.042576,1.200000,0.800000,monitor,14,7ffe,1,1,64880640,74973184,0,5846460162048,5858092449792,11199569920,5846460162048,5858092449792,11188846592,-1,-1,-1
1998,2,500,10,16,16,96642.570211,96837.511633,170.361532,0x4051ce,1,21573679,15079461,6494218,52,100.000000,1,1,195.042576,1.200000,0.800000,monitor,14,7ffe,1,1,64880640,74792960,-1441792,5846460162048,5858091188224,11033583616,5846460162048,5858091368448,11031150592,-1,-1,-1
1998,2,500,11,16,16,96642.569729,96837.475411,168.271481,0x4051ce,1,21141992,15286989,5855003,54,100.000000,1,1,195.042576,1.200000,0.800000,monitor,14,7ffe,1,1,64880640,74522624,-1712128,5846460162048,5858090016768,10907967488,5846460162048,5858090377216,10909769728,-1,-1,-1
1998,2,500,12,16,16,96642.549802,96835.397209,61.550087,0x4051ce,1,7401947,3998061,3403886,56,100.000000,1,1,195.042576,1.200000,0.800000,monitor,1,1,1,1,18743296,11984896,361619456,2133938577408,2138152755200,3759562752,2133938577408,2138152755200,3756589056,-1,-1,-1
1998,2,500,13,16,16,96642.607711,96835.340129,63.765017,0x4051ce,1,8043081,4900284,3142797,58,100.000000,1,1,195.042576,1.200000,0.800000,monitor,1,1,1,1,18653184,11804672,377208832,2133939118080,2138151133184,3894190080,2133939298304,2138151313408,3893288960,-1,-1,-1
1998,2,500,14,16,16,96642.559339,96835.400655,68.289522,0x4051ce,1,7939144,5497564,2441580,28,100.000000,1,1,195.042576,1.200000,0.800000,monitor,1,1,1,1,18653184,11984896,367566848,2133938577408,2138152755200,4076216320,2133938577408,2138152845312,4065763328,-1,-1,-1
1998,2,500,15,16,16,96642.570534,96835.405702,67.287088,0x4051ce,1,7792249,5442416,2349833,62,100.000000,1,1,195.042576,1.200000,0.800000,monitor,1,1,1,1,18743296,11984896,375676928,2133938577408,2138152845312,4025573376,2133938577408,2138152935424,4018184192,-1,-1,-1
1999,3,500,0,16,16,96837.814343,96837.931243,0.116900,0x405218,1,5424,3555,1869,32,100.000000,1,1,1.493325,1.200000,0.800000,monitor,1,1,1,1,10002432,12255232,2252800,2138155008000,2138163118080,8110080,2138155188224,2138163118080,7929856,-1,-1,-1
1999,3,500,1,16,16,96837.810788,96837.938450,0.127662,0x405218,1,6021,3979,2042,34,100.000000,1,1,1.493325,1.200000,0.800000,monitor,1,1,1,1,10362880,12255232,1892352,2138155008000,2138163118080,8110080,2138155188224,2138163118080,7929856,-1,-1,-1
1999,3,500,2,16,16,96837.793531,96837.910683,0.117152,0x405218,1,5347,3362,1985,36,100.000000,1,1,1.493325,1.200000,0.800000,monitor,1,1,1,1,9912320,12525568,2613248,2138155008000,2138162937856,7929856,2138155008000,2138163027968,8019968,-1,-1,-1
1999,3,500,3,16,16,96837.807257,96837.929736,0.122479,0x405218,1,4719,3109,1610,38,100.000000,1,1,1.493325,1.200000,0.800000,monitor,1,1,1,1,10362880,12255232,1892352,2138155008000,2138163118080,8110080,2138155008000,2138163118080,8110080,-1,-1,-1
1999,3,500,4,16,16,96838.308706,96838.583012,0.274306,0x405218,1,15935,7606,8329,40,100.000000,1,1,1.493325,1.200000,0.800000,monitor,14,7ffe,1,1,74973184,72900608,-2072576,5858102001664,5858105516032,3514368,5858102001664,5858105606144,3604480,-1,-1,-1
1999,3,500,5,16,16,96837.823830,96838.083643,0.259813,0x405218,1,12282,8307,3975,42,100.000000,1,1,1.493325,1.200000,0.800000,monitor,14,7ffe,1,1,74792960,74702848,-90112,5858092720128,5858101280768,8560640,5858092810240,5858101370880,8560640,-1,-1,-1
1999,3,500,6,16,16,96838.880998,96839.138825,0.257827,0x405218,1,15142,7893,7249,44,100.000000,1,1,1.493325,1.200000,0.800000,monitor,14,7ffe,1,1,72810496,72630272,-180224,5858108579840,5858111193088,2613248,5858108579840,5858111193088,2613248,-1,-1,-1
1999,3,500,7,16,16,96837.816383,96838.080268,0.263885,0x405218,1,12375,8295,4080,46,100.000000,1,1,1.493325,1.200000,0.800000,monitor,14,7ffe,1,1,74792960,74702848,-90112,5858092630016,5858101280768,8650752,5858092720128,5858101370880,8650752,-1,-1,-1
1999,3,500,8,16,16,96838.722031,96838.978695,0.256664,0x405218,1,16038,7759,8279,48,100.000000,1,1,1.493325,1.200000,0.800000,monitor,14,7ffe,1,1,72810496,72810496,0,5858106777600,5858110382080,3604480,5858106777600,5858110382080,3604480,-1,-1,-1
1999,3,500,9,16,16,96838.582246,96838.825018,0.242772,0x405218,1,15230,7587,7643,50,100.000000,1,1,1.493325,1.200000,0.800000,monitor,14,7ffe,1,1,72810496,72630272,-180224,5858104795136,5858108489728,3694592,5858104975360,5858108489728,3514368,-1,-1,-1
1999,3,500,10,16,16,96837.820267,96838.050259,0.229992,0x405218,1,12490,7014,5476,52,100.000000,1,1,1.493325,1.200000,0.800000,monitor,14,7ffe,1,1,74792960,74252288,-540672,5858092720128,5858101190656,8470528,5858092810240,5858101280768,8470528,-1,-1,-1
1999,3,500,11,16,16,96837.802741,96838.035081,0.232340,0x405218,1,12254,7104,5150,54,100.000000,1,1,1.493325,1.200000,0.800000,monitor,14,7ffe,1,1,74702848,74252288,-450560,5858092539904,5858100830208,8290304,5858092630016,5858100920320,8290304,-1,-1,-1
1999,3,500,12,16,16,96839.012701,96839.147423,0.134722,0x405218,1,5533,3707,1826,56,100.000000,1,1,1.493325,1.200000,0.800000,monitor,1,1,1,1,12165120,12165120,0,2138163658752,2138163748864,90112,2138163658752,2138163748864,90112,-1,-1,-1
1999,3,500,13,16,16,96839.028465,96839.158713,0.130248,0x405218,1,8319,4733,3586,58,100.000000,1,1,1.493325,1.200000,0.800000,monitor,1,1,1,1,12165120,12165120,0,2138163658752,2138163748864,90112,2138163658752,2138163748864,90112,-1,-1,-1
1999,3,500,14,16,16,96838.119484,96838.247672,0.128188,0x405218,1,8249,5429,2820,28,100.000000,1,1,1.493325,1.200000,0.800000,monitor,1,1,1,1,10723328,10272768,-450560,2138163298304,2138163568640,270336,2138163298304,2138163568640,270336,-1,-1,-1
1999,3,500,15,16,16,96839.166171,96839.286856,0.120685,0x405218,1,7986,4867,3119,62,100.000000,1,1,1.493325,1.200000,0.800000,monitor,1,1,1,1,12075008,11894784,-180224,2138163748864,2138163929088,180224,2138163748864,2138163929088,180224,-1,-1,-1
2000,4,500,0,16,16,96839.592463,96839.621970,0.029507,0x4052e4,1,2060,1138,922,32,100.000000,1,1,0.183790,1.200000,0.800000,monitor,1,1,1,1,12705792,12795904,90112,2138166812672,2138166992896,180224,2138166812672,2138166992896,180224,-1,-1,-1
2000,4,500,1,16,16,96839.720250,96839.740839,0.020589,0x4052e4,1,181,148,33,34,100.000000,1,1,0.183790,1.200000,0.800000,monitor,1,1,1,1,12795904,12795904,0,2138166992896,2138166992896,0,2138166992896,2138166992896,0,-1,-1,-1
2000,4,500,2,16,16,96839.584807,96839.607083,0.022276,0x4052e4,1,229,171,58,36,100.000000,1,1,0.183790,1.200000,0.800000,monitor,1,1,1,1,12705792,12795904,90112,2138166812672,2138166812672,0,2138166812672,2138166812672,0,-1,-1,-1
2000,4,500,3,16,16,96839.580954,96839.603306,0.022352,0x4052e4,1,89,63,26,38,100.000000,1,1,0.183790,1.200000,0.800000,monitor,1,1,1,1,12705792,12795904,90112,2138166812672,2138166812672,0,2138166812672,2138166992896,180224,-1,-1,-1
2000,4,500,4,16,16,96839.700619,96839.725725,0.025106,0x4052e4,1,542,371,171,40,100.000000,1,1,0.183790,1.200000,0.800000,monitor,14,7ffe,1,1,71819264,71819264,0,5858111553536,5858111643648,90112,5858111553536,5858111643648,90112,-1,-1,-1
2000,4,500,5,16,16,96839.611351,96839.635324,0.023973,0x4052e4,1,307,273,34,42,100.000000,1,1,0.183790,1.200000,0.800000,monitor,14,7ffe,1,1,71819264,71819264,0,5858111373312,5858111643648,270336,5858111373312,5858111643648,270336,-1,-1,-1
2000,4,500,6,16,16,96839.571186,96839.598977,0.027791,0x4052e4,1,568,388,180,44,100.000000,1,1,0.183790,1.200000,0.800000,monitor,14,7ffe,1,1,71819264,71819264,0,5858111373312,5858111553536,180224,5858111373312,5858111553536,180224,-1,-1,-1
2000,4,500,7,16,16,96839.731083,96839.754924,0.023841,0x4052e4,1,326,281,45,46,100.000000,1,1,0.183790,1.200000,0.800000,monitor,14,7ffe,1,1,71819264,71729152,-90112,5858111553536,5858111643648,90112,5858111643648,5858111643648,0,-1,-1,-1
2000,4,500,8,16,16,96839.714108,96839.740016,0.025908,0x4052e4,1,664,409,255,48,100.000000,1,1,0.183790,1.200000,0.800000,monitor,14,7ffe,1,1,71819264,71819264,0,5858111553536,5858111643648,90112,5858111553536,5858111643648,90112,-1,-1,-1
2000,4,500,9,16,16,96839.702028,96839.727824,0.025796,0x4052e4,1,571,437,134,50,100.000000,1,1,0.183790,1.200000,0.800000,monitor,14,7ffe,1,1,71819264,71819264,0,5858111553536,5858111643648,90112,5858111553536,5858111643648,90112,-1,-1,-1
2000,4,500,10,16,16,96839.598189,96839.624661,0.026472,0x4052e4,1,345,293,52,52,100.000000,1,1,0.183790,1.200000,0.800000,monitor,14,7ffe,1,1,71819264,71819264,0,5858111373312,5858111553536,180224,5858111373312,5858111643648,270336,-1,-1,-1
2000,4,500,11,16,16,96839.599148,96839.623332,0.024184,0x4052e4,1,416,362,54,54,100.000000,1,1,0.183790,1.200000,0.800000,monitor,14,7ffe,1,1,71819264,71819264,0,5858111373312,5858111553536,180224,5858111373312,5858111643648,270336,-1,-1,-1
2000,4,500,12,16,16,96839.571134,96839.594875,0.023741,0x4052e4,1,40,6,34,56,100.000000,1,1,0.183790,1.200000,0.800000,monitor,1,1,1,1,12705792,12705792,0,2138166812672,2138166812672,0,2138166812672,2138166992896,180224,-1,-1,-1
2000,4,500,13,16,16,96839.638463,96839.661934,0.023471,0x4052e4,1,770,433,337,58,100.000000,1,1,0.183790,1.200000,0.800000,monitor,1,1,1,1,12705792,12795904,90112,2138166812672,2138166992896,180224,2138166812672,2138166992896,180224,-1,-1,-1
2000,4,500,14,16,16,96839.644422,96839.667720,0.023298,0x4052e4,1,854,475,379,28,100.000000,1,1,0.183790,1.200000,0.800000,monitor,1,1,1,1,12705792,12795904,90112,2138166812672,2138166992896,180224,2138166812672,2138166992896,180224,-1,-1,-1
2000,4,500,15,16,16,96839.617500,96839.641612,0.024112,0x4052e4,1,1125,473,652,62,100.000000,1,1,0.183790,1.200000,0.800000,monitor,1,1,1,1,12705792,12795904,90112,2138166812672,2138166992896,180224,2138166812672,2138166992896,180224,-1,-1,-1
2001,5,500,0,16,16,96840.012286,96840.032481,0.020195,0x40533c,1,32,1,31,32,100.000000,1,1,0.136806,1.200000,0.800000,monitor,1,1,1,1,12886016,12795904,-90112,2138167083008,2138167173120,90112,2138167173120,2138167173120,0,-1,-1,-1
2001,5,500,1,16,16,96839.915706,96839.936038,0.020332,0x40533c,1,51,9,42,34,100.000000,1,1,0.136806,1.200000,0.800000,monitor,1,1,1,1,12795904,12886016,90112,2138167083008,2138167173120,90112,2138167083008,2138167173120,90112,-1,-1,-1
2001,5,500,2,16,16,96839.968284,96839.988541,0.020257,0x40533c,1,30,1,29,36,100.000000,1,1,0.136806,1.200000,0.800000,monitor,1,1,1,1,12795904,12886016,90112,2138167083008,2138167173120,90112,2138167083008,2138167173120,90112,-1,-1,-1
2001,5,500,3,16,16,96839.896365,96839.916697,0.020332,0x40533c,1,40,7,33,38,100.000000,1,1,0.136806,1.200000,0.800000,monitor,1,1,1,1,12795904,12886016,90112,2138167083008,2138167083008,0,2138167083008,2138167173120,90112,-1,-1,-1
2001,5,500,4,16,16,96839.973938,96840.001978,0.028040,0x40533c,1,570,382,188,40,100.000000,1,1,0.136806,1.200000,0.800000,monitor,14,7ffe,1,1,71639040,71729152,90112,5858112004096,5858112094208,90112,5858112004096,5858112094208,90112,-1,-1,-1
2001,5,500,5,16,16,96839.909094,96839.936451,0.027357,0x40533c,1,521,311,210,42,100.000000,1,1,0.136806,1.200000,0.800000,monitor,14,7ffe,1,1,71819264,71729152,-90112,5858111643648,5858112094208,450560,5858111643648,5858112094208,450560,-1,-1,-1
2001,5,500,6,16,16,96839.952736,96839.980532,0.027796,0x40533c,1,588,369,219,44,100.000000,1,1,0.136806,1.200000,0.800000,monitor,14,7ffe,1,1,71729152,71729152,0,5858111733760,5858112094208,360448,5858112004096,5858112094208,90112,-1,-1,-1
2001,5,500,7,16,16,96839.908958,96839.935713,0.026755,0x40533c,1,726,370,356,46,100.000000,1,1,0.136806,1.200000,0.800000,monitor,14,7ffe,1,1,71819264,71729152,-90112,5858111643648,5858112004096,360448,5858111643648,5858112094208,450560,-1,-1,-1
2001,5,500,8,16,16,96839.895675,96839.923362,0.027687,0x40533c,1,495,258,237,48,100.000000,1,1,0.136806,1.200000,0.800000,monitor,14,7ffe,1,1,71819264,71639040,-180224,5858111643648,5858112004096,360448,5858111643648,5858112004096,360448,-1,-1,-1
2001,5,500,9,16,16,96839.964193,96839.992197,0.028004,0x40533c,1,571,285,286,50,100.000000,1,1,0.136806,1.200000,0.800000,monitor,14,7ffe,1,1,71729152,71729152,0,5858112004096,5858112094208,90112,5858112004096,5858112094208,90112,-1,-1,-1
2001,5,500,10,16,16,96839.979437,96840.007723,0.028286,0x40533c,1,501,260,241,52,100.000000,1,1,0.136806,1.200000,0.800000,monitor,14,7ffe,1,1,71639040,71729152,90112,5858112004096,5858112094208,90112,5858112004096,5858112094208,90112,-1,-1,-1
2001,5,500,11,16,16,96839.927840,96839.955292,0.027452,0x40533c,1,520,237,283,54,100.000000,1,1,0.136806,1.200000,0.800000,monitor,14,7ffe,1,1,71819264,71729152,-90112,5858111643648,5858112094208,450560,5858111733760,5858112094208,360448,-1,-1,-1
2001,5,500,12,16,16,96840.003723,96840.024444,0.020721,0x40533c,1,21,2,19,56,100.000000,1,1,0.136806,1.200000,0.800000,monitor,1,1,1,1,12886016,12795904,-90112,2138167083008,2138167173120,90112,2138167173120,2138167173120,0,-1,-1,-1
2001,5,500,13,16,16,96839.932540,96839.953045,0.020505,0x40533c,1,75,15,60,58,100.000000,1,1,0.136806,1.200000,0.800000,monitor,1,1,1,1,12795904,12886016,90112,2138167083008,2138167173120,90112,2138167083008,2138167173120,90112,-1,-1,-1
2001,5,500,14,16,16,96839.936107,96839.956472,0.020365,0x40533c,1,122,16,106,28,100.000000,1,1,0.136806,1.200000,0.800000,monitor,1,1,1,1,12795904,12886016,90112,2138167083008,2138167173120,90112,2138167083008,2138167173120,90112,-1,-1,-1
2001,5,500,15,16,16,96839.951425,96839.972415,0.020990,0x40533c,1,71,1,70,62,100.000000,1,1,0.136806,1.200000,0.800000,monitor,1,1,1,1,12795904,12886016,90112,2138167083008,2138167173120,90112,2138167083008,2138167173120,90112,-1,-1,-1
2398,2,600,0,16,16,114915.758736,115092.329279,64.276849,0x4051ce,1,6885651,5288409,1597242,32,100.000000,1,1,178.562097,1.200000,0.800000,monitor,1,1,1,1,19914752,12976128,352337920,2554937786368,2559036080128,3905544192,2554938056704,2559036080128,3898335232,-1,-1,-1
2398,2,600,1,16,16,114915.763400,115092.231234,68.289514,0x4051ce,1,7153576,6051817,1101759,34,100.000000,1,1,178.562097,1.200000,0.800000,monitor,1,1,1,1,19914752,13336576,331071488,2554938056704,2559032565760,4022149120,2554938327040,2559032655872,4014309376,-1,-1,-1
2398,2,600,2,16,16,114915.707347,115092.342578,68.458020,0x4051ce,1,7387428,6272396,1115032,36,100.000000,1,1,178.562097,1.200000,0.800000,monitor,1,1,1,1,19644416,12976128,333144064,2554937786368,2559036080128,4027916288,2554937786368,2559036080128,4019716096,-1,-1,-1
2398,2,600,3,16,16,114915.759482,115092.359355,68.890000,0x4051ce,1,7099318,6265535,833783,38,100.000000,1,1,178.562097,1.200000,0.800000,monitor,1,1,1,1,19824640,13066240,332873728,2554937876480,2559036080128,4029808640,2554938236928,2559036080128,4020527104,-1,-1,-1
2398,2,600,4,16,16,114915.725757,115094.215280,165.852383,0x4051ce,1,20079811,16260854,3818957,40,100.000000,1,1,178.562097,1.200000,0.800000,monitor,14,7ffe,1,1,64610304,73531392,2973696,6973108420608,6983899783168,10623844352,6973108600832,6983900053504,10615914496,-1,-1,-1
2398,2,600,5,16,16,114915.716749,115094.220959,168.601838,0x4051ce,1,19928631,15777127,4151504,42,100.000000,1,1,178.562097,1.200000,0.800000,monitor,14,7ffe,1,1,64610304,73621504,7208960,6973108420608,6983900053504,10702241792,6973108600832,6983900143616,10689626112,-1,-1,-1
2398,2,600,6,16,16,114915.767640,115094.269444,165.458816,0x4051ce,1,18349458,15060369,3289089,44,100.000000,1,1,178.562097,1.200000,0.800000,monitor,14,7ffe,1,1,64339968,73621504,540672,6973108690944,6983900413952,10523549696,6973109501952,6983900413952,10514358272,-1,-1,-1
2398,2,600,7,16,16,114915.761989,115094.183671,170.715556,0x4051ce,1,19707065,15595391,4111674,46,100.000000,1,1,178.562097,1.200000,0.800000,monitor,14,7ffe,1,1,64430080,73531392,7118848,6973108600832,6983898521600,10732249088,6973109321728,6983898791936,10721705984,-1,-1,-1
2398,2,600,8,16,16,114915.776404,115094.212076,164.162961,0x4051ce,1,20182295,15902809,4279486,48,100.000000,1,1,178.562097,1.200000,0.800000,monitor,14,7ffe,1,1,64339968,73351168,-1261568,6973108961280,6983899693056,10543464448,6973109772288,6983899873280,10540310528,-1,-1,-1
2398,2,600,9,16,16,114915.765586,115094.247600,158.387789,0x4051ce,1,18779881,14318660,4461221,50,100.000000,1,1,178.562097,1.200000,0.800000,monitor,14,7ffe,1,1,64339968,73621504,-180224,6973108600832,6983900323840,10191126528,6973109501952,6983900413952,10185539584,-1,-1,-1
2398,2,600,10,16,16,114915.747641,115094.134779,157.765122,0x4051ce,1,20219850,13728720,6491130,52,100.000000,1,1,178.562097,1.200000,0.800000,monitor,14,7ffe,1,1,64430080,73351168,-1261568,6973108600832,6983894917120,10203742208,6973108690944,6983895547904,10194731008,-1,-1,-1
2398,2,600,11,16,16,114915.784170,115094.151626,161.557547,0x4051ce,1,19286081,13538993,5747088,54,100.000000,1,1,178.562097,1.200000,0.800000,monitor,14,7ffe,1,1,64339968,73351168,-1261568,6973109862400,6983896268800,10368557056,6973110222848,6983896719360,10361528320,-1,-1,-1
2398,2,600,12,16,16,114915.779423,115092.186464,59.357307,0x4051ce,1,8026252,4251670,3774582,56,100.000000,1,1,178.562097,1.200000,0.800000,monitor,1,1,1,1,19824640,12976128,347652096,2554938687488,2559029952512,3654131712,2554938957824,2559030403072,3659718656,-1,-1,-1
2398,2,600,13,16,16,114915.748358,115092.264962,60.770389,0x4051ce,1,7870658,4478809,3391849,58,100.000000,1,1,178.562097,1.200000,0.800000,monitor,1,1,1,1,19914752,12976128,352428032,2554937786368,2559034007552,3746406400,2554938236928,2559034097664,3745865728,-1,-1,-1
2398,2,600,14,16,16,114915.736818,115092.312836,65.428538,0x4051ce,1,7950066,5281317,2668749,60,100.000000,1,1,178.562097,1.200000,0.800000,monitor,1,1,1,1,19644416,12976128,348192768,2554937786368,2559035899904,3951771648,2554937786368,2559036080128,3946274816,-1,-1,-1
2398,2,600,15,16,16,114915.775331,115092.300818,64.419157,0x4051ce,1,7810401,5223251,2587150,62,100.000000,1,1,178.562097,1.200000,0.800000,monitor,1,1,1,1,19824640,12976128,354500608,2554938236928,2559035449344,3907526656,2554938687488,2559035809792,3905363968,-1,-1,-1
2399,3,600,0,16,16,115094.461042,115094.584427,0.123385,0x405218,1,5458,3525,1933,32,100.000000,1,1,0.386339,1.200000,0.800000,monitor,1,1,1,1,10993664,13066240,2072576,2559037161472,2559045091328,7929856,2559037161472,2559045271552,8110080,-1,-1,-1
2399,3,600,1,16,16,115094.487872,115094.643456,0.155584,0x405218,1,5679,3977,1702,34,100.000000,1,1,0.386339,1.200000,0.800000,monitor,1,1,1,1,10993664,13066240,2072576,2559037341696,2559046533120,9191424,2559037702144,2559046533120,8830976,-1,-1,-1
2399,3,600,2,16,16,115094.525707,115094.673229,0.147522,0x405218,1,5377,3816,1561,36,100.000000,1,1,0.386339,1.200000,0.800000,monitor,1,1,1,1,11624448,12795904,1171456,2559039414272,2559046533120,7118848,2559039594496,2559046533120,6938624,-1,-1,-1
2399,3,600,3,16,16,115094.499541,115094.632927,0.133386,0x405218,1,4953,3367,1586,38,100.000000,1,1,0.386339,1.200000,0.800000,monitor,1,1,1,1,10993664,13066240,2072576,2559037431808,2559046443008,9011200,2559037702144,2559046443008,8740864,-1,-1,-1
2399,3,600,4,16,16,115094.516210,115094.788754,0.272544,0x405218,1,11945,8562,3383,40,100.000000,1,1,0.386339,1.200000,0.800000,monitor,14,7ffe,1,1,73531392,73170944,-360448,6983901765632,6983921319936,19554304,6983903117312,6983921500160,18382848,-1,-1,-1
2399,3,600,5,16,16,115094.464953,115094.726322,0.261369,0x405218,1,12023,7975,4048,42,100.000000,1,1,0.386339,1.200000,0.800000,monitor,14,7ffe,1,1,73801728,72630272,-1171456,6983900594176,6983919607808,19013632,6983900684288,6983919878144,19193856,-1,-1,-1
2399,3,600,6,16,16,115094.500241,115094.829204,0.328963,0x405218,1,10840,7710,3130,44,100.000000,1,1,0.386339,1.200000,0.800000,monitor,14,7ffe,1,1,73801728,73080832,-720896,6983901134848,6983921680384,20545536,6983901405184,6983921680384,20275200,-1,-1,-1
2399,3,600,7,16,16,115094.558164,115094.818486,0.260322,0x405218,1,12114,8326,3788,46,100.000000,1,1,0.386339,1.200000,0.800000,monitor,14,7ffe,1,1,72630272,73080832,450560,6983905460224,6983921680384,16220160,6983905820672,6983921680384,15859712,-1,-1,-1
2399,3,600,8,16,16,115094.474916,115094.737067,0.262151,0x405218,1,12066,8255,3811,48,100.000000,1,1,0.386339,1.200000,0.800000,monitor,14,7ffe,1,1,73801728,72720384,-1081344,6983900684288,6983920238592,19554304,6983900684288,6983920418816,19734528,-1,-1,-1
2399,3,600,9,16,16,115094.542606,115094.847381,0.304775,0x405218,1,10994,6975,4019,50,100.000000,1,1,0.386339,1.200000,0.800000,monitor,14,7ffe,1,1,72990720,73080832,90112,6983903928320,6983921680384,17752064,6983904919552,6983921680384,16760832,-1,-1,-1
2399,3,600,10,16,16,115094.549314,115094.777978,0.228664,0x405218,1,12289,6963,5326,52,100.000000,1,1,0.386339,1.200000,0.800000,monitor,14,7ffe,1,1,72810496,73170944,360448,6983904649216,6983920869376,16220160,6983905099776,6983920959488,15859712,-1,-1,-1
2399,3,600,11,16,16,115094.509037,115094.738088,0.229051,0x405218,1,11994,6692,5302,54,100.000000,1,1,0.386339,1.200000,0.800000,monitor,14,7ffe,1,1,73621504,72720384,-901120,6983901315072,6983920238592,18923520,6983901495296,6983920508928,19013632,-1,-1,-1
2399,3,600,12,16,16,115094.529331,115094.651507,0.122176,0x405218,1,5919,3775,2144,56,100.000000,1,1,0.386339,1.200000,0.800000,monitor,1,1,1,1,11534336,13066240,1531904,2559039414272,2559046533120,7118848,2559039684608,2559046533120,6848512,-1,-1,-1
2399,3,600,13,16,16,115094.469087,115094.637517,0.168430,0x405218,1,6108,4786,1322,58,100.000000,1,1,0.386339,1.200000,0.800000,monitor,1,1,1,1,10993664,13066240,2072576,2559037161472,2559046443008,9281536,2559037161472,2559046533120,9371648,-1,-1,-1
2399,3,600,14,16,16,115094.551016,115094.692118,0.141102,0x405218,1,5720,4984,736,60,100.000000,1,1,0.386339,1.200000,0.800000,monitor,1,1,1,1,12615680,12435456,-180224,2559040765952,2559046533120,5767168,2559041486848,2559046533120,5046272,-1,-1,-1
2399,3,600,15,16,16,115094.480936,115094.608081,0.127145,0x405218,1,5570,4788,782,62,100.000000,1,1,0.386339,1.200000,0.800000,monitor,1,1,1,1,10993664,13156352,2162688,2559037161472,2559045812224,8650752,2559037341696,2559046082560,8740864,-1,-1,-1
2400,4,600,0,16,16,115095.131239,115095.161351,0.030112,0x4052e4,1,1886,1106,780,32,100.000000,1,1,1.187787,1.200000,0.800000,monitor,1,1,1,1,12795904,12976128,180224,2559049416704,2559049416704,0,2559049416704,2559049416704,0,-1,-1,-1
2400,4,600,1,16,16,115095.660395,115095.682124,0.021729,0x4052e4,1,2705,332,2373,34,100.000000,1,1,1.187787,1.200000,0.800000,monitor,1,1,1,1,13967360,13606912,-360448,2559050137600,2559050137600,0,2559050137600,2559050137600,0,-1,-1,-1
2400,4,600,2,16,16,115095.146332,115095.167593,0.021261,0x4052e4,1,53,17,36,36,100.000000,1,1,1.187787,1.200000,0.800000,monitor,1,1,1,1,12886016,13066240,180224,2559049416704,2559049416704,0,2559049416704,2559049416704,0,-1,-1,-1
2400,4,600,3,16,16,115095.116646,115095.137407,0.020761,0x4052e4,1,44,20,24,38,100.000000,1,1,1.187787,1.200000,0.800000,monitor,1,1,1,1,12705792,12886016,180224,2559049416704,2559049416704,0,2559049416704,2559049416704,0,-1,-1,-1
2400,4,600,4,16,16,115096.270925,115096.294857,0.023932,0x4052e4,1,255,219,36,40,100.000000,1,1,1.187787,1.200000,0.800000,monitor,14,7ffe,1,1,70287360,70377472,90112,6983924113408,6983924203520,90112,6983924113408,6983924203520,90112,-1,-1,-1
2400,4,600,5,16,16,115095.978789,115096.004934,0.026145,0x4052e4,1,3232,399,2833,42,100.000000,1,1,1.187787,1.200000,0.800000,monitor,14,7ffe,1,1,70828032,70557696,-270336,6983924113408,6983924113408,0,6983924113408,6983924113408,0,-1,-1,-1
2400,4,600,6,16,16,115095.138250,115095.163541,0.025291,0x4052e4,1,181,144,37,44,100.000000,1,1,1.187787,1.200000,0.800000,monitor,14,7ffe,1,1,71909376,71909376,0,6983923302400,6983923752960,450560,6983923302400,6983923752960,450560,-1,-1,-1
2400,4,600,7,16,16,115096.118938,115096.145761,0.026823,0x4052e4,1,3288,468,2820,46,100.000000,1,1,1.187787,1.200000,0.800000,monitor,14,7ffe,1,1,70467584,70287360,-180224,6983924113408,6983924113408,0,6983924113408,6983924113408,0,-1,-1,-1
2400,4,600,8,16,16,115095.120768,115095.144832,0.024064,0x4052e4,1,282,238,44,48,100.000000,1,1,1.187787,1.200000,0.800000,monitor,14,7ffe,1,1,71999488,71999488,0,6983922761728,6983923572736,811008,6983923212288,6983923572736,360448,-1,-1,-1
2400,4,600,9,16,16,115095.857225,115095.884655,0.027430,0x4052e4,1,3273,718,2555,50,100.000000,1,1,1.187787,1.200000,0.800000,monitor,14,7ffe,1,1,71098368,70918144,-180224,6983924023296,6983924023296,0,6983924023296,6983924023296,0,-1,-1,-1
2400,4,600,10,16,16,115095.123656,115095.148260,0.024604,0x4052e4,1,334,285,49,52,100.000000,1,1,1.187787,1.200000,0.800000,monitor,14,7ffe,1,1,71999488,71909376,-90112,6983922761728,6983923572736,811008,6983923302400,6983923572736,270336,-1,-1,-1
2400,4,600,11,16,16,115095.142876,115095.167542,0.024666,0x4052e4,1,380,325,55,54,100.000000,1,1,1.187787,1.200000,0.800000,monitor,14,7ffe,1,1,72089600,71819264,-270336,6983923302400,6983923752960,450560,6983923302400,6983923752960,450560,-1,-1,-1
2400,4,600,12,16,16,115095.463270,115095.486441,0.023171,0x4052e4,1,2694,354,2340,56,100.000000,1,1,1.187787,1.200000,0.800000,monitor,1,1,1,1,13877248,13967360,90112,2559050047488,2559050137600,90112,2559050047488,2559050137600,90112,-1,-1,-1
2400,4,600,13,16,16,115096.279860,115096.304433,0.024573,0x4052e4,1,2728,360,2368,58,100.000000,1,1,1.187787,1.200000,0.800000,monitor,1,1,1,1,13606912,13516800,-90112,2559050137600,2559050227712,90112,2559050137600,2559050227712,90112,-1,-1,-1
2400,4,600,14,16,16,115096.101735,115096.121397,0.019662,0x4052e4,1,138,85,53,60,100.000000,1,1,1.187787,1.200000,0.800000,monitor,1,1,1,1,13606912,13606912,0,2559050137600,2559050137600,0,2559050137600,2559050137600,0,-1,-1,-1
2400,4,600,15,16,16,115095.133538,115095.155166,0.021628,0x4052e4,1,143,113,30,62,100.000000,1,1,1.187787,1.200000,0.800000,monitor,1,1,1,1,12886016,12976128,90112,2559049416704,2559049416704,0,2559049416704,2559049416704,0,-1,-1,-1
2401,5,600,0,16,16,115096.504067,115096.524441,0.020374,0x40533c,1,42,0,42,32,100.000000,1,1,0.148541,1.200000,0.800000,monitor,1,1,1,1,13426688,13426688,0,2559050407936,2559050498048,90112,2559050407936,2559050498048,90112,-1,-1,-1
2401,5,600,1,16,16,115096.458491,115096.479183,0.020692,0x40533c,1,237,47,190,34,100.000000,1,1,0.148541,1.200000,0.800000,monitor,1,1,1,1,13516800,13426688,-90112,2559050407936,2559050498048,90112,2559050407936,2559050498048,90112,-1,-1,-1
2401,5,600,2,16,16,115096.517071,115096.537871,0.020800,0x40533c,1,39,4,35,36,100.000000,1,1,0.148541,1.200000,0.800000,monitor,1,1,1,1,13336576,13426688,90112,2559050407936,2559050498048,90112,2559050498048,2559050498048,0,-1,-1,-1
2401,5,600,3,16,16,115096.517238,115096.538149,0.020911,0x40533c,1,31,1,30,38,100.000000,1,1,0.148541,1.200000,0.800000,monitor,1,1,1,1,13336576,13426688,90112,2559050407936,2559050498048,90112,2559050407936,2559050498048,90112,-1,-1,-1
2401,5,600,4,16,16,115096.466236,115096.493316,0.027080,0x40533c,1,390,258,132,40,100.000000,1,1,0.148541,1.200000,0.800000,monitor,14,7ffe,1,1,70647808,71098368,450560,6983924563968,6983924924416,360448,6983924834304,6983924924416,90112,-1,-1,-1
2401,5,600,5,16,16,115096.546193,115096.575004,0.028811,0x40533c,1,1142,368,774,42,100.000000,1,1,0.148541,1.200000,0.800000,monitor,14,7ffe,1,1,71188480,70918144,-270336,6983924924416,6983924924416,0,6983924924416,6983924924416,0,-1,-1,-1
2401,5,600,6,16,16,115096.497435,115096.525839,0.028404,0x40533c,1,91,45,46,44,100.000000,1,1,0.148541,1.200000,0.800000,monitor,14,7ffe,1,1,71098368,71098368,0,6983924834304,6983924924416,90112,6983924924416,6983924924416,0,-1,-1,-1
2401,5,600,7,16,16,115096.539262,115096.567790,0.028528,0x40533c,1,1405,392,1013,46,100.000000,1,1,0.148541,1.200000,0.800000,monitor,14,7ffe,1,1,71188480,71008256,-180224,6983924924416,6983924924416,0,6983924924416,6983924924416,0,-1,-1,-1
2401,5,600,8,16,16,115096.456761,115096.483665,0.026904,0x40533c,1,494,256,238,48,100.000000,1,1,0.148541,1.200000,0.800000,monitor,14,7ffe,1,1,70647808,71098368,450560,6983924563968,6983924924416,360448,6983924834304,6983924924416,90112,-1,-1,-1
2401,5,600,9,16,16,115096.517649,115096.546114,0.028465,0x40533c,1,1292,385,907,50,100.000000,1,1,0.148541,1.200000,0.800000,monitor,14,7ffe,1,1,71188480,71098368,-90112,6983924924416,6983924924416,0,6983924924416,6983924924416,0,-1,-1,-1
2401,5,600,10,16,16,115096.574150,115096.605302,0.031152,0x40533c,1,2849,488,2361,52,100.000000,1,1,0.148541,1.200000,0.800000,monitor,14,7ffe,1,1,71098368,70918144,-180224,6983924924416,6983924924416,0,6983924924416,6983925014528,90112,-1,-1,-1
2401,5,600,11,16,16,115096.541366,115096.568237,0.026871,0x40533c,1,546,235,311,54,100.000000,1,1,0.148541,1.200000,0.800000,monitor,14,7ffe,1,1,71188480,71098368,-90112,6983924924416,6983924924416,0,6983924924416,6983924924416,0,-1,-1,-1
2401,5,600,12,16,16,115096.537316,115096.558024,0.020708,0x40533c,1,597,64,533,56,100.000000,1,1,0.148541,1.200000,0.800000,monitor,1,1,1,1,13336576,13336576,0,2559050407936,2559050498048,90112,2559050498048,2559050498048,0,-1,-1,-1
2401,5,600,13,16,16,115096.535230,115096.555933,0.020703,0x40533c,1,382,59,323,58,100.000000,1,1,0.148541,1.200000,0.800000,monitor,1,1,1,1,13426688,13336576,-90112,2559050498048,2559050498048,0,2559050498048,2559050498048,0,-1,-1,-1
2401,5,600,14,16,16,115096.497204,115096.517997,0.020793,0x40533c,1,57,18,39,60,100.000000,1,1,0.148541,1.200000,0.800000,monitor,1,1,1,1,13516800,13426688,-90112,2559050407936,2559050498048,90112,2559050407936,2559050498048,90112,-1,-1,-1
2401,5,600,15,16,16,115096.553060,115096.573407,0.020347,0x40533c,1,57,32,25,62,100.000000,1,1,0.148541,1.200000,0.800000,monitor,1,1,1,1,13426688,13336576,-90112,2559050498048,2559050498048,0,2559050498048,2559050498048,0,-1,-1,-1
2798,2,700,0,16,16,132133.593619,132299.936792,63.763590,0x4051ce,1,6885006,5259314,1625692,32,100.000000,1,1,168.282088,1.200000,0.800000,monitor,1,1,1,1,19824640,15228928,343146496,2970672472064,2974772928512,3901849600,2970673283072,2974772928512,3893919744,-1,-1,-1
2798,2,700,1,16,16,132133.589378,132299.896834,68.593589,0x4051ce,1,7827024,6688337,1138687,34,100.000000,1,1,168.282088,1.200000,0.800000,monitor,1,1,1,1,19824640,15228928,326656000,2970672922624,2974772027392,4023771136,2970673102848,2974772477952,4016472064,-1,-1,-1
2798,2,700,2,16,16,132133.545988,132299.897407,68.239862,0x4051ce,1,7480022,6352998,1127024,36,100.000000,1,1,168.282088,1.200000,0.800000,monitor,1,1,1,1,19734528,15228928,326205440,2970672381952,2974772117504,4024311808,2970672381952,2974772748288,4016291840,-1,-1,-1
2798,2,700,3,16,16,132133.574709,132299.977463,69.121974,0x4051ce,1,7779646,6897438,882208,38,100.000000,1,1,168.282088,1.200000,0.800000,monitor,1,1,1,1,19824640,15319040,325844992,2970672381952,2974773018624,4032602112,2970672381952,2974773018624,4027465728,-1,-1,-1
2798,2,700,4,16,16,132133.561432,132301.813715,163.091214,0x4051ce,1,18578974,15040258,3538716,40,100.000000,1,1,168.282088,1.200000,0.800000,monitor,14,7ffe,1,1,64159744,70377472,5136384,8018377162752,8028550266880,10161750016,8018377162752,8028550266880,10150395904,-1,-1,-1
2798,2,700,5,16,16,132133.556434,132301.622053,157.531820,0x4051ce,1,19049876,14914926,4134950,42,100.000000,1,1,168.282088,1.200000,0.800000,monitor,14,7ffe,1,1,64339968,70647808,4235264,8018377162752,8028545400832,10034511872,8018377162752,8028545490944,10023698432,-1,-1,-1
2798,2,700,6,16,16,132133.564578,132301.540647,152.128687,0x4051ce,1,17959530,14563755,3395775,44,100.000000,1,1,168.282088,1.200000,0.800000,monitor,14,7ffe,1,1,64159744,70557696,-2883584,8018377162752,8028540534784,9779224576,8018377162752,8028541255680,9778593792,-1,-1,-1
2798,2,700,7,16,16,132133.551096,132301.635520,158.585739,0x4051ce,1,19026994,15133721,3893273,46,100.000000,1,1,168.282088,1.200000,0.800000,monitor,14,7ffe,1,1,64159744,70737920,6578176,8018377162752,8028546031616,10061815808,8018377162752,8028546301952,10049650688,-1,-1,-1
2798,2,700,8,16,16,132133.553404,132301.797813,161.026986,0x4051ce,1,18678599,14642033,4036566,48,100.000000,1,1,168.282088,1.200000,0.800000,monitor,14,7ffe,1,1,64339968,70377472,3514368,8018377162752,8028550266880,10112819200,8018377162752,8028550266880,10106511360,-1,-1,-1
2798,2,700,9,16,16,132133.601426,132301.469726,148.808438,0x4051ce,1,18069452,13373612,4695840,50,100.000000,1,1,168.282088,1.200000,0.800000,monitor,14,7ffe,1,1,63889408,70017024,-3514368,8018378784768,8028534497280,9566380032,8018379145216,8028534947840,9567191040,-1,-1,-1
2798,2,700,10,16,16,132133.541257,132301.639929,150.253531,0x4051ce,1,19204531,12556319,6648212,52,100.000000,1,1,168.282088,1.200000,0.800000,monitor,14,7ffe,1,1,64159744,70737920,-2793472,8018377162752,8028546121728,9673793536,8018377162752,8028546301952,9670279168,-1,-1,-1
2798,2,700,11,16,16,132133.588394,132301.603573,149.251845,0x4051ce,1,18870520,12818961,6051559,54,100.000000,1,1,168.282088,1.200000,0.800000,monitor,14,7ffe,1,1,64159744,70467584,-3063808,8018377252864,8028544679936,9611075584,8018377703424,8028545040384,9610084352,-1,-1,-1
2798,2,700,12,16,16,132133.548963,132299.858649,58.810651,0x4051ce,1,8049693,4168391,3881302,56,100.000000,1,1,168.282088,1.200000,0.800000,monitor,1,1,1,1,19554304,15409152,337108992,2970672381952,2974770855936,3647193088,2970672381952,2974771216384,3652419584,-1,-1,-1
2798,2,700,13,16,16,132133.575898,132299.868484,60.105388,0x4051ce,1,8094693,4506145,3588548,26,100.000000,1,1,168.282088,1.200000,0.800000,monitor,1,1,1,1,19734528,15589376,343867392,2970672381952,2974771396608,3729555456,2970672472064,2974771576832,3731267584,-1,-1,-1
2798,2,700,14,16,16,132133.531627,132299.943550,63.508738,0x4051ce,1,7061824,4543857,2517967,60,100.000000,1,1,168.282088,1.200000,0.800000,monitor,1,1,1,1,19554304,15228928,348553216,2970672381952,2974772928512,3889594368,2970672381952,2974773018624,3884277760,-1,-1,-1
2798,2,700,15,16,16,132133.586338,132299.918063,63.587581,0x4051ce,1,7315032,4763541,2551491,62,100.000000,1,1,168.282088,1.200000,0.800000,monitor,1,1,1,1,19824640,15228928,344948736,2970672742400,2974772748288,3893469184,2970673102848,2974772838400,3889143808,-1,-1,-1
2799,3,700,0,16,16,132302.021255,132302.142966,0.121711,0x405218,1,5416,3338,2078,32,100.000000,1,1,0.637933,1.200000,0.800000,monitor,1,1,1,1,13787136,15949824,2162688,2974774640640,2974781128704,6488064,2974774640640,2974781128704,6488064,-1,-1,-1
2799,3,700,1,16,16,132302.024409,132302.153667,0.129258,0x405218,1,5662,3612,2050,34,100.000000,1,1,0.637933,1.200000,0.800000,monitor,1,1,1,1,13877248,15949824,2072576,2974774640640,2974781128704,6488064,2974774730752,2974781128704,6397952,-1,-1,-1
2799,3,700,2,16,16,132302.288550,132302.424566,0.136016,0x405218,1,8256,3413,4843,36,100.000000,1,1,0.637933,1.200000,0.800000,monitor,1,1,1,1,15228928,14147584,-1081344,2974781218816,2974782750720,1531904,2974781218816,2974782750720,1531904,-1,-1,-1
2799,3,700,3,16,16,132302.010130,132302.128933,0.118803,0x405218,1,5146,3355,1791,38,100.000000,1,1,0.637933,1.200000,0.800000,monitor,1,1,1,1,13606912,16039936,2433024,2974774640640,2974781128704,6488064,2974774640640,2974781128704,6488064,-1,-1,-1
2799,3,700,4,16,16,132302.321549,132302.642811,0.321262,0x405218,1,10753,6692,4061,40,100.000000,1,1,0.637933,1.200000,0.800000,monitor,14,7ffe,1,1,69115904,70107136,991232,8028559458304,8028568829952,9371648,8028559728640,8028568829952,9101312,-1,-1,-1
2799,3,700,5,16,16,132302.311419,132302.556744,0.245325,0x405218,1,11758,7609,4149,42,100.000000,1,1,0.637933,1.200000,0.800000,monitor,14,7ffe,1,1,68845568,70017024,1171456,8028558647296,8028568379392,9732096,8028558827520,8028568469504,9641984,-1,-1,-1
2799,3,700,6,16,16,132302.051593,132302.284979,0.233386,0x405218,1,11545,7606,3939,44,100.000000,1,1,0.637933,1.200000,0.800000,monitor,14,7ffe,1,1,69926912,69296128,-630784,8028550897664,8028559638528,8740864,8028550897664,8028559908864,9011200,-1,-1,-1
2799,3,700,7,16,16,132302.271772,132302.520123,0.248351,0x405218,1,11827,7220,4607,46,100.000000,1,1,0.637933,1.200000,0.800000,monitor,14,7ffe,1,1,68755456,70017024,1261568,8028558106624,8028568109056,10002432,8028558286848,8028568109056,9822208,-1,-1,-1
2799,3,700,8,16,16,132302.047393,132302.350324,0.302931,0x405218,1,10873,6594,4279,48,100.000000,1,1,0.637933,1.200000,0.800000,monitor,14,7ffe,1,1,70017024,69746688,-270336,8028550897664,8028562792448,11894784,8028550897664,8028562972672,12075008,-1,-1,-1
2799,3,700,9,16,16,132302.288977,132302.514216,0.225239,0x405218,1,11688,7115,4573,50,100.000000,1,1,0.637933,1.200000,0.800000,monitor,14,7ffe,1,1,68845568,70017024,1171456,8028558467072,8028568018944,9551872,8028558827520,8028568109056,9281536,-1,-1,-1
2799,3,700,10,16,16,132302.043550,132302.255082,0.211532,0x405218,1,11921,6465,5456,52,100.000000,1,1,0.637933,1.200000,0.800000,monitor,14,7ffe,1,1,70107136,68845568,-1261568,8028550627328,8028558827520,8200192,8028550897664,8028559007744,8110080,-1,-1,-1
2799,3,700,11,16,16,132302.308136,132302.537170,0.229034,0x405218,1,11760,6527,5233,54,100.000000,1,1,0.637933,1.200000,0.800000,monitor,14,7ffe,1,1,69206016,70017024,811008,8028558917632,8028568289280,9371648,8028559278080,8028568379392,9101312,-1,-1,-1
2799,3,700,12,16,16,132302.311667,132302.436564,0.124897,0x405218,1,5200,3106,2094,56,100.000000,1,1,0.637933,1.200000,0.800000,monitor,1,1,1,1,14868480,13967360,-901120,2974781218816,2974782750720,1531904,2974781489152,2974782750720,1261568,-1,-1,-1
2799,3,700,13,16,16,132302.004878,132302.131592,0.126714,0x405218,1,6356,4871,1485,26,100.000000,1,1,0.637933,1.200000,0.800000,monitor,1,1,1,1,13516800,15949824,2433024,2974774550528,2974781128704,6578176,2974774640640,2974781128704,6488064,-1,-1,-1
2799,3,700,14,16,16,132302.020883,132302.176066,0.155183,0x405218,1,5207,4478,729,60,100.000000,1,1,0.637933,1.200000,0.800000,monitor,1,1,1,1,13787136,15679488,1892352,2974774640640,2974781128704,6488064,2974774640640,2974781128704,6488064,-1,-1,-1
2799,3,700,15,16,16,132302.035925,132302.184964,0.149039,0x405218,1,5115,4657,458,62,100.000000,1,1,0.637933,1.200000,0.800000,monitor,1,1,1,1,13877248,15679488,1802240,2974775091200,2974781128704,6037504,2974775361536,2974781128704,5767168,-1,-1,-1
2800,4,700,0,16,16,132302.939731,132302.970934,0.031203,0x4052e4,1,2025,1131,894,32,100.000000,1,1,0.648223,1.200000,0.800000,monitor,1,1,1,1,13156352,13336576,180224,2974786084864,2974786265088,180224,2974786084864,2974786265088,180224,-1,-1,-1
2800,4,700,1,16,16,132302.929525,132302.951685,0.022160,0x4052e4,1,289,252,37,34,100.000000,1,1,0.648223,1.200000,0.800000,monitor,1,1,1,1,13426688,13156352,-270336,2974785994752,2974786265088,270336,2974786084864,2974786265088,180224,-1,-1,-1
2800,4,700,2,16,16,132303.185387,132303.211545,0.026158,0x4052e4,1,880,467,413,36,100.000000,1,1,0.648223,1.200000,0.800000,monitor,1,1,1,1,13516800,13426688,-90112,2974786265088,2974786265088,0,2974786265088,2974786265088,0,-1,-1,-1
2800,4,700,3,16,16,132302.915163,132302.937176,0.022013,0x4052e4,1,174,117,57,38,100.000000,1,1,0.648223,1.200000,0.800000,monitor,1,1,1,1,13697024,13246464,-450560,2974785904640,2974786174976,270336,2974785994752,2974786174976,180224,-1,-1,-1
2800,4,700,4,16,16,132302.981263,132303.014452,0.033189,0x4052e4,1,2639,226,2413,40,100.000000,1,1,0.648223,1.200000,0.800000,monitor,14,7ffe,1,1,71368704,71098368,-270336,8028570722304,8028570722304,0,8028570722304,8028570722304,0,-1,-1,-1
2800,4,700,5,16,16,132302.918171,132302.943397,0.025226,0x4052e4,1,272,226,46,42,100.000000,1,1,0.648223,1.200000,0.800000,monitor,14,7ffe,1,1,70107136,71368704,1261568,8028569911296,8028570722304,811008,8028570632192,8028570722304,90112,-1,-1,-1
2800,4,700,6,16,16,132303.198321,132303.224846,0.026525,0x4052e4,1,367,316,51,44,100.000000,1,1,0.648223,1.200000,0.800000,monitor,14,7ffe,1,1,70918144,70737920,-180224,8028570722304,8028570722304,0,8028570722304,8028570812416,90112,-1,-1,-1
2800,4,700,7,16,16,132303.388070,132303.417767,0.029697,0x4052e4,1,3221,394,2827,46,100.000000,1,1,0.648223,1.200000,0.800000,monitor,14,7ffe,1,1,70647808,70467584,-180224,8028570992640,8028570992640,0,8028570992640,8028570992640,0,-1,-1,-1
2800,4,700,8,16,16,132303.213786,132303.241416,0.027630,0x4052e4,1,219,179,40,48,100.000000,1,1,0.648223,1.200000,0.800000,monitor,14,7ffe,1,1,70918144,70737920,-180224,8028570722304,8028570902528,180224,8028570722304,8028570902528,180224,-1,-1,-1
2800,4,700,9,16,16,132303.210371,132303.241224,0.030853,0x4052e4,1,3250,386,2864,50,100.000000,1,1,0.648223,1.200000,0.800000,monitor,14,7ffe,1,1,71008256,70737920,-270336,8028570722304,8028570902528,180224,8028570722304,8028570902528,180224,-1,-1,-1
2800,4,700,10,16,16,132303.218858,132303.245457,0.026599,0x4052e4,1,347,296,51,52,100.000000,1,1,0.648223,1.200000,0.800000,monitor,14,7ffe,1,1,70918144,70737920,-180224,8028570722304,8028570902528,180224,8028570722304,8028570902528,180224,-1,-1,-1
2800,4,700,11,16,16,132303.528419,132303.558155,0.029736,0x4052e4,1,3251,442,2809,54,100.000000,1,1,0.648223,1.200000,0.800000,monitor,14,7ffe,1,1,70467584,70287360,-180224,8028570992640,8028571082752,90112,8028570992640,8028571082752,90112,-1,-1,-1
2800,4,700,12,16,16,132302.909932,132302.931636,0.021704,0x4052e4,1,112,88,24,56,100.000000,1,1,0.648223,1.200000,0.800000,monitor,1,1,1,1,13787136,13246464,-540672,2974785814528,2974786174976,360448,2974785904640,2974786174976,270336,-1,-1,-1
2800,4,700,13,16,16,132302.924209,132302.947253,0.023044,0x4052e4,1,267,237,30,26,100.000000,1,1,0.648223,1.200000,0.800000,monitor,1,1,1,1,13697024,13246464,-450560,2974785904640,2974786174976,270336,2974785994752,2974786265088,270336,-1,-1,-1
2800,4,700,14,16,16,132302.927954,132302.950861,0.022907,0x4052e4,1,53,27,26,60,100.000000,1,1,0.648223,1.200000,0.800000,monitor,1,1,1,1,13516800,13156352,-360448,2974785994752,2974786265088,270336,2974785994752,2974786265088,270336,-1,-1,-1
2800,4,700,15,16,16,132303.224174,132303.247973,0.023799,0x4052e4,1,56,31,25,62,100.000000,1,1,0.648223,1.200000,0.800000,monitor,1,1,1,1,13426688,13426688,0,2974786265088,2974786265088,0,2974786265088,2974786265088,0,-1,-1,-1
2801,5,700,0,16,16,132303.692576,132303.714836,0.022260,0x40533c,1,43,11,32,32,100.000000,1,1,0.363360,1.200000,0.800000,monitor,1,1,1,1,14688256,14688256,0,2974786535424,2974786625536,90112,2974786625536,2974786625536,0,-1,-1,-1
2801,5,700,1,16,16,132303.716668,132303.738079,0.021411,0x40533c,1,38,2,36,34,100.000000,1,1,0.363360,1.200000,0.800000,monitor,1,1,1,1,15048704,14688256,-360448,2974786625536,2974786625536,0,2974786625536,2974786625536,0,-1,-1,-1
2801,5,700,2,16,16,132303.701172,132303.723723,0.022551,0x40533c,1,69,3,66,36,100.000000,1,1,0.363360,1.200000,0.800000,monitor,1,1,1,1,14958592,14778368,-180224,2974786535424,2974786625536,90112,2974786625536,2974786625536,0,-1,-1,-1
2801,5,700,3,16,16,132303.718111,132303.739835,0.021724,0x40533c,1,33,7,26,38,100.000000,1,1,0.363360,1.200000,0.800000,monitor,1,1,1,1,14778368,14688256,-90112,2974786625536,2974786625536,0,2974786625536,2974786625536,0,-1,-1,-1
2801,5,700,4,16,16,132304.022665,132304.055936,0.033271,0x40533c,1,2723,649,2074,40,100.000000,1,1,0.363360,1.200000,0.800000,monitor,14,7ffe,1,1,69476352,69025792,-450560,8028572884992,8028572884992,0,8028572884992,8028572884992,0,-1,-1,-1
2801,5,700,5,16,16,132303.722402,132303.762229,0.039827,0x40533c,1,403,223,180,42,100.000000,1,1,0.363360,1.200000,0.800000,monitor,14,7ffe,1,1,69926912,69656576,-270336,8028572794880,8028572884992,90112,8028572884992,8028572884992,0,-1,-1,-1
2801,5,700,6,16,16,132303.984603,132304.017158,0.032555,0x40533c,1,2821,514,2307,44,100.000000,1,1,0.363360,1.200000,0.800000,monitor,14,7ffe,1,1,69656576,69296128,-360448,8028572884992,8028572884992,0,8028572884992,8028572884992,0,-1,-1,-1
2801,5,700,7,16,16,132303.707054,132303.737603,0.030549,0x40533c,1,1004,371,633,46,100.000000,1,1,0.363360,1.200000,0.800000,monitor,14,7ffe,1,1,69206016,69836800,630784,8028572614656,8028572884992,270336,8028572794880,8028572884992,90112,-1,-1,-1
2801,5,700,8,16,16,132303.766621,132303.803333,0.036712,0x40533c,1,1795,120,1675,48,100.000000,1,1,0.363360,1.200000,0.800000,monitor,14,7ffe,1,1,69836800,69746688,-90112,8028572884992,8028572884992,0,8028572884992,8028572884992,0,-1,-1,-1
2801,5,700,9,16,16,132303.808073,132303.836708,0.028635,0x40533c,1,1261,361,900,50,100.000000,1,1,0.363360,1.200000,0.800000,monitor,14,7ffe,1,1,69836800,69746688,-90112,8028572884992,8028572884992,0,8028572884992,8028572884992,0,-1,-1,-1
2801,5,700,10,16,16,132303.696702,132303.725524,0.028822,0x40533c,1,625,318,307,52,100.000000,1,1,0.363360,1.200000,0.800000,monitor,14,7ffe,1,1,69386240,69836800,450560,8028572434432,8028572884992,450560,8028572704768,8028572884992,180224,-1,-1,-1
2801,5,700,11,16,16,132303.821127,132303.849436,0.028309,0x40533c,1,1321,398,923,54,100.000000,1,1,0.363360,1.200000,0.800000,monitor,14,7ffe,1,1,69836800,69746688,-90112,8028572884992,8028572884992,0,8028572884992,8028572884992,0,-1,-1,-1
2801,5,700,12,16,16,132304.004908,132304.028569,0.023661,0x40533c,1,1620,132,1488,56,100.000000,1,1,0.363360,1.200000,0.800000,monitor,1,1,1,1,14598144,14598144,0,2974786715648,2974786715648,0,2974786715648,2974786715648,0,-1,-1,-1
2801,5,700,13,16,16,132303.745552,132303.767440,0.021888,0x40533c,1,29,4,25,26,100.000000,1,1,0.363360,1.200000,0.800000,monitor,1,1,1,1,14688256,14688256,0,2974786625536,2974786625536,0,2974786625536,2974786715648,90112,-1,-1,-1
2801,5,700,14,16,16,132303.773519,132303.795781,0.022262,0x40533c,1,32,3,29,60,100.000000,1,1,0.363360,1.200000,0.800000,monitor,1,1,1,1,14688256,14598144,-90112,2974786625536,2974786715648,90112,2974786625536,2974786715648,90112,-1,-1,-1
2801,5,700,15,16,16,132303.739370,132303.766909,0.027539,0x40533c,1,1314,74,1240,62,100.000000,1,1,0.363360,1.200000,0.800000,monitor,1,1,1,1,14688256,14688256,0,2974786625536,2974786625536,0,2974786625536,2974786715648,90112,-1,-1,-1
3198,2,800,0,16,16,148686.232804,148844.270911,62.234619,0x4051ce,1,6888713,5205815,1682898,32,100.000000,1,1,159.981086,1.200000,0.800000,monitor,1,1,1,1,20545536,16400384,327286784,3384889761792,3388851986432,3768123392,3384890212352,3388852346880,3765510144,-1,-1,-1
3198,2,800,1,16,16,148686.415129,148844.331374,66.875641,0x4051ce,1,7828757,6657465,1171292,34,100.000000,1,1,159.981086,1.200000,0.800000,monitor,1,1,1,1,20905984,16490496,309985280,3384897421312,3388854329344,3877158912,3384897871872,3388854329344,3871301632,-1,-1,-1
3198,2,800,2,16,16,148686.399014,148844.355766,66.859198,0x4051ce,1,7485826,6310205,1175621,36,100.000000,1,1,159.981086,1.200000,0.800000,monitor,1,1,1,1,20996096,16670720,310435840,3384896249856,3388854329344,3881394176,3384896880640,3388854329344,3872022528,-1,-1,-1
3198,2,800,3,16,16,148686.007530,148844.359172,67.254325,0x4051ce,1,7177286,6315972,861314,38,100.000000,1,1,159.981086,1.200000,0.800000,monitor,1,1,1,1,21446656,16670720,310616064,3384883183616,3388854329344,3885539328,3384883183616,3388854329344,3881754624,-1,-1,-1
3198,2,800,4,16,16,148686.418734,148845.953774,152.975183,0x4051ce,1,18343204,14831181,3512023,40,100.000000,1,1,159.981086,1.200000,0.800000,monitor,14,7ffe,1,1,63528960,70287360,1351680,9018954317824,9028596932608,9614049280,9018954588160,9028596932608,9605758976,-1,-1,-1
3198,2,800,5,16,16,148686.396775,148845.957697,152.135417,0x4051ce,1,18439023,14457543,3981480,42,100.000000,1,1,159.981086,1.200000,0.800000,monitor,14,7ffe,1,1,63799296,70287360,450560,9018952245248,9028596932608,9592692736,9018952876032,9028596932608,9579896832,-1,-1,-1
3198,2,800,6,16,16,148686.023226,148845.988574,152.290123,0x4051ce,1,16691682,13425187,3266495,44,100.000000,1,1,159.981086,1.200000,0.800000,monitor,14,7ffe,1,1,63979520,70377472,540672,9018931789824,9028596932608,9546915840,9018931879936,9028596932608,9534750720,-1,-1,-1
3198,2,800,7,16,16,148686.011232,148845.946628,151.986856,0x4051ce,1,18389693,14450598,3939095,46,100.000000,1,1,159.981086,1.200000,0.800000,monitor,14,7ffe,1,1,64069632,70287360,-270336,9018931789824,9028596842496,9606930432,9018931789824,9028596932608,9596837888,-1,-1,-1
3198,2,800,8,16,16,148686.016824,148845.938001,151.052201,0x4051ce,1,18432731,14416516,4016215,48,100.000000,1,1,159.981086,1.200000,0.800000,monitor,14,7ffe,1,1,63979520,70017024,-1081344,9018931789824,9028596391936,9546465280,9018931789824,9028596932608,9544663040,-1,-1,-1
3198,2,800,9,16,16,148686.020731,148845.807930,142.512679,0x4051ce,1,17518435,12784657,4733778,50,100.000000,1,1,159.981086,1.200000,0.800000,monitor,14,7ffe,1,1,63979520,69566464,-2342912,9018931789824,9028586299392,9034448896,9018931789824,9028586749952,9031294976,-1,-1,-1
3198,2,800,10,16,16,148686.007640,148845.884103,143.856875,0x4051ce,1,18616401,11947285,6669116,52,100.000000,1,1,159.981086,1.200000,0.800000,monitor,14,7ffe,1,1,64069632,70107136,-1802240,9018931789824,9028593147904,9143754752,9018931789824,9028593598464,9141501952,-1,-1,-1
3198,2,800,11,16,16,148686.007488,148845.918492,143.759845,0x4051ce,1,18181089,12050909,6130180,54,100.000000,1,1,159.981086,1.200000,0.800000,monitor,14,7ffe,1,1,64069632,70287360,-1622016,9018931699712,9028595851264,9139519488,9018931789824,9028596031488,9137446912,-1,-1,-1
3198,2,800,12,16,16,148686.405455,148844.311607,56.328452,0x4051ce,1,7232540,3460614,3771926,56,100.000000,1,1,159.981086,1.200000,0.800000,monitor,1,1,1,1,20905984,16490496,314130432,3384896880640,3388853968896,3475619840,3384897421312,3388854239232,3473907712,-1,-1,-1
3198,2,800,13,16,16,148686.014647,148844.257070,57.100638,0x4051ce,1,7099292,3651118,3448174,58,100.000000,1,1,159.981086,1.200000,0.800000,monitor,1,1,1,1,21536768,16490496,326656000,3384883183616,3388851535872,3515179008,3384883183616,3388851625984,3512385536,-1,-1,-1
3198,2,800,14,16,16,148686.391146,148844.317043,62.378492,0x4051ce,1,7184645,4503191,2681454,60,100.000000,1,1,159.981086,1.200000,0.800000,monitor,1,1,1,1,20635648,16490496,330891264,3384895889408,3388854239232,3769655296,3384896700416,3388854239232,3765780480,-1,-1,-1
3198,2,800,15,16,16,148686.025686,148844.289558,62.489537,0x4051ce,1,7843170,5042193,2800977,62,100.000000,1,1,159.981086,1.200000,0.800000,monitor,1,1,1,1,21536768,16310272,329179136,3384883183616,3388853338112,3767312384,3384883273728,3388853338112,3764609024,-1,-1,-1
3199,3,800,0,16,16,148846.184253,148846.301305,0.117052,0x405218,1,5437,3420,2017,32,100.000000,1,1,0.994105,1.200000,0.800000,monitor,1,1,1,1,14958592,16760832,1802240,3388856221696,3388863791104,7569408,3388856221696,3388863791104,7569408,-1,-1,-1
3199,3,800,1,16,16,148846.185342,148846.309452,0.124110,0x405218,1,5725,3511,2214,34,100.000000,1,1,0.994105,1.200000,0.800000,monitor,1,1,1,1,15048704,16670720,1622016,3388856221696,3388863791104,7569408,3388856221696,3388863881216,7659520,-1,-1,-1
3199,3,800,2,16,16,148846.215587,148846.376108,0.160521,0x405218,1,7897,3711,4186,36,100.000000,1,1,0.994105,1.200000,0.800000,monitor,1,1,1,1,15138816,15679488,540672,3388857212928,3388864782336,7569408,3388857573376,3388864782336,7208960,-1,-1,-1
3199,3,800,3,16,16,148846.253482,148846.385955,0.132473,0x405218,1,4870,3224,1646,38,100.000000,1,1,0.994105,1.200000,0.800000,monitor,1,1,1,1,16310272,15589376,-720896,3388859285504,3388864782336,5496832,3388859826176,3388864782336,4956160,-1,-1,-1
3199,3,800,4,16,16,148846.227182,148846.478859,0.251677,0x405218,1,11623,7988,3635,40,100.000000,1,1,0.994105,1.200000,0.800000,monitor,14,7ffe,1,1,70377472,70737920,360448,9028599005184,9028612702208,13697024,9028599365632,9028612882432,13516800,-1,-1,-1
3199,3,800,5,16,16,148846.249002,148846.493578,0.244576,0x405218,1,11690,7813,3877,42,100.000000,1,1,0.994105,1.200000,0.800000,monitor,14,7ffe,1,1,69476352,70828032,1351680,9028600356864,9028613062656,12705792,9028600717312,9028613152768,12435456,-1,-1,-1
3199,3,800,6,16,16,148846.217750,148846.526874,0.309124,0x405218,1,10433,7267,3166,44,100.000000,1,1,0.994105,1.200000,0.800000,monitor,14,7ffe,1,1,70647808,70918144,270336,9028598824960,9028613152768,14327808,9028599005184,9028613152768,14147584,-1,-1,-1
3199,3,800,7,16,16,148846.644358,148846.874664,0.230306,0x405218,1,14475,6788,7687,46,100.000000,1,1,0.994105,1.200000,0.800000,monitor,14,7ffe,1,1,70918144,70647808,-270336,9028613332992,9028616126464,2793472,9028613332992,9028616216576,2883584,-1,-1,-1
3199,3,800,8,16,16,148846.845713,148847.078897,0.233184,0x405218,1,14451,7274,7177,48,100.000000,1,1,0.994105,1.200000,0.800000,monitor,14,7ffe,1,1,70737920,70467584,-270336,9028614955008,9028617207808,2252800,9028614955008,9028617207808,2252800,-1,-1,-1
3199,3,800,9,16,16,148846.264983,148846.485143,0.220160,0x405218,1,11604,7328,4276,50,100.000000,1,1,0.994105,1.200000,0.800000,monitor,14,7ffe,1,1,68845568,70918144,2072576,9028601528320,9028612882432,11354112,9028601888768,9028613062656,11173888,-1,-1,-1
3199,3,800,10,16,16,148846.512582,148846.728333,0.215751,0x405218,1,14466,6512,7954,52,100.000000,1,1,0.994105,1.200000,0.800000,monitor,14,7ffe,1,1,70737920,70918144,180224,9028612702208,9028614234112,1531904,9028612882432,9028614324224,1441792,-1,-1,-1
3199,3,800,11,16,16,148846.236121,148846.443958,0.207837,0x405218,1,11620,5996,5624,54,100.000000,1,1,0.994105,1.200000,0.800000,monitor,14,7ffe,1,1,69836800,70377472,540672,9028599365632,9028612071424,12705792,9028599996416,9028612161536,12165120,-1,-1,-1
3199,3,800,12,16,16,148846.271229,148846.405081,0.133852,0x405218,1,5519,3406,2113,56,100.000000,1,1,0.994105,1.200000,0.800000,monitor,1,1,1,1,16941056,15319040,-1622016,3388860907520,3388864782336,3874816,3388861538304,3388864782336,3244032,-1,-1,-1
3199,3,800,13,16,16,148847.044795,148847.172531,0.127736,0x405218,1,8245,4087,4158,58,100.000000,1,1,0.994105,1.200000,0.800000,monitor,1,1,1,1,14147584,14237696,90112,3388864782336,3388864782336,0,3388864782336,3388864782336,0,-1,-1,-1
3199,3,800,14,16,16,148846.182264,148846.342875,0.160611,0x405218,1,5643,4910,733,60,100.000000,1,1,0.994105,1.200000,0.800000,monitor,1,1,1,1,15048704,16310272,1261568,3388856221696,3388864421888,8200192,3388856221696,3388864602112,8380416,-1,-1,-1
3199,3,800,15,16,16,148846.178426,148846.298317,0.119891,0x405218,1,5370,4637,733,62,100.000000,1,1,0.994105,1.200000,0.800000,monitor,1,1,1,1,14688256,16760832,2072576,3388856221696,3388863791104,7569408,3388856221696,3388863791104,7569408,-1,-1,-1
3200,4,800,0,16,16,148847.474258,148847.503840,0.029582,0x4052e4,1,2048,1113,935,32,100.000000,1,1,0.508191,1.200000,0.800000,monitor,1,1,1,1,15949824,15499264,-450560,3388868026368,3388868296704,270336,3388868026368,3388868296704,270336,-1,-1,-1
3200,4,800,1,16,16,148847.461647,148847.482241,0.020594,0x4052e4,1,281,235,46,34,100.000000,1,1,0.508191,1.200000,0.800000,monitor,1,1,1,1,16039936,15679488,-360448,3388867936256,3388868116480,180224,3388868026368,3388868116480,90112,-1,-1,-1
3200,4,800,2,16,16,148847.483449,148847.504442,0.020993,0x4052e4,1,45,15,30,36,100.000000,1,1,0.508191,1.200000,0.800000,monitor,1,1,1,1,15769600,15499264,-270336,3388868026368,3388868296704,270336,3388868026368,3388868296704,270336,-1,-1,-1
3200,4,800,3,16,16,148847.480610,148847.501484,0.020874,0x4052e4,1,42,18,24,38,100.000000,1,1,0.508191,1.200000,0.800000,monitor,1,1,1,1,16130048,15499264,-630784,3388868026368,3388868206592,180224,3388868026368,3388868296704,270336,-1,-1,-1
3200,4,800,4,16,16,148847.724696,148847.748798,0.024102,0x4052e4,1,267,221,46,40,100.000000,1,1,0.508191,1.200000,0.800000,monitor,14,7ffe,1,1,69296128,69206016,-90112,9028620181504,9028620361728,180224,9028620181504,9028620361728,180224,-1,-1,-1
3200,4,800,5,16,16,148847.516274,148847.547504,0.031230,0x4052e4,1,2620,124,2496,42,100.000000,1,1,0.508191,1.200000,0.800000,monitor,14,7ffe,1,1,69746688,69386240,-360448,9028620001280,9028620181504,180224,9028620091392,9028620181504,90112,-1,-1,-1
3200,4,800,6,16,16,148847.457978,148847.484387,0.026409,0x4052e4,1,201,170,31,44,100.000000,1,1,0.508191,1.200000,0.800000,monitor,14,7ffe,1,1,69025792,69746688,720896,9028619280384,9028620091392,811008,9028620001280,9028620181504,180224,-1,-1,-1
3200,4,800,7,16,16,148847.505323,148847.531693,0.026370,0x4052e4,1,739,470,269,46,100.000000,1,1,0.508191,1.200000,0.800000,monitor,14,7ffe,1,1,69746688,69386240,-360448,9028620001280,9028620181504,180224,9028620001280,9028620181504,180224,-1,-1,-1
3200,4,800,8,16,16,148847.919595,148847.945227,0.025632,0x4052e4,1,682,348,334,48,100.000000,1,1,0.508191,1.200000,0.800000,monitor,14,7ffe,1,1,69296128,69025792,-270336,9028620361728,9028620361728,0,9028620361728,9028620361728,0,-1,-1,-1
3200,4,800,9,16,16,148847.936969,148847.966169,0.029200,0x4052e4,1,3328,415,2913,50,100.000000,1,1,0.508191,1.200000,0.800000,monitor,14,7ffe,1,1,69206016,69025792,-180224,9028620361728,9028620361728,0,9028620361728,9028620361728,0,-1,-1,-1
3200,4,800,10,16,16,148847.467143,148847.494890,0.027747,0x4052e4,1,812,494,318,52,100.000000,1,1,0.508191,1.200000,0.800000,monitor,14,7ffe,1,1,68935680,69746688,811008,9028619460608,9028620181504,720896,9028620001280,9028620181504,180224,-1,-1,-1
3200,4,800,11,16,16,148847.737416,148847.765444,0.028028,0x4052e4,1,3284,483,2801,54,100.000000,1,1,0.508191,1.200000,0.800000,monitor,14,7ffe,1,1,69386240,69206016,-180224,9028620181504,9028620361728,180224,9028620181504,9028620361728,180224,-1,-1,-1
3200,4,800,12,16,16,148847.464301,148847.485161,0.020860,0x4052e4,1,53,7,46,56,100.000000,1,1,0.508191,1.200000,0.800000,monitor,1,1,1,1,15949824,15589376,-360448,3388867846144,3388868116480,270336,3388868026368,3388868206592,180224,-1,-1,-1
3200,4,800,13,16,16,148847.523819,148847.547203,0.023384,0x4052e4,1,770,405,365,58,100.000000,1,1,0.508191,1.200000,0.800000,monitor,1,1,1,1,15679488,15499264,-180224,3388868116480,3388868296704,180224,3388868116480,3388868296704,180224,-1,-1,-1
3200,4,800,14,16,16,148847.498026,148847.519781,0.021755,0x4052e4,1,58,21,37,60,100.000000,1,1,0.508191,1.200000,0.800000,monitor,1,1,1,1,15679488,15499264,-180224,3388868026368,3388868296704,270336,3388868116480,3388868296704,180224,-1,-1,-1
3200,4,800,15,16,16,148847.497740,148847.525674,0.027934,0x4052e4,1,2423,109,2314,62,100.000000,1,1,0.508191,1.200000,0.800000,monitor,1,1,1,1,15679488,15589376,-90112,3388868116480,3388868296704,180224,3388868116480,3388868296704,180224,-1,-1,-1
3201,5,800,0,16,16,148848.105328,148848.125542,0.020214,0x40533c,1,15,1,14,32,100.000000,1,1,0.821629,1.200000,0.800000,monitor,1,1,1,1,15949824,15949824,0,3388868476928,3388868476928,0,3388868476928,3388868476928,0,-1,-1,-1
3201,5,800,1,16,16,148848.424023,148848.444570,0.020547,0x40533c,1,25,3,22,34,100.000000,1,1,0.821629,1.200000,0.800000,monitor,1,1,1,1,16400384,16400384,0,3388868476928,3388868476928,0,3388868476928,3388868476928,0,-1,-1,-1
3201,5,800,2,16,16,148848.436317,148848.456875,0.020558,0x40533c,1,27,6,21,36,100.000000,1,1,0.821629,1.200000,0.800000,monitor,1,1,1,1,16400384,16400384,0,3388868476928,3388868476928,0,3388868476928,3388868476928,0,-1,-1,-1
3201,5,800,3,16,16,148848.117630,148848.138257,0.020627,0x40533c,1,24,2,22,38,100.000000,1,1,0.821629,1.200000,0.800000,monitor,1,1,1,1,15949824,15859712,-90112,3388868476928,3388868476928,0,3388868476928,3388868476928,0,-1,-1,-1
3201,5,800,4,16,16,148848.886220,148848.913408,0.027188,0x40533c,1,393,265,128,40,100.000000,1,1,0.821629,1.200000,0.800000,monitor,14,7ffe,1,1,68755456,68755456,0,9028621082624,9028621082624,0,9028621082624,9028621082624,0,-1,-1,-1
3201,5,800,5,16,16,148848.433887,148848.464535,0.030648,0x40533c,1,2764,529,2235,42,100.000000,1,1,0.821629,1.200000,0.800000,monitor,14,7ffe,1,1,69115904,68935680,-180224,9028620902400,9028620902400,0,9028620902400,9028620902400,0,-1,-1,-1
3201,5,800,6,16,16,148848.758597,148848.788826,0.030229,0x40533c,1,2852,798,2054,44,100.000000,1,1,0.821629,1.200000,0.800000,monitor,14,7ffe,1,1,68935680,68755456,-180224,9028620992512,9028621082624,90112,9028620992512,9028621082624,90112,-1,-1,-1
3201,5,800,7,16,16,148848.120807,148848.148825,0.028018,0x40533c,1,437,233,204,46,100.000000,1,1,0.821629,1.200000,0.800000,monitor,14,7ffe,1,1,69206016,69115904,-90112,9028620541952,9028620541952,0,9028620541952,9028620541952,0,-1,-1,-1
3201,5,800,8,16,16,148848.112115,148848.139994,0.027879,0x40533c,1,434,254,180,48,100.000000,1,1,0.821629,1.200000,0.800000,monitor,14,7ffe,1,1,69206016,69115904,-90112,9028620541952,9028620541952,0,9028620541952,9028620541952,0,-1,-1,-1
3201,5,800,9,16,16,148848.107951,148848.136504,0.028553,0x40533c,1,971,315,656,50,100.000000,1,1,0.821629,1.200000,0.800000,monitor,14,7ffe,1,1,69206016,69115904,-90112,9028620541952,9028620541952,0,9028620541952,9028620541952,0,-1,-1,-1
3201,5,800,10,16,16,148848.125384,148848.155100,0.029716,0x40533c,1,566,325,241,52,100.000000,1,1,0.821629,1.200000,0.800000,monitor,14,7ffe,1,1,69115904,69115904,0,9028620541952,9028620541952,0,9028620541952,9028620541952,0,-1,-1,-1
3201,5,800,11,16,16,148848.432960,148848.461038,0.028078,0x40533c,1,1235,360,875,54,100.000000,1,1,0.821629,1.200000,0.800000,monitor,14,7ffe,1,1,69115904,68935680,-180224,9028620902400,9028620902400,0,9028620902400,9028620902400,0,-1,-1,-1
3201,5,800,12,16,16,148848.127681,148848.148365,0.020684,0x40533c,1,25,2,23,56,100.000000,1,1,0.821629,1.200000,0.800000,monitor,1,1,1,1,15949824,15859712,-90112,3388868476928,3388868476928,0,3388868476928,3388868476928,0,-1,-1,-1
3201,5,800,13,16,16,148848.412252,148848.432511,0.020259,0x40533c,1,71,4,67,58,100.000000,1,1,0.821629,1.200000,0.800000,monitor,1,1,1,1,16400384,16400384,0,3388868476928,3388868476928,0,3388868476928,3388868476928,0,-1,-1,-1
3201,5,800,14,16,16,148848.904758,148848.926957,0.022199,0x40533c,1,1632,231,1401,60,100.000000,1,1,0.821629,1.200000,0.800000,monitor,1,1,1,1,16220160,16220160,0,3388868476928,3388868476928,0,3388868476928,3388868476928,0,-1,-1,-1
3201,5,800,15,16,16,148848.132903,148848.158224,0.025321,0x40533c,1,1324,7,1317,62,100.000000,1,1,0.821629,1.200000,0.800000,monitor,1,1,1,1,15949824,15859712,-90112,3388868476928,3388868476928,0,3388868476928,3388868476928,0,-1,-1,-1
3598,2,900,0,16,16,164632.866464,164788.449275,61.932576,0x4051ce,1,6893390,5195517,1697873,32,100.000000,1,1,157.338693,1.200000,0.800000,monitor,1,1,1,1,20635648,17211392,315842560,3794057625600,3798083198976,3823271936,3794057805824,3798083739648,3818946560,-1,-1,-1
3598,2,900,1,16,16,164632.860001,164788.528905,66.770297,0x4051ce,1,7825633,6630733,1194900,34,100.000000,1,1,157.338693,1.200000,0.800000,monitor,1,1,1,1,20635648,17211392,301875200,3794057535488,3798084730880,3955916800,3794057625600,3798084730880,3948437504,-1,-1,-1
3598,2,900,2,16,16,164632.852311,164788.516711,67.042090,0x4051ce,1,7826507,6638542,1187965,36,100.000000,1,1,157.338693,1.200000,0.800000,monitor,1,1,1,1,20275200,17211392,303857664,3794057535488,3798084730880,3962675200,3794057535488,3798084730880,3951771648,-1,-1,-1
3598,2,900,3,16,16,164633.105090,164788.489914,67.043428,0x4051ce,1,7326124,6452296,873828,38,100.000000,1,1,157.338693,1.200000,0.800000,monitor,1,1,1,1,21536768,17301504,303407104,3794069880832,3798084730880,3950149632,3794070061056,3798084730880,3939336192,-1,-1,-1
3598,2,900,4,16,16,164632.833524,164789.988543,148.437546,0x4051ce,1,17758737,14324588,3434149,40,100.000000,1,1,157.338693,1.200000,0.800000,monitor,14,7ffe,1,1,63709184,69206016,-1261568,9972046954496,9981261357056,9133932544,9972046954496,9981261807616,9120866304,-1,-1,-1
3598,2,900,5,16,16,164633.128063,164790.172217,150.631552,0x4051ce,1,17537659,13766150,3771509,42,100.000000,1,1,157.338693,1.200000,0.800000,monitor,14,7ffe,1,1,62717952,69386240,3244032,9972061372416,9981266853888,9170788352,9972061822976,9981266853888,9159974912,-1,-1,-1
3598,2,900,6,16,16,164632.835372,164790.066608,148.247449,0x4051ce,1,16067498,12789952,3277546,44,100.000000,1,1,157.338693,1.200000,0.800000,monitor,14,7ffe,1,1,63619072,69115904,-1261568,9972046954496,9981264871424,9093562368,9972046954496,9981264961536,9081577472,-1,-1,-1
3598,2,900,7,16,16,164632.849033,164790.007657,148.232225,0x4051ce,1,17838815,13988607,3850208,46,100.000000,1,1,157.338693,1.200000,0.800000,monitor,14,7ffe,1,1,63709184,69386240,-1081344,9972046954496,9981262438400,9125011456,9972046954496,9981262798848,9116901376,-1,-1,-1
3598,2,900,8,16,16,164632.848538,164790.131256,149.124338,0x4051ce,1,17621794,13728282,3893512,48,100.000000,1,1,157.338693,1.200000,0.800000,monitor,14,7ffe,1,1,63619072,69386240,-811008,9972046954496,9981266763776,9120866304,9972046954496,9981266853888,9120866304,-1,-1,-1
3598,2,900,9,16,16,164632.861231,164789.899614,138.167563,0x4051ce,1,17016860,12212157,4804703,50,100.000000,1,1,157.338693,1.200000,0.800000,monitor,14,7ffe,1,1,63709184,69115904,-1261568,9972046954496,9981254148096,8526127104,9972047224832,9981254328320,8526127104,-1,-1,-1
3598,2,900,10,16,16,164632.856692,164790.003324,138.873238,0x4051ce,1,18035758,11435732,6600026,52,100.000000,1,1,157.338693,1.200000,0.800000,monitor,14,7ffe,1,1,63709184,69386240,-1081344,9972046954496,9981262258176,8620294144,9972047134720,9981262618624,8615518208,-1,-1,-1
3598,2,900,11,16,16,164633.132444,164789.978378,140.813628,0x4051ce,1,17440724,11351456,6089268,54,100.000000,1,1,157.338693,1.200000,0.800000,monitor,14,7ffe,1,1,62627840,68845568,-1531904,9972061642752,9981260546048,8708964352,9972062003200,9981261086720,8710856704,-1,-1,-1
3598,2,900,12,16,16,164633.115216,164788.484336,55.861128,0x4051ce,1,7249221,3435571,3813650,56,100.000000,1,1,157.338693,1.200000,0.800000,monitor,1,1,1,1,21626880,17301504,300072960,3794070241280,3798084550656,3507970048,3794070781952,3798084730880,3507789824,-1,-1,-1
3598,2,900,13,16,16,164632.857871,164788.443800,57.488914,0x4051ce,1,7605286,3978555,3626731,58,100.000000,1,1,157.338693,1.200000,0.800000,monitor,1,1,1,1,20275200,17301504,315301888,3794057535488,3798083559424,3618086912,3794057625600,3798083829760,3613851648,-1,-1,-1
3598,2,900,14,16,16,164632.844829,164788.484623,62.781812,0x4051ce,1,7752873,4895108,2857765,60,100.000000,1,1,157.338693,1.200000,0.800000,monitor,1,1,1,1,20455424,17301504,313319424,3794057535488,3798084730880,3854721024,3794057535488,3798084730880,3850756096,-1,-1,-1
3598,2,900,15,16,16,164632.833560,164788.502700,62.267376,0x4051ce,1,7843477,4991976,2851501,62,100.000000,1,1,157.338693,1.200000,0.800000,monitor,1,1,1,1,20275200,17121280,317104128,3794057535488,3798084730880,3826786304,3794057535488,3798084730880,3825074176,-1,-1,-1
3599,3,900,0,16,16,164790.359174,164790.497439,0.138265,0x405218,1,5422,3552,1870,32,100.000000,1,1,1.913195,1.200000,0.800000,monitor,1,1,1,1,13877248,17391616,3514368,3798086262784,3798096175104,9912320,3798086533120,3798096175104,9641984,-1,-1,-1
3599,3,900,1,16,16,164790.352427,164790.498991,0.146564,0x405218,1,5689,3631,2058,34,100.000000,1,1,1.913195,1.200000,0.800000,monitor,1,1,1,1,13877248,17301504,3424256,3798086262784,3798096175104,9912320,3798086443008,3798096175104,9732096,-1,-1,-1
3599,3,900,2,16,16,164790.390842,164790.517093,0.126251,0x405218,1,5340,3548,1792,36,100.000000,1,1,1.913195,1.200000,0.800000,monitor,1,1,1,1,15499264,17301504,1802240,3798087794688,3798096175104,8380416,3798088065024,3798096175104,8110080,-1,-1,-1
3599,3,900,3,16,16,164790.388310,164790.516667,0.128357,0x405218,1,5024,3365,1659,38,100.000000,1,1,1.913195,1.200000,0.800000,monitor,1,1,1,1,15679488,17301504,1622016,3798087614464,3798096175104,8560640,3798087884800,3798096175104,8290304,-1,-1,-1
3599,3,900,4,16,16,164790.367304,164790.615630,0.248326,0x405218,1,11536,8141,3395,40,100.000000,1,1,1.913195,1.200000,0.800000,monitor,14,7ffe,1,1,69656576,69025792,-630784,9981267755008,9981279920128,12165120,9981268295680,9981280010240,11714560,-1,-1,-1
3599,3,900,5,16,16,164791.153082,164791.386579,0.233497,0x405218,1,14061,6857,7204,42,100.000000,1,1,1.913195,1.200000,0.800000,monitor,14,7ffe,1,1,69476352,69025792,-450560,9981282172928,9981284335616,2162688,9981282172928,9981284335616,2162688,-1,-1,-1
3599,3,900,6,16,16,164790.360761,164790.664130,0.303369,0x405218,1,10289,6985,3304,44,100.000000,1,1,1.913195,1.200000,0.800000,monitor,14,7ffe,1,1,69566464,69115904,-450560,9981267214336,9981280460800,13246464,9981267935232,9981280460800,12525568,-1,-1,-1
3599,3,900,7,16,16,164791.514823,164791.742761,0.227938,0x405218,1,14133,7180,6953,46,100.000000,1,1,1.913195,1.200000,0.800000,monitor,14,7ffe,1,1,68935680,68755456,-180224,9981284786176,9981286498304,1712128,9981284786176,9981286498304,1712128,-1,-1,-1
3599,3,900,8,16,16,164790.380143,164790.679140,0.298997,0x405218,1,10526,7116,3410,48,100.000000,1,1,1.913195,1.200000,0.800000,monitor,14,7ffe,1,1,69746688,69115904,-630784,9981269196800,9981280460800,11264000,9981269737472,9981280460800,10723328,-1,-1,-1
3599,3,900,9,16,16,164791.029924,164791.225868,0.195944,0x405218,1,13499,6420,7079,50,100.000000,1,1,1.913195,1.200000,0.800000,monitor,14,7ffe,1,1,68845568,69296128,450560,9981280641024,9981282893824,2252800,9981280641024,9981282893824,2252800,-1,-1,-1
3599,3,900,10,16,16,164791.863521,164792.265622,0.402101,0x405218,1,13627,6881,6746,52,100.000000,1,1,1.913195,1.200000,0.800000,monitor,14,7ffe,1,1,68755456,68665344,-90112,9981286498304,9981287038976,540672,9981286498304,9981287038976,540672,-1,-1,-1
3599,3,900,11,16,16,164791.298159,164791.511809,0.213650,0x405218,1,13812,6405,7407,54,100.000000,1,1,1.913195,1.200000,0.800000,monitor,14,7ffe,1,1,69296128,68935680,-360448,9981283074048,9981285146624,2072576,9981283164160,9981285146624,1982464,-1,-1,-1
3599,3,900,12,16,16,164790.368129,164790.507948,0.139819,0x405218,1,5538,3457,2081,56,100.000000,1,1,1.913195,1.200000,0.800000,monitor,1,1,1,1,14417920,17301504,2883584,3798086803456,3798096175104,9371648,3798087073792,3798096175104,9101312,-1,-1,-1
3599,3,900,13,16,16,164790.842827,164790.959521,0.116694,0x405218,1,8237,3937,4300,58,100.000000,1,1,1.913195,1.200000,0.800000,monitor,1,1,1,1,15679488,15769600,90112,3798096355328,3798096355328,0,3798096355328,3798096355328,0,-1,-1,-1
3599,3,900,14,16,16,164790.669380,164790.791715,0.122335,0x405218,1,8332,5568,2764,60,100.000000,1,1,1.913195,1.200000,0.800000,monitor,1,1,1,1,15859712,15679488,-180224,3798096265216,3798096355328,90112,3798096265216,3798096355328,90112,-1,-1,-1
3599,3,900,15,16,16,164791.655333,164791.779688,0.124355,0x405218,1,7900,3333,4567,62,100.000000,1,1,1.913195,1.200000,0.800000,monitor,1,1,1,1,14958592,14778368,-180224,3798096625664,3798096805888,180224,3798096625664,3798096805888,180224,-1,-1,-1
3600,4,900,0,16,16,164792.555745,164792.585329,0.029584,0x4052e4,1,2053,1001,1052,32,100.000000,1,1,0.181696,1.200000,0.800000,monitor,1,1,1,1,15589376,15499264,-90112,3798099959808,3798100049920,90112,3798099959808,3798100049920,90112,-1,-1,-1
3600,4,900,1,16,16,164792.692050,164792.712833,0.020783,0x4052e4,1,152,115,37,34,100.000000,1,1,0.181696,1.200000,0.800000,monitor,1,1,1,1,15589376,15679488,90112,3798100049920,3798100140032,90112,3798100049920,3798100140032,90112,-1,-1,-1
3600,4,900,2,16,16,164792.587911,164792.608345,0.020434,0x4052e4,1,132,77,55,36,100.000000,1,1,0.181696,1.200000,0.800000,monitor,1,1,1,1,15499264,15679488,180224,3798100049920,3798100049920,0,3798100049920,3798100049920,0,-1,-1,-1
3600,4,900,3,16,16,164792.568893,164792.589677,0.020784,0x4052e4,1,55,17,38,38,100.000000,1,1,0.181696,1.200000,0.800000,monitor,1,1,1,1,15499264,15589376,90112,3798099959808,3798100049920,90112,3798100049920,3798100049920,0,-1,-1,-1
3600,4,900,4,16,16,164792.555716,164792.580125,0.024409,0x4052e4,1,267,222,45,40,100.000000,1,1,0.181696,1.200000,0.800000,monitor,14,7ffe,1,1,68575232,68665344,90112,9981287489536,9981287759872,270336,9981287579648,9981287849984,270336,-1,-1,-1
3600,4,900,5,16,16,164792.695453,164792.721533,0.026080,0x4052e4,1,508,364,144,42,100.000000,1,1,0.181696,1.200000,0.800000,monitor,14,7ffe,1,1,68575232,68395008,-180224,9981287759872,9981287940096,180224,9981287849984,9981287940096,90112,-1,-1,-1
3600,4,900,6,16,16,164792.614898,164792.646585,0.031687,0x4052e4,1,2682,247,2435,44,100.000000,1,1,0.181696,1.200000,0.800000,monitor,14,7ffe,1,1,68755456,68395008,-360448,9981287759872,9981287849984,90112,9981287759872,9981287849984,90112,-1,-1,-1
3600,4,900,7,16,16,164792.648970,164792.674833,0.025863,0x4052e4,1,741,398,343,46,100.000000,1,1,0.181696,1.200000,0.800000,monitor,14,7ffe,1,1,68665344,68395008,-270336,9981287759872,9981287849984,90112,9981287759872,9981287940096,180224,-1,-1,-1
3600,4,900,8,16,16,164792.539837,164792.565807,0.025970,0x4052e4,1,258,181,77,48,100.000000,1,1,0.181696,1.200000,0.800000,monitor,14,7ffe,1,1,68485120,68665344,180224,9981287399424,9981287759872,360448,9981287489536,9981287759872,270336,-1,-1,-1
3600,4,900,9,16,16,164792.627439,164792.654220,0.026781,0x4052e4,1,573,431,142,50,100.000000,1,1,0.181696,1.200000,0.800000,monitor,14,7ffe,1,1,68665344,68395008,-270336,9981287759872,9981287849984,90112,9981287759872,9981287849984,90112,-1,-1,-1
3600,4,900,10,16,16,164792.674337,164792.701057,0.026720,0x4052e4,1,891,533,358,52,100.000000,1,1,0.181696,1.200000,0.800000,monitor,14,7ffe,1,1,68665344,68395008,-270336,9981287759872,9981287940096,180224,9981287759872,9981287940096,180224,-1,-1,-1
3600,4,900,11,16,16,164792.542188,164792.567414,0.025226,0x4052e4,1,684,488,196,54,100.000000,1,1,0.181696,1.200000,0.800000,monitor,14,7ffe,1,1,68485120,68665344,180224,9981287489536,9981287759872,270336,9981287489536,9981287759872,270336,-1,-1,-1
3600,4,900,12,16,16,164792.556826,164792.577549,0.020723,0x4052e4,1,49,9,40,56,100.000000,1,1,0.181696,1.200000,0.800000,monitor,1,1,1,1,15499264,15499264,0,3798099959808,3798100049920,90112,3798099959808,3798100049920,90112,-1,-1,-1
3600,4,900,13,16,16,164792.692487,164792.715356,0.022869,0x4052e4,1,732,304,428,58,100.000000,1,1,0.181696,1.200000,0.800000,monitor,1,1,1,1,15589376,15679488,90112,3798100049920,3798100140032,90112,3798100049920,3798100140032,90112,-1,-1,-1
3600,4,900,14,16,16,164792.596170,164792.619676,0.023506,0x4052e4,1,893,483,410,60,100.000000,1,1,0.181696,1.200000,0.800000,monitor,1,1,1,1,15499264,15589376,90112,3798100049920,3798100049920,0,3798100049920,3798100049920,0,-1,-1,-1
3600,4,900,15,16,16,164792.576242,164792.600430,0.024188,0x4052e4,1,1049,468,581,62,100.000000,1,1,0.181696,1.200000,0.800000,monitor,1,1,1,1,15499264,15679488,180224,3798100049920,3798100049920,0,3798100049920,3798100049920,0,-1,-1,-1
3601,5,900,0,16,16,164792.882279,164792.902337,0.020058,0x40533c,1,27,1,26,32,100.000000,1,1,0.154226,1.200000,0.800000,monitor,1,1,1,1,15499264,15499264,0,3798100320256,3798100320256,0,3798100320256,3798100320256,0,-1,-1,-1
3601,5,900,1,16,16,164792.952920,164792.973277,0.020357,0x40533c,1,63,1,62,34,100.000000,1,1,0.154226,1.200000,0.800000,monitor,1,1,1,1,15499264,15409152,-90112,3798100320256,3798100320256,0,3798100320256,3798100320256,0,-1,-1,-1
3601,5,900,2,16,16,164792.885710,164792.905954,0.020244,0x40533c,1,98,6,92,36,100.000000,1,1,0.154226,1.200000,0.800000,monitor,1,1,1,1,15499264,15499264,0,3798100320256,3798100320256,0,3798100320256,3798100320256,0,-1,-1,-1
3601,5,900,3,16,16,164792.875516,164792.896136,0.020620,0x40533c,1,33,6,27,38,100.000000,1,1,0.154226,1.200000,0.800000,monitor,1,1,1,1,15499264,15499264,0,3798100320256,3798100320256,0,3798100320256,3798100320256,0,-1,-1,-1
3601,5,900,4,16,16,164792.881767,164792.909813,0.028046,0x40533c,1,584,402,182,40,100.000000,1,1,0.154226,1.200000,0.800000,monitor,14,7ffe,1,1,68845568,68845568,0,9981288390656,9981288390656,0,9981288390656,9981288390656,0,-1,-1,-1
3601,5,900,5,16,16,164792.943143,164792.971082,0.027939,0x40533c,1,510,280,230,42,100.000000,1,1,0.154226,1.200000,0.800000,monitor,14,7ffe,1,1,68845568,68665344,-180224,9981288390656,9981288390656,0,9981288390656,9981288390656,0,-1,-1,-1
3601,5,900,6,16,16,164792.918945,164792.948439,0.029494,0x40533c,1,179,40,139,44,100.000000,1,1,0.154226,1.200000,0.800000,monitor,14,7ffe,1,1,68845568,68755456,-90112,9981288390656,9981288390656,0,9981288390656,9981288390656,0,-1,-1,-1
3601,5,900,7,16,16,164792.871837,164792.899647,0.027810,0x40533c,1,440,204,236,46,100.000000,1,1,0.154226,1.200000,0.800000,monitor,14,7ffe,1,1,68755456,68845568,90112,9981288390656,9981288390656,0,9981288390656,9981288390656,0,-1,-1,-1
3601,5,900,8,16,16,164792.957268,164792.991287,0.034019,0x40533c,1,1763,92,1671,48,100.000000,1,1,0.154226,1.200000,0.800000,monitor,14,7ffe,1,1,68845568,68665344,-180224,9981288390656,9981288390656,0,9981288390656,9981288390656,0,-1,-1,-1
3601,5,900,9,16,16,164792.925444,164792.953662,0.028218,0x40533c,1,436,194,242,50,100.000000,1,1,0.154226,1.200000,0.800000,monitor,14,7ffe,1,1,68845568,68665344,-180224,9981288390656,9981288390656,0,9981288390656,9981288390656,0,-1,-1,-1
3601,5,900,10,16,16,164792.997687,164793.026063,0.028376,0x40533c,1,508,263,245,52,100.000000,1,1,0.154226,1.200000,0.800000,monitor,14,7ffe,1,1,68845568,68665344,-180224,9981288390656,9981288390656,0,9981288390656,9981288390656,0,-1,-1,-1
3601,5,900,11,16,16,164792.949693,164792.977708,0.028015,0x40533c,1,537,235,302,54,100.000000,1,1,0.154226,1.200000,0.800000,monitor,14,7ffe,1,1,68845568,68665344,-180224,9981288390656,9981288390656,0,9981288390656,9981288390656,0,-1,-1,-1
3601,5,900,12,16,16,164792.893773,164792.914114,0.020341,0x40533c,1,22,2,20,56,100.000000,1,1,0.154226,1.200000,0.800000,monitor,1,1,1,1,15499264,15499264,0,3798100320256,3798100320256,0,3798100320256,3798100320256,0,-1,-1,-1
3601,5,900,13,16,16,164792.993370,164793.013632,0.020262,0x40533c,1,68,14,54,58,100.000000,1,1,0.154226,1.200000,0.800000,monitor,1,1,1,1,15499264,15589376,90112,3798100320256,3798100320256,0,3798100320256,3798100320256,0,-1,-1,-1
3601,5,900,14,16,16,164792.928100,164792.948857,0.020757,0x40533c,1,117,16,101,60,100.000000,1,1,0.154226,1.200000,0.800000,monitor,1,1,1,1,15409152,15499264,90112,3798100320256,3798100320256,0,3798100320256,3798100320256,0,-1,-1,-1
3601,5,900,15,16,16,164792.896039,164792.916492,0.020453,0x40533c,1,55,1,54,62,100.000000,1,1,0.154226,1.200000,0.800000,monitor,1,1,1,1,15499264,15499264,0,3798100320256,3798100320256,0,3798100320256,3798100320256,0,-1,-1,-1
3998,2,1000,0,16,16,180196.991497,180348.786506,60.353300,0x4051ce,1,6881163,5139628,1741535,32,100.000000,1,1,153.422873,1.200000,0.800000,monitor,1,1,1,1,21536768,16580608,300523520,4202499006464,4206454292480,3726311424,4202499006464,4206454562816,3725950976,-1,-1,-1
3998,2,1000,1,16,16,180197.029037,180348.886236,65.368478,0x4051ce,1,7831407,6579144,1252263,34,100.000000,1,1,153.422873,1.200000,0.800000,monitor,1,1,1,1,21626880,16580608,286015488,4202499096576,4206457896960,3886981120,4202499547136,4206457987072,3876708352,-1,-1,-1
3998,2,1000,2,16,16,180197.002243,180348.891046,65.395385,0x4051ce,1,7828926,6584714,1244212,36,100.000000,1,1,153.422873,1.200000,0.800000,monitor,1,1,1,1,21626880,16580608,287006720,4202499006464,4206457896960,3889864704,4202499006464,4206457987072,3881123840,-1,-1,-1
3998,2,1000,3,16,16,180197.033320,180348.884510,66.087853,0x4051ce,1,7786062,6898215,887847,38,100.000000,1,1,153.422873,1.200000,0.800000,monitor,1,1,1,1,21536768,16580608,288088064,4202499096576,4206457896960,3892297728,4202499727360,4206457896960,3881213952,-1,-1,-1
3998,2,1000,4,16,16,180197.023218,180350.267400,142.118220,0x4051ce,1,17002362,13669854,3332508,40,100.000000,1,1,153.422873,1.200000,0.800000,monitor,14,7ffe,1,1,62537728,69656576,-180224,10883047555072,10891812118528,8573075456,10883047645184,10891812388864,8565956608,-1,-1,-1
3998,2,1000,5,16,16,180197.003706,180350.403535,146.690495,0x4051ce,1,16414810,12788084,3626726,42,100.000000,1,1,153.422873,1.200000,0.800000,monitor,14,7ffe,1,1,62537728,69746688,5316608,10883047555072,10891818336256,8733024256,10883047645184,10891818426368,8718876672,-1,-1,-1
3998,2,1000,6,16,16,180197.037734,180350.173740,135.264885,0x4051ce,1,16200337,12711928,3488409,44,100.000000,1,1,153.422873,1.200000,0.800000,monitor,14,7ffe,1,1,62537728,69386240,-270336,10883047645184,10891806171136,8259665920,10883048095744,10891806351360,8257773568,-1,-1,-1
3998,2,1000,7,16,16,180197.021393,180350.414370,147.802066,0x4051ce,1,16321408,12799916,3521492,46,100.000000,1,1,153.422873,1.200000,0.800000,monitor,14,7ffe,1,1,62537728,69746688,6217728,10883047555072,10891818426368,8750686208,10883047555072,10891818426368,8739782656,-1,-1,-1
3998,2,1000,8,16,16,180197.021537,180350.393894,142.884185,0x4051ce,1,16661367,12858310,3803057,48,100.000000,1,1,153.422873,1.200000,0.800000,monitor,14,7ffe,1,1,62537728,69746688,450560,10883047645184,10891818336256,8622637056,10883047645184,10891818336256,8615157760,-1,-1,-1
3998,2,1000,9,16,16,180196.994029,180350.160400,131.922300,0x4051ce,1,16341836,11427793,4914043,50,100.000000,1,1,153.422873,1.200000,0.800000,monitor,14,7ffe,1,1,62627840,69206016,-540672,10883047555072,10891804999680,8049524736,10883047645184,10891805540352,8050515968,-1,-1,-1
3998,2,1000,10,16,16,180197.031569,180350.226215,132.732489,0x4051ce,1,17319434,10658185,6661249,52,100.000000,1,1,153.422873,1.200000,0.800000,monitor,14,7ffe,1,1,62537728,69656576,-180224,10883047645184,10891810136064,8133869568,10883047915520,10891810586624,8132968448,-1,-1,-1
3998,2,1000,11,16,16,180197.021804,180350.314266,138.076911,0x4051ce,1,16179064,10070322,6108742,54,100.000000,1,1,153.422873,1.200000,0.800000,monitor,14,7ffe,1,1,62537728,69836800,180224,10883047645184,10891815272448,8404566016,10883047645184,10891815542784,8397537280,-1,-1,-1
3998,2,1000,12,16,16,180197.009259,180348.828188,54.312757,0x4051ce,1,7188395,3265175,3923220,56,100.000000,1,1,153.422873,1.200000,0.800000,monitor,1,1,1,1,21626880,16580608,287367168,4202499006464,4206456274944,3445522432,4202499006464,4206456725504,3439665152,-1,-1,-1
3998,2,1000,13,16,16,180196.995463,180348.821033,56.306749,0x4051ce,1,7811638,4002478,3809160,58,100.000000,1,1,153.422873,1.200000,0.800000,monitor,1,1,1,1,21536768,16490496,305569792,4202499006464,4206456094720,3559694336,4202499006464,4206456274944,3552935936,-1,-1,-1
3998,2,1000,14,16,16,180196.999025,180348.866787,60.559783,0x4051ce,1,7224949,4409426,2815523,60,100.000000,1,1,153.422873,1.200000,0.800000,monitor,1,1,1,1,21536768,16490496,299712512,4202499006464,4206457896960,3761364992,4202499006464,4206457896960,3751813120,-1,-1,-1
3998,2,1000,15,16,16,180197.036339,180348.876323,60.162548,0x4051ce,1,7270066,4467851,2802215,62,100.000000,1,1,153.422873,1.200000,0.800000,monitor,1,1,1,1,21536768,16490496,300883968,4202499366912,4206457896960,3731087360,4202500087808,4206457896960,3725410304,-1,-1,-1
3999,3,1000,0,16,16,180350.598060,180350.718783,0.120723,0x405218,1,5444,3393,2051,32,100.000000,1,1,0.378832,1.200000,0.800000,monitor,1,1,1,1,14688256,17301504,2613248,4206459158528,4206466097152,6938624,4206459158528,4206466187264,7028736,-1,-1,-1
3999,3,1000,1,16,16,180350.623023,180350.746518,0.123495,0x405218,1,6144,4059,2085,34,100.000000,1,1,0.378832,1.200000,0.800000,monitor,1,1,1,1,14688256,16760832,2072576,4206459338752,4206466547712,7208960,4206459789312,4206466727936,6938624,-1,-1,-1
3999,3,1000,2,16,16,180350.631115,180350.757426,0.126311,0x405218,1,5402,3516,1886,36,100.000000,1,1,0.378832,1.200000,0.800000,monitor,1,1,1,1,14688256,16670720,1982464,4206459518976,4206466818048,7299072,4206459789312,4206466818048,7028736,-1,-1,-1
3999,3,1000,3,16,16,180350.672283,180350.793114,0.120831,0x405218,1,4855,3146,1709,38,100.000000,1,1,0.378832,1.200000,0.800000,monitor,1,1,1,1,15859712,16220160,360448,4206461952000,4206466908160,4956160,4206462132224,4206466998272,4866048,-1,-1,-1
3999,3,1000,4,16,16,180350.707161,180350.938195,0.231034,0x405218,1,11228,7629,3599,40,100.000000,1,1,0.378832,1.200000,0.800000,monitor,14,7ffe,1,1,67674112,69296128,1622016,10891822751744,10891838341120,15589376,10891823562752,10891838431232,14868480,-1,-1,-1
3999,3,1000,5,16,16,180350.641515,180350.936567,0.295052,0x405218,1,10304,6986,3318,42,100.000000,1,1,0.378832,1.200000,0.800000,monitor,14,7ffe,1,1,69386240,69296128,-90112,10891818696704,10891838341120,19644416,10891818876928,10891838431232,19554304,-1,-1,-1
3999,3,1000,6,16,16,180350.684063,180350.910152,0.226089,0x405218,1,11118,7681,3437,44,100.000000,1,1,0.378832,1.200000,0.800000,monitor,14,7ffe,1,1,67944448,69386240,1441792,10891820679168,10891837710336,17031168,10891821580288,10891837890560,16310272,-1,-1,-1
3999,3,1000,7,16,16,180350.669947,180350.971917,0.301970,0x405218,1,10291,7091,3200,46,100.000000,1,1,0.378832,1.200000,0.800000,monitor,14,7ffe,1,1,68935680,69386240,450560,10891820048384,10891838431232,18382848,10891820408832,10891838431232,18022400,-1,-1,-1
3999,3,1000,8,16,16,180350.633173,180350.925652,0.292479,0x405218,1,10308,6834,3474,48,100.000000,1,1,0.378832,1.200000,0.800000,monitor,14,7ffe,1,1,69746688,69206016,-540672,10891818696704,10891838251008,19554304,10891818696704,10891838251008,19554304,-1,-1,-1
3999,3,1000,9,16,16,180350.699313,180350.903480,0.204167,0x405218,1,11249,6837,4412,50,100.000000,1,1,0.378832,1.200000,0.800000,monitor,14,7ffe,1,1,68034560,69386240,1351680,10891821760512,10891837530112,15769600,10891822481408,10891837890560,15409152,-1,-1,-1
3999,3,1000,10,16,16,180350.593085,180350.785150,0.192065,0x405218,1,11390,5911,5479,52,100.000000,1,1,0.378832,1.200000,0.800000,monitor,14,7ffe,1,1,69746688,68124672,-1622016,10891818696704,10891831132160,12435456,10891818696704,10891831582720,12886016,-1,-1,-1
3999,3,1000,11,16,16,180350.647447,180350.901502,0.254055,0x405218,1,10353,5062,5291,54,100.000000,1,1,0.378832,1.200000,0.800000,monitor,14,7ffe,1,1,69386240,69115904,-270336,10891818696704,10891837349888,18653184,10891818967040,10891837530112,18563072,-1,-1,-1
3999,3,1000,12,16,16,180350.600767,180350.720865,0.120098,0x405218,1,5497,2947,2550,56,100.000000,1,1,0.378832,1.200000,0.800000,monitor,1,1,1,1,14688256,17211392,2523136,4206459158528,4206466187264,7028736,4206459158528,4206466367488,7208960,-1,-1,-1
3999,3,1000,13,16,16,180350.659501,180350.817774,0.158273,0x405218,1,6046,4547,1499,58,100.000000,1,1,0.378832,1.200000,0.800000,monitor,1,1,1,1,15499264,16039936,540672,4206460960768,4206467088384,6127616,4206461591552,4206467088384,5496832,-1,-1,-1
3999,3,1000,14,16,16,180350.692094,180350.844562,0.152468,0x405218,1,5568,4855,713,60,100.000000,1,1,0.378832,1.200000,0.800000,monitor,1,1,1,1,16760832,15589376,-1171456,4206462853120,4206467088384,4235264,4206463483904,4206467088384,3604480,-1,-1,-1
3999,3,1000,15,16,16,180350.708519,180350.856293,0.147774,0x405218,1,5105,4537,568,62,100.000000,1,1,0.378832,1.200000,0.800000,monitor,1,1,1,1,17031168,15499264,-1531904,4206464114688,4206467088384,2973696,4206464294912,4206467088384,2793472,-1,-1,-1
4000,4,1000,0,16,16,180351.316086,180351.355407,0.039321,0x4052e4,1,2079,1114,965,32,100.000000,1,1,0.690653,1.200000,0.800000,monitor,1,1,1,1,17481728,17391616,-90112,4206470422528,4206470422528,0,4206470422528,4206470422528,0,-1,-1,-1
4000,4,1000,1,16,16,180351.259337,180351.280282,0.020945,0x4052e4,1,208,170,38,34,100.000000,1,1,0.690653,1.200000,0.800000,monitor,1,1,1,1,17211392,17481728,270336,4206470332416,4206470422528,90112,4206470422528,4206470422528,0,-1,-1,-1
4000,4,1000,2,16,16,180351.256957,180351.277594,0.020637,0x4052e4,1,137,94,43,36,100.000000,1,1,0.690653,1.200000,0.800000,monitor,1,1,1,1,17571840,17481728,-90112,4206470332416,4206470422528,90112,4206470422528,4206470422528,0,-1,-1,-1
4000,4,1000,3,16,16,180351.272247,180351.292587,0.020340,0x4052e4,1,102,67,35,38,100.000000,1,1,0.690653,1.200000,0.800000,monitor,1,1,1,1,17481728,17391616,-90112,4206470422528,4206470422528,0,4206470422528,4206470422528,0,-1,-1,-1
4000,4,1000,4,16,16,180351.728771,180351.751115,0.022344,0x4052e4,1,321,277,44,40,100.000000,1,1,0.690653,1.200000,0.800000,monitor,14,7ffe,1,1,67584000,67313664,-270336,10891841314816,10891841404928,90112,10891841314816,10891841404928,90112,-1,-1,-1
4000,4,1000,5,16,16,180351.272692,180351.298319,0.025627,0x4052e4,1,205,150,55,42,100.000000,1,1,0.690653,1.200000,0.800000,monitor,14,7ffe,1,1,67584000,67493888,-90112,10891840143360,10891840593920,450560,10891840143360,10891840684032,540672,-1,-1,-1
4000,4,1000,6,16,16,180351.270971,180351.295215,0.024244,0x4052e4,1,351,276,75,44,100.000000,1,1,0.690653,1.200000,0.800000,monitor,14,7ffe,1,1,67584000,67493888,-90112,10891840143360,10891840323584,180224,10891840143360,10891840593920,450560,-1,-1,-1
4000,4,1000,7,16,16,180351.247029,180351.272714,0.025685,0x4052e4,1,191,133,58,46,100.000000,1,1,0.690653,1.200000,0.800000,monitor,14,7ffe,1,1,67854336,67584000,-270336,10891839602688,10891840233472,630784,10891840143360,10891840233472,90112,-1,-1,-1
4000,4,1000,8,16,16,180351.298694,180351.324086,0.025392,0x4052e4,1,195,153,42,48,100.000000,1,1,0.690653,1.200000,0.800000,monitor,14,7ffe,1,1,67584000,67403776,-180224,10891840143360,10891840593920,450560,10891840143360,10891840864256,720896,-1,-1,-1
4000,4,1000,9,16,16,180351.742177,180351.770014,0.027837,0x4052e4,1,3228,381,2847,50,100.000000,1,1,0.690653,1.200000,0.800000,monitor,14,7ffe,1,1,67493888,67313664,-180224,10891841314816,10891841404928,90112,10891841314816,10891841404928,90112,-1,-1,-1
4000,4,1000,10,16,16,180351.266360,180351.291583,0.025223,0x4052e4,1,408,349,59,52,100.000000,1,1,0.690653,1.200000,0.800000,monitor,14,7ffe,1,1,67493888,67493888,0,10891840143360,10891840323584,180224,10891840143360,10891840413696,270336,-1,-1,-1
4000,4,1000,11,16,16,180351.601591,180351.627896,0.026305,0x4052e4,1,3271,769,2502,54,100.000000,1,1,0.690653,1.200000,0.800000,monitor,14,7ffe,1,1,67674112,67674112,0,10891841224704,10891841314816,90112,10891841224704,10891841314816,90112,-1,-1,-1
4000,4,1000,12,16,16,180351.230847,180351.251753,0.020906,0x4052e4,1,36,5,31,56,100.000000,1,1,0.690653,1.200000,0.800000,monitor,1,1,1,1,16760832,17481728,720896,4206470152192,4206470422528,270336,4206470332416,4206470422528,90112,-1,-1,-1
4000,4,1000,13,16,16,180351.896056,180351.921500,0.025444,0x4052e4,1,2722,398,2324,58,100.000000,1,1,0.690653,1.200000,0.800000,monitor,1,1,1,1,17481728,17481728,0,4206470422528,4206470512640,90112,4206470422528,4206470512640,90112,-1,-1,-1
4000,4,1000,14,16,16,180351.245294,180351.266816,0.021522,0x4052e4,1,51,22,29,60,100.000000,1,1,0.690653,1.200000,0.800000,monitor,1,1,1,1,17481728,17481728,0,4206470332416,4206470422528,90112,4206470332416,4206470422528,90112,-1,-1,-1
4000,4,1000,15,16,16,180351.301457,180351.331977,0.030520,0x4052e4,1,2455,173,2282,62,100.000000,1,1,0.690653,1.200000,0.800000,monitor,1,1,1,1,17481728,17301504,-180224,4206470422528,4206470422528,0,4206470422528,4206470422528,0,-1,-1,-1
4001,5,1000,0,16,16,180352.775342,180352.794178,0.018836,0x40533c,1,45,1,44,32,100.000000,1,1,0.911681,1.200000,0.800000,monitor,1,1,1,1,17301504,17301504,0,4206470873088,4206470963200,90112,4206470873088,4206470963200,90112,-1,-1,-1
4001,5,1000,1,16,16,180352.059418,180352.079411,0.019993,0x40533c,1,25,3,22,34,100.000000,1,1,0.911681,1.200000,0.800000,monitor,1,1,1,1,18022400,18022400,0,4206470692864,4206470782976,90112,4206470782976,4206470782976,0,-1,-1,-1
4001,5,1000,2,16,16,180352.770494,180352.789207,0.018713,0x40533c,1,30,3,27,36,100.000000,1,1,0.911681,1.200000,0.800000,monitor,1,1,1,1,17301504,17301504,0,4206470873088,4206470963200,90112,4206470873088,4206470963200,90112,-1,-1,-1
4001,5,1000,3,16,16,180352.050860,180352.071220,0.020360,0x40533c,1,29,8,21,38,100.000000,1,1,0.911681,1.200000,0.800000,monitor,1,1,1,1,17842176,18022400,180224,4206470692864,4206470782976,90112,4206470692864,4206470782976,90112,-1,-1,-1
4001,5,1000,4,16,16,180352.053537,180352.081091,0.027554,0x40533c,1,441,277,164,40,100.000000,1,1,0.911681,1.200000,0.800000,monitor,14,7ffe,1,1,66953216,67223552,270336,10891841765376,10891841945600,180224,10891841765376,10891841945600,180224,-1,-1,-1
4001,5,1000,5,16,16,180352.766521,180352.795562,0.029041,0x40533c,1,2744,701,2043,42,100.000000,1,1,0.911681,1.200000,0.800000,monitor,14,7ffe,1,1,67584000,67403776,-180224,10891842666496,10891842666496,0,10891842666496,10891842666496,0,-1,-1,-1
4001,5,1000,6,16,16,180352.063443,180352.089824,0.026381,0x40533c,1,365,228,137,44,100.000000,1,1,0.911681,1.200000,0.800000,monitor,14,7ffe,1,1,66953216,67313664,360448,10891841855488,10891841945600,90112,10891841945600,10891841945600,0,-1,-1,-1
4001,5,1000,7,16,16,180352.623839,180352.652731,0.028892,0x40533c,1,2920,770,2150,46,100.000000,1,1,0.911681,1.200000,0.800000,monitor,14,7ffe,1,1,67674112,67584000,-90112,10891842576384,10891842666496,90112,10891842576384,10891842666496,90112,-1,-1,-1
4001,5,1000,8,16,16,180352.931872,180352.962541,0.030669,0x40533c,1,2581,589,1992,48,100.000000,1,1,0.911681,1.200000,0.800000,monitor,14,7ffe,1,1,67403776,67223552,-180224,10891842666496,10891842666496,0,10891842666496,10891842666496,0,-1,-1,-1
4001,5,1000,9,16,16,180352.056090,180352.085580,0.029490,0x40533c,1,868,293,575,50,100.000000,1,1,0.911681,1.200000,0.800000,monitor,14,7ffe,1,1,66772992,67313664,540672,10891841765376,10891841945600,180224,10891841855488,10891841945600,90112,-1,-1,-1
4001,5,1000,10,16,16,180352.330333,180352.356809,0.026476,0x40533c,1,446,217,229,52,100.000000,1,1,0.911681,1.200000,0.800000,monitor,14,7ffe,1,1,67313664,67674112,360448,10891841945600,10891842576384,630784,10891841945600,10891842576384,630784,-1,-1,-1
4001,5,1000,11,16,16,180352.750908,180352.778106,0.027198,0x40533c,1,1144,339,805,54,100.000000,1,1,0.911681,1.200000,0.800000,monitor,14,7ffe,1,1,67584000,67403776,-180224,10891842666496,10891842666496,0,10891842666496,10891842666496,0,-1,-1,-1
4001,5,1000,12,16,16,180352.336393,180352.355505,0.019112,0x40533c,1,21,4,17,56,100.000000,1,1,0.911681,1.200000,0.800000,monitor,1,1,1,1,18022400,17752064,-270336,4206470782976,4206470873088,90112,4206470782976,4206470873088,90112,-1,-1,-1
4001,5,1000,13,16,16,180352.767841,180352.787093,0.019252,0x40533c,1,379,52,327,58,100.000000,1,1,0.911681,1.200000,0.800000,monitor,1,1,1,1,17301504,17301504,0,4206470873088,4206470873088,0,4206470873088,4206470963200,90112,-1,-1,-1
4001,5,1000,14,16,16,180352.489494,180352.510222,0.020728,0x40533c,1,1629,238,1391,60,100.000000,1,1,0.911681,1.200000,0.800000,monitor,1,1,1,1,17301504,17301504,0,4206470873088,4206470873088,0,4206470873088,4206470873088,0,-1,-1,-1
4001,5,1000,15,16,16,180352.352592,180352.373253,0.020661,0x40533c,1,1652,130,1522,62,100.000000,1,1,0.911681,1.200000,0.800000,monitor,1,1,1,1,18022400,17481728,-540672,4206470782976,4206470873088,90112,4206470782976,4206470873088,90112,-1,-1,-1
4398,2,1100,0,16,16,194786.240437,194926.030794,60.746174,0x4051ce,1,6890531,5151863,1738668,32,100.000000,1,1,141.092429,1.200000,0.800000,monitor,1,1,1,1,20275200,17661952,273760256,4608811671552,4612804984832,3805159424,4608811671552,4612805074944,3805249536,-1,-1,-1
4398,2,1100,1,16,16,194786.266306,194926.025309,64.734684,0x4051ce,1,7296154,6067069,1229085,34,100.000000,1,1,141.092429,1.200000,0.800000,monitor,1,1,1,1,20545536,17752064,269344768,4608812392448,4612804894720,3928973312,4608813023232,4612804984832,3923116032,-1,-1,-1
4398,2,1100,2,16,16,194786.195137,194926.052274,64.696406,0x4051ce,1,7145606,5950006,1195600,36,100.000000,1,1,141.092429,1.200000,0.800000,monitor,1,1,1,1,20275200,17571840,265469952,4608811671552,4612805074944,3928793088,4608811671552,4612805074944,3921944576,-1,-1,-1
4398,2,1100,3,16,16,194786.252785,194926.066083,66.129843,0x4051ce,1,7778508,6940959,837549,38,100.000000,1,1,141.092429,1.200000,0.800000,monitor,1,1,1,1,20635648,17571840,266911744,4608811941888,4612805074944,3941949440,4608812302336,4612805074944,3931316224,-1,-1,-1
4398,2,1100,4,16,16,194786.201531,194927.282321,135.648554,0x4051ce,1,14961091,11813891,3147200,40,100.000000,1,1,141.092429,1.200000,0.800000,monitor,14,7ffe,1,1,63348736,67584000,811008,11721426264064,11729295384576,7845601280,11721426444288,11729295384576,7835148288,-1,-1,-1
4398,2,1100,5,16,16,194786.272465,194927.182982,129.582189,0x4051ce,1,15839007,12038223,3800784,42,100.000000,1,1,141.092429,1.200000,0.800000,monitor,14,7ffe,1,1,63078400,67674112,0,11721428156416,11729292681216,7706198016,11721428697088,11729292861440,7701241856,-1,-1,-1
4398,2,1100,6,16,16,194786.256900,194927.198072,126.491110,0x4051ce,1,14820279,11496094,3324185,44,100.000000,1,1,141.092429,1.200000,0.800000,monitor,14,7ffe,1,1,63168512,67674112,90112,11721426984960,11729293312000,7547691008,11721427886080,11729293492224,7546159104,-1,-1,-1
4398,2,1100,7,16,16,194786.248544,194927.105722,130.085031,0x4051ce,1,15815927,12205213,3610714,46,100.000000,1,1,141.092429,1.200000,0.800000,monitor,14,7ffe,1,1,63168512,67223552,-360448,11721426714624,11729287815168,7728365568,11721427525632,11729288445952,7722057728,-1,-1,-1
4398,2,1100,8,16,16,194786.212756,194927.287566,134.592116,0x4051ce,1,14827647,11193259,3634388,48,100.000000,1,1,141.092429,1.200000,0.800000,monitor,14,7ffe,1,1,63348736,67674112,901120,11721426354176,11729295384576,7837941760,11721426534400,11729295384576,7829020672,-1,-1,-1
4398,2,1100,9,16,16,194786.234987,194927.079988,121.608214,0x4051ce,1,15220748,10294247,4926501,18,100.000000,1,1,141.092429,1.200000,0.800000,monitor,14,7ffe,1,1,63168512,67043328,-540672,11721426534400,11729285652480,7282851840,11721426804736,11729286283264,7282040832,-1,-1,-1
4398,2,1100,10,16,16,194786.269321,194927.172624,121.548152,0x4051ce,1,16023210,9446152,6577058,52,100.000000,1,1,141.092429,1.200000,0.800000,monitor,14,7ffe,1,1,63168512,67493888,-180224,11721427705856,11729292591104,7307812864,11721428336640,11729292861440,7304028160,-1,-1,-1
4398,2,1100,11,16,16,194786.204129,194927.148279,119.991667,0x4051ce,1,15815445,9546274,6269171,54,100.000000,1,1,141.092429,1.200000,0.800000,monitor,14,7ffe,1,1,63348736,67403776,-270336,11721426354176,11729291239424,7223197696,11721426444288,11729291599872,7219412992,-1,-1,-1
4398,2,1100,12,16,16,194786.220823,194925.962441,55.018743,0x4051ce,1,8104949,3854184,4250765,56,100.000000,1,1,141.092429,1.200000,0.800000,monitor,1,1,1,1,20455424,17661952,275382272,4608811671552,4612802281472,3510583296,4608811671552,4612802822144,3513466880,-1,-1,-1
4398,2,1100,13,16,16,194786.276275,194925.926929,56.819205,0x4051ce,1,8140798,4198738,3942060,58,100.000000,1,1,141.092429,1.200000,0.800000,monitor,1,1,1,1,20725760,17301504,280158208,4608812843008,4612800118784,3619618816,4608813293568,4612800659456,3620700160,-1,-1,-1
4398,2,1100,14,16,16,194786.238220,194925.987211,61.667055,0x4051ce,1,8004724,4901382,3103342,60,100.000000,1,1,141.092429,1.200000,0.800000,monitor,1,1,1,1,20455424,17661952,271327232,4608811671552,4612803633152,3845529600,4608812212224,4612803813376,3840303104,-1,-1,-1
4398,2,1100,15,16,16,194786.272683,194926.009049,60.610555,0x4051ce,1,7861135,4811621,3049514,62,100.000000,1,1,141.092429,1.200000,0.800000,monitor,1,1,1,1,20815872,17661952,275202048,4608812572672,4612804534272,3801104384,4608813203456,4612804714496,3800113152,-1,-1,-1
4399,3,1100,0,16,16,194927.490411,194927.606413,0.116002,0x405218,1,5465,3400,2065,32,100.000000,1,1,0.577282,1.200000,0.800000,monitor,1,1,1,1,15319040,17842176,2523136,4612806336512,4612813185024,6848512,4612806336512,4612813365248,7028736,-1,-1,-1
4399,3,1100,1,16,16,194927.532309,194927.673270,0.140961,0x405218,1,5703,3783,1920,34,100.000000,1,1,0.577282,1.200000,0.800000,monitor,1,1,1,1,15679488,17301504,1622016,4612807327744,4612814176256,6848512,4612807868416,4612814176256,6307840,-1,-1,-1
4399,3,1100,2,16,16,194927.518067,194927.653586,0.135519,0x405218,1,4970,3169,1801,36,100.000000,1,1,0.577282,1.200000,0.800000,monitor,1,1,1,1,15138816,17211392,2072576,4612806426624,4612814176256,7749632,4612807057408,4612814176256,7118848,-1,-1,-1
4399,3,1100,3,16,16,194927.503691,194927.623291,0.119600,0x405218,1,4263,2459,1804,38,100.000000,1,1,0.577282,1.200000,0.800000,monitor,1,1,1,1,15228928,17661952,2433024,4612806336512,4612813815808,7479296,4612806336512,4612813996032,7659520,-1,-1,-1
4399,3,1100,4,16,16,194927.485109,194927.760571,0.275462,0x405218,1,9849,6452,3397,40,100.000000,1,1,0.577282,1.200000,0.800000,monitor,14,7ffe,1,1,67764224,66863104,-901120,11729295745024,11729307910144,12165120,11729295745024,11729308540928,12795904,-1,-1,-1
4399,3,1100,5,16,16,194927.531363,194927.742867,0.211504,0x405218,1,10873,6969,3904,42,100.000000,1,1,0.577282,1.200000,0.800000,monitor,14,7ffe,1,1,68214784,66863104,-1351680,11729296556032,11729307369472,10813440,11729297367040,11729307729920,10362880,-1,-1,-1
4399,3,1100,6,16,16,194927.773339,194927.979316,0.205977,0x405218,1,12217,6247,5970,44,100.000000,1,1,0.577282,1.200000,0.800000,monitor,14,7ffe,1,1,66142208,67584000,1441792,11729307099136,11729313767424,6668288,11729307279360,11729313767424,6488064,-1,-1,-1
4399,3,1100,7,16,16,194927.507146,194927.713385,0.206239,0x405218,1,10895,7109,3786,46,100.000000,1,1,0.577282,1.200000,0.800000,monitor,14,7ffe,1,1,68124672,66142208,-1982464,11729295835136,11729307099136,11264000,11729295925248,11729307279360,11354112,-1,-1,-1
4399,3,1100,8,16,16,194927.793439,194928.057739,0.264300,0x405218,1,9894,5466,4428,48,100.000000,1,1,0.577282,1.200000,0.800000,monitor,14,7ffe,1,1,66863104,67584000,720896,11729307639808,11729314037760,6397952,11729307910144,11729314037760,6127616,-1,-1,-1
4399,3,1100,9,16,16,194927.778149,194927.963081,0.184932,0x405218,1,10854,6014,4840,18,100.000000,1,1,0.577282,1.200000,0.800000,monitor,14,7ffe,1,1,66592768,67493888,901120,11729307369472,11729313677312,6307840,11729307369472,11729313767424,6397952,-1,-1,-1
4399,3,1100,10,16,16,194927.528584,194927.706224,0.177640,0x405218,1,11003,5658,5345,52,100.000000,1,1,0.577282,1.200000,0.800000,monitor,14,7ffe,1,1,68214784,66142208,-2072576,11729296015360,11729307099136,11083776,11729297276928,11729307279360,10002432,-1,-1,-1
4399,3,1100,11,16,16,194927.781030,194927.971087,0.190057,0x405218,1,10902,5657,5245,54,100.000000,1,1,0.577282,1.200000,0.800000,monitor,14,7ffe,1,1,66592768,67493888,901120,11729307369472,11729313767424,6397952,11729307369472,11729313767424,6397952,-1,-1,-1
4399,3,1100,12,16,16,194927.480457,194927.581053,0.100596,0x405218,1,5094,2477,2617,56,100.000000,1,1,0.577282,1.200000,0.800000,monitor,1,1,1,1,15319040,17571840,2252800,4612806246400,4612812374016,6127616,4612806336512,4612812644352,6307840,-1,-1,-1
4399,3,1100,13,16,16,194927.742285,194927.866666,0.124381,0x405218,1,6354,4276,2078,58,100.000000,1,1,0.577282,1.200000,0.800000,monitor,1,1,1,1,16941056,15769600,-1171456,4612814176256,4612814446592,270336,4612814176256,4612814446592,270336,-1,-1,-1
4399,3,1100,14,16,16,194927.499302,194927.633862,0.134560,0x405218,1,5735,5191,544,60,100.000000,1,1,0.577282,1.200000,0.800000,monitor,1,1,1,1,15228928,17661952,2433024,4612806336512,4612813996032,7659520,4612806336512,4612813996032,7659520,-1,-1,-1
4399,3,1100,15,16,16,194927.784434,194927.907132,0.122698,0x405218,1,5378,4536,842,62,100.000000,1,1,0.577282,1.200000,0.800000,monitor,1,1,1,1,16490496,15589376,-901120,4612814176256,4612814446592,270336,4612814176256,4612814446592,270336,-1,-1,-1
4400,4,1100,0,16,16,194928.342318,194928.379221,0.036903,0x4052e4,1,2128,1171,957,32,100.000000,1,1,0.820508,1.200000,0.800000,monitor,1,1,1,1,16760832,17571840,811008,4612817240064,4612818141184,901120,4612817510400,4612818141184,630784,-1,-1,-1
4400,4,1100,1,16,16,194928.323930,194928.347497,0.023567,0x4052e4,1,112,89,23,34,100.000000,1,1,0.820508,1.200000,0.800000,monitor,1,1,1,1,16760832,17571840,811008,4612817240064,4612818141184,901120,4612817510400,4612818141184,630784,-1,-1,-1
4400,4,1100,2,16,16,194928.353926,194928.375403,0.021477,0x4052e4,1,59,17,42,36,100.000000,1,1,0.820508,1.200000,0.800000,monitor,1,1,1,1,16670720,17571840,901120,4612817600512,4612818141184,540672,4612817960960,4612818141184,180224,-1,-1,-1
4400,4,1100,3,16,16,194928.356875,194928.377211,0.020336,0x4052e4,1,136,103,33,38,100.000000,1,1,0.820508,1.200000,0.800000,monitor,1,1,1,1,16670720,17571840,901120,4612817780736,4612818141184,360448,4612818051072,4612818141184,90112,-1,-1,-1
4400,4,1100,4,16,16,194928.331960,194928.358254,0.026294,0x4052e4,1,178,147,31,40,100.000000,1,1,0.820508,1.200000,0.800000,monitor,14,7ffe,1,1,67403776,67674112,270336,11729315389440,11729317101568,1712128,11729316651008,11729317191680,540672,-1,-1,-1
4400,4,1100,5,16,16,194929.110516,194929.138996,0.028480,0x4052e4,1,3182,415,2767,42,100.000000,1,1,0.820508,1.200000,0.800000,monitor,14,7ffe,1,1,67043328,66592768,-450560,11729317462016,11729317552128,90112,11729317552128,11729317552128,0,-1,-1,-1
4400,4,1100,6,16,16,194928.918736,194928.942724,0.023988,0x4052e4,1,626,383,243,44,100.000000,1,1,0.820508,1.200000,0.800000,monitor,14,7ffe,1,1,67223552,67133440,-90112,11729317281792,11729317281792,0,11729317281792,11729317281792,0,-1,-1,-1
4400,4,1100,7,16,16,194928.318488,194928.345392,0.026904,0x4052e4,1,416,350,66,46,100.000000,1,1,0.820508,1.200000,0.800000,monitor,14,7ffe,1,1,66502656,67674112,1171456,11729314938880,11729317101568,2162688,11729315569664,11729317101568,1531904,-1,-1,-1
4400,4,1100,8,16,16,194928.389900,194928.420257,0.030357,0x4052e4,1,2700,285,2415,48,100.000000,1,1,0.820508,1.200000,0.800000,monitor,14,7ffe,1,1,67674112,67584000,-90112,11729317101568,11729317281792,180224,11729317101568,11729317281792,180224,-1,-1,-1
4400,4,1100,9,16,16,194928.786070,194928.813406,0.027336,0x4052e4,1,3286,397,2889,18,100.000000,1,1,0.820508,1.200000,0.800000,monitor,14,7ffe,1,1,67403776,67223552,-180224,11729317281792,11729317281792,0,11729317281792,11729317281792,0,-1,-1,-1
4400,4,1100,10,16,16,194928.372046,194928.397617,0.025571,0x4052e4,1,347,291,56,52,100.000000,1,1,0.820508,1.200000,0.800000,monitor,14,7ffe,1,1,67854336,67584000,-270336,11729317101568,11729317281792,180224,11729317101568,11729317281792,180224,-1,-1,-1
4400,4,1100,11,16,16,194929.093935,194929.122102,0.028167,0x4052e4,1,3309,498,2811,54,100.000000,1,1,0.820508,1.200000,0.800000,monitor,14,7ffe,1,1,66953216,66592768,-360448,11729317462016,11729317552128,90112,11729317462016,11729317552128,90112,-1,-1,-1
4400,4,1100,12,16,16,194928.928792,194928.947472,0.018680,0x4052e4,1,95,74,21,56,100.000000,1,1,0.820508,1.200000,0.800000,monitor,1,1,1,1,17571840,17391616,-180224,4612818321408,4612818411520,90112,4612818321408,4612818411520,90112,-1,-1,-1
4400,4,1100,13,16,16,194928.657176,194928.680955,0.023779,0x4052e4,1,2702,353,2349,58,100.000000,1,1,0.820508,1.200000,0.800000,monitor,1,1,1,1,17571840,17571840,0,4612818231296,4612818321408,90112,4612818231296,4612818321408,90112,-1,-1,-1
4400,4,1100,14,16,16,194928.342338,194928.363412,0.021074,0x4052e4,1,241,207,34,60,100.000000,1,1,0.820508,1.200000,0.800000,monitor,1,1,1,1,16760832,17571840,811008,4612817510400,4612818141184,630784,4612817600512,4612818141184,540672,-1,-1,-1
4400,4,1100,15,16,16,194928.937962,194928.960807,0.022845,0x4052e4,1,2720,251,2469,62,100.000000,1,1,0.820508,1.200000,0.800000,monitor,1,1,1,1,17571840,17391616,-180224,4612818321408,4612818411520,90112,4612818321408,4612818411520,90112,-1,-1,-1
4401,5,1100,0,16,16,194929.310479,194929.335228,0.024749,0x40533c,1,73,7,66,32,100.000000,1,1,0.457163,1.200000,0.800000,monitor,1,1,1,1,17301504,17752064,450560,4612818501632,4612818501632,0,4612818501632,4612818501632,0,-1,-1,-1
4401,5,1100,1,16,16,194929.715923,194929.737885,0.021962,0x40533c,1,1645,161,1484,34,100.000000,1,1,0.457163,1.200000,0.800000,monitor,1,1,1,1,17661952,17571840,-90112,4612818501632,4612818501632,0,4612818501632,4612818501632,0,-1,-1,-1
4401,5,1100,2,16,16,194929.283304,194929.303605,0.020301,0x40533c,1,17,1,16,36,100.000000,1,1,0.457163,1.200000,0.800000,monitor,1,1,1,1,17391616,17391616,0,4612818411520,4612818501632,90112,4612818411520,4612818501632,90112,-1,-1,-1
4401,5,1100,3,16,16,194929.313958,194929.336107,0.022149,0x40533c,1,106,37,69,38,100.000000,1,1,0.457163,1.200000,0.800000,monitor,1,1,1,1,17301504,17752064,450560,4612818501632,4612818501632,0,4612818501632,4612818501632,0,-1,-1,-1
4401,5,1100,4,16,16,194929.294412,194929.323542,0.029130,0x40533c,1,98,45,53,40,100.000000,1,1,0.457163,1.200000,0.800000,monitor,14,7ffe,1,1,66682880,66682880,0,11729317642240,11729317642240,0,11729317642240,11729317642240,0,-1,-1,-1
4401,5,1100,5,16,16,194929.503107,194929.529132,0.026025,0x40533c,1,865,346,519,42,100.000000,1,1,0.457163,1.200000,0.800000,monitor,14,7ffe,1,1,66412544,66322432,-90112,11729317642240,11729317642240,0,11729317642240,11729317642240,0,-1,-1,-1
4401,5,1100,6,16,16,194929.535032,194929.560883,0.025851,0x40533c,1,531,362,169,44,100.000000,1,1,0.457163,1.200000,0.800000,monitor,14,7ffe,1,1,66322432,66232320,-90112,11729317642240,11729317642240,0,11729317642240,11729317642240,0,-1,-1,-1
4401,5,1100,7,16,16,194929.698612,194929.724713,0.026101,0x40533c,1,390,173,217,46,100.000000,1,1,0.457163,1.200000,0.800000,monitor,14,7ffe,1,1,66232320,66232320,0,11729317642240,11729317642240,0,11729317642240,11729317642240,0,-1,-1,-1
4401,5,1100,8,16,16,194929.516101,194929.544204,0.028103,0x40533c,1,2533,424,2109,48,100.000000,1,1,0.457163,1.200000,0.800000,monitor,14,7ffe,1,1,66412544,66322432,-90112,11729317642240,11729317642240,0,11729317642240,11729317642240,0,-1,-1,-1
4401,5,1100,9,16,16,194929.520913,194929.547038,0.026125,0x40533c,1,1054,292,762,18,100.000000,1,1,0.457163,1.200000,0.800000,monitor,14,7ffe,1,1,66412544,66322432,-90112,11729317642240,11729317642240,0,11729317642240,11729317642240,0,-1,-1,-1
4401,5,1100,10,16,16,194929.311765,194929.342266,0.030501,0x40533c,1,456,241,215,52,100.000000,1,1,0.457163,1.200000,0.800000,monitor,14,7ffe,1,1,66682880,66412544,-270336,11729317642240,11729317642240,0,11729317642240,11729317642240,0,-1,-1,-1
4401,5,1100,11,16,16,194929.532075,194929.557749,0.025674,0x40533c,1,1149,337,812,54,100.000000,1,1,0.457163,1.200000,0.800000,monitor,14,7ffe,1,1,66412544,66232320,-180224,11729317642240,11729317642240,0,11729317642240,11729317642240,0,-1,-1,-1
4401,5,1100,12,16,16,194929.280722,194929.300621,0.019899,0x40533c,1,15,1,14,56,100.000000,1,1,0.457163,1.200000,0.800000,monitor,1,1,1,1,17391616,17391616,0,4612818411520,4612818501632,90112,4612818411520,4612818501632,90112,-1,-1,-1
4401,5,1100,13,16,16,194929.290764,194929.311490,0.020726,0x40533c,1,298,54,244,58,100.000000,1,1,0.457163,1.200000,0.800000,monitor,1,1,1,1,17391616,17391616,0,4612818411520,4612818501632,90112,4612818411520,4612818501632,90112,-1,-1,-1
4401,5,1100,14,16,16,194929.307471,194929.329759,0.022288,0x40533c,1,42,4,38,60,100.000000,1,1,0.457163,1.200000,0.800000,monitor,1,1,1,1,17301504,17661952,360448,4612818501632,4612818501632,0,4612818501632,4612818501632,0,-1,-1,-1
4401,5,1100,15,16,16,194929.507669,194929.526996,0.019327,0x40533c,1,451,37,414,62,100.000000,1,1,0.457163,1.200000,0.800000,monitor,1,1,1,1,17752064,17661952,-90112,4612818501632,4612818501632,0,4612818501632,4612818501632,0,-1,-1,-1
4798,2,1200,0,16,16,208516.579025,208648.668185,59.595645,0x4051ce,1,6884164,5088504,1795660,32,100.000000,1,1,133.265743,1.200000,0.800000,monitor,1,1,1,1,25141248,19193856,253575168,5012192002048,5016071413760,3697745920,5012192002048,5016071684096,3691167744,-1,-1,-1
4798,2,1200,1,16,16,208516.592473,208648.666648,63.386287,0x4051ce,1,7151650,5936786,1214864,34,100.000000,1,1,133.265743,1.200000,0.800000,monitor,1,1,1,1,25141248,19193856,252674048,5012192362496,5016071413760,3815792640,5012192813056,5016071684096,3809394688,-1,-1,-1
4798,2,1200,2,16,16,208516.549570,208648.708194,63.357248,0x4051ce,1,7064648,5827694,1236954,36,100.000000,1,1,133.265743,1.200000,0.800000,monitor,1,1,1,1,25141248,19283968,252133376,5012192002048,5016071864320,3814080512,5012192002048,5016071864320,3807952896,-1,-1,-1
4798,2,1200,3,16,16,208516.556275,208648.712167,64.939487,0x4051ce,1,7785209,6948804,836405,38,100.000000,1,1,133.265743,1.200000,0.800000,monitor,1,1,1,1,25141248,19283968,249790464,5012192002048,5016071864320,3827326976,5012192002048,5016071864320,3817955328,-1,-1,-1
4798,2,1200,4,16,16,208516.568165,208649.710651,123.032879,0x4051ce,1,15089103,11775829,3313274,40,100.000000,1,1,133.265743,1.200000,0.800000,monitor,14,7ffe,1,1,58753024,64880640,-1081344,12501540986880,12508853485568,7185440768,12501540986880,12508853755904,7177691136,-1,-1,-1
4798,2,1200,5,16,16,208516.589340,208649.801766,127.587131,0x4051ce,1,14184761,10595066,3589695,42,100.000000,1,1,133.265743,1.200000,0.800000,monitor,14,7ffe,1,1,58662912,65241088,1531904,12501541076992,12508856459264,7295918080,12501541707776,12508856459264,7281950720,-1,-1,-1
4798,2,1200,6,16,16,208516.562602,208649.609850,116.960339,0x4051ce,1,14403274,10891199,3512075,44,100.000000,1,1,133.265743,1.200000,0.800000,monitor,14,7ffe,1,1,58753024,64610304,-1441792,12501540986880,12508847448064,6918168576,12501540986880,12508847988736,6916907008,-1,-1,-1
4798,2,1200,7,16,16,208516.578592,208649.809975,126.936283,0x4051ce,1,14353191,10854437,3498754,46,100.000000,1,1,133.265743,1.200000,0.800000,monitor,14,7ffe,1,1,58753024,65241088,720896,12501540986880,12508856459264,7287988224,12501541167104,12508856459264,7274110976,-1,-1,-1
4798,2,1200,8,16,16,208516.593033,208649.764936,122.446028,0x4051ce,1,14921991,11145586,3776405,48,100.000000,1,1,133.265743,1.200000,0.800000,monitor,14,7ffe,1,1,58662912,65150976,811008,12501541076992,12508856188928,7155793920,12501541527552,12508856188928,7153901568,-1,-1,-1
4798,2,1200,9,16,16,208516.582334,208649.593713,114.849256,0x4051ce,1,14449271,9570316,4878955,50,100.000000,1,1,133.265743,1.200000,0.800000,monitor,14,7ffe,1,1,58753024,64430080,-1531904,12501540986880,12508846096384,6811025408,12501541076992,12508846546944,6806609920,-1,-1,-1
4798,2,1200,10,16,16,208516.549799,208649.680307,114.045264,0x4051ce,1,15370968,8715897,6655071,52,100.000000,1,1,133.265743,1.200000,0.800000,monitor,14,7ffe,1,1,58753024,64520192,-1441792,12501540806656,12508851503104,6786785280,12501540986880,12508851773440,6780116992,-1,-1,-1
4798,2,1200,11,16,16,208516.561261,208649.597733,112.727119,0x4051ce,1,15169225,8748923,6420302,54,100.000000,1,1,133.265743,1.200000,0.800000,monitor,14,7ffe,1,1,58753024,64430080,-1531904,12501540986880,12508846456832,6706585600,12501540986880,12508846907392,6706765824,-1,-1,-1
4798,2,1200,12,16,16,208516.563168,208648.565013,53.744526,0x4051ce,1,8107089,3820935,4286154,56,100.000000,1,1,133.265743,1.200000,0.800000,monitor,1,1,1,1,25141248,19103744,265289728,5012192002048,5016066187264,3411730432,5012192002048,5016066457600,3414073344,-1,-1,-1
4798,2,1200,13,16,16,208516.544232,208648.589267,54.446395,0x4051ce,1,7213555,3440814,3772741,58,100.000000,1,1,133.265743,1.200000,0.800000,monitor,1,1,1,1,25141248,18833408,266551296,5012192002048,5016067809280,3458588672,5012192002048,5016067899392,3458228224,-1,-1,-1
4798,2,1200,14,16,16,208516.568102,208648.657257,60.851754,0x4051ce,1,8024011,4838327,3185684,60,100.000000,1,1,133.265743,1.200000,0.800000,monitor,1,1,1,1,25141248,19193856,254926848,5012192002048,5016070963200,3742441472,5012192002048,5016071233536,3737305088,-1,-1,-1
4798,2,1200,15,16,16,208516.585326,208648.636489,58.249970,0x4051ce,1,7014141,4102396,2911745,62,100.000000,1,1,133.265743,1.200000,0.800000,monitor,1,1,1,1,25141248,18923520,254476288,5012192092160,5016070152192,3621871616,5012192452608,5016070602752,3621781504,-1,-1,-1
4799,3,1200,0,16,16,208649.992807,208650.109712,0.116905,0x405218,1,5353,3057,2296,32,100.000000,1,1,1.073150,1.200000,0.800000,monitor,1,1,1,1,17571840,19824640,2252800,5016073306112,5016079343616,6037504,5016073396224,5016079613952,6217728,-1,-1,-1
4799,3,1200,1,16,16,208650.050536,208650.194046,0.143510,0x405218,1,5686,3591,2095,34,100.000000,1,1,1.073150,1.200000,0.800000,monitor,1,1,1,1,18112512,19644416,1531904,5016075198464,5016080965632,5767168,5016075558912,5016080965632,5406720,-1,-1,-1
4799,3,1200,2,16,16,208650.011639,208650.147504,0.135865,0x405218,1,5350,3318,2032,36,100.000000,1,1,1.073150,1.200000,0.800000,monitor,1,1,1,1,17932288,20004864,2072576,5016073666560,5016080785408,7118848,5016073756672,5016080785408,7028736,-1,-1,-1
4799,3,1200,3,16,16,208650.044112,208650.165999,0.121887,0x405218,1,4685,2800,1885,38,100.000000,1,1,1.073150,1.200000,0.800000,monitor,1,1,1,1,18112512,19914752,1802240,5016074657792,5016080965632,6307840,5016074928128,5016080965632,6037504,-1,-1,-1
4799,3,1200,4,16,16,208650.007790,208650.217599,0.209809,0x405218,1,10599,6882,3717,40,100.000000,1,1,1.073150,1.200000,0.800000,monitor,14,7ffe,1,1,65691648,63979520,-1712128,12508856909824,12508862676992,5767168,12508856999936,12508862767104,5767168,-1,-1,-1
4799,3,1200,5,16,16,208650.347386,208650.550185,0.202799,0x405218,1,12410,6123,6287,42,100.000000,1,1,1.073150,1.200000,0.800000,monitor,14,7ffe,1,1,64339968,66412544,2072576,12508863037440,12508867272704,4235264,12508863037440,12508867272704,4235264,-1,-1,-1
4799,3,1200,6,16,16,208650.595963,208650.781495,0.185532,0x405218,1,11877,5721,6156,44,100.000000,1,1,1.073150,1.200000,0.800000,monitor,14,7ffe,1,1,66412544,66682880,270336,12508867272704,12508869615616,2342912,12508867272704,12508869615616,2342912,-1,-1,-1
4799,3,1200,7,16,16,208650.725492,208650.925193,0.199701,0x405218,1,12476,6248,6228,46,100.000000,1,1,1.073150,1.200000,0.800000,monitor,14,7ffe,1,1,66502656,66232320,-270336,12508868263936,12508871688192,3424256,12508868263936,12508871688192,3424256,-1,-1,-1
4799,3,1200,8,16,16,208650.864566,208651.060848,0.196282,0x405218,1,12400,6461,5939,48,100.000000,1,1,1.073150,1.200000,0.800000,monitor,14,7ffe,1,1,66592768,66232320,-360448,12508869885952,12508872589312,2703360,12508869885952,12508872589312,2703360,-1,-1,-1
4799,3,1200,9,16,16,208650.333286,208650.510577,0.177291,0x405218,1,10626,5745,4881,50,100.000000,1,1,1.073150,1.200000,0.800000,monitor,14,7ffe,1,1,64339968,66502656,2162688,12508863037440,12508867182592,4145152,12508863037440,12508867182592,4145152,-1,-1,-1
4799,3,1200,10,16,16,208650.039628,208650.216011,0.176383,0x405218,1,10758,5236,5522,52,100.000000,1,1,1.073150,1.200000,0.800000,monitor,14,7ffe,1,1,65871872,63889408,-1982464,12508857540608,12508862676992,5136384,12508857720832,12508862767104,5046272,-1,-1,-1
4799,3,1200,11,16,16,208649.987698,208650.150437,0.162739,0x405218,1,10678,4946,5732,54,100.000000,1,1,1.073150,1.200000,0.800000,monitor,14,7ffe,1,1,65331200,63258624,-2072576,12508856729600,12508862136320,5406720,12508856909824,12508862316544,5406720,-1,-1,-1
4799,3,1200,12,16,16,208650.019669,208650.122596,0.102927,0x405218,1,5141,2463,2678,56,100.000000,1,1,1.073150,1.200000,0.800000,monitor,1,1,1,1,17661952,20004864,2342912,5016073756672,5016080154624,6397952,5016074117120,5016080334848,6217728,-1,-1,-1
4799,3,1200,13,16,16,208650.319620,208650.473369,0.153749,0x405218,1,6050,4430,1620,58,100.000000,1,1,1.073150,1.200000,0.800000,monitor,1,1,1,1,19283968,18022400,-1261568,5016080965632,5016081055744,90112,5016080965632,5016081055744,90112,-1,-1,-1
4799,3,1200,14,16,16,208650.043719,208650.212926,0.169207,0x405218,1,7848,4743,3105,60,100.000000,1,1,1.073150,1.200000,0.800000,monitor,1,1,1,1,18022400,19464192,1441792,5016074387456,5016080965632,6578176,5016074838016,5016080965632,6127616,-1,-1,-1
4799,3,1200,15,16,16,208649.999198,208650.141932,0.142734,0x405218,1,5129,4606,523,62,100.000000,1,1,1.073150,1.200000,0.800000,monitor,1,1,1,1,17842176,19914752,2072576,5016073396224,5016080785408,7389184,5016073486336,5016080785408,7299072,-1,-1,-1
4800,4,1200,0,16,16,208651.962372,208651.991975,0.029603,0x4052e4,1,2018,1095,923,32,100.000000,1,1,0.660876,1.200000,0.800000,monitor,1,1,1,1,17932288,18022400,90112,5016084480000,5016084660224,180224,5016084570112,5016084660224,90112,-1,-1,-1
4800,4,1200,1,16,16,208651.360693,208651.381910,0.021217,0x4052e4,1,78,49,29,34,100.000000,1,1,0.660876,1.200000,0.800000,monitor,1,1,1,1,18112512,17842176,-270336,5016083849216,5016084299776,450560,5016083939328,5016084389888,450560,-1,-1,-1
4800,4,1200,2,16,16,208651.336837,208651.358070,0.021233,0x4052e4,1,45,20,25,36,100.000000,1,1,0.660876,1.200000,0.800000,monitor,1,1,1,1,18292736,18112512,-180224,5016083668992,5016084209664,540672,5016083759104,5016084299776,540672,-1,-1,-1
4800,4,1200,3,16,16,208651.963742,208651.983946,0.020204,0x4052e4,1,90,61,29,38,100.000000,1,1,0.660876,1.200000,0.800000,monitor,1,1,1,1,17932288,18022400,90112,5016084480000,5016084660224,180224,5016084570112,5016084660224,90112,-1,-1,-1
4800,4,1200,4,16,16,208651.348216,208651.372329,0.024113,0x4052e4,1,274,217,57,40,100.000000,1,1,0.660876,1.200000,0.800000,monitor,14,7ffe,1,1,65601536,66772992,1171456,12508873039872,12508873850880,811008,12508873039872,12508873940992,901120,-1,-1,-1
4800,4,1200,5,16,16,208651.681725,208651.706838,0.025113,0x4052e4,1,609,428,181,42,100.000000,1,1,0.660876,1.200000,0.800000,monitor,14,7ffe,1,1,66772992,66592768,-180224,12508874031104,12508874121216,90112,12508874031104,12508874121216,90112,-1,-1,-1
4800,4,1200,6,16,16,208651.341221,208651.367109,0.025888,0x4052e4,1,724,381,343,44,100.000000,1,1,0.660876,1.200000,0.800000,monitor,14,7ffe,1,1,65601536,66772992,1171456,12508872949760,12508873940992,991232,12508873039872,12508873940992,901120,-1,-1,-1
4800,4,1200,7,16,16,208651.688346,208651.713541,0.025195,0x4052e4,1,711,368,343,46,100.000000,1,1,0.660876,1.200000,0.800000,monitor,14,7ffe,1,1,66772992,66592768,-180224,12508874031104,12508874121216,90112,12508874031104,12508874121216,90112,-1,-1,-1
4800,4,1200,8,16,16,208651.667480,208651.694064,0.026584,0x4052e4,1,640,412,228,48,100.000000,1,1,0.660876,1.200000,0.800000,monitor,14,7ffe,1,1,66863104,66592768,-270336,12508874031104,12508874121216,90112,12508874031104,12508874121216,90112,-1,-1,-1
4800,4,1200,9,16,16,208651.683717,208651.712596,0.028879,0x4052e4,1,3306,404,2902,50,100.000000,1,1,0.660876,1.200000,0.800000,monitor,14,7ffe,1,1,66772992,66592768,-180224,12508874031104,12508874121216,90112,12508874031104,12508874121216,90112,-1,-1,-1
4800,4,1200,10,16,16,208651.385358,208651.410534,0.025176,0x4052e4,1,409,360,49,52,100.000000,1,1,0.660876,1.200000,0.800000,monitor,14,7ffe,1,1,66502656,66863104,360448,12508873760768,12508874031104,270336,12508873760768,12508874031104,270336,-1,-1,-1
4800,4,1200,11,16,16,208651.969970,208651.997713,0.027743,0x4052e4,1,3361,478,2883,54,100.000000,1,1,0.660876,1.200000,0.800000,monitor,14,7ffe,1,1,66592768,66412544,-180224,12508874121216,12508874211328,90112,12508874121216,12508874211328,90112,-1,-1,-1
4800,4,1200,12,16,16,208651.349652,208651.369807,0.020155,0x4052e4,1,106,81,25,56,100.000000,1,1,0.660876,1.200000,0.800000,monitor,1,1,1,1,18292736,17932288,-360448,5016083668992,5016084209664,540672,5016083759104,5016084389888,630784,-1,-1,-1
4800,4,1200,13,16,16,208651.357123,208651.379806,0.022683,0x4052e4,1,76,50,26,58,100.000000,1,1,0.660876,1.200000,0.800000,monitor,1,1,1,1,18202624,17932288,-270336,5016083849216,5016084389888,540672,5016083939328,5016084389888,450560,-1,-1,-1
4800,4,1200,14,16,16,208651.342007,208651.363402,0.021395,0x4052e4,1,53,21,32,60,100.000000,1,1,0.660876,1.200000,0.800000,monitor,1,1,1,1,18202624,17932288,-270336,5016083759104,5016084209664,450560,5016083759104,5016084299776,540672,-1,-1,-1
4800,4,1200,15,16,16,208651.367282,208651.389867,0.022585,0x4052e4,1,75,45,30,62,100.000000,1,1,0.660876,1.200000,0.800000,monitor,1,1,1,1,18202624,17932288,-270336,5016083759104,5016084389888,630784,5016083849216,5016084389888,540672,-1,-1,-1
4801,5,1200,0,16,16,208652.278958,208652.299122,0.020164,0x40533c,1,37,1,36,32,100.000000,1,1,0.174017,1.200000,0.800000,monitor,1,1,1,1,18022400,18022400,0,5016084930560,5016084930560,0,5016084930560,5016084930560,0,-1,-1,-1
4801,5,1200,1,16,16,208652.172989,208652.193460,0.020471,0x40533c,1,62,0,62,34,100.000000,1,1,0.174017,1.200000,0.800000,monitor,1,1,1,1,18022400,18022400,0,5016084930560,5016084930560,0,5016084930560,5016084930560,0,-1,-1,-1
4801,5,1200,2,16,16,208652.148760,208652.169793,0.021033,0x40533c,1,25,2,23,36,100.000000,1,1,0.174017,1.200000,0.800000,monitor,1,1,1,1,18022400,18022400,0,5016084930560,5016084930560,0,5016084930560,5016084930560,0,-1,-1,-1
4801,5,1200,3,16,16,208652.190120,208652.210558,0.020438,0x40533c,1,37,0,37,38,100.000000,1,1,0.174017,1.200000,0.800000,monitor,1,1,1,1,18022400,18022400,0,5016084930560,5016084930560,0,5016084930560,5016084930560,0,-1,-1,-1
4801,5,1200,4,16,16,208652.191955,208652.218287,0.026332,0x40533c,1,485,306,179,40,100.000000,1,1,0.174017,1.200000,0.800000,monitor,14,7ffe,1,1,66322432,66592768,270336,12508874391552,12508874391552,0,12508874391552,12508874391552,0,-1,-1,-1
4801,5,1200,5,16,16,208652.136826,208652.164973,0.028147,0x40533c,1,436,245,191,42,100.000000,1,1,0.174017,1.200000,0.800000,monitor,14,7ffe,1,1,66322432,66412544,90112,12508874391552,12508874391552,0,12508874391552,12508874391552,0,-1,-1,-1
4801,5,1200,6,16,16,208652.143742,208652.171332,0.027590,0x40533c,1,454,299,155,44,100.000000,1,1,0.174017,1.200000,0.800000,monitor,14,7ffe,1,1,66322432,66412544,90112,12508874391552,12508874391552,0,12508874391552,12508874391552,0,-1,-1,-1
4801,5,1200,7,16,16,208652.258609,208652.286218,0.027609,0x40533c,1,386,166,220,46,100.000000,1,1,0.174017,1.200000,0.800000,monitor,14,7ffe,1,1,66412544,66592768,180224,12508874391552,12508874391552,0,12508874391552,12508874391552,0,-1,-1,-1
4801,5,1200,8,16,16,208652.132938,208652.160928,0.027990,0x40533c,1,368,218,150,48,100.000000,1,1,0.174017,1.200000,0.800000,monitor,14,7ffe,1,1,66322432,66412544,90112,12508874391552,12508874391552,0,12508874391552,12508874391552,0,-1,-1,-1
4801,5,1200,9,16,16,208652.218878,208652.247383,0.028505,0x40533c,1,1144,282,862,50,100.000000,1,1,0.174017,1.200000,0.800000,monitor,14,7ffe,1,1,66412544,66592768,180224,12508874391552,12508874391552,0,12508874391552,12508874391552,0,-1,-1,-1
4801,5,1200,10,16,16,208652.164630,208652.193641,0.029011,0x40533c,1,513,261,252,52,100.000000,1,1,0.174017,1.200000,0.800000,monitor,14,7ffe,1,1,66322432,66592768,270336,12508874391552,12508874391552,0,12508874391552,12508874391552,0,-1,-1,-1
4801,5,1200,11,16,16,208652.148122,208652.176521,0.028399,0x40533c,1,821,190,631,54,100.000000,1,1,0.174017,1.200000,0.800000,monitor,14,7ffe,1,1,66322432,66502656,180224,12508874391552,12508874391552,0,12508874391552,12508874391552,0,-1,-1,-1
4801,5,1200,12,16,16,208652.220665,208652.240800,0.020135,0x40533c,1,26,10,16,56,100.000000,1,1,0.174017,1.200000,0.800000,monitor,1,1,1,1,18022400,18022400,0,5016084930560,5016084930560,0,5016084930560,5016084930560,0,-1,-1,-1
4801,5,1200,13,16,16,208652.171034,208652.191606,0.020572,0x40533c,1,31,4,27,58,100.000000,1,1,0.174017,1.200000,0.800000,monitor,1,1,1,1,18022400,18022400,0,5016084930560,5016084930560,0,5016084930560,5016084930560,0,-1,-1,-1
4801,5,1200,14,16,16,208652.286218,208652.306955,0.020737,0x40533c,1,27,3,24,60,100.000000,1,1,0.174017,1.200000,0.800000,monitor,1,1,1,1,17932288,18022400,90112,5016084930560,5016084930560,0,5016084930560,5016084930560,0,-1,-1,-1
4801,5,1200,15,16,16,208652.275574,208652.296350,0.020776,0x40533c,1,31,5,26,62,100.000000,1,1,0.174017,1.200000,0.800000,monitor,1,1,1,1,18022400,18022400,0,5016084930560,5016084930560,0,5016084930560,5016084930560,0,-1,-1,-1
5198,2,1300,0,16,16,221170.157292,221291.166218,58.437819,0x4051ce,1,6879604,5023771,1855833,32,100.000000,1,1,122.044232,1.200000,0.800000,monitor,1,1,1,1,22798336,19554304,271597568,5413752520704,5417642565632,3659988992,5413752791040,5417642745856,3661881344,-1,-1,-1
5198,2,1300,1,16,16,221170.147506,221291.161370,62.892815,0x4051ce,1,7821019,6514896,1306123,34,100.000000,1,1,122.044232,1.200000,0.800000,monitor,1,1,1,1,22708224,19644416,268713984,5413752430592,5417642385408,3818225664,5413752430592,5417642565632,3810205696,-1,-1,-1
5198,2,1300,2,16,16,221170.167012,221291.235943,62.622516,0x4051ce,1,7242960,5971136,1271824,36,100.000000,1,1,122.044232,1.200000,0.800000,monitor,1,1,1,1,22798336,19644416,265199616,5413752881152,5417643646976,3821559808,5413753151488,5417643646976,3813629952,-1,-1,-1
5198,2,1300,3,16,16,221170.120231,221291.241355,64.068161,0x4051ce,1,7780102,6949641,830461,38,100.000000,1,1,122.044232,1.200000,0.800000,monitor,1,1,1,1,22708224,19644416,265920512,5413752430592,5417643646976,3838681088,5413752430592,5417643646976,3829669888,-1,-1,-1
5198,2,1300,4,16,16,221170.131373,221291.996872,113.950357,0x4051ce,1,14194018,10896767,3297251,40,100.000000,1,1,122.044232,1.200000,0.800000,monitor,14,7ffe,1,1,60735488,64790528,-450560,13210976452608,13217702952960,6653059072,13210976813056,13217703043072,6645850112,-1,-1,-1
5198,2,1300,5,16,16,221170.117836,221292.130718,116.406936,0x4051ce,1,13514267,9846317,3667950,42,100.000000,1,1,122.044232,1.200000,0.800000,monitor,14,7ffe,1,1,60735488,65331200,1081344,13210976362496,13217708449792,6710280192,13210976452608,13217708449792,6698024960,-1,-1,-1
5198,2,1300,6,16,16,221170.158397,221291.973677,107.779364,0x4051ce,1,13478381,9990144,3488237,44,100.000000,1,1,122.044232,1.200000,0.800000,monitor,14,7ffe,1,1,60645376,64520192,-720896,13210976903168,13217701961728,6361636864,13210977533952,13217702412288,6357671936,-1,-1,-1
5198,2,1300,7,16,16,221170.143357,221292.140085,114.118558,0x4051ce,1,14212332,10550850,3661482,46,100.000000,1,1,122.044232,1.200000,0.800000,monitor,14,7ffe,1,1,60735488,65241088,90112,13210976813056,13217708449792,6660087808,13210976903168,13217708449792,6654230528,-1,-1,-1
5198,2,1300,8,16,16,221170.095853,221292.118252,115.724062,0x4051ce,1,13512459,9816377,3696082,48,100.000000,1,1,122.044232,1.200000,0.800000,monitor,14,7ffe,1,1,60735488,65060864,90112,13210976362496,13217708449792,6701989888,13210976452608,13217708449792,6690996224,-1,-1,-1
5198,2,1300,9,16,16,221170.112277,221291.938625,105.096982,0x4051ce,1,13610461,8672990,4937471,50,100.000000,1,1,122.044232,1.200000,0.800000,monitor,14,7ffe,1,1,60735488,64520192,-901120,13210976362496,13217699799040,6193397760,13210976542720,13217700159488,6193037312,-1,-1,-1
5198,2,1300,10,16,16,221170.165768,221291.979674,105.070198,0x4051ce,1,14467553,7790359,6677194,52,100.000000,1,1,122.044232,1.200000,0.800000,monitor,14,7ffe,1,1,60645376,64700416,-630784,13210976993280,13217702141952,6216286208,13210977533952,13217702502400,6212411392,-1,-1,-1
5198,2,1300,11,16,16,221170.166218,221292.057067,108.524653,0x4051ce,1,13385671,7142285,6243386,54,100.000000,1,1,122.044232,1.200000,0.800000,monitor,14,7ffe,1,1,60645376,65060864,-270336,13210976903168,13217705836544,6400294912,13210977533952,13217706196992,6396329984,-1,-1,-1
5198,2,1300,12,16,16,221170.154969,221291.175254,52.446217,0x4051ce,1,7194513,3107583,4086930,56,100.000000,1,1,122.044232,1.200000,0.800000,monitor,1,1,1,1,22708224,19644416,272769024,5413752430592,5417642565632,3389743104,5413752791040,5417642835968,3385868288,-1,-1,-1
5198,2,1300,13,16,16,221170.138575,221291.160155,54.148440,0x4051ce,1,7541000,3677007,3863993,58,100.000000,1,1,122.044232,1.200000,0.800000,monitor,1,1,1,1,22708224,19554304,275922944,5413752430592,5417642475520,3470573568,5413752520704,5417642655744,3467329536,-1,-1,-1
5198,2,1300,14,16,16,221170.151698,221291.224897,58.825901,0x4051ce,1,7242070,4294608,2947462,60,100.000000,1,1,122.044232,1.200000,0.800000,monitor,1,1,1,1,22708224,19644416,270516224,5413752430592,5417643646976,3705946112,5413752791040,5417643646976,3695583232,-1,-1,-1
5198,2,1300,15,16,16,221170.112537,221291.154422,59.070673,0x4051ce,1,7875635,4755702,3119933,62,100.000000,1,1,122.044232,1.200000,0.800000,monitor,1,1,1,1,22798336,19734528,267722752,5413752430592,5417641664512,3712524288,5413752430592,5417642475520,3707207680,-1,-1,-1
5199,3,1300,0,16,16,221292.345041,221292.469340,0.124299,0x405218,1,5385,3311,2074,32,100.000000,1,1,0.906789,1.200000,0.800000,monitor,1,1,1,1,17211392,18923520,1712128,5417644908544,5417653018624,8110080,5417644908544,5417653198848,8290304,-1,-1,-1
5199,3,1300,1,16,16,221292.344511,221292.478216,0.133705,0x405218,1,5624,3373,2251,34,100.000000,1,1,0.906789,1.200000,0.800000,monitor,1,1,1,1,17211392,18472960,1261568,5417644908544,5417653288960,8380416,5417645088768,5417653288960,8200192,-1,-1,-1
5199,3,1300,2,16,16,221292.356342,221292.502416,0.146074,0x405218,1,5300,3510,1790,36,100.000000,1,1,0.906789,1.200000,0.800000,monitor,1,1,1,1,17211392,18382848,1171456,5417645088768,5417653288960,8200192,5417645178880,5417653379072,8200192,-1,-1,-1
5199,3,1300,3,16,16,221292.346420,221292.476035,0.129615,0x405218,1,4264,2626,1638,38,100.000000,1,1,0.906789,1.200000,0.800000,monitor,1,1,1,1,17211392,18653184,1441792,5417644908544,5417653198848,8290304,5417645088768,5417653288960,8200192,-1,-1,-1
5199,3,1300,4,16,16,221293.054850,221293.248753,0.193903,0x405218,1,11755,5891,5864,40,100.000000,1,1,0.906789,1.200000,0.800000,monitor,14,7ffe,1,1,67133440,66863104,-270336,13217722867712,13217724760064,1892352,13217722957824,13217724760064,1802240,-1,-1,-1
5199,3,1300,5,16,16,221292.381638,221292.628904,0.247266,0x405218,1,9505,5510,3995,42,100.000000,1,1,0.906789,1.200000,0.800000,monitor,14,7ffe,1,1,67403776,67133440,-270336,13217709711360,13217718091776,8380416,13217710161920,13217718091776,7929856,-1,-1,-1
5199,3,1300,6,16,16,221292.427663,221292.663874,0.236211,0x405218,1,9861,5427,4434,44,100.000000,1,1,0.906789,1.200000,0.800000,monitor,14,7ffe,1,1,66232320,67133440,901120,13217712414720,13217718091776,5677056,13217712594944,13217718181888,5586944,-1,-1,-1
5199,3,1300,7,16,16,221292.592658,221292.778843,0.186185,0x405218,1,11959,6223,5736,46,100.000000,1,1,0.906789,1.200000,0.800000,monitor,14,7ffe,1,1,66142208,67313664,1171456,13217716289536,13217719263232,2973696,13217716289536,13217719533568,3244032,-1,-1,-1
5199,3,1300,8,16,16,221292.775748,221292.955858,0.180110,0x405218,1,11830,5386,6444,48,100.000000,1,1,0.906789,1.200000,0.800000,monitor,14,7ffe,1,1,67403776,67313664,-90112,13217718902784,13217722597376,3694592,13217718902784,13217722687488,3784704,-1,-1,-1
5199,3,1300,9,16,16,221292.904694,221293.071948,0.167254,0x405218,1,11425,5468,5957,50,100.000000,1,1,0.906789,1.200000,0.800000,monitor,14,7ffe,1,1,67403776,67043328,-360448,13217720885248,13217723678720,2793472,13217720885248,13217723768832,2883584,-1,-1,-1
5199,3,1300,10,16,16,221292.753816,221292.924754,0.170938,0x405218,1,10441,5495,4946,52,100.000000,1,1,0.906789,1.200000,0.800000,monitor,14,7ffe,1,1,67403776,67313664,-90112,13217718812672,13217722056704,3244032,13217718812672,13217722236928,3424256,-1,-1,-1
5199,3,1300,11,16,16,221292.375507,221292.586380,0.210873,0x405218,1,9519,4178,5341,54,100.000000,1,1,0.906789,1.200000,0.800000,monitor,14,7ffe,1,1,66682880,66682880,0,13217709260800,13217716740096,7479296,13217709531136,13217716920320,7389184,-1,-1,-1
5199,3,1300,12,16,16,221292.372303,221292.492168,0.119865,0x405218,1,5467,2941,2526,56,100.000000,1,1,0.906789,1.200000,0.800000,monitor,1,1,1,1,16941056,18472960,1531904,5417645899776,5417653288960,7389184,5417646440448,5417653288960,6848512,-1,-1,-1
5199,3,1300,13,16,16,221292.362813,221292.518121,0.155308,0x405218,1,6065,3916,2149,58,100.000000,1,1,0.906789,1.200000,0.800000,monitor,1,1,1,1,17031168,18202624,1171456,5417645088768,5417653379072,8290304,5417645809664,5417653379072,7569408,-1,-1,-1
5199,3,1300,14,16,16,221292.341964,221292.497964,0.156000,0x405218,1,5561,4923,638,60,100.000000,1,1,0.906789,1.200000,0.800000,monitor,1,1,1,1,17211392,18292736,1081344,5417644908544,5417653288960,8380416,5417644908544,5417653288960,8380416,-1,-1,-1
5199,3,1300,15,16,16,221292.368831,221292.497311,0.128480,0x405218,1,5351,4526,825,62,100.000000,1,1,0.906789,1.200000,0.800000,monitor,1,1,1,1,16941056,18382848,1441792,5417645449216,5417653288960,7839744,5417646170112,5417653288960,7118848,-1,-1,-1
5200,4,1300,0,16,16,221293.561493,221293.593100,0.031607,0x4052e4,1,2029,1112,917,32,100.000000,1,1,0.387859,1.200000,0.800000,monitor,1,1,1,1,17031168,17121280,90112,5417656082432,5417656172544,90112,5417656082432,5417656172544,90112,-1,-1,-1
5200,4,1300,1,16,16,221293.541946,221293.562523,0.020577,0x4052e4,1,196,136,60,34,100.000000,1,1,0.387859,1.200000,0.800000,monitor,1,1,1,1,16941056,17121280,180224,5417656082432,5417656172544,90112,5417656082432,5417656172544,90112,-1,-1,-1
5200,4,1300,2,16,16,221293.560881,221293.582104,0.021223,0x4052e4,1,63,27,36,36,100.000000,1,1,0.387859,1.200000,0.800000,monitor,1,1,1,1,17031168,17211392,180224,5417656082432,5417656172544,90112,5417656082432,5417656172544,90112,-1,-1,-1
5200,4,1300,3,16,16,221293.527968,221293.548277,0.020309,0x4052e4,1,137,76,61,38,100.000000,1,1,0.387859,1.200000,0.800000,monitor,1,1,1,1,17121280,17031168,-90112,5417656082432,5417656172544,90112,5417656082432,5417656172544,90112,-1,-1,-1
5200,4,1300,4,16,16,221293.648565,221293.674883,0.026318,0x4052e4,1,780,416,364,40,100.000000,1,1,0.387859,1.200000,0.800000,monitor,14,7ffe,1,1,67133440,66953216,-180224,13217726201856,13217726562304,360448,13217726291968,13217726562304,270336,-1,-1,-1
5200,4,1300,5,16,16,221293.521311,221293.546858,0.025547,0x4052e4,1,158,120,38,42,100.000000,1,1,0.387859,1.200000,0.800000,monitor,14,7ffe,1,1,66772992,67133440,360448,13217725931520,13217726201856,270336,13217726021632,13217726201856,180224,-1,-1,-1
5200,4,1300,6,16,16,221293.880402,221293.909170,0.028768,0x4052e4,1,3290,687,2603,44,100.000000,1,1,0.387859,1.200000,0.800000,monitor,14,7ffe,1,1,66863104,66682880,-180224,13217726562304,13217726562304,0,13217726562304,13217726562304,0,-1,-1,-1
5200,4,1300,7,16,16,221293.673852,221293.700597,0.026745,0x4052e4,1,879,496,383,46,100.000000,1,1,0.387859,1.200000,0.800000,monitor,14,7ffe,1,1,67133440,66953216,-180224,13217726201856,13217726562304,360448,13217726472192,13217726562304,90112,-1,-1,-1
5200,4,1300,8,16,16,221293.595540,221293.622669,0.027129,0x4052e4,1,867,455,412,48,100.000000,1,1,0.387859,1.200000,0.800000,monitor,14,7ffe,1,1,67223552,66953216,-270336,13217726021632,13217726472192,450560,13217726111744,13217726472192,360448,-1,-1,-1
5200,4,1300,9,16,16,221293.624334,221293.651915,0.027581,0x4052e4,1,966,481,485,50,100.000000,1,1,0.387859,1.200000,0.800000,monitor,14,7ffe,1,1,67133440,66953216,-180224,13217726201856,13217726562304,360448,13217726201856,13217726562304,360448,-1,-1,-1
5200,4,1300,10,16,16,221293.671847,221293.698156,0.026309,0x4052e4,1,381,328,53,52,100.000000,1,1,0.387859,1.200000,0.800000,monitor,14,7ffe,1,1,67043328,66953216,-90112,13217726291968,13217726562304,270336,13217726472192,13217726562304,90112,-1,-1,-1
5200,4,1300,11,16,16,221293.594039,221293.624684,0.030645,0x4052e4,1,2695,231,2464,54,100.000000,1,1,0.387859,1.200000,0.800000,monitor,14,7ffe,1,1,67223552,66953216,-270336,13217726021632,13217726472192,450560,13217726111744,13217726472192,360448,-1,-1,-1
5200,4,1300,12,16,16,221293.535421,221293.556696,0.021275,0x4052e4,1,25,7,18,56,100.000000,1,1,0.387859,1.200000,0.800000,monitor,1,1,1,1,17121280,17121280,0,5417656082432,5417656172544,90112,5417656082432,5417656172544,90112,-1,-1,-1
5200,4,1300,13,16,16,221293.540874,221293.563203,0.022329,0x4052e4,1,135,88,47,58,100.000000,1,1,0.387859,1.200000,0.800000,monitor,1,1,1,1,17121280,17121280,0,5417656082432,5417656172544,90112,5417656082432,5417656172544,90112,-1,-1,-1
5200,4,1300,14,16,16,221293.681108,221293.703049,0.021941,0x4052e4,1,54,24,30,60,100.000000,1,1,0.387859,1.200000,0.800000,monitor,1,1,1,1,17121280,17301504,180224,5417656172544,5417656172544,0,5417656172544,5417656172544,0,-1,-1,-1
5200,4,1300,15,16,16,221293.544848,221293.566277,0.021429,0x4052e4,1,274,197,77,62,100.000000,1,1,0.387859,1.200000,0.800000,monitor,1,1,1,1,16941056,17121280,180224,5417656082432,5417656172544,90112,5417656082432,5417656172544,90112,-1,-1,-1
5201,5,1300,0,16,16,221294.056751,221294.077135,0.020384,0x40533c,1,34,0,34,32,100.000000,1,1,0.186598,1.200000,0.800000,monitor,1,1,1,1,17301504,17301504,0,5417656262656,5417656262656,0,5417656262656,5417656262656,0,-1,-1,-1
5201,5,1300,1,16,16,221294.042344,221294.062393,0.020049,0x40533c,1,55,7,48,34,100.000000,1,1,0.186598,1.200000,0.800000,monitor,1,1,1,1,17301504,17301504,0,5417656262656,5417656262656,0,5417656262656,5417656262656,0,-1,-1,-1
5201,5,1300,2,16,16,221294.162520,221294.182973,0.020453,0x40533c,1,18,1,17,36,100.000000,1,1,0.186598,1.200000,0.800000,monitor,1,1,1,1,17301504,17301504,0,5417656262656,5417656262656,0,5417656262656,5417656262656,0,-1,-1,-1
5201,5,1300,3,16,16,221294.045150,221294.065390,0.020240,0x40533c,1,24,1,23,38,100.000000,1,1,0.186598,1.200000,0.800000,monitor,1,1,1,1,17301504,17301504,0,5417656262656,5417656262656,0,5417656262656,5417656262656,0,-1,-1,-1
5201,5,1300,4,16,16,221294.075165,221294.102789,0.027624,0x40533c,1,334,192,142,40,100.000000,1,1,0.186598,1.200000,0.800000,monitor,14,7ffe,1,1,66772992,66682880,-90112,13217726652416,13217726652416,0,13217726652416,13217726652416,0,-1,-1,-1
5201,5,1300,5,16,16,221294.201741,221294.228942,0.027201,0x40533c,1,79,28,51,42,100.000000,1,1,0.186598,1.200000,0.800000,monitor,14,7ffe,1,1,66682880,66682880,0,13217726652416,13217726652416,0,13217726652416,13217726652416,0,-1,-1,-1
5201,5,1300,6,16,16,221294.060730,221294.089073,0.028343,0x40533c,1,866,315,551,44,100.000000,1,1,0.186598,1.200000,0.800000,monitor,14,7ffe,1,1,66772992,66682880,-90112,13217726652416,13217726652416,0,13217726652416,13217726652416,0,-1,-1,-1
5201,5,1300,7,16,16,221294.051591,221294.079121,0.027530,0x40533c,1,387,170,217,46,100.000000,1,1,0.186598,1.200000,0.800000,monitor,14,7ffe,1,1,66772992,66682880,-90112,13217726652416,13217726652416,0,13217726652416,13217726652416,0,-1,-1,-1
5201,5,1300,8,16,16,221294.161124,221294.189205,0.028081,0x40533c,1,439,235,204,48,100.000000,1,1,0.186598,1.200000,0.800000,monitor,14,7ffe,1,1,66682880,66682880,0,13217726652416,13217726652416,0,13217726652416,13217726652416,0,-1,-1,-1
5201,5,1300,9,16,16,221294.086280,221294.113602,0.027322,0x40533c,1,512,235,277,50,100.000000,1,1,0.186598,1.200000,0.800000,monitor,14,7ffe,1,1,66682880,66682880,0,13217726652416,13217726652416,0,13217726652416,13217726652416,0,-1,-1,-1
5201,5,1300,10,16,16,221294.114783,221294.141214,0.026431,0x40533c,1,378,140,238,52,100.000000,1,1,0.186598,1.200000,0.800000,monitor,14,7ffe,1,1,66682880,66682880,0,13217726652416,13217726652416,0,13217726652416,13217726652416,0,-1,-1,-1
5201,5,1300,11,16,16,221294.128046,221294.155726,0.027680,0x40533c,1,138,19,119,54,100.000000,1,1,0.186598,1.200000,0.800000,monitor,14,7ffe,1,1,66682880,66682880,0,13217726652416,13217726652416,0,13217726652416,13217726652416,0,-1,-1,-1
5201,5,1300,12,16,16,221294.187038,221294.207580,0.020542,0x40533c,1,21,2,19,56,100.000000,1,1,0.186598,1.200000,0.800000,monitor,1,1,1,1,17211392,17301504,90112,5417656262656,5417656262656,0,5417656262656,5417656262656,0,-1,-1,-1
5201,5,1300,13,16,16,221294.079994,221294.100450,0.020456,0x40533c,1,17,2,15,58,100.000000,1,1,0.186598,1.200000,0.800000,monitor,1,1,1,1,17301504,17211392,-90112,5417656262656,5417656262656,0,5417656262656,5417656262656,0,-1,-1,-1
5201,5,1300,14,16,16,221294.068305,221294.089007,0.020702,0x40533c,1,28,2,26,60,100.000000,1,1,0.186598,1.200000,0.800000,monitor,1,1,1,1,17301504,17211392,-90112,5417656262656,5417656262656,0,5417656262656,5417656262656,0,-1,-1,-1
5201,5,1300,15,16,16,221294.109321,221294.129504,0.020183,0x40533c,1,23,3,20,62,100.000000,1,1,0.186598,1.200000,0.800000,monitor,1,1,1,1,17301504,17301504,0,5417656262656,5417656262656,0,5417656262656,5417656262656,0,-1,-1,-1
5598,2,1400,0,16,16,233010.778062,233125.682340,59.641552,0x4051ce,1,6898553,5074120,1824433,32,100.000000,1,1,115.723988,1.200000,0.800000,monitor,1,1,1,1,22347776,20275200,250331136,5813481963520,5817427156992,3747848192,5813482323968,5817427337216,3743612928,-1,-1,-1
5598,2,1400,1,16,16,233010.760547,233125.616858,63.441901,0x4051ce,1,7243724,6043462,1200262,34,100.000000,1,1,115.723988,1.200000,0.800000,monitor,1,1,1,1,22347776,20094976,248709120,5813480972288,5817425805312,3879501824,5813482053632,5817425985536,3872382976,-1,-1,-1
5598,2,1400,2,16,16,233010.715526,233125.663861,64.454473,0x4051ce,1,7829539,6602476,1227063,36,100.000000,1,1,115.723988,1.200000,0.800000,monitor,1,1,1,1,22257664,20275200,249069568,5813480972288,5817426886656,3895902208,5813480972288,5817426886656,3884818432,-1,-1,-1
5598,2,1400,3,16,16,233010.719521,233125.745726,64.626193,0x4051ce,1,7220642,6469327,751315,38,100.000000,1,1,115.723988,1.200000,0.800000,monitor,1,1,1,1,22257664,20275200,249249792,5813480882176,5817427517440,3893379072,5813480972288,5817427517440,3886800896,-1,-1,-1
5598,2,1400,4,16,16,233010.747044,233126.402765,109.777336,0x4051ce,1,13591032,10317642,3273390,40,100.000000,1,1,115.723988,1.200000,0.800000,monitor,14,7ffe,1,1,61095936,63078400,0,13871658713088,13878037291008,6359924736,13871658803200,13878037381120,6350913536,-1,-1,-1
5598,2,1400,5,16,16,233010.771556,233126.438669,108.947162,0x4051ce,1,13695536,9945051,3750485,42,100.000000,1,1,115.723988,1.200000,0.800000,monitor,14,7ffe,1,1,61005824,63258624,90112,13871658803200,13878037381120,6345596928,13871659253760,13878037381120,6336135168,-1,-1,-1
5598,2,1400,6,16,16,233010.736092,233126.382501,106.164167,0x4051ce,1,12141036,8887151,3253885,44,100.000000,1,1,115.723988,1.200000,0.800000,monitor,14,7ffe,1,1,61095936,62717952,-450560,13871658713088,13878036480000,6222143488,13871658803200,13878036750336,6216015872,-1,-1,-1
5598,2,1400,7,16,16,233010.751492,233126.415286,109.121424,0x4051ce,1,13663686,10030426,3633260,46,100.000000,1,1,115.723988,1.200000,0.800000,monitor,14,7ffe,1,1,61005824,63078400,-180224,13871658713088,13878037381120,6350823424,13871658893312,13878037381120,6341722112,-1,-1,-1
5598,2,1400,8,16,16,233010.727222,233126.428396,110.057258,0x4051ce,1,13076275,9455931,3620344,48,100.000000,1,1,115.723988,1.200000,0.800000,monitor,14,7ffe,1,1,61095936,63168512,0,13871658713088,13878037381120,6345777152,13871658713088,13878037381120,6343524352,-1,-1,-1
5598,2,1400,9,16,16,233010.777812,233126.282168,101.543114,0x4051ce,1,13069996,8259206,4810790,50,100.000000,1,1,115.723988,1.200000,0.800000,monitor,14,7ffe,1,1,60915712,62267392,-991232,13871659433984,13878027108352,5924233216,13871659614208,13878027558912,5922160640,-1,-1,-1
5598,2,1400,10,16,16,233010.736171,233126.395758,101.033159,0x4051ce,1,13858929,7264129,6594800,52,100.000000,1,1,115.723988,1.200000,0.800000,monitor,14,7ffe,1,1,61095936,62808064,-360448,13871658713088,13878037200896,5914140672,13871658713088,13878037381120,5910626304,-1,-1,-1
5598,2,1400,11,16,16,233010.781410,233126.384384,99.539361,0x4051ce,1,13671513,7365753,6305760,54,100.000000,1,1,115.723988,1.200000,0.800000,monitor,14,7ffe,1,1,60915712,62627840,-540672,13871659433984,13878036570112,5841510400,13871659884544,13878036930560,5836734464,-1,-1,-1
5598,2,1400,12,16,16,233010.776297,233125.591827,53.906189,0x4051ce,1,8115578,3773956,4341622,56,100.000000,1,1,115.723988,1.200000,0.800000,monitor,1,1,1,1,22347776,19914752,244654080,5813482053632,5817424543744,3472736256,5813482594304,5817424814080,3470393344,-1,-1,-1
5598,2,1400,13,16,16,233010.714681,233125.620682,55.612982,0x4051ce,1,8149420,4107368,4042052,58,100.000000,1,1,115.723988,1.200000,0.800000,monitor,1,1,1,1,22257664,20094976,247267328,5813480882176,5817425985536,3556990976,5813480972288,5817426165760,3553656832,-1,-1,-1
5598,2,1400,14,16,16,233010.748410,233125.677280,60.833274,0x4051ce,1,8017007,4834090,3182917,60,100.000000,1,1,115.723988,1.200000,0.800000,monitor,1,1,1,1,22257664,20275200,250150912,5813480972288,5817427156992,3790200832,5813481152512,5817427337216,3784343552,-1,-1,-1
5598,2,1400,15,16,16,233010.759289,233125.634840,59.462691,0x4051ce,1,7870908,4738893,3132015,62,100.000000,1,1,115.723988,1.200000,0.800000,monitor,1,1,1,1,22257664,20365312,247357440,5813480972288,5817426255872,3734151168,5813481512960,5817426436096,3731898368,-1,-1,-1
5599,3,1400,0,16,16,233126.625330,233126.740145,0.114815,0x405218,1,5448,3207,2241,32,100.000000,1,1,0.325566,1.200000,0.800000,monitor,1,1,1,1,18833408,20545536,1712128,5817429049344,5817435447296,6397952,5817429139456,5817435627520,6488064,-1,-1,-1
5599,3,1400,1,16,16,233126.689859,233126.839559,0.149700,0x405218,1,5644,4042,1602,34,100.000000,1,1,0.325566,1.200000,0.800000,monitor,1,1,1,1,19554304,19193856,-360448,5817431302144,5817437970432,6668288,5817431572480,5817438060544,6488064,-1,-1,-1
5599,3,1400,2,16,16,233126.671921,233126.801321,0.129400,0x405218,1,5277,3488,1789,36,100.000000,1,1,0.325566,1.200000,0.800000,monitor,1,1,1,1,19193856,19554304,360448,5817429860352,5817437609984,7749632,5817430310912,5817437700096,7389184,-1,-1,-1
5599,3,1400,3,16,16,233126.646016,233126.776307,0.130291,0x405218,1,4828,3268,1560,38,100.000000,1,1,0.325566,1.200000,0.800000,monitor,1,1,1,1,18833408,20185088,1351680,5817429319680,5817437339648,8019968,5817429409792,5817437429760,8019968,-1,-1,-1
5599,3,1400,4,16,16,233126.690172,233126.943516,0.253344,0x405218,1,9823,6082,3741,40,100.000000,1,1,0.325566,1.200000,0.800000,monitor,14,7ffe,1,1,63348736,64520192,1171456,13878039633920,13878056034304,16400384,13878040264704,13878056034304,15769600,-1,-1,-1
5599,3,1400,5,16,16,233126.693411,233126.884228,0.190817,0x405218,1,10225,6406,3819,42,100.000000,1,1,0.325566,1.200000,0.800000,monitor,14,7ffe,1,1,63348736,64249856,901120,13878039724032,13878055493632,15769600,13878041075712,13878055673856,14598144,-1,-1,-1
5599,3,1400,6,16,16,233126.629358,233126.872333,0.242975,0x405218,1,9042,5780,3262,44,100.000000,1,1,0.325566,1.200000,0.800000,monitor,14,7ffe,1,1,63258624,64249856,991232,13878037831680,13878055133184,17301504,13878037921792,13878055403520,17481728,-1,-1,-1
5599,3,1400,7,16,16,233126.719786,233126.913425,0.193639,0x405218,1,10262,6428,3834,46,100.000000,1,1,0.325566,1.200000,0.800000,monitor,14,7ffe,1,1,62357504,64430080,2072576,13878042607616,13878056034304,13426688,13878042877952,13878056034304,13156352,-1,-1,-1
5599,3,1400,8,16,16,233126.654528,233126.852558,0.198030,0x405218,1,10299,6252,4047,48,100.000000,1,1,0.325566,1.200000,0.800000,monitor,14,7ffe,1,1,63619072,64159744,540672,13878037921792,13878054862848,16941056,13878038282240,13878054952960,16670720,-1,-1,-1
5599,3,1400,9,16,16,233126.704910,233126.877433,0.172523,0x405218,1,10172,5628,4544,50,100.000000,1,1,0.325566,1.200000,0.800000,monitor,14,7ffe,1,1,62717952,64249856,1531904,13878041436160,13878055313408,13877248,13878041706496,13878055493632,13787136,-1,-1,-1
5599,3,1400,10,16,16,233126.617950,233126.775073,0.157123,0x405218,1,10286,4680,5606,52,100.000000,1,1,0.325566,1.200000,0.800000,monitor,14,7ffe,1,1,63348736,63078400,-270336,13878037831680,13878050086912,12255232,13878037831680,13878050627584,12795904,-1,-1,-1
5599,3,1400,11,16,16,233126.709294,233126.870216,0.160922,0x405218,1,10224,4563,5661,54,100.000000,1,1,0.325566,1.200000,0.800000,monitor,14,7ffe,1,1,62627840,64249856,1622016,13878041616384,13878055043072,13426688,13878042247168,13878055223296,12976128,-1,-1,-1
5599,3,1400,12,16,16,233126.673299,233126.807538,0.134239,0x405218,1,7875,2104,5771,56,100.000000,1,1,0.325566,1.200000,0.800000,monitor,1,1,1,1,19193856,19554304,360448,5817430040576,5817437700096,7659520,5817430491136,5817437970432,7479296,-1,-1,-1
5599,3,1400,13,16,16,233126.636854,233126.759237,0.122383,0x405218,1,6311,3947,2364,58,100.000000,1,1,0.325566,1.200000,0.800000,monitor,1,1,1,1,19103744,20275200,1171456,5817429229568,5817436258304,7028736,5817429319680,5817436438528,7118848,-1,-1,-1
5599,3,1400,14,16,16,233126.643471,233126.773998,0.130527,0x405218,1,5696,4877,819,60,100.000000,1,1,0.325566,1.200000,0.800000,monitor,1,1,1,1,19013632,20365312,1351680,5817429229568,5817437069312,7839744,5817429409792,5817437429760,8019968,-1,-1,-1
5599,3,1400,15,16,16,233126.726700,233126.843112,0.116412,0x405218,1,5295,3744,1551,62,100.000000,1,1,0.325566,1.200000,0.800000,monitor,1,1,1,1,20275200,19193856,-1081344,5817433645056,5817438060544,4415488,5817433915392,5817438060544,4145152,-1,-1,-1
5600,4,1400,0,16,16,233128.088145,233128.117568,0.029423,0x4052e4,1,2583,1040,1543,32,100.000000,1,1,1.262573,1.200000,0.800000,monitor,1,1,1,1,20275200,20275200,0,5817442566144,5817442566144,0,5817442566144,5817442566144,0,-1,-1,-1
5600,4,1400,1,16,16,233127.213418,233127.234693,0.021275,0x4052e4,1,81,57,24,34,100.000000,1,1,1.262573,1.200000,0.800000,monitor,1,1,1,1,19644416,19283968,-360448,5817441755136,5817442025472,270336,5817441935360,5817442025472,90112,-1,-1,-1
5600,4,1400,2,16,16,233127.216733,233127.237049,0.020316,0x4052e4,1,91,60,31,36,100.000000,1,1,1.262573,1.200000,0.800000,monitor,1,1,1,1,19644416,19283968,-360448,5817441755136,5817442025472,270336,5817441935360,5817442025472,90112,-1,-1,-1
5600,4,1400,3,16,16,233127.197772,233127.218842,0.021070,0x4052e4,1,52,19,33,38,100.000000,1,1,1.262573,1.200000,0.800000,monitor,1,1,1,1,19464192,19283968,-180224,5817441484800,5817442025472,540672,5817441665024,5817442025472,360448,-1,-1,-1
5600,4,1400,4,16,16,233127.226476,233127.251128,0.024652,0x4052e4,1,197,146,51,40,100.000000,1,1,1.262573,1.200000,0.800000,monitor,14,7ffe,1,1,64700416,64880640,180224,13878057295872,13878057385984,90112,13878057295872,13878057385984,90112,-1,-1,-1
5600,4,1400,5,16,16,233127.901052,233127.927782,0.026730,0x4052e4,1,3227,455,2772,42,100.000000,1,1,1.262573,1.200000,0.800000,monitor,14,7ffe,1,1,64159744,63979520,-180224,13878059098112,13878059098112,0,13878059098112,13878059098112,0,-1,-1,-1
5600,4,1400,6,16,16,233128.432185,233128.460345,0.028160,0x4052e4,1,3267,682,2585,44,100.000000,1,1,1.262573,1.200000,0.800000,monitor,14,7ffe,1,1,63619072,63438848,-180224,13878059278336,13878059278336,0,13878059278336,13878059278336,0,-1,-1,-1
5600,4,1400,7,16,16,233128.230884,233128.260307,0.029423,0x4052e4,1,3326,470,2856,46,100.000000,1,1,1.262573,1.200000,0.800000,monitor,14,7ffe,1,1,63799296,63619072,-180224,13878059098112,13878059188224,90112,13878059098112,13878059188224,90112,-1,-1,-1
5600,4,1400,8,16,16,233127.205812,233127.230527,0.024715,0x4052e4,1,318,249,69,48,100.000000,1,1,1.262573,1.200000,0.800000,monitor,14,7ffe,1,1,63619072,64880640,1261568,13878056755200,13878057385984,630784,13878057025536,13878057385984,360448,-1,-1,-1
5600,4,1400,9,16,16,233127.230943,233127.255157,0.024214,0x4052e4,1,444,339,105,50,100.000000,1,1,1.262573,1.200000,0.800000,monitor,14,7ffe,1,1,64790528,64970752,180224,13878057295872,13878057385984,90112,13878057295872,13878057385984,90112,-1,-1,-1
5600,4,1400,10,16,16,233127.203850,233127.228297,0.024447,0x4052e4,1,494,404,90,52,100.000000,1,1,1.262573,1.200000,0.800000,monitor,14,7ffe,1,1,63709184,64880640,1171456,13878056755200,13878057385984,630784,13878057025536,13878057385984,360448,-1,-1,-1
5600,4,1400,11,16,16,233127.707191,233127.733842,0.026651,0x4052e4,1,3308,459,2849,54,100.000000,1,1,1.262573,1.200000,0.800000,monitor,14,7ffe,1,1,64249856,64159744,-90112,13878058917888,13878059008000,90112,13878058917888,13878059008000,90112,-1,-1,-1
5600,4,1400,12,16,16,233128.424039,233128.444903,0.020864,0x4052e4,1,40,6,34,56,100.000000,1,1,1.262573,1.200000,0.800000,monitor,1,1,1,1,20365312,20365312,0,5817442566144,5817442656256,90112,5817442566144,5817442656256,90112,-1,-1,-1
5600,4,1400,13,16,16,233128.414216,233128.435922,0.021706,0x4052e4,1,277,248,29,58,100.000000,1,1,1.262573,1.200000,0.800000,monitor,1,1,1,1,20365312,20365312,0,5817442566144,5817442656256,90112,5817442566144,5817442656256,90112,-1,-1,-1
5600,4,1400,14,16,16,233127.690261,233127.709892,0.019631,0x4052e4,1,126,83,43,60,100.000000,1,1,1.262573,1.200000,0.800000,monitor,1,1,1,1,20275200,20275200,0,5817442566144,5817442566144,0,5817442566144,5817442566144,0,-1,-1,-1
5600,4,1400,15,16,16,233127.518076,233127.542027,0.023951,0x4052e4,1,2726,374,2352,62,100.000000,1,1,1.262573,1.200000,0.800000,monitor,1,1,1,1,20365312,20185088,-180224,5817442476032,5817442566144,90112,5817442476032,5817442566144,90112,-1,-1,-1
5601,5,1400,0,16,16,233128.660912,233128.682628,0.021716,0x40533c,1,856,12,844,32,100.000000,1,1,0.186597,1.200000,0.800000,monitor,1,1,1,1,20545536,20455424,-90112,5817443196928,5817443196928,0,5817443196928,5817443196928,0,-1,-1,-1
5601,5,1400,1,16,16,233128.640975,233128.661996,0.021021,0x40533c,1,49,7,42,34,100.000000,1,1,0.186597,1.200000,0.800000,monitor,1,1,1,1,20725760,20455424,-270336,5817443196928,5817443196928,0,5817443196928,5817443196928,0,-1,-1,-1
5601,5,1400,2,16,16,233128.645510,233128.665643,0.020133,0x40533c,1,29,9,20,36,100.000000,1,1,0.186597,1.200000,0.800000,monitor,1,1,1,1,20635648,20455424,-180224,5817443196928,5817443196928,0,5817443196928,5817443196928,0,-1,-1,-1
5601,5,1400,3,16,16,233128.753470,233128.774157,0.020687,0x40533c,1,25,5,20,38,100.000000,1,1,0.186597,1.200000,0.800000,monitor,1,1,1,1,20545536,20455424,-90112,5817443196928,5817443196928,0,5817443196928,5817443196928,0,-1,-1,-1
5601,5,1400,4,16,16,233128.635008,233128.661379,0.026371,0x40533c,1,105,37,68,40,100.000000,1,1,0.186597,1.200000,0.800000,monitor,14,7ffe,1,1,62808064,63168512,360448,13878060179456,13878060269568,90112,13878060269568,13878060269568,0,-1,-1,-1
5601,5,1400,5,16,16,233128.779946,233128.808602,0.028656,0x40533c,1,920,196,724,42,100.000000,1,1,0.186597,1.200000,0.800000,monitor,14,7ffe,1,1,62988288,62988288,0,13878060269568,13878060269568,0,13878060269568,13878060269568,0,-1,-1,-1
5601,5,1400,6,16,16,233128.637354,233128.664636,0.027282,0x40533c,1,816,281,535,44,100.000000,1,1,0.186597,1.200000,0.800000,monitor,14,7ffe,1,1,62898176,63168512,270336,13878060269568,13878060269568,0,13878060269568,13878060269568,0,-1,-1,-1
5601,5,1400,7,16,16,233128.705979,233128.734234,0.028255,0x40533c,1,1034,209,825,46,100.000000,1,1,0.186597,1.200000,0.800000,monitor,14,7ffe,1,1,63168512,62988288,-180224,13878060269568,13878060269568,0,13878060269568,13878060269568,0,-1,-1,-1
5601,5,1400,8,16,16,233128.622005,233128.648168,0.026163,0x40533c,1,564,250,314,48,100.000000,1,1,0.186597,1.200000,0.800000,monitor,14,7ffe,1,1,62988288,63168512,180224,13878059909120,13878060269568,360448,13878060269568,13878060269568,0,-1,-1,-1
5601,5,1400,9,16,16,233128.763781,233128.789812,0.026031,0x40533c,1,346,83,263,50,100.000000,1,1,0.186597,1.200000,0.800000,monitor,14,7ffe,1,1,63168512,62988288,-180224,13878060269568,13878060269568,0,13878060269568,13878060269568,0,-1,-1,-1
5601,5,1400,10,16,16,233128.693122,233128.722556,0.029434,0x40533c,1,2602,229,2373,52,100.000000,1,1,0.186597,1.200000,0.800000,monitor,14,7ffe,1,1,63168512,62988288,-180224,13878060269568,13878060269568,0,13878060269568,13878060269568,0,-1,-1,-1
5601,5,1400,11,16,16,233128.719952,233128.748298,0.028346,0x40533c,1,1049,143,906,54,100.000000,1,1,0.186597,1.200000,0.800000,monitor,14,7ffe,1,1,63168512,62988288,-180224,13878060269568,13878060269568,0,13878060269568,13878060269568,0,-1,-1,-1
5601,5,1400,12,16,16,233128.626981,233128.647355,0.020374,0x40533c,1,15,2,13,56,100.000000,1,1,0.186597,1.200000,0.800000,monitor,1,1,1,1,20725760,20545536,-180224,5817443196928,5817443196928,0,5817443196928,5817443196928,0,-1,-1,-1
5601,5,1400,13,16,16,233128.659106,233128.679223,0.020117,0x40533c,1,28,0,28,58,100.000000,1,1,0.186597,1.200000,0.800000,monitor,1,1,1,1,20545536,20455424,-90112,5817443196928,5817443196928,0,5817443196928,5817443196928,0,-1,-1,-1
5601,5,1400,14,16,16,233128.691790,233128.717499,0.025709,0x40533c,1,1328,20,1308,60,100.000000,1,1,0.186597,1.200000,0.800000,monitor,1,1,1,1,20455424,20455424,0,5817443196928,5817443196928,0,5817443196928,5817443196928,0,-1,-1,-1
5601,5,1400,15,16,16,233128.678385,233128.699093,0.020708,0x40533c,1,608,57,551,62,100.000000,1,1,0.186597,1.200000,0.800000,monitor,1,1,1,1,20455424,20455424,0,5817443196928,5817443196928,0,5817443196928,5817443196928,0,-1,-1,-1
5998,2,1500,0,16,16,244313.946581,244421.946285,57.162717,0x4051ce,1,6885503,4953872,1931631,32,100.000000,1,1,108.829634,1.200000,0.800000,monitor,1,1,1,1,22888448,21716992,242221056,6211262914560,6215111147520,3649355776,6211263004672,6215111778304,3648274432,-1,-1,-1
5998,2,1500,1,16,16,244313.909313,244421.993238,61.381089,0x4051ce,1,7823018,6432428,1390590,34,100.000000,1,1,108.829634,1.200000,0.800000,monitor,1,1,1,1,22888448,21897216,240599040,6211262824448,6215113940992,3780198400,6211262824448,6215114031104,3774160896,-1,-1,-1
5998,2,1500,2,16,16,244313.958872,244422.058132,61.211599,0x4051ce,1,7060145,5771300,1288845,36,100.000000,1,1,108.829634,1.200000,0.800000,monitor,1,1,1,1,22798336,21897216,240058368,6211263275008,6215115202560,3792273408,6211263815680,6215115202560,3779387392,-1,-1,-1
5998,2,1500,3,16,16,244313.974460,244422.104079,62.264456,0x4051ce,1,7042654,6293471,749183,38,100.000000,1,1,108.829634,1.200000,0.800000,monitor,1,1,1,1,22888448,21536768,236904448,6211263004672,6215115472896,3801374720,6211264446464,6215115472896,3789930496,-1,-1,-1
5998,2,1500,4,16,16,244313.908818,244422.725601,103.402320,0x4051ce,1,12155260,9083838,3071422,40,100.000000,1,1,108.829634,1.200000,0.800000,monitor,14,7ffe,1,1,60284928,59473920,-450560,14497192787968,14503013752832,5806997504,14497192968192,14503013752832,5798346752,-1,-1,-1
5998,2,1500,5,16,16,244313.966953,244422.736139,101.999708,0x4051ce,1,12411555,8756654,3654901,42,100.000000,1,1,108.829634,1.200000,0.800000,monitor,14,7ffe,1,1,60284928,59564032,-90112,14497194319872,14503013752832,5771853824,14497194770432,14503013752832,5762121728,-1,-1,-1
5998,2,1500,6,16,16,244313.913391,244422.545633,95.879162,0x4051ce,1,12306966,8887812,3419154,44,100.000000,1,1,108.829634,1.200000,0.800000,monitor,14,7ffe,1,1,60375040,58662912,-1531904,14497192968192,14503002218496,5464211456,14497192968192,14503002488832,5465743360,-1,-1,-1
5998,2,1500,7,16,16,244313.963013,244422.707844,103.042773,0x4051ce,1,12167355,8679297,3488058,46,100.000000,1,1,108.829634,1.200000,0.800000,monitor,14,7ffe,1,1,60194816,59203584,-630784,14497194409984,14503013752832,5804924928,14497194680320,14503013752832,5794111488,-1,-1,-1
5998,2,1500,8,16,16,244313.906505,244422.719324,101.717136,0x4051ce,1,12243063,8749976,3493087,48,100.000000,1,1,108.829634,1.200000,0.800000,monitor,14,7ffe,1,1,60284928,59473920,-811008,14497192878080,14503013752832,5763743744,14497192968192,14503013752832,5757345792,-1,-1,-1
5998,2,1500,9,16,16,244313.974557,244422.567359,93.823362,0x4051ce,1,12431797,7653362,4778435,50,100.000000,1,1,108.829634,1.200000,0.800000,monitor,14,7ffe,1,1,60104704,58843136,-1441792,14497194590208,14503003480064,5353013248,14497195130880,14503003930624,5352742912,-1,-1,-1
5998,2,1500,10,16,16,244313.929524,244422.676309,93.994578,0x4051ce,1,12307169,5919939,6387230,52,100.000000,1,1,108.829634,1.200000,0.800000,monitor,14,7ffe,1,1,60375040,59293696,-991232,14497192968192,14503012851712,5386174464,14497192968192,14503013122048,5385814016,-1,-1,-1
5998,2,1500,11,16,16,244313.932437,244422.684541,95.395417,0x4051ce,1,11931563,5754566,6176997,54,100.000000,1,1,108.829634,1.200000,0.800000,monitor,14,7ffe,1,1,60284928,59113472,-1171456,14497192968192,14503013212160,5464121344,14497192968192,14503013392384,5458444288,-1,-1,-1
5998,2,1500,12,16,16,244313.970690,244421.958600,51.904049,0x4051ce,1,8123343,3728809,4394534,56,100.000000,1,1,108.829634,1.200000,0.800000,monitor,1,1,1,1,22888448,21626880,256098304,6211263635456,6215112048640,3396501504,6211264626688,6215112409088,3395239936,-1,-1,-1
5998,2,1500,13,16,16,244313.935980,244421.969086,54.004530,0x4051ce,1,8173228,4019208,4154020,58,100.000000,1,1,108.829634,1.200000,0.800000,monitor,1,1,1,1,22888448,21807104,256188416,6211262914560,6215112859648,3535364096,6211263004672,6215113129984,3533381632,-1,-1,-1
5998,2,1500,14,16,16,244313.913198,244422.021946,58.483126,0x4051ce,1,8029633,4730960,3298673,60,100.000000,1,1,108.829634,1.200000,0.800000,monitor,1,1,1,1,22888448,21897216,243933184,6211262824448,6215114661888,3710361600,6211262824448,6215114842112,3703242752,-1,-1,-1
5998,2,1500,15,16,16,244313.931977,244422.036166,56.340852,0x4051ce,1,7099973,4083735,3016238,62,100.000000,1,1,108.829634,1.200000,0.800000,monitor,1,1,1,1,22798336,21897216,252493824,6211262824448,6215115022336,3617185792,6211262914560,6215115202560,3613130752,-1,-1,-1
5999,3,1500,0,16,16,244422.927796,244423.051572,0.123776,0x405218,1,5438,3560,1878,32,100.000000,1,1,0.315764,1.200000,0.800000,monitor,1,1,1,1,19374080,20905984,1531904,6215116464128,6215125655552,9191424,6215116554240,6215125745664,9191424,-1,-1,-1
5999,3,1500,1,16,16,244422.959049,244423.082317,0.123268,0x405218,1,5306,3185,2121,34,100.000000,1,1,0.315764,1.200000,0.800000,monitor,1,1,1,1,19374080,20635648,1261568,6215117455360,6215125835776,8380416,6215117815808,6215125835776,8019968,-1,-1,-1
5999,3,1500,2,16,16,244422.928098,244423.074472,0.146374,0x405218,1,4404,2904,1500,36,100.000000,1,1,0.315764,1.200000,0.800000,monitor,1,1,1,1,19374080,20635648,1261568,6215116464128,6215125835776,9371648,6215116554240,6215125835776,9281536,-1,-1,-1
5999,3,1500,3,16,16,244422.933797,244423.057278,0.123481,0x405218,1,3934,2333,1601,38,100.000000,1,1,0.315764,1.200000,0.800000,monitor,1,1,1,1,19374080,20905984,1531904,6215116464128,6215125835776,9371648,6215116554240,6215125835776,9281536,-1,-1,-1
5999,3,1500,4,16,16,244423.010769,244423.238544,0.227775,0x405218,1,8994,5203,3791,40,100.000000,1,1,0.315764,1.200000,0.800000,monitor,14,7ffe,1,1,57851904,60375040,2523136,14503019069440,14503031504896,12435456,14503019970560,14503031504896,11534336,-1,-1,-1
5999,3,1500,5,16,16,244422.971535,244423.199437,0.227902,0x405218,1,9078,5366,3712,42,100.000000,1,1,0.315764,1.200000,0.800000,monitor,14,7ffe,1,1,59113472,60194816,1081344,14503014383616,14503031324672,16941056,14503015194624,14503031504896,16310272,-1,-1,-1
5999,3,1500,6,16,16,244422.978442,244423.159688,0.181246,0x405218,1,9801,6027,3774,44,100.000000,1,1,0.315764,1.200000,0.800000,monitor,14,7ffe,1,1,59023360,59744256,720896,14503014834176,14503030423552,15589376,14503016005632,14503030603776,14598144,-1,-1,-1
5999,3,1500,7,16,16,244422.992122,244423.225799,0.233677,0x405218,1,9077,5532,3545,46,100.000000,1,1,0.315764,1.200000,0.800000,monitor,14,7ffe,1,1,58392576,60375040,1982464,14503016546304,14503031504896,14958592,14503017897984,14503031504896,13606912,-1,-1,-1
5999,3,1500,8,16,16,244422.966886,244423.198443,0.231557,0x405218,1,9061,5554,3507,48,100.000000,1,1,0.315764,1.200000,0.800000,monitor,14,7ffe,1,1,59564032,60104704,540672,14503014113280,14503031324672,17211392,14503014563840,14503031414784,16850944,-1,-1,-1
5999,3,1500,9,16,16,244422.942643,244423.100815,0.158172,0x405218,1,9889,4828,5061,50,100.000000,1,1,0.315764,1.200000,0.800000,monitor,14,7ffe,1,1,59564032,58933248,-630784,14503013842944,14503027990528,14147584,14503013842944,14503028891648,15048704,-1,-1,-1
5999,3,1500,10,16,16,244423.006505,244423.198778,0.192273,0x405218,1,9095,3804,5291,52,100.000000,1,1,0.315764,1.200000,0.800000,monitor,14,7ffe,1,1,57851904,60194816,2342912,14503018528768,14503031324672,12795904,14503019249664,14503031504896,12255232,-1,-1,-1
5999,3,1500,11,16,16,244422.922780,244423.112146,0.189366,0x405218,1,9077,3436,5641,54,100.000000,1,1,0.315764,1.200000,0.800000,monitor,14,7ffe,1,1,59564032,59203584,-360448,14503013842944,14503028891648,15048704,14503013842944,14503029432320,15589376,-1,-1,-1
5999,3,1500,12,16,16,244423.000790,244423.104642,0.103852,0x405218,1,5462,2621,2841,56,100.000000,1,1,0.315764,1.200000,0.800000,monitor,1,1,1,1,20635648,20365312,-270336,6215121059840,6215125835776,4775936,6215121420288,6215125835776,4415488,-1,-1,-1
5999,3,1500,13,16,16,244423.014525,244423.134834,0.120309,0x405218,1,6209,3553,2656,58,100.000000,1,1,0.315764,1.200000,0.800000,monitor,1,1,1,1,21266432,19734528,-1531904,6215122321408,6215125835776,3514368,6215122952192,6215125835776,2883584,-1,-1,-1
5999,3,1500,14,16,16,244422.947034,244423.075997,0.128963,0x405218,1,5776,4966,810,60,100.000000,1,1,0.315764,1.200000,0.800000,monitor,1,1,1,1,19374080,20545536,1171456,6215116644352,6215125835776,9191424,6215117094912,6215125835776,8740864,-1,-1,-1
5999,3,1500,15,16,16,244422.954686,244423.087172,0.132486,0x405218,1,5203,3932,1271,62,100.000000,1,1,0.315764,1.200000,0.800000,monitor,1,1,1,1,19374080,20635648,1261568,6215116914688,6215125835776,8921088,6215117725696,6215125835776,8110080,-1,-1,-1
6000,4,1500,0,16,16,244423.788879,244423.817502,0.028623,0x4052e4,1,1995,955,1040,32,100.000000,1,1,0.328905,1.200000,0.800000,monitor,1,1,1,1,19914752,20004864,90112,6215128809472,6215128899584,90112,6215128809472,6215128899584,90112,-1,-1,-1
6000,4,1500,1,16,16,244423.598627,244423.618876,0.020249,0x4052e4,1,173,129,44,34,100.000000,1,1,0.328905,1.200000,0.800000,monitor,1,1,1,1,19914752,20094976,180224,6215128809472,6215128809472,0,6215128809472,6215128809472,0,-1,-1,-1
6000,4,1500,2,16,16,244423.531506,244423.552865,0.021359,0x4052e4,1,54,24,30,36,100.000000,1,1,0.328905,1.200000,0.800000,monitor,1,1,1,1,20094976,20004864,-90112,6215128629248,6215128809472,180224,6215128719360,6215128809472,90112,-1,-1,-1
6000,4,1500,3,16,16,244423.794208,244423.814829,0.020621,0x4052e4,1,37,15,22,38,100.000000,1,1,0.328905,1.200000,0.800000,monitor,1,1,1,1,19914752,20004864,90112,6215128809472,6215128899584,90112,6215128809472,6215128899584,90112,-1,-1,-1
6000,4,1500,4,16,16,244423.515015,244423.541179,0.026164,0x4052e4,1,149,98,51,40,100.000000,1,1,0.328905,1.200000,0.800000,monitor,14,7ffe,1,1,60465152,61546496,1081344,14503031865344,14503032045568,180224,14503031955456,14503032135680,180224,-1,-1,-1
6000,4,1500,5,16,16,244423.613746,244423.638623,0.024877,0x4052e4,1,167,110,57,42,100.000000,1,1,0.328905,1.200000,0.800000,monitor,14,7ffe,1,1,61456384,61186048,-270336,14503032045568,14503032225792,180224,14503032135680,14503032225792,90112,-1,-1,-1
6000,4,1500,6,16,16,244423.803353,244423.831180,0.027827,0x4052e4,1,3285,430,2855,44,100.000000,1,1,0.328905,1.200000,0.800000,monitor,14,7ffe,1,1,61276160,61005824,-270336,14503032225792,14503032315904,90112,14503032225792,14503032315904,90112,-1,-1,-1
6000,4,1500,7,16,16,244423.605856,244423.634988,0.029132,0x4052e4,1,2615,233,2382,46,100.000000,1,1,0.328905,1.200000,0.800000,monitor,14,7ffe,1,1,61546496,61186048,-360448,14503032045568,14503032225792,180224,14503032135680,14503032225792,90112,-1,-1,-1
6000,4,1500,8,16,16,244423.526687,244423.551431,0.024744,0x4052e4,1,160,93,67,48,100.000000,1,1,0.328905,1.200000,0.800000,monitor,14,7ffe,1,1,61005824,61456384,450560,14503031955456,14503032135680,180224,14503031955456,14503032135680,180224,-1,-1,-1
6000,4,1500,9,16,16,244423.586519,244423.611795,0.025276,0x4052e4,1,380,272,108,50,100.000000,1,1,0.328905,1.200000,0.800000,monitor,14,7ffe,1,1,61546496,61186048,-360448,14503032045568,14503032135680,90112,14503032045568,14503032225792,180224,-1,-1,-1
6000,4,1500,10,16,16,244423.799440,244423.824968,0.025528,0x4052e4,1,224,137,87,52,100.000000,1,1,0.328905,1.200000,0.800000,monitor,14,7ffe,1,1,61276160,61005824,-270336,14503032225792,14503032315904,90112,14503032225792,14503032315904,90112,-1,-1,-1
6000,4,1500,11,16,16,244423.540968,244423.566105,0.025137,0x4052e4,1,169,110,59,54,100.000000,1,1,0.328905,1.200000,0.800000,monitor,14,7ffe,1,1,61726720,61366272,-360448,14503031955456,14503032135680,180224,14503032045568,14503032135680,90112,-1,-1,-1
6000,4,1500,12,16,16,244423.502275,244423.522546,0.020271,0x4052e4,1,106,90,16,56,100.000000,1,1,0.328905,1.200000,0.800000,monitor,1,1,1,1,20365312,19914752,-450560,6215128539136,6215128809472,270336,6215128539136,6215128809472,270336,-1,-1,-1
6000,4,1500,13,16,16,244423.533540,244423.554581,0.021041,0x4052e4,1,188,145,43,58,100.000000,1,1,0.328905,1.200000,0.800000,monitor,1,1,1,1,19914752,19914752,0,6215128719360,6215128809472,90112,6215128719360,6215128809472,90112,-1,-1,-1
6000,4,1500,14,16,16,244423.523214,244423.544381,0.021167,0x4052e4,1,211,169,42,60,100.000000,1,1,0.328905,1.200000,0.800000,monitor,1,1,1,1,20185088,19914752,-270336,6215128539136,6215128809472,270336,6215128629248,6215128809472,180224,-1,-1,-1
6000,4,1500,15,16,16,244423.516345,244423.538446,0.022101,0x4052e4,1,57,26,31,62,100.000000,1,1,0.328905,1.200000,0.800000,monitor,1,1,1,1,20275200,19914752,-360448,6215128539136,6215128809472,270336,6215128539136,6215128809472,270336,-1,-1,-1
6001,5,1500,0,16,16,244424.122325,244424.140945,0.018620,0x40533c,1,22,0,22,32,100.000000,1,1,0.428332,1.200000,0.800000,monitor,1,1,1,1,19374080,19374080,0,6215129260032,6215129260032,0,6215129260032,6215129260032,0,-1,-1,-1
6001,5,1500,1,16,16,244424.084014,244424.103901,0.019887,0x40533c,1,35,3,32,34,100.000000,1,1,0.428332,1.200000,0.800000,monitor,1,1,1,1,19374080,19374080,0,6215129260032,6215129260032,0,6215129260032,6215129260032,0,-1,-1,-1
6001,5,1500,2,16,16,244424.016386,244424.037443,0.021057,0x40533c,1,54,7,47,36,100.000000,1,1,0.428332,1.200000,0.800000,monitor,1,1,1,1,19374080,19374080,0,6215129260032,6215129260032,0,6215129260032,6215129260032,0,-1,-1,-1
6001,5,1500,3,16,16,244424.013167,244424.033772,0.020605,0x40533c,1,31,4,27,38,100.000000,1,1,0.428332,1.200000,0.800000,monitor,1,1,1,1,19374080,19374080,0,6215129260032,6215129260032,0,6215129260032,6215129260032,0,-1,-1,-1
6001,5,1500,4,16,16,244423.975936,244424.003693,0.027757,0x40533c,1,93,31,62,40,100.000000,1,1,0.428332,1.200000,0.800000,monitor,14,7ffe,1,1,62717952,63348736,630784,14503032856576,14503033036800,180224,14503033036800,14503033126912,90112,-1,-1,-1
6001,5,1500,5,16,16,244424.372758,244424.402601,0.029843,0x40533c,1,2523,518,2005,42,100.000000,1,1,0.428332,1.200000,0.800000,monitor,14,7ffe,1,1,62988288,62898176,-90112,14503033126912,14503033126912,0,14503033126912,14503033126912,0,-1,-1,-1
6001,5,1500,6,16,16,244424.073618,244424.101076,0.027458,0x40533c,1,963,193,770,44,100.000000,1,1,0.428332,1.200000,0.800000,monitor,14,7ffe,1,1,63348736,63078400,-270336,14503033036800,14503033126912,90112,14503033126912,14503033126912,0,-1,-1,-1
6001,5,1500,7,16,16,244423.997200,244424.025148,0.027948,0x40533c,1,191,26,165,46,100.000000,1,1,0.428332,1.200000,0.800000,monitor,14,7ffe,1,1,62717952,63348736,630784,14503033036800,14503033126912,90112,14503033036800,14503033126912,90112,-1,-1,-1
6001,5,1500,8,16,16,244424.006355,244424.033181,0.026826,0x40533c,1,131,35,96,48,100.000000,1,1,0.428332,1.200000,0.800000,monitor,14,7ffe,1,1,63348736,63258624,-90112,14503033036800,14503033126912,90112,14503033036800,14503033126912,90112,-1,-1,-1
6001,5,1500,9,16,16,244424.051883,244424.084621,0.032738,0x40533c,1,1674,15,1659,50,100.000000,1,1,0.428332,1.200000,0.800000,monitor,14,7ffe,1,1,63258624,63078400,-180224,14503033036800,14503033126912,90112,14503033036800,14503033126912,90112,-1,-1,-1
6001,5,1500,10,16,16,244423.981914,244424.009073,0.027159,0x40533c,1,182,73,109,52,100.000000,1,1,0.428332,1.200000,0.800000,monitor,14,7ffe,1,1,62537728,63348736,811008,14503032676352,14503033036800,360448,14503033036800,14503033126912,90112,-1,-1,-1
6001,5,1500,11,16,16,244424.063562,244424.090592,0.027030,0x40533c,1,107,16,91,54,100.000000,1,1,0.428332,1.200000,0.800000,monitor,14,7ffe,1,1,63258624,63078400,-180224,14503033036800,14503033126912,90112,14503033036800,14503033126912,90112,-1,-1,-1
6001,5,1500,12,16,16,244424.105086,244424.126032,0.020946,0x40533c,1,54,17,37,56,100.000000,1,1,0.428332,1.200000,0.800000,monitor,1,1,1,1,19374080,19374080,0,6215129260032,6215129260032,0,6215129260032,6215129260032,0,-1,-1,-1
6001,5,1500,13,16,16,244424.017198,244424.037344,0.020146,0x40533c,1,68,7,61,58,100.000000,1,1,0.428332,1.200000,0.800000,monitor,1,1,1,1,19374080,19374080,0,6215129260032,6215129260032,0,6215129260032,6215129260032,0,-1,-1,-1
6001,5,1500,14,16,16,244423.974269,244423.994314,0.020045,0x40533c,1,26,5,21,60,100.000000,1,1,0.428332,1.200000,0.800000,monitor,1,1,1,1,19734528,19374080,-360448,6215129260032,6215129260032,0,6215129260032,6215129260032,0,-1,-1,-1
6001,5,1500,15,16,16,244424.004380,244424.025256,0.020876,0x40533c,1,52,5,47,62,100.000000,1,1,0.428332,1.200000,0.800000,monitor,1,1,1,1,19464192,19374080,-90112,6215129260032,6215129260032,0,6215129260032,6215129260032,0,-1,-1,-1
6398,2,1600,0,16,16,254908.512392,255009.023282,58.242075,0x4051ce,1,6887673,4872087,2015586,32,100.000000,1,1,101.123088,1.200000,0.800000,monitor,1,1,1,1,25501696,24510464,191488000,6604920070144,6608707928064,3597811712,6604920340480,6608707928064,3591864320,-1,-1,-1
6398,2,1600,1,16,16,254908.505333,255008.995322,62.469304,0x4051ce,1,7813613,6366685,1446928,2,100.000000,1,1,101.123088,1.200000,0.800000,monitor,1,1,1,1,25321472,24330240,181035008,6604919799808,6608706756608,3718832128,6604919889920,6608707387392,3713785856,-1,-1,-1
6398,2,1600,2,16,16,254908.502293,255009.020465,62.148151,0x4051ce,1,7099899,5758641,1341258,36,100.000000,1,1,101.123088,1.200000,0.800000,monitor,1,1,1,1,25411584,24510464,181575680,6604919889920,6608707928064,3725770752,6604920070144,6608707928064,3720544256,-1,-1,-1
6398,2,1600,3,16,16,254908.504615,255009.110540,64.248825,0x4051ce,1,7771788,7078542,693246,38,100.000000,1,1,101.123088,1.200000,0.800000,monitor,1,1,1,1,25501696,24240128,176529408,6604919980032,6608709009408,3753164800,6604920160256,6608709009408,3746496512,-1,-1,-1
6398,2,1600,4,16,16,254908.475628,255009.569900,95.909270,0x4051ce,1,12050256,9086878,2963378,40,100.000000,1,1,101.123088,1.200000,0.800000,monitor,14,7ffe,1,1,57131008,55508992,-630784,15078322462720,15083916255232,5586944000,15078322462720,15083916255232,5578113024,-1,-1,-1
6398,2,1600,5,16,16,254908.464896,255009.541411,94.669161,0x4051ce,1,12121331,8763307,3358024,42,100.000000,1,1,101.123088,1.200000,0.800000,monitor,14,7ffe,1,1,57040896,55238656,-811008,15078322462720,15083916165120,5567930368,15078322462720,15083916165120,5562613760,-1,-1,-1
6398,2,1600,6,16,16,254908.519098,255009.522443,92.631921,0x4051ce,1,10750126,7753837,2996289,44,100.000000,1,1,101.123088,1.200000,0.800000,monitor,14,7ffe,1,1,56950784,55058432,-991232,15078323814400,15083915173888,5501607936,15078324805632,15083915444224,5495570432,-1,-1,-1
6398,2,1600,7,16,16,254908.516292,255009.569781,94.858017,0x4051ce,1,12087297,8748645,3338652,46,100.000000,1,1,101.123088,1.200000,0.800000,monitor,14,7ffe,1,1,56950784,55508992,-630784,15078323453952,15083916255232,5576040448,15078324174848,15083916255232,5566849024,-1,-1,-1
6398,2,1600,8,16,16,254908.446812,255009.569057,93.779523,0x4051ce,1,12116685,8780500,3336185,48,100.000000,1,1,101.123088,1.200000,0.800000,monitor,14,7ffe,1,1,57040896,55599104,-540672,15078322372608,15083916255232,5531074560,15078322462720,15083916255232,5528461312,-1,-1,-1
6398,2,1600,9,16,16,254908.474609,255009.509331,88.747589,0x4051ce,1,11677344,7062553,4614791,50,100.000000,1,1,101.123088,1.200000,0.800000,monitor,14,7ffe,1,1,57131008,54517760,-1622016,15078322462720,15083913551872,5241905152,15078322642944,15083913822208,5244428288,-1,-1,-1
6398,2,1600,10,16,16,254908.483101,255009.548183,87.386135,0x4051ce,1,12257742,5885172,6372570,20,100.000000,1,1,101.123088,1.200000,0.800000,monitor,14,7ffe,1,1,57131008,55418880,-720896,15078322462720,15083916165120,5174501376,15078322913280,15083916255232,5171347456,-1,-1,-1
6398,2,1600,11,16,16,254908.453184,255009.553490,85.516839,0x4051ce,1,12183330,5998263,6185067,54,100.000000,1,1,101.123088,1.200000,0.800000,monitor,14,7ffe,1,1,57040896,55418880,-720896,15078322372608,15083916255232,5060149248,15078322462720,15083916255232,5057265664,-1,-1,-1
6398,2,1600,12,16,16,254908.477879,255009.040597,51.636848,0x4051ce,1,7373662,3117290,4256372,56,100.000000,1,1,101.123088,1.200000,0.800000,monitor,1,1,1,1,25321472,24420352,202481664,6604919799808,6608708288512,3266289664,6604919889920,6608708468736,3265208320,-1,-1,-1
6398,2,1600,13,16,16,254908.470365,255009.003973,54.326635,0x4051ce,1,8167220,4016925,4150295,58,100.000000,1,1,101.123088,1.200000,0.800000,monitor,1,1,1,1,25411584,24330240,201940992,6604919799808,6608707117056,3420381184,6604919889920,6608707477504,3417137152,-1,-1,-1
6398,2,1600,14,16,16,254908.513530,255009.051641,59.990702,0x4051ce,1,8039576,4769798,3269778,60,100.000000,1,1,101.123088,1.200000,0.800000,monitor,1,1,1,1,25501696,24330240,191217664,6604920160256,6608708558848,3668819968,6604920430592,6608708739072,3661701120,-1,-1,-1
6398,2,1600,15,16,16,254908.489754,255009.094469,57.345771,0x4051ce,1,7198503,4183384,3015119,62,100.000000,1,1,101.123088,1.200000,0.800000,monitor,1,1,1,1,25501696,24240128,195362816,6604919889920,6608709009408,3552665600,6604919980032,6608709009408,3545006080,-1,-1,-1
6399,3,1600,0,16,16,255009.773410,255009.881292,0.107882,0x405218,1,5363,3063,2300,32,100.000000,1,1,0.526082,1.200000,0.800000,monitor,1,1,1,1,21987328,23609344,1622016,6608710451200,6608714866688,4415488,6608710451200,6608714866688,4415488,-1,-1,-1
6399,3,1600,1,16,16,255009.799302,255009.920062,0.120760,0x405218,1,5146,2705,2441,2,100.000000,1,1,0.526082,1.200000,0.800000,monitor,1,1,1,1,21626880,23429120,1802240,6608710721536,6608715046912,4325376,6608711081984,6608715046912,3964928,-1,-1,-1
6399,3,1600,2,16,16,255009.782090,255009.899925,0.117835,0x405218,1,5737,3690,2047,36,100.000000,1,1,0.526082,1.200000,0.800000,monitor,1,1,1,1,21987328,23519232,1531904,6608710451200,6608715046912,4595712,6608710451200,6608715046912,4595712,-1,-1,-1
6399,3,1600,3,16,16,255010.074702,255010.183315,0.108613,0x405218,1,4492,2306,2186,38,100.000000,1,1,0.526082,1.200000,0.800000,monitor,1,1,1,1,23068672,21897216,-1171456,6608715046912,6608716668928,1622016,6608715046912,6608716668928,1622016,-1,-1,-1
6399,3,1600,4,16,16,255009.804244,255009.969690,0.165446,0x405218,1,9516,5066,4450,40,100.000000,1,1,0.526082,1.200000,0.800000,monitor,14,7ffe,1,1,59113472,57942016,-1171456,15083916705792,15083921391616,4685824,15083916795904,15083921391616,4595712,-1,-1,-1
6399,3,1600,5,16,16,255010.101075,255010.271554,0.170479,0x405218,1,10670,5102,5568,42,100.000000,1,1,0.526082,1.200000,0.800000,monitor,14,7ffe,1,1,57942016,59924480,1982464,15083921391616,15083931844608,10452992,15083921391616,15083931934720,10543104,-1,-1,-1
6399,3,1600,6,16,16,255010.098404,255010.299492,0.201088,0x405218,1,8552,5033,3519,44,100.000000,1,1,0.526082,1.200000,0.800000,monitor,14,7ffe,1,1,58032128,59924480,1892352,15083921391616,15083931934720,10543104,15083921391616,15083931934720,10543104,-1,-1,-1
6399,3,1600,7,16,16,255010.091867,255010.258991,0.167124,0x405218,1,9637,5335,4302,46,100.000000,1,1,0.526082,1.200000,0.800000,monitor,14,7ffe,1,1,57942016,59924480,1982464,15083921391616,15083931664384,10272768,15083921391616,15083931754496,10362880,-1,-1,-1
6399,3,1600,8,16,16,255010.115432,255010.280620,0.165188,0x405218,1,9637,5308,4329,48,100.000000,1,1,0.526082,1.200000,0.800000,monitor,14,7ffe,1,1,57942016,59924480,1982464,15083921752064,15083931934720,10182656,15083922202624,15083931934720,9732096,-1,-1,-1
6399,3,1600,9,16,16,255010.105812,255010.244652,0.138840,0x405218,1,9622,4566,5056,50,100.000000,1,1,0.526082,1.200000,0.800000,monitor,14,7ffe,1,1,58032128,59654144,1622016,15083921391616,15083931303936,9912320,15083921481728,15083931394048,9912320,-1,-1,-1
6399,3,1600,10,16,16,255009.830307,255009.966163,0.135856,0x405218,1,10313,4022,6291,20,100.000000,1,1,0.526082,1.200000,0.800000,monitor,14,7ffe,1,1,57942016,57942016,0,15083917606912,15083921391616,3784704,15083918147584,15083921391616,3244032,-1,-1,-1
6399,3,1600,11,16,16,255009.784708,255009.921156,0.136448,0x405218,1,9605,3723,5882,54,100.000000,1,1,0.526082,1.200000,0.800000,monitor,14,7ffe,1,1,57851904,57581568,-270336,15083916615680,15083921031168,4415488,15083916615680,15083921211392,4595712,-1,-1,-1
6399,3,1600,12,16,16,255009.775708,255009.889707,0.113999,0x405218,1,5356,2567,2789,56,100.000000,1,1,0.526082,1.200000,0.800000,monitor,1,1,1,1,21987328,23609344,1622016,6608710451200,6608714956800,4505600,6608710451200,6608715046912,4595712,-1,-1,-1
6399,3,1600,13,16,16,255009.797390,255009.914264,0.116874,0x405218,1,6285,4149,2136,58,100.000000,1,1,0.526082,1.200000,0.800000,monitor,1,1,1,1,21626880,23429120,1802240,6608710631424,6608715046912,4415488,6608710721536,6608715046912,4325376,-1,-1,-1
6399,3,1600,14,16,16,255010.118322,255010.233959,0.115637,0x405218,1,5595,4013,1582,60,100.000000,1,1,0.526082,1.200000,0.800000,monitor,1,1,1,1,22978560,21356544,-1622016,6608715587584,6608716759040,1171456,6608715767808,6608716759040,991232,-1,-1,-1
6399,3,1600,15,16,16,255009.779952,255009.913292,0.133340,0x405218,1,5089,3825,1264,62,100.000000,1,1,0.526082,1.200000,0.800000,monitor,1,1,1,1,21987328,23429120,1441792,6608710451200,6608715046912,4595712,6608710451200,6608715046912,4595712,-1,-1,-1
6400,4,1600,0,16,16,255010.612884,255010.642683,0.029799,0x4052e4,1,2020,1072,948,32,100.000000,1,1,0.793762,1.200000,0.800000,monitor,1,1,1,1,21446656,20996096,-450560,6608720363520,6608720543744,180224,6608720453632,6608720543744,90112,-1,-1,-1
6400,4,1600,1,16,16,255010.572805,255010.593143,0.020338,0x4052e4,1,138,80,58,2,100.000000,1,1,0.793762,1.200000,0.800000,monitor,1,1,1,1,22618112,21446656,-1171456,6608720183296,6608720543744,360448,6608720363520,6608720543744,180224,-1,-1,-1
6400,4,1600,2,16,16,255010.582573,255010.603193,0.020620,0x4052e4,1,334,280,54,36,100.000000,1,1,0.793762,1.200000,0.800000,monitor,1,1,1,1,21987328,20996096,-991232,6608720273408,6608720543744,270336,6608720363520,6608720543744,180224,-1,-1,-1
6400,4,1600,3,16,16,255010.570006,255010.590354,0.020348,0x4052e4,1,96,64,32,38,100.000000,1,1,0.793762,1.200000,0.800000,monitor,1,1,1,1,22618112,21536768,-1081344,6608720093184,6608720543744,450560,6608720363520,6608720543744,180224,-1,-1,-1
6400,4,1600,4,16,16,255010.591573,255010.614970,0.023397,0x4052e4,1,268,186,82,40,100.000000,1,1,0.793762,1.200000,0.800000,monitor,14,7ffe,1,1,61186048,62357504,1171456,15083934007296,15083934277632,270336,15083934007296,15083934277632,270336,-1,-1,-1
6400,4,1600,5,16,16,255010.896208,255010.921760,0.025552,0x4052e4,1,967,430,537,42,100.000000,1,1,0.793762,1.200000,0.800000,monitor,14,7ffe,1,1,61997056,61997056,0,15083934277632,15083934277632,0,15083934277632,15083934277632,0,-1,-1,-1
6400,4,1600,6,16,16,255010.649485,255010.679128,0.029643,0x4052e4,1,2633,236,2397,44,100.000000,1,1,0.793762,1.200000,0.800000,monitor,14,7ffe,1,1,62087168,61997056,-90112,15083934277632,15083934277632,0,15083934277632,15083934277632,0,-1,-1,-1
6400,4,1600,7,16,16,255010.628443,255010.660669,0.032226,0x4052e4,1,2645,153,2492,46,100.000000,1,1,0.793762,1.200000,0.800000,monitor,14,7ffe,1,1,61636608,61997056,360448,15083934277632,15083934277632,0,15083934277632,15083934277632,0,-1,-1,-1
6400,4,1600,8,16,16,255011.180579,255011.207224,0.026645,0x4052e4,1,3149,380,2769,48,100.000000,1,1,0.793762,1.200000,0.800000,monitor,14,7ffe,1,1,61456384,61456384,0,15083934367744,15083934457856,90112,15083934367744,15083934457856,90112,-1,-1,-1
6400,4,1600,9,16,16,255011.045896,255011.072430,0.026534,0x4052e4,1,3244,331,2913,50,100.000000,1,1,0.793762,1.200000,0.800000,monitor,14,7ffe,1,1,61726720,61546496,-180224,15083934277632,15083934277632,0,15083934277632,15083934277632,0,-1,-1,-1
6400,4,1600,10,16,16,255010.913859,255010.942608,0.028749,0x4052e4,1,3242,492,2750,20,100.000000,1,1,0.793762,1.200000,0.800000,monitor,14,7ffe,1,1,61997056,61816832,-180224,15083934277632,15083934277632,0,15083934277632,15083934277632,0,-1,-1,-1
6400,4,1600,11,16,16,255011.331826,255011.359567,0.027741,0x4052e4,1,3296,365,2931,54,100.000000,1,1,0.793762,1.200000,0.800000,monitor,14,7ffe,1,1,61456384,61276160,-180224,15083934457856,15083934547968,90112,15083934457856,15083934547968,90112,-1,-1,-1
6400,4,1600,12,16,16,255010.565805,255010.586901,0.021096,0x4052e4,1,30,11,19,56,100.000000,1,1,0.793762,1.200000,0.800000,monitor,1,1,1,1,22528000,21536768,-991232,6608720093184,6608720543744,450560,6608720273408,6608720543744,270336,-1,-1,-1
6400,4,1600,13,16,16,255011.168046,255011.188030,0.019984,0x4052e4,1,311,278,33,58,100.000000,1,1,0.793762,1.200000,0.800000,monitor,1,1,1,1,20996096,20996096,0,6608720543744,6608720633856,90112,6608720543744,6608720633856,90112,-1,-1,-1
6400,4,1600,14,16,16,255010.606921,255010.636463,0.029542,0x4052e4,1,2407,176,2231,60,100.000000,1,1,0.793762,1.200000,0.800000,monitor,1,1,1,1,21446656,20996096,-450560,6608720363520,6608720543744,180224,6608720363520,6608720543744,180224,-1,-1,-1
6400,4,1600,15,16,16,255010.579135,255010.601873,0.022738,0x4052e4,1,102,50,52,62,100.000000,1,1,0.793762,1.200000,0.800000,monitor,1,1,1,1,22528000,20996096,-1531904,6608720183296,6608720543744,360448,6608720363520,6608720543744,180224,-1,-1,-1
6401,5,1600,0,16,16,255011.514707,255011.534898,0.020191,0x40533c,1,44,0,44,32,100.000000,1,1,0.541835,1.200000,0.800000,monitor,1,1,1,1,22888448,22888448,0,6608720904192,6608720904192,0,6608720904192,6608720904192,0,-1,-1,-1
6401,5,1600,1,16,16,255011.818490,255011.837280,0.018790,0x40533c,1,22,4,18,2,100.000000,1,1,0.541835,1.200000,0.800000,monitor,1,1,1,1,22888448,22888448,0,6608720994304,6608721084416,90112,6608721084416,6608721084416,0,-1,-1,-1
6401,5,1600,2,16,16,255011.493904,255011.513894,0.019990,0x40533c,1,33,7,26,36,100.000000,1,1,0.541835,1.200000,0.800000,monitor,1,1,1,1,22347776,22888448,540672,6608720904192,6608720904192,0,6608720904192,6608720904192,0,-1,-1,-1
6401,5,1600,3,16,16,255011.520111,255011.540112,0.020001,0x40533c,1,48,10,38,38,100.000000,1,1,0.541835,1.200000,0.800000,monitor,1,1,1,1,22888448,22888448,0,6608720904192,6608720904192,0,6608720904192,6608720994304,90112,-1,-1,-1
6401,5,1600,4,16,16,255011.519306,255011.544524,0.025218,0x40533c,1,374,219,155,40,100.000000,1,1,0.541835,1.200000,0.800000,monitor,14,7ffe,1,1,60284928,60284928,0,15083935178752,15083935358976,180224,15083935268864,15083935358976,90112,-1,-1,-1
6401,5,1600,5,16,16,255011.530649,255011.556888,0.026239,0x40533c,1,270,112,158,42,100.000000,1,1,0.541835,1.200000,0.800000,monitor,14,7ffe,1,1,60284928,60284928,0,15083935268864,15083935358976,90112,15083935268864,15083935358976,90112,-1,-1,-1
6401,5,1600,6,16,16,255011.503002,255011.529283,0.026281,0x40533c,1,172,57,115,44,100.000000,1,1,0.541835,1.200000,0.800000,monitor,14,7ffe,1,1,60375040,60375040,0,15083935178752,15083935358976,180224,15083935178752,15083935358976,180224,-1,-1,-1
6401,5,1600,7,16,16,255011.819598,255011.846754,0.027156,0x40533c,1,2566,286,2280,46,100.000000,1,1,0.541835,1.200000,0.800000,monitor,14,7ffe,1,1,60104704,59924480,-180224,15083935449088,15083935539200,90112,15083935449088,15083935539200,90112,-1,-1,-1
6401,5,1600,8,16,16,255011.543742,255011.571046,0.027304,0x40533c,1,840,151,689,48,100.000000,1,1,0.541835,1.200000,0.800000,monitor,14,7ffe,1,1,60375040,60284928,-90112,15083935268864,15083935358976,90112,15083935268864,15083935358976,90112,-1,-1,-1
6401,5,1600,9,16,16,255011.818084,255011.842766,0.024682,0x40533c,1,914,111,803,50,100.000000,1,1,0.541835,1.200000,0.800000,monitor,14,7ffe,1,1,60104704,60014592,-90112,15083935449088,15083935539200,90112,15083935449088,15083935539200,90112,-1,-1,-1
6401,5,1600,10,16,16,255011.805683,255011.831232,0.025549,0x40533c,1,969,194,775,20,100.000000,1,1,0.541835,1.200000,0.800000,monitor,14,7ffe,1,1,60194816,60194816,0,15083935449088,15083935449088,0,15083935449088,15083935539200,90112,-1,-1,-1
6401,5,1600,11,16,16,255011.507134,255011.534556,0.027422,0x40533c,1,862,180,682,54,100.000000,1,1,0.541835,1.200000,0.800000,monitor,14,7ffe,1,1,60375040,60375040,0,15083935178752,15083935358976,180224,15083935178752,15083935358976,180224,-1,-1,-1
6401,5,1600,12,16,16,255011.481791,255011.502391,0.020600,0x40533c,1,33,6,27,56,100.000000,1,1,0.541835,1.200000,0.800000,monitor,1,1,1,1,21897216,22888448,991232,6608720904192,6608720904192,0,6608720904192,6608720904192,0,-1,-1,-1
6401,5,1600,13,16,16,255011.554774,255011.580498,0.025724,0x40533c,1,1316,7,1309,58,100.000000,1,1,0.541835,1.200000,0.800000,monitor,1,1,1,1,22888448,22888448,0,6608720904192,6608720994304,90112,6608720904192,6608720994304,90112,-1,-1,-1
6401,5,1600,14,16,16,255012.001429,255012.023626,0.022197,0x40533c,1,1630,99,1531,60,100.000000,1,1,0.541835,1.200000,0.800000,monitor,1,1,1,1,22708224,22618112,-90112,6608721084416,6608721084416,0,6608721084416,6608721084416,0,-1,-1,-1
6401,5,1600,15,16,16,255011.983639,255012.005817,0.022178,0x40533c,1,1623,185,1438,62,100.000000,1,1,0.541835,1.200000,0.800000,monitor,1,1,1,1,22798336,22708224,-90112,6608721084416,6608721084416,0,6608721084416,6608721084416,0,-1,-1,-1
6798,2,1700,0,16,16,264887.754860,264984.260968,57.275340,0x4051ce,1,6885719,4828017,2057702,32,100.000000,1,1,96.994856,1.200000,0.800000,monitor,1,1,1,1,25591808,25321472,189145088,6995400056832,6999186653184,3565010944,6995400146944,6999186653184,3559153664,-1,-1,-1
6798,2,1700,1,16,16,264887.908180,264984.221209,61.501357,0x4051ce,1,7573887,6114061,1459826,34,100.000000,1,1,96.994856,1.200000,0.800000,monitor,1,1,1,1,25862144,25321472,173285376,6995406635008,6999185661952,3714236416,6995407896576,6999185752064,3707478016,-1,-1,-1
6798,2,1700,2,16,16,264887.761963,264984.259305,62.091421,0x4051ce,1,7818789,6386540,1432249,4,100.000000,1,1,96.994856,1.200000,0.800000,monitor,1,1,1,1,25591808,25231360,166526976,6995400056832,6999186653184,3740549120,6995400146944,6999186653184,3728744448,-1,-1,-1
6798,2,1700,3,16,16,264887.752740,264984.281384,63.633120,0x4051ce,1,7769657,7090268,679389,38,100.000000,1,1,96.994856,1.200000,0.800000,monitor,1,1,1,1,25591808,25231360,167518208,6995400056832,6999186653184,3750551552,6995400146944,6999186653184,3741630464,-1,-1,-1
6798,2,1700,4,16,16,264887.738342,264984.704344,91.723337,0x4051ce,1,11635869,8863793,2772076,40,100.000000,1,1,96.994856,1.200000,0.800000,monitor,14,7ffe,1,1,55508992,53256192,-90112,15628025937920,15633366245376,5333819392,15628025937920,15633366245376,5326970880,-1,-1,-1
6798,2,1700,5,16,16,264887.728016,264984.722872,91.054545,0x4051ce,1,11741923,8479214,3262709,42,100.000000,1,1,96.994856,1.200000,0.800000,monitor,14,7ffe,1,1,55418880,53346304,90112,15628025937920,15633366245376,5325709312,15628025937920,15633366245376,5315796992,-1,-1,-1
6798,2,1700,6,16,16,264887.919847,264984.668230,88.467281,0x4051ce,1,10388394,7404525,2983869,44,100.000000,1,1,96.994856,1.200000,0.800000,monitor,14,7ffe,1,1,55418880,52535296,-630784,15628034768896,15633365254144,5233795072,15628035219456,15633365614592,5229109248,-1,-1,-1
6798,2,1700,7,16,16,264887.764464,264984.668265,91.534913,0x4051ce,1,11705311,8496315,3208996,46,100.000000,1,1,96.994856,1.200000,0.800000,monitor,14,7ffe,1,1,55508992,52535296,-450560,15628025937920,15633364983808,5330034688,15628026568704,15633365344256,5320122368,-1,-1,-1
6798,2,1700,8,16,16,264887.747937,264984.709575,90.199093,0x4051ce,1,11734620,8465315,3269305,48,100.000000,1,1,96.994856,1.200000,0.800000,monitor,14,7ffe,1,1,55508992,53346304,360448,15628025937920,15633366245376,5299036160,15628025937920,15633366245376,5292367872,-1,-1,-1
6798,2,1700,9,16,16,264887.915375,264984.688212,85.388294,0x4051ce,1,11127074,6538081,4588993,50,100.000000,1,1,96.994856,1.200000,0.800000,monitor,14,7ffe,1,1,55418880,53075968,-180224,15628034408448,15633365975040,5017255936,15628035219456,15633366155264,5019508736,-1,-1,-1
6798,2,1700,10,16,16,264887.930115,264984.689676,82.543002,0x4051ce,1,11940413,5566862,6373551,52,100.000000,1,1,96.994856,1.200000,0.800000,monitor,14,7ffe,1,1,55238656,53075968,-180224,15628035489792,15633366065152,4859289600,15628035579904,15633366245376,4857036800,-1,-1,-1
6798,2,1700,11,16,16,264887.738061,264984.682740,81.563970,0x4051ce,1,11777429,5615046,6162383,54,100.000000,1,1,96.994856,1.200000,0.800000,monitor,14,7ffe,1,1,55508992,53075968,-360448,15628025937920,15633365884928,4794228736,15628025937920,15633365975040,4795670528,-1,-1,-1
6798,2,1700,12,16,16,264887.766466,264984.267606,50.269198,0x4051ce,1,7239335,2959534,4279801,56,100.000000,1,1,96.994856,1.200000,0.800000,monitor,1,1,1,1,25681920,25321472,195362816,6995400146944,6999186653184,3227271168,6995400146944,6999186653184,3224657920,-1,-1,-1
6798,2,1700,13,16,16,264887.927141,264984.215176,52.489992,0x4051ce,1,7299088,3380925,3918163,58,100.000000,1,1,96.994856,1.200000,0.800000,monitor,1,1,1,1,25952256,25321472,195723264,6995408437248,6999185661952,3354779648,6995408977920,6999185752064,3349372928,-1,-1,-1
6798,2,1700,14,16,16,264887.770383,264984.269200,59.244982,0x4051ce,1,8040446,4732701,3307745,60,100.000000,1,1,96.994856,1.200000,0.800000,monitor,1,1,1,1,25681920,25321472,182747136,6995400146944,6999186653184,3644669952,6995400237056,6999186653184,3637280768,-1,-1,-1
6798,2,1700,15,16,16,264887.755283,264984.274673,56.223291,0x4051ce,1,7090472,4096304,2994168,62,100.000000,1,1,96.994856,1.200000,0.800000,monitor,1,1,1,1,25591808,25321472,191668224,6995400056832,6999186653184,3514998784,6995400146944,6999186653184,3511033856,-1,-1,-1
6799,3,1700,0,16,16,264984.905025,264985.013250,0.108225,0x405218,1,5191,2840,2351,32,100.000000,1,1,1.244540,1.200000,0.800000,monitor,1,1,1,1,24059904,24961024,901120,6999187914752,6999192059904,4145152,6999188004864,6999192150016,4145152,-1,-1,-1
6799,3,1700,1,16,16,264984.989156,264985.129935,0.140779,0x405218,1,5576,3406,2170,34,100.000000,1,1,1.244540,1.200000,0.800000,monitor,1,1,1,1,24420352,24600576,180224,6999189807104,6999194222592,4415488,6999189987328,6999194222592,4235264,-1,-1,-1
6799,3,1700,2,16,16,264984.992034,264985.111811,0.119777,0x405218,1,5614,3742,1872,4,100.000000,1,1,1.244540,1.200000,0.800000,monitor,1,1,1,1,24420352,24600576,180224,6999189897216,6999194222592,4325376,6999189987328,6999194222592,4235264,-1,-1,-1
6799,3,1700,3,16,16,264985.582553,264985.688036,0.105483,0x405218,1,4530,2317,2213,38,100.000000,1,1,1.244540,1.200000,0.800000,monitor,1,1,1,1,22978560,23879680,901120,6999194492928,6999196295168,1802240,6999194492928,6999196295168,1802240,-1,-1,-1
6799,3,1700,4,16,16,264985.250450,264985.418114,0.167664,0x405218,1,10397,4768,5629,40,100.000000,1,1,1.244540,1.200000,0.800000,monitor,14,7ffe,1,1,56590336,57851904,1261568,15633375436800,15633377599488,2162688,15633375436800,15633377599488,2162688,-1,-1,-1
6799,3,1700,5,16,16,264984.997916,264985.160542,0.162626,0x405218,1,9493,4953,4540,42,100.000000,1,1,1.244540,1.200000,0.800000,monitor,14,7ffe,1,1,56680448,56680448,0,15633369038848,15633375436800,6397952,15633369309184,15633375436800,6127616,-1,-1,-1
6799,3,1700,6,16,16,264984.980503,264985.178848,0.198345,0x405218,1,8373,4751,3622,44,100.000000,1,1,1.244540,1.200000,0.800000,monitor,14,7ffe,1,1,56590336,56500224,-90112,15633368137728,15633375436800,7299072,15633368317952,15633375436800,7118848,-1,-1,-1
6799,3,1700,7,16,16,264985.988921,264986.146687,0.157766,0x405218,1,10488,4790,5698,46,100.000000,1,1,1.244540,1.200000,0.800000,monitor,14,7ffe,1,1,56590336,56950784,360448,15633379491840,15633381203968,1712128,15633379491840,15633381203968,1712128,-1,-1,-1
6799,3,1700,8,16,16,264984.949723,264985.110179,0.160456,0x405218,1,9460,4886,4574,48,100.000000,1,1,1.244540,1.200000,0.800000,monitor,14,7ffe,1,1,56770560,55959552,-811008,15633366876160,15633374715904,7839744,15633367146496,15633374806016,7659520,-1,-1,-1
6799,3,1700,9,16,16,264985.797014,264985.937058,0.140044,0x405218,1,10264,3939,6325,50,100.000000,1,1,1.244540,1.200000,0.800000,monitor,14,7ffe,1,1,56590336,56680448,90112,15633377959936,15633379491840,1531904,15633377959936,15633379491840,1531904,-1,-1,-1
6799,3,1700,10,16,16,264985.599853,264985.741474,0.141621,0x405218,1,10376,4035,6341,52,100.000000,1,1,1.244540,1.200000,0.800000,monitor,14,7ffe,1,1,57761792,56680448,-1081344,15633377599488,15633377959936,360448,15633377599488,15633377959936,360448,-1,-1,-1
6799,3,1700,11,16,16,264984.984310,264985.153291,0.168981,0x405218,1,9277,3066,6211,54,100.000000,1,1,1.244540,1.200000,0.800000,monitor,14,7ffe,1,1,56500224,56410112,-90112,15633368227840,15633375346688,7118848,15633368317952,15633375436800,7118848,-1,-1,-1
6799,3,1700,12,16,16,264984.945067,264985.075978,0.130911,0x405218,1,7886,2847,5039,56,100.000000,1,1,1.244540,1.200000,0.800000,monitor,1,1,1,1,23339008,24600576,1261568,6999188725760,6999193681920,4956160,6999188996096,6999193952256,4956160,-1,-1,-1
6799,3,1700,13,16,16,264984.902147,264985.052227,0.150080,0x405218,1,6034,4236,1798,58,100.000000,1,1,1.244540,1.200000,0.800000,monitor,1,1,1,1,24059904,24510464,450560,6999187824640,6999193231360,5406720,6999188004864,6999193231360,5226496,-1,-1,-1
6799,3,1700,14,16,16,264984.961849,264985.090823,0.128974,0x405218,1,5654,5061,593,60,100.000000,1,1,1.244540,1.200000,0.800000,monitor,1,1,1,1,23519232,24690688,1171456,6999189176320,6999194042368,4866048,6999189356544,6999194042368,4685824,-1,-1,-1
6799,3,1700,15,16,16,264985.457055,264985.569749,0.112694,0x405218,1,7840,2859,4981,62,100.000000,1,1,1.244540,1.200000,0.800000,monitor,1,1,1,1,23339008,23068672,-270336,6999194402816,6999194853376,450560,6999194402816,6999194943488,540672,-1,-1,-1
6800,4,1700,0,16,16,264986.544546,264986.573776,0.029230,0x4052e4,1,2069,972,1097,32,100.000000,1,1,0.159823,1.200000,0.800000,monitor,1,1,1,1,23879680,24240128,360448,6999199088640,6999199178752,90112,6999199088640,6999199178752,90112,-1,-1,-1
6800,4,1700,1,16,16,264986.463705,264986.489323,0.025618,0x4052e4,1,2425,118,2307,34,100.000000,1,1,0.159823,1.200000,0.800000,monitor,1,1,1,1,23969792,24240128,270336,6999199088640,6999199178752,90112,6999199088640,6999199178752,90112,-1,-1,-1
6800,4,1700,2,16,16,264986.431104,264986.451678,0.020574,0x4052e4,1,255,192,63,4,100.000000,1,1,0.159823,1.200000,0.800000,monitor,1,1,1,1,24059904,24059904,0,6999198908416,6999199088640,180224,6999198998528,6999199178752,180224,-1,-1,-1
6800,4,1700,3,16,16,264986.536717,264986.557182,0.020465,0x4052e4,1,93,57,36,38,100.000000,1,1,0.159823,1.200000,0.800000,monitor,1,1,1,1,24150016,24240128,90112,6999199088640,6999199178752,90112,6999199088640,6999199178752,90112,-1,-1,-1
6800,4,1700,4,16,16,264986.521556,264986.548243,0.026687,0x4052e4,1,978,379,599,40,100.000000,1,1,0.159823,1.200000,0.800000,monitor,14,7ffe,1,1,56320000,56229888,-90112,15633381564416,15633381744640,180224,15633381654528,15633381744640,90112,-1,-1,-1
6800,4,1700,5,16,16,264986.419953,264986.443482,0.023529,0x4052e4,1,314,217,97,42,100.000000,1,1,0.159823,1.200000,0.800000,monitor,14,7ffe,1,1,56320000,56229888,-90112,15633381474304,15633381564416,90112,15633381474304,15633381654528,180224,-1,-1,-1
6800,4,1700,6,16,16,264986.473197,264986.498115,0.024918,0x4052e4,1,168,116,52,44,100.000000,1,1,0.159823,1.200000,0.800000,monitor,14,7ffe,1,1,56229888,56229888,0,15633381474304,15633381744640,270336,15633381474304,15633381744640,270336,-1,-1,-1
6800,4,1700,7,16,16,264986.479760,264986.507288,0.027528,0x4052e4,1,1068,443,625,46,100.000000,1,1,0.159823,1.200000,0.800000,monitor,14,7ffe,1,1,56320000,56139776,-180224,15633381474304,15633381744640,270336,15633381474304,15633381744640,270336,-1,-1,-1
6800,4,1700,8,16,16,264986.413953,264986.437918,0.023965,0x4052e4,1,396,300,96,48,100.000000,1,1,0.159823,1.200000,0.800000,monitor,14,7ffe,1,1,56320000,56229888,-90112,15633381474304,15633381564416,90112,15633381474304,15633381654528,180224,-1,-1,-1
6800,4,1700,9,16,16,264986.427397,264986.453406,0.026009,0x4052e4,1,800,368,432,50,100.000000,1,1,0.159823,1.200000,0.800000,monitor,14,7ffe,1,1,56320000,56229888,-90112,15633381474304,15633381654528,180224,15633381474304,15633381744640,270336,-1,-1,-1
6800,4,1700,10,16,16,264986.476753,264986.505168,0.028415,0x4052e4,1,1152,593,559,52,100.000000,1,1,0.159823,1.200000,0.800000,monitor,14,7ffe,1,1,56320000,56229888,-90112,15633381474304,15633381744640,270336,15633381474304,15633381744640,270336,-1,-1,-1
6800,4,1700,11,16,16,264986.545193,264986.569889,0.024696,0x4052e4,1,199,110,89,54,100.000000,1,1,0.159823,1.200000,0.800000,monitor,14,7ffe,1,1,56229888,56320000,90112,15633381654528,15633381744640,90112,15633381744640,15633381744640,0,-1,-1,-1
6800,4,1700,12,16,16,264986.424815,264986.445525,0.020710,0x4052e4,1,34,5,29,56,100.000000,1,1,0.159823,1.200000,0.800000,monitor,1,1,1,1,24059904,24150016,90112,6999198908416,6999199088640,180224,6999198998528,6999199088640,90112,-1,-1,-1
6800,4,1700,13,16,16,264986.445520,264986.468299,0.022779,0x4052e4,1,84,53,31,58,100.000000,1,1,0.159823,1.200000,0.800000,monitor,1,1,1,1,24059904,24059904,0,6999198998528,6999199088640,90112,6999198998528,6999199178752,180224,-1,-1,-1
6800,4,1700,14,16,16,264986.450303,264986.471645,0.021342,0x4052e4,1,182,130,52,60,100.000000,1,1,0.159823,1.200000,0.800000,monitor,1,1,1,1,24059904,24150016,90112,6999198998528,6999199088640,90112,6999198998528,6999199178752,180224,-1,-1,-1
6800,4,1700,15,16,16,264986.492960,264986.515659,0.022699,0x4052e4,1,1063,311,752,62,100.000000,1,1,0.159823,1.200000,0.800000,monitor,1,1,1,1,23969792,24240128,270336,6999199088640,6999199178752,90112,6999199088640,6999199178752,90112,-1,-1,-1
6801,5,1700,0,16,16,264986.744896,264986.765480,0.020584,0x40533c,1,37,2,35,32,100.000000,1,1,0.311098,1.200000,0.800000,monitor,1,1,1,1,24420352,24240128,-180224,6999199268864,6999199268864,0,6999199268864,6999199268864,0,-1,-1,-1
6801,5,1700,1,16,16,264987.011652,264987.033468,0.021816,0x40533c,1,1597,104,1493,34,100.000000,1,1,0.311098,1.200000,0.800000,monitor,1,1,1,1,24240128,24240128,0,6999199268864,6999199268864,0,6999199268864,6999199268864,0,-1,-1,-1
6801,5,1700,2,16,16,264986.740342,264986.760320,0.019978,0x40533c,1,25,3,22,4,100.000000,1,1,0.311098,1.200000,0.800000,monitor,1,1,1,1,24510464,24330240,-180224,6999199268864,6999199268864,0,6999199268864,6999199268864,0,-1,-1,-1
6801,5,1700,3,16,16,264986.731427,264986.751425,0.019998,0x40533c,1,32,4,28,38,100.000000,1,1,0.311098,1.200000,0.800000,monitor,1,1,1,1,24420352,24330240,-90112,6999199268864,6999199268864,0,6999199268864,6999199268864,0,-1,-1,-1
6801,5,1700,4,16,16,264986.783483,264986.809052,0.025569,0x40533c,1,417,229,188,40,100.000000,1,1,0.311098,1.200000,0.800000,monitor,14,7ffe,1,1,56590336,56500224,-90112,15633382014976,15633382014976,0,15633382014976,15633382014976,0,-1,-1,-1
6801,5,1700,5,16,16,264986.767886,264986.792853,0.024967,0x40533c,1,268,103,165,42,100.000000,1,1,0.311098,1.200000,0.800000,monitor,14,7ffe,1,1,56680448,56500224,-180224,15633382014976,15633382014976,0,15633382014976,15633382014976,0,-1,-1,-1
6801,5,1700,6,16,16,264986.791769,264986.824308,0.032539,0x40533c,1,1579,59,1520,44,100.000000,1,1,0.311098,1.200000,0.800000,monitor,14,7ffe,1,1,56590336,56500224,-90112,15633382014976,15633382014976,0,15633382014976,15633382014976,0,-1,-1,-1
6801,5,1700,7,16,16,264986.753516,264986.780071,0.026555,0x40533c,1,345,93,252,46,100.000000,1,1,0.311098,1.200000,0.800000,monitor,14,7ffe,1,1,56680448,56590336,-90112,15633382014976,15633382014976,0,15633382014976,15633382014976,0,-1,-1,-1
6801,5,1700,8,16,16,264986.870210,264986.895087,0.024877,0x40533c,1,249,102,147,48,100.000000,1,1,0.311098,1.200000,0.800000,monitor,14,7ffe,1,1,56590336,56500224,-90112,15633382014976,15633382014976,0,15633382014976,15633382014976,0,-1,-1,-1
6801,5,1700,9,16,16,264986.856970,264986.882855,0.025885,0x40533c,1,283,80,203,50,100.000000,1,1,0.311098,1.200000,0.800000,monitor,14,7ffe,1,1,56590336,56500224,-90112,15633382014976,15633382014976,0,15633382014976,15633382014976,0,-1,-1,-1
6801,5,1700,10,16,16,264986.722370,264986.749825,0.027455,0x40533c,1,346,110,236,52,100.000000,1,1,0.311098,1.200000,0.800000,monitor,14,7ffe,1,1,56500224,56590336,90112,15633382014976,15633382014976,0,15633382014976,15633382014976,0,-1,-1,-1
6801,5,1700,11,16,16,264986.726230,264986.752191,0.025961,0x40533c,1,94,12,82,54,100.000000,1,1,0.311098,1.200000,0.800000,monitor,14,7ffe,1,1,56590336,56590336,0,15633382014976,15633382014976,0,15633382014976,15633382014976,0,-1,-1,-1
6801,5,1700,12,16,16,264986.727095,264986.747655,0.020560,0x40533c,1,28,1,27,56,100.000000,1,1,0.311098,1.200000,0.800000,monitor,1,1,1,1,24420352,24330240,-90112,6999199268864,6999199268864,0,6999199268864,6999199268864,0,-1,-1,-1
6801,5,1700,13,16,16,264986.768949,264986.789432,0.020483,0x40533c,1,26,4,22,58,100.000000,1,1,0.311098,1.200000,0.800000,monitor,1,1,1,1,24330240,24330240,0,6999199268864,6999199268864,0,6999199268864,6999199268864,0,-1,-1,-1
6801,5,1700,14,16,16,264986.813806,264986.833885,0.020079,0x40533c,1,37,8,29,60,100.000000,1,1,0.311098,1.200000,0.800000,monitor,1,1,1,1,24330240,24240128,-90112,6999199268864,6999199268864,0,6999199268864,6999199268864,0,-1,-1,-1
6801,5,1700,15,16,16,264986.780554,264986.800760,0.020206,0x40533c,1,64,1,63,62,100.000000,1,1,0.311098,1.200000,0.800000,monitor,1,1,1,1,24330240,24330240,0,6999199268864,6999199268864,0,6999199268864,6999199268864,0,-1,-1,-1
7198,2,1800,0,16,16,274583.162023,274676.608267,56.564199,0x4051ce,1,6887433,4824870,2062563,32,100.000000,1,1,94.160706,1.200000,0.800000,monitor,1,1,1,1,28024832,25231360,164995072,7384208195584,7387879448576,3494453248,7384208375808,7387879718912,3487694848,-1,-1,-1
7198,2,1800,1,16,16,274583.322286,274676.676731,60.283117,0x4051ce,1,7440526,5977040,1463486,34,100.000000,1,1,94.160706,1.200000,0.800000,monitor,1,1,1,1,27484160,25591808,162111488,7384215945216,7387882692608,3600605184,7384216395776,7387882872832,3593125888,-1,-1,-1
7198,2,1800,2,16,16,274582.976839,274676.697497,60.449856,0x4051ce,1,7202377,5824549,1377828,36,100.000000,1,1,94.160706,1.200000,0.800000,monitor,1,1,1,1,27754496,25591808,157696000,7384201347072,7387882962944,3625926656,7384201347072,7387882962944,3615293440,-1,-1,-1
7198,2,1800,3,16,16,274583.296633,274676.750700,62.139330,0x4051ce,1,7216626,6577659,638967,38,100.000000,1,1,94.160706,1.200000,0.800000,monitor,1,1,1,1,27934720,25321472,155443200,7384214413312,7387883233280,3636109312,7384214683648,7387883233280,3626377216,-1,-1,-1
7198,2,1800,4,16,16,274582.968676,274677.089002,88.199220,0x4051ce,1,11281892,8578942,2702950,40,100.000000,1,1,94.160706,1.200000,0.800000,monitor,14,7ffe,1,1,53346304,51814400,-90112,16158042734592,16163156410368,5094932480,16158042824704,16163156410368,5091598336,-1,-1,-1
7198,2,1800,5,16,16,274582.988311,274677.125631,88.537746,0x4051ce,1,10564249,7526692,3037557,42,100.000000,1,1,94.160706,1.200000,0.800000,monitor,14,7ffe,1,1,53346304,51904512,90112,16158042824704,16163156410368,5100158976,16158042824704,16163156410368,5089705984,-1,-1,-1
7198,2,1800,6,16,16,274583.305826,274677.002231,83.584821,0x4051ce,1,10830832,7801625,3029207,12,100.000000,1,1,94.160706,1.200000,0.800000,monitor,14,7ffe,1,1,52895744,51183616,-811008,16158059855872,16163151544320,4880465920,16158060756992,16163151904768,4884701184,-1,-1,-1
7198,2,1800,7,16,16,274582.978488,274677.108751,88.334658,0x4051ce,1,10902981,7870625,3032356,46,100.000000,1,1,94.160706,1.200000,0.800000,monitor,14,7ffe,1,1,53346304,51904512,-90112,16158042824704,16163156410368,5094031360,16158042824704,16163156410368,5084119040,-1,-1,-1
7198,2,1800,8,16,16,274582.981270,274677.089377,86.781341,0x4051ce,1,11375523,8209287,3166236,48,100.000000,1,1,94.160706,1.200000,0.800000,monitor,14,7ffe,1,1,53346304,51814400,-90112,16158042734592,16163156410368,5055373312,16158042824704,16163156410368,5052489728,-1,-1,-1
7198,2,1800,9,16,16,274583.144156,274677.037137,81.527802,0x4051ce,1,10560893,6093336,4467557,50,100.000000,1,1,94.160706,1.200000,0.800000,monitor,14,7ffe,1,1,53616640,51724288,-270336,16158051205120,16163154067456,4765392896,16158051745792,16163154608128,4763140096,-1,-1,-1
7198,2,1800,10,16,16,274583.148404,274676.976748,78.794230,0x4051ce,1,11583081,5277165,6305916,52,100.000000,1,1,94.160706,1.200000,0.800000,monitor,14,7ffe,1,1,53796864,51093504,-811008,16158051475456,16163150102528,4613193728,16158051926016,16163150823424,4610310144,-1,-1,-1
7198,2,1800,11,16,16,274582.989617,274676.968022,77.679040,0x4051ce,1,11421577,5324562,6097015,54,100.000000,1,1,94.160706,1.200000,0.800000,monitor,14,7ffe,1,1,53346304,51363840,-540672,16158042824704,16163149201408,4542636032,16158042914816,16163149832192,4546961408,-1,-1,-1
7198,2,1800,12,16,16,274582.964925,274676.682629,49.730184,0x4051ce,1,7238828,2915458,4323370,56,100.000000,1,1,94.160706,1.200000,0.800000,monitor,1,1,1,1,27754496,25591808,170582016,7384201347072,7387882692608,3163471872,7384201347072,7387882872832,3159236608,-1,-1,-1
7198,2,1800,13,16,16,274582.985784,274676.666518,52.190653,0x4051ce,1,8186938,3827616,4359322,58,100.000000,1,1,94.160706,1.200000,0.800000,monitor,1,1,1,1,27754496,25501696,176709632,7384201347072,7387882692608,3295756288,7384201347072,7387882692608,3290439680,-1,-1,-1
7198,2,1800,14,16,16,274583.319293,274676.689438,56.489098,0x4051ce,1,7059805,3979182,3080623,60,100.000000,1,1,94.160706,1.200000,0.800000,monitor,1,1,1,1,27664384,25591808,171393024,7384215494656,7387882962944,3491840000,7384216305664,7387882962944,3479134208,-1,-1,-1
7198,2,1800,15,16,16,274582.984982,274676.642387,55.200451,0x4051ce,1,6905167,3896494,3008673,62,100.000000,1,1,94.160706,1.200000,0.800000,monitor,1,1,1,1,27754496,25411584,174546944,7384201347072,7387881250816,3414614016,7384201347072,7387881521152,3413442560,-1,-1,-1
7199,3,1800,0,16,16,274677.305704,274677.445713,0.140009,0x405218,1,5323,3117,2206,32,100.000000,1,1,1.338219,1.200000,0.800000,monitor,1,1,1,1,24510464,25411584,901120,7387884494848,7387886837760,2342912,7387884494848,7387886837760,2342912,-1,-1,-1
7199,3,1800,1,16,16,274678.156653,274678.276385,0.119732,0x405218,1,8197,3333,4864,34,100.000000,1,1,1.338219,1.200000,0.800000,monitor,1,1,1,1,25051136,25952256,901120,7387888189440,7387890442240,2252800,7387888189440,7387890442240,2252800,-1,-1,-1
7199,3,1800,2,16,16,274677.611056,274677.728842,0.117786,0x405218,1,8229,3619,4610,36,100.000000,1,1,1.338219,1.200000,0.800000,monitor,1,1,1,1,25231360,25591808,360448,7387886927872,7387888189440,1261568,7387886927872,7387888189440,1261568,-1,-1,-1
7199,3,1800,3,16,16,274678.364061,274678.480266,0.116205,0x405218,1,8226,2831,5395,38,100.000000,1,1,1.338219,1.200000,0.800000,monitor,1,1,1,1,25952256,25952256,0,7387890442240,7387892064256,1622016,7387890442240,7387892154368,1712128,-1,-1,-1
7199,3,1800,4,16,16,274677.350550,274677.512772,0.162222,0x405218,1,9205,4414,4791,40,100.000000,1,1,1.338219,1.200000,0.800000,monitor,14,7ffe,1,1,52084736,53526528,1441792,16163156951040,16163165061120,8110080,16163157221376,16163165061120,7839744,-1,-1,-1
7199,3,1800,5,16,16,274677.347619,274677.537065,0.189446,0x405218,1,8428,3780,4648,42,100.000000,1,1,1.338219,1.200000,0.800000,monitor,14,7ffe,1,1,52174848,53436416,1261568,16163156951040,16163165061120,8110080,16163157221376,16163165061120,7839744,-1,-1,-1
7199,3,1800,6,16,16,274678.346078,274678.497658,0.151580,0x405218,1,9089,4501,4588,12,100.000000,1,1,1.338219,1.200000,0.800000,monitor,14,7ffe,1,1,52084736,51814400,-270336,16163168485376,16163169927168,1441792,16163168485376,16163169927168,1441792,-1,-1,-1
7199,3,1800,7,16,16,274677.799160,274677.949490,0.150330,0x405218,1,10271,4657,5614,46,100.000000,1,1,1.338219,1.200000,0.800000,monitor,14,7ffe,1,1,52805632,52985856,180224,16163165151232,16163166683136,1531904,16163165151232,16163166683136,1531904,-1,-1,-1
7199,3,1800,8,16,16,274678.011457,274678.168296,0.156839,0x405218,1,10262,4049,6213,48,100.000000,1,1,1.338219,1.200000,0.800000,monitor,14,7ffe,1,1,53075968,52985856,-90112,16163166683136,16163168395264,1712128,16163166683136,16163168395264,1712128,-1,-1,-1
7199,3,1800,9,16,16,274677.315577,274677.489601,0.174024,0x405218,1,8391,3243,5148,50,100.000000,1,1,1.338219,1.200000,0.800000,monitor,14,7ffe,1,1,52174848,53346304,1171456,16163156590592,16163164971008,8380416,16163156590592,16163165061120,8470528,-1,-1,-1
7199,3,1800,10,16,16,274677.339604,274677.479902,0.140298,0x405218,1,9431,3747,5684,52,100.000000,1,1,1.338219,1.200000,0.800000,monitor,14,7ffe,1,1,52264960,53256192,991232,16163156770816,16163164880896,8110080,16163156951040,16163164880896,7929856,-1,-1,-1
7199,3,1800,11,16,16,274677.335383,274677.475865,0.140482,0x405218,1,9389,3533,5856,54,100.000000,1,1,1.338219,1.200000,0.800000,monitor,14,7ffe,1,1,52264960,53075968,811008,16163156590592,16163164790784,8200192,16163156860928,16163164880896,8019968,-1,-1,-1
7199,3,1800,12,16,16,274678.504156,274678.617168,0.113012,0x405218,1,5288,2638,2650,56,100.000000,1,1,1.338219,1.200000,0.800000,monitor,1,1,1,1,25952256,25862144,-90112,7387892064256,7387892244480,180224,7387892064256,7387892244480,180224,-1,-1,-1
7199,3,1800,13,16,16,274677.313413,274677.441242,0.127829,0x405218,1,6299,3710,2589,58,100.000000,1,1,1.338219,1.200000,0.800000,monitor,1,1,1,1,24600576,25591808,991232,7387884494848,7387886837760,2342912,7387884494848,7387886837760,2342912,-1,-1,-1
7199,3,1800,14,16,16,274678.519808,274678.643923,0.124115,0x405218,1,8313,4603,3710,60,100.000000,1,1,1.338219,1.200000,0.800000,monitor,1,1,1,1,25862144,25862144,0,7387892064256,7387892244480,180224,7387892064256,7387892244480,180224,-1,-1,-1
7199,3,1800,15,16,16,274677.318735,274677.456357,0.137622,0x405218,1,4784,3401,1383,62,100.000000,1,1,1.338219,1.200000,0.800000,monitor,1,1,1,1,24780800,25411584,630784,7387884494848,7387886927872,2433024,7387884584960,7387886927872,2342912,-1,-1,-1
7200,4,1800,0,16,16,274678.899598,274678.928123,0.028525,0x4052e4,1,1984,858,1126,32,100.000000,1,1,0.182579,1.200000,0.800000,monitor,1,1,1,1,27123712,27303936,180224,7387894677504,7387894767616,90112,7387894677504,7387894767616,90112,-1,-1,-1
7200,4,1800,1,16,16,274679.018409,274679.041853,0.023444,0x4052e4,1,845,263,582,34,100.000000,1,1,0.182579,1.200000,0.800000,monitor,1,1,1,1,27213824,27123712,-90112,7387894767616,7387894767616,0,7387894767616,7387894767616,0,-1,-1,-1
7200,4,1800,2,16,16,274678.998494,274679.023401,0.024907,0x4052e4,1,1023,435,588,36,100.000000,1,1,0.182579,1.200000,0.800000,monitor,1,1,1,1,27303936,27033600,-270336,7387894767616,7387894767616,0,7387894767616,7387894767616,0,-1,-1,-1
7200,4,1800,3,16,16,274678.991505,274679.015971,0.024466,0x4052e4,1,690,337,353,38,100.000000,1,1,0.182579,1.200000,0.800000,monitor,1,1,1,1,27303936,27123712,-180224,7387894767616,7387894767616,0,7387894767616,7387894767616,0,-1,-1,-1
7200,4,1800,4,16,16,274678.936009,274678.960468,0.024459,0x4052e4,1,275,198,77,40,100.000000,1,1,0.182579,1.200000,0.800000,monitor,14,7ffe,1,1,51273728,51363840,90112,16163170197504,16163170467840,270336,16163170287616,16163170467840,180224,-1,-1,-1
7200,4,1800,5,16,16,274679.051607,274679.077777,0.026170,0x4052e4,1,153,91,62,42,100.000000,1,1,0.182579,1.200000,0.800000,monitor,14,7ffe,1,1,51363840,51544064,180224,16163170467840,16163170557952,90112,16163170467840,16163170557952,90112,-1,-1,-1
7200,4,1800,6,16,16,274678.922239,274678.945742,0.023503,0x4052e4,1,285,196,89,12,100.000000,1,1,0.182579,1.200000,0.800000,monitor,14,7ffe,1,1,51273728,51363840,90112,16163170197504,16163170467840,270336,16163170197504,16163170467840,270336,-1,-1,-1
7200,4,1800,7,16,16,274679.041164,274679.069662,0.028498,0x4052e4,1,1090,484,606,46,100.000000,1,1,0.182579,1.200000,0.800000,monitor,14,7ffe,1,1,51363840,51544064,180224,16163170467840,16163170467840,0,16163170467840,16163170557952,90112,-1,-1,-1
7200,4,1800,8,16,16,274678.907741,274678.934400,0.026659,0x4052e4,1,920,347,573,48,100.000000,1,1,0.182579,1.200000,0.800000,monitor,14,7ffe,1,1,51363840,51273728,-90112,16163170107392,16163170467840,360448,16163170107392,16163170467840,360448,-1,-1,-1
7200,4,1800,9,16,16,274678.957404,274678.984429,0.027025,0x4052e4,1,212,108,104,50,100.000000,1,1,0.182579,1.200000,0.800000,monitor,14,7ffe,1,1,51183616,51453952,270336,16163170287616,16163170467840,180224,16163170287616,16163170467840,180224,-1,-1,-1
7200,4,1800,10,16,16,274678.902616,274678.927174,0.024558,0x4052e4,1,414,272,142,52,100.000000,1,1,0.182579,1.200000,0.800000,monitor,14,7ffe,1,1,51363840,51183616,-180224,16163170107392,16163170377728,270336,16163170107392,16163170467840,360448,-1,-1,-1
7200,4,1800,11,16,16,274678.916403,274678.939936,0.023533,0x4052e4,1,305,213,92,54,100.000000,1,1,0.182579,1.200000,0.800000,monitor,14,7ffe,1,1,51363840,51273728,-90112,16163170107392,16163170467840,360448,16163170197504,16163170467840,270336,-1,-1,-1
7200,4,1800,12,16,16,274678.977834,274679.005179,0.027345,0x4052e4,1,2418,99,2319,56,100.000000,1,1,0.182579,1.200000,0.800000,monitor,1,1,1,1,27303936,27033600,-270336,7387894677504,7387894767616,90112,7387894677504,7387894767616,90112,-1,-1,-1
7200,4,1800,13,16,16,274678.931662,274678.953422,0.021760,0x4052e4,1,370,292,78,58,100.000000,1,1,0.182579,1.200000,0.800000,monitor,1,1,1,1,27213824,27123712,-90112,7387894677504,7387894767616,90112,7387894677504,7387894767616,90112,-1,-1,-1
7200,4,1800,14,16,16,274679.057961,274679.082177,0.024216,0x4052e4,1,761,324,437,60,100.000000,1,1,0.182579,1.200000,0.800000,monitor,1,1,1,1,27033600,27213824,180224,7387894767616,7387894767616,0,7387894767616,7387894767616,0,-1,-1,-1
7200,4,1800,15,16,16,274678.964545,274678.988263,0.023718,0x4052e4,1,65,31,34,62,100.000000,1,1,0.182579,1.200000,0.800000,monitor,1,1,1,1,27303936,27123712,-180224,7387894677504,7387894767616,90112,7387894767616,7387894767616,0,-1,-1,-1
7201,5,1800,0,16,16,274679.743980,274679.764220,0.020240,0x40533c,1,35,0,35,32,100.000000,1,1,0.711228,1.200000,0.800000,monitor,1,1,1,1,27033600,27033600,0,7387895668736,7387895758848,90112,7387895668736,7387895758848,90112,-1,-1,-1
7201,5,1800,1,16,16,274679.512905,274679.534897,0.021992,0x40533c,1,24,2,22,34,100.000000,1,1,0.711228,1.200000,0.800000,monitor,1,1,1,1,26943488,26943488,0,7387895578624,7387895578624,0,7387895578624,7387895578624,0,-1,-1,-1
7201,5,1800,2,16,16,274679.241804,274679.263765,0.021961,0x40533c,1,86,1,85,36,100.000000,1,1,0.711228,1.200000,0.800000,monitor,1,1,1,1,26673152,26673152,0,7387895218176,7387895218176,0,7387895218176,7387895218176,0,-1,-1,-1
7201,5,1800,3,16,16,274679.227361,274679.249261,0.021900,0x40533c,1,38,2,36,38,100.000000,1,1,0.711228,1.200000,0.800000,monitor,1,1,1,1,27033600,26673152,-360448,7387895128064,7387895218176,90112,7387895218176,7387895218176,0,-1,-1,-1
7201,5,1800,4,16,16,274679.231815,274679.258421,0.026606,0x40533c,1,421,165,256,40,100.000000,1,1,0.711228,1.200000,0.800000,monitor,14,7ffe,1,1,52445184,53166080,720896,16163171098624,16163171098624,0,16163171098624,16163171098624,0,-1,-1,-1
7201,5,1800,5,16,16,274679.281794,274679.313368,0.031574,0x40533c,1,1576,37,1539,42,100.000000,1,1,0.711228,1.200000,0.800000,monitor,14,7ffe,1,1,53166080,53075968,-90112,16163171098624,16163171188736,90112,16163171098624,16163171188736,90112,-1,-1,-1
7201,5,1800,6,16,16,274679.905382,274679.935782,0.030400,0x40533c,1,2534,245,2289,12,100.000000,1,1,0.711228,1.200000,0.800000,monitor,14,7ffe,1,1,53256192,53256192,0,16163171549184,16163171549184,0,16163171549184,16163171549184,0,-1,-1,-1
7201,5,1800,7,16,16,274679.236045,274679.264271,0.028226,0x40533c,1,360,138,222,46,100.000000,1,1,0.711228,1.200000,0.800000,monitor,14,7ffe,1,1,52445184,53166080,720896,16163171098624,16163171098624,0,16163171098624,16163171098624,0,-1,-1,-1
7201,5,1800,8,16,16,274679.224554,274679.252441,0.027887,0x40533c,1,353,119,234,48,100.000000,1,1,0.711228,1.200000,0.800000,monitor,14,7ffe,1,1,51994624,53166080,1171456,16163170828288,16163171098624,270336,16163171098624,16163171098624,0,-1,-1,-1
7201,5,1800,9,16,16,274679.243231,274679.271883,0.028652,0x40533c,1,66,7,59,50,100.000000,1,1,0.711228,1.200000,0.800000,monitor,14,7ffe,1,1,53075968,53075968,0,16163171098624,16163171098624,0,16163171098624,16163171098624,0,-1,-1,-1
7201,5,1800,10,16,16,274679.724480,274679.750629,0.026149,0x40533c,1,310,103,207,52,100.000000,1,1,0.711228,1.200000,0.800000,monitor,14,7ffe,1,1,53436416,53346304,-90112,16163171549184,16163171549184,0,16163171549184,16163171549184,0,-1,-1,-1
7201,5,1800,11,16,16,274679.239179,274679.265806,0.026627,0x40533c,1,300,60,240,54,100.000000,1,1,0.711228,1.200000,0.800000,monitor,14,7ffe,1,1,52535296,53166080,630784,16163171098624,16163171098624,0,16163171098624,16163171098624,0,-1,-1,-1
7201,5,1800,12,16,16,274679.530980,274679.555563,0.024583,0x40533c,1,1606,74,1532,56,100.000000,1,1,0.711228,1.200000,0.800000,monitor,1,1,1,1,26943488,26943488,0,7387895578624,7387895578624,0,7387895578624,7387895578624,0,-1,-1,-1
7201,5,1800,13,16,16,274679.284779,274679.304618,0.019839,0x40533c,1,26,5,21,58,100.000000,1,1,0.711228,1.200000,0.800000,monitor,1,1,1,1,26673152,26673152,0,7387895218176,7387895218176,0,7387895218176,7387895218176,0,-1,-1,-1
7201,5,1800,14,16,16,274679.734261,274679.754544,0.020283,0x40533c,1,139,44,95,60,100.000000,1,1,0.711228,1.200000,0.800000,monitor,1,1,1,1,26943488,27033600,90112,7387895668736,7387895758848,90112,7387895668736,7387895758848,90112,-1,-1,-1
7201,5,1800,15,16,16,274679.745540,274679.767715,0.022175,0x40533c,1,1595,192,1403,62,100.000000,1,1,0.711228,1.200000,0.800000,monitor,1,1,1,1,26943488,27033600,90112,7387895668736,7387895758848,90112,7387895668736,7387895758848,90112,-1,-1,-1
7598,2,1900,0,16,16,283912.318109,284003.814094,56.555046,0x4051ce,1,6905015,4771410,2133605,0,100.000000,1,1,91.937088,1.200000,0.800000,monitor,1,1,1,1,27934720,29016064,160038912,7769689399296,7773428867072,3531579392,7769689579520,7773428867072,3525361664,-1,-1,-1
7598,2,1900,1,16,16,283912.337453,284003.787741,60.670892,0x4051ce,1,7767316,6195005,1572311,34,100.000000,1,1,91.937088,1.200000,0.800000,monitor,1,1,1,1,27934720,29196288,156794880,7769689399296,7773427064832,3674497024,7769689669632,7773427335168,3664855040,-1,-1,-1
7598,2,1900,2,16,16,283912.332538,284003.848458,60.793880,0x4051ce,1,7819669,6309765,1509904,36,100.000000,1,1,91.937088,1.200000,0.800000,monitor,1,1,1,1,27934720,29106176,155262976,7769689399296,7773429497856,3674767360,7769689579520,7773429497856,3670171648,-1,-1,-1
7598,2,1900,3,16,16,283912.343403,284003.899687,62.932664,0x4051ce,1,7772645,7158213,614432,38,100.000000,1,1,91.937088,1.200000,0.800000,monitor,1,1,1,1,27844608,28745728,151207936,7769689489408,7773429768192,3710001152,7769689759744,7773429768192,3697926144,-1,-1,-1
7598,2,1900,4,16,16,283912.303651,284004.223355,86.803638,0x4051ce,1,10002523,7568273,2434250,40,100.000000,1,1,91.937088,1.200000,0.800000,monitor,14,7ffe,1,1,51904512,47489024,811008,16669422837760,16674328174592,4898668544,16669422837760,16674328174592,4891099136,-1,-1,-1
7598,2,1900,5,16,16,283912.359428,284004.153891,84.796177,0x4051ce,1,10947566,7980972,2966594,42,100.000000,1,1,91.937088,1.200000,0.800000,monitor,14,7ffe,1,1,51904512,46948352,-180224,16669423919104,16674327093248,4873437184,16669424279552,16674327453696,4866228224,-1,-1,-1
7598,2,1900,6,16,16,283912.347370,284004.167256,82.517163,0x4051ce,1,9707536,6952164,2755372,44,100.000000,1,1,91.937088,1.200000,0.800000,monitor,14,7ffe,1,1,51904512,47128576,-1261568,16669423108096,16674327543808,4779360256,16669423558656,16674327904256,4775665664,-1,-1,-1
7598,2,1900,7,16,16,283912.297906,284004.222161,85.928058,0x4051ce,1,10118476,7354247,2764229,46,100.000000,1,1,91.937088,1.200000,0.800000,monitor,14,7ffe,1,1,51904512,47489024,-811008,16669422837760,16674328174592,4892631040,16669422837760,16674328174592,4883980288,-1,-1,-1
7598,2,1900,8,16,16,283912.324630,284004.173645,84.754036,0x4051ce,1,10131422,7297069,2834353,48,100.000000,1,1,91.937088,1.200000,0.800000,monitor,14,7ffe,1,1,51904512,47398912,-630784,16669422927872,16674327904256,4865867776,16669423017984,16674327994368,4856766464,-1,-1,-1
7598,2,1900,9,16,16,283912.353453,284004.154649,79.957919,0x4051ce,1,10662635,6240048,4422587,50,100.000000,1,1,91.937088,1.200000,0.800000,monitor,14,7ffe,1,1,51904512,47128576,-1261568,16669423288320,16674327814144,4619231232,16669423919104,16674327904256,4621393920,-1,-1,-1
7598,2,1900,10,16,16,283912.355629,284004.142569,75.871182,0x4051ce,1,11153736,4982885,6170851,52,100.000000,1,1,91.937088,1.200000,0.800000,monitor,14,7ffe,1,1,51904512,46587904,-1802240,16669423468544,16674326462464,4387733504,16669424189440,16674327003136,4390436864,-1,-1,-1
7598,2,1900,11,16,16,283912.313260,284004.151173,74.815441,0x4051ce,1,11012110,5006451,6005659,54,100.000000,1,1,91.937088,1.200000,0.800000,monitor,14,7ffe,1,1,51904512,47128576,-1261568,16669422837760,16674327093248,4331053056,16669423017984,16674327183360,4330872832,-1,-1,-1
7598,2,1900,12,16,16,283912.359054,284003.845109,49.864217,0x4051ce,1,7053134,2782894,4270240,56,100.000000,1,1,91.937088,1.200000,0.800000,monitor,1,1,1,1,28114944,29016064,159498240,7769689849856,7773429497856,3189874688,7769690570752,7773429497856,3182755840,-1,-1,-1
7598,2,1900,13,16,16,283912.342320,284003.811312,52.623357,0x4051ce,1,8177874,3879981,4297893,26,100.000000,1,1,91.937088,1.200000,0.800000,monitor,1,1,1,1,27934720,29196288,170131456,7769689399296,7773428596736,3356401664,7769689579520,7773428867072,3352436736,-1,-1,-1
7598,2,1900,14,16,16,283912.302838,284003.874265,58.130200,0x4051ce,1,8045983,4640555,3405428,60,100.000000,1,1,91.937088,1.200000,0.800000,monitor,1,1,1,1,27844608,28925952,159137792,7769689399296,7773429768192,3586908160,7769689399296,7773429768192,3578437632,-1,-1,-1
7598,2,1900,15,16,16,283912.286267,284003.870435,55.331285,0x4051ce,1,7014748,3951650,3063098,62,100.000000,1,1,91.937088,1.200000,0.800000,monitor,1,1,1,1,27844608,29016064,167157760,7769689399296,7773429768192,3471925248,7769689399296,7773429768192,3467689984,-1,-1,-1
7599,3,1900,0,16,16,284004.419811,284004.536816,0.117005,0x405218,1,5173,3060,2113,0,100.000000,1,1,0.516059,1.200000,0.800000,monitor,1,1,1,1,27574272,28385280,811008,7773431119872,7773434273792,3153920,7773431119872,7773434273792,3153920,-1,-1,-1
7599,3,1900,1,16,16,284004.723535,284004.847417,0.123882,0x405218,1,5938,3458,2480,34,100.000000,1,1,0.516059,1.200000,0.800000,monitor,1,1,1,1,28024832,27484160,-540672,7773434273792,7773438779392,4505600,7773434454016,7773438779392,4325376,-1,-1,-1
7599,3,1900,2,16,16,284004.438870,284004.560473,0.121603,0x405218,1,5223,3054,2169,36,100.000000,1,1,0.516059,1.200000,0.800000,monitor,1,1,1,1,28024832,28295168,270336,7773431209984,7773434273792,3063808,7773431300096,7773434273792,2973696,-1,-1,-1
7599,3,1900,3,16,16,284004.732181,284004.843051,0.110870,0x405218,1,5030,3006,2024,38,100.000000,1,1,0.516059,1.200000,0.800000,monitor,1,1,1,1,28024832,27574272,-450560,7773434454016,7773438779392,4325376,7773434544128,7773438779392,4235264,-1,-1,-1
7599,3,1900,4,16,16,284004.424864,284004.614709,0.189845,0x405218,1,8198,3846,4352,40,100.000000,1,1,0.516059,1.200000,0.800000,monitor,14,7ffe,1,1,47579136,47128576,-450560,16674328444928,16674333761536,5316608,16674328444928,16674333761536,5316608,-1,-1,-1
7599,3,1900,5,16,16,284004.728475,284004.899853,0.171378,0x405218,1,9083,4261,4822,42,100.000000,1,1,0.516059,1.200000,0.800000,monitor,14,7ffe,1,1,47218688,48570368,1351680,16674334121984,16674341511168,7389184,16674334392320,16674341601280,7208960,-1,-1,-1
7599,3,1900,6,16,16,284004.716961,284004.910164,0.193203,0x405218,1,8014,4510,3504,44,100.000000,1,1,0.516059,1.200000,0.800000,monitor,14,7ffe,1,1,47218688,48480256,1261568,16674334031872,16674341691392,7659520,16674334121984,16674341691392,7569408,-1,-1,-1
7599,3,1900,7,16,16,284004.690527,284004.886183,0.195656,0x405218,1,8290,4411,3879,46,100.000000,1,1,0.516059,1.200000,0.800000,monitor,14,7ffe,1,1,47128576,48480256,1351680,16674333761536,16674341330944,7569408,16674333761536,16674341511168,7749632,-1,-1,-1
7599,3,1900,8,16,16,284004.740521,284004.930647,0.190126,0x405218,1,8223,4196,4027,48,100.000000,1,1,0.516059,1.200000,0.800000,monitor,14,7ffe,1,1,47489024,48570368,1081344,16674334662656,16674341691392,7028736,16674334932992,16674341691392,6758400,-1,-1,-1
7599,3,1900,9,16,16,284004.437116,284004.562842,0.125726,0x405218,1,9091,3422,5669,50,100.000000,1,1,0.516059,1.200000,0.800000,monitor,14,7ffe,1,1,47489024,46948352,-540672,16674328444928,16674333401088,4956160,16674328444928,16674333581312,5136384,-1,-1,-1
7599,3,1900,10,16,16,284004.447331,284004.569407,0.122076,0x405218,1,9205,3401,5804,52,100.000000,1,1,0.516059,1.200000,0.800000,monitor,14,7ffe,1,1,47579136,46948352,-630784,16674328535040,16674333491200,4956160,16674328715264,16674333581312,4866048,-1,-1,-1
7599,3,1900,11,16,16,284004.414588,284004.540367,0.125779,0x405218,1,9284,3120,6164,54,100.000000,1,1,0.516059,1.200000,0.800000,monitor,14,7ffe,1,1,47669248,46858240,-811008,16674328444928,16674333310976,4866048,16674328444928,16674333401088,4956160,-1,-1,-1
7599,3,1900,12,16,16,284004.708297,284004.826041,0.117744,0x405218,1,5266,2327,2939,56,100.000000,1,1,0.516059,1.200000,0.800000,monitor,1,1,1,1,28114944,27574272,-540672,7773434273792,7773438779392,4505600,7773434273792,7773438779392,4505600,-1,-1,-1
7599,3,1900,13,16,16,284004.703551,284004.816610,0.113059,0x405218,1,6194,3282,2912,26,100.000000,1,1,0.516059,1.200000,0.800000,monitor,1,1,1,1,28114944,28114944,0,7773434273792,7773438328832,4055040,7773434273792,7773438779392,4505600,-1,-1,-1
7599,3,1900,14,16,16,284004.707487,284004.838521,0.131034,0x405218,1,8133,3047,5086,60,100.000000,1,1,0.516059,1.200000,0.800000,monitor,1,1,1,1,28024832,27754496,-270336,7773434273792,7773438779392,4505600,7773434273792,7773438779392,4505600,-1,-1,-1
7599,3,1900,15,16,16,284004.422716,284004.552315,0.129599,0x405218,1,5135,3556,1579,62,100.000000,1,1,0.516059,1.200000,0.800000,monitor,1,1,1,1,27754496,28385280,630784,7773431119872,7773434273792,3153920,7773431119872,7773434273792,3153920,-1,-1,-1
7600,4,1900,0,16,16,284006.165575,284006.196166,0.030591,0x4052e4,1,2604,860,1744,0,100.000000,1,1,1.003650,1.200000,0.800000,monitor,1,1,1,1,27934720,27934720,0,7773441482752,7773441482752,0,7773441482752,7773441482752,0,-1,-1,-1
7600,4,1900,1,16,16,284005.197522,284005.219573,0.022051,0x4052e4,1,172,144,28,34,100.000000,1,1,1.003650,1.200000,0.800000,monitor,1,1,1,1,27303936,26853376,-450560,7773440942080,7773441122304,180224,7773440942080,7773441122304,180224,-1,-1,-1
7600,4,1900,2,16,16,284005.315134,284005.338352,0.023218,0x4052e4,1,121,82,39,36,100.000000,1,1,1.003650,1.200000,0.800000,monitor,1,1,1,1,26853376,26853376,0,7773441122304,7773441212416,90112,7773441122304,7773441212416,90112,-1,-1,-1
7600,4,1900,3,16,16,284005.204087,284005.226017,0.021930,0x4052e4,1,124,98,26,38,100.000000,1,1,1.003650,1.200000,0.800000,monitor,1,1,1,1,27303936,26853376,-450560,7773440942080,7773441122304,180224,7773440942080,7773441122304,180224,-1,-1,-1
7600,4,1900,4,16,16,284005.280129,284005.305036,0.024907,0x4052e4,1,142,93,49,40,100.000000,1,1,1.003650,1.200000,0.800000,monitor,14,7ffe,1,1,51093504,50823168,-270336,16674342412288,16674342502400,90112,16674342502400,16674342502400,0,-1,-1,-1
7600,4,1900,5,16,16,284005.280561,284005.311084,0.030523,0x4052e4,1,2623,85,2538,42,100.000000,1,1,1.003650,1.200000,0.800000,monitor,14,7ffe,1,1,51093504,50823168,-270336,16674342412288,16674342502400,90112,16674342502400,16674342592512,90112,-1,-1,-1
7600,4,1900,6,16,16,284005.247606,284005.280969,0.033363,0x4052e4,1,2672,207,2465,44,100.000000,1,1,1.003650,1.200000,0.800000,monitor,14,7ffe,1,1,51093504,50913280,-180224,16674342412288,16674342502400,90112,16674342412288,16674342502400,90112,-1,-1,-1
7600,4,1900,7,16,16,284005.199846,284005.226899,0.027053,0x4052e4,1,148,99,49,46,100.000000,1,1,1.003650,1.200000,0.800000,monitor,14,7ffe,1,1,50102272,51093504,991232,16674342322176,16674342502400,180224,16674342412288,16674342502400,90112,-1,-1,-1
7600,4,1900,8,16,16,284005.538875,284005.569086,0.030211,0x4052e4,1,3113,527,2586,48,100.000000,1,1,1.003650,1.200000,0.800000,monitor,14,7ffe,1,1,51904512,51904512,0,16674343493632,16674343583744,90112,16674343493632,16674343583744,90112,-1,-1,-1
7600,4,1900,9,16,16,284005.301327,284005.324912,0.023585,0x4052e4,1,336,195,141,50,100.000000,1,1,1.003650,1.200000,0.800000,monitor,14,7ffe,1,1,51093504,51273728,180224,16674342502400,16674342772736,270336,16674342502400,16674343043072,540672,-1,-1,-1
7600,4,1900,10,16,16,284005.874586,284005.902300,0.027714,0x4052e4,1,3212,325,2887,52,100.000000,1,1,1.003650,1.200000,0.800000,monitor,14,7ffe,1,1,51994624,51814400,-180224,16674343583744,16674343583744,0,16674343583744,16674343583744,0,-1,-1,-1
7600,4,1900,11,16,16,284006.006527,284006.034255,0.027728,0x4052e4,1,3236,380,2856,54,100.000000,1,1,1.003650,1.200000,0.800000,monitor,14,7ffe,1,1,51814400,51724288,-90112,16674343583744,16674343673856,90112,16674343583744,16674343673856,90112,-1,-1,-1
7600,4,1900,12,16,16,284005.202134,284005.224396,0.022262,0x4052e4,1,31,3,28,56,100.000000,1,1,1.003650,1.200000,0.800000,monitor,1,1,1,1,27303936,26853376,-450560,7773440942080,7773441122304,180224,7773440942080,7773441122304,180224,-1,-1,-1
7600,4,1900,13,16,16,284005.192516,284005.215708,0.023192,0x4052e4,1,245,205,40,26,100.000000,1,1,1.003650,1.200000,0.800000,monitor,1,1,1,1,27303936,26853376,-450560,7773440942080,7773441122304,180224,7773440942080,7773441122304,180224,-1,-1,-1
7600,4,1900,14,16,16,284005.319326,284005.346808,0.027482,0x4052e4,1,976,371,605,60,100.000000,1,1,1.003650,1.200000,0.800000,monitor,1,1,1,1,26763264,27123712,360448,7773441122304,7773441212416,90112,7773441122304,7773441482752,360448,-1,-1,-1
7600,4,1900,15,16,16,284005.195558,284005.219350,0.023792,0x4052e4,1,52,27,25,62,100.000000,1,1,1.003650,1.200000,0.800000,monitor,1,1,1,1,27123712,26853376,-270336,7773440942080,7773441122304,180224,7773440942080,7773441122304,180224,-1,-1,-1
7601,5,1900,0,16,16,284006.397096,284006.419820,0.022724,0x40533c,1,757,49,708,0,100.000000,1,1,0.677216,1.200000,0.800000,monitor,1,1,1,1,28024832,28205056,180224,7773442383872,7773442473984,90112,7773442383872,7773442473984,90112,-1,-1,-1
7601,5,1900,1,16,16,284006.370249,284006.392123,0.021874,0x40533c,1,60,25,35,34,100.000000,1,1,0.677216,1.200000,0.800000,monitor,1,1,1,1,28385280,28114944,-270336,7773442383872,7773442473984,90112,7773442383872,7773442473984,90112,-1,-1,-1
7601,5,1900,2,16,16,284006.865510,284006.887601,0.022091,0x40533c,1,1636,98,1538,36,100.000000,1,1,0.677216,1.200000,0.800000,monitor,1,1,1,1,28205056,27754496,-450560,7773442473984,7773442473984,0,7773442473984,7773442473984,0,-1,-1,-1
7601,5,1900,3,16,16,284006.365296,284006.387317,0.022021,0x40533c,1,116,49,67,38,100.000000,1,1,0.677216,1.200000,0.800000,monitor,1,1,1,1,28565504,28114944,-450560,7773442293760,7773442383872,90112,7773442383872,7773442473984,90112,-1,-1,-1
7601,5,1900,4,16,16,284006.357936,284006.384888,0.026952,0x40533c,1,105,22,83,40,100.000000,1,1,0.677216,1.200000,0.800000,monitor,14,7ffe,1,1,51904512,53166080,1261568,16674344665088,16674345115648,450560,16674345025536,16674345115648,90112,-1,-1,-1
7601,5,1900,5,16,16,284007.004343,284007.034542,0.030199,0x40533c,1,2406,257,2149,42,100.000000,1,1,0.677216,1.200000,0.800000,monitor,14,7ffe,1,1,52535296,52445184,-90112,16674345295872,16674345295872,0,16674345295872,16674345295872,0,-1,-1,-1
7601,5,1900,6,16,16,284006.647450,284006.675461,0.028011,0x40533c,1,2264,301,1963,44,100.000000,1,1,0.677216,1.200000,0.800000,monitor,14,7ffe,1,1,52985856,52715520,-270336,16674345295872,16674345295872,0,16674345295872,16674345295872,0,-1,-1,-1
7601,5,1900,7,16,16,284006.797325,284006.825543,0.028218,0x40533c,1,2422,403,2019,46,100.000000,1,1,0.677216,1.200000,0.800000,monitor,14,7ffe,1,1,52625408,52535296,-90112,16674345295872,16674345295872,0,16674345295872,16674345295872,0,-1,-1,-1
7601,5,1900,8,16,16,284006.634159,284006.660288,0.026129,0x40533c,1,771,113,658,48,100.000000,1,1,0.677216,1.200000,0.800000,monitor,14,7ffe,1,1,52985856,52715520,-270336,16674345295872,16674345295872,0,16674345295872,16674345295872,0,-1,-1,-1
7601,5,1900,9,16,16,284006.415733,284006.446940,0.031207,0x40533c,1,1526,5,1521,50,100.000000,1,1,0.677216,1.200000,0.800000,monitor,14,7ffe,1,1,53166080,52985856,-180224,16674345115648,16674345115648,0,16674345115648,16674345115648,0,-1,-1,-1
7601,5,1900,10,16,16,284006.661065,284006.688428,0.027363,0x40533c,1,1009,106,903,52,100.000000,1,1,0.677216,1.200000,0.800000,monitor,14,7ffe,1,1,52895744,52715520,-180224,16674345295872,16674345295872,0,16674345295872,16674345295872,0,-1,-1,-1
7601,5,1900,11,16,16,284006.657307,284006.683247,0.025940,0x40533c,1,721,54,667,54,100.000000,1,1,0.677216,1.200000,0.800000,monitor,14,7ffe,1,1,52895744,52715520,-180224,16674345295872,16674345295872,0,16674345295872,16674345295872,0,-1,-1,-1
7601,5,1900,12,16,16,284006.391933,284006.418637,0.026704,0x40533c,1,1330,72,1258,56,100.000000,1,1,0.677216,1.200000,0.800000,monitor,1,1,1,1,28024832,28205056,180224,7773442383872,7773442473984,90112,7773442383872,7773442473984,90112,-1,-1,-1
7601,5,1900,13,16,16,284006.364690,284006.386526,0.021836,0x40533c,1,78,33,45,26,100.000000,1,1,0.677216,1.200000,0.800000,monitor,1,1,1,1,28565504,28114944,-450560,7773442293760,7773442473984,180224,7773442383872,7773442473984,90112,-1,-1,-1
7601,5,1900,14,16,16,284006.646057,284006.666587,0.020530,0x40533c,1,106,12,94,60,100.000000,1,1,0.677216,1.200000,0.800000,monitor,1,1,1,1,28205056,28205056,0,7773442473984,7773442473984,0,7773442473984,7773442473984,0,-1,-1,-1
7601,5,1900,15,16,16,284006.357326,284006.380705,0.023379,0x40533c,1,50,19,31,62,100.000000,1,1,0.677216,1.200000,0.800000,monitor,1,1,1,1,28385280,28114944,-270336,7773442023424,7773442383872,360448,7773442383872,7773442473984,90112,-1,-1,-1
7998,2,2000,0,16,16,292944.483622,293031.865985,56.230345,0x4051ce,1,6886285,4714797,2171488,0,100.000000,1,1,87.873839,1.200000,0.800000,monitor,1,1,1,1,32890880,30367744,139223040,8154408165376,8158143938560,3523379200,8154408345600,8158144028672,3521757184,-1,-1,-1
7998,2,2000,1,16,16,292944.454262,293032.000078,60.236096,0x4051ce,1,7334880,5834350,1500530,34,100.000000,1,1,87.873839,1.200000,0.800000,monitor,1,1,1,1,32800768,30638080,144629760,8154408165376,8158151958528,3689996288,8154408165376,8158152138752,3681705984,-1,-1,-1
7998,2,2000,2,16,16,292944.476652,293032.039170,60.395671,0x4051ce,1,7335913,5867791,1468122,36,100.000000,1,1,87.873839,1.200000,0.800000,monitor,1,1,1,1,32890880,30728192,142737408,8154408165376,8158152589312,3696754688,8154408165376,8158152679424,3684769792,-1,-1,-1
7998,2,2000,3,16,16,292944.487638,293032.081576,62.753038,0x4051ce,1,7772222,7183826,588396,38,100.000000,1,1,87.873839,1.200000,0.800000,monitor,1,1,1,1,32890880,30457856,136609792,8154408255488,8158153039872,3721625600,8154408706048,8158153039872,3710001152,-1,-1,-1
7998,2,2000,4,16,16,292944.469868,293032.281930,82.042386,0x4051ce,1,10396958,8159128,2237830,40,100.000000,1,1,87.873839,1.200000,0.800000,monitor,14,7ffe,1,1,47038464,44515328,-180224,17166260666368,17171007135744,4736647168,17166260756480,17171007225856,4730339328,-1,-1,-1
7998,2,2000,5,16,16,292944.461943,293032.324303,81.965728,0x4051ce,1,9668860,7114147,2554713,42,100.000000,1,1,87.873839,1.200000,0.800000,monitor,14,7ffe,1,1,47038464,44515328,-360448,17166260666368,17171007315968,4734484480,17166260756480,17171007315968,4725383168,-1,-1,-1
7998,2,2000,6,16,16,292944.486239,293032.276637,80.086478,0x4051ce,1,10228308,7548685,2679623,44,100.000000,1,1,87.873839,1.200000,0.800000,monitor,14,7ffe,1,1,47038464,44244992,-540672,17166260756480,17171006685184,4692582400,17166260936704,17171007225856,4692762624,-1,-1,-1
7998,2,2000,7,16,16,292944.804254,293032.321509,81.854553,0x4051ce,1,9776663,7185564,2591099,46,100.000000,1,1,87.873839,1.200000,0.800000,monitor,14,7ffe,1,1,45867008,44515328,-450560,17166277607424,17171007315968,4724211712,17166277967872,17171007315968,4713308160,-1,-1,-1
7998,2,2000,8,16,16,292944.462141,293032.306916,80.463635,0x4051ce,1,10475979,7710380,2765599,48,100.000000,1,1,87.873839,1.200000,0.800000,monitor,14,7ffe,1,1,47038464,44425216,-270336,17166260666368,17171007315968,4691320832,17166260756480,17171007315968,4689788928,-1,-1,-1
7998,2,2000,9,16,16,292944.823834,293032.311917,78.345341,0x4051ce,1,9641768,5561621,4080147,50,100.000000,1,1,87.873839,1.200000,0.800000,monitor,14,7ffe,1,1,45776896,44425216,-630784,17166278959104,17171007315968,4581564416,17166279139328,17171007315968,4577239040,-1,-1,-1
7998,2,2000,10,16,16,292944.452911,293032.268850,71.512516,0x4051ce,1,10701777,4621888,6079889,52,100.000000,1,1,87.873839,1.200000,0.800000,monitor,14,7ffe,1,1,47128576,44244992,-540672,17166260666368,17171006054400,4166778880,17166260666368,17171006414848,4168220672,-1,-1,-1
7998,2,2000,11,16,16,292944.465181,293032.289704,71.968446,0x4051ce,1,9670598,3892083,5778515,54,100.000000,1,1,87.873839,1.200000,0.800000,monitor,14,7ffe,1,1,47038464,44425216,-540672,17166260666368,17171007225856,4180295680,17166260756480,17171007225856,4180566016,-1,-1,-1
7998,2,2000,12,16,16,292944.657806,293031.993953,49.167166,0x4051ce,1,8141814,3438825,4702989,24,100.000000,1,1,87.873839,1.200000,0.800000,monitor,1,1,1,1,32800768,30547968,145350656,8154418888704,8158151417856,3197984768,8154419068928,8158151958528,3193028608,-1,-1,-1
7998,2,2000,13,16,16,292944.470887,293031.959618,51.288699,0x4051ce,1,7094775,3154897,3939878,58,100.000000,1,1,87.873839,1.200000,0.800000,monitor,1,1,1,1,32800768,30547968,147873792,8154408165376,8158149435392,3304587264,8154408165376,8158149976064,3295305728,-1,-1,-1
7998,2,2000,14,16,16,292944.450464,293032.026732,57.809958,0x4051ce,1,8032370,4619301,3413069,60,100.000000,1,1,87.873839,1.200000,0.800000,monitor,1,1,1,1,32710656,30818304,140124160,8154408165376,8158152409088,3611508736,8154408165376,8158152589312,3604299776,-1,-1,-1
7998,2,2000,15,16,16,292944.481507,293032.047755,56.297033,0x4051ce,1,7899190,4495085,3404105,62,100.000000,1,1,87.873839,1.200000,0.800000,monitor,1,1,1,1,32800768,30638080,145711104,8154408165376,8158152859648,3537166336,8154408255488,8158152949760,3537707008,-1,-1,-1
7999,3,2000,0,16,16,293032.524241,293032.632906,0.108665,0x405218,1,5235,3014,2221,0,100.000000,1,1,0.879972,1.200000,0.800000,monitor,1,1,1,1,29827072,30728192,901120,8158153940992,8158159798272,5857280,8158154031104,8158159798272,5767168,-1,-1,-1
7999,3,2000,1,16,16,293032.527831,293032.672066,0.144235,0x405218,1,5463,3382,2081,34,100.000000,1,1,0.879972,1.200000,0.800000,monitor,1,1,1,1,29827072,30547968,720896,8158153940992,8158160158720,6217728,8158154031104,8158160158720,6127616,-1,-1,-1
7999,3,2000,2,16,16,293032.559388,293032.695165,0.135777,0x405218,1,5161,3497,1664,36,100.000000,1,1,0.879972,1.200000,0.800000,monitor,1,1,1,1,29376512,30457856,1081344,8158155292672,8158160158720,4866048,8158155472896,8158160158720,4685824,-1,-1,-1
7999,3,2000,3,16,16,293033.248828,293033.361064,0.112236,0x405218,1,5031,2933,2098,38,100.000000,1,1,0.879972,1.200000,0.800000,monitor,1,1,1,1,28925952,30007296,1081344,8158160429056,8158162231296,1802240,8158160429056,8158162231296,1802240,-1,-1,-1
7999,3,2000,4,16,16,293032.563691,293032.719596,0.155905,0x405218,1,8716,4293,4423,40,100.000000,1,1,0.879972,1.200000,0.800000,monitor,14,7ffe,1,1,47669248,46497792,-1171456,17171008487424,17171014524928,6037504,17171008937984,17171014524928,5586944,-1,-1,-1
7999,3,2000,5,16,16,293032.846754,293032.988743,0.141989,0x405218,1,9852,3631,6221,42,100.000000,1,1,0.879972,1.200000,0.800000,monitor,14,7ffe,1,1,47579136,48930816,1351680,17171014705152,17171017498624,2793472,17171014705152,17171017498624,2793472,-1,-1,-1
7999,3,2000,6,16,16,293033.109240,293033.249187,0.139947,0x405218,1,9788,3705,6083,44,100.000000,1,1,0.879972,1.200000,0.800000,monitor,14,7ffe,1,1,48750592,48750592,0,17171017498624,17171019120640,1622016,17171017498624,17171019210752,1712128,-1,-1,-1
7999,3,2000,7,16,16,293032.833806,293033.011088,0.177282,0x405218,1,8072,3786,4286,46,100.000000,1,1,0.879972,1.200000,0.800000,monitor,14,7ffe,1,1,47579136,48840704,1261568,17171014705152,17171017498624,2793472,17171014705152,17171017498624,2793472,-1,-1,-1
7999,3,2000,8,16,16,293032.528719,293032.678944,0.150225,0x405218,1,8833,3971,4862,48,100.000000,1,1,0.879972,1.200000,0.800000,monitor,14,7ffe,1,1,45506560,46227456,720896,17171007586304,17171014344704,6758400,17171007766528,17171014524928,6758400,-1,-1,-1
7999,3,2000,9,16,16,293033.256487,293033.390351,0.133864,0x405218,1,9889,3319,6570,50,100.000000,1,1,0.879972,1.200000,0.800000,monitor,14,7ffe,1,1,48750592,47398912,-1351680,17171018670080,17171020292096,1622016,17171018760192,17171020292096,1531904,-1,-1,-1
7999,3,2000,10,16,16,293032.548943,293032.668699,0.119756,0x405218,1,8952,3196,5756,52,100.000000,1,1,0.879972,1.200000,0.800000,monitor,14,7ffe,1,1,47579136,46137344,-1441792,17171007856640,17171014164480,6307840,17171008126976,17171014254592,6127616,-1,-1,-1
7999,3,2000,11,16,16,293033.246639,293033.404213,0.157574,0x405218,1,8224,2574,5650,54,100.000000,1,1,0.879972,1.200000,0.800000,monitor,14,7ffe,1,1,48840704,47398912,-1441792,17171018579968,17171020292096,1712128,17171018670080,17171020292096,1622016,-1,-1,-1
7999,3,2000,12,16,16,293033.091663,293033.196426,0.104763,0x405218,1,5626,2810,2816,24,100.000000,1,1,0.879972,1.200000,0.800000,monitor,1,1,1,1,28835840,28925952,90112,8158160338944,8158160429056,90112,8158160338944,8158160429056,90112,-1,-1,-1
7999,3,2000,13,16,16,293032.555333,293032.699143,0.143810,0x405218,1,5922,3114,2808,58,100.000000,1,1,0.879972,1.200000,0.800000,monitor,1,1,1,1,29376512,30367744,991232,8158154661888,8158160158720,5496832,8158155292672,8158160158720,4866048,-1,-1,-1
7999,3,2000,14,16,16,293032.543912,293032.670688,0.126776,0x405218,1,5356,3937,1419,60,100.000000,1,1,0.879972,1.200000,0.800000,monitor,1,1,1,1,29736960,30367744,630784,8158154211328,8158160158720,5947392,8158154481664,8158160158720,5677056,-1,-1,-1
7999,3,2000,15,16,16,293032.533447,293032.652911,0.119464,0x405218,1,5331,3859,1472,62,100.000000,1,1,0.879972,1.200000,0.800000,monitor,1,1,1,1,29827072,30547968,720896,8158153940992,8158159978496,6037504,8158154121216,8158160068608,5947392,-1,-1,-1
8000,4,2000,0,16,16,293033.733678,293033.760622,0.026944,0x4052e4,1,1937,784,1153,0,100.000000,1,1,0.431030,1.200000,0.800000,monitor,1,1,1,1,31539200,31358976,-180224,8158164844544,8158164934656,90112,8158164934656,8158164934656,0,-1,-1,-1
8000,4,2000,1,16,16,293033.747681,293033.768987,0.021306,0x4052e4,1,68,49,19,34,100.000000,1,1,0.431030,1.200000,0.800000,monitor,1,1,1,1,31449088,31449088,0,8158164934656,8158164934656,0,8158164934656,8158164934656,0,-1,-1,-1
8000,4,2000,2,16,16,293033.659598,293033.681175,0.021577,0x4052e4,1,38,18,20,36,100.000000,1,1,0.431030,1.200000,0.800000,monitor,1,1,1,1,31629312,31449088,-180224,8158164664320,8158164934656,270336,8158164754432,8158164934656,180224,-1,-1,-1
8000,4,2000,3,16,16,293033.972236,293033.995588,0.023352,0x4052e4,1,2738,213,2525,38,100.000000,1,1,0.431030,1.200000,0.800000,monitor,1,1,1,1,31629312,31539200,-90112,8158164934656,8158164934656,0,8158164934656,8158164934656,0,-1,-1,-1
8000,4,2000,4,16,16,293033.666940,293033.690565,0.023625,0x4052e4,1,284,201,83,40,100.000000,1,1,0.431030,1.200000,0.800000,monitor,14,7ffe,1,1,46948352,47849472,901120,17171021463552,17171021824000,360448,17171021553664,17171021824000,270336,-1,-1,-1
8000,4,2000,5,16,16,293033.781542,293033.808124,0.026582,0x4052e4,1,950,366,584,42,100.000000,1,1,0.431030,1.200000,0.800000,monitor,14,7ffe,1,1,47759360,47759360,0,17171021824000,17171021824000,0,17171021824000,17171021824000,0,-1,-1,-1
8000,4,2000,6,16,16,293033.804652,293033.831109,0.026457,0x4052e4,1,1062,445,617,44,100.000000,1,1,0.431030,1.200000,0.800000,monitor,14,7ffe,1,1,47849472,47759360,-90112,17171021824000,17171021824000,0,17171021824000,17171021824000,0,-1,-1,-1
8000,4,2000,7,16,16,293034.063499,293034.090628,0.027129,0x4052e4,1,3164,435,2729,46,100.000000,1,1,0.431030,1.200000,0.800000,monitor,14,7ffe,1,1,47669248,47489024,-180224,17171021824000,17171021824000,0,17171021824000,17171021824000,0,-1,-1,-1
8000,4,2000,8,16,16,293033.668146,293033.691560,0.023414,0x4052e4,1,310,197,113,48,100.000000,1,1,0.431030,1.200000,0.800000,monitor,14,7ffe,1,1,46948352,47849472,901120,17171021463552,17171021824000,360448,17171021553664,17171021824000,270336,-1,-1,-1
8000,4,2000,9,16,16,293033.776042,293033.802721,0.026679,0x4052e4,1,981,392,589,50,100.000000,1,1,0.431030,1.200000,0.800000,monitor,14,7ffe,1,1,47849472,47759360,-90112,17171021824000,17171021824000,0,17171021824000,17171021824000,0,-1,-1,-1
8000,4,2000,10,16,16,293033.802534,293033.826591,0.024057,0x4052e4,1,332,198,134,52,100.000000,1,1,0.431030,1.200000,0.800000,monitor,14,7ffe,1,1,47849472,47759360,-90112,17171021824000,17171021824000,0,17171021824000,17171021824000,0,-1,-1,-1
8000,4,2000,11,16,16,293033.717401,293033.746287,0.028886,0x4052e4,1,2598,148,2450,54,100.000000,1,1,0.431030,1.200000,0.800000,monitor,14,7ffe,1,1,48029696,47849472,-180224,17171021824000,17171021824000,0,17171021824000,17171021824000,0,-1,-1,-1
8000,4,2000,12,16,16,293033.694975,293033.717210,0.022235,0x4052e4,1,2718,258,2460,24,100.000000,1,1,0.431030,1.200000,0.800000,monitor,1,1,1,1,31539200,31358976,-180224,8158164844544,8158164934656,90112,8158164844544,8158164934656,90112,-1,-1,-1
8000,4,2000,13,16,16,293033.665323,293033.687486,0.022163,0x4052e4,1,87,55,32,58,100.000000,1,1,0.431030,1.200000,0.800000,monitor,1,1,1,1,31719424,31449088,-270336,8158164664320,8158164934656,270336,8158164754432,8158164934656,180224,-1,-1,-1
8000,4,2000,14,16,16,293033.792411,293033.813769,0.021358,0x4052e4,1,100,62,38,60,100.000000,1,1,0.431030,1.200000,0.800000,monitor,1,1,1,1,31358976,31539200,180224,8158164934656,8158164934656,0,8158164934656,8158164934656,0,-1,-1,-1
8000,4,2000,15,16,16,293033.669200,293033.690557,0.021357,0x4052e4,1,195,148,47,62,100.000000,1,1,0.431030,1.200000,0.800000,monitor,1,1,1,1,31629312,31449088,-180224,8158164664320,8158164934656,270336,8158164754432,8158164934656,180224,-1,-1,-1
8001,5,2000,0,16,16,293034.232985,293034.253442,0.020457,0x40533c,1,27,0,27,0,100.000000,1,1,0.458733,1.200000,0.800000,monitor,1,1,1,1,32350208,31989760,-360448,8158165385216,8158165385216,0,8158165385216,8158165385216,0,-1,-1,-1
8001,5,2000,1,16,16,293034.649739,293034.671792,0.022053,0x40533c,1,1635,158,1477,34,100.000000,1,1,0.458733,1.200000,0.800000,monitor,1,1,1,1,32079872,32079872,0,8158165385216,8158165385216,0,8158165385216,8158165385216,0,-1,-1,-1
8001,5,2000,2,16,16,293034.338717,293034.359680,0.020963,0x40533c,1,27,3,24,36,100.000000,1,1,0.458733,1.200000,0.800000,monitor,1,1,1,1,31989760,32079872,90112,8158165385216,8158165385216,0,8158165385216,8158165385216,0,-1,-1,-1
8001,5,2000,3,16,16,293034.316360,293034.341814,0.025454,0x40533c,1,285,1,284,38,100.000000,1,1,0.458733,1.200000,0.800000,monitor,1,1,1,1,31989760,32079872,90112,8158165385216,8158165385216,0,8158165385216,8158165385216,0,-1,-1,-1
8001,5,2000,4,16,16,293034.242124,293034.266308,0.024184,0x40533c,1,277,122,155,40,100.000000,1,1,0.458733,1.200000,0.800000,monitor,14,7ffe,1,1,47579136,47759360,180224,17171022364672,17171022364672,0,17171022364672,17171022364672,0,-1,-1,-1
8001,5,2000,5,16,16,293034.250859,293034.275715,0.024856,0x40533c,1,327,131,196,42,100.000000,1,1,0.458733,1.200000,0.800000,monitor,14,7ffe,1,1,47849472,47759360,-90112,17171022364672,17171022364672,0,17171022364672,17171022364672,0,-1,-1,-1
8001,5,2000,6,16,16,293034.237310,293034.262285,0.024975,0x40533c,1,344,127,217,44,100.000000,1,1,0.458733,1.200000,0.800000,monitor,14,7ffe,1,1,47579136,47849472,270336,17171022364672,17171022364672,0,17171022364672,17171022364672,0,-1,-1,-1
8001,5,2000,7,16,16,293034.349751,293034.375634,0.025883,0x40533c,1,778,106,672,46,100.000000,1,1,0.458733,1.200000,0.800000,monitor,14,7ffe,1,1,47849472,47579136,-270336,17171022364672,17171022364672,0,17171022364672,17171022364672,0,-1,-1,-1
8001,5,2000,8,16,16,293034.213059,293034.237155,0.024096,0x40533c,1,181,61,120,48,100.000000,1,1,0.458733,1.200000,0.800000,monitor,14,7ffe,1,1,47038464,47849472,811008,17171022274560,17171022364672,90112,17171022364672,17171022364672,0,-1,-1,-1
8001,5,2000,9,16,16,293034.259703,293034.284571,0.024868,0x40533c,1,163,37,126,50,100.000000,1,1,0.458733,1.200000,0.800000,monitor,14,7ffe,1,1,47849472,47669248,-180224,17171022364672,17171022364672,0,17171022364672,17171022364672,0,-1,-1,-1
8001,5,2000,10,16,16,293034.292754,293034.321223,0.028469,0x40533c,1,2276,197,2079,52,100.000000,1,1,0.458733,1.200000,0.800000,monitor,14,7ffe,1,1,47849472,47579136,-270336,17171022364672,17171022364672,0,17171022364672,17171022364672,0,-1,-1,-1
8001,5,2000,11,16,16,293034.507283,293034.535313,0.028030,0x40533c,1,2286,225,2061,54,100.000000,1,1,0.458733,1.200000,0.800000,monitor,14,7ffe,1,1,47579136,47579136,0,17171022364672,17171022364672,0,17171022364672,17171022364672,0,-1,-1,-1
8001,5,2000,12,16,16,293034.223556,293034.244043,0.020487,0x40533c,1,23,3,20,24,100.000000,1,1,0.458733,1.200000,0.800000,monitor,1,1,1,1,32260096,31989760,-270336,8158165295104,8158165385216,90112,8158165385216,8158165385216,0,-1,-1,-1
8001,5,2000,13,16,16,293034.309683,293034.334995,0.025312,0x40533c,1,39,9,30,58,100.000000,1,1,0.458733,1.200000,0.800000,monitor,1,1,1,1,31989760,31989760,0,8158165385216,8158165385216,0,8158165385216,8158165385216,0,-1,-1,-1
8001,5,2000,14,16,16,293034.279497,293034.305073,0.025576,0x40533c,1,1318,11,1307,60,100.000000,1,1,0.458733,1.200000,0.800000,monitor,1,1,1,1,31899648,31989760,90112,8158165385216,8158165385216,0,8158165385216,8158165385216,0,-1,-1,-1
8001,5,2000,15,16,16,293034.233047,293034.253374,0.020327,0x40533c,1,35,7,28,62,100.000000,1,1,0.458733,1.200000,0.800000,monitor,1,1,1,1,32350208,31989760,-360448,8158165385216,8158165385216,0,8158165385216,8158165385216,0,-1,-1,-1
