# amr_dense_snapshot_v1
# step 800
# time 0.244140625
# coarse_n 128
# parts 16
# max_level 3
# fine_n 1024
# initial_pattern fixed_imb
# initial_scale 0.050000000000000003
# state_components 1
# leaves 16384
# columns i j level value importance
0 0 0 7.7780680615294947e-21 5.7468860213294273e-21
8 0 0 9.5004233710227318e-21 6.9572662960894705e-21
16 0 0 1.3315225048243928e-20 9.6252321218972736e-21
24 0 0 2.0038749172251311e-20 1.4293467000224029e-20
32 0 0 3.1100306043349384e-20 2.1905534042450683e-20
40 0 0 4.8831692214911557e-20 3.398757387784585e-20
48 0 0 7.6933689020342541e-20 5.2938887485000575e-20
56 0 0 1.212057050719165e-19 8.2482577559357892e-20
64 0 0 1.9067028263233452e-19 1.283538915344475e-19
72 0 0 2.9929061822185218e-19 1.9934197330791644e-19
80 0 0 4.6857618817930084e-19 3.0885553553022392e-19
88 0 0 7.3151294044158505e-19 4.7726172231844352e-19
96 0 0 1.1384604649000922e-18 7.3536033817047118e-19
104 0 0 1.765958483679356e-18 1.1295172096876498e-18
112 0 0 2.7298220879175394e-18 1.7292116370272314e-18
120 0 0 4.2045431263098999e-18 2.6380840165802061e-18
128 0 0 6.4519483373548793e-18 4.0100450366660167e-18
136 0 0 9.8634326801189678e-18 6.0726921210577449e-18
144 0 0 1.5022094287846549e-17 9.161266650067909e-18
152 0 0 2.2794046030214251e-17 1.3767814487451215e-17
160 0 0 3.446250318182924e-17 2.0612280688811316e-17
168 0 0 5.1924570805391859e-17 3.0745259176388709e-17
176 0 0 7.7979860590459701e-17 4.5696425868967929e-17
184 0 0 1.1675338829461304e-16 6.7688857191074432e-17
192 0 0 1.7431434385648256e-16 9.9948221319043845e-17
200 0 0 2.5957962069056671e-16 1.4714822920437225e-16
208 0 0 3.8562961756426952e-16 2.1605107731585135e-16
216 0 0 5.7161811167557789e-16 3.1642565961874095e-16
224 0 0 8.455338575850713e-16 4.6235938618487055e-16
232 0 0 1.2481771515041744e-15 6.7412458926905308e-16
240 0 0 1.8388613207006976e-15 9.8082185288145181e-16
248 0 0 2.7035531380029061e-15 1.4241058285556353e-15
256 0 0 3.9664507911554062e-15 2.0634121210738138e-15
264 0 0 5.806397024095636e-15 2.9832579380101842e-15
272 0 0 8.4800876025376888e-15 4.3034006908540661e-15
280 0 0 1.235483285441515e-14 6.1929312140230447e-15
288 0 0 1.795476592020533e-14 8.8897857749043037e-15
296 0 0 2.6026012828188811e-14 1.2727732158081274e-14
304 0 0 3.7628653847949726e-14 1.8173688024591052e-14
312 0 0 5.4266599855473436e-14 2.5879358386102367e-14
320 0 0 7.807117307864798e-14 3.675275996598759e-14
328 0 0 1.1206074453152689e-13 5.2057400350910835e-14
336 0 0 1.6050793905214026e-13 7.3549914781564134e-14
344 0 0 2.2945859315406252e-13 1.036711069026675e-13
352 0 0 3.2746404965091304e-13 1.458109350644819e-13
360 0 0 4.6661208911437248e-13 2.0467546145206516e-13
368 0 0 6.6397394797496978e-13 2.8679367537697508e-13
376 0 0 9.4362830039613643e-13 4.0121510001480138e-13
384 0 0 1.3394816524333941e-12 5.604660870924327e-13
392 0 0 1.8991836142501995e-12 7.9035865498178521e-13
400 0 0 2.6895422692319847e-12 1.1144470564739281e-12
408 0 0 3.8039893257059129e-12 1.5688510837615374e-12
416 0 0 5.3728404094674502e-12 2.2045202167071627e-12
424 0 0 7.5773606261746129e-12 3.0916418877084162e-12
432 0 0 1.0669002513883029e-11 4.3266591465293892e-12
440 0 0 1.4995661660412418e-11 6.0417678163116095e-12
448 0 0 2.1037429476724028e-11 8.4177237373452752e-12
456 0 0 2.9455153214069303e-11 1.1701031477492816e-11
464 0 0 4.1156184691562119e-11 1.6226873115949102e-11
472 0 0 5.7383057807511221e-11 2.2449469151790164e-11
480 0 0 7.9832526959301385e-11 3.0981941552920591e-11
488 0 0 1.1081446851222198e-10 4.2648170807770683e-11
496 0 0 1.5346263931999266e-10 5.8549609963107242e-11
504 0 0 2.120122492830999e-10 8.0150558359321004e-11
512 0 0 2.9216280764242091e-10 1.093860502098823e-10
520 0 0 4.015488578523032e-10 1.4879735992395022e-10
528 0 0 5.5034621777625343e-10 2.0170129848008834e-10
536 0 0 7.5204751625634176e-10 2.7240116172332587e-10
544 0 0 1.0244486779796676e-09 3.6644963420877097e-10
552 0 0 1.3908983121884386e-09 4.9097742406556043e-10
560 0 0 1.881875736253999e-09 6.5510615870896264e-10
568 0 0 2.5369818949629617e-09 8.7047025618573796e-10
576 0 0 3.4074521511486996e-09 1.151880020183187e-09
584 0 0 4.5593321713318867e-09 1.5181666143708148e-09
592 0 0 6.0774987857027015e-09 1.9932578052317961e-09
600 0 0 8.0707565909344976e-09 2.6075396219235583e-09
608 0 0 1.0678296212858056e-08 3.3995606889709904e-09
616 0 0 1.4077856901829046e-08 4.4181293681548651e-09
624 0 0 1.8495986269983911e-08 5.7248346848273654e-09
632 0 0 2.4220820954811277e-08 7.3969856510121278e-09
640 0 0 3.1617806605823405e-08 9.5309057090192854e-09
648 0 0 4.114871231484269e-08 1.2245436593147336e-08
656 0 0 5.3394148907990026e-08 1.5685398466671471e-08
664 0 0 6.9079547374661498e-08 2.002462414169614e-08
672 0 0 8.9104171516357637e-08 2.546804308219663e-08
680 0 0 1.1457221459855427e-07 3.225215032721406e-08
688 0 0 1.4682436492576833e-07 4.0643077316722894e-08
696 0 0 1.8746744224249122e-07 5.0931412182745909e-08
704 0 0 2.3839885442523713e-07 6.3422926092471084e-08
712 0 0 3.0182178051770822e-07 7.8424479333771882e-08
720 0 0 3.802462598514801e-07 9.6224630855886041e-08
728 0 0 4.7647089070736614e-07 1.1706887237809032e-07
736 0 0 5.9353976308545646e-07 1.4112995128818065e-07
744 0 0 7.3466971437363711e-07 1.684744126197867e-07
752 0 0 9.0314412699342381e-07 1.9902723253350033e-07
760 0 0 1.1021713595269241e-06 2.3253716282548148e-07
768 0 0 1.3347085223524056e-06 2.6854606646956974e-07
776 0 0 1.6032545888219754e-06 3.1158719619091195e-07
784 0 0 1.9096205827774592e-06 3.6898871828463074e-07
792 0 0 2.2546885072203718e-06 4.3351364378607728e-07
800 0 0 2.6381743910468438e-06 5.0511727969127432e-07
808 0 0 3.0584138840272226e-06 5.8350102334511215e-07
816 0 0 3.512190761650079e-06 6.6807901940171366e-07
824 0 0 3.9946290874274543e-06 7.5795637413800932e-07
832 0 0 4.4991682966180776e-06 8.5192268476263201e-07
840 0 0 5.0176369441683827e-06 9.4846402088007044e-07
848 0 0 5.540435334098925e-06 1.0457954789110899e-06
856 0 0 6.0568299763362548e-06 1.1419150617695645e-06
864 0 0 6.5553542830517641e-06 1.2346780044750394e-06
872 0 0 7.0243007966630207e-06 1.3218889008592514e-06
880 0 0 7.452281348259959e-06 1.4014072456350271e-06
888 0 0 7.8288237462798231e-06 1.4712604619302339e-06
896 0 0 8.144967720799631e-06 1.5297573037754857e-06
904 0 0 8.3938195961066494e-06 1.5755938479863826e-06
912 0 0 8.5710250138245499e-06 1.6079442199882654e-06
920 0 0 8.6751221830584392e-06 1.6265287773378248e-06
928 0 0 8.7077444857647928e-06 1.6316536844288317e-06
936 0 0 8.6736504026670892e-06 1.6242175715199384e-06
944 0 0 8.5805699686093199e-06 1.6056831459755989e-06
952 0 0 8.4388694381139752e-06 1.5780140384808465e-06
960 0 0 8.2610485520568191e-06 1.5435796251117864e-06
968 0 0 8.061096738729677e-06 1.505032868751664e-06
976 0 0 7.8537448275653733e-06 1.4651681888422923e-06
984 0 0 7.6536566271755598e-06 1.4267678482711749e-06
992 0 0 7.4746094597769148e-06 1.392446235766894e-06
1000 0 0 7.3287141359254046e-06 1.364501666482343e-06
1008 0 0 7.2257228348212337e-06 1.3447849171599457e-06
1016 0 0 7.1724681047224055e-06 1.3345926955863672e-06
0 8 0 1.3524954082858922e-20 1.5547710799295074e-20
8 8 0 1.6457689667112202e-20 1.8777029803924781e-20
16 8 0 2.2940457170141201e-20 2.588627908509397e-20
24 8 0 3.433221617247534e-20 3.8302010506703419e-20
32 8 0 5.3005840085800067e-20 5.8500074092828461e-20
40 8 0 8.2819266092757406e-20 9.0476096639179607e-20
48 8 0 1.2987257650534312e-19 1.4049644160771374e-19
56 8 0 2.0368828263127439e-19 2.1826034450826113e-19
64 8 0 3.1902417416678202e-19 3.3867115772104643e-19
72 8 0 4.9863259152976862e-19 5.2451107536636641e-19
80 8 0 7.7743172370952476e-19 8.1045216881766976e-19
88 8 0 1.2087746627600286e-18 1.2490349288950146e-18
96 8 0 1.8738208030705634e-18 1.9195289220061626e-18
104 8 0 2.8954756933670058e-18 2.9409942825041178e-18
112 8 0 4.4590337249447708e-18 4.4914386320129723e-18
120 8 0 6.8426271428901059e-18 6.8357853701370726e-18
128 8 0 1.0461993374020896e-17 1.0366543343897958e-17
136 8 0 1.5936124801176713e-17 1.5662751171374088e-17
144 8 0 2.4183360937914458e-17 2.3575190285648422e-17
152 8 0 3.6561860517665466e-17 3.5349350641560998e-17
160 8 0 5.5074783870640556e-17 5.2802669394210041e-17
168 8 0 8.2669829981780568e-17 7.8579825046807006e-17
176 8 0 1.2367628645942763e-16 1.1652031061285195e-16
184 8 0 1.8444224548568747e-16 1.7218744553709238e-16
192 8 0 2.7426256517552641e-16 2.5362920676102985e-16
200 8 0 4.0672784989493896e-16 3.7247116060246437e-16
208 8 0 6.0168069488012087e-16 5.4548352841623571e-16
216 8 0 8.8804377129431884e-16 7.9682217836412159e-16
224 8 0 1.3078932437699419e-15 1.161222547202796e-15
232 8 0 1.9223017407732274e-15 1.6885333276403688e-15
240 8 0 2.8196831735821494e-15 2.4501227736499896e-15
248 8 0 4.1276589665585413e-15 3.5478876968202009e-15
256 8 0 6.0298629122292199e-15 5.1268617707640918e-15
264 8 0 8.7896549621058203e-15 7.3927813610518071e-15
272 8 0 1.2783488293391755e-14 1.0636460815234249e-14
280 8 0 1.8547764068438195e-14 1.5267508649072167e-14
288 8 0 2.6844551695109634e-14 2.1860858828421265e-14
296 8 0 3.8753744986270084e-14 3.1220908051846898e-14
304 8 0 5.5802341872540778e-14 4.4469896163510291e-14
312 8 0 8.0145958241575803e-14 6.3169756913926891e-14
320 8 0 1.1482393304463557e-13 8.9490289046966125e-14
328 8 0 1.6411814488243772e-13 1.2644153344039783e-13
336 8 0 2.3405785383370439e-13 1.781951806764301e-13
344 8 0 3.3312970005673002e-13 2.5052929406203348e-13
352 8 0 4.7327498471539493e-13 3.5144338715882031e-13
360 8 0 6.7128755056643763e-13 4.9200789744079915e-13
368 8 0 9.5076762335194485e-13 6.8753453591786278e-13
376 8 0 1.3448434004109378e-12 9.5918336412916501e-13
384 8 0 1.8999477395258268e-12 1.3361606898567792e-12
392 8 0 2.6810385035755435e-12 1.8587115498550685e-12
400 8 0 3.7787868685286152e-12 2.5821751498683186e-12
408 8 0 5.3194404115658098e-12 3.5824559539961028e-12
416 8 0 7.4783136069952616e-12 4.9633737405074116e-12
424 8 0 1.049818947666151e-11 6.8665017793185214e-12
432 8 0 1.4714361089330989e-11 9.4842950832310492e-12
440 8 0 2.0588636153141806e-11 1.3077565365209519e-11
448 8 0 2.8755415243772843e-11 1.7998693985745841e-11
456 8 0 4.0083983971580017e-11 2.4722409451321731e-11
464 8 0 5.5762485938875764e-11 3.3886513750785625e-11
472 8 0 7.7410722556620171e-11 4.6345642668018518e-11
480 8 0 1.0723101148065343e-10 6.3242005551209864e-11
488 8 0 1.4820887631659898e-10 8.6098078288247351e-11
496 8 0 2.0437837974013104e-10 1.1693741672657849e-10
504 8 0 2.811704939645926e-10 1.5844110119071037e-10
512 8 0 3.8586708569930125e-10 2.1414879041919933e-10
520 8 0 5.281879806492732e-10 2.8871492714528956e-10
528 8 0 7.2104435756196301e-10 3.8823228319917038e-10
536 8 0 9.8149874644213053e-10 5.2063678339912885e-10
544 8 0 1.3319807349550442e-09 6.962095004151403e-10
552 8 0 1.8018189793922103e-09 9.2819407302237445e-10
560 8 0 2.4291654693564081e-09 1.2335509189809554e-09
568 8 0 3.2634087338595072e-09 1.6338740084300568e-09
576 8 0 4.3682005416943399e-09 2.1565023060813351e-09
584 8 0 5.8252573355416912e-09 2.835867043998609e-09
592 8 0 7.7391443398437916e-09 3.7151284707352947e-09
600 8 0 1.0243307007672911e-08 4.8481720891135869e-09
608 8 0 1.3507679151918576e-08 6.3020545127942986e-09
616 8 0 1.7748264530584031e-08 8.1600118321257019e-09
624 8 0 2.3239149378062851e-08 1.0525166262557916e-08
632 8 0 3.0327442788055174e-08 1.3525085520898833e-08
640 8 0 3.9451639730122081e-08 1.731735741997438e-08
648 8 0 5.1163832307224601e-08 2.2096331081868644e-08
656 8 0 6.6156029337652068e-08 2.8101135726493814e-08
664 8 0 8.5290552351379954e-08 3.5625007171876354e-08
672 8 0 1.0963403127019042e-07 4.5025820650045474e-08
680 8 0 1.4049390891664312e-07 5.6737538733804395e-08
688 8 0 1.7945558070950248e-07 7.1282032839935023e-08
696 8 0 2.2841736974635516e-07 8.928043174747348e-08
704 8 0 2.8961952452750823e-07 1.1146280728366555e-07
712 8 0 3.6566241891171444e-07 1.3867465464779762e-07
720 8 0 4.5950825920523164e-07 1.7187830453397906e-07
728 8 0 5.7446001939775978e-07 2.1214716953888178e-07
736 8 0 7.1411120828344652e-07 2.606506393100313e-07
744 8 0 8.8226059628869467e-07 3.1862756003861838e-07
752 8 0 1.0827873439049535e-06 3.8734661980029124e-07
760 8 0 1.319484171393686e-06 4.6805265045024268e-07
768 8 0 1.5958493005830129e-06 5.6189886034635745e-07
776 8 0 1.9148417850128873e-06 6.6986630434723723e-07
784 8 0 2.2786093010620899e-06 7.9267340932617253e-07
792 8 0 2.6882021510064491e-06 9.3067999091074114e-07
800 8 0 3.1432916707381182e-06 1.0837917657217159e-06
808 8 0 3.6419149073723347e-06 1.2513726989503124e-06
816 8 0 4.1802697810517927e-06 1.4321734337477235e-06
824 8 0 4.7525854615654637e-06 1.6242843417375901e-06
832 8 0 5.3510909813807097e-06 1.8251212648959565e-06
840 8 0 5.9661009650484532e-06 2.031450701913662e-06
848 8 0 6.5862308130100149e-06 2.2394590236308418e-06
856 8 0 7.1987450381058193e-06 2.4448673745894897e-06
864 8 0 7.7900322875268035e-06 2.6430904211879405e-06
872 8 0 8.3461896975222721e-06 2.8294333182258845e-06
880 8 0 8.8536885938949861e-06 2.9993175252827508e-06
888 8 0 9.300084208210057e-06 3.1485227826152079e-06
896 8 0 9.6747250245751168e-06 3.2734300125050441e-06
904 8 0 9.969413444093032e-06 3.3712484526215257e-06
912 8 0 1.0178969233812815e-05 3.4402101682163476e-06
920 8 0 1.0301650960396264e-05 3.479716325286551e-06
928 8 0 1.0339398170193625e-05 3.4904221979041387e-06
936 8 0 1.0297867974187028e-05 3.4742516566168482e-06
944 8 0 1.0186253114584919e-05 3.4343365511460789e-06
952 8 0 1.0016883476594822e-05 3.3748815829522183e-06
960 8 0 9.8046281771686054e-06 3.3009605379719615e-06
968 8 0 9.566129607481341e-06 3.218254689499151e-06
976 8 0 9.3189130164076656e-06 3.1327483956672341e-06
984 8 0 9.0804244754467348e-06 3.0504000866648778e-06
992 8 0 8.8670556955438088e-06 2.9768087401517908e-06
1000 8 0 8.6932158024077477e-06 2.916896462525468e-06
1008 8 0 8.5705077519811795e-06 2.8746269186928619e-06
1016 8 0 8.5070608003087727e-06 2.8527771712889216e-06
0 16 0 2.9072664882153996e-20 3.6177654814148317e-20
8 16 0 3.5234719471036983e-20 4.3554387578250678e-20
16 16 0 4.8826736255235172e-20 5.9767189870271422e-20
24 16 0 7.2634226679178759e-20 8.8010725216644695e-20
32 16 0 1.1150591417862853e-19 1.3381607991980583e-19
40 16 0 1.7329536273193701e-19 2.0608307526013193e-19
48 16 0 2.7036901811305685e-19 3.1872366840134418e-19
56 16 0 4.219486271395355e-19 4.9319785091660252e-19
64 16 0 6.5769533188782845e-19 7.623671882962277e-19
72 16 0 1.023143666896135e-18 1.1762965585292119e-18
80 16 0 1.5878838925271945e-18 1.8109284632861874e-18
88 16 0 2.4578095916550431e-18 2.7809734878290641e-18
96 16 0 3.7933497250767259e-18 4.2589566826913879e-18
104 16 0 5.8364699758711235e-18 6.503205477544464e-18
112 16 0 8.9504723569577431e-18 9.8987634869161643e-18
120 16 0 1.3678412513027179e-17 1.5016914475424369e-17
128 16 0 2.0828536717918854e-17 2.2701416359265523e-17
136 16 0 3.1598875972550801e-17 3.4192988458192702e-17
144 16 0 4.775855122356288e-17 5.1308520446918876e-17
152 16 0 7.1911211159226464e-17 7.669853719593996e-17
160 16 0 1.078774532648506e-16 1.1421660740863051e-16
168 16 0 1.6124965502858757e-16 1.6944897289571495e-16
176 16 0 2.4019659707227958e-16 2.5047358773088573e-16
184 16 0 3.5662969102277985e-16 3.6894759635337771e-16
192 16 0 5.2789177193655626e-16 5.4166457774326782e-16
200 16 0 7.7919901049740333e-16 7.9278234950306655e-16
208 16 0 1.1471642232963566e-15 1.1570049572212631e-15
216 16 0 1.6848659496584404e-15 1.6841167398158915e-15
224 16 0 2.4691157909727378e-15 2.4454225264555716e-15
232 16 0 3.6108350684135962e-15 3.542859713291344e-15
240 16 0 5.269805947232139e-15 5.1218331621570353e-15
248 16 0 7.6755466633787422e-15 7.3892067517461071e-15
256 16 0 1.1156724682993312e-14 1.0638399365894326e-14
264 16 0 1.6182436323157627e-14 1.5284225238502816e-14
272 16 0 2.3419949108626004e-14 2.1911056558035264e-14
280 16 0 3.3815272717510362e-14 3.1339168038892364e-14
288 16 0 4.8705410523530898e-14 4.4715890429014833e-14
296 16 0 6.9974653038116982e-14 6.3640655396227916e-14
304 16 0 1.0027223803605107e-13 9.0336443471782e-14
312 16 0 1.4331571515550269e-13 1.2788494362371388e-13
320 16 0 2.0431422209160169e-13 1.8054942831738982e-13
328 16 0 2.9055967832283555e-13 2.5421863930745035e-13
336 16 0 4.1225303451013449e-13 3.5701776222748756e-13
344 16 0 5.836589941187635e-13 5.0014996642837133e-13
352 16 0 8.2471837187421524e-13 6.9905538789890635e-13
360 16 0 1.1632954480072368e-12 9.7500553377897886e-13
368 16 0 1.6383021592698076e-12 1.3572919635585853e-12
376 16 0 2.3040267645401028e-12 1.8862213326985501e-12
384 16 0 3.236108429382606e-12 2.617197752929203e-12
392 16 0 4.539750053430612e-12 3.6262622461609962e-12
400 16 0 6.3609620183969338e-12 5.0175736831749146e-12
408 16 0 8.9018963655619126e-12 6.9334640386370508e-12
416 16 0 1.2441687347502673e-11 9.5678941482436677e-12
424 16 0 1.7364691255980032e-11 1.31843895337014e-11
432 16 0 2.4198656172562039e-11 1.8139869340417813e-11
440 16 0 3.3666201518351325e-11 2.4916220702193142e-11
448 16 0 4.6754109229518684e-11 3.4162047236532213e-11
456 16 0 6.4806393422901748e-11 4.6747769816750451e-11
464 16 0 8.9648999689661389e-11 6.3838218294046011e-11
472 16 0 1.2375636522463869e-10 8.698806033676254e-11
480 16 0 1.7047301703186329e-10 1.1826689583030461e-10
488 16 0 2.3430695460484633e-10 1.6042261513682184e-10
496 16 0 3.2131579646670953e-10 2.1709366819029548e-10
504 16 0 4.3961159515530297e-10 2.9308318486037756e-10
512 16 0 6.0001587611850059e-10 3.9471036835390279e-10
520 16 0 8.1690290779456276e-10 5.3025718536181879e-10
528 16 0 1.1092766407611334e-09 7.1053104792000922e-10
536 16 0 1.5021355298412594e-09 9.4956692991918118e-10
544 16 0 2.0281902353701845e-09 1.2654953102999529e-09
552 16 0 2.7300130524145848e-09 1.6816057951475942e-09
560 16 0 3.6627163883373634e-09 2.2276408036502474e-09
568 16 0 4.897282742289564e-09 2.94136016412592e-09
576 16 0 6.524702847775675e-09 3.8704269972679255e-09
584 16 0 8.6611243795403002e-09 5.0746791949817395e-09
592 16 0 1.1454272810579086e-08 6.6288704362436343e-09
600 16 0 1.5091479096786497e-08 8.6259909196451187e-09
608 16 0 1.9809733664712875e-08 1.1181310810858383e-08
616 16 0 2.5908276362709733e-08 1.4437327179690116e-08
624 16 0 3.3764315640620767e-08 1.8569833971451079e-08
632 16 0 4.3852528308954008e-08 2.379536731349186e-08
640 16 0 5.6768997150096461e-08 3.0380294660670961e-08
648 16 0 7.3260163389093244e-08 3.8651801801072225e-08
656 16 0 9.4257165064145882e-08 4.9010969448947653e-08
664 16 0 1.2091555952325631e-07 6.1948002393534552e-08
672 16 0 1.5465985192023589e-07 7.8059461246540985e-08
680 16 0 1.9723144765044751e-07 9.8067036460061338e-08
688 16 0 2.5073761354943751e-07 1.2283699190208093e-07
696 16 0 3.1769780149382864e-07 1.5339889967453438e-07
704 16 0 4.0108233181117378e-07 1.9096171554631035e-07
712 16 0 5.0433707355951206e-07 2.3692465271915614e-07
720 16 0 6.313865637392107e-07 2.9287976982774545e-07
728 16 0 7.8660718893664156e-07 3.6060278586938289e-07
736 16 0 9.7476184759347782e-07 4.4202847240821219e-07
744 16 0 1.200888156327313e-06 5.3920715730097143e-07
752 16 0 1.4701339637052447e-06 6.5423949873449334e-07
760 16 0 1.7875368218439287e-06 7.8918782004786082e-07
768 16 0 2.1577481609293704e-06 9.4596395557013886e-07
776 16 0 2.5847080893601245e-06 1.1261957050486365e-06
784 16 0 3.0712827103882624e-06 1.3310765162031797e-06
792 16 0 3.6188821419171903e-06 1.5612057227804758e-06
800 16 0 4.2270834364598341e-06 1.8164293015642175e-06
808 16 0 4.8932876063226471e-06 2.0956933678933634e-06
816 16 0 5.6124432147995162e-06 2.3969241759594723e-06
824 16 0 6.3768698033030537e-06 2.7169489153004323e-06
832 16 0 7.1762122462766661e-06 3.0514708467622973e-06
840 16 0 7.9975516669621152e-06 3.3951101511378351e-06
848 16 0 8.8256898366408567e-06 3.7415182617623226e-06
856 16 0 9.643612412695309e-06 4.0835685695466903e-06
864 16 0 1.0433122708714744e-05 4.4136205410104035e-06
872 16 0 1.1175623015748157e-05 4.7238479398436642e-06
880 16 0 1.1853006119177737e-05 5.0066155617878428e-06
888 16 0 1.2448606990825265e-05 5.2548833041481417e-06
896 16 0 1.2948155037080161e-05 5.4626121011199557e-06
904 16 0 1.3340661896714558e-05 5.6251437820644164e-06
912 16 0 1.3619179402029163e-05 5.7395266166273082e-06
920 16 0 1.3781367285682815e-05 5.8047603610891981e-06
928 16 0 1.3829820368097763e-05 5.8219389500888065e-06
936 16 0 1.3772119630803876e-05 5.7942752964401707e-06
944 16 0 1.3620589665730998e-05 5.7270004812308249e-06
952 16 0 1.339176505954704e-05 5.6271383027368053e-06
960 16 0 1.3105588715140567e-05 5.5031649928728896e-06
968 16 0 1.2784384296980492e-05 5.3645721850745453e-06
976 16 0 1.24516614120749e-05 5.2213582727203998e-06
984 16 0 1.2130824562111613e-05 5.0834785989383535e-06
992 16 0 1.18438644356956e-05 4.960288094376839e-06
1000 16 0 1.1610112264933216e-05 4.8600108367238565e-06
1008 16 0 1.1445134670674041e-05 4.7892695312383345e-06
1016 16 0 1.1359837971597694e-05 4.7527042550250122e-06
0 24 0 6.5250319696302313e-20 8.1585807766910516e-20
8 24 0 7.8789107049287661e-20 9.7885724983677676e-20
16 24 0 1.0859392612550659e-19 1.3364562076146747e-19
24 24 0 1.6064495189582345e-19 1.9577105871385914e-19
32 24 0 2.4532199409843436e-19 2.9618611185225501e-19
40 24 0 3.7937843799206895e-19 4.5401429631897399e-19
48 24 0 5.8909268651440103e-19 6.9904027395720725e-19
56 24 0 9.1514647805613802e-19 1.0770342562719563e-18
64 24 0 1.4200625201840562e-18 1.6578158922435781e-18
72 24 0 2.1994402254253469e-18 2.5473541577667959e-18
80 24 0 3.398812355813382e-18 3.905797659189634e-18
88 24 0 5.2387830794841072e-18 5.9741789641747483e-18
96 24 0 8.0523064077681138e-18 9.1137382570906605e-18
104 24 0 1.2339675453415588e-17 1.386350695338864e-17
112 24 0 1.8849235843873907e-17 2.1024179901236781e-17
120 24 0 2.8695326988451547e-17 3.1779669022387088e-17
128 24 0 4.3529953077184377e-17 4.7872479668371231e-17
136 24 0 6.5791864430743502e-17 7.1855774404467315e-17
144 24 0 9.9067071670481756e-17 1.0745454494588382e-16
152 24 0 1.4860974835516642e-16 1.6008194314572905e-16
160 24 0 2.2209406067348111e-16 2.375763108399207e-16
168 24 0 3.3069862792430252e-16 3.5125233196884695e-16
176 24 0 4.9067018480316531e-16 5.1739956018478472e-16
184 24 0 7.2557728737615756e-16 7.5941824160381934e-16
192 24 0 1.0695563496798241e-15 1.1108624700041695e-15
200 24 0 1.5719813600004699e-15 1.6197730693250243e-15
208 24 0 2.3041691805176196e-15 2.3548386872905125e-15
216 24 0 3.368982689474332e-15 3.4141382441977859e-15
224 24 0 4.9145383174283094e-15 4.9375101511149981e-15
232 24 0 7.1536947817049402e-15 7.1239880583590687e-15
240 24 0 1.0391639109389174e-14 1.0256271121536956e-14
248 24 0 1.5064753415124849e-14 1.4734901088998021e-14
256 24 0 2.1795124048887638e-14 2.1125756469616487e-14
264 24 0 3.1466661561660444e-14 3.0225726250524509e-14
272 24 0 4.5331005666661267e-14 4.3153107467041925e-14
280 24 0 6.5154440756402726e-14 6.1471549389696348e-14
288 24 0 9.3421300952545732e-14 8.7359484126679649e-14
296 24 0 1.336153084343449e-13 1.2384128643373768e-13
304 24 0 1.9060868150783307e-13 1.7510238517746785e-13
312 24 0 2.7120065877921657e-13 2.4691888351829876e-13
320 24 0 3.8486365040899151e-13 3.4724384899356979e-13
328 24 0 5.447783176302859e-13 4.8700850887654392e-13
336 24 0 7.6927079673762205e-13 6.8121866494762232e-13
344 24 0 1.0838089605471348e-12 9.5045663776526633e-13
352 24 0 1.5237737597731216e-12 1.3229392979622864e-12
360 24 0 2.1383009817862156e-12 1.8373360509346184e-12
368 24 0 2.9955941228283929e-12 2.5466203851079041e-12
376 24 0 4.190248097238653e-12 3.5233188719187313e-12
384 24 0 5.8533061823118089e-12 4.8666374353452604e-12
392 24 0 8.1660122995916082e-12 6.7120929206166237e-12
400 24 0 1.1378535701571848e-11 9.2444673965559905e-12
408 24 0 1.5835360404198963e-11 1.2715145508663074e-11
416 24 0 2.2009581495746341e-11 1.7465208636009559e-11
424 24 0 3.0549080789681432e-11 2.3956067102523025e-11
432 24 0 4.2338525512979851e-11 3.2809944819850824e-11
440 24 0 5.8582422220544467e-11 4.4863230314244872e-11
448 24 0 8.0916156466050897e-11 6.1236624340263591e-11
456 24 0 1.115541632396522e-10 8.3427205218321823e-11
464 24 0 1.534872179837074e-10 1.1342906028303232e-10
472 24 0 2.1074442556140123e-10 1.5389105341118779e-10
480 24 0 2.887399128621679e-10 2.0832265858571055e-10
488 24 0 3.9472956974166817e-10 2.8136160548297325e-10
496 24 0 5.3840946465700501e-10 3.7912033394764094e-10
504 24 0 7.3269478001568053e-10 5.0963187147858915e-10
512 24 0 9.9472624447240338e-10 6.8341961680734098e-10
520 24 0 1.3471600931563815e-09 9.1421948956266379e-10
528 24 0 1.8198076886811426e-09 1.2198868579890552e-09
536 24 0 2.4517024597604406e-09 1.6235245290180319e-09
544 24 0 3.2936855456701374e-09 2.1548719959238159e-09
552 24 0 4.411618847562179e-09 2.8520004938143143e-09
560 24 0 5.8903571919876108e-09 3.7633640199054171e-09
568 24 0 7.838642906415484e-09 4.9502646267951408e-09
576 24 0 1.0395129845043601e-08 6.4898027768622335e-09
584 24 0 1.373580357452204e-08 8.4784025024543284e-09
592 24 0 1.8083143246822721e-08 1.1036028743044436e-08
600 24 0 2.3717470016431616e-08 1.4311252208038104e-08
608 24 0 3.0991044475571257e-08 1.8487365794496026e-08
616 24 0 4.0345603542399849e-08 2.3789813948759963e-08
624 24 0 5.2334149612071846e-08 3.0495256818941925e-08
632 24 0 6.7647895622445868e-08 3.8942644327896578e-08
640 24 0 8.7149291810767422e-08 4.9546705611282213e-08
648 24 0 1.1191196519016547e-07 6.2814245119230222e-08
656 24 0 1.4326813451309354e-07 7.9363551706839817e-08
664 24 0 1.8286356191679086e-07 9.9947042174595839e-08
672 24 0 2.3271931316677687e-07 1.2547694794873847e-07
680 24 0 2.9529848411050885e-07 1.5705339127258983e-07
688 24 0 3.7357460545151843e-07 1.9599357676879325e-07
696 24 0 4.7109670116836302e-07 2.4386005714193044e-07
704 24 0 5.9204404735748413e-07 3.0248515684607443e-07
712 24 0 7.412617262786682e-07 3.7398772566078161e-07
720 24 0 9.2426633356695615e-07 4.6077755015947363e-07
728 24 0 1.1472099748060245e-06 5.6554211070757257e-07
736 24 0 1.41679032000169e-06 6.9121009228803527e-07
744 24 0 1.7400953136282845e-06 8.4088630256119865e-07
752 24 0 2.124373462439738e-06 1.017753567925237e-06
760 24 0 2.5767246418917895e-06 1.2249388740752785e-06
768 24 0 3.1037121164995092e-06 1.4653435286513659e-06
776 24 0 3.7109037944087611e-06 1.7414403929982499e-06
784 24 0 4.4023592265914421e-06 2.0550450891533055e-06
792 24 0 5.1800878646976661e-06 2.4070722507833176e-06
800 24 0 6.0435127380240516e-06 2.7972919591095438e-06
808 24 0 6.9889809742160105e-06 3.2241050129857203e-06
816 24 0 8.0093673907589885e-06 3.6843581171183392e-06
824 24 0 9.093818718603486e-06 4.173220948673339e-06
832 24 0 1.0227683093038963e-05 4.6841459857842229e-06
840 24 0 1.139266181809995e-05 5.2089287146450808e-06
848 24 0 1.2567208098403179e-05 5.7378803510413582e-06
856 24 0 1.3727180982241999e-05 6.2601177422442121e-06
864 24 0 1.4846743249725148e-05 6.7639661369908828e-06
872 24 0 1.5899470955591821e-05 7.2374607354730875e-06
880 24 0 1.685962168096558e-05 7.6689232389930464e-06
888 24 0 1.7703490294973407e-05 8.04758097407025e-06
896 24 0 1.8410767138200117e-05 8.3641895085568369e-06
904 24 0 1.8965805678778974e-05 8.6116158131248716e-06
912 24 0 1.9358706018656471e-05 8.7853385196124794e-06
920 24 0 1.9586127646772013e-05 8.8838249448412276e-06
928 24 0 1.965175931818657e-05 8.9087511882270901e-06
936 24 0 1.9566394927244047e-05 8.8650413261347621e-06
944 24 0 1.9347590146961823e-05 8.7607137607602339e-06
952 24 0 1.9018903362283845e-05 8.6065361548506855e-06
960 24 0 1.8608753708013457e-05 8.4155039921708459e-06
968 24 0 1.8148956482055037e-05 8.2021705359462827e-06
976 24 0 1.7673019684795299e-05 7.9818668030326613e-06
984 24 0 1.7214303161049966e-05 7.7698583098990689e-06
992 24 0 1.6804152530072439e-05 7.5804902082219613e-06
1000 24 0 1.6470123101657072e-05 7.4263737227988079e-06
1008 24 0 1.6234404201912376e-05 7.3176645192848961e-06
1016 24 0 1.6112542226622706e-05 7.2614780004198451e-06
0 32 0 1.4683612746321283e-19 1.8185000725140648e-19
8 32 0 1.7667483203296534e-19 2.1741886342896068e-19
16 32 0 2.4223954688697406e-19 2.9530842937793261e-19
24 32 0 3.564160106096826e-19 4.3024649240826891e-19
32 32 0 5.4150810595068937e-19 6.4759395299866017e-19
40 32 0 8.3339273431104294e-19 9.8788553598502582e-19
48 32 0 1.2881329604716083e-18 1.5140146601100122e-18
56 32 0 1.9921807343280943e-18 2.3222467503764963e-18
64 32 0 3.0778784124276343e-18 3.5588403395297361e-18
72 32 0 4.7467943831921428e-18 5.4448990419200222e-18
80 32 0 7.304610015003016e-18 8.313274326348782e-18
88 32 0 1.1212962043658855e-17 1.2663031141284379e-17
96 32 0 1.7166044664858774e-17 1.9239370700700666e-17
104 32 0 2.6203182406804228e-17 2.9150246380550485e-17
112 32 0 3.9873415745110688e-17 4.4035585753291404e-17
120 32 0 6.0474996010838636e-17 6.6311575732959534e-17
128 32 0 9.1402432745555609e-17 9.9521638059826594e-17
136 32 0 1.3764763883521082e-16 1.4883861338161369e-16
144 32 0 2.0652161661636557e-16 2.2178086766283967e-16
152 32 0 3.0869169150089547e-16 3.292308235558865e-16
160 32 0 4.5967037151340181e-16 4.8688108919825851e-16
168 32 0 6.8195095989314947e-16 7.1728557768825335e-16
176 32 0 1.00806974498795e-15 1.0527673191130912e-15
184 32 0 1.4849955289799769e-15 1.5395400550656655e-15
192 32 0 2.1804188196839936e-15 2.2435493077889673e-15
200 32 0 3.1917544293254942e-15 3.2587464945451741e-15
208 32 0 4.6590078678081322e-15 4.7187976898204771e-15
216 32 0 6.7831209336721178e-15 6.8136235534057814e-15
224 32 0 9.8520484685433075e-15 9.8127026393766648e-15
232 32 0 1.4277682840064009e-14 1.4097789715107811e-14
240 32 0 2.064791023092613e-14 2.0208658749214159e-14
248 32 0 2.979965450412287e-14 2.8906748536953882e-14
256 32 0 4.2920880518504125e-14 4.126326384937857e-14
264 32 0 6.1692387812184953e-14 5.8780500156603595e-14
272 32 0 8.8484113133703192e-14 8.3558105766090498e-14
280 32 0 1.2662599014609907e-13 1.1851994721562459e-13
288 32 0 1.8078078507922538e-13 1.6772260233046533e-13
296 32 0 2.5745659486808257e-13 2.3677384773708245e-13
304 32 0 3.6571106668530092e-13 3.3339965259159803e-13
312 32 0 5.1811954229751533e-13 4.6821227330442947e-13
320 32 0 7.321074994025613e-13 6.557515985153229e-13
328 32 0 1.0317868265068298e-12 9.1589893128821828e-13
336 32 0 1.4504894616852444e-12 1.2757994787090681e-12
344 32 0 2.0342655983124012e-12 1.7724801184393589e-12
352 32 0 2.846713057735408e-12 2.4564163513435817e-12
360 32 0 3.9756370327208341e-12 3.3963912532564131e-12
368 32 0 5.542214507936297e-12 4.6861050162369294e-12
376 32 0 7.7135669691573843e-12 6.4531426008164232e-12
384 32 0 1.0719943617657069e-11 8.8710967426476316e-12
392 32 0 1.4878105220208232e-11 1.2175883767324436e-11
400 32 0 2.0623003098127839e-11 1.6687593278749574e-11
408 32 0 2.8550505912862037e-11 2.2839597632919652e-11
416 32 0 3.94747901317559e-11 3.1217138220326011e-11
424 32 0 5.4505147892204457e-11 4.2608237889070795e-11
432 32 0 7.5148470332830675e-11 5.8070609944700381e-11
440 32 0 1.0344565253478934e-10 7.9019306462447214e-11
448 32 0 1.4215278080631449e-10 1.0734124985876674e-10
456 32 0 1.9498136845797402e-10 1.4554461244247261e-10
464 32 0 2.6691627826673972e-10 1.9695334598220572e-10
472 32 0 3.6463547897258902e-10 2.659601086210101e-10
480 32 0 4.9706257144787845e-10 3.5835445824659612e-10
488 32 0 6.7609117522464142e-10 4.8174750361168536e-10
496 32 0 9.1752979860464595e-10 6.4611918389392389e-10
504 32 0 1.2423266514942697e-09 8.6451985628873323e-10
512 32 0 1.6781458612797444e-09 1.1539636940202189e-09
520 32 0 2.2613795827190453e-09 1.536557251716338e-09
528 32 0 3.0396945466701978e-09 2.0409121503027998e-09
536 32 0 4.0752269887784724e-09 2.7038959714549869e-09
544 32 0 5.4485575415939533e-09 3.5727801758978828e-09
552 32 0 7.2636193413764932e-09 4.7078486403821746e-09
560 32 0 9.6537212118930279e-09 6.1855363343758935e-09
568 32 0 1.2788907533210625e-08 8.1021765918888212e-09
576 32 0 1.6884932621905834e-08 1.0578450056358983e-08
584 32 0 2.2214206076976368e-08 1.376465203313171e-08
592 32 0 2.9119171989867156e-08 1.7846931247390347e-08
600 32 0 3.802872222446972e-08 2.3054704869602665e-08
608 32 0 4.9478410270067283e-08 2.9669523342761289e-08
616 32 0 6.4135417491159812e-08 3.8035741868591376e-08
624 32 0 8.2829406431013771e-08 4.8573446052370589e-08
632 32 0 1.0659053995034245e-07 6.1794162884739488e-08
640 32 0 1.3669599742204964e-07 7.8319942364378808e-08
648 32 0 1.7472621030939569e-07 9.8906388316150313e-08
656 32 0 2.2263168621993335e-07 1.2447011034177018e-07
664 32 0 2.828106040913867e-07 1.5612081875451016e-07
672 32 0 3.5819626111551534e-07 1.9519784801695954e-07
680 32 0 4.5235187538309868e-07 2.4331023750020396e-07
688 32 0 5.6956818222031169e-07 3.0237860569647968e-07
696 32 0 7.1495675831029346e-07 3.7467593913735037e-07
704 32 0 8.9452920420355856e-07 4.6286313382972249e-07
712 32 0 1.1152494519394498e-06 5.7001377642336321e-07
720 32 0 1.3850438837264298e-06 6.9962138681486424e-07
728 32 0 1.712752085513597e-06 8.5558136251696163e-07
736 32 0 2.1080004122897253e-06 1.0421394007166389e-06
744 32 0 2.5809816161894831e-06 1.2637984703820125e-06
752 32 0 3.142127030364975e-06 1.5251776870654738e-06
760 32 0 3.801663515967068e-06 1.8308188707193999e-06
768 32 0 4.5690556451508751e-06 2.184940204886845e-06
776 32 0 5.4523441874070109e-06 2.5911411889229707e-06
784 32 0 6.4574043157447477e-06 3.0520687429731725e-06
792 32 0 7.5871601154809837e-06 3.5690604725884821e-06
800 32 0 8.8408046971335954e-06 4.1417871484034395e-06
808 32 0 1.0213085987201731e-05 4.767921706188217e-06
816 32 0 1.1693725507877328e-05 5.4428657671784783e-06
824 32 0 1.3267039667276825e-05 6.1595660919701985e-06
832 32 0 1.4911829078823186e-05 6.9084519180835542e-06
840 32 0 1.6601590532745031e-05 7.6775194264570511e-06
848 32 0 1.8305088449444538e-05 8.4525815855087354e-06
856 32 0 1.9987298724486211e-05 9.2176906527089872e-06
864 32 0 2.161070938671603e-05 9.9557273750320375e-06
872 32 0 2.3136931691064908e-05 1.0649136468852761e-05
880 32 0 2.4528544919958626e-05 1.1280773582761763e-05
888 32 0 2.5751071269043657e-05 1.1834816087351209e-05
896 32 0 2.6774956646756953e-05 1.2297680097562516e-05
904 32 0 2.7577421491903846e-05 1.2658880321294976e-05
912 32 0 2.8144044538268951e-05 1.2911768498209021e-05
920 32 0 2.8469952591613241e-05 1.3054090734814157e-05
928 32 0 2.856051050641366e-05 1.3088313818364697e-05
936 32 0 2.8431436253378809e-05 1.3021684939794098e-05
944 32 0 2.8108303907722056e-05 1.2866007052579063e-05
952 32 0 2.7625439517134531e-05 1.263713187889114e-05
960 32 0 2.7024257700184303e-05 1.2354192704142056e-05
968 32 0 2.635112701800132e-05 1.2038617924031776e-05
976 32 0 2.5654886487827961e-05 1.1712982325753518e-05
984 32 0 2.4984161470949035e-05 1.1399765085018272e-05
992 32 0 2.43846427382944e-05 1.1120090607335235e-05
1000 32 0 2.389649682445588e-05 1.0892530216696473e-05
1008 32 0 2.3552068721197272e-05 1.0732039289437844e-05
1016 32 0 2.3374020227042551e-05 1.0649096105497257e-05
0 40 0 3.2868613471461931e-19 4.0206842965501294e-19
8 40 0 3.9409369546192601e-19 4.7902190523650263e-19
16 40 0 5.3754797626490667e-19 6.4722467231658143e-19
24 40 0 7.8666250301795151e-19 9.3780305362281272e-19
32 40 0 1.1891020589493495e-18 1.4042065047768085e-18
40 40 0 1.8212782702960687e-18 2.1315690626954011e-18
48 40 0 2.8021476205816205e-18 3.2514747255905867e-18
56 40 0 4.3144274847045906e-18 4.9645109714457529e-18
64 40 0 6.6367187519573704e-18 7.57418250547036e-18
72 40 0 1.0191693425112165e-17 1.1537434965486486e-17
80 40 0 1.5617884341351798e-17 1.7539408235050323e-17
88 40 0 2.3875993184943235e-17 2.660337458878218e-17
96 40 0 3.640541536555944e-17 4.0251489183056938e-17
104 40 0 5.5353428787354716e-17 6.0738496993681068e-17
112 40 0 8.3909001498402092e-17 9.1389603001657865e-17
120 40 0 1.2678657174379817e-16 1.3708630404191815e-16
128 40 0 1.909240708053822e-16 2.0496149528023538e-16
136 40 0 2.8648625221682451e-16 3.053895998395942e-16
144 40 0 4.2830248427920524e-16 4.5339170797387086e-16
152 40 0 6.3792251505678197e-16 6.7062390966676348e-16
160 40 0 9.4655146071166032e-16 9.8818512886623775e-16
168 40 0 1.3992365375814028e-15 1.4505772951193163e-15
176 40 0 2.0608370641010412e-15 2.1212874832752659e-15
184 40 0 3.0245355840456424e-15 3.0906550235347663e-15
192 40 0 4.4239681274729609e-15 4.4869585056976719e-15
200 40 0 6.4505009238706683e-15 6.4920370617049172e-15
208 40 0 9.3778055576286092e-15 9.3632847807478899e-15
216 40 0 1.3596744487077899e-14 1.3464574167078455e-14
224 40 0 1.9664751107919972e-14 1.9309633822310181e-14
232 40 0 2.837547255517182e-14 2.7622701405153401e-14
240 40 0 4.0856568980140289e-14 3.9422988795810949e-14
248 40 0 5.8706403041076752e-14 5.6141751907102504e-14
256 40 0 8.4184144367882695e-14 7.978371086395721e-14
264 40 0 1.2047288796878855e-13 1.1314843409680123e-13
272 40 0 1.7204221889979369e-13 1.6013238936244116e-13
280 40 0 2.4514593736172366e-13 2.2613912035785214e-13
288 40 0 3.4850338740969071e-13 3.1863407766515226e-13
296 40 0 4.9423044260516503e-13 4.478929569937509e-13
304 40 0 6.9911071927689895e-13 6.280093164609294e-13
312 40 0 9.863318156019448e-13 8.7825062544221828e-13
320 40 0 1.3878590979178842e-12 1.2248842695208655e-12
328 40 0 1.9476857577950481e-12 1.7036397192304904e-12
336 40 0 2.7262889403943125e-12 2.3630342820905776e-12
344 40 0 3.8067457167517601e-12 3.2688727826053013e-12
352 40 0 5.3031294090789897e-12 4.5103423336268658e-12
360 40 0 7.3720282859772472e-12 6.2082692545355393e-12
368 40 0 1.0228319524173226e-11 8.5262943695343049e-12
376 40 0 1.4166709569973808e-11 1.1685964792424093e-11
384 40 0 1.9591040360304701e-11 1.5987045932264909e-11
392 40 0 2.7053988987532668e-11 2.1834740497944411e-11
400 40 0 3.7310596376877413e-11 2.9775979678294886e-11
408 40 0 5.1390103545781689e-11 4.05475502467276e-11
416 40 0 7.0691928352081911e-11 5.5139575374539067e-11
424 40 0 9.7113385781275252e-11 7.4878826595429858e-11
432 40 0 1.3321908027753106e-10 1.0153757931929138e-10
440 40 0 1.8246495899723655e-10 1.3747532754228327e-10
448 40 0 2.4949403066508123e-10 1.8582276260226975e-10
456 40 0 3.4052598090044663e-10 2.5072013506774932e-10
464 40 0 4.6386962424894545e-10 3.3762560851292896e-10
472 40 0 6.3059558759359912e-10 4.5371362177644282e-10
480 40 0 8.5541702969447457e-10 6.0838870895409882e-10
488 40 0 1.1578386788363268e-09 8.13946717816264e-10
496 40 0 1.5636489824985698e-09 1.086422839273402e-09
504 40 0 2.1068465077830029e-09 1.4466740888666527e-09
512 40 0 2.8321095552999632e-09 1.9217524825932366e-09
520 40 0 3.7979368344353833e-09 2.5466336046718915e-09
528 40 0 5.0806066969729976e-09 3.3663729993134971e-09
536 40 0 6.7791229602334593e-09 4.4387693526534045e-09
544 40 0 9.0213377174918362e-09 5.8376186081157253e-09
552 40 0 1.1971467981758668e-08 7.6566474367411299e-09
560 40 0 1.5839257546268921e-08 1.0014219253843668e-08
568 40 0 2.0891084125099446e-08 1.3058913830293909e-08
576 40 0 2.7463382678264817e-08 1.6976096415208381e-08
584 40 0 3.5978858110108078e-08 2.1995619263375533e-08
592 40 0 4.6966103237257503e-08 2.8400843233665503e-08
600 40 0 6.1083427094072385e-08 3.6539234845228869e-08
608 40 0 7.9147933612828572e-08 4.6834887715553061e-08
616 40 0 1.0217115935975119e-07 5.980343492043744e-08
624 40 0 1.3140285248338436e-07 7.6069951449418291e-08
632 40 0 1.6838470283508193e-07 9.6390574464522446e-08
640 40 0 2.1501593978642844e-07 1.2167866215885344e-07
648 40 0 2.73632598625546e-07 1.5303632520324504e-07
656 40 0 3.4710179656170353e-07 1.9179204176571931e-07
664 40 0 4.3893142284589686e-07 2.3954474392136283e-07
672 40 0 5.5339410913247488e-07 2.9821417595614522e-07
680 40 0 6.9566211288330264e-07 3.700964208590498e-07
688 40 0 8.7194678791679137e-07 4.5792224299162464e-07
696 40 0 1.0896326974476438e-06 5.649143169018899e-07
704 40 0 1.3573923380332811e-06 6.9483757602540722e-07
712 40 0 1.685263228362813e-06 8.5203496136342789e-07
720 40 0 2.084665270541294e-06 1.0414389944478755e-06
728 40 0 2.5683334480305587e-06 1.2685481258460557e-06
736 40 0 3.1501398130063642e-06 1.5393560565689388e-06
744 40 0 3.8447800865714957e-06 1.860222550809131e-06
752 40 0 4.6673047174304488e-06 2.2376759837779629e-06
760 40 0 5.6324823866864678e-06 2.6781412449420293e-06
768 40 0 6.7539958500377201e-06 3.1875917491099316e-06
776 40 0 8.0434853763299816e-06 3.7711311019358344e-06
784 40 0 9.5094730587179202e-06 4.4325180896479016e-06
792 40 0 1.1156220588069466e-05 5.1736575267929529e-06
800 40 0 1.2982591845537035e-05 5.994088273613002e-06
808 40 0 1.4981007693389948e-05 6.8905074164483177e-06
816 40 0 1.7136591275055806e-05 7.8563750914197915e-06
824 40 0 1.9426605759247023e-05 8.8816466618274237e-06
832 40 0 2.1820280996906741e-05 9.9526770539587677e-06
840 40 0 2.4279109959202082e-05 1.1052335463921099e-05
848 40 0 2.6757670034953273e-05 1.2160357273660548e-05
856 40 0 2.9204989377195199e-05 1.3253944298666923e-05
864 40 0 3.1566436761748068e-05 1.4308605432935447e-05
872 40 0 3.378606815991767e-05 1.5299208866302736e-05
880 40 0 3.5809318502720389e-05 1.6201196215902585e-05
888 40 0 3.7585887356394865e-05 1.6991890221804015e-05
896 40 0 3.907263674431947e-05 1.7651813153873958e-05
904 40 0 4.0236301813198822e-05 1.8165924526927854e-05
912 40 0 4.1055813036477972e-05 1.852468538172349e-05
920 40 0 4.1524043326427397e-05 1.8724862839627057e-05
928 40 0 4.1648824324778357e-05 1.8770002688117732e-05
936 40 0 4.1453121193172906e-05 1.867051844392624e-05
944 40 0 4.0974310960301119e-05 1.8443371040051873e-05
952 40 0 4.0262571396025671e-05 1.8111341866929124e-05
960 40 0 3.9378450404326358e-05 1.7701930978022652e-05
968 40 0 3.8389744942033096e-05 1.7245939446745726e-05
976 40 0 3.7367868813581479e-05 1.6775817963368616e-05
984 40 0 3.6383926555967307e-05 1.6323881038448834e-05
992 40 0 3.5504733345629635e-05 1.5920496436096763e-05
1000 40 0 3.4789027041152353e-05 1.5592362106974291e-05
1008 40 0 3.4284108010635116e-05 1.5360977933749952e-05
1016 40 0 3.4023116332539809e-05 1.5241407576364177e-05
0 48 0 7.3075456436963225e-19 8.8238808784050179e-19
8 48 0 8.7311560069842864e-19 1.0475779280350901e-18
16 48 0 1.1847726485814881e-18 1.4079782487499925e-18
24 48 0 1.7244655566407642e-18 2.0288333453996416e-18
32 48 0 2.593308563726158e-18 3.0218660166790553e-18
40 48 0 3.9528473329914697e-18 4.564408590327343e-18
48 48 0 6.0536223461722072e-18 6.9294784361281794e-18
56 48 0 9.2789384561503435e-18 1.0531551432921731e-17
64 48 0 1.4210901257427731e-17 1.599513499233163e-17
72 48 0 2.1729128390598651e-17 2.4256545536551126e-17
80 48 0 3.3157292576402121e-17 3.6713942912670416e-17
88 48 0 5.0479367773725415e-17 5.5447186865248651e-17
96 48 0 7.6656904548616378e-17 8.3538158347884313e-17
104 48 0 1.1609192578103578e-16 1.2553477852258261e-16
112 48 0 1.7529860450005996e-16 1.8811935668764199e-16
120 48 0 2.6387287578571632e-16 2.8106590191925524e-16
128 48 0 3.9588556608561758e-16 4.1860416954891639e-16
136 48 0 5.918758520564187e-16 6.2135408370214778e-16
144 48 0 8.8169419225307615e-16 9.1905795421177685e-16
152 48 0 1.3085464247235455e-15 1.3544270409657909e-15
160 48 0 1.9347365895778981e-15 1.9885442012673506e-15
168 48 0 2.8498138327007191e-15 2.9084407762074706e-15
176 48 0 4.1821245473763072e-15 4.2377148008608846e-15
184 48 0 6.1151906075804088e-15 6.151408299206371e-15
192 48 0 8.9109266331706328e-15 8.8968531987052588e-15
200 48 0 1.2942537985575585e-14 1.2822880046490119e-14
208 48 0 1.8741090338376499e-14 1.8420727824764976e-14
216 48 0 2.7061318654156355e-14 2.6381280634803871e-14
224 48 0 3.8974384930230153e-14 3.7674991776059753e-14
232 48 0 5.5998173960325221e-14 5.3663165407531968e-14
240 48 0 8.0279557775951238e-14 7.625230769636286e-14
248 48 0 1.1484815494817926e-13 1.08107230157527e-13
256 48 0 1.639678552318399e-13 1.5294374303971413e-13
264 48 0 2.3362132206558978e-13 2.1592846102180511e-13
272 48 0 3.3217460826223485e-13 3.0422194234142153e-13
280 48 0 4.712850577195758e-13 4.27712798132829e-13
288 48 0 6.6713746507484298e-13 6.0000557032836981e-13
296 48 0 9.4212339959891593e-13 8.3974558641270542e-13
304 48 0 1.3271200357378283e-12 1.1723918163148793e-12
312 48 0 1.8645824410441631e-12 1.6325870072352675e-12
320 48 0 2.6127433674387497e-12 2.2673271731855028e-12
328 48 0 3.6513254770255385e-12 3.1402052818792667e-12
336 48 0 5.0893232224848901e-12 4.3371035814806513e-12
344 48 0 7.0756184993570614e-12 5.9738438419584576e-12
352 48 0 9.8134717427058555e-12 8.2064847514216633e-12
360 48 0 1.3580297540512786e-11 1.1245192099232667e-11
368 48 0 1.8754613893707531e-11 1.5372912758559003e-11
376 48 0 2.58526743623979e-11 2.0970471716303398e-11
384 48 0 3.557808629256961e-11 2.8550198092594991e-11
392 48 0 4.8888729485477079e-11 3.8800789786731268e-11
400 48 0 6.7086576055172299e-11 5.2646870919716503e-11
408 48 0 9.1937653792509289e-11 7.1327614636575355e-11
416 48 0 1.2583150372662098e-10 9.6499943880421733e-11
424 48 0 1.7199221237670511e-10 1.3037325411094574e-10
432 48 0 2.3475665959682243e-10 1.7588442387436325e-10
440 48 0 3.1994028653951982e-10 2.3692422724459016e-10
448 48 0 4.3531679326735098e-10 3.186293115065396e-10
456 48 0 5.9124611596819595e-10 4.2775786457934266e-10
464 48 0 8.014952327618744e-10 5.7317220062973599e-10
472 48 0 1.0843092093700419e-09 7.6645796123824602e-10
480 48 0 1.4638057386485734e-09 1.0227176309365543e-09
488 48 0 1.9717853966525908e-09 1.3615856528112725e-09
496 48 0 2.6500718217719718e-09 1.8085234726418687e-09
504 48 0 3.5535205966496556e-09 2.3964649653559858e-09
512 48 0 4.7538620378931999e-09 3.1678952543884756e-09
520 48 0 6.3445704391072749e-09 4.1774580153529324e-09
528 48 0 8.4469796962864947e-09 5.4951969031708749e-09
536 48 0 1.1217892312886864e-08 7.2105447682894304e-09
544 48 0 1.4858956325607561e-08 9.4371792564495029e-09
552 48 0 1.9628115418499798e-08 1.2318865506429299e-08
560 48 0 2.5853476800112589e-08 1.6036407636910456e-08
568 48 0 3.3949997955393355e-08 2.0815834058185677e-08
576 48 0 4.4439479093473198e-08 2.6937952985558969e-08
584 48 0 5.7974477373483611e-08 3.474944149331989e-08
592 48 0 7.5366946470923007e-08 4.467568291649045e-08
600 48 0 9.7622661939301253e-08 5.723565198373328e-08
608 48 0 1.2598282132838163e-07 7.3059270592957308e-08
616 48 0 1.6197459428018863e-07 9.2907819336374947e-08
624 48 0 2.0747280393280265e-07 1.1769818031208952e-07
632 48 0 2.6477527729960438e-07 1.4853188070779826e-07
640 48 0 3.3669460194528188e-07 1.8673006167071143e-07
648 48 0 4.2666892382879104e-07 2.33875551270725e-07
656 48 0 5.3889383832742284e-07 2.9186309407630948e-07
664 48 0 6.7847616676725969e-07 3.6295839064973631e-07
672 48 0 8.5160828508862009e-07 4.4986583386122029e-07
680 48 0 1.0657585337423524e-06 5.5580361499101353e-07
688 48 0 1.329869030908416e-06 6.8458316520949073e-07
696 48 0 1.6545470143495337e-06 8.4068770889070781e-07
704 48 0 2.0522299140586883e-06 1.0293421264946331e-06
712 48 0 2.5372981897262409e-06 1.2565635473767395e-06
720 48 0 3.1261042649891696e-06 1.5291794153128665e-06
728 48 0 3.8368815738766143e-06 1.8547975920612652e-06
736 48 0 4.689495869575303e-06 2.2417118648405861e-06
744 48 0 5.7050026373806267e-06 2.6987265128764755e-06
752 48 0 6.9049807012084118e-06 3.2348858450261847e-06
760 48 0 8.3106236316284971e-06 3.8590992121700107e-06
768 48 0 9.9415875991476517e-06 4.5796590937232324e-06
776 48 0 1.1814616478265816e-05 5.4036593473431056e-06
784 48 0 1.3941991148365822e-05 6.3363321445217439e-06
792 48 0 1.6329878114862419e-05 7.3803346754502903e-06
800 48 0 1.8976680119150037e-05 8.5350292318244285e-06
808 48 0 2.1871515109838266e-05 9.7958113342095603e-06
816 48 0 2.4992966366475598e-05 1.1153548591780706e-05
824 48 0 2.8308252421074447e-05 1.2594196438872142e-05
832 48 0 3.1772958050865508e-05 1.4098654506857294e-05
840 48 0 3.5331445423123181e-05 1.5642918344625642e-05
848 48 0 3.8918027308613821e-05 1.7198565323802324e-05
856 48 0 4.2458933675862122e-05 1.8733591450607428e-05
864 48 0 4.5875042194683515e-05 2.0213588852605204e-05
872 48 0 4.9085277026220406e-05 2.1603224047596593e-05
880 48 0 5.2010514718622974e-05 2.2867947424030514e-05
888 48 0 5.4577777578198881e-05 2.3975837647298624e-05
896 48 0 5.6724449898193428e-05 2.4899463890561835e-05
904 48 0 5.8402226340126675e-05 2.5617636412134555e-05
912 48 0 5.9580498418201462e-05 2.6116913882052687e-05
920 48 0 6.0248906166054455e-05 2.6392744845718504e-05
928 48 0 6.0418827012896089e-05 2.6450140544410547e-05
936 48 0 6.0123639637099146e-05 2.6303805628639418e-05
944 48 0 5.9417682000352992e-05 2.5977689772468349e-05
952 48 0 5.8373913262954794e-05 2.5503963785997993e-05
960 48 0 5.708038138234901e-05 2.4921465114162456e-05
968 48 0 5.5635684388778822e-05 2.4273696176611235e-05
976 48 0 5.4143686776950095e-05 2.3606491752633972e-05
984 48 0 5.2707807594416141e-05 2.2965496065767343e-05
992 48 0 5.1425229781726398e-05 2.2393604689491425e-05
1000 48 0 5.0381389148126643e-05 2.1928530065072053e-05
1008 48 0 4.9645085944385069e-05 2.1600642330657593e-05
1016 48 0 4.9264523908903986e-05 2.1431220090654793e-05
0 56 0 1.613142652210134e-18 1.9223689809889094e-18
8 56 0 1.9206935287335187e-18 2.2742425558682689e-18
16 56 0 2.5927508973314806e-18 3.0405236502505685e-18
24 56 0 3.7532989020404057e-18 4.3568698337639049e-18
32 56 0 5.6151745804052133e-18 6.4549279996429307e-18
40 56 0 8.5172559233188127e-18 9.7010955246137635e-18
48 56 0 1.2983100782300387e-17 1.465725172471156e-17
56 56 0 1.9810489889072074e-17 2.2172846808772561e-17
64 56 0 3.0206036249759361e-17 3.3522332609671621e-17
72 56 0 4.5985673927149778e-17 5.0608361439366433e-17
80 56 0 6.9871235489072537e-17 7.6260207423280916e-17
88 56 0 1.0592655463897407e-16 1.1466946183494189e-16
96 56 0 1.6019506289650069e-16 1.720225287692498e-16
104 56 0 2.4162670430361839e-16 2.5741355156120989e-16
112 56 0 3.6341796118770195e-16 3.8415450243944232e-16
120 56 0 5.4493877770497156e-16 5.7164451702696176e-16
128 56 0 8.1448973563453397e-16 8.4802268018690396e-16
136 56 0 1.2132299357585665e-15 1.2539137784180041e-15
144 56 0 1.8007521464648531e-15 1.8476941938172264e-15
152 56 0 2.6629734656893364e-15 2.712868303546449e-15
160 56 0 3.9232807908452487e-15 3.9683733702887629e-15
168 56 0 5.7582546089081897e-15 5.7829498442295833e-15
176 56 0 8.4198393482371918e-15 8.3951619236612401e-15
184 56 0 1.226659890678678e-14 1.2141281963464149e-14
192 56 0 1.7807779831875892e-14 1.7494131598470863e-14
200 56 0 2.5765418032065705e-14 2.5117193815402356e-14
208 56 0 3.7161818163141475e-14 3.5939990927009078e-14
216 56 0 5.3442599288960226e-14 5.1263010115121711e-14
224 56 0 7.6649376706289906e-14 7.2903530555971375e-14
232 56 0 1.0966133936785719e-13 1.033977812072803e-13
240 56 0 1.565318654723141e-13 1.4628019794306074e-13
248 56 0 2.2295538510570626e-13 2.0646747330256289e-13
256 56 0 3.1691159827155403e-13 2.9078400716869453e-13
264 56 0 4.4954978308739489e-13 4.0867681029487912e-13
272 56 0 6.3639655060365638e-13 5.7318263491015727e-13
280 56 0 8.9899785585240479e-13 8.0222919350650976e-13
288 56 0 1.2671430354032128e-12 1.1203773792227175e-12
296 56 0 1.7818689860116214e-12 1.5611447773507969e-12
304 56 0 2.4995118520527076e-12 2.1700958779293582e-12
312 56 0 3.4971694482794306e-12 3.0089460993380142e-12
320 56 0 4.8800705406242524e-12 4.1610116305277168e-12
328 56 0 6.7915307589048052e-12 5.7384539297998337e-12
336 56 0 9.4264268039655414e-12 7.8919275648638872e-12
344 56 0 1.3049462341315519e-11 1.0823456438848867e-11
352 56 0 1.8019956494127519e-11 1.4803652075187814e-11
360 56 0 2.4825489639745454e-11 2.0194766179436363e-11
368 56 0 3.4127526652266534e-11 2.7481557227313813e-11
376 56 0 4.6823146078701298e-11 3.7312567499200585e-11
384 56 0 6.4128284385164601e-11 5.0555174246591081e-11
392 56 0 8.7689519272208347e-11 6.8368720646262348e-11
400 56 0 1.197334469748888e-10 9.2301178830277501e-11
408 56 0 1.6326526842908464e-10 1.2441619007097844e-10
416 56 0 2.2233144760704271e-10 1.67459027782562e-10
424 56 0 3.0236546648765085e-10 2.2507213044751868e-10
432 56 0 4.1064108347118568e-10 3.0207349122798716e-10
440 56 0 5.5686451378410998e-10 4.048145622998993e-10
448 56 0 7.5394610477389058e-10 5.4163869103002552e-10
456 56 0 1.0190039805475386e-09 7.2346676687917128e-10
464 56 0 1.3746674333916104e-09 9.6454407465692303e-10
472 56 0 1.850767170608288e-09 1.283391666624453e-09
480 56 0 2.4865233695851277e-09 1.7040171494414417e-09
488 56 0 3.3333710494638633e-09 2.2574537229836139e-09
496 56 0 4.4585952944138405e-09 2.9837124091385472e-09
504 56 0 5.9499855620056414e-09 3.9342500756732875e-09
512 56 0 7.9217572922816754e-09 5.1750740309099301e-09
520 56 0 1.0522028454460207e-08 6.790621117330454e-09
528 56 0 1.394217659945737e-08 8.8885635216834504e-09
536 56 0 1.8428437081176294e-08 1.1605703087904222e-08
544 56 0 2.4296135582057064e-08 1.511511940397028e-08
552 56 0 3.1946980924929096e-08 1.9634734159365091e-08
560 56 0 4.1889884437023045e-08 2.5437447058045492e-08
568 56 0 5.4765832013579032e-08 3.2862991524346927e-08
576 56 0 7.1377432079032168e-08 4.2331659469992872e-08
584 56 0 9.2723918866803501e-08 5.4360064714902477e-08
592 56 0 1.2004262938741346e-07 6.9579167906239558e-08
600 56 0 1.5485831392303453e-07 8.8754885944681165e-08
608 56 0 1.9904209192133894e-07 1.1281176689354423e-07
616 56 0 2.5488241361656358e-07 1.4286043008671465e-07
624 56 0 3.2517098424489217e-07 1.8022973985011744e-07
632 56 0 4.1330715800740264e-07 2.265049691170599e-07
640 56 0 5.2342466361599331e-07 2.8357346013200913e-07
648 56 0 6.6054447509951604e-07 3.5367941899225641e-07
656 56 0 8.3075693240373232e-07 4.3948937747848647e-07
664 56 0 1.041434557416996e-06 5.4416938800395219e-07
672 56 0 1.3014741189498404e-06 6.7147404846292779e-07
680 56 0 1.621562148733366e-06 8.2584586256966684e-07
688 56 0 2.0144521961179067e-06 1.0125211524890024e-06
696 56 0 2.4952347232402415e-06 1.2376357571430171e-06
704 56 0 3.0815720405533214e-06 1.5083201861262433e-06
712 56 0 3.7938617371029804e-06 1.832770009121692e-06
720 56 0 4.6552836803020361e-06 2.2202734506412791e-06
728 56 0 5.6916791659378795e-06 2.6811749836219198e-06
736 56 0 6.9312077344158891e-06 3.226751841986277e-06
744 56 0 8.4037291502571022e-06 3.8689805247884545e-06
752 56 0 1.0139866546234596e-05 4.6201732302317083e-06
760 56 0 1.2169722843798508e-05 5.4924702758463555e-06
768 56 0 1.4521246692870884e-05 6.4971841997748016e-06
776 56 0 1.7218275825608922e-05 7.6440042783974368e-06
784 56 0 2.0278323292887566e-05 8.9400860413067655e-06
792 56 0 2.3710212790312709e-05 1.0389067900860063e-05
800 56 0 2.7511709350974465e-05 1.1990074630912146e-05
808 56 0 3.1667326444047826e-05 1.3736783127077812e-05
816 56 0 3.6146514958256303e-05 1.561663744919424e-05
824 56 0 4.0902448859946589e-05 1.7610305417420157e-05
832 56 0 4.5871612557722802e-05 1.9691466174342901e-05
840 56 0 5.0974363767748823e-05 2.1827005941102285e-05
848 56 0 5.6116592632416146e-05 2.3977677390612025e-05
856 56 0 6.119252512646955e-05 2.6099247420527001e-05
864 56 0 6.6088631047288719e-05 2.8144120555472689e-05
872 56 0 7.0688501073816999e-05 3.0063383712095206e-05
880 56 0 7.4878462142653488e-05 3.1809176394863214e-05
888 56 0 7.8553615225497505e-05 3.3337252753447955e-05
896 56 0 8.1623913788755263e-05 3.4609572476561144e-05
904 56 0 8.401986275226123e-05 3.5596739826915946e-05
912 56 0 8.5697412300254149e-05 3.6280106829788964e-05
920 56 0 8.6641651011772959e-05 3.6653368936339097e-05
928 56 0 8.6868967557306636e-05 3.6723509050876275e-05
936 56 0 8.6427445265738564e-05 3.6510986732034203e-05
944 56 0 8.5395371772821341e-05 3.6049120375058561e-05
952 56 0 8.3877877048952788e-05 3.5382666973591788e-05
960 56 0 8.2001846496511466e-05 3.456566183222278e-05
968 56 0 7.9909380565390057e-05 3.3658634533685193e-05
976 56 0 7.7750178529584067e-05 3.2725363214302408e-05
984 56 0 7.5673303660183484e-05 3.1829363299370455e-05
992 56 0 7.3818834471217824e-05 3.1030326958499208e-05
1000 56 0 7.2309919213198697e-05 3.0380734554309296e-05
1008 56 0 7.1245728275042661e-05 2.9922849363367429e-05
1016 56 0 7.0695743999558779e-05 2.9686282974650304e-05
0 64 0 3.5355116331990436e-18 4.1574788638878208e-18
8 64 0 4.1949360846017877e-18 4.901244848129474e-18
16 64 0 5.6332745475820491e-18 6.5179857242966067e-18
24 64 0 8.1101687358043105e-18 9.2874899381781029e-18
32 64 0 1.2070102580048144e-17 1.3686185561479926e-17
40 64 0 1.8218351447932576e-17 2.0465003145403255e-17
48 64 0 2.7640352507011946e-17 3.0770954953068877e-17
56 64 0 4.1983336697844635e-17 4.6330792344925087e-17
64 64 0 6.3728368859430982e-17 6.9724016153636764e-17
72 64 0 9.6594035366516211e-17 1.0478495729141312e-16
80 64 0 1.4613144291235345e-16 1.5719101478761487e-16
88 64 0 2.2059601647391595e-16 2.3531827587772955e-16
96 64 0 3.322175916657505e-16 3.5147907193952119e-16
104 64 0 4.9904025586482828e-16 5.237017534653771e-16
112 64 0 7.4757246362714427e-16 7.7827538355693008e-16
120 64 0 1.1165832947319333e-15 1.1533669634920514e-15
128 64 0 1.6625124158214379e-15 1.7041342330906e-15
136 64 0 2.4671437141765706e-15 2.5099142905988036e-15
144 64 0 3.6484463402820795e-15 3.6842832805195179e-15
152 64 0 5.3758417692357854e-15 5.3890781976449046e-15
160 64 0 7.8916541611340116e-15 7.8538814357976554e-15
168 64 0 1.1541204453137773e-14 1.1403039030005567e-14
176 64 0 1.6815001271898432e-14 1.6493080527887412e-14
184 64 0 2.4407880870250929e-14 2.3764522877216174e-14
192 64 0 3.5301911430346755e-14 3.4113594830534908e-14
200 64 0 5.0882611847468061e-14 4.8791572424675607e-14
208 64 0 7.3101809090150552e-14 6.9542374686887205e-14
216 64 0 1.0470560940408194e-13 9.8793086031033776e-14
224 64 0 1.4955290726226128e-13 1.399174558999864e-13
232 64 0 2.1305912057513749e-13 1.97599543439867e-13
240 64 0 3.0281206341537484e-13 2.7833395759945722e-13
248 64 0 4.2942285840826915e-13 3.9111110597033174e-13
256 64 0 6.0769560544024856e-13 5.4835114254579389e-13
264 64 0 8.5822659338227401e-13 7.6716971735613119e-13
272 64 0 1.2095791855138137e-12 1.0710833120433882e-12
280 64 0 1.7012270493589146e-12 1.4922935335828577e-12
288 64 0 2.3875204146259303e-12 2.0747306686084085e-12
296 64 0 3.3430137633624182e-12 2.8780907023663346e-12
304 64 0 4.6696077299820658e-12 3.9831722068346424e-12
312 64 0 6.5061155476174448e-12 5.4989176136430307e-12
320 64 0 9.0410821711519692e-12 7.5716979145501301e-12
328 64 0 1.2529984688704639e-11 1.0397564715737152e-11
336 64 0 1.7318354368829429e-11 1.4238446536543152e-11
344 64 0 2.3872918780164386e-11 1.9443608819977234e-11
352 64 0 3.2823608569315333e-11 2.6478154238485343e-11
360 64 0 4.5020255819181817e-11 3.5960938987090054e-11
368 64 0 6.1609083879580348e-11 4.8715050641813043e-11
376 64 0 8.4135713577901883e-11 6.583496278992303e-11
384 64 0 1.1468345863175568e-10 8.8775679713406594e-11
392 64 0 1.5605823991847069e-10 1.1947064060025241e-10
400 64 0 2.120346258051663e-10 1.6048690180486557e-10
408 64 0 2.8768145850006308e-10 2.1522820553202872e-10
416 64 0 3.8979047538960471e-10 2.8819904819359611e-10
424 64 0 5.2743759693516953e-10 3.8534589992588571e-10
432 64 0 7.1271457469917284e-10 5.1449548189814692e-10
440 64 0 9.6167907608400928e-10 6.8591474931262431e-10
448 64 0 1.2955847958039161e-09 9.1302332382426268e-10
456 64 0 1.7424707474267099e-09 1.2132970347637e-09
464 64 0 2.3392115080485334e-09 1.6094114972880919e-09
472 64 0 3.1341588372327409e-09 2.1306878129263203e-09
480 64 0 4.1905405190265694e-09 2.8149189520588729e-09
488 64 0 5.5908247724474772e-09 3.7106753363554871e-09
496 64 0 7.4423077035523877e-09 4.880211305608996e-09
504 64 0 9.8842356376789289e-09 6.4031196222192405e-09
512 64 0 1.3096831323191605e-08 8.3809072655672067e-09
520 64 0 1.7312649571790661e-08 1.0942690034498651e-08
528 64 0 2.283074012114082e-08 1.4252222820786323e-08
536 64 0 3.0034140169080516e-08 1.851649355510649e-08
544 64 0 3.9411254986027344e-08 2.3996109017964699e-08
552 64 0 5.1581715084294188e-08 3.1017688795725746e-08
560 64 0 6.7327331495068537e-08 3.9988461335593188e-08
568 64 0 8.7628823537925958e-08 5.1413229120888763e-08
576 64 0 1.1370909154902504e-07 6.5913849345895776e-08
584 64 0 1.4708398358170598e-07 8.4251378339622439e-08
592 64 0 1.8962179729365302e-07 1.0735107292560038e-07
600 64 0 2.436131998677157e-07 1.3633055210536502e-07
608 64 0 3.1185385881488317e-07 1.7253161702231139e-07
616 64 0 3.9774284370327822e-07 2.1755651531251774e-07
624 64 0 5.0540072409500961e-07 2.7330980852906927e-07
632 64 0 6.3981212712446254e-07 3.4204742167200347e-07
640 64 0 8.0699812374800244e-07 4.2643484957673409e-07
648 64 0 1.0142238940917724e-06 5.2961675281322169e-07
656 64 0 1.2702463098822188e-06 6.5530014243574168e-07
664 64 0 1.5856039454209482e-06 8.0785284366556298e-07
672 64 0 1.9729481674127682e-06 9.9241774639990651e-07
680 64 0 2.4474080113030328e-06 1.2150413162225369e-06
688 64 0 3.0269733486069091e-06 1.4828118323180445e-06
696 64 0 3.7328704803832586e-06 1.8039988222772298e-06
704 64 0 4.5898922266795646e-06 2.1881803147132331e-06
712 64 0 5.6266317462246723e-06 2.646339158056716e-06
720 64 0 6.8755571309433152e-06 3.1909043023977539e-06
728 64 0 8.3728541495597993e-06 3.8357083657435019e-06
736 64 0 1.0157959576402166e-05 4.5958299307034855e-06
744 64 0 1.2272709675045557e-05 5.4872888531801953e-06
752 64 0 1.4760039776466305e-05 6.5265663854015426e-06
760 64 0 1.7662193119644863e-05 7.7299299035819794e-06
768 64 0 2.1018430892645686e-05 9.112554903038436e-06
776 64 0 2.4862280104006358e-05 1.0687454567985254e-05
784 64 0 2.9218409334194331e-05 1.2464248866497683e-05
792 64 0 3.4099280691172772e-05 1.4447829265244918e-05
800 64 0 3.9501783981886612e-05 1.6636999607579959e-05
808 64 0 4.5404109571125638e-05 1.9023195694819437e-05
816 64 0 5.1763152407450544e-05 2.158940258348759e-05
824 64 0 5.8512754277366747e-05 2.4309396523775566e-05
832 64 0 6.5563078732065703e-05 2.7147435222884278e-05
840 64 0 7.2801369708851108e-05 3.0058503994401378e-05
848 64 0 8.0094270023028171e-05 3.2989195865257964e-05
856 64 0 8.729177254699655e-05 3.5879261869892781e-05
864 64 0 9.4232751602761408e-05 3.8663816172692682e-05
872 64 0 0.0001007518847859122 4.1276123403810285e-05
880 64 0 0.0001066876385375167 4.3650837889628615e-05
888 64 0 0.00011189086797894546 4.5727512142970493e-05
896 64 0 0.00011623348626531641 4.7454150844138121e-05
904 64 0 0.00011961660257917718 4.8790561640177574e-05
912 64 0 0.00012197751913004311 4.9711249064277814e-05
920 64 0 0.00012329501994811206 5.0207614471830381e-05
928 64 0 0.00012359247660818291 5.0289262662431104e-05
936 64 0 0.00012293843199777277 4.9984272177533618e-05
944 64 0 0.0001214444921478799 4.9338356585115271e-05
952 64 0 0.00011926054402254458 4.8412922432906097e-05
960 64 0 0.00011656750832873425 4.728210928148356e-05
968 64 0 0.00011356801509907525 4.6028971622962995e-05
976 64 0 0.00011047554174388647 4.47410255351223e-05
984 64 0 0.00010750266695955394 4.3505429830030358e-05
992 64 0 0.00010484916142971703 4.2404099030522521e-05
1000 64 0 0.00010269065376750799 4.1509052266464796e-05
1008 64 0 0.00010116857763841009 4.087828829716351e-05
1016 64 0 0.00010038202697420908 4.0552443939395662e-05
0 72 0 7.6929904970868644e-18 8.9254338443869226e-18
8 72 0 9.0961809327312616e-18 1.0485417307931975e-17
16 72 0 1.2151260271878656e-17 1.3870192469032946e-17
24 72 0 1.7397658673982413e-17 1.9652137067172485e-17
32 72 0 2.575628814152807e-17 2.8803191164143978e-17
40 72 0 3.8683354593335831e-17 4.28499293264413e-17
48 72 0 5.8411307460080823e-17 6.4114854497667843e-17
56 72 0 8.8314129042769721e-17 9.6079486611994138e-17
64 72 0 1.3345238501306775e-16 1.4392193149725051e-16
72 72 0 2.0137899265792933e-16 2.1530541323651365e-16
80 72 0 3.0332245769996832e-16 3.2152735045260426e-16
88 72 0 4.559142923516455e-16 4.7918436655517748e-16
96 72 0 6.8369666360527169e-16 7.1257159755814e-16
104 72 0 1.0227420093302054e-15 1.0571206217405019e-15
112 72 0 1.5258478471840743e-15 1.5642969640819524e-15
120 72 0 2.2699502582239847e-15 2.3085357044971152e-15
128 72 0 3.3666466489120379e-15 3.3970062646265456e-15
136 72 0 4.9770580047753742e-15 4.9832844820371915e-15
144 72 0 7.3327296208015975e-15 7.2863992439822073e-15
152 72 0 1.076491996688069e-14 1.0617251807996864e-14
160 72 0 1.5745535596931667e-14 1.5415135244185804e-14
168 72 0 2.294424348314334e-14 2.2298090140040993e-14
176 72 0 3.3308081799785844e-14 3.2132234712927943e-14
184 72 0 4.8172403747467103e-14 4.6127159974065972e-14
192 72 0 6.9415506260881663e-14 6.5967195401928117e-14
200 72 0 9.9674184272143668e-14 9.3992105469383691e-14
208 72 0 1.4264418377703776e-13 1.3344592599322265e-13
216 72 0 2.0349869543511571e-13 1.8881962854869602e-13
224 72 0 2.8947036316224768e-13 2.6632263537639319e-13
232 72 0 4.1065866401500449e-13 3.7453050997391992e-13
240 72 0 5.8114602101483206e-13 5.2527212749218649e-13
248 72 0 8.2053396437860089e-13 7.3484010216847072e-13
256 72 0 1.1560467479860424e-12 1.0256341897825612e-12
264 72 0 1.6253963107384052e-12 1.4283800183146419e-12
272 72 0 2.2806624975572019e-12 1.9851064927524674e-12
280 72 0 3.1935205829417722e-12 2.753116975130481e-12
288 72 0 4.4622510832343388e-12 3.810255468543927e-12
296 72 0 6.2211044657287529e-12 5.261854996514014e-12
304 72 0 8.6527799368167082e-12 7.2498693109162877e-12
312 72 0 1.2005033161260476e-11 9.9648427783484434e-12
320 72 0 1.6612780085702099e-11 1.3661583243484785e-11
328 72 0 2.2927549404441791e-11 1.8679690853049118e-11
336 72 0 3.155680090537258e-11 2.5470490334168193e-11
344 72 0 4.331652760014162e-11 3.4632449163654575e-11
352 72 0 5.9301762807800676e-11 4.6957878677366353e-11
360 72 0 8.098119480627187e-11 6.3494652009550151e-11
368 72 0 1.1032413452139339e-10 8.5627875130677321e-11
376 72 0 1.4997067636782491e-10 1.1518795644382562e-10
384 72 0 2.0345913834516228e-10 1.545933736874983e-10
392 72 0 2.755288805187231e-10 2.0703866801887685e-10
400 72 0 3.7252152761003188e-10 2.7674083917710567e-10
408 72 0 5.029096640320918e-10 3.6926042030855443e-10
416 72 0 6.7798952358320081e-10 4.9191715634542554e-10
424 72 0 9.1278349686105524e-10 6.5432453589637418e-10
432 72 0 1.2272100565973198e-09 8.6907266801165269e-10
440 72 0 1.6475938253966336e-09 1.152595516047364e-09
448 72 0 2.2086081196281788e-09 1.5262668210026838e-09
456 72 0 2.9557677821904099e-09 2.0177798449159482e-09
464 72 0 3.9486230053366253e-09 2.6628801421230645e-09
472 72 0 5.2648466501590613e-09 3.5075387513340803e-09
480 72 0 7.0054594710854424e-09 4.6106761869430641e-09
488 72 0 9.3015001088029642e-09 6.0475757125978509e-09
496 72 0 1.2322519009161384e-08 7.9141572560810682e-09
504 72 0 1.6287355259898169e-08 1.0332319650302804e-08
512 72 0 2.1477738588758812e-08 1.3456596114963699e-08
520 72 0 2.8255339606289312e-08 1.748240216489647e-08
528 72 0 3.7082962941927143e-08 2.2656181449476296e-08
536 72 0 4.8550633724187006e-08 2.928776784426919e-08
544 72 0 6.3407364003992043e-08 3.7765276386489093e-08
552 72 0 8.2599403880019934e-08 4.8572808374683118e-08
560 72 0 1.0731579283066173e-07 6.2311208117786094e-08
568 72 0 1.3904205265881472e-07 7.972204739791746e-08
576 72 0 1.7962294089492082e-07 1.0171495336566155e-07
584 72 0 2.3133536192132842e-07 1.29398359369093e-07
592 72 0 2.9697287021925339e-07 1.6411377658260466e-07
600 72 0 3.7994375197308071e-07 2.0747379168934837e-07
608 72 0 4.8438547583719456e-07 2.6140422433294453e-07
616 72 0 6.1529935901579596e-07 3.2819124777799119e-07
624 72 0 7.7871053262407888e-07 4.105347834507021e-07
632 72 0 9.8185954879646601e-07 5.1161008370420598e-07
640 72 0 1.2334329733247365e-06 6.3514002645618568e-07
648 72 0 1.5438406469049941e-06 7.8548111130475094e-07
656 72 0 1.9255464523179605e-06 9.6772626144416707e-07
664 72 0 2.3934567890865112e-06 1.1878270429454623e-06
672 72 0 2.9653659138126747e-06 1.4527365331017684e-06
680 72 0 3.6624493275255697e-06 1.7705715401751594e-06
688 72 0 4.5097851809249537e-06 2.1507890081251158e-06
696 72 0 5.5368693026604885e-06 2.6043661797965678e-06
704 72 0 6.7780725413927977e-06 3.1439675942187207e-06
712 72 0 8.2729709042813883e-06 3.784074675709438e-06
720 72 0 1.0066461433341069e-05 4.5410462513312995e-06
728 72 0 1.2208562515303301e-05 5.4330718231379051e-06
736 72 0 1.4753789507105652e-05 6.4799750821804263e-06
744 72 0 1.7759998528225752e-05 7.7028243779871034e-06
752 72 0 2.1286606161867847e-05 9.1233110150908149e-06
760 72 0 2.5392123023226843e-05 1.0762866457843221e-05
768 72 0 3.0130985795684122e-05 1.2641506423705071e-05
776 72 0 3.5549734671991613e-05 1.4776413355300349e-05
784 72 0 4.1682658200692014e-05 1.7180297902569537e-05
792 72 0 4.854710995641769e-05 1.9859612837609531e-05
800 72 0 5.6138783589466571e-05 2.2812726311853784e-05
808 72 0 6.4427305265945075e-05 2.6028191797797969e-05
816 72 0 7.3352554990938133e-05 2.9483275223660325e-05
824 72 0 8.2822150801142313e-05 3.3142911508116316e-05
832 72 0 9.2710513954949981e-05 3.6959259308018034e-05
840 72 0 0.00010285987370325249 4.0872001842248763e-05
848 72 0 0.00011308346588828614 4.480950237444357e-05
856 72 0 0.00012317103441688933 4.8690866609323795e-05
864 72 0 0.00013289656777545409 5.2428894360945769e-05
872 72 0 0.00014202800818972249 5.5933824912599798e-05
880 72 0 0.00015033847642714532 5.9117701631597897e-05
888 72 0 0.00015761838012191595 6.1899109632697558e-05
896 72 0 0.00016368763710945453 6.4207983581445068e-05
904 72 0 0.00016840716421935475 6.5990148071902135e-05
912 72 0 0.00017168876819432093 6.721124546942421e-05
920 72 0 0.00017350263441994244 6.7859728128622095e-05
928 72 0 0.00017388173927061402 6.7948642921008336e-05
936 72 0 0.00017292270417530639 6.7516012457856194e-05
944 72 0 0.00017078284873299517 6.6623713048049807e-05
952 72 0 0.00016767346645545067 6.5354856124972942e-05
960 72 0 0.00016384961761021781 6.3809788436831161e-05
968 72 0 0.00015959698672203825 6.2100927548816906e-05
976 72 0 0.00015521656727900877 6.034673493127203e-05
984 72 0 0.0001510080967895843 5.8665192592066489e-05
992 72 0 0.00014725326046023955 5.7167186530968084e-05
1000 72 0 0.00014419970603397279 5.5950209291841024e-05
1008 72 0 0.0001420468659355736 5.5092774867410843e-05
1016 72 0 0.00014093447091360474 5.4649894414465896e-05
0 80 0 1.6618424341473787e-17 1.9020518900149527e-17
8 80 0 1.9581598240663237e-17 2.2267079253868178e-17
16 80 0 2.6021452740911602e-17 2.9298482792066511e-17
24 80 0 3.7049795741154899e-17 4.127612915640407e-17
32 80 0 5.4559479305672051e-17 6.0166697987123707e-17
40 80 0 8.1533283919777131e-17 8.9048343927275105e-17
48 80 0 1.2252616195774867e-16 1.3258544834851876e-16
56 80 0 1.8439361565476386e-16 1.9774018173727467e-16
64 80 0 2.7737431651031825e-16 2.9482166119082199e-16
72 80 0 4.1668440589444298e-16 4.3901855404188011e-16
80 80 0 6.2484980815257258e-16 6.526234254974204e-16
88 80 0 9.3509865890682298e-16 9.6824322851291904e-16
96 80 0 1.3962682611634117e-15 1.4334081902989468e-15
104 80 0 2.0798626310707073e-15 2.1171514340769975e-15
112 80 0 3.0901448112660268e-15 3.119347614813883e-15
120 80 0 4.5784859627210999e-15 4.5838886298729041e-15
128 80 0 6.7636529135385835e-15 6.7171623145145327e-15
136 80 0 9.9603424868125657e-15 9.8138193339615426e-15
144 80 0 1.4619128864783805e-14 1.4292511221258985e-14
152 80 0 2.1382171774877554e-14 2.0745225757568432e-14
160 80 0 3.1160670841117471e-14 3.0005130916032815e-14
168 80 0 4.5242333623184333e-14 4.3239602985726038e-14
176 80 0 6.5440316512713787e-14 6.2077552459339807e-14
184 80 0 9.4299563721533075e-14 8.8783541625925776e-14
192 80 0 1.3538270166280978e-13 1.2649587357562521e-13
200 80 0 1.9366628974152736e-13 1.7955229984855145e-13
208 80 0 2.7609010977026041e-13 2.5393584887726363e-13
216 80 0 3.9231832398381173e-13 3.5788526441654289e-13
224 80 0 5.5579299853864087e-13 5.0273054786721237e-13
232 80 0 7.8518917398892441e-13 7.040351415446012e-13
240 80 0 1.1064181485070185e-12 9.831535209101938e-13
248 80 0 1.5553740665470716e-12 1.3693476679607401e-12
256 80 0 2.1816809377686037e-12 1.9026495448576907e-12
264 80 0 3.0537763290530471e-12 2.637711059944841e-12
272 80 0 4.2657689903096693e-12 3.6489504813826758e-12
280 80 0 5.9466375580722532e-12 5.0373882184042048e-12
288 80 0 8.2725065517782657e-12 6.9396705484594855e-12
296 80 0 1.1482959462242767e-11 9.5399152347868186e-12
304 80 0 1.5902649247732996e-11 1.3085190246222312e-11
312 80 0 2.1969875939608919e-11 1.7905673930469841e-11
320 80 0 3.0274363329186885e-11 2.4440867427239592e-11
328 80 0 4.1607240257490909e-11 3.3273672177159674e-11
336 80 0 5.7027291239540774e-11 4.5174751192252051e-11
344 80 0 7.7948976763796195e-11 6.1160415956999978e-11
352 80 0 1.0625964148516703e-10 8.2568382899784816e-11
360 80 0 1.4447584681582202e-10 1.1115719013496155e-10
368 80 0 1.9595200965207071e-10 1.4923692173205083e-10
376 80 0 2.6515863281165053e-10 1.9984121164395846e-10
384 80 0 3.5805251203266058e-10 2.6695333951855734e-10
392 80 0 4.8256754853759996e-10 3.5580261952525648e-10
400 80 0 6.4926236678713755e-10 4.7325124637424919e-10
408 80 0 8.7217008434064623e-10 6.2829633230489967e-10
416 80 0 1.1699066799286264e-09 8.327171132237089e-10
424 80 0 1.5671080327574294e-09 1.1019033687147384e-09
432 80 0 2.0962827246089725e-09 1.4559082709604863e-09
440 80 0 2.8001893414439976e-09 1.9207776269425796e-09
448 80 0 3.7348749406308626e-09 2.5302185242631855e-09
456 80 0 4.9735476271063581e-09 3.3276847101297866e-09
464 80 0 6.6115031474596898e-09 4.3689748182842314e-09
472 80 0 8.7723854014931416e-09 5.7254640882897123e-09
480 80 0 1.1616135658028506e-08 7.4881216179805041e-09
488 80 0 1.5349075821400815e-08 9.7725040595064087e-09
496 80 0 2.0236676265242452e-08 1.2724962644293723e-08
504 80 0 2.6619674910200973e-08 1.6530351660889677e-08
512 80 0 3.4934334703722511e-08 2.1421579261575553e-08
520 80 0 4.5737741771185782e-08 2.7691389857441283e-08
528 80 0 5.9739144391403439e-08 3.5706803539370705e-08
536 80 0 7.7838401568456196e-08 4.5926652896938467e-08
544 80 0 1.0117264039048114e-07 5.8922642547052221e-08
552 80 0 1.3117221225470305e-07 7.5404305416665009e-08
560 80 0 1.6962700094844782e-07 9.6248141566106011e-08
568 80 0 2.1876410005673218e-07 1.2253110790221875e-07
576 80 0 2.8133789426058237e-07 1.5556849972079403e-07
584 80 0 3.6073372129042142e-07 1.9695615978941038e-07
592 80 0 4.6108664680185805e-07 2.4861691196172833e-07
600 80 0 5.8741754366242909e-07 3.1285119642240707e-07
608 80 0 7.4578970017013909e-07 3.9239213447011842e-07
616 80 0 9.4349060679378715e-07 4.9046571066757602e-07
624 80 0 1.189245316074781e-06 6.1085743715601778e-07
632 80 0 1.493469632500672e-06 7.5798771709411045e-07
640 80 0 1.8685729997809222e-06 9.3699904132967401e-07
648 80 0 2.3293217582097451e-06 1.1538589424243618e-06
656 80 0 2.8932727137621275e-06 1.4154830155750576e-06
664 80 0 3.5812838320319735e-06 1.7298819460532035e-06
672 80 0 4.4181024469144431e-06 2.1063349653295654e-06
680 80 0 5.4330208677007291e-06 2.5555891134723195e-06
688 80 0 6.6605741890500695e-06 3.0900788217159711e-06
696 80 0 8.1412354824570563e-06 3.7241535322810932e-06
704 80 0 9.9220401356115184e-06 4.4742925015235531e-06
712 80 0 1.2057045579990826e-05 5.3592761032936662e-06
720 80 0 1.4607507684672369e-05 6.4002727891765011e-06
728 80 0 1.7641634338441206e-05 7.6207917135789613e-06
736 80 0 2.1233764589286078e-05 9.046444588637343e-06
744 80 0 2.5462822906212855e-05 1.0704458499875444e-05
752 80 0 3.0409917176958662e-05 1.2622886078212196e-05
760 80 0 3.6154989481070064e-05 1.4829472174343275e-05
768 80 0 4.2772492219389193e-05 1.7350157974522096e-05
776 80 0 5.0326148027291961e-05 2.0207234336279302e-05
784 80 0 5.8862956103261551e-05 2.341719479586425e-05
792 80 0 6.8406722794027222e-05 2.6988382629470839e-05
800 80 0 7.8951509901320355e-05 3.0918571619028144e-05
808 80 0 9.0455497063743044e-05 3.5192661747645001e-05
816 80 0 0.00010283583021459846 3.9780703226163487e-05
824 80 0 0.00011596506230925863 4.4636479292392962e-05
832 80 0 0.00012966977326296802 4.9696875123130761e-05
840 80 0 0.00014373187554550125 5.4882233489323491e-05
848 80 0 0.0001578929682627297 6.0097846264442695e-05
856 80 0 0.00017186190102621313 6.5236656149196049e-05
864 80 0 0.00018532546213639986 7.0183149578356512e-05
872 80 0 0.00019796183310232229 7.4818317111922591e-05
880 80 0 0.00020945617805874321 7.9025451277482922e-05
888 80 0 0.00021951748975461351 8.269645466002642e-05
896 80 0 0.0002278956206908996 8.5738253876457913e-05
904 80 0 0.00023439731229125689 8.8078867447122602e-05
912 80 0 0.00023890001366374514 8.9672664435110587e-05
920 80 0 0.00024136236254856453 9.0504379469235642e-05
928 80 0 0.00024183038219162235 9.0591517711936066e-05
936 80 0 0.00024043871663316258 8.998488568019307e-05
944 80 0 0.00023740656178104498 8.8767112173009663e-05
952 80 0 0.00023302832258042361 8.7049166859040866e-05
960 80 0 0.00022765940604704897 8.4965029918143535e-05
968 80 0 0.00022169791427085515 8.2664802110427781e-05
976 80 0 0.0002155633022102808 8.0306659674487629e-05
984 80 0 0.00020967328938165079 7.8048143781144511e-05
992 80 0 0.00020442044699120764 7.6037324125902486e-05
1000 80 0 0.00020014991532581381 7.4404388079947682e-05
1008 80 0 0.00019713964080298444 7.325418113242289e-05
1016 80 0 0.00019558436532807064 7.2660164240038398e-05
0 88 0 3.5638943241623314e-17 4.0234264898589255e-17
8 88 0 4.1848677494531415e-17 4.6938239940515044e-17
16 88 0 5.531993553297811e-17 6.1431378898216554e-17
24 88 0 7.8325924897558968e-17 8.6050922319777991e-17
32 88 0 1.1472617729279576e-16 1.2474379010046951e-16
40 88 0 1.7058162784705224e-16 1.8366597425214196e-16
48 88 0 2.5511161030626743e-16 2.7210853868773611e-16
56 88 0 3.8213379739203853e-16 4.0387991620971059e-16
64 88 0 5.7219597770114025e-16 5.993354148749636e-16
72 88 0 8.5570295993632309e-16 8.8832933612026561e-16
80 88 0 1.277473233649993e-15 1.3144817575019401e-15
88 88 0 1.903341887419742e-15 1.9413122717313907e-15
96 88 0 2.8296764514623585e-15 2.8610114173511156e-15
104 88 0 4.1970140651477047e-15 4.2069158479318726e-15
112 88 0 6.2094924260799098e-15 6.1711494108632049e-15
120 88 0 9.162374592594004e-15 9.0294203722568323e-15
128 88 0 1.3480815228053116e-14 1.3175666362619698e-14
136 88 0 1.9774161820774108e-14 1.9170169540729024e-14
144 88 0 2.8911640086042789e-14 2.7806003645786835e-14
152 88 0 4.2127397532445986e-14 4.0200333997907687e-14
160 88 0 6.1165801757150285e-14 5.7919331903863997e-14
168 88 0 8.8481936608910371e-14 8.3148516804613126e-14
176 88 0 1.2751786897205359e-13 1.1892452944053883e-13
184 88 0 1.8308310534745885e-13 1.6945012116564968e-13
192 88 0 2.6187857523843499e-13 2.405221331796092e-13
200 88 0 3.7321858959007881e-13 3.4011324312813346e-13
208 88 0 5.3002595864752404e-13 4.7916330248143949e-13
216 88 0 7.5020358840035462e-13 6.7265643512204178e-13
224 88 0 1.0585235464058532e-12 9.4108720054588264e-13
232 88 0 1.4892243155335256e-12 1.3124547308490032e-12
240 88 0 2.0895716694172123e-12 1.8249696834659955e-12
248 88 0 2.9247217345078117e-12 2.5307171109474926e-12
256 88 0 4.0843304826262943e-12 3.500591113304501e-12
264 88 0 5.6914873889978881e-12 4.8309069221952441e-12
272 88 0 7.9147194716923452e-12 6.6522060941514935e-12
280 88 0 1.0984025776476458e-11 9.1409053983763731e-12
288 88 0 1.5212177100237751e-11 1.2534606962443675e-11
296 88 0 2.1022874697029585e-11 1.7152097692963284e-11
304 88 0 2.8987839493955308e-11 2.3419337742779598e-11
312 88 0 3.987554987007876e-11 3.1903097723212474e-11
320 88 0 5.4715230756426477e-11 4.3354391152749278e-11
328 88 0 7.4880912434650584e-11 5.8764515241651925e-11
336 88 0 1.0220204243179283e-10 7.9437428142280314e-11
344 88 0 1.3910939272079617e-10 1.0708343805736137e-10
352 88 0 1.8882802438495185e-10 1.4394085498654035e-10
360 88 0 2.5563303695078357e-10 1.9293446106893923e-10
368 88 0 3.4518893138412154e-10 2.5788248846317046e-10
376 88 0 4.64999844455609e-10 3.4376733745951713e-10
384 88 0 6.2500585155121792e-10 4.5708957904488268e-10
392 88 0 8.3837016806285644e-10 6.0632989013594955e-10
400 88 0 1.1225136131613867e-09 8.0254946222694491e-10
408 88 0 1.5004664166455459e-09 1.0601660925864945e-09
416 88 0 2.0026237931523353e-09 1.3979506315698687e-09
424 88 0 2.6690114014721678e-09 1.8402968392491213e-09
432 88 0 3.5521909955694587e-09 2.4188273054768389e-09
440 88 0 4.7209669683865772e-09 3.1744095014682611e-09
448 88 0 6.265093464894048e-09 4.1596702235474345e-09
456 88 0 8.3012323372361447e-09 5.4421150444236077e-09
464 88 0 1.0980477965743921e-08 7.1079836638246667e-09
472 88 0 1.4497849489782854e-08 9.2670042095885545e-09
480 88 0 1.9104257276009011e-08 1.2058251398470687e-08
488 88 0 2.5121579880907224e-08 1.5657366157693034e-08
496 88 0 3.2961638909536175e-08 2.0285457582538991e-08
504 88 0 4.3150026571090651e-08 2.6220079531600294e-08
512 88 0 5.6355913965298064e-08 3.3808748396379809e-08
520 88 0 7.3429131628627064e-08 4.3485536917808434e-08
528 88 0 9.5445947930774144e-08 5.5791329391434295e-08
536 88 0 1.2376505446539466e-07 7.1398341932975062e-08
544 88 0 1.6009528293753336e-07 9.113948313152787e-08
552 88 0 2.0657651767136806e-07 1.1604304383182902e-07
560 88 0 2.6587514251455383e-07 1.4737305563543649e-07
568 88 0 3.4129520795895093e-07 1.8667545375317322e-07
576 88 0 4.369063939813764e-07 2.3582994545247158e-07
584 88 0 5.576898810798318e-07 2.9710726447211241e-07
592 88 0 7.0970355876358638e-07 3.7323134778361917e-07
600 88 0 9.0026874008483616e-07 4.6744598184197076e-07
608 88 0 1.1381818346402575e-06 5.835857124342872e-07
616 88 0 1.4339563174613632e-06 7.2615136280074248e-07
624 88 0 1.8001027532307988e-06 9.0039138852680281e-07
632 88 0 2.2514573495947824e-06 1.1123914791562452e-06
640 88 0 2.8055720411105962e-06 1.3691761672632769e-06
648 88 0 3.4831807006341069e-06 1.6788274835992201e-06
656 88 0 4.3087557293371851e-06 2.0506265375855856e-06
664 88 0 5.311165778085177e-06 2.4952238321332826e-06
672 88 0 6.5244374122440085e-06 3.0248425972122814e-06
680 88 0 7.9886099811730486e-06 3.6535159055614764e-06
688 88 0 9.7506530107660406e-06 4.3973523758750326e-06
696 88 0 1.186538901473815e-05 5.2748166582138258e-06
704 88 0 1.4396332637135072e-05 6.3069997747602758e-06
712 88 0 1.7416321683284493e-05 7.5178413745793686e-06
720 88 0 2.100778047384887e-05 8.9342522302189257e-06
728 88 0 2.5262426052020168e-05 1.0586072606940581e-05
736 88 0 3.0280209177923421e-05 1.2505792720534194e-05
744 88 0 3.61672814060883e-05 1.4727957930656479e-05
752 88 0 4.3032803255170858e-05 1.7288186179209698e-05
760 88 0 5.0984461655413338e-05 2.0221740698311146e-05
768 88 0 6.0122650193911289e-05 2.3561628592252658e-05
776 88 0 7.0533382363571263e-05 2.7336235703601775e-05
784 88 0 8.2280150899125801e-05 3.1566558746084871e-05
792 88 0 9.539510542349806e-05 3.6263153730480943e-05
800 88 0 0.0001098700815203485 4.1422980101570538e-05
808 88 0 0.00012564815881138805 4.7026376080478425e-05
816 88 0 0.00014261653344076195 5.3034444843215033e-05
824 88 0 0.00016060154160165159 5.9387155623131507e-05
832 88 0 0.00017936664838609878 6.6002461778113939e-05
840 88 0 0.00019861410903482474 7.2776704494716235e-05
848 88 0 0.0002179908145271724 7.9586504291593734e-05
856 88 0 0.00023709855717540918 8.6292244736349127e-05
864 88 0 0.00025550861171475637 9.2743129731308706e-05
872 88 0 0.00027278015021424488 9.8783657084468778e-05
880 88 0 0.00028848162933622614 0.00010426120960936575
888 88 0 0.00030221394441463993 0.00010903433516738683
896 88 0 0.00031363387456735751 0.0001129811834281988
904 88 0 0.00032247617973837949 0.00011600750250282836
912 88 0 0.00032857267809885572 0.00011805358240703191
920 88 0 0.00033186674201780017 0.00011909956920739612
928 88 0 0.00033242189990355842 0.00011916866287151073
936 88 0 0.00033042360231335565 0.00011832784694375991
944 88 0 0.00032617367395405464 0.00011668596801084189
952 88 0 0.00032007748943946448 0.00011438917276795853
960 88 0 0.0003126244359651925 0.00011161390377440692
968 88 0 0.00030436271638128293 0.00010855783515500744
976 88 0 0.00029586996188476843 0.00010542928179721012
984 88 0 0.0002877214331627953 0.00010243572840684429
992 88 0 0.00028045777111711012 9.9772190530771044e-05
1000 88 0 0.00027455430340576149 9.7610135046017862e-05
1008 88 0 0.00027039382193540733 9.6087653426095475e-05
1016 88 0 0.00026824452956810904 9.530150153089223e-05
0 96 0 7.5873208140212569e-17 8.4476664893856278e-17
8 96 0 8.878691743504646e-17 9.8211788371898952e-17
16 96 0 1.1675131443119466e-16 1.2785168855637696e-16
24 96 0 1.6437684721733696e-16 1.7806106004458017e-16
32 96 0 2.3946996739326528e-16 2.5669570329007397e-16
40 96 0 3.542476020991942e-16 3.7596574203983658e-16
48 96 0 5.2722014899400354e-16 5.5422610062520436e-16
56 96 0 7.8601371360174912e-16 8.1863826561921937e-16
64 96 0 1.1715313925761039e-15 1.2090614102949958e-15
72 96 0 1.7440322960565887e-15 1.783687753235203e-15
80 96 0 2.5919549911519331e-15 2.627152722552266e-15
88 96 0 3.8446541591511327e-15 3.8621457351174486e-15
96 96 0 5.6906878688134741e-15 5.6659483108198205e-15
104 96 0 8.4039299130795774e-15 8.2938657880302017e-15
112 96 0 1.2380641836943115e-14 1.2112238757517975e-14
120 96 0 1.8191794964850836e-14 1.7644673778992144e-14
128 96 0 2.6656481590672814e-14 2.5636389619601037e-14
136 96 0 3.8944331361503132e-14 3.7143228772713604e-14
144 96 0 5.6717643731829624e-14 5.3654064017762974e-14
152 96 0 8.2327731530353672e-14 7.7258220125522205e-14
160 96 0 1.1908513366101428e-13 1.1087339571973956e-13
168 96 0 1.716304534135235e-13 1.5855478987878775e-13
176 96 0 2.4644239841259242e-13 2.2591325357508415e-13
184 96 0 3.5253322651310853e-13 3.2068005359775006e-13
192 96 0 5.0240070841804419e-13 4.5346928501915012e-13
200 96 0 7.1333183271821226e-13 6.3880745400278588e-13
208 96 0 1.0091892611289635e-12 8.9652500120480427e-13
216 96 0 1.4228600235223964e-12 1.2536386568739649e-12
224 96 0 1.9996107469517359e-12 1.7468989840842049e-12
232 96 0 2.8016790463825288e-12 2.4262370470551234e-12
240 96 0 3.9145413528832079e-12 3.3594208107784925e-12
248 96 0 5.4554388454553043e-12 4.6383287189510876e-12
256 96 0 7.5849215959307953e-12 6.3873680790977091e-12
264 96 0 1.0522394311193132e-11 8.7747128236842577e-12
272 96 0 1.4566925565843839e-11 1.2027213077812495e-11
280 96 0 2.0124931174852831e-11 1.6450043687042476e-11
288 96 0 2.7746784062681426e-11 2.2452419911319607e-11
296 96 0 3.8174972389992869e-11 3.0581031501726291e-11
304 96 0 5.2407177236734906e-11 4.1563256682745206e-11
312 96 0 7.1778647593291234e-11 5.6362754508026066e-11
320 96 0 9.8069621909175755e-11 7.6250755587823984e-11
328 96 0 1.3364542767630251e-10 1.0289735792404568e-10
336 96 0 1.8163947057407314e-10 1.3848849221602916e-10
344 96 0 2.4619283077815754e-10 1.858760795073899e-10
352 96 0 3.327688793714922e-10 2.4877141238905719e-10
360 96 0 4.485674980197228e-10 3.3199510607832087e-10
368 96 0 6.03071419847292e-10 4.4180123567436911e-10
376 96 0 8.0876718191512613e-10 5.8629861903339208e-10
384 96 0 1.0820954305961006e-09 7.7599868795629434e-10
392 96 0 1.444700058198806e-09 1.0245270137341978e-09
400 96 0 1.9250630753883316e-09 1.3495442487359712e-09
408 96 0 2.5606325092320404e-09 1.7739319022415574e-09
416 96 0 3.4005744247222039e-09 2.3273088901614414e-09
424 96 0 4.5093082407212891e-09 3.0479562038758039e-09
432 96 0 5.9710183010462977e-09 3.9852396059699569e-09
440 96 0 7.8953764698548384e-09 5.2026346686271484e-09
448 96 0 1.0424763688441483e-08 6.7814759826102539e-09
456 96 0 1.3743347381659752e-08 8.8255749073845797e-09
464 96 0 1.8088461629568588e-08 1.146688037407125e-08
472 96 0 2.3764853699371408e-08 1.4872397980212424e-08
480 96 0 3.1162508674479698e-08 1.9252636851049594e-08
488 96 0 4.0778946038600258e-08 2.4871923558827298e-08
496 96 0 5.3247096492075166e-08 3.2061007949200894e-08
504 96 0 6.9370106102690945e-08 4.1232484031073791e-08
512 96 0 9.0164662361677872e-08 5.2899652799749846e-08
520 96 0 1.169146685464355e-07 6.7699550443741582e-08
528 96 0 1.5123727732220844e-07 8.6420937023474049e-08
536 96 0 1.9516339639836973e-07 1.1003806546874167e-07
544 96 0 2.5123476606906123e-07 1.3975100530458528e-07
552 96 0 3.2261956150319708e-07 1.7703315973818759e-07
560 96 0 4.1324819814999032e-07 2.2368637787110848e-07
568 96 0 5.2797066171212415e-07 2.8190373175601427e-07
576 96 0 6.7273633943384798e-07 3.5433963051053705e-07
584 96 0 8.5479714555194422e-07 4.4418653947930958e-07
592 96 0 1.0829349065472056e-06 5.552572503835733e-07
600 96 0 1.3677147219268069e-06 6.9207152216502525e-07
608 96 0 1.7217675470745447e-06 8.5994610633978153e-07
616 96 0 2.1601076802621056e-06 1.0650877970345537e-06
624 96 0 2.7004941417576016e-06 1.3146902712096583e-06
632 96 0 3.3638488287510277e-06 1.6170370915783002e-06
640 96 0 4.1747482083738731e-06 1.9816151922899308e-06
648 96 0 5.162008184233327e-06 2.4192451578550644e-06
656 96 0 6.3593822669227707e-06 2.9422361689101821e-06
664 96 0 7.8063896102184597e-06 3.5645739933045335e-06
672 96 0 9.5492800094562899e-06 4.3021491043408165e-06
680 96 0 1.1642125886734525e-05 5.1730281451826544e-06
688 96 0 1.4148005386641073e-05 6.1977648766002586e-06
696 96 0 1.7140205672951975e-05 7.3997360697562005e-06
704 96 0 2.0703332411895347e-05 8.8054736216835807e-06
712 96 0 2.4934163057863861e-05 1.0444947191758262e-05
720 96 0 2.9942032704067796e-05 1.2351733344972287e-05
728 96 0 3.5848498658960749e-05 1.4562989787957203e-05
736 96 0 4.2786001898457615e-05 1.7119139739880844e-05
744 96 0 5.0895239336744779e-05 2.0063165202877719e-05
752 96 0 6.0320989434380556e-05 2.3439412381950965e-05
760 96 0 7.1206202353724484e-05 2.7291830823255117e-05
768 96 0 8.3684278786163948e-05 3.1661602043861589e-05
776 96 0 9.7869618067173038e-05 3.6584163947073135e-05
784 96 0 0.00011384670964521067 4.2085702456710558e-05
792 96 0 0.000131658259153979 4.817925742081535e-05
800 96 0 0.00015129306162191904 5.4860669331009671e-05
808 96 0 0.00017267453489186647 6.2104668074649936e-05
816 96 0 0.00019565097828397698 6.986146472296836e-05
824 96 0 0.0002199886972247831 7.8054241952419371e-05
832 96 0 0.00024536911016421271 8.6577938910604654e-05
840 96 0 0.00027139081352954098 9.5299685562578302e-05
848 96 0 0.00029757731881876613 0.00010406115709497095
856 96 0 0.0003233908019117583 0.00011268299302897829
864 96 0 0.00034825174144606508 0.00012097126585774981
872 96 0 0.00037156380729871366 0.00012872580291831159
880 96 0 0.00039274283894559189 0.00013574997953869289
888 96 0 0.00041124827958202676 0.00014186143034436292
896 96 0 0.00042661505799555631 0.00014690298822305918
904 96 0 0.00043848368224120785 0.00015075307387731794
912 96 0 0.00044662626050588763 0.0001533347357092338
920 96 0 0.0004509663112251963 0.00015462258630218956
928 96 0 0.00045159056277506915 0.00015464699705291932
936 96 0 0.00044875144925711556 0.00015349508830400459
944 96 0 0.00044285964196489653 0.00015130827394269254
952 96 0 0.00043446666220742301 0.00014827636747080924
960 96 0 0.00042423833973959942 0.00014462850918951867
968 96 0 0.00041292055153629038 0.00014062140961643599
976 96 0 0.00040129924368197855 0.00013652560317024565
984 96 0 0.00039015716156963958 0.00013261055333153518
992 96 0 0.00038022996164788117 0.00012912953605926953
1000 96 0 0.00037216443845177936 0.00012630524803321458
1008 96 0 0.00036648147536150281 0.00012431704146026191
1016 96 0 0.00036354603109900127 0.00012329058335470484
0 104 0 1.6034987303406885e-16 1.7604756564359859e-16
8 104 0 1.8699870580694541e-16 2.0396723112016424e-16
16 104 0 2.4460300298757163e-16 2.641082494624003e-16
24 104 0 3.4243790726191713e-16 3.6570303192683886e-16
32 104 0 4.9616567068333925e-16 5.2425777960769944e-16
40 104 0 7.3021334413903078e-16 7.6379033417567829e-16
48 104 0 1.0814462496192079e-15 1.1202620291119105e-15
56 104 0 1.6046519792209685e-15 1.6466581971335324e-15
64 104 0 2.3805928028710997e-15 2.4203822928420111e-15
72 104 0 3.5277200492917919e-15 3.5539165614613433e-15
80 104 0 5.2191077137041991e-15 5.2100969413688115e-15
88 104 0 7.7067998942685813e-15 7.6238883329923802e-15
96 104 0 1.1356636179633295e-14 1.113327481674715e-14
104 104 0 1.6697795701109779e-14 1.6222855562014848e-14
112 104 0 2.4492880594461089e-14 2.3585032868985623e-14
120 104 0 3.583646874384298e-14 3.4205384278837703e-14
128 104 0 5.2292871210273851e-14 4.9481041796061738e-14
136 104 0 7.6087560134216736e-14 7.1383811299432411e-14
144 104 0 1.103717077495926e-13 1.0268356426042404e-13
152 104 0 1.5958595165587588e-13 1.4725241857019016e-13
160 104 0 2.2995852938075384e-13 2.1047682227111108e-13
168 104 0 3.3018524329231124e-13 2.9981347984863265e-13
176 104 0 4.7235565198767657e-13 4.2553699890364693e-13
184 104 0 6.7321328011085859e-13 6.0174342755889007e-13
192 104 0 9.558699934371943e-13 8.4769619970057692e-13
200 104 0 1.3521392867209981e-12 1.1896316569183131e-12
208 104 0 1.9057142623337678e-12 1.6631831420539685e-12
216 104 0 2.6764986803963613e-12 2.3166391651753538e-12
224 104 0 3.7465097310359408e-12 3.2153264151646874e-12
232 104 0 5.2279160934376522e-12 4.4475069545687844e-12
240 104 0 7.2739621636617003e-12 6.1323055372023523e-12
248 104 0 1.0093767564406392e-11 8.4303423454892686e-12
256 104 0 1.3972289675028504e-11 1.1557943083306266e-11
264 104 0 1.929710713487739e-11 1.580603671087552e-11
272 104 0 2.6594138643656334e-11 2.1565136127854719e-11
280 104 0 3.6574974861895307e-11 2.935813574893677e-11
288 104 0 5.0199203974001033e-11 3.9883063768818205e-11
296 104 0 6.875600389171916e-11 5.4068416338926597e-11
304 104 0 9.3970433919480111e-11 7.3144310672803441e-11
312 104 0 1.281414021013173e-10 9.8733480488600851e-11
320 104 0 1.7432037749699974e-10 1.3296718543528865e-10
328 104 0 2.3654278560034819e-10 1.7863253735626027e-10
336 104 0 3.201279627901023e-10 2.393597215637491e-10
344 104 0 4.3206891028554744e-10 3.1986031088415858e-10
352 104 0 5.8154029176054939e-10 4.2623156450981704e-10
360 104 0 7.8056260409804367e-10 5.6634651483444921e-10
368 104 0 1.0448726555216611e-09 7.5035599853364209e-10
376 104 0 1.3950658009485182e-09 9.9133675392915486e-10
384 104 0 1.8580941185523949e-09 1.3061293615870345e-09
392 104 0 2.4692270719330038e-09 1.7164210984449072e-09
400 104 0 3.2746073241243029e-09 2.2501415181821126e-09
408 104 0 4.3345644114735978e-09 2.9432524607780911e-09
416 104 0 5.7278833148836453e-09 3.8420289008967447e-09
424 104 0 7.557264444597093e-09 5.0059423548649496e-09
432 104 0 9.9562579070162546e-09 6.5112745997681754e-09
440 104 0 1.3098011138481987e-08 8.4556069310684871e-09
448 104 0 1.7206239671051736e-08 1.0963350672507218e-08
456 104 0 2.2568922289044332e-08 1.419251078226983e-08
464 104 0 2.9555342003639838e-08 1.8342909875592511e-08
472 104 0 3.8637251679583832e-08 2.3666149318954623e-08
480 104 0 5.0415145525529292e-08 3.0477651906719019e-08
488 104 0 6.5650869597427556e-08 3.917122069393577e-08
496 104 0 8.530810444127606e-08 5.0236661962003247e-08
504 104 0 1.1060259013376474e-07 6.4281153720387536e-08
512 104 0 1.4306431516142772e-07 8.2055184908810298e-08
520 104 0 1.8461421899017708e-07 1.0448402701162033e-07
528 104 0 2.3765821434568249e-07 1.327058032746864e-07
536 104 0 3.052014618671114e-07 1.6811725823497399e-07
544 104 0 3.909857713736465e-07 2.1242826551026097e-07
552 104 0 4.9965272124138467e-07 2.6772591129439961e-07
560 104 0 6.369345760210988e-07 3.3654863307647183e-07
568 104 0 8.0987439346813842e-07 4.2197037857441439e-07
576 104 0 1.027075969944385e-06 5.2769411305889333e-07
584 104 0 1.2989836850312538e-06 6.5815332071795759e-07
592 104 0 1.6381921569307788e-06 8.1861953974960884e-07
600 104 0 2.0597862440918322e-06 1.0153136041056441e-06
608 104 0 2.5817136534143262e-06 1.2555183230918922e-06
616 104 0 3.2251954772966594e-06 1.5476909915849047e-06
624 104 0 4.0151844129672599e-06 1.9015755148926783e-06
632 104 0 4.9808859203293279e-06 2.3283160737884237e-06
640 104 0 6.1563634006638039e-06 2.8405770044991815e-06
648 104 0 7.5812533420883914e-06 3.4526765705579731e-06
656 104 0 9.3016184358329528e-06 4.1807449629862275e-06
664 104 0 1.1370963603522993e-05 5.0429183540418349e-06
672 104 0 1.3851429113797106e-05 6.0595801438505304e-06
680 104 0 1.6815154031917179e-05 7.2536566142416535e-06
688 104 0 2.0345770263241332e-05 8.6509660890273634e-06
696 104 0 2.4539941742708176e-05 1.0280607779261496e-05
704 104 0 2.9508806033578928e-05 1.2175358732286313e-05
712 104 0 3.5379110249622123e-05 1.4372025488052136e-05
720 104 0 4.2293766049040082e-05 1.6911672951408832e-05
728 104 0 5.0411488446917951e-05 1.9839629449171209e-05
736 104 0 5.9905141638338458e-05 2.3205147755504791e-05
744 104 0 7.0958404539622497e-05 2.7060591518311792e-05
752 104 0 8.3760401816331521e-05 3.1460019674450952e-05
760 104 0 9.8498033176979601e-05 3.6457062298601153e-05
768 104 0 0.00011534588083002554 4.2102022823326438e-05
776 104 0 0.00013445378201424617 4.8438204563090926e-05
784 104 0 0.00015593241210192123 5.5497542075821731e-05
792 104 0 0.00017983751657479435 6.3295714997224997e-05
800 104 0 0.00020615373095292871 7.1827025213690133e-05
808 104 0 0.00023477920296651641 8.1059416387549763e-05
816 104 0 0.00026551244300694534 9.0930094813990235e-05
824 104 0 0.00029804293917720247 0.00010134225882053833
832 104 0 0.00033194704907481737 0.00011216344820351757
840 104 0 0.00036669049909211928 0.000123225976579682
848 104 0 0.00040163847591373708 0.00013432980411037419
856 104 0 0.00043607379494073659 0.00014524804830995879
864 104 0 0.00046922300730381489 0.00015573512606204687
872 104 0 0.00050028961021702525 0.0001655372867183331
880 104 0 0.00052849281848428478 0.00017440505583564251
888 104 0 0.00055310970992638968 0.0001821068865161989
896 104 0 0.00057351804621861549 0.00018844313560201003
904 104 0 0.00058923675611852579 0.00019325936748618286
912 104 0 0.00059996099621512143 0.00019645795561605962
920 104 0 0.00060558889752738586 0.00019800700932379037
928 104 0 0.00060623755982798847 0.0001979458004093544
936 104 0 0.00060224653756112015 0.00019638608932461975
944 104 0 0.00059416791590758908 0.00019350903585741569
952 104 0 0.00058274302967823224 0.00018955769872526897
960 104 0 0.00056886684892911809 0.00018482545412346269
968 104 0 0.00055354196115272637 0.00017964096678511356
976 104 0 0.0005378248468522242 0.00017435060338031661
984 104 0 0.00052276771490117476 0.00016929936749633689
992 104 0 0.00050935949770715069 0.00016481154535759139
1000 104 0 0.00049846968648499393 0.0001611722766198941
1008 104 0 0.00049079851682176472 0.00015861120667575259
1016 104 0 0.00048683661445370611 0.00015728924335343567
0 112 0 3.3639743867766744e-16 3.6413353687005958e-16
8 112 0 3.9096593692710965e-16 4.2043917506783872e-16
16 112 0 5.0871125244997193e-16 5.4150758752058319e-16
24 112 0 7.0814093918875599e-16 7.4545852169679529e-16
32 112 0 1.0204234502910387e-15 1.0626432745703612e-15
40 112 0 1.4940036783147091e-15 1.5399124978813355e-15
48 112 0 2.2017082787311184e-15 2.2471366265719673e-15
56 112 0 3.2513101763545009e-15 3.2868176805522137e-15
64 112 0 4.8009750957131108e-15 4.8080149516258594e-15
72 112 0 7.0816366107531352e-15 7.0263304596486893e-15
80 112 0 1.0429204655073011e-14 1.0252414967429359e-14
88 112 0 1.5330688227260961e-14 1.4932427182085219e-14
96 112 0 2.2489910996380445e-14 2.1705188899979693e-14
104 112 0 3.2920651263124627e-14 3.1482527404219921e-14
112 112 0 4.8077913463446712e-14 4.5561606080263951e-14
120 112 0 7.0041853022680683e-14 6.5781066212851556e-14
128 112 0 1.0177391300633559e-13 9.4736727442285972e-14
136 112 0 1.4747137143364915e-13 1.3607766856080031e-13
144 112 0 2.1305527201001664e-13 1.9491006861223208e-13
152 112 0 3.0683837022606604e-13 2.7834470013887505e-13
160 112 0 4.4043535165186492e-13 3.9623510795447824e-13
168 112 0 6.299987231409439e-13 5.6216826034437603e-13
176 112 0 8.978926508913235e-13 7.9478924353127763e-13
184 112 0 1.2749567076697487e-12 1.1195683950089024e-12
192 112 0 1.8035661931377712e-12 1.5711559085180602e-12
200 112 0 2.5417709436393112e-12 2.1965190842908634e-12
208 112 0 3.5688974043877363e-12 3.0591257656011236e-12
216 112 0 4.9931378455717151e-12 4.2445298713178877e-12
224 112 0 6.9618361462006281e-12 5.8678380126549738e-12
232 112 0 9.6754230480064367e-12 8.0836973246329988e-12
240 112 0 1.3406267700864053e-11 1.1099651393302083e-11
248 112 0 1.852410990989566e-11 1.5193970701969998e-11
256 112 0 2.553023275833477e-11 2.0739382696925105e-11
264 112 0 3.510314384575291e-11 2.8234509775616681e-11
272 112 0 4.8159274771511053e-11 3.8345276347244898e-11
280 112 0 6.5933110610832077e-11 5.1959075476542005e-11
288 112 0 9.0082267742819238e-11 7.0255104061514879e-11
296 112 0 1.2282442023064576e-10 9.4795007645263968e-11
304 112 0 1.6711474459228355e-10 1.2763886751899104e-10
312 112 0 2.2687488258991815e-10 1.7149269181689791e-10
320 112 0 3.0728756293228839e-10 2.2989506178750015e-10
328 112 0 4.1517532295660846e-10 3.0745261370895415e-10
336 112 0 5.5948768435385141e-10 4.1013684910011396e-10
344 112 0 7.5192922116970602e-10 5.4565866683304651e-10
352 112 0 1.0077718562703664e-09 7.239423553865255e-10
360 112 0 1.3469091189324929e-09 9.5772794553952732e-10
368 112 0 1.7952286540553032e-09 1.263340147645116e-09
376 112 0 2.3864025548776731e-09 1.6616738343990003e-09
384 112 0 3.1642234801394294e-09 2.1794602664527385e-09
392 112 0 4.1856481703779109e-09 2.850894853226091e-09
400 112 0 5.5247488423064155e-09 3.7197257926475859e-09
408 112 0 7.2778168722516889e-09 4.8419228023429112e-09
416 112 0 9.56991221578039e-09 6.2890655754613616e-09
424 112 0 1.2563206799462043e-08 8.1526118921981853e-09
432 112 0 1.646753250678443e-08 1.0549225238546487e-08
440 112 0 2.1553618069550474e-08 1.362736190963157e-08
448 112 0 2.8169590343558954e-08 1.757533976862395e-08
456 112 0 3.6761433071314162e-08 2.2631138595604389e-08
464 112 0 4.7898251879232349e-08 2.909422056140504e-08
472 112 0 6.2303400998538455e-08 3.7339715547025856e-08
480 112 0 8.0892797432248311e-08 4.7835397155619952e-08
488 112 0 1.0482209029136333e-07 6.1161987714059886e-08
496 112 0 1.3554476640327931e-07 7.8037477442691932e-08
504 112 0 1.7488374385415227e-07 9.9346321262286394e-08
512 112 0 2.2511950007023802e-07 1.2617457424039546e-07
520 112 0 2.8909824600179741e-07 1.5985221963019277e-07
528 112 0 3.7036401762036889e-07 2.0200409519975833e-07
536 112 0 4.7331872010208539e-07 2.5461088591157046e-07
544 112 0 6.0341403688390747e-07 3.200815688416911e-07
552 112 0 7.6737863253578428e-07 4.0133841596009944e-07
560 112 0 9.7348320909757062e-07 5.0191514258370935e-07
568 112 0 1.2318447720425528e-06 6.2606802423184125e-07
576 112 0 1.5547700830032784e-06 7.7889882878940491e-07
584 112 0 1.9571370057492114e-06 9.6648732125974058e-07
592 112 0 2.4568116966803877e-06 1.196030059708028e-06
600 112 0 3.0750998481974763e-06 1.4759814414966856e-06
608 112 0 3.8372319765062185e-06 1.8161927498121423e-06
616 112 0 4.7728864688815641e-06 2.2280455662151091e-06
624 112 0 5.9167599278599382e-06 2.7245775740552972e-06
632 112 0 7.3092019941177516e-06 3.320601568242856e-06
640 112 0 8.9969404051629854e-06 4.0328222860093024e-06
648 112 0 1.1033929912646365e-05 4.8799600735558613e-06
656 112 0 1.348236339881918e-05 5.8828946661691897e-06
664 112 0 1.6413881957564828e-05 7.0648454137809652e-06
672 112 0 1.9911009257647637e-05 8.4516047920103102e-06
680 112 0 2.4068810646158833e-05 1.0071838538137624e-05
688 112 0 2.8996736352268695e-05 1.1957456879709969e-05
696 112 0 3.4820549521969672e-05 1.4144046110724213e-05
704 112 0 4.1684164765865241e-05 1.6671327971149998e-05
712 112 0 4.9751135737674259e-05 1.9583586702067123e-05
720 112 0 5.9205439000448915e-05 2.2929972383102738e-05
728 112 0 7.0251117896089161e-05 2.6764557726193005e-05
736 112 0 8.3110289393843249e-05 3.1145998735352166e-05
744 112 0 9.8018996057934289e-05 3.6136633355822996e-05
752 112 0 0.00011522042149078247 4.1800852595067219e-05
760 112 0 0.00013495509547558075 4.8202601266622114e-05
768 112 0 0.00015744790365335197 5.5401914618614874e-05
776 112 0 0.0001828919865773371 6.3450474195369058e-05
784 112 0 0.00021142995417774296 7.2386269338262977e-05
792 112 0 0.00024313323157201935 8.2227573594579099e-05
800 112 0 0.00027798075616661884 9.2966577515379368e-05
808 112 0 0.00031583861935406617 0.00010456314664528154
816 112 0 0.00035644253782093557 0.00011693927910664251
824 112 0 0.0003993851979977408 0.00012997490347014406
832 112 0 0.00044411049727833494 0.0001435056685512687
840 112 0 0.00048991647567180128 0.00015732332041172494
848 112 0 0.00053596828002411127 0.00017117913262182014
856 112 0 0.00058132184325069539 0.00018479065639478195
864 112 0 0.00062495813336586176 0.00019785179923017084
872 112 0 0.00066582689693535835 0.00021004594461355563
880 112 0 0.00070289787431992729 0.00022106151862169392
888 112 0 0.00073521659644258859 0.00023060912376902747
896 112 0 0.00076196118182062552 0.00023843912849193965
904 112 0 0.00078249612360470865 0.00024435845121389813
912 112 0 0.00079641895183118106 0.00024824523253111374
920 112 0 0.00080359590685117623 0.00025006015885315814
928 112 0 0.00080418336023734287 0.00024985338479306272
936 112 0 0.0007986326268857399 0.00024776628635036016
944 112 0 0.00078767695176500477 0.00024402763823425241
952 112 0 0.00077230072840350121 0.00023894421434739275
960 112 0 0.00075369230305258079 0.00023288622422182423
968 112 0 0.00073318292793783993 0.00022626838392284009
976 112 0 0.00071217545023254082 0.00021952774551572149
984 112 0 0.00069206708239751165 0.00021309964964471889
992 112 0 0.00067417104306474209 0.00020739330509988367
1000 112 0 0.00065964196310488803 0.00020276853094446459
1008 112 0 0.00064940972349751731 0.00019951512317287656
1016 112 0 0.00064412585780714178 0.00019783613858855801
0 120 0 7.0053097554772702e-16 7.4750254045909906e-16
8 120 0 8.1140511199494837e-16 8.6015600129388422e-16
16 120 0 1.0502188399705551e-15 1.1019489288688242e-15
24 120 0 1.4535994608855513e-15 1.5081432663682876e-15
32 120 0 2.0830667248613998e-15 2.1376476260049389e-15
40 120 0 3.0339161761960446e-15 3.0810851997018857e-15
48 120 0 4.4488449053030857e-15 4.4730736930775121e-15
56 120 0 6.5381278569067147e-15 6.5102492995998548e-15
64 120 0 9.6089900473389702e-15 9.4772596829266224e-15
72 120 0 1.4107967070401825e-14 1.378389204462451e-14
80 120 0 2.068161962250237e-14 2.0017783292089673e-14
88 120 0 3.026311540934618e-14 2.9018894901693778e-14
96 120 0 4.4195099896360138e-14 4.1984266936242289e-14
104 120 0 6.4403178667344548e-14 6.0614666074352462e-14
112 120 0 9.3639519543710663e-14 8.7318819086574384e-14
120 120 0 1.3582291923553224e-13 1.2549622674915945e-13
128 120 0 1.9651064044862156e-13 1.7992639196102958e-13
136 120 0 2.8354903999444946e-13 2.5730106185997943e-13
144 120 0 4.0796534062224872e-13 3.6694729905124183e-13
152 120 0 5.8518307036494109e-13 5.218035893858783e-13
160 120 0 8.3667045960634316e-13 7.3972981208216324e-13
168 120 0 1.1921669834853199e-12 1.0452562771088077e-12
176 120 0 1.6926818944226011e-12 1.4719094120265035e-12
184 120 0 2.394525102678651e-12 2.0652952591065317e-12
192 120 0 3.3747221016558314e-12 2.8871811801794339e-12
200 120 0 4.7382900279301746e-12 4.0208970416431012e-12
208 120 0 6.62802316998886e-12 5.5784873579008811e-12
216 120 0 9.2376677168896028e-12 7.7101948371063734e-12
224 120 0 1.2829674158855602e-11 1.0617054435080016e-11
232 120 0 1.7759120372639436e-11 1.4567637274811905e-11
240 120 0 2.4505919094166135e-11 1.992031759354192e-11
248 120 0 3.3718080611865658e-11 2.7152854143905345e-11
256 120 0 4.6269615455259875e-11 3.6901588940355117e-11
264 120 0 6.3337653621369591e-11 5.0013176856620489e-11
272 120 0 8.6504551118755951e-11 6.7612473067794753e-11
280 120 0 1.1789218608737408e-10 9.1191025848939845e-11
288 120 0 1.6033737180433412e-10 1.2272156013799892e-10
296 120 0 2.1761942787590972e-10 1.6480491881769091e-10
304 120 0 2.9475361211127459e-10 2.2085721022854368e-10
312 120 0 3.9836757440681606e-10 2.9534649661209769e-10
320 120 0 5.3718262471978854e-10 3.9409042234945623e-10
328 120 0 7.2262793666556261e-10 5.2462898446377118e-10
336 120 0 9.6962453345396536e-10 6.9669055351870821e-10
344 120 0 1.2975878880027525e-09 9.2277472449701149e-10
352 120 0 1.7317142116568919e-09 1.2188831586397882e-09
360 120 0 2.3046370644720202e-09 1.6054398452357513e-09
368 120 0 3.0585688017004192e-09 2.1084556976040944e-09
376 120 0 4.0480763892766734e-09 2.7610094781436577e-09
384 120 0 5.3436837465921679e-09 3.6051378262983182e-09
392 120 0 7.0365430236040019e-09 4.6942513526113492e-09
400 120 0 9.2444746349540014e-09 6.0962206084495024e-09
408 120 0 1.21197396745946e-08 7.8973040371141139e-09
416 120 0 1.5858977791241752e-08 1.0207118239607788e-08
424 120 0 2.0715818691660228e-08 1.3164877531181038e-08
432 120 0 2.7016757745330917e-08 1.6947153806365375e-08
440 120 0 3.5180979979182044e-08 2.1777429307399385e-08
448 120 0 4.5744930112182904e-08 2.793773601843334e-08
456 120 0 5.9392571666918551e-08 3.5782700616970878e-08
464 120 0 7.6992472440637389e-08 4.5756350582214425e-08
472 120 0 9.9643116545564311e-08 5.8412095159437615e-08
480 120 0 1.2872819458786826e-07 7.4436385868201372e-08
488 120 0 1.6598407800542321e-07 9.4676695887206317e-08
496 120 0 2.1358224384597124e-07 1.2017464272428255e-07
504 120 0 2.7423006511643867e-07 1.5220531263666972e-07
512 120 0 3.5129407431063348e-07 1.9232411399974394e-07
520 120 0 4.4895046563199018e-07 2.4242275895372582e-07
528 120 0 5.7236811282012723e-07 3.0479619759132312e-07
536 120 0 7.2792960601365585e-07 3.8222243767988623e-07
544 120 0 9.2349560572559857e-07 4.7805709364290174e-07
552 120 0 1.1687170484958837e-06 5.9634413804926315e-07
560 120 0 1.47539835168128e-06 7.4194360991765998e-07
568 120 0 1.8579127962743941e-06 9.2067593770352205e-07
576 120 0 2.3336689117926833e-06 1.1394810945435665e-06
584 120 0 2.923624327008952e-06 1.4065891376542327e-06
592 120 0 3.6528417563884157e-06 1.7316970097523655e-06
600 120 0 4.5510812896941618e-06 2.1261451120197969e-06
608 120 0 5.6534247263183608e-06 2.6030864829265748e-06
616 120 0 7.0009320350966732e-06 3.17764184575241e-06
624 120 0 8.6413375019152353e-06 3.8670356756084097e-06
632 120 0 1.0629803562360608e-05 4.6907119837892498e-06
640 120 0 1.3029762691172288e-05 5.6704336539263194e-06
648 120 0 1.5913889986202226e-05 6.8303754458240144e-06
656 120 0 1.936525806498837e-05 8.1972273137092812e-06
664 120 0 2.3478727371345793e-05 9.800330103962517e-06
672 120 0 2.8362614049657947e-05 1.1671868243987168e-05
680 120 0 3.4140649184296457e-05 1.3847141726345047e-05
688 120 0 4.0954193231978664e-05 1.6364930609882294e-05
696 120 0 4.8964595632693884e-05 1.9267947924793161e-05
704 120 0 5.8355492737015238e-05 2.2603350688541486e-05
712 120 0 6.9334722439741382e-05 2.6423244445938129e-05
720 120 0 8.2135411383551653e-05 3.0785076752982968e-05
728 120 0 9.7015675622282165e-05 3.5751773608582173e-05
736 120 0 0.00011425628812919541 4.1391436063863753e-05
744 120 0 0.00013415562941375728 4.7776389542860233e-05
752 120 0 0.00015702127408584969 5.4981373834727884e-05
760 120 0 0.00018315769674220287 6.3080684820678381e-05
768 120 0 0.00021284981827196685 7.2144135514003806e-05
776 120 0 0.00024634246077270616 8.2231796436611966e-05
784 120 0 0.00028381622351600594 9.3387601777632559e-05
792 120 0 0.00032536080516659845 0.00010563206089550493
800 120 0 0.00037094733368199821 0.00011895448168910093
808 120 0 0.00042040176599934771 0.00013330527534791294
816 120 0 0.00047338181692757809 0.0001485890496593834
824 120 0 0.00052936010146788486 0.00016465928787269188
832 120 0 0.00058761616582960364 0.00018131543131843836
840 120 0 0.00064723979608352622 0.00019830312077428677
848 120 0 0.00070714741264593141 0.00021531819618940374
856 120 0 0.00076611249964547734 0.00023201480945239552
864 120 0 0.0008228099325960326 0.00024801768457208425
872 120 0 0.00087587284154891398 0.00026293818929679004
880 120 0 0.00092395939294162121 0.00027639349637083256
888 120 0 0.00096582572021161606 0.00028802775150165816
896 120 0 0.0010004003103125652 0.00029753386982678048
904 120 0 0.0010268545748186068 0.00030467439011641791
912 120 0 0.0010446641843622948 0.00030929975380432654
920 120 0 0.0010536560657043344 0.00031136245872660307
928 120 0 0.0010540367450304056 0.00031092576423805683
936 120 0 0.0010463989132361001 0.00030816597855191116
944 120 0 0.0010317045899992572 0.00030336781027723672
952 120 0 0.001011244942750894 0.0002969127736520093
960 120 0 0.00098657852727440502 0.00028926115512779653
968 120 0 0.00095945131186068002 0.00028092853216112317
976 120 0 0.00093170319574826231 0.00027245824286894582
984 120 0 0.00090516673204223054 0.00026439150622777996
992 120 0 0.00088156434816462576 0.0002572370667481026
1000 120 0 0.00086241049404935262 0.00025144227707305617
1008 120 0 0.00084892484667039388 0.00024736743989156932
1016 120 0 0.00084196199639569979 0.00024526501920285073
0 128 0 1.4480335160068261e-15 1.5228916430657354e-15
8 128 0 1.6715611132888326e-15 1.746493526465029e-15
16 128 0 2.1521677688393794e-15 2.2255602773920063e-15
24 128 0 2.9617427272538389e-15 3.0281294587703535e-15
32 128 0 4.2207143508663388e-15 4.2675668038693847e-15
40 128 0 6.1150013758979303e-15 6.1176836208998006e-15
48 128 0 8.9219185983805978e-15 8.8356597035384598e-15
56 128 0 1.3048377156506569e-14 1.2795542246600802e-14
64 128 0 1.9086249730265593e-14 1.8536329249995988e-14
72 128 0 2.7891859115026334e-14 2.6830319940208562e-14
80 128 0 4.0699402914592043e-14 3.8779685046600147e-14
88 128 0 5.9282010311039959e-14 5.5952275985185316e-14
96 128 0 8.6179366832602427e-14 8.0571798516588867e-14
104 128 0 1.2501784474169701e-13 1.1578291703997027e-13
112 128 0 1.8095833863028505e-13 1.6601897873121492e-13
120 128 0 2.6131914598469169e-13 2.3750926395882363e-13
128 128 0 3.7643703240965114e-13 3.3897447397187052e-13
136 128 0 5.4085010185442889e-13 4.8257416999839095e-13
144 128 0 7.7491263967349055e-13 6.85188877474688e-13
152 128 0 1.1069866597508194e-12 9.7014366681566585e-13
160 128 0 1.5764002716885064e-12 1.3695108078239918e-12
168 128 0 2.2374232605941276e-12 1.9271689145392364e-12
176 128 0 3.1645913064491047e-12 2.7028483123948049e-12
184 128 0 4.4598203617851827e-12 3.7774621879156966e-12
192 128 0 6.2619032818352653e-12 5.2601174845550304e-12
200 128 0 8.7591870695732758e-12 7.2973280531963136e-12
208 128 0 1.2206510527889741e-11 1.0085127646331243e-11
216 128 0 1.6947862553995976e-11 1.3885017218267004e-11
224 128 0 2.3446728593935618e-11 1.9044997365687591e-11
232 128 0 3.2326757647451341e-11 2.602735176217965e-11
240 128 0 4.4426236687708055e-11 3.5445380049813152e-11
248 128 0 6.0870934755771004e-11 4.8111945414995848e-11
256 128 0 8.3171204395614992e-11 6.5103514870862909e-11
264 128 0 1.1335083047799008e-10 8.7844334575950297e-11
272 128 0 1.541170241865507e-10 1.1821649746128411e-10
280 128 0 2.0908321193631393e-10 1.5870292205581972e-10
288 128 0 2.8305893194233303e-10 2.1257167086271734e-10
296 128 0 3.8242434669360063e-10 2.8411161493795579e-10
304 128 0 5.1561082233981827e-10 3.7893126133459552e-10
312 128 0 6.9371407101891375e-10 5.0433473553722967e-10
320 128 0 9.3127304706924478e-10 6.6979168986410705e-10
328 128 0 1.2472569211293338e-09 8.8752166564152564e-10
336 128 0 1.6663150869726736e-09 1.1732187061775302e-09
344 128 0 2.220362612499764e-09 1.546949496365541e-09
352 128 0 2.9505973702966801e-09 2.0342688232718053e-09
360 128 0 3.9100769097077715e-09 2.6676105993961311e-09
368 128 0 5.1670244993045136e-09 3.4880318895320109e-09
376 128 0 6.8090858674203311e-09 4.5474119169251724e-09
384 128 0 8.9488215728904862e-09 5.911238033471156e-09
392 128 0 1.1730794376215351e-08 7.6621456126808421e-09
400 128 0 1.5340695243403504e-08 9.9044174581537431e-09
408 128 0 2.0017043711708714e-08 1.2769688490914406e-08
416 128 0 2.606609603084954e-08 1.6424140421455004e-08
424 128 0 3.3880696222841266e-08 2.1077505863235519e-08
432 128 0 4.3963911551696293e-08 2.6994229481640252e-08
440 128 0 5.6958409286581429e-08 3.4507154424317769e-08
448 128 0 7.3682666130616244e-08 4.4034117286415717e-08
456 128 0 9.5175272283889429e-08 5.6097849874799784e-08
464 128 0 1.2274882302285181e-07 7.134961119943341e-08
472 128 0 1.5805521170500193e-07 9.0597022982144868e-08
480 128 0 2.0316458045606964e-07 1.1483667412730489e-07
488 128 0 2.6066077389262953e-07 1.4529221176034799e-07
496 128 0 3.3375688657025379e-07 1.8345886178811786e-07
504 128 0 4.2643537775310839e-07 2.3115562294251523e-07
512 128 0 5.4361818831037742e-07 2.9058673970952158e-07
520 128 0 6.91373224585716e-07 3.6441444193222904e-07
528 128 0 8.7716431041145035e-07 4.5584527411546304e-07
536 128 0 1.1101520436935421e-06 5.687325288703524e-07
544 128 0 1.4015526993685003e-06 7.0769722781324164e-07
552 128 0 1.7650611865451469e-06 8.7826963364291366e-07
560 128 0 2.21734196159894e-06 1.0870523195408056e-06
568 128 0 2.7785887339779161e-06 1.3419043046603216e-06
576 128 0 3.4731500063362498e-06 1.6521437087078917e-06
584 128 0 4.3302134646631846e-06 2.0287639228332925e-06
592 128 0 5.3845387661407812e-06 2.4846557171974123e-06
600 128 0 6.6772264017139587e-06 3.0348254310589795e-06
608 128 0 8.2565112092449356e-06 3.6965979612637593e-06
616 128 0 1.0178573880849083e-05 4.4897932784499161e-06
624 128 0 1.2508373177523645e-05 5.4368672110453655e-06
632 128 0 1.5320515546149857e-05 6.5630116185614915e-06
640 128 0 1.8700196345098607e-05 7.8962158646197654e-06
648 128 0 2.274426543202624e-05 9.4673002448027471e-06
656 128 0 2.7562485378697651e-05 1.1309941668594981e-05
664 128 0 3.327905747530831e-05 1.3460720735758682e-05
672 128 0 4.0034482293645115e-05 1.5959225105019478e-05
680 128 0 4.7987790910641504e-05 1.8848244075807654e-05
688 128 0 5.7319123841860958e-05 2.2174080926847385e-05
696 128 0 6.8232543557487045e-05 2.5986990590859535e-05
704 128 0 8.0958843425556724e-05 3.0341719562918879e-05
712 128 0 9.5757966885679511e-05 3.5298083061832274e-05
720 128 0 0.00011292048813653462 4.0921464058897819e-05
728 128 0 0.00013276744923086434 4.7283064959040684e-05
736 128 0 0.00015564772419305917 5.4459692951954825e-05
744 128 0 0.00018193201895661752 6.2532823741491539e-05
752 128 0 0.00021200264792057758 7.158667587402938e-05
760 128 0 0.00024623838156288125 8.1705049174400776e-05
768 128 0 0.00028499395378597065 9.2966743706065906e-05
776 128 0 0.00032857425720931812 0.00010543948412429467
784 128 0 0.0003772038252936385 0.00011917242663920282
792 128 0 0.00043099286606210338 0.00013418751365954244
800 128 0 0.00048990181537109914 0.00015047014903307179
808 128 0 0.00055370704134726065 0.00016795987264185957
816 128 0 0.00062197086658696149 0.00018654189027175337
824 128 0 0.00069401938934057674 0.00020604043467053654
832 128 0 0.00076893159714804199 0.00022621496996482935
840 128 0 0.000845542916857813 0.00024676018356013113
848 128 0 0.00092246560883533515 0.00026731052665230704
856 128 0 0.00099812730909787286 0.00028744976883733706
864 128 0 0.0010708276171681168 0.00030672564085158197
872 128 0 0.001138811030845704 0.0003246691832205972
880 128 0 0.0012003528893124538 0.00034081794028502366
888 128 0 0.0012538534717132742 0.00035474168877464192
896 128 0 0.0012979341801393457 0.00036606901933490684
904 128 0 0.0013315289649350247 0.00037451284459121665
912 128 0 0.0013539639381666213 0.0003798928235115072
920 128 0 0.0013650185244309374 0.00038215278766349516
928 128 0 0.0013649625092684624 0.00038137152981752571
936 128 0 0.0013545648917880112 0.00037776574892357958
944 128 0 0.0013350724002764939 0.00037168450016243312
952 128 0 0.0013081577164029033 0.00036359512419327261
960 128 0 0.0012758396824022016 0.00035406126901318187
968 128 0 0.0012403798440218032 0.00034371421432888229
976 128 0 0.0012041614386172081 0.00033321921179889726
984 128 0 0.0011695582382700105 0.00032323892605346568
992 128 0 0.0011388014149127284 0.000314396276401495
1000 128 0 0.0011138527711224088 0.00030723902794249853
1008 128 0 0.0010962922865619632 0.00030220836758199391
1016 128 0 0.0010872270155985505 0.00029961344062015951
0 136 0 2.9709251590725615e-15 3.0790139401499688e-15
8 136 0 3.4180546397538615e-15 3.5192972360831517e-15
16 136 0 4.3777280462313856e-15 4.4609168569940342e-15
24 136 0 5.9898721860241924e-15 6.0340246862971533e-15
32 136 0 8.4882811547357234e-15 8.4549210679383092e-15
40 136 0 1.2232684996797731e-14 1.2054130226591981e-14
48 136 0 1.7757578301919058e-14 1.7318811015851868e-14
56 136 0 2.5843919403107372e-14 2.4954463218681903e-14
64 136 0 3.7622578980261581e-14 3.5973077609515226e-14
72 136 0 5.4722179055234897e-14 5.1817823222734297e-14
80 136 0 7.9479087961192189e-14 7.4538344801885982e-14
88 136 0 1.1523428629622528e-13 1.0703610101738945e-13
96 136 0 1.6675116534919129e-13 1.5340632763091433e-13
104 136 0 2.4080076178166728e-13 2.19412656184262e-13
112 136 0 3.4697731736149996e-13 3.1314273752955876e-13
120 136 0 4.9882840994351531e-13 4.4590907997971234e-13
128 136 0 7.1541150638152166e-13 6.3347949296165523e-13
136 136 0 1.0234242718528198e-12 8.9774696479948632e-13
144 136 0 1.4601015171481786e-12 1.2689806886161055e-12
152 136 0 2.0771303265664852e-12 1.7888399066031193e-12
160 136 0 2.9459110795124982e-12 2.5143826151049872e-12
168 136 0 4.1645921751333641e-12 3.5233654591824758e-12
176 136 0 5.8674396188439095e-12 4.9212145859046154e-12
184 136 0 8.2372825497008794e-12 6.8501575377492061e-12
192 136 0 1.1522020766390296e-11 9.5011544665974827e-12
200 136 0 1.6056515122769589e-11 1.3129468135641892e-11
208 136 0 2.2291638174220984e-11 1.8074986096508549e-11
216 136 0 3.083287977226298e-11 2.4788779543490083e-11
224 136 0 4.2491725959623209e-11 3.3867880120203818e-11
232 136 0 5.8354109409630991e-11 4.6100909086388807e-11
240 136 0 7.9871616737521207e-11 6.2528032722584042e-11
248 136 0 1.0898288017076685e-10 8.4519768902514993e-11
256 136 0 1.482747192664779e-10 1.1388044840911293e-10
264 136 0 2.0119516505394038e-10 1.5298364376088794e-10
272 136 0 2.7233352164783482e-10 2.0494860660805559e-10
280 136 0 3.6778613399213365e-10 2.7386867993554259e-10
288 136 0 4.9563060280505037e-10 3.6510475178390978e-10
296 136 0 6.6653596163155642e-10 4.8565909387368819e-10
304 136 0 8.9454208367441378e-10 6.4464743882091185e-10
312 136 0 1.1980488065561434e-09 8.5389005333136347e-10
320 136 0 1.6010647369333518e-09 1.1286461779008222e-09
328 136 0 2.1347785867708594e-09 1.4885210524066564e-09
336 136 0 2.8395337931502038e-09 1.9585816089901936e-09
344 136 0 3.767312108865305e-09 2.5707268276236032e-09
352 136 0 4.9848661935684855e-09 3.365372975090492e-09
360 136 0 6.5776875091039026e-09 4.3935338533884434e-09
368 136 0 8.6550563888365245e-09 5.7194030521581093e-09
376 136 0 1.1356497784345503e-08 7.4235799532754186e-09
384 136 0 1.4860059606361642e-08 9.6071240980543416e-09
392 136 0 1.9392939988896193e-08 1.2396672679563922e-08
400 136 0 2.5245112701557247e-08 1.5950911229009452e-08
408 136 0 3.278673220262312e-08 2.0468744479592656e-08
416 136 0 4.2490236452304544e-08 2.6199568160606199e-08
424 136 0 5.4958202086076785e-08 3.3456087751158575e-08
432 136 0 7.0958141033336544e-08 4.2630162149052411e-08
440 136 0 9.1465563710899198e-08 5.4212165950673012e-08
448 136 0 1.1771678341703196e-07 6.8814364609233258e-08
456 136 0 1.5127312215868921e-07 8.7198788826509879e-08
464 136 0 1.9409843422228522e-07 1.1031009181717593e-07
472 136 0 2.4865223468714679e-07 1.3931389646892521e-07
480 136 0 3.1800125458337452e-07 1.7564121550956133e-07
488 136 0 4.0595298565297752e-07 2.2103968504375332e-07
496 136 0 5.1721574835837165e-07 2.7763261410034835e-07
504 136 0 6.5759100069562361e-07 3.479872305415171e-07
512 136 0 8.34204928019899e-07 4.3519398339185286e-07
520 136 0 1.055787666517945e-06 5.4295929586059773e-07
528 136 0 1.3330095845269134e-06 6.7571466296637817e-07
536 136 0 1.6788845725638945e-06 8.3874532024357553e-07
544 136 0 2.1092499271817419e-06 1.0383417067783781e-06
552 136 0 2.6433308201880605e-06 1.2819764205782598e-06
560 136 0 3.3043942811397456e-06 1.5785081449341e-06
568 136 0 4.1204930386382378e-06 1.9384119963268326e-06
576 136 0 5.1252937150441415e-06 2.3740329010150368e-06
584 136 0 6.3589773874964772e-06 2.8998551005024406e-06
592 136 0 7.8691944833381935e-06 3.5327770642728701e-06
600 136 0 9.7120518327729382e-06 4.292377510384534e-06
608 136 0 1.1953109170508695e-05 5.2011556444231039e-06
616 136 0 1.4668367159298999e-05 6.2847279781515552e-06
624 136 0 1.7945240388569011e-05 7.5719660138605337e-06
632 136 0 2.1883527164711349e-05 9.0950643118070227e-06
640 136 0 2.6596412209718373e-05 1.0889537216851872e-05
648 136 0 3.2211565676828987e-05 1.2994154400556391e-05
656 136 0 3.8872427047292632e-05 1.5450839170582296e-05
664 136 0 4.6739778211066993e-05 1.8304567121565746e-05
672 136 0 5.5993707398664593e-05 2.1603313238015661e-05
680 136 0 6.6836034986449158e-05 2.5398099513589226e-05
688 136 0 7.9493204768708343e-05 2.9743188881581507e-05
696 136 0 9.421953414834658e-05 3.4696451599016098e-05
704 136 0 0.0001113005629884756 4.0319895268498175e-05
712 136 0 0.00013105604994751178 4.6680299520237477e-05
720 136 0 0.00015384195219543244 5.3849833824684313e-05
728 136 0 0.00018005051418990502 6.1906467914479136e-05
736 136 0 0.00021010741714501399 7.0933917960174013e-05
744 136 0 0.00024446484269810906 8.1020819678973141e-05
752 136 0 0.00028358932379460696 9.225879514858029e-05
760 136 0 0.00032794343073728202 0.00010473909620425307
768 136 0 0.00037796069749203656 0.00011854757449346613
776 136 0 0.00043401374133361279 0.00013375785242643367
784 136 0 0.00049637625193284132 0.00015042274942083495
792 136 0 0.00056518037972164582 0.00016856424460482994
800 136 0 0.00064037196440417093 0.00018816251210811293
808 136 0 0.00072166691398912021 0.00020914482151143231
816 136 0 0.00080851275685871486 0.00023137532104218538
824 136 0 0.00090005982401111329 0.0002546468791622883
832 136 0 0.00099514656711287134 0.00027867621774038199
840 136 0 0.0010923031004179441 0.00030310350060417279
848 136 0 0.0011897761354876422 0.00032749733055650421
856 136 0 0.0012855770779352099 0.0003513657574842231
864 136 0 0.0013775532580196988 0.00037417342959205897
872 136 0 0.0014634802140663012 0.00039536446637321028
880 136 0 0.0015411708295974774 0.00041439004777938846
888 136 0 0.0016085951604879161 0.00043073916064863727
896 136 0 0.0016640031994742525 0.00044397048438412929
904 136 0 0.0017060418095262413 0.00045374309073766038
912 136 0 0.0017338567616781285 0.00045984352110319394
920 136 0 0.0017471713120944326 0.00046220691264987099
928 136 0 0.0017463340390859881 0.00046093017182549894
936 136 0 0.0017323306407115908 0.00045627571588418734
944 136 0 0.001706756900438927 0.00044866497434660891
952 136 0 0.0016717528405961759 0.00043866160115931018
960 136 0 0.0016299009514153834 0.00042694512514172551
968 136 0 0.0015840940583506855 0.00041427649167870046
976 136 0 0.0015373806504161054 0.00040145756107059019
984 136 0 0.0014927971643234762 0.00038928708099940693
992 136 0 0.0014531976913142234 0.00037851591224550814
1000 136 0 0.0014210917990649073 0.00036980434654212816
1008 136 0 0.0013985006541439571 0.0003636842186291215
1016 136 0 0.00138684045621871 0.00036052820019352337
0 144 0 6.0499390992225303e-15 6.1776250951139141e-15
8 144 0 6.9373518758370132e-15 7.03763319458719e-15
16 144 0 8.8386449032254198e-15 8.8736201804785064e-15
24 144 0 1.2023896872321346e-14 1.1932406919932567e-14
32 144 0 1.6943202222674033e-14 1.6623136584142292e-14
40 144 0 2.4286815223389712e-14 2.35689493003925e-14
48 144 0 3.5076389317770926e-14 3.3684748153423284e-14
56 144 0 5.0798382621789275e-14 4.8289848411234683e-14
64 144 0 7.3595656589776807e-14 6.926812689285654e-14
72 144 0 1.0654000227796919e-13 9.9293412551472303e-14
80 144 0 1.5401743276307817e-13 1.421447566087772e-13
88 144 0 2.2227038731361473e-13 2.031454770978679e-13
96 144 0 3.2015749298010562e-13 2.8977219655130631e-13
104 144 0 4.6021341796592928e-13 4.1249631602111733e-13
112 144 0 6.6012005489105873e-13 5.8594144988456847e-13
120 144 0 9.4473748992322766e-13 8.3046736229509497e-13
128 144 0 1.3488909993431769e-12 1.1743251125190891e-12
136 144 0 1.9211712366523062e-12 1.6565708390063247e-12
144 144 0 2.729082205764284e-12 2.3309786216146343e-12
152 144 0 3.8659702331696046e-12 3.2712584742912983e-12
160 144 0 5.4602936946174853e-12 4.5779670850530415e-12
168 144 0 7.6879576343158399e-12 6.3876015022099972e-12
176 144 0 1.0788654204748525e-11 8.8844973059335806e-12
184 144 0 1.5087440087450085e-11 1.2316324531247821e-11
192 144 0 2.1023175232987778e-11 1.7014203617335355e-11
200 144 0 2.9185983258411481e-11 2.341877345210477e-11
208 144 0 4.0366624270729534e-11 3.211396525157477e-11
216 144 0 5.5621659315753063e-11 4.3870808407937387e-11
224 144 0 7.6359606079827027e-11 5.9704362992414795e-11
232 144 0 1.044550184960198e-10 8.0947887326030864e-11
240 144 0 1.4239964946010525e-10 1.0934965538771941e-10
248 144 0 1.9350264907328184e-10 1.4719947654440683e-10
256 144 0 2.6215516767559083e-10 1.9749396080692877e-10
264 144 0 3.5417880881482832e-10 2.6415191332185094e-10
272 144 0 4.7728212825589041e-10 3.5229389972793247e-10
280 144 0 6.4165481392767624e-10 4.6860294097124361e-10
288 144 0 8.6073535458896016e-10 6.217864031401184e-10
296 144 0 1.1521950555052446e-09 8.2316239716308092e-10
304 144 0 1.5391895224953256e-09 1.0873974204029599e-09
312 144 0 2.0519388598875069e-09 1.4334257279552313e-09
320 144 0 2.729710914834174e-09 1.8855854180967883e-09
328 144 0 3.6232996391775158e-09 2.4750121767892252e-09
336 144 0 4.7981154021403974e-09 3.2413401654646684e-09
344 144 0 6.3380389364889082e-09 4.2347721875297639e-09
352 144 0 8.3502391686589774e-09 5.5185999306541715e-09
360 144 0 1.0971221362492346e-08 7.1722818550806402e-09
368 144 0 1.4374459440994634e-08 9.2952231902833524e-09
376 144 0 1.8780077737620922e-08 1.2011450994784787e-08
384 144 0 2.4467183704415984e-08 1.5475437744416376e-08
392 144 0 3.1789612668460116e-08 1.9879398225574439e-08
400 144 0 4.1196023930566699e-08 2.5462463286959548e-08
408 144 0 5.3255476682215776e-08 3.2522214561287356e-08
416 144 0 6.8689804612910743e-08 4.142913878188512e-08
424 144 0 8.841428983723536e-08 5.264461964796386e-08
432 144 0 1.1358830318238896e-07 6.6743120444579803e-08
440 144 0 1.4567772966157221e-07 8.4439215446393608e-08
448 144 0 1.8653114802626522e-07 1.0662010154402208e-07
456 144 0 2.3847191098519909e-07 1.343841708485358e-07
464 144 0 3.0440852603946116e-07 1.6908616824305119e-07
472 144 0 3.8796613115607201e-07 2.1238942451965481e-07
480 144 0 4.9364247009293585e-07 2.6632568544089038e-07
488 144 0 6.2699267069673084e-07 3.3336319448880266e-07
496 144 0 7.9484836245872e-07 4.1648397323487275e-07
504 144 0 1.0055782312371407e-06 5.1927170301000367e-07
512 144 0 1.2693989114117519e-06 6.4601223833415594e-07
520 144 0 1.5987469623785428e-06 8.0180952290729523e-07
528 144 0 2.0087242474932916e-06 9.9272041994907617e-07
536 144 0 2.51762989280747e-06 1.225912532829912e-06
544 144 0 3.1475916339601201e-06 1.5098492442004849e-06
552 144 0 3.9253072407663204e-06 1.8545056726605222e-06
560 144 0 4.8829024260738456e-06 2.271617772873856e-06
568 144 0 6.0589050349650703e-06 2.7749641913432803e-06
576 144 0 7.4993266160591783e-06 3.3806766763481341e-06
584 144 0 9.2588324879989178e-06 4.1075699777535003e-06
592 144 0 1.1401971547611064e-05 4.977476682194229e-06
600 144 0 1.4004429343157472e-05 6.0155670329491888e-06
608 144 0 1.7154264814931799e-05 7.2506294812856663e-06
616 144 0 2.0953095137450554e-05 8.7152856967096036e-06
624 144 0 2.5517206402429544e-05 1.0446115243329787e-05
632 144 0 3.0978591476518372e-05 1.2483671116118687e-05
640 144 0 3.7485949426570245e-05 1.4872378338397357e-05
648 144 0 4.5205720077385379e-05 1.7660323573812977e-05
656 144 0 5.4323266217874928e-05 2.08989628812878e-05
664 144 0 6.5044345332632738e-05 2.4642794830584446e-05
672 144 0 7.7597020636680254e-05 2.8949063536422485e-05
680 144 0 9.2234134500038384e-05 3.3877566213705304e-05
688 144 0 0.00010923639365028985 3.9490637708381344e-05
696 144 0 0.00012891598574736268 4.5853365656165824e-05
704 144 0 0.00015162045825697378 5.3034051410949155e-05
712 144 0 0.00017773634946774926 6.1104873057590473e-05
720 144 0 0.00020769178602011675 7.0142630447699668e-05
728 144 0 0.00024195698210438416 8.0229365037619375e-05
736 144 0 0.00028104133510518801 9.1452560235301026e-05
744 144 0 0.0003254856623770822 0.00010390455537513264
752 144 0 0.00037584811894318725 0.00011768076491235166
760 144 0 0.0004326825269415351 0.00013287630061705369
768 144 0 0.00049650827198550269 0.00014958066251162115
776 144 0 0.00056777159376004646 0.00016787030255879733
784 144 0 0.00064679900135367627 0.00018779907389420705
792 144 0 0.00073374462432647576 0.00020938684755113864
800 144 0 0.00082853447651228386 0.00023260688672538442
808 144 0 0.00093081173550055253 0.0002573728837002077
816 144 0 0.0010398880779009002 0.00028352684659775401
824 144 0 0.0011547067031734016 0.00031082922840356113
832 144 0 0.0012738227848532533 0.00033895277740743834
840 144 0 0.0013954066010221169 0.00036748152278819361
848 144 0 0.0015172734660441464 0.00039591607245316332
856 144 0 0.001636942835419433 0.000423685992691312
864 144 0 0.0017517266876117578 0.00045016948303376082
872 144 0 0.0018588446804395115 0.00047471989909376468
880 144 0 0.0019555608773768659 0.000496697973595462
888 144 0 0.0020393343211365534 0.00051550791565299755
896 144 0 0.0021079736838583818 0.0005306350079935674
904 144 0 0.0021597849002639017 0.00054168194165493894
912 144 0 0.0021937002827813225 0.00054840098162719456
920 144 0 0.0022093782247443036 0.00055071917459686504
928 144 0 0.0022072642109114871 0.00054875419219888467
936 144 0 0.0021886063565957781 0.00054281902129383903
944 144 0 0.0021554218747855359 0.00053341451195771696
952 144 0 0.0021104144417554861 0.00052120970008210114
960 144 0 0.0020568460765571089 0.00050701075078798648
968 144 0 0.0019983705500293859 0.00049172023752139422
976 144 0 0.0019388382114866956 0.00047628920561345006
984 144 0 0.0018820842453228831 0.00046166501107091414
992 144 0 0.0018317136035597315 0.00044873823946798056
1000 144 0 0.0017908961456070355 0.00043829208234812058
1008 144 0 0.0017621848727730786 0.00043095738619012593
1016 144 0 0.0017473686564122334 0.000427176214826645
0 152 0 1.2227564194336444e-14 1.2299246692525226e-14
8 152 0 1.3974985070424203e-14 1.3965627507036781e-14
16 152 0 1.7712265083703926e-14 1.7516753433620793e-14
24 152 0 2.3956303792253912e-14 2.341661963905336e-14
32 152 0 3.3566338806816325e-14 3.2432421497142187e-14
40 152 0 4.7855764523782212e-14 4.5728807844208401e-14
48 152 0 6.876113747119421e-14 6.5009194151733494e-14
56 152 0 9.9088231033023958e-14 9.2719562913952748e-14
64 152 0 1.4286378348263335e-13 1.3233679212378774e-13
72 152 0 2.058334148294415e-13 1.8877236718009611e-13
80 152 0 2.9616218937185537e-13 2.6893414897826283e-13
88 152 0 4.2541586441148263e-13 3.8250468055587699e-13
96 152 0 6.0992968953141193e-13 5.4301550534635483e-13
104 152 0 8.7270973398704661e-13 7.69324527643066e-13
112 152 0 1.2460615047756272e-12 1.0876391358992471e-12
120 152 0 1.7752048522183226e-12 1.5342733542819457e-12
128 152 0 2.523216111862266e-12 2.1593845592844495e-12
136 152 0 3.5777420756586309e-12 3.0320063667174866e-12
144 152 0 5.0600608273789184e-12 4.2467815975088373e-12
152 152 0 7.1372287074609029e-12 5.9329059447798099e-12
160 152 0 1.0038260779670527e-11 8.2659236799841034e-12
168 152 0 1.4075559136525837e-11 1.1483178531890376e-11
176 152 0 1.9673151510682106e-11 1.5903926855892148e-11
184 152 0 2.7403764618697906e-11 2.1955383506587145e-11
192 152 0 3.8037378850323133e-11 3.0206318873193871e-11
200 152 0 5.2604756710516251e-11 4.1410294373205252e-11
208 152 0 7.2480589522304304e-11 5.6561261686201165e-11
216 152 0 9.9492467723690449e-11 7.6965119236971516e-11
224 152 0 1.3606396907224182e-10 1.0433198989741442e-10
232 152 0 1.8540290582205066e-10 1.4089553450583937e-10
240 152 0 2.5174930484782466e-10 1.8956762176788876e-10
248 152 0 3.4070212561768867e-10 2.5413919638065165e-10
256 152 0 4.596491284825196e-10 3.3954125360923307e-10
264 152 0 6.1833072213667926e-10 4.5218342482247323e-10
272 152 0 8.2957602798382288e-10 6.0039173427526416e-10
280 152 0 1.1102577548989199e-09 7.9497147808642392e-10
288 152 0 1.4825217577290786e-09 1.0499257427191759e-09
296 152 0 1.9753574526683255e-09 1.3833646747105276e-09
304 152 0 2.6265869428982855e-09 1.8186451781737219e-09
312 152 0 3.4853645878427382e-09 2.3857853952730579e-09
320 152 0 4.6152963329309623e-09 3.1232035998454012e-09
328 152 0 6.098311815966741e-09 4.0798379725459785e-09
336 152 0 8.0394555676050658e-09 5.3177137017448132e-09
344 152 0 1.0572811124018672e-08 6.9150392066850986e-09
352 152 0 1.3868839099313149e-08 8.9699368500388651e-09
360 152 0 1.8143503217572986e-08 1.1604948509118553e-08
368 152 0 2.3669682631277986e-08 1.497250595076874e-08
376 152 0 3.0791528732405709e-08 1.9261622512724491e-08
384 152 0 3.994262144883236e-08 2.4706146963746633e-08
392 152 0 5.1669010894034555e-08 3.1595020924214787e-08
400 152 0 6.6658487217526247e-08 4.0285092881077447e-08
408 152 0 8.5777691243503132e-08 5.1217155827481079e-08
416 152 0 1.1011894339479586e-07 6.4935979458990541e-08
424 152 0 1.4105890948519922e-07 8.2115186669709304e-08
432 152 0 1.8033142362696876e-07 1.0358786247295473e-07
440 152 0 2.3011694510796582e-07 1.3038376911029988e-07
448 152 0 2.931512495702873e-07 1.6377396902193581e-07
456 152 0 3.7285608183373489e-07 2.0532353450558279e-07
464 152 0 4.7349469428251235e-07 2.5695287224887387e-07
472 152 0 6.0035555567572681e-07 3.2100805353339779e-07
480 152 0 7.5996815553382624e-07 4.0034047465175116e-07
488 152 0 9.603558651855335e-07 4.9839624560992577e-07
496 152 0 1.2113323356935928e-06 6.1931598621826696e-07
504 152 0 1.5248499342471444e-06 7.6804624653132104e-07
512 152 0 1.9154111497459078e-06 9.5046457238466801e-07
520 152 0 2.400556485285838e-06 1.1735212521091998e-06
528 152 0 3.0014446674423677e-06 1.4454018694772142e-06
536 152 0 3.743542425637382e-06 1.7757157184298661e-06
544 152 0 4.657440878160605e-06 2.1757155861494426e-06
552 152 0 5.7798129134268426e-06 2.6585540001475568e-06
560 152 0 7.1545201989477016e-06 3.2395793717669334e-06
568 152 0 8.8338692263083507e-06 3.9366722332775773e-06
576 152 0 1.0880003292407312e-05 4.7706168083465962e-06
584 152 0 1.3366402465752418e-05 5.7654966000439047e-06
592 152 0 1.6379448229805293e-05 6.949095016491583e-06
600 152 0 2.0019996376106661e-05 8.3532741907496537e-06
608 152 0 2.4404894296217465e-05 1.0014298405177785e-05
616 152 0 2.9668380834160158e-05 1.1973064525661844e-05
624 152 0 3.5963321645759331e-05 1.4275202317640141e-05
632 152 0 4.3462262592637059e-05 1.6971013987078217e-05
640 152 0 5.2358327764967601e-05 2.0115235723725654e-05
648 152 0 6.2866043651198356e-05 2.3766624398126996e-05
656 152 0 7.5222229099162729e-05 2.7987398510516878e-05
664 152 0 8.9687140163217184e-05 3.2842591064731496e-05
672 152 0 0.00010654608417310274 3.8399398712774977e-05
680 152 0 0.00012611170071374369 4.4726630458982931e-05
688 152 0 0.00014872703135867119 5.1894363940917172e-05
696 152 0 0.0001747693514035285 5.9973901646784934e-05
704 152 0 0.00020465450966792293 6.9038078768334979e-05
712 152 0 0.00023884122252533973 7.9161907008435707e-05
720 152 0 0.00027783441646781642 9.0423446998141367e-05
728 152 0 0.00032218634714200353 0.00010290469349747891
736 152 0 0.00037249389534048903 0.00011669214501588922
744 152 0 0.00042939021775221484 0.00013187663034376678
752 152 0 0.00049352888385553891 0.00014855189930438066
760 152 0 0.00056555882755858879 0.00016681147496376678
768 152 0 0.00064608893449712385 0.00018674332800252842
776 152 0 0.00073564189631884378 0.0002084220829849196
784 152 0 0.00083459807524788332 0.00023189870296763183
792 152 0 0.0009431314718776144 0.0002571879127534507
800 152 0 0.0010611413632376683 0.00028425398768887767
808 152 0 0.0011881846192007602 0.00031299591658642801
816 152 0 0.0013234149244986543 0.00034323329618588861
824 152 0 0.0014655359315769627 0.00037469457744044514
832 152 0 0.0016127755622606917 0.00040700940938842036
840 152 0 0.0017628881238103105 0.00043970677246933198
848 152 0 0.0019131895384973097 0.000472220334914454
856 152 0 0.002060628828110745 0.00050390200148372772
864 152 0 0.0022018961706455186 0.00053404397814115325
872 152 0 0.0023335645795332762 0.00056190890059763408
880 152 0 0.0024522588509723279 0.00058676674283857349
888 152 0 0.002554842236789551 0.00060793642237123857
896 152 0 0.0026386086918519492 0.0006248293447005792
904 152 0 0.0027014668419188407 0.00063699166535738459
912 152 0 0.002742101264408517 0.00064414185910301441
920 152 0 0.0027600973993411686 0.00064620030934363273
928 152 0 0.0027560184031103717 0.00064330806848926806
936 152 0 0.0027314253778896172 0.00063583265883812622
944 152 0 0.0026888363867432529 0.00062435971906278425
952 152 0 0.0026316241418375872 0.00060967036592505901
960 152 0 0.0025638568273450954 0.00059270523485337526
968 152 0 0.0024900907875507802 0.00057451718703657338
976 152 0 0.0024151274171001456 0.00055621553670713239
984 152 0 0.0023437492563937973 0.00053890529246284746
992 152 0 0.0022804518430277121 0.00052362527826789809
1000 152 0 0.0022291882279551561 0.00051128908712782519
1008 152 0 0.0021931422589632045 0.00050263263145939978
1016 152 0 0.0021745448712388784 0.00049817161636594477
0 160 0 2.452681088686167e-14 2.4297482708839155e-14
8 160 0 2.7940612577460984e-14 2.7500321299251086e-14
16 160 0 3.5229018517324719e-14 3.4313545505724174e-14
24 160 0 4.7372923431307272e-14 4.5601756566899802e-14
32 160 0 6.5998760303958512e-14 6.2790952537236259e-14
40 160 0 9.3584572367990613e-14 8.8038878783460284e-14
48 160 0 1.337703316229277e-13 1.2448948926749614e-13
56 160 0 1.9180779394697671e-13 1.7663831776202612e-13
64 160 0 2.7520057560642109e-13 2.5084686626861835e-13
72 160 0 3.946057820095376e-13 3.5605910648252887e-13
80 160 0 5.6509633835011821e-13 5.0479320094859566e-13
88 160 0 8.0792054496735961e-13 7.1450823590455757e-13
96 160 0 1.1529451948777668e-12 1.0094810951777516e-12
104 160 0 1.6420342616301126e-12 1.4233748799182986e-12
112 160 0 2.3337006406748743e-12 2.0027400368062354e-12
120 160 0 3.3094782065002683e-12 2.8117653272386609e-12
128 160 0 4.6826006711467155e-12 3.9386908032790014e-12
136 160 0 6.6097484423761175e-12 5.5044120367921547e-12
144 160 0 9.3068424248877556e-12 7.673947280628078e-12
152 160 0 1.3070134652240713e-11 1.0671611157492198e-11
160 160 0 1.830418445965463e-11 1.4800945832536125e-11
168 160 0 2.5558737668416214e-11 2.0470712877241912e-11
176 160 0 3.5577078366574253e-11 2.822856155762205e-11
184 160 0 4.9359148125285051e-11 3.880438663047695e-11
192 160 0 6.8243697723517004e-11 5.316590843624757e-11
200 160 0 9.4015051083721504e-11 7.2589704511466209e-11
208 160 0 1.2904185120850547e-10 9.8751869371475628e-11
216 160 0 1.7645758696066197e-10 1.3384377262899686e-10
224 160 0 2.4039595896965624e-10 1.8072013842982449e-10
232 160 0 3.2629844032789003e-10 2.4308900468190619e-10
240 160 0 4.4131692661571342e-10 3.2575615787933419e-10
248 160 0 5.9484132199834033e-10 4.3494047238627242e-10
256 160 0 7.9919038209175267e-10 5.7868125443562234e-10
264 160 0 1.0705141469591525e-09 7.6736416499209481e-10
272 160 0 1.429967762259087e-09 1.0143984367624935e-09
280 160 0 1.9052292329853438e-09 1.3370846694330401e-09
288 160 0 2.5324475004482545e-09 1.7577191635133359e-09
296 160 0 3.3587221273788532e-09 2.304987201343098e-09
304 160 0 4.4452321210720074e-09 3.0157036693892825e-09
312 160 0 5.8711499831157961e-09 3.9369649767031673e-09
320 160 0 7.7384999327763635e-09 5.1287818868630045e-09
328 160 0 1.0178149788512719e-08 6.6672698959912489e-09
336 160 0 1.3357169269349879e-08 8.6484843418051552e-09
344 160 0 1.7487850330703771e-08 1.1193004750543918e-08
352 160 0 2.2838775949352014e-08 1.4451401240213416e-08
360 160 0 2.974845172669154e-08 1.8610759988133389e-08
368 160 0 3.8642188582046726e-08 2.3902509747899352e-08
376 160 0 5.00531512451302e-08 3.0611881098385969e-08
384 160 0 6.4648768412578993e-08 3.9089446178401897e-08
392 160 0 8.3264031818249342e-08 4.9765327015933316e-08
400 160 0 1.0694358009860369e-07 6.3166818006064267e-08
408 160 0 1.3699484707098421e-07 7.9940329430722834e-08
416 160 0 1.750549228537864e-07 1.0087870496310534e-07
424 160 0 2.2317409615490852e-07 1.2695507306065101e-07
432 160 0 2.8391928609992349e-07 1.593644346806859e-07
440 160 0 3.605007142182657e-07 1.9957414584966254e-07
448 160 0 4.5692521859222312e-07 2.4938431103325551e-07
456 160 0 5.7817961633931768e-07 3.1099886667171172e-07
464 160 0 7.3044756653138622e-07 3.8710783186334987e-07
472 160 0 9.213636092091246e-07 4.8098089088021129e-07
480 160 0 1.1603086301855774e-06 5.9657223311764875e-07
488 160 0 1.4587521107954593e-06 7.3863651347670655e-07
496 160 0 1.8306483219118597e-06 9.128560180959395e-07
504 160 0 2.2928961807784654e-06 1.1259797157053088e-06
512 160 0 2.8658757221305758e-06 1.3859758825131414e-06
520 160 0 3.5740777373950378e-06 1.7022013630482804e-06
528 160 0 4.4468465369195819e-06 2.0855921099697215e-06
536 160 0 5.5192581440672481e-06 2.5488811366596452e-06
544 160 0 6.8331564643100476e-06 3.1068509877598462e-06
552 160 0 8.4383669135743994e-06 3.7766277523843364e-06
560 160 0 1.0394099570714635e-05 4.5780219448171632e-06
568 160 0 1.2770541459585928e-05 5.5339177590038314e-06
576 160 0 1.5650620100753909e-05 6.6707059696027489e-06
584 160 0 1.9131899065796323e-05 8.0187471575113807e-06
592 160 0 2.3328543246296876e-05 9.6128415210007325e-06
600 160 0 2.8373270566856315e-05 1.149267040985307e-05
608 160 0 3.441919270139525e-05 1.3703164587540897e-05
616 160 0 4.1641445359822002e-05 1.629474725943329e-05
624 160 0 5.0238523963399472e-05 1.9323398507732799e-05
632 160 0 6.0433276579715276e-05 2.2850494197747978e-05
640 160 0 7.2473563488693256e-05 2.6942388268385678e-05
648 160 0 8.6632668049325352e-05 3.1669732999759832e-05
656 160 0 0.00010320962760967961 3.7106566064745635e-05
664 160 0 0.00012252973122794868 4.3329232558819795e-05
672 160 0 0.00014494548288587772 5.0415249257172165e-05
680 160 0 0.00017083833117272662 5.8442249714630857e-05
688 160 0 0.00020062139529958837 6.7487164043644092e-05
696 160 0 0.00023474325305031344 7.7625777909676131e-05
704 160 0 0.00027369258843625791 8.8932774748980527e-05
712 160 0 0.00031800312953377544 0.00010148229010039994
720 160 0 0.00036825786346595779 0.00011534889894127535
728 160 0 0.00042509104063948245 0.00013060882398117343
736 160 0 0.00048918604035637825 0.00014734100968499906
744 160 0 0.00056126684809598162 0.00016562757421479518
752 160 0 0.00064208078315991957 0.00018555305469304326
760 160 0 0.00073237030252235556 0.00020720182671680532
768 160 0 0.00083283226249965226 0.00023065313070764505
776 160 0 0.00094406397930376338 0.0002559732920281013
784 160 0 0.0010664967782155151 0.00028320498371913567
792 160 0 0.0012003193846310651 0.00031235373993207744
800 160 0 0.0013453953509265459 0.00034337235741322835
808 160 0 0.0015011805357871882 0.00037614427816356284
816 160 0 0.0016666482206845429 0.0004104674720281495
824 160 0 0.0018402305090174079 0.00044604066985260544
832 160 0 0.002019784971649112 0.00048245397354560035
840 160 0 0.0022025948962796425 0.00051918583703440546
848 160 0 0.0023854098734117637 0.00055560813958618416
856 160 0 0.0025645308295944727 0.00059100055545859139
864 160 0 0.0027359401487866719 0.00062457468815533363
872 160 0 0.0028954734801309103 0.00065550754229535581
880 160 0 0.0030390255938109014 0.0006829829370424657
888 160 0 0.0031627786591607895 0.00070623852607101757
896 160 0 0.0032634380365525284 0.0007246152896328655
904 160 0 0.0033384585072762252 0.0007376058052571046
912 160 0 0.0033862431235115314 0.00074489736329549309
920 160 0 0.0034062977086848014 0.00074640611656032326
928 160 0 0.0033993264715996398 0.0007422989438443028
936 160 0 0.0033672580367277434 0.00073300052765386736
944 160 0 0.0033131961058060371 0.00071918422247364876
952 160 0 0.0032412945077626462 0.00070174651937121016
960 160 0 0.0031565620621984707 0.00068176617949892689
968 160 0 0.0030646079745873535 0.00066045029682450717
976 160 0 0.002971342953807278 0.00063907055630866997
984 160 0 0.0028826545488566447 0.00061889369845140145
992 160 0 0.0028040771212956101 0.0006011106349935267
1000 160 0 0.0027404773150829813 0.00058676876494261196
1008 160 0 0.0026957748904226043 0.00057671182457473243
1016 160 0 0.0026727164876048232 0.00057153110177877954
0 168 0 4.8824293595700825e-14 4.7626374332493421e-14
8 168 0 5.5440933876712069e-14 5.3732592756268242e-14
16 168 0 6.9542564023048892e-14 6.6698921283342878e-14
24 168 0 9.2974679998207074e-14 8.8122195268668982e-14
32 168 0 1.2878971284119477e-13 1.2062955932780714e-13
40 168 0 1.816234511514509e-13 1.6818351986190435e-13
48 168 0 2.5825982089042384e-13 2.3653595928498823e-13
56 168 0 3.6844611170900282e-13 3.3387719837356383e-13
64 168 0 5.2604744187503944e-13 4.7174531129556879e-13
72 168 0 7.5066488849206647e-13 6.6628608799509026e-13
80 168 0 1.0698895392987139e-12 9.3998751913599577e-13
88 168 0 1.5224287808719172e-12 1.3240571801201136e-12
96 168 0 2.1624262900555183e-12 1.8616696709297127e-12
104 168 0 3.0654091415484112e-12 2.6123880680744998e-12
112 168 0 4.3364406774811097e-12 3.6581622700604457e-12
120 168 0 6.1212435337389292e-12 5.1114324650320499e-12
128 168 0 8.6212914744257169e-12 7.1260220177640606e-12
136 168 0 1.2114160479168272e-11 9.9116950665670696e-12
144 168 0 1.6980789705515834e-11 1.3753484305260997e-11
152 168 0 2.3741745809732911e-11 1.9037168782984785e-11
160 168 0 3.3105130292190755e-11 2.6282607221691356e-11
168 168 0 4.6029450545658125e-11 3.6187021146553288e-11
176 168 0 6.3805639924196303e-11 4.9680794397119133e-11
184 168 0 8.8163534755762e-11 6.799894542411436e-11
192 168 0 1.2140960615976457e-10 9.2772190270659459e-11
200 168 0 1.6660475559518771e-10 1.2614252790763218e-10
208 168 0 2.277937205799811e-10 1.7090965813750958e-10
216 168 0 3.1030135958965882e-10 2.3071643205819036e-10
224 168 0 4.2111609739948073e-10 3.1028411272395993e-10
232 168 0 5.6938744500979623e-10 4.1571168356301684e-10
240 168 0 7.6707308449504761e-10 5.548579732570022e-10
248 168 0 1.0297817943846127e-09 7.3783111689233574e-10
256 168 0 1.377871636527375e-09 9.776169085359822e-10
264 168 0 1.8378783119512473e-09 1.2908858520312466e-09
272 168 0 2.4443661990215805e-09 1.6990279441434097e-09
280 168 0 3.2423139024183839e-09 2.2294739966656488e-09
288 168 0 4.2901666639615904e-09 2.9173720270105994e-09
296 168 0 5.6637093287219511e-09 3.8076962511112179e-09
304 168 0 7.4609357904612898e-09 4.9578739260366479e-09
312 168 0 9.8081149598189634e-09 6.4410214972847282e-09
320 168 0 1.2867281819639368e-08 8.3498866859298073e-09
328 168 0 1.6845419684503968e-08 1.0801598853702836e-08
336 168 0 2.2005653611155034e-08 1.3943339179649402e-08
344 168 0 2.8680855081247689e-08 1.7959059479133207e-08
352 168 0 3.729017718956543e-08 2.3077410105770103e-08
360 168 0 4.8359211714824929e-08 2.9581090687410919e-08
368 168 0 6.2544698329946079e-08 3.7817920097719613e-08
376 168 0 8.0665032343516169e-08 4.8214040468273242e-08
384 168 0 1.0373821459098089e-07 6.1289827413920738e-08
392 168 0 1.3302935883418266e-07 7.767927271175911e-08
400 168 0 1.7011039810466796e-07 9.8153826498451967e-08
408 168 0 2.1693517650170704e-07 1.2365191442057238e-07
416 168 0 2.7593362781689174e-07 1.5531555229652644e-07
424 168 0 3.5012916921555954e-07 1.9453563000877253e-07
432 168 0 4.432837207806094e-07 2.4300748708200501e-07
440 168 0 5.6007486006792824e-07 3.0279831746772007e-07
448 168 0 7.0630952962547863e-07 3.7642769583265826e-07
456 168 0 8.891784830110294e-07 4.6696211103057082e-07
464 168 0 1.1175553983947361e-06 5.7812385731054224e-07
472 168 0 1.4023445000893359e-06 7.144140445481811e-07
480 168 0 1.7568808633032261e-06 8.8124896258488565e-07
488 168 0 2.1973886242721658e-06 1.085108723751823e-06
496 168 0 2.7435043400077992e-06 1.3336971792392098e-06
504 168 0 3.4188758964837742e-06 1.6361127095802923e-06
512 168 0 4.2518516046437172e-06 2.0030307173969481e-06
520 168 0 5.2762791004433182e-06 2.4469004823826853e-06
528 168 0 6.5324386468893034e-06 2.9821612981961991e-06
536 168 0 8.0681392807268933e-06 3.625485132066477e-06
544 168 0 9.9400074520698938e-06 4.3960548670012147e-06
552 168 0 1.2214994665958736e-05 5.3158877762482949e-06
560 168 0 1.4972121515531798e-05 6.410212431639038e-06
568 168 0 1.8304459218589759e-05 7.7079030069240092e-06
576 168 0 2.2321326070356658e-05 9.241967382836148e-06
584 168 0 2.7150646223307704e-05 1.1050074508670973e-05
592 168 0 3.2941384767297608e-05 1.3175092675391844e-05
600 168 0 3.9865940976709385e-05 1.5665595033961245e-05
608 168 0 4.8122357288936146e-05 1.8576273993403534e-05
616 168 0 5.7936192619255292e-05 2.196819490852569e-05
624 168 0 6.9561922471132271e-05 2.5908814988135528e-05
632 168 0 8.3283770777463253e-05 3.0471698830606284e-05
640 168 0 9.9415951757078933e-05 3.5735879933531539e-05
648 168 0 0.00011830240104908518 4.1784849008378376e-05
656 168 0 0.00014031619367442524 4.8705193909773887e-05
664 168 0 0.00016585896378676848 5.6584968753378988e-05
672 168 0 0.00019536073214304988 6.5511924781193955e-05
680 168 0 0.00022928058088735748 7.5571783598010452e-05
688 168 0 0.00026810855934323246 8.6846763685845263e-05
696 168 0 0.00031236903095998957 9.9414572463502743e-05
704 168 0 0.00036262536318523844 0.00011334803910990459
712 168 0 0.00041948541963417538 0.00012871548228965299
720 168 0 0.00048360676240723313 0.00014558178219900895
728 168 0 0.00055569986462065588 0.00016400996607700378
736 168 0 0.0006365270500413773 0.00018406293705896604
744 168 0 0.0007268944223107768 0.00020580480251242595
752 168 0 0.00082763383785296283 0.00022930112024821395
760 168 0 0.00093957212923916089 0.00025461731207118959
768 168 0 0.0010634853932072973 0.0002818145243776919
776 168 0 0.0012000372713318647 0.00031094236722622494
784 168 0 0.0013497017619346508 0.0003420282452745553
792 168 0 0.0015126731245631425 0.00037506339698155041
800 168 0 0.0016887677083397743 0.00040998625290775267
808 168 0 0.0018773248139507511 0.00044666426022155117
816 168 0 0.0020771156927126924 0.00048487583276451496
824 168 0 0.0022862711788700133 0.00052429449910462765
832 168 0 0.0025022389451947124 0.00056447756013513605
840 168 0 0.002721780733314048 0.00060486156970618278
848 168 0 0.0029410180129979479 0.00064476667581123831
856 168 0 0.0031555313850530641 0.00068341129695659439
864 168 0 0.0033605148369420055 0.00071993778658009221
872 168 0 0.0035509810224262661 0.00075344872335585946
880 168 0 0.0037220085308533671 0.00078305235491346343
888 168 0 0.0038690171852318071 0.00080791463681847715
896 168 0 0.0039880533261853939 0.00082731437486271639
904 168 0 0.0040760643125333298 0.00084069731475205564
912 168 0 0.0041311404868070245 0.00084772472158706116
920 168 0 0.0041527038252451246 0.00084831210578021482
928 168 0 0.0041416254154439426 0.00084265428910025759
936 168 0 0.0041002585643816107 0.00083123392287995108
944 168 0 0.0040323803282796859 0.00081481178546068123
952 168 0 0.0039430410271338564 0.00079439858109477991
960 168 0 0.0038383282416973976 0.00077120940436823347
968 168 0 0.0037250582714118607 0.0007466033891038934
976 168 0 0.003610413510115948 0.00072201221022351455
984 168 0 0.0035015482473080462 0.00069886195990486637
992 168 0 0.0034051877562891368 0.00067849341841851908
1000 168 0 0.0033272460800255932 0.00066208586381315574
1008 168 0 0.0032724867149973367 0.00065058932413104538
1016 168 0 0.0032442475893836027 0.00064466960790524356
0 176 0 9.6450667928194247e-14 9.2621941270889658e-14
8 176 0 1.0917352663298031e-13 1.0416904347305775e-13
16 176 0 1.3624148530639177e-13 1.286453757162995e-13
24 176 0 1.8109687526687606e-13 1.6897386556566688e-13
32 176 0 2.4941927216900192e-13 2.299515299034394e-13
40 176 0 3.4980697101335525e-13 3.1879065380103281e-13
48 176 0 4.9479578017541207e-13 4.4592136131382074e-13
56 176 0 7.0232331008256665e-13 6.2613403812585572e-13
64 176 0 9.9779275317060823e-13 8.8017202172551208e-13
72 176 0 1.4169509764871567e-12 1.2369268076805614e-12
80 176 0 2.0098770584347096e-12 1.7364433538523648e-12
88 176 0 2.8464859609920308e-12 2.4340163602472904e-12
96 176 0 4.024095960985231e-12 3.405754977099662e-12
104 176 0 5.677797209622911e-12 4.7561193180417136e-12
112 176 0 7.9946029475415554e-12 6.6280940124512628e-12
120 176 0 1.1232675998770979e-11 9.2168685452768989e-12
128 176 0 1.5747313492189777e-11 1.2788147730126773e-11
136 176 0 2.2025855545735342e-11 1.7702524123253392e-11
144 176 0 3.0734274010776831e-11 2.4447712660462607e-11
152 176 0 4.2778914592717696e-11 3.3680881565423765e-11
160 176 0 5.9387737513882111e-11 4.6283820056388155e-11
168 176 0 8.2216471692211413e-11 6.3434275909008692e-11
176 176 0 1.1348643432131544e-10 8.6697499753527229e-11
184 176 0 1.5616248017987636e-10 1.1814289353976859e-10
192 176 0 2.1418179643042403e-10 1.6049175377464842e-10
200 176 0 2.9274728350281989e-10 2.1730354316591997e-10
208 176 0 3.9870337871749067e-10 2.9321008514639668e-10
216 176 0 5.4101779164784918e-10 3.9420977746948129e-10
224 176 0 7.3140021012344066e-10 5.2803763697026531e-10
232 176 0 9.8509912857281306e-10 7.0463202244240025e-10
240 176 0 1.3219310577520498e-09 9.3672553593290421e-10
248 176 0 1.7676129112769485e-09 1.2405961126573687e-09
256 176 0 2.3554885450633572e-09 1.637024779358382e-09
264 176 0 3.1287641639824939e-09 2.152518876700412e-09
272 176 0 4.1433941431649902e-09 2.8208732989724426e-09
280 176 0 5.4717878990840326e-09 3.6851567676581462e-09
288 176 0 7.2075386909721898e-09 4.8002242785200769e-09
296 176 0 9.4714055798331691e-09 6.2358694098957438e-09
304 176 0 1.2418809716497938e-08 8.0807399769514257e-09
312 176 0 1.6249136457103692e-08 1.0447146835455487e-08
320 176 0 2.1217168505569175e-08 1.3476898720040027e-08
328 176 0 2.7647018538206804e-08 1.734829765148516e-08
336 176 0 3.5948992790804436e-08 2.2284433609032828e-08
344 176 0 4.6639914560380896e-08 2.8562930318003273e-08
352 176 0 6.0367587295335533e-08 3.6527325200630826e-08
360 176 0 7.7940302402235848e-08 4.6600326857824979e-08
368 176 0 1.0036261842766569e-07 5.9299294701875682e-08
376 176 0 1.2887907281178941e-07 7.5254437938369956e-08
384 176 0 1.6502804200490163e-07 9.5230441029458983e-08
392 176 0 2.1070863154594177e-07 1.2015248824882742e-07
400 176 0 2.6826422460311993e-07 1.5113796782620949e-07
408 176 0 3.4058709092227942e-07 1.8953545931242448e-07
416 176 0 4.3124918011341818e-07 2.3697290403950714e-07
424 176 0 5.4466479922433207e-07 2.9541707266370479e-07
432 176 0 6.8629120786261441e-07 3.6724651298488757e-07
440 176 0 8.6287317753564832e-07 4.5534002495494191e-07
448 176 0 1.0827372254581369e-06 5.6318232325168261e-07
456 176 0 1.3561405940416002e-06 6.9498789823199793e-07
464 176 0 1.6956792557052783e-06 8.5584320897356163e-07
472 176 0 2.116758544637517e-06 1.0518663339019476e-06
480 176 0 2.6381298258881118e-06 1.2903822272086424e-06
488 176 0 3.2824973480239889e-06 1.580111002490741e-06
496 176 0 4.077201519247009e-06 1.9313664414231205e-06
504 176 0 5.0549886060640665e-06 2.3562624477065826e-06
512 176 0 6.2548823220406653e-06 2.8689266087097905e-06
520 176 0 7.7231795828260035e-06 3.4857224234287614e-06
528 176 0 9.5145999450855025e-06 4.2254849304975918e-06
536 176 0 1.169362441279337e-05 5.1097779850191682e-06
544 176 0 1.4336062319071108e-05 6.163184564644875e-06
552 176 0 1.7530882442207031e-05 7.4136432579773593e-06
560 176 0 2.1382333947170836e-05 8.8928433729857321e-06
568 176 0 2.6012362225513769e-05 1.0636686789170505e-05
576 176 0 3.1563293453192806e-05 1.2685815909900953e-05
584 176 0 3.8200720731978676e-05 1.5086193530037303e-05
592 176 0 4.6116477442689452e-05 1.7889702609543203e-05
600 176 0 5.553153601067063e-05 2.1154713357232071e-05
608 176 0 6.669863128233968e-05 2.4946544324086931e-05
616 176 0 7.9904387527780983e-05 2.9337727052625645e-05
624 176 0 9.5470737459267798e-05 3.4407974587600981e-05
632 176 0 0.00011375546960806954 4.0243757283747118e-05
640 176 0 0.00013515183169061047 4.6937408593017888e-05
648 176 0 0.00016008725005746356 5.4585720952899248e-05
656 176 0 0.00018902138758419913 6.3288046986069842e-05
664 176 0 0.00022244393254014746 7.3143990038063725e-05
672 176 0 0.00026087265692424384 8.4250842960519761e-05
680 176 0 0.00030485236448536793 9.6701003818059023e-05
688 176 0 0.00035495532302907772 0.00011057964812640685
696 176 0 0.00041178360342349231 0.0001259629547500836
704 176 0 0.00047597340229514303 0.00014291715367047695
712 176 0 0.00054820090192382836 0.00016149857976437804
720 176 0 0.00062918854460624208 0.00018175477587884252
728 176 0 0.00071970983069765966 0.00020372649855766422
736 176 0 0.00082058998710034334 0.00022745025900054662
744 176 0 0.00093269922482320275 0.00025296080861411641
752 176 0 0.0010569349581011768 0.00028029278917382754
760 176 0 0.0011941894413103505 0.00030948065227715264
768 176 0 0.0013452999175849892 0.00034055594957496096
776 176 0 0.0015109796385580896 0.00037354123365224406
784 176 0 0.0016917300072092061 0.00040844010337452068
792 176 0 0.001887736521544693 0.00044522336998253226
800 176 0 0.002098753961247527 0.0004838118799199557
808 176 0 0.0023239890741723022 0.00052405715191560518
816 176 0 0.0025619915254772073 0.0005657215937569602
824 176 0 0.0028105656779746409 0.00060846057096699668
832 176 0 0.0030667165053298484 0.00065180891687210236
840 176 0 0.0033266423030202307 0.00069517452521437612
848 176 0 0.0035857846888091862 0.00073784140171268562
856 176 0 0.0038389426820096585 0.00077898395519622812
864 176 0 0.0040804526235220977 0.00081769341034546549
872 176 0 0.0043044297457821255 0.00085301609460623241
880 176 0 0.0045050608857668305 0.00088400210146484613
888 176 0 0.0046769318220502842 0.00090976159712261116
896 176 0 0.0048153677010481103 0.00092952496330284823
904 176 0 0.0049167616272853855 0.00094270219138198851
912 176 0 0.0049788652083940857 0.00094893656972949627
920 176 0 0.0050010159310253394 0.00094814780073492009
928 176 0 0.0049842797045442002 0.00094056025690944598
936 176 0 0.0049314924872615618 0.0009267130918805171
944 176 0 0.0048471921137403671 0.0009074502678815613
952 176 0 0.0047374396082286363 0.0008838901155451646
960 176 0 0.004609537646065631 0.00085737565396300317
968 176 0 0.0044716616605157541 0.00082940841800284177
976 176 0 0.0043324257203394625 0.0008015698316903349
984 176 0 0.0042004102072129125 0.00077543512762189622
992 176 0 0.0040836811747076559 0.00075248537802630102
1000 176 0 0.003989331943838749 0.00073402334876960379
1008 176 0 0.0039230760391283821 0.00072109862551257044
1016 176 0 0.0038889171972888463 0.00071444683273499
0 184 0 1.890726091990839e-13 1.7870473993295858e-13
8 184 0 2.1334257010603806e-13 2.0036298427545956e-13
16 184 0 2.6488686102269127e-13 2.4619060468103147e-13
24 184 0 3.5007074083254293e-13 3.2148987573257274e-13
32 184 0 4.7937080207244131e-13 4.3494143130200109e-13
40 184 0 6.6859762481438806e-13 5.9955527967398205e-13
48 184 0 9.4071714148923281e-13 8.3407625356644603e-13
56 184 0 1.3284573482084224e-12 1.1649761316657917e-12
64 184 0 1.8779647748961203e-12 1.6292174702969628e-12
72 184 0 2.6538777841677182e-12 2.278042816592089e-12
80 184 0 3.7463204122870745e-12 3.1821332807174734e-12
88 184 0 5.2805023212393212e-12 4.4385996338496264e-12
96 184 0 7.4298509380848931e-12 6.1804257600545711e-12
104 184 0 1.0433916527664625e-11 8.5891881956348833e-12
112 184 0 1.4622696959992818e-11 1.1912137129250557e-11
120 184 0 2.0449544544047878e-11 1.6485054085094923e-11
128 184 0 2.8535461222316551e-11 2.2762709114064003e-11
136 184 0 3.9728379668988734e-11 3.135923342871865e-11
144 184 0 5.5181986671239438e-11 4.3101307625147063e-11
152 184 0 7.6459796158141461e-11 5.9097745107105083e-11
160 184 0 1.0567155757027027e-10 8.0829830507019606e-11
168 184 0 1.4565074760122011e-10 1.1026766604237006e-10
176 184 0 2.0018393407484267e-10 1.5001881309532178e-10
184 184 0 2.7430537371964495e-10 2.0351674920507973e-10
192 184 0 3.7467355020507245e-10 2.7525819512351633e-10
200 184 0 5.1005082666873986e-10 3.711003694239879e-10
208 184 0 6.9191346386388735e-10 4.9863194621765737e-10
216 184 0 9.3522756911733047e-10 6.6763526058034016e-10
224 184 0 1.259437847093706e-09 8.9066254553209465e-10
232 184 0 1.6897311510152133e-09 1.1837561688995141e-09
240 184 0 2.258656593684954e-09 1.5673524423963378e-09
248 184 0 3.0082090239343172e-09 2.0674209829498726e-09
256 184 0 3.9925133244217393e-09 2.7169069924792753e-09
264 184 0 5.2812830406829059e-09 3.5575620155006414e-09
272 184 0 6.9642674421374328e-09 4.6422690862227048e-09
280 184 0 9.1569446667421789e-09 6.0379894784550511e-09
288 184 0 1.2007762969492267e-08 7.8294787591352931e-09
296 184 0 1.5707274989728913e-08 1.0123937358300729e-08
304 184 0 2.0499549693449363e-08 1.30567731987191e-08
312 184 0 2.6696283292559178e-08 1.6798659403732498e-08
320 184 0 3.4694067225609202e-08 2.1564068371795605e-08
328 184 0 4.4995316189691965e-08 2.7621456475332238e-08
336 184 0 5.8233426399837263e-08 3.5305266397880495e-08
344 184 0 7.520284487838417e-08 4.502991563979826e-08
352 184 0 9.6894912495966358e-08 5.730596304179849e-08
360 184 0 1.2454062926006083e-07 7.2758706759788463e-08
368 184 0 1.5966191312954137e-07 9.2149585081972081e-08
376 184 0 2.0413351075015937e-07 1.1640094249251132e-07
384 184 0 2.6025848303436061e-07 1.4662499838543996e-07
392 184 0 3.3086111979476918e-07 1.8415821476535939e-07
400 184 0 4.1940219242932942e-07 2.3060268569878944e-07
408 184 0 5.3012255023470391e-07 2.8787662792251158e-07
416 184 0 6.6822208415292531e-07 3.5827647868421758e-07
424 184 0 8.4008187188803686e-07 4.4455342237164975e-07
432 184 0 1.053537720847502e-06 5.5000727676596401e-07
440 184 0 1.3182132024905902e-06 6.7860047741231709e-07
448 184 0 1.6459195487098195e-06 8.3509432815764175e-07
456 184 0 2.0511284922735982e-06 1.0252087034972099e-06
464 184 0 2.55152246467884e-06 1.2558050273980983e-06
472 184 0 3.1686248785394646e-06 1.5350907349966397e-06
480 184 0 3.9285120530967542e-06 1.8728417673775511e-06
488 184 0 4.8626083505147299e-06 2.2806382661807258e-06
496 184 0 6.0085679606701295e-06 2.7721078962293104e-06
504 184 0 7.4112510537706491e-06 3.36317150864525e-06
512 184 0 9.1238089307504557e-06 4.0722874670308764e-06
520 184 0 1.1208902006254765e-05 4.9206940251155454e-06
528 184 0 1.3740084875583094e-05 5.9326535206972241e-06
536 184 0 1.6803402397812538e-05 7.135707332826993e-06
544 184 0 2.0499246883715983e-05 8.5609556294317638e-06
552 184 0 2.494452570018439e-05 1.0243379625965412e-05
560 184 0 3.0275177320156568e-05 1.2222224834582808e-05
568 184 0 3.6649049014684273e-05 1.4541460012481302e-05
576 184 0 4.4249109363093759e-05 1.7250316883340293e-05
584 184 0 5.3286914262015979e-05 2.0403899508059605e-05
592 184 0 6.4006180052232655e-05 2.4063829741779885e-05
600 184 0 7.6686249367902701e-05 2.8298868198673211e-05
608 184 0 9.1645175606426611e-05 3.3185421734811775e-05
616 184 0 0.00010924211458040663 3.8807823280975575e-05
624 184 0 0.00012987871204686878 4.5258253611433347e-05
632 184 0 0.00015399922689181666 5.263617337812379e-05
640 184 0 0.00018208924028362836 6.1047152861412249e-05
648 184 0 0.00021467297101036281 7.0601029877692196e-05
656 184 0 0.00025230943457026897 8.1409393463029037e-05
664 184 0 0.00029558792257821119 9.3582478412471354e-05
672 184 0 0.0003451234998847636 0.00010722565476292418
680 184 0 0.00040155336830342695 0.00012243579343463023
688 184 0 0.00046553497115548457 0.00013929786740974931
696 184 0 0.00053774655817357591 0.00015788218830691404
704 184 0 0.00061889055596561998 0.00017824266353564625
712 184 0 0.00070969948168820641 0.00020041637660736457
720 184 0 0.0008109433204850846 0.00022442463808125686
728 184 0 0.00092343632925532388 0.00025027543365880819
736 184 0 0.00104804024610089 0.00027796692864904432
744 184 0 0.0011856600334373192 0.00030749140673719472
752 184 0 0.0013372277472750043 0.00033883876843370138
760 184 0 0.0015036700935875031 0.00037199853914571539
768 184 0 0.0016858558671599502 0.00040695928576388448
776 184 0 0.0018845208722103337 0.00044370445208515279
784 184 0 0.0021001701105837268 0.00048220391804196716
792 184 0 0.0023329598915272252 0.00052240106207566321
800 184 0 0.0025825658411674827 0.00056419572812439452
808 184 0 0.0028480462260879074 0.00060742420790339466
816 184 0 0.0031277131192341675 0.00065183806035390684
824 184 0 0.0034190262489416376 0.00069708420285001169
832 184 0 0.0037185254222019508 0.00074268911998283914
840 184 0 0.0040218168282346069 0.00078805015512696964
848 184 0 0.0043236260905218718 0.00083243661505403004
856 184 0 0.0046179266372058866 0.00087500280682203772
864 184 0 0.0048981460338675632 0.00091481416600518953
872 184 0 0.0051574458403883579 0.00095088640314778487
880 184 0 0.0053890629872316766 0.00098223621229020282
888 184 0 0.0055866934191728954 0.0010079407034883732
896 184 0 0.0057448926643509585 0.0010272015043791376
904 184 0 0.005859463818667374 0.0010394085782355865
912 184 0 0.005927801778123582 0.0010441983507275283
920 184 0 0.0059491637317602595 0.0010415007992371087
928 184 0 0.0059248399614536462 0.0010315707520296832
936 184 0 0.0058582055791420789 0.0010149997228074744
944 184 0 0.0057546423816219284 0.00099270606650697819
952 184 0 0.0056213297237738009 0.00096590294035233705
960 184 0 0.0054669133000286342 0.00093604532348390366
968 184 0 0.0053010700785185959 0.00090475902111886598
976 184 0 0.0051339955520297974 0.00087375600591439555
984 184 0 0.0049758453348348088 0.00084474151462286991
992 184 0 0.0048361665527339569 0.00081931894972090812
1000 184 0 0.0047233552926083527 0.00079889880579953835
1008 184 0 0.0046441746646409526 0.00078461756221223471
1016 184 0 0.0046033640300238363 0.00077727180222696059
0 192 0 3.6777734913204248e-13 3.4204952784783131e-13
8 192 0 4.1370555438149762e-13 3.8234054672808853e-13
16 192 0 5.1107746570372274e-13 4.6744372497070426e-13
24 192 0 6.7156061656511568e-13 6.0689067407490354e-13
32 192 0 9.143122333744424e-13 8.162480766054693e-13
40 192 0 1.2681529044883701e-12 1.118772899886659e-12
48 192 0 1.7747933950556788e-12 1.5478502732683522e-12
56 192 0 2.4934334798742141e-12 2.1504346742401434e-12
64 192 0 3.5071822451930831e-12 2.9918013071893981e-12
72 192 0 4.9319206007598072e-12 4.1620257765866041e-12
80 192 0 6.9284536930045478e-12 5.7847556505090978e-12
88 192 0 9.7191019550889476e-12 8.0290287910037568e-12
96 192 0 1.3610276698139464e-11 1.1125144131031538e-11
104 192 0 1.9023104723299508e-11 1.5385916504628621e-11
112 192 0 2.6534834089243376e-11 2.1235064805815981e-11
120 192 0 3.6934598629142801e-11 2.9245008426580218e-11
128 192 0 5.1298170336380554e-11 4.0186994731071637e-11
136 192 0 7.1087613097707384e-11 5.5097260406970849e-11
144 192 0 9.8283294296386501e-11 7.5363846826064057e-11
152 192 0 1.3555754126524654e-10 1.0283974416920012e-10
160 192 0 1.8650138807728987e-10 1.3998922975773889e-10
168 192 0 2.5591841364359016e-10 1.9007559807097911e-10
176 192 0 3.5020274717016445e-10 2.573999790221587e-10
184 192 0 4.7782212292472468e-10 3.4760267384128627e-10
192 192 0 6.4993174532858878e-10 4.6804053845794798e-10
200 192 0 8.8115119609272777e-10 6.2825664403281587e-10
208 192 0 1.1905454100815447e-09 8.4056209988251625e-10
216 192 0 1.6028628296976706e-09 1.1207550345753216e-09
224 192 0 2.1501003926258006e-09 1.4890089334671126e-09
232 192 0 2.8734873199147274e-09 1.9709725612063355e-09
240 192 0 3.8260090360812918e-09 2.5991373048052309e-09
248 192 0 5.0756300068841897e-09 3.4145455799655212e-09
256 192 0 6.7094203169010145e-09 4.4689362576872613e-09
264 192 0 8.8388450561835473e-09 5.8274496568644047e-09
272 192 0 1.1606536528360138e-08 7.5720445164972232e-09
280 192 0 1.519493414519723e-08 9.8058105882946344e-09
288 192 0 1.983724172862756e-08 1.2658390203959355e-08
296 192 0 2.5831212348029641e-08 1.6292746738487307e-08
304 192 0 3.3556322892168464e-08 2.091353341172521e-08
312 192 0 4.3494942696291676e-08 2.6777319023028518e-08
320 192 0 5.6258135597404807e-08 3.4204916441428078e-08
328 192 0 7.2616772665024203e-08 4.3596036621865134e-08
336 192 0 9.3538692797717758e-08 5.5446461914427319e-08
344 192 0 1.2023276051818243e-07 7.0367909683978628e-08
352 192 0 1.5420087553776485e-07 8.9110759328782438e-08
360 192 0 1.9729933601984929e-07 1.125898668902001e-07
368 192 0 2.5181149821151345e-07 1.4191381907130801e-07
376 192 0 3.2053445324267068e-07 1.784182090854302e-07
384 192 0 4.0688348141980057e-07 2.237038695008765e-07
392 192 0 5.1501933456012858e-07 2.7968147626225208e-07
400 192 0 6.5000487812811885e-07 3.48624524203528e-07
408 192 0 8.1799917815721548e-07 4.3323331805967378e-07
416 192 0 1.0264985628371429e-06 5.3671324027869506e-07
424 192 0 1.2846352942596866e-06 6.6287103099368462e-07
432 192 0 1.603544997613466e-06 8.1623300571146098e-07
440 192 0 1.9968136799029073e-06 1.002188896291848e-06
448 192 0 2.4810138768674612e-06 1.2271642056788299e-06
456 192 0 3.076337195770808e-06 1.4988225470602055e-06
464 192 0 3.8073274920769383e-06 1.826297416157616e-06
472 192 0 4.7037156135361043e-06 2.2204503680282364e-06
480 192 0 5.8013538204743052e-06 2.6941499275567841e-06
488 192 0 7.1432466166954557e-06 3.2625631863732281e-06
496 192 0 8.7806758568994399e-06 3.9434504642806325e-06
504 192 0 1.0774422562415899e-05 4.7574532103699561e-06
512 192 0 1.3196096397781332e-05 5.7283669839820587e-06
520 192 0 1.612959603137031e-05 6.8833951754321164e-06
528 192 0 1.9672738396280318e-05 8.2533850331853688e-06
536 192 0 2.3939109730639531e-05 9.8730550073423583e-06
544 192 0 2.9060202513147747e-05 1.1781230288109059e-05
552 192 0 3.5187905326149802e-05 1.4021110051258017e-05
560 192 0 4.2497402154739377e-05 1.6640593236832762e-05
568 192 0 5.1190509027165575e-05 1.9692687440431247e-05
576 192 0 6.1499426246434052e-05 2.3236015683693879e-05
584 192 0 7.3690813770075584e-05 2.7335417179476939e-05
592 192 0 8.807000979401254e-05 3.2062610704431502e-05
600 192 0 0.00010498511756657591 3.7496854548216418e-05
608 192 0 0.00012483059734123839 4.3725498945206161e-05
616 192 0 0.0001480499378613822 5.0844291130761835e-05
624 192 0 0.00017513696565830213 5.8957267011715769e-05
632 192 0 0.00020663540026994045 6.8176054953750351e-05
640 192 0 0.00024313639314504061 7.8618433893587453e-05
648 192 0 0.000285274000888055 9.0406035308790412e-05
656 192 0 0.00033371882803329801 0.00010366115818857114
664 192 0 0.00038917040099068254 0.00011850277449312652
672 192 0 0.00045234915464768778 0.00013504192998518936
680 192 0 0.00052398916173805718 0.00015337687592112935
688 192 0 0.00060483283856523388 0.00017358837998968687
696 192 0 0.00069562874648048994 0.00019573573643890362
704 192 0 0.00079713321950126623 0.00021985400261338316
712 192 0 0.00091011585829557098 0.00024595291416764991
720 192 0 0.0010353679585663415 0.00027401776543731107
728 192 0 0.0011737117629141321 0.00030401228946735437
736 192 0 0.0013260071747499343 0.00033588325428894812
744 192 0 0.0014931514401745139 0.00036956614435230506
752 192 0 0.0016760665157087057 0.00040499096810496515
760 192 0 0.0018756686327332185 0.00044208698212884891
768 192 0 0.0020928151529238347 0.00048078500675602419
776 192 0 0.0023282253242954865 0.00052101607606614038
784 192 0 0.002582374028625694 0.00056270544587715696
792 192 0 0.0028553609536028884 0.00060576147844459104
800 192 0 0.0031467615692918772 0.00065005960080181252
808 192 0 0.0034554704339913021 0.00069542232991198815
816 192 0 0.0037795511795880744 0.00074159717768703445
824 192 0 0.0041161104517916493 0.00078823497878933047
832 192 0 0.0044612145421847899 0.00083487170555523321
840 192 0 0.0048098669833615765 0.00088091704153040601
848 192 0 0.0051560627055759018 0.00092565280228363266
856 192 0 0.0054929294440279244 0.00096824368872515301
864 192 0 0.0058129601998727527 0.0010077618580588699
872 192 0 0.0061083322435361428 0.0010432254813902879
880 192 0 0.0063712991995218795 0.0010736499558121606
888 192 0 0.0065946341226612686 0.001098108919163769
896 192 0 0.0067720941687300961 0.0011158008591503456
904 192 0 0.0068988723969029605 0.0011261160872987029
912 192 0 0.0069720001288511102 0.0011286983012462502
920 192 0 0.0069906645309973682 0.0011234949720485433
928 192 0 0.0069564107134833294 0.0011107913870992119
936 192 0 0.0068732053019495533 0.0010912243060319333
944 192 0 0.0067473484481289066 0.0010657727371180406
952 192 0 0.0065872326641261379 0.0010357251593206126
960 192 0 0.0064029586235125379 0.0010026244191903531
968 192 0 0.0062058290996374619 0.00096819333912589751
976 192 0 0.006007751557944193 0.0009342456209137243
984 192 0 0.0058205868494576787 0.0009025877893517973
992 192 0 0.0056554855024548651 0.00087491861521104761
1000 192 0 0.0055222540984078911 0.0008527326537931864
1008 192 0 0.0054287922268531873 0.00083723424837134266
1016 192 0 0.0053806358322507969 0.0008292676256222431
0 200 0 7.0982687697987379e-13 6.4945171426836574e-13
8 200 0 7.9604610110958615e-13 7.2378990416377692e-13
16 200 0 9.7852119067442701e-13 8.8053232351997033e-13
24 200 0 1.2784512906400192e-12 1.1366577095508665e-12
32 200 0 1.7305603099799117e-12 1.5198276863326051e-12
40 200 0 2.3869258043750292e-12 2.0712395851561681e-12
48 200 0 3.322643668324031e-12 2.8498145022595938e-12
56 200 0 4.6438681541143574e-12 3.9380850884675685e-12
64 200 0 6.4989835523824812e-12 5.4502867709583555e-12
72 200 0 9.0939463773464113e-12 7.543334078322935e-12
80 200 0 1.2713209343513646e-11 1.0431595061794816e-11
88 200 0 1.7748130746092704e-11 1.4406679627507301e-11
96 200 0 2.4735420829171002e-11 1.9863853652992726e-11
104 200 0 3.4409021227928129e-11 2.7337204757278546e-11
112 200 0 4.7769898895059357e-11 3.7546343708626836e-11
120 200 0 6.6179607055723019e-11 5.1458252886775261e-11
128 200 0 9.1485165067452191e-11 7.0368910876894157e-11
136 200 0 1.2618487350467823e-10 9.6010543132866606e-11
144 200 0 1.7364714112245056e-10 1.3069177479462203e-10
152 200 0 2.3839728543444666e-10 1.7747958377506897e-10
160 200 0 3.2649061783502876e-10 2.4043375321805216e-10
168 200 0 4.4599401171456928e-10 3.2490648901539182e-10
176 200 0 6.0760272619232315e-10 4.3792201112920145e-10
184 200 0 8.2542479676601095e-10 5.8865331375584634e-10
192 200 0 1.1179722837865368e-09 7.8901608365633015e-10
200 200 0 1.5094078401255436e-09 1.0544032797929725e-09
208 200 0 2.031107509964061e-09 1.404588616264153e-09
216 200 0 2.7236178642729923e-09 1.8648338864150197e-09
224 200 0 3.6391093260929133e-09 2.4672446773594017e-09
232 200 0 4.8444598811210629e-09 3.2524326825755137e-09
240 200 0 6.4251463408865227e-09 4.2715617041925403e-09
248 200 0 8.4901755868497109e-09 5.5888795588939867e-09
256 200 0 1.1178356574588276e-08 7.2848700114789097e-09
264 200 0 1.4666294713047952e-08 9.4601972842812655e-09
272 200 0 1.9178581044857361e-08 1.224065916243935e-08
280 200 0 2.5000744733491864e-08 1.5783410281739994e-08
288 200 0 3.2495631932586915e-08 2.0284760306115823e-08
296 200 0 4.2123959086516948e-08 2.5989886468258454e-08
304 200 0 5.4469856303893674e-08 3.320481976059036e-08
312 200 0 7.0272261719320194e-08 4.2311062851698961e-08
320 200 0 9.0463052038832885e-08 5.3783171780189604e-08
328 200 0 1.1621280928688934e-07 6.8209583333509465e-08
336 200 0 1.4898515471214508e-07 8.6316903240133983e-08
344 200 0 1.9060067020216106e-07 1.0899780315994222e-07
352 200 0 2.4331163486654729e-07 1.37342633023512e-07
360 200 0 3.0988920291004939e-07 1.7267487474936446e-07
368 200 0 3.9372531728282147e-07 2.165906850245881e-07
376 200 0 4.9895266232810088e-07 2.710030400478302e-07
384 200 0 6.3058735092067707e-07 3.3819143648969935e-07
392 200 0 7.9470081082238065e-07 4.2085873290940769e-07
400 200 0 9.9862940233164685e-07 5.2219751451123429e-07
408 200 0 1.2512324962168893e-06 6.4596926782454046e-07
416 200 0 1.563211803115838e-06 7.9660054632923217e-07
424 200 0 1.9475063252533712e-06 9.7930102859559462e-07
432 200 0 2.419778003324927e-06 1.200208713283419e-06
440 200 0 2.9990025761947553e-06 1.4665672411825421e-06
448 200 0 3.7081780825462912e-06 1.7869392861609598e-06
456 200 0 4.5751597428310136e-06 2.1714579873225591e-06
464 200 0 5.6336249082345543e-06 2.6321155002595704e-06
472 200 0 6.9241659815643406e-06 3.1830840952613178e-06
480 200 0 8.4955037480310893e-06 3.8410612000219054e-06
488 200 0 1.0405809803068684e-05 4.6256259586479749e-06
496 200 0 1.2724126321180072e-05 5.5595920131768747e-06
504 200 0 1.5531875772785855e-05 6.6693401448668829e-06
512 200 0 1.8924463381763391e-05 7.9851159158782946e-06
520 200 0 2.3012991206802427e-05 9.5412820584054937e-06
528 200 0 2.7926123429465687e-05 1.1376523149753356e-05
536 200 0 3.381216473798189e-05 1.35340105325413e-05
544 200 0 4.0841432801256806e-05 1.6061547167408958e-05
552 200 0 4.9209015377407819e-05 1.901172303479201e-05
560 200 0 5.9137995391572139e-05 2.2442119076586285e-05
568 200 0 7.0883196467596822e-05 2.6415598399944718e-05
576 200 0 8.473544193012793e-05 3.1000714634285892e-05
584 200 0 0.00010102623094955252 3.6272246832312627e-05
592 200 0 0.00012013262049844404 4.2311837552901785e-05
600 200 0 0.00014248197211479233 4.9208667350679594e-05
608 200 0 0.00016855609628644455 5.7060049038907862e-05
616 200 0 0.00019889422899214404 6.5971775708149823e-05
624 200 0 0.00023409423267001789 7.6058016779621823e-05
632 200 0 0.0002748114552236908 8.7440536850925141e-05
640 200 0 0.00032175482703862806 0.00010024702299874796
648 200 0 0.00037568003619684542 0.0001146083555492182
656 200 0 0.00043737998622186915 0.00013065474873961969
664 200 0 0.00050767317548380906 0.00014851081846455874
672 200 0 0.00058739108463287714 0.00016828979404582753
680 200 0 0.00067736603765918653 0.00019008726135890416
688 200 0 0.00077842121855492075 0.0002139749805177549
696 200 0 0.00089136448291939356 0.00023999543329765915
704 200 0 0.0010169872221146494 0.00026815779409699084
712 200 0 0.0011560687724632209 0.00029843595907157378
720 200 0 0.0013093857240036525 0.0003307690972003507
728 200 0 0.0014777240523814864 0.00036506490595205384
736 200 0 0.0016618904290388824 0.00040120538311594627
744 200 0 0.0018627175845268189 0.00043905450487295998
752 200 0 0.0020810574838136709 0.00047846678489426404
760 200 0 0.0023177556148620674 0.0005192953477317565
768 200 0 0.0025736001596798589 0.00056139795153991061
776 200 0 0.0028492414003616269 0.00060463940063227575
784 200 0 0.0031450794745028509 0.00064888903717630645
792 200 0 0.0034611224320474795 0.00069401250219434637
800 200 0 0.0037968211700936897 0.00073985768002816314
808 200 0 0.0041508927639032902 0.00078623561932950579
816 200 0 0.0045211483572751088 0.00083289815456740173
824 200 0 0.0049043454305809798 0.00087951480831924712
832 200 0 0.0052960862477400231 0.00092565220200661359
840 200 0 0.0056907840248919825 0.00097075951898130397
848 200 0 0.0060817155078595345 0.0010141634586063883
856 200 0 0.0064611731327530774 0.0010550755518871384
864 200 0 0.0068207220579316226 0.001092613697192317
872 200 0 0.0071515577249264307 0.0011258384006824513
880 200 0 0.0074449491553340401 0.0011538026087897935
888 200 0 0.0076927430418250375 0.0011756123789289962
896 200 0 0.0078878950278804417 0.001190494147151791
904 200 0 0.0080249884842016634 0.0011978632068369559
912 200 0 0.0081006984300973604 0.001197387365106075
920 200 0 0.0081141595030459115 0.0011890396912331534
928 200 0 0.0080672021005825413 0.0011731348411398619
936 200 0 0.0079644296079814866 0.0011503445872613049
944 200 0 0.0078131211852469473 0.0011216897896156579
952 200 0 0.0076229578234467505 0.0010885079469818574
960 200 0 0.007405583042702891 0.0010523974737317787
968 200 0 0.0071740224387633594 0.0010151417621690386
976 200 0 0.0069419971788579173 0.00097861773684919644
984 200 0 0.006723174638809476 0.00094469484982574996
992 200 0 0.0065304041176659127 0.00091513121731034465
1000 200 0 0.0063749867522010775 0.00089147382439313302
1008 200 0 0.0062660264752245299 0.00087496943841922168
1016 200 0 0.00620990345787304 0.00086649212440402957
0 208 0 1.3592785912482395e-12 1.2231603514095117e-12
8 208 0 1.5198360052733631e-12 1.3591847879434139e-12
16 208 0 1.8590535141943973e-12 1.6454925163795986e-12
24 208 0 2.4151090001908857e-12 2.1120513999964555e-12
32 208 0 3.2503879963125168e-12 2.8075660422284415e-12
40 208 0 4.4581653895311973e-12 3.8043460692277453e-12
48 208 0 6.1724581705836248e-12 5.2054305790215868e-12
56 208 0 8.5819532425819259e-12 7.1545649127448719e-12
64 208 0 1.1949270323340837e-11 9.8498479670943026e-12
72 208 0 1.6637280455669346e-11 1.3562149424813521e-11
80 208 0 2.3144804405308462e-11 1.8659759074823779e-11
88 208 0 3.2154810373600005e-11 2.5641203071507694e-11
96 208 0 4.4599274482163728e-11 3.517877856317032e-11
104 208 0 6.1746225985206675e-11 4.8176157382069885e-11
112 208 0 8.5316242603686193e-11 6.584443245927663e-11
120 208 0 1.1763785994249828e-10 8.9802266315334839e-11
128 208 0 1.6185407594434635e-10 1.2220738046299183e-10
136 208 0 2.2219541663754484e-10 1.6592851416297035e-10
144 208 0 3.0433891591707258e-10 2.2476917608503952e-10
152 208 0 4.1587686920951563e-10 3.037569845715343e-10
160 208 0 5.6692437105308092e-10 4.0951509296055747e-10
168 208 0 7.7090050072996109e-10 5.5073507244220512e-10
176 208 0 1.0455247373215246e-09 7.3877364814245452e-10
184 208 0 1.4140781105218573e-09 9.8839890011588643e-10
192 208 0 1.9069883674428669e-09 1.318715134970617e-09
200 208 0 2.5638111199185162e-09 1.7543000096451572e-09
208 208 0 3.4356961262282139e-09 2.3265933476171873e-09
216 208 0 4.588451750688012e-09 3.0755854876366127e-09
224 208 0 6.106354003452315e-09 4.0518653726681598e-09
232 208 0 8.0968925636965767e-09 5.3191066486328537e-09
240 208 0 1.0696708045079063e-08 6.9570956430663791e-09
248 208 0 1.4079055145743698e-08 9.0654398764038988e-09
256 208 0 1.8463226586067186e-08 1.1768140707647308e-08
264 208 0 2.4126491997329218e-08 1.5219268589766745e-08
272 208 0 3.1419240207296711e-08 1.961004213889037e-08
280 208 0 4.0784155015231859e-08 2.5177678399081385e-08
288 208 0 5.2780392238702738e-08 3.2216444325690658e-08
296 208 0 6.8113845554775403e-08 4.1091389278208344e-08
304 208 0 8.7674676064484034e-08 5.2255264422781439e-08
312 208 0 1.1258332457101916e-07 6.6269126886722254e-08
320 208 0 1.4424622381902249e-07 8.3827076632295098e-08
328 208 0 1.844223926203988e-07 1.0578548081634252e-07
336 208 0 2.3530205795227906e-07 1.3319691209730812e-07
344 208 0 2.9959847336210328e-07 1.6734888511725954e-07
352 208 0 3.8065426789005929e-07 2.0980735529387192e-07
360 208 0 4.8256407765941385e-07 2.6246489665251412e-07
368 208 0 6.1031600230740957e-07 3.2759356189551127e-07
376 208 0 7.6995570237593108e-07 4.0790271201229154e-07
384 208 0 9.6877878741037642e-07 5.0660263834255387e-07
392 208 0 1.2155595437317883e-06 6.2747561480754022e-07
400 208 0 1.5208269168428811e-06 7.7495709530794295e-07
408 208 0 1.8972017640414297e-06 9.5423103275925431e-07
416 208 0 2.3598123494450701e-06 1.1713445900722848e-06
424 208 0 2.9268073538489658e-06 1.4333486123111055e-06
432 208 0 3.619986716608346e-06 1.7484708433700688e-06
440 208 0 4.4655698173772974e-06 2.1263286783679396e-06
448 208 0 5.4951173687072509e-06 2.5781869420039925e-06
456 208 0 6.7466177301535726e-06 3.1172635567640272e-06
464 208 0 8.2657404084941247e-06 3.7590819589194679e-06
472 208 0 1.0107250076825658e-05 4.5218639165091327e-06
480 208 0 1.2336564948052995e-05 5.4269504738226724e-06
488 208 0 1.5031435761716659e-05 6.4992328691404085e-06
496 208 0 1.8283718334356947e-05 7.7675704897217593e-06
504 208 0 2.2201215917652738e-05 9.2651704382464056e-06
512 208 0 2.6909579297641685e-05 1.1029904257283166e-05
520 208 0 3.255427326520792e-05 1.31045426868177e-05
528 208 0 3.9302646579219044e-05 1.5536899351477332e-05
536 208 0 4.734617527052319e-05 1.8379888497461058e-05
544 208 0 5.6902979968665764e-05 2.1691518802529873e-05
552 208 0 6.8220738412199828e-05 2.5534862247816796e-05
560 208 0 8.1580114468158424e-05 2.9978050486073658e-05
568 208 0 9.7298794867541541e-05 3.5094356895371342e-05
576 208 0 0.00011573615656441382 4.096241642999535e-05
584 208 0 0.00013729847778186515 4.7666614192671576e-05
592 208 0 0.00016244445805134583 5.5297635877784044e-05
600 208 0 0.00019169063946547192 6.3953120098983685e-05
608 208 0 0.00022561614532535241 7.37382887087896e-05
616 208 0 0.00026486600470029386 8.4766364726998123e-05
624 208 0 0.00031015224944963972 9.715852979794127e-05
632 208 0 0.00036225199207461594 0.00011104313763393562
640 208 0 0.00042200185003737602 0.0001265539003059472
648 208 0 0.00049028839174606361 0.00014382681188060431
656 208 0 0.00056803473496148883 0.00016299567513963558
664 208 0 0.0006561839939483678 0.00018418625073983951
672 208 0 0.00075568087867870467 0.0002075092435125538
680 208 0 0.00086745329901809069 0.00023305255691033716
688 208 0 0.00099239619907267565 0.00026087345410024483
696 208 0 0.0011313599162170527 0.00029099142701740515
704 208 0 0.0012851450162116402 0.00032338265567711621
712 208 0 0.0014545047315347947 0.00035797690690501493
720 208 0 0.0016401548212040032 0.00039465755365297381
728 208 0 0.0018427889583335403 0.00043326509020520567
736 208 0 0.0020630958121548287 0.00047360409389654752
744 208 0 0.0023017720893997789 0.00051545308298756379
752 208 0 0.0025595242687079349 0.00055857620666861915
760 208 0 0.0028370509625938239 0.00060273525496684155
768 208 0 0.0031349981112197695 0.00064770017612109662
776 208 0 0.0034538808009939026 0.00069325621082887839
784 208 0 0.0037939685116791574 0.00073920594867765439
792 208 0 0.0041551349342418258 0.00078536509992181442
800 208 0 0.0045366788501218528 0.00083155153094636135
808 208 0 0.004937128383232796 0.00087756806464035948
816 208 0 0.0053540465118425105 0.00092318058732926943
824 208 0 0.0057838602389002269 0.00096809399289833013
832 208 0 0.0062217384497466367 0.0010119292822974198
840 208 0 0.0066615435438732865 0.0010542055834649247
848 208 0 0.0070958789664659228 0.0010943308566087363
856 208 0 0.0075162486846402157 0.0011316045489280866
864 208 0 0.0079133357551239396 0.0011652344728015507
872 208 0 0.008277396125608882 0.0011943687829533492
880 208 0 0.0085987517641238336 0.0012181422645415173
888 208 0 0.0088683554207540337 0.0012357344050023481
896 208 0 0.0090783891750322327 0.0012464351190791239
904 208 0 0.0092228516910386193 0.0012497127330575262
912 208 0 0.0092980857952034354 0.0012452780796822476
920 208 0 0.0093031991942790649 0.0012331384191462263
928 208 0 0.0092403369417224032 0.0012136354190149298
936 208 0 0.0091147741952427915 0.0011874625531813152
944 208 0 0.0089348109748626052 0.001155658901335236
952 208 0 0.0087114657704286079 0.0011195782756041397
960 208 0 0.0084579805164346697 0.0010808346687550836
968 208 0 0.008189164200932398 0.0010412270031826005
976 208 0 0.0079206149157071137 0.0010026478770900349
984 208 0 0.0076678694886352259 0.0009669823092545585
992 208 0 0.0074455353349762573 0.00093600328381449657
1000 208 0 0.0072664605765942105 0.00091127115366842516
1008 208 0 0.0071409959136437516 0.00089404368739590297
1016 208 0 0.0070763955822770695 0.00088520279205123349
0 216 0 2.5824389426577513e-12 2.2849250686540012e-12
8 216 0 2.8790207932167769e-12 2.5317584423377452e-12
16 216 0 3.5045460305739959e-12 3.0503999130724764e-12
24 216 0 4.5271604001873412e-12 3.8932572232336708e-12
32 216 0 6.0579540385409583e-12 5.1452969686597347e-12
40 216 0 8.2625114587589425e-12 6.9322685152559972e-12
48 216 0 1.1377888749605212e-11 9.4327032498233774e-12
56 216 0 1.5736518155326798e-11 1.2894654600069017e-11
64 216 0 2.1799118290435139e-11 1.7658494308250726e-11
72 216 0 3.0199429880482868e-11 2.418751884264207e-11
80 216 0 4.1804563480132241e-11 3.3108680868311157e-11
88 216 0 5.7796013445107699e-11 4.5266487727183082e-11
96 216 0 7.9778053045334049e-11 6.1794054533629013e-11
104 216 0 1.0992238336727656e-10 8.4206524126151179e-11
112 216 0 1.5116067506296282e-10 1.1452363368449054e-10
120 216 0 2.0744012625783312e-10 1.5543017871018164e-10
128 216 0 2.8406145640733818e-10 2.1048554586861225e-10
136 216 0 3.8812393080051519e-10 2.8439637741606946e-10
144 216 0 5.2910809200211211e-10 3.8336977404250134e-10
152 216 0 7.1963385378104993e-10 5.1556817670861078e-10
160 216 0 9.7643946401363839e-10 6.9169108493237312e-10
168 216 0 1.3216355731721662e-09 9.2571293864224027e-10
176 216 0 1.7842983854639791e-09 1.2358107024712516e-09
184 216 0 2.4024770106377437e-09 1.6455189268921947e-09
192 216 0 3.2257035024134839e-09 2.1851544965439168e-09
200 216 0 4.3181111295636734e-09 2.8935584096405096e-09
208 216 0 5.7622894738454012e-09 3.8202087119283886e-09
216 216 0 7.6640372383246247e-09 5.0277686395497065e-09
224 216 0 1.0158219376120475e-08 6.5951492069410099e-09
232 216 0 1.341599921232943e-08 8.6211885196946844e-09
240 216 0 1.7653803688145442e-08 1.1229083865357345e-08
248 216 0 2.3144495022147596e-08 1.4571759791798649e-08
256 216 0 3.0231367293714494e-08 1.8838417671375874e-08
264 216 0 3.9345760587095963e-08 2.4262589632873142e-08
272 216 0 5.1029282346187081e-08 3.1132109441019803e-08
280 216 0 6.5961833414313244e-08 3.9801508534371689e-08
288 216 0 8.4996836564393396e-08 5.0707436523069366e-08
296 216 0 1.0920523483298375e-07 6.4387777614240598e-08
304 216 0 1.3992994048726547e-07 8.1505170551342317e-08
312 216 0 1.7885245145774141e-07 1.0287562227044357e-07
320 216 0 2.2807330045131759e-07 1.2950282053390027e-07
328 216 0 2.9020787343674132e-07 1.6261859250283003e-07
336 216 0 3.6849897004958718e-07 2.0372973247951569e-07
344 216 0 4.6694735847936282e-07 2.5467115965758848e-07
352 216 0 5.9046162318393121e-07 3.1766511473244974e-07
360 216 0 7.4502897431192796e-07 3.9538593424373666e-07
368 216 0 9.3790956420292084e-07 4.9102994306488116e-07
376 216 0 1.1778584143882226e-06 6.08390275278076e-07
384 216 0 1.4753814257529303e-06 7.519370585222728e-07
392 216 0 1.8430351585393286e-06 9.2690443044930455e-07
400 216 0 2.2957840121508241e-06 1.1393872922353114e-06
408 216 0 2.851432796800684e-06 1.3964524517620875e-06
416 216 0 3.5311569395173549e-06 1.706270671775917e-06
424 216 0 4.3601559661600714e-06 2.078277808614669e-06
432 216 0 5.3684575599784148e-06 2.5233743003518327e-06
440 216 0 6.591898495745237e-06 3.0541722770781325e-06
448 216 0 8.0733043107112434e-06 3.6852980675407687e-06
456 216 0 9.8638812869175999e-06 4.4337545138707832e-06
464 216 0 1.2024822367413593e-05 5.3193421371012915e-06
472 216 0 1.4629113993334791e-05 6.3651309944514946e-06
480 216 0 1.7763515421875667e-05 7.5979666098521459e-06
488 216 0 2.1530668630857067e-05 9.0489846540101616e-06
496 216 0 2.6051288824078706e-05 1.0754101510422286e-05
504 216 0 3.1466386355899144e-05 1.2754443166523783e-05
512 216 0 3.7939483554924852e-05 1.5096674724104963e-05
520 216 0 4.565881595202562e-05 1.7833198646606085e-05
528 216 0 5.4839545930696376e-05 2.1022202393376794e-05
536 216 0 6.5726063767984248e-05 2.4727555014249371e-05
544 216 0 7.8594498771195637e-05 2.9018575909892935e-05
552 216 0 9.3755600660016625e-05 3.3969724120304422e-05
560 216 0 0.00011155816495423208 3.9660278612711999e-05
568 216 0 0.00013239315176291288 4.6174093567694779e-05
576 216 0 0.00015669857299440917 5.3599511876061028e-05
584 216 0 0.00018496509197453673 6.2029500080469478e-05
592 216 0 0.00021774209392912987 7.1562026028716241e-05
600 216 0 0.00025564375956445561 8.23006370518788e-05
608 216 0 0.00029935443403414201 9.4355116298597773e-05
616 216 0 0.00034963236942729198 0.00010784200739514746
624 216 0 0.00040731077924758099 0.00012288471666294033
632 216 0 0.00047329512970855156 0.00013961284460401341
640 216 0 0.00054855575034332322 0.00015816038202650816
648 216 0 0.00063411520362666792 0.00017866244665392967
656 216 0 0.00073103041010112442 0.00020125034339080639
664 216 0 0.00084037024468820731 0.00022604490673555167
672 216 0 0.00096319012219125847 0.00025314831679363052
680 216 0 0.0011005058559284278 0.00028263484801710394
688 216 0 0.0012532696531729205 0.00031454127756498185
696 216 0 0.0014223513432344579 0.00034885790498606845
704 216 0 0.0016085276718887564 0.00038552127078728712
712 216 0 0.0018124816384398096 0.00042440966673383106
720 216 0 0.002034812374856977 0.00046534237624952729
728 216 0 0.002276054048538746 0.00050808325991777903
736 216 0 0.0025366999060513762 0.0005523488253852283
744 216 0 0.0028172251723873427 0.00059782033745021989
752 216 0 0.003118100475376554 0.00064415890307613398
760 216 0 0.0034397862175606655 0.0006910218966067294
768 216 0 0.0037826982873408661 0.00073807866905412729
776 216 0 0.004147137011822781 0.00078502330124808478
784 216 0 0.0045331744603568118 0.00083158228024424012
792 216 0 0.0049405000341636402 0.00087751543091498397
800 216 0 0.0053682303810682142 0.00092260920206785682
808 216 0 0.0058146964478731555 0.00096666241980453756
816 216 0 0.00627722709917178 0.0010094657644837534
824 216 0 0.006751954231798557 0.0010507773515419875
832 216 0 0.0072336677320440565 0.0010902977354431079
840 216 0 0.0077157491273382112 0.0011276482537562098
848 216 0 0.0081902098230746592 0.0011623567617842067
856 216 0 0.0086478532335683023 0.0011938544092913502
864 216 0 0.0090785702279254903 0.0012214861814640755
872 216 0 0.0094717649085622312 0.0012445365427213549
880 216 0 0.009816894028665351 0.0012622698291674533
888 216 0 0.010104089825756382 0.0012739832293964734
896 216 0 0.010324824294111357 0.001279068495638358
904 216 0 0.010472564424096146 0.0012770771547176343
912 216 0 0.010543363874885683 0.0012677831226837692
920 216 0 0.010536337613425291 0.0012512363893626924
928 216 0 0.010453972360737333 0.0012278018733993673
936 216 0 0.010302236748424107 0.0011981786162535649
944 216 0 0.010090469876197841 0.00116339607133315
952 216 0 0.0098310440460327476 0.0011247861802635827
960 216 0 0.0095388151851897533 0.0010839320071122528
968 216 0 0.0092303912041149985 0.0010425957123394759
976 216 0 0.0089232627927971486 0.0010026478770900349
984 216 0 0.0086348517978897844 0.0009669823092545585
992 216 0 0.0083815386187907539 0.00093600328381449657
1000 216 0 0.0081777317302626357 0.00091127115366842516
1008 216 0 0.0080350396010396546 0.00089404368739590297
1016 216 0 0.007961598374328303 0.00088520279205123349
0 224 0 4.8673640113117525e-12 4.2333662145280009e-12
8 224 0 5.4107792355545221e-12 4.6775386790379657e-12
16 224 0 6.5549459436464723e-12 5.6092236969734204e-12
24 224 0 8.420417623421012e-12 7.1192250560631536e-12
32 224 0 1.1203251007200693e-11 9.3543978276220351e-12
40 224 0 1.519477997401494e-11 1.2531398173384152e-11
48 224 0 2.0810591999428589e-11 1.69566884162469e-11
56 224 0 2.8631172755395814e-11 2.3054345507358717e-11
64 224 0 3.9457612598685865e-11 3.140376626286791e-11
72 224 0 5.4386948723124938e-11 4.2790037271978992e-11
80 224 0 7.4913244348443398e-11 5.8270592442619992e-11
88 224 0 1.0306250117229078e-10 7.9262882314953014e-11
96 224 0 1.4157210757896306e-10 1.0765920699947229e-10
104 224 0 1.9412890749342774e-10 1.4597671195781626e-10
112 224 0 2.6568430874745336e-10 1.9755291202106594e-10
120 224 0 3.6287030496801476e-10 2.6680008757283617e-10
128 224 0 4.9454700227595043e-10 3.5953555841061604e-10
136 224 0 6.7252030821658465e-10 4.8340921192354253e-10
144 224 0 9.1247786604461345e-10 6.4845470310059545e-10
152 224 0 1.2352020304896607e-09 8.6779633189940731e-10
160 224 0 1.6681305489460115e-09 1.1585495312093541e-09
168 224 0 2.2473485118144065e-09 1.5429588974611576e-09
176 224 0 3.0201090879352307e-09 2.0498234973527616e-09
184 224 0 4.0479959375299384e-09 2.7162646276215857e-09
192 224 0 5.4108579989574007e-09 3.5898963950284074e-09
200 224 0 7.211669539204183e-09 4.7314649886543928e-09
208 224 0 9.5824981857737899e-09 6.2180295805563977e-09
216 224 0 1.2691805877874331e-08 8.1467685177085761e-09
224 224 0 1.6753368583061485e-08 1.0639511909426484e-08
232 224 0 2.2037187732024115e-08 1.3848129780957532e-08
240 224 0 2.8882887553502787e-08 1.7960948077530469e-08
248 224 0 3.7716254813946245e-08 2.321042722008309e-08
256 224 0 4.9069784965090367e-08 2.9882422693220848e-08
264 224 0 6.3608350219969105e-08 3.8327454809557141e-08
272 224 0 8.2161391787206884e-08 4.8974541824348772e-08
280 224 0 1.0576334194868493e-07 6.2348288011372671e-08
288 224 0 1.3570427308746276e-07 7.9090050837873793e-08
296 224 0 1.7359301244722435e-07 9.9984117349796289e-08
304 224 0 2.2143511103860779e-07 1.2598987279696437e-07
312 224 0 2.8172807372818498e-07 1.5828091633266827e-07
320 224 0 3.5757612098521786e-07 1.982919450024551e-07
328 224 0 4.5282646593957135e-07 2.4777397473618055e-07
336 224 0 5.7222870252910288e-07 3.0885810126500333e-07
344 224 0 7.216185181369513e-07 3.8412755741068728e-07
352 224 0 9.0812673791638095e-07 4.7669736155199685e-07
360 224 0 1.1404149085556646e-06 5.9030047519583467e-07
368 224 0 1.428939507267802e-06 7.2937922461445144e-07
376 224 0 1.7862486896662986e-06 8.9918093693960167e-07
384 224 0 2.2273184842752031e-06 1.105857431306964e-06
392 224 0 2.7699395889886331e-06 1.3565692866367791e-06
400 224 0 3.4351713043861355e-06 1.6595976970279573e-06
408 224 0 4.2478852485627715e-06 2.024469124417323e-06
416 224 0 5.237427611293272e-06 2.4621006196091305e-06
424 224 0 6.4384337747747403e-06 2.9849761996743627e-06
432 224 0 7.8918318603302475e-06 3.6073664874845025e-06
440 224 0 9.6460707728233695e-06 4.3456042847356382e-06
448 224 0 1.1758602378252012e-05 5.2184271995561813e-06
456 224 0 1.4297635800788383e-05 6.2473943336164733e-06
464 224 0 1.7344164504514884e-05 7.4573770644832304e-06
472 224 0 2.0994244987786286e-05 8.8771142662889288e-06
480 224 0 2.5361482031727813e-05 1.0539810570004934e-05
488 224 0 3.0579653284867229e-05 1.2483743760596306e-05
496 224 0 3.6805390334500993e-05 1.4752836012497887e-05
504 224 0 4.4220829522422926e-05 1.7397135676517109e-05
512 224 0 5.3036158279029814e-05 2.0473154184798045e-05
520 224 0 6.3492014598631706e-05 2.4044008482097852e-05
528 224 0 7.586174832407317e-05 2.8179334567001181e-05
536 224 0 9.0453618782233619e-05 3.2954962251496742e-05
544 224 0 0.00010761307468108857 3.8452373361009309e-05
552 224 0 0.00012772532478032105 4.4758001517226388e-05
560 224 0 0.00015121844356694408 5.1962465639413192e-05
568 224 0 0.00017856724533060766 6.0159854157973278e-05
576 224 0 0.0002102980848704702 6.944718489122241e-05
584 224 0 0.0002469945920550062 7.9924149587619028e-05
592 224 0 0.00028930411995784611 9.169320761810701e-05
600 224 0 0.00033794439661633441 0.00010486001951126247
608 224 0 0.00039370955033273978 0.00011953411255085993
616 224 0 0.00045747437682243944 0.00013582955811773325
624 224 0 0.00053019549591052132 0.00015386533028242933
632 224 0 0.00061290797431256497 0.00017376492820581958
640 224 0 0.00070671613236983138 0.00019565480389070527
648 224 0 0.00081277765028059759 0.00021966116266308429
656 224 0 0.00093228075349193081 0.00024590481129837573
664 224 0 0.001066415151423759 0.00027449392248602854
672 224 0 0.001216338438984889 0.00030551485515854663
680 224 0 0.0013831407039455318 0.00033902149344109539
688 224 0 0.0015678109307379023 0.00037502390313046987
696 224 0 0.0017712092482205263 0.00041347740286433237
704 224 0 0.0019940489426760436 0.00045427335159014051
712 224 0 0.0022368913051736407 0.00049723301211297222
720 224 0 0.0025001547511065043 0.00054210572299917287
728 224 0 0.002784137308456525 0.00058857228089549338
736 224 0 0.0030890487314366045 0.00063625391483368996
744 224 0 0.0034150455098375626 0.00068472656858099964
752 224 0 0.003762259378452688 0.0007335394728797788
760 224 0 0.0041308081141673949 0.00078223628649574245
768 224 0 0.0045207769563949934 0.00083037652445842967
776 224 0 0.0049321603130708658 0.00087755467951184697
784 224 0 0.0053647567406010519 0.00092341446115689306
792 224 0 0.0058180154650786242 0.00096765596858712673
800 224 0 0.006290839583136071 0.0010100343703169168
808 224 0 0.0067813588676776931 0.0010503497185759877
816 224 0 0.0072866928636555334 0.0010884287616930201
824 224 0 0.0078027315833405445 0.0011241008734762092
832 224 0 0.0083239654674871644 0.0011571713160284571
840 224 0 0.008843397381094421 0.00118739581843064
848 224 0 0.0093525665848588659 0.001214460748033162
856 224 0 0.0098417076428596525 0.0012379728900711057
864 224 0 0.010300056409389566 0.0012574620244665703
872 224 0 0.010716301451283586 0.0012723981647789935
880 224 0 0.011079163857832804 0.0012822236455317521
888 224 0 0.011378073055152855 0.0012863984088927818
896 224 0 0.011603892789749715 0.0012844550778404757
904 224 0 0.01174964157881378 0.0012770771547176343
912 224 0 0.011811146997569452 0.0012677831226837692
920 224 0 0.011787574002787984 0.0012512363893626924
928 224 0 0.0116817742341367 0.0012278018733993673
936 224 0 0.011500415364677672 0.0011981786162535649
944 224 0 0.011253865947530991 0.00116339607133315
952 224 0 0.01095583022629633 0.0011247861802635827
960 224 0 0.010622747192302006 0.0010839320071122528
968 224 0 0.010272986916454474 0.0010425957123394759
976 224 0 0.0099258931933902516 0.001002630400593103
984 224 0 0.0096007335178431193 0.00096588171995333483
992 224 0 0.0093156245461517365 0.00093408592736098257
1000 224 0 0.0090865031545548248 0.00090877142429218911
1008 224 0 0.0089262101193262194 0.00089117051828656486
1016 224 0 0.0088437458052480645 0.00088214743091976147
0 232 0 9.1007302258397534e-12 7.7785455727175656e-12
8 232 0 1.0088317914592488e-11 8.5711141696125616e-12
16 232 0 1.2164169640619893e-11 1.0230764871826993e-11
24 232 0 1.5539642679484166e-11 1.291336767409227e-11
32 232 0 2.0557648834822728e-11 1.6870383468187659e-11
40 232 0 2.7726178147399092e-11 2.2471611623679154e-11
48 232 0 3.7767280415675489e-11 3.0238198052149489e-11
56 232 0 5.1685518262754531e-11 4.0888362111243758e-11
64 232 0 7.0861378861553775e-11 5.5399139859372554e-11
72 232 0 9.717698599510393e-11 7.5088465002989917e-11
80 232 0 1.3318383679106339e-10 1.0172319253044019e-10
88 232 0 1.823253834872438e-10 1.3766031107478894e-10
96 232 0 2.4923131457843535e-10 1.8603070992597415e-10
104 232 0 3.4010561945124399e-10 2.5097760750101246e-10
112 232 0 4.6323722076851931e-10 3.3796526295471665e-10
120 232 0 6.2967039254085093e-10 4.5417802650723885e-10
128 232 0 8.5408256068656646e-10 6.0903524584193536e-10
136 232 0 1.1559295201401272e-09 8.1485407212669363e-10
144 232 0 1.5609325691452089e-09 1.0876997249927926e-09
152 232 0 2.102998362389068e-09 1.4484710623683879e-09
160 232 0 2.8266800801553656e-09 1.9242779835938045e-09
168 232 0 3.7903074092755641e-09 2.5501757682332307e-09
176 232 0 5.0699325852879924e-09 3.3713293681515992e-09
184 232 0 6.7642605651515241e-09 4.4456874883295679e-09
192 232 0 9.0007543939858081e-09 5.847251924115862e-09
200 232 0 1.1943134527858576e-08 7.6700326388516318e-09
208 232 0 1.5800527766330188e-08 1.0032785036544431e-08
216 232 0 2.0838574395582907e-08 1.3084635691815626e-08
224 232 0 2.7392880492487968e-08 1.7011720818796423e-08
232 232 0 3.5885317512981647e-08 2.2044993787235145e-08
240 232 0 4.6843835631033255e-08 2.8469410784476004e-08
248 232 0 6.0926682034029335e-08 3.6634784037119532e-08
256 232 0 7.8952207658311215e-08 4.6968705101986781e-08
264 232 0 1.0193580502952625e-07 5.9992088352411234e-08
272 232 0 1.3113593361155566e-07 7.6338062832318388e-08
280 232 0 1.681116299600576e-07 9.6775136963098413e-08
288 232 0 2.1479432392533656e-07 1.2223575331253291e-07
296 232 0 2.7357712979702063e-07 1.5385150792662512e-07
304 232 0 3.4742498383557216e-07 1.9299639050350452e-07
312 232 0 4.4000899006085325e-07 2.4133936407159846e-07
320 232 0 5.5586806598767296e-07 3.0090740557719464e-07
328 232 0 7.006004406757519e-07 3.7415974552027679e-07
336 232 0 8.8108680379410621e-07 4.6407347511587332e-07
344 232 0 1.1057460755476386e-06 5.7423997118938681e-07
352 232 0 1.3848240994683778e-06 7.0897080775094954e-07
360 232 0 1.7307153837514993e-06 8.734111162251465e-07
368 232 0 2.1583187318822534e-06 1.073657907215311e-06
376 232 0 2.6854296266059003e-06 1.3168808877402723e-06
384 232 0 3.3331759155821671e-06 1.6114440087186879e-06
392 232 0 4.1265088756254122e-06 1.9670275205798168e-06
400 232 0 5.0947690014140928e-06 2.3947527617883365e-06
408 232 0 6.2723543729800946e-06 2.9073151605369427e-06
416 232 0 7.6995282309024025e-06 3.5191346947260806e-06
424 232 0 9.423409974449103e-06 4.2465368013767661e-06
432 232 0 1.149919834781475e-05 5.1079797072072421e-06
440 232 0 1.3991675057559008e-05 6.1243454607900887e-06
448 232 0 1.6977029577808193e-05 7.3193106301356466e-06
456 232 0 2.0545030134404856e-05 8.7198078527561252e-06
464 232 0 2.4801541568998114e-05 1.0356580675697593e-05
472 232 0 2.9871359254075215e-05 1.2264821426596372e-05
480 232 0 3.5901292601732747e-05 1.448486596710694e-05
488 232 0 4.3063397045463535e-05 1.706290169313246e-05
496 232 0 5.155822634699888e-05 2.0051628491772706e-05
504 232 0 6.1617965198940036e-05 2.3510799631569588e-05
512 232 0 7.350931246382786e-05 2.7507564136056235e-05
520 232 0 8.7536023080729558e-05 3.2116537210578677e-05
528 232 0 0.00010404108289107435 3.7419542976813348e-05
536 232 0 0.00012340858103373036 4.3505004694804791e-05
544 232 0 0.00014606544804209788 5.0467000118297248e-05
552 232 0 0.00017248332629754743 5.8404049260575645e-05
560 232 0 0.00020318090920635727 6.7417751589387171e-05
568 232 0 0.00023872709948858094 7.7611430295506853e-05
576 232 0 0.00027974526976169261 8.9088962482572183e-05
584 232 0 0.00032691874164262523 0.00010195396614255426
592 232 0 0.00038099732757595312 0.00011630947040113264
600 232 0 0.00044280441612759688 0.00013225811219399173
608 232 0 0.00051324366288359971 0.00014990278421827164
616 232 0 0.00059330393494017269 0.00016934751725651499
624 232 0 0.00068406082619295065 0.00019069823395915749
632 232 0 0.00078667290251838455 0.00021406288621974711
640 232 0 0.00090237093626053665 0.00023955041288645023
648 232 0 0.0010324388129436819 0.00026726795606129422
656 232 0 0.0011781855647903065 0.00029731587359533088
664 232 0 0.0013409090739097875 0.00032978029182865868
672 232 0 0.0015218532941434356 0.00036472324921207628
680 232 0 0.0017221621973866272 0.00040217086252422509
688 232 0 0.0019428348338683722 0.00044210035884383807
696 232 0 0.0021846866510848587 0.00048442719929184079
704 232 0 0.0024483222942661841 0.00052899380804608768
712 232 0 0.0027341243172866129 0.00057556154747591187
720 232 0 0.0030422604741056772 0.00062380749602728401
728 232 0 0.0033727095893520184 0.00067332726279113048
736 232 0 0.0037253026462702944 0.00072364451794260489
744 232 0 0.0040997720784185622 0.00077422717585141562
752 232 0 0.0044957988513324668 0.00082450931885162584
760 232 0 0.0049130444006631373 0.00087391710484439195
768 232 0 0.005351153480853423 0.00092189618702481768
776 232 0 0.0058097149925827127 0.00096793771230724128
784 232 0 0.0062881712017579449 0.0010115998568235992
792 232 0 0.0067856714336657509 0.0010525221607706799
800 232 0 0.0073008739534529878 0.0010904306435076932
808 232 0 0.0078317085862536807 0.001125132753272029
816 232 0 0.0083751216253485535 0.001156502514797644
824 232 0 0.0089268324568167537 0.0011844576165335133
832 232 0 0.0094811367835156216 0.0012089314361395983
840 232 0 0.010030793199525061 0.0012298439498768226
848 232 0 0.010567027332892028 0.001247075951014448
856 232 0 0.011079680532930758 0.0012604509140672748
864 232 0 0.011557518433856136 0.0012697281604614249
872 232 0 0.01198869961606258 0.0012746097647421545
880 232 0 0.012361387503364556 0.0012822236455317521
888 232 0 0.012664471464045637 0.0012863984088927818
896 232 0 0.01288834786759019 0.0012844550778404757
904 232 0 0.013025700515265259 0.0012760589364514789
912 232 0 0.013072213958630629 0.0012610669610611767
920 232 0 0.01302715369332391 0.0012395796905359264
928 232 0 0.012893754277504162 0.0012119800433674621
936 232 0 0.012679369517991002 0.0011789541533133302
944 232 0 0.01239535674336918 0.001141490795838189
952 232 0 0.012056688072634448 0.0011008578463381179
960 232 0 0.011681303436539937 0.0010585562442379307
968 232 0 0.011289240839582123 0.0010162539231276489
976 232 0 0.01090159710688178 0.00097570391349152859
984 232 0 0.010539385696055458 0.00093865217821233887
992 232 0 0.010222366147268134 0.00090674160111639708
1000 232 0 0.0099679220251448694 0.00088141887059004463
1008 232 0 0.0097900609100127958 0.00086385079068657632
1016 232 0 0.0096986016650624021 0.00085485585981433763
0 240 0 1.6879275798557319e-11 1.4173703748581058e-11
8 240 0 1.8659432084205049e-11 1.5575981063098988e-11
16 240 0 2.2394934512446886e-11 1.8507453014634201e-11
24 240 0 2.8453010353576435e-11 2.3233185547877673e-11
32 240 0 3.7428032303010387e-11 3.0179731279743972e-11
40 240 0 5.0197789771078246e-11 3.9972359409357051e-11
48 240 0 6.8005478467824978e-11 5.3488944236806932e-11
56 240 0 9.2573880373998289e-11 7.1934378326160286e-11
64 240 0 1.2626051872092633e-10 9.6940652473982445e-11
72 240 0 1.7226545099809385e-10 1.3069927729907047e-10
80 240 0 2.3490702932150358e-10 1.7613461828360824e-10
88 240 0 3.1998569456203273e-10 2.3712912016614765e-10
96 240 0 4.352620245044095e-10 3.1881448847645269e-10
104 240 0 5.9108322695225645e-10 4.279468907487289e-10
112 240 0 8.0120248372323596e-10 5.7338937215342246e-10
120 240 0 1.0838484190480898e-09 7.6673117499442983e-10
128 240 0 1.4631178065285018e-09 1.0230816789595087e-09
136 240 0 1.9707835922668208e-09 1.3620862949371929e-09
144 240 0 2.6486322941380015e-09 1.8092227238944724e-09
152 240 0 3.5514694247574559e-09 2.3974481662021724e-09
160 240 0 4.75095806374917e-09 3.1692806944395904e-09
168 240 0 6.3404831775087947e-09 4.1794101929475282e-09
176 240 0 8.4412619534395916e-09 5.4979449909736096e-09
184 240 0 1.1209948053481092e-08 7.2144086322572717e-09
192 240 0 1.484800631810167e-08 9.44260663525806e-09
200 240 0 1.9613167166710208e-08 1.2326486025214196e-08
208 240 0 2.5833312802874619e-08 1.6047112742486666e-08
216 240 0 3.3923210087398533e-08 2.0830897609081024e-08
224 240 0 4.4404601311284391e-08 2.6959216546887173e-08
232 240 0 5.7930311300216792e-08 3.4779603674939358e-08
240 240 0 7.5313246415509259e-08 4.4718756985910094e-08
248 240 0 9.7561466071148867e-08 5.7297696135433127e-08
256 240 0 1.25920912760298e-07 7.3149559325386812e-08
264 240 0 1.6192789338193748e-07 9.3040725438863309e-08
272 240 0 2.0747399644387404e-07 1.1789619435833917e-07
280 240 0 2.6488676692315602e-07 1.4883043687110942e-07
288 240 0 3.3703007723786947e-07 1.8718520533578408e-07
296 240 0 4.2742863772364575e-07 2.3457603150546763e-07
304 240 0 5.4042137433907668e-07 2.9294926924443082e-07
312 240 0 6.8134835413245171e-07 3.6465150034304222e-07
320 240 0 8.5677547156486759e-07 4.5251284684417148e-07
328 240 0 1.0747601861960287e-06 5.5994517600752663e-07
336 240 0 1.3451602789099795e-06 6.9105533180726994e-07
344 240 0 1.6799860467370254e-06 8.5077242033893079e-07
352 240 0 2.0937949072193273e-06 1.0449869248286495e-06
360 240 0 2.6041264999766458e-06 1.2806982144882865e-06
368 240 0 3.2319766390975644e-06 1.5661660971874468e-06
376 240 0 4.0023105143461726e-06 1.9110617556390996e-06
384 240 0 4.944619924300855e-06 2.3266140159484368e-06
392 240 0 6.093536396205229e-06 2.8257486895149086e-06
400 240 0 7.4895217632024293e-06 3.4232218410201387e-06
408 240 0 9.1796695335170373e-06 4.1357521961088176e-06
416 240 0 1.1218662925628483e-05 4.9821631640153585e-06
424 240 0 1.3669946775825869e-05 5.9835504432017799e-06
432 240 0 1.6607178055021992e-05 7.1634959147793401e-06
440 240 0 2.0116020518349096e-05 8.5483512719040172e-06
448 240 0 2.429634020794384e-05 1.0167614238918503e-05
456 240 0 2.9264837987160982e-05 1.205441506647488e-05
464 240 0 3.5158122244695707e-05 1.4246120396805615e-05
472 240 0 4.2136180680671587e-05 1.6785045408152474e-05
480 240 0 5.0386158568839688e-05 1.9719244156094761e-05
488 240 0 6.0126298738595994e-05 2.3103324157963586e-05
496 240 0 7.1609854838771585e-05 2.6999207606171651e-05
504 240 0 8.5128764830509624e-05 3.1476742216011804e-05
512 240 0 0.00010101687659988409 3.6614054220955469e-05
520 240 0 0.00011965256029130823 4.2497538884451341e-05
528 240 0 0.0001414606258678877 4.9221403536405905e-05
536 240 0 0.00016691358572853515 5.6886716011173065e-05
544 240 0 0.00019653244816039513 6.5599966036006377e-05
552 240 0 0.00023088737555812308 7.5471213688464001e-05
560 240 0 0.00027059866079574444 8.6611968994199605e-05
568 240 0 0.00031633852978408779 9.9133008473567172e-05
576 240 0 0.00036883423224426479 0.00011314237454722347
584 240 0 0.00042887270778517949 0.0001287438089185018
592 240 0 0.00049730679797708576 0.00014603583078194571
600 240 0 0.00057506252832158862 0.00016511157977540489
608 240 0 0.00066314644710187135 0.00018605940465263695
616 240 0 0.00076265145219668769 0.00020896400383634494
624 240 0 0.00087475906015210814 0.00023390773521732788
632 240 0 0.0010007357887381317 0.00026097154000260885
640 240 0 0.0011419213491469869 0.0002902348042327751
648 240 0 0.0012997067690049761 0.00032177344676285655
656 240 0 0.0014755014383856374 0.00035565560253270805
664 240 0 0.0016706893657384462 0.00039193448027973073
672 240 0 0.0018865765433555119 0.0004306383111463833
680 240 0 0.0021243330599108523 0.000471757743269045
688 240 0 0.0023849351927122103 0.00051523152915093715
696 240 0 0.0026691138503766995 0.00056093183022471946
704 240 0 0.0029773161023122718 0.00060865084810992568
712 240 0 0.0033096858647625248 0.00065809070625731268
720 240 0 0.0036660679701329612 0.0007088584837162187
728 240 0 0.0040460368521431488 0.00076046800579697687
736 240 0 0.0044489471642128993 0.00081234942273665251
744 240 0 0.0048739992542699779 0.00086386679872161188
752 240 0 0.0053203081701840927 0.0009143429743380671
760 240 0 0.0057869615055075293 0.00096308997555025373
768 240 0 0.0062730496678782407 0.0010094423621063138
776 240 0 0.006777652704889954 0.0010527902789676819
784 240 0 0.0072997710585815442 0.0010926087153033375
792 240 0 0.0078381935944364309 0.0011284796630554074
800 240 0 0.008391304596960681 0.0011601045178342515
808 240 0 0.0089568413395257097 0.0011873051279518258
816 240 0 0.0095316241401461974 0.0012100132560512438
824 240 0 0.010111290073350267 0.0012282497024561721
832 240 0 0.01069006821965522 0.0012420957498298409
840 240 0 0.011260637149401884 0.0012516607227427475
848 240 0 0.011814103283906476 0.0012570501395367823
856 240 0 0.012340131446998033 0.0012604509140672748
864 240 0 0.012827246594317561 0.0012697281604614249
872 240 0 0.013263309380804734 0.0012746097647421545
880 240 0 0.013636149527307529 0.0012747620239429731
888 240 0 0.013934321955996141 0.0012698504919505041
896 240 0 0.014147933652622364 0.0012595857850321735
904 240 0 0.01426947634030061 0.0012437758250353516
912 240 0 0.014294593061593988 0.0012223791029633592
920 240 0 0.014222706752128925 0.0011955530588050149
928 240 0 0.014057446125017461 0.0011636918475132988
936 240 0 0.01380681809382533 0.0011274485758343278
944 240 0 0.013483095195422182 0.0010877384520530022
952 240 0 0.013102409103567742 0.0010457210309332936
960 240 0 0.01268406509884544 0.0010027616623055034
968 240 0 0.012249614996954115 0.00096037415737199212
976 240 0 0.011821745488769185 0.00092014838188740448
984 240 0 0.01142305351337501 0.00088366781731955175
992 240 0 0.011074789144884313 0.00085242299761617915
1000 240 0 0.010795649107585964 0.00082772708244109421
1008 240 0 0.010600700580564617 0.00081063967055182082
1016 240 0 0.010500505998572687 0.00080190433351028448
0 248 0 3.1052979547138377e-11 2.5610317035282198e-11
8 248 0 3.4235413147304037e-11 2.807020121291225e-11
16 248 0 4.0902387527081086e-11 3.3204127149093034e-11
24 248 0 5.1686195901454108e-11 4.1458637070811139e-11
32 248 0 6.7607763582754358e-11 5.3550496188052714e-11
40 248 0 9.0170149180435297e-11 7.0526956318064634e-11
48 248 0 1.2149442270463191e-10 9.3852784375132194e-11
56 248 0 1.6450825870015858e-10 1.2553007723484791e-10
64 248 0 2.2320117119490877e-10 1.682588021232553e-10
72 248 0 3.0296472829716432e-10 2.2564826394063601e-10
80 248 0 4.1104164760511181e-10 3.0249245874969319e-10
88 248 0 5.5711481472818038e-10 4.0512573068539279e-10
96 248 0 7.5407651298086219e-10 5.4187957288854266e-10
104 248 0 1.0190301177009853e-09 7.2366712350434326e-10
112 248 0 1.3745918558766584e-09 9.6472926287842377e-10
120 248 0 1.8505795940425196e-09 1.283585567069224e-09
128 248 0 2.4861994854880105e-09 1.7042449856502724e-09
136 248 0 3.3328698872040137e-09 2.2577450829200224e-09
144 248 0 4.4578550180324739e-09 2.9841048180416197e-09
152 248 0 5.9489175909596283e-09 3.9347935538621821e-09
160 248 0 7.9202387581887605e-09 5.1758372250393549e-09
168 248 0 1.0519893370456323e-08 6.7916998606402045e-09
176 248 0 1.3939206944413201e-08 8.8900931324261025e-09
184 248 0 1.8424356685738364e-08 1.1607876485420061e-08
192 248 0 2.429061295335973e-08 1.5118214432913565e-08
200 248 0 3.1939653191924403e-08 1.9639155745584057e-08
208 248 0 4.1880425545361285e-08 2.5443793614640911e-08
216 248 0 5.4754107696479557e-08 3.2872161443886286e-08
224 248 0 7.1363817858171564e-08 4.234502431149108e-08
232 248 0 9.270991497515615e-08 5.437975361333414e-08
240 248 0 1.2003200340141935e-07 6.9608537228603988e-08
248 248 0 1.5485916220658199e-07 8.8799296214933805e-08
256 248 0 1.9907047208568481e-07 1.1287986615952392e-07
264 248 0 2.5496861882080079e-07 1.4296626531098213e-07
272 248 0 3.2537019080221321e-07 1.8039620949679638e-07
280 248 0 4.1371720379426543e-07 2.2676942574863084e-07
288 248 0 5.2421528257365354e-07 2.8399672133399866e-07
296 248 0 6.6200466922911338e-07 3.5436011793471082e-07
304 248 0 8.333706435835075e-07 4.4058657595656677e-07
312 248 0 1.0459998544754939e-06 5.4593781133204028e-07
320 248 0 1.3092883184090391e-06 6.7431834654889546e-07
328 248 0 1.6347053622035553e-06 8.304031591576333e-07
336 248 0 2.0362156107172495e-06 1.019785060451873e-06
344 248 0 2.5307584670759562e-06 1.2491402928437097e-06
352 248 0 3.1387818320479769e-06 1.526408911674592e-06
360 248 0 3.8848247144649323e-06 1.8609845615345166e-06
368 248 0 4.7981427362850112e-06 2.2639066224744436e-06
376 248 0 5.9133722699852722e-06 2.7480468239673412e-06
384 248 0 7.2712339402492918e-06 3.3282827692440408e-06
392 248 0 8.9192850857201376e-06 4.0216527927218769e-06
400 248 0 1.0912743604222568e-05 4.8474904462145086e-06
408 248 0 1.3315421729625855e-05 5.8275426642112732e-06
416 248 0 1.6200826089643842e-05 6.9860829104240441e-06
424 248 0 1.9653497219027649e-05 8.3500385289576966e-06
432 248 0 2.3770673969801332e-05 9.9491588318973372e-06
440 248 0 2.8664371790253114e-05 1.1816255489870196e-05
448 248 0 3.4463954446862343e-05 1.3987547689682615e-05
456 248 0 4.1319253053635862e-05 1.6503139496925703e-05
464 248 0 4.9404242641501323e-05 1.9407644566413589e-05
472 248 0 5.8921226088824061e-05 2.2750953283220717e-05
480 248 0 7.0105402724934449e-05 2.6589110329643532e-05
488 248 0 8.3229622896559581e-05 3.0985238810386697e-05
496 248 0 9.8609062444943236e-05 3.6010414280354504e-05
504 248 0 0.00011660550704652143 4.1744363564905746e-05
512 248 0 0.00013763093082083956 4.8275845286876106e-05
520 248 0 0.00016215009917575958 5.5702567696965747e-05
528 248 0 0.0001906820294042936 6.4130519829296197e-05
536 248 0 0.00022380030173970822 7.3672636896121937e-05
544 248 0 0.00026213241419640151 8.4446789353554374e-05
552 248 0 0.00030635858924658708 9.6573171917209877e-05
560 248 0 0.00035721062978994405 0.00011017126392155003
568 248 0 0.00041547153825765497 0.00012535662147260501
576 248 0 0.00048197660679148827 0.00014223782769338462
584 248 0 0.00055761651670368129 0.00016091395241427261
592 248 0 0.00064334262875903147 0.00018147284199493581
600 248 0 0.00074017410809699351 0.00020399046477165403
608 248 0 0.0008492058517545083 0.00022853137841897663
616 248 0 0.00097161545603303263 0.00025515017443070252
624 248 0 0.001108666795369436 0.00028389351643036322
632 248 0 0.0012617073287407405 0.00031480215852544222
640 248 0 0.001432156153379762 0.00034791215003203511
648 248 0 0.0016214802157678327 0.00038325434749024358
656 248 0 0.0018311570409183455 0.00042085140159149083
664 248 0 0.0020626238460181769 0.00046071158880092722
672 248 0 0.0023172148545018952 0.00050281921700933612
680 248 0 0.0025960908031798973 0.00054712182721504193
688 248 0 0.0029001667218631474 0.00059351498749272329
696 248 0 0.0032300456806014189 0.00064182605616285981
704 248 0 0.0035859669504221974 0.0006917987876871594
712 248 0 0.0039677765710198374 0.00074308097423565148
720 248 0 0.0043749264538491799 0.00079521737738156087
728 248 0 0.0048065048579401257 0.00084764995508635615
736 248 0 0.0052612965869495518 0.00089972681692820477
744 248 0 0.0057378660529915897 0.00095072048193904548
752 248 0 0.0062346511445221598 0.00099985495432222942
760 248 0 0.006750051481057783 0.0010463400003977606
768 248 0 0.0072824920299845546 0.0010894099593999236
776 248 0 0.0078304429838576359 0.0011283636100678507
784 248 0 0.0083923797738848817 0.0011626011833544003
792 248 0 0.0089666732574918383 0.0011916546545483204
800 248 0 0.0095514091147949325 0.0012152079989525624
808 248 0 0.010144146467477536 0.0012331051149668537
816 248 0 0.010741637396197441 0.0012453444964977429
824 248 0 0.011339539775806439 0.0012520613034947402
832 248 0 0.011932163969485061 0.0012534990289551282
840 248 0 0.012512297872144631 0.0012516607227427475
848 248 0 0.013071153423443258 0.0012570501395367823
856 248 0 0.013598470496735442 0.0012583390497374093
864 248 0 0.0140828012508015 0.0012555546564839391
872 248 0 0.014511980643865737 0.0012486712630610033
880 248 0 0.014873768606639718 0.001237619079332189
888 248 0 0.01515662862153413 0.0012223066655379887
896 248 0 0.015350588655657913 0.0012026550030355496
904 248 0 0.015448115935458978 0.0011786395951583675
912 248 0 0.015444928881911365 0.0011503358203173771
920 248 0 0.015340668884528284 0.001117962132399359
928 248 0 0.015139361829815845 0.0010819157047983839
936 248 0 0.01484961383047532 0.0010427957366499901
944 248 0 0.0144845059941002 0.0010014107986780173
952 248 0 0.014061177249330146 0.00095876814576240435
960 248 0 0.013600109778715699 0.00091604467987025859
968 248 0 0.013124156011465205 0.00087454101451108976
976 248 0 0.01265736717677678 0.00083562168800759527
984 248 0 0.012223699362456809 0.0008006458490817988
992 248 0 0.011845682737626585 0.00077089359274227186
1000 248 0 0.011543142614296273 0.00074749350671030924
1008 248 0 0.011332057477011253 0.00073135689644663639
1016 248 0 0.011223629626482236 0.00072312362790954987
0 256 0 5.6663296582420575e-11 4.5884737566185137e-11
8 256 0 6.2305614360216287e-11 5.01628131120975e-11
16 256 0 7.410651467617412e-11 5.9076945098573387e-11
24 256 0 9.3144832972265247e-11 7.3372335499825318e-11
32 256 0 1.2115825977080707e-10 9.4242055556839822e-11
40 256 0 1.6069710549849993e-10 1.2342349600110747e-10
48 256 0 2.153472070797641e-10 1.6333736169222053e-10
56 256 0 2.9003833593500649e-10 2.1727850028401178e-10
64 256 0 3.9145997331816408e-10 2.8967070237160065e-10
72 256 0 5.2861299223780033e-10 3.86400902328832e-10
80 256 0 7.1353410635480501e-10 5.1525214986125825e-10
88 256 0 9.6224054541357317e-10 6.8645959922043273e-10
96 256 0 1.2959560858694048e-09 9.1341995856793298e-10
104 256 0 1.7426972412053286e-09 1.2135928321510279e-09
112 256 0 2.3393211187550822e-09 1.6096427140102958e-09
120 256 0 3.1341651611117437e-09 2.1308835953890764e-09
128 256 0 4.1904444711382829e-09 2.815104661786859e-09
136 256 0 5.5906149701240362e-09 3.7108755519091297e-09
144 256 0 7.4419598360740936e-09 4.8804528585722465e-09
152 256 0 9.8837111448218104e-09 6.4034350733596384e-09
160 256 0 1.3096075983228115e-08 8.3813393533159691e-09
168 256 0 1.7311593231096527e-08 1.0943297878324097e-08
176 256 0 2.2829300076839304e-08 1.4253091122136091e-08
184 256 0 3.0032233171158424e-08 1.8517746859602141e-08
192 256 0 3.9408827386273295e-08 2.3997934547655028e-08
200 256 0 5.157880893750846e-08 3.1020373880479379e-08
208 256 0 6.7324219160002196e-08 3.9992455829852381e-08
216 256 0 8.7626269140365843e-08 5.1419250654040354e-08
224 256 0 1.1370884216966264e-07 6.5923061901881729e-08
232 256 0 1.4708966858849029e-07 8.4265695856965706e-08
240 256 0 1.8964054063002334e-07 1.0737367470563943e-07
248 256 0 2.436584584215158e-07 1.3636675420002617e-07
256 256 0 3.1195033824520873e-07 1.7259033636427196e-07
264 256 0 3.9793488413178292e-07 2.1765271071685439e-07
272 256 0 5.0576640029900959e-07 2.7346851393194644e-07
280 256 0 6.4048662954289628e-07 3.4231034451897373e-07
288 256 0 8.0821200390765221e-07 4.2687105178415442e-07
296 256 0 1.0163647871638242e-06 5.303397480050011e-07
304 256 0 1.2739572195400743e-06 6.5649494699480448e-07
312 256 0 1.5919376658075342e-06 8.0981826457038186e-07
320 256 0 1.9836066649579345e-06 9.9563167487206421e-07
328 256 0 2.4651085213611886e-06 1.220260271625779e-06
336 256 0 3.0560006711691225e-06 1.4912207643310558e-06
344 256 0 3.7798987599196659e-06 1.8174335728879561e-06
352 256 0 4.6651907437225689e-06 2.2094535312494612e-06
360 256 0 5.7458092759994489e-06 2.6797111903439429e-06
368 256 0 7.0620493587594548e-06 3.2427540019356597e-06
376 256 0 8.6614190939526134e-06 3.9154748780858313e-06
384 256 0 1.0599516709493333e-05 4.7173154281996721e-06
392 256 0 1.2940937878442014e-05 5.6704332058368423e-06
400 256 0 1.5760234050437077e-05 6.7998269944825352e-06
408 256 0 1.9142964393837128e-05 8.133421626656001e-06
416 256 0 2.3186909000067886e-05 9.7021236720390263e-06
424 256 0 2.8003535747985346e-05 1.1539870551739344e-05
432 256 0 3.3719832801698669e-05 1.3683706603652764e-05
440 256 0 4.048062728012331e-05 1.6173928144433938e-05
448 256 0 4.8451502136544958e-05 1.9054343106701963e-05
456 256 0 5.7822392550561565e-05 2.2372686844738367e-05
464 256 0 6.8811887207914912e-05 2.6181222153049996e-05
472 256 0 8.1672179372044778e-05 3.0537527417717487e-05
480 256 0 9.6694513054577981e-05 3.5505442675556699e-05
488 256 0 0.00011421486170694628 4.1156101726604893e-05
496 256 0 0.00013461947672529774 4.7568934021511558e-05
504 256 0 0.00015834987061142717 5.4832479494833615e-05
512 256 0 0.00018590677610771567 6.3044830879464977e-05
520 256 0 0.00021785266687272532 7.2313509684155297e-05
528 256 0 0.0002548125492335898 8.2754601213744249e-05
536 256 0 0.00029747293863583015 9.4491025286041151e-05
544 256 0 0.00034657920354995588 0.00010764990282229834
552 256 0 0.00040293176116379696 0.00012235908881838261
560 256 0 0.00046738189371149408 0.00013874306771804638
568 256 0 0.00054082815973025998 0.00015691853053108611
576 256 0 0.00062421443448487288 0.00017699005265158917
584 256 0 0.00071853046911795389 0.00019904634439439183
592 256 0 0.00082481547075396728 0.00022315753241200454
600 256 0 0.00094416457286864753 0.00024937383578833665
608 256 0 0.0010777372301734849 0.00027772582304655792
616 256 0 0.0012267656304637351 0.00030822618690691896
624 256 0 0.0013925603117997992 0.000340872679057992
632 256 0 0.0015765094872661827 0.00037565154823082083
640 256 0 0.0017800683034117971 0.00041254057227824506
648 256 0 0.0020047345632580762 0.00045151062277168407
656 256 0 0.0022520084425098363 0.00049252469723575507
664 256 0 0.0025233354348191041 0.0005355335326980991
672 256 0 0.0028200340715112313 0.00058046728380951613
680 256 0 0.0031432126303949392 0.00062722328815087826
688 256 0 0.0034936817093558707 0.00067565059693437029
696 256 0 0.0038718717367642787 0.00072553263858664112
704 256 0 0.0042777657381093568 0.00077657000311524838
712 256 0 0.0047108575452554889 0.00082836577804555091
720 256 0 0.0051701438312307408 0.00088041603441572653
728 256 0 0.0056541548130264819 0.00093210788490454433
736 256 0 0.0061610234038777566 0.00098272699072247255
744 256 0 0.0066885865349306352 0.0010314755083277276
752 256 0 0.0072345060988443892 0.0010775003260214099
760 256 0 0.0077963914814555436 0.0011199301773436258
768 256 0 0.0083719019893844782 0.0011579189988850779
776 256 0 0.0089588065939254866 0.0011906919002800057
784 256 0 0.009554980957239282 0.0012175894924794546
792 256 0 0.010158327912040159 0.0012381061927112299
800 256 0 0.010766617113747495 0.0012519185427178267
808 256 0 0.011377251582444389 0.0012589005168952179
816 256 0 0.011986981892695184 0.0012591241583077145
824 256 0 0.012591601079301179 0.0012528454977876677
832 256 0 0.013185662998440189 0.0012534990289551282
840 256 0 0.013762272151839222 0.0012499742796945913
848 256 0 0.014312992511384704 0.0012418390879414456
856 256 0 0.014827916013152934 0.0012294455164174913
864 256 0 0.015295918301883 0.0012131170510814998
872 256 0 0.0157051110622396 0.0011931304183738622
880 256 0 0.016043478731822661 0.001169710125182943
888 256 0 0.01629966499585302 0.0011430363743188902
896 256 0 0.016463853927541124 0.0011132652718832108
904 256 0 0.016528674576902293 0.0010805586414433157
912 256 0 0.016490048379038048 0.0010451194971266824
920 256 0 0.016347897342001597 0.0010072284574733133
928 256 0 0.016106638018555674 0.00096727618873982887
936 256 0 0.015775401188025156 0.00092578735754983606
944 256 0 0.015367938475810465 0.00088343248171026539
952 256 0 0.014902202617439715 0.00084102536810956932
960 256 0 0.014399615131350057 0.00079950535263435818
968 256 0 0.013884061141094993 0.00075990512962978776
976 256 0 0.0133806735846534 0.00072330640787661958
984 256 0 0.01291448617811234 0.00069078681565553149
992 256 0 0.0125090450377182 0.00066336230009161543
1000 256 0 0.01218507228733646 0.00064192967304018723
1008 256 0 0.01195927141625888 0.00062721393924762732
1016 256 0 0.011843354258262107 0.00061972463177987006
0 264 0 1.0254803414860571e-10 8.1511571774753292e-11
8 264 0 1.1246842747231379e-10 8.8887251066806181e-11
16 264 0 1.3318345977474751e-10 1.0423138231345962e-10
24 264 0 1.6651716847209057e-10 1.2877586447738701e-10
32 264 0 2.1540031532764689e-10 1.6448779256734468e-10
40 264 0 2.841206014996074e-10 2.1422203947914479e-10
48 264 0 3.7868456877198464e-10 2.8194072683594746e-10
56 264 0 5.0731683621901827e-10 3.7301378114102072e-10
64 264 0 6.8113067568976473e-10 4.9461895201111447e-10
72 264 0 9.1501389456663233e-10 6.5626439016148652e-10
80 264 0 1.2287862562160633e-09 8.7046241289869325e-10
88 264 0 1.6487001446340059e-09 1.1535898164286884e-09
96 264 0 2.2093760444373378e-09 1.5269785692619172e-09
104 264 0 2.9562900733563565e-09 2.0182916348397937e-09
112 264 0 3.948963832765378e-09 2.6632528373400371e-09
120 264 0 5.26504875650082e-09 3.5078179402146516e-09
128 264 0 7.005549132925142e-09 4.6108971514973526e-09
136 264 0 9.3014905220331658e-09 6.047767428115994e-09
144 264 0 1.232241269464634e-08 7.9143458823791256e-09
152 264 0 1.6287146218181449e-08 1.0332531985369872e-08
160 264 0 2.1477415336544084e-08 1.3456863583948738e-08
168 264 0 2.8254891109420625e-08 1.7482766164478658e-08
176 264 0 3.7082391198975394e-08 2.265670135789471e-08
184 264 0 4.8549980030760566e-08 2.9288533916809641e-08
192 264 0 6.3406761933928323e-08 3.7766431393914006e-08
200 264 0 8.2599182817987839e-08 4.8574584739819709e-08
208 264 0 1.0731667498985458e-07 6.2313992364718579e-08
216 264 0 1.390455197944062e-07 7.972649245376981e-08
224 264 0 1.7963190407154437e-07 1.0172217412124751e-07
232 264 0 2.31355364445456e-07 1.2941027191876507e-07
240 264 0 2.9701421533566277e-07 1.6413368311318837e-07
248 264 0 3.8002521262154197e-07 2.0750738109211352e-07
256 264 0 4.8454067460948068e-07 2.61461268723269e-07
264 264 0 6.1558759484863731e-07 3.2828845064144039e-07
272 264 0 7.7923491423095603e-07 4.1070051093098449e-07
280 264 0 9.8279697406187001e-07 5.1189213744675068e-07
288 264 0 1.2350830556918066e-06 6.3561826709628052e-07
296 264 0 1.5467045351688253e-06 7.8628771777114601e-07
304 264 0 1.9304521665348788e-06 9.6907785151467626e-07
312 264 0 2.4017559303779161e-06 1.190074969556493e-06
320 264 0 2.9792383398299987e-06 1.4564446473124078e-06
328 264 0 3.6853687929869676e-06 1.7766348734828552e-06
336 264 0 4.5472214355001782e-06 2.1606125320121221e-06
344 264 0 5.5973323328076219e-06 2.6201304582527257e-06
352 264 0 6.8746442749720301e-06 3.1690181937473167e-06
360 264 0 8.4255204663433918e-06 3.8234850623922187e-06
368 264 0 1.0304803360695115e-05 4.6024199318351861e-06
376 264 0 1.2576893972038445e-05 5.5276688460697086e-06
384 264 0 1.5316832137693005e-05 6.6242705733407437e-06
392 264 0 1.8611371084278857e-05 7.9206319398538312e-06
400 264 0 2.2560061044919612e-05 9.4486303355844266e-06
408 264 0 2.7276386020493129e-05 1.1243640276578376e-05
416 264 0 3.2889032672106912e-05 1.3344494038821279e-05
424 264 0 3.954340629972469e-05 1.5793401982146689e-05
432 264 0 4.7403539405351433e-05 1.8635874217284054e-05
440 264 0 5.6654555424557248e-05 2.1920698884649487e-05
448 264 0 6.750584524324692e-05 2.5700040103239104e-05
456 264 0 8.0195079395299932e-05 3.0029717094040798e-05
464 264 0 9.4993109360964908e-05 3.496971207118031e-05
472 264 0 0.00011220970678976227 4.0584926440590479e-05
480 264 0 0.00013219995573013468 4.6946162822367535e-05
488 264 0 0.00015537096343355117 5.4131257142294342e-05
496 264 0 0.0001821884107468093 6.2226226097809607e-05
504 264 0 0.00021318235010626079 7.1326238989977955e-05
512 264 0 0.00024895160698718065 8.1536179556772445e-05
520 264 0 0.00029016617655688062 9.2970544144857048e-05
528 264 0 0.00033756715044733405 0.00010575243740931463
536 264 0 0.00039196396392187131 0.0001200114827159146
544 264 0 0.00045422910637225422 0.00013588056329388051
552 264 0 0.00052529084998217956 0.000153491446740711
560 264 0 0.00060612496142954046 0.00017296950662271137
568 264 0 0.00069774669026134608 0.00019442791995892517
576 264 0 0.00080120448713646205 0.00021796186180395526
584 264 0 0.00091757681351234573 0.0002436433088911519
592 264 0 0.0010479730031659718 0.00027151707631801959
600 264 0 0.0011935384086569842 0.00030159862483746512
608 264 0 0.0013554630532200428 0.00033387398430583274
616 264 0 0.0015349918173706541 0.00036830185077420534
624 264 0 0.0017334329908577912 0.00040481755886558101
632 264 0 0.0019521610354970036 0.00044333825353179575
640 264 0 0.0021926088756900422 0.0004837682455569735
648 264 0 0.0024562451860297603 0.00052600329857168922
656 264 0 0.0027445331397455914 0.00056993252269581024
664 264 0 0.0030588689675172033 0.00061543668617572911
672 264 0 0.0034005013553207474 0.00066238211984751558
680 264 0 0.0037704359185458175 0.00071060996373245155
688 264 0 0.004169332306290241 0.00075992123661326478
696 264 0 0.0045974043753509199 0.00081005900925435349
704 264 0 0.0050543357412246052 0.00086068971576449931
712 264 0 0.0055392233233010398 0.00091138622093112076
720 264 0 0.0060505598656464673 0.00096161555847409409
728 264 0 0.0065862626979310262 0.0010107341793052565
736 264 0 0.0071437503946002292 0.0010579930599350874
744 264 0 0.0077200620432583628 0.0011025541376553797
752 264 0 0.008312006424865799 0.0011435183416270995
760 264 0 0.0089163216587991694 0.0011799641136634332
768 264 0 0.0095298209882695561 0.0012109939347750339
776 264 0 0.010149498494205492 0.0012357851841532236
784 264 0 0.010772570449718737 0.0012536408338473005
792 264 0 0.011396434104751389 0.0012640351613965994
800 264 0 0.012018535656465322 0.0012666499162386664
808 264 0 0.012636152099339607 0.0012613971976227125
816 264 0 0.013246106051002899 0.0012591241583077145
824 264 0 0.013844446577088847 0.0012528454977876677
832 264 0 0.014426140374872382 0.001240477376432193
840 264 0 0.014984824435804473 0.0012225522839652506
848 264 0 0.015512671954918195 0.0011996794435334916
856 264 0 0.016000416979304155 0.0011725009661512215
864 264 0 0.016437570187977184 0.0011416518860941846
872 264 0 0.016812839338983109 0.0011077282767435088
880 264 0 0.017114745253609575 0.0010712665217869136
888 264 0 0.017332400330776189 0.001032735334923169
896 264 0 0.017456394410126912 0.00099254048258578739
904 264 0 0.017479715160747495 0.00095104058384520157
912 264 0 0.017398619417765406 0.0009085710387273585
920 264 0 0.017213369568904235 0.00086547222690263811
928 264 0 0.01692875573573208 0.00082211771717640575
936 264 0 0.016554339545722375 0.00077893835769721892
944 264 0 0.016104377207569309 0.00073643873175884347
952 264 0 0.01559740607939508 0.00069520346195536473
960 264 0 0.015055507216711521 0.00065589208536146436
968 264 0 0.014503283688186553 0.00061922254709156042
976 264 0 0.013966618201591362 0.00058594461693796222
984 264 0 0.013471291772788288 0.00055680559467594787
992 264 0 0.013041556477613021 0.00053251143989482136
1000 264 0 0.012698759175333061 0.00051368688799660091
1008 264 0 0.012460109597114532 0.00050083818085565161
1016 264 0 0.012337676026320393 0.00049432176805828607
0 272 0 1.84059605923359e-10 1.4356388213973032e-10
8 272 0 2.0135567853911997e-10 1.5616878623201033e-10
16 272 0 2.3741484208820713e-10 1.8235090939155775e-10
24 272 0 2.9529303294947757e-10 2.2412747189710671e-10
32 272 0 3.7988810789499158e-10 2.8471094480581616e-10
40 272 0 4.9834264097875219e-10 3.6874756072770427e-10
48 272 0 6.606252956079321e-10 4.8265980978058357e-10
56 272 0 8.8033061736003898e-10 6.3511441226593058e-10
64 272 0 1.1757496277008792e-09 8.3764332729655472e-10
72 272 0 1.5712782847281189e-09 1.105452029162086e-09
80 272 0 2.0992486691147565e-09 1.4584568959625957e-09
88 272 0 2.8022899610626943e-09 1.9226026273848853e-09
96 272 0 3.736354613699255e-09 2.5315218925135958e-09
104 272 0 4.9745817081961502e-09 3.328613906484525e-09
112 272 0 6.6122166701054151e-09 4.3696375577796906e-09
120 272 0 8.7728666967154717e-09 5.72593934734848e-09
128 272 0 1.1616446284422495e-08 7.4884678883424419e-09
136 272 0 1.534925795014916e-08 9.7727656654468235e-09
144 272 0 2.0236758577025466e-08 1.2725174806030814e-08
152 272 0 2.6619678203551321e-08 1.6530544941644401e-08
160 272 0 3.4934278920492822e-08 2.1421784105637458e-08
168 272 0 4.5737657273899283e-08 2.7691642170531296e-08
176 272 0 5.9739092556870104e-08 3.5707152792642777e-08
184 272 0 7.7838513947570206e-08 4.5927175255764508e-08
192 272 0 1.0117319332784233e-07 5.8923463394703645e-08
200 272 0 1.3117376755780755e-07 7.5405638982458895e-08
208 272 0 1.6963066735457316e-07 9.6250361233173868e-08
216 272 0 2.1877201224817601e-07 1.225348709270551e-07
224 272 0 2.8135407819279188e-07 1.5557496745163413e-07
232 272 0 3.6076563636422106e-07 1.9696738373464028e-07
240 272 0 4.6114789844885114e-07 2.4863650474958668e-07
248 272 0 5.8753259371365549e-07 3.1288548660623363e-07
256 272 0 7.4600194333274968e-07 3.924521334729553e-07
264 272 0 9.438760454900777e-07 4.9057042652291175e-07
272 272 0 1.1899354251619405e-06 6.1103939415890711e-07
280 272 0 1.4946891115086207e-06 7.5830204297408281e-07
288 272 0 1.8707013227880872e-06 9.3753824980091292e-07
296 272 0 2.3329922529399713e-06 1.1547766888265001e-06
304 272 0 2.899530018049555e-06 1.4170318004804128e-06
312 272 0 3.5918308999344091e-06 1.732472203950875e-06
320 272 0 4.4356829871424065e-06 2.1106264841675801e-06
328 272 0 5.4620036664698228e-06 2.5626306375113037e-06
336 272 0 6.7078339675123004e-06 3.1015184170053144e-06
344 272 0 8.2174627910603476e-06 3.7425513236673672e-06
352 272 0 1.0043662468719347e-05 4.5035792387714707e-06
360 272 0 1.2249005528735611e-05 5.4054161822299292e-06
368 272 0 1.4907223292530301e-05 6.4722092473766737e-06
376 272 0 1.8104562818108153e-05 7.7317735349383915e-06
384 272 0 2.1941102711033748e-05 9.2158632202257674e-06
392 272 0 2.6532003024132688e-05 1.0960350088303033e-05
400 272 0 3.2008691380504038e-05 1.3005287083416672e-05
408 272 0 3.8520026297071505e-05 1.5394846238257001e-05
416 272 0 4.6233526710928192e-05 1.8177137548724329e-05
424 272 0 5.5336808281871379e-05 2.1403936642584061e-05
432 272 0 6.6039413622635487e-05 2.5130371957574372e-05
440 272 0 7.8575254309206735e-05 2.9414642953464503e-05
448 272 0 9.3205885346486024e-05 3.4317855136723602e-05
456 272 0 0.00011022479648934073 3.9904060573629611e-05
464 272 0 0.00012996282143214522 4.6240579784125865e-05
472 272 0 0.00015279463323035274 5.3398649545200307e-05
480 272 0 0.00017914611855250222 6.1454390692004747e-05
488 272 0 0.00020950222057584551 7.0490023226106379e-05
496 272 0 0.0002444146368446189 8.0595179383969142e-05
504 272 0 0.00028450858909623874 9.1868088910247649e-05
512 272 0 0.00033048778654395309 0.00010441634765793849
520 272 0 0.00038313672070173767 0.00011835694524776316
528 272 0 0.00044331958785664868 0.00013381523352991521
536 272 0 0.00051197544663778591 0.00015092257524131742
544 272 0 0.00059010966966613473 0.00016981252561205223
552 272 0 0.00067878229672289057 0.00019061556431310264
560 272 0 0.00077909446805225183 0.00021345259672944259
568 272 0 0.00089217461022027126 0.00023842765793642337
576 272 0 0.0010191663489404173 0.00026562044784775285
584 272 0 0.0011612201224034976 0.00029507946550608698
592 272 0 0.0013194900794839914 0.00032681655936815852
600 272 0 0.0014951370334944493 0.00036080364136521184
608 272 0 0.0016893370375258756 0.00039697211237877316
616 272 0 0.0019032936681448594 0.0004352152220173744
624 272 0 0.0021382505497233723 0.00047539316520880037
632 272 0 0.0023954992890287993 0.00051734025319530091
640 272 0 0.0026763771212470156 0.00056087305562799736
648 272 0 0.0029822484846014495 0.00060579807118297429
656 272 0 0.0033144656624414016 0.00065191732130291799
664 272 0 0.0036743056536929324 0.0006990303340463121
672 272 0 0.004062883475168263 0.00074693132243826548
680 272 0 0.004481045882278269 0.00079540095524889727
688 272 0 0.0049292535429035058 0.00084419291548234066
696 272 0 0.0054074633846052734 0.00089301634957726639
704 272 0 0.0059150254569891045 0.00094151620339340616
712 272 0 0.0064506095442321606 0.00098925417928249094
720 272 0 0.0070121754241205614 0.0010356934975089245
728 272 0 0.0075969968772362827 0.0010801906989024402
736 272 0 0.0082017434545353166 0.0011219973263649052
744 272 0 0.0088226161809137425 0.0011602734759783729
752 272 0 0.0094555247664928985 0.0011941139871887996
760 272 0 0.010096285772462603 0.001222586581472538
768 272 0 0.01074081492304459 0.0012447797418352995
776 272 0 0.011385283678358716 0.0012598567546705536
784 272 0 0.012026211283566037 0.00126711130584003
792 272 0 0.012660469266147988 0.0012660194910489777
800 272 0 0.013285185572703988 0.0012666499162386664
808 272 0 0.01389754929696232 0.0012613971976227125
816 272 0 0.014494532656278942 0.0012484266052760432
824 272 0 0.015072562429460418 0.001228115852371571
832 272 0 0.015627186153023893 0.0012010457781515115
840 272 0 0.016152786776492116 0.0011679623406876428
848 272 0 0.01664240145317733 0.0011297294982591348
856 272 0 0.017087694713824306 0.0010872777345201506
864 272 0 0.017479123437516592 0.0010415532495394071
872 272 0 0.017806311846900742 0.00099347250791763375
880 272 0 0.018058631222873753 0.00094388596926417781
888 272 0 0.01822595388775777 0.0008935535569815807
896 272 0 0.018299527337632418 0.00084313292750550634
904 272 0 0.018272895243372868 0.00079318008262537279
912 272 0 0.01814277992981389 0.00074416051204848413
920 272 0 0.01790983758620138 0.00069646801729714505
928 272 0 0.017579203489410548 0.00065044775367846877
936 272 0 0.017160759420203269 0.00060641987448089435
944 272 0 0.016669077656499717 0.00056470044893040805
952 272 0 0.016123023057729544 0.00057799909938176068
960 272 0 0.015545023958347783 0.00058497303794931288
968 272 0 0.01496005092039847 0.00058497303794931288
976 272 0 0.014394367173841382 0.00056568374655708784
984 272 0 0.013874133668308799 0.00052023350553258296
992 272 0 0.013423963664507085 0.00045017000380171389
1000 272 0 0.013065526078750573 0.00036676690341751195
1008 272 0 0.012816293453106789 0.00035618385599225748
1016 272 0 0.012688520137482923 0.00035084411116253003
0 280 0 3.2762348806308932e-10 2.5068280578078906e-10
8 280 0 3.575244647711303e-10 2.7203402345708682e-10
16 280 0 4.1976575147976488e-10 3.163162687264495e-10
24 280 0 5.1942050484658429e-10 3.8680141517562993e-10
32 280 0 6.6459905270080774e-10 4.8868576246522521e-10
40 280 0 8.6709020170645645e-10 6.2945829891791613e-10
48 280 0 1.1432851053885157e-09 8.1942875326730629e-10
56 280 0 1.5154450296259696e-09 1.072447668162773e-09
64 280 0 2.0133929549974339e-09 1.4068594396995178e-09
72 280 0 2.6767303138902048e-09 1.8467385620513239e-09
80 280 0 3.5577055650773522e-09 2.4234695841394793e-09
88 280 0 4.7248925884475797e-09 3.177743186612562e-09
96 280 0 6.2678765062128508e-09 4.1620553408262301e-09
104 280 0 8.3031956146806752e-09 5.4438151394732603e-09
112 280 0 1.0981854227885106e-08 7.1091913779011627e-09
120 280 0 1.4498806044063952e-08 9.2678602957110065e-09
128 280 0 1.9104914172764937e-08 1.2058858889057885e-08
136 280 0 2.5122023615595983e-08 1.5657801020165972e-08
144 280 0 3.296193338305628e-08 2.0285776941202036e-08
152 280 0 4.3150223145195722e-08 2.622032839808665e-08
160 280 0 5.635606302613028e-08 3.3808965864434492e-08
168 280 0 7.3429299444430579e-08 4.3485763004843755e-08
176 280 0 9.5446245349512881e-08 5.5791614274894435e-08
184 280 0 1.2376568920333471e-07 7.1398760466200706e-08
192 280 0 1.6009665672254597e-07 9.114015964427457e-08
200 280 0 2.0657940654026644e-07 1.1604419604122898e-07
208 280 0 2.6588102858774702e-07 1.473750732337253e-07
216 280 0 3.413068831752311e-07 1.8667903894124443e-07
224 280 0 4.3692904564442601e-07 2.3583636271875104e-07
232 280 0 5.5773302009886135e-07 2.9711878073312292e-07
240 280 0 7.0978440319843783e-07 3.7325200031876607e-07
248 280 0 9.0041808031988912e-07 4.6748290395002199e-07
256 280 0 1.138454076805705e-06 5.8365139652649164e-07
264 280 0 1.4344464720129895e-06 7.2626747974139906e-07
272 280 0 1.8009748193208476e-06 9.0059515809140027e-07
280 280 0 2.2529911544827035e-06 1.1127461690641463e-06
288 280 0 2.8082395725890001e-06 1.3697881868255049e-06
296 280 0 3.4877689417664714e-06 1.679873871725867e-06
304 280 0 4.3165618185299678e-06 2.052398613719895e-06
312 280 0 5.324303103885284e-06 2.4981956353919107e-06
320 280 0 6.5463094713099866e-06 3.0297768102054908e-06
328 280 0 8.0246343039811266e-06 3.661625653101126e-06
336 280 0 9.8093523845176148e-06 4.4105450950206889e-06
344 280 0 1.1960014114727715e-05 5.296056714744915e-06
352 280 0 1.4547241707490817e-05 6.340840250940927e-06
360 280 0 1.765442171096554e-05 7.571193053778312e-06
368 280 0 2.1379432539906974e-05 9.0174797237767469e-06
376 280 0 2.5836336353046545e-05 1.0714534030111046e-05
384 280 0 3.1156965931259516e-05 1.2701970124575032e-05
392 280 0 3.7492353112435721e-05 1.5024359986599859e-05
400 280 0 4.501397846392071e-05 1.7731240632807622e-05
408 280 0 5.3914872535328507e-05 2.0876928958175406e-05
416 280 0 6.441066425965252e-05 2.4520144161966614e-05
424 280 0 7.6740744924455441e-05 2.8723466171010176e-05
432 280 0 9.1169785580209859e-05 3.3552690317732034e-05
440 280 0 0.00010798989726267124 3.9076169183479458e-05
448 280 0 0.00012752374048320963 4.5364256136911941e-05
456 280 0 0.00015012885706297034 5.2488975239466822e-05
464 280 0 0.00017620340121627108 6.0524032796585629e-05
472 280 0 0.00020619328277555305 6.9545252449831831e-05
480 280 0 0.00024060050924450696 7.9631456773821495e-05
488 280 0 0.00027999224380195189 9.0865736348257737e-05
496 280 0 0.00032500981622858805 0.00010333694948429765
504 280 0 0.00037637667800648639 0.00011714119431222074
512 280 0 0.00043490413420189158 0.00013238290595430198
520 280 0 0.00050149366594950083 0.00014917517347779385
528 280 0 0.00057713482138656389 0.00016763886235188685
536 280 0 0.00066289802187910333 0.00018790018266623182
544 280 0 0.00075992219527818696 0.00021008646870831593
552 280 0 0.00086939786103599321 0.00023432012871946943
560 280 0 0.00099254706478169442 0.00026071096961435229
568 280 0 0.0011306022681566946 0.00028934737253360067
576 280 0 0.0012847867967881702 0.00032028705312360929
584 280 0 0.0014562995879095846 0.00035354834093643812
592 280 0 0.0016463066388521499 0.00038910301093163691
600 280 0 0.0018559406748596611 0.000426871660176153
608 280 0 0.0020863091499046488 0.00046672242371552678
616 280 0 0.0023385088901622338 0.00050847346706388253
624 280 0 0.0026136437149321726 0.0005518992073788912
632 280 0 0.0029128395422241002 0.00059673965656145819
640 280 0 0.003237250176875013 0.00064271172492646978
648 280 0 0.0035880465557844238 0.00068952086431515406
656 280 0 0.0039663829837443196 0.00073687115479325726
664 280 0 0.0043733359877392445 0.00078447192389144091
672 280 0 0.0048098147976065285 0.00083203927536441239
680 280 0 0.0052764468375271663 0.00087929149653292668
688 280 0 0.0057734464583858464 0.00092593816117734085
696 280 0 0.0063004797341825397 0.00097166375261137795
704 280 0 0.0068565416603825107 0.0010161076647532815
712 280 0 0.0074398637235146515 0.0010588433426393226
720 280 0 0.008047868921629486 0.001099359944710606
728 280 0 0.0086771875761387229 0.0011370501209125444
736 280 0 0.0093237407809002217 0.0011712072262567291
744 280 0 0.0099828896568921154 0.001201034518196413
752 280 0 0.010649638753681698 0.0012256676803242671
760 280 0 0.011318872353935141 0.0012442105057091975
768 280 0 0.011985594664879889 0.0012557819449435358
776 280 0 0.01264514043302927 0.0012598567546705536
784 280 0 0.013293322589406067 0.00126711130584003
792 280 0 0.013926488757196966 0.0012660194910489777
800 280 0 0.014541468732764597 0.0012562831600606093
808 280 0 0.015135409476071473 0.0012378601791091532
816 280 0 0.015705511053121669 0.0012109783968427268
824 280 0 0.016248694122169872 0.0011761316927094544
832 280 0 0.016761244428462028 0.0011340582754381344
840 280 0 0.017238489936931008 0.0010857031604388917
848 280 0 0.017674569725925401 0.0010321682727480706
856 280 0 0.018062349431932804 0.00097465471810849816
864 280 0 0.018393525759262723 0.0009144023217461314
872 280 0 0.018658943357277909 0.00085263151037716714
880 280 0 0.018849123266054896 0.00079049204318114297
888 280 0 0.018954975972708805 0.0007290220849510351
896 280 0 0.018968647149173744 0.00066911981154132646
904 280 0 0.018884423564289047 0.00061152832091617912
912 280 0 0.018699613197912551 0.00055683326809866096
920 280 0 0.018415309086222548 0.00050547150002116722
928 280 0 0.018036951634766433 0.00046233304288274824
936 280 0 0.017574618591883685 0.00053162457389081125
944 280 0 0.017042994017992873 0.00058199902385513633
952 280 0 0.016460994994137737 0.00060993043879205983
960 280 0 0.015851064555345677 0.00061289618936787374
968 280 0 0.015238168365977803 0.00061289618936787374
976 280 0 0.014648558190874985 0.00058961017510281849
984 280 0 0.01410838503132115 0.00054017315955383512
992 280 0 0.013642257404810502 0.00046612762651064739
1000 280 0 0.013271844970072106 0.00037041243473839684
1008 280 0 0.013014624599134559 0.00025722037093754702
1016 280 0 0.012882855754145703 0.00019433561666278021
0 288 0 5.7830629384387838e-10 4.3394759825167457e-10
8 288 0 6.2955848822821712e-10 4.6979110985519301e-10
16 288 0 7.3608202020621438e-10 5.4402068420305346e-10
24 288 0 9.0622192002221422e-10 6.6189276735176929e-10
32 288 0 1.153284815166033e-09 8.3173221339791041e-10
40 288 0 1.4965485006243726e-09 1.0654936851164339e-09
48 288 0 1.962713858655822e-09 1.3795656704218244e-09
56 288 0 2.5878926977887426e-09 1.7958650074265338e-09
64 288 0 3.4202523946969517e-09 2.3432821906597181e-09
72 288 0 4.5234688759415288e-09 3.0595504943479671e-09
80 288 0 5.9811751492168315e-09 3.9936254983569354e-09
88 288 0 7.9026357750601416e-09 5.2086767326602686e-09
96 288 0 1.0429931847039081e-08 6.7858112064950864e-09
104 288 0 1.3747010754153935e-08 8.828671543094805e-09
112 288 0 1.8091045605786268e-08 1.1469081907919827e-08
120 288 0 2.3766666339774958e-08 1.4873955911524703e-08
128 288 0 3.1163773061822821e-08 1.9253735127323054e-08
136 288 0 4.0779824635761955e-08 2.4872696875131045e-08
144 288 0 5.3247710324258316e-08 3.2061555655583768e-08
152 288 0 6.9370551543282372e-08 4.1232881103370446e-08
160 288 0 9.0165028890564772e-08 5.2899959240467016e-08
168 288 0 1.1691506244927433e-07 6.7699820656713458e-08
176 288 0 1.5123785962440732e-07 8.6421231286264017e-08
184 288 0 1.9516444966953542e-07 1.1003846686989698e-07
192 288 0 2.5123681636682054e-07 1.3975164788511905e-07
200 288 0 3.2262360258149543e-07 1.7703427789126611e-07
208 288 0 4.1325610182147233e-07 2.236883946987834e-07
216 288 0 5.2798592211647554e-07 2.819074173838619e-07
224 288 0 6.7276540836317705e-07 3.543463841572837e-07
232 288 0 8.5485180083198427e-07 4.4419888759533288e-07
240 288 0 1.0830364035172039e-06 5.5527971735052003e-07
248 288 0 1.3679009842699111e-06 6.9211213549943284e-07
256 288 0 1.7221054733321966e-06 8.6001896916501145e-07
264 288 0 2.1607139517543885e-06 1.0652174333233599e-06
272 288 0 2.7015699774122479e-06 1.3149188783572607e-06
280 288 0 3.3657373235468498e-06 1.6174364996622984e-06
288 288 0 4.178027759414505e-06 1.9823063434760659e-06
296 288 0 5.1676428134923384e-06 2.4204294416647897e-06
304 288 0 6.3689604322498628e-06 2.9442451964168433e-06
312 288 0 7.8224987392771948e-06 3.5679476543862746e-06
320 288 0 9.5760862815154773e-06 4.3077563997867161e-06
328 288 0 1.1686259957082253e-05 5.1822517856089847e-06
336 288 0 1.4219897479538304e-05 6.2127795521130869e-06
344 288 0 1.725607082947263e-05 7.4239222570568562e-06
352 288 0 2.0888081958431744e-05 8.8440244917779248e-06
360 288 0 2.5225614764743852e-05 1.0505746272044952e-05
368 288 0 3.0396912263683721e-05 1.2446605605825785e-05
376 288 0 3.655087038315759e-05 1.4709459014314342e-05
384 288 0 4.3858936055834548e-05 1.7342860171106629e-05
392 288 0 5.251671309903558e-05 2.0401234490795464e-05
400 288 0 6.2745219096728332e-05 2.3944813897778654e-05
408 288 0 7.4791801493503913e-05 2.8039292864008388e-05
416 288 0 8.8930808421619134e-05 3.2755194555971967e-05
424 288 0 0.00010546421109546562 3.8166973218217861e-05
432 288 0 0.00012472247589794189 4.4351922259791793e-05
440 288 0 0.0001470660664461507 5.1389001249937537e-05
448 288 0 0.00017288799662012157 5.9357731698529167e-05
456 288 0 0.00020261783230243716 6.833733259353078e-05
464 288 0 0.00023672743401285671 7.840626388328032e-05
472 288 0 0.00027573853522538488 8.9642312860344151e-05
480 288 0 0.00032023196601832846 0.00010212329159166024
488 288 0 0.00037085798015020963 0.00011592831498753091
496 288 0 0.0004283467657128857 0.00013113950669833569
504 288 0 0.00049351787231870713 0.00014784384797667503
512 288 0 0.00056728704015619356 0.0001661347626554006
520 288 0 0.00065066883942729468 0.0001861129426650285
528 288 0 0.00074477368373845074 0.00020788588654848978
536 288 0 0.00085079820454533515 0.00023156566798688064
544 288 0 0.00097000866398650289 0.00025726458406656854
552 288 0 0.0011037179897554626 0.00028508855343240859
560 288 0 0.0012532580343960467 0.00031512842726410758
568 288 0 0.0014199496406902953 0.00034744971027959892
576 288 0 0.0016050738499117795 0.00038208152012200714
584 288 0 0.0018098479288460227 0.00041900588800955203
592 288 0 0.0020354096497837868 0.00045814866633994049
600 288 0 0.0022828123350358141 0.00049937331255604398
608 288 0 0.0025530315736201755 0.00054247863274729932
616 288 0 0.0028469823572261164 0.00058720118861804987
624 288 0 0.0031655429223110638 0.00063322252421053014
632 288 0 0.0035095791987855584 0.00068018071288872576
640 288 0 0.0038799619018014828 0.00072768504697659758
648 288 0 0.0042775674200995779 0.00077533209604729088
656 288 0 0.0047032541385375768 0.00082272095189388477
664 288 0 0.0051578079116306854 0.00086946535065713509
672 288 0 0.0056418540729709409 0.00091520057520814036
680 288 0 0.006155738334060093 0.00095958360691152794
688 288 0 0.0066993846195631873 0.0010022858738175143
696 288 0 0.0072721434867939177 0.0010429790360342965
704 288 0 0.0078726493251357922 0.0010813154172040554
712 288 0 0.0084987070661539741 0.0011169057651527186
720 288 0 0.009147228866340092 0.0011492978335618711
728 288 0 0.0098142376970512674 0.001177959672716394
736 288 0 0.010494948007156951 0.001202271403163745
744 288 0 0.011183924175088528 0.0012215285919683194
752 288 0 0.011875306434005965 0.0012349592051009179
760 288 0 0.012563082859644338 0.0012442105057091975
768 288 0 0.013241376609823425 0.0012557819449435358
776 288 0 0.013904711622010728 0.0012595711889814582
784 288 0 0.014548218814196587 0.0012548962247905197
792 288 0 0.015167749305628177 0.0012412605484312111
800 288 0 0.015759871293136361 0.0012184025603717633
808 288 0 0.016321742114042213 0.0011863326379707405
816 288 0 0.016850864985100498 0.0011453539319788292
824 288 0 0.017344758564235643 0.0010960644420657702
832 288 0 0.017800584134954153 0.0010393397064921255
840 288 0 0.018214787214171392 0.0009762972772403844
848 288 0 0.018582815553606719 0.00090824582768131781
856 288 0 0.018898972499740631 0.00083662306780782694
864 288 0 0.019156453247217674 0.0007629274879549508
872 288 0 0.019347592606638243 0.00068864924936033398
880 288 0 0.019464328560407154 0.00061520529435225846
888 288 0 0.019498859003727175 0.00054388303101837038
896 288 0 0.019444443026654306 0.00047579587748056151
904 288 0 0.019296276243474225 0.00041185267918517759
912 288 0 0.019052354893392468 0.00035274169547991688
920 288 0 0.018714237718055856 0.00042661889931041447
928 288 0 0.018287618818745442 0.0005049803940591728
936 288 0 0.017782638424686269 0.00056875819291070037
944 288 0 0.017213880231775568 0.00061384896542135067
952 288 0 0.016600031266354218 0.00063682114791960287
960 288 0 0.015963210118434615 0.00063682114791960287
968 288 0 0.015327998764340253 0.00063521135409436158
976 288 0 0.014720239201209516 0.0006077595631307376
984 288 0 0.014165676444620478 0.00055456275658903771
992 288 0 0.01368854254618352 0.00047713389843695789
1000 288 0 0.013310181436842788 0.00037836110934073158
1008 288 0 0.013047811625506972 0.00026236981133581638
1016 288 0 0.012913513743808525 0.00013429788169844713
0 296 0 1.0122538920955529e-09 7.4467179436553025e-10
8 296 0 1.0993495980834101e-09 8.0430116319834202e-10
16 296 0 1.2801027044092678e-09 9.2761300875023746e-10
24 296 0 1.5681146873739835e-09 1.122971581448813e-09
32 296 0 1.9850170285639434e-09 1.4035859625858567e-09
40 296 0 2.5620421857408065e-09 1.7883546702224568e-09
48 296 0 3.3422795290776464e-09 2.3030740989055764e-09
56 296 0 4.3837577052152764e-09 2.9820812930785812e-09
64 296 0 5.7635345853566698e-09 3.8704189799605923e-09
72 296 0 7.5830193702894959e-09 5.0266280732412331e-09
80 296 0 9.9748006475737669e-09 6.5262903245444587e-09
88 296 0 1.311131250772041e-08 8.4664623219148811e-09
96 296 0 1.7215743053534167e-08 1.0971163310091885e-08
104 296 0 2.257568229724874e-08 1.4198106049864906e-08
112 296 0 2.9560127513706095e-08 1.8346895903141705e-08
120 296 0 3.8640622251299661e-08 2.3668973075046709e-08
128 296 0 5.0417508189145876e-08 3.0479641148720781e-08
136 296 0 6.5652521510893e-08 3.917261541433004e-08
144 296 0 8.5309265979842083e-08 5.0237638168286865e-08
152 296 0 1.1060343264665282e-07 6.4281841843580664e-08
160 296 0 1.4306498813103179e-07 8.2055684867319038e-08
168 296 0 1.8461488310598779e-07 1.0448442202649984e-07
176 296 0 2.3765909091067133e-07 1.3270617508437615e-07
184 296 0 3.052029165394324e-07 1.6811770767562338e-07
192 296 0 3.909884642519396e-07 2.1242894502848258e-07
200 296 0 4.9965788047276154e-07 2.6772708074979131e-07
208 296 0 6.3694449652025572e-07 3.3655075872469278e-07
216 296 0 8.0989333950033744e-07 4.2197431000576885e-07
224 296 0 1.0271117925204608e-06 5.2770139840573665e-07
232 296 0 1.2990506884273171e-06 6.58166763622653e-07
240 296 0 1.6383161208677239e-06 8.1864417355929768e-07
248 296 0 2.060013119769344e-06 1.0153583770518572e-06
256 296 0 2.5821244424972081e-06 1.2555989798721611e-06
264 296 0 3.2259313850777484e-06 1.5478349428143376e-06
272 296 0 4.0164888557695086e-06 1.9018299674080159e-06
280 296 0 4.9831738232091481e-06 2.3287614409235407e-06
288 296 0 6.1603341028905708e-06 2.8413487537032774e-06
296 296 0 7.5880722551571281e-06 3.4540003744246474e-06
304 296 0 9.3132056286667061e-06 4.1829925424441331e-06
312 296 0 1.1390446393663469e-05 5.0466950631222742e-06
320 296 0 1.3883842681302193e-05 6.0658605626791973e-06
328 296 0 1.6868511742691237e-05 7.2639917136100883e-06
336 296 0 2.0432677031651391e-05 8.667795533756519e-06
344 296 0 2.4679993086529486e-05 1.0307724365369053e-05
352 296 0 2.9732106450209669e-05 1.2218589570313655e-05
360 296 0 3.5731361036788804e-05 1.4440217091178649e-05
368 296 0 4.2843517869509506e-05 1.7018095455120816e-05
376 296 0 5.1260329397471932e-05 2.0003949051210122e-05
384 296 0 6.1201796226941177e-05 2.3456155837498058e-05
392 296 0 7.2917947589831044e-05 2.7439922664503996e-05
400 296 0 8.6690032994506987e-05 3.2027136628234629e-05
408 296 0 0.0001028310943575123 3.7295829955820135e-05
416 296 0 0.0001216860029775911 4.3329229975230365e-05
424 296 0 0.00014363118431368348 5.0214413552057322e-05
432 296 0 0.00016907439815773369 5.8040643048632416e-05
440 296 0 0.00019845506769608823 6.6897521524115106e-05
448 296 0 0.00023224572831865073 7.6873159143345726e-05
456 296 0 0.00027095516489596794 8.8052579561770242e-05
464 296 0 0.00031513369789613703 0.00010051660323277388
472 296 0 0.00036538084808572903 0.00011434141478579161
480 296 0 0.0004223552576099887 0.00012959894847627937
488 296 0 0.00048678629513774054 0.00014635810987151388
496 296 0 0.00055948627241122139 0.00016468670161115984
504 296 0 0.00064136172029538216 0.00018465375256174405
512 296 0 0.00073342180281159416 0.00020633178658610411
520 296 0 0.00083678178209232318 0.00022979843813002512
528 296 0 0.00095265957028694052 0.00025513675683005456
536 296 0 0.0010823638725322158 0.0002824335686920634
544 296 0 0.0012272732480530714 0.0003117753943639983
552 296 0 0.0013888065431878712 0.0003432416688116469
560 296 0 0.0015683864616601543 0.00037689534669138971
568 296 0 0.0017673993509698942 0.00041277138015116265
576 296 0 0.0019871553700337866 0.00045086396956433737
584 296 0 0.0022288538168555748 0.00049111384953499275
592 296 0 0.0024935583161237273 0.00053339711537188274
600 296 0 0.0027821856475918581 0.00057751715901248986
608 296 0 0.0030955102063674749 0.00062320112640190835
616 296 0 0.0034341835458441662 0.0006701019176451415
624 296 0 0.003798765446521594 0.00071780614973359063
632 296 0 0.0041897599116742842 0.0007658477500210167
640 296 0 0.0046076469487780804 0.00081372604121865595
648 296 0 0.0050528995161468688 0.00086092643270475454
656 296 0 0.0055259750904314616 0.00090694127225940564
664 296 0 0.0060272732622878205 0.00095128814782239647
672 296 0 0.0065570546481790812 0.00099352303846778935
680 296 0 0.0071153219409716209 0.0010332462256811663
688 296 0 0.0077016704933807016 0.0010700997583464357
696 296 0 0.0083151225228282142 0.0011037564243958822
704 296 0 0.0089539647423398476 0.0011339014731880214
712 296 0 0.0096156128313066927 0.0011602095756622008
720 296 0 0.010296526699901963 0.0011823205160453043
728 296 0 0.010992197369767661 0.001199817711683912
736 296 0 0.011697219410320696 0.0012122137367067392
744 296 0 0.012405452767056848 0.0012215285919683194
752 296 0 0.013110265639106883 0.0012349592051009179
760 296 0 0.013804837453583543 0.0012417545939392045
768 296 0 0.01448248988100918 0.0012411132711857547
776 296 0 0.015137006180931115 0.0012322945589203875
784 296 0 0.015762896584184467 0.0012146777699878798
792 296 0 0.016355570911679919 0.0011878216060517421
800 296 0 0.016911389350545571 0.00115151805740921
808 296 0 0.017427577444995759 0.0011058353309535453
816 296 0 0.017902010174559495 0.001051145189458997
824 296 0 0.018332890018835372 0.00098813145459972912
832 296 0 0.018718362277095536 0.00091777814214138304
840 296 0 0.019056124771396381 0.0008413375572249894
848 296 0 0.019343096022225174 0.00076028046861845514
856 296 0 0.019575204510806569 0.00067623201106593867
864 296 0 0.019747351332773326 0.00059089808555565226
872 296 0 0.01985358025496109 0.00050598764832284621
880 296 0 0.019887464935547734 0.00042313637514057936
888 296 0 0.019842695797050849 0.00034383679332367426
896 296 0 0.019713822201568091 0.00026937917491378499
904 296 0 0.019497082642462082 0.00030584299698638642
912 296 0 0.019191239645475696 0.00039291055351031723
920 296 0 0.018798329091965379 0.00047409238870785991
928 296 0 0.018324236703257519 0.00054520954265570645
936 296 0 0.017779027160601812 0.00060205485723136692
944 296 0 0.017176972303370446 0.00064072066229418217
952 296 0 0.016536251641076263 0.00065792358619070485
960 296 0 0.015878328054885558 0.00065792358619070485
968 296 0 0.015227030915707937 0.00065129713917762115
976 296 0 0.014607405007192719 0.0006196259085152183
984 296 0 0.014044404261582231 0.00056300074561048755
992 296 0 0.013561522792695577 0.00048288146888665444
1000 296 0 0.013179461262168683 0.0003820615305268945
1008 296 0 0.012914924235304598 0.00029348976193225261
1016 296 0 0.012779634506705356 0.00029292841075832625
0 304 0 1.7569256864610832e-09 1.2667485910122893e-09
8 304 0 1.9036507612817521e-09 1.3650424829259491e-09
16 304 0 2.2077157131595053e-09 1.568029746245832e-09
24 304 0 2.6910862688227965e-09 1.8888925183389851e-09
32 304 0 3.3886029911498e-09 2.3483879210500692e-09
40 304 0 4.3503968559632633e-09 2.9761014211346885e-09
48 304 0 5.6453536279832228e-09 3.8122388210505535e-09
56 304 0 7.3658389982938576e-09 4.9100596883156774e-09
64 304 0 9.6339535653172621e-09 6.3390793524403691e-09
72 304 0 1.2609647443530729e-08 8.1891897086436046e-09
80 304 0 1.6501090972118226e-08 1.0575871018450462e-08
88 304 0 2.1577774829635291e-08 1.3646688514622606e-08
96 304 0 2.8186906363626052e-08 1.7589290943506724e-08
104 304 0 3.6773788347113646e-08 2.2641156836734093e-08
112 304 0 4.7907023416847801e-08 2.910137364225143e-08
120 304 0 6.2309595326346369e-08 3.7344791656209226e-08
128 304 0 8.0897149337866657e-08 4.7838976364872983e-08
136 304 0 1.0482513692522304e-07 6.1164495728978948e-08
144 304 0 1.3554690414812895e-07 7.8039226244583994e-08
152 304 0 1.7488527449023348e-07 9.9347540291516285e-08
160 304 0 2.2512067299835083e-07 1.261754351992349e-07
168 304 0 2.8909930513248763e-07 1.5985285784939472e-07
176 304 0 3.7036526599504748e-07 2.0200463096293151e-07
184 304 0 4.7332062421505578e-07 2.5461145046466078e-07
192 304 0 6.0341740928042218e-07 3.200823425909713e-07
200 304 0 7.6738496122255285e-07 4.0133969157339065e-07
208 304 0 9.734952552449485e-07 5.0191743506301994e-07
216 304 0 1.2318676495061063e-06 6.2607226639297607e-07
224 304 0 1.5548131909261974e-06 7.7890671870897133e-07
232 304 0 1.9572174520499701e-06 9.6650193583605065e-07
240 304 0 2.4569602944270216e-06 1.1960569278344126e-06
248 304 0 3.0753714968212012e-06 1.4760304007913076e-06
256 304 0 3.8377234223693692e-06 1.8162811222274739e-06
264 304 0 4.7737663278920861e-06 2.2282035254196126e-06
272 304 0 5.9183188231775245e-06 2.7248571086125994e-06
280 304 0 7.3119352641326888e-06 3.3210912676647134e-06
288 304 0 9.0016828565938482e-06 4.0336714323701336e-06
296 304 0 1.1042072629581776e-05 4.881417406240871e-06
304 304 0 1.3496198171110839e-05 5.8853699701146253e-06
312 304 0 1.6437141456785744e-05 7.0690061196033622e-06
320 304 0 1.9949703243981391e-05 8.4585255313297499e-06
328 304 0 2.4132503456301326e-05 1.0083229645750832e-05
336 304 0 2.910047256540791e-05 1.1976008867964504e-05
344 304 0 3.4987717451898539e-05 1.4173941950275044e-05
352 304 0 4.1950696020523324e-05 1.6718994439145306e-05
360 304 0 5.0171578127967453e-05 1.9658780916420884e-05
368 304 0 5.9861613324630322e-05 2.3047330578921731e-05
376 304 0 7.1264278448682054e-05 2.6945770639130425e-05
384 304 0 8.4657952064439235e-05 3.1422821310346893e-05
392 304 0 0.00010035787025433504 3.655498462993797e-05
400 304 0 0.00011871716962274162 4.2426311926322665e-05
408 304 0 0.00014012692431333244 4.9127655308913083e-05
416 304 0 0.00016501523295282147 5.6755349233763322e-05
424 304 0 0.0001938455978657408 6.5409328218323773e-05
432 304 0 0.0002271150412063661 7.5190761842510373e-05
440 304 0 0.00026535258922020334 8.6199370139074358e-05
448 304 0 0.00030911888746199646 9.8530659694793144e-05
456 304 0 0.00035900774445773819 0.00011227337915924223
464 304 0 0.00041565030112891092 0.00012750751765120154
472 304 0 0.00047972226287152064 0.00014430314780211438
480 304 0 0.00055195420608626807 0.00016272033845120206
488 304 0 0.00063314440500925441 0.00018281022907987708
496 304 0 0.00072417297402238123 0.00020461717698985369
504 304 0 0.00082601547285712622 0.00022818167724500502
512 304 0 0.00093975358939769828 0.00025354354231727253
520 304 0 0.0010665802202223483 0.00028074464803280004
528 304 0 0.0012077963271169951 0.00030983044228425293
536 304 0 0.0013647974412242792 0.00034084940732051808
544 304 0 0.0015390486424170697 0.00037384978967205549
552 304 0 0.0017320482119995181 0.00040887317217773098
560 304 0 0.001945281808351544 0.00044594484740843117
568 304 0 0.0021801707311210569 0.00048506142516768292
576 304 0 0.002438019339598124 0.00052617661120343785
584 304 0 0.0027199676663905675 0.00056918655627874069
592 304 0 0.0030269554314956101 0.00061391651424391779
600 304 0 0.003359702806604348 0.00066011069040235399
608 304 0 0.0037187113327693832 0.00070742705216374603
616 304 0 0.0041042854634893077 0.00075543848925290185
624 304 0 0.0045165715962551846 0.00080364106764870685
632 304 0 0.0049556076616953009 0.00085146928085437674
640 304 0 0.0054213729899967363 0.00089831726498836809
648 304 0 0.0059138259488516233 0.00094356404035688887
656 304 0 0.0064329163626908673 0.00098660011274135425
664 304 0 0.0069785614101102169 0.0010268523433224043
672 304 0 0.0075505776866468706 0.0010638039748088052
680 304 0 0.0081485681666527872 0.0010970071285369455
688 304 0 0.0087717702517271373 0.0011260859438239675
696 304 0 0.0094188789472240964 0.0011507297296992087
704 304 0 0.010087866215527869 0.0011706768935937899
712 304 0 0.010775822406968893 0.0011856918136813176
720 304 0 0.011478847215947267 0.0011955380286285001
728 304 0 0.012192015081451573 0.0011999519435120475
736 304 0 0.012909433147027435 0.0012122137367067392
744 304 0 0.013624399297271992 0.0012189465302151446
752 304 0 0.014329654569717068 0.0012193889306101845
760 304 0 0.015017710157610754 0.0012128727040272118
768 304 0 0.015681216383086817 0.0011987265020776371
776 304 0 0.016313331590287677 0.0011763254093565614
784 304 0 0.016908044736699226 0.0011451481525147598
792 304 0 0.01746040775816007 0.0011048368464801513
800 304 0 0.017966642855832809 0.0010552535052872382
808 304 0 0.018424104973898806 0.00099652752890304688
816 304 0 0.01883109917052744 0.00092908899596794506
824 304 0 0.01918657378789268 0.00085368376905730833
832 304 0 0.019489730289277626 0.00077136801218209011
840 304 0 0.019739606316175853 0.00068348154477947121
848 304 0 0.019934697332789044 0.00059160131056387039
856 304 0 0.020072682441879149 0.00049747793107257979
864 304 0 0.02015031101519953 0.0004029596824262037
872 304 0 0.020163489422466187 0.00030990916750509717
880 304 0 0.020107583333275725 0.00022011839772799122
888 304 0 0.019977923744429003 0.0002074461973462817
896 304 0 0.019770477547082721 0.00028785789563560288
904 304 0 0.019482619651447118 0.00036869310529591068
912 304 0 0.019113926546151207 0.00044702361958636957
920 304 0 0.018666902926564838 0.00051934816802518338
928 304 0 0.018147554758539654 0.00058182110588659783
936 304 0 0.017565733652653057 0.00063053634022012736
944 304 0 0.016935197312432929 0.00066184057514387037
952 304 0 0.016273356737289059 0.00067264687469161845
960 304 0 0.01560070986259744 0.00067264687469161845
968 304 0 0.014939990280068989 0.00066071958252845141
976 304 0 0.014315085689934779 0.00062490459013420964
984 304 0 0.013749801415204856 0.00056528427472992381
992 304 0 0.013266558018570747 0.00048324339663410876
1000 304 0 0.012885117980556211 0.00044639926098440433
1008 304 0 0.012621434473372346 0.00044259176515116724
1016 304 0 0.01248670609594703 0.00044051563198932095
0 312 0 3.0236742774733725e-09 2.1359861265284683e-09
8 312 0 3.2686932442077013e-09 2.296518485479108e-09
16 312 0 3.7757454594053373e-09 2.6275905838248891e-09
24 312 0 4.5799787871617815e-09 3.1497779415748789e-09
32 312 0 5.7369909121998692e-09 3.895383589453516e-09
40 312 0 7.3264982770979519e-09 4.9102715734563725e-09
48 312 0 9.4575924490337763e-09 6.2564872235958114e-09
56 312 0 1.2275898686609535e-08 8.0158126916727797e-09
64 312 0 1.5973032917757631e-08 1.0294439960229915e-08
72 312 0 2.0798837152174334e-08 1.3228974073582772e-08
80 312 0 2.7076961990568688e-08 1.699400618909217e-08
88 312 0 3.5224463344257897e-08 2.1811519691979668e-08
96 312 0 4.5776197307132776e-08 2.7962415335900364e-08
104 312 0 5.9414945183847739e-08 3.5800467868712983e-08
112 312 0 7.700839705909923e-08 4.576906436073611e-08
120 312 0 9.9654386982555596e-08 5.842113350054435e-08
128 312 0 1.2873612570273964e-07 7.4442766947337952e-08
136 312 0 1.6598963265420199e-07 9.4681169210877273e-08
144 312 0 2.1358613039271294e-07 1.2017775825699289e-07
152 312 0 2.7423281478174977e-07 1.5220747367864603e-07
160 312 0 3.5129610819758573e-07 1.9232561855980192e-07
168 312 0 4.4895216298188235e-07 2.424238338748249e-07
176 312 0 5.7236989695797899e-07 3.0479702991601324e-07
184 312 0 7.2793207467971656e-07 3.8222320899305744e-07
192 312 0 9.2349975187139348e-07 4.7805802598931237e-07
200 312 0 1.1687246527959435e-06 5.9634556555532276e-07
208 312 0 1.4754126903079684e-06 7.41946100290221e-07
216 312 0 1.8579399158990824e-06 9.2068050543681853e-07
224 312 0 2.3337199096351687e-06 1.1394895780727834e-06
232 312 0 2.9237193878860208e-06 1.4066048641920758e-06
240 312 0 3.6530172222614342e-06 1.7317259574611954e-06
248 312 0 4.5514018976125087e-06 2.1261979204417778e-06
256 312 0 5.6540045445968431e-06 2.6031818915417254e-06
264 312 0 7.0019698533116987e-06 3.177812506182631e-06
272 312 0 8.6431759317901239e-06 3.8673378583120657e-06
280 312 0 1.0633026531797402e-05 4.6912415916266594e-06
288 312 0 1.3035354288963982e-05 5.6713523150466897e-06
296 312 0 1.5923490035822646e-05 6.83195249995826e-06
304 312 0 1.9381568141225465e-05 8.1999065200406508e-06
312 312 0 2.3506147576389106e-05 9.8048342721840606e-06
320 312 0 2.8408228775311141e-05 1.1679361222644865e-05
328 312 0 3.4215733102052158e-05 1.3859475898088437e-05
336 312 0 4.1076481433372414e-05 1.6385019990305411e-05
344 312 0 4.9161659402173583e-05 1.9300322994061843e-05
352 312 0 5.866969045966863e-05 2.2654972113376325e-05
360 312 0 6.9830359044388337e-05 2.6504679749841663e-05
368 312 0 8.2908943903552053e-05 3.0912177461105725e-05
376 312 0 9.8210049087812479e-05 3.5948030735241855e-05
384 312 0 0.00011608077337478613 4.1691238655038878e-05
392 312 0 0.00013691285488427301 4.8229462932864895e-05
400 312 0 0.00016114348154906428 5.5658728487475951e-05
408 312 0 0.00018925457962224552 6.4082458398056466e-05
416 312 0 0.00022177058218658479 7.3609753192048965e-05
424 312 0 0.00025925492608406457 8.4352898008639883e-05
432 312 0 0.00030230580304887647 9.6424176743229275e-05
440 312 0 0.0003515519593592777 0.00010993218034764386
448 312 0 0.0004076495471567896 0.00012497790284472988
456 312 0 0.00047128112361698041 0.00014165100559457072
464 312 0 0.00054315781878011245 0.00016002667882270797
472 312 0 0.00062402541067363502 0.00018016352187317174
480 312 0 0.00071467454453747012 0.000202102787603151
488 312 0 0.00081595463408913149 0.00022586918778237414
496 312 0 0.00092879015101223492 0.00025147324253276026
504 312 0 0.0010541971501021312 0.00027891489766932354
512 312 0 0.0011932971317149708 0.00030818786144087298
520 312 0 0.0013473248682551483 0.00033928386827668006
528 312 0 0.001517626769401248 0.00037219590784772221
536 312 0 0.0017056468485447973 0.0004069194067147083
544 312 0 0.0019128984320891252 0.00044345045029204493
552 312 0 0.0021409213841772491 0.00048178039980672875
560 312 0 0.0023912266557599752 0.00052188668296301388
568 312 0 0.0026652321562887398 0.00056372008120104998
576 312 0 0.0029641959508015618 0.00060718943739388083
584 312 0 0.0032891542226693082 0.00065214528165744544
592 312 0 0.0036408719457395279 0.00069836432570249962
600 312 0 0.004019813497006702 0.00074553701784236138
608 312 0 0.0044261383849331292 0.00079326031094266881
616 312 0 0.0048597239527422096 0.00084103743801569944
624 312 0 0.0053202126639038914 0.00088828582373590061
632 312 0 0.0058070769425496776 0.00093435334373890688
640 312 0 0.0063196902549851044 0.0009785420828778103
648 312 0 0.0068573899892085122 0.0010201376797999151
656 312 0 0.0074195164754322215 0.0010584414361052641
664 312 0 0.0080054137534326213 0.0010928017648202219
672 312 0 0.0086143816614556758 0.0011226413739516845
680 312 0 0.0092455752951897327 0.0011474768916251675
688 312 0 0.0098978561955511048 0.0011669284360956485
696 312 0 0.010569608676923305 0.0011807178394914533
704 312 0 0.011258543109121659 0.0011886557045210095
712 312 0 0.011961514220650211 0.0011906190159728727
720 312 0 0.012674385244575767 0.0011955380286285001
728 312 0 0.013391967024963621 0.0011999519435120475
736 312 0 0.014108054698771858 0.0011986215517444231
744 312 0 0.014815573674141477 0.001191174376869485
752 312 0 0.015506832523759947 0.0011771779540428792
760 312 0 0.016173864948611505 0.0011561547910007505
768 312 0 0.016808828418754772 0.0011276120356679548
776 312 0 0.017404415834278732 0.0010910842439910556
784 312 0 0.017954230653929877 0.0010461859172306506
792 312 0 0.018453076837232352 0.00099266907907228155
800 312 0 0.018897123118344544 0.00093048026251173546
808 312 0 0.019283915956149447 0.00085981098225064098
816 312 0 0.019612235281602424 0.00078113611107498426
824 312 0 0.019881809299956647 0.00069523551206396653
832 312 0 0.020092925978816466 0.00060319568953884004
840 312 0 0.020245996265580362 0.00050638994940450932
848 312 0 0.020341134750789039 0.0004064374179999948
856 312 0 0.020377825512492013 0.00030514307061286355
864 312 0 0.020354733514312794 0.00020442249911326385
872 312 0 0.020269705793482213 0.00014972214729603098
880 312 0 0.020119983646186182 0.00021736365107970224
888 312 0 0.01990261999510648 0.0002875513844270601
896 312 0 0.01961506861067942 0.00036005110027725884
904 312 0 0.019255887455916158 0.00043040713141623277
912 312 0 0.018825480324499926 0.00049868884418118042
920 312 0 0.018326791480318745 0.00056092311348783855
928 312 0 0.017765868366830907 0.00061365082101420831
936 312 0 0.017152217545816698 0.00065331999396566615
944 312 0 0.016498897551851032 0.00067658050324880328
952 312 0 0.015822317048602229 0.00068058237745978641
960 312 0 0.015141734671142442 0.00068058237745978641
968 312 0 0.014478485156670263 0.00066324951447217957
976 312 0 0.01385498191635909 0.00062350324031117295
984 312 0 0.013293566705749162 0.00060047772959065208
992 312 0 0.012815290850627244 0.00059041212513847446
1000 312 0 0.012438718719571806 0.00058151444800005544
1008 312 0 0.012178842708221178 0.00057491862562220573
1016 312 0 0.012046190463957709 0.00057141704378193756
0 320 0 5.1596604040018407e-09 3.5700549459862054e-09
8 320 0 5.5652117296868093e-09 3.8297836317748866e-09
16 320 0 6.4033360432302264e-09 4.3647396015845681e-09
24 320 0 7.7297567287366604e-09 5.2067282231524157e-09
32 320 0 9.6323745016533852e-09 6.4055325069182519e-09
40 320 0 1.2236769850554324e-08 8.0315553730061859e-09
48 320 0 1.5714079672629588e-08 1.0179595075347745e-08
56 320 0 2.0291711378282315e-08 1.2973966228582138e-08
64 320 0 2.6267472877987546e-08 1.6575225301313128e-08
72 320 0 3.4027811225757105e-08 2.1188799459793781e-08
80 320 0 4.4070968179660857e-08 2.7075849544120782e-08
88 320 0 5.7035983036237565e-08 3.4566721396905995e-08
96 320 0 7.373861264303314e-08 4.4077356957130554e-08
104 320 0 9.5215413052560722e-08 5.6129053364193892e-08
112 320 0 1.2277746141983534e-07 7.1371985073004774e-08
120 320 0 1.5807552048309995e-07 9.0612955268082183e-08
128 320 0 2.0317889265007759e-07 1.1484793630011558e-07
136 320 0 2.6067080186507926e-07 1.453001121726512e-07
144 320 0 3.3376388864970584e-07 1.8346436246399064e-07
152 320 0 4.264402884603958e-07 2.3115942896878097e-07
160 320 0 5.4362172675738765e-07 2.9058936859523948e-07
168 320 0 6.9137599685670725e-07 3.644162792376851e-07
176 320 0 8.7716692687399224e-07 4.5584662148080509e-07
184 320 0 1.110155283672774e-06 5.6873365159001599e-07
192 320 0 1.4015577778607059e-06 7.0769841190492391e-07
200 320 0 1.7650702183512663e-06 8.7827126805714178e-07
208 320 0 2.2173587905981894e-06 1.0870550296885526e-06
216 320 0 2.7786204213359009e-06 1.3419091820896261e-06
224 320 0 3.4732094877079521e-06 1.6521527139840599e-06
232 320 0 4.3303242520780966e-06 2.0287805933313264e-06
240 320 0 5.3847431797226296e-06 2.4846864027593131e-06
248 320 0 6.6775998180542866e-06 3.0348814305479745e-06
256 320 0 8.2571864361385685e-06 3.6966991763087072e-06
264 320 0 1.017978235949433e-05 4.4899743892047426e-06
272 320 0 1.251051379010219e-05 5.4371879901256354e-06
280 320 0 1.5324268123424062e-05 6.5635739466388503e-06
288 320 0 1.8706706604010672e-05 7.8971914562575309e-06
296 320 0 2.2755442535780906e-05 9.4689752622625986e-06
304 320 0 2.7581474661266115e-05 1.1312787603428083e-05
312 320 0 3.3310981848573166e-05 1.3465505583778064e-05
320 320 0 4.0087589997956006e-05 1.5967185480110734e-05
328 320 0 4.8075209000140595e-05 1.8861348164013883e-05
336 320 0 5.7461501423677825e-05 2.2195424868021644e-05
344 320 0 6.8461982396235426e-05 2.6021387895742206e-05
352 320 0 8.1324662573044955e-05 3.0396565492237616e-05
360 320 0 9.633503879423e-05 3.5384604435806323e-05
368 320 0 0.00011382112136465778 4.1056500460989173e-05
376 320 0 0.00013415807982305433 4.7491570057044466e-05
384 320 0 0.00015777201202982501 5.4778194268209548e-05
392 320 0 0.00018514231781713791 6.3014134143635832e-05
400 320 0 0.00021680221003654023 7.2306207267605052e-05
408 320 0 0.00025333703802030198 8.2769133296439377e-05
416 320 0 0.00029538033537863375 9.4523409063827898e-05
424 320 0 0.00034360782409270446 0.00010769216181265209
432 320 0 0.00039872997979210575 0.00012239704808786735
440 320 0 0.00046148413970692156 0.00013875340501801005
448 320 0 0.00053262745000151948 0.00015686500312781133
456 320 0 0.00061293212921155113 0.00017681887353965242
464 320 0 0.00070318449760282042 0.00019868076311016871
472 320 0 0.00080418893254680676 0.00022249178556786218
480 320 0 0.00091677733214062113 0.00024826676738262036
488 320 0 0.0010418238218715056 0.0002759946260235996
496 320 0 0.0011802633935449952 0.00030564087100415165
504 320 0 0.0013331120477714548 0.00033715200578145069
512 320 0 0.0015014849931558438 0.00037046126768823496
520 320 0 0.0016866087365318284 0.00040549482265304936
528 320 0 0.0018898226772489702 0.00044217728735598556
536 320 0 0.0021125662552595056 0.00048043533824719802
544 320 0 0.0023563488823811702 0.00052019822835513985
552 320 0 0.0026227017839839778 0.00056139429264547231
560 320 0 0.0029131133387229891 0.00060394297651705266
568 320 0 0.0032289522374897898 0.00064774253322514913
576 320 0 0.0035713853881954426 0.00069265423622572823
584 320 0 0.0039412995043267536 0.00073848464756327663
592 320 0 0.0043392362714420275 0.00078496806517812118
600 320 0 0.0047653505148490634 0.00083175163356716004
608 320 0 0.005219398695875798 0.0008783856560462067
616 320 0 0.005700761390757909 0.00092432134170030052
624 320 0 0.0062084984876397921 0.00096891755423519303
632 320 0 0.0067414302862885845 0.0010114571576183918
640 320 0 0.0072982323378629147 0.0010511723827253024
648 320 0 0.0078775276690084273 0.0010872774207118067
656 320 0 0.0084779579115374856 0.0011190053557696717
664 320 0 0.0090982155182528432 0.0011456457528747667
672 320 0 0.0097370230354073602 0.0011665788558388075
680 320 0 0.0103930521868149 0.0011813025138063989
688 320 0 0.011064784631646753 0.0011894486549503865
696 320 0 0.011750326516414758 0.0011907873005779293
704 320 0 0.012447198813642668 0.0011886557045210095
712 320 0 0.013152133236623084 0.0011906190159728727
720 320 0 0.013860907674010816 0.0011865224294350489
728 320 0 0.014568254438881954 0.0011762874139183335
736 320 0 0.015267868668429973 0.0011598139696581151
744 320 0 0.015952533254599562 0.0011369595804580843
752 320 0 0.016614361900556068 0.0011075293767961215
760 320 0 0.017245145200665054 0.001071280252053549
768 320 0 0.017836768454404805 0.001027940035650033
776 320 0 0.018381656818411213 0.00097724098413248112
784 320 0 0.018873195684984013 0.00091896503105413571
792 320 0 0.019306073497533407 0.00085299666030105512
800 320 0 0.019676501240921764 0.00077937812257721992
808 320 0 0.019982277087368709 0.00069836113121926266
816 320 0 0.020222684492751251 0.00061044921114882661
824 320 0 0.020398234820005363 0.00051642552004871681
832 320 0 0.020510288112643656 0.0004173621338271899
840 320 0 0.020560604622896057 0.00031460835731569534
848 320 0 0.02055089217223062 0.00020975742144158094
856 320 0 0.020482418295637236 0.00012666779715552259
864 320 0 0.020355750498481713 0.00020136835399765102
872 320 0 0.020170673295295812 0.00029981263630384294
880 320 0 0.019926308770324464 0.00039198377275301982
888 320 0 0.019621441023432318 0.00047621408690956199
896 320 0 0.019255017510402161 0.00055106613480709193
904 320 0 0.018826775561950278 0.00061541463095163979
912 320 0 0.018337923502841965 0.00066851329111823621
920 320 0 0.01779179520128921 0.00071004156159082052
928 320 0 0.017194395839576097 0.00074012757945147306
936 320 0 0.016554765231580611 0.0007593453468949414
944 320 0 0.015885101945800159 0.00076868587076149748
952 320 0 0.015200614677414244 0.00076950377608460407
960 320 0 0.014519093978810366 0.0007634425155158657
968 320 0 0.013860224609171376 0.00075234265032465657
976 320 0 0.01324468356738173 0.00073813868796438614
984 320 0 0.01269308897615851 0.00072275057609172584
992 320 0 0.01222487872548877 0.0007079761601446969
1000 320 0 0.011857204271571751 0.00069539073068995011
1008 320 0 0.011603924082598973 0.00068625926252122681
1016 320 0 0.011474773420175772 0.00068146614018336875
0 328 0 8.7297153499880461e-09 5.914351627364624e-09
8 328 0 9.3949953614616959e-09 6.3305964249545759e-09
16 328 0 1.0768075644814795e-08 7.1868561827221663e-09
24 328 0 1.2936484951889076e-08 8.5318173485160301e-09
32 328 0 1.6037907008571637e-08 1.0441452491025058e-08
40 328 0 2.026832522356051e-08 1.3022768435761363e-08
48 328 0 2.5893674747977333e-08 1.6419162481503282e-08
56 328 0 3.3265677606864452e-08 2.0817687603692966e-08
64 328 0 4.2842698179300674e-08 2.6458591228070157e-08
72 328 0 5.5216610685550886e-08 3.3647544297109014e-08
80 328 0 7.1146817723781639e-08 4.2771014134315752e-08
88 328 0 9.160270443314356e-08 5.4315253978419693e-08
96 328 0 1.1781596960016369e-07 6.8889385552896292e-08
104 328 0 1.5134446641675461e-07 8.725304565583961e-08
112 328 0 1.9414944649284012e-07 1.1034906733942085e-07
120 328 0 2.4868847575118213e-07 1.3934169175796703e-07
128 328 0 3.1802682895019317e-07 1.7566088480488221e-07
136 328 0 4.0597091403773046e-07 2.2105349167329706e-07
144 328 0 5.1722825111369648e-07 2.7764222631323889e-07
152 328 0 6.5759971742917676e-07 3.4799387183093593e-07
160 328 0 8.3421109535262713e-07 4.3519854878313289e-07
168 328 0 1.0557922760943923e-06 5.4296244364681443e-07
176 328 0 1.3330135483547973e-06 6.7571689053302408e-07
184 328 0 1.67888893526279e-06 8.3874703318210335e-07
192 328 0 2.1092561897656298e-06 1.0383432930264665e-06
200 328 0 2.643341486408408e-06 1.2819783469635747e-06
208 328 0 3.3044138202867421e-06 1.5785111042338051e-06
216 328 0 4.120529603425527e-06 1.9384171521939776e-06
224 328 0 5.125362201692012e-06 2.3740423115263415e-06
232 328 0 6.359104845409423e-06 2.8998724578676246e-06
240 328 0 7.8694295824819426e-06 3.5328089831501471e-06
248 328 0 9.7124812486022611e-06 4.2924357534265795e-06
256 328 0 1.1953885612447276e-05 5.2012609268831119e-06
264 328 0 1.4669756748699072e-05 6.2849163978281041e-06
272 328 0 1.7947701780227825e-05 7.5722997890454741e-06
280 328 0 2.1887842070062912e-05 9.0956494959928364e-06
288 328 0 2.6603898060268202e-05 1.0890552563096298e-05
296 328 0 3.2224417798043505e-05 1.2995897805949336e-05
304 328 0 3.8894262264694199e-05 1.5453801463442185e-05
312 328 0 4.677648743235123e-05 1.8309547787851385e-05
320 328 0 5.605477547806674e-05 2.1611599570155311e-05
328 328 0 6.6936557164154478e-05 2.541174029216232e-05
336 328 0 7.9656926291699469e-05 2.9765406891947392e-05
344 328 0 9.4483370291977633e-05 3.4732256979304581e-05
352 328 0 0.00011172122806528257 4.0376984879732518e-05
360 328 0 0.00013171964323003632 4.677035717824522e-05
368 328 0 0.00015487762182564695 5.3990383085195662e-05
376 328 0 0.0001816496498800988 6.2123473462512009e-05
384 328 0 0.00021255020629803455 7.1265383065493838e-05
392 328 0 0.00024815645196077374 8.1521684023940335e-05
400 328 0 0.00028910841730414528 9.300749637543396e-05
408 328 0 0.00033610617131674136 0.00010584621442467446
416 328 0 0.00038990374444246165 0.00012016702386899995
424 328 0 0.00045129998590535654 0.0001361011070332074
432 328 0 0.0005211270278799731 0.00015377657834050439
440 328 0 0.0006002375447249316 0.000173312367405456
448 328 0 0.00068949245312933082 0.00019481145287899107
456 328 0 0.00078975100275120356 0.00021835401971853326
464 328 0 0.00090186526071298913 0.0002439912354328395
472 328 0 0.0010266807181146689 0.00027174038711074008
480 328 0 0.0011650440995232415 0.00030158206647022808
488 328 0 0.0013178184478951052 0.00033345992170053223
496 328 0 0.0014859042645491468 0.00036728321530124768
504 328 0 0.0016702640535529055 0.00040293205802528374
512 328 0 0.0018719462608440787 0.00044026477106812482
520 328 0 0.0020921035591848778 0.00047912641859229306
528 328 0 0.0023319999646049558 0.00051935721705945398
536 328 0 0.0025930015935067036 0.00056079933363667716
544 328 0 0.00287654711073631 0.00060330058943182992
552 328 0 0.0031840960766294502 0.00064671381876470072
560 328 0 0.0035170563152400417 0.00069089110581963594
568 328 0 0.0038766947707149389 0.00073567279030043592
576 328 0 0.0042640396244211709 0.00078087193201193186
584 328 0 0.0046797841518900303 0.00082625574704973687
592 328 0 0.0051242043366201487 0.00087152625280717631
600 328 0 0.0055971021484162234 0.00091630286088312338
608 328 0 0.0060977843519220047 0.00096010983005902998
616 328 0 0.0066250827324582096 0.0010023712674798986
624 328 0 0.0071774160418749851 0.0010424157300562651
632 328 0 0.0077528874439069763 0.0010794914767073673
640 328 0 0.0083494047205882171 0.0011127921629892745
648 328 0 0.008964805089720234 0.0011414914101499293
656 328 0 0.0095969632673071573 0.0011647834072929918
664 328 0 0.01024386127112761 0.0011819257071651844
672 328 0 0.010903601891246168 0.0011922798154030412
680 328 0 0.011574354700621299 0.0011953451585764094
688 328 0 0.01225423328659714 0.0011907825833690957
696 328 0 0.012941113816992688 0.0011907873005779293
704 328 0 0.013632416437705408 0.0011852176240627395
712 328 0 0.014324880450680862 0.0011727472140577785
720 328 0 0.015014369952451577 0.001153462278440761
728 328 0 0.015695747244597553 0.0011274928057155992
736 328 0 0.016362846169327788 0.001094977500897815
744 328 0 0.017008566767195796 0.0010560335125962342
752 328 0 0.017625097427187 0.001010735526630932
760 328 0 0.018204252965007158 0.00095910776434210421
768 328 0 0.018737899368789751 0.00090113091438494622
776 328 0 0.01921842104728512 0.0008367642288739062
784 328 0 0.019639176830570766 0.00076598114558675337
792 328 0 0.019994888576628237 0.00068881507909483025
800 328 0 0.020281911893525705 0.00060541065260394031
808 328 0 0.020498351856763301 0.00051607476939459149
816 328 0 0.020644006129302537 0.00042132163655128618
824 328 0 0.020720140995092846 0.00032190617508748298
832 328 0 0.020729129248623822 0.0002188411359801655
840 328 0 0.020673999215859828 0.00011604088127017617
848 328 0 0.020557958334589652 0.00019583245563107449
856 328 0 0.020383960442447172 0.00029819591336320214
864 328 0 0.020154382144484062 0.00039695177490372061
872 328 0 0.019870860658991969 0.00049040856934438187
880 328 0 0.019534324997571444 0.0005769075407449191
888 328 0 0.019145226936522756 0.00065491305310586695
896 328 0 0.018703951375595069 0.00072310322834772539
904 328 0 0.018211360930998639 0.00078045393601421445
912 328 0 0.017669410211723729 0.00082630953700888604
920 328 0 0.01708175363969839 0.00086043461015831643
928 328 0 0.016454268260124624 0.00088304219019061901
936 328 0 0.01579541988468567 0.00089479570713283524
944 328 0 0.015116416075038662 0.00089678369714214085
952 328 0 0.01443111090132964 0.0008904682936964458
960 328 0 0.013755651463294501 0.00087761034626955732
968 328 0 0.013107881958846719 0.00086017560811720017
976 328 0 0.012506544879417344 0.00084022767309102631
984 328 0 0.011970338400066784 0.00081981415055918175
992 328 0 0.011516902565344073 0.00080085291738965156
1000 328 0 0.011161813540881801 0.00078502518632407071
1008 328 0 0.010917664820077746 0.00077368162288688619
1016 328 0 0.010793307279992403 0.00076776689171275704
0 336 0 1.464406697735267e-08 9.7114374396741387e-09
8 336 0 1.5725591786416272e-08 1.0372128862957984e-08
16 336 0 1.7954931827536961e-08 1.1729611459402336e-08
24 336 0 2.1468302300405106e-08 1.3857682606078102e-08
32 336 0 2.6479359499596695e-08 1.6871142015512996e-08
40 336 0 3.3291093659321873e-08 2.0931020386832063e-08
48 336 0 4.2312837229480615e-08 2.6252054624896075e-08
56 336 0 5.4083365210557418e-08 3.3112831446440596e-08
64 336 0 6.930128940737083e-08 4.1869108344218888e-08
72 336 0 8.8864154982659899e-08 5.2970888749496345e-08
80 336 0 1.1391783185809739e-07 6.6983869460235128e-08
88 336 0 1.4591795841156325e-07 8.4615887747727422e-08
96 336 0 1.8670535515305999e-07 1.0674897275431146e-07
104 336 0 2.3859751207259422e-07 1.3447755856878867e-07
112 336 0 3.0449851383226097e-07 1.6915336287154393e-07
120 336 0 3.8803016750914916e-07 2.1243740486086597e-07
128 336 0 4.9368771375507538e-07 2.6635966883347399e-07
136 336 0 6.2702440571102752e-07 3.3338705992077682e-07
144 336 0 7.9487047742693537e-07 4.1650058705188242e-07
152 336 0 1.0055935892601127e-06 5.1928317003907256e-07
160 336 0 1.26940964413576e-06 6.4602009625049865e-07
168 336 0 1.5987547197412068e-06 8.0181489425681162e-07
176 336 0 2.0087304388878214e-06 9.9272413433886477e-07
184 336 0 2.5176359684448933e-06 1.2259152315777441e-06
192 336 0 3.1475994827920963e-06 1.5098514817142773e-06
200 336 0 3.9253198333719828e-06 1.8545080340909933e-06
208 336 0 4.8829249245205471e-06 2.2716210381433703e-06
216 336 0 6.0589467556195047e-06 2.7749695949452237e-06
224 336 0 7.4994045132183536e-06 3.3806863460829871e-06
232 336 0 9.2589773032770477e-06 4.107587693194707e-06
240 336 0 1.140223856563209e-05 4.977509190158174e-06
248 336 0 1.4004917002028841e-05 6.0156263161491047e-06
256 336 0 1.7155146539330388e-05 7.250736634073777e-06
264 336 0 2.0954673146527176e-05 8.7154774735367357e-06
272 336 0 2.5520001569273299e-05 1.0446454993400559e-05
280 336 0 3.0983491566055748e-05 1.248426682152053e-05
288 336 0 3.74944506233645e-05 1.487341200398314e-05
296 336 0 4.5220315603992841e-05 1.7662098514663408e-05
304 336 0 5.4348063728136384e-05 2.0901978844242154e-05
312 336 0 6.5086035220202616e-05 2.4647865804055128e-05
320 336 0 7.766637504822205e-05 2.8957500107305829e-05
328 336 0 9.2348297456316798e-05 3.3891454119619965e-05
336 336 0 0.00010942233318364686 3.9513257643150208e-05
344 336 0 0.00012921562727128221 4.5889817366521059e-05
352 336 0 0.00015209821294501509 5.309216868069246e-05
360 336 0 0.00017849000040828154 6.1196546272539778e-05
368 336 0 0.00020886800491084261 7.0285690816629631e-05
376 336 0 0.00024377312334261081 8.0450229499051657e-05
384 336 0 0.00028381558936352839 9.1789888110639336e-05
392 336 0 0.00032967813598471407 0.00010441422524518345
400 336 0 0.00038211591367957924 0.00011844253964105647
408 336 0 0.00044195238574141582 0.00013400260440533582
416 336 0 0.0005100707683114616 0.00015122793820179065
424 336 0 0.00058740109293856394 0.0001702534390631915
432 336 0 0.00067490360622047749 0.00019120937855432744
440 336 0 0.00077354991213038761 0.00021421396980953909
448 336 0 0.00088430390600832188 0.00023936495942549927
456 336 0 0.0010081050224697368 0.00026673091834538429
464 336 0 0.0011458564961458286 0.00029634308320044818
472 336 0 0.001298421105225409 0.00032818868906299729
480 336 0 0.0014666261659934696 0.00036220670500331301
488 336 0 0.0016512783695956375 0.00039828671550813221
496 336 0 0.0018531874798503945 0.00043627138239911325
504 336 0 0.0020731961115781892 0.00047596249445874686
512 336 0 0.0023122110319122036 0.00051713010987756514
520 336 0 0.0025712299777771708 0.00055952378455893488
528 336 0 0.0028513571816644098 0.00060288443525552534
536 336 0 0.0031538009271433807 0.00064695509120914424
544 336 0 0.0034798477001681399 0.0006914887120033613
552 336 0 0.0038308098953941509 0.00073625143976995986
560 336 0 0.0042079474210596777 0.00078102012271395738
568 336 0 0.0046123675610153748 0.00082557366371177783
576 336 0 0.0050449115564331027 0.0008696786383607007
584 336 0 0.0055060398989397671 0.00091307057940913979
592 336 0 0.005995730589427325 0.00095543320239748018
600 336 0 0.0065134050092993468 0.00099637850828419167
608 336 0 0.0070578941819810347 0.0010354310170117599
616 336 0 0.0076274539999381082 0.0010720192740988595
624 336 0 0.0082198317719312502 0.0011054771996912138
632 336 0 0.0088323789206143435 0.0011350568523514886
640 336 0 0.0094621968835774915 0.0011599528619753805
648 336 0 0.010106296499870163 0.0011793373082531183
656 336 0 0.010761746674600149 0.0011924023800135054
664 336 0 0.011425786978292794 0.0011984069519390492
672 336 0 0.012095881706649209 0.0011967224413372661
680 336 0 0.012769699859197708 0.0011953451585764094
688 336 0 0.013445015869966236 0.0011907825833690957
696 336 0 0.014119538457647452 0.0011784246406547644
704 336 0 0.014790687855933456 0.0011582714182280483
712 336 0 0.015455352866760263 0.0011304724160794005
720 336 0 0.016109666635941336 0.0010952966834897587
728 336 0 0.016748842173305196 0.001053094928707643
736 336 0 0.017367104538310224 0.0010042583689824358
744 336 0 0.017957746334814822 0.00094917956761902608
752 336 0 0.018513317765429096 0.00088822033824209612
760 336 0 0.019025943966595057 0.00082169100158789934
768 336 0 0.019487743322375385 0.0007498439535856341
776 336 0 0.019891303853559954 0.00067288280627483474
784 336 0 0.020230163327839612 0.00059098649726884583
792 336 0 0.020499234521573151 0.00050434594494491378
800 336 0 0.02069512115192141 0.00041320925839570533
808 336 0 0.020816282217742389 0.00031793036097908789
816 336 0 0.020863021399287841 0.00021901526998530443
824 336 0 0.020837301243488055 0.00011716024839520875
832 336 0 0.02074240585146497 0.00019327220181021218
840 336 0 0.020582497199790228 0.0002940991332389814
848 336 0 0.020362125878958578 0.00039309470078546099
856 336 0 0.02008576452908397 0.00048896798364544622
864 336 0 0.019757430369580341 0.00058031156660522804
872 336 0 0.019380452089647587 0.00066566148178745857
880 336 0 0.018957417456826525 0.00074357182875373073
888 336 0 0.01849031388341689 0.00081269880658081661
896 336 0 0.017980848147247343 0.00087188777111148197
904 336 0 0.017430906994984424 0.00092025634856694738
912 336 0 0.016843100674714843 0.0009572666549350628
920 336 0 0.016221319029540073 0.00098278029493899764
928 336 0 0.015571226069934005 0.00099709099291001024
936 336 0 0.014900624177552835 0.0010009313351209276
944 336 0 0.014219632377896521 0.00099545203133623306
952 336 0 0.013540642607633194 0.00098217415882625135
960 336 0 0.012878041117024943 0.00096291685481095755
968 336 0 0.012247706350729519 0.00093970470660445851
976 336 0 0.011666317206326318 0.00091466051650346096
984 336 0 0.011150524249507602 0.00088989009696198614
992 336 0 0.010716049647954421 0.00086736623458080059
1000 336 0 0.01037678835455773 0.00084881894835691848
1008 336 0 0.01014398319719086 0.0008356386960219845
1016 336 0 0.010025540388279646 0.00082879831657807317
0 344 0 2.4355504417026809e-08 1.5804952040608698e-08
8 344 0 2.6097720649374255e-08 1.684348019430886e-08
16 344 0 2.9684543286939297e-08 1.8974819612234175e-08
24 344 0 3.5325984906483208e-08 2.2309723971112938e-08
32 344 0 4.3350501515109692e-08 2.7019943258451773e-08
40 344 0 5.4222114046153936e-08 3.334538863845781e-08
48 344 0 6.856489185437669e-08 4.1604383855706915e-08
56 344 0 8.7196196656998014e-08 5.2207588110914942e-08
64 344 0 1.1117039775158972e-07 6.567629457294544e-08
72 344 0 1.4183504373215624e-07 8.2665897480574576e-08
80 344 0 1.8090170131833252e-07 1.0399536603423872e-07
88 344 0 2.3053384615929068e-07 1.3068355424077918e-07
96 344 0 2.9345432790737144e-07 1.6399310852696792e-07
104 344 0 3.7307507064138289e-07 2.0548261673159641e-07
112 344 0 4.736518767038049e-07 2.5706749611668618e-07
120 344 0 6.0046757237001513e-07 3.2108998529496448e-07
128 344 0 7.6004738258854937e-07 4.0039854317686812e-07
136 344 0 9.6041146563180434e-07 4.9843703569568907e-07
144 344 0 1.2113710644788178e-06 6.193443757688504e-07
152 344 0 1.5248767592991852e-06 7.6806582296986861e-07
160 344 0 1.9154297403862587e-06 9.5047795584242574e-07
168 344 0 2.4005696139980184e-06 1.1735303473893187e-06
176 344 0 3.0014545732266862e-06 1.4454080652781107e-06
184 344 0 3.7435512000226374e-06 1.7757200508590743e-06
192 344 0 4.6574509645063735e-06 2.1757188845752392e-06
200 344 0 5.779827867462976e-06 2.6585570379257098e-06
208 344 0 7.1545459626639175e-06 3.2395830542714529e-06
216 344 0 8.8339163505647283e-06 3.9366778743422139e-06
224 344 0 1.0880090859301341e-05 4.7706265793760628e-06
232 344 0 1.3366564996471755e-05 5.7655142929807878e-06
240 344 0 1.6379747755790264e-05 6.9491273574179033e-06
248 344 0 2.0020543318177945e-05 8.3533330985717791e-06
256 344 0 2.4405883173404165e-05 1.0014404845731096e-05
264 344 0 2.9670150620063912e-05 1.1973255020477746e-05
272 344 0 3.5966456562673858e-05 1.42755398100718e-05
280 344 0 4.3467758387576279e-05 1.6971605765422487e-05
288 344 0 5.2367862627347641e-05 2.0116262621325872e-05
296 344 0 6.2882414118656249e-05 2.3768387771593637e-05
304 344 0 7.5250042572378538e-05 2.7990394862923616e-05
312 344 0 8.9733901024257744e-05 3.2847629060910966e-05
320 344 0 0.00010662387515552788 3.8407780282935012e-05
328 344 0 0.00012623975157593676 4.4740427395230842e-05
336 344 0 0.00014893559082679707 5.1916834684359006e-05
344 344 0 0.00017510544463780327 6.0010110777678388e-05
352 344 0 0.00020519038162570755 6.9095805039504814e-05
360 344 0 0.00023968654668082132 7.9252955542632439e-05
368 344 0 0.00027915369572747224 9.0565518223804876e-05
376 344 0 0.00032422335284166247 0.00010312400578208966
384 344 0 0.00037560547747416773 0.00011702705923929545
392 344 0 0.00043409236122989752 0.00013238258110419266
400 344 0 0.00050055845332063571 0.00014930799566402074
408 344 0 0.00057595499014675164 0.00016792918804643632
416 344 0 0.00066129870651325225 0.00018837772515560396
424 344 0 0.00075765453200175544 0.00021078608747485182
432 344 0 0.00086611298477480493 0.00023528084016838716
440 344 0 0.0009877638819399267 0.00026197393176985938
448 344 0 0.0011236688654338212 0.00029095260292355063
456 344 0 0.0012748359408151211 0.00032226867849874949
464 344 0 0.0014421995793462768 0.00035592825846374057
472 344 0 0.0016266097942884063 0.00039188296881109068
480 344 0 0.0018288328709967826 0.00043002394180548958
488 344 0 0.0020495650851037697 0.00047017953682648153
496 344 0 0.0022894588622495078 0.00051211748214034401
504 344 0 0.0025491586060369361 0.0005555516333855281
512 344 0 0.0028293411417897687 0.00060015295368153658
520 344 0 0.0031307537623361057 0.00064556369551217047
528 344 0 0.0034542416169199351 0.00069141319589054217
536 344 0 0.003800756018352525 0.00073733327947430021
544 344 0 0.0041713364121715012 0.00078297108586729367
552 344 0 0.0045670613351641107 0.00082799725928592825
560 344 0 0.004988967543773635 0.0008721078846985952
568 344 0 0.0054379412247271526 0.00091501930049926045
576 344 0 0.0059145901947938034 0.00095645588971507347
584 344 0 0.0064191104783489069 0.00099613203112296125
592 344 0 0.0069511637918248052 0.001033730429067849
600 344 0 0.0075097835175835384 0.0010688798763637984
608 344 0 0.0080933251989927946 0.0011011359923822073
616 344 0 0.0086994732740369677 0.0011299685105792545
624 344 0 0.0093253089716224639 0.0011547582174137646
632 344 0 0.0099674357729658321 0.0011748056904952089
640 344 0 0.010622149745552872 0.0011893526441109706
648 344 0 0.011285633808123282 0.0011976151251862528
656 344 0 0.011954149054613655 0.0011988262158609837
664 344 0 0.012624193930231844 0.0011984069519390492
672 344 0 0.013292604147986475 0.0011967224413372661
680 344 0 0.013956572949421995 0.0011868730902242861
688 344 0 0.014613582084701489 0.0011685662147352532
696 344 0 0.015261247405501053 0.0011417089478536011
704 344 0 0.01589709731846102 0.001106409462527564
712 344 0 0.016518315288340569 0.001062962421580306
720 344 0 0.01712148687177906 0.0010118202358377244
728 344 0 0.017702395561010099 0.00095355338770490225
736 344 0 0.018255908917968914 0.00088880437965868989
744 344 0 0.018775986965843091 0.00081824063102826916
752 344 0 0.019255829543272169 0.00074251177784307246
760 344 0 0.019688160282619525 0.00066221631602446721
768 344 0 0.020065624756068746 0.00057788143369336131
776 344 0 0.02038126219069453 0.00048995833713457587
784 344 0 0.020628996895739778 0.00039883356790016561
792 344 0 0.02080408946173307 0.0003048549401599189
800 344 0 0.020903490153218022 0.00020836900129661204
808 344 0 0.020926047733405027 0.00010976551566263884
816 344 0 0.020872544931623088 0.000200726675109935
824 344 0 0.020745554456292004 0.00029846473432600107
832 344 0 0.020549133649654758 0.00039462307678542544
840 344 0 0.020288398066551246 0.00048846338839115405
848 344 0 0.019969031178173117 0.00057910437600883907
856 344 0 0.019596796545438524 0.00066552954694517469
864 344 0 0.019177118802975113 0.00074661493433238191
872 344 0 0.018714790607860129 0.00082117593546183337
880 344 0 0.018213845628072795 0.00088803045719748966
888 344 0 0.017677615076836073 0.00094607379197813452
896 344 0 0.017108960376135861 0.00099435925652670634
904 344 0 0.016510650646417477 0.0010321777571154003
912 344 0 0.01588583401977978 0.0010591291945447039
920 344 0 0.015238538734601076 0.0010751790222082412
928 344 0 0.014574135077023995 0.0010806942889865969
936 344 0 0.013899692842431907 0.0010764550394550959
944 344 0 0.013224180346560288 0.00106363885918178
952 344 0 0.012558468448806943 0.0010437784605076533
960 344 0 0.011915124262213986 0.0010186943092141843
968 344 0 0.01130800164412506 0.00099040620973912981
976 344 0 0.010751656689822857 0.00096102934050894435
984 344 0 0.010260634152545616 0.00093266134973356112
992 344 0 0.0098486834133736205 0.0009072677245907726
1000 344 0 0.0095279694062008116 0.00088657272205835448
1008 344 0 0.0093083445011688751 0.00087196272949931382
1016 344 0 0.0091967420717015726 0.00086440807072141711
0 352 0 4.0160456457635507e-08 2.5493280719760482e-08
8 352 0 4.2941200843683115e-08 2.7109708160678969e-08
16 352 0 4.8659362899173472e-08 3.0423372066717821e-08
24 352 0 5.7635708877596146e-08 3.559882680663701e-08
32 352 0 7.0370444773561465e-08 4.2890450325396468e-08
40 352 0 8.7567502684611746e-08 5.2652075048326599e-08
48 352 0 1.1016927571008361e-07 6.5350783720912515e-08
56 352 0 1.3940378476791296e-07 8.1585672005320851e-08
64 352 0 1.7684669232453516e-07 1.0211254298093656e-07
72 352 0 2.2450094121273082e-07 1.2787561621362468e-07
80 352 0 2.8489706735257124e-07 1.600473836551003e-07
88 352 0 3.6121740040006985e-07 2.0007770648464067e-07
96 352 0 4.5744743643433936e-07 2.4975311010434718e-07
104 352 0 5.785576873729793e-07 3.1126700404197116e-07
112 352 0 7.3071937282049108e-07 3.8730125772756084e-07
120 352 0 9.2155755766497961e-07 4.8111925762732426e-07
128 352 0 1.1604459257654175e-06 5.9667033883033466e-07
136 352 0 1.4588485013274934e-06 7.3870542783050576e-07
144 352 0 1.8307154402476682e-06 9.1290396073447746e-07
152 352 0 2.2929425822690539e-06 1.1260127412540686e-06
160 352 0 2.8659076962286844e-06 1.3859984144520296e-06
168 352 0 3.5740999613873371e-06 1.7022166099959341e-06
176 352 0 4.4468626385047968e-06 2.0856023920433319e-06
184 352 0 5.5192712508817117e-06 2.5488881462652622e-06
192 352 0 6.8331698490816128e-06 3.1068560086683322e-06
200 352 0 8.4383849053886858e-06 3.7766318641060163e-06
208 352 0 1.039412901693537e-05 4.5780262478826592e-06
216 352 0 1.2770594224906942e-05 5.5339236740081355e-06
224 352 0 1.5650717438677403e-05 6.6707156942377629e-06
232 352 0 1.9132079289452542e-05 8.0187644202664286e-06
240 352 0 2.3328875113208167e-05 9.6128728621299687e-06
248 352 0 2.8373876416749724e-05 1.1492727372200646e-05
256 352 0 3.4420288019135261e-05 1.3703267446788397e-05
264 352 0 4.1643405640541658e-05 1.6294931318203753e-05
272 352 0 5.0241996372745658e-05 1.9323724599461058e-05
280 352 0 6.0439364152998766e-05 2.2851066009091166e-05
288 352 0 7.2484125248673513e-05 2.6943380557113792e-05
296 352 0 8.6650801890249886e-05 3.167143698743112e-05
304 352 0 0.00010324043743530215 3.7109461531995727e-05
312 352 0 0.00012258153008516871 4.3334100879784359e-05
320 352 0 0.00014503165543846289 5.0423348311598654e-05
328 352 0 0.0001709801789711676 5.8455580974942886e-05
336 352 0 0.00020085242551115608 6.7508874941328323e-05
344 352 0 0.00023511555541548166 7.7660759737462623e-05
352 352 0 0.00027428618666521236 8.8988538797198557e-05
360 352 0 0.00031893950222345376 0.00010157023334726739
368 352 0 0.00036971921395127712 0.00011548610608807402
376 352 0 0.00042734735862375213 0.0001308205951576865
384 352 0 0.00049263253671346318 0.00014766435218589182
392 352 0 0.00056647494233409018 0.00016611595042758547
400 352 0 0.00064986644898465645 0.00018628273357242662
408 352 0 0.00074388417819318796 0.00020828023725920916
416 352 0 0.00084967643166885621 0.0002322296548327614
424 352 0 0.00096844061947660726 0.00025825295016017021
432 352 0 0.0011013938249431921 0.00028646544534304983
440 352 0 0.0012497378137097861 0.00031696601708628563
448 352 0 0.0014146214683573718 0.00034982539345066311
456 352 0 0.0015971046193138706 0.00038507340913854237
464 352 0 0.0017981278378100174 0.00042268639814316516
472 352 0 0.002018492763099497 0.00046257611954310038
480 352 0 0.0022588568128022722 0.00050458167250397225
488 352 0 0.0025197446219302512 0.00054846572198528941
496 352 0 0.0028015763443898518 0.00059391601287011762
504 352 0 0.0031047102394224642 0.00064055261330953333
512 352 0 0.0034294940954713053 0.00068794064715337489
520 352 0 0.0037763174578482762 0.00073560753013694746
528 352 0 0.0041456548128104773 0.00078306301719113531
536 352 0 0.0045380892978268252 0.00082981981033565001
544 352 0 0.0049543074980387949 0.00087541217221992311
552 352 0 0.005395058594450039 0.00091941001838546227
560 352 0 0.0058610754284722302 0.00096142635933604489
568 352 0 0.0063529605252264131 0.001001116716552646
576 352 0 0.0068710460845088769 0.0010381701732238994
584 352 0 0.0074152425094718682 0.0010722929177048035
592 352 0 0.0079848942208926542 0.0011031863350682743
600 352 0 0.0085786633939473368 0.0011305227231332791
608 352 0 0.0091944611913750019 0.0011539223878680484
616 352 0 0.0098294417846162222 0.0011729360799987501
624 352 0 0.010480067189036229 0.0011870364009636467
632 352 0 0.011142241463461041 0.0011956209379825871
640 352 0 0.011811502389663843 0.0011980285697814064
648 352 0 0.012483248933309534 0.0011976151251862528
656 352 0 0.013152975270474638 0.0011988262158609837
664 352 0 0.013816478439029712 0.0011922845087978685
672 352 0 0.014470007777386001 0.001177403629399526
680 352 0 0.015110330588172526 0.0011537576387505317
688 352 0 0.015734699428462843 0.0011211173437613541
696 352 0 0.016340720768160743 0.0010794733626596897
704 352 0 0.016926140473009582 0.0010290431545485618
712 352 0 0.017488576245691355 0.00097026095735078602
720 352 0 0.018025238346319659 0.00090375147454059904
728 352 0 0.018532685533475108 0.00083028997246500924
736 352 0 0.019006661891078875 0.00075075297310996103
744 352 0 0.019442051734744593 0.00066606476890150243
752 352 0 0.019832974969708182 0.00057714542643601263
760 352 0 0.020173026022663108 0.00048486574004358296
768 352 0 0.020455638531999866 0.00039001377593111952
776 352 0 0.020674538505078936 0.00029327631438440596
784 352 0 0.020824233701204415 0.00019523680546463737
792 352 0 0.020900479051899307 0.00011454376955240264
800 352 0 0.020900658455966462 0.00021376703035618991
808 352 0 0.020824032483677278 0.00031078154192065721
816 352 0 0.020671818256513153 0.00040521323880083129
824 352 0 0.020447089721966002 0.00049668671440004919
832 352 0 0.020154510572869332 0.00058478185929659171
840 352 0 0.019799934678160092 0.00066899828820439142
848 352 0 0.019389926802164278 0.00074873268786375749
856 352 0 0.018931266998493349 0.00082327297862566651
864 352 0 0.018430503868642732 0.00089181150025540584
872 352 0 0.017893614672398295 0.00095347746615755471
880 352 0 0.017325815170875305 0.0010073868724854128
888 352 0 0.016731541284857938 0.0010527061077229456
896 352 0 0.016114601119609155 0.001088723886513758
904 352 0 0.015478472889302076 0.0011149250022834036
912 352 0 0.014826704825235076 0.0011310588809134072
920 352 0 0.014163359712392834 0.0011371960821680589
928 352 0 0.013493440788037398 0.0011337667242616797
936 352 0 0.012823237802976811 0.0011215762165375683
944 352 0 0.012160541487378508 0.0011017955321424838
952 352 0 0.011514689988299289 0.0010759253513716854
960 352 0 0.010896429952999801 0.0010457355529253261
968 352 0 0.010317595434385931 0.0010131835263603763
976 352 0 0.0097906273493139125 0.00098031645397478676
984 352 0 0.009327972802812055 0.00094916393757820544
992 352 0 0.0089414156887828479 0.00092162805088617621
1000 352 0 0.0086413966841424571 0.00089937806028253433
1008 352 0 0.0084363817716695613 0.00088375670041463805
1016 352 0 0.0083323340009801555 0.00087570407668157227
0 360 0 6.5653737177395989e-08 4.0754048885496062e-08
8 360 0 7.0050909004362085e-08 4.3244977028859826e-08
16 360 0 7.9082734965891293e-08 4.8345909197349904e-08
24 360 0 9.3234535684233157e-08 5.6298855172134046e-08
32 360 0 1.1326089509895793e-07 6.7476750108473364e-08
40 360 0 1.4021957773293835e-07 8.2396131321965658e-08
48 360 0 1.7552005943099612e-07 1.0173532612759667e-07
56 360 0 2.2098945677323381e-07 1.2635923627969725e-07
64 360 0 2.7895923530547172e-07 1.5735202889712623e-07
72 360 0 3.523765574263555e-07 1.9605920212144021e-07
80 360 0 4.4494445100767154e-07 2.4414055029127149e-07
88 360 0 5.6129510688471052e-07 3.0363547383203059e-07
96 360 0 7.0720054653868654e-07 3.770418402718242e-07
104 360 0 8.8982469141495046e-07 4.6740920415032579e-07
112 360 0 1.1180206305480519e-06 5.7844666773459295e-07
120 360 0 1.4026768152923039e-06 7.1464508516726685e-07
128 360 0 1.7571162645957522e-06 8.8141279646798081e-07
136 360 0 2.1975539291579992e-06 1.0852237762099579e-06
144 360 0 2.7436194009821457e-06 1.3337771616706043e-06
152 360 0 3.4189553235231225e-06 1.6361677370135825e-06
160 360 0 4.251906110680714e-06 2.0030681838101623e-06
168 360 0 5.2763165713832713e-06 2.4469257447584566e-06
176 360 0 6.5324650305481287e-06 2.9821782109817217e-06
184 360 0 8.0681593971469739e-06 3.6254964677077751e-06
192 360 0 9.940025857749945e-06 4.3960626554678687e-06
200 360 0 1.2215016769494702e-05 5.315893597566913e-06
208 360 0 1.497215526481803e-05 6.4102177019536538e-06
216 360 0 1.8304517898915078e-05 7.7079093134349325e-06
224 360 0 2.2321433132915166e-05 9.2419769512044116e-06
232 360 0 2.7150843709718971e-05 1.1050090936476855e-05
240 360 0 3.2941747975338136e-05 1.3175122150441226e-05
248 360 0 3.986660378895037e-05 1.5665648397777378e-05
256 360 0 4.8123555465923657e-05 1.8576370240755954e-05
264 360 0 5.7938336958745411e-05 2.1968367082787958e-05
272 360 0 6.9565720972206716e-05 2.5909120013161896e-05
280 360 0 8.3290430162089932e-05 3.0472233719866691e-05
288 360 0 9.9427505805787305e-05 3.5736808189427082e-05
296 360 0 0.00011832223887768101 4.1786443082463443e-05
304 360 0 0.00014034989896729788 4.8707902628767512e-05
312 360 0 0.00016591563096495307 5.6589523011768507e-05
320 360 0 0.00019545500375006155 6.5519501054647907e-05
328 360 0 0.00022943575994611049 7.5584253558431806e-05
336 360 0 0.0002683613004524844 8.6867070131892773e-05
344 360 0 0.00031277631515294428 9.9447287747425183e-05
352 360 0 0.00036327472546241092 0.00011340018311012124
360 360 0 0.00042050973557072115 0.00012879770355772943
368 360 0 0.00048520532003935114 0.000145710038794288
376 360 0 0.00055816795378143863 0.00016420788194772935
384 360 0 0.000640296888899355 0.00018436505505049349
392 360 0 0.00073259089276167565 0.00020626100448018891
400 360 0 0.00083614918255708306 0.00022998253507456278
408 360 0 0.00095216441545239712 0.00025562407837371938
416 360 0 0.0010819060865016176 0.0002832858086712286
424 360 0 0.0012266935696367775 0.00031306904986817992
432 360 0 0.0013878592702862419 0.00034506866253633832
440 360 0 0.0015667038307960717 0.00037936245248950296
448 360 0 0.0017644468618080349 0.00041599806839544631
456 360 0 0.001982178028452413 0.00045497830695384947
464 360 0 0.0022208142359531825 0.0004962461563681954
472 360 0 0.0024810688826425974 0.00053967121247621439
480 360 0 0.0027634384853062444 0.00058503923125906819
488 360 0 0.0030682103439155406 0.0006320464863625694
496 360 0 0.0033954923572599694 0.00068030025702487057
504 360 0 0.0037452628527319975 0.00072932619145564493
512 360 0 0.0041174347426246802 0.00077858252285133763
520 360 0 0.0045119249879852236 0.00082748024595487735
528 360 0 0.0049287178300016126 0.00087540750548351955
536 360 0 0.0053679091081624752 0.00092175573159755664
544 360 0 0.005829719670258718 0.00096594460462840447
552 360 0 0.0063144686128355013 0.0010074428391028765
560 360 0 0.0068225017878082751 0.0010457820995514264
568 360 0 0.0073540772417790591 0.0010805620943406032
576 360 0 0.0079092162577327763 0.0011114459727452879
584 360 0 0.0084875354271766717 0.0011381464499848597
592 360 0 0.0090880805559609285 0.0011604044357531422
600 360 0 0.0097091861170806159 0.0011779631526003167
608 360 0 0.01034838357924305 0.0011905416159121041
616 360 0 0.011002377864614972 0.0011978117564527668
624 360 0 0.011667103589999875 0.0011993833087624167
632 360 0 0.012337862401443628 0.0011956209379825871
640 360 0 0.013009530959445249 0.0011980285697814064
648 360 0 0.01367681770503688 0.001193568771727346
656 360 0 0.01433453731814016 0.0011815620476655214
664 360 0 0.014977866492469936 0.0011613880534402238
672 360 0 0.015602544548251478 0.0011325367708654773
680 360 0 0.016204988003037497 0.0010946574148649711
688 360 0 0.016782299144525521 0.0010475997160626777
696 360 0 0.017332163605599551 0.0009914428374388079
704 360 0 0.017852648863661755 0.0009265083906521733
712 360 0 0.018341931917326516 0.00085335567163516077
720 360 0 0.018797997481911688 0.00077275913559202852
728 360 0 0.019218355582614033 0.0006856700491389249
736 360 0 0.019599827855374969 0.00059316596429609403
744 360 0 0.019938444692838439 0.00049639295809384559
752 360 0 0.020229481298403868 0.00039650632869568658
760 360 0 0.02046764158058367 0.00029461555792056199
768 360 0 0.020647377369315618 0.00019173883731575178
776 360 0 0.020763309880849731 0.00011729108229632801
784 360 0 0.020810703885266651 0.0002209749997454033
792 360 0 0.020785935282346905 0.00032133788469854152
800 360 0 0.020686891425610272 0.00041782872230261558
808 360 0 0.020513250941756621 0.00051004016478542469
816 360 0 0.020266605017712321 0.00059767132267862094
824 360 0 0.019950403007565953 0.00068048278506223706
832 360 0 0.019569728713572741 0.00075824963332359052
840 360 0 0.019130936389955701 0.00083071848944321972
848 360 0 0.01864119411430052 0.00089757427656180291
856 360 0 0.018107994019867683 0.0009584213888745273
864 360 0 0.017538692368387326 0.0010127824572036398
872 360 0 0.016940137206240741 0.0010601160026301459
880 360 0 0.016318428298389892 0.0010998521861746088
888 360 0 0.015678835177134993 0.0011314438071084384
896 360 0 0.015025877233095397 0.0011544278978211121
904 360 0 0.014363547887018673 0.0011684919075029571
912 360 0 0.013695645944321669 0.0011735377108897157
920 360 0 0.013026163630224775 0.0011697366063977144
928 360 0 0.012359674063775718 0.0011575690881018945
936 360 0 0.011701661586439243 0.0011378444194081877
944 360 0 0.011058745955236024 0.001111696767443153
952 360 0 0.010438764636927604 0.0010805566924349894
960 360 0 0.0098506944000744754 0.001046098917925677
968 360 0 0.0093044119080255543 0.0010131835263603763
976 360 0 0.0088103108953391258 0.00098031645397478676
984 360 0 0.0083788088652338496 0.00094916393757820544
992 360 0 0.0080197876378966717 0.00092162805088617621
1000 360 0 0.0077420186238599227 0.00089937806028253433
1008 360 0 0.0075526250712549233 0.00088375670041463805
1016 360 0 0.0074566299242985832 0.00087570407668157227
0 368 0 1.0640778606289205e-07 6.4568014071134182e-08
8 368 0 1.1329588603322191e-07 6.8368003809476504e-08
16 368 0 1.274286441632412e-07 7.6141634096688537e-08
24 368 0 1.495333908563672e-07 8.8241156817666857e-08
32 368 0 1.807376452074313e-07 1.052076873578336e-07
40 368 0 2.22615709054904e-07 1.277875072603835e-07
48 368 0 2.7725538555859279e-07 1.5695550293188525e-07
56 368 0 3.4734869305293106e-07 1.9394719022473842e-07
64 368 0 4.3631126420259795e-07 2.4030108396644983e-07
72 368 0 5.4843575954779572e-07 2.9791338979500639e-07
80 368 0 6.8908500129894303e-07 3.6910706669209061e-07
88 368 0 8.6493058071674111e-07 4.567171757223434e-07
96 368 0 1.0842423868105107e-06 5.6419405068930869e-07
104 368 0 1.3572338955652763e-06 6.9572518713281663e-07
112 368 0 1.6964672982826449e-06 8.5637588203119764e-07
120 368 0 2.1173219004595707e-06 1.0522476629490311e-06
128 368 0 2.638529061063733e-06 1.290652582946713e-06
136 368 0 3.2827777053679571e-06 1.5803007448685688e-06
144 368 0 4.07739656265275e-06 1.9314982075454088e-06
152 368 0 5.055123060536705e-06 2.356352959491347e-06
160 368 0 6.2549742944908763e-06 2.8689880964530576e-06
168 368 0 7.7232423161417279e-06 3.4857637421401938e-06
176 368 0 9.5146432415298504e-06 4.2255124318465649e-06
184 368 0 1.1693655864854749e-05 5.1097961979535688e-06
192 368 0 1.4336088513217814e-05 6.1631967317714003e-06
200 368 0 1.7530910367061615e-05 7.4136517728936806e-06
208 368 0 2.1382372966771683e-05 8.8928501671455848e-06
216 368 0 2.601242721235001e-05 1.0636693728080086e-05
224 368 0 3.1563410084119578e-05 1.268582528199133e-05
232 368 0 3.8200934646195827e-05 1.5086208754932622e-05
240 368 0 4.6116870125779361e-05 1.7889729367710425e-05
248 368 0 5.5532252186727748e-05 2.1154761469150661e-05
256 368 0 6.6699925706679611e-05 2.4946630913425536e-05
264 368 0 7.9906704041533369e-05 2.9337881858864748e-05
272 368 0 9.5474840985368612e-05 3.440824881509792e-05
280 368 0 0.00011376266388195662 4.0244238182547622e-05
288 368 0 0.00013516431399521439 4.69382431989008e-05
296 368 0 0.00016010868196014445 5.4587154261367119e-05
304 368 0 0.00018905780159606539 6.3290482557323472e-05
312 368 0 0.00022250515397672158 7.3148084971651661e-05
320 368 0 0.00026097450480470945 8.4257654781313984e-05
328 368 0 0.0003050200135045423 9.6712214627117448e-05
336 368 0 0.00035522837058437717 0.00011059790204116348
344 368 0 0.00041222360290036947 0.00012599235891851428
352 368 0 0.00047667490857253216 0.00014296401175325048
360 368 0 0.00054930743912845058 0.00016157245043619194
368 368 0 0.00063091535883363914 0.00018186997809977444
376 368 0 0.00072237583572916798 0.00020390422019289233
384 368 0 0.00082466194394984849 0.00022772146522405661
392 368 0 0.00093885189724186456 0.00025337018979599538
400 368 0 0.0010661317176316458 0.00028090403157989344
408 368 0 0.0012077884938261165 0.00031038335403074505
416 368 0 0.0013651918951728462 0.0003418745318622188
424 368 0 0.0015397626195049574 0.00037544620354555214
432 368 0 0.0017329279328225802 0.00041116199785543451
440 368 0 0.0019460662832855747 0.00044906963653542601
448 368 0 0.0021804449302034812 0.00048918681183808673
456 368 0 0.0024371563354062624 0.00053148478065462865
464 368 0 0.0027170603923213779 0.00057587113288729615
472 368 0 0.0030207400951188118 0.00062217359808490122
480 368 0 0.0033484777165653126 0.00067012697116748806
488 368 0 0.00370025683027811 0.00071936520129735337
496 368 0 0.00407579261428484 0.00076942036252740202
504 368 0 0.0044745890441876424 0.00081972961478509517
512 368 0 0.0048960172654760178 0.00086965041732132552
520 368 0 0.005339405233940101 0.00091848326510974958
528 368 0 0.0058041253354851321 0.00096550020709350228
536 368 0 0.0062896648397600318 0.001009976517539357
544 368 0 0.0067956642748871225 0.0010512222701162107
552 368 0 0.0073219114519383777 0.001088610326287905
560 368 0 0.0078682838873597016 0.0011215974673611344
568 368 0 0.0084346393361196623 0.001149736083967498
576 368 0 0.0090206622304780642 0.0011726749301826014
584 368 0 0.0096256818771615314 0.0011901488286420736
592 368 0 0.010248484991714071 0.0012019587029386599
600 368 0 0.010887149269680933 0.0012079447106847652
608 368 0 0.011538925195155154 0.0012079563518203901
616 368 0 0.012200189621067739 0.0012018240601827657
624 368 0 0.012866486898762292 0.0011993833087624167
632 368 0 0.013532662252018532 0.0011947998505749038
640 368 0 0.014193079088806598 0.0011835481293613493
648 368 0 0.014841898902885304 0.0011650811978484235
656 368 0 0.015473391422157912 0.0011388541040177527
664 368 0 0.016082235667510776 0.0011043691750408403
672 368 0 0.016663771075760822 0.0010612265275093437
680 368 0 0.017214162523556682 0.0010091745205191849
688 368 0 0.01773045371703574 0.00094815457251021945
696 368 0 0.018210498740672917 0.00087833513507336661
704 368 0 0.01865277948215505 0.00080013061849329437
712 368 0 0.019056134493528578 0.00071420257620206234
720 368 0 0.019419439780039897 0.00062144229812820945
728 368 0 0.019741291501342746 0.00052293591872871331
736 368 0 0.020019742843745868 0.00041991498837089941
744 368 0 0.020252141672661639 0.00031369697982320047
752 368 0 0.020435102538591633 0.00020562124018776509
760 368 0 0.020564627926825087 0.00012952538823345419
768 368 0 0.020636372007245482 0.00021215132645242482
776 368 0 0.020646018798553403 0.00031865088620241719
784 368 0 0.020589728885521248 0.00042074384569667014
792 368 0 0.020464597397648363 0.0005176477135247666
800 368 0 0.020269062703307656 0.00060878977301716611
808 368 0 0.020003210776971196 0.00069379052286967779
816 368 0 0.0196689336950337 0.00077243165366854341
824 368 0 0.019269920222503716 0.0008446128331495821
832 368 0 0.01881147908024915 0.00091030276152006401
840 368 0 0.018300217900512481 0.00096949057290133395
848 368 0 0.017743619837738717 0.0010221436212628603
856 368 0 0.017149572630993155 0.0010681769883295889
864 368 0 0.016525909911183686 0.0011074387487080232
872 368 0 0.015880021203610595 0.001139713254917395
880 368 0 0.015218576112215283 0.0011647426500737152
888 368 0 0.014547391370026554 0.0011822647033051439
896 368 0 0.013871449335274285 0.0011920631278759652
904 368 0 0.013195055979515716 0.0011940250019310764
912 368 0 0.012522108233431953 0.0011881989394160082
920 368 0 0.011856427023827061 0.0011748473605780255
928 368 0 0.011202104975673824 0.0011575690881018945
936 368 0 0.010563817167031055 0.0011378444194081877
944 368 0 0.009947049187792871 0.001111696767443153
952 368 0 0.0093582079444926147 0.0010805566924349894
960 368 0 0.0088045954821487984 0.001046098917925677
968 368 0 0.0082942425785520121 0.0010101693294735422
976 368 0 0.0078356150146710705 0.00097469588066805522
984 368 0 0.0074372194775017102 0.00094158938773213942
992 368 0 0.0071071466554694911 0.00091264098242718056
1000 368 0 0.0068525953874714494 0.00088942323638847333
1008 368 0 0.0066794233852898307 0.00087320168596509255
1016 368 0 0.0065917671936930548 0.00086486273060552843
0 376 0 1.7097580013402623e-07 1.0138037154397845e-07
8 376 0 1.8166388984269841e-07 1.0711849537782719e-07
16 376 0 2.0357027825992973e-07 1.1884530949718149e-07
24 376 0 2.3777454767403406e-07 1.3706813092391992e-07
32 376 0 2.8594533256526489e-07 1.6256386037666832e-07
40 376 0 3.5040321631528751e-07 1.9639940515960456e-07
48 376 0 4.3421088849047804e-07 2.3996111973995371e-07
56 376 0 5.4129588327766947e-07 2.9499517131772755e-07
64 376 0 6.7661234816904778e-07 3.6366116559115854e-07
72 376 0 8.4634914934280211e-07 4.4860167618619147e-07
80 376 0 1.0581920679910336e-06 5.5303042379206387e-07
88 376 0 1.3216477564390845e-06 6.8084165755122694e-07
96 376 0 1.6484364374998194e-06 8.3674272705168432e-07
104 376 0 2.0529590826980929e-06 1.02641086406927e-06
112 376 0 2.5528431803138425e-06 1.256673850648275e-06
120 376 0 3.1695695634086018e-06 1.5357126531741369e-06
128 376 0 3.9291816440104459e-06 1.8732824679322194e-06
136 376 0 4.8630784502365259e-06 2.2809472610988579e-06
144 376 0 6.0088947701981588e-06 2.7723221661254243e-06
152 376 0 7.411476020028052e-06 3.3633184013281971e-06
160 376 0 9.1239623909439339e-06 4.0723869930678023e-06
168 376 0 1.1209006058281922e-05 4.920760665307303e-06
176 376 0 1.3740155673376415e-05 5.9326976399787114e-06
184 376 0 1.6803452062808318e-05 7.1357362801866391e-06
192 376 0 2.0499285244989214e-05 8.56097459301085e-06
200 376 0 2.4944562139955296e-05 1.0243392306376204e-05
208 376 0 3.0275223133917268e-05 1.2222233998465145e-05
216 376 0 3.6649120940430096e-05 1.4541467994436419e-05
224 376 0 4.4249235366110908e-05 1.7250326121430763e-05
232 376 0 5.3287143401128449e-05 2.0403913232424579e-05
240 376 0 6.4006599493489786e-05 2.4063852997891359e-05
248 376 0 7.6687013655878409e-05 2.8298909492555126e-05
256 376 0 9.1646556620105147e-05 3.3185495762167377e-05
264 376 0 0.00010924458590039812 3.8807955483468709e-05
272 376 0 0.00012988308980046653 4.5258487747563861e-05
280 376 0 0.00015400690206450425 5.2636583985048798e-05
288 376 0 0.00018210255719411519 6.1047865534268281e-05
296 376 0 0.00021469583622151157 7.0602253866777764e-05
304 376 0 0.00025234828415338886 8.1411473407020708e-05
312 376 0 0.00029565323894837324 9.3585975378848415e-05
320 376 0 0.00034523215958602344 0.00010723147152779641
328 376 0 0.00040173222813165974 0.00012244536556351121
336 376 0 0.00046582627262554065 0.00013931345074230282
344 376 0 0.00053821596181888374 0.00015790728550886307
352 376 0 0.00061963892032578264 0.00017828264808373705
360 376 0 0.00071087988956464252 0.00020047939247925574
368 376 0 0.00081278533693341357 0.00022452287790403029
376 376 0 0.00092628005592206031 0.00025042692713250325
384 376 0 0.0010523834091739051 0.00027819800610455079
392 376 0 0.0011922220870378599 0.0003078400382088614
400 376 0 0.0013470357492115393 0.00033935901388256265
408 376 0 0.0015181718478568616 0.00037276637611884144
416 376 0 0.001707066427035065 0.00040808010055955798
424 376 0 0.0019152088230505095 0.00044532248101539478
432 376 0 0.0021440899306780148 0.00048451389608842373
440 376 0 0.0023951359198210007 0.00052566226469678758
448 376 0 0.0026696317420415679 0.00056874846460997766
456 376 0 0.0029686411160608911 0.0006137086279998866
464 376 0 0.0032929315252086741 0.00066041485836590679
472 376 0 0.003642913693203713 0.00070865643795250044
480 376 0 0.0040186046877328007 0.00075812391837493456
488 376 0 0.0044196220315754634 0.00080839852996928731
496 376 0 0.004845212976812242 0.00085894905886140221
504 376 0 0.0052943186589727376 0.00090913771971066256
512 376 0 0.0057656676827973433 0.00095823564142384025
520 376 0 0.0062578884990498506 0.0010054474772406485
528 376 0 0.0067696255425786344 0.0010499434845600304
536 376 0 0.0072996413572993888 0.0010908963530325503
544 376 0 0.0078468865450033332 0.0011275192531195587
552 376 0 0.0084105217782262827 0.0011591011700019718
560 376 0 0.008989881354720836 0.0011850356715279679
568 376 0 0.0095843754200871604 0.001204839861406291
576 376 0 0.010193337160660666 0.00121816134384139
584 376 0 0.010815830705803605 0.0012247724549611719
592 376 0 0.011450443694652731 0.0012245526226078648
600 376 0 0.012095093980365698 0.0012174612867360841
608 376 0 0.012746881546975545 0.0012079563518203901
616 376 0 0.013402013681250505 0.0012018240601827657
624 376 0 0.014055823737495454 0.001189336838733162
632 376 0 0.014702892186784243 0.0011702299347657111
640 376 0 0.01533726451018895 0.0011441854213823516
648 376 0 0.015952745889761463 0.0011108469868761593
656 376 0 0.016543239851531954 0.0010698484293740415
664 376 0 0.017103089209197033 0.001020853541686257
672 376 0 0.017627374562297477 0.00096360348653665509
680 376 0 0.018112129136010825 0.000897966612454143
688 376 0 0.01855443881339686 0.00082398509636111977
696 376 0 0.018952411636035778 0.00074191289536286106
704 376 0 0.019305019720913516 0.00065224023875846623
712 376 0 0.019611835696693496 0.00055570120316491764
720 376 0 0.019872702414235301 0.00045326263419540394
728 376 0 0.020087386109652199 0.00034609460830945307
736 376 0 0.020255267394091198 0.00023552455034532918
744 376 0 0.020375120497474808 0.00012297882481316844
752 376 0 0.020445019459453029 0.00018503815033637724
760 376 0 0.020462392044537966 0.00029728632096635843
768 376 0 0.020424220680793057 0.00040581183354884351
776 376 0 0.020327367912350985 0.00050937969526156784
784 376 0 0.020168985039824578 0.00060695424466552031
792 376 0 0.019946949684123597 0.00069772891418096172
800 376 0 0.01966027293029049 0.00078113698297802708
808 376 0 0.019309420254101518 0.00085684304663230168
816 376 0 0.018896502041365157 0.00092471692164081826
824 376 0 0.018425307389354134 0.0009847935278263914
832 376 0 0.017901176318729086 0.0010372237495426748
840 376 0 0.017330727327611147 0.001082222200600811
848 376 0 0.016721476216475857 0.0011200180951088448
856 376 0 0.016081395642663567 0.0011508150138590592
864 376 0 0.015418471162475663 0.0011747642886109893
872 376 0 0.0147403079486932 0.0011919551168896245
880 376 0 0.014053833462141568 0.0012024225461564914
888 376 0 0.01336512666672141 0.0012061723525787892
896 376 0 0.01267938620739832 0.0012032198288297238
904 376 0 0.012001030977584639 0.0011940250019310764
912 376 0 0.011333909294015945 0.0011881989394160082
920 376 0 0.010681579663249036 0.0011748473605780255
928 376 0 0.010047618360398414 0.0011544866152754102
936 376 0 0.0094359074017087222 0.0011279097653223331
944 376 0 0.0088508607778059398 0.0010961884099869312
952 376 0 0.00829755608044167 0.0010606518640509446
960 376 0 0.007781751417917827 0.0010228440642309714
968 376 0 0.0073097819999601958 0.00098446057859181632
976 376 0 0.0068883451764822036 0.00094726983818886699
984 376 0 0.0065241954228289099 0.00091302405467280027
992 376 0 0.0062237805176065791 0.00088336613786291207
1000 376 0 0.0059928561438585244 0.00085973924361292496
1008 376 0 0.0058361180107486445 0.00084330537454118618
1016 376 0 0.0057568884197134428 0.00083487877397961201
0 384 0 2.7235617167800468e-07 1.5774902631350315e-07
8 384 0 2.887823852205256e-07 1.663248310083109e-07
16 384 0 3.2241558775711122e-07 1.8383408143275872e-07
24 384 0 3.7484267859795398e-07 2.1099954990962982e-07
32 384 0 4.4850919294193321e-07 2.4892470186911757e-07
40 384 0 5.4680262147489207e-07 2.991185153301825e-07
48 384 0 6.7417200823043175e-07 3.6353137985757671e-07
56 384 0 8.3629105459539703e-07 4.4460454151392719e-07
64 384 0 1.0402735137602063e-06 5.4533615435650617e-07
72 384 0 1.2949508255289936e-06 6.6936744413470805e-07
80 384 0 1.6112224917830975e-06 8.2109265758004182e-07
88 384 0 2.0024894139903115e-06 1.0057962209754241e-06
96 384 0 2.4851791645515037e-06 1.2298197411212604e-06
104 384 0 3.0793699467673629e-06 1.5007600791395574e-06
112 384 0 3.8095170309621175e-06 1.8276977317812979e-06
120 384 0 4.7052822165827387e-06 2.2214523088258428e-06
128 384 0 5.8024641119426654e-06 2.6948592854936625e-06
136 384 0 7.1440257113353839e-06 3.2630598632163203e-06
144 384 0 8.781216936323583e-06 3.9437942246895954e-06
152 384 0 1.0774794421356249e-05 4.7576882888320727e-06
160 384 0 1.3196349384011736e-05 5.7285257540457342e-06
168 384 0 1.6129766723589225e-05 6.8835010513033478e-06
176 384 0 1.9672853313355127e-05 8.2534547450758885e-06
184 384 0 2.3939188342994957e-05 9.8731003702714663e-06
192 384 0 2.9060259838000064e-05 1.1781259567428228e-05
200 384 0 3.5187954446331499e-05 1.4021129016248856e-05
208 384 0 4.2497457132382413e-05 1.6640605986615491e-05
216 384 0 5.1190588934866515e-05 1.9692697085577067e-05
224 384 0 6.1499561487541671e-05 2.3236024975324833e-05
232 384 0 7.3691056633553027e-05 2.733542920033358e-05
240 384 0 8.8070452491381145e-05 3.2062629781595017e-05
248 384 0 0.00010498592314843354 3.7496887627747746e-05
256 384 0 0.00012483205238227252 4.3725557804735879e-05
264 384 0 0.00014805254138386683 5.084439602696654e-05
272 384 0 0.00017514157754803039 5.8957452710088246e-05
280 384 0 0.00020664348604955304 6.8176380632659973e-05
288 384 0 0.00024315042272838347 7.8618999245204455e-05
296 384 0 0.00028529809008828933 9.040700640360321e-05
304 384 0 0.00033375975756040957 0.00010366280850080772
312 384 0 0.00038923921432722165 0.0001185055491289748
320 384 0 0.00045246363111381985 0.00013504654490436441
328 384 0 0.00052417759369517095 0.00015338446915121062
336 384 0 0.00060513972336784347 0.00017360073891893406
344 384 0 0.00069612324732774681 0.00019575563469680611
352 384 0 0.00079792156840951969 0.00021988569227228058
360 384 0 0.00091135928204389826 0.00024600283442309588
368 384 0 0.0010373082148374439 0.00027409554778151679
376 384 0 0.0011767069830545636 0.00030413216157709061
384 384 0 0.0013305814152784559 0.0003360659698155165
392 384 0 0.0015000621252467213 0.00036984159218732076
400 384 0 0.0016863947630941019 0.00040540164013907012
408 384 0 0.001890938223975703 0.00044269249935116085
416 384 0 0.002115146527594623 0.00048166791452648218
424 384 0 0.0023605313040659043 0.00052228911356568854
432 384 0 0.0026286038267664385 0.00056452046339984172
440 384 0 0.0029207981845177883 0.00060832010915200154
448 384 0 0.0032383802066515456 0.00065362567973796179
456 384 0 0.0035823497440607777 0.00070033588155560701
464 384 0 0.0039533463835745809 0.00074828955487793013
472 384 0 0.0043515701311562134 0.00079724442504258176
480 384 0 0.0047767286061077352 0.0008468582303622612
488 384 0 0.0052280205615447507 0.00089667505404309334
496 384 0 0.0057041620356736442 0.00094611946431924412
504 384 0 0.0062034563786834002 0.00099450045881130638
512 384 0 0.0067239033242211836 0.0010410262549248638
520 384 0 0.0072633359762904991 0.0010848297632986351
528 384 0 0.0078195690271386648 0.001125003268857663
536 384 0 0.0083905377103319391 0.0011606395972500391
544 384 0 0.008974405798122892 0.0011908760432352179
552 384 0 0.0095696229482282544 0.0012149367414426501
560 384 0 0.010174917026248804 0.0012321690820148237
568 384 0 0.010789215281493451 0.0012420702603742097
576 384 0 0.011411498504502056 0.0012443010699629779
584 384 0 0.012040603160764777 0.001238685489678943
592 384 0 0.012674996317260595 0.0012251963087476451
600 384 0 0.013312555267101782 0.0012174612867360841
608 384 0 0.013950386676623686 0.0012035051296481417
616 384 0 0.014584717918262675 0.00118270423701217
624 384 0 0.015210885838613221 0.001155062101117767
632 384 0 0.015823436214956691 0.0011205440281724481
640 384 0 0.016416332059926087 0.0010790675497371373
648 384 0 0.01698325286671374 0.0010305069769522765
656 384 0 0.017517952307764741 0.00097471245623278677
664 384 0 0.018014631220696836 0.00091154201149980241
672 384 0 0.018468277890539116 0.00084090332824163921
680 384 0 0.018874929802751881 0.00076280066674105571
688 384 0 0.0192318202692956 0.0006773814558987401
696 384 0 0.019537388553166325 0.00058497691713054606
704 384 0 0.01979115124386575 0.00048613152295223436
712 384 0 0.019993452848457709 0.00038161715176421307
720 384 0 0.020145131749513545 0.00027242933527824378
728 384 0 0.020247150943000402 0.00015976483334820268
736 384 0 0.020300249103134795 0.00014647717695791609
744 384 0 0.020304665402728052 0.00026123094811823441
752 384 0 0.020259981309116652 0.00037379131511472083
760 384 0 0.020165105723571608 0.00048269546226048163
768 384 0 0.020018408847244214 0.00058656586119172974
776 384 0 0.019817988217089418 0.00068417337957091262
784 384 0 0.019562030795159058 0.00077448977859061532
792 384 0 0.019249220769942635 0.0008567249441413273
800 384 0 0.018879135947312463 0.00093034572252597217
808 384 0 0.018452577207469217 0.00099507510627528176
816 384 0 0.017971785119724339 0.0010508725427033072
824 384 0 0.017440513861527743 0.0010978980977060099
832 384 0 0.016863952569186411 0.0011364648805360193
840 384 0 0.016248505127010336 0.0011669853282761794
848 384 0 0.015601458121367012 0.0011899175180647079
856 384 0 0.014930580628804507 0.001205717547293041
864 384 0 0.014243706873864673 0.0012148032051731376
872 384 0 0.013548352831803575 0.0012175327446073501
880 384 0 0.012851410915985077 0.0012142007160447516
888 384 0 0.012158954314142621 0.0012061723525787892
896 384 0 0.011476166378568596 0.0012032198288297238
904 384 0 0.010807393159309779 0.0011936378182748602
912 384 0 0.010156301114596382 0.0011776081794195627
920 384 0 0.0095261093033305617 0.001155470359918474
928 384 0 0.0089198574103792564 0.0011277609500191573
936 384 0 0.0083406684668791593 0.0010952389348295628
944 384 0 0.0077919680152201366 0.0010588927625858032
952 384 0 0.0072776289558133412 0.0010199271246283288
960 384 0 0.0068020221161197497 0.00097972930179807734
968 384 0 0.0063699651350296663 0.00093981686493052954
976 384 0 0.005986574940465718 0.00090177023601648552
984 384 0 0.0056570404515804236 0.00086715497124848634
992 384 0 0.0053863410005002624 0.00083743951710631669
1000 384 0 0.0051789415751963127 0.00081391456866221172
1008 384 0 0.0050384979830014149 0.00079762002774722961
1016 384 0 0.0049676034592873964 0.00078928496042604632
0 392 0 4.3010519799150784e-07 2.4324294250060243e-07
8 392 0 4.551072162288365e-07 2.559267613018639e-07
16 392 0 5.0624966918986994e-07 2.8179919203164444e-07
24 392 0 5.858422285075838e-07 3.2187856393594514e-07
32 392 0 6.9743389481105079e-07 3.7771493128281885e-07
40 392 0 8.4592113680507457e-07 4.5141915940807313e-07
48 392 0 1.0377033880880085e-06 5.4570517453306181e-07
56 392 0 1.2808955961093242e-06 6.6394850435752931e-07
64 392 0 1.5856096681167125e-06 8.1026506280506881e-07
72 392 0 1.9643182696637016e-06 9.8961478616456821e-07
80 392 0 2.4323151493631393e-06 1.2079350215654553e-06
88 392 0 3.0082856349657356e-06 1.4723082904240688e-06
96 392 0 3.7149989056727641e-06 1.7911680024646828e-06
104 392 0 4.5801300259069203e-06 2.1745437490129387e-06
112 392 0 5.6372147627434154e-06 2.6343449475294286e-06
120 392 0 6.9267345254085815e-06 3.1846780051833876e-06
128 392 0 8.4973233974363279e-06 3.8421881868464582e-06
136 392 0 1.0407085574551704e-05 4.626413592386023e-06
144 392 0 1.2725011161013178e-05 5.5601358220932042e-06
152 392 0 1.5532482710188322e-05 6.669710872508763e-06
160 392 0 1.892487513805747e-05 7.9853653332648089e-06
168 392 0 2.3013267774892573e-05 9.5414475802970969e-06
176 392 0 2.7926308058431015e-05 1.1376631465000895e-05
184 392 0 3.3812288713266423e-05 1.3534080428271515e-05
192 392 0 4.0841519405428292e-05 1.6061591702532688e-05
200 392 0 4.9209083462580356e-05 1.9011751198605806e-05
208 392 0 5.9138063118997905e-05 2.2442137052833017e-05
216 392 0 7.0883286020443582e-05 2.6415610546474025e-05
224 392 0 8.4735586462866505e-05 3.1000724285508313e-05
232 392 0 0.00010102648583388661 3.6272257039624524e-05
240 392 0 0.00012013308227297616 4.2311851903015831e-05
248 392 0 0.00014248281077618128 4.9208691052438845e-05
256 392 0 0.0001685576101870084 5.7060090559572508e-05
264 392 0 0.00019889693741083337 6.5971849391303829e-05
272 392 0 0.00023409903025811864 7.6058147119679878e-05
280 392 0 0.00027481986668221302 8.7440765478676583e-05
288 392 0 0.00032176942197358792 0.00010024742001209615
296 392 0 0.00037570509649189254 0.00011460903769144144
304 392 0 0.0004374225660612173 0.00013065590820287876
312 392 0 0.00050774476345619645 0.00014851276793439181
320 392 0 0.00058751017601818426 0.00016829303619945123
328 392 0 0.00067756206284638157 0.00019009259462453429
336 392 0 0.00077874046228677753 0.00021398365776847917
344 392 0 0.00089187888202455292 0.00024000939658641249
352 392 0 0.0010178072606818003 0.00026818001682284934
360 392 0 0.0011573621164669941 0.00029847093732256733
368 392 0 0.0013114037626189607 0.00033082354452359749
376 392 0 0.0014808391446316542 0.00036514872028561027
384 392 0 0.0016666473850939724 0.00040133297051094387
392 392 0 0.0018699037174340421 0.00043924656080068293
400 392 0 0.002091796403233172 0.00047875264846325557
408 392 0 0.0023336307233268638 0.00051971605415373524
416 392 0 0.0025968144421211052 0.0005620101096470943
424 392 0 0.0028828204176315929 0.00060552000986618514
432 392 0 0.0031931242901662802 0.00065014132569265809
440 392 0 0.0035291182936697898 0.0006957728069684325
448 392 0 0.0038920058863895074 0.00074230329293295191
456 392 0 0.0042826856256163847 0.00078959338215217178
464 392 0 0.004701635938452511 0.00083745339429192392
472 392 0 0.0051488145561987952 0.00088561995817029119
480 392 0 0.0056235868364699964 0.00093373415504281482
488 392 0 0.006124695615587844 0.00098132441776652493
496 392 0 0.0066502814999928883 0.001027797254103225
504 392 0 0.0071979568374947065 0.0010724382955085267
512 392 0 0.0077649295791460474 0.0011144252020912227
520 392 0 0.0083481657395891341 0.0011528526736866666
528 392 0 0.0089445722959963277 0.0011867683744412431
536 392 0 0.0095511773075819782 0.0012152171590781406
544 392 0 0.01016528184135811 0.0012372897900045903
552 392 0 0.010784559689670905 0.0012521715354682356
560 392 0 0.011407086108263628 0.0012591857747674459
568 392 0 0.012031285541867661 0.0012578280738871732
576 392 0 0.012655799574465033 0.0012477871194527309
584 392 0 0.01327928865044372 0.001238685489678943
592 392 0 0.01390019262600824 0.0012251963087476451
600 392 0 0.014516484020430442 0.0012039287533286598
608 392 0 0.015125452278117655 0.0011750656014939687
616 392 0 0.015723556305645644 0.0011388383873829691
624 392 0 0.016306375682211736 0.0010954898435985155
632 392 0 0.01686867884477564 0.0010452426298189488
640 392 0 0.017404610708083943 0.00098827864815785593
648 392 0 0.017907984807632917 0.00092473194091917746
656 392 0 0.018372648773814455 0.00085469646604971472
664 392 0 0.018792879382693712 0.00077824816199687646
672 392 0 0.019163756770751984 0.00069547888021286725
680 392 0 0.019481468006774836 0.000606538204022955
688 392 0 0.019743498342605952 0.00051167807331035237
696 392 0 0.019948683175954298 0.00041129462278797352
704 392 0 0.020097113016996977 0.00030596177313122613
712 392 0 0.020189904718111551 0.00019645186965384226
720 392 0 0.020228871703574954 0.00010761667382779005
728 392 0 0.020216140879373606 0.00022097449723859283
736 392 0 0.020153771926176879 0.00033359143911775371
744 392 0 0.020043434454609817 0.00044414211916895055
752 392 0 0.019886189994001931 0.00055124676997192479
760 392 0 0.019682410261311126 0.00065353300180914786
768 392 0 0.019431842986052484 0.00074970154865744085
776 392 0 0.019133814837518505 0.00083858997249056447
784 392 0 0.018787541016568442 0.00091922839602245551
792 392 0 0.018392495825801308 0.00099088206551165708
800 392 0 0.017948790224786491 0.0010530768490124819
808 392 0 0.017457502101193935 0.0011056055193612406
816 392 0 0.016920912577021031 0.0011485146686845589
824 392 0 0.016342615763821733 0.001182074130385331
832 392 0 0.015727487688650392 0.0012067326130218679
840 392 0 0.015081519798734157 0.0012230646635350544
848 392 0 0.014411540603302304 0.001231714905455825
856 392 0 0.013724863081511466 0.0012333456399305602
864 392 0 0.013028903668691536 0.0012285933356773245
872 392 0 0.012330820087196225 0.0012180383374139157
880 392 0 0.011637210199940325 0.0012142007160447516
888 392 0 0.010953903550801766 0.001205050763340855
896 392 0 0.010285863128872646 0.0011903032496959499
904 392 0 0.0096371993413818767 0.0011701938179279024
912 392 0 0.0090112834189611558 0.0011450176956352264
920 392 0 0.0084109354307032504 0.0011151738726273112
928 392 0 0.0078386541423049374 0.001081203268074319
936 392 0 0.0072968528184413272 0.0010438156484378321
944 392 0 0.006788066756291334 0.0010039012589288026
952 392 0 0.0063151042193914132 0.00096252473642192797
960 392 0 0.0058811214260594919 0.00092090069006025774
968 392 0 0.0054896129679778303 0.00088035216705183595
976 392 0 0.0051443200604719521 0.00084225487999376597
984 392 0 0.0048490690441713403 0.00080797140740908324
992 392 0 0.0046075605137832348 0.00077878048671702754
1000 392 0 0.0044231346297927106 0.00075580694540360212
1008 392 0 0.0042985402260157912 0.00073995775698562378
1016 392 0 0.0042357342600118919 0.00073186919927550453
0 400 0 6.7334814049211027e-07 3.716688315850719e-07
8 400 0 7.110339775307004e-07 3.9023190516093657e-07
16 400 0 7.8804886122151438e-07 4.2806235454486855e-07
24 400 0 9.0772079244352894e-07 4.865785280700193e-07
32 400 0 1.0751488260938696e-06 5.679331211477061e-07
40 400 0 1.2973402962131477e-06 6.7504574295517154e-07
48 400 0 1.5834085626210703e-06 8.1165048248451592e-07
56 400 0 1.9448441004668535e-06 9.8236234563024778e-07
64 400 0 2.3958747309217813e-06 1.1927675849709932e-06
72 400 0 2.9539330558282698e-06 1.4495439147028312e-06
80 400 0 3.6402501709285946e-06 1.7606171259842869e-06
88 400 0 4.4805939253898044e-06 2.1353603792854741e-06
96 400 0 5.5061669081374469e-06 2.5848411457507175e-06
104 400 0 6.754673774919859e-06 3.122118174381243e-06
112 400 0 8.271559710272844e-06 3.762586910841254e-06
120 400 0 1.0111412530591969e-05 4.5243666574198843e-06
128 400 0 1.2339511584282786e-05 5.428716904307482e-06
136 400 0 1.5033499166937727e-05 6.5004644504252921e-06
144 400 0 1.8285146983106383e-05 7.7684182061151992e-06
152 400 0 2.2202193582697085e-05 9.2657461259375541e-06
160 400 0 2.6910240471322279e-05 1.103028972667616e-05
168 400 0 3.2554715355189669e-05 1.3104796998525345e-05
176 400 0 3.930293952343191e-05 1.553706455531009e-05
184 400 0 4.7346369141537938e-05 1.8379994103232304e-05
192 400 0 5.6903111107960981e-05 2.1691585217322437e-05
200 400 0 6.8220834661186162e-05 2.5534903384344236e-05
208 400 0 8.1580200171830922e-05 2.9978075720173407e-05
216 400 0 9.7298896566917607e-05 3.5094372527850174e-05
224 400 0 0.00011573631074837482 4.0962426790302892e-05
232 400 0 0.00013729874287351113 4.7666622511442812e-05
240 400 0 0.00016244493417599199 5.5297645055562455e-05
248 400 0 0.00019169150182862013 6.3953133514460503e-05
256 400 0 0.00022561770074658091 7.3738311249199785e-05
264 400 0 0.00026486878680213719 8.4766404297014169e-05
272 400 0 0.00031015717737779852 9.7158599687851156e-05
280 400 0 0.0003622606321608896 0.00011104326032653763
288 400 0 0.00042201684198568408 0.00012655411360750423
296 400 0 0.00049031413418333398 0.00014382717871963937
304 400 0 0.00056807847426409606 0.00016299629904844334
312 400 0 0.00065625753139058826 0.00018418729999457057
320 400 0 0.00075580321221763549 0.00020751098825363046
328 400 0 0.00086765465747091586 0.0002330554254068762
336 400 0 0.0009927241200552567 0.00026087811678098699
344 400 0 0.0011318882786109654 0.00029099892008412477
352 400 0 0.0012859872775046496 0.00032339456013668255
360 400 0 0.0014558330537895615 0.00035799560373447306
368 400 0 0.0016422273071425581 0.00039468658146773312
376 400 0 0.0018459878649172644 0.00043330963797242857
384 400 0 0.0020679803556049163 0.00047367166739417784
392 400 0 0.002309150278234725 0.00051555438895043923
400 400 0 0.0025705490516964276 0.00055872630149355305
408 400 0 0.0028533467774805991 0.00060295500347041456
416 400 0 0.0031588245517681995 0.00064801805745936039
424 400 0 0.003488340427497778 0.00069371048984999666
432 400 0 0.0038432656158589383 0.00073984719752350761
440 400 0 0.0042248911006382223 0.00078625900189829324
448 400 0 0.0046343091793224593 0.00083278182158294696
456 400 0 0.0050722790077685565 0.0008792393587933817
464 400 0 0.0055390893327444349 0.00092542070255922752
472 400 0 0.0060344345143690864 0.00097105520668186365
480 400 0 0.0065573209915128113 0.0010157877557869241
488 400 0 0.007106020033354369 0.0010591579541120045
496 400 0 0.0076780787540961133 0.0011005867588292119
504 400 0 0.0082703951330032333 0.0011393735863187236
512 400 0 0.0088793547812372701 0.0011747059656060377
520 400 0 0.0095010184132758007 0.0012056824870557842
528 400 0 0.010131340670437571 0.001231348246793558
536 400 0 0.010766394466660119 0.001250740412167127
544 400 0 0.0114025716313627 0.0012629401423368755
552 400 0 0.01203673122513914 0.0012671260894496581
560 400 0 0.012666271883031073 0.0012626242356409377
568 400 0 0.013289113615754834 0.0012578280738871732
576 400 0 0.013903586693917764 0.0012477871194527309
584 400 0 0.014508238963912403 0.0012289503134686828
592 400 0 0.015101586193305974 0.0012013935672977333
600 400 0 0.015681840693257204 0.0011653566728267624
608 400 0 0.016246659612798274 0.0011212073346806191
616 400 0 0.016792954602314166 0.0010693982966685223
624 400 0 0.017316798492894556 0.0010104228106828199
632 400 0 0.017813452713862667 0.00094477386908702748
640 400 0 0.018277522836245466 0.00087291212816152305
648 400 0 0.018703231159804632 0.00079524635217171485
656 400 0 0.019084777416479647 0.00071212864266519127
664 400 0 0.019416744261925856 0.0006238648792321437
672 400 0 0.019694495680125591 0.00053073890937360702
680 400 0 0.019914515317275658 0.00043304731050082187
688 400 0 0.02007463854725525 0.00033114020464929811
696 400 0 0.020174145962469456 0.00022546278651515775
704 400 0 0.020213705032507048 0.00011659201551007109
712 400 0 0.020195168059046635 0.00018655443083823164
720 400 0 0.020121255029747164 0.00029628622246603148
728 400 0 0.019995166382135013 0.00040488793074575438
736 400 0 0.019820180487059125 0.00051130133442080922
744 400 0 0.019599292335440867 0.00061436907119006082
752 400 0 0.019334943224030007 0.00071287698511175723
760 400 0 0.019028877259501979 0.00080560796153488282
768 400 0 0.018682141437395043 0.00089140237802684888
776 400 0 0.01829522486502794 0.000969219446108633
784 400 0 0.017868312620545987 0.0010381934822359315
792 400 0 0.01740161376028965 0.0010976795678633681
800 400 0 0.016895713375774009 0.001147284104103332
808 400 0 0.016351896581832694 0.0011868773290059885
816 400 0 0.015772397908336473 0.0012165867727778144
824 400 0 0.015160541633436402 0.0012367726599382799
832 400 0 0.014520755075628524 0.0012479881884568979
840 400 0 0.013858455135199102 0.0012509291945677799
848 400 0 0.013179825697846479 0.0012463787578832521
856 400 0 0.012491517441580906 0.0012351526895087242
864 400 0 0.011800310333014211 0.0012285933356773245
872 400 0 0.01111278174978231 0.0012180383374139157
880 400 0 0.010435019760998487 0.0012021904389418383
888 400 0 0.0097724125460332562 0.00118149100476851
896 400 0 0.0091295328059703123 0.0011563303229023339
904 400 0 0.0085101222699181731 0.0011270770714637036
912 400 0 0.0079171680269834854 0.0010941153919776705
920 400 0 0.0073530511965704953 0.0010578842341327551
928 400 0 0.0068197406951423963 0.0010189134471625411
936 400 0 0.0063190012806396368 0.0009778515378016904
944 400 0 0.0058525857417099682 0.00093548101458136579
952 400 0 0.0054223855657979502 0.00089271865359346302
960 400 0 0.0050305217516766147 0.00085059967438287729
968 400 0 0.0046793664519212252 0.00081024651605660514
976 400 0 0.0043714955866717064 0.00077282447380024565
984 400 0 0.0041095812982099144 0.00073948774596142592
992 400 0 0.0038962401678259407 0.00071132034595729416
1000 400 0 0.0037338578358423928 0.00068927679395031777
1008 400 0 0.0036244127165513487 0.00067412750946444248
1016 400 0 0.0035693208534696109 0.00066641340654228099
0 408 0 1.0450169720771822e-06 5.6272019849695924e-07
8 408 0 1.101265882691637e-06 5.8960031168115256e-07
16 408 0 1.2161112157663829e-06 6.4433147745893014e-07
24 408 0 1.3942993205135482e-06 7.2886578264742189e-07
32 408 0 1.6430819472415757e-06 8.4615776077085602e-07
40 408 0 1.9723860391683192e-06 1.0001986906837075e-06
48 408 0 2.3950590451055862e-06 1.1960670603973751e-06
56 408 0 2.9272064460971013e-06 1.4399998517960794e-06
64 408 0 3.5886423158927745e-06 1.7394908993894295e-06
72 408 0 4.403476970531101e-06 2.1034240231389385e-06
80 408 0 5.4008672969128815e-06 2.5422495536959414e-06
88 408 0 6.6159543046752785e-06 3.0682128032131487e-06
96 408 0 8.0910080538881644e-06 3.6956415267876753e-06
104 408 0 9.8767919493011019e-06 4.4412961020758473e-06
112 408 0 1.2034146621114098e-05 5.3247808668299323e-06
120 408 0 1.4635779188011853e-05 6.3690079519482526e-06
128 408 0 1.7768228488590268e-05 7.6006965909662025e-06
136 408 0 2.1533963617363019e-05 9.0508822768705429e-06
144 408 0 2.6053565189221582e-05 1.0755402678013443e-05
152 408 0 3.1467939708634639e-05 1.2755322591286084e-05
160 408 0 3.794053019799844e-05 1.5097260112219241e-05
168 408 0 4.5659512353715014e-05 1.7833582056752233e-05
176 408 0 5.4840004078742e-05 2.1022449221605819e-05
184 408 0 6.5726363244770242e-05 2.472771100465383e-05
192 408 0 7.8594696325283417e-05 2.9018672544560122e-05
200 408 0 9.3755738045530398e-05 3.3969782698667583e-05
208 408 0 0.00011155827589200433 3.9660313288793707e-05
216 408 0 0.00013239326909476778 4.6174113573950953e-05
224 408 0 0.00015669873753867771 5.3599523125345247e-05
232 408 0 0.00018496536538495394 6.2029506304022591e-05
240 408 0 0.00021774257923155445 7.1562029579080101e-05
248 408 0 0.00025564463534308063 8.2300639476189335e-05
256 408 0 0.0002993560119957807 9.4355118770717288e-05
264 408 0 0.00034963519109915136 0.00010784201108546379
272 408 0 0.00040731577706564967 0.00012288472312337918
280 408 0 0.00047330389248742723 0.00013961285625395029
288 408 0 0.00054857095559318831 0.00015816040284389362
296 408 0 0.00063414131290297335 0.00017866248320547932
304 408 0 0.0007310747733125394 0.0002012504063747156
312 408 0 0.00084044483138515883 0.00022604501325561202
320 408 0 0.00096331420047126594 0.00025314849362476446
328 408 0 0.0011007100828777921 0.00028263513613840312
336 408 0 0.0012536022368362437 0.00031454173818949282
344 408 0 0.0014228871986950902 0.00034885862714209809
352 408 0 0.0016093818376413322 0.00038552238009960512
360 408 0 0.0018138286575240345 0.00042441133425348619
368 408 0 0.0020369138886102913 0.00046534482474844827
376 408 0 0.002279297502889693 0.00050808676265491712
384 408 0 0.0025416520229990941 0.00055235368848730211
392 408 0 0.0028247046671851643 0.00059782685109014246
400 408 0 0.0031292753531899807 0.00064416723774051625
408 408 0 0.0034563017809510137 0.00069103190786935385
416 408 0 0.0038068426092275598 0.00073808955613943522
424 408 0 0.0041820509173477747 0.00078503303979434152
432 408 0 0.0045831128133824459 0.00083158671641916492
440 408 0 0.0050111501025365155 0.00087750688070217884
448 408 0 0.0054670910009054063 0.00092257434454837573
456 408 0 0.0059515183665619382 0.00096657920538714519
464 408 0 0.0064645100353036625 0.0010092989777870784
472 408 0 0.00700548972105095 0.0010504723746662219
480 408 0 0.0075731087472997354 0.0010897719530793158
488 408 0 0.0081651779874663735 0.0011267794317266419
496 408 0 0.0087786655129253252 0.0011609676229973227
504 408 0 0.0094097687193219568 0.0011916925372346798
512 408 0 0.010054060746843308 0.0012181983169436035
520 408 0 0.010706700900331585 0.0012396363246582696
528 408 0 0.011362688917231129 0.0012550980890261056
536 408 0 0.012017134878827246 0.001263660108434846
544 408 0 0.012665511773699576 0.0012644369429725064
552 408 0 0.013303857314588798 0.0012671260894496581
560 408 0 0.013928896118672011 0.0012626242356409377
568 408 0 0.01453806259337242 0.0012489489776175856
576 408 0 0.015129417853094254 0.0012258311591764898
584 408 0 0.015701469055819171 0.0011932300919067686
592 408 0 0.016252914531391598 0.0011513283380856238
600 408 0 0.016782350637659007 0.0011005099444018028
608 408 0 0.017287984284067005 0.0010413246712687313
616 408 0 0.017767396929609661 0.00097444232729549524
624 408 0 0.018217400890043624 0.00090060239714906745
632 408 0 0.018634017326024151 0.00082056461216148402
640 408 0 0.019012588740723514 0.00073506590447804804
648 408 0 0.019348019498733309 0.0006447883389286771
656 408 0 0.019635118657195222 0.00055034124071557528
664 408 0 0.019869003262565191 0.0004522590006393358
672 408 0 0.020045509829968302 0.00035101414984271134
680 408 0 0.020161558788963318 0.00024704347168766003
688 408 0 0.020215421911887868 0.00014078336463261773
696 408 0 0.020206855519131438 0.00016135309082996804
704 408 0 0.02013708074937192 0.0002680927300622131
712 408 0 0.020008613628208403 0.0003735210860890438
720 408 0 0.019824968807281133 0.00047699129410021593
728 408 0 0.019590278451389258 0.00057775521758696852
736 408 0 0.019308879152638316 0.00067496213642530972
744 408 0 0.018984923264250806 0.00076767372774539169
752 408 0 0.018622066238918249 0.0008548946453803101
760 408 0 0.018223269297967096 0.00093561617183008164
768 408 0 0.017790739059368194 0.0010088688414934821
776 408 0 0.017326005418919307 0.0010737788005537423
784 408 0 0.016830119138310055 0.0011296221174114836
792 408 0 0.016303934192426282 0.0011758713639373388
800 408 0 0.015748429271670677 0.0012122295515712249
808 408 0 0.015165019252826706 0.0012386478469231209
816 408 0 0.014555811135558658 0.0012553252554372753
824 408 0 0.013923768973498122 0.0012626904393858492
832 408 0 0.013272766887171626 0.001261367788387549
840 408 0 0.012607525940631322 0.0012521315481867218
848 408 0 0.011933446939963227 0.0012463787578832521
856 408 0 0.011256364752072182 0.0012351526895087242
864 408 0 0.010582258799360623 0.0012180515336535878
872 408 0 0.0099169580026569597 0.0011958237471253498
880 408 0 0.0092658765310471292 0.0011691432299513575
888 408 0 0.0086338099884968305 0.0011386025575364257
896 408 0 0.0080248114648640619 0.0011047213411062504
904 408 0 0.0074421549145288167 0.0010679673553893564
912 408 0 0.006888381395503713 0.0010287866314797724
920 408 0 0.0063654134195137877 0.00098763777705670758
928 408 0 0.0058747152515635243 0.00094502544357887193
936 408 0 0.0054174731596023269 0.00090152812103730991
944 408 0 0.0049947694996133564 0.00085781624209661182
952 408 0 0.004607727769811918 0.00081465779598603218
960 408 0 0.0042576116254698449 0.00077291012620676978
968 408 0 0.0039458683144727533 0.00073349813744847184
976 408 0 0.0036741149907109122 0.00069738059596079422
984 408 0 0.0034440738680027202 0.00066550743020719417
992 408 0 0.0032574683477371658 0.00063877182008877488
1000 408 0 0.0031158964927127729 0.00061796134312961997
1008 408 0 0.0030207002081913846 0.00060371250835996411
1016 408 0 0.0029728481784693527 0.00059647267500025818
0 416 0 1.6077371705741414e-06 8.4415734390740655e-07
8 416 0 1.6908661943727895e-06 8.8266549566375484e-07
16 416 0 1.8604426932253131e-06 9.6100365722455078e-07
24 416 0 2.1231651031609701e-06 1.0818253032903832e-06
32 416 0 2.4892397080124318e-06 1.2491359083005098e-06
40 416 0 2.9725847298520267e-06 1.468325919891188e-06
48 416 0 3.5911261055029613e-06 1.7462197864189606e-06
56 416 0 4.3672062978931807e-06 2.0911464290858078e-06
64 416 0 5.328133215282204e-06 2.5130387592800808e-06
72 416 0 6.5069009936700395e-06 3.023571993467002e-06
80 416 0 7.9431168506088229e-06 3.6363520890622347e-06
88 416 0 9.6841671078884272e-06 4.3671659669590521e-06
96 416 0 1.178664958067584e-05 5.2343036214470957e-06
104 416 0 1.4318088051376949e-05 6.2589581703795514e-06
112 416 0 1.735892748794403e-05 7.4657030509804095e-06
120 416 0 2.1004787139960106e-05 8.8830360212297065e-06
128 416 0 2.5368925079556471e-05 1.054396803488626e-05
136 416 0 3.0584845894233562e-05 1.2486622690614175e-05
144 416 0 3.6808967867235024e-05 1.4754800673350945e-05
152 416 0 4.4223262299920723e-05 1.7398455704731971e-05
160 416 0 5.303779031021768e-05 2.0474026434241841e-05
168 416 0 6.3493094410467247e-05 2.4044574583633984e-05
176 416 0 7.5862453300347819e-05 2.8179694854727131e-05
184 416 0 9.0454074249424072e-05 3.2955186645818428e-05
192 416 0 0.00010761336886984354 3.8452509738788916e-05
200 416 0 0.00012772552074419798 4.4758082038859668e-05
208 416 0 0.00015121858918079804 5.1962511440940097e-05
216 416 0 0.00017856738266871873 6.015987875354796e-05
224 416 0 0.00021029826066402296 6.9447196568153343e-05
232 416 0 0.00024699487168897653 7.9924153012952558e-05
240 416 0 0.00028930460881063455 9.1693204811336244e-05
248 416 0 0.00033794527481926997 0.00010486001026925834
256 416 0 0.00039371113076649798 0.00011953409433290723
264 416 0 0.00045747720218461516 0.00013582952530125059
272 416 0 0.00053020050018902885 0.00015386527256912308
280 416 0 0.00061291674874137752 0.00017376482777217337
288 416 0 0.00070673135843708193 0.00019565463060463412
296 416 0 0.00081280379610845267 0.00021966086628582074
304 416 0 0.000932325179687255 0.00024590430899498685
312 416 0 0.0010664898446407708 0.00027449307909383695
320 416 0 0.0012164626940960304 0.00030551345239484586
328 416 0 0.0013833452190161952 0.00033901918241792894
336 416 0 0.0015681439750257365 0.00037502013198918238
344 416 0 0.0017717458258371883 0.00041347130780117832
352 416 0 0.0019949042177409373 0.00045426359471861842
360 416 0 0.0022382399917775207 0.00049721754315022694
368 416 0 0.0025022587133587395 0.00054208143328112173
376 416 0 0.0027873842655446101 0.00058853450730245735
384 416 0 0.0030940057114863962 0.000636195737434449
392 416 0 0.0034225315182753067 0.00068463782881751731
400 416 0 0.0037734425909304969 0.00073340541866410069
408 416 0 0.0041473336888203675 0.00078203572660013286
416 416 0 0.0045449321653669951 0.00083007934723322227
424 416 0 0.0049670839571421162 0.00087711856078282781
432 416 0 0.0054146995298016108 0.00092278055406175286
440 416 0 0.0058886569832386944 0.00096674333548596881
448 416 0 0.006389665345453782 0.0010087328855925256
456 416 0 0.0069180975719490834 0.0010485111433845649
464 416 0 0.0074738090130907408 0.0010858556701275985
472 416 0 0.0080559620957171719 0.0011205330969571003
480 416 0 0.0086628807003790512 0.0011522695718806271
488 416 0 0.0092919574191930154 0.0011807222023021719
496 416 0 0.0099396331359226479 0.0012054558006446281
504 416 0 0.010601461256556637 0.0012259289992428684
512 416 0 0.011272259063786911 0.0012414929960179524
520 416 0 0.011946337224989854 0.0012514048937772183
528 416 0 0.012617787006257234 0.0012550980890261056
536 416 0 0.013280794987262092 0.001263660108434846
544 416 0 0.013929948716672082 0.0012644369429725064
552 416 0 0.014560495123235404 0.001256637808646606
560 416 0 0.015168517317028464 0.0012396211983564526
568 416 0 0.015751004595541667 0.0012129420021692473
576 416 0 0.016305804065220583 0.0011763862121263284
584 416 0 0.01683145856894357 0.0011299895131243985
592 416 0 0.017326952271370658 0.0010740377399790606
600 416 0 0.017791399756692517 0.0010090491190335102
608 416 0 0.018223724458722321 0.00093574017465531539
616 416 0 0.018622375858699566 0.000854978929089905
624 416 0 0.018985131240333297 0.00076773035028967346
632 416 0 0.019309017079726251 0.00067499975370209978
640 416 0 0.019590368701143616 0.00057777996042010157
648 416 0 0.019825026953804604 0.00047700745507129466
656 416 0 0.020008650305336974 0.00037353164814175194
664 416 0 0.020137103031376828 0.00026809976881163669
672 416 0 0.020206867910569873 0.00016135808060157089
680 416 0 0.020215427019533792 0.0001407789247553394
688 416 0 0.020161557732253931 0.00024703956795428528
696 416 0 0.02004550242830147 0.00035100987153599203
704 416 0 0.019868988019309707 0.00045225338066367041
712 416 0 0.01963509254211936 0.00055033308411598855
720 416 0 0.019347977513180917 0.00064477602668798137
728 416 0 0.01901252323380229 0.00073504715138134405
736 416 0 0.018633917016213006 0.00082053615646402248
744 416 0 0.018217249536505414 0.00090055959857885184
752 416 0 0.017767171593537939 0.00097437864927651247
760 416 0 0.017287653126137014 0.0010412310241221141
768 416 0 0.016781870217874712 0.001100373869910562
776 416 0 0.016252226618365565 0.0011511330237200159
784 416 0 0.015700497020898572 0.0011929532169770597
792 416 0 0.015128062828488944 0.0012254435971420074
800 416 0 0.014536199720099452 0.0012484134106432593
808 416 0 0.013926371405903585 0.0012618937808795538
816 416 0 0.013300485880121383 0.0012661430924061166
824 416 0 0.012661078534112273 0.0012626904393858492
832 416 0 0.012011399098784077 0.001261367788387549
840 416 0 0.011355394392444601 0.0012521315481867218
848 416 0 0.010697593909141469 0.0012358530308217586
856 416 0 0.010042918220469755 0.001213446531602427
864 416 0 0.0093964392983802679 0.0011858195009803556
872 416 0 0.0087631262161267202 0.0011538317865302395
880 416 0 0.0081476090510170292 0.0011182674800300999
888 416 0 0.0075539887357313719 0.0010798212527654586
896 416 0 0.0069857122086685536 0.0010390992561955083
904 416 0 0.0064455219810830196 0.00099663293344579712
912 416 0 0.0059354787575240662 0.0009529026379796468
920 416 0 0.005457046468837449 0.00090836695067633873
928 416 0 0.0050112221299875607 0.00086349312157596361
936 416 0 0.0045986889989722063 0.00081878416063012067
944 416 0 0.0042199707843006999 0.00077479871531265648
952 416 0 0.0038755668738349471 0.00073216089597697093
960 416 0 0.0035660531284247604 0.00069155849704508445
968 416 0 0.0032921388637554725 0.0006537294507172808
976 416 0 0.0030546773094300627 0.00061943768128084947
984 416 0 0.0028546332021963674 0.00058944066580635286
992 416 0 0.0026930164985822418 0.000564451849154924
1000 416 0 0.0025707949462356614 0.00054510154647711149
1008 416 0 0.0024888001340877238 0.00053190007410366079
1016 416 0 0.002447641583135872 0.00052520659533348071
0 424 0 2.451894514481548e-06 1.2546374632363339e-06
8 424 0 2.5735316900365444e-06 1.3092102687408117e-06
16 424 0 2.8214463504498639e-06 1.4201319744892093e-06
24 424 0 3.2049904064513533e-06 1.5909627075824089e-06
32 424 0 3.7383756163129415e-06 1.8270631906634372e-06
40 424 0 4.4409106497432148e-06 2.1356216816420515e-06
48 424 0 5.3373458919219219e-06 2.525694755621612e-06
56 424 0 6.4583527269789885e-06 3.0082678514158415e-06
64 424 0 7.8411719745622848e-06 3.5963445432668409e-06
72 424 0 9.5304729871370415e-06 4.3050766758637109e-06
80 424 0 1.1579468939671058e-05 5.1519501081682714e-06
88 424 0 1.4051333074847479e-05 6.1570419406726134e-06
96 424 0 1.7020953202122935e-05 7.3433637697947101e-06
104 424 0 2.0577046221756501e-05 8.7373008445254911e-06
112 424 0 2.482463053892444e-05 1.0369148435173283e-05
120 424 0 2.9887823161189812e-05 1.2273734245532012e-05
128 424 0 3.591289311444273e-05 1.4491100027742464e-05
136 424 0 4.3071468584847737e-05 1.7067198266286971e-05
144 424 0 5.156376854058597e-05 2.0054543300610699e-05
152 424 0 6.1621718004652694e-05 2.3512743639380056e-05
160 424 0 7.3511816744459521e-05 2.7508836871187334e-05
168 424 0 8.7537668994101231e-05 3.2117353642590761e-05
176 424 0 0.00010404214815507495 3.7420054880719222e-05
184 424 0 0.0001234092608952425 4.3505317368851493e-05
192 424 0 0.00014606587860863245 5.0467185246062118e-05
200 424 0 0.00017248360278305765 5.8404154626552846e-05
208 424 0 0.00020318110062173813 6.7417808268573933e-05
216 424 0 0.00023872726142226669 7.7611457843284497e-05
224 424 0 0.0002797454572321763 8.9088972552978497e-05
232 424 0 0.00032691902470192909 0.00010195396486107732
240 424 0 0.00038099781362197079 0.00011630945971004096
248 424 0 0.00044280528508852831 0.00013225809026759365
256 424 0 0.00051324522509940522 0.00014990274490067363
264 424 0 0.00059330672748586575 0.00016934744828616983
272 424 0 0.00068406577275815193 0.0001906981134833759
280 424 0 0.00078668157651355089 0.00021406267672494051
288 424 0 0.00090238598904171605 0.00023955005111372485
296 424 0 0.0010324646623942734 0.00026726733665413714
304 424 0 0.0011782294886822418 0.00029731482301513555
312 424 0 0.0013409829237346078 0.00032977852731074734
320 424 0 0.0015219761464908763 0.00036472031500351374
328 424 0 0.0017223644014341241 0.00040216603206732321
336 424 0 0.0019431641070149189 0.00044209248659966274
344 424 0 0.0021852171336383666 0.00048441449911981044
352 424 0 0.0024491678124595557 0.00052897352598926545
360 424 0 0.0027354575349277477 0.00057552948492299756
368 424 0 0.0030443401466398613 0.00062375732400291517
376 424 0 0.0033759187728470675 0.00067324954909202565
384 424 0 0.0037302014489208452 0.00072352536565813705
392 424 0 0.004107169347092824 0.00077404634441376359
400 424 0 0.0045068480095945976 0.00082423766748596951
408 424 0 0.0049293694154205004 0.00087351316403117257
416 424 0 0.0053750115126002173 0.00092130162796789841
424 424 0 0.005844202517924944 0.00096707144991395582
432 424 0 0.0063374800838633637 0.0010103504917840607
440 424 0 0.0068554003187246632 0.0010507384453499113
448 424 0 0.0073983982310463076 0.0010879096487960444
456 424 0 0.0079666087153336482 0.0011216054284987412
464 424 0 0.0085596646832183394 0.0011516163674637151
472 424 0 0.0091764951926742722 0.0011777563103616429
480 424 0 0.0098151502722596783 0.0011998312053532797
488 424 0 0.010472679621495187 0.001217606863771167
496 424 0 0.011145088936567276 0.0012307802294957634
504 424 0 0.011827390255799505 0.0012389586862646615
512 424 0 0.012513752059804864 0.0012416512641357444
520 424 0 0.013197742118767073 0.0012514048937772183
528 424 0 0.013872642952794192 0.0012548559465369574
536 424 0 0.014531808213174227 0.001251013225912135
544 424 0 0.015169020215933726 0.0012390714992616438
552 424 0 0.015778805820082252 0.0012183106968468478
560 424 0 0.016356670748307291 0.0011881534312788277
568 424 0 0.016899221345834943 0.0011482167502932759
576 424 0 0.017404156768817076 0.0010983527035964939
584 424 0 0.017870131917084559 0.0010386733481409886
592 424 0 0.018296509654367785 0.00096955738299712643
600 424 0 0.018683037265284298 0.00089163750859178048
608 424 0 0.019029494077703199 0.00080576961898087829
616 424 0 0.019335362682111081 0.00071298682341151484
624 424 0 0.019599574078300454 0.00061444283796715723
632 424 0 0.019820367398182125 0.00051135031845587348
640 424 0 0.019995288815987593 0.00040492011484397766
648 424 0 0.020121334135742831 0.0002963071819382275
656 424 0 0.020195218326211625 0.00018656802087465077
664 424 0 0.020213736188582195 0.00011658084937627225
672 424 0 0.020174164351831544 0.00022545546303310432
680 424 0 0.020074648094778453 0.00033113512869156411
688 424 0 0.019914518164299646 0.00043304332107646504
696 424 0 0.019694492556765478 0.00053073507078408091
704 424 0 0.019416734638646037 0.00062386030759228883
712 424 0 0.019084759458003371 0.00071212234536613059
720 424 0 0.018703201486492935 0.00079523706004993103
728 424 0 0.018277476082420946 0.00087289810125328396
736 424 0 0.017813380859748984 0.00094475265720370474
744 424 0 0.017316689937926562 0.0010103909500977087
752 424 0 0.016792792944261427 0.0010693509245791356
760 424 0 0.0162464221020149 0.0011211377046121511
768 424 0 0.01568149634796415 0.0011652555577913466
776 424 0 0.015101093594645549 0.0012012485445529169
784 424 0 0.014507543803921512 0.0012287449365452566
792 424 0 0.013902619231346936 0.001247500001272106
800 424 0 0.013287786309456193 0.0012574319307524541
808 424 0 0.012664477625024031 0.0012618937808795538
816 424 0 0.012034342787715266 0.0012661430924061166
824 424 0 0.011399443173211484 0.001261635360900789
832 424 0 0.010762366205057435 0.0012490328937266419
840 424 0 0.010126248106068084 0.0012291462863765167
848 424 0 0.0094947077689186091 0.0012028861402228596
856 424 0 0.0088717065539305594 0.0011712116665391955
864 424 0 0.0082613578212946005 0.0011350814770856674
872 424 0 0.0076677148604738891 0.0010954113556528311
880 424 0 0.0070945663063336443 0.001053042744683385
888 424 0 0.0065452645133749548 0.001008724222356417
896 424 0 0.0060226056195464665 0.00096310658912208708
904 424 0 0.0055287714362899998 0.00091675054479301975
912 424 0 0.0050653342381301279 0.00087014451939393823
920 424 0 0.0046333172851548369 0.00082372918368261213
928 424 0 0.0042332975200486339 0.00077792460993892677
936 424 0 0.0038655329853041578 0.00073315601366804846
944 424 0 0.0035300963350463682 0.0006898744492543317
952 424 0 0.0032269972054188726 0.00064856966841607454
960 424 0 0.0029562796767266647 0.00060977345169809568
968 424 0 0.0027180859201830134 0.00057405294357245912
976 424 0 0.0025126825938636779 0.00054199471556638486
984 424 0 0.002340451880287133 0.00051418132190923435
992 424 0 0.0022018535972711225 0.00049116290131111934
1000 424 0 0.0020973680904310095 0.00047342685580465185
1008 424 0 0.0020274313547588583 0.00046136877932886552
1016 424 0 0.0019923739584590304 0.00045526762467684159
0 432 0 3.7065319777178819e-06 1.847316281384659e-06
8 432 0 3.8827419587773561e-06 1.9238171546802389e-06
16 432 0 4.2415783249390731e-06 2.0791723877880492e-06
24 432 0 4.7959531140337622e-06 2.3180931968841789e-06
32 432 0 5.5654388069763788e-06 2.6476572552108931e-06
40 432 0 6.5765323313852663e-06 3.077322971099438e-06
48 432 0 7.8630406475435339e-06 3.6189522403231515e-06
56 432 0 9.46662057839483e-06 4.2868476760420263e-06
64 432 0 1.1437516517829126e-05 5.0978144605852143e-06
72 432 0 1.3835549663000752e-05 6.0712616059215297e-06
80 432 0 1.6731419047839329e-05 7.2293616063536096e-06
88 432 0 2.0208375015520093e-05 8.5972899657626089e-06
96 432 0 2.4364316971917645e-05 1.0203565487392783e-05
104 432 0 2.9314347066281992e-05 1.2080507222882168e-05
112 432 0 3.5193778974097723e-05 1.4264813666259984e-05
120 432 0 4.2161557406721825e-05 1.6798253915950769e-05
128 432 0 5.0403993142185195e-05 1.9728439851162794e-05
136 432 0 6.0138666851134709e-05 2.3109624771359239e-05
144 432 0 7.1618311841196668e-05 2.7003450503090682e-05
152 432 0 8.5134461644032749e-05 3.1479545751884793e-05
160 432 0 0.00010102065361564685 3.6615868080807148e-05
168 432 0 0.00011965502263669199 4.2498684802960498e-05
176 432 0 0.00014146220303579417 4.9222107730096163e-05
184 432 0 0.00016691457826409399 5.6887134582455897e-05
192 432 0 0.00019653306385469457 6.5600204520630001e-05
200 432 0 0.00023088775740961049 7.5471341810462824e-05
208 432 0 0.00027059890889031207 8.6612031567829097e-05
216 432 0 0.00031633871926555119 9.913303325420061e-05
224 432 0 0.0003688344297851548 0.000113142377686758
232 432 0 0.00042887298956300642 0.00012874379852704701
240 432 0 0.00049730727333201176 0.00014603580893375644
248 432 0 0.00057506337535612195 0.00016511154311444915
256 432 0 0.00066314797000007885 0.00018605934353475666
264 432 0 0.00076265417577203558 0.00020896389966247575
272 432 0 0.00087476388624152784 0.0002339075552222486
280 432 0 0.0010007442532384914 0.00026097122820229672
288 432 0 0.0011419360401554409 0.00029023426640886578
296 432 0 0.0012997319990484106 0.00032177252614652187
304 432 0 0.0014755443116973774 0.00035565404106597956
312 432 0 0.0016707614510453551 0.00039193185774361104
320 432 0 0.00188669646149439 0.00043063395074258528
328 432 0 0.0021245304335014473 0.00047175056703267423
336 432 0 0.0023852565936145816 0.00051521983937120571
344 432 0 0.002669631632758177 0.00056091298328774398
352 432 0 0.0029781413384488212 0.00060862077420758718
360 432 0 0.0033109870198507452 0.0006580432115509652
368 432 0 0.0036680974706427764 0.00070878425015661077
376 432 0 0.0040491683219390931 0.00076035317736839435
384 432 0 0.0044537268145789823 0.00081217363517610813
392 432 0 0.0048812156915065876 0.00086360047298515187
400 432 0 0.0053310856770805671 0.00091394365315033976
408 432 0 0.0058028825794516729 0.00096249743911080293
416 432 0 0.0062963131405681157 0.0010085722164318803
424 432 0 0.0068112739678388998 0.0010515256727771484
432 432 0 0.0073478305756474243 0.0010907898146062097
440 432 0 0.0079061387640745745 0.001125890503870729
448 432 0 0.008486307879842352 0.0011564568750055751
456 432 0 0.0090882141438323894 0.0011822190905739615
464 432 0 0.0097112810506820545 0.0012029942958760986
472 432 0 0.010354251503035915 0.0012186621673842546
480 432 0 0.011014981477612958 0.0012291329135973861
488 432 0 0.011690286485266354 0.0012343117727165228
496 432 0 0.012375869166063039 0.0012340647793131019
504 432 0 0.013066348942064166 0.0012389586862646615
512 432 0 0.013755403323940608 0.0012416512641357444
520 432 0 0.014436016508899734 0.0012382743901326616
528 432 0 0.015100816148736838 0.0012281731959426466
536 432 0 0.015742465756366789 0.0012106575431925625
544 432 0 0.016354070302414009 0.001185050086480283
552 432 0 0.016929547922692186 0.0011507421026099342
560 432 0 0.017463922427900534 0.0011072516795932429
568 432 0 0.01795349967791331 0.001054278332078367
576 432 0 0.018395905033569887 0.00099174826475281058
584 432 0 0.018789977246480991 0.00091984532939643274
592 432 0 0.019135533773261344 0.00083902411889355891
600 432 0 0.019433040713291043 0.00075000344800674537
608 432 0 0.019683234552983608 0.00065374047528040866
616 432 0 0.019886750375745301 0.00055138769363421991
624 432 0 0.020043810817357295 0.00044423673905684066
632 432 0 0.020154021650072514 0.00033365425189038969
640 432 0 0.020216304557787605 0.00022101574180001179
648 432 0 0.02022897762509936 0.00010764348935652854
656 432 0 0.020189972293396877 0.00019643010265550653
664 432 0 0.020097155339205922 0.00030594782881255417
672 432 0 0.01994870888879844 0.00041128564254151734
680 432 0 0.019743512966086889 0.00051167211321401229
688 432 0 0.019481474843223181 0.00060653390790206194
696 432 0 0.019163757485981397 0.00069547523684395859
704 432 0 0.018792874331053748 0.00077824431648191791
712 432 0 0.018372637112637241 0.00085469156067033772
720 432 0 0.017907964426443004 0.00092472496461012618
728 432 0 0.017404577981167662 0.00098826827631693509
736 432 0 0.016868628202545279 0.0010452270378189764
744 432 0 0.016306298987828854 0.001095466478520643
752 432 0 0.015723442019682291 0.0011388036837065522
760 432 0 0.015125284397402749 0.0011750146284505783
768 432 0 0.014516240790172804 0.0012038547852016319
776 432 0 0.013899845050092632 0.0012250903155743599
784 432 0 0.013278798867376256 0.0012385355557179654
792 432 0 0.01265511923007483 0.001247500001272106
800 432 0 0.012030354378703739 0.0012574319307524541
808 432 0 0.011405831108984502 0.0012586465160395292
816 432 0 0.0107828952591768 0.0012514475285384657
824 432 0 0.01016311168864203 0.0012363314845694542
832 432 0 0.0095483988878249694 0.0012139673172324658
840 432 0 0.0089410848855074661 0.0011851632205606179
848 432 0 0.0083438834236660379 0.0011508243452525713
856 432 0 0.0077598006118659978 0.0011119059420645616
864 432 0 0.0071919909523822942 0.0010693668689123062
872 432 0 0.0066435867758595623 0.0010241280846143268
880 432 0 0.0061175263945918313 0.00097703991174181298
888 432 0 0.0056164039153164752 0.00092886059805847958
896 432 0 0.0051423583973570098 0.00088024722218945674
904 432 0 0.0046970129610964285 0.00083175847519357127
912 432 0 0.0042814667413022325 0.00078386749682789539
920 432 0 0.003896335375162382 0.00073698190999245492
928 432 0 0.0035418299372838294 0.00069146758276480459
936 432 0 0.0032178604890562724 0.00064767249624788541
944 432 0 0.0029241489467650948 0.00060594738828127336
952 432 0 0.0026603367000858401 0.00056666050533303244
960 432 0 0.0024260749594068728 0.00053020471731979194
968 432 0 0.0022210896173205518 0.00049699630286246166
976 432 0 0.0020452168294427544 0.0004674657644209235
984 432 0 0.0018984099131976631 0.00044204196708946993
992 432 0 0.0017807219767284495 0.00042113162054267296
1000 432 0 0.0016922715087840212 0.00040509658164698836
1008 432 0 0.0016331997349126098 0.00039423161984624843
1016 432 0 0.0016036287949418673 0.00038874516351716315
0 440 0 5.5538482591025409e-06 2.6943309514925479e-06
8 440 0 5.806559113457595e-06 2.8004004424484921e-06
16 440 0 6.3207507127271223e-06 3.0156121930042327e-06
24 440 0 7.1140463109179411e-06 3.3461099478092195e-06
32 440 0 8.2130960621872719e-06 3.8011042123020328e-06
40 440 0 9.6538553024847043e-06 4.3928652418425694e-06
48 440 0 1.1481992887866685e-05 5.136714707265192e-06
56 440 0 1.3753468254436856e-05 6.0510212909977177e-06
64 440 0 1.653533097841434e-05 7.1572110520163136e-06
72 440 0 1.9906811268922282e-05 8.4798100921127937e-06
80 440 0 2.3960780654192939e-05 1.0046543615150794e-05
88 440 0 2.8805664981282702e-05 1.1888520196024638e-05
96 440 0 3.4567882459310428e-05 1.4040531017673343e-05
104 440 0 4.139485428916416e-05 1.654148909907407e-05
112 440 0 4.9458592640357707e-05 1.943502167217912e-05
120 440 0 5.8959811322672594e-05 2.2770209282067073e-05
128 440 0 7.0132432993347989e-05 2.6602438549556167e-05
136 440 0 8.3248291622493948e-05 3.0994304055668699e-05
144 440 0 9.8621762344287351e-05 3.6016462311301155e-05
152 440 0 0.00011661400739591754 4.1748312518320596e-05
160 440 0 0.000137636521696454 4.8278360965531026e-05
168 440 0 0.00016215370743965249 5.5704124630882363e-05
176 440 0 0.00019068431076589034 6.4131449985095667e-05
184 440 0 0.00022380171284654989 7.3673167854855731e-05
192 440 0 0.00026213326837532457 8.4447073680542705e-05
200 440 0 0.00030635909922007332 9.6573309309286271e-05
208 440 0 0.00035721094045814116 0.00011017131754450973
216 440 0 0.0004154717525197518 0.00012535662970418151
224 440 0 0.0004819768074719128 0.00014223781227351676
232 440 0 0.00055761678809005343 0.00016091392377977018
240 440 0 0.0006433430822657682 0.00018147280233878093
248 440 0 0.0007401749184705711 0.00020399040910819722
256 440 0 0.00084920731353483551 0.00022853129363411282
264 440 0 0.00097161807543451133 0.00025515003591466815
272 440 0 0.0011086714414637764 0.00028389328137416454
280 440 0 0.0012617154814407881 0.00031480175422767724
288 440 0 0.0014321703065643067 0.00034791145449294936
296 440 0 0.0016215045251949324 0.00038325315799952195
304 440 0 0.001831198352763357 0.00042084938472016224
312 440 0 0.0020626933087889662 0.0004607082018852713
320 440 0 0.0023173304122369753 0.00050281358647445316
328 440 0 0.0025962810005341216 0.00054711256243339043
336 440 0 0.0029004764329857873 0.00059349989970488735
344 440 0 0.003230544616045921 0.00064180173959721074
352 440 0 0.0035867621126564084 0.00069176000361805814
360 440 0 0.0039690302314017104 0.00074301975750805643
368 440 0 0.0043768817207993872 0.0007951217581632624
376 440 0 0.0048095214993074875 0.00084750215575336938
384 440 0 0.0052659004497550904 0.00089950074490724886
392 440 0 0.0057448161644917395 0.00095037829452984147
400 440 0 0.0062450293302309069 0.00099934242244233314
408 440 0 0.0067653800185624759 0.0010455803475266289
416 440 0 0.0073048853569999961 0.0010882958039966917
424 440 0 0.0078627996406160482 0.0011267466004446884
432 440 0 0.0084386203902536341 0.0011602788913454929
440 440 0 0.0090320292679453035 0.0011883542980297562
448 440 0 0.0096427647548479271 0.0012105666043664524
456 440 0 0.010270433234406351 0.0012266458209782647
464 440 0 0.010914275346558153 0.0012364488494289137
472 440 0 0.01157291367042017 0.0012399376123219674
480 440 0 0.012244114391210344 0.001237147135816628
488 440 0 0.012924598257982877 0.0012343117727165228
496 440 0 0.013609933945376141 0.0012340647793131019
504 440 0 0.014294539658792002 0.0012281907167278356
512 440 0 0.014971807007707224 0.0012164036837666158
520 440 0 0.015634346128224237 0.0011983296193245029
528 440 0 0.016274334714356131 0.0011735185656192929
536 440 0 0.016883938352572219 0.0011414725962054298
544 440 0 0.017455757720303958 0.0011016874178899488
552 440 0 0.017983251839093897 0.001053703916401711
560 440 0 0.018461087001083031 0.00099716457318249629
568 440 0 0.018885368581584128 0.00093186890367081762
576 440 0 0.019253726986624416 0.00085782195305452932
584 440 0 0.019565247694894206 0.00077527044841321432
592 440 0 0.01982025615268404 0.00068472237942269684
600 440 0 0.020019988138994672 0.00058694742570362946
608 440 0 0.02016619213152553 0.00048295757854192184
616 440 0 0.020260719677912618 0.00037396930216731725
624 440 0 0.020305161245085149 0.00026135042772785361
632 440 0 0.020300578126663128 0.00014655647659061327
640 440 0 0.020247366673281555 0.00015970016251010827
648 440 0 0.020145271481842093 0.00027238734920070201
656 440 0 0.01999354219074137 0.00038159016067026985
664 440 0 0.019791207510393368 0.00048611430157187788
672 440 0 0.019537423246256923 0.00058496594540040012
680 440 0 0.019231840852872877 0.00067737436879103732
688 440 0 0.018874940935321119 0.00076279585807485784
696 440 0 0.018468282249137439 0.00084089966405127142
704 440 0 0.01801463001457183 0.00091153861760055743
712 440 0 0.017517945551966903 0.00097470855188252353
720 440 0 0.016983239461832878 0.0010305017320346617
728 440 0 0.016416309704850727 0.0010790599469205613
736 440 0 0.015823401164726303 0.0011205327143702353
744 440 0 0.015210832509308211 0.0011550452147210139
752 440 0 0.014584638335975739 0.0011826791993044504
760 440 0 0.013950269768952171 0.0012034683911528021
768 440 0 0.013312386004971172 0.0012174080227043988
776 440 0 0.012674754734518272 0.0012250903155743599
784 440 0 0.01204026331165829 0.0012385355557179654
792 440 0 0.011411027467952917 0.0012440917621219134
800 440 0 0.010788572388988057 0.0012417819897156818
808 440 0 0.010174053579565573 0.0012317775294189287
816 440 0 0.0095684828051518876 0.0012144124540249129
824 440 0 0.0089729273376357756 0.001190184351006254
832 440 0 0.0083886578392843442 0.0011597410485406252
840 440 0 0.0078172300498406833 0.0011238548356667828
848 440 0 0.0072604963038672499 0.001083387119798788
856 440 0 0.0067205531338880159 0.0010392474779779819
864 440 0 0.0061996394214859077 0.00099235153089638657
872 440 0 0.0057000048081366928 0.00094358196772286948
880 440 0 0.005223769973898354 0.00089375642069347734
888 440 0 0.0047727990706624727 0.00084360484465400253
896 440 0 0.0043486006380903958 0.00079375775926661396
904 440 0 0.0039522676176801984 0.00074474534341623013
912 440 0 0.0035844606306374292 0.00069700611066480329
920 440 0 0.003245432484242145 0.00065090289092023697
928 440 0 0.0029350867372124798 0.00060674320007134954
936 440 0 0.0026530596451789941 0.00056480084387727824
944 440 0 0.0023988131803253715 0.00052533576643972336
952 440 0 0.0021717270402920644 0.0004886096597937757
960 440 0 0.0019711793530910369 0.00045489560631583595
968 440 0 0.0017966087005493389 0.00042448091677121285
976 440 0 0.0016475535919003384 0.000397663237542416
984 440 0 0.0015236690877093158 0.00037474082548834731
992 440 0 0.0014247234325726267 0.00035599854415582278
1000 440 0 0.0013505799442151251 0.00034169156456889606
1008 440 0 0.0013011708040302334 0.00033202893088237644
1016 440 0 0.0012764697181860082 0.00032715907675585909
0 448 0 8.2481792105950888e-06 3.8922408423479852e-06
8 448 0 8.6069595559060871e-06 4.0376926510452934e-06
16 448 0 9.336362905731355e-06 4.332544853197897e-06
24 448 0 1.0460156258727161e-05 4.7846841493780157e-06
32 448 0 1.2014200274489305e-05 5.4059122766502285e-06
40 448 0 1.4046720544327274e-05 6.2119073517371684e-06
48 448 0 1.6618707595131877e-05 7.2221682262540495e-06
56 448 0 1.9804489545434574e-05 8.4599449732844655e-06
64 448 0 2.3692542030430654e-05 9.9521660604269134e-06
72 448 0 2.8386621361035076e-05 1.172938227313495e-05
80 448 0 3.4007324269343732e-05 1.3825757424185631e-05
88 448 0 4.069418517730734e-05 1.6279144049079561e-05
96 448 0 4.8608413476983771e-05 1.9131285963796503e-05
104 448 0 5.793634338823823e-05 2.2428186055883444e-05
112 448 0 6.8893614312536827e-05 2.6220664788591963e-05
120 448 0 8.1730020604739667e-05 3.0565111474838572e-05
128 448 0 9.6734871542904157e-05 3.5524396879697015e-05
136 448 0 0.00011424259567816265 4.1168874611866e-05
144 448 0 0.00013463822465558851 4.7577354729424961e-05
152 448 0 0.00015836231991423814 5.4837892681005928e-05
160 448 0 0.00018591488266198503 6.3048208190132407e-05
168 448 0 0.00021785783207053485 7.2315540363976127e-05
176 448 0 0.000254815760750986 8.2755764467934813e-05
184 448 0 0.00029747488070140562 9.4491647009118957e-05
192 448 0 0.00034658034205586728 0.00010765019921081526
200 448 0 0.00040293240852935959 0.00012235919921161069
208 448 0 0.00046738225800265089 0.00013874307877395192
216 448 0 0.00054082838222393331 0.00015691849356403093
224 448 0 0.00062421461974542956 0.00017698999565032023
232 448 0 0.00071853071186982361 0.0001990462799157744
240 448 0 0.00082481588460454913 0.0002231574622103829
248 448 0 0.00094416532757876832 0.00024937375268366138
256 448 0 0.0010777386071689483 0.00027772571013287757
264 448 0 0.0012267681113491795 0.00030822601371419036
272 448 0 0.001392564722837941 0.00034087239363793549
280 448 0 0.0015765172356684654 0.00037565106324314256
288 448 0 0.001780081761057256 0.00041253974186638773
296 448 0 0.0020047576831944544 0.00045150920514127647
304 448 0 0.0022520477374835192 0.00049252229511752418
312 448 0 0.0025234015106742375 0.00053552949993526883
320 448 0 0.0028201439987114284 0.0005804605806980119
328 448 0 0.003143393562967512 0.00062721226030064501
336 448 0 0.0034939763326906747 0.00067563264160979027
344 448 0 0.0038723463556431317 0.00072550370790762375
352 448 0 0.0042785221162744665 0.00077652387426168593
360 448 0 0.0047120499889097668 0.0008282929957989368
368 448 0 0.0051720034789626496 0.00088030240018581365
376 448 0 0.0056570236550608569 0.00093193232829209046
384 448 0 0.0061654011946623392 0.00098245861463139815
392 448 0 0.006695194459021581 0.0010310695474345342
400 448 0 0.00724437175267324 0.0010768927029625773
408 448 0 0.0078109603660891048 0.0011190302847501861
416 448 0 0.0083931811609966878 0.001156600283726052
424 448 0 0.0089895462410607366 0.0011887797873875484
432 448 0 0.009598899281599127 0.0012148461663965358
440 448 0 0.01022038356597506 0.0012342117729877387
448 448 0 0.01085333135921438 0.0012464482508473904
456 448 0 0.011497079055384616 0.0012512975570312113
464 448 0 0.012150724195987067 0.0012486682313284283
472 448 0 0.012812851282742137 0.0012399376123219674
480 448 0 0.013481261527026972 0.001237147135816628
488 448 0 0.014152745715455798 0.0012281474574729213
496 448 0 0.014822938132241515 0.001213004186865374
504 448 0 0.015486282582154808 0.0011917429233628055
512 448 0 0.016136129471311437 0.0011643224636042129
520 448 0 0.016764966953556278 0.0011306208253320411
528 448 0 0.017364771388693852 0.0010904366743377213
536 448 0 0.017927445291661525 0.0010435069390893059
544 448 0 0.018445297173497605 0.00098953945319364689
552 448 0 0.018911509456707182 0.00092825761761328521
560 448 0 0.019320539548731877 0.00085945254764884654
568 448 0 0.019668405728813568 0.00078303714722944076
576 448 0 0.019952823140896622 0.00069909615427220587
584 448 0 0.020173174163621559 0.00060792646872735376
592 448 0 0.020330319126724134 0.00051006297404009374
600 448 0 0.020426274626097904 0.00040628648710323151
608 448 0 0.020463804391587001 0.00029761226006147154
616 448 0 0.020445979091327306 0.00018525941341468802
624 448 0 0.0203757648402693 0.00012279718752246371
632 448 0 0.020255694962975565 0.00023540403241529076
640 448 0 0.020087666510771447 0.00034601552932799623
648 448 0 0.019872884132641391 0.00045321130882215385
656 448 0 0.0196119520300711 0.00055566823473811311
664 448 0 0.01930509320882149 0.00065221925163628375
672 448 0 0.018952457300856523 0.0007418996079904816
680 448 0 0.018554466484081839 0.00082397665269541218
688 448 0 0.018112145077246261 0.00089796110455048206
696 448 0 0.017627382585086167 0.00096359961474537514
704 448 0 0.017103091396971273 0.0010208503704965018
712 448 0 0.016543237000084379 0.0010698452063376083
720 448 0 0.015952737729798216 0.0011108429993532207
728 448 0 0.015337249757930166 0.0011441798713503135
736 448 0 0.014702868450356068 0.0011702218159966079
744 448 0 0.014055787294587197 0.0011893248037198722
752 448 0 0.013401959136671289 0.0012018062667799433
760 448 0 0.012746801377799368 0.0012079302822201252
768 448 0 0.012094977982266773 0.0012174080227043988
776 448 0 0.011450278357270175 0.0012244763772480977
784 448 0 0.010815598569422727 0.0012246647422355633
792 448 0 0.010193016243290167 0.00121801122466275
800 448 0 0.0095839388552423476 0.0012046335337457092
808 448 0 0.0089892974475410409 0.0011847561320245323
816 448 0 0.0084097547716289588 0.0011587280335229287
824 448 0 0.0078458984874646004 0.0011270288501711752
832 448 0 0.0072983955763011267 0.0010902622629832175
840 448 0 0.0067680923465576592 0.0010491377032830242
848 448 0 0.0062560538461158251 0.0010044424577514248
856 448 0 0.0057635456531218788 0.00095700748076613714
864 448 0 0.0052919686326653769 0.00090767078882053077
872 448 0 0.0048427624307134697 0.00085724237742322313
880 448 0 0.004417295806080879 0.00080647416781747493
888 448 0 0.0040167614192343024 0.00075603765142817029
896 448 0 0.0036420898442174714 0.00070651079387292447
904 448 0 0.0032938930661963535 0.0006583745514838449
912 448 0 0.0029724424258777984 0.00061201820475963089
920 448 0 0.0026776807189975893 0.00056775176524455568
928 448 0 0.0024092636716517351 0.00052582306556074468
936 448 0 0.0021666227969507935 0.0004864368482282006
944 448 0 0.0019490399517171583 0.00044977322860821319
952 448 0 0.0017557237630388223 0.00041600327725324214
960 448 0 0.0015858792830693194 0.00038530007002171747
968 448 0 0.0014387644066611832 0.00035784429388815574
976 448 0 0.0013137293210447958 0.00033382427085554256
984 448 0 0.0012102381095915678 0.000313430978117748
992 448 0 0.0011278742088757232 0.00029684922369690352
1000 448 0 0.0010663334133454701 0.00028424653086965503
1008 448 0 0.0010254093389038075 0.00027576146512642589
1016 448 0 0.0010049766161684983 0.00027149310201750993
0 456 0 1.2140420052943074e-05 5.5684395587481322e-06
8 456 0 1.2644652206951381e-05 5.7656936487158398e-06
16 456 0 1.3668907758929252e-05 6.1651889586926424e-06
24 456 0 1.5244840408105176e-05 6.7768780405206053e-06
32 456 0 1.7420112551139533e-05 7.6156308653193831e-06
40 456 0 2.0258627896064442e-05 8.7011532656581946e-06
48 456 0 2.3840875821385927e-05 1.0057865378294874e-05
56 456 0 2.826443451871904e-05 1.171473889900641e-05
64 456 0 3.3644708090857567e-05 1.3705101720696548e-05
72 456 0 4.0116003634170025e-05 1.6066431815114249e-05
80 456 0 4.7833081693529363e-05 1.8840176990499943e-05
88 456 0 5.6973329226386901e-05 2.2071650420835598e-05
96 456 0 6.7739699440780274e-05 2.5810059971422629e-05
104 456 0 8.0364529444121674e-05 3.0108728577283686e-05
112 456 0 9.5114279101128789e-05 3.502555002130881e-05
120 456 0 0.00011229513207957824 4.0623697433628814e-05
128 456 0 0.00013225926842260117 4.6972560728869122e-05
136 456 0 0.00015541147029002865 5.4148836656881129e-05
144 456 0 0.00018221557938501347 6.2237636712040629e-05
152 456 0 0.00021320021259524407 7.1333422129489434e-05
160 456 0 0.00024896309085211744 8.1540531957201008e-05
168 456 0 0.00029017337243451098 9.2973050876478099e-05
176 456 0 0.00033757152521892082 0.00010575377819092038
184 456 0 0.00039196652771052458 0.00012001211524125303
192 456 0 0.00045423054126668254 0.00013588078722099456
200 456 0 0.00052529160774097028 0.00015349145178198006
208 456 0 0.00060612533677660281 0.00017296940785128847
216 456 0 0.00069774687578796424 0.00019442778304998624
224 456 0 0.00080120461539574979 0.00021796172048824504
232 456 0 0.00091757699178559801 0.00024364317643679409
240 456 0 0.001047973346814932 0.00027151695238508992
248 456 0 0.0011935390802624297 0.00030159849856350725
256 456 0 0.0013554643173018259 0.00033387383395548425
264 456 0 0.0015349941250633698 0.00036830163967585018
272 456 0 0.0017334371164758765 0.00040481722658730515
280 456 0 0.0019521682989116079 0.00044333770020611079
288 456 0 0.0021926215029236438 0.00048376730578931788
296 456 0 0.0024562668883357308 0.00052600169924034434
304 456 0 0.0027445700326010434 0.00056992981587065342
312 456 0 0.0030589310106095063 0.00061543214395250309
320 456 0 0.0034006045794094403 0.00066237457160005838
328 456 0 0.003770605823268157 0.0007105975474849288
336 456 0 0.004169608974300465 0.00075990102415100964
344 456 0 0.0045978500635507555 0.00081002644832858534
352 456 0 0.0050550459905361524 0.00086063781132586937
360 456 0 0.0055403429847087036 0.00091130434977328319
368 456 0 0.0060523058791484632 0.00096148777713754401
376 456 0 0.0065889559833529473 0.0010105368430680618
384 456 0 0.0071478598092937374 0.0010576915212810682
392 456 0 0.0077262640064561152 0.0011020982367764554
400 456 0 0.0083212644556358174 0.0011428363416306209
408 456 0 0.0089299906508392909 0.0011789546733209713
416 456 0 0.0095497814447227398 0.0012095156581264782
424 456 0 0.010178326028448285 0.0012336432477893303
432 456 0 0.010813745447995663 0.0012505701805018699
440 456 0 0.011454595338962799 0.0012596797761745045
448 456 0 0.01209977961006177 0.0012605377846030778
456 456 0 0.012748376612415827 0.001252910697752874
464 456 0 0.013399392427315495 0.0012486682313284283
472 456 0 0.014051468431174411 0.0012386171484322743
480 456 0 0.014702580266367392 0.0012213187393404195
488 456 0 0.015349770956379842 0.0011970252409240437
496 456 0 0.015988960846174499 0.0011660227139329831
504 456 0 0.016614870777030253 0.0011285881948754455
512 456 0 0.017221082794054116 0.0010849533227426794
520 456 0 0.017800246052357454 0.0010352790988011756
528 456 0 0.018344416562526191 0.00097964517383233862
536 456 0 0.018845500655721333 0.00091805536405980756
544 456 0 0.019295756353163374 0.0008504591796657697
552 456 0 0.019688296695517606 0.00077678723881042383
560 456 0 0.020017536310174767 0.00069699676144288972
568 456 0 0.020279527813386398 0.00061112208457283004
576 456 0 0.020472147594249517 0.00051932445335289498
584 456 0 0.02059510945505488 0.0004219352914333202
592 456 0 0.020649806864594229 0.00031948773787009513
600 456 0 0.02063900701184573 0.00021273238574782624
608 456 0 0.020566439132645508 0.00013010627256404561
616 456 0 0.020436332860081462 0.00020529541571263216
624 456 0 0.020252967652746836 0.00031347839004570652
632 456 0 0.020020290930560274 0.00041976997267784838
640 456 0 0.01974165098144345 0.00052284077640707763
648 456 0 0.019419672823819237 0.00062138055782223409
656 456 0 0.019056283795332987 0.00071416293560096558
664 456 0 0.018652873957185206 0.00080010541639306126
672 456 0 0.018210557692866041 0.00087831923638185747
680 456 0 0.017730489831386427 0.00094814456641489561
688 456 0 0.017214183972695779 0.0010091681508988294
696 456 0 0.016663782970340792 0.001061222291564563
704 456 0 0.016082241026474771 0.0011043660404781008
712 456 0 0.015473391793746771 0.0011388513068184489
720 456 0 0.014841894730444996 0.0011650780918452449
728 456 0 0.014193069886579852 0.0011835440658536749
736 456 0 0.01353264663435946 0.001194794071469012
744 456 0 0.012866462490867325 0.0011993748406939533
752 456 0 0.012200152869891345 0.0012018062667799433
760 456 0 0.011538871095579243 0.0012079302822201252
768 456 0 0.01088707102358003 0.0012079069586867427
776 456 0 0.010248373627090836 0.001201904730179339
784 456 0 0.0096255258721767 0.0011900726972460269
792 456 0 0.0090204472143556019 0.0011725690289345649
800 456 0 0.0084343479769692954 0.0011495908782730522
808 456 0 0.0078678961270218558 0.0011214013205191851
816 456 0 0.0073214053104132173 0.0010883494612157416
824 456 0 0.0067950175209781152 0.0010508809664864852
832 456 0 0.00628885790777629 0.0010095376685248366
840 456 0 0.0058031459555693363 0.00096494639098832283
848 456 0 0.0053382553286390865 0.00091779851747673859
856 456 0 0.004894722737671782 0.0008688229154500968
864 456 0 0.0044732131290699207 0.00081875550359545614
872 456 0 0.004074453476428366 0.00076830895428510373
880 456 0 0.0036991500411928425 0.00071814576488803648
888 456 0 0.003347904134571185 0.00066885728466311743
896 456 0 0.0030211394778148766 0.00062095036640259478
904 456 0 0.0027190507982701039 0.00057484226792624965
912 456 0 0.0024415790210161295 0.00053086340486166884
920 456 0 0.002188414036842487 0.00048926668215510229
928 456 0 0.0019590221683217245 0.00045024150333001058
936 456 0 0.0017526925699439628 0.00041393022700683072
944 456 0 0.0015685951333288778 0.0003804448183882805
952 456 0 0.001405842065165938 0.00034988169787288428
960 456 0 0.0012635460257279605 0.00032233325734135889
968 456 0 0.0011408692908668201 0.00029789511579436309
976 456 0 0.0010370604884063724 0.00027666883263842337
984 456 0 0.00095147770246897117 0.00025876040712259662
992 456 0 0.00088359881032637141 0.00024427539854935179
1000 456 0 0.00083302155731943927 0.00023331185602603081
1008 456 0 0.0007994569160975105 0.00022595242280629699
1016 456 0 0.00078271964194022534 0.00022225697422827292
0 464 0 1.7708859611691206e-05 7.888448546318245e-06
8 464 0 1.841034585566722e-05 8.1529864635773472e-06
16 464 0 1.9834096717621894e-05 8.6882424711209966e-06
24 464 0 2.2021718448625782e-05 9.5065421567549524e-06
32 464 0 2.5035743416458916e-05 1.0626278656686579e-05
40 464 0 2.8959781161722637e-05 1.2071777702281233e-05
48 464 0 3.3898741199680801e-05 1.3873090982407779e-05
56 464 0 3.9979173417725449e-05 1.6065709071249852e-05
64 464 0 4.7349809811554115e-05 1.8690197774884169e-05
72 464 0 5.6182435449284275e-05 2.1791780008359716e-05
80 464 0 6.6673258684029306e-05 2.5419906669093151e-05
88 464 0 7.9044979647222499e-05 2.962788053972953e-05
96 464 0 9.3549759412202903e-05 3.4472612201720909e-05
104 464 0 0.00011047325802140536 4.0014591107410009e-05
112 464 0 0.0001301398291224376 4.6318143690178868e-05
120 464 0 0.00015291882951320705 5.3452020525768913e-05
128 464 0 0.00017923182915147029 6.1490305413026638e-05
136 464 0 0.00020956030694690978 7.0513573455694328e-05
144 464 0 0.0002444532160970541 8.0610149227205627e-05
152 464 0 0.0002845336347247335 9.1877240033911504e-05
160 464 0 0.00033050362280931844 0.00010442165625191511
168 464 0 0.00038314642331098908 0.00011835979521683607
176 464 0 0.0004433253034098412 0.00013381657093508207
184 464 0 0.0005119786429517776 0.00015092302926338768
192 464 0 0.0005901113284876771 0.00016981250129254196
200 464 0 0.00067878305952295034 0.00019061531207342525
208 464 0 0.00077909474462789128 0.00021345226323298265
216 464 0 0.00089217465883795048 0.00023842732229834322
224 464 0 0.0010191663358839948 0.00026562014656837728
232 464 0 0.0011612201682223921 0.00029507920884671939
240 464 0 0.0013194902992000219 0.00032681634122708821
248 464 0 0.0014951375788259369 0.0003608034440491768
256 464 0 0.0016893381512573101 0.00039697190698022625
264 464 0 0.00190329576473922 0.0004352149643518338
272 464 0 0.0021382543430631816 0.00047539278635781983
280 464 0 0.0023955059991177187 0.000517339642516817
288 464 0 0.0026763888087129616 0.00056087203246265628
296 464 0 0.0029822685875760752 0.00060579633916189087
304 464 0 0.0033144998484716968 0.00065191439582408528
312 464 0 0.0036743631545620094 0.0006990254287052391
320 464 0 0.0040629791510094987 0.00074692317342267035
328 464 0 0.0044812033707530858 0.00079538755325016426
336 464 0 0.0049295099984514746 0.00084417110171190919
344 464 0 0.0054078765118793408 0.0008929812150541179
352 464 0 0.0059156838018620218 0.00094146020776404455
360 464 0 0.0064516473344819868 0.00098916587603398339
368 464 0 0.0070137936562860072 0.0010355557156856033
376 464 0 0.0075994928264210091 0.0010799779868592083
384 464 0 0.0082055513305748055 0.0011216724108731538
392 464 0 0.0088283622432325706 0.0011597824313687721
400 464 0 0.0094641007972664382 0.001193379746859043
408 464 0 0.010108945324160262 0.001221500362622625
416 464 0 0.010759297102849218 0.0012431899006875736
424 464 0 0.011411969276237615 0.001257554553318203
432 464 0 0.012064315628497533 0.0012638130656312547
440 464 0 0.012714275115137303 0.0012613446459066851
448 464 0 0.013360317394664848 0.0012605377846030778
456 464 0 0.014001287310168701 0.001252910697752874
464 464 0 0.014636160752965413 0.0012367683256499177
472 464 0 0.01526373858960812 0.0012122701584337085
480 464 0 0.015882317148968018 0.0011797368826006269
488 464 0 0.016489381109142207 0.0011396101527623645
496 464 0 0.01708136596355549 0.0010924051173809915
504 464 0 0.017653531852846242 0.0010386610758159887
512 464 0 0.018199978683331727 0.00097889588927761034
520 464 0 0.018713815398580167 0.00091356934622271319
528 464 0 0.01918747620684675 0.00084305964432055888
536 464 0 0.019613156278988662 0.00076765562326732914
544 464 0 0.019983321902879495 0.00068756554971612094
552 464 0 0.020291238029506761 0.00060294133398915498
560 464 0 0.020531451579453065 0.00051391526927829778
568 464 0 0.020700172740741974 0.00042064492735557554
576 464 0 0.020795508471065507 0.00032336087681598957
584 464 0 0.020817520963891195 0.00022241150883631558
592 464 0 0.020768106358785489 0.00011829949419125962
600 464 0 0.020650712233099739 0.00019090968307685502
608 464 0 0.020469933018881524 0.00029404680982410281
616 464 0 0.02023103744436883 0.0003961205571259771
624 464 0 0.019939489262701129 0.00049613420514713763
632 464 0 0.019600520957882426 0.00059299432948234365
640 464 0 0.019218810205036373 0.00068555745499701559
648 464 0 0.018798292265997003 0.00077268607926273686
656 464 0 0.018342120859732022 0.0008533087776269252
664 464 0 0.017852768540792145 0.00092647859858277504
672 464 0 0.017332238456484184 0.00099142408159606094
680 464 0 0.016782345264971531 0.0010475879777541754
688 464 0 0.01620501582179695 0.0010946500514639659
696 464 0 0.015602560678776229 0.0011325320459030803
704 464 0 0.01497787498599667 0.0011613848094463534
712 464 0 0.014334540486928322 0.0011815594776141795
720 464 0 0.013676816638599751 0.0011935662561060895
728 464 0 0.013009525820726177 0.0011980255548718483
736 464 0 0.012337852562890448 0.0011956168373903394
744 464 0 0.011667087650173371 0.0011993748406939533
752 464 0 0.011002353573348885 0.0011977992965424601
760 464 0 0.010348347692829682 0.0011905234027495618
768 464 0 0.0097091342042826267 0.0011779368192974034
776 464 0 0.0090880067810521509 0.0011603668460386848
784 464 0 0.0084874323482524803 0.0011380935239242197
792 464 0 0.0079090746979986228 0.0011113725163569791
800 464 0 0.0073538863192778138 0.0010804616576914816
808 464 0 0.0068222492257547064 0.0010456469012671494
816 464 0 0.0063141414985768279 0.0010072638118363893
824 464 0 0.00582930588522568 0.00096571163575243524
832 464 0 0.0053673997121578701 0.0009214581956184199
840 464 0 0.0049281107473728072 0.00087503520819652916
848 464 0 0.0045112304053964436 0.00082702492324264291
856 464 0 0.0041166826811077041 0.00077804005656407788
864 464 0 0.0037445134115005091 0.00072869971756941163
872 464 0 0.0033948491331952471 0.0006796043432331189
880 464 0 0.003067837498067565 0.00063131254312527758
888 464 0 0.0027635818465646229 0.00058432228800656214
896 464 0 0.0024820813419697075 0.00053905813584516913
904 464 0 0.0022231854899855273 0.00049586530828457653
912 464 0 0.0019865684833598705 0.00045501053765625897
920 464 0 0.0017717252200751767 0.00041668881676731038
928 464 0 0.0015779875777118557 0.00038103459060986888
936 464 0 0.00140455698568635 0.00034813558425761284
944 464 0 0.0012505477542222032 0.00031804737910667456
952 464 0 0.0011150350559669126 0.00029080700919902535
960 464 0 0.00099710182422098597 0.00026644420150697453
968 464 0 0.00089587992903873595 0.00024498936182808413
976 464 0 0.00081058255081647751 0.00022647793758989493
984 464 0 0.00074052640259586824 0.00021095129987310293
992 464 0 0.00068514409036893819 0.00019845471995743322
1000 464 0 0.00064398822972075388 0.00018903332759868539
1008 464 0 0.00061672981151672426 0.00018272710458078624
1016 464 0 0.00060315366012453386 0.00017956598181569148
0 472 0 2.5597308158009451e-05 1.106385087608463e-05
8 472 0 2.6563332319244568e-05 1.1414671038290021e-05
16 472 0 2.8522339188742891e-05 1.2123808642438674e-05
24 472 0 3.1528260605380734e-05 1.3206210455793196e-05
32 472 0 3.5662022073145495e-05 1.4684163218913215e-05
40 472 0 4.1031558864003869e-05 1.6587098351837127e-05
48 472 0 4.777183218208858e-05 1.895128374172894e-05
56 472 0 5.6044882488975302e-05 2.1819381603179363e-05
64 472 0 6.6040007586438284e-05 2.5239867386675092e-05
72 472 0 7.7974215457643991e-05 2.9266329357480403e-05
80 472 0 9.2093165353122458e-05 3.395669863027307e-05
88 472 0 0.00010867286018695203 3.9372490158803223e-05
96 472 0 0.00012802237161392381 4.557816009853884e-05
104 472 0 0.00015048784912881537 5.2640697120186485e-05
112 472 0 0.00017645797281261647 6.0629558130708702e-05
120 472 0 0.00020637085003897597 6.9617027638838247e-05
128 472 0 0.00024072213456449693 7.9679022883747612e-05
136 472 0 0.0002800738804026041 9.0896286187184606e-05
144 472 0 0.00032506336532425972 0.00010335580902799175
152 472 0 0.00037641087475864501 0.00011715223123464025
160 472 0 0.00043492527906123355 0.00013238886970663911
168 472 0 0.00050150621852782515 0.00014917797278424163
176 472 0 0.00057714187434492327 0.00016763978700132058
184 472 0 0.00066290167221516529 0.00018790007702064785
192 472 0 0.00075992382978021906 0.00021008586443879219
200 472 0 0.00086939837159637559 0.00023431934398470224
208 472 0 0.00099254700786087393 0.00026071018130708061
216 472 0 0.0011306019811362937 0.00028934666743389115
224 472 0 0.0012847864824523721 0.00032028646290346223
232 472 0 0.0014562993770691115 0.00035354786502698608
240 472 0 0.0016463066404271102 0.00038910263033685856
248 472 0 0.0018559410228751138 0.00042687134441135003
256 472 0 0.0020863100582375364 0.00046672213215007228
264 472 0 0.0023385107290910538 0.00050847314500755995
272 472 0 0.0026136471294210015 0.00055189877618383844
280 472 0 0.0029128456416345357 0.00059673899568651488
288 472 0 0.0032372608411756179 0.00064271064214242854
296 472 0 0.0035880649267379661 0.00068951904776270393
304 472 0 0.0039664142442957821 0.00073686809709882454
312 472 0 0.0043733885832672485 0.0007844668035516273
320 472 0 0.0048099023244321691 0.00083203077355413144
328 472 0 0.0052765909240032501 0.00087927751766420353
336 472 0 0.0057736811001633838 0.00092591541208315257
344 472 0 0.0063008577269334587 0.00097162711717817176
352 472 0 0.0068571440096260663 0.0010160492871330931
360 472 0 0.0074408132105159702 0.00105875130181886
368 472 0 0.0080493493719716105 0.0010992163653641574
376 472 0 0.0086794708132802174 0.0011368285196903301
384 472 0 0.0093272237414479594 0.0011708688392527804
392 472 0 0.0099881446746013427 0.0012005232956964207
400 472 0 0.010657480544125481 0.0012249035720082006
408 472 0 0.011330445686782887 0.0012430805982619458
416 472 0 0.012002487003536792 0.0012541289619709788
424 472 0 0.012669523829555818 0.001257554553318203
432 472 0 0.013328128694128787 0.0012638130656312547
440 472 0 0.013975619761043988 0.0012613446459066851
448 472 0 0.014610045217571182 0.0012497278229063342
456 472 0 0.015230053322609459 0.0012287660124407577
464 472 0 0.015834657602488866 0.0011984968495234536
472 472 0 0.016422922629169494 0.0011591840395613739
480 472 0 0.016993609525675003 0.0011112923767069849
488 472 0 0.017544829544538496 0.001055448435396289
496 472 0 0.018073756994876539 0.00099239103132104864
504 472 0 0.018576448527299991 0.00092291667445374911
512 472 0 0.019047804446639532 0.00084782576330780582
520 472 0 0.019481690535451731 0.00076787513687156389
528 472 0 0.019871218037510636 0.0006837418306638865
536 472 0 0.020209157852767178 0.00059600157377851654
544 472 0 0.020488445775462053 0.00050512387258255798
552 472 0 0.020702721679999269 0.00041148365049250776
560 472 0 0.020846839142046679 0.00031538756259361436
568 472 0 0.020917284220153699 0.00021711147941172459
576 472 0 0.020912452876785462 0.00011694440571995493
584 472 0 0.02083275435512948 0.00019325026703381071
592 472 0 0.020680530226379803 0.0002918832690512671
600 472 0 0.020459802550022884 0.0003890478265214832
608 472 0 0.020175886209057421 0.0004842033967416004
616 472 0 0.019834916887242853 0.00057669629973607431
624 472 0 0.019443355057553992 0.00066576358758389798
632 472 0 0.019007526628400082 0.00075055322745630829
640 472 0 0.018533252750039357 0.00083015895286476377
648 472 0 0.018025606186734267 0.00090366647172249528
656 472 0 0.017488812082105096 0.00097020640385648074
664 472 0 0.01692628994220937 0.001029008510571916
672 472 0 0.016340814374888123 0.0010794515775547214
680 472 0 0.015734757287217356 0.0011211037535221284
688 472 0 0.015110365770332984 0.001153749187093123
696 472 0 0.014470028632873149 0.001177398324309676
704 472 0 0.013816490176550317 0.0011922810469249794
712 472 0 0.013152981009314143 0.0011988237238669819
720 472 0 0.012483250382493661 0.0011976129803667607
728 472 0 0.011811500265854329 0.0011980255548718483
736 472 0 0.011142235725500108 0.0011956168373903394
744 472 0 0.010480057142881841 0.0011870305072915303
752 472 0 0.0098294260960078272 0.001172927477341058
760 472 0 0.0091944378337948454 0.0011539098590348362
768 472 0 0.0085786295555739089 0.0011305046487087179
776 472 0 0.0079848461959743846 0.0011031605850777663
784 472 0 0.0074151756069361597 0.0010722567413163206
792 472 0 0.0068709545999714973 0.0010381200980271255
800 472 0 0.0063528378423025542 0.0010010484769752597
808 472 0 0.0058609143417514553 0.00096133488400325113
816 472 0 0.0053948519797139228 0.00091928951886290512
824 472 0 0.004954049494726929 0.00087525639049875099
832 472 0 0.0045377772130002656 0.00082962249915760448
840 472 0 0.0041452920024229291 0.00078281874494987806
848 472 0 0.0037759174862232858 0.00073531291917315784
856 472 0 0.0034290865123490001 0.00068759616875870401
864 472 0 0.0031043483393994073 0.00064016507210110183
872 472 0 0.0028013472787866709 0.00059350185440857619
880 472 0 0.0025197822106497879 0.00054805528741777706
888 472 0 0.002259357346942614 0.00050422449962200886
896 472 0 0.0020197339933692364 0.00046234734860047108
904 472 0 0.0018004912080620918 0.00042269428192343549
912 472 0 0.0016011006326326859 0.00038546785072718468
920 472 0 0.0014209178751638596 0.00035080734491131703
928 472 0 0.0012591901042716348 0.00031879747344022084
936 472 0 0.0011150773162678293 0.00028947966941852065
944 472 0 0.00098768327812055528 0.00026286447610164793
952 472 0 0.00087609150170647309 0.00023894355426043955
960 472 0 0.00077940171847941202 0.00021770010574157395
968 472 0 0.00069676305050815461 0.00019911687853058134
976 472 0 0.00062740120698896837 0.00018318134382750914
984 472 0 0.00057063834679840319 0.00016988805579746505
992 472 0 0.00052590552190170383 0.00015923856846723435
1000 472 0 0.00049274867611848422 0.00015123955360226966
1008 472 0 0.00047082989582434496 0.0001458999156923793
1016 472 0 0.00045992593170315226 0.00014322772842138159
0 480 0 3.6661159034094081e-05 1.5360416677180127e-05
8 480 0 3.7978003357534589e-05 1.582045937860906e-05
16 480 0 4.0646147831181565e-05 1.674942099416291e-05
24 480 0 4.473447106117393e-05 1.8164996545113361e-05
32 480 0 5.034618529205871e-05 2.0093563103695453e-05
40 480 0 5.7618657215840997e-05 2.2569925000990511e-05
48 480 0 6.672311592381752e-05 2.5636895313195906e-05
56 480 0 7.7864264092154665e-05 2.9344673786690635e-05
64 480 0 9.1279874973113377e-05 3.3750001231478305e-05
72 480 0 0.00010724054481512439 3.8915103085082207e-05
80 480 0 0.00012604986398339553 4.4906476525943725e-05
88 480 0 0.00014804535034575525 5.1793619938293365e-05
96 480 0 0.00017360053171246265 5.9647842486748083e-05
104 480 0 0.00020312854624900185 6.8541315806615403e-05
112 480 0 0.00023708753094332517 7.8546530402404889e-05
120 480 0 0.00027598787767781421 8.9736289217119041e-05
128 480 0 0.00032040115744824454 0.00010218430653781467
136 480 0 0.00037097016658978871 0.00011596638362822045
144 480 0 0.00042841917435225147 0.00013116201110111849
152 480 0 0.00049356310599328525 0.00014785611635023514
160 480 0 0.00056731414876787266 0.00016614055220845448
168 480 0 0.00065068419131206678 0.0001861148337495435
176 480 0 0.00074478166134624385 0.00020788559746739467
184 480 0 0.00085080174923581314 0.00023156430084837775
192 480 0 0.00097000969421901125 0.00025726281234277819
200 480 0 0.0011037177155810778 0.00028508676154514654
208 480 0 0.0012532571891679545 0.00031512681172451529
216 480 0 0.0014199486485701848 0.00034744835080631259
224 480 0 0.0016050729453558343 0.0003820804278945036
232 480 0 0.0018098472420960976 0.00041900503689103739
240 480 0 0.0020354092707639687 0.00045814801160292068
248 480 0 0.0022828123672864638 0.00049937280039994477
256 480 0 0.0025530321903876087 0.00054247820270720681
264 480 0 0.0028469838740986138 0.00058720076978170666
272 480 0 0.0031655459056048399 0.00063322202489882922
280 480 0 0.0035095846373210506 0.00068018000197637724
288 480 0 0.0038799714833180465 0.0007276839231400321
296 480 0 0.00427758397450067 0.00077533023866176772
304 480 0 0.0047032823413946066 0.00082271784370946399
312 480 0 0.0051578553868188758 0.00086946015730631192
320 480 0 0.0056419330979863005 0.00091519195945519768
328 480 0 0.0061558684416674536 0.00095956944562737567
336 480 0 0.0066995965122465364 0.0010022628320988233
344 480 0 0.0072724848441116305 0.0010429419347111907
352 480 0 0.0078731932967591595 0.0010812563061619734
360 480 0 0.0084995645123348302 0.0011168125844355017
368 480 0 0.009148565737335768 0.0011491525063266235
376 480 0 0.0098162993329705475 0.0011777354284127923
384 480 0 0.01049809258070074 0.0012019290761956323
392 480 0 0.011188667970297763 0.0012210115820943859
400 480 0 0.011882384116133682 0.0012341867240756223
408 480 0 0.012573526285044833 0.0012430805982619458
416 480 0 0.01325661596550777 0.0012541289619709788
424 480 0 0.013926702660046388 0.0012571788304905698
432 480 0 0.014579599517509586 0.0012514708233807986
440 480 0 0.015212028328460895 0.0012364085674169065
448 480 0 0.015821648790232051 0.0012116035726608687
456 480 0 0.016406960943814532 0.0011769076212050731
464 480 0 0.016967086613151661 0.0011324290106627943
472 480 0 0.01750145324077005 0.0010785306116005561
480 480 0 0.018009419114655464 0.0010158095889804611
488 480 0 0.018489890118466405 0.00094506057392790971
496 480 0 0.018940982815964916 0.00086722582108837709
504 480 0 0.019359785769452357 0.00078333724215236614
512 480 0 0.019742260460102936 0.00069445601346340355
520 480 0 0.020083306165348404 0.0006016156298966728
528 480 0 0.020376991847273807 0.00050577380976317074
536 480 0 0.020616935463982345 0.00040777761121516681
544 480 0 0.020796790401724 0.00030834462626194714
552 480 0 0.020910783025004352 0.0002080613450050825
560 480 0 0.020954237066379139 0.00010739792433245993
568 480 0 0.020924021068517457 0.00020388734195982833
576 480 0 0.020818864388135652 0.00030164251264032729
584 480 0 0.020639504088095669 0.00039655666534900436
592 480 0 0.020388646957328536 0.00048836248760490003
600 480 0 0.020070754723501401 0.00057677533549223281
608 480 0 0.019691682812315821 0.00066145814712773032
616 480 0 0.019258220587506779 0.0007419978243414331
624 480 0 0.018777591469970094 0.00081789605778875146
632 480 0 0.018256973400943774 0.00088857589697347722
640 480 0 0.017703093797174593 0.00095340353842099032
648 480 0 0.017121939715011771 0.00101172302685942
656 480 0 0.016518605678248616 0.0010629000418032608
664 480 0 0.015897281431637454 0.0011063698581988812
672 480 0 0.015261362797333401 0.0011416840600202913
680 480 0 0.014613653533695228 0.0011685507175967259
688 480 0 0.013956616583239861 0.0011868635011261178
696 480 0 0.013292630308563473 0.0011967165013118501
704 480 0 0.012624209129625337 0.0011984031994781864
712 480 0 0.011954157285447161 0.0011988237238669819
720 480 0 0.011285637402126901 0.0011976129803667607
728 480 0 0.010622149919091214 0.0011893503467631152
736 480 0 0.0099674329573362641 0.0011748027681638441
744 480 0 0.0093253029960021147 0.0011547541468797263
752 480 0 0.0086994634481895091 0.0011299626478183181
760 480 0 0.0080933103295427657 0.0011011275042520797
768 480 0 0.0075097618846079843 0.0010688676709659246
776 480 0 0.0069511331109230337 0.0010337130850513509
784 480 0 0.0064190678768444986 0.00099610773009166115
792 480 0 0.0059145322392000887 0.00095642236077140858
800 480 0 0.0054378640501375692 0.000914973792164985
808 480 0 0.0049888671544962128 0.00087204718725524249
816 480 0 0.0045669341696082987 0.00082791781010562414
824 480 0 0.0041711802932439404 0.00078286920148298855
832 480 0 0.0038005716423772503 0.00073720557062301531
840 480 0 0.0034540347675549392 0.00069125723486798988
848 480 0 0.0031305384684014526 0.00064537901782183316
856 480 0 0.0028291440257029402 0.00059994248664605983
864 480 0 0.0025490246881758232 0.0005553236512235841
872 480 0 0.0022894590909756491 0.00051188818781102178
880 480 0 0.0020498058472466297 0.00046997636340315825
888 480 0 0.001829467698832414 0.00042988964811019998
896 480 0 0.0016278534194983055 0.00039188057387093086
904 480 0 0.0014443443917487842 0.00035614681631330764
912 480 0 0.0012782707930631772 0.0003228298395695087
920 480 0 0.0011289000320654024 0.00029201784309845725
928 480 0 0.00099543784475107817 0.00026375225952055665
936 480 0 0.00087704059377814118 0.00023803672248968815
944 480 0 0.00077283600323491868 0.0002148472748856366
952 480 0 0.00068194888731701114 0.00019414261438946195
960 480 0 0.00060352837047403924 0.00017587334800537278
968 480 0 0.00053677354406257162 0.00015998950644558298
976 480 0 0.00048095530359131152 0.00014644590339765685
984 480 0 0.00043543308316228998 0.00013520526363611322
992 480 0 0.00039966617782027166 0.00012623934408143218
1000 480 0 0.00037322017602981118 0.00011952850008867304
1008 480 0 0.00035576961083687975 0.00011506028498746521
1016 480 0 0.00034709822490413509 0.00011282770679901718
0 488 0 5.2021575711274208e-05 2.1105707756129306e-05
8 488 0 5.3798462736143649e-05 2.170221146361187e-05
16 488 0 5.7395568825344474e-05 2.2905430589843422e-05
24 488 0 6.2899467606287291e-05 2.4735730548488294e-05
32 488 0 7.0439748395754163e-05 2.7223481266060038e-05
40 488 0 8.0188582216831508e-05 3.0408757505770523e-05
48 488 0 9.2360011237013425e-05 3.4340816448938377e-05
56 488 0 0.0001072089378788453 3.9077284919347791e-05
64 488 0 0.00012502987620459168 4.4683012786370628e-05
72 488 0 0.0001461556479002066 5.1228591598851292e-05
80 488 0 0.00017095634050933925 5.8788593881962698e-05
88 488 0 0.00019983897028404862 6.7439651000919705e-05
96 488 0 0.00023324837419921073 7.7258545583617344e-05
104 488 0 0.00027166986205561726 8.832053612528026e-05
112 488 0 0.00031563406134573006 0.00010069814452053316
120 488 0 0.00036572416689493325 0.0001144606118725975
128 488 0 0.00042258546398605922 0.00012967415823930895
136 488 0 0.00048693655021800916 0.00014640306847776158
144 488 0 0.00055958118545336997 0.00016471147726024673
152 488 0 0.00064141922234352039 0.00018466555809424354
160 488 0 0.00073345470097632714 0.00020633565762808294
168 488 0 0.00083679902506161028 0.00022979778656828729
176 488 0 0.00095266725881363852 0.00025513381235237845
184 488 0 0.0010823660500841909 0.00028242972283387159
192 488 0 0.0012272725065617894 0.00031177146207592588
200 488 0 0.0013888044771262244 0.0003432380821934331
208 488 0 0.0015683840008924698 0.00037689229446236268
216 488 0 0.0017673969993764974 0.00041276890488686855
224 488 0 0.0019871533732503379 0.00045086203293820014
232 488 0 0.002228852278987135 0.0004911123739360485
240 488 0 0.0024935572823668894 0.00053339600844565585
248 488 0 0.0027821851676864085 0.00057751632595814126
256 488 0 0.0030955103930948155 0.00062320047326742565
264 488 0 0.0034341846438803204 0.00067010134735511449
272 488 0 0.0037987679305036691 0.00071780555107122052
280 488 0 0.0041897646392974278 0.00076584697812544667
288 488 0 0.0046076554064580786 0.00081372488614902486
296 488 0 0.0050529142131624377 0.00086092456999209682
304 488 0 0.0055260001851040706 0.00090693818576047594
312 488 0 0.0060273155441251877 0.00095128301014712081
320 488 0 0.0065571250574414982 0.00099351452719695973
328 488 0 0.0071154378872948293 0.0010332322438148236
336 488 0 0.0077018593443453597 0.0010700770140881603
344 488 0 0.0083154267788228212 0.0011037198075374531
352 488 0 0.0089544496029211329 0.0011338431420139117
360 488 0 0.0096163770967703319 0.0011601176384925648
368 488 0 0.010297718243662391 0.0011821771545408189
376 488 0 0.01099403476138334 0.0011995965485502719
384 488 0 0.011700021656896372 0.0012118761989300467
392 488 0 0.012409679552392149 0.0012210115820943859
400 488 0 0.013116570840209304 0.0012341867240756223
408 488 0 0.013814139048645728 0.0012406127636008946
416 488 0 0.014496059554616513 0.0012394435891087425
424 488 0 0.015156581879484127 0.0012298792194377385
432 488 0 0.015790820851836307 0.001211221334326721
440 488 0 0.016394956899968428 0.0011829285715075338
448 488 0 0.016966314789805634 0.0011446659995735832
456 488 0 0.017503304446541128 0.0010963435027265961
464 488 0 0.018005225384536194 0.0010381387713845336
472 488 0 0.018471955313847922 0.0009705020730778717
480 488 0 0.018903560921033173 0.00089414180637770874
488 488 0 0.019299881918903406 0.00080999180043700089
496 488 0 0.01966014600129317 0.00071916318532825457
504 488 0 0.019982670981366874 0.00062288521191451729
512 488 0 0.0202647009349568 0.00052244047485386358
520 488 0 0.020502406644401342 0.00041910047905293832
528 488 0 0.020691059195623848 0.00031406734835004099
536 488 0 0.020825362198866455 0.00020842673488410957
544 488 0 0.02089990614173334 0.0001043101782600836
552 488 0 0.020909691068055229 0.00020949433313373345
560 488 0 0.020850653691478125 0.00031095538072780857
568 488 0 0.020720133726557628 0.00040815661251450072
576 488 0 0.020517221875495324 0.00050072661420281009
584 488 0 0.020242947422746665 0.00058842266273127081
592 488 0 0.019900284469723636 0.00067108674578532715
600 488 0 0.019493979388009168 0.00074859962079418946
608 488 0 0.01903022466518809 0.00082083839073589585
616 488 0 0.018516222763165346 0.00088764253896700743
624 488 0 0.017959695412181342 0.00094879228555721021
632 488 0 0.017368397503970297 0.0010040016167406525
640 488 0 0.016749690258753603 0.0010529265642098551
648 488 0 0.016110216688152351 0.001095187476096833
656 488 0 0.015455705636445355 0.0011304023443034616
664 488 0 0.014790911573438573 0.0011582269375483567
672 488 0 0.01411967873731311 0.0011783966992949223
680 488 0 0.013445102816098502 0.0011907652033173542
688 488 0 0.012769753082113743 0.0011953344357018437
696 488 0 0.012095913807251623 0.0011967165013118501
704 488 0 0.011425805930147151 0.0011984031994781864
712 488 0 0.010761757425330826 0.0011923998601163343
720 488 0 0.010106302028051984 0.001179335374074917
728 488 0 0.0094621988809360444 0.0011599510381551693
736 488 0 0.0088323782193860598 0.0011350547379502043
744 488 0 0.0082198286007355934 0.0011054743952665213
752 488 0 0.0076274481258086684 0.0010720153223808407
760 488 0 0.0070578849790650542 0.0010354253504777115
768 488 0 0.0065133914844486239 0.0009963704001593604
776 488 0 0.0059957113902458963 0.00095542172067713746
784 488 0 0.005506013330036268 0.00091305454680823059
792 488 0 0.0050448756341971625 0.00086965660500292613
800 488 0 0.0046123201459691947 0.00082554390416837448
808 488 0 0.0042078864795845692 0.00078098067491164363
816 488 0 0.0038307339591916365 0.00073620021041666218
824 488 0 0.0034797566117610265 0.00069142368148291397
832 488 0 0.0031536969822538604 0.00064687466012338995
840 488 0 0.0028512468031114996 0.00060278796444343963
848 488 0 0.0025711260786935946 0.00055941238970785801
856 488 0 0.0023121362460339573 0.0005170077796689829
864 488 0 0.0020731870819880819 0.00047583760618774128
872 488 0 0.0018533004013804183 0.00043615868959523082
880 488 0 0.0016515959706298678 0.00039820987661676188
888 488 0 0.0014672662896900316 0.00036220140914238245
896 488 0 0.0012995470063757275 0.00032830641312257803
904 488 0 0.0011476889080776942 0.00029665548367108999
912 488 0 0.0010109359712389731 0.00026733482182420411
920 488 0 0.00088851216243829355 0.00024038786962710882
928 488 0 0.00077961788530600095 0.00021581995944507722
936 488 0 0.00068343540730291777 0.00019360518647522341
944 488 0 0.00059914145050799796 0.00017369455272692072
952 488 0 0.00052592447156812384 0.0001560244157488873
960 488 0 0.00046300398404756167 0.00014052438642647757
968 488 0 0.00040964952001230377 0.00012712402405026785
976 488 0 0.00036519737026391533 0.00011575793332739619
984 488 0 0.00032906394711003422 0.00010636913605225576
992 488 0 0.00030075534462095551 9.8910833199316141e-05
1000 488 0 0.00027987331319282317 9.3346862836988012e-05
1008 488 0 0.00026611833352959579 8.965127730728396e-05
1016 488 0 0.00025929072273524548 8.7807502168889609e-05
0 496 0 7.3127283467403514e-05 2.8695135354766182e-05
8 496 0 7.5500674199755518e-05 2.9459878223459034e-05
16 496 0 8.0300999415187897e-05 3.100070714714269e-05
24 496 0 8.7635198154775585e-05 3.3340267321835636e-05
32 496 0 9.7663229661814201e-05 3.6512375093072046e-05
40 496 0 0.00011059733972260203 4.0561709732679223e-05
48 496 0 0.0001267008276859518 4.5543218567339243e-05
56 496 0 0.00014628622279819309 5.15211282038542e-05
64 496 0 0.00016971288899096231 5.8567483214785795e-05
72 496 0 0.00019738423949905789 6.6760187935075235e-05
80 496 0 0.00022974493439130195 7.6180601746748044e-05
88 496 0 0.00026727862128496832 8.691082388580972e-05
96 496 0 0.00031050691978282808 9.9030887224273547e-05
104 496 0 0.00035999039818089752 0.00011261614612961184
112 496 0 0.00041633220586626322 0.00012773517545575021
120 496 0 0.00048018477876753075 0.00014444848215495966
128 496 0 0.00055225962222536817 0.00016280825898235039
136 496 0 0.00063333961869577074 0.000182859279879592
144 496 0 0.0007242926627136167 0.00020464085698582255
152 496 0 0.00082608478043776393 0.00022818956833001744
160 496 0 0.00093979035860441008 0.00025354225125532107
168 496 0 0.0010665968116298976 0.00028073857470927279
176 496 0 0.001207801071166017 0.00030982239152356765
184 496 0 0.0013647957729180625 0.00034084106424591277
192 496 0 0.0015390439686377153 0.00037384207960643808
200 496 0 0.0017320425593196575 0.00040886652568777751
208 496 0 0.0019452762953548325 0.00044593938963988938
216 496 0 0.002180165904263366 0.00048505710647157342
224 496 0 0.0024380154061885381 0.00052617329353514715
232 496 0 0.0027199646529231835 0.00056918406722513337
240 496 0 0.0030269532908125452 0.00061391467798317233
248 496 0 0.0033597014936445498 0.00066010934253623145
256 496 0 0.0037187108663622411 0.00070742604321909772
264 496 0 0.0041042859912354349 0.0007554376796992824
272 496 0 0.0045165734815748896 0.00080364031543199432
280 496 0 0.0049556116174228745 0.0008514684205544569
288 496 0 0.0054213802926071034 0.00089831607556293581
296 496 0 0.0059138387831545345 0.00094356219575623089
304 496 0 0.0064329383708645466 0.00098659710611255502
312 496 0 0.0069785985542723085 0.0010268473706118763
320 496 0 0.0075506395846384579 0.001063795756754614
328 496 0 0.0081486701311096529 0.0010969936406316928
336 496 0 0.00877193635843352 0.0011260640110184877
344 496 0 0.0094191465863602743 0.0011506944255059836
352 496 0 0.010088292744935045 0.0011706206608906068
360 496 0 0.010776494735262897 0.0011856031960256804
368 496 0 0.01147989539820321 0.0011953998656011409
376 496 0 0.012193631309933612 0.0011997388412941859
384 496 0 0.012911897855826419 0.0012118761989300467
392 496 0 0.013628116454442341 0.0012184369020501913
400 496 0 0.014335198571671483 0.0012186277314621789
408 496 0 0.015025887019067785 0.0012117479704220578
416 496 0 0.015693142062545809 0.0011970825079292962
424 496 0 0.016330530214824772 0.0011739483353406452
432 496 0 0.016932569078850344 0.0011417482270140375
440 496 0 0.017494983443190847 0.0011000265432224189
448 496 0 0.018014836303748054 0.00104852151394242
456 496 0 0.018490512878536352 0.00098720843199522415
464 496 0 0.018921554288067459 0.00091632890353126467
472 496 0 0.019308357904906898 0.00083640259105897605
480 496 0 0.01965178050920487 0.00074821958817169673
488 496 0 0.019952695406534975 0.00065281348763156916
496 496 0 0.020211563128024114 0.00055141712673094367
504 496 0 0.020428075685202149 0.00044540470383527472
512 496 0 0.020600926211639541 0.00033622527668274171
520 496 0 0.020727740089137928 0.00022533344473658554
528 496 0 0.020805182409027029 0.00011412321340318124
536 496 0 0.020829232828717625 0.00019979597752335307
544 496 0 0.020795595963473256 0.00030764826013086194
552 496 0 0.020700196734921496 0.00041076714634073405
560 496 0 0.020539698310750316 0.00050834884970465954
568 496 0 0.020311977114043128 0.00059981804434764904
576 496 0 0.020016495261292514 0.00068481150842321023
584 496 0 0.019654524760015394 0.00076314671792714409
592 496 0 0.019229197723938309 0.00083477958559951063
600 496 0 0.018745379767214979 0.00089975651823643796
608 496 0 0.018209386274452195 0.00095816638214156133
616 496 0 0.017628580224198338 0.0010100977684762008
624 496 0 0.017010903126624132 0.0010556061535420928
632 496 0 0.016364395887229644 0.0010946942395576292
640 496 0 0.015696763694543748 0.0011273070893238427
648 496 0 0.015015029212055518 0.0011533418318793055
656 496 0 0.014325303292141893 0.0011726699393343702
664 496 0 0.013632684635890216 0.0011851685772699457
672 496 0 0.012941282038018188 0.001190756498379162
680 496 0 0.012254337612781148 0.0011907652033173542
688 496 0 0.011574418646411899 0.0011953344357018437
696 496 0 0.010903640582613158 0.0011922732246384647
704 496 0 0.0102438843043882 0.0011819216257589506
712 496 0 0.009596976634235619 0.0011647807910952074
720 496 0 0.0089648124528336984 0.0011414895752182852
728 496 0 0.0083494082428276061 0.0011127906381084383
736 496 0 0.0077528883169567953 0.0010794899024292644
744 496 0 0.0071774148134433292 0.0010424137872922642
752 496 0 0.0066250795016411686 0.0010023686241674998
760 496 0 0.0060977788804974977 0.00096010609856755653
768 496 0 0.0055970939223246403 0.00091629756212398359
776 496 0 0.0051241926043327805 0.00087151878591311578
784 496 0 0.0046797679636752061 0.0008262453663610619
792 496 0 0.0042640178979224744 0.00078085773627468817
800 496 0 0.0038766664132676761 0.00073565373270151856
808 496 0 0.0035170204416394772 0.000690866037945092
816 496 0 0.0031840523723238646 0.00064668158686777191
824 496 0 0.002876496404245915 0.00060326020751511143
832 496 0 0.0025929467176389331 0.00056075026461492724
840 496 0 0.0023319470027935094 0.00051929980031799024
848 496 0 0.0020920635896701551 0.00047906248902343952
856 496 0 0.0018719377256630463 0.00044019852037091101
864 496 0 0.0016703158892775536 0.00040287119271052827
872 496 0 0.0014860599350470121 0.00036724046633340615
880 496 0 0.0013181410137613971 0.0003334549568684707
888 496 0 0.0011656224423309319 0.00030164384735909965
896 496 0 0.0010276370091808799 0.00027190999719484761
904 496 0 0.00090336372398298307 0.00024432518409471114
912 496 0 0.00079200797179951007 0.00021892799943946299
920 496 0 0.00069278766753722671 0.00019572449490106684
928 496 0 0.00060492657794816197 0.00017469130735783898
936 496 0 0.00052765469606669627 0.0001557807112362215
944 496 0 0.00046021456536189963 0.00013892688514609834
952 496 0 0.00040187183529784786 0.00012405263627027598
960 496 0 0.00035192809576230921 0.00011107588828525246
968 496 0 0.00030973413847066791 9.9915381541635859e-05
976 496 0 0.00027470214418264926 9.0495226081266074e-05
984 496 0 0.00024631579147749578 8.2748155632538433e-05
992 496 0 0.0002241378208103277 7.6617523810627809e-05
1000 496 0 0.00020781507480872419 7.205823838409898e-05
1008 496 0 0.00019708140372766783 6.9036929801927964e-05
1016 496 0 0.00019175903363170748 6.7531689103538e-05
0 504 0 0.0001018224188221697 3.8595101230930382e-05
8 504 0 0.00010496055242321455 3.9564475434962398e-05
16 504 0 0.00011130170656233059 4.1515266117984621e-05
24 504 0 0.00012097546547661122 4.4471562876070625e-05
32 504 0 0.00013417560475488625 4.8469443708707593e-05
40 504 0 0.00015115904945528125 5.3556726298250776e-05
48 504 0 0.00017224404625329105 5.9792369835707387e-05
56 504 0 0.00019780735100204729 6.7245365133823632e-05
64 504 0 0.00022828037220574811 7.5992983702481031e-05
72 504 0 0.00026414442743413313 8.6118324444468732e-05
80 504 0 0.00030592553613804999 9.7707193720676156e-05
88 504 0 0.00035418944517077804 0.00011084446927593265
96 504 0 0.00040953780700710163 0.00012561021459368219
104 504 0 0.00047260654431050935 0.00014207590798153449
112 504 0 0.00054406738132201343 0.00016030120939476472
120 504 0 0.00062463326092249041 0.00018033168905589746
128 504 0 0.00071506788120771856 0.00020219787222722381
136 504 0 0.00081619889857536274 0.0002259158098457054
144 504 0 0.00092893351969943925 0.00025148917252725597
152 504 0 0.0010542743487677814 0.00027891260600267109
160 504 0 0.0011933326098597311 0.00030817581202521459
168 504 0 0.0013473353863391704 0.00033926757237792509
176 504 0 0.0015176234626895846 0.00037217876141673362
184 504 0 0.0017056368371639753 0.00040690333867376711
192 504 0 0.0019128860482441534 0.00044343641092958481
200 504 0 0.002140909085007435 0.0004817687180141317
208 504 0 0.0023912156849947219 0.00052187731907513048
216 504 0 0.0026652230107349394 0.00056371279921635115
224 504 0 0.0029641886997236852 0.00060718391682820869
232 504 0 0.0032891487201483168 0.00065214118561089966
240 504 0 0.0036408679687957176 0.00069836133816765641
248 504 0 0.0040198108361807813 0.00074553486002238833
256 504 0 0.0044261369095813389 0.00079325874344990562
264 504 0 0.0048597236709347173 0.00084103625326876867
272 504 0 0.005320213797006884 0.00088828483057573539
280 504 0 0.0058070800379773314 0.00093435234408563526
288 504 0 0.0063196963681700392 0.00097854083793157132
296 504 0 0.0068574009789107654 0.0010201358605645009
304 504 0 0.0074195354769771016 0.0010584385495247244
312 504 0 0.0080054459248841848 0.0010927970421183483
320 504 0 0.0086144353413930719 0.0011226336013068494
328 504 0 0.0092456637717413456 0.0011474641544426227
336 504 0 0.0098980003694520077 0.001166907736096099
344 504 0 0.010569841011866258 0.0011806845277727643
352 504 0 0.011258913405825651 0.0011886026527946174
360 504 0 0.011962097931288577 0.0011905354215189443
368 504 0 0.012675295263804351 0.0011953998656011409
376 504 0 0.013393370151227798 0.0011997388412941859
384 504 0 0.014110194247156647 0.0011982963913302284
392 504 0 0.014818800023138153 0.0011906835686958123
400 504 0 0.015511643664298119 0.0011764450926266354
408 504 0 0.016180959330758141 0.0011550723116903559
416 504 0 0.01681917249810477 0.0011260304355589605
424 504 0 0.017419328625687739 0.0010887984108629671
432 504 0 0.017975487206048628 0.0010429181271982835
440 504 0 0.018483031734214464 0.00098804829102361671
448 504 0 0.018938853776013644 0.00092401747226559042
456 504 0 0.019341383497023724 0.00085087061848737253
464 504 0 0.019690458060823663 0.00076890377275620411
472 504 0 0.019987040676907639 0.00067868277200074101
480 504 0 0.020232823729759493 0.00058104322055462301
488 504 0 0.020429766261191706 0.00047707085465673038
496 504 0 0.020579626463250244 0.00036806333522612991
504 504 0 0.02068355200681276 0.00025547632161061068
512 504 0 0.020741784412013336 0.0001408582003737946
520 504 0 0.020753519008935503 0.00017389254568525928
528 504 0 0.02071694132068801 0.00028717505949630434
536 504 0 0.020629436851194272 0.00039661312143478289
544 504 0 0.020487947703342394 0.00050090702643475898
552 504 0 0.020289429588580762 0.00059897152775710213
560 504 0 0.020031349461045657 0.00068996596402193591
568 504 0 0.019712159069695478 0.00077330529368183423
576 504 0 0.019331683752869304 0.00084865201865483991
584 504 0 0.01889137804208825 0.00091589083603962201
592 504 0 0.018394418138338798 0.00097508951265105545
600 504 0 0.017845623248978541 0.0010264507508737711
608 504 0 0.017251219892310633 0.0010702605615524885
616 504 0 0.016618482455722138 0.0011068387914240172
624 504 0 0.015955296973082039 0.0011364969499438864
632 504 0 0.015269701647672015 0.001159507400515368
640 504 0 0.014569456605219905 0.0011760864539921059
648 504 0 0.013861687380176213 0.0011863921163718597
656 504 0 0.013152633352807523 0.0011905354215189443
664 504 0 0.012447516058620271 0.0011886026527946156
672 504 0 0.011750525539639026 0.001190756498379162
680 504 0 0.01106490810554811 0.0011894295072330374
688 504 0 0.010393127926183968 0.0011812907202279309
696 504 0 0.0097370689426999214 0.0011665716399132369
704 504 0 0.009098242967002533 0.0011456413373856673
712 504 0 0.008477974026501826 0.001119002607733793
720 504 0 0.007877536839475268 0.0010872756133584304
728 504 0 0.0072982372061016106 0.0010511710367259956
736 504 0 0.0067414323820629658 0.0010114559348938295
744 504 0 0.0062084986275826193 0.00096891618586070986
752 504 0 0.0057007599242034869 0.00092431957743768171
760 504 0 0.0052193956530312445 0.00087838322746625324
768 504 0 0.0047653456962031705 0.00083174822612146985
776 504 0 0.0043392293069633749 0.00078496329736940564
784 504 0 0.0039412899057592174 0.00073847805791598872
792 504 0 0.0035713726165518943 0.00069264528137058003
800 504 0 0.0032289358099512906 0.00064773060331638557
808 504 0 0.0029130930040698528 0.00060392743756962439
816 504 0 0.0026226778030215667 0.00056137456930229791
824 504 0 0.0023563224591737386 0.00052017394507217641
832 504 0 0.0021125401758377424 0.00048040654180119078
840 504 0 0.0018898022241063185 0.0004421447786871909
848 504 0 0.0016866029587170957 0.0004054606309530594
856 504 0 0.0015015084218849462 0.00037042930377810014
864 504 0 0.0013331869547704527 0.00033712893450710095
872 504 0 0.0011804226922266952 0.0003056372428203169
880 504 0 0.0010421147084210681 0.00027602630534032894
888 504 0 0.00091726575343494237 0.00024835668889598955
896 504 0 0.00080496494997838786 0.00022267205920249201
904 504 0 0.00070436859071677815 0.00019899513326620492
912 504 0 0.00061468245229204385 0.00017732551950746622
920 504 0 0.00053514802160078393 0.00015763964593644279
928 504 0 0.00046503391444671074 0.00013989266350145123
936 504 0 0.00040363272985872615 0.00012402196620797012
944 504 0 0.00035026275187860186 0.00010995181348329776
952 504 0 0.00030427335590822914 9.7598479389618723e-05
960 504 0 0.00026505271613587092 8.6875379626438287e-05
968 504 0 0.00023203641608899846 7.7697722381669455e-05
976 504 0 0.00020471577575353208 6.9986368429117174e-05
984 504 0 0.00018264504846359387 6.3670743013901916e-05
992 504 0 0.00016544702835268187 5.8690792457645832e-05
1000 504 0 0.00015281697268031523 5.4998102128408951e-05
1008 504 0 0.00014452502785817698 5.2556375869490849e-05
1016 504 0 0.00014041752005310008 5.1341513578607398e-05
0 512 0 0.00014041752005310008 5.1341513578607371e-05
8 512 0 0.00014452502785817695 5.2556375869490849e-05
16 512 0 0.00015281697268031521 5.4998102128408951e-05
24 512 0 0.00016544702835268185 5.8690792457645859e-05
32 512 0 0.00018264504846359384 6.3670743013901943e-05
40 512 0 0.00020471577575353203 6.9986368429117174e-05
48 512 0 0.00023203641608899843 7.7697722381669427e-05
56 512 0 0.00026505271613587092 8.6875379626438287e-05
64 512 0 0.00030427335590822914 9.7598479389618723e-05
72 512 0 0.00035026275187860186 0.00010995181348329776
80 512 0 0.00040363272985872615 0.00012402196620797012
88 512 0 0.00046503391444671069 0.00013989266350145118
96 512 0 0.00053514802160078382 0.00015763964593644279
104 512 0 0.00061468245229204385 0.00017732551950746611
112 512 0 0.00070436859071677815 0.00019899513326620481
120 512 0 0.00080496494997838786 0.0002226720592024918
128 512 0 0.00091726575343494237 0.00024835668889598955
136 512 0 0.0010421147084210681 0.00027602630534032894
144 512 0 0.0011804226922266952 0.0003056372428203169
152 512 0 0.0013331869547704525 0.00033712893450710095
160 512 0 0.0015015084218849457 0.00037042930377810036
168 512 0 0.0016866029587170954 0.00040546063095305961
176 512 0 0.0018898022241063182 0.00044214477868719068
184 512 0 0.0021125401758377424 0.00048040654180118991
192 512 0 0.0023563224591737382 0.00052017394507217598
200 512 0 0.0026226778030215667 0.00056137456930229748
208 512 0 0.0029130930040698524 0.00060392743756962396
216 512 0 0.0032289358099512906 0.00064773060331638514
224 512 0 0.0035713726165518939 0.00069264528137058046
232 512 0 0.0039412899057592165 0.00073847805791598872
240 512 0 0.004339229306963374 0.00078496329736940564
248 512 0 0.0047653456962031696 0.00083174822612146985
256 512 0 0.0052193956530312445 0.00087838322746625324
264 512 0 0.005700759924203486 0.00092431957743768257
272 512 0 0.0062084986275826193 0.00096891618586070986
280 512 0 0.0067414323820629667 0.0010114559348938287
288 512 0 0.0072982372061016106 0.0010511710367259956
296 512 0 0.0078775368394752663 0.0010872756133584321
304 512 0 0.008477974026501826 0.001119002607733793
312 512 0 0.009098242967002533 0.0011456413373856673
320 512 0 0.0097370689426999214 0.0011665716399132352
328 512 0 0.010393127926183968 0.0011812907202279309
336 512 0 0.011064908105548107 0.0011894295072330391
344 512 0 0.011750525539639022 0.0011907564983791637
352 512 0 0.012447516058620269 0.0011886026527946174
360 512 0 0.013152633352807521 0.0011905354215189443
368 512 0 0.013861687380176211 0.0011863921163718597
376 512 0 0.014569456605219902 0.0011760864539921041
384 512 0 0.015269701647672013 0.0011595074005153663
392 512 0 0.015955296973082039 0.0011364969499438864
400 512 0 0.016618482455722134 0.0011068387914240155
408 512 0 0.01725121989231063 0.0010702605615524885
416 512 0 0.017845623248978537 0.0010264507508737676
424 512 0 0.018394418138338798 0.00097508951265105892
432 512 0 0.018891378042088253 0.00091589083603962548
440 512 0 0.019331683752869304 0.00084865201865483991
448 512 0 0.019712159069695478 0.00077330529368183423
456 512 0 0.02003134946104566 0.00068996596402193591
464 512 0 0.020289429588580765 0.00059897152775710213
472 512 0 0.020487947703342398 0.00050090702643475898
480 512 0 0.020629436851194276 0.00039661312143478289
488 512 0 0.02071694132068801 0.00028717505949630434
496 512 0 0.020753519008935507 0.00017389254568526274
504 512 0 0.020741784412013336 0.0001408582003737946
512 512 0 0.020683552006812763 0.00025547632161061068
520 512 0 0.020579626463250244 0.00036806333522612991
528 512 0 0.020429766261191706 0.00047707085465673385
536 512 0 0.020232823729759489 0.00058104322055461607
544 512 0 0.019987040676907635 0.00067868277200073754
552 512 0 0.01969045806082366 0.00076890377275620758
560 512 0 0.019341383497023721 0.000850870618487376
568 512 0 0.018938853776013644 0.00092401747226559042
576 512 0 0.018483031734214464 0.00098804829102361671
584 512 0 0.017975487206048628 0.0010429181271982835
592 512 0 0.017419328625687742 0.0010887984108629706
600 512 0 0.01681917249810477 0.001126030435558957
608 512 0 0.016180959330758145 0.0011550723116903576
616 512 0 0.01551164366429812 0.0011764450926266354
624 512 0 0.014818800023138153 0.0011906835686958123
632 512 0 0.014110194247156647 0.0011982963913302266
640 512 0 0.013393370151227799 0.0011997388412941859
648 512 0 0.012675295263804353 0.0011953998656011391
656 512 0 0.011962097931288579 0.0011905354215189443
664 512 0 0.011258913405825655 0.0011886026527946156
672 512 0 0.010569841011866261 0.0011806845277727643
680 512 0 0.0098980003694520112 0.001166907736096099
688 512 0 0.0092456637717413456 0.0011474641544426227
696 512 0 0.0086144353413930719 0.0011226336013068494
704 512 0 0.0080054459248841848 0.0010927970421183483
712 512 0 0.0074195354769771016 0.0010584385495247244
720 512 0 0.0068574009789107654 0.0010201358605645026
728 512 0 0.0063196963681700384 0.00097854083793157218
736 512 0 0.0058070800379773297 0.00093435234408563612
744 512 0 0.005320213797006884 0.00088828483057573539
752 512 0 0.0048597236709347173 0.00084103625326876954
760 512 0 0.0044261369095813389 0.00079325874344990562
768 512 0 0.0040198108361807813 0.0007455348600223892
776 512 0 0.0036408679687957171 0.00069836133816765771
784 512 0 0.0032891487201483164 0.00065214118561090096
792 512 0 0.0029641886997236848 0.00060718391682820956
800 512 0 0.002665223010734939 0.00056371279921635159
808 512 0 0.0023912156849947219 0.00052187731907513092
816 512 0 0.002140909085007435 0.0004817687180141317
824 512 0 0.0019128860482441536 0.00044343641092958502
832 512 0 0.0017056368371639753 0.00040690333867376711
840 512 0 0.0015176234626895846 0.00037217876141673384
848 512 0 0.0013473353863391706 0.00033926757237792509
856 512 0 0.0011933326098597314 0.00030817581202521481
864 512 0 0.0010542743487677816 0.00027891260600267109
872 512 0 0.00092893351969943936 0.00025148917252725586
880 512 0 0.00081619889857536274 0.0002259158098457054
888 512 0 0.00071506788120771856 0.00020219787222722381
896 512 0 0.00062463326092249041 0.00018033168905589746
904 512 0 0.00054406738132201343 0.00016030120939476472
912 512 0 0.00047260654431050935 0.00014207590798153449
920 512 0 0.00040953780700710163 0.0001256102145936823
928 512 0 0.00035418944517077804 0.0001108444692759327
936 512 0 0.00030592553613804999 9.7707193720676156e-05
944 512 0 0.00026414442743413307 8.6118324444468786e-05
952 512 0 0.00022828037220574811 7.5992983702481031e-05
960 512 0 0.00019780735100204729 6.7245365133823632e-05
968 512 0 0.00017224404625329105 5.9792369835707414e-05
976 512 0 0.00015115904945528128 5.3556726298250803e-05
984 512 0 0.00013417560475488627 4.8469443708707593e-05
992 512 0 0.00012097546547661125 4.4471562876070625e-05
1000 512 0 0.00011130170656233063 4.1515266117984607e-05
1008 512 0 0.00010496055242321457 3.9564475434962412e-05
1016 512 0 0.00010182241882216971 3.8595101230930369e-05
0 520 0 0.00019175903363170745 6.7531689103538027e-05
8 520 0 0.0001970814037276678 6.9036929801927991e-05
16 520 0 0.00020781507480872416 7.2058238384099007e-05
24 520 0 0.0002241378208103277 7.6617523810627809e-05
32 520 0 0.00024631579147749578 8.2748155632538433e-05
40 520 0 0.0002747021441826492 9.0495226081266074e-05
48 520 0 0.00030973413847066786 9.9915381541635859e-05
56 520 0 0.00035192809576230921 0.00011107588828525246
64 520 0 0.00040187183529784786 0.00012405263627027598
72 520 0 0.00046021456536189963 0.00013892688514609823
80 520 0 0.00052765469606669627 0.0001557807112362215
88 520 0 0.00060492657794816186 0.00017469130735783898
96 520 0 0.00069278766753722661 0.00019572449490106684
104 520 0 0.00079200797179950996 0.0002189279994394631
112 520 0 0.00090336372398298296 0.00024432518409471104
120 520 0 0.0010276370091808797 0.00027190999719484761
128 520 0 0.0011656224423309319 0.00030164384735909943
136 520 0 0.0013181410137613971 0.00033345495686847048
144 520 0 0.0014860599350470121 0.00036724046633340593
152 520 0 0.0016703158892775534 0.00040287119271052848
160 520 0 0.0018719377256630461 0.00044019852037091123
168 520 0 0.0020920635896701551 0.00047906248902343908
176 520 0 0.0023319470027935089 0.00051929980031799024
184 520 0 0.0025929467176389323 0.00056075026461492724
192 520 0 0.0028764964042459142 0.00060326020751511143
200 520 0 0.0031840523723238642 0.00064668158686777147
208 520 0 0.0035170204416394763 0.00069086603794509286
216 520 0 0.0038766664132676757 0.00073565373270151899
224 520 0 0.0042640178979224744 0.00078085773627468817
232 520 0 0.0046797679636752052 0.0008262453663610619
240 520 0 0.0051241926043327796 0.00087151878591311578
248 520 0 0.0055970939223246394 0.00091629756212398359
256 520 0 0.0060977788804974977 0.00096010609856755566
264 520 0 0.0066250795016411686 0.0010023686241674989
272 520 0 0.0071774148134433292 0.0010424137872922642
280 520 0 0.0077528883169567953 0.0010794899024292662
288 520 0 0.0083494082428276061 0.00111279063810844
296 520 0 0.0089648124528336984 0.0011414895752182869
304 520 0 0.009596976634235619 0.0011647807910952074
312 520 0 0.0102438843043882 0.0011819216257589506
320 520 0 0.010903640582613157 0.0011922732246384665
328 520 0 0.011574418646411899 0.0011953344357018437
336 520 0 0.012254337612781146 0.0011907652033173559
344 520 0 0.012941282038018186 0.0011907564983791637
352 520 0 0.013632684635890215 0.0011851685772699457
360 520 0 0.01432530329214189 0.0011726699393343684
368 520 0 0.015015029212055515 0.0011533418318793037
376 520 0 0.015696763694543744 0.0011273070893238427
384 520 0 0.016364395887229644 0.0010946942395576309
392 520 0 0.017010903126624132 0.0010556061535420928
400 520 0 0.017628580224198338 0.0010100977684762043
408 520 0 0.018209386274452195 0.0009581663821415648
416 520 0 0.018745379767214982 0.0008997565182364449
424 520 0 0.019229197723938312 0.0008347795855995141
432 520 0 0.019654524760015397 0.00076314671792714409
440 520 0 0.020016495261292518 0.0006848115084232137
448 520 0 0.020311977114043128 0.00059981804434764904
456 520 0 0.020539698310750316 0.00050834884970465608
464 520 0 0.020700196734921499 0.00041076714634073405
472 520 0 0.02079559596347326 0.00030764826013086194
480 520 0 0.020829232828717629 0.00019979597752335307
488 520 0 0.020805182409027033 0.00011412321340318124
496 520 0 0.020727740089137931 0.00022533344473658901
504 520 0 0.020600926211639541 0.00033622527668274171
512 520 0 0.020428075685202152 0.00044540470383527819
520 520 0 0.020211563128024114 0.00055141712673094714
528 520 0 0.019952695406534972 0.00065281348763156569
536 520 0 0.019651780509204873 0.0007482195881717002
544 520 0 0.019308357904906898 0.00083640259105897605
552 520 0 0.018921554288067452 0.0009163289035312612
560 520 0 0.018490512878536345 0.00098720843199522068
568 520 0 0.018014836303748054 0.00104852151394242
576 520 0 0.017494983443190847 0.0011000265432224224
584 520 0 0.016932569078850344 0.0011417482270140375
592 520 0 0.016330530214824772 0.0011739483353406469
600 520 0 0.015693142062545812 0.0011970825079292979
608 520 0 0.015025887019067787 0.0012117479704220595
616 520 0 0.014335198571671485 0.0012186277314621824
624 520 0 0.013628116454442341 0.0012184369020501913
632 520 0 0.01291189785582642 0.0012118761989300484
640 520 0 0.012193631309933613 0.0011997388412941859
648 520 0 0.011479895398203214 0.0011953998656011391
656 520 0 0.0107764947352629 0.0011856031960256787
664 520 0 0.010088292744935046 0.0011706206608906086
672 520 0 0.0094191465863602761 0.0011506944255059853
680 520 0 0.0087719363584335217 0.0011260640110184895
688 520 0 0.0081486701311096529 0.0010969936406316928
696 520 0 0.0075506395846384588 0.0010637957567546132
704 520 0 0.0069785985542723085 0.0010268473706118763
712 520 0 0.0064329383708645457 0.00098659710611255589
720 520 0 0.0059138387831545337 0.00094356219575623176
728 520 0 0.0054213802926071026 0.00089831607556293581
736 520 0 0.0049556116174228736 0.00085146842055445603
744 520 0 0.0045165734815748896 0.00080364031543199432
752 520 0 0.0041042859912354349 0.0007554376796992824
760 520 0 0.0037187108663622411 0.00070742604321909772
768 520 0 0.0033597014936445498 0.00066010934253623145
776 520 0 0.0030269532908125452 0.0006139146779831719
784 520 0 0.0027199646529231835 0.00056918406722513293
792 520 0 0.0024380154061885381 0.00052617329353514672
800 520 0 0.0021801659042633655 0.00048505710647157342
808 520 0 0.0019452762953548323 0.00044593938963988959
816 520 0 0.0017320425593196575 0.00040886652568777751
824 520 0 0.0015390439686377157 0.00037384207960643786
832 520 0 0.0013647957729180627 0.00034084106424591256
840 520 0 0.0012078010711660172 0.00030982239152356744
848 520 0 0.0010665968116298978 0.00028073857470927279
856 520 0 0.0009397903586044103 0.00025354225125532107
864 520 0 0.00082608478043776415 0.00022818956833001744
872 520 0 0.00072429266271361681 0.00020464085698582255
880 520 0 0.00063333961869577074 0.000182859279879592
888 520 0 0.00055225962222536817 0.00016280825898235039
896 520 0 0.0004801847787675308 0.0001444484821549596
904 520 0 0.00041633220586626322 0.00012773517545575021
912 520 0 0.00035999039818089746 0.00011261614612961189
920 520 0 0.00031050691978282802 9.9030887224273601e-05
928 520 0 0.00026727862128496832 8.691082388580972e-05
936 520 0 0.0002297449343913019 7.6180601746748098e-05
944 520 0 0.00019738423949905789 6.6760187935075181e-05
952 520 0 0.00016971288899096231 5.8567483214785795e-05
960 520 0 0.00014628622279819309 5.15211282038542e-05
968 520 0 0.0001267008276859518 4.5543218567339243e-05
976 520 0 0.00011059733972260203 4.056170973267925e-05
984 520 0 9.7663229661814201e-05 3.6512375093072073e-05
992 520 0 8.7635198154775598e-05 3.334026732183565e-05
1000 520 0 8.0300999415187924e-05 3.1000707147142703e-05
1008 520 0 7.5500674199755532e-05 2.9459878223459034e-05
1016 520 0 7.3127283467403528e-05 2.8695135354766182e-05
0 528 0 0.00025929072273524548 8.7807502168889609e-05
8 528 0 0.00026611833352959579 8.965127730728396e-05
16 528 0 0.00027987331319282317 9.3346862836987958e-05
24 528 0 0.00030075534462095551 9.8910833199316033e-05
32 528 0 0.00032906394711003422 0.00010636913605225565
40 528 0 0.00036519737026391528 0.00011575793332739619
48 528 0 0.00040964952001230372 0.0001271240240502678
56 528 0 0.00046300398404756167 0.00014052438642647757
64 528 0 0.00052592447156812384 0.0001560244157488873
72 528 0 0.00059914145050799785 0.00017369455272692083
80 528 0 0.00068343540730291777 0.0001936051864752233
88 528 0 0.00077961788530600084 0.00021581995944507733
96 528 0 0.00088851216243829344 0.00024038786962710871
104 528 0 0.0010109359712389731 0.00026733482182420389
112 528 0 0.001147688908077694 0.00029665548367108999
120 528 0 0.0012995470063757273 0.00032830641312257803
128 528 0 0.0014672662896900314 0.00036220140914238245
136 528 0 0.0016515959706298676 0.00039820987661676167
144 528 0 0.0018533004013804181 0.0004361586895952306
152 528 0 0.0020731870819880819 0.00047583760618774085
160 528 0 0.0023121362460339573 0.0005170077796689829
168 528 0 0.0025711260786935941 0.00055941238970785758
176 528 0 0.0028512468031114992 0.00060278796444343963
184 528 0 0.0031536969822538595 0.00064687466012338995
192 528 0 0.0034797566117610256 0.00069142368148291397
200 528 0 0.0038307339591916356 0.00073620021041666218
208 528 0 0.0042078864795845692 0.00078098067491164276
216 528 0 0.0046123201459691947 0.00082554390416837362
224 528 0 0.0050448756341971625 0.00086965660500292526
232 528 0 0.0055060133300362671 0.00091305454680823059
240 528 0 0.0059957113902458954 0.00095542172067713659
248 528 0 0.006513391484448623 0.00099637040015935954
256 528 0 0.0070578849790650534 0.0010354253504777106
264 528 0 0.0076274481258086675 0.0010720153223808399
272 528 0 0.0082198286007355934 0.0011054743952665213
280 528 0 0.0088323782193860615 0.0011350547379502043
288 528 0 0.0094621988809360461 0.0011599510381551711
296 528 0 0.010106302028051985 0.001179335374074917
304 528 0 0.010761757425330826 0.0011923998601163343
312 528 0 0.011425805930147151 0.0011984031994781864
320 528 0 0.012095913807251623 0.0011967165013118519
328 528 0 0.012769753082113743 0.0011953344357018437
336 528 0 0.013445102816098502 0.0011907652033173559
344 528 0 0.014119678737313108 0.0011783966992949223
352 528 0 0.01479091157343857 0.001158226937548355
360 528 0 0.015455705636445351 0.0011304023443034616
368 528 0 0.016110216688152348 0.001095187476096833
376 528 0 0.0167496902587536 0.0010529265642098551
384 528 0 0.017368397503970293 0.001004001616740649
392 528 0 0.017959695412181339 0.00094879228555720674
400 528 0 0.018516222763165346 0.00088764253896700743
408 528 0 0.019030224665188094 0.00082083839073589931
416 528 0 0.019493979388009171 0.00074859962079418946
424 528 0 0.019900284469723639 0.00067108674578532715
432 528 0 0.020242947422746668 0.00058842266273127081
440 528 0 0.020517221875495328 0.00050072661420281009
448 528 0 0.020720133726557632 0.00040815661251450419
456 528 0 0.020850653691478128 0.00031095538072781204
464 528 0 0.020909691068055236 0.00020949433313373692
472 528 0 0.020899906141733347 0.00010431017826008707
480 528 0 0.020825362198866462 0.00020842673488410957
488 528 0 0.020691059195623852 0.00031406734835004099
496 528 0 0.020502406644401342 0.00041910047905293138
504 528 0 0.0202647009349568 0.00052244047485386011
512 528 0 0.019982670981366874 0.00062288521191451729
520 528 0 0.019660146001293167 0.0007191631853282511
528 528 0 0.019299881918903406 0.00080999180043700089
536 528 0 0.018903560921033173 0.00089414180637770527
544 528 0 0.018471955313847922 0.00097050207307787517
552 528 0 0.018005225384536191 0.0010381387713845371
560 528 0 0.017503304446541124 0.0010963435027265961
568 528 0 0.016966314789805634 0.0011446659995735832
576 528 0 0.016394956899968425 0.0011829285715075338
584 528 0 0.015790820851836307 0.0012112213343267227
592 528 0 0.015156581879484125 0.0012298792194377385
600 528 0 0.014496059554616515 0.0012394435891087442
608 528 0 0.013814139048645728 0.0012406127636008964
616 528 0 0.013116570840209302 0.0012341867240756206
624 528 0 0.012409679552392149 0.0012210115820943859
632 528 0 0.011700021656896372 0.0012118761989300484
640 528 0 0.010994034761383342 0.0011995965485502719
648 528 0 0.010297718243662393 0.0011821771545408206
656 528 0 0.0096163770967703337 0.0011601176384925665
664 528 0 0.0089544496029211346 0.0011338431420139117
672 528 0 0.008315426778822823 0.0011037198075374531
680 528 0 0.0077018593443453614 0.0010700770140881603
688 528 0 0.0071154378872948293 0.0010332322438148236
696 528 0 0.0065571250574414999 0.00099351452719695886
704 528 0 0.0060273155441251877 0.00095128301014712081
712 528 0 0.0055260001851040706 0.00090693818576047507
720 528 0 0.0050529142131624377 0.00086092456999209595
728 528 0 0.0046076554064580786 0.000813724886149024
736 528 0 0.004189764639297427 0.00076584697812544667
744 528 0 0.0037987679305036687 0.00071780555107122095
752 528 0 0.0034341846438803209 0.00067010134735511406
760 528 0 0.0030955103930948155 0.00062320047326742565
768 528 0 0.0027821851676864085 0.00057751632595814126
776 528 0 0.0024935572823668894 0.00053339600844565585
784 528 0 0.002228852278987135 0.0004911123739360485
792 528 0 0.0019871533732503375 0.00045086203293820057
800 528 0 0.001767396999376497 0.00041276890488686855
808 528 0 0.0015683840008924698 0.00037689229446236246
816 528 0 0.0013888044771262244 0.0003432380821934331
824 528 0 0.0012272725065617896 0.0003117714620759261
832 528 0 0.0010823660500841911 0.00028242972283387159
840 528 0 0.00095266725881363874 0.00025513381235237845
848 528 0 0.0008367990250616105 0.00022979778656828729
856 528 0 0.00073345470097632736 0.00020633565762808294
864 528 0 0.00064141922234352061 0.00018466555809424354
872 528 0 0.00055958118545337008 0.00016471147726024673
880 528 0 0.00048693655021800922 0.00014640306847776152
888 528 0 0.00042258546398605927 0.0001296741582393089
896 528 0 0.00036572416689493325 0.00011446061187259755
904 528 0 0.00031563406134573011 0.0001006981445205331
912 528 0 0.00027166986205561726 8.8320536125280206e-05
920 528 0 0.00023324837419921073 7.725854558361729e-05
928 528 0 0.00019983897028404862 6.7439651000919705e-05
936 528 0 0.00017095634050933923 5.8788593881962671e-05
944 528 0 0.00014615564790020657 5.1228591598851319e-05
952 528 0 0.00012502987620459166 4.4683012786370655e-05
960 528 0 0.0001072089378788453 3.9077284919347791e-05
968 528 0 9.2360011237013412e-05 3.4340816448938391e-05
976 528 0 8.0188582216831508e-05 3.0408757505770523e-05
984 528 0 7.0439748395754163e-05 2.7223481266060038e-05
992 528 0 6.2899467606287304e-05 2.4735730548488294e-05
1000 528 0 5.7395568825344488e-05 2.2905430589843436e-05
1008 528 0 5.3798462736143662e-05 2.170221146361187e-05
1016 528 0 5.2021575711274208e-05 2.110570775612932e-05
0 536 0 0.00034709822490413509 0.00011282770679901718
8 536 0 0.00035576961083687975 0.00011506028498746527
16 536 0 0.00037322017602981112 0.00011952850008867298
24 536 0 0.00039966617782027155 0.00012623934408143218
32 536 0 0.00043543308316228987 0.00013520526363611322
40 536 0 0.00048095530359131147 0.0001464459033976568
48 536 0 0.00053677354406257152 0.00015998950644558298
56 536 0 0.00060352837047403924 0.00017587334800537278
64 536 0 0.00068194888731701114 0.00019414261438946206
72 536 0 0.00077283600323491868 0.0002148472748856366
80 536 0 0.00087704059377814107 0.00023803672248968826
88 536 0 0.00099543784475107817 0.00026375225952055665
96 536 0 0.0011289000320654022 0.00029201784309845769
104 536 0 0.0012782707930631769 0.00032282983956950892
112 536 0 0.001444344391748784 0.00035614681631330786
120 536 0 0.0016278534194983053 0.00039188057387093108
128 536 0 0.0018294676988324138 0.0004298896481102002
136 536 0 0.0020498058472466292 0.00046997636340315825
144 536 0 0.0022894590909756487 0.00051188818781102178
152 536 0 0.0025490246881758227 0.00055532365122358367
160 536 0 0.0028291440257029402 0.0005999424866460594
168 536 0 0.0031305384684014517 0.0006453790178218336
176 536 0 0.0034540347675549388 0.00069125723486798945
184 536 0 0.0038005716423772495 0.00073720557062301531
192 536 0 0.0041711802932439396 0.00078286920148298769
200 536 0 0.0045669341696082978 0.00082791781010562327
208 536 0 0.004988867154496212 0.00087204718725524336
216 536 0 0.0054378640501375683 0.00091497379216498587
224 536 0 0.0059145322392000878 0.00095642236077140771
232 536 0 0.0064190678768444977 0.00099610773009165942
240 536 0 0.006951133110923032 0.0010337130850513491
248 536 0 0.0075097618846079826 0.0010688676709659246
256 536 0 0.008093310329542764 0.0011011275042520797
264 536 0 0.0086994634481895074 0.0011299626478183181
272 536 0 0.0093253029960021147 0.0011547541468797246
280 536 0 0.0099674329573362658 0.0011748027681638441
288 536 0 0.010622149919091217 0.0011893503467631135
296 536 0 0.011285637402126902 0.0011976129803667607
304 536 0 0.011954157285447161 0.0011988237238669854
312 536 0 0.012624209129625337 0.0011984031994781864
320 536 0 0.013292630308563475 0.0011967165013118519
328 536 0 0.013956616583239859 0.0011868635011261161
336 536 0 0.014613653533695226 0.0011685507175967242
344 536 0 0.015261362797333399 0.0011416840600202913
352 536 0 0.015897281431637454 0.0011063698581988846
360 536 0 0.016518605678248612 0.0010629000418032608
368 536 0 0.017121939715011768 0.00101172302685942
376 536 0 0.017703093797174593 0.00095340353842099379
384 536 0 0.01825697340094377 0.00088857589697347722
392 536 0 0.018777591469970087 0.00081789605778874799
400 536 0 0.019258220587506775 0.00074199782434142963
408 536 0 0.019691682812315821 0.00066145814712772685
416 536 0 0.020070754723501408 0.00057677533549223628
424 536 0 0.020388646957328539 0.00048836248760490003
432 536 0 0.020639504088095673 0.00039655666534900436
440 536 0 0.020818864388135652 0.00030164251264032382
448 536 0 0.02092402106851746 0.00020388734195982833
456 536 0 0.020954237066379142 0.00010739792433245993
464 536 0 0.020910783025004358 0.00020806134500508597
472 536 0 0.020796790401724007 0.00030834462626194714
480 536 0 0.020616935463982352 0.00040777761121517028
488 536 0 0.020376991847273811 0.00050577380976317421
496 536 0 0.020083306165348411 0.00060161562989667627
504 536 0 0.019742260460102939 0.00069445601346340355
512 536 0 0.019359785769452357 0.00078333724215236614
520 536 0 0.018940982815964916 0.00086722582108837709
528 536 0 0.018489890118466405 0.00094506057392790971
536 536 0 0.018009419114655468 0.001015809588980468
544 536 0 0.017501453240770046 0.0010785306116005561
552 536 0 0.016967086613151654 0.0011324290106627909
560 536 0 0.016406960943814528 0.0011769076212050748
568 536 0 0.015821648790232051 0.0012116035726608704
576 536 0 0.015212028328460891 0.0012364085674169047
584 536 0 0.014579599517509584 0.0012514708233807969
592 536 0 0.013926702660046386 0.0012571788304905698
600 536 0 0.01325661596550777 0.0012541289619709788
608 536 0 0.012573526285044831 0.001243080598261944
616 536 0 0.011882384116133682 0.0012341867240756206
624 536 0 0.011188667970297763 0.0012210115820943859
632 536 0 0.01049809258070074 0.0012019290761956323
640 536 0 0.0098162993329705475 0.001177735428412794
648 536 0 0.0091485657373357697 0.0011491525063266235
656 536 0 0.0084995645123348319 0.0011168125844355017
664 536 0 0.0078731932967591612 0.0010812563061619734
672 536 0 0.0072724848441116314 0.0010429419347111916
680 536 0 0.0066995965122465372 0.0010022628320988242
688 536 0 0.0061558684416674544 0.0009595694456273748
696 536 0 0.0056419330979863014 0.00091519195945519854
704 536 0 0.0051578553868188749 0.00086946015730631279
712 536 0 0.0047032823413946075 0.00082271784370946312
720 536 0 0.0042775839745006709 0.00077533023866176685
728 536 0 0.0038799714833180469 0.00072768392314003167
736 536 0 0.0035095846373210502 0.00068018000197637681
744 536 0 0.0031655459056048399 0.00063322202489882878
752 536 0 0.0028469838740986138 0.00058720076978170709
760 536 0 0.0025530321903876087 0.00054247820270720681
768 536 0 0.0022828123672864638 0.00049937280039994477
776 536 0 0.0020354092707639687 0.00045814801160292068
784 536 0 0.0018098472420960976 0.00041900503689103739
792 536 0 0.0016050729453558341 0.00038208042789450339
800 536 0 0.0014199486485701848 0.00034744835080631215
808 536 0 0.0012532571891679543 0.0003151268117245155
816 536 0 0.0011037177155810778 0.00028508676154514654
824 536 0 0.00097000969421901135 0.00025726281234277829
832 536 0 0.00085080174923581324 0.00023156430084837786
840 536 0 0.00074478166134624396 0.00020788559746739478
848 536 0 0.00065068419131206689 0.00018611483374954361
856 536 0 0.00056731414876787277 0.00016614055220845459
864 536 0 0.00049356310599328536 0.00014785611635023525
872 536 0 0.00042841917435225158 0.00013116201110111849
880 536 0 0.00037097016658978876 0.00011596638362822045
888 536 0 0.00032040115744824454 0.00010218430653781473
896 536 0 0.00027598787767781421 8.9736289217119041e-05
904 536 0 0.00023708753094332517 7.8546530402404943e-05
912 536 0 0.00020312854624900183 6.854131580661543e-05
920 536 0 0.00017360053171246265 5.9647842486748083e-05
928 536 0 0.00014804535034575525 5.1793619938293365e-05
936 536 0 0.0001260498639833955 4.4906476525943725e-05
944 536 0 0.00010724054481512439 3.891510308508218e-05
952 536 0 9.1279874973113363e-05 3.3750001231478292e-05
960 536 0 7.7864264092154651e-05 2.9344673786690649e-05
968 536 0 6.6723115923817506e-05 2.5636895313195906e-05
976 536 0 5.7618657215840997e-05 2.2569925000990511e-05
984 536 0 5.034618529205871e-05 2.0093563103695453e-05
992 536 0 4.4734471061173937e-05 1.8164996545113368e-05
1000 536 0 4.0646147831181572e-05 1.6749420994162916e-05
1008 536 0 3.7978003357534595e-05 1.5820459378609067e-05
1016 536 0 3.6661159034094088e-05 1.536041667718012e-05
0 544 0 0.00045992593170315226 0.00014322772842138148
8 544 0 0.00047082989582434502 0.00014589991569237924
16 544 0 0.00049274867611848411 0.00015123955360226966
24 544 0 0.00052590552190170373 0.00015923856846723435
32 544 0 0.00057063834679840309 0.00016988805579746505
40 544 0 0.00062740120698896826 0.00018318134382750914
48 544 0 0.0006967630505081545 0.00019911687853058134
56 544 0 0.00077940171847941202 0.00021770010574157395
64 544 0 0.0008760915017064732 0.00023894355426043944
72 544 0 0.00098768327812055528 0.00026286447610164793
80 544 0 0.0011150773162678293 0.00028947966941852065
88 544 0 0.0012591901042716348 0.00031879747344022084
96 544 0 0.0014209178751638598 0.00035080734491131659
104 544 0 0.0016011006326326859 0.00038546785072718468
112 544 0 0.0018004912080620918 0.00042269428192343592
120 544 0 0.0020197339933692364 0.00046234734860047151
128 544 0 0.002259357346942614 0.00050422449962200843
136 544 0 0.0025197822106497875 0.00054805528741777706
144 544 0 0.0028013472787866704 0.00059350185440857576
152 544 0 0.0031043483393994064 0.00064016507210110226
160 544 0 0.0034290865123489996 0.00068759616875870358
168 544 0 0.0037759174862232853 0.00073531291917315741
176 544 0 0.0041452920024229283 0.00078281874494987806
184 544 0 0.0045377772130002648 0.00082962249915760448
192 544 0 0.0049540494947269273 0.00087525639049875099
200 544 0 0.0053948519797139211 0.00091928951886290598
208 544 0 0.0058609143417514553 0.00096133488400325026
216 544 0 0.0063528378423025542 0.0010010484769752597
224 544 0 0.0068709545999714955 0.0010381200980271255
232 544 0 0.0074151756069361571 0.0010722567413163197
240 544 0 0.0079848461959743811 0.0011031605850777663
248 544 0 0.0085786295555739071 0.0011305046487087196
256 544 0 0.0091944378337948437 0.0011539098590348362
264 544 0 0.0098294260960078254 0.001172927477341058
272 544 0 0.010480057142881839 0.0011870305072915321
280 544 0 0.01114223572550011 0.0011956168373903394
288 544 0 0.011811500265854331 0.00119802555487185
296 544 0 0.012483250382493663 0.0011976129803667607
304 544 0 0.013152981009314146 0.0011988237238669854
312 544 0 0.01381649017655032 0.0011922810469249829
320 544 0 0.014470028632873151 0.001177398324309676
328 544 0 0.015110365770332984 0.0011537491870931248
336 544 0 0.015734757287217356 0.0011211037535221301
344 544 0 0.016340814374888123 0.0010794515775547232
352 544 0 0.01692628994220937 0.001029008510571916
360 544 0 0.017488812082105096 0.00097020640385648421
368 544 0 0.018025606186734267 0.00090366647172249875
376 544 0 0.018533252750039357 0.00083015895286476377
384 544 0 0.019007526628400079 0.00075055322745630829
392 544 0 0.019443355057553988 0.00066576358758390144
400 544 0 0.01983491688724285 0.00057669629973607431
408 544 0 0.020175886209057421 0.0004842033967416004
416 544 0 0.020459802550022888 0.00038904782652147973
424 544 0 0.020680530226379806 0.0002918832690512671
432 544 0 0.02083275435512948 0.00019325026703380724
440 544 0 0.020912452876785462 0.00011694440571995493
448 544 0 0.020917284220153699 0.00021711147941172459
456 544 0 0.020846839142046682 0.00031538756259361436
464 544 0 0.020702721679999272 0.00041148365049250776
472 544 0 0.02048844577546206 0.00050512387258256145
480 544 0 0.020209157852767182 0.00059600157377851654
488 544 0 0.019871218037510636 0.00068374183066388303
496 544 0 0.019481690535451734 0.00076787513687156389
504 544 0 0.019047804446639536 0.00084782576330780582
512 544 0 0.018576448527299991 0.00092291667445374564
520 544 0 0.018073756994876539 0.00099239103132104517
528 544 0 0.017544829544538496 0.001055448435396289
536 544 0 0.016993609525675 0.0011112923767069814
544 544 0 0.01642292262916949 0.0011591840395613704
552 544 0 0.015834657602488863 0.0011984968495234519
560 544 0 0.015230053322609453 0.001228766012440756
568 544 0 0.01461004521757118 0.0012497278229063359
576 544 0 0.013975619761043986 0.0012613446459066851
584 544 0 0.013328128694128787 0.0012638130656312564
592 544 0 0.012669523829555817 0.001257554553318203
600 544 0 0.012002487003536792 0.0012541289619709788
608 544 0 0.011330445686782887 0.001243080598261944
616 544 0 0.010657480544125483 0.0012249035720081989
624 544 0 0.0099881446746013427 0.0012005232956964207
632 544 0 0.0093272237414479594 0.0011708688392527804
640 544 0 0.0086794708132802174 0.0011368285196903301
648 544 0 0.0080493493719716105 0.0010992163653641591
656 544 0 0.0074408132105159711 0.0010587513018188608
664 544 0 0.0068571440096260672 0.001016049287133094
672 544 0 0.0063008577269334596 0.00097162711717817176
680 544 0 0.0057736811001633838 0.00092591541208315344
688 544 0 0.0052765909240032501 0.00087927751766420439
696 544 0 0.0048099023244321691 0.0008320307735541323
704 544 0 0.0043733885832672485 0.00078446680355162644
712 544 0 0.0039664142442957821 0.00073686809709882541
720 544 0 0.0035880649267379661 0.0006895190477627048
728 544 0 0.0032372608411756175 0.0006427106421424294
736 544 0 0.0029128456416345353 0.00059673899568651488
744 544 0 0.002613647129421001 0.00055189877618383888
752 544 0 0.0023385107290910534 0.00050847314500756038
760 544 0 0.0020863100582375364 0.00046672213215007228
768 544 0 0.0018559410228751138 0.00042687134441135003
776 544 0 0.0016463066404271102 0.00038910263033685856
784 544 0 0.0014562993770691115 0.00035354786502698608
792 544 0 0.0012847864824523721 0.00032028646290346201
800 544 0 0.0011306019811362937 0.00028934666743389115
808 544 0 0.00099254700786087393 0.0002607101813070804
816 544 0 0.0008693983715963757 0.00023431934398470214
824 544 0 0.00075992382978021928 0.00021008586443879208
832 544 0 0.00066290167221516529 0.00018790007702064796
840 544 0 0.00057714187434492338 0.00016763978700132058
848 544 0 0.00050150621852782526 0.00014917797278424163
856 544 0 0.00043492527906123366 0.00013238886970663911
864 544 0 0.00037641087475864511 0.00011715223123464025
872 544 0 0.00032506336532425978 0.0001033558090279918
880 544 0 0.0002800738804026041 9.089628618718466e-05
888 544 0 0.00024072213456449693 7.9679022883747612e-05
896 544 0 0.00020637085003897599 6.961702763883822e-05
904 544 0 0.00017645797281261647 6.0629558130708702e-05
912 544 0 0.00015048784912881537 5.2640697120186458e-05
920 544 0 0.00012802237161392381 4.557816009853884e-05
928 544 0 0.00010867286018695203 3.9372490158803223e-05
936 544 0 9.2093165353122458e-05 3.3956698630273043e-05
944 544 0 7.7974215457643991e-05 2.9266329357480403e-05
952 544 0 6.6040007586438271e-05 2.5239867386675092e-05
960 544 0 5.6044882488975295e-05 2.1819381603179356e-05
968 544 0 4.777183218208858e-05 1.8951283741728926e-05
976 544 0 4.1031558864003869e-05 1.6587098351837127e-05
984 544 0 3.5662022073145495e-05 1.4684163218913215e-05
992 544 0 3.1528260605380734e-05 1.3206210455793203e-05
1000 544 0 2.8522339188742894e-05 1.2123808642438677e-05
1008 544 0 2.6563332319244568e-05 1.1414671038290028e-05
1016 544 0 2.5597308158009451e-05 1.1063850876084637e-05
0 552 0 0.00060315366012453375 0.00017956598181569159
8 552 0 0.00061672981151672426 0.00018272710458078613
16 552 0 0.00064398822972075377 0.00018903332759868539
24 552 0 0.00068514409036893808 0.00019845471995743333
32 552 0 0.00074052640259586813 0.00021095129987310293
40 552 0 0.0008105825508164774 0.00022647793758989504
48 552 0 0.00089587992903873584 0.00024498936182808402
56 552 0 0.00099710182422098597 0.00026644420150697431
64 552 0 0.0011150350559669126 0.00029080700919902535
72 552 0 0.0012505477542222032 0.00031804737910667456
80 552 0 0.00140455698568635 0.00034813558425761263
88 552 0 0.0015779875777118557 0.00038103459060986845
96 552 0 0.0017717252200751764 0.00041668881676731016
104 552 0 0.0019865684833598705 0.00045501053765625897
112 552 0 0.0022231854899855278 0.0004958653082845761
120 552 0 0.0024820813419697079 0.00053905813584516826
128 552 0 0.0027635818465646224 0.00058432228800656171
136 552 0 0.0030678374980675645 0.00063131254312527758
144 552 0 0.0033948491331952462 0.00067960434323311803
152 552 0 0.0037445134115005087 0.0007286997175694112
160 552 0 0.0041166826811077032 0.00077804005656407788
168 552 0 0.0045112304053964427 0.00082702492324264291
176 552 0 0.0049281107473728063 0.0008750352081965283
184 552 0 0.0053673997121578693 0.0009214581956184199
192 552 0 0.0058293058852256783 0.00096571163575243611
200 552 0 0.0063141414985768271 0.0010072638118363885
208 552 0 0.0068222492257547056 0.0010456469012671485
216 552 0 0.0073538863192778138 0.0010804616576914781
224 552 0 0.007909074697998621 0.0011113725163569774
232 552 0 0.0084874323482524768 0.0011380935239242197
240 552 0 0.0090880067810521475 0.0011603668460386848
248 552 0 0.0097091342042826267 0.0011779368192974017
256 552 0 0.01034834769282968 0.00119052340274956
264 552 0 0.011002353573348883 0.0011977992965424601
272 552 0 0.011667087650173371 0.0011993748406939533
280 552 0 0.012337852562890449 0.0011956168373903394
288 552 0 0.013009525820726181 0.00119802555487185
296 552 0 0.013676816638599754 0.0011935662561060913
304 552 0 0.014334540486928324 0.0011815594776141778
312 552 0 0.014977874985996672 0.0011613848094463516
320 552 0 0.015602560678776231 0.0011325320459030803
328 552 0 0.01620501582179695 0.0010946500514639659
336 552 0 0.016782345264971531 0.0010475879777541754
344 552 0 0.01733223845648418 0.00099142408159605747
352 552 0 0.017852768540792142 0.00092647859858277157
360 552 0 0.018342120859732018 0.00085330877762692173
368 552 0 0.018798292265997003 0.00077268607926273686
376 552 0 0.019218810205036373 0.00068555745499701559
384 552 0 0.019600520957882426 0.00059299432948234712
392 552 0 0.019939489262701129 0.0004961342051471411
400 552 0 0.02023103744436883 0.00039612055712598057
408 552 0 0.020469933018881521 0.00029404680982409934
416 552 0 0.020650712233099739 0.00019090968307685155
424 552 0 0.020768106358785492 0.00011829949419126309
432 552 0 0.020817520963891195 0.00022241150883631558
440 552 0 0.020795508471065507 0.0003233608768159861
448 552 0 0.020700172740741974 0.00042064492735557207
456 552 0 0.020531451579453068 0.00051391526927829778
464 552 0 0.020291238029506765 0.00060294133398915498
472 552 0 0.019983321902879499 0.00068756554971611747
480 552 0 0.019613156278988665 0.00076765562326732914
488 552 0 0.019187476206846753 0.00084305964432055888
496 552 0 0.018713815398580171 0.00091356934622271319
504 552 0 0.01819997868333173 0.00097889588927761034
512 552 0 0.017653531852846245 0.0010386610758159921
520 552 0 0.017081365963555493 0.0010924051173809915
528 552 0 0.016489381109142207 0.0011396101527623645
536 552 0 0.015882317148968018 0.0011797368826006269
544 552 0 0.01526373858960812 0.0012122701584337103
552 552 0 0.014636160752965411 0.0012367683256499194
560 552 0 0.014001287310168697 0.001252910697752874
568 552 0 0.013360317394664844 0.001260537784603076
576 552 0 0.012714275115137301 0.0012613446459066851
584 552 0 0.012064315628497531 0.0012638130656312564
592 552 0 0.011411969276237614 0.001257554553318203
600 552 0 0.010759297102849218 0.0012431899006875736
608 552 0 0.010108945324160262 0.001221500362622625
616 552 0 0.0094641007972664382 0.0011933797468590447
624 552 0 0.0088283622432325706 0.0011597824313687721
632 552 0 0.0082055513305748055 0.0011216724108731538
640 552 0 0.0075994928264210091 0.0010799779868592083
648 552 0 0.0070137936562860081 0.0010355557156856024
656 552 0 0.0064516473344819877 0.00098916587603398339
664 552 0 0.0059156838018620235 0.00094146020776404368
672 552 0 0.0054078765118793426 0.00089298121505411703
680 552 0 0.0049295099984514755 0.00084417110171190832
688 552 0 0.0044812033707530858 0.00079538755325016426
696 552 0 0.0040629791510094987 0.00074692317342267035
704 552 0 0.0036743631545620098 0.00069902542870523866
712 552 0 0.0033144998484716968 0.00065191439582408528
720 552 0 0.0029822685875760756 0.00060579633916189044
728 552 0 0.0026763888087129616 0.00056087203246265585
736 552 0 0.0023955059991177187 0.00051733964251681657
744 552 0 0.0021382543430631816 0.0004753927863578194
752 552 0 0.00190329576473922 0.00043521496435183337
760 552 0 0.0016893381512573101 0.00039697190698022625
768 552 0 0.0014951375788259369 0.0003608034440491768
776 552 0 0.0013194902992000219 0.00032681634122708821
784 552 0 0.0011612201682223921 0.00029507920884671939
792 552 0 0.0010191663358839948 0.00026562014656837728
800 552 0 0.00089217465883795037 0.00023842732229834333
808 552 0 0.00077909474462789128 0.00021345226323298265
816 552 0 0.00067878305952295045 0.00019061531207342525
824 552 0 0.00059011132848767721 0.00016981250129254207
832 552 0 0.00051197864295177771 0.00015092302926338758
840 552 0 0.0004433253034098412 0.00013381657093508218
848 552 0 0.00038314642331098913 0.00011835979521683613
856 552 0 0.0003305036228093185 0.00010442165625191516
864 552 0 0.00028453363472473356 9.1877240033911558e-05
872 552 0 0.0002444532160970541 8.0610149227205682e-05
880 552 0 0.00020956030694690978 7.0513573455694328e-05
888 552 0 0.00017923182915147029 6.1490305413026638e-05
896 552 0 0.00015291882951320705 5.345202052576894e-05
904 552 0 0.00013013982912243763 4.6318143690178841e-05
912 552 0 0.00011047325802140537 4.0014591107409995e-05
920 552 0 9.3549759412202903e-05 3.4472612201720909e-05
928 552 0 7.9044979647222499e-05 2.962788053972953e-05
936 552 0 6.6673258684029306e-05 2.5419906669093151e-05
944 552 0 5.6182435449284282e-05 2.1791780008359709e-05
952 552 0 4.7349809811554115e-05 1.8690197774884156e-05
960 552 0 3.9979173417725449e-05 1.6065709071249846e-05
968 552 0 3.3898741199680801e-05 1.3873090982407779e-05
976 552 0 2.8959781161722637e-05 1.2071777702281233e-05
984 552 0 2.5035743416458916e-05 1.0626278656686579e-05
992 552 0 2.2021718448625788e-05 9.5065421567549456e-06
1000 552 0 1.9834096717621898e-05 8.6882424711209966e-06
1008 552 0 1.8410345855667217e-05 8.1529864635773506e-06
1016 552 0 1.7708859611691206e-05 7.888448546318245e-06
0 560 0 0.00078271964194022534 0.0002222569742282727
8 560 0 0.00079945691609751039 0.00022595242280629689
16 560 0 0.00083302155731943917 0.0002333118560260307
24 560 0 0.00088359881032637141 0.00024427539854935158
32 560 0 0.00095147770246897106 0.00025876040712259673
40 560 0 0.0010370604884063724 0.00027666883263842315
48 560 0 0.0011408692908668199 0.00029789511579436352
56 560 0 0.0012635460257279603 0.00032233325734135889
64 560 0 0.001405842065165938 0.00034988169787288385
72 560 0 0.0015685951333288778 0.00038044481838828029
80 560 0 0.0017526925699439626 0.00041393022700683094
88 560 0 0.0019590221683217241 0.00045024150333001058
96 560 0 0.0021884140368424866 0.00048926668215510272
104 560 0 0.0024415790210161295 0.00053086340486166884
112 560 0 0.0027190507982701039 0.00057484226792624922
120 560 0 0.0030211394778148761 0.00062095036640259478
128 560 0 0.0033479041345711841 0.00066885728466311743
136 560 0 0.0036991500411928421 0.00071814576488803518
144 560 0 0.0040744534764283642 0.00076830895428510373
152 560 0 0.0044732131290699199 0.00081875550359545614
160 560 0 0.0048947227376717811 0.00086882291545009854
168 560 0 0.0053382553286390856 0.00091779851747673859
176 560 0 0.0058031459555693346 0.00096494639098832369
184 560 0 0.0062888579077762892 0.0010095376685248358
192 560 0 0.0067950175209781144 0.0010508809664864843
200 560 0 0.0073214053104132155 0.0010883494612157416
208 560 0 0.0078678961270218541 0.0011214013205191851
216 560 0 0.0084343479769692919 0.0011495908782730539
224 560 0 0.0090204472143555984 0.0011725690289345666
232 560 0 0.0096255258721766965 0.0011900726972460286
240 560 0 0.010248373627090832 0.0012019047301793408
248 560 0 0.010887071023580028 0.0012079069586867445
256 560 0 0.01153887109557924 0.0012079302822201252
264 560 0 0.012200152869891344 0.0012018062667799433
272 560 0 0.012866462490867325 0.0011993748406939533
280 560 0 0.013532646634359461 0.001194794071469012
288 560 0 0.014193069886579857 0.0011835440658536766
296 560 0 0.014841894730444999 0.0011650780918452449
304 560 0 0.015473391793746773 0.0011388513068184489
312 560 0 0.016082241026474771 0.001104366040478099
320 560 0 0.016663782970340792 0.0010612222915645612
328 560 0 0.017214183972695779 0.0010091681508988294
336 560 0 0.017730489831386427 0.00094814456641489561
344 560 0 0.018210557692866041 0.00087831923638186093
352 560 0 0.018652873957185206 0.00080010541639306473
360 560 0 0.019056283795332987 0.00071416293560096905
368 560 0 0.019419672823819234 0.00062138055782223062
376 560 0 0.019741650981443447 0.00052284077640707416
384 560 0 0.020020290930560274 0.00041976997267784838
392 560 0 0.020252967652746836 0.00031347839004570652
400 560 0 0.020436332860081466 0.00020529541571263563
408 560 0 0.020566439132645508 0.00013010627256404214
416 560 0 0.02063900701184573 0.00021273238574782971
424 560 0 0.020649806864594229 0.00031948773787009513
432 560 0 0.02059510945505488 0.0004219352914333202
440 560 0 0.020472147594249521 0.00051932445335289498
448 560 0 0.020279527813386402 0.00061112208457282657
456 560 0 0.02001753631017477 0.00069699676144288972
464 560 0 0.01968829669551761 0.00077678723881042383
472 560 0 0.019295756353163381 0.0008504591796657697
480 560 0 0.018845500655721336 0.00091805536405980756
488 560 0 0.018344416562526195 0.00097964517383233515
496 560 0 0.017800246052357457 0.0010352790988011756
504 560 0 0.01722108279405412 0.0010849533227426794
512 560 0 0.016614870777030253 0.0011285881948754455
520 560 0 0.015988960846174502 0.0011660227139329848
528 560 0 0.015349770956379842 0.0011970252409240437
536 560 0 0.014702580266367392 0.0012213187393404195
544 560 0 0.01405146843117441 0.0012386171484322726
552 560 0 0.013399392427315492 0.0012486682313284266
560 560 0 0.012748376612415823 0.001252910697752874
568 560 0 0.012099779610061768 0.001260537784603076
576 560 0 0.011454595338962795 0.0012596797761745063
584 560 0 0.010813745447995663 0.0012505701805018681
592 560 0 0.010178326028448287 0.0012336432477893268
600 560 0 0.0095497814447227398 0.0012095156581264782
608 560 0 0.0089299906508392909 0.0011789546733209713
616 560 0 0.0083212644556358174 0.0011428363416306209
624 560 0 0.0077262640064561152 0.0011020982367764554
632 560 0 0.0071478598092937374 0.0010576915212810682
640 560 0 0.0065889559833529465 0.0010105368430680627
648 560 0 0.0060523058791484632 0.00096148777713754487
656 560 0 0.0055403429847087036 0.00091130434977328405
664 560 0 0.0050550459905361542 0.00086063781132586937
672 560 0 0.0045978500635507564 0.00081002644832858621
680 560 0 0.0041696089743004658 0.00075990102415100964
688 560 0 0.003770605823268157 0.0007105975474849288
696 560 0 0.0034006045794094403 0.00066237457160005838
704 560 0 0.0030589310106095063 0.00061543214395250352
712 560 0 0.0027445700326010434 0.00056992981587065342
720 560 0 0.0024562668883357313 0.00052600169924034434
728 560 0 0.0021926215029236438 0.00048376730578931788
736 560 0 0.0019521682989116079 0.00044333770020611079
744 560 0 0.0017334371164758767 0.00040481722658730493
752 560 0 0.0015349941250633698 0.00036830163967585018
760 560 0 0.0013554643173018259 0.00033387383395548425
768 560 0 0.0011935390802624297 0.00030159849856350725
776 560 0 0.001047973346814932 0.00027151695238508992
784 560 0 0.00091757699178559801 0.00024364317643679409
792 560 0 0.00080120461539574979 0.00021796172048824504
800 560 0 0.00069774687578796435 0.00019442778304998602
808 560 0 0.00060612533677660292 0.00017296940785128836
816 560 0 0.00052529160774097028 0.00015349145178198016
824 560 0 0.00045423054126668254 0.00013588078722099467
832 560 0 0.00039196652771052463 0.00012001211524125308
840 560 0 0.00033757152521892087 0.00010575377819092033
848 560 0 0.00029017337243451109 9.2973050876478044e-05
856 560 0 0.00024896309085211749 8.1540531957201008e-05
864 560 0 0.00021320021259524407 7.1333422129489488e-05
872 560 0 0.00018221557938501347 6.2237636712040629e-05
880 560 0 0.00015541147029002865 5.4148836656881129e-05
888 560 0 0.00013225926842260117 4.6972560728869122e-05
896 560 0 0.00011229513207957824 4.0623697433628814e-05
904 560 0 9.5114279101128789e-05 3.5025550021308837e-05
912 560 0 8.0364529444121674e-05 3.0108728577283699e-05
920 560 0 6.7739699440780261e-05 2.5810059971422643e-05
928 560 0 5.6973329226386901e-05 2.2071650420835598e-05
936 560 0 4.7833081693529357e-05 1.884017699049995e-05
944 560 0 4.0116003634170025e-05 1.6066431815114256e-05
952 560 0 3.3644708090857574e-05 1.3705101720696541e-05
960 560 0 2.826443451871904e-05 1.171473889900641e-05
968 560 0 2.3840875821385927e-05 1.0057865378294874e-05
976 560 0 2.0258627896064442e-05 8.7011532656581946e-06
984 560 0 1.7420112551139537e-05 7.6156308653193797e-06
992 560 0 1.5244840408105176e-05 6.7768780405206121e-06
1000 560 0 1.3668907758929254e-05 6.1651889586926441e-06
1008 560 0 1.2644652206951381e-05 5.7656936487158364e-06
1016 560 0 1.2140420052943074e-05 5.5684395587481322e-06
0 568 0 0.001004976616168498 0.00027149310201750993
8 568 0 0.0010254093389038073 0.00027576146512642589
16 568 0 0.0010663334133454699 0.00028424653086965503
24 568 0 0.001127874208875723 0.00029684922369690374
32 568 0 0.0012102381095915678 0.00031343097811774778
40 568 0 0.0013137293210447956 0.00033382427085554256
48 568 0 0.0014387644066611834 0.00035784429388815552
56 568 0 0.0015858792830693192 0.00038530007002171725
64 568 0 0.0017557237630388218 0.00041600327725324171
72 568 0 0.0019490399517171581 0.00044977322860821297
80 568 0 0.0021666227969507935 0.00048643684822819973
88 568 0 0.0024092636716517347 0.00052582306556074425
96 568 0 0.0026776807189975893 0.00056775176524455524
104 568 0 0.0029724424258777984 0.00061201820475963089
112 568 0 0.0032938930661963531 0.00065837455148384447
120 568 0 0.0036420898442174709 0.00070651079387292403
128 568 0 0.0040167614192343016 0.00075603765142816942
136 568 0 0.0044172958060808773 0.00080647416781747579
144 568 0 0.004842762430713468 0.000857242377423224
152 568 0 0.005291968632665376 0.00090767078882053077
160 568 0 0.0057635456531218796 0.00095700748076613627
168 568 0 0.0062560538461158242 0.0010044424577514257
176 568 0 0.0067680923465576583 0.0010491377032830233
184 568 0 0.0072983955763011249 0.0010902622629832175
192 568 0 0.0078458984874645987 0.0011270288501711752
200 568 0 0.0084097547716289571 0.0011587280335229305
208 568 0 0.0089892974475410392 0.001184756132024534
216 568 0 0.0095839388552423459 0.0012046335337457092
224 568 0 0.010193016243290165 0.00121801122466275
232 568 0 0.010815598569422725 0.0012246647422355633
240 568 0 0.011450278357270173 0.0012244763772480977
248 568 0 0.012094977982266773 0.0012174080227043971
256 568 0 0.012746801377799365 0.0012079302822201252
264 568 0 0.013401959136671287 0.0012018062667799433
272 568 0 0.014055787294587197 0.0011893248037198722
280 568 0 0.014702868450356069 0.0011702218159966079
288 568 0 0.015337249757930169 0.0011441798713503117
296 568 0 0.015952737729798216 0.0011108429993532173
304 568 0 0.016543237000084383 0.00106984520633761
312 568 0 0.017103091396971276 0.0010208503704965052
320 568 0 0.017627382585086167 0.00096359961474537514
328 568 0 0.018112145077246261 0.00089796110455048206
336 568 0 0.018554466484081839 0.00082397665269541218
344 568 0 0.018952457300856523 0.0007418996079904816
352 568 0 0.01930509320882149 0.00065221925163628375
360 568 0 0.0196119520300711 0.00055566823473811311
368 568 0 0.019872884132641391 0.00045321130882215732
376 568 0 0.020087666510771443 0.00034601552932799623
384 568 0 0.020255694962975565 0.00023540403241529076
392 568 0 0.0203757648402693 0.00012279718752246371
400 568 0 0.020445979091327306 0.00018525941341468802
408 568 0 0.020463804391587001 0.00029761226006147154
416 568 0 0.0204262746260979 0.00040628648710322804
424 568 0 0.020330319126724134 0.00051006297404009374
432 568 0 0.020173174163621559 0.00060792646872735376
440 568 0 0.019952823140896626 0.00069909615427220934
448 568 0 0.019668405728813575 0.00078303714722944423
456 568 0 0.019320539548731881 0.00085945254764884654
464 568 0 0.018911509456707186 0.00092825761761328868
472 568 0 0.018445297173497611 0.00098953945319365036
480 568 0 0.017927445291661528 0.0010435069390893059
488 568 0 0.017364771388693859 0.0010904366743377247
496 568 0 0.016764966953556282 0.0011306208253320446
504 568 0 0.01613612947131144 0.0011643224636042129
512 568 0 0.015486282582154808 0.0011917429233628037
520 568 0 0.014822938132241517 0.0012130041868653758
528 568 0 0.014152745715455798 0.0012281474574729213
536 568 0 0.013481261527026972 0.0012371471358166262
544 568 0 0.012812851282742137 0.0012399376123219657
552 568 0 0.012150724195987065 0.0012486682313284266
560 568 0 0.011497079055384614 0.0012512975570312095
568 568 0 0.01085333135921438 0.0012464482508473887
576 568 0 0.010220383565975058 0.001234211772987737
584 568 0 0.009598899281599127 0.0012148461663965358
592 568 0 0.0089895462410607366 0.0011887797873875502
600 568 0 0.0083931811609966878 0.001156600283726052
608 568 0 0.0078109603660891039 0.001119030284750187
616 568 0 0.0072443717526732383 0.0010768927029625791
624 568 0 0.0066951944590215801 0.0010310695474345351
632 568 0 0.0061654011946623384 0.00098245861463139902
640 568 0 0.0056570236550608569 0.00093193232829208959
648 568 0 0.0051720034789626496 0.00088030240018581365
656 568 0 0.0047120499889097668 0.0008282929957989368
664 568 0 0.0042785221162744674 0.0007765238742616868
672 568 0 0.0038723463556431322 0.00072550370790762419
680 568 0 0.0034939763326906756 0.00067563264160979027
688 568 0 0.0031433935629675124 0.00062721226030064458
696 568 0 0.002820143998711428 0.00058046058069801234
704 568 0 0.0025234015106742375 0.00053552949993526883
712 568 0 0.0022520477374835192 0.00049252229511752418
720 568 0 0.0020047576831944544 0.00045150920514127691
728 568 0 0.0017800817610572563 0.00041253974186638751
736 568 0 0.0015765172356684654 0.00037565106324314256
744 568 0 0.001392564722837941 0.00034087239363793571
752 568 0 0.0012267681113491795 0.00030822601371419036
760 568 0 0.0010777386071689483 0.00027772571013287757
768 568 0 0.00094416532757876832 0.00024937375268366138
776 568 0 0.00082481588460454891 0.00022315746221038312
784 568 0 0.0007185307118698235 0.00019904627991577451
792 568 0 0.00062421461974542956 0.00017698999565032023
800 568 0 0.00054082838222393331 0.00015691849356403104
808 568 0 0.00046738225800265095 0.00013874307877395197
816 568 0 0.00040293240852935959 0.00012235919921161069
824 568 0 0.00034658034205586728 0.00010765019921081526
832 568 0 0.00029747488070140562 9.4491647009119011e-05
840 568 0 0.00025481576075098606 8.2755764467934813e-05
848 568 0 0.00021785783207053485 7.2315540363976236e-05
856 568 0 0.00018591488266198506 6.3048208190132434e-05
864 568 0 0.00015836231991423817 5.4837892681005901e-05
872 568 0 0.00013463822465558853 4.7577354729424934e-05
880 568 0 0.00011424259567816266 4.1168874611865986e-05
888 568 0 9.673487154290417e-05 3.5524396879697002e-05
896 568 0 8.1730020604739654e-05 3.0565111474838586e-05
904 568 0 6.8893614312536827e-05 2.6220664788591963e-05
912 568 0 5.793634338823823e-05 2.2428186055883444e-05
920 568 0 4.8608413476983771e-05 1.913128596379649e-05
928 568 0 4.0694185177307333e-05 1.6279144049079567e-05
936 568 0 3.4007324269343725e-05 1.3825757424185631e-05
944 568 0 2.8386621361035072e-05 1.1729382273134953e-05
952 568 0 2.3692542030430654e-05 9.9521660604269202e-06
960 568 0 1.9804489545434577e-05 8.4599449732844621e-06
968 568 0 1.6618707595131881e-05 7.2221682262540462e-06
976 568 0 1.4046720544327275e-05 6.2119073517371667e-06
984 568 0 1.2014200274489306e-05 5.4059122766502302e-06
992 568 0 1.0460156258727162e-05 4.784684149378014e-06
1000 568 0 9.3363629057313567e-06 4.332544853197897e-06
1008 568 0 8.6069595559060871e-06 4.0376926510452934e-06
1016 568 0 8.2481792105950888e-06 3.8922408423479852e-06
0 576 0 0.001276469718186008 0.00032715907675585909
8 576 0 0.0013011708040302332 0.00033202893088237644
16 576 0 0.0013505799442151249 0.00034169156456889606
24 576 0 0.0014247234325726267 0.00035599854415582235
32 576 0 0.0015236690877093156 0.00037474082548834731
40 576 0 0.0016475535919003382 0.00039766323754241578
48 576 0 0.0017966087005493389 0.00042448091677121285
56 576 0 0.0019711793530910364 0.00045489560631583595
64 576 0 0.0021717270402920636 0.0004886096597937757
72 576 0 0.002398813180325371 0.00052533576643972292
80 576 0 0.0026530596451789933 0.00056480084387727824
88 576 0 0.0029350867372124789 0.00060674320007134954
96 576 0 0.0032454324842421446 0.00065090289092023697
104 576 0 0.0035844606306374292 0.00069700611066480242
112 576 0 0.0039522676176801975 0.00074474534341623013
120 576 0 0.004348600638090395 0.00079375775926661483
128 576 0 0.004772799070662471 0.00084360484465400339
136 576 0 0.0052237699738983531 0.00089375642069347734
144 576 0 0.0057000048081366919 0.00094358196772286948
152 576 0 0.0061996394214859068 0.00099235153089638657
160 576 0 0.0067205531338880159 0.0010392474779779819
168 576 0 0.0072604963038672499 0.001083387119798788
176 576 0 0.0078172300498406816 0.0011238548356667846
184 576 0 0.0083886578392843424 0.0011597410485406252
192 576 0 0.0089729273376357738 0.001190184351006254
200 576 0 0.0095684828051518876 0.0012144124540249112
208 576 0 0.010174053579565573 0.001231777529418927
216 576 0 0.010788572388988055 0.0012417819897156818
224 576 0 0.011411027467952915 0.0012440917621219134
232 576 0 0.012040263311658288 0.0012385355557179654
240 576 0 0.012674754734518271 0.0012250903155743616
248 576 0 0.01331238600497117 0.0012174080227043971
256 576 0 0.013950269768952171 0.0012034683911528055
264 576 0 0.014584638335975739 0.0011826791993044521
272 576 0 0.015210832509308211 0.0011550452147210139
280 576 0 0.015823401164726306 0.001120532714370237
288 576 0 0.01641630970485073 0.0010790599469205613
296 576 0 0.016983239461832878 0.0010305017320346617
304 576 0 0.017517945551966906 0.00097470855188252353
312 576 0 0.018014630014571834 0.00091153861760055743
320 576 0 0.018468282249137442 0.00084089966405127489
328 576 0 0.018874940935321115 0.00076279585807485437
336 576 0 0.01923184085287287 0.00067737436879103038
344 576 0 0.019537423246256919 0.00058496594540039665
352 576 0 0.019791207510393368 0.00048611430157187788
360 576 0 0.01999354219074137 0.00038159016067026985
368 576 0 0.020145271481842093 0.00027238734920070201
376 576 0 0.020247366673281555 0.00015970016251011174
384 576 0 0.020300578126663128 0.00014655647659061327
392 576 0 0.020305161245085149 0.00026135042772785361
400 576 0 0.020260719677912618 0.00037396930216731725
408 576 0 0.02016619213152553 0.00048295757854191837
416 576 0 0.020019988138994672 0.00058694742570362946
424 576 0 0.01982025615268404 0.00068472237942269684
432 576 0 0.019565247694894206 0.00077527044841321779
440 576 0 0.019253726986624416 0.00085782195305453279
448 576 0 0.018885368581584131 0.00093186890367082109
456 576 0 0.018461087001083034 0.00099716457318249629
464 576 0 0.017983251839093897 0.0010537039164017076
472 576 0 0.017455757720303961 0.0011016874178899488
480 576 0 0.016883938352572223 0.0011414725962054298
488 576 0 0.016274334714356135 0.0011735185656192946
496 576 0 0.015634346128224237 0.0011983296193245011
504 576 0 0.014971807007707227 0.0012164036837666176
512 576 0 0.014294539658792004 0.0012281907167278373
520 576 0 0.013609933945376141 0.0012340647793131019
528 576 0 0.012924598257982877 0.0012343117727165211
536 576 0 0.012244114391210346 0.0012371471358166262
544 576 0 0.011572913670420171 0.0012399376123219657
552 576 0 0.010914275346558151 0.0012364488494289137
560 576 0 0.010270433234406349 0.0012266458209782647
568 576 0 0.0096427647548479253 0.0012105666043664542
576 576 0 0.0090320292679453035 0.0011883542980297545
584 576 0 0.0084386203902536323 0.0011602788913454946
592 576 0 0.0078627996406160482 0.0011267466004446884
600 576 0 0.0073048853569999952 0.0010882958039966925
608 576 0 0.0067653800185624741 0.0010455803475266298
616 576 0 0.006245029330230906 0.00099934242244233227
624 576 0 0.0057448161644917386 0.00095037829452984147
632 576 0 0.0052659004497550895 0.00089950074490724886
640 576 0 0.0048095214993074875 0.00084750215575336938
648 576 0 0.0043768817207993872 0.0007951217581632624
656 576 0 0.0039690302314017104 0.00074301975750805643
664 576 0 0.0035867621126564084 0.00069176000361805901
672 576 0 0.0032305446160459214 0.00064180173959721074
680 576 0 0.0029004764329857873 0.00059349989970488822
688 576 0 0.002596281000534122 0.00054711256243339043
696 576 0 0.0023173304122369753 0.00050281358647445273
704 576 0 0.0020626933087889662 0.0004607082018852713
712 576 0 0.001831198352763357 0.00042084938472016224
720 576 0 0.0016215045251949324 0.00038325315799952195
728 576 0 0.0014321703065643067 0.00034791145449294958
736 576 0 0.0012617154814407883 0.00031480175422767703
744 576 0 0.0011086714414637764 0.00028389328137416454
752 576 0 0.00097161807543451133 0.00025515003591466815
760 576 0 0.00084920731353483551 0.00022853129363411282
768 576 0 0.0007401749184705711 0.00020399040910819722
776 576 0 0.00064334308226576809 0.00018147280233878082
784 576 0 0.00055761678809005332 0.00016091392377977018
792 576 0 0.00048197680747191275 0.00014223781227351681
800 576 0 0.00041547175251975175 0.00012535662970418156
808 576 0 0.00035721094045814116 0.00011017131754450978
816 576 0 0.00030635909922007332 9.6573309309286271e-05
824 576 0 0.00026213326837532457 8.4447073680542705e-05
832 576 0 0.00022380171284654986 7.3673167854855758e-05
840 576 0 0.00019068431076589034 6.4131449985095721e-05
848 576 0 0.00016215370743965252 5.5704124630882336e-05
856 576 0 0.00013763652169645403 4.8278360965531026e-05
864 576 0 0.00011661400739591757 4.1748312518320596e-05
872 576 0 9.8621762344287378e-05 3.6016462311301155e-05
880 576 0 8.3248291622493962e-05 3.0994304055668699e-05
888 576 0 7.0132432993348003e-05 2.6602438549556167e-05
896 576 0 5.8959811322672594e-05 2.2770209282067059e-05
904 576 0 4.9458592640357714e-05 1.9435021672179113e-05
912 576 0 4.1394854289164166e-05 1.6541489099074063e-05
920 576 0 3.4567882459310428e-05 1.4040531017673343e-05
928 576 0 2.8805664981282702e-05 1.1888520196024631e-05
936 576 0 2.3960780654192939e-05 1.0046543615150787e-05
944 576 0 1.9906811268922282e-05 8.4798100921127904e-06
952 576 0 1.653533097841434e-05 7.1572110520163136e-06
960 576 0 1.375346825443686e-05 6.0510212909977177e-06
968 576 0 1.1481992887866687e-05 5.1367147072651937e-06
976 576 0 9.6538553024847043e-06 4.3928652418425711e-06
984 576 0 8.2130960621872719e-06 3.8011042123020345e-06
992 576 0 7.1140463109179419e-06 3.3461099478092203e-06
1000 576 0 6.320750712727124e-06 3.0156121930042327e-06
1008 576 0 5.8065591134575958e-06 2.8004004424484913e-06
1016 576 0 5.5538482591025417e-06 2.694330951492547e-06
0 584 0 0.0016036287949418671 0.00038874516351716294
8 584 0 0.0016331997349126096 0.00039423161984624821
16 584 0 0.001692271508784021 0.00040509658164698814
24 584 0 0.0017807219767284491 0.00042113162054267339
32 584 0 0.0018984099131976629 0.00044204196708947014
40 584 0 0.0020452168294427539 0.00046746576442092437
48 584 0 0.0022210896173205518 0.00049699630286246166
56 584 0 0.0024260749594068724 0.00053020471731979194
64 584 0 0.0026603367000858393 0.00056666050533303244
72 584 0 0.002924148946765094 0.0006059473882812738
80 584 0 0.0032178604890562715 0.00064767249624788584
88 584 0 0.0035418299372838285 0.00069146758276480459
96 584 0 0.0038963353751623815 0.00073698190999245449
104 584 0 0.0042814667413022317 0.00078386749682789452
112 584 0 0.0046970129610964277 0.00083175847519357127
120 584 0 0.0051423583973570098 0.00088024722218945674
128 584 0 0.0056164039153164744 0.00092886059805848045
136 584 0 0.0061175263945918304 0.00097703991174181298
144 584 0 0.0066435867758595614 0.0010241280846143268
152 584 0 0.0071919909523822934 0.0010693668689123071
160 584 0 0.0077598006118659978 0.0011119059420645616
168 584 0 0.0083438834236660379 0.0011508243452525713
176 584 0 0.0089410848855074661 0.0011851632205606179
184 584 0 0.0095483988878249677 0.0012139673172324658
192 584 0 0.010163111688642028 0.0012363314845694542
200 584 0 0.010782895259176799 0.0012514475285384675
208 584 0 0.0114058311089845 0.001258646516039531
216 584 0 0.012030354378703737 0.0012574319307524558
224 584 0 0.012655119230074828 0.001247500001272106
232 584 0 0.013278798867376254 0.0012385355557179654
240 584 0 0.013899845050092632 0.0012250903155743616
248 584 0 0.014516240790172804 0.0012038547852016336
256 584 0 0.015125284397402747 0.0011750146284505766
264 584 0 0.015723442019682288 0.0011388036837065487
272 584 0 0.01630629898782885 0.0010954664785206396
280 584 0 0.016868628202545279 0.0010452270378189729
288 584 0 0.017404577981167662 0.00098826827631693162
296 584 0 0.017907964426443004 0.00092472496461012618
304 584 0 0.018372637112637241 0.00085469156067033425
312 584 0 0.018792874331053751 0.00077824431648191791
320 584 0 0.019163757485981401 0.00069547523684395859
328 584 0 0.019481474843223181 0.00060653390790206541
336 584 0 0.019743512966086885 0.00051167211321401576
344 584 0 0.019948708888798433 0.00041128564254151387
352 584 0 0.020097155339205919 0.0003059478288125507
360 584 0 0.020189972293396877 0.00019643010265550653
368 584 0 0.02022897762509936 0.00010764348935652854
376 584 0 0.020216304557787605 0.00022101574180001179
384 584 0 0.020154021650072514 0.00033365425189038969
392 584 0 0.020043810817357295 0.00044423673905683719
400 584 0 0.019886750375745301 0.00055138769363421644
408 584 0 0.019683234552983611 0.00065374047528041213
416 584 0 0.019433040713291043 0.00075000344800674537
424 584 0 0.019135533773261344 0.00083902411889355891
432 584 0 0.018789977246480988 0.00091984532939642927
440 584 0 0.018395905033569884 0.00099174826475280711
448 584 0 0.01795349967791331 0.0010542783320783636
456 584 0 0.017463922427900538 0.0011072516795932463
464 584 0 0.01692954792269219 0.0011507421026099342
472 584 0 0.016354070302414012 0.0011850500864802847
480 584 0 0.015742465756366793 0.0012106575431925642
488 584 0 0.01510081614873684 0.0012281731959426466
496 584 0 0.014436016508899736 0.0012382743901326616
504 584 0 0.01375540332394061 0.0012416512641357461
512 584 0 0.013066348942064166 0.0012389586862646615
520 584 0 0.012375869166063039 0.0012340647793131019
528 584 0 0.011690286485266356 0.0012343117727165211
536 584 0 0.01101498147761296 0.0012291329135973861
544 584 0 0.010354251503035917 0.0012186621673842546
552 584 0 0.0097112810506820562 0.0012029942958760951
560 584 0 0.0090882141438323894 0.0011822190905739598
568 584 0 0.0084863078798423502 0.0011564568750055751
576 584 0 0.0079061387640745745 0.001125890503870729
584 584 0 0.0073478305756474235 0.0010907898146062089
592 584 0 0.0068112739678388989 0.0010515256727771493
600 584 0 0.006296313140568114 0.0010085722164318812
608 584 0 0.0058028825794516712 0.00096249743911080293
616 584 0 0.0053310856770805663 0.00091394365315033976
624 584 0 0.0048812156915065867 0.00086360047298515187
632 584 0 0.0044537268145789814 0.00081217363517610813
640 584 0 0.0040491683219390923 0.00076035317736839522
648 584 0 0.003668097470642776 0.0007087842501566112
656 584 0 0.0033109870198507452 0.0006580432115509652
664 584 0 0.0029781413384488212 0.00060862077420758718
672 584 0 0.002669631632758177 0.00056091298328774441
680 584 0 0.0023852565936145821 0.00051521983937120527
688 584 0 0.0021245304335014478 0.00047175056703267423
696 584 0 0.00188669646149439 0.00043063395074258528
704 584 0 0.0016707614510453551 0.00039193185774361104
712 584 0 0.0014755443116973774 0.00035565404106597956
720 584 0 0.0012997319990484106 0.00032177252614652187
728 584 0 0.0011419360401554409 0.00029023426640886578
736 584 0 0.0010007442532384914 0.00026097122820229694
744 584 0 0.00087476388624152773 0.00023390755522224871
752 584 0 0.00076265417577203558 0.00020896389966247575
760 584 0 0.00066314797000007885 0.00018605934353475666
768 584 0 0.00057506337535612195 0.00016511154311444915
776 584 0 0.00049730727333201165 0.00014603580893375644
784 584 0 0.00042887298956300642 0.00012874379852704691
792 584 0 0.0003688344297851548 0.00011314237768675795
800 584 0 0.00031633871926555114 9.913303325420061e-05
808 584 0 0.00027059890889031201 8.6612031567829151e-05
816 584 0 0.00023088775740961047 7.5471341810462851e-05
824 584 0 0.00019653306385469457 6.5600204520630001e-05
832 584 0 0.00016691457826409399 5.688713458245587e-05
840 584 0 0.00014146220303579417 4.9222107730096163e-05
848 584 0 0.00011965502263669199 4.2498684802960525e-05
856 584 0 0.00010102065361564685 3.6615868080807176e-05
864 584 0 8.5134461644032749e-05 3.147954575188482e-05
872 584 0 7.1618311841196682e-05 2.7003450503090696e-05
880 584 0 6.0138666851134716e-05 2.3109624771359246e-05
888 584 0 5.0403993142185202e-05 1.9728439851162801e-05
896 584 0 4.2161557406721832e-05 1.6798253915950763e-05
904 584 0 3.5193778974097723e-05 1.426481366625999e-05
912 584 0 2.9314347066281995e-05 1.2080507222882171e-05
920 584 0 2.4364316971917645e-05 1.0203565487392783e-05
928 584 0 2.0208375015520093e-05 8.5972899657626089e-06
936 584 0 1.6731419047839329e-05 7.2293616063536096e-06
944 584 0 1.3835549663000752e-05 6.0712616059215297e-06
952 584 0 1.1437516517829129e-05 5.0978144605852109e-06
960 584 0 9.4666205783948317e-06 4.286847676042028e-06
968 584 0 7.8630406475435339e-06 3.6189522403231532e-06
976 584 0 6.5765323313852663e-06 3.077322971099438e-06
984 584 0 5.5654388069763796e-06 2.6476572552108923e-06
992 584 0 4.795953114033763e-06 2.3180931968841789e-06
1000 584 0 4.241578324939074e-06 2.0791723877880501e-06
1008 584 0 3.8827419587773569e-06 1.9238171546802389e-06
1016 584 0 3.7065319777178827e-06 1.847316281384659e-06
0 592 0 0.00199237395845903 0.00045526762467684116
8 592 0 0.0020274313547588578 0.00046136877932886552
16 592 0 0.0020973680904310091 0.00047342685580465229
24 592 0 0.0022018535972711225 0.00049116290131111977
32 592 0 0.002340451880287133 0.00051418132190923435
40 592 0 0.0025126825938636783 0.00054199471556638443
48 592 0 0.0027180859201830134 0.00057405294357245869
56 592 0 0.0029562796767266643 0.00060977345169809568
64 592 0 0.0032269972054188717 0.00064856966841607454
72 592 0 0.0035300963350463677 0.00068987444925433213
80 592 0 0.0038655329853041574 0.0007331560136680489
88 592 0 0.0042332975200486331 0.00077792460993892764
96 592 0 0.004633317285154836 0.00082372918368261213
104 592 0 0.0050653342381301262 0.00087014451939393909
112 592 0 0.005528771436289999 0.00091675054479301975
120 592 0 0.0060226056195464665 0.00096310658912208622
128 592 0 0.0065452645133749548 0.0010087242223564162
136 592 0 0.0070945663063336434 0.0010530427446833841
144 592 0 0.0076677148604738883 0.001095411355652832
152 592 0 0.0082613578212946005 0.0011350814770856657
160 592 0 0.0088717065539305594 0.0011712116665391938
168 592 0 0.0094947077689186091 0.0012028861402228596
176 592 0 0.010126248106068084 0.0012291462863765149
184 592 0 0.010762366205057433 0.0012490328937266419
192 592 0 0.011399443173211482 0.0012616353609007907
200 592 0 0.012034342787715266 0.0012661430924061148
208 592 0 0.012664477625024031 0.001261893780879552
216 592 0 0.013287786309456193 0.0012574319307524558
224 592 0 0.013902619231346934 0.001247500001272106
232 592 0 0.014507543803921512 0.0012287449365452584
240 592 0 0.015101093594645551 0.0012012485445529186
248 592 0 0.01568149634796415 0.0011652555577913466
256 592 0 0.0162464221020149 0.0011211377046121528
264 592 0 0.016792792944261427 0.0010693509245791391
272 592 0 0.017316689937926562 0.0010103909500977122
280 592 0 0.017813380859748984 0.00094475265720370474
288 592 0 0.018277476082420942 0.00087289810125328049
296 592 0 0.018703201486492939 0.0007952370600499345
304 592 0 0.019084759458003375 0.00071212234536613406
312 592 0 0.01941673463864604 0.00062386030759228883
320 592 0 0.019694492556765482 0.00053073507078408091
328 592 0 0.019914518164299646 0.00043304332107646504
336 592 0 0.020074648094778449 0.00033113512869156411
344 592 0 0.020174164351831541 0.00022545546303310779
352 592 0 0.020213736188582191 0.00011658084937627225
360 592 0 0.020195218326211625 0.00018656802087465424
368 592 0 0.020121334135742831 0.0002963071819382275
376 592 0 0.019995288815987593 0.00040492011484397766
384 592 0 0.019820367398182125 0.00051135031845587348
392 592 0 0.019599574078300458 0.00061444283796715723
400 592 0 0.019335362682111085 0.00071298682341151831
408 592 0 0.019029494077703199 0.00080576961898087829
416 592 0 0.018683037265284298 0.00089163750859177701
424 592 0 0.018296509654367785 0.00096955738299712643
432 592 0 0.017870131917084559 0.0010386733481409886
440 592 0 0.017404156768817076 0.0010983527035964905
448 592 0 0.016899221345834946 0.0011482167502932794
456 592 0 0.016356670748307291 0.0011881534312788277
464 592 0 0.015778805820082255 0.0012183106968468495
472 592 0 0.015169020215933728 0.0012390714992616455
480 592 0 0.014531808213174228 0.0012510132259121367
488 592 0 0.013872642952794194 0.0012548559465369556
496 592 0 0.013197742118767074 0.00125140489377722
504 592 0 0.012513752059804864 0.0012416512641357461
512 592 0 0.011827390255799505 0.0012389586862646615
520 592 0 0.011145088936567278 0.0012307802294957617
528 592 0 0.010472679621495189 0.001217606863771167
536 592 0 0.00981515027225968 0.0011998312053532797
544 592 0 0.0091764951926742722 0.0011777563103616447
552 592 0 0.0085596646832183411 0.0011516163674637151
560 592 0 0.00796660871533365 0.0011216054284987394
568 592 0 0.0073983982310463058 0.0010879096487960444
576 592 0 0.0068554003187246623 0.0010507384453499122
584 592 0 0.0063374800838633628 0.0010103504917840607
592 592 0 0.0058442025179249431 0.00096707144991395582
600 592 0 0.0053750115126002165 0.00092130162796789754
608 592 0 0.0049293694154204995 0.0008735131640311717
616 592 0 0.0045068480095945967 0.00082423766748596951
624 592 0 0.0041071693470928232 0.00077404634441376359
632 592 0 0.0037302014489208448 0.00072352536565813662
640 592 0 0.0033759187728470675 0.00067324954909202478
648 592 0 0.0030443401466398613 0.00062375732400291473
656 592 0 0.0027354575349277477 0.00057552948492299756
664 592 0 0.0024491678124595557 0.00052897352598926545
672 592 0 0.0021852171336383666 0.00048441449911981044
680 592 0 0.0019431641070149191 0.00044209248659966296
688 592 0 0.0017223644014341243 0.00040216603206732343
696 592 0 0.0015219761464908763 0.00036472031500351374
704 592 0 0.0013409829237346078 0.00032977852731074734
712 592 0 0.0011782294886822418 0.00029731482301513555
720 592 0 0.0010324646623942734 0.00026726733665413714
728 592 0 0.00090238598904171605 0.00023955005111372485
736 592 0 0.00078668157651355089 0.00021406267672494051
744 592 0 0.00068406577275815182 0.0001906981134833759
752 592 0 0.00059330672748586575 0.00016934744828616983
760 592 0 0.00051324522509940511 0.00014990274490067374
768 592 0 0.00044280528508852831 0.00013225809026759365
776 592 0 0.00038099781362197074 0.00011630945971004091
784 592 0 0.00032691902470192909 0.00010195396486107732
792 592 0 0.0002797454572321763 8.9088972552978497e-05
800 592 0 0.00023872726142226669 7.7611457843284443e-05
808 592 0 0.00020318110062173811 6.7417808268573906e-05
816 592 0 0.00017248360278305765 5.8404154626552819e-05
824 592 0 0.00014606587860863245 5.0467185246062118e-05
832 592 0 0.0001234092608952425 4.3505317368851493e-05
840 592 0 0.00010404214815507495 3.7420054880719222e-05
848 592 0 8.7537668994101217e-05 3.2117353642590774e-05
856 592 0 7.3511816744459507e-05 2.7508836871187347e-05
864 592 0 6.1621718004652707e-05 2.3512743639380042e-05
872 592 0 5.1563768540585976e-05 2.0054543300610706e-05
880 592 0 4.3071468584847751e-05 1.7067198266286965e-05
888 592 0 3.5912893114442737e-05 1.4491100027742464e-05
896 592 0 2.9887823161189816e-05 1.2273734245532016e-05
904 592 0 2.4824630538924443e-05 1.036914843517328e-05
912 592 0 2.0577046221756501e-05 8.7373008445254944e-06
920 592 0 1.7020953202122935e-05 7.3433637697947101e-06
928 592 0 1.4051333074847479e-05 6.1570419406726134e-06
936 592 0 1.1579468939671058e-05 5.1519501081682714e-06
944 592 0 9.5304729871370415e-06 4.3050766758637109e-06
952 592 0 7.8411719745622865e-06 3.5963445432668426e-06
960 592 0 6.4583527269789885e-06 3.0082678514158432e-06
968 592 0 5.3373458919219219e-06 2.525694755621612e-06
976 592 0 4.4409106497432148e-06 2.1356216816420515e-06
984 592 0 3.7383756163129415e-06 1.8270631906634381e-06
992 592 0 3.2049904064513533e-06 1.5909627075824097e-06
1000 592 0 2.8214463504498643e-06 1.4201319744892097e-06
1008 592 0 2.5735316900365452e-06 1.3092102687408117e-06
1016 592 0 2.4518945144815488e-06 1.2546374632363339e-06
0 600 0 0.0024476415831358712 0.00052520659533348115
8 600 0 0.0024888001340877233 0.00053190007410366122
16 600 0 0.0025707949462356614 0.00054510154647711105
24 600 0 0.0026930164985822422 0.00056445184915492356
32 600 0 0.0028546332021963674 0.00058944066580635286
40 600 0 0.0030546773094300627 0.00061943768128084904
48 600 0 0.0032921388637554721 0.00065372945071728037
56 600 0 0.00356605312842476 0.00069155849704508401
64 600 0 0.0038755668738349462 0.00073216089597697093
72 600 0 0.0042199707843006999 0.00077479871531265648
80 600 0 0.0045986889989722063 0.00081878416063012067
88 600 0 0.0050112221299875607 0.00086349312157596361
96 600 0 0.0054570464688374481 0.00090836695067633959
104 600 0 0.0059354787575240653 0.0009529026379796468
112 600 0 0.0064455219810830187 0.00099663293344579799
120 600 0 0.0069857122086685527 0.0010390992561955074
128 600 0 0.007553988735731371 0.0010798212527654595
136 600 0 0.0081476090510170275 0.0011182674800300999
144 600 0 0.0087631262161267202 0.0011538317865302395
152 600 0 0.0093964392983802662 0.0011858195009803573
160 600 0 0.010042918220469753 0.001213446531602427
168 600 0 0.010697593909141469 0.0012358530308217569
176 600 0 0.011355394392444599 0.0012521315481867218
184 600 0 0.012011399098784075 0.001261367788387549
192 600 0 0.012661078534112273 0.0012626904393858492
200 600 0 0.013300485880121381 0.0012661430924061148
208 600 0 0.013926371405903583 0.001261893780879552
216 600 0 0.01453619972009945 0.0012484134106432575
224 600 0 0.015128062828488942 0.0012254435971420074
232 600 0 0.015700497020898572 0.0011929532169770597
240 600 0 0.016252226618365565 0.0011511330237200142
248 600 0 0.016781870217874712 0.001100373869910562
256 600 0 0.017287653126137011 0.0010412310241221107
264 600 0 0.017767171593537939 0.00097437864927651247
272 600 0 0.018217249536505414 0.00090055959857885184
280 600 0 0.018633917016213006 0.00082053615646402248
288 600 0 0.01901252323380229 0.00073504715138134752
296 600 0 0.019347977513180917 0.0006447760266879779
304 600 0 0.01963509254211936 0.00055033308411598508
312 600 0 0.019868988019309707 0.00045225338066366694
320 600 0 0.02004550242830147 0.00035100987153598856
328 600 0 0.020161557732253931 0.00024703956795428528
336 600 0 0.020215427019533789 0.0001407789247553394
344 600 0 0.020206867910569873 0.00016135808060157436
352 600 0 0.020137103031376825 0.00026809976881163322
360 600 0 0.02000865030533697 0.00037353164814174847
368 600 0 0.019825026953804604 0.00047700745507129813
376 600 0 0.019590368701143616 0.00057777996042010504
384 600 0 0.019309017079726251 0.00067499975370209978
392 600 0 0.018985131240333301 0.00076773035028967693
400 600 0 0.018622375858699566 0.000854978929089905
408 600 0 0.018223724458722321 0.00093574017465531886
416 600 0 0.017791399756692521 0.0010090491190335137
424 600 0 0.017326952271370658 0.0010740377399790571
432 600 0 0.01683145856894357 0.0011299895131243985
440 600 0 0.016305804065220586 0.0011763862121263319
448 600 0 0.015751004595541667 0.0012129420021692455
456 600 0 0.015168517317028464 0.0012396211983564526
464 600 0 0.014560495123235406 0.0012566378086466077
472 600 0 0.013929948716672082 0.0012644369429725064
480 600 0 0.013280794987262092 0.001263660108434846
488 600 0 0.012617787006257238 0.0012550980890261073
496 600 0 0.011946337224989854 0.00125140489377722
504 600 0 0.011272259063786911 0.0012414929960179524
512 600 0 0.010601461256556638 0.0012259289992428667
520 600 0 0.0099396331359226479 0.0012054558006446298
528 600 0 0.0092919574191930171 0.0011807222023021719
536 600 0 0.0086628807003790512 0.0011522695718806288
544 600 0 0.0080559620957171719 0.0011205330969571003
552 600 0 0.0074738090130907417 0.0010858556701275994
560 600 0 0.0069180975719490842 0.0010485111433845657
568 600 0 0.006389665345453782 0.0010087328855925238
576 600 0 0.0058886569832386944 0.00096674333548596794
584 600 0 0.0054146995298016099 0.00092278055406175286
592 600 0 0.0049670839571421162 0.00087711856078282694
600 600 0 0.0045449321653669951 0.0008300793472332214
608 600 0 0.0041473336888203675 0.00078203572660013199
616 600 0 0.0037734425909304965 0.00073340541866410026
624 600 0 0.0034225315182753058 0.00068463782881751731
632 600 0 0.0030940057114863962 0.00063619573743444856
640 600 0 0.0027873842655446101 0.00058853450730245735
648 600 0 0.0025022587133587395 0.00054208143328112173
656 600 0 0.0022382399917775207 0.00049721754315022694
664 600 0 0.0019949042177409373 0.00045426359471861842
672 600 0 0.0017717458258371883 0.00041347130780117832
680 600 0 0.0015681439750257365 0.0003750201319891826
688 600 0 0.0013833452190161952 0.00033901918241792915
696 600 0 0.0012164626940960304 0.00030551345239484586
704 600 0 0.0010664898446407708 0.00027449307909383695
712 600 0 0.000932325179687255 0.00024590430899498685
720 600 0 0.00081280379610845267 0.00021966086628582074
728 600 0 0.00070673135843708193 0.00019565463060463412
736 600 0 0.00061291674874137741 0.00017376482777217348
744 600 0 0.00053020050018902874 0.00015386527256912308
752 600 0 0.00045747720218461516 0.00013582952530125059
760 600 0 0.00039371113076649793 0.00011953409433290718
768 600 0 0.00033794527481926997 0.00010486001026925834
776 600 0 0.00028930460881063455 9.169320481133619e-05
784 600 0 0.00024699487168897653 7.9924153012952558e-05
792 600 0 0.00021029826066402298 6.9447196568153316e-05
800 600 0 0.00017856738266871876 6.0159878753547933e-05
808 600 0 0.00015121858918079806 5.1962511440940042e-05
816 600 0 0.00012772552074419801 4.4758082038859641e-05
824 600 0 0.00010761336886984353 3.8452509738788929e-05
832 600 0 9.0454074249424058e-05 3.2955186645818442e-05
840 600 0 7.5862453300347819e-05 2.8179694854727131e-05
848 600 0 6.3493094410467234e-05 2.4044574583633984e-05
856 600 0 5.3037790310217674e-05 2.0474026434241834e-05
864 600 0 4.4223262299920723e-05 1.7398455704731984e-05
872 600 0 3.6808967867235024e-05 1.4754800673350952e-05
880 600 0 3.0584845894233562e-05 1.2486622690614189e-05
888 600 0 2.5368925079556471e-05 1.0543968034886267e-05
896 600 0 2.1004787139960106e-05 8.8830360212297099e-06
904 600 0 1.735892748794403e-05 7.4657030509804129e-06
912 600 0 1.4318088051376948e-05 6.2589581703795531e-06
920 600 0 1.1786649580675838e-05 5.2343036214470974e-06
928 600 0 9.6841671078884272e-06 4.3671659669590521e-06
936 600 0 7.9431168506088229e-06 3.6363520890622347e-06
944 600 0 6.5069009936700395e-06 3.023571993467002e-06
952 600 0 5.3281332152822049e-06 2.5130387592800816e-06
960 600 0 4.3672062978931807e-06 2.0911464290858078e-06
968 600 0 3.5911261055029618e-06 1.7462197864189602e-06
976 600 0 2.9725847298520267e-06 1.468325919891188e-06
984 600 0 2.4892397080124318e-06 1.2491359083005098e-06
992 600 0 2.1231651031609701e-06 1.0818253032903832e-06
1000 600 0 1.8604426932253131e-06 9.6100365722455121e-07
1008 600 0 1.6908661943727897e-06 8.8266549566375547e-07
1016 600 0 1.6077371705741416e-06 8.4415734390740719e-07
0 608 0 0.0029728481784693523 0.00059647267500025861
8 608 0 0.0030207002081913846 0.00060371250835996411
16 608 0 0.0031158964927127724 0.00061796134312962041
24 608 0 0.0032574683477371658 0.00063877182008877488
32 608 0 0.0034440738680027202 0.00066550743020719417
40 608 0 0.0036741149907109118 0.00069738059596079465
48 608 0 0.0039458683144727525 0.0007334981374484727
56 608 0 0.004257611625469844 0.00077291012620676978
64 608 0 0.0046077277698119172 0.00081465779598603304
72 608 0 0.0049947694996133564 0.00085781624209661268
80 608 0 0.0054174731596023269 0.00090152812103731078
88 608 0 0.0058747152515635243 0.00094502544357887193
96 608 0 0.0063654134195137877 0.00098763777705670758
104 608 0 0.0068883813955037121 0.0010287866314797733
112 608 0 0.0074421549145288167 0.0010679673553893564
120 608 0 0.0080248114648640602 0.0011047213411062521
128 608 0 0.0086338099884968305 0.001138602557536424
136 608 0 0.0092658765310471274 0.0011691432299513575
144 608 0 0.0099169580026569597 0.0011958237471253481
152 608 0 0.010582258799360623 0.0012180515336535878
160 608 0 0.01125636475207218 0.0012351526895087259
168 608 0 0.011933446939963226 0.0012463787578832538
176 608 0 0.012607525940631321 0.0012521315481867218
184 608 0 0.013272766887171624 0.001261367788387549
192 608 0 0.013923768973498122 0.0012626904393858492
200 608 0 0.014555811135558658 0.0012553252554372771
208 608 0 0.015165019252826704 0.0012386478469231209
216 608 0 0.015748429271670673 0.0012122295515712232
224 608 0 0.016303934192426279 0.0011758713639373371
232 608 0 0.016830119138310052 0.0011296221174114801
240 608 0 0.017326005418919304 0.0010737788005537388
248 608 0 0.017790739059368194 0.0010088688414934821
256 608 0 0.018223269297967096 0.00093561617183008511
264 608 0 0.018622066238918249 0.0008548946453803101
272 608 0 0.018984923264250806 0.00076767372774539169
280 608 0 0.019308879152638316 0.00067496213642530972
288 608 0 0.019590278451389262 0.00057775521758697199
296 608 0 0.019824968807281136 0.0004769912941002194
304 608 0 0.020008613628208407 0.00037352108608904727
312 608 0 0.020137080749371927 0.00026809273006222004
320 608 0 0.020206855519131442 0.00016135309082997151
328 608 0 0.020215421911887872 0.0001407833646326212
336 608 0 0.020161558788963318 0.00024704347168766003
344 608 0 0.020045509829968298 0.00035101414984270787
352 608 0 0.019869003262565191 0.0004522590006393358
360 608 0 0.019635118657195222 0.00055034124071557528
368 608 0 0.019348019498733306 0.00064478833892867363
376 608 0 0.019012588740723511 0.00073506590447804457
384 608 0 0.018634017326024151 0.00082056461216148402
392 608 0 0.018217400890043624 0.00090060239714906745
400 608 0 0.017767396929609661 0.00097444232729549524
408 608 0 0.017287984284067002 0.0010413246712687278
416 608 0 0.016782350637659007 0.0011005099444018028
424 608 0 0.016252914531391601 0.0011513283380856255
432 608 0 0.015701469055819171 0.0011932300919067704
440 608 0 0.015129417853094254 0.0012258311591764916
448 608 0 0.014538062593372422 0.001248948977617589
456 608 0 0.013928896118672011 0.0012626242356409412
464 608 0 0.013303857314588798 0.0012671260894496581
472 608 0 0.012665511773699576 0.0012644369429725064
480 608 0 0.012017134878827246 0.001263660108434846
488 608 0 0.011362688917231131 0.0012550980890261073
496 608 0 0.010706700900331585 0.0012396363246582696
504 608 0 0.010054060746843308 0.0012181983169436035
512 608 0 0.0094097687193219585 0.0011916925372346798
520 608 0 0.0087786655129253269 0.001160967622997321
528 608 0 0.0081651779874663752 0.0011267794317266419
536 608 0 0.0075731087472997371 0.001089771953079314
544 608 0 0.0070054897210509509 0.001050472374666221
552 608 0 0.0064645100353036625 0.0010092989777870792
560 608 0 0.0059515183665619382 0.00096657920538714606
568 608 0 0.0054670910009054071 0.00092257434454837486
576 608 0 0.0050111501025365155 0.00087750688070217884
584 608 0 0.0045831128133824459 0.00083158671641916405
592 608 0 0.0041820509173477747 0.00078503303979434152
600 608 0 0.0038068426092275598 0.00073808955613943522
608 608 0 0.0034563017809510141 0.00069103190786935342
616 608 0 0.0031292753531899807 0.00064416723774051582
624 608 0 0.0028247046671851638 0.00059782685109014203
632 608 0 0.0025416520229990941 0.00055235368848730211
640 608 0 0.002279297502889693 0.00050808676265491712
648 608 0 0.0020369138886102908 0.0004653448247484487
656 608 0 0.0018138286575240345 0.00042441133425348619
664 608 0 0.0016093818376413322 0.00038552238009960512
672 608 0 0.0014228871986950902 0.00034885862714209809
680 608 0 0.0012536022368362437 0.00031454173818949282
688 608 0 0.0011007100828777918 0.00028263513613840333
696 608 0 0.00096331420047126584 0.00025314849362476457
704 608 0 0.00084044483138515872 0.00022604501325561212
712 608 0 0.0007310747733125394 0.0002012504063747156
720 608 0 0.00063414131290297335 0.00017866248320547932
728 608 0 0.00054857095559318831 0.00015816040284389362
736 608 0 0.00047330389248742717 0.00013961285625395023
744 608 0 0.00040731577706564962 0.00012288472312337913
752 608 0 0.00034963519109915136 0.00010784201108546379
760 608 0 0.00029935601199578064 9.4355118770717288e-05
768 608 0 0.00025564463534308063 8.2300639476189335e-05
776 608 0 0.00021774257923155442 7.1562029579080129e-05
784 608 0 0.00018496536538495394 6.2029506304022591e-05
792 608 0 0.00015669873753867774 5.3599523125345247e-05
800 608 0 0.00013239326909476781 4.6174113573950953e-05
808 608 0 0.00011155827589200434 3.9660313288793721e-05
816 608 0 9.3755738045530411e-05 3.3969782698667597e-05
824 608 0 7.8594696325283404e-05 2.9018672544560122e-05
832 608 0 6.5726363244770228e-05 2.472771100465383e-05
840 608 0 5.4840004078742e-05 2.1022449221605819e-05
848 608 0 4.5659512353715008e-05 1.7833582056752226e-05
856 608 0 3.7940530197998433e-05 1.5097260112219241e-05
864 608 0 3.1467939708634639e-05 1.2755322591286084e-05
872 608 0 2.6053565189221582e-05 1.0755402678013443e-05
880 608 0 2.1533963617363023e-05 9.0508822768705395e-06
888 608 0 1.7768228488590268e-05 7.6006965909662025e-06
896 608 0 1.4635779188011853e-05 6.3690079519482526e-06
904 608 0 1.2034146621114098e-05 5.3247808668299323e-06
912 608 0 9.8767919493011003e-06 4.4412961020758473e-06
920 608 0 8.0910080538881644e-06 3.6956415267876736e-06
928 608 0 6.6159543046752793e-06 3.0682128032131479e-06
936 608 0 5.4008672969128815e-06 2.5422495536959414e-06
944 608 0 4.4034769705311002e-06 2.1034240231389393e-06
952 608 0 3.5886423158927745e-06 1.7394908993894303e-06
960 608 0 2.9272064460971013e-06 1.4399998517960794e-06
968 608 0 2.3950590451055862e-06 1.1960670603973756e-06
976 608 0 1.9723860391683197e-06 1.0001986906837071e-06
984 608 0 1.643081947241576e-06 8.4615776077085581e-07
992 608 0 1.3942993205135485e-06 7.2886578264742168e-07
1000 608 0 1.2161112157663831e-06 6.4433147745892993e-07
1008 608 0 1.101265882691637e-06 5.8960031168115277e-07
1016 608 0 1.0450169720771822e-06 5.6272019849695945e-07
0 616 0 0.0035693208534696109 0.00066641340654228012
8 616 0 0.0036244127165513487 0.00067412750946444248
16 616 0 0.0037338578358423928 0.0006892767939503169
24 616 0 0.0038962401678259407 0.00071132034595729416
32 616 0 0.0041095812982099144 0.00073948774596142592
40 616 0 0.0043714955866717064 0.00077282447380024565
48 616 0 0.0046793664519212252 0.00081024651605660514
56 616 0 0.0050305217516766138 0.00085059967438287816
64 616 0 0.0054223855657979502 0.00089271865359346475
72 616 0 0.005852585741709969 0.00093548101458136666
80 616 0 0.0063190012806396377 0.0009778515378016904
88 616 0 0.0068197406951423963 0.0010189134471625429
96 616 0 0.0073530511965704953 0.0010578842341327551
104 616 0 0.0079171680269834854 0.0010941153919776705
112 616 0 0.0085101222699181731 0.0011270770714637019
120 616 0 0.0091295328059703123 0.0011563303229023322
128 616 0 0.0097724125460332545 0.00118149100476851
136 616 0 0.010435019760998485 0.0012021904389418383
144 616 0 0.011112781749782308 0.0012180383374139157
152 616 0 0.011800310333014211 0.0012285933356773263
160 616 0 0.012491517441580906 0.0012351526895087259
168 616 0 0.013179825697846479 0.0012463787578832538
176 616 0 0.013858455135199102 0.0012509291945677816
184 616 0 0.014520755075628524 0.0012479881884568996
192 616 0 0.0151605416334364 0.0012367726599382782
200 616 0 0.015772397908336473 0.0012165867727778144
208 616 0 0.016351896581832691 0.0011868773290059868
216 616 0 0.016895713375774005 0.001147284104103332
224 616 0 0.01740161376028965 0.0010976795678633716
232 616 0 0.017868312620545983 0.0010381934822359315
240 616 0 0.018295224865027937 0.000969219446108633
248 616 0 0.018682141437395043 0.00089140237802684888
256 616 0 0.019028877259501982 0.00080560796153488629
264 616 0 0.019334943224030007 0.00071287698511175723
272 616 0 0.019599292335440867 0.00061436907119006082
280 616 0 0.019820180487059129 0.00051130133442081269
288 616 0 0.019995166382135016 0.00040488793074575438
296 616 0 0.020121255029747164 0.00029628622246602801
304 616 0 0.020195168059046635 0.00018655443083822817
312 616 0 0.020213705032507051 0.00011659201551007109
320 616 0 0.020174145962469459 0.00022546278651516122
328 616 0 0.02007463854725525 0.00033114020464929811
336 616 0 0.019914515317275658 0.00043304731050082187
344 616 0 0.019694495680125591 0.00053073890937360702
352 616 0 0.019416744261925856 0.00062386487923214717
360 616 0 0.019084777416479647 0.00071212864266519127
368 616 0 0.018703231159804632 0.00079524635217171485
376 616 0 0.018277522836245466 0.00087291212816152305
384 616 0 0.017813452713862667 0.00094477386908702748
392 616 0 0.017316798492894556 0.0010104228106828199
400 616 0 0.016792954602314166 0.0010693982966685257
408 616 0 0.016246659612798274 0.0011212073346806208
416 616 0 0.015681840693257204 0.0011653566728267624
424 616 0 0.015101586193305976 0.0012013935672977351
432 616 0 0.014508238963912401 0.0012289503134686811
440 616 0 0.013903586693917763 0.0012477871194527309
448 616 0 0.013289113615754833 0.0012578280738871732
456 616 0 0.01266627188303107 0.0012626242356409412
464 616 0 0.01203673122513914 0.0012671260894496581
472 616 0 0.0114025716313627 0.0012629401423368755
480 616 0 0.010766394466660119 0.001250740412167127
488 616 0 0.010131340670437571 0.0012313482467935597
496 616 0 0.0095010184132758007 0.0012056824870557842
504 616 0 0.0088793547812372701 0.0011747059656060377
512 616 0 0.0082703951330032333 0.0011393735863187253
520 616 0 0.0076780787540961142 0.0011005867588292128
528 616 0 0.0071060200333543698 0.0010591579541120054
536 616 0 0.0065573209915128121 0.001015787755786925
544 616 0 0.0060344345143690881 0.00097105520668186278
552 616 0 0.0055390893327444358 0.00092542070255922666
560 616 0 0.0050722790077685565 0.0008792393587933817
568 616 0 0.0046343091793224593 0.00083278182158294783
576 616 0 0.0042248911006382214 0.00078625900189829411
584 616 0 0.0038432656158589379 0.00073984719752350804
592 616 0 0.0034883404274977776 0.0006937104898499971
600 616 0 0.0031588245517681995 0.00064801805745936039
608 616 0 0.0028533467774805991 0.000602955003470415
616 616 0 0.0025705490516964276 0.00055872630149355305
624 616 0 0.002309150278234725 0.0005155543889504388
632 616 0 0.0020679803556049158 0.00047367166739417828
640 616 0 0.0018459878649172644 0.00043330963797242857
648 616 0 0.0016422273071425579 0.0003946865814677329
656 616 0 0.0014558330537895615 0.00035799560373447306
664 616 0 0.0012859872775046496 0.00032339456013668255
672 616 0 0.0011318882786109654 0.00029099892008412477
680 616 0 0.0009927241200552567 0.00026087811678098699
688 616 0 0.00086765465747091575 0.00023305542540687609
696 616 0 0.00075580321221763538 0.00020751098825363046
704 616 0 0.00065625753139058826 0.00018418729999457046
712 616 0 0.00056807847426409606 0.00016299629904844334
720 616 0 0.00049031413418333387 0.00014382717871963947
728 616 0 0.00042201684198568402 0.00012655411360750429
736 616 0 0.0003622606321608896 0.00011104326032653758
744 616 0 0.00031015717737779846 9.7158599687851156e-05
752 616 0 0.00026486878680213719 8.4766404297014169e-05
760 616 0 0.00022561770074658088 7.3738311249199758e-05
768 616 0 0.00019169150182862013 6.3953133514460503e-05
776 616 0 0.00016244493417599199 5.5297645055562428e-05
784 616 0 0.0001372987428735111 4.7666622511442839e-05
792 616 0 0.00011573631074837483 4.0962426790302906e-05
800 616 0 9.7298896566917607e-05 3.5094372527850201e-05
808 616 0 8.1580200171830922e-05 2.9978075720173421e-05
816 616 0 6.8220834661186162e-05 2.5534903384344249e-05
824 616 0 5.6903111107960981e-05 2.1691585217322423e-05
832 616 0 4.7346369141537938e-05 1.837999410323229e-05
840 616 0 3.930293952343191e-05 1.553706455531009e-05
848 616 0 3.2554715355189669e-05 1.3104796998525338e-05
856 616 0 2.6910240471322279e-05 1.1030289726676154e-05
864 616 0 2.2202193582697081e-05 9.2657461259375575e-06
872 616 0 1.8285146983106379e-05 7.7684182061152026e-06
880 616 0 1.5033499166937727e-05 6.5004644504252955e-06
888 616 0 1.2339511584282784e-05 5.4287169043074837e-06
896 616 0 1.0111412530591967e-05 4.524366657419886e-06
904 616 0 8.2715597102728423e-06 3.7625869108412557e-06
912 616 0 6.7546737749198581e-06 3.1221181743812421e-06
920 616 0 5.5061669081374461e-06 2.5848411457507184e-06
928 616 0 4.4805939253898052e-06 2.1353603792854741e-06
936 616 0 3.640250170928595e-06 1.7606171259842865e-06
944 616 0 2.9539330558282698e-06 1.4495439147028304e-06
952 616 0 2.3958747309217813e-06 1.1927675849709932e-06
960 616 0 1.9448441004668535e-06 9.8236234563024778e-07
968 616 0 1.5834085626210705e-06 8.116504824845157e-07
976 616 0 1.2973402962131481e-06 6.7504574295517154e-07
984 616 0 1.0751488260938696e-06 5.6793312114770632e-07
992 616 0 9.0772079244352905e-07 4.8657852807001941e-07
1000 616 0 7.8804886122151448e-07 4.2806235454486866e-07
1008 616 0 7.110339775307004e-07 3.9023190516093657e-07
1016 616 0 6.7334814049211037e-07 3.716688315850718e-07
0 624 0 0.004235734260011891 0.00073186919927550453
8 624 0 0.0042985402260157912 0.00073995775698562291
16 624 0 0.0044231346297927097 0.00075580694540360212
24 624 0 0.0046075605137832348 0.00077878048671702668
32 624 0 0.0048490690441713403 0.00080797140740908237
40 624 0 0.0051443200604719521 0.0008422548799937651
48 624 0 0.0054896129679778303 0.00088035216705183595
56 624 0 0.0058811214260594919 0.00092090069006025947
64 624 0 0.006315104219391415 0.0009625247364219271
72 624 0 0.0067880667562913357 0.0010039012589288018
80 624 0 0.0072968528184413281 0.0010438156484378312
88 624 0 0.0078386541423049391 0.0010812032680743173
96 624 0 0.0084109354307032504 0.0011151738726273112
104 624 0 0.0090112834189611558 0.0011450176956352247
112 624 0 0.009637199341381875 0.0011701938179279042
120 624 0 0.010285863128872644 0.0011903032496959499
128 624 0 0.010953903550801765 0.001205050763340855
136 624 0 0.011637210199940323 0.0012142007160447516
144 624 0 0.012330820087196223 0.0012180383374139157
152 624 0 0.013028903668691538 0.0012285933356773263
160 624 0 0.013724863081511466 0.0012333456399305602
168 624 0 0.014411540603302303 0.0012317149054558232
176 624 0 0.015081519798734157 0.0012230646635350544
184 624 0 0.015727487688650392 0.0012067326130218679
192 624 0 0.016342615763821733 0.0011820741303853327
200 624 0 0.016920912577021031 0.0011485146686845589
208 624 0 0.017457502101193931 0.0011056055193612406
216 624 0 0.017948790224786491 0.0010530768490124853
224 624 0 0.018392495825801308 0.00099088206551165708
232 624 0 0.018787541016568439 0.00091922839602245551
240 624 0 0.019133814837518501 0.00083858997249056447
248 624 0 0.019431842986052484 0.00074970154865744085
256 624 0 0.019682410261311126 0.00065353300180914439
264 624 0 0.019886189994001931 0.00055124676997192479
272 624 0 0.020043434454609821 0.00044414211916895402
280 624 0 0.020153771926176883 0.00033359143911775371
288 624 0 0.020216140879373613 0.0002209744972385963
296 624 0 0.020228871703574958 0.00010761667382779352
304 624 0 0.020189904718111554 0.00019645186965383879
312 624 0 0.02009711301699698 0.00030596177313122266
320 624 0 0.019948683175954298 0.00041129462278797005
328 624 0 0.019743498342605952 0.00051167807331035237
336 624 0 0.019481468006774836 0.00060653820402295153
344 624 0 0.019163756770751984 0.00069547888021286725
352 624 0 0.018792879382693709 0.00077824816199687646
360 624 0 0.018372648773814455 0.00085469646604971472
368 624 0 0.017907984807632917 0.00092473194091917399
376 624 0 0.017404610708083943 0.00098827864815785246
384 624 0 0.01686867884477564 0.0010452426298189453
392 624 0 0.016306375682211736 0.0010954898435985155
400 624 0 0.01572355630564564 0.0011388383873829674
408 624 0 0.015125452278117653 0.0011750656014939669
416 624 0 0.014516484020430442 0.0012039287533286615
424 624 0 0.01390019262600824 0.0012251963087476451
432 624 0 0.01327928865044372 0.001238685489678943
440 624 0 0.012655799574465032 0.0012477871194527309
448 624 0 0.012031285541867659 0.0012578280738871732
456 624 0 0.011407086108263628 0.0012591857747674424
464 624 0 0.010784559689670905 0.0012521715354682356
472 624 0 0.01016528184135811 0.0012372897900045903
480 624 0 0.0095511773075819782 0.0012152171590781406
488 624 0 0.0089445722959963277 0.0011867683744412431
496 624 0 0.0083481657395891341 0.0011528526736866666
504 624 0 0.0077649295791460474 0.0011144252020912227
512 624 0 0.0071979568374947065 0.0010724382955085267
520 624 0 0.0066502814999928883 0.0010277972541032259
528 624 0 0.0061246956155878449 0.00098132441776652493
536 624 0 0.0056235868364699964 0.00093373415504281569
544 624 0 0.005148814556198796 0.00088561995817029206
552 624 0 0.0047016359384525119 0.00083745339429192392
560 624 0 0.0042826856256163847 0.00078959338215217178
568 624 0 0.003892005886389507 0.00074230329293295235
576 624 0 0.0035291182936697894 0.00069577280696843206
584 624 0 0.0031931242901662802 0.00065014132569265765
592 624 0 0.0028828204176315929 0.00060552000986618471
600 624 0 0.0025968144421211052 0.0005620101096470943
608 624 0 0.0023336307233268634 0.00051971605415373568
616 624 0 0.0020917964032331725 0.00047875264846325514
624 624 0 0.0018699037174340421 0.00043924656080068293
632 624 0 0.0016666473850939724 0.00040133297051094343
640 624 0 0.0014808391446316539 0.00036514872028561049
648 624 0 0.0013114037626189607 0.00033082354452359727
656 624 0 0.0011573621164669941 0.00029847093732256733
664 624 0 0.0010178072606818003 0.00026818001682284934
672 624 0 0.00089187888202455282 0.00024000939658641259
680 624 0 0.00077874046228677753 0.00021398365776847917
688 624 0 0.00067756206284638157 0.00019009259462453418
696 624 0 0.00058751017601818426 0.00016829303619945112
704 624 0 0.00050774476345619645 0.00014851276793439181
712 624 0 0.00043742256606121735 0.00013065590820287871
720 624 0 0.00037570509649189254 0.00011460903769144133
728 624 0 0.00032176942197358792 0.0001002474200120961
736 624 0 0.00027481986668221296 8.7440765478676637e-05
744 624 0 0.00023409903025811861 7.6058147119679851e-05
752 624 0 0.00019889693741083337 6.5971849391303829e-05
760 624 0 0.0001685576101870084 5.7060090559572481e-05
768 624 0 0.00014248281077618128 4.9208691052438845e-05
776 624 0 0.00012013308227297616 4.2311851903015831e-05
784 624 0 0.00010102648583388661 3.6272257039624497e-05
792 624 0 8.4735586462866518e-05 3.1000724285508313e-05
800 624 0 7.0883286020443595e-05 2.6415610546474011e-05
808 624 0 5.9138063118997911e-05 2.244213705283301e-05
816 624 0 4.9209083462580362e-05 1.90117511986058e-05
824 624 0 4.0841519405428299e-05 1.6061591702532682e-05
832 624 0 3.3812288713266423e-05 1.3534080428271515e-05
840 624 0 2.7926308058431019e-05 1.1376631465000892e-05
848 624 0 2.3013267774892573e-05 9.5414475802970969e-06
856 624 0 1.892487513805747e-05 7.9853653332648089e-06
864 624 0 1.5532482710188322e-05 6.6697108725087597e-06
872 624 0 1.2725011161013177e-05 5.5601358220932025e-06
880 624 0 1.0407085574551702e-05 4.6264135923860247e-06
888 624 0 8.4973233974363262e-06 3.8421881868464582e-06
896 624 0 6.9267345254085806e-06 3.1846780051833868e-06
904 624 0 5.6372147627434154e-06 2.6343449475294269e-06
912 624 0 4.5801300259069203e-06 2.1745437490129379e-06
920 624 0 3.7149989056727641e-06 1.7911680024646819e-06
928 624 0 3.0082856349657356e-06 1.4723082904240697e-06
936 624 0 2.4323151493631393e-06 1.2079350215654557e-06
944 624 0 1.9643182696637021e-06 9.8961478616456778e-07
952 624 0 1.5856096681167127e-06 8.102650628050686e-07
960 624 0 1.2808955961093246e-06 6.6394850435752889e-07
968 624 0 1.0377033880880087e-06 5.4570517453306181e-07
976 624 0 8.4592113680507479e-07 4.5141915940807334e-07
984 624 0 6.97433894811051e-07 3.7771493128281864e-07
992 624 0 5.858422285075839e-07 3.2187856393594514e-07
1000 624 0 5.0624966918986994e-07 2.8179919203164454e-07
1008 624 0 4.5510721622883655e-07 2.5592676130186385e-07
1016 624 0 4.3010519799150789e-07 2.4324294250060248e-07
0 632 0 0.0049676034592873956 0.00078928496042604632
8 632 0 0.0050384979830014141 0.00079762002774722961
16 632 0 0.0051789415751963119 0.00081391456866221172
24 632 0 0.0053863410005002615 0.00083743951710631669
32 632 0 0.0056570404515804227 0.00086715497124848634
40 632 0 0.0059865749404657172 0.00090177023601648639
48 632 0 0.0063699651350296663 0.00093981686493052868
56 632 0 0.0068020221161197514 0.00097972930179807561
64 632 0 0.0072776289558133421 0.001019927124628328
72 632 0 0.0077919680152201375 0.0010588927625858023
80 632 0 0.0083406684668791593 0.0010952389348295628
88 632 0 0.0089198574103792564 0.0011277609500191573
96 632 0 0.0095261093033305617 0.001155470359918474
104 632 0 0.010156301114596381 0.0011776081794195644
112 632 0 0.010807393159309779 0.0011936378182748602
120 632 0 0.011476166378568594 0.0012032198288297255
128 632 0 0.012158954314142619 0.0012061723525787875
136 632 0 0.012851410915985075 0.0012142007160447516
144 632 0 0.013548352831803574 0.0012175327446073501
152 632 0 0.014243706873864672 0.0012148032051731341
160 632 0 0.014930580628804504 0.0012057175472930375
168 632 0 0.015601458121367011 0.0011899175180647079
176 632 0 0.016248505127010336 0.0011669853282761794
184 632 0 0.016863952569186411 0.0011364648805360193
192 632 0 0.017440513861527743 0.0010978980977060099
200 632 0 0.017971785119724339 0.0010508725427033072
208 632 0 0.018452577207469213 0.00099507510627528176
216 632 0 0.018879135947312459 0.0009303457225259687
224 632 0 0.019249220769942631 0.00085672494414132383
232 632 0 0.019562030795159054 0.00077448977859061532
240 632 0 0.019817988217089414 0.00068417337957091262
248 632 0 0.02001840884724421 0.00058656586119172627
256 632 0 0.020165105723571608 0.00048269546226048163
264 632 0 0.020259981309116652 0.00037379131511472083
272 632 0 0.020304665402728052 0.00026123094811823094
280 632 0 0.020300249103134799 0.00014647717695791609
288 632 0 0.020247150943000409 0.00015976483334820615
296 632 0 0.020145131749513552 0.00027242933527824378
304 632 0 0.019993452848457716 0.00038161715176421654
312 632 0 0.019791151243865757 0.00048613152295223436
320 632 0 0.019537388553166328 0.00058497691713054606
328 632 0 0.0192318202692956 0.0006773814558987401
336 632 0 0.018874929802751884 0.00076280066674105917
344 632 0 0.018468277890539116 0.00084090332824163921
352 632 0 0.018014631220696832 0.00091154201149980241
360 632 0 0.017517952307764741 0.00097471245623279024
368 632 0 0.016983252866713743 0.00103050697695228
376 632 0 0.016416332059926091 0.001079067549737139
384 632 0 0.015823436214956695 0.0011205440281724516
392 632 0 0.015210885838613221 0.0011550621011177688
400 632 0 0.014584717918262673 0.00118270423701217
408 632 0 0.013950386676623686 0.0012035051296481417
416 632 0 0.01331255526710178 0.0012174612867360841
424 632 0 0.012674996317260595 0.0012251963087476451
432 632 0 0.012040603160764777 0.001238685489678943
440 632 0 0.011411498504502056 0.0012443010699629761
448 632 0 0.010789215281493451 0.0012420702603742079
456 632 0 0.010174917026248804 0.0012321690820148237
464 632 0 0.0095696229482282544 0.0012149367414426501
472 632 0 0.0089744057981228902 0.0011908760432352197
480 632 0 0.0083905377103319391 0.0011606395972500391
488 632 0 0.0078195690271386648 0.001125003268857663
496 632 0 0.0072633359762904991 0.0010848297632986351
504 632 0 0.0067239033242211827 0.0010410262549248647
512 632 0 0.0062034563786834002 0.00099450045881130638
520 632 0 0.0057041620356736451 0.00094611946431924325
528 632 0 0.0052280205615447516 0.00089667505404309334
536 632 0 0.0047767286061077352 0.0008468582303622612
544 632 0 0.0043515701311562134 0.00079724442504258263
552 632 0 0.0039533463835745809 0.000748289554877931
560 632 0 0.0035823497440607777 0.00070033588155560701
568 632 0 0.0032383802066515452 0.00065362567973796179
576 632 0 0.0029207981845177878 0.00060832010915200154
584 632 0 0.0026286038267664385 0.00056452046339984172
592 632 0 0.0023605313040659043 0.00052228911356568854
600 632 0 0.002115146527594623 0.00048166791452648218
608 632 0 0.001890938223975703 0.00044269249935116042
616 632 0 0.0016863947630941019 0.00040540164013907055
624 632 0 0.0015000621252467211 0.00036984159218732097
632 632 0 0.0013305814152784561 0.00033606596981551628
640 632 0 0.0011767069830545636 0.00030413216157709039
648 632 0 0.0010373082148374439 0.00027409554778151679
656 632 0 0.00091135928204389826 0.00024600283442309588
664 632 0 0.00079792156840951969 0.00021988569227228058
672 632 0 0.00069612324732774681 0.000195755634696806
680 632 0 0.00060513972336784347 0.00017360073891893406
688 632 0 0.00052417759369517095 0.00015338446915121062
696 632 0 0.00045246363111381985 0.00013504654490436441
704 632 0 0.00038923921432722171 0.00011850554912897475
712 632 0 0.00033375975756040957 0.00010366280850080778
720 632 0 0.00028529809008828933 9.040700640360321e-05
728 632 0 0.00024315042272838347 7.8618999245204455e-05
736 632 0 0.00020664348604955304 6.8176380632659918e-05
744 632 0 0.00017514157754803039 5.8957452710088219e-05
752 632 0 0.00014805254138386683 5.084439602696654e-05
760 632 0 0.00012483205238227252 4.3725557804735879e-05
768 632 0 0.00010498592314843355 3.7496887627747733e-05
776 632 0 8.8070452491381145e-05 3.2062629781595017e-05
784 632 0 7.3691056633553027e-05 2.733542920033358e-05
792 632 0 6.1499561487541671e-05 2.3236024975324847e-05
800 632 0 5.1190588934866521e-05 1.9692697085577074e-05
808 632 0 4.249745713238242e-05 1.6640605986615491e-05
816 632 0 3.5187954446331499e-05 1.4021129016248863e-05
824 632 0 2.9060259838000071e-05 1.1781259567428228e-05
832 632 0 2.3939188342994957e-05 9.8731003702714663e-06
840 632 0 1.967285331335513e-05 8.2534547450758885e-06
848 632 0 1.6129766723589228e-05 6.8835010513033445e-06
856 632 0 1.3196349384011738e-05 5.7285257540457325e-06
864 632 0 1.0774794421356249e-05 4.7576882888320727e-06
872 632 0 8.781216936323583e-06 3.9437942246895937e-06
880 632 0 7.144025711335383e-06 3.2630598632163194e-06
888 632 0 5.8024641119426654e-06 2.6948592854936608e-06
896 632 0 4.7052822165827387e-06 2.2214523088258419e-06
904 632 0 3.8095170309621175e-06 1.8276977317812979e-06
912 632 0 3.0793699467673629e-06 1.5007600791395574e-06
920 632 0 2.4851791645515037e-06 1.2298197411212604e-06
928 632 0 2.0024894139903115e-06 1.0057962209754241e-06
936 632 0 1.6112224917830975e-06 8.2109265758004182e-07
944 632 0 1.2949508255289936e-06 6.6936744413470848e-07
952 632 0 1.0402735137602065e-06 5.4533615435650617e-07
960 632 0 8.3629105459539724e-07 4.446045415139274e-07
968 632 0 6.7417200823043196e-07 3.6353137985757671e-07
976 632 0 5.4680262147489228e-07 2.991185153301825e-07
984 632 0 4.4850919294193337e-07 2.4892470186911763e-07
992 632 0 3.7484267859795403e-07 2.1099954990962988e-07
1000 632 0 3.2241558775711117e-07 1.8383408143275877e-07
1008 632 0 2.887823852205256e-07 1.6632483100831095e-07
1016 632 0 2.7235617167800468e-07 1.5774902631350321e-07
0 640 0 0.0057568884197134419 0.00083487877397961201
8 640 0 0.0058361180107486437 0.00084330537454118618
16 640 0 0.0059928561438585236 0.00085973924361292496
24 640 0 0.0062237805176065782 0.0008833661378629112
32 640 0 0.006524195422828909 0.0009130240546727994
40 640 0 0.0068883451764822036 0.00094726983818886525
48 640 0 0.0073097819999601949 0.00098446057859181545
56 640 0 0.007781751417917827 0.0010228440642309714
64 640 0 0.00829755608044167 0.0010606518640509446
72 640 0 0.0088508607778059398 0.001096188409986933
80 640 0 0.0094359074017087222 0.0011279097653223331
88 640 0 0.010047618360398414 0.0011544866152754085
96 640 0 0.010681579663249036 0.0011748473605780255
104 640 0 0.011333909294015945 0.0011881989394160082
112 640 0 0.012001030977584639 0.0011940250019310764
120 640 0 0.01267938620739832 0.0012032198288297255
128 640 0 0.013365126666721407 0.0012061723525787875
136 640 0 0.014053833462141563 0.001202422546156488
144 640 0 0.014740307948693196 0.0011919551168896227
152 640 0 0.015418471162475659 0.0011747642886109876
160 640 0 0.016081395642663563 0.0011508150138590592
168 640 0 0.016721476216475857 0.0011200180951088465
176 640 0 0.017330727327611147 0.001082222200600811
184 640 0 0.017901176318729083 0.0010372237495426713
192 640 0 0.018425307389354134 0.0009847935278263914
200 640 0 0.018896502041365157 0.00092471692164081826
208 640 0 0.019309420254101518 0.00085684304663230515
216 640 0 0.01966027293029049 0.00078113698297803055
224 640 0 0.019946949684123593 0.00069772891418096172
232 640 0 0.020168985039824575 0.00060695424466552031
240 640 0 0.020327367912350982 0.00050937969526156784
248 640 0 0.020424220680793057 0.00040581183354884698
256 640 0 0.020462392044537966 0.00029728632096635843
264 640 0 0.020445019459453029 0.00018503815033637724
272 640 0 0.020375120497474811 0.00012297882481316844
280 640 0 0.020255267394091201 0.00023552455034533265
288 640 0 0.020087386109652203 0.00034609460830945654
296 640 0 0.019872702414235308 0.00045326263419540741
304 640 0 0.019611835696693499 0.00055570120316491764
312 640 0 0.019305019720913523 0.00065224023875846623
320 640 0 0.018952411636035782 0.00074191289536286106
328 640 0 0.01855443881339686 0.00082398509636111977
336 640 0 0.018112129136010825 0.000897966612454143
344 640 0 0.017627374562297477 0.00096360348653665509
352 640 0 0.01710308920919703 0.0010208535416862605
360 640 0 0.01654323985153195 0.0010698484293740432
368 640 0 0.015952745889761463 0.0011108469868761611
376 640 0 0.015337264510188952 0.001144185421382355
384 640 0 0.014702892186784243 0.0011702299347657128
392 640 0 0.014055823737495452 0.0011893368387331637
400 640 0 0.013402013681250503 0.0012018240601827674
408 640 0 0.012746881546975545 0.0012079563518203919
416 640 0 0.012095093980365696 0.0012174612867360841
424 640 0 0.011450443694652729 0.0012245526226078666
432 640 0 0.010815830705803603 0.0012247724549611736
440 640 0 0.010193337160660666 0.00121816134384139
448 640 0 0.0095843754200871586 0.0012048398614062927
456 640 0 0.008989881354720836 0.0011850356715279679
464 640 0 0.0084105217782262827 0.0011591011700019718
472 640 0 0.0078468865450033332 0.001127519253119557
480 640 0 0.0072996413572993879 0.0010908963530325512
488 640 0 0.0067696255425786335 0.0010499434845600312
496 640 0 0.0062578884990498497 0.0010054474772406494
504 640 0 0.0057656676827973425 0.00095823564142384025
512 640 0 0.0052943186589727385 0.00090913771971066169
520 640 0 0.0048452129768122429 0.00085894905886140221
528 640 0 0.0044196220315754643 0.00080839852996928731
536 640 0 0.0040186046877328007 0.00075812391837493456
544 640 0 0.003642913693203713 0.00070865643795250044
552 640 0 0.0032929315252086745 0.00066041485836590636
560 640 0 0.0029686411160608911 0.0006137086279998866
568 640 0 0.0026696317420415675 0.00056874846460997766
576 640 0 0.0023951359198210002 0.00052566226469678758
584 640 0 0.0021440899306780148 0.00048451389608842373
592 640 0 0.0019152088230505095 0.00044532248101539478
600 640 0 0.0017070664270350648 0.00040808010055955819
608 640 0 0.0015181718478568613 0.00037276637611884165
616 640 0 0.0013470357492115393 0.00033935901388256265
624 640 0 0.0011922220870378602 0.00030784003820886097
632 640 0 0.0010523834091739051 0.00027819800610455101
640 640 0 0.00092628005592206041 0.00025042692713250314
648 640 0 0.00081278533693341347 0.0002245228779040304
656 640 0 0.00071087988956464252 0.00020047939247925574
664 640 0 0.00061963892032578264 0.00017828264808373705
672 640 0 0.00053821596181888374 0.00015790728550886307
680 640 0 0.00046582627262554076 0.00013931345074230271
688 640 0 0.0004017322281316598 0.00012244536556351115
696 640 0 0.00034523215958602349 0.00010723147152779636
704 640 0 0.00029565323894837324 9.3585975378848469e-05
712 640 0 0.00025234828415338886 8.1411473407020708e-05
720 640 0 0.00021469583622151154 7.0602253866777791e-05
728 640 0 0.00018210255719411519 6.1047865534268281e-05
736 640 0 0.00015400690206450425 5.2636583985048798e-05
744 640 0 0.00012988308980046656 4.5258487747563834e-05
752 640 0 0.00010924458590039813 3.8807955483468695e-05
760 640 0 9.1646556620105161e-05 3.3185495762167363e-05
768 640 0 7.6687013655878423e-05 2.8298909492555126e-05
776 640 0 6.40065994934898e-05 2.4063852997891345e-05
784 640 0 5.3287143401128455e-05 2.0403913232424572e-05
792 640 0 4.4249235366110908e-05 1.7250326121430763e-05
800 640 0 3.6649120940430096e-05 1.4541467994436425e-05
808 640 0 3.0275223133917272e-05 1.2222233998465148e-05
816 640 0 2.4944562139955296e-05 1.0243392306376204e-05
824 640 0 2.0499285244989217e-05 8.5609745930108534e-06
832 640 0 1.6803452062808318e-05 7.1357362801866391e-06
840 640 0 1.3740155673376417e-05 5.9326976399787131e-06
848 640 0 1.1209006058281923e-05 4.9207606653073047e-06
856 640 0 9.1239623909439356e-06 4.0723869930678023e-06
864 640 0 7.4114760200280537e-06 3.3633184013281954e-06
872 640 0 6.0088947701981596e-06 2.7723221661254234e-06
880 640 0 4.8630784502365268e-06 2.2809472610988562e-06
888 640 0 3.9291816440104468e-06 1.8732824679322186e-06
896 640 0 3.1695695634086023e-06 1.5357126531741364e-06
904 640 0 2.5528431803138425e-06 1.256673850648275e-06
912 640 0 2.0529590826980929e-06 1.02641086406927e-06
920 640 0 1.6484364374998196e-06 8.367427270516841e-07
928 640 0 1.3216477564390847e-06 6.8084165755122673e-07
936 640 0 1.0581920679910339e-06 5.5303042379206365e-07
944 640 0 8.4634914934280211e-07 4.4860167618619147e-07
952 640 0 6.7661234816904789e-07 3.6366116559115865e-07
960 640 0 5.4129588327766958e-07 2.9499517131772766e-07
968 640 0 4.3421088849047815e-07 2.3996111973995382e-07
976 640 0 3.5040321631528761e-07 1.9639940515960467e-07
984 640 0 2.8594533256526495e-07 1.6256386037666843e-07
992 640 0 2.3777454767403411e-07 1.3706813092391992e-07
1000 640 0 2.0357027825992973e-07 1.1884530949718143e-07
1008 640 0 1.8166388984269844e-07 1.0711849537782716e-07
1016 640 0 1.7097580013402626e-07 1.0138037154397842e-07
0 648 0 0.0065917671936930539 0.0008648627306055293
8 648 0 0.0066794233852898299 0.00087320168596509255
16 648 0 0.0068525953874714485 0.00088942323638847159
24 648 0 0.0071071466554694894 0.00091264098242718229
32 648 0 0.0074372194775017084 0.00094158938773214115
40 648 0 0.0078356150146710688 0.00097469588066805522
48 648 0 0.0082942425785520104 0.0010101693294735439
56 648 0 0.0088045954821487984 0.001046098917925677
64 648 0 0.0093582079444926147 0.0010805566924349894
72 648 0 0.0099470491877928727 0.0011116967674431513
80 648 0 0.010563817167031055 0.0011378444194081877
88 648 0 0.011202104975673822 0.0011575690881018962
96 648 0 0.011856427023827061 0.0011748473605780255
104 648 0 0.012522108233431953 0.0011881989394160082
112 648 0 0.013195055979515716 0.0011940250019310764
120 648 0 0.013871449335274287 0.0011920631278759669
128 648 0 0.014547391370026553 0.0011822647033051456
136 648 0 0.01521857611221528 0.0011647426500737169
144 648 0 0.015880021203610591 0.001139713254917395
152 648 0 0.016525909911183679 0.0011074387487080197
160 648 0 0.017149572630993152 0.0010681769883295889
168 648 0 0.017743619837738717 0.0010221436212628603
176 648 0 0.018300217900512478 0.00096949057290133048
184 648 0 0.018811479080249147 0.00091030276152006401
192 648 0 0.019269920222503716 0.0008446128331495821
200 648 0 0.0196689336950337 0.00077243165366854341
208 648 0 0.0200032107769712 0.00069379052286968126
216 648 0 0.020269062703307656 0.00060878977301716611
224 648 0 0.020464597397648363 0.00051764771352477007
232 648 0 0.020589728885521248 0.00042074384569667361
240 648 0 0.020646018798553403 0.00031865088620242066
248 648 0 0.020636372007245482 0.00021215132645242482
256 648 0 0.020564627926825091 0.00012952538823345766
264 648 0 0.020435102538591633 0.00020562124018776509
272 648 0 0.020252141672661643 0.00031369697982320047
280 648 0 0.020019742843745868 0.00041991498837089594
288 648 0 0.019741291501342746 0.00052293591872871331
296 648 0 0.019419439780039901 0.00062144229812820945
304 648 0 0.019056134493528581 0.00071420257620206234
312 648 0 0.018652779482155057 0.0008001306184933013
320 648 0 0.018210498740672921 0.00087833513507336661
328 648 0 0.01773045371703574 0.00094815457251021945
336 648 0 0.017214162523556682 0.0010091745205191849
344 648 0 0.016663771075760822 0.0010612265275093437
352 648 0 0.016082235667510769 0.0011043691750408369
360 648 0 0.015473391422157907 0.0011388541040177492
368 648 0 0.014841898902885302 0.0011650811978484235
376 648 0 0.014193079088806597 0.0011835481293613493
384 648 0 0.01353266225201853 0.001194799850574902
392 648 0 0.012866486898762288 0.0011993833087624167
400 648 0 0.012200189621067736 0.0012018240601827674
408 648 0 0.011538925195155153 0.0012079563518203919
416 648 0 0.010887149269680931 0.0012079447106847652
424 648 0 0.010248484991714069 0.0012019587029386599
432 648 0 0.0096256818771615314 0.0011901488286420719
440 648 0 0.0090206622304780642 0.0011726749301826014
448 648 0 0.0084346393361196623 0.0011497360839674963
456 648 0 0.0078682838873597016 0.0011215974673611344
464 648 0 0.0073219114519383777 0.001088610326287905
472 648 0 0.0067956642748871234 0.0010512222701162099
480 648 0 0.0062896648397600318 0.0010099765175393561
488 648 0 0.0058041253354851313 0.00096550020709350228
496 648 0 0.005339405233940101 0.00091848326510974871
504 648 0 0.0048960172654760178 0.00086965041732132466
512 648 0 0.0044745890441876433 0.00081972961478509517
520 648 0 0.0040757926142848408 0.00076942036252740202
528 648 0 0.0037002568302781109 0.00071936520129735337
536 648 0 0.003348477716565313 0.00067012697116748763
544 648 0 0.0030207400951188118 0.00062217359808490122
552 648 0 0.0027170603923213784 0.00057587113288729615
560 648 0 0.0024371563354062624 0.00053148478065462865
568 648 0 0.0021804449302034812 0.0004891868118380863
576 648 0 0.0019460662832855747 0.00044906963653542557
584 648 0 0.0017329279328225802 0.00041116199785543451
592 648 0 0.0015397626195049576 0.00037544620354555192
600 648 0 0.0013651918951728462 0.00034187453186221859
608 648 0 0.0012077884938261163 0.00031038335403074505
616 648 0 0.0010661317176316458 0.00028090403157989344
624 648 0 0.00093885189724186445 0.0002533701897959957
632 648 0 0.00082466194394984849 0.00022772146522405661
640 648 0 0.00072237583572916798 0.00020390422019289243
648 648 0 0.00063091535883363914 0.00018186997809977433
656 648 0 0.00054930743912845058 0.00016157245043619194
664 648 0 0.00047667490857253227 0.00014296401175325037
672 648 0 0.00041222360290036952 0.00012599235891851422
680 648 0 0.00035522837058437728 0.00011059790204116348
688 648 0 0.00030502001350454235 9.6712214627117448e-05
696 648 0 0.00026097450480470945 8.4257654781314038e-05
704 648 0 0.00022250515397672158 7.3148084971651661e-05
712 648 0 0.00018905780159606539 6.3290482557323472e-05
720 648 0 0.00016010868196014442 5.4587154261367119e-05
728 648 0 0.00013516431399521439 4.69382431989008e-05
736 648 0 0.00011376266388195662 4.0244238182547622e-05
744 648 0 9.5474840985368626e-05 3.4408248815097933e-05
752 648 0 7.9906704041533396e-05 2.9337881858864734e-05
760 648 0 6.6699925706679639e-05 2.4946630913425522e-05
768 648 0 5.5532252186727755e-05 2.1154761469150668e-05
776 648 0 4.6116870125779361e-05 1.7889729367710438e-05
784 648 0 3.8200934646195827e-05 1.5086208754932629e-05
792 648 0 3.1563410084119578e-05 1.268582528199133e-05
800 648 0 2.601242721235001e-05 1.0636693728080086e-05
808 648 0 2.1382372966771687e-05 8.8928501671455848e-06
816 648 0 1.7530910367061615e-05 7.4136517728936806e-06
824 648 0 1.4336088513217817e-05 6.1631967317714003e-06
832 648 0 1.1693655864854751e-05 5.1097961979535671e-06
840 648 0 9.5146432415298521e-06 4.2255124318465649e-06
848 648 0 7.7232423161417296e-06 3.4857637421401938e-06
856 648 0 6.254974294490878e-06 2.8689880964530576e-06
864 648 0 5.0551230605367058e-06 2.3563529594913479e-06
872 648 0 4.07739656265275e-06 1.9314982075454096e-06
880 648 0 3.2827777053679571e-06 1.5803007448685697e-06
888 648 0 2.6385290610637334e-06 1.2906525829467134e-06
896 648 0 2.1173219004595707e-06 1.0522476629490315e-06
904 648 0 1.6964672982826449e-06 8.5637588203119764e-07
912 648 0 1.3572338955652763e-06 6.9572518713281663e-07
920 648 0 1.0842423868105107e-06 5.641940506893089e-07
928 648 0 8.6493058071674132e-07 4.567171757223434e-07
936 648 0 6.8908500129894314e-07 3.6910706669209071e-07
944 648 0 5.4843575954779582e-07 2.9791338979500629e-07
952 648 0 4.3631126420259805e-07 2.4030108396644983e-07
960 648 0 3.4734869305293111e-07 1.9394719022473847e-07
968 648 0 2.7725538555859279e-07 1.5695550293188536e-07
976 648 0 2.2261570905490406e-07 1.2778750726038356e-07
984 648 0 1.8073764520743135e-07 1.052076873578336e-07
992 648 0 1.4953339085636723e-07 8.8241156817666883e-08
1000 648 0 1.274286441632412e-07 7.6141634096688537e-08
1008 648 0 1.1329588603322191e-07 6.836800380947653e-08
1016 648 0 1.0640778606289206e-07 6.4568014071134195e-08
0 656 0 0.0074566299242985832 0.00087570407668157053
8 656 0 0.0075526250712549224 0.00088375670041463718
16 656 0 0.0077420186238599201 0.0008993780602825352
24 656 0 0.0080197876378966717 0.00092162805088617621
32 656 0 0.0083788088652338496 0.00094916393757820544
40 656 0 0.008810310895339124 0.00098031645397478849
48 656 0 0.0093044119080255543 0.0010131835263603763
56 656 0 0.0098506944000744754 0.001046098917925677
64 656 0 0.010438764636927604 0.0010805566924349894
72 656 0 0.011058745955236024 0.0011116967674431513
80 656 0 0.011701661586439243 0.0011378444194081877
88 656 0 0.012359674063775718 0.0011575690881018962
96 656 0 0.013026163630224777 0.0011697366063977161
104 656 0 0.013695645944321667 0.001173537710889714
112 656 0 0.014363547887018673 0.0011684919075029571
120 656 0 0.015025877233095397 0.0011544278978211104
128 656 0 0.015678835177134993 0.0011314438071084402
136 656 0 0.016318428298389889 0.0010998521861746088
144 656 0 0.016940137206240734 0.0010601160026301425
152 656 0 0.017538692368387322 0.0010127824572036433
160 656 0 0.018107994019867683 0.00095842138887453077
168 656 0 0.01864119411430052 0.00089757427656180291
176 656 0 0.019130936389955694 0.00083071848944321625
184 656 0 0.019569728713572737 0.00075824963332359052
192 656 0 0.01995040300756595 0.00068048278506223359
200 656 0 0.020266605017712321 0.00059767132267862094
208 656 0 0.020513250941756621 0.00051004016478542122
216 656 0 0.020686891425610272 0.00041782872230261558
224 656 0 0.020785935282346905 0.00032133788469854152
232 656 0 0.020810703885266651 0.0002209749997454033
240 656 0 0.020763309880849731 0.00011729108229632801
248 656 0 0.020647377369315618 0.00019173883731575178
256 656 0 0.02046764158058367 0.00029461555792056199
264 656 0 0.020229481298403868 0.00039650632869568658
272 656 0 0.019938444692838442 0.00049639295809384906
280 656 0 0.019599827855374972 0.00059316596429609403
288 656 0 0.019218355582614033 0.00068567004913892143
296 656 0 0.018797997481911691 0.00077275913559202852
304 656 0 0.018341931917326519 0.00085335567163516077
312 656 0 0.017852648863661755 0.0009265083906521733
320 656 0 0.017332163605599554 0.0009914428374388079
328 656 0 0.016782299144525521 0.0010475997160626742
336 656 0 0.016204988003037497 0.0010946574148649711
344 656 0 0.015602544548251478 0.001132536770865479
352 656 0 0.014977866492469932 0.001161388053440222
360 656 0 0.014334537318140158 0.0011815620476655214
368 656 0 0.013676817705036879 0.001193568771727346
376 656 0 0.013009530959445247 0.0011980285697814046
384 656 0 0.012337862401443628 0.0011956209379825854
392 656 0 0.011667103589999872 0.0011993833087624167
400 656 0 0.011002377864614971 0.001197811756452765
408 656 0 0.010348383579243049 0.0011905416159121041
416 656 0 0.0097091861170806142 0.0011779631526003167
424 656 0 0.0090880805559609267 0.0011604044357531422
432 656 0 0.0084875354271766699 0.0011381464499848615
440 656 0 0.0079092162577327763 0.0011114459727452879
448 656 0 0.00735407724177906 0.0010805620943406024
456 656 0 0.0068225017878082751 0.0010457820995514264
464 656 0 0.0063144686128355004 0.0010074428391028773
472 656 0 0.005829719670258718 0.00096594460462840533
480 656 0 0.0053679091081624743 0.00092175573159755751
488 656 0 0.0049287178300016117 0.00087540750548351955
496 656 0 0.0045119249879852236 0.00082748024595487735
504 656 0 0.004117434742624681 0.00077858252285133676
512 656 0 0.0037452628527319984 0.00072932619145564493
520 656 0 0.0033954923572599703 0.00068030025702487057
528 656 0 0.0030682103439155415 0.0006320464863625694
536 656 0 0.0027634384853062448 0.00058503923125906819
544 656 0 0.0024810688826425978 0.00053967121247621395
552 656 0 0.002220814235953183 0.0004962461563681954
560 656 0 0.0019821780284524125 0.0004549783069538499
568 656 0 0.0017644468618080347 0.00041599806839544653
576 656 0 0.0015667038307960717 0.00037936245248950296
584 656 0 0.0013878592702862419 0.00034506866253633832
592 656 0 0.0012266935696367775 0.00031306904986818014
600 656 0 0.0010819060865016176 0.0002832858086712286
608 656 0 0.00095216441545239701 0.00025562407837371928
616 656 0 0.00083614918255708296 0.00022998253507456289
624 656 0 0.00073259089276167554 0.00020626100448018891
632 656 0 0.00064029688889935511 0.00018436505505049338
640 656 0 0.00055816795378143863 0.00016420788194772935
648 656 0 0.00048520532003935114 0.000145710038794288
656 656 0 0.0004205097355707212 0.00012879770355772938
664 656 0 0.00036327472546241097 0.0001134001831101213
672 656 0 0.00031277631515294434 9.9447287747425183e-05
680 656 0 0.00026836130045248445 8.6867070131892827e-05
688 656 0 0.00022943575994611054 7.5584253558431806e-05
696 656 0 0.00019545500375006157 6.551950105464788e-05
704 656 0 0.00016591563096495307 5.6589523011768507e-05
712 656 0 0.00014034989896729788 4.8707902628767512e-05
720 656 0 0.00011832223887768101 4.1786443082463416e-05
728 656 0 9.9427505805787318e-05 3.5736808189427069e-05
736 656 0 8.3290430162089946e-05 3.0472233719866678e-05
744 656 0 6.9565720972206729e-05 2.5909120013161896e-05
752 656 0 5.7938336958745425e-05 2.1968367082787971e-05
760 656 0 4.8123555465923671e-05 1.8576370240755968e-05
768 656 0 3.9866603788950377e-05 1.5665648397777378e-05
776 656 0 3.2941747975338142e-05 1.3175122150441219e-05
784 656 0 2.7150843709718968e-05 1.1050090936476859e-05
792 656 0 2.2321433132915166e-05 9.2419769512044116e-06
800 656 0 1.8304517898915074e-05 7.7079093134349359e-06
808 656 0 1.497215526481803e-05 6.4102177019536572e-06
816 656 0 1.2215016769494702e-05 5.315893597566913e-06
824 656 0 9.940025857749945e-06 4.3960626554678721e-06
832 656 0 8.0681593971469756e-06 3.6254964677077751e-06
840 656 0 6.5324650305481304e-06 2.9821782109817217e-06
848 656 0 5.2763165713832721e-06 2.4469257447584575e-06
856 656 0 4.2519061106807149e-06 2.0030681838101631e-06
864 656 0 3.4189553235231229e-06 1.6361677370135829e-06
872 656 0 2.7436194009821452e-06 1.3337771616706048e-06
880 656 0 2.1975539291579987e-06 1.0852237762099584e-06
888 656 0 1.7571162645957522e-06 8.8141279646798124e-07
896 656 0 1.4026768152923039e-06 7.1464508516726685e-07
904 656 0 1.1180206305480519e-06 5.7844666773459295e-07
912 656 0 8.8982469141495057e-07 4.6740920415032569e-07
920 656 0 7.0720054653868665e-07 3.7704184027182409e-07
928 656 0 5.6129510688471063e-07 3.036354738320307e-07
936 656 0 4.4494445100767159e-07 2.4414055029127155e-07
944 656 0 3.5237655742635556e-07 1.9605920212144027e-07
952 656 0 2.7895923530547177e-07 1.5735202889712628e-07
960 656 0 2.2098945677323386e-07 1.2635923627969725e-07
968 656 0 1.7552005943099615e-07 1.0173532612759664e-07
976 656 0 1.4021957773293837e-07 8.2396131321965684e-08
984 656 0 1.1326089509895796e-07 6.7476750108473391e-08
992 656 0 9.323453568423317e-08 5.6298855172134059e-08
1000 656 0 7.9082734965891293e-08 4.8345909197349904e-08
1008 656 0 7.0050909004362098e-08 4.3244977028859812e-08
1016 656 0 6.5653737177395989e-08 4.0754048885496076e-08
0 664 0 0.0083323340009801537 0.00087570407668157053
8 664 0 0.0084363817716695596 0.00088375670041463718
16 664 0 0.0086413966841424553 0.0008993780602825352
24 664 0 0.0089414156887828479 0.00092162805088617621
32 664 0 0.009327972802812055 0.00094916393757820544
40 664 0 0.0097906273493139125 0.00098031645397478849
48 664 0 0.010317595434385931 0.0010131835263603763
56 664 0 0.0108964299529998 0.0010457355529253243
64 664 0 0.011514689988299289 0.0010759253513716854
72 664 0 0.012160541487378508 0.0011017955321424838
80 664 0 0.01282323780297681 0.0011215762165375665
88 664 0 0.013493440788037398 0.0011337667242616797
96 664 0 0.014163359712392834 0.0011371960821680571
104 664 0 0.014826704825235074 0.0011310588809134072
112 664 0 0.015478472889302075 0.0011149250022834019
120 664 0 0.016114601119609152 0.0010887238865137545
128 664 0 0.016731541284857935 0.0010527061077229422
136 664 0 0.017325815170875301 0.0010073868724854128
144 664 0 0.017893614672398292 0.00095347746615755818
152 664 0 0.018430503868642728 0.00089181150025540584
160 664 0 0.018931266998493349 0.00082327297862566651
168 664 0 0.019389926802164274 0.00074873268786375402
176 664 0 0.019799934678160089 0.00066899828820439489
184 664 0 0.020154510572869329 0.00058478185929659171
192 664 0 0.020447089721965999 0.00049668671440004919
200 664 0 0.020671818256513153 0.00040521323880083129
208 664 0 0.020824032483677278 0.00031078154192065721
216 664 0 0.020900658455966462 0.00021376703035618991
224 664 0 0.020900479051899307 0.00011454376955240264
232 664 0 0.020824233701204415 0.00019523680546463737
240 664 0 0.02067453850507894 0.00029327631438440943
248 664 0 0.020455638531999866 0.00039001377593111952
256 664 0 0.020173026022663108 0.00048486574004358643
264 664 0 0.019832974969708182 0.00057714542643601263
272 664 0 0.019442051734744593 0.00066606476890150243
280 664 0 0.019006661891078878 0.00075075297310996103
288 664 0 0.018532685533475111 0.00083028997246501271
296 664 0 0.018025238346319663 0.00090375147454060251
304 664 0 0.017488576245691358 0.00097026095735078602
312 664 0 0.016926140473009582 0.0010290431545485583
320 664 0 0.016340720768160746 0.0010794733626596897
328 664 0 0.015734699428462846 0.0011211173437613593
336 664 0 0.015110330588172526 0.0011537576387505317
344 664 0 0.014470007777385999 0.001177403629399526
352 664 0 0.01381647843902971 0.0011922845087978685
360 664 0 0.013152975270474637 0.0011988262158609819
368 664 0 0.012483248933309533 0.0011976151251862511
376 664 0 0.011811502389663843 0.0011980285697814046
384 664 0 0.011142241463461043 0.0011956209379825854
392 664 0 0.010480067189036229 0.0011870364009636432
400 664 0 0.0098294417846162222 0.0011729360799987484
408 664 0 0.0091944611913750002 0.0011539223878680484
416 664 0 0.0085786633939473368 0.0011305227231332773
424 664 0 0.0079848942208926525 0.0011031863350682743
432 664 0 0.0074152425094718673 0.0010722929177048026
440 664 0 0.0068710460845088769 0.0010381701732238994
448 664 0 0.0063529605252264131 0.0010011167165526469
456 664 0 0.0058610754284722302 0.00096142635933604489
464 664 0 0.005395058594450039 0.0009194100183854614
472 664 0 0.0049543074980387949 0.00087541217221992311
480 664 0 0.0045380892978268252 0.00082981981033564915
488 664 0 0.0041456548128104764 0.00078306301719113531
496 664 0 0.0037763174578482766 0.00073560753013694703
504 664 0 0.0034294940954713057 0.00068794064715337533
512 664 0 0.0031047102394224646 0.00064055261330953376
520 664 0 0.0028015763443898522 0.00059391601287011805
528 664 0 0.0025197446219302512 0.00054846572198529028
536 664 0 0.0022588568128022722 0.00050458167250397269
544 664 0 0.002018492763099497 0.00046257611954310081
552 664 0 0.0017981278378100172 0.00042268639814316581
560 664 0 0.0015971046193138704 0.00038507340913854216
568 664 0 0.0014146214683573718 0.0003498253934506629
576 664 0 0.0012497378137097861 0.00031696601708628563
584 664 0 0.0011013938249431921 0.00028646544534304983
592 664 0 0.00096844061947660726 0.00025825295016017021
600 664 0 0.00084967643166885621 0.0002322296548327614
608 664 0 0.00074388417819318796 0.00020828023725920906
616 664 0 0.00064986644898465645 0.00018628273357242651
624 664 0 0.00056647494233409018 0.00016611595042758537
632 664 0 0.00049263253671346329 0.00014766435218589182
640 664 0 0.00042734735862375218 0.00013082059515768645
648 664 0 0.00036971921395127707 0.00011548610608807407
656 664 0 0.00031893950222345376 0.00010157023334726744
664 664 0 0.00027428618666521242 8.8988538797198557e-05
672 664 0 0.00023511555541548174 7.7660759737462596e-05
680 664 0 0.00020085242551115613 6.7508874941328323e-05
688 664 0 0.00017098017897116763 5.8455580974942913e-05
696 664 0 0.00014503165543846292 5.0423348311598654e-05
704 664 0 0.00012258153008516871 4.3334100879784359e-05
712 664 0 0.00010324043743530215 3.7109461531995727e-05
720 664 0 8.6650801890249886e-05 3.167143698743112e-05
728 664 0 7.2484125248673513e-05 2.6943380557113806e-05
736 664 0 6.0439364152998773e-05 2.2851066009091173e-05
744 664 0 5.0241996372745658e-05 1.9323724599461072e-05
752 664 0 4.1643405640541658e-05 1.6294931318203766e-05
760 664 0 3.4420288019135261e-05 1.370326744678841e-05
768 664 0 2.8373876416749724e-05 1.1492727372200653e-05
776 664 0 2.3328875113208167e-05 9.6128728621299754e-06
784 664 0 1.9132079289452542e-05 8.0187644202664252e-06
792 664 0 1.5650717438677403e-05 6.6707156942377629e-06
800 664 0 1.2770594224906944e-05 5.5339236740081304e-06
808 664 0 1.0394129016935374e-05 4.5780262478826558e-06
816 664 0 8.4383849053886875e-06 3.7766318641060146e-06
824 664 0 6.8331698490816136e-06 3.1068560086683314e-06
832 664 0 5.5192712508817117e-06 2.5488881462652639e-06
840 664 0 4.4468626385047977e-06 2.0856023920433327e-06
848 664 0 3.5740999613873384e-06 1.7022166099959337e-06
856 664 0 2.8659076962286853e-06 1.3859984144520296e-06
864 664 0 2.2929425822690539e-06 1.1260127412540691e-06
872 664 0 1.8307154402476682e-06 9.1290396073447703e-07
880 664 0 1.4588485013274936e-06 7.3870542783050512e-07
888 664 0 1.1604459257654175e-06 5.9667033883033466e-07
896 664 0 9.2155755766497961e-07 4.8111925762732426e-07
904 664 0 7.3071937282049119e-07 3.8730125772756074e-07
912 664 0 5.785576873729793e-07 3.1126700404197127e-07
920 664 0 4.5744743643433941e-07 2.4975311010434723e-07
928 664 0 3.6121740040006991e-07 2.0007770648464072e-07
936 664 0 2.8489706735257124e-07 1.6004738365510035e-07
944 664 0 2.2450094121273085e-07 1.2787561621362471e-07
952 664 0 1.7684669232453518e-07 1.0211254298093659e-07
960 664 0 1.3940378476791301e-07 8.1585672005320851e-08
968 664 0 1.1016927571008364e-07 6.5350783720912502e-08
976 664 0 8.756750268461176e-08 5.2652075048326612e-08
984 664 0 7.0370444773561491e-08 4.2890450325396468e-08
992 664 0 5.7635708877596159e-08 3.559882680663701e-08
1000 664 0 4.8659362899173485e-08 3.0423372066717807e-08
1008 664 0 4.2941200843683129e-08 2.7109708160678969e-08
1016 664 0 4.016045645763552e-08 2.5493280719760469e-08
0 672 0 0.0091967420717015708 0.00086440807072141711
8 672 0 0.0093083445011688734 0.00087196272949931382
16 672 0 0.0095279694062008116 0.00088657272205835622
24 672 0 0.0098486834133736205 0.0009072677245907726
32 672 0 0.010260634152545614 0.00093266134973355938
40 672 0 0.010751656689822855 0.00096102934050894262
48 672 0 0.011308001644125059 0.00099040620973912807
56 672 0 0.011915124262213986 0.0010186943092141861
64 672 0 0.012558468448806944 0.001043778460507655
72 672 0 0.013224180346560288 0.00106363885918178
80 672 0 0.013899692842431907 0.0010764550394550976
88 672 0 0.014574135077023997 0.0010806942889865986
96 672 0 0.015238538734601077 0.0010751790222082429
104 672 0 0.01588583401977978 0.0010591291945447057
112 672 0 0.016510650646417477 0.0010321777571154021
120 672 0 0.017108960376135858 0.00099435925652670634
128 672 0 0.017677615076836073 0.00094607379197813798
136 672 0 0.018213845628072791 0.00088803045719748966
144 672 0 0.018714790607860129 0.00082117593546183684
152 672 0 0.01917711880297511 0.00074661493433238191
160 672 0 0.01959679654543852 0.00066552954694517122
168 672 0 0.019969031178173113 0.00057910437600883907
176 672 0 0.020288398066551239 0.00048846338839115058
184 672 0 0.020549133649654754 0.00039462307678542544
192 672 0 0.020745554456292004 0.00029846473432600454
200 672 0 0.020872544931623088 0.000200726675109935
208 672 0 0.020926047733405024 0.00010976551566264231
216 672 0 0.020903490153218018 0.00020836900129661204
224 672 0 0.020804089461733066 0.00030485494015991196
232 672 0 0.020628996895739778 0.00039883356790016214
240 672 0 0.02038126219069453 0.00048995833713457587
248 672 0 0.020065624756068746 0.00057788143369336131
256 672 0 0.019688160282619521 0.00066221631602446374
264 672 0 0.019255829543272169 0.00074251177784307246
272 672 0 0.018775986965843091 0.00081824063102827263
280 672 0 0.018255908917968917 0.00088880437965869336
288 672 0 0.017702395561010099 0.00095355338770490572
296 672 0 0.01712148687177906 0.0010118202358377244
304 672 0 0.016518315288340572 0.001062962421580306
312 672 0 0.015897097318461024 0.0011064094625275658
320 672 0 0.015261247405501057 0.0011417089478536046
328 672 0 0.014613582084701487 0.0011685662147352515
336 672 0 0.013956572949421995 0.0011868730902242879
344 672 0 0.013292604147986473 0.0011967224413372661
352 672 0 0.012624193930231842 0.0011984069519390475
360 672 0 0.011954149054613655 0.0011988262158609819
368 672 0 0.011285633808123282 0.0011976151251862511
376 672 0 0.01062214974555287 0.0011893526441109723
384 672 0 0.0099674357729658304 0.0011748056904952123
392 672 0 0.0093253089716224639 0.0011547582174137646
400 672 0 0.0086994732740369694 0.0011299685105792528
408 672 0 0.0080933251989927946 0.0011011359923822055
416 672 0 0.0075097835175835384 0.0010688798763637984
424 672 0 0.0069511637918248043 0.0010337304290678482
432 672 0 0.0064191104783489061 0.00099613203112296125
440 672 0 0.0059145901947938026 0.00095645588971507434
448 672 0 0.0054379412247271526 0.00091501930049926045
456 672 0 0.004988967543773635 0.0008721078846985952
464 672 0 0.0045670613351641107 0.00082799725928592825
472 672 0 0.0041713364121715004 0.00078297108586729454
480 672 0 0.0038007560183525245 0.00073733327947430065
488 672 0 0.0034542416169199347 0.00069141319589054173
496 672 0 0.0031307537623361061 0.00064556369551217047
504 672 0 0.0028293411417897687 0.00060015295368153702
512 672 0 0.0025491586060369361 0.00055555163338552854
520 672 0 0.0022894588622495078 0.00051211748214034444
528 672 0 0.0020495650851037701 0.00047017953682648109
536 672 0 0.001828832870996783 0.00043002394180548915
544 672 0 0.0016266097942884065 0.00039188296881109046
552 672 0 0.0014421995793462766 0.00035592825846374057
560 672 0 0.0012748359408151209 0.00032226867849874949
568 672 0 0.0011236688654338212 0.00029095260292355063
576 672 0 0.0009877638819399267 0.00026197393176985938
584 672 0 0.00086611298477480493 0.00023528084016838716
592 672 0 0.00075765453200175533 0.00021078608747485193
600 672 0 0.00066129870651325225 0.00018837772515560396
608 672 0 0.00057595499014675164 0.00016792918804643632
616 672 0 0.00050055845332063571 0.00014930799566402074
624 672 0 0.00043409236122989752 0.00013238258110419266
632 672 0 0.00037560547747416778 0.00011702705923929551
640 672 0 0.00032422335284166252 0.00010312400578208966
648 672 0 0.00027915369572747224 9.0565518223804822e-05
656 672 0 0.00023968654668082132 7.9252955542632439e-05
664 672 0 0.00020519038162570758 6.9095805039504841e-05
672 672 0 0.00017510544463780333 6.0010110777678415e-05
680 672 0 0.00014893559082679712 5.1916834684359006e-05
688 672 0 0.00012623975157593679 4.4740427395230842e-05
696 672 0 0.00010662387515552791 3.8407780282935012e-05
704 672 0 8.9733901024257757e-05 3.2847629060910952e-05
712 672 0 7.5250042572378538e-05 2.7990394862923616e-05
720 672 0 6.2882414118656249e-05 2.3768387771593637e-05
728 672 0 5.2367862627347641e-05 2.0116262621325872e-05
736 672 0 4.3467758387576286e-05 1.6971605765422487e-05
744 672 0 3.5966456562673858e-05 1.42755398100718e-05
752 672 0 2.9670150620063912e-05 1.1973255020477746e-05
760 672 0 2.4405883173404165e-05 1.0014404845731096e-05
768 672 0 2.0020543318177945e-05 8.3533330985717791e-06
776 672 0 1.637974775579026e-05 6.9491273574179067e-06
784 672 0 1.3366564996471753e-05 5.7655142929807895e-06
792 672 0 1.0880090859301342e-05 4.7706265793760611e-06
800 672 0 8.8339163505647317e-06 3.9366778743422123e-06
808 672 0 7.1545459626639192e-06 3.2395830542714546e-06
816 672 0 5.7798278674629777e-06 2.6585570379257098e-06
824 672 0 4.6574509645063735e-06 2.1757188845752401e-06
832 672 0 3.7435512000226378e-06 1.7757200508590738e-06
840 672 0 3.0014545732266866e-06 1.4454080652781111e-06
848 672 0 2.4005696139980188e-06 1.1735303473893196e-06
856 672 0 1.9154297403862591e-06 9.5047795584242616e-07
864 672 0 1.5248767592991855e-06 7.680658229698684e-07
872 672 0 1.2113710644788178e-06 6.193443757688504e-07
880 672 0 9.6041146563180434e-07 4.9843703569568928e-07
888 672 0 7.6004738258854937e-07 4.0039854317686812e-07
896 672 0 6.0046757237001513e-07 3.2108998529496448e-07
904 672 0 4.7365187670380496e-07 2.5706749611668623e-07
912 672 0 3.7307507064138294e-07 2.0548261673159636e-07
920 672 0 2.9345432790737149e-07 1.6399310852696792e-07
928 672 0 2.305338461592907e-07 1.306835542407792e-07
936 672 0 1.8090170131833252e-07 1.0399536603423872e-07
944 672 0 1.4183504373215624e-07 8.2665897480574602e-08
952 672 0 1.1117039775158974e-07 6.567629457294544e-08
960 672 0 8.719619665699804e-08 5.2207588110914969e-08
968 672 0 6.8564891854376704e-08 4.1604383855706941e-08
976 672 0 5.4222114046153949e-08 3.334538863845781e-08
984 672 0 4.3350501515109712e-08 2.701994325845178e-08
992 672 0 3.5325984906483222e-08 2.2309723971112938e-08
1000 672 0 2.96845432869393e-08 1.8974819612234185e-08
1008 672 0 2.6097720649374262e-08 1.6843480194308867e-08
1016 672 0 2.4355504417026822e-08 1.5804952040608698e-08
0 680 0 0.010025540388279642 0.00082879831657807143
8 680 0 0.010143983197190858 0.0008356386960219845
16 680 0 0.01037678835455773 0.00084881894835691848
24 680 0 0.010716049647954421 0.00086736623458080059
32 680 0 0.011150524249507602 0.00088989009696198787
40 680 0 0.011666317206326318 0.00091466051650346269
48 680 0 0.012247706350729515 0.00093970470660445678
56 680 0 0.01287804111702494 0.00096291685481095408
64 680 0 0.013540642607633194 0.00098217415882624962
72 680 0 0.014219632377896521 0.00099545203133623306
80 680 0 0.014900624177552835 0.0010009313351209276
88 680 0 0.015571226069934007 0.00099709099291001024
96 680 0 0.016221319029540073 0.00098278029493899591
104 680 0 0.016843100674714843 0.0009572666549350628
112 680 0 0.017430906994984428 0.00092025634856695085
120 680 0 0.01798084814724734 0.00087188777111148197
128 680 0 0.01849031388341689 0.00081269880658081661
136 680 0 0.018957417456826522 0.00074357182875373073
144 680 0 0.019380452089647584 0.0006656614817874551
152 680 0 0.019757430369580338 0.00058031156660522804
160 680 0 0.020085764529083967 0.00048896798364544622
168 680 0 0.020362125878958574 0.00039309470078546099
176 680 0 0.020582497199790224 0.00029409913323898487
184 680 0 0.02074240585146497 0.00019327220181021565
192 680 0 0.020837301243488052 0.00011716024839520528
200 680 0 0.020863021399287834 0.00021901526998530096
208 680 0 0.020816282217742382 0.00031793036097908442
216 680 0 0.020695121151921406 0.00041320925839570186
224 680 0 0.020499234521573154 0.00050434594494491725
232 680 0 0.020230163327839615 0.0005909864972688493
240 680 0 0.019891303853559954 0.00067288280627483474
248 680 0 0.019487743322375385 0.0007498439535856341
256 680 0 0.019025943966595057 0.00082169100158789934
264 680 0 0.018513317765429096 0.00088822033824209612
272 680 0 0.017957746334814818 0.00094917956761902261
280 680 0 0.017367104538310224 0.0010042583689824358
288 680 0 0.016748842173305193 0.0010530949287076395
296 680 0 0.016109666635941336 0.0010952966834897587
304 680 0 0.015455352866760266 0.0011304724160794023
312 680 0 0.014790687855933458 0.0011582714182280483
320 680 0 0.014119538457647452 0.0011784246406547644
328 680 0 0.013445015869966236 0.0011907825833690974
336 680 0 0.012769699859197707 0.0011953451585764094
344 680 0 0.012095881706649207 0.0011967224413372661
352 680 0 0.011425786978292794 0.0011984069519390475
360 680 0 0.010761746674600149 0.0011924023800135054
368 680 0 0.010106296499870163 0.0011793373082531183
376 680 0 0.0094621968835774915 0.0011599528619753788
384 680 0 0.0088323789206143435 0.0011350568523514869
392 680 0 0.0082198317719312502 0.0011054771996912138
400 680 0 0.0076274539999381082 0.0010720192740988612
408 680 0 0.0070578941819810339 0.0010354310170117608
416 680 0 0.0065134050092993468 0.00099637850828419167
424 680 0 0.0059957305894273241 0.00095543320239748018
432 680 0 0.0055060398989397671 0.00091307057940913892
440 680 0 0.0050449115564331027 0.00086967863836069983
448 680 0 0.0046123675610153757 0.00082557366371177696
456 680 0 0.0042079474210596785 0.00078102012271395651
464 680 0 0.0038308098953941509 0.00073625143976995986
472 680 0 0.0034798477001681395 0.00069148871200336087
480 680 0 0.0031538009271433807 0.00064695509120914381
488 680 0 0.0028513571816644098 0.00060288443525552491
496 680 0 0.0025712299777771704 0.00055952378455893575
504 680 0 0.0023122110319122036 0.00051713010987756514
512 680 0 0.0020731961115781892 0.00047596249445874686
520 680 0 0.0018531874798503945 0.00043627138239911325
528 680 0 0.0016512783695956377 0.00039828671550813243
536 680 0 0.0014666261659934698 0.00036220670500331322
544 680 0 0.001298421105225409 0.00032818868906299751
552 680 0 0.0011458564961458286 0.00029634308320044796
560 680 0 0.0010081050224697368 0.00026673091834538407
568 680 0 0.00088430390600832188 0.00023936495942549927
576 680 0 0.00077354991213038761 0.00021421396980953909
584 680 0 0.00067490360622047749 0.00019120937855432744
592 680 0 0.00058740109293856384 0.0001702534390631915
600 680 0 0.0005100707683114616 0.00015122793820179065
608 680 0 0.00044195238574141576 0.00013400260440533587
616 680 0 0.00038211591367957919 0.00011844253964105652
624 680 0 0.00032967813598471402 0.0001044142252451835
632 680 0 0.00028381558936352839 9.178988811063939e-05
640 680 0 0.00024377312334261084 8.0450229499051684e-05
648 680 0 0.00020886800491084259 7.0285690816629658e-05
656 680 0 0.00017849000040828154 6.1196546272539778e-05
664 680 0 0.00015209821294501509 5.3092168680692487e-05
672 680 0 0.00012921562727128221 4.5889817366521113e-05
680 680 0 0.00010942233318364687 3.9513257643150249e-05
688 680 0 9.2348297456316811e-05 3.3891454119619978e-05
696 680 0 7.766637504822205e-05 2.8957500107305856e-05
704 680 0 6.5086035220202616e-05 2.4647865804055142e-05
712 680 0 5.4348063728136384e-05 2.0901978844242154e-05
720 680 0 4.5220315603992841e-05 1.7662098514663408e-05
728 680 0 3.7494450623364494e-05 1.4873412003983147e-05
736 680 0 3.0983491566055742e-05 1.2484266821520544e-05
744 680 0 2.5520001569273299e-05 1.0446454993400559e-05
752 680 0 2.0954673146527176e-05 8.7154774735367357e-06
760 680 0 1.7155146539330391e-05 7.2507366340737736e-06
768 680 0 1.4004917002028839e-05 6.0156263161491064e-06
776 680 0 1.140223856563209e-05 4.9775091901581706e-06
784 680 0 9.2589773032770477e-06 4.1075876931947053e-06
792 680 0 7.4994045132183552e-06 3.3806863460829871e-06
800 680 0 6.0589467556195064e-06 2.7749695949452254e-06
808 680 0 4.882924924520548e-06 2.2716210381433712e-06
816 680 0 3.9253198333719828e-06 1.854508034090995e-06
824 680 0 3.1475994827920963e-06 1.5098514817142773e-06
832 680 0 2.5176359684448942e-06 1.2259152315777437e-06
840 680 0 2.0087304388878218e-06 9.9272413433886477e-07
848 680 0 1.5987547197412072e-06 8.0181489425681162e-07
856 680 0 1.2694096441357602e-06 6.4602009625049886e-07
864 680 0 1.0055935892601129e-06 5.1928317003907256e-07
872 680 0 7.9487047742693537e-07 4.1650058705188242e-07
880 680 0 6.2702440571102752e-07 3.3338705992077682e-07
888 680 0 4.9368771375507549e-07 2.6635966883347388e-07
896 680 0 3.8803016750914921e-07 2.1243740486086592e-07
904 680 0 3.0449851383226097e-07 1.6915336287154399e-07
912 680 0 2.3859751207259422e-07 1.3447755856878872e-07
920 680 0 1.8670535515306001e-07 1.0674897275431148e-07
928 680 0 1.4591795841156325e-07 8.4615887747727448e-08
936 680 0 1.139178318580974e-07 6.6983869460235114e-08
944 680 0 8.8864154982659913e-08 5.2970888749496331e-08
952 680 0 6.9301289407370844e-08 4.1869108344218901e-08
960 680 0 5.4083365210557431e-08 3.3112831446440609e-08
968 680 0 4.2312837229480615e-08 2.6252054624896088e-08
976 680 0 3.329109365932188e-08 2.0931020386832069e-08
984 680 0 2.6479359499596705e-08 1.6871142015513006e-08
992 680 0 2.1468302300405113e-08 1.3857682606078109e-08
1000 680 0 1.7954931827536961e-08 1.172961145940234e-08
1008 680 0 1.5725591786416272e-08 1.037212886295799e-08
1016 680 0 1.4644066977352672e-08 9.7114374396741503e-09
0 688 0 0.010793307279992398 0.00076776689171275531
8 688 0 0.010917664820077744 0.00077368162288688619
16 688 0 0.011161813540881801 0.00078502518632407071
24 688 0 0.011516902565344073 0.00080085291738965156
32 688 0 0.011970338400066784 0.00081981415055918175
40 688 0 0.012506544879417342 0.00084022767309102457
48 688 0 0.013107881958846716 0.00086017560811720017
56 688 0 0.013755651463294499 0.00087761034626955906
64 688 0 0.014431110901329638 0.00089046829369644406
72 688 0 0.01511641607503866 0.00089678369714213911
80 688 0 0.01579541988468567 0.00089479570713283524
88 688 0 0.016454268260124624 0.00088304219019061728
96 688 0 0.017081753639698386 0.00086043461015831296
104 688 0 0.017669410211723729 0.00082630953700888604
112 688 0 0.018211360930998639 0.00078045393601421098
120 688 0 0.018703951375595065 0.00072310322834772539
128 688 0 0.019145226936522753 0.00065491305310586348
136 688 0 0.019534324997571441 0.0005769075407449191
144 688 0 0.019870860658991966 0.00049040856934438187
152 688 0 0.020154382144484059 0.00039695177490372061
160 688 0 0.020383960442447169 0.00029819591336320214
168 688 0 0.020557958334589649 0.00019583245563107449
176 688 0 0.020673999215859825 0.00011604088127017617
184 688 0 0.020729129248623818 0.00021884113598016203
192 688 0 0.020720140995092846 0.00032190617508748645
200 688 0 0.020644006129302533 0.00042132163655128618
208 688 0 0.020498351856763297 0.00051607476939459149
216 688 0 0.020281911893525705 0.00060541065260394378
224 688 0 0.019994888576628237 0.00068881507909483025
232 688 0 0.019639176830570766 0.00076598114558675337
240 688 0 0.01921842104728512 0.0008367642288739062
248 688 0 0.018737899368789751 0.00090113091438494969
256 688 0 0.018204252965007158 0.00095910776434210768
264 688 0 0.017625097427187 0.001010735526630932
272 688 0 0.017008566767195796 0.0010560335125962342
280 688 0 0.016362846169327788 0.001094977500897815
288 688 0 0.015695747244597553 0.0011274928057155992
296 688 0 0.015014369952451577 0.001153462278440761
304 688 0 0.014324880450680864 0.0011727472140577802
312 688 0 0.01363241643770541 0.0011852176240627413
320 688 0 0.012941113816992688 0.001190787300577931
328 688 0 0.012254233286597138 0.0011907825833690974
336 688 0 0.011574354700621297 0.0011953451585764094
344 688 0 0.010903601891246168 0.0011922798154030394
352 688 0 0.01024386127112761 0.0011819257071651844
360 688 0 0.0095969632673071591 0.0011647834072929901
368 688 0 0.008964805089720234 0.0011414914101499293
376 688 0 0.0083494047205882171 0.0011127921629892745
384 688 0 0.0077528874439069745 0.001079491476707369
392 688 0 0.0071774160418749842 0.001042415730056266
400 688 0 0.0066250827324582096 0.0010023712674798986
408 688 0 0.0060977843519220039 0.00096010983005902998
416 688 0 0.0055971021484162234 0.00091630286088312338
424 688 0 0.0051242043366201487 0.00087152625280717544
432 688 0 0.0046797841518900311 0.00082625574704973601
440 688 0 0.0042640396244211709 0.00078087193201193186
448 688 0 0.0038766947707149393 0.00073567279030043635
456 688 0 0.0035170563152400421 0.00069089110581963637
464 688 0 0.0031840960766294502 0.00064671381876470072
472 688 0 0.00287654711073631 0.00060330058943182949
480 688 0 0.0025930015935067031 0.00056079933363667759
488 688 0 0.0023319999646049553 0.00051935721705945442
496 688 0 0.0020921035591848778 0.00047912641859229263
504 688 0 0.0018719462608440787 0.00044026477106812482
512 688 0 0.0016702640535529055 0.00040293205802528374
520 688 0 0.001485904264549147 0.00036728321530124747
528 688 0 0.0013178184478951055 0.00033345992170053223
536 688 0 0.0011650440995232417 0.00030158206647022808
544 688 0 0.0010266807181146689 0.00027174038711074008
552 688 0 0.00090186526071298913 0.0002439912354328395
560 688 0 0.00078975100275120366 0.00021835401971853315
568 688 0 0.00068949245312933082 0.00019481145287899107
576 688 0 0.0006002375447249316 0.000173312367405456
584 688 0 0.0005211270278799731 0.00015377657834050439
592 688 0 0.00045129998590535649 0.00013610110703320735
600 688 0 0.00038990374444246165 0.00012016702386899995
608 688 0 0.00033610617131674131 0.00010584621442467446
616 688 0 0.00028910841730414528 9.3007496375433906e-05
624 688 0 0.00024815645196077374 8.152168402394028e-05
632 688 0 0.00021255020629803455 7.1265383065493838e-05
640 688 0 0.0001816496498800988 6.2123473462512036e-05
648 688 0 0.00015487762182564695 5.3990383085195635e-05
656 688 0 0.00013171964323003632 4.677035717824522e-05
664 688 0 0.00011172122806528257 4.0376984879732518e-05
672 688 0 9.4483370291977646e-05 3.4732256979304568e-05
680 688 0 7.9656926291699483e-05 2.9765406891947392e-05
688 688 0 6.6936557164154505e-05 2.5411740292162306e-05
696 688 0 5.6054775478066753e-05 2.1611599570155297e-05
704 688 0 4.677648743235123e-05 1.8309547787851385e-05
712 688 0 3.8894262264694199e-05 1.5453801463442185e-05
720 688 0 3.2224417798043505e-05 1.2995897805949336e-05
728 688 0 2.6603898060268202e-05 1.0890552563096291e-05
736 688 0 2.1887842070062912e-05 9.0956494959928296e-06
744 688 0 1.7947701780227825e-05 7.5722997890454741e-06
752 688 0 1.4669756748699072e-05 6.2849163978281041e-06
760 688 0 1.1953885612447276e-05 5.2012609268831153e-06
768 688 0 9.7124812486022577e-06 4.2924357534265812e-06
776 688 0 7.8694295824819426e-06 3.5328089831501471e-06
784 688 0 6.359104845409423e-06 2.8998724578676246e-06
792 688 0 5.1253622016920129e-06 2.3740423115263424e-06
800 688 0 4.120529603425527e-06 1.9384171521939793e-06
808 688 0 3.3044138202867421e-06 1.5785111042338059e-06
816 688 0 2.6433414864084085e-06 1.2819783469635743e-06
824 688 0 2.1092561897656302e-06 1.0383432930264661e-06
832 688 0 1.6788889352627902e-06 8.3874703318210398e-07
840 688 0 1.3330135483547975e-06 6.7571689053302429e-07
848 688 0 1.0557922760943926e-06 5.4296244364681464e-07
856 688 0 8.3421109535262734e-07 4.3519854878313289e-07
864 688 0 6.5759971742917687e-07 3.4799387183093603e-07
872 688 0 5.1722825111369648e-07 2.7764222631323889e-07
880 688 0 4.0597091403773051e-07 2.2105349167329701e-07
888 688 0 3.1802682895019323e-07 1.7566088480488226e-07
896 688 0 2.4868847575118213e-07 1.3934169175796708e-07
904 688 0 1.9414944649284014e-07 1.1034906733942083e-07
912 688 0 1.5134446641675467e-07 8.7253045655839557e-08
920 688 0 1.1781596960016372e-07 6.8889385552896292e-08
928 688 0 9.160270443314356e-08 5.4315253978419693e-08
936 688 0 7.1146817723781653e-08 4.2771014134315752e-08
944 688 0 5.5216610685550892e-08 3.364754429710902e-08
952 688 0 4.284269817930068e-08 2.6458591228070163e-08
960 688 0 3.3265677606864466e-08 2.0817687603692966e-08
968 688 0 2.5893674747977343e-08 1.6419162481503272e-08
976 688 0 2.0268325223560517e-08 1.3022768435761363e-08
984 688 0 1.603790700857164e-08 1.0441452491025065e-08
992 688 0 1.2936484951889078e-08 8.5318173485160351e-09
1000 688 0 1.0768075644814796e-08 7.1868561827221646e-09
1008 688 0 9.3949953614616976e-09 6.3305964249545743e-09
1016 688 0 8.7297153499880461e-09 5.9143516273646257e-09
0 696 0 0.011474773420175768 0.00068146614018337048
8 696 0 0.011603924082598969 0.00068625926252122507
16 696 0 0.011857204271571749 0.00069539073068994837
24 696 0 0.012224878725488768 0.00070797616014469517
32 696 0 0.012693088976158508 0.00072275057609172411
40 696 0 0.013244683567381729 0.00073813868796438614
48 696 0 0.013860224609171372 0.00075234265032465657
56 696 0 0.014519093978810363 0.00076344251551586396
64 696 0 0.015200614677414239 0.0007695037760846006
72 696 0 0.015885101945800156 0.00076868587076149575
80 696 0 0.016554765231580611 0.0007593453468949414
88 696 0 0.017194395839576097 0.00074012757945147306
96 696 0 0.01779179520128921 0.00071004156159082399
104 696 0 0.018337923502841968 0.00066851329111823968
112 696 0 0.018826775561950278 0.00061541463095163979
120 696 0 0.019255017510402161 0.0005510661348070954
128 696 0 0.019621441023432315 0.00047621408690956199
136 696 0 0.019926308770324461 0.00039198377275301982
144 696 0 0.020170673295295809 0.00029981263630384294
152 696 0 0.020355750498481706 0.00020136835399764755
160 696 0 0.020482418295637229 0.00012666779715552259
168 696 0 0.020550892172230616 0.00020975742144158094
176 696 0 0.02056060462289605 0.0003146083573156884
184 696 0 0.020510288112643656 0.00041736213382719337
192 696 0 0.02039823482000536 0.00051642552004871681
200 696 0 0.020222684492751247 0.00061044921114882661
208 696 0 0.019982277087368706 0.00069836113121926266
216 696 0 0.019676501240921761 0.00077937812257721645
224 696 0 0.019306073497533407 0.00085299666030105858
232 696 0 0.018873195684984013 0.00091896503105413571
240 696 0 0.018381656818411213 0.00097724098413248459
248 696 0 0.017836768454404801 0.001027940035650033
256 696 0 0.01724514520066505 0.0010712802520535455
264 696 0 0.016614361900556068 0.0011075293767961233
272 696 0 0.015952533254599562 0.0011369595804580843
280 696 0 0.015267868668429973 0.0011598139696581168
288 696 0 0.014568254438881954 0.0011762874139183352
296 696 0 0.013860907674010816 0.0011865224294350506
304 696 0 0.013152133236623084 0.0011906190159728727
312 696 0 0.012447198813642668 0.0011886557045210095
320 696 0 0.011750326516414757 0.001190787300577931
328 696 0 0.01106478463164675 0.0011894486549503883
336 696 0 0.010393052186814898 0.0011813025138063989
344 696 0 0.0097370230354073602 0.0011665788558388075
352 696 0 0.0090982155182528449 0.001145645752874765
360 696 0 0.0084779579115374874 0.0011190053557696717
368 696 0 0.0078775276690084273 0.0010872774207118067
376 696 0 0.0072982323378629147 0.0010511723827253024
384 696 0 0.0067414302862885845 0.00101145715761839
392 696 0 0.0062084984876397912 0.00096891755423519303
400 696 0 0.0057007613907579082 0.00092432134170030138
408 696 0 0.0052193986958757972 0.0008783856560462067
416 696 0 0.0047653505148490625 0.00083175163356716091
424 696 0 0.0043392362714420266 0.00078496806517812205
432 696 0 0.0039412995043267536 0.0007384846475632775
440 696 0 0.0035713853881954426 0.00069265423622572823
448 696 0 0.0032289522374897898 0.00064774253322514956
456 696 0 0.0029131133387229891 0.00060394297651705309
464 696 0 0.0026227017839839778 0.00056139429264547231
472 696 0 0.0023563488823811702 0.00052019822835513985
480 696 0 0.0021125662552595056 0.00048043533824719759
488 696 0 0.0018898226772489698 0.00044217728735598556
496 696 0 0.0016866087365318284 0.00040549482265304936
504 696 0 0.0015014849931558438 0.00037046126768823496
512 696 0 0.0013331120477714548 0.00033715200578145069
520 696 0 0.0011802633935449954 0.00030564087100415165
528 696 0 0.0010418238218715056 0.00027599462602359982
536 696 0 0.00091677733214062113 0.00024826676738262058
544 696 0 0.00080418893254680676 0.00022249178556786218
552 696 0 0.00070318449760282042 0.00019868076311016871
560 696 0 0.00061293212921155124 0.00017681887353965242
568 696 0 0.00053262745000151948 0.00015686500312781133
576 696 0 0.00046148413970692156 0.00013875340501801005
584 696 0 0.00039872997979210569 0.0001223970480878674
592 696 0 0.0003436078240927044 0.00010769216181265209
600 696 0 0.00029538033537863375 9.4523409063827898e-05
608 696 0 0.00025333703802030198 8.2769133296439323e-05
616 696 0 0.00021680221003654023 7.2306207267605052e-05
624 696 0 0.00018514231781713791 6.3014134143635832e-05
632 696 0 0.00015777201202982501 5.4778194268209548e-05
640 696 0 0.00013415807982305433 4.7491570057044466e-05
648 696 0 0.00011382112136465776 4.1056500460989186e-05
656 696 0 9.633503879423e-05 3.5384604435806323e-05
664 696 0 8.1324662573044955e-05 3.0396565492237616e-05
672 696 0 6.8461982396235426e-05 2.602138789574222e-05
680 696 0 5.7461501423677831e-05 2.2195424868021651e-05
688 696 0 4.8075209000140595e-05 1.886134816401391e-05
696 696 0 4.0087589997956013e-05 1.596718548011074e-05
704 696 0 3.3310981848573173e-05 1.3465505583778057e-05
712 696 0 2.7581474661266115e-05 1.1312787603428083e-05
720 696 0 2.2755442535780906e-05 9.4689752622625986e-06
728 696 0 1.8706706604010672e-05 7.8971914562575309e-06
736 696 0 1.5324268123424062e-05 6.5635739466388503e-06
744 696 0 1.251051379010219e-05 5.4371879901256354e-06
752 696 0 1.017978235949433e-05 4.4899743892047426e-06
760 696 0 8.2571864361385685e-06 3.6966991763087072e-06
768 696 0 6.6775998180542857e-06 3.034881430547972e-06
776 696 0 5.3847431797226296e-06 2.4846864027593131e-06
784 696 0 4.3303242520780974e-06 2.0287805933313256e-06
792 696 0 3.4732094877079525e-06 1.6521527139840604e-06
800 696 0 2.7786204213359009e-06 1.3419091820896261e-06
808 696 0 2.217358790598189e-06 1.087055029688553e-06
816 696 0 1.7650702183512665e-06 8.7827126805714199e-07
824 696 0 1.4015577778607059e-06 7.0769841190492434e-07
832 696 0 1.1101552836727742e-06 5.6873365159001599e-07
840 696 0 8.7716692687399234e-07 4.558466214808052e-07
848 696 0 6.9137599685670736e-07 3.6441627923768521e-07
856 696 0 5.4362172675738775e-07 2.9058936859523959e-07
864 696 0 4.264402884603959e-07 2.3115942896878097e-07
872 696 0 3.3376388864970589e-07 1.8346436246399059e-07
880 696 0 2.6067080186507926e-07 1.4530011217265125e-07
888 696 0 2.0317889265007762e-07 1.1484793630011561e-07
896 696 0 1.5807552048309995e-07 9.0612955268082183e-08
904 696 0 1.2277746141983537e-07 7.1371985073004774e-08
912 696 0 9.5215413052560749e-08 5.6129053364193919e-08
920 696 0 7.3738612643033153e-08 4.4077356957130567e-08
928 696 0 5.7035983036237572e-08 3.4566721396905989e-08
936 696 0 4.4070968179660871e-08 2.7075849544120782e-08
944 696 0 3.4027811225757119e-08 2.1188799459793774e-08
952 696 0 2.6267472877987552e-08 1.6575225301313128e-08
960 696 0 2.0291711378282321e-08 1.2973966228582144e-08
968 696 0 1.5714079672629591e-08 1.0179595075347752e-08
976 696 0 1.2236769850554328e-08 8.0315553730061892e-09
984 696 0 9.6323745016533886e-09 6.4055325069182519e-09
992 696 0 7.729756728736662e-09 5.2067282231524157e-09
1000 696 0 6.4033360432302281e-09 4.3647396015845681e-09
1008 696 0 5.5652117296868109e-09 3.8297836317748866e-09
1016 696 0 5.1596604040018424e-09 3.5700549459862037e-09
0 704 0 0.012046190463957706 0.00057141704378193756
8 704 0 0.012178842708221177 0.00057491862562220747
16 704 0 0.012438718719571806 0.00058151444800005718
24 704 0 0.012815290850627242 0.00059041212513847446
32 704 0 0.013293566705749158 0.00060047772959065035
40 704 0 0.013854981916359086 0.00062350324031117642
48 704 0 0.014478485156670263 0.00066324951447217957
56 704 0 0.015141734671142442 0.00068058237745978294
64 704 0 0.015822317048602225 0.00068058237745978294
72 704 0 0.016498897551851032 0.00067658050324880675
80 704 0 0.017152217545816698 0.00065331999396566615
88 704 0 0.017765868366830907 0.00061365082101420831
96 704 0 0.018326791480318749 0.00056092311348784202
104 704 0 0.018825480324499926 0.00049868884418117695
112 704 0 0.019255887455916158 0.00043040713141623277
120 704 0 0.01961506861067942 0.00036005110027725884
128 704 0 0.019902619995106476 0.00028755138442705663
136 704 0 0.020119983646186178 0.00021736365107970224
144 704 0 0.020269705793482209 0.00014972214729603098
152 704 0 0.020354733514312787 0.00020442249911326385
160 704 0 0.020377825512492006 0.00030514307061286355
168 704 0 0.020341134750789035 0.0004064374179999948
176 704 0 0.020245996265580362 0.00050638994940450932
184 704 0 0.020092925978816463 0.00060319568953884004
192 704 0 0.019881809299956643 0.00069523551206396653
200 704 0 0.019612235281602421 0.00078113611107498426
208 704 0 0.019283915956149443 0.00085981098225064098
216 704 0 0.018897123118344544 0.00093048026251173546
224 704 0 0.018453076837232348 0.00099266907907227808
232 704 0 0.017954230653929877 0.0010461859172306541
240 704 0 0.017404415834278729 0.0010910842439910522
248 704 0 0.016808828418754768 0.0011276120356679513
256 704 0 0.016173864948611505 0.0011561547910007523
264 704 0 0.015506832523759945 0.0011771779540428792
272 704 0 0.014815573674141477 0.0011911743768694867
280 704 0 0.014108054698771856 0.0011986215517444231
288 704 0 0.013391967024963619 0.0011999519435120475
296 704 0 0.012674385244575766 0.0011955380286284983
304 704 0 0.011961514220650211 0.0011906190159728727
312 704 0 0.011258543109121659 0.0011886557045210095
320 704 0 0.010569608676923303 0.0011807178394914533
328 704 0 0.0098978561955511031 0.0011669284360956468
336 704 0 0.0092455752951897327 0.0011474768916251658
344 704 0 0.0086143816614556775 0.0011226413739516827
352 704 0 0.008005413753432623 0.0010928017648202219
360 704 0 0.0074195164754322215 0.0010584414361052659
368 704 0 0.006857389989208513 0.0010201376797999142
376 704 0 0.0063196902549851044 0.0009785420828778103
384 704 0 0.0058070769425496785 0.00093435334373890601
392 704 0 0.0053202126639038914 0.00088828582373589975
400 704 0 0.0048597239527422096 0.00084103743801569857
408 704 0 0.0044261383849331284 0.00079326031094266881
416 704 0 0.0040198134970067011 0.00074553701784236138
424 704 0 0.003640871945739527 0.00069836432570249962
432 704 0 0.0032891542226693078 0.00065214528165744587
440 704 0 0.0029641959508015618 0.00060718943739388083
448 704 0 0.0026652321562887398 0.00056372008120104998
456 704 0 0.0023912266557599752 0.00052188668296301388
464 704 0 0.0021409213841772491 0.00048178039980672875
472 704 0 0.0019128984320891252 0.00044345045029204493
480 704 0 0.001705646848544797 0.00040691940671470851
488 704 0 0.001517626769401248 0.00037219590784772177
496 704 0 0.0013473248682551483 0.00033928386827668006
504 704 0 0.001193297131714971 0.00030818786144087276
512 704 0 0.0010541971501021312 0.00027891489766932354
520 704 0 0.00092879015101223481 0.00025147324253276058
528 704 0 0.00081595463408913149 0.00022586918778237414
536 704 0 0.00071467454453747001 0.00020210278760315111
544 704 0 0.00062402541067363502 0.00018016352187317174
552 704 0 0.00054315781878011245 0.00016002667882270797
560 704 0 0.00047128112361698041 0.00014165100559457083
568 704 0 0.00040764954715678955 0.00012497790284472993
576 704 0 0.0003515519593592777 0.00010993218034764386
584 704 0 0.00030230580304887647 9.6424176743229221e-05
592 704 0 0.00025925492608406457 8.4352898008639829e-05
600 704 0 0.00022177058218658479 7.3609753192048965e-05
608 704 0 0.00018925457962224552 6.4082458398056466e-05
616 704 0 0.00016114348154906428 5.5658728487475951e-05
624 704 0 0.00013691285488427301 4.8229462932864895e-05
632 704 0 0.00011608077337478613 4.1691238655038878e-05
640 704 0 9.8210049087812492e-05 3.5948030735241841e-05
648 704 0 8.2908943903552067e-05 3.0912177461105698e-05
656 704 0 6.9830359044388337e-05 2.6504679749841663e-05
664 704 0 5.866969045966863e-05 2.2654972113376325e-05
672 704 0 4.9161659402173583e-05 1.9300322994061843e-05
680 704 0 4.107648143337242e-05 1.6385019990305411e-05
688 704 0 3.4215733102052158e-05 1.3859475898088437e-05
696 704 0 2.8408228775311144e-05 1.1679361222644869e-05
704 704 0 2.3506147576389109e-05 9.804834272184064e-06
712 704 0 1.9381568141225465e-05 8.1999065200406508e-06
720 704 0 1.5923490035822646e-05 6.83195249995826e-06
728 704 0 1.3035354288963982e-05 5.6713523150466897e-06
736 704 0 1.0633026531797402e-05 4.6912415916266594e-06
744 704 0 8.6431759317901239e-06 3.8673378583120657e-06
752 704 0 7.0019698533116995e-06 3.1778125061826302e-06
760 704 0 5.6540045445968431e-06 2.6031818915417254e-06
768 704 0 4.5514018976125079e-06 2.1261979204417778e-06
776 704 0 3.6530172222614342e-06 1.7317259574611954e-06
784 704 0 2.9237193878860204e-06 1.4066048641920771e-06
792 704 0 2.3337199096351692e-06 1.1394895780727834e-06
800 704 0 1.8579399158990824e-06 9.2068050543681853e-07
808 704 0 1.4754126903079684e-06 7.4194610029022058e-07
816 704 0 1.1687246527959437e-06 5.9634556555532276e-07
824 704 0 9.234997518713937e-07 4.7805802598931216e-07
832 704 0 7.2793207467971666e-07 3.8222320899305754e-07
840 704 0 5.723698969579791e-07 3.0479702991601324e-07
848 704 0 4.4895216298188246e-07 2.424238338748249e-07
856 704 0 3.5129610819758583e-07 1.9232561855980192e-07
864 704 0 2.7423281478174987e-07 1.5220747367864603e-07
872 704 0 2.1358613039271299e-07 1.2017775825699289e-07
880 704 0 1.6598963265420199e-07 9.4681169210877273e-08
888 704 0 1.2873612570273964e-07 7.4442766947337979e-08
896 704 0 9.9654386982555609e-08 5.8421133500544336e-08
904 704 0 7.700839705909923e-08 4.5769064360736137e-08
912 704 0 5.9414945183847745e-08 3.5800467868713003e-08
920 704 0 4.5776197307132783e-08 2.7962415335900371e-08
928 704 0 3.5224463344257904e-08 2.1811519691979668e-08
936 704 0 2.7076961990568694e-08 1.6994006189092176e-08
944 704 0 2.079883715217434e-08 1.3228974073582778e-08
952 704 0 1.5973032917757635e-08 1.0294439960229918e-08
960 704 0 1.2275898686609538e-08 8.015812691672783e-09
968 704 0 9.4575924490337779e-09 6.2564872235958131e-09
976 704 0 7.3264982770979535e-09 4.9102715734563742e-09
984 704 0 5.7369909121998701e-09 3.8953835894535185e-09
992 704 0 4.5799787871617815e-09 3.1497779415748805e-09
1000 704 0 3.775745459405339e-09 2.6275905838248891e-09
1008 704 0 3.2686932442077021e-09 2.2965184854791088e-09
1016 704 0 3.0236742774733729e-09 2.1359861265284695e-09
0 712 0 0.012486706095947027 0.00044051563198932095
8 712 0 0.012621434473372344 0.00044259176515116724
16 712 0 0.012885117980556209 0.00044639926098440259
24 712 0 0.013266558018570747 0.00048324339663410702
32 712 0 0.013749801415204854 0.00056528427472992381
40 712 0 0.014315085689934778 0.00062490459013420964
48 712 0 0.014939990280068987 0.00066071958252845141
56 712 0 0.015600709862597439 0.00067264687469161671
64 712 0 0.016273356737289055 0.00067264687469161671
72 712 0 0.016935197312432926 0.00066184057514387037
80 712 0 0.01756573365265305 0.00063053634022012389
88 712 0 0.018147554758539651 0.0005818211058866013
96 712 0 0.018666902926564841 0.00051934816802519032
104 712 0 0.019113926546151211 0.00044702361958636957
112 712 0 0.019482619651447118 0.00036869310529590721
120 712 0 0.019770477547082721 0.00028785789563560288
128 712 0 0.019977923744428999 0.00020744619734627823
136 712 0 0.020107583333275721 0.00022011839772799122
144 712 0 0.02016348942246618 0.00030990916750509717
152 712 0 0.020150311015199523 0.00040295968242620023
160 712 0 0.020072682441879142 0.00049747793107257979
168 712 0 0.019934697332789041 0.00059160131056387386
176 712 0 0.019739606316175853 0.00068348154477947468
184 712 0 0.019489730289277623 0.00077136801218209358
192 712 0 0.019186573787892677 0.00085368376905730833
200 712 0 0.018831099170527436 0.00092908899596794159
208 712 0 0.018424104973898802 0.00099652752890304688
216 712 0 0.017966642855832809 0.0010552535052872417
224 712 0 0.01746040775816007 0.0011048368464801547
232 712 0 0.016908044736699223 0.0011451481525147598
240 712 0 0.016313331590287677 0.0011763254093565649
248 712 0 0.015681216383086817 0.0011987265020776388
256 712 0 0.015017710157610753 0.00121287270402721
264 712 0 0.014329654569717066 0.0012193889306101827
272 712 0 0.013624399297271991 0.0012189465302151429
280 712 0 0.012909433147027433 0.0012122137367067392
288 712 0 0.012192015081451572 0.0011999519435120475
296 712 0 0.011478847215947267 0.0011955380286284983
304 712 0 0.010775822406968893 0.0011856918136813176
312 712 0 0.010087866215527869 0.0011706768935937899
320 712 0 0.0094188789472240964 0.0011507297296992069
328 712 0 0.0087717702517271356 0.0011260859438239675
336 712 0 0.0081485681666527855 0.0010970071285369472
344 712 0 0.0075505776866468706 0.0010638039748088069
352 712 0 0.0069785614101102161 0.0010268523433224069
360 712 0 0.0064329163626908673 0.00098660011274135425
368 712 0 0.0059138259488516233 0.00094356404035688974
376 712 0 0.0054213729899967355 0.00089831726498836896
384 712 0 0.0049556076616953009 0.00085146928085437761
392 712 0 0.0045165715962551846 0.00080364106764870685
400 712 0 0.0041042854634893077 0.00075543848925290185
408 712 0 0.0037187113327693828 0.0007074270521637456
416 712 0 0.0033597028066043476 0.00066011069040235355
424 712 0 0.0030269554314956097 0.00061391651424391736
432 712 0 0.0027199676663905675 0.00056918655627874026
440 712 0 0.002438019339598124 0.00052617661120343785
448 712 0 0.0021801707311210569 0.00048506142516768292
456 712 0 0.0019452818083515438 0.00044594484740843139
464 712 0 0.0017320482119995177 0.00040887317217773141
472 712 0 0.0015390486424170693 0.00037384978967205593
480 712 0 0.001364797441224279 0.00034084940732051808
488 712 0 0.0012077963271169951 0.00030983044228425293
496 712 0 0.0010665802202223481 0.00028074464803280025
504 712 0 0.00093975358939769828 0.00025354354231727275
512 712 0 0.00082601547285712622 0.00022818167724500502
520 712 0 0.00072417297402238112 0.00020461717698985369
528 712 0 0.00063314440500925441 0.00018281022907987708
536 712 0 0.00055195420608626807 0.00016272033845120195
544 712 0 0.00047972226287152064 0.00014430314780211438
552 712 0 0.00041565030112891092 0.00012750751765120154
560 712 0 0.00035900774445773819 0.00011227337915924223
568 712 0 0.00030911888746199646 9.8530659694793089e-05
576 712 0 0.00026535258922020334 8.6199370139074358e-05
584 712 0 0.00022711504120636613 7.5190761842510345e-05
592 712 0 0.0001938455978657408 6.5409328218323773e-05
600 712 0 0.00016501523295282147 5.6755349233763322e-05
608 712 0 0.00014012692431333244 4.9127655308913083e-05
616 712 0 0.00011871716962274162 4.2426311926322665e-05
624 712 0 0.00010035787025433504 3.655498462993797e-05
632 712 0 8.4657952064439235e-05 3.1422821310346893e-05
640 712 0 7.1264278448682068e-05 2.6945770639130425e-05
648 712 0 5.9861613324630329e-05 2.3047330578921738e-05
656 712 0 5.0171578127967453e-05 1.9658780916420884e-05
664 712 0 4.1950696020523324e-05 1.6718994439145306e-05
672 712 0 3.4987717451898539e-05 1.4173941950275044e-05
680 712 0 2.910047256540791e-05 1.1976008867964511e-05
688 712 0 2.4132503456301326e-05 1.0083229645750832e-05
696 712 0 1.9949703243981394e-05 8.4585255313297499e-06
704 712 0 1.6437141456785744e-05 7.0690061196033656e-06
712 712 0 1.3496198171110838e-05 5.885369970114627e-06
720 712 0 1.1042072629581776e-05 4.881417406240871e-06
728 712 0 9.0016828565938482e-06 4.0336714323701336e-06
736 712 0 7.3119352641326888e-06 3.3210912676647134e-06
744 712 0 5.9183188231775245e-06 2.7248571086125994e-06
752 712 0 4.7737663278920869e-06 2.2282035254196126e-06
760 712 0 3.8377234223693692e-06 1.8162811222274739e-06
768 712 0 3.0753714968212012e-06 1.4760304007913067e-06
776 712 0 2.4569602944270216e-06 1.1960569278344126e-06
784 712 0 1.9572174520499701e-06 9.6650193583605022e-07
792 712 0 1.5548131909261974e-06 7.7890671870897175e-07
800 712 0 1.2318676495061063e-06 6.2607226639297607e-07
808 712 0 9.734952552449485e-07 5.0191743506301994e-07
816 712 0 7.6738496122255296e-07 4.0133969157339076e-07
824 712 0 6.0341740928042229e-07 3.2008234259097141e-07
832 712 0 4.7332062421505589e-07 2.5461145046466078e-07
840 712 0 3.7036526599504759e-07 2.0200463096293151e-07
848 712 0 2.8909930513248769e-07 1.5985285784939477e-07
856 712 0 2.2512067299835088e-07 1.2617543519923495e-07
864 712 0 1.7488527449023351e-07 9.9347540291516364e-08
872 712 0 1.35546904148129e-07 7.8039226244583994e-08
880 712 0 1.0482513692522305e-07 6.1164495728978935e-08
888 712 0 8.089714933786667e-08 4.7838976364872969e-08
896 712 0 6.2309595326346383e-08 3.7344791656209226e-08
904 712 0 4.7907023416847814e-08 2.9101373642251417e-08
912 712 0 3.6773788347113659e-08 2.2641156836734086e-08
920 712 0 2.8186906363626059e-08 1.7589290943506724e-08
928 712 0 2.1577774829635298e-08 1.3646688514622606e-08
936 712 0 1.6501090972118232e-08 1.0575871018450462e-08
944 712 0 1.2609647443530732e-08 8.1891897086436079e-09
952 712 0 9.6339535653172637e-09 6.3390793524403708e-09
960 712 0 7.3658389982938593e-09 4.9100596883156791e-09
968 712 0 5.6453536279832253e-09 3.8122388210505526e-09
976 712 0 4.350396855963265e-09 2.9761014211346885e-09
984 712 0 3.3886029911498008e-09 2.3483879210500692e-09
992 712 0 2.6910862688227965e-09 1.8888925183389851e-09
1000 712 0 2.2077157131595057e-09 1.5680297462458333e-09
1008 712 0 1.9036507612817526e-09 1.3650424829259495e-09
1016 712 0 1.7569256864610836e-09 1.2667485910122893e-09
0 720 0 0.012779634506705353 0.00029292841075832625
8 720 0 0.012914924235304596 0.00029348976193225261
16 720 0 0.013179461262168681 0.00038206153052689623
24 720 0 0.013561522792695577 0.00048288146888665444
32 720 0 0.014044404261582231 0.00056300074561048581
40 720 0 0.014607405007192717 0.0006196259085152183
48 720 0 0.015227030915707936 0.00065129713917761942
56 720 0 0.015878328054885555 0.00065792358619070485
64 720 0 0.01653625164107626 0.00065792358619070485
72 720 0 0.017176972303370442 0.00064072066229418217
80 720 0 0.017779027160601809 0.00060205485723136692
88 720 0 0.018324236703257519 0.00054520954265570992
96 720 0 0.018798329091965379 0.00047409238870785991
104 720 0 0.019191239645475696 0.00039291055351031723
112 720 0 0.019497082642462082 0.00030584299698638642
120 720 0 0.019713822201568088 0.00026937917491378152
128 720 0 0.019842695797050846 0.00034383679332367079
136 720 0 0.01988746493554773 0.00042313637514057936
144 720 0 0.019853580254961083 0.00050598764832284274
152 720 0 0.019747351332773323 0.00059089808555565226
160 720 0 0.019575204510806563 0.00067623201106593173
168 720 0 0.019343096022225167 0.0007602804686184482
176 720 0 0.019056124771396378 0.00084133755722498593
184 720 0 0.018718362277095529 0.0009177781421413761
192 720 0 0.018332890018835368 0.00098813145459972565
200 720 0 0.017902010174559495 0.001051145189458997
208 720 0 0.017427577444995755 0.0011058353309535453
216 720 0 0.016911389350545567 0.00115151805740921
224 720 0 0.016355570911679915 0.0011878216060517387
232 720 0 0.015762896584184463 0.0012146777699878781
240 720 0 0.015137006180931112 0.0012322945589203858
248 720 0 0.014482489881009178 0.0012411132711857547
256 720 0 0.013804837453583543 0.0012417545939392045
264 720 0 0.013110265639106883 0.0012349592051009196
272 720 0 0.012405452767056848 0.0012215285919683194
280 720 0 0.011697219410320694 0.0012122137367067392
288 720 0 0.01099219736976766 0.001199817711683912
296 720 0 0.010296526699901961 0.001182320516045306
304 720 0 0.009615612831306691 0.0011602095756622025
312 720 0 0.0089539647423398476 0.0011339014731880214
320 720 0 0.0083151225228282142 0.0011037564243958822
328 720 0 0.0077016704933807016 0.001070099758346434
336 720 0 0.0071153219409716218 0.0010332462256811637
344 720 0 0.0065570546481790804 0.00099352303846779021
352 720 0 0.0060272732622878205 0.0009512881478223956
360 720 0 0.0055259750904314607 0.00090694127225940651
368 720 0 0.0050528995161468688 0.00086092643270475454
376 720 0 0.0046076469487780795 0.00081372604121865595
384 720 0 0.0041897599116742833 0.00076584775002101757
392 720 0 0.003798765446521594 0.00071780614973359063
400 720 0 0.0034341835458441662 0.0006701019176451415
408 720 0 0.0030955102063674744 0.00062320112640190835
416 720 0 0.0027821856475918577 0.00057751715901248986
424 720 0 0.0024935583161237269 0.00053339711537188274
432 720 0 0.0022288538168555743 0.00049111384953499319
440 720 0 0.0019871553700337862 0.0004508639695643378
448 720 0 0.001767399350969894 0.00041277138015116286
456 720 0 0.0015683864616601541 0.00037689534669138971
464 720 0 0.0013888065431878708 0.0003432416688116469
472 720 0 0.0012272732480530714 0.00031177539436399787
480 720 0 0.0010823638725322158 0.00028243356869206318
488 720 0 0.00095265957028694052 0.00025513675683005456
496 720 0 0.00083678178209232318 0.00022979843813002491
504 720 0 0.00073342180281159406 0.00020633178658610422
512 720 0 0.00064136172029538206 0.00018465375256174416
520 720 0 0.00055948627241122139 0.00016468670161115973
528 720 0 0.00048678629513774048 0.00014635810987151393
536 720 0 0.0004223552576099887 0.00012959894847627937
544 720 0 0.00036538084808572898 0.00011434141478579166
552 720 0 0.00031513369789613703 0.00010051660323277388
560 720 0 0.00027095516489596794 8.8052579561770242e-05
568 720 0 0.00023224572831865071 7.6873159143345753e-05
576 720 0 0.00019845506769608823 6.6897521524115106e-05
584 720 0 0.00016907439815773369 5.8040643048632443e-05
592 720 0 0.0001436311843136835 5.0214413552057295e-05
600 720 0 0.0001216860029775911 4.3329229975230365e-05
608 720 0 0.00010283109435751229 3.7295829955820149e-05
616 720 0 8.6690032994506973e-05 3.2027136628234642e-05
624 720 0 7.2917947589831044e-05 2.7439922664503996e-05
632 720 0 6.1201796226941177e-05 2.3456155837498058e-05
640 720 0 5.1260329397471939e-05 2.0003949051210129e-05
648 720 0 4.2843517869509513e-05 1.7018095455120816e-05
656 720 0 3.5731361036788804e-05 1.4440217091178649e-05
664 720 0 2.9732106450209669e-05 1.2218589570313655e-05
672 720 0 2.4679993086529486e-05 1.0307724365369053e-05
680 720 0 2.0432677031651394e-05 8.6677955337565157e-06
688 720 0 1.6868511742691237e-05 7.2639917136100883e-06
696 720 0 1.3883842681302193e-05 6.0658605626792007e-06
704 720 0 1.1390446393663469e-05 5.0466950631222742e-06
712 720 0 9.3132056286667044e-06 4.1829925424441331e-06
720 720 0 7.5880722551571272e-06 3.4540003744246483e-06
728 720 0 6.16033410289057e-06 2.8413487537032783e-06
736 720 0 4.9831738232091473e-06 2.3287614409235416e-06
744 720 0 4.0164888557695077e-06 1.9018299674080167e-06
752 720 0 3.2259313850777489e-06 1.547834942814338e-06
760 720 0 2.5821244424972085e-06 1.2555989798721607e-06
768 720 0 2.0600131197693444e-06 1.0153583770518568e-06
776 720 0 1.6383161208677239e-06 8.1864417355929768e-07
784 720 0 1.2990506884273171e-06 6.58166763622653e-07
792 720 0 1.0271117925204608e-06 5.2770139840573665e-07
800 720 0 8.0989333950033744e-07 4.2197431000576885e-07
808 720 0 6.3694449652025572e-07 3.3655075872469278e-07
816 720 0 4.9965788047276165e-07 2.6772708074979131e-07
824 720 0 3.9098846425193965e-07 2.1242894502848264e-07
832 720 0 3.0520291653943245e-07 1.6811770767562344e-07
840 720 0 2.3765909091067136e-07 1.3270617508437623e-07
848 720 0 1.8461488310598782e-07 1.0448442202649987e-07
856 720 0 1.4306498813103184e-07 8.2055684867319038e-08
864 720 0 1.1060343264665284e-07 6.4281841843580664e-08
872 720 0 8.530926597984211e-08 5.0237638168286891e-08
880 720 0 6.5652521510893013e-08 3.917261541433004e-08
888 720 0 5.0417508189145876e-08 3.0479641148720795e-08
896 720 0 3.8640622251299667e-08 2.3668973075046715e-08
904 720 0 2.9560127513706102e-08 1.8346895903141712e-08
912 720 0 2.2575682297248747e-08 1.4198106049864912e-08
920 720 0 1.7215743053534171e-08 1.0971163310091888e-08
928 720 0 1.3111312507720412e-08 8.466462321914886e-09
936 720 0 9.9748006475737686e-09 6.5262903245444637e-09
944 720 0 7.5830193702894975e-09 5.0266280732412348e-09
952 720 0 5.7635345853566707e-09 3.8704189799605931e-09
960 720 0 4.3837577052152781e-09 2.9820812930785812e-09
968 720 0 3.3422795290776476e-09 2.3030740989055777e-09
976 720 0 2.5620421857408073e-09 1.7883546702224577e-09
984 720 0 1.9850170285639442e-09 1.4035859625858567e-09
992 720 0 1.5681146873739837e-09 1.1229715814488127e-09
1000 720 0 1.280102704409268e-09 9.2761300875023766e-10
1008 720 0 1.0993495980834103e-09 8.0430116319834223e-10
1016 720 0 1.0122538920955529e-09 7.4467179436553066e-10
0 728 0 0.012913513743808521 0.0001342978816984506
8 728 0 0.013047811625506972 0.00026236981133581638
16 728 0 0.013310181436842788 0.00037836110934073158
24 728 0 0.01368854254618352 0.00047713389843695615
32 728 0 0.014165676444620476 0.00055456275658903771
40 728 0 0.014720239201209514 0.0006077595631307376
48 728 0 0.015327998764340251 0.00063521135409435985
56 728 0 0.015963210118434611 0.00063682114791960634
64 728 0 0.016600031266354218 0.00063682114791960634
72 728 0 0.017213880231775568 0.00061384896542135067
80 728 0 0.017782638424686269 0.00056875819291070037
88 728 0 0.018287618818745442 0.0005049803940591728
96 728 0 0.018714237718055856 0.00042661889931041447
104 728 0 0.019052354893392468 0.00035274169547992035
112 728 0 0.019296276243474225 0.00041185267918518106
120 728 0 0.019444443026654306 0.00047579587748055804
128 728 0 0.019498859003727175 0.00054388303101837038
136 728 0 0.019464328560407151 0.00061520529435225846
144 728 0 0.01934759260663824 0.00068864924936033398
152 728 0 0.01915645324721767 0.00076292748795495427
160 728 0 0.018898972499740631 0.00083662306780783041
168 728 0 0.018582815553606719 0.00090824582768132128
176 728 0 0.018214787214171392 0.00097629727724038787
184 728 0 0.017800584134954153 0.0010393397064921289
192 728 0 0.017344758564235643 0.0010960644420657702
200 728 0 0.016850864985100498 0.0011453539319788292
208 728 0 0.01632174211404221 0.0011863326379707387
216 728 0 0.015759871293136357 0.0012184025603717615
224 728 0 0.015167749305628177 0.0012412605484312146
232 728 0 0.014548218814196585 0.0012548962247905197
240 728 0 0.013904711622010726 0.0012595711889814582
248 728 0 0.013241376609823424 0.0012557819449435358
256 728 0 0.012563082859644338 0.0012442105057091993
264 728 0 0.011875306434005964 0.0012349592051009196
272 728 0 0.011183924175088528 0.0012215285919683194
280 728 0 0.010494948007156951 0.0012022714031637433
288 728 0 0.0098142376970512674 0.0011779596727163923
296 728 0 0.0091472288663400902 0.0011492978335618711
304 728 0 0.0084987070661539724 0.0011169057651527186
312 728 0 0.0078726493251357922 0.0010813154172040554
320 728 0 0.0072721434867939177 0.0010429790360342965
328 728 0 0.0066993846195631873 0.0010022858738175143
336 728 0 0.0061557383340600938 0.00095958360691152794
344 728 0 0.00564185407297094 0.00091520057520814036
352 728 0 0.0051578079116306854 0.00086946535065713509
360 728 0 0.004703254138537576 0.00082272095189388477
368 728 0 0.0042775674200995779 0.00077533209604729088
376 728 0 0.0038799619018014824 0.00072768504697659714
384 728 0 0.003509579198785558 0.00068018071288872533
392 728 0 0.0031655429223110634 0.00063322252421053058
400 728 0 0.0028469823572261159 0.0005872011886180503
408 728 0 0.0025530315736201755 0.00054247863274729888
416 728 0 0.0022828123350358141 0.00049937331255604355
424 728 0 0.0020354096497837868 0.00045814866633994006
432 728 0 0.0018098479288460223 0.00041900588800955203
440 728 0 0.001605073849911779 0.00038208152012200714
448 728 0 0.0014199496406902951 0.00034744971027959892
456 728 0 0.0012532580343960467 0.00031512842726410736
464 728 0 0.0011037179897554624 0.00028508855343240837
472 728 0 0.00097000866398650289 0.00025726458406656854
480 728 0 0.00085079820454533493 0.00023156566798688085
488 728 0 0.00074477368373845052 0.00020788588654848999
496 728 0 0.00065066883942729457 0.00018611294266502861
504 728 0 0.00056728704015619345 0.0001661347626554006
512 728 0 0.00049351787231870713 0.00014784384797667492
520 728 0 0.00042834676571288559 0.0001311395066983358
528 728 0 0.00037085798015020957 0.00011592831498753091
536 728 0 0.0003202319660183284 0.00010212329159166029
544 728 0 0.00027573853522538488 8.9642312860344097e-05
552 728 0 0.00023672743401285669 7.8406263883280347e-05
560 728 0 0.00020261783230243716 6.833733259353078e-05
568 728 0 0.00017288799662012154 5.9357731698529167e-05
576 728 0 0.0001470660664461507 5.1389001249937537e-05
584 728 0 0.00012472247589794189 4.4351922259791793e-05
592 728 0 0.00010546421109546563 3.8166973218217875e-05
600 728 0 8.8930808421619148e-05 3.2755194555971953e-05
608 728 0 7.4791801493503927e-05 2.8039292864008361e-05
616 728 0 6.2745219096728319e-05 2.3944813897778654e-05
624 728 0 5.251671309903558e-05 2.0401234490795464e-05
632 728 0 4.3858936055834548e-05 1.7342860171106629e-05
640 728 0 3.655087038315759e-05 1.4709459014314348e-05
648 728 0 3.0396912263683721e-05 1.2446605605825791e-05
656 728 0 2.5225614764743855e-05 1.0505746272044949e-05
664 728 0 2.0888081958431744e-05 8.8440244917779248e-06
672 728 0 1.725607082947263e-05 7.4239222570568562e-06
680 728 0 1.4219897479538305e-05 6.2127795521130886e-06
688 728 0 1.1686259957082254e-05 5.1822517856089831e-06
696 728 0 9.5760862815154773e-06 4.3077563997867161e-06
704 728 0 7.8224987392771948e-06 3.5679476543862746e-06
712 728 0 6.368960432249862e-06 2.9442451964168424e-06
720 728 0 5.1676428134923384e-06 2.4204294416647888e-06
728 728 0 4.178027759414505e-06 1.982306343476065e-06
736 728 0 3.3657373235468498e-06 1.6174364996622975e-06
744 728 0 2.7015699774122479e-06 1.3149188783572598e-06
752 728 0 2.1607139517543885e-06 1.0652174333233603e-06
760 728 0 1.7221054733321968e-06 8.6001896916501167e-07
768 728 0 1.3679009842699113e-06 6.9211213549943306e-07
776 728 0 1.0830364035172039e-06 5.5527971735052003e-07
784 728 0 8.5485180083198427e-07 4.4419888759533288e-07
792 728 0 6.7276540836317705e-07 3.543463841572837e-07
800 728 0 5.2798592211647554e-07 2.819074173838619e-07
808 728 0 4.1325610182147238e-07 2.2368839469878335e-07
816 728 0 3.2262360258149553e-07 1.7703427789126611e-07
824 728 0 2.5123681636682054e-07 1.3975164788511911e-07
832 728 0 1.9516444966953545e-07 1.1003846686989701e-07
840 728 0 1.5123785962440734e-07 8.6421231286264017e-08
848 728 0 1.1691506244927435e-07 6.7699820656713471e-08
856 728 0 9.0165028890564799e-08 5.2899959240467043e-08
864 728 0 6.9370551543282385e-08 4.1232881103370459e-08
872 728 0 5.3247710324258322e-08 3.2061555655583788e-08
880 728 0 4.0779824635761962e-08 2.4872696875131051e-08
888 728 0 3.1163773061822821e-08 1.9253735127323054e-08
896 728 0 2.3766666339774961e-08 1.4873955911524706e-08
904 728 0 1.8091045605786272e-08 1.146908190791983e-08
912 728 0 1.3747010754153937e-08 8.8286715430948099e-09
920 728 0 1.0429931847039083e-08 6.7858112064950881e-09
928 728 0 7.9026357750601433e-09 5.2086767326602686e-09
936 728 0 5.9811751492168323e-09 3.9936254983569362e-09
944 728 0 4.5234688759415304e-09 3.0595504943479671e-09
952 728 0 3.4202523946969525e-09 2.3432821906597181e-09
960 728 0 2.5878926977887434e-09 1.7958650074265346e-09
968 728 0 1.9627138586558228e-09 1.3795656704218249e-09
976 728 0 1.496548500624373e-09 1.0654936851164343e-09
984 728 0 1.1532848151660334e-09 8.3173221339791082e-10
992 728 0 9.0622192002221442e-10 6.6189276735176929e-10
1000 728 0 7.3608202020621458e-10 5.4402068420305346e-10
1008 728 0 6.2955848822821722e-10 4.6979110985519311e-10
1016 728 0 5.7830629384387838e-10 4.3394759825167457e-10
0 736 0 0.012882855754145701 0.00019433561666278194
8 736 0 0.013014624599134555 0.00025722037093754875
16 736 0 0.013271844970072104 0.00037041243473839684
24 736 0 0.013642257404810501 0.00046612762651064912
32 736 0 0.01410838503132115 0.00054017315955383338
40 736 0 0.014648558190874983 0.00058961017510281849
48 736 0 0.015238168365977802 0.00061289618936787547
56 736 0 0.015851064555345677 0.00061289618936787547
64 736 0 0.016460994994137737 0.00060993043879205983
72 736 0 0.01704299401799287 0.00058199902385513286
80 736 0 0.017574618591883681 0.00053162457389081125
88 736 0 0.018036951634766433 0.0004623330428827517
96 736 0 0.018415309086222548 0.00050547150002116722
104 736 0 0.018699613197912548 0.00055683326809865749
112 736 0 0.018884423564289043 0.00061152832091617912
120 736 0 0.018968647149173748 0.0006691198115413334
128 736 0 0.018954975972708805 0.0007290220849510351
136 736 0 0.018849123266054892 0.0007904920431811395
144 736 0 0.018658943357277906 0.00085263151037716714
152 736 0 0.018393525759262716 0.00091440232174612793
160 736 0 0.0180623494319328 0.00097465471810849816
168 736 0 0.017674569725925397 0.0010321682727480706
176 736 0 0.017238489936931004 0.0010857031604388882
184 736 0 0.016761244428462024 0.0011340582754381309
192 736 0 0.016248694122169872 0.0011761316927094562
200 736 0 0.015705511053121669 0.0012109783968427268
208 736 0 0.015135409476071471 0.0012378601791091515
216 736 0 0.014541468732764596 0.0012562831600606093
224 736 0 0.013926488757196962 0.001266019491048976
232 736 0 0.013293322589406065 0.00126711130584003
240 736 0 0.012645140433029268 0.0012598567546705536
248 736 0 0.011985594664879888 0.0012557819449435358
256 736 0 0.011318872353935139 0.0012442105057091993
264 736 0 0.010649638753681698 0.0012256676803242654
272 736 0 0.0099828896568921154 0.001201034518196413
280 736 0 0.0093237407809002217 0.0011712072262567291
288 736 0 0.0086771875761387229 0.0011370501209125444
296 736 0 0.008047868921629486 0.0010993599447106043
304 736 0 0.0074398637235146515 0.0010588433426393208
312 736 0 0.0068565416603825107 0.0010161076647532815
320 736 0 0.0063004797341825397 0.00097166375261137795
328 736 0 0.0057734464583858464 0.00092593816117734085
336 736 0 0.0052764468375271654 0.00087929149653292842
344 736 0 0.0048098147976065285 0.00083203927536441152
352 736 0 0.0043733359877392445 0.00078447192389144091
360 736 0 0.0039663829837443196 0.00073687115479325639
368 736 0 0.0035880465557844238 0.00068952086431515406
376 736 0 0.003237250176875013 0.00064271172492646935
384 736 0 0.0029128395422240998 0.00059673965656145819
392 736 0 0.0026136437149321722 0.0005518992073788912
400 736 0 0.0023385088901622338 0.0005084734670638821
408 736 0 0.0020863091499046492 0.00046672242371552635
416 736 0 0.0018559406748596614 0.00042687166017615279
424 736 0 0.0016463066388521499 0.00038910301093163691
432 736 0 0.0014562995879095846 0.00035354834093643769
440 736 0 0.0012847867967881699 0.00032028705312360907
448 736 0 0.0011306022681566944 0.00028934737253360067
456 736 0 0.00099254706478169442 0.00026071096961435229
464 736 0 0.00086939786103599321 0.00023432012871946921
472 736 0 0.00075992219527818686 0.00021008646870831604
480 736 0 0.00066289802187910322 0.00018790018266623171
488 736 0 0.00057713482138656378 0.00016763886235188674
496 736 0 0.00050149366594950083 0.00014917517347779374
504 736 0 0.00043490413420189152 0.00013238290595430193
512 736 0 0.00037637667800648628 0.00011714119431222085
520 736 0 0.00032500981622858799 0.0001033369494842976
528 736 0 0.00027999224380195184 9.0865736348257737e-05
536 736 0 0.00024060050924450694 7.9631456773821468e-05
544 736 0 0.00020619328277555302 6.9545252449831858e-05
552 736 0 0.00017620340121627106 6.0524032796585629e-05
560 736 0 0.00015012885706297031 5.248897523946685e-05
568 736 0 0.00012752374048320963 4.5364256136911914e-05
576 736 0 0.00010798989726267125 3.9076169183479444e-05
584 736 0 9.1169785580209859e-05 3.3552690317732034e-05
592 736 0 7.6740744924455454e-05 2.8723466171010176e-05
600 736 0 6.441066425965252e-05 2.4520144161966628e-05
608 736 0 5.3914872535328514e-05 2.0876928958175413e-05
616 736 0 4.5013978463920717e-05 1.7731240632807602e-05
624 736 0 3.7492353112435728e-05 1.5024359986599853e-05
632 736 0 3.1156965931259523e-05 1.2701970124575025e-05
640 736 0 2.5836336353046548e-05 1.0714534030111042e-05
648 736 0 2.1379432539906974e-05 9.0174797237767469e-06
656 736 0 1.765442171096554e-05 7.5711930537783154e-06
664 736 0 1.4547241707490817e-05 6.340840250940927e-06
672 736 0 1.1960014114727715e-05 5.296056714744915e-06
680 736 0 9.8093523845176148e-06 4.4105450950206906e-06
688 736 0 8.0246343039811282e-06 3.661625653101126e-06
696 736 0 6.5463094713099874e-06 3.0297768102054899e-06
704 736 0 5.324303103885284e-06 2.4981956353919107e-06
712 736 0 4.3165618185299678e-06 2.0523986137198941e-06
720 736 0 3.4877689417664714e-06 1.679873871725867e-06
728 736 0 2.8082395725890001e-06 1.3697881868255049e-06
736 736 0 2.2529911544827035e-06 1.1127461690641463e-06
744 736 0 1.8009748193208476e-06 9.0059515809140027e-07
752 736 0 1.4344464720129895e-06 7.2626747974139906e-07
760 736 0 1.138454076805705e-06 5.8365139652649185e-07
768 736 0 9.0041808031988923e-07 4.6748290395002209e-07
776 736 0 7.0978440319843783e-07 3.7325200031876607e-07
784 736 0 5.5773302009886135e-07 2.9711878073312292e-07
792 736 0 4.3692904564442607e-07 2.3583636271875098e-07
800 736 0 3.4130688317523116e-07 1.8667903894124438e-07
808 736 0 2.6588102858774708e-07 1.473750732337253e-07
816 736 0 2.065794065402665e-07 1.1604419604122904e-07
824 736 0 1.6009665672254597e-07 9.114015964427457e-08
832 736 0 1.2376568920333474e-07 7.1398760466200706e-08
840 736 0 9.5446245349512908e-08 5.5791614274894435e-08
848 736 0 7.3429299444430579e-08 4.3485763004843768e-08
856 736 0 5.6356063026130287e-08 3.3808965864434512e-08
864 736 0 4.3150223145195722e-08 2.6220328398086663e-08
872 736 0 3.296193338305628e-08 2.0285776941202042e-08
880 736 0 2.5122023615595987e-08 1.5657801020165975e-08
888 736 0 1.910491417276494e-08 1.2058858889057881e-08
896 736 0 1.4498806044063953e-08 9.2678602957110081e-09
904 736 0 1.0981854227885107e-08 7.1091913779011643e-09
912 736 0 8.3031956146806769e-09 5.4438151394732603e-09
920 736 0 6.2678765062128516e-09 4.1620553408262309e-09
928 736 0 4.7248925884475805e-09 3.1777431866125628e-09
936 736 0 3.5577055650773527e-09 2.4234695841394797e-09
944 736 0 2.6767303138902057e-09 1.8467385620513248e-09
952 736 0 2.0133929549974348e-09 1.4068594396995178e-09
960 736 0 1.5154450296259702e-09 1.0724476681627732e-09
968 736 0 1.1432851053885161e-09 8.194287532673067e-10
976 736 0 8.6709020170645676e-10 6.2945829891791623e-10
984 736 0 6.6459905270080784e-10 4.8868576246522552e-10
992 736 0 5.1942050484658439e-10 3.8680141517563003e-10
1000 736 0 4.1976575147976504e-10 3.1631626872644955e-10
1008 736 0 3.575244647711304e-10 2.7203402345708682e-10
1016 736 0 3.2762348806308937e-10 2.5068280578078901e-10
0 744 0 0.012688520137482919 0.00035084411116253003
8 744 0 0.012816293453106786 0.00035618385599225748
16 744 0 0.013065526078750571 0.00036676690341751368
24 744 0 0.013423963664507084 0.00045017000380171389
32 744 0 0.013874133668308797 0.00052023350553258296
40 744 0 0.01439436717384138 0.0005656837465570861
48 744 0 0.014960050920398467 0.00058497303794931288
56 744 0 0.015545023958347779 0.00058497303794931288
64 744 0 0.01612302305772954 0.00057799909938176068
72 744 0 0.016669077656499717 0.00056470044893040805
80 744 0 0.017160759420203269 0.00060641987448089435
88 744 0 0.017579203489410548 0.00065044775367846877
96 744 0 0.01790983758620138 0.00069646801729714505
104 744 0 0.01814277992981389 0.00074416051204848413
112 744 0 0.018272895243372864 0.00079318008262536932
120 744 0 0.018299527337632415 0.00084313292750550287
128 744 0 0.01822595388775777 0.0008935535569815807
136 744 0 0.018058631222873753 0.00094388596926418128
144 744 0 0.017806311846900739 0.00099347250791763375
152 744 0 0.017479123437516588 0.0010415532495394071
160 744 0 0.017087694713824302 0.0010872777345201506
168 744 0 0.016642401453177327 0.0011297294982591331
176 744 0 0.016152786776492116 0.0011679623406876428
184 744 0 0.015627186153023893 0.0012010457781515133
192 744 0 0.015072562429460416 0.001228115852371571
200 744 0 0.014494532656278942 0.001248426605276045
208 744 0 0.01389754929696232 0.0012613971976227142
216 744 0 0.013285185572703986 0.0012666499162386682
224 744 0 0.012660469266147986 0.001266019491048976
232 744 0 0.012026211283566035 0.00126711130584003
240 744 0 0.011385283678358714 0.0012598567546705536
248 744 0 0.010740814923044587 0.0012447797418353012
256 744 0 0.010096285772462601 0.001222586581472538
264 744 0 0.0094555247664928985 0.0011941139871887996
272 744 0 0.0088226161809137425 0.0011602734759783729
280 744 0 0.0082017434545353166 0.0011219973263649052
288 744 0 0.0075969968772362818 0.0010801906989024411
296 744 0 0.0070121754241205614 0.0010356934975089245
304 744 0 0.0064506095442321615 0.00098925417928249007
312 744 0 0.0059150254569891054 0.0009415162033934053
320 744 0 0.0054074633846052734 0.00089301634957726639
328 744 0 0.0049292535429035066 0.0008441929154823398
336 744 0 0.004481045882278269 0.0007954009552488964
344 744 0 0.004062883475168263 0.00074693132243826548
352 744 0 0.0036743056536929324 0.0006990303340463121
360 744 0 0.0033144656624414016 0.00065191732130291799
368 744 0 0.0029822484846014495 0.00060579807118297429
376 744 0 0.0026763771212470161 0.00056087305562799693
384 744 0 0.0023954992890287989 0.00051734025319530091
392 744 0 0.0021382505497233723 0.00047539316520879994
400 744 0 0.0019032936681448592 0.00043521522201737462
408 744 0 0.0016893370375258756 0.0003969721123787736
416 744 0 0.0014951370334944493 0.00036080364136521206
424 744 0 0.0013194900794839914 0.00032681655936815852
432 744 0 0.0011612201224034976 0.00029507946550608698
440 744 0 0.0010191663489404171 0.00026562044784775285
448 744 0 0.00089217461022027115 0.00023842765793642326
456 744 0 0.00077909446805225183 0.00021345259672944259
464 744 0 0.00067878229672289057 0.00019061556431310264
472 744 0 0.00059010966966613473 0.00016981252561205213
480 744 0 0.0005119754466377858 0.00015092257524131742
488 744 0 0.00044331958785664857 0.00013381523352991521
496 744 0 0.00038313672070173756 0.00011835694524776327
504 744 0 0.00033048778654395304 0.00010441634765793849
512 744 0 0.00028450858909623869 9.1868088910247595e-05
520 744 0 0.00024441463684461885 8.0595179383969142e-05
528 744 0 0.00020950222057584546 7.0490023226106379e-05
536 744 0 0.00017914611855250219 6.1454390692004747e-05
544 744 0 0.00015279463323035269 5.3398649545200334e-05
552 744 0 0.00012996282143214519 4.6240579784125865e-05
560 744 0 0.00011022479648934072 3.9904060573629598e-05
568 744 0 9.3205885346486037e-05 3.4317855136723588e-05
576 744 0 7.8575254309206749e-05 2.9414642953464503e-05
584 744 0 6.60394136226355e-05 2.5130371957574358e-05
592 744 0 5.5336808281871386e-05 2.1403936642584068e-05
600 744 0 4.6233526710928192e-05 1.8177137548724329e-05
608 744 0 3.8520026297071512e-05 1.5394846238257001e-05
616 744 0 3.2008691380504052e-05 1.3005287083416665e-05
624 744 0 2.6532003024132695e-05 1.0960350088303033e-05
632 744 0 2.1941102711033752e-05 9.2158632202257708e-06
640 744 0 1.8104562818108153e-05 7.7317735349383949e-06
648 744 0 1.4907223292530302e-05 6.472209247376672e-06
656 744 0 1.2249005528735614e-05 5.4054161822299258e-06
664 744 0 1.0043662468719347e-05 4.5035792387714707e-06
672 744 0 8.2174627910603459e-06 3.7425513236673689e-06
680 744 0 6.7078339675123004e-06 3.1015184170053144e-06
688 744 0 5.4620036664698228e-06 2.5626306375113054e-06
696 744 0 4.4356829871424065e-06 2.1106264841675809e-06
704 744 0 3.5918308999344091e-06 1.732472203950875e-06
712 744 0 2.8995300180495546e-06 1.4170318004804133e-06
720 744 0 2.3329922529399709e-06 1.1547766888265005e-06
728 744 0 1.8707013227880867e-06 9.3753824980091334e-07
736 744 0 1.4946891115086205e-06 7.5830204297408302e-07
744 744 0 1.1899354251619405e-06 6.1103939415890711e-07
752 744 0 9.438760454900777e-07 4.9057042652291175e-07
760 744 0 7.4600194333274968e-07 3.924521334729553e-07
768 744 0 5.8753259371365549e-07 3.1288548660623374e-07
776 744 0 4.6114789844885114e-07 2.4863650474958668e-07
784 744 0 3.6076563636422112e-07 1.9696738373464023e-07
792 744 0 2.8135407819279199e-07 1.5557496745163408e-07
800 744 0 2.1877201224817603e-07 1.2253487092705512e-07
808 744 0 1.6963066735457321e-07 9.6250361233173868e-08
816 744 0 1.311737675578076e-07 7.5405638982458895e-08
824 744 0 1.0117319332784236e-07 5.8923463394703619e-08
832 744 0 7.7838513947570219e-08 4.5927175255764521e-08
840 744 0 5.9739092556870104e-08 3.5707152792642803e-08
848 744 0 4.5737657273899283e-08 2.7691642170531296e-08
856 744 0 3.4934278920492822e-08 2.1421784105637465e-08
864 744 0 2.6619678203551321e-08 1.6530544941644401e-08
872 744 0 2.0236758577025469e-08 1.2725174806030811e-08
880 744 0 1.5349257950149163e-08 9.7727656654468235e-09
888 744 0 1.1616446284422498e-08 7.4884678883424419e-09
896 744 0 8.7728666967154733e-09 5.72593934734848e-09
904 744 0 6.6122166701054159e-09 4.3696375577796914e-09
912 744 0 4.9745817081961511e-09 3.3286139064845258e-09
920 744 0 3.736354613699255e-09 2.5315218925135966e-09
928 744 0 2.8022899610626947e-09 1.9226026273848858e-09
936 744 0 2.0992486691147569e-09 1.4584568959625957e-09
944 744 0 1.5712782847281191e-09 1.1054520291620866e-09
952 744 0 1.1757496277008794e-09 8.3764332729655534e-10
960 744 0 8.8033061736003929e-10 6.3511441226593089e-10
968 744 0 6.6062529560793221e-10 4.8265980978058388e-10
976 744 0 4.9834264097875229e-10 3.6874756072770447e-10
984 744 0 3.7988810789499163e-10 2.8471094480581621e-10
992 744 0 2.9529303294947763e-10 2.2412747189710676e-10
1000 744 0 2.3741484208820718e-10 1.8235090939155786e-10
1008 744 0 2.0135567853912002e-10 1.5616878623201038e-10
1016 744 0 1.8405960592335905e-10 1.4356388213973032e-10
0 752 0 0.012337676026320389 0.0004943217680582878
8 752 0 0.012460109597114528 0.00050083818085565161
16 752 0 0.012698759175333058 0.00051368688799659917
24 752 0 0.01304155647761302 0.00053251143989481962
32 752 0 0.013471291772788286 0.00055680559467594613
40 752 0 0.013966618201591362 0.00058594461693796049
48 752 0 0.01450328368818655 0.00061922254709155695
56 752 0 0.015055507216711519 0.00065589208536146436
64 752 0 0.01559740607939508 0.00069520346195536473
72 752 0 0.016104377207569309 0.00073643873175884347
80 752 0 0.016554339545722375 0.00077893835769721892
88 752 0 0.01692875573573208 0.00082211771717640575
96 752 0 0.017213369568904235 0.00086547222690263811
104 752 0 0.017398619417765406 0.00090857103872736197
112 752 0 0.017479715160747495 0.00095104058384520504
120 752 0 0.017456394410126912 0.00099254048258579086
128 752 0 0.017332400330776189 0.0010327353349231724
136 752 0 0.017114745253609571 0.0010712665217869136
144 752 0 0.016812839338983105 0.0011077282767435088
152 752 0 0.016437570187977181 0.0011416518860941846
160 752 0 0.016000416979304152 0.0011725009661512197
168 752 0 0.015512671954918194 0.0011996794435334898
176 752 0 0.014984824435804473 0.0012225522839652489
184 752 0 0.01442614037487238 0.0012404773764321912
192 752 0 0.013844446577088845 0.0012528454977876677
200 752 0 0.013246106051002897 0.0012591241583077145
208 752 0 0.012636152099339605 0.0012613971976227142
216 752 0 0.012018535656465318 0.0012666499162386682
224 752 0 0.011396434104751385 0.0012640351613966011
232 752 0 0.010772570449718735 0.0012536408338473005
240 752 0 0.010149498494205491 0.0012357851841532236
248 752 0 0.0095298209882695561 0.0012109939347750304
256 752 0 0.0089163216587991676 0.0011799641136634332
264 752 0 0.008312006424865799 0.0011435183416270995
272 752 0 0.0077200620432583619 0.0011025541376553805
280 752 0 0.0071437503946002292 0.0010579930599350874
288 752 0 0.0065862626979310262 0.0010107341793052557
296 752 0 0.0060505598656464682 0.00096161555847409323
304 752 0 0.0055392233233010398 0.00091138622093112163
312 752 0 0.0050543357412246052 0.00086068971576450017
320 752 0 0.0045974043753509199 0.00081005900925435349
328 752 0 0.004169332306290241 0.00075992123661326565
336 752 0 0.0037704359185458175 0.00071060996373245155
344 752 0 0.0034005013553207479 0.00066238211984751515
352 752 0 0.0030588689675172037 0.00061543668617572867
360 752 0 0.0027445331397455918 0.0005699325226958098
368 752 0 0.0024562451860297603 0.00052600329857168922
376 752 0 0.0021926088756900422 0.00048376824555697393
384 752 0 0.0019521610354970036 0.00044333825353179532
392 752 0 0.001733432990857791 0.00040481755886558122
400 752 0 0.0015349918173706541 0.00036830185077420512
408 752 0 0.0013554630532200426 0.00033387398430583296
416 752 0 0.001193538408656984 0.00030159862483746533
424 752 0 0.0010479730031659718 0.00027151707631801959
432 752 0 0.00091757681351234562 0.00024364330889115201
440 752 0 0.00080120448713646205 0.00021796186180395504
448 752 0 0.00069774669026134608 0.00019442791995892507
456 752 0 0.00060612496142954057 0.00017296950662271126
464 752 0 0.00052529084998217956 0.000153491446740711
472 752 0 0.00045422910637225416 0.00013588056329388057
480 752 0 0.0003919639639218712 0.0001200114827159146
488 752 0 0.000337567150447334 0.00010575243740931458
496 752 0 0.00029016617655688057 9.2970544144856994e-05
504 752 0 0.00024895160698718065 8.1536179556772391e-05
512 752 0 0.00021318235010626073 7.1326238989977955e-05
520 752 0 0.00018218841074680927 6.222622609780958e-05
528 752 0 0.00015537096343355114 5.4131257142294315e-05
536 752 0 0.00013219995573013465 4.6946162822367535e-05
544 752 0 0.00011220970678976225 4.0584926440590438e-05
552 752 0 9.4993109360964895e-05 3.4969712071180296e-05
560 752 0 8.0195079395299932e-05 3.0029717094040784e-05
568 752 0 6.750584524324692e-05 2.5700040103239117e-05
576 752 0 5.6654555424557255e-05 2.1920698884649494e-05
584 752 0 4.740353940535144e-05 1.8635874217284061e-05
592 752 0 3.9543406299724697e-05 1.5793401982146689e-05
600 752 0 3.2889032672106919e-05 1.3344494038821273e-05
608 752 0 2.7276386020493132e-05 1.124364027657838e-05
616 752 0 2.2560061044919622e-05 9.4486303355844299e-06
624 752 0 1.861137108427886e-05 7.9206319398538346e-06
632 752 0 1.5316832137693008e-05 6.6242705733407437e-06
640 752 0 1.2576893972038446e-05 5.5276688460697069e-06
648 752 0 1.0304803360695116e-05 4.6024199318351861e-06
656 752 0 8.4255204663433952e-06 3.8234850623922187e-06
664 752 0 6.8746442749720318e-06 3.169018193747315e-06
672 752 0 5.5973323328076219e-06 2.620130458252724e-06
680 752 0 4.5472214355001782e-06 2.1606125320121221e-06
688 752 0 3.6853687929869676e-06 1.7766348734828552e-06
696 752 0 2.9792383398299987e-06 1.4564446473124078e-06
704 752 0 2.4017559303779161e-06 1.190074969556493e-06
712 752 0 1.9304521665348788e-06 9.6907785151467583e-07
720 752 0 1.5467045351688253e-06 7.8628771777114558e-07
728 752 0 1.2350830556918064e-06 6.3561826709628031e-07
736 752 0 9.827969740618698e-07 5.1189213744675068e-07
744 752 0 7.7923491423095593e-07 4.1070051093098459e-07
752 752 0 6.1558759484863731e-07 3.2828845064144039e-07
760 752 0 4.8454067460948068e-07 2.61461268723269e-07
768 752 0 3.8002521262154186e-07 2.0750738109211363e-07
776 752 0 2.9701421533566272e-07 1.6413368311318842e-07
784 752 0 2.31355364445456e-07 1.2941027191876512e-07
792 752 0 1.7963190407154437e-07 1.0172217412124762e-07
800 752 0 1.390455197944062e-07 7.9726492453769837e-08
808 752 0 1.0731667498985462e-07 6.2313992364718592e-08
816 752 0 8.2599182817987866e-08 4.8574584739819735e-08
824 752 0 6.3406761933928337e-08 3.7766431393914019e-08
832 752 0 4.8549980030760579e-08 2.9288533916809641e-08
840 752 0 3.7082391198975408e-08 2.2656701357894697e-08
848 752 0 2.8254891109420628e-08 1.7482766164478654e-08
856 752 0 2.1477415336544088e-08 1.3456863583948734e-08
864 752 0 1.6287146218181449e-08 1.0332531985369872e-08
872 752 0 1.2322412694646342e-08 7.9143458823791273e-09
880 752 0 9.3014905220331675e-09 6.0477674281159957e-09
888 752 0 7.0055491329251436e-09 4.6108971514973543e-09
896 752 0 5.2650487565008209e-09 3.5078179402146525e-09
904 752 0 3.9489638327653788e-09 2.6632528373400371e-09
912 752 0 2.9562900733563573e-09 2.0182916348397937e-09
920 752 0 2.2093760444373382e-09 1.5269785692619167e-09
928 752 0 1.6487001446340061e-09 1.1535898164286886e-09
936 752 0 1.2287862562160637e-09 8.7046241289869325e-10
944 752 0 9.1501389456663254e-10 6.5626439016148652e-10
952 752 0 6.8113067568976483e-10 4.9461895201111458e-10
960 752 0 5.0731683621901837e-10 3.7301378114102092e-10
968 752 0 3.7868456877198469e-10 2.8194072683594752e-10
976 752 0 2.841206014996075e-10 2.1422203947914479e-10
984 752 0 2.1540031532764692e-10 1.6448779256734471e-10
992 752 0 1.6651716847209059e-10 1.2877586447738703e-10
1000 752 0 1.3318345977474753e-10 1.0423138231345965e-10
1008 752 0 1.1246842747231383e-10 8.8887251066806194e-11
1016 752 0 1.0254803414860574e-10 8.1511571774753318e-11
0 760 0 0.011843354258262101 0.00061972463177986832
8 760 0 0.011959271416258877 0.00062721393924762558
16 760 0 0.012185072287336458 0.00064192967304018723
24 760 0 0.0125090450377182 0.00066336230009161543
32 760 0 0.01291448617811234 0.00069078681565552975
40 760 0 0.013380673584653401 0.00072330640787662132
48 760 0 0.013884061141094993 0.00075990512962978776
56 760 0 0.014399615131350055 0.00079950535263435644
64 760 0 0.014902202617439715 0.00084102536810956759
72 760 0 0.015367938475810465 0.00088343248171026539
80 760 0 0.015775401188025156 0.00092578735754983432
88 760 0 0.016106638018555674 0.00096727618873982887
96 760 0 0.016347897342001597 0.0010072284574733116
104 760 0 0.016490048379038044 0.0010451194971266807
112 760 0 0.01652867457690229 0.0010805586414433122
120 760 0 0.016463853927541121 0.0011132652718832091
128 760 0 0.016299664995853017 0.0011430363743188867
136 760 0 0.016043478731822658 0.001169710125182943
144 760 0 0.015705111062239596 0.0011931304183738622
152 760 0 0.015295918301882996 0.0012131170510814998
160 760 0 0.014827916013152932 0.0012294455164174913
168 760 0 0.014312992511384704 0.0012418390879414473
176 760 0 0.013762272151839224 0.0012499742796945913
184 760 0 0.013185662998440189 0.0012534990289551282
192 760 0 0.012591601079301178 0.0012528454977876677
200 760 0 0.011986981892695182 0.0012591241583077145
208 760 0 0.011377251582444388 0.0012589005168952179
216 760 0 0.010766617113747493 0.001251918542717825
224 760 0 0.010158327912040157 0.0012381061927112282
232 760 0 0.0095549809572392803 0.0012175894924794546
240 760 0 0.0089588065939254866 0.001190691900280004
248 760 0 0.0083719019893844782 0.0011579189988850779
256 760 0 0.0077963914814555427 0.0011199301773436249
264 760 0 0.0072345060988443883 0.0010775003260214107
272 760 0 0.0066885865349306343 0.0010314755083277276
280 760 0 0.0061610234038777566 0.00098272699072247255
288 760 0 0.0056541548130264827 0.00093210788490454347
296 760 0 0.0051701438312307417 0.00088041603441572653
304 760 0 0.0047108575452554889 0.00082836577804555091
312 760 0 0.0042777657381093568 0.00077657000311524838
320 760 0 0.0038718717367642787 0.00072553263858664112
328 760 0 0.0034936817093558711 0.00067565059693436985
336 760 0 0.0031432126303949396 0.00062722328815087783
344 760 0 0.0028200340715112317 0.00058046728380951613
352 760 0 0.0025233354348191046 0.0005355335326980991
360 760 0 0.0022520084425098363 0.0004925246972357555
368 760 0 0.0020047345632580762 0.00045151062277168407
376 760 0 0.0017800683034117971 0.00041254057227824506
384 760 0 0.0015765094872661825 0.00037565154823082105
392 760 0 0.001392560311799799 0.000340872679057992
400 760 0 0.0012267656304637351 0.00030822618690691896
408 760 0 0.0010777372301734847 0.00027772582304655792
416 760 0 0.00094416457286864732 0.00024937383578833665
424 760 0 0.00082481547075396728 0.00022315753241200454
432 760 0 0.00071853046911795379 0.00019904634439439183
440 760 0 0.00062421443448487288 0.00017699005265158917
448 760 0 0.00054082815973025998 0.00015691853053108611
456 760 0 0.00046738189371149408 0.00013874306771804648
464 760 0 0.0004029317611637969 0.00012235908881838266
472 760 0 0.00034657920354995582 0.00010764990282229834
480 760 0 0.00029747293863583005 9.4491025286041151e-05
488 760 0 0.00025481254923358975 8.2754601213744249e-05
496 760 0 0.00021785266687272527 7.2313509684155297e-05
504 760 0 0.00018590677610771564 6.3044830879465004e-05
512 760 0 0.00015834987061142715 5.4832479494833588e-05
520 760 0 0.00013461947672529771 4.7568934021511558e-05
528 760 0 0.00011421486170694625 4.1156101726604893e-05
536 760 0 9.6694513054577968e-05 3.5505442675556686e-05
544 760 0 8.1672179372044778e-05 3.0537527417717473e-05
552 760 0 6.8811887207914912e-05 2.6181222153049983e-05
560 760 0 5.7822392550561572e-05 2.2372686844738361e-05
568 760 0 4.8451502136544964e-05 1.9054343106701956e-05
576 760 0 4.0480627280123324e-05 1.6173928144433931e-05
584 760 0 3.3719832801698676e-05 1.3683706603652764e-05
592 760 0 2.8003535747985352e-05 1.1539870551739344e-05
600 760 0 2.3186909000067889e-05 9.7021236720390297e-06
608 760 0 1.9142964393837131e-05 8.133421626656001e-06
616 760 0 1.5760234050437083e-05 6.7998269944825386e-06
624 760 0 1.2940937878442018e-05 5.6704332058368423e-06
632 760 0 1.0599516709493336e-05 4.7173154281996721e-06
640 760 0 8.6614190939526151e-06 3.9154748780858313e-06
648 760 0 7.0620493587594565e-06 3.2427540019356597e-06
656 760 0 5.7458092759994506e-06 2.6797111903439446e-06
664 760 0 4.6651907437225697e-06 2.2094535312494621e-06
672 760 0 3.7798987599196659e-06 1.8174335728879561e-06
680 760 0 3.0560006711691225e-06 1.4912207643310558e-06
688 760 0 2.4651085213611882e-06 1.2202602716257794e-06
696 760 0 1.9836066649579345e-06 9.9563167487206421e-07
704 760 0 1.591937665807534e-06 8.0981826457038207e-07
712 760 0 1.2739572195400743e-06 6.5649494699480448e-07
720 760 0 1.0163647871638242e-06 5.303397480050011e-07
728 760 0 8.082120039076521e-07 4.2687105178415431e-07
736 760 0 6.4048662954289628e-07 3.4231034451897352e-07
744 760 0 5.0576640029900949e-07 2.7346851393194644e-07
752 760 0 3.9793488413178292e-07 2.1765271071685439e-07
760 760 0 3.1195033824520867e-07 1.7259033636427201e-07
768 760 0 2.436584584215158e-07 1.3636675420002606e-07
776 760 0 1.8964054063002334e-07 1.0737367470563938e-07
784 760 0 1.4708966858849032e-07 8.4265695856965679e-08
792 760 0 1.1370884216966266e-07 6.5923061901881716e-08
800 760 0 8.7626269140365856e-08 5.1419250654040341e-08
808 760 0 6.7324219160002209e-08 3.9992455829852407e-08
816 760 0 5.1578808937508467e-08 3.1020373880479399e-08
824 760 0 3.9408827386273309e-08 2.3997934547655028e-08
832 760 0 3.0032233171158438e-08 1.8517746859602141e-08
840 760 0 2.282930007683931e-08 1.4253091122136097e-08
848 760 0 1.7311593231096531e-08 1.0943297878324097e-08
856 760 0 1.3096075983228117e-08 8.3813393533159708e-09
864 760 0 9.8837111448218121e-09 6.4034350733596368e-09
872 760 0 7.4419598360740944e-09 4.8804528585722473e-09
880 760 0 5.5906149701240378e-09 3.7108755519091297e-09
888 760 0 4.1904444711382846e-09 2.815104661786859e-09
896 760 0 3.1341651611117441e-09 2.1308835953890768e-09
904 760 0 2.339321118755083e-09 1.6096427140102958e-09
912 760 0 1.742697241205329e-09 1.2135928321510283e-09
920 760 0 1.2959560858694053e-09 9.1341995856793298e-10
928 760 0 9.6224054541357338e-10 6.8645959922043273e-10
936 760 0 7.1353410635480521e-10 5.1525214986125846e-10
944 760 0 5.2861299223780043e-10 3.864009023288321e-10
952 760 0 3.9145997331816418e-10 2.8967070237160065e-10
960 760 0 2.9003833593500654e-10 2.1727850028401183e-10
968 760 0 2.1534720707976413e-10 1.6333736169222056e-10
976 760 0 1.6069710549849998e-10 1.2342349600110752e-10
984 760 0 1.2115825977080707e-10 9.4242055556839848e-11
992 760 0 9.314483297226526e-11 7.3372335499825331e-11
1000 760 0 7.4106514676174133e-11 5.90769450985734e-11
1008 760 0 6.23056143602163e-11 5.0162813112097526e-11
1016 760 0 5.6663296582420594e-11 4.5884737566185143e-11
0 768 0 0.011223629626482233 0.00072312362790954814
8 768 0 0.011332057477011251 0.00073135689644663639
16 768 0 0.011543142614296271 0.00074749350671030924
24 768 0 0.011845682737626585 0.00077089359274227359
32 768 0 0.01222369936245681 0.00080064584908180053
40 768 0 0.01265736717677678 0.0008356216880075918
48 768 0 0.013124156011465205 0.00087454101451108802
56 768 0 0.013600109778715699 0.00091604467987025685
64 768 0 0.014061177249330148 0.00095876814576240435
72 768 0 0.0144845059941002 0.0010014107986780155
80 768 0 0.014849613830475322 0.0010427957366499901
88 768 0 0.015139361829815845 0.0010819157047983804
96 768 0 0.015340668884528286 0.001117962132399359
104 768 0 0.015444928881911364 0.0011503358203173754
112 768 0 0.015448115935458978 0.0011786395951583675
120 768 0 0.015350588655657912 0.0012026550030355496
128 768 0 0.01515662862153413 0.0012223066655379887
136 768 0 0.014873768606639715 0.0012376190793321855
144 768 0 0.014511980643865734 0.0012486712630610016
152 768 0 0.014082801250801497 0.0012555546564839391
160 768 0 0.013598470496735441 0.0012583390497374093
168 768 0 0.013071153423443256 0.0012570501395367823
176 768 0 0.012512297872144633 0.0012516607227427493
184 768 0 0.011932163969485061 0.0012534990289551282
192 768 0 0.011339539775806439 0.0012520613034947385
200 768 0 0.010741637396197441 0.0012453444964977411
208 768 0 0.010144146467477534 0.0012331051149668537
216 768 0 0.0095514091147949325 0.0012152079989525607
224 768 0 0.0089666732574918383 0.0011916546545483186
232 768 0 0.0083923797738848799 0.0011626011833544003
240 768 0 0.0078304429838576342 0.0011283636100678524
248 768 0 0.0072824920299845537 0.0010894099593999245
256 768 0 0.0067500514810577821 0.0010463400003977606
264 768 0 0.0062346511445221589 0.00099985495432222942
272 768 0 0.0057378660529915889 0.00095072048193904548
280 768 0 0.005261296586949551 0.00089972681692820564
288 768 0 0.0048065048579401257 0.00084764995508635702
296 768 0 0.0043749264538491799 0.00079521737738156174
304 768 0 0.0039677765710198374 0.00074308097423565148
312 768 0 0.0035859669504221974 0.0006917987876871594
320 768 0 0.0032300456806014194 0.00064182605616285937
328 768 0 0.0029001667218631478 0.00059351498749272329
336 768 0 0.0025960908031798977 0.00054712182721504193
344 768 0 0.0023172148545018952 0.00050281921700933655
352 768 0 0.0020626238460181769 0.00046071158880092765
360 768 0 0.0018311570409183452 0.00042085140159149105
368 768 0 0.0016214802157678327 0.00038325434749024358
376 768 0 0.0014321561533797618 0.00034791215003203532
384 768 0 0.0012617073287407405 0.000314802158525442
392 768 0 0.001108666795369436 0.00028389351643036301
400 768 0 0.00097161545603303263 0.00025515017443070252
408 768 0 0.00084920585175450819 0.00022853137841897652
416 768 0 0.0007401741080969934 0.00020399046477165392
424 768 0 0.00064334262875903137 0.00018147284199493592
432 768 0 0.00055761651670368129 0.0001609139524142725
440 768 0 0.00048197660679148821 0.00014223782769338467
448 768 0 0.00041547153825765497 0.00012535662147260501
456 768 0 0.00035721062978994405 0.00011017126392155003
464 768 0 0.00030635858924658703 9.6573171917209877e-05
472 768 0 0.00026213241419640145 8.4446789353554374e-05
480 768 0 0.00022380030173970816 7.3672636896121883e-05
488 768 0 0.00019068202940429358 6.4130519829296169e-05
496 768 0 0.00016215009917575952 5.5702567696965747e-05
504 768 0 0.00013763093082083951 4.8275845286876133e-05
512 768 0 0.00011660550704652143 4.1744363564905719e-05
520 768 0 9.8609062444943236e-05 3.6010414280354477e-05
528 768 0 8.3229622896559567e-05 3.0985238810386683e-05
536 768 0 7.0105402724934436e-05 2.6589110329643532e-05
544 768 0 5.8921226088824061e-05 2.2750953283220717e-05
552 768 0 4.9404242641501323e-05 1.9407644566413589e-05
560 768 0 4.1319253053635868e-05 1.6503139496925703e-05
568 768 0 3.446395444686235e-05 1.3987547689682615e-05
576 768 0 2.8664371790253124e-05 1.18162554898702e-05
584 768 0 2.3770673969801339e-05 9.9491588318973372e-06
592 768 0 1.9653497219027656e-05 8.3500385289576966e-06
600 768 0 1.6200826089643845e-05 6.9860829104240441e-06
608 768 0 1.3315421729625858e-05 5.8275426642112732e-06
616 768 0 1.0912743604222571e-05 4.847490446214512e-06
624 768 0 8.9192850857201392e-06 4.0216527927218786e-06
632 768 0 7.2712339402492935e-06 3.3282827692440425e-06
640 768 0 5.9133722699852731e-06 2.748046823967342e-06
648 768 0 4.7981427362850129e-06 2.2639066224744436e-06
656 768 0 3.884824714464934e-06 1.8609845615345166e-06
664 768 0 3.1387818320479773e-06 1.5264089116745924e-06
672 768 0 2.5307584670759562e-06 1.2491402928437097e-06
680 768 0 2.0362156107172495e-06 1.019785060451873e-06
688 768 0 1.6347053622035553e-06 8.3040315915763288e-07
696 768 0 1.3092883184090391e-06 6.7431834654889546e-07
704 768 0 1.0459998544754939e-06 5.4593781133204007e-07
712 768 0 8.333706435835075e-07 4.4058657595656677e-07
720 768 0 6.6200466922911338e-07 3.5436011793471082e-07
728 768 0 5.2421528257365344e-07 2.8399672133399866e-07
736 768 0 4.1371720379426538e-07 2.267694257486309e-07
744 768 0 3.2537019080221316e-07 1.8039620949679632e-07
752 768 0 2.5496861882080074e-07 1.4296626531098218e-07
760 768 0 1.9907047208568478e-07 1.1287986615952389e-07
768 768 0 1.5485916220658199e-07 8.8799296214933805e-08
776 768 0 1.2003200340141935e-07 6.9608537228603988e-08
784 768 0 9.270991497515615e-08 5.4379753613334167e-08
792 768 0 7.1363817858171564e-08 4.2345024311491093e-08
800 768 0 5.475410769647957e-08 3.2872161443886286e-08
808 768 0 4.1880425545361298e-08 2.5443793614640911e-08
816 768 0 3.193965319192441e-08 1.9639155745584057e-08
824 768 0 2.4290612953359737e-08 1.5118214432913572e-08
832 768 0 1.8424356685738367e-08 1.1607876485420071e-08
840 768 0 1.3939206944413205e-08 8.8900931324261058e-09
848 768 0 1.0519893370456326e-08 6.7916998606402045e-09
856 768 0 7.9202387581887621e-09 5.1758372250393549e-09
864 768 0 5.94891759095963e-09 3.9347935538621821e-09
872 768 0 4.4578550180324747e-09 2.9841048180416197e-09
880 768 0 3.3328698872040146e-09 2.2577450829200232e-09
888 768 0 2.486199485488011e-09 1.7042449856502736e-09
896 768 0 1.8505795940425196e-09 1.2835855670692245e-09
904 768 0 1.3745918558766588e-09 9.6472926287842418e-10
912 768 0 1.0190301177009856e-09 7.2366712350434346e-10
920 768 0 7.5407651298086229e-10 5.4187957288854297e-10
928 768 0 5.5711481472818049e-10 4.0512573068539289e-10
936 768 0 4.1104164760511186e-10 3.0249245874969335e-10
944 768 0 3.0296472829716437e-10 2.2564826394063606e-10
952 768 0 2.232011711949088e-10 1.6825880212325538e-10
960 768 0 1.6450825870015855e-10 1.2553007723484799e-10
968 768 0 1.2149442270463191e-10 9.385278437513222e-11
976 768 0 9.017014918043531e-11 7.0526956318064673e-11
984 768 0 6.7607763582754358e-11 5.3550496188052714e-11
992 768 0 5.1686195901454115e-11 4.1458637070811145e-11
1000 768 0 4.0902387527081093e-11 3.320412714909304e-11
1008 768 0 3.4235413147304044e-11 2.8070201212912257e-11
1016 768 0 3.1052979547138389e-11 2.5610317035282205e-11
0 776 0 0.010500505998572685 0.00080190433351028448
8 776 0 0.010600700580564615 0.00081063967055181908
16 776 0 0.010795649107585962 0.00082772708244109421
24 776 0 0.011074789144884311 0.00085242299761617742
32 776 0 0.01142305351337501 0.00088366781731954828
40 776 0 0.011821745488769188 0.00092014838188740448
48 776 0 0.012249614996954117 0.00096037415737199212
56 776 0 0.012684065098845442 0.0010027616623055034
64 776 0 0.013102409103567744 0.0010457210309332918
72 776 0 0.013483095195422184 0.0010877384520530005
80 776 0 0.013806818093825331 0.0011274485758343278
88 776 0 0.014057446125017465 0.0011636918475133005
96 776 0 0.014222706752128927 0.0011955530588050167
104 776 0 0.014294593061593988 0.0012223791029633609
112 776 0 0.01426947634030061 0.0012437758250353516
120 776 0 0.014147933652622362 0.0012595857850321718
128 776 0 0.013934321955996141 0.0012698504919505024
136 776 0 0.013636149527307529 0.0012747620239429731
144 776 0 0.013263309380804732 0.0012746097647421545
152 776 0 0.012827246594317557 0.0012697281604614231
160 776 0 0.012340131446998031 0.0012604509140672765
168 776 0 0.011814103283906474 0.0012570501395367823
176 776 0 0.011260637149401884 0.0012516607227427493
184 776 0 0.010690068219655218 0.0012420957498298427
192 776 0 0.010111290073350267 0.0012282497024561721
200 776 0 0.0095316241401461957 0.0012100132560512455
208 776 0 0.008956841339525708 0.0011873051279518258
216 776 0 0.0083913045969606793 0.0011601045178342533
224 776 0 0.0078381935944364309 0.0011284796630554074
232 776 0 0.0072997710585815433 0.0010926087153033366
240 776 0 0.0067776527048899523 0.0010527902789676819
248 776 0 0.0062730496678782399 0.0010094423621063138
256 776 0 0.0057869615055075284 0.00096308997555025373
264 776 0 0.0053203081701840918 0.0009143429743380671
272 776 0 0.004873999254269977 0.00086386679872161188
280 776 0 0.0044489471642128985 0.00081234942273665251
288 776 0 0.004046036852143148 0.00076046800579697774
296 776 0 0.0036660679701329612 0.0007088584837162187
304 776 0 0.0033096858647625243 0.00065809070625731311
312 776 0 0.0029773161023122718 0.00060865084810992568
320 776 0 0.0026691138503766995 0.00056093183022471989
328 776 0 0.0023849351927122103 0.00051523152915093759
336 776 0 0.0021243330599108523 0.00047175774326904544
344 776 0 0.0018865765433555119 0.0004306383111463833
352 776 0 0.0016706893657384462 0.00039193448027973073
360 776 0 0.0014755014383856374 0.00035565560253270783
368 776 0 0.0012997067690049761 0.00032177344676285655
376 776 0 0.0011419213491469869 0.00029023480423277489
384 776 0 0.0010007357887381314 0.00026097154000260907
392 776 0 0.00087475906015210803 0.00023390773521732799
400 776 0 0.00076265145219668758 0.00020896400383634505
408 776 0 0.00066314644710187124 0.00018605940465263695
416 776 0 0.00057506252832158851 0.00016511157977540489
424 776 0 0.00049730679797708565 0.00014603583078194571
432 776 0 0.00042887270778517943 0.00012874380891850185
440 776 0 0.00036883423224426474 0.00011314237454722347
448 776 0 0.00031633852978408774 9.9133008473567227e-05
456 776 0 0.00027059866079574439 8.6611968994199659e-05
464 776 0 0.00023088737555812305 7.5471213688463974e-05
472 776 0 0.0001965324481603951 6.559996603600635e-05
480 776 0 0.00016691358572853512 5.6886716011173038e-05
488 776 0 0.00014146062586788767 4.9221403536405905e-05
496 776 0 0.00011965256029130821 4.2497538884451314e-05
504 776 0 0.00010101687659988408 3.6614054220955429e-05
512 776 0 8.5128764830509624e-05 3.1476742216011804e-05
520 776 0 7.1609854838771585e-05 2.6999207606171651e-05
528 776 0 6.0126298738595994e-05 2.3103324157963573e-05
536 776 0 5.0386158568839688e-05 1.9719244156094748e-05
544 776 0 4.2136180680671587e-05 1.6785045408152474e-05
552 776 0 3.5158122244695714e-05 1.4246120396805609e-05
560 776 0 2.9264837987160988e-05 1.205441506647488e-05
568 776 0 2.4296340207943847e-05 1.0167614238918503e-05
576 776 0 2.01160205183491e-05 8.548351271904024e-06
584 776 0 1.6607178055021995e-05 7.1634959147793435e-06
592 776 0 1.3669946775825871e-05 5.9835504432017849e-06
600 776 0 1.1218662925628483e-05 4.9821631640153619e-06
608 776 0 9.179669533517039e-06 4.1357521961088193e-06
616 776 0 7.489521763202431e-06 3.4232218410201404e-06
624 776 0 6.0935363962052298e-06 2.8257486895149094e-06
632 776 0 4.9446199243008558e-06 2.3266140159484376e-06
640 776 0 4.0023105143461726e-06 1.9110617556391004e-06
648 776 0 3.2319766390975653e-06 1.5661660971874476e-06
656 776 0 2.6041264999766466e-06 1.2806982144882873e-06
664 776 0 2.0937949072193278e-06 1.0449869248286495e-06
672 776 0 1.6799860467370254e-06 8.5077242033893079e-07
680 776 0 1.3451602789099793e-06 6.9105533180727015e-07
688 776 0 1.0747601861960287e-06 5.5994517600752663e-07
696 776 0 8.5677547156486759e-07 4.5251284684417148e-07
704 776 0 6.8134835413245171e-07 3.6465150034304222e-07
712 776 0 5.4042137433907668e-07 2.9294926924443082e-07
720 776 0 4.274286377236457e-07 2.3457603150546768e-07
728 776 0 3.3703007723786941e-07 1.8718520533578402e-07
736 776 0 2.6488676692315602e-07 1.4883043687110937e-07
744 776 0 2.0747399644387404e-07 1.1789619435833912e-07
752 776 0 1.6192789338193745e-07 9.3040725438863282e-08
760 776 0 1.2592091276029797e-07 7.3149559325386812e-08
768 776 0 9.7561466071148867e-08 5.7297696135433127e-08
776 776 0 7.5313246415509272e-08 4.471875698591008e-08
784 776 0 5.7930311300216806e-08 3.4779603674939345e-08
792 776 0 4.4404601311284404e-08 2.6959216546887159e-08
800 776 0 3.3923210087398533e-08 2.0830897609081037e-08
808 776 0 2.5833312802874626e-08 1.6047112742486672e-08
816 776 0 1.9613167166710214e-08 1.2326486025214196e-08
824 776 0 1.4848006318101672e-08 9.442606635258065e-09
832 776 0 1.1209948053481094e-08 7.2144086322572733e-09
840 776 0 8.4412619534395932e-09 5.4979449909736113e-09
848 776 0 6.3404831775087964e-09 4.1794101929475299e-09
856 776 0 4.7509580637491717e-09 3.1692806944395904e-09
864 776 0 3.5514694247574568e-09 2.3974481662021732e-09
872 776 0 2.6486322941380019e-09 1.8092227238944728e-09
880 776 0 1.9707835922668212e-09 1.3620862949371934e-09
888 776 0 1.4631178065285022e-09 1.0230816789595087e-09
896 776 0 1.08384841904809e-09 7.6673117499442962e-10
904 776 0 8.0120248372323617e-10 5.7338937215342266e-10
912 776 0 5.9108322695225655e-10 4.27946890748729e-10
920 776 0 4.352620245044095e-10 3.1881448847645279e-10
928 776 0 3.1998569456203279e-10 2.371291201661477e-10
936 776 0 2.3490702932150363e-10 1.7613461828360824e-10
944 776 0 1.7226545099809385e-10 1.3069927729907052e-10
952 776 0 1.2626051872092633e-10 9.694065247398247e-11
960 776 0 9.2573880373998276e-11 7.1934378326160273e-11
968 776 0 6.8005478467824978e-11 5.3488944236806932e-11
976 776 0 5.0197789771078259e-11 3.9972359409357051e-11
984 776 0 3.74280323030104e-11 3.0179731279743959e-11
992 776 0 2.8453010353576442e-11 2.3233185547877673e-11
1000 776 0 2.2394934512446889e-11 1.8507453014634204e-11
1008 776 0 1.8659432084205053e-11 1.5575981063098991e-11
1016 776 0 1.6879275798557322e-11 1.4173703748581067e-11
0 784 0 0.0096986016650624004 0.00085485585981433763
8 784 0 0.0097900609100127958 0.00086385079068657632
16 784 0 0.0099679220251448677 0.0008814188705900429
24 784 0 0.010222366147268134 0.00090674160111639535
32 784 0 0.010539385696055462 0.00093865217821233887
40 784 0 0.010901597106881784 0.00097570391349152859
48 784 0 0.011289240839582125 0.0010162539231276489
56 784 0 0.011681303436539938 0.0010585562442379307
64 784 0 0.012056688072634452 0.0011008578463381196
72 784 0 0.012395356743369184 0.0011414907958381907
80 784 0 0.012679369517991004 0.0011789541533133302
88 784 0 0.012893754277504164 0.0012119800433674621
96 784 0 0.01302715369332391 0.0012395796905359246
104 784 0 0.013072213958630627 0.001261066961061175
112 784 0 0.013025700515265259 0.0012760589364514806
120 784 0 0.01288834786759019 0.0012844550778404757
128 784 0 0.012664471464045639 0.0012863984088927818
136 784 0 0.012361387503364556 0.0012822236455317503
144 784 0 0.011988699616062578 0.0012746097647421545
152 784 0 0.011557518433856134 0.0012697281604614231
160 784 0 0.011079680532930755 0.0012604509140672765
168 784 0 0.010567027332892026 0.001247075951014448
176 784 0 0.010030793199525059 0.0012298439498768243
184 784 0 0.0094811367835156216 0.0012089314361395966
192 784 0 0.0089268324568167537 0.0011844576165335133
200 784 0 0.0083751216253485517 0.001156502514797644
208 784 0 0.007831708586253679 0.001125132753272029
216 784 0 0.007300873953452987 0.0010904306435076923
224 784 0 0.0067856714336657492 0.0010525221607706817
232 784 0 0.0062881712017579432 0.0010115998568236001
240 784 0 0.0058097149925827119 0.00096793771230724041
248 784 0 0.0053511534808534222 0.00092189618702481768
256 784 0 0.0049130444006631364 0.00087391710484439195
264 784 0 0.004495798851332466 0.00082450931885162584
272 784 0 0.0040997720784185614 0.00077422717585141562
280 784 0 0.003725302646270294 0.00072364451794260445
288 784 0 0.0033727095893520179 0.00067332726279113004
296 784 0 0.0030422604741056776 0.00062380749602728358
304 784 0 0.0027341243172866129 0.00057556154747591144
312 784 0 0.0024483222942661841 0.00052899380804608768
320 784 0 0.0021846866510848587 0.00048442719929184079
328 784 0 0.0019428348338683724 0.00044210035884383785
336 784 0 0.0017221621973866274 0.00040217086252422487
344 784 0 0.0015218532941434358 0.00036472324921207606
352 784 0 0.0013409090739097875 0.00032978029182865868
360 784 0 0.0011781855647903063 0.00029731587359533109
368 784 0 0.0010324388129436819 0.00026726795606129422
376 784 0 0.00090237093626053654 0.00023955041288645034
384 784 0 0.00078667290251838433 0.00021406288621974711
392 784 0 0.00068406082619295054 0.00019069823395915749
400 784 0 0.00059330393494017258 0.00016934751725651499
408 784 0 0.00051324366288359971 0.00014990278421827153
416 784 0 0.00044280441612759683 0.00013225811219399168
424 784 0 0.00038099732757595296 0.00011630947040113269
432 784 0 0.00032691874164262512 0.00010195396614255431
440 784 0 0.0002797452697616925 8.9088962482572237e-05
448 784 0 0.00023872709948858091 7.7611430295506826e-05
456 784 0 0.00020318090920635725 6.7417751589387144e-05
464 784 0 0.00017248332629754741 5.8404049260575645e-05
472 784 0 0.00014606544804209783 5.0467000118297275e-05
480 784 0 0.00012340858103373033 4.3505004694804791e-05
488 784 0 0.00010404108289107432 3.7419542976813348e-05
496 784 0 8.7536023080729531e-05 3.2116537210578677e-05
504 784 0 7.350931246382786e-05 2.7507564136056221e-05
512 784 0 6.1617965198940036e-05 2.3510799631569588e-05
520 784 0 5.1558226346998873e-05 2.0051628491772712e-05
528 784 0 4.3063397045463535e-05 1.706290169313246e-05
536 784 0 3.5901292601732747e-05 1.448486596710694e-05
544 784 0 2.9871359254075215e-05 1.2264821426596372e-05
552 784 0 2.4801541568998118e-05 1.0356580675697596e-05
560 784 0 2.054503013440486e-05 8.7198078527561286e-06
568 784 0 1.6977029577808197e-05 7.31931063013565e-06
576 784 0 1.3991675057559009e-05 6.1243454607900904e-06
584 784 0 1.1499198347814752e-05 5.1079797072072438e-06
592 784 0 9.423409974449103e-06 4.2465368013767678e-06
600 784 0 7.6995282309024025e-06 3.5191346947260806e-06
608 784 0 6.2723543729800946e-06 2.9073151605369444e-06
616 784 0 5.0947690014140937e-06 2.3947527617883374e-06
624 784 0 4.1265088756254122e-06 1.9670275205798176e-06
632 784 0 3.3331759155821675e-06 1.6114440087186883e-06
640 784 0 2.6854296266059007e-06 1.3168808877402719e-06
648 784 0 2.1583187318822539e-06 1.0736579072153114e-06
656 784 0 1.7307153837514997e-06 8.7341111622514692e-07
664 784 0 1.384824099468378e-06 7.0897080775094976e-07
672 784 0 1.1057460755476386e-06 5.7423997118938681e-07
680 784 0 8.8108680379410621e-07 4.6407347511587311e-07
688 784 0 7.006004406757519e-07 3.7415974552027679e-07
696 784 0 5.5586806598767285e-07 3.0090740557719474e-07
704 784 0 4.400089900608532e-07 2.4133936407159852e-07
712 784 0 3.4742498383557216e-07 1.9299639050350452e-07
720 784 0 2.7357712979702069e-07 1.5385150792662501e-07
728 784 0 2.1479432392533653e-07 1.2223575331253288e-07
736 784 0 1.681116299600576e-07 9.6775136963098413e-08
744 784 0 1.3113593361155566e-07 7.6338062832318388e-08
752 784 0 1.0193580502952625e-07 5.9992088352411208e-08
760 784 0 7.8952207658311215e-08 4.6968705101986754e-08
768 784 0 6.0926682034029335e-08 3.6634784037119532e-08
776 784 0 4.6843835631033255e-08 2.8469410784476017e-08
784 784 0 3.5885317512981654e-08 2.2044993787235152e-08
792 784 0 2.7392880492487975e-08 1.7011720818796429e-08
800 784 0 2.0838574395582907e-08 1.3084635691815626e-08
808 784 0 1.5800527766330191e-08 1.0032785036544435e-08
816 784 0 1.1943134527858577e-08 7.6700326388516367e-09
824 784 0 9.0007543939858081e-09 5.8472519241158637e-09
832 784 0 6.7642605651515249e-09 4.4456874883295687e-09
840 784 0 5.0699325852879932e-09 3.3713293681516001e-09
848 784 0 3.7903074092755657e-09 2.5501757682332307e-09
856 784 0 2.8266800801553668e-09 1.9242779835938049e-09
864 784 0 2.1029983623890684e-09 1.4484710623683883e-09
872 784 0 1.5609325691452093e-09 1.0876997249927926e-09
880 784 0 1.1559295201401274e-09 8.1485407212669383e-10
888 784 0 8.5408256068656667e-10 6.0903524584193556e-10
896 784 0 6.2967039254085104e-10 4.5417802650723895e-10
904 784 0 4.6323722076851941e-10 3.3796526295471676e-10
912 784 0 3.4010561945124405e-10 2.5097760750101251e-10
920 784 0 2.4923131457843541e-10 1.8603070992597409e-10
928 784 0 1.823253834872438e-10 1.3766031107478899e-10
936 784 0 1.3318383679106342e-10 1.0172319253044021e-10
944 784 0 9.717698599510393e-11 7.5088465002989917e-11
952 784 0 7.0861378861553775e-11 5.5399139859372554e-11
960 784 0 5.1685518262754531e-11 4.0888362111243745e-11
968 784 0 3.7767280415675496e-11 3.0238198052149483e-11
976 784 0 2.7726178147399098e-11 2.2471611623679161e-11
984 784 0 2.0557648834822735e-11 1.6870383468187665e-11
992 784 0 1.5539642679484172e-11 1.291336767409227e-11
1000 784 0 1.2164169640619898e-11 1.0230764871826991e-11
1008 784 0 1.0088317914592489e-11 8.5711141696125632e-12
1016 784 0 9.1007302258397566e-12 7.7785455727175656e-12
0 792 0 0.0088437458052480628 0.00088214743091975974
8 792 0 0.0089262101193262194 0.00089117051828656486
16 792 0 0.0090865031545548248 0.00090877142429218738
24 792 0 0.0093156245461517382 0.00093408592736098257
32 792 0 0.0096007335178431227 0.00096588171995333656
40 792 0 0.0099258931933902551 0.001002630400593103
48 792 0 0.010272986916454476 0.0010425957123394742
56 792 0 0.010622747192302008 0.0010839320071122528
64 792 0 0.010955830226296332 0.0011247861802635827
72 792 0 0.011253865947530993 0.0011633960713331518
80 792 0 0.011500415364677673 0.0011981786162535667
88 792 0 0.011681774234136702 0.001227801873399369
96 792 0 0.011787574002787985 0.0012512363893626924
104 792 0 0.011811146997569452 0.0012677831226837692
112 792 0 0.011749641578813778 0.0012770771547176343
120 792 0 0.011603892789749715 0.0012844550778404757
128 792 0 0.011378073055152857 0.0012863984088927818
136 792 0 0.011079163857832806 0.0012822236455317503
144 792 0 0.010716301451283588 0.00127239816477899
152 792 0 0.010300056409389564 0.0012574620244665703
160 792 0 0.0098417076428596508 0.001237972890071104
168 792 0 0.0093525665848588641 0.001214460748033162
176 792 0 0.008843397381094421 0.0011873958184306383
184 792 0 0.0083239654674871644 0.0011571713160284571
192 792 0 0.0078027315833405445 0.0011241008734762092
200 792 0 0.0072866928636555334 0.0010884287616930183
208 792 0 0.0067813588676776922 0.0010503497185759868
216 792 0 0.006290839583136071 0.001010034370316916
224 792 0 0.0058180154650786242 0.00096765596858712499
232 792 0 0.005364756740601051 0.00092341446115689219
240 792 0 0.004932160313070864 0.00087755467951184784
248 792 0 0.0045207769563949925 0.00083037652445842967
256 792 0 0.0041308081141673949 0.00078223628649574158
264 792 0 0.0037622593784526872 0.0007335394728797788
272 792 0 0.0034150455098375622 0.00068472656858099921
280 792 0 0.003089048731436604 0.00063625391483368996
288 792 0 0.0027841373084565245 0.00058857228089549338
296 792 0 0.0025001547511065039 0.00054210572299917374
304 792 0 0.0022368913051736407 0.00049723301211297222
312 792 0 0.0019940489426760436 0.00045427335159014051
320 792 0 0.0017712092482205265 0.00041347740286433216
328 792 0 0.0015678109307379025 0.00037502390313046987
336 792 0 0.0013831407039455318 0.00033902149344109561
344 792 0 0.001216338438984889 0.00030551485515854684
352 792 0 0.0010664151514237592 0.00027449392248602832
360 792 0 0.00093228075349193081 0.00024590481129837551
368 792 0 0.00081277765028059737 0.00021966116266308451
376 792 0 0.00070671613236983127 0.00019565480389070527
384 792 0 0.00061290797431256486 0.00017376492820581947
392 792 0 0.00053019549591052132 0.00015386533028242922
400 792 0 0.00045747437682243944 0.00013582955811773314
408 792 0 0.00039370955033273978 0.00011953411255085993
416 792 0 0.00033794439661633441 0.00010486001951126242
424 792 0 0.00028930411995784606 9.1693207618106902e-05
432 792 0 0.0002469945920550062 7.9924149587618919e-05
440 792 0 0.00021029808487047017 6.9447184891222328e-05
448 792 0 0.00017856724533060766 6.0159854157973251e-05
456 792 0 0.00015121844356694405 5.1962465639413192e-05
464 792 0 0.00012772532478032105 4.4758001517226361e-05
472 792 0 0.00010761307468108854 3.8452373361009282e-05
480 792 0 9.0453618782233592e-05 3.2954962251496742e-05
488 792 0 7.5861748324073156e-05 2.8179334567001167e-05
496 792 0 6.3492014598631678e-05 2.4044008482097852e-05
504 792 0 5.3036158279029814e-05 2.0473154184798045e-05
512 792 0 4.4220829522422926e-05 1.7397135676517109e-05
520 792 0 3.6805390334500986e-05 1.4752836012497887e-05
528 792 0 3.0579653284867229e-05 1.2483743760596306e-05
536 792 0 2.5361482031727813e-05 1.0539810570004934e-05
544 792 0 2.0994244987786286e-05 8.8771142662889288e-06
552 792 0 1.7344164504514884e-05 7.4573770644832338e-06
560 792 0 1.4297635800788385e-05 6.247394333616475e-06
568 792 0 1.1758602378252014e-05 5.218427199556183e-06
576 792 0 9.6460707728233729e-06 4.3456042847356365e-06
584 792 0 7.8918318603302492e-06 3.6073664874845025e-06
592 792 0 6.4384337747747412e-06 2.9849761996743619e-06
600 792 0 5.237427611293272e-06 2.4621006196091305e-06
608 792 0 4.2478852485627715e-06 2.024469124417323e-06
616 792 0 3.4351713043861359e-06 1.6595976970279578e-06
624 792 0 2.769939588988634e-06 1.3565692866367782e-06
632 792 0 2.2273184842752039e-06 1.1058574313069636e-06
640 792 0 1.786248689666299e-06 8.9918093693960167e-07
648 792 0 1.4289395072678022e-06 7.2937922461445165e-07
656 792 0 1.1404149085556648e-06 5.9030047519583488e-07
664 792 0 9.0812673791638106e-07 4.7669736155199696e-07
672 792 0 7.216185181369513e-07 3.8412755741068728e-07
680 792 0 5.7222870252910288e-07 3.0885810126500333e-07
688 792 0 4.5282646593957135e-07 2.4777397473618055e-07
696 792 0 3.5757612098521781e-07 1.9829194500245504e-07
704 792 0 2.8172807372818498e-07 1.5828091633266822e-07
712 792 0 2.2143511103860776e-07 1.259898727969644e-07
720 792 0 1.7359301244722432e-07 9.9984117349796369e-08
728 792 0 1.3570427308746276e-07 7.9090050837873766e-08
736 792 0 1.0576334194868493e-07 6.2348288011372671e-08
744 792 0 8.216139178720687e-08 4.8974541824348786e-08
752 792 0 6.3608350219969105e-08 3.8327454809557141e-08
760 792 0 4.9069784965090367e-08 2.9882422693220848e-08
768 792 0 3.7716254813946245e-08 2.321042722008309e-08
776 792 0 2.8882887553502787e-08 1.7960948077530469e-08
784 792 0 2.2037187732024118e-08 1.3848129780957536e-08
792 792 0 1.6753368583061488e-08 1.0639511909426487e-08
800 792 0 1.2691805877874333e-08 8.1467685177085745e-09
808 792 0 9.5824981857737915e-09 6.2180295805563994e-09
816 792 0 7.2116695392041838e-09 4.7314649886543937e-09
824 792 0 5.4108579989574015e-09 3.5898963950284066e-09
832 792 0 4.0479959375299392e-09 2.7162646276215857e-09
840 792 0 3.0201090879352316e-09 2.0498234973527616e-09
848 792 0 2.2473485118144073e-09 1.5429588974611584e-09
856 792 0 1.6681305489460121e-09 1.1585495312093547e-09
864 792 0 1.2352020304896611e-09 8.6779633189940731e-10
872 792 0 9.1247786604461366e-10 6.4845470310059566e-10
880 792 0 6.7252030821658475e-10 4.8340921192354263e-10
888 792 0 4.9454700227595053e-10 3.5953555841061614e-10
896 792 0 3.6287030496801481e-10 2.6680008757283623e-10
904 792 0 2.6568430874745342e-10 1.97552912021066e-10
912 792 0 1.9412890749342776e-10 1.4597671195781628e-10
920 792 0 1.4157210757896306e-10 1.0765920699947234e-10
928 792 0 1.0306250117229079e-10 7.9262882314953001e-11
936 792 0 7.4913244348443398e-11 5.8270592442620018e-11
944 792 0 5.4386948723124938e-11 4.2790037271978992e-11
952 792 0 3.9457612598685865e-11 3.140376626286791e-11
960 792 0 2.8631172755395818e-11 2.3054345507358713e-11
968 792 0 2.0810591999428592e-11 1.6956688416246903e-11
976 792 0 1.519477997401494e-11 1.2531398173384159e-11
984 792 0 1.1203251007200696e-11 9.3543978276220383e-12
992 792 0 8.4204176234210152e-12 7.1192250560631569e-12
1000 792 0 6.5549459436464755e-12 5.609223696973422e-12
1008 792 0 5.4107792355545246e-12 4.6775386790379649e-12
1016 792 0 4.8673640113117549e-12 4.2333662145280017e-12
0 800 0 0.007961598374328303 0.00088520279205123436
8 800 0 0.0080350396010396546 0.00089404368739590297
16 800 0 0.0081777317302626374 0.00091127115366842603
24 800 0 0.0083815386187907556 0.00093600328381449743
32 800 0 0.0086348517978897862 0.0009669823092545585
40 800 0 0.0089232627927971521 0.0010026478770900366
48 800 0 0.0092303912041150019 0.0010425957123394742
56 800 0 0.009538815185189755 0.0010839320071122528
64 800 0 0.0098310440460327494 0.0011247861802635827
72 800 0 0.010090469876197841 0.0011633960713331518
80 800 0 0.010302236748424107 0.0011981786162535667
88 800 0 0.010453972360737333 0.001227801873399369
96 800 0 0.010536337613425293 0.0012512363893626924
104 800 0 0.010543363874885683 0.0012677831226837692
112 800 0 0.010472564424096144 0.0012770771547176343
120 800 0 0.010324824294111357 0.001279068495638358
128 800 0 0.010104089825756384 0.0012739832293964734
136 800 0 0.009816894028665351 0.0012622698291674551
144 800 0 0.0094717649085622312 0.0012445365427213567
152 800 0 0.0090785702279254903 0.0012214861814640737
160 800 0 0.0086478532335683023 0.0011938544092913485
168 800 0 0.0081902098230746592 0.001162356761784205
176 800 0 0.0077157491273382121 0.0011276482537562089
184 800 0 0.0072336677320440556 0.0010902977354431088
192 800 0 0.0067519542317985562 0.0010507773515419884
200 800 0 0.00627722709917178 0.0010094657644837534
208 800 0 0.0058146964478731546 0.00096666241980453756
216 800 0 0.0053682303810682133 0.00092260920206785769
224 800 0 0.0049405000341636385 0.0008775154309149857
232 800 0 0.00453317446035681 0.00083158228024424099
240 800 0 0.0041471370118227801 0.00078502330124808391
248 800 0 0.0037826982873408652 0.00073807866905412729
256 800 0 0.0034397862175606655 0.0006910218966067294
264 800 0 0.0031181004753765532 0.00064415890307613398
272 800 0 0.0028172251723873423 0.00059782033745021989
280 800 0 0.0025366999060513753 0.00055234882538522873
288 800 0 0.0022760540485387451 0.00050808325991777946
296 800 0 0.0020348123748569766 0.00046534237624952729
304 800 0 0.0018124816384398094 0.00042440966673383128
312 800 0 0.0016085276718887564 0.00038552127078728712
320 800 0 0.0014223513432344579 0.00034885790498606867
328 800 0 0.0012532696531729207 0.00031454127756498185
336 800 0 0.0011005058559284278 0.00028263484801710394
344 800 0 0.00096319012219125847 0.00025314831679363052
352 800 0 0.00084037024468820731 0.00022604490673555188
360 800 0 0.00073103041010112431 0.0002012503433908065
368 800 0 0.00063411520362666781 0.00017866244665392956
376 800 0 0.00054855575034332311 0.00015816038202650816
384 800 0 0.00047329512970855145 0.00013961284460401341
392 800 0 0.00040731077924758099 0.00012288471666294033
400 800 0 0.00034963236942729198 0.00010784200739514746
408 800 0 0.00029935443403414201 9.4355116298597773e-05
416 800 0 0.00025564375956445561 8.23006370518788e-05
424 800 0 0.00021774209392912984 7.1562026028716214e-05
432 800 0 0.0001849650919745367 6.2029500080469505e-05
440 800 0 0.00015669857299440917 5.3599511876061001e-05
448 800 0 0.00013239315176291288 4.6174093567694779e-05
456 800 0 0.00011155816495423208 3.9660278612711972e-05
464 800 0 9.3755600660016611e-05 3.3969724120304435e-05
472 800 0 7.8594498771195623e-05 2.9018575909892921e-05
480 800 0 6.5726063767984234e-05 2.4727555014249358e-05
488 800 0 5.4839545930696369e-05 2.1022202393376787e-05
496 800 0 4.565881595202562e-05 1.7833198646606058e-05
504 800 0 3.7939483554924845e-05 1.5096674724104969e-05
512 800 0 3.1466386355899144e-05 1.2754443166523783e-05
520 800 0 2.6051288824078703e-05 1.0754101510422283e-05
528 800 0 2.1530668630857067e-05 9.0489846540101616e-06
536 800 0 1.7763515421875664e-05 7.5979666098521493e-06
544 800 0 1.4629113993334791e-05 6.3651309944514946e-06
552 800 0 1.2024822367413591e-05 5.3193421371012932e-06
560 800 0 9.8638812869175999e-06 4.4337545138707849e-06
568 800 0 8.0733043107112434e-06 3.6852980675407704e-06
576 800 0 6.5918984957452387e-06 3.0541722770781342e-06
584 800 0 5.3684575599784165e-06 2.5233743003518327e-06
592 800 0 4.3601559661600722e-06 2.078277808614669e-06
600 800 0 3.5311569395173558e-06 1.7062706717759162e-06
608 800 0 2.8514327968006845e-06 1.3964524517620871e-06
616 800 0 2.2957840121508241e-06 1.1393872922353118e-06
624 800 0 1.843035158539329e-06 9.2690443044930497e-07
632 800 0 1.4753814257529307e-06 7.5193705852227323e-07
640 800 0 1.1778584143882228e-06 6.0839027527807621e-07
648 800 0 9.3790956420292105e-07 4.9102994306488116e-07
656 800 0 7.4502897431192796e-07 3.9538593424373687e-07
664 800 0 5.9046162318393121e-07 3.1766511473244985e-07
672 800 0 4.6694735847936287e-07 2.5467115965758843e-07
680 800 0 3.6849897004958718e-07 2.0372973247951569e-07
688 800 0 2.9020787343674137e-07 1.6261859250282998e-07
696 800 0 2.2807330045131759e-07 1.2950282053390022e-07
704 800 0 1.7885245145774141e-07 1.0287562227044357e-07
712 800 0 1.3992994048726545e-07 8.1505170551342317e-08
720 800 0 1.0920523483298375e-07 6.4387777614240572e-08
728 800 0 8.4996836564393396e-08 5.0707436523069366e-08
736 800 0 6.5961833414313244e-08 3.9801508534371689e-08
744 800 0 5.1029282346187081e-08 3.113210944101979e-08
752 800 0 3.9345760587095956e-08 2.4262589632873149e-08
760 800 0 3.0231367293714494e-08 1.8838417671375874e-08
768 800 0 2.3144495022147596e-08 1.4571759791798649e-08
776 800 0 1.7653803688145442e-08 1.1229083865357345e-08
784 800 0 1.3415999212329432e-08 8.6211885196946861e-09
792 800 0 1.0158219376120476e-08 6.5951492069410116e-09
800 800 0 7.6640372383246264e-09 5.0277686395497065e-09
808 800 0 5.7622894738454029e-09 3.8202087119283886e-09
816 800 0 4.3181111295636734e-09 2.8935584096405104e-09
824 800 0 3.2257035024134839e-09 2.1851544965439176e-09
832 800 0 2.4024770106377441e-09 1.6455189268921951e-09
840 800 0 1.7842983854639799e-09 1.2358107024712516e-09
848 800 0 1.3216355731721666e-09 9.2571293864224069e-10
856 800 0 9.764394640136388e-10 6.9169108493237332e-10
864 800 0 7.1963385378105004e-10 5.1556817670861109e-10
872 800 0 5.2910809200211211e-10 3.8336977404250155e-10
880 800 0 3.8812393080051529e-10 2.8439637741606946e-10
888 800 0 2.8406145640733823e-10 2.104855458686123e-10
896 800 0 2.0744012625783312e-10 1.5543017871018169e-10
904 800 0 1.5116067506296282e-10 1.1452363368449059e-10
912 800 0 1.0992238336727659e-10 8.4206524126151179e-11
920 800 0 7.9778053045334062e-11 6.1794054533629001e-11
928 800 0 5.7796013445107712e-11 4.5266487727183082e-11
936 800 0 4.1804563480132247e-11 3.3108680868311151e-11
944 800 0 3.0199429880482868e-11 2.418751884264207e-11
952 800 0 2.1799118290435142e-11 1.7658494308250723e-11
960 800 0 1.5736518155326801e-11 1.2894654600069017e-11
968 800 0 1.1377888749605215e-11 9.4327032498233774e-12
976 800 0 8.2625114587589425e-12 6.9322685152559972e-12
984 800 0 6.0579540385409599e-12 5.1452969686597363e-12
992 800 0 4.5271604001873428e-12 3.8932572232336725e-12
1000 800 0 3.5045460305739971e-12 3.0503999130724784e-12
1008 800 0 2.8790207932167781e-12 2.5317584423377464e-12
1016 800 0 2.5824389426577525e-12 2.2849250686540024e-12
0 808 0 0.0070763955822770687 0.00088520279205123436
8 808 0 0.0071409959136437516 0.00089404368739590297
16 808 0 0.0072664605765942114 0.00091127115366842603
24 808 0 0.0074455353349762582 0.00093600328381449743
32 808 0 0.0076678694886352277 0.0009669823092545585
40 808 0 0.0079206149157071155 0.0010026478770900366
48 808 0 0.0081891642009323997 0.0010412270031826022
56 808 0 0.0084579805164346697 0.0010808346687550853
64 808 0 0.0087114657704286079 0.0011195782756041415
72 808 0 0.0089348109748626052 0.001155658901335236
80 808 0 0.0091147741952427915 0.0011874625531813152
88 808 0 0.0092403369417224032 0.0012136354190149298
96 808 0 0.0093031991942790649 0.0012331384191462281
104 808 0 0.0092980857952034354 0.0012452780796822476
112 808 0 0.0092228516910386176 0.0012497127330575262
120 808 0 0.0090783891750322327 0.0012464351190791239
128 808 0 0.0088683554207540354 0.0012357344050023481
136 808 0 0.0085987517641238354 0.0012181422645415156
144 808 0 0.008277396125608882 0.0011943687829533492
152 808 0 0.0079133357551239413 0.001165234472801549
160 808 0 0.0075162486846402157 0.0011316045489280866
168 808 0 0.0070958789664659228 0.0010943308566087363
176 808 0 0.0066615435438732865 0.0010542055834649256
184 808 0 0.0062217384497466359 0.0010119292822974198
192 808 0 0.0057838602389002269 0.00096809399289832926
200 808 0 0.0053540465118425105 0.00092318058732926943
208 808 0 0.004937128383232796 0.00087756806464035862
216 808 0 0.0045366788501218528 0.00083155153094636048
224 808 0 0.0041551349342418258 0.00078536509992181269
232 808 0 0.0037939685116791569 0.00073920594867765308
240 808 0 0.0034538808009939026 0.00069325621082887753
248 808 0 0.003134998111219769 0.00064770017612109619
256 808 0 0.0028370509625938239 0.00060273525496684155
264 808 0 0.0025595242687079345 0.00055857620666861871
272 808 0 0.0023017720893997789 0.00051545308298756335
280 808 0 0.0020630958121548282 0.00047360409389654709
288 808 0 0.0018427889583335396 0.00043326509020520545
296 808 0 0.0016401548212040028 0.00039465755365297381
304 808 0 0.0014545047315347945 0.00035797690690501493
312 808 0 0.00128514501621164 0.00032338265567711643
320 808 0 0.0011313599162170527 0.00029099142701740515
328 808 0 0.00099239619907267543 0.00026087345410024526
336 808 0 0.00086745329901809058 0.00023305255691033727
344 808 0 0.00075568087867870456 0.00020750924351255391
352 808 0 0.00065618399394836769 0.00018418625073983962
360 808 0 0.00056803473496148873 0.00016299567513963558
368 808 0 0.0004902883917460635 0.00014382681188060431
376 808 0 0.00042200185003737591 0.0001265539003059472
384 808 0 0.00036225199207461583 0.00011104313763393562
392 808 0 0.00031015224944963966 9.7158529797941324e-05
400 808 0 0.00026486600470029381 8.4766364726998177e-05
408 808 0 0.00022561614532535238 7.3738288708789627e-05
416 808 0 0.0001916906394654719 6.3953120098983712e-05
424 808 0 0.00016244445805134583 5.5297635877784017e-05
432 808 0 0.00013729847778186515 4.7666614192671549e-05
440 808 0 0.00011573615656441384 4.0962416429995337e-05
448 808 0 9.7298794867541541e-05 3.5094356895371342e-05
456 808 0 8.1580114468158424e-05 2.9978050486073658e-05
464 808 0 6.8220738412199828e-05 2.5534862247816783e-05
472 808 0 5.6902979968665764e-05 2.169151880252986e-05
480 808 0 4.7346175270523183e-05 1.8379888497461051e-05
488 808 0 3.9302646579219037e-05 1.5536899351477332e-05
496 808 0 3.2554273265207914e-05 1.3104542686817707e-05
504 808 0 2.6909579297641682e-05 1.1029904257283163e-05
512 808 0 2.2201215917652735e-05 9.265170438246409e-06
520 808 0 1.8283718334356947e-05 7.7675704897217559e-06
528 808 0 1.5031435761716659e-05 6.4992328691404085e-06
536 808 0 1.2336564948052995e-05 5.426950473822669e-06
544 808 0 1.0107250076825658e-05 4.5218639165091327e-06
552 808 0 8.2657404084941247e-06 3.7590819589194663e-06
560 808 0 6.7466177301535718e-06 3.1172635567640281e-06
568 808 0 5.4951173687072509e-06 2.5781869420039925e-06
576 808 0 4.4655698173772974e-06 2.1263286783679413e-06
584 808 0 3.6199867166083464e-06 1.74847084337007e-06
592 808 0 2.9268073538489663e-06 1.4333486123111059e-06
600 808 0 2.3598123494450706e-06 1.1713445900722852e-06
608 808 0 1.8972017640414299e-06 9.5423103275925453e-07
616 808 0 1.5208269168428814e-06 7.7495709530794274e-07
624 808 0 1.2155595437317886e-06 6.2747561480754044e-07
632 808 0 9.6877878741037642e-07 5.066026383425543e-07
640 808 0 7.6995570237593119e-07 4.0790271201229165e-07
648 808 0 6.1031600230740978e-07 3.2759356189551127e-07
656 808 0 4.8256407765941385e-07 2.6246489665251412e-07
664 808 0 3.8065426789005929e-07 2.0980735529387192e-07
672 808 0 2.9959847336210328e-07 1.6734888511725959e-07
680 808 0 2.3530205795227906e-07 1.3319691209730812e-07
688 808 0 1.8442239262039883e-07 1.0578548081634255e-07
696 808 0 1.4424622381902249e-07 8.3827076632295098e-08
704 808 0 1.1258332457101917e-07 6.6269126886722241e-08
712 808 0 8.7674676064484034e-08 5.2255264422781413e-08
720 808 0 6.8113845554775403e-08 4.1091389278208344e-08
728 808 0 5.2780392238702745e-08 3.2216444325690651e-08
736 808 0 4.0784155015231859e-08 2.5177678399081385e-08
744 808 0 3.1419240207296711e-08 1.961004213889037e-08
752 808 0 2.4126491997329214e-08 1.5219268589766742e-08
760 808 0 1.8463226586067182e-08 1.1768140707647311e-08
768 808 0 1.4079055145743698e-08 9.0654398764038988e-09
776 808 0 1.0696708045079063e-08 6.9570956430663791e-09
784 808 0 8.0968925636965767e-09 5.3191066486328553e-09
792 808 0 6.1063540034523158e-09 4.0518653726681607e-09
800 808 0 4.588451750688012e-09 3.0755854876366144e-09
808 808 0 3.4356961262282144e-09 2.3265933476171885e-09
816 808 0 2.5638111199185162e-09 1.7543000096451572e-09
824 808 0 1.9069883674428673e-09 1.3187151349706166e-09
832 808 0 1.4140781105218575e-09 9.8839890011588664e-10
840 808 0 1.045524737321525e-09 7.3877364814245494e-10
848 808 0 7.709005007299613e-10 5.5073507244220533e-10
856 808 0 5.6692437105308113e-10 4.0951509296055768e-10
864 808 0 4.1587686920951568e-10 3.0375698457153435e-10
872 808 0 3.0433891591707264e-10 2.2476917608503947e-10
880 808 0 2.2219541663754492e-10 1.6592851416297037e-10
888 808 0 1.6185407594434637e-10 1.2220738046299186e-10
896 808 0 1.1763785994249831e-10 8.9802266315334813e-11
904 808 0 8.5316242603686206e-11 6.5844432459276617e-11
912 808 0 6.1746225985206688e-11 4.8176157382069898e-11
920 808 0 4.4599274482163728e-11 3.5178778563170333e-11
928 808 0 3.2154810373600012e-11 2.56412030715077e-11
936 808 0 2.3144804405308465e-11 1.8659759074823782e-11
944 808 0 1.6637280455669346e-11 1.3562149424813521e-11
952 808 0 1.1949270323340838e-11 9.8498479670943042e-12
960 808 0 8.5819532425819275e-12 7.1545649127448735e-12
968 808 0 6.1724581705836257e-12 5.2054305790215893e-12
976 808 0 4.4581653895311973e-12 3.8043460692277453e-12
984 808 0 3.2503879963125176e-12 2.8075660422284423e-12
992 808 0 2.4151090001908865e-12 2.1120513999964563e-12
1000 808 0 1.8590535141943981e-12 1.645492516379599e-12
1008 808 0 1.5198360052733635e-12 1.3591847879434147e-12
1016 808 0 1.3592785912482399e-12 1.2231603514095125e-12
0 816 0 0.0062099034578730391 0.00086649212440402957
8 816 0 0.0062660264752245299 0.00087496943841922168
16 816 0 0.0063749867522010766 0.00089147382439313475
24 816 0 0.0065304041176659127 0.00091513121731034552
32 816 0 0.0067231746388094768 0.00094469484982575083
40 816 0 0.0069419971788579173 0.00097861773684919818
48 816 0 0.0071740224387633594 0.0010151417621690403
56 816 0 0.007405583042702891 0.0010523974737317787
64 816 0 0.0076229578234467497 0.0010885079469818582
72 816 0 0.0078131211852469473 0.0011216897896156579
80 816 0 0.0079644296079814866 0.0011503445872613049
88 816 0 0.0080672021005825413 0.0011731348411398619
96 816 0 0.0081141595030459115 0.0011890396912331534
104 816 0 0.0081006984300973604 0.001197387365106075
112 816 0 0.0080249884842016617 0.0011978632068369559
120 816 0 0.0078878950278804399 0.0011904941471517928
128 816 0 0.0076927430418250366 0.0011756123789289988
136 816 0 0.007444949155334041 0.0011538026087897944
144 816 0 0.0071515577249264307 0.0011258384006824513
152 816 0 0.0068207220579316217 0.0010926136971923196
160 816 0 0.0064611731327530774 0.0010550755518871384
168 816 0 0.0060817155078595345 0.0010141634586063883
176 816 0 0.0056907840248919817 0.00097075951898130484
184 816 0 0.0052960862477400223 0.00092565220200661359
192 816 0 0.0049043454305809789 0.00087951480831924798
200 816 0 0.0045211483572751079 0.0008328981545674026
208 816 0 0.0041508927639032894 0.00078623561932950666
216 816 0 0.0037968211700936893 0.00073985768002816357
224 816 0 0.0034611224320474795 0.00069401250219434637
232 816 0 0.0031450794745028505 0.00064888903717630645
240 816 0 0.0028492414003616269 0.00060463940063227575
248 816 0 0.0025736001596798589 0.00056139795153991017
256 816 0 0.0023177556148620674 0.0005192953477317565
264 816 0 0.0020810574838136709 0.00047846678489426361
272 816 0 0.0018627175845268187 0.0004390545048729602
280 816 0 0.001661890429038882 0.00040120538311594627
288 816 0 0.001477724052381486 0.00036506490595205362
296 816 0 0.0013093857240036523 0.00033076909720035049
304 816 0 0.0011560687724632207 0.00029843595907157378
312 816 0 0.0010169872221146492 0.00026815779409699084
320 816 0 0.00089136448291939345 0.00023999543329765926
328 816 0 0.00077842121855492064 0.00021397498051775479
336 816 0 0.00067736603765918642 0.00019008726135890416
344 816 0 0.00058739108463287692 0.00016828979404582764
352 816 0 0.00050767317548380895 0.00014851081846455874
360 816 0 0.00043737998622186909 0.00013065474873961963
368 816 0 0.00037568003619684536 0.00011460835554921814
376 816 0 0.00032175482703862801 0.0001002470229987479
384 816 0 0.00027481145522369074 8.7440536850925087e-05
392 816 0 0.00023409423267001787 7.6058016779621796e-05
400 816 0 0.00019889422899214401 6.5971775708149796e-05
408 816 0 0.00016855609628644452 5.7060049038907862e-05
416 816 0 0.00014248197211479233 4.9208667350679567e-05
424 816 0 0.00012013262049844404 4.2311837552901785e-05
432 816 0 0.00010102623094955252 3.6272246832312627e-05
440 816 0 8.473544193012793e-05 3.1000714634285906e-05
448 816 0 7.0883196467596822e-05 2.6415598399944718e-05
456 816 0 5.9137995391572139e-05 2.2442119076586285e-05
464 816 0 4.9209015377407819e-05 1.901172303479201e-05
472 816 0 4.0841432801256806e-05 1.6061547167408958e-05
480 816 0 3.381216473798189e-05 1.3534010532541293e-05
488 816 0 2.792612342946568e-05 1.1376523149753356e-05
496 816 0 2.3012991206802423e-05 9.5412820584054903e-06
504 816 0 1.8924463381763387e-05 7.9851159158782946e-06
512 816 0 1.5531875772785855e-05 6.6693401448668795e-06
520 816 0 1.2724126321180072e-05 5.5595920131768747e-06
528 816 0 1.0405809803068684e-05 4.6256259586479749e-06
536 816 0 8.495503748031091e-06 3.8410612000219037e-06
544 816 0 6.9241659815643406e-06 3.1830840952613178e-06
552 816 0 5.6336249082345543e-06 2.6321155002595704e-06
560 816 0 4.5751597428310136e-06 2.1714579873225582e-06
568 816 0 3.7081780825462916e-06 1.7869392861609593e-06
576 816 0 2.9990025761947553e-06 1.4665672411825421e-06
584 816 0 2.419778003324927e-06 1.2002087132834195e-06
592 816 0 1.9475063252533717e-06 9.7930102859559462e-07
600 816 0 1.5632118031158384e-06 7.9660054632923217e-07
608 816 0 1.2512324962168895e-06 6.4596926782454046e-07
616 816 0 9.9862940233164706e-07 5.2219751451123429e-07
624 816 0 7.9470081082238076e-07 4.208587329094078e-07
632 816 0 6.3058735092067717e-07 3.3819143648969924e-07
640 816 0 4.9895266232810099e-07 2.710030400478302e-07
648 816 0 3.9372531728282157e-07 2.1659068502458821e-07
656 816 0 3.0988920291004944e-07 1.7267487474936441e-07
664 816 0 2.4331163486654729e-07 1.37342633023512e-07
672 816 0 1.9060067020216106e-07 1.0899780315994222e-07
680 816 0 1.489851547121451e-07 8.6316903240133956e-08
688 816 0 1.1621280928688936e-07 6.8209583333509465e-08
696 816 0 9.0463052038832898e-08 5.3783171780189591e-08
704 816 0 7.0272261719320207e-08 4.2311062851698961e-08
712 816 0 5.4469856303893668e-08 3.3204819760590367e-08
720 816 0 4.2123959086516942e-08 2.5989886468258461e-08
728 816 0 3.2495631932586908e-08 2.0284760306115837e-08
736 816 0 2.5000744733491868e-08 1.5783410281739991e-08
744 816 0 1.9178581044857361e-08 1.224065916243935e-08
752 816 0 1.4666294713047952e-08 9.4601972842812622e-09
760 816 0 1.1178356574588276e-08 7.2848700114789064e-09
768 816 0 8.4901755868497109e-09 5.5888795588939867e-09
776 816 0 6.4251463408865227e-09 4.2715617041925403e-09
784 816 0 4.8444598811210629e-09 3.2524326825755137e-09
792 816 0 3.6391093260929141e-09 2.4672446773594017e-09
800 816 0 2.7236178642729927e-09 1.8648338864150193e-09
808 816 0 2.031107509964061e-09 1.4045886162641534e-09
816 816 0 1.5094078401255436e-09 1.0544032797929725e-09
824 816 0 1.117972283786537e-09 7.8901608365633036e-10
832 816 0 8.2542479676601105e-10 5.8865331375584644e-10
840 816 0 6.0760272619232325e-10 4.3792201112920176e-10
848 816 0 4.4599401171456938e-10 3.2490648901539192e-10
856 816 0 3.2649061783502887e-10 2.4043375321805226e-10
864 816 0 2.3839728543444671e-10 1.7747958377506897e-10
872 816 0 1.7364714112245061e-10 1.3069177479462203e-10
880 816 0 1.2618487350467826e-10 9.6010543132866658e-11
888 816 0 9.1485165067452216e-11 7.0368910876894157e-11
896 816 0 6.6179607055723045e-11 5.1458252886775261e-11
904 816 0 4.776989889505937e-11 3.7546343708626836e-11
912 816 0 3.4409021227928136e-11 2.7337204757278553e-11
920 816 0 2.4735420829171005e-11 1.9863853652992723e-11
928 816 0 1.7748130746092708e-11 1.4406679627507304e-11
936 816 0 1.2713209343513647e-11 1.0431595061794818e-11
944 816 0 9.0939463773464129e-12 7.5433340783229334e-12
952 816 0 6.4989835523824828e-12 5.4502867709583555e-12
960 816 0 4.643868154114359e-12 3.9380850884675685e-12
968 816 0 3.3226436683240318e-12 2.8498145022595938e-12
976 816 0 2.38692580437503e-12 2.0712395851561673e-12
984 816 0 1.7305603099799123e-12 1.5198276863326053e-12
992 816 0 1.2784512906400196e-12 1.1366577095508669e-12
1000 816 0 9.7852119067442721e-13 8.8053232351997094e-13
1008 816 0 7.9604610110958635e-13 7.2378990416377712e-13
1016 816 0 7.0982687697987399e-13 6.4945171426836594e-13
0 824 0 0.005380635832250796 0.0008292676256222431
8 824 0 0.0054287922268531855 0.00083723424837134439
16 824 0 0.0055222540984078902 0.0008527326537931864
24 824 0 0.0056554855024548651 0.00087491861521104761
32 824 0 0.0058205868494576778 0.00090258778935179904
40 824 0 0.0060077515579441921 0.00093424562091372516
48 824 0 0.0062058290996374619 0.00096819333912589751
56 824 0 0.0064029586235125379 0.0010026244191903531
64 824 0 0.0065872326641261371 0.0010357251593206126
72 824 0 0.0067473484481289066 0.0010657727371180406
80 824 0 0.0068732053019495542 0.0010912243060319324
88 824 0 0.0069564107134833303 0.0011107913870992111
96 824 0 0.0069906645309973691 0.0011234949720485424
104 824 0 0.0069720001288511102 0.0011286983012462502
112 824 0 0.0068988723969029605 0.0011261160872987012
120 824 0 0.0067720941687300952 0.0011158008591503447
128 824 0 0.0065946341226612677 0.001098108919163769
136 824 0 0.0063712991995218795 0.0010736499558121615
144 824 0 0.0061083322435361428 0.0010432254813902879
152 824 0 0.0058129601998727527 0.001007761858058869
160 824 0 0.0054929294440279235 0.00096824368872515387
168 824 0 0.005156062705575901 0.00092565280228363352
176 824 0 0.0048098669833615765 0.00088091704153040514
184 824 0 0.0044612145421847891 0.00083487170555523321
192 824 0 0.0041161104517916484 0.00078823497878933047
200 824 0 0.0037795511795880735 0.00074159717768703445
208 824 0 0.0034554704339913012 0.00069542232991198815
216 824 0 0.0031467615692918767 0.00065005960080181252
224 824 0 0.0028553609536028884 0.00060576147844459104
232 824 0 0.002582374028625694 0.00056270544587715653
240 824 0 0.0023282253242954865 0.00052101607606614038
248 824 0 0.0020928151529238347 0.00048078500675602419
256 824 0 0.0018756686327332185 0.00044208698212884891
264 824 0 0.0016760665157087057 0.00040499096810496515
272 824 0 0.0014931514401745137 0.00036956614435230506
280 824 0 0.0013260071747499341 0.0003358832542889479
288 824 0 0.0011737117629141316 0.00030401228946735437
296 824 0 0.0010353679585663412 0.00027401776543731107
304 824 0 0.00091011585829557065 0.00024595291416765002
312 824 0 0.00079713321950126601 0.00021985400261338316
320 824 0 0.00069562874648048984 0.00019573573643890362
328 824 0 0.00060483283856523366 0.00017358837998968698
336 824 0 0.00052398916173805696 0.00015337687592112946
344 824 0 0.00045234915464768762 0.0001350419299851893
352 824 0 0.00038917040099068249 0.00011850277449312646
360 824 0 0.00033371882803329795 0.00010366115818857114
368 824 0 0.00028527400088805495 9.0406035308790412e-05
376 824 0 0.00024313639314504058 7.8618433893587426e-05
384 824 0 0.00020663540026994042 6.8176054953750324e-05
392 824 0 0.0001751369656583021 5.8957267011715769e-05
400 824 0 0.00014804993786138217 5.0844291130761835e-05
408 824 0 0.00012483059734123836 4.3725498945206161e-05
416 824 0 0.0001049851175665759 3.7496854548216431e-05
424 824 0 8.8070009794012527e-05 3.2062610704431516e-05
432 824 0 7.3690813770075584e-05 2.7335417179476939e-05
440 824 0 6.1499426246434052e-05 2.3236015683693879e-05
448 824 0 5.1190509027165575e-05 1.9692687440431247e-05
456 824 0 4.249740215473937e-05 1.6640593236832769e-05
464 824 0 3.5187905326149795e-05 1.4021110051258024e-05
472 824 0 2.9060202513147744e-05 1.1781230288109062e-05
480 824 0 2.3939109730639528e-05 9.8730550073423617e-06
488 824 0 1.9672738396280315e-05 8.2533850331853654e-06
496 824 0 1.612959603137031e-05 6.883395175432113e-06
504 824 0 1.319609639778133e-05 5.728366983982057e-06
512 824 0 1.0774422562415897e-05 4.7574532103699578e-06
520 824 0 8.7806758568994382e-06 3.9434504642806342e-06
528 824 0 7.1432466166954557e-06 3.2625631863732281e-06
536 824 0 5.8013538204743061e-06 2.694149927556785e-06
544 824 0 4.7037156135361051e-06 2.2204503680282355e-06
552 824 0 3.8073274920769383e-06 1.826297416157616e-06
560 824 0 3.0763371957708085e-06 1.4988225470602051e-06
568 824 0 2.4810138768674617e-06 1.2271642056788299e-06
576 824 0 1.9968136799029077e-06 1.0021888962918476e-06
584 824 0 1.6035449976134662e-06 8.1623300571146076e-07
592 824 0 1.2846352942596866e-06 6.6287103099368504e-07
600 824 0 1.0264985628371429e-06 5.3671324027869549e-07
608 824 0 8.179991781572157e-07 4.3323331805967378e-07
616 824 0 6.5000487812811896e-07 3.486245242035281e-07
624 824 0 5.1501933456012868e-07 2.7968147626225208e-07
632 824 0 4.0688348141980062e-07 2.2370386950087655e-07
640 824 0 3.2053445324267074e-07 1.7841820908543025e-07
648 824 0 2.5181149821151351e-07 1.4191381907130807e-07
656 824 0 1.9729933601984932e-07 1.1258986689020012e-07
664 824 0 1.5420087553776485e-07 8.9110759328782438e-08
672 824 0 1.2023276051818243e-07 7.0367909683978628e-08
680 824 0 9.3538692797717758e-08 5.5446461914427346e-08
688 824 0 7.2616772665024203e-08 4.359603662186516e-08
696 824 0 5.6258135597404814e-08 3.4204916441428084e-08
704 824 0 4.3494942696291676e-08 2.6777319023028531e-08
712 824 0 3.3556322892168464e-08 2.0913533411725204e-08
720 824 0 2.5831212348029638e-08 1.6292746738487304e-08
728 824 0 1.983724172862756e-08 1.2658390203959348e-08
736 824 0 1.519493414519723e-08 9.8058105882946377e-09
744 824 0 1.1606536528360138e-08 7.5720445164972232e-09
752 824 0 8.8388450561835473e-09 5.8274496568644047e-09
760 824 0 6.7094203169010145e-09 4.4689362576872613e-09
768 824 0 5.0756300068841889e-09 3.414545579965522e-09
776 824 0 3.8260090360812918e-09 2.5991373048052309e-09
784 824 0 2.8734873199147274e-09 1.9709725612063355e-09
792 824 0 2.1501003926258002e-09 1.4890089334671139e-09
800 824 0 1.6028628296976704e-09 1.1207550345753222e-09
808 824 0 1.1905454100815447e-09 8.4056209988251625e-10
816 824 0 8.8115119609272787e-10 6.2825664403281577e-10
824 824 0 6.4993174532858888e-10 4.6804053845794808e-10
832 824 0 4.7782212292472478e-10 3.4760267384128627e-10
840 824 0 3.5020274717016455e-10 2.573999790221587e-10
848 824 0 2.5591841364359022e-10 1.9007559807097916e-10
856 824 0 1.8650138807728992e-10 1.3998922975773894e-10
864 824 0 1.355575412652466e-10 1.0283974416920012e-10
872 824 0 9.8283294296386527e-11 7.5363846826064083e-11
880 824 0 7.108761309770741e-11 5.5097260406970849e-11
888 824 0 5.1298170336380573e-11 4.0186994731071643e-11
896 824 0 3.6934598629142814e-11 2.9245008426580231e-11
904 824 0 2.6534834089243382e-11 2.1235064805815988e-11
912 824 0 1.9023104723299511e-11 1.5385916504628624e-11
920 824 0 1.3610276698139467e-11 1.1125144131031538e-11
928 824 0 9.7191019550889508e-12 8.0290287910037568e-12
936 824 0 6.9284536930045503e-12 5.7847556505090969e-12
944 824 0 4.9319206007598088e-12 4.1620257765866041e-12
952 824 0 3.5071822451930839e-12 2.9918013071893989e-12
960 824 0 2.4934334798742153e-12 2.1504346742401438e-12
968 824 0 1.7747933950556796e-12 1.5478502732683522e-12
976 824 0 1.2681529044883707e-12 1.1187728998866592e-12
984 824 0 9.143122333744428e-13 8.162480766054695e-13
992 824 0 6.7156061656511588e-13 6.0689067407490374e-13
1000 824 0 5.1107746570372295e-13 4.6744372497070426e-13
1008 824 0 4.1370555438149777e-13 3.8234054672808858e-13
1016 824 0 3.6777734913204263e-13 3.4204952784783136e-13
0 832 0 0.0046033640300238354 0.00077727180222696059
8 832 0 0.0046441746646409508 0.00078461756221223471
16 832 0 0.004723355292608351 0.00079889880579953922
24 832 0 0.0048361665527339552 0.00081931894972090986
32 832 0 0.004975845334834807 0.00084474151462287077
40 832 0 0.0051339955520297966 0.00087375600591439555
48 832 0 0.0053010700785185959 0.00090475902111886598
56 832 0 0.0054669133000286342 0.00093604532348390366
64 832 0 0.0056213297237738009 0.00096590294035233618
72 832 0 0.0057546423816219284 0.00099270606650697819
80 832 0 0.0058582055791420798 0.0010149997228074744
88 832 0 0.0059248399614536471 0.0010315707520296832
96 832 0 0.0059491637317602595 0.0010415007992371095
104 832 0 0.005927801778123582 0.0010441983507275283
112 832 0 0.0058594638186673731 0.0010394085782355874
120 832 0 0.0057448926643509585 0.0010272015043791367
128 832 0 0.0055866934191728954 0.0010079407034883723
136 832 0 0.0053890629872316766 0.00098223621229020282
144 832 0 0.0051574458403883579 0.00095088640314778487
152 832 0 0.0048981460338675632 0.00091481416600518953
160 832 0 0.0046179266372058858 0.00087500280682203772
168 832 0 0.0043236260905218709 0.00083243661505403004
176 832 0 0.0040218168282346069 0.00078805015512696964
184 832 0 0.0037185254222019508 0.00074268911998283827
192 832 0 0.0034190262489416368 0.00069708420285001169
200 832 0 0.0031277131192341667 0.00065183806035390684
208 832 0 0.002848046226087907 0.00060742420790339422
216 832 0 0.0025825658411674822 0.00056419572812439452
224 832 0 0.0023329598915272252 0.00052240106207566321
232 832 0 0.0021001701105837268 0.00048220391804196716
240 832 0 0.0018845208722103337 0.00044370445208515279
248 832 0 0.00168585586715995 0.0004069592857638847
256 832 0 0.0015036700935875029 0.00037199853914571561
264 832 0 0.0013372277472750041 0.0003388387684337016
272 832 0 0.0011856600334373189 0.00030749140673719472
280 832 0 0.00104804024610089 0.0002779669286490441
288 832 0 0.00092343632925532366 0.00025027543365880797
296 832 0 0.00081094332048508438 0.00022442463808125686
304 832 0 0.00070969948168820619 0.00020041637660736446
312 832 0 0.00061889055596561987 0.00017824266353564614
320 832 0 0.0005377465581735758 0.00015788218830691404
328 832 0 0.0004655349711554844 0.00013929786740974926
336 832 0 0.0004015533683034269 0.00012243579343463007
344 832 0 0.0003451234998847636 0.00010722565476292402
352 832 0 0.00029558792257821113 9.3582478412471354e-05
360 832 0 0.00025230943457026886 8.1409393463029091e-05
368 832 0 0.00021467297101036275 7.0601029877692196e-05
376 832 0 0.00018208924028362836 6.1047152861412222e-05
384 832 0 0.00015399922689181663 5.263617337812379e-05
392 832 0 0.00012987871204686878 4.525825361143332e-05
400 832 0 0.00010924211458040661 3.8807823280975561e-05
408 832 0 9.1645175606426611e-05 3.3185421734811747e-05
416 832 0 7.6686249367902701e-05 2.8298868198673197e-05
424 832 0 6.4006180052232642e-05 2.4063829741779885e-05
432 832 0 5.3286914262015972e-05 2.0403899508059612e-05
440 832 0 4.4249109363093752e-05 1.72503168833403e-05
448 832 0 3.6649049014684273e-05 1.4541460012481302e-05
456 832 0 3.0275177320156568e-05 1.2222224834582802e-05
464 832 0 2.4944525700184387e-05 1.0243379625965408e-05
472 832 0 2.0499246883715983e-05 8.5609556294317604e-06
480 832 0 1.6803402397812538e-05 7.1357073328269897e-06
488 832 0 1.3740084875583093e-05 5.9326535206972224e-06
496 832 0 1.1208902006254763e-05 4.9206940251155471e-06
504 832 0 9.123808930750454e-06 4.0722874670308764e-06
512 832 0 7.4112510537706482e-06 3.3631715086452492e-06
520 832 0 6.0085679606701295e-06 2.7721078962293087e-06
528 832 0 4.8626083505147291e-06 2.2806382661807267e-06
536 832 0 3.9285120530967542e-06 1.8728417673775519e-06
544 832 0 3.1686248785394646e-06 1.5350907349966405e-06
552 832 0 2.55152246467884e-06 1.2558050273980983e-06
560 832 0 2.0511284922735982e-06 1.0252087034972103e-06
568 832 0 1.6459195487098197e-06 8.3509432815764196e-07
576 832 0 1.3182132024905902e-06 6.7860047741231752e-07
584 832 0 1.053537720847502e-06 5.5000727676596422e-07
592 832 0 8.4008187188803707e-07 4.4455342237164954e-07
600 832 0 6.6822208415292542e-07 3.5827647868421748e-07
608 832 0 5.3012255023470412e-07 2.8787662792251158e-07
616 832 0 4.1940219242932958e-07 2.3060268569878938e-07
624 832 0 3.3086111979476929e-07 1.8415821476535939e-07
632 832 0 2.6025848303436072e-07 1.466249983854399e-07
640 832 0 2.0413351075015942e-07 1.1640094249251132e-07
648 832 0 1.596619131295414e-07 9.2149585081972108e-08
656 832 0 1.2454062926006085e-07 7.2758706759788463e-08
664 832 0 9.6894912495966358e-08 5.730596304179849e-08
672 832 0 7.520284487838417e-08 4.502991563979826e-08
680 832 0 5.8233426399837263e-08 3.5305266397880495e-08
688 832 0 4.4995316189691965e-08 2.7621456475332238e-08
696 832 0 3.4694067225609202e-08 2.1564068371795612e-08
704 832 0 2.6696283292559178e-08 1.6798659403732498e-08
712 832 0 2.0499549693449363e-08 1.30567731987191e-08
720 832 0 1.5707274989728913e-08 1.0123937358300725e-08
728 832 0 1.2007762969492268e-08 7.8294787591352914e-09
736 832 0 9.1569446667421805e-09 6.0379894784550494e-09
744 832 0 6.9642674421374328e-09 4.6422690862227048e-09
752 832 0 5.2812830406829059e-09 3.5575620155006414e-09
760 832 0 3.9925133244217393e-09 2.7169069924792753e-09
768 832 0 3.0082090239343172e-09 2.0674209829498718e-09
776 832 0 2.258656593684954e-09 1.5673524423963378e-09
784 832 0 1.6897311510152135e-09 1.1837561688995139e-09
792 832 0 1.259437847093706e-09 8.9066254553209424e-10
800 832 0 9.3522756911733047e-10 6.6763526058033995e-10
808 832 0 6.9191346386388735e-10 4.9863194621765737e-10
816 832 0 5.1005082666873986e-10 3.7110036942398801e-10
824 832 0 3.746735502050725e-10 2.7525819512351638e-10
832 832 0 2.7430537371964501e-10 2.0351674920507978e-10
840 832 0 2.0018393407484272e-10 1.5001881309532183e-10
848 832 0 1.4565074760122016e-10 1.1026766604237006e-10
856 832 0 1.0567155757027029e-10 8.0829830507019632e-11
864 832 0 7.6459796158141474e-11 5.9097745107105121e-11
872 832 0 5.518198667123945e-11 4.3101307625147076e-11
880 832 0 3.972837966898874e-11 3.1359233428718669e-11
888 832 0 2.8535461222316557e-11 2.2762709114064016e-11
896 832 0 2.0449544544047885e-11 1.648505408509493e-11
904 832 0 1.4622696959992825e-11 1.1912137129250557e-11
912 832 0 1.0433916527664628e-11 8.5891881956348833e-12
920 832 0 7.4298509380848963e-12 6.1804257600545711e-12
928 832 0 5.2805023212393228e-12 4.438599633849628e-12
936 832 0 3.7463204122870753e-12 3.182133280717475e-12
944 832 0 2.653877784167719e-12 2.2780428165920898e-12
952 832 0 1.8779647748961211e-12 1.6292174702969628e-12
960 832 0 1.328457348208423e-12 1.1649761316657923e-12
968 832 0 9.4071714148923342e-13 8.3407625356644623e-13
976 832 0 6.6859762481438837e-13 5.9955527967398236e-13
984 832 0 4.7937080207244151e-13 4.3494143130200129e-13
992 832 0 3.5007074083254308e-13 3.2148987573257279e-13
1000 832 0 2.6488686102269142e-13 2.4619060468103152e-13
1008 832 0 2.1334257010603816e-13 2.0036298427545961e-13
1016 832 0 1.8907260919908396e-13 1.7870473993295868e-13
0 840 0 0.0038889171972888454 0.00071444683273499
8 840 0 0.0039230760391283804 0.00072109862551257044
16 840 0 0.0039893319438387472 0.00073402334876960379
24 840 0 0.0040836811747076542 0.00075248537802630102
32 840 0 0.0042004102072129108 0.00077543512762189622
40 840 0 0.0043324257203394625 0.00080156983169033403
48 840 0 0.0044716616605157541 0.00082940841800284177
56 840 0 0.004609537646065631 0.00085737565396300317
64 840 0 0.0047374396082286363 0.0008838901155451646
72 840 0 0.004847192113740368 0.00090745026788156043
80 840 0 0.0049314924872615627 0.0009267130918805171
88 840 0 0.0049842797045442002 0.00094056025690944685
96 840 0 0.0050010159310253403 0.00094814780073491922
104 840 0 0.0049788652083940857 0.00094893656972949627
112 840 0 0.0049167616272853846 0.00094270219138198851
120 840 0 0.0048153677010481103 0.00092952496330284823
128 840 0 0.0046769318220502842 0.00090976159712261116
136 840 0 0.0045050608857668314 0.00088400210146484526
144 840 0 0.0043044297457821255 0.00085301609460623241
152 840 0 0.0040804526235220968 0.00081769341034546635
160 840 0 0.0038389426820096577 0.00077898395519622812
168 840 0 0.0035857846888091858 0.00073784140171268518
176 840 0 0.0033266423030202307 0.00069517452521437612
184 840 0 0.0030667165053298484 0.00065180891687210236
192 840 0 0.0028105656779746401 0.00060846057096699668
200 840 0 0.0025619915254772065 0.0005657215937569602
208 840 0 0.0023239890741723014 0.00052405715191560561
216 840 0 0.002098753961247527 0.00048381187991995526
224 840 0 0.001887736521544693 0.00044522336998253226
232 840 0 0.0016917300072092061 0.00040844010337452068
240 840 0 0.0015109796385580896 0.00037354123365224406
248 840 0 0.001345299917584989 0.00034055594957496096
256 840 0 0.0011941894413103505 0.00030948065227715243
264 840 0 0.0010569349581011768 0.00028029278917382733
272 840 0 0.00093269922482320264 0.0002529608086141163
280 840 0 0.00082058998710034324 0.00022745025900054673
288 840 0 0.00071970983069765955 0.00020372649855766411
296 840 0 0.00062918854460624187 0.00018175477587884252
304 840 0 0.00054820090192382815 0.00016149857976437804
312 840 0 0.00047597340229514298 0.0001429171536704769
320 840 0 0.00041178360342349226 0.00012596295475008354
328 840 0 0.00035495532302907767 0.00011057964812640674
336 840 0 0.00030485236448536787 9.6701003818059023e-05
344 840 0 0.00026087265692424384 8.4250842960519761e-05
352 840 0 0.00022244393254014744 7.3143990038063698e-05
360 840 0 0.0001890213875841991 6.328804698606976e-05
368 840 0 0.00016008725005746356 5.4585720952899194e-05
376 840 0 0.00013515183169061045 4.6937408593017915e-05
384 840 0 0.00011375546960806951 4.0243757283747118e-05
392 840 0 9.5470737459267798e-05 3.4407974587600981e-05
400 840 0 7.9904387527780996e-05 2.9337727052625617e-05
408 840 0 6.669863128233968e-05 2.4946544324086931e-05
416 840 0 5.5531536010670623e-05 2.1154713357232078e-05
424 840 0 4.6116477442689439e-05 1.7889702609543203e-05
432 840 0 3.8200720731978676e-05 1.5086193530037296e-05
440 840 0 3.1563293453192806e-05 1.2685815909900946e-05
448 840 0 2.6012362225513765e-05 1.0636686789170508e-05
456 840 0 2.1382333947170836e-05 8.8928433729857321e-06
464 840 0 1.7530882442207031e-05 7.4136432579773559e-06
472 840 0 1.4336062319071107e-05 6.1631845646448767e-06
480 840 0 1.169362441279337e-05 5.1097779850191682e-06
488 840 0 9.5145999450855008e-06 4.2254849304975918e-06
496 840 0 7.7231795828260018e-06 3.4857224234287614e-06
504 840 0 6.2548823220406644e-06 2.8689266087097896e-06
512 840 0 5.0549886060640656e-06 2.3562624477065826e-06
520 840 0 4.077201519247009e-06 1.9313664414231205e-06
528 840 0 3.2824973480239884e-06 1.5801110024907406e-06
536 840 0 2.6381298258881122e-06 1.290382227208642e-06
544 840 0 2.116758544637517e-06 1.0518663339019476e-06
552 840 0 1.6956792557052785e-06 8.5584320897356141e-07
560 840 0 1.3561405940416002e-06 6.9498789823199793e-07
568 840 0 1.0827372254581371e-06 5.6318232325168261e-07
576 840 0 8.6287317753564842e-07 4.553400249549418e-07
584 840 0 6.8629120786261451e-07 3.6724651298488746e-07
592 840 0 5.4466479922433218e-07 2.954170726637049e-07
600 840 0 4.3124918011341823e-07 2.3697290403950719e-07
608 840 0 3.4058709092227948e-07 1.8953545931242464e-07
616 840 0 2.6826422460312003e-07 1.5113796782620954e-07
624 840 0 2.1070863154594182e-07 1.2015248824882747e-07
632 840 0 1.6502804200490168e-07 9.5230441029459036e-08
640 840 0 1.2887907281178944e-07 7.5254437938369983e-08
648 840 0 1.0036261842766572e-07 5.9299294701875682e-08
656 840 0 7.7940302402235888e-08 4.6600326857824966e-08
664 840 0 6.0367587295335546e-08 3.6527325200630812e-08
672 840 0 4.6639914560380903e-08 2.8562930318003267e-08
680 840 0 3.5948992790804442e-08 2.2284433609032821e-08
688 840 0 2.7647018538206808e-08 1.7348297651485157e-08
696 840 0 2.1217168505569179e-08 1.3476898720040023e-08
704 840 0 1.6249136457103688e-08 1.044714683545549e-08
712 840 0 1.2418809716497936e-08 8.0807399769514274e-09
720 840 0 9.4714055798331707e-09 6.2358694098957421e-09
728 840 0 7.2075386909721914e-09 4.8002242785200769e-09
736 840 0 5.4717878990840351e-09 3.6851567676581454e-09
744 840 0 4.1433941431649911e-09 2.8208732989724417e-09
752 840 0 3.1287641639824943e-09 2.1525188767004116e-09
760 840 0 2.3554885450633572e-09 1.637024779358382e-09
768 840 0 1.7676129112769483e-09 1.2405961126573689e-09
776 840 0 1.3219310577520498e-09 9.3672553593290421e-10
784 840 0 9.8509912857281306e-10 7.0463202244240046e-10
792 840 0 7.3140021012344066e-10 5.2803763697026531e-10
800 840 0 5.4101779164784908e-10 3.942097774694814e-10
808 840 0 3.9870337871749067e-10 2.9321008514639668e-10
816 840 0 2.9274728350281989e-10 2.1730354316591997e-10
824 840 0 2.1418179643042406e-10 1.6049175377464844e-10
832 840 0 1.5616248017987641e-10 1.1814289353976859e-10
840 840 0 1.1348643432131545e-10 8.6697499753527267e-11
848 840 0 8.2216471692211413e-11 6.3434275909008744e-11
856 840 0 5.9387737513882124e-11 4.6283820056388168e-11
864 840 0 4.2778914592717702e-11 3.3680881565423772e-11
872 840 0 3.0734274010776837e-11 2.4447712660462613e-11
880 840 0 2.2025855545735345e-11 1.7702524123253395e-11
888 840 0 1.5747313492189781e-11 1.2788147730126776e-11
896 840 0 1.1232675998770982e-11 9.2168685452769022e-12
904 840 0 7.994602947541557e-12 6.6280940124512676e-12
912 840 0 5.6777972096229127e-12 4.7561193180417152e-12
920 840 0 4.0240959609852318e-12 3.4057549770996644e-12
928 840 0 2.846485960992032e-12 2.4340163602472908e-12
936 840 0 2.0098770584347104e-12 1.7364433538523648e-12
944 840 0 1.4169509764871573e-12 1.2369268076805616e-12
952 840 0 9.9779275317060864e-13 8.8017202172551248e-13
960 840 0 7.0232331008256706e-13 6.2613403812585593e-13
968 840 0 4.9479578017541237e-13 4.4592136131382104e-13
976 840 0 3.498069710133554e-13 3.1879065380103297e-13
984 840 0 2.4941927216900202e-13 2.299515299034395e-13
992 840 0 1.8109687526687613e-13 1.6897386556566695e-13
1000 840 0 1.3624148530639182e-13 1.286453757162996e-13
1008 840 0 1.0917352663298035e-13 1.0416904347305781e-13
1016 840 0 9.6450667928194297e-14 9.2621941270889658e-14
0 848 0 0.0032442475893836018 0.00064466960790524356
8 848 0 0.0032724867149973354 0.00065058932413104495
16 848 0 0.0033272460800255919 0.00066208586381315531
24 848 0 0.003405187756289136 0.00067849341841851821
32 848 0 0.0035015482473080453 0.0006988619599048655
40 848 0 0.0036104135101159476 0.00072201221022351499
48 848 0 0.0037250582714118607 0.0007466033891038934
56 848 0 0.0038383282416973976 0.00077120940436823347
64 848 0 0.0039430410271338564 0.00079439858109477991
72 848 0 0.0040323803282796868 0.00081481178546068123
80 848 0 0.0041002585643816116 0.00083123392287995108
88 848 0 0.0041416254154439435 0.00084265428910025673
96 848 0 0.0041527038252451246 0.00084831210578021569
104 848 0 0.0041311404868070245 0.00084772472158706116
112 848 0 0.004076064312533329 0.00084069731475205564
120 848 0 0.0039880533261853948 0.00082731437486271552
128 848 0 0.0038690171852318067 0.00080791463681847758
136 848 0 0.0037220085308533671 0.0007830523549134643
144 848 0 0.0035509810224262661 0.00075344872335585946
152 848 0 0.0033605148369420051 0.00071993778658009178
160 848 0 0.0031555313850530641 0.00068341129695659352
168 848 0 0.0029410180129979479 0.00064476667581123788
176 848 0 0.002721780733314048 0.00060486156970618278
184 848 0 0.0025022389451947119 0.00056447756013513649
192 848 0 0.0022862711788700129 0.00052429449910462722
200 848 0 0.0020771156927126919 0.00048487583276451453
208 848 0 0.0018773248139507509 0.00044666426022155052
216 848 0 0.0016887677083397739 0.0004099862529077531
224 848 0 0.0015126731245631421 0.00037506339698155085
232 848 0 0.0013497017619346508 0.0003420282452745553
240 848 0 0.0012000372713318645 0.00031094236722622516
248 848 0 0.0010634853932072971 0.0002818145243776919
256 848 0 0.00093957212923916089 0.00025461731207118959
264 848 0 0.00082763383785296272 0.00022930112024821406
272 848 0 0.00072689442231077669 0.00020580480251242595
280 848 0 0.0006365270500413772 0.00018406293705896604
288 848 0 0.00055569986462065577 0.00016400996607700378
296 848 0 0.00048360676240723308 0.00014558178219900879
304 848 0 0.00041948541963417527 0.00012871548228965288
312 848 0 0.00036262536318523839 0.00011334803910990459
320 848 0 0.00031236903095998951 9.9414572463502743e-05
328 848 0 0.0002681085593432324 8.6846763685845263e-05
336 848 0 0.00022928058088735745 7.5571783598010425e-05
344 848 0 0.00019536073214304985 6.5511924781193982e-05
352 848 0 0.00016585896378676845 5.6584968753378988e-05
360 848 0 0.00014031619367442521 4.8705193909773887e-05
368 848 0 0.00011830240104908517 4.178484900837839e-05
376 848 0 9.9415951757078933e-05 3.5735879933531512e-05
384 848 0 8.3283770777463253e-05 3.0471698830606257e-05
392 848 0 6.9561922471132271e-05 2.5908814988135528e-05
400 848 0 5.7936192619255292e-05 2.1968194908525704e-05
408 848 0 4.8122357288936153e-05 1.8576273993403527e-05
416 848 0 3.9865940976709385e-05 1.5665595033961238e-05
424 848 0 3.2941384767297601e-05 1.3175092675391838e-05
432 848 0 2.7150646223307707e-05 1.1050074508670969e-05
440 848 0 2.2321326070356658e-05 9.241967382836148e-06
448 848 0 1.8304459218589759e-05 7.7079030069240058e-06
456 848 0 1.4972121515531796e-05 6.4102124316390397e-06
464 848 0 1.2214994665958734e-05 5.3158877762482966e-06
472 848 0 9.9400074520698921e-06 4.3960548670012147e-06
480 848 0 8.0681392807268933e-06 3.625485132066477e-06
488 848 0 6.5324386468893026e-06 2.9821612981961983e-06
496 848 0 5.2762791004433182e-06 2.4469004823826836e-06
504 848 0 4.2518516046437163e-06 2.0030307173969481e-06
512 848 0 3.4188758964837734e-06 1.6361127095802923e-06
520 848 0 2.7435043400077992e-06 1.3336971792392098e-06
528 848 0 2.1973886242721658e-06 1.0851087237518226e-06
536 848 0 1.7568808633032261e-06 8.8124896258488607e-07
544 848 0 1.4023445000893359e-06 7.144140445481811e-07
552 848 0 1.1175553983947361e-06 5.7812385731054245e-07
560 848 0 8.891784830110294e-07 4.6696211103057082e-07
568 848 0 7.0630952962547863e-07 3.7642769583265847e-07
576 848 0 5.6007486006792824e-07 3.0279831746772018e-07
584 848 0 4.4328372078060945e-07 2.4300748708200506e-07
592 848 0 3.5012916921555959e-07 1.9453563000877258e-07
600 848 0 2.7593362781689179e-07 1.5531555229652644e-07
608 848 0 2.1693517650170707e-07 1.2365191442057241e-07
616 848 0 1.7011039810466804e-07 9.8153826498451994e-08
624 848 0 1.3302935883418271e-07 7.767927271175911e-08
632 848 0 1.0373821459098093e-07 6.1289827413920751e-08
640 848 0 8.0665032343516195e-08 4.8214040468273242e-08
648 848 0 6.2544698329946092e-08 3.7817920097719626e-08
656 848 0 4.8359211714824942e-08 2.9581090687410946e-08
664 848 0 3.729017718956543e-08 2.3077410105770116e-08
672 848 0 2.8680855081247692e-08 1.7959059479133211e-08
680 848 0 2.2005653611155041e-08 1.3943339179649402e-08
688 848 0 1.6845419684503972e-08 1.0801598853702836e-08
696 848 0 1.286728181963937e-08 8.3498866859298089e-09
704 848 0 9.8081149598189634e-09 6.4410214972847249e-09
712 848 0 7.4609357904612898e-09 4.9578739260366463e-09
720 848 0 5.6637093287219511e-09 3.8076962511112196e-09
728 848 0 4.2901666639615912e-09 2.9173720270106003e-09
736 848 0 3.2423139024183847e-09 2.2294739966656504e-09
744 848 0 2.4443661990215809e-09 1.6990279441434101e-09
752 848 0 1.8378783119512475e-09 1.2908858520312468e-09
760 848 0 1.377871636527375e-09 9.776169085359822e-10
768 848 0 1.0297817943846127e-09 7.3783111689233553e-10
776 848 0 7.6707308449504761e-10 5.548579732570022e-10
784 848 0 5.6938744500979633e-10 4.1571168356301674e-10
792 848 0 4.2111609739948073e-10 3.1028411272395993e-10
800 848 0 3.1030135958965882e-10 2.3071643205819026e-10
808 848 0 2.2779372057998112e-10 1.7090965813750955e-10
816 848 0 1.6660475559518774e-10 1.2614252790763216e-10
824 848 0 1.214096061597646e-10 9.2772190270659459e-11
832 848 0 8.8163534755762013e-11 6.7998945424114399e-11
840 848 0 6.3805639924196303e-11 4.9680794397119146e-11
848 848 0 4.6029450545658125e-11 3.6187021146553288e-11
856 848 0 3.3105130292190762e-11 2.6282607221691362e-11
864 848 0 2.3741745809732914e-11 1.9037168782984788e-11
872 848 0 1.6980789705515837e-11 1.3753484305261001e-11
880 848 0 1.2114160479168275e-11 9.9116950665670696e-12
888 848 0 8.6212914744257201e-12 7.1260220177640606e-12
896 848 0 6.1212435337389316e-12 5.1114324650320507e-12
904 848 0 4.3364406774811113e-12 3.6581622700604457e-12
912 848 0 3.0654091415484124e-12 2.6123880680745002e-12
920 848 0 2.1624262900555196e-12 1.8616696709297123e-12
928 848 0 1.522428780871918e-12 1.324057180120114e-12
936 848 0 1.0698895392987143e-12 9.3998751913599618e-13
944 848 0 7.5066488849206688e-13 6.6628608799509046e-13
952 848 0 5.2604744187503965e-13 4.7174531129556899e-13
960 848 0 3.6844611170900302e-13 3.3387719837356403e-13
968 848 0 2.5825982089042404e-13 2.3653595928498833e-13
976 848 0 1.81623451151451e-13 1.681835198619044e-13
984 848 0 1.2878971284119482e-13 1.206295593278072e-13
992 848 0 9.2974679998207125e-14 8.8122195268669007e-14
1000 848 0 6.9542564023048918e-14 6.6698921283342903e-14
1008 848 0 5.5440933876712095e-14 5.3732592756268254e-14
1016 848 0 4.8824293595700851e-14 4.7626374332493447e-14
0 856 0 0.0026727164876048223 0.00057153110177877954
8 856 0 0.0026957748904226034 0.000576711824574732
16 856 0 0.0027404773150829804 0.00058676876494261152
24 856 0 0.0028040771212956093 0.0006011106349935267
32 856 0 0.0028826545488566443 0.00061889369845140102
40 856 0 0.002971342953807278 0.00063907055630866953
48 856 0 0.003064607974587354 0.00066045029682450674
56 856 0 0.0031565620621984707 0.00068176617949892689
64 856 0 0.0032412945077626466 0.00070174651937120972
72 856 0 0.0033131961058060376 0.00071918422247364919
80 856 0 0.0033672580367277438 0.00073300052765386779
88 856 0 0.0033993264715996402 0.00074229894384430324
96 856 0 0.0034062977086848014 0.00074640611656032326
104 856 0 0.003386243123511531 0.00074489736329549352
112 856 0 0.0033384585072762248 0.00073760580525710417
120 856 0 0.0032634380365525284 0.00072461528963286637
128 856 0 0.0031627786591607895 0.00070623852607101714
136 856 0 0.0030390255938109009 0.00068298293704246614
144 856 0 0.0028954734801309098 0.00065550754229535624
152 856 0 0.0027359401487866719 0.0006245746881553332
160 856 0 0.0025645308295944727 0.00059100055545859139
168 856 0 0.0023854098734117637 0.00055560813958618416
176 856 0 0.0022025948962796421 0.0005191858370344059
184 856 0 0.002019784971649112 0.00048245397354559991
192 856 0 0.0018402305090174076 0.00044604066985260522
200 856 0 0.0016666482206845424 0.0004104674720281495
208 856 0 0.0015011805357871882 0.00037614427816356263
216 856 0 0.0013453953509265457 0.00034337235741322813
224 856 0 0.0012003193846310649 0.00031235373993207722
232 856 0 0.0010664967782155149 0.00028320498371913589
240 856 0 0.00094406397930376317 0.0002559732920281013
248 856 0 0.00083283226249965226 0.00023065313070764484
256 856 0 0.00073237030252235556 0.00020720182671680532
264 856 0 0.00064208078315991946 0.00018555305469304326
272 856 0 0.00056126684809598162 0.00016562757421479508
280 856 0 0.00048918604035637814 0.00014734100968499906
288 856 0 0.00042509104063948234 0.00013060882398117343
296 856 0 0.00036825786346595768 0.0001153488989412754
304 856 0 0.00031800312953377539 0.00010148229010039988
312 856 0 0.00027369258843625786 8.8932774748980527e-05
320 856 0 0.00023474325305031341 7.7625777909676104e-05
328 856 0 0.00020062139529958834 6.7487164043644065e-05
336 856 0 0.00017083833117272659 5.8442249714630857e-05
344 856 0 0.00014494548288587769 5.0415249257172165e-05
352 856 0 0.00012252973122794865 4.3329232558819795e-05
360 856 0 0.00010320962760967959 3.7106566064745621e-05
368 856 0 8.6632668049325338e-05 3.1669732999759832e-05
376 856 0 7.2473563488693256e-05 2.6942388268385678e-05
384 856 0 6.0433276579715276e-05 2.2850494197747978e-05
392 856 0 5.0238523963399479e-05 1.9323398507732792e-05
400 856 0 4.1641445359822009e-05 1.6294747259433283e-05
408 856 0 3.441919270139525e-05 1.3703164587540903e-05
416 856 0 2.8373270566856315e-05 1.149267040985307e-05
424 856 0 2.3328543246296876e-05 9.6128415210007258e-06
432 856 0 1.9131899065796323e-05 8.0187471575113841e-06
440 856 0 1.5650620100753909e-05 6.6707059696027489e-06
448 856 0 1.277054145958593e-05 5.5339177590038297e-06
456 856 0 1.0394099570714633e-05 4.5780219448171632e-06
464 856 0 8.4383669135743977e-06 3.7766277523843364e-06
472 856 0 6.8331564643100468e-06 3.1068509877598453e-06
480 856 0 5.5192581440672473e-06 2.548881136659646e-06
488 856 0 4.4468465369195811e-06 2.0855921099697215e-06
496 856 0 3.5740777373950369e-06 1.7022013630482813e-06
504 856 0 2.865875722130575e-06 1.3859758825131414e-06
512 856 0 2.2928961807784646e-06 1.1259797157053088e-06
520 856 0 1.8306483219118593e-06 9.1285601809593992e-07
528 856 0 1.4587521107954591e-06 7.3863651347670676e-07
536 856 0 1.1603086301855774e-06 5.9657223311764875e-07
544 856 0 9.213636092091246e-07 4.8098089088021129e-07
552 856 0 7.3044756653138632e-07 3.8710783186334976e-07
560 856 0 5.7817961633931768e-07 3.1099886667171172e-07
568 856 0 4.5692521859222317e-07 2.4938431103325546e-07
576 856 0 3.6050071421826575e-07 1.9957414584966249e-07
584 856 0 2.8391928609992355e-07 1.593644346806859e-07
592 856 0 2.2317409615490855e-07 1.2695507306065104e-07
600 856 0 1.7505492285378643e-07 1.0087870496310536e-07
608 856 0 1.3699484707098424e-07 7.9940329430722834e-08
616 856 0 1.0694358009860372e-07 6.316681800606432e-08
624 856 0 8.3264031818249368e-08 4.9765327015933342e-08
632 856 0 6.4648768412579006e-08 3.9089446178401924e-08
640 856 0 5.0053151245130213e-08 3.0611881098385982e-08
648 856 0 3.864218858204674e-08 2.3902509747899352e-08
656 856 0 2.9748451726691543e-08 1.8610759988133399e-08
664 856 0 2.2838775949352014e-08 1.4451401240213416e-08
672 856 0 1.7487850330703771e-08 1.1193004750543921e-08
680 856 0 1.3357169269349881e-08 8.6484843418051602e-09
688 856 0 1.0178149788512721e-08 6.6672698959912506e-09
696 856 0 7.7384999327763651e-09 5.1287818868630045e-09
704 856 0 5.8711499831157969e-09 3.9369649767031665e-09
712 856 0 4.4452321210720082e-09 3.0157036693892816e-09
720 856 0 3.3587221273788536e-09 2.3049872013430976e-09
728 856 0 2.5324475004482549e-09 1.7577191635133363e-09
736 856 0 1.9052292329853442e-09 1.3370846694330405e-09
744 856 0 1.4299677622590873e-09 1.0143984367624937e-09
752 856 0 1.0705141469591527e-09 7.6736416499209481e-10
760 856 0 7.9919038209175267e-10 5.7868125443562234e-10
768 856 0 5.9484132199834043e-10 4.3494047238627232e-10
776 856 0 4.4131692661571347e-10 3.2575615787933414e-10
784 856 0 3.2629844032789008e-10 2.4308900468190625e-10
792 856 0 2.4039595896965624e-10 1.8072013842982449e-10
800 856 0 1.7645758696066199e-10 1.3384377262899683e-10
808 856 0 1.2904185120850549e-10 9.8751869371475628e-11
816 856 0 9.4015051083721504e-11 7.2589704511466234e-11
824 856 0 6.8243697723517017e-11 5.3165908436247583e-11
832 856 0 4.9359148125285051e-11 3.8804386630476962e-11
840 856 0 3.557707836657426e-11 2.8228561557622044e-11
848 856 0 2.5558737668416214e-11 2.0470712877241912e-11
856 856 0 1.8304184459654633e-11 1.4800945832536128e-11
864 856 0 1.3070134652240716e-11 1.0671611157492198e-11
872 856 0 9.3068424248877572e-12 7.6739472806280796e-12
880 856 0 6.6097484423761183e-12 5.5044120367921571e-12
888 856 0 4.6826006711467171e-12 3.938690803279003e-12
896 856 0 3.3094782065002695e-12 2.8117653272386621e-12
904 856 0 2.3337006406748755e-12 2.0027400368062358e-12
912 856 0 1.6420342616301136e-12 1.4233748799182988e-12
920 856 0 1.1529451948777674e-12 1.0094810951777522e-12
928 856 0 8.0792054496736002e-13 7.1450823590455797e-13
936 856 0 5.6509633835011851e-13 5.0479320094859576e-13
944 856 0 3.9460578200953786e-13 3.5605910648252902e-13
952 856 0 2.7520057560642129e-13 2.5084686626861835e-13
960 856 0 1.9180779394697686e-13 1.7663831776202617e-13
968 856 0 1.337703316229278e-13 1.2448948926749624e-13
976 856 0 9.3584572367990663e-14 8.8038878783460335e-14
984 856 0 6.599876030395855e-14 6.2790952537236272e-14
992 856 0 4.7372923431307297e-14 4.5601756566899827e-14
1000 856 0 3.5229018517324738e-14 3.431354550572418e-14
1008 856 0 2.7940612577460997e-14 2.7500321299251098e-14
1016 856 0 2.452681088686168e-14 2.4297482708839171e-14
0 864 0 0.0021745448712388775 0.00049817161636594477
8 864 0 0.0021931422589632041 0.00050263263145939934
16 864 0 0.0022291882279551556 0.00051128908712782476
24 864 0 0.0022804518430277112 0.00052362527826789809
32 864 0 0.0023437492563937968 0.00053890529246284746
40 864 0 0.0024151274171001456 0.00055621553670713239
48 864 0 0.0024900907875507802 0.00057451718703657381
56 864 0 0.0025638568273450954 0.00059270523485337526
64 864 0 0.0026316241418375872 0.00060967036592505944
72 864 0 0.0026888363867432529 0.00062435971906278469
80 864 0 0.0027314253778896172 0.00063583265883812665
88 864 0 0.0027560184031103717 0.0006433080684892685
96 864 0 0.0027600973993411686 0.00064620030934363273
104 864 0 0.002742101264408517 0.00064414185910301397
112 864 0 0.0027014668419188407 0.00063699166535738415
120 864 0 0.0026386086918519492 0.0006248293447005792
128 864 0 0.002554842236789551 0.00060793642237123857
136 864 0 0.0024522588509723275 0.00058676674283857349
144 864 0 0.0023335645795332762 0.00056190890059763365
152 864 0 0.0022018961706455186 0.00053404397814115325
160 864 0 0.002060628828110745 0.00050390200148372772
168 864 0 0.0019131895384973095 0.00047222033491445422
176 864 0 0.0017628881238103101 0.00043970677246933198
184 864 0 0.0016127755622606912 0.00040700940938842079
192 864 0 0.0014655359315769625 0.00037469457744044514
200 864 0 0.001323414924498654 0.0003432332961858884
208 864 0 0.00118818461920076 0.00031299591658642822
216 864 0 0.0010611413632376681 0.00028425398768887767
224 864 0 0.00094313147187761429 0.0002571879127534506
232 864 0 0.0008345980752478831 0.00023189870296763183
240 864 0 0.00073564189631884357 0.0002084220829849196
248 864 0 0.00064608893449712374 0.00018674332800252852
256 864 0 0.00056555882755858879 0.00016681147496376678
264 864 0 0.00049352888385553891 0.00014855189930438055
272 864 0 0.00042939021775221484 0.00013187663034376678
280 864 0 0.00037249389534048898 0.00011669214501588916
288 864 0 0.00032218634714200342 0.00010290469349747891
296 864 0 0.00027783441646781631 9.0423446998141367e-05
304 864 0 0.00023884122252533968 7.9161907008435707e-05
312 864 0 0.00020465450966792288 6.9038078768334979e-05
320 864 0 0.00017476935140352845 5.9973901646784961e-05
328 864 0 0.00014872703135867117 5.1894363940917172e-05
336 864 0 0.00012611170071374366 4.4726630458982931e-05
344 864 0 0.00010654608417310273 3.8399398712774964e-05
352 864 0 8.9687140163217184e-05 3.2842591064731469e-05
360 864 0 7.5222229099162715e-05 2.7987398510516878e-05
368 864 0 6.2866043651198356e-05 2.3766624398126982e-05
376 864 0 5.2358327764967601e-05 2.0115235723725654e-05
384 864 0 4.3462262592637066e-05 1.697101398707821e-05
392 864 0 3.5963321645759331e-05 1.4275202317640148e-05
400 864 0 2.9668380834160158e-05 1.1973064525661851e-05
408 864 0 2.4404894296217468e-05 1.0014298405177781e-05
416 864 0 2.0019996376106661e-05 8.3532741907496537e-06
424 864 0 1.6379448229805293e-05 6.949095016491583e-06
432 864 0 1.3366402465752418e-05 5.7654966000439047e-06
440 864 0 1.0880003292407311e-05 4.7706168083465979e-06
448 864 0 8.8338692263083524e-06 3.9366722332775773e-06
456 864 0 7.1545201989477008e-06 3.2395793717669325e-06
464 864 0 5.7798129134268418e-06 2.6585540001475559e-06
472 864 0 4.6574408781606041e-06 2.1757155861494426e-06
480 864 0 3.743542425637382e-06 1.7757157184298653e-06
488 864 0 3.0014446674423673e-06 1.4454018694772138e-06
496 864 0 2.400556485285838e-06 1.1735212521091989e-06
504 864 0 1.9154111497459074e-06 9.5046457238466759e-07
512 864 0 1.5248499342471442e-06 7.6804624653132041e-07
520 864 0 1.2113323356935925e-06 6.1931598621826675e-07
528 864 0 9.6035586518553329e-07 4.9839624560992577e-07
536 864 0 7.5996815553382624e-07 4.0034047465175116e-07
544 864 0 6.0035555567572681e-07 3.2100805353339779e-07
552 864 0 4.7349469428251235e-07 2.5695287224887397e-07
560 864 0 3.7285608183373494e-07 2.0532353450558274e-07
568 864 0 2.9315124957028736e-07 1.6377396902193581e-07
576 864 0 2.3011694510796582e-07 1.3038376911029994e-07
584 864 0 1.8033142362696879e-07 1.0358786247295476e-07
592 864 0 1.4105890948519927e-07 8.2115186669709277e-08
600 864 0 1.1011894339479589e-07 6.4935979458990541e-08
608 864 0 8.5777691243503145e-08 5.1217155827481092e-08
616 864 0 6.665848721752626e-08 4.0285092881077461e-08
624 864 0 5.1669010894034568e-08 3.15950209242148e-08
632 864 0 3.9942621448832373e-08 2.4706146963746633e-08
640 864 0 3.0791528732405716e-08 1.9261622512724497e-08
648 864 0 2.3669682631277993e-08 1.4972505950768747e-08
656 864 0 1.814350321757299e-08 1.1604948509118553e-08
664 864 0 1.3868839099313152e-08 8.9699368500388617e-09
672 864 0 1.0572811124018674e-08 6.915039206685097e-09
680 864 0 8.0394555676050675e-09 5.3177137017448132e-09
688 864 0 6.0983118159667418e-09 4.0798379725459793e-09
696 864 0 4.6152963329309631e-09 3.1232035998454021e-09
704 864 0 3.485364587842739e-09 2.3857853952730579e-09
712 864 0 2.6265869428982855e-09 1.8186451781737227e-09
720 864 0 1.9753574526683255e-09 1.3833646747105281e-09
728 864 0 1.4825217577290788e-09 1.0499257427191761e-09
736 864 0 1.1102577548989201e-09 7.9497147808642412e-10
744 864 0 8.2957602798382309e-10 6.0039173427526416e-10
752 864 0 6.1833072213667936e-10 4.5218342482247333e-10
760 864 0 4.596491284825197e-10 3.3954125360923296e-10
768 864 0 3.4070212561768872e-10 2.541391963806517e-10
776 864 0 2.5174930484782466e-10 1.8956762176788881e-10
784 864 0 1.8540290582205064e-10 1.4089553450583945e-10
792 864 0 1.3606396907224182e-10 1.0433198989741442e-10
800 864 0 9.9492467723690449e-11 7.6965119236971542e-11
808 864 0 7.2480589522304304e-11 5.6561261686201191e-11
816 864 0 5.2604756710516245e-11 4.1410294373205259e-11
824 864 0 3.8037378850323139e-11 3.0206318873193877e-11
832 864 0 2.7403764618697909e-11 2.1955383506587141e-11
840 864 0 1.9673151510682106e-11 1.5903926855892154e-11
848 864 0 1.4075559136525839e-11 1.1483178531890375e-11
856 864 0 1.0038260779670527e-11 8.2659236799841066e-12
864 864 0 7.1372287074609045e-12 5.9329059447798115e-12
872 864 0 5.06006082737892e-12 4.2467815975088373e-12
880 864 0 3.5777420756586317e-12 3.0320063667174866e-12
888 864 0 2.5232161118622664e-12 2.1593845592844507e-12
896 864 0 1.7752048522183234e-12 1.5342733542819461e-12
904 864 0 1.2460615047756278e-12 1.0876391358992477e-12
912 864 0 8.7270973398704712e-13 7.6932452764306651e-13
920 864 0 6.0992968953141233e-13 5.4301550534635504e-13
928 864 0 4.2541586441148293e-13 3.8250468055587709e-13
936 864 0 2.9616218937185558e-13 2.6893414897826293e-13
944 864 0 2.0583341482944162e-13 1.8877236718009623e-13
952 864 0 1.4286378348263342e-13 1.3233679212378787e-13
960 864 0 9.9088231033024009e-14 9.2719562913952849e-14
968 864 0 6.8761137471194248e-14 6.5009194151733557e-14
976 864 0 4.7855764523782237e-14 4.5728807844208426e-14
984 864 0 3.356633880681635e-14 3.24324214971422e-14
992 864 0 2.3956303792253928e-14 2.3416619639053369e-14
1000 864 0 1.7712265083703936e-14 1.7516753433620802e-14
1008 864 0 1.3974985070424211e-14 1.3965627507036785e-14
1016 864 0 1.2227564194336449e-14 1.2299246692525231e-14
0 872 0 0.001747368656412233 0.00042717621482664457
8 872 0 0.0017621848727730784 0.00043095738619012571
16 872 0 0.0017908961456070353 0.00043829208234812036
24 872 0 0.0018317136035597311 0.00044873823946798013
32 872 0 0.0018820842453228829 0.00046166501107091393
40 872 0 0.0019388382114866956 0.00047628920561345006
48 872 0 0.0019983705500293859 0.00049172023752139422
56 872 0 0.0020568460765571085 0.00050701075078798691
64 872 0 0.0021104144417554856 0.00052120970008210157
72 872 0 0.0021554218747855355 0.00053341451195771739
80 872 0 0.0021886063565957781 0.00054281902129383903
88 872 0 0.0022072642109114871 0.00054875419219888467
96 872 0 0.0022093782247443036 0.00055071917459686504
104 872 0 0.0021937002827813229 0.00054840098162719413
112 872 0 0.0021597849002639017 0.00054168194165493894
120 872 0 0.0021079736838583818 0.0005306350079935674
128 872 0 0.0020393343211365534 0.00051550791565299755
136 872 0 0.0019555608773768659 0.00049669797359546157
144 872 0 0.0018588446804395113 0.0004747198990937649
152 872 0 0.0017517266876117576 0.00045016948303376104
160 872 0 0.0016369428354194328 0.00042368599269131221
168 872 0 0.0015172734660441462 0.00039591607245316332
176 872 0 0.0013954066010221167 0.00036748152278819339
184 872 0 0.0012738227848532531 0.00033895277740743812
192 872 0 0.0011547067031734012 0.00031082922840356135
200 872 0 0.0010398880779009 0.00028352684659775401
208 872 0 0.00093081173550055242 0.00025737288370020759
216 872 0 0.00082853447651228386 0.0002326068867253842
224 872 0 0.00073374462432647576 0.00020938684755113853
232 872 0 0.00064679900135367616 0.00018779907389420694
240 872 0 0.00056777159376004646 0.00016787030255879711
248 872 0 0.00049650827198550269 0.00014958066251162104
256 872 0 0.0004326825269415351 0.00013287630061705369
264 872 0 0.00037584811894318719 0.00011768076491235172
272 872 0 0.0003254856623770822 0.00010390455537513264
280 872 0 0.00028104133510518795 9.1452560235301026e-05
288 872 0 0.0002419569821043841 8.0229365037619321e-05
296 872 0 0.0002076917860201167 7.0142630447699614e-05
304 872 0 0.00017773634946774923 6.1104873057590446e-05
312 872 0 0.00015162045825697375 5.3034051410949127e-05
320 872 0 0.00012891598574736265 4.5853365656165797e-05
328 872 0 0.00010923639365028982 3.9490637708381344e-05
336 872 0 9.223413450003837e-05 3.387756621370529e-05
344 872 0 7.7597020636680254e-05 2.8949063536422471e-05
352 872 0 6.5044345332632752e-05 2.4642794830584432e-05
360 872 0 5.4323266217874935e-05 2.089896288128778e-05
368 872 0 4.5205720077385385e-05 1.766032357381297e-05
376 872 0 3.7485949426570245e-05 1.4872378338397357e-05
384 872 0 3.0978591476518372e-05 1.2483671116118694e-05
392 872 0 2.5517206402429548e-05 1.0446115243329783e-05
400 872 0 2.0953095137450554e-05 8.7152856967096036e-06
408 872 0 1.7154264814931802e-05 7.2506294812856663e-06
416 872 0 1.4004429343157474e-05 6.0155670329491871e-06
424 872 0 1.1401971547611064e-05 4.977476682194229e-06
432 872 0 9.2588324879989161e-06 4.107569977753502e-06
440 872 0 7.4993266160591774e-06 3.3806766763481333e-06
448 872 0 6.0589050349650703e-06 2.774964191343282e-06
456 872 0 4.8829024260738447e-06 2.271617772873856e-06
464 872 0 3.9253072407663204e-06 1.8545056726605214e-06
472 872 0 3.1475916339601201e-06 1.5098492442004841e-06
480 872 0 2.51762989280747e-06 1.225912532829912e-06
488 872 0 2.0087242474932916e-06 9.9272041994907574e-07
496 872 0 1.5987469623785426e-06 8.0180952290729544e-07
504 872 0 1.2693989114117519e-06 6.4601223833415552e-07
512 872 0 1.0055782312371407e-06 5.1927170301000346e-07
520 872 0 7.9484836245871989e-07 4.1648397323487265e-07
528 872 0 6.2699267069673074e-07 3.3336319448880255e-07
536 872 0 4.9364247009293585e-07 2.6632568544089038e-07
544 872 0 3.8796613115607195e-07 2.1238942451965486e-07
552 872 0 3.0440852603946121e-07 1.6908616824305114e-07
560 872 0 2.3847191098519915e-07 1.343841708485358e-07
568 872 0 1.8653114802626525e-07 1.0662010154402211e-07
576 872 0 1.4567772966157224e-07 8.4439215446393581e-08
584 872 0 1.1358830318238897e-07 6.6743120444579817e-08
592 872 0 8.8414289837235373e-08 5.2644619647963899e-08
600 872 0 6.868980461291077e-08 4.142913878188512e-08
608 872 0 5.3255476682215796e-08 3.2522214561287349e-08
616 872 0 4.1196023930566712e-08 2.5462463286959548e-08
624 872 0 3.1789612668460122e-08 1.9879398225574446e-08
632 872 0 2.446718370441599e-08 1.5475437744416383e-08
640 872 0 1.8780077737620929e-08 1.2011450994784787e-08
648 872 0 1.4374459440994639e-08 9.2952231902833541e-09
656 872 0 1.0971221362492348e-08 7.1722818550806419e-09
664 872 0 8.3502391686589791e-09 5.5185999306541731e-09
672 872 0 6.3380389364889091e-09 4.2347721875297648e-09
680 872 0 4.7981154021403982e-09 3.2413401654646692e-09
688 872 0 3.6232996391775167e-09 2.4750121767892252e-09
696 872 0 2.7297109148341744e-09 1.8855854180967887e-09
704 872 0 2.0519388598875073e-09 1.4334257279552317e-09
712 872 0 1.5391895224953258e-09 1.0873974204029597e-09
720 872 0 1.1521950555052448e-09 8.2316239716308071e-10
728 872 0 8.6073535458896026e-10 6.2178640314011851e-10
736 872 0 6.4165481392767634e-10 4.6860294097124371e-10
744 872 0 4.7728212825589051e-10 3.5229389972793258e-10
752 872 0 3.5417880881482842e-10 2.6415191332185094e-10
760 872 0 2.6215516767559094e-10 1.9749396080692877e-10
768 872 0 1.935026490732819e-10 1.4719947654440683e-10
776 872 0 1.4239964946010525e-10 1.0934965538771941e-10
784 872 0 1.044550184960198e-10 8.0947887326030838e-11
792 872 0 7.6359606079827053e-11 5.970436299241477e-11
800 872 0 5.5621659315753069e-11 4.387080840793738e-11
808 872 0 4.0366624270729534e-11 3.211396525157477e-11
816 872 0 2.9185983258411481e-11 2.3418773452104764e-11
824 872 0 2.1023175232987782e-11 1.7014203617335358e-11
832 872 0 1.5087440087450089e-11 1.2316324531247821e-11
840 872 0 1.0788654204748525e-11 8.8844973059335806e-12
848 872 0 7.6879576343158415e-12 6.3876015022099972e-12
856 872 0 5.4602936946174853e-12 4.5779670850530415e-12
864 872 0 3.8659702331696054e-12 3.2712584742912991e-12
872 872 0 2.7290822057642852e-12 2.3309786216146347e-12
880 872 0 1.921171236652307e-12 1.6565708390063247e-12
888 872 0 1.3488909993431773e-12 1.1743251125190891e-12
896 872 0 9.4473748992322806e-13 8.3046736229509537e-13
904 872 0 6.6012005489105923e-13 5.8594144988456858e-13
912 872 0 4.6021341796592958e-13 4.1249631602111753e-13
920 872 0 3.2015749298010582e-13 2.8977219655130651e-13
928 872 0 2.2227038731361488e-13 2.0314547709786805e-13
936 872 0 1.5401743276307825e-13 1.4214475660877733e-13
944 872 0 1.0654000227796926e-13 9.9293412551472366e-14
952 872 0 7.3595656589776845e-14 6.9268126892856578e-14
960 872 0 5.07983826217893e-14 4.8289848411234708e-14
968 872 0 3.5076389317770945e-14 3.3684748153423303e-14
976 872 0 2.4286815223389725e-14 2.3568949300392513e-14
984 872 0 1.6943202222674042e-14 1.6623136584142308e-14
992 872 0 1.2023896872321354e-14 1.1932406919932574e-14
1000 872 0 8.8386449032254261e-15 8.8736201804785096e-15
1008 872 0 6.937351875837018e-15 7.0376331945871932e-15
1016 872 0 6.0499390992225326e-15 6.1776250951139165e-15
0 880 0 0.0013868404562187098 0.00036052820019352315
8 880 0 0.0013985006541439569 0.0003636842186291215
16 880 0 0.0014210917990649073 0.00036980434654212795
24 880 0 0.0014531976913142231 0.00037851591224550792
32 880 0 0.0014927971643234762 0.00038928708099940671
40 880 0 0.0015373806504161054 0.00040145756107059019
48 880 0 0.0015840940583506853 0.00041427649167870067
56 880 0 0.001629900951415383 0.00042694512514172551
64 880 0 0.0016717528405961754 0.00043866160115931018
72 880 0 0.001706756900438927 0.00044866497434660848
80 880 0 0.001732330640711591 0.00045627571588418713
88 880 0 0.0017463340390859881 0.00046093017182549894
96 880 0 0.0017471713120944328 0.00046220691264987077
104 880 0 0.0017338567616781288 0.00045984352110319416
112 880 0 0.0017060418095262416 0.00045374309073766017
120 880 0 0.0016640031994742527 0.00044397048438412907
128 880 0 0.0016085951604879159 0.00043073916064863748
136 880 0 0.0015411708295974772 0.00041439004777938868
144 880 0 0.0014634802140663012 0.00039536446637321006
152 880 0 0.0013775532580196988 0.00037417342959205875
160 880 0 0.0012855770779352097 0.0003513657574842231
168 880 0 0.001189776135487642 0.00032749733055650421
176 880 0 0.0010923031004179439 0.00030310350060417279
184 880 0 0.00099514656711287112 0.00027867621774038199
192 880 0 0.00090005982401111296 0.00025464687916228819
200 880 0 0.00080851275685871475 0.00023137532104218527
208 880 0 0.0007216669139891201 0.00020914482151143231
216 880 0 0.00064037196440417082 0.00018816251210811304
224 880 0 0.00056518037972164571 0.00016856424460483005
232 880 0 0.00049637625193284121 0.00015042274942083495
240 880 0 0.00043401374133361268 0.00013375785242643377
248 880 0 0.00037796069749203651 0.00011854757449346619
256 880 0 0.00032794343073728202 0.00010473909620425307
264 880 0 0.00028358932379460696 9.2258795148580236e-05
272 880 0 0.000244464842698109 8.1020819678973195e-05
280 880 0 0.00021010741714501397 7.0933917960173986e-05
288 880 0 0.000180050514189905 6.1906467914479109e-05
296 880 0 0.00015384195219543239 5.3849833824684313e-05
304 880 0 0.00013105604994751173 4.6680299520237504e-05
312 880 0 0.00011130056298847558 4.0319895268498175e-05
320 880 0 9.4219534148346553e-05 3.4696451599016098e-05
328 880 0 7.9493204768708343e-05 2.974318888158148e-05
336 880 0 6.6836034986449144e-05 2.5398099513589226e-05
344 880 0 5.5993707398664593e-05 2.1603313238015661e-05
352 880 0 4.6739778211066999e-05 1.8304567121565752e-05
360 880 0 3.8872427047292632e-05 1.5450839170582303e-05
368 880 0 3.2211565676828987e-05 1.2994154400556398e-05
376 880 0 2.6596412209718373e-05 1.0889537216851872e-05
384 880 0 2.1883527164711346e-05 9.0950643118070261e-06
392 880 0 1.7945240388569011e-05 7.5719660138605371e-06
400 880 0 1.4668367159298999e-05 6.2847279781515552e-06
408 880 0 1.1953109170508695e-05 5.2011556444231072e-06
416 880 0 9.7120518327729382e-06 4.2923775103845357e-06
424 880 0 7.8691944833381935e-06 3.5327770642728701e-06
432 880 0 6.3589773874964772e-06 2.8998551005024389e-06
440 880 0 5.1252937150441415e-06 2.374032901015036e-06
448 880 0 4.1204930386382378e-06 1.9384119963268326e-06
456 880 0 3.3043942811397456e-06 1.5785081449340992e-06
464 880 0 2.6433308201880605e-06 1.2819764205782598e-06
472 880 0 2.1092499271817419e-06 1.0383417067783781e-06
480 880 0 1.6788845725638945e-06 8.3874532024357553e-07
488 880 0 1.3330095845269132e-06 6.7571466296637838e-07
496 880 0 1.055787666517945e-06 5.4295929586059751e-07
504 880 0 8.342049280198989e-07 4.3519398339185297e-07
512 880 0 6.5759100069562361e-07 3.479872305415171e-07
520 880 0 5.1721574835837154e-07 2.7763261410034835e-07
528 880 0 4.0595298565297752e-07 2.2103968504375322e-07
536 880 0 3.1800125458337452e-07 1.7564121550956133e-07
544 880 0 2.4865223468714679e-07 1.3931389646892516e-07
552 880 0 1.9409843422228525e-07 1.1031009181717596e-07
560 880 0 1.5127312215868924e-07 8.7198788826509905e-08
568 880 0 1.1771678341703197e-07 6.8814364609233272e-08
576 880 0 9.1465563710899224e-08 5.4212165950673012e-08
584 880 0 7.0958141033336544e-08 4.2630162149052425e-08
592 880 0 5.4958202086076791e-08 3.3456087751158582e-08
600 880 0 4.2490236452304557e-08 2.6199568160606213e-08
608 880 0 3.2786732202623127e-08 2.0468744479592669e-08
616 880 0 2.5245112701557253e-08 1.5950911229009459e-08
624 880 0 1.93929399888962e-08 1.2396672679563922e-08
632 880 0 1.4860059606361649e-08 9.6071240980543416e-09
640 880 0 1.1356497784345507e-08 7.4235799532754219e-09
648 880 0 8.6550563888365278e-09 5.719403052158111e-09
656 880 0 6.5776875091039034e-09 4.3935338533884443e-09
664 880 0 4.9848661935684855e-09 3.3653729750904936e-09
672 880 0 3.767312108865305e-09 2.570726827623604e-09
680 880 0 2.8395337931502046e-09 1.9585816089901936e-09
688 880 0 2.1347785867708598e-09 1.4885210524066568e-09
696 880 0 1.6010647369333522e-09 1.1286461779008222e-09
704 880 0 1.1980488065561436e-09 8.5389005333136368e-10
712 880 0 8.9454208367441399e-10 6.4464743882091185e-10
720 880 0 6.6653596163155663e-10 4.8565909387368819e-10
728 880 0 4.9563060280505048e-10 3.6510475178390978e-10
736 880 0 3.677861339921337e-10 2.7386867993554264e-10
744 880 0 2.7233352164783492e-10 2.0494860660805559e-10
752 880 0 2.0119516505394043e-10 1.5298364376088799e-10
760 880 0 1.4827471926647793e-10 1.1388044840911301e-10
768 880 0 1.0898288017076688e-10 8.4519768902515018e-11
776 880 0 7.987161673752122e-11 6.2528032722584029e-11
784 880 0 5.8354109409630991e-11 4.6100909086388807e-11
792 880 0 4.2491725959623215e-11 3.3867880120203837e-11
800 880 0 3.083287977226298e-11 2.4788779543490089e-11
808 880 0 2.2291638174220984e-11 1.8074986096508549e-11
816 880 0 1.6056515122769589e-11 1.3129468135641892e-11
824 880 0 1.1522020766390299e-11 9.5011544665974827e-12
832 880 0 8.237282549700881e-12 6.8501575377492077e-12
840 880 0 5.8674396188439095e-12 4.9212145859046154e-12
848 880 0 4.1645921751333657e-12 3.5233654591824758e-12
856 880 0 2.945911079512499e-12 2.5143826151049864e-12
864 880 0 2.077130326566486e-12 1.7888399066031193e-12
872 880 0 1.4601015171481792e-12 1.2689806886161061e-12
880 880 0 1.0234242718528202e-12 8.9774696479948673e-13
888 880 0 7.1541150638152196e-13 6.3347949296165533e-13
896 880 0 4.9882840994351562e-13 4.4590907997971245e-13
904 880 0 3.4697731736150017e-13 3.1314273752955907e-13
912 880 0 2.4080076178166743e-13 2.1941265618426215e-13
920 880 0 1.6675116534919139e-13 1.5340632763091443e-13
928 880 0 1.1523428629622535e-13 1.0703610101738953e-13
936 880 0 7.947908796119224e-14 7.4538344801886007e-14
944 880 0 5.4722179055234928e-14 5.1817823222734329e-14
952 880 0 3.7622578980261606e-14 3.5973077609515239e-14
960 880 0 2.5843919403107384e-14 2.4954463218681916e-14
968 880 0 1.775757830191907e-14 1.7318811015851874e-14
976 880 0 1.2232684996797739e-14 1.2054130226591986e-14
984 880 0 8.4882811547357298e-15 8.4549210679383124e-15
992 880 0 5.9898721860241971e-15 6.0340246862971565e-15
1000 880 0 4.3777280462313888e-15 4.4609168569940373e-15
1008 880 0 3.4180546397538643e-15 3.5192972360831537e-15
1016 880 0 2.9709251590725631e-15 3.0790139401499696e-15
0 888 0 0.0010872270155985507 0.00029961344062015907
8 888 0 0.0010962922865619632 0.0003022083675819937
16 888 0 0.0011138527711224088 0.00030723902794249853
24 888 0 0.0011388014149127281 0.000314396276401495
32 888 0 0.0011695582382700103 0.0003232389260534659
40 888 0 0.0012041614386172079 0.00033321921179889748
48 888 0 0.001240379844021803 0.00034371421432888229
56 888 0 0.0012758396824022011 0.00035406126901318187
64 888 0 0.0013081577164029028 0.00036359512419327261
72 888 0 0.0013350724002764937 0.00037168450016243334
80 888 0 0.0013545648917880114 0.00037776574892357958
88 888 0 0.0013649625092684624 0.00038137152981752571
96 888 0 0.0013650185244309374 0.00038215278766349538
104 888 0 0.0013539639381666213 0.00037989282351150741
112 888 0 0.0013315289649350249 0.00037451284459121665
120 888 0 0.0012979341801393457 0.00036606901933490706
128 888 0 0.0012538534717132742 0.0003547416887746417
136 888 0 0.0012003528893124538 0.00034081794028502344
144 888 0 0.0011388110308457042 0.00032466918322059698
152 888 0 0.0010708276171681168 0.00030672564085158197
160 888 0 0.00099812730909787286 0.00028744976883733685
168 888 0 0.00092246560883533482 0.00026731052665230715
176 888 0 0.00084554291685781267 0.00024676018356013124
184 888 0 0.00076893159714804178 0.00022621496996482935
192 888 0 0.00069401938934057664 0.00020604043467053633
200 888 0 0.00062197086658696138 0.00018654189027175337
208 888 0 0.00055370704134726054 0.00016795987264185957
216 888 0 0.00048990181537109892 0.0001504701490330719
224 888 0 0.00043099286606210332 0.00013418751365954239
232 888 0 0.00037720382529363844 0.00011917242663920277
240 888 0 0.00032857425720931807 0.00010543948412429461
248 888 0 0.00028499395378597065 9.2966743706065851e-05
256 888 0 0.00024623838156288125 8.1705049174400776e-05
264 888 0 0.00021200264792057755 7.1586675874029407e-05
272 888 0 0.00018193201895661746 6.2532823741491539e-05
280 888 0 0.00015564772419305914 5.4459692951954825e-05
288 888 0 0.00013276744923086434 4.7283064959040657e-05
296 888 0 0.00011292048813653461 4.0921464058897778e-05
304 888 0 9.5757966885679483e-05 3.5298083061832247e-05
312 888 0 8.0958843425556697e-05 3.0341719562918879e-05
320 888 0 6.8232543557487018e-05 2.5986990590859535e-05
328 888 0 5.7319123841860958e-05 2.2174080926847385e-05
336 888 0 4.7987790910641497e-05 1.8848244075807647e-05
344 888 0 4.0034482293645115e-05 1.5959225105019478e-05
352 888 0 3.327905747530831e-05 1.3460720735758689e-05
360 888 0 2.7562485378697651e-05 1.1309941668594981e-05
368 888 0 2.274426543202624e-05 9.4673002448027471e-06
376 888 0 1.8700196345098607e-05 7.8962158646197654e-06
384 888 0 1.5320515546149857e-05 6.5630116185614881e-06
392 888 0 1.2508373177523645e-05 5.4368672110453655e-06
400 888 0 1.0178573880849083e-05 4.4897932784499161e-06
408 888 0 8.2565112092449373e-06 3.6965979612637576e-06
416 888 0 6.6772264017139587e-06 3.0348254310589795e-06
424 888 0 5.3845387661407812e-06 2.4846557171974123e-06
432 888 0 4.3302134646631846e-06 2.0287639228332925e-06
440 888 0 3.4731500063362494e-06 1.6521437087078921e-06
448 888 0 2.7785887339779157e-06 1.3419043046603221e-06
456 888 0 2.21734196159894e-06 1.0870523195408056e-06
464 888 0 1.7650611865451471e-06 8.7826963364291345e-07
472 888 0 1.4015526993685005e-06 7.0769722781324143e-07
480 888 0 1.1101520436935421e-06 5.687325288703524e-07
488 888 0 8.7716431041145035e-07 4.5584527411546282e-07
496 888 0 6.91373224585716e-07 3.6441444193222904e-07
504 888 0 5.4361818831037731e-07 2.9058673970952158e-07
512 888 0 4.2643537775310839e-07 2.3115562294251523e-07
520 888 0 3.3375688657025373e-07 1.8345886178811781e-07
528 888 0 2.6066077389262948e-07 1.4529221176034804e-07
536 888 0 2.0316458045606964e-07 1.1483667412730489e-07
544 888 0 1.5805521170500193e-07 9.0597022982144868e-08
552 888 0 1.2274882302285181e-07 7.1349611199433436e-08
560 888 0 9.5175272283889443e-08 5.6097849874799798e-08
568 888 0 7.368266613061627e-08 4.4034117286415704e-08
576 888 0 5.6958409286581442e-08 3.4507154424317782e-08
584 888 0 4.3963911551696293e-08 2.6994229481640252e-08
592 888 0 3.3880696222841272e-08 2.1077505863235519e-08
600 888 0 2.6066096030849543e-08 1.6424140421455014e-08
608 888 0 2.0017043711708717e-08 1.276968849091441e-08
616 888 0 1.5340695243403507e-08 9.9044174581537464e-09
624 888 0 1.1730794376215354e-08 7.6621456126808454e-09
632 888 0 8.9488215728904895e-09 5.9112380334711593e-09
640 888 0 6.8090858674203327e-09 4.547411916925174e-09
648 888 0 5.1670244993045152e-09 3.4880318895320126e-09
656 888 0 3.9100769097077723e-09 2.6676105993961311e-09
664 888 0 2.9505973702966805e-09 2.0342688232718049e-09
672 888 0 2.220362612499764e-09 1.546949496365541e-09
680 888 0 1.666315086972674e-09 1.1732187061775306e-09
688 888 0 1.2472569211293342e-09 8.8752166564152564e-10
696 888 0 9.3127304706924509e-10 6.6979168986410715e-10
704 888 0 6.9371407101891396e-10 5.0433473553722967e-10
712 888 0 5.1561082233981847e-10 3.7893126133459552e-10
720 888 0 3.8242434669360079e-10 2.8411161493795584e-10
728 888 0 2.8305893194233308e-10 2.1257167086271739e-10
736 888 0 2.0908321193631398e-10 1.5870292205581972e-10
744 888 0 1.5411702418655076e-10 1.1821649746128416e-10
752 888 0 1.1335083047799012e-10 8.784433457595031e-11
760 888 0 8.3171204395615018e-11 6.5103514870862909e-11
768 888 0 6.087093475577103e-11 4.8111945414995848e-11
776 888 0 4.4426236687708068e-11 3.5445380049813152e-11
784 888 0 3.2326757647451347e-11 2.6027351762179644e-11
792 888 0 2.3446728593935624e-11 1.9044997365687591e-11
800 888 0 1.6947862553995976e-11 1.3885017218267004e-11
808 888 0 1.2206510527889741e-11 1.0085127646331243e-11
816 888 0 8.7591870695732758e-12 7.2973280531963136e-12
824 888 0 6.2619032818352661e-12 5.2601174845550328e-12
832 888 0 4.4598203617851827e-12 3.7774621879156982e-12
840 888 0 3.1645913064491051e-12 2.7028483123948045e-12
848 888 0 2.237423260594128e-12 1.9271689145392376e-12
856 888 0 1.576400271688507e-12 1.369510807823992e-12
864 888 0 1.1069866597508198e-12 9.7014366681566625e-13
872 888 0 7.7491263967349086e-13 6.851888774746883e-13
880 888 0 5.4085010185442909e-13 4.8257416999839115e-13
888 888 0 3.7643703240965139e-13 3.3897447397187057e-13
896 888 0 2.6131914598469189e-13 2.3750926395882373e-13
904 888 0 1.8095833863028515e-13 1.6601897873121502e-13
912 888 0 1.2501784474169711e-13 1.1578291703997032e-13
920 888 0 8.6179366832602478e-14 8.0571798516588917e-14
928 888 0 5.9282010311040009e-14 5.5952275985185342e-14
936 888 0 4.0699402914592068e-14 3.8779685046600172e-14
944 888 0 2.7891859115026353e-14 2.6830319940208575e-14
952 888 0 1.9086249730265602e-14 1.8536329249996004e-14
960 888 0 1.3048377156506577e-14 1.2795542246600807e-14
968 888 0 8.9219185983806041e-15 8.8356597035384661e-15
976 888 0 6.115001375897935e-15 6.1176836208998037e-15
984 888 0 4.2207143508663419e-15 4.2675668038693878e-15
992 888 0 2.9617427272538417e-15 3.0281294587703554e-15
1000 888 0 2.1521677688393805e-15 2.2255602773920083e-15
1008 888 0 1.6715611132888338e-15 1.7464935264650305e-15
1016 888 0 1.4480335160068269e-15 1.5228916430657362e-15
0 896 0 0.0008419619963956999 0.00024526501920285083
8 896 0 0.00084892484667039388 0.00024736743989156932
16 896 0 0.00086241049404935251 0.00025144227707305628
24 896 0 0.00088156434816462565 0.00025723706674810249
32 896 0 0.00090516673204223044 0.00026439150622777985
40 896 0 0.0009317031957482622 0.00027245824286894571
48 896 0 0.0009594513118606798 0.00028092853216112317
56 896 0 0.0009865785272744048 0.00028926115512779632
64 896 0 0.0010112449427508937 0.00029691277365200908
72 896 0 0.0010317045899992572 0.0003033678102772365
80 896 0 0.0010463989132361003 0.00030816597855191116
88 896 0 0.0010540367450304054 0.00031092576423805704
96 896 0 0.0010536560657043344 0.00031136245872660307
104 896 0 0.0010446641843622948 0.00030929975380432654
112 896 0 0.001026854574818607 0.00030467439011641791
120 896 0 0.0010004003103125652 0.00029753386982678048
128 896 0 0.00096582572021161595 0.00028802775150165826
136 896 0 0.0009239593929416211 0.00027639349637083267
144 896 0 0.00087587284154891387 0.00026293818929679037
152 896 0 0.0008228099325960326 0.00024801768457208425
160 896 0 0.00076611249964547734 0.00023201480945239552
168 896 0 0.0007071474126459313 0.00021531819618940352
176 896 0 0.00064723979608352601 0.00019830312077428666
184 896 0 0.00058761616582960353 0.00018131543131843825
192 896 0 0.00052936010146788475 0.00016465928787269188
200 896 0 0.00047338181692757798 0.0001485890496593834
208 896 0 0.00042040176599934765 0.00013330527534791289
216 896 0 0.00037094733368199815 0.00011895448168910077
224 896 0 0.00032536080516659839 0.00010563206089550493
232 896 0 0.00028381622351600588 9.3387601777632559e-05
240 896 0 0.00024634246077270616 8.2231796436611911e-05
248 896 0 0.00021284981827196685 7.2144135514003806e-05
256 896 0 0.00018315769674220287 6.3080684820678381e-05
264 896 0 0.00015702127408584967 5.4981373834727884e-05
272 896 0 0.00013415562941375728 4.7776389542860179e-05
280 896 0 0.00011425628812919539 4.1391436063863753e-05
288 896 0 9.7015675622282165e-05 3.5751773608582173e-05
296 896 0 8.2135411383551653e-05 3.0785076752982954e-05
304 896 0 6.9334722439741355e-05 2.6423244445938129e-05
312 896 0 5.8355492737015225e-05 2.2603350688541473e-05
320 896 0 4.8964595632693871e-05 1.9267947924793148e-05
328 896 0 4.0954193231978657e-05 1.6364930609882301e-05
336 896 0 3.4140649184296457e-05 1.384714172634504e-05
344 896 0 2.8362614049657947e-05 1.1671868243987168e-05
352 896 0 2.3478727371345793e-05 9.800330103962517e-06
360 896 0 1.936525806498837e-05 8.1972273137092812e-06
368 896 0 1.5913889986202226e-05 6.8303754458240144e-06
376 896 0 1.3029762691172288e-05 5.6704336539263194e-06
384 896 0 1.0629803562360606e-05 4.6907119837892515e-06
392 896 0 8.6413375019152337e-06 3.8670356756084114e-06
400 896 0 7.0009320350966723e-06 3.1776418457524108e-06
408 896 0 5.6534247263183608e-06 2.6030864829265765e-06
416 896 0 4.5510812896941618e-06 2.1261451120197969e-06
424 896 0 3.6528417563884153e-06 1.7316970097523659e-06
432 896 0 2.9236243270089515e-06 1.4065891376542331e-06
440 896 0 2.3336689117926828e-06 1.1394810945435665e-06
448 896 0 1.8579127962743939e-06 9.2067593770352184e-07
456 896 0 1.47539835168128e-06 7.4194360991765998e-07
464 896 0 1.1687170484958839e-06 5.9634413804926315e-07
472 896 0 9.2349560572559878e-07 4.7805709364290174e-07
480 896 0 7.2792960601365616e-07 3.8222243767988591e-07
488 896 0 5.7236811282012723e-07 3.0479619759132312e-07
496 896 0 4.4895046563199018e-07 2.4242275895372582e-07
504 896 0 3.5129407431063348e-07 1.9232411399974384e-07
512 896 0 2.7423006511643867e-07 1.5220531263666972e-07
520 896 0 2.1358224384597121e-07 1.2017464272428252e-07
528 896 0 1.6598407800542316e-07 9.4676695887206317e-08
536 896 0 1.2872819458786824e-07 7.4436385868201398e-08
544 896 0 9.9643116545564298e-08 5.8412095159437628e-08
552 896 0 7.6992472440637389e-08 4.5756350582214425e-08
560 896 0 5.9392571666918558e-08 3.5782700616970885e-08
568 896 0 4.5744930112182911e-08 2.793773601843336e-08
576 896 0 3.518097997918205e-08 2.1777429307399392e-08
584 896 0 2.701675774533092e-08 1.6947153806365372e-08
592 896 0 2.0715818691660231e-08 1.3164877531181041e-08
600 896 0 1.5858977791241752e-08 1.0207118239607791e-08
608 896 0 1.2119739674594602e-08 7.8973040371141155e-09
616 896 0 9.2444746349540047e-09 6.0962206084495024e-09
624 896 0 7.0365430236040044e-09 4.6942513526113501e-09
632 896 0 5.3436837465921696e-09 3.6051378262983199e-09
640 896 0 4.0480763892766742e-09 2.7610094781436586e-09
648 896 0 3.0585688017004204e-09 2.1084556976040948e-09
656 896 0 2.3046370644720206e-09 1.6054398452357517e-09
664 896 0 1.7317142116568921e-09 1.2188831586397884e-09
672 896 0 1.2975878880027525e-09 9.2277472449701149e-10
680 896 0 9.6962453345396557e-10 6.9669055351870842e-10
688 896 0 7.2262793666556292e-10 5.2462898446377128e-10
696 896 0 5.3718262471978885e-10 3.9409042234945623e-10
704 896 0 3.9836757440681616e-10 2.9534649661209779e-10
712 896 0 2.9475361211127464e-10 2.2085721022854383e-10
720 896 0 2.176194278759098e-10 1.6480491881769099e-10
728 896 0 1.6033737180433414e-10 1.2272156013799894e-10
736 896 0 1.1789218608737411e-10 9.1191025848939871e-11
744 896 0 8.6504551118755977e-11 6.7612473067794779e-11
752 896 0 6.3337653621369604e-11 5.0013176856620515e-11
760 896 0 4.6269615455259894e-11 3.6901588940355124e-11
768 896 0 3.3718080611865671e-11 2.7152854143905358e-11
776 896 0 2.4505919094166142e-11 1.9920317593541926e-11
784 896 0 1.7759120372639439e-11 1.4567637274811908e-11
792 896 0 1.2829674158855605e-11 1.0617054435080019e-11
800 896 0 9.2376677168896044e-12 7.7101948371063717e-12
808 896 0 6.6280231699888608e-12 5.5784873579008803e-12
816 896 0 4.7382900279301755e-12 4.0208970416431004e-12
824 896 0 3.3747221016558322e-12 2.8871811801794339e-12
832 896 0 2.3945251026786514e-12 2.0652952591065313e-12
840 896 0 1.6926818944226017e-12 1.4719094120265033e-12
848 896 0 1.1921669834853203e-12 1.0452562771088077e-12
856 896 0 8.3667045960634347e-13 7.3972981208216354e-13
864 896 0 5.8518307036494129e-13 5.2180358938587851e-13
872 896 0 4.0796534062224892e-13 3.6694729905124193e-13
880 896 0 2.8354903999444961e-13 2.5730106185997948e-13
888 896 0 1.9651064044862169e-13 1.7992639196102971e-13
896 896 0 1.3582291923553234e-13 1.2549622674915955e-13
904 896 0 9.3639519543710726e-14 8.7318819086574422e-14
912 896 0 6.4403178667344586e-14 6.0614666074352525e-14
920 896 0 4.419509989636017e-14 4.1984266936242308e-14
928 896 0 3.0263115409346199e-14 2.901889490169381e-14
936 896 0 2.0681619622502385e-14 2.0017783292089683e-14
944 896 0 1.4107967070401832e-14 1.3783892044624521e-14
952 896 0 9.6089900473389749e-15 9.4772596829266272e-15
960 896 0 6.5381278569067194e-15 6.510249299599858e-15
968 896 0 4.4488449053030889e-15 4.4730736930775153e-15
976 896 0 3.0339161761960469e-15 3.0810851997018881e-15
984 896 0 2.0830667248614014e-15 2.1376476260049405e-15
992 896 0 1.4535994608855527e-15 1.508143266368289e-15
1000 896 0 1.0502188399705559e-15 1.1019489288688246e-15
1008 896 0 8.1140511199494896e-16 8.6015600129388481e-16
1016 896 0 7.0053097554772741e-16 7.4750254045909945e-16
0 904 0 0.00064412585780714178 0.00019783613858855812
8 904 0 0.00064940972349751731 0.00019951512317287656
16 904 0 0.00065964196310488792 0.00020276853094446459
24 904 0 0.00067417104306474209 0.00020739330509988356
32 904 0 0.00069206708239751165 0.00021309964964471878
40 904 0 0.00071217545023254082 0.00021952774551572138
48 904 0 0.00073318292793783993 0.00022626838392283987
56 904 0 0.00075369230305258068 0.00023288622422182412
64 904 0 0.00077230072840350121 0.00023894421434739253
72 904 0 0.00078767695176500466 0.00024402763823425252
80 904 0 0.0007986326268857399 0.00024776628635036037
88 904 0 0.00080418336023734287 0.00024985338479306251
96 904 0 0.00080359590685117634 0.00025006015885315803
104 904 0 0.00079641895183118106 0.00024824523253111374
112 904 0 0.00078249612360470865 0.00024435845121389835
120 904 0 0.00076196118182062552 0.00023843912849193965
128 904 0 0.00073521659644258859 0.00023060912376902736
136 904 0 0.00070289787431992718 0.00022106151862169392
144 904 0 0.00066582689693535835 0.00021004594461355552
152 904 0 0.00062495813336586176 0.00019785179923017084
160 904 0 0.00058132184325069528 0.00018479065639478206
168 904 0 0.00053596828002411116 0.00017117913262182014
176 904 0 0.00048991647567180117 0.00015732332041172483
184 904 0 0.00044411049727833483 0.0001435056685512687
192 904 0 0.00039938519799774069 0.00012997490347014406
200 904 0 0.00035644253782093552 0.00011693927910664246
208 904 0 0.00031583861935406617 0.00010456314664528148
216 904 0 0.00027798075616661879 9.2966577515379368e-05
224 904 0 0.00024313323157201935 8.2227573594579044e-05
232 904 0 0.00021142995417774296 7.2386269338262923e-05
240 904 0 0.00018289198657733707 6.3450474195369085e-05
248 904 0 0.00015744790365335195 5.5401914618614901e-05
256 904 0 0.00013495509547558075 4.8202601266622114e-05
264 904 0 0.00011522042149078247 4.1800852595067192e-05
272 904 0 9.8018996057934289e-05 3.6136633355822996e-05
280 904 0 8.3110289393843222e-05 3.1145998735352166e-05
288 904 0 7.0251117896089147e-05 2.6764557726193018e-05
296 904 0 5.9205439000448908e-05 2.2929972383102745e-05
304 904 0 4.9751135737674246e-05 1.9583586702067109e-05
312 904 0 4.1684164765865234e-05 1.6671327971149991e-05
320 904 0 3.4820549521969672e-05 1.4144046110724199e-05
328 904 0 2.8996736352268692e-05 1.1957456879709965e-05
336 904 0 2.4068810646158829e-05 1.0071838538137627e-05
344 904 0 1.991100925764764e-05 8.4516047920103068e-06
352 904 0 1.6413881957564828e-05 7.0648454137809652e-06
360 904 0 1.3482363398819179e-05 5.8828946661691914e-06
368 904 0 1.1033929912646365e-05 4.8799600735558613e-06
376 904 0 8.9969404051629871e-06 4.0328222860093007e-06
384 904 0 7.3092019941177508e-06 3.3206015682428551e-06
392 904 0 5.9167599278599382e-06 2.7245775740552955e-06
400 904 0 4.7728864688815641e-06 2.2280455662151083e-06
408 904 0 3.8372319765062185e-06 1.8161927498121423e-06
416 904 0 3.0750998481974763e-06 1.4759814414966856e-06
424 904 0 2.4568116966803877e-06 1.1960300597080276e-06
432 904 0 1.957137005749211e-06 9.6648732125974058e-07
440 904 0 1.5547700830032782e-06 7.7889882878940469e-07
448 904 0 1.2318447720425528e-06 6.2606802423184104e-07
456 904 0 9.7348320909757084e-07 5.0191514258370914e-07
464 904 0 7.6737863253578428e-07 4.0133841596009966e-07
472 904 0 6.0341403688390758e-07 3.200815688416912e-07
480 904 0 4.7331872010208549e-07 2.5461088591157067e-07
488 904 0 3.7036401762036889e-07 2.0200409519975833e-07
496 904 0 2.8909824600179746e-07 1.5985221963019272e-07
504 904 0 2.2511950007023802e-07 1.2617457424039546e-07
512 904 0 1.7488374385415227e-07 9.9346321262286394e-08
520 904 0 1.3554476640327928e-07 7.8037477442691932e-08
528 904 0 1.0482209029136331e-07 6.1161987714059847e-08
536 904 0 8.0892797432248298e-08 4.7835397155619939e-08
544 904 0 6.2303400998538455e-08 3.7339715547025842e-08
552 904 0 4.7898251879232349e-08 2.909422056140504e-08
560 904 0 3.6761433071314162e-08 2.2631138595604396e-08
568 904 0 2.8169590343558957e-08 1.7575339768623953e-08
576 904 0 2.1553618069550477e-08 1.3627361909631573e-08
584 904 0 1.6467532506784433e-08 1.0549225238546487e-08
592 904 0 1.2563206799462044e-08 8.152611892198187e-09
600 904 0 9.5699122157803917e-09 6.2890655754613599e-09
608 904 0 7.2778168722516906e-09 4.8419228023429112e-09
616 904 0 5.524748842306418e-09 3.7197257926475868e-09
624 904 0 4.1856481703779118e-09 2.8508948532260927e-09
632 904 0 3.1642234801394302e-09 2.1794602664527393e-09
640 904 0 2.3864025548776739e-09 1.6616738343990003e-09
648 904 0 1.7952286540553038e-09 1.2633401476451166e-09
656 904 0 1.3469091189324933e-09 9.5772794553952732e-10
664 904 0 1.0077718562703666e-09 7.239423553865255e-10
672 904 0 7.5192922116970612e-10 5.4565866683304641e-10
680 904 0 5.5948768435385141e-10 4.1013684910011416e-10
688 904 0 4.1517532295660856e-10 3.0745261370895436e-10
696 904 0 3.072875629322885e-10 2.2989506178750036e-10
704 904 0 2.2687488258991825e-10 1.7149269181689791e-10
712 904 0 1.671147445922836e-10 1.2763886751899104e-10
720 904 0 1.2282442023064581e-10 9.4795007645263994e-11
728 904 0 9.0082267742819264e-11 7.0255104061514879e-11
736 904 0 6.5933110610832102e-11 5.1959075476542005e-11
744 904 0 4.8159274771511066e-11 3.8345276347244911e-11
752 904 0 3.5103143845752916e-11 2.8234509775616688e-11
760 904 0 2.553023275833478e-11 2.0739382696925114e-11
768 904 0 1.8524109909895667e-11 1.5193970701970004e-11
776 904 0 1.3406267700864054e-11 1.1099651393302087e-11
784 904 0 9.6754230480064399e-12 8.0836973246329988e-12
792 904 0 6.9618361462006306e-12 5.8678380126549746e-12
800 904 0 4.9931378455717175e-12 4.2445298713178869e-12
808 904 0 3.5688974043877371e-12 3.0591257656011236e-12
816 904 0 2.541770943639312e-12 2.1965190842908634e-12
824 904 0 1.8035661931377716e-12 1.5711559085180606e-12
832 904 0 1.2749567076697491e-12 1.1195683950089024e-12
840 904 0 8.978926508913239e-13 7.9478924353127783e-13
848 904 0 6.299987231409442e-13 5.6216826034437613e-13
856 904 0 4.4043535165186512e-13 3.9623510795447834e-13
864 904 0 3.0683837022606614e-13 2.7834470013887515e-13
872 904 0 2.1305527201001674e-13 1.9491006861223218e-13
880 904 0 1.4747137143364925e-13 1.3607766856080036e-13
888 904 0 1.0177391300633565e-13 9.4736727442286035e-14
896 904 0 7.0041853022680721e-14 6.5781066212851619e-14
904 904 0 4.8077913463446744e-14 4.5561606080263983e-14
912 904 0 3.2920651263124652e-14 3.1482527404219934e-14
920 904 0 2.2489910996380464e-14 2.1705188899979706e-14
928 904 0 1.5330688227260974e-14 1.4932427182085225e-14
936 904 0 1.0429204655073017e-14 1.0252414967429369e-14
944 904 0 7.08163661075314e-15 7.0263304596486925e-15
952 904 0 4.800975095713114e-15 4.808014951625861e-15
960 904 0 3.2513101763545033e-15 3.2868176805522161e-15
968 904 0 2.2017082787311203e-15 2.2471366265719685e-15
976 904 0 1.4940036783147104e-15 1.5399124978813365e-15
984 904 0 1.0204234502910395e-15 1.0626432745703619e-15
992 904 0 7.0814093918875658e-16 7.4545852169679608e-16
1000 904 0 5.0871125244997232e-16 5.4150758752058359e-16
1008 904 0 3.9096593692710995e-16 4.2043917506783902e-16
1016 904 0 3.3639743867766769e-16 3.6413353687005973e-16
0 912 0 0.00048683661445370605 0.00015728924335343573
8 912 0 0.00049079851682176461 0.0001586112066757527
16 912 0 0.00049846968648499382 0.0001611722766198941
24 912 0 0.00050935949770715069 0.00016481154535759139
32 912 0 0.00052276771490117476 0.00016929936749633689
40 912 0 0.0005378248468522242 0.00017435060338031661
48 912 0 0.00055354196115272637 0.00017964096678511356
56 912 0 0.00056886684892911809 0.00018482545412346258
64 912 0 0.00058274302967823224 0.00018955769872526897
72 912 0 0.00059416791590758908 0.00019350903585741558
80 912 0 0.00060224653756112015 0.00019638608932461975
88 912 0 0.00060623755982798858 0.00019794580040935429
96 912 0 0.00060558889752738597 0.00019800700932379037
104 912 0 0.00059996099621512143 0.00019645795561605962
112 912 0 0.00058923675611852579 0.00019325936748618286
120 912 0 0.00057351804621861538 0.00018844313560201014
128 912 0 0.00055310970992638957 0.00018210688651619901
136 912 0 0.00052849281848428467 0.00017440505583564251
144 912 0 0.00050028961021702514 0.00016553728671833321
152 912 0 0.00046922300730381484 0.00015573512606204692
160 912 0 0.00043607379494073648 0.00014524804830995879
168 912 0 0.00040163847591373708 0.00013432980411037408
176 912 0 0.00036669049909211922 0.00012322597657968195
184 912 0 0.00033194704907481731 0.00011216344820351752
192 912 0 0.00029804293917720242 0.00010134225882053828
200 912 0 0.00026551244300694534 9.0930094813990181e-05
208 912 0 0.00023477920296651641 8.1059416387549763e-05
216 912 0 0.00020615373095292865 7.1827025213690133e-05
224 912 0 0.00017983751657479433 6.3295714997225024e-05
232 912 0 0.00015593241210192123 5.5497542075821731e-05
240 912 0 0.00013445378201424615 4.8438204563090926e-05
248 912 0 0.00011534588083002552 4.2102022823326424e-05
256 912 0 9.8498033176979601e-05 3.6457062298601153e-05
264 912 0 8.3760401816331508e-05 3.1460019674450966e-05
272 912 0 7.095840453962247e-05 2.7060591518311819e-05
280 912 0 5.9905141638338444e-05 2.3205147755504777e-05
288 912 0 5.0411488446917938e-05 1.9839629449171209e-05
296 912 0 4.2293766049040075e-05 1.6911672951408832e-05
304 912 0 3.5379110249622116e-05 1.437202548805213e-05
312 912 0 2.9508806033578925e-05 1.2175358732286309e-05
320 912 0 2.4539941742708176e-05 1.0280607779261496e-05
328 912 0 2.0345770263241332e-05 8.65096608902736e-06
336 912 0 1.6815154031917176e-05 7.2536566142416535e-06
344 912 0 1.3851429113797103e-05 6.0595801438505372e-06
352 912 0 1.1370963603522993e-05 5.0429183540418349e-06
360 912 0 9.3016184358329528e-06 4.1807449629862258e-06
368 912 0 7.5812533420883914e-06 3.4526765705579731e-06
376 912 0 6.1563634006638039e-06 2.8405770044991832e-06
384 912 0 4.980885920329327e-06 2.3283160737884237e-06
392 912 0 4.0151844129672599e-06 1.9015755148926783e-06
400 912 0 3.2251954772966594e-06 1.5476909915849047e-06
408 912 0 2.5817136534143267e-06 1.2555183230918918e-06
416 912 0 2.0597862440918322e-06 1.0153136041056441e-06
424 912 0 1.6381921569307788e-06 8.1861953974960884e-07
432 912 0 1.2989836850312538e-06 6.5815332071795717e-07
440 912 0 1.027075969944385e-06 5.2769411305889312e-07
448 912 0 8.0987439346813842e-07 4.2197037857441439e-07
456 912 0 6.3693457602109891e-07 3.3654863307647193e-07
464 912 0 4.9965272124138467e-07 2.6772591129439961e-07
472 912 0 3.9098577137364656e-07 2.1242826551026102e-07
480 912 0 3.0520146186711145e-07 1.6811725823497404e-07
488 912 0 2.3765821434568252e-07 1.3270580327468638e-07
496 912 0 1.8461421899017713e-07 1.0448402701162033e-07
504 912 0 1.4306431516142772e-07 8.2055184908810298e-08
512 912 0 1.1060259013376474e-07 6.4281153720387536e-08
520 912 0 8.530810444127606e-08 5.023666196200322e-08
528 912 0 6.5650869597427556e-08 3.9171220693935757e-08
536 912 0 5.0415145525529292e-08 3.0477651906719006e-08
544 912 0 3.8637251679583839e-08 2.3666149318954617e-08
552 912 0 2.9555342003639842e-08 1.8342909875592508e-08
560 912 0 2.2568922289044335e-08 1.4192510782269827e-08
568 912 0 1.7206239671051736e-08 1.0963350672507221e-08
576 912 0 1.3098011138481988e-08 8.4556069310684887e-09
584 912 0 9.9562579070162562e-09 6.5112745997681771e-09
592 912 0 7.5572644445970947e-09 5.0059423548649496e-09
600 912 0 5.727883314883647e-09 3.8420289008967447e-09
608 912 0 4.3345644114735987e-09 2.9432524607780919e-09
616 912 0 3.2746073241243037e-09 2.2501415181821143e-09
624 912 0 2.4692270719330046e-09 1.7164210984449072e-09
632 912 0 1.8580941185523956e-09 1.3061293615870347e-09
640 912 0 1.3950658009485186e-09 9.9133675392915528e-10
648 912 0 1.0448726555216613e-09 7.503559985336425e-10
656 912 0 7.8056260409804398e-10 5.6634651483444931e-10
664 912 0 5.8154029176054959e-10 4.2623156450981704e-10
672 912 0 4.3206891028554755e-10 3.1986031088415858e-10
680 912 0 3.2012796279010241e-10 2.39359721563749e-10
688 912 0 2.3654278560034829e-10 1.7863253735626027e-10
696 912 0 1.7432037749699982e-10 1.3296718543528868e-10
704 912 0 1.2814140210131735e-10 9.8733480488600902e-11
712 912 0 9.3970433919480137e-11 7.3144310672803467e-11
720 912 0 6.8756003891719173e-11 5.4068416338926636e-11
728 912 0 5.0199203974001046e-11 3.9883063768818218e-11
736 912 0 3.657497486189532e-11 2.9358135748936783e-11
744 912 0 2.6594138643656337e-11 2.1565136127854728e-11
752 912 0 1.9297107134877393e-11 1.5806036710875523e-11
760 912 0 1.3972289675028509e-11 1.1557943083306271e-11
768 912 0 1.0093767564406397e-11 8.4303423454892702e-12
776 912 0 7.2739621636617027e-12 6.1323055372023515e-12
784 912 0 5.2279160934376539e-12 4.4475069545687861e-12
792 912 0 3.7465097310359416e-12 3.215326415164689e-12
800 912 0 2.6764986803963625e-12 2.316639165175355e-12
808 912 0 1.9057142623337686e-12 1.6631831420539685e-12
816 912 0 1.3521392867209983e-12 1.1896316569183137e-12
824 912 0 9.558699934371945e-13 8.4769619970057712e-13
832 912 0 6.7321328011085879e-13 6.0174342755889027e-13
840 912 0 4.7235565198767677e-13 4.2553699890364713e-13
848 912 0 3.301852432923114e-13 2.9981347984863281e-13
856 912 0 2.2995852938075394e-13 2.1047682227111118e-13
864 912 0 1.5958595165587595e-13 1.4725241857019019e-13
872 912 0 1.1037170774959265e-13 1.0268356426042409e-13
880 912 0 7.6087560134216786e-14 7.1383811299432461e-14
888 912 0 5.2292871210273889e-14 4.9481041796061763e-14
896 912 0 3.5836468743842999e-14 3.4205384278837722e-14
904 912 0 2.4492880594461108e-14 2.3585032868985635e-14
912 912 0 1.6697795701109795e-14 1.6222855562014858e-14
920 912 0 1.1356636179633303e-14 1.1133274816747162e-14
928 912 0 7.7067998942685845e-15 7.6238883329923896e-15
936 912 0 5.2191077137042022e-15 5.2100969413688146e-15
944 912 0 3.5277200492917943e-15 3.5539165614613457e-15
952 912 0 2.3805928028711017e-15 2.4203822928420123e-15
960 912 0 1.6046519792209697e-15 1.6466581971335336e-15
968 912 0 1.0814462496192089e-15 1.1202620291119115e-15
976 912 0 7.3021334413903137e-16 7.6379033417567908e-16
984 912 0 4.9616567068333954e-16 5.2425777960769993e-16
992 912 0 3.4243790726191737e-16 3.6570303192683921e-16
1000 912 0 2.4460300298757177e-16 2.6410824946240055e-16
1008 912 0 1.8699870580694551e-16 2.0396723112016444e-16
1016 912 0 1.6034987303406897e-16 1.7604756564359872e-16
0 920 0 0.00036354603109900116 0.00012329058335470489
8 920 0 0.0003664814753615027 0.00012431704146026191
16 920 0 0.00037216443845177919 0.00012630524803321463
24 920 0 0.00038022996164788111 0.00012912953605926958
32 920 0 0.00039015716156963958 0.00013261055333153518
40 920 0 0.00040129924368197855 0.00013652560317024565
48 920 0 0.00041292055153629032 0.00014062140961643605
56 920 0 0.00042423833973959937 0.00014462850918951873
64 920 0 0.00043446666220742301 0.00014827636747080924
72 920 0 0.00044285964196489653 0.00015130827394269254
80 920 0 0.00044875144925711556 0.00015349508830400459
88 920 0 0.00045159056277506915 0.00015464699705291943
96 920 0 0.0004509663112251963 0.00015462258630218967
104 920 0 0.00044662626050588758 0.00015333473570923386
112 920 0 0.00043848368224120779 0.000150753073877318
120 920 0 0.00042661505799555625 0.00014690298822305913
128 920 0 0.00041124827958202671 0.00014186143034436286
136 920 0 0.00039274283894559183 0.00013574997953869284
144 920 0 0.0003715638072987136 0.00012872580291831153
152 920 0 0.00034825174144606497 0.00012097126585774987
160 920 0 0.00032339080191175825 0.00011268299302897824
168 920 0 0.00029757731881876608 0.000104061157094971
176 920 0 0.00027139081352954087 9.5299685562578356e-05
184 920 0 0.00024536911016421266 8.6577938910604654e-05
192 920 0 0.00021998869722478307 7.8054241952419344e-05
200 920 0 0.00019565097828397695 6.9861464722968387e-05
208 920 0 0.00017267453489186647 6.2104668074649936e-05
216 920 0 0.00015129306162191904 5.4860669331009617e-05
224 920 0 0.000131658259153979 4.8179257420815323e-05
232 920 0 0.00011384670964521066 4.2085702456710571e-05
240 920 0 9.7869618067173038e-05 3.6584163947073108e-05
248 920 0 8.3684278786163934e-05 3.1661602043861589e-05
256 920 0 7.120620235372447e-05 2.729183082325513e-05
264 920 0 6.0320989434380542e-05 2.3439412381950965e-05
272 920 0 5.0895239336744765e-05 2.0063165202877705e-05
280 920 0 4.2786001898457608e-05 1.7119139739880837e-05
288 920 0 3.5848498658960742e-05 1.4562989787957196e-05
296 920 0 2.9942032704067789e-05 1.2351733344972287e-05
304 920 0 2.4934163057863854e-05 1.0444947191758262e-05
312 920 0 2.0703332411895344e-05 8.8054736216835807e-06
320 920 0 1.7140205672951975e-05 7.3997360697562005e-06
328 920 0 1.4148005386641072e-05 6.1977648766002603e-06
336 920 0 1.1642125886734523e-05 5.1730281451826527e-06
344 920 0 9.5492800094562865e-06 4.3021491043408165e-06
352 920 0 7.806389610218458e-06 3.5645739933045352e-06
360 920 0 6.3593822669227699e-06 2.9422361689101829e-06
368 920 0 5.1620081842333262e-06 2.4192451578550652e-06
376 920 0 4.1747482083738731e-06 1.9816151922899308e-06
384 920 0 3.3638488287510277e-06 1.6170370915782994e-06
392 920 0 2.7004941417576011e-06 1.3146902712096587e-06
400 920 0 2.1601076802621056e-06 1.0650877970345537e-06
408 920 0 1.7217675470745447e-06 8.5994610633978195e-07
416 920 0 1.3677147219268069e-06 6.9207152216502525e-07
424 920 0 1.0829349065472053e-06 5.5525725038357351e-07
432 920 0 8.5479714555194411e-07 4.4418653947930969e-07
440 920 0 6.7273633943384798e-07 3.5433963051053705e-07
448 920 0 5.2797066171212415e-07 2.8190373175601427e-07
456 920 0 4.1324819814999032e-07 2.2368637787110859e-07
464 920 0 3.2261956150319714e-07 1.7703315973818753e-07
472 920 0 2.5123476606906128e-07 1.3975100530458528e-07
480 920 0 1.9516339639836975e-07 1.100380654687417e-07
488 920 0 1.5123727732220847e-07 8.6420937023474049e-08
496 920 0 1.1691466854643551e-07 6.7699550443741621e-08
504 920 0 9.0164662361677872e-08 5.2899652799749846e-08
512 920 0 6.9370106102690945e-08 4.1232484031073791e-08
520 920 0 5.3247096492075159e-08 3.2061007949200901e-08
528 920 0 4.0778946038600264e-08 2.4871923558827292e-08
536 920 0 3.1162508674479698e-08 1.9252636851049594e-08
544 920 0 2.3764853699371412e-08 1.4872397980212427e-08
552 920 0 1.8088461629568591e-08 1.146688037407125e-08
560 920 0 1.3743347381659754e-08 8.8255749073845814e-09
568 920 0 1.0424763688441484e-08 6.7814759826102523e-09
576 920 0 7.89537646985484e-09 5.2026346686271484e-09
584 920 0 5.9710183010462993e-09 3.9852396059699569e-09
592 920 0 4.5093082407212899e-09 3.0479562038758047e-09
600 920 0 3.4005744247222044e-09 2.3273088901614426e-09
608 920 0 2.5606325092320409e-09 1.7739319022415578e-09
616 920 0 1.9250630753883321e-09 1.3495442487359716e-09
624 920 0 1.4447000581988064e-09 1.0245270137341982e-09
632 920 0 1.082095430596101e-09 7.7599868795629454e-10
640 920 0 8.0876718191512644e-10 5.8629861903339219e-10
648 920 0 6.030714198472921e-10 4.4180123567436922e-10
656 920 0 4.4856749801972296e-10 3.3199510607832102e-10
664 920 0 3.327688793714923e-10 2.4877141238905729e-10
672 920 0 2.461928307781576e-10 1.8587607950738995e-10
680 920 0 1.8163947057407322e-10 1.3848849221602919e-10
688 920 0 1.3364542767630256e-10 1.0289735792404573e-10
696 920 0 9.8069621909175794e-11 7.6250755587824023e-11
704 920 0 7.1778647593291259e-11 5.6362754508026092e-11
712 920 0 5.2407177236734919e-11 4.1563256682745218e-11
720 920 0 3.8174972389992882e-11 3.0581031501726291e-11
728 920 0 2.7746784062681436e-11 2.245241991131961e-11
736 920 0 2.0124931174852838e-11 1.6450043687042482e-11
744 920 0 1.4566925565843845e-11 1.2027213077812492e-11
752 920 0 1.0522394311193135e-11 8.7747128236842577e-12
760 920 0 7.5849215959307969e-12 6.3873680790977124e-12
768 920 0 5.4554388454553059e-12 4.6383287189510909e-12
776 920 0 3.9145413528832095e-12 3.3594208107784933e-12
784 920 0 2.8016790463825301e-12 2.4262370470551238e-12
792 920 0 1.9996107469517363e-12 1.7468989840842053e-12
800 920 0 1.4228600235223968e-12 1.2536386568739657e-12
808 920 0 1.0091892611289639e-12 8.9652500120480468e-13
816 920 0 7.1333183271821247e-13 6.3880745400278588e-13
824 920 0 5.0240070841804439e-13 4.5346928501915012e-13
832 920 0 3.5253322651310868e-13 3.2068005359775011e-13
840 920 0 2.4644239841259247e-13 2.259132535750843e-13
848 920 0 1.7163045341352357e-13 1.5855478987878782e-13
856 920 0 1.1908513366101433e-13 1.1087339571973961e-13
864 920 0 8.232773153035371e-14 7.7258220125522243e-14
872 920 0 5.6717643731829649e-14 5.3654064017763e-14
880 920 0 3.8944331361503158e-14 3.7143228772713629e-14
888 920 0 2.6656481590672833e-14 2.5636389619601056e-14
896 920 0 1.8191794964850849e-14 1.764467377899215e-14
904 920 0 1.2380641836943123e-14 1.2112238757517986e-14
912 920 0 8.4039299130795821e-15 8.2938657880302127e-15
920 920 0 5.6906878688134788e-15 5.6659483108198237e-15
928 920 0 3.8446541591511351e-15 3.8621457351174494e-15
936 920 0 2.5919549911519351e-15 2.6271527225522672e-15
944 920 0 1.7440322960565899e-15 1.7836877532352046e-15
952 920 0 1.1715313925761048e-15 1.2090614102949968e-15
960 920 0 7.8601371360174981e-16 8.1863826561921986e-16
968 920 0 5.2722014899400394e-16 5.5422610062520495e-16
976 920 0 3.5424760209919449e-16 3.7596574203983688e-16
984 920 0 2.3946996739326547e-16 2.5669570329007407e-16
992 920 0 1.6437684721733706e-16 1.7806106004458031e-16
1000 920 0 1.1675131443119471e-16 1.2785168855637706e-16
1008 920 0 8.8786917435046509e-17 9.8211788371899001e-17
1016 920 0 7.587320814021263e-17 8.447666489385634e-17
0 928 0 0.00026824452956810893 9.530150153089223e-05
8 928 0 0.00027039382193540728 9.6087653426095421e-05
16 928 0 0.00027455430340576144 9.7610135046017753e-05
24 928 0 0.00028045777111711007 9.9772190530771044e-05
32 928 0 0.00028772143316279524 0.00010243572840684434
40 928 0 0.00029586996188476838 0.00010542928179721017
48 928 0 0.00030436271638128293 0.00010855783515500739
56 928 0 0.0003126244359651925 0.00011161390377440687
64 928 0 0.00032007748943946448 0.00011438917276795853
72 928 0 0.00032617367395405464 0.00011668596801084189
80 928 0 0.00033042360231335565 0.00011832784694375991
88 928 0 0.00033242189990355836 0.00011916866287151078
96 928 0 0.00033186674201780012 0.00011909956920739618
104 928 0 0.00032857267809885562 0.00011805358240703196
112 928 0 0.00032247617973837943 0.00011600750250282836
120 928 0 0.00031363387456735746 0.0001129811834281988
128 928 0 0.00030221394441463988 0.00010903433516738683
136 928 0 0.00028848162933622608 0.00010426120960936575
144 928 0 0.00027278015021424482 9.8783657084468778e-05
152 928 0 0.00025550861171475632 9.2743129731308652e-05
160 928 0 0.00023709855717540912 8.6292244736349127e-05
168 928 0 0.00021799081452717237 7.9586504291593706e-05
176 928 0 0.00019861410903482471 7.2776704494716154e-05
184 928 0 0.00017936664838609872 6.6002461778113939e-05
192 928 0 0.00016060154160165156 5.9387155623131507e-05
200 928 0 0.00014261653344076192 5.3034444843215033e-05
208 928 0 0.00012564815881138805 4.7026376080478425e-05
216 928 0 0.00010987008152034849 4.1422980101570551e-05
224 928 0 9.5395105423498047e-05 3.6263153730480956e-05
232 928 0 8.2280150899125787e-05 3.1566558746084871e-05
240 928 0 7.0533382363571249e-05 2.7336235703601789e-05
248 928 0 6.0122650193911283e-05 2.3561628592252652e-05
256 928 0 5.0984461655413332e-05 2.0221740698311139e-05
264 928 0 4.3032803255170858e-05 1.7288186179209685e-05
272 928 0 3.6167281406088293e-05 1.4727957930656472e-05
280 928 0 3.0280209177923417e-05 1.250579272053419e-05
288 928 0 2.5262426052020164e-05 1.0586072606940578e-05
296 928 0 2.1007780473848866e-05 8.9342522302189223e-06
304 928 0 1.7416321683284493e-05 7.5178413745793618e-06
312 928 0 1.439633263713507e-05 6.3069997747602741e-06
320 928 0 1.1865389014738146e-05 5.2748166582138292e-06
328 928 0 9.7506530107660389e-06 4.3973523758750326e-06
336 928 0 7.9886099811730469e-06 3.6535159055614764e-06
344 928 0 6.524437412244006e-06 3.0248425972122805e-06
352 928 0 5.3111657780851753e-06 2.4952238321332826e-06
360 928 0 4.3087557293371843e-06 2.0506265375855856e-06
368 928 0 3.4831807006341065e-06 1.6788274835992197e-06
376 928 0 2.8055720411105954e-06 1.3691761672632777e-06
384 928 0 2.251457349594782e-06 1.1123914791562456e-06
392 928 0 1.8001027532307983e-06 9.0039138852680281e-07
400 928 0 1.433956317461363e-06 7.2615136280074269e-07
408 928 0 1.1381818346402573e-06 5.8358571243428741e-07
416 928 0 9.0026874008483605e-07 4.6744598184197087e-07
424 928 0 7.0970355876358628e-07 3.7323134778361906e-07
432 928 0 5.576898810798317e-07 2.9710726447211241e-07
440 928 0 4.369063939813764e-07 2.3582994545247158e-07
448 928 0 3.4129520795895098e-07 1.8667545375317317e-07
456 928 0 2.6587514251455383e-07 1.4737305563543649e-07
464 928 0 2.0657651767136806e-07 1.1604304383182908e-07
472 928 0 1.6009528293753336e-07 9.1139483131527923e-08
480 928 0 1.2376505446539466e-07 7.1398341932975089e-08
488 928 0 9.5445947930774144e-08 5.5791329391434322e-08
496 928 0 7.3429131628627064e-08 4.3485536917808447e-08
504 928 0 5.635591396529807e-08 3.3808748396379802e-08
512 928 0 4.3150026571090651e-08 2.6220079531600294e-08
520 928 0 3.2961638909536168e-08 2.0285457582538991e-08
528 928 0 2.5121579880907227e-08 1.5657366157693037e-08
536 928 0 1.9104257276009014e-08 1.2058251398470684e-08
544 928 0 1.4497849489782854e-08 9.2670042095885578e-09
552 928 0 1.0980477965743923e-08 7.1079836638246684e-09
560 928 0 8.3012323372361463e-09 5.4421150444236077e-09
568 928 0 6.2650934648940489e-09 4.1596702235474353e-09
576 928 0 4.7209669683865772e-09 3.1744095014682628e-09
584 928 0 3.5521909955694592e-09 2.4188273054768402e-09
592 928 0 2.6690114014721686e-09 1.8402968392491213e-09
600 928 0 2.0026237931523357e-09 1.3979506315698687e-09
608 928 0 1.5004664166455461e-09 1.0601660925864947e-09
616 928 0 1.1225136131613869e-09 8.0254946222694511e-10
624 928 0 8.3837016806285654e-10 6.0632989013594986e-10
632 928 0 6.2500585155121802e-10 4.5708957904488299e-10
640 928 0 4.6499984445560915e-10 3.4376733745951729e-10
648 928 0 3.4518893138412164e-10 2.5788248846317046e-10
656 928 0 2.5563303695078367e-10 1.9293446106893928e-10
664 928 0 1.888280243849519e-10 1.4394085498654041e-10
672 928 0 1.3910939272079623e-10 1.0708343805736137e-10
680 928 0 1.0220204243179288e-10 7.9437428142280339e-11
688 928 0 7.4880912434650623e-11 5.8764515241651938e-11
696 928 0 5.4715230756426503e-11 4.3354391152749291e-11
704 928 0 3.9875549870078766e-11 3.1903097723212493e-11
712 928 0 2.8987839493955318e-11 2.3419337742779601e-11
720 928 0 2.1022874697029595e-11 1.7152097692963287e-11
728 928 0 1.5212177100237758e-11 1.2534606962443678e-11
736 928 0 1.0984025776476463e-11 9.1409053983763748e-12
744 928 0 7.9147194716923468e-12 6.6522060941514984e-12
752 928 0 5.6914873889978897e-12 4.8309069221952457e-12
760 928 0 4.0843304826262952e-12 3.5005911133045018e-12
768 928 0 2.9247217345078125e-12 2.5307171109474934e-12
776 928 0 2.0895716694172132e-12 1.8249696834659963e-12
784 928 0 1.489224315533526e-12 1.312454730849004e-12
792 928 0 1.0585235464058534e-12 9.4108720054588284e-13
800 928 0 7.5020358840035482e-13 6.7265643512204198e-13
808 928 0 5.3002595864752424e-13 4.7916330248143969e-13
816 928 0 3.7321858959007891e-13 3.4011324312813356e-13
824 928 0 2.6187857523843504e-13 2.4052213317960935e-13
832 928 0 1.830831053474589e-13 1.6945012116564978e-13
840 928 0 1.2751786897205362e-13 1.1892452944053885e-13
848 928 0 8.8481936608910408e-14 8.3148516804613164e-14
856 928 0 6.1165801757150323e-14 5.7919331903864009e-14
864 928 0 4.2127397532446017e-14 4.0200333997907693e-14
872 928 0 2.8911640086042802e-14 2.7806003645786847e-14
880 928 0 1.9774161820774121e-14 1.9170169540729037e-14
888 928 0 1.3480815228053126e-14 1.3175666362619707e-14
896 928 0 9.1623745925940103e-15 9.0294203722568386e-15
904 928 0 6.2094924260799137e-15 6.1711494108632089e-15
912 928 0 4.1970140651477071e-15 4.206915847931875e-15
920 928 0 2.8296764514623613e-15 2.8610114173511176e-15
928 928 0 1.9033418874197436e-15 1.9413122717313915e-15
936 928 0 1.277473233649994e-15 1.3144817575019411e-15
944 928 0 8.5570295993632378e-16 8.8832933612026621e-16
952 928 0 5.7219597770114064e-16 5.993354148749642e-16
960 928 0 3.8213379739203883e-16 4.0387991620971098e-16
968 928 0 2.5511161030626758e-16 2.7210853868773636e-16
976 928 0 1.7058162784705236e-16 1.8366597425214213e-16
984 928 0 1.1472617729279584e-16 1.2474379010046964e-16
992 928 0 7.832592489755903e-17 8.6050922319778028e-17
1000 928 0 5.531993553297814e-17 6.1431378898216578e-17
1008 928 0 4.1848677494531434e-17 4.6938239940515075e-17
1016 928 0 3.5638943241623333e-17 4.0234264898589298e-17
0 936 0 0.00019558436532807059 7.2660164240038344e-05
8 936 0 0.00019713964080298439 7.325418113242289e-05
16 936 0 0.00020014991532581381 7.4404388079947627e-05
24 936 0 0.00020442044699120761 7.6037324125902459e-05
32 936 0 0.00020967328938165076 7.8048143781144484e-05
40 936 0 0.00021556330221028078 8.0306659674487602e-05
48 936 0 0.00022169791427085515 8.2664802110427781e-05
56 936 0 0.00022765940604704894 8.4965029918143562e-05
64 936 0 0.00023302832258042361 8.7049166859040866e-05
72 936 0 0.00023740656178104492 8.8767112173009717e-05
80 936 0 0.00024043871663316255 8.9984885680193097e-05
88 936 0 0.00024183038219162232 9.0591517711936039e-05
96 936 0 0.0002413623625485645 9.0504379469235615e-05
104 936 0 0.00023890001366374508 8.9672664435110533e-05
112 936 0 0.00023439731229125683 8.8078867447122602e-05
120 936 0 0.00022789562069089952 8.573825387645794e-05
128 936 0 0.00021951748975461346 8.269645466002642e-05
136 936 0 0.00020945617805874313 7.9025451277482949e-05
144 936 0 0.00019796183310232226 7.4818317111922564e-05
152 936 0 0.00018532546213639986 7.0183149578356458e-05
160 936 0 0.00017186190102621313 6.5236656149195995e-05
168 936 0 0.0001578929682627297 6.0097846264442668e-05
176 936 0 0.00014373187554550122 5.4882233489323491e-05
184 936 0 0.00012966977326296799 4.9696875123130733e-05
192 936 0 0.00011596506230925862 4.4636479292392949e-05
200 936 0 0.00010283583021459844 3.9780703226163474e-05
208 936 0 9.0455497063743044e-05 3.5192661747645001e-05
216 936 0 7.8951509901320355e-05 3.091857161902813e-05
224 936 0 6.8406722794027222e-05 2.6988382629470825e-05
232 936 0 5.8862956103261544e-05 2.3417194795864243e-05
240 936 0 5.0326148027291954e-05 2.0207234336279295e-05
248 936 0 4.2772492219389186e-05 1.7350157974522096e-05
256 936 0 3.6154989481070057e-05 1.4829472174343275e-05
264 936 0 3.0409917176958662e-05 1.2622886078212196e-05
272 936 0 2.5462822906212855e-05 1.0704458499875437e-05
280 936 0 2.1233764589286074e-05 9.046444588637343e-06
288 936 0 1.7641634338441203e-05 7.6207917135789613e-06
296 936 0 1.4607507684672365e-05 6.4002727891765011e-06
304 936 0 1.2057045579990825e-05 5.3592761032936679e-06
312 936 0 9.9220401356115168e-06 4.4742925015235531e-06
320 936 0 8.1412354824570546e-06 3.7241535322810915e-06
328 936 0 6.6605741890500678e-06 3.0900788217159711e-06
336 936 0 5.4330208677007274e-06 2.5555891134723195e-06
344 936 0 4.4181024469144414e-06 2.1063349653295646e-06
352 936 0 3.5812838320319731e-06 1.7298819460532022e-06
360 936 0 2.8932727137621275e-06 1.4154830155750568e-06
368 936 0 2.3293217582097447e-06 1.1538589424243618e-06
376 936 0 1.8685729997809214e-06 9.3699904132967401e-07
384 936 0 1.4934696325006716e-06 7.5798771709411045e-07
392 936 0 1.1892453160747806e-06 6.1085743715601778e-07
400 936 0 9.4349060679378694e-07 4.9046571066757602e-07
408 936 0 7.4578970017013899e-07 3.9239213447011831e-07
416 936 0 5.8741754366242909e-07 3.1285119642240696e-07
424 936 0 4.61086646801858e-07 2.4861691196172828e-07
432 936 0 3.6073372129042142e-07 1.9695615978941028e-07
440 936 0 2.8133789426058237e-07 1.5556849972079403e-07
448 936 0 2.1876410005673221e-07 1.2253110790221878e-07
456 936 0 1.6962700094844782e-07 9.6248141566106011e-08
464 936 0 1.3117221225470305e-07 7.5404305416665009e-08
472 936 0 1.0117264039048112e-07 5.8922642547052235e-08
480 936 0 7.7838401568456196e-08 4.5926652896938467e-08
488 936 0 5.9739144391403439e-08 3.5706803539370705e-08
496 936 0 4.5737741771185782e-08 2.7691389857441283e-08
504 936 0 3.4934334703722511e-08 2.1421579261575559e-08
512 936 0 2.6619674910200977e-08 1.6530351660889674e-08
520 936 0 2.0236676265242452e-08 1.2724962644293716e-08
528 936 0 1.5349075821400818e-08 9.7725040595064087e-09
536 936 0 1.1616135658028506e-08 7.4881216179805074e-09
544 936 0 8.7723854014931416e-09 5.7254640882897123e-09
552 936 0 6.6115031474596898e-09 4.368974818284233e-09
560 936 0 4.9735476271063581e-09 3.3276847101297883e-09
568 936 0 3.7348749406308626e-09 2.5302185242631863e-09
576 936 0 2.800189341443998e-09 1.9207776269425792e-09
584 936 0 2.0962827246089733e-09 1.4559082709604859e-09
592 936 0 1.56710803275743e-09 1.1019033687147386e-09
600 936 0 1.1699066799286266e-09 8.3271711322370911e-10
608 936 0 8.7217008434064634e-10 6.2829633230489978e-10
616 936 0 6.4926236678713765e-10 4.7325124637424929e-10
624 936 0 4.8256754853760006e-10 3.5580261952525648e-10
632 936 0 3.5805251203266068e-10 2.6695333951855734e-10
640 936 0 2.6515863281165064e-10 1.9984121164395852e-10
648 936 0 1.9595200965207079e-10 1.4923692173205085e-10
656 936 0 1.4447584681582207e-10 1.111571901349616e-10
664 936 0 1.0625964148516707e-10 8.2568382899784829e-11
672 936 0 7.7948976763796208e-11 6.1160415957000017e-11
680 936 0 5.7027291239540787e-11 4.517475119225209e-11
688 936 0 4.1607240257490922e-11 3.32736721771597e-11
696 936 0 3.0274363329186898e-11 2.4440867427239605e-11
704 936 0 2.1969875939608925e-11 1.7905673930469841e-11
712 936 0 1.5902649247733002e-11 1.3085190246222315e-11
720 936 0 1.148295946224277e-11 9.5399152347868251e-12
728 936 0 8.2725065517782674e-12 6.9396705484594904e-12
736 936 0 5.9466375580722532e-12 5.0373882184042096e-12
744 936 0 4.2657689903096693e-12 3.6489504813826775e-12
752 936 0 3.0537763290530479e-12 2.6377110599448418e-12
760 936 0 2.1816809377686041e-12 1.9026495448576911e-12
768 936 0 1.5553740665470718e-12 1.3693476679607407e-12
776 936 0 1.1064181485070185e-12 9.8315352091019461e-13
784 936 0 7.8518917398892451e-13 7.0403514154460151e-13
792 936 0 5.5579299853864097e-13 5.0273054786721247e-13
800 936 0 3.9231832398381178e-13 3.5788526441654304e-13
808 936 0 2.7609010977026051e-13 2.5393584887726373e-13
816 936 0 1.9366628974152744e-13 1.7955229984855147e-13
824 936 0 1.3538270166280983e-13 1.2649587357562521e-13
832 936 0 9.42995637215331e-14 8.8783541625925801e-14
840 936 0 6.5440316512713812e-14 6.2077552459339807e-14
848 936 0 4.5242333623184358e-14 4.323960298572605e-14
856 936 0 3.1160670841117484e-14 3.000513091603284e-14
864 936 0 2.1382171774877566e-14 2.0745225757568451e-14
872 936 0 1.4619128864783811e-14 1.4292511221258991e-14
880 936 0 9.960342486812572e-15 9.8138193339615489e-15
888 936 0 6.7636529135385875e-15 6.7171623145145382e-15
896 936 0 4.578485962721103e-15 4.5838886298729073e-15
904 936 0 3.0901448112660291e-15 3.1193476148138846e-15
912 936 0 2.0798626310707088e-15 2.1171514340769983e-15
920 936 0 1.3962682611634127e-15 1.4334081902989486e-15
928 936 0 9.3509865890682377e-16 9.6824322851291983e-16
936 936 0 6.2484980815257308e-16 6.526234254974209e-16
944 936 0 4.1668440589444332e-16 4.3901855404188045e-16
952 936 0 2.773743165103185e-16 2.9482166119082214e-16
960 936 0 1.8439361565476403e-16 1.977401817372748e-16
968 936 0 1.2252616195774874e-16 1.3258544834851884e-16
976 936 0 8.1533283919777181e-17 8.9048343927275179e-17
984 936 0 5.4559479305672088e-17 6.0166697987123756e-17
992 936 0 3.7049795741154923e-17 4.1276129156404107e-17
1000 936 0 2.6021452740911618e-17 2.9298482792066523e-17
1008 936 0 1.9581598240663246e-17 2.2267079253868188e-17
1016 936 0 1.6618424341473793e-17 1.9020518900149539e-17
0 944 0 0.00014093447091360469 5.4649894414465896e-05
8 944 0 0.00014204686593557357 5.5092774867410816e-05
16 944 0 0.00014419970603397276 5.5950209291841051e-05
24 944 0 0.00014725326046023955 5.7167186530968057e-05
32 944 0 0.0001510080967895843 5.8665192592066462e-05
40 944 0 0.00015521656727900875 6.034673493127203e-05
48 944 0 0.00015959698672203825 6.2100927548816906e-05
56 944 0 0.00016384961761021778 6.3809788436831161e-05
64 944 0 0.00016767346645545065 6.5354856124972969e-05
72 944 0 0.00017078284873299517 6.6623713048049753e-05
80 944 0 0.00017292270417530636 6.7516012457856194e-05
88 944 0 0.00017388173927061402 6.7948642921008309e-05
96 944 0 0.00017350263441994241 6.7859728128622095e-05
104 944 0 0.00017168876819432093 6.7211245469424156e-05
112 944 0 0.00016840716421935472 6.5990148071902108e-05
120 944 0 0.0001636876371094545 6.4207983581445014e-05
128 944 0 0.00015761838012191593 6.1899109632697531e-05
136 944 0 0.00015033847642714526 5.911770163159787e-05
144 944 0 0.00014202800818972244 5.5933824912599825e-05
152 944 0 0.00013289656777545409 5.2428894360945769e-05
160 944 0 0.00012317103441688933 4.8690866609323795e-05
168 944 0 0.00011308346588828614 4.480950237444357e-05
176 944 0 0.00010285987370325249 4.0872001842248736e-05
184 944 0 9.2710513954949968e-05 3.695925930801802e-05
192 944 0 8.2822150801142313e-05 3.3142911508116302e-05
200 944 0 7.3352554990938133e-05 2.9483275223660311e-05
208 944 0 6.4427305265945089e-05 2.6028191797797956e-05
216 944 0 5.6138783589466571e-05 2.2812726311853784e-05
224 944 0 4.854710995641769e-05 1.9859612837609531e-05
232 944 0 4.1682658200692007e-05 1.7180297902569537e-05
240 944 0 3.5549734671991606e-05 1.4776413355300349e-05
248 944 0 3.0130985795684115e-05 1.2641506423705071e-05
256 944 0 2.5392123023226839e-05 1.0762866457843218e-05
264 944 0 2.1286606161867847e-05 9.1233110150908149e-06
272 944 0 1.7759998528225752e-05 7.7028243779871034e-06
280 944 0 1.4753789507105652e-05 6.4799750821804229e-06
288 944 0 1.22085625153033e-05 5.4330718231379034e-06
296 944 0 1.0066461433341067e-05 4.5410462513312979e-06
304 944 0 8.2729709042813883e-06 3.7840746757094363e-06
312 944 0 6.7780725413927977e-06 3.143967594218719e-06
320 944 0 5.5368693026604876e-06 2.604366179796567e-06
328 944 0 4.5097851809249528e-06 2.150789008125115e-06
336 944 0 3.6624493275255693e-06 1.7705715401751581e-06
344 944 0 2.9653659138126738e-06 1.4527365331017676e-06
352 944 0 2.3934567890865107e-06 1.1878270429454623e-06
360 944 0 1.9255464523179605e-06 9.6772626144416707e-07
368 944 0 1.5438406469049941e-06 7.8548111130475051e-07
376 944 0 1.2334329733247361e-06 6.3514002645618526e-07
384 944 0 9.818595487964658e-07 5.1161008370420577e-07
392 944 0 7.7871053262407877e-07 4.1053478345070178e-07
400 944 0 6.1529935901579575e-07 3.2819124777799119e-07
408 944 0 4.8438547583719446e-07 2.6140422433294453e-07
416 944 0 3.7994375197308066e-07 2.0747379168934843e-07
424 944 0 2.9697287021925334e-07 1.6411377658260466e-07
432 944 0 2.3133536192132842e-07 1.29398359369093e-07
440 944 0 1.7962294089492082e-07 1.0171495336566155e-07
448 944 0 1.3904205265881475e-07 7.972204739791746e-08
456 944 0 1.0731579283066173e-07 6.2311208117786094e-08
464 944 0 8.2599403880019934e-08 4.8572808374683118e-08
472 944 0 6.3407364003992043e-08 3.776527638648908e-08
480 944 0 4.8550633724187006e-08 2.928776784426919e-08
488 944 0 3.7082962941927143e-08 2.2656181449476296e-08
496 944 0 2.8255339606289312e-08 1.748240216489647e-08
504 944 0 2.1477738588758809e-08 1.3456596114963702e-08
512 944 0 1.6287355259898169e-08 1.0332319650302807e-08
520 944 0 1.2322519009161385e-08 7.9141572560810665e-09
528 944 0 9.3015001088029659e-09 6.0475757125978526e-09
536 944 0 7.0054594710854415e-09 4.6106761869430649e-09
544 944 0 5.2648466501590613e-09 3.5075387513340803e-09
552 944 0 3.9486230053366261e-09 2.6628801421230637e-09
560 944 0 2.9557677821904103e-09 2.0177798449159478e-09
568 944 0 2.2086081196281792e-09 1.5262668210026834e-09
576 944 0 1.6475938253966338e-09 1.1525955160473642e-09
584 944 0 1.22721005659732e-09 8.6907266801165331e-10
592 944 0 9.1278349686105544e-10 6.5432453589637459e-10
600 944 0 6.7798952358320092e-10 4.9191715634542564e-10
608 944 0 5.029096640320919e-10 3.6926042030855443e-10
616 944 0 3.7252152761003193e-10 2.7674083917710572e-10
624 944 0 2.7552888051872316e-10 2.070386680188769e-10
632 944 0 2.0345913834516233e-10 1.5459337368749835e-10
640 944 0 1.4997067636782496e-10 1.1518795644382567e-10
648 944 0 1.1032413452139343e-10 8.562787513067736e-11
656 944 0 8.0981194806271909e-11 6.3494652009550164e-11
664 944 0 5.9301762807800702e-11 4.6957878677366366e-11
672 944 0 4.3316527600141633e-11 3.4632449163654575e-11
680 944 0 3.1556800905372593e-11 2.5470490334168193e-11
688 944 0 2.2927549404441801e-11 1.8679690853049121e-11
696 944 0 1.6612780085702109e-11 1.3661583243484789e-11
704 944 0 1.2005033161260482e-11 9.9648427783484434e-12
712 944 0 8.6527799368167114e-12 7.2498693109162909e-12
720 944 0 6.2211044657287553e-12 5.2618549965140148e-12
728 944 0 4.4622510832343404e-12 3.810255468543927e-12
736 944 0 3.193520582941773e-12 2.7531169751304802e-12
744 944 0 2.2806624975572023e-12 1.985106492752467e-12
752 944 0 1.6253963107384056e-12 1.4283800183146423e-12
760 944 0 1.1560467479860429e-12 1.0256341897825612e-12
768 944 0 8.2053396437860109e-13 7.3484010216847072e-13
776 944 0 5.8114602101483216e-13 5.2527212749218639e-13
784 944 0 4.1065866401500459e-13 3.7453050997391992e-13
792 944 0 2.8947036316224773e-13 2.6632263537639324e-13
800 944 0 2.0349869543511576e-13 1.8881962854869602e-13
808 944 0 1.4264418377703781e-13 1.334459259932227e-13
816 944 0 9.9674184272143719e-14 9.3992105469383717e-14
824 944 0 6.9415506260881676e-14 6.5967195401928155e-14
832 944 0 4.8172403747467115e-14 4.6127159974065985e-14
840 944 0 3.330808179978585e-14 3.2132234712927962e-14
848 944 0 2.2944243483143353e-14 2.2298090140041005e-14
856 944 0 1.5745535596931676e-14 1.5415135244185807e-14
864 944 0 1.0764919966880693e-14 1.0617251807996873e-14
872 944 0 7.3327296208016006e-15 7.2863992439822104e-15
880 944 0 4.9770580047753774e-15 4.9832844820371946e-15
888 944 0 3.3666466489120407e-15 3.3970062646265468e-15
896 944 0 2.2699502582239866e-15 2.3085357044971164e-15
904 944 0 1.5258478471840753e-15 1.5642969640819538e-15
912 944 0 1.022742009330206e-15 1.0571206217405029e-15
920 944 0 6.8369666360527198e-16 7.1257159755814069e-16
928 944 0 4.559142923516458e-16 4.7918436655517797e-16
936 944 0 3.0332245769996852e-16 3.2152735045260456e-16
944 944 0 2.0137899265792947e-16 2.1530541323651385e-16
952 944 0 1.3345238501306784e-16 1.4392193149725065e-16
960 944 0 8.8314129042769783e-17 9.6079486611994249e-17
968 944 0 5.8411307460080873e-17 6.4114854497667867e-17
976 944 0 3.8683354593335856e-17 4.2849929326441325e-17
984 944 0 2.5756288141528085e-17 2.8803191164144002e-17
992 944 0 1.7397658673982426e-17 1.9652137067172498e-17
1000 944 0 1.2151260271878662e-17 1.3870192469032956e-17
1008 944 0 9.0961809327312663e-18 1.048541730793198e-17
1016 944 0 7.692990497086869e-18 8.9254338443869242e-18
0 952 0 0.00010038202697420908 4.0552443939395608e-05
8 952 0 0.00010116857763841008 4.0878288297163497e-05
16 952 0 0.00010269065376750798 4.1509052266464782e-05
24 952 0 0.00010484916142971703 4.2404099030522521e-05
32 952 0 0.00010750266695955394 4.3505429830030358e-05
40 952 0 0.00011047554174388646 4.4741025535122286e-05
48 952 0 0.00011356801509907525 4.6028971622962995e-05
56 952 0 0.00011656750832873423 4.7282109281483547e-05
64 952 0 0.00011926054402254458 4.841292243290607e-05
72 952 0 0.00012144449214787989 4.9338356585115284e-05
80 952 0 0.00012293843199777277 4.9984272177533591e-05
88 952 0 0.00012359247660818288 5.0289262662431131e-05
96 952 0 0.00012329501994811203 5.0207614471830381e-05
104 952 0 0.00012197751913004311 4.9711249064277814e-05
112 952 0 0.00011961660257917715 4.8790561640177574e-05
120 952 0 0.00011623348626531639 4.7454150844138107e-05
128 952 0 0.00011189086797894545 4.5727512142970479e-05
136 952 0 0.00010668763853751668 4.3650837889628588e-05
144 952 0 0.00010075188478591219 4.1276123403810244e-05
152 952 0 9.4232751602761408e-05 3.8663816172692682e-05
160 952 0 8.729177254699655e-05 3.5879261869892781e-05
168 952 0 8.0094270023028184e-05 3.2989195865257951e-05
176 952 0 7.2801369708851108e-05 3.0058503994401378e-05
184 952 0 6.5563078732065703e-05 2.7147435222884265e-05
192 952 0 5.8512754277366747e-05 2.4309396523775566e-05
200 952 0 5.1763152407450544e-05 2.158940258348759e-05
208 952 0 4.5404109571125638e-05 1.902319569481945e-05
216 952 0 3.9501783981886612e-05 1.6636999607579959e-05
224 952 0 3.4099280691172772e-05 1.4447829265244918e-05
232 952 0 2.9218409334194328e-05 1.2464248866497679e-05
240 952 0 2.4862280104006358e-05 1.0687454567985247e-05
248 952 0 2.1018430892645682e-05 9.1125549030384326e-06
256 952 0 1.766219311964486e-05 7.7299299035819794e-06
264 952 0 1.4760039776466303e-05 6.5265663854015443e-06
272 952 0 1.2272709675045555e-05 5.487288853180197e-06
280 952 0 1.0157959576402164e-05 4.5958299307034872e-06
288 952 0 8.3728541495597993e-06 3.8357083657435002e-06
296 952 0 6.8755571309433143e-06 3.1909043023977531e-06
304 952 0 5.6266317462246715e-06 2.6463391580567168e-06
312 952 0 4.5898922266795646e-06 2.1881803147132331e-06
320 952 0 3.7328704803832591e-06 1.8039988222772286e-06
328 952 0 3.0269733486069091e-06 1.4828118323180437e-06
336 952 0 2.4474080113030328e-06 1.2150413162225365e-06
344 952 0 1.9729481674127682e-06 9.9241774639990566e-07
352 952 0 1.585603945420948e-06 8.0785284366556277e-07
360 952 0 1.2702463098822188e-06 6.5530014243574168e-07
368 952 0 1.0142238940917727e-06 5.2961675281322148e-07
376 952 0 8.0699812374800244e-07 4.2643484957673367e-07
384 952 0 6.3981212712446244e-07 3.4204742167200337e-07
392 952 0 5.054007240950094e-07 2.7330980852906937e-07
400 952 0 3.9774284370327817e-07 2.1755651531251758e-07
408 952 0 3.1185385881488312e-07 1.7253161702231134e-07
416 952 0 2.436131998677157e-07 1.3633055210536496e-07
424 952 0 1.8962179729365302e-07 1.0735107292560032e-07
432 952 0 1.4708398358170598e-07 8.4251378339622439e-08
440 952 0 1.1370909154902504e-07 6.5913849345895776e-08
448 952 0 8.7628823537925971e-08 5.1413229120888776e-08
456 952 0 6.732733149506855e-08 3.9988461335593175e-08
464 952 0 5.1581715084294188e-08 3.1017688795725746e-08
472 952 0 3.9411254986027351e-08 2.3996109017964692e-08
480 952 0 3.0034140169080516e-08 1.851649355510649e-08
488 952 0 2.2830740121140823e-08 1.425222282078632e-08
496 952 0 1.7312649571790661e-08 1.0942690034498651e-08
504 952 0 1.3096831323191604e-08 8.3809072655672051e-09
512 952 0 9.8842356376789289e-09 6.4031196222192405e-09
520 952 0 7.4423077035523886e-09 4.8802113056089968e-09
528 952 0 5.5908247724474788e-09 3.7106753363554871e-09
536 952 0 4.1905405190265694e-09 2.8149189520588721e-09
544 952 0 3.1341588372327414e-09 2.1306878129263199e-09
552 952 0 2.3392115080485338e-09 1.6094114972880923e-09
560 952 0 1.7424707474267101e-09 1.2132970347637002e-09
568 952 0 1.2955847958039163e-09 9.1302332382426289e-10
576 952 0 9.6167907608400949e-10 6.8591474931262431e-10
584 952 0 7.1271457469917305e-10 5.1449548189814692e-10
592 952 0 5.2743759693516963e-10 3.8534589992588581e-10
600 952 0 3.8979047538960486e-10 2.8819904819359606e-10
608 952 0 2.8768145850006318e-10 2.1522820553202872e-10
616 952 0 2.1203462580516636e-10 1.6048690180486557e-10
624 952 0 1.5605823991847072e-10 1.1947064060025244e-10
632 952 0 1.1468345863175572e-10 8.8775679713406607e-11
640 952 0 8.4135713577901909e-11 6.5834962789923056e-11
648 952 0 6.1609083879580373e-11 4.8715050641813056e-11
656 952 0 4.5020255819181842e-11 3.5960938987090066e-11
664 952 0 3.2823608569315346e-11 2.6478154238485356e-11
672 952 0 2.3872918780164392e-11 1.9443608819977241e-11
680 952 0 1.7318354368829435e-11 1.4238446536543158e-11
688 952 0 1.2529984688704644e-11 1.0397564715737157e-11
696 952 0 9.0410821711519725e-12 7.5716979145501366e-12
704 952 0 6.506115547617448e-12 5.4989176136430339e-12
712 952 0 4.6696077299820683e-12 3.9831722068346432e-12
720 952 0 3.3430137633624199e-12 2.8780907023663354e-12
728 952 0 2.3875204146259315e-12 2.0747306686084089e-12
736 952 0 1.7012270493589152e-12 1.4922935335828579e-12
744 952 0 1.2095791855138141e-12 1.0710833120433882e-12
752 952 0 8.5822659338227442e-13 7.6716971735613119e-13
760 952 0 6.0769560544024886e-13 5.4835114254579399e-13
768 952 0 4.2942285840826935e-13 3.9111110597033174e-13
776 952 0 3.0281206341537494e-13 2.7833395759945722e-13
784 952 0 2.1305912057513757e-13 1.9759954343986702e-13
792 952 0 1.4955290726226133e-13 1.399174558999864e-13
800 952 0 1.0470560940408196e-13 9.8793086031033802e-14
808 952 0 7.3101809090150578e-14 6.954237468688723e-14
816 952 0 5.088261184746808e-14 4.8791572424675639e-14
824 952 0 3.5301911430346767e-14 3.4113594830534908e-14
832 952 0 2.4407880870250938e-14 2.3764522877216177e-14
840 952 0 1.6815001271898438e-14 1.6493080527887412e-14
848 952 0 1.1541204453137779e-14 1.1403039030005573e-14
856 952 0 7.8916541611340163e-15 7.8538814357976601e-15
864 952 0 5.3758417692357877e-15 5.3890781976449054e-15
872 952 0 3.6484463402820811e-15 3.6842832805195195e-15
880 952 0 2.4671437141765722e-15 2.5099142905988052e-15
888 952 0 1.6625124158214387e-15 1.704134233090602e-15
896 952 0 1.1165832947319339e-15 1.1533669634920527e-15
904 952 0 7.4757246362714476e-16 7.7827538355693057e-16
912 952 0 4.9904025586482858e-16 5.237017534653774e-16
920 952 0 3.3221759166575069e-16 3.5147907193952129e-16
928 952 0 2.205960164739161e-16 2.353182758777297e-16
936 952 0 1.4613144291235355e-16 1.5719101478761496e-16
944 952 0 9.6594035366516285e-17 1.0478495729141319e-16
952 952 0 6.3728368859431019e-17 6.9724016153636825e-17
960 952 0 4.1983336697844665e-17 4.6330792344925118e-17
968 952 0 2.7640352507011968e-17 3.0770954953068908e-17
976 952 0 1.8218351447932589e-17 2.0465003145403267e-17
984 952 0 1.207010258004815e-17 1.3686185561479935e-17
992 952 0 8.1101687358043136e-18 9.2874899381781121e-18
1000 952 0 5.6332745475820522e-18 6.5179857242966098e-18
1008 952 0 4.1949360846017907e-18 4.9012448481294755e-18
1016 952 0 3.5355116331990452e-18 4.1574788638878238e-18
0 960 0 7.0695743999558779e-05 2.9686282974650304e-05
8 960 0 7.1245728275042661e-05 2.9922849363367415e-05
16 960 0 7.2309919213198697e-05 3.0380734554309282e-05
24 960 0 7.3818834471217824e-05 3.1030326958499208e-05
32 960 0 7.567330366018347e-05 3.1829363299370469e-05
40 960 0 7.7750178529584067e-05 3.2725363214302394e-05
48 960 0 7.9909380565390057e-05 3.3658634533685193e-05
56 960 0 8.2001846496511466e-05 3.4565661832222766e-05
64 960 0 8.3877877048952788e-05 3.5382666973591788e-05
72 960 0 8.5395371772821341e-05 3.6049120375058547e-05
80 960 0 8.6427445265738564e-05 3.6510986732034203e-05
88 960 0 8.6868967557306636e-05 3.6723509050876248e-05
96 960 0 8.6641651011772959e-05 3.6653368936339069e-05
104 960 0 8.5697412300254149e-05 3.6280106829788964e-05
112 960 0 8.4019862752261217e-05 3.5596739826915933e-05
120 960 0 8.1623913788755263e-05 3.4609572476561131e-05
128 960 0 7.8553615225497505e-05 3.3337252753447942e-05
136 960 0 7.4878462142653475e-05 3.18091763948632e-05
144 960 0 7.0688501073816999e-05 3.0063383712095192e-05
152 960 0 6.6088631047288719e-05 2.8144120555472689e-05
160 960 0 6.1192525126469563e-05 2.6099247420526987e-05
168 960 0 5.6116592632416146e-05 2.3977677390612038e-05
176 960 0 5.0974363767748817e-05 2.1827005941102292e-05
184 960 0 4.5871612557722802e-05 1.9691466174342901e-05
192 960 0 4.0902448859946582e-05 1.7610305417420164e-05
200 960 0 3.6146514958256303e-05 1.561663744919424e-05
208 960 0 3.1667326444047826e-05 1.3736783127077812e-05
216 960 0 2.7511709350974465e-05 1.1990074630912146e-05
224 960 0 2.3710212790312709e-05 1.0389067900860063e-05
232 960 0 2.0278323292887566e-05 8.9400860413067621e-06
240 960 0 1.7218275825608922e-05 7.6440042783974368e-06
248 960 0 1.4521246692870882e-05 6.4971841997747999e-06
256 960 0 1.2169722843798506e-05 5.4924702758463538e-06
264 960 0 1.0139866546234596e-05 4.6201732302317066e-06
272 960 0 8.4037291502571022e-06 3.8689805247884528e-06
280 960 0 6.9312077344158882e-06 3.2267518419862761e-06
288 960 0 5.6916791659378787e-06 2.6811749836219206e-06
296 960 0 4.6552836803020352e-06 2.2202734506412791e-06
304 960 0 3.7938617371029795e-06 1.832770009121692e-06
312 960 0 3.081572040553321e-06 1.5083201861262437e-06
320 960 0 2.4952347232402415e-06 1.2376357571430175e-06
328 960 0 2.0144521961179067e-06 1.0125211524890024e-06
336 960 0 1.6215621487333662e-06 8.2584586256966663e-07
344 960 0 1.3014741189498404e-06 6.7147404846292779e-07
352 960 0 1.041434557416996e-06 5.4416938800395198e-07
360 960 0 8.3075693240373232e-07 4.3948937747848647e-07
368 960 0 6.6054447509951604e-07 3.5367941899225662e-07
376 960 0 5.2342466361599331e-07 2.8357346013200913e-07
384 960 0 4.1330715800740264e-07 2.2650496911705979e-07
392 960 0 3.2517098424489206e-07 1.8022973985011734e-07
400 960 0 2.5488241361656352e-07 1.4286043008671465e-07
408 960 0 1.9904209192133891e-07 1.128117668935442e-07
416 960 0 1.5485831392303453e-07 8.8754885944681165e-08
424 960 0 1.2004262938741343e-07 6.9579167906239585e-08
432 960 0 9.2723918866803501e-08 5.4360064714902477e-08
440 960 0 7.1377432079032181e-08 4.2331659469992859e-08
448 960 0 5.4765832013579045e-08 3.2862991524346927e-08
456 960 0 4.1889884437023058e-08 2.5437447058045492e-08
464 960 0 3.1946980924929103e-08 1.9634734159365085e-08
472 960 0 2.4296135582057064e-08 1.5115119403970287e-08
480 960 0 1.8428437081176294e-08 1.1605703087904222e-08
488 960 0 1.394217659945737e-08 8.8885635216834537e-09
496 960 0 1.0522028454460207e-08 6.790621117330454e-09
504 960 0 7.9217572922816754e-09 5.1750740309099284e-09
512 960 0 5.9499855620056405e-09 3.9342500756732884e-09
520 960 0 4.4585952944138405e-09 2.9837124091385481e-09
528 960 0 3.3333710494638637e-09 2.2574537229836152e-09
536 960 0 2.4865233695851281e-09 1.7040171494414413e-09
544 960 0 1.850767170608288e-09 1.2833916666244534e-09
552 960 0 1.3746674333916104e-09 9.6454407465692345e-10
560 960 0 1.0190039805475388e-09 7.2346676687917128e-10
568 960 0 7.5394610477389068e-10 5.4163869103002563e-10
576 960 0 5.5686451378411008e-10 4.048145622998994e-10
584 960 0 4.1064108347118583e-10 3.0207349122798721e-10
592 960 0 3.0236546648765096e-10 2.2507213044751868e-10
600 960 0 2.2233144760704279e-10 1.6745902778256207e-10
608 960 0 1.6326526842908472e-10 1.2441619007097846e-10
616 960 0 1.1973344697488883e-10 9.2301178830277527e-11
624 960 0 8.7689519272208373e-11 6.8368720646262348e-11
632 960 0 6.4128284385164639e-11 5.0555174246591081e-11
640 960 0 4.6823146078701324e-11 3.7312567499200585e-11
648 960 0 3.4127526652266554e-11 2.748155722731382e-11
656 960 0 2.482548963974547e-11 2.0194766179436373e-11
664 960 0 1.8019956494127532e-11 1.4803652075187814e-11
672 960 0 1.3049462341315525e-11 1.0823456438848867e-11
680 960 0 9.4264268039655463e-12 7.8919275648638888e-12
688 960 0 6.7915307589048084e-12 5.7384539297998354e-12
696 960 0 4.8800705406242548e-12 4.1610116305277176e-12
704 960 0 3.4971694482794326e-12 3.0089460993380154e-12
712 960 0 2.4995118520527088e-12 2.1700958779293594e-12
720 960 0 1.7818689860116222e-12 1.5611447773507977e-12
728 960 0 1.2671430354032134e-12 1.1203773792227181e-12
736 960 0 8.989978558524052e-13 8.0222919350650996e-13
744 960 0 6.3639655060365668e-13 5.7318263491015737e-13
752 960 0 4.4954978308739504e-13 4.0867681029487937e-13
760 960 0 3.1691159827155418e-13 2.9078400716869468e-13
768 960 0 2.2295538510570633e-13 2.0646747330256302e-13
776 960 0 1.5653186547231415e-13 1.4628019794306079e-13
784 960 0 1.0966133936785723e-13 1.0339778120728034e-13
792 960 0 7.6649376706289943e-14 7.2903530555971387e-14
800 960 0 5.3442599288960251e-14 5.1263010115121711e-14
808 960 0 3.7161818163141487e-14 3.593999092700909e-14
816 960 0 2.5765418032065714e-14 2.5117193815402366e-14
824 960 0 1.7807779831875895e-14 1.7494131598470873e-14
832 960 0 1.2266598906786785e-14 1.2141281963464154e-14
840 960 0 8.4198393482371949e-15 8.3951619236612433e-15
848 960 0 5.7582546089081936e-15 5.7829498442295857e-15
856 960 0 3.9232807908452518e-15 3.9683733702887645e-15
864 960 0 2.6629734656893379e-15 2.7128683035464498e-15
872 960 0 1.8007521464648543e-15 1.8476941938172268e-15
880 960 0 1.2132299357585671e-15 1.2539137784180051e-15
888 960 0 8.1448973563453437e-16 8.4802268018690435e-16
896 960 0 5.4493877770497186e-16 5.7164451702696205e-16
904 960 0 3.6341796118770219e-16 3.8415450243944257e-16
912 960 0 2.4162670430361854e-16 2.5741355156121004e-16
920 960 0 1.6019506289650081e-16 1.7202252876924988e-16
928 960 0 1.0592655463897412e-16 1.1466946183494198e-16
936 960 0 6.9871235489072587e-17 7.6260207423280965e-17
944 960 0 4.5985673927149815e-17 5.060836143936647e-17
952 960 0 3.0206036249759379e-17 3.352233260967164e-17
960 960 0 1.9810489889072093e-17 2.2172846808772573e-17
968 960 0 1.2983100782300394e-17 1.4657251724711572e-17
976 960 0 8.5172559233188173e-18 9.7010955246137712e-18
984 960 0 5.6151745804052172e-18 6.454927999642933e-18
992 960 0 3.7532989020404064e-18 4.3568698337639072e-18
1000 960 0 2.5927508973314821e-18 3.0405236502505701e-18
1008 960 0 1.9206935287335199e-18 2.2742425558682709e-18
1016 960 0 1.6131426522101346e-18 1.9223689809889105e-18
0 968 0 4.9264523908903993e-05 2.1431220090654786e-05
8 968 0 4.9645085944385075e-05 2.1600642330657586e-05
16 968 0 5.038138914812665e-05 2.1928530065072046e-05
24 968 0 5.1425229781726391e-05 2.2393604689491432e-05
32 968 0 5.2707807594416134e-05 2.2965496065767336e-05
40 968 0 5.4143686776950095e-05 2.3606491752633972e-05
48 968 0 5.5635684388778822e-05 2.4273696176611235e-05
56 968 0 5.708038138234901e-05 2.4921465114162456e-05
64 968 0 5.8373913262954788e-05 2.5503963785998e-05
72 968 0 5.9417682000352992e-05 2.5977689772468349e-05
80 968 0 6.0123639637099146e-05 2.6303805628639418e-05
88 968 0 6.0418827012896089e-05 2.6450140544410547e-05
96 968 0 6.0248906166054455e-05 2.6392744845718504e-05
104 968 0 5.9580498418201462e-05 2.6116913882052687e-05
112 968 0 5.8402226340126662e-05 2.5617636412134555e-05
120 968 0 5.6724449898193415e-05 2.4899463890561848e-05
128 968 0 5.4577777578198874e-05 2.3975837647298631e-05
136 968 0 5.2010514718622974e-05 2.2867947424030501e-05
144 968 0 4.9085277026220406e-05 2.1603224047596593e-05
152 968 0 4.5875042194683522e-05 2.0213588852605197e-05
160 968 0 4.2458933675862122e-05 1.8733591450607442e-05
168 968 0 3.8918027308613821e-05 1.7198565323802324e-05
176 968 0 3.5331445423123181e-05 1.5642918344625636e-05
184 968 0 3.1772958050865508e-05 1.4098654506857294e-05
192 968 0 2.8308252421074444e-05 1.2594196438872139e-05
200 968 0 2.4992966366475598e-05 1.1153548591780706e-05
208 968 0 2.1871515109838266e-05 9.7958113342095603e-06
216 968 0 1.8976680119150037e-05 8.5350292318244285e-06
224 968 0 1.6329878114862419e-05 7.3803346754502903e-06
232 968 0 1.3941991148365824e-05 6.3363321445217422e-06
240 968 0 1.1814616478265814e-05 5.4036593473431073e-06
248 968 0 9.94158759914765e-06 4.5796590937232324e-06
256 968 0 8.3106236316284971e-06 3.859099212170009e-06
264 968 0 6.9049807012084118e-06 3.2348858450261847e-06
272 968 0 5.7050026373806267e-06 2.6987265128764755e-06
280 968 0 4.689495869575303e-06 2.2417118648405852e-06
288 968 0 3.8368815738766135e-06 1.8547975920612652e-06
296 968 0 3.1261042649891691e-06 1.5291794153128661e-06
304 968 0 2.5372981897262405e-06 1.2565635473767391e-06
312 968 0 2.0522299140586878e-06 1.0293421264946331e-06
320 968 0 1.6545470143495339e-06 8.406877088907076e-07
328 968 0 1.3298690309084162e-06 6.8458316520949052e-07
336 968 0 1.0657585337423527e-06 5.5580361499101353e-07
344 968 0 8.516082850886202e-07 4.4986583386122018e-07
352 968 0 6.7847616676725979e-07 3.6295839064973621e-07
360 968 0 5.3889383832742294e-07 2.9186309407630938e-07
368 968 0 4.2666892382879109e-07 2.3387555127072495e-07
376 968 0 3.3669460194528193e-07 1.8673006167071138e-07
384 968 0 2.6477527729960438e-07 1.4853188070779826e-07
392 968 0 2.0747280393280265e-07 1.1769818031208941e-07
400 968 0 1.6197459428018863e-07 9.2907819336374894e-08
408 968 0 1.2598282132838166e-07 7.3059270592957255e-08
416 968 0 9.7622661939301253e-08 5.723565198373328e-08
424 968 0 7.5366946470922994e-08 4.4675682916490437e-08
432 968 0 5.7974477373483604e-08 3.4749441493319897e-08
440 968 0 4.4439479093473198e-08 2.6937952985558983e-08
448 968 0 3.3949997955393361e-08 2.0815834058185684e-08
456 968 0 2.5853476800112596e-08 1.6036407636910463e-08
464 968 0 1.9628115418499798e-08 1.2318865506429305e-08
472 968 0 1.485895632560756e-08 9.4371792564495045e-09
480 968 0 1.1217892312886862e-08 7.210544768289432e-09
488 968 0 8.4469796962864947e-09 5.4951969031708749e-09
496 968 0 6.3445704391072757e-09 4.1774580153529316e-09
504 968 0 4.7538620378932007e-09 3.1678952543884747e-09
512 968 0 3.5535205966496556e-09 2.3964649653559849e-09
520 968 0 2.6500718217719718e-09 1.8085234726418687e-09
528 968 0 1.9717853966525912e-09 1.3615856528112725e-09
536 968 0 1.4638057386485736e-09 1.0227176309365545e-09
544 968 0 1.0843092093700419e-09 7.6645796123824602e-10
552 968 0 8.0149523276187461e-10 5.7317220062973578e-10
560 968 0 5.9124611596819605e-10 4.2775786457934276e-10
568 968 0 4.3531679326735114e-10 3.1862931150653954e-10
576 968 0 3.1994028653951987e-10 2.3692422724459021e-10
584 968 0 2.3475665959682249e-10 1.7588442387436335e-10
592 968 0 1.7199221237670516e-10 1.303732541109458e-10
600 968 0 1.2583150372662103e-10 9.6499943880421759e-11
608 968 0 9.1937653792509328e-11 7.1327614636575394e-11
616 968 0 6.7086576055172325e-11 5.2646870919716503e-11
624 968 0 4.8888729485477098e-11 3.8800789786731275e-11
632 968 0 3.5578086292569629e-11 2.855019809259501e-11
640 968 0 2.585267436239792e-11 2.0970471716303404e-11
648 968 0 1.8754613893707544e-11 1.537291275855901e-11
656 968 0 1.3580297540512796e-11 1.1245192099232674e-11
664 968 0 9.813471742705862e-12 8.2064847514216697e-12
672 968 0 7.0756184993570646e-12 5.9738438419584608e-12
680 968 0 5.0893232224848917e-12 4.3371035814806546e-12
688 968 0 3.6513254770255409e-12 3.1402052818792675e-12
696 968 0 2.6127433674387509e-12 2.267327173185504e-12
704 968 0 1.8645824410441639e-12 1.6325870072352687e-12
712 968 0 1.3271200357378292e-12 1.1723918163148797e-12
720 968 0 9.4212339959891633e-13 8.3974558641270583e-13
728 968 0 6.6713746507484318e-13 6.0000557032837022e-13
736 968 0 4.71285057719576e-13 4.277127981328292e-13
744 968 0 3.32174608262235e-13 3.0422194234142168e-13
752 968 0 2.3362132206558993e-13 2.1592846102180511e-13
760 968 0 1.6396785523183998e-13 1.529437430397142e-13
768 968 0 1.1484815494817931e-13 1.0810723015752703e-13
776 968 0 8.0279557775951276e-14 7.6252307696362873e-14
784 968 0 5.5998173960325246e-14 5.3663165407531981e-14
792 968 0 3.8974384930230172e-14 3.7674991776059772e-14
800 968 0 2.7061318654156364e-14 2.6381280634803887e-14
808 968 0 1.8741090338376509e-14 1.8420727824764979e-14
816 968 0 1.294253798557559e-14 1.2822880046490124e-14
824 968 0 8.9109266331706375e-15 8.8968531987052572e-15
832 968 0 6.1151906075804111e-15 6.1514082992063734e-15
840 968 0 4.1821245473763088e-15 4.2377148008608862e-15
848 968 0 2.8498138327007203e-15 2.9084407762074733e-15
856 968 0 1.9347365895778992e-15 1.9885442012673526e-15
864 968 0 1.308546424723546e-15 1.3544270409657919e-15
872 968 0 8.8169419225307665e-16 9.1905795421177764e-16
880 968 0 5.918758520564191e-16 6.2135408370214798e-16
888 968 0 3.9588556608561773e-16 4.1860416954891664e-16
896 968 0 2.6387287578571642e-16 2.8106590191925544e-16
904 968 0 1.7529860450006008e-16 1.8811935668764211e-16
912 968 0 1.1609192578103588e-16 1.2553477852258266e-16
920 968 0 7.665690454861644e-17 8.3538158347884375e-17
928 968 0 5.0479367773725452e-17 5.5447186865248663e-17
936 968 0 3.3157292576402146e-17 3.6713942912670441e-17
944 968 0 2.172912839059867e-17 2.4256545536551145e-17
952 968 0 1.4210901257427743e-17 1.5995134992331636e-17
960 968 0 9.2789384561503512e-18 1.0531551432921741e-17
968 968 0 6.0536223461722118e-18 6.9294784361281825e-18
976 968 0 3.9528473329914728e-18 4.5644085903273445e-18
984 968 0 2.5933085637261599e-18 3.0218660166790573e-18
992 968 0 1.7244655566407652e-18 2.0288333453996412e-18
1000 968 0 1.1847726485814889e-18 1.4079782487499932e-18
1008 968 0 8.7311560069842922e-19 1.0475779280350907e-18
1016 968 0 7.3075456436963263e-19 8.8238808784050199e-19
0 976 0 3.4023116332539809e-05 1.5241407576364184e-05
8 976 0 3.4284108010635116e-05 1.5360977933749959e-05
16 976 0 3.4789027041152346e-05 1.5592362106974304e-05
24 976 0 3.5504733345629628e-05 1.5920496436096763e-05
32 976 0 3.63839265559673e-05 1.6323881038448834e-05
40 976 0 3.7367868813581479e-05 1.6775817963368616e-05
48 976 0 3.8389744942033089e-05 1.7245939446745733e-05
56 976 0 3.9378450404326365e-05 1.7701930978022645e-05
64 976 0 4.0262571396025678e-05 1.811134186692911e-05
72 976 0 4.0974310960301113e-05 1.8443371040051879e-05
80 976 0 4.1453121193172899e-05 1.8670518443926247e-05
88 976 0 4.164882432477835e-05 1.8770002688117739e-05
96 976 0 4.1524043326427391e-05 1.8724862839627064e-05
104 976 0 4.1055813036477965e-05 1.8524685381723497e-05
112 976 0 4.0236301813198815e-05 1.8165924526927847e-05
120 976 0 3.9072636744319463e-05 1.7651813153873952e-05
128 976 0 3.7585887356394865e-05 1.6991890221804009e-05
136 976 0 3.5809318502720389e-05 1.6201196215902585e-05
144 976 0 3.378606815991767e-05 1.5299208866302736e-05
152 976 0 3.1566436761748068e-05 1.4308605432935454e-05
160 976 0 2.9204989377195199e-05 1.3253944298666923e-05
168 976 0 2.6757670034953273e-05 1.2160357273660548e-05
176 976 0 2.4279109959202079e-05 1.1052335463921102e-05
184 976 0 2.1820280996906737e-05 9.9526770539587711e-06
192 976 0 1.942660575924702e-05 8.8816466618274237e-06
200 976 0 1.7136591275055806e-05 7.8563750914197915e-06
208 976 0 1.4981007693389948e-05 6.8905074164483177e-06
216 976 0 1.2982591845537037e-05 5.9940882736130003e-06
224 976 0 1.1156220588069466e-05 5.1736575267929529e-06
232 976 0 9.5094730587179219e-06 4.4325180896479016e-06
240 976 0 8.0434853763299816e-06 3.7711311019358327e-06
248 976 0 6.7539958500377184e-06 3.1875917491099316e-06
256 976 0 5.632482386686467e-06 2.6781412449420302e-06
264 976 0 4.6673047174304488e-06 2.2376759837779629e-06
272 976 0 3.8447800865714957e-06 1.860222550809131e-06
280 976 0 3.1501398130063638e-06 1.5393560565689392e-06
288 976 0 2.5683334480305582e-06 1.2685481258460552e-06
296 976 0 2.0846652705412936e-06 1.0414389944478755e-06
304 976 0 1.6852632283628126e-06 8.5203496136342789e-07
312 976 0 1.3573923380332808e-06 6.9483757602540701e-07
320 976 0 1.0896326974476438e-06 5.6491431690189012e-07
328 976 0 8.7194678791679147e-07 4.5792224299162475e-07
336 976 0 6.9566211288330264e-07 3.7009642085905001e-07
344 976 0 5.5339410913247488e-07 2.9821417595614532e-07
352 976 0 4.3893142284589686e-07 2.3954474392136293e-07
360 976 0 3.4710179656170347e-07 1.9179204176571947e-07
368 976 0 2.73632598625546e-07 1.5303632520324509e-07
376 976 0 2.1501593978642847e-07 1.2167866215885346e-07
384 976 0 1.6838470283508196e-07 9.639057446452242e-08
392 976 0 1.3140285248338436e-07 7.6069951449418291e-08
400 976 0 1.021711593597512e-07 5.9803434920437427e-08
408 976 0 7.9147933612828586e-08 4.6834887715553074e-08
416 976 0 6.1083427094072385e-08 3.6539234845228869e-08
424 976 0 4.6966103237257497e-08 2.8400843233665497e-08
432 976 0 3.5978858110108071e-08 2.1995619263375533e-08
440 976 0 2.7463382678264821e-08 1.6976096415208378e-08
448 976 0 2.0891084125099449e-08 1.3058913830293912e-08
456 976 0 1.5839257546268921e-08 1.0014219253843674e-08
464 976 0 1.1971467981758668e-08 7.6566474367411299e-09
472 976 0 9.0213377174918345e-09 5.8376186081157253e-09
480 976 0 6.7791229602334585e-09 4.4387693526534037e-09
488 976 0 5.0806066969729976e-09 3.3663729993134971e-09
496 976 0 3.7979368344353833e-09 2.5466336046718924e-09
504 976 0 2.8321095552999636e-09 1.9217524825932371e-09
512 976 0 2.1068465077830029e-09 1.4466740888666527e-09
520 976 0 1.5636489824985701e-09 1.0864228392734018e-09
528 976 0 1.1578386788363272e-09 8.13946717816264e-10
536 976 0 8.5541702969447457e-10 6.0838870895409903e-10
544 976 0 6.3059558759359912e-10 4.5371362177644282e-10
552 976 0 4.6386962424894555e-10 3.3762560851292906e-10
560 976 0 3.4052598090044673e-10 2.5072013506774932e-10
568 976 0 2.4949403066508128e-10 1.8582276260226986e-10
576 976 0 1.8246495899723661e-10 1.3747532754228327e-10
584 976 0 1.3321908027753108e-10 1.015375793192914e-10
592 976 0 9.7113385781275278e-11 7.4878826595429884e-11
600 976 0 7.0691928352081936e-11 5.5139575374539093e-11
608 976 0 5.1390103545781708e-11 4.054755024672762e-11
616 976 0 3.7310596376877433e-11 2.9775979678294893e-11
624 976 0 2.7053988987532681e-11 2.1834740497944418e-11
632 976 0 1.9591040360304714e-11 1.5987045932264915e-11
640 976 0 1.4166709569973819e-11 1.1685964792424101e-11
648 976 0 1.0228319524173233e-11 8.5262943695343113e-12
656 976 0 7.372028285977252e-12 6.2082692545355441e-12
664 976 0 5.3031294090789921e-12 4.5103423336268698e-12
672 976 0 3.8067457167517625e-12 3.2688727826053021e-12
680 976 0 2.7262889403943137e-12 2.363034282090578e-12
688 976 0 1.9476857577950493e-12 1.7036397192304916e-12
696 976 0 1.387859097917885e-12 1.2248842695208659e-12
704 976 0 9.863318156019452e-13 8.7825062544221869e-13
712 976 0 6.9911071927689936e-13 6.280093164609298e-13
720 976 0 4.9423044260516523e-13 4.478929569937511e-13
728 976 0 3.4850338740969087e-13 3.1863407766515231e-13
736 976 0 2.4514593736172376e-13 2.2613912035785224e-13
744 976 0 1.7204221889979377e-13 1.6013238936244123e-13
752 976 0 1.2047288796878862e-13 1.1314843409680131e-13
760 976 0 8.4184144367882746e-14 7.9783710863957235e-14
768 976 0 5.8706403041076777e-14 5.6141751907102529e-14
776 976 0 4.0856568980140314e-14 3.9422988795810962e-14
784 976 0 2.8375472555171836e-14 2.762270140515341e-14
792 976 0 1.9664751107919982e-14 1.930963382231019e-14
800 976 0 1.3596744487077905e-14 1.3464574167078459e-14
808 976 0 9.3778055576286139e-15 9.3632847807478947e-15
816 976 0 6.4505009238706723e-15 6.492037061704918e-15
824 976 0 4.4239681274729625e-15 4.486958505697675e-15
832 976 0 3.0245355840456436e-15 3.0906550235347675e-15
840 976 0 2.060837064101042e-15 2.1212874832752667e-15
848 976 0 1.3992365375814038e-15 1.4505772951193165e-15
856 976 0 9.4655146071166091e-16 9.8818512886623834e-16
864 976 0 6.3792251505678227e-16 6.7062390966676378e-16
872 976 0 4.2830248427920549e-16 4.5339170797387116e-16
880 976 0 2.8648625221682465e-16 3.0538959983959444e-16
888 976 0 1.909240708053823e-16 2.0496149528023542e-16
896 976 0 1.2678657174379824e-16 1.3708630404191818e-16
904 976 0 8.3909001498402154e-17 9.1389603001657926e-17
912 976 0 5.5353428787354765e-17 6.0738496993681117e-17
920 976 0 3.6405415365559471e-17 4.0251489183056969e-17
928 976 0 2.3875993184943253e-17 2.6603374588782199e-17
936 976 0 1.561788434135181e-17 1.7539408235050336e-17
944 976 0 1.0191693425112173e-17 1.1537434965486497e-17
952 976 0 6.6367187519573765e-18 7.5741825054703661e-18
960 976 0 4.3144274847045937e-18 4.9645109714457575e-18
968 976 0 2.8021476205816224e-18 3.2514747255905894e-18
976 976 0 1.8212782702960702e-18 2.1315690626954026e-18
984 976 0 1.1891020589493503e-18 1.4042065047768096e-18
992 976 0 7.8666250301795199e-19 9.378030536228133e-19
1000 976 0 5.3754797626490706e-19 6.4722467231658182e-19
1008 976 0 3.9409369546192626e-19 4.7902190523650292e-19
1016 976 0 3.2868613471461941e-19 4.0206842965501323e-19
0 984 0 2.3374020227042555e-05 1.0649096105497254e-05
8 984 0 2.3552068721197272e-05 1.0732039289437844e-05
16 984 0 2.389649682445588e-05 1.0892530216696466e-05
24 984 0 2.4384642738294397e-05 1.1120090607335232e-05
32 984 0 2.4984161470949032e-05 1.1399765085018269e-05
40 984 0 2.5654886487827961e-05 1.1712982325753518e-05
48 984 0 2.6351127018001317e-05 1.2038617924031773e-05
56 984 0 2.7024257700184306e-05 1.2354192704142059e-05
64 984 0 2.7625439517134531e-05 1.2637131878891147e-05
72 984 0 2.810830390772205e-05 1.2866007052579063e-05
80 984 0 2.8431436253378805e-05 1.3021684939794094e-05
88 984 0 2.8560510506413656e-05 1.3088313818364694e-05
96 984 0 2.8469952591613241e-05 1.305409073481415e-05
104 984 0 2.8144044538268947e-05 1.2911768498209018e-05
112 984 0 2.7577421491903842e-05 1.2658880321294973e-05
120 984 0 2.6774956646756953e-05 1.229768009756251e-05
128 984 0 2.5751071269043657e-05 1.1834816087351209e-05
136 984 0 2.4528544919958623e-05 1.1280773582761766e-05
144 984 0 2.3136931691064908e-05 1.0649136468852761e-05
152 984 0 2.161070938671603e-05 9.9557273750320375e-06
160 984 0 1.9987298724486208e-05 9.2176906527089905e-06
168 984 0 1.8305088449444534e-05 8.4525815855087388e-06
176 984 0 1.6601590532745031e-05 7.6775194264570477e-06
184 984 0 1.4911829078823186e-05 6.9084519180835508e-06
192 984 0 1.3267039667276823e-05 6.1595660919701968e-06
200 984 0 1.1693725507877328e-05 5.4428657671784783e-06
208 984 0 1.0213085987201731e-05 4.767921706188217e-06
216 984 0 8.8408046971335954e-06 4.1417871484034412e-06
224 984 0 7.5871601154809837e-06 3.5690604725884821e-06
232 984 0 6.4574043157447477e-06 3.0520687429731742e-06
240 984 0 5.4523441874070109e-06 2.5911411889229707e-06
248 984 0 4.5690556451508751e-06 2.1849402048868433e-06
256 984 0 3.8016635159670675e-06 1.8308188707193994e-06
264 984 0 3.1421270303649746e-06 1.5251776870654742e-06
272 984 0 2.5809816161894827e-06 1.263798470382013e-06
280 984 0 2.1080004122897249e-06 1.0421394007166389e-06
288 984 0 1.7127520855135968e-06 8.5558136251696142e-07
296 984 0 1.3850438837264293e-06 6.9962138681486424e-07
304 984 0 1.1152494519394494e-06 5.7001377642336321e-07
312 984 0 8.9452920420355835e-07 4.6286313382972249e-07
320 984 0 7.1495675831029325e-07 3.7467593913735058e-07
328 984 0 5.6956818222031169e-07 3.0237860569647978e-07
336 984 0 4.5235187538309868e-07 2.4331023750020396e-07
344 984 0 3.5819626111551534e-07 1.9519784801695954e-07
352 984 0 2.828106040913867e-07 1.5612081875451016e-07
360 984 0 2.2263168621993335e-07 1.2447011034177012e-07
368 984 0 1.7472621030939569e-07 9.8906388316150313e-08
376 984 0 1.3669599742204964e-07 7.8319942364378834e-08
384 984 0 1.0659053995034245e-07 6.1794162884739515e-08
392 984 0 8.2829406431013771e-08 4.8573446052370589e-08
400 984 0 6.4135417491159812e-08 3.8035741868591389e-08
408 984 0 4.9478410270067283e-08 2.9669523342761303e-08
416 984 0 3.8028722224469726e-08 2.3054704869602658e-08
424 984 0 2.9119171989867156e-08 1.7846931247390341e-08
432 984 0 2.2214206076976365e-08 1.3764652033131706e-08
440 984 0 1.6884932621905831e-08 1.057845005635899e-08
448 984 0 1.2788907533210623e-08 8.1021765918888261e-09
456 984 0 9.6537212118930262e-09 6.1855363343758952e-09
464 984 0 7.2636193413764932e-09 4.7078486403821746e-09
472 984 0 5.4485575415939525e-09 3.572780175897882e-09
480 984 0 4.0752269887784716e-09 2.7038959714549869e-09
488 984 0 3.0396945466701978e-09 2.0409121503027998e-09
496 984 0 2.2613795827190453e-09 1.536557251716338e-09
504 984 0 1.6781458612797446e-09 1.1539636940202191e-09
512 984 0 1.2423266514942699e-09 8.6451985628873303e-10
520 984 0 9.1752979860464616e-10 6.4611918389392389e-10
528 984 0 6.7609117522464163e-10 4.8174750361168556e-10
536 984 0 4.9706257144787845e-10 3.5835445824659612e-10
544 984 0 3.6463547897258912e-10 2.6596010862101e-10
552 984 0 2.6691627826673977e-10 1.9695334598220578e-10
560 984 0 1.9498136845797407e-10 1.4554461244247266e-10
568 984 0 1.4215278080631449e-10 1.0734124985876679e-10
576 984 0 1.0344565253478936e-10 7.901930646244724e-11
584 984 0 7.5148470332830675e-11 5.8070609944700407e-11
592 984 0 5.450514789220447e-11 4.2608237889070808e-11
600 984 0 3.9474790131755906e-11 3.121713822032603e-11
608 984 0 2.8550505912862047e-11 2.2839597632919661e-11
616 984 0 2.0623003098127845e-11 1.6687593278749587e-11
624 984 0 1.4878105220208242e-11 1.2175883767324439e-11
632 984 0 1.0719943617657076e-11 8.871096742647638e-12
640 984 0 7.7135669691573892e-12 6.4531426008164297e-12
648 984 0 5.5422145079363002e-12 4.6861050162369327e-12
656 984 0 3.9756370327208357e-12 3.3963912532564163e-12
664 984 0 2.8467130577354092e-12 2.4564163513435829e-12
672 984 0 2.0342655983124024e-12 1.7724801184393602e-12
680 984 0 1.4504894616852452e-12 1.2757994787090686e-12
688 984 0 1.0317868265068302e-12 9.1589893128821909e-13
696 984 0 7.321074994025617e-13 6.5575159851532331e-13
704 984 0 5.1811954229751553e-13 4.6821227330442967e-13
712 984 0 3.6571106668530112e-13 3.3339965259159823e-13
720 984 0 2.5745659486808267e-13 2.3677384773708255e-13
728 984 0 1.8078078507922546e-13 1.6772260233046541e-13
736 984 0 1.2662599014609912e-13 1.1851994721562464e-13
744 984 0 8.848411313370323e-14 8.3558105766090536e-14
752 984 0 6.1692387812184978e-14 5.8780500156603646e-14
760 984 0 4.292088051850415e-14 4.1263263849378595e-14
768 984 0 2.9799654504122883e-14 2.8906748536953894e-14
776 984 0 2.064791023092614e-14 2.0208658749214175e-14
784 984 0 1.4277682840064015e-14 1.4097789715107821e-14
792 984 0 9.8520484685433122e-15 9.8127026393766695e-15
800 984 0 6.7831209336721202e-15 6.8136235534057853e-15
808 984 0 4.6590078678081337e-15 4.7187976898204802e-15
816 984 0 3.1917544293254954e-15 3.2587464945451769e-15
824 984 0 2.1804188196839948e-15 2.2435493077889677e-15
832 984 0 1.4849955289799775e-15 1.5395400550656661e-15
840 984 0 1.0080697449879504e-15 1.0527673191130916e-15
848 984 0 6.8195095989314987e-16 7.1728557768825394e-16
856 984 0 4.596703715134022e-16 4.8688108919825871e-16
864 984 0 3.0869169150089572e-16 3.2923082355588655e-16
872 984 0 2.0652161661636567e-16 2.2178086766283982e-16
880 984 0 1.3764763883521089e-16 1.4883861338161376e-16
888 984 0 9.1402432745555658e-17 9.9521638059826643e-17
896 984 0 6.0474996010838673e-17 6.6311575732959571e-17
904 984 0 3.9873415745110719e-17 4.4035585753291435e-17
912 984 0 2.6203182406804249e-17 2.9150246380550516e-17
920 984 0 1.7166044664858787e-17 1.9239370700700684e-17
928 984 0 1.1212962043658863e-17 1.266303114128439e-17
936 984 0 7.3046100150030206e-18 8.3132743263487897e-18
944 984 0 4.7467943831921467e-18 5.4448990419200261e-18
952 984 0 3.0778784124276374e-18 3.5588403395297392e-18
960 984 0 1.9921807343280958e-18 2.3222467503764979e-18
968 984 0 1.2881329604716091e-18 1.5140146601100133e-18
976 984 0 8.3339273431104352e-19 9.8788553598502659e-19
984 984 0 5.4150810595068966e-19 6.4759395299866065e-19
992 984 0 3.5641601060968284e-19 4.3024649240826916e-19
1000 984 0 2.4223954688697421e-19 2.9530842937793285e-19
1008 984 0 1.7667483203296543e-19 2.1741886342896082e-19
1016 984 0 1.4683612746321288e-19 1.8185000725140653e-19
0 992 0 1.611254222662271e-05 7.2614780004198451e-06
8 992 0 1.6234404201912376e-05 7.3176645192848961e-06
16 992 0 1.6470123101657072e-05 7.4263737227988079e-06
24 992 0 1.6804152530072439e-05 7.5804902082219579e-06
32 992 0 1.7214303161049966e-05 7.7698583098990655e-06
40 992 0 1.7673019684795299e-05 7.9818668030326613e-06
48 992 0 1.8148956482055041e-05 8.2021705359462759e-06
56 992 0 1.860875370801346e-05 8.4155039921708459e-06
64 992 0 1.9018903362283849e-05 8.6065361548506821e-06
72 992 0 1.9347590146961823e-05 8.7607137607602271e-06
80 992 0 1.9566394927244047e-05 8.8650413261347587e-06
88 992 0 1.965175931818657e-05 8.9087511882270867e-06
96 992 0 1.9586127646772016e-05 8.8838249448412242e-06
104 992 0 1.9358706018656471e-05 8.785338519612476e-06
112 992 0 1.8965805678778974e-05 8.6116158131248683e-06
120 992 0 1.8410767138200117e-05 8.3641895085568369e-06
128 992 0 1.7703490294973407e-05 8.04758097407025e-06
136 992 0 1.685962168096558e-05 7.668923238993043e-06
144 992 0 1.5899470955591821e-05 7.2374607354730875e-06
152 992 0 1.4846743249725148e-05 6.7639661369908828e-06
160 992 0 1.3727180982241998e-05 6.2601177422442104e-06
168 992 0 1.2567208098403178e-05 5.7378803510413565e-06
176 992 0 1.139266181809995e-05 5.2089287146450808e-06
184 992 0 1.0227683093038963e-05 4.6841459857842229e-06
192 992 0 9.093818718603486e-06 4.1732209486733373e-06
200 992 0 8.0093673907589885e-06 3.6843581171183392e-06
208 992 0 6.9889809742160105e-06 3.2241050129857203e-06
216 992 0 6.0435127380240507e-06 2.7972919591095447e-06
224 992 0 5.1800878646976652e-06 2.4070722507833184e-06
232 992 0 4.4023592265914413e-06 2.0550450891533064e-06
240 992 0 3.7109037944087602e-06 1.7414403929982507e-06
248 992 0 3.1037121164995088e-06 1.4653435286513663e-06
256 992 0 2.5767246418917891e-06 1.2249388740752785e-06
264 992 0 2.1243734624397376e-06 1.017753567925237e-06
272 992 0 1.7400953136282841e-06 8.4088630256119865e-07
280 992 0 1.4167903200016894e-06 6.9121009228803548e-07
288 992 0 1.1472099748060242e-06 5.6554211070757257e-07
296 992 0 9.2426633356695604e-07 4.6077755015947331e-07
304 992 0 7.4126172627866809e-07 3.7398772566078129e-07
312 992 0 5.9204404735748402e-07 3.0248515684607433e-07
320 992 0 4.7109670116836291e-07 2.4386005714193033e-07
328 992 0 3.7357460545151838e-07 1.9599357676879331e-07
336 992 0 2.952984841105088e-07 1.5705339127258988e-07
344 992 0 2.3271931316677687e-07 1.2547694794873847e-07
352 992 0 1.8286356191679086e-07 9.9947042174595839e-08
360 992 0 1.4326813451309354e-07 7.9363551706839817e-08
368 992 0 1.1191196519016547e-07 6.2814245119230222e-08
376 992 0 8.7149291810767422e-08 4.9546705611282213e-08
384 992 0 6.7647895622445868e-08 3.8942644327896578e-08
392 992 0 5.2334149612071839e-08 3.0495256818941932e-08
400 992 0 4.0345603542399849e-08 2.3789813948759963e-08
408 992 0 3.0991044475571257e-08 1.8487365794496026e-08
416 992 0 2.3717470016431619e-08 1.4311252208038107e-08
424 992 0 1.8083143246822721e-08 1.1036028743044436e-08
432 992 0 1.3735803574522038e-08 8.4784025024543267e-09
440 992 0 1.0395129845043599e-08 6.4898027768622318e-09
448 992 0 7.838642906415484e-09 4.9502646267951391e-09
456 992 0 5.8903571919876108e-09 3.7633640199054155e-09
464 992 0 4.411618847562179e-09 2.8520004938143143e-09
472 992 0 3.293685545670137e-09 2.1548719959238155e-09
480 992 0 2.4517024597604401e-09 1.6235245290180315e-09
488 992 0 1.8198076886811426e-09 1.2198868579890552e-09
496 992 0 1.3471600931563815e-09 9.1421948956266379e-10
504 992 0 9.9472624447240338e-10 6.8341961680734119e-10
512 992 0 7.3269478001568063e-10 5.0963187147858926e-10
520 992 0 5.3840946465700511e-10 3.7912033394764105e-10
528 992 0 3.9472956974166828e-10 2.8136160548297335e-10
536 992 0 2.88739912862168e-10 2.0832265858571044e-10
544 992 0 2.1074442556140131e-10 1.5389105341118782e-10
552 992 0 1.5348721798370745e-10 1.1342906028303232e-10
560 992 0 1.1155416323965224e-10 8.3427205218321836e-11
568 992 0 8.0916156466050909e-11 6.1236624340263578e-11
576 992 0 5.8582422220544467e-11 4.4863230314244898e-11
584 992 0 4.2338525512979851e-11 3.2809944819850824e-11
592 992 0 3.0549080789681439e-11 2.3956067102523032e-11
600 992 0 2.2009581495746347e-11 1.7465208636009559e-11
608 992 0 1.583536040419897e-11 1.2715145508663077e-11
616 992 0 1.1378535701571853e-11 9.2444673965559921e-12
624 992 0 8.1660122995916131e-12 6.7120929206166286e-12
632 992 0 5.8533061823118122e-12 4.8666374353452637e-12
640 992 0 4.1902480972386546e-12 3.5233188719187346e-12
648 992 0 2.9955941228283941e-12 2.5466203851079061e-12
656 992 0 2.1383009817862164e-12 1.8373360509346192e-12
664 992 0 1.5237737597731222e-12 1.322939297962287e-12
672 992 0 1.0838089605471354e-12 9.5045663776526694e-13
680 992 0 7.6927079673762235e-13 6.8121866494762282e-13
688 992 0 5.447783176302861e-13 4.8700850887654412e-13
696 992 0 3.8486365040899166e-13 3.4724384899357004e-13
704 992 0 2.7120065877921667e-13 2.4691888351829886e-13
712 992 0 1.9060868150783312e-13 1.7510238517746801e-13
720 992 0 1.3361530843434492e-13 1.2384128643373775e-13
728 992 0 9.3421300952545757e-14 8.73594841266797e-14
736 992 0 6.5154440756402751e-14 6.1471549389696373e-14
744 992 0 4.5331005666661286e-14 4.3153107467041944e-14
752 992 0 3.1466661561660456e-14 3.0225726250524522e-14
760 992 0 2.1795124048887651e-14 2.1125756469616499e-14
768 992 0 1.5064753415124862e-14 1.4734901088998021e-14
776 992 0 1.0391639109389179e-14 1.0256271121536961e-14
784 992 0 7.1536947817049434e-15 7.1239880583590719e-15
792 992 0 4.914538317428311e-15 4.9375101511150013e-15
800 992 0 3.3689826894743328e-15 3.4141382441977874e-15
808 992 0 2.30416918051762e-15 2.3548386872905137e-15
816 992 0 1.5719813600004705e-15 1.6197730693250249e-15
824 992 0 1.0695563496798247e-15 1.1108624700041701e-15
832 992 0 7.2557728737615785e-16 7.5941824160381964e-16
840 992 0 4.9067018480316561e-16 5.1739956018478482e-16
848 992 0 3.3069862792430267e-16 3.5125233196884719e-16
856 992 0 2.2209406067348131e-16 2.3757631083992089e-16
864 992 0 1.4860974835516652e-16 1.6008194314572919e-16
872 992 0 9.9067071670481818e-17 1.0745454494588385e-16
880 992 0 6.5791864430743552e-17 7.1855774404467339e-17
888 992 0 4.3529953077184414e-17 4.7872479668371244e-17
896 992 0 2.8695326988451572e-17 3.1779669022387101e-17
904 992 0 1.884923584387392e-17 2.1024179901236799e-17
912 992 0 1.2339675453415594e-17 1.3863506953388656e-17
920 992 0 8.05230640776812e-18 9.1137382570906667e-18
928 992 0 5.2387830794841103e-18 5.9741789641747529e-18
936 992 0 3.3988123558133835e-18 3.9057976591896371e-18
944 992 0 2.1994402254253481e-18 2.5473541577667986e-18
952 992 0 1.4200625201840571e-18 1.6578158922435802e-18
960 992 0 9.151464780561386e-19 1.0770342562719572e-18
968 992 0 5.8909268651440142e-19 6.9904027395720764e-19
976 992 0 3.7937843799206924e-19 4.5401429631897428e-19
984 992 0 2.453219940984345e-19 2.9618611185225515e-19
992 992 0 1.6064495189582357e-19 1.9577105871385926e-19
1000 992 0 1.0859392612550666e-19 1.3364562076146755e-19
1008 992 0 7.8789107049287709e-20 9.7885724983677724e-20
1016 992 0 6.5250319696302337e-20 8.158580776691054e-20
0 1000 0 1.1359837971597694e-05 4.7527042550250155e-06
8 1000 0 1.1445134670674041e-05 4.7892695312383345e-06
16 1000 0 1.1610112264933216e-05 4.8600108367238565e-06
24 1000 0 1.1843864435695601e-05 4.9602880943768373e-06
32 1000 0 1.2130824562111613e-05 5.0834785989383535e-06
40 1000 0 1.2451661412074901e-05 5.2213582727203981e-06
48 1000 0 1.2784384296980494e-05 5.364572185074547e-06
56 1000 0 1.3105588715140567e-05 5.503164992872893e-06
64 1000 0 1.339176505954704e-05 5.6271383027368087e-06
72 1000 0 1.3620589665730998e-05 5.7270004812308249e-06
80 1000 0 1.3772119630803876e-05 5.7942752964401707e-06
88 1000 0 1.3829820368097763e-05 5.8219389500888065e-06
96 1000 0 1.3781367285682815e-05 5.8047603610892014e-06
104 1000 0 1.3619179402029163e-05 5.7395266166273082e-06
112 1000 0 1.3340661896714558e-05 5.6251437820644164e-06
120 1000 0 1.2948155037080161e-05 5.4626121011199557e-06
128 1000 0 1.2448606990825267e-05 5.25488330414814e-06
136 1000 0 1.1853006119177737e-05 5.0066155617878428e-06
144 1000 0 1.1175623015748155e-05 4.7238479398436659e-06
152 1000 0 1.0433122708714744e-05 4.4136205410104035e-06
160 1000 0 9.643612412695309e-06 4.0835685695466886e-06
168 1000 0 8.8256898366408567e-06 3.7415182617623209e-06
176 1000 0 7.9975516669621169e-06 3.3951101511378334e-06
184 1000 0 7.1762122462766661e-06 3.0514708467622973e-06
192 1000 0 6.3768698033030546e-06 2.7169489153004314e-06
200 1000 0 5.6124432147995162e-06 2.3969241759594723e-06
208 1000 0 4.8932876063226462e-06 2.0956933678933643e-06
216 1000 0 4.2270834364598332e-06 1.8164293015642175e-06
224 1000 0 3.6188821419171894e-06 1.5612057227804758e-06
232 1000 0 3.0712827103882616e-06 1.3310765162031797e-06
240 1000 0 2.5847080893601237e-06 1.1261957050486365e-06
248 1000 0 2.1577481609293704e-06 9.4596395557013844e-07
256 1000 0 1.7875368218439287e-06 7.891878200478604e-07
264 1000 0 1.4701339637052447e-06 6.5423949873449291e-07
272 1000 0 1.2008881563273128e-06 5.3920715730097122e-07
280 1000 0 9.7476184759347761e-07 4.4202847240821176e-07
288 1000 0 7.8660718893664145e-07 3.6060278586938279e-07
296 1000 0 6.3138656373921059e-07 2.9287976982774545e-07
304 1000 0 5.0433707355951195e-07 2.3692465271915614e-07
312 1000 0 4.0108233181117373e-07 1.909617155463103e-07
320 1000 0 3.1769780149382858e-07 1.5339889967453433e-07
328 1000 0 2.5073761354943745e-07 1.2283699190208093e-07
336 1000 0 1.9723144765044749e-07 9.8067036460061312e-08
344 1000 0 1.5465985192023586e-07 7.8059461246541012e-08
352 1000 0 1.2091555952325631e-07 6.1948002393534552e-08
360 1000 0 9.4257165064145869e-08 4.9010969448947666e-08
368 1000 0 7.3260163389093244e-08 3.8651801801072225e-08
376 1000 0 5.6768997150096461e-08 3.0380294660670961e-08
384 1000 0 4.3852528308954008e-08 2.379536731349186e-08
392 1000 0 3.3764315640620767e-08 1.8569833971451072e-08
400 1000 0 2.5908276362709737e-08 1.4437327179690113e-08
408 1000 0 1.9809733664712878e-08 1.1181310810858379e-08
416 1000 0 1.5091479096786501e-08 8.6259909196451187e-09
424 1000 0 1.1454272810579086e-08 6.6288704362436343e-09
432 1000 0 8.6611243795402986e-09 5.0746791949817395e-09
440 1000 0 6.5247028477756742e-09 3.8704269972679247e-09
448 1000 0 4.8972827422895649e-09 2.9413601641259192e-09
456 1000 0 3.6627163883373634e-09 2.2276408036502474e-09
464 1000 0 2.7300130524145852e-09 1.6816057951475938e-09
472 1000 0 2.0281902353701845e-09 1.2654953102999525e-09
480 1000 0 1.5021355298412592e-09 9.4956692991918097e-10
488 1000 0 1.1092766407611334e-09 7.1053104792000922e-10
496 1000 0 8.1690290779456265e-10 5.3025718536181889e-10
504 1000 0 6.0001587611850059e-10 3.9471036835390279e-10
512 1000 0 4.3961159515530302e-10 2.9308318486037761e-10
520 1000 0 3.2131579646670953e-10 2.1709366819029558e-10
528 1000 0 2.3430695460484633e-10 1.6042261513682195e-10
536 1000 0 1.7047301703186329e-10 1.1826689583030471e-10
544 1000 0 1.2375636522463869e-10 8.6988060336762617e-11
552 1000 0 8.9648999689661389e-11 6.3838218294046062e-11
560 1000 0 6.4806393422901761e-11 4.6747769816750477e-11
568 1000 0 4.675410922951869e-11 3.4162047236532219e-11
576 1000 0 3.3666201518351331e-11 2.4916220702193136e-11
584 1000 0 2.4198656172562042e-11 1.8139869340417809e-11
592 1000 0 1.7364691255980038e-11 1.31843895337014e-11
600 1000 0 1.2441687347502676e-11 9.5678941482436709e-12
608 1000 0 8.9018963655619159e-12 6.933464038637054e-12
616 1000 0 6.3609620183969354e-12 5.0175736831749178e-12
624 1000 0 4.5397500534306136e-12 3.6262622461609995e-12
632 1000 0 3.2361084293826072e-12 2.617197752929205e-12
640 1000 0 2.3040267645401036e-12 1.8862213326985509e-12
648 1000 0 1.6383021592698082e-12 1.3572919635585859e-12
656 1000 0 1.1632954480072374e-12 9.7500553377897906e-13
664 1000 0 8.2471837187421554e-13 6.9905538789890665e-13
672 1000 0 5.8365899411876381e-13 5.0014996642837163e-13
680 1000 0 4.122530345101347e-13 3.5701776222748766e-13
688 1000 0 2.905596783228357e-13 2.542186393074504e-13
696 1000 0 2.0431422209160175e-13 1.8054942831738992e-13
704 1000 0 1.4331571515550272e-13 1.2788494362371395e-13
712 1000 0 1.0027223803605108e-13 9.0336443471782038e-14
720 1000 0 6.9974653038117007e-14 6.3640655396227916e-14
728 1000 0 4.8705410523530924e-14 4.4715890429014833e-14
736 1000 0 3.3815272717510374e-14 3.1339168038892377e-14
744 1000 0 2.341994910862602e-14 2.1911056558035267e-14
752 1000 0 1.6182436323157634e-14 1.5284225238502823e-14
760 1000 0 1.1156724682993316e-14 1.0638399365894334e-14
768 1000 0 7.6755466633787469e-15 7.389206751746115e-15
776 1000 0 5.2698059472321414e-15 5.1218331621570377e-15
784 1000 0 3.610835068413597e-15 3.5428597132913464e-15
792 1000 0 2.4691157909727386e-15 2.4454225264555724e-15
800 1000 0 1.6848659496584408e-15 1.6841167398158919e-15
808 1000 0 1.1471642232963568e-15 1.1570049572212633e-15
816 1000 0 7.7919901049740372e-16 7.9278234950306674e-16
824 1000 0 5.2789177193655645e-16 5.4166457774326821e-16
832 1000 0 3.5662969102278e-16 3.6894759635337785e-16
840 1000 0 2.4019659707227968e-16 2.5047358773088593e-16
848 1000 0 1.6124965502858765e-16 1.6944897289571502e-16
856 1000 0 1.0787745326485067e-16 1.1421660740863063e-16
864 1000 0 7.1911211159226501e-17 7.6698537195940021e-17
872 1000 0 4.7758551223562917e-17 5.13085204469189e-17
880 1000 0 3.1598875972550819e-17 3.4192988458192732e-17
888 1000 0 2.0828536717918863e-17 2.2701416359265551e-17
896 1000 0 1.3678412513027188e-17 1.5016914475424384e-17
904 1000 0 8.9504723569577493e-18 9.8987634869161704e-18
912 1000 0 5.8364699758711259e-18 6.5032054775444679e-18
920 1000 0 3.793349725076729e-18 4.258956682691391e-18
928 1000 0 2.4578095916550451e-18 2.7809734878290652e-18
936 1000 0 1.5878838925271955e-18 1.8109284632861878e-18
944 1000 0 1.0231436668961356e-18 1.1762965585292125e-18
952 1000 0 6.5769533188782883e-19 7.6236718829622828e-19
960 1000 0 4.2194862713953574e-19 4.931978509166028e-19
968 1000 0 2.70369018113057e-19 3.1872366840134442e-19
976 1000 0 1.7329536273193713e-19 2.060830752601321e-19
984 1000 0 1.115059141786286e-19 1.338160799198059e-19
992 1000 0 7.2634226679178795e-20 8.8010725216644779e-20
1000 1000 0 4.8826736255235196e-20 5.976718987027147e-20
1008 1000 0 3.5234719471037007e-20 4.3554387578250702e-20
1016 1000 0 2.9072664882154014e-20 3.6177654814148323e-20
0 1008 0 8.5070608003087727e-06 2.8527771712889216e-06
8 1008 0 8.5705077519811795e-06 2.8746269186928619e-06
16 1008 0 8.6932158024077477e-06 2.916896462525468e-06
24 1008 0 8.8670556955438088e-06 2.9768087401517925e-06
32 1008 0 9.0804244754467348e-06 3.0504000866648778e-06
40 1008 0 9.3189130164076656e-06 3.1327483956672358e-06
48 1008 0 9.566129607481341e-06 3.2182546894991527e-06
56 1008 0 9.8046281771686054e-06 3.3009605379719615e-06
64 1008 0 1.0016883476594822e-05 3.3748815829522183e-06
72 1008 0 1.018625311458492e-05 3.4343365511460772e-06
80 1008 0 1.0297867974187028e-05 3.4742516566168482e-06
88 1008 0 1.0339398170193625e-05 3.4904221979041387e-06
96 1008 0 1.0301650960396264e-05 3.479716325286551e-06
104 1008 0 1.0178969233812815e-05 3.4402101682163476e-06
112 1008 0 9.969413444093032e-06 3.3712484526215257e-06
120 1008 0 9.6747250245751151e-06 3.2734300125050458e-06
128 1008 0 9.300084208210057e-06 3.1485227826152096e-06
136 1008 0 8.8536885938949844e-06 2.9993175252827525e-06
144 1008 0 8.3461896975222721e-06 2.8294333182258828e-06
152 1008 0 7.7900322875268035e-06 2.6430904211879405e-06
160 1008 0 7.1987450381058193e-06 2.4448673745894897e-06
168 1008 0 6.5862308130100141e-06 2.2394590236308426e-06
176 1008 0 5.9661009650484532e-06 2.0314507019136637e-06
184 1008 0 5.3510909813807097e-06 1.8251212648959565e-06
192 1008 0 4.7525854615654645e-06 1.6242843417375901e-06
200 1008 0 4.1802697810517927e-06 1.4321734337477235e-06
208 1008 0 3.6419149073723347e-06 1.2513726989503115e-06
216 1008 0 3.1432916707381177e-06 1.0837917657217155e-06
224 1008 0 2.6882021510064483e-06 9.3067999091074114e-07
232 1008 0 2.2786093010620895e-06 7.9267340932617211e-07
240 1008 0 1.9148417850128873e-06 6.6986630434723638e-07
248 1008 0 1.5958493005830129e-06 5.6189886034635745e-07
256 1008 0 1.319484171393686e-06 4.6805265045024268e-07
264 1008 0 1.0827873439049535e-06 3.8734661980029124e-07
272 1008 0 8.8226059628869456e-07 3.1862756003861828e-07
280 1008 0 7.1411120828344642e-07 2.6065063931003119e-07
288 1008 0 5.7446001939775967e-07 2.1214716953888178e-07
296 1008 0 4.5950825920523153e-07 1.7187830453397906e-07
304 1008 0 3.6566241891171433e-07 1.3867465464779762e-07
312 1008 0 2.8961952452750818e-07 1.1146280728366555e-07
320 1008 0 2.2841736974635516e-07 8.9280431747473427e-08
328 1008 0 1.7945558070950248e-07 7.128203283993497e-08
336 1008 0 1.4049390891664314e-07 5.6737538733804342e-08
344 1008 0 1.0963403127019042e-07 4.5025820650045448e-08
352 1008 0 8.5290552351379967e-08 3.5625007171876341e-08
360 1008 0 6.6156029337652068e-08 2.8101135726493801e-08
368 1008 0 5.1163832307224601e-08 2.2096331081868644e-08
376 1008 0 3.9451639730122081e-08 1.731735741997438e-08
384 1008 0 3.0327442788055174e-08 1.3525085520898833e-08
392 1008 0 2.3239149378062854e-08 1.0525166262557913e-08
400 1008 0 1.7748264530584031e-08 8.1600118321257052e-09
408 1008 0 1.3507679151918576e-08 6.3020545127943019e-09
416 1008 0 1.0243307007672912e-08 4.8481720891135885e-09
424 1008 0 7.7391443398437916e-09 3.7151284707352947e-09
432 1008 0 5.8252573355416904e-09 2.8358670439986081e-09
440 1008 0 4.3682005416943391e-09 2.1565023060813351e-09
448 1008 0 3.2634087338595072e-09 1.6338740084300577e-09
456 1008 0 2.4291654693564077e-09 1.2335509189809558e-09
464 1008 0 1.8018189793922103e-09 9.2819407302237487e-10
472 1008 0 1.331980734955044e-09 6.9620950041514051e-10
480 1008 0 9.8149874644213053e-10 5.2063678339912864e-10
488 1008 0 7.2104435756196301e-10 3.8823228319917038e-10
496 1008 0 5.281879806492732e-10 2.8871492714528945e-10
504 1008 0 3.8586708569930131e-10 2.1414879041919928e-10
512 1008 0 2.811704939645926e-10 1.5844110119071043e-10
520 1008 0 2.0437837974013104e-10 1.1693741672657849e-10
528 1008 0 1.4820887631659898e-10 8.6098078288247351e-11
536 1008 0 1.0723101148065344e-10 6.3242005551209851e-11
544 1008 0 7.7410722556620171e-11 4.6345642668018518e-11
552 1008 0 5.5762485938875777e-11 3.3886513750785612e-11
560 1008 0 4.0083983971580024e-11 2.4722409451321737e-11
568 1008 0 2.8755415243772853e-11 1.7998693985745838e-11
576 1008 0 2.0588636153141816e-11 1.3077565365209515e-11
584 1008 0 1.4714361089330993e-11 9.4842950832310492e-12
592 1008 0 1.0498189476661514e-11 6.8665017793185247e-12
600 1008 0 7.4783136069952632e-12 4.9633737405074132e-12
608 1008 0 5.3194404115658122e-12 3.5824559539961036e-12
616 1008 0 3.7787868685286168e-12 2.5821751498683186e-12
624 1008 0 2.6810385035755443e-12 1.8587115498550693e-12
632 1008 0 1.8999477395258276e-12 1.3361606898567796e-12
640 1008 0 1.3448434004109382e-12 9.5918336412916542e-13
648 1008 0 9.5076762335194526e-13 6.8753453591786299e-13
656 1008 0 6.7128755056643804e-13 4.9200789744079935e-13
664 1008 0 4.7327498471539523e-13 3.5144338715882031e-13
672 1008 0 3.3312970005673023e-13 2.5052929406203358e-13
680 1008 0 2.340578538337045e-13 1.781951806764302e-13
688 1008 0 1.641181448824378e-13 1.264415334403979e-13
696 1008 0 1.1482393304463562e-13 8.9490289046966125e-14
704 1008 0 8.0145958241575828e-14 6.3169756913926891e-14
712 1008 0 5.5802341872540791e-14 4.4469896163510291e-14
720 1008 0 3.875374498627009e-14 3.1220908051846917e-14
728 1008 0 2.6844551695109643e-14 2.186085882842128e-14
736 1008 0 1.8547764068438201e-14 1.5267508649072173e-14
744 1008 0 1.2783488293391761e-14 1.0636460815234258e-14
752 1008 0 8.7896549621058266e-15 7.3927813610518071e-15
760 1008 0 6.0298629122292223e-15 5.1268617707640941e-15
768 1008 0 4.1276589665585437e-15 3.5478876968202032e-15
776 1008 0 2.819683173582151e-15 2.4501227736499903e-15
784 1008 0 1.9223017407732282e-15 1.6885333276403688e-15
792 1008 0 1.3078932437699424e-15 1.1612225472027962e-15
800 1008 0 8.8804377129431904e-16 7.9682217836412179e-16
808 1008 0 6.0168069488012097e-16 5.4548352841623581e-16
816 1008 0 4.0672784989493911e-16 3.7247116060246461e-16
824 1008 0 2.7426256517552651e-16 2.5362920676102995e-16
832 1008 0 1.8444224548568752e-16 1.7218744553709248e-16
840 1008 0 1.2367628645942768e-16 1.16520310612852e-16
848 1008 0 8.2669829981780618e-17 7.8579825046807031e-17
856 1008 0 5.5074783870640593e-17 5.2802669394210078e-17
864 1008 0 3.6561860517665496e-17 3.5349350641561004e-17
872 1008 0 2.4183360937914474e-17 2.3575190285648444e-17
880 1008 0 1.5936124801176725e-17 1.5662751171374094e-17
888 1008 0 1.0461993374020901e-17 1.0366543343897963e-17
896 1008 0 6.8426271428901098e-18 6.835785370137078e-18
904 1008 0 4.4590337249447731e-18 4.4914386320129762e-18
912 1008 0 2.8954756933670069e-18 2.9409942825041189e-18
920 1008 0 1.8738208030705645e-18 1.9195289220061645e-18
928 1008 0 1.2087746627600295e-18 1.2490349288950155e-18
936 1008 0 7.7743172370952525e-19 8.1045216881767025e-19
944 1008 0 4.9863259152976891e-19 5.2451107536636669e-19
952 1008 0 3.1902417416678221e-19 3.3867115772104662e-19
960 1008 0 2.0368828263127449e-19 2.1826034450826123e-19
968 1008 0 1.2987257650534319e-19 1.4049644160771381e-19
976 1008 0 8.2819266092757455e-20 9.0476096639179679e-20
984 1008 0 5.3005840085800103e-20 5.8500074092828497e-20
992 1008 0 3.4332216172475358e-20 3.8302010506703437e-20
1000 1008 0 2.2940457170141216e-20 2.5886279085093979e-20
1008 1008 0 1.6457689667112211e-20 1.8777029803924796e-20
1016 1008 0 1.3524954082858927e-20 1.5547710799295089e-20
0 1016 0 7.1724681047224046e-06 1.3345926955863681e-06
8 1016 0 7.2257228348212329e-06 1.3447849171599466e-06
16 1016 0 7.3287141359254046e-06 1.364501666482343e-06
24 1016 0 7.474609459776914e-06 1.3924462357668948e-06
32 1016 0 7.6536566271755598e-06 1.4267678482711749e-06
40 1016 0 7.8537448275653733e-06 1.4651681888422923e-06
48 1016 0 8.061096738729677e-06 1.505032868751664e-06
56 1016 0 8.2610485520568208e-06 1.5435796251117847e-06
64 1016 0 8.4388694381139769e-06 1.5780140384808448e-06
72 1016 0 8.5805699686093199e-06 1.6056831459756006e-06
80 1016 0 8.6736504026670892e-06 1.6242175715199384e-06
88 1016 0 8.7077444857647928e-06 1.6316536844288317e-06
96 1016 0 8.6751221830584392e-06 1.6265287773378248e-06
104 1016 0 8.5710250138245516e-06 1.6079442199882637e-06
112 1016 0 8.3938195961066494e-06 1.5755938479863826e-06
120 1016 0 8.1449677207996293e-06 1.5297573037754857e-06
128 1016 0 7.8288237462798214e-06 1.4712604619302355e-06
136 1016 0 7.4522813482599573e-06 1.4014072456350271e-06
144 1016 0 7.0243007966630199e-06 1.3218889008592522e-06
152 1016 0 6.5553542830517633e-06 1.2346780044750403e-06
160 1016 0 6.0568299763362548e-06 1.1419150617695645e-06
168 1016 0 5.540435334098925e-06 1.0457954789110891e-06
176 1016 0 5.0176369441683827e-06 9.4846402088007044e-07
184 1016 0 4.4991682966180776e-06 8.5192268476263201e-07
192 1016 0 3.9946290874274543e-06 7.5795637413801017e-07
200 1016 0 3.512190761650079e-06 6.6807901940171366e-07
208 1016 0 3.0584138840272221e-06 5.8350102334511257e-07
216 1016 0 2.6381743910468434e-06 5.0511727969127432e-07
224 1016 0 2.2546885072203714e-06 4.3351364378607686e-07
232 1016 0 1.9096205827774587e-06 3.6898871828463074e-07
240 1016 0 1.6032545888219754e-06 3.1158719619091195e-07
248 1016 0 1.3347085223524056e-06 2.6854606646956974e-07
256 1016 0 1.1021713595269241e-06 2.3253716282548148e-07
264 1016 0 9.0314412699342381e-07 1.9902723253350033e-07
272 1016 0 7.3466971437363711e-07 1.684744126197867e-07
280 1016 0 5.9353976308545635e-07 1.4112995128818075e-07
288 1016 0 4.7647089070736609e-07 1.1706887237809027e-07
296 1016 0 3.802462598514801e-07 9.6224630855885988e-08
304 1016 0 3.0182178051770816e-07 7.8424479333771935e-08
312 1016 0 2.3839885442523708e-07 6.3422926092471084e-08
320 1016 0 1.874674422424912e-07 5.0931412182745883e-08
328 1016 0 1.4682436492576833e-07 4.0643077316722867e-08
336 1016 0 1.1457221459855428e-07 3.2252150327214047e-08
344 1016 0 8.9104171516357651e-08 2.546804308219663e-08
352 1016 0 6.9079547374661498e-08 2.0024624141696153e-08
360 1016 0 5.3394148907990033e-08 1.5685398466671465e-08
368 1016 0 4.1148712314842697e-08 1.2245436593147336e-08
376 1016 0 3.1617806605823411e-08 9.5309057090192854e-09
384 1016 0 2.422082095481128e-08 7.3969856510121311e-09
392 1016 0 1.8495986269983915e-08 5.7248346848273654e-09
400 1016 0 1.4077856901829048e-08 4.4181293681548667e-09
408 1016 0 1.0678296212858056e-08 3.399560688970992e-09
416 1016 0 8.0707565909344976e-09 2.6075396219235583e-09
424 1016 0 6.0774987857027024e-09 1.9932578052317953e-09
432 1016 0 4.5593321713318859e-09 1.5181666143708165e-09
440 1016 0 3.4074521511486992e-09 1.1518800201831866e-09
448 1016 0 2.5369818949629617e-09 8.7047025618573755e-10
456 1016 0 1.881875736253999e-09 6.5510615870896264e-10
464 1016 0 1.3908983121884386e-09 4.9097742406556043e-10
472 1016 0 1.0244486779796676e-09 3.6644963420877097e-10
480 1016 0 7.5204751625634166e-10 2.7240116172332597e-10
488 1016 0 5.5034621777625343e-10 2.0170129848008823e-10
496 1016 0 4.015488578523032e-10 1.4879735992395022e-10
504 1016 0 2.9216280764242091e-10 1.093860502098823e-10
512 1016 0 2.120122492830999e-10 8.0150558359321004e-11
520 1016 0 1.5346263931999266e-10 5.8549609963107242e-11
528 1016 0 1.1081446851222199e-10 4.264817080777067e-11
536 1016 0 7.983252695930141e-11 3.0981941552920578e-11
544 1016 0 5.7383057807511234e-11 2.2449469151790177e-11
552 1016 0 4.1156184691562126e-11 1.6226873115949108e-11
560 1016 0 2.9455153214069309e-11 1.1701031477492816e-11
568 1016 0 2.1037429476724034e-11 8.4177237373452752e-12
576 1016 0 1.4995661660412425e-11 6.0417678163116095e-12
584 1016 0 1.0669002513883032e-11 4.3266591465293925e-12
592 1016 0 7.5773606261746162e-12 3.0916418877084162e-12
600 1016 0 5.3728404094674519e-12 2.2045202167071643e-12
608 1016 0 3.8039893257059145e-12 1.5688510837615374e-12
616 1016 0 2.6895422692319864e-12 1.1144470564739281e-12
624 1016 0 1.8991836142502003e-12 7.9035865498178602e-13
632 1016 0 1.3394816524333947e-12 5.604660870924329e-13
640 1016 0 9.4362830039613683e-13 4.0121510001480138e-13
648 1016 0 6.6397394797496998e-13 2.8679367537697528e-13
656 1016 0 4.6661208911437268e-13 2.0467546145206536e-13
664 1016 0 3.2746404965091329e-13 1.4581093506448195e-13
672 1016 0 2.2945859315406268e-13 1.0367110690266755e-13
680 1016 0 1.6050793905214036e-13 7.3549914781564134e-14
688 1016 0 1.1206074453152695e-13 5.2057400350910848e-14
696 1016 0 7.8071173078648018e-14 3.6752759965987602e-14
704 1016 0 5.4266599855473449e-14 2.587935838610238e-14
712 1016 0 3.7628653847949739e-14 1.8173688024591052e-14
720 1016 0 2.602601282818882e-14 1.272773215808127e-14
728 1016 0 1.7954765920205336e-14 8.8897857749043068e-15
736 1016 0 1.2354832854415155e-14 6.1929312140230463e-15
744 1016 0 8.4800876025376919e-15 4.3034006908540693e-15
752 1016 0 5.80639702409564e-15 2.9832579380101866e-15
760 1016 0 3.9664507911554085e-15 2.0634121210738138e-15
768 1016 0 2.7035531380029073e-15 1.4241058285556364e-15
776 1016 0 1.8388613207006984e-15 9.808218528814526e-16
784 1016 0 1.2481771515041749e-15 6.7412458926905328e-16
792 1016 0 8.455338575850716e-16 4.6235938618487085e-16
800 1016 0 5.7161811167557799e-16 3.1642565961874105e-16
808 1016 0 3.8562961756426957e-16 2.160510773158514e-16
816 1016 0 2.595796206905668e-16 1.471482292043723e-16
824 1016 0 1.7431434385648259e-16 9.9948221319043919e-17
832 1016 0 1.1675338829461306e-16 6.7688857191074457e-17
840 1016 0 7.7979860590459725e-17 4.5696425868967954e-17
848 1016 0 5.1924570805391884e-17 3.0745259176388734e-17
856 1016 0 3.4462503181829265e-17 2.0612280688811328e-17
864 1016 0 2.2794046030214269e-17 1.3767814487451227e-17
872 1016 0 1.5022094287846562e-17 9.1612666500679121e-18
880 1016 0 9.863432680118974e-18 6.0726921210577511e-18
888 1016 0 6.4519483373548824e-18 4.0100450366660182e-18
896 1016 0 4.2045431263099022e-18 2.6380840165802076e-18
904 1016 0 2.7298220879175406e-18 1.7292116370272325e-18
912 1016 0 1.7659584836793564e-18 1.1295172096876505e-18
920 1016 0 1.1384604649000928e-18 7.3536033817047176e-19
928 1016 0 7.3151294044158543e-19 4.7726172231844409e-19
936 1016 0 4.6857618817930113e-19 3.0885553553022411e-19
944 1016 0 2.9929061822185237e-19 1.9934197330791654e-19
952 1016 0 1.9067028263233457e-19 1.2835389153444764e-19
960 1016 0 1.2120570507191657e-19 8.2482577559357916e-20
968 1016 0 7.6933689020342589e-20 5.2938887485000599e-20
976 1016 0 4.8831692214911587e-20 3.3987573877845868e-20
984 1016 0 3.1100306043349402e-20 2.1905534042450701e-20
992 1016 0 2.003874917225132e-20 1.4293467000224038e-20
1000 1016 0 1.3315225048243934e-20 9.6252321218972826e-21
1008 1016 0 9.5004233710227363e-21 6.957266296089475e-21
1016 1016 0 7.7780680615294992e-21 5.7468860213294273e-21
