# amr_dense_snapshot_v1
# step 1400
# time 0.42724609375
# coarse_n 128
# parts 16
# max_level 3
# fine_n 1024
# initial_pattern fixed_imb
# initial_scale 0.050000000000000003
# state_components 1
# leaves 16384
# columns i j level value importance
0 0 0 2.6088287085221045e-13 6.9456329574696213e-14
8 0 0 2.8195760505792103e-13 7.4622311932659276e-14
16 0 0 3.2568765796569049e-13 8.530953532503102e-14
24 0 0 3.9534019134246949e-13 1.0225017117920453e-13
32 0 0 4.960869945189143e-13 1.3926001892755592e-13
40 0 0 6.3534701344647022e-13 1.8792571994588238e-13
48 0 0 8.232727333923526e-13 2.5013494074027344e-13
56 0 0 1.073407674132626e-12 3.3014377327181351e-13
64 0 0 1.4035514474044396e-12 4.3332831394885871e-13
72 0 0 1.8368797613532983e-12 5.6650019176939798e-13
80 0 0 2.4033799531226963e-12 7.3829875541612246e-13
88 0 0 3.1416787085388187e-12 9.5967962664528081e-13
96 0 0 4.1013583351840995e-12 1.2445238623358263e-12
104 0 0 5.3458821975199258e-12 1.6103975985694654e-12
112 0 0 6.9562797960893912e-12 2.0794990052412337e-12
120 0 0 9.0357788013306248e-12 2.6798379301117662e-12
128 0 0 1.1715616731442391e-11 3.4467040777978251e-12
136 0 0 1.5162320809240216e-11 4.4244923314818588e-12
144 0 0 1.9586813140722075e-11 5.6689693334687174e-12
152 0 0 2.5255782474190792e-11 7.2500842332726722e-12
160 0 0 3.2505866707463464e-11 9.255449237929823e-12
168 0 0 4.1761315945393287e-11 1.179464305047989e-11
176 0 0 5.3555958995873177e-11 1.5004523434366156e-11
184 0 0 6.8560482430239333e-11 1.9055775204260614e-11
192 0 0 8.7616257634499947e-11 2.4160968424964777e-11
200 0 0 1.1177722605946472e-10 3.0584460374871134e-11
208 0 0 1.4236168643433586e-10 3.8654546218464207e-11
216 0 0 1.8101623265280006e-10 4.8778350173292454e-11
224 0 0 2.2979458282609252e-10 6.1460054679424292e-11
232 0 0 2.9125463750551681e-10 7.7323193752685062e-11
240 0 0 3.6857783125820187e-10 9.7137893061203331e-11
248 0 0 4.657157243194052e-10 1.2185412869601774e-10
256 0 0 5.8756985301542294e-10 1.5264230509816187e-10
264 0 0 7.4021215811358481e-10 1.9094272664400741e-10
272 0 0 9.3115488475759222e-10 2.3852586382286521e-10
280 0 0 1.1696807485804574e-09 2.9756570079602063e-10
288 0 0 1.4672464493764781e-09 3.7072890343151708e-10
296 0 0 1.8379753528079951e-09 4.6128307250715415e-10
304 0 0 2.2992584253151493e-09 5.732279521716451e-10
312 0 0 2.8724863774867944e-09 7.1145415501099081e-10
320 0 0 3.5839405324977852e-09 8.8193474773441055e-10
328 0 0 4.4658752802321958e-09 1.0919559205732102e-09
336 0 0 5.5578312008054059e-09 1.3503939433664924e-09
344 0 0 6.9082251441718983e-09 1.6680466956042336e-09
352 0 0 8.576271839776132e-09 2.0580292488773947e-09
360 0 0 1.0634301088653527e-08 2.536244278870977e-09
368 0 0 1.3170545367524504e-08 3.1219394878798621e-09
376 0 0 1.6292484855404366e-08 3.8383657208719044e-09
384 0 0 2.013085057627627e-08 4.7135510446632011e-09
392 0 0 2.4844401620939471e-08 5.7812077078241482e-09
400 0 0 3.062560932876362e-08 7.0817905735283737e-09
408 0 0 3.7707399902291993e-08 8.6637272692132092e-09
416 0 0 4.6371127171505202e-08 1.0584841859701487e-08
424 0 0 5.695596903120669e-08 1.2913995241001977e-08
432 0 0 6.9869964272208667e-08 1.573296656985937e-08
440 0 0 8.5602930842068037e-08 1.9138600772971657e-08
448 0 0 1.0474153161503969e-07 2.3245247389375583e-08
456 0 0 1.2798677900441528e-07 2.8187515546511562e-08
464 0 0 1.5617429455092684e-07 3.4123368596512821e-08
472 0 0 1.9029766314743966e-07 4.1237579662779376e-08
480 0 0 2.3153524281021904e-07 4.974556584613955e-08
488 0 0 2.8128080865635859e-07 5.98976138231522e-08
496 0 0 3.4117842247951079e-07 7.1983502630716864e-08
504 0 0 4.1316192511022765e-07 8.6337519992365448e-08
512 0 0 4.994994451025931e-07 1.0334385578048515e-07
520 0 0 6.0284330088307825e-07 1.2344233898626707e-07
528 0 0 7.2628563986934531e-07 1.4713446136645377e-07
536 0 0 8.7342010123579909e-07 1.7498959982126989e-07
544 0 0 1.048409701057069e-06 2.0765130821059517e-07
552 0 0 1.2560610092676642e-06 2.4584349513526434e-07
560 0 0 1.5019045044029285e-06 2.9037623454227619e-07
568 0 0 1.7922807389452047e-06 3.4215086851262111e-07
576 0 0 2.1344316074578258e-06 4.0216395474539285e-07
584 0 0 2.5365955622032186e-06 4.7150948505061832e-07
592 0 0 3.008105047253837e-06 5.5137865788626868e-07
600 0 0 3.5594837051401056e-06 6.4305633304424913e-07
608 0 0 4.2025400381843548e-06 7.4791313937845388e-07
616 0 0 4.9504531775628087e-06 8.6739206094185569e-07
624 0 0 5.8178452385046644e-06 1.0029882119373547e-06
632 0 0 6.820833450442019e-06 1.1562204500988499e-06
640 0 0 7.977053900540869e-06 1.3285934990174299e-06
648 0 0 9.3056473995582989e-06 1.5215493822978968e-06
656 0 0 1.0827196781856196e-05 1.7364072458648282e-06
664 0 0 1.2563604027721024e-05 1.9742910853121702e-06
672 0 0 1.4537895113033194e-05 2.2360455214849583e-06
680 0 0 1.6773940634518152e-05 2.5221405861458036e-06
688 0 0 1.9296081220663956e-05 2.8325674809209607e-06
696 0 0 2.2128648701584917e-05 3.1667284267874519e-06
704 0 0 2.5295377128372369e-05 3.5233249751555469e-06
712 0 0 2.8818702103527915e-05 3.9002504280291743e-06
720 0 0 3.271895253155709e-05 4.2944932138883131e-06
728 0 0 3.7013445745445403e-05 4.7020590691529334e-06
736 0 0 4.1715504814598336e-05 5.1179205518906546e-06
744 0 0 4.6833425366488991e-05 5.5360026324383508e-06
752 0 0 5.2369427998927342e-05 5.949212742763903e-06
760 0 0 5.8318640741691245e-05 6.3495226248584118e-06
768 0 0 6.4668163366549656e-05 6.7281075387775051e-06
776 0 0 7.1396270905327162e-05 7.0755458653478596e-06
784 0 0 7.8471816770675021e-05 7.3820789213661648e-06
792 0 0 8.5853895692041186e-05 7.6379270191549833e-06
800 0 0 9.3491822711196169e-05 7.8336536395668473e-06
808 0 0 0.00010132547635076302 7.9605653031949189e-06
816 0 0 0.00010928604165395794 8.0111306242928646e-06
824 0 0 0.0001172971722782508 8.0111306242928646e-06
832 0 0 0.00012527657073051703 8.0422220165854701e-06
840 0 0 0.00013313796301925957 8.4987705489155936e-06
848 0 0 0.00014079341965229117 8.9404988876852108e-06
856 0 0 0.00014815595047257881 9.3624590943390247e-06
864 0 0 0.00015514227792959965 9.7599541662776994e-06
872 0 0 0.00016167567373188375 1.012870124296068e-05
880 0 0 0.00016768872907098003 1.0464990898622419e-05
888 0 0 0.00017312592021635493 1.0765834475501702e-05
896 0 0 0.00017794583040861469 1.1029091310419775e-05
904 0 0 0.00018212289634849345 1.1253568093658618e-05
912 0 0 0.00018564856339429501 1.1439083489639434e-05
920 0 0 0.00018853175746863331 1.1586492526374971e-05
928 0 0 0.00019079861267597609 1.1697667071629129e-05
936 0 0 0.00019249143023009887 1.1775430870381937e-05
944 0 0 0.00019366688449262094 1.1823450002958343e-05
952 0 0 0.00019439353338016914 1.1846082095607908e-05
960 0 0 0.00019474873055286474 1.1848190021457783e-05
968 0 0 0.00019481507306420124 1.1834928012653413e-05
976 0 0 0.00019467654809754325 1.1811509915589786e-05
984 0 0 0.0001944145639330557 1.1782970631192855e-05
992 0 0 0.00019410406176514832 1.1753932491269213e-05
1000 0 0 0.00019380990542401875 1.1728388367249079e-05
1008 0 0 0.00019358373514494011 1.1709512668978063e-05
1016 0 0 0.00019346144970986553 1.1699510093263497e-05
0 8 0 3.3033920042690666e-13 1.5598686360441484e-13
8 8 0 3.5657991699058031e-13 1.674730321845563e-13
16 8 0 4.1099719329072151e-13 1.9122748641769596e-13
24 8 0 4.9759036252167402e-13 2.288616581359057e-13
32 8 0 6.2268470175302343e-13 2.8291304899902946e-13
40 8 0 7.9534334823141054e-13 3.5699635413962346e-13
48 8 0 1.0279515143587121e-12 4.5601640403977144e-13
56 8 0 1.3370050854041905e-12 5.8645330177100407e-13
64 8 0 1.744146428940671e-12 7.5673346203347511e-13
72 8 0 2.277502984965473e-12 9.7770411749821352e-13
80 8 0 2.9733995284569008e-12 1.2632333947854352e-12
88 8 0 3.8785336044210813e-12 1.6309634506626287e-12
96 8 0 5.0527263754822252e-12 2.1032506042825122e-12
104 8 0 6.5723890158491811e-12 2.7083341477781024e-12
112 8 0 8.5348790676512353e-12 3.4817848555023312e-12
120 8 0 1.1063963334528573e-11 4.4682954852166508e-12
128 8 0 1.4316655711707168e-11 5.7238891769381626e-12
136 8 0 1.8491761983965968e-11 7.3186380792471266e-12
144 8 0 2.3840541621105443e-11 9.3400043158417651e-12
152 8 0 3.0679992013189142e-11 1.1896939176047566e-11
160 8 0 3.9409377045435046e-11 1.5124904890274346e-11
168 8 0 5.0530763743813557e-11 1.9192017352230993e-11
176 8 0 6.4674503103330113e-11 2.4306548602908609e-11
184 8 0 8.2630800358760988e-11 3.0726075856473491e-11
192 8 0 1.0538877337971091e-10 3.876862054353966e-11
200 8 0 1.3418470468327166e-10 4.8826187690089259e-11
208 8 0 1.7056156387614299e-10 6.1381194612381146e-11
216 8 0 2.1644232676436652e-10 7.7026370388598029e-11
224 8 0 2.7422016155011641e-10 9.6488816283435695e-11
232 8 0 3.4686921180504263e-10 1.2065904519195782e-10
240 8 0 4.3808050498375637e-10 1.5062596881077909e-10
248 8 0 5.5242848393506369e-10 1.8771897896511811e-10
256 8 0 6.9557483279860256e-10 2.3355847949375194e-10
264 8 0 8.7451768988578729e-10 2.9011647340372561e-10
272 8 0 1.0978960576131508e-09 3.5978910365173458e-10
280 8 0 1.3763612895165526e-09 4.4548339273317122e-10
288 8 0 1.723030020423171e-09 5.507208347864433e-10
296 8 0 2.1540358788257576e-09 6.7976097308168465e-10
304 8 0 2.6892008580961254e-09 8.3774865452412737e-10
312 8 0 3.3528514094181317e-09 1.0308892996924502e-09
320 8 0 4.1748092438692282e-09 1.2666572695137629e-09
328 8 0 5.1915925884518393e-09 1.5540432539952128e-09
336 8 0 6.4478703296641957e-09 1.9038475584965522e-09
344 8 0 7.9982192002581898e-09 2.3290272203764786e-09
352 8 0 9.9092430243509624e-09 2.8451060522336919e-09
360 8 0 1.2262123138331639e-08 3.4706579731926946e-09
368 8 0 1.5155680554547164e-08 4.2278753495422141e-09
376 8 0 1.8710043332285404e-08 5.1432355102770631e-09
384 8 0 2.3071027058335209e-08 6.2482801183413196e-09
392 8 0 2.8415352394173406e-08 7.5805236477354819e-09
400 8 0 3.4956841370203279e-08 9.1845088189336363e-09
408 8 0 4.2953753513119701e-08 1.111302845329402e-08
416 8 0 5.2717443940539264e-08 1.3428534786436109e-08
424 8 0 6.4622548136211352e-08 1.6204758785153869e-08
432 8 0 7.9118922027605098e-08 1.9528563382296441e-08
440 8 0 9.6745590914242159e-08 2.3502055701260147e-08
448 8 0 1.1814698630195788e-07 2.8244984187387346e-08
456 8 0 1.4409177520600582e-07 3.3897446975849221e-08
464 8 0 1.7549461126091827e-07 4.0622937659971639e-08
472 8 0 2.1344116011568102e-07 4.8611753716077937e-08
480 8 0 2.5921677200930037e-07 5.8084791012534039e-08
488 8 0 3.1433919080030295e-07 6.9297744898509933e-08
496 8 0 3.8059569946102581e-07 8.2545734154083331e-08
504 8 0 4.6008510514206481e-07 9.8168358425344223e-08
512 8 0 5.5526495979345605e-07 1.1655519252576929e-07
520 8 0 6.690043916134379e-07 1.3815171203942035e-07
528 8 0 8.0464288376260982e-07 1.6346563390282262e-07
536 8 0 9.66055273779812e-07 1.9307364294315149e-07
544 8 0 1.1577231519492916e-06 2.2762846052140559e-07
552 8 0 1.3848126990956002e-06 2.6844611172790425e-07
560 8 0 1.6532588108235045e-06 3.1659627936414202e-07
568 8 0 1.9698550901876465e-06 3.7249384559267811e-07
576 8 0 2.3423489357803246e-06 4.3719155141473589e-07
584 8 0 2.7795404871950605e-06 5.1184310733689645e-07
592 8 0 3.291383594531957e-06 5.9770264050053682e-07
600 8 0 3.8890862350324938e-06 6.9612066046835414e-07
608 8 0 4.5852068955008479e-06 8.0853547540912539e-07
616 8 0 5.3937423709099733e-06 9.3645883803913232e-07
624 8 0 6.3302012089491056e-06 1.08145447936029e-06
632 8 0 7.4116556883093956e-06 1.2451081226508971e-06
640 8 0 8.6567638109602928e-06 1.4289875891916276e-06
648 8 0 1.008575140015192e-05 1.6345917422610787e-06
656 8 0 1.1720343142412999e-05 1.8632872983747967e-06
664 8 0 1.3583630440787796e-05 2.1162329924121794e-06
672 8 0 1.5699863433199975e-05 2.3942912362728446e-06
680 8 0 1.809415466947282e-05 2.7127011584346207e-06
688 8 0 2.0792082936171592e-05 3.0718709151354345e-06
696 8 0 2.3819187763588376e-05 3.469098001421333e-06
704 8 0 2.7200348406570416e-05 3.9066805178373596e-06
712 8 0 3.0959045668030995e-05 4.3867116156623469e-06
720 8 0 3.5116510857661512e-05 4.9109931580061376e-06
728 8 0 3.9690773370326026e-05 5.4809398254276884e-06
736 8 0 4.4695626625431439e-05 6.0974755493827968e-06
744 8 0 5.0139541088824431e-05 6.7609250718577758e-06
752 8 0 5.6024562320687556e-05 7.4709043933967622e-06
760 8 0 6.2345240844881135e-05 8.2262148223556224e-06
768 8 0 6.9087648401032801e-05 9.0247461998789057e-06
776 8 0 7.6228541040033497e-05 9.8633955623123401e-06
784 8 0 8.3734732766374944e-05 1.0738007926018123e-05
792 8 0 9.1562743282871858e-05 1.1643345952608083e-05
800 8 0 9.965877924929679e-05 1.2573094900786939e-05
808 8 0 0.00010795909992289109 1.3519908440028365e-05
816 8 0 0.00011639080497165079 1.4475499565578967e-05
824 8 0 0.00012487306483002899 1.5430779023952151e-05
832 8 0 0.0001333187927471025 1.637604138376685e-05
840 8 0 0.00014163673356817517 1.7301196261545267e-05
848 8 0 0.00014973391853997638 1.8196039369446234e-05
856 8 0 0.00015751840956691783 1.9050555160382565e-05
864 8 0 0.00016490223209587735 1.9855240099489707e-05
872 8 0 0.00017180437497484443 2.0601433196119928e-05
880 8 0 0.00017815371996960245 2.1281638591451178e-05
888 8 0 0.00018389175469185663 2.188982389824266e-05
896 8 0 0.00018897492171903447 2.2421677780248709e-05
904 8 0 0.00019337646444215207 2.2874811037557898e-05
912 8 0 0.00019708764688393444 2.3248887266089178e-05
920 8 0 0.00020011824999500828 2.3545671949571945e-05
928 8 0 0.00020249627974760522 2.376899251249715e-05
936 8 0 0.00020426686110048081 2.3924606234964284e-05
944 8 0 0.00020549033449557928 2.4019977766567e-05
952 8 0 0.00020623961547577705 2.4063972991668765e-05
960 8 0 0.00020659692057432253 2.4066480880110278e-05
968 8 0 0.00020665000107685465 2.4037979387035854e-05
976 8 0 0.00020648805801313304 2.3989065141418088e-05
984 8 0 0.00020619753456424856 2.3929969322572384e-05
992 8 0 0.00020585799425641753 2.3870083564382356e-05
1000 8 0 0.00020553829379126783 2.3817519820486005e-05
1008 8 0 0.00020529324781391818 2.3778726829141024e-05
1016 8 0 0.00020516095980312903 2.3758183183796825e-05
0 16 0 4.863260640313215e-13 2.8050110788939099e-13
8 16 0 5.240529491751366e-13 3.0084751928002522e-13
16 16 0 6.0222467970841747e-13 3.4290517517907485e-13
24 16 0 7.2645202065757972e-13 4.0948485599512282e-13
32 16 0 9.0559775075205289e-13 5.0500950046021443e-13
40 16 0 1.152339702371034e-12 6.3577362961350424e-13
48 16 0 1.4839679183984836e-12 8.1030853999794466e-13
56 16 0 1.9234583871751945e-12 1.0398707362645473e-12
64 16 0 2.5008798909741461e-12 1.3390766451964875e-12
72 16 0 3.2552071024636865e-12 1.7267130910964486e-12
80 16 0 4.2366329232423361e-12 2.2267605568093419e-12
88 16 0 5.5094970550837101e-12 2.8696751867398469e-12
96 16 0 7.1559769797647375e-12 3.693986140577674e-12
104 16 0 9.2807231636272835e-12 4.7482776736930723e-12
112 16 0 1.2016663923153567e-11 6.0936406706559082e-12
120 16 0 1.5532258819745223e-11 7.8066968459470392e-12
128 16 0 2.0040544888645331e-11 9.9833211016866004e-12
136 16 0 2.5810400063213095e-11 1.2743214355232191e-11
144 16 0 3.3180545936947208e-11 1.6235511397238516e-11
152 16 0 4.2576931189236709e-11 2.0645647018614138e-11
160 16 0 5.4534281935709392e-11 2.620374989614057e-11
168 16 0 6.972278109604455e-11 3.3194888844926876e-11
176 16 0 8.8981051706238721e-11 4.1971561492462728e-11
184 16 0 1.1335687621523448e-10 5.2968892858802596e-11
192 16 0 1.4415739392325057e-10 6.6723102629689197e-11
200 16 0 1.8301089237336091e-10 8.3893907267721911e-11
208 16 0 2.3194275848852414e-10 1.052916490833145e-10
216 16 0 2.9346869715296455e-10 1.3191009203615088e-10
224 16 0 3.707089778335521e-10 1.6496599704710776e-10
232 16 0 4.6752825699700044e-10 2.0594679245992861e-10
240 16 0 5.8870647379453547e-10 2.5666789347697565e-10
248 16 0 7.401474629001818e-10 3.1934150454912653e-10
256 16 0 9.291333122923545e-10 3.9665906879924316e-10
264 16 0 1.1646341632895129e-09 4.9188991800529748e-10
272 16 0 1.4576851612648854e-09 6.0899913630957233e-10
280 16 0 1.8218446822497238e-09 7.5278819282787765e-10
288 16 0 2.2737508552096143e-09 9.2906253593516896e-10
296 16 0 2.8337968519074422e-09 1.1448310890322286e-09
304 16 0 3.5269495126202528e-09 1.4085434578565214e-09
312 16 0 4.383740709110582e-09 1.730371665879295e-09
320 16 0 5.4414665133829911e-09 2.1225443883108276e-09
328 16 0 6.7456358424470521e-09 2.5997429653534996e-09
336 16 0 8.3517178881607479e-09 3.1795699467114843e-09
344 16 0 1.0327246420634668e-08 3.8831025528432311e-09
352 16 0 1.2754349076584654e-08 4.7355452301153275e-09
360 16 0 1.5732781111524334e-08 5.7669974179489793e-09
368 16 0 1.9383555904089378e-08 7.0133547222681225e-09
376 16 0 2.3853278842562467e-08 8.5173638821426145e-09
384 16 0 2.9319307176676529e-08 1.032985420164246e-08
392 16 0 3.5995876041908888e-08 1.2511170467510194e-08
400 16 0 4.4141350189136915e-08 1.5132834750002141e-08
408 16 0 5.4066781966413721e-08 1.8279466845607137e-08
416 16 0 6.6145978726975373e-08 2.205099541136728e-08
424 16 0 8.0827306921365222e-08 2.6565193990424162e-08
432 16 0 9.864748540990154e-08 3.1960578045229847e-08
440 16 0 1.2024764661550231e-07 3.8399700679671198e-08
448 16 0 1.4639197048934523e-07 4.6072885793104449e-08
456 16 0 1.7798922218185504e-07 5.5202437781417478e-08
464 16 0 2.1611754892088991e-07 6.6047366360423305e-08
472 16 0 2.6205291383175896e-07 7.8908663381199955e-08
480 16 0 3.1730156302183441e-07 9.4135165359101688e-08
488 16 0 3.8363693569881289e-07 1.1213003056319516e-07
496 16 0 4.6314143361510915e-07 1.3335785263482146e-07
504 16 0 5.5825346356740903e-07 1.5835242357294022e-07
512 16 0 6.7182015231922534e-07 1.8772514732896629e-07
520 16 0 8.0715610365285825e-07 2.2217409102517435e-07
528 16 0 9.6810851766543244e-07 2.6249364380469374e-07
536 16 0 1.1591289167229635e-06 3.0958473338187587e-07
544 16 0 1.3853516124706972e-06 3.6446552725647338e-07
552 16 0 1.6526788932551255e-06 4.2828251888306477e-07
560 16 0 1.9678726976400259e-06 5.0232186816986691e-07
568 16 0 2.3386522507410339e-06 5.8802082944833728e-07
576 16 0 2.7737967563821022e-06 6.8697905695019329e-07
584 16 0 3.2832517380931317e-06 8.0096952576568891e-07
592 16 0 3.8782369837634236e-06 9.3194874266709808e-07
600 16 0 4.571353252406881e-06 1.0820658431877881e-06
608 16 0 5.3766839325655472e-06 1.253670076106377e-06
616 16 0 6.3098866959627504e-06 1.4493160617158364e-06
624 16 0 7.3882688780108946e-06 1.671766074959863e-06
632 16 0 8.6308388706663195e-06 1.9239884498618878e-06
640 16 0 1.0058324291668556e-05 2.2091510319763138e-06
648 16 0 1.1693146187789648e-05 2.5306084293138307e-06
656 16 0 1.3559337163424538e-05 2.8918816427673012e-06
664 16 0 1.5682390259711256e-05 3.2966285134219447e-06
672 16 0 1.8089024834834187e-05 3.7486033307278884e-06
680 16 0 2.0806855827907441e-05 4.2516039316497328e-06
688 16 0 2.3863953851307027e-05 4.8094047192534085e-06
696 16 0 2.7288285765009709e-05 5.4256742733626688e-06
704 16 0 3.1107028924407776e-05 6.1038766471751323e-06
712 16 0 3.5345757283693342e-05 6.8471560668918494e-06
720 16 0 4.002750401566765e-05 7.6582055902985698e-06
728 16 0 4.5171713195753714e-05 8.5391213329498526e-06
736 16 0 5.0793102174814236e-05 9.4912451153038961e-06
744 16 0 5.6900466160682206e-05 1.0514999775757917e-05
752 16 0 6.3495466714084319e-05 1.1609722863092724e-05
760 16 0 7.0571455667236757e-05 1.2773505873066697e-05
768 16 0 7.8112394600911707e-05 1.4003047512310934e-05
776 16 0 8.6091936602345837e-05 1.5293530527569498e-05
784 16 0 9.4472740692393066e-05 1.6638532292487796e-05
792 16 0 0.00010320608923547994 1.8029979465041082e-05
800 16 0 0.00011223187415008373 1.9458156501207083e-05
808 16 0 0.00012147900836291945 2.0911776550463341e-05
816 16 0 0.00013086630453722976 2.2378121225752643e-05
824 16 0 0.00014030384385398115 2.3843252948993005e-05
832 16 0 0.00014969483413086935 2.5292300099484245e-05
840 16 0 0.00015893792982972044 2.6709811178170402e-05
848 16 0 0.00016792995790942261 2.8080169849619926e-05
856 16 0 0.0001765689647273004 2.9388058293612217e-05
864 16 0 0.00018475747219536706 3.0618952086608388e-05
872 16 0 0.00019240580817096435 3.1759626157268226e-05
880 16 0 0.00019943535856105363 3.2798648533022214e-05
888 16 0 0.00020578157859009929 3.3726836900862476e-05
896 16 0 0.00021139659949928318 3.4537652674619792e-05
904 16 0 0.00021625127547970997 3.5227508444920179e-05
912 16 0 0.00022033653415002362 3.5795967442277119e-05
920 16 0 0.00022366392194458023 3.6245817915614106e-05
928 16 0 0.00022626527226010236 3.6583010952947315e-05
936 16 0 0.00022819146733544509 3.6816456975744606e-05
944 16 0 0.00022951031226214628 3.6957683557902696e-05
952 16 0 0.00023030358846744581 3.7020364917241005e-05
960 16 0 0.0002306634014544328 3.7019740921961729e-05
968 16 0 0.00023068798046389051 3.6971950257207132e-05
976 16 0 0.00023047712315455113 3.6893308043908958e-05
984 16 0 0.00023012750388682094 3.6799562289932129e-05
992 16 0 0.00022972807782079989 3.670516576952885e-05
1000 16 0 0.00022935581361175383 3.6622600074850178e-05
1008 16 0 0.0002290719746430592 3.6561786598881629e-05
1016 16 0 0.00022891914298692586 3.6529615169115018e-05
0 24 0 7.6682717192071249e-13 4.7235522577901389e-13
8 24 0 8.2490046845516183e-13 5.0599198820569571e-13
16 24 0 9.4512985488749232e-13 5.7548039042715299e-13
24 24 0 1.1359368766527025e-12 6.8537933414539838e-13
32 24 0 1.4106072512122673e-12 8.4285623729428785e-13
40 24 0 1.7881133319845382e-12 1.0580994931277227e-12
48 24 0 2.2942764583964282e-12 1.3448984033421226e-12
56 24 0 2.9633291234397418e-12 1.7214176866489071e-12
64 24 0 3.8399565361706337e-12 2.2112022431174362e-12
72 24 0 4.9819201935601351e-12 2.8444577269908861e-12
80 24 0 6.463393480051678e-12 3.6596640020963237e-12
88 24 0 8.379172241823557e-12 4.705592139634237e-12
96 24 0 1.0849963120342411e-11 6.0438117577011655e-12
104 24 0 1.4029000837320356e-11 7.751794775603965e-12
112 24 0 1.8110304593809475e-11 9.9267447516199117e-12
120 24 0 2.3338955665692263e-11 1.2690308702717173e-11
128 24 0 3.0023865990331931e-11 1.6194361622298213e-11
136 24 0 3.8553614418445285e-11 2.0628093926734948e-11
144 24 0 4.9416057334185725e-11 2.6226680051927987e-11
152 24 0 6.3222578207850847e-11 3.3281863846379936e-11
160 24 0 8.0738031831849961e-11 4.2154864917423595e-11
168 24 0 1.0291766994097143e-10 5.3292091535963835e-11
176 24 0 1.3095261319870145e-10 6.7244242168096385e-11
184 24 0 1.6632576907403707e-10 8.4689491507548657e-11
192 24 0 2.1088049655293976e-10 1.0646159066192266e-10
200 24 0 2.6690479964108283e-10 1.3358386790981984e-10
208 24 0 3.3723440757183864e-10 1.6731029970190588e-10
216 24 0 4.2537878918911544e-10 2.0917503548618621e-10
224 24 0 5.3567497488065987e-10 2.6105200951042923e-10
232 24 0 6.7347504945692905e-10 3.2522656410490096e-10
240 24 0 8.4537436727151112e-10 4.0448134955645164e-10
248 24 0 1.0594889674493083e-09 5.0219916467161104e-10
256 24 0 1.3257923810915977e-09 6.2248587049256744e-10
264 24 0 1.6565240812948104e-09 7.7031706041506539e-10
272 24 0 2.0666842975744577e-09 9.5171281826160298e-10
280 24 0 2.5746328750776014e-09 1.1739456586790295e-09
288 24 0 3.2028133911447833e-09 1.4457876400298857e-09
296 24 0 3.9786279409396708e-09 1.777803688000572e-09
304 24 0 4.9354929704767742e-09 2.1826993875550352e-09
312 24 0 6.114112374989877e-09 2.6757329093337269e-09
320 24 0 7.5640109016938187e-09 3.2752023490699334e-09
328 24 0 9.3453788078005517e-09 4.0030215857710358e-09
336 24 0 1.1531287834872232e-08 4.8853998113839264e-09
344 24 0 1.42103489734779e-08 5.9536421497675267e-09
352 24 0 1.7489894306699982e-08 7.2450912568387751e-09
360 24 0 2.1499778529473313e-08 8.8042324596867675e-09
368 24 0 2.6396910626357501e-08 1.0683987825448146e-08
376 24 0 3.2370642724705082e-08 1.2947227518630948e-08
384 24 0 3.9649161378318989e-08 1.5668529869230258e-08
392 24 0 4.8507046509419081e-08 1.8936224687332704e-08
400 24 0 5.9274184939139056e-08 2.2854757469068404e-08
408 24 0 7.2346248812020858e-08 2.7547415179784224e-08
416 24 0 8.8196974138342653e-08 3.3159457195110628e-08
424 24 0 1.0739250091178938e-07 3.9861697631086347e-08
432 24 0 1.3060806345513139e-07 4.785458757503223e-08
440 24 0 1.586473472951735e-07 5.7372847477834468e-08
448 24 0 1.9246485628244968e-07 6.8690700980289481e-08
456 24 0 2.3319165996327252e-07 8.212776146634361e-08
464 24 0 2.8216491528131322e-07 9.8055621358880253e-08
472 24 0 3.4096157721295891e-07 1.1690519124788618e-07
480 24 0 4.114367283809361e-07 1.3917483098181515e-07
488 24 0 4.9576696626200805e-07 1.6543930746294015e-07
496 24 0 5.964992862499306e-07 1.9635960368112718e-07
504 24 0 7.1660588714034925e-07 2.326935901522916e-07
512 24 0 8.5954529964819163e-07 2.7530755311473772e-07
520 24 0 1.0293301946780326e-06 3.2518855336704368e-07
528 24 0 1.2306021614701262e-06 3.8345756535118444e-07
536 24 0 1.4687136501048394e-06 4.5138331785181336e-07
544 24 0 1.7498171397271706e-06 5.3039672528234161e-07
552 24 0 2.0809614121381903e-06 6.2210576155058876e-07
560 24 0 2.4701945658098928e-06 7.2831058618324917e-07
568 24 0 2.9266730801893712e-06 8.5101868346806246e-07
576 24 0 3.4607758133322955e-06 9.9245971791796488e-07
584 24 0 4.0842212638588206e-06 1.155099740707799e-06
592 24 0 4.8101857264305217e-06 1.3416542985169165e-06
600 24 0 5.6534190955946691e-06 1.5550998945752806e-06
608 24 0 6.6303540086719242e-06 1.7986831277474682e-06
616 24 0 7.7592027576785868e-06 2.0759266859310425e-06
624 24 0 9.0600349529707576e-06 2.3906311932352681e-06
632 24 0 1.0554827320528207e-05 2.7468717074969372e-06
640 24 0 1.2267475323644869e-05 3.1489874410068122e-06
648 24 0 1.4223754617103479e-05 3.601563043732677e-06
656 24 0 1.6451218806191839e-05 4.1093995624436893e-06
664 24 0 1.89790187731332e-05 4.6774729961016461e-06
672 24 0 2.1837628165562075e-05 5.3108782404533008e-06
680 24 0 2.5058459759557173e-05 6.0147561925083815e-06
688 24 0 2.8673358570560435e-05 6.7942019129398316e-06
696 24 0 3.2713960038372377e-05 7.6541520674318396e-06
704 24 0 3.7210905571582908e-05 8.5992504297984976e-06
712 24 0 4.2192913350585191e-05 9.6336910650488144e-06
720 24 0 4.768570960596622e-05 1.0761039939489108e-05
728 24 0 5.3710834528703567e-05 1.1984037126258033e-05
736 24 0 6.0284347290118132e-05 1.330438346003403e-05
744 24 0 6.7415465936440124e-05 1.4722517383940851e-05
752 24 0 7.5105189577177043e-05 1.6237389730619752e-05
760 24 0 8.3344961540303454e-05 1.7846246160132444e-05
768 24 0 9.2115442113222641e-05 1.9544428782433551e-05
776 24 0 0.00010138546712991534 2.1325209942821323e-05
784 24 0 0.00011111127298488086 2.3179672056733428e-05
792 24 0 0.00012123606870052102 2.5096647562935205e-05
800 24 0 0.00013169003065129081 2.7062732362314679e-05
808 24 0 0.00014239078491338279 2.9062384405840059e-05
816 24 0 0.0001532444257629824 3.1078116332165529e-05
824 24 0 0.00016414709680297415 3.3090787250189134e-05
832 24 0 0.0001749871342303536 3.5079994017215795e-05
840 24 0 0.00018564774100789084 3.7024556871527735e-05
848 24 0 0.00019601012775904254 3.8903088317549038e-05
856 24 0 0.00020595702302091262 4.0694628085494639e-05
864 24 0 0.00021537642428197544 4.2379321203340695e-05
872 24 0 0.00022416543432823258 4.3939111163120484e-05
880 24 0 0.00023223400709407584 4.535841626765634e-05
888 24 0 0.00023950841549096177 4.6624754900097232e-05
896 24 0 0.00024593425217390297 4.7729284984641995e-05
904 24 0 0.00025147878392463015 4.8667224513430918e-05
912 24 0 0.00025613250159230074 4.9438123780324596e-05
920 24 0 0.00025990973986019433 5.004596581658136e-05
928 24 0 0.00026284828321304968 5.0499079241150444e-05
936 24 0 0.0002650079243111897 5.0809856946225699e-05
944 24 0 0.00026646799582004897 5.0994284234658657e-05
952 24 0 0.00026732395338468682 5.1071290608686285e-05
960 24 0 0.00026768314237639453 5.1061949718731044e-05
968 24 0 0.00026765993072109764 5.098856134269083e-05
976 24 0 0.00026737043119846009 5.0873657041040769e-05
984 24 0 0.00026692706617675307 5.0738976764690439e-05
992 24 0 0.00026643324359032874 5.0604466749616217e-05
1000 24 0 0.00026597841368660401 5.0487349243211871e-05
1008 24 0 0.00026563376124194083 5.0401311883448965e-05
1016 24 0 0.00026544875815604087 5.0355858997768778e-05
0 32 0 1.2391823976997264e-12 7.7565404928436896e-13
8 32 0 1.3308924566608575e-12 8.2976602291334354e-13
16 32 0 1.5206102453146453e-12 9.4147947592303182e-13
24 32 0 1.8213162107981009e-12 1.1179725368226669e-12
32 32 0 2.2534634885065552e-12 1.3705195002534757e-12
40 32 0 2.846212825112261e-12 1.7151257414427788e-12
48 32 0 3.6391748617385509e-12 2.1734192441548383e-12
56 32 0 4.6847468100886489e-12 2.7738393024123642e-12
64 32 0 6.0511587792880699e-12 3.5531756857524202e-12
72 32 0 7.8263779205510212e-12 4.5585261381190923e-12
80 32 0 1.0123057482148002e-11 5.8497570148367733e-12
88 32 0 1.3084764381457794e-11 7.5025717361031636e-12
96 32 0 1.6893774878043577e-11 9.6123152380710992e-12
104 32 0 2.1780795612924321e-11 1.2298670548855439e-11
112 32 0 2.8037049345429386e-11 1.5711436971481196e-11
120 32 0 3.6029264368409435e-11 2.0037619257106771e-11
128 32 0 4.6218227612630144e-11 2.5510104933688349e-11
136 32 0 5.9181708345180234e-11 3.241826416646654e-11
144 32 0 7.5642737386113712e-11 4.1120874946497457e-11
152 32 0 9.6504442054230783e-11 5.2061858052773889e-11
160 32 0 1.2289289674927356e-10 6.5789403383010328e-11
168 32 0 1.5620976147693526e-10 8.2979184426915722e-11
176 32 0 1.9819685536679783e-10 1.0446249366558755e-10
184 32 0 2.5101526058158573e-10 1.312602916250485e-10
192 32 0 3.1734208721486242e-10 1.6462434965074014e-10
200 32 0 4.0048866755090267e-10 2.0608688511215694e-10
208 32 0 5.0454470727374452e-10 2.5752034219571963e-10
216 32 0 6.3455382467530165e-10 3.2120926700283474e-10
224 32 0 7.967269843910891e-10 3.9993656871611745e-10
232 32 0 9.9870161356183001e-10 4.9708685691706628e-10
240 32 0 1.2498557168279628e-09 6.1677000831055409e-10
248 32 0 1.5616881321209194e-09 7.6396865589433517e-10
256 32 0 1.9482782515841651e-09 9.4471392429482413e-10
264 32 0 2.4268411417098758e-09 1.1662944736328639e-09
272 32 0 3.0183971158360607e-09 1.4375047807596515e-09
280 32 0 3.748578533756631e-09 1.768939603473375e-09
288 32 0 4.6486010311746689e-09 2.1733427648500682e-09
296 32 0 5.7564316289402428e-09 2.6660197865610499e-09
304 32 0 7.1181923580318093e-09 3.2653255170542426e-09
312 32 0 8.7898452843236039e-09 3.9932397655855527e-09
320 32 0 1.0839213250763752e-08 4.8760460848448021e-09
328 32 0 1.3348400393571587e-08 5.9451312553959962e-09
336 32 0 1.6416687646256159e-08 7.23792571785062e-09
344 32 0 2.0163991123245426e-08 8.7990081668415429e-09
352 32 0 2.4734985563538757e-08 1.0681400746255465e-08
360 32 0 3.0304010989160081e-08 1.2948084737768428e-08
368 32 0 3.7080898451805647e-08 1.5673770272962043e-08
376 32 0 4.531787024333603e-08 1.8946957371074586e-08
384 32 0 5.5317691247549247e-08 2.2872329448276838e-08
392 32 0 6.7443271196751785e-08 2.7573524290213022e-08
400 32 0 8.212894240820746e-08 3.3196331248581682e-08
408 32 0 9.9893663991805082e-08 3.9912367025024121e-08
416 32 0 1.2135643133345328e-07 4.7923285736378707e-08
424 32 0 1.4725419854287573e-07 5.7465581886442725e-08
432 32 0 1.7846265103016362e-07 6.8816047240008252e-08
440 32 0 2.1602019477300797e-07 8.2297944199945273e-08
448 32 0 2.6115555726273916e-07 9.8287958866494819e-08
456 32 0 3.1531942142961613e-07 1.1722399618391354e-07
464 32 0 3.8022053664019347e-07 1.3961387705914212e-07
472 32 0 4.578667684608451e-07 1.6604499261311948e-07
480 32 0 5.5061155936275125e-07 1.9719496329298333e-07
488 32 0 6.6120627372494819e-07 2.3384333990741186e-07
496 32 0 7.9285888993105778e-07 2.7688436923826835e-07
504 32 0 9.4929947729264085e-07 3.2734082827663006e-07
512 32 0 1.1348528527629293e-06 3.8637890797120888e-07
520 32 0 1.3545187480450763e-06 4.5532409941851916e-07
528 32 0 1.6140597268213106e-06 5.3567800253224718e-07
536 32 0 1.9200969679566527e-06 6.2913593932938366e-07
544 32 0 2.2802138650095122e-06 7.3760521094792684e-07
552 32 0 2.7030671736887791e-06 8.6322378905570666e-07
560 32 0 3.198505151993142e-06 1.0083791777157811e-06
568 32 0 3.7776917636574337e-06 1.1757271197142045e-06
576 32 0 4.4532355312502604e-06 1.3682097496730147e-06
584 32 0 5.2393210045666196e-06 1.5890727118409076e-06
592 32 0 6.1518400249474382e-06 1.841880659187115e-06
600 32 0 7.2085189901699497e-06 2.1305304274920513e-06
608 32 0 8.4290371364193924e-06 2.4592610284703921e-06
616 32 0 9.8351294436096294e-06 2.8326594251421064e-06
624 32 0 1.1450666146206026e-05 3.2556608380847817e-06
632 32 0 1.3301699028025145e-05 3.7335420836326982e-06
640 32 0 1.5416462764651681e-05 4.2719061704543678e-06
648 32 0 1.7825317660836156e-05 4.8766560921189359e-06
656 32 0 2.0560618368635529e-05 5.5539554717130768e-06
664 32 0 2.3656491769234846e-05 6.3101734714492876e-06
672 32 0 2.7148506406015376e-05 7.1518112166380834e-06
680 32 0 3.1073215952065555e-05 8.0854069495425062e-06
688 32 0 3.5467560483500267e-05 9.1174172813115494e-06
696 32 0 4.0368112105804217e-05 1.0254072308813905e-05
704 32 0 4.5810156001381406e-05 1.1501203064082317e-05
712 32 0 5.1826604415634006e-05 1.2864040813286735e-05
720 32 0 5.8446749545455328e-05 1.4346989147314012e-05
728 32 0 6.56948716549616e-05 1.5953371607886824e-05
736 32 0 7.3588730750152162e-05 1.7685159737694159e-05
744 32 0 8.2137983320380975e-05 1.9542688855295597e-05
752 32 0 9.1342579307796795e-05 2.1524371416329488e-05
760 32 0 0.0001011912077004359 2.362642036868926e-05
768 32 0 0.00011165987089565619 2.5842597238922476e-05
776 32 0 0.00012271067707273666 2.8164001569705232e-05
784 32 0 0.00013429094504161429 3.0578919520077259e-05
792 32 0 0.00014633271626345623 3.3072749703782627e-05
800 32 0 0.00015875276301360549 3.5628023468321475e-05
808 32 0 0.00017145316931922285 3.8224534653392365e-05
816 32 0 0.00018432254209514793 4.0839590334209149e-05
824 32 0 0.00019723788405316328 4.34483891712791e-05
832 32 0 0.00021006712824756939 4.6024527882858606e-05
840 32 0 0.00022267229787941857 4.8540629275112967e-05
848 32 0 0.00023491321607659157 5.0969077566141816e-05
856 32 0 0.00024665165110640725 5.3282838879256894e-05
864 32 0 0.00025775574548531614 5.5456337286335206e-05
872 32 0 0.00026810454549135306 5.7466350219362837e-05
880 32 0 0.00027759242336173218 5.9292881998719679e-05
888 32 0 0.000286133170391059 6.0919971161458425e-05
896 32 0 0.00029366353715854496 6.2336386626801233e-05
904 32 0 0.00030014600843806106 6.3536169786351749e-05
912 32 0 0.00030557062537262534 6.4518984458504579e-05
920 32 0 0.00030995570567677569 6.5290244211955962e-05
928 32 0 0.00031334736245420012 6.5860996552608009e-05
936 32 0 0.0003158177812574154 6.6247555399223429e-05
944 32 0 0.00031746228005470763 6.6470886495112133e-05
952 32 0 0.0003183952439933731 6.6555764135883301e-05
960 32 0 0.00031874509209512558 6.652973097878717e-05
968 32 0 0.00031864849206378847 6.6421904860872964e-05
976 32 0 0.00031824408823950085 6.6261686659405789e-05
984 32 0 0.00031766604294144351 6.6077430553996479e-05
992 32 0 0.00031703771033994495 6.5895142033434064e-05
1000 32 0 0.00031646576292981588 6.5737269276717255e-05
1008 32 0 0.0003160350731253898 6.5621650010562384e-05
1016 32 0 0.00031580461715380965 6.5560668739374846e-05
0 40 0 2.0148364469840953e-12 1.2584565448484325e-12
8 40 0 2.1606584795742011e-12 1.3443565847955001e-12
16 40 0 2.4620897212376771e-12 1.5215736075707831e-12
24 40 0 2.9392887476207678e-12 1.8012434812905467e-12
32 40 0 3.6239829887600309e-12 2.2008386871584324e-12
40 40 0 4.5613385665550397e-12 2.7451296176990347e-12
48 40 0 5.8125941058933892e-12 3.4675325028117817e-12
56 40 0 7.4585861125010132e-12 4.4119035248529689e-12
64 40 0 9.6043344650404901e-12 5.6348572038357884e-12
72 40 0 1.2384904058670114e-11 7.2087082381118031e-12
80 40 0 1.5972814496984775e-11 9.225160368208384e-12
88 40 0 2.0587336117560958e-11 1.179989429623798e-11
96 40 0 2.6506090116114676e-11 1.5078240184242403e-11
104 40 0 3.407946616177976e-11 1.9242159886387443e-11
112 40 0 4.3748486316910583e-11 2.4518811159697507e-11
120 40 0 5.6066883625516206e-11 3.119102219896342e-11
128 40 0 7.1728332546318493e-11 3.9610071771185256e-11
136 40 0 9.1599972511646773e-11 5.0211250089825609e-11
144 40 0 1.1676361233261117e-10 6.3532770781261227e-11
152 40 0 1.4856630010700467e-10 8.0238717581294611e-11
160 40 0 1.8868230013228388e-10 1.0114684379996071e-10
168 40 0 2.3918894590385098e-10 1.272622014628437e-10
176 40 0 3.0265934903238539e-10 1.5981776404660434e-10
184 40 0 3.8227555220663423e-10 2.0032342587858745e-10
192 40 0 4.8196643686560256e-10 2.5062501695191858e-10
200 40 0 6.0657555266305961e-10 3.1297526898989078e-10
208 40 0 7.6206504946946415e-10 3.9011901260539779e-10
216 40 0 9.5576309167813639e-10 4.8539528278903782e-10
224 40 0 1.1966635531072065e-09 6.0285946844587388e-10
232 40 0 1.4957884704788963e-09 7.474291707373428e-10
240 40 0 1.8666257251385168e-09 9.2505804627738771e-10
248 40 0 2.3256567880152545e-09 1.142942619292413e-09
256 40 0 2.8929921758789892e-09 1.4097678695052472e-09
264 40 0 3.5931356153427397e-09 1.7359983612366726e-09
272 40 0 4.4559018965957122e-09 2.1342227992930999e-09
280 40 0 5.517518137230006e-09 2.6195612073565485e-09
288 40 0 6.8219437960247372e-09 3.2101454562131318e-09
296 40 0 8.4224514155012928e-09 3.9276856549194602e-09
304 40 0 1.0383517875086052e-08 4.7981369898328749e-09
312 40 0 1.2783085049909157e-08 5.8524839828887107e-09
320 40 0 1.5715259335608554e-08 7.1276618637854992e-09
328 40 0 1.9293531648967584e-08 8.6676378234235635e-09
336 40 0 2.3654613364106779e-08 1.0524678337945589e-08
344 40 0 2.8962999290086969e-08 1.276083250871839e-08
352 40 0 3.5416386309794222e-08 1.544966542132443e-08
360 40 0 4.3252095726928509e-08 1.8678279836404368e-08
368 40 0 5.275466872476769e-08 2.2549669020614754e-08
376 40 0 6.4264827614410616e-08 2.7185448125778621e-08
384 40 0 7.8190020695826085e-08 3.2729016134886033e-08
392 40 0 9.5016795486964807e-08 3.9349204911288433e-08
400 40 0 1.1532527365678914e-07 4.7244476199707859e-08
408 40 0 1.398060310168292e-07 5.6647731411984698e-08
416 40 0 1.6927971706983199e-07 6.7831802549655764e-08
424 40 0 2.0471978042931846e-07 8.1115695509127048e-08
432 40 0 2.4727869827017187e-07 9.6871659087193336e-08
440 40 0 2.9831813897295324e-07 1.1553315400745435e-07
448 40 0 3.5944351612923398e-07 1.3760379590653745e-07
456 40 0 4.3254341761352967e-07 1.636673440562075e-07
464 40 0 5.1983441369933558e-07 1.9439880316799712e-07
472 40 0 6.2391176107396457e-07 2.3057669836038439e-07
480 40 0 7.4780652265573459e-07 2.7309657262770037e-07
488 40 0 8.9504961363236005e-07 3.2298574126534955e-07
496 40 0 1.0697432591693261e-06 3.8141931802540575e-07
504 40 0 1.2766403055692709e-06 4.4973750272372464e-07
512 40 0 1.5212317607341382e-06 5.2946408915169072e-07
520 40 0 1.8098428474635954e-06 6.2232611519549746e-07
528 40 0 2.1497377293535578e-06 7.3027453395046061e-07
536 40 0 2.5492329072860364e-06 8.5550573539469136e-07
544 40 0 3.017819075957439e-06 1.000483692941573e-06
552 40 0 3.5662909627444857e-06 1.167962447853018e-06
560 40 0 4.2068843297089231e-06 1.3610085765832795e-06
568 40 0 4.9534188833716381e-06 1.5830232104455766e-06
576 40 0 5.821445280923275e-06 1.8377630913582268e-06
584 40 0 6.8283937164075272e-06 2.129360048418454e-06
592 40 0 7.9937206841345532e-06 2.4623381629743592e-06
600 40 0 9.339049417662001e-06 2.8416277489428547e-06
608 40 0 1.0888298164889785e-05 3.2725751040578194e-06
616 40 0 1.2667788868751736e-05 3.7609467807041831e-06
624 40 0 1.4706326984290807e-05 4.3129268781045943e-06
632 40 0 1.7035241111657843e-05 4.9351055708027705e-06
640 40 0 1.9688368935106049e-05 5.6344567675935096e-06
648 40 0 2.2701973752955092e-05 6.4183024546041122e-06
656 40 0 2.6114573840348606e-05 7.2942609409437471e-06
664 40 0 2.9966665240684134e-05 8.2701759320518286e-06
672 40 0 3.4300317622653459e-05 9.3540231539964802e-06
680 40 0 3.9158622901608061e-05 1.0553791202536219e-05
688 40 0 4.4584977764811816e-05 1.1877333463653685e-05
696 40 0 5.0622184414618122e-05 1.3332188421393472e-05
704 40 0 5.7311359065463723e-05 1.4925366505116231e-05
712 40 0 6.4690645228920741e-05 1.6663102890804681e-05
720 40 0 7.279373869276934e-05 1.8550577396874484e-05
728 40 0 8.1648243262848425e-05 2.0591604808355775e-05
736 40 0 9.1273890487846322e-05 2.2788301585842019e-05
744 40 0 0.00010168067217567657 2.5140737877940084e-05
752 40 0 0.00011286695072412628 2.7646586913365468e-05
760 40 0 0.00012481762806912516 3.0300787001263262e-05
768 40 0 0.00013750246813457867 3.3095234266448031e-05
776 40 0 0.00015087467864244189 3.6018526603761594e-05
784 40 0 0.00016486986456169155 3.9055780848255709e-05
792 40 0 0.00017940546596723886 4.2188545527371672e-05
800 40 0 0.00019438078648192697 4.5394830524624042e-05
808 40 0 0.00020967770397261522 4.8649272343798149e-05
816 40 0 0.00022516213242935708 5.192344931558067e-05
824 40 0 0.00024068627322444239 5.5186355052358184e-05
832 40 0 0.000256091656130428 5.8405030887479891e-05
840 40 0 0.00027121292715453154 6.1545349234587736e-05
848 40 0 0.00028588229364273339 6.4572930214363536e-05
856 40 0 0.00029993448998566415 6.7454164087484426e-05
864 40 0 0.00031321208277165134 7.0157302663224669e-05
872 40 0 0.0003255708957107159 7.265357463124959e-05
880 40 0 0.00033688530536045186 7.491827339428127e-05
888 40 0 0.00034705314155251743 7.6931762104764413e-05
896 40 0 0.0003559999237853462 7.8680339753525144e-05
904 40 0 0.00036368217822441281 8.0156914674751857e-05
912 40 0 0.00037008960983112992 8.1361437856653776e-05
920 40 0 0.00037524594988873165 8.2301057875299344e-05
928 40 0 0.00037920835900680813 8.2989971741928678e-05
936 40 0 0.00038206533665663883 8.3448960870270955e-05
944 40 0 0.00038393316654981976 8.3704617916511995e-05
952 40 0 0.0003849510081292564 8.3788287443465736e-05
960 40 0 0.00038527482307391275 8.3734760136058991e-05
968 40 0 0.00038507039692466143 8.3580775546943542e-05
976 40 0 0.00038450577489890664 8.3363401033862675e-05
984 40 0 0.00038374347349543999 8.3118363752616108e-05
992 40 0 0.00038293285237337902 8.2878417583291989e-05
1000 40 0 0.00038220303220653314 8.2671827245315633e-05
1008 40 0 0.00038165672313595218 8.2521047450334628e-05
1016 40 0 0.0003813652858931845 8.2441665918283615e-05
0 48 0 3.2732929918325279e-12 2.0266001875922585e-12
8 48 0 3.5050150643697011e-12 2.1618405380187512e-12
16 48 0 3.9836633288084602e-12 2.4406527584997829e-12
24 48 0 4.7405322289113145e-12 2.8801531384295626e-12
32 48 0 5.8248216759184633e-12 3.507169225265942e-12
40 48 0 7.3064681842540744e-12 4.3596801619809934e-12
48 48 0 9.2801266087051708e-12 5.488833394894792e-12
56 48 0 1.1870489637353982e-11 6.9616241589611545e-12
64 48 0 1.5239191668876278e-11 8.8643507545720873e-12
72 48 0 1.9593612296781917e-11 1.1306988785705609e-11
80 48 0 2.5197974865193159e-11 1.4428662172675713e-11
88 48 0 3.2387230413798938e-11 1.8404428968212987e-11
96 48 0 4.1584330300357079e-11 2.3453647061721257e-11
104 48 0 5.3321626048167203e-11 2.9850240248647095e-11
112 48 0 6.8267297476608089e-11 3.7935250636289388e-11
120 48 0 8.7257905824479626e-11 4.8132141034549662e-11
128 48 0 1.1133840431750375e-10 6.0965403273136705e-11
136 48 0 1.4181122260147238e-10 7.7083138110845688e-11
144 48 0 1.802963831138724e-10 9.7284402772171338e-11
152 48 0 2.2880501768829928e-10 1.2255227677740724e-10
160 48 0 2.8982914393224459e-10 1.5409377962887722e-10
168 48 0 3.6645114736669468e-10 1.9338798944813873e-10
176 48 0 4.6247711307898972e-10 2.4224396453943081e-10
184 48 0 5.8259897808522168e-10 3.0287036513080071e-10
192 48 0 7.3259145381752114e-10 3.7795901562985633e-10
200 48 0 9.1955082165295039e-10 4.7078504450305154e-10
208 48 0 1.1521840620748619e-09 5.8532669588044789e-10
216 48 0 1.4411583744671742e-09 7.2640843171175496e-10
224 48 0 1.7995230215530804e-09 8.9987154469856305e-10
232 48 0 2.2432176412162391e-09 1.112777191282149e-09
240 48 0 2.7916837714159046e-09 1.3736475444093412e-09
248 48 0 3.4685994073076676e-09 1.6927516748883377e-09
256 48 0 4.3027600453842364e-09 2.0824438193934141e-09
264 48 0 5.3291339765794123e-09 2.5575629088917616e-09
272 48 0 6.5901246958888121e-09 3.1359036447485477e-09
280 48 0 8.1370793445865545e-09 3.8387710569664699e-09
288 48 0 1.0032089252237869e-08 4.6916323994669683e-09
296 48 0 1.2350137070420753e-08 5.7248824722296416e-09
304 48 0 1.5181654864918927e-08 6.974741049528731e-09
312 48 0 1.8635569032797867e-08 8.4843040726666019e-09
320 48 0 2.2842921199394053e-08 1.0304773660550318e-08
328 48 0 2.7961169472391147e-08 1.2496895814403775e-08
336 48 0 3.4179291702052367e-08 1.5132638937728184e-08
344 48 0 4.1723831798805359e-08 1.829715093108221e-08
352 48 0 5.0866051731118652e-08 2.2091037600539389e-08
360 48 0 6.1930375563332877e-08 2.663301036069124e-08
368 48 0 7.5304337745382444e-08 3.2062956615752996e-08
376 48 0 9.1450275740189237e-08 3.8545491642886942e-08
384 48 0 1.1091903683071212e-07 4.6274056141318288e-08
392 48 0 1.3436600039825324e-07 5.5475628698887163e-08
400 48 0 1.62569749856497e-07 6.641612710648537e-08
408 48 0 1.964537624288139e-07 7.9406576555763636e-08
416 48 0 2.3711151961948775e-07 9.481012611159677e-08
424 48 0 2.858354759384455e-07 1.1304999726340518e-07
432 48 0 3.441503573573652e-07 1.3461844959883854e-07
440 48 0 4.1385129298040759e-07 1.6008684842438098e-07
448 48 0 4.9704731203577143e-07 1.901169171168816e-07
456 48 0 5.9621076166973717e-07 2.2547325266539209e-07
464 48 0 7.142332168673327e-07 2.670371756791524e-07
472 48 0 8.5448845943434896e-07 3.1582197540780041e-07
480 48 0 1.020903095283435e-06 3.7298959526380748e-07
488 48 0 1.2180353548977096e-06 4.3986878412398558e-07
496 48 0 1.4511625771947319e-06 5.1797471249981606e-07
504 48 0 1.7263778082929955e-06 6.0903001978392832e-07
512 48 0 2.050695849885829e-06 7.1498721866198583e-07
520 48 0 2.4321689626590929e-06 8.3805233513857339e-07
528 48 0 2.8800122633040184e-06 9.8070960746324867e-07
536 48 0 3.4047386426807277e-06 1.1457470048184906e-06
544 48 0 4.018302768899012e-06 1.3362822573497049e-06
552 48 0 4.7342534105975037e-06 1.5557890133136151e-06
560 48 0 5.5678929062922026e-06 1.8081226567507648e-06
568 48 0 6.5364420938172148e-06 2.0975452293422211e-06
576 48 0 7.6592083722815018e-06 2.4287488010189469e-06
584 48 0 8.9577537648259812e-06 2.8068765219843819e-06
592 48 0 1.0456058847108912e-05 3.237540458956517e-06
600 48 0 1.2180677166604856e-05 3.7268351639855061e-06
608 48 0 1.4160873268947604e-05 4.2813457375553184e-06
616 48 0 1.6428735649455919e-05 4.9081489213814193e-06
624 48 0 1.9019253862395402e-05 5.6148054847603366e-06
632 48 0 2.1970346682460613e-05 6.4093418499978356e-06
640 48 0 2.5322825702699559e-05 7.3002185426306759e-06
648 48 0 2.9120276207559204e-05 8.2962826658544307e-06
656 48 0 3.3408834781292353e-05 9.4067012132146747e-06
664 48 0 3.8236841172735963e-05 1.0640871691183577e-05
672 48 0 4.365434077664994e-05 1.2008306281155817e-05
680 48 0 4.971241410414428e-05 1.3518485700705534e-05
688 48 0 5.6462311228465501e-05 1.5180679110253005e-05
696 48 0 6.3954372836011594e-05 1.7003726943133374e-05
704 48 0 7.2236725570579954e-05 1.8995784501627577e-05
712 48 0 8.1353748119725422e-05 2.1164025632949813e-05
720 48 0 9.1344316089643824e-05 2.3514307826158137e-05
728 48 0 0.0001022398480712042 2.6050802663413338e-05
736 48 0 0.00011406219207368834 2.8775598675691928e-05
744 48 0 0.00012682141005361666 3.1688287191188811e-05
752 48 0 0.00014051353763749175 3.4785545553821018e-05
760 48 0 0.00015511841507038842 3.8060735890970961e-05
768 48 0 0.0001705977024010267 4.1503541124078487e-05
776 48 0 0.00018689320524620348 4.5099662796303135e-05
784 48 0 0.00020392564540994726 4.8830607167516871e-05
792 48 0 0.00022159401149461053 5.2673586533092266e-05
800 48 0 0.00023977561700655101 5.6601561534490546e-05
808 48 0 0.00025832697631641337 6.0583447099587129e-05
816 48 0 0.00027708558174493775 6.4584499446308221e-05
824 48 0 0.00029587262827680057 6.8566894317838962e-05
832 48 0 0.00031449668701790789 7.2490497473428261e-05
840 48 0 0.00033275827638911927 7.6313817796795017e-05
848 48 0 0.00035045522385709693 7.9995121739819908e-05
856 48 0 0.00036738865407314858 8.3493675881002988e-05
864 48 0 0.00038336938543487601 8.6771072949460247e-05
872 48 0 0.00039822447034196549 8.979258661150828e-05
880 48 0 0.00041180357875473313 9.2528492501700262e-05
888 48 0 0.00042398490365728184 9.495528819419781e-05
896 48 0 0.00043468026353887134 9.7056743700462582e-05
904 48 0 0.00044383909289916467 9.8824717082835942e-05
912 48 0 0.00045145104768778369 0.00010025967706592481
920 48 0 0.000457547007764031 0.00010137088598662064
928 48 0 0.00046219833074873681 0.00010217621161667735
936 48 0 0.00046551429752690978 0.00010270155458827035
944 48 0 0.00046763778446633176 0.00010297989836029382
952 48 0 0.00046873929557272214 0.00010305000968696264
960 48 0 0.00046900958320997174 0.00010295483807281426
968 48 0 0.00046865117247160497 0.00010273968137058367
976 48 0 0.00046786917593276932 0.00010245020021808009
984 48 0 0.0004668618372480561 0.00010213037529729322
992 48 0 0.00046581126995667101 0.00010182050756276474
1000 48 0 0.00046487485945184877 0.00010155536207512165
1008 48 0 0.00046417777058628681 0.00010136255070452476
1016 48 0 0.00046380695181146811 0.00010126123794030939
0 56 0 5.2998931794247864e-12 3.2446406769483821e-12
8 56 0 5.6668556023884523e-12 3.4562060836694361e-12
16 56 0 6.4243160873082431e-12 3.8920600950058792e-12
24 56 0 7.6206853673408771e-12 4.5783239837955291e-12
32 56 0 9.3319909011844053e-12 5.5558956971111966e-12
40 56 0 1.1666148346235068e-11 6.8825907362287378e-12
48 56 0 1.4768960003599963e-11 8.636135346539282e-12
56 56 0 1.8832113796315137e-11 1.0918136209464319e-11
64 56 0 2.4103542423448366e-11 1.3859188689265433e-11
72 56 0 3.0900601082487526e-11 1.7625328356341982e-11
80 56 0 3.9626637037868872e-11 2.2426079237121506e-11
88 56 0 5.0791659382011925e-11 2.8524408468345734e-11
96 56 0 6.5037977362078336e-11 3.6248962439286258e-11
104 56 0 8.3171866296814298e-11 4.6009036064850343e-11
112 56 0 1.0620254811289748e-10 5.8312816877934593e-11
120 56 0 1.3539004685902929e-10 7.3789551907573072e-11
128 56 0 1.7230380759064045e-10 9.3216411032162015e-11
136 56 0 2.1889436071231807e-10 1.1755096937714993e-10
144 56 0 2.7758078588604374e-10 1.479704075937447e-10
152 56 0 3.5135729446570653e-10 1.8591873724615753e-10
160 56 0 4.4392292356112181e-10 2.3316360425742811e-10
168 56 0 5.5983913681483341e-10 2.9186451203836472e-10
176 56 0 7.0472107761842054e-10 3.6465464351586457e-10
184 56 0 8.8546934321602239e-10 4.5473885404049199e-10
192 56 0 1.1105504694473775e-09 5.660108616210092e-10
200 56 0 1.3903358661560019e-09 7.03193183988691e-10
208 56 0 1.7375107579553098e-09 8.720039710722887e-10
216 56 0 2.1675668061789292e-09 1.0793555649283276e-09
224 56 0 2.6993945662516435e-09 1.3335903968882866e-09
232 56 0 3.3559948324983881e-09 1.6447607158153647e-09
240 56 0 4.1653313158252457e-09 2.0249596473358724e-09
248 56 0 5.1613510821960053e-09 2.4887122314941475e-09
256 56 0 6.3852038647776505e-09 3.0534364006398642e-09
264 56 0 7.8866968854711738e-09 3.7399853718827672e-09
272 56 0 9.7260283406373598e-09 4.5732846771322565e-09
280 56 0 1.1975850401553024e-08 5.5830790828082237e-09
288 56 0 1.4723721651704837e-08 6.8048070098933267e-09
296 56 0 1.8075019542650395e-08 8.2806228045615855e-09
304 56 0 2.2156395914447658e-08 1.0060590380109378e-08
312 56 0 2.7119873105464469e-08 1.2204075395625808e-08
320 56 0 3.3147694859944372e-08 1.4781367286279666e-08
328 56 0 4.0458065286794922e-08 1.7875567125326457e-08
336 56 0 4.9311930639780551e-08 2.1584782464045618e-08
344 56 0 6.0020982729887569e-08 2.6024675916408184e-08
352 56 0 7.2957089331658041e-08 3.133142024880843e-08
360 56 0 8.8563385924024117e-08 3.766511898397531e-08
368 56 0 1.0736729436113544e-07 4.5213757880434635e-08
376 56 0 1.2999576738307618e-07 5.4197758924002476e-08
384 56 0 1.5719309297203041e-07 6.4875214463930307e-08
392 56 0 1.898416290971404e-07 7.7547884629280023e-08
400 56 0 2.2898587696298237e-07 9.2568045952220744e-08
408 56 0 2.7586033898457754e-07 1.1034628298565009e-07
416 56 0 3.3192164573108452e-07 1.3136031741325273e-07
424 56 0 3.9888547320185069e-07 1.5616497048091229e-07
432 56 0 4.7876880695620374e-07 1.8540335427127146e-07
440 56 0 5.7393814140478857e-07 2.1981938508585728e-07
448 56 0 6.8716422915265303e-07 2.6027170759382858e-07
456 56 0 8.2168401433512926e-07 3.0774911093904888e-07
464 56 0 9.8127039254648511e-07 3.6338750701418641e-07
472 56 0 1.1703104348421494e-06 4.2848852581204857e-07
480 56 0 1.3938926905472424e-06 5.0453976222184516e-07
488 56 0 1.6579041390216952e-06 5.9323668184399174e-07
496 56 0 1.9691372896945479e-06 6.9650615934580927e-07
504 56 0 2.3354078280769239e-06 8.1653158067774487e-07
512 56 0 2.7656830685478148e-06 9.5577938945548763e-07
520 56 0 3.2702212977976663e-06 1.1170268976750252e-06
528 56 0 3.8607218707672671e-06 1.303391111775394e-06
536 56 0 4.5504856474992184e-06 1.5183582474312867e-06
544 56 0 5.3545850262487169e-06 1.765813521195997e-06
552 56 0 6.2900424239111188e-06 2.0500707151586271e-06
560 56 0 7.3760155630429674e-06 2.3759009127750473e-06
568 56 0 8.6339873231594359e-06 2.7485596998589675e-06
576 56 0 1.0087957173300449e-05 3.1738120129563662e-06
584 56 0 1.1764630286810363e-05 3.6579536947624011e-06
592 56 0 1.3693599306065429e-05 4.2078286775631358e-06
600 56 0 1.5907512330590362e-05 4.830840553506887e-06
608 56 0 1.8442219006502922e-05 5.5349570958931143e-06
616 56 0 2.1336884570837338e-05 6.3287060592866098e-06
624 56 0 2.4634059347155738e-05 7.2211603003157908e-06
632 56 0 2.8379688532458449e-05 8.2219099218349262e-06
640 56 0 3.2623044245330235e-05 9.3410187544420073e-06
648 56 0 3.7416558873413635e-05 1.0588962065802939e-05
656 56 0 4.2815535994507027e-05 1.1976541958900265e-05
664 56 0 4.8877712863919539e-05 1.3514776531457083e-05
672 56 0 5.5662647057805757e-05 1.5214758585275915e-05
680 56 0 6.3230899804849814e-05 1.7087479579061421e-05
688 56 0 7.1642990338718505e-05 1.9143614709260249e-05
696 56 0 8.0958099779144968e-05 2.1393265586873176e-05
704 56 0 9.1232510072207531e-05 2.3845658059264225e-05
712 56 0 0.00010251777375267523 2.6508794396225461e-05
720 56 0 0.00011485862391580196 2.9389061381802174e-05
728 56 0 0.00012829065073461754 3.2490798845909868e-05
736 56 0 0.00014283779074938027 3.5815836790758127e-05
744 56 0 0.00015850969724480547 3.9363013401831398e-05
752 56 0 0.00017529908319131277 4.312769068593383e-05
760 56 0 0.00019317915096135938 4.7101288971549646e-05
768 56 0 0.00021210124352510519 5.1270865686391429e-05
776 56 0 0.00023199286804250662 5.561876728213958e-05
784 56 0 0.00025275625257746413 6.0122385463910863e-05
792 56 0 0.00027426759802770279 6.4754049562328888e-05
800 56 0 0.00029637717854104156 6.9481085565071177e-05
808 56 0 0.0003189104234160005 7.4266068698735906e-05
816 56 0 0.00034167008119124597 7.9067290352275962e-05
824 56 0 0.00036443952259463953 8.3839451564999743e-05
832 56 0 0.00038698718449133615 8.853458447238995e-05
840 56 0 0.00040907209418591429 9.3103190434320852e-05
848 56 0 0.00043045034559691683 9.7495569696114245e-05
856 56 0 0.00045088232995415156 0.00010166330317276781
864 56 0 0.00047014045838433626 0.00010556083326116811
872 56 0 0.00048801705695347377 0.00010914707851272207
880 56 0 0.00050433207125643339 0.00011238700757910415
888 56 0 0.00051894019185147965 0.00011525309203191253
896 56 0 0.00053173700723933392 0.00011772655623759512
904 56 0 0.00054266380998200061 0.00011979834597693098
912 56 0 0.00055171072475370851 0.00012146974615402466
920 56 0 0.00055891789375065164 0.00012275259160599667
928 56 0 0.00056437454236541416 0.00012366903319013811
936 56 0 0.00056821585211518013 0.00012425084311857009
944 56 0 0.00057061768282662558 0.00012453826774269628
952 56 0 0.00057178930525968478 0.00012457846122704448
960 56 0 0.000571964421282786 0.0001244235582099027
968 56 0 0.00057139085384218865 0.00012412846600183525
976 56 0 0.00057031937615084941 0.00012374847557662411
984 56 0 0.00056899221254534931 0.00012333680421047104
992 56 0 0.00056763177751943574 0.00012294219007191417
1000 56 0 0.00056643022152697042 0.00012260665968819463
1008 56 0 0.00056554032129081157 0.00012236358278694219
1016 56 0 0.0005650681897517775 0.00012223611577569617
0 64 0 8.5445338563731685e-12 5.1675742922157591e-12
8 64 0 9.1230616860578884e-12 5.4966612704976313e-12
16 64 0 1.0316376182314122e-11 6.1741426462494889e-12
24 64 0 1.2199009351136406e-11 7.2396310858595471e-12
32 64 0 1.4887886598295602e-11 8.7550814496505129e-12
40 64 0 1.8548739082463806e-11 1.0807950612011579e-11
48 64 0 2.3405095350139245e-11 1.351560874586744e-11
56 64 0 2.9750250005779456e-11 1.7031179124149535e-11
64 64 0 3.7962731112713799e-11 2.1551036918747926e-11
72 64 0 4.8525929438829508e-11 2.7324257339970609e-11
80 64 0 6.2052716274990378e-11 3.466437140305502e-11
88 64 0 7.9316067850357659e-11 4.3963865516112219e-11
96 64 0 1.0128693980136459e-10 5.57119511457351e-11
104 64 0 1.2918090236166464e-10 7.0516235605419187e-11
112 64 0 1.6451536499083207e-10 8.9129047564991118e-11
120 64 0 2.0917959876660236e-10 1.1247931477545064e-10
128 64 0 2.6552021862280247e-10 1.4171106093044614e-10
136 64 0 3.36445330089468e-10 1.7822978838377931e-10
144 64 0 4.2555119347978844e-10 2.2375824911841336e-10
152 64 0 5.3727603171186406e-10 2.804033840606823e-10
160 64 0 6.7708652781854992e-10 3.507365372622807e-10
168 64 0 8.5170364885319813e-10 4.3788943379086852e-10
176 64 0 1.0693757211342851e-09 5.4566885584624775e-10
184 64 0 1.3402081972565144e-09 6.7869346829413521e-10
192 64 0 1.6765613310683867e-09 8.4255684020697591e-10
200 64 0 2.0935290501446929e-09 1.0440213909409805e-09
208 64 0 2.6095147290275985e-09 1.2912487658629138e-09
216 64 0 3.2469223711072567e-09 1.5940730268759234e-09
224 64 0 4.0329849631399301e-09 1.9643240366057118e-09
232 64 0 5.0007555483137529e-09 2.4162095351641027e-09
240 64 0 6.1902909631611181e-09 2.9667656712266779e-09
248 64 0 7.6500633136901528e-09 3.6363871764200929e-09
256 64 0 9.4386402654175147e-09 4.449449992156983e-09
264 64 0 1.1626682257353941e-08 5.4350410075683041e-09
272 64 0 1.4299313017769616e-08 6.6278116912775999e-09
280 64 0 1.7558929484361248e-08 8.0689748521011351e-09
288 64 0 2.1528528661598164e-08 9.8074666048138665e-09
296 64 0 2.635564234721198e-08 1.1901298910856864e-08
304 64 0 3.2216986294557036e-08 1.4419131872542552e-08
312 64 0 3.9323948501090277e-08 1.744209933647153e-08
320 64 0 4.7929062146224037e-08 2.1065926343768389e-08
328 64 0 5.8333632412121379e-08 2.5403382560921379e-08
336 64 0 7.0896713103826169e-08 3.0587122008971323e-08
344 64 0 8.6045658646295752e-08 3.6772966109952967e-08
352 64 0 1.0428850958046647e-07 4.4143694167725576e-08
360 64 0 1.2622850490799943e-07 5.2913412724376599e-08
368 64 0 1.5258105224157008e-07 6.3332582563917711e-08
376 64 0 1.8419352630707866e-07 7.5693789212508064e-08
384 64 0 2.2206830743596071e-07 9.0338349321448282e-08
392 64 0 2.6738951372642043e-07 1.0766385101480994e-07
400 64 0 3.2155392291520312e-07 1.2813273083798984e-07
408 64 0 3.8620662197022763e-07 1.5228199306884346e-07
416 64 0 4.6328196314433725e-07 1.807341785767077e-07
424 64 0 5.5505044368276298e-07 2.1420968987203375e-07
432 64 0 6.641721612274752e-07 2.5354057620392996e-07
440 64 0 7.9375752649064585e-07 2.9968587721351824e-07
448 64 0 9.4743593674648161e-07 3.5374861533010606e-07
456 64 0 1.1294331252741781e-06 4.1699451526600445e-07
464 64 0 1.3446578995606715e-06 4.9087251291653757e-07
472 64 0 1.5987989606541979e-06 5.7703709480840828e-07
480 64 0 1.8984324527690876e-06 6.7737248188988655e-07
488 64 0 2.2511408208656869e-06 7.9401863672511292e-07
496 64 0 2.6656434490403572e-06 9.293990298228812e-07
504 64 0 3.1519394087546687e-06 1.0862500477964094e-06
512 64 0 3.7214624580033024e-06 1.2676518624997171e-06
520 64 0 4.3872481954726915e-06 1.4770605058606261e-06
528 64 0 5.1641129825426611e-06 1.7183408100604948e-06
536 64 0 6.0688438949305051e-06 1.9957997778669161e-06
544 64 0 7.1203985474447139e-06 2.3142198447358033e-06
552 64 0 8.3401131390697459e-06 2.6788913845086034e-06
560 64 0 9.7519164758180148e-06 3.0956436957692197e-06
568 64 0 1.1382547023018403e-05 3.5708735871254371e-06
576 64 0 1.3261769186256815e-05 4.1115705563767417e-06
584 64 0 1.5422583981572764e-05 4.7253374281803572e-06
592 64 0 1.7901427983628565e-05 5.4204051722882635e-06
600 64 0 2.0738352884097249e-05 6.2056404617971855e-06
608 64 0 2.3977176102396037e-05 7.0905443378852269e-06
616 64 0 2.7665590630123948e-05 8.0852401127820383e-06
624 64 0 3.1855219647471529e-05 9.2004483557104483e-06
632 64 0 3.6601598454293375e-05 1.0447446460620667e-05
640 64 0 4.1964062999772242e-05 1.1838009890757759e-05
648 64 0 4.8005520939216574e-05 1.3384331746513275e-05
656 64 0 5.4792077953407292e-05 1.5098916838953008e-05
664 64 0 6.2392489395376622e-05 1.6994446021181204e-05
672 64 0 7.0877405643081671e-05 1.9083606204748312e-05
680 64 0 8.0318379383911235e-05 2.1378881362082557e-05
688 64 0 9.0786605047978754e-05 2.3892300000665891e-05
696 64 0 0.00010235136536601814 2.6635135214445399e-05
704 64 0 0.00011507816813147176 2.961755459779088e-05
712 64 0 0.0001290265681489007 3.2848219158499299e-05
720 64 0 0.00014424768529760414 3.6333832969007482e-05
728 64 0 0.00016078144958052741 4.0078648678809863e-05
736 64 0 0.0001786536275401384 4.408393813674051e-05
744 64 0 0.00019787271064663687 4.8347442114893404e-05
752 64 0 0.0002184267738772466 5.2862818266629892e-05
760 64 0 0.00024028043993290903 5.7619111671358729e-05
768 64 0 0.00026337210921149662 6.2600277209932855e-05
776 64 0 0.0002876116353246462 6.7784787096266839e-05
784 64 0 0.00031287863804137499 7.3145359641625012e-05
792 64 0 0.00033902164759003168 7.8648846226687474e-05
800 64 0 0.00036585826410611273 8.4256312031153737e-05
808 64 0 0.0003931764921147364 8.9923341952955643e-05
816 64 0 0.00042073737154352194 9.5600596127196969e-05
824 64 0 0.00044827897415963927 0.00010123462952041411
832 64 0 0.0004755217689637261 0.00010676897745844055
840 64 0 0.00050217528462023514 0.00011214549413164502
848 64 0 0.00052794591529303108 0.00011730591484653333
856 64 0 0.00055254563312691937 0.00012219359601790174
864 64 0 0.00057570129164550437 0.00012675537075201317
872 64 0 0.00059716413546619584 0.00013094344358657211
880 64 0 0.00061671907883553755 0.00013471723676104904
888 64 0 0.00063419328388339218 0.00013804509342873312
896 64 0 0.00064946356347692904 0.00014090574142894968
904 64 0 0.00066246215595893159 0.00014328942525950155
912 64 0 0.00067318047090773317 0.00014519862399965319
920 64 0 0.00068167048535664832 0.00014664828898297111
928 64 0 0.00068804357555555227 0.00014766555641287015
936 64 0 0.00069246669523375022 0.00014828891582784694
944 64 0 0.00069515595056932186 0.00014856684395584058
952 64 0 0.00069636776648672927 0.00014855594335146571
960 64 0 0.0006963879794926887 0.0001483186544077548
968 64 0 0.0006955193198440239 0.00014792063594710049
976 64 0 0.00069406785172747352 0.00014742793178622738
984 64 0 0.00069232901675582036 0.00014690405682826313
992 64 0 0.00069057396759134991 0.00014640714510644778
1000 64 0 0.00068903688121516504 0.00014598730298930507
1008 64 0 0.00068790390407775376 0.0001456843031816421
1016 64 0 0.00068730430552747367 0.00014552573950080171
0 72 0 1.3712108148588928e-11 8.1887327236231231e-12
8 72 0 1.461972295655552e-11 8.6978467106608498e-12
16 72 0 1.6490518828563611e-11 9.7451979135553695e-12
24 72 0 1.9438640436995953e-11 1.1390498293441626e-11
32 72 0 2.3642968047946115e-11 1.3727038203099937e-11
40 72 0 2.9356689694475385e-11 1.6886319075087754e-11
48 72 0 3.6920704096006685e-11 2.1044511398633568e-11
56 72 0 4.6781429129928991e-11 2.6430988459697116e-11
64 72 0 5.9513768031461725e-11 3.3339261124879087e-11
72 72 0 7.5850186778800117e-11 4.2140722266003422e-11
80 72 0 9.6717087678045398e-11 5.3301703382956661e-11
88 72 0 1.2327993336646988e-10 6.7404453016609709e-11
96 72 0 1.5699889094709969e-10 8.5172769465794079e-11
104 72 0 1.9969713796708383e-10 1.0750316243536779e-10
112 72 0 2.5364441255582319e-10 1.3550258344678806e-10
120 72 0 3.21658913542053e-10 1.70533957741448e-10
128 72 0 4.0723127955324861e-10 2.1427097639511747e-10
136 72 0 5.1467511847324731e-10 2.6876387268252448e-10
144 72 0 6.493094425982018e-10 3.3651821848440207e-10
152 72 0 8.1767941577254636e-10 4.2058914261639729e-10
160 72 0 1.0278230650808306e-09 5.2469380195432705e-10
168 72 0 1.2895930826440667e-09 6.5334543718174931e-10
176 72 0 1.6150445769805329e-09 8.1201292716411032e-10
184 72 0 2.0189016655506496e-09 1.0073104285834631e-09
192 72 0 2.5191181712753626e-09 1.247222459504568e-09
200 72 0 3.1375504410856734e-09 1.5413706655769088e-09
208 72 0 3.9007634948905123e-09 1.9013295039578689e-09
216 72 0 4.8409953979831801e-09 2.3409992013310534e-09
224 72 0 5.9973089997456419e-09 2.8770455982227226e-09
232 72 0 7.4169650834778555e-09 3.5294178942097851e-09
240 72 0 9.157056634387796e-09 4.3219568737325538e-09
248 72 0 1.1286450490110246e-08 5.2831079424718794e-09
256 72 0 1.3888090257574498e-08 6.446755270436308e-09
264 72 0 1.7061723264922245e-08 7.8531955611909227e-09
272 72 0 2.0927124709047216e-08 9.5502724997739732e-09
280 72 0 2.5627904336462383e-08 1.1594695839039475e-08
288 72 0 3.133599526641203e-08 1.405357243933e-08
296 72 0 3.8256941258068844e-08 1.7006180458874115e-08
304 72 0 4.6636118167099589e-08 2.0546022380078776e-08
312 72 0 5.6766047837561807e-08 2.4783197717038137e-08
320 72 0 6.8994988489992426e-08 2.984714212654589e-08
328 72 0 8.3737014973042758e-08 3.5889786247295746e-08
336 72 0 1.0148383511279749e-07 4.3089194879274474e-08
344 72 0 1.2281862475624872e-07 5.1653754986333949e-08
352 72 0 1.4843220374819205e-07 6.1826989289413425e-08
360 72 0 1.7914191763237603e-07 7.3893080674172195e-08
368 72 0 2.1591363480548779e-07 8.8183200955720483e-08
376 72 0 2.5988731551958672e-07 1.0508274535966103e-07
384 72 0 3.12406656757409e-07 1.2503958099011627e-07
392 72 0 3.7505336474123037e-07 1.4857342314461821e-07
400 72 0 4.4968665375319295e-07 1.7628645719505439e-07
408 72 0 5.3848861503907109e-07 2.0887532550579777e-07
416 72 0 6.4401614172104495e-07 2.4714459816867987e-07
424 72 0 7.6926013355479673e-07 2.9202184290233123e-07
432 72 0 9.1771273743140516e-07 3.4457440301119466e-07
440 72 0 1.0934434037041641e-06 4.0602798252626864e-07
448 72 0 1.3011845520765877e-06 4.7778712417735238e-07
456 72 0 1.5464276405401826e-06 5.6145764815699898e-07
464 72 0 1.8355304124772091e-06 6.5887109701158532e-07
472 72 0 2.1758360554626062e-06 7.7211120347872764e-07
480 72 0 2.5758049346589741e-06 9.0354236248678014e-07
488 72 0 3.0451594575907998e-06 1.0558400444579633e-06
496 72 0 3.5950424788632384e-06 1.2320230330564402e-06
504 72 0 4.2381894565510782e-06 1.4354873052459742e-06
512 72 0 4.9891143205030195e-06 1.670041293949766e-06
520 72 0 5.8643087013333177e-06 1.9399421832912524e-06
528 72 0 6.8824537926031559e-06 2.2499327836785889e-06
536 72 0 8.0646436727974212e-06 2.6052784201241695e-06
544 72 0 9.4346183921805172e-06 3.0118031442910042e-06
552 72 0 1.1019004523578349e-05 3.4759244516004192e-06
560 72 0 1.2847560171587234e-05 4.0046855522602044e-06
568 72 0 1.495342061014384e-05 4.605784111681779e-06
576 72 0 1.7373339742633557e-05 5.2875962424333782e-06
584 72 0 2.0147921409753121e-05 6.0591943952641079e-06
592 72 0 2.3321833155916829e-05 6.9303576563225335e-06
600 72 0 2.6943993345894434e-05 7.9115728034150778e-06
608 72 0 3.1067720440281264e-05 9.0140242945671638e-06
616 72 0 3.5750830742905986e-05 1.024957114357705e-05
624 72 0 4.1055668003181977e-05 1.1630708365911537e-05
632 72 0 4.7049044914914042e-05 1.317051034365326e-05
640 72 0 5.3802072890530001e-05 1.4882553057374153e-05
648 72 0 6.1389852685729849e-05 1.6780811675622722e-05
656 72 0 6.98909947923603e-05 1.8879529507073435e-05
664 72 0 7.9386935416557826e-05 2.1193053856948075e-05
672 72 0 8.9961011847829983e-05 2.3735633964651272e-05
680 72 0 0.00010169726074599379 2.6521176036685146e-05
688 72 0 0.00011467890504864465 2.9562950554311166e-05
696 72 0 0.00012898650058046354 3.2873247671641492e-05
704 72 0 0.00014469572272926264 3.6462977773384547e-05
712 72 0 0.00016187478730739999 4.0341216266117508e-05
720 72 0 0.00018058151826661162 4.4514694533381654e-05
728 72 0 0.00020086009825933727 4.8987242738092766e-05
736 72 0 0.00022273756567687891 5.3759194772597585e-05
744 72 0 0.00024622015276153027 5.8826771006453827e-05
752 72 0 0.00027128959214387649 6.4181460322800508e-05
760 72 0 0.00029789955160426776 6.9809428908692846e-05
768 72 0 0.00032597238642142947 7.5690988907523959e-05
776 72 0 0.00035539642242091304 8.1800164799861077e-05
784 72 0 0.000386023997683 8.8104398647290832e-05
792 72 0 0.00041767049381671916 9.4564436501761166e-05
800 72 0 0.00045011457613726647 0.00010113443679258871
808 72 0 0.00048309983406769205 0.00010776233691271568
816 72 0 0.0005163379676707189 0.00011439050627175392
824 72 0 0.00054951360368005338 0.00012095670273761525
832 72 0 0.00058229074642216665 0.00012739533490018981
840 72 0 0.00061432077875188016 0.00013363901550810669
848 72 0 0.00064525183013956441 0.00013962037259787293
856 72 0 0.00067473922914482111 0.00014527406536325781
864 72 0 0.00070245666239751754 0.00015053893301613958
872 72 0 0.00072810757905276795 0.00015536018820142168
880 72 0 0.00075143631559658659 0.00015969155339343513
888 72 0 0.0007722383773121253 0.00016349723045835745
896 72 0 0.00079036930490587872 0.00016675359132717869
904 72 0 0.00080575158121843314 0.00016945048225705257
912 72 0 0.00081837909490738636 0.00017159204580257585
920 72 0 0.00082831877433961942 0.00017319698321379025
928 72 0 0.00083570913196842243 0.00017429820484371505
936 72 0 0.00084075561106159715 0.00017494184609879255
944 72 0 0.00084372279452516244 0.00017518565986744704
952 72 0 0.00084492370983819498 0.00017509683123343323
960 72 0 0.0008447066339004435 0.00017474929442314816
968 72 0 0.00084343995579112439 0.00017422066308805256
976 72 0 0.00084149578351370091 0.00017358891102676967
984 72 0 0.00083923307358408348 0.00017292895941371832
992 72 0 0.0008369811126977977 0.00017230933704418048
1000 72 0 0.00083502418420447011 0.00017178908108480705
1008 72 0 0.00083358820725939586 0.00017141503700473344
1016 72 0 0.00083283004502827539 0.00017121969808011684
0 80 0 2.1900840872212051e-11 1.2911743789991782e-11
8 80 0 2.331756966721637e-11 1.369516586939676e-11
16 80 0 2.6235716742118981e-11 1.5305680299406156e-11
24 80 0 3.082913873043758e-11 1.7832765916257138e-11
32 80 0 3.7370006251046052e-11 2.1416069391657697e-11
40 80 0 4.6243008769563138e-11 2.6252152918223996e-11
48 80 0 5.7965215494640253e-11 3.2603886682378934e-11
56 80 0 7.3212417589626106e-11 4.0812837785169778e-11
64 80 0 9.2853029156340811e-11 5.1315111206055097e-11
72 80 0 1.1799090904480354e-10 6.466121345675658e-11
80 80 0 1.5001879106100206e-10 8.1540638469902026e-11
88 80 0 1.9068438638307959e-10 1.0281202109526895e-10
96 80 0 2.4217166041289377e-10 1.2953986989658571e-10
104 80 0 3.0720030040245162e-10 1.6303908192979358e-10
112 80 0 3.8914699600261125e-10 2.0492866277618053e-10
120 80 0 4.92192871283501e-10 2.5719633114181581e-10
128 80 0 6.2150225594836608e-10 3.2227598568445603e-10
136 80 0 7.8343899115577179e-10 4.0314036035665833e-10
144 80 0 9.8582766108260387e-10 5.0341160252900599e-10
152 80 0 1.2382685583889436e-09 6.2749298556028813e-10
160 80 0 1.5525168670351577e-09 7.8072552519723509e-10
168 80 0 1.942938519825816e-09 9.6957391858288708e-10
176 80 0 2.4270575041446432e-09 1.2018469771620795e-09
184 80 0 3.0262120941341127e-09 1.48695859142387e-09
192 80 0 3.7663406307799306e-09 1.8362362564047394e-09
200 80 0 4.6789211066625822e-09 2.2632853112571912e-09
208 80 0 5.8020929988483813e-09 2.7844183119010566e-09
216 80 0 7.1819945993142335e-09 3.4191603700636708e-09
224 80 0 8.8743545979683645e-09 4.1908428624404983e-09
232 80 0 1.0946382977687641e-08 5.1272996498264085e-09
240 80 0 1.347901350812035e-08 6.2616818617662459e-09
248 80 0 1.6569558432582125e-08 7.6334094186549951e-09
256 80 0 2.0334845528010806e-08 9.2892798117358279e-09
264 80 0 2.4914918826113168e-08 1.1284757286824636e-08
272 80 0 3.0477397208821189e-08 1.3685468539915414e-08
280 80 0 3.7222600175501858e-08 1.65689344079876e-08
288 80 0 4.5389567705742031e-08 2.0026570916092258e-08
296 80 0 5.5263121716942959e-08 2.4165997520601645e-08
304 80 0 6.7182140547178364e-08 2.9113695566722095e-08
312 80 0 8.1549245554599944e-08 3.5018065941616247e-08
320 80 0 9.8842130616538316e-08 4.2052941709673727e-08
328 80 0 1.196268012203385e-07 5.0421619173519723e-08
336 80 0 1.4457302999207197e-07 6.036147925752222e-08
344 80 0 1.7447237974258267e-07 7.2149280221552694e-08
352 80 0 2.1025919303760547e-07 8.610721224876989e-08
360 80 0 2.5303499830654822e-07 1.0260981408020174e-07
368 80 0 3.0409683576120827e-07 1.2209186116484799e-07
376 80 0 3.6497006087924775e-07 1.4505734325294188e-07
384 80 0 4.3744623774752526e-07 1.7208965642655952e-07
392 80 0 5.2362678788584858e-07 2.0386313966397301e-07
400 80 0 6.2597311094824734e-07 2.4115608862151082e-07
408 80 0 7.4736394054486886e-07 2.8486537889521049e-07
416 80 0 8.9116073988972481e-07 3.3602282718099913e-07
424 80 0 1.061281976457128e-06 3.9581341115964362e-07
432 80 0 1.2622871404425998e-06 4.6559545733175377e-07
440 80 0 1.4994713862304327e-06 5.4692289018002248e-07
448 80 0 1.77897167625394e-06 6.4156961565109339e-07
456 80 0 2.1078852886971816e-06 7.5155608659954207e-07
464 80 0 2.4944015094887944e-06 8.7917806686519401e-07
472 80 0 2.9479472589413338e-06 1.0270375731089249e-06
480 80 0 3.4793472971457543e-06 1.198075928135665e-06
488 80 0 4.1009995020487631e-06 1.3956088046313047e-06
496 80 0 4.8270655119196786e-06 1.6233630723240082e-06
504 80 0 5.6736767617970524e-06 1.8855151829039258e-06
512 80 0 6.6591556144527855e-06 2.1867307343052474e-06
520 80 0 7.80425088462457e-06 2.5322047485651539e-06
528 80 0 9.1323865762817448e-06 2.9277020758227874e-06
536 80 0 1.0669922092921591e-05 3.3795972027369521e-06
544 80 0 1.2446421536471521e-05 3.8949125996006237e-06
552 80 0 1.4494928975178769e-05 4.4813545907150532e-06
560 80 0 1.6852245723847439e-05 5.147345581743201e-06
568 80 0 1.9559204721825619e-05 5.902051330132587e-06
576 80 0 2.2660935985066935e-05 6.7554018032916906e-06
584 80 0 2.6207115805017229e-05 7.7181040344708062e-06
592 80 0 3.0252190812239362e-05 8.8016452549825758e-06
600 80 0 3.4855566149309512e-05 1.0018284445739394e-05
608 80 0 4.0081744734848427e-05 1.1381030298727711e-05
616 80 0 4.6000401886483036e-05 1.2903603393938819e-05
624 80 0 5.2686376369093514e-05 1.4600380161883773e-05
632 80 0 6.0219555258567302e-05 1.6486315900716546e-05
640 80 0 6.8684625947904154e-05 1.8576843741833623e-05
648 80 0 7.8170664361352572e-05 2.0887746013367216e-05
656 80 0 8.8770524299433735e-05 2.3434993961525899e-05
664 80 0 0.0001005799892735059 2.6234551305056341e-05
672 80 0 0.00011369664581248126 2.9302136697851997e-05
680 80 0 0.00012821843678267894 3.2652939970028149e-05
688 80 0 0.00014424185560295581 3.6301287148576459e-05
696 80 0 0.00016185974825210503 4.0260249886341109e-05
704 80 0 0.00018115870050264718 4.4541196221951061e-05
712 80 0 0.0002022160035735175 4.9153281712395431e-05
720 80 0 0.00022509621279999327 5.4102883049050431e-05
728 80 0 0.00024984734099743004 5.9392980351856515e-05
736 80 0 0.00027649676044947649 6.5022499412821998e-05
744 80 0 0.0003050469237679841 7.0985631096411701e-05
752 80 0 0.000335471052466677 7.7271151640359841e-05
760 80 0 0.0003677089805129606 8.386177434142124e-05
768 80 0 0.00040166337532895343 9.073356953422535e-05
776 80 0 0.00043719658722077412 9.7855495250211274e-05
784 80 0 0.00047412839633029084 0.00010518908478355149
792 80 0 0.00051223493031848032 0.00011268833888564893
800 80 0 0.00055124901292985518 0.00012029986880673406
808 80 0 0.00059086217098040772 0.00012796333137729489
816 80 0 0.00063072847394247283 0.0001356121884498818
824 80 0 0.00067047030641766863 0.0001431748102473765
832 80 0 0.00070968608132235646 0.00015057592575020741
840 80 0 0.00074795979425998685 0.0001577384038119209
848 80 0 0.00078487220273743734 0.00016458532717491192
856 80 0 0.00082001329450807892 0.00017104229923199145
864 80 0 0.00085299559541365713 0.00017703990175369606
872 80 0 0.00088346776725418963 0.00018251620252930059
880 80 0 0.00091112786899002172 0.00018741919662622797
888 80 0 0.00093573560777048274 0.00019170905531607732
896 80 0 0.00095712289623305742 0.00019536005394589983
904 80 0 0.00097520206347548571 0.00019836205506074134
912 80 0 0.00098997114070996221 0.00020072143631892376
920 80 0 0.0010015157575534097 0.00020246137402189952
928 80 0 0.0010100073368121375 0.00020362142163713013
936 80 0 0.0010156974571603897 0.00020425635716750964
944 80 0 0.0010189084543926095 0.0002044343117349938
952 80 0 0.0010200205410716282 0.00020423423201103687
960 80 0 0.0010194559283235917 0.00020374276859722127
968 80 0 0.0010176606188791769 0.00020305071851429903
976 80 0 0.0010150846945404706 0.00020224918008944796
984 80 0 0.0010121620329978018 0.00020142560053935509
992 80 0 0.0010092904497419782 0.00020065990870721381
1000 80 0 0.0010068132652892772 0.00020002092662051857
1008 80 0 0.0010050032442641293 0.00019956324340345563
1016 80 0 0.0010040497431083922 0.00019932471397145408
0 88 0 3.4812584662203833e-11 2.0258056360940233e-11
8 88 0 3.7012735536613129e-11 2.1457178989486634e-11
16 88 0 4.1541397041525137e-11 2.3920522904789209e-11
24 88 0 4.8661904646694718e-11 2.7781384995988069e-11
32 88 0 5.8786075642703749e-11 3.3247575198867368e-11
40 88 0 7.2495161687787134e-11 4.0611180602983879e-11
48 88 0 9.0569102177019187e-11 5.0262136725628548e-11
56 88 0 1.1402525537479588e-10 6.2706095917551643e-11
64 88 0 1.4416814036239591e-10 7.8587226156581799e-11
72 88 0 1.8265212250156012e-10 9.8716731115000209e-11
80 88 0 2.3155942953090408e-10 1.2410805778667865e-10
88 88 0 2.9349640747834854e-10 1.560199549838157e-10
96 88 0 3.7171153030947949e-10 1.9600876909170159e-10
104 88 0 4.702393823322452e-10 2.4599161779473357e-10
112 88 0 5.9407565877879178e-10 3.0832237420816612e-10
120 88 0 7.4938920242531681e-10 3.8588273027303679e-10
128 88 0 9.437782416328221e-10 4.8219099802336991e-10
136 88 0 1.1865793515124301e-09 6.0153176046773845e-10
144 88 0 1.4892392636116099e-09 7.4911001181985458e-10
152 88 0 1.8657615439492318e-09 9.3123404242923435e-10
160 88 0 2.3332423922323928e-09 1.1555320407404863e-09
168 88 0 2.912512438408703e-09 1.4312082171648451e-09
176 88 0 3.6289044813067227e-09 1.7693452169169127e-09
184 88 0 4.5131706855579826e-09 2.1832606937466552e-09
192 88 0 5.60257688718467e-09 2.6889271754726862e-09
200 88 0 6.9422064179197735e-09 3.3054657743870365e-09
208 88 0 8.5865113107494378e-09 4.0557258875055365e-09
216 88 0 1.0601154969377904e-08 4.9669647976422386e-09
224 88 0 1.3065197460408863e-08 6.0716430297050534e-09
232 88 0 1.6073682627514049e-08 7.4083534418083578e-09
240 88 0 1.9740695369886596e-08 9.0229043462852238e-09
248 88 0 2.420296785123712e-08 1.0969579478065809e-08
256 88 0 2.9624125339746634e-08 1.3312600386358799e-08
264 88 0 3.6199676112937804e-08 1.6127819866272926e-08
272 88 0 4.4162865748736603e-08 1.9504678436478809e-08
280 88 0 5.3791534583489458e-08 2.3548459695573495e-08
288 88 0 6.5416138621834289e-08 2.8382884761833714e-08
296 88 0 7.9429119237544604e-08 3.4153091040896273e-08
304 88 0 9.6295836113900459e-08 4.1029046398796e-08
312 88 0 1.1656731149621619e-07 4.9209456555283805e-08
320 88 0 1.4089507232621204e-07 5.8926231230867563e-08
328 88 0 1.7004842039385823e-07 7.0449583296873555e-08
336 88 0 2.0493450924959419e-07 8.4093844821011144e-08
344 88 0 2.4662165996413536e-07 1.0022409429111798e-07
352 88 0 2.9636640528637536e-07 1.1926370012834502e-07
360 88 0 3.5564481238674996e-07 1.4170289642321443e-07
368 88 0 4.2618869692605627e-07 1.6810851706865002e-07
376 88 0 5.1002740413218963e-07 1.9913502343930445e-07
384 88 0 6.0953589417408478e-07 2.3553696772105528e-07
392 88 0 7.2748992754982159e-07 2.781830381521714e-07
400 88 0 8.6712919956975816e-07 3.2807183305901573e-07
408 88 0 1.0322293194400793e-06 3.8634950700762957e-07
416 88 0 1.2271835670707239e-06 4.5432942413827733e-07
424 88 0 1.4570953876167716e-06 5.3351394044989881e-07
432 88 0 1.7278825977743536e-06 6.2561841824582049e-07
440 88 0 2.0463942764104552e-06 7.3259755202234303e-07
448 88 0 2.4205412919050334e-06 8.5667405565982617e-07
456 88 0 2.8594413752967236e-06 1.0003697256239977e-06
464 88 0 3.3735795763539884e-06 1.1665388535163225e-06
472 88 0 3.9749848320502588e-06 1.3584039128764752e-06
480 88 0 4.6774232252814192e-06 1.5795933883602637e-06
488 88 0 5.4966083066800678e-06 1.8341815486074994e-06
496 88 0 6.4504285842436868e-06 2.1267298853110858e-06
504 88 0 7.5591919447009782e-06 2.4623298482068564e-06
512 88 0 8.845886348758033e-06 2.846646397266494e-06
520 88 0 1.0336455633189724e-05 3.2859617684142328e-06
528 88 0 1.2060088652104532e-05 3.7872187079558912e-06
536 88 0 1.4049519295658543e-05 4.3580622755649027e-06
544 88 0 1.6341334136072145e-05 5.0068791498548501e-06
552 88 0 1.8976283565893822e-05 5.7428331996878908e-06
560 88 0 2.199959130559064e-05 6.5758959149812515e-06
568 88 0 2.5461256051958206e-05 7.5168701296613103e-06
576 88 0 2.9416337788358625e-05 8.5774053222591403e-06
584 88 0 3.3925219839488036e-05 9.7700026494558056e-06
592 88 0 3.9053836067221938e-05 1.1108007753424519e-05
600 88 0 4.4873850595048906e-05 1.260558927830556e-05
608 88 0 5.1462775033576138e-05 1.427770092173878e-05
616 88 0 5.8904005280421856e-05 1.6140024715718219e-05
624 88 0 6.7286756530977288e-05 1.8208893055378467e-05
632 88 0 7.6705871159283849e-05 2.0501186753321031e-05
640 88 0 8.7261469689737777e-05 2.3034206075323035e-05
648 88 0 9.9058410374719787e-05 2.5825511308214075e-05
656 88 0 0.00011220551826095963 2.8892728940395113e-05
664 88 0 0.00012681454057856224 3.2253319046015265e-05
672 88 0 0.00014299878251033325 3.592429903527086e-05
680 88 0 0.00016087137675270709 3.9921918682524286e-05
688 88 0 0.00018054314275153227 4.4261281423018924e-05
696 88 0 0.00020211999813844614 4.8955907497646143e-05
704 88 0 0.00022569989672459824 5.4017235816970749e-05
712 88 0 0.00025136928528591293 5.9454063597006259e-05
720 88 0 0.0002791990958490437 6.5271926043151767e-05
728 88 0 0.00030924032134928655 7.1472422714651635e-05
736 88 0 0.00034151925986229849 7.8052502684376984e-05
744 88 0 0.0003760325548643958 8.5003727088755088e-05
752 88 0 0.00041274220410703684 9.231153486672901e-05
760 88 0 0.00045157075485438184 9.995454498648999e-05
768 88 0 0.00049239694486317878 0.00010790393567715979
776 88 0 0.00053505208247098539 0.00011612294741660239
784 88 0 0.00057931748111384232 0.00012456656089012514
792 88 0 0.00062492326920412925 0.0001331814030197054
800 88 0 0.00067154888173658923 0.00014190593271438078
808 88 0 0.00071882550235770261 0.00015067095259200061
816 88 0 0.00076634066239235463 0.00015940048317658725
824 88 0 0.00081364511666504513 0.00016801302189144369
832 88 0 0.00086026200707256387 0.00017642319081563899
840 88 0 0.00090569819807190775 0.00018454375531735826
848 88 0 0.00094945752991234926 0.00019228797138681069
856 88 0 0.00099105559374007036 0.00019957219419029109
864 88 0 0.0010300354971673532 0.00020631865576786301
872 88 0 0.0010659839697834902 0.00021245829778616964
880 88 0 0.0010985470656162497 0.00021793352775500963
888 88 0 0.0011274446630865601 0.00022270075591639105
896 88 0 0.0011524829501789572 0.00022673256662433371
904 88 0 0.001173564118536227 0.0002300193835181436
912 88 0 0.001190692577028886 0.00023257050264764842
920 88 0 0.0012039771315753092 0.00023441439177554198
928 88 0 0.0012136287584492676 0.00023559818650291213
936 88 0 0.0012199538143278993 0.00023618635310402409
944 88 0 0.0012233427661276033 0.00023625853187689153
952 88 0 0.0012242547730826651 0.00023590662080347929
960 88 0 0.0012231986969208129 0.00023523120445371657
968 88 0 0.001220711337393476 0.00023433747435201041
976 88 0 0.0012173338746299185 0.00023333082157262776
984 88 0 0.0012135876335371569 0.00023231230760658076
992 88 0 0.001209950358449192 0.0002313742335596032
1000 88 0 0.0012068341919097957 0.00023059602921920433
1008 88 0 0.0012045664876675849 0.0002300406720102293
1016 88 0 0.0012033744570798463 0.00022975182175673649
0 96 0 5.5070641023144066e-11 3.1626675982247785e-11
8 96 0 5.8469914526099763e-11 3.3452329316342383e-11
16 96 0 6.5461919946314346e-11 3.720010601284938e-11
24 96 0 7.6443289642682787e-11 4.3067409627658015e-11
32 96 0 9.2033650841571117e-11 5.1361664809574172e-11
40 96 0 1.1310634229077101e-10 6.2514353559021465e-11
48 96 0 1.4083123890264774e-10 7.7100495884255537e-11
56 96 0 1.7673135129234753e-10 9.5864252242972121e-11
64 96 0 2.2275536651897771e-10 1.1975152116131621e-10
72 96 0 2.8136885361656033e-10 1.4995061966621567e-10
80 96 0 3.5566748731758274e-10 1.879423708930935e-10
88 96 0 4.4951636246216423e-10 2.3556118716355217e-10
96 96 0 5.6772029940118108e-10 2.950690333746163e-10
104 96 0 7.1623100012697876e-10 3.6924449103637056e-10
112 96 0 9.023980329869579e-10 4.614895252660497e-10
120 96 0 1.1352719326983536e-09 5.759569944856654e-10
128 96 0 1.425969239656192e-09 7.1770244616702461e-10
136 96 0 1.7881111119801686e-09 8.9286432425982565e-10
144 96 0 2.2383492754314644e-09 1.1088773893154429e-09
152 96 0 2.7969955863784661e-09 1.3747249368259579e-09
160 96 0 3.4887744329728791e-09 1.7012363101840548e-09
168 96 0 4.3437206555735481e-09 2.1014372596574285e-09
176 96 0 5.3982496982236354e-09 2.5909619150616687e-09
184 96 0 6.6964313793046378e-09 3.1885365328979159e-09
192 96 0 8.2915040626573562e-09 3.9165467611311626e-09
200 96 0 1.024767219230681e-08 4.8017019450241851e-09
208 96 0 1.2642237198254974e-08 5.875811979344882e-09
216 96 0 1.5568119767020143e-08 7.1766943951325456e-09
224 96 0 1.9136840490113916e-08 8.7492317490377091e-09
232 96 0 2.3482036069322407e-08 1.0646601955310308e-08
240 96 0 2.876359971617182e-08 1.293170696339148e-08
248 96 0 3.5172547329302929e-08 1.5678828145075762e-08
256 96 0 4.2936725726105433e-08 1.8975539936709205e-08
264 96 0 5.232749597921073e-08 2.292491672778282e-08
272 96 0 6.3667544185215412e-08 2.7648071768506366e-08
280 96 0 7.7339994279062953e-08 3.3287071086521271e-08
288 96 0 9.3799023383668003e-08 4.0008270186892946e-08
296 96 0 1.1358221027844088e-07 4.8006126812231282e-08
304 96 0 1.3732488251269646e-07 5.7507549422147953e-08
312 96 0 1.657767680515e-07 6.8776848461478676e-08
320 96 0 1.9982130355707961e-07 8.2121366031870543e-08
328 96 0 2.4049800369073178e-07 9.7897869293529099e-08
336 96 0 2.8902835407060533e-07 1.1651980372394303e-07
344 96 0 3.4684575425525334e-07 1.3846551402363145e-07
352 96 0 4.1563010541472039e-07 1.6428755258876933e-07
360 96 0 4.9734770880996439e-07 1.9462320748519838e-07
368 96 0 5.9429721399470628e-07 2.3020639299632212e-07
376 96 0 7.0916242757149408e-07 2.718810551655404e-07
384 96 0 8.4507286189514006e-07 3.2061625129810978e-07
392 96 0 1.005672965701993e-06 3.7752306508420641e-07
400 96 0 1.1952010326287739e-06 4.4387351686569855e-07
408 96 0 1.4185788264477089e-06 5.2112162074588413e-07
416 96 0 1.6815129912090013e-06 6.1092672609939817e-07
424 96 0 1.9906093280666704e-06 7.1517926020048856e-07
432 96 0 2.3535010160201741e-06 8.360289610290177e-07
440 96 0 2.7789918284327983e-06 9.7591565491164174e-07
448 96 0 3.2772153475648596e-06 1.1376025926754698e-06
456 96 0 3.8598111009207213e-06 1.3242123105256339e-06
464 96 0 4.5401184298703109e-06 1.53926492774333e-06
472 96 0 5.333388744926734e-06 1.7867187319404137e-06
480 96 0 6.2570166136416829e-06 2.0710128328474303e-06
488 96 0 7.3307898552875672e-06 2.3971115857186205e-06
496 96 0 8.5771584695547725e-06 2.7705503932062705e-06
504 96 0 1.0021521792907835e-05 3.1974823875958903e-06
512 96 0 1.1692532746024527e-05 3.684725371465771e-06
520 96 0 1.3622417401603957e-05 4.239808252828374e-06
528 96 0 1.5847307360060423e-05 4.8710160507651461e-06
536 96 0 1.8407581571223446e-05 5.5874323716301737e-06
544 96 0 2.1348213285926995e-05 6.3989780685930337e-06
552 96 0 2.4719116765581713e-05 7.3164446055206219e-06
560 96 0 2.8575487220571891e-05 8.3515204587823322e-06
568 96 0 3.2978126181619517e-05 9.5168087172208302e-06
576 96 0 3.7993743110617766e-05 1.0825833890325002e-05
584 96 0 4.3695222488943841e-05 1.2293035814011877e-05
592 96 0 5.0161843820646457e-05 1.3933748454071286e-05
600 96 0 5.7479439873354466e-05 1.5764161344337054e-05
608 96 0 6.5740475955314919e-05 1.7801261347327637e-05
616 96 0 7.5044029996140075e-05 2.0062752369063547e-05
624 96 0 8.5495649586355755e-05 2.2566950570764978e-05
632 96 0 9.720705791260488e-05 2.5332652469889716e-05
640 96 0 0.00011029567576506081 2.8378973087265312e-05
648 96 0 0.00012488392168293386 3.1725150963576626e-05
656 96 0 0.00014109824720135475 3.5390316445944777e-05
664 96 0 0.00015906785962457751 3.9393219172702536e-05
672 96 0 0.00017892308154560411 4.375191023872201e-05
680 96 0 0.00020079329543523137 4.8483374224316157e-05
688 96 0 0.00022480442417455119 5.3603106279648298e-05
696 96 0 0.00025107590563609229 5.9124629970862177e-05
704 96 0 0.00027971713254156899 6.5058952831734249e-05
712 96 0 0.00031082334888291919 7.1413958741844692e-05
720 96 0 0.00034447102189219547 7.8193739554340404e-05
728 96 0 0.00038071274406393819 8.5397872942910037e-05
736 96 0 0.00041957176254667547 9.3020659246481434e-05
744 96 0 0.00046103628195315089 0.0001010503370434024
752 96 0 0.00050505373897376585 0.00010946830500455432
760 96 0 0.00055152529984087183 0.00011824838580120679
768 96 0 0.00060030088054033857 0.0001273561758499929
776 96 0 0.00065117502988758778 0.0001367485316874378
784 96 0 0.00070388404200396747 0.00014637324890045427
792 96 0 0.00075810467222383465 0.0001561689918825232
800 96 0 0.00081345481445097001 0.00016606553137268399
808 96 0 0.00086949645494970322 0.00017598434104657272
816 96 0 0.00092574114556894188 0.00018583959389024344
824 96 0 0.00098165813855648882 0.00019553958355839518
832 96 0 0.0010366851978882029 0.00020498857566577256
840 96 0 0.001090241953389266 0.00021408906970071958
848 96 0 0.00114174550129916 0.00022274442515457971
856 96 0 0.0011906277879303615 0.00023086177711734309
864 96 0 0.0012363541529352162 0.00023835513891927646
872 96 0 0.0012784422675696599 0.00024514856452874292
880 96 0 0.0013164805933712593 0.00025117922352573224
888 96 0 0.0013501454190029511 0.00025640022860590802
896 96 0 0.001379215516803291 0.00026078305146009693
904 96 0 0.0014035835020543706 0.00026431936875497778
912 96 0 0.0014232630796765344 0.00026702219640684218
920 96 0 0.0014383915233508512 0.00026892619724223779
928 96 0 0.0014492269449521797 0.00027008708353556542
936 96 0 0.0014561401674319234 0.00027058008008913766
944 96 0 0.0014596012980044948 0.00027049746306856306
952 96 0 0.0014601613938861444 0.00026994524177278187
960 96 0 0.0014584299013745295 0.00026903910160134257
968 96 0 0.0014550488117454864 0.00026789977326474091
976 96 0 0.0014506646962025463 0.00026664803248852269
984 96 0 0.0014458999411437377 0.00026539956319889067
992 96 0 0.0014413245920087952 0.00026425993317575345
1000 96 0 0.0014374302211290001 0.00026331993295068169
1008 96 0 0.0014346071596778142 0.00026265151577835365
1016 96 0 0.0014331262788365828 0.00026230454927951758
0 104 0 8.6697317005391851e-11 4.9130052450886698e-11
8 104 0 9.1922243842442147e-11 5.1894800811262148e-11
16 104 0 1.0266202595916373e-10 5.7566411020179372e-11
24 104 0 1.195106992703408e-10 6.6435495108615273e-11
32 104 0 1.4339531565114529e-10 7.8954154891072072e-11
40 104 0 1.7562069584979248e-10 9.5756026102322611e-11
48 104 0 2.1793173478690327e-10 1.176840566315938e-10
56 104 0 2.7259560353531965e-10 1.4582694797481977e-10
64 104 0 3.4250688768029392e-10 1.8156545499047377e-10
72 104 0 4.31319473282776e-10 2.2663002786587661e-10
80 104 0 5.4360985821067624e-10 2.8317159702076898e-10
88 104 0 6.8507754962571641e-10 3.5384765216249812e-10
96 104 0 8.6278933277579737e-10 4.4192615731801999e-10
104 104 0 1.0854754911633493e-09 5.5141028196306303e-10
112 104 0 1.3638875582530076e-09 6.87187423377089e-10
120 104 0 1.711228927184019e-09 8.5520655794421192e-10
128 104 0 2.1436716858232166e-09 1.0626886023393678e-09
136 104 0 2.6809754362399942e-09 1.3183752048261442e-09
144 104 0 3.3472266647469073e-09 1.632822240111206e-09
152 104 0 4.1717205232044241e-09 2.0187452683760684e-09
160 104 0 5.1900107431569339e-09 2.491425361803982e-09
168 104 0 6.4451579152309766e-09 3.0691850221954258e-09
176 104 0 7.989211613285304e-09 3.7739454322148124e-09
184 104 0 9.8849679122025537e-09 4.6318780187761931e-09
192 104 0 1.2208050823788519e-08 5.6741652737058604e-09
200 104 0 1.5049374137330995e-08 6.9378879812667444e-09
208 104 0 1.8518049177599856e-08 8.4670584437799577e-09
216 104 0 2.2744814162152688e-08 1.0313821966771836e-08
224 104 0 2.7886072239151625e-08 1.2539851748320304e-08
232 104 0 3.4128638024632715e-08 1.5217965394338236e-08
240 104 0 4.1695306679563299e-08 1.8433994534675555e-08
248 104 0 5.0851375474378691e-08 2.2288942435190662e-08
256 104 0 6.1912265662814637e-08 2.6901468097049595e-08
264 104 0 7.5252412706993549e-08 3.2410739142319976e-08
272 104 0 9.1315615953721778e-08 3.8979699876028965e-08
280 104 0 1.1062706536558422e-07 4.6798805402269911e-08
288 104 0 1.3380729357056095e-07 5.60902777106136e-08
296 104 0 1.6158833709067216e-07 6.7112945428920927e-08
304 104 0 1.9483243193484441e-07 8.0167735668132546e-08
312 104 0 2.3455361651297867e-07 9.5603894263869186e-08
320 104 0 2.8194266958895015e-07 1.1382601990335203e-07
328 104 0 3.3839587298426088e-07 1.3530200817790681e-07
336 104 0 4.0554815779454836e-07 1.6057201344412559e-07
344 104 0 4.8531126827888479e-07 1.9025854924471935e-07
352 104 0 5.7991765800348972e-07 2.2507786143946041e-07
360 104 0 6.9197091629516277e-07 2.6585272138408379e-07
368 104 0 8.245036069910284e-07 3.1352679848121472e-07
376 104 0 9.8104348273703448e-07 3.6918078101139815e-07
384 104 0 1.1656891131932498e-06 4.3405041998906156e-07
392 104 0 1.3831960307861994e-06 5.0954667148707841e-07
400 104 0 1.6390745494944724e-06 5.9727810711766482e-07
408 104 0 1.9397004471935931e-06 6.9907574903078226e-07
416 104 0 2.2924397173083994e-06 8.1702046409275401e-07
424 104 0 2.705788588267159e-06 9.534730214293929e-07
432 104 0 3.1895299770491918e-06 1.11110687826468e-06
440 104 0 3.75490748334444e-06 1.2929437113240555e-06
448 104 0 4.4148179402403294e-06 1.5023916555915773e-06
456 104 0 5.1840234114463552e-06 1.7432861495223444e-06
464 104 0 6.0793833576136409e-06 2.0199332162869893e-06
472 104 0 7.1201074768671477e-06 2.3371549341347253e-06
480 104 0 8.3280294464891133e-06 2.7003367646636691e-06
488 104 0 9.7279014410061877e-06 3.1154763140296982e-06
496 104 0 1.1347708862761043e-05 3.5892329965189637e-06
504 104 0 1.3219004180503725e-05 4.1289779496227735e-06
512 104 0 1.5377258117490298e-05 4.7428434120312547e-06
520 104 0 1.7862225654432331e-05 5.4397706188418575e-06
528 104 0 2.0718323410825569e-05 6.2295550914236125e-06
536 104 0 2.3995013942853619e-05 7.1228880048780048e-06
544 104 0 2.7747191354520029e-05 8.1313921090265162e-06
552 104 0 3.2035561371102334e-05 9.2676504677168239e-06
560 104 0 3.6927007679354224e-05 1.0545226077256587e-05
568 104 0 4.2494934898840347e-05 1.1978670241073836e-05
576 104 0 4.8819577000942768e-05 1.358351742743811e-05
584 104 0 5.5988258302955719e-05 1.5376264231087365e-05
592 104 0 6.4095592274717743e-05 1.7374330003651521e-05
600 104 0 7.324360121769152e-05 1.9595996709891533e-05
608 104 0 8.3541737302642556e-05 2.2060325595383949e-05
616 104 0 9.5106782365203622e-05 2.4787048294478854e-05
624 104 0 0.00010806260015712073 2.7796430034306236e-05
632 104 0 0.0001225397103824946 3.1109102565261761e-05
640 104 0 0.00013867464885232612 3.4745864335945055e-05
648 104 0 0.00015660907264651049 3.8727445206190555e-05
656 104 0 0.00017648856364729952 4.3074232651516692e-05
664 104 0 0.00019846107879728004 4.7805955983764095e-05
672 104 0 0.00022267499178432612 5.2941324665406518e-05
680 104 0 0.00024927666965954753 5.8497616447179888e-05
688 104 0 0.00027840753045419949 6.4490210978501814e-05
696 104 0 0.00031020053560695446 7.0932064940105056e-05
704 104 0 0.00034477608537330324 7.783312587046875e-05
712 104 0 0.00038223730762476388 8.519968394988148e-05
720 104 0 0.00042266476144653587 9.3033664289596545e-05
728 104 0 0.00046611061700684822 0.00010133186690442885
736 104 0 0.00051259242179315691 0.00011008516757403343
744 104 0 0.00056208661899655329 0.00011927770012281009
752 104 0 0.00061452204397832017 0.00012888604899352857
760 104 0 0.00066977368564207862 0.00013887848988010333
768 104 0 0.00072765705639033147 0.0001492143249478508
776 104 0 0.00078792356157502557 0.00015984336695818
784 104 0 0.00085025729090442174 0.00017070563245728332
792 104 0 0.00091427366410635786 0.00018173130706133531
800 104 0 0.000979520345823654 0.00019284104479298683
808 104 0 0.0010454807959962759 0.00020394665756521949
816 104 0 0.0011115807394591853 0.00021495223970142822
824 104 0 0.001177197722114884 0.00022575575562523904
832 104 0 0.0012416737735539754 0.00023625109680225072
840 104 0 0.0013043310230899856 0.00024633058742494799
848 104 0 0.0013644899264537397 0.00025588788847182042
856 104 0 0.0014214895650477045 0.00026482121838720951
864 104 0 0.0014747092918544927 0.00027303677784896009
872 104 0 0.0015235908320984028 0.00028045223829231843
880 104 0 0.0015676598168969916 0.00028700013148570008
888 104 0 0.0016065456476088591 0.00029263096281782839
896 104 0 0.0016399985682633879 0.00029731586602222511
904 104 0 0.0016679028708093484 0.00030104862325460021
912 104 0 0.0016902852760833766 0.00030384689245752951
920 104 0 0.001707317720593089 0.00030575251366633631
928 104 0 0.0017193140284877451 0.00030683080631128479
936 104 0 0.0017267202475210611 0.00030716881875928609
944 104 0 0.0017300987610730579 0.00030687254663479551
952 104 0 0.0017301066356589262 0.0003060631945627681
960 104 0 0.0017274690029758721 0.00030487261318307688
968 104 0 0.0017229485850102273 0.00030343809575472344
976 104 0 0.001717312728691069 0.00030189676270570161
984 104 0 0.0017112995043426283 0.00030037979482948731
992 104 0 0.0017055845251845486 0.00029900679391106849
1000 104 0 0.0017007501540796817 0.00029788055171705696
1008 104 0 0.0016972586754561679 0.00029708249388830693
1016 104 0 0.0016954308281161004 0.00029666903483218602
0 112 0 1.3582736945627855e-10 7.5940316952560901e-11
8 112 0 1.4381704465370429e-10 8.0104878517691062e-11
16 112 0 1.602284369793431e-10 8.8642108344865213e-11
24 112 0 1.8594619437895607e-10 1.0197729261678832e-10
32 112 0 2.2234947054221736e-10 1.2077134466340176e-10
40 112 0 2.7137672195211509e-10 1.4594923724140562e-10
48 112 0 3.3561579141849707e-10 1.7873934799323682e-10
56 112 0 4.1842255151013942e-10 2.2072498220321008e-10
64 112 0 5.2407234267076769e-10 2.739096949061752e-10
72 112 0 6.579495011486526e-10 3.4079842051018483e-10
80 112 0 8.2678145523144522e-10 4.2449683846023857e-10
88 112 0 1.0389252017882145e-09 5.2883186472839572e-10
96 112 0 1.3047154900938174e-09 6.5849666857096588e-10
104 112 0 1.6368857731264124e-09 8.1922418084056853e-10
112 112 0 2.0510749816300966e-09 1.0179936947528241e-09
120 112 0 2.5664354851282309e-09 1.2632758752542846e-09
128 112 0 3.2063602881625845e-09 1.5653223046633718e-09
136 112 0 3.9993506410661384e-09 1.9365066188155855e-09
144 112 0 4.9800489048581133e-09 2.3917253514831226e-09
152 112 0 6.1904657915804924e-09 2.9488678301782359e-09
160 112 0 7.6814361049609159e-09 3.6293658804462343e-09
168 112 0 9.5143429374264024e-09 4.4588357258596009e-09
176 112 0 1.1763157045500116e-08 5.4678263431086423e-09
184 112 0 1.4516845930978747e-08 6.6926906677179281e-09
192 112 0 1.7882216097494379e-08 8.1765984608451944e-09
200 112 0 2.1987262118597739e-08 9.9707123462930171e-09
208 112 0 2.6985107621379814e-08 1.2135551502089608e-08
216 112 0 3.3058636128924524e-08 1.4742570722453866e-08
224 112 0 4.0425923987471929e-08 1.7875986021185435e-08
232 112 0 4.9346603418970952e-08 2.1634881585532965e-08
240 112 0 6.0129301214238854e-08 2.6135636667528739e-08
248 112 0 7.3140317909569354e-08 3.1514714882664258e-08
256 112 0 8.8813733759864232e-08 3.7931862358827271e-08
264 112 0 1.0766315184931353e-07 4.5573765260707665e-08
272 112 0 1.3029531582975074e-07 5.4658221472443022e-08
280 112 0 1.5742587076785413e-07 6.5438885776886537e-08
288 112 0 1.8989757128117455e-07 7.82106529065036e-08
296 112 0 2.2870128251959309e-07 9.3315748595297666e-08
304 112 0 2.7500016760297696e-07 1.1115060550506458e-07
312 112 0 3.3015751077684786e-07 1.321736089059442e-07
320 112 0 3.9576868949230218e-07 1.5691380648759429e-07
328 112 0 4.7369788116216769e-07 1.859806877836441e-07
336 112 0 5.6612017123867395e-07 2.2007515135437633e-07
344 112 0 6.7556981752360414e-07 2.6000179179527858e-07
352 112 0 8.0499551944295013e-07 3.0668265322828272e-07
360 112 0 9.5782363767924657e-07 3.6117261026114469e-07
368 112 0 1.1380304054722431e-06 4.2467655020663792e-07
376 112 0 1.3502242637484326e-06 4.9856854008090371e-07
384 112 0 1.5997395331823114e-06 5.8441316678628753e-07
392 112 0 1.8927427022732778e-06 6.839892370897755e-07
400 112 0 2.2363526566121372e-06 7.9931601378652947e-07
408 112 0 2.6387761962243753e-06 9.326821443144161e-07
416 112 0 3.1094601814011534e-06 1.0866774070305046e-06
424 112 0 3.6592616096965519e-06 1.2642273579183202e-06
432 112 0 4.3006368553138718e-06 1.4686309068413857e-06
440 112 0 5.0478511946684955e-06 1.70360078835794e-06
448 112 0 5.9172095958319067e-06 1.9733068187609094e-06
456 112 0 6.9273095609686996e-06 2.2824217497716533e-06
464 112 0 8.0993165739006302e-06 2.6361694413825758e-06
472 112 0 9.457262411001873e-06 3.0403749823440189e-06
480 112 0 1.1028366211152782e-05 3.5015162864638702e-06
488 112 0 1.2843377755035886e-05 4.0267765848696478e-06
496 112 0 1.4936941859280007e-05 4.6240971162047537e-06
504 112 0 1.7347982130126498e-05 5.3022291851003083e-06
512 112 0 2.0120101529521553e-05 6.0707846106497846e-06
520 112 0 2.3301996273274188e-05 6.9402834181231324e-06
528 112 0 2.6947878502249182e-05 7.9221974376046867e-06
536 112 0 3.1117901947731624e-05 9.028988264269243e-06
544 112 0 3.5878583463546545e-05 1.0274137812028753e-05
552 112 0 4.1303211838819158e-05 1.1672169464972063e-05
560 112 0 4.7472233756610811e-05 1.3238657613181606e-05
568 112 0 5.4473605139914183e-05 1.4990223168026387e-05
576 112 0 6.2403094428380878e-05 1.6944512504894093e-05
584 112 0 7.1364522534043083e-05 1.9120157194791587e-05
592 112 0 8.1469922278369264e-05 2.1536711871396363e-05
600 112 0 9.2839597927583053e-05 2.4214567639367824e-05
608 112 0 0.00010560206289802651 2.7174838553750601e-05
616 112 0 0.00011989383065968248 3.0439218866611396e-05
624 112 0 0.00013585903019142697 3.4029808910461626e-05
632 112 0 0.00015364881294775636 3.7968907624094927e-05
640 112 0 0.00017342051318827118 4.2278769778133709e-05
648 112 0 0.00019533651785270104 4.6981325884806556e-05
656 112 0 0.00021956279629881622 5.2097862558501837e-05
664 112 0 0.00024626703478104414 5.7648660742231532e-05
672 112 0 0.00027561631644973264 6.36525887872545e-05
680 112 0 0.00030777428610672742 7.012664698035411e-05
688 112 0 0.00034289774143270131 7.7085459925824108e-05
696 112 0 0.00038113260054705952 8.4540713431637742e-05
704 112 0 0.00042260921124377199 9.2500533486471008e-05
712 112 0 0.00046743699157464537 0.00010096880682666857
720 112 0 0.00051569842573613242 0.00010994444574077475
728 112 0 0.00056744248391127708 0.0001194206043422882
736 112 0 0.00062267758936719033 0.00012938385964694375
744 112 0 0.00068136431911936337 0.00013981337835086466
752 112 0 0.00074340809297184873 0.00015068009895661681
760 112 0 0.00080865217552218195 0.0001619459683518369
768 112 0 0.00087687138133818226 0.00017356328140214242
776 112 0 0.00094776692853320557 0.00018547418066725658
784 112 0 0.0010209629233617051 0.00019761037992632041
792 112 0 0.0010960049711676932 0.00020989317867288752
800 112 0 0.0011723613906166408 0.00022223383401119849
808 112 0 0.0012494274535614954 0.00023453435050379157
816 112 0 0.0013265329791606135 0.00024668873681562556
824 112 0 0.001402953477740123 0.00025858476019859295
832 112 0 0.0014779248703562261 0.00027010620618569026
840 112 0 0.0015506616105149336 0.00028113562209802225
848 112 0 0.0016203778149255601 0.00029155749046729418
856 112 0 0.0016863107834349141 0.00030126174413460348
864 112 0 0.0017477460697034528 0.00031014750093643143
872 112 0 0.0018040430703907212 0.00031812686515313745
880 112 0 0.0018546599483826916 0.00032512861798997999
888 112 0 0.0018991766104266875 0.00033110160286867912
896 112 0 0.001937314434285613 0.00033601760544297362
904 112 0 0.0019689514940639486 0.00033987353463240701
912 112 0 0.0019941321685409061 0.00034269273042621335
920 112 0 0.0020130702342594253 0.00034452525664891006
928 112 0 0.0020261448347990299 0.0003454470812136322
936 112 0 0.0020338890662803472 0.00034555810055223813
944 112 0 0.0020369713077078534 0.00034497902595413774
952 112 0 0.0020361698302216943 0.00034384721381794077
960 112 0 0.002032341616158949 0.00034231158521066127
968 112 0 0.0020263866807649507 0.00034052683836450354
976 112 0 0.0020192094913967706 0.00033864720670154658
984 112 0 0.0020116792991721156 0.00033682005101672236
992 112 0 0.0020045913190956171 0.00033517959468816168
1000 112 0 0.0019986307057967387 0.00033384111334437607
1008 112 0 0.0019943411693444748 0.0003328958745927855
1016 112 0 0.0019920998629482864 0.00033240708974572415
0 120 0 2.1176768640883945e-10 1.167943740080413e-10
8 120 0 2.2392192317139536e-10 1.2303390867024834e-10
16 120 0 2.4887054532420831e-10 1.3581589821170721e-10
24 120 0 2.8792348699574439e-10 1.5575898785185216e-10
32 120 0 3.4312081520561912e-10 1.8382356664223858e-10
40 120 0 4.1732595919352071e-10 2.2135182574151332e-10
48 120 0 5.1435513941173389e-10 2.7012311140574454e-10
56 120 0 6.391475337133495e-10 3.3242627834850116e-10
64 120 0 7.9798203757694289e-10 4.1115122677581796e-10
72 120 0 9.9874792165883744e-10 5.0990231811777891e-10
80 120 0 1.2512782936916838e-09 6.3313691728048541e-10
88 120 0 1.5677570665166102e-09 7.8633291065348535e-10
96 120 0 1.9632121586647832e-09 9.7618970756967043e-10
104 120 0 2.4561099539669809e-09 1.2108679583314001e-09
112 120 0 3.0690686763829207e-09 1.500274026313202e-09
120 120 0 3.8297113603825155e-09 1.8563961498916881e-09
128 120 0 4.7716825928259562e-09 2.2937002404264566e-09
136 120 0 5.9358572598817239e-09 2.8295944076566759e-09
144 120 0 7.3717742563412358e-09 3.4849726103516995e-09
152 120 0 9.1393336217587284e-09 4.2848493284051175e-09
160 120 0 1.131080198540715e-08 5.2590988761422312e-09
168 120 0 1.3973178663286003e-08 6.4433149596339845e-09
176 120 0 1.7230983388608759e-08 7.8798083554666706e-09
184 120 0 2.1209536598696675e-08 9.6187631811483377e-09
192 120 0 2.6058814558339574e-08 1.1719575154520606e-08
200 120 0 3.1957974464890756e-08 1.4252398503134893e-08
208 120 0 3.9120659123469422e-08 1.7299931768325061e-08
216 120 0 4.780120685137839e-08 2.0959476616138008e-08
224 120 0 5.8301910008657364e-08 2.5345307861990479e-08
232 120 0 7.0981485004503917e-08 3.0591397165701254e-08
240 120 0 8.6264937881767593e-08 3.6854537178707894e-08
248 120 0 1.0465503279223361e-07 4.431791725148308e-08
256 120 0 1.267455961186915e-07 5.3195206084309398e-08
264 120 0 1.5323691711002119e-07 6.3735200918233708e-08
272 120 0 1.8495353730219377e-07 7.6227107065934715e-08
280 120 0 2.2286475654474067e-07 9.1006515902367892e-08
288 120 0 2.6810822418767815e-07 1.0846215408578393e-07
296 120 0 3.2201703111489075e-07 1.2904348205578911e-07
304 120 0 3.8615077310804154e-07 1.5326922611170823e-07
312 120 0 4.6233111968279206e-07 1.8173693598687616e-07
320 120 0 5.5268249597989647e-07 2.1513366913698303e-07
328 120 0 6.5967856894581179e-07 2.542479141677537e-07
336 120 0 7.8619532259305029e-07 2.9998287894253721e-07
344 120 0 9.3557160931888272e-07 3.5337128363331805e-07
352 120 0 1.1116781726712328e-06 4.1559181462277297e-07
360 120 0 1.3189962479403913e-06 4.8798741060321694e-07
368 120 0 1.562706955678881e-06 5.720855658714178e-07
376 120 0 1.8487928038293363e-06 6.6962084569927083e-07
384 120 0 2.1841526999685989e-06 7.8255981248405629e-07
392 120 0 2.5767319393630533e-06 9.1312855673771914e-07
400 120 0 3.0356686703986667e-06 1.063843011551837e-06
408 120 0 3.5714583405387914e-06 1.2375422010184819e-06
416 120 0 4.1961375884316581e-06 1.4374245308469193e-06
424 120 0 4.9234889676148721e-06 1.6670871725511399e-06
432 120 0 5.7692677621552575e-06 1.9305685214733443e-06
440 120 0 6.7514519830264355e-06 2.2323936248384074e-06
448 120 0 7.890516414592816e-06 2.5776223810193033e-06
456 120 0 9.2097313107403529e-06 2.971900207652964e-06
464 120 0 1.0735486015283206e-05 3.421510766543794e-06
472 120 0 1.2497637393345892e-05 3.9334302192082904e-06
480 120 0 1.4529882497616653e-05 4.5153823691405616e-06
488 120 0 1.6870154339905534e-05 5.1758939246389054e-06
496 120 0 1.956103897548476e-05 5.9243489869635099e-06
504 120 0 2.2650211315226807e-05 6.7710417289562619e-06
512 120 0 2.6190886140171337e-05 7.7272260745754173e-06
520 120 0 3.0242279691397321e-05 8.8051610159044344e-06
528 120 0 3.4870075939853869e-05 1.0018150008566005e-05
536 120 0 4.0146890212000867e-05 1.1380572669730982e-05
544 120 0 4.6152721275575298e-05 1.2907906770191719e-05
552 120 0 5.2975381303791222e-05 1.4616738273840238e-05
560 120 0 6.0710891369792417e-05 1.6524756950512822e-05
568 120 0 6.946382830794057e-05 1.8650734892388391e-05
576 120 0 7.9347606933274971e-05 2.1014485123393225e-05
584 120 0 9.048467972883467e-05 2.3636797428108479e-05
592 120 0 0.00010300663414976563 2.653934855932047e-05
600 120 0 0.00011705416556695088 2.9744584119947119e-05
608 120 0 0.00013277690145177711 3.3275569650279729e-05
616 120 0 0.00015033304952629387 3.7155808763474492e-05
624 120 0 0.0001698888391018886 4.1409026522161945e-05
632 120 0 0.00019161772057185128 4.6058916583856745e-05
640 120 0 0.00021569928296640489 5.1128850901758453e-05
648 120 0 0.0002423178437375076 5.6641550892507164e-05
656 120 0 0.00027166065885731805 6.2618718931978039e-05
664 120 0 0.00030391569552327567 6.9080628804861868e-05
672 120 0 0.00033926890523698714 7.6045673351979543e-05
680 120 0 0.00037790093308708153 8.3529867129866818e-05
688 120 0 0.00041998320135852541 9.1546301586513867e-05
696 120 0 0.00046567331397869726 0.00010010455029738871
704 120 0 0.000515109744730243 0.00010921002248212379
712 120 0 0.00056840579840131394 0.00011886326464754095
720 120 0 0.00062564287147690717 0.00012905921308057483
728 120 0 0.00068686308825356528 0.00013978640429206676
736 120 0 0.00075206144901413408 0.00015102615652614389
744 120 0 0.00082117769747022803 0.00016275174307316034
752 120 0 0.00089408819192846555 0.00017492758712021937
760 120 0 0.00097059814387401885 0.0001875085177634329
768 120 0 0.0010504346627403247 0.00020043913686103201
776 120 0 0.0011332411092004622 0.00021365335566503807
784 120 0 0.0012185733032880255 0.0002270741674902444
792 120 0 0.0013058981498405807 0.00024061372682486633
800 120 0 0.0013945952246278393 0.00025417380503496871
808 120 0 0.001483961804065287 0.00026764668709044017
816 120 0 0.0015732217159762391 0.00028091656175857345
824 120 0 0.001661538237938716 0.00029386143911163038
832 120 0 0.0017480310765419164 0.00030635560415360227
840 120 0 0.0018317972326129558 0.0003182725846783579
848 120 0 0.0019119353053928543 0.00032948857655251034
856 120 0 0.0019875725275695175 0.0003398862324980041
864 120 0 0.0020578935706398842 0.00034935868365664402
872 120 0 0.0021221699355438587 0.00035781362961364357
880 120 0 0.0021797885663726716 0.00036517730512413294
888 120 0 0.0022302782132953666 0.00037139811338390101
896 120 0 0.0022733320397285866 0.00037644970878201447
904 120 0 0.0023088250286963556 0.00038033331849625677
912 120 0 0.0023368248989671194 0.00038307911301149874
920 120 0 0.0023575954909083353 0.00038474647061048032
928 120 0 0.0023715919160126621 0.00038542302896526571
936 120 0 0.0023794471668325853 0.00038522247591939868
944 120 0 0.0023819503336619911 0.00038428109818983581
952 120 0 0.0023800170440396351 0.00038275317703864329
960 120 0 0.0023746532013696102 0.00038080538945520692
968 120 0 0.0023669135191294543 0.00037861043734243672
976 120 0 0.0023578566980983172 0.00037634018106783408
984 120 0 0.002348499350188838 0.0003741585934877085
992 120 0 0.0023397709137837788 0.00037221487298280329
1000 120 0 0.0023324718191411148 0.00037063705706284842
1008 120 0 0.0023272370439372603 0.00036952646090244535
1016 120 0 0.0023245069526940105 0.0003689532283392455
0 128 0 3.2856206041688075e-10 1.7872615340735203e-10
8 128 0 3.469558318416437e-10 1.8802430424239017e-10
16 128 0 3.8468644353591552e-10 2.0705887835750864e-10
24 128 0 4.4368247484759655e-10 2.3672436899640856e-10
32 128 0 5.2694438184785771e-10 2.7840793665967594e-10
40 128 0 6.3867778493503403e-10 3.3404546150421082e-10
48 128 0 7.8447825081747843e-10 4.061988841808054e-10
56 128 0 9.7157381206185066e-10 4.9815711691719987e-10
64 128 0 1.2091332643527609e-09 6.1406343850362869e-10
72 128 0 1.5086502397766164e-09 7.5907295899158877e-10
80 128 0 1.8844152109721692e-09 9.3954446019088129e-10
88 128 0 2.3540899771700956e-09 1.1632716946446276e-09
96 128 0 2.9394018662344537e-09 1.4397600677696594e-09
104 128 0 3.666977912298381e-09 1.7805555459637641e-09
112 128 0 4.5693427026961227e-09 2.1996336408741081e-09
120 128 0 5.6861075102742035e-09 2.7138574333399509e-09
128 128 0 7.0653828332524128e-09 3.343514840875743e-09
136 128 0 8.7654516675383998e-09 4.1129467263194988e-09
144 128 0 1.0856746866692935e-08 5.0512790244478603e-09
152 128 0 1.3424182950163846e-08 6.1932738652765056e-09
160 128 0 1.6569900861549381e-08 7.5803167387387929e-09
168 128 0 2.0416493622919988e-08 9.2615591182269419e-09
176 128 0 2.5110791744075429e-08 1.1295238680381679e-08
184 128 0 3.0828299779845013e-08 1.3750202358153905e-08
192 128 0 3.777838971286018e-08 1.6707660962306155e-08
200 128 0 4.6210372968025649e-08 2.0263208001580379e-08
208 128 0 5.6420590891794484e-08 2.4529139595903629e-08
216 128 0 6.8760683467516398e-08 2.9637116952200637e-08
224 128 0 8.3647217870647843e-08 3.5741217669808914e-08
232 128 0 1.0157288217020517e-07 4.3021427046751877e-08
240 128 0 1.2311947506047549e-07 5.1687625437417683e-08
248 128 0 1.4897295004371669e-07 6.1984132435063422e-08
256 128 0 1.799408022030009e-07 7.4194873110666575e-08
264 128 0 2.169721180282549e-07 8.864923567502792e-08
272 128 0 2.6118064436812848e-07 1.0572869376457996e-07
280 128 0 3.1387127244710856e-07 1.2587427020798341e-07
288 128 0 3.7657037827346208e-07 1.4959492285519603e-07
296 128 0 4.5106051317067986e-07 1.7747693720850905e-07
304 128 0 5.3941999921974977e-07 2.1019441565030952e-07
312 128 0 6.4406805566966823e-07 2.4852095953044564e-07
320 128 0 7.678161651168795e-07 2.9334264874745843e-07
328 128 0 9.139264831135655e-07 3.4567243409576744e-07
336 128 0 1.0861782015355875e-06 4.066660706695696e-07
344 128 0 1.2889428929522008e-06 4.776397357519117e-07
352 128 0 1.5272699872940058e-06 5.6008949111919918e-07
360 128 0 1.8069836585436082e-06 6.5571276622581693e-07
368 128 0 2.1347925215502988e-06 7.6643205336225322e-07
376 128 0 2.5184136495286072e-06 8.9442101610387236e-07
384 128 0 2.9667125124526552e-06 1.0421332152574591e-06
392 128 0 3.4898604961007725e-06 1.2123336489331426e-06
400 128 0 4.0995116819505037e-06 1.4081332822769361e-06
408 128 0 4.8090005415572733e-06 1.6330267051929652e-06
416 128 0 5.6335621192785773e-06 1.8909330012605428e-06
424 128 0 6.590576140166012e-06 2.1862398373102206e-06
432 128 0 7.6998362836286017e-06 2.5238506913641713e-06
440 128 0 8.9838456078648429e-06 2.9092350287981071e-06
448 128 0 1.0468138795612119e-05 3.3484811157230455e-06
456 128 0 1.2181631518393317e-05 3.8483510285465041e-06
464 128 0 1.4156996781827e-05 4.4163372834447967e-06
472 128 0 1.6431067612554182e-05 5.0607203724933453e-06
480 128 0 1.9045264866757214e-05 5.7906263565993287e-06
488 128 0 2.2046048264544439e-05 6.6160835293999553e-06
496 128 0 2.548538796244827e-05 7.5480770289488148e-06
504 128 0 2.9421253044183069e-05 8.5986001312163973e-06
512 128 0 3.3918112214746755e-05 9.7807008056051005e-06
520 128 0 3.9047440707301755e-05 1.1108521941961876e-05
528 128 0 4.4888225948419874e-05 1.2597333466476622e-05
536 128 0 5.1527462881731849e-05 1.4263554349207423e-05
544 128 0 5.9060628045767018e-05 1.61247622728223e-05
552 128 0 6.759211957763146e-05 1.8199688491240995e-05
560 128 0 7.7235648320305239e-05 2.0508195176272335e-05
568 128 0 8.8114563200328961e-05 2.3071232354842909e-05
576 128 0 0.0001003620920566682 2.5910771408347059e-05
584 128 0 0.00011412147715694315 2.9049712069231337e-05
592 128 0 0.0001295459827090861 3.2511759934249169e-05
600 128 0 0.000146798749686898 3.6321271735063128e-05
608 128 0 0.00016605247110205684 4.0503065965652565e-05
616 128 0 0.00018748885828976836 4.5082196942966167e-05
624 128 0 0.00021129786562405054 5.008369093120445e-05
632 128 0 0.00023767663715570803 5.5532243529584339e-05
640 128 0 0.00026682813386816334 6.1451878032973766e-05
648 128 0 0.00029895939463001476 6.7865564845824588e-05
656 128 0 0.00033427937778929609 7.4794802195946323e-05
664 128 0 0.00037299632432813754 8.2259158319735739e-05
672 128 0 0.00041531457858896668 9.0275774987571688e-05
680 128 0 0.00046143080021694835 9.8858831786060447e-05
688 128 0 0.00051152950294503928 0.00010801897012814425
696 128 0 0.00056577786427608598 0.00011776267575645913
704 128 0 0.00062431976721236679 0.00012809161884109056
712 128 0 0.00068726906304885488 0.00013900195199417439
720 128 0 0.000754702084557482 0.00015048356897914741
728 128 0 0.00082664949254563204 0.00016251933088301583
736 128 0 0.00090308760554027798 0.00017508427224081414
744 128 0 0.00098392944054338837 0.00018814480708002359
752 128 0 0.0010690157790486849 0.00020165796389430058
760 128 0 0.0011581066616374518 0.00021557068870362082
768 128 0 0.0012508737996013567 0.00022981926587687545
776 128 0 0.0013468944648655002 0.00024432891628481173
784 128 0 0.0014456474707782699 0.00025901364040533726
792 128 0 0.001546511876665447 0.00027377637888305979
800 128 0 0.001648769029662808 0.00028850956340844397
808 128 0 0.0017516084911557272 0.00030309612542515777
816 128 0 0.0018541382777348125 0.00031741101818750193
824 128 0 0.0019553996770503464 0.00033132328860924079
832 128 0 0.0020543866806955187 0.0003446987092816157
840 128 0 0.0021500698172913137 0.00035740294876667042
848 128 0 0.0022414238819453646 0.00036930522126456169
856 128 0 0.0023274587600675216 0.00038028231714771045
864 128 0 0.0024072522542965282 0.00039022287634828167
872 128 0 0.0024799835651575022 0.00039903173026508256
880 128 0 0.0025449658714968046 0.00040663410796501877
888 128 0 0.0026016763266792677 0.00041297948212251677
896 128 0 0.0026497817485106011 0.00041804482209425921
904 128 0 0.0026891583471926124 0.00042183702781075152
912 128 0 0.0027199040119786182 0.00042439433990151864
920 128 0 0.0027423419615188157 0.00042578655867622425
928 128 0 0.0027570149449779278 0.00042611395608430644
936 128 0 0.002764669642751984 0.00042550482820515349
944 128 0 0.0027662314318518269 0.00042411170773339491
952 128 0 0.0027627702210782784 0.00042210633199950449
960 128 0 0.0027554585908248171 0.00041967353740315514
968 128 0 0.002745523956471891 0.00041700432060695321
976 128 0 0.0027341968791661513 0.00041428836547238897
984 128 0 0.0027226579436765465 0.00041170637809846266
992 128 0 0.0027119857867665821 0.00040942259693290675
1000 128 0 0.0027031088762039632 0.00040757784845330772
1008 128 0 0.0026967635048397057 0.00040628350045662483
1016 128 0 0.002693460181033256 0.00040561662515513873
0 136 0 5.0728821382423278e-10 2.7212150366842127e-10
8 136 0 5.3498013608403387e-10 2.8590292992568593e-10
16 136 0 5.9174532189342416e-10 3.1409603530906973e-10
24 136 0 6.804068438440051e-10 3.5798630947077638e-10
32 136 0 8.0535231850753364e-10 4.1956517869531745e-10
40 136 0 9.7272324643924485e-10 5.0160789559512452e-10
48 136 0 1.1906771349982838e-09 6.0778085402455194e-10
56 136 0 1.4697309289790505e-09 7.427813549794538e-10
64 136 0 1.8231967028563895e-09 9.1251367753502767e-10
72 136 0 2.2677231987682051e-09 1.1243061836035521e-09
80 136 0 2.8239596711630505e-09 1.387175114784986e-09
88 136 0 3.5173616718147231e-09 1.7121417322910482e-09
96 136 0 4.379161934004113e-09 2.1126105160612092e-09
104 136 0 5.447533458262145e-09 2.6048172876316246e-09
112 136 0 6.7689763435702308e-09 3.2083573667751925e-09
120 136 0 8.3999649436141544e-09 3.9468052323132263e-09
128 136 0 1.0408897674128156e-08 4.8484386563370107e-09
136 136 0 1.2878398393857899e-08 5.9470819487448518e-09
144 136 0 1.5908025891140796e-08 7.2830848234229329e-09
152 136 0 1.9617456815440351e-08 8.9044555238480963e-09
160 136 0 2.4150217600288174e-08 1.0868169275450667e-08
168 136 0 2.967805274114693e-08 1.3241675918394027e-08
176 136 0 3.6406030424457109e-08 1.6104633768540452e-08
184 136 0 4.4578502137998917e-08 1.9550900397579797e-08
192 136 0 5.4486050675166334e-08 2.36908151384793e-08
200 136 0 6.6473580969606028e-08 2.8653812704573843e-08
208 136 0 8.0949730487698112e-08 3.4591412317923369e-08
216 136 0 9.8397800419717036e-08 4.1680632089665812e-08
224 136 0 1.1938843554045676e-07 5.0127883950652959e-08
232 136 0 1.4459430921695705e-07 6.0173410021315423e-08
240 136 0 1.7480710049789317e-07 7.2096326732223882e-08
248 136 0 2.1095708247878011e-07 8.6220348049391158e-08
256 136 0 2.5413567531366748e-07 1.0292026363111115e-07
264 136 0 3.0562135370328282e-07 1.2262925151558643e-07
272 136 0 3.6690933813270844e-07 1.458471079806564e-07
280 136 0 4.3974554265509198e-07 1.7314947963697529e-07
288 136 0 5.2616530112865812e-07 2.0519818488863946e-07
296 136 0 6.2853745037918891e-07 2.4275271406989867e-07
304 136 0 7.496144148700593e-07 2.8668300044768391e-07
312 136 0 8.9258901520011386e-07 3.3798355857226674e-07
320 136 0 1.0611588138643379e-06 3.9778909287425537e-07
328 136 0 1.2595989172093329e-06 4.6739168853330792e-07
336 136 0 1.4928442722051571e-06 5.4825970878644941e-07
344 136 0 1.7665826287041125e-06 6.4205853784844581e-07
352 136 0 2.087359478413205e-06 7.5067332570910377e-07
360 136 0 2.4626964247694251e-06 8.7623390873006357e-07
368 136 0 2.9012245749125521e-06 1.0211420958588437e-06
376 136 0 3.4128346656324795e-06 1.1881015213135496e-06
384 136 0 4.0088457277101143e-06 1.3801502670576042e-06
392 136 0 4.7021941450339151e-06 1.6006964482341966e-06
400 136 0 5.5076449642274398e-06 1.8535569279736428e-06
408 136 0 6.4420272467502385e-06 2.142999281156972e-06
416 136 0 7.5244951205391202e-06 2.4737870573678985e-06
424 136 0 8.7768159774762326e-06 2.8512283004095477e-06
432 136 0 1.0223686974992773e-05 3.2812271661997233e-06
440 136 0 1.189308063666295e-05 3.7703383452734576e-06
448 136 0 1.3816619911335165e-05 4.3258238449195693e-06
456 136 0 1.6029982546939821e-05 4.9557115248180269e-06
464 136 0 1.8573334065271797e-05 5.6688546150924734e-06
472 136 0 2.1491787985047528e-05 6.4749912826591502e-06
480 136 0 2.4835891223356543e-05 7.3848031548771071e-06
488 136 0 2.8662131793944394e-05 8.4099715606165927e-06
496 136 0 3.3033464991397085e-05 9.5632301067898539e-06
504 136 0 3.8019853175399466e-05 1.0858412068855068e-05
512 136 0 4.3698813020351855e-05 1.2310490930015643e-05
520 136 0 5.0155962649263631e-05 1.3935612247784529e-05
528 136 0 5.7485559414896496e-05 1.5751114851051526e-05
536 136 0 6.5791017230939271e-05 1.7775539171794693e-05
544 136 0 7.5185390318589318e-05 2.0028620294965558e-05
552 136 0 8.5791808068872455e-05 2.2531263077687705e-05
560 136 0 9.7743843496577573e-05 2.5305496463913141e-05
568 136 0 0.00011118579555517187 2.837440393135471e-05
576 136 0 0.00012627286346501525 3.1762026889303621e-05
584 136 0 0.00014317118922617449 3.5493237837420162e-05
592 136 0 0.00016205774264333527 3.9593580232641704e-05
600 136 0 0.00018312002142196112 4.4089072320106451e-05
608 136 0 0.0002065555370677094 4.9005972673450975e-05
616 136 0 0.00023257105523273453 5.4370505845538318e-05
624 136 0 0.00026138155655525499 6.0208547310897846e-05
632 136 0 0.00029320888068529237 6.6545267717127757e-05
640 136 0 0.00032828001190113711 7.3404737263707011e-05
648 136 0 0.00036682495947583935 8.0809491691936994e-05
656 136 0 0.00040907417998524242 8.8780061803847685e-05
664 136 0 0.00045525548264787328 9.7334468562209242e-05
672 136 0 0.00050559035357653837 0.00010648768563878549
680 136 0 0.00056028963200300879 0.0001162510708242842
688 136 0 0.00061954847307318353 0.00012663176712720127
696 136 0 0.00068354054003254511 0.0001376320738977029
704 136 0 0.00075241138605345735 0.0001492487882284525
712 136 0 0.00082627101504302927 0.00016147251757960522
720 136 0 0.00090518565353662941 0.00017428696644393243
728 136 0 0.00098916882342864787 0.00018766820327102154
736 136 0 0.0010781718777810921 0.00020158391906931758
744 136 0 0.001172074247623412 0.00021599269619689021
752 136 0 0.0012706737429429855 0.00023084331470061724
760 136 0 0.0013736773503410726 0.00024607413375294469
768 136 0 0.0014806930654782322 0.00026161259654478301
776 136 0 0.0015912233811503119 0.00027737491740588362
784 136 0 0.0017046611111836071 0.00029326601867560569
792 136 0 0.0018202882555485068 0.00030917979051371517
800 136 0 0.001937278593071252 0.00032499974796595336
808 136 0 0.002054704616580885 0.00034060015484740956
816 136 0 0.0021715492959223145 0.00035584767233556684
824 136 0 0.0022867229656595872 0.00037060357099135506
832 136 0 0.0023990853899771344 0.0003847265182739569
840 136 0 0.0025074727660579841 0.00039807592021803145
848 136 0 0.0026107291032099263 0.00041051575729003555
856 136 0 0.0027077410772152321 0.00042191881275277987
864 136 0 0.0027974751306448099 0.00043217114998780632
872 136 0 0.0028790152954225848 0.00044117665644061686
880 136 0 0.0029515999794618233 0.00044886143964941458
888 136 0 0.0030146558088017844 0.00045517783858317618
896 136 0 0.0030678265706048603 0.00046010780423123322
904 136 0 0.0031109953750033639 0.00046366540931940241
912 136 0 0.0031442983518801368 0.00046589826946176862
920 136 0 0.0031681285201950399 0.00046688769709505445
928 136 0 0.0031831289010622343 0.00046674746399721738
936 136 0 0.0031901744709571375 0.0004656211155858311
944 136 0 0.0031903431395852219 0.00046367785686721955
952 136 0 0.0031848765530777829 0.00046110711124778886
960 136 0 0.0031751321282279723 0.00045811193416092329
968 136 0 0.0031625282770788442 0.00045490153807937811
976 136 0 0.0031484852446385402 0.00045168324860333457
984 136 0 0.0031343643217750091 0.00044865425814687382
992 136 0 0.0031214083836994888 0.00044599357046852832
1000 136 0 0.0031106867246572709 0.00044385453337475586
1008 136 0 0.0031030470052963305 0.00044235833735914269
1016 136 0 0.0030990768061883948 0.00044158881534796419
0 144 0 7.7940971749265405e-10 4.1222819517009104e-10
8 144 0 8.208830660097198e-10 4.3254410042594063e-10
16 144 0 9.0584135720249389e-10 4.7407669375950282e-10
24 144 0 1.0383931533147815e-09 5.3866207423836075e-10
32 144 0 1.2249174972028511e-09 6.2914168996347382e-10
40 144 0 1.4743311420343694e-09 7.4946981348337034e-10
48 144 0 1.7984579890228358e-09 9.0486140289299197e-10
56 144 0 2.2125122839585043e-09 1.1019843244780843e-09
64 144 0 2.7357103803914172e-09 1.3492009883659617e-09
72 144 0 3.3920293823717572e-09 1.6568655760191661e-09
80 144 0 4.2111347859480365e-09 2.037684225854076e-09
88 144 0 5.2295034041057714e-09 2.5071467987888043e-09
96 144 0 6.4917724500653222e-09 3.0840401775870583e-09
104 144 0 8.0523507458937696e-09 3.7910544725278312e-09
112 144 0 9.9773337103454233e-09 4.655495024400751e-09
120 144 0 1.2346770175927381e-08 5.7101147323223518e-09
128 144 0 1.5257336330465166e-08 6.9940830136443471e-09
136 144 0 1.882548034260275e-08 8.5541096604178016e-09
144 144 0 2.3191110714563729e-08 1.0445744035756332e-08
152 144 0 2.8521912339288448e-08 1.273487250850051e-08
160 144 0 3.5018386875738841e-08 1.5499439818872844e-08
168 144 0 4.2919728659540956e-08 1.8831423268944453e-08
176 144 0 5.251066419299756e-08 2.2839092305177229e-08
184 144 0 6.4129402535578715e-08 2.7649590259824003e-08
192 144 0 7.8176865813645634e-08 3.3411879773664931e-08
200 144 0 9.5127393674179872e-08 4.030009872737952e-08
208 144 0 1.1554114280562148e-07 4.85173793053777e-08
216 144 0 1.4007843250938285e-07 5.8300188985540681e-08
224 144 0 1.6951631949110972e-07 6.9923258605861723e-08
232 144 0 2.0476771923827247e-07 8.3705168955528757e-08
240 144 0 2.4690342723011705e-07 1.0001467327483119e-07
248 144 0 2.9717743052817127e-07 1.192778383037082e-07
256 144 0 3.5705593894477862e-07 1.4198609078802971e-07
264 144 0 4.2825060521886925e-07 1.6870525939901688e-07
272 144 0 5.1275644611336484e-07 2.0008570373347052e-07
280 144 0 6.1289502229206727e-07 2.3687362251142138e-07
288 144 0 7.3136348601729758e-07 2.7992363257146912e-07
296 144 0 8.7129016444908758e-07 3.3021270932912606e-07
304 144 0 1.0362974153177432e-06 3.8885557879178523e-07
312 144 0 1.2305725737723806e-06 4.5712165197209769e-07
320 144 0 1.4589479067385933e-06 5.3645359562870913e-07
328 144 0 1.7269906057426409e-06 6.2848763960556582e-07
336 144 0 2.0411039809916065e-06 7.3507573124362882e-07
344 144 0 2.4086411665525583e-06 8.5830966146298408e-07
352 144 0 2.8380328041223088e-06 1.0005473044478751e-06
360 144 0 3.3389303334994887e-06 1.1644411317430356e-06
368 144 0 3.9223666707713958e-06 1.3529691792547017e-06
376 144 0 4.6009361869460291e-06 1.5694686583692585e-06
384 144 0 5.3889959947677185e-06 1.8176724055109414e-06
392 144 0 6.3028905932681117e-06 2.1017483527809032e-06
400 144 0 7.3612018922010827e-06 2.4263421706455647e-06
408 144 0 8.5850265279072106e-06 2.7966231773515392e-06
416 144 0 9.9982821779070186e-06 3.2183335254782099e-06
424 144 0 1.162804427788578e-05 3.6978405623311009e-06
432 144 0 1.3504914141192496e-05 4.2421921186436063e-06
440 144 0 1.5663418981936408e-05 4.8591743128097432e-06
448 144 0 1.8142443756254734e-05 5.5573712716170076e-06
456 144 0 2.0985694071757848e-05 6.3462259711385091e-06
464 144 0 2.424218868036427e-05 7.2361012020587739e-06
472 144 0 2.7966779267706678e-05 8.2383394710175142e-06
480 144 0 3.222069437823365e-05 9.3653204707117312e-06
488 144 0 3.7072103354560987e-05 1.0630514590697058e-05
496 144 0 4.2596695098186939e-05 1.2048530798312243e-05
504 144 0 4.8878265244254534e-05 1.3635157090781891e-05
512 144 0 5.6009303950367498e-05 1.540739159726887e-05
520 144 0 6.4091574897048159e-05 1.7383462282825389e-05
528 144 0 7.3236674265948022e-05 1.9582833063978521e-05
536 144 0 8.3566556402733965e-05 2.2026193980053031e-05
544 144 0 9.5214010613554876e-05 2.4735432873417503e-05
552 144 0 0.00010832307114656016 2.7733585823105561e-05
560 144 0 0.00012304933996049071 3.1044763368618002e-05
568 144 0 0.00013956019948652658 3.4694049385117567e-05
576 144 0 0.00015803489035431888 3.8707369369007732e-05
584 144 0 0.00017866442706359465 4.3111324911592884e-05
592 144 0 0.00020165132287597697 4.7932991325314007e-05
600 144 0 0.00022720909374206757 5.3199675780301865e-05
608 144 0 0.00025556150974116038 5.8938633928865101e-05
616 144 0 0.00028694156107827285 6.5176743835509315e-05
624 144 0 0.00032159010386615284 7.1940137050688715e-05
632 144 0 0.00035975414840242013 7.9253787793495255e-05
640 144 0 0.00040168474916484412 8.7141062336853884e-05
648 144 0 0.00044763445116777635 9.5623231693477639e-05
656 144 0 0.0004978542417890901 0.00010471895145429551
664 144 0 0.00055258995121008252 0.00011444371302657213
672 144 0 0.00061207803921532386 0.00012480927049676998
680 144 0 0.000676540702827293 0.00013582304691661944
688 144 0 0.0007461802402003848 0.00014748752308720351
696 144 0 0.00082117261393024801 0.00015979961110737626
704 144 0 0.00090166017428190985 0.00017275001437421931
712 144 0 0.00098774353262263449 0.00018632257577068248
720 144 0 0.0010794726199805618 0.00020049361688771381
728 144 0 0.0011768370266996694 0.00021523127372927728
736 144 0 0.0012797557968504097 0.00023049483877775941
744 144 0 0.0013880669438203022 0.000246234125731974
752 144 0 0.0015015170576436027 0.00026238888161192724
760 144 0 0.0016197514840940173 0.00027888828090035997
768 144 0 0.0017423056620230152 0.00029565054727738699
776 144 0 0.0018685982985561956 0.00031258275928924199
784 144 0 0.0019979271298592128 0.00032958090567723015
792 144 0 0.002129468046062222 0.00034653026258342273
800 144 0 0.0022622783410372054 0.00036330616688317685
808 144 0 0.0023953047714282945 0.00037977525600725853
816 144 0 0.0025273969682578813 0.00039579723362483847
824 144 0 0.0026573265366509422 0.00041122720174612166
832 144 0 0.0027838119082510913 0.00042591857308318243
840 144 0 0.0029055486862760156 0.00043972654354253529
848 144 0 0.0030212448604999618 0.00045251206498738653
856 144 0 0.003129659889968012 0.00046414621516530519
864 144 0 0.0032296462806326162 0.00047451481790170089
872 144 0 0.0033201919518632017 0.00048352312576621648
880 144 0 0.0034004614191112379 0.00049110034312686976
888 144 0 0.0034698336473849606 0.00049720374344667259
896 144 0 0.0035279343748360935 0.00050182212407427242
904 144 0 0.0035746607843227664 0.00050497834712193461
912 144 0 0.0036101966213419054 0.00050673073776823056
920 144 0 0.0036350162172900944 0.0005071731516754132
928 144 0 0.0036498763650594517 0.00050643358000254006
936 144 0 0.0036557955865429686 0.00050467123116890254
944 144 0 0.0036540209964524414 0.00050207210924898757
952 144 0 0.0036459836643255718 0.00049884319478611964
960 144 0 0.0036332440623888956 0.00049520541931290718
968 144 0 0.0036174298151582223 0.00049138570407330356
976 144 0 0.0036001684932418748 0.00048760840061262732
984 144 0 0.003583018579921883 0.00048408652089980799
992 144 0 0.0035674019541680172 0.0004810131733562679
1000 144 0 0.0035545412580320268 0.0004785536258479382
1008 144 0 0.0035454053426554732 0.00047683839623413344
1016 144 0 0.003540665621536359 0.00047595772608943505
0 152 0 1.1916379126627451e-09 6.2130340137490628e-10
8 152 0 1.2534271664356604e-09 6.5108948360409772e-10
16 152 0 1.3799180509619967e-09 7.1194114287749421e-10
24 152 0 1.5770552275531422e-09 8.0646476228886814e-10
32 152 0 1.8540591871663249e-09 9.38689662884162e-10
40 152 0 2.2238009555177397e-09 1.1142153477156411e-09
48 152 0 2.7033193919158277e-09 1.3404137787836928e-09
56 152 0 3.3144966084365886e-09 1.626691861988471e-09
64 152 0 4.0849113687573789e-09 1.9848206982777066e-09
72 152 0 5.0488949583909233e-09 2.4293395974679212e-09
80 152 0 6.2488190118021125e-09 2.9780443521674815e-09
88 152 0 7.7366502028945757e-09 3.6525708393264628e-09
96 152 0 9.5758126276523805e-09 4.4790866625794818e-09
104 152 0 1.1843405218421601e-08 5.4891052774712108e-09
112 152 0 1.4632828734746174e-08 6.7204388649475061e-09
120 152 0 1.8056884908249733e-08 8.2183081531392192e-09
128 152 0 2.2251419344109514e-08 1.0036629459175466e-08
136 152 0 2.7379590003020552e-08 1.2239501468748833e-08
144 152 0 3.3636854750320061e-08 1.4902916742216059e-08
152 152 0 4.1256784847788958e-08 1.8116725697199897e-08
160 152 0 5.0517826694611685e-08 2.1986883946654268e-08
168 152 0 6.1751151928485409e-08 2.6638017453769922e-08
176 152 0 7.5349756498174789e-08 3.2216344085943979e-08
184 152 0 9.1778992795402717e-08 3.889299488120016e-08
192 152 0 1.1158874558731057e-07 4.6867783724421765e-08
200 152 0 1.3542749240155939e-07 5.6373480161900864e-08
208 152 0 1.6405852211099918e-07 6.7680646687970584e-08
216 152 0 1.9837862149492353e-07 8.1103108859868649e-08
224 152 0 2.3943957809697144e-07 9.7004133785342789e-08
232 152 0 2.8847288819380123e-07 1.1580339953708968e-07
240 152 0 3.4691810050494824e-07 1.3798484445583138e-07
248 152 0 4.1645526883187947e-07 1.6410549064100743e-07
256 152 0 4.9904202973280833e-07 1.9480533973218112e-07
264 152 0 5.9695586461788613e-07 2.3081844096721745e-07
272 152 0 7.1284214984683536e-07 2.7298523123113726e-07
280 152 0 8.4976864480348865e-07 3.2226624438397498e-07
288 152 0 1.0112871185887667e-06 3.7975728288412833e-07
296 152 0 1.2015028737782136e-06 4.4670613926082689e-07
304 152 0 1.4251529941095284e-06 5.2453094933624513e-07
312 152 0 1.6876942257444783e-06 6.1484025453905085e-07
320 152 0 1.9954015023673024e-06 7.1945484862210733e-07
328 152 0 2.3554782453482067e-06 8.4043148597939011e-07
336 152 0 2.7761797122352353e-06 9.8008853560985289e-07
344 152 0 3.2669508280155424e-06 1.1410336770266848e-06
352 152 0 3.8385801085701839e-06 1.3261937515421409e-06
360 152 0 4.5033714652425243e-06 1.5388469026383389e-06
368 152 0 5.2753358500260975e-06 1.782657159445237e-06
376 152 0 6.1704048453152876e-06 2.0617116331661407e-06
384 152 0 7.20666840027866e-06 2.3805605018729152e-06
392 152 0 8.4046389460490148e-06 2.7442599478744876e-06
400 152 0 9.7875440628466474e-06 3.1584181770857793e-06
408 152 0 1.138164970525875e-05 3.6292445853422803e-06
416 152 0 1.3216615703385229e-05 4.1636020377787984e-06
424 152 0 1.5325884840216881e-05 4.7690620919703843e-06
432 152 0 1.7747106259836103e-05 5.4539628243741908e-06
440 152 0 2.0522593294746151e-05 6.2274687170813829e-06
448 152 0 2.3699815027871742e-05 7.0996318358245469e-06
456 152 0 2.7331920042896357e-05 8.0814532913357034e-06
464 152 0 3.1478289882423044e-05 9.1849437370404861e-06
472 152 0 3.6205118738724192e-05 1.0423181429456065e-05
480 152 0 4.1586014848945381e-05 1.1810366174621742e-05
488 152 0 4.7702617945258045e-05 1.3361867311995141e-05
496 152 0 5.4645225896499182e-05 1.5094263748970772e-05
504 152 0 6.2513422335036425e-05 1.7025373951058982e-05
512 152 0 7.1416695547636368e-05 1.9174273705540752e-05
520 152 0 8.1475037179873548e-05 2.1561299396409404e-05
528 152 0 9.2819507329926543e-05 2.4208034440139552e-05
536 152 0 0.000105592750382787 2.7137276421698839e-05
544 152 0 0.00011994944348697238 3.0372982330835924e-05
552 152 0 0.00013605665696966572 3.3940189133073559e-05
560 152 0 0.00015409410332910872 3.7864906734825978e-05
568 152 0 0.00017425424887164415 4.2173980249792745e-05
576 152 0 0.00019674225972332661 4.6894918390771948e-05
584 152 0 0.00022177575197518753 5.2055684853993844e-05
592 152 0 0.00024958431420129098 5.7684449791805268e-05
600 152 0 0.00028040876952236944 6.3809298936897167e-05
608 152 0 0.00031450014367002548 7.0457898681897569e-05
616 152 0 0.00035211830491378216 7.7657116437075007e-05
624 152 0 0.00039353024091684155 8.5432596852557914e-05
632 152 0 0.00043900793619591538 9.3808295923176988e-05
640 152 0 0.000488825811501698 0.00010280597647586043
648 152 0 0.00054325768286125399 0.000112444669922277
656 152 0 0.00060257319324338561 0.00012274011028073136
664 152 0 0.00066703366423665465 0.00013370414718107766
672 152 0 0.00073688730971209384 0.00014534414475714729
680 152 0 0.00081236374974391244 0.00015766237296923398
688 152 0 0.00089366776328758831 0.0001706553970521272
696 152 0 0.00098097222503762426 0.00018431346963820893
704 152 0 0.0010744101886561292 0.00019861992896818268
712 152 0 0.001174066108393317 0.00021355060588694116
720 152 0 0.0012799662368682756 0.00022907324250946086
728 152 0 0.0013920683004289467 0.00024514692702096597
736 152 0 0.0015102506356281691 0.00026172155247073162
744 152 0 0.0016343010695522762 0.00027873731290276428
752 152 0 0.00176390593925553 0.00029612425777785097
760 152 0 0.0018986397649943772 0.00031380193511237561
768 152 0 0.0020379562093004022 0.00033167916447035583
776 152 0 0.0021811810578454376 0.00034965399191517988
784 152 0 0.002327508035536443 0.00036761388895047023
792 152 0 0.0024759983086456447 0.00038543626480907383
800 152 0 0.0026255845079203822 0.00040298936453259711
808 152 0 0.002775080027435553 0.00042013362253307289
816 152 0 0.0029231942018827198 0.00043672353141626036
824 152 0 0.0030685537383970639 0.00045261006790756368
832 152 0 0.0032097304813342737 0.00046764369153463143
840 152 0 0.0033452752298185509 0.00048167789784626675
848 152 0 0.0034737569254873484 0.00049457326780197796
856 152 0 0.0035938061051333172 0.00050620191081766517
864 152 0 0.0037041610985343171 0.00051645215381790344
872 152 0 0.0038037150776294181 0.00052523328610633432
880 152 0 0.0038915617622381077 0.00053248013379828939
888 152 0 0.0039670373908316332 0.000538157211808412
896 152 0 0.0040297564989103659 0.00054226218940209465
904 152 0 0.004079639131444701 0.00054482840980681242
912 152 0 0.004116927359110136 0.00054592622697728806
920 152 0 0.0041421893689655076 0.00054566296364628487
928 152 0 0.0041563099450619917 0.00054418135314992285
936 152 0 0.0041604668177118711 0.00054165640060066089
944 152 0 0.004156093105701429 0.00053829068283968613
952 152 0 0.0041448268591116914 0.00053430819615689438
960 152 0 0.0041284494817018028 0.0005299469501677239
968 152 0 0.0041088155192315259 0.00052545058928272787
976 152 0 0.0040877768938545021 0.00052105939383197998
984 152 0 0.004067105100821691 0.0005170010656622365
992 152 0 0.0040484151275242851 0.00051348173353047127
1000 152 0 0.004033094883879965 0.00051067761893520969
1008 152 0 0.0040222437388896066 0.00050872778193226248
1016 152 0 0.004016623347625794 0.00050772831959833547
0 160 0 1.8129413140376514e-09 9.3164774242515629e-10
8 160 0 1.9045166500397581e-09 9.7508036352100994e-10
16 160 0 2.0918591938394909e-09 1.0637517288089966e-09
24 160 0 2.3835199898420104e-09 1.2013386572586959e-09
32 160 0 2.7927488500504869e-09 1.3935194441028042e-09
40 160 0 3.3380163032333809e-09 1.6481741319815634e-09
48 160 0 4.0437331706995205e-09 1.9756592305865727e-09
56 160 0 4.9411884704250596e-09 2.3891635550180208e-09
64 160 0 6.0697320670350855e-09 2.9051536131793772e-09
72 160 0 7.4782345558588445e-09 3.5439187878868473e-09
80 160 0 9.2268633639695941e-09 4.330228435304328e-09
88 160 0 1.1389221042221038e-08 5.2941149612467136e-09
96 160 0 1.4054899290231862e-08 6.4717989432918477e-09
104 160 0 1.7332510495892812e-08 7.9067744427555929e-09
112 160 0 2.135326759969368e-08 9.6510748030457308e-09
120 160 0 2.6275193061388952e-08 1.1766741473129426e-08
128 160 0 3.2288048803284979e-08 1.4327520750984553e-08
136 160 0 3.9619091471769384e-08 1.7420815850917293e-08
144 160 0 4.8539771492536119e-08 2.1149924417628645e-08
152 160 0 5.9373510544988855e-08 2.5636594615852049e-08
160 160 0 7.2504710641265953e-08 3.1023936312798011e-08
168 160 0 8.8389169382255331e-08 3.7479727750340607e-08
176 160 0 1.0756610058411877e-07 4.5200162586439714e-08
184 160 0 1.3067198767660288e-07 5.4414087368896823e-08
192 160 0 1.5845652931173233e-07 6.5387785452340969e-08
200 160 0 1.9180097256346026e-07 7.8430370083674666e-08
208 160 0 2.3173916879896977e-07 9.3899856776315061e-08
216 160 0 2.7948173035479218e-07 1.1220999297072649e-07
224 160 0 3.3644371188231423e-07 1.3383793100903249e-07
232 160 0 4.0427628773089091e-07 1.5933283817196517e-07
240 160 0 4.8490294496077962e-07 1.89325544355529e-07
248 160 0 5.8056075947288691e-07 2.2453933324170539e-07
256 160 0 6.9384736946498945e-07 2.6580198586766335e-07
264 160 0 8.2777430558510358e-07 3.1405918572288741e-07
272 160 0 9.8582738107797262e-07 3.7038939148980086e-07
280 160 0 1.1720348891874636e-06 4.3602027717711597e-07
288 160 0 1.391044401472895e-06 5.12346829967378e-07
296 160 0 1.6482090130390405e-06 6.0095118437962238e-07
304 160 0 1.9496839434457736e-06 7.0362425859968285e-07
312 160 0 2.3025344802835291e-06 8.2238924675642002e-07
320 160 0 2.7148563509894098e-06 9.5952701151001519e-07
328 160 0 3.1959097313275968e-06 1.1176034165916015e-06
336 160 0 3.7562682478450882e-06 1.2994986406087047e-06
344 160 0 4.4079845050422271e-06 1.5084385225138428e-06
352 160 0 5.1647738601123247e-06 1.7480280054924987e-06
360 160 0 6.0422183678808632e-06 2.0222867680089434e-06
368 160 0 7.0579930094713344e-06 2.3356871549118938e-06
376 160 0 8.2321164784814283e-06 2.6931945425323668e-06
384 160 0 9.5872289021515752e-06 3.1003102825907559e-06
392 160 0 1.1148898893923502e-05 3.5631173622257977e-06
400 160 0 1.2945962239932427e-05 4.0883288828548441e-06
408 160 0 1.501089429060103e-05 4.6833393907223951e-06
416 160 0 1.7380217741164027e-05 5.3562789804816478e-06
424 160 0 2.0094946932187266e-05 6.1160699365076082e-06
432 160 0 2.3201069084210293e-05 6.9724854753570588e-06
440 160 0 2.6750062011827534e-05 7.9362099119899134e-06
448 160 0 3.0799446863696289e-05 9.0188993019154479e-06
456 160 0 3.541337333423206e-05 1.0233241325350879e-05
464 160 0 4.066323361946353e-05 1.159301289467555e-05
472 160 0 4.6628300168180257e-05 1.3113133700726117e-05
480 160 0 5.3396381023567124e-05 1.480971368307256e-05
488 160 0 6.1064485257253186e-05 1.6700092226535165e-05
496 160 0 6.9739489645469953e-05 1.8802866756681823e-05
504 160 0 7.9538796286095407e-05 2.1137908328873865e-05
512 160 0 9.059096925317712e-05 2.3726361768434961e-05
520 160 0 0.00010303633657628295 2.6590627906609805e-05
528 160 0 0.0001170275417700661 2.9754325446991771e-05
536 160 0 0.00013273002680448583 3.3242229969172643e-05
544 160 0 0.0001503224258178083 3.7080187515296982e-05
552 160 0 0.00016999684610273928 4.1295000107057406e-05
560 160 0 0.00019195901006393469 4.5914280417600959e-05
568 160 0 0.00021642822912143689 5.0966272706054624e-05
576 160 0 0.00024363717811409856 5.6479637062148761e-05
584 160 0 0.00027383143682918138 6.2483194070360915e-05
592 160 0 0.00030726876399309624 6.900562726039458e-05
600 160 0 0.00034421806845926661 7.6075141233430325e-05
608 160 0 0.00038495804235192304 8.3719074193921192e-05
616 160 0 0.00042977542135085717 9.1963464795714856e-05
624 160 0 0.00047896283776939947 0.00010083257470595771
632 160 0 0.00053281623211909237 0.00011034837002559092
640 160 0 0.00059163178797755843 0.00012052996655358107
648 160 0 0.00065570235278353099 0.00013139304567116124
656 160 0 0.00072531330352411697 0.00014294924915360125
664 160 0 0.00080073781141773231 0.00015520556229270161
672 160 0 0.00088223145446924113 0.00016816369517083803
680 160 0 0.00097002612271314642 0.00018181947167655085
688 160 0 0.0010643231603397155 0.00019616223490859382
696 160 0 0.0011652856946758332 0.00021117427612789806
704 160 0 0.0012730301176243118 0.00022683029267442085
712 160 0 0.0013876167142802581 0.00024309687868896593
720 160 0 0.0015090394793777365 0.00025993205158537187
728 160 0 0.0016372152274499127 0.00027728481756115943
736 160 0 0.0017719721880989007 0.00029509478152886385
744 160 0 0.0019130383824550404 0.00031329181107760118
752 160 0 0.002060030197033381 0.00033179577058900424
760 160 0 0.0022124417001067528 0.00035051635027693847
768 160 0 0.002369635373770758 0.0003693530251688156
776 160 0 0.0025308350497606174 0.00038819518997831697
784 160 0 0.0026951219244869132 0.00040692252614988591
792 160 0 0.0028614345734547185 0.00042540566551300214
800 160 0 0.0030285738724529793 0.00044350721924439358
808 160 0 0.0031952136499686259 0.00046108323949730062
816 160 0 0.0033599177332989802 0.0004779851726473567
824 160 0 0.0035211638063046276 0.00049406234659880128
832 160 0 0.0036773741728689051 0.00050916500961157478
840 160 0 0.0038269531276648176 0.00052314790507230124
848 160 0 0.0039683301932893263 0.00053587432685730466
856 160 0 0.0041000080159509823 0.00054722055564144015
864 160 0 0.0042206132523522205 0.00055708053072464972
872 160 0 0.0043289483637357525 0.0005653705683325537
880 160 0 0.0044240418960363971 0.00057203389990749011
888 160 0 0.0045051946026400452 0.00057704477665933718
896 160 0 0.0045720186883124606 0.00058041187324471121
904 160 0 0.0046244675412515134 0.0005821807267981623
912 160 0 0.004662853586087424 0.00058243496947319156
920 160 0 0.0046878523326117924 0.00058129615364007313
928 160 0 0.0047004912982119146 0.0005789220278944367
936 160 0 0.004702123218312532 0.00057550319647640697
944 160 0 0.0046943837885411151 0.00057125818056795886
952 160 0 0.0046791350552685858 0.00056642699201192321
960 160 0 0.0046583964318695267 0.00056126342222570253
968 160 0 0.0046342661085142537 0.00055602633502356731
976 160 0 0.0046088362876864821 0.00055097032537927779
984 160 0 0.0045841061664839275 0.00054633616114695659
992 160 0 0.0045618968610547563 0.00054234145679831879
1000 160 0 0.0045437725028151747 0.00053917203421562088
1008 160 0 0.0045309715208218691 0.0005369744041708183
1016 160 0 0.0045243516672241295 0.00053584975392457612
0 168 0 2.7445890564628077e-09 1.389863337852111e-09
8 168 0 2.8795970135607681e-09 1.4528478661555414e-09
16 168 0 3.1556109226484876e-09 1.5813504308050566e-09
24 168 0 3.5848586471007063e-09 1.7805253813824437e-09
32 168 0 4.1862682941532911e-09 2.058324671373937e-09
40 168 0 4.9861904352149442e-09 2.4257682534711239e-09
48 168 0 6.0193924012860932e-09 2.8973144463365746e-09
56 168 0 7.3303520254430804e-09 3.4913387823025759e-09
64 168 0 8.9748856802144627e-09 4.2307320610626967e-09
72 168 0 1.1022153343745692e-08 5.1436305996593399e-09
80 168 0 1.3557091799273922e-08 6.2642939854758782e-09
88 168 0 1.6683336003467752e-08 7.6341480047481606e-09
96 168 0 2.052669823352371e-08 9.3030128303147217e-09
104 168 0 2.5239284938648404e-08 1.1330539004745495e-08
112 168 0 3.1004342402739411e-08 1.3787876247556931e-08
120 168 0 3.8041934534518377e-08 1.6759602654470573e-08
128 168 0 4.6615569554269532e-08 2.0345944462208711e-08
136 168 0 5.7039907322686677e-08 2.466531926265318e-08
144 168 0 6.9689695910164764e-08 2.9857238427970057e-08
152 168 0 8.5010105160840905e-08 3.6085607643598781e-08
160 168 0 1.0352864695406396e-07 4.3542467956004034e-08
168 168 0 1.2586889713259594e-07 5.2452223765461385e-08
176 168 0 1.5276626317055848e-07 6.3076408878476901e-08
184 168 0 1.850860750454997e-07 7.5719047215829027e-08
192 168 0 2.238443147640733e-07 9.0732671146910976e-08
200 168 0 2.7023134264713492e-07 1.0852506771070213e-07
208 168 0 3.2563902557528483e-07 1.2956683109718788e-07
216 168 0 3.9169172332551866e-07 1.5439980846038077e-07
224 168 0 4.7028164289134672e-07 1.8364653499845275e-07
232 168 0 5.6360912590285608e-07 2.1802076266340891e-07
240 168 0 6.7422848931630862e-07 2.5833919407364783e-07
248 168 0 8.051000927145923e-07 3.0553453829050192e-07
256 168 0 9.596493553326528e-07 3.6067000713027318e-07
264 168 0 1.141833491307991e-06 4.2495536873180517e-07
272 168 0 1.3562167725677735e-06 4.997646685167475e-07
280 168 0 1.6080551663645796e-06 5.8665571617065184e-07
288 168 0 1.903391231440273e-06 6.8739142107015453e-07
296 168 0 2.2491601974186629e-06 8.0396303856184862e-07
304 168 0 2.6533082020454564e-06 9.3861536723445507e-07
312 168 0 3.1249237270399492e-06 1.0938739150396972e-06
320 168 0 3.6743833624994249e-06 1.272574032513704e-06
328 168 0 4.3135131479191983e-06 1.4778919973151508e-06
336 168 0 5.0557668884537929e-06 1.7133780284688047e-06
344 168 0 5.9164230275560699e-06 1.9829912129509167e-06
352 168 0 6.9128018656048235e-06 2.2911363421002361e-06
360 168 0 8.0645051358898066e-06 2.6427026794341444e-06
368 168 0 9.3936801643832282e-06 3.0431047111510636e-06
376 168 0 1.0925311021013795e-05 3.4983249598019746e-06
384 168 0 1.2687539184742331e-05 4.0149589618754121e-06
392 168 0 1.47120162561493e-05 4.6002625111137107e-06
400 168 0 1.7034291122787271e-05 5.2622012401229829e-06
408 168 0 1.9694233681323425e-05 6.0095025425062859e-06
416 168 0 2.2736496721645675e-05 6.8517097175083642e-06
424 168 0 2.6211016868694874e-05 7.7992380436988452e-06
432 168 0 3.0173554559567352e-05 8.8634322571907274e-06
440 168 0 3.4686271923817447e-05 1.0056624628921164e-05
448 168 0 3.9818346165611737e-05 1.1392192516571927e-05
456 168 0 4.5646614659582939e-05 1.2884613927550745e-05
464 168 0 5.2256246514139081e-05 1.4549519292201063e-05
472 168 0 5.9741433868906374e-05 1.6403737335106517e-05
480 168 0 6.8206094706639683e-05 1.8465332669930144e-05
488 168 0 7.7764577483788351e-05 2.0753632548052033e-05
496 168 0 8.8542356402151776e-05 2.3289240074005624e-05
504 168 0 0.00010067670461496927 2.609403116192349e-05
512 168 0 0.00011431733102161208 2.9191132536380836e-05
520 168 0 0.00012962696448289276 3.2604878157477767e-05
528 168 0 0.00014678186721705787 3.6360741545882788e-05
536 168 0 0.00016597225677365848 4.0485241568826807e-05
544 168 0 0.00018740261333310528 4.5005819297095533e-05
552 168 0 0.00021129184620979669 4.9950683541851804e-05
560 168 0 0.00023787329048153565 5.5348622632902443e-05
568 168 0 0.00026739450182749152 6.1228779934066418e-05
576 168 0 0.00030011681517624732 6.7620390558377583e-05
584 168 0 0.00033631463089954229 7.4552476819374756e-05
592 168 0 0.00037627439125349082 8.2053500222000603e-05
600 168 0 0.00042029320969269693 9.0150968346266287e-05
608 168 0 0.00046867711654584424 9.8870995882971338e-05
616 168 0 0.00052173888614657203 0.00010823782038513077
624 168 0 0.00057979541247535718 0.00011827327499452337
632 168 0 0.00064316460214468329 0.00012899622242228104
640 168 0 0.0007121617545311395 0.00014042195667295153
648 168 0 0.00078709539845469223 0.00015256158121049581
656 168 0 0.00086826255267771822 0.0001654213742377067
664 168 0 0.00095594337371043391 0.00017900215324925361
672 168 0 0.0010503951496400792 0.00019329865179907734
680 168 0 0.0011518455943896973 0.00020829892133861086
688 168 0 0.0012604853952483093 0.00022398376998583147
696 168 0 0.0013764599708037313 0.00024032624827232817
704 168 0 0.0014998604102987327 0.00025729118954403258
712 168 0 0.0016307135929692241 0.00027483481017682564
720 168 0 0.0017689715309631084 0.00029290437265618897
728 168 0 0.0019145000450110721 0.0003114379134774429
736 168 0 0.0020670669696277646 0.00033036403835849616
744 168 0 0.0022263301935326416 0.00034960178992113214
752 168 0 0.0023918259676223852 0.00036906059807846137
760 168 0 0.0025629580503836913 0.00038864033084388006
768 168 0 0.0027389883989395736 0.00040823147274622346
776 168 0 0.0029190302397389344 0.00042771546867185345
784 168 0 0.0031020444506367991 0.00044696528152649495
792 168 0 0.0032868402389677207 0.00046584622105194911
800 168 0 0.0034720810916973729 0.0004842171066730145
808 168 0 0.0036562968894659265 0.00050193182758833917
816 168 0 0.0038379029059463369 0.00051884135684344794
824 168 0 0.0040152261529034288 0.00053479626163850484
832 168 0 0.0041865391824804799 0.00054964972906604466
840 168 0 0.0043501010327371189 0.0005632610950920252
848 168 0 0.004504204520146631 0.00057549982605784467
856 168 0 0.0046472285715924225 0.00058624985840610103
864 168 0 0.0047776937830768702 0.00059541415670066357
872 168 0 0.0048943189320683061 0.00060291930599294576
880 168 0 0.0049960757959438872 0.00060871991626210414
888 168 0 0.0050822393792993824 0.00061280258817491585
896 168 0 0.0051524305615571718 0.00061518917459043101
904 168 0 0.0052066482680496757 0.00061593907417175926
912 168 0 0.0052452885555606156 0.00061515031417365765
920 168 0 0.0052691484862518656 0.00061295921958838106
928 168 0 0.0052794133261063513 0.00060953852444074579
936 168 0 0.005277626414788939 0.00060509385561529315
944 168 0 0.005265641969109074 0.00059985860616112042
952 168 0 0.005245562047280509 0.0005940873082787854
960 168 0 0.0052196598540952292 0.0005880477099763871
968 168 0 0.0051902924435378211 0.00058201184707995426
976 168 0 0.0051598066130657599 0.00057624647737087534
984 168 0 0.005130442327630884 0.00057100330018921772
992 168 0 0.0051042383178530751 0.00056650941808807174
1000 168 0 0.0050829445370307955 0.00056295850378421976
1008 168 0 0.0050679459249926874 0.00056050311429333127
1016 168 0 0.0050602014211487056 0.00055924854532754444
0 176 0 4.1344523943149186e-09 2.0627892037655981e-09
8 176 0 4.3324448797163095e-09 2.1536248067397387e-09
16 176 0 4.7369613534535442e-09 2.338827336212273e-09
24 176 0 5.36538402848315e-09 2.6255766738122308e-09
32 176 0 6.2445929655272281e-09 3.0249383860601215e-09
40 176 0 7.4119586886860681e-09 3.5522260702213667e-09
48 176 0 8.9167068476226678e-09 4.2274969374075839e-09
56 176 0 1.0821690807745656e-08 5.0761913727133796e-09
64 176 0 1.3205617741277159e-08 6.1299299688718851e-09
72 176 0 1.6165783943405032e-08 7.4274843221055497e-09
80 176 0 1.98213857847498e-08 9.0159407019033281e-09
88 176 0 2.4317484008215913e-08 1.095207855066672e-08
96 176 0 2.9829711063838432e-08 1.3303988620762112e-08
104 176 0 3.6569823943393899e-08 1.6152958400036395e-08
112 176 0 4.4792218650296342e-08 1.9595655299226794e-08
120 176 0 5.480153718898895e-08 2.3746640871097403e-08
128 176 0 6.6961514016478243e-08 2.8741252112390347e-08
136 176 0 8.1705226585339857e-08 3.4738888700522858e-08
144 176 0 9.9546934338134821e-08 4.1926747903963869e-08
152 176 0 1.2109571280443969e-07 5.0524051982545523e-08
160 176 0 1.47071114910068e-07 6.0786816304828173e-08
168 176 0 1.7832112089805732e-07 7.3013210330916861e-08
176 176 0 2.1584267204903538e-07 8.7549568236902973e-08
184 176 0 2.6080512226132873e-07 1.0479711148141646e-07
192 176 0 3.1457698591098428e-07 1.2521945218312199e-07
200 176 0 3.7875641035783705e-07 1.4935095384917876e-07
208 176 0 4.5520585667247271e-07 1.7780603468652935e-07
216 176 0 5.4609153178589944e-07 2.1128950816530869e-07
224 176 0 6.5392817788979947e-07 2.5060806517621918e-07
232 176 0 7.8162988856626499e-07 2.966830112628492e-07
240 176 0 9.3256768338995645e-07 3.5056437999771676e-07
248 176 0 1.1106346310050942e-06 4.134465483910044e-07
256 176 0 1.320319362462926e-06 4.8668548095716966e-07
264 176 0 1.5667888600397962e-06 5.7181772445043126e-07
272 176 0 1.855981441084521e-06 6.7058126428942437e-07
280 176 0 2.1947108825352315e-06 7.8493833575670846e-07
288 176 0 2.5907826525104276e-06 9.1710025828763498e-07
296 176 0 3.0531232359805115e-06 1.0695543305171522e-06
304 176 0 3.5919235692799115e-06 1.2450927891499068e-06
312 176 0 4.2187976420796464e-06 1.4468437990117479e-06
320 176 0 4.946957395013129e-06 1.678304408442587e-06
328 176 0 5.7914051452343491e-06 1.9433753775208158e-06
336 176 0 6.7691449169225976e-06 2.2463977703656247e-06
344 176 0 7.8994142405069866e-06 2.5921912000454846e-06
352 176 0 9.2039382077050595e-06 2.9860936269827569e-06
360 176 0 1.0707207815323951e-05 3.434002638449307e-06
368 176 0 1.2436784875534292e-05 3.9424181741767764e-06
376 176 0 1.442363598081577e-05 4.5184867044159813e-06
384 176 0 1.6702498146617743e-05 5.1700469019778388e-06
392 176 0 1.9312278767263011e-05 5.9056768662703541e-06
400 176 0 2.2296492362910254e-05 6.7347429409853776e-06
408 176 0 2.5703736223829711e-05 7.6674501038074221e-06
416 176 0 2.9588206439154039e-05 8.7148937842294296e-06
424 176 0 3.4010254912393719e-05 9.8891127762842487e-06
432 176 0 3.903698681675808e-05 1.1203142654820846e-05
440 176 0 4.4742896552738611e-05 1.2671068782539724e-05
448 176 0 5.1210538682183664e-05 1.4308077624309296e-05
456 176 0 5.8531228587133684e-05 1.6130504687180505e-05
464 176 0 6.6805765806340144e-05 1.8155877007178324e-05
472 176 0 7.6145171204012891e-05 2.0402947739013623e-05
480 176 0 8.6671427376569827e-05 2.289172010358632e-05
488 176 0 9.8518210031840384e-05 2.5643457737019727e-05
496 176 0 0.0001118315964761574 2.8680678381311415e-05
504 176 0 0.00012677073577689276 3.2027127865211132e-05
512 176 0 0.00014350846355799292 3.5707731434744263e-05
520 176 0 0.00016223184264037052 3.9748519681747437e-05
528 176 0 0.00018314260876294065 4.4176526550412937e-05
536 176 0 0.00020645749834248528 4.9019657135034348e-05
544 176 0 0.00023240843263020082 5.4306523177893184e-05
552 176 0 0.00026124252975164849 6.0066244306750344e-05
560 176 0 0.0002932219131144381 6.6328213108959508e-05
568 176 0 0.00032862328176155793 7.3121822143244644e-05
576 176 0 0.0003677372057346249 8.0476150990751484e-05
584 176 0 0.00041086710771891705 8.8419611523318862e-05
592 176 0 0.00045832789147549143 9.6979549819929786e-05
600 176 0 0.00051044417803896322 0.00010618180370128977
608 176 0 0.00056754811242881557 0.00011605021577659974
616 176 0 0.0006299767065317028 0.00012660610327394595
624 176 0 0.00069806868746988054 0.00013786768777214063
632 176 0 0.00077216082456696433 0.00014984949021416545
640 176 0 0.00085258371120409103 0.00016256169912908641
648 176 0 0.00093965697966518803 0.00017600952261288675
656 176 0 0.0010336839269154249 0.00019019253705067612
664 176 0 0.0011349455269596875 0.00020510404750347273
672 176 0 0.0012436938014391565 0.00022073047584181076
680 176 0 0.0013601445157283081 0.00023705079285425874
688 176 0 0.0014844691652341408 0.00025403600956832098
696 176 0 0.0016167862190760594 0.00027164874092344997
704 176 0 0.0017571515998427653 0.00028984285194128879
712 176 0 0.0019055484031460497 0.00030856319304402194
720 176 0 0.0020618759036192973 0.00032774542773969821
728 176 0 0.002225937958488515 0.00034731595319670901
736 176 0 0.0023974310079862607 0.00036719191297136583
744 176 0 0.0025759319834537738 0.00038728130196079682
752 176 0 0.0027608865657008466 0.00040748316696759658
760 176 0 0.0029515983812275714 0.00042768791222188131
768 176 0 0.003147219871685797 0.00044777772755912829
776 176 0 0.0033467457084107879 0.0004676271670041982
784 176 0 0.0035490097321632941 0.00048710391612364484
792 176 0 0.0037526864600196698 0.00050606979615459326
800 176 0 0.0039562981983703874 0.00052438205980876677
808 176 0 0.0041582287170542657 0.00054189503590758824
816 176 0 0.0043567442627897848 0.00055846217588399923
824 176 0 0.0045500224145419337 0.00057393854331819292
832 176 0 0.0047361889115465246 0.00058818376729196601
840 176 0 0.0049133621278291441 0.00060106545148929866
848 176 0 0.0050797043462044757 0.00061246299461185667
856 176 0 0.0052334784299985235 0.00062227173576838522
864 176 0 0.0053731079397775338 0.00063040729390499532
872 176 0 0.0054972382380612519 0.00063680992668364942
880 176 0 0.0056047957122059913 0.00064144869558085179
888 176 0 0.0056950419674742982 0.00064432519458648869
896 176 0 0.0057676197361476028 0.00064547658367723054
904 176 0 0.0058225873422214349 0.00064497766847939567
912 176 0 0.0058604388697342732 0.00064294178641617714
920 176 0 0.0058821077058402466 0.00063952029797401024
928 176 0 0.0058889518505470971 0.00063490053877391078
936 176 0 0.0058827202704042321 0.00062930216151171805
944 176 0 0.0058655005752701944 0.00062297188260471668
952 176 0 0.0058396493555592944 0.00061617674130430306
960 176 0 0.0058077075640716163 0.00060919607290772695
968 176 0 0.0057723042906177753 0.00060231248584654857
976 176 0 0.0057360530904366352 0.0005958022082129923
984 176 0 0.0057014456278201018 0.00058992522666918498
992 176 0 0.0056707477359411469 0.00058491567473956552
1000 176 0 0.0056459030408150153 0.00058097293482728147
1008 176 0 0.0056284490392860187 0.00057825389739813056
1016 176 0 0.00561944996647625 0.00057686677214705863
0 184 0 6.1972415980805167e-09 3.045717762865948e-09
8 184 0 6.4860696864560483e-09 3.1759958370442408e-09
16 184 0 7.0757886896658172e-09 3.4414426224341379e-09
24 184 0 7.9909607022953808e-09 3.8519955680757755e-09
32 184 0 9.2695313515873496e-09 4.4229546189594906e-09
40 184 0 1.0964184758907435e-08 5.1754640843813203e-09
48 184 0 1.3144203785030252e-08 6.1371707211177825e-09
56 184 0 1.5897882180459036e-08 7.3430714335622524e-09
64 184 0 1.9335547710149045e-08 8.8365673803960174e-09
72 184 0 2.3593268265510581e-08 1.0670744673648361e-08
80 184 0 2.8837326486653128e-08 1.2909905247360194e-08
88 184 0 3.5269562558882632e-08 1.5631374838393128e-08
96 184 0 4.3133699684600544e-08 1.8927618333568741e-08
104 184 0 5.2722782343430294e-08 2.2908695963726151e-08
112 184 0 6.4387873949523136e-08 2.7705096935914774e-08
120 184 0 7.8548178060086354e-08 3.3470990067757685e-08
128 184 0 9.570276612886859e-08 4.0387933819378115e-08
136 184 0 1.1644411528586271e-07 4.8669090834389663e-08
144 184 0 1.4147368224209869e-07 5.8563994770053295e-08
152 184 0 1.7161976478698521e-07 7.0363919936509754e-08
160 184 0 2.0785793121489617e-07 8.4407907250141062e-08
168 184 0 2.5133433122897418e-07 1.0108950346194049e-07
176 184 0 3.0339224028593836e-07 1.2086427480897875e-07
184 184 0 3.6560223374274518e-07 1.4425816142116278e-07
192 184 0 4.3979643809410626e-07 1.7187674522083809e-07
200 184 0 5.2810736420701581e-07 2.044155118020566e-07
208 184 0 6.3301189135900206e-07 2.4267119582001253e-07
216 184 0 7.5738103995120813e-07 2.8755430946478219e-07
224 184 0 9.0453624306601865e-07 3.4010296403418062e-07
232 184 0 1.0783128998291142e-06 4.0149810450684058e-07
240 184 0 1.2831320633876732e-06 4.7308028504768195e-07
248 184 0 1.5240811793960986e-06 5.5636811795634927e-07
256 184 0 1.8070048434200956e-06 6.5307852791896645e-07
264 184 0 2.1386065844902274e-06 7.651489357759087e-07
272 184 0 2.5265627053739454e-06 8.9476147986104247e-07
280 184 0 2.9796492182919399e-06 1.0443693573353626e-06
288 184 0 3.5078829107980625e-06 1.2167253327132192e-06
296 184 0 4.1226775664976637e-06 1.4149124169584516e-06
304 184 0 4.8370163584298183e-06 1.6423766703939356e-06
312 184 0 5.6656414410913943e-06 1.9029620298189831e-06
320 184 0 6.625261803455716e-06 2.2009470094026406e-06
328 184 0 7.7347805227551649e-06 2.5410830815929257e-06
336 184 0 9.0155426872882223e-06 2.9286345140185736e-06
344 184 0 1.0491605440552471e-05 3.3694194259724056e-06
352 184 0 1.2190031834687816e-05 3.8698518366210668e-06
360 184 0 1.4141210453773258e-05 4.4369845069169195e-06
368 184 0 1.6379203049711068e-05 5.0785524250246712e-06
376 184 0 1.8942122685231751e-05 5.8030168435024519e-06
384 184 0 2.1872545048595582e-05 6.6196098338582897e-06
392 184 0 2.5217955633533365e-05 7.5383793651334586e-06
400 184 0 2.9031235303895631e-05 8.570234920093267e-06
408 184 0 3.3371186327637133e-05 9.7269936171549929e-06
416 184 0 3.8303100223383468e-05 1.102142669196071e-05
424 184 0 4.3899367688677968e-05 1.2467305997753585e-05
432 184 0 5.0240129471578925e-05 1.4079449903941554e-05
440 184 0 5.7413965335278335e-05 1.5873767612382554e-05
448 184 0 6.551861630649296e-05 1.7867300486580493e-05
456 184 0 7.4661733274314189e-05 2.0078258526297788e-05
464 184 0 8.4961642813518467e-05 2.2526049654083709e-05
472 184 0 9.6548118943026514e-05 2.5231299051511354e-05
480 184 0 0.00010956314748015615 2.8215855433034467e-05
488 184 0 0.00012416166776886011 3.1502780911121152e-05
496 184 0 0.00014051227485746882 3.5116321014067861e-05
504 184 0 0.0001587978636421039 3.9081851478526278e-05
512 184 0 0.00017921619499273718 4.3425798644513897e-05
520 184 0 0.00020198036232211796 4.8175530604455547e-05
528 184 0 0.00022731913531335359 5.3359216655987803e-05
536 184 0 0.00025547715547751963 5.9005653026703996e-05
544 184 0 0.000286714955808094 6.5144053222223339e-05
552 184 0 0.00032130877405839883 7.1803801651151497e-05
560 184 0 0.0003595501262233976 7.9014169377186402e-05
568 184 0 0.00040174510390480258 8.6803990946444952e-05
576 184 0 0.00044821335672537638 9.5201301281092141e-05
584 184 0 0.00049928671924223591 0.00010423293170047534
592 184 0 0.00055530744129542121 0.00011392406434142916
600 184 0 0.00061662598174025299 0.0001242977447310534
608 184 0 0.00068359832820541532 0.00013537435314581148
616 184 0 0.00075658280980564875 0.00014717103677017651
624 184 0 0.00083593637524202117 0.00015970110659240791
632 184 0 0.00092201031478112978 0.0001729734054140065
640 184 0 0.0010151454103331774 0.00018699165618141569
648 184 0 0.0011156665022780748 0.00020175380285787853
656 184 0 0.001223876463966101 0.00021725135894288703
664 184 0 0.0013400495744631603 0.0002334687811660417
672 184 0 0.0014644242772809673 0.00025038288747202399
680 184 0 0.0015971953085825669 0.00026796233885930027
688 184 0 0.0017385051748024618 0.00028616720372679253
696 184 0 0.0018884349599995094 0.00030494862106764131
704 184 0 0.0020469944517840541 0.00032424857527345741
712 184 0 0.0022141115961900716 0.00034399979083769372
720 184 0 0.0023896213313589956 0.00036412575043689435
728 184 0 0.002573253911685224 0.00038454083544259407
736 184 0 0.0027646229209576266 0.00040515058466821831
744 184 0 0.0029632132854145706 0.00042585206584474546
752 184 0 0.0031683697326684431 0.00044653435554944552
760 184 0 0.0033792862934494527 0.00046707912740531852
768 184 0 0.0035949975992449253 0.00048736135525755554
776 184 0 0.0038143728754149861 0.00050725014718938297
784 184 0 0.0040361136482869389 0.00052660973665461745
792 184 0 0.0042587562561742631 0.00054530066723220035
800 184 0 0.0044806802581791542 0.00056318121577502312
808 184 0 0.004700123752961854 0.00058010910310343777
816 184 0 0.004915206438673784 0.00059594354002019592
824 184 0 0.0051239609578601266 0.00061054764775127657
832 184 0 0.0053243726788384906 0.00062379127496186779
840 184 0 0.0055144275793184427 0.00063555420805345639
848 184 0 0.0056921673408163323 0.00064572973824366352
856 184 0 0.0058557501657669087 0.00065422850969074509
864 184 0 0.0060035152336825291 0.0006609825303312512
872 184 0 0.0061340481647449013 0.00066594918463799748
880 184 0 0.0062462444077868431 0.00066911504920520205
888 184 0 0.0063393671620607869 0.00067049928215294572
896 184 0 0.0064130963198248334 0.00067015633983270526
904 184 0 0.0064675650107008306 0.00066817777259797588
912 184 0 0.0065033806561504504 0.00066469286784612888
920 184 0 0.0065216280038142569 0.00065986794415805357
928 184 0 0.0065238523893210078 0.00065390415461476312
936 184 0 0.0065120224319159502 0.00064703372806220773
944 184 0 0.0064884724578749111 0.00063951466045952896
952 184 0 0.0064558260968635975 0.00063162395935846462
960 184 0 0.0064169036369793432 0.00062364963690630243
968 184 0 0.0063746167764643239 0.00061588173389427476
976 184 0 0.0063318552986496275 0.00060860273264763242
984 184 0 0.0062913708544892867 0.00060207777389128039
992 184 0 0.0062556634106807124 0.00059654512712920601
1000 184 0 0.0062268759756422968 0.00059220737208199974
1008 184 0 0.0062067029366841492 0.00058922372872829976
1016 184 0 0.0061963167386233087 0.0005877039259254771
0 192 0 9.2429593609464648e-09 4.4736894037121214e-09
8 192 0 9.662065523500289e-09 4.6594987650318172e-09
16 192 0 1.0517231312099955e-08 5.0378468916055902e-09
24 192 0 1.1842956270371156e-08 5.6223990240314452e-09
32 192 0 1.369248597054684e-08 6.4341732396953459e-09
40 192 0 1.6139648843288755e-08 7.5021762892467562e-09
48 192 0 1.9281374506148034e-08 8.8642706703647535e-09
56 192 0 2.3240953614021288e-08 1.0568289464238895e-08
64 192 0 2.8172115090545062e-08 1.2673419566806865e-08
72 192 0 3.4264012939158943e-08 1.5251878017979039e-08
80 192 0 4.1747231734013322e-08 1.8390910141250189e-08
88 192 0 5.090093739727576e-08 2.2195142116563586e-08
96 192 0 6.2061318018169285e-08 2.6789324374651169e-08
104 192 0 7.5631478307156445e-08 3.23215057679081e-08
112 192 0 9.2092970885437911e-08 3.8966681786505086e-08
120 192 0 1.1201916812784404e-07 4.6930963102342329e-08
128 192 0 1.360906999482467e-07 5.6456313412086833e-08
136 192 0 1.6511320612025238e-07 6.7825907925125674e-08
144 192 0 2.0003767701215199e-07 8.1370165967456425e-08
152 192 0 2.4198368472349496e-07 9.7473513181233046e-08
160 192 0 2.9226583846503723e-07 1.1658193090205951e-07
168 192 0 3.5242383469091468e-07 1.3921135277828529e-07
176 192 0 4.2425651509491711e-07 1.659569719040945e-07
184 192 0 5.0986039516390796e-07 1.9750352604033517e-07
192 192 0 6.1167318331494435e-07 2.346366342299082e-07
200 192 0 7.3252287600907241e-07 2.7825526550289096e-07
208 192 0 8.7568308717901458e-07 3.2938542943048602e-07
216 192 0 1.0449353494159903e-06 3.8919518874117726e-07
224 192 0 1.2446392071001993e-06 4.5901110537460701e-07
232 192 0 1.4798110043359548e-06 5.4033624207332648e-07
240 192 0 1.7562123484353552e-06 6.3486985027323012e-07
248 192 0 2.0804492973524479e-06 7.4452887959392602e-07
256 192 0 2.4600833713390621e-06 8.7147144229941005e-07
264 192 0 2.9037555202661361e-06 1.0181223552808066e-06
272 192 0 3.4213241852349878e-06 1.1872008602410507e-06
280 192 0 4.0240185756273025e-06 1.3817505883057831e-06
288 192 0 4.7246082435112818e-06 1.6051717877598552e-06
296 192 0 5.5375899834561153e-06 1.8612557739539394e-06
304 192 0 6.4793930288237538e-06 2.1542214912829342e-06
312 192 0 7.5686034709103774e-06 2.4887540029521019e-06
320 192 0 8.8262088128583566e-06 2.8700446511165254e-06
328 192 0 1.0275863604348091e-05 3.303832565205197e-06
336 192 0 1.1944177201306796e-05 3.7964471475596531e-06
344 192 0 1.3861024866524877e-05 4.3548511400357565e-06
352 192 0 1.6059883671308883e-05 4.9866838781566251e-06
360 192 0 1.8578194960690177e-05 5.7003043727600923e-06
368 192 0 2.1457755474735739e-05 6.5048339204283312e-06
376 192 0 2.4745139528734203e-05 7.4101980256134701e-06
384 192 0 2.8492154882453872e-05 8.4271675060108717e-06
392 192 0 3.2756334998666824e-05 9.5673987300350921e-06
400 192 0 3.7601470223988898e-05 1.0843472979165495e-05
408 192 0 4.3098179944792126e-05 1.2268934914927571e-05
416 192 0 4.9324526915344179e-05 1.3858330038394429e-05
424 192 0 5.6366673686431553e-05 1.562724084236184e-05
432 192 0 6.4319579375520479e-05 1.7592321064331876e-05
440 192 0 7.3287732947660889e-05 1.9771327055190965e-05
448 192 0 8.3385916793073453e-05 2.2183144800515654e-05
456 192 0 9.4739991800611977e-05 2.4847810599103155e-05
464 192 0 0.00010748769246760218 2.7786522859109099e-05
472 192 0 0.00012177941799453787 3.1021641967087792e-05
480 192 0 0.00013777900291319061 3.457667477313082e-05
488 192 0 0.00015566444867998126 3.8476239965973811e-05
496 192 0 0.00017562859587153668 4.2746010523575745e-05
504 192 0 0.00019787971512063017 4.7412629537077998e-05
512 192 0 0.00022264199363725108 5.2503596015652111e-05
520 192 0 0.00025015589292657351 5.8047117757765922e-05
528 192 0 0.00028067835196934139 6.4071928968823921e-05
536 192 0 0.00031448280850422363 7.0607070947206535e-05
544 192 0 0.00035185900903031734 7.7681634775155091e-05
552 192 0 0.00039311257570955033 8.532446546947553e-05
560 192 0 0.00043856429560058401 9.3563827422755649e-05
568 192 0 0.00048854909485124753 0.00010242703118672604
576 192 0 0.00054341465800646852 0.00011194002174793574
584 192 0 0.00060351965094271125 0.0001221269285022103
592 192 0 0.00066923150563685037 0.00013300957727153799
600 192 0 0.00074092372647130639 0.00014460696507732906
608 192 0 0.0008189726813512268 0.00015693469914654433
616 192 0 0.00090375384657582526 0.00017000440291948778
624 192 0 0.00099563748183442908 0.00018382309373455295
632 192 0 0.0010949837201951363 0.00019839253938832993
640 192 0 0.0012021370665145931 0.00021370860380780731
648 192 0 0.0013174203051359533 0.00022976059541103089
656 192 0 0.0014411278229089881 0.0002465306350548774
664 192 0 0.001573518355629202 0.00026399306337707628
672 192 0 0.0017148071647529912 0.00028211390940520963
680 192 0 0.0018651576474418671 0.00030085044312573757
688 192 0 0.0020246723785292543 0.00032015083397269163
696 192 0 0.0021933835810671507 0.00033995393475990147
704 192 0 0.0023712430270575115 0.00036018920650616928
712 192 0 0.0025581113870277654 0.000380776794196415
720 192 0 0.0027537470817958899 0.00040162775733171936
728 192 0 0.0029577947471278181 0.00042264445289762632
736 192 0 0.0031697735056258449 0.00044372106299908837
744 192 0 0.003389065351259316 0.00046474425576427825
752 192 0 0.0036149040882178887 0.00048559396698460338
760 192 0 0.0038463654208547712 0.00050614429185797186
768 192 0 0.0040823589545024809 0.0005262644812814533
776 192 0 0.004321623022604369 0.00054582004507295907
784 192 0 0.0045627233849415564 0.00056467397445208924
792 192 0 0.0048040569234064634 0.00058268810675357174
800 192 0 0.0050438614739541773 0.00059972466496501474
808 192 0 0.0052802328560652917 0.00061564801132537195
816 192 0 0.0055111499786939799 0.00063032665593206003
824 192 0 0.0057345086056114032 0.00064363555636504435
832 192 0 0.0059481639538003584 0.00065545873152995319
840 192 0 0.0061499817873718991 0.00066569219177020807
848 192 0 0.0063378970790599959 0.00067424715823416123
856 192 0 0.0065099786754576538 0.00068105350894382723
864 192 0 0.0066644977640137803 0.00068606334941930837
872 192 0 0.0067999973493828988 0.00068925456534367144
880 192 0 0.0069153594569920452 0.00069063417749359955
888 192 0 0.0070098664442137327 0.00069024128917104938
896 192 0 0.0070832526596575386 0.00068814939768341559
904 192 0 0.0071357427832988065 0.00068446783751505494
912 192 0 0.0071680735239965793 0.00067934213623565415
920 192 0 0.0071814959479723104 0.00067295309612849363
928 192 0 0.007177756543935771 0.00066551446469012478
936 192 0 0.0071590561599781579 0.00065726912361528493
944 192 0 0.00712798711833444 0.00064848380511920139
952 192 0 0.0070874500562220621 0.00063944243156896161
960 192 0 0.0070405532738856457 0.0006304382634724293
968 192 0 0.0069904985103585986 0.00062176512540903627
976 192 0 0.00694045803129726 0.00061370805294131033
984 192 0 0.0068934486283805671 0.00060653375988876067
992 192 0 0.0068522085378099184 0.00060048135958568061
1000 192 0 0.0068190833477242965 0.00059575378238084249
1008 192 0 0.006795926665412449 0.00059251031299655584
1016 192 0 0.0067840206645487858 0.00059086062578639006
0 200 0 1.3716648764658586e-08 6.5369072344917684e-09
8 200 0 1.4321564288532106e-08 6.8004385881904571e-09
16 200 0 1.5555078203705545e-08 7.3367002712368293e-09
24 200 0 1.7465355294402601e-08 8.1643609296741487e-09
32 200 0 2.0126659210242186e-08 9.3121053352712028e-09
40 200 0 2.3641825132535511e-08 1.0819466719600145e-08
48 200 0 2.8145645176512788e-08 1.2737960128738372e-08
56 200 0 3.3809243078260183e-08 1.5132536917089651e-08
64 200 0 4.0845534657351927e-08 1.8083385404128754e-08
72 200 0 4.9515890957137982e-08 2.1688107519244279e-08
80 200 0 6.0138141875263511e-08 2.6064305913504224e-08
88 200 0 7.3096079513839346e-08 3.1352620466102049e-08
96 200 0 8.8850642392820454e-08 3.772025728681854e-08
104 200 0 1.0795298407506454e-07 4.5365057132249085e-08
112 200 0 1.31059652671943e-07 5.4520153526254675e-08
120 200 0 1.5895013123018637e-07 6.5459273724263927e-08
128 200 0 1.9254701336033354e-07 7.8502737930080316e-08
136 200 0 2.3293911404537805e-07 9.4024213850442149e-08
144 200 0 2.8140784297960841e-07 1.1245828481214372e-07
152 200 0 3.3945719790472801e-07 1.3430889041439058e-07
160 200 0 4.0884776936709674e-07 1.6015869929658707e-07
168 200 0 4.9163518746919996e-07 1.9067947442989771e-07
176 200 0 5.902134869990116e-07 2.2664349284494002e-07
184 200 0 7.0736392120424313e-07 2.6893608439698487e-07
192 200 0 8.4630981754485255e-07 3.1856935853784149e-07
200 200 0 1.0107781415119634e-06 3.7669719449015141e-07
208 200 0 1.2050685166095006e-06 4.4463157884839936e-07
216 200 0 1.4341305381571676e-06 5.2386038523260727e-07
224 200 0 1.7036503124748063e-06 6.1606670246297872e-07
232 200 0 2.0201472464092812e-06 7.2314982946891969e-07
240 200 0 2.3910821987085853e-06 8.472480648061619e-07
248 200 0 2.8249781769463739e-06 9.9076342363322604e-07
256 200 0 3.3315548136384721e-06 1.1563884122372611e-06
264 200 0 3.9218778755469427e-06 1.3471349764588471e-06
272 200 0 4.6085250454760386e-06 1.5663657126193006e-06
280 200 0 5.4057691639330856e-06 1.8178273854862845e-06
288 200 0 6.329780031271137e-06 2.1056867363687221e-06
296 200 0 7.3988457574100546e-06 2.4345684863448938e-06
304 200 0 8.633614520106688e-06 2.8095953478465573e-06
312 200 0 1.0057357473862479e-05 3.236429757716514e-06
320 200 0 1.1696253463974882e-05 3.7213169441261722e-06
328 200 0 1.3579696169553288e-05 4.2711288479229574e-06
336 200 0 1.5740624348866449e-05 4.893408346562346e-06
344 200 0 1.8215876006560633e-05 5.5964131858916684e-06
352 200 0 2.1046567549465508e-05 6.3891590198582174e-06
360 200 0 2.427849933345027e-05 7.2814609951626063e-06
368 200 0 2.7962589395164071e-05 8.2839733960647356e-06
376 200 0 3.2155337554347673e-05 9.4082269764310538e-06
384 200 0 3.6919322388464743e-05 1.0666663736918531e-05
392 200 0 4.2323733728701916e-05 1.2072669033259066e-05
400 200 0 4.8444943203154393e-05 1.3640600999837738e-05
408 200 0 5.5367114859719697e-05 1.5385817311223118e-05
416 200 0 6.3182856953738608e-05 1.7324699253900224e-05
424 200 0 7.1993914528793393e-05 1.9474672917244615e-05
432 200 0 8.1911900439852355e-05 2.185422702252808e-05
440 200 0 9.3059060002851854e-05 2.4482926491049977e-05
448 200 0 0.00010556906159358911 2.7381420323617587e-05
456 200 0 0.00011958780239971513 3.0571441757563326e-05
464 200 0 0.00013527421532671127 3.4075798034660654e-05
472 200 0 0.00015280105996162566 3.7918346516349995e-05
480 200 0 0.00017235567768632143 4.2123953390072784e-05
488 200 0 0.00019414068864595507 4.6718430887898802e-05
496 200 0 0.00021837460639511242 5.1728448839449348e-05
504 200 0 0.00024529234465770817 5.718141653746387e-05
512 200 0 0.00027514558965290319 6.3105331309820764e-05
520 200 0 0.00030820301068433943 6.9528590837815158e-05
528 200 0 0.00034475028093816531 7.6479767077259687e-05
536 200 0 0.00038508987945143016 8.3987340541762752e-05
544 200 0 0.00042954064380547243 9.2079394598438137e-05
552 200 0 0.00047843704117902586 0.0001007832702095493
560 200 0 0.00053212812302333966 0.00011012518215387671
568 200 0 0.00059097612603797357 0.00012012979814125118
576 200 0 0.00065535467975440427 0.00013081978240660685
584 200 0 0.00072564657944492155 0.0001422153054085575
592 200 0 0.00080224108290838836 0.0001543335212908436
600 200 0 0.00088553069154863545 0.00016718801496536724
608 200 0 0.00097590738049777113 0.00018078822123538405
616 200 0 0.001073758249495313 0.0001951388194770308
624 200 0 0.001179460575568982 0.00021023910916808611
632 200 0 0.0012933762595834662 0.00022608237404074354
640 200 0 0.0014158456703224004 0.00024265524577141455
648 200 0 0.0015471809005469842 0.00025993708170522485
656 200 0 0.0016876584579638655 0.00027789937481644163
664 200 0 0.0018375114190062782 0.00029650521749344347
672 200 0 0.0019969210741582009 0.00031570884331176075
680 200 0 0.0021660080905676047 0.00033545527222832508
688 200 0 0.0023448232125019459 0.00035568008417913299
696 200 0 0.0025333375158270522 0.00037630934363195581
704 200 0 0.0027314322335636808 0.00039725969319833691
712 200 0 0.0029388881812241804 0.0004184386281760248
720 200 0 0.0031553748391276093 0.00043974495638492844
728 200 0 0.0033804392000254444 0.0004610694396398711
736 200 0 0.0036134945686249332 0.0004822956056167592
744 200 0 0.0038538096070235943 0.00050330071273352317
752 200 0 0.004100498055202492 0.00052395684693694322
760 200 0 0.0043525097127127431 0.00054413212870075504
768 200 0 0.0046086234357839342 0.000563692011481539
776 200 0 0.0048674430676773281 0.00058250065925789102
784 200 0 0.0051273973593936456 0.0006004223999712564
792 200 0 0.0053867450301600351 0.0006173232625341276
800 200 0 0.005643586138919192 0.00063307261595410211
808 200 0 0.0058958808673906637 0.00064754493810902092
816 200 0 0.00614147663462604 0.00066062174676880577
824 200 0 0.0063781441619764475 0.00067219372471665016
832 200 0 0.0066036226853303116 0.00068216306282360261
840 200 0 0.0068156739791421072 0.00069044602889909747
848 200 0 0.0070121442372941571 0.00069697574617154281
856 200 0 0.007191032184401481 0.00070170513443566524
864 200 0 0.0073505611134330887 0.00070460993132465902
872 200 0 0.0074892519147265703 0.00070569167381112023
880 200 0 0.0076059936344856447 0.00070498048457123298
888 200 0 0.007700107733384782 0.00070253747827857867
896 200 0 0.0077714020573409542 0.00069845658320993268
904 200 0 0.0078202106208138614 0.00069286556727083184
912 200 0 0.0078474156602322334 0.00068592606734507559
920 200 0 0.0078544490441008041 0.00067783244818163911
928 200 0 0.0078432710086258958 0.00066880936182829066
936 200 0 0.0078163252835934428 0.0006591079392857975
944 200 0 0.0077764709234536414 0.00064900061940953695
952 200 0 0.0077268924877910237 0.00063944243156896161
960 200 0 0.007670991537358075 0.0006304382634724293
968 200 0 0.0076122636357676349 0.00062176512540903627
976 200 0 0.0075541660842385703 0.00061370805294131033
984 200 0 0.0074999823882693278 0.00060653375988876067
992 200 0 0.007452689897395599 0.00060048135958568061
1000 200 0 0.007414837130105139 0.00059575378238084249
1008 200 0 0.0073884369784090048 0.00059251031299655584
1016 200 0 0.0073748812903351758 0.00059086062578639006
0 208 0 2.0253555999150354e-08 9.5016216505976982e-09
8 208 0 2.1122002876722563e-08 9.8732871051773953e-09
16 208 0 2.2891778474942375e-08 1.0629109676430702e-08
24 208 0 2.562971622407675e-08 1.1794424758406258e-08
32 208 0 2.9438764545513389e-08 1.3408121744423636e-08
40 208 0 3.4461291852135656e-08 1.5523724712828616e-08
48 208 0 4.088360530525116e-08 1.8210861775910035e-08
56 208 0 4.8941779995349834e-08 2.1557147252370922e-08
64 208 0 5.8928920061480681e-08 2.5670506587365945e-08
72 208 0 7.1203998476382261e-08 3.0681979502693765e-08
80 208 0 8.6202447788767735e-08 3.6749042147336922e-08
88 208 0 1.0444869997994139e-07 4.4059493952803168e-08
96 208 0 1.2657089967963899e-07 5.2835959378065633e-08
104 208 0 1.5331804120731363e-07 6.334105863820286e-08
112 208 0 1.8557980619819767e-07 7.5883304722253622e-08
120 208 0 2.244094049544503e-07 9.0823786396169655e-08
128 208 0 2.7104975129041385e-07 1.0858369835742562e-07
136 208 0 3.269633278958202e-07 1.296527802122344e-07
144 208 0 3.9386612779175213e-07 1.545987255219947e-07
152 208 0 4.7376608831911859e-07 1.8407762096672753e-07
160 208 0 5.6900646866368381e-07 2.188454739966301e-07
168 208 0 6.8231466189909767e-07 2.5977088563991739e-07
176 208 0 8.1685697984395162e-07 3.0784892400002833e-07
184 208 0 9.76300005601228e-07 3.6421625410178025e-07
192 208 0 1.164879176082694e-06 4.3016758184474083e-07
200 208 0 1.3874753360021148e-06 5.0717347449871893e-07
208 208 0 1.6497000954579e-06 5.968996277728358e-07
216 208 0 1.9579909233897748e-06 7.0122765990376829e-07
224 208 0 2.319717014937785e-06 8.222775257113559e-07
232 208 0 2.7432970758782009e-06 9.6243165665267271e-07
240 208 0 3.2383302635147472e-06 1.1243609441951805e-06
248 208 0 3.8157416005796e-06 1.3110526901066035e-06
256 208 0 4.4879432258757332e-06 1.5258406446169368e-06
264 208 0 5.2690128520057898e-06 1.7724372375767511e-06
272 208 0 6.1748907580953392e-06 2.0549680745709593e-06
280 208 0 7.2235965494193701e-06 2.3780087160637848e-06
288 208 0 8.4354667676398591e-06 2.7466236811471431e-06
296 208 0 9.8334142437549484e-06 3.166407518649024e-06
304 208 0 1.1443209867953245e-05 3.6435276703621851e-06
312 208 0 1.3293787231578993e-05 4.184768720305353e-06
320 208 0 1.5417570408101054e-05 4.7975774897467658e-06
328 208 0 1.7850825017476245e-05 5.4901083124322179e-06
336 208 0 2.0634032695428795e-05 6.2712677219604097e-06
344 208 0 2.3812289192452302e-05 7.1507577175404494e-06
352 208 0 2.7435726569323726e-05 8.1391167575325748e-06
360 208 0 3.1559960328612876e-05 9.2477576701346822e-06
368 208 0 3.6246562791228806e-05 1.0489001768856099e-05
376 208 0 4.1563564530778727e-05 1.1876108610327945e-05
384 208 0 4.7585986125383275e-05 1.3423301017576442e-05
392 208 0 5.4396402761960982e-05 1.5145785187977867e-05
400 208 0 6.2085544202992131e-05 1.7059765878854166e-05
408 208 0 7.0752932170942815e-05 1.9182456777417967e-05
416 208 0 8.0507556207638832e-05 2.1532086177492629e-05
424 208 0 9.1468587446038007e-05 2.4127897970029045e-05
432 208 0 0.00010376612746238044 2.6990147685605713e-05
440 208 0 0.00011754198649390183 3.0140092898734054e-05
448 208 0 0.00013295048191720669 3.3599976730195111e-05
456 208 0 0.00015015924415727846 3.739300250149154e-05
464 208 0 0.00016935001336137193 4.1543296863008898e-05
472 208 0 0.00019071940647797566 4.6075858010111522e-05
480 208 0 0.00021447963107639422 5.1016485004404559e-05
488 208 0 0.00024085911953385388 5.639168381560685e-05
496 208 0 0.00027010305523456177 6.2228545565496264e-05
504 208 0 0.00030247376119517204 6.8554592637760123e-05
512 208 0 0.00033825092096272395 7.5397588830937673e-05
520 208 0 0.00037773160152215459 8.2785310550547017e-05
528 208 0 0.000421230048015425 9.0745277094791759e-05
536 208 0 0.00046907721999319291 9.9304439284977192e-05
544 208 0 0.00052162003840391057 0.00010848882690345533
552 208 0 0.00057922031138857516 0.00011832315650078297
560 208 0 0.00064225330517721636 0.00012883040200929177
568 208 0 0.00071110592417922476 0.00014003133118130784
576 208 0 0.00078617446216101112 0.00015194401114399804
584 208 0 0.00086786188485347905 0.00016458328638656035
592 208 0 0.00095657460419923195 0.00017796023239819152
600 208 0 0.0010527187065140027 0.00019208158814650695
608 208 0 0.0011566956017331552 0.00020694917085209278
616 208 0 0.0012688970689723438 0.00022255927730328905
624 208 0 0.0013896996847370681 0.00023890207745275345
632 208 0 0.0015194586336242097 0.00025596100834524428
640 208 0 0.001658500916093815 0.0002737121795222616
648 208 0 0.0018071179822522091 0.00029212380476230609
656 208 0 0.0019655578327803071 0.00031115567901931779
664 208 0 0.0021340166364997217 0.00033075872325310151
672 208 0 0.0023126299174699616 0.00035087462294781935
680 208 0 0.0025014633627959298 0.00037143558790450832
688 208 0 0.0027005032966810789 0.0003923642608438813
696 208 0 0.002909646859459008 0.00041357380008355885
704 208 0 0.0031286919267620177 0.00043496815690364761
712 208 0 0.0033573268094002052 0.00045644256131886773
720 208 0 0.0035951197955125377 0.00047788422128375915
728 208 0 0.0038415086396653155 0.00049917323062260164
736 208 0 0.0040957901742416924 0.00052018367119281532
744 208 0 0.0043571103197571175 0.00054078488609149867
752 208 0 0.0046244549021394353 0.00056084289422845233
760 208 0 0.0048966418414134981 0.00058022191327906578
768 208 0 0.0051723154472654732 0.00059878595853651677
776 208 0 0.0054499437269352191 0.00061640048968373672
784 208 0 0.005727819759364902 0.00063293408562850508
792 208 0 0.0060040682926941627 0.00064826013834141504
800 208 0 0.0062766587548732941 0.000662258568630128
808 208 0 0.0065434258054996846 0.00067481757810336322
816 208 0 0.0068020983813948457 0.00068583546015444762
824 208 0 0.0070503378866930977 0.00069522249661116853
832 208 0 0.0072857857481539142 0.00070290296406987172
840 208 0 0.0075061200080412047 0.00070881726376236139
848 208 0 0.0077091199834656999 0.00071292417081781495
856 208 0 0.0078927373188371463 0.00071520317365877766
864 208 0 0.0080551710447577477 0.0007156568436945468
872 208 0 0.0081949435885376905 0.0007143131420592197
880 208 0 0.0083109741190568777 0.00071122753723357711
888 208 0 0.0084026452116633607 0.00070648477878205475
896 208 0 0.0084698586405508869 0.0007002001519900037
904 208 0 0.0085130761880846933 0.00069286556727083184
912 208 0 0.008533341727577309 0.00068592606734507559
920 208 0 0.0085322814922824432 0.00067783244818163911
928 208 0 0.0085120803704541864 0.00066880936182829066
936 208 0 0.0084754332228792403 0.0006591079392857975
944 208 0 0.0084254715428631784 0.00064900061940953695
952 208 0 0.0083656671893588604 0.00063877470156783675
960 208 0 0.0082997163299229695 0.00062872479256489457
968 208 0 0.0082314080343915182 0.00061914439862388333
976 208 0 0.0081644830677159597 0.00061031698347738944
984 208 0 0.008102489256220145 0.00060250686795081717
992 208 0 0.0080486402773369842 0.00059595037994138525
1000 208 0 0.0080056848030121471 0.00059084767290700814
1008 208 0 0.0079757925925692669 0.00058735561416026205
1016 208 0 0.0079604633919779736 0.00058558210164279777
0 216 0 2.9755177649748053e-08 1.3738214826232633e-08
8 216 0 3.0995289981899958e-08 1.4259425599210981e-08
16 216 0 3.3520888151373076e-08 1.5318696470815298e-08
24 216 0 3.7424140982483008e-08 1.6950180168251376e-08
32 216 0 4.2846886289937025e-08 1.9206248283467239e-08
40 216 0 4.9985016564964271e-08 2.2158882680963809e-08
48 216 0 5.9094467081161194e-08 2.5901564522492117e-08
56 216 0 7.0498927247720756e-08 3.0551689497503311e-08
64 216 0 8.4599426648846626e-08 3.6253544495206446e-08
72 216 0 1.0188597797907603e-07 4.318188725182039e-08
80 216 0 1.2295148993610466e-07 5.154617636171828e-08
88 216 0 1.4850819393274456e-07 6.159550434100111e-08
96 216 0 1.7940685905770463e-07 7.3624291040785849e-08
104 216 0 2.1665909984551649e-07 8.7978798466187563e-08
112 216 0 2.6146311092045129e-07 1.0506453078994116e-07
120 216 0 3.1523319135061995e-07 1.2535458487973271e-07
128 216 0 3.7963344964783947e-07 1.4939901683231478e-07
136 216 0 4.566161081080546e-07 1.7783528873134785e-07
144 216 0 5.4846485331374683e-07 2.1139985712803582e-07
152 216 0 6.5784370928584612e-07 2.509409607404665e-07
160 216 0 7.8785194266031391e-07 2.9743265992405566e-07
168 216 0 9.4208554753901506e-07 3.5199017513940311e-07
176 216 0 1.12470590384398e-06 4.1588656670194138e-07
184 216 0 1.3405162597030083e-06 4.9057079447141211e-07
192 216 0 1.5950467579274349e-06 5.7768719483004583e-07
200 216 0 1.8946488105008337e-06 6.7909641422873754e-07
208 216 0 2.2465997232307358e-06 7.968978443929739e-07
216 216 0 2.6592185832935431e-06 9.3345361409982846e-07
224 216 0 3.1419945406491409e-06 1.0914142056225527e-06
232 216 0 3.7057287325308736e-06 1.2737457788617997e-06
240 216 0 4.3626912077099277e-06 1.4837593000803125e-06
248 216 0 5.1267942906862034e-06 1.7251415811168022e-06
256 216 0 6.01378387049267e-06 2.0019883340647217e-06
264 216 0 7.0414500895825409e-06 2.3188393301251414e-06
272 216 0 8.2298588326662985e-06 2.680715714107749e-06
280 216 0 9.6016052654831548e-06 3.0931594630475646e-06
288 216 0 1.1182090448787002e-05 3.5622748855122025e-06
296 216 0 1.2999821762403972e-05 4.094771936953322e-06
304 216 0 1.508673753831543e-05 4.6980109790058275e-06
312 216 0 1.7478555951884346e-05 5.3800484441972072e-06
320 216 0 2.021514789784782e-05 6.1496826936217759e-06
328 216 0 2.3340933329908463e-05 7.0164991891202177e-06
336 216 0 2.6905300417389205e-05 7.9909139614219589e-06
344 216 0 3.0963046909992751e-05 9.08421426041215e-06
352 216 0 3.55748433268563e-05 1.0308595240366291e-05
360 216 0 4.0807717998747558e-05 1.1677191574286576e-05
368 216 0 4.6735564560084905e-05 1.3204103012538242e-05
376 216 0 5.3439673141106672e-05 1.4904413096935556e-05
384 216 0 6.1009287142959717e-05 1.6794200495687979e-05
392 216 0 6.9542187949938849e-05 1.889054270853747e-05
400 216 0 7.9145310081846297e-05 2.1211512165690579e-05
408 216 0 8.9935388948360782e-05 2.3776164962043629e-05
416 216 0 0.00010203964238513146 2.6604522580672032e-05
424 216 0 0.00011559648541606705 2.971754692178988e-05
432 216 0 0.00013075627514798615 3.3137108732112511e-05
440 216 0 0.00014768207939263588 3.6885949110150427e-05
448 216 0 0.00016655045864740181 4.0987633155295479e-05
456 216 0 0.00018755224665877 4.5466494070328217e-05
464 216 0 0.00021089331022438083 5.0347565183595411e-05
472 216 0 0.00023679526448808718 5.5656496517612517e-05
480 216 0 0.00026549611608079878 6.1419451799433805e-05
488 216 0 0.00029725080334946073 6.7662981292256129e-05
496 216 0 0.00033233160080005803 7.4413865623606005e-05
504 216 0 0.00037102835383293216 8.1698925963167798e-05
512 216 0 0.00041364850979366162 8.954479649337521e-05
520 216 0 0.00046051691207270161 9.7977656100194154e-05
528 216 0 0.00051197532511021676 0.00010702291752023385
536 216 0 0.00056838165927817011 0.00011670487369670214
544 216 0 0.0006301088653073659 0.00012704630266998761
552 216 0 0.00069754346788935813 0.00013806803379446146
560 216 0 0.00077108370718650813 0.00014978847927891515
568 216 0 0.0008511372553605326 0.00016222313588078153
576 216 0 0.00093811847330500916 0.00017538406199483602
584 216 0 0.0010324451712400394 0.00018927933539846886
592 216 0 0.0011345348365974235 0.00020391249666913648
600 216 0 0.0012448002946605097 0.00021928198297697303
608 216 0 0.001363644772585248 0.00023538055683572606
616 216 0 0.0014914563462756329 0.00025219473474630228
624 216 0 0.0016286017621898216 0.00026970422173895267
632 216 0 0.001775419641969454 0.0002878813597814449
640 216 0 0.0019322130956160766 0.0003066906009109539
648 216 0 0.0020992417870145151 0.00032608801964151193
656 216 0 0.0022767135117996249 0.00034602088339015513
664 216 0 0.0024647753597528232 0.00036642730387720021
672 216 0 0.002663504540417781 0.00038723599608298616
680 216 0 0.0028728989507004381 0.00040836617371590696
688 216 0 0.0030928675575249602 0.00042972761062259369
696 216 0 0.0033232206595425668 0.0004512208956343358
704 216 0 0.0035636600836656653 0.00047273790370269859
712 216 0 0.0038137693707190729 0.00049416249884306389
720 216 0 0.0040730040167962969 0.00051537147473927885
728 216 0 0.0043406818702879171 0.00053623572758126556
736 216 0 0.0046159738454345078 0.00055662164383043101
744 216 0 0.0048978952058486161 0.00057639267436323562
752 216 0 0.0051852977963678876 0.000595411057124089
760 216 0 0.0054768637546925639 0.00061353964421523993
768 216 0 0.0057711014058019899 0.00063064378717348976
776 216 0 0.0060663442166189558 0.00064659323650312524
784 216 0 0.0063607538449934071 0.00066126401826675438
792 216 0 0.0066523284310355778 0.00067454026098487992
800 216 0 0.0069389173235034221 0.00068631595897754652
808 216 0 0.0072182433836030478 0.00069649667182906418
816 216 0 0.0074879338415492934 0.00070500117180169204
824 216 0 0.0077455603833042662 0.00071176305963776502
832 216 0 0.0079886887122237859 0.00071673237236089676
840 216 0 0.008214937271803566 0.00071987720299831505
848 216 0 0.0084220441542835148 0.00072118534091624754
856 216 0 0.0086079404924959239 0.00072066592291575825
864 216 0 0.0087708278884522945 0.00071835106059005283
872 216 0 0.0089092567305969102 0.0007143131420592197
880 216 0 0.0090222016562904548 0.00071122753723357711
888 216 0 0.0091091299904454155 0.00070648477878205475
896 216 0 0.0091700587925408906 0.0007002001519900037
904 216 0 0.0092055962175055447 0.00069252002942085146
912 216 0 0.0092169632686735278 0.00068362154109621875
920 216 0 0.0092059926990756425 0.00067371120679319933
928 216 0 0.0091751027825861114 0.00066302241213192503
936 216 0 0.0091272448863346633 0.00065181166345542295
944 216 0 0.0090658251650885223 0.00064035362222534392
952 216 0 0.0089946021830146685 0.00062893499365580807
960 216 0 0.0089175637513245875 0.00061784742140161795
968 216 0 0.0088387876488662254 0.00060737961447470713
976 216 0 0.0087622920659119006 0.00059780899819594085
984 216 0 0.0086918824884990448 0.0005893932322788998
992 216 0 0.0086310022486856437 0.00058236197134865948
1000 216 0 0.0085825940559189767 0.00057690925290682961
1008 216 0 0.0085489794757788225 0.00057318688320955567
1016 216 0 0.0085317625448084033 0.00057129915283042967
0 224 0 4.3493392475980686e-08 1.9758679370010844e-08
8 224 0 4.525471558111094e-08 2.0485456467660391e-08
16 224 0 4.8839584622188375e-08 2.1961583554115446e-08
24 224 0 5.4374321150734384e-08 2.4232787000674865e-08
32 224 0 6.2053134573404264e-08 2.7369116433978531e-08
40 224 0 7.214389924592808e-08 3.146672078099633e-08
48 224 0 8.4996031603653312e-08 3.6650255933469535e-08
56 224 0 1.0105061674522407e-07 4.3075957319564763e-08
64 224 0 1.2085297114405307e-07 5.0935418172426639e-08
72 224 0 1.4506786523089642e-07 6.0460121237581481e-08
80 224 0 1.7449766629782294e-07 7.1926777937714777e-08
88 224 0 2.1010369827374567e-07 8.5663534467284568e-08
96 224 0 2.5303115009849048e-07 1.0205710874580922e-07
104 224 0 3.0463789831170405e-07 1.2156092541165172e-07
112 224 0 3.6652764171039246e-07 1.4470431785591309e-07
120 224 0 4.4058777623035266e-07 1.7210286643718089e-07
128 224 0 5.2903246648015425e-07 2.04469940260984e-07
136 224 0 6.3445139683940245e-07 2.426295060962455e-07
144 224 0 7.5986471044178265e-07 2.8753026209916276e-07
152 224 0 9.0878467002631262e-07 3.4026114617144966e-07
160 224 0 1.0852846025843696e-06 4.0206825938718838e-07
168 224 0 1.2940757226784182e-06 4.7437323465979267e-07
176 224 0 1.5405924705459213e-06 5.5879307066285337e-07
184 224 0 1.8310870541744204e-06 6.5716144219702339e-07
192 224 0 2.1727339527574807e-06 7.7155149209079829e-07
200 224 0 2.5737452247295712e-06 9.0430010768962546e-07
208 224 0 3.0434975676237097e-06 1.0580336881005171e-06
216 224 0 3.5926721973933716e-06 1.2356954171081234e-06
224 224 0 4.2334087462716936e-06 1.4405740706345018e-06
232 224 0 4.9794745113926734e-06 1.6763344051184014e-06
240 224 0 5.8464505077902402e-06 1.9470491911200665e-06
248 224 0 6.8519358718030056e-06 2.2572329701493651e-06
256 224 0 8.0157722045573917e-06 2.6118776160998597e-06
264 224 0 9.3602894197076823e-06 3.0164897686781905e-06
272 224 0 1.0910574546774047e-05 3.4771301674803007e-06
280 224 0 1.2694764728530719e-05 4.0004548451976023e-06
288 224 0 1.4744365334299205e-05 4.5937580320329023e-06
296 224 0 1.7094593699357294e-05 5.2650164791236428e-06
304 224 0 1.9784748517321258e-05 6.0229347293324262e-06
312 224 0 2.2858604396081553e-05 6.8769906571592243e-06
320 224 0 2.6364830591469596e-05 7.8374803793896716e-06
328 224 0 3.0357432519028681e-05 8.9155614233309156e-06
336 224 0 3.4896214378811164e-05 1.0123292853059908e-05
344 224 0 4.0047261170404901e-05 1.1473670920834999e-05
352 224 0 4.5883438567222592e-05 1.2980658754371447e-05
360 224 0 5.2484909573034134e-05 1.4659208629945828e-05
368 224 0 5.9939667572623147e-05 1.6525275526584121e-05
376 224 0 6.8344086238042228e-05 1.8595820906152605e-05
384 224 0 7.7803487638647696e-05 2.0888806001669806e-05
392 224 0 8.8432730658476318e-05 2.3423174289725375e-05
400 224 0 0.00010035682224753688 2.6218823226225888e-05
408 224 0 0.00011371155391040441 2.9296565680557936e-05
416 224 0 0.00012864416496580349 3.2678081749362692e-05
424 224 0 0.00014531403233785693 3.6385861707908016e-05
432 224 0 0.00016389338388009866 4.044314071682386e-05
440 224 0 0.00018456802850278631 4.4873825518006128e-05
448 224 0 0.00020753809180269728 4.9702412727978089e-05
456 224 0 0.00023301874072909821 5.4953897506080469e-05
464 224 0 0.00026124087540797624 6.0653670409944386e-05
472 224 0 0.0002924517610056997 6.6827399254501139e-05
480 224 0 0.00032691556788023258 7.3500891888403515e-05
488 224 0 0.00036491378464171686 8.0699935126749846e-05
496 224 0 0.00040674546642366404 8.8450104756264544e-05
504 224 0 0.00045272727979609996 9.6776541655956819e-05
512 224 0 0.00050319330628703684 0.00010570368970538304
520 224 0 0.00055849456817289576 0.00011525499227859812
528 224 0 0.00061899824263045061 0.00012545254567539112
536 224 0 0.00068508653297487225 0.00013631670969183214
544 224 0 0.00075715516797735351 0.00014786567750079468
552 224 0 0.00083561150168381959 0.00016011500889512905
560 224 0 0.00092087218646542328 0.00017307713254061173
568 224 0 0.0010133603912413141 0.00018676082402825644
576 224 0 0.0011135025352998452 0.00020117066711047176
584 224 0 0.0012217245066385083 0.0002163065055505104
592 224 0 0.00133844733326656 0.00023216289261359063
600 224 0 0.0014640822776374827 0.00024872854458776001
608 224 0 0.001599025329420974 0.00026598580413100988
616 224 0 0.0017436510810219352 0.0002839101190284805
624 224 0 0.0018983059839287743 0.00030246954242919583
632 224 0 0.0020633010017508989 0.0003216242620634269
640 224 0 0.0022389036965270305 0.00034132616843729003
648 224 0 0.0024253298066560271 0.00036151847549934814
656 224 0 0.00262273439518978 0.00038213541150853301
664 224 0 0.0028312026636300234 0.00040310200233248253
672 224 0 0.0030507405365007671 0.00042433397352931645
680 224 0 0.0032812651244163451 0.00044573780056828818
688 224 0 0.0035225951681475539 0.00046721093767025136
696 224 0 0.0037744415551769026 0.00048864225434139871
704 224 0 0.0040363979873683639 0.00050991270429008237
712 224 0 0.0043079318695621368 0.00053089624392451632
720 224 0 0.0045883754915355757 0.00055146100727494242
728 224 0 0.0048769175978691827 0.00057147073161424068
736 224 0 0.0051725954892649388 0.00059078641428284093
744 224 0 0.0054742878802118517 0.00060926816755392001
752 224 0 0.0057807088534919766 0.00062677722624447391
760 224 0 0.0060904033989078038 0.00064317805359541836
768 224 0 0.0064017451929754797 0.00065834048589610058
776 224 0 0.0067129374531220811 0.00067214185619868076
784 224 0 0.0070220178632601615 0.00068446904249010263
792 224 0 0.0073268686920204577 0.00069522039546222446
800 224 0 0.0076252332824809687 0.0007043075144987582
808 224 0 0.007914740055432112 0.00071165685606632868
816 224 0 0.0081929350133509854 0.00071721117433197999
824 224 0 0.0084573234429420312 0.00072093080732589521
832 224 0 0.0087054210845846827 0.00072279483121048989
840 224 0 0.0089348144748018811 0.00072280210846591142
848 224 0 0.0091432294951997624 0.00072118534091624754
856 224 0 0.0093286064154116822 0.00072066592291575825
864 224 0 0.0094891789490423473 0.00071835106059005283
872 224 0 0.0096235541114529453 0.0007142973808560351
880 224 0 0.009730789043287176 0.00070858738699672123
888 224 0 0.0098104605109150152 0.00070133052046959972
896 224 0 0.0098627225753562461 0.00069266378281535555
904 224 0 0.009888347983202244 0.00068275176569669929
912 224 0 0.0098887492069225959 0.00067178593824906811
920 224 0 0.0098659757554769197 0.00065998305640127715
928 224 0 0.0098226853718222703 0.00064758258923615884
936 224 0 0.0097620879883376539 0.00063484310200299064
944 224 0 0.0096878627569025738 0.00062203759181405152
952 224 0 0.0096040500198019511 0.00060944783678728263
960 224 0 0.0095149216391279268 0.00059735788780333927
968 224 0 0.0094248345476852929 0.00058604689881906757
976 224 0 0.0093380736172012004 0.00057578155128929984
984 224 0 0.0092586908639411564 0.00056680837544211167
992 224 0 0.0091903485501315992 0.0005593463014459555
1000 224 0 0.0091361738395295457 0.00055357978361056902
1008 224 0 0.0090986323046964076 0.00054965282891758505
1016 224 0 0.0090794267721512611 0.00054766422734285787
0 232 0 6.3252071845991529e-08 2.8266242645323116e-08
8 232 0 6.574017204877133e-08 2.9273871026515172e-08
16 232 0 7.080116817630382e-08 3.1319160316488609e-08
24 232 0 7.8607108151409249e-08 3.4462911311221203e-08
32 232 0 8.9422251007382794e-08 3.8798174507905384e-08
40 232 0 1.0361062002692441e-07 4.4452496956538749e-08
48 232 0 1.2164628753712285e-07 5.1590963685827331e-08
56 232 0 1.4412657406478883e-07 6.0420071777520607e-08
64 232 0 1.7178838931647971e-07 7.1192483414776812e-08
72 232 0 2.055279864684779e-07 8.4212711659173876e-08
80 232 0 2.4642444423553771e-07 9.9843799154242413e-08
88 232 0 2.9576723274103024e-07 1.1851505522770817e-07
96 232 0 3.550882588442997e-07 1.4073092075497653e-07
104 232 0 4.2619882372335577e-07 1.6708103239831742e-07
112 232 0 5.1123195956630555e-07 1.9825155815751372e-07
120 232 0 6.1269064266753355e-07 2.3503787424405246e-07
128 232 0 7.3350240674113825e-07 2.7835864881983798e-07
136 232 0 8.7708090293564795e-07 3.2927139088651553e-07
144 232 0 1.0473949725409454e-06 3.8898951247500112e-07
152 232 0 1.2490458161977623e-06 4.5890093939240271e-07
160 232 0 1.487352861971558e-06 5.4058829056953123e-07
168 232 0 1.7684489573382108e-06 6.3585062932822873e-07
176 232 0 2.0993855412087747e-06 7.4672677287393906e-07
184 232 0 2.4882484963714438e-06 8.7552013061308275e-07
192 232 0 2.944285444848279e-06 1.0248250293620193e-06
200 232 0 3.4780453324191967e-06 1.1975544760772721e-06
208 232 0 4.1015312557242267e-06 1.3969693080707708e-06
216 232 0 4.828367614501495e-06 1.6267086878149743e-06
224 232 0 5.6739828169061954e-06 1.8908219143495081e-06
232 232 0 6.6558089165110747e-06 2.1938015444219695e-06
240 232 0 7.7934996989103067e-06 2.5406178404235667e-06
248 232 0 9.1091688419523707e-06 2.9367545834780371e-06
256 232 0 1.0627649820657251e-05 3.3882463013320845e-06
264 232 0 1.2376779188385873e-05 3.9017169530885135e-06
272 232 0 1.4387704714254348e-05 4.4844200767310227e-06
280 232 0 1.6695219573728322e-05 5.144280331716594e-06
288 232 0 1.9338123366332107e-05 5.8899362505517879e-06
296 232 0 2.2359610178480937e-05 6.7307838467779058e-06
304 232 0 2.5807683246653684e-05 7.6770205139963256e-06
312 232 0 2.9735595053240778e-05 8.7396883998946907e-06
320 232 0 3.4202310970859268e-05 9.9307161663960379e-06
328 232 0 3.9272993942359596e-05 1.1262957774872855e-05
336 232 0 4.5019507231871072e-05 1.2750226692492901e-05
344 232 0 5.15209320912399e-05 1.4407323734190869e-05
352 232 0 5.8864097321594039e-05 1.6250056666211283e-05
360 232 0 6.7144118202979962e-05 1.8295249728632806e-05
368 232 0 7.6464943099207268e-05 2.0560741403107913e-05
376 232 0 8.6939907144194833e-05 2.3065369061340228e-05
384 232 0 9.8692293640317502e-05 2.582893956477941e-05
392 232 0 0.00011185590494820169 2.8872185412141739e-05
400 232 0 0.00012657564547376276 3.221670659507892e-05
408 232 0 0.00014300811959096235 3.5884898854552039e-05
416 232 0 0.00016132224671516618 3.9899869453217598e-05
424 232 0 0.00018169989404576495 4.4285341814795625e-05
432 232 0 0.00020433652459692252 4.906555036372228e-05
440 232 0 0.00022944185402079244 5.42651265842251e-05
448 232 0 0.00025724050453067537 5.990897669750332e-05
456 232 0 0.00028797263823517868 6.6022150460188144e-05
464 232 0 0.00032189454581792062 7.2629699491725175e-05
472 232 0 0.00035927916026020084 7.9756522358728321e-05
480 232 0 0.0004004164597686361 8.7427192528061637e-05
488 232 0 0.0004456137197684667 9.5665764410642084e-05
496 232 0 0.00049519557117992858 0.0001044955522134512
504 232 0 0.00054950382145205678 0.0001139388763293813
512 232 0 0.00060889699599241988 0.00012401677260526407
520 232 0 0.00067374956045149388 0.00013474866105234445
528 232 0 0.00074445078830584174 0.00014615197233738917
536 232 0 0.00082140324266670439 0.00015824173257605759
544 232 0 0.00090502084547814819 0.00017103010933693802
552 232 0 0.00099572651057894864 0.0001845259241071782
560 232 0 0.001093949319006035 0.00019873413851313098
568 232 0 0.0012001212152695706 0.00021365532310751263
576 232 0 0.0013146732024103169 0.00022928511837427053
584 232 0 0.0014380310121890187 0.00024561369771385001
592 232 0 0.0015706102258801506 0.00026262524162929952
600 232 0 0.0017128108222252427 0.00028029743133974874
608 232 0 0.0018650111335519839 0.0002986009689130765
616 232 0 0.0020275612000504157 0.00031749913011523819
624 232 0 0.0022007755263579701 0.00033694735591324266
632 232 0 0.0023849252638143258 0.00035689288927974504
640 232 0 0.0025802298649643205 0.00037727446584114206
648 232 0 0.0027868482821553752 0.00039802207001171132
656 232 0 0.003004869806698313 0.0004190567723593051
664 232 0 0.003234304665962506 0.0004402906686102573
672 232 0 0.0034750745100300836 0.00046162694526497754
680 232 0 0.0037270029249846333 0.00048296010045423016
688 232 0 0.0039898061058178053 0.00050417635055577045
696 232 0 0.0042630838095183013 0.00052515425241456571
704 232 0 0.0045463106916584462 0.000545765567160004
712 232 0 0.0048388281134866531 0.00056587638429359509
720 232 0 0.0051398364988105181 0.00058534851403277063
728 232 0 0.0054483883294834234 0.00060404114238587093
736 232 0 0.0057633819035477797 0.00062181272807767217
744 232 0 0.0060835560477657718 0.00063852310457932979
752 232 0 0.0064074860797364505 0.00065403573568266569
760 232 0 0.0067335814525032222 0.00066822006090903278
768 232 0 0.0070600856788715803 0.00068095385901594929
776 232 0 0.0073850793093207618 0.0006921255550664902
784 232 0 0.0077064869057502641 0.00070163639953363648
792 232 0 0.0080220890874826822 0.00070940245665430772
800 232 0 0.0083295407969797269 0.0007153563529639119
808 232 0 0.0086263969114984407 0.000719448754218548
816 232 0 0.0089101461876829654 0.00072164955782055319
824 232 0 0.0091782542502679264 0.00072194880616077879
832 232 0 0.0094282159157951725 0.00072279483121048989
840 232 0 0.0096576165832677925 0.00072280210846591142
848 232 0 0.0098642017471536718 0.0007209722519539094
856 232 0 0.010045952931021455 0.00071734651560977254
864 232 0 0.010201167553663166 0.00071198860462081889
872 232 0 0.01032853948646731 0.00070498537501436503
880 232 0 0.010427236410363631 0.00069644736707645538
888 232 0 0.010496969602960848 0.00068650909204583284
896 232 0 0.010538051545827622 0.00067532897047137622
904 232 0 0.010551436790015349 0.00066308880681310509
912 232 0 0.010538741888103276 0.00064999268118067985
920 232 0 0.010502240903077104 0.00063626514760018425
928 232 0 0.010444834021659797 0.00062214864983752699
936 232 0 0.010369988088593724 0.00060790010025607057
944 232 0 0.010281649369678897 0.0005937866127763234
952 232 0 0.010184130454608149 0.00058008043480619817
960 232 0 0.010081974820183637 0.00056705318105571001
968 232 0 0.0099798040774550806 0.00055496952976978771
976 232 0 0.009882154211352483 0.0005440805941512826
984 232 0 0.0097933080877694277 0.00053461722382827127
992 232 0 0.0097171320691304824 0.00052678351899888322
1000 232 0 0.0096569246897923629 0.00052075085026281713
1008 232 0 0.0096152849730746955 0.00051665266837828787
1016 232 0 0.00959400713223146 0.00051458036008019889
0 240 0 9.1518314491314645e-08 4.0220545582910092e-08
8 240 0 9.5014043075286502e-08 4.1609521591202007e-08
16 240 0 1.0212032849279243e-07 4.4427151693571829e-08
24 240 0 1.1307001946263045e-07 4.8753715809486213e-08
32 240 0 1.2822042551528818e-07 5.4711954510976582e-08
40 240 0 1.4806311698346316e-07 6.2469885292378207e-08
48 240 0 1.7323725122295018e-07 7.2244609204960831e-08
56 240 0 2.0454664584230944e-07 8.4307150542948996e-08
64 240 0 2.4298087273125652e-07 9.8988381058123207e-08
72 240 0 2.8974069812765177e-07 1.1668608778316234e-07
80 240 0 3.4626824338978013e-07 1.3787324975561478e-07
88 240 0 4.1428228796873841e-07 1.631075935368437e-07
96 240 0 4.9581917959927622e-07 1.9304250016242757e-07
104 240 0 5.932798561216732e-07 2.2843933674332348e-07
112 240 0 7.0948351772381927e-07 2.7018128400919438e-07
120 240 0 8.4772851691158601e-07 3.1928872625536776e-07
128 240 0 1.0118610555609762e-06 3.7693626202871884e-07
136 240 0 1.2063522938221635e-06 4.4447138213159789e-07
144 240 0 1.4363844850159465e-06 5.234348459550411e-07
152 240 0 1.707946755590165e-06 6.1558276785414182e-07
160 240 0 2.0279411525410892e-06 7.2291040271264623e-07
168 240 0 2.4042995866664396e-06 8.4767759495894187e-07
176 240 0 2.8461123140827138e-06 9.9243582958869411e-07
184 240 0 3.3637686269845265e-06 1.1600567992561015e-06
192 240 0 3.9691104742102983e-06 1.3537623806791298e-06
200 240 0 4.6755998084964688e-06 1.5771558991194267e-06
208 240 0 5.4985005637949976e-06 1.8342545540231812e-06
216 240 0 6.4550763023164693e-06 2.1295228838586413e-06
224 240 0 7.5648047312557035e-06 2.4679071643384912e-06
232 240 0 8.8496104609330443e-06 2.854870660332027e-06
240 240 0 1.0334117539333873e-05 3.2964296842941441e-06
248 240 0 1.2045923425430408e-05 3.799190446778626e-06
256 240 0 1.4015896121989336e-05 4.3703867087522247e-06
264 240 0 1.6278496141474386e-05 5.0179182499777499e-06
272 240 0 1.8872124790985371e-05 5.7503901404018479e-06
280 240 0 2.1839499905444916e-05 6.5771527301181795e-06
288 240 0 2.5228059616883895e-05 7.5083421479210283e-06
296 240 0 2.9090394025258843e-05 8.5549209126761166e-06
304 240 0 3.348470376065001e-05 9.7287180159357693e-06
312 240 0 3.8475283453135468e-05 1.1042467536740836e-05
320 240 0 4.4133027137255306e-05 1.2509844517965337e-05
328 240 0 5.0535951717232451e-05 1.4145496494827138e-05
336 240 0 5.7769733924363973e-05 1.5965068755382058e-05
344 240 0 6.5928255825430768e-05 1.7985221170380294e-05
352 240 0 7.5114153987805322e-05 2.0223634297341443e-05
360 240 0 8.5439367931612769e-05 2.2699002478295219e-05
368 240 0 9.7025684502315181e-05 2.5431011839051042e-05
376 240 0 0.00011000527620553506 2.8440301470239864e-05
384 240 0 0.00012452123320509691 3.174840661528442e-05
392 240 0 0.00014072809036034343 3.5377683371820269e-05
400 240 0 0.00015879235206884168 3.9351215170125447e-05
408 240 0 0.00017889301844551439 4.3692702042725075e-05
416 240 0 0.00020122211616838378 4.8426334347424082e-05
424 240 0 0.00022598523586056057 5.3576653052174244e-05
432 240 0 0.0002534020749606448 5.9168398845047931e-05
440 240 0 0.00028370698060501754 6.5226352131249495e-05
448 240 0 0.00031714948122817869 7.1775165394652018e-05
456 240 0 0.00035399478869536683 7.883918845537054e-05
464 240 0 0.0003945242453096458 8.6442285922797046e-05
472 240 0 0.00043903568261892916 9.4607644752918018e-05
480 240 0 0.00048784365229669773 0.00010335756844001369
488 240 0 0.00054127948417910879 0.00011271325320205033
496 240 0 0.00059969112339337978 0.00012269454075426939
504 240 0 0.00066344269778143808 0.0001333196420794905
512 240 0 0.00073291376859768395 0.00014460482711627358
520 240 0 0.00080849822150383833 0.00015656407654053475
528 240 0 0.00089060276064323091 0.00016920869376350998
536 240 0 0.00097964497524276198 0.0001825468777642066
544 240 0 0.0010760509548150862 0.00019658326018709839
552 240 0 0.0011802524346861268 0.00021131841297430975
560 240 0 0.001292683457519166 0.00022674833535055758
568 240 0 0.0014137765383770832 0.00024286393094517518
576 240 0 0.0015439583207845875 0.00025965048699493867
584 240 0 0.0016836447099028687 0.00027708716781258574
592 240 0 0.0018332354675094501 0.000295146534060373
600 240 0 0.0019931082535649914 0.000313794098019926
608 240 0 0.0021636121024650604 0.00033298792332441592
616 240 0 0.0023450603301656539 0.00035267827594394644
624 240 0 0.0025377228822712128 0.00037280733205995132
632 240 0 0.0027418181530940709 0.00039330894826540347
640 240 0 0.0029575043308054626 0.00041410850060485602
648 240 0 0.0031848703521670865 0.00043512280145112337
656 240 0 0.0034239265790576181 0.00045626010698560917
664 240 0 0.0036745953345727633 0.0004774202327161906
672 240 0 0.0039367014552950611 0.00049849479938166279
680 240 0 0.0042099630254388634 0.00051936763590338005
688 240 0 0.0044939824563735757 0.00053991536879589332
696 240 0 0.004788238061932867 0.00056000822770081032
704 240 0 0.0050920762588184502 0.00057951109368410084
712 240 0 0.0054047044977802482 0.00059828481015695208
720 240 0 0.0057251850128432888 0.0006161877656732798
728 240 0 0.0060524294718692943 0.00063307774383389911
736 240 0 0.0063851946316254519 0.00064881401898609151
744 240 0 0.0067220791523451015 0.00066325965868391321
752 240 0 0.0070615218154191162 0.00067628397661779766
760 240 0 0.0074018015134122549 0.00068776506472058643
768 240 0 0.0077410395378875296 0.00069759232213140523
776 240 0 0.008077204864387252 0.00070566889307477863
784 240 0 0.0084081233052839006 0.00071191392642890386
792 240 0 0.0087314915441369899 0.00071626457710195768
800 240 0 0.0090448971499436388 0.00071867768287369425
808 240 0 0.0093458456657169887 0.000719448754218548
816 240 0 0.0096317957455035186 0.00072164955782055319
824 240 0 0.0099002030564287052 0.00072194880616077879
832 240 0 0.010148573257485213 0.00072035734169004044
840 240 0 0.010374523818252858 0.00071690723498506539
848 240 0 0.010575853768200796 0.00071165202104712423
856 240 0 0.010750619706801343 0.00070466677577988787
864 240 0 0.010897215607806578 0.00069604805414341143
872 240 0 0.011014453181391989 0.00068591369492467837
880 240 0 0.011101638886690279 0.00067440247632664756
888 240 0 0.011158643187240845 0.00066167358427999742
896 240 0 0.011185957380400482 0.00064790583457285944
904 240 0 0.011184733363726045 0.00063329657371069548
912 240 0 0.011156802062823892 0.00061806017472061658
920 240 0 0.011104666948210317 0.0006024260451332128
928 240 0 0.011031470098080743 0.00058663607642094572
936 240 0 0.010940929576019531 0.00057094148742580647
944 240 0 0.010837248417419419 0.00055559904774052198
952 240 0 0.010724997163022464 0.00054086670841431428
960 240 0 0.010608973533718787 0.00052699871353515011
968 240 0 0.010494044390732309 0.00051424031327722795
976 240 0 0.010384976453983693 0.00050282224263121025
984 240 0 0.01028626325382059 0.00049295516605116219
992 240 0 0.010201956382071716 0.00048482431294123371
1000 240 0 0.010135509229199846 0.00047858453940748287
1008 240 0 0.01008964101939565 0.00047435604632095445
1016 240 0 0.010066228094365449 0.00047222096213398942
0 248 0 1.3173886007422474e-07 5.692254464454673e-08
8 248 0 1.3662356466648851e-07 5.8826108236246695e-08
16 248 0 1.4654748018636426e-07 6.268528457776515e-08
24 248 0 1.6182373527211667e-07 6.8605320640245253e-08
32 248 0 1.8293238002626476e-07 7.6746971162562424e-08
40 248 0 2.1053300227584137e-07 8.7329994804740546e-08
48 248 0 2.4548186042791101e-07 1.0063787288952911e-07
56 248 0 2.8885379638525843e-07 1.1702379750864094e-07
64 248 0 3.4196925378937973e-07 1.3691798475266138e-07
72 248 0 4.0642678591081411e-07 1.6083637613606826e-07
80 248 0 4.8414149314539491e-07 1.8939079668694648e-07
88 248 0 5.7738988150558211e-07 2.2330064140897826e-07
96 248 0 6.8886167976170379e-07 2.6340616262583686e-07
104 248 0 8.2171919286499667e-07 3.1068342875483116e-07
112 248 0 9.7966480173301365e-07 3.6626101992732208e-07
120 248 0 1.1670172431669538e-06 4.3143851711396391e-07
128 248 0 1.3887973175896951e-06 5.077068285312936e-07
136 248 0 1.6508236759537614e-06 5.9677037965578557e-07
144 248 0 1.9598193309709876e-06 7.0057117086111989e-07
152 248 0 2.3235295234443068e-06 8.2131467953252926e-07
160 248 0 2.7508515552537354e-06 9.6149755196567234e-07
168 248 0 3.2519771816253814e-06 1.1239369955047262e-06
176 248 0 3.8385481436714079e-06 1.3118017450112399e-06
184 248 0 4.523825426240628e-06 1.528644442421809e-06
192 248 0 5.3228728548894281e-06 1.7784352370319717e-06
200 248 0 6.2527557076158955e-06 2.0655963908051946e-06
208 248 0 7.3327551178181788e-06 2.3950376609723461e-06
216 248 0 8.5845991861751107e-06 2.7721922343332218e-06
224 248 0 1.0032711895594195e-05 3.2030530055008044e-06
232 248 0 1.1704481121265071e-05 3.6942090241955188e-06
240 248 0 1.3630547223628017e-05 4.2528819811032052e-06
248 248 0 1.5845113872209034e-05 4.8869626509121162e-06
256 248 0 1.8386282830741561e-05 5.6050472546173992e-06
264 248 0 2.1296414391452136e-05 6.4164737276124772e-06
272 248 0 2.4622514931387219e-05 7.3313578699669586e-06
280 248 0 2.8416652635563095e-05 8.3606292946790543e-06
288 248 0 3.2736401764804923e-05 9.5160669644581841e-06
296 248 0 3.764531493793496e-05 1.0810333908101716e-05
304 248 0 4.3213421776585779e-05 1.2257010431412063e-05
312 248 0 4.9517750989876304e-05 1.3870624792291486e-05
320 248 0 5.6642871655220642e-05 1.5666679914144194e-05
328 248 0 6.4681448212059589e-05 1.7661674297112889e-05
336 248 0 7.373480267974603e-05 1.9873114895096683e-05
344 248 0 8.3913476995811062e-05 2.2319519408103185e-05
352 248 0 9.5337788285146765e-05 2.5020405247544005e-05
360 248 0 0.00010813837040990799 2.7996262416452684e-05
368 248 0 0.00012245669634136622 3.1268507746064065e-05
376 248 0 0.00013844557767577493 3.4859418364708504e-05
384 248 0 0.00015626963982038133 3.8792042938829959e-05
392 248 0 0.0001761057737321637 4.3090090083184153e-05
400 248 0 0.00019814356723896713 4.7777794320452119e-05
408 248 0 0.00022258572048823946 5.2879760983733364e-05
416 248 0 0.00024964845051580787 5.8420792382068542e-05
424 248 0 0.00027956188891273482 6.4425698264271281e-05
432 248 0 0.00031257047380569273 7.0919094002221117e-05
440 248 0 0.00034893333273626703 7.7925189878753681e-05
448 248 0 0.00038892464662283071 8.5467574356981829e-05
456 248 0 0.00043283397715073737 9.3568993233375682e-05
464 248 0 0.00048096653123244284 0.00010225112520730728
472 248 0 0.00053364332737184717 0.00011153435277153805
480 248 0 0.00059120122073671143 0.00012143752563447991
488 248 0 0.00065399273738115911 0.00013197771235740768
496 248 0 0.00072238566414764918 0.00014316993477103907
504 248 0 0.00079676233986092858 0.00015502687924804964
512 248 0 0.00087751859571395753 0.00016755857921866917
520 248 0 0.00096506229804437307 0.00018077206450763062
528 248 0 0.0010598114544067409 0.00019467097511766118
536 248 0 0.0011621918530069686 0.00020925513984626346
544 248 0 0.0012726342150021846 0.00022452012334900915
552 248 0 0.0013915708476604366 0.00024045674861972698
560 248 0 0.0015194317928697236 0.00025705060496750468
568 248 0 0.0016566404693222584 0.00027428155406228165
576 248 0 0.0018036088077795262 0.00029212324818899695
584 248 0 0.0019607318777154544 0.00031054267530765704
592 248 0 0.0021283820015698231 0.00032949974483473905
600 248 0 0.0023069023515849174 0.00034894692639229853
608 248 0 0.0024966000257894763 0.00036882895144102045
616 248 0 0.0026977386061096003 0.00038908258518891622
624 248 0 0.0029105302143311641 0.00040963647399253544
632 248 0 0.0031351271013594743 0.00043041107218297911
640 248 0 0.0033716128314103186 0.00045131865229673098
648 248 0 0.0036199931536182099 0.00047226340432597906
656 248 0 0.0038801866860432273 0.00049314163281778765
664 248 0 0.0041520155672889539 0.00051384206513655807
672 248 0 0.0044351962546767239 0.00053424628934589744
680 248 0 0.0047293306613422435 0.00055422934509479025
688 248 0 0.0050338978251694691 0.00057366049457337719
696 248 0 0.0053482462896336774 0.00059240420196662348
704 248 0 0.0056715873525025511 0.00061032134792869328
712 248 0 0.0060029893079372003 0.00062727069974870264
720 248 0 0.0063413727785165686 0.00064311064781328794
728 248 0 0.0066855072157031934 0.00065770120493026645
736 248 0 0.0070340086506115434 0.00067090624784227684
744 248 0 0.0073853388110290148 0.00068259596111919577
752 248 0 0.0077378057920369139 0.00069264942426903141
760 248 0 0.0080895665781328414 0.00070095726528081499
768 248 0 0.0084386318600189348 0.00070742428986416035
776 248 0 0.0087828737574620307 0.00071197198712024019
784 248 0 0.0091200372317128044 0.00071454081056822501
792 248 0 0.0094477561212389476 0.00071626457710195768
800 248 0 0.009763574832817333 0.00071867768287369425
808 248 0 0.010064976734648502 0.00071913106893151287
816 248 0 0.010349420199653002 0.00071762445414948368
824 248 0 0.010614383012429094 0.00071417995600038878
832 248 0 0.010857415469914627 0.0007088422124294138
840 248 0 0.011076201974977565 0.00070167815672470685
848 248 0 0.011268630261640641 0.00069277649343984539
856 248 0 0.011432866635239399 0.00068224692843805654
864 248 0 0.011567434811444352 0.00067021920363777472
872 248 0 0.011671295158847675 0.00065684197745568586
880 248 0 0.011743920463267868 0.00064228157657758925
888 248 0 0.011785363812860031 0.00062672062561918568
896 248 0 0.011796313921498675 0.00061035654109819343
904 248 0 0.011778133221530736 0.00059339985780469152
912 248 0 0.011732874404747004 0.00057607234192311174
920 248 0 0.011663271786709353 0.00055860483849903657
928 248 0 0.011572704900791684 0.00054123480271094093
936 248 0 0.011465133051635278 0.0005242034756157473
944 248 0 0.011345001102662466 0.00050775268524304654
952 248 0 0.011217118444735164 0.00049212128171269992
960 248 0 0.011086514781814265 0.00047754124809547792
968 248 0 0.010958277954694281 0.00046423356396197227
976 248 0 0.01083738038647639 0.00045240393249269643
984 248 0 0.01072850176494467 0.00044223851112407987
992 248 0 0.010635856188837256 0.00043389980676553953
1000 248 0 0.010563032136287545 0.00042752290708769972
1008 248 0 0.010512853237026143 0.00042321221763049269
1016 248 0 0.010487266954376177 0.00042103886001072788
0 256 0 1.8866140471877147e-07 8.0124163354328353e-08
8 256 0 1.954496729027352e-07 8.2717749100211068e-08
16 256 0 2.0923276476412941e-07 8.7972704448649372e-08
24 256 0 2.3042905591236192e-07 9.6026011086461049e-08
32 256 0 2.5967935118882718e-07 1.0708669030888713e-07
40 256 0 2.9786299708058191e-07 1.2144009970555626e-07
48 256 0 3.4611973331744012e-07 1.3945372403980547e-07
56 256 0 4.0587759389389937e-07 1.615845102276482e-07
64 256 0 4.7888723854204111e-07 1.8838780497759226e-07
72 256 0 5.6726316204688237e-07 2.2052796000738087e-07
80 256 0 6.7353228983234139e-07 2.587906735272957e-07
88 256 0 8.0069052291456037e-07 3.0409713761309681e-07
96 256 0 9.5226784238754065e-07 3.5752005890847956e-07
104 256 0 1.1324026216198278e-06 4.2030161446195965e-07
112 256 0 1.3459258216603357e-06 4.9387339499192671e-07
120 256 0 1.5984557602809177e-06 5.7987837396600503e-07
128 256 0 1.8965041461209887e-06 6.8019492199132434e-07
136 256 0 2.2475940556095469e-06 7.9696286156889233e-07
144 256 0 2.6603905018321075e-06 9.3261152684119082e-07
152 256 0 3.1448442029768361e-06 1.0898897564545768e-06
160 256 0 3.7123491072194077e-06 1.2718977055007435e-06
168 256 0 4.3759141771301076e-06 1.4821203158751365e-06
176 256 0 5.1503498886826478e-06 1.724462235395564e-06
184 256 0 6.052469868662437e-06 2.0032839277583568e-06
192 256 0 7.1013080919213998e-06 2.3234386718947995e-06
200 256 0 8.3183520984210901e-06 2.6903101152060719e-06
208 256 0 9.727792778790525e-06 3.10985002534058e-06
216 256 0 1.1356791420508332e-05 3.5886158839104672e-06
224 256 0 1.3235764901094999e-05 4.1338079856261147e-06
232 256 0 1.539869014546059e-05 4.7533057480820444e-06
240 256 0 1.7883429204731223e-05 5.455702997728682e-06
248 256 0 2.073207652312115e-05 6.2503420690917067e-06
256 256 0 2.399133008535896e-05 7.1473466252062476e-06
264 256 0 2.7712888119064613e-05 8.1576531614338779e-06
272 256 0 3.1953872801354177e-05 9.2930411730463979e-06
280 256 0 3.6777281930242149e-05 1.0566161928626568e-05
288 256 0 4.2252468729263107e-05 1.1990565677264957e-05
296 256 0 4.8455648846036676e-05 1.3580726913247825e-05
304 256 0 5.5470432207997842e-05 1.5352067021210797e-05
312 256 0 6.338837578216779e-05 1.7320973232987273e-05
320 256 0 7.2309551569364836e-05 1.9504812364222612e-05
328 256 0 8.2343122509172478e-05 2.192193729923494e-05
336 256 0 9.3607917574842713e-05 2.4591683706169502e-05
344 256 0 0.00010623299640391425 2.7534354052272469e-05
352 256 0 0.00012035819353269077 3.077118571811849e-05
360 256 0 0.00013613463282636067 3.4324299945040721e-05
368 256 0 0.00015372520408743029 3.8216628545890508e-05
376 256 0 0.00017330499604048343 4.2471815798698892e-05
384 256 0 0.00019506168275921129 4.7114093728962291e-05
392 256 0 0.00021919586381534786 5.2168130035673099e-05
400 256 0 0.00024592136155941925 5.7658849156020601e-05
408 256 0 0.00027546548147197282 6.3611228283904622e-05
416 256 0 0.00030806924289787641 7.0050071418963132e-05
424 256 0 0.0003439875871770061 7.6999765571123327e-05
432 256 0 0.00038348956780791385 8.4484023929284836e-05
440 256 0 0.00042685852261502072 9.2525620994363556e-05
448 256 0 0.00047439222097981254 0.00010114612429532472
456 256 0 0.00052640297038411305 0.00011036562633537578
464 256 0 0.00058321765643975013 0.00012020247891469547
472 256 0 0.00064517768014338522 0.00013067303008718761
480 256 0 0.00071263874637119134 0.00014179136194624072
488 256 0 0.00078597044973856679 0.00015356902546671597
496 256 0 0.00086555559891868825 0.00016601476705018772
504 256 0 0.00095178921910897823 0.00017913424050729611
512 256 0 0.0010450771749326267 0.00019292969819057989
520 256 0 0.0011458343625520037 0.00020739965599676866
528 256 0 0.0012544824295244021 0.00022253852900046235
536 256 0 0.001371446992853232 0.0002383362374353945
544 256 0 0.0014971543383511937 0.00025477778634357476
552 256 0 0.0016320275962801636 0.00027184282609384698
560 256 0 0.0017764823978372282 0.0002895052046876386
568 256 0 0.00193092202338454 0.00030773252586722782
576 256 0 0.0020957320559685231 0.0003264857291223602
584 256 0 0.0022712745530231115 0.00034571870847524165
592 256 0 0.0024578817464045622 0.00036537798630690167
600 256 0 0.002655849277977216 0.00038540245657057342
608 256 0 0.0028654289772304968 0.00040572320883205037
616 256 0 0.0030868211912985165 0.00042626344117557185
624 256 0 0.0033201666883236995 0.00044693846673087576
632 256 0 0.0035655381735424535 0.00046765581605803927
640 256 0 0.0038229314837070496 0.00048831543644705907
648 256 0 0.004092256557944189 0.00050880998974598118
656 256 0 0.004373328318861015 0.00052902525275482469
664 256 0 0.0046658576324255119 0.00054884062831217408
672 256 0 0.0049694425440226214 0.00056812978041082592
680 256 0 0.0052835600064370337 0.00058676141214755902
688 256 0 0.0056075583197428462 0.00060460020995133697
696 256 0 0.0059406504916003008 0.0006215079801586889
704 256 0 0.0062819087004312444 0.00063734500349267847
712 256 0 0.0066302600076859029 0.00065197162846919714
720 256 0 0.0069844834263298565 0.00066525011571463323
728 256 0 0.0073432084206334599 0.0006770467316654363
736 256 0 0.0077049148984538202 0.00068723407275284552
744 256 0 0.0080679347721482105 0.00069569358115264407
752 256 0 0.0084304552163059453 0.00070231819219415161
760 256 0 0.0087905238434136564 0.00070701503360581439
768 256 0 0.0091460561498830951 0.00070970808008241626
776 256 0 0.0094948457445822709 0.00071197198712024019
784 256 0 0.0098345780422810294 0.00071454081056822501
792 256 0 0.01016284826027398 0.00071509213903503226
800 256 0 0.010477184667634828 0.00071360983481749511
808 256 0 0.010775078070534384 0.00071010133588588278
816 256 0 0.011054018442783866 0.00070459824313086339
824 256 0 0.011311539403030112 0.00069715639060101767
832 256 0 0.011545270883744142 0.00068785541382951516
840 256 0 0.011752999831104371 0.00067679785612680642
848 256 0 0.011932738134413205 0.00066410787277256314
856 256 0 0.012082796241762587 0.00064992960652318806
864 256 0 0.01220186012508055 0.00063442531363619784
872 256 0 0.012289068476288079 0.0006177733174404041
880 256 0 0.01234408632025853 0.00060016585699066219
888 256 0 0.012367170695877148 0.00058180688301711671
896 256 0 0.012359223755850517 0.00056290983435184141
904 256 0 0.012321828629380372 0.0005436954078496363
912 256 0 0.012257263720934952 0.00052438931618794746
920 256 0 0.012168491800017698 0.00050522001330834468
928 256 0 0.012059121259419922 0.00048641635862823815
936 256 0 0.011933338241396899 0.00046820518976162066
944 256 0 0.011795809882374908 0.00045080877971244264
952 256 0 0.011651560612525971 0.00043444216779080745
960 256 0 0.01150582515424154 0.00041931037242727565
968 256 0 0.011363883471185202 0.00040560551649092107
976 256 0 0.011230884305529239 0.00039350391905284936
984 256 0 0.011111664993945763 0.00038316322900109299
992 256 0 0.011010575881706135 0.00037471969286887938
1000 256 0 0.010931317795772364 0.00036828565948481863
1008 256 0 0.010876800663102232 0.00036394742607608922
1016 256 0 0.010849030477973179 0.00036176352359700188
0 264 0 2.6878556807309982e-07 1.1216866074988853e-07
8 264 0 2.7816742200294627e-07 1.156816421268018e-07
16 264 0 2.9720546921277878e-07 1.2279522996716437e-07
24 264 0 3.2645506699882297e-07 1.3368639664359832e-07
32 264 0 3.6676604149771432e-07 1.4862492099634614e-07
40 264 0 4.1930309678613817e-07 1.6797861327580864e-07
48 264 0 4.8557345735724559e-07 1.9222034709870469e-07
56 264 0 5.6746210412154757e-07 2.2193694997346144e-07
64 264 0 6.6727504351963337e-07 2.5784001155027514e-07
72 264 0 7.8779112205426324e-07 3.0077867323601459e-07
80 264 0 9.3232296335963709e-07 3.5175446387451297e-07
88 264 0 1.1047876605276572e-06 4.1193824358279377e-07
96 264 0 1.3097879012960202e-06 4.8268931131425402e-07
104 264 0 1.5527042360817875e-06 5.6557672099652873e-07
112 264 0 1.8397992166522624e-06 6.6240283576083656e-07
120 264 0 2.1783341342469227e-06 7.7522912930063476e-07
128 264 0 2.576699068112313e-06 9.0640421711071765e-07
136 264 0 3.0445569171784393e-06 1.0585940675636116e-06
144 264 0 3.5930020286732983e-06 1.2348143028887341e-06
152 264 0 4.2347339594314129e-06 1.4384644528714572e-06
160 264 0 4.9842468127201513e-06 1.6733639698253548e-06
168 264 0 5.8580344930052441e-06 1.943789753345306e-06
176 264 0 6.8748121240782118e-06 2.2545148699021619e-06
184 264 0 8.0557537964207938e-06 2.6108480891727607e-06
192 264 0 9.4247467638161993e-06 3.0186738010770103e-06
200 264 0 1.1008662213627162e-05 3.4844918308017011e-06
208 264 0 1.2837642804131105e-05 4.0154566400820192e-06
216 264 0 1.49454073044188e-05 4.6194153977558194e-06
224 264 0 1.7369572886721114e-05 5.3049444256627884e-06
232 264 0 2.0151995893542634e-05 6.0813835790960389e-06
240 264 0 2.3339132202459905e-05 6.9588682019050222e-06
248 264 0 2.6982418592212857e-05 7.948358397497419e-06
256 264 0 3.1138676710565207e-05 9.061665465119953e-06
264 264 0 3.5870541280498491e-05 1.0311475446950714e-05
272 264 0 4.1246913974400575e-05 1.1711369792125567e-05
280 264 0 4.7343443858868717e-05 1.3275843142732672e-05
288 264 0 5.4243034406528064e-05 1.5020318158568944e-05
296 264 0 6.2036375759284501e-05 1.6961157101232037e-05
304 264 0 7.0822499229208639e-05 1.9115669582243271e-05
312 264 0 8.0709349015155063e-05 2.1502115446232352e-05
320 264 0 9.1814363933587448e-05 2.4139701227783312e-05
328 264 0 0.00010426505980840742 2.7048568027554249e-05
336 264 0 0.00011819960128101221 3.0249768056894602e-05
344 264 0 0.00013376735045618672 3.3765226573390799e-05
352 264 0 0.00015112937925080926 3.7617685555298771e-05
360 264 0 0.00017045893277140139 4.1830625324101091e-05
368 264 0 0.0001919418326333208 4.6428160494378851e-05
376 264 0 0.00021577681183918232 5.1434907159035955e-05
384 264 0 0.00024217577648817358 5.6875819121538949e-05
392 264 0 0.00027136399385102095 6.2775992237547654e-05
400 264 0 0.00030358021071543985 6.9160437450010862e-05
408 264 0 0.00033907670975587745 7.6053824770864586e-05
416 264 0 0.00037811931431683954 8.3480202115796573e-05
424 264 0 0.00042098735274812943 9.1462694348388247e-05
432 264 0 0.00046797359173719868 0.00010002318894520706
440 264 0 0.00051938414360938427 0.00010918201518493717
448 264 0 0.00057553834527513726 0.00011895762357175699
456 264 0 0.00063676859671948883 0.00012936627127792656
464 264 0 0.0007034201353544456 0.00014042171777508042
472 264 0 0.00077585071023057283 0.00015213493265810911
480 264 0 0.00085443010831743205 0.00016451381518224465
488 264 0 0.00093953947520528276 0.00017756292253893764
496 264 0 0.001031570365968876 0.00019128320173618135
504 264 0 0.0011309234596162743 0.00020567171846906825
512 264 0 0.0012380068731232066 0.00022072137586179254
520 264 0 0.0013532340185487724 0.00023642061663100211
528 264 0 0.0014770209585248644 0.00025275310412453959
536 264 0 0.0016097832302886265 0.00026969738073102825
544 264 0 0.0017519321246947685 0.00028722650607332736
552 264 0 0.0019038704223740105 0.00030530768178779061
560 264 0 0.0020659876025248668 0.00032390187404749424
568 264 0 0.0022386545492517678 0.00034296344877030125
576 264 0 0.0024222177850908833 0.00036243983716015456
584 264 0 0.0026169932614983531 0.00038227125047687492
592 264 0 0.0028232597327114638 0.00040239046251479673
600 264 0 0.0030412517345477894 0.00042272267622411311
608 264 0 0.0032711521860625471 0.00044318548750745933
616 264 0 0.0035130846324740884 0.00046368895497229425
624 264 0 0.0037671051550545753 0.00048413577998851877
632 264 0 0.0040331939896004927 0.00050442159754027823
640 264 0 0.0043112469201541086 0.00052443537578354769
648 264 0 0.0046010665476901701 0.00054405992148451755
656 264 0 0.0049023535716158397 0.00056317248990532445
664 264 0 0.005214698260737686 0.00058164550116518443
672 264 0 0.0055375723244334473 0.00059934737018817533
680 264 0 0.0058703214185845927 0.00061614346323649646
688 264 0 0.0062121585296941832 0.00063189719960765178
696 264 0 0.0065621584717589897 0.00064647132106376327
704 264 0 0.0069192537039239228 0.00065972935268124658
712 264 0 0.0072822316361551001 0.00067153727596617422
720 264 0 0.0076497335420444897 0.00068176542755168414
728 264 0 0.0080202551522988962 0.00069029062437858668
736 264 0 0.0083921489712066658 0.00069699849937421982
744 264 0 0.0087636283533008546 0.00070178601134535633
752 264 0 0.0091327734085000969 0.00070456407072624558
760 264 0 0.0094975388770194707 0.00070701503360581439
768 264 0 0.0098557642299655114 0.00070970808008241626
776 264 0 0.010205186399807118 0.00071034065522484688
784 264 0 0.01054345571066922 0.0007088776683881904
792 264 0 0.010868155737722247 0.00070530747744826719
800 264 0 0.011176827947909199 0.00069964328027437121
808 264 0 0.011467002027796012 0.00069192395726162814
816 264 0 0.011736232756079958 0.00068221431329609263
824 264 0 0.011982144100995606 0.00067060469796549442
832 264 0 0.012202480898897019 0.0006572100151528773
840 264 0 0.012395167995689722 0.00064216816458535081
848 264 0 0.012558376120156209 0.00062563798574300465
856 264 0 0.012690593038166205 0.00060779679640361739
864 264 0 0.012790697757337779 0.00058883763225722925
872 264 0 0.01285803477580503 0.00056896629951695178
880 264 0 0.012892484669476014 0.00054839834921748334
888 264 0 0.012894526766626871 0.00052735607074972345
896 264 0 0.012865289340577381 0.00050606558472686414
904 264 0 0.01280658272306833 0.00048475409368795713
912 264 0 0.012720911046852666 0.00046364732591771401
920 264 0 0.012611458985341733 0.0004429671853240346
928 264 0 0.012482050860569284 0.0004229296011493619
936 264 0 0.012337080798472719 0.00040374255707581984
944 264 0 0.012181414153497811 0.0003856042711229031
952 264 0 0.012020262108480688 0.00036870149595471732
960 264 0 0.011859033067605331 0.00035320791336379033
968 264 0 0.011703166076828513 0.00033928260564331132
976 264 0 0.011557952904170825 0.00032706859864158576
984 264 0 0.011428356478505463 0.00031669148455970055
992 264 0 0.011318834026709874 0.00030825814500373867
1000 264 0 0.011233173400411871 0.00030185560463950704
1008 264 0 0.011174350714741934 0.00029755005163970179
1016 264 0 0.011144416540129711 0.00029538606215653157
0 272 0 3.8095422882298835e-07 1.561686795185546e-07
8 272 0 3.9384906412974807e-07 1.608988159961963e-07
16 272 0 4.2000069917994315e-07 1.7047151167591651e-07
24 272 0 4.6014146364242129e-07 1.8511368620172309e-07
32 272 0 5.1539096249406045e-07 2.0517091991725084e-07
40 272 0 5.8728171006194681e-07 2.3111373692529218e-07
48 272 0 6.7779380445595028e-07 2.6354604932998367e-07
56 272 0 7.8939905409500901e-07 3.0321581380363595e-07
64 272 0 9.2511505506990851e-07 3.5102795719564321e-07
72 272 0 1.0885697952902778e-06 4.0805962931461e-07
80 272 0 1.2840774272341501e-06 4.7557783794598452e-07
88 272 0 1.5167259041104509e-06 5.5505951342257688e-07
96 272 0 1.7924772126102742e-06 6.4821403750218168e-07
104 272 0 2.1182809570783162e-06 7.570082537422413e-07
112 272 0 2.502202052413099e-06 8.8369395368612643e-07
120 272 0 2.9535632635475575e-06 1.0308378044917732e-06
128 272 0 3.4831032852230307e-06 1.2013536484496026e-06
136 272 0 4.1031509847420509e-06 1.3985370623377241e-06
144 272 0 4.8278163315620324e-06 1.6261020139737448e-06
152 272 0 5.6731984123028701e-06 1.8882193941700773e-06
160 272 0 6.6576107825455061e-06 2.1895571347545961e-06
168 272 0 7.8018242463505502e-06 2.535321548579711e-06
176 272 0 9.1293269939803737e-06 2.9312994481045382e-06
184 272 0 1.0666601885593555e-05 3.383900519448923e-06
192 272 0 1.244342056489321e-05 3.9001993547572402e-06
200 272 0 1.4493154044428863e-05 4.4879764847436567e-06
208 272 0 1.6853099444213124e-05 5.1557577137934328e-06
216 272 0 1.9564822702174619e-05 5.9128510502579832e-06
224 272 0 2.2674517312383902e-05 6.7693805514583763e-06
232 272 0 2.6233379472638673e-05 7.7363164702009854e-06
240 272 0 3.0298000404364927e-05 8.8255011963523387e-06
248 272 0 3.4930776989710276e-05 1.0049670626002211e-05
256 272 0 4.020034217568516e-05 1.1422470747480954e-05
264 272 0 4.6182016727449205e-05 1.2958469386063214e-05
272 272 0 5.2958283766526143e-05 1.4673163169186814e-05
280 272 0 6.0619287001601389e-05 1.6582979828833973e-05
288 272 0 6.9263352565097008e-05 1.8705275914196226e-05
296 272 0 7.8997532860516537e-05 2.1058329816952463e-05
304 272 0 8.993816881145191e-05 2.3661329694319049e-05
312 272 0 0.00010221146446138742 2.6534355407848903e-05
320 272 0 0.00011595406516137076 2.9698352995488823e-05
328 272 0 0.00013131362783596167 3.3175099500945765e-05
336 272 0 0.00014844936933790682 3.6987155262361876e-05
344 272 0 0.00016753257702957752 4.1157800097303487e-05
352 272 0 0.00018874706480610803 4.5710949313478705e-05
360 272 0 0.00021228955809550248 5.067104522906915e-05
368 272 0 0.00023836999312769965 5.6062919998915001e-05
376 272 0 0.00026721171899821828 6.1911626084967721e-05
384 272 0 0.00029905159560971253 6.8242231714767208e-05
392 272 0 0.00033413998608856861 7.5079580122644235e-05
400 272 0 0.00037274064816545071 8.2448013188611872e-05
408 272 0 0.00041513053452674203 9.037106214386661e-05
416 272 0 0.00046159951643263611 9.8871110111492728e-05
424 272 0 0.00051245004709651767 0.00010796903317236467
432 272 0 0.00056799678068240574 0.0001176838281529421
440 272 0 0.00062856615879432144 0.00012803223620474178
448 272 0 0.00069449596884689426 0.00013902837131538667
456 272 0 0.00076613486799741539 0.00015068336206882434
464 272 0 0.00084384185312952602 0.00016300501327198597
472 272 0 0.00092798564288868195 0.00017599749161763278
480 272 0 0.0010189439234996767 0.00018966103660410238
488 272 0 0.0011171023977442204 0.00020399169482396501
496 272 0 0.0012228535677050573 0.00021898107286934514
504 272 0 0.0013365951780853426 0.00023461610189980196
512 272 0 0.0014587282489849991 0.00025087880575535909
520 272 0 0.0015896546351797745 0.00026774606465012479
528 272 0 0.001729774062649404 0.00028518936807992086
536 272 0 0.0018794806110196548 0.00030317455356729034
544 272 0 0.0020391586307680959 0.0003216615320019464
552 272 0 0.0022091781041618012 0.00034060400518877432
560 272 0 0.0023898894765723611 0.00035994918622755988
568 272 0 0.0025816179980220691 0.0003796375378900701
576 272 0 0.0027846576222510379 0.00039960254761776514
584 272 0 0.002999264511975228 0.00041977055963152024
592 272 0 0.0032256501952262605 0.00044006068460661178
600 272 0 0.0034639744107719025 0.00046038480535836972
608 272 0 0.0037143376735700065 0.00048064769322580603
616 272 0 0.0039767735874463826 0.00050074724482561481
624 272 0 0.004251240935043094 0.00052057484329148026
632 272 0 0.0045376155871407709 0.00054001584285830097
640 272 0 0.0048356822959376563 0.00055895017154961382
648 272 0 0.0051451264691746877 0.00057725304450530288
656 272 0 0.0054655260615211641 0.00059479578061549104
664 272 0 0.0057963437619028705 0.00061144671771295317
672 272 0 0.0061369196946216226 0.00062707222630874453
680 272 0 0.0064864648818210892 0.00064153782799488291
688 272 0 0.006844055729301835 0.00065470943108161643
696 272 0 0.007208629792822753 0.00066645470143674411
704 272 0 0.0075789830566051694 0.0006766445894291831
712 272 0 0.0079537689121212743 0.00068515503305157169
720 272 0 0.0083314989695961739 0.00069186885173842458
728 272 0 0.0087105457766774828 0.0006966778346467889
736 272 0 0.0090891474705808856 0.00069948501139965175
744 272 0 0.0094654143646462109 0.00070178601134535633
752 272 0 0.0098373374792263425 0.00070456407072624558
760 272 0 0.010202799078071227 0.00070526020105175606
768 272 0 0.010559585366837093 0.00070382113687158208
776 272 0 0.010905401644384293 0.00070021524457717504
784 272 0 0.011237890355953432 0.0006944346452842122
792 272 0 0.011554652657688293 0.00068649691996604603
800 272 0 0.011853274235103513 0.00067644628719431416
808 272 0 0.012131356190771362 0.00066435416297534917
816 272 0 0.012386551795325695 0.00065031903924573677
824 272 0 0.012616609751754458 0.00063446565075885204
832 272 0 0.012819424335752333 0.00061694343685531408
840 272 0 0.012993092337744955 0.00059792434205523277
848 272 0 0.013135976154669314 0.00057760003451310521
856 272 0 0.01324677168947006 0.00055617865130385552
864 272 0 0.013324578959243041 0.00053388120190526155
872 272 0 0.013368972550264103 0.00051093777445907276
880 272 0 0.013380068362120249 0.00048758369264423514
888 272 0 0.013358582531036733 0.00046405576440986147
896 272 0 0.013305878088969759 0.00044058874839237802
904 272 0 0.01322399486438691 0.00041741214131858079
912 272 0 0.013115658409186728 0.00039474736233406291
920 272 0 0.012984264365874262 0.00037280538053252946
928 272 0 0.012833835663097037 0.0003517848025277534
936 272 0 0.012668951208465392 0.00033187040999267323
944 272 0 0.012494646268007904 0.00031323211451009247
952 272 0 0.012316286388536869 0.00029602428005618027
960 272 0 0.012139418420127137 0.0002803853525218062
968 272 0 0.011969603807593881 0.00026643773076536793
976 272 0 0.011812240718291827 0.00025428781412100213
984 272 0 0.011672382644481479 0.00024402616597601554
992 272 0 0.011554561767378384 0.00023572774066851071
1000 272 0 0.011462625530595851 0.0002294521301839797
1008 272 0 0.011399594511472646 0.00022524379673071263
1016 272 0 0.011367548806441009 0.00022313226631129855
0 280 0 5.3712290834154295e-07 2.1622993946636566e-07
8 280 0 5.5474788012594438e-07 2.2256096052924635e-07
16 280 0 5.9047221085585965e-07 2.3536613236549903e-07
24 280 0 6.4525514984414438e-07 2.5493418282309516e-07
32 280 0 7.205618824113113e-07 2.8170439028863286e-07
40 280 0 8.18395446987239e-07 3.1627404968019841e-07
48 280 0 9.4133985378593395e-07 3.5940849287509811e-07
56 280 0 1.092614867898645e-06 4.1205371163149075e-07
64 280 0 1.2761430122655517e-06 4.7535163337516669e-07
72 280 0 1.4966294246048878e-06 5.5065809703792782e-07
80 280 0 1.7596552651801346e-06 6.3956356714469278e-07
88 280 0 2.0717854175330278e-06 7.4391660946958341e-07
96 280 0 2.4406912501124559e-06 8.6585013085638396e-07
104 280 0 2.8752892108205575e-06 1.0078103592590831e-06
112 280 0 3.3858960060992254e-06 1.1725885075973979e-06
120 280 0 3.9844010680393307e-06 1.3633550262867601e-06
128 280 0 4.6844569336726333e-06 1.5836963036448195e-06
136 280 0 5.501688047079775e-06 1.8376536199027751e-06
144 280 0 6.4539183455357772e-06 2.1297640982868065e-06
152 280 0 7.5614178064729473e-06 2.4651033248325149e-06
160 280 0 8.8471679173001022e-06 2.8493292271450063e-06
168 280 0 1.0337145794930261e-05 3.2887267122551914e-06
176 280 0 1.2060626442084912e-05 3.7902524677313007e-06
184 280 0 1.4050502405042478e-05 4.3615792330263752e-06
192 280 0 1.634361991965045e-05 5.0111387566659235e-06
200 280 0 1.898113052917252e-05 5.7481625783942149e-06
208 280 0 2.2008857158006557e-05 6.5827197243853776e-06
216 280 0 2.5477673752432602e-05 7.5257503890580738e-06
224 280 0 2.9443897863842278e-05 8.589094708658676e-06
232 280 0 3.3969695942839659e-05 9.7855158161321324e-06
240 280 0 3.9123501600717266e-05 1.112871650501189e-05
248 280 0 4.4980447615712487e-05 1.2633349015830023e-05
256 280 0 5.1622812923166114e-05 1.4315017676589299e-05
264 280 0 5.9140486113512419e-05 1.6190274354331116e-05
272 280 0 6.7631446935712957e-05 1.827660687414966e-05
280 280 0 7.7202266830435362e-05 2.059242069509887e-05
288 280 0 8.7968628479293234e-05 2.315701415695795e-05
296 280 0 0.000100055862677469 2.5990547488736462e-05
304 280 0 0.00011359949850577096 2.9114005470234027e-05
312 280 0 0.00012874581986923632 3.2549153150308478e-05
320 280 0 0.00014565241815685958 3.6318483361911423e-05
328 280 0 0.00016448872733690743 4.0445153975055752e-05
336 280 0 0.00018543652460026869 4.4952911965411973e-05
344 280 0 0.000208690377126881 4.9866000546831189e-05
352 280 0 0.00023445801411958674 5.5209044940251681e-05
360 280 0 0.00026296060332457163 6.1006911958200692e-05
368 280 0 0.00029443291312661465 6.7284538596329619e-05
376 280 0 0.000329123345083186 7.4066725340089985e-05
384 280 0 0.00036729382732447974 8.1377890972210009e-05
392 280 0 0.00040921956621121284 8.9241787302954921e-05
400 280 0 0.00045518866135406259 9.768117436842656e-05
408 280 0 0.00050550159667060864 0.00010671745910722293
416 280 0 0.00056047062654412884 0.00011637030312049873
424 280 0 0.00062041908026888234 0.00012665720758196981
432 280 0 0.00068568060883534784 0.00013759308540593892
440 280 0 0.00075659839499906322 0.00014918983212617958
448 280 0 0.00083352434016228092 0.0001614559073584332
456 280 0 0.00091681823006623973 0.00017439593807219126
464 280 0 0.001006846866401512 0.0001880103531585694
472 280 0 0.0011039831345063147 0.00020229505606221402
480 280 0 0.0012086049601037791 0.00021724113879761377
488 280 0 0.0013210940925681854 0.00023283463686871457
496 280 0 0.0014418346405744025 0.00024905632091748431
504 280 0 0.0015712112799851445 0.00026588151783967862
512 280 0 0.0017096070547403582 0.00028327995209287112
520 280 0 0.0018574006998298993 0.00030121559735516498
528 280 0 0.0020149634307293249 0.00031964652978713499
536 280 0 0.0021826551645869451 0.00033852477691484906
544 280 0 0.0023608201627700423 0.00035779616037353787
552 280 0 0.0025497821093505755 0.00037740013599716054
560 280 0 0.002749838662799921 0.00039726964040048135
568 280 0 0.0029612555359121392 0.00041733095856236104
576 280 0 0.003184260169868803 0.00043750363125300918
584 280 0 0.0034190350716067483 0.00045770042381432013
592 280 0 0.0036657108798328723 0.0004778273783509852
600 280 0 0.0039243592161302722 0.00049778396963870777
608 280 0 0.0041949853667958125 0.00051746338114140762
616 280 0 0.0044775208322719974 0.00053675291190857267
624 280 0 0.0047718157783345743 0.00055553451853326569
632 280 0 0.0050776314299990719 0.00057368548971459439
640 280 0 0.0053946324674872701 0.00059107924527256484
648 280 0 0.0057223795136799906 0.00060758624760834986
656 280 0 0.0060603218421366551 0.00062307501225585763
664 280 0 0.0064077904796158236 0.00063741320563431587
672 280 0 0.0067639919209303671 0.00065046882224158251
680 280 0 0.0071280027098159721 0.00066211143970507091
688 280 0 0.0074987651603834514 0.00067221355727580239
696 280 0 0.0078750844942594971 0.00068065203013305438
704 280 0 0.0082556276460343525 0.00068730961672395022
712 280 0 0.008638923945172846 0.0006920766578076866
720 280 0 0.0090233678213345984 0.00069485290269216682
728 280 0 0.0094072236113242717 0.0006966778346467889
736 280 0 0.0097886324819805373 0.00069948501139965175
744 280 0 0.010165621438020595 0.00070020707337438426
752 280 0 0.010536114370301865 0.00069877689107552231
760 280 0 0.010897945128104658 0.00069514605003343118
768 280 0 0.011248872673270616 0.00068928730643352289
776 280 0 0.01158659849120049 0.00068119684681619726
784 280 0 0.011908786581968502 0.00067089622601507019
792 280 0 0.012213086513561762 0.00065843385587346925
800 280 0 0.012497160160449213 0.00064388592534569966
808 280 0 0.012758712841392036 0.00062735665062067444
816 280 0 0.012995529576549845 0.00060897778122414974
824 280 0 0.013205517074812507 0.00058890732305804869
832 280 0 0.013386751815375126 0.00056732747962279229
840 280 0 0.013537534193008374 0.00054444185526341879
848 280 0 0.013656448160580228 0.00052047200591091337
856 280 0 0.013742425149671202 0.0004956534602011415
864 280 0 0.013794810323361084 0.00047023136411804278
872 280 0 0.01381342847336868 0.000444455923104577
880 280 0 0.013798646187517406 0.00041857782539715671
888 280 0 0.013751426359622575 0.00039284382858584266
896 280 0 0.013673370767418454 0.00036749267844869531
904 280 0 0.013566746370590358 0.00034275150620344773
912 280 0 0.013434491228623432 0.00031883281943670405
920 280 0 0.013280196531464653 0.00029593216559039084
928 280 0 0.013108062170847739 0.00027422650775070154
936 280 0 0.012922824521803981 0.0002538733133385894
944 280 0 0.012729656587665891 0.00023501031965798662
952 280 0 0.012534042296751662 0.00021775590821479333
960 280 0 0.012341628413953518 0.00020220999382638064
968 280 0 0.012158059123342238 0.00018845531574835685
976 280 0 0.011988799724994328 0.00017655900670250115
984 280 0 0.011838956956106754 0.00016657431162527513
992 280 0 0.011713104097951784 0.00015854233057339961
1000 280 0 0.011615119199239639 0.00015249366864378798
1008 280 0 0.011548044400431641 0.00014844988895899511
1016 280 0 0.011513973488124574 0.00014642468168356466
0 288 0 7.5335284780790861e-07 2.9772948225115293e-07
8 288 0 7.7730884065519072e-07 3.0615225070225006e-07
16 288 0 8.2583834322135868e-07 3.2317857724443458e-07
24 288 0 9.0018933266723954e-07 3.4917294122313958e-07
32 288 0 1.0022662726999442e-06 3.8468932698653348e-07
40 288 0 1.1346694966674374e-06 4.304799827633217e-07
48 288 0 1.3007483466610321e-06 4.8750716083878679e-07
56 288 0 1.5046685795301357e-06 5.5695788076543955e-07
64 288 0 1.7514946456407184e-06 6.4026175486957101e-07
72 288 0 2.0472875216428157e-06 7.3911190564878079e-07
80 288 0 2.3992188323248274e-06 8.5548898753892902e-07
88 288 0 2.8157020270026112e-06 9.9168830106778676e-07
96 288 0 3.3065413809688399e-06 1.1503499559459154e-06
104 288 0 3.8830995700796406e-06 1.3344920015675051e-06
112 288 0 4.5584845136966233e-06 1.5475463989602329e-06
120 288 0 5.3477560943260908e-06 1.7933976573748289e-06
128 288 0 6.2681532373174528e-06 2.0764239009596917e-06
136 288 0 7.3393416669825501e-06 2.4015400654215875e-06
144 288 0 8.5836824438225838e-06 2.7742428500650892e-06
152 288 0 1.0026521131305462e-05 3.20065696603588e-06
160 288 0 1.1696497144445109e-05 3.6875821264443118e-06
168 288 0 1.3625872507185453e-05 4.2425401190014035e-06
176 288 0 1.5850878909816213e-05 4.873821189432032e-06
184 288 0 1.8412081638068853e-05 5.5905288493007797e-06
192 288 0 2.1354758676316373e-05 6.4026221129178018e-06
200 288 0 2.4729293107566735e-05 7.3209540754477258e-06
208 288 0 2.8591576882391935e-05 8.3573056812564352e-06
216 288 0 3.3003424141490676e-05 9.5244135119997058e-06
224 288 0 3.8032992572500954e-05 1.0835990461284794e-05
232 288 0 4.3755211758971791e-05 1.2306738266999197e-05
240 288 0 5.0252218105729155e-05 1.3952351047720716e-05
248 288 0 5.761379663154251e-05 1.5789509231435042e-05
256 288 0 6.5937830599755413e-05 1.7835863557669703e-05
264 288 0 7.5330760467843535e-05 2.0110009150646612e-05
272 288 0 8.5908053809862617e-05 2.263144996208759e-05
280 288 0 9.7794687525534232e-05 2.5420554119512276e-05
288 288 0 0.00011112564263625118 2.8498500836152021e-05
296 288 0 0.00012604641016620546 3.1887219490631211e-05
304 288 0 0.00014271350397600499 3.5609321226984415e-05
312 288 0 0.0001612949730195448 3.9688022935796752e-05
320 288 0 0.00018197090151877101 4.41470627599753e-05
328 288 0 0.00020493388131196318 4.9010605362340083e-05
336 288 0 0.00023038943656568067 5.4303134172421259e-05
344 288 0 0.00025855637767371219 6.0049326807714307e-05
352 288 0 0.00028966705905983842 6.6273908980189777e-05
360 288 0 0.00032396751528277233 7.3001481608145563e-05
368 288 0 0.00036171745172294427 8.0256315711125441e-05
376 288 0 0.00040319007042327598 8.8062110103175083e-05
384 288 0 0.00044867171829668975 9.6441708003373926e-05
392 288 0 0.00049846135351416777 0.00010541677047232417
400 288 0 0.00055286983572248915 0.00011500740699752203
408 288 0 0.00061221905577783157 0.00012523176643903068
416 288 0 0.00067684092966462757 0.00013610559467499802
424 288 0 0.00074707628785085215 0.00014764176835164273
432 288 0 0.00082327369424128676 0.00015984981680259409
440 288 0 0.0009057882271252428 0.00017273544611578031
448 288 0 0.00099498024752071412 0.00018630008019495151
456 288 0 0.001091214168138431 0.00020054043328034815
464 288 0 0.0011948572195600814 0.00021544812668189417
472 288 0 0.0013062781905685287 0.00023100935951927927
480 288 0 0.0014258460989013929 0.00024720463930356148
488 288 0 0.0015539287294369 0.00026400857363592721
496 288 0 0.0016908909614918868 0.00028138971966061685
504 288 0 0.0018370927978248232 0.0002993104837721377
512 288 0 0.0019928870068332293 0.00031772706101299919
520 288 0 0.0021586162971850642 0.00033658940208947195
528 288 0 0.0023346099605164598 0.00035584119629834604
536 288 0 0.0025211799415017942 0.00037541986099256294
544 288 0 0.0027186163231435801 0.00039525653235625942
552 288 0 0.002927182245347736 0.00041527605779020796
560 288 0 0.0031471083032004023 0.00043539699648421611
568 288 0 0.0033785864944745002 0.0004555316409798134
576 288 0 0.0036217638011218122 0.00047558607785868918
584 288 0 0.0038767354954210684 0.00049546030934691796
592 288 0 0.0041435382581838575 0.00051504845899919081
600 288 0 0.00442214318576898 0.00053423908339829667
608 288 0 0.0047124487479372201 0.00055291560799606079
616 288 0 0.0050142737441805701 0.00057095689922604786
624 288 0 0.00532735029686784 0.00058823797756534391
632 288 0 0.0056513169197136663 0.00060463086829536192
640 288 0 0.005985711712759835 0.00062000557941937345
648 288 0 0.0063299657612883404 0.00063423119060997298
656 288 0 0.0066833968543925128 0.00064717703405744488
664 288 0 0.0070452036852501395 0.00065871394819068136
672 288 0 0.0074144607431719496 0.00066871558850207461
680 288 0 0.007790114149521043 0.00067705978566423661
688 288 0 0.0081709787176592538 0.00068362994881614701
696 288 0 0.0085557365243925515 0.00068831651994834785
704 288 0 0.0089429372627583027 0.00069101849211286592
712 288 0 0.0093310006029805326 0.0006920766578076866
720 288 0 0.0097182207240267653 0.00069485290269216682
728 288 0 0.010102773100926226 0.00069554948960195463
736 288 0 0.010482723555081213 0.00069409107310067567
744 288 0 0.010856039510654659 0.00069041807263406363
752 288 0 0.011220603364221659 0.00068448899391979415
760 288 0 0.011574227879189743 0.00067628275108508502
768 288 0 0.011914673567873528 0.00066580089460291196
776 288 0 0.012239668122076277 0.00065306963087578655
784 288 0 0.012546928088327344 0.00063814150635884206
792 288 0 0.012834183138181215 0.00062109662461945318
800 288 0 0.013099203430712858 0.00060204327026364482
808 288 0 0.01333983067131606 0.00058111782992402439
816 288 0 0.013554013503759085 0.00055848392720924019
824 288 0 0.013739847799174611 0.00053433072436210455
832 288 0 0.013895622201507682 0.00050887038613255629
840 288 0 0.014019868941084274 0.00048233474807590077
848 288 0 0.014111419439268481 0.00045497127868825323
856 288 0 0.014169463618552388 0.00042703846888118673
864 288 0 0.014193611143197522 0.00039880081983643782
872 288 0 0.014183952101673312 0.00037052362830463162
880 288 0 0.014141113972215626 0.00034246778469822041
888 288 0 0.014066311162197413 0.00031488480257483784
896 288 0 0.013961383055444308 0.00028801228802585385
904 288 0 0.013828816405385967 0.00026207003479560877
912 288 0 0.01367174812591427 0.00023725689729083704
920 288 0 0.01349394508283441 0.00021374855136975686
928 288 0 0.013299758375658237 0.00020570758505428048
936 288 0 0.013094050790603957 0.0002119532511256645
944 288 0 0.012882097539478292 0.0002126355519272375
952 288 0 0.012669461987551055 0.0002126355519272375
960 288 0 0.012461849708172644 0.00020761227937841041
968 288 0 0.012264945762417958 0.00019690394575468638
976 288 0 0.012084241466190493 0.00018070429622746471
984 288 0 0.011924857961286535 0.00015938350490395797
992 288 0 0.011791374555912103 0.00013348340537443215
1000 288 0 0.011687669976580124 0.00010370457933197956
1008 288 0 0.011616784343808242 7.0885632771881465e-05
1016 288 0 0.011580808853082891 6.6835364958316504e-05
0 296 0 1.0510823300590615e-06 4.076581529835763e-07
8 296 0 1.0834610913574408e-06 4.1879583428279174e-07
16 296 0 1.1490169204657933e-06 4.4129770991087738e-07
24 296 0 1.2493622738903791e-06 4.75620165888579e-07
32 296 0 1.3869555996864776e-06 5.2245619535010105e-07
40 296 0 1.5651494794307591e-06 5.8274553259112263e-07
48 296 0 1.7882555074998188e-06 6.5768821931917536e-07
56 296 0 2.0616264602955753e-06 7.4876163483159269e-07
64 296 0 2.3917564005102894e-06 8.5774101277751904e-07
72 296 0 2.7863994272915964e-06 9.8672344876227136e-07
80 296 0 3.2547078198637564e-06 1.1381553751581228e-06
88 296 0 3.807390328070398e-06 1.3148634424931795e-06
96 296 0 4.4568913369147553e-06 1.5200887014921995e-06
104 296 0 5.2175915716471457e-06 1.7575239271914656e-06
112 296 0 6.1060309126568562e-06 2.0313538673786146e-06
120 296 0 7.1411537517009197e-06 2.3462981323666487e-06
128 296 0 8.3445771382771445e-06 2.7076563716646936e-06
136 296 0 9.7408817324041376e-06 3.1213553046674314e-06
144 296 0 1.1357925293887673e-05 3.593997085729448e-06
152 296 0 1.3227178097341342e-05 4.1329083874141109e-06
160 296 0 1.538407927088942e-05 4.7461894782098369e-06
168 296 0 1.7868412626186856e-05 5.4427624526725988e-06
176 296 0 2.0724700099248245e-05 6.2324176449515618e-06
184 296 0 2.4002610487369632e-05 7.1258571260727308e-06
192 296 0 2.7757380789234175e-05 8.1347340598410362e-06
200 296 0 3.205024718301446e-05 9.2716865841416317e-06
208 296 0 3.694888256364837e-05 1.0550364809408884e-05
216 296 0 4.2527837653490382e-05 1.1985449501721138e-05
224 296 0 4.8868983033785748e-05 1.3592661061894103e-05
232 296 0 5.6061950025970988e-05 1.538875753862657e-05
240 296 0 6.4204569153449871e-05 1.7391520631353699e-05
248 296 0 7.3403305862977552e-05 1.9619728945261753e-05
256 296 0 8.3773694157425116e-05 2.2093118142253122e-05
264 296 0 9.5440769618490147e-05 2.4832328058014777e-05
272 296 0 0.00010853950377195021 2.7858837282201081e-05
280 296 0 0.00012321524164504651 3.1194886068751506e-05
288 296 0 0.00013962414347240321 3.4863388691115096e-05
296 296 0 0.00015793362965683667 3.8887836416734873e-05
304 296 0 0.0001783228252029894 4.329219208961199e-05
312 296 0 0.00020098299595534155 4.810077684212801e-05
320 296 0 0.00022611796427874631 5.3338148701110476e-05
328 296 0 0.00025394448667430327 5.9028971841466817e-05
336 296 0 0.00028469257073810193 6.5197874051436283e-05
344 296 0 0.0003186057044814265 7.186928872926539e-05
352 296 0 0.00035594096804002819 7.9067276592855059e-05
360 296 0 0.00039696899689091789 8.6815321437393211e-05
368 296 0 0.00044197376743406971 9.5136093911772732e-05
376 296 0 0.00049125218052645107 0.0001040511775732112
384 296 0 0.00054511342630006367 0.00011358075254412441
392 296 0 0.00060387812398649194 0.00012374323398598884
400 296 0 0.00066787724272001118 0.00013455486527769601
408 296 0 0.00073745082221686226 0.00014602926909157215
416 296 0 0.00081294652433962558 0.00015817696324521731
424 296 0 0.00089471805620249488 0.00017100485192979374
432 296 0 0.00098312351104388085 0.00018451570627525129
440 296 0 0.0010785236732410231 0.00019870765079586599
448 296 0 0.0011812803277156656 0.00021357367368801368
456 296 0 0.0012917546014187791 0.00022910117894125721
464 296 0 0.0014103053462419756 0.00024527159662988095
472 296 0 0.001537287550087808 0.00026206006460980031
480 296 0 0.0016730507382049543 0.00027943519038627594
488 296 0 0.0018179373030728272 0.00029735889655996446
496 296 0 0.0019722806811525036 0.00031578634757589621
504 296 0 0.0021364032815969609 0.00033466595015925124
512 296 0 0.0023106140678462285 0.00035393941550586122
520 296 0 0.0024952056992745362 0.00037354186861126909
528 296 0 0.0026904511568148059 0.00039340198951286903
536 296 0 0.0028965998024943571 0.00041344217288881609
544 296 0 0.0031138728554998395 0.00043357869632054029
552 296 0 0.003342458303137944 0.00045372189319699014
560 296 0 0.0035825052996846184 0.00047377633306032495
568 296 0 0.0038341181354543136 0.00049364101930306735
576 296 0 0.0040973498789805014 0.00051320962056539392
584 296 0 0.0043721958047679864 0.00053237075701670876
592 296 0 0.0046585867171830483 0.00055100836516679477
600 296 0 0.0049563822691672766 0.00056900216445010358
608 296 0 0.0052653643559332809 0.00058622824544429276
616 296 0 0.005585230643406618 0.00060255979351515714
624 296 0 0.0059155882744331839 0.00061786795361676219
632 296 0 0.0062559477880090282 0.00063202283293283847
640 296 0 0.0066057172921792084 0.00064489462923260008
648 296 0 0.0069641969518983134 0.00065635486547045187
656 296 0 0.0073305738884499577 0.00066627770636851734
664 296 0 0.0077039176334408209 0.00067454133123929279
672 296 0 0.0080831763316740243 0.00068102933941805756
680 296 0 0.0084671739351852796 0.00068563217011530231
688 296 0 0.0088546086664754008 0.00068824852644003634
696 296 0 0.0092440530443408993 0.0006887868024678459
704 296 0 0.0096339557548711686 0.00069101849211286592
712 296 0 0.01002264561104785 0.00069164500806731706
720 296 0 0.010408337779507218 0.00069011705548045234
728 296 0 0.010789142369876676 0.00068636926895044963
736 296 0 0.011163075392495928 0.00068035183741471487
744 296 0 0.011528072009059618 0.00067203249840495916
752 296 0 0.011882001943379015 0.0006613985791573563
760 296 0 0.012222686899875945 0.00064845902068620155
768 296 0 0.012547919864882689 0.00063324629700916082
776 296 0 0.012855486242623166 0.00061581812054688906
784 296 0 0.013143186897459011 0.00059625880913166673
792 296 0 0.013408863320775488 0.00057468018259427232
800 296 0 0.013650425290240971 0.00055122185952811292
808 296 0 0.013865881510008463 0.00052605083869240211
816 296 0 0.014053373778504357 0.00049936027474527245
824 296 0 0.014211215192819692 0.00047136739364508039
832 296 0 0.014337932738644463 0.00044231053713678081
840 296 0 0.014432314316450189 0.00041244537536591457
848 296 0 0.014493459817568348 0.00038204037829986728
856 296 0 0.014520835304954191 0.00035137168640180308
864 296 0 0.014514328708208065 0.00032071756501054344
872 296 0 0.014474304763258106 0.00029035266158479456
880 296 0 0.01440165627968968 0.00026054230747405392
888 296 0 0.014297848276374548 0.00023153711417713517
896 296 0 0.014164951162634325 0.00020356810719001674
904 296 0 0.014005659024075795 0.0001823697734648199
912 296 0 0.013823289250610975 0.0002015290025776089
920 296 0 0.013621760248033367 0.00021621544238818735
928 296 0 0.013405544805645179 0.00022594698294278043
936 296 0 0.013179597822702399 0.00023033935465506875
944 296 0 0.01294925846804733 0.00023033935465506875
952 296 0 0.012720128375873619 0.00022913009217371064
960 296 0 0.012497929061157214 0.00022219931471640503
968 296 0 0.012288343253563915 0.00020958580759329951
976 296 0 0.012096846178701604 0.00019149707486231134
984 296 0 0.011928533848370572 0.00016831233033103195
992 296 0 0.011787956062872947 0.00014057778549762465
1000 296 0 0.011678962011115554 0.00010899405175739292
1008 296 0 0.01160456604421143 9.2719706456714096e-05
1016 296 0 0.011566840398829239 9.4283145687301326e-05
0 304 0 1.4587404830426378e-06 5.5503749285590184e-07
8 304 0 1.5022569256402325e-06 5.6967510926524905e-07
16 304 0 1.5903146303766706e-06 5.992317811486006e-07
24 304 0 1.7249824397789581e-06 6.442742201762163e-07
32 304 0 1.9094117950365787e-06 7.0566209037273536e-07
40 304 0 2.1478950120218817e-06 7.8455955594912965e-07
48 304 0 2.4459437268189942e-06 8.8245072167709007e-07
56 304 0 2.8103880951271679e-06 1.0011589836168681e-06
64 304 0 3.2494974132878085e-06 1.1428702902885542e-06
72 304 0 3.7731228760538678e-06 1.3101602846400978e-06
80 304 0 4.3928631950218792e-06 1.50602525539404e-06
88 304 0 5.1222537705635775e-06 1.7339167733654441e-06
96 304 0 5.9769800384069548e-06 1.9977798255800868e-06
104 304 0 6.9751154988386114e-06 2.3020941892471358e-06
112 304 0 8.1373847800354708e-06 2.651918710555548e-06
120 304 0 9.4874518840675684e-06 3.0529380711192561e-06
128 304 0 1.1052233509941838e-05 3.5115115381652531e-06
136 304 0 1.2862237037071569e-05 4.0347231027542056e-06
144 304 0 1.4951922379617121e-05 4.6304323120484097e-06
152 304 0 1.7360086484755453e-05 5.3073249949324162e-06
160 304 0 2.0130268749099257e-05 6.0749629632718288e-06
168 304 0 2.3311175078859455e-05 6.9438316429358906e-06
176 304 0 2.6957117744199806e-05 7.9253844507495722e-06
184 304 0 3.1128467613442363e-05 9.0320825904708572e-06
192 304 0 3.5892114849075211e-05 1.0277428801683224e-05
200 304 0 4.1321933767156092e-05 1.1675993473890962e-05
208 304 0 4.7499247373057253e-05 1.3243431452335923e-05
216 304 0 5.451328715521152e-05 1.4996487833588558e-05
224 304 0 6.2461644095679851e-05 1.6952991100202948e-05
232 304 0 7.1450707564597559e-05 1.9131832094636036e-05
240 304 0 8.1596089784803571e-05 2.155292759664526e-05
248 304 0 9.3023034808239306e-05 2.4237167647930022e-05
256 304 0 0.00010586681229967824 2.7206346250246977e-05
264 304 0 0.00012027309767650492 3.0483075617961328e-05
272 304 0 0.00013639834105415129 3.4090684743398126e-05
280 304 0 0.00015441012771379801 3.8053103566631423e-05
288 304 0 0.0001744875321635183 4.2394734451488113e-05
296 304 0 0.00019682146607357155 4.7140312873591739e-05
304 304 0 0.00022161501729260139 5.231475914851418e-05
312 304 0 0.00024908377279746956 5.7943022613044166e-05
320 304 0 0.00027945611297985678 6.4049918898402677e-05
328 304 0 0.00031297345851577008 7.0659959824428097e-05
336 304 0 0.00034989044478953821 7.7797174075085239e-05
344 304 0 0.00039047499321069189 8.5484915320118945e-05
352 304 0 0.00043500824463288325 9.3745653006887283e-05
360 304 0 0.0004837843183283111 0.00010260073987763995
368 304 0 0.00053710986134584244 0.00011207014960162083
376 304 0 0.00059530335809966227 0.00012217217796406041
384 304 0 0.00065869417884418808 0.00013292310199379119
392 304 0 0.00072762135797248078 0.0001443367933269701
400 304 0 0.00080243210799770719 0.00015642428497909366
408 304 0 0.00088348009130843441 0.00016919329439084936
416 304 0 0.0009711234875848429 0.00018264770985893333
424 304 0 0.0010657229081322886 0.00019678705188196349
432 304 0 0.0011676392173191321 0.00021160592508461364
440 304 0 0.0012772313240368891 0.000227093479737253
448 304 0 0.0013948540014036793 0.00024323290399712641
456 304 0 0.0015208557803600363 0.00026000096848339854
464 304 0 0.0016555769428718565 0.00027736764343650909
472 304 0 0.0017993476146976083 0.00029529580547490324
480 304 0 0.0019524859285912303 0.00031374104604839316
488 304 0 0.0021152961996327917 0.00033265158752187121
496 304 0 0.0022880670287283998 0.00035196830602517246
504 304 0 0.0024710692317562121 0.00037162485352694626
512 304 0 0.0026645534833520898 0.00039154786583212508
520 304 0 0.0028687475678858053 0.0004116572391089598
528 304 0 0.0030838531463276749 0.00043186645570899088
536 304 0 0.0033100419753831732 0.00045208294078768379
544 304 0 0.0035474515518203798 0.00047220843458364555
552 304 0 0.0037961801963349341 0.00049213937084570218
560 304 0 0.0040562816327449434 0.00051176725915832652
568 304 0 0.004327759154757381 0.00053097907689509533
576 304 0 0.0046105594995458953 0.00054965768416081941
584 304 0 0.0049045665617846951 0.00056768228128337324
592 304 0 0.0052095950823498431 0.0005849289322346074
600 304 0 0.0055253844336173802 0.00060127117812096981
608 304 0 0.0058515926013775737 0.00061658076229768616
616 304 0 0.0061877904369217751 0.00063072848288762366
624 304 0 0.0065334562280499461 0.00064358518014457841
632 304 0 0.0068879706209418667 0.00065502285620232248
640 304 0 0.0072506119214118085 0.00066491591457975945
648 304 0 0.0076205518173687653 0.00067314249775455703
656 304 0 0.007996851594818475 0.00067958589446432023
664 304 0 0.0083784589646801137 0.00068413598514396531
672 304 0 0.0087642056710920818 0.00068669069460101928
680 304 0 0.0091528061053005819 0.00068715742563082126
688 304 0 0.0095428571929154372 0.00068824852644003634
696 304 0 0.0099328398468087453 0.0006887868024678459
704 304 0 0.010321122275745253 0.00068716652087408465
712 304 0 0.010705965406079449 0.00068331979503159952
720 304 0 0.011085530611412495 0.00067719283190527738
728 304 0 0.011457889859127591 0.00066874748925091487
736 304 0 0.011821038284314011 0.00065796289181808271
744 304 0 0.01217290910555251 0.00064483709649289234
752 304 0 0.012511390719832033 0.00062938877645301802
760 304 0 0.012834345770983233 0.00061165887110728803
768 304 0 0.013139631989083213 0.00059171212420052431
776 304 0 0.013425124652414805 0.00056963840979163891
784 304 0 0.013688740625300023 0.00054555372784101212
792 304 0 0.013928464061480107 0.00051960074070461944
800 304 0 0.014142374011515312 0.00049194872127434133
808 304 0 0.014328674304406916 0.00046279279439845333
816 304 0 0.014485726154642227 0.00043235237613786955
824 304 0 0.014612083942631127 0.00040086874981143557
832 304 0 0.014706534500618037 0.00036860176197357417
840 304 0 0.014768139989182385 0.000335825672732196
848 304 0 0.014796284067184435 0.00030282424961608663
856 304 0 0.014790720553426034 0.00026988524847184302
864 304 0 0.014751623182573071 0.00023729447436500635
872 304 0 0.014679634419378836 0.00020532965612072955
880 304 0 0.014575910676138023 0.00017425439644834333
888 304 0 0.014442160749249599 0.00016148682525765623
896 304 0 0.014280673923991943 0.00018633986587845812
904 304 0 0.014094334058113485 0.00020771796153116681
912 304 0 0.013886616096582318 0.00022505417377512854
920 304 0 0.013661561922807189 0.00023782870221730409
928 304 0 0.013423733220589885 0.00024559313896949792
936 304 0 0.013178140081620387 0.00024799468972882752
944 304 0 0.01293014539189156 0.00024799468972882752
952 304 0 0.012685346487049535 0.00024479890484202516
960 304 0 0.01244943708076348 0.00023590940628605457
968 304 0 0.012228053928298196 0.0002213831524652838
976 304 0 0.012026613973015021 0.00020143995528317492
984 304 0 0.011850148726980411 0.00017646524603461
992 304 0 0.01170314326573314 0.00016421863537363808
1000 304 0 0.011589387404830176 0.00016836208952193156
1008 304 0 0.011511846337754716 0.00017108202977090571
1016 304 0 0.011472557253141938 0.00017242895722451891
0 312 0 2.0137779758985397e-06 7.5142124779090919e-07
8 312 0 2.0719320349054816e-06 7.7053990615554764e-07
16 312 0 2.1895464115252712e-06 8.0912390224093482e-07
24 312 0 2.3692566599551744e-06 8.6787089444228489e-07
32 312 0 2.615073885409314e-06 9.478381302509641e-07
40 312 0 2.9324545679710114e-06 1.050455383576436e-06
48 312 0 3.3283944484960843e-06 1.1775422338302582e-06
56 312 0 3.811547078744036e-06 1.3313296869245303e-06
64 312 0 4.3923677035763626e-06 1.5144861097182272e-06
72 312 0 5.0832831606939656e-06 1.7301474054539822e-06
80 312 0 5.8988884504159192e-06 1.9819512985536478e-06
88 312 0 6.8561705439290216e-06 2.2740755241711114e-06
96 312 0 7.9747598639870416e-06 2.6112796334723725e-06
104 312 0 9.2772096880857471e-06 2.9989500326177712e-06
112 312 0 1.0789303490591019e-05 3.4431477747995966e-06
120 312 0 1.2540389955186824e-05 3.9506585228802276e-06
128 312 0 1.4563745048107091e-05 4.5290439966186925e-06
136 312 0 1.6896960139825775e-05 5.1866941132606269e-06
144 312 0 1.9582354691665531e-05 5.9328789220725737e-06
152 312 0 2.2667411479687869e-05 6.7777993197820176e-06
160 312 0 2.6205231712371086e-05 7.7326354119805695e-06
168 312 0 3.0255006721795345e-05 8.8095912532111042e-06
176 312 0 3.4882502194949379e-05 1.0021934555673156e-05
184 312 0 4.0160550203913221e-05 1.1384029806895679e-05
192 312 0 4.6169543650758435e-05 1.2911363089050178e-05
200 312 0 5.2997927241047054e-05 1.4620556761444245e-05
208 312 0 6.0742678825393177e-05 1.6529372073752265e-05
216 312 0 6.9509774988800078e-05 1.865669774615101e-05
224 312 0 7.9414635195882799e-05 2.1022522611566628e-05
232 312 0 9.0582539659233595e-05 2.3647890591109701e-05
240 312 0 0.00010314901738144883 2.6554836586538207e-05
248 312 0 0.00011726020245616933 2.9766302331459278e-05
256 312 0 0.00013307315854992521 3.3306031836978619e-05
264 312 0 0.00015075617329446625 3.7198446767251129e-05
272 312 0 0.00017048902579754941 4.1468502832010828e-05
280 312 0 0.00019246323128042944 4.6141529010469142e-05
288 312 0 0.00021688226661500641 5.1243052030217805e-05
296 312 0 0.00024396177894716329 5.6798608913794868e-05
304 312 0 0.00027392977644111557 6.2833550476376653e-05
312 312 0 0.00030702679541051372 6.9372838332338064e-05
320 312 0 0.00034350603187825946 7.6440837203920332e-05
328 312 0 0.00038363341834019818 8.4061103130814293e-05
336 312 0 0.00042768761886462345 9.2256166626248802e-05
344 312 0 0.00047595990853081083 0.00010104730805124488
352 312 0 0.00052875389763977054 0.00011045432068490242
360 312 0 0.00058638505820595105 0.00012049525540480893
368 312 0 0.00064918001094746327 0.00013118613983251594
376 312 0 0.00071747553606372268 0.00014254066451191568
384 312 0 0.00079161728083797928 0.00015456982939539472
392 312 0 0.00087195815129945088 0.00016728154575218837
400 312 0 0.00095885639297680085 0.00018068019160591973
408 312 0 0.0010526733856992838 0.00019476612283273538
416 312 0 0.0011537711974437762 0.00020953514683642676
424 312 0 0.0012625099600142521 0.0002249779708519866
432 312 0 0.0013792451424037458 0.00024107964189601047
440 312 0 0.0015043248037741421 0.00025781899960645267
448 312 0 0.0016380869054008057 0.0002751681661302568
456 312 0 0.0017808567488434349 0.00029309209834392611
464 312 0 0.0019329445863083656 0.00031154822670416177
472 312 0 0.0020946434201725116 0.0003304862018160804
480 312 0 0.0022662269746396234 0.00034984776452421902
488 312 0 0.0024479477871546629 0.00036956674839141003
496 312 0 0.0026400353347535723 0.00038956921548672935
504 312 0 0.0028426940852831583 0.00040977371828883466
512 312 0 0.0030561013491842148 0.00043009167314419757
520 312 0 0.0032804048069947651 0.00045042782499423459
528 312 0 0.0035157196020366658 0.00047068077974900951
536 312 0 0.003762124916170857 0.00049074358022983258
544 312 0 0.0040196599864040254 0.00051050430417945176
552 312 0 0.0042883195671806363 0.00052984666821177719
560 312 0 0.0045680488919032699 0.00054865062912621762
568 312 0 0.0048587382316524763 0.00056679298280430841
576 312 0 0.0051602171837067147 0.00058414796978120687
584 312 0 0.0054722488430680684 0.00060058790431105711
592 312 0 0.0057945240145844505 0.00061598384918679864
600 312 0 0.00612665561173835 0.00063020636084793868
608 312 0 0.0064681733636752599 0.00064312632792443581
616 312 0 0.0068185189198093988 0.00065461592131354097
624 312 0 0.0071770414081945245 0.00066454966567099354
632 312 0 0.0075429934771441892 0.00067280563178848899
640 312 0 0.007915527835991568 0.00067926673804886983
648 312 0 0.0082936943151233223 0.00068382213850655231
656 312 0 0.0086764374892827952 0.00068636866661755599
664 312 0 0.009062594949824079 0.0006868122984858803
672 312 0 0.0094508963656931011 0.00068669069460101928
680 312 0 0.0098399635309314032 0.00068715742563082126
688 312 0 0.010228311648050143 0.00068545445513470624
696 312 0 0.010614352131018197 0.00068151228420945155
704 312 0 0.010996397219720152 0.00067527494397489826
712 312 0 0.011372666673789335 0.00066670126770988596
720 312 0 0.011741296756716016 0.00065576614530352129
728 312 0 0.012100351635640392 0.00064246177651280066
736 312 0 0.012447837218307542 0.00062679893399353141
744 312 0 0.012781717340777024 0.00060880823522451409
752 312 0 0.013099932124638433 0.00058854140480639992
760 312 0 0.01340041825757526 0.00056607248659202788
768 312 0 0.013681130929961897 0.00054149894087868362
776 312 0 0.013940067190647812 0.00051494253823300765
784 312 0 0.014175290566806602 0.00048654994150657861
792 312 0 0.014384956915771184 0.00045649285429107643
800 312 0 0.01456734162165694 0.00042496761014162825
808 312 0 0.01472086838876086 0.00039219408435394419
816 312 0 0.014844139984579591 0.00035841382993736376
824 312 0 0.014935971314194919 0.00032388737156379202
832 312 0 0.014995425134983826 0.00028889063436578905
840 312 0 0.01502185052521619 0.00025371053603380489
848 312 0 0.015014923894454295 0.00021863982726985989
856 312 0 0.014974691876567798 0.00018397132314176314
864 312 0 0.014901614904308037 0.00014999172173496556
872 312 0 0.014796609671615625 0.00013552156733661475
880 312 0 0.01466108810427901 0.00016409815569820574
888 312 0 0.014496989948580804 0.00019018422744180447
896 312 0 0.014306805721139 0.00021321911485613042
904 312 0 0.014093586606282869 0.00023264861395763496
912 312 0 0.013860937992325234 0.0002479442546395403
920 312 0 0.013612993737685694 0.00025862477804681344
928 312 0 0.013354368959638881 0.00026427883759903154
936 312 0 0.013090090122039849 0.00026458770728587759
944 312 0 0.012825502414753972 0.00026458770728587759
952 312 0 0.012566155791773283 0.00025934662298068845
960 312 0 0.012317672471564539 0.00024848332020874393
968 312 0 0.012085600093458802 0.00023207237810573753
976 312 0 0.011875255955464774 0.00022912980511734064
984 312 0 0.011691568725586443 0.00023527974791901808
992 312 0 0.011538924630359501 0.00024001909908326867
1000 312 0 0.011421025315308244 0.00024346315882013345
1008 312 0 0.01134076430798381 0.00024570473032736045
1016 312 0 0.011300128295917419 0.00024680879414155053
0 320 0 2.7651992236894489e-06 1.0114910666764536e-06
8 320 0 2.8424719410610292e-06 1.036307006626809e-06
16 320 0 2.9986703137662061e-06 1.0863621266373549e-06
24 320 0 3.2371275543974593e-06 1.1625076366078377e-06
32 320 0 3.5629120156602781e-06 1.2660321841217971e-06
40 320 0 3.9829099515474474e-06 1.3986760718525988e-06
48 320 0 4.5059366823263425e-06 1.5626502275127703e-06
56 320 0 5.1428767656685663e-06 1.7606599057877064e-06
64 320 0 5.9068538132945898e-06 1.9959330598557544e-06
72 320 0 6.8134305661479478e-06 2.2722532587162569e-06
80 320 0 7.880839748969567e-06 2.5939969460841534e-06
88 320 0 9.1302460681001329e-06 2.9661747391939634e-06
96 320 0 1.0586039497459414e-05 3.3944763550029301e-06
104 320 0 1.2276159720703518e-05 3.8853186314012618e-06
112 320 0 1.4232451265390615e-05 4.4458959867702618e-06
120 320 0 1.6491048478067052e-05 5.0842325367023951e-06
128 320 0 1.9092789044725784e-05 5.8092349647911724e-06
136 320 0 2.2083654253086402e-05 6.6307451261774402e-06
144 320 0 2.5515233613738104e-05 7.559591246988685e-06
152 320 0 2.9445210799469887e-05 8.6076364670349264e-06
160 320 0 3.3937867124351656e-05 9.7878233530729423e-06
168 320 0 3.906459797500645e-05 1.1114212881688855e-05
176 320 0 4.4904436750622534e-05 1.2602016252307408e-05
184 320 0 5.1544580010808899e-05 1.4267617743800121e-05
192 320 0 5.9080906739808614e-05 1.6128586680190898e-05
200 320 0 6.7618484002491299e-05 1.8203676436809223e-05
208 320 0 7.7272050899145441e-05 2.051280832038187e-05
216 320 0 8.8166472734951088e-05 2.3077038124293716e-05
224 320 0 0.00010043715780744943 2.5918503227245442e-05
232 320 0 0.0001142304302503433 2.9060348303567896e-05
240 320 0 0.00012970385396798704 3.2526628074708676e-05
248 320 0 0.00014702650478762861 3.6342186069716193e-05
256 320 0 0.00016637919038690383 4.0532509074646313e-05
264 320 0 0.00018795462006171738 4.5123557808440302e-05
272 320 0 0.00021195752862956024 5.0141575309347653e-05
280 320 0 0.00023860476029089858 5.5612875466239862e-05
288 320 0 0.00026812531864522422 6.1563614974262859e-05
296 320 0 0.00030076038786095815 6.8019552610758044e-05
304 320 0 0.00033676332691749222 7.5005799991669539e-05
312 320 0 0.00037639963374285179 8.2546567774971426e-05
320 320 0 0.00041994686908217979 9.0664910557645788e-05
328 320 0 0.00046769452147101247 9.9382472454688942e-05
336 320 0 0.00051994378549087225 0.00010871923361232812
344 320 0 0.00057700721658205572 0.00011869325583255578
352 320 0 0.00063920821832467295 0.00012932042328975951
360 320 0 0.00070688031361075998 0.00014061417228462738
368 320 0 0.00078036615077997922 0.00015258520242717539
376 320 0 0.00086001620057563836 0.00016524116089437128
384 320 0 0.000946187110233374 0.0001785862917532316
392 320 0 0.0010392396970516392 0.00019262104397612593
400 320 0 0.0011395365845827206 0.00020734163477183036
408 320 0 0.0012474395085320192 0.00022273956912383314
416 320 0 0.001363306344280203 0.0002388011217013175
424 320 0 0.0014874879308662387 0.00025550679315376832
432 320 0 0.0016203247842997562 0.00027283075864409129
440 320 0 0.0017621438033805948 0.00029074033165923875
448 320 0 0.0019132550715310625 0.00030919546999096385
456 320 0 0.002073948847187361 0.00032814835270412622
464 320 0 0.0022444928130125274 0.00034754305646552677
472 320 0 0.002425129621988592 0.00036731535658508438
480 320 0 0.0026160747391638425 0.00038739267260240635
488 320 0 0.0028175145355460729 0.00040769417062069433
496 320 0 0.0030296045502403017 0.00042813102552033931
504 320 0 0.003252467803571993 0.00044860683657974281
512 320 0 0.0034861930223284124 0.00046901818092742612
520 320 0 0.0037308326319889997 0.00048925528169590409
528 320 0 0.0039864003817856753 0.00050920276266802709
536 320 0 0.0042528684964006896 0.00052874045927121457
544 320 0 0.0045301642905834771 0.00054774425729587316
552 320 0 0.0048181662353924135 0.00056608693557672236
560 320 0 0.0051166995210294875 0.00058363899652947356
568 320 0 0.0054255312144567847 0.00060026947793831529
576 320 0 0.0057443651534879216 0.00061584674951346927
584 320 0 0.0060728367473791255 0.00063023930711575502
592 320 0 0.0064105078637712492 0.00064331658485094166
600 320 0 0.0067568619725862887 0.00065494980936719668
608 320 0 0.0071112996915996957 0.00066501292092789079
616 320 0 0.0074731348411229397 0.00067338358196614503
624 320 0 0.0078415910738655181 0.00067994428620313588
632 320 0 0.0082157991089326782 0.00068458357091105183
640 320 0 0.0085947945740404378 0.00068719732284550951
648 320 0 0.0089775164536298746 0.00068769015635516961
656 320 0 0.0093628061559003512 0.00068636866661755599
664 320 0 0.0097494072483099593 0.0006868122984858803
672 320 0 0.010135965964203564 0.00068506959851046337
680 320 0 0.010521032644669278 0.00068106911373787445
688 320 0 0.010903064338675392 0.00067475269062524865
696 320 0 0.01128042882925139 0.00066607669823319331
704 320 0 0.011651410373226465 0.00065501315350631299
712 320 0 0.012014217429113594 0.00064155075532425915
720 320 0 0.012366992599108274 0.00062569584239225741
728 320 0 0.01270782492958695 0.0006074732939465588
736 320 0 0.013034764608611266 0.00058692739030372434
744 320 0 0.013345839982578067 0.0005641226418010431
752 320 0 0.013639076704475504 0.0005391445798370708
760 320 0 0.013912518741191416 0.00051210048361615551
768 320 0 0.014164250922745944 0.00048311999278404655
776 320 0 0.014392422722717398 0.00045235553206958608
784 320 0 0.014595273019227467 0.0004199824524208657
792 320 0 0.014771155692929489 0.00038619877715830551
800 320 0 0.014918566055992425 0.00035122443433548492
808 320 0 0.015036168248933758 0.00031529986017289797
816 320 0 0.015122823859156745 0.00027868387457715381
824 320 0 0.01517762207290619 0.0002416507587112704
832 320 0 0.015199911640408214 0.00020448650542438836
840 320 0 0.01518933478913654 0.00016748426392034985
848 320 0 0.015145862951526205 0.00013093905707190975
856 320 0 0.015069833785695715 0.00010784530284365171
864 320 0 0.014961988482852063 0.00013848067075686137
872 320 0 0.014823507812095202 0.00016746300620371773
880 320 0 0.014656044805891484 0.0001942933048390983
888 320 0 0.014461751501052385 0.00021845471327665809
896 320 0 0.014243296787775727 0.00023942454113670165
904 320 0 0.014003872246639026 0.0002566893240467244
912 320 0 0.013747182922592301 0.00026976259256462562
920 320 0 0.013477420330027676 0.0002782047156977413
928 320 0 0.013199215614329934 0.0002816439178793869
936 320 0 0.012917571696450547 0.0002816439178793869
944 320 0 0.012637774353958102 0.00027979734249244589
952 320 0 0.012365283475299693 0.00027824205184329501
960 320 0 0.012105607073814379 0.00028783222875507219
968 320 0 0.01186416196131059 0.00029570215494566232
976 320 0 0.011646126150347434 0.00030202819028369091
984 320 0 0.011456288977667425 0.00030698352223566643
992 320 0 0.011298905531276233 0.00031072906063807533
1000 320 0 0.011177562156488111 0.00031340499598417337
1008 320 0 0.01109505957765645 0.00031512345151423621
1016 320 0 0.011053319501775868 0.00031596260817714009
0 328 0 3.7766902903659025e-06 1.3537544275689614e-06
8 328 0 3.8787789476878382e-06 1.3857628327247809e-06
16 328 0 4.085032440403561e-06 1.4502915622278925e-06
24 328 0 4.399635191005297e-06 1.5483695408800328e-06
32 328 0 4.8289441997820752e-06 1.6815528785639644e-06
40 328 0 5.3815860234000461e-06 1.8519401487049723e-06
48 328 0 6.0685869098391128e-06 2.0621927569550482e-06
56 328 0 6.9035366714562727e-06 2.3155603571715822e-06
64 328 0 7.9027868731503442e-06 2.6159112144664094e-06
72 328 0 9.0856838248642047e-06 2.9677673331232608e-06
80 328 0 1.047483669505372e-05 3.3763440613009625e-06
88 328 0 1.2096420807294096e-05 3.8475937577128853e-06
96 328 0 1.3980515852462344e-05 4.3882529629169295e-06
104 328 0 1.616147835210478e-05 5.0058923658435829e-06
112 328 0 1.8678347252160877e-05 5.7089687016404346e-06
120 328 0 2.1575281014769447e-05 6.5068775662536589e-06
128 328 0 2.4902024009516956e-05 7.4100059913417935e-06
136 328 0 2.8714399379263842e-05 8.4297834926867684e-06
144 328 0 3.3074824860726789e-05 9.5787301859016877e-06
152 328 0 3.8052847266504813e-05 1.087050045169563e-05
160 328 0 4.3725690477424598e-05 1.2319920523802449e-05
168 328 0 5.0178810856695305e-05 1.394301825967271e-05
176 328 0 5.7506453002929942e-05 1.57570432322076e-05
184 328 0 6.581219775460902e-05 1.7780475149021388e-05
192 328 0 7.5209493419999511e-05 2.0033018469176576e-05
200 328 0 8.5822160439300523e-05 2.2535580959787276e-05
208 328 0 9.7784859219527312e-05 2.5310233839767374e-05
216 328 0 0.0001112435108592448 2.838015112800476e-05
224 328 0 0.00012635566103469487 3.1769525887997957e-05
232 328 0 0.00014329077855391119 3.5503461282465338e-05
240 328 0 0.00016223048204269571 3.9607834757431407e-05
248 328 0 0.0001833686908573448 4.4109134291400449e-05
256 328 0 0.00020691169946155015 4.9034266476298647e-05
264 328 0 0.00023307817787015768 5.4410337219337594e-05
272 328 0 0.00026209910393890789 6.026440701144861e-05
280 328 0 0.00029421763575713844 6.6623223905832652e-05
288 328 0 0.00032968893361948708 7.3512938465313351e-05
296 328 0 0.0003687799404717162 8.0958805823533396e-05
304 328 0 0.00041176912690916176 8.8984880510319889e-05
312 328 0 0.00045894620151782321 9.761370967769381e-05
320 328 0 0.00051061177963982558 0.00010686602972964925
328 328 0 0.00056707699392570142 0.00011676047006670316
336 328 0 0.00062866301910320037 0.00012731326574688857
344 328 0 0.0006957004724146115 0.00013853797847322962
352 328 0 0.00076852864161443247 0.00015044522267340275
360 328 0 0.00084749448589538736 0.00016304239085300769
368 328 0 0.00093295135320715461 0.00017633337024919283
376 328 0 0.0010252573614700096 0.00019031824147379374
384 328 0 0.0011247734019866056 0.00020499294967051126
392 328 0 0.0012318607410277652 0.00022034893998977502
400 328 0 0.0013468782193545509 0.00023637275204192254
408 328 0 0.0014701790776558523 0.00025304557238016705
416 328 0 0.0016021074659815205 0.00027034274974404812
424 328 0 0.001742994724020007 0.00028823328431434436
432 328 0 0.0018931555429438475 0.0003066793089707893
440 328 0 0.0020528841350398335 0.00032563558676389995
448 328 0 0.0022224505415220264 0.00034504905373174783
456 328 0 0.0024020971998914872 0.00036485843908529289
464 328 0 0.0025920358694780541 0.00038499399507984332
472 328 0 0.0027924449785736763 0.00040537736625789224
480 328 0 0.0030034674117662488 0.00042592162217525457
488 328 0 0.0032252087061667672 0.00044653146954241321
496 328 0 0.003457735575760641 0.0004671036495993079
504 328 0 0.0037010746401517358 0.00048752751545358582
512 328 0 0.0039552112032558385 0.00050768577319742179
520 328 0 0.0042200879136849037 0.00052745536108057475
528 328 0 0.0044956031444537024 0.00054670843396984001
536 328 0 0.0047816089556719042 0.00056531341663721216
544 328 0 0.0050779085478793503 0.00058313608959003997
552 328 0 0.0053842531709691359 0.00060004067522657217
560 328 0 0.0057003385175589611 0.00061589089961901905
568 328 0 0.0060258006923951 0.00063055101528283752
576 328 0 0.0063602119030013908 0.00064388678161246115
584 328 0 0.0067030760544948805 0.00065576641076372805
592 328 0 0.0070538244486221908 0.00066606149613288989
600 328 0 0.0074118117819534854 0.0006746479468894423
608 328 0 0.0077763126125275864 0.00068140695430099485
616 328 0 0.0081465184230890848 0.00068622601339208764
624 328 0 0.0085215353600686539 0.0006890000169511093
632 328 0 0.00890038267984373 0.00068963242878963132
640 328 0 0.0092819918968859473 0.00068803653073623745
648 328 0 0.0096652066099850442 0.00068769015635516961
656 328 0 0.010048782987753978 0.00068597683185362725
664 328 0 0.010431390924002472 0.00068198367569251295
672 328 0 0.010811615923797291 0.00067564995959372605
680 328 0 0.011187961844368469 0.00066692919969919134
688 328 0 0.011558854680491436 0.00065579034181604406
696 328 0 0.011922647638965327 0.00064221880971393648
704 328 0 0.012277627779115787 0.00062621740588932225
712 328 0 0.012622024496236572 0.00060780706712297745
720 328 0 0.01295402008739315 0.00058702748828487646
728 328 0 0.013271762564717992 0.00056393763513104198
736 328 0 0.013573380777218326 0.00053861616860705931
744 328 0 0.013857001780958455 0.0005111617983803874
752 328 0 0.014120770276235366 0.00048169357175986173
760 328 0 0.01436286982775053 0.00045035108655911392
768 328 0 0.014581545517231308 0.00041729459448536406
776 328 0 0.014775127660472205 0.00038270493775480717
784 328 0 0.014942056258123044 0.00034678323889557675
792 328 0 0.01508090593833104 0.00030975024540155077
800 328 0 0.01519041127623379 0.0002718452202413648
808 328 0 0.015269492517855521 0.00023332426892176336
816 328 0 0.015317281864899964 0.00019445800574321992
824 328 0 0.015333150559767146 0.00015552848686095633
832 328 0 0.015316737015712416 0.00011682537530420187
840 328 0 0.015267976140560252 8.0846350713238702e-05
848 328 0 0.015187129789847013 0.00011231183252082173
856 328 0 0.015074817957326191 0.00014276807261689485
864 328 0 0.014932049884709296 0.00017179610235119359
872 328 0 0.014760253782358103 0.00019895043529147456
880 328 0 0.014561303347066628 0.00022376454582635069
888 328 0 0.014337538801240278 0.00024575897778264695
896 328 0 0.014091779823457631 0.00026445226850710553
904 328 0 0.013827327554950525 0.00027937465337194572
912 328 0 0.013547952901578579 0.00029008426012696285
920 328 0 0.013257868641451617 0.00029895203061537472
928 328 0 0.012961683407455894 0.00031497816651114216
936 328 0 0.012664336429048979 0.00032870787034155677
944 328 0 0.01237101294987031 0.00034028130914261732
952 328 0 0.012087041423456398 0.00034986908796433465
960 328 0 0.011817774845059307 0.00035766428088340393
968 328 0 0.011568459806364928 0.00036387336230955455
976 328 0 0.011344097960063743 0.00036870643840893232
984 328 0 0.011149305455431758 0.00037236723225146998
992 328 0 0.010988176470638157 0.0003750433051647583
1000 328 0 0.010864157160503938 0.00037689699827221299
1008 328 0 0.010779936126142213 0.00037805755160817862
1016 328 0 0.010737356893598728 0.00037861480466881356
0 336 0 5.1304447179348639e-06 1.8013501178291059e-06
8 336 0 5.2645417804126191e-06 1.8423733571397225e-06
16 336 0 5.5353240026314535e-06 1.9250330107018696e-06
24 336 0 5.9480047318853298e-06 2.0505607523585925e-06
32 336 0 6.5104970783460396e-06 2.2208174084140259e-06
40 336 0 7.2335261721050185e-06 2.4383089428636683e-06
48 336 0 8.130779666794161e-06 2.7062077552065988e-06
56 336 0 9.2190970286278549e-06 3.0283792261419715e-06
64 336 0 1.0518698087616754e-05 3.4094133717719513e-06
72 336 0 1.2053451157987466e-05 3.8546613612854362e-06
80 336 0 1.3851180756354683e-05 4.3702765176125342e-06
88 336 0 1.5944014565006982e-05 4.9632592593805618e-06
96 336 0 1.8368768815379274e-05 5.6415052625328819e-06
104 336 0 2.1167370717948363e-05 6.413855930056911e-06
112 336 0 2.4387315953801312e-05 7.2901500682345653e-06
120 336 0 2.8082158581023106e-05 8.2812754871790428e-06
128 336 0 3.2312030000858749e-05 9.3992190799250616e-06
136 336 0 3.714418287195061e-05 1.0657113792776915e-05
144 336 0 4.2653555046628477e-05 1.2069280780840909e-05
152 336 0 4.8923347718200444e-05 1.3651264943356894e-05
160 336 0 5.6045611001227047e-05 1.5419861946616122e-05
168 336 0 6.4121829116368015e-05 1.7393134758812441e-05
176 336 0 7.3263496235137542e-05 1.9590417632299451e-05
184 336 0 8.3592672903630408e-05 2.2032305368986603e-05
192 336 0 9.5242511889176087e-05 2.4740625595335447e-05
200 336 0 0.0001083577413990878 2.7738391665785983e-05
208 336 0 0.00012309509305929469 3.104973373045696e-05
216 336 0 0.00013962366198724956 3.4699805479819495e-05
224 336 0 0.00015812518692269283 3.871466416104476e-05
232 336 0 0.00017879423983637653 4.3121121698628791e-05
240 336 0 0.00020183831680012712 4.7946565194568764e-05
248 336 0 0.00022747782514874525 5.3218745768424558e-05
256 336 0 0.00025594596593784879 5.8965535640928763e-05
264 336 0 0.00028748851508949528 6.5214654550643954e-05
272 336 0 0.0003223635109503565 7.1993367966416682e-05
280 336 0 0.00036084085966297109 7.9328161021090758e-05
288 336 0 0.00040320187208480043 8.7244393505866936e-05
296 336 0 0.00044973874629524959 9.5765942460506002e-05
304 336 0 0.00050075400741948165 0.00010491483968872969
312 336 0 0.00055655991119551702 0.00011471091174586085
320 336 0 0.00061747780936947483 0.0001251714294481463
328 336 0 0.00068383746399240458 0.00013631077266602388
336 336 0 0.00075597628485008894 0.00014814011410203495
344 336 0 0.00083423845088784112 0.00016066712304083856
352 336 0 0.00091897386428783521 0.00017389568692947877
360 336 0 0.0010105368767483951 0.00018782564544054972
368 336 0 0.0011092847234563474 0.00020245252880674892
376 336 0 0.0012155756029438034 0.00021776729014641623
384 336 0 0.0013297663516571169 0.00023375602066109859
392 336 0 0.0014522096810175402 0.00025039963733252259
400 336 0 0.0015832509713964735 0.00026767353528989418
408 336 0 0.0017232246500360193 0.00028554720137754694
416 336 0 0.0018724502157255686 0.00030398379141782328
424 336 0 0.0020312280083343514 0.00032293968078914289
432 336 0 0.0021998348519146368 0.00034236400556588928
440 336 0 0.0023785197218037335 0.0003621982187782583
448 336 0 0.0025674995952537742 0.00038237569245525059
456 336 0 0.0027669556389767801 0.00040282140015076521
464 336 0 0.0029770298645578975 0.00042345171590242895
472 336 0 0.0031978223448315686 0.00044417436356702011
480 336 0 0.0034293890339415034 0.0004648885450833193
488 336 0 0.0036717401757091804 0.00048548526768935323
496 336 0 0.0039248392253599489 0.00050584787911482978
504 336 0 0.0041886021556053216 0.00052585280727653234
512 336 0 0.0044628969764532603 0.00054537048826926691
520 336 0 0.0047475432747654785 0.00056426645482479665
528 336 0 0.0050423115784235424 0.00058240254821220576
536 336 0 0.0053469223723091163 0.00059963821086064361
544 336 0 0.0056610446374693903 0.00061583181551219581
552 336 0 0.005984293846195708 0.00063084198968611609
560 336 0 0.0063162294171779801 0.00064452890134151022
568 336 0 0.0066563517076779375 0.00065675548202227211
576 336 0 0.007004098684613852 0.00066738857616873912
584 336 0 0.0073588424652586085 0.00067630001810637524
592 336 0 0.0077198859447550807 0.00068336764979100295
600 336 0 0.0080864597288429277 0.00068847630114462176
608 336 0 0.0084577195668285813 0.0006915187595268827
616 336 0 0.0088327444364811724 0.00069239675483709004
624 336 0 0.0092105353770197632 0.0006910219818367265
632 336 0 0.0095900151086333613 0.00068963242878963132
640 336 0 0.0099700284276221848 0.00068803653073623745
648 336 0 0.010349343334739716 0.00068413672475467133
656 336 0 0.010726652847358112 0.00067786985960413375
664 336 0 0.011100577466315478 0.0006691865423130057
672 336 0 0.011469668313578204 0.00065805238978091339
680 336 0 0.0118324110202491 0.0006444491758806313
688 336 0 0.012187230515125075 0.00062837583463363871
696 336 0 0.012532496928737015 0.0006098492897716884
704 336 0 0.012866532873079553 0.00058890509396376627
712 336 0 0.013187622371558464 0.00056559787532189237
720 336 0 0.013494021689707786 0.00054000160231463569
728 336 0 0.013783972253404917 0.00051220968868692478
736 336 0 0.014055715742671166 0.00048233496545284013
744 336 0 0.014307511327053806 0.00045050954609535121
752 336 0 0.014537654879406696 0.0004168846031713299
760 336 0 0.014744499887672081 0.00038163005992155122
768 336 0 0.014926479697772705 0.00034493418054139767
776 336 0 0.015082130680165959 0.00030700301969375371
784 336 0 0.015210115926674055 0.00026805966855101074
792 336 0 0.015309249152780121 0.00022834321444908066
800 336 0 0.015378518593707351 0.00018810731747356119
808 336 0 0.015417110820833529 0.00014761830297800767
816 336 0 0.01542443454133678 0.00010715267643681553
824 336 0 0.015400144547174447 6.6993987407301323e-05
832 336 0 0.015344166018420992 8.7446684002519259e-05
840 336 0 0.015256719334418472 0.00011837394690694669
848 336 0 0.015138345387511526 0.0001484142623574148
856 336 0 0.014989931125154111 0.00017719644566077317
864 336 0 0.014812734679493338 0.00020616701381225705
872 336 0 0.01460840900803078 0.00023729781172327283
880 336 0 0.01437902250814334 0.00026610452788682765
888 336 0 0.014127074636548763 0.00029246093550539323
896 336 0 0.013855504222139187 0.00031628273669866321
904 336 0 0.013567687965742072 0.00033753066545511891
912 336 0 0.013267426623849592 0.00035621220185419293
920 336 0 0.012958916610836242 0.00037238166953229568
928 336 0 0.012646705240944751 0.00038613855928957067
936 336 0 0.012335628558707422 0.00039762400930193863
944 336 0 0.012030731640727692 0.00040701547147693577
952 336 0 0.011737172335492064 0.00041451969782185447
960 336 0 0.011460110564175903 0.00042036428337185322
968 336 0 0.011204586444055373 0.00042478809619419904
976 336 0 0.010975391521654811 0.00042803100355899744
984 336 0 0.010776938223180288 0.00043032336074051887
992 336 0 0.010613133165473399 0.0004318757605956472
1000 336 0 0.010487260162231725 0.00043286954523014641
1008 336 0 0.010401878574534035 0.00043344855476614395
1016 336 0 0.010358742088929914 0.00043371253349569483
0 344 0 6.9317948357639698e-06 2.3829624093144646e-06
8 344 0 7.1069151375523416e-06 2.4352020220353906e-06
16 344 0 7.4603570133333231e-06 2.5404082117898249e-06
24 344 0 7.9985654842439223e-06 2.7000402949561768e-06
32 344 0 8.7313144867600655e-06 2.9163007219023449e-06
40 344 0 9.6718351149686868e-06 3.192151254507311e-06
48 344 0 1.083698742200076e-05 3.5313345138753202e-06
56 344 0 1.2247476254769826e-05 3.9384008156214549e-06
64 344 0 1.3928111459388705e-05 4.418740116707491e-06
72 344 0 1.5908112519272902e-05 4.9786187658375236e-06
80 344 0 1.8221457273967217e-05 5.6252205803520943e-06
88 344 0 2.0907273824387543e-05 6.3666915718107634e-06
96 344 0 2.4010274077912156e-05 7.2121874190837635e-06
104 344 0 2.7581226648005274e-05 8.1719225536874761e-06
112 344 0 3.1677466022035877e-05 9.2572194907931043e-06
120 344 0 3.6363434068202149e-05 1.048055682425765e-05
128 344 0 4.1711249080783811e-05 1.1855614116744708e-05
136 344 0 4.7801296664727525e-05 1.3397311764387676e-05
144 344 0 5.4722835827469386e-05 1.5121843802300452e-05
152 344 0 6.2574612661557338e-05 1.7046701539519374e-05
160 344 0 7.1465472947843169e-05 1.9190685861157755e-05
168 344 0 8.1514963875180455e-05 2.1573905999140895e-05
176 344 0 9.2853913867436993e-05 2.4217762537106241e-05
184 344 0 0.00010562497827261701 2.7144912368617935e-05
192 344 0 0.00011998313748451153 3.0379213266290914e-05
200 344 0 0.00013609613306487378 3.3945645649250116e-05
208 344 0 0.00015414482678975165 3.7870209078251906e-05
216 344 0 0.00017432346746706906 4.2179790997931858e-05
224 344 0 0.00019683985108373759 4.6902005334249541e-05
232 344 0 0.00022191536153500532 5.2064998802014723e-05
240 344 0 0.00024978488199469588 5.7697223243619337e-05
248 344 0 0.00028069657091716981 6.3827173057764703e-05
256 344 0 0.00031491150157877756 7.0483087816269755e-05
264 344 0 0.00035270316964013923 7.7692621503832801e-05
272 344 0 0.00039435687891677319 8.5482481400920597e-05
280 344 0 0.00044016902068406185 9.3878041363956841e-05
288 344 0 0.00049044626559066737 0.00010290293598937453
296 344 0 0.00054550468875575559 0.00011257864368685935
304 344 0 0.00060566884710821134 0.00012292406781571989
312 344 0 0.00067127082294137787 0.00013395512554107434
320 344 0 0.00074264923881762113 0.00014568435376012654
328 344 0 0.00082014823665842846 0.00015812054021555467
336 344 0 0.00090411639895212389 0.00017126838573288576
344 344 0 0.00099490557392867968 0.0001851282004927074
352 344 0 0.001092869551217314 0.00019969563361058409
360 344 0 0.0011983625221889448 0.00021496143140848018
368 344 0 0.0013117372522630964 0.00023091121608489681
376 344 0 0.0014333428930902196 0.00024752527354906422
384 344 0 0.0015635223723182155 0.00026477833749839145
392 344 0 0.0017026093183500628 0.00028263935683738419
400 344 0 0.0018509245066863677 0.00030107123556647472
408 344 0 0.0020087718514135663 0.00032003053840871931
416 344 0 0.0021764340071433919 0.00033946716153618025
424 344 0 0.0023541676891234943 0.00035932397537966586
432 344 0 0.0025421988574805261 0.00037953645497402176
440 344 0 0.0027407179405819918 0.0004000323217225512
448 344 0 0.0029498752877090248 0.00042073122785876542
456 344 0 0.0031697770391275453 0.00044154452023935755
464 344 0 0.0034004815804603264 0.0004623751225410898
472 344 0 0.0036419967083985887 0.00048311757382695809
480 344 0 0.0038942775790248227 0.00050365825651994475
488 344 0 0.0041572254433985337 0.00052387583822555844
496 344 0 0.0044306871044747786 0.00054364194017386593
504 344 0 0.004714454962881854 0.00056282203131228711
512 344 0 0.0050082674647225272 0.00058127653259602494
520 344 0 0.0053118097295902751 0.0005988621022918637
528 344 0 0.0056247141266357482 0.00061543306163280073
536 344 0 0.0059465605831697599 0.00063084291224804051
544 344 0 0.0062768764529815861 0.00064494589339332033
552 344 0 0.0066151358358818241 0.00065759852856596933
560 344 0 0.0069607583185194903 0.00066866111746770925
568 344 0 0.0073131071897002096 0.00067799913974147044
576 344 0 0.0076714872607825911 0.00068548455019786653
584 344 0 0.0080351424833649838 0.00069099695971744889
592 344 0 0.0084032535945460837 0.0006944247098394675
600 344 0 0.0087749360299875494 0.00069566586044506572
608 344 0 0.009149238326355464 0.00069462911741498094
616 344 0 0.0095251411913182624 0.00069239675483709004
624 344 0 0.0099015573588564897 0.0006910219818367265
632 344 0 0.010277332280721873 0.00068731717208851163
640 344 0 0.010651245643217956 0.00068121721559577172
648 344 0 0.011022013653169854 0.00067267031843013837
656 344 0 0.01138829201660772 0.00066163916924960771
664 344 0 0.011748679542840481 0.00064810207652500271
672 344 0 0.012101722344724411 0.00063205403114620709
680 344 0 0.012445918667252951 0.00061350764700385078
688 344 0 0.012779724450717725 0.00059249393559264972
696 344 0 0.013101559808080776 0.00056906287934376139
704 344 0 0.013409816654261837 0.0005432837811822841
712 344 0 0.013702867754550983 0.00051524538299251889
720 344 0 0.013979077450788253 0.00048505576108046761
728 344 0 0.014236814273415664 0.00045284202001074671
736 344 0 0.014474465557844516 0.00041874981517335021
744 344 0 0.01469045406442885 0.00038294273737504367
752 344 0 0.014883256468062184 0.00034560158865548814
760 344 0 0.015051423454995284 0.00030692356732320292
768 344 0 0.015193601060593843 0.00026712136282113809
776 344 0 0.015308552819528719 0.00022642213936275961
784 344 0 0.015395182290701361 0.00018506636402730592
792 344 0 0.015452555566189147 0.00014330641340902679
800 344 0 0.015479923470112464 0.0001014048764051128
808 344 0 0.015476743283357682 5.9632462524153093e-05
816 344 0 0.015442699969163131 7.066797749327898e-05
824 344 0 0.015377726993119428 0.00011115350082802414
832 344 0 0.015282026898469908 0.00015031915174573869
840 344 0 0.015156091786608396 0.00018791306705233553
848 344 0 0.015000723744466409 0.00022369778762840187
856 344 0 0.014817055048337554 0.0002574551745751115
864 344 0 0.014606567665681081 0.00028899156795732413
872 344 0 0.014371111196307507 0.00031814298860727806
880 344 0 0.014112917980256512 0.00034478013569735726
888 344 0 0.01383461370104337 0.00036881289746588247
896 344 0 0.013539221485440523 0.00039019407414465739
904 344 0 0.013230157300286953 0.0004089220142358789
912 344 0 0.012911214421995399 0.00042504188977800401
920 344 0 0.012586534941303946 0.00043864538334811853
928 344 0 0.012260566681655181 0.00044986862765012021
936 344 0 0.011938004549405483 0.00045888832422151873
944 344 0 0.011623716169250757 0.00046591606605673325
952 344 0 0.011322652637670209 0.00047119099355059403
960 344 0 0.01103974628080405 0.00047497101708268881
968 344 0 0.010779798347861174 0.00047752293550152626
976 344 0 0.010547360518095813 0.00047911186073460073
984 344 0 0.010346614862439769 0.00047999041858863903
992 344 0 0.010181257404877752 0.00048038822967962254
1000 344 0 0.010054390617001578 0.00048050217921146408
1008 344 0 0.0099684300197678908 0.0004804879588401513
1016 344 0 0.0099250295554342196 0.00048045330902473336
0 352 0 9.3147572450784344e-06 3.1338391125542094e-06
8 352 0 9.5421171595877322e-06 3.1999304151311965e-06
16 352 0 1.0000765225123148e-05 3.3329655693509504e-06
24 352 0 1.0698605779200099e-05 3.5346548890732755e-06
32 352 0 1.164761520866241e-05 3.8075768944768838e-06
40 352 0 1.2863986369475998e-05 4.1551939855657766e-06
48 352 0 1.436832193587608e-05 4.5818733231973595e-06
56 352 0 1.6185877070391281e-05 5.0929128252180909e-06
64 352 0 1.8346851576096196e-05 5.6945720727725999e-06
72 352 0 2.0886731285110425e-05 6.3941077616880787e-06
80 352 0 2.3846677854319311e-05 7.1998131277555372e-06
88 352 0 2.7273965396198307e-05 8.1210605295084403e-06
96 352 0 3.1222461496995919e-05 9.1683460993032264e-06
104 352 0 3.575314920169275e-05 1.0353335088643147e-05
112 352 0 4.0934685512828981e-05 1.1688906254719876e-05
120 352 0 4.6843990892459799e-05 1.3189193380501945e-05
128 352 0 5.356686319752852e-05 1.4869621806851136e-05
136 352 0 6.1198608429115201e-05 1.674693769422994e-05
144 352 0 6.9844679629769838e-05 1.8839227629245043e-05
152 352 0 7.9621314201076712e-05 2.1165926145471327e-05
160 352 0 9.0656158809000924e-05 2.3747808728796186e-05
168 352 0 0.00010308886987432135 2.6606967908490779e-05
176 352 0 0.00011707167640454323 2.9766770076513637e-05
184 352 0 0.00013276989064123495 3.3251790710246611e-05
192 352 0 0.00015036235075080245 3.7087725685372788e-05
200 352 0 0.0001700417787141239 4.1301276355187232e-05
208 352 0 0.00019201503586800355 4.5920006056052951e-05
216 352 0 0.00021650325846500092 5.097216571094094e-05
224 352 0 0.00024374185641798713 5.6486486297769944e-05
232 352 0 0.00027398036033702004 6.2491936194951283e-05
240 352 0 0.00030748210523831522 6.9017441887693314e-05
248 352 0 0.00034452374397493451 7.6091571283961787e-05
256 352 0 0.00038539458939504731 8.3742179996587228e-05
264 352 0 0.00043039579114397203 9.1996022409856419e-05
272 352 0 0.00047983936031769378 0.0001008783311270741
280 352 0 0.00053404706204801869 0.00011041237039284579
288 352 0 0.0005933492015800419 0.00012061897114162964
296 352 0 0.00065808333244261495 0.00013151605722938988
304 352 0 0.00072859291492393123 0.00014311817390810539
312 352 0 0.00080522594848245221 0.00015543603044377078
320 352 0 0.00088833359257774766 0.0001684760687235056
328 352 0 0.00097826877687398313 0.00018224006857735318
336 352 0 0.0010753847846850097 0.00019672479828979875
344 352 0 0.0011800337744213871 0.00021192171546378252
352 352 0 0.0012925651848278981 0.00022781671924790173
360 352 0 0.0014133239535974249 0.00024438995031952687
368 352 0 0.0015426484683479932 0.00026161563043750253
376 352 0 0.0016808681666392838 0.0002794619294278879
384 352 0 0.0018283007098166069 0.00029789084475684052
392 352 0 0.001985248675187447 0.00031685807793065341
400 352 0 0.0021519957422528424 0.00033631289325861688
408 352 0 0.0023288023898222856 0.0003561979482167325
416 352 0 0.0025159011686795721 0.00037644909067993367
424 352 0 0.0027134916645031601 0.00039699512626149933
432 352 0 0.0029217353124545479 0.0004177575682248573
440 352 0 0.003140750262304543 0.00043865039197881145
448 352 0 0.0033706065155677902 0.0004595798249314928
456 352 0 0.0036113215593669029 0.00048044420931811277
464 352 0 0.0038628567030014162 0.00050113397948620738
472 352 0 0.0041251142822255468 0.00052153179521235299
480 352 0 0.0043979358355447674 0.00054151286849459402
488 352 0 0.0046811012816240921 0.00056094551293015167
496 352 0 0.0049743290446486446 0.00057969193275788766
504 352 0 0.0052772769941941411 0.00059760925390595684
512 352 0 0.0055895439973185522 0.00061455078331042971
520 352 0 0.0059106718318821388 0.00063036746698375088
528 352 0 0.0062401471882685489 0.00064490950349781716
536 352 0 0.0065774034954178004 0.00065802805924800988
544 352 0 0.0069218223463749064 0.00066957702628323186
552 352 0 0.0072727343644477934 0.00067941476331370796
560 352 0 0.0076294194359871996 0.00068740576581439658
568 352 0 0.0079911063294416801 0.00069342222134383125
576 352 0 0.0083569718109804576 0.00069734542010461802
584 352 0 0.0087261394430824327 0.00069906700671547306
592 352 0 0.0090976783043855512 0.00069849007519910342
600 352 0 0.0094706018904326152 0.00069566586044506572
608 352 0 0.0098438674437704449 0.00069462911741498094
616 352 0 0.010216375920999176 0.00069123472968091355
624 352 0 0.010586972741182163 0.00068541538232567284
632 352 0 0.010954449385377148 0.00067711710465527541
640 352 0 0.011317545843701165 0.00066630020048320804
648 352 0 0.011674953846979889 0.00065294019381003515
656 352 0 0.012025320785199205 0.00063702876859148515
664 352 0 0.012367254211254775 0.00061857466841429461
672 352 0 0.01269932685724386 0.0005976045125194486
680 352 0 0.01302008214742386 0.00057416348017090904
688 352 0 0.013328040267377765 0.00054831581666004055
696 352 0 0.013621704929353355 0.00052014512127257842
704 352 0 0.013899571043786264 0.00048975438952442683
712 352 0 0.014160133551903913 0.00045726579735293031
720 352 0 0.014401897682423217 0.00042282023163496378
728 352 0 0.014623390860416098 0.00038657658700043396
736 352 0 0.014823176418893325 0.00034871086104880898
744 352 0 0.014999869151165812 0.00030941508673696175
752 352 0 0.015152152608575511 0.00026889614051332777
760 352 0 0.015278797912224825 0.00022737445722954136
768 352 0 0.015378683729068253 0.00018508266847440911
776 352 0 0.015450816980801741 0.0001422641612730223
784 352 0 0.015494353822200097 9.9171531498735976e-05
792 352 0 0.015508620450136464 5.6064883947316152e-05
800 352 0 0.015493133382356958 7.496951270306168e-05
808 352 0 0.015447618963329086 0.00011712786120501514
816 352 0 0.015372031991669852 0.00015811770387225837
824 352 0 0.015266573492291404 0.00019768848808739657
832 352 0 0.01513170774672417 0.00023559981932325634
840 352 0 0.014968178719556061 0.00027162515756487711
848 352 0 0.014777025956838007 0.00030555590191747375
856 352 0 0.014559599873762442 0.00033720579281816022
864 352 0 0.014317576097723756 0.00036641550737465806
872 352 0 0.014052968207700229 0.00039305726981875636
880 352 0 0.013768137844559155 0.00041703925120272108
888 352 0 0.013465800803577488 0.00043830949558879354
896 352 0 0.013149027411295866 0.00045685908886371716
904 352 0 0.012821235286051074 0.00047272428471970517
912 352 0 0.012486172532217395 0.00048598732262740939
920 352 0 0.012147889557955828 0.00049677571541581651
928 352 0 0.011810698054005061 0.00050525984813340648
936 352 0 0.011479116225183965 0.00051164881210511576
944 352 0 0.011157800103194023 0.00051618449375510911
952 352 0 0.010851461644119615 0.00051913404071767151
960 352 0 0.010564775263721361 0.00052078093098991904
968 352 0 0.010302275412359648 0.00052141496700771998
976 352 0 0.010068248657361212 0.00052132159837743088
984 352 0 0.0098666244438511304 0.00052077103818426104
992 352 0 0.0097008691751981294 0.00052000767322988965
1000 352 0 0.0095738884377901141 0.00051924027485426155
1008 352 0 0.0094879420609277395 0.00051863349280018706
1016 352 0 0.0094445762464094862 0.00051830106065716558
0 360 0 1.2448596357632644e-05 4.0969006843317752e-06
8 360 0 1.2742047574718929e-05 4.1799683623667255e-06
16 360 0 1.3333730794474098e-05 4.3470919887918661e-06
24 360 0 1.4233260668273375e-05 4.6002528449296147e-06
32 360 0 1.5455192103139294e-05 4.9424347221539972e-06
40 360 0 1.7019180355041774e-05 5.3776381983568963e-06
48 360 0 1.895019525907344e-05 5.9108996794419206e-06
56 360 0 2.1278789895609372e-05 6.5483151170196081e-06
64 360 0 2.4041423648868796e-05 7.2970681827615554e-06
72 360 0 2.7280839046798504e-05 8.1654624908587788e-06
80 360 0 3.1046490982074849e-05 9.1629572145243305e-06
88 360 0 3.5395025925706747e-05 1.0300205148602858e-05
96 360 0 4.0390807596299145e-05 1.1589091942407532e-05
104 360 0 4.6106484290335897e-05 1.3042774884519223e-05
112 360 0 5.2623591767548857e-05 1.4675719287734434e-05
120 360 0 6.0033184272961744e-05 1.6503730222130675e-05
128 360 0 6.8436485004379655e-05 1.8543977100052861e-05
136 360 0 7.7945546123345141e-05 2.0815008446461151e-05
144 360 0 8.8683907259014881e-05 2.3336754101338877e-05
152 360 0 0.00010078724034654804 2.6130512097541681e-05
160 360 0 0.00011440396753779711 2.9218917526612878e-05
168 360 0 0.00012969583778281213 3.2625890826116561e-05
176 360 0 0.00014683844648105687 3.6376563067821148e-05
184 360 0 0.00016602168135148156 4.0497175968116965e-05
192 360 0 0.00018745007643617524 4.5014954456986387e-05
200 360 0 0.00021134305506931113 4.9957949718508016e-05
208 360 0 0.0002379350419240565 5.535485066188292e-05
216 360 0 0.00026747542417594186 6.1234761828057632e-05
224 360 0 0.00030022834271575707 6.7626945838268268e-05
232 360 0 0.00033647229653197133 7.4560528723130752e-05
240 360 0 0.00037649954712600854 8.2064166922657844e-05
248 360 0 0.0004206153152588963 9.0165675506314528e-05
256 360 0 0.00046913676939163454 9.8891618297687449e-05
264 360 0 0.00052239181355382845 0.00010826686213369623
272 360 0 0.00058071769144476789 0.00011831409942253271
280 360 0 0.00064445943244086448 0.00012905334539910641
288 360 0 0.00071396817272167154 0.00014050141884996905
296 360 0 0.00078959938967200483 0.00015267141736119471
304 360 0 0.00087171108883203662 0.00016557220005025013
312 360 0 0.00096066197892622298 0.00017920789197126889
320 360 0 0.0010568096613012533 0.00019357742464268832
328 360 0 0.0011605088454513363 0.00020867412620854172
336 360 0 0.0012721095829748084 0.00022448537248793542
344 360 0 0.0013919554898851696 0.00024099230661632997
352 360 0 0.0015203819040757998 0.00025816963033455879
360 360 0 0.0016577139039169518 0.000275985464613656
368 360 0 0.0018042640987854957 0.00029440127175326455
376 360 0 0.0019603300960671717 0.0003133718260138578
384 360 0 0.0021261915545734474 0.00033284521594242498
392 360 0 0.0023021067531181004 0.00035276285949594833
400 360 0 0.0024883086355114593 0.00037305951339350937
408 360 0 0.0026850003380390181 0.00039366326115111878
416 360 0 0.0028923502593595058 0.0004144954699921528
424 360 0 0.0031104867907646595 0.00043547071495819321
432 360 0 0.0033394928806794052 0.00045649667840393527
440 360 0 0.0035794006542833544 0.00047747404367374071
448 360 0 0.003830186340499283 0.00049829641193897172
456 360 0 0.0040917657686850156 0.00051885027964386401
464 360 0 0.0043639906824876236 0.00053901511954344058
472 360 0 0.0046466460774378998 0.00055866360992001558
480 360 0 0.0049394487040393615 0.00057766205360220823
488 360 0 0.0052420467945542438 0.00059587102073032413
496 360 0 0.0055540209774065322 0.00061314623720481586
504 360 0 0.0058748862481000979 0.0006293397253491935
512 360 0 0.0062040947806289819 0.0006443011859088698
520 360 0 0.0065410392988658897 0.00065787959281301493
528 360 0 0.0068850566917663661 0.00066992495600292495
536 360 0 0.0072354315546658103 0.00068029019484812381
544 360 0 0.0075913993726581383 0.00068883305669379963
552 360 0 0.0079521491277615014 0.00069541801287073546
560 360 0 0.0083168252018015962 0.00069991806836836208
568 360 0 0.0086845285507855113 0.00070221643093205249
576 360 0 0.0090543172310850756 0.00070220799952100225
584 360 0 0.0094252064497979057 0.00069980064920763078
592 360 0 0.0097961683795846546 0.00069849007519910342
600 360 0 0.010166132013762687 0.00069553012333007161
608 360 0 0.010533983336738023 0.00069011589296757818
616 360 0 0.010898566049505173 0.0006821901285059967
624 360 0 0.011258683026616256 0.00067171028543409374
632 360 0 0.011613098600641254 0.00065864921526410589
640 360 0 0.011960541686282968 0.00064299584258180331
648 360 0 0.012299709683121293 0.00062475583614140379
656 360 0 0.012629273045918619 0.00060395226071941442
664 360 0 0.012947880393260686 0.0005806261820059111
672 360 0 0.013254164042484745 0.00055483718524088586
680 360 0 0.013546745908760531 0.00052666376133667092
688 360 0 0.013824243780382488 0.00049620351300472265
696 360 0 0.014085278067647172 0.00046357313829381748
704 360 0 0.014328479203254309 0.00042890815946804509
712 360 0 0.014552495931921039 0.00039236238001712567
720 360 0 0.01475600475227027 0.00035410706984705283
728 360 0 0.01493772075638895 0.00031432989597285181
736 360 0 0.015096410049733576 0.00027323363084025103
744 360 0 0.01523090383164058 0.0002310346804747683
752 360 0 0.01534011408684823 0.00018796147827271868
760 360 0 0.015423050698721234 0.00014425278649640889
768 360 0 0.015478839665554734 0.00010015593648648145
776 360 0 0.015506742002171923 5.5925021370181738e-05
784 360 0 0.01550617285591265 7.5512303171479042e-05
792 360 0 0.015476720368125788 0.0001190930157103226
800 360 0 0.015418163869653896 0.0001616323172856423
808 360 0 0.015330491102124071 0.00020288228101945915
816 360 0 0.015213914287797593 0.00024260350024732022
824 360 0 0.015068885004204008 0.00028056777384138226
832 360 0 0.014896107927400913 0.00031656107252517329
840 360 0 0.014696553561991184 0.00035038681294972084
848 360 0 0.014471470054920534 0.00038186943100916582
856 360 0 0.014222394080944282 0.00041085820141049598
864 360 0 0.013951160590349098 0.0004372312004219895
872 360 0 0.013659910937881473 0.00046089925755886732
880 360 0 0.013351098593356434 0.00048180969488290613
888 360 0 0.013027491307988694 0.00049994961488687706
896 360 0 0.012692168322432149 0.00051534847451001863
904 360 0 0.012348511001331369 0.00052807967770080073
912 360 0 0.012000185209589986 0.00053826093479349309
920 360 0 0.011651113842540011 0.00054605317481305413
928 360 0 0.011305438205871654 0.00055165785583418878
936 360 0 0.010967467413078849 0.00055531259597994646
944 360 0 0.010641615609438914 0.00055728513909804843
952 360 0 0.010332327603401944 0.00055786576871309952
960 360 0 0.010043994332731442 0.00055735838463431484
968 360 0 0.0097808604453519278 0.00055607055125570827
976 360 0 0.0095469270589837816 0.00055430290789855972
984 360 0 0.0093458534056668693 0.00055233839300675332
992 360 0 0.0091808615019682398 0.00055043177036142969
1000 360 0 0.0090546481629358525 0.00054879995317574232
1008 360 0 0.0089693085681275524 0.00054761359942083823
1016 360 0 0.0089262751857523207 0.0005469903996437632
0 368 0 1.6545497041964419e-05 5.3239172748041711e-06
8 368 0 1.6922015937085654e-05 5.4276297368687583e-06
16 368 0 1.7680822783265964e-05 5.6361859552099518e-06
24 368 0 1.8833513513202989e-05 5.9518524120121417e-06
32 368 0 2.0397626825293291e-05 6.378038596092338e-06
40 368 0 2.2396818553398671e-05 6.9193087888271523e-06
48 368 0 2.486109493851536e-05 7.5813978325573101e-06
56 368 0 2.782710501262898e-05 8.371230815575005e-06
64 368 0 3.1338491831630351e-05 9.2969464615535265e-06
72 368 0 3.5446301537657283e-05 1.0367923794485492e-05
80 368 0 4.0209448196599179e-05 1.1594811364417572e-05
88 368 0 4.5695231074309605e-05 1.2989557973802626e-05
96 368 0 5.1979899538706677e-05 1.4565443456256586e-05
104 368 0 5.914925917485512e-05 1.6337107653066992e-05
112 368 0 6.7299311055283291e-05 1.832057533732585e-05
120 368 0 7.6536914495092419e-05 2.0533274482793267e-05
128 368 0 8.6980462104432516e-05 2.2994044994982109e-05
136 368 0 9.8760554569806292e-05 2.5723134840484248e-05
144 368 0 0.00011202066136035376 2.8742180442803972e-05
152 368 0 0.00012691775244408972 3.2074168261907735e-05
160 368 0 0.00014362288506440999 3.5743374629099525e-05
168 368 0 0.00016232172860892869 3.9775281143862752e-05
176 368 0 0.00018321500954887802 4.4196463219608594e-05
184 368 0 0.00020651885731959852 4.9034449650742874e-05
192 368 0 0.00023246503089316162 5.4317551326937786e-05
200 368 0 0.00026130100478781915 6.0074657416790027e-05
208 368 0 0.00029328989258593942 6.6334997477535389e-05
216 368 0 0.00032871018600399949 7.3127868042882941e-05
224 368 0 0.00036785528855402534 8.0482322350535417e-05
232 368 0 0.00041103282525510208 8.8426822076086847e-05
240 368 0 0.00045856371404866638 9.6988850342709008e-05
248 368 0 0.00051078099076521083 0.00010619448598446382
256 368 0 0.00056802838768932199 0.00011606794015032497
264 368 0 0.00063065867568752468 0.00012663105790603065
272 368 0 0.0006990317908673006 0.00013790278952450011
280 368 0 0.00077351277783997089 0.00014989863858025148
288 368 0 0.00085446959157164059 0.00016263009662117708
296 368 0 0.00094227080703319953 0.00017610407684014292
304 368 0 0.0010372832888822868 0.00019032236149787345
312 368 0 0.0011398698708974919 0.00020528107950638376
320 368 0 0.0012503870859439416 0.00022097023122006525
328 368 0 0.001369182971659878 0.00023737327680379899
336 368 0 0.0014965949554627438 0.0002544668023658212
344 368 0 0.0016329477965014996 0.00027222027432495326
352 368 0 0.0017785515344103586 0.00029059588738626976
360 368 0 0.0019336993685306078 0.00030954850539208147
368 368 0 0.0020986653705387603 0.0003290256877561612
376 368 0 0.0022737019220810295 0.00034896778789145298
384 368 0 0.0024590367705158724 0.00036930810480147744
392 368 0 0.0026548696126140487 0.00038997306560943591
400 368 0 0.0028613681489049686 0.00041088241591860772
408 368 0 0.0030786635991901369 0.00043194939698371071
416 368 0 0.0033068457293516586 0.00045308089386517959
424 368 0 0.0035459575057228527 0.00047417754680576787
432 368 0 0.0037959895590833404 0.00049513382838837919
440 368 0 0.0040568746979570951 0.00051583810062528872
448 368 0 0.0043284827524382547 0.00053617267773251476
456 368 0 0.0046106160483288796 0.0005560139305538286
464 368 0 0.0049030058020310642 0.00057523247602241263
472 368 0 0.0052053096873579154 0.00059369349848160079
480 368 0 0.0055171107576415697 0.00061125724828472484
488 368 0 0.0058379178152845679 0.00062777975650910901
496 368 0 0.0061671672146113481 0.00064311379308448335
504 368 0 0.0065042259734492914 0.00065711007998436183
512 368 0 0.0068483959665378517 0.00066961875273390502
520 368 0 0.0071989188916789047 0.00068049104413366555
528 368 0 0.007554981647769291 0.00068958114578555798
536 368 0 0.0079157217495139341 0.00069674818772120194
544 368 0 0.0082802324293519379 0.00070185826590116185
552 368 0 0.0086475671406322369 0.00070478644282230204
560 368 0 0.0090167432701699583 0.00070541864853253776
568 368 0 0.0093867449817175638 0.00070365341785060855
576 368 0 0.0097565252306060779 0.00070220799952100225
584 368 0 0.010125007099005537 0.00069980064920763078
592 368 0 0.010491084687269243 0.00069491630768458816
600 368 0 0.010853623849175955 0.00068749183541326822
608 368 0 0.011211463071812646 0.00067747973507462263
616 368 0 0.011563414774253138 0.00066484872474796564
624 368 0 0.011908267238755781 0.00064958421213952462
632 368 0 0.012244787304599889 0.00063168870395863448
640 368 0 0.012571723862028763 0.0006111821757457947
648 368 0 0.012887812097502968 0.00058810241438167488
656 368 0 0.013191778375938499 0.00056250533001987908
664 368 0 0.013482345611758869 0.00053446521849818268
672 368 0 0.013758238984138483 0.00050407494165373781
680 368 0 0.014018191892165686 0.00047144598340515508
688 368 0 0.014260952115830641 0.00043670833544815282
696 368 0 0.014485288236327606 0.00040001016868043346
704 368 0 0.014689996458161238 0.00036151725490692933
712 368 0 0.014873908048916576 0.00032141211699553661
720 368 0 0.015035897654985942 0.00027989290271567165
728 368 0 0.015174892752104386 0.00023717199571543675
736 368 0 0.015289884443678382 0.00019347439394480637
744 368 0 0.015379939730503106 0.00014903589886252656
752 368 0 0.01544421525279633 0.00010410116594809955
760 368 0 0.015481972365792072 5.8921667070837777e-05
768 368 0 0.015492593273329455 7.2676660945092744e-05
776 368 0 0.015475597830367277 0.00011747796774865503
784 368 0 0.015430660552741171 0.00016135052855096622
792 368 0 0.015357627352415465 0.00020404667243679141
800 368 0 0.015256531552368254 0.00024532691579365676
808 368 0 0.015127608821104612 0.00028496218855593447
816 368 0 0.014971310787550273 0.00032273612953858007
824 368 0 0.014788317230362625 0.00035844750728063722
832 368 0 0.01457954685487574 0.00039191281679304239
840 368 0 0.014346166749041463 0.00042296908476979235
848 368 0 0.014089600623911368 0.00045147688653308579
856 368 0 0.013811535879533786 0.00047732353900719303
864 368 0 0.013513929389927109 0.00050042638844195568
872 368 0 0.013199011680322606 0.00052073606361857476
880 368 0 0.012869288898473528 0.00053823951977846445
888 368 0 0.012527541693101817 0.00055296266070355496
896 368 0 0.01217681984792213 0.00056497230117933013
904 368 0 0.011820431323630568 0.00057437722367424497
912 368 0 0.011461924274796493 0.00058132809442942857
920 368 0 0.011105060667726957 0.00058601603664982724
928 368 0 0.010753780350037465 0.00058866971168778856
936 368 0 0.010412154817098902 0.00058955083070245939
944 368 0 0.010084330470340866 0.00058894810519030498
952 368 0 0.009774461834688844 0.00058716973944467413
960 368 0 0.0094866359480971271 0.00058453466477693429
968 368 0 0.0092247898940962195 0.00058136280702967245
976 368 0 0.0089926241510852219 0.00057796475838388026
984 368 0 0.008793515012660116 0.00057463128519298287
992 368 0 0.0086304297316068101 0.00057162314024048443
1000 368 0 0.0085058482097601102 0.00056916165674249578
1008 368 0 0.0084216949687067142 0.00056742058091205361
1016 368 0 0.0083792847861085575 0.00056651955043856075
0 376 0 2.186941431676859e-05 6.8767179024540974e-06
8 376 0 2.2349645673954412e-05 7.0053375318404883e-06
16 376 0 2.3317008738475916e-05 7.2638541236777277e-06
24 376 0 2.4785365925215131e-05 7.6548249549579067e-06
32 376 0 2.6775665421385629e-05 8.1820925194851937e-06
40 376 0 2.9316127342225823e-05 8.8507925419794843e-06
48 376 0 3.244249277107267e-05 9.6673647959014542e-06
56 376 0 3.6198335828203985e-05 1.0639566707552729e-05
64 376 0 4.0635438293183878e-05 1.1776489572046711e-05
72 376 0 4.5814225332142775e-05 1.3088576965521611e-05
80 376 0 5.1804259561016751e-05 1.4587644613294445e-05
88 376 0 5.8684789048112231e-05 1.6286900575603768e-05
96 376 0 6.6545342994963263e-05 1.820096416094498e-05
104 376 0 7.5486366827922112e-05 2.0345881500661008e-05
112 376 0 8.5619886392609141e-05 2.2739135253552309e-05
120 376 0 9.7070188977885685e-05 2.5399645495953e-05
128 376 0 0.00010997450709941463 2.8347758530736464e-05
136 376 0 0.00012448368941029054 3.1605220152196989e-05
144 376 0 0.00014076284180315773 3.5195129855987987e-05
152 376 0 0.00015899192070599745 3.9141872592183484e-05
160 376 0 0.00017936625969350951 4.3471024914755295e-05
168 376 0 0.00020209700975279144 4.8209232753605193e-05
176 376 0 0.00022741147276848661 5.3384058481446074e-05
184 376 0 0.0002555533069703414 5.9023795413570574e-05
192 376 0 0.00028678258222009941 6.5157248309868855e-05
200 376 0 0.00032137566220460917 7.1813478801925189e-05
208 376 0 0.00035962489006347481 7.9021514922079938e-05
216 376 0 0.00040183805404688243 8.681002407587697e-05
224 376 0 0.00044833761090456076 9.5206948921341863e-05
232 376 0 0.00049945964733118893 0.00010423910578229796
240 376 0 0.00055555256439137539 0.00011393174554268862
248 376 0 0.00061697547674967464 0.00012430807757442405
256 376 0 0.00068409632783964695 0.00013538875826666675
264 376 0 0.00075728973359355533 0.00014719134724226052
272 376 0 0.00083693458039180071 0.00015972973640153215
280 376 0 0.00092341141642022237 0.0001730135594773662
288 376 0 0.0010170996881928177 0.00018704759267321462
296 376 0 0.0011183748838733425 0.00020183115994157298
304 376 0 0.0012276056503801602 0.00021735755920968144
312 376 0 0.0013451509504038756 0.00023361352797717058
320 376 0 0.0014713573171640068 0.00025057876778706114
328 376 0 0.001606556248463677 0.00026822554673841775
336 376 0 0.001751061757828565 0.0002865183972002752
344 376 0 0.0019051680708264528 0.00030541392209882615
352 376 0 0.0020691474217966284 0.00032486071768819897
360 376 0 0.0022432478739226893 0.00034479941391803767
368 376 0 0.0024276910582949215 0.00036516282594632873
376 376 0 0.0026226697099724825 0.00038587620277396976
384 376 0 0.0028283448753173498 0.00040685755228088991
392 376 0 0.0030448426782234846 0.00042801801702926435
400 376 0 0.0032722505648235763 0.00044926227288256439
408 376 0 0.0035106129961738476 0.00047048892337393398
416 376 0 0.0037599266232168382 0.00049159086712774686
424 376 0 0.0040201350525286205 0.00051245562337999366
432 376 0 0.0042911233874717196 0.00053296561120889149
440 376 0 0.0045727127985823839 0.00055299839051265592
448 376 0 0.0048646554301707695 0.00057242688575323553
456 376 0 0.0051666299788827082 0.00059111962550538986
464 376 0 0.0054782382780534768 0.00060894104035084072
472 376 0 0.0057990031858395161 0.00062575186722483266
480 376 0 0.0061283680059262945 0.00064140970888398353
488 376 0 0.0064656975717936769 0.00065576979214645222
496 376 0 0.0068102810076958314 0.00066868595799844319
504 376 0 0.0071613360534336533 0.00068001190125847964
512 376 0 0.0075180147192717567 0.00068960265855351997
520 376 0 0.0078794099358125702 0.00069731632269449777
528 376 0 0.008244562793554849 0.00070301594125614722
536 376 0 0.0086124699372351361 0.00070657153944583481
544 376 0 0.0089820906952530997 0.00070786219417200147
552 376 0 0.0093523535834545389 0.00070677807913624262
560 376 0 0.009722161918702496 0.00070541864853253776
568 376 0 0.010090398399568172 0.00070365341785060855
576 376 0 0.010455928644216751 0.00069940341361067297
584 376 0 0.010817603802727319 0.00069259670372178242
592 376 0 0.011174262466959906 0.00068317777969066282
600 376 0 0.011524732172879228 0.00067110832370327264
608 376 0 0.011867830819955761 0.00065636774814311488
616 376 0 0.012202368317869425 0.0006389535436162868
624 376 0 0.012527148716563394 0.00061888147780761286
632 376 0 0.012840972991815264 0.0005961856872153757
640 376 0 0.013142642559277034 0.00057091869724827139
648 376 0 0.013430963491881059 0.00054315139437809135
656 376 0 0.013704751334704281 0.00051297295876578247
664 376 0 0.013962836360979973 0.00048049074922110364
672 376 0 0.01420406910103268 0.00044583011689419694
680 376 0 0.014427326004137214 0.00040913411197152777
688 376 0 0.014631515156488728 0.00037056304065808711
696 376 0 0.014815582065315662 0.00033029382898805588
704 376 0 0.014978515613946204 0.00028851915578496576
712 376 0 0.015119354377673767 0.00024544632875719147
720 376 0 0.015237193548788185 0.00020129589380224293
728 376 0 0.015331192738086644 0.00015629998598225801
736 376 0 0.015400584892496554 0.0001107004488181719
744 376 0 0.01544468649446956 6.4746763966453541e-05
752 376 0 0.01546290909651256 6.6844694147197986e-05
760 376 0 0.015454772108202562 0.00011267824443486965
768 376 0 0.015419916612384362 0.00015769250719600489
776 376 0 0.015358119862618622 0.00020163771519468923
784 376 0 0.015269310024190205 0.0002442718848415168
792 376 0 0.015153580679978674 0.00028536307009612363
800 376 0 0.015011204636574597 0.00032469153019321073
808 376 0 0.014842646632548678 0.00036205183599589789
816 376 0 0.014648574658011693 0.00039725495594638595
824 376 0 0.014429869723081988 0.00043013037142222536
832 376 0 0.014187634038082698 0.00046052827042570611
840 376 0 0.013923197664271671 0.00048832185655223875
848 376 0 0.013638123737378282 0.00051340978698201194
856 376 0 0.013334212340526593 0.00053571872007058402
864 376 0 0.013013503001485153 0.00055520591257797285
872 376 0 0.012678275616704031 0.00057186176242510385
880 376 0 0.012331049378695063 0.00058571214968583703
888 376 0 0.011974579032398262 0.00059682039129542279
896 376 0 0.0116118475467428 0.0006052885985627747
904 376 0 0.011246054099956323 0.00061125821528180101
912 376 0 0.010880596180367064 0.00061490952121883574
920 376 0 0.01051904463107713 0.0006164599127051508
928 376 0 0.010165110638349677 0.00061616081893803125
936 376 0 0.0098226039863964429 0.00061429317751125236
944 376 0 0.009495382365150561 0.00061116147200407193
952 376 0 0.0091872920952441699 0.00060708642299022765
960 376 0 0.0089021012833201928 0.00060239651528238777
968 376 0 0.0086434270870665471 0.00059741863168027293
976 376 0 0.0084146593927013416 0.00059246813997470248
984 376 0 0.0082188837274671332 0.00058783883905379284
992 376 0 0.0080588065913663257 0.0005837932063513249
1000 376 0 0.0079366865530176144 0.0005805533988415849
1008 376 0 0.0078542743877946606 0.00057829344151770663
1016 376 0 0.0078127652356699967 0.00057713299110567513
0 384 0 2.8746132219222688e-05 8.8283808533444882e-06
8 384 0 2.9354983205794901e-05 8.9868066258643131e-06
16 384 0 3.0580862862153644e-05 9.3050785224942859e-06
24 384 0 3.2440190880173038e-05 9.7860380862403222e-06
32 384 0 3.4957757940870823e-05 1.0433949809987361e-05
40 384 0 3.8166919884205307e-05 1.1254503945017468e-05
48 384 0 4.2109857566974125e-05 1.2254820492644084e-05
56 384 0 4.6837902535756714e-05 1.3443454441040117e-05
64 384 0 5.2411927865230589e-05 1.483040214899554e-05
72 384 0 5.8902802297664386e-05 1.6427108518900765e-05
80 384 0 6.6391904174311196e-05 1.8246474242043613e-05
88 384 0 7.4971689623716e-05 2.0302861950475658e-05
96 384 0 8.4746307155908243e-05 2.2612099593174033e-05
104 384 0 9.583224832858312e-05 2.5191478803537112e-05
112 384 0 0.00010835902164616145 2.8059745483702462e-05
120 384 0 0.00012246983447383868 3.1237079348366459e-05
128 384 0 0.00013832226563015109 3.4745058797381223e-05
136 384 0 0.00015608890956248753 3.8606607267823595e-05
144 384 0 0.00017595797165914572 4.2845917185791496e-05
152 384 0 0.00019813379329818094 4.7488347810979416e-05
160 384 0 0.00022283728460826481 5.2560293635532581e-05
168 384 0 0.00025030624250639664 5.8089020531068266e-05
176 384 0 0.00028079553124993269 6.4102467480521162e-05
184 384 0 0.00031457710238391197 7.0629012415654175e-05
192 384 0 0.00035193983052996826 7.7697201332553871e-05
200 384 0 0.00039318914100653436 8.5335440410131129e-05
208 384 0 0.00043864640498555475 9.357165126664649e-05
216 384 0 0.0004886480781227594 0.00010243288974785955
224 384 0 0.00054354455982590262 0.00011194492878306814
232 384 0 0.00060369875311348689 0.00012213180595465614
240 384 0 0.00066948430993406401 0.0001330153366271064
248 384 0 0.00074128355432409869 0.00014461459392431299
256 384 0 0.00081948508610631371 0.00015694535768539456
264 384 0 0.00090448108083581585 0.00017001953590016277
272 384 0 0.00099666431679333286 0.00018384456410005167
280 384 0 0.0010964249758975886 0.00019842279074627983
288 384 0 0.0012041472808660323 0.00021375085969278524
296 384 0 0.0013202060438149154 0.00022981910406744978
304 384 0 0.0014449632095898416 0.00024661096906129451
312 384 0 0.0015787644783810462 0.00026410248370841837
320 384 0 0.001721936084951068 0.00028226180330902478
328 384 0 0.0018747817952020948 0.00030104884424771963
336 384 0 0.0020375801550288402 0.00032041503123720607
344 384 0 0.002210581992925279 0.00034030317328515285
352 384 0 0.0023940081394848273 0.00036064747897327897
360 384 0 0.002588047287840727 0.00038137371424528266
368 384 0 0.0027928538842412502 0.00040239949738205992
376 384 0 0.0030085459127464523 0.00042363471699147963
384 384 0 0.0032352024275982398 0.00044498205061476847
392 384 0 0.003472860695252749 0.00046633755497696959
400 384 0 0.0037215128377061407 0.00048759129494949571
408 384 0 0.0039811019195477816 0.00050862797771858946
416 384 0 0.004251517490344585 0.00052932756191482241
424 384 0 0.0045325906759086142 0.00054956581858750866
432 384 0 0.0048240889986806111 0.00056921483146139731
440 384 0 0.0051257111890950398 0.00058814343697856028
448 384 0 0.005437082315924005 0.00060621761888463542
456 384 0 0.0057577496043880981 0.00062330088596187268
464 384 0 0.0060871793184043175 0.00063925467322869904
472 384 0 0.0064247550530643488 0.00065393881489815044
480 384 0 0.0067697777148102781 0.00066721214030117642
488 384 0 0.0071214673639401291 0.00067893324101410066
496 384 0 0.0074789669656942746 0.00068896144839254193
504 384 0 0.0078413479546921329 0.0006971580461185168
512 384 0 0.0082076173778252767 0.00070338772341172438
520 384 0 0.008576726258507068 0.0007075202530211714
528 384 0 0.0089475787348109962 0.000709432356181686
536 384 0 0.0093190414766809709 0.00070900969673201586
544 384 0 0.0096899528894251012 0.00070786219417200147
552 384 0 0.010059131662590782 0.00070677807913624262
560 384 0 0.01042538431936884 0.00070322240066634373
568 384 0 0.010787511550563506 0.0006971131509953335
576 384 0 0.011144313263291255 0.00068838461907450368
584 384 0 0.011494592420061334 0.0006769886173340154
592 384 0 0.011837157870992689 0.00066289540403278308
600 384 0 0.012170826475458968 0.00064609430257974061
608 384 0 0.012494424858964489 0.00062659403900872795
616 384 0 0.012806791152310315 0.00060442283444088994
624 384 0 0.013106777015744964 0.00057962829918157058
632 384 0 0.013393250169931691 0.00055227717811642645
640 384 0 0.013665097552475226 0.00052245499319819241
648 384 0 0.013921229110707126 0.00049026561882606692
656 384 0 0.014160582146072472 0.00045583081136819047
664 384 0 0.014382126058075508 0.00041928969709553558
672 384 0 0.01458486730685269 0.00038079820582001024
680 384 0 0.014767854427119418 0.00034052842298220448
688 384 0 0.014930182979395478 0.00029866782290675041
696 384 0 0.015071000407232088 0.00025541834191642604
704 384 0 0.015189510866583237 0.0002109952526370331
712 384 0 0.015284980187563807 0.00016562580989003955
720 384 0 0.015356741201712078 0.00011954765292389313
728 384 0 0.015404199704575072 7.3006966488427943e-05
736 384 0 0.01542684131450207 5.8472158724806253e-05
744 384 0 0.015424239431698119 0.0001051402580543228
752 384 0 0.015396064402365362 0.00015110060585763439
760 384 0 0.015342093863767692 0.00019610124820411586
768 384 0 0.015262224105188358 0.00023989690211657574
776 384 0 0.015156482147423933 0.0002822513907582945
784 384 0 0.015025038139348688 0.00032293997563738984
792 384 0 0.01486821760988255 0.00036175155719364409
800 384 0 0.014686513106381386 0.00039849073541641314
808 384 0 0.01448059479655278 0.00043297974289960815
816 384 0 0.014251319702065307 0.00046506028075324508
824 384 0 0.013999739351659763 0.000494595299947111
832 384 0 0.013727105767656992 0.00052147077435531382
840 384 0 0.013434875807719432 0.00054559750527546219
848 384 0 0.01312471395039627 0.00056691297994417196
856 384 0 0.012798493620456009 0.00058538327931538861
864 384 0 0.01245829708890718 0.00060100499519396937
872 384 0 0.012106413854278927 0.00061380707700402215
880 384 0 0.011745337229009226 0.00062385248821396691
888 384 0 0.011377758641102839 0.00063123951644110041
896 384 0 0.011006558948180025 0.00063610255426124578
904 384 0 0.010634795884674522 0.0006386121540223888
912 384 0 0.010265686659148229 0.00063897416282605694
920 384 0 0.009902584718371979 0.00063742776525703426
928 384 0 0.0095489498194116455 0.00063424230173255054
936 384 0 0.0092083108088851905 0.00062971278805139426
944 384 0 0.008884220893146489 0.00062415413366455341
952 384 0 0.0085802056722539422 0.00061789413764312337
960 384 0 0.008299704768037805 0.0006112654264066519
968 384 0 0.0080460084553862742 0.00060459657942766708
976 384 0 0.0078221912527266391 0.00059820276165504106
984 384 0 0.0076310448884133403 0.00059237623806825124
992 384 0 0.0074750133850150008 0.00058737718136881063
1000 384 0 0.0073561331541760295 0.00058342519460905223
1008 384 0 0.007275980946276954 0.00058069195467060162
1016 384 0 0.0072356322445643216 0.00057929534009824608
0 392 0 3.7574513072567176e-05 1.1264337133929639e-05
8 392 0 3.8341789831659214e-05 1.1458135412466326e-05
16 392 0 3.988594138464793e-05 1.1847284238271805e-05
24 392 0 4.222622896641336e-05 1.2434886699887109e-05
32 392 0 4.5391707750858184e-05 1.3225593922086075e-05
40 392 0 4.9421423829222776e-05 1.4225601147343025e-05
48 392 0 5.4364678059618209e-05 1.544264291103669e-05
56 392 0 6.0281356976796831e-05 1.6885987486807675e-05
64 392 0 6.7242330014226129e-05 1.8566430624834251e-05
72 392 0 7.5329910816565151e-05 2.049628833778052e-05
80 392 0 8.4638378416354809e-05 2.2689388103617832e-05
88 392 0 9.5274551574191658e-05 2.5161057360499676e-05
96 392 0 0.00010735840674908228 2.7928107589510307e-05
104 392 0 0.00012102372713212023 3.1008811653946498e-05
112 392 0 0.00013641876712986391 3.4422871439362338e-05
120 392 0 0.00015370691382220514 3.8191372276698347e-05
128 392 0 0.00017306732442753231 4.2336720194620191e-05
136 392 0 0.00019469551683031112 4.6882557795648445e-05
144 392 0 0.00021880388884493721 5.1853654529904376e-05
152 392 0 0.00024562214110916035 5.7275767375420067e-05
160 392 0 0.00027539757824379739 6.3175468422609028e-05
168 392 0 0.0003083952630374649 6.9579936569637605e-05
176 392 0 0.00034489799873045385 7.6516711402683396e-05
184 392 0 0.00038520611479956615 8.401340827491325e-05
192 392 0 0.00042963703186252214 9.2097394513390675e-05
200 392 0 0.00047852458141666549 0.00010079542748060505
208 392 0 0.00053221805625220124 0.00011013325582474225
216 392 0 0.00059108096787061895 0.00012013518563615743
224 392 0 0.00065548948860897076 0.00013082361340414602
232 392 0 0.00072583055906814303 0.00014221852771341274
240 392 0 0.00080249964656117041 0.00015433698166401411
248 392 0 0.00088589814824841168 0.00016719253821438835
256 392 0 0.00097643044379170827 0.000180794691224165
264 392 0 0.0010745006167359786 0.00019514826608696737
272 392 0 0.0011805088808933845 0.00021025280561606991
280 392 0 0.0012948477666438684 0.00022610194931144178
288 392 0 0.0014178981405588175 0.00024268281721021869
296 392 0 0.0015500251478823652 0.00025997541298343019
304 392 0 0.0016915741786511361 0.0002779520644358303
312 392 0 0.0018428669620894646 0.00029657692262888388
320 392 0 0.0020041978882600927 0.00031580554295231262
328 392 0 0.0021758306394498144 0.00033558457209085504
336 392 0 0.0023579951862660463 0.00035585156352415563
344 392 0 0.0025508851662104318 0.00037653494067204458
352 392 0 0.0027546556184581063 0.00039755412099991066
360 392 0 0.0029694210020860096 0.00041881980655557793
368 392 0 0.0031952533816233101 0.00044023443704719256
376 392 0 0.0034321806297379319 0.00046169279149583164
384 392 0 0.0036801844782130082 0.00048308271472858938
392 392 0 0.0039391982502297185 0.00050428593665091063
400 392 0 0.0042091041326556364 0.00052517894646530484
408 392 0 0.004489729897266371 0.00054563388173360042
416 392 0 0.0047808450522594075 0.00056551939404698038
424 392 0 0.0050821564944961229 0.00058470145927604252
432 392 0 0.0053933038301420084 0.00060304411061939261
440 392 0 0.0057138546260736001 0.00062041008612584436
448 392 0 0.0060432999348086405 0.00063666139772869997
456 392 0 0.0063810504903499708 0.0006516598444408165
464 392 0 0.0067264339916330166 0.00066526750636899945
472 392 0 0.0070786938679624992 0.00067734726680124605
480 392 0 0.0074369898551114545 0.00068776341523999352
488 392 0 0.0078004006049542298 0.00069638238381039032
496 392 0 0.0081679284140868166 0.00070307366251252772
504 392 0 0.0085385060008106497 0.00070771092559738201
512 392 0 0.008911005101237001 0.00071017338296236118
520 392 0 0.0092842465115282394 0.00071034734858902229
528 392 0 0.0096570110909926822 0.000709432356181686
536 392 0 0.010028051173412987 0.00070900969673201586
544 392 0 0.010396101820194516 0.00070614893076941486
552 392 0 0.010759891390986031 0.00070075972839524908
560 392 0 0.011118151000864379 0.00069276668149553973
568 392 0 0.01146962256708378 0.00068211101652027387
576 392 0 0.011813065306724498 0.000668752043433243
584 392 0 0.012147260710189756 0.00065266829012842163
592 392 0 0.012471016164680254 0.00063385829368756488
600 392 0 0.012783167518917128 0.00061234104345815957
608 392 0 0.013082580952423335 0.00058815609345884597
616 392 0 0.013368154532919532 0.00056136338060921651
624 392 0 0.013638819814456235 0.00053204279871127066
632 392 0 0.013893543754588582 0.00050029358465689122
640 392 0 0.014131331125004679 0.00046623357252945259
648 392 0 0.014351227474264197 0.00042999836355707075
656 392 0 0.014552322592637749 0.00039174044656527761
664 392 0 0.014733754344739534 0.00035162828666402551
672 392 0 0.014894712688669157 0.0003098453818164669
680 392 0 0.01503444369734524 0.00026658927022582199
688 392 0 0.015152253437874285 0.00022207045847880656
696 392 0 0.015247511640156487 0.00017651123292439924
704 392 0 0.01531965518249497 0.00013014431591173298
712 392 0 0.015368191521991386 8.3211334427579081e-05
720 392 0 0.015392702282313989 4.8104677971760532e-05
728 392 0 0.015392847264466179 9.5398703890312367e-05
736 392 0 0.015368369155777264 0.00014209663480560693
744 392 0 0.015319099173643796 0.00018794633139120748
752 392 0 0.015244963796507728 0.00023270078049615964
760 392 0 0.015145992615563576 0.00027612053877388264
768 392 0 0.015022327203071782 0.0003179761637916792
776 392 0 0.014874230756665639 0.00035805057308040296
784 392 0 0.014702098163711298 0.00039614127943991308
792 392 0 0.014506466052688906 0.00043206246494029328
800 392 0 0.014288022370964973 0.00046564687457843583
808 392 0 0.014047615053653172 0.00049674753084505939
816 392 0 0.013786259421312062 0.00052523928948602049
824 392 0 0.013505144051712652 0.00055102027140769595
832 392 0 0.013205634993301678 0.00057401321323865412
840 392 0 0.01288927830244397 0.00059416677750919605
848 392 0 0.012557800970452098 0.00061145685177983918
856 392 0 0.01221311034114062 0.00062588784460999684
864 392 0 0.011857292093713211 0.0006374939565796725
872 392 0 0.011492606777274905 0.00064634036943945344
880 392 0 0.011121484740795259 0.00065252425961718867
888 392 0 0.010746519124661739 0.00065617550811676584
896 392 0 0.01037045639391878 0.00065745695182978237
904 392 0 0.009996183730652133 0.00065656400564465846
912 392 0 0.0096267124963221717 0.00065372348387330269
920 392 0 0.0092651569531149447 0.00064919146559897292
928 392 0 0.0089147075176790949 0.00064325008223123543
936 392 0 0.0085785980208337963 0.00063620315580124528
944 392 0 0.0082600667594819356 0.000628370680628541
952 392 0 0.0079623115346108189 0.00062008221471748521
960 392 0 0.0076884393416311531 0.00061166932519128581
968 392 0 0.0074414118759586071 0.00060459657942766708
976 392 0 0.0072239884910715981 0.00059820276165504106
984 392 0 0.0070386686503450891 0.00059237623806825124
992 392 0 0.0068876362036461901 0.00058737718136881063
1000 392 0 0.0067727079595669773 0.00058342519460905223
1008 392 0 0.0066952889916063523 0.00058069195467060162
1016 392 0 0.0066563369044660755 0.00057929534009824608
0 400 0 4.8838850206496815e-05 1.4283299845319925e-05
8 400 0 4.979992524412554e-05 1.4518718564065142e-05
16 400 0 5.1733225622919735e-05 1.4991218673061476e-05
24 400 0 5.4661115666300469e-05 1.5704121265779926e-05
32 400 0 5.8617301672944259e-05 1.6662397515037039e-05
40 400 0 6.3647024976565801e-05 1.7872656519707326e-05
48 400 0 6.9807320970654898e-05 1.9343129688875274e-05
56 400 0 7.7167344463604506e-05 2.1083651989243357e-05
64 400 0 8.580876063906038e-05 2.310564024752339e-05
72 400 0 9.5826199154345671e-05 2.5422068436534598e-05
80 400 0 0.00010732776651997264 2.8047439474726709e-05
88 400 0 0.00012043560893469133 3.0997752540235749e-05
96 400 0 0.00013528651433859258 3.4290464265042262e-05
104 400 0 0.00015203253878606673 3.7944441472685246e-05
112 400 0 0.00017084163856922625 4.1979902411434463e-05
120 400 0 0.00019189828609890349 4.641834278418312e-05
128 400 0 0.0002154040446221525 5.1282442363672238e-05
136 400 0 0.00024157807462595957 5.6595947681783114e-05
144 400 0 0.00027065754337484159 6.2383526256585024e-05
152 400 0 0.00030289790848458042 6.8670588109173724e-05
160 400 0 0.00033857304666640642 7.5483070930254287e-05
168 400 0 0.00037797519960710251 8.2847186152200196e-05
176 400 0 0.00042141471013313724 9.07891242959703e-05
184 400 0 0.0004692195230744794 9.9334719191449363e-05
192 400 0 0.00052173442637591281 0.00010850907189187766
200 400 0 0.00057932000889727054 0.00011833613619288577
208 400 0 0.00064235131207694349 0.00012883826851752358
216 400 0 0.00071121615350677638 0.00014003574547381196
224 400 0 0.00078631310201311678 0.00015194625262220172
232 400 0 0.00086804908678155576 0.00016458434796776328
240 400 0 0.00095683662822518452 0.00017796090354733419
248 400 0 0.0010530906864628 0.00019208252840528925
256 400 0 0.0011572251350158733 0.0002069509764679935
264 400 0 0.001269648882822946 0.00022256254355993376
272 400 0 0.0013907616865094544 0.00023890745923423311
280 400 0 0.0015209497159553102 0.00025596928130851076
288 400 0 0.0016605809577690362 0.00027372430396961785
296 400 0 0.0018100005608657954 0.00029214099385093686
304 400 0 0.0019695262430869664 0.00031117947224978742
312 400 0 0.0021394438847183485 0.00033079106515698222
320 400 0 0.0023200034312124054 0.00035091794543836265
328 400 0 0.0025114152115406694 0.00037149289273503971
336 400 0 0.0027138467497902019 0.00039243919588922852
344 400 0 0.0029274201068824764 0.00041367071955898498
352 400 0 0.003152209739458017 0.0004350921509959191
360 400 0 0.0033882408086415875 0.0004565994348628929
368 400 0 0.0036354878186705027 0.00047808039393452614
376 400 0 0.0038938734212337635 0.00049941552234694696
384 400 0 0.0041632671929415976 0.00052047892680651218
392 400 0 0.0044434841868806292 0.00054113938105956709
400 400 0 0.0047342830791209413 0.00056126145122425974
408 400 0 0.0050353637789999715 0.00058070664541829981
416 400 0 0.0053463644463063878 0.000599334541318647
424 400 0 0.0056668579537721654 0.00061700385026187531
432 400 0 0.005996347940761401 0.00063357338610628509
440 400 0 0.0063342647121994444 0.00064890292062370295
448 400 0 0.0066799613325373404 0.00066285392342551458
456 400 0 0.0070327103347907873 0.00067529020166929004
464 400 0 0.007391701498002016 0.00068607847109180674
472 400 0 0.0077560411347637453 0.00069508890327373354
480 400 0 0.008124753270351448 0.00070219570266119059
488 400 0 0.0084967829887646201 0.00070727776938019765
496 400 0 0.0088710020765993443 0.00071021949954203946
504 400 0 0.0092462169264080317 0.00071091176356934821
512 400 0 0.0096211784841993622 0.00071017338296236118
520 400 0 0.0099945938601172617 0.00071034734858902229
528 400 0 0.010365139085876161 0.00070812799488347879
536 400 0 0.01073147241320368 0.00070342123979069346
544 400 0 0.011092247515365864 0.00069614569517134801
552 400 0 0.011446125983256075 0.00068623459227004462
560 400 0 0.011791788595564632 0.00067363759470025208
568 400 0 0.012127944979059564 0.00065832241197578446
576 400 0 0.012453341443812606 0.00064027613708810861
584 400 0 0.012766766959116854 0.00061950624892709825
592 400 0 0.013067057407327259 0.0005960412426470052
600 400 0 0.013353098394903479 0.00056993087598635091
608 400 0 0.013623826996786331 0.00054124604436299635
616 400 0 0.013878232852529549 0.00051007831961001789
624 400 0 0.014115359018629226 0.0004765392041729908
632 400 0 0.014334302917350846 0.00044075916276226437
640 400 0 0.014534217620994589 0.00040288649598991047
648 400 0 0.014714313589767228 0.00036308611550303106
656 400 0 0.014873860861195323 0.00032153826855757343
664 400 0 0.0150121915883944 0.00027843724365486655
672 400 0 0.015128702758811676 0.00023399007014251842
680 400 0 0.015222858903516078 0.00018841520617083815
688 400 0 0.015294194631507026 0.00014194119363274138
696 400 0 0.015342316887982021 9.4805247825534289e-05
704 400 0 0.015366906927505943 4.7251745010972943e-05
712 400 0 0.015367722095394913 8.4057365814071971e-05
720 400 0 0.015344597604342229 0.0001312808654501188
728 400 0 0.015297448560575867 0.00017776476250940497
736 400 0 0.015226272520971657 0.00022326289606670532
744 400 0 0.015131152842252589 0.00026753516804898722
752 400 0 0.015012263016011568 0.00031034980716885055
760 400 0 0.014869872076789694 0.00035148566761125828
768 400 0 0.014704351039280103 0.00039073450614166352
776 400 0 0.014516180183585236 0.00042790317858518861
784 400 0 0.014305956884271385 0.00046281570100675101
792 400 0 0.014074403587748613 0.00049531513192937679
800 400 0 0.013822375496386537 0.00052526524811267149
808 400 0 0.013550867522808112 0.00055255200551529091
816 400 0 0.013261020131826042 0.00057708479627732213
824 400 0 0.012954123780304956 0.00059879752888160158
832 400 0 0.012631621780063024 0.00061764956928567032
840 400 0 0.012295111524934774 0.00063362658353682301
848 400 0 0.011946344118672259 0.00064674131588038537
856 400 0 0.011587222496530623 0.00065703432047201603
864 400 0 0.011219798137133538 0.00066457464057786964
872 400 0 0.010846266407835451 0.00066946039885786186
880 400 0 0.010468960481178071 0.00067181922925274237
888 400 0 0.010090343616544973 0.00067180844910156266
896 400 0 0.0097129994420889973 0.00066961484364804445
904 400 0 0.0093396197250074746 0.00066545391810790729
912 400 0 0.008972989012448869 0.00065956846836789582
920 400 0 0.0086159654875159718 0.00065222633250003326
928 400 0 0.0082714574354478595 0.0006437172125411594
936 400 0 0.007942394865032551 0.00063620315580124528
944 400 0 0.0076316960788533946 0.000628370680628541
952 400 0 0.0073422293198933336 0.00062008221471748521
960 400 0 0.0070767700164398673 0.00061166932519128581
968 400 0 0.0068379545678475184 0.00060345730811108868
976 400 0 0.0066282320202487519 0.00059575647082284622
984 400 0 0.0064498153317836164 0.00058885331856147263
992 400 0 0.0063046341822769018 0.00058300202136928828
1000 400 0 0.0061942914107810405 0.00057841654878593683
1008 400 0 0.0061200251452920339 0.00057526384631431844
1016 400 0 0.0060826785150863176 0.00057365838937975793
0 408 0 6.3122150051816739e-05 1.7997912492449762e-05
8 408 0 6.4318643808190681e-05 1.8281873465166024e-05
16 408 0 6.6724444295981211e-05 1.885153397069142e-05
24 408 0 7.0365236932080395e-05 1.9710363623879663e-05
32 408 0 7.5279699187981298e-05 2.0863548286145225e-05
40 408 0 8.1519681496273127e-05 2.2317968328778648e-05
48 408 0 8.9150450659530173e-05 2.4082170452958081e-05
56 408 0 9.8250996452847863e-05 2.6166333571321139e-05
64 408 0 0.00010891440088658377 2.8582229156880868e-05
72 408 0 0.00012124826759088027 3.1343176224940539e-05
80 408 0 0.00013537520599469935 3.4463990719733369e-05
88 408 0 0.00015143336147492708 3.796092853121567e-05
96 408 0 0.00016957697860363484 4.1851620688625202e-05
104 408 0 0.00018997698025875198 4.6154998507103761e-05
112 408 0 0.00021282154098066071 5.0891205664247498e-05
120 408 0 0.00023831662888308661 5.60814934354802e-05
128 408 0 0.00026668648698582474 6.1748094712507022e-05
136 408 0 0.00029817402230774268 6.7914072060767429e-05
144 408 0 0.00033304106963142661 7.4603135021038475e-05
152 408 0 0.00037156849659375415 8.1839422183320422e-05
160 408 0 0.0004140561175966607 8.9647244276855787e-05
168 408 0 0.0004608223857593027 9.8050785601854536e-05
176 408 0 0.00051220383442910754 0.00010707376250126282
184 408 0 0.00056855424226592876 0.00011673903911610666
192 408 0 0.00063024349826779047 0.00012706820223587966
200 408 0 0.00069765614509015631 0.00013808109848514286
208 408 0 0.00077118958059446707 0.00014979533823139296
216 408 0 0.00085125189898058835 0.00016222577134982548
224 408 0 0.0009382593546353185 0.00017538394029439008
232 408 0 0.001032633434749319 0.00018927751583938429
240 408 0 0.0011347975317725187 0.00020390972049643958
248 408 0 0.0012451732148680893 0.00021927874418190951
256 408 0 0.0013641761114838668 0.00023537715646769616
264 408 0 0.0014922114263828798 0.00025219131997075792
272 408 0 0.0016296691457436876 0.00026970081036774914
280 408 0 0.0017769189972638209 0.00028787785032425542
288 408 0 0.0019343052617386541 0.00030668676733404268
296 408 0 0.0021021415547167323 0.00032608348893788585
304 408 0 0.0022807057153367539 0.00034601509271652182
312 408 0 0.0024702349498753307 0.0003664194323415291
320 408 0 0.002670921376650768 0.00038722486420424531
328 408 0 0.0028829081042757092 0.00040835010104927662
336 408 0 0.0031062859456794305 0.00042970421896723057
344 408 0 0.0033410908264414614 0.00045118684153472441
352 408 0 0.0035873018904539361 0.00047268851954185591
360 408 0 0.0038448402435044804 0.00049409131664488988
368 408 0 0.0041135682126050288 0.00051526960081281839
376 408 0 0.0043932889435807105 0.00053609102935677118
384 408 0 0.0046837461197481098 0.00055641770271881285
392 408 0 0.0049846235679401963 0.00057610745035482913
400 408 0 0.005295544530345201 0.00059501520236502573
408 408 0 0.0056160704244182713 0.00061299439431049003
416 408 0 0.0059456989876250348 0.00062989835095040615
424 408 0 0.0062838618040340407 0.00064558159806214158
432 408 0 0.0066299213268676861 0.00065990106013663272
440 408 0 0.0069831676328231474 0.00067271711503260993
448 408 0 0.007342815255962855 0.00068389449347786273
456 408 0 0.0077080005364600773 0.00069330302996160539
464 408 0 0.0080777799690938228 0.00070081829005183907
472 408 0 0.0084511300380374788 0.00070632211534592607
480 408 0 0.0088269489730126386 0.0007097031390914648
488 408 0 0.0092040607581448178 0.00071085733134714814
496 408 0 0.0095812215761413837 0.00071021949954203946
504 408 0 0.0099571286899773799 0.00071091176356934821
512 408 0 0.010330431570097123 0.00070925308589776109
520 408 0 0.010699744887911642 0.00070515102779438073
528 408 0 0.011063662837026454 0.00069852375115029251
536 408 0 0.011420774130682061 0.00068930171747838033
544 408 0 0.011769676970954428 0.00067742945558856363
552 408 0 0.012108993299150866 0.0006628673158947905
560 408 0 0.012437381716452162 0.00064559312088753075
568 408 0 0.01275354860013893 0.00062560362107936564
576 408 0 0.013056257117708024 0.00060291567389541764
584 408 0 0.013344334037900927 0.00057756707878407233
592 408 0 0.013616674430971611 0.00054961702364435261
600 408 0 0.013872244518100461 0.00051914612319698197
608 408 0 0.014110083053220571 0.00048625605643424011
616 408 0 0.014329301687473364 0.00045106883494381439
624 408 0 0.01452908477275483 0.00041372575412560418
632 408 0 0.014708689010421669 0.00037438609307082274
640 408 0 0.014867443255898304 0.00033322563490371417
648 408 0 0.015004748667157154 0.00029043507738992641
656 408 0 0.015120079255445569 0.00024621839425024647
664 408 0 0.015212982780814385 0.00020079119241998497
672 408 0 0.015283081850484067 0.00015437909167239153
680 408 0 0.015330075036701184 0.00010721613318510556
688 408 0 0.015353737836943019 5.9543205435993313e-05
696 408 0 0.01535392334963896 7.1740275376860896e-05
704 408 0 0.015330562622266647 0.00011928868008234672
712 408 0 0.015283664729580841 0.00016619846223225182
720 408 0 0.01521331673889211 0.00021222595995194944
728 408 0 0.015119683798066462 0.00025713274978984672
736 408 0 0.015003009624904952 0.00030068755095868926
744 408 0 0.014863617674203602 0.00034266821202689687
752 408 0 0.014701913208842718 0.00038286375782467345
760 408 0 0.014518386409178435 0.00042107645855189377
768 408 0 0.014313616533138439 0.00045712387139349754
776 408 0 0.014088277005000047 0.00049084079910282317
784 408 0 0.013843141183264634 0.00052208111093432312
792 408 0 0.013579088455819236 0.00055071937896462343
800 408 0 0.013297110248273866 0.00057665229623304372
808 408 0 0.012998315517292821 0.00059979986038806617
816 408 0 0.012683935335548719 0.00062010632513432966
824 408 0 0.012355326251423354 0.00063754093890057775
832 408 0 0.012013972210777353 0.00065209850300591669
840 408 0 0.011661484941397951 0.00066379978783108647
848 408 0 0.011299602802791874 0.0006726918435085924
856 408 0 0.010930188176058607 0.00067884823086272403
864 408 0 0.010555223496555669 0.00068236917935141778
872 408 0 0.01017680600897759 0.00068338165334447774
880 408 0 0.0097971412519253284 0.00068203927900070335
888 408 0 0.0094185351674434103 0.00067852205481166473
896 408 0 0.0090433845984409528 0.00067303574347530801
904 408 0 0.0086741658068995673 0.00066581082499927481
912 408 0 0.0083134205440809732 0.00065956846836789582
920 408 0 0.0079637391550159385 0.00065222633250003326
928 408 0 0.0076277402229067001 0.0006437172125411594
936 408 0 0.0073080463662599567 0.00063434849877259426
944 408 0 0.0070072559940567549 0.00062444008479663974
952 408 0 0.0067279110925537317 0.00061431822733960199
960 408 0 0.0064724614414094581 0.00060430857503040915
968 408 0 0.0062432260080863295 0.00059472855976118889
976 408 0 0.0060423526135256799 0.00058587940672307198
984 408 0 0.0058717772625862547 0.00057803806919736172
992 408 0 0.0057331847554327759 0.00057144942684412593
1000 408 0 0.0056279723127719465 0.00056631909800909392
1008 408 0 0.0055572179397661518 0.00056280720552588214
1016 408 0 0.0055216551135737384 0.00056102340151257916
0 416 0 8.1120062544266501e-05 2.2534989662549094e-05
8 416 0 8.2600517273356705e-05 2.2875053457948409e-05
16 416 0 8.5575978266672631e-05 2.355694519608964e-05
24 416 0 9.0075600555960058e-05 2.4584182080704715e-05
32 416 0 9.6143247474126523e-05 2.5962012436718288e-05
40 416 0 0.00010383764982505178 2.7697383396219235e-05
48 416 0 0.00011323262111248825 2.9798898832379458e-05
56 416 0 0.000124417330024169 3.227676824115182e-05
64 416 0 0.00013749663004346464 3.514274722390021e-05
72 416 0 0.00015259144381582081 3.8410070029179836e-05
80 416 0 0.00016983919671443272 4.2093374248062111e-05
88 416 0 0.00018939429000614275 4.6208617218126871e-05
96 416 0 0.00021142859929226005 5.0772982990165565e-05
104 416 0 0.00023613197876585574 5.5804777887228871e-05
112 416 0 0.00026371274664490821 6.1323311803046011e-05
120 416 0 0.00029439812231856681 6.7348761535566167e-05
128 416 0 0.00032843458169833176 7.3902011738427543e-05
136 416 0 0.00036608809436851011 8.1004468611599312e-05
144 416 0 0.00040764420465246509 8.8677841346329741e-05
152 416 0 0.00045340791877707457 9.6943886667395372e-05
160 416 0 0.00050370336187351649 0.00010582411261445706
168 416 0 0.00055887317136115724 0.00011533943895751693
176 416 0 0.00061927759693037037 0.00012550981327296622
184 416 0 0.00068529328138203542 0.00013635378358385793
192 416 0 0.00075731170050367014 0.00014788803041370366
200 416 0 0.00083573724357529917 0.00016012686291730718
208 416 0 0.00092098491882586003 0.00017308168524059751
216 416 0 0.0010134776703304138 0.00018676044026746681
224 416 0 0.0011136432949297086 0.00020116703834709452
232 416 0 0.0012219109505887033 0.00021630077846471023
240 416 0 0.0013387072522689583 0.00023215576873119172
248 416 0 0.0014644519590499988 0.00024872035223254762
256 416 0 0.0015995532679515629 0.00026597654348863909
264 416 0 0.0017444027463536377 0.00028389948035095584
272 416 0 0.0018993699561114367 0.00030245689643922059
280 416 0 0.0020647968475880764 0.00032160862042048899
288 416 0 0.0022409920290726968 0.00034130611068583982
296 416 0 0.0024282250436546181 0.00036149203721378906
304 416 0 0.0026267208080532757 0.00038209992635633138
312 416 0 0.0028366543822168598 0.0004030538884702969
320 416 0 0.0030581462408550133 0.00042426845210242472
328 416 0 0.0032912582053249858 0.00044564853107967707
336 416 0 0.003535990164646661 0.00046708955160815017
344 416 0 0.0037922776679761858 0.00048847776470105266
352 416 0 0.004059990409995792 0.00050969076451319335
360 416 0 0.0043389315601493703 0.00053059822534757325
368 416 0 0.0046288378134178472 0.00055106285949688485
376 416 0 0.0049293799729374817 0.00057094158537378953
384 416 0 0.0052401638224669226 0.00059008688163190472
392 416 0 0.0055607310182950254 0.00060834828953550222
400 416 0 0.0058905597327102268 0.00062557401420170432
408 416 0 0.0062290648187287613 0.00064161256699002064
416 416 0 0.006575597338575441 0.00065631438750822675
424 416 0 0.0069294434020961823 0.00066953338529474309
432 416 0 0.0072898223870043188 0.00068112834852913744
440 416 0 0.0076558847478557573 0.00069096417977116808
448 416 0 0.0080267097494407177 0.00069891293573261584
456 416 0 0.0084013035664216827 0.00070485466784774194
464 416 0 0.0087785982591456618 0.00070867808088719009
472 416 0 0.0091574521533834049 0.00071028104578755094
480 416 0 0.0095366521121041034 0.0007097031390914648
488 416 0 0.0099149180894919659 0.00071085733134714814
496 416 0 0.010290910207480467 0.00070968863133908343
504 416 0 0.010663238406102884 0.00070610971612550429
512 416 0 0.011030474509467173 0.00070004293937005017
520 416 0 0.011391166341231995 0.00069142145332035283
528 416 0 0.011743853340089625 0.00068019050306317164
536 416 0 0.012087082988005274 0.00066630885732321329
544 416 0 0.012419427288175567 0.00064975031722113927
552 416 0 0.012739498525260136 0.00063050522610927015
560 416 0 0.013045963608474999 0.0006085818920228362
568 416 0 0.013337556431010566 0.00058400783087163635
576 416 0 0.013613087861520276 0.00055683074381225259
584 416 0 0.013871453193765796 0.00052711915586486913
592 416 0 0.014111637094386656 0.00049496266341504495
600 416 0 0.014332716281720666 0.00046047176362020575
608 416 0 0.014533860319452956 0.00042377726623238528
616 416 0 0.014714331002509637 0.00038502931503627338
624 416 0 0.014873480841938309 0.00034439606918347868
632 416 0 0.01501075112225168 0.00030206211183001104
640 416 0 0.015125669918926948 0.00025822666302864443
648 416 0 0.015217850342236546 0.00021310167507939196
656 416 0 0.015286989137223482 0.00016690988177791265
664 416 0 0.015332865640257685 0.00011988285944329949
672 416 0 0.015355340989740352 7.2259139256285188e-05
680 416 0 0.015354357426522351 5.9049134027428299e-05
688 416 0 0.015329937505651012 0.00010674137968579023
696 416 0 0.015282183074262099 0.00015388728594047107
704 416 0 0.0152112739421843 0.00020024553658173211
712 416 0 0.015117466267348589 0.00024558000526228758
720 416 0 0.015001090778940161 0.00028966136419713955
728 416 0 0.014862551048276615 0.00033226871379642489
736 416 0 0.014702322073946263 0.00037319125464188585
744 416 0 0.014520949462176705 0.00041223000815308192
752 416 0 0.014319049451018044 0.0004491995752364461
760 416 0 0.014097309950626542 0.00048392990569090001
768 416 0 0.013856492661744942 0.00051626803757650989
776 416 0 0.013597436205897224 0.00054607975712562054
784 416 0 0.013321060072330311 0.00057325112737034202
792 416 0 0.013028369076854613 0.00059768983787183982
800 416 0 0.012720457952040822 0.00061932633820465342
808 416 0 0.012398515656904755 0.00063811473271688235
816 416 0 0.01206382901041439 0.00065403343138423567
824 416 0 0.011717785312522776 0.00066708556869127245
832 416 0 0.011361873707771437 0.00067729921670759904
840 416 0 0.010997685153566864 0.00068472742745388955
848 416 0 0.010626910959283281 0.00068944814146737823
856 416 0 0.010251339945195883 0.00069156399326980589
864 416 0 0.0098728543172042511 0.00069120203037194641
872 416 0 0.0094934243556331118 0.00068851334178768146
880 416 0 0.009115101972924625 0.00068367256706379324
888 416 0 0.0087400131126317455 0.00067852205481166473
896 416 0 0.0083703488549656448 0.00067303574347530801
904 416 0 0.0080083549819002925 0.00066581082499927481
912 416 0 0.0076563196599226061 0.00065710088415836705
920 416 0 0.0073165588429493162 0.00064718031206662235
928 416 0 0.006991399000053077 0.00063634122285362305
936 416 0 0.0066831568442785151 0.00062488952198144158
944 416 0 0.006394115883229733 0.0006131401108270219
952 416 0 0.0061264998229570659 0.00060141126959666578
960 416 0 0.005882443118315997 0.00059001832309346115
968 416 0 0.0056639592518832656 0.00057926675620306387
976 416 0 0.0054729076107644815 0.00056944500276119841
984 416 0 0.0053109600851108741 0.00056081717747538066
992 416 0 0.0051795687041858544 0.00055361605124692147
1000 416 0 0.0050799357306015895 0.00054803658217035707
1008 416 0 0.0050129876340111075 0.00054423030575504426
1016 416 0 0.0049793542552828288 0.0005423008582909096
0 424 0 0.00010365505220681559 2.8035205768903922e-05
8 424 0 0.00010547557073130511 2.8439503565744811e-05
16 424 0 0.00010913292346276227 2.9249819898375393e-05
24 424 0 0.00011465978263666477 3.0469581451926885e-05
32 424 0 0.00012210525991084481 3.210389155228156e-05
40 424 0 0.00013153503322127101 3.4159486886461591e-05
48 424 0 0.00014303151994486771 3.6644680999122853e-05
56 424 0 0.00015669409826532082 3.9569295450633942e-05
64 424 0 0.00017263937726736485 4.2944579546230045e-05
72 424 0 0.00019100151384500064 4.6783119422612996e-05
80 424 0 0.00021193257096249483 5.1098736976955636e-05
88 424 0 0.00023560290722426962 5.5906378625146741e-05
96 424 0 0.00026220158228242561 6.1221993184101451e-05
104 424 0 0.00029193675665308461 6.7062397318465999e-05
112 424 0 0.00032503605844795422 7.3445126039039393e-05
120 424 0 0.00036174688385413298 8.0388264784665524e-05
128 424 0 0.00040233659343675931 8.7910258782682475e-05
136 424 0 0.00044709256298010942 9.6029694799777579e-05
144 424 0 0.00049632204599879483 0.0001047650501957416
152 424 0 0.00055035180544446994 0.00011413440448308765
160 424 0 0.00060952747448797355 0.00012415510943726159
168 424 0 0.00067421261031867417 0.00013484341519516367
176 424 0 0.00074478741020333659 0.00014621405165265902
184 424 0 0.00082164706496589334 0.00015827976668177242
192 424 0 0.0009051997309173738 0.00017105082503232779
200 424 0 0.00099586410649260635 0.00018453447402005702
208 424 0 0.0010940666040664575 0.0001987343839874305
216 424 0 0.0012002381105978806 0.00021365007284082117
224 424 0 0.0013148103332768031 0.00022927632457479742
232 424 0 0.0014382117290534136 0.00024560261155078195
240 424 0 0.00157086302100015 0.00026261252948541077
248 424 0 0.0017131723112825464 0.00028028325283091429
256 424 0 0.001865529811440202 0.00029858501681045524
264 424 0 0.0020283022267045935 0.00031748063118783093
272 424 0 0.0022018268525506573 0.00033692503029731421
280 424 0 0.0023864054680085654 0.00035686486427289384
288 424 0 0.0025822981397585366 0.00037723813800832808
296 424 0 0.0027897170808684072 0.00039797390717526615
304 424 0 0.0030088207344096071 0.00041899204442593166
312 424 0 0.0032397082706871567 0.00044020309327231664
320 424 0 0.003482414692957438 0.00046150823141998107
328 424 0 0.0037369067364046629 0.00048279936874832431
336 424 0 0.0040030797162548112 0.00050395940682835746
344 424 0 0.0042807554326772385 0.00052486268608001492
352 424 0 0.0045696811745089853 0.00054537564281641974
360 424 0 0.0048695297854969436 0.00056535769123798162
368 424 0 0.0051799006729147321 0.00058466233506155804
376 424 0 0.0055003215583112712 0.00060313850048050212
384 424 0 0.0058302507040988273 0.00062063206756141163
392 424 0 0.0061690793078305276 0.00063698756235953339
400 424 0 0.0065161337469119311 0.00065204995856234238
408 424 0 0.0068706773857187819 0.00066566652697991769
416 424 0 0.0072319117260836677 0.00067768866515440992
424 424 0 0.0075989767873909254 0.00068797363885982933
432 424 0 0.0079709507355334563 0.00069638617286247456
440 424 0 0.0083468489276269254 0.00070279983990589184
448 424 0 0.0087256226851733336 0.00070709821365740749
456 424 0 0.0091061582342694247 0.00070917577182611803
464 424 0 0.0094872763400328519 0.00070893855781855274
472 424 0 0.0098677331991709558 0.00071028104578755094
480 424 0 0.010246223130113618 0.00070957101800951487
488 424 0 0.010621383511654942 0.00070646542216297632
496 424 0 0.010991802273459155 0.00070089206597868763
504 424 0 0.011356028047450797 0.00069278964134791322
512 424 0 0.011712582866814078 0.00068210835734690452
520 424 0 0.012059977072273603 0.00066881073104160804
528 424 0 0.012396725878428489 0.00065287253833886359
536 424 0 0.012721366889711408 0.00063428390170613448
544 424 0 0.013032477755196024 0.00061305046702045743
552 424 0 0.013328693126174214 0.0005891946009140784
560 424 0 0.013608720133673344 0.00056275652519834594
568 424 0 0.013871351729083537 0.00053379529807297092
576 424 0 0.014115477415323107 0.00050238955380283064
584 424 0 0.014340091117089761 0.00046863792332396507
592 424 0 0.014544296171173107 0.00043265907678645063
600 424 0 0.014727307635155413 0.00039459135343474644
608 424 0 0.014888452291344643 0.00035459197189168651
616 424 0 0.015027166844421397 0.00031283584191175995
624 424 0 0.015142994865992659 0.00026951402405435074
632 424 0 0.015235583026130286 0.00022483190387860563
640 424 0 0.015304677079126335 0.00017900716019938687
648 424 0 0.015350117953790206 0.00013226761155366029
656 424 0 0.015371838158406492 8.4849021183009896e-05
664 424 0 0.015369858569660109 4.6543396212151214e-05
672 424 0 0.015344285554670371 9.4217370260224129e-05
680 424 0 0.015295308292494923 0.00014143061937955427
688 424 0 0.015223196125965222 0.00018794308478873104
696 424 0 0.015128295788321628 0.00023352007478744108
704 424 0 0.015011028405602568 0.00027793386327288477
712 424 0 0.014871886262086301 0.00032096517908270818
720 424 0 0.014711429414743021 0.00036240462512271247
728 424 0 0.01453028233448019 0.00040205406511529228
736 424 0 0.014329130819304377 0.00043972800811994776
744 424 0 0.014108719454023623 0.00047525500812773715
752 424 0 0.013869849875781598 0.0005084790800648567
760 424 0 0.013613380044935642 0.00053926111687325508
768 424 0 0.013340224624168432 0.00056748027742587782
776 424 0 0.013051356448771603 0.00059303530404678471
784 424 0 0.012747808944959969 0.00061584572292327187
792 424 0 0.012430679238982773 0.00063585288149816191
800 424 0 0.012101131613836169 0.00065302078388301127
808 424 0 0.011760400924187873 0.00066733669740571926
816 424 0 0.011409795579030154 0.00067881151879449833
824 424 0 0.011050699743831504 0.00068747990487263988
832 424 0 0.010684574491063838 0.00069340018744149141
840 424 0 0.010312957726112975 0.00069665410284166715
848 424 0 0.0099374628178159029 0.00069734637155738875
856 424 0 0.0095597759519260774 0.0006956041609784136
864 424 0 0.0091816522868323047 0.00069157645483265695
872 424 0 0.0088049110138454303 0.00068851334178768146
880 424 0 0.0084314294058608318 0.00068367256706379324
888 424 0 0.0080631358819949414 0.00067687723063680413
896 424 0 0.0077020020325237861 0.00066834682244185876
904 424 0 0.0073500334541817198 0.00065832152771857274
912 424 0 0.0070092591598104837 0.00064706050011212237
920 424 0 0.0066817192680299117 0.00063483957491940451
928 424 0 0.0063694506650094134 0.00062194833504366359
936 424 0 0.0060744703733287058 0.00060868647094980931
944 424 0 0.0057987564669195659 0.00059535941631016706
952 424 0 0.0055442265325348879 0.00058227329042217797
960 424 0 0.0053127138852422937 0.00056972923307370329
968 424 0 0.0051059419791315763 0.00055801727275168935
976 424 0 0.0049254976907602641 0.00054740992000421734
984 424 0 0.0047728043655538366 0.00053815571955703745
992 424 0 0.0046490956809619654 0.00053047302322388901
1000 424 0 0.0045553914730843293 0.00052454425751726017
1008 424 0 0.0044924766807240878 0.00052051095328701971
1016 424 0 0.0044608844759176664 0.00051846977936516239
0 432 0 0.00013169025797571952 3.4652073620853154e-05
8 432 0 0.00013391507429704992 3.5129200759577157e-05
16 432 0 0.00013838274336113766 3.6085041759808899e-05
24 432 0 0.00014512936408859166 3.7522751778989115e-05
32 432 0 0.00015420915146312637 3.9447018121951304e-05
40 432 0 0.0001656945201077326 4.1864006522403458e-05
48 432 0 0.00017967620094399057 4.4781290813862931e-05
56 432 0 0.00019626339371595476 4.8207767011605523e-05
64 432 0 0.00021558395681359489 5.2153552939351329e-05
72 432 0 0.00023778463326761364 5.6629874513531621e-05
80 432 0 0.00026303130793945047 6.1648939599200938e-05
88 432 0 0.00029150928584941637 6.7223799939827205e-05
96 432 0 0.00032342357546652706 7.336820102445791e-05
104 432 0 0.00035899915397155061 8.009641890811272e-05
112 432 0 0.00039848118448699362 8.7423082001998012e-05
120 432 0 0.0004421351486387985 9.5362974797455523e-05
128 432 0 0.00049024685221944178 0.00010393081951529527
136 432 0 0.000543122257779887 0.00011314103093702516
144 432 0 0.00060108709619453643 0.0001230074393363227
152 432 0 0.00066448620992755759 0.00013354297662709403
160 432 0 0.00073368258392523514 0.00014475932167169129
168 432 0 0.00080905602551383784 0.00015666650217403268
176 432 0 0.0008910014618559956 0.0001692724526586362
184 432 0 0.00097992683164766577 0.00018258253056118671
192 432 0 0.0010762505559497016 0.00019659899520364289
200 432 0 0.0011803985805126634 0.00021132045711555578
208 432 0 0.001292800988053888 0.00022674130749142482
216 432 0 0.0014138881834387018 0.00024285113926275528
224 432 0 0.0015440866578516005 0.00025963417210396553
232 432 0 0.0016838143406041955 0.00027706869358526138
240 432 0 0.0018334755504855608 0.0002951265276751778
248 432 0 0.0019934555641134607 0.00031377254007376515
256 432 0 0.0021641148282506573 0.00033296418775485663
264 432 0 0.0023457828578924244 0.00035265111804443474
272 432 0 0.0025387518828479715 0.00037277482103377111
280 432 0 0.0027432703322814592 0.00039326833855979305
288 432 0 0.0029595362777668647 0.0004140560337051449
296 432 0 0.0031876909880436733 0.00043505342691210584
304 432 0 0.0034278127788355387 0.00045616710826015209
312 432 0 0.0036799113639594734 0.00047729473985088288
320 432 0 0.0039439229243774191 0.0004983251669477785
328 432 0 0.0042197061051529872 0.00051913866070714323
336 432 0 0.0045070391230831687 0.00053960731808496733
344 432 0 0.0048056181187572534 0.00055959564491085169
352 432 0 0.005115056817325405 0.00057896134544664114
360 432 0 0.0054348874767349252 0.00059755633555446178
368 432 0 0.0057645630079762901 0.00061522798685409354
376 432 0 0.0061034600587917733 0.00063182059639478247
384 432 0 0.006450882771660239 0.00064717706132268529
392 432 0 0.006806066870190061 0.00066114072213361783
400 432 0 0.0071681837054742735 0.00067355732299944054
408 432 0 0.0075363439126986996 0.00068427702510000851
416 432 0 0.0079096003912380777 0.00069315640054154297
424 432 0 0.0082869504262507547 0.0007000603316402159
432 432 0 0.0086673369083959308 0.00070486374392334482
440 432 0 0.0090496487675328172 0.00070745311131177428
448 432 0 0.0094327208988307411 0.00070772768801197899
456 432 0 0.0098153340060955427 0.00070917577182611803
464 432 0 0.010196214897851405 0.00070893855781855274
472 432 0 0.010574037829965138 0.00070630463079418213
480 432 0 0.010947427482524748 0.0007012043524111302
488 432 0 0.011314964083378473 0.00069358057172353056
496 432 0 0.011675191049376454 0.00068338877591729921
504 432 0 0.012026625320333967 0.00067059727288316939
512 432 0 0.012367770328745926 0.00065518746193184846
520 432 0 0.012697131304358802 0.00063715423208519917
528 432 0 0.013013232383442186 0.00061650650501369683
536 432 0 0.013314634803920993 0.00059326791420958452
544 432 0 0.013599955341383916 0.00056747758618789189
552 432 0 0.013867884092480517 0.00053919096630630249
560 432 0 0.014117200747545517 0.00050848061387217224
568 432 0 0.014346788609778421 0.0004754368806948843
576 432 0 0.014555645800793065 0.0004401683854699575
584 432 0 0.014742893320794188 0.00040280220370442731
592 432 0 0.014907779879811433 0.00036348370863832635
600 432 0 0.015049683656321982 0.00032237602116656945
608 432 0 0.01516811134507328 0.00027965905372863767
616 432 0 0.015262695006055042 0.00023552816163364444
624 432 0 0.015333187308289477 0.00019019244229681771
632 432 0 0.015379455771681446 0.00014387274555116049
640 432 0 0.015401476553397259 9.679947427092446e-05
648 432 0 0.015399328216288331 4.9210262498124852e-05
656 432 0 0.015373185775967928 8.224161263321525e-05
664 432 0 0.015323315173447958 0.00012937193064661845
672 432 0 0.015250068184410147 0.00017588251085841333
680 432 0 0.015153877673115369 0.00022153936140601946
688 432 0 0.015035253041176491 0.00026611538894146664
696 432 0 0.014894775713534187 0.00030939206539123618
704 432 0 0.014733094542329683 0.00035116090028959081
712 432 0 0.014550921083003593 0.0003912247489447785
720 432 0 0.014349024789620309 0.00042939899624310982
728 432 0 0.014128228269364898 0.00046551265839918712
736 432 0 0.013889402811184429 0.00049940944055967308
744 432 0 0.013633464445895886 0.00053094877789157911
752 432 0 0.013361370795716742 0.00056000687339497444
760 432 0 0.013074118928062387 0.00058647772942276716
768 432 0 0.012772744346742554 0.00061027415419084505
776 432 0 0.012458321144724819 0.00063132871169736121
784 432 0 0.012131963222036697 0.00064959457525564854
792 432 0 0.011794826357484611 0.00066504624240090043
800 432 0 0.011448110829953157 0.00067768007252288869
808 432 0 0.011093064226782154 0.0006875146175912214
816 432 0 0.010730984060235656 0.00069459072935917389
824 432 0 0.010363219838958864 0.0006989714414364686
832 432 0 0.0099911743036223463 0.0007007416392605572
840 432 0 0.0096163036232713075 0.00070000754291693265
848 432 0 0.0092401164462585141 0.00069734637155738875
856 432 0 0.0088641717909476638 0.0006956041609784136
864 432 0 0.0084900758319996477 0.00069157645483265695
872 432 0 0.0081194776771824958 0.00068543333666293456
880 432 0 0.0077540642320159418 0.00067736517384488996
888 432 0 0.0073955542163508352 0.00066758166564410623
896 432 0 0.0070456913356999936 0.00065631069682379247
904 432 0 0.0067062365335428279 0.00064379692063889181
912 432 0 0.0063789591750599943 0.00063029998475048945
920 432 0 0.0060656269549205829 0.00061609231310932877
928 432 0 0.0057679942973196405 0.00060145636768977294
936 432 0 0.0054877890368963548 0.00058668133643235108
944 432 0 0.0052266972399919766 0.00057205922692758933
952 432 0 0.0049863461454750565 0.00055788038705983142
960 432 0 0.0047682853644670075 0.00054442852077528619
968 432 0 0.0045739666638117179 0.0005319753153198584
976 432 0 0.0044047228494631238 0.00052077484129714035
984 432 0 0.0042617464411963254 0.0005110579243575112
992 432 0 0.004146068967600159 0.00050302671336180643
1000 432 0 0.0040585417916188223 0.00049684968146550702
1008 432 0 0.0039998193887853997 0.00049265729193868815
1016 432 0 0.0039703459366473241 0.00049053853927034236
0 440 0 0.00016634233159657267 4.2550046771080367e-05
8 440 0 0.00016904427505662708 4.3108913425945512e-05
16 440 0 0.00017446778512094656 4.4227984432506604e-05
24 440 0 0.00018265211586758077 4.5909914059656236e-05
32 440 0 0.00019365616958507767 4.8158631152974308e-05
40 440 0 0.00020755852663013606 5.0979276785781971e-05
48 440 0 0.0002244574917578535 5.4378122344389041e-05
56 440 0 0.00024447116072756029 5.8362469096480201e-05
64 440 0 0.00026773750975294622 6.2940530506261578e-05
72 440 0 0.00029441450778114526 6.8121298674583039e-05
80 440 0 0.0003246802475386514 7.3914396234593866e-05
88 440 0 0.00035873308578924357 8.0329914765846211e-05
96 440 0 0.00039679177649098497 8.7378240264025624e-05
104 440 0 0.00043909557287966333 9.5069865416223527e-05
112 440 0 0.00048590426648899163 0.00010341518742568433
120 440 0 0.00053749812343625403 0.00011242428899955776
128 440 0 0.00059417767173473705 0.00012210669900086422
136 440 0 0.00065626328871691217 0.0001324711283496626
144 440 0 0.00072409453553085913 0.00014352517623033168
152 440 0 0.00079802918655465162 0.00015527500169989735
160 440 0 0.00087844190559692643 0.00016772495652949706
168 440 0 0.00096572252768787053 0.00018087717660648093
176 440 0 0.0010602739145146318 0.00019473113144192057
184 440 0 0.0011625093622088525 0.00020928313412545661
192 440 0 0.0012728495511533445 0.00022452581720473091
200 440 0 0.0013917190376282191 0.00024044758312053533
208 440 0 0.0015195422955453129 0.00025703204064197538
216 440 0 0.0016567393227014571 0.00027425744086858879
224 440 0 0.0018037208299555661 0.00029209612751328849
232 440 0 0.0019608830341894569 0.00031051401618174129
240 440 0 0.0021286020781607386 0.0003294701162078373
248 440 0 0.0023072281041872258 0.0003489161064548856
256 440 0 0.0024970790160055139 0.00036879597368357593
264 440 0 0.0026984339759368592 0.00038904571909291344
272 440 0 0.0029115267038817426 0.00040959313600953456
280 440 0 0.0031365386708412523 0.00043035765997907847
288 440 0 0.0033735923114720096 0.00045125029215073919
296 440 0 0.0036227444149557792 0.00047217359810797612
304 440 0 0.0038839798870956908 0.00049302178719371056
312 440 0 0.0041572061038103562 0.00051368088161980567
320 440 0 0.0044422480913251976 0.0005340289896542897
328 440 0 0.0047388447658601304 0.00055393670211123774
336 440 0 0.005046646441168136 0.00057326763523635714
344 440 0 0.0053652137636681051 0.00059187914486312672
352 440 0 0.0056940181627720462 0.00060962323550817557
360 440 0 0.006032443812289387 0.00062634768325011466
368 440 0 0.0063797909948303836 0.00064189738256540362
376 440 0 0.0067352806551865558 0.00065611591504439147
384 440 0 0.0070980598329829243 0.00066884732286935471
392 440 0 0.0074672075923236788 0.00067993805337727194
400 440 0 0.007841741028473714 0.00068923902460129791
408 440 0 0.0082206209377987081 0.0006966077472338305
416 440 0 0.0086027567917796206 0.00070191042781428577
424 440 0 0.0089870107578909706 0.00070502397269650574
432 440 0 0.0093722006523192757 0.00070583781360205287
440 440 0 0.0097571018788445915 0.00070745311131177428
448 440 0 0.01014044858684272 0.00070772768801197899
456 440 0 0.010520934448448784 0.00070560044235324151
464 440 0 0.010897213589068814 0.00070099869121740925
472 440 0 0.011267902287424759 0.00069386445745962116
480 440 0 0.01163158207679179 0.00068415459426704114
488 440 0 0.011986804820711898 0.00067184073733342516
496 440 0 0.012332100205413248 0.00065690915603679352
504 440 0 0.012665985897504301 0.00063936057717033437
512 440 0 0.012986980377470281 0.00061921004872435466
520 440 0 0.013293618201587098 0.00059648689722829537
528 440 0 0.013584467195082123 0.00057123481163993788
536 440 0 0.013858146865819891 0.00054351206189889867
544 440 0 0.014113347175164801 0.00051339183378088481
552 440 0 0.014348846729055379 0.00048096263657486198
560 440 0 0.014563529466776783 0.00044632871923126587
568 440 0 0.014756399026211028 0.00040961041643260664
576 440 0 0.014926590141016971 0.00037094434022390613
584 440 0 0.015073376656974254 0.0003304833361800659
592 440 0 0.015196176015133664 0.00028839613532223064
600 440 0 0.015294550309178872 0.00024486665285688991
608 440 0 0.015368204255248553 0.00020009291017527263
616 440 0 0.015416980590731525 0.00015428558467648311
624 440 0 0.015440853528123716 0.00010766621983423867
632 440 0 0.015439920924227912 6.0465152546465908e-05
640 440 0 0.015414395787023557 7.1269387581391133e-05
648 440 0 0.015364597644742824 0.00011818836485139039
656 440 0 0.015290944163334713 0.00016456127097352023
664 440 0 0.015193943242801339 0.00021015581433427542
672 440 0 0.015074185673551734 0.00025474575120388102
680 440 0 0.014932338311709349 0.0002981128965092901
688 440 0 0.014769137652235025 0.00034004890254396396
696 440 0 0.014585383648142951 0.00038035679211154833
704 440 0 0.014381933642040092 0.00041885225456780514
712 440 0 0.014159696334058815 0.00045536473152556212
720 440 0 0.013919625793377199 0.00048973833168331621
728 440 0 0.013662715610965711 0.00052183262016817361
736 440 0 0.013389993370624756 0.00055152332668676959
744 440 0 0.013102515668004307 0.00057870300929620255
752 440 0 0.012801363922321767 0.00060328169817979067
760 440 0 0.012487641198639619 0.00062518752846362456
768 440 0 0.012162470192551709 0.00064436735516782903
776 440 0 0.011826992433027457 0.00066078732916294639
784 440 0 0.011482368646781049 0.00067443340248632064
792 440 0 0.01112978011508371 0.00068531172596449606
800 440 0 0.010770430757430269 0.00069344890241468393
808 440 0 0.010405549609190932 0.0006988920645428949
816 440 0 0.010036393330876482 0.00070170875699271905
824 440 0 0.0096642483975223955 0.00070198661514295733
832 440 0 0.0092904326643617891 0.0007007416392605572
840 440 0 0.0089162960803543748 0.00070000754291693265
848 440 0 0.0085432204113178901 0.00069689603494062398
856 440 0 0.0081726179246746911 0.00069155386627297276
864 440 0 0.0078059290641043942 0.00068414676789525352
872 440 0 0.0074446191934723167 0.00067485848371017908
880 440 0 0.0070901745086800298 0.00066388972333591197
888 440 0 0.006744097202583065 0.00065145701376777016
896 440 0 0.0064078999266285273 0.00063779140907146634
904 440 0 0.0060830995331741921 0.00062313700036863585
912 440 0 0.0057712100178478479 0.00060774915721214639
920 440 0 0.0054737345265179291 0.00059189242840265374
928 440 0 0.0051921562603723694 0.00057583803694727115
936 440 0 0.0049279281161337977 0.00055986092076255704
944 440 0 0.004682460942709043 0.00054423629728293354
952 440 0 0.0044571103808524427 0.00052923576462261378
960 440 0 0.0042531623728462638 0.00051512299162074365
968 440 0 0.0040718175733169678 0.00050214909049475006
976 440 0 0.003914175044418493 0.00049054780504463082
984 440 0 0.0037812157607118452 0.00048053068048448024
992 440 0 0.0036737865630940831 0.00047228240450607585
1000 440 0 0.0035925852712807931 0.00046595652033802918
1008 440 0 0.0035381476791427192 0.00046167170964268043
1016 440 0 0.0035108371110164371 0.00045950882563088697
0 448 0 0.00020889237836765304 5.1901580499214483e-05
8 448 0 0.00021215318848257259 5.2551216060007822e-05
16 448 0 0.00021869576955345317 5.3851433946004289e-05
24 448 0 0.00022856202992723701 5.5804104984269091e-05
32 448 0 0.00024181480073805198 5.8411978810784913e-05
40 448 0 0.00025853780341591803 6.1678616401243593e-05
48 448 0 0.00027883561410224254 6.5608300969227879e-05
56 448 0 0.00030283362982404049 7.0205928117565274e-05
64 448 0 0.0003306780402592078 7.5476876454126771e-05
72 448 0 0.0003625358064557283 8.1426860167867763e-05
80 448 0 0.00039859464377324527 8.806176522125318e-05
88 448 0 0.00043906300055508978 9.5387470763912715e-05
96 448 0 0.00048417001675501059 0.00010340965703792108
104 448 0 0.00053416543829588685 0.00011213360039225495
112 448 0 0.00058931945391467596 0.00012156395507103559
120 448 0 0.00064992241243581178 0.000131704520268724
128 448 0 0.00071628437073560126 0.00014255798970084761
136 448 0 0.00078873441706657477 0.00015412567981788359
144 448 0 0.00086761971176119081 0.00016640723201845407
152 448 0 0.00095330418825454897 0.00017940028401821012
160 448 0 0.0010461668621264235 0.000193100106084585
168 448 0 0.0011465997042943515 0.00020749919925989861
176 448 0 0.0012550050459565524 0.0002225868549641831
184 448 0 0.0013717924963343091 0.00023834867836934766
192 448 0 0.0014973753683580754 0.00025476608141895385
200 448 0 0.0016321666207487545 0.00027181575498127033
208 448 0 0.0017765743361872882 0.00028946913295125015
216 448 0 0.0019309967635700459 0.00030769186373478153
224 448 0 0.0020958169574688545 0.00032644330608468499
232 448 0 0.0022713970503711982 0.00034567606645890918
240 448 0 0.0024580721943685759 0.0003653355938528155
248 448 0 0.0026561442106421114 0.0003853598455373251
256 448 0 0.0028658749896890898 0.0004056790336370757
264 448 0 0.0030874796950297726 0.00042621545851008729
272 448 0 0.0033211198398912772 0.00044688343106400559
280 448 0 0.0035668963308203307 0.00046758928311788723
288 448 0 0.0038248426036227487 0.00048823146327755954
296 448 0 0.0040949180130637553 0.00050870071594965368
304 448 0 0.0043770016742894014 0.00052888034322429774
312 448 0 0.0046708869854301619 0.00054864655323852603
320 448 0 0.0049762770809794873 0.0005678689037811567
328 448 0 0.0052927814679713681 0.00058641085550058692
336 448 0 0.0056199140764044931 0.00060413045409254355
344 448 0 0.0059570929085312318 0.00062088116414690375
352 448 0 0.0063036413982802218 0.00063651287785640095
360 448 0 0.0066587914955395016 0.00065087311870435944
368 448 0 0.0070216883773957873 0.00066380845310810236
376 448 0 0.0073913965702309473 0.00067516611185529721
384 448 0 0.007766907155852279 0.00068479580864651626
392 448 0 0.0081471456457009508 0.00069255172630776005
400 448 0 0.0085309800530750119 0.00069829462387097606
408 448 0 0.0089172286850325386 0.0007018940016391452
416 448 0 0.0093046672195939064 0.00070323024852957973
424 448 0 0.0096920347305874763 0.00070502397269650574
432 448 0 0.010078038465921329 0.00070583781360205287
440 448 0 0.010461357362613527 0.00070425548376893549
448 448 0 0.010840644475393879 0.00070019588855115868
456 448 0 0.011214528683166504 0.00069359423471771972
464 448 0 0.011581616195912098 0.00068440260684328458
472 448 0 0.011940492492166279 0.00067259020474151957
480 448 0 0.012289725357041354 0.0006581432802495648
488 448 0 0.012627869652929427 0.00064106483221752948
496 448 0 0.012953474338417566 0.00062137413300431855
504 448 0 0.013265092063947043 0.00059910616644274182
512 448 0 0.013561291432723966 0.00057431105525368453
520 448 0 0.013840671746938555 0.00054705354535145717
528 448 0 0.014101879791535033 0.00051741259645290971
536 448 0 0.014343627970634537 0.00048548110481464596
544 448 0 0.01456471293253859 0.00045136575737378913
552 448 0 0.014764033719086302 0.00041518699003092324
560 448 0 0.014940608466075101 0.00037707899929831888
568 448 0 0.015093588764948321 0.00033718973873729345
576 448 0 0.015222270962606132 0.00029568082158916084
584 448 0 0.015326103906933499 0.00025272724995924548
592 448 0 0.015404692914151094 0.00020851689901743055
600 448 0 0.015457800010251415 0.00016324970107254276
608 448 0 0.015485340752511725 0.00011713649726317193
616 448 0 0.015487378142192811 7.0397551461286179e-05
624 448 0 0.015464114276978835 6.164325437333501e-05
632 448 0 0.015415880451756174 0.00010825999933462317
640 448 0 0.015343126399442165 0.00015439038737451345
648 448 0 0.015246409279891434 0.00019980670342398602
656 448 0 0.015126382892361193 0.00024428578862372916
664 448 0 0.014983787428467064 0.00028761125822477328
672 448 0 0.014819439922347853 0.00032957557551533713
680 448 0 0.014634225415200059 0.00036998191858343167
688 448 0 0.014429088749691061 0.0004086457968599435
696 448 0 0.014205026856031403 0.00044539639718852927
704 448 0 0.013963081387472287 0.00048007766192460083
712 448 0 0.013704331602533253 0.00051254912167953727
720 448 0 0.013429887461693883 0.00054268652062973953
728 448 0 0.013140882990797537 0.00057038228131843505
736 448 0 0.012838470043937986 0.00059554585795276033
744 448 0 0.012523812658708104 0.00061810402259534353
752 448 0 0.012198082224141977 0.00063800111846263642
760 448 0 0.011862453670175995 0.00065519930052653115
768 448 0 0.01151810283738388 0.00066967876794273018
776 448 0 0.011166205103864511 0.00068143797778341675
784 448 0 0.010807935244294728 0.0006904938172229546
792 448 0 0.010444468389119214 0.00069688170333340183
800 448 0 0.010076981855015585 0.00070065557693204869
808 448 0 0.0097066575446480372 0.00070188775963496257
816 448 0 0.0093346845738837628 0.00070170875699271905
824 448 0 0.0089622617823794382 0.00070198661514295733
832 448 0 0.0085905998172643595 0.00069983284709742959
840 448 0 0.0082209225427218105 0.00069537353763256433
848 448 0 0.007854467609687046 0.00068875280163084411
856 448 0 0.0074924861064855656 0.00068013181818912544
864 448 0 0.0071362412897831287 0.0006696877743212655
872 448 0 0.0067870064544643307 0.00065761273900798601
880 448 0 0.0064460620334822159 0.00064411247519781389
888 448 0 0.0061146920216424263 0.00062940518094063876
896 448 0 0.0057941797931828744 0.00061372013344565286
904 448 0 0.0054858033390546238 0.00059729619411956827
912 448 0 0.0051908298966776428 0.00058038012117020508
920 448 0 0.0049105098951013051 0.00056322463141662404
928 448 0 0.0046460701042289974 0.00054608615614337198
936 448 0 0.0043987058682323386 0.00052922224790145911
944 448 0 0.0041695723269014814 0.0005128886158075616
952 448 0 0.0039597745860439158 0.00049733579480852694
960 448 0 0.0037703568855311123 0.00048280548731515155
968 448 0 0.0036022909227108714 0.0004695266506060964
976 448 0 0.0034564636073378886 0.00045771143708060432
984 448 0 0.0033336646373628149 0.00044755112334903023
992 448 0 0.0032345743779510789 0.00043921218514300425
1000 448 0 0.0031597525856922018 0.00043283268558859129
1008 448 0 0.0031096285362269185 0.00042851914291580076
1016 448 0 0.0030844930813405673 0.00042634402967586978
0 456 0 0.00026079395886686752 6.2882998634364328e-05
8 456 0 0.00026470440454258042 6.3632308043603148e-05
16 456 0 0.00027254720349945746 6.513131188471121e-05
24 456 0 0.0002843661349115061 6.7380757949082426e-05
32 456 0 0.00030022677954883689 7.0381712231518015e-05
40 456 0 0.00032021641981716162 7.4135492015577498e-05
48 456 0 0.00034444391507147042 7.86435767258905e-05
56 456 0 0.00037303955794160576 8.3907496971483858e-05
64 456 0 0.00040615491671333457 8.9928702638767722e-05
72 456 0 0.00044396266662359606 9.6708411381075509e-05
80 456 0 0.00048665640899449845 0.00010424743928479682
88 456 0 0.0005344504713190025 0.0001125460157450699
96 456 0 0.00058757967379293168 0.00012160358454064838
104 456 0 0.0006462990386881418 0.00013141859267822833
112 456 0 0.00071088340898571155 0.00014198826776184309
120 456 0 0.00078162693270453578 0.00015330838349070979
128 456 0 0.00085884236043644888 0.00016537301153813093
136 456 0 0.00094286009688445836 0.00017817425672613787
144 456 0 0.0010340269437796449 0.00019170197134468422
152 456 0 0.0011327044722727591 0.00020594344394211862
160 456 0 0.0012392669682110085 0.00022088305817513621
168 456 0 0.0013540989035542501 0.0002365019185148066
176 456 0 0.0014775919009207355 0.00025277744180805394
184 456 0 0.0016101411747036568 0.00026968291679675465
192 456 0 0.0017521414497770292 0.00028718703745672799
200 456 0 0.0019039823757300248 0.00030525342006121402
208 456 0 0.0020660434691385384 0.00032384011772978788
216 456 0 0.0022386886273048274 0.00034289914939178174
224 456 0 0.0024222602635535395 0.00036237606210887899
232 456 0 0.0026170731168301074 0.000382209546212855
240 456 0 0.0028234077882213914 0.00040233112154885531
248 456 0 0.0030415040561794365 0.00042266491032437112
256 456 0 0.0032715540233261655 0.0004431275079435611
264 456 0 0.0035136951535398599 0.00046362795827165374
272 456 0 0.0037680032709552828 0.00048406783470727891
280 456 0 0.004034485613938218 0.00050434142400087711
288 456 0 0.0043130740669003083 0.00052433600667049513
296 456 0 0.004603618729013409 0.00054393222670642317
304 456 0 0.0049058820175136991 0.00056300454433656343
312 456 0 0.0052195335386686879 0.00058142176891908936
320 456 0 0.005544145984760644 0.00059904767413337598
328 456 0 0.005879192323471955 0.00061574170378950969
336 456 0 0.0062240445304970367 0.00063135978271770896
344 456 0 0.0065779740726781355 0.00064575525211492662
352 456 0 0.0069401542761366227 0.00065877995120030945
360 456 0 0.0073096646142438611 0.00067028546602717481
368 456 0 0.0076854968305038896 0.00068012456113617815
376 456 0 0.0080665626820862445 0.00068815280022721179
384 456 0 0.0084517029644987952 0.00069423034857552836
392 456 0 0.0088396973720087108 0.00069822393351432269
400 456 0 0.009229274676945988 0.00070000892147357996
408 456 0 0.0096191226866716838 0.0007018940016391452
416 456 0 0.010007897468123486 0.00070323024852957973
424 456 0 0.010394231418812421 0.00070219668822494447
432 456 0 0.01077673990526596 0.00069870143934463134
440 456 0 0.01115402637335533 0.0006926690107418032
448 456 0 0.011524686041524014 0.00068404156613013564
456 456 0 0.011887308494891455 0.00067277981172495123
464 456 0 0.012240479680752503 0.00065886348484040479
472 456 0 0.01258278394035015 0.00064229144818387165
480 456 0 0.01291280677833217 0.00062308142129081576
488 456 0 0.013229139057330174 0.00060126940440074703
496 456 0 0.013530383206963698 0.00057690886854613183
504 456 0 0.013815161860631784 0.000550069796684741
512 456 0 0.014082129095814057 0.0005208376630900912
520 456 0 0.01432998417854087 0.00048931243160231508
528 456 0 0.014557487429941425 0.00045560763840639222
536 456 0 0.014763477573997562 0.00041984960336302439
544 456 0 0.014946889720496029 0.00038217678795743858
552 456 0 0.015106773009636225 0.00034273929054992255
560 456 0 0.015242306909958384 0.00030169844388328211
568 456 0 0.015352815223574446 0.00025922645862612448
576 456 0 0.015437777005105907 0.00021550604249977526
584 456 0 0.015496833825782543 0.0001707299188490434
592 456 0 0.015529793086155848 0.00012510017200475371
600 456 0 0.015536627369281405 7.882735902998983e-05
608 456 0 0.015517470099545459 5.3528306227786787e-05
616 456 0 0.015472608002132991 9.9812227208168416e-05
624 456 0 0.0154024710226055 0.00014564722990345613
632 456 0 0.015307620452421551 0.00019081319841878289
640 456 0 0.015188736012067652 0.00023509326881892591
648 456 0 0.015046602576467448 0.00027827588265393229
656 456 0 0.014882097103737463 0.00032015685731894526
664 456 0 0.014696176170242291 0.00036054139096160405
672 456 0 0.014489864346832516 0.00039924592420843147
680 456 0 0.014264243496616627 0.00043609979308009
688 456 0 0.014020442952831117 0.00047094662548268461
696 456 0 0.013759630458842874 0.00050364545534211345
704 456 0 0.013483003725547687 0.00053407155118417524
712 456 0 0.013191782480853715 0.00056211697712773255
720 456 0 0.012887200941064143 0.00058769092152331955
728 456 0 0.012570500709479102 0.00061071984008164229
736 456 0 0.012242924185985226 0.00063114746531276605
744 456 0 0.011905708636112761 0.00064893473232512447
752 456 0 0.01156008110567934 0.00066405966324550002
760 456 0 0.011207254369649464 0.00067651724017558056
768 456 0 0.01084842406944115 0.00068631928166063699
776 456 0 0.010484767126081094 0.00069349432230445159
784 456 0 0.010117441427071773 0.00069808748154858921
792 456 0 0.0097475866857858126 0.00070016029751676645
800 456 0 0.0093763262780835362 0.00070065557693204869
808 456 0 0.0090047697850130747 0.00070188775963496257
816 456 0 0.0086340159231212878 0.00070066865076247493
824 456 0 0.0082651555307029188 0.00069710625167651932
832 456 0 0.0078992742995864229 0.00069132551767793655
840 456 0 0.0075374549930237074 0.00068346754969810311
848 456 0 0.0071807789619887999 0.00067368864769824614
856 456 0 0.0068303268531728625 0.00066215925331270312
864 456 0 0.0064871784799792808 0.00064906280980384784
872 456 0 0.0061524118919070742 0.00063459456255725646
880 456 0 0.0058271017198147611 0.00061896031366745485
888 456 0 0.0055123168907033719 0.00060237513093905435
896 456 0 0.0052091177964278621 0.0005850619967550123
904 456 0 0.0049185529710453904 0.00056725036800923338
912 456 0 0.0046416552896673758 0.00054917460701026707
920 456 0 0.0043794376580512306 0.0005310722370500745
928 456 0 0.0041328881274332119 0.00051318197679578546
936 456 0 0.0039029643525744871 0.00049574151565785155
944 456 0 0.0036905873191143703 0.00047898500778711115
952 456 0 0.0034966343016390147 0.00046314028440490101
960 456 0 0.003321931074553767 0.0004484258109773453
968 456 0 0.003167243477876132 0.00043504744483473939
976 456 0 0.0030332685300191223 0.00042319507731876631
984 456 0 0.0029206253679474685 0.0004130392694153464
992 456 0 0.0028298463696349585 0.00040472800831612039
1000 456 0 0.002761368863501455 0.00039838372219074686
1008 456 0 0.0027155278460582913 0.0003941006901686272
1016 456 0 0.0026925501077403901 0.0003919429736001772
0 464 0 0.00032367695750123185 7.5669039833228943e-05
8 464 0 0.00032833671258618356 7.6526512277325098e-05
16 464 0 0.00033767851538416867 7.8241079430373681e-05
24 464 0 0.00035174689286058853 8.081196698050795e-05
32 464 0 0.00037060849178035491 8.4237965946228467e-05
40 464 0 0.00039435191183273912 8.8517374645882547e-05
48 464 0 0.00042308749179736092 9.3647920004517426e-05
56 464 0 0.00045694705491308962 9.9626657724555332e-05
64 464 0 0.00049608361935210229 0.00010644985137451678
72 464 0 0.00054067107800467157 0.00011411283117221101
80 464 0 0.00059090384827929527 0.00012260983401679376
88 464 0 0.00064699648706407239 0.00013193382698591452
96 464 0 0.00070918325833358006 0.00014207631688626992
104 464 0 0.00077771763136637014 0.00015302714838865479
112 464 0 0.00085287167674755464 0.00016477429271924079
120 464 0 0.00093493531619524557 0.00017730362783609536
128 464 0 0.0010242153719745798 0.00019059870961519619
136 464 0 0.0011210343536105962 0.00020464053202136085
144 464 0 0.0012257289151243291 0.00021940727283774808
152 464 0 0.0013386479162148777 0.00023487402059712333
160 464 0 0.0014601500263861447 0.00025101247820648212
168 464 0 0.0015906008220690567 0.00026779063961901938
176 464 0 0.0017303693427287894 0.00028517243789739758
184 464 0 0.0018798240915004114 0.00030311736608430772
192 464 0 0.0020393284872337572 0.00032158007623039799
200 464 0 0.0022092357957912388 0.00034050996634067297
208 464 0 0.0023898835868683263 0.00035985076937637131
216 464 0 0.0025815877766966091 0.00037954016221242171
224 464 0 0.0027846363256624185 0.00039950941503816458
232 464 0 0.0029992826630429624 0.00041968310263945782
240 464 0 0.0032257389097702467 0.00043997889803503018
248 464 0 0.0034641689665038077 0.00046030746602492272
256 464 0 0.0037146815312697266 0.00048057246958556734
264 464 0 0.0039773231118115137 0.00050067069622456231
272 464 0 0.0042520711056625617 0.00052049230511470434
280 464 0 0.0045388270379390951 0.00053992118991806875
288 464 0 0.0048374100735708034 0.00055883544755242019
296 464 0 0.0051475509557198321 0.00057710794048929526
304 464 0 0.0054688865618502626 0.00059460694000251519
312 464 0 0.0058009553075877773 0.00061119684025228577
320 464 0 0.00614319365889402 0.00062673893792859325
328 464 0 0.0064949340272614647 0.0006410922787075217
336 464 0 0.0068554043132147456 0.00065411457895836553
344 464 0 0.0072237293247930622 0.00066566323770006833
352 464 0 0.0075989342273369322 0.00067559645838998275
360 464 0 0.0079799500802710359 0.00068377450149803218
368 464 0 0.0083656213916400678 0.00069006108604772499
376 464 0 0.0087547154823134563 0.0006943249509413045
384 464 0 0.0091459333130743236 0.00069644157507408634
392 464 0 0.0095379213055230335 0.00069822393351432269
400 464 0 0.0099292835984195679 0.00070000892147357996
408 464 0 0.010318594139379427 0.00069947145270774294
416 464 0 0.01070440802815879 0.00069651056003530373
424 464 0 0.011085271606462102 0.00069104018764968092
432 464 0 0.011459730927262551 0.00068299102199659116
440 464 0 0.011826338423287064 0.00067231204993173366
448 464 0 0.012183657811729762 0.00065897177020574765
456 464 0 0.012530267497148036 0.00064295900225658058
464 464 0 0.012864762940726747 0.0006242832599742433
472 464 0 0.013185758625814078 0.00060297468546392785
480 464 0 0.01349189034461179 0.00057908356627961975
488 464 0 0.013781818543633273 0.00055267948630309885
496 464 0 0.014054233389620658 0.00052385018265696005
504 464 0 0.014307862057056288 0.00049270019642450383
512 464 0 0.01454147850766699 0.00045934941185293322
520 464 0 0.014753915754924702 0.00042393157638383194
528 464 0 0.014944080312477811 0.00038659288253638582
536 464 0 0.015110968247605395 0.00034749067360783335
544 464 0 0.015253682030958537 0.00030679231046250831
552 464 0 0.015371447218734105 0.00026467420909788084
560 464 0 0.01546362794123184 0.00022132103127345606
568 464 0 0.015529740209881859 0.00017692498630741266
576 464 0 0.015569462188960661 0.00013168518385475378
584 464 0 0.015582640792850535 8.5806967067992429e-05
592 464 0 0.015569294240240478 4.6860623383788297e-05
600 464 0 0.015529610492619063 9.2855991959154768e-05
608 464 0 0.015463941793317672 0.00013841395886002826
616 464 0 0.015372795774924822 0.00018332261226616971
624 464 0 0.015256823792702044 0.00022737314958716157
632 464 0 0.015116807254002768 0.00027036141588438617
640 464 0 0.014953642743248726 0.00031208957971389298
648 464 0 0.014768326693813515 0.00035236789239239362
656 464 0 0.014561940246418518 0.00039101646225458107
664 464 0 0.014335634779280687 0.00042786696849584326
672 464 0 0.014090618422624084 0.00046276424029262353
680 464 0 0.013828143703536537 0.00049556763571771689
688 464 0 0.013549496327348432 0.0005261521702751102
696 464 0 0.01325598500350076 0.00055440936470490046
704 464 0 0.012948932174363511 0.00058024780362402051
712 464 0 0.012629665503725983 0.00060359341799197386
720 464 0 0.012299510019540823 0.00062438952290403034
728 464 0 0.01195978086939746 0.00064259665585863872
736 464 0 0.01161177672067246 0.00065819226814388399
744 464 0 0.011256773903787636 0.00067117032287579599
752 464 0 0.01089602144243384 0.00068154084788150764
760 464 0 0.010530737129473883 0.00068932948118630329
768 464 0 0.010162104787780513 0.00069457703305497026
776 464 0 0.0097912728037766426 0.00069733907340108377
784 464 0 0.0094193539455231842 0.00069808748154858921
792 464 0 0.0090474263882690462 0.00070016029751676645
800 464 0 0.0086765357816786619 0.00069979049640487428
808 464 0 0.0083076981173646619 0.00069707166764841275
816 464 0 0.0079419031033895037 0.00069211281973178412
824 464 0 0.0075801177306752503 0.00068503780002766856
832 464 0 0.0072232897266521516 0.00067598457293427134
840 464 0 0.0068723506310577531 0.0006651043619659543
848 464 0 0.0065282182905271663 0.00065256067146163364
856 464 0 0.0061917986426243826 0.00063852821054847988
864 464 0 0.0058639867352238955 0.00062319174475538534
872 464 0 0.0055456669932316873 0.00060674489867538692
880 464 0 0.0052377127932891595 0.00058938892652560162
888 464 0 0.0049409854334457864 0.00057133145725758554
896 464 0 0.0046563325878853463 0.0005527852085425158
904 464 0 0.0043845863196366507 0.00053396665140873975
912 464 0 0.0041265606930576465 0.0005150945966097293
920 464 0 0.0038830489911648837 0.00049638866688634688
928 464 0 0.0036548205097291482 0.00047806761770406367
936 464 0 0.0034426168788457682 0.00046034747372871885
944 464 0 0.0032471478596842228 0.00044343945943014747
952 464 0 0.0030690865824988299 0.00042754771914018481
960 464 0 0.0029090642313111871 0.00041286684324257994
968 464 0 0.0027676642369607904 0.00039957924091534166
976 464 0 0.0026454161064694967 0.00038785242354962566
984 464 0 0.0025427890838858771 0.00037783628406159141
992 464 0 0.0024601858962641459 0.00036966047337081255
1000 464 0 0.0023979368791606148 0.00036343198434084017
1008 464 0 0.0023562947919382069 0.00035923305412008432
1016 464 0 0.002335430620183166 0.00035711948755722412
0 472 0 0.00039934599733446079 9.0425999697604038e-05
8 472 0 0.00040486322486350866 9.1399372665428068e-05
16 472 0 0.00041591959481454235 9.3344746511359056e-05
24 472 0 0.00043255885984109648 9.6259365707037096e-05
32 472 0 0.00045484645772658338 0.00010013906763052635
40 472 0 0.00048286928647862167 0.0001049782448990594
48 472 0 0.00051673541180187834 0.00011076979161091856
56 472 0 0.00055657371263764495 0.00011750503152110534
64 472 0 0.00060253347072661907 0.00012517362676124481
72 472 0 0.00065478390917688258 0.00013376346669377647
80 472 0 0.00071351368229608902 0.00014326053769119168
88 472 0 0.00077893031404998691 0.00015364877582393845
96 472 0 0.00085125957521984999 0.000164909905379745
104 472 0 0.00093074477975502493 0.00017702326660484291
112 472 0 0.0010176459694667954 0.00018996563590838547
120 472 0 0.0011122389440313409 0.00020371104096652084
128 472 0 0.001214814081589776 0.00021823057179015171
136 472 0 0.0013256748856319571 0.0002334921870942191
144 472 0 0.0014451361879620772 0.00024946051354441767
152 472 0 0.0015735219368120011 0.00026609663403889946
160 472 0 0.0017111625045926268 0.00028335786049073133
168 472 0 0.001858391461688076 0.00030119748693378779
176 472 0 0.002015541780626187 0.00031956452037811825
184 472 0 0.0021829414575847191 0.00033840338971515178
192 472 0 0.0023609085634641552 0.00035765363694108526
200 472 0 0.0025497457621319118 0.00037724959965196357
208 472 0 0.0027497343562446976 0.00039712009862205664
216 472 0 0.0029611279389090308 0.00041718814866230835
224 472 0 0.0031841457407005831 0.00043737071420374418
232 472 0 0.0034189657656824202 0.00045757853258172627
240 472 0 0.0036657178078052769 0.00047771602740859101
248 472 0 0.0039244764325287304 0.0004976813315721914
256 472 0 0.004195254000855294 0.00051736643445028131
264 472 0 0.004477993808036076 0.00053665746136339568
272 472 0 0.004772563410777266 0.00055543508585242148
280 472 0 0.0050787482278571638 0.00057357506799816591
288 472 0 0.0053962455211232236 0.00059094890570000804
296 472 0 0.0057246588962091274 0.00060742458151868441
304 472 0 0.0060634935018527777 0.00062286738605891231
312 472 0 0.0064121521478400631 0.0006371408002623655
320 472 0 0.0067699325968226132 0.00065010742330571646
328 472 0 0.0071360263059689864 0.00066162993949351288
336 472 0 0.0075095188921731112 0.00067157212561584113
344 472 0 0.0078893925624931305 0.00067979990840174968
352 472 0 0.0082745306857269149 0.00068618248847445232
360 472 0 0.0086637245817690681 0.00069059355117768312
368 472 0 0.0090556824776877928 0.00069291258461649796
376 472 0 0.0094490404332547608 0.0006943249509413045
384 472 0 0.0098423748881484099 0.00069644157507408634
392 472 0 0.01023421634528702 0.00069629503976398679
400 472 0 0.010623063597676301 0.00069377999925673318
408 472 0 0.011007397846247447 0.0006888037068680207
416 472 0 0.011385696055977621 0.00068128802781883095
424 472 0 0.011756442963623086 0.00067117135716098474
432 472 0 0.012118141281544462 0.000658410354281911
440 472 0 0.012469319829006762 0.00064298140571969822
448 472 0 0.012808539547826256 0.00062488173609649353
456 472 0 0.013134397599874569 0.00060413010272653347
464 472 0 0.013445529972560202 0.0005807670318334554
472 472 0 0.013740613207284664 0.00055485458147058568
480 472 0 0.014018365990317121 0.00052647564570533142
488 472 0 0.01427755138719378 0.00049573284356050663
496 472 0 0.014516980451332453 0.00046274706171179486
504 472 0 0.014735517796465678 0.00042765573940939036
512 472 0 0.014932089503169389 0.00039061099550239883
520 472 0 0.015105693454533744 0.00035177769960904187
528 472 0 0.015255411894671988 0.00031133158219417631
536 472 0 0.015380425710018096 0.00026945746241270087
544 472 0 0.015480029680779148 0.00022634764982061052
552 472 0 0.01555364776769704 0.00018220054896293456
560 472 0 0.015600847408636499 0.0001372194674046593
568 472 0 0.015621351810973197 9.1611601091338285e-05
576 472 0 0.015615049337858882 4.5587148898221588e-05
584 472 0 0.01558199928603385 8.7169571186011471e-05
592 472 0 0.015522433616856689 0.00013254069631006039
600 472 0 0.015436754500659908 0.00017725914661449564
608 472 0 0.015325527834457644 0.00022112235516014329
616 472 0 0.015189473162658652 0.00026393324524472302
624 472 0 0.015029450643114882 0.00030550131673205694
632 472 0 0.014846445838118382 0.00034564385983407338
640 472 0 0.014641553163534833 0.00038418727856868312
648 472 0 0.014415958801421122 0.00042096848477244167
656 472 0 0.014170923784163937 0.00045583630695647873
664 472 0 0.013907767810784843 0.00048865284829869432
672 472 0 0.013627854182331461 0.0005192947256695904
680 472 0 0.013332576067818821 0.00054765412686891453
688 472 0 0.013023344157073322 0.00057363963536492465
696 472 0 0.01270157563879586 0.00059717678915126825
704 472 0 0.012368684370739491 0.00061820836068158386
712 472 0 0.012026072085734009 0.00063669436574099493
720 472 0 0.011675120496636793 0.00065261182813569282
728 472 0 0.011317184213538821 0.00066595434212697938
736 472 0 0.010953584452528576 0.00067673148408447029
744 472 0 0.01058560358091184 0.00068496812811280616
752 472 0 0.010214480594552332 0.00069070371745301971
760 472 0 0.0098414076482875798 0.00069399153508586074
768 472 0 0.0094675277547255424 0.00069489800460829573
776 472 0 0.0090939337303755589 0.00069733907340108377
784 472 0 0.0087216684065114774 0.00069768553901170677
792 472 0 0.008351726044965313 0.00069570034330373315
800 472 0 0.0079850548180529189 0.00069148096362574296
808 472 0 0.0076225601391660489 0.00068513797819861298
816 472 0 0.0072651085767057597 0.00067679452668374402
824 472 0 0.0069135320562539702 0.00066658567442128003
832 472 0 0.0065686320572942341 0.00065465766935791751
840 472 0 0.0062311835400865019 0.00064116709097125114
848 472 0 0.00590193839018344 0.00062627990034372621
856 472 0 0.0055816282343085066 0.00061017040831587606
864 472 0 0.0052709665521415107 0.00059302018308238485
872 472 0 0.004970650074278435 0.00057501691895325228
880 472 0 0.0046813595090907162 0.00055635328419844331
888 472 0 0.00440375967494784 0.00053722575849794642
896 472 0 0.004138499127202413 0.0005178334606829333
904 472 0 0.0038862093628844446 0.00049837695675220613
912 472 0 0.0036475036646939933 0.00047905702836365319
920 472 0 0.0034229756162897566 0.00046007337487512711
928 472 0 0.0032131972907246957 0.00044162321900445252
936 472 0 0.0030187170905807731 0.00042389978826499509
944 472 0 0.0028400572078360635 0.00040709065184815936
952 472 0 0.0026777106772975031 0.00039137590520132689
960 472 0 0.0025321380201663176 0.00037692621114486947
968 472 0 0.0024037635115922397 0.00036390072536855072
976 472 0 0.0022929711529322606 0.00035244495353723608
984 472 0 0.0022001004790390961 0.00034268860484678101
992 472 0 0.0021254423756427374 0.00033474352062140859
1000 472 0 0.002069235114476411 0.0003287017646842038
1008 472 0 0.0020316608283825165 0.00032463396355569048
1016 472 0 0.0020128426416593541 0.00032258797852381194
0 480 0 0.00048977199703206483 0.00010730344584505467
8 480 0 0.00049626259752893673 0.00010839933056797893
16 480 0 0.0005092643413259014 0.0001105884721772565
24 480 0 0.00052881822554813357 0.00011386561650803787
32 480 0 0.00055498552535710973 0.00011822288432506204
40 480 0 0.00058784753137768107 0.00012364976911776024
48 480 0 0.0006275052034127969 0.00013013312732601924
56 480 0 0.00067407874415875029 0.0001376571567156562
64 480 0 0.00072770709748786388 0.00014620335920662746
72 480 0 0.00078854737587065904 0.00015575048570703608
80 480 0 0.0008567742199872807 0.00016627446221124584
88 480 0 0.00093257908987392536 0.00017774829828411001
96 480 0 0.001016169480599595 0.00019014198074048102
104 480 0 0.0011077680463598678 0.00020342235652335595
112 480 0 0.0012076116053751809 0.0002175530092440002
120 480 0 0.0013159499849978618 0.00023249413345474918
128 480 0 0.0014330446533799277 0.00024820240951475641
136 480 0 0.0015591670727261762 0.00026463088007617043
144 480 0 0.0016945967015064949 0.00028172882709949845
152 480 0 0.0018396185708509005 0.00029944164633613642
160 480 0 0.0019945203650833581 0.00031771071485942699
168 480 0 0.0021595889486218638 0.00033647324690573577
176 480 0 0.0023351063010043052 0.0003556621343068422
184 480 0 0.0025213448472998709 0.00037520577027155182
192 480 0 0.0027185622004052405 0.00039502785909871236
200 480 0 0.0029269953617838754 0.00041504721922886508
208 480 0 0.0031468544548667542 0.00043517759231120629
216 480 0 0.0033783160875713392 0.00045532747597053528
224 480 0 0.0036215164549043273 0.00047540000194534098
232 480 0 0.0038765442982641465 0.00049529288352542127
240 480 0 0.0041434338352138679 0.00051489845620616721
248 480 0 0.0044221577641009218 0.00053410383292292699
256 480 0 0.0047126204353055753 0.0005527911901922096
264 480 0 0.0050146512693994717 0.00057083819438414219
272 480 0 0.0053279984966296875 0.00058811856892928768
280 480 0 0.0056523232958553297 0.00060450279451893397
288 480 0 0.0059871944268232316 0.00061985892641260639
296 480 0 0.0063320834777278118 0.00063405350691269832
304 480 0 0.0066863608879116901 0.00064695254780335488
312 480 0 0.0070492929481024286 0.00065842255763802655
320 480 0 0.0074200400201283297 0.00066833159230392843
328 480 0 0.0077976562454624993 0.00067655031389071696
336 480 0 0.0081810910177889523 0.00068295305165392943
344 480 0 0.0085691924708948802 0.00068741886849458221
352 480 0 0.0089607131742013672 0.00068983264533003727
360 480 0 0.0093543181329467512 0.00069059355117768312
368 480 0 0.0097485950623042907 0.00069291258461649796
376 480 0 0.010142066753760648 0.00069302632050588682
384 480 0 0.010533205191951594 0.00069083030380318391
392 480 0 0.010920446928424803 0.00068623058313778233
400 480 0 0.011302209094605595 0.00067914549692929364
408 480 0 0.011676905357794155 0.00066950751154670751
416 480 0 0.012042961106011135 0.00065726505003351442
424 480 0 0.012398827198692595 0.00064238423506950831
432 480 0 0.012742991741626547 0.00062485046008208499
440 480 0 0.013073989528468154 0.00060466969946139197
448 480 0 0.013390409021546567 0.00058186947372031173
456 480 0 0.013690896998263178 0.00055649939838860879
464 480 0 0.013974161238312627 0.00052863126575242517
472 480 0 0.014238971841974521 0.00049835863468985706
480 480 0 0.014484161923836969 0.00046579593351984798
488 480 0 0.014708628498392903 0.00043107711119912302
496 480 0 0.014911334351726886 0.00039435390039443269
504 480 0 0.015091311575567165 0.00035579377910148653
512 480 0 0.015247667236389605 0.00031557773322021636
520 480 0 0.015379591383755766 0.00027389792922202262
528 480 0 0.015486367297770191 0.00023095540309820382
536 480 0 0.015567383569545979 0.00018695785952788264
544 480 0 0.015622147335801405 0.00014211765502225755
552 480 0 0.015650297780607246 9.6650012910206098e-05
560 480 0 0.01565161889789184 5.0771489255340904e-05
568 480 0 0.01562605049121776 8.2354551707460727e-05
576 480 0 0.015573696474163847 0.00012767352470454546
584 480 0 0.015494829714847839 0.00017232606481851036
592 480 0 0.015389892920546629 0.00021611022962716303
600 480 0 0.015259495354045412 0.00025883171720210776
608 480 0 0.015104405479297501 0.00030030454540500712
616 480 0 0.014925539917413929 0.00034035174850793187
624 480 0 0.014723949326382825 0.00037880613329381758
632 480 0 0.014500801978284308 0.00041551111619783816
640 480 0 0.01425736588496615 0.00045032164049991878
648 480 0 0.01399499031664868 0.00048310515087286558
656 480 0 0.013715087477207458 0.00051374258433435627
664 480 0 0.013419114962486149 0.00054212932394431292
672 480 0 0.01310855945666187 0.00056817605579430677
680 480 0 0.012784921940949906 0.00059180947143625852
688 480 0 0.012449704521708398 0.00061297276646766347
696 480 0 0.012104398849644591 0.00063162590027824803
704 480 0 0.011750476010057907 0.0006477456000715167
712 480 0 0.011389377719993014 0.00066132511191801559
720 480 0 0.0110225086685011 0.00067237372039909843
728 480 0 0.010651229871411842 0.00068091607418881844
736 480 0 0.010276852968444106 0.00068699136599502733
744 480 0 0.009900635452799034 0.00069065242059926889
752 480 0 0.0095237768770993127 0.00069196474401929907
760 480 0 0.0091474161132017191 0.00069399153508586074
768 480 0 0.0087726297501172466 0.00069489800460829573
776 480 0 0.0084004316923992142 0.00069350203797634465
784 480 0 0.0080317739743944183 0.00068989443211705907
792 480 0 0.007667548741361354 0.00068417730360395904
800 480 0 0.0073085912769603432 0.00067646354109257567
808 480 0 0.0069556838891646358 0.00066687625000141307
816 480 0 0.0066095604133856916 0.00065554816332006813
824 480 0 0.0062709110601751016 0.00064262099607886869
832 480 0 0.0059403873293071528 0.00062824472798708123
840 480 0 0.0056186067324147746 0.00061257680767172733
848 480 0 0.005306157108937933 0.00059578128124550701
856 480 0 0.0050036003782686772 0.00057802785603982935
864 480 0 0.004711475636194124 0.00055949091594738667
872 480 0 0.0044303015672250371 0.00054034850705339792
880 480 0 0.0041605781983155973 0.00052078131077511886
888 480 0 0.0039027880580943921 0.00050097161685344789
896 480 0 0.0036573968261293549 0.00048110230107305816
904 480 0 0.0034248535590996089 0.00046135580378483566
912 480 0 0.0032055905680254911 0.00044191309666850214
920 480 0 0.0030000229980493842 0.0004229526182403724
928 480 0 0.0028085481359926365 0.00040464915473205918
936 480 0 0.0026315444474681138 0.00038717264311265934
944 480 0 0.0024693703301870325 0.00037068687764903099
952 480 0 0.0023223625669488994 0.00035534811034860364
960 480 0 0.0021908344720016773 0.00034130354816464025
968 480 0 0.0020750737468850505 0.00032868976470718913
976 480 0 0.001975340093164633 0.00031763105976762756
984 480 0 0.0018918626646119937 0.00030823781442710241
992 480 0 0.0018248374745262069 0.00030060490111653046
1000 480 0 0.0017744248992565546 0.00029481021521985643
1008 480 0 0.0017407474317894297 0.00029091339659308678
1016 480 0 0.0017238878364465573 0.00028895480521279673
0 488 0 0.0005970754428771195 0.00012642456232095053
8 488 0 0.00060466192809691566 0.0001276480398712651
16 488 0 0.0006198528135031579 0.00013009082236541819
24 488 0 0.00064268384205617144 0.00013374458575219749
32 488 0 0.00067320840968217177 0.00013859689397729426
40 488 0 0.00071149730049544131 0.0001446312513703399
48 488 0 0.00075763833073881615 0.00015182716098287048
56 488 0 0.00081173590087440649 0.00016016018125763608
64 488 0 0.00087391045669449135 0.00016960197390196853
72 488 0 0.00094429786157769512 0.00018012033735674093
80 488 0 0.0010230486821985265 0.0001916792225455852
88 488 0 0.0011103273881580354 0.00020423873028037006
96 488 0 0.001206311461340076 0.00021775509234612796
104 488 0 0.0013111904028832238 0.00023218064045301139
112 488 0 0.0014251646146191811 0.0002474637685611035
120 488 0 0.001548444118452611 0.00026354889433134244
128 488 0 0.0016812470628946841 0.00028037642459027845
136 488 0 0.0018237979528023466 0.0002978827278751837
144 488 0 0.0019763255286059933 0.00031600011469279723
152 488 0 0.0021390602171870369 0.00033465682356364091
160 488 0 0.0023122310799427851 0.00035377700878938762
168 488 0 0.0024960621955275996 0.00037328072471015574
176 488 0 0.0026907684353111474 0.00039308390143984575
184 488 0 0.0028965506175714227 0.00041309830891736801
192 488 0 0.0031135900595039528 0.0004332315095757276
200 488 0 0.0033420425810127405 0.00045338680472055285
208 488 0 0.0035820320471779605 0.0004734631852777167
216 488 0 0.0038336435635418745 0.00049335530316931822
224 488 0 0.0040969164568496683 0.0005129534843572427
232 488 0 0.0043718371817895677 0.00053214380771855491
240 488 0 0.0046583322914200351 0.00055080827469682417
248 488 0 0.0049562615970238488 0.00056882509268127868
256 488 0 0.0052654116254977849 0.00058606909022803581
264 488 0 0.0055854894637836138 0.00060241227487882985
272 488 0 0.0059161170655589752 0.00061772453516313695
280 488 0 0.0062568260903742637 0.0006318744784163631
288 488 0 0.006607053353235838 0.00064473038653094141
296 488 0 0.0069661369846405101 0.00065616126393301145
304 488 0 0.0073333134357150449 0.00066603794705246896
312 488 0 0.0077077155057404551 0.00067423424311895651
320 488 0 0.0080883716124322581 0.00068062806860477026
328 488 0 0.0084742065593532163 0.00068510256384093048
336 488 0 0.0088640440694428817 0.00068754716949830097
344 488 0 0.0092566113393894624 0.00068785866150891661
352 488 0 0.0096505458195314045 0.00068983264533003727
360 488 0 0.010044404335358609 0.00069008620241185759
368 488 0 0.010436674541938975 0.00068807947963468383
376 488 0 0.01082578854990892 0.00068372179614827229
384 488 0 0.011210138394624432 0.00067693320267283794
392 488 0 0.011588092856477557 0.00066764592805275413
400 488 0 0.011958015000303456 0.00065580590569786108
408 488 0 0.012318279705029187 0.0006413743472350325
416 488 0 0.012667290418001164 0.00062432931199002915
424 488 0 0.013003494402854594 0.00060466720416199951
432 488 0 0.013325395858665269 0.00058240411703872237
440 488 0 0.013631566465781291 0.00055757693731313743
448 488 0 0.013920653145450611 0.00053024412390404417
456 488 0 0.014191383083533163 0.00050048608526998516
464 488 0 0.014442566335054767 0.0004684050967421402
472 488 0 0.014673096565653318 0.00043412472367879672
480 488 0 0.01488195066906834 0.00039778874523137102
488 488 0 0.015068188102957477 0.00035955960456457436
496 488 0 0.0152309507932426 0.00031961644151571461
504 488 0 0.015369464365498572 0.000278152789931407
512 488 0 0.015483041278032622 0.00023537404164301716
520 488 0 0.015571086173993279 0.00019149479023751297
528 488 0 0.015633103467097478 0.00014673616932728631
536 488 0 0.015668706861363377 0.00010132329181739876
544 488 0 0.015677630215441708 5.5482879640302366e-05
552 488 0 0.015659738930049703 7.7960139828353939e-05
560 488 0 0.015615040889247358 0.00012335754998590853
568 488 0 0.015543695939510299 0.00016808320845029812
576 488 0 0.015446022949459301 0.00021192868587385956
584 488 0 0.015322503650029328 0.00025469554888786321
592 488 0 0.015173782690919466 0.00029619613061235978
600 488 0 0.015000663636843305 0.00033625410700999919
608 488 0 0.014804100933892493 0.00037470494954875561
616 488 0 0.014585188168905997 0.00041139632040033784
624 488 0 0.014345143193089008 0.00044618846458465734
632 488 0 0.01408529086208647 0.00047895463592155518
640 488 0 0.013807044244466231 0.00050958157279609381
648 488 0 0.013511885165775814 0.00053797001829474292
656 488 0 0.013201344892873102 0.00056403525988839819
664 488 0 0.012876985638541836 0.00058770764882250769
672 488 0 0.012540383400867564 0.00060893305039891495
680 488 0 0.012193112469513647 0.00062767317426320676
688 488 0 0.011836731755240734 0.00064390573863296052
696 488 0 0.011472772949366343 0.00065762443325736476
704 488 0 0.01110273040998639 0.00066883866122057975
712 488 0 0.010728052608074998 0.00067757305744210912
720 488 0 0.010350134948102002 0.00068386679962833576
728 488 0 0.0099703137972230235 0.00068777274331519034
736 488 0 0.0095898616024490783 0.00068935642468861101
744 488 0 0.0092099830321997651 0.00069065242059926889
752 488 0 0.0088318121330800137 0.00069196474401929907
760 488 0 0.0084564105326460602 0.00069100558055565885
768 488 0 0.0080847667362956548 0.0006878630138215918
776 488 0 0.0077177965579723609 0.00068263513442685334
784 488 0 0.0073563446917296214 0.00067542928266479691
792 488 0 0.0070011873801575841 0.00066636136120376988
800 488 0 0.0066530360749504219 0.00065555520200992132
808 488 0 0.0063125419244887187 0.00064314196467591712
816 488 0 0.005980300872830596 0.00062925954055509555
824 488 0 0.005656859121642108 0.00061405193853299352
832 488 0 0.0053427186960561101 0.00059766863325104273
840 488 0 0.0050383428683990336 0.00058026386401574103
848 488 0 0.0047441612278491582 0.00056199588108877489
856 488 0 0.0044605742341640884 0.00054302614410458878
864 488 0 0.0041879571524945144 0.00052351848369960961
872 488 0 0.0039266633261297408 0.00050363824109529633
880 488 0 0.0036770267974582512 0.00048355140085734605
888 488 0 0.0034393643287102867 0.00046342372938410533
896 488 0 0.0032139768997311727 0.00044341992639818214
904 488 0 0.0030011507693124056 0.00042370278978720328
912 488 0 0.0028011581812274968 0.00040443238679799438
920 488 0 0.0026142577798900692 0.00038576521815931498
928 488 0 0.0024406947785780802 0.0003678533574145563
936 488 0 0.0022807009009381432 0.00035084354652997057
944 488 0 0.0021344940989584298 0.00033487623122860268
952 488 0 0.0020022780414397511 0.00032008452550914834
960 488 0 0.0018842413680484169 0.00030659310395326047
968 488 0 0.0017805567151272582 0.00029451703175779236
976 488 0 0.0016913795385029538 0.0002839605546616792
984 488 0 0.0016168467820125603 0.00027501588259943341
992 488 0 0.0015570754639904806 0.00026776201053572632
1000 488 0 0.0015121612730212388 0.00026226362623531577
1008 488 0 0.0014821772750237836 0.0002585701567656461
1016 488 0 0.0014671728335969021 0.00025671500284965522
0 496 0 0.00072350000519807002 0.00014787527675185668
8 496 0 0.00073230996796818076 0.00014922947743137218
16 496 0 0.00074994363586857609 0.00015193184849926532
24 496 0 0.00077642842780836893 0.00015597037852842547
32 496 0 0.00081180530365946603 0.00016132716886588727
40 496 0 0.00085612855186578121 0.00016797856408166749
48 496 0 0.00090946549172168662 0.0001758953080093509
56 496 0 0.00097189608213204257 0.00018504271313261943
64 496 0 0.0010435124305964599 0.00019538083134738806
72 496 0 0.0011244181989344361 0.00020686461589638702
80 496 0 0.0012147279047441117 0.000219444067235755
88 496 0 0.0013145661184384054 0.00023306435928464983
96 496 0 0.001424066553686204 0.00024766594635961393
104 496 0 0.0015433710433362352 0.00026318465451851758
112 496 0 0.0016726283831802846 0.00027955176351951113
120 496 0 0.0018119930127839534 0.0002966940867767181
128 496 0 0.0019616234874849626 0.0003145340564184502
136 496 0 0.0021216806806775303 0.00033298981892136877
144 496 0 0.0022923256432987905 0.00035197534413855579
152 496 0 0.0024737170407506778 0.00037140054738842064
160 496 0 0.0026660080887321727 0.0003911714212696568
168 496 0 0.0028693429202377553 0.00041119017167905647
176 496 0 0.0030838523367509932 0.00043135535170777187
184 496 0 0.0033096489264887907 0.0004515619880603723
192 496 0 0.0035468215690796804 0.00047170169749257296
200 496 0 0.0037954293857332933 0.00049166279529793333
208 496 0 0.0040554952324556772 0.00051133040358263774
216 496 0 0.0043269988667111927 0.00053058657318442656
224 496 0 0.004609869941206911 0.00054931043868898521
232 496 0 0.0049039809895081226 0.00056737843011373836
240 496 0 0.0052091405661168592 0.00058466456661562891
248 496 0 0.0055250866897051274 0.00060104085643652473
256 496 0 0.0058514807157258207 0.00061637782299317056
264 496 0 0.0061879017386624437 0.00063054516974387319
272 496 0 0.0065338416007221121 0.00064341258685915274
280 496 0 0.0068887005687906268 0.00065485069181109822
288 496 0 0.0072517837397667794 0.0006647320850677969
296 496 0 0.0076222982485735216 0.00067293249253152273
304 496 0 0.0079993513827675139 0.00067933195950125799
312 496 0 0.0083819497488594116 0.00068381605780119814
320 496 0 0.0087689996810370284 0.00068627706887873334
328 496 0 0.0091593091231941468 0.00068661511116120504
336 496 0 0.0095515912389411827 0.00068754716949830097
344 496 0 0.009944470000898379 0.00068785866150891661
352 496 0 0.010336487971547046 0.00068594215201564154
360 496 0 0.010726116408708217 0.00068171207334960862
368 496 0 0.011111767710135976 0.00067509316819700134
376 496 0 0.011491810060618649 0.00066602151070972899
384 496 0 0.011864583974173044 0.00065444557954861225
392 496 0 0.012228420251091774 0.0006403273946142176
400 496 0 0.012581658715461446 0.00062364371515799023
408 496 0 0.012922666984457633 0.00060438727942844529
416 496 0 0.013249858464937392 0.0005825680469362278
424 496 0 0.013561708788992242 0.00055821438613764748
432 496 0 0.013856769993926654 0.00053137413526138481
440 496 0 0.014133681920148754 0.00050211545436746295
448 496 0 0.014391180529723879 0.00047052738427326782
456 496 0 0.014628103117260986 0.00043672003372782243
464 496 0 0.014843390665347142 0.00040082433029237433
472 496 0 0.015036087857630722 0.00036299129197740407
480 496 0 0.015205341473155342 0.00032339080408700163
488 496 0 0.015350398019456157 0.00028220991649867931
496 496 0 0.015470601501097928 0.00023965070785532741
504 496 0 0.015565392157308889 0.00019592779181031722
512 496 0 0.015634306841712988 0.00015126556368036566
520 496 0 0.01567698147526839 0.00010589530127511071
528 496 0 0.015693155706825706 6.0052239728228263e-05
536 496 0 0.01568267959762876 7.3626674398606651e-05
544 496 0 0.015645521842908589 0.00011918066035359123
552 496 0 0.015581778790221349 0.00016408197437222868
560 496 0 0.01549168333926145 0.00020811073967590653
568 496 0 0.015375612731060001 0.00025105821366300241
576 496 0 0.015234094263585442 0.00029272818112419802
584 496 0 0.015067808101141465 0.00033293796713848578
592 496 0 0.014877586560307106 0.00037151911451645606
600 496 0 0.014664409529833305 0.00040831778826732647
608 496 0 0.014429395984343738 0.00044319497894433103
616 496 0 0.01417379184850566 0.00047602657743613455
624 496 0 0.01389895472850435 0.00050670338637181372
632 496 0 0.013606336226164915 0.00053513111923404744
640 496 0 0.013297462671670137 0.00056123041966450564
648 496 0 0.012973915147481072 0.00058493691284442102
656 496 0 0.012637309632984704 0.00060620128089495726
664 496 0 0.012289277989719329 0.00062498933739474176
672 496 0 0.011931450350468649 0.00064128206428497661
680 496 0 0.011565439295250441 0.00065507556883952212
688 496 0 0.011192826016607774 0.0006663809193994865
696 496 0 0.010815148516108979 0.0006752238257485485
704 496 0 0.01043389174876581 0.00068164414212987419
712 496 0 0.010050479550632889 0.00068569518620881405
720 496 0 0.0096662681484736661 0.0006874428836848058
728 496 0 0.0092825410539078331 0.00068777274331519034
736 496 0 0.0089005051777604673 0.00068935642468861101
744 496 0 0.0085212880503799972 0.00068869498181976796
752 496 0 0.0081459360868326187 0.000685876046247395
760 496 0 0.0077754138799913967 0.0006809966526546635
768 496 0 0.0074106045307198842 0.00067416220557577067
776 496 0 0.0070523110279671489 0.00066548553000521198
784 496 0 0.0067012586725560923 0.00065508601917352912
792 496 0 0.0063580985007814974 0.0006430888793760867
800 496 0 0.006023411614731332 0.0006296244602190899
808 496 0 0.0056977142742517788 0.00061482765023693989
816 496 0 0.0053814635595461693 0.00059883731328442668
824 496 0 0.005075063381057625 0.00058179574058448303
832 496 0 0.0047788705996343909 0.00056384809642171917
840 496 0 0.0044932010270553862 0.00054514184134364738
848 496 0 0.0042183351036743453 0.00052582612417481286
856 496 0 0.0039545230923222745 0.00050605114184181389
864 496 0 0.0037019896798016331 0.00048596747269288127
872 496 0 0.0034609379324655456 0.00046572539366419516
880 496 0 0.0032315526037903102 0.00044547419366794102
888 496 0 0.0030140028339270633 0.00042536149478322348
896 496 0 0.0028084443102177267 0.00040553258951344599
904 496 0 0.0026150209720821331 0.0003861297972302725
912 496 0 0.002433866344287126 0.0003672918369403708
920 496 0 0.002265104572083375 0.00034915320780669421
928 496 0 0.0021088512140625252 0.00033184356451555503
936 496 0 0.0019652138284457733 0.00031548707249236989
944 496 0 0.0018342923702638404 0.00030020172869458942
952 496 0 0.0017161794040374979 0.0002860986374022532
960 496 0 0.0016109601312463224 0.00027328123680209443
968 496 0 0.0015187122345894522 0.00026184448053780595
976 496 0 0.0014395055507208149 0.00025187398778213897
984 496 0 0.0013734015974123453 0.00024344518460021501
992 496 0 0.0013204529967767084 0.00023662246721377215
1000 496 0 0.0012807028498525057 0.00023145842316873305
1008 496 0 0.0012541841264745465 0.00022799314854923705
1016 496 0 0.0012409191357549106 0.00022625369784199149
0 504 0 0.0008713752819499267 0.00017169243586479086
8 504 0 0.00088153944539955294 0.00017317811775048857
16 504 0 0.00090187548436784142 0.00017614126220646725
24 504 0 0.0009323988063367944 0.00018056551769505874
32 504 0 0.0009731324725253533 0.00018642656825057892
40 504 0 0.0010241071159474487 0.00019369236996479304
48 504 0 0.0010853607997310375 0.00020232343998110528
56 504 0 0.001156938795264662 0.00021227317956516115
64 504 0 0.0012388932619438479 0.0002234882127131741
72 504 0 0.0013312828148308231 0.00023590872373126844
80 504 0 0.0014341719719798667 0.00024946878092833272
88 504 0 0.0015476304777230553 0.0002640966384419882
96 504 0 0.0016717325000458179 0.00027971501354563644
104 504 0 0.0018065556978547528 0.00029624134180093655
112 504 0 0.0019521801466997957 0.00031358801642524599
120 504 0 0.0021086870995606715 0.00033166262070405189
128 504 0 0.0022761575439034128 0.00035036816290710381
136 504 0 0.0024546704995988991 0.0003696033219692872
144 504 0 0.0026443009874373463 0.00038926270947471295
152 504 0 0.0028451175881390985 0.00040923714979365644
160 504 0 0.0030571795100018295 0.00042941397630056211
168 504 0 0.0032805330919168118 0.00044967733824732761
176 504 0 0.0035152076884587651 0.00046990851081914631
184 504 0 0.003761210914549163 0.00048998620071716726
192 504 0 0.0040185232665722534 0.00050978684156592884
200 504 0 0.0042870921810312266 0.00052918487745918976
208 504 0 0.0045668256360383149 0.0005480530385990872
216 504 0 0.0048575854398956193 0.00056626261949329054
224 504 0 0.0051591803798958962 0.00058368377656912995
232 504 0 0.005471359419621861 0.00060018586726439706
240 504 0 0.0057938051327324882 0.00061563785564954562
248 504 0 0.0061261275461416522 0.00062990880963794543
256 504 0 0.0064678585387189912 0.00064286851142602956
264 504 0 0.0068184469084063169 0.0006543881960065813
272 504 0 0.0071772541875812649 0.00066434142294015484
280 504 0 0.007543551260601725 0.00067260507502889255
288 504 0 0.0079165158248345763 0.00067906046544009661
296 504 0 0.0082952307411050443 0.00068359452368381597
304 504 0 0.0086786833422687719 0.00068610102215530336
312 504 0 0.0090657658066606098 0.0006864817999753265
320 504 0 0.0094552767499157617 0.00068627706887873334
328 504 0 0.0098459242343553518 0.00068661511116120504
336 504 0 0.010236330428129334 0.00068473918918815144
344 504 0 0.010625038154761804 0.00068056815386342492
352 504 0 0.011010519547562495 0.00067403157601544916
360 504 0 0.011391186956190149 0.00066507054748193156
368 504 0 0.01176540614343962 0.00065363843330364449
376 504 0 0.012131511664336176 0.00063970160371752682
384 504 0 0.012487824148529425 0.00062324017435638063
392 504 0 0.012832669028017073 0.00060424877692529834
400 504 0 0.013164396086394499 0.00058273737093305321
408 504 0 0.013481399075343792 0.00055873209088615899
416 504 0 0.013782134569398266 0.00053227610446087391
424 504 0 0.014065139226800468 0.00050343043780822633
432 504 0 0.014329044700736716 0.00047227470681006183
440 504 0 0.014572589600366127 0.00043890768021737255
448 504 0 0.014794628123945514 0.00040344759422163493
456 504 0 0.014994135256812438 0.0003660321395514525
464 504 0 0.015170208717566079 0.00032681805221893706
472 504 0 0.015322068114813991 0.00028598025718326939
480 504 0 0.015449052012282307 0.00024371053912696471
488 504 0 0.015550613763559729 0.00020021574410357228
496 504 0 0.015626317048359824 0.00015571554726189624
504 504 0 0.015675832009433687 0.00011043985212479818
512 504 0 0.015698932754690937 6.4625912977948896e-05
520 504 0 0.015695496766430301 6.9179718070477153e-05
528 504 0 0.015665506473318516 0.00011489270975878658
536 504 0 0.015609052923230154 0.00016000091094784709
544 504 0 0.015526341182554998 0.00020427306774100859
552 504 0 0.015417696815849121 0.00024748809828304373
560 504 0 0.015283572599585543 0.00028943734277310507
568 504 0 0.015124554517396999 0.00032992639345148442
576 504 0 0.014941366082461244 0.00036877648209511851
584 504 0 0.014734870134002979 0.00040582543326626343
592 504 0 0.01450606744579065 0.00044092821899018204
600 504 0 0.014256091741565979 0.00047395717216771639
608 504 0 0.013986201005399407 0.00050480193005561676
616 504 0 0.013697765271069525 0.00053336918467502582
624 504 0 0.013392251342132537 0.00055958231411546398
632 504 0 0.013071205106930868 0.0005833809584014412
640 504 0 0.012736232252005632 0.00060472058766945606
648 504 0 0.012388978234636651 0.00062357209119703015
656 504 0 0.012031108352089747 0.00063992139589959772
664 504 0 0.011664288652324587 0.00065376910476209332
672 504 0 0.011290168286183672 0.00066513013142186633
680 504 0 0.010910363726410919 0.00067403329828158443
688 504 0 0.010526445097208287 0.00068052086285293537
696 504 0 0.01013992469036043 0.00068464794044466835
704 504 0 0.0097522476066359363 0.00068648179997532477
712 504 0 0.0093647843644240752 0.00068610102215530162
720 504 0 0.0089788252647888603 0.0006874428836848058
728 504 0 0.008595576290274673 0.00068696476363316016
736 504 0 0.0082161563356306175 0.00068434884212984978
744 504 0 0.0078415956105214197 0.00067969243985857748
752 504 0 0.0074728351044128982 0.00067310098241972049
760 504 0 0.0071107270501450208 0.00066468682984637591
768 504 0 0.0067560363557795976 0.00065456817494028655
776 504 0 0.0064094429883820346 0.00064286803958511426
784 504 0 0.0060715452868862589 0.00062971338566983337
792 504 0 0.005742864156465027 0.00061523434431647039
800 504 0 0.0054238480593889107 0.00059956355534242136
808 504 0 0.0051148786746374022 0.00058283559961437668
816 504 0 0.0048162770584904164 0.00056518650105575295
824 504 0 0.0045283101081381831 0.0005467532729194419
832 504 0 0.004251197115266332 0.00052767348436805889
840 504 0 0.0039851161992779131 0.0005080848277774731
848 504 0 0.0037302104301641403 0.00048812467351020501
856 504 0 0.0034865934863023921 0.00046792960601988245
864 504 0 0.0032543547379327558 0.0004476349418688773
872 504 0 0.0030335636969120602 0.00042737423555348547
880 504 0 0.0028242738215681867 0.00040727878222212351
888 504 0 0.002626525706810517 0.00038747712711654624
896 504 0 0.0024403497202647238 0.00036809458995300292
904 504 0 0.0022657681631250417 0.0003492528089570914
912 504 0 0.0021027970396556898 0.0003310693046314362
920 504 0 0.0019514475135914548 0.00031365705849192025
928 504 0 0.0018117271161650437 0.00029712409789748153
936 504 0 0.0016836407529081997 0.00028157307553757361
944 504 0 0.0015671915385620915 0.00026710083170174885
952 504 0 0.0014623814746570222 0.00025379792938047562
960 504 0 0.0013692119748298229 0.00024174815641649951
968 504 0 0.0012876842397121428 0.00023102799487730941
976 504 0 0.0012177994859122417 0.00022170606480857312
984 504 0 0.0011595590407759322 0.00021384255663641307
992 504 0 0.0011129643240318531 0.0002074886727448553
1000 504 0 0.0010780167465743087 0.00020268610327819707
1008 504 0 0.0010547175631500415 0.00019946656332450502
1016 504 0 0.0010430677178147176 0.00019785141794019306
0 512 0 0.0010430677178147176 0.00019785141794019306
8 512 0 0.0010547175631500415 0.00019946656332450524
16 512 0 0.0010780167465743087 0.00020268610327819707
24 512 0 0.0011129643240318531 0.00020748867274485551
32 512 0 0.0011595590407759322 0.00021384255663641307
40 512 0 0.0012177994859122417 0.00022170606480857312
48 512 0 0.0012876842397121428 0.00023102799487730941
56 512 0 0.0013692119748298232 0.00024174815641649907
64 512 0 0.001462381474657022 0.00025379792938047562
72 512 0 0.0015671915385620915 0.00026710083170174885
80 512 0 0.0016836407529081995 0.00028157307553757383
88 512 0 0.0018117271161650435 0.00029712409789748131
96 512 0 0.0019514475135914543 0.00031365705849192025
104 512 0 0.0021027970396556893 0.00033106930463143664
112 512 0 0.0022657681631250417 0.0003492528089570914
120 512 0 0.0024403497202647234 0.00036809458995300292
128 512 0 0.0026265257068105166 0.00038747712711654581
136 512 0 0.0028242738215681863 0.00040727878222212308
144 512 0 0.0030335636969120593 0.00042737423555348547
152 512 0 0.0032543547379327549 0.0004476349418688773
160 512 0 0.0034865934863023917 0.00046792960601988202
168 512 0 0.0037302104301641394 0.00048812467351020501
176 512 0 0.0039851161992779114 0.0005080848277774731
184 512 0 0.0042511971152663303 0.00052767348436805889
192 512 0 0.0045283101081381822 0.00054675327291944104
200 512 0 0.0048162770584904164 0.00056518650105575208
208 512 0 0.0051148786746374022 0.00058283559961437494
216 512 0 0.0054238480593889098 0.00059956355534242049
224 512 0 0.0057428641564650261 0.00061523434431646953
232 512 0 0.006071545286886258 0.0006297133856698325
240 512 0 0.0064094429883820338 0.00064286803958511426
248 512 0 0.0067560363557795976 0.00065456817494028655
256 512 0 0.0071107270501450208 0.00066468682984637505
264 512 0 0.0074728351044128982 0.00067310098241972049
272 512 0 0.0078415956105214197 0.00067969243985857575
280 512 0 0.0082161563356306175 0.00068434884212984805
288 512 0 0.008595576290274673 0.00068696476363316016
296 512 0 0.0089788252647888603 0.0006874428836848058
304 512 0 0.0093647843644240752 0.00068610102215530336
312 512 0 0.0097522476066359363 0.0006864817999753265
320 512 0 0.010139924690360432 0.00068464794044467009
328 512 0 0.010526445097208289 0.0006805208628529371
336 512 0 0.010910363726410919 0.00067403329828158443
344 512 0 0.011290168286183672 0.00066513013142186807
352 512 0 0.011664288652324587 0.00065376910476209159
360 512 0 0.012031108352089747 0.00063992139589959772
368 512 0 0.012388978234636649 0.00062357209119702842
376 512 0 0.01273623225200563 0.00060472058766945433
384 512 0 0.013071205106930866 0.0005833809584014412
392 512 0 0.013392251342132535 0.00055958231411546225
400 512 0 0.013697765271069525 0.00053336918467502582
408 512 0 0.013986201005399409 0.00050480193005561676
416 512 0 0.014256091741565981 0.00047395717216771466
424 512 0 0.014506067445790652 0.00044092821899018378
432 512 0 0.014734870134002981 0.00040582543326626516
440 512 0 0.014941366082461245 0.00036877648209511851
448 512 0 0.015124554517397 0.00032992639345148615
456 512 0 0.015283572599585547 0.00028943734277310854
464 512 0 0.015417696815849124 0.00024748809828304547
472 512 0 0.015526341182555001 0.00020427306774101033
480 512 0 0.015609052923230154 0.00016000091094784709
488 512 0 0.015665506473318516 0.00011489270975878658
496 512 0 0.015695496766430301 6.9179718070477153e-05
504 512 0 0.015698932754690937 6.4625912977948896e-05
512 512 0 0.015675832009433687 0.00011043985212479818
520 512 0 0.015626317048359824 0.00015571554726189624
528 512 0 0.015550613763559729 0.00020021574410357228
536 512 0 0.015449052012282307 0.00024371053912696471
544 512 0 0.015322068114813989 0.00028598025718326765
552 512 0 0.015170208717566077 0.00032681805221893533
560 512 0 0.014994135256812438 0.0003660321395514525
568 512 0 0.014794628123945514 0.00040344759422163493
576 512 0 0.014572589600366125 0.00043890768021737081
584 512 0 0.014329044700736716 0.00047227470681006183
592 512 0 0.014065139226800468 0.00050343043780822459
600 512 0 0.013782134569398263 0.00053227610446087044
608 512 0 0.01348139907534379 0.00055873209088615726
616 512 0 0.013164396086394499 0.00058273737093305321
624 512 0 0.012832669028017073 0.00060424877692529834
632 512 0 0.012487824148529426 0.0006232401743563841
640 512 0 0.012131511664336176 0.00063970160371752682
648 512 0 0.01176540614343962 0.00065363843330364622
656 512 0 0.011391186956190149 0.00066507054748193156
664 512 0 0.011010519547562493 0.00067403157601544743
672 512 0 0.010625038154761806 0.00068056815386342666
680 512 0 0.010236330428129334 0.00068473918918815144
688 512 0 0.0098459242343553518 0.0006866151111612033
696 512 0 0.0094552767499157617 0.00068627706887873334
704 512 0 0.0090657658066606115 0.00068648179997532477
712 512 0 0.0086786833422687736 0.00068610102215530162
720 512 0 0.0082952307411050443 0.00068359452368381597
728 512 0 0.0079165158248345763 0.00067906046544009661
736 512 0 0.0075435512606017259 0.00067260507502889168
744 512 0 0.0071772541875812657 0.00066434142294015397
752 512 0 0.0068184469084063169 0.0006543881960065813
760 512 0 0.0064678585387189921 0.0006428685114260287
768 512 0 0.0061261275461416522 0.00062990880963794543
776 512 0 0.0057938051327324882 0.00061563785564954648
784 512 0 0.0054713594196218619 0.00060018586726439706
792 512 0 0.005159180379895897 0.00058368377656912995
800 512 0 0.0048575854398956193 0.0005662626194932914
808 512 0 0.0045668256360383149 0.0005480530385990872
816 512 0 0.0042870921810312266 0.00052918487745918976
824 512 0 0.0040185232665722534 0.00050978684156592971
832 512 0 0.0037612109145491639 0.00048998620071716813
840 512 0 0.0035152076884587655 0.00046990851081914762
848 512 0 0.0032805330919168127 0.00044967733824732761
856 512 0 0.00305717951000183 0.00042941397630056211
864 512 0 0.0028451175881390989 0.00040923714979365687
872 512 0 0.0026443009874373472 0.00038926270947471295
880 512 0 0.0024546704995988995 0.0003696033219692872
888 512 0 0.0022761575439034132 0.00035036816290710381
896 512 0 0.0021086870995606719 0.00033166262070405189
904 512 0 0.0019521801466997959 0.00031358801642524577
912 512 0 0.001806555697854753 0.00029624134180093677
920 512 0 0.0016717325000458181 0.00027971501354563666
928 512 0 0.0015476304777230555 0.0002640966384419882
936 512 0 0.001434171971979867 0.00024946878092833272
944 512 0 0.0013312828148308231 0.00023590872373126844
952 512 0 0.0012388932619438479 0.00022348821271317432
960 512 0 0.001156938795264662 0.00021227317956516094
968 512 0 0.0010853607997310377 0.00020232343998110506
976 512 0 0.0010241071159474487 0.00019369236996479304
984 512 0 0.0009731324725253533 0.00018642656825057892
992 512 0 0.0009323988063367944 0.00018056551769505874
1000 512 0 0.00090187548436784131 0.00017614126220646736
1008 512 0 0.00088153944539955294 0.00017317811775048857
1016 512 0 0.00087137528194992681 0.00017169243586479075
0 520 0 0.0012409191357549106 0.0002262536978419917
8 520 0 0.0012541841264745467 0.00022799314854923683
16 520 0 0.0012807028498525057 0.00023145842316873305
24 520 0 0.0013204529967767087 0.00023662246721377193
32 520 0 0.0013734015974123453 0.00024344518460021501
40 520 0 0.0014395055507208149 0.00025187398778213897
48 520 0 0.0015187122345894522 0.00026184448053780595
56 520 0 0.0016109601312463222 0.00027328123680209464
64 520 0 0.0017161794040374977 0.00028609863740225341
72 520 0 0.0018342923702638404 0.00030020172869458942
80 520 0 0.0019652138284457733 0.00031548707249236989
88 520 0 0.0021088512140625248 0.00033184356451555503
96 520 0 0.0022651045720833746 0.00034915320780669465
104 520 0 0.002433866344287126 0.0003672918369403708
112 520 0 0.0026150209720821331 0.00038612979723027293
120 520 0 0.0028084443102177263 0.00040553258951344642
128 520 0 0.0030140028339270624 0.00042536149478322391
136 520 0 0.0032315526037903094 0.00044547419366794145
144 520 0 0.0034609379324655448 0.00046572539366419516
152 520 0 0.0037019896798016322 0.00048596747269288127
160 520 0 0.0039545230923222737 0.00050605114184181475
168 520 0 0.0042183351036743444 0.00052582612417481286
176 520 0 0.0044932010270553845 0.00054514184134364825
184 520 0 0.0047788705996343892 0.00056384809642172091
192 520 0 0.0050750633810576233 0.0005817957405844839
200 520 0 0.0053814635595461685 0.00059883731328442668
208 520 0 0.0056977142742517771 0.00061482765023693989
216 520 0 0.0060234116147313303 0.00062962446021909077
224 520 0 0.0063580985007814957 0.00064308887937608757
232 520 0 0.0067012586725560905 0.00065508601917352999
240 520 0 0.007052311027967148 0.00066548553000521284
248 520 0 0.0074106045307198842 0.0006741622055757724
256 520 0 0.0077754138799913958 0.00068099665265466264
264 520 0 0.0081459360868326187 0.00068587604624739326
272 520 0 0.0085212880503799954 0.00068869498181976969
280 520 0 0.0089005051777604656 0.00068935642468861101
288 520 0 0.0092825410539078331 0.00068777274331519034
296 520 0 0.0096662681484736661 0.0006874428836848058
304 520 0 0.010050479550632888 0.00068569518620881231
312 520 0 0.010433891748765812 0.00068164414212987592
320 520 0 0.010815148516108979 0.00067522382574854677
328 520 0 0.011192826016607775 0.0006663809193994865
336 520 0 0.011565439295250442 0.00065507556883952385
344 520 0 0.011931450350468649 0.00064128206428497661
352 520 0 0.012289277989719329 0.00062498933739474176
360 520 0 0.012637309632984704 0.00060620128089495726
368 520 0 0.01297391514748107 0.00058493691284442102
376 520 0 0.013297462671670137 0.00056123041966450737
384 520 0 0.013606336226164915 0.00053513111923404917
392 520 0 0.013898954728504349 0.00050670338637181372
400 520 0 0.014173791848505658 0.00047602657743613282
408 520 0 0.014429395984343738 0.0004431949789443293
416 520 0 0.014664409529833305 0.00040831778826732473
424 520 0 0.014877586560307106 0.00037151911451645432
432 520 0 0.015067808101141465 0.00033293796713848405
440 520 0 0.015234094263585445 0.00029272818112419975
448 520 0 0.015375612731060005 0.00025105821366300414
456 520 0 0.015491683339261455 0.00020811073967590826
464 520 0 0.015581778790221355 0.00016408197437223042
472 520 0 0.015645521842908593 0.00011918066035359123
480 520 0 0.01568267959762876 7.3626674398606651e-05
488 520 0 0.015693155706825706 6.0052239728224793e-05
496 520 0 0.01567698147526839 0.00010589530127510897
504 520 0 0.015634306841712988 0.00015126556368036566
512 520 0 0.015565392157308889 0.00019592779181031549
520 520 0 0.015470601501097928 0.00023965070785532394
528 520 0 0.015350398019456157 0.00028220991649867931
536 520 0 0.015205341473155342 0.00032339080408700163
544 520 0 0.015036087857630722 0.00036299129197740233
552 520 0 0.014843390665347142 0.00040082433029237259
560 520 0 0.014628103117260986 0.00043672003372782243
568 520 0 0.014391180529723879 0.00047052738427326782
576 520 0 0.014133681920148754 0.00050211545436746122
584 520 0 0.013856769993926654 0.00053137413526138308
592 520 0 0.013561708788992244 0.00055821438613764748
600 520 0 0.013249858464937392 0.00058256804693622606
608 520 0 0.012922666984457633 0.00060438727942844703
616 520 0 0.012581658715461446 0.00062364371515799023
624 520 0 0.012228420251091774 0.0006403273946142176
632 520 0 0.011864583974173042 0.00065444557954861052
640 520 0 0.011491810060618649 0.00066602151070972899
648 520 0 0.011111767710135974 0.0006750931681969996
656 520 0 0.010726116408708217 0.00068171207334960862
664 520 0 0.010336487971547046 0.00068594215201563981
672 520 0 0.009944470000898379 0.00068785866150891488
680 520 0 0.0095515912389411827 0.00068754716949830097
688 520 0 0.0091593091231941485 0.0006866151111612033
696 520 0 0.0087689996810370284 0.00068627706887873334
704 520 0 0.0083819497488594116 0.00068381605780119988
712 520 0 0.0079993513827675156 0.00067933195950125799
720 520 0 0.0076222982485735233 0.00067293249253152099
728 520 0 0.0072517837397667803 0.00066473208506779603
736 520 0 0.0068887005687906276 0.00065485069181109822
744 520 0 0.0065338416007221121 0.00064341258685915361
752 520 0 0.0061879017386624437 0.00063054516974387319
760 520 0 0.0058514807157258207 0.00061637782299317143
768 520 0 0.0055250866897051274 0.00060104085643652473
776 520 0 0.0052091405661168592 0.00058466456661562891
784 520 0 0.0049039809895081226 0.00056737843011373922
792 520 0 0.0046098699412069118 0.00054931043868898521
800 520 0 0.0043269988667111927 0.00053058657318442656
808 520 0 0.0040554952324556772 0.00051133040358263774
816 520 0 0.0037954293857332933 0.00049166279529793333
824 520 0 0.0035468215690796809 0.00047170169749257253
832 520 0 0.0033096489264887916 0.0004515619880603723
840 520 0 0.0030838523367509936 0.00043135535170777187
848 520 0 0.0028693429202377553 0.00041119017167905733
856 520 0 0.0026660080887321732 0.0003911714212696568
864 520 0 0.0024737170407506783 0.00037140054738842064
872 520 0 0.002292325643298791 0.00035197534413855622
880 520 0 0.0021216806806775308 0.00033298981892136877
888 520 0 0.001961623487484963 0.0003145340564184502
896 520 0 0.0018119930127839538 0.0002966940867767181
904 520 0 0.0016726283831802848 0.00027955176351951113
912 520 0 0.0015433710433362352 0.0002631846545185178
920 520 0 0.0014240665536862042 0.00024766594635961393
928 520 0 0.0013145661184384057 0.00023306435928464983
936 520 0 0.001214727904744112 0.000219444067235755
944 520 0 0.0011244181989344361 0.00020686461589638702
952 520 0 0.0010435124305964601 0.00019538083134738784
960 520 0 0.00097189608213204268 0.00018504271313261932
968 520 0 0.00090946549172168662 0.00017589530800935112
976 520 0 0.00085612855186578121 0.00016797856408166749
984 520 0 0.00081180530365946603 0.00016132716886588727
992 520 0 0.00077642842780836882 0.00015597037852842558
1000 520 0 0.00074994363586857609 0.00015193184849926521
1008 520 0 0.00073230996796818087 0.00014922947743137207
1016 520 0 0.00072350000519807013 0.00014787527675185668
0 528 0 0.0014671728335969023 0.000256715002849655
8 528 0 0.0014821772750237836 0.0002585701567656461
16 528 0 0.0015121612730212388 0.00026226362623531555
24 528 0 0.0015570754639904806 0.0002677620105357261
32 528 0 0.0016168467820125603 0.00027501588259943341
40 528 0 0.0016913795385029538 0.0002839605546616792
48 528 0 0.0017805567151272582 0.00029451703175779236
56 528 0 0.0018842413680484169 0.00030659310395326047
64 528 0 0.0020022780414397511 0.00032008452550914834
72 528 0 0.0021344940989584298 0.00033487623122860268
80 528 0 0.0022807009009381432 0.00035084354652997014
88 528 0 0.0024406947785780798 0.0003678533574145563
96 528 0 0.0026142577798900692 0.00038576521815931498
104 528 0 0.0028011581812274968 0.00040443238679799438
112 528 0 0.0030011507693124061 0.00042370278978720284
120 528 0 0.0032139768997311727 0.00044341992639818171
128 528 0 0.0034393643287102863 0.0004634237293841049
136 528 0 0.0036770267974582508 0.00048355140085734561
144 528 0 0.0039266633261297399 0.0005036382410952972
152 528 0 0.0041879571524945135 0.00052351848369960961
160 528 0 0.0044605742341640884 0.00054302614410458791
168 528 0 0.0047441612278491573 0.00056199588108877489
176 528 0 0.0050383428683990327 0.00058026386401574103
184 528 0 0.0053427186960561101 0.00059766863325104187
192 528 0 0.0056568591216421072 0.00061405193853299265
200 528 0 0.0059803008728305952 0.00062925954055509468
208 528 0 0.006312541924488717 0.00064314196467591799
216 528 0 0.0066530360749504211 0.00065555520200992218
224 528 0 0.0070011873801575832 0.00066636136120377075
232 528 0 0.0073563446917296205 0.00067542928266479778
240 528 0 0.0077177965579723609 0.00068263513442685334
248 528 0 0.0080847667362956566 0.0006878630138215918
256 528 0 0.0084564105326460585 0.00069100558055566058
264 528 0 0.0088318121330800119 0.0006919647440193008
272 528 0 0.0092099830321997651 0.00069065242059926889
280 528 0 0.0095898616024490766 0.00068935642468861101
288 528 0 0.0099703137972230235 0.00068777274331519034
296 528 0 0.010350134948102002 0.00068386679962833576
304 528 0 0.010728052608074998 0.00067757305744211085
312 528 0 0.01110273040998639 0.00066883866122057802
320 528 0 0.011472772949366345 0.0006576244332573665
328 528 0 0.011836731755240736 0.00064390573863296052
336 528 0 0.012193112469513651 0.0006276731742632085
344 528 0 0.012540383400867565 0.00060893305039891668
352 528 0 0.012876985638541836 0.00058770764882250769
360 528 0 0.013201344892873104 0.00056403525988839992
368 528 0 0.013511885165775814 0.00053797001829474465
376 528 0 0.013807044244466231 0.00050958157279609381
384 528 0 0.01408529086208647 0.00047895463592155518
392 528 0 0.014345143193089008 0.00044618846458465908
400 528 0 0.014585188168905996 0.00041139632040033784
408 528 0 0.014804100933892492 0.00037470494954875387
416 528 0 0.015000663636843303 0.00033625410700999746
424 528 0 0.015173782690919464 0.00029619613061235804
432 528 0 0.015322503650029328 0.00025469554888786321
440 528 0 0.015446022949459303 0.00021192868587385782
448 528 0 0.015543695939510299 0.00016808320845029465
456 528 0 0.015615040889247362 0.0001233575499859068
464 528 0 0.015659738930049703 7.7960139828348735e-05
472 528 0 0.015677630215441708 5.5482879640298896e-05
480 528 0 0.015668706861363381 0.00010132329181740049
488 528 0 0.015633103467097481 0.00014673616932728804
496 528 0 0.015571086173993281 0.00019149479023751297
504 528 0 0.015483041278032622 0.00023537404164301716
512 528 0 0.015369464365498573 0.00027815278993140874
520 528 0 0.015230950793242604 0.00031961644151571808
528 528 0 0.015068188102957477 0.00035955960456457263
536 528 0 0.01488195066906834 0.00039778874523137275
544 528 0 0.014673096565653319 0.00043412472367880019
552 528 0 0.014442566335054769 0.00046840509674214194
560 528 0 0.014191383083533163 0.00050048608526998516
568 528 0 0.013920653145450611 0.00053024412390404417
576 528 0 0.013631566465781293 0.0005575769373131409
584 528 0 0.013325395858665271 0.00058240411703872411
592 528 0 0.013003494402854596 0.00060466720416200125
600 528 0 0.012667290418001166 0.00062432931199003089
608 528 0 0.012318279705029186 0.0006413743472350325
616 528 0 0.011958015000303456 0.00065580590569786108
624 528 0 0.011588092856477557 0.00066764592805275413
632 528 0 0.011210138394624432 0.00067693320267283794
640 528 0 0.01082578854990892 0.00068372179614827229
648 528 0 0.010436674541938975 0.00068807947963468383
656 528 0 0.010044404335358609 0.00069008620241185759
664 528 0 0.0096505458195314062 0.000689832645330039
672 528 0 0.0092566113393894641 0.00068785866150891488
680 528 0 0.0088640440694428817 0.00068754716949830097
688 528 0 0.008474206559353218 0.00068510256384093048
696 528 0 0.0080883716124322581 0.00068062806860477026
704 528 0 0.0077077155057404551 0.00067423424311895651
712 528 0 0.0073333134357150458 0.00066603794705246983
720 528 0 0.0069661369846405119 0.00065616126393301145
728 528 0 0.0066070533532358398 0.00064473038653094054
736 528 0 0.0062568260903742654 0.00063187447841636223
744 528 0 0.005916117065558976 0.00061772453516313608
752 528 0 0.0055854894637836138 0.00060241227487882985
760 528 0 0.0052654116254977849 0.00058606909022803581
768 528 0 0.0049562615970238488 0.00056882509268127868
776 528 0 0.0046583322914200359 0.0005508082746968233
784 528 0 0.0043718371817895686 0.00053214380771855405
792 528 0 0.0040969164568496691 0.0005129534843572427
800 528 0 0.0038336435635418749 0.00049335530316931778
808 528 0 0.0035820320471779609 0.00047346318527771627
816 528 0 0.0033420425810127409 0.00045338680472055241
824 528 0 0.0031135900595039533 0.0004332315095757276
832 528 0 0.0028965506175714236 0.00041309830891736801
840 528 0 0.0026907684353111483 0.00039308390143984531
848 528 0 0.0024960621955276 0.00037328072471015531
856 528 0 0.0023122310799427856 0.00035377700878938762
864 528 0 0.0021390602171870374 0.00033465682356364091
872 528 0 0.0019763255286059933 0.00031600011469279767
880 528 0 0.0018237979528023468 0.00029788272787518392
888 528 0 0.0016812470628946843 0.00028037642459027867
896 528 0 0.0015484441184526112 0.00026354889433134266
904 528 0 0.0014251646146191811 0.00024746376856110371
912 528 0 0.001311190402883224 0.00023218064045301117
920 528 0 0.0012063114613400762 0.00021775509234612796
928 528 0 0.0011103273881580356 0.00020423873028037006
936 528 0 0.0010230486821985268 0.0001916792225455852
944 528 0 0.00094429786157769523 0.00018012033735674083
952 528 0 0.00087391045669449146 0.00016960197390196864
960 528 0 0.0008117359008744066 0.00016016018125763608
968 528 0 0.00075763833073881615 0.00015182716098287048
976 528 0 0.00071149730049544131 0.0001446312513703399
984 528 0 0.00067320840968217177 0.00013859689397729426
992 528 0 0.00064268384205617144 0.00013374458575219738
1000 528 0 0.0006198528135031579 0.00013009082236541819
1008 528 0 0.00060466192809691577 0.0001276480398712651
1016 528 0 0.00059707544287711971 0.00012642456232095042
0 536 0 0.0017238878364465573 0.00028895480521279673
8 536 0 0.0017407474317894297 0.00029091339659308678
16 536 0 0.0017744248992565543 0.00029481021521985621
24 536 0 0.0018248374745262067 0.00030060490111653067
32 536 0 0.0018918626646119937 0.00030823781442710241
40 536 0 0.001975340093164633 0.00031763105976762756
48 536 0 0.0020750737468850505 0.00032868976470718913
56 536 0 0.0021908344720016773 0.00034130354816464025
64 536 0 0.0023223625669488994 0.00035534811034860407
72 536 0 0.0024693703301870325 0.00037068687764903055
80 536 0 0.0026315444474681133 0.00038717264311265978
88 536 0 0.0028085481359926361 0.00040464915473205918
96 536 0 0.0030000229980493842 0.0004229526182403724
104 536 0 0.0032055905680254911 0.00044191309666850214
112 536 0 0.0034248535590996089 0.00046135580378483523
120 536 0 0.0036573968261293544 0.00048110230107305772
128 536 0 0.0039027880580943912 0.00050097161685344702
136 536 0 0.0041605781983155964 0.00052078131077511886
144 536 0 0.0044303015672250371 0.00054034850705339706
152 536 0 0.0047114756361941231 0.00055949091594738581
160 536 0 0.0050036003782686763 0.00057802785603982849
168 536 0 0.0053061571089379322 0.00059578128124550787
176 536 0 0.0056186067324147737 0.00061257680767172733
184 536 0 0.005940387329307152 0.00062824472798708036
192 536 0 0.0062709110601750998 0.00064262099607886869
200 536 0 0.0066095604133856898 0.000655548163320069
208 536 0 0.006955683889164635 0.00066687625000141307
216 536 0 0.0073085912769603432 0.00067646354109257394
224 536 0 0.007667548741361354 0.00068417730360395904
232 536 0 0.0080317739743944183 0.00068989443211706081
240 536 0 0.0084004316923992142 0.00069350203797634638
248 536 0 0.0087726297501172484 0.00069489800460829573
256 536 0 0.0091474161132017191 0.00069399153508586074
264 536 0 0.0095237768770993127 0.0006919647440193008
272 536 0 0.009900635452799034 0.00069065242059926889
280 536 0 0.010276852968444106 0.00068699136599502907
288 536 0 0.010651229871411842 0.00068091607418881844
296 536 0 0.0110225086685011 0.00067237372039909843
304 536 0 0.011389377719993016 0.00066132511191801732
312 536 0 0.011750476010057909 0.00064774560007151843
320 536 0 0.012104398849644593 0.00063162590027824803
328 536 0 0.012449704521708398 0.00061297276646766173
336 536 0 0.012784921940949908 0.00059180947143625678
344 536 0 0.013108559456661872 0.00056817605579430677
352 536 0 0.013419114962486149 0.00054212932394431292
360 536 0 0.01371508747720746 0.00051374258433435627
368 536 0 0.013994990316648682 0.00048310515087286732
376 536 0 0.01425736588496615 0.00045032164049991878
384 536 0 0.01450080197828431 0.0004155111161978399
392 536 0 0.014723949326382825 0.00037880613329381758
400 536 0 0.014925539917413929 0.00034035174850793361
408 536 0 0.015104405479297499 0.00030030454540500712
416 536 0 0.015259495354045409 0.00025883171720210603
424 536 0 0.015389892920546627 0.00021611022962716303
432 536 0 0.015494829714847839 0.00017232606481851036
440 536 0 0.015573696474163847 0.00012767352470454373
448 536 0 0.01562605049121776 8.2354551707460727e-05
456 536 0 0.01565161889789184 5.0771489255339169e-05
464 536 0 0.015650297780607249 9.6650012910209568e-05
472 536 0 0.015622147335801409 0.00014211765502225755
480 536 0 0.01556738356954598 0.00018695785952788264
488 536 0 0.015486367297770193 0.00023095540309820382
496 536 0 0.015379591383755768 0.00027389792922202262
504 536 0 0.015247667236389605 0.00031557773322021289
512 536 0 0.015091311575567165 0.0003557937791014848
520 536 0 0.014911334351726886 0.00039435390039443269
528 536 0 0.014708628498392905 0.00043107711119912302
536 536 0 0.014484161923836968 0.00046579593351984451
544 536 0 0.014238971841974519 0.00049835863468985532
552 536 0 0.013974161238312627 0.00052863126575242517
560 536 0 0.013690896998263178 0.00055649939838860706
568 536 0 0.013390409021546567 0.00058186947372031173
576 536 0 0.013073989528468152 0.00060466969946139024
584 536 0 0.012742991741626547 0.00062485046008208499
592 536 0 0.012398827198692595 0.00064238423506950831
600 536 0 0.012042961106011135 0.00065726505003351615
608 536 0 0.011676905357794153 0.00066950751154670578
616 536 0 0.011302209094605595 0.00067914549692929364
624 536 0 0.010920446928424803 0.00068623058313778407
632 536 0 0.010533205191951594 0.00069083030380318391
640 536 0 0.010142066753760648 0.00069302632050588509
648 536 0 0.0097485950623042907 0.00069291258461649449
656 536 0 0.0093543181329467512 0.00069059355117768138
664 536 0 0.0089607131742013672 0.000689832645330039
672 536 0 0.0085691924708948802 0.00068741886849458395
680 536 0 0.0081810910177889523 0.00068295305165392943
688 536 0 0.0077976562454625019 0.00067655031389071609
696 536 0 0.0074200400201283323 0.00066833159230392583
704 536 0 0.0070492929481024294 0.00065842255763802569
712 536 0 0.0066863608879116909 0.00064695254780335488
720 536 0 0.0063320834777278127 0.00063405350691269919
728 536 0 0.0059871944268232325 0.00061985892641260726
736 536 0 0.0056523232958553314 0.00060450279451893397
744 536 0 0.0053279984966296875 0.00058811856892928855
752 536 0 0.0050146512693994717 0.00057083819438414219
760 536 0 0.0047126204353055753 0.0005527911901922096
768 536 0 0.0044221577641009218 0.00053410383292292699
776 536 0 0.0041434338352138687 0.00051489845620616721
784 536 0 0.0038765442982641473 0.00049529288352542127
792 536 0 0.0036215164549043282 0.00047540000194534098
800 536 0 0.0033783160875713401 0.00045532747597053485
808 536 0 0.0031468544548667551 0.00043517759231120586
816 536 0 0.0029269953617838754 0.00041504721922886552
824 536 0 0.0027185622004052409 0.00039502785909871236
832 536 0 0.0025213448472998713 0.00037520577027155225
840 536 0 0.0023351063010043061 0.0003556621343068422
848 536 0 0.0021595889486218643 0.00033647324690573577
856 536 0 0.0019945203650833586 0.00031771071485942699
864 536 0 0.001839618570850901 0.00029944164633613642
872 536 0 0.0016945967015064951 0.00028172882709949824
880 536 0 0.0015591670727261764 0.00026463088007617043
888 536 0 0.0014330446533799279 0.00024820240951475641
896 536 0 0.0013159499849978618 0.00023249413345474939
904 536 0 0.0012076116053751809 0.0002175530092440002
912 536 0 0.0011077680463598681 0.00020342235652335595
920 536 0 0.001016169480599595 0.00019014198074048124
928 536 0 0.00093257908987392558 0.00017774829828411001
936 536 0 0.00085677421998728092 0.00016627446221124584
944 536 0 0.00078854737587065915 0.00015575048570703608
952 536 0 0.0007277070974878641 0.00014620335920662736
960 536 0 0.0006740787441587504 0.0001376571567156562
968 536 0 0.0006275052034127969 0.00013013312732601924
976 536 0 0.00058784753137768107 0.00012364976911776024
984 536 0 0.00055498552535710984 0.00011822288432506193
992 536 0 0.00052881822554813357 0.00011386561650803787
1000 536 0 0.0005092643413259014 0.0001105884721772565
1008 536 0 0.00049626259752893684 0.00010839933056797893
1016 536 0 0.00048977199703206494 0.00010730344584505478
0 544 0 0.0020128426416593541 0.00032258797852381194
8 544 0 0.0020316608283825165 0.00032463396355569005
16 544 0 0.0020692351144764106 0.0003287017646842038
24 544 0 0.0021254423756427374 0.00033474352062140859
32 544 0 0.0022001004790390961 0.00034268860484678058
40 544 0 0.0022929711529322606 0.00035244495353723608
48 544 0 0.0024037635115922397 0.00036390072536855115
56 544 0 0.0025321380201663176 0.00037692621114486947
64 544 0 0.0026777106772975035 0.00039137590520132645
72 544 0 0.002840057207836063 0.00040709065184815936
80 544 0 0.0030187170905807731 0.00042389978826499509
88 544 0 0.0032131972907246953 0.00044162321900445252
96 544 0 0.0034229756162897566 0.00046007337487512668
104 544 0 0.0036475036646939933 0.00047905702836365319
112 544 0 0.0038862093628844441 0.00049837695675220657
120 544 0 0.0041384991272024121 0.00051783346068293417
128 544 0 0.0044037596749478382 0.00053722575849794816
136 544 0 0.0046813595090907153 0.00055635328419844331
144 544 0 0.0049706500742784342 0.00057501691895325314
152 544 0 0.0052709665521415089 0.00059302018308238572
160 544 0 0.0055816282343085048 0.00061017040831587693
168 544 0 0.00590193839018344 0.00062627990034372621
176 544 0 0.0062311835400865011 0.00064116709097125114
184 544 0 0.0065686320572942323 0.00065465766935791838
192 544 0 0.0069135320562539685 0.00066658567442128176
200 544 0 0.0072651085767057588 0.00067679452668374489
208 544 0 0.0076225601391660481 0.00068513797819861385
216 544 0 0.0079850548180529172 0.0006914809636257447
224 544 0 0.008351726044965313 0.00069570034330373315
232 544 0 0.0087216684065114791 0.00069768553901170677
240 544 0 0.0090939337303755606 0.00069733907340108377
248 544 0 0.0094675277547255441 0.00069489800460829573
256 544 0 0.0098414076482875798 0.00069399153508586074
264 544 0 0.010214480594552332 0.00069070371745301971
272 544 0 0.01058560358091184 0.00068496812811280616
280 544 0 0.010953584452528578 0.00067673148408447202
288 544 0 0.011317184213538823 0.00066595434212698111
296 544 0 0.011675120496636793 0.00065261182813569282
304 544 0 0.012026072085734011 0.00063669436574099493
312 544 0 0.012368684370739493 0.00061820836068158386
320 544 0 0.012701575638795861 0.00059717678915126825
328 544 0 0.013023344157073324 0.00057363963536492639
336 544 0 0.013332576067818824 0.00054765412686891626
344 544 0 0.013627854182331462 0.0005192947256695904
352 544 0 0.013907767810784843 0.00048865284829869432
360 544 0 0.014170923784163937 0.00045583630695647699
368 544 0 0.014415958801421122 0.00042096848477243994
376 544 0 0.014641553163534835 0.00038418727856868486
384 544 0 0.01484644583811838 0.00034564385983406991
392 544 0 0.015029450643114882 0.00030550131673205694
400 544 0 0.015189473162658652 0.00026393324524472302
408 544 0 0.015325527834457642 0.00022112235516014329
416 544 0 0.015436754500659906 0.00017725914661449738
424 544 0 0.015522433616856688 0.00013254069631006039
432 544 0 0.015581999286033849 8.7169571186009737e-05
440 544 0 0.015615049337858882 4.5587148898219854e-05
448 544 0 0.015621351810973197 9.161160109133655e-05
456 544 0 0.015600847408636501 0.0001372194674046593
464 544 0 0.01555364776769704 0.00018220054896293282
472 544 0 0.015480029680779151 0.00022634764982061226
480 544 0 0.015380425710018098 0.00026945746241270087
488 544 0 0.015255411894671989 0.00031133158219417804
496 544 0 0.015105693454533746 0.00035177769960904361
504 544 0 0.014932089503169392 0.00039061099550240057
512 544 0 0.01473551779646568 0.0004276557394093921
520 544 0 0.014516980451332453 0.00046274706171179486
528 544 0 0.014277551387193782 0.00049573284356050663
536 544 0 0.014018365990317123 0.00052647564570532969
544 544 0 0.013740613207284664 0.00055485458147058395
552 544 0 0.013445529972560202 0.0005807670318334554
560 544 0 0.013134397599874571 0.00060413010272653347
568 544 0 0.012808539547826256 0.00062488173609649353
576 544 0 0.012469319829006762 0.00064298140571969822
584 544 0 0.012118141281544462 0.00065841035428190926
592 544 0 0.011756442963623086 0.00067117135716098647
600 544 0 0.011385696055977619 0.00068128802781882922
608 544 0 0.011007397846247447 0.0006888037068680207
616 544 0 0.010623063597676301 0.00069377999925673318
624 544 0 0.010234216345287019 0.00069629503976398506
632 544 0 0.0098423748881484099 0.00069644157507408461
640 544 0 0.0094490404332547625 0.0006943249509413045
648 544 0 0.0090556824776877962 0.00069291258461649449
656 544 0 0.0086637245817690698 0.00069059355117768138
664 544 0 0.0082745306857269149 0.00068618248847445232
672 544 0 0.0078893925624931305 0.00067979990840174968
680 544 0 0.007509518892173112 0.00067157212561584027
688 544 0 0.0071360263059689882 0.00066162993949351375
696 544 0 0.006769932596822615 0.00065010742330571733
704 544 0 0.0064121521478400648 0.00063714080026236464
712 544 0 0.0060634935018527786 0.00062286738605891231
720 544 0 0.0057246588962091283 0.00060742458151868441
728 544 0 0.0053962455211232236 0.00059094890570000891
736 544 0 0.0050787482278571647 0.00057357506799816677
744 544 0 0.0047725634107772669 0.00055543508585242062
752 544 0 0.004477993808036076 0.00053665746136339568
760 544 0 0.004195254000855294 0.00051736643445028131
768 544 0 0.0039244764325287304 0.0004976813315721914
776 544 0 0.0036657178078052773 0.00047771602740859145
784 544 0 0.0034189657656824206 0.0004575785325817267
792 544 0 0.003184145740700584 0.00043737071420374418
800 544 0 0.0029611279389090317 0.00041718814866230835
808 544 0 0.002749734356244698 0.00039712009862205707
816 544 0 0.0025497457621319122 0.00037724959965196314
824 544 0 0.0023609085634641556 0.00035765363694108526
832 544 0 0.0021829414575847191 0.00033840338971515222
840 544 0 0.0020155417806261874 0.00031956452037811868
848 544 0 0.0018583914616880765 0.00030119748693378779
856 544 0 0.001711162504592627 0.00028335786049073154
864 544 0 0.0015735219368120013 0.00026609663403889968
872 544 0 0.0014451361879620772 0.00024946051354441789
880 544 0 0.0013256748856319571 0.00023349218709421931
888 544 0 0.001214814081589776 0.00021823057179015193
896 544 0 0.0011122389440313411 0.00020371104096652062
904 544 0 0.0010176459694667954 0.00018996563590838547
912 544 0 0.00093074477975502504 0.00017702326660484302
920 544 0 0.0008512595752198502 0.00016490990537974478
928 544 0 0.00077893031404998713 0.00015364877582393845
936 544 0 0.00071351368229608924 0.00014326053769119168
944 544 0 0.00065478390917688269 0.00013376346669377647
952 544 0 0.00060253347072661907 0.00012517362676124502
960 544 0 0.00055657371263764506 0.00011750503152110534
968 544 0 0.00051673541180187834 0.00011076979161091856
976 544 0 0.00048286928647862167 0.0001049782448990594
984 544 0 0.00045484645772658343 0.00010013906763052641
992 544 0 0.00043255885984109648 9.6259365707037096e-05
1000 544 0 0.00041591959481454235 9.3344746511359056e-05
1008 544 0 0.00040486322486350872 9.1399372665428122e-05
1016 544 0 0.00039934599733446085 9.0425999697604093e-05
0 552 0 0.002335430620183166 0.00035711948755722412
8 552 0 0.0023562947919382065 0.00035923305412008475
16 552 0 0.0023979368791606144 0.00036343198434084017
24 552 0 0.0024601858962641459 0.00036966047337081212
32 552 0 0.0025427890838858767 0.00037783628406159141
40 552 0 0.0026454161064694967 0.00038785242354962566
48 552 0 0.0027676642369607908 0.00039957924091534123
56 552 0 0.0029090642313111871 0.00041286684324257951
64 552 0 0.0030690865824988299 0.00042754771914018481
72 552 0 0.0032471478596842224 0.0004434394594301479
80 552 0 0.0034426168788457682 0.00046034747372871885
88 552 0 0.0036548205097291478 0.0004780676177040641
96 552 0 0.0038830489911648833 0.00049638866688634731
104 552 0 0.0041265606930576465 0.0005150945966097293
112 552 0 0.0043845863196366507 0.00053396665140873888
120 552 0 0.0046563325878853463 0.0005527852085425158
128 552 0 0.0049409854334457864 0.00057133145725758554
136 552 0 0.0052377127932891586 0.00058938892652560249
144 552 0 0.0055456669932316873 0.00060674489867538692
152 552 0 0.0058639867352238946 0.0006231917447553836
160 552 0 0.0061917986426243818 0.00063852821054847901
168 552 0 0.0065282182905271663 0.00065256067146163277
176 552 0 0.0068723506310577522 0.0006651043619659543
184 552 0 0.0072232897266521507 0.00067598457293427221
192 552 0 0.0075801177306752503 0.0006850378000276703
200 552 0 0.0079419031033895037 0.00069211281973178586
208 552 0 0.0083076981173646619 0.00069707166764841275
216 552 0 0.0086765357816786619 0.00069979049640487428
224 552 0 0.0090474263882690462 0.00070016029751676645
232 552 0 0.0094193539455231859 0.00069808748154858748
240 552 0 0.0097912728037766444 0.00069733907340108377
248 552 0 0.010162104787780514 0.00069457703305497026
256 552 0 0.010530737129473885 0.00068932948118630502
264 552 0 0.01089602144243384 0.00068154084788150764
272 552 0 0.011256773903787634 0.00067117032287579426
280 552 0 0.011611776720672458 0.00065819226814388052
288 552 0 0.01195978086939746 0.00064259665585863698
296 552 0 0.012299510019540823 0.00062438952290403034
304 552 0 0.012629665503725985 0.00060359341799197386
312 552 0 0.012948932174363511 0.00058024780362401877
320 552 0 0.01325598500350076 0.00055440936470489872
328 552 0 0.013549496327348434 0.0005261521702751102
336 552 0 0.013828143703536541 0.00049556763571771689
344 552 0 0.014090618422624086 0.00046276424029262353
352 552 0 0.014335634779280687 0.00042786696849584326
360 552 0 0.014561940246418518 0.00039101646225458107
368 552 0 0.014768326693813514 0.00035236789239239188
376 552 0 0.014953642743248724 0.00031208957971388951
384 552 0 0.015116807254002766 0.00027036141588438617
392 552 0 0.015256823792702042 0.00022737314958715983
400 552 0 0.015372795774924822 0.00018332261226616971
408 552 0 0.015463941793317672 0.00013841395886003
416 552 0 0.015529610492619063 9.2855991959156503e-05
424 552 0 0.015569294240240478 4.6860623383790032e-05
432 552 0 0.015582640792850535 8.5806967067992429e-05
440 552 0 0.015569462188960662 0.00013168518385475378
448 552 0 0.01552974020988186 0.00017692498630741266
456 552 0 0.015463627941231841 0.00022132103127345606
464 552 0 0.015371447218734107 0.00026467420909788084
472 552 0 0.015253682030958539 0.00030679231046250831
480 552 0 0.015110968247605397 0.00034749067360783335
488 552 0 0.014944080312477811 0.00038659288253638409
496 552 0 0.014753915754924702 0.00042393157638383194
504 552 0 0.014541478507666992 0.00045934941185293496
512 552 0 0.014307862057056288 0.00049270019642450209
520 552 0 0.014054233389620658 0.00052385018265696005
528 552 0 0.013781818543633275 0.00055267948630310058
536 552 0 0.013491890344611793 0.00057908356627962149
544 552 0 0.01318575862581408 0.00060297468546392959
552 552 0 0.012864762940726747 0.0006242832599742433
560 552 0 0.012530267497148037 0.00064295900225658058
568 552 0 0.012183657811729762 0.00065897177020574765
576 552 0 0.011826338423287064 0.00067231204993173192
584 552 0 0.011459730927262553 0.00068299102199659116
592 552 0 0.0110852716064621 0.00069104018764967919
600 552 0 0.01070440802815879 0.00069651056003530373
608 552 0 0.010318594139379427 0.00069947145270774468
616 552 0 0.0099292835984195679 0.00070000892147358169
624 552 0 0.0095379213055230335 0.00069822393351432269
632 552 0 0.0091459333130743253 0.00069644157507408461
640 552 0 0.008754715482313458 0.0006943249509413045
648 552 0 0.0083656213916400695 0.00069006108604772673
656 552 0 0.0079799500802710359 0.00068377450149803391
664 552 0 0.0075989342273369322 0.00067559645838998275
672 552 0 0.007223729324793063 0.00066566323770006746
680 552 0 0.0068554043132147465 0.00065411457895836553
688 552 0 0.0064949340272614656 0.00064109227870752256
696 552 0 0.0061431936588940217 0.00062673893792859325
704 552 0 0.0058009553075877782 0.00061119684025228663
712 552 0 0.0054688865618502634 0.00059460694000251519
720 552 0 0.005147550955719833 0.00057710794048929526
728 552 0 0.0048374100735708043 0.00055883544755241932
736 552 0 0.0045388270379390959 0.00053992118991806875
744 552 0 0.0042520711056625617 0.00052049230511470521
752 552 0 0.0039773231118115145 0.00050067069622456144
760 552 0 0.0037146815312697271 0.0004805724695855669
768 552 0 0.0034641689665038085 0.00046030746602492185
776 552 0 0.0032257389097702475 0.00043997889803502974
784 552 0 0.0029992826630429628 0.00041968310263945782
792 552 0 0.0027846363256624194 0.00039950941503816458
800 552 0 0.00258158777669661 0.00037954016221242171
808 552 0 0.0023898835868683267 0.00035985076937637131
816 552 0 0.0022092357957912393 0.00034050996634067297
824 552 0 0.0020393284872337572 0.00032158007623039843
832 552 0 0.0018798240915004116 0.0003031173660843075
840 552 0 0.0017303693427287896 0.0002851724378973978
848 552 0 0.0015906008220690569 0.0002677906396190196
856 552 0 0.0014601500263861449 0.00025101247820648212
864 552 0 0.0013386479162148779 0.00023487402059712333
872 552 0 0.0012257289151243293 0.00021940727283774786
880 552 0 0.0011210343536105962 0.00020464053202136085
888 552 0 0.0010242153719745798 0.00019059870961519619
896 552 0 0.00093493531619524557 0.00017730362783609558
904 552 0 0.00085287167674755475 0.00016477429271924068
912 552 0 0.00077771763136637024 0.00015302714838865479
920 552 0 0.00070918325833358017 0.00014207631688627003
928 552 0 0.0006469964870640725 0.00013193382698591463
936 552 0 0.00059090384827929538 0.00012260983401679386
944 552 0 0.00054067107800467157 0.00011411283117221112
952 552 0 0.0004960836193521024 0.00010644985137451667
960 552 0 0.00045694705491308967 9.9626657724555387e-05
968 552 0 0.00042308749179736097 9.3647920004517372e-05
976 552 0 0.00039435191183273918 8.8517374645882493e-05
984 552 0 0.00037060849178035491 8.4237965946228521e-05
992 552 0 0.00035174689286058853 8.081196698050795e-05
1000 552 0 0.00033767851538416867 7.8241079430373681e-05
1008 552 0 0.00032833671258618356 7.6526512277325153e-05
1016 552 0 0.0003236769575012319 7.5669039833228943e-05
0 560 0 0.0026925501077403901 0.00039194297360017677
8 560 0 0.0027155278460582913 0.00039410069016862677
16 560 0 0.0027613688635014545 0.00039838372219074686
24 560 0 0.0028298463696349581 0.00040472800831612039
32 560 0 0.0029206253679474681 0.0004130392694153464
40 560 0 0.0030332685300191223 0.00042319507731876631
48 560 0 0.003167243477876132 0.00043504744483473896
56 560 0 0.0033219310745537666 0.0004484258109773453
64 560 0 0.0034966343016390147 0.00046314028440490101
72 560 0 0.0036905873191143703 0.00047898500778711028
80 560 0 0.0039029643525744871 0.00049574151565785068
88 560 0 0.0041328881274332119 0.00051318197679578546
96 560 0 0.0043794376580512306 0.0005310722370500745
104 560 0 0.0046416552896673758 0.00054917460701026707
112 560 0 0.0049185529710453896 0.00056725036800923424
120 560 0 0.0052091177964278621 0.00058506199675501143
128 560 0 0.0055123168907033719 0.00060237513093905262
136 560 0 0.0058271017198147611 0.00061896031366745399
144 560 0 0.0061524118919070742 0.0006345945625572556
152 560 0 0.0064871784799792782 0.00064906280980384871
160 560 0 0.0068303268531728608 0.00066215925331270312
168 560 0 0.007180778961988799 0.00067368864769824528
176 560 0 0.0075374549930237065 0.00068346754969810224
184 560 0 0.0078992742995864229 0.00069132551767793482
192 560 0 0.0082651555307029206 0.00069710625167651585
200 560 0 0.0086340159231212896 0.00070066865076247146
208 560 0 0.0090047697850130747 0.00070188775963496257
216 560 0 0.0093763262780835362 0.00070065557693204696
224 560 0 0.0097475866857858126 0.00070016029751676645
232 560 0 0.010117441427071773 0.00069808748154858748
240 560 0 0.010484767126081094 0.00069349432230444985
248 560 0 0.010848424069441151 0.00068631928166063699
256 560 0 0.011207254369649464 0.00067651724017557882
264 560 0 0.01156008110567934 0.00066405966324550002
272 560 0 0.011905708636112759 0.00064893473232512447
280 560 0 0.012242924185985226 0.00063114746531276779
288 560 0 0.012570500709479102 0.00061071984008164229
296 560 0 0.012887200941064143 0.00058769092152331955
304 560 0 0.013191782480853715 0.00056211697712773082
312 560 0 0.013483003725547688 0.00053407155118417697
320 560 0 0.013759630458842875 0.00050364545534211519
328 560 0 0.014020442952831119 0.00047094662548268461
336 560 0 0.014264243496616629 0.00043609979308008827
344 560 0 0.014489864346832516 0.00039924592420842973
352 560 0 0.014696176170242291 0.00036054139096160405
360 560 0 0.014882097103737462 0.00032015685731894353
368 560 0 0.015046602576467446 0.00027827588265393229
376 560 0 0.015188736012067652 0.00023509326881892764
384 560 0 0.015307620452421549 0.00019081319841878289
392 560 0 0.015402471022605498 0.00014564722990345613
400 560 0 0.015472608002132991 9.9812227208168416e-05
408 560 0 0.015517470099545459 5.3528306227786787e-05
416 560 0 0.015536627369281405 7.882735902998983e-05
424 560 0 0.015529793086155848 0.00012510017200475371
432 560 0 0.015496833825782543 0.0001707299188490434
440 560 0 0.015437777005105909 0.00021550604249977699
448 560 0 0.015352815223574448 0.00025922645862612448
456 560 0 0.015242306909958385 0.00030169844388328211
464 560 0 0.015106773009636226 0.00034273929054992602
472 560 0 0.014946889720496031 0.00038217678795743858
480 560 0 0.014763477573997564 0.00041984960336302612
488 560 0 0.014557487429941427 0.00045560763840639222
496 560 0 0.01432998417854087 0.00048931243160231508
504 560 0 0.014082129095814057 0.00052083766309008947
512 560 0 0.013815161860631786 0.000550069796684741
520 560 0 0.013530383206963698 0.00057690886854613356
528 560 0 0.013229139057330174 0.00060126940440074703
536 560 0 0.012912806778332172 0.00062308142129081749
544 560 0 0.01258278394035015 0.00064229144818387165
552 560 0 0.012240479680752503 0.00065886348484040479
560 560 0 0.011887308494891457 0.00067277981172495296
568 560 0 0.011524686041524014 0.00068404156613013564
576 560 0 0.011154026373355332 0.00069266901074180494
584 560 0 0.010776739905265962 0.00069870143934463308
592 560 0 0.010394231418812421 0.00070219668822494447
600 560 0 0.010007897468123486 0.00070323024852957973
608 560 0 0.0096191226866716821 0.0007018940016391452
616 560 0 0.0092292746769459862 0.00070000892147358169
624 560 0 0.0088396973720087108 0.00069822393351432269
632 560 0 0.008451702964498797 0.00069423034857552836
640 560 0 0.0080665626820862462 0.00068815280022721179
648 560 0 0.0076854968305038905 0.00068012456113617902
656 560 0 0.0073096646142438619 0.00067028546602717395
664 560 0 0.0069401542761366236 0.00065877995120030858
672 560 0 0.0065779740726781364 0.00064575525211492662
680 560 0 0.0062240445304970375 0.00063135978271770896
688 560 0 0.0058791923234719559 0.00061574170378950969
696 560 0 0.0055441459847606457 0.00059904767413337598
704 560 0 0.0052195335386686897 0.00058142176891908849
712 560 0 0.0049058820175137 0.00056300454433656343
720 560 0 0.004603618729013409 0.00054393222670642404
728 560 0 0.0043130740669003083 0.000524336006670496
736 560 0 0.0040344856139382188 0.00050434142400087711
744 560 0 0.0037680032709552836 0.00048406783470727804
752 560 0 0.0035136951535398608 0.00046362795827165374
760 560 0 0.003271554023326166 0.0004431275079435611
768 560 0 0.003041504056179437 0.00042266491032437155
776 560 0 0.0028234077882213922 0.00040233112154885531
784 560 0 0.0026170731168301074 0.00038220954621285544
792 560 0 0.00242226026355354 0.00036237606210887943
800 560 0 0.0022386886273048278 0.00034289914939178217
808 560 0 0.0020660434691385388 0.00032384011772978788
816 560 0 0.0019039823757300252 0.00030525342006121402
824 560 0 0.0017521414497770297 0.00028718703745672755
832 560 0 0.001610141174703657 0.00026968291679675465
840 560 0 0.0014775919009207359 0.00025277744180805372
848 560 0 0.0013540989035542503 0.0002365019185148066
856 560 0 0.0012392669682110087 0.00022088305817513621
864 560 0 0.0011327044722727591 0.00020594344394211884
872 560 0 0.0010340269437796449 0.00019170197134468444
880 560 0 0.00094286009688445836 0.00017817425672613787
888 560 0 0.00085884236043644899 0.00016537301153813082
896 560 0 0.00078162693270453578 0.00015330838349070979
904 560 0 0.00071088340898571166 0.00014198826776184309
912 560 0 0.00064629903868814191 0.00013141859267822833
920 560 0 0.00058757967379293179 0.00012160358454064838
928 560 0 0.00053445047131900261 0.0001125460157450699
936 560 0 0.00048665640899449856 0.00010424743928479682
944 560 0 0.00044396266662359606 9.6708411381075509e-05
952 560 0 0.00040615491671333462 8.9928702638767777e-05
960 560 0 0.00037303955794160582 8.3907496971483858e-05
968 560 0 0.00034444391507147042 7.8643576725890554e-05
976 560 0 0.00032021641981716168 7.4135492015577498e-05
984 560 0 0.00030022677954883689 7.0381712231518015e-05
992 560 0 0.0002843661349115061 6.7380757949082426e-05
1000 560 0 0.00027254720349945746 6.513131188471121e-05
1008 560 0 0.00026470440454258042 6.3632308043603148e-05
1016 560 0 0.00026079395886686752 6.2882998634364382e-05
0 568 0 0.0030844930813405669 0.00042634402967587021
8 568 0 0.003109628536226918 0.00042851914291580119
16 568 0 0.0031597525856922014 0.00043283268558859129
24 568 0 0.0032345743779510785 0.00043921218514300425
32 568 0 0.0033336646373628145 0.0004475511233490298
40 568 0 0.0034564636073378886 0.00045771143708060432
48 568 0 0.003602290922710871 0.0004695266506060951
56 568 0 0.0037703568855311119 0.00048280548731515112
64 568 0 0.0039597745860439158 0.00049733579480852608
72 568 0 0.0041695723269014806 0.0005128886158075616
80 568 0 0.0043987058682323377 0.00052922224790145998
88 568 0 0.0046460701042289974 0.00054608615614337198
96 568 0 0.0049105098951013051 0.00056322463141662404
104 568 0 0.0051908298966776428 0.00058038012117020595
112 568 0 0.0054858033390546238 0.00059729619411956827
120 568 0 0.0057941797931828735 0.00061372013344565286
128 568 0 0.0061146920216424245 0.00062940518094063876
136 568 0 0.0064460620334822151 0.00064411247519781303
144 568 0 0.0067870064544643298 0.00065761273900798601
152 568 0 0.0071362412897831269 0.00066968777432126637
160 568 0 0.0074924861064855639 0.00068013181818912718
168 568 0 0.0078544676096870443 0.00068875280163084411
176 568 0 0.0082209225427218088 0.0006953735376325626
184 568 0 0.0085905998172643577 0.00069983284709742959
192 568 0 0.0089622617823794364 0.00070198661514295733
200 568 0 0.009334684573883761 0.00070170875699272078
208 568 0 0.0097066575446480372 0.00070188775963496257
216 568 0 0.010076981855015583 0.00070065557693204696
224 568 0 0.010444468389119213 0.00069688170333340009
232 568 0 0.010807935244294728 0.0006904938172229546
240 568 0 0.011166205103864511 0.00068143797778341675
248 568 0 0.01151810283738388 0.00066967876794272845
256 568 0 0.011862453670175995 0.00065519930052653115
264 568 0 0.012198082224141977 0.00063800111846263642
272 568 0 0.012523812658708106 0.000618104022595347
280 568 0 0.012838470043937986 0.00059554585795276033
288 568 0 0.013140882990797537 0.00057038228131843505
296 568 0 0.013429887461693883 0.00054268652062973953
304 568 0 0.013704331602533254 0.000512549121679539
312 568 0 0.013963081387472291 0.00048007766192460256
320 568 0 0.014205026856031406 0.00044539639718853101
328 568 0 0.014429088749691062 0.0004086457968599435
336 568 0 0.014634225415200061 0.00036998191858343167
344 568 0 0.014819439922347856 0.0003295755755153406
352 568 0 0.014983787428467064 0.00028761125822477328
360 568 0 0.015126382892361193 0.00024428578862373089
368 568 0 0.015246409279891432 0.00019980670342398602
376 568 0 0.015343126399442165 0.00015439038737451345
384 568 0 0.015415880451756174 0.00010825999933462491
392 568 0 0.015464114276978833 6.164325437333501e-05
400 568 0 0.015487378142192811 7.0397551461287913e-05
408 568 0 0.015485340752511725 0.00011713649726317193
416 568 0 0.015457800010251415 0.00016324970107254276
424 568 0 0.015404692914151094 0.00020851689901743055
432 568 0 0.015326103906933499 0.00025272724995924548
440 568 0 0.015222270962606132 0.00029568082158915911
448 568 0 0.015093588764948323 0.00033718973873729345
456 568 0 0.014940608466075103 0.00037707899929831888
464 568 0 0.0147640337190863 0.00041518699003092151
472 568 0 0.014564712932538592 0.00045136575737379087
480 568 0 0.014343627970634537 0.00048548110481464596
488 568 0 0.014101879791535035 0.00051741259645291318
496 568 0 0.013840671746938555 0.00054705354535145717
504 568 0 0.013561291432723967 0.00057431105525368627
512 568 0 0.013265092063947045 0.00059910616644274356
520 568 0 0.012953474338417564 0.00062137413300431682
528 568 0 0.012627869652929427 0.00064106483221752948
536 568 0 0.012289725357041354 0.0006581432802495648
544 568 0 0.011940492492166279 0.00067259020474151957
552 568 0 0.011581616195912098 0.00068440260684328458
560 568 0 0.011214528683166504 0.00069359423471771972
568 568 0 0.010840644475393879 0.00070019588855115868
576 568 0 0.010461357362613527 0.00070425548376893549
584 568 0 0.010078038465921329 0.00070583781360205287
592 568 0 0.0096920347305874763 0.00070502397269650748
600 568 0 0.0093046672195939064 0.00070323024852957973
608 568 0 0.0089172286850325369 0.0007018940016391452
616 568 0 0.0085309800530750084 0.00069829462387097779
624 568 0 0.0081471456457009508 0.00069255172630776005
632 568 0 0.0077669071558522807 0.00068479580864651626
640 568 0 0.0073913965702309481 0.00067516611185529807
648 568 0 0.0070216883773957881 0.00066380845310810236
656 568 0 0.0066587914955395016 0.00065087311870436031
664 568 0 0.0063036413982802226 0.00063651287785640095
672 568 0 0.0059570929085312335 0.00062088116414690288
680 568 0 0.005619914076404494 0.00060413045409254355
688 568 0 0.0052927814679713681 0.00058641085550058779
696 568 0 0.0049762770809794882 0.00056786890378115757
704 568 0 0.0046708869854301628 0.00054864655323852689
712 568 0 0.0043770016742894014 0.00052888034322429861
720 568 0 0.0040949180130637561 0.00050870071594965281
728 568 0 0.0038248426036227492 0.00048823146327755911
736 568 0 0.0035668963308203312 0.00046758928311788767
744 568 0 0.003321119839891278 0.00044688343106400559
752 568 0 0.0030874796950297735 0.00042621545851008729
760 568 0 0.0028658749896890903 0.0004056790336370757
768 568 0 0.0026561442106421123 0.00038535984553732467
776 568 0 0.0024580721943685767 0.0003653355938528155
784 568 0 0.0022713970503711991 0.00034567606645890831
792 568 0 0.002095816957468855 0.00032644330608468499
800 568 0 0.0019309967635700463 0.00030769186373478153
808 568 0 0.0017765743361872887 0.00028946913295125015
816 568 0 0.0016321666207487547 0.00027181575498127055
824 568 0 0.0014973753683580754 0.00025476608141895428
832 568 0 0.0013717924963343091 0.00023834867836934788
840 568 0 0.0012550050459565526 0.00022258685496418331
848 568 0 0.0011465997042943517 0.00020749919925989861
856 568 0 0.0010461668621264237 0.000193100106084585
864 568 0 0.00095330418825454897 0.00017940028401821012
872 568 0 0.00086761971176119081 0.00016640723201845407
880 568 0 0.00078873441706657477 0.00015412567981788359
888 568 0 0.00071628437073560137 0.00014255798970084761
896 568 0 0.00064992241243581189 0.00013170452026872389
904 568 0 0.00058931945391467596 0.0001215639550710357
912 568 0 0.00053416543829588696 0.00011213360039225495
920 568 0 0.00048417001675501065 0.00010340965703792114
928 568 0 0.00043906300055508984 9.538747076391277e-05
936 568 0 0.00039859464377324527 8.8061765221253288e-05
944 568 0 0.00036253580645572835 8.1426860167867709e-05
952 568 0 0.00033067804025920785 7.5476876454126771e-05
960 568 0 0.00030283362982404054 7.0205928117565274e-05
968 568 0 0.00027883561410224259 6.5608300969227824e-05
976 568 0 0.00025853780341591808 6.1678616401243593e-05
984 568 0 0.00024181480073805198 5.8411978810784913e-05
992 568 0 0.00022856202992723701 5.5804104984269091e-05
1000 568 0 0.00021869576955345319 5.3851433946004262e-05
1008 568 0 0.00021215318848257262 5.2551216060007795e-05
1016 568 0 0.00020889237836765304 5.1901580499214483e-05
0 576 0 0.0035108371110164371 0.00045950882563088611
8 576 0 0.0035381476791427192 0.00046167170964267956
16 576 0 0.0035925852712807927 0.00046595652033802875
24 576 0 0.0036737865630940827 0.00047228240450607542
32 576 0 0.0037812157607118443 0.00048053068048448024
40 576 0 0.003914175044418493 0.00049054780504462995
48 576 0 0.0040718175733169661 0.00050214909049475093
56 576 0 0.004253162372846263 0.00051512299162074365
64 576 0 0.0044571103808524418 0.00052923576462261465
72 576 0 0.0046824609427090422 0.00054423629728293441
80 576 0 0.0049279281161337977 0.00055986092076255704
88 576 0 0.0051921562603723694 0.00057583803694727115
96 576 0 0.0054737345265179291 0.00059189242840265374
104 576 0 0.0057712100178478488 0.00060774915721214639
112 576 0 0.0060830995331741921 0.00062313700036863585
120 576 0 0.0064078999266285264 0.0006377914090714672
128 576 0 0.0067440972025830633 0.00065145701376777016
136 576 0 0.0070901745086800281 0.00066388972333591284
144 576 0 0.0074446191934723158 0.00067485848371017995
152 576 0 0.0078059290641043933 0.00068414676789525439
160 576 0 0.0081726179246746911 0.00069155386627297276
168 576 0 0.0085432204113178884 0.00069689603494062398
176 576 0 0.0089162960803543714 0.00070000754291693439
184 576 0 0.0092904326643617873 0.00070074163926055547
192 576 0 0.0096642483975223938 0.00070198661514295733
200 576 0 0.010036393330876482 0.00070170875699272078
208 576 0 0.010405549609190932 0.0006988920645428949
216 576 0 0.010770430757430269 0.00069344890241468567
224 576 0 0.011129780115083712 0.00068531172596449953
232 576 0 0.011482368646781049 0.00067443340248632064
240 576 0 0.011826992433027457 0.00066078732916294639
248 576 0 0.012162470192551711 0.00064436735516783077
256 576 0 0.012487641198639619 0.00062518752846362456
264 576 0 0.012801363922321769 0.00060328169817979241
272 576 0 0.013102515668004308 0.00057870300929620255
280 576 0 0.013389993370624756 0.00055152332668676959
288 576 0 0.013662715610965711 0.00052183262016817361
296 576 0 0.013919625793377199 0.00048973833168331621
304 576 0 0.014159696334058816 0.00045536473152556212
312 576 0 0.014381933642040098 0.00041885225456780688
320 576 0 0.014585383648142955 0.00038035679211154833
328 576 0 0.014769137652235026 0.00034004890254396396
336 576 0 0.014932338311709351 0.0002981128965092901
344 576 0 0.015074185673551736 0.00025474575120387928
352 576 0 0.015193943242801341 0.00021015581433427716
360 576 0 0.015290944163334715 0.00016456127097352197
368 576 0 0.015364597644742824 0.00011818836485139213
376 576 0 0.015414395787023558 7.1269387581392868e-05
384 576 0 0.015439920924227912 6.0465152546465908e-05
392 576 0 0.015440853528123714 0.00010766621983423867
400 576 0 0.015416980590731523 0.00015428558467648137
408 576 0 0.015368204255248553 0.00020009291017527089
416 576 0 0.015294550309178872 0.00024486665285688991
424 576 0 0.015196176015133664 0.00028839613532223238
432 576 0 0.015073376656974254 0.00033048333618006416
440 576 0 0.014926590141016972 0.00037094434022390613
448 576 0 0.01475639902621103 0.00040961041643260664
456 576 0 0.014563529466776784 0.0004463287192312676
464 576 0 0.014348846729055379 0.00048096263657486198
472 576 0 0.014113347175164801 0.00051339183378088654
480 576 0 0.013858146865819891 0.00054351206189889867
488 576 0 0.013584467195082122 0.00057123481163993614
496 576 0 0.013293618201587098 0.00059648689722829537
504 576 0 0.012986980377470281 0.00061921004872435466
512 576 0 0.012665985897504301 0.00063936057717033611
520 576 0 0.012332100205413248 0.00065690915603679352
528 576 0 0.011986804820711898 0.00067184073733342689
536 576 0 0.01163158207679179 0.00068415459426704288
544 576 0 0.011267902287424759 0.00069386445745962116
552 576 0 0.010897213589068814 0.00070099869121740925
560 576 0 0.010520934448448784 0.00070560044235324151
568 576 0 0.01014044858684272 0.00070772768801197899
576 576 0 0.0097571018788445915 0.00070745311131177428
584 576 0 0.0093722006523192757 0.00070583781360205287
592 576 0 0.0089870107578909689 0.00070502397269650748
600 576 0 0.0086027567917796189 0.0007019104278142875
608 576 0 0.0082206209377987064 0.0006966077472338305
616 576 0 0.0078417410284737123 0.00068923902460129617
624 576 0 0.0074672075923236788 0.00067993805337727194
632 576 0 0.0070980598329829251 0.00066884732286935557
640 576 0 0.0067352806551865575 0.0006561159150443906
648 576 0 0.0063797909948303845 0.00064189738256540362
656 576 0 0.006032443812289387 0.00062634768325011466
664 576 0 0.0056940181627720479 0.0006096232355081747
672 576 0 0.0053652137636681059 0.00059187914486312759
680 576 0 0.0050466464411681369 0.00057326763523635714
688 576 0 0.0047388447658601304 0.00055393670211123774
696 576 0 0.0044422480913251976 0.00053402898965429057
704 576 0 0.0041572061038103571 0.00051368088161980567
712 576 0 0.0038839798870956913 0.00049302178719371013
720 576 0 0.0036227444149557792 0.00047217359810797698
728 576 0 0.0033735923114720091 0.00045125029215074006
736 576 0 0.0031365386708412523 0.0004303576599790789
744 576 0 0.002911526703881743 0.00040959313600953499
752 576 0 0.0026984339759368596 0.00038904571909291388
760 576 0 0.0024970790160055143 0.00036879597368357593
768 576 0 0.0023072281041872267 0.0003489161064548856
776 576 0 0.002128602078160739 0.00032947011620783773
784 576 0 0.0019608830341894573 0.00031051401618174173
792 576 0 0.0018037208299555663 0.00029209612751328871
800 576 0 0.0016567393227014571 0.00027425744086858922
808 576 0 0.0015195422955453131 0.0002570320406419756
816 576 0 0.0013917190376282194 0.00024044758312053533
824 576 0 0.0012728495511533447 0.00022452581720473069
832 576 0 0.0011625093622088527 0.0002092831341254564
840 576 0 0.001060273914514632 0.00019473113144192057
848 576 0 0.00096572252768787063 0.00018087717660648104
856 576 0 0.00087844190559692654 0.00016772495652949717
864 576 0 0.00079802918655465162 0.00015527500169989735
872 576 0 0.00072409453553085913 0.00014352517623033168
880 576 0 0.00065626328871691217 0.0001324711283496626
888 576 0 0.00059417767173473705 0.00012210669900086432
896 576 0 0.00053749812343625413 0.00011242428899955776
904 576 0 0.00048590426648899174 0.00010341518742568422
912 576 0 0.00043909557287966338 9.5069865416223581e-05
920 576 0 0.00039679177649098503 8.7378240264025624e-05
928 576 0 0.00035873308578924357 8.0329914765846265e-05
936 576 0 0.00032468024753865135 7.3914396234593921e-05
944 576 0 0.00029441450778114531 6.8121298674583039e-05
952 576 0 0.00026773750975294622 6.2940530506261632e-05
960 576 0 0.00024447116072756029 5.8362469096480255e-05
968 576 0 0.00022445749175785352 5.4378122344389069e-05
976 576 0 0.00020755852663013611 5.0979276785781971e-05
984 576 0 0.0001936561695850777 4.8158631152974281e-05
992 576 0 0.00018265211586758077 4.5909914059656236e-05
1000 576 0 0.00017446778512094656 4.4227984432506631e-05
1008 576 0 0.00016904427505662708 4.3108913425945539e-05
1016 576 0 0.00016634233159657264 4.2550046771080394e-05
0 584 0 0.0039703459366473232 0.00049053853927034322
8 584 0 0.0039998193887853988 0.00049265729193868988
16 584 0 0.0040585417916188214 0.00049684968146550788
24 584 0 0.0041460689676001581 0.00050302671336180643
32 584 0 0.0042617464411963246 0.0005110579243575112
40 584 0 0.0044047228494631229 0.00052077484129714035
48 584 0 0.004573966663811717 0.0005319753153198584
56 584 0 0.0047682853644670066 0.00054442852077528619
64 584 0 0.0049863461454750565 0.00055788038705983142
72 584 0 0.0052266972399919766 0.00057205922692758933
80 584 0 0.0054877890368963548 0.00058668133643235195
88 584 0 0.0057679942973196405 0.00060145636768977381
96 584 0 0.0060656269549205829 0.00061609231310932877
104 584 0 0.0063789591750599952 0.00063029998475048945
112 584 0 0.0067062365335428279 0.00064379692063889268
120 584 0 0.0070456913356999936 0.00065631069682379247
128 584 0 0.0073955542163508334 0.00066758166564410623
136 584 0 0.0077540642320159409 0.00067736517384488909
144 584 0 0.0081194776771824958 0.00068543333666293456
152 584 0 0.0084900758319996477 0.00069157645483265695
160 584 0 0.0088641717909476638 0.00069560416097841533
168 584 0 0.0092401164462585124 0.00069734637155739049
176 584 0 0.0096163036232713058 0.00070000754291693439
184 584 0 0.0099911743036223428 0.00070074163926055547
192 584 0 0.010363219838958862 0.0006989714414364686
200 584 0 0.010730984060235654 0.00069459072935917215
208 584 0 0.011093064226782154 0.0006875146175912214
216 584 0 0.011448110829953157 0.00067768007252288869
224 584 0 0.011794826357484611 0.0006650462424008987
232 584 0 0.012131963222036697 0.00064959457525564854
240 584 0 0.012458321144724819 0.00063132871169736121
248 584 0 0.012772744346742554 0.00061027415419084331
256 584 0 0.013074118928062388 0.00058647772942276889
264 584 0 0.013361370795716743 0.00056000687339497444
272 584 0 0.013633464445895886 0.00053094877789157738
280 584 0 0.013889402811184431 0.00049940944055967482
288 584 0 0.0141282282693649 0.00046551265839918886
296 584 0 0.014349024789620309 0.00042939899624310982
304 584 0 0.014550921083003593 0.00039122474894477677
312 584 0 0.014733094542329685 0.00035116090028958734
320 584 0 0.014894775713534187 0.00030939206539123271
328 584 0 0.015035253041176495 0.00026611538894146837
336 584 0 0.01515387767311537 0.00022153936140601946
344 584 0 0.015250068184410149 0.00017588251085841333
352 584 0 0.015323315173447958 0.00012937193064661671
360 584 0 0.015373185775967928 8.2241612633213515e-05
368 584 0 0.015399328216288333 4.9210262498126586e-05
376 584 0 0.015401476553397261 9.6799474270926195e-05
384 584 0 0.015379455771681446 0.00014387274555116049
392 584 0 0.015333187308289475 0.00019019244229681771
400 584 0 0.015262695006055042 0.00023552816163364618
408 584 0 0.015168111345073282 0.00027965905372863767
416 584 0 0.015049683656321982 0.00032237602116656772
424 584 0 0.014907779879811432 0.00036348370863832462
432 584 0 0.01474289332079419 0.00040280220370442731
440 584 0 0.014555645800793066 0.0004401683854699575
448 584 0 0.014346788609778423 0.0004754368806948843
456 584 0 0.014117200747545517 0.0005084806138721705
464 584 0 0.013867884092480517 0.00053919096630630423
472 584 0 0.013599955341383915 0.00056747758618789189
480 584 0 0.013314634803920993 0.00059326791420958626
488 584 0 0.013013232383442186 0.00061650650501369857
496 584 0 0.012697131304358802 0.00063715423208519917
504 584 0 0.012367770328745926 0.00065518746193184846
512 584 0 0.012026625320333965 0.00067059727288316592
520 584 0 0.011675191049376454 0.00068338877591729921
528 584 0 0.011314964083378471 0.00069358057172352709
536 584 0 0.010947427482524747 0.00070120435241112847
544 584 0 0.010574037829965138 0.00070630463079418213
552 584 0 0.010196214897851405 0.00070893855781855274
560 584 0 0.0098153340060955427 0.00070917577182611803
568 584 0 0.0094327208988307411 0.00070772768801197899
576 584 0 0.0090496487675328172 0.00070745311131177428
584 584 0 0.0086673369083959308 0.00070486374392334482
592 584 0 0.0082869504262507547 0.00070006033164021417
600 584 0 0.0079096003912380777 0.00069315640054154123
608 584 0 0.0075363439126986996 0.00068427702510000677
616 584 0 0.0071681837054742735 0.0006735573229994388
624 584 0 0.0068060668701900619 0.00066114072213361696
632 584 0 0.0064508827716602398 0.00064717706132268529
640 584 0 0.0061034600587917742 0.00063182059639478334
648 584 0 0.005764563007976291 0.00061522798685409354
656 584 0 0.0054348874767349261 0.00059755633555446091
664 584 0 0.0051150568173254059 0.00057896134544664201
672 584 0 0.0048056181187572542 0.00055959564491085169
680 584 0 0.0045070391230831687 0.00053960731808496819
688 584 0 0.0042197061051529872 0.00051913866070714323
696 584 0 0.0039439229243774191 0.0004983251669477785
704 584 0 0.0036799113639594734 0.00047729473985088375
712 584 0 0.0034278127788355387 0.00045616710826015252
720 584 0 0.0031876909880436733 0.00043505342691210584
728 584 0 0.0029595362777668647 0.00041405603370514446
736 584 0 0.0027432703322814592 0.00039326833855979305
744 584 0 0.0025387518828479719 0.00037277482103377111
752 584 0 0.0023457828578924244 0.00035265111804443517
760 584 0 0.0021641148282506581 0.0003329641877548562
768 584 0 0.0019934555641134611 0.00031377254007376558
776 584 0 0.001833475550485561 0.00029512652767517801
784 584 0 0.0016838143406041957 0.0002770686935852616
792 584 0 0.0015440866578516007 0.00025963417210396553
800 584 0 0.001413888183438702 0.00024285113926275506
808 584 0 0.001292800988053888 0.00022674130749142504
816 584 0 0.0011803985805126636 0.00021132045711555578
824 584 0 0.0010762505559497016 0.0001965989952036431
832 584 0 0.00097992683164766577 0.00018258253056118692
840 584 0 0.00089100146185599571 0.00016927245265863631
848 584 0 0.00080905602551383784 0.00015666650217403279
856 584 0 0.00073368258392523525 0.00014475932167169129
864 584 0 0.0006644862099275577 0.00013354297662709392
872 584 0 0.00060108709619453643 0.0001230074393363227
880 584 0 0.000543122257779887 0.00011314103093702516
888 584 0 0.00049024685221944178 0.00010393081951529527
896 584 0 0.00044213514863879856 9.5362974797455577e-05
904 584 0 0.00039848118448699367 8.7423082001998067e-05
912 584 0 0.00035899915397155066 8.009641890811272e-05
920 584 0 0.00032342357546652712 7.336820102445791e-05
928 584 0 0.00029150928584941642 6.722379993982715e-05
936 584 0 0.00026303130793945047 6.1648939599200884e-05
944 584 0 0.00023778463326761364 5.6629874513531675e-05
952 584 0 0.00021558395681359492 5.2153552939351302e-05
960 584 0 0.00019626339371595479 4.8207767011605496e-05
968 584 0 0.00017967620094399054 4.4781290813862985e-05
976 584 0 0.00016569452010773263 4.1864006522403485e-05
984 584 0 0.00015420915146312637 3.9447018121951331e-05
992 584 0 0.00014512936408859163 3.7522751778989143e-05
1000 584 0 0.00013838274336113764 3.6085041759808926e-05
1008 584 0 0.0001339150742970499 3.5129200759577184e-05
1016 584 0 0.00013169025797571949 3.4652073620853154e-05
0 592 0 0.0044608844759176664 0.00051846977936516412
8 592 0 0.0044924766807240887 0.00052051095328701971
16 592 0 0.0045553914730843293 0.00052454425751726104
24 592 0 0.0046490956809619646 0.00053047302322388988
32 592 0 0.0047728043655538357 0.00053815571955703832
40 592 0 0.0049254976907602633 0.00054740992000421908
48 592 0 0.0051059419791315754 0.00055801727275169022
56 592 0 0.0053127138852422928 0.00056972923307370416
64 592 0 0.0055442265325348879 0.00058227329042217797
72 592 0 0.0057987564669195659 0.00059535941631016706
80 592 0 0.0060744703733287067 0.00060868647094980931
88 592 0 0.0063694506650094143 0.00062194833504366359
96 592 0 0.0066817192680299117 0.00063483957491940537
104 592 0 0.0070092591598104846 0.00064706050011212324
112 592 0 0.0073500334541817206 0.00065832152771857361
120 592 0 0.0077020020325237861 0.00066834682244185876
128 592 0 0.0080631358819949397 0.00067687723063680413
136 592 0 0.00843142940586083 0.00068367256706379498
144 592 0 0.0088049110138454303 0.00068851334178768146
152 592 0 0.0091816522868323047 0.00069157645483265695
160 592 0 0.0095597759519260792 0.00069560416097841533
168 592 0 0.0099374628178159029 0.00069734637155739049
176 592 0 0.010312957726112973 0.00069665410284166715
184 592 0 0.010684574491063836 0.00069340018744149315
192 592 0 0.011050699743831502 0.00068747990487263988
200 592 0 0.011409795579030152 0.00067881151879449833
208 592 0 0.011760400924187871 0.00066733669740571752
216 592 0 0.012101131613836167 0.00065302078388300953
224 592 0 0.012430679238982773 0.00063585288149816191
232 592 0 0.012747808944959967 0.00061584572292327014
240 592 0 0.013051356448771602 0.00059303530404678298
248 592 0 0.013340224624168432 0.00056748027742587782
256 592 0 0.013613380044935642 0.00053926111687325334
264 592 0 0.013869849875781598 0.00050847908006485497
272 592 0 0.014108719454023625 0.00047525500812773888
280 592 0 0.014329130819304377 0.00043972800811994603
288 592 0 0.01453028233448019 0.00040205406511529054
296 592 0 0.014711429414743023 0.00036240462512271421
304 592 0 0.014871886262086301 0.00032096517908270818
312 592 0 0.01501102840560257 0.00027793386327288477
320 592 0 0.015128295788321628 0.00023352007478744108
328 592 0 0.015223196125965224 0.0001879430847887293
336 592 0 0.015295308292494923 0.00014143061937955254
344 592 0 0.015344285554670371 9.4217370260222394e-05
352 592 0 0.015369858569660109 4.6543396212151214e-05
360 592 0 0.015371838158406492 8.4849021183008161e-05
368 592 0 0.015350117953790206 0.00013226761155366203
376 592 0 0.015304677079126335 0.00017900716019938687
384 592 0 0.015235583026130286 0.0002248319038786039
392 592 0 0.015142994865992658 0.000269514024054349
400 592 0 0.015027166844421395 0.00031283584191175995
408 592 0 0.014888452291344645 0.00035459197189168824
416 592 0 0.014727307635155415 0.00039459135343474644
424 592 0 0.014544296171173107 0.00043265907678645237
432 592 0 0.014340091117089762 0.00046863792332396681
440 592 0 0.014115477415323109 0.00050238955380283237
448 592 0 0.013871351729083539 0.00053379529807297266
456 592 0 0.013608720133673346 0.00056275652519834768
464 592 0 0.013328693126174213 0.0005891946009140784
472 592 0 0.013032477755196023 0.00061305046702045743
480 592 0 0.012721366889711407 0.00063428390170613448
488 592 0 0.012396725878428487 0.00065287253833886186
496 592 0 0.012059977072273603 0.00066881073104160631
504 592 0 0.011712582866814078 0.00068210835734690452
512 592 0 0.011356028047450799 0.00069278964134791496
520 592 0 0.010991802273459155 0.00070089206597868763
528 592 0 0.010621383511654944 0.00070646542216297806
536 592 0 0.010246223130113618 0.00070957101800951487
544 592 0 0.0098677331991709558 0.00071028104578755094
552 592 0 0.0094872763400328519 0.00070893855781855274
560 592 0 0.0091061582342694247 0.00070917577182611803
568 592 0 0.0087256226851733336 0.00070709821365740749
576 592 0 0.0083468489276269254 0.00070279983990589184
584 592 0 0.0079709507355334563 0.00069638617286247456
592 592 0 0.0075989767873909245 0.0006879736388598302
600 592 0 0.0072319117260836686 0.00067768866515440906
608 592 0 0.0068706773857187837 0.00066566652697991596
616 592 0 0.006516133746911932 0.00065204995856234151
624 592 0 0.0061690793078305285 0.00063698756235953339
632 592 0 0.0058302507040988282 0.00062063206756141163
640 592 0 0.0055003215583112721 0.00060313850048050212
648 592 0 0.0051799006729147321 0.00058466233506155891
656 592 0 0.0048695297854969444 0.00056535769123798162
664 592 0 0.0045696811745089862 0.00054537564281641974
672 592 0 0.0042807554326772393 0.00052486268608001492
680 592 0 0.0040030797162548112 0.00050395940682835746
688 592 0 0.0037369067364046633 0.00048279936874832388
696 592 0 0.003482414692957438 0.00046150823141998107
704 592 0 0.0032397082706871567 0.00044020309327231664
712 592 0 0.0030088207344096071 0.00041899204442593166
720 592 0 0.0027897170808684072 0.00039797390717526615
728 592 0 0.0025822981397585366 0.00037723813800832808
736 592 0 0.0023864054680085662 0.00035686486427289298
744 592 0 0.0022018268525506577 0.00033692503029731421
752 592 0 0.002028302226704594 0.00031748063118783049
760 592 0 0.0018655298114402025 0.00029858501681045567
768 592 0 0.0017131723112825466 0.0002802832528309145
776 592 0 0.0015708630210001504 0.00026261252948541055
784 592 0 0.0014382117290534138 0.00024560261155078195
792 592 0 0.0013148103332768035 0.00022927632457479721
800 592 0 0.0012002381105978809 0.00021365007284082117
808 592 0 0.0010940666040664578 0.00019873438398743028
816 592 0 0.00099586410649260657 0.00018453447402005702
824 592 0 0.00090519973091737391 0.00017105082503232768
832 592 0 0.00082164706496589334 0.00015827976668177242
840 592 0 0.00074478741020333659 0.00014621405165265913
848 592 0 0.00067421261031867417 0.00013484341519516367
856 592 0 0.00060952747448797366 0.00012415510943726159
864 592 0 0.00055035180544446994 0.00011413440448308776
872 592 0 0.00049632204599879483 0.0001047650501957416
880 592 0 0.00044709256298010942 9.6029694799777579e-05
888 592 0 0.00040233659343675925 8.7910258782682529e-05
896 592 0 0.00036174688385413298 8.0388264784665578e-05
904 592 0 0.00032503605844795422 7.3445126039039447e-05
912 592 0 0.00029193675665308466 6.7062397318465999e-05
920 592 0 0.00026220158228242566 6.1221993184101451e-05
928 592 0 0.00023560290722426962 5.5906378625146796e-05
936 592 0 0.00021193257096249483 5.1098736976955636e-05
944 592 0 0.00019100151384500064 4.6783119422612996e-05
952 592 0 0.00017263937726736485 4.2944579546230072e-05
960 592 0 0.00015669409826532082 3.956929545063397e-05
968 592 0 0.00014303151994486771 3.6644680999122826e-05
976 592 0 0.00013153503322127101 3.4159486886461618e-05
984 592 0 0.00012210525991084481 3.210389155228156e-05
992 592 0 0.00011465978263666475 3.0469581451926885e-05
1000 592 0 0.00010913292346276226 2.9249819898375379e-05
1008 592 0 0.00010547557073130509 2.8439503565744811e-05
1016 592 0 0.00010365505220681558 2.8035205768903908e-05
0 600 0 0.0049793542552828305 0.00054230085829091047
8 600 0 0.0050129876340111084 0.00054423030575504426
16 600 0 0.0050799357306015903 0.0005480365821703562
24 600 0 0.0051795687041858544 0.00055361605124692147
32 600 0 0.0053109600851108741 0.00056081717747538066
40 600 0 0.0054729076107644823 0.00056944500276119841
48 600 0 0.0056639592518832656 0.00057926675620306473
56 600 0 0.005882443118315997 0.00059001832309346289
64 600 0 0.0061264998229570659 0.00060141126959666578
72 600 0 0.006394115883229733 0.00061314011082702277
80 600 0 0.006683156844278516 0.00062488952198144158
88 600 0 0.0069913990000530779 0.00063634122285362391
96 600 0 0.007316558842949317 0.00064718031206662321
104 600 0 0.0076563196599226079 0.00065710088415836532
112 600 0 0.0080083549819002942 0.00066581082499927308
120 600 0 0.0083703488549656448 0.00067303574347530801
128 600 0 0.0087400131126317438 0.00067852205481166647
136 600 0 0.009115101972924625 0.00068367256706379498
144 600 0 0.0094934243556331118 0.00068851334178768146
152 600 0 0.0098728543172042528 0.00069120203037194815
160 600 0 0.010251339945195883 0.00069156399326980415
168 600 0 0.010626910959283279 0.0006894481414673765
176 600 0 0.010997685153566862 0.00068472742745388955
184 600 0 0.011361873707771433 0.00067729921670759731
192 600 0 0.011717785312522775 0.00066708556869127245
200 600 0 0.01206382901041439 0.0006540334313842374
208 600 0 0.012398515656904755 0.00063811473271688408
216 600 0 0.012720457952040822 0.00061932633820465516
224 600 0 0.013028369076854613 0.00059768983787183982
232 600 0 0.013321060072330309 0.00057325112737034202
240 600 0 0.013597436205897224 0.00054607975712562228
248 600 0 0.013856492661744942 0.00051626803757650989
256 600 0 0.014097309950626542 0.00048392990569090001
264 600 0 0.014319049451018044 0.0004491995752364461
272 600 0 0.014520949462176705 0.00041223000815308018
280 600 0 0.014702322073946263 0.00037319125464188585
288 600 0 0.014862551048276615 0.00033226871379642489
296 600 0 0.015001090778940162 0.00028966136419713955
304 600 0 0.015117466267348591 0.00024558000526228932
312 600 0 0.015211273942184302 0.00020024553658173211
320 600 0 0.015282183074262099 0.00015388728594047107
328 600 0 0.015329937505651011 0.00010674137968578676
336 600 0 0.015354357426522351 5.9049134027428299e-05
344 600 0 0.015355340989740352 7.2259139256286922e-05
352 600 0 0.015332865640257685 0.00011988285944330122
360 600 0 0.015286989137223483 0.00016690988177791438
368 600 0 0.015217850342236544 0.00021310167507938849
376 600 0 0.015125669918926948 0.00025822666302864269
384 600 0 0.015010751122251682 0.00030206211183000931
392 600 0 0.014873480841938309 0.00034439606918347868
400 600 0 0.014714331002509635 0.00038502931503627165
408 600 0 0.014533860319452956 0.00042377726623238528
416 600 0 0.014332716281720668 0.00046047176362020749
424 600 0 0.014111637094386655 0.00049496266341504495
432 600 0 0.013871453193765796 0.00052711915586487086
440 600 0 0.013613087861520276 0.00055683074381225259
448 600 0 0.013337556431010566 0.00058400783087163635
456 600 0 0.013045963608474999 0.00060858189202283794
464 600 0 0.012739498525260134 0.00063050522610927015
472 600 0 0.012419427288175565 0.00064975031722113927
480 600 0 0.012087082988005272 0.00066630885732321329
488 600 0 0.011743853340089625 0.00068019050306317337
496 600 0 0.011391166341231997 0.00069142145332035457
504 600 0 0.011030474509467173 0.00070004293937005017
512 600 0 0.010663238406102884 0.00070610971612550429
520 600 0 0.010290910207480467 0.00070968863133908343
528 600 0 0.0099149180894919659 0.00071085733134714814
536 600 0 0.0095366521121041034 0.0007097031390914648
544 600 0 0.0091574521533834049 0.00071028104578755094
552 600 0 0.0087785982591456618 0.00070867808088719009
560 600 0 0.0084013035664216827 0.00070485466784774194
568 600 0 0.0080267097494407177 0.00069891293573261584
576 600 0 0.0076558847478557582 0.00069096417977116721
584 600 0 0.0072898223870043197 0.00068112834852913657
592 600 0 0.0069294434020961831 0.00066953338529474136
600 600 0 0.0065755973385754419 0.00065631438750822675
608 600 0 0.0062290648187287622 0.00064161256699002151
616 600 0 0.0058905597327102276 0.00062557401420170432
624 600 0 0.0055607310182950263 0.00060834828953550222
632 600 0 0.0052401638224669244 0.00059008688163190385
640 600 0 0.0049293799729374825 0.00057094158537378953
648 600 0 0.0046288378134178481 0.00055106285949688399
656 600 0 0.0043389315601493712 0.00053059822534757325
664 600 0 0.0040599904099957937 0.00050969076451319248
672 600 0 0.0037922776679761867 0.00048847776470105266
680 600 0 0.0035359901646466615 0.00046708955160814974
688 600 0 0.0032912582053249866 0.00044564853107967664
696 600 0 0.0030581462408550133 0.00042426845210242472
704 600 0 0.0028366543822168598 0.0004030538884702969
712 600 0 0.0026267208080532757 0.00038209992635633138
720 600 0 0.0024282250436546185 0.00036149203721378862
728 600 0 0.0022409920290726972 0.00034130611068583939
736 600 0 0.0020647968475880768 0.00032160862042048943
744 600 0 0.0018993699561114371 0.00030245689643922059
752 600 0 0.0017444027463536381 0.00028389948035095584
760 600 0 0.0015995532679515634 0.00026597654348863909
768 600 0 0.0014644519590499992 0.0002487203522325474
776 600 0 0.0013387072522689585 0.00023215576873119193
784 600 0 0.0012219109505887033 0.00021630077846471044
792 600 0 0.0011136432949297088 0.00020116703834709474
800 600 0 0.0010134776703304138 0.00018676044026746702
808 600 0 0.00092098491882586014 0.00017308168524059761
816 600 0 0.00083573724357529917 0.0001601268629173074
824 600 0 0.00075731170050367025 0.00014788803041370366
832 600 0 0.00068529328138203542 0.00013635378358385793
840 600 0 0.00061927759693037026 0.00012550981327296633
848 600 0 0.00055887317136115724 0.00011533943895751693
856 600 0 0.0005037033618735166 0.00010582411261445706
864 600 0 0.00045340791877707468 9.6943886667395264e-05
872 600 0 0.0004076442046524652 8.8677841346329633e-05
880 600 0 0.00036608809436851017 8.1004468611599258e-05
888 600 0 0.00032843458169833171 7.3902011738427543e-05
896 600 0 0.00029439812231856681 6.7348761535566167e-05
904 600 0 0.00026371274664490816 6.1323311803046065e-05
912 600 0 0.00023613197876585574 5.5804777887228925e-05
920 600 0 0.00021142859929226005 5.0772982990165619e-05
928 600 0 0.00018939429000614273 4.6208617218126898e-05
936 600 0 0.00016983919671443272 4.2093374248062111e-05
944 600 0 0.00015259144381582081 3.8410070029179836e-05
952 600 0 0.00013749663004346464 3.514274722390021e-05
960 600 0 0.000124417330024169 3.227676824115182e-05
968 600 0 0.00011323262111248824 2.9798898832379472e-05
976 600 0 0.00010383764982505176 2.7697383396219248e-05
984 600 0 9.6143247474126509e-05 2.5962012436718301e-05
992 600 0 9.0075600555960031e-05 2.4584182080704715e-05
1000 600 0 8.5575978266672604e-05 2.3556945196089653e-05
1008 600 0 8.2600517273356678e-05 2.2875053457948409e-05
1016 600 0 8.1120062544266488e-05 2.2534989662549094e-05
0 608 0 0.005521655113573741 0.0005610234015125783
8 608 0 0.0055572179397661526 0.00056280720552588214
16 608 0 0.0056279723127719465 0.00056631909800909392
24 608 0 0.0057331847554327759 0.00057144942684412593
32 608 0 0.0058717772625862547 0.00057803806919736259
40 608 0 0.0060423526135256807 0.00058587940672307198
48 608 0 0.0062432260080863304 0.00059472855976118889
56 608 0 0.0064724614414094599 0.00060430857503040829
64 608 0 0.0067279110925537317 0.00061431822733960285
72 608 0 0.0070072559940567557 0.00062444008479663974
80 608 0 0.0073080463662599576 0.0006343484987725934
88 608 0 0.0076277402229067018 0.00064371721254115766
96 608 0 0.0079637391550159402 0.00065222633250003152
104 608 0 0.0083134205440809732 0.00065956846836789582
112 608 0 0.0086741658068995673 0.00066581082499927308
120 608 0 0.0090433845984409528 0.00067303574347530801
128 608 0 0.0094185351674434103 0.00067852205481166647
136 608 0 0.0097971412519253284 0.00068203927900070335
144 608 0 0.01017680600897759 0.00068338165334447774
152 608 0 0.010555223496555669 0.00068236917935141604
160 608 0 0.010930188176058607 0.00067884823086272403
168 608 0 0.011299602802791874 0.00067269184350859414
176 608 0 0.011661484941397949 0.00066379978783108647
184 608 0 0.01201397221077735 0.00065209850300591669
192 608 0 0.012355326251423352 0.00063754093890057775
200 608 0 0.012683935335548718 0.00062010632513432792
208 608 0 0.012998315517292821 0.00059979986038806617
216 608 0 0.013297110248273866 0.00057665229623304372
224 608 0 0.013579088455819236 0.00055071937896462343
232 608 0 0.013843141183264634 0.00052208111093432485
240 608 0 0.014088277005000047 0.00049084079910282317
248 608 0 0.014313616533138437 0.00045712387139349581
256 608 0 0.014518386409178434 0.00042107645855189203
264 608 0 0.014701913208842718 0.00038286375782467345
272 608 0 0.014863617674203602 0.00034266821202689687
280 608 0 0.015003009624904952 0.00030068755095868926
288 608 0 0.015119683798066462 0.00025713274978984672
296 608 0 0.015213316738892112 0.00021222595995194944
304 608 0 0.015283664729580843 0.00016619846223225182
312 608 0 0.015330562622266647 0.00011928868008234499
320 608 0 0.01535392334963896 7.1740275376860896e-05
328 608 0 0.015353737836943019 5.9543205435991578e-05
336 608 0 0.015330075036701182 0.00010721613318510209
344 608 0 0.015283081850484066 0.00015437909167238979
352 608 0 0.015212982780814384 0.00020079119241998324
360 608 0 0.015120079255445569 0.00024621839425024647
368 608 0 0.015004748667157156 0.00029043507738992815
376 608 0 0.014867443255898305 0.00033322563490371417
384 608 0 0.014708689010421673 0.00037438609307082274
392 608 0 0.01452908477275483 0.00041372575412560245
400 608 0 0.014329301687473364 0.00045106883494381439
408 608 0 0.014110083053220571 0.00048625605643424011
416 608 0 0.013872244518100461 0.00051914612319698197
424 608 0 0.01361667443097161 0.00054961702364435087
432 608 0 0.013344334037900925 0.00057756707878406886
440 608 0 0.013056257117708024 0.00060291567389541764
448 608 0 0.01275354860013893 0.0006256036210793639
456 608 0 0.012437381716452161 0.00064559312088752902
464 608 0 0.012108993299150864 0.00066286731589478877
472 608 0 0.011769676970954426 0.00067742945558856363
480 608 0 0.011420774130682059 0.00068930171747838033
488 608 0 0.011063662837026452 0.00069852375115029078
496 608 0 0.010699744887911642 0.00070515102779438073
504 608 0 0.010330431570097123 0.00070925308589776109
512 608 0 0.0099571286899773799 0.00071091176356934994
520 608 0 0.0095812215761413837 0.00071021949954204119
528 608 0 0.0092040607581448178 0.00071085733134714814
536 608 0 0.0088269489730126386 0.0007097031390914648
544 608 0 0.0084511300380374806 0.00070632211534592433
552 608 0 0.0080777799690938228 0.00070081829005183907
560 608 0 0.0077080005364600773 0.00069330302996160539
568 608 0 0.007342815255962855 0.00068389449347786273
576 608 0 0.0069831676328231482 0.00067271711503260993
584 608 0 0.006629921326867687 0.00065990106013663272
592 608 0 0.0062838618040340407 0.00064558159806214245
600 608 0 0.0059456989876250366 0.00062989835095040528
608 608 0 0.0056160704244182721 0.00061299439431049003
616 608 0 0.0052955445303452019 0.00059501520236502573
624 608 0 0.0049846235679401963 0.00057610745035483
632 608 0 0.0046837461197481106 0.00055641770271881372
640 608 0 0.0043932889435807114 0.00053609102935677118
648 608 0 0.0041135682126050297 0.00051526960081281839
656 608 0 0.0038448402435044813 0.00049409131664488988
664 608 0 0.0035873018904539369 0.00047268851954185677
672 608 0 0.0033410908264414618 0.00045118684153472484
680 608 0 0.0031062859456794309 0.00042970421896723057
688 608 0 0.0028829081042757096 0.00040835010104927705
696 608 0 0.0026709213766507684 0.00038722486420424487
704 608 0 0.0024702349498753316 0.00036641943234152824
712 608 0 0.0022807057153367543 0.00034601509271652139
720 608 0 0.0021021415547167327 0.00032608348893788585
728 608 0 0.0019343052617386545 0.00030668676733404268
736 608 0 0.0017769189972638214 0.00028787785032425542
744 608 0 0.0016296691457436878 0.00026970081036774935
752 608 0 0.00149221142638288 0.00025219131997075814
760 608 0 0.001364176111483867 0.00023537715646769638
768 608 0 0.0012451732148680897 0.00021927874418190951
776 608 0 0.0011347975317725189 0.00020390972049643958
784 608 0 0.0010326334347493193 0.00018927751583938408
792 608 0 0.00093825935463531861 0.00017538394029439019
800 608 0 0.00085125189898058846 0.00016222577134982537
808 608 0 0.00077118958059446707 0.00014979533823139307
816 608 0 0.00069765614509015631 0.00013808109848514286
824 608 0 0.00063024349826779058 0.00012706820223587966
832 608 0 0.00056855424226592887 0.00011673903911610655
840 608 0 0.00051220383442910754 0.00010707376250126271
848 608 0 0.00046082238575930276 9.8050785601854482e-05
856 608 0 0.00041405611759666081 8.9647244276855787e-05
864 608 0 0.0003715684965937542 8.1839422183320476e-05
872 608 0 0.00033304106963142667 7.460313502103853e-05
880 608 0 0.00029817402230774268 6.7914072060767483e-05
888 608 0 0.00026668648698582469 6.1748094712507022e-05
896 608 0 0.00023831662888308664 5.6081493435480173e-05
904 608 0 0.00021282154098066071 5.0891205664247444e-05
912 608 0 0.00018997698025875195 4.6154998507103788e-05
920 608 0 0.00016957697860363482 4.1851620688625229e-05
928 608 0 0.00015143336147492706 3.796092853121567e-05
936 608 0 0.00013537520599469935 3.4463990719733369e-05
944 608 0 0.00012124826759088026 3.1343176224940552e-05
952 608 0 0.00010891440088658376 2.8582229156880881e-05
960 608 0 9.8250996452847863e-05 2.6166333571321139e-05
968 608 0 8.9150450659530159e-05 2.4082170452958081e-05
976 608 0 8.15196814962731e-05 2.2317968328778662e-05
984 608 0 7.5279699187981271e-05 2.0863548286145238e-05
992 608 0 7.0365236932080368e-05 1.9710363623879663e-05
1000 608 0 6.6724444295981184e-05 1.885153397069142e-05
1008 608 0 6.4318643808190654e-05 1.8281873465166024e-05
1016 608 0 6.3122150051816726e-05 1.7997912492449762e-05
0 616 0 0.0060826785150863193 0.0005736583893797562
8 616 0 0.0061200251452920348 0.00057526384631431757
16 616 0 0.0061942914107810405 0.00057841654878593683
24 616 0 0.0063046341822769018 0.00058300202136928915
32 616 0 0.0064498153317836173 0.0005888533185614735
40 616 0 0.0066282320202487527 0.00059575647082284709
48 616 0 0.0068379545678475193 0.00060345730811108955
56 616 0 0.0070767700164398682 0.00061166932519128667
64 616 0 0.0073422293198933345 0.00062008221471748608
72 616 0 0.0076316960788533955 0.00062837068062854013
80 616 0 0.007942394865032551 0.00063620315580124702
88 616 0 0.0082714574354478595 0.00064371721254115766
96 616 0 0.0086159654875159718 0.00065222633250003152
104 616 0 0.008972989012448869 0.00065956846836789582
112 616 0 0.0093396197250074746 0.00066545391810790729
120 616 0 0.0097129994420889973 0.00066961484364804445
128 616 0 0.010090343616544973 0.00067180844910156266
136 616 0 0.010468960481178069 0.00067181922925274064
144 616 0 0.010846266407835451 0.00066946039885786186
152 616 0 0.011219798137133535 0.00066457464057786617
160 616 0 0.011587222496530622 0.00065703432047201429
168 616 0 0.011946344118672257 0.00064674131588038364
176 616 0 0.012295111524934772 0.00063362658353682301
184 616 0 0.012631621780063022 0.00061764956928567205
192 616 0 0.012954123780304956 0.00059879752888160331
200 616 0 0.013261020131826042 0.00057708479627732387
208 616 0 0.01355086752280811 0.00055255200551528917
216 616 0 0.013822375496386537 0.00052526524811267149
224 616 0 0.014074403587748613 0.00049531513192937679
232 616 0 0.014305956884271383 0.00046281570100674928
240 616 0 0.014516180183585232 0.00042790317858518515
248 616 0 0.014704351039280101 0.00039073450614166352
256 616 0 0.014869872076789692 0.00035148566761125828
264 616 0 0.015012263016011567 0.00031034980716884882
272 616 0 0.015131152842252589 0.00026753516804898722
280 616 0 0.015226272520971659 0.00022326289606670706
288 616 0 0.015297448560575869 0.0001777647625094067
296 616 0 0.015344597604342231 0.0001312808654501188
304 616 0 0.015367722095394913 8.4057365814070237e-05
312 616 0 0.015366906927505943 4.7251745010971208e-05
320 616 0 0.015342316887982023 9.4805247825532554e-05
328 616 0 0.015294194631507028 0.00014194119363273965
336 616 0 0.01522285890351608 0.00018841520617083815
344 616 0 0.015128702758811676 0.00023399007014251669
352 616 0 0.0150121915883944 0.00027843724365486482
360 616 0 0.014873860861195323 0.00032153826855757517
368 616 0 0.014714313589767228 0.00036308611550303106
376 616 0 0.014534217620994591 0.00040288649598991047
384 616 0 0.01433430291735085 0.00044075916276226611
392 616 0 0.014115359018629228 0.0004765392041729908
400 616 0 0.013878232852529549 0.00051007831961001789
408 616 0 0.013623826996786331 0.00054124604436299462
416 616 0 0.013353098394903479 0.00056993087598634917
424 616 0 0.013067057407327259 0.00059604124264700173
432 616 0 0.012766766959116856 0.00061950624892709652
440 616 0 0.012453341443812606 0.00064027613708810688
448 616 0 0.012127944979059566 0.00065832241197578446
456 616 0 0.011791788595564632 0.00067363759470025208
464 616 0 0.011446125983256075 0.00068623459227004462
472 616 0 0.011092247515365862 0.00069614569517134628
480 616 0 0.010731472413203678 0.00070342123979069346
488 616 0 0.010365139085876161 0.00070812799488347879
496 616 0 0.0099945938601172617 0.00071034734858902229
504 616 0 0.0096211784841993622 0.00071017338296236118
512 616 0 0.00924621692640803 0.00071091176356934994
520 616 0 0.0088710020765993425 0.00071021949954204119
528 616 0 0.0084967829887646201 0.00070727776938019765
536 616 0 0.008124753270351448 0.00070219570266119059
544 616 0 0.0077560411347637453 0.00069508890327373528
552 616 0 0.0073917014980020169 0.00068607847109180588
560 616 0 0.0070327103347907873 0.00067529020166929004
568 616 0 0.0066799613325373404 0.00066285392342551458
576 616 0 0.0063342647121994444 0.00064890292062370382
584 616 0 0.005996347940761401 0.00063357338610628595
592 616 0 0.0056668579537721654 0.00061700385026187531
600 616 0 0.0053463644463063887 0.00059933454131864787
608 616 0 0.0050353637789999715 0.00058070664541830068
616 616 0 0.0047342830791209413 0.00056126145122426061
624 616 0 0.0044434841868806292 0.00054113938105956709
632 616 0 0.0041632671929415976 0.00052047892680651305
640 616 0 0.003893873421233764 0.0004994155223469474
648 616 0 0.0036354878186705031 0.00047808039393452658
656 616 0 0.003388240808641588 0.00045659943486289333
664 616 0 0.0031522097394580174 0.00043509215099591953
672 616 0 0.0029274201068824768 0.00041367071955898498
680 616 0 0.0027138467497902024 0.00039243919588922852
688 616 0 0.0025114152115406694 0.00037149289273504015
696 616 0 0.0023200034312124054 0.00035091794543836308
704 616 0 0.0021394438847183489 0.00033079106515698266
712 616 0 0.0019695262430869669 0.00031117947224978742
720 616 0 0.0018100005608657956 0.00029214099385093707
728 616 0 0.0016605809577690362 0.00027372430396961829
736 616 0 0.0015209497159553106 0.00025596928130851076
744 616 0 0.0013907616865094547 0.00023890745923423311
752 616 0 0.0012696488828229462 0.00022256254355993376
760 616 0 0.0011572251350158735 0.0002069509764679935
768 616 0 0.0010530906864628002 0.00019208252840528946
776 616 0 0.00095683662822518474 0.00017796090354733419
784 616 0 0.00086804908678155598 0.00016458434796776328
792 616 0 0.00078631310201311689 0.00015194625262220172
800 616 0 0.00071121615350677649 0.00014003574547381196
808 616 0 0.0006423513120769436 0.00012883826851752347
816 616 0 0.00057932000889727054 0.00011833613619288577
824 616 0 0.00052173442637591292 0.00010850907189187766
832 616 0 0.00046921952307447945 9.9334719191449417e-05
840 616 0 0.00042141471013313724 9.07891242959703e-05
848 616 0 0.00037797519960710251 8.284718615220025e-05
856 616 0 0.00033857304666640642 7.5483070930254395e-05
864 616 0 0.00030289790848458042 6.8670588109173778e-05
872 616 0 0.00027065754337484159 6.2383526256585078e-05
880 616 0 0.0002415780746259596 5.6595947681783087e-05
888 616 0 0.0002154040446221525 5.1282442363672183e-05
896 616 0 0.00019189828609890346 4.6418342784183174e-05
904 616 0 0.00017084163856922625 4.1979902411434463e-05
912 616 0 0.00015203253878606673 3.7944441472685219e-05
920 616 0 0.00013528651433859256 3.4290464265042262e-05
928 616 0 0.00012043560893469132 3.0997752540235735e-05
936 616 0 0.00010732776651997266 2.8047439474726695e-05
944 616 0 9.5826199154345684e-05 2.5422068436534571e-05
952 616 0 8.5808760639060393e-05 2.3105640247523363e-05
960 616 0 7.7167344463604506e-05 2.1083651989243357e-05
968 616 0 6.9807320970654885e-05 1.9343129688875274e-05
976 616 0 6.3647024976565787e-05 1.7872656519707313e-05
984 616 0 5.8617301672944239e-05 1.6662397515037032e-05
992 616 0 5.4661115666300448e-05 1.570412126577992e-05
1000 616 0 5.1733225622919722e-05 1.4991218673061462e-05
1008 616 0 4.9799925244125526e-05 1.4518718564065128e-05
1016 616 0 4.8838850206496808e-05 1.4283299845319918e-05
0 624 0 0.0066563369044660755 0.00057929534009824521
8 624 0 0.0066952889916063523 0.00058069195467060162
16 624 0 0.0067727079595669773 0.00058342519460905223
24 624 0 0.006887636203646191 0.00058737718136881063
32 624 0 0.0070386686503450908 0.00059237623806825037
40 624 0 0.0072239884910715998 0.00059820276165503932
48 624 0 0.0074414118759586088 0.00060459657942766708
56 624 0 0.0076884393416311548 0.00061166932519128667
64 624 0 0.0079623115346108206 0.00062008221471748608
72 624 0 0.0082600667594819356 0.00062837068062854013
80 624 0 0.008578598020833798 0.00063620315580124702
88 624 0 0.0089147075176790949 0.00064325008223123543
96 624 0 0.0092651569531149447 0.00064919146559897292
104 624 0 0.0096267124963221717 0.00065372348387330269
112 624 0 0.009996183730652133 0.00065656400564465846
120 624 0 0.01037045639391878 0.00065745695182978237
128 624 0 0.010746519124661741 0.00065617550811676757
136 624 0 0.011121484740795259 0.00065252425961719041
144 624 0 0.011492606777274905 0.00064634036943945344
152 624 0 0.011857292093713209 0.00063749395657967424
160 624 0 0.012213110341140618 0.00062588784460999684
168 624 0 0.012557800970452096 0.00061145685177983918
176 624 0 0.012889278302443968 0.00059416677750919605
184 624 0 0.013205634993301678 0.00057401321323865585
192 624 0 0.013505144051712652 0.00055102027140769595
200 624 0 0.013786259421312062 0.00052523928948602049
208 624 0 0.014047615053653172 0.00049674753084506112
216 624 0 0.014288022370964973 0.00046564687457843583
224 624 0 0.014506466052688904 0.00043206246494029155
232 624 0 0.014702098163711297 0.00039614127943991308
240 624 0 0.014874230756665637 0.00035805057308040469
248 624 0 0.01502232720307178 0.0003179761637916792
256 624 0 0.015145992615563575 0.00027612053877388264
264 624 0 0.015244963796507728 0.00023270078049616137
272 624 0 0.015319099173643796 0.00018794633139120748
280 624 0 0.015368369155777262 0.00014209663480560346
288 624 0 0.015392847264466179 9.5398703890310632e-05
296 624 0 0.015392702282313991 4.8104677971760532e-05
304 624 0 0.015368191521991387 8.3211334427579081e-05
312 624 0 0.015319655182494972 0.00013014431591173298
320 624 0 0.01524751164015649 0.00017651123292440098
328 624 0 0.015152253437874288 0.00022207045847880656
336 624 0 0.015034443697345242 0.00026658927022582199
344 624 0 0.014894712688669159 0.0003098453818164669
352 624 0 0.014733754344739535 0.00035162828666402725
360 624 0 0.014552322592637747 0.00039174044656527587
368 624 0 0.014351227474264197 0.00042999836355707075
376 624 0 0.014131331125004681 0.00046623357252945259
384 624 0 0.013893543754588584 0.00050029358465689122
392 624 0 0.013638819814456237 0.0005320427987112724
400 624 0 0.013368154532919532 0.00056136338060921651
408 624 0 0.013082580952423336 0.00058815609345884597
416 624 0 0.01278316751891713 0.00061234104345815783
424 624 0 0.012471016164680257 0.00063385829368756835
432 624 0 0.012147260710189759 0.00065266829012842337
440 624 0 0.011813065306724499 0.00066875204343324474
448 624 0 0.011469622567083781 0.0006821110165202756
456 624 0 0.011118151000864379 0.00069276668149553973
464 624 0 0.010759891390986031 0.00070075972839525082
472 624 0 0.010396101820194516 0.00070614893076941486
480 624 0 0.010028051173412985 0.00070900969673201412
488 624 0 0.0096570110909926822 0.000709432356181686
496 624 0 0.0092842465115282394 0.00071034734858902229
504 624 0 0.008911005101237001 0.00071017338296236118
512 624 0 0.0085385060008106497 0.00070771092559738027
520 624 0 0.0081679284140868166 0.00070307366251252598
528 624 0 0.0078004006049542298 0.00069638238381039032
536 624 0 0.0074369898551114554 0.00068776341523999265
544 624 0 0.0070786938679625001 0.00067734726680124518
552 624 0 0.0067264339916330183 0.00066526750636899858
560 624 0 0.0063810504903499717 0.00065165984444081563
568 624 0 0.0060432999348086413 0.0006366613977286991
576 624 0 0.0057138546260736009 0.00062041008612584349
584 624 0 0.0053933038301420093 0.00060304411061939175
592 624 0 0.0050821564944961237 0.00058470145927604165
600 624 0 0.0047808450522594083 0.00056551939404698038
608 624 0 0.0044897298972663719 0.00054563388173359956
616 624 0 0.0042091041326556364 0.00052517894646530484
624 624 0 0.0039391982502297185 0.00050428593665091063
632 624 0 0.0036801844782130087 0.00048308271472858894
640 624 0 0.0034321806297379323 0.00046169279149583164
648 624 0 0.0031952533816233105 0.00044023443704719256
656 624 0 0.0029694210020860096 0.00041881980655557836
664 624 0 0.0027546556184581063 0.0003975541209999111
672 624 0 0.0025508851662104318 0.00037653494067204502
680 624 0 0.0023579951862660463 0.00035585156352415607
688 624 0 0.0021758306394498144 0.00033558457209085504
696 624 0 0.0020041978882600927 0.00031580554295231262
704 624 0 0.0018428669620894648 0.0002965769226288841
712 624 0 0.0016915741786511364 0.00027795206443583052
720 624 0 0.0015500251478823652 0.0002599754129834304
728 624 0 0.0014178981405588175 0.00024268281721021869
736 624 0 0.0012948477666438684 0.00022610194931144221
744 624 0 0.0011805088808933845 0.00021025280561607013
752 624 0 0.0010745006167359788 0.00019514826608696737
760 624 0 0.00097643044379170838 0.00018079469122416511
768 624 0 0.00088589814824841179 0.00016719253821438846
776 624 0 0.00080249964656117052 0.00015433698166401422
784 624 0 0.00072583055906814313 0.00014221852771341284
792 624 0 0.00065548948860897076 0.00013082361340414613
800 624 0 0.00059108096787061906 0.00012013518563615743
808 624 0 0.00053221805625220146 0.00011013325582474214
816 624 0 0.00047852458141666555 0.00010079542748060499
824 624 0 0.00042963703186252219 9.2097394513390729e-05
832 624 0 0.00038520611479956615 8.4013408274913304e-05
840 624 0 0.00034489799873045385 7.6516711402683396e-05
848 624 0 0.00030839526303746496 6.9579936569637551e-05
856 624 0 0.00027539757824379739 6.3175468422609028e-05
864 624 0 0.00024562214110916035 5.7275767375420067e-05
872 624 0 0.00021880388884493729 5.1853654529904295e-05
880 624 0 0.00019469551683031118 4.6882557795648418e-05
888 624 0 0.00017306732442753231 4.2336720194620191e-05
896 624 0 0.00015370691382220514 3.819137227669832e-05
904 624 0 0.00013641876712986391 3.4422871439362338e-05
912 624 0 0.00012102372713212023 3.1008811653946498e-05
920 624 0 0.00010735840674908226 2.7928107589510293e-05
928 624 0 9.5274551574191658e-05 2.5161057360499663e-05
936 624 0 8.4638378416354809e-05 2.2689388103617846e-05
944 624 0 7.5329910816565151e-05 2.0496288337780533e-05
952 624 0 6.7242330014226129e-05 1.8566430624834265e-05
960 624 0 6.0281356976796831e-05 1.6885987486807675e-05
968 624 0 5.4364678059618202e-05 1.5442642911036683e-05
976 624 0 4.9421423829222769e-05 1.4225601147343019e-05
984 624 0 4.539170775085817e-05 1.3225593922086069e-05
992 624 0 4.2226228966413353e-05 1.2434886699887095e-05
1000 624 0 3.9885941384647923e-05 1.1847284238271798e-05
1008 624 0 3.8341789831659207e-05 1.1458135412466319e-05
1016 624 0 3.7574513072567176e-05 1.1264337133929632e-05
0 632 0 0.0072356322445643207 0.00057929534009824521
8 632 0 0.007275980946276954 0.00058069195467060162
16 632 0 0.0073561331541760295 0.00058342519460905223
24 632 0 0.0074750133850150016 0.00058737718136881063
32 632 0 0.0076310448884133412 0.00059237623806825037
40 632 0 0.0078221912527266391 0.00059820276165503932
48 632 0 0.0080460084553862759 0.00060459657942766708
56 632 0 0.0082997047680378067 0.0006112654264066519
64 632 0 0.008580205672253944 0.00061789413764312337
72 632 0 0.008884220893146489 0.00062415413366455341
80 632 0 0.0092083108088851905 0.00062971278805139252
88 632 0 0.0095489498194116455 0.00063424230173255054
96 632 0 0.009902584718371979 0.00063742776525703426
104 632 0 0.010265686659148229 0.00063897416282605694
112 632 0 0.010634795884674522 0.0006386121540223888
120 632 0 0.011006558948180025 0.00063610255426124578
128 632 0 0.011377758641102839 0.00063123951644109867
136 632 0 0.011745337229009226 0.00062385248821396691
144 632 0 0.012106413854278927 0.00061380707700402215
152 632 0 0.012458297088907179 0.00060100499519396937
160 632 0 0.012798493620456009 0.00058538327931539035
168 632 0 0.01312471395039627 0.00056691297994417369
176 632 0 0.013434875807719432 0.00054559750527546393
184 632 0 0.013727105767656992 0.00052147077435531382
192 632 0 0.013999739351659761 0.00049459529994710927
200 632 0 0.014251319702065309 0.00046506028075324682
208 632 0 0.01448059479655278 0.00043297974289960815
216 632 0 0.014686513106381386 0.00039849073541641314
224 632 0 0.014868217609882547 0.00036175155719364235
232 632 0 0.015025038139348686 0.00032293997563738984
240 632 0 0.015156482147423931 0.0002822513907582945
248 632 0 0.015262224105188358 0.00023989690211657748
256 632 0 0.01534209386376769 0.00019610124820411586
264 632 0 0.015396064402365361 0.00015110060585763266
272 632 0 0.015424239431698119 0.0001051402580543228
280 632 0 0.015426841314502069 5.8472158724806253e-05
288 632 0 0.015404199704575072 7.3006966488427943e-05
296 632 0 0.015356741201712079 0.00011954765292389487
304 632 0 0.015284980187563808 0.00016562580989003955
312 632 0 0.015189510866583239 0.0002109952526370331
320 632 0 0.015071000407232089 0.0002554183419164243
328 632 0 0.014930182979395482 0.00029866782290675215
336 632 0 0.01476785442711942 0.00034052842298220448
344 632 0 0.014584867306852692 0.00038079820582000851
352 632 0 0.014382126058075508 0.00041928969709553385
360 632 0 0.014160582146072472 0.00045583081136819047
368 632 0 0.013921229110707126 0.00049026561882606692
376 632 0 0.013665097552475228 0.00052245499319819415
384 632 0 0.013393250169931693 0.00055227717811642818
392 632 0 0.013106777015744964 0.00057962829918157058
400 632 0 0.012806791152310315 0.00060442283444089168
408 632 0 0.01249442485896449 0.00062659403900872795
416 632 0 0.012170826475458972 0.00064609430257974235
424 632 0 0.011837157870992689 0.00066289540403278308
432 632 0 0.011494592420061336 0.0006769886173340154
440 632 0 0.011144313263291255 0.00068838461907450195
448 632 0 0.010787511550563506 0.00069711315099533176
456 632 0 0.01042538431936884 0.00070322240066634199
464 632 0 0.01005913166259078 0.00070677807913624088
472 632 0 0.0096899528894251012 0.00070786219417200147
480 632 0 0.0093190414766809709 0.00070900969673201412
488 632 0 0.0089475787348109962 0.000709432356181686
496 632 0 0.008576726258507068 0.0007075202530211714
504 632 0 0.0082076173778252784 0.00070338772341172265
512 632 0 0.0078413479546921346 0.00069715804611851506
520 632 0 0.0074789669656942738 0.0006889614483925428
528 632 0 0.0071214673639401291 0.00067893324101410066
536 632 0 0.0067697777148102781 0.00066721214030117729
544 632 0 0.0064247550530643497 0.00065393881489815044
552 632 0 0.0060871793184043184 0.00063925467322869991
560 632 0 0.0057577496043880998 0.00062330088596187182
568 632 0 0.0054370823159240059 0.00060621761888463542
576 632 0 0.0051257111890950415 0.00058814343697855941
584 632 0 0.004824088998680612 0.00056921483146139731
592 632 0 0.0045325906759086151 0.00054956581858750866
600 632 0 0.0042515174903445859 0.00052932756191482241
608 632 0 0.0039811019195477816 0.00050862797771859033
616 632 0 0.0037215128377061412 0.00048759129494949528
624 632 0 0.0034728606952527494 0.00046633755497696916
632 632 0 0.0032352024275982398 0.0004449820506147689
640 632 0 0.0030085459127464527 0.00042363471699147963
648 632 0 0.0027928538842412502 0.00040239949738206035
656 632 0 0.002588047287840727 0.00038137371424528266
664 632 0 0.0023940081394848278 0.00036064747897327854
672 632 0 0.002210581992925279 0.00034030317328515285
680 632 0 0.0020375801550288402 0.00032041503123720607
688 632 0 0.0018747817952020948 0.00030104884424771963
696 632 0 0.001721936084951068 0.00028226180330902478
704 632 0 0.0015787644783810464 0.00026410248370841837
712 632 0 0.0014449632095898416 0.00024661096906129472
720 632 0 0.0013202060438149154 0.00022981910406744978
728 632 0 0.0012041472808660321 0.00021375085969278546
736 632 0 0.0010964249758975886 0.00019842279074627983
744 632 0 0.00099666431679333286 0.00018384456410005167
752 632 0 0.00090448108083581596 0.00017001953590016288
760 632 0 0.00081948508610631371 0.00015694535768539467
768 632 0 0.00074128355432409869 0.0001446145939243131
776 632 0 0.00066948430993406401 0.00013301533662710651
784 632 0 0.000603698753113487 0.00012213180595465614
792 632 0 0.00054354455982590273 0.00011194492878306803
800 632 0 0.00048864807812275951 0.00010243288974785955
808 632 0 0.0004386464049855548 9.3571651266646653e-05
816 632 0 0.00039318914100653436 8.5335440410131184e-05
824 632 0 0.00035193983052996826 7.7697201332553925e-05
832 632 0 0.00031457710238391197 7.0629012415654175e-05
840 632 0 0.00028079553124993269 6.4102467480521162e-05
848 632 0 0.00025030624250639669 5.8089020531068266e-05
856 632 0 0.00022283728460826483 5.2560293635532554e-05
864 632 0 0.00019813379329818097 4.7488347810979389e-05
872 632 0 0.00017595797165914574 4.284591718579155e-05
880 632 0 0.00015608890956248756 3.8606607267823622e-05
888 632 0 0.00013832226563015114 3.4745058797381169e-05
896 632 0 0.00012246983447383871 3.1237079348366432e-05
904 632 0 0.00010835902164616146 2.8059745483702449e-05
912 632 0 9.5832248328583133e-05 2.5191478803537098e-05
920 632 0 8.4746307155908243e-05 2.2612099593174019e-05
928 632 0 7.4971689623716013e-05 2.0302861950475645e-05
936 632 0 6.6391904174311196e-05 1.8246474242043613e-05
944 632 0 5.8902802297664386e-05 1.6427108518900765e-05
952 632 0 5.2411927865230582e-05 1.4830402148995547e-05
960 632 0 4.6837902535756714e-05 1.3443454441040117e-05
968 632 0 4.2109857566974125e-05 1.2254820492644077e-05
976 632 0 3.8166919884205301e-05 1.1254503945017468e-05
984 632 0 3.4957757940870816e-05 1.0433949809987354e-05
992 632 0 3.2440190880173031e-05 9.7860380862403222e-06
1000 632 0 3.0580862862153644e-05 9.3050785224942792e-06
1008 632 0 2.9354983205794897e-05 8.9868066258643097e-06
1016 632 0 2.8746132219222688e-05 8.8283808533444882e-06
0 640 0 0.007812765235669995 0.00057713299110567426
8 640 0 0.0078542743877946606 0.00057829344151770663
16 640 0 0.0079366865530176144 0.0005805533988415849
24 640 0 0.0080588065913663257 0.00058379320635132403
32 640 0 0.0082188837274671332 0.00058783883905379197
40 640 0 0.0084146593927013433 0.00059246813997470421
48 640 0 0.0086434270870665471 0.00059741863168027119
56 640 0 0.0089021012833201945 0.00060239651528238777
64 640 0 0.0091872920952441699 0.00060708642299022592
72 640 0 0.0094953823651505627 0.00061116147200407367
80 640 0 0.0098226039863964446 0.00061429317751125409
88 640 0 0.010165110638349678 0.00061616081893803298
96 640 0 0.01051904463107713 0.0006164599127051508
104 640 0 0.010880596180367064 0.00061490952121883574
112 640 0 0.011246054099956321 0.00061125821528179927
120 640 0 0.011611847546742798 0.00060528859856277296
128 640 0 0.011974579032398262 0.00059682039129542279
136 640 0 0.012331049378695063 0.00058571214968583703
144 640 0 0.012678275616704029 0.00057186176242510212
152 640 0 0.013013503001485151 0.00055520591257797285
160 640 0 0.013334212340526593 0.00053571872007058402
168 640 0 0.013638123737378282 0.00051340978698201194
176 640 0 0.013923197664271669 0.00048832185655223702
184 640 0 0.014187634038082696 0.00046052827042570438
192 640 0 0.014429869723081986 0.00043013037142222536
200 640 0 0.014648574658011693 0.00039725495594638421
208 640 0 0.014842646632548678 0.00036205183599589789
216 640 0 0.015011204636574597 0.00032469153019321073
224 640 0 0.015153580679978672 0.00028536307009612537
232 640 0 0.015269310024190203 0.0002442718848415168
240 640 0 0.015358119862618619 0.0002016377151946875
248 640 0 0.015419916612384359 0.00015769250719600142
256 640 0 0.01545477210820256 0.00011267824443486965
264 640 0 0.01546290909651256 6.6844694147199721e-05
272 640 0 0.015444686494469558 6.4746763966453541e-05
280 640 0 0.015400584892496553 0.0001107004488181719
288 640 0 0.015331192738086644 0.00015629998598225801
296 640 0 0.015237193548788185 0.00020129589380224293
304 640 0 0.015119354377673769 0.00024544632875719147
312 640 0 0.014978515613946206 0.00028851915578496749
320 640 0 0.014815582065315665 0.00033029382898805935
328 640 0 0.014631515156488729 0.00037056304065808711
336 640 0 0.014427326004137216 0.00040913411197152777
344 640 0 0.014204069101032684 0.00044583011689419694
352 640 0 0.013962836360979974 0.00048049074922110364
360 640 0 0.013704751334704281 0.00051297295876578074
368 640 0 0.013430963491881059 0.00054315139437809308
376 640 0 0.013142642559277034 0.00057091869724827139
384 640 0 0.012840972991815264 0.0005961856872153757
392 640 0 0.012527148716563394 0.00061888147780761286
400 640 0 0.012202368317869423 0.00063895354361628333
408 640 0 0.011867830819955762 0.00065636774814311662
416 640 0 0.011524732172879229 0.00067110832370327091
424 640 0 0.011174262466959906 0.00068317777969066108
432 640 0 0.010817603802727321 0.00069259670372178242
440 640 0 0.010455928644216753 0.00069940341361067471
448 640 0 0.010090398399568174 0.00070365341785061028
456 640 0 0.0097221619187024978 0.00070541864853253776
464 640 0 0.0093523535834545389 0.00070677807913624088
472 640 0 0.0089820906952530997 0.00070786219417200147
480 640 0 0.0086124699372351378 0.00070657153944583308
488 640 0 0.008244562793554849 0.00070301594125614722
496 640 0 0.0078794099358125702 0.00069731632269449777
504 640 0 0.0075180147192717558 0.00068960265855352258
512 640 0 0.0071613360534336524 0.00068001190125848224
520 640 0 0.0068102810076958314 0.00066868595799844232
528 640 0 0.0064656975717936761 0.00065576979214645309
536 640 0 0.0061283680059262945 0.00064140970888398353
544 640 0 0.005799003185839517 0.00062575186722483266
552 640 0 0.0054782382780534777 0.00060894104035084072
560 640 0 0.0051666299788827091 0.00059111962550539073
568 640 0 0.0048646554301707704 0.00057242688575323553
576 640 0 0.0045727127985823847 0.00055299839051265679
584 640 0 0.0042911233874717205 0.00053296561120889149
592 640 0 0.0040201350525286223 0.00051245562337999279
600 640 0 0.0037599266232168391 0.00049159086712774686
608 640 0 0.0035106129961738485 0.00047048892337393311
616 640 0 0.0032722505648235772 0.00044926227288256395
624 640 0 0.0030448426782234846 0.00042801801702926478
632 640 0 0.0028283448753173503 0.00040685755228088948
640 640 0 0.0026226697099724829 0.00038587620277396976
648 640 0 0.0024276910582949215 0.00036516282594632873
656 640 0 0.0022432478739226893 0.00034479941391803767
664 640 0 0.0020691474217966284 0.0003248607176881994
672 640 0 0.0019051680708264528 0.00030541392209882615
680 640 0 0.001751061757828565 0.0002865183972002752
688 640 0 0.001606556248463677 0.00026822554673841775
696 640 0 0.0014713573171640068 0.00025057876778706114
704 640 0 0.0013451509504038756 0.0002336135279771708
712 640 0 0.0012276056503801602 0.00021735755920968144
720 640 0 0.0011183748838733425 0.00020183115994157298
728 640 0 0.0010170996881928174 0.00018704759267321462
736 640 0 0.00092341141642022237 0.0001730135594773662
744 640 0 0.00083693458039180071 0.00015972973640153215
752 640 0 0.00075728973359355533 0.00014719134724226063
760 640 0 0.00068409632783964695 0.00013538875826666675
768 640 0 0.00061697547674967475 0.00012430807757442394
776 640 0 0.0005555525643913755 0.00011393174554268852
784 640 0 0.00049945964733118904 0.00010423910578229796
792 640 0 0.00044833761090456076 9.5206948921341971e-05
800 640 0 0.00040183805404688249 8.6810024075877025e-05
808 640 0 0.00035962489006347492 7.9021514922079884e-05
816 640 0 0.00032137566220460923 7.1813478801925135e-05
824 640 0 0.00028678258222009946 6.5157248309868801e-05
832 640 0 0.0002555533069703414 5.9023795413570574e-05
840 640 0 0.00022741147276848664 5.3384058481446047e-05
848 640 0 0.0002020970097527915 4.8209232753605193e-05
856 640 0 0.00017936625969350954 4.3471024914755295e-05
864 640 0 0.00015899192070599748 3.9141872592183484e-05
872 640 0 0.00014076284180315776 3.5195129855987987e-05
880 640 0 0.00012448368941029057 3.1605220152196989e-05
888 640 0 0.00010997450709941467 2.8347758530736477e-05
896 640 0 9.7070188977885699e-05 2.5399645495953013e-05
904 640 0 8.5619886392609154e-05 2.2739135253552309e-05
912 640 0 7.5486366827922112e-05 2.0345881500661022e-05
920 640 0 6.6545342994963263e-05 1.820096416094498e-05
928 640 0 5.8684789048112224e-05 1.6286900575603789e-05
936 640 0 5.1804259561016751e-05 1.4587644613294445e-05
944 640 0 4.5814225332142782e-05 1.3088576965521604e-05
952 640 0 4.0635438293183878e-05 1.1776489572046704e-05
960 640 0 3.6198335828203985e-05 1.0639566707552729e-05
968 640 0 3.244249277107267e-05 9.6673647959014542e-06
976 640 0 2.931612734222582e-05 8.8507925419794809e-06
984 640 0 2.6775665421385626e-05 8.1820925194851903e-06
992 640 0 2.4785365925215124e-05 7.6548249549579067e-06
1000 640 0 2.3317008738475913e-05 7.2638541236777311e-06
1008 640 0 2.2349645673954412e-05 7.0053375318404849e-06
1016 640 0 2.186941431676859e-05 6.8767179024540974e-06
0 648 0 0.0083792847861085575 0.00056651955043856249
8 648 0 0.0084216949687067142 0.00056742058091205361
16 648 0 0.0085058482097601102 0.00056916165674249578
24 648 0 0.0086304297316068101 0.00057162314024048443
32 648 0 0.008793515012660116 0.00057463128519298287
40 648 0 0.0089926241510852236 0.00057796475838388026
48 648 0 0.0092247898940962213 0.00058136280702967419
56 648 0 0.0094866359480971271 0.00058453466477693256
64 648 0 0.009774461834688844 0.00058716973944467413
72 648 0 0.010084330470340866 0.00058894810519030324
80 648 0 0.010412154817098902 0.00058955083070245766
88 648 0 0.010753780350037465 0.00058866971168778683
96 648 0 0.011105060667726957 0.00058601603664982724
104 648 0 0.011461924274796493 0.00058132809442942857
112 648 0 0.011820431323630566 0.00057437722367424497
120 648 0 0.012176819847922129 0.00056497230117933013
128 648 0 0.012527541693101815 0.00055296266070355322
136 648 0 0.012869288898473526 0.00053823951977846271
144 648 0 0.013199011680322602 0.00052073606361857303
152 648 0 0.013513929389927107 0.00050042638844195568
160 648 0 0.013811535879533782 0.00047732353900718956
168 648 0 0.014089600623911366 0.00045147688653308406
176 648 0 0.01434616674904146 0.00042296908476979062
184 648 0 0.01457954685487574 0.00039191281679304413
192 648 0 0.014788317230362625 0.00035844750728063896
200 648 0 0.014971310787550273 0.00032273612953858007
208 648 0 0.015127608821104612 0.00028496218855593447
216 648 0 0.015256531552368254 0.00024532691579365676
224 648 0 0.015357627352415465 0.00020404667243679314
232 648 0 0.015430660552741169 0.00016135052855096622
240 648 0 0.015475597830367276 0.00011747796774865676
248 648 0 0.015492593273329454 7.2676660945094479e-05
256 648 0 0.01548197236579207 5.8921667070836042e-05
264 648 0 0.01544421525279633 0.00010410116594810129
272 648 0 0.015379939730503105 0.00014903589886252483
280 648 0 0.015289884443678381 0.00019347439394480637
288 648 0 0.015174892752104386 0.00023717199571543501
296 648 0 0.015035897654985942 0.00027989290271567165
304 648 0 0.014873908048916577 0.00032141211699553834
312 648 0 0.014689996458161238 0.00036151725490692933
320 648 0 0.014485288236327606 0.00040001016868043172
328 648 0 0.014260952115830642 0.00043670833544815109
336 648 0 0.014018191892165688 0.00047144598340515508
344 648 0 0.013758238984138487 0.00050407494165373955
352 648 0 0.013482345611758871 0.00053446521849818268
360 648 0 0.0131917783759385 0.00056250533001988082
368 648 0 0.012887812097502966 0.00058810241438167141
376 648 0 0.012571723862028763 0.00061118217574579296
384 648 0 0.012244787304599889 0.00063168870395863275
392 648 0 0.011908267238755781 0.00064958421213952289
400 648 0 0.01156341477425314 0.00066484872474796564
408 648 0 0.011211463071812646 0.00067747973507462089
416 648 0 0.010853623849175958 0.00068749183541326996
424 648 0 0.010491084687269244 0.0006949163076845899
432 648 0 0.010125007099005538 0.00069980064920763252
440 648 0 0.0097565252306060779 0.00070220799952100225
448 648 0 0.0093867449817175638 0.00070365341785061028
456 648 0 0.00901674327016996 0.00070541864853253776
464 648 0 0.0086475671406322386 0.00070478644282230031
472 648 0 0.0082802324293519396 0.00070185826590116011
480 648 0 0.0079157217495139341 0.00069674818772120367
488 648 0 0.007554981647769291 0.00068958114578555798
496 648 0 0.0071989188916789047 0.00068049104413366555
504 648 0 0.0068483959665378517 0.00066961875273390415
512 648 0 0.0065042259734492906 0.00065711007998436183
520 648 0 0.0061671672146113472 0.00064311379308448421
528 648 0 0.005837917815284567 0.00062777975650910901
536 648 0 0.0055171107576415697 0.00061125724828472484
544 648 0 0.0052053096873579154 0.00059369349848160165
552 648 0 0.0049030058020310642 0.0005752324760224135
560 648 0 0.0046106160483288805 0.0005560139305538286
568 648 0 0.0043284827524382556 0.00053617267773251476
576 648 0 0.0040568746979570951 0.00051583810062528958
584 648 0 0.0037959895590833413 0.00049513382838837919
592 648 0 0.0035459575057228535 0.00047417754680576874
600 648 0 0.0033068457293516595 0.00045308089386517959
608 648 0 0.0030786635991901373 0.00043194939698371114
616 648 0 0.0028613681489049695 0.00041088241591860772
624 648 0 0.0026548696126140496 0.00038997306560943504
632 648 0 0.0024590367705158728 0.00036930810480147744
640 648 0 0.00227370192208103 0.00034896778789145298
648 648 0 0.0020986653705387607 0.00032902568775616077
656 648 0 0.001933699368530608 0.00030954850539208125
664 648 0 0.0017785515344103586 0.00029059588738626976
672 648 0 0.0016329477965014993 0.00027222027432495348
680 648 0 0.0014965949554627438 0.0002544668023658212
688 648 0 0.001369182971659878 0.00023737327680379899
696 648 0 0.0012503870859439416 0.00022097023122006525
704 648 0 0.0011398698708974919 0.00020528107950638376
712 648 0 0.0010372832888822868 0.00019032236149787345
720 648 0 0.00094227080703319953 0.00017610407684014292
728 648 0 0.00085446959157164048 0.00016263009662117697
736 648 0 0.00077351277783997078 0.00014989863858025159
744 648 0 0.00069903179086730049 0.00013790278952450022
752 648 0 0.00063065867568752468 0.00012663105790603065
760 648 0 0.0005680283876893221 0.00011606794015032486
768 648 0 0.00051078099076521083 0.00010619448598446393
776 648 0 0.00045856371404866643 9.6988850342709062e-05
784 648 0 0.00041103282525510219 8.8426822076086847e-05
792 648 0 0.00036785528855402539 8.0482322350535363e-05
800 648 0 0.00032871018600399954 7.3127868042882941e-05
808 648 0 0.00029328989258593948 6.6334997477535444e-05
816 648 0 0.0002613010047878192 6.0074657416790027e-05
824 648 0 0.00023246503089316168 5.4317551326937786e-05
832 648 0 0.00020651885731959855 4.9034449650742847e-05
840 648 0 0.00018321500954887805 4.4196463219608594e-05
848 648 0 0.00016232172860892874 3.9775281143862752e-05
856 648 0 0.00014362288506441001 3.5743374629099525e-05
864 648 0 0.00012691775244408975 3.2074168261907735e-05
872 648 0 0.00011202066136035379 2.8742180442803972e-05
880 648 0 9.8760554569806319e-05 2.5723134840484248e-05
888 648 0 8.698046210443253e-05 2.2994044994982136e-05
896 648 0 7.6536914495092432e-05 2.0533274482793267e-05
904 648 0 6.7299311055283291e-05 1.8320575337325864e-05
912 648 0 5.9149259174855126e-05 1.6337107653066985e-05
920 648 0 5.1979899538706684e-05 1.4565443456256579e-05
928 648 0 4.5695231074309612e-05 1.2989557973802613e-05
936 648 0 4.0209448196599179e-05 1.1594811364417572e-05
944 648 0 3.5446301537657283e-05 1.0367923794485499e-05
952 648 0 3.1338491831630358e-05 9.2969464615535197e-06
960 648 0 2.7827105012628984e-05 8.3712308155750016e-06
968 648 0 2.486109493851536e-05 7.5813978325573101e-06
976 648 0 2.2396818553398671e-05 6.9193087888271489e-06
984 648 0 2.0397626825293291e-05 6.3780385960923346e-06
992 648 0 1.8833513513202989e-05 5.9518524120121349e-06
1000 648 0 1.7680822783265964e-05 5.6361859552099485e-06
1008 648 0 1.6922015937085654e-05 5.4276297368687583e-06
1016 648 0 1.6545497041964419e-05 5.3239172748041711e-06
0 656 0 0.0089262751857523207 0.0005469903996437632
8 656 0 0.0089693085681275524 0.00054761359942083823
16 656 0 0.0090546481629358525 0.00054879995317574232
24 656 0 0.0091808615019682398 0.00055043177036142969
32 656 0 0.0093458534056668711 0.00055233839300675505
40 656 0 0.0095469270589837833 0.00055430290789855972
48 656 0 0.0097808604453519295 0.00055607055125570827
56 656 0 0.010043994332731444 0.00055735838463431657
64 656 0 0.010332327603401947 0.00055786576871310299
72 656 0 0.010641615609438916 0.00055728513909805016
80 656 0 0.01096746741307885 0.0005553125959799482
88 656 0 0.011305438205871656 0.00055165785583419051
96 656 0 0.011651113842540011 0.00054605317481305413
104 656 0 0.012000185209589984 0.00053826093479349135
112 656 0 0.012348511001331369 0.00052807967770080247
120 656 0 0.012692168322432149 0.00051534847451002036
128 656 0 0.013027491307988691 0.00049994961488687532
136 656 0 0.01335109859335643 0.0004818096948829044
144 656 0 0.013659910937881469 0.00046089925755886732
152 656 0 0.013951160590349095 0.00043723120042198776
160 656 0 0.014222394080944278 0.00041085820141049598
168 656 0 0.01447147005492053 0.00038186943100916408
176 656 0 0.014696553561991182 0.00035038681294972257
184 656 0 0.014896107927400912 0.00031656107252517156
192 656 0 0.015068885004204008 0.00028056777384138226
200 656 0 0.015213914287797593 0.00024260350024732022
208 656 0 0.015330491102124071 0.00020288228101945915
216 656 0 0.015418163869653896 0.0001616323172856423
224 656 0 0.015476720368125788 0.0001190930157103226
232 656 0 0.01550617285591265 7.5512303171480777e-05
240 656 0 0.015506742002171923 5.5925021370181738e-05
248 656 0 0.015478839665554734 0.00010015593648648145
256 656 0 0.015423050698721234 0.00014425278649640889
264 656 0 0.015340114086848228 0.00018796147827271695
272 656 0 0.01523090383164058 0.0002310346804747683
280 656 0 0.015096410049733574 0.00027323363084025103
288 656 0 0.014937720756388951 0.00031432989597285355
296 656 0 0.01475600475227027 0.00035410706984705109
304 656 0 0.014552495931921039 0.00039236238001712567
312 656 0 0.014328479203254309 0.00042890815946804509
320 656 0 0.014085278067647174 0.00046357313829381748
328 656 0 0.013824243780382491 0.00049620351300472439
336 656 0 0.013546745908760533 0.00052666376133666919
344 656 0 0.013254164042484747 0.0005548371852408876
352 656 0 0.012947880393260688 0.00058062618200590936
360 656 0 0.012629273045918619 0.00060395226071941442
368 656 0 0.012299709683121295 0.00062475583614140379
376 656 0 0.01196054168628297 0.00064299584258180331
384 656 0 0.011613098600641256 0.00065864921526410589
392 656 0 0.011258683026616258 0.000671710285434092
400 656 0 0.010898566049505174 0.0006821901285059967
408 656 0 0.010533983336738025 0.00069011589296757818
416 656 0 0.010166132013762689 0.00069553012333007161
424 656 0 0.0097961683795846546 0.00069849007519910168
432 656 0 0.0094252064497979057 0.00069980064920763252
440 656 0 0.0090543172310850756 0.00070220799952100225
448 656 0 0.0086845285507855131 0.00070221643093205076
456 656 0 0.0083168252018015962 0.00069991806836836382
464 656 0 0.0079521491277615014 0.00069541801287073719
472 656 0 0.0075913993726581391 0.0006888330566938005
480 656 0 0.0072354315546658112 0.00068029019484812294
488 656 0 0.0068850566917663678 0.00066992495600292322
496 656 0 0.0065410392988658906 0.00065787959281301406
504 656 0 0.0062040947806289819 0.0006443011859088698
512 656 0 0.0058748862481000979 0.00062933972534919263
520 656 0 0.0055540209774065314 0.00061314623720481586
528 656 0 0.0052420467945542429 0.00059587102073032413
536 656 0 0.0049394487040393606 0.0005776620536022091
544 656 0 0.0046466460774378998 0.00055866360992001558
552 656 0 0.0043639906824876236 0.00053901511954344058
560 656 0 0.0040917657686850156 0.00051885027964386488
568 656 0 0.003830186340499283 0.00049829641193897259
576 656 0 0.0035794006542833549 0.00047747404367374027
584 656 0 0.0033394928806794056 0.0004564966784039357
592 656 0 0.0031104867907646603 0.00043547071495819321
600 656 0 0.0028923502593595067 0.0004144954699921528
608 656 0 0.0026850003380390185 0.00039366326115111878
616 656 0 0.0024883086355114597 0.0003730595133935098
624 656 0 0.0023021067531181008 0.00035276285949594876
632 656 0 0.0021261915545734479 0.00033284521594242498
640 656 0 0.0019603300960671722 0.0003133718260138578
648 656 0 0.0018042640987854961 0.00029440127175326455
656 656 0 0.001657713903916952 0.000275985464613656
664 656 0 0.0015203819040758 0.00025816963033455857
672 656 0 0.0013919554898851696 0.00024099230661632975
680 656 0 0.0012721095829748084 0.00022448537248793542
688 656 0 0.0011605088454513363 0.00020867412620854172
696 656 0 0.001056809661301253 0.00019357742464268853
704 656 0 0.00096066197892622298 0.00017920789197126889
712 656 0 0.00087171108883203662 0.00016557220005025013
720 656 0 0.00078959938967200494 0.0001526714173611946
728 656 0 0.00071396817272167154 0.00014050141884996894
736 656 0 0.00064445943244086448 0.0001290533453991063
744 656 0 0.00058071769144476778 0.00011831409942253271
752 656 0 0.00052239181355382845 0.00010826686213369623
760 656 0 0.00046913676939163459 9.8891618297687503e-05
768 656 0 0.0004206153152588963 9.0165675506314528e-05
776 656 0 0.00037649954712600854 8.2064166922657898e-05
784 656 0 0.00033647229653197144 7.4560528723130752e-05
792 656 0 0.00030022834271575713 6.7626945838268268e-05
800 656 0 0.00026747542417594191 6.1234761828057632e-05
808 656 0 0.00023793504192405656 5.535485066188292e-05
816 656 0 0.00021134305506931116 4.9957949718508043e-05
824 656 0 0.00018745007643617526 4.5014954456986414e-05
832 656 0 0.00016602168135148156 4.0497175968116992e-05
840 656 0 0.00014683844648105687 3.6376563067821175e-05
848 656 0 0.00012969583778281213 3.2625890826116615e-05
856 656 0 0.00011440396753779714 2.9218917526612878e-05
864 656 0 0.00010078724034654805 2.6130512097541695e-05
872 656 0 8.8683907259014895e-05 2.333675410133889e-05
880 656 0 7.7945546123345155e-05 2.0815008446461165e-05
888 656 0 6.8436485004379655e-05 1.8543977100052875e-05
896 656 0 6.003318427296175e-05 1.6503730222130682e-05
904 656 0 5.2623591767548864e-05 1.4675719287734427e-05
912 656 0 4.6106484290335911e-05 1.3042774884519216e-05
920 656 0 4.0390807596299152e-05 1.1589091942407532e-05
928 656 0 3.5395025925706747e-05 1.0300205148602864e-05
936 656 0 3.1046490982074849e-05 9.1629572145243305e-06
944 656 0 2.7280839046798507e-05 8.1654624908587755e-06
952 656 0 2.4041423648868796e-05 7.2970681827615622e-06
960 656 0 2.1278789895609376e-05 6.5483151170196081e-06
968 656 0 1.8950195259073443e-05 5.9108996794419172e-06
976 656 0 1.7019180355041774e-05 5.3776381983568963e-06
984 656 0 1.5455192103139294e-05 4.9424347221539972e-06
992 656 0 1.4233260668273376e-05 4.600252844929613e-06
1000 656 0 1.33337307944741e-05 4.3470919887918644e-06
1008 656 0 1.2742047574718929e-05 4.1799683623667255e-06
1016 656 0 1.2448596357632644e-05 4.0969006843317752e-06
0 664 0 0.0094445762464094862 0.00051830106065716558
8 664 0 0.0094879420609277395 0.00051863349280018706
16 664 0 0.0095738884377901141 0.00051924027485426155
24 664 0 0.0097008691751981312 0.00052000767322989139
32 664 0 0.0098666244438511321 0.00052077103818426104
40 664 0 0.010068248657361216 0.00052132159837743261
48 664 0 0.01030227541235965 0.00052141496700771998
56 664 0 0.010564775263721363 0.00052078093098991904
64 664 0 0.010851461644119617 0.00051913404071766978
72 664 0 0.011157800103194023 0.00051618449375510737
80 664 0 0.011479116225183965 0.00051164881210511402
88 664 0 0.011810698054005062 0.00050525984813340648
96 664 0 0.012147889557955829 0.00049677571541581825
104 664 0 0.012486172532217397 0.00048598732262741286
112 664 0 0.012821235286051074 0.00047272428471970517
120 664 0 0.013149027411295864 0.00045685908886371543
128 664 0 0.013465800803577484 0.00043830949558879354
136 664 0 0.013768137844559152 0.00041703925120272108
144 664 0 0.014052968207700226 0.00039305726981875636
152 664 0 0.014317576097723753 0.00036641550737465806
160 664 0 0.014559599873762439 0.00033720579281816022
168 664 0 0.014777025956838004 0.00030555590191747375
176 664 0 0.014968178719556057 0.00027162515756487537
184 664 0 0.01513170774672417 0.00023559981932325808
192 664 0 0.015266573492291404 0.00019768848808739657
200 664 0 0.015372031991669852 0.00015811770387225837
208 664 0 0.015447618963329086 0.00011712786120501514
216 664 0 0.015493133382356958 7.496951270306168e-05
224 664 0 0.015508620450136464 5.6064883947316152e-05
232 664 0 0.015494353822200097 9.9171531498737711e-05
240 664 0 0.015450816980801741 0.00014226416127302403
248 664 0 0.015378683729068253 0.00018508266847440911
256 664 0 0.015278797912224825 0.00022737445722954309
264 664 0 0.015152152608575511 0.00026889614051332777
272 664 0 0.014999869151165812 0.00030941508673696175
280 664 0 0.014823176418893323 0.00034871086104880725
288 664 0 0.014623390860416098 0.00038657658700043396
296 664 0 0.014401897682423219 0.00042282023163496552
304 664 0 0.014160133551903913 0.00045726579735293031
312 664 0 0.013899571043786264 0.00048975438952442683
320 664 0 0.013621704929353357 0.00052014512127257842
328 664 0 0.013328040267377767 0.00054831581666004055
336 664 0 0.013020082147423864 0.00057416348017090904
344 664 0 0.01269932685724386 0.00059760451251944513
352 664 0 0.012367254211254779 0.00061857466841429634
360 664 0 0.012025320785199205 0.00063702876859148341
368 664 0 0.011674953846979891 0.00065294019381003689
376 664 0 0.011317545843701166 0.00066630020048320804
384 664 0 0.01095444938537715 0.00067711710465527541
392 664 0 0.010586972741182166 0.00068541538232567457
400 664 0 0.010216375920999178 0.00069123472968091529
408 664 0 0.0098438674437704467 0.00069462911741498094
416 664 0 0.0094706018904326169 0.00069566586044506919
424 664 0 0.0090976783043855529 0.00069849007519910168
432 664 0 0.0087261394430824327 0.00069906700671547306
440 664 0 0.0083569718109804576 0.00069734542010461802
448 664 0 0.0079911063294416818 0.00069342222134383125
456 664 0 0.0076294194359872005 0.00068740576581439571
464 664 0 0.0072727343644477934 0.00067941476331370796
472 664 0 0.0069218223463749073 0.00066957702628323186
480 664 0 0.0065774034954178022 0.00065802805924800901
488 664 0 0.0062401471882685506 0.00064490950349781716
496 664 0 0.0059106718318821406 0.00063036746698375001
504 664 0 0.0055895439973185522 0.00061455078331042971
512 664 0 0.0052772769941941411 0.00059760925390595684
520 664 0 0.0049743290446486446 0.00057969193275788679
528 664 0 0.0046811012816240912 0.00056094551293015167
536 664 0 0.0043979358355447657 0.00054151286849459489
544 664 0 0.0041251142822255459 0.00052153179521235386
552 664 0 0.0038628567030014158 0.00050113397948620781
560 664 0 0.003611321559366902 0.00048044420931811363
568 664 0 0.0033706065155677898 0.00045957982493149323
576 664 0 0.003140750262304543 0.00043865039197881189
584 664 0 0.0029217353124545483 0.0004177575682248573
592 664 0 0.0027134916645031606 0.00039699512626149977
600 664 0 0.0025159011686795721 0.00037644909067993454
608 664 0 0.0023288023898222856 0.00035619794821673293
616 664 0 0.0021519957422528428 0.00033631289325861688
624 664 0 0.0019852486751874474 0.00031685807793065341
632 664 0 0.0018283007098166071 0.00029789084475684074
640 664 0 0.0016808681666392838 0.00027946192942788833
648 664 0 0.0015426484683479934 0.00026161563043750275
656 664 0 0.0014133239535974252 0.00024438995031952687
664 664 0 0.0012925651848278983 0.00022781671924790173
672 664 0 0.0011800337744213871 0.00021192171546378252
680 664 0 0.0010753847846850097 0.00019672479828979875
688 664 0 0.00097826877687398313 0.00018224006857735318
696 664 0 0.00088833359257774777 0.00016847606872350527
704 664 0 0.00080522594848245232 0.00015543603044377067
712 664 0 0.00072859291492393134 0.00014311817390810528
720 664 0 0.00065808333244261506 0.00013151605722938988
728 664 0 0.0005933492015800419 0.00012061897114162964
736 664 0 0.00053404706204801869 0.00011041237039284579
744 664 0 0.00047983936031769378 0.00010087833112707399
752 664 0 0.00043039579114397209 9.1996022409856365e-05
760 664 0 0.00038539458939504737 8.3742179996587228e-05
768 664 0 0.00034452374397493456 7.6091571283961733e-05
776 664 0 0.00030748210523831528 6.9017441887693259e-05
784 664 0 0.0002739803603370201 6.2491936194951337e-05
792 664 0 0.00024374185641798718 5.6486486297769944e-05
800 664 0 0.00021650325846500097 5.097216571094094e-05
808 664 0 0.00019201503586800361 4.5920006056052951e-05
816 664 0 0.00017004177871412393 4.1301276355187232e-05
824 664 0 0.00015036235075080247 3.7087725685372788e-05
832 664 0 0.00013276989064123495 3.3251790710246611e-05
840 664 0 0.00011707167640454325 2.9766770076513623e-05
848 664 0 0.00010308886987432136 2.6606967908490765e-05
856 664 0 9.0656158809000951e-05 2.3747808728796186e-05
864 664 0 7.9621314201076726e-05 2.1165926145471327e-05
872 664 0 6.9844679629769852e-05 1.8839227629245043e-05
880 664 0 6.1198608429115201e-05 1.6746937694229954e-05
888 664 0 5.3566863197528533e-05 1.4869621806851122e-05
896 664 0 4.6843990892459805e-05 1.3189193380501945e-05
904 664 0 4.0934685512828988e-05 1.1688906254719876e-05
912 664 0 3.5753149201692757e-05 1.0353335088643154e-05
920 664 0 3.1222461496995919e-05 9.1683460993032331e-06
928 664 0 2.727396539619831e-05 8.1210605295084369e-06
936 664 0 2.3846677854319311e-05 7.1998131277555372e-06
944 664 0 2.0886731285110425e-05 6.3941077616880821e-06
952 664 0 1.8346851576096196e-05 5.6945720727725999e-06
960 664 0 1.6185877070391285e-05 5.0929128252180909e-06
968 664 0 1.4368321935876082e-05 4.5818733231973612e-06
976 664 0 1.2863986369475998e-05 4.1551939855657766e-06
984 664 0 1.164761520866241e-05 3.8075768944768838e-06
992 664 0 1.0698605779200101e-05 3.5346548890732755e-06
1000 664 0 1.0000765225123151e-05 3.3329655693509487e-06
1008 664 0 9.5421171595877356e-06 3.1999304151311931e-06
1016 664 0 9.3147572450784344e-06 3.1338391125542094e-06
0 672 0 0.0099250295554342196 0.00048045330902473336
8 672 0 0.0099684300197678908 0.0004804879588401513
16 672 0 0.01005439061700158 0.00048050217921146582
24 672 0 0.010181257404877752 0.0004803882296796208
32 672 0 0.010346614862439769 0.00047999041858863729
40 672 0 0.010547360518095813 0.00047911186073459726
48 672 0 0.010779798347861174 0.00047752293550152453
56 672 0 0.01103974628080405 0.00047497101708268707
64 672 0 0.011322652637670211 0.00047119099355059403
72 672 0 0.011623716169250758 0.00046591606605673498
80 672 0 0.011938004549405483 0.00045888832422151873
88 672 0 0.012260566681655181 0.00044986862765011848
96 672 0 0.012586534941303948 0.00043864538334811853
104 672 0 0.012911214421995399 0.00042504188977800228
112 672 0 0.013230157300286954 0.00040892201423588063
120 672 0 0.013539221485440522 0.00039019407414465739
128 672 0 0.013834613701043367 0.00036881289746588247
136 672 0 0.014112917980256509 0.00034478013569735726
144 672 0 0.014371111196307504 0.00031814298860727806
152 672 0 0.014606567665681075 0.00028899156795732239
160 672 0 0.01481705504833755 0.0002574551745751115
168 672 0 0.015000723744466404 0.00022369778762840013
176 672 0 0.015156091786608393 0.00018791306705233553
184 672 0 0.015282026898469908 0.00015031915174573869
192 672 0 0.015377726993119428 0.00011115350082802414
200 672 0 0.015442699969163132 7.0667977493280715e-05
208 672 0 0.015476743283357684 5.9632462524154828e-05
216 672 0 0.015479923470112466 0.00010140487640511453
224 672 0 0.015452555566189147 0.00014330641340902679
232 672 0 0.015395182290701359 0.00018506636402730418
240 672 0 0.015308552819528717 0.00022642213936275961
248 672 0 0.015193601060593843 0.00026712136282113809
256 672 0 0.015051423454995282 0.00030692356732320292
264 672 0 0.014883256468062184 0.00034560158865548814
272 672 0 0.01469045406442885 0.00038294273737504193
280 672 0 0.014474465557844516 0.00041874981517335194
288 672 0 0.014236814273415664 0.00045284202001074671
296 672 0 0.013979077450788253 0.00048505576108046761
304 672 0 0.013702867754550983 0.00051524538299251889
312 672 0 0.013409816654261837 0.00054328378118228236
320 672 0 0.013101559808080778 0.00056906287934376312
328 672 0 0.012779724450717726 0.00059249393559265146
336 672 0 0.012445918667252955 0.00061350764700385252
344 672 0 0.012101722344724414 0.00063205403114620883
352 672 0 0.011748679542840482 0.00064810207652500271
360 672 0 0.011388292016607722 0.00066163916924960944
368 672 0 0.011022013653169854 0.00067267031843013837
376 672 0 0.010651245643217958 0.00068121721559577172
384 672 0 0.010277332280721875 0.00068731717208851163
392 672 0 0.0099015573588564915 0.0006910219818367265
400 672 0 0.0095251411913182624 0.0006923967548370883
408 672 0 0.0091492383263554657 0.00069462911741498094
416 672 0 0.0087749360299875477 0.00069566586044506919
424 672 0 0.0084032535945460837 0.00069442470983946923
432 672 0 0.0080351424833649855 0.00069099695971744715
440 672 0 0.007671487260782592 0.00068548455019786566
448 672 0 0.0073131071897002096 0.00067799913974147218
456 672 0 0.0069607583185194903 0.00066866111746771012
464 672 0 0.006615135835881825 0.00065759852856596846
472 672 0 0.0062768764529815869 0.00064494589339332033
480 672 0 0.0059465605831697608 0.00063084291224804138
488 672 0 0.005624714126635749 0.00061543306163280159
496 672 0 0.005311809729590276 0.00059886210229186457
504 672 0 0.0050082674647225272 0.00058127653259602494
512 672 0 0.004714454962881854 0.00056282203131228711
520 672 0 0.0044306871044747778 0.0005436419401738668
528 672 0 0.0041572254433985328 0.00052387583822555844
536 672 0 0.0038942775790248218 0.00050365825651994389
544 672 0 0.0036419967083985883 0.00048311757382695766
552 672 0 0.0034004815804603255 0.00046237512254109023
560 672 0 0.0031697770391275444 0.00044154452023935755
568 672 0 0.0029498752877090239 0.00042073122785876585
576 672 0 0.0027407179405819909 0.00040003232172255206
584 672 0 0.0025421988574805261 0.0003795364549740222
592 672 0 0.0023541676891234943 0.00035932397537966629
600 672 0 0.0021764340071433919 0.00033946716153618025
608 672 0 0.0020087718514135663 0.00032003053840871931
616 672 0 0.0018509245066863679 0.00030107123556647494
624 672 0 0.001702609318350063 0.0002826393568373844
632 672 0 0.0015635223723182155 0.00026477833749839167
640 672 0 0.0014333428930902196 0.00024752527354906422
648 672 0 0.0013117372522630966 0.00023091121608489681
656 672 0 0.0011983625221889448 0.0002149614314084804
664 672 0 0.001092869551217314 0.00019969563361058431
672 672 0 0.00099490557392867968 0.0001851282004927074
680 672 0 0.00090411639895212389 0.00017126838573288576
688 672 0 0.00082014823665842846 0.00015812054021555467
696 672 0 0.00074264923881762123 0.00014568435376012654
704 672 0 0.00067127082294137798 0.00013395512554107434
712 672 0 0.00060566884710821145 0.00012292406781571989
720 672 0 0.0005455046887557557 0.00011257864368685935
728 672 0 0.00049044626559066747 0.00010290293598937442
736 672 0 0.00044016902068406191 9.3878041363956786e-05
744 672 0 0.00039435687891677324 8.5482481400920543e-05
752 672 0 0.00035270316964013928 7.7692621503832801e-05
760 672 0 0.00031491150157877767 7.0483087816269701e-05
768 672 0 0.00028069657091716986 6.3827173057764703e-05
776 672 0 0.00024978488199469594 5.7697223243619337e-05
784 672 0 0.0002219153615350054 5.2064998802014696e-05
792 672 0 0.00019683985108373764 4.6902005334249541e-05
800 672 0 0.00017432346746706909 4.2179790997931885e-05
808 672 0 0.00015414482678975165 3.787020907825196e-05
816 672 0 0.00013609613306487378 3.3945645649250143e-05
824 672 0 0.00011998313748451152 3.0379213266290954e-05
832 672 0 0.00010562497827261701 2.7144912368617935e-05
840 672 0 9.2853913867437006e-05 2.4217762537106241e-05
848 672 0 8.1514963875180469e-05 2.1573905999140895e-05
856 672 0 7.1465472947843182e-05 1.9190685861157769e-05
864 672 0 6.2574612661557352e-05 1.7046701539519374e-05
872 672 0 5.47228358274694e-05 1.5121843802300452e-05
880 672 0 4.7801296664727538e-05 1.3397311764387663e-05
888 672 0 4.1711249080783818e-05 1.1855614116744715e-05
896 672 0 3.6363434068202156e-05 1.048055682425765e-05
904 672 0 3.1677466022035884e-05 9.2572194907931043e-06
912 672 0 2.7581226648005277e-05 8.1719225536874795e-06
920 672 0 2.4010274077912159e-05 7.2121874190837601e-06
928 672 0 2.0907273824387543e-05 6.3666915718107668e-06
936 672 0 1.8221457273967217e-05 5.6252205803520943e-06
944 672 0 1.5908112519272905e-05 4.9786187658375202e-06
952 672 0 1.3928111459388707e-05 4.4187401167074893e-06
960 672 0 1.2247476254769828e-05 3.9384008156214566e-06
968 672 0 1.083698742200076e-05 3.5313345138753219e-06
976 672 0 9.6718351149686868e-06 3.192151254507311e-06
984 672 0 8.7313144867600655e-06 2.9163007219023449e-06
992 672 0 7.9985654842439223e-06 2.7000402949561785e-06
1000 672 0 7.460357013333324e-06 2.5404082117898274e-06
1008 672 0 7.1069151375523432e-06 2.4352020220353923e-06
1016 672 0 6.9317948357639706e-06 2.3829624093144637e-06
0 680 0 0.010358742088929916 0.00043371253349569656
8 680 0 0.010401878574534033 0.00043344855476614222
16 680 0 0.010487260162231725 0.00043286954523014468
24 680 0 0.010613133165473397 0.00043187576059564546
32 680 0 0.010776938223180287 0.00043032336074051714
40 680 0 0.010975391521654809 0.0004280310035589957
48 680 0 0.011204586444055373 0.00042478809619419904
56 680 0 0.011460110564175903 0.00042036428337185322
64 680 0 0.011737172335492064 0.00041451969782185273
72 680 0 0.012030731640727694 0.00040701547147693577
80 680 0 0.01233562855870742 0.00039762400930193689
88 680 0 0.012646705240944751 0.00038613855928957067
96 680 0 0.012958916610836242 0.00037238166953229394
104 680 0 0.013267426623849591 0.0003562122018541912
112 680 0 0.013567687965742072 0.00033753066545511717
120 680 0 0.013855504222139187 0.00031628273669866494
128 680 0 0.014127074636548761 0.00029246093550539497
136 680 0 0.014379022508143336 0.00026610452788682765
144 680 0 0.014608409008030777 0.00023729781172327283
152 680 0 0.014812734679493334 0.00020616701381225878
160 680 0 0.014989931125154107 0.00017719644566077317
168 680 0 0.015138345387511524 0.00014841426235741653
176 680 0 0.015256719334418469 0.00011837394690694496
184 680 0 0.015344166018420992 8.7446684002522729e-05
192 680 0 0.015400144547174451 6.6993987407303057e-05
200 680 0 0.015424434541336783 0.00010715267643681727
208 680 0 0.015417110820833529 0.00014761830297800593
216 680 0 0.015378518593707351 0.00018810731747355945
224 680 0 0.015309249152780121 0.00022834321444907893
232 680 0 0.015210115926674055 0.000268059668551009
240 680 0 0.015082130680165957 0.00030700301969375197
248 680 0 0.014926479697772705 0.0003449341805413994
256 680 0 0.014744499887672079 0.00038163005992155295
264 680 0 0.014537654879406696 0.00041688460317133164
272 680 0 0.014307511327053808 0.00045050954609535294
280 680 0 0.014055715742671164 0.0004823349654528384
288 680 0 0.013783972253404917 0.00051220968868692478
296 680 0 0.013494021689707786 0.00054000160231463569
304 680 0 0.013187622371558464 0.00056559787532189237
312 680 0 0.012866532873079555 0.000588905093963768
320 680 0 0.012532496928737015 0.0006098492897716884
328 680 0 0.012187230515125075 0.00062837583463363871
336 680 0 0.011832411020249102 0.0006444491758806313
344 680 0 0.011469668313578206 0.00065805238978091513
352 680 0 0.01110057746631548 0.00066918654231300743
360 680 0 0.010726652847358112 0.00067786985960413375
368 680 0 0.010349343334739716 0.00068413672475467133
376 680 0 0.0099700284276221865 0.00068803653073623745
384 680 0 0.0095900151086333631 0.00068963242878963132
392 680 0 0.009210535377019765 0.0006910219818367265
400 680 0 0.0088327444364811741 0.0006923967548370883
408 680 0 0.0084577195668285813 0.00069151875952688444
416 680 0 0.0080864597288429277 0.00068847630114462002
424 680 0 0.0077198859447550807 0.00068336764979100295
432 680 0 0.0073588424652586094 0.00067630001810637611
440 680 0 0.007004098684613852 0.00066738857616873998
448 680 0 0.0066563517076779384 0.00065675548202227124
456 680 0 0.0063162294171779801 0.00064452890134151022
464 680 0 0.005984293846195708 0.00063084198968611695
472 680 0 0.0056610446374693903 0.00061583181551219668
480 680 0 0.0053469223723091163 0.00059963821086064448
488 680 0 0.0050423115784235433 0.00058240254821220576
496 680 0 0.0047475432747654785 0.00056426645482479752
504 680 0 0.0044628969764532603 0.00054537048826926691
512 680 0 0.0041886021556053216 0.00052585280727653234
520 680 0 0.0039248392253599489 0.00050584787911482892
528 680 0 0.00367174017570918 0.0004854852676893528
536 680 0 0.003429389033941503 0.00046488854508331887
544 680 0 0.0031978223448315682 0.00044417436356702011
552 680 0 0.0029770298645578966 0.00042345171590242895
560 680 0 0.0027669556389767792 0.00040282140015076521
568 680 0 0.0025674995952537738 0.00038237569245525016
576 680 0 0.002378519721803733 0.00036219821877825787
584 680 0 0.0021998348519146373 0.00034236400556588885
592 680 0 0.0020312280083343514 0.00032293968078914289
600 680 0 0.0018724502157255686 0.00030398379141782328
608 680 0 0.0017232246500360196 0.00028554720137754673
616 680 0 0.0015832509713964737 0.00026767353528989418
624 680 0 0.0014522096810175404 0.00025039963733252259
632 680 0 0.0013297663516571171 0.00023375602066109838
640 680 0 0.0012155756029438034 0.00021776729014641623
648 680 0 0.0011092847234563477 0.00020245252880674892
656 680 0 0.0010105368767483951 0.00018782564544054972
664 680 0 0.00091897386428783532 0.00017389568692947866
672 680 0 0.00083423845088784112 0.00016066712304083856
680 680 0 0.00075597628485008894 0.00014814011410203495
688 680 0 0.00068383746399240458 0.00013631077266602388
696 680 0 0.00061747780936947504 0.00012517142944814619
704 680 0 0.00055655991119551713 0.00011471091174586085
712 680 0 0.00050075400741948176 0.00010491483968872969
720 680 0 0.0004497387462952497 9.5765942460506002e-05
728 680 0 0.00040320187208480054 8.7244393505866936e-05
736 680 0 0.00036084085966297115 7.9328161021090758e-05
744 680 0 0.00032236351095035656 7.1993367966416682e-05
752 680 0 0.00028748851508949528 6.5214654550644008e-05
760 680 0 0.00025594596593784885 5.8965535640928817e-05
768 680 0 0.0002274778251487453 5.3218745768424558e-05
776 680 0 0.00020183831680012718 4.7946565194568764e-05
784 680 0 0.00017879423983637658 4.3121121698628818e-05
792 680 0 0.00015812518692269285 3.8714664161044787e-05
800 680 0 0.00013962366198724959 3.4699805479819495e-05
808 680 0 0.00012309509305929469 3.104973373045696e-05
816 680 0 0.0001083577413990878 2.7738391665785983e-05
824 680 0 9.5242511889176087e-05 2.4740625595335433e-05
832 680 0 8.3592672903630422e-05 2.2032305368986589e-05
840 680 0 7.3263496235137542e-05 1.9590417632299464e-05
848 680 0 6.4121829116368028e-05 1.7393134758812441e-05
856 680 0 5.604561100122706e-05 1.5419861946616122e-05
864 680 0 4.8923347718200457e-05 1.3651264943356894e-05
872 680 0 4.2653555046628484e-05 1.2069280780840916e-05
880 680 0 3.7144182871950617e-05 1.0657113792776922e-05
888 680 0 3.2312030000858756e-05 9.3992190799250616e-06
896 680 0 2.8082158581023113e-05 8.2812754871790428e-06
904 680 0 2.4387315953801315e-05 7.2901500682345686e-06
912 680 0 2.1167370717948366e-05 6.413855930056911e-06
920 680 0 1.836876881537928e-05 5.6415052625328785e-06
928 680 0 1.5944014565006985e-05 4.9632592593805585e-06
936 680 0 1.3851180756354686e-05 4.3702765176125308e-06
944 680 0 1.2053451157987469e-05 3.8546613612854362e-06
952 680 0 1.0518698087616757e-05 3.4094133717719497e-06
960 680 0 9.2190970286278566e-06 3.0283792261419715e-06
968 680 0 8.1307796667941627e-06 2.7062077552065972e-06
976 680 0 7.2335261721050193e-06 2.4383089428636675e-06
984 680 0 6.5104970783460404e-06 2.2208174084140251e-06
992 680 0 5.9480047318853307e-06 2.0505607523585917e-06
1000 680 0 5.5353240026314544e-06 1.9250330107018696e-06
1008 680 0 5.2645417804126199e-06 1.8423733571397233e-06
1016 680 0 5.1304447179348647e-06 1.8013501178291059e-06
0 688 0 0.010737356893598726 0.00037861480466881009
8 688 0 0.010779936126142212 0.00037805755160817862
16 688 0 0.010864157160503934 0.00037689699827220952
24 688 0 0.010988176470638156 0.0003750433051647583
32 688 0 0.011149305455431757 0.00037236723225146998
40 688 0 0.011344097960063741 0.00036870643840893232
48 688 0 0.011568459806364926 0.00036387336230955282
56 688 0 0.011817774845059307 0.00035766428088340393
64 688 0 0.012087041423456396 0.00034986908796433291
72 688 0 0.01237101294987031 0.00034028130914261559
80 688 0 0.012664336429048979 0.0003287078703415585
88 688 0 0.012961683407455894 0.00031497816651114216
96 688 0 0.013257868641451617 0.00029895203061537472
104 688 0 0.013547952901578579 0.00029008426012696285
112 688 0 0.013827327554950527 0.00027937465337194746
120 688 0 0.014091779823457631 0.00026445226850710379
128 688 0 0.014337538801240276 0.00024575897778264522
136 688 0 0.014561303347066627 0.00022376454582635069
144 688 0 0.014760253782358101 0.00019895043529147456
152 688 0 0.014932049884709295 0.00017179610235119359
160 688 0 0.015074817957326191 0.00014276807261689659
168 688 0 0.015187129789847013 0.00011231183252082173
176 688 0 0.015267976140560252 8.0846350713238702e-05
184 688 0 0.015316737015712418 0.00011682537530420187
192 688 0 0.015333150559767148 0.00015552848686095806
200 688 0 0.015317281864899966 0.00019445800574322165
208 688 0 0.015269492517855523 0.0002333242689217651
216 688 0 0.015190411276233792 0.00027184522024136654
224 688 0 0.015080905938331042 0.00030975024540155077
232 688 0 0.014942056258123046 0.00034678323889557848
240 688 0 0.014775127660472205 0.00038270493775480717
248 688 0 0.014581545517231306 0.00041729459448536579
256 688 0 0.014362869827750526 0.00045035108655911218
264 688 0 0.014120770276235364 0.00048169357175986173
272 688 0 0.013857001780958455 0.00051116179838038914
280 688 0 0.013573380777218326 0.00053861616860705758
288 688 0 0.013271762564717992 0.00056393763513104198
296 688 0 0.01295402008739315 0.00058702748828487819
304 688 0 0.012622024496236572 0.00060780706712297572
312 688 0 0.012277627779115787 0.00062621740588932051
320 688 0 0.011922647638965327 0.00064221880971393475
328 688 0 0.011558854680491436 0.00065579034181604406
336 688 0 0.011187961844368471 0.00066692919969919481
344 688 0 0.010811615923797291 0.00067564995959372605
352 688 0 0.010431390924002472 0.00068198367569251295
360 688 0 0.010048782987753978 0.00068597683185362551
368 688 0 0.0096652066099850442 0.00068769015635516788
376 688 0 0.009281991896885949 0.00068803653073623745
384 688 0 0.0089003826798437317 0.00068963242878963132
392 688 0 0.0085215353600686557 0.0006890000169511093
400 688 0 0.0081465184230890882 0.0006862260133920859
408 688 0 0.0077763126125275873 0.00068140695430099398
416 688 0 0.0074118117819534863 0.00067464794688944143
424 688 0 0.0070538244486221926 0.00066606149613288815
432 688 0 0.0067030760544948805 0.00065576641076372892
440 688 0 0.0063602119030013908 0.00064388678161246115
448 688 0 0.0060258006923951009 0.00063055101528283752
456 688 0 0.0057003385175589611 0.00061589089961901905
464 688 0 0.0053842531709691359 0.00060004067522657217
472 688 0 0.0050779085478793503 0.00058313608959003997
480 688 0 0.0047816089556719042 0.00056531341663721216
488 688 0 0.0044956031444537024 0.00054670843396984088
496 688 0 0.0042200879136849037 0.00052745536108057475
504 688 0 0.0039552112032558385 0.00050768577319742179
512 688 0 0.0037010746401517358 0.00048752751545358582
520 688 0 0.003457735575760641 0.0004671036495993079
528 688 0 0.0032252087061667668 0.00044653146954241321
536 688 0 0.0030034674117662488 0.00042592162217525414
544 688 0 0.0027924449785736759 0.00040537736625789224
552 688 0 0.0025920358694780537 0.00038499399507984288
560 688 0 0.0024020971998914872 0.00036485843908529202
568 688 0 0.002222450541522026 0.00034504905373174783
576 688 0 0.0020528841350398331 0.00032563558676389995
584 688 0 0.0018931555429438473 0.00030667930897078995
592 688 0 0.0017429947240200068 0.00028823328431434457
600 688 0 0.0016021074659815207 0.0002703427497440479
608 688 0 0.0014701790776558523 0.00025304557238016727
616 688 0 0.0013468782193545512 0.00023637275204192254
624 688 0 0.0012318607410277652 0.00022034893998977524
632 688 0 0.0011247734019866056 0.00020499294967051148
640 688 0 0.0010252573614700096 0.00019031824147379374
648 688 0 0.00093295135320715461 0.00017633337024919305
656 688 0 0.00084749448589538736 0.00016304239085300769
664 688 0 0.00076852864161443247 0.00015044522267340286
672 688 0 0.0006957004724146116 0.00013853797847322952
680 688 0 0.00062866301910320037 0.00012731326574688857
688 688 0 0.00056707699392570142 0.00011676047006670316
696 688 0 0.00051061177963982558 0.00010686602972964946
704 688 0 0.00045894620151782327 9.7613709677693864e-05
712 688 0 0.00041176912690916182 8.8984880510319944e-05
720 688 0 0.0003687799404717162 8.0958805823533504e-05
728 688 0 0.00032968893361948713 7.3512938465313405e-05
736 688 0 0.00029421763575713844 6.6623223905832706e-05
744 688 0 0.00026209910393890789 6.0264407011448664e-05
752 688 0 0.00023307817787015768 5.4410337219337594e-05
760 688 0 0.00020691169946155017 4.9034266476298674e-05
768 688 0 0.00018336869085734485 4.4109134291400449e-05
776 688 0 0.00016223048204269574 3.9607834757431434e-05
784 688 0 0.00014329077855391125 3.5503461282465338e-05
792 688 0 0.0001263556610346949 3.1769525887997957e-05
800 688 0 0.0001112435108592448 2.8380151128004787e-05
808 688 0 9.7784859219527298e-05 2.5310233839767387e-05
816 688 0 8.5822160439300523e-05 2.2535580959787276e-05
824 688 0 7.5209493419999498e-05 2.003301846917659e-05
832 688 0 6.581219775460902e-05 1.7780475149021402e-05
840 688 0 5.7506453002929935e-05 1.5757043232207607e-05
848 688 0 5.0178810856695305e-05 1.3943018259672723e-05
856 688 0 4.3725690477424605e-05 1.2319920523802456e-05
864 688 0 3.8052847266504813e-05 1.0870500451695644e-05
872 688 0 3.3074824860726796e-05 9.5787301859016877e-06
880 688 0 2.8714399379263845e-05 8.4297834926867718e-06
888 688 0 2.4902024009516959e-05 7.4100059913417969e-06
896 688 0 2.1575281014769451e-05 6.5068775662536623e-06
904 688 0 1.8678347252160881e-05 5.7089687016404346e-06
912 688 0 1.616147835210478e-05 5.0058923658435863e-06
920 688 0 1.3980515852462348e-05 4.3882529629169329e-06
928 688 0 1.20964208072941e-05 3.8475937577128853e-06
936 688 0 1.0474836695053724e-05 3.3763440613009625e-06
944 688 0 9.0856838248642081e-06 2.9677673331232608e-06
952 688 0 7.9027868731503476e-06 2.6159112144664094e-06
960 688 0 6.9035366714562753e-06 2.3155603571715813e-06
968 688 0 6.0685869098391145e-06 2.0621927569550482e-06
976 688 0 5.3815860234000478e-06 1.8519401487049715e-06
984 688 0 4.8289441997820769e-06 1.6815528785639635e-06
992 688 0 4.3996351910052978e-06 1.5483695408800328e-06
1000 688 0 4.0850324404035619e-06 1.4502915622278925e-06
1008 688 0 3.878778947687839e-06 1.3857628327247809e-06
1016 688 0 3.7766902903659029e-06 1.3537544275689618e-06
0 696 0 0.01105331950177587 0.00031596260817714356
8 696 0 0.01109505957765645 0.00031512345151423794
16 696 0 0.011177562156488109 0.00031340499598417511
24 696 0 0.011298905531276231 0.00031072906063807533
32 696 0 0.011456288977667421 0.00030698352223566469
40 696 0 0.01164612615034743 0.00030202819028368917
48 696 0 0.011864161961310586 0.00029570215494566059
56 696 0 0.012105607073814377 0.00028783222875507046
64 696 0 0.012365283475299691 0.00027824205184329501
72 696 0 0.012637774353958102 0.00027979734249244589
80 696 0 0.012917571696450547 0.0002816439178793869
88 696 0 0.013199215614329934 0.0002816439178793869
96 696 0 0.013477420330027674 0.00027820471569773957
104 696 0 0.013747182922592301 0.00026976259256462735
112 696 0 0.014003872246639026 0.0002566893240467244
120 696 0 0.014243296787775726 0.00023942454113669992
128 696 0 0.014461751501052384 0.00021845471327665809
136 696 0 0.014656044805891482 0.0001942933048390983
144 696 0 0.0148235078120952 0.00016746300620371773
152 696 0 0.014961988482852061 0.00013848067075686137
160 696 0 0.015069833785695713 0.00010784530284365171
168 696 0 0.015145862951526203 0.00013093905707191149
176 696 0 0.015189334789136538 0.00016748426392034811
184 696 0 0.015199911640408216 0.00020448650542439009
192 696 0 0.01517762207290619 0.0002416507587112704
200 696 0 0.015122823859156745 0.00027868387457715207
208 696 0 0.015036168248933758 0.00031529986017289797
216 696 0 0.014918566055992425 0.00035122443433548318
224 696 0 0.014771155692929491 0.00038619877715830551
232 696 0 0.014595273019227467 0.00041998245242086396
240 696 0 0.014392422722717398 0.00045235553206958434
248 696 0 0.01416425092274594 0.00048311999278404481
256 696 0 0.013912518741191414 0.00051210048361615725
264 696 0 0.013639076704475502 0.0005391445798370708
272 696 0 0.013345839982578066 0.00056412264180104137
280 696 0 0.013034764608611268 0.00058692739030372608
288 696 0 0.01270782492958695 0.00060747329394656054
296 696 0 0.012366992599108272 0.00062569584239225567
304 696 0 0.012014217429113596 0.00064155075532426088
312 696 0 0.011651410373226466 0.00065501315350631299
320 696 0 0.011280428829251392 0.00066607669823319678
328 696 0 0.010903064338675392 0.00067475269062524865
336 696 0 0.010521032644669276 0.00068106911373787445
344 696 0 0.010135965964203564 0.0006850695985104651
352 696 0 0.0097494072483099593 0.00068681229848588203
360 696 0 0.009362806155900353 0.00068636866661755773
368 696 0 0.0089775164536298763 0.00068769015635516788
376 696 0 0.0085947945740404413 0.00068719732284550777
384 696 0 0.0082157991089326816 0.0006845835709110501
392 696 0 0.0078415910738655198 0.00067994428620313588
400 696 0 0.0074731348411229415 0.00067338358196614677
408 696 0 0.0071112996915996965 0.00066501292092789079
416 696 0 0.0067568619725862904 0.00065494980936719582
424 696 0 0.0064105078637712509 0.00064331658485094166
432 696 0 0.0060728367473791255 0.00063023930711575502
440 696 0 0.0057443651534879224 0.00061584674951346841
448 696 0 0.0054255312144567856 0.00060026947793831529
456 696 0 0.0051166995210294884 0.0005836389965294727
464 696 0 0.0048181662353924135 0.00056608693557672236
472 696 0 0.0045301642905834771 0.00054774425729587316
480 696 0 0.0042528684964006896 0.00052874045927121457
488 696 0 0.0039864003817856753 0.00050920276266802709
496 696 0 0.0037308326319889992 0.00048925528169590452
504 696 0 0.0034861930223284124 0.00046901818092742612
512 696 0 0.0032524678035719934 0.00044860683657974238
520 696 0 0.0030296045502403017 0.00042813102552033931
528 696 0 0.0028175145355460725 0.00040769417062069433
536 696 0 0.0026160747391638425 0.00038739267260240635
544 696 0 0.0024251296219885915 0.00036731535658508438
552 696 0 0.0022444928130125274 0.00034754305646552634
560 696 0 0.002073948847187361 0.00032814835270412622
568 696 0 0.0019132550715310623 0.00030919546999096364
576 696 0 0.0017621438033805948 0.00029074033165923832
584 696 0 0.0016203247842997562 0.00027283075864409107
592 696 0 0.0014874879308662385 0.00025550679315376832
600 696 0 0.001363306344280203 0.00023880112170131772
608 696 0 0.0012474395085320192 0.00022273956912383314
616 696 0 0.0011395365845827208 0.00020734163477183036
624 696 0 0.0010392396970516392 0.00019262104397612593
632 696 0 0.0009461871102333741 0.00017858629175323149
640 696 0 0.00086001620057563836 0.00016524116089437128
648 696 0 0.00078036615077997922 0.00015258520242717539
656 696 0 0.00070688031361075998 0.00014061417228462738
664 696 0 0.00063920821832467295 0.00012932042328975951
672 696 0 0.00057700721658205582 0.00011869325583255578
680 696 0 0.00051994378549087236 0.00010871923361232801
688 696 0 0.00046769452147101253 9.9382472454688888e-05
696 696 0 0.00041994686908217985 9.0664910557645734e-05
704 696 0 0.00037639963374285184 8.2546567774971426e-05
712 696 0 0.00033676332691749228 7.5005799991669539e-05
720 696 0 0.00030076038786095821 6.8019552610757989e-05
728 696 0 0.00026812531864522427 6.1563614974262859e-05
736 696 0 0.00023860476029089858 5.5612875466239862e-05
744 696 0 0.00021195752862956024 5.0141575309347653e-05
752 696 0 0.00018795462006171741 4.5123557808440275e-05
760 696 0 0.00016637919038690386 4.0532509074646313e-05
768 696 0 0.00014702650478762863 3.634218606971622e-05
776 696 0 0.00012970385396798706 3.2526628074708676e-05
784 696 0 0.00011423043025034332 2.9060348303567923e-05
792 696 0 0.00010043715780744944 2.5918503227245456e-05
800 696 0 8.8166472734951088e-05 2.3077038124293716e-05
808 696 0 7.7272050899145441e-05 2.0512808320381857e-05
816 696 0 6.7618484002491299e-05 1.8203676436809223e-05
824 696 0 5.9080906739808614e-05 1.6128586680190884e-05
832 696 0 5.1544580010808899e-05 1.4267617743800121e-05
840 696 0 4.4904436750622534e-05 1.2602016252307401e-05
848 696 0 3.906459797500645e-05 1.1114212881688855e-05
856 696 0 3.3937867124351662e-05 9.7878233530729423e-06
864 696 0 2.9445210799469887e-05 8.6076364670349264e-06
872 696 0 2.5515233613738104e-05 7.5595912469886918e-06
880 696 0 2.2083654253086405e-05 6.6307451261774402e-06
888 696 0 1.9092789044725787e-05 5.8092349647911724e-06
896 696 0 1.6491048478067052e-05 5.0842325367023985e-06
904 696 0 1.4232451265390617e-05 4.4458959867702635e-06
912 696 0 1.2276159720703518e-05 3.8853186314012618e-06
920 696 0 1.0586039497459416e-05 3.3944763550029317e-06
928 696 0 9.1302460681001363e-06 2.9661747391939634e-06
936 696 0 7.8808397489695704e-06 2.5939969460841534e-06
944 696 0 6.8134305661479495e-06 2.2722532587162586e-06
952 696 0 5.9068538132945923e-06 1.9959330598557553e-06
960 696 0 5.142876765668568e-06 1.7606599057877073e-06
968 696 0 4.5059366823263434e-06 1.5626502275127712e-06
976 696 0 3.9829099515474482e-06 1.3986760718525996e-06
984 696 0 3.562912015660279e-06 1.2660321841217979e-06
992 696 0 3.2371275543974601e-06 1.1625076366078377e-06
1000 696 0 2.9986703137662069e-06 1.0863621266373549e-06
1008 696 0 2.8424719410610301e-06 1.036307006626809e-06
1016 696 0 2.7651992236894497e-06 1.0114910666764532e-06
0 704 0 0.011300128295917417 0.00024680879414154706
8 704 0 0.01134076430798381 0.00024570473032736045
16 704 0 0.011421025315308243 0.00024346315882013345
24 704 0 0.0115389246303595 0.00024001909908326867
32 704 0 0.011691568725586439 0.00023527974791901808
40 704 0 0.011875255955464771 0.00022912980511734064
48 704 0 0.012085600093458798 0.00023207237810573753
56 704 0 0.012317672471564536 0.00024848332020874393
64 704 0 0.01256615579177328 0.00025934662298069018
72 704 0 0.01282550241475397 0.00026458770728587933
80 704 0 0.013090090122039849 0.00026458770728587933
88 704 0 0.013354368959638881 0.00026427883759903154
96 704 0 0.013612993737685694 0.00025862477804681344
104 704 0 0.013860937992325234 0.0002479442546395403
112 704 0 0.014093586606282868 0.00023264861395763323
120 704 0 0.014306805721138998 0.00021321911485613042
128 704 0 0.014496989948580803 0.00019018422744180447
136 704 0 0.014661088104279008 0.00016409815569820574
144 704 0 0.014796609671615621 0.00013552156733661301
152 704 0 0.014901614904308035 0.00014999172173496556
160 704 0 0.014974691876567796 0.00018397132314176314
168 704 0 0.015014923894454291 0.00021863982726985816
176 704 0 0.01502185052521619 0.00025371053603380489
184 704 0 0.014995425134983826 0.00028889063436578731
192 704 0 0.014935971314194919 0.00032388737156379376
200 704 0 0.014844139984579592 0.00035841382993736549
208 704 0 0.01472086838876086 0.00039219408435394419
216 704 0 0.014567341621656942 0.00042496761014162998
224 704 0 0.014384956915771185 0.00045649285429107817
232 704 0 0.014175290566806604 0.00048654994150658035
240 704 0 0.013940067190647814 0.00051494253823300938
248 704 0 0.013681130929961895 0.00054149894087868362
256 704 0 0.013400418257575257 0.00056607248659202615
264 704 0 0.013099932124638431 0.00058854140480639992
272 704 0 0.012781717340777024 0.00060880823522451583
280 704 0 0.012447837218307542 0.00062679893399353488
288 704 0 0.01210035163564039 0.00064246177651280066
296 704 0 0.011741296756716016 0.00065576614530352302
304 704 0 0.011372666673789335 0.00066670126770988596
312 704 0 0.010996397219720153 0.00067527494397489826
320 704 0 0.010614352131018195 0.00068151228420944981
328 704 0 0.010228311648050143 0.00068545445513470797
336 704 0 0.0098399635309314015 0.00068715742563082126
344 704 0 0.0094508963656930994 0.00068669069460101755
352 704 0 0.0090625949498240772 0.00068681229848588203
360 704 0 0.0086764374892827952 0.00068636866661755773
368 704 0 0.008293694315123324 0.00068382213850655231
376 704 0 0.0079155278359915714 0.00067926673804886983
384 704 0 0.0075429934771441918 0.00067280563178848986
392 704 0 0.0071770414081945254 0.00066454966567099441
400 704 0 0.0068185189198093996 0.00065461592131354183
408 704 0 0.0064681733636752607 0.00064312632792443581
416 704 0 0.0061266556117383509 0.00063020636084793955
424 704 0 0.0057945240145844514 0.00061598384918679951
432 704 0 0.0054722488430680692 0.00060058790431105624
440 704 0 0.0051602171837067147 0.00058414796978120773
448 704 0 0.0048587382316524772 0.00056679298280430841
456 704 0 0.0045680488919032708 0.00054865062912621762
464 704 0 0.0042883195671806363 0.00052984666821177719
472 704 0 0.0040196599864040254 0.00051050430417945176
480 704 0 0.0037621249161708566 0.00049074358022983301
488 704 0 0.0035157196020366649 0.00047068077974901038
496 704 0 0.0032804048069947646 0.00045042782499423459
504 704 0 0.0030561013491842148 0.00043009167314419757
512 704 0 0.0028426940852831588 0.00040977371828883466
520 704 0 0.0026400353347535723 0.00038956921548672935
528 704 0 0.0024479477871546624 0.00036956674839141003
536 704 0 0.0022662269746396234 0.00034984776452421902
544 704 0 0.0020946434201725116 0.00033048620181607997
552 704 0 0.0019329445863083656 0.00031154822670416177
560 704 0 0.0017808567488434349 0.00029309209834392611
568 704 0 0.0016380869054008057 0.00027516816613025658
576 704 0 0.0015043248037741421 0.00025781899960645267
584 704 0 0.001379245142403746 0.00024107964189601025
592 704 0 0.0012625099600142519 0.0002249779708519866
600 704 0 0.001153771197443776 0.00020953514683642697
608 704 0 0.0010526733856992838 0.00019476612283273538
616 704 0 0.00095885639297680085 0.00018068019160591994
624 704 0 0.00087195815129945088 0.00016728154575218837
632 704 0 0.00079161728083797938 0.00015456982939539472
640 704 0 0.00071747553606372279 0.00014254066451191557
648 704 0 0.00064918001094746327 0.00013118613983251594
656 704 0 0.00058638505820595105 0.00012049525540480893
664 704 0 0.00052875389763977064 0.00011045432068490231
672 704 0 0.00047595990853081089 0.00010104730805124494
680 704 0 0.0004276876188646235 9.2256166626248856e-05
688 704 0 0.00038363341834019823 8.4061103130814293e-05
696 704 0 0.00034350603187825951 7.6440837203920332e-05
704 704 0 0.00030702679541051383 6.937283833233801e-05
712 704 0 0.00027392977644111562 6.2833550476376653e-05
720 704 0 0.00024396177894716331 5.6798608913794895e-05
728 704 0 0.00021688226661500641 5.1243052030217859e-05
736 704 0 0.00019246323128042944 4.6141529010469142e-05
744 704 0 0.00017048902579754939 4.1468502832010855e-05
752 704 0 0.00015075617329446625 3.7198446767251157e-05
760 704 0 0.00013307315854992524 3.3306031836978619e-05
768 704 0 0.00011726020245616935 2.9766302331459278e-05
776 704 0 0.00010314901738144886 2.6554836586538207e-05
784 704 0 9.0582539659233622e-05 2.3647890591109701e-05
792 704 0 7.9414635195882813e-05 2.1022522611566628e-05
800 704 0 6.9509774988800078e-05 1.865669774615101e-05
808 704 0 6.0742678825393183e-05 1.6529372073752258e-05
816 704 0 5.2997927241047054e-05 1.4620556761444245e-05
824 704 0 4.6169543650758429e-05 1.2911363089050185e-05
832 704 0 4.0160550203913227e-05 1.1384029806895672e-05
840 704 0 3.4882502194949385e-05 1.0021934555673149e-05
848 704 0 3.0255006721795345e-05 8.8095912532111042e-06
856 704 0 2.6205231712371086e-05 7.7326354119805763e-06
864 704 0 2.2667411479687869e-05 6.7777993197820176e-06
872 704 0 1.9582354691665534e-05 5.9328789220725704e-06
880 704 0 1.6896960139825778e-05 5.1866941132606269e-06
888 704 0 1.4563745048107095e-05 4.5290439966186925e-06
896 704 0 1.2540389955186824e-05 3.9506585228802276e-06
904 704 0 1.0789303490591019e-05 3.4431477747995982e-06
912 704 0 9.2772096880857488e-06 2.9989500326177695e-06
920 704 0 7.974759863987045e-06 2.6112796334723708e-06
928 704 0 6.8561705439290241e-06 2.2740755241711122e-06
936 704 0 5.8988884504159201e-06 1.9819512985536504e-06
944 704 0 5.0832831606939665e-06 1.7301474054539831e-06
952 704 0 4.3923677035763643e-06 1.514486109718228e-06
960 704 0 3.8115470787440373e-06 1.3313296869245307e-06
968 704 0 3.3283944484960851e-06 1.1775422338302582e-06
976 704 0 2.9324545679710118e-06 1.0504553835764364e-06
984 704 0 2.6150738854093145e-06 9.4783813025096452e-07
992 704 0 2.3692566599551748e-06 8.6787089444228531e-07
1000 704 0 2.1895464115252717e-06 8.0912390224093524e-07
1008 704 0 2.071932034905482e-06 7.7053990615554806e-07
1016 704 0 2.0137779758985405e-06 7.5142124779090919e-07
0 712 0 0.011472557253141934 0.00017242895722451718
8 712 0 0.011511846337754716 0.00017108202977090571
16 712 0 0.011589387404830174 0.00016836208952193156
24 712 0 0.011703143265733136 0.00016421863537363635
32 712 0 0.011850148726980408 0.00017646524603461
40 712 0 0.012026613973015018 0.00020143995528317492
48 712 0 0.012228053928298193 0.0002213831524652838
56 712 0 0.012449437080763476 0.00023590940628605457
64 712 0 0.012685346487049531 0.00024479890484202863
72 712 0 0.01293014539189156 0.00024799468972882752
80 712 0 0.013178140081620387 0.00024799468972882752
88 712 0 0.013423733220589882 0.00024559313896949445
96 712 0 0.013661561922807187 0.00023782870221730583
104 712 0 0.013886616096582316 0.00022505417377512854
112 712 0 0.014094334058113483 0.00020771796153116681
120 712 0 0.014280673923991943 0.00018633986587845985
128 712 0 0.014442160749249595 0.00016148682525765276
136 712 0 0.014575910676138022 0.0001742543964483468
144 712 0 0.014679634419378832 0.00020532965612073129
152 712 0 0.01475162318257307 0.00023729447436500808
160 712 0 0.014790720553426033 0.00026988524847184302
168 712 0 0.014796284067184433 0.00030282424961608663
176 712 0 0.014768139989182385 0.000335825672732196
184 712 0 0.014706534500618039 0.00036860176197357764
192 712 0 0.014612083942631126 0.00040086874981143557
200 712 0 0.014485726154642227 0.00043235237613786955
208 712 0 0.014328674304406916 0.00046279279439845507
216 712 0 0.014142374011515312 0.00049194872127434307
224 712 0 0.013928464061480107 0.00051960074070462117
232 712 0 0.013688740625300023 0.00054555372784101212
240 712 0 0.013425124652414805 0.00056963840979163717
248 712 0 0.013139631989083212 0.00059171212420052258
256 712 0 0.012834345770983231 0.0006116588711072863
264 712 0 0.012511390719832031 0.00062938877645301802
272 712 0 0.012172909105552509 0.0006448370964928906
280 712 0 0.011821038284314007 0.00065796289181808097
288 712 0 0.011457889859127589 0.00066874748925091314
296 712 0 0.011085530611412493 0.00067719283190527564
304 712 0 0.010705965406079449 0.00068331979503159779
312 712 0 0.010321122275745255 0.00068716652087408639
320 712 0 0.0099328398468087453 0.0006887868024678459
328 712 0 0.0095428571929154354 0.00068824852644003634
336 712 0 0.0091528061053005802 0.00068715742563082126
344 712 0 0.0087642056710920818 0.00068669069460101755
352 712 0 0.0083784589646801137 0.00068413598514396358
360 712 0 0.007996851594818475 0.00067958589446432023
368 712 0 0.0076205518173687661 0.00067314249775455789
376 712 0 0.0072506119214118111 0.00066491591457976031
384 712 0 0.0068879706209418684 0.00065502285620232335
392 712 0 0.006533456228049947 0.00064358518014457841
400 712 0 0.0061877904369217751 0.00063072848288762452
408 712 0 0.0058515926013775737 0.00061658076229768703
416 712 0 0.0055253844336173811 0.00060127117812096981
424 712 0 0.005209595082349844 0.0005849289322346074
432 712 0 0.0049045665617846951 0.00056768228128337411
440 712 0 0.0046105594995458953 0.00054965768416081941
448 712 0 0.004327759154757381 0.00053097907689509619
456 712 0 0.0040562816327449442 0.00051176725915832652
464 712 0 0.0037961801963349341 0.00049213937084570218
472 712 0 0.0035474515518203794 0.00047220843458364598
480 712 0 0.0033100419753831728 0.00045208294078768379
488 712 0 0.0030838531463276741 0.00043186645570899088
496 712 0 0.0028687475678858053 0.00041165723910895936
504 712 0 0.0026645534833520898 0.00039154786583212508
512 712 0 0.0024710692317562121 0.00037162485352694669
520 712 0 0.0022880670287283998 0.00035196830602517246
528 712 0 0.0021152961996327912 0.00033265158752187121
536 712 0 0.0019524859285912301 0.00031374104604839337
544 712 0 0.0017993476146976083 0.00029529580547490324
552 712 0 0.0016555769428718565 0.00027736764343650909
560 712 0 0.0015208557803600363 0.00026000096848339854
568 712 0 0.0013948540014036791 0.00024323290399712663
576 712 0 0.0012772313240368891 0.000227093479737253
584 712 0 0.0011676392173191321 0.00021160592508461386
592 712 0 0.0010657229081322886 0.00019678705188196327
600 712 0 0.0009711234875848429 0.00018264770985893311
608 712 0 0.00088348009130843441 0.00016919329439084936
616 712 0 0.00080243210799770719 0.00015642428497909366
624 712 0 0.00072762135797248078 0.0001443367933269701
632 712 0 0.00065869417884418808 0.0001329231019937913
640 712 0 0.00059530335809966227 0.00012217217796406052
648 712 0 0.00053710986134584244 0.00011207014960162083
656 712 0 0.00048378431832831115 0.0001026007398776399
664 712 0 0.00043500824463288325 9.3745653006887392e-05
672 712 0 0.00039047499321069189 8.5484915320118999e-05
680 712 0 0.00034989044478953826 7.7797174075085239e-05
688 712 0 0.00031297345851577014 7.0659959824428097e-05
696 712 0 0.00027945611297985684 6.4049918898402677e-05
704 712 0 0.00024908377279746967 5.7943022613044166e-05
712 712 0 0.00022161501729260142 5.2314759148514207e-05
720 712 0 0.00019682146607357155 4.7140312873591766e-05
728 712 0 0.0001744875321635183 4.2394734451488113e-05
736 712 0 0.00015441012771379804 3.8053103566631396e-05
744 712 0 0.00013639834105415129 3.4090684743398099e-05
752 712 0 0.00012027309767650494 3.0483075617961314e-05
760 712 0 0.00010586681229967824 2.7206346250247004e-05
768 712 0 9.3023034808239319e-05 2.4237167647930035e-05
776 712 0 8.1596089784803584e-05 2.1552927596645274e-05
784 712 0 7.1450707564597572e-05 1.913183209463605e-05
792 712 0 6.2461644095679865e-05 1.6952991100202948e-05
800 712 0 5.451328715521152e-05 1.4996487833588558e-05
808 712 0 4.749924737305726e-05 1.3243431452335923e-05
816 712 0 4.1321933767156099e-05 1.1675993473890955e-05
824 712 0 3.5892114849075211e-05 1.0277428801683217e-05
832 712 0 3.112846761344237e-05 9.0320825904708572e-06
840 712 0 2.695711774419981e-05 7.9253844507495755e-06
848 712 0 2.3311175078859458e-05 6.9438316429358873e-06
856 712 0 2.0130268749099257e-05 6.0749629632718288e-06
864 712 0 1.7360086484755453e-05 5.3073249949324162e-06
872 712 0 1.4951922379617123e-05 4.6304323120484114e-06
880 712 0 1.2862237037071569e-05 4.034723102754209e-06
888 712 0 1.1052233509941838e-05 3.5115115381652564e-06
896 712 0 9.4874518840675701e-06 3.0529380711192544e-06
904 712 0 8.1373847800354708e-06 2.651918710555548e-06
912 712 0 6.9751154988386122e-06 2.3020941892471366e-06
920 712 0 5.9769800384069573e-06 1.9977798255800877e-06
928 712 0 5.1222537705635792e-06 1.733916773365445e-06
936 712 0 4.39286319502188e-06 1.50602525539404e-06
944 712 0 3.7731228760538687e-06 1.3101602846400978e-06
952 712 0 3.2494974132878097e-06 1.1428702902885546e-06
960 712 0 2.8103880951271688e-06 1.0011589836168685e-06
968 712 0 2.4459437268189951e-06 8.8245072167709007e-07
976 712 0 2.1478950120218822e-06 7.8455955594912965e-07
984 712 0 1.9094117950365791e-06 7.0566209037273536e-07
992 712 0 1.7249824397789585e-06 6.442742201762163e-07
1000 712 0 1.5903146303766711e-06 5.992317811486006e-07
1008 712 0 1.5022569256402329e-06 5.6967510926524905e-07
1016 712 0 1.4587404830426381e-06 5.5503749285590247e-07
0 720 0 0.011566840398829235 9.4283145687301326e-05
8 720 0 0.011604566044211426 9.2719706456710627e-05
16 720 0 0.011678962011115552 0.00010899405175739292
24 720 0 0.011787956062872945 0.00014057778549762465
32 720 0 0.01192853384837057 0.00016831233033103021
40 720 0 0.0120968461787016 0.00019149707486231307
48 720 0 0.012288343253563913 0.00020958580759329951
56 720 0 0.012497929061157213 0.00022219931471640503
64 720 0 0.012720128375873618 0.00022913009217371064
72 720 0 0.012949258468047328 0.00023033935465506701
80 720 0 0.013179597822702395 0.00023033935465506701
88 720 0 0.013405544805645176 0.00022594698294278043
96 720 0 0.013621760248033365 0.00021621544238818909
104 720 0 0.013823289250610974 0.0002015290025776089
112 720 0 0.014005659024075794 0.0001823697734648199
120 720 0 0.014164951162634323 0.00020356810719001674
128 720 0 0.014297848276374545 0.00023153711417713517
136 720 0 0.014401656279689675 0.00026054230747405219
144 720 0 0.014474304763258101 0.00029035266158479282
152 720 0 0.014514328708208062 0.00032071756501054344
160 720 0 0.01452083530495419 0.00035137168640180308
168 720 0 0.014493459817568347 0.00038204037829986728
176 720 0 0.014432314316450189 0.0004124453753659163
184 720 0 0.014337932738644461 0.00044231053713678081
192 720 0 0.01421121519281969 0.00047136739364508039
200 720 0 0.014053373778504357 0.00049936027474527418
208 720 0 0.013865881510008461 0.00052605083869240385
216 720 0 0.013650425290240969 0.00055122185952811292
224 720 0 0.013408863320775486 0.00057468018259427232
232 720 0 0.013143186897459011 0.00059625880913166673
240 720 0 0.012855486242623167 0.00061581812054689079
248 720 0 0.012547919864882689 0.00063324629700916082
256 720 0 0.012222686899875945 0.00064845902068620155
264 720 0 0.011882001943379013 0.00066139857915735456
272 720 0 0.011528072009059618 0.00067203249840495916
280 720 0 0.011163075392495926 0.00068035183741471314
288 720 0 0.010789142369876676 0.00068636926895044963
296 720 0 0.010408337779507218 0.00069011705548045234
304 720 0 0.010022645611047851 0.00069164500806731706
312 720 0 0.0096339557548711686 0.00069101849211286592
320 720 0 0.0092440530443408993 0.0006887868024678459
328 720 0 0.0088546086664753991 0.00068824852644003634
336 720 0 0.0084671739351852779 0.00068563217011530231
344 720 0 0.0080831763316740225 0.00068102933941805929
352 720 0 0.00770391763344082 0.00067454133123929366
360 720 0 0.0073305738884499585 0.00066627770636851647
368 720 0 0.0069641969518983151 0.000656354865470451
376 720 0 0.0066057172921792093 0.00064489462923260181
384 720 0 0.0062559477880090291 0.00063202283293283933
392 720 0 0.0059155882744331848 0.00061786795361676219
400 720 0 0.005585230643406618 0.00060255979351515714
408 720 0 0.0052653643559332809 0.00058622824544429276
416 720 0 0.0049563822691672775 0.00056900216445010358
424 720 0 0.0046585867171830492 0.00055100836516679477
432 720 0 0.0043721958047679864 0.00053237075701670876
440 720 0 0.0040973498789805014 0.00051320962056539392
448 720 0 0.0038341181354543132 0.00049364101930306778
456 720 0 0.003582505299684618 0.00047377633306032625
464 720 0 0.0033424583031379435 0.00045372189319699057
472 720 0 0.0031138728554998387 0.00043357869632054073
480 720 0 0.0028965998024943567 0.00041344217288881609
488 720 0 0.0026904511568148059 0.00039340198951286817
496 720 0 0.0024952056992745362 0.00037354186861126909
504 720 0 0.0023106140678462285 0.00035393941550586122
512 720 0 0.0021364032815969604 0.00033466595015925167
520 720 0 0.0019722806811525036 0.00031578634757589621
528 720 0 0.0018179373030728272 0.00029735889655996403
536 720 0 0.0016730507382049541 0.00027943519038627594
544 720 0 0.001537287550087808 0.00026206006460980031
552 720 0 0.0014103053462419756 0.00024527159662988095
560 720 0 0.0012917546014187791 0.00022910117894125721
568 720 0 0.0011812803277156656 0.00021357367368801347
576 720 0 0.0010785236732410229 0.00019870765079586621
584 720 0 0.00098312351104388085 0.00018451570627525129
592 720 0 0.00089471805620249499 0.00017100485192979363
600 720 0 0.00081294652433962558 0.00015817696324521731
608 720 0 0.00073745082221686226 0.00014602926909157215
616 720 0 0.00066787724272001118 0.00013455486527769601
624 720 0 0.00060387812398649194 0.00012374323398598884
632 720 0 0.00054511342630006378 0.0001135807525441243
640 720 0 0.00049125218052645107 0.0001040511775732112
648 720 0 0.00044197376743406976 9.5136093911772678e-05
656 720 0 0.00039696899689091789 8.6815321437393265e-05
664 720 0 0.00035594096804002814 7.9067276592855113e-05
672 720 0 0.0003186057044814265 7.186928872926539e-05
680 720 0 0.00028469257073810193 6.5197874051436337e-05
688 720 0 0.00025394448667430332 5.9028971841466817e-05
696 720 0 0.00022611796427874631 5.3338148701110531e-05
704 720 0 0.0002009829959553416 4.8100776842128064e-05
712 720 0 0.00017832282520298943 4.329219208961199e-05
720 720 0 0.00015793362965683667 3.8887836416734873e-05
728 720 0 0.00013962414347240321 3.4863388691115096e-05
736 720 0 0.00012321524164504651 3.1194886068751533e-05
744 720 0 0.00010853950377195022 2.7858837282201067e-05
752 720 0 9.5440769618490161e-05 2.4832328058014777e-05
760 720 0 8.3773694157425116e-05 2.2093118142253122e-05
768 720 0 7.3403305862977566e-05 1.9619728945261753e-05
776 720 0 6.4204569153449885e-05 1.7391520631353699e-05
784 720 0 5.6061950025970995e-05 1.5388757538626577e-05
792 720 0 4.8868983033785755e-05 1.359266106189411e-05
800 720 0 4.2527837653490389e-05 1.1985449501721131e-05
808 720 0 3.694888256364837e-05 1.055036480940889e-05
816 720 0 3.205024718301446e-05 9.2716865841416384e-06
824 720 0 2.7757380789234178e-05 8.1347340598410328e-06
832 720 0 2.4002610487369632e-05 7.1258571260727376e-06
840 720 0 2.0724700099248245e-05 6.2324176449515652e-06
848 720 0 1.7868412626186859e-05 5.4427624526725988e-06
856 720 0 1.538407927088942e-05 4.7461894782098369e-06
864 720 0 1.3227178097341342e-05 4.1329083874141109e-06
872 720 0 1.1357925293887671e-05 3.5939970857294514e-06
880 720 0 9.7408817324041376e-06 3.1213553046674314e-06
888 720 0 8.3445771382771445e-06 2.7076563716646936e-06
896 720 0 7.1411537517009206e-06 2.3462981323666495e-06
904 720 0 6.1060309126568562e-06 2.0313538673786146e-06
912 720 0 5.2175915716471474e-06 1.7575239271914648e-06
920 720 0 4.456891336914757e-06 1.5200887014922003e-06
928 720 0 3.8073903280703988e-06 1.3148634424931803e-06
936 720 0 3.2547078198637576e-06 1.1381553751581224e-06
944 720 0 2.7863994272915973e-06 9.8672344876227136e-07
952 720 0 2.3917564005102903e-06 8.5774101277751946e-07
960 720 0 2.0616264602955761e-06 7.4876163483159269e-07
968 720 0 1.7882555074998195e-06 6.5768821931917557e-07
976 720 0 1.5651494794307593e-06 5.8274553259112285e-07
984 720 0 1.3869555996864778e-06 5.2245619535010127e-07
992 720 0 1.2493622738903793e-06 4.7562016588857921e-07
1000 720 0 1.1490169204657935e-06 4.4129770991087759e-07
1008 720 0 1.083461091357441e-06 4.1879583428279195e-07
1016 720 0 1.0510823300590615e-06 4.0765815298357652e-07
0 728 0 0.011580808853082885 6.6835364958313034e-05
8 728 0 0.011616784343808239 7.0885632771881465e-05
16 728 0 0.01168766997658012 0.00010370457933197956
24 728 0 0.0117913745559121 0.00013348340537443215
32 728 0 0.011924857961286532 0.00015938350490395971
40 728 0 0.012084241466190491 0.00018070429622746471
48 728 0 0.012264945762417956 0.00019690394575468638
56 728 0 0.012461849708172643 0.00020761227937840868
64 728 0 0.012669461987551051 0.00021263555192723924
72 728 0 0.012882097539478291 0.00021263555192723924
80 728 0 0.013094050790603953 0.00021195325112566277
88 728 0 0.013299758375658234 0.00020570758505428048
96 728 0 0.013493945082834406 0.00021374855136975686
104 728 0 0.013671748125914266 0.00023725689729083531
112 728 0 0.013828816405385963 0.00026207003479560703
120 728 0 0.013961383055444306 0.00028801228802585559
128 728 0 0.01406631116219741 0.00031488480257483784
136 728 0 0.014141113972215623 0.00034246778469822041
144 728 0 0.014183952101673308 0.00037052362830462988
152 728 0 0.014193611143197518 0.00039880081983643435
160 728 0 0.014169463618552387 0.00042703846888118673
168 728 0 0.014111419439268479 0.00045497127868825323
176 728 0 0.014019868941084273 0.0004823347480759025
184 728 0 0.01389562220150768 0.00050887038613255803
192 728 0 0.01373984779917461 0.00053433072436210455
200 728 0 0.013554013503759083 0.00055848392720924019
208 728 0 0.013339830671316057 0.00058111782992402439
216 728 0 0.013099203430712856 0.00060204327026364655
224 728 0 0.012834183138181214 0.00062109662461945145
232 728 0 0.012546928088327344 0.00063814150635884206
240 728 0 0.012239668122076277 0.00065306963087578655
248 728 0 0.011914673567873528 0.00066580089460291196
256 728 0 0.011574227879189743 0.00067628275108508502
264 728 0 0.011220603364221659 0.00068448899391979415
272 728 0 0.010856039510654659 0.00069041807263406536
280 728 0 0.010482723555081213 0.00069409107310067393
288 728 0 0.010102773100926226 0.00069554948960195463
296 728 0 0.0097182207240267653 0.00069485290269216855
304 728 0 0.0093310006029805343 0.00069207665780769007
312 728 0 0.0089429372627583027 0.00069101849211286592
320 728 0 0.0085557365243925515 0.00068831651994834785
328 728 0 0.0081709787176592538 0.00068362994881614528
336 728 0 0.0077901141495210421 0.00067705978566423575
344 728 0 0.0074144607431719488 0.00066871558850207374
352 728 0 0.0070452036852501395 0.00065871394819068049
360 728 0 0.0066833968543925136 0.00064717703405744488
368 728 0 0.0063299657612883413 0.00063423119060997384
376 728 0 0.0059857117127598359 0.00062000557941937345
384 728 0 0.0056513169197136663 0.00060463086829536279
392 728 0 0.00532735029686784 0.00058823797756534478
400 728 0 0.0050142737441805701 0.00057095689922604786
408 728 0 0.0047124487479372201 0.00055291560799606079
416 728 0 0.00442214318576898 0.00053423908339829754
424 728 0 0.0041435382581838584 0.00051504845899919081
432 728 0 0.003876735495421068 0.00049546030934691839
440 728 0 0.0036217638011218117 0.00047558607785868961
448 728 0 0.0033785864944745002 0.00045553164097981297
456 728 0 0.0031471083032004023 0.00043539699648421568
464 728 0 0.0029271822453477356 0.00041527605779020796
472 728 0 0.0027186163231435797 0.00039525653235625898
480 728 0 0.0025211799415017938 0.00037541986099256294
488 728 0 0.0023346099605164598 0.00035584119629834604
496 728 0 0.0021586162971850642 0.00033658940208947195
504 728 0 0.0019928870068332293 0.00031772706101299919
512 728 0 0.0018370927978248232 0.00029931048377213726
520 728 0 0.001690890961491887 0.00028138971966061663
528 728 0 0.0015539287294369 0.00026400857363592721
536 728 0 0.0014258460989013929 0.00024720463930356126
544 728 0 0.0013062781905685287 0.00023100935951927927
552 728 0 0.0011948572195600814 0.00021544812668189417
560 728 0 0.0010912141681384312 0.00020054043328034793
568 728 0 0.00099498024752071412 0.00018630008019495151
576 728 0 0.00090578822712524291 0.00017273544611577998
584 728 0 0.00082327369424128687 0.00015984981680259398
592 728 0 0.00074707628785085215 0.00014764176835164284
600 728 0 0.00067684092966462757 0.00013610559467499802
608 728 0 0.00061221905577783157 0.00012523176643903068
616 728 0 0.00055286983572248915 0.00011500740699752203
624 728 0 0.00049846135351416777 0.00010541677047232417
632 728 0 0.00044867171829668975 9.6441708003374034e-05
640 728 0 0.00040319007042327598 8.8062110103175083e-05
648 728 0 0.00036171745172294427 8.0256315711125495e-05
656 728 0 0.00032396751528277233 7.3001481608145563e-05
664 728 0 0.00028966705905983842 6.6273908980189723e-05
672 728 0 0.00025855637767371219 6.0049326807714307e-05
680 728 0 0.00023038943656568069 5.4303134172421232e-05
688 728 0 0.00020493388131196318 4.9010605362340137e-05
696 728 0 0.00018197090151877101 4.41470627599753e-05
704 728 0 0.0001612949730195448 3.9688022935796806e-05
712 728 0 0.00014271350397600499 3.5609321226984442e-05
720 728 0 0.00012604641016620546 3.1887219490631211e-05
728 728 0 0.0001111256426362512 2.8498500836152008e-05
736 728 0 9.7794687525534245e-05 2.5420554119512262e-05
744 728 0 8.5908053809862631e-05 2.263144996208759e-05
752 728 0 7.5330760467843535e-05 2.0110009150646626e-05
760 728 0 6.5937830599755413e-05 1.7835863557669703e-05
768 728 0 5.761379663154251e-05 1.5789509231435056e-05
776 728 0 5.0252218105729155e-05 1.395235104772073e-05
784 728 0 4.3755211758971798e-05 1.2306738266999197e-05
792 728 0 3.8032992572500961e-05 1.0835990461284794e-05
800 728 0 3.3003424141490676e-05 9.5244135119997126e-06
808 728 0 2.8591576882391938e-05 8.3573056812564318e-06
816 728 0 2.4729293107566738e-05 7.3209540754477224e-06
824 728 0 2.1354758676316373e-05 6.4026221129178052e-06
832 728 0 1.8412081638068856e-05 5.5905288493007763e-06
840 728 0 1.5850878909816213e-05 4.873821189432032e-06
848 728 0 1.3625872507185454e-05 4.2425401190014052e-06
856 728 0 1.1696497144445109e-05 3.6875821264443118e-06
864 728 0 1.0026521131305461e-05 3.2006569660358817e-06
872 728 0 8.5836824438225838e-06 2.7742428500650876e-06
880 728 0 7.3393416669825501e-06 2.4015400654215875e-06
888 728 0 6.2681532373174528e-06 2.0764239009596917e-06
896 728 0 5.3477560943260908e-06 1.7933976573748298e-06
904 728 0 4.5584845136966233e-06 1.5475463989602329e-06
912 728 0 3.8830995700796415e-06 1.3344920015675059e-06
920 728 0 3.3065413809688403e-06 1.1503499559459167e-06
928 728 0 2.8157020270026121e-06 9.9168830106778676e-07
936 728 0 2.3992188323248282e-06 8.5548898753892945e-07
944 728 0 2.0472875216428165e-06 7.3911190564878079e-07
952 728 0 1.7514946456407191e-06 6.4026175486957122e-07
960 728 0 1.5046685795301361e-06 5.5695788076543998e-07
968 728 0 1.3007483466610325e-06 4.87507160838787e-07
976 728 0 1.1346694966674376e-06 4.304799827633217e-07
984 728 0 1.0022662726999442e-06 3.8468932698653369e-07
992 728 0 9.0018933266723964e-07 3.4917294122313968e-07
1000 728 0 8.2583834322135889e-07 3.2317857724443458e-07
1008 728 0 7.7730884065519083e-07 3.0615225070225017e-07
1016 728 0 7.5335284780790861e-07 2.9772948225115293e-07
0 736 0 0.011513973488124572 0.00014642468168356466
8 736 0 0.011548044400431638 0.00014844988895899511
16 736 0 0.011615119199239632 0.00015249366864378625
24 736 0 0.011713104097951779 0.00015854233057339788
32 736 0 0.011838956956106751 0.00016657431162527339
40 736 0 0.011988799724994326 0.00017655900670250115
48 736 0 0.012158059123342236 0.00018845531574835858
56 736 0 0.012341628413953516 0.00020220999382638064
64 736 0 0.012534042296751662 0.00021775590821479333
72 736 0 0.012729656587665889 0.00023501031965798835
80 736 0 0.012922824521803978 0.0002538733133385894
88 736 0 0.013108062170847735 0.00027422650775070154
96 736 0 0.013280196531464649 0.00029593216559038911
104 736 0 0.013434491228623431 0.00031883281943670579
112 736 0 0.013566746370590356 0.00034275150620344946
120 736 0 0.013673370767418451 0.00036749267844869531
128 736 0 0.013751426359622572 0.00039284382858584266
136 736 0 0.013798646187517402 0.00041857782539715498
144 736 0 0.013813428473368678 0.000444455923104577
152 736 0 0.013794810323361084 0.00047023136411804452
160 736 0 0.0137424251496712 0.0004956534602011415
168 736 0 0.013656448160580226 0.00052047200591091511
176 736 0 0.01353753419300837 0.00054444185526341705
184 736 0 0.013386751815375122 0.00056732747962279055
192 736 0 0.013205517074812505 0.00058890732305804869
200 736 0 0.012995529576549843 0.00060897778122414974
208 736 0 0.012758712841392033 0.00062735665062067444
216 736 0 0.01249716016044921 0.00064388592534569966
224 736 0 0.012213086513561762 0.00065843385587347099
232 736 0 0.011908786581968502 0.00067089622601507193
240 736 0 0.01158659849120049 0.00068119684681619899
248 736 0 0.011248872673270616 0.00068928730643352462
256 736 0 0.010897945128104658 0.00069514605003343118
264 736 0 0.010536114370301865 0.00069877689107552231
272 736 0 0.010165621438020593 0.00070020707337438252
280 736 0 0.009788632481980539 0.00069948501139965348
288 736 0 0.0094072236113242717 0.0006966778346467889
296 736 0 0.0090233678213345967 0.00069485290269216855
304 736 0 0.0086389239451728442 0.00069207665780769007
312 736 0 0.0082556276460343525 0.00068730961672395022
320 736 0 0.0078750844942594971 0.00068065203013305438
328 736 0 0.0074987651603834514 0.00067221355727580239
336 736 0 0.0071280027098159721 0.00066211143970507005
344 736 0 0.0067639919209303671 0.00065046882224158165
352 736 0 0.0064077904796158245 0.000637413205634315
360 736 0 0.0060603218421366551 0.0006230750122558585
368 736 0 0.0057223795136799914 0.00060758624760834986
376 736 0 0.0053946324674872701 0.00059107924527256571
384 736 0 0.0050776314299990719 0.00057368548971459439
392 736 0 0.0047718157783345752 0.00055553451853326483
400 736 0 0.0044775208322719974 0.00053675291190857267
408 736 0 0.0041949853667958125 0.00051746338114140762
416 736 0 0.0039243592161302722 0.00049778396963870777
424 736 0 0.0036657108798328728 0.00047782737835098564
432 736 0 0.0034190350716067483 0.0004577004238143197
440 736 0 0.003184260169868803 0.00043750363125300874
448 736 0 0.0029612555359121392 0.00041733095856236104
456 736 0 0.002749838662799921 0.00039726964040048135
464 736 0 0.002549782109350575 0.00037740013599716054
472 736 0 0.0023608201627700423 0.00035779616037353744
480 736 0 0.0021826551645869451 0.00033852477691484863
488 736 0 0.0020149634307293249 0.00031964652978713499
496 736 0 0.0018574006998298993 0.00030121559735516498
504 736 0 0.0017096070547403582 0.00028327995209287112
512 736 0 0.0015712112799851445 0.00026588151783967862
520 736 0 0.0014418346405744025 0.00024905632091748453
528 736 0 0.0013210940925681854 0.00023283463686871457
536 736 0 0.0012086049601037791 0.00021724113879761377
544 736 0 0.0011039831345063147 0.00020229505606221402
552 736 0 0.001006846866401512 0.0001880103531585694
560 736 0 0.00091681823006623973 0.00017439593807219147
568 736 0 0.00083352434016228092 0.0001614559073584332
576 736 0 0.00075659839499906322 0.00014918983212617969
584 736 0 0.00068568060883534795 0.00013759308540593892
592 736 0 0.00062041908026888234 0.00012665720758196981
600 736 0 0.00056047062654412895 0.00011637030312049862
608 736 0 0.00050550159667060864 0.00010671745910722293
616 736 0 0.00045518866135406259 9.768117436842656e-05
624 736 0 0.00040921956621121279 8.9241787302954975e-05
632 736 0 0.00036729382732447968 8.1377890972210063e-05
640 736 0 0.000329123345083186 7.4066725340089985e-05
648 736 0 0.00029443291312661465 6.7284538596329619e-05
656 736 0 0.00026296060332457158 6.1006911958200747e-05
664 736 0 0.00023445801411958671 5.5209044940251708e-05
672 736 0 0.00020869037712688098 4.9866000546831216e-05
680 736 0 0.00018543652460026869 4.4952911965412e-05
688 736 0 0.00016448872733690743 4.0445153975055752e-05
696 736 0 0.00014565241815685956 3.631848336191145e-05
704 736 0 0.00012874581986923632 3.2549153150308478e-05
712 736 0 0.00011359949850577095 2.911400547023404e-05
720 736 0 0.000100055862677469 2.5990547488736462e-05
728 736 0 8.7968628479293248e-05 2.315701415695795e-05
736 736 0 7.7202266830435375e-05 2.059242069509887e-05
744 736 0 6.763144693571297e-05 1.827660687414966e-05
752 736 0 5.9140486113512426e-05 1.6190274354331109e-05
760 736 0 5.1622812923166121e-05 1.4315017676589292e-05
768 736 0 4.4980447615712487e-05 1.2633349015830023e-05
776 736 0 3.9123501600717266e-05 1.112871650501189e-05
784 736 0 3.3969695942839659e-05 9.7855158161321392e-06
792 736 0 2.9443897863842282e-05 8.5890947086586794e-06
800 736 0 2.5477673752432609e-05 7.525750389058067e-06
808 736 0 2.200885715800656e-05 6.5827197243853776e-06
816 736 0 1.8981130529172523e-05 5.7481625783942149e-06
824 736 0 1.6343619919650453e-05 5.0111387566659201e-06
832 736 0 1.4050502405042481e-05 4.3615792330263752e-06
840 736 0 1.2060626442084912e-05 3.7902524677313007e-06
848 736 0 1.0337145794930261e-05 3.2887267122551931e-06
856 736 0 8.8471679173001022e-06 2.8493292271450063e-06
864 736 0 7.5614178064729473e-06 2.4651033248325132e-06
872 736 0 6.4539183455357781e-06 2.1297640982868057e-06
880 736 0 5.501688047079775e-06 1.8376536199027751e-06
888 736 0 4.6844569336726333e-06 1.5836963036448195e-06
896 736 0 3.9844010680393307e-06 1.3633550262867601e-06
904 736 0 3.3858960060992254e-06 1.1725885075973979e-06
912 736 0 2.8752892108205579e-06 1.0078103592590836e-06
920 736 0 2.4406912501124559e-06 8.6585013085638439e-07
928 736 0 2.0717854175330278e-06 7.4391660946958425e-07
936 736 0 1.759655265180135e-06 6.395635671446932e-07
944 736 0 1.4966294246048883e-06 5.5065809703792824e-07
952 736 0 1.2761430122655524e-06 4.7535163337516669e-07
960 736 0 1.0926148678986454e-06 4.1205371163149075e-07
968 736 0 9.4133985378593427e-07 3.5940849287509822e-07
976 736 0 8.1839544698723921e-07 3.1627404968019841e-07
984 736 0 7.2056188241131151e-07 2.8170439028863265e-07
992 736 0 6.4525514984414449e-07 2.5493418282309516e-07
1000 736 0 5.9047221085585987e-07 2.3536613236549903e-07
1008 736 0 5.5474788012594448e-07 2.2256096052924635e-07
1016 736 0 5.3712290834154295e-07 2.1622993946636566e-07
0 744 0 0.011367548806441008 0.00022313226631129682
8 744 0 0.011399594511472643 0.00022524379673071089
16 744 0 0.011462625530595846 0.00022945213018397623
24 744 0 0.011554561767378381 0.00023572774066850724
32 744 0 0.011672382644481477 0.0002440261659760138
40 744 0 0.011812240718291825 0.00025428781412100213
48 744 0 0.011969603807593878 0.00026643773076536793
56 744 0 0.012139418420127135 0.0002803853525218062
64 744 0 0.012316286388536869 0.00029602428005618027
72 744 0 0.0124946462680079 0.00031323211451009074
80 744 0 0.012668951208465389 0.00033187040999267149
88 744 0 0.012833835663097034 0.00035178480252775167
96 744 0 0.01298426436587426 0.00037280538053253119
104 744 0 0.013115658409186725 0.00039474736233406117
112 744 0 0.013223994864386907 0.00041741214131858079
120 744 0 0.013305878088969755 0.00044058874839237802
128 744 0 0.013358582531036729 0.00046405576440985974
136 744 0 0.013380068362120247 0.00048758369264423514
144 744 0 0.013368972550264101 0.00051093777445907103
152 744 0 0.013324578959243039 0.00053388120190525981
160 744 0 0.013246771689470058 0.00055617865130385379
168 744 0 0.013135976154669311 0.00057760003451310521
176 744 0 0.012993092337744953 0.00059792434205523277
184 744 0 0.012819424335752332 0.00061694343685531582
192 744 0 0.012616609751754456 0.00063446565075885204
200 744 0 0.012386551795325693 0.00065031903924573677
208 744 0 0.012131356190771358 0.00066435416297534744
216 744 0 0.01185327423510351 0.00067644628719431416
224 744 0 0.011554652657688291 0.00068649691996604603
232 744 0 0.01123789035595343 0.0006944346452842122
240 744 0 0.010905401644384291 0.00070021524457717504
248 744 0 0.010559585366837092 0.00070382113687158208
256 744 0 0.010202799078071227 0.0007052602010517578
264 744 0 0.0098373374792263425 0.00070456407072624558
272 744 0 0.0094654143646462109 0.00070178601134535633
280 744 0 0.0090891474705808856 0.00069948501139965348
288 744 0 0.0087105457766774828 0.0006966778346467889
296 744 0 0.0083314989695961739 0.00069186885173842284
304 744 0 0.0079537689121212743 0.00068515503305156995
312 744 0 0.0075789830566051694 0.0006766445894291831
320 744 0 0.007208629792822753 0.00066645470143674411
328 744 0 0.0068440557293018341 0.0006547094310816173
336 744 0 0.0064864648818210883 0.00064153782799488378
344 744 0 0.0061369196946216217 0.0006270722263087454
352 744 0 0.0057963437619028705 0.00061144671771295404
360 744 0 0.0054655260615211641 0.00059479578061549104
368 744 0 0.0051451264691746877 0.00057725304450530375
376 744 0 0.0048356822959376563 0.00055895017154961382
384 744 0 0.0045376155871407718 0.00054001584285830011
392 744 0 0.004251240935043094 0.00052057484329148113
400 744 0 0.0039767735874463826 0.00050074724482561481
408 744 0 0.0037143376735700065 0.00048064769322580603
416 744 0 0.0034639744107719025 0.00046038480535836972
424 744 0 0.003225650195226261 0.00044006068460661178
432 744 0 0.0029992645119752285 0.00041977055963151981
440 744 0 0.0027846576222510379 0.00039960254761776514
448 744 0 0.0025816179980220687 0.00037963753789007054
456 744 0 0.0023898894765723606 0.00035994918622756032
464 744 0 0.0022091781041618012 0.00034060400518877388
472 744 0 0.0020391586307680959 0.0003216615320019464
480 744 0 0.001879480611019655 0.00030317455356729012
488 744 0 0.001729774062649404 0.00028518936807992086
496 744 0 0.0015896546351797747 0.00026774606465012458
504 744 0 0.0014587282489849991 0.00025087880575535909
512 744 0 0.0013365951780853426 0.00023461610189980196
520 744 0 0.0012228535677050573 0.00021898107286934514
528 744 0 0.0011171023977442204 0.00020399169482396501
536 744 0 0.0010189439234996767 0.00018966103660410238
544 744 0 0.00092798564288868195 0.00017599749161763278
552 744 0 0.00084384185312952602 0.00016300501327198597
560 744 0 0.0007661348679974155 0.00015068336206882423
568 744 0 0.00069449596884689426 0.00013902837131538667
576 744 0 0.00062856615879432144 0.00012803223620474178
584 744 0 0.00056799678068240585 0.0001176838281529421
592 744 0 0.00051245004709651767 0.00010796903317236467
600 744 0 0.00046159951643263617 9.8871110111492782e-05
608 744 0 0.00041513053452674203 9.037106214386661e-05
616 744 0 0.00037274064816545077 8.2448013188611818e-05
624 744 0 0.00033413998608856855 7.5079580122644235e-05
632 744 0 0.00029905159560971253 6.8242231714767153e-05
640 744 0 0.00026721171899821828 6.1911626084967721e-05
648 744 0 0.00023836999312769965 5.6062919998915001e-05
656 744 0 0.00021228955809550246 5.0671045229069123e-05
664 744 0 0.00018874706480610803 4.5710949313478678e-05
672 744 0 0.00016753257702957749 4.1157800097303487e-05
680 744 0 0.00014844936933790679 3.6987155262361904e-05
688 744 0 0.00013131362783596164 3.3175099500945792e-05
696 744 0 0.00011595406516137075 2.9698352995488809e-05
704 744 0 0.0001022114644613874 2.6534355407848917e-05
712 744 0 8.9938168811451897e-05 2.3661329694319049e-05
720 744 0 7.8997532860516551e-05 2.105832981695245e-05
728 744 0 6.9263352565097021e-05 1.8705275914196226e-05
736 744 0 6.0619287001601409e-05 1.6582979828833966e-05
744 744 0 5.2958283766526156e-05 1.4673163169186814e-05
752 744 0 4.6182016727449205e-05 1.2958469386063221e-05
760 744 0 4.0200342175685167e-05 1.1422470747480954e-05
768 744 0 3.4930776989710276e-05 1.0049670626002211e-05
776 744 0 3.0298000404364927e-05 8.8255011963523387e-06
784 744 0 2.6233379472638673e-05 7.7363164702009854e-06
792 744 0 2.2674517312383905e-05 6.7693805514583763e-06
800 744 0 1.9564822702174622e-05 5.9128510502579866e-06
808 744 0 1.6853099444213124e-05 5.1557577137934362e-06
816 744 0 1.4493154044428863e-05 4.4879764847436601e-06
824 744 0 1.2443420564893211e-05 3.9001993547572419e-06
832 744 0 1.0666601885593556e-05 3.3839005194489247e-06
840 744 0 9.1293269939803754e-06 2.9312994481045365e-06
848 744 0 7.8018242463505502e-06 2.535321548579711e-06
856 744 0 6.6576107825455061e-06 2.1895571347545961e-06
864 744 0 5.6731984123028701e-06 1.8882193941700773e-06
872 744 0 4.8278163315620324e-06 1.6261020139737457e-06
880 744 0 4.1031509847420509e-06 1.3985370623377241e-06
888 744 0 3.4831032852230307e-06 1.2013536484496026e-06
896 744 0 2.9535632635475575e-06 1.0308378044917732e-06
904 744 0 2.502202052413099e-06 8.8369395368612643e-07
912 744 0 2.1182809570783166e-06 7.570082537422413e-07
920 744 0 1.7924772126102744e-06 6.4821403750218147e-07
928 744 0 1.5167259041104512e-06 5.5505951342257667e-07
936 744 0 1.2840774272341505e-06 4.7557783794598452e-07
944 744 0 1.0885697952902783e-06 4.0805962931461e-07
952 744 0 9.2511505506990893e-07 3.5102795719564342e-07
960 744 0 7.8939905409500933e-07 3.0321581380363605e-07
968 744 0 6.7779380445595049e-07 2.6354604932998378e-07
976 744 0 5.8728171006194692e-07 2.3111373692529229e-07
984 744 0 5.1539096249406067e-07 2.0517091991725084e-07
992 744 0 4.6014146364242134e-07 1.8511368620172314e-07
1000 744 0 4.200006991799432e-07 1.7047151167591667e-07
1008 744 0 3.9384906412974813e-07 1.6089881599619636e-07
1016 744 0 3.809542288229884e-07 1.5616867951855455e-07
0 752 0 0.011144416540129711 0.00029538606215653157
8 752 0 0.011174350714741932 0.00029755005163970005
16 752 0 0.011233173400411869 0.00030185560463950704
24 752 0 0.011318834026709874 0.00030825814500373867
32 752 0 0.011428356478505463 0.00031669148455970055
40 752 0 0.011557952904170823 0.00032706859864158576
48 752 0 0.01170316607682851 0.00033928260564331132
56 752 0 0.011859033067605329 0.00035320791336379033
64 752 0 0.012020262108480688 0.00036870149595471732
72 752 0 0.01218141415349781 0.0003856042711229031
80 752 0 0.012337080798472717 0.00040374255707581984
88 752 0 0.012482050860569282 0.0004229296011493619
96 752 0 0.012611458985341729 0.0004429671853240346
104 752 0 0.012720911046852664 0.00046364732591771401
112 752 0 0.012806582723068326 0.00048475409368795713
120 752 0 0.012865289340577377 0.0005060655847268624
128 752 0 0.01289452676662687 0.00052735607074972171
136 752 0 0.012892484669476012 0.00054839834921748161
144 752 0 0.01285803477580503 0.00056896629951695178
152 752 0 0.012790697757337779 0.00058883763225722925
160 752 0 0.012690593038166205 0.00060779679640361739
168 752 0 0.012558376120156206 0.00062563798574300118
176 752 0 0.01239516799568972 0.00064216816458534907
184 752 0 0.012202480898897016 0.00065721001515287557
192 752 0 0.011982144100995604 0.00067060469796549442
200 752 0 0.011736232756079957 0.00068221431329609263
208 752 0 0.011467002027796011 0.00069192395726162814
216 752 0 0.011176827947909196 0.00069964328027436948
224 752 0 0.010868155737722245 0.00070530747744826719
232 752 0 0.010543455710669218 0.0007088776683881904
240 752 0 0.010205186399807116 0.00071034065522484688
248 752 0 0.0098557642299655097 0.00070970808008241452
256 752 0 0.009497538877019469 0.00070701503360581265
264 752 0 0.0091327734085000969 0.00070456407072624558
272 752 0 0.0087636283533008546 0.00070178601134535633
280 752 0 0.0083921489712066658 0.00069699849937421982
288 752 0 0.0080202551522988962 0.00069029062437858668
296 752 0 0.0076497335420444897 0.00068176542755168414
304 752 0 0.0072822316361551001 0.00067153727596617422
312 752 0 0.006919253703923922 0.00065972935268124745
320 752 0 0.0065621584717589897 0.00064647132106376327
328 752 0 0.0062121585296941824 0.00063189719960765178
336 752 0 0.0058703214185845927 0.00061614346323649559
344 752 0 0.0055375723244334473 0.00059934737018817446
352 752 0 0.005214698260737686 0.00058164550116518443
360 752 0 0.0049023535716158397 0.00056317248990532445
368 752 0 0.0046010665476901701 0.00054405992148451755
376 752 0 0.0043112469201541078 0.00052443537578354855
384 752 0 0.0040331939896004927 0.0005044215975402791
392 752 0 0.0037671051550545753 0.00048413577998851877
400 752 0 0.0035130846324740884 0.00046368895497229425
408 752 0 0.0032711521860625471 0.00044318548750745933
416 752 0 0.0030412517345477894 0.00042272267622411311
424 752 0 0.0028232597327114634 0.00040239046251479759
432 752 0 0.0026169932614983531 0.00038227125047687535
440 752 0 0.0024222177850908833 0.00036243983716015456
448 752 0 0.0022386545492517674 0.00034296344877030125
456 752 0 0.0020659876025248668 0.00032390187404749381
464 752 0 0.0019038704223740105 0.00030530768178779061
472 752 0 0.0017519321246947685 0.00028722650607332736
480 752 0 0.0016097832302886263 0.00026969738073102868
488 752 0 0.0014770209585248644 0.00025275310412453959
496 752 0 0.0013532340185487724 0.00023642061663100233
504 752 0 0.0012380068731232066 0.00022072137586179254
512 752 0 0.0011309234596162743 0.00020567171846906825
520 752 0 0.001031570365968876 0.00019128320173618135
528 752 0 0.00093953947520528276 0.00017756292253893764
536 752 0 0.00085443010831743205 0.00016451381518224465
544 752 0 0.00077585071023057283 0.00015213493265810911
552 752 0 0.00070342013535444571 0.00014042171777508031
560 752 0 0.00063676859671948894 0.00012936627127792656
568 752 0 0.00057553834527513737 0.00011895762357175689
576 752 0 0.00051938414360938427 0.00010918201518493717
584 752 0 0.00046797359173719868 0.00010002318894520716
592 752 0 0.00042098735274812953 9.1462694348388139e-05
600 752 0 0.00037811931431683959 8.3480202115796573e-05
608 752 0 0.00033907670975587745 7.6053824770864586e-05
616 752 0 0.00030358021071543985 6.9160437450010916e-05
624 752 0 0.00027136399385102095 6.27759922375476e-05
632 752 0 0.00024217577648817358 5.6875819121538949e-05
640 752 0 0.00021577681183918232 5.1434907159035955e-05
648 752 0 0.00019194183263332082 4.6428160494378824e-05
656 752 0 0.00017045893277140142 4.1830625324101037e-05
664 752 0 0.00015112937925080926 3.7617685555298771e-05
672 752 0 0.00013376735045618669 3.3765226573390799e-05
680 752 0 0.00011819960128101219 3.0249768056894602e-05
688 752 0 0.00010426505980840739 2.7048568027554249e-05
696 752 0 9.1814363933587421e-05 2.4139701227783326e-05
704 752 0 8.070934901515505e-05 2.1502115446232352e-05
712 752 0 7.0822499229208626e-05 1.9115669582243271e-05
720 752 0 6.2036375759284501e-05 1.696115710123205e-05
728 752 0 5.4243034406528071e-05 1.502031815856895e-05
736 752 0 4.7343443858868724e-05 1.3275843142732685e-05
744 752 0 4.1246913974400575e-05 1.1711369792125581e-05
752 752 0 3.5870541280498498e-05 1.0311475446950707e-05
760 752 0 3.1138676710565214e-05 9.061665465119953e-06
768 752 0 2.6982418592212857e-05 7.948358397497419e-06
776 752 0 2.3339132202459905e-05 6.9588682019050222e-06
784 752 0 2.0151995893542634e-05 6.0813835790960389e-06
792 752 0 1.7369572886721114e-05 5.3049444256627918e-06
800 752 0 1.49454073044188e-05 4.6194153977558228e-06
808 752 0 1.2837642804131107e-05 4.0154566400820175e-06
816 752 0 1.1008662213627164e-05 3.4844918308016994e-06
824 752 0 9.4247467638161993e-06 3.018673801077012e-06
832 752 0 8.0557537964207955e-06 2.6108480891727607e-06
840 752 0 6.8748121240782118e-06 2.2545148699021636e-06
848 752 0 5.8580344930052441e-06 1.943789753345306e-06
856 752 0 4.9842468127201513e-06 1.6733639698253548e-06
864 752 0 4.2347339594314129e-06 1.4384644528714572e-06
872 752 0 3.5930020286732983e-06 1.2348143028887341e-06
880 752 0 3.0445569171784393e-06 1.0585940675636116e-06
888 752 0 2.576699068112313e-06 9.0640421711071765e-07
896 752 0 2.1783341342469227e-06 7.7522912930063476e-07
904 752 0 1.8397992166522627e-06 6.6240283576083635e-07
912 752 0 1.5527042360817875e-06 5.6557672099652915e-07
920 752 0 1.3097879012960202e-06 4.8268931131425423e-07
928 752 0 1.1047876605276574e-06 4.1193824358279377e-07
936 752 0 9.3232296335963741e-07 3.5175446387451308e-07
944 752 0 7.8779112205426345e-07 3.007786732360148e-07
952 752 0 6.6727504351963359e-07 2.5784001155027535e-07
960 752 0 5.6746210412154778e-07 2.2193694997346155e-07
968 752 0 4.8557345735724569e-07 1.922203470987048e-07
976 752 0 4.1930309678613822e-07 1.679786132758087e-07
984 752 0 3.6676604149771437e-07 1.486249209963463e-07
992 752 0 3.2645506699882297e-07 1.3368639664359837e-07
1000 752 0 2.9720546921277878e-07 1.2279522996716442e-07
1008 752 0 2.7816742200294627e-07 1.1568164212680185e-07
1016 752 0 2.6878556807309982e-07 1.1216866074988858e-07
0 760 0 0.010849030477973179 0.00036176352359700362
8 760 0 0.010876800663102232 0.00036394742607608922
16 760 0 0.010931317795772362 0.00036828565948481863
24 760 0 0.011010575881706135 0.00037471969286887938
32 760 0 0.011111664993945763 0.00038316322900109299
40 760 0 0.011230884305529237 0.00039350391905285109
48 760 0 0.011363883471185198 0.00040560551649091933
56 760 0 0.011505825154241539 0.00041931037242727565
64 760 0 0.011651560612525971 0.00043444216779080919
72 760 0 0.011795809882374907 0.0004508087797124409
80 760 0 0.011933338241396897 0.0004682051897616224
88 760 0 0.01205912125941992 0.00048641635862823815
96 760 0 0.012168491800017694 0.00050522001330834468
104 760 0 0.01225726372093495 0.00052438931618794919
112 760 0 0.012321828629380369 0.0005436954078496363
120 760 0 0.012359223755850515 0.00056290983435184315
128 760 0 0.012367170695877148 0.00058180688301711844
136 760 0 0.01234408632025853 0.00060016585699066392
144 760 0 0.012289068476288079 0.00061777331744040584
152 760 0 0.01220186012508055 0.00063442531363619784
160 760 0 0.012082796241762587 0.00064992960652318806
168 760 0 0.011932738134413205 0.00066410787277256488
176 760 0 0.011752999831104371 0.00067679785612680642
184 760 0 0.01154527088374414 0.00068785541382951516
192 760 0 0.01131153940303011 0.00069715639060101767
200 760 0 0.011054018442783864 0.00070459824313086339
208 760 0 0.010775078070534383 0.00071010133588588278
216 760 0 0.010477184667634826 0.00071360983481749511
224 760 0 0.010162848260273978 0.00071509213903503226
232 760 0 0.0098345780422810277 0.00071454081056822501
240 760 0 0.0094948457445822691 0.00071197198712024019
248 760 0 0.0091460561498830951 0.00070970808008241452
256 760 0 0.0087905238434136564 0.00070701503360581265
264 760 0 0.0084304552163059453 0.00070231819219415161
272 760 0 0.0080679347721482105 0.00069569358115264407
280 760 0 0.0077049148984538194 0.00068723407275284639
288 760 0 0.0073432084206334599 0.0006770467316654363
296 760 0 0.0069844834263298565 0.00066525011571463323
304 760 0 0.0066302600076859021 0.00065197162846919801
312 760 0 0.0062819087004312452 0.00063734500349267673
320 760 0 0.0059406504916003008 0.0006215079801586889
328 760 0 0.0056075583197428462 0.00060460020995133611
336 760 0 0.0052835600064370337 0.00058676141214755902
344 760 0 0.0049694425440226214 0.00056812978041082592
352 760 0 0.0046658576324255119 0.00054884062831217408
360 760 0 0.0043733283188610141 0.00052902525275482556
368 760 0 0.004092256557944189 0.00050880998974598118
376 760 0 0.0038229314837070496 0.0004883154364470582
384 760 0 0.0035655381735424535 0.00046765581605803927
392 760 0 0.0033201666883236991 0.00044693846673087619
400 760 0 0.0030868211912985165 0.00042626344117557185
408 760 0 0.0028654289772304972 0.00040572320883204994
416 760 0 0.002655849277977216 0.00038540245657057342
424 760 0 0.0024578817464045622 0.00036537798630690123
432 760 0 0.0022712745530231115 0.00034571870847524165
440 760 0 0.0020957320559685227 0.00032648572912236063
448 760 0 0.0019309220233845398 0.0003077325258672276
456 760 0 0.001776482397837228 0.00028950520468763881
464 760 0 0.0016320275962801636 0.00027184282609384698
472 760 0 0.0014971543383511937 0.00025477778634357476
480 760 0 0.001371446992853232 0.00023833623743539428
488 760 0 0.0012544824295244021 0.00022253852900046235
496 760 0 0.0011458343625520039 0.00020739965599676845
504 760 0 0.0010450771749326267 0.00019292969819057989
512 760 0 0.00095178921910897833 0.000179134240507296
520 760 0 0.00086555559891868825 0.00016601476705018772
528 760 0 0.00078597044973856679 0.00015356902546671597
536 760 0 0.00071263874637119134 0.00014179136194624072
544 760 0 0.00064517768014338533 0.0001306730300871875
552 760 0 0.00058321765643975024 0.00012020247891469547
560 760 0 0.00052640297038411316 0.00011036562633537578
568 760 0 0.00047439222097981265 0.00010114612429532472
576 760 0 0.00042685852261502072 9.2525620994363556e-05
584 760 0 0.00038348956780791379 8.448402392928489e-05
592 760 0 0.00034398758717700615 7.6999765571123381e-05
600 760 0 0.00030806924289787646 7.0050071418963132e-05
608 760 0 0.00027546548147197288 6.3611228283904568e-05
616 760 0 0.00024592136155941925 5.7658849156020601e-05
624 760 0 0.00021919586381534788 5.2168130035673072e-05
632 760 0 0.00019506168275921129 4.7114093728962291e-05
640 760 0 0.00017330499604048343 4.2471815798698892e-05
648 760 0 0.00015372520408743029 3.8216628545890535e-05
656 760 0 0.00013613463282636067 3.4324299945040748e-05
664 760 0 0.00012035819353269077 3.077118571811849e-05
672 760 0 0.00010623299640391423 2.7534354052272456e-05
680 760 0 9.3607917574842686e-05 2.4591683706169502e-05
688 760 0 8.2343122509172465e-05 2.1921937299234926e-05
696 760 0 7.2309551569364823e-05 1.9504812364222598e-05
704 760 0 6.338837578216779e-05 1.7320973232987259e-05
712 760 0 5.5470432207997835e-05 1.5352067021210791e-05
720 760 0 4.8455648846036669e-05 1.3580726913247832e-05
728 760 0 4.2252468729263107e-05 1.1990565677264964e-05
736 760 0 3.6777281930242149e-05 1.0566161928626575e-05
744 760 0 3.1953872801354184e-05 9.2930411730463911e-06
752 760 0 2.7712888119064617e-05 8.1576531614338813e-06
760 760 0 2.3991330085358963e-05 7.147346625206251e-06
768 760 0 2.073207652312115e-05 6.2503420690917067e-06
776 760 0 1.7883429204731226e-05 5.4557029977286786e-06
784 760 0 1.5398690145460587e-05 4.7533057480820478e-06
792 760 0 1.3235764901094999e-05 4.1338079856261147e-06
800 760 0 1.1356791420508332e-05 3.5886158839104672e-06
808 760 0 9.7277927787905267e-06 3.10985002534058e-06
816 760 0 8.3183520984210901e-06 2.6903101152060736e-06
824 760 0 7.1013080919213998e-06 2.3234386718947995e-06
832 760 0 6.0524698686624378e-06 2.0032839277583577e-06
840 760 0 5.1503498886826486e-06 1.7244622353955632e-06
848 760 0 4.3759141771301076e-06 1.4821203158751365e-06
856 760 0 3.7123491072194073e-06 1.2718977055007439e-06
864 760 0 3.1448442029768361e-06 1.0898897564545768e-06
872 760 0 2.6603905018321075e-06 9.3261152684119082e-07
880 760 0 2.2475940556095469e-06 7.9696286156889233e-07
888 760 0 1.8965041461209887e-06 6.8019492199132434e-07
896 760 0 1.5984557602809179e-06 5.7987837396600482e-07
904 760 0 1.3459258216603359e-06 4.9387339499192671e-07
912 760 0 1.132402621619828e-06 4.2030161446195944e-07
920 760 0 9.5226784238754086e-07 3.5752005890847935e-07
928 760 0 8.0069052291456068e-07 3.0409713761309671e-07
936 760 0 6.7353228983234171e-07 2.587906735272957e-07
944 760 0 5.6726316204688258e-07 2.2052796000738087e-07
952 760 0 4.7888723854204122e-07 1.8838780497759237e-07
960 760 0 4.0587759389389942e-07 1.6158451022764836e-07
968 760 0 3.4611973331744017e-07 1.3945372403980552e-07
976 760 0 2.9786299708058191e-07 1.2144009970555631e-07
984 760 0 2.5967935118882718e-07 1.0708669030888719e-07
992 760 0 2.3042905591236192e-07 9.6026011086461049e-08
1000 760 0 2.0923276476412941e-07 8.7972704448649372e-08
1008 760 0 1.9544967290273523e-07 8.2717749100211041e-08
1016 760 0 1.8866140471877149e-07 8.0124163354328327e-08
0 768 0 0.010487266954376176 0.00042103886001072614
8 768 0 0.010512853237026143 0.00042321221763049269
16 768 0 0.010563032136287544 0.00042752290708769798
24 768 0 0.010635856188837256 0.00043389980676553953
32 768 0 0.01072850176494467 0.00044223851112408161
40 768 0 0.010837380386476386 0.0004524039324926947
48 768 0 0.010958277954694279 0.00046423356396197227
56 768 0 0.011086514781814263 0.00047754124809547792
64 768 0 0.011217118444735162 0.00049212128171269992
72 768 0 0.011345001102662466 0.00050775268524305001
80 768 0 0.011465133051635275 0.0005242034756157473
88 768 0 0.011572704900791682 0.00054123480271094267
96 768 0 0.01166327178670935 0.00055860483849903483
104 768 0 0.011732874404747001 0.00057607234192311174
112 768 0 0.011778133221530733 0.00059339985780469152
120 768 0 0.011796313921498672 0.00061035654109819343
128 768 0 0.011785363812860029 0.00062672062561918568
136 768 0 0.011743920463267866 0.00064228157657758925
144 768 0 0.011671295158847673 0.00065684197745568586
152 768 0 0.011567434811444352 0.00067021920363777472
160 768 0 0.011432866635239399 0.00068224692843805654
168 768 0 0.01126863026164064 0.00069277649343984539
176 768 0 0.011076201974977565 0.00070167815672470685
184 768 0 0.010857415469914625 0.00070884221242941206
192 768 0 0.010614383012429092 0.00071417995600038704
200 768 0 0.010349420199653001 0.00071762445414948195
208 768 0 0.0100649767346485 0.00071913106893151113
216 768 0 0.0097635748328173313 0.00071867768287369425
224 768 0 0.0094477561212389458 0.00071626457710195768
232 768 0 0.0091200372317128027 0.00071454081056822501
240 768 0 0.0087828737574620289 0.00071197198712024019
248 768 0 0.0084386318600189348 0.00070742428986416035
256 768 0 0.0080895665781328414 0.00070095726528081499
264 768 0 0.0077378057920369147 0.00069264942426903054
272 768 0 0.0073853388110290148 0.00068259596111919577
280 768 0 0.0070340086506115434 0.00067090624784227598
288 768 0 0.0066855072157031943 0.00065770120493026558
296 768 0 0.0063413727785165694 0.00064311064781328708
304 768 0 0.0060029893079372012 0.00062727069974870091
312 768 0 0.005671587352502552 0.00061032134792869328
320 768 0 0.0053482462896336782 0.00059240420196662261
328 768 0 0.0050338978251694699 0.00057366049457337632
336 768 0 0.0047293306613422435 0.00055422934509479025
344 768 0 0.0044351962546767239 0.00053424628934589744
352 768 0 0.0041520155672889539 0.00051384206513655807
360 768 0 0.0038801866860432269 0.00049314163281778721
368 768 0 0.0036199931536182095 0.00047226340432597949
376 768 0 0.0033716128314103186 0.00045131865229673098
384 768 0 0.0031351271013594739 0.00043041107218297955
392 768 0 0.0029105302143311641 0.00040963647399253501
400 768 0 0.0026977386061096003 0.00038908258518891622
408 768 0 0.0024966000257894763 0.00036882895144102089
416 768 0 0.0023069023515849179 0.00034894692639229809
424 768 0 0.0021283820015698231 0.00032949974483473905
432 768 0 0.0019607318777154544 0.00031054267530765704
440 768 0 0.0018036088077795257 0.00029212324818899695
448 768 0 0.0016566404693222579 0.00027428155406228187
456 768 0 0.0015194317928697231 0.0002570506049675049
464 768 0 0.0013915708476604364 0.00024045674861972719
472 768 0 0.0012726342150021846 0.00022452012334900915
480 768 0 0.0011621918530069686 0.00020925513984626346
488 768 0 0.0010598114544067411 0.00019467097511766097
496 768 0 0.00096506229804437329 0.00018077206450763062
504 768 0 0.00087751859571395764 0.00016755857921866906
512 768 0 0.00079676233986092869 0.00015502687924804964
520 768 0 0.00072238566414764929 0.00014316993477103896
528 768 0 0.00065399273738115922 0.00013197771235740757
536 768 0 0.00059120122073671154 0.0001214375256344798
544 768 0 0.00053364332737184717 0.00011153435277153816
552 768 0 0.0004809665312324429 0.00010225112520730734
560 768 0 0.00043283397715073742 9.3568993233375736e-05
568 768 0 0.00038892464662283071 8.5467574356981938e-05
576 768 0 0.00034893333273626709 7.7925189878753627e-05
584 768 0 0.00031257047380569273 7.0919094002221063e-05
592 768 0 0.00027956188891273482 6.4425698264271335e-05
600 768 0 0.00024964845051580792 5.8420792382068542e-05
608 768 0 0.00022258572048823952 5.2879760983733364e-05
616 768 0 0.00019814356723896713 4.7777794320452119e-05
624 768 0 0.00017610577373216373 4.3090090083184153e-05
632 768 0 0.00015626963982038133 3.8792042938829959e-05
640 768 0 0.0001384455776757749 3.4859418364708531e-05
648 768 0 0.00012245669634136622 3.1268507746064065e-05
656 768 0 0.00010813837040990799 2.7996262416452684e-05
664 768 0 9.5337788285146778e-05 2.5020405247543992e-05
672 768 0 8.3913476995811062e-05 2.2319519408103172e-05
680 768 0 7.3734802679746017e-05 1.9873114895096669e-05
688 768 0 6.4681448212059576e-05 1.7661674297112889e-05
696 768 0 5.6642871655220636e-05 1.5666679914144187e-05
704 768 0 4.9517750989876304e-05 1.3870624792291486e-05
712 768 0 4.3213421776585779e-05 1.2257010431412056e-05
720 768 0 3.764531493793496e-05 1.0810333908101709e-05
728 768 0 3.2736401764804916e-05 9.5160669644581909e-06
736 768 0 2.8416652635563092e-05 8.3606292946790576e-06
744 768 0 2.4622514931387219e-05 7.3313578699669654e-06
752 768 0 2.1296414391452136e-05 6.4164737276124806e-06
760 768 0 1.8386282830741561e-05 5.6050472546174025e-06
768 768 0 1.5845113872209037e-05 4.8869626509121128e-06
776 768 0 1.3630547223628017e-05 4.2528819811032086e-06
784 768 0 1.1704481121265071e-05 3.6942090241955154e-06
792 768 0 1.0032711895594195e-05 3.2030530055008044e-06
800 768 0 8.5845991861751107e-06 2.7721922343332218e-06
808 768 0 7.3327551178181797e-06 2.395037660972347e-06
816 768 0 6.2527557076158955e-06 2.0655963908051946e-06
824 768 0 5.3228728548894281e-06 1.7784352370319717e-06
832 768 0 4.5238254262406288e-06 1.528644442421809e-06
840 768 0 3.8385481436714079e-06 1.3118017450112407e-06
848 768 0 3.2519771816253814e-06 1.1239369955047262e-06
856 768 0 2.7508515552537354e-06 9.6149755196567191e-07
864 768 0 2.3235295234443068e-06 8.2131467953252926e-07
872 768 0 1.9598193309709876e-06 7.0057117086111989e-07
880 768 0 1.6508236759537616e-06 5.9677037965578536e-07
888 768 0 1.3887973175896951e-06 5.077068285312936e-07
896 768 0 1.167017243166954e-06 4.3143851711396391e-07
904 768 0 9.7966480173301387e-07 3.6626101992732208e-07
912 768 0 8.2171919286499688e-07 3.1068342875483116e-07
920 768 0 6.888616797617039e-07 2.6340616262583697e-07
928 768 0 5.7738988150558232e-07 2.2330064140897836e-07
936 768 0 4.8414149314539512e-07 1.8939079668694659e-07
944 768 0 4.0642678591081427e-07 1.6083637613606831e-07
952 768 0 3.4196925378937978e-07 1.3691798475266144e-07
960 768 0 2.8885379638525849e-07 1.1702379750864094e-07
968 768 0 2.4548186042791101e-07 1.0063787288952916e-07
976 768 0 2.1053300227584139e-07 8.7329994804740519e-08
984 768 0 1.8293238002626476e-07 7.6746971162562424e-08
992 768 0 1.6182373527211667e-07 6.8605320640245253e-08
1000 768 0 1.4654748018636428e-07 6.2685284577765124e-08
1008 768 0 1.3662356466648851e-07 5.8826108236246722e-08
1016 768 0 1.3173886007422476e-07 5.692254464454673e-08
0 776 0 0.010066228094365449 0.00047222096213398942
8 776 0 0.01008964101939565 0.00047435604632095445
16 776 0 0.010135509229199846 0.00047858453940748287
24 776 0 0.010201956382071716 0.00048482431294123544
32 776 0 0.010286263253820588 0.00049295516605116219
40 776 0 0.010384976453983692 0.00050282224263121025
48 776 0 0.010494044390732307 0.00051424031327722795
56 776 0 0.010608973533718785 0.00052699871353515011
64 776 0 0.010724997163022462 0.00054086670841431601
72 776 0 0.010837248417419416 0.00055559904774052198
80 776 0 0.010940929576019527 0.00057094148742580474
88 776 0 0.01103147009808074 0.00058663607642094398
96 776 0 0.011104666948210315 0.00060242604513320933
104 776 0 0.011156802062823889 0.00061806017472061485
112 776 0 0.011184733363726041 0.00063329657371069374
120 776 0 0.011185957380400478 0.00064790583457285771
128 776 0 0.011158643187240844 0.00066167358427999916
136 776 0 0.011101638886690277 0.00067440247632664929
144 776 0 0.011014453181391987 0.00068591369492467837
152 776 0 0.010897215607806578 0.00069604805414341143
160 776 0 0.010750619706801343 0.00070466677577988787
168 776 0 0.010575853768200794 0.00071165202104712423
176 776 0 0.010374523818252858 0.00071690723498506539
184 776 0 0.010148573257485213 0.00072035734169004044
192 776 0 0.0099002030564287052 0.00072194880616077879
200 776 0 0.0096317957455035186 0.00072164955782055319
208 776 0 0.0093458456657169887 0.000719448754218548
216 776 0 0.009044897149943637 0.00071867768287369425
224 776 0 0.0087314915441369882 0.00071626457710195768
232 776 0 0.0084081233052838988 0.00071191392642890386
240 776 0 0.008077204864387252 0.0007056688930747769
248 776 0 0.0077410395378875296 0.00069759232213140523
256 776 0 0.0074018015134122558 0.00068776506472058557
264 776 0 0.0070615218154191171 0.00067628397661779766
272 776 0 0.0067220791523451015 0.00066325965868391321
280 776 0 0.0063851946316254519 0.00064881401898609151
288 776 0 0.0060524294718692943 0.00063307774383389998
296 776 0 0.0057251850128432888 0.00061618776567328067
304 776 0 0.0054047044977802482 0.00059828481015695295
312 776 0 0.0050920762588184502 0.00057951109368410171
320 776 0 0.004788238061932867 0.00056000822770081119
328 776 0 0.0044939824563735757 0.00053991536879589418
336 776 0 0.0042099630254388634 0.00051936763590338005
344 776 0 0.0039367014552950611 0.00049849479938166279
352 776 0 0.0036745953345727633 0.0004774202327161906
360 776 0 0.0034239265790576177 0.00045626010698560917
368 776 0 0.0031848703521670865 0.00043512280145112294
376 776 0 0.0029575043308054626 0.00041410850060485602
384 776 0 0.0027418181530940704 0.00039330894826540347
392 776 0 0.0025377228822712128 0.00037280733205995132
400 776 0 0.0023450603301656539 0.00035267827594394644
408 776 0 0.0021636121024650608 0.00033298792332441549
416 776 0 0.0019931082535649914 0.00031379409801992643
424 776 0 0.0018332354675094501 0.000295146534060373
432 776 0 0.0016836447099028687 0.00027708716781258574
440 776 0 0.0015439583207845873 0.00025965048699493846
448 776 0 0.001413776538377083 0.00024286393094517496
456 776 0 0.001292683457519166 0.00022674833535055714
464 776 0 0.0011802524346861268 0.00021131841297430953
472 776 0 0.0010760509548150862 0.00019658326018709839
480 776 0 0.00097964497524276198 0.0001825468777642066
488 776 0 0.00089060276064323101 0.00016920869376351008
496 776 0 0.00080849822150383843 0.00015656407654053486
504 776 0 0.00073291376859768405 0.00014460482711627358
512 776 0 0.00066344269778143808 0.00013331964207949061
520 776 0 0.00059969112339337978 0.0001226945407542695
528 776 0 0.00054127948417910879 0.00011271325320205043
536 776 0 0.00048784365229669779 0.00010335756844001375
544 776 0 0.00043903568261892926 9.4607644752917909e-05
552 776 0 0.00039452424530964585 8.6442285922797046e-05
560 776 0 0.00035399478869536688 7.883918845537054e-05
568 776 0 0.00031714948122817869 7.1775165394652018e-05
576 776 0 0.00028370698060501754 6.5226352131249549e-05
584 776 0 0.00025340207496064485 5.9168398845047877e-05
592 776 0 0.0002259852358605606 5.3576653052174217e-05
600 776 0 0.00020122211616838384 4.8426334347424082e-05
608 776 0 0.00017889301844551444 4.3692702042725075e-05
616 776 0 0.00015879235206884168 3.9351215170125447e-05
624 776 0 0.00014072809036034346 3.5377683371820269e-05
632 776 0 0.00012452123320509691 3.174840661528442e-05
640 776 0 0.00011000527620553505 2.844030147023985e-05
648 776 0 9.7025684502315181e-05 2.5431011839051042e-05
656 776 0 8.5439367931612769e-05 2.2699002478295219e-05
664 776 0 7.5114153987805322e-05 2.0223634297341457e-05
672 776 0 6.5928255825430768e-05 1.7985221170380294e-05
680 776 0 5.7769733924363966e-05 1.5965068755382051e-05
688 776 0 5.0535951717232444e-05 1.4145496494827132e-05
696 776 0 4.4133027137255299e-05 1.2509844517965337e-05
704 776 0 3.8475283453135468e-05 1.1042467536740836e-05
712 776 0 3.348470376065001e-05 9.7287180159357693e-06
720 776 0 2.9090394025258843e-05 8.5549209126761166e-06
728 776 0 2.5228059616883895e-05 7.5083421479210216e-06
736 776 0 2.1839499905444912e-05 6.5771527301181795e-06
744 776 0 1.8872124790985367e-05 5.7503901404018513e-06
752 776 0 1.6278496141474386e-05 5.0179182499777499e-06
760 776 0 1.4015896121989336e-05 4.3703867087522247e-06
768 776 0 1.2045923425430408e-05 3.7991904467786294e-06
776 776 0 1.0334117539333872e-05 3.2964296842941457e-06
784 776 0 8.8496104609330443e-06 2.854870660332027e-06
792 776 0 7.5648047312557035e-06 2.4679071643384912e-06
800 776 0 6.4550763023164702e-06 2.1295228838586405e-06
808 776 0 5.4985005637949976e-06 1.8342545540231821e-06
816 776 0 4.6755998084964688e-06 1.5771558991194267e-06
824 776 0 3.9691104742102983e-06 1.3537623806791298e-06
832 776 0 3.3637686269845269e-06 1.1600567992561019e-06
840 776 0 2.8461123140827138e-06 9.9243582958869411e-07
848 776 0 2.4042995866664396e-06 8.4767759495894187e-07
856 776 0 2.0279411525410888e-06 7.2291040271264665e-07
864 776 0 1.7079467555901652e-06 6.1558276785414161e-07
872 776 0 1.4363844850159467e-06 5.2343484595504089e-07
880 776 0 1.2063522938221637e-06 4.4447138213159789e-07
888 776 0 1.0118610555609764e-06 3.7693626202871863e-07
896 776 0 8.4772851691158612e-07 3.1928872625536787e-07
904 776 0 7.0948351772381927e-07 2.701812840091946e-07
912 776 0 5.932798561216733e-07 2.2843933674332358e-07
920 776 0 4.9581917959927633e-07 1.9304250016242757e-07
928 776 0 4.1428228796873847e-07 1.6310759353684386e-07
936 776 0 3.4626824338978018e-07 1.3787324975561494e-07
944 776 0 2.8974069812765183e-07 1.1668608778316244e-07
952 776 0 2.4298087273125652e-07 9.898838105812326e-08
960 776 0 2.0454664584230949e-07 8.4307150542948996e-08
968 776 0 1.7323725122295018e-07 7.2244609204960831e-08
976 776 0 1.4806311698346316e-07 6.2469885292378233e-08
984 776 0 1.2822042551528818e-07 5.4711954510976582e-08
992 776 0 1.1307001946263047e-07 4.87537158094862e-08
1000 776 0 1.0212032849279244e-07 4.4427151693571842e-08
1008 776 0 9.5014043075286515e-08 4.1609521591201994e-08
1016 776 0 9.1518314491314672e-08 4.0220545582910092e-08
0 784 0 0.00959400713223146 0.00051458036008019889
8 784 0 0.0096152849730746955 0.00051665266837828787
16 784 0 0.0096569246897923629 0.00052075085026281713
24 784 0 0.0097171320691304807 0.00052678351899888148
32 784 0 0.009793308087769426 0.00053461722382827127
40 784 0 0.0098821542113524813 0.0005440805941512826
48 784 0 0.0099798040774550789 0.00055496952976978597
56 784 0 0.010081974820183635 0.00056705318105570827
64 784 0 0.010184130454608146 0.00058008043480619643
72 784 0 0.010281649369678894 0.0005937866127763234
80 784 0 0.010369988088593723 0.0006079001002560723
88 784 0 0.010444834021659796 0.00062214864983752872
96 784 0 0.010502240903077106 0.00063626514760018599
104 784 0 0.010538741888103274 0.00064999268118067985
112 784 0 0.010551436790015347 0.00066308880681310335
120 784 0 0.010538051545827621 0.00067532897047137448
128 784 0 0.010496969602960845 0.00068650909204582763
136 784 0 0.010427236410363628 0.00069644736707645365
144 784 0 0.010328539486467309 0.00070498537501436503
152 784 0 0.010201167553663166 0.00071198860462082063
160 784 0 0.010045952931021455 0.00071734651560977428
168 784 0 0.0098642017471536701 0.00072097225195390767
176 784 0 0.0096576165832677925 0.00072280210846591142
184 784 0 0.0094282159157951725 0.00072279483121048989
192 784 0 0.0091782542502679264 0.00072194880616077879
200 784 0 0.0089101461876829654 0.00072164955782055319
208 784 0 0.0086263969114984407 0.000719448754218548
216 784 0 0.0083295407969797269 0.00071535635296391016
224 784 0 0.0080220890874826822 0.00070940245665430599
232 784 0 0.0077064869057502632 0.00070163639953363562
240 784 0 0.0073850793093207627 0.00069212555506648933
248 784 0 0.0070600856788715811 0.00068095385901594842
256 784 0 0.0067335814525032239 0.00066822006090903191
264 784 0 0.0064074860797364522 0.00065403573568266482
272 784 0 0.0060835560477657726 0.00063852310457932892
280 784 0 0.0057633819035477797 0.00062181272807767217
288 784 0 0.0054483883294834242 0.00060404114238587006
296 784 0 0.0051398364988105181 0.00058534851403277063
304 784 0 0.0048388281134866531 0.00056587638429359509
312 784 0 0.0045463106916584462 0.000545765567160004
320 784 0 0.0042630838095183013 0.00052515425241456571
328 784 0 0.0039898061058178053 0.00050417635055577045
336 784 0 0.0037270029249846333 0.00048296010045423016
344 784 0 0.0034750745100300836 0.00046162694526497754
352 784 0 0.0032343046659625064 0.00044029066861025687
360 784 0 0.0030048698066983126 0.0004190567723593051
368 784 0 0.0027868482821553756 0.00039802207001171088
376 784 0 0.0025802298649643205 0.00037727446584114206
384 784 0 0.0023849252638143258 0.00035689288927974461
392 784 0 0.0022007755263579701 0.00033694735591324266
400 784 0 0.0020275612000504157 0.00031749913011523819
408 784 0 0.0018650111335519839 0.00029860096891307693
416 784 0 0.0017128108222252427 0.00028029743133974874
424 784 0 0.0015706102258801506 0.00026262524162929952
432 784 0 0.0014380310121890187 0.00024561369771385001
440 784 0 0.0013146732024103167 0.00022928511837427053
448 784 0 0.0012001212152695704 0.00021365532310751263
456 784 0 0.001093949319006035 0.00019873413851313098
464 784 0 0.00099572651057894886 0.00018452592410717799
472 784 0 0.0009050208454781483 0.00017103010933693791
480 784 0 0.0008214032426667045 0.00015824173257605748
488 784 0 0.00074445078830584163 0.00014615197233738939
496 784 0 0.00067374956045149388 0.00013474866105234456
504 784 0 0.00060889699599241988 0.00012401677260526418
512 784 0 0.00054950382145205678 0.0001139388763293813
520 784 0 0.00049519557117992858 0.0001044955522134512
528 784 0 0.0004456137197684667 9.5665764410642084e-05
536 784 0 0.00040041645976863615 8.7427192528061637e-05
544 784 0 0.00035927916026020089 7.9756522358728375e-05
552 784 0 0.00032189454581792068 7.2629699491725175e-05
560 784 0 0.00028797263823517874 6.6022150460188144e-05
568 784 0 0.00025724050453067537 5.990897669750332e-05
576 784 0 0.00022944185402079244 5.42651265842251e-05
584 784 0 0.00020433652459692252 4.9065550363722334e-05
592 784 0 0.00018169989404576498 4.4285341814795625e-05
600 784 0 0.00016132224671516624 3.9899869453217598e-05
608 784 0 0.00014300811959096237 3.5884898854552066e-05
616 784 0 0.00012657564547376276 3.221670659507892e-05
624 784 0 0.00011185590494820171 2.8872185412141753e-05
632 784 0 9.8692293640317529e-05 2.5828939564779383e-05
640 784 0 8.6939907144194847e-05 2.3065369061340201e-05
648 784 0 7.6464943099207282e-05 2.0560741403107899e-05
656 784 0 6.7144118202979962e-05 1.8295249728632806e-05
664 784 0 5.8864097321594032e-05 1.625005666621129e-05
672 784 0 5.1520932091239893e-05 1.4407323734190876e-05
680 784 0 4.5019507231871065e-05 1.2750226692492901e-05
688 784 0 3.9272993942359596e-05 1.1262957774872848e-05
696 784 0 3.4202310970859268e-05 9.9307161663960311e-06
704 784 0 2.9735595053240774e-05 8.7396883998946941e-06
712 784 0 2.5807683246653681e-05 7.677020513996329e-06
720 784 0 2.2359610178480937e-05 6.7307838467779058e-06
728 784 0 1.9338123366332107e-05 5.8899362505517879e-06
736 784 0 1.6695219573728322e-05 5.1442803317165907e-06
744 784 0 1.4387704714254346e-05 4.484420076731021e-06
752 784 0 1.2376779188385873e-05 3.9017169530885135e-06
760 784 0 1.0627649820657251e-05 3.3882463013320845e-06
768 784 0 9.1091688419523707e-06 2.9367545834780371e-06
776 784 0 7.7934996989103067e-06 2.540617840423565e-06
784 784 0 6.6558089165110747e-06 2.1938015444219695e-06
792 784 0 5.6739828169061954e-06 1.8908219143495081e-06
800 784 0 4.828367614501495e-06 1.6267086878149752e-06
808 784 0 4.1015312557242267e-06 1.3969693080707708e-06
816 784 0 3.4780453324191971e-06 1.1975544760772716e-06
824 784 0 2.944285444848279e-06 1.0248250293620193e-06
832 784 0 2.4882484963714433e-06 8.755201306130836e-07
840 784 0 2.0993855412087747e-06 7.4672677287393906e-07
848 784 0 1.7684489573382108e-06 6.3585062932822873e-07
856 784 0 1.487352861971558e-06 5.4058829056953081e-07
864 784 0 1.2490458161977625e-06 4.5890093939240271e-07
872 784 0 1.0473949725409456e-06 3.8898951247500112e-07
880 784 0 8.7708090293564806e-07 3.2927139088651564e-07
888 784 0 7.3350240674113836e-07 2.7835864881983809e-07
896 784 0 6.1269064266753366e-07 2.3503787424405246e-07
904 784 0 5.1123195956630555e-07 1.9825155815751372e-07
912 784 0 4.2619882372335572e-07 1.6708103239831758e-07
920 784 0 3.550882588442998e-07 1.4073092075497653e-07
928 784 0 2.9576723274103035e-07 1.1851505522770812e-07
936 784 0 2.4642444423553777e-07 9.9843799154242413e-08
944 784 0 2.0552798646847792e-07 8.4212711659173902e-08
952 784 0 1.7178838931647974e-07 7.1192483414776786e-08
960 784 0 1.4412657406478886e-07 6.0420071777520633e-08
968 784 0 1.2164628753712285e-07 5.1590963685827331e-08
976 784 0 1.0361062002692442e-07 4.4452496956538736e-08
984 784 0 8.9422251007382794e-08 3.8798174507905384e-08
992 784 0 7.8607108151409262e-08 3.4462911311221203e-08
1000 784 0 7.0801168176303834e-08 3.1319160316488609e-08
1008 784 0 6.574017204877133e-08 2.9273871026515185e-08
1016 784 0 6.3252071845991542e-08 2.8266242645323129e-08
0 792 0 0.0090794267721512611 0.00054766422734285614
8 792 0 0.0090986323046964076 0.00054965282891758505
16 792 0 0.0091361738395295457 0.00055357978361056902
24 792 0 0.0091903485501315992 0.0005593463014459555
32 792 0 0.0092586908639411547 0.00056680837544210994
40 792 0 0.0093380736172011987 0.0005757815512892981
48 792 0 0.0094248345476852929 0.00058604689881906757
56 792 0 0.0095149216391279268 0.00059735788780333927
64 792 0 0.0096040500198019494 0.00060944783678728437
72 792 0 0.0096878627569025703 0.00062203759181404979
80 792 0 0.0097620879883376505 0.00063484310200298891
88 792 0 0.0098226853718222668 0.00064758258923615711
96 792 0 0.0098659757554769197 0.00065998305640127715
104 792 0 0.0098887492069225941 0.00067178593824906811
112 792 0 0.009888347983202244 0.00068275176569669929
120 792 0 0.0098627225753562461 0.00069266378281535555
128 792 0 0.0098104605109150169 0.00070133052046960145
136 792 0 0.0097307890432871743 0.00070858738699672123
144 792 0 0.0096235541114529435 0.0007142973808560351
152 792 0 0.0094891789490423456 0.00071835106059005283
160 792 0 0.0093286064154116805 0.00072066592291575825
168 792 0 0.0091432294951997624 0.00072118534091624754
176 792 0 0.0089348144748018811 0.00072280210846591142
184 792 0 0.0087054210845846827 0.00072279483121048989
192 792 0 0.0084573234429420312 0.00072093080732589521
200 792 0 0.0081929350133509854 0.00071721117433197999
208 792 0 0.007914740055432112 0.00071165685606632868
216 792 0 0.0076252332824809687 0.0007043075144987582
224 792 0 0.0073268686920204577 0.00069522039546222446
232 792 0 0.0070220178632601615 0.00068446904249010176
240 792 0 0.0067129374531220811 0.00067214185619868163
248 792 0 0.0064017451929754797 0.00065834048589610145
256 792 0 0.0060904033989078038 0.00064317805359542009
264 792 0 0.0057807088534919775 0.00062677722624447478
272 792 0 0.0054742878802118526 0.00060926816755392001
280 792 0 0.0051725954892649388 0.00059078641428284093
288 792 0 0.0048769175978691818 0.00057147073161424242
296 792 0 0.004588375491535574 0.00055146100727494415
304 792 0 0.0043079318695621368 0.00053089624392451632
312 792 0 0.004036397987368363 0.00050991270429008324
320 792 0 0.0037744415551769022 0.00048864225434139914
328 792 0 0.0035225951681475535 0.00046721093767025179
336 792 0 0.0032812651244163446 0.00044573780056828861
344 792 0 0.0030507405365007671 0.00042433397352931645
352 792 0 0.0028312026636300234 0.00040310200233248297
360 792 0 0.0026227343951897796 0.00038213541150853301
368 792 0 0.0024253298066560271 0.00036151847549934857
376 792 0 0.0022389036965270305 0.00034132616843729003
384 792 0 0.0020633010017508989 0.0003216242620634269
392 792 0 0.0018983059839287743 0.00030246954242919583
400 792 0 0.0017436510810219354 0.00028391011902848028
408 792 0 0.0015990253294209742 0.00026598580413100966
416 792 0 0.0014640822776374829 0.0002487285445877598
424 792 0 0.0013384473332665602 0.00023216289261359041
432 792 0 0.0012217245066385083 0.0002163065055505104
440 792 0 0.0011135025352998452 0.00020117066711047155
448 792 0 0.0010133603912413139 0.00018676082402825644
456 792 0 0.00092087218646542317 0.00017307713254061184
464 792 0 0.00083561150168381959 0.00016011500889512927
472 792 0 0.00075715516797735362 0.00014786567750079468
480 792 0 0.00068508653297487236 0.00013631670969183214
488 792 0 0.00061899824263045061 0.00012545254567539101
496 792 0 0.00055849456817289576 0.00011525499227859812
504 792 0 0.00050319330628703684 0.00010570368970538304
512 792 0 0.00045272727979609996 9.6776541655956819e-05
520 792 0 0.00040674546642366404 8.8450104756264544e-05
528 792 0 0.00036491378464171686 8.0699935126749846e-05
536 792 0 0.00032691556788023263 7.3500891888403515e-05
544 792 0 0.0002924517610056997 6.6827399254501194e-05
552 792 0 0.00026124087540797629 6.0653670409944386e-05
560 792 0 0.00023301874072909821 5.4953897506080523e-05
568 792 0 0.00020753809180269728 4.9702412727978089e-05
576 792 0 0.00018456802850278631 4.4873825518006128e-05
584 792 0 0.00016389338388009869 4.0443140716823833e-05
592 792 0 0.00014531403233785699 3.6385861707907989e-05
600 792 0 0.00012864416496580355 3.2678081749362692e-05
608 792 0 0.00011371155391040445 2.9296565680557923e-05
616 792 0 0.00010035682224753689 2.6218823226225875e-05
624 792 0 8.8432730658476318e-05 2.3423174289725389e-05
632 792 0 7.780348763864771e-05 2.0888806001669819e-05
640 792 0 6.8344086238042228e-05 1.8595820906152619e-05
648 792 0 5.9939667572623147e-05 1.6525275526584135e-05
656 792 0 5.2484909573034134e-05 1.4659208629945828e-05
664 792 0 4.5883438567222578e-05 1.2980658754371454e-05
672 792 0 4.0047261170404887e-05 1.1473670920835005e-05
680 792 0 3.489621437881115e-05 1.0123292853059915e-05
688 792 0 3.0357432519028677e-05 8.915561423330919e-06
696 792 0 2.6364830591469593e-05 7.837480379389675e-06
704 792 0 2.285860439608155e-05 6.8769906571592243e-06
712 792 0 1.9784748517321258e-05 6.0229347293324228e-06
720 792 0 1.7094593699357294e-05 5.2650164791236428e-06
728 792 0 1.4744365334299205e-05 4.5937580320329023e-06
736 792 0 1.2694764728530718e-05 4.000454845197604e-06
744 792 0 1.0910574546774046e-05 3.4771301674803007e-06
752 792 0 9.3602894197076823e-06 3.0164897686781905e-06
760 792 0 8.0157722045573917e-06 2.6118776160998597e-06
768 792 0 6.8519358718030065e-06 2.2572329701493642e-06
776 792 0 5.8464505077902411e-06 1.9470491911200656e-06
784 792 0 4.9794745113926734e-06 1.6763344051184014e-06
792 792 0 4.2334087462716936e-06 1.4405740706345018e-06
800 792 0 3.592672197393372e-06 1.235695417108123e-06
808 792 0 3.0434975676237101e-06 1.0580336881005166e-06
816 792 0 2.5737452247295717e-06 9.0430010768962546e-07
824 792 0 2.1727339527574811e-06 7.7155149209079786e-07
832 792 0 1.8310870541744206e-06 6.5716144219702275e-07
840 792 0 1.5405924705459218e-06 5.5879307066285295e-07
848 792 0 1.2940757226784184e-06 4.7437323465979246e-07
856 792 0 1.0852846025843698e-06 4.0206825938718817e-07
864 792 0 9.0878467002631283e-07 3.4026114617144966e-07
872 792 0 7.5986471044178265e-07 2.8753026209916297e-07
880 792 0 6.3445139683940256e-07 2.426295060962455e-07
888 792 0 5.2903246648015436e-07 2.04469940260984e-07
896 792 0 4.4058777623035266e-07 1.72102866437181e-07
904 792 0 3.6652764171039251e-07 1.4470431785591304e-07
912 792 0 3.0463789831170411e-07 1.2156092541165161e-07
920 792 0 2.5303115009849058e-07 1.0205710874580922e-07
928 792 0 2.1010369827374575e-07 8.5663534467284594e-08
936 792 0 1.7449766629782296e-07 7.1926777937714804e-08
944 792 0 1.4506786523089647e-07 6.0460121237581455e-08
952 792 0 1.208529711440531e-07 5.0935418172426639e-08
960 792 0 1.0105061674522409e-07 4.3075957319564763e-08
968 792 0 8.4996031603653325e-08 3.6650255933469522e-08
976 792 0 7.2143899245928093e-08 3.146672078099633e-08
984 792 0 6.2053134573404277e-08 2.7369116433978517e-08
992 792 0 5.4374321150734397e-08 2.4232787000674865e-08
1000 792 0 4.8839584622188381e-08 2.1961583554115452e-08
1008 792 0 4.5254715581110946e-08 2.0485456467660384e-08
1016 792 0 4.3493392475980699e-08 1.9758679370010844e-08
0 800 0 0.008531762544808405 0.00057129915283042794
8 800 0 0.0085489794757788225 0.00057318688320955394
16 800 0 0.0085825940559189767 0.00057690925290682787
24 800 0 0.0086310022486856437 0.00058236197134865775
32 800 0 0.0086918824884990448 0.0005893932322788998
40 800 0 0.0087622920659119006 0.00059780899819594085
48 800 0 0.0088387876488662254 0.00060737961447470713
56 800 0 0.0089175637513245875 0.00061784742140161795
64 800 0 0.008994602183014665 0.00062893499365580807
72 800 0 0.0090658251650885206 0.00064035362222534392
80 800 0 0.0091272448863346615 0.00065181166345542295
88 800 0 0.0091751027825861097 0.00066302241213192503
96 800 0 0.0092059926990756425 0.00067371120679319933
104 800 0 0.009216963268673526 0.00068362154109621702
112 800 0 0.0092055962175055447 0.00069252002942085319
120 800 0 0.0091700587925408906 0.00070020015199000543
128 800 0 0.0091091299904454155 0.00070648477878205648
136 800 0 0.0090222016562904531 0.00071122753723357711
144 800 0 0.0089092567305969084 0.0007143131420592197
152 800 0 0.0087708278884522928 0.00071835106059005283
160 800 0 0.0086079404924959222 0.00072066592291575825
168 800 0 0.0084220441542835148 0.00072118534091624754
176 800 0 0.0082149372718035643 0.00071987720299831678
184 800 0 0.0079886887122237859 0.00071673237236089676
192 800 0 0.0077455603833042662 0.00071176305963776502
200 800 0 0.0074879338415492934 0.00070500117180169204
208 800 0 0.0072182433836030478 0.00069649667182906418
216 800 0 0.0069389173235034213 0.00068631595897754739
224 800 0 0.0066523284310355778 0.00067454026098487992
232 800 0 0.0063607538449934071 0.00066126401826675438
240 800 0 0.0060663442166189567 0.00064659323650312437
248 800 0 0.0057711014058019899 0.00063064378717348976
256 800 0 0.0054768637546925639 0.00061353964421523993
264 800 0 0.0051852977963678876 0.00059541105712408986
272 800 0 0.004897895205848617 0.00057639267436323562
280 800 0 0.0046159738454345078 0.00055662164383043101
288 800 0 0.0043406818702879163 0.00053623572758126556
296 800 0 0.004073004016796296 0.00051537147473927798
304 800 0 0.0038137693707190725 0.00049416249884306433
312 800 0 0.0035636600836656649 0.00047273790370269816
320 800 0 0.0033232206595425664 0.0004512208956343358
328 800 0 0.0030928675575249598 0.00042972761062259369
336 800 0 0.0028728989507004377 0.00040836617371590696
344 800 0 0.0026635045404177805 0.00038723599608298659
352 800 0 0.0024647753597528232 0.00036642730387720021
360 800 0 0.0022767135117996249 0.0003460208833901547
368 800 0 0.0020992417870145151 0.00032608801964151193
376 800 0 0.0019322130956160766 0.0003066906009109539
384 800 0 0.001775419641969454 0.0002878813597814449
392 800 0 0.0016286017621898216 0.00026970422173895267
400 800 0 0.0014914563462756331 0.00025219473474630228
408 800 0 0.0013636447725852484 0.00023538055683572584
416 800 0 0.0012448002946605099 0.00021928198297697303
424 800 0 0.0011345348365974235 0.00020391249666913669
432 800 0 0.0010324451712400394 0.00018927933539846886
440 800 0 0.00093811847330500916 0.00017538406199483602
448 800 0 0.00085113725536053249 0.00016222313588078142
456 800 0 0.00077108370718650802 0.00014978847927891515
464 800 0 0.00069754346788935813 0.00013806803379446146
472 800 0 0.0006301088653073659 0.00012704630266998772
480 800 0 0.00056838165927817011 0.00011670487369670225
488 800 0 0.00051197532511021676 0.00010702291752023385
496 800 0 0.00046051691207270161 9.7977656100194154e-05
504 800 0 0.00041364850979366162 8.954479649337521e-05
512 800 0 0.00037102835383293216 8.1698925963167798e-05
520 800 0 0.00033233160080005809 7.4413865623605951e-05
528 800 0 0.00029725080334946073 6.7662981292256129e-05
536 800 0 0.00026549611608079878 6.1419451799433859e-05
544 800 0 0.00023679526448808718 5.5656496517612517e-05
552 800 0 0.00021089331022438083 5.0347565183595465e-05
560 800 0 0.00018755224665877002 4.546649407032819e-05
568 800 0 0.00016655045864740181 4.0987633155295479e-05
576 800 0 0.00014768207939263591 3.68859491101504e-05
584 800 0 0.00013075627514798615 3.3137108732112538e-05
592 800 0 0.00011559648541606707 2.9717546921789921e-05
600 800 0 0.00010203964238513149 2.6604522580672059e-05
608 800 0 8.9935388948360795e-05 2.3776164962043656e-05
616 800 0 7.9145310081846297e-05 2.1211512165690593e-05
624 800 0 6.9542187949938849e-05 1.889054270853747e-05
632 800 0 6.1009287142959717e-05 1.6794200495687993e-05
640 800 0 5.3439673141106665e-05 1.4904413096935563e-05
648 800 0 4.6735564560084905e-05 1.3204103012538242e-05
656 800 0 4.0807717998747558e-05 1.1677191574286576e-05
664 800 0 3.5574843326856294e-05 1.0308595240366285e-05
672 800 0 3.0963046909992744e-05 9.0842142604121432e-06
680 800 0 2.6905300417389198e-05 7.9909139614219522e-06
688 800 0 2.3340933329908459e-05 7.0164991891202177e-06
696 800 0 2.0215147897847817e-05 6.1496826936217759e-06
704 800 0 1.7478555951884346e-05 5.3800484441972038e-06
712 800 0 1.508673753831543e-05 4.6980109790058275e-06
720 800 0 1.2999821762403972e-05 4.094771936953322e-06
728 800 0 1.1182090448787002e-05 3.5622748855122025e-06
736 800 0 9.6016052654831531e-06 3.0931594630475646e-06
744 800 0 8.2298588326662985e-06 2.6807157141077473e-06
752 800 0 7.0414500895825401e-06 2.3188393301251422e-06
760 800 0 6.0137838704926692e-06 2.0019883340647225e-06
768 800 0 5.1267942906862034e-06 1.7251415811168031e-06
776 800 0 4.3626912077099277e-06 1.4837593000803134e-06
784 800 0 3.7057287325308732e-06 1.2737457788618001e-06
792 800 0 3.1419945406491409e-06 1.0914142056225527e-06
800 800 0 2.6592185832935436e-06 9.3345361409982846e-07
808 800 0 2.2465997232307358e-06 7.9689784439297433e-07
816 800 0 1.8946488105008337e-06 6.7909641422873797e-07
824 800 0 1.5950467579274349e-06 5.7768719483004625e-07
832 800 0 1.3405162597030087e-06 4.905707944714119e-07
840 800 0 1.1247059038439804e-06 4.1588656670194138e-07
848 800 0 9.4208554753901517e-07 3.5199017513940322e-07
856 800 0 7.8785194266031402e-07 2.9743265992405577e-07
864 800 0 6.5784370928584622e-07 2.509409607404666e-07
872 800 0 5.4846485331374694e-07 2.1139985712803571e-07
880 800 0 4.5661610810805466e-07 1.778352887313479e-07
888 800 0 3.7963344964783958e-07 1.4939901683231478e-07
896 800 0 3.1523319135062006e-07 1.253545848797326e-07
904 800 0 2.614631109204514e-07 1.0506453078994111e-07
912 800 0 2.1665909984551654e-07 8.7978798466187563e-08
920 800 0 1.7940685905770468e-07 7.3624291040785902e-08
928 800 0 1.4850819393274459e-07 6.1595504341001163e-08
936 800 0 1.2295148993610468e-07 5.154617636171828e-08
944 800 0 1.0188597797907605e-07 4.3181887251820417e-08
952 800 0 8.4599426648846652e-08 3.6253544495206446e-08
960 800 0 7.0498927247720782e-08 3.0551689497503311e-08
968 800 0 5.9094467081161208e-08 2.5901564522492117e-08
976 800 0 4.9985016564964285e-08 2.2158882680963809e-08
984 800 0 4.2846886289937032e-08 1.9206248283467245e-08
992 800 0 3.7424140982483015e-08 1.6950180168251383e-08
1000 800 0 3.3520888151373083e-08 1.5318696470815298e-08
1008 800 0 3.0995289981899965e-08 1.4259425599210981e-08
1016 800 0 2.9755177649748059e-08 1.3738214826232639e-08
0 808 0 0.0079604633919779771 0.00058558210164280037
8 808 0 0.0079757925925692686 0.00058735561416026205
16 808 0 0.0080056848030121489 0.00059084767290700901
24 808 0 0.008048640277336986 0.00059595037994138698
32 808 0 0.008102489256220145 0.00060250686795081717
40 808 0 0.0081644830677159597 0.00061031698347739031
48 808 0 0.0082314080343915182 0.00061914439862388419
56 808 0 0.0082997163299229695 0.00062872479256489543
64 808 0 0.008365667189358857 0.00063877470156783502
72 808 0 0.0084254715428631766 0.00064900061940953695
80 808 0 0.0084754332228792386 0.0006591079392857975
88 808 0 0.0085120803704541847 0.00066880936182828893
96 808 0 0.0085322814922824432 0.00067783244818163911
104 808 0 0.008533341727577309 0.00068592606734507559
112 808 0 0.0085130761880846915 0.00069286556727083011
120 808 0 0.0084698586405508852 0.00070020015199000543
128 808 0 0.008402645211663359 0.00070648477878205648
136 808 0 0.008310974119056876 0.00071122753723357711
144 808 0 0.0081949435885376887 0.0007143131420592197
152 808 0 0.0080551710447577477 0.00071565684369454506
160 808 0 0.0078927373188371446 0.00071520317365877766
168 808 0 0.007709119983465699 0.00071292417081781582
176 808 0 0.0075061200080412038 0.00070881726376236052
184 808 0 0.0072857857481539142 0.00070290296406987172
192 808 0 0.0070503378866930986 0.00069522249661116767
200 808 0 0.0068020983813948466 0.00068583546015444675
208 808 0 0.0065434258054996846 0.00067481757810336322
216 808 0 0.0062766587548732941 0.00066225856863012713
224 808 0 0.0060040682926941627 0.00064826013834141504
232 808 0 0.0057278197593649029 0.00063293408562850421
240 808 0 0.00544994372693522 0.00061640048968373672
248 808 0 0.0051723154472654732 0.00059878595853651677
256 808 0 0.0048966418414134981 0.00058022191327906578
264 808 0 0.0046244549021394353 0.00056084289422845233
272 808 0 0.0043571103197571175 0.00054078488609149954
280 808 0 0.0040957901742416916 0.00052018367119281619
288 808 0 0.0038415086396653146 0.00049917323062260164
296 808 0 0.0035951197955125377 0.00047788422128375828
304 808 0 0.0033573268094002052 0.0004564425613188673
312 808 0 0.0031286919267620177 0.00043496815690364718
320 808 0 0.002909646859459008 0.00041357380008355841
328 808 0 0.0027005032966810785 0.0003923642608438813
336 808 0 0.0025014633627959289 0.00037143558790450875
344 808 0 0.0023126299174699612 0.00035087462294781935
352 808 0 0.0021340166364997217 0.00033075872325310151
360 808 0 0.0019655578327803075 0.00031115567901931736
368 808 0 0.0018071179822522091 0.00029212380476230609
376 808 0 0.001658500916093815 0.0002737121795222616
384 808 0 0.0015194586336242097 0.00025596100834524428
392 808 0 0.0013896996847370681 0.00023890207745275345
400 808 0 0.0012688970689723438 0.00022255927730328927
408 808 0 0.0011566956017331552 0.00020694917085209322
416 808 0 0.0010527187065140027 0.00019208158814650717
424 808 0 0.00095657460419923195 0.00017796023239819152
432 808 0 0.00086786188485347905 0.00016458328638656035
440 808 0 0.00078617446216101112 0.00015194401114399804
448 808 0 0.00071110592417922476 0.00014003133118130773
456 808 0 0.00064225330517721647 0.00012883040200929155
464 808 0 0.00057922031138857516 0.00011832315650078297
472 808 0 0.00052162003840391057 0.00010848882690345533
480 808 0 0.00046907721999319291 9.9304439284977192e-05
488 808 0 0.000421230048015425 9.0745277094791759e-05
496 808 0 0.00037773160152215453 8.2785310550547071e-05
504 808 0 0.0003382509209627239 7.5397588830937727e-05
512 808 0 0.00030247376119517204 6.8554592637760123e-05
520 808 0 0.00027010305523456182 6.2228545565496264e-05
528 808 0 0.0002408591195338539 5.6391683815606823e-05
536 808 0 0.00021447963107639427 5.1016485004404504e-05
544 808 0 0.00019071940647797571 4.6075858010111468e-05
552 808 0 0.00016935001336137193 4.1543296863008898e-05
560 808 0 0.00015015924415727848 3.739300250149154e-05
568 808 0 0.00013295048191720669 3.3599976730195111e-05
576 808 0 0.00011754198649390184 3.0140092898734067e-05
584 808 0 0.00010376612746238044 2.6990147685605713e-05
592 808 0 9.1468587446038007e-05 2.4127897970029058e-05
600 808 0 8.0507556207638859e-05 2.1532086177492629e-05
608 808 0 7.0752932170942828e-05 1.9182456777417967e-05
616 808 0 6.2085544202992117e-05 1.7059765878854179e-05
624 808 0 5.4396402761960989e-05 1.514578518797786e-05
632 808 0 4.7585986125383282e-05 1.3423301017576435e-05
640 808 0 4.1563564530778727e-05 1.1876108610327938e-05
648 808 0 3.6246562791228806e-05 1.0489001768856099e-05
656 808 0 3.1559960328612869e-05 9.247757670134689e-06
664 808 0 2.7435726569323722e-05 8.1391167575325714e-06
672 808 0 2.3812289192452295e-05 7.1507577175404494e-06
680 808 0 2.0634032695428788e-05 6.2712677219604097e-06
688 808 0 1.7850825017476238e-05 5.4901083124322213e-06
696 808 0 1.5417570408101051e-05 4.7975774897467658e-06
704 808 0 1.3293787231578993e-05 4.184768720305353e-06
712 808 0 1.1443209867953247e-05 3.6435276703621834e-06
720 808 0 9.8334142437549484e-06 3.166407518649024e-06
728 808 0 8.4354667676398591e-06 2.7466236811471431e-06
736 808 0 7.2235965494193701e-06 2.3780087160637831e-06
744 808 0 6.1748907580953383e-06 2.0549680745709602e-06
752 808 0 5.2690128520057889e-06 1.7724372375767511e-06
760 808 0 4.4879432258757324e-06 1.5258406446169368e-06
768 808 0 3.8157416005796e-06 1.3110526901066035e-06
776 808 0 3.2383302635147472e-06 1.1243609441951805e-06
784 808 0 2.7432970758782009e-06 9.6243165665267229e-07
792 808 0 2.319717014937785e-06 8.222775257113559e-07
800 808 0 1.9579909233897748e-06 7.0122765990376871e-07
808 808 0 1.6497000954579e-06 5.968996277728358e-07
816 808 0 1.3874753360021148e-06 5.0717347449871893e-07
824 808 0 1.164879176082694e-06 4.3016758184474083e-07
832 808 0 9.7630000560122821e-07 3.6421625410178046e-07
840 808 0 8.1685697984395162e-07 3.0784892400002875e-07
848 808 0 6.8231466189909767e-07 2.5977088563991749e-07
856 808 0 5.6900646866368381e-07 2.1884547399663021e-07
864 808 0 4.7376608831911864e-07 1.8407762096672758e-07
872 808 0 3.9386612779175213e-07 1.545987255219948e-07
880 808 0 3.2696332789582025e-07 1.296527802122344e-07
888 808 0 2.7104975129041391e-07 1.0858369835742567e-07
896 808 0 2.2440940495445035e-07 9.0823786396169708e-08
904 808 0 1.855798061981977e-07 7.5883304722253701e-08
912 808 0 1.5331804120731368e-07 6.334105863820286e-08
920 808 0 1.2657089967963905e-07 5.2835959378065633e-08
928 808 0 1.0444869997994142e-07 4.4059493952803168e-08
936 808 0 8.6202447788767748e-08 3.6749042147336935e-08
944 808 0 7.1203998476382274e-08 3.0681979502693778e-08
952 808 0 5.8928920061480694e-08 2.5670506587365958e-08
960 808 0 4.8941779995349841e-08 2.1557147252370942e-08
968 808 0 4.0883605305251166e-08 1.8210861775910041e-08
976 808 0 3.4461291852135669e-08 1.5523724712828616e-08
984 808 0 2.9438764545513396e-08 1.3408121744423636e-08
992 808 0 2.5629716224076753e-08 1.1794424758406261e-08
1000 808 0 2.2891778474942378e-08 1.0629109676430705e-08
1008 808 0 2.112200287672257e-08 9.8732871051773953e-09
1016 808 0 2.0253555999150361e-08 9.5016216505976982e-09
0 816 0 0.0073748812903351767 0.00059086062578639093
8 816 0 0.0073884369784090066 0.00059251031299655671
16 816 0 0.0074148371301051398 0.00059575378238084249
24 816 0 0.007452689897395599 0.00060048135958568147
32 816 0 0.0074999823882693278 0.00060653375988876067
40 816 0 0.0075541660842385694 0.00061370805294131033
48 816 0 0.007612263635767634 0.00062176512540903627
56 816 0 0.0076709915373580741 0.0006304382634724293
64 816 0 0.0077268924877910219 0.00063944243156896074
72 816 0 0.0077764709234536397 0.00064900061940953695
80 816 0 0.0078163252835934411 0.0006591079392857975
88 816 0 0.0078432710086258958 0.00066880936182828893
96 816 0 0.0078544490441008041 0.00067783244818163911
104 816 0 0.0078474156602322334 0.00068592606734507559
112 816 0 0.0078202106208138614 0.00069286556727083011
120 816 0 0.0077714020573409525 0.00069845658320993268
128 816 0 0.0077001077333847812 0.00070253747827857781
136 816 0 0.007605993634485643 0.00070498048457123298
144 816 0 0.0074892519147265685 0.00070569167381112023
152 816 0 0.0073505611134330878 0.00070460993132465989
160 816 0 0.0071910321844014793 0.00070170513443566524
168 816 0 0.0070121442372941562 0.00069697574617154281
176 816 0 0.0068156739791421072 0.0006904460288990966
184 816 0 0.0066036226853303116 0.00068216306282360261
192 816 0 0.0063781441619764475 0.00067219372471665102
200 816 0 0.00614147663462604 0.00066062174676880664
208 816 0 0.0058958808673906637 0.00064754493810902092
216 816 0 0.0056435861389191912 0.00063307261595410298
224 816 0 0.005386745030160036 0.00061732326253412673
232 816 0 0.0051273973593936465 0.0006004223999712564
240 816 0 0.004867443067677329 0.00058250065925789102
248 816 0 0.004608623435783935 0.00056369201148153813
256 816 0 0.0043525097127127431 0.00054413212870075504
264 816 0 0.004100498055202492 0.00052395684693694322
272 816 0 0.0038538096070235943 0.00050330071273352317
280 816 0 0.0036134945686249332 0.00048229560561675834
288 816 0 0.0033804392000254435 0.0004610694396398711
296 816 0 0.0031553748391276088 0.00043974495638492888
304 816 0 0.0029388881812241799 0.00041843862817602523
312 816 0 0.0027314322335636803 0.00039725969319833734
320 816 0 0.0025333375158270522 0.00037630934363195581
328 816 0 0.0023448232125019459 0.00035568008417913256
336 816 0 0.0021660080905676043 0.00033545527222832465
344 816 0 0.0019969210741582004 0.00031570884331176075
352 816 0 0.0018375114190062782 0.00029650521749344347
360 816 0 0.0016876584579638657 0.00027789937481644184
368 816 0 0.0015471809005469842 0.00025993708170522485
376 816 0 0.0014158456703224004 0.00024265524577141455
384 816 0 0.0012933762595834662 0.00022608237404074354
392 816 0 0.001179460575568982 0.00021023910916808611
400 816 0 0.001073758249495313 0.0001951388194770308
408 816 0 0.00097590738049777113 0.00018078822123538405
416 816 0 0.00088553069154863535 0.00016718801496536735
424 816 0 0.00080224108290838836 0.0001543335212908436
432 816 0 0.00072564657944492145 0.00014221530540855761
440 816 0 0.00065535467975440416 0.00013081978240660696
448 816 0 0.00059097612603797346 0.00012012979814125129
456 816 0 0.00053212812302333966 0.00011012518215387681
464 816 0 0.00047843704117902586 0.0001007832702095493
472 816 0 0.00042954064380547238 9.2079394598438191e-05
480 816 0 0.00038508987945143011 8.3987340541762806e-05
488 816 0 0.00034475028093816531 7.6479767077259687e-05
496 816 0 0.00030820301068433943 6.9528590837815104e-05
504 816 0 0.00027514558965290324 6.3105331309820656e-05
512 816 0 0.00024529234465770817 5.718141653746387e-05
520 816 0 0.00021837460639511242 5.1728448839449403e-05
528 816 0 0.00019414068864595507 4.671843088789883e-05
536 816 0 0.00017235567768632146 4.2123953390072811e-05
544 816 0 0.00015280105996162566 3.791834651635005e-05
552 816 0 0.00013527421532671127 3.4075798034660654e-05
560 816 0 0.00011958780239971513 3.0571441757563353e-05
568 816 0 0.00010556906159358912 2.7381420323617574e-05
576 816 0 9.3059060002851854e-05 2.4482926491049991e-05
584 816 0 8.1911900439852369e-05 2.1854227022528066e-05
592 816 0 7.1993914528793393e-05 1.9474672917244615e-05
600 816 0 6.3182856953738622e-05 1.7324699253900238e-05
608 816 0 5.5367114859719711e-05 1.5385817311223118e-05
616 816 0 4.8444943203154393e-05 1.3640600999837724e-05
624 816 0 4.2323733728701916e-05 1.2072669033259073e-05
632 816 0 3.691932238846475e-05 1.0666663736918531e-05
640 816 0 3.215533755434768e-05 9.408226976431047e-06
648 816 0 2.7962589395164071e-05 8.2839733960647356e-06
656 816 0 2.427849933345027e-05 7.2814609951625996e-06
664 816 0 2.1046567549465508e-05 6.3891590198582141e-06
672 816 0 1.8215876006560626e-05 5.5964131858916684e-06
680 816 0 1.5740624348866442e-05 4.893408346562346e-06
688 816 0 1.3579696169553284e-05 4.271128847922954e-06
696 816 0 1.169625346397488e-05 3.7213169441261705e-06
704 816 0 1.0057357473862479e-05 3.236429757716514e-06
712 816 0 8.6336145201066897e-06 2.8095953478465573e-06
720 816 0 7.3988457574100546e-06 2.4345684863448938e-06
728 816 0 6.329780031271137e-06 2.1056867363687221e-06
736 816 0 5.4057691639330856e-06 1.8178273854862845e-06
744 816 0 4.6085250454760386e-06 1.5663657126192997e-06
752 816 0 3.9218778755469427e-06 1.3471349764588462e-06
760 816 0 3.3315548136384721e-06 1.1563884122372602e-06
768 816 0 2.8249781769463739e-06 9.9076342363322604e-07
776 816 0 2.3910821987085849e-06 8.4724806480616232e-07
784 816 0 2.0201472464092812e-06 7.2314982946891969e-07
792 816 0 1.7036503124748063e-06 6.1606670246297872e-07
800 816 0 1.4341305381571676e-06 5.2386038523260727e-07
808 816 0 1.2050685166095006e-06 4.4463157884839936e-07
816 816 0 1.0107781415119634e-06 3.7669719449015141e-07
824 816 0 8.4630981754485255e-07 3.1856935853784149e-07
832 816 0 7.0736392120424324e-07 2.6893608439698497e-07
840 816 0 5.902134869990116e-07 2.2664349284494002e-07
848 816 0 4.9163518746919996e-07 1.9067947442989771e-07
856 816 0 4.0884776936709679e-07 1.6015869929658702e-07
864 816 0 3.3945719790472811e-07 1.3430889041439053e-07
872 816 0 2.8140784297960846e-07 1.1245828481214367e-07
880 816 0 2.329391140453781e-07 9.4024213850442149e-08
888 816 0 1.9254701336033356e-07 7.8502737930080343e-08
896 816 0 1.5895013123018639e-07 6.5459273724263954e-08
904 816 0 1.3105965267194302e-07 5.4520153526254675e-08
912 816 0 1.0795298407506458e-07 4.5365057132249098e-08
920 816 0 8.885064239282048e-08 3.7720257286818566e-08
928 816 0 7.3096079513839372e-08 3.1352620466102049e-08
936 816 0 6.0138141875263524e-08 2.6064305913504224e-08
944 816 0 4.9515890957137995e-08 2.1688107519244279e-08
952 816 0 4.0845534657351934e-08 1.808338540412876e-08
960 816 0 3.380924307826019e-08 1.5132536917089651e-08
968 816 0 2.8145645176512788e-08 1.2737960128738379e-08
976 816 0 2.3641825132535515e-08 1.0819466719600154e-08
984 816 0 2.0126659210242189e-08 9.3121053352712061e-09
992 816 0 1.7465355294402605e-08 8.1643609296741487e-09
1000 816 0 1.5555078203705549e-08 7.3367002712368293e-09
1008 816 0 1.4321564288532111e-08 6.8004385881904587e-09
1016 816 0 1.3716648764658589e-08 6.5369072344917717e-09
0 824 0 0.0067840206645487858 0.00059086062578639093
8 824 0 0.0067959266654124498 0.00059251031299655671
16 824 0 0.0068190833477242974 0.00059575378238084249
24 824 0 0.0068522085378099175 0.00060048135958568147
32 824 0 0.0068934486283805671 0.00060653375988876067
40 824 0 0.0069404580312972591 0.00061370805294131033
48 824 0 0.0069904985103585978 0.00062176512540903627
56 824 0 0.0070405532738856448 0.0006304382634724293
64 824 0 0.0070874500562220612 0.00063944243156896074
72 824 0 0.0071279871183344383 0.00064848380511920139
80 824 0 0.007159056159978157 0.00065726912361528406
88 824 0 0.0071777565439357692 0.00066551446469012652
96 824 0 0.0071814959479723104 0.00067295309612849363
104 824 0 0.0071680735239965784 0.00067934213623565502
112 824 0 0.0071357427832988065 0.00068446783751505494
120 824 0 0.0070832526596575369 0.00068814939768341559
128 824 0 0.0070098664442137318 0.00069024128917104938
136 824 0 0.0069153594569920443 0.00069063417749359868
144 824 0 0.0067999973493828988 0.0006892545653436697
152 824 0 0.0066644977640137803 0.0006860633494193075
160 824 0 0.0065099786754576529 0.00068105350894382636
168 824 0 0.006337897079059995 0.00067424715823416123
176 824 0 0.0061499817873718983 0.00066569219177020893
184 824 0 0.0059481639538003584 0.00065545873152995319
192 824 0 0.0057345086056114032 0.00064363555636504435
200 824 0 0.0055111499786939791 0.0006303266559320609
208 824 0 0.0052802328560652917 0.00061564801132537195
216 824 0 0.0050438614739541773 0.00059972466496501387
224 824 0 0.0048040569234064634 0.0005826881067535726
232 824 0 0.0045627233849415564 0.00056467397445209011
240 824 0 0.004321623022604369 0.00054582004507295993
248 824 0 0.0040823589545024809 0.00052626448128145417
256 824 0 0.0038463654208547712 0.00050614429185797186
264 824 0 0.0036149040882178887 0.00048559396698460338
272 824 0 0.0033890653512593165 0.00046474425576427782
280 824 0 0.0031697735056258444 0.0004437210629990888
288 824 0 0.0029577947471278176 0.00042264445289762588
296 824 0 0.0027537470817958899 0.00040162775733171893
304 824 0 0.0025581113870277649 0.000380776794196415
312 824 0 0.0023712430270575111 0.00036018920650616928
320 824 0 0.0021933835810671503 0.0003399539347599019
328 824 0 0.0020246723785292543 0.00032015083397269163
336 824 0 0.0018651576474418669 0.00030085044312573735
344 824 0 0.001714807164752991 0.00028211390940520941
352 824 0 0.001573518355629202 0.00026399306337707628
360 824 0 0.0014411278229089881 0.00024653063505487762
368 824 0 0.0013174203051359533 0.00022976059541103089
376 824 0 0.0012021370665145929 0.00021370860380780753
384 824 0 0.0010949837201951363 0.00019839253938832993
392 824 0 0.00099563748183442908 0.00018382309373455295
400 824 0 0.00090375384657582526 0.00017000440291948778
408 824 0 0.0008189726813512268 0.00015693469914654433
416 824 0 0.00074092372647130628 0.00014460696507732906
424 824 0 0.00066923150563685026 0.00013300957727153809
432 824 0 0.00060351965094271125 0.00012212692850221019
440 824 0 0.00054341465800646842 0.00011194002174793574
448 824 0 0.00048854909485124742 0.00010242703118672604
456 824 0 0.00043856429560058401 9.3563827422755649e-05
464 824 0 0.00039311257570955033 8.532446546947553e-05
472 824 0 0.00035185900903031734 7.7681634775155037e-05
480 824 0 0.00031448280850422368 7.0607070947206426e-05
488 824 0 0.00028067835196934139 6.4071928968823921e-05
496 824 0 0.00025015589292657351 5.8047117757765922e-05
504 824 0 0.00022264199363725108 5.2503596015652165e-05
512 824 0 0.00019787971512063015 4.7412629537078025e-05
520 824 0 0.00017562859587153665 4.2746010523575772e-05
528 824 0 0.00015566444867998126 3.8476239965973811e-05
536 824 0 0.00013777900291319061 3.4576674773130847e-05
544 824 0 0.00012177941799453785 3.1021641967087806e-05
552 824 0 0.00010748769246760218 2.7786522859109099e-05
560 824 0 9.4739991800611977e-05 2.4847810599103155e-05
568 824 0 8.3385916793073453e-05 2.2183144800515668e-05
576 824 0 7.3287732947660902e-05 1.9771327055190951e-05
584 824 0 6.4319579375520493e-05 1.7592321064331876e-05
592 824 0 5.6366673686431546e-05 1.5627240842361846e-05
600 824 0 4.9324526915344179e-05 1.3858330038394443e-05
608 824 0 4.3098179944792126e-05 1.2268934914927585e-05
616 824 0 3.7601470223988905e-05 1.0843472979165488e-05
624 824 0 3.2756334998666824e-05 9.5673987300350921e-06
632 824 0 2.8492154882453875e-05 8.4271675060108751e-06
640 824 0 2.4745139528734206e-05 7.4101980256134735e-06
648 824 0 2.1457755474735739e-05 6.5048339204283312e-06
656 824 0 1.8578194960690177e-05 5.7003043727600923e-06
664 824 0 1.6059883671308883e-05 4.9866838781566251e-06
672 824 0 1.3861024866524875e-05 4.3548511400357514e-06
680 824 0 1.1944177201306794e-05 3.796447147559648e-06
688 824 0 1.0275863604348089e-05 3.3038325652051953e-06
696 824 0 8.8262088128583566e-06 2.8700446511165237e-06
704 824 0 7.5686034709103782e-06 2.488754002952101e-06
712 824 0 6.4793930288237538e-06 2.1542214912829359e-06
720 824 0 5.5375899834561153e-06 1.8612557739539394e-06
728 824 0 4.7246082435112826e-06 1.6051717877598543e-06
736 824 0 4.0240185756273034e-06 1.3817505883057822e-06
744 824 0 3.4213241852349887e-06 1.1872008602410499e-06
752 824 0 2.9037555202661365e-06 1.0181223552808062e-06
760 824 0 2.4600833713390621e-06 8.7147144229941005e-07
768 824 0 2.0804492973524483e-06 7.445288795939256e-07
776 824 0 1.7562123484353552e-06 6.348698502732297e-07
784 824 0 1.479811004335955e-06 5.4033624207332627e-07
792 824 0 1.2446392071001993e-06 4.5901110537460701e-07
800 824 0 1.0449353494159901e-06 3.8919518874117747e-07
808 824 0 8.7568308717901469e-07 3.2938542943048592e-07
816 824 0 7.3252287600907252e-07 2.7825526550289085e-07
824 824 0 6.1167318331494445e-07 2.346366342299081e-07
832 824 0 5.0986039516390796e-07 1.9750352604033528e-07
840 824 0 4.2425651509491716e-07 1.6595697190409444e-07
848 824 0 3.5242383469091468e-07 1.3921135277828529e-07
856 824 0 2.9226583846503729e-07 1.1658193090205951e-07
864 824 0 2.4198368472349496e-07 9.7473513181233151e-08
872 824 0 2.0003767701215201e-07 8.1370165967456452e-08
880 824 0 1.651132061202524e-07 6.7825907925125701e-08
888 824 0 1.3609069994824673e-07 5.6456313412086833e-08
896 824 0 1.1201916812784408e-07 4.6930963102342316e-08
904 824 0 9.2092970885437937e-08 3.8966681786505086e-08
912 824 0 7.5631478307156458e-08 3.2321505767908126e-08
920 824 0 6.2061318018169298e-08 2.6789324374651183e-08
928 824 0 5.0900937397275774e-08 2.2195142116563599e-08
936 824 0 4.1747231734013335e-08 1.8390910141250189e-08
944 824 0 3.4264012939158956e-08 1.5251878017979039e-08
952 824 0 2.8172115090545069e-08 1.2673419566806865e-08
960 824 0 2.3240953614021288e-08 1.0568289464238901e-08
968 824 0 1.9281374506148034e-08 8.8642706703647535e-09
976 824 0 1.6139648843288758e-08 7.5021762892467562e-09
984 824 0 1.3692485970546843e-08 6.4341732396953459e-09
992 824 0 1.184295627037116e-08 5.6223990240314452e-09
1000 824 0 1.0517231312099958e-08 5.0378468916055902e-09
1008 824 0 9.6620655235002923e-09 4.6594987650318188e-09
1016 824 0 9.2429593609464681e-09 4.4736894037121214e-09
0 832 0 0.0061963167386233087 0.0005877039259254771
8 832 0 0.0062067029366841492 0.00058922372872830062
16 832 0 0.0062268759756422968 0.0005922073720820006
24 832 0 0.0062556634106807124 0.00059654512712920514
32 832 0 0.0062913708544892859 0.00060207777389128126
40 832 0 0.0063318552986496267 0.00060860273264763242
48 832 0 0.0063746167764643239 0.00061588173389427389
56 832 0 0.0064169036369793432 0.00062364963690630156
64 832 0 0.0064558260968635966 0.00063162395935846462
72 832 0 0.0064884724578749102 0.00063951466045952809
80 832 0 0.0065120224319159493 0.00064703372806220773
88 832 0 0.006523852389321007 0.00065390415461476226
96 832 0 0.0065216280038142569 0.00065986794415805357
104 832 0 0.0065033806561504504 0.00066469286784612801
112 832 0 0.0064675650107008298 0.00066817777259797675
120 832 0 0.0064130963198248325 0.00067015633983270439
128 832 0 0.0063393671620607861 0.00067049928215294572
136 832 0 0.0062462444077868422 0.00066911504920520205
144 832 0 0.0061340481647449013 0.00066594918463799748
152 832 0 0.0060035152336825283 0.00066098253033125207
160 832 0 0.0058557501657669079 0.00065422850969074509
168 832 0 0.0056921673408163315 0.00064572973824366352
176 832 0 0.0055144275793184427 0.00063555420805345552
184 832 0 0.0053243726788384897 0.00062379127496186865
192 832 0 0.0051239609578601257 0.00061054764775127744
200 832 0 0.004915206438673784 0.00059594354002019505
208 832 0 0.0047001237529618531 0.00058010910310343864
216 832 0 0.0044806802581791533 0.00056318121577502399
224 832 0 0.0042587562561742622 0.00054530066723220121
232 832 0 0.004036113648286938 0.00052660973665461831
240 832 0 0.0038143728754149861 0.00050725014718938297
248 832 0 0.0035949975992449253 0.00048736135525755554
256 832 0 0.0033792862934494527 0.00046707912740531852
264 832 0 0.0031683697326684431 0.00044653435554944552
272 832 0 0.002963213285414571 0.00042585206584474546
280 832 0 0.0027646229209576266 0.00040515058466821787
288 832 0 0.002573253911685224 0.00038454083544259363
296 832 0 0.0023896213313589951 0.00036412575043689478
304 832 0 0.0022141115961900708 0.00034399979083769416
312 832 0 0.0020469944517840536 0.00032424857527345741
320 832 0 0.0018884349599995094 0.00030494862106764087
328 832 0 0.0017385051748024618 0.00028616720372679253
336 832 0 0.0015971953085825669 0.00026796233885930006
344 832 0 0.0014644242772809673 0.00025038288747202377
352 832 0 0.0013400495744631603 0.0002334687811660417
360 832 0 0.001223876463966101 0.00021725135894288703
368 832 0 0.0011156665022780748 0.00020175380285787853
376 832 0 0.0010151454103331774 0.00018699165618141548
384 832 0 0.00092201031478112967 0.0001729734054140066
392 832 0 0.00083593637524202106 0.00015970110659240802
400 832 0 0.00075658280980564875 0.00014717103677017651
408 832 0 0.00068359832820541532 0.00013537435314581148
416 832 0 0.00061662598174025288 0.0001242977447310534
424 832 0 0.0005553074412954211 0.00011392406434142916
432 832 0 0.00049928671924223591 0.00010423293170047534
440 832 0 0.00044821335672537633 9.5201301281092087e-05
448 832 0 0.00040174510390480252 8.6803990946444898e-05
456 832 0 0.0003595501262233976 7.9014169377186402e-05
464 832 0 0.00032130877405839883 7.1803801651151497e-05
472 832 0 0.000286714955808094 6.5144053222223339e-05
480 832 0 0.00025547715547751963 5.900565302670405e-05
488 832 0 0.00022731913531335356 5.335921665598783e-05
496 832 0 0.00020198036232211796 4.8175530604455547e-05
504 832 0 0.00017921619499273715 4.3425798644513924e-05
512 832 0 0.00015879786364210387 3.9081851478526278e-05
520 832 0 0.00014051227485746879 3.5116321014067861e-05
528 832 0 0.00012416166776886011 3.1502780911121152e-05
536 832 0 0.00010956314748015615 2.8215855433034467e-05
544 832 0 9.6548118943026514e-05 2.523129905151134e-05
552 832 0 8.4961642813518454e-05 2.2526049654083722e-05
560 832 0 7.4661733274314189e-05 2.0078258526297788e-05
568 832 0 6.551861630649296e-05 1.7867300486580493e-05
576 832 0 5.7413965335278335e-05 1.5873767612382568e-05
584 832 0 5.0240129471578918e-05 1.4079449903941574e-05
592 832 0 4.3899367688677968e-05 1.2467305997753579e-05
600 832 0 3.8303100223383468e-05 1.102142669196071e-05
608 832 0 3.3371186327637133e-05 9.7269936171549929e-06
616 832 0 2.9031235303895635e-05 8.5702349200932704e-06
624 832 0 2.5217955633533365e-05 7.5383793651334586e-06
632 832 0 2.1872545048595585e-05 6.6196098338582897e-06
640 832 0 1.8942122685231754e-05 5.8030168435024519e-06
648 832 0 1.6379203049711072e-05 5.0785524250246678e-06
656 832 0 1.414121045377326e-05 4.4369845069169178e-06
664 832 0 1.2190031834687818e-05 3.8698518366210651e-06
672 832 0 1.0491605440552473e-05 3.3694194259724022e-06
680 832 0 9.0155426872882223e-06 2.9286345140185719e-06
688 832 0 7.7347805227551649e-06 2.541083081592924e-06
696 832 0 6.625261803455716e-06 2.2009470094026406e-06
704 832 0 5.6656414410913943e-06 1.9029620298189839e-06
712 832 0 4.8370163584298174e-06 1.6423766703939364e-06
720 832 0 4.1226775664976637e-06 1.4149124169584516e-06
728 832 0 3.507882910798063e-06 1.2167253327132197e-06
736 832 0 2.9796492182919408e-06 1.0443693573353626e-06
744 832 0 2.5265627053739466e-06 8.9476147986104204e-07
752 832 0 2.1386065844902283e-06 7.6514893577590827e-07
760 832 0 1.8070048434200961e-06 6.5307852791896603e-07
768 832 0 1.524081179396099e-06 5.5636811795634927e-07
776 832 0 1.2831320633876732e-06 4.7308028504768195e-07
784 832 0 1.0783128998291142e-06 4.0149810450684079e-07
792 832 0 9.0453624306601865e-07 3.4010296403418062e-07
800 832 0 7.5738103995120803e-07 2.8755430946478208e-07
808 832 0 6.3301189135900206e-07 2.4267119582001263e-07
816 832 0 5.2810736420701581e-07 2.0441551180205671e-07
824 832 0 4.3979643809410626e-07 1.7187674522083819e-07
832 832 0 3.6560223374274524e-07 1.4425816142116272e-07
840 832 0 3.0339224028593841e-07 1.2086427480897875e-07
848 832 0 2.5133433122897424e-07 1.0108950346194044e-07
856 832 0 2.078579312148962e-07 8.4407907250141089e-08
864 832 0 1.7161976478698523e-07 7.0363919936509727e-08
872 832 0 1.4147368224209872e-07 5.8563994770053295e-08
880 832 0 1.1644411528586271e-07 4.866909083438969e-08
888 832 0 9.570276612886859e-08 4.0387933819378141e-08
896 832 0 7.8548178060086367e-08 3.3470990067757712e-08
904 832 0 6.438787394952315e-08 2.7705096935914788e-08
912 832 0 5.2722782343430301e-08 2.2908695963726157e-08
920 832 0 4.3133699684600557e-08 1.8927618333568741e-08
928 832 0 3.5269562558882639e-08 1.5631374838393135e-08
936 832 0 2.8837326486653135e-08 1.29099052473602e-08
944 832 0 2.3593268265510591e-08 1.0670744673648365e-08
952 832 0 1.9335547710149051e-08 8.8365673803960174e-09
960 832 0 1.5897882180459039e-08 7.3430714335622491e-09
968 832 0 1.3144203785030253e-08 6.1371707211177809e-09
976 832 0 1.0964184758907438e-08 5.1754640843813203e-09
984 832 0 9.2695313515873529e-09 4.4229546189594906e-09
992 832 0 7.9909607022953825e-09 3.8519955680757771e-09
1000 832 0 7.0757886896658188e-09 3.4414426224341396e-09
1008 832 0 6.4860696864560491e-09 3.1759958370442432e-09
1016 832 0 6.1972415980805176e-09 3.0457177628659505e-09
0 840 0 0.0056194499664762509 0.00057686677214705776
8 840 0 0.0056284490392860187 0.00057825389739813056
16 840 0 0.0056459030408150153 0.00058097293482728147
24 840 0 0.005670747735941146 0.00058491567473956639
32 840 0 0.0057014456278201009 0.00058992522666918498
40 840 0 0.0057360530904366344 0.0005958022082129923
48 840 0 0.0057723042906177744 0.00060231248584654944
56 840 0 0.0058077075640716163 0.00060919607290772695
64 840 0 0.0058396493555592935 0.00061617674130430306
72 840 0 0.0058655005752701935 0.00062297188260471668
80 840 0 0.0058827202704042321 0.00062930216151171718
88 840 0 0.0058889518505470971 0.00063490053877390991
96 840 0 0.0058821077058402466 0.00063952029797401024
104 840 0 0.0058604388697342732 0.00064294178641617714
112 840 0 0.0058225873422214349 0.00064497766847939481
120 840 0 0.0057676197361476028 0.00064547658367722967
128 840 0 0.0056950419674742982 0.00064432519458648783
136 840 0 0.0056047957122059905 0.00064144869558085179
144 840 0 0.0054972382380612519 0.00063680992668364942
152 840 0 0.0053731079397775338 0.00063040729390499445
160 840 0 0.0052334784299985226 0.00062227173576838522
168 840 0 0.0050797043462044739 0.00061246299461185753
176 840 0 0.0049133621278291432 0.00060106545148929953
184 840 0 0.0047361889115465246 0.00058818376729196514
192 840 0 0.0045500224145419328 0.00057393854331819292
200 840 0 0.0043567442627897848 0.00055846217588399923
208 840 0 0.0041582287170542648 0.00054189503590758824
216 840 0 0.0039562981983703865 0.00052438205980876677
224 840 0 0.0037526864600196698 0.00050606979615459239
232 840 0 0.0035490097321632936 0.00048710391612364441
240 840 0 0.0033467457084107879 0.0004676271670041982
248 840 0 0.003147219871685797 0.00044777772755912829
256 840 0 0.0029515983812275714 0.00042768791222188131
264 840 0 0.002760886565700847 0.00040748316696759615
272 840 0 0.0025759319834537742 0.00038728130196079682
280 840 0 0.0023974310079862612 0.00036719191297136539
288 840 0 0.002225937958488515 0.00034731595319670901
296 840 0 0.0020618759036192973 0.00032774542773969777
304 840 0 0.0019055484031460493 0.0003085631930440215
312 840 0 0.0017571515998427649 0.00028984285194128879
320 840 0 0.0016167862190760592 0.00027164874092345018
328 840 0 0.0014844691652341408 0.00025403600956832098
336 840 0 0.0013601445157283081 0.00023705079285425874
344 840 0 0.0012436938014391565 0.00022073047584181076
352 840 0 0.0011349455269596875 0.00020510404750347273
360 840 0 0.0010336839269154249 0.00019019253705067612
368 840 0 0.00093965697966518803 0.00017600952261288675
376 840 0 0.00085258371120409092 0.00016256169912908652
384 840 0 0.00077216082456696411 0.00014984949021416556
392 840 0 0.00069806868746988043 0.00013786768777214063
400 840 0 0.0006299767065317028 0.00012660610327394595
408 840 0 0.00056754811242881557 0.00011605021577659974
416 840 0 0.00051044417803896322 0.00010618180370128966
424 840 0 0.00045832789147549143 9.6979549819929678e-05
432 840 0 0.00041086710771891705 8.8419611523318862e-05
440 840 0 0.00036773720573462485 8.0476150990751484e-05
448 840 0 0.00032862328176155793 7.312182214324459e-05
456 840 0 0.00029322191311443804 6.6328213108959562e-05
464 840 0 0.00026124252975164849 6.0066244306750344e-05
472 840 0 0.00023240843263020082 5.4306523177893184e-05
480 840 0 0.00020645749834248528 4.9019657135034348e-05
488 840 0 0.00018314260876294065 4.417652655041291e-05
496 840 0 0.00016223184264037052 3.9748519681747437e-05
504 840 0 0.00014350846355799292 3.5707731434744236e-05
512 840 0 0.00012677073577689276 3.2027127865211105e-05
520 840 0 0.0001118315964761574 2.8680678381311388e-05
528 840 0 9.851821003184037e-05 2.5643457737019741e-05
536 840 0 8.6671427376569814e-05 2.2891720103586333e-05
544 840 0 7.6145171204012891e-05 2.0402947739013623e-05
552 840 0 6.6805765806340144e-05 1.815587700717831e-05
560 840 0 5.8531228587133691e-05 1.6130504687180498e-05
568 840 0 5.1210538682183657e-05 1.4308077624309303e-05
576 840 0 4.4742896552738604e-05 1.267106878253973e-05
584 840 0 3.9036986816758066e-05 1.1203142654820852e-05
592 840 0 3.4010254912393712e-05 9.8891127762842554e-06
600 840 0 2.9588206439154039e-05 8.7148937842294296e-06
608 840 0 2.5703736223829714e-05 7.6674501038074187e-06
616 840 0 2.2296492362910257e-05 6.7347429409853776e-06
624 840 0 1.9312278767263014e-05 5.9056768662703507e-06
632 840 0 1.6702498146617747e-05 5.1700469019778388e-06
640 840 0 1.4423635980815771e-05 4.518486704415983e-06
648 840 0 1.2436784875534294e-05 3.9424181741767781e-06
656 840 0 1.0707207815323951e-05 3.4340026384493087e-06
664 840 0 9.2039382077050595e-06 2.9860936269827586e-06
672 840 0 7.8994142405069866e-06 2.5921912000454863e-06
680 840 0 6.7691449169225968e-06 2.2463977703656255e-06
688 840 0 5.7914051452343491e-06 1.9433753775208158e-06
696 840 0 4.946957395013129e-06 1.678304408442587e-06
704 840 0 4.2187976420796464e-06 1.4468437990117479e-06
712 840 0 3.5919235692799115e-06 1.2450927891499059e-06
720 840 0 3.0531232359805119e-06 1.0695543305171518e-06
728 840 0 2.590782652510428e-06 9.1710025828763498e-07
736 840 0 2.1947108825352323e-06 7.8493833575670846e-07
744 840 0 1.8559814410845218e-06 6.705812642894248e-07
752 840 0 1.5667888600397966e-06 5.7181772445043168e-07
760 840 0 1.3203193624629264e-06 4.8668548095716966e-07
768 840 0 1.1106346310050944e-06 4.1344654839100461e-07
776 840 0 9.3256768338995656e-07 3.5056437999771665e-07
784 840 0 7.8162988856626509e-07 2.9668301126284909e-07
792 840 0 6.5392817788979947e-07 2.5060806517621918e-07
800 840 0 5.4609153178589955e-07 2.1128950816530848e-07
808 840 0 4.5520585667247276e-07 1.778060346865293e-07
816 840 0 3.7875641035783705e-07 1.4935095384917876e-07
824 840 0 3.1457698591098433e-07 1.2521945218312194e-07
832 840 0 2.6080512226132873e-07 1.0479711148141651e-07
840 840 0 2.1584267204903541e-07 8.7549568236903e-08
848 840 0 1.7832112089805735e-07 7.3013210330916887e-08
856 840 0 1.4707111491006802e-07 6.0786816304828173e-08
864 840 0 1.2109571280443971e-07 5.0524051982545523e-08
872 840 0 9.9546934338134848e-08 4.1926747903963869e-08
880 840 0 8.170522658533987e-08 3.4738888700522844e-08
888 840 0 6.6961514016478257e-08 2.8741252112390333e-08
896 840 0 5.4801537188988957e-08 2.374664087109741e-08
904 840 0 4.4792218650296348e-08 1.9595655299226801e-08
912 840 0 3.6569823943393906e-08 1.6152958400036395e-08
920 840 0 2.9829711063838438e-08 1.3303988620762118e-08
928 840 0 2.4317484008215916e-08 1.0952078550666723e-08
936 840 0 1.9821385784749804e-08 9.0159407019033314e-09
944 840 0 1.6165783943405038e-08 7.427484322105553e-09
952 840 0 1.3205617741277164e-08 6.1299299688718868e-09
960 840 0 1.0821690807745658e-08 5.0761913727133813e-09
968 840 0 8.9167068476226694e-09 4.2274969374075839e-09
976 840 0 7.4119586886860698e-09 3.5522260702213683e-09
984 840 0 6.2445929655272289e-09 3.024938386060124e-09
992 840 0 5.3653840284831508e-09 2.6255766738122316e-09
1000 840 0 4.7369613534535442e-09 2.3388273362122746e-09
1008 840 0 4.3324448797163095e-09 2.1536248067397396e-09
1016 840 0 4.1344523943149194e-09 2.0627892037655981e-09
0 848 0 0.0050602014211487065 0.00055924854532754444
8 848 0 0.0050679459249926865 0.00056050311429333213
16 848 0 0.0050829445370307947 0.00056295850378422062
24 848 0 0.0051042383178530742 0.00056650941808807174
32 848 0 0.005130442327630884 0.00057100330018921685
40 848 0 0.005159806613065759 0.00057624647737087534
48 848 0 0.0051902924435378211 0.00058201184707995339
56 848 0 0.0052196598540952292 0.0005880477099763871
64 848 0 0.005245562047280509 0.00059408730827878453
72 848 0 0.005265641969109074 0.00059985860616111955
80 848 0 0.005277626414788939 0.00060509385561529315
88 848 0 0.0052794133261063513 0.00060953852444074579
96 848 0 0.0052691484862518656 0.00061295921958838106
104 848 0 0.0052452885555606156 0.00061515031417365765
112 848 0 0.0052066482680496757 0.00061593907417175926
120 848 0 0.0051524305615571718 0.00061518917459043101
128 848 0 0.0050822393792993832 0.00061280258817491499
136 848 0 0.0049960757959438872 0.00060871991626210327
144 848 0 0.0048943189320683061 0.00060291930599294576
152 848 0 0.0047776937830768702 0.00059541415670066357
160 848 0 0.0046472285715924216 0.00058624985840610103
168 848 0 0.0045042045201466301 0.00057549982605784381
176 848 0 0.004350101032737118 0.0005632610950920252
184 848 0 0.0041865391824804799 0.00054964972906604466
192 848 0 0.004015226152903428 0.00053479626163850484
200 848 0 0.0038379029059463364 0.00051884135684344837
208 848 0 0.0036562968894659261 0.00050193182758833874
216 848 0 0.0034720810916973725 0.00048421710667301407
224 848 0 0.0032868402389677207 0.00046584622105194911
232 848 0 0.0031020444506367991 0.00044696528152649451
240 848 0 0.0029190302397389348 0.00042771546867185302
248 848 0 0.0027389883989395731 0.0004082314727462239
256 848 0 0.0025629580503836913 0.00038864033084388006
264 848 0 0.0023918259676223852 0.0003690605980784618
272 848 0 0.0022263301935326421 0.00034960178992113214
280 848 0 0.002067066969627765 0.00033036403835849616
288 848 0 0.0019145000450110721 0.0003114379134774429
296 848 0 0.0017689715309631084 0.00029290437265618897
304 848 0 0.0016307135929692241 0.00027483481017682521
312 848 0 0.0014998604102987325 0.00025729118954403237
320 848 0 0.0013764599708037308 0.00024032624827232838
328 848 0 0.0012604853952483091 0.00022398376998583169
336 848 0 0.0011518455943896973 0.00020829892133861086
344 848 0 0.0010503951496400794 0.00019329865179907712
352 848 0 0.00095594337371043391 0.00017900215324925361
360 848 0 0.00086826255267771822 0.0001654213742377067
368 848 0 0.00078709539845469223 0.00015256158121049581
376 848 0 0.0007121617545311395 0.00014042195667295142
384 848 0 0.00064316460214468329 0.00012899622242228083
392 848 0 0.00057979541247535707 0.00011827327499452337
400 848 0 0.00052173888614657203 0.00010823782038513077
408 848 0 0.00046867711654584429 9.8870995882971283e-05
416 848 0 0.00042029320969269693 9.0150968346266287e-05
424 848 0 0.00037627439125349077 8.2053500222000657e-05
432 848 0 0.00033631463089954229 7.4552476819374756e-05
440 848 0 0.00030011681517624732 6.7620390558377529e-05
448 848 0 0.00026739450182749152 6.1228779934066418e-05
456 848 0 0.00023787329048153563 5.5348622632902416e-05
464 848 0 0.00021129184620979669 4.9950683541851804e-05
472 848 0 0.00018740261333310528 4.5005819297095533e-05
480 848 0 0.00016597225677365848 4.0485241568826807e-05
488 848 0 0.00014678186721705789 3.6360741545882761e-05
496 848 0 0.00012962696448289276 3.2604878157477767e-05
504 848 0 0.00011431733102161208 2.9191132536380836e-05
512 848 0 0.00010067670461496929 2.6094031161923476e-05
520 848 0 8.8542356402151776e-05 2.3289240074005624e-05
528 848 0 7.7764577483788351e-05 2.0753632548052019e-05
536 848 0 6.8206094706639683e-05 1.846533266993013e-05
544 848 0 5.9741433868906368e-05 1.6403737335106523e-05
552 848 0 5.2256246514139081e-05 1.4549519292201063e-05
560 848 0 4.5646614659582939e-05 1.2884613927550751e-05
568 848 0 3.981834616561173e-05 1.1392192516571927e-05
576 848 0 3.4686271923817447e-05 1.0056624628921157e-05
584 848 0 3.0173554559567352e-05 8.8634322571907138e-06
592 848 0 2.621101686869487e-05 7.7992380436988418e-06
600 848 0 2.2736496721645675e-05 6.8517097175083642e-06
608 848 0 1.9694233681323425e-05 6.0095025425062893e-06
616 848 0 1.7034291122787271e-05 5.2622012401229863e-06
624 848 0 1.47120162561493e-05 4.6002625111137141e-06
632 848 0 1.2687539184742331e-05 4.0149589618754155e-06
640 848 0 1.0925311021013795e-05 3.4983249598019763e-06
648 848 0 9.3936801643832282e-06 3.0431047111510653e-06
656 848 0 8.0645051358898066e-06 2.6427026794341444e-06
664 848 0 6.9128018656048235e-06 2.2911363421002361e-06
672 848 0 5.9164230275560691e-06 1.9829912129509175e-06
680 848 0 5.0557668884537929e-06 1.7133780284688038e-06
688 848 0 4.3135131479191983e-06 1.4778919973151508e-06
696 848 0 3.6743833624994254e-06 1.2725740325137036e-06
704 848 0 3.1249237270399496e-06 1.0938739150396968e-06
712 848 0 2.6533082020454568e-06 9.3861536723445464e-07
720 848 0 2.2491601974186633e-06 8.0396303856184862e-07
728 848 0 1.9033912314402735e-06 6.8739142107015453e-07
736 848 0 1.60805516636458e-06 5.8665571617065227e-07
744 848 0 1.3562167725677739e-06 4.9976466851674792e-07
752 848 0 1.1418334913079912e-06 4.2495536873180539e-07
760 848 0 9.5964935533265301e-07 3.6067000713027339e-07
768 848 0 8.051000927145923e-07 3.0553453829050213e-07
776 848 0 6.7422848931630873e-07 2.5833919407364783e-07
784 848 0 5.6360912590285618e-07 2.1802076266340891e-07
792 848 0 4.7028164289134672e-07 1.8364653499845275e-07
800 848 0 3.9169172332551866e-07 1.5439980846038088e-07
808 848 0 3.2563902557528483e-07 1.2956683109718793e-07
816 848 0 2.7023134264713492e-07 1.0852506771070213e-07
824 848 0 2.2384431476407333e-07 9.0732671146911003e-08
832 848 0 1.850860750454997e-07 7.5719047215829027e-08
840 848 0 1.5276626317055851e-07 6.3076408878476901e-08
848 848 0 1.2586889713259591e-07 5.2452223765461438e-08
856 848 0 1.0352864695406396e-07 4.3542467956004061e-08
864 848 0 8.5010105160840918e-08 3.6085607643598795e-08
872 848 0 6.9689695910164777e-08 2.9857238427970071e-08
880 848 0 5.7039907322686677e-08 2.4665319262653193e-08
888 848 0 4.6615569554269532e-08 2.0345944462208725e-08
896 848 0 3.8041934534518377e-08 1.6759602654470579e-08
904 848 0 3.1004342402739418e-08 1.3787876247556931e-08
912 848 0 2.5239284938648414e-08 1.1330539004745491e-08
920 848 0 2.0526698233523717e-08 9.3030128303147217e-09
928 848 0 1.6683336003467755e-08 7.6341480047481606e-09
936 848 0 1.3557091799273925e-08 6.2642939854758782e-09
944 848 0 1.1022153343745697e-08 5.1436305996593415e-09
952 848 0 8.974885680214466e-09 4.2307320610626984e-09
960 848 0 7.3303520254430812e-09 3.4913387823025768e-09
968 848 0 6.019392401286094e-09 2.8973144463365754e-09
976 848 0 4.9861904352149451e-09 2.4257682534711247e-09
984 848 0 4.1862682941532919e-09 2.058324671373937e-09
992 848 0 3.5848586471007067e-09 1.7805253813824442e-09
1000 848 0 3.1556109226484876e-09 1.5813504308050566e-09
1008 848 0 2.8795970135607681e-09 1.4528478661555414e-09
1016 848 0 2.7445890564628081e-09 1.3898633378521114e-09
0 856 0 0.0045243516672241304 0.00053584975392457612
8 856 0 0.0045309715208218691 0.00053697440417081743
16 856 0 0.0045437725028151747 0.00053917203421562001
24 856 0 0.0045618968610547555 0.00054234145679831879
32 856 0 0.0045841061664839275 0.00054633616114695659
40 856 0 0.0046088362876864821 0.00055097032537927693
48 856 0 0.0046342661085142546 0.00055602633502356644
56 856 0 0.0046583964318695267 0.00056126342222570253
64 856 0 0.0046791350552685858 0.00056642699201192321
72 856 0 0.0046943837885411151 0.00057125818056795886
80 856 0 0.004702123218312532 0.00057550319647640697
88 856 0 0.0047004912982119137 0.00057892202789443757
96 856 0 0.0046878523326117916 0.000581296153640074
104 856 0 0.0046628535860874232 0.00058243496947319243
112 856 0 0.0046244675412515143 0.00058218072679816144
120 856 0 0.0045720186883124606 0.00058041187324471121
128 856 0 0.0045051946026400461 0.00057704477665933718
136 856 0 0.0044240418960363979 0.00057203389990748924
144 856 0 0.0043289483637357525 0.0005653705683325537
152 856 0 0.0042206132523522196 0.00055708053072465059
160 856 0 0.0041000080159509823 0.00054722055564143928
168 856 0 0.0039683301932893263 0.0005358743268573038
176 856 0 0.0038269531276648176 0.00052314790507230037
184 856 0 0.0036773741728689051 0.00050916500961157478
192 856 0 0.0035211638063046271 0.00049406234659880085
200 856 0 0.0033599177332989797 0.0004779851726473567
208 856 0 0.0031952136499686259 0.00046108323949730018
216 856 0 0.0030285738724529798 0.00044350721924439271
224 856 0 0.0028614345734547181 0.00042540566551300257
232 856 0 0.0026951219244869132 0.00040692252614988591
240 856 0 0.0025308350497606174 0.0003881951899783174
248 856 0 0.002369635373770758 0.00036935302516881516
256 856 0 0.0022124417001067524 0.0003505163502769389
264 856 0 0.0020600301970333805 0.00033179577058900468
272 856 0 0.0019130383824550402 0.00031329181107760183
280 856 0 0.0017719721880989005 0.0002950947815288645
288 856 0 0.0016372152274499127 0.00027728481756115943
296 856 0 0.0015090394793777365 0.00025993205158537187
304 856 0 0.0013876167142802581 0.00024309687868896593
312 856 0 0.0012730301176243118 0.00022683029267442064
320 856 0 0.001165285694675833 0.00021117427612789784
328 856 0 0.0010643231603397153 0.00019616223490859382
336 856 0 0.00097002612271314631 0.00018181947167655095
344 856 0 0.00088223145446924103 0.00016816369517083836
352 856 0 0.00080073781141773231 0.00015520556229270161
360 856 0 0.00072531330352411686 0.00014294924915360136
368 856 0 0.00065570235278353099 0.00013139304567116124
376 856 0 0.00059163178797755843 0.00012052996655358107
384 856 0 0.00053281623211909237 0.00011034837002559092
392 856 0 0.00047896283776939947 0.0001008325747059576
400 856 0 0.00042977542135085717 9.1963464795714856e-05
408 856 0 0.00038495804235192304 8.3719074193921246e-05
416 856 0 0.00034421806845926661 7.6075141233430325e-05
424 856 0 0.00030726876399309619 6.900562726039458e-05
432 856 0 0.00027383143682918132 6.2483194070360969e-05
440 856 0 0.0002436371781140985 5.6479637062148815e-05
448 856 0 0.00021642822912143687 5.0966272706054651e-05
456 856 0 0.00019195901006393469 4.5914280417600932e-05
464 856 0 0.00016999684610273928 4.1295000107057406e-05
472 856 0 0.00015032242581780828 3.7080187515297009e-05
480 856 0 0.00013273002680448581 3.324222996917267e-05
488 856 0 0.00011702754177006611 2.9754325446991784e-05
496 856 0 0.00010303633657628295 2.6590627906609805e-05
504 856 0 9.0590969253177107e-05 2.3726361768434975e-05
512 856 0 7.9538796286095407e-05 2.1137908328873879e-05
520 856 0 6.9739489645469953e-05 1.8802866756681823e-05
528 856 0 6.1064485257253186e-05 1.6700092226535165e-05
536 856 0 5.3396381023567117e-05 1.4809713683072567e-05
544 856 0 4.6628300168180244e-05 1.3113133700726124e-05
552 856 0 4.0663233619463523e-05 1.1593012894675557e-05
560 856 0 3.541337333423206e-05 1.0233241325350879e-05
568 856 0 3.0799446863696289e-05 9.0188993019154411e-06
576 856 0 2.6750062011827534e-05 7.9362099119899134e-06
584 856 0 2.320106908421029e-05 6.9724854753570622e-06
592 856 0 2.0094946932187262e-05 6.1160699365076082e-06
600 856 0 1.7380217741164027e-05 5.3562789804816478e-06
608 856 0 1.501089429060103e-05 4.6833393907223951e-06
616 856 0 1.2945962239932425e-05 4.0883288828548458e-06
624 856 0 1.1148898893923501e-05 3.5631173622257994e-06
632 856 0 9.5872289021515735e-06 3.1003102825907576e-06
640 856 0 8.2321164784814283e-06 2.6931945425323668e-06
648 856 0 7.0579930094713336e-06 2.3356871549118946e-06
656 856 0 6.0422183678808632e-06 2.0222867680089434e-06
664 856 0 5.1647738601123247e-06 1.7480280054924987e-06
672 856 0 4.4079845050422271e-06 1.508438522513842e-06
680 856 0 3.7562682478450882e-06 1.2994986406087047e-06
688 856 0 3.1959097313275968e-06 1.1176034165916015e-06
696 856 0 2.7148563509894102e-06 9.5952701151001519e-07
704 856 0 2.3025344802835296e-06 8.2238924675642002e-07
712 856 0 1.9496839434457736e-06 7.0362425859968327e-07
720 856 0 1.6482090130390405e-06 6.009511843796228e-07
728 856 0 1.3910444014728954e-06 5.12346829967378e-07
736 856 0 1.1720348891874636e-06 4.360202771771164e-07
744 856 0 9.8582738107797262e-07 3.7038939148980129e-07
752 856 0 8.2777430558510368e-07 3.1405918572288751e-07
760 856 0 6.9384736946498956e-07 2.6580198586766345e-07
768 856 0 5.8056075947288691e-07 2.2453933324170539e-07
776 856 0 4.8490294496077972e-07 1.89325544355529e-07
784 856 0 4.0427628773089096e-07 1.5933283817196522e-07
792 856 0 3.3644371188231423e-07 1.3383793100903249e-07
800 856 0 2.7948173035479223e-07 1.1220999297072643e-07
808 856 0 2.3173916879896977e-07 9.3899856776315061e-08
816 856 0 1.9180097256346026e-07 7.8430370083674666e-08
824 856 0 1.5845652931173233e-07 6.5387785452340995e-08
832 856 0 1.306719876766029e-07 5.4414087368896796e-08
840 856 0 1.0756610058411876e-07 4.5200162586439754e-08
848 856 0 8.8389169382255317e-08 3.7479727750340594e-08
856 856 0 7.2504710641265953e-08 3.1023936312798011e-08
864 856 0 5.9373510544988855e-08 2.5636594615852062e-08
872 856 0 4.8539771492536119e-08 2.1149924417628658e-08
880 856 0 3.9619091471769378e-08 1.74208158509173e-08
888 856 0 3.2288048803284979e-08 1.4327520750984553e-08
896 856 0 2.6275193061388952e-08 1.1766741473129426e-08
904 856 0 2.1353267599693684e-08 9.6510748030457342e-09
912 856 0 1.7332510495892815e-08 7.9067744427555995e-09
920 856 0 1.4054899290231866e-08 6.471798943291851e-09
928 856 0 1.1389221042221042e-08 5.2941149612467136e-09
936 856 0 9.2268633639695974e-09 4.330228435304328e-09
944 856 0 7.4782345558588462e-09 3.5439187878868506e-09
952 856 0 6.0697320670350871e-09 2.9051536131793789e-09
960 856 0 4.9411884704250612e-09 2.38916355501802e-09
968 856 0 4.0437331706995213e-09 1.9756592305865727e-09
976 856 0 3.3380163032333817e-09 1.6481741319815634e-09
984 856 0 2.7927488500504877e-09 1.3935194441028042e-09
992 856 0 2.3835199898420108e-09 1.2013386572586959e-09
1000 856 0 2.0918591938394909e-09 1.0637517288089966e-09
1008 856 0 1.9045166500397577e-09 9.7508036352101035e-10
1016 856 0 1.8129413140376514e-09 9.3164774242515671e-10
0 864 0 0.004016623347625794 0.00050772831959833634
8 864 0 0.0040222437388896066 0.00050872778193226248
16 864 0 0.004033094883879965 0.00051067761893520969
24 864 0 0.0040484151275242851 0.0005134817335304704
32 864 0 0.004067105100821691 0.0005170010656622365
40 864 0 0.0040877768938545021 0.00052105939383197998
48 864 0 0.0041088155192315259 0.00052545058928272874
56 864 0 0.0041284494817018028 0.0005299469501677239
64 864 0 0.0041448268591116914 0.00053430819615689438
72 864 0 0.0041560931057014281 0.000538290682839687
80 864 0 0.0041604668177118711 0.00054165640060066089
88 864 0 0.0041563099450619909 0.00054418135314992285
96 864 0 0.0041421893689655067 0.00054566296364628487
104 864 0 0.004116927359110136 0.00054592622697728719
112 864 0 0.0040796391314447018 0.00054482840980681242
120 864 0 0.0040297564989103659 0.00054226218940209465
128 864 0 0.0039670373908316332 0.00053815721180841287
136 864 0 0.0038915617622381081 0.00053248013379828983
144 864 0 0.0038037150776294186 0.00052523328610633389
152 864 0 0.0037041610985343166 0.000516452153817903
160 864 0 0.0035938061051333172 0.00050620191081766517
168 864 0 0.0034737569254873484 0.00049457326780197796
176 864 0 0.0033452752298185513 0.00048167789784626632
184 864 0 0.0032097304813342737 0.00046764369153463143
192 864 0 0.0030685537383970635 0.00045261006790756368
200 864 0 0.0029231942018827194 0.00043672353141626036
208 864 0 0.0027750800274355526 0.00042013362253307332
216 864 0 0.0026255845079203818 0.00040298936453259798
224 864 0 0.0024759983086456447 0.00038543626480907339
232 864 0 0.0023275080355364425 0.00036761388895047067
240 864 0 0.0021811810578454376 0.00034965399191517988
248 864 0 0.0020379562093004017 0.00033167916447035626
256 864 0 0.001898639764994377 0.00031380193511237539
264 864 0 0.0017639059392555298 0.00029612425777785075
272 864 0 0.0016343010695522757 0.0002787373129027645
280 864 0 0.0015102506356281687 0.00026172155247073184
288 864 0 0.0013920683004289467 0.00024514692702096597
296 864 0 0.0012799662368682756 0.00022907324250946086
304 864 0 0.001174066108393317 0.00021355060588694116
312 864 0 0.0010744101886561292 0.00019861992896818268
320 864 0 0.00098097222503762426 0.00018431346963820872
328 864 0 0.00089366776328758831 0.00017065539705212699
336 864 0 0.00081236374974391222 0.00015766237296923409
344 864 0 0.00073688730971209363 0.0001453441447571474
352 864 0 0.00066703366423665454 0.00013370414718107777
360 864 0 0.00060257319324338561 0.00012274011028073125
368 864 0 0.00054325768286125388 0.00011244466992227711
376 864 0 0.000488825811501698 0.00010280597647586043
384 864 0 0.00043900793619591538 9.3808295923176988e-05
392 864 0 0.00039353024091684155 8.5432596852557914e-05
400 864 0 0.00035211830491378216 7.7657116437075007e-05
408 864 0 0.00031450014367002548 7.0457898681897569e-05
416 864 0 0.00028040876952236944 6.3809298936897167e-05
424 864 0 0.00024958431420129092 5.7684449791805268e-05
432 864 0 0.00022177575197518748 5.2055684853993844e-05
440 864 0 0.00019674225972332655 4.6894918390771948e-05
448 864 0 0.00017425424887164409 4.2173980249792772e-05
456 864 0 0.00015409410332910872 3.7864906734825978e-05
464 864 0 0.00013605665696966569 3.3940189133073586e-05
472 864 0 0.00011994944348697238 3.0372982330835897e-05
480 864 0 0.000105592750382787 2.7137276421698812e-05
488 864 0 9.2819507329926557e-05 2.4208034440139552e-05
496 864 0 8.1475037179873548e-05 2.1561299396409404e-05
504 864 0 7.1416695547636368e-05 1.9174273705540738e-05
512 864 0 6.2513422335036439e-05 1.7025373951058968e-05
520 864 0 5.4645225896499188e-05 1.5094263748970765e-05
528 864 0 4.7702617945258052e-05 1.3361867311995135e-05
536 864 0 4.1586014848945374e-05 1.1810366174621742e-05
544 864 0 3.6205118738724185e-05 1.0423181429456059e-05
552 864 0 3.1478289882423044e-05 9.1849437370404794e-06
560 864 0 2.733192004289635e-05 8.0814532913357102e-06
568 864 0 2.3699815027871735e-05 7.0996318358245537e-06
576 864 0 2.0522593294746144e-05 6.2274687170813897e-06
584 864 0 1.7747106259836099e-05 5.4539628243741908e-06
592 864 0 1.5325884840216878e-05 4.7690620919703843e-06
600 864 0 1.3216615703385227e-05 4.1636020377788001e-06
608 864 0 1.1381649705258748e-05 3.629244585342282e-06
616 864 0 9.7875440628466457e-06 3.1584181770857793e-06
624 864 0 8.4046389460490114e-06 2.7442599478744893e-06
632 864 0 7.2066684002786574e-06 2.380560501872916e-06
640 864 0 6.1704048453152868e-06 2.0617116331661415e-06
648 864 0 5.2753358500260966e-06 1.782657159445237e-06
656 864 0 4.5033714652425243e-06 1.5388469026383389e-06
664 864 0 3.8385801085701847e-06 1.32619375154214e-06
672 864 0 3.2669508280155424e-06 1.1410336770266848e-06
680 864 0 2.7761797122352353e-06 9.8008853560985289e-07
688 864 0 2.3554782453482067e-06 8.4043148597939011e-07
696 864 0 1.9954015023673024e-06 7.1945484862210775e-07
704 864 0 1.6876942257444783e-06 6.1484025453905128e-07
712 864 0 1.4251529941095284e-06 5.2453094933624513e-07
720 864 0 1.2015028737782136e-06 4.4670613926082689e-07
728 864 0 1.0112871185887667e-06 3.7975728288412875e-07
736 864 0 8.4976864480348865e-07 3.2226624438397498e-07
744 864 0 7.1284214984683547e-07 2.7298523123113716e-07
752 864 0 5.9695586461788623e-07 2.3081844096721745e-07
760 864 0 4.9904202973280833e-07 1.9480533973218122e-07
768 864 0 4.1645526883187947e-07 1.6410549064100743e-07
776 864 0 3.4691810050494829e-07 1.3798484445583143e-07
784 864 0 2.8847288819380128e-07 1.1580339953708968e-07
792 864 0 2.3943957809697149e-07 9.7004133785342736e-08
800 864 0 1.9837862149492356e-07 8.1103108859868676e-08
808 864 0 1.6405852211099921e-07 6.7680646687970558e-08
816 864 0 1.3542749240155942e-07 5.6373480161900837e-08
824 864 0 1.1158874558731058e-07 4.6867783724421752e-08
832 864 0 9.177899279540273e-08 3.8892994881200173e-08
840 864 0 7.5349756498174789e-08 3.2216344085943966e-08
848 864 0 6.1751151928485409e-08 2.6638017453769909e-08
856 864 0 5.0517826694611685e-08 2.1986883946654268e-08
864 864 0 4.1256784847788958e-08 1.8116725697199897e-08
872 864 0 3.3636854750320061e-08 1.4902916742216059e-08
880 864 0 2.7379590003020552e-08 1.2239501468748826e-08
888 864 0 2.2251419344109517e-08 1.0036629459175462e-08
896 864 0 1.8056884908249736e-08 8.2183081531392159e-09
904 864 0 1.4632828734746178e-08 6.7204388649475061e-09
912 864 0 1.1843405218421604e-08 5.4891052774712108e-09
920 864 0 9.5758126276523838e-09 4.4790866625794818e-09
928 864 0 7.7366502028945773e-09 3.6525708393264644e-09
936 864 0 6.2488190118021142e-09 2.9780443521674832e-09
944 864 0 5.0488949583909241e-09 2.4293395974679221e-09
952 864 0 4.0849113687573797e-09 1.9848206982777074e-09
960 864 0 3.3144966084365894e-09 1.6266918619884718e-09
968 864 0 2.7033193919158282e-09 1.3404137787836932e-09
976 864 0 2.2238009555177397e-09 1.114215347715642e-09
984 864 0 1.8540591871663255e-09 9.3868966288416221e-10
992 864 0 1.5770552275531424e-09 8.0646476228886835e-10
1000 864 0 1.3799180509619967e-09 7.1194114287749421e-10
1008 864 0 1.2534271664356604e-09 6.5108948360409731e-10
1016 864 0 1.1916379126627449e-09 6.2130340137490649e-10
0 872 0 0.003540665621536359 0.00047595772608943505
8 872 0 0.0035454053426554736 0.00047683839623413301
16 872 0 0.0035545412580320272 0.00047855362584793776
24 872 0 0.0035674019541680172 0.0004810131733562679
32 872 0 0.003583018579921883 0.00048408652089980799
40 872 0 0.0036001684932418744 0.00048760840061262776
48 872 0 0.0036174298151582223 0.00049138570407330356
56 872 0 0.0036332440623888956 0.00049520541931290718
64 872 0 0.0036459836643255718 0.00049884319478611964
72 872 0 0.003654020996452441 0.00050207210924898714
80 872 0 0.0036557955865429686 0.00050467123116890254
88 872 0 0.0036498763650594512 0.00050643358000253963
96 872 0 0.0036350162172900939 0.00050717315167541277
104 872 0 0.0036101966213419054 0.00050673073776823056
112 872 0 0.0035746607843227659 0.00050497834712193591
120 872 0 0.0035279343748360935 0.00050182212407427242
128 872 0 0.0034698336473849606 0.00049720374344667259
136 872 0 0.0034004614191112388 0.00049110034312686932
144 872 0 0.0033201919518632017 0.00048352312576621691
152 872 0 0.0032296462806326162 0.00047451481790170046
160 872 0 0.0031296598899680115 0.00046414621516530563
168 872 0 0.0030212448604999614 0.00045251206498738697
176 872 0 0.0029055486862760156 0.00043972654354253573
184 872 0 0.0027838119082510913 0.00042591857308318243
192 872 0 0.0026573265366509422 0.00041122720174612123
200 872 0 0.0025273969682578809 0.00039579723362483847
208 872 0 0.0023953047714282941 0.00037977525600725853
216 872 0 0.0022622783410372054 0.00036330616688317642
224 872 0 0.002129468046062222 0.00034653026258342273
232 872 0 0.0019979271298592128 0.00032958090567722972
240 872 0 0.0018685982985561954 0.00031258275928924221
248 872 0 0.0017423056620230149 0.00029565054727738677
256 872 0 0.0016197514840940173 0.00027888828090035975
264 872 0 0.0015015170576436025 0.00026238888161192724
272 872 0 0.0013880669438203019 0.00024623412573197378
280 872 0 0.0012797557968504095 0.0002304948387777592
288 872 0 0.0011768370266996694 0.00021523127372927728
296 872 0 0.0010794726199805618 0.00020049361688771381
304 872 0 0.00098774353262263449 0.00018632257577068248
312 872 0 0.00090166017428190985 0.00017275001437421931
320 872 0 0.0008211726139302479 0.00015979961110737637
328 872 0 0.00074618024020038458 0.00014748752308720373
336 872 0 0.00067654070282729289 0.00013582304691661933
344 872 0 0.00061207803921532375 0.00012480927049676987
352 872 0 0.00055258995121008241 0.00011444371302657213
360 872 0 0.00049785424178908999 0.00010471895145429562
368 872 0 0.00044763445116777629 9.5623231693477584e-05
376 872 0 0.00040168474916484412 8.7141062336853884e-05
384 872 0 0.00035975414840242013 7.9253787793495255e-05
392 872 0 0.00032159010386615278 7.194013705068877e-05
400 872 0 0.00028694156107827285 6.5176743835509315e-05
408 872 0 0.00025556150974116038 5.8938633928865101e-05
416 872 0 0.00022720909374206757 5.3199675780301865e-05
424 872 0 0.00020165132287597692 4.7932991325314007e-05
432 872 0 0.00017866442706359459 4.3111324911592884e-05
440 872 0 0.00015803489035431879 3.8707369369007759e-05
448 872 0 0.00013956019948652653 3.4694049385117567e-05
456 872 0 0.00012304933996049071 3.1044763368618002e-05
464 872 0 0.00010832307114656015 2.7733585823105548e-05
472 872 0 9.5214010613554862e-05 2.4735432873417517e-05
480 872 0 8.3566556402733951e-05 2.2026193980053044e-05
488 872 0 7.3236674265948022e-05 1.9582833063978535e-05
496 872 0 6.4091574897048159e-05 1.7383462282825389e-05
504 872 0 5.6009303950367491e-05 1.5407391597268877e-05
512 872 0 4.8878265244254541e-05 1.3635157090781898e-05
520 872 0 4.2596695098186946e-05 1.2048530798312243e-05
528 872 0 3.7072103354560987e-05 1.0630514590697065e-05
536 872 0 3.2220694378233643e-05 9.3653204707117312e-06
544 872 0 2.7966779267706674e-05 8.2383394710175108e-06
552 872 0 2.4242188680364263e-05 7.2361012020587807e-06
560 872 0 2.0985694071757841e-05 6.3462259711385091e-06
568 872 0 1.8142443756254731e-05 5.5573712716170042e-06
576 872 0 1.5663418981936404e-05 4.8591743128097398e-06
584 872 0 1.3504914141192495e-05 4.2421921186436047e-06
592 872 0 1.1628044277885779e-05 3.6978405623310992e-06
600 872 0 9.998282177907017e-06 3.2183335254782099e-06
608 872 0 8.5850265279072089e-06 2.7966231773515392e-06
616 872 0 7.3612018922010818e-06 2.4263421706455639e-06
624 872 0 6.30289059326811e-06 2.1017483527809015e-06
632 872 0 5.3889959947677168e-06 1.8176724055109406e-06
640 872 0 4.6009361869460283e-06 1.5694686583692585e-06
648 872 0 3.9223666707713958e-06 1.3529691792547008e-06
656 872 0 3.3389303334994883e-06 1.164441131743036e-06
664 872 0 2.8380328041223088e-06 1.0005473044478759e-06
672 872 0 2.4086411665525583e-06 8.5830966146298408e-07
680 872 0 2.0411039809916069e-06 7.350757312436284e-07
688 872 0 1.7269906057426409e-06 6.2848763960556582e-07
696 872 0 1.4589479067385935e-06 5.3645359562870892e-07
704 872 0 1.2305725737723808e-06 4.5712165197209748e-07
712 872 0 1.0362974153177432e-06 3.8885557879178523e-07
720 872 0 8.7129016444908768e-07 3.3021270932912595e-07
728 872 0 7.3136348601729758e-07 2.7992363257146912e-07
736 872 0 6.1289502229206727e-07 2.3687362251142138e-07
744 872 0 5.1275644611336495e-07 2.0008570373347052e-07
752 872 0 4.282506052188693e-07 1.6870525939901693e-07
760 872 0 3.5705593894477867e-07 1.4198609078802966e-07
768 872 0 2.9717743052817127e-07 1.192778383037082e-07
776 872 0 2.469034272301171e-07 1.0001467327483119e-07
784 872 0 2.047677192382725e-07 8.3705168955528783e-08
792 872 0 1.6951631949110972e-07 6.9923258605861776e-08
800 872 0 1.4007843250938285e-07 5.8300188985540707e-08
808 872 0 1.1554114280562148e-07 4.8517379305377727e-08
816 872 0 9.5127393674179885e-08 4.0300098727379533e-08
824 872 0 7.8176865813645634e-08 3.3411879773664945e-08
832 872 0 6.4129402535578728e-08 2.7649590259824003e-08
840 872 0 5.251066419299756e-08 2.2839092305177229e-08
848 872 0 4.2919728659540956e-08 1.8831423268944453e-08
856 872 0 3.5018386875738841e-08 1.5499439818872844e-08
864 872 0 2.8521912339288448e-08 1.273487250850051e-08
872 872 0 2.3191110714563729e-08 1.0445744035756332e-08
880 872 0 1.882548034260275e-08 8.5541096604178016e-09
888 872 0 1.5257336330465166e-08 6.9940830136443504e-09
896 872 0 1.2346770175927381e-08 5.7101147323223551e-09
904 872 0 9.9773337103454233e-09 4.6554950244007543e-09
912 872 0 8.0523507458937713e-09 3.7910544725278328e-09
920 872 0 6.4917724500653239e-09 3.08404017758706e-09
928 872 0 5.2295034041057722e-09 2.5071467987888051e-09
936 872 0 4.2111347859480373e-09 2.0376842258540768e-09
944 872 0 3.3920293823717577e-09 1.6568655760191665e-09
952 872 0 2.735710380391418e-09 1.3492009883659617e-09
960 872 0 2.2125122839585047e-09 1.1019843244780847e-09
968 872 0 1.798457989022836e-09 9.0486140289299217e-10
976 872 0 1.4743311420343694e-09 7.4946981348337034e-10
984 872 0 1.2249174972028511e-09 6.2914168996347444e-10
992 872 0 1.0383931533147817e-09 5.3866207423836075e-10
1000 872 0 9.0584135720249389e-10 4.7407669375950282e-10
1008 872 0 8.2088306600971969e-10 4.3254410042594073e-10
1016 872 0 7.7940971749265395e-10 4.1222819517009093e-10
0 880 0 0.0030990768061883948 0.00044158881534796419
8 880 0 0.0031030470052963305 0.00044235833735914313
16 880 0 0.0031106867246572709 0.00044385453337475629
24 880 0 0.0031214083836994893 0.00044599357046852788
32 880 0 0.0031343643217750091 0.00044865425814687382
40 880 0 0.0031484852446385402 0.00045168324860333413
48 880 0 0.0031625282770788438 0.00045490153807937854
56 880 0 0.0031751321282279719 0.00045811193416092372
64 880 0 0.0031848765530777825 0.00046110711124778929
72 880 0 0.0031903431395852214 0.00046367785686721955
80 880 0 0.0031901744709571375 0.0004656211155858311
88 880 0 0.0031831289010622334 0.00046674746399721781
96 880 0 0.003168128520195039 0.00046688769709505489
104 880 0 0.0031442983518801364 0.00046589826946176905
112 880 0 0.0031109953750033635 0.00046366540931940241
120 880 0 0.0030678265706048603 0.00046010780423123322
128 880 0 0.0030146558088017844 0.00045517783858317618
136 880 0 0.0029515999794618233 0.00044886143964941545
144 880 0 0.0028790152954225848 0.00044117665644061686
152 880 0 0.0027974751306448094 0.00043217114998780675
160 880 0 0.0027077410772152317 0.00042191881275277987
168 880 0 0.0026107291032099263 0.00041051575729003512
176 880 0 0.0025074727660579841 0.00039807592021803145
184 880 0 0.0023990853899771344 0.0003847265182739569
192 880 0 0.0022867229656595867 0.00037060357099135549
200 880 0 0.002171549295922314 0.00035584767233556684
208 880 0 0.0020547046165808845 0.00034060015484740956
216 880 0 0.0019372785930712518 0.00032499974796595357
224 880 0 0.0018202882555485066 0.00030917979051371539
232 880 0 0.0017046611111836071 0.00029326601867560569
240 880 0 0.0015912233811503117 0.00027737491740588362
248 880 0 0.0014806930654782319 0.00026161259654478301
256 880 0 0.0013736773503410724 0.00024607413375294491
264 880 0 0.0012706737429429855 0.00023084331470061702
272 880 0 0.001172074247623412 0.00021599269619688999
280 880 0 0.0010781718777810921 0.00020158391906931737
288 880 0 0.00098916882342864787 0.00018766820327102154
296 880 0 0.00090518565353662941 0.00017428696644393243
304 880 0 0.00082627101504302927 0.00016147251757960522
312 880 0 0.00075241138605345724 0.00014924878822845261
320 880 0 0.000683540540032545 0.0001376320738977029
328 880 0 0.00061954847307318342 0.00012663176712720116
336 880 0 0.00056028963200300869 0.0001162510708242842
344 880 0 0.00050559035357653826 0.00010648768563878549
352 880 0 0.00045525548264787317 9.7334468562209242e-05
360 880 0 0.00040907417998524236 8.878006180384763e-05
368 880 0 0.0003668249594758393 8.0809491691936994e-05
376 880 0 0.00032828001190113705 7.3404737263707066e-05
384 880 0 0.00029320888068529231 6.6545267717127812e-05
392 880 0 0.00026138155655525494 6.0208547310897846e-05
400 880 0 0.00023257105523273453 5.4370505845538318e-05
408 880 0 0.00020655553706770943 4.9005972673450948e-05
416 880 0 0.00018312002142196112 4.4089072320106451e-05
424 880 0 0.00016205774264333527 3.959358023264165e-05
432 880 0 0.00014317118922617446 3.5493237837420135e-05
440 880 0 0.00012627286346501523 3.1762026889303567e-05
448 880 0 0.00011118579555517186 2.8374403931354669e-05
456 880 0 9.774384349657756e-05 2.5305496463913155e-05
464 880 0 8.5791808068872428e-05 2.2531263077687718e-05
472 880 0 7.5185390318589305e-05 2.0028620294965558e-05
480 880 0 6.5791017230939258e-05 1.7775539171794693e-05
488 880 0 5.7485559414896482e-05 1.575111485105154e-05
496 880 0 5.0155962649263624e-05 1.3935612247784536e-05
504 880 0 4.3698813020351855e-05 1.2310490930015636e-05
512 880 0 3.8019853175399473e-05 1.0858412068855068e-05
520 880 0 3.3033464991397085e-05 9.5632301067898607e-06
528 880 0 2.8662131793944394e-05 8.4099715606165927e-06
536 880 0 2.4835891223356543e-05 7.3848031548771003e-06
544 880 0 2.1491787985047528e-05 6.4749912826591468e-06
552 880 0 1.8573334065271797e-05 5.6688546150924666e-06
560 880 0 1.6029982546939821e-05 4.9557115248180201e-06
568 880 0 1.3816619911335163e-05 4.3258238449195676e-06
576 880 0 1.1893080636662947e-05 3.7703383452734576e-06
584 880 0 1.0223686974992773e-05 3.2812271661997216e-06
592 880 0 8.776815977476231e-06 2.8512283004095477e-06
600 880 0 7.5244951205391193e-06 2.4737870573678976e-06
608 880 0 6.4420272467502377e-06 2.1429992811569712e-06
616 880 0 5.507644964227439e-06 1.8535569279736428e-06
624 880 0 4.7021941450339134e-06 1.6006964482341966e-06
632 880 0 4.0088457277101135e-06 1.3801502670576034e-06
640 880 0 3.4128346656324787e-06 1.1881015213135496e-06
648 880 0 2.9012245749125521e-06 1.0211420958588437e-06
656 880 0 2.4626964247694251e-06 8.7623390873006314e-07
664 880 0 2.0873594784132054e-06 7.5067332570910335e-07
672 880 0 1.7665826287041127e-06 6.4205853784844559e-07
680 880 0 1.4928442722051573e-06 5.4825970878644962e-07
688 880 0 1.2595989172093331e-06 4.6739168853330771e-07
696 880 0 1.0611588138643381e-06 3.9778909287425537e-07
704 880 0 8.9258901520011408e-07 3.3798355857226674e-07
712 880 0 7.496144148700594e-07 2.8668300044768381e-07
720 880 0 6.2853745037918902e-07 2.4275271406989867e-07
728 880 0 5.2616530112865822e-07 2.0519818488863935e-07
736 880 0 4.3974554265509193e-07 1.7314947963697534e-07
744 880 0 3.6690933813270844e-07 1.4584710798065651e-07
752 880 0 3.0562135370328287e-07 1.2262925151558643e-07
760 880 0 2.5413567531366753e-07 1.0292026363111115e-07
768 880 0 2.1095708247878009e-07 8.6220348049391185e-08
776 880 0 1.7480710049789317e-07 7.2096326732223935e-08
784 880 0 1.4459430921695705e-07 6.0173410021315449e-08
792 880 0 1.1938843554045678e-07 5.0127883950652933e-08
800 880 0 9.8397800419717049e-08 4.1680632089665799e-08
808 880 0 8.0949730487698126e-08 3.4591412317923355e-08
816 880 0 6.6473580969606028e-08 2.8653812704573857e-08
824 880 0 5.4486050675166341e-08 2.3690815138479293e-08
832 880 0 4.4578502137998917e-08 1.9550900397579811e-08
840 880 0 3.6406030424457102e-08 1.6104633768540459e-08
848 880 0 2.9678052741146933e-08 1.3241675918394023e-08
856 880 0 2.4150217600288174e-08 1.0868169275450667e-08
864 880 0 1.9617456815440351e-08 8.9044555238480963e-09
872 880 0 1.5908025891140796e-08 7.2830848234229329e-09
880 880 0 1.2878398393857899e-08 5.9470819487448518e-09
888 880 0 1.0408897674128154e-08 4.8484386563370123e-09
896 880 0 8.3999649436141544e-09 3.9468052323132263e-09
904 880 0 6.76897634357023e-09 3.2083573667751933e-09
912 880 0 5.4475334582621459e-09 2.6048172876316254e-09
920 880 0 4.3791619340041139e-09 2.11261051606121e-09
928 880 0 3.517361671814724e-09 1.7121417322910482e-09
936 880 0 2.8239596711630517e-09 1.3871751147849856e-09
944 880 0 2.2677231987682055e-09 1.1243061836035521e-09
952 880 0 1.82319670285639e-09 9.1251367753502808e-10
960 880 0 1.4697309289790507e-09 7.42781354979454e-10
968 880 0 1.190677134998284e-09 6.0778085402455194e-10
976 880 0 9.7272324643924506e-10 5.0160789559512431e-10
984 880 0 8.0535231850753364e-10 4.1956517869531745e-10
992 880 0 6.804068438440051e-10 3.5798630947077659e-10
1000 880 0 5.9174532189342416e-10 3.1409603530906973e-10
1008 880 0 5.3498013608403377e-10 2.8590292992568593e-10
1016 880 0 5.0728821382423278e-10 2.7212150366842116e-10
0 888 0 0.0026934601810332565 0.0004056166251551383
8 888 0 0.0026967635048397061 0.0004062835004566244
16 888 0 0.0027031088762039632 0.00040757784845330772
24 888 0 0.0027119857867665821 0.00040942259693290718
32 888 0 0.0027226579436765465 0.00041170637809846266
40 888 0 0.0027341968791661513 0.00041428836547238897
48 888 0 0.0027455239564718906 0.00041700432060695321
56 888 0 0.0027554585908248167 0.00041967353740315514
64 888 0 0.0027627702210782784 0.00042210633199950406
72 888 0 0.0027662314318518274 0.00042411170773339404
80 888 0 0.0027646696427519844 0.00042550482820515306
88 888 0 0.0027570149449779278 0.00042611395608430557
96 888 0 0.0027423419615188152 0.00042578655867622382
104 888 0 0.0027199040119786177 0.00042439433990151864
112 888 0 0.0026891583471926124 0.00042183702781075109
120 888 0 0.0026497817485106011 0.00041804482209425921
128 888 0 0.0026016763266792677 0.00041297948212251677
136 888 0 0.0025449658714968041 0.00040663410796501921
144 888 0 0.0024799835651575022 0.00039903173026508256
152 888 0 0.0024072522542965278 0.00039022287634828167
160 888 0 0.0023274587600675216 0.00038028231714771002
168 888 0 0.0022414238819453646 0.00036930522126456169
176 888 0 0.0021500698172913137 0.00035740294876667042
184 888 0 0.0020543866806955187 0.0003446987092816157
192 888 0 0.0019553996770503459 0.00033132328860924079
200 888 0 0.0018541382777348121 0.00031741101818750193
208 888 0 0.001751608491155727 0.00030309612542515755
216 888 0 0.0016487690296628078 0.00028850956340844397
224 888 0 0.001546511876665447 0.00027377637888305957
232 888 0 0.0014456474707782699 0.00025901364040533726
240 888 0 0.0013468944648655 0.00024432891628481173
248 888 0 0.0012508737996013567 0.00022981926587687523
256 888 0 0.0011581066616374518 0.00021557068870362061
264 888 0 0.0010690157790486849 0.00020165796389430058
272 888 0 0.00098392944054338837 0.00018814480708002359
280 888 0 0.00090308760554027787 0.00017508427224081425
288 888 0 0.00082664949254563204 0.00016251933088301583
296 888 0 0.000754702084557482 0.00015048356897914741
304 888 0 0.00068726906304885477 0.0001390019519941745
312 888 0 0.00062431976721236669 0.00012809161884109056
320 888 0 0.00056577786427608587 0.00011776267575645913
328 888 0 0.00051152950294503917 0.00010801897012814425
336 888 0 0.00046143080021694824 9.8858831786060447e-05
344 888 0 0.00041531457858896657 9.0275774987571688e-05
352 888 0 0.00037299632432813754 8.2259158319735631e-05
360 888 0 0.00033427937778929609 7.4794802195946269e-05
368 888 0 0.00029895939463001476 6.7865564845824534e-05
376 888 0 0.00026682813386816334 6.1451878032973712e-05
384 888 0 0.000237676637155708 5.5532243529584312e-05
392 888 0 0.00021129786562405054 5.0083690931204396e-05
400 888 0 0.00018748885828976834 4.5082196942966194e-05
408 888 0 0.00016605247110205681 4.050306596565262e-05
416 888 0 0.000146798749686898 3.6321271735063128e-05
424 888 0 0.00012954598270908607 3.2511759934249196e-05
432 888 0 0.00011412147715694312 2.9049712069231337e-05
440 888 0 0.00010036209205666818 2.5910771408347045e-05
448 888 0 8.8114563200328947e-05 2.3071232354842909e-05
456 888 0 7.7235648320305225e-05 2.0508195176272335e-05
464 888 0 6.7592119577631447e-05 1.8199688491240981e-05
472 888 0 5.9060628045767004e-05 1.61247622728223e-05
480 888 0 5.1527462881731842e-05 1.4263554349207416e-05
488 888 0 4.488822594841986e-05 1.2597333466476622e-05
496 888 0 3.9047440707301748e-05 1.1108521941961876e-05
504 888 0 3.3918112214746748e-05 9.7807008056051073e-06
512 888 0 2.9421253044183072e-05 8.5986001312164007e-06
520 888 0 2.5485387962448277e-05 7.5480770289488081e-06
528 888 0 2.2046048264544439e-05 6.6160835293999553e-06
536 888 0 1.9045264866757211e-05 5.7906263565993321e-06
544 888 0 1.6431067612554182e-05 5.0607203724933453e-06
552 888 0 1.4156996781826998e-05 4.4163372834447984e-06
560 888 0 1.2181631518393315e-05 3.8483510285465058e-06
568 888 0 1.0468138795612118e-05 3.3484811157230455e-06
576 888 0 8.9838456078648412e-06 2.9092350287981054e-06
584 888 0 7.6998362836286017e-06 2.5238506913641713e-06
592 888 0 6.590576140166012e-06 2.1862398373102189e-06
600 888 0 5.6335621192785765e-06 1.8909330012605428e-06
608 888 0 4.8090005415572725e-06 1.6330267051929652e-06
616 888 0 4.0995116819505037e-06 1.4081332822769352e-06
624 888 0 3.489860496100772e-06 1.2123336489331414e-06
632 888 0 2.9667125124526544e-06 1.0421332152574591e-06
640 888 0 2.5184136495286068e-06 8.9442101610387193e-07
648 888 0 2.1347925215502988e-06 7.6643205336225322e-07
656 888 0 1.8069836585436084e-06 6.5571276622581672e-07
664 888 0 1.527269987294006e-06 5.6008949111919939e-07
672 888 0 1.2889428929522008e-06 4.7763973575191191e-07
680 888 0 1.0861782015355877e-06 4.066660706695696e-07
688 888 0 9.139264831135656e-07 3.4567243409576754e-07
696 888 0 7.6781616511687971e-07 2.9334264874745843e-07
704 888 0 6.4406805566966833e-07 2.4852095953044574e-07
712 888 0 5.3941999921974988e-07 2.1019441565030952e-07
720 888 0 4.5106051317067997e-07 1.7747693720850905e-07
728 888 0 3.7657037827346214e-07 1.4959492285519609e-07
736 888 0 3.1387127244710856e-07 1.2587427020798336e-07
744 888 0 2.6118064436812843e-07 1.0572869376458001e-07
752 888 0 2.1697211802825487e-07 8.8649235675027999e-08
760 888 0 1.799408022030009e-07 7.4194873110666628e-08
768 888 0 1.4897295004371669e-07 6.1984132435063396e-08
776 888 0 1.2311947506047546e-07 5.1687625437417709e-08
784 888 0 1.0157288217020516e-07 4.302142704675189e-08
792 888 0 8.3647217870647843e-08 3.574121766980894e-08
800 888 0 6.8760683467516398e-08 2.9637116952200651e-08
808 888 0 5.6420590891794484e-08 2.4529139595903642e-08
816 888 0 4.6210372968025649e-08 2.0263208001580379e-08
824 888 0 3.777838971286018e-08 1.6707660962306161e-08
832 888 0 3.0828299779845013e-08 1.3750202358153905e-08
840 888 0 2.5110791744075426e-08 1.1295238680381676e-08
848 888 0 2.0416493622919988e-08 9.2615591182269452e-09
856 888 0 1.6569900861549381e-08 7.5803167387387929e-09
864 888 0 1.3424182950163844e-08 6.1932738652765073e-09
872 888 0 1.0856746866692935e-08 5.0512790244478603e-09
880 888 0 8.7654516675383981e-09 4.1129467263195005e-09
888 888 0 7.0653828332524111e-09 3.343514840875743e-09
896 888 0 5.6861075102742027e-09 2.7138574333399517e-09
904 888 0 4.5693427026961227e-09 2.1996336408741073e-09
912 888 0 3.6669779122983818e-09 1.7805555459637641e-09
920 888 0 2.9394018662344545e-09 1.4397600677696594e-09
928 888 0 2.354089977170096e-09 1.163271694644628e-09
936 888 0 1.88441521097217e-09 9.3954446019088171e-10
944 888 0 1.508650239776617e-09 7.5907295899158856e-10
952 888 0 1.2091332643527613e-09 6.1406343850362869e-10
960 888 0 9.7157381206185087e-10 4.9815711691719987e-10
968 888 0 7.8447825081747864e-10 4.061988841808054e-10
976 888 0 6.3867778493503413e-10 3.3404546150421092e-10
984 888 0 5.2694438184785781e-10 2.7840793665967584e-10
992 888 0 4.4368247484759655e-10 2.3672436899640856e-10
1000 888 0 3.8468644353591547e-10 2.0705887835750869e-10
1008 888 0 3.4695583184164365e-10 1.8802430424239012e-10
1016 888 0 3.2856206041688075e-10 1.7872615340735203e-10
0 896 0 0.002324506952694011 0.0003689532283392455
8 896 0 0.0023272370439372603 0.00036952646090244578
16 896 0 0.0023324718191411152 0.00037063705706284799
24 896 0 0.0023397709137837788 0.00037221487298280329
32 896 0 0.002348499350188838 0.0003741585934877085
40 896 0 0.0023578566980983168 0.00037634018106783452
48 896 0 0.0023669135191294543 0.00037861043734243628
56 896 0 0.0023746532013696102 0.00038080538945520648
64 896 0 0.0023800170440396351 0.00038275317703864329
72 896 0 0.0023819503336619911 0.00038428109818983624
80 896 0 0.0023794471668325853 0.00038522247591939911
88 896 0 0.0023715919160126621 0.00038542302896526571
96 896 0 0.0023575954909083349 0.00038474647061048032
104 896 0 0.002336824898967119 0.00038307911301149874
112 896 0 0.0023088250286963556 0.00038033331849625677
120 896 0 0.0022733320397285866 0.00037644970878201447
128 896 0 0.0022302782132953666 0.00037139811338390101
136 896 0 0.0021797885663726716 0.00036517730512413251
144 896 0 0.0021221699355438587 0.00035781362961364357
152 896 0 0.0020578935706398842 0.00034935868365664358
160 896 0 0.0019875725275695175 0.0003398862324980041
168 896 0 0.0019119353053928543 0.00032948857655251034
176 896 0 0.0018317972326129558 0.0003182725846783579
184 896 0 0.0017480310765419164 0.00030635560415360227
192 896 0 0.0016615382379387158 0.00029386143911163017
200 896 0 0.0015732217159762389 0.00028091656175857323
208 896 0 0.0014839618040652868 0.00026764668709044017
216 896 0 0.0013945952246278391 0.00025417380503496871
224 896 0 0.0013058981498405807 0.00024061372682486633
232 896 0 0.0012185733032880255 0.0002270741674902444
240 896 0 0.0011332411092004622 0.00021365335566503785
248 896 0 0.0010504346627403247 0.00020043913686103201
256 896 0 0.00097059814387401885 0.0001875085177634329
264 896 0 0.00089408819192846544 0.00017492758712021948
272 896 0 0.00082117769747022781 0.00016275174307316055
280 896 0 0.00075206144901413408 0.00015102615652614379
288 896 0 0.00068686308825356528 0.00013978640429206676
296 896 0 0.00062564287147690717 0.00012905921308057483
304 896 0 0.00056840579840131383 0.00011886326464754095
312 896 0 0.000515109744730243 0.00010921002248212369
320 896 0 0.00046567331397869715 0.00010010455029738871
328 896 0 0.00041998320135852531 9.1546301586513867e-05
336 896 0 0.00037790093308708147 8.3529867129866764e-05
344 896 0 0.00033926890523698709 7.6045673351979488e-05
352 896 0 0.00030391569552327562 6.9080628804861922e-05
360 896 0 0.00027166065885731805 6.2618718931978039e-05
368 896 0 0.00024231784373750757 5.6641550892507192e-05
376 896 0 0.00021569928296640489 5.1128850901758453e-05
384 896 0 0.00019161772057185126 4.6058916583856745e-05
392 896 0 0.0001698888391018886 4.1409026522161945e-05
400 896 0 0.0001503330495262939 3.7155808763474437e-05
408 896 0 0.00013277690145177711 3.3275569650279701e-05
416 896 0 0.00011705416556695088 2.9744584119947119e-05
424 896 0 0.0001030066341497656 2.653934855932047e-05
432 896 0 9.0484679728834643e-05 2.3636797428108479e-05
440 896 0 7.9347606933274971e-05 2.1014485123393211e-05
448 896 0 6.9463828307940556e-05 1.8650734892388391e-05
456 896 0 6.0710891369792403e-05 1.6524756950512822e-05
464 896 0 5.2975381303791215e-05 1.4616738273840232e-05
472 896 0 4.6152721275575285e-05 1.2907906770191719e-05
480 896 0 4.014689021200086e-05 1.1380572669730982e-05
488 896 0 3.4870075939853862e-05 1.0018150008565998e-05
496 896 0 3.0242279691397321e-05 8.8051610159044276e-06
504 896 0 2.6190886140171337e-05 7.7272260745754105e-06
512 896 0 2.2650211315226807e-05 6.7710417289562653e-06
520 896 0 1.9561038975484764e-05 5.9243489869635133e-06
528 896 0 1.6870154339905534e-05 5.1758939246389054e-06
536 896 0 1.4529882497616653e-05 4.5153823691405582e-06
544 896 0 1.249763739334589e-05 3.9334302192082921e-06
552 896 0 1.0735486015283204e-05 3.421510766543794e-06
560 896 0 9.2097313107403512e-06 2.971900207652964e-06
568 896 0 7.8905164145928144e-06 2.5776223810193033e-06
576 896 0 6.7514519830264347e-06 2.2323936248384065e-06
584 896 0 5.7692677621552575e-06 1.9305685214733443e-06
592 896 0 4.9234889676148712e-06 1.6670871725511408e-06
600 896 0 4.1961375884316572e-06 1.4374245308469193e-06
608 896 0 3.5714583405387906e-06 1.2375422010184819e-06
616 896 0 3.0356686703986663e-06 1.0638430115518375e-06
624 896 0 2.5767319393630529e-06 9.1312855673771914e-07
632 896 0 2.1841526999685985e-06 7.8255981248405587e-07
640 896 0 1.8487928038293359e-06 6.6962084569927083e-07
648 896 0 1.5627069556788808e-06 5.7208556587141801e-07
656 896 0 1.3189962479403913e-06 4.8798741060321715e-07
664 896 0 1.1116781726712331e-06 4.1559181462277297e-07
672 896 0 9.3557160931888283e-07 3.5337128363331795e-07
680 896 0 7.861953225930505e-07 2.9998287894253721e-07
688 896 0 6.596785689458119e-07 2.542479141677537e-07
696 896 0 5.5268249597989657e-07 2.1513366913698314e-07
704 896 0 4.6233111968279206e-07 1.8173693598687627e-07
712 896 0 3.8615077310804154e-07 1.5326922611170834e-07
720 896 0 3.2201703111489081e-07 1.2904348205578916e-07
728 896 0 2.681082241876782e-07 1.0846215408578393e-07
736 896 0 2.228647565447407e-07 9.1006515902367866e-08
744 896 0 1.8495353730219374e-07 7.6227107065934688e-08
752 896 0 1.5323691711002116e-07 6.3735200918233708e-08
760 896 0 1.267455961186915e-07 5.3195206084309398e-08
768 896 0 1.0465503279223361e-07 4.431791725148308e-08
776 896 0 8.626493788176758e-08 3.6854537178707881e-08
784 896 0 7.0981485004503917e-08 3.059139716570124e-08
792 896 0 5.8301910008657371e-08 2.5345307861990472e-08
800 896 0 4.780120685137839e-08 2.0959476616138008e-08
808 896 0 3.9120659123469422e-08 1.7299931768325061e-08
816 896 0 3.195797446489075e-08 1.4252398503134899e-08
824 896 0 2.6058814558339574e-08 1.1719575154520606e-08
832 896 0 2.1209536598696675e-08 9.6187631811483377e-09
840 896 0 1.7230983388608759e-08 7.8798083554666673e-09
848 896 0 1.3973178663286002e-08 6.4433149596339861e-09
856 896 0 1.131080198540715e-08 5.2590988761422312e-09
864 896 0 9.1393336217587284e-09 4.2848493284051158e-09
872 896 0 7.3717742563412367e-09 3.4849726103516986e-09
880 896 0 5.9358572598817231e-09 2.829594407656675e-09
888 896 0 4.7716825928259554e-09 2.2937002404264557e-09
896 896 0 3.8297113603825155e-09 1.8563961498916872e-09
904 896 0 3.0690686763829211e-09 1.5002740263132016e-09
912 896 0 2.4561099539669817e-09 1.2108679583314001e-09
920 896 0 1.9632121586647837e-09 9.7618970756967084e-10
928 896 0 1.5677570665166107e-09 7.8633291065348535e-10
936 896 0 1.2512782936916844e-09 6.3313691728048562e-10
944 896 0 9.9874792165883785e-10 5.0990231811777912e-10
952 896 0 7.979820375769431e-10 4.1115122677581817e-10
960 896 0 6.3914753371334981e-10 3.3242627834850106e-10
968 896 0 5.143551394117341e-10 2.7012311140574454e-10
976 896 0 4.1732595919352076e-10 2.2135182574151337e-10
984 896 0 3.4312081520561912e-10 1.8382356664223869e-10
992 896 0 2.8792348699574439e-10 1.5575898785185216e-10
1000 896 0 2.4887054532420826e-10 1.3581589821170721e-10
1008 896 0 2.2392192317139533e-10 1.2303390867024832e-10
1016 896 0 2.117676864088394e-10 1.1679437400804136e-10
0 904 0 0.0019920998629482868 0.00033240708974572415
8 904 0 0.0019943411693444748 0.0003328958745927855
16 904 0 0.0019986307057967391 0.00033384111334437607
24 904 0 0.0020045913190956176 0.00033517959468816125
32 904 0 0.0020116792991721156 0.00033682005101672236
40 904 0 0.0020192094913967706 0.00033864720670154615
48 904 0 0.0020263866807649507 0.00034052683836450354
56 904 0 0.002032341616158949 0.00034231158521066127
64 904 0 0.0020361698302216943 0.00034384721381794077
72 904 0 0.0020369713077078534 0.00034497902595413774
80 904 0 0.0020338890662803472 0.00034555810055223813
88 904 0 0.0020261448347990299 0.0003454470812136322
96 904 0 0.0020130702342594253 0.00034452525664890963
104 904 0 0.0019941321685409056 0.00034269273042621335
112 904 0 0.0019689514940639486 0.00033987353463240701
120 904 0 0.001937314434285613 0.00033601760544297362
128 904 0 0.0018991766104266875 0.00033110160286867912
136 904 0 0.0018546599483826919 0.00032512861798997977
144 904 0 0.0018040430703907212 0.00031812686515313745
152 904 0 0.0017477460697034528 0.00031014750093643143
160 904 0 0.0016863107834349143 0.00030126174413460326
168 904 0 0.0016203778149255601 0.00029155749046729418
176 904 0 0.0015506616105149334 0.00028113562209802247
184 904 0 0.0014779248703562261 0.00027010620618569026
192 904 0 0.0014029534777401228 0.00025858476019859295
200 904 0 0.0013265329791606133 0.00024668873681562556
208 904 0 0.0012494274535614952 0.00023453435050379157
216 904 0 0.0011723613906166408 0.00022223383401119828
224 904 0 0.0010960049711676932 0.00020989317867288752
232 904 0 0.0010209629233617051 0.00019761037992632041
240 904 0 0.00094776692853320535 0.0001854741806672568
248 904 0 0.00087687138133818216 0.00017356328140214253
256 904 0 0.00080865217552218173 0.00016194596835183712
264 904 0 0.00074340809297184852 0.00015068009895661692
272 904 0 0.00068136431911936315 0.00013981337835086466
280 904 0 0.00062267758936719012 0.00012938385964694397
288 904 0 0.00056744248391127697 0.00011942060434228831
296 904 0 0.00051569842573613242 0.00010994444574077475
304 904 0 0.00046743699157464537 0.00010096880682666846
312 904 0 0.00042260921124377199 9.2500533486471008e-05
320 904 0 0.00038113260054705952 8.4540713431637633e-05
328 904 0 0.00034289774143270131 7.7085459925824e-05
336 904 0 0.00030777428610672736 7.012664698035411e-05
344 904 0 0.00027561631644973259 6.36525887872545e-05
352 904 0 0.00024626703478104408 5.7648660742231532e-05
360 904 0 0.00021956279629881619 5.2097862558501864e-05
368 904 0 0.00019533651785270099 4.6981325884806583e-05
376 904 0 0.00017342051318827118 4.2278769778133709e-05
384 904 0 0.00015364881294775636 3.79689076240949e-05
392 904 0 0.000135859030191427 3.4029808910461599e-05
400 904 0 0.00011989383065968249 3.043921886661141e-05
408 904 0 0.00010560206289802651 2.7174838553750601e-05
416 904 0 9.2839597927583066e-05 2.4214567639367811e-05
424 904 0 8.1469922278369264e-05 2.1536711871396336e-05
432 904 0 7.136452253404307e-05 1.9120157194791573e-05
440 904 0 6.2403094428380864e-05 1.6944512504894107e-05
448 904 0 5.4473605139914183e-05 1.4990223168026373e-05
456 904 0 4.7472233756610811e-05 1.3238657613181592e-05
464 904 0 4.1303211838819152e-05 1.1672169464972063e-05
472 904 0 3.5878583463546538e-05 1.0274137812028747e-05
480 904 0 3.1117901947731624e-05 9.0289882642692363e-06
488 904 0 2.6947878502249185e-05 7.9221974376046766e-06
496 904 0 2.3301996273274188e-05 6.9402834181231324e-06
504 904 0 2.0120101529521553e-05 6.0707846106497846e-06
512 904 0 1.7347982130126498e-05 5.3022291851003083e-06
520 904 0 1.4936941859280007e-05 4.6240971162047571e-06
528 904 0 1.2843377755035884e-05 4.0267765848696495e-06
536 904 0 1.1028366211152781e-05 3.5015162864638719e-06
544 904 0 9.4572624110018713e-06 3.0403749823440189e-06
552 904 0 8.0993165739006285e-06 2.6361694413825758e-06
560 904 0 6.9273095609686987e-06 2.2824217497716525e-06
568 904 0 5.9172095958319067e-06 1.9733068187609077e-06
576 904 0 5.0478511946684947e-06 1.70360078835794e-06
584 904 0 4.3006368553138709e-06 1.4686309068413865e-06
592 904 0 3.659261609696551e-06 1.2642273579183202e-06
600 904 0 3.109460181401153e-06 1.0866774070305042e-06
608 904 0 2.6387761962243745e-06 9.326821443144161e-07
616 904 0 2.2363526566121368e-06 7.9931601378652947e-07
624 904 0 1.8927427022732774e-06 6.839892370897755e-07
632 904 0 1.5997395331823112e-06 5.8441316678628732e-07
640 904 0 1.3502242637484324e-06 4.985685400809035e-07
648 904 0 1.1380304054722431e-06 4.246765502066377e-07
656 904 0 9.5782363767924657e-07 3.6117261026114469e-07
664 904 0 8.0499551944295023e-07 3.0668265322828282e-07
672 904 0 6.7556981752360414e-07 2.6000179179527869e-07
680 904 0 5.6612017123867406e-07 2.2007515135437644e-07
688 904 0 4.7369788116216774e-07 1.8598068778364416e-07
696 904 0 3.9576868949230218e-07 1.5691380648759439e-07
704 904 0 3.3015751077684791e-07 1.3217360890594415e-07
712 904 0 2.7500016760297696e-07 1.1115060550506458e-07
720 904 0 2.2870128251959314e-07 9.3315748595297666e-08
728 904 0 1.898975712811746e-07 7.82106529065036e-08
736 904 0 1.5742587076785416e-07 6.5438885776886537e-08
744 904 0 1.3029531582975074e-07 5.4658221472442996e-08
752 904 0 1.0766315184931353e-07 4.5573765260707638e-08
760 904 0 8.8813733759864245e-08 3.7931862358827258e-08
768 904 0 7.3140317909569367e-08 3.1514714882664245e-08
776 904 0 6.0129301214238867e-08 2.6135636667528712e-08
784 904 0 4.9346603418970945e-08 2.1634881585532972e-08
792 904 0 4.0425923987471923e-08 1.7875986021185448e-08
800 904 0 3.3058636128924524e-08 1.4742570722453866e-08
808 904 0 2.6985107621379807e-08 1.2135551502089615e-08
816 904 0 2.1987262118597736e-08 9.9707123462930138e-09
824 904 0 1.7882216097494376e-08 8.1765984608451977e-09
832 904 0 1.4516845930978747e-08 6.6926906677179281e-09
840 904 0 1.1763157045500116e-08 5.4678263431086423e-09
848 904 0 9.5143429374264024e-09 4.4588357258595992e-09
856 904 0 7.6814361049609159e-09 3.6293658804462343e-09
864 904 0 6.1904657915804933e-09 2.9488678301782351e-09
872 904 0 4.9800489048581141e-09 2.3917253514831226e-09
880 904 0 3.9993506410661392e-09 1.9365066188155839e-09
888 904 0 3.206360288162584e-09 1.5653223046633714e-09
896 904 0 2.5664354851282305e-09 1.263275875254285e-09
904 904 0 2.0510749816300962e-09 1.0179936947528249e-09
912 904 0 1.6368857731264126e-09 8.1922418084056915e-10
920 904 0 1.3047154900938176e-09 6.5849666857096609e-10
928 904 0 1.0389252017882145e-09 5.2883186472839613e-10
936 904 0 8.2678145523144532e-10 4.2449683846023908e-10
944 904 0 6.5794950114865271e-10 3.4079842051018514e-10
952 904 0 5.2407234267076789e-10 2.739096949061752e-10
960 904 0 4.1842255151013952e-10 2.2072498220321029e-10
968 904 0 3.3561579141849712e-10 1.7873934799323698e-10
976 904 0 2.7137672195211509e-10 1.4594923724140567e-10
984 904 0 2.2234947054221736e-10 1.2077134466340176e-10
992 904 0 1.8594619437895607e-10 1.0197729261678832e-10
1000 904 0 1.602284369793431e-10 8.8642108344865161e-11
1008 904 0 1.4381704465370429e-10 8.0104878517691036e-11
1016 904 0 1.3582736945627855e-10 7.594031695256085e-11
0 912 0 0.0016954308281161006 0.00029666903483218624
8 912 0 0.0016972586754561681 0.00029708249388830672
16 912 0 0.0017007501540796822 0.00029788055171705696
24 912 0 0.0017055845251845491 0.00029900679391106849
32 912 0 0.0017112995043426285 0.00030037979482948709
40 912 0 0.001717312728691069 0.00030189676270570161
48 912 0 0.0017229485850102273 0.00030343809575472344
56 912 0 0.0017274690029758721 0.00030487261318307688
64 912 0 0.0017301066356589262 0.0003060631945627681
72 912 0 0.0017300987610730579 0.00030687254663479551
80 912 0 0.0017267202475210609 0.00030716881875928631
88 912 0 0.0017193140284877449 0.00030683080631128501
96 912 0 0.0017073177205930885 0.00030575251366633674
104 912 0 0.0016902852760833761 0.00030384689245752951
112 912 0 0.0016679028708093484 0.00030104862325460021
120 912 0 0.0016399985682633879 0.00029731586602222511
128 912 0 0.0016065456476088591 0.00029263096281782839
136 912 0 0.0015676598168969916 0.00028700013148570029
144 912 0 0.001523590832098403 0.00028045223829231821
152 912 0 0.0014747092918544929 0.00027303677784895988
160 912 0 0.0014214895650477045 0.00026482121838720973
168 912 0 0.0013644899264537397 0.00025588788847182042
176 912 0 0.0013043310230899854 0.00024633058742494799
184 912 0 0.0012416737735539752 0.00023625109680225093
192 912 0 0.0011771977221148838 0.00022575575562523904
200 912 0 0.0011115807394591851 0.00021495223970142822
208 912 0 0.0010454807959962755 0.00020394665756521971
216 912 0 0.00097952034582365378 0.00019284104479298705
224 912 0 0.00091427366410635775 0.00018173130706133542
232 912 0 0.00085025729090442174 0.00017070563245728332
240 912 0 0.00078792356157502547 0.00015984336695817989
248 912 0 0.00072765705639033136 0.0001492143249478508
256 912 0 0.00066977368564207851 0.00013887848988010322
264 912 0 0.00061452204397831995 0.00012888604899352857
272 912 0 0.00056208661899655318 0.00011927770012280998
280 912 0 0.0005125924217931568 0.00011008516757403332
288 912 0 0.00046611061700684811 0.00010133186690442885
296 912 0 0.00042266476144653582 9.3033664289596599e-05
304 912 0 0.00038223730762476388 8.519968394988148e-05
312 912 0 0.00034477608537330324 7.783312587046875e-05
320 912 0 0.00031020053560695452 7.0932064940105002e-05
328 912 0 0.00027840753045419949 6.4490210978501814e-05
336 912 0 0.00024927666965954748 5.8497616447179888e-05
344 912 0 0.0002226749917843261 5.2941324665406491e-05
352 912 0 0.00019846107879728004 4.7805955983764041e-05
360 912 0 0.00017648856364729952 4.3074232651516665e-05
368 912 0 0.00015660907264651049 3.8727445206190501e-05
376 912 0 0.00013867464885232612 3.4745864335945055e-05
384 912 0 0.00012253971038249457 3.1109102565261788e-05
392 912 0 0.00010806260015712073 2.7796430034306263e-05
400 912 0 9.5106782365203622e-05 2.4787048294478868e-05
408 912 0 8.3541737302642556e-05 2.2060325595383949e-05
416 912 0 7.324360121769152e-05 1.9595996709891546e-05
424 912 0 6.4095592274717743e-05 1.7374330003651521e-05
432 912 0 5.5988258302955712e-05 1.5376264231087358e-05
440 912 0 4.8819577000942768e-05 1.3583517427438097e-05
448 912 0 4.2494934898840347e-05 1.1978670241073836e-05
456 912 0 3.6927007679354217e-05 1.0545226077256594e-05
464 912 0 3.2035561371102334e-05 9.2676504677168171e-06
472 912 0 2.7747191354520029e-05 8.1313921090265094e-06
480 912 0 2.3995013942853616e-05 7.1228880048780082e-06
488 912 0 2.0718323410825573e-05 6.2295550914236125e-06
496 912 0 1.7862225654432331e-05 5.4397706188418575e-06
504 912 0 1.5377258117490298e-05 4.7428434120312547e-06
512 912 0 1.3219004180503723e-05 4.1289779496227752e-06
520 912 0 1.1347708862761043e-05 3.5892329965189637e-06
528 912 0 9.727901441006186e-06 3.1154763140296982e-06
536 912 0 8.3280294464891116e-06 2.7003367646636691e-06
544 912 0 7.1201074768671468e-06 2.3371549341347244e-06
552 912 0 6.0793833576136401e-06 2.0199332162869884e-06
560 912 0 5.1840234114463552e-06 1.7432861495223436e-06
568 912 0 4.4148179402403294e-06 1.5023916555915773e-06
576 912 0 3.75490748334444e-06 1.2929437113240547e-06
584 912 0 3.1895299770491914e-06 1.1111068782646796e-06
592 912 0 2.7057885882671585e-06 9.5347302142939247e-07
600 912 0 2.292439717308399e-06 8.1702046409275401e-07
608 912 0 1.9397004471935926e-06 6.9907574903078183e-07
616 912 0 1.639074549494472e-06 5.9727810711766482e-07
624 912 0 1.3831960307861992e-06 5.095466714870782e-07
632 912 0 1.1656891131932496e-06 4.3405041998906156e-07
640 912 0 9.8104348273703426e-07 3.6918078101139815e-07
648 912 0 8.2450360699102829e-07 3.1352679848121483e-07
656 912 0 6.9197091629516277e-07 2.6585272138408379e-07
664 912 0 5.7991765800348982e-07 2.2507786143946041e-07
672 912 0 4.8531126827888479e-07 1.9025854924471935e-07
680 912 0 4.0554815779454836e-07 1.605720134441257e-07
688 912 0 3.3839587298426088e-07 1.3530200817790686e-07
696 912 0 2.8194266958895015e-07 1.1382601990335203e-07
704 912 0 2.3455361651297867e-07 9.5603894263869239e-08
712 912 0 1.9483243193484441e-07 8.0167735668132546e-08
720 912 0 1.6158833709067219e-07 6.7112945428920953e-08
728 912 0 1.3380729357056098e-07 5.6090277710613626e-08
736 912 0 1.1062706536558425e-07 4.6798805402269911e-08
744 912 0 9.1315615953721778e-08 3.8979699876028965e-08
752 912 0 7.5252412706993549e-08 3.2410739142319976e-08
760 912 0 6.1912265662814637e-08 2.6901468097049608e-08
768 912 0 5.0851375474378691e-08 2.2288942435190675e-08
776 912 0 4.1695306679563293e-08 1.8433994534675575e-08
784 912 0 3.4128638024632709e-08 1.5217965394338236e-08
792 912 0 2.7886072239151619e-08 1.2539851748320304e-08
800 912 0 2.2744814162152682e-08 1.0313821966771842e-08
808 912 0 1.8518049177599853e-08 8.4670584437799544e-09
816 912 0 1.5049374137330992e-08 6.9378879812667444e-09
824 912 0 1.2208050823788517e-08 5.6741652737058588e-09
832 912 0 9.884967912202552e-09 4.6318780187761948e-09
840 912 0 7.989211613285304e-09 3.7739454322148124e-09
848 912 0 6.4451579152309766e-09 3.0691850221954258e-09
856 912 0 5.1900107431569339e-09 2.491425361803982e-09
864 912 0 4.1717205232044249e-09 2.0187452683760684e-09
872 912 0 3.3472266647469081e-09 1.632822240111206e-09
880 912 0 2.680975436239995e-09 1.3183752048261442e-09
888 912 0 2.1436716858232166e-09 1.0626886023393674e-09
896 912 0 1.7112289271840188e-09 8.5520655794421171e-10
904 912 0 1.3638875582530072e-09 6.87187423377089e-10
912 912 0 1.0854754911633493e-09 5.5141028196306324e-10
920 912 0 8.6278933277579737e-10 4.419261573180202e-10
928 912 0 6.8507754962571641e-10 3.5384765216249812e-10
936 912 0 5.4360985821067624e-10 2.8317159702076908e-10
944 912 0 4.313194732827761e-10 2.2663002786587661e-10
952 912 0 3.4250688768029397e-10 1.8156545499047392e-10
960 912 0 2.725956035353197e-10 1.4582694797481982e-10
968 912 0 2.179317347869033e-10 1.1768405663159382e-10
976 912 0 1.756206958497925e-10 9.5756026102322585e-11
984 912 0 1.4339531565114529e-10 7.8954154891072072e-11
992 912 0 1.1951069927034078e-10 6.6435495108615299e-11
1000 912 0 1.026620259591637e-10 5.7566411020179398e-11
1008 912 0 9.1922243842442147e-11 5.1894800811262148e-11
1016 912 0 8.6697317005391839e-11 4.9130052450886711e-11
0 920 0 0.0014331262788365832 0.00026230454927951737
8 920 0 0.0014346071596778147 0.00026265151577835343
16 920 0 0.0014374302211290005 0.00026331993295068169
24 920 0 0.0014413245920087954 0.00026425993317575366
32 920 0 0.0014458999411437379 0.00026539956319889067
40 920 0 0.0014506646962025463 0.00026664803248852269
48 920 0 0.0014550488117454864 0.00026789977326474091
56 920 0 0.0014584299013745293 0.00026903910160134279
64 920 0 0.0014601613938861442 0.00026994524177278208
72 920 0 0.0014596012980044946 0.00027049746306856328
80 920 0 0.0014561401674319232 0.00027058008008913766
88 920 0 0.0014492269449521793 0.00027008708353556564
96 920 0 0.0014383915233508507 0.00026892619724223779
104 920 0 0.0014232630796765339 0.00026702219640684218
112 920 0 0.0014035835020543706 0.00026431936875497778
120 920 0 0.0013792155168032907 0.00026078305146009714
128 920 0 0.0013501454190029509 0.00025640022860590824
136 920 0 0.0013164805933712593 0.00025117922352573224
144 920 0 0.0012784422675696599 0.00024514856452874313
152 920 0 0.0012363541529352162 0.00023835513891927668
160 920 0 0.0011906277879303615 0.00023086177711734309
168 920 0 0.0011417455012991597 0.00022274442515457992
176 920 0 0.001090241953389266 0.00021408906970071936
184 920 0 0.0010366851978882029 0.00020498857566577234
192 920 0 0.00098165813855648882 0.00019553958355839497
200 920 0 0.00092574114556894167 0.00018583959389024344
208 920 0 0.000869496454949703 0.00017598434104657251
216 920 0 0.0008134548144509698 0.00016606553137268399
224 920 0 0.00075810467222383454 0.0001561689918825232
232 920 0 0.00070388404200396736 0.00014637324890045438
240 920 0 0.00065117502988758767 0.0001367485316874378
248 920 0 0.00060030088054033846 0.0001273561758499929
256 920 0 0.00055152529984087172 0.00011824838580120679
264 920 0 0.00050505373897376574 0.00010946830500455421
272 920 0 0.00046103628195315078 0.0001010503370434024
280 920 0 0.00041957176254667542 9.302065924648138e-05
288 920 0 0.00038071274406393819 8.5397872942909929e-05
296 920 0 0.00034447102189219542 7.8193739554340404e-05
304 920 0 0.00031082334888291919 7.1413958741844692e-05
312 920 0 0.00027971713254156899 6.5058952831734249e-05
320 920 0 0.00025107590563609229 5.9124629970862231e-05
328 920 0 0.00022480442417455122 5.3603106279648271e-05
336 920 0 0.00020079329543523135 4.848337422431613e-05
344 920 0 0.00017892308154560409 4.375191023872201e-05
352 920 0 0.00015906785962457751 3.9393219172702536e-05
360 920 0 0.00014109824720135472 3.5390316445944804e-05
368 920 0 0.00012488392168293386 3.1725150963576626e-05
376 920 0 0.0001102956757650608 2.8378973087265325e-05
384 920 0 9.7207057912604867e-05 2.5332652469889702e-05
392 920 0 8.5495649586355755e-05 2.2566950570764978e-05
400 920 0 7.5044029996140061e-05 2.006275236906356e-05
408 920 0 6.5740475955314919e-05 1.7801261347327637e-05
416 920 0 5.7479439873354466e-05 1.5764161344337054e-05
424 920 0 5.0161843820646457e-05 1.3933748454071286e-05
432 920 0 4.3695222488943841e-05 1.2293035814011871e-05
440 920 0 3.7993743110617759e-05 1.0825833890325009e-05
448 920 0 3.297812618161951e-05 9.516808717220837e-06
456 920 0 2.8575487220571885e-05 8.3515204587823322e-06
464 920 0 2.4719116765581713e-05 7.3164446055206219e-06
472 920 0 2.1348213285926999e-05 6.3989780685930303e-06
480 920 0 1.8407581571223449e-05 5.587432371630167e-06
488 920 0 1.5847307360060423e-05 4.8710160507651494e-06
496 920 0 1.3622417401603957e-05 4.239808252828374e-06
504 920 0 1.1692532746024525e-05 3.6847253714657727e-06
512 920 0 1.0021521792907835e-05 3.1974823875958886e-06
520 920 0 8.5771584695547742e-06 2.7705503932062688e-06
528 920 0 7.3307898552875672e-06 2.3971115857186188e-06
536 920 0 6.2570166136416829e-06 2.0710128328474286e-06
544 920 0 5.333388744926734e-06 1.7867187319404129e-06
552 920 0 4.5401184298703109e-06 1.5392649277433292e-06
560 920 0 3.8598111009207205e-06 1.3242123105256347e-06
568 920 0 3.2772153475648592e-06 1.1376025926754702e-06
576 920 0 2.7789918284327978e-06 9.7591565491164216e-07
584 920 0 2.3535010160201741e-06 8.3602896102901728e-07
592 920 0 1.9906093280666704e-06 7.1517926020048814e-07
600 920 0 1.6815129912090011e-06 6.1092672609939795e-07
608 920 0 1.4185788264477087e-06 5.2112162074588392e-07
616 920 0 1.1952010326287737e-06 4.4387351686569834e-07
624 920 0 1.0056729657019928e-06 3.7752306508420641e-07
632 920 0 8.4507286189513996e-07 3.2061625129810967e-07
640 920 0 7.0916242757149397e-07 2.7188105516554029e-07
648 920 0 5.9429721399470618e-07 2.3020639299632212e-07
656 920 0 4.9734770880996428e-07 1.9462320748519849e-07
664 920 0 4.1563010541472044e-07 1.6428755258876938e-07
672 920 0 3.4684575425525339e-07 1.384655140236314e-07
680 920 0 2.8902835407060533e-07 1.1651980372394303e-07
688 920 0 2.4049800369073178e-07 9.7897869293529099e-08
696 920 0 1.9982130355707966e-07 8.212136603187049e-08
704 920 0 1.6577676805150002e-07 6.877684846147865e-08
712 920 0 1.3732488251269646e-07 5.7507549422147953e-08
720 920 0 1.1358221027844089e-07 4.8006126812231295e-08
728 920 0 9.3799023383668016e-08 4.0008270186892959e-08
736 920 0 7.7339994279062966e-08 3.3287071086521284e-08
744 920 0 6.3667544185215439e-08 2.7648071768506339e-08
752 920 0 5.2327495979210736e-08 2.2924916727782813e-08
760 920 0 4.2936725726105439e-08 1.8975539936709198e-08
768 920 0 3.5172547329302929e-08 1.5678828145075762e-08
776 920 0 2.876359971617182e-08 1.2931706963391473e-08
784 920 0 2.34820360693224e-08 1.0646601955310308e-08
792 920 0 1.9136840490113913e-08 8.7492317490377058e-09
800 920 0 1.556811976702014e-08 7.1766943951325422e-09
808 920 0 1.2642237198254973e-08 5.8758119793448803e-09
816 920 0 1.0247672192306808e-08 4.8017019450241834e-09
824 920 0 8.2915040626573562e-09 3.9165467611311609e-09
832 920 0 6.696431379304637e-09 3.1885365328979151e-09
840 920 0 5.3982496982236345e-09 2.5909619150616695e-09
848 920 0 4.3437206555735473e-09 2.1014372596574293e-09
856 920 0 3.4887744329728791e-09 1.7012363101840548e-09
864 920 0 2.7969955863784661e-09 1.3747249368259588e-09
872 920 0 2.2383492754314644e-09 1.1088773893154437e-09
880 920 0 1.7881111119801686e-09 8.9286432425982647e-10
888 920 0 1.4259692396561922e-09 7.177024461670244e-10
896 920 0 1.1352719326983538e-09 5.7595699448566499e-10
904 920 0 9.023980329869579e-10 4.6148952526604928e-10
912 920 0 7.1623100012697876e-10 3.6924449103637056e-10
920 920 0 5.6772029940118108e-10 2.950690333746163e-10
928 920 0 4.4951636246216429e-10 2.3556118716355212e-10
936 920 0 3.5566748731758279e-10 1.8794237089309345e-10
944 920 0 2.8136885361656038e-10 1.4995061966621572e-10
952 920 0 2.2275536651897776e-10 1.1975152116131621e-10
960 920 0 1.7673135129234758e-10 9.5864252242972121e-11
968 920 0 1.4083123890264776e-10 7.7100495884255537e-11
976 920 0 1.1310634229077101e-10 6.251435355902149e-11
984 920 0 9.203365084157113e-11 5.1361664809574159e-11
992 920 0 7.6443289642682774e-11 4.3067409627658002e-11
1000 920 0 6.5461919946314333e-11 3.7200106012849367e-11
1008 920 0 5.8469914526099763e-11 3.3452329316342383e-11
1016 920 0 5.507064102314406e-11 3.1626675982247779e-11
0 928 0 0.0012033744570798467 0.00022975182175673649
8 928 0 0.0012045664876675849 0.00023004067201022973
16 928 0 0.0012068341919097957 0.00023059602921920476
24 928 0 0.001209950358449192 0.00023137423355960342
32 928 0 0.0012135876335371569 0.00023231230760658098
40 928 0 0.0012173338746299183 0.00023333082157262798
48 928 0 0.0012207113373934758 0.00023433747435201062
56 928 0 0.0012231986969208127 0.00023523120445371657
64 928 0 0.0012242547730826649 0.00023590662080347929
72 928 0 0.0012233427661276031 0.00023625853187689153
80 928 0 0.0012199538143278991 0.00023618635310402409
88 928 0 0.0012136287584492674 0.00023559818650291191
96 928 0 0.001203977131575309 0.00023441439177554176
104 928 0 0.0011906925770288855 0.00023257050264764842
112 928 0 0.0011735641185362268 0.00023001938351814382
120 928 0 0.0011524829501789572 0.0002267325666243335
128 928 0 0.0011274446630865601 0.00022270075591639083
136 928 0 0.0010985470656162499 0.00021793352775500941
144 928 0 0.0010659839697834904 0.00021245829778616943
152 928 0 0.0010300354971673532 0.00020631865576786301
160 928 0 0.00099105559374007036 0.00019957219419029109
168 928 0 0.00094945752991234915 0.00019228797138681059
176 928 0 0.00090569819807190765 0.00018454375531735837
184 928 0 0.00086026200707256387 0.00017642319081563899
192 928 0 0.00081364511666504513 0.00016801302189144369
200 928 0 0.00076634066239235452 0.00015940048317658715
208 928 0 0.0007188255023577025 0.0001506709525920005
216 928 0 0.00067154888173658913 0.00014190593271438067
224 928 0 0.00062492326920412903 0.00013318140301970551
232 928 0 0.00057931748111384211 0.00012456656089012525
240 928 0 0.00053505208247098528 0.00011612294741660239
248 928 0 0.00049239694486317867 0.00010790393567715979
256 928 0 0.00045157075485438173 9.995454498648999e-05
264 928 0 0.00041274220410703673 9.231153486672901e-05
272 928 0 0.00037603255486439574 8.5003727088755034e-05
280 928 0 0.00034151925986229849 7.805250268437693e-05
288 928 0 0.00030924032134928655 7.1472422714651635e-05
296 928 0 0.00027919909584904365 6.5271926043151767e-05
304 928 0 0.00025136928528591293 5.9454063597006259e-05
312 928 0 0.00022569989672459824 5.4017235816970749e-05
320 928 0 0.00020211999813844614 4.8955907497646143e-05
328 928 0 0.00018054314275153227 4.4261281423018951e-05
336 928 0 0.00016087137675270709 3.9921918682524259e-05
344 928 0 0.00014299878251033323 3.592429903527086e-05
352 928 0 0.00012681454057856222 3.2253319046015292e-05
360 928 0 0.00011220551826095963 2.8892728940395086e-05
368 928 0 9.9058410374719787e-05 2.5825511308214075e-05
376 928 0 8.7261469689737777e-05 2.3034206075323022e-05
384 928 0 7.6705871159283849e-05 2.0501186753321018e-05
392 928 0 6.7286756530977274e-05 1.8208893055378481e-05
400 928 0 5.8904005280421849e-05 1.6140024715718212e-05
408 928 0 5.1462775033576132e-05 1.4277700921738787e-05
416 928 0 4.48738505950489e-05 1.2605589278305567e-05
424 928 0 3.9053836067221938e-05 1.1108007753424519e-05
432 928 0 3.3925219839488036e-05 9.7700026494558056e-06
440 928 0 2.9416337788358622e-05 8.5774053222591369e-06
448 928 0 2.5461256051958203e-05 7.5168701296613069e-06
456 928 0 2.199959130559064e-05 6.5758959149812447e-06
464 928 0 1.8976283565893822e-05 5.7428331996878908e-06
472 928 0 1.6341334136072148e-05 5.0068791498548501e-06
480 928 0 1.4049519295658543e-05 4.3580622755649061e-06
488 928 0 1.2060088652104532e-05 3.7872187079558912e-06
496 928 0 1.0336455633189724e-05 3.2859617684142328e-06
504 928 0 8.845886348758033e-06 2.8466463972664923e-06
512 928 0 7.5591919447009782e-06 2.4623298482068564e-06
520 928 0 6.4504285842436876e-06 2.1267298853110866e-06
528 928 0 5.4966083066800678e-06 1.8341815486074994e-06
536 928 0 4.6774232252814192e-06 1.5795933883602637e-06
544 928 0 3.9749848320502588e-06 1.3584039128764752e-06
552 928 0 3.3735795763539884e-06 1.1665388535163225e-06
560 928 0 2.8594413752967236e-06 1.0003697256239968e-06
568 928 0 2.420541291905033e-06 8.5667405565982617e-07
576 928 0 2.0463942764104552e-06 7.3259755202234261e-07
584 928 0 1.7278825977743536e-06 6.2561841824582049e-07
592 928 0 1.4570953876167714e-06 5.3351394044989902e-07
600 928 0 1.2271835670707235e-06 4.5432942413827754e-07
608 928 0 1.0322293194400791e-06 3.8634950700762957e-07
616 928 0 8.6712919956975805e-07 3.2807183305901562e-07
624 928 0 7.2748992754982138e-07 2.781830381521714e-07
632 928 0 6.0953589417408467e-07 2.3553696772105528e-07
640 928 0 5.1002740413218952e-07 1.9913502343930445e-07
648 928 0 4.2618869692605621e-07 1.6810851706864996e-07
656 928 0 3.5564481238674996e-07 1.4170289642321432e-07
664 928 0 2.9636640528637536e-07 1.1926370012834508e-07
672 928 0 2.4662165996413536e-07 1.0022409429111803e-07
680 928 0 2.0493450924959419e-07 8.4093844821011144e-08
688 928 0 1.7004842039385823e-07 7.0449583296873555e-08
696 928 0 1.4089507232621207e-07 5.892623123086759e-08
704 928 0 1.1656731149621622e-07 4.9209456555283805e-08
712 928 0 9.6295836113900472e-08 4.1029046398795987e-08
720 928 0 7.9429119237544617e-08 3.4153091040896273e-08
728 928 0 6.5416138621834302e-08 2.8382884761833714e-08
736 928 0 5.3791534583489472e-08 2.3548459695573495e-08
744 928 0 4.4162865748736616e-08 1.9504678436478822e-08
752 928 0 3.619967611293781e-08 1.6127819866272926e-08
760 928 0 2.962412533974664e-08 1.3312600386358799e-08
768 928 0 2.420296785123712e-08 1.0969579478065809e-08
776 928 0 1.9740695369886592e-08 9.0229043462852271e-09
784 928 0 1.6073682627514046e-08 7.4083534418083545e-09
792 928 0 1.3065197460408861e-08 6.0716430297050518e-09
800 928 0 1.0601154969377903e-08 4.9669647976422369e-09
808 928 0 8.5865113107494378e-09 4.0557258875055348e-09
816 928 0 6.9422064179197735e-09 3.3054657743870348e-09
824 928 0 5.60257688718467e-09 2.6889271754726862e-09
832 928 0 4.5131706855579826e-09 2.1832606937466543e-09
840 928 0 3.6289044813067227e-09 1.7693452169169118e-09
848 928 0 2.9125124384087026e-09 1.4312082171648446e-09
856 928 0 2.3332423922323928e-09 1.1555320407404863e-09
864 928 0 1.8657615439492318e-09 9.3123404242923435e-10
872 928 0 1.4892392636116101e-09 7.4911001181985438e-10
880 928 0 1.1865793515124301e-09 6.0153176046773845e-10
888 928 0 9.437782416328221e-10 4.8219099802337011e-10
896 928 0 7.4938920242531681e-10 3.8588273027303699e-10
904 928 0 5.9407565877879178e-10 3.0832237420816612e-10
912 928 0 4.702393823322452e-10 2.4599161779473357e-10
920 928 0 3.7171153030947954e-10 1.9600876909170154e-10
928 928 0 2.9349640747834859e-10 1.560199549838157e-10
936 928 0 2.3155942953090411e-10 1.2410805778667868e-10
944 928 0 1.8265212250156014e-10 9.8716731115000235e-11
952 928 0 1.4416814036239591e-10 7.858722615658185e-11
960 928 0 1.1402525537479588e-10 6.2706095917551694e-11
968 928 0 9.0569102177019199e-11 5.0262136725628561e-11
976 928 0 7.2495161687787147e-11 4.0611180602983866e-11
984 928 0 5.8786075642703762e-11 3.3247575198867368e-11
992 928 0 4.8661904646694718e-11 2.7781384995988056e-11
1000 928 0 4.1541397041525137e-11 2.3920522904789196e-11
1008 928 0 3.7012735536613129e-11 2.1457178989486634e-11
1016 928 0 3.4812584662203833e-11 2.0258056360940227e-11
0 936 0 0.0010040497431083924 0.0001993247139714543
8 936 0 0.0010050032442641295 0.00019956324340345542
16 936 0 0.0010068132652892772 0.00020002092662051857
24 936 0 0.0010092904497419782 0.00020065990870721381
32 936 0 0.001012162032997802 0.00020142560053935487
40 936 0 0.0010150846945404706 0.00020224918008944774
48 936 0 0.0010176606188791769 0.00020305071851429882
56 936 0 0.0010194559283235917 0.00020374276859722105
64 936 0 0.0010200205410716282 0.00020423423201103665
72 936 0 0.0010189084543926095 0.00020443431173499359
80 936 0 0.0010156974571603897 0.00020425635716750943
88 936 0 0.0010100073368121373 0.00020362142163713013
96 936 0 0.0010015157575534095 0.00020246137402189952
104 936 0 0.00098997114070996199 0.00020072143631892354
112 936 0 0.00097520206347548549 0.00019836205506074134
120 936 0 0.00095712289623305731 0.00019536005394589994
128 936 0 0.00093573560777048274 0.00019170905531607732
136 936 0 0.00091112786899002172 0.00018741919662622819
144 936 0 0.00088346776725418963 0.00018251620252930081
152 936 0 0.00085299559541365724 0.00017703990175369595
160 936 0 0.00082001329450807892 0.00017104229923199145
168 936 0 0.00078487220273743734 0.00016458532717491181
176 936 0 0.00074795979425998685 0.00015773840381192079
184 936 0 0.00070968608132235646 0.00015057592575020741
192 936 0 0.00067047030641766852 0.00014317481024737661
200 936 0 0.00063072847394247272 0.0001356121884498818
208 936 0 0.00059086217098040772 0.00012796333137729478
216 936 0 0.00055124901292985507 0.00012029986880673406
224 936 0 0.0005122349303184801 0.00011268833888564893
232 936 0 0.00047412839633029067 0.00010518908478355143
240 936 0 0.00043719658722077401 9.7855495250211274e-05
248 936 0 0.00040166337532895338 9.0733569534225296e-05
256 936 0 0.00036770898051296055 8.3861774341421186e-05
264 936 0 0.00033547105246667689 7.7271151640359841e-05
272 936 0 0.00030504692376798404 7.0985631096411701e-05
280 936 0 0.00027649676044947649 6.5022499412821998e-05
288 936 0 0.00024984734099743009 5.939298035185646e-05
296 936 0 0.00022509621279999327 5.4102883049050377e-05
304 936 0 0.00020221600357351748 4.9153281712395458e-05
312 936 0 0.00018115870050264718 4.4541196221951061e-05
320 936 0 0.00016185974825210501 4.0260249886341136e-05
328 936 0 0.00014424185560295581 3.6301287148576459e-05
336 936 0 0.00012821843678267894 3.2652939970028149e-05
344 936 0 0.00011369664581248124 2.9302136697851984e-05
352 936 0 0.00010057998927350589 2.6234551305056328e-05
360 936 0 8.8770524299433735e-05 2.3434993961525899e-05
368 936 0 7.8170664361352572e-05 2.0887746013367216e-05
376 936 0 6.8684625947904154e-05 1.8576843741833623e-05
384 936 0 6.0219555258567302e-05 1.6486315900716546e-05
392 936 0 5.2686376369093514e-05 1.460038016188376e-05
400 936 0 4.6000401886483029e-05 1.2903603393938819e-05
408 936 0 4.0081744734848421e-05 1.1381030298727711e-05
416 936 0 3.4855566149309505e-05 1.0018284445739394e-05
424 936 0 3.0252190812239359e-05 8.8016452549825792e-06
432 936 0 2.6207115805017226e-05 7.7181040344708096e-06
440 936 0 2.2660935985066928e-05 6.755401803291694e-06
448 936 0 1.9559204721825616e-05 5.902051330132587e-06
456 936 0 1.6852245723847439e-05 5.147345581743201e-06
464 936 0 1.4494928975178769e-05 4.4813545907150532e-06
472 936 0 1.2446421536471523e-05 3.8949125996006254e-06
480 936 0 1.0669922092921591e-05 3.3795972027369521e-06
488 936 0 9.1323865762817431e-06 2.9277020758227891e-06
496 936 0 7.8042508846245683e-06 2.5322047485651556e-06
504 936 0 6.6591556144527855e-06 2.1867307343052474e-06
512 936 0 5.6736767617970524e-06 1.8855151829039258e-06
520 936 0 4.8270655119196794e-06 1.6233630723240082e-06
528 936 0 4.1009995020487631e-06 1.3956088046313047e-06
536 936 0 3.4793472971457543e-06 1.198075928135665e-06
544 936 0 2.9479472589413338e-06 1.0270375731089249e-06
552 936 0 2.4944015094887944e-06 8.7917806686519401e-07
560 936 0 2.1078852886971816e-06 7.5155608659954207e-07
568 936 0 1.7789716762539398e-06 6.4156961565109318e-07
576 936 0 1.4994713862304325e-06 5.469228901800227e-07
584 936 0 1.2622871404425996e-06 4.6559545733175398e-07
592 936 0 1.0612819764571278e-06 3.9581341115964362e-07
600 936 0 8.911607398897246e-07 3.3602282718099892e-07
608 936 0 7.4736394054486876e-07 2.8486537889521038e-07
616 936 0 6.2597311094824713e-07 2.4115608862151092e-07
624 936 0 5.2362678788584847e-07 2.0386313966397291e-07
632 936 0 4.3744623774752521e-07 1.7208965642655946e-07
640 936 0 3.649700608792477e-07 1.4505734325294183e-07
648 936 0 3.0409683576120822e-07 1.2209186116484799e-07
656 936 0 2.5303499830654822e-07 1.0260981408020174e-07
664 936 0 2.1025919303760547e-07 8.610721224876989e-08
672 936 0 1.7447237974258267e-07 7.2149280221552694e-08
680 936 0 1.4457302999207197e-07 6.036147925752222e-08
688 936 0 1.196268012203385e-07 5.0421619173519723e-08
696 936 0 9.8842130616538329e-08 4.2052941709673741e-08
704 936 0 8.1549245554599957e-08 3.501806594161626e-08
712 936 0 6.7182140547178378e-08 2.9113695566722095e-08
720 936 0 5.5263121716942972e-08 2.4165997520601645e-08
728 936 0 4.5389567705742044e-08 2.0026570916092258e-08
736 936 0 3.7222600175501865e-08 1.6568934407987607e-08
744 936 0 3.0477397208821196e-08 1.368546853991542e-08
752 936 0 2.4914918826113171e-08 1.1284757286824639e-08
760 936 0 2.0334845528010812e-08 9.2892798117358279e-09
768 936 0 1.6569558432582125e-08 7.6334094186549951e-09
776 936 0 1.3479013508120347e-08 6.2616818617662459e-09
784 936 0 1.0946382977687639e-08 5.1272996498264068e-09
792 936 0 8.8743545979683628e-09 4.1908428624404983e-09
800 936 0 7.1819945993142319e-09 3.4191603700636708e-09
808 936 0 5.8020929988483804e-09 2.7844183119010574e-09
816 936 0 4.6789211066625822e-09 2.2632853112571912e-09
824 936 0 3.7663406307799306e-09 1.8362362564047394e-09
832 936 0 3.0262120941341131e-09 1.4869585914238695e-09
840 936 0 2.4270575041446432e-09 1.2018469771620795e-09
848 936 0 1.942938519825816e-09 9.6957391858288667e-10
856 936 0 1.5525168670351577e-09 7.8072552519723509e-10
864 936 0 1.2382685583889436e-09 6.2749298556028813e-10
872 936 0 9.8582766108260387e-10 5.034116025290062e-10
880 936 0 7.8343899115577179e-10 4.0314036035665833e-10
888 936 0 6.2150225594836608e-10 3.2227598568445603e-10
896 936 0 4.92192871283501e-10 2.5719633114181581e-10
904 936 0 3.8914699600261125e-10 2.0492866277618053e-10
912 936 0 3.0720030040245162e-10 1.6303908192979358e-10
920 936 0 2.4217166041289382e-10 1.2953986989658571e-10
928 936 0 1.9068438638307961e-10 1.0281202109526898e-10
936 936 0 1.5001879106100206e-10 8.1540638469902052e-11
944 936 0 1.1799090904480356e-10 6.466121345675658e-11
952 936 0 9.2853029156340824e-11 5.1315111206055084e-11
960 936 0 7.3212417589626119e-11 4.0812837785169766e-11
968 936 0 5.7965215494640266e-11 3.2603886682378934e-11
976 936 0 4.6243008769563145e-11 2.6252152918224002e-11
984 936 0 3.7370006251046065e-11 2.1416069391657697e-11
992 936 0 3.082913873043758e-11 1.7832765916257138e-11
1000 936 0 2.6235716742118984e-11 1.5305680299406153e-11
1008 936 0 2.3317569667216373e-11 1.3695165869396757e-11
1016 936 0 2.1900840872212054e-11 1.2911743789991779e-11
0 944 0 0.0008328300450282756 0.00017121969808011684
8 944 0 0.00083358820725939586 0.00017141503700473365
16 944 0 0.00083502418420447022 0.00017178908108480694
24 944 0 0.0008369811126977978 0.00017230933704418037
32 944 0 0.0008392330735840837 0.00017292895941371832
40 944 0 0.00084149578351370101 0.00017358891102676956
48 944 0 0.0008434399557911245 0.00017422066308805245
56 944 0 0.0008447066339004435 0.00017474929442314816
64 944 0 0.00084492370983819509 0.00017509683123343312
72 944 0 0.00084372279452516244 0.00017518565986744704
80 944 0 0.00084075561106159726 0.00017494184609879245
88 944 0 0.00083570913196842232 0.00017429820484371494
96 944 0 0.00082831877433961921 0.00017319698321379025
104 944 0 0.00081837909490738614 0.00017159204580257585
112 944 0 0.00080575158121843303 0.00016945048225705246
120 944 0 0.00079036930490587862 0.00016675359132717869
128 944 0 0.0007722383773121253 0.00016349723045835745
136 944 0 0.0007514363155965867 0.00015969155339343503
144 944 0 0.00072810757905276806 0.00015536018820142157
152 944 0 0.00070245666239751754 0.00015053893301613969
160 944 0 0.00067473922914482111 0.00014527406536325781
168 944 0 0.00064525183013956441 0.00013962037259787293
176 944 0 0.00061432077875188016 0.00013363901550810669
184 944 0 0.00058229074642216665 0.00012739533490018981
192 944 0 0.00054951360368005338 0.00012095670273761514
200 944 0 0.0005163379676707188 0.00011439050627175392
208 944 0 0.00048309983406769194 0.00010776233691271579
216 944 0 0.00045011457613726636 0.00010113443679258871
224 944 0 0.00041767049381671905 9.4564436501761058e-05
232 944 0 0.0003860239976829999 8.8104398647290778e-05
240 944 0 0.00035539642242091304 8.1800164799860969e-05
248 944 0 0.00032597238642142947 7.5690988907523905e-05
256 944 0 0.00029789955160426776 6.9809428908692791e-05
264 944 0 0.00027128959214387649 6.41814603228004e-05
272 944 0 0.00024622015276153027 5.8826771006453772e-05
280 944 0 0.00022273756567687891 5.3759194772597585e-05
288 944 0 0.0002008600982593373 4.8987242738092793e-05
296 944 0 0.00018058151826661164 4.4514694533381627e-05
304 944 0 0.00016187478730739999 4.0341216266117481e-05
312 944 0 0.00014469572272926266 3.646297777338452e-05
320 944 0 0.00012898650058046354 3.2873247671641464e-05
328 944 0 0.00011467890504864466 2.9562950554311152e-05
336 944 0 0.00010169726074599379 2.6521176036685146e-05
344 944 0 8.9961011847829983e-05 2.3735633964651258e-05
352 944 0 7.9386935416557813e-05 2.1193053856948075e-05
360 944 0 6.9890994792360314e-05 1.8879529507073421e-05
368 944 0 6.1389852685729863e-05 1.6780811675622709e-05
376 944 0 5.3802072890530008e-05 1.4882553057374146e-05
384 944 0 4.7049044914914042e-05 1.317051034365326e-05
392 944 0 4.1055668003181977e-05 1.1630708365911537e-05
400 944 0 3.5750830742905986e-05 1.0249571143577043e-05
408 944 0 3.1067720440281264e-05 9.014024294567157e-06
416 944 0 2.6943993345894431e-05 7.9115728034150744e-06
424 944 0 2.3321833155916825e-05 6.9303576563225335e-06
432 944 0 2.0147921409753118e-05 6.0591943952641079e-06
440 944 0 1.7373339742633553e-05 5.2875962424333748e-06
448 944 0 1.4953420610143839e-05 4.6057841116817773e-06
456 944 0 1.2847560171587233e-05 4.004685552260206e-06
464 944 0 1.1019004523578348e-05 3.4759244516004209e-06
472 944 0 9.4346183921805172e-06 3.0118031442910059e-06
480 944 0 8.0646436727974212e-06 2.6052784201241695e-06
488 944 0 6.8824537926031559e-06 2.2499327836785872e-06
496 944 0 5.8643087013333168e-06 1.9399421832912515e-06
504 944 0 4.9891143205030195e-06 1.670041293949766e-06
512 944 0 4.2381894565510782e-06 1.4354873052459742e-06
520 944 0 3.5950424788632388e-06 1.2320230330564406e-06
528 944 0 3.0451594575907998e-06 1.0558400444579633e-06
536 944 0 2.5758049346589741e-06 9.0354236248678014e-07
544 944 0 2.1758360554626058e-06 7.7211120347872806e-07
552 944 0 1.8355304124772089e-06 6.5887109701158554e-07
560 944 0 1.5464276405401824e-06 5.6145764815699919e-07
568 944 0 1.3011845520765877e-06 4.7778712417735217e-07
576 944 0 1.0934434037041639e-06 4.0602798252626864e-07
584 944 0 9.1771273743140495e-07 3.4457440301119466e-07
592 944 0 7.6926013355479652e-07 2.9202184290233123e-07
600 944 0 6.4401614172104473e-07 2.4714459816867987e-07
608 944 0 5.3848861503907109e-07 2.0887532550579766e-07
616 944 0 4.496866537531929e-07 1.7628645719505423e-07
624 944 0 3.7505336474123031e-07 1.4857342314461816e-07
632 944 0 3.1240665675740894e-07 1.2503958099011627e-07
640 944 0 2.5988731551958667e-07 1.0508274535966103e-07
648 944 0 2.1591363480548776e-07 8.8183200955720457e-08
656 944 0 1.7914191763237603e-07 7.3893080674172195e-08
664 944 0 1.4843220374819205e-07 6.1826989289413425e-08
672 944 0 1.2281862475624872e-07 5.1653754986333949e-08
680 944 0 1.0148383511279749e-07 4.3089194879274474e-08
688 944 0 8.3737014973042758e-08 3.5889786247295746e-08
696 944 0 6.8994988489992426e-08 2.9847142126545903e-08
704 944 0 5.6766047837561807e-08 2.478319771703815e-08
712 944 0 4.6636118167099595e-08 2.0546022380078782e-08
720 944 0 3.8256941258068857e-08 1.7006180458874115e-08
728 944 0 3.1335995266412044e-08 1.405357243933e-08
736 944 0 2.562790433646239e-08 1.1594695839039475e-08
744 944 0 2.092712470904722e-08 9.5502724997739765e-09
752 944 0 1.7061723264922248e-08 7.8531955611909227e-09
760 944 0 1.3888090257574499e-08 6.446755270436313e-09
768 944 0 1.1286450490110246e-08 5.2831079424718794e-09
776 944 0 9.1570566343877943e-09 4.3219568737325522e-09
784 944 0 7.4169650834778539e-09 3.5294178942097851e-09
792 944 0 5.9973089997456411e-09 2.8770455982227218e-09
800 944 0 4.8409953979831793e-09 2.3409992013310525e-09
808 944 0 3.9007634948905115e-09 1.9013295039578689e-09
816 944 0 3.137550441085673e-09 1.5413706655769092e-09
824 944 0 2.519118171275363e-09 1.2472224595045676e-09
832 944 0 2.01890166555065e-09 1.0073104285834631e-09
840 944 0 1.6150445769805331e-09 8.1201292716411011e-10
848 944 0 1.2895930826440669e-09 6.533454371817491e-10
856 944 0 1.0278230650808306e-09 5.2469380195432705e-10
864 944 0 8.1767941577254636e-10 4.2058914261639729e-10
872 944 0 6.493094425982018e-10 3.3651821848440207e-10
880 944 0 5.146751184732472e-10 2.6876387268252458e-10
888 944 0 4.0723127955324855e-10 2.1427097639511752e-10
896 944 0 3.2165891354205294e-10 1.7053395774144805e-10
904 944 0 2.5364441255582319e-10 1.3550258344678806e-10
912 944 0 1.9969713796708385e-10 1.0750316243536777e-10
920 944 0 1.5699889094709975e-10 8.5172769465794079e-11
928 944 0 1.232799333664699e-10 6.7404453016609709e-11
936 944 0 9.6717087678045423e-11 5.3301703382956635e-11
944 944 0 7.5850186778800117e-11 4.2140722266003448e-11
952 944 0 5.9513768031461725e-11 3.33392611248791e-11
960 944 0 4.6781429129928997e-11 2.6430988459697122e-11
968 944 0 3.6920704096006691e-11 2.1044511398633574e-11
976 944 0 2.9356689694475391e-11 1.6886319075087754e-11
984 944 0 2.3642968047946121e-11 1.3727038203099944e-11
992 944 0 1.943864043699596e-11 1.139049829344162e-11
1000 944 0 1.6490518828563614e-11 9.7451979135553695e-12
1008 944 0 1.4619722956555523e-11 8.6978467106608498e-12
1016 944 0 1.3712108148588931e-11 8.1887327236231231e-12
0 952 0 0.00068730430552747389 0.00014552573950080171
8 952 0 0.00068790390407775387 0.00014568430318164199
16 952 0 0.00068903688121516515 0.00014598730298930507
24 952 0 0.00069057396759135013 0.00014640714510644767
32 952 0 0.00069232901675582057 0.00014690405682826313
40 952 0 0.00069406785172747363 0.00014742793178622738
48 952 0 0.0006955193198440239 0.0001479206359471006
56 952 0 0.0006963879794926887 0.0001483186544077548
64 952 0 0.00069636776648672927 0.00014855594335146582
72 952 0 0.00069515595056932186 0.00014856684395584058
80 952 0 0.00069246669523375022 0.00014828891582784704
88 952 0 0.00068804357555555227 0.00014766555641287005
96 952 0 0.0006816704853566481 0.00014664828898297111
104 952 0 0.00067318047090773295 0.00014519862399965319
112 952 0 0.00066246215595893137 0.00014328942525950166
120 952 0 0.00064946356347692893 0.00014090574142894968
128 952 0 0.00063419328388339207 0.00013804509342873323
136 952 0 0.00061671907883553755 0.00013471723676104915
144 952 0 0.00059716413546619595 0.00013094344358657211
152 952 0 0.00057570129164550437 0.00012675537075201317
160 952 0 0.00055254563312691937 0.00012219359601790174
168 952 0 0.00052794591529303108 0.00011730591484653333
176 952 0 0.00050217528462023504 0.00011214549413164512
184 952 0 0.00047552176896372604 0.00010676897745844061
192 952 0 0.00044827897415963922 0.00010123462952041416
200 952 0 0.00042073737154352188 9.5600596127196915e-05
208 952 0 0.00039317649211473629 8.9923341952955643e-05
216 952 0 0.00036585826410611262 8.4256312031153737e-05
224 952 0 0.00033902164759003163 7.864884622668742e-05
232 952 0 0.00031287863804137499 7.3145359641624903e-05
240 952 0 0.0002876116353246462 6.7784787096266839e-05
248 952 0 0.00026337210921149656 6.2600277209932909e-05
256 952 0 0.00024028043993290903 5.7619111671358729e-05
264 952 0 0.0002184267738772466 5.2862818266629892e-05
272 952 0 0.00019787271064663684 4.8347442114893432e-05
280 952 0 0.00017865362754013837 4.4083938136740537e-05
288 952 0 0.00016078144958052741 4.0078648678809891e-05
296 952 0 0.00014424768529760414 3.633383296900751e-05
304 952 0 0.00012902656814890067 3.2848219158499326e-05
312 952 0 0.00011507816813147176 2.9617554597790907e-05
320 952 0 0.00010235136536601816 2.6635135214445385e-05
328 952 0 9.0786605047978768e-05 2.3892300000665891e-05
336 952 0 8.0318379383911248e-05 2.1378881362082544e-05
344 952 0 7.0877405643081685e-05 1.9083606204748298e-05
352 952 0 6.2392489395376622e-05 1.6994446021181191e-05
360 952 0 5.4792077953407299e-05 1.5098916838953014e-05
368 952 0 4.8005520939216574e-05 1.3384331746513289e-05
376 952 0 4.1964062999772235e-05 1.1838009890757773e-05
384 952 0 3.6601598454293368e-05 1.0447446460620674e-05
392 952 0 3.1855219647471529e-05 9.2004483557104483e-06
400 952 0 2.7665590630123948e-05 8.0852401127820383e-06
408 952 0 2.3977176102396037e-05 7.0905443378852269e-06
416 952 0 2.0738352884097245e-05 6.2056404617971855e-06
424 952 0 1.7901427983628562e-05 5.4204051722882635e-06
432 952 0 1.5422583981572761e-05 4.7253374281803572e-06
440 952 0 1.3261769186256813e-05 4.11157055637674e-06
448 952 0 1.1382547023018403e-05 3.5708735871254354e-06
456 952 0 9.7519164758180131e-06 3.0956436957692197e-06
464 952 0 8.3401131390697442e-06 2.6788913845086034e-06
472 952 0 7.1203985474447139e-06 2.3142198447358033e-06
480 952 0 6.0688438949305051e-06 1.9957997778669161e-06
488 952 0 5.1641129825426611e-06 1.7183408100604948e-06
496 952 0 4.3872481954726907e-06 1.4770605058606261e-06
504 952 0 3.721462458003302e-06 1.2676518624997175e-06
512 952 0 3.1519394087546687e-06 1.0862500477964094e-06
520 952 0 2.6656434490403572e-06 9.2939902982288162e-07
528 952 0 2.2511408208656869e-06 7.9401863672511292e-07
536 952 0 1.8984324527690874e-06 6.7737248188988676e-07
544 952 0 1.5987989606541977e-06 5.7703709480840806e-07
552 952 0 1.3446578995606715e-06 4.9087251291653735e-07
560 952 0 1.1294331252741781e-06 4.1699451526600424e-07
568 952 0 9.474359367464815e-07 3.5374861533010616e-07
576 952 0 7.9375752649064564e-07 2.9968587721351824e-07
584 952 0 6.6417216122747509e-07 2.5354057620392986e-07
592 952 0 5.5505044368276287e-07 2.1420968987203365e-07
600 952 0 4.6328196314433714e-07 1.8073417857670759e-07
608 952 0 3.8620662197022752e-07 1.5228199306884357e-07
616 952 0 3.2155392291520306e-07 1.2813273083798984e-07
624 952 0 2.6738951372642037e-07 1.0766385101480994e-07
632 952 0 2.2206830743596066e-07 9.0338349321448282e-08
640 952 0 1.8419352630707863e-07 7.5693789212508038e-08
648 952 0 1.5258105224157005e-07 6.3332582563917711e-08
656 952 0 1.2622850490799943e-07 5.2913412724376599e-08
664 952 0 1.0428850958046646e-07 4.414369416772559e-08
672 952 0 8.6045658646295752e-08 3.6772966109952967e-08
680 952 0 7.0896713103826169e-08 3.0587122008971323e-08
688 952 0 5.8333632412121379e-08 2.5403382560921379e-08
696 952 0 4.7929062146224037e-08 2.1065926343768389e-08
704 952 0 3.9323948501090277e-08 1.744209933647153e-08
712 952 0 3.2216986294557036e-08 1.4419131872542559e-08
720 952 0 2.6355642347211983e-08 1.1901298910856874e-08
728 952 0 2.1528528661598167e-08 9.8074666048138764e-09
736 952 0 1.7558929484361252e-08 8.0689748521011384e-09
744 952 0 1.4299313017769618e-08 6.6278116912776015e-09
752 952 0 1.1626682257353943e-08 5.4350410075683058e-09
760 952 0 9.4386402654175147e-09 4.4494499921569846e-09
768 952 0 7.6500633136901528e-09 3.6363871764200929e-09
776 952 0 6.1902909631611181e-09 2.9667656712266762e-09
784 952 0 5.000755548313752e-09 2.4162095351641018e-09
792 952 0 4.0329849631399301e-09 1.964324036605711e-09
800 952 0 3.2469223711072563e-09 1.594073026875923e-09
808 952 0 2.6095147290275981e-09 1.2912487658629134e-09
816 952 0 2.0935290501446929e-09 1.0440213909409801e-09
824 952 0 1.6765613310683869e-09 8.4255684020697612e-10
832 952 0 1.3402081972565144e-09 6.7869346829413563e-10
840 952 0 1.0693757211342853e-09 5.4566885584624775e-10
848 952 0 8.5170364885319824e-10 4.3788943379086863e-10
856 952 0 6.7708652781855002e-10 3.507365372622806e-10
864 952 0 5.3727603171186416e-10 2.804033840606822e-10
872 952 0 4.2555119347978844e-10 2.2375824911841336e-10
880 952 0 3.36445330089468e-10 1.782297883837792e-10
888 952 0 2.6552021862280247e-10 1.4171106093044608e-10
896 952 0 2.0917959876660239e-10 1.1247931477545056e-10
904 952 0 1.6451536499083207e-10 8.9129047564991118e-11
912 952 0 1.2918090236166467e-10 7.0516235605419187e-11
920 952 0 1.0128693980136461e-10 5.5711951145735139e-11
928 952 0 7.9316067850357672e-11 4.3963865516112232e-11
936 952 0 6.2052716274990378e-11 3.4664371403055046e-11
944 952 0 4.8525929438829508e-11 2.7324257339970609e-11
952 952 0 3.7962731112713799e-11 2.1551036918747926e-11
960 952 0 2.9750250005779462e-11 1.7031179124149535e-11
968 952 0 2.3405095350139248e-11 1.3515608745867443e-11
976 952 0 1.8548739082463809e-11 1.0807950612011582e-11
984 952 0 1.4887886598295602e-11 8.7550814496505193e-12
992 952 0 1.2199009351136408e-11 7.239631085859552e-12
1000 952 0 1.0316376182314124e-11 6.1741426462494905e-12
1008 952 0 9.12306168605789e-12 5.496661270497633e-12
1016 952 0 8.5445338563731685e-12 5.1675742922157623e-12
0 960 0 0.00056506818975177761 0.00012223611577569628
8 960 0 0.00056554032129081178 0.00012236358278694208
16 960 0 0.00056643022152697063 0.00012260665968819452
24 960 0 0.00056763177751943596 0.00012294219007191417
32 960 0 0.00056899221254534931 0.00012333680421047126
40 960 0 0.00057031937615084952 0.00012374847557662411
48 960 0 0.00057139085384218876 0.00012412846600183514
56 960 0 0.000571964421282786 0.0001244235582099027
64 960 0 0.00057178930525968489 0.00012457846122704438
72 960 0 0.00057061768282662558 0.00012453826774269628
80 960 0 0.00056821585211518013 0.00012425084311857009
88 960 0 0.00056437454236541406 0.00012366903319013822
96 960 0 0.00055891789375065164 0.00012275259160599646
104 960 0 0.0005517107247537084 0.00012146974615402455
112 960 0 0.00054266380998200061 0.00011979834597693076
120 960 0 0.00053173700723933392 0.00011772655623759501
128 960 0 0.00051894019185147965 0.00011525309203191242
136 960 0 0.00050433207125643339 0.00011238700757910415
144 960 0 0.00048801705695347382 0.00010914707851272212
152 960 0 0.00047014045838433621 0.00010556083326116817
160 960 0 0.00045088232995415151 0.00010166330317276786
168 960 0 0.00043045034559691673 9.7495569696114353e-05
176 960 0 0.00040907209418591424 9.3103190434320798e-05
184 960 0 0.00038698718449133609 8.853458447238995e-05
192 960 0 0.00036443952259463948 8.3839451564999743e-05
200 960 0 0.00034167008119124587 7.9067290352276016e-05
208 960 0 0.00031891042341600044 7.4266068698735851e-05
216 960 0 0.0002963771785410415 6.9481085565071122e-05
224 960 0 0.00027426759802770274 6.4754049562328888e-05
232 960 0 0.00025275625257746413 6.0122385463910863e-05
240 960 0 0.00023199286804250659 5.5618767282139607e-05
248 960 0 0.00021210124352510519 5.1270865686391375e-05
256 960 0 0.00019317915096135938 4.7101288971549646e-05
264 960 0 0.00017529908319131277 4.312769068593383e-05
272 960 0 0.00015850969724480547 3.9363013401831371e-05
280 960 0 0.00014283779074938024 3.5815836790758127e-05
288 960 0 0.00012829065073461754 3.2490798845909868e-05
296 960 0 0.00011485862391580196 2.9389061381802174e-05
304 960 0 0.00010251777375267522 2.6508794396225448e-05
312 960 0 9.1232510072207531e-05 2.3845658059264225e-05
320 960 0 8.0958099779144982e-05 2.1393265586873176e-05
328 960 0 7.1642990338718519e-05 1.9143614709260249e-05
336 960 0 6.3230899804849828e-05 1.7087479579061421e-05
344 960 0 5.5662647057805763e-05 1.5214758585275921e-05
352 960 0 4.8877712863919546e-05 1.3514776531457076e-05
360 960 0 4.2815535994507027e-05 1.1976541958900272e-05
368 960 0 3.7416558873413635e-05 1.0588962065802939e-05
376 960 0 3.2623044245330235e-05 9.3410187544420005e-06
384 960 0 2.8379688532458452e-05 8.221909921834916e-06
392 960 0 2.4634059347155738e-05 7.2211603003157908e-06
400 960 0 2.1336884570837338e-05 6.3287060592866098e-06
408 960 0 1.8442219006502922e-05 5.5349570958931143e-06
416 960 0 1.5907512330590362e-05 4.8308405535068836e-06
424 960 0 1.3693599306065426e-05 4.2078286775631358e-06
432 960 0 1.176463028681036e-05 3.6579536947624011e-06
440 960 0 1.0087957173300449e-05 3.1738120129563645e-06
448 960 0 8.6339873231594342e-06 2.7485596998589692e-06
456 960 0 7.3760155630429657e-06 2.3759009127750473e-06
464 960 0 6.2900424239111179e-06 2.0500707151586262e-06
472 960 0 5.3545850262487169e-06 1.765813521195997e-06
480 960 0 4.5504856474992184e-06 1.5183582474312867e-06
488 960 0 3.8607218707672671e-06 1.303391111775394e-06
496 960 0 3.2702212977976659e-06 1.1170268976750248e-06
504 960 0 2.7656830685478148e-06 9.5577938945548721e-07
512 960 0 2.3354078280769239e-06 8.1653158067774487e-07
520 960 0 1.9691372896945479e-06 6.9650615934580927e-07
528 960 0 1.6579041390216952e-06 5.9323668184399174e-07
536 960 0 1.3938926905472422e-06 5.0453976222184516e-07
544 960 0 1.1703104348421492e-06 4.2848852581204857e-07
552 960 0 9.812703925464849e-07 3.6338750701418662e-07
560 960 0 8.2168401433512905e-07 3.0774911093904909e-07
568 960 0 6.8716422915265282e-07 2.6027170759382869e-07
576 960 0 5.7393814140478847e-07 2.1981938508585718e-07
584 960 0 4.7876880695620364e-07 1.8540335427127146e-07
592 960 0 3.9888547320185063e-07 1.5616497048091224e-07
600 960 0 3.3192164573108447e-07 1.3136031741325268e-07
608 960 0 2.7586033898457748e-07 1.1034628298565004e-07
616 960 0 2.2898587696298232e-07 9.2568045952220744e-08
624 960 0 1.8984162909714035e-07 7.7547884629280023e-08
632 960 0 1.5719309297203038e-07 6.4875214463930281e-08
640 960 0 1.2999576738307618e-07 5.419775892400245e-08
648 960 0 1.0736729436113543e-07 4.5213757880434622e-08
656 960 0 8.8563385924024104e-08 3.7665118983975323e-08
664 960 0 7.2957089331658041e-08 3.1331420248808417e-08
672 960 0 6.0020982729887569e-08 2.6024675916408184e-08
680 960 0 4.9311930639780551e-08 2.1584782464045618e-08
688 960 0 4.0458065286794928e-08 1.7875567125326451e-08
696 960 0 3.3147694859944372e-08 1.4781367286279666e-08
704 960 0 2.7119873105464469e-08 1.2204075395625808e-08
712 960 0 2.2156395914447661e-08 1.0060590380109375e-08
720 960 0 1.8075019542650395e-08 8.2806228045615888e-09
728 960 0 1.4723721651704839e-08 6.8048070098933284e-09
736 960 0 1.1975850401553024e-08 5.5830790828082271e-09
744 960 0 9.7260283406373615e-09 4.5732846771322565e-09
752 960 0 7.8866968854711755e-09 3.7399853718827672e-09
760 960 0 6.3852038647776505e-09 3.0534364006398642e-09
768 960 0 5.1613510821960053e-09 2.4887122314941475e-09
776 960 0 4.1653313158252457e-09 2.0249596473358724e-09
784 960 0 3.3559948324983885e-09 1.6447607158153635e-09
792 960 0 2.6993945662516435e-09 1.3335903968882866e-09
800 960 0 2.1675668061789292e-09 1.0793555649283272e-09
808 960 0 1.7375107579553096e-09 8.7200397107228849e-10
816 960 0 1.3903358661560019e-09 7.03193183988691e-10
824 960 0 1.1105504694473775e-09 5.660108616210094e-10
832 960 0 8.8546934321602239e-10 4.5473885404049199e-10
840 960 0 7.0472107761842064e-10 3.6465464351586468e-10
848 960 0 5.5983913681483351e-10 2.9186451203836472e-10
856 960 0 4.4392292356112186e-10 2.3316360425742816e-10
864 960 0 3.5135729446570658e-10 1.8591873724615758e-10
872 960 0 2.7758078588604374e-10 1.479704075937447e-10
880 960 0 2.1889436071231807e-10 1.1755096937714993e-10
888 960 0 1.7230380759064045e-10 9.3216411032162015e-11
896 960 0 1.3539004685902931e-10 7.3789551907573072e-11
904 960 0 1.062025481128975e-10 5.8312816877934567e-11
912 960 0 8.3171866296814311e-11 4.6009036064850356e-11
920 960 0 6.5037977362078336e-11 3.6248962439286271e-11
928 960 0 5.0791659382011925e-11 2.8524408468345747e-11
936 960 0 3.9626637037868878e-11 2.24260792371215e-11
944 960 0 3.0900601082487519e-11 1.7625328356341988e-11
952 960 0 2.4103542423448366e-11 1.3859188689265433e-11
960 960 0 1.883211379631514e-11 1.0918136209464322e-11
968 960 0 1.4768960003599963e-11 8.6361353465392853e-12
976 960 0 1.1666148346235068e-11 6.882590736228741e-12
984 960 0 9.3319909011844053e-12 5.5558956971111966e-12
992 960 0 7.6206853673408771e-12 4.5783239837955307e-12
1000 960 0 6.4243160873082439e-12 3.89206009500588e-12
1008 960 0 5.6668556023884532e-12 3.4562060836694369e-12
1016 960 0 5.2998931794247872e-12 3.2446406769483813e-12
0 968 0 0.00046380695181146822 0.00010126123794030939
8 968 0 0.00046417777058628697 0.00010136255070452481
16 968 0 0.00046487485945184888 0.00010155536207512176
24 968 0 0.00046581126995667112 0.00010182050756276485
32 968 0 0.0004668618372480561 0.00010213037529729322
40 968 0 0.00046786917593276937 0.00010245020021808015
48 968 0 0.00046865117247160503 0.00010273968137058373
56 968 0 0.00046900958320997174 0.00010295483807281426
64 968 0 0.00046873929557272214 0.00010305000968696275
72 968 0 0.00046763778446633176 0.00010297989836029382
80 968 0 0.00046551429752690973 0.0001027015545882704
88 968 0 0.0004621983307487367 0.00010217621161667735
96 968 0 0.00045754700776403094 0.0001013708859866207
104 968 0 0.00045145104768778364 0.00010025967706592476
112 968 0 0.00044383909289916462 9.8824717082835996e-05
120 968 0 0.00043468026353887134 9.7056743700462582e-05
128 968 0 0.00042398490365728184 9.495528819419781e-05
136 968 0 0.00041180357875473308 9.2528492501700317e-05
144 968 0 0.00039822447034196544 8.9792586611508389e-05
152 968 0 0.00038336938543487596 8.6771072949460247e-05
160 968 0 0.00036738865407314852 8.3493675881002988e-05
168 968 0 0.00035045522385709687 7.9995121739819854e-05
176 968 0 0.00033275827638911927 7.6313817796794963e-05
184 968 0 0.00031449668701790789 7.2490497473428207e-05
192 968 0 0.00029587262827680051 6.8566894317838962e-05
200 968 0 0.0002770855817449377 6.4584499446308167e-05
208 968 0 0.00025832697631641337 6.0583447099587075e-05
216 968 0 0.00023977561700655098 5.6601561534490519e-05
224 968 0 0.00022159401149461047 5.2673586533092266e-05
232 968 0 0.00020392564540994723 4.8830607167516898e-05
240 968 0 0.00018689320524620348 4.5099662796303108e-05
248 968 0 0.0001705977024010267 4.1503541124078487e-05
256 968 0 0.00015511841507038842 3.8060735890970961e-05
264 968 0 0.00014051353763749178 3.4785545553820991e-05
272 968 0 0.00012682141005361666 3.1688287191188811e-05
280 968 0 0.00011406219207368833 2.8775598675691915e-05
288 968 0 0.0001022398480712042 2.6050802663413338e-05
296 968 0 9.1344316089643837e-05 2.3514307826158124e-05
304 968 0 8.1353748119725422e-05 2.1164025632949799e-05
312 968 0 7.2236725570579968e-05 1.8995784501627563e-05
320 968 0 6.3954372836011594e-05 1.7003726943133388e-05
328 968 0 5.6462311228465501e-05 1.5180679110253018e-05
336 968 0 4.9712414104144294e-05 1.3518485700705534e-05
344 968 0 4.3654340776649946e-05 1.2008306281155817e-05
352 968 0 3.8236841172735969e-05 1.0640871691183577e-05
360 968 0 3.3408834781292353e-05 9.4067012132146747e-06
368 968 0 2.9120276207559204e-05 8.2962826658544307e-06
376 968 0 2.5322825702699556e-05 7.3002185426306793e-06
384 968 0 2.197034668246061e-05 6.4093418499978424e-06
392 968 0 1.9019253862395402e-05 5.6148054847603366e-06
400 968 0 1.6428735649455919e-05 4.9081489213814193e-06
408 968 0 1.4160873268947601e-05 4.2813457375553218e-06
416 968 0 1.2180677166604852e-05 3.7268351639855095e-06
424 968 0 1.0456058847108911e-05 3.2375404589565153e-06
432 968 0 8.9577537648259778e-06 2.8068765219843819e-06
440 968 0 7.6592083722815001e-06 2.4287488010189486e-06
448 968 0 6.5364420938172131e-06 2.0975452293422211e-06
456 968 0 5.5678929062922018e-06 1.808122656750764e-06
464 968 0 4.7342534105975029e-06 1.5557890133136151e-06
472 968 0 4.018302768899012e-06 1.3362822573497049e-06
480 968 0 3.4047386426807277e-06 1.1457470048184906e-06
488 968 0 2.880012263304018e-06 9.807096074632491e-07
496 968 0 2.4321689626590925e-06 8.3805233513857339e-07
504 968 0 2.050695849885829e-06 7.1498721866198583e-07
512 968 0 1.7263778082929955e-06 6.0903001978392832e-07
520 968 0 1.4511625771947319e-06 5.1797471249981606e-07
528 968 0 1.2180353548977096e-06 4.3986878412398558e-07
536 968 0 1.020903095283435e-06 3.7298959526380727e-07
544 968 0 8.5448845943434885e-07 3.158219754078003e-07
552 968 0 7.1423321686733249e-07 2.670371756791524e-07
560 968 0 5.9621076166973717e-07 2.2547325266539188e-07
568 968 0 4.9704731203577143e-07 1.9011691711688139e-07
576 968 0 4.1385129298040754e-07 1.6008684842438092e-07
584 968 0 3.4415035735736515e-07 1.3461844959883849e-07
592 968 0 2.8583547593844545e-07 1.1304999726340518e-07
600 968 0 2.3711151961948773e-07 9.4810126111596743e-08
608 968 0 1.964537624288139e-07 7.9406576555763584e-08
616 968 0 1.6256974985649697e-07 6.6416127106485344e-08
624 968 0 1.3436600039825321e-07 5.5475628698887137e-08
632 968 0 1.1091903683071209e-07 4.6274056141318288e-08
640 968 0 9.145027574018921e-08 3.8545491642886969e-08
648 968 0 7.5304337745382418e-08 3.206295661575301e-08
656 968 0 6.1930375563332864e-08 2.663301036069124e-08
664 968 0 5.0866051731118652e-08 2.2091037600539389e-08
672 968 0 4.1723831798805359e-08 1.829715093108221e-08
680 968 0 3.4179291702052374e-08 1.5132638937728177e-08
688 968 0 2.7961169472391147e-08 1.2496895814403781e-08
696 968 0 2.284292119939405e-08 1.0304773660550322e-08
704 968 0 1.8635569032797867e-08 8.4843040726666019e-09
712 968 0 1.5181654864918927e-08 6.9747410495287343e-09
720 968 0 1.2350137070420755e-08 5.7248824722296399e-09
728 968 0 1.0032089252237871e-08 4.6916323994669683e-09
736 968 0 8.1370793445865545e-09 3.8387710569664699e-09
744 968 0 6.5901246958888121e-09 3.1359036447485494e-09
752 968 0 5.3291339765794123e-09 2.5575629088917632e-09
760 968 0 4.3027600453842364e-09 2.0824438193934141e-09
768 968 0 3.4685994073076676e-09 1.6927516748883377e-09
776 968 0 2.791683771415905e-09 1.3736475444093408e-09
784 968 0 2.2432176412162391e-09 1.1127771912821494e-09
792 968 0 1.7995230215530806e-09 8.9987154469856284e-10
800 968 0 1.4411583744671742e-09 7.2640843171175496e-10
808 968 0 1.1521840620748619e-09 5.8532669588044768e-10
816 968 0 9.1955082165295039e-10 4.7078504450305154e-10
824 968 0 7.3259145381752114e-10 3.7795901562985633e-10
832 968 0 5.8259897808522178e-10 3.028703651308006e-10
840 968 0 4.6247711307898972e-10 2.4224396453943092e-10
848 968 0 3.6645114736669473e-10 1.9338798944813878e-10
856 968 0 2.8982914393224465e-10 1.5409377962887722e-10
864 968 0 2.2880501768829931e-10 1.2255227677740727e-10
872 968 0 1.8029638311387242e-10 9.7284402772171312e-11
880 968 0 1.4181122260147241e-10 7.7083138110845662e-11
888 968 0 1.1133840431750377e-10 6.0965403273136679e-11
896 968 0 8.7257905824479639e-11 4.8132141034549674e-11
904 968 0 6.8267297476608102e-11 3.7935250636289401e-11
912 968 0 5.332162604816721e-11 2.9850240248647101e-11
920 968 0 4.1584330300357079e-11 2.3453647061721257e-11
928 968 0 3.2387230413798944e-11 1.8404428968212981e-11
936 968 0 2.5197974865193162e-11 1.4428662172675716e-11
944 968 0 1.9593612296781917e-11 1.1306988785705603e-11
952 968 0 1.5239191668876278e-11 8.8643507545720873e-12
960 968 0 1.1870489637353984e-11 6.9616241589611561e-12
968 968 0 9.2801266087051708e-12 5.488833394894792e-12
976 968 0 7.3064681842540744e-12 4.3596801619809934e-12
984 968 0 5.8248216759184633e-12 3.507169225265942e-12
992 968 0 4.7405322289113145e-12 2.8801531384295626e-12
1000 968 0 3.9836633288084602e-12 2.4406527584997837e-12
1008 968 0 3.5050150643697015e-12 2.1618405380187516e-12
1016 968 0 3.2732929918325283e-12 2.0266001875922589e-12
0 976 0 0.00038136528589318455 8.244166591828367e-05
8 976 0 0.00038165672313595229 8.2521047450334682e-05
16 976 0 0.00038220303220653324 8.2671827245315633e-05
24 976 0 0.00038293285237337902 8.2878417583292098e-05
32 976 0 0.00038374347349543999 8.3118363752616108e-05
40 976 0 0.00038450577489890664 8.3363401033862729e-05
48 976 0 0.00038507039692466149 8.3580775546943542e-05
56 976 0 0.00038527482307391275 8.3734760136058991e-05
64 976 0 0.00038495100812925635 8.378828744346579e-05
72 976 0 0.00038393316654981971 8.3704617916512049e-05
80 976 0 0.00038206533665663877 8.3448960870270955e-05
88 976 0 0.00037920835900680802 8.2989971741928678e-05
96 976 0 0.0003752459498887316 8.2301057875299344e-05
104 976 0 0.00037008960983112986 8.1361437856653776e-05
112 976 0 0.00036368217822441276 8.0156914674751857e-05
120 976 0 0.00035599992378534614 7.8680339753525199e-05
128 976 0 0.00034705314155251737 7.6931762104764467e-05
136 976 0 0.00033688530536045175 7.4918273394281325e-05
144 976 0 0.00032557089571071585 7.265357463124959e-05
152 976 0 0.00031321208277165129 7.0157302663224669e-05
160 976 0 0.00029993448998566415 6.7454164087484372e-05
168 976 0 0.00028588229364273334 6.4572930214363536e-05
176 976 0 0.00027121292715453154 6.1545349234587736e-05
184 976 0 0.000256091656130428 5.8405030887479891e-05
192 976 0 0.00024068627322444239 5.518635505235813e-05
200 976 0 0.00022516213242935708 5.1923449315580616e-05
208 976 0 0.00020967770397261522 4.8649272343798149e-05
216 976 0 0.00019438078648192694 4.5394830524624042e-05
224 976 0 0.00017940546596723883 4.2188545527371645e-05
232 976 0 0.00016486986456169152 3.9055780848255709e-05
240 976 0 0.00015087467864244189 3.6018526603761594e-05
248 976 0 0.00013750246813457867 3.3095234266448031e-05
256 976 0 0.00012481762806912516 3.0300787001263262e-05
264 976 0 0.00011286695072412627 2.7646586913365509e-05
272 976 0 0.00010168067217567659 2.5140737877940071e-05
280 976 0 9.1273890487846322e-05 2.2788301585842006e-05
288 976 0 8.1648243262848411e-05 2.0591604808355789e-05
296 976 0 7.279373869276934e-05 1.8550577396874498e-05
304 976 0 6.4690645228920754e-05 1.6663102890804668e-05
312 976 0 5.731135906546373e-05 1.4925366505116238e-05
320 976 0 5.0622184414618116e-05 1.3332188421393478e-05
328 976 0 4.4584977764811823e-05 1.1877333463653678e-05
336 976 0 3.9158622901608068e-05 1.0553791202536226e-05
344 976 0 3.4300317622653466e-05 9.3540231539964802e-06
352 976 0 2.9966665240684137e-05 8.270175932051832e-06
360 976 0 2.6114573840348606e-05 7.2942609409437471e-06
368 976 0 2.2701973752955092e-05 6.4183024546041122e-06
376 976 0 1.9688368935106049e-05 5.6344567675935062e-06
384 976 0 1.7035241111657839e-05 4.9351055708027705e-06
392 976 0 1.4706326984290806e-05 4.312926878104596e-06
400 976 0 1.2667788868751734e-05 3.7609467807041848e-06
408 976 0 1.0888298164889781e-05 3.2725751040578194e-06
416 976 0 9.3390494176619993e-06 2.841627748942853e-06
424 976 0 7.9937206841345515e-06 2.4623381629743592e-06
432 976 0 6.8283937164075255e-06 2.1293600484184523e-06
440 976 0 5.8214452809232742e-06 1.837763091358226e-06
448 976 0 4.9534188833716373e-06 1.5830232104455758e-06
456 976 0 4.2068843297089222e-06 1.3610085765832795e-06
464 976 0 3.5662909627444849e-06 1.167962447853018e-06
472 976 0 3.0178190759574386e-06 1.0004836929415734e-06
480 976 0 2.549232907286036e-06 8.5550573539469179e-07
488 976 0 2.1497377293535574e-06 7.3027453395046061e-07
496 976 0 1.809842847463595e-06 6.2232611519549746e-07
504 976 0 1.5212317607341382e-06 5.2946408915169072e-07
512 976 0 1.2766403055692709e-06 4.4973750272372464e-07
520 976 0 1.0697432591693261e-06 3.8141931802540575e-07
528 976 0 8.9504961363235995e-07 3.2298574126534966e-07
536 976 0 7.4780652265573448e-07 2.7309657262770047e-07
544 976 0 6.2391176107396447e-07 2.3057669836038439e-07
552 976 0 5.1983441369933548e-07 1.9439880316799701e-07
560 976 0 4.3254341761352962e-07 1.6366734405620755e-07
568 976 0 3.5944351612923387e-07 1.3760379590653756e-07
576 976 0 2.9831813897295319e-07 1.1553315400745435e-07
584 976 0 2.4727869827017182e-07 9.6871659087193336e-08
592 976 0 2.047197804293184e-07 8.1115695509127048e-08
600 976 0 1.6927971706983199e-07 6.7831802549655738e-08
608 976 0 1.398060310168292e-07 5.6647731411984698e-08
616 976 0 1.1532527365678912e-07 4.7244476199707859e-08
624 976 0 9.5016795486964794e-08 3.9349204911288419e-08
632 976 0 7.8190020695826072e-08 3.272901613488602e-08
640 976 0 6.4264827614410603e-08 2.7185448125778608e-08
648 976 0 5.2754668724767684e-08 2.2549669020614734e-08
656 976 0 4.3252095726928502e-08 1.8678279836404361e-08
664 976 0 3.5416386309794222e-08 1.544966542132443e-08
672 976 0 2.8962999290086966e-08 1.2760832508718393e-08
680 976 0 2.3654613364106775e-08 1.0524678337945599e-08
688 976 0 1.929353164896758e-08 8.6676378234235668e-09
696 976 0 1.5715259335608551e-08 7.1276618637854992e-09
704 976 0 1.2783085049909155e-08 5.8524839828887124e-09
712 976 0 1.0383517875086052e-08 4.7981369898328749e-09
720 976 0 8.4224514155012944e-09 3.9276856549194602e-09
728 976 0 6.821943796024738e-09 3.2101454562131326e-09
736 976 0 5.5175181372300068e-09 2.6195612073565477e-09
744 976 0 4.455901896595713e-09 2.1342227992930991e-09
752 976 0 3.5931356153427397e-09 1.7359983612366726e-09
760 976 0 2.8929921758789892e-09 1.4097678695052472e-09
768 976 0 2.325656788015255e-09 1.1429426192924126e-09
776 976 0 1.8666257251385168e-09 9.2505804627738812e-10
784 976 0 1.4957884704788963e-09 7.474291707373428e-10
792 976 0 1.1966635531072068e-09 6.0285946844587388e-10
800 976 0 9.5576309167813639e-10 4.8539528278903782e-10
808 976 0 7.6206504946946415e-10 3.9011901260539779e-10
816 976 0 6.0657555266305971e-10 3.1297526898989068e-10
824 976 0 4.8196643686560266e-10 2.5062501695191848e-10
832 976 0 3.8227555220663428e-10 2.003234258785875e-10
840 976 0 3.0265934903238544e-10 1.5981776404660429e-10
848 976 0 2.3918894590385098e-10 1.2726220146284375e-10
856 976 0 1.8868230013228391e-10 1.0114684379996074e-10
864 976 0 1.4856630010700472e-10 8.0238717581294585e-11
872 976 0 1.1676361233261122e-10 6.3532770781261202e-11
880 976 0 9.1599972511646786e-11 5.0211250089825622e-11
888 976 0 7.1728332546318506e-11 3.9610071771185269e-11
896 976 0 5.6066883625516219e-11 3.119102219896342e-11
904 976 0 4.3748486316910589e-11 2.4518811159697513e-11
912 976 0 3.407946616177976e-11 1.924215988638745e-11
920 976 0 2.6506090116114679e-11 1.50782401842424e-11
928 976 0 2.0587336117560961e-11 1.1799894296237984e-11
936 976 0 1.5972814496984778e-11 9.225160368208384e-12
944 976 0 1.2384904058670115e-11 7.2087082381118015e-12
952 976 0 9.6043344650404917e-12 5.6348572038357868e-12
960 976 0 7.4585861125010132e-12 4.4119035248529705e-12
968 976 0 5.8125941058933892e-12 3.4675325028117817e-12
976 976 0 4.5613385665550397e-12 2.7451296176990347e-12
984 976 0 3.6239829887600313e-12 2.200838687158432e-12
992 976 0 2.9392887476207682e-12 1.8012434812905463e-12
1000 976 0 2.4620897212376771e-12 1.5215736075707831e-12
1008 976 0 2.1606584795742011e-12 1.3443565847955005e-12
1016 976 0 2.0148364469840953e-12 1.2584565448484329e-12
0 984 0 0.00031580461715380971 6.5560668739374846e-05
8 984 0 0.00031603507312538985 6.5621650010562439e-05
16 984 0 0.00031646576292981593 6.5737269276717309e-05
24 984 0 0.00031703771033994495 6.5895142033434064e-05
32 984 0 0.00031766604294144346 6.6077430553996533e-05
40 984 0 0.0003182440882395008 6.6261686659405843e-05
48 984 0 0.00031864849206378847 6.6421904860873018e-05
56 984 0 0.00031874509209512552 6.6529730978787224e-05
64 984 0 0.00031839524399337305 6.6555764135883301e-05
72 984 0 0.00031746228005470752 6.6470886495112187e-05
80 984 0 0.00031581778125741534 6.6247555399223429e-05
88 984 0 0.00031334736245420007 6.5860996552607955e-05
96 984 0 0.00030995570567677558 6.5290244211956016e-05
104 984 0 0.00030557062537262534 6.4518984458504524e-05
112 984 0 0.00030014600843806101 6.3536169786351749e-05
120 984 0 0.00029366353715854491 6.2336386626801233e-05
128 984 0 0.000286133170391059 6.0919971161458371e-05
136 984 0 0.00027759242336173213 5.9292881998719625e-05
144 984 0 0.00026810454549135301 5.7466350219362837e-05
152 984 0 0.00025775574548531608 5.5456337286335206e-05
160 984 0 0.00024665165110640725 5.3282838879256894e-05
168 984 0 0.00023491321607659157 5.0969077566141762e-05
176 984 0 0.00022267229787941857 4.8540629275112967e-05
184 984 0 0.00021006712824756939 4.6024527882858606e-05
192 984 0 0.00019723788405316326 4.3448389171279127e-05
200 984 0 0.00018432254209514793 4.0839590334209149e-05
208 984 0 0.00017145316931922285 3.8224534653392365e-05
216 984 0 0.00015875276301360549 3.5628023468321448e-05
224 984 0 0.00014633271626345623 3.30727497037826e-05
232 984 0 0.00013429094504161426 3.0578919520077259e-05
240 984 0 0.00012271067707273663 2.8164001569705259e-05
248 984 0 0.00011165987089565618 2.5842597238922489e-05
256 984 0 0.0001011912077004359 2.362642036868926e-05
264 984 0 9.1342579307796795e-05 2.1524371416329474e-05
272 984 0 8.2137983320380975e-05 1.954268885529561e-05
280 984 0 7.3588730750152162e-05 1.7685159737694159e-05
288 984 0 6.5694871654961587e-05 1.5953371607886824e-05
296 984 0 5.8446749545455328e-05 1.4346989147314012e-05
304 984 0 5.1826604415633999e-05 1.2864040813286755e-05
312 984 0 4.5810156001381406e-05 1.1501203064082324e-05
320 984 0 4.0368112105804217e-05 1.0254072308813898e-05
328 984 0 3.5467560483500267e-05 9.1174172813115561e-06
336 984 0 3.1073215952065562e-05 8.0854069495425062e-06
344 984 0 2.714850640601538e-05 7.1518112166380868e-06
352 984 0 2.3656491769234846e-05 6.310173471449291e-06
360 984 0 2.0560618368635529e-05 5.5539554717130768e-06
368 984 0 1.7825317660836152e-05 4.8766560921189393e-06
376 984 0 1.5416462764651675e-05 4.2719061704543746e-06
384 984 0 1.3301699028025141e-05 3.7335420836326982e-06
392 984 0 1.1450666146206024e-05 3.2556608380847817e-06
400 984 0 9.8351294436096294e-06 2.8326594251421047e-06
408 984 0 8.4290371364193924e-06 2.4592610284703887e-06
416 984 0 7.208518990169948e-06 2.1305304274920513e-06
424 984 0 6.1518400249474365e-06 1.841880659187115e-06
432 984 0 5.2393210045666188e-06 1.5890727118409067e-06
440 984 0 4.4532355312502604e-06 1.3682097496730138e-06
448 984 0 3.7776917636574328e-06 1.1757271197142045e-06
456 984 0 3.1985051519931412e-06 1.0083791777157811e-06
464 984 0 2.7030671736887786e-06 8.6322378905570624e-07
472 984 0 2.2802138650095118e-06 7.3760521094792684e-07
480 984 0 1.9200969679566523e-06 6.2913593932938366e-07
488 984 0 1.6140597268213104e-06 5.3567800253224696e-07
496 984 0 1.3545187480450761e-06 4.5532409941851895e-07
504 984 0 1.1348528527629293e-06 3.8637890797120888e-07
512 984 0 9.4929947729264085e-07 3.2734082827663006e-07
520 984 0 7.9285888993105778e-07 2.7688436923826835e-07
528 984 0 6.6120627372494809e-07 2.3384333990741186e-07
536 984 0 5.5061155936275115e-07 1.9719496329298333e-07
544 984 0 4.5786676846084504e-07 1.6604499261311943e-07
552 984 0 3.8022053664019347e-07 1.3961387705914201e-07
560 984 0 3.1531942142961613e-07 1.1722399618391349e-07
568 984 0 2.6115555726273916e-07 9.8287958866494713e-08
576 984 0 2.1602019477300795e-07 8.2297944199945246e-08
584 984 0 1.7846265103016356e-07 6.8816047240008252e-08
592 984 0 1.4725419854287568e-07 5.7465581886442725e-08
600 984 0 1.2135643133345328e-07 4.7923285736378707e-08
608 984 0 9.9893663991805055e-08 3.9912367025024147e-08
616 984 0 8.2128942408207447e-08 3.3196331248581669e-08
624 984 0 6.7443271196751772e-08 2.7573524290213022e-08
632 984 0 5.5317691247549234e-08 2.2872329448276838e-08
640 984 0 4.5317870243336016e-08 1.8946957371074586e-08
648 984 0 3.7080898451805641e-08 1.5673770272962043e-08
656 984 0 3.0304010989160074e-08 1.2948084737768428e-08
664 984 0 2.4734985563538754e-08 1.0681400746255469e-08
672 984 0 2.0163991123245423e-08 8.7990081668415429e-09
680 984 0 1.6416687646256155e-08 7.23792571785062e-09
688 984 0 1.3348400393571586e-08 5.9451312553959946e-09
696 984 0 1.083921325076375e-08 4.8760460848448004e-09
704 984 0 8.7898452843236039e-09 3.9932397655855511e-09
712 984 0 7.1181923580318101e-09 3.2653255170542417e-09
720 984 0 5.7564316289402437e-09 2.6660197865610507e-09
728 984 0 4.6486010311746689e-09 2.173342764850069e-09
736 984 0 3.7485785337566318e-09 1.768939603473375e-09
744 984 0 3.0183971158360611e-09 1.4375047807596519e-09
752 984 0 2.4268411417098762e-09 1.1662944736328635e-09
760 984 0 1.9482782515841655e-09 9.4471392429482372e-10
768 984 0 1.5616881321209196e-09 7.6396865589433538e-10
776 984 0 1.2498557168279628e-09 6.1677000831055409e-10
784 984 0 9.9870161356183001e-10 4.9708685691706628e-10
792 984 0 7.967269843910891e-10 3.9993656871611766e-10
800 984 0 6.3455382467530155e-10 3.2120926700283484e-10
808 984 0 5.0454470727374452e-10 2.5752034219571963e-10
816 984 0 4.0048866755090272e-10 2.0608688511215699e-10
824 984 0 3.1734208721486253e-10 1.6462434965074014e-10
832 984 0 2.5101526058158578e-10 1.312602916250485e-10
840 984 0 1.9819685536679786e-10 1.0446249366558758e-10
848 984 0 1.5620976147693529e-10 8.2979184426915696e-11
856 984 0 1.2289289674927356e-10 6.5789403383010354e-11
864 984 0 9.6504442054230809e-11 5.2061858052773915e-11
872 984 0 7.5642737386113725e-11 4.1120874946497496e-11
880 984 0 5.9181708345180246e-11 3.241826416646654e-11
888 984 0 4.6218227612630157e-11 2.5510104933688349e-11
896 984 0 3.6029264368409442e-11 2.0037619257106777e-11
904 984 0 2.8037049345429393e-11 1.5711436971481196e-11
912 984 0 2.1780795612924324e-11 1.2298670548855436e-11
920 984 0 1.689377487804358e-11 9.6123152380710992e-12
928 984 0 1.3084764381457797e-11 7.5025717361031636e-12
936 984 0 1.0123057482148003e-11 5.8497570148367749e-12
944 984 0 7.8263779205510212e-12 4.558526138119094e-12
952 984 0 6.0511587792880699e-12 3.5531756857524218e-12
960 984 0 4.6847468100886489e-12 2.7738393024123642e-12
968 984 0 3.6391748617385509e-12 2.1734192441548383e-12
976 984 0 2.846212825112261e-12 1.7151257414427788e-12
984 984 0 2.2534634885065552e-12 1.3705195002534761e-12
992 984 0 1.8213162107981013e-12 1.1179725368226669e-12
1000 984 0 1.5206102453146455e-12 9.4147947592303162e-13
1008 984 0 1.3308924566608575e-12 8.2976602291334354e-13
1016 984 0 1.2391823976997264e-12 7.7565404928436896e-13
0 992 0 0.00026544875815604093 5.0355858997768778e-05
8 992 0 0.00026563376124194088 5.0401311883448965e-05
16 992 0 0.00026597841368660401 5.0487349243211925e-05
24 992 0 0.00026643324359032874 5.0604466749616217e-05
32 992 0 0.00026692706617675307 5.0738976764690385e-05
40 992 0 0.00026737043119846009 5.0873657041040714e-05
48 992 0 0.00026765993072109758 5.0988561342690884e-05
56 992 0 0.00026768314237639448 5.1061949718731044e-05
64 992 0 0.00026732395338468676 5.1071290608686285e-05
72 992 0 0.00026646799582004892 5.0994284234658603e-05
80 992 0 0.00026500792431118965 5.0809856946225699e-05
88 992 0 0.00026284828321304963 5.0499079241150444e-05
96 992 0 0.00025990973986019428 5.0045965816581306e-05
104 992 0 0.00025613250159230074 4.9438123780324596e-05
112 992 0 0.00025147878392463009 4.8667224513430918e-05
120 992 0 0.00024593425217390291 4.7729284984641995e-05
128 992 0 0.00023950841549096174 4.662475490009726e-05
136 992 0 0.00023223400709407579 4.535841626765634e-05
144 992 0 0.00022416543432823252 4.3939111163120484e-05
152 992 0 0.00021537642428197539 4.2379321203340695e-05
160 992 0 0.00020595702302091256 4.0694628085494693e-05
168 992 0 0.00019601012775904251 3.8903088317549065e-05
176 992 0 0.00018564774100789084 3.7024556871527735e-05
184 992 0 0.0001749871342303536 3.5079994017215795e-05
192 992 0 0.00016414709680297412 3.3090787250189134e-05
200 992 0 0.0001532444257629824 3.1078116332165529e-05
208 992 0 0.00014239078491338279 2.9062384405840059e-05
216 992 0 0.00013169003065129081 2.7062732362314679e-05
224 992 0 0.00012123606870052102 2.5096647562935205e-05
232 992 0 0.00011111127298488085 2.3179672056733414e-05
240 992 0 0.00010138546712991532 2.132520994282131e-05
248 992 0 9.2115442113222627e-05 1.9544428782433551e-05
256 992 0 8.3344961540303454e-05 1.7846246160132444e-05
264 992 0 7.5105189577177043e-05 1.6237389730619752e-05
272 992 0 6.7415465936440124e-05 1.4722517383940851e-05
280 992 0 6.0284347290118132e-05 1.330438346003403e-05
288 992 0 5.371083452870356e-05 1.1984037126258027e-05
296 992 0 4.7685709605966213e-05 1.0761039939489115e-05
304 992 0 4.2192913350585191e-05 9.6336910650488076e-06
312 992 0 3.7210905571582908e-05 8.5992504297984976e-06
320 992 0 3.2713960038372377e-05 7.6541520674318396e-06
328 992 0 2.8673358570560435e-05 6.7942019129398316e-06
336 992 0 2.5058459759557177e-05 6.0147561925083848e-06
344 992 0 2.1837628165562072e-05 5.3108782404533076e-06
352 992 0 1.89790187731332e-05 4.6774729961016461e-06
360 992 0 1.6451218806191843e-05 4.1093995624436859e-06
368 992 0 1.4223754617103477e-05 3.6015630437326753e-06
376 992 0 1.2267475323644866e-05 3.1489874410068088e-06
384 992 0 1.0554827320528204e-05 2.7468717074969372e-06
392 992 0 9.0600349529707576e-06 2.3906311932352664e-06
400 992 0 7.7592027576785868e-06 2.0759266859310425e-06
408 992 0 6.6303540086719225e-06 1.7986831277474699e-06
416 992 0 5.6534190955946682e-06 1.5550998945752798e-06
424 992 0 4.8101857264305208e-06 1.3416542985169156e-06
432 992 0 4.0842212638588198e-06 1.155099740707799e-06
440 992 0 3.4607758133322951e-06 9.924597179179653e-07
448 992 0 2.9266730801893708e-06 8.5101868346806204e-07
456 992 0 2.470194565809892e-06 7.2831058618324917e-07
464 992 0 2.0809614121381903e-06 6.2210576155058834e-07
472 992 0 1.7498171397271704e-06 5.303967252823414e-07
480 992 0 1.4687136501048392e-06 4.5138331785181315e-07
488 992 0 1.230602161470126e-06 3.8345756535118444e-07
496 992 0 1.0293301946780326e-06 3.2518855336704347e-07
504 992 0 8.5954529964819152e-07 2.7530755311473782e-07
512 992 0 7.1660588714034925e-07 2.326935901522916e-07
520 992 0 5.964992862499306e-07 1.9635960368112718e-07
528 992 0 4.9576696626200805e-07 1.6543930746294004e-07
536 992 0 4.114367283809361e-07 1.3917483098181505e-07
544 992 0 3.4096157721295886e-07 1.1690519124788618e-07
552 992 0 2.8216491528131322e-07 9.8055621358880253e-08
560 992 0 2.3319165996327252e-07 8.212776146634361e-08
568 992 0 1.9246485628244965e-07 6.8690700980289507e-08
576 992 0 1.586473472951735e-07 5.7372847477834441e-08
584 992 0 1.3060806345513136e-07 4.7854587575032203e-08
592 992 0 1.0739250091178937e-07 3.9861697631086307e-08
600 992 0 8.8196974138342653e-08 3.3159457195110628e-08
608 992 0 7.2346248812020845e-08 2.7547415179784211e-08
616 992 0 5.927418493913905e-08 2.2854757469068397e-08
624 992 0 4.8507046509419075e-08 1.8936224687332697e-08
632 992 0 3.9649161378318989e-08 1.5668529869230245e-08
640 992 0 3.2370642724705075e-08 1.2947227518630941e-08
648 992 0 2.6396910626357501e-08 1.068398782544814e-08
656 992 0 2.149977852947331e-08 8.8042324596867642e-09
664 992 0 1.7489894306699979e-08 7.2450912568387751e-09
672 992 0 1.42103489734779e-08 5.9536421497675234e-09
680 992 0 1.1531287834872232e-08 4.8853998113839231e-09
688 992 0 9.3453788078005517e-09 4.0030215857710341e-09
696 992 0 7.5640109016938203e-09 3.2752023490699301e-09
704 992 0 6.1141123749898778e-09 2.675732909333726e-09
712 992 0 4.935492970476775e-09 2.1826993875550352e-09
720 992 0 3.9786279409396708e-09 1.7778036880005728e-09
728 992 0 3.2028133911447828e-09 1.4457876400298861e-09
736 992 0 2.5746328750776014e-09 1.1739456586790304e-09
744 992 0 2.0666842975744577e-09 9.5171281826160339e-10
752 992 0 1.6565240812948104e-09 7.7031706041506581e-10
760 992 0 1.3257923810915977e-09 6.2248587049256785e-10
768 992 0 1.0594889674493083e-09 5.0219916467161125e-10
776 992 0 8.4537436727151122e-10 4.0448134955645154e-10
784 992 0 6.7347504945692905e-10 3.2522656410490096e-10
792 992 0 5.3567497488065987e-10 2.6105200951042923e-10
800 992 0 4.2537878918911538e-10 2.0917503548618616e-10
808 992 0 3.3723440757183859e-10 1.6731029970190593e-10
816 992 0 2.6690479964108288e-10 1.3358386790981984e-10
824 992 0 2.1088049655293982e-10 1.0646159066192271e-10
832 992 0 1.6632576907403707e-10 8.4689491507548709e-11
840 992 0 1.3095261319870145e-10 6.7244242168096411e-11
848 992 0 1.0291766994097145e-10 5.3292091535963835e-11
856 992 0 8.0738031831849974e-11 4.2154864917423582e-11
864 992 0 6.322257820785086e-11 3.3281863846379949e-11
872 992 0 4.9416057334185738e-11 2.6226680051927987e-11
880 992 0 3.8553614418445298e-11 2.0628093926734948e-11
888 992 0 3.0023865990331938e-11 1.6194361622298219e-11
896 992 0 2.3338955665692266e-11 1.2690308702717176e-11
904 992 0 1.8110304593809475e-11 9.9267447516199182e-12
912 992 0 1.4029000837320356e-11 7.7517947756039682e-12
920 992 0 1.0849963120342411e-11 6.0438117577011687e-12
928 992 0 8.3791722418235586e-12 4.7055921396342386e-12
936 992 0 6.463393480051678e-12 3.6596640020963253e-12
944 992 0 4.9819201935601359e-12 2.8444577269908853e-12
952 992 0 3.8399565361706345e-12 2.2112022431174354e-12
960 992 0 2.9633291234397422e-12 1.7214176866489067e-12
968 992 0 2.2942764583964286e-12 1.3448984033421222e-12
976 992 0 1.7881133319845382e-12 1.0580994931277227e-12
984 992 0 1.4106072512122673e-12 8.4285623729428785e-13
992 992 0 1.1359368766527027e-12 6.8537933414539859e-13
1000 992 0 9.4512985488749252e-13 5.7548039042715299e-13
1008 992 0 8.2490046845516203e-13 5.0599198820569551e-13
1016 992 0 7.6682717192071269e-13 4.7235522577901369e-13
0 1000 0 0.00022891914298692591 3.6529615169115018e-05
8 1000 0 0.0002290719746430592 3.6561786598881684e-05
16 1000 0 0.00022935581361175386 3.6622600074850151e-05
24 1000 0 0.00022972807782079989 3.670516576952885e-05
32 1000 0 0.00023012750388682094 3.6799562289932129e-05
40 1000 0 0.00023047712315455113 3.6893308043908958e-05
48 1000 0 0.00023068798046389048 3.6971950257207105e-05
56 1000 0 0.00023066340145443272 3.7019740921961756e-05
64 1000 0 0.00023030358846744576 3.7020364917241005e-05
72 1000 0 0.00022951031226214622 3.6957683557902696e-05
80 1000 0 0.00022819146733544507 3.6816456975744579e-05
88 1000 0 0.00022626527226010234 3.6583010952947288e-05
96 1000 0 0.00022366392194458017 3.6245817915614106e-05
104 1000 0 0.0002203365341500236 3.5795967442277146e-05
112 1000 0 0.00021625127547970991 3.5227508444920179e-05
120 1000 0 0.00021139659949928315 3.4537652674619765e-05
128 1000 0 0.00020578157859009927 3.3726836900862476e-05
136 1000 0 0.00019943535856105357 3.2798648533022214e-05
144 1000 0 0.0001924058081709643 3.1759626157268226e-05
152 1000 0 0.000184757472195367 3.0618952086608388e-05
160 1000 0 0.00017656896472730037 2.938805829361219e-05
168 1000 0 0.00016792995790942261 2.8080169849619899e-05
176 1000 0 0.00015893792982972041 2.6709811178170429e-05
184 1000 0 0.00014969483413086935 2.5292300099484245e-05
192 1000 0 0.00014030384385398115 2.3843252948992978e-05
200 1000 0 0.00013086630453722976 2.2378121225752643e-05
208 1000 0 0.00012147900836291945 2.0911776550463341e-05
216 1000 0 0.00011223187415008373 1.9458156501207083e-05
224 1000 0 0.00010320608923547993 1.8029979465041096e-05
232 1000 0 9.4472740692393066e-05 1.6638532292487782e-05
240 1000 0 8.6091936602345823e-05 1.5293530527569498e-05
248 1000 0 7.8112394600911679e-05 1.4003047512310947e-05
256 1000 0 7.057145566723673e-05 1.2773505873066724e-05
264 1000 0 6.3495466714084305e-05 1.1609722863092738e-05
272 1000 0 5.6900466160682206e-05 1.0514999775757917e-05
280 1000 0 5.0793102174814236e-05 9.4912451153038961e-06
288 1000 0 4.5171713195753707e-05 8.5391213329498526e-06
296 1000 0 4.002750401566765e-05 7.658205590298563e-06
304 1000 0 3.5345757283693342e-05 6.8471560668918494e-06
312 1000 0 3.1107028924407783e-05 6.1038766471751256e-06
320 1000 0 2.7288285765009705e-05 5.4256742733626721e-06
328 1000 0 2.3863953851307023e-05 4.8094047192534119e-06
336 1000 0 2.0806855827907444e-05 4.2516039316497328e-06
344 1000 0 1.8089024834834187e-05 3.7486033307278851e-06
352 1000 0 1.5682390259711256e-05 3.2966285134219447e-06
360 1000 0 1.3559337163424538e-05 2.8918816427673046e-06
368 1000 0 1.1693146187789648e-05 2.530608429313829e-06
376 1000 0 1.0058324291668554e-05 2.2091510319763121e-06
384 1000 0 8.6308388706663178e-06 1.9239884498618861e-06
392 1000 0 7.3882688780108937e-06 1.6717660749598639e-06
400 1000 0 6.3098866959627504e-06 1.4493160617158364e-06
408 1000 0 5.3766839325655464e-06 1.2536700761063762e-06
416 1000 0 4.5713532524068801e-06 1.0820658431877881e-06
424 1000 0 3.8782369837634227e-06 9.3194874266709808e-07
432 1000 0 3.2832517380931309e-06 8.0096952576568891e-07
440 1000 0 2.7737967563821018e-06 6.8697905695019329e-07
448 1000 0 2.3386522507410331e-06 5.880208294483377e-07
456 1000 0 1.9678726976400251e-06 5.0232186816986691e-07
464 1000 0 1.6526788932551253e-06 4.2828251888306498e-07
472 1000 0 1.385351612470697e-06 3.6446552725647338e-07
480 1000 0 1.1591289167229635e-06 3.0958473338187566e-07
488 1000 0 9.6810851766543223e-07 2.6249364380469374e-07
496 1000 0 8.0715610365285825e-07 2.2217409102517435e-07
504 1000 0 6.7182015231922524e-07 1.8772514732896629e-07
512 1000 0 5.5825346356740903e-07 1.5835242357294022e-07
520 1000 0 4.6314143361510915e-07 1.3335785263482146e-07
528 1000 0 3.8363693569881289e-07 1.1213003056319516e-07
536 1000 0 3.1730156302183441e-07 9.4135165359101688e-08
544 1000 0 2.6205291383175896e-07 7.8908663381199903e-08
552 1000 0 2.1611754892088991e-07 6.6047366360423305e-08
560 1000 0 1.7798922218185504e-07 5.5202437781417478e-08
568 1000 0 1.4639197048934523e-07 4.6072885793104422e-08
576 1000 0 1.2024764661550231e-07 3.8399700679671198e-08
584 1000 0 9.864748540990154e-08 3.1960578045229821e-08
592 1000 0 8.0827306921365208e-08 2.6565193990424162e-08
600 1000 0 6.6145978726975373e-08 2.205099541136728e-08
608 1000 0 5.4066781966413721e-08 1.8279466845607124e-08
616 1000 0 4.4141350189136915e-08 1.5132834750002134e-08
624 1000 0 3.5995876041908881e-08 1.2511170467510194e-08
632 1000 0 2.9319307176676529e-08 1.032985420164246e-08
640 1000 0 2.3853278842562467e-08 8.5173638821426078e-09
648 1000 0 1.9383555904089378e-08 7.0133547222681225e-09
656 1000 0 1.5732781111524334e-08 5.766997417948976e-09
664 1000 0 1.2754349076584654e-08 4.7355452301153242e-09
672 1000 0 1.0327246420634667e-08 3.8831025528432327e-09
680 1000 0 8.3517178881607495e-09 3.1795699467114827e-09
688 1000 0 6.7456358424470521e-09 2.5997429653534996e-09
696 1000 0 5.4414665133829911e-09 2.1225443883108293e-09
704 1000 0 4.383740709110582e-09 1.7303716658792959e-09
712 1000 0 3.5269495126202532e-09 1.4085434578565218e-09
720 1000 0 2.8337968519074422e-09 1.1448310890322286e-09
728 1000 0 2.2737508552096143e-09 9.2906253593516854e-10
736 1000 0 1.8218446822497238e-09 7.5278819282787765e-10
744 1000 0 1.4576851612648854e-09 6.0899913630957233e-10
752 1000 0 1.1646341632895127e-09 4.9188991800529769e-10
760 1000 0 9.291333122923544e-10 3.9665906879924327e-10
768 1000 0 7.4014746290018191e-10 3.1934150454912643e-10
776 1000 0 5.8870647379453547e-10 2.5666789347697576e-10
784 1000 0 4.6752825699700034e-10 2.0594679245992871e-10
792 1000 0 3.707089778335521e-10 1.6496599704710776e-10
800 1000 0 2.9346869715296455e-10 1.3191009203615083e-10
808 1000 0 2.3194275848852414e-10 1.0529164908331445e-10
816 1000 0 1.8301089237336091e-10 8.3893907267721962e-11
824 1000 0 1.4415739392325059e-10 6.6723102629689222e-11
832 1000 0 1.1335687621523447e-10 5.2968892858802609e-11
840 1000 0 8.8981051706238721e-11 4.1971561492462728e-11
848 1000 0 6.972278109604455e-11 3.3194888844926902e-11
856 1000 0 5.4534281935709392e-11 2.6203749896140583e-11
864 1000 0 4.2576931189236709e-11 2.0645647018614151e-11
872 1000 0 3.3180545936947221e-11 1.6235511397238516e-11
880 1000 0 2.5810400063213101e-11 1.2743214355232197e-11
888 1000 0 2.0040544888645334e-11 9.9833211016866036e-12
896 1000 0 1.5532258819745227e-11 7.8066968459470392e-12
904 1000 0 1.2016663923153565e-11 6.0936406706559098e-12
912 1000 0 9.2807231636272835e-12 4.7482776736930723e-12
920 1000 0 7.1559769797647375e-12 3.693986140577674e-12
928 1000 0 5.5094970550837093e-12 2.8696751867398493e-12
936 1000 0 4.2366329232423361e-12 2.2267605568093419e-12
944 1000 0 3.2552071024636865e-12 1.7267130910964494e-12
952 1000 0 2.5008798909741465e-12 1.3390766451964879e-12
960 1000 0 1.9234583871751949e-12 1.0398707362645473e-12
968 1000 0 1.4839679183984836e-12 8.1030853999794507e-13
976 1000 0 1.152339702371034e-12 6.3577362961350424e-13
984 1000 0 9.0559775075205289e-13 5.0500950046021443e-13
992 1000 0 7.2645202065757982e-13 4.0948485599512292e-13
1000 1000 0 6.0222467970841757e-13 3.4290517517907495e-13
1008 1000 0 5.240529491751367e-13 3.0084751928002532e-13
1016 1000 0 4.863260640313217e-13 2.8050110788939099e-13
0 1008 0 0.00020516095980312906 2.3758183183796852e-05
8 1008 0 0.00020529324781391818 2.3778726829141024e-05
16 1008 0 0.00020553829379126785 2.3817519820486005e-05
24 1008 0 0.00020585799425641753 2.3870083564382356e-05
32 1008 0 0.00020619753456424858 2.3929969322572357e-05
40 1008 0 0.00020648805801313304 2.3989065141418088e-05
48 1008 0 0.0002066500010768546 2.4037979387035881e-05
56 1008 0 0.00020659692057432247 2.4066480880110251e-05
64 1008 0 0.00020623961547577702 2.4063972991668738e-05
72 1008 0 0.00020549033449557925 2.4019977766566973e-05
80 1008 0 0.00020426686110048078 2.3924606234964284e-05
88 1008 0 0.00020249627974760519 2.376899251249715e-05
96 1008 0 0.00020011824999500823 2.3545671949571945e-05
104 1008 0 0.00019708764688393442 2.3248887266089178e-05
112 1008 0 0.00019337646444215204 2.2874811037557871e-05
120 1008 0 0.00018897492171903444 2.2421677780248709e-05
128 1008 0 0.00018389175469185661 2.188982389824266e-05
136 1008 0 0.00017815371996960242 2.128163859145115e-05
144 1008 0 0.00017180437497484437 2.0601433196119928e-05
152 1008 0 0.00016490223209587729 1.9855240099489707e-05
160 1008 0 0.00015751840956691781 1.9050555160382565e-05
168 1008 0 0.00014973391853997638 1.8196039369446234e-05
176 1008 0 0.00014163673356817517 1.730119626154524e-05
184 1008 0 0.00013331879274710247 1.6376041383766877e-05
192 1008 0 0.00012487306483002899 1.5430779023952151e-05
200 1008 0 0.00011639080497165078 1.4475499565578981e-05
208 1008 0 0.00010795909992289108 1.3519908440028379e-05
216 1008 0 9.9658779249296777e-05 1.2573094900786953e-05
224 1008 0 9.1562743282871858e-05 1.164334595260807e-05
232 1008 0 8.3734732766374944e-05 1.0738007926018123e-05
240 1008 0 7.6228541040033483e-05 9.8633955623123401e-06
248 1008 0 6.9087648401032787e-05 9.0247461998788921e-06
256 1008 0 6.2345240844881121e-05 8.2262148223556089e-06
264 1008 0 5.6024562320687543e-05 7.4709043933967622e-06
272 1008 0 5.0139541088824424e-05 6.7609250718577826e-06
280 1008 0 4.4695626625431439e-05 6.0974755493827968e-06
288 1008 0 3.9690773370326019e-05 5.4809398254276884e-06
296 1008 0 3.5116510857661512e-05 4.9109931580061376e-06
304 1008 0 3.0959045668030995e-05 4.3867116156623469e-06
312 1008 0 2.7200348406570413e-05 3.9066805178373697e-06
320 1008 0 2.3819187763588372e-05 3.469098001421333e-06
328 1008 0 2.0792082936171589e-05 3.0718709151354345e-06
336 1008 0 1.809415466947282e-05 2.7127011584346241e-06
344 1008 0 1.5699863433199972e-05 2.394291236272848e-06
352 1008 0 1.3583630440787798e-05 2.1162329924121743e-06
360 1008 0 1.1720343142412999e-05 1.8632872983747984e-06
368 1008 0 1.008575140015192e-05 1.6345917422610787e-06
376 1008 0 8.6567638109602928e-06 1.4289875891916276e-06
384 1008 0 7.4116556883093956e-06 1.2451081226508971e-06
392 1008 0 6.3302012089491056e-06 1.08145447936029e-06
400 1008 0 5.3937423709099733e-06 9.3645883803913232e-07
408 1008 0 4.5852068955008471e-06 8.0853547540912624e-07
416 1008 0 3.8890862350324938e-06 6.9612066046835329e-07
424 1008 0 3.2913835945319561e-06 5.9770264050053766e-07
432 1008 0 2.7795404871950597e-06 5.1184310733689645e-07
440 1008 0 2.3423489357803242e-06 4.3719155141473547e-07
448 1008 0 1.9698550901876461e-06 3.7249384559267811e-07
456 1008 0 1.6532588108235041e-06 3.1659627936414202e-07
464 1008 0 1.3848126990955998e-06 2.6844611172790425e-07
472 1008 0 1.1577231519492914e-06 2.2762846052140559e-07
480 1008 0 9.6605527377981179e-07 1.930736429431517e-07
488 1008 0 8.0464288376260982e-07 1.6346563390282241e-07
496 1008 0 6.690043916134379e-07 1.3815171203942035e-07
504 1008 0 5.5526495979345594e-07 1.1655519252576929e-07
512 1008 0 4.6008510514206481e-07 9.8168358425344223e-08
520 1008 0 3.8059569946102587e-07 8.2545734154083278e-08
528 1008 0 3.1433919080030301e-07 6.929774489850988e-08
536 1008 0 2.5921677200930037e-07 5.8084791012534039e-08
544 1008 0 2.1344116011568102e-07 4.8611753716077937e-08
552 1008 0 1.7549461126091827e-07 4.0622937659971639e-08
560 1008 0 1.4409177520600582e-07 3.3897446975849221e-08
568 1008 0 1.1814698630195787e-07 2.8244984187387359e-08
576 1008 0 9.6745590914242133e-08 2.3502055701260174e-08
584 1008 0 7.9118922027605085e-08 1.9528563382296454e-08
592 1008 0 6.4622548136211339e-08 1.6204758785153869e-08
600 1008 0 5.2717443940539257e-08 1.3428534786436115e-08
608 1008 0 4.2953753513119695e-08 1.1113028453294027e-08
616 1008 0 3.4956841370203279e-08 9.1845088189336363e-09
624 1008 0 2.8415352394173406e-08 7.5805236477354753e-09
632 1008 0 2.3071027058335209e-08 6.2482801183413196e-09
640 1008 0 1.8710043332285404e-08 5.1432355102770631e-09
648 1008 0 1.5155680554547164e-08 4.2278753495422141e-09
656 1008 0 1.2262123138331639e-08 3.4706579731926946e-09
664 1008 0 9.9092430243509624e-09 2.8451060522336919e-09
672 1008 0 7.9982192002581898e-09 2.329027220376477e-09
680 1008 0 6.4478703296641965e-09 1.903847558496553e-09
688 1008 0 5.1915925884518393e-09 1.5540432539952128e-09
696 1008 0 4.1748092438692282e-09 1.2666572695137629e-09
704 1008 0 3.3528514094181313e-09 1.0308892996924507e-09
712 1008 0 2.6892008580961254e-09 8.3774865452412778e-10
720 1008 0 2.1540358788257576e-09 6.7976097308168465e-10
728 1008 0 1.723030020423171e-09 5.507208347864433e-10
736 1008 0 1.3763612895165528e-09 4.4548339273317101e-10
744 1008 0 1.0978960576131508e-09 3.5978910365173458e-10
752 1008 0 8.7451768988578718e-10 2.9011647340372551e-10
760 1008 0 6.9557483279860246e-10 2.3355847949375194e-10
768 1008 0 5.5242848393506369e-10 1.8771897896511822e-10
776 1008 0 4.3808050498375642e-10 1.5062596881077904e-10
784 1008 0 3.4686921180504263e-10 1.2065904519195772e-10
792 1008 0 2.7422016155011641e-10 9.6488816283435695e-11
800 1008 0 2.1644232676436655e-10 7.7026370388598003e-11
808 1008 0 1.7056156387614299e-10 6.1381194612381146e-11
816 1008 0 1.3418470468327166e-10 4.8826187690089259e-11
824 1008 0 1.0538877337971091e-10 3.8768620543539686e-11
832 1008 0 8.2630800358760975e-11 3.0726075856473491e-11
840 1008 0 6.4674503103330113e-11 2.4306548602908609e-11
848 1008 0 5.0530763743813557e-11 1.9192017352230993e-11
856 1008 0 3.9409377045435046e-11 1.5124904890274346e-11
864 1008 0 3.0679992013189142e-11 1.1896939176047566e-11
872 1008 0 2.3840541621105443e-11 9.340004315841778e-12
880 1008 0 1.8491761983965971e-11 7.3186380792471299e-12
888 1008 0 1.4316655711707168e-11 5.7238891769381659e-12
896 1008 0 1.1063963334528574e-11 4.4682954852166524e-12
904 1008 0 8.5348790676512353e-12 3.4817848555023296e-12
912 1008 0 6.5723890158491802e-12 2.7083341477781032e-12
920 1008 0 5.0527263754822252e-12 2.1032506042825122e-12
928 1008 0 3.8785336044210813e-12 1.6309634506626279e-12
936 1008 0 2.9733995284569004e-12 1.2632333947854357e-12
944 1008 0 2.277502984965473e-12 9.7770411749821352e-13
952 1008 0 1.7441464289406712e-12 7.5673346203347531e-13
960 1008 0 1.3370050854041907e-12 5.8645330177100427e-13
968 1008 0 1.0279515143587119e-12 4.5601640403977164e-13
976 1008 0 7.9534334823141044e-13 3.5699635413962356e-13
984 1008 0 6.2268470175302343e-13 2.8291304899902946e-13
992 1008 0 4.9759036252167402e-13 2.288616581359058e-13
1000 1008 0 4.1099719329072161e-13 1.9122748641769596e-13
1008 1008 0 3.5657991699058036e-13 1.6747303218455635e-13
1016 1008 0 3.3033920042690676e-13 1.5598686360441494e-13
0 1016 0 0.00019346144970986556 1.1699510093263497e-05
8 1016 0 0.00019358373514494011 1.1709512668978063e-05
16 1016 0 0.00019380990542401875 1.1728388367249107e-05
24 1016 0 0.00019410406176514829 1.175393249126924e-05
32 1016 0 0.0001944145639330557 1.1782970631192882e-05
40 1016 0 0.00019467654809754323 1.1811509915589814e-05
48 1016 0 0.00019481507306420121 1.1834928012653385e-05
56 1016 0 0.00019474873055286472 1.1848190021457756e-05
64 1016 0 0.00019439353338016911 1.1846082095607908e-05
72 1016 0 0.00019366688449262091 1.1823450002958343e-05
80 1016 0 0.00019249143023009884 1.1775430870381937e-05
88 1016 0 0.00019079861267597606 1.1697667071629129e-05
96 1016 0 0.00018853175746863328 1.1586492526374944e-05
104 1016 0 0.00018564856339429501 1.1439083489639407e-05
112 1016 0 0.00018212289634849342 1.1253568093658618e-05
120 1016 0 0.00017794583040861469 1.1029091310419748e-05
128 1016 0 0.00017312592021635491 1.0765834475501702e-05
136 1016 0 0.00016768872907097998 1.0464990898622446e-05
144 1016 0 0.00016167567373188372 1.0128701242960653e-05
152 1016 0 0.00015514227792959962 9.7599541662776723e-06
160 1016 0 0.00014815595047257878 9.3624590943390247e-06
168 1016 0 0.00014079341965229117 8.9404988876852108e-06
176 1016 0 0.00013313796301925957 8.4987705489155936e-06
184 1016 0 0.000125276570730517 8.0422220165854701e-06
192 1016 0 0.00011729717227825079 8.0111306242928646e-06
200 1016 0 0.00010928604165395792 8.0111306242928646e-06
208 1016 0 0.00010132547635076299 7.9605653031949324e-06
216 1016 0 9.3491822711196156e-05 7.8336536395668337e-06
224 1016 0 8.5853895692041172e-05 7.6379270191549833e-06
232 1016 0 7.8471816770675021e-05 7.3820789213661513e-06
240 1016 0 7.1396270905327148e-05 7.0755458653478731e-06
248 1016 0 6.4668163366549643e-05 6.7281075387775051e-06
256 1016 0 5.8318640741691231e-05 6.3495226248584118e-06
264 1016 0 5.2369427998927328e-05 5.949212742763903e-06
272 1016 0 4.6833425366488984e-05 5.536002632438344e-06
280 1016 0 4.1715504814598329e-05 5.1179205518906546e-06
288 1016 0 3.7013445745445396e-05 4.7020590691529334e-06
296 1016 0 3.271895253155709e-05 4.2944932138883063e-06
304 1016 0 2.8818702103527915e-05 3.9002504280291743e-06
312 1016 0 2.5295377128372365e-05 3.5233249751555503e-06
320 1016 0 2.2128648701584913e-05 3.1667284267874519e-06
328 1016 0 1.9296081220663953e-05 2.8325674809209607e-06
336 1016 0 1.6773940634518152e-05 2.5221405861458002e-06
344 1016 0 1.4537895113033194e-05 2.2360455214849583e-06
352 1016 0 1.2563604027721026e-05 1.9742910853121685e-06
360 1016 0 1.0827196781856196e-05 1.7364072458648299e-06
368 1016 0 9.3056473995582989e-06 1.5215493822978968e-06
376 1016 0 7.977053900540869e-06 1.3285934990174299e-06
384 1016 0 6.8208334504420199e-06 1.1562204500988491e-06
392 1016 0 5.8178452385046652e-06 1.0029882119373547e-06
400 1016 0 4.9504531775628087e-06 8.6739206094185653e-07
408 1016 0 4.2025400381843539e-06 7.4791313937845473e-07
416 1016 0 3.5594837051401052e-06 6.4305633304424871e-07
424 1016 0 3.008105047253837e-06 5.5137865788626826e-07
432 1016 0 2.5365955622032178e-06 4.7150948505061917e-07
440 1016 0 2.1344316074578249e-06 4.0216395474539285e-07
448 1016 0 1.7922807389452043e-06 3.4215086851262069e-07
456 1016 0 1.5019045044029281e-06 2.9037623454227619e-07
464 1016 0 1.2560610092676639e-06 2.4584349513526413e-07
472 1016 0 1.0484097010570688e-06 2.0765130821059517e-07
480 1016 0 8.7342010123579898e-07 1.7498959982126979e-07
488 1016 0 7.2628563986934521e-07 1.4713446136645377e-07
496 1016 0 6.0284330088307803e-07 1.2344233898626717e-07
504 1016 0 4.9949944510259299e-07 1.0334385578048504e-07
512 1016 0 4.131619251102276e-07 8.6337519992365395e-08
520 1016 0 3.4117842247951084e-07 7.1983502630716758e-08
528 1016 0 2.8128080865635859e-07 5.9897613823152253e-08
536 1016 0 2.3153524281021901e-07 4.9745565846139577e-08
544 1016 0 1.9029766314743961e-07 4.1237579662779402e-08
552 1016 0 1.5617429455092681e-07 3.4123368596512794e-08
560 1016 0 1.2798677900441525e-07 2.8187515546511562e-08
568 1016 0 1.0474153161503968e-07 2.324524738937557e-08
576 1016 0 8.5602930842068024e-08 1.9138600772971657e-08
584 1016 0 6.9869964272208667e-08 1.5732966569859357e-08
592 1016 0 5.6955969031206683e-08 1.2913995241001984e-08
600 1016 0 4.6371127171505196e-08 1.0584841859701487e-08
608 1016 0 3.7707399902291993e-08 8.6637272692132026e-09
616 1016 0 3.062560932876362e-08 7.0817905735283737e-09
624 1016 0 2.4844401620939468e-08 5.7812077078241515e-09
632 1016 0 2.0130850576276267e-08 4.7135510446632011e-09
640 1016 0 1.6292484855404369e-08 3.8383657208718978e-09
648 1016 0 1.3170545367524505e-08 3.1219394878798638e-09
656 1016 0 1.0634301088653528e-08 2.536244278870977e-09
664 1016 0 8.576271839776132e-09 2.0580292488773963e-09
672 1016 0 6.9082251441718983e-09 1.6680466956042336e-09
680 1016 0 5.5578312008054059e-09 1.3503939433664924e-09
688 1016 0 4.4658752802321958e-09 1.0919559205732102e-09
696 1016 0 3.5839405324977852e-09 8.8193474773441055e-10
704 1016 0 2.8724863774867944e-09 7.1145415501099081e-10
712 1016 0 2.2992584253151493e-09 5.732279521716451e-10
720 1016 0 1.8379753528079951e-09 4.6128307250715415e-10
728 1016 0 1.4672464493764781e-09 3.7072890343151708e-10
736 1016 0 1.1696807485804574e-09 2.9756570079602063e-10
744 1016 0 9.3115488475759222e-10 2.3852586382286521e-10
752 1016 0 7.4021215811358481e-10 1.9094272664400741e-10
760 1016 0 5.8756985301542305e-10 1.5264230509816176e-10
768 1016 0 4.657157243194052e-10 1.2185412869601784e-10
776 1016 0 3.6857783125820182e-10 9.7137893061203383e-11
784 1016 0 2.9125463750551681e-10 7.732319375268501e-11
792 1016 0 2.2979458282609252e-10 6.1460054679424292e-11
800 1016 0 1.8101623265280006e-10 4.8778350173292454e-11
808 1016 0 1.4236168643433586e-10 3.8654546218464207e-11
816 1016 0 1.1177722605946472e-10 3.0584460374871134e-11
824 1016 0 8.7616257634499934e-11 2.416096842496479e-11
832 1016 0 6.8560482430239333e-11 1.9055775204260601e-11
840 1016 0 5.3555958995873177e-11 1.5004523434366156e-11
848 1016 0 4.1761315945393287e-11 1.179464305047989e-11
856 1016 0 3.2505866707463464e-11 9.255449237929823e-12
864 1016 0 2.5255782474190792e-11 7.2500842332726722e-12
872 1016 0 1.9586813140722075e-11 5.6689693334687174e-12
880 1016 0 1.5162320809240219e-11 4.4244923314818555e-12
888 1016 0 1.1715616731442393e-11 3.4467040777978267e-12
896 1016 0 9.0357788013306265e-12 2.6798379301117662e-12
904 1016 0 6.9562797960893912e-12 2.0794990052412353e-12
912 1016 0 5.3458821975199258e-12 1.6103975985694654e-12
920 1016 0 4.1013583351840987e-12 1.2445238623358271e-12
928 1016 0 3.1416787085388187e-12 9.5967962664528e-13
936 1016 0 2.4033799531226963e-12 7.3829875541612246e-13
944 1016 0 1.8368797613532983e-12 5.6650019176939798e-13
952 1016 0 1.4035514474044398e-12 4.3332831394885851e-13
960 1016 0 1.073407674132626e-12 3.3014377327181372e-13
968 1016 0 8.232727333923526e-13 2.5013494074027344e-13
976 1016 0 6.3534701344647032e-13 1.8792571994588227e-13
984 1016 0 4.960869945189143e-13 1.3926001892755602e-13
992 1016 0 3.9534019134246949e-13 1.0225017117920453e-13
1000 1016 0 3.2568765796569049e-13 8.5309535325031121e-14
1008 1016 0 2.8195760505792108e-13 7.4622311932659276e-14
1016 1016 0 2.6088287085221055e-13 6.9456329574696213e-14
