parallel_id,region_id,region_exec,thread_id,team_size,requested_threads,start_ms,end_ms,elapsed_ms,codeptr,pmu_valid,pmu_llc_references,pmu_llc_misses,pmu_llc_hits,cpu_id,target_mb_percent,resource_applied,resctrl_enabled,region_wall_ms,resctrl_enable_ms,resctrl_disable_ms,resource_kind,target_l3_ways,target_l3_mask,mon_valid,mon_l3_domains,mon_start_llc_occupancy_bytes,mon_end_llc_occupancy_bytes,mon_llc_occupancy_delta_bytes,mon_start_mbm_total_bytes,mon_end_mbm_total_bytes,mon_mbm_total_delta_bytes,mon_start_mbm_local_bytes,mon_end_mbm_local_bytes,mon_mbm_local_delta_bytes,mon_start_mbm_remote_bytes,mon_end_mbm_remote_bytes,mon_mbm_remote_delta_bytes
1,1,1,0,16,16,2475.562966,2480.174082,4.611116,0x404957,1,75749,74882,867,0,100.000000,0,0,8.029917,1.200000,0.800000,mba,0,,0,0,-1,-1,-1,-1,-1,-1,-1,-1,-1,-1,-1,-1
1,1,1,1,16,16,2475.607053,2481.019716,5.412663,0x404957,1,75270,74183,1087,34,100.000000,0,0,8.029917,1.200000,0.800000,mba,0,,0,0,-1,-1,-1,-1,-1,-1,-1,-1,-1,-1,-1,-1
1,1,1,2,16,16,2475.676302,2480.324767,4.648465,0x404957,1,75262,74212,1050,4,100.000000,0,0,8.029917,1.200000,0.800000,mba,0,,0,0,-1,-1,-1,-1,-1,-1,-1,-1,-1,-1,-1,-1
1,1,1,3,16,16,2475.684431,2481.190702,5.506271,0x404957,1,75293,74288,1005,6,100.000000,0,0,8.029917,1.200000,0.800000,mba,0,,0,0,-1,-1,-1,-1,-1,-1,-1,-1,-1,-1,-1,-1
1,1,1,4,16,16,2475.696405,2480.296628,4.600223,0x404957,1,75206,74278,928,8,100.000000,0,0,8.029917,1.200000,0.800000,mba,0,,0,0,-1,-1,-1,-1,-1,-1,-1,-1,-1,-1,-1,-1
1,1,1,5,16,16,2475.696297,2480.508488,4.812191,0x404957,1,75206,74287,919,10,100.000000,0,0,8.029917,1.200000,0.800000,mba,0,,0,0,-1,-1,-1,-1,-1,-1,-1,-1,-1,-1,-1,-1
1,1,1,6,16,16,2475.700285,2481.207165,5.506880,0x404957,1,75301,74262,1039,12,100.000000,0,0,8.029917,1.200000,0.800000,mba,0,,0,0,-1,-1,-1,-1,-1,-1,-1,-1,-1,-1,-1,-1
1,1,1,7,16,16,2475.739717,2483.154368,7.414651,0x404957,1,75243,74148,1095,14,100.000000,0,0,8.029917,1.200000,0.800000,mba,0,,0,0,-1,-1,-1,-1,-1,-1,-1,-1,-1,-1,-1,-1
1,1,1,8,16,16,2475.848803,2480.305593,4.456790,0x404957,1,75337,74364,973,48,100.000000,0,0,8.029917,1.200000,0.800000,mba,0,,0,0,-1,-1,-1,-1,-1,-1,-1,-1,-1,-1,-1,-1
1,1,1,9,16,16,2475.865605,2482.687687,6.822082,0x404957,1,74900,73929,971,50,100.000000,0,0,8.029917,1.200000,0.800000,mba,0,,0,0,-1,-1,-1,-1,-1,-1,-1,-1,-1,-1,-1,-1
1,1,1,10,16,16,2476.034936,2483.177069,7.142133,0x404957,1,75096,74108,988,20,100.000000,0,0,8.029917,1.200000,0.800000,mba,0,,0,0,-1,-1,-1,-1,-1,-1,-1,-1,-1,-1,-1,-1
1,1,1,11,16,16,2476.048125,2481.508106,5.459981,0x404957,1,75228,74287,941,22,100.000000,0,0,8.029917,1.200000,0.800000,mba,0,,0,0,-1,-1,-1,-1,-1,-1,-1,-1,-1,-1,-1,-1
1,1,1,12,16,16,2476.526703,2483.592883,7.066180,0x404957,1,75178,74185,993,56,100.000000,0,0,8.029917,1.200000,0.800000,mba,0,,0,0,-1,-1,-1,-1,-1,-1,-1,-1,-1,-1,-1,-1
1,1,1,13,16,16,2476.297645,2482.761552,6.463907,0x404957,1,75313,74081,1232,58,100.000000,0,0,8.029917,1.200000,0.800000,mba,0,,0,0,-1,-1,-1,-1,-1,-1,-1,-1,-1,-1,-1,-1
1,1,1,14,16,16,2476.384404,2480.877385,4.492981,0x404957,1,75232,74252,980,60,100.000000,0,0,8.029917,1.200000,0.800000,mba,0,,0,0,-1,-1,-1,-1,-1,-1,-1,-1,-1,-1,-1,-1
1,1,1,15,16,16,2476.378379,2482.749451,6.371072,0x404957,1,75265,74268,997,62,100.000000,0,0,8.029917,1.200000,0.800000,mba,0,,0,0,-1,-1,-1,-1,-1,-1,-1,-1,-1,-1,-1,-1
2,2,1,0,16,16,2496.177614,2559.142651,44.219901,0x4051ce,1,6767354,1600764,5166590,0,100.000000,0,0,63.302571,1.200000,0.800000,mba,0,,0,0,-1,-1,-1,-1,-1,-1,-1,-1,-1,-1,-1,-1
2,2,1,1,16,16,2496.173856,2559.124548,46.279579,0x4051ce,1,7742805,2190284,5552521,34,100.000000,0,0,63.302571,1.200000,0.800000,mba,0,,0,0,-1,-1,-1,-1,-1,-1,-1,-1,-1,-1,-1,-1
2,2,1,2,16,16,2496.173142,2559.281517,48.611074,0x4051ce,1,7410343,2972248,4438095,4,100.000000,0,0,63.302571,1.200000,0.800000,mba,0,,0,0,-1,-1,-1,-1,-1,-1,-1,-1,-1,-1,-1,-1
2,2,1,3,16,16,2496.173362,2559.400040,53.143661,0x4051ce,1,7936567,3927288,4009279,6,100.000000,0,0,63.302571,1.200000,0.800000,mba,0,,0,0,-1,-1,-1,-1,-1,-1,-1,-1,-1,-1,-1,-1
2,2,1,4,16,16,2496.173683,2559.429759,59.583458,0x4051ce,1,7824125,5693321,2130804,8,100.000000,0,0,63.302571,1.200000,0.800000,mba,0,,0,0,-1,-1,-1,-1,-1,-1,-1,-1,-1,-1,-1,-1
2,2,1,5,16,16,2496.173859,2559.459313,62.665927,0x4051ce,1,7720946,6847260,873686,10,100.000000,0,0,63.302571,1.200000,0.800000,mba,0,,0,0,-1,-1,-1,-1,-1,-1,-1,-1,-1,-1,-1,-1
2,2,1,6,16,16,2496.173954,2559.447575,62.482030,0x4051ce,1,7735202,6673527,1061675,12,100.000000,0,0,63.302571,1.200000,0.800000,mba,0,,0,0,-1,-1,-1,-1,-1,-1,-1,-1,-1,-1,-1,-1
2,2,1,7,16,16,2496.173915,2559.452612,62.432521,0x4051ce,1,7740504,6668674,1071830,14,100.000000,0,0,63.302571,1.200000,0.800000,mba,0,,0,0,-1,-1,-1,-1,-1,-1,-1,-1,-1,-1,-1,-1
2,2,1,8,16,16,2496.173509,2559.430545,61.583346,0x4051ce,1,7714647,6589151,1125496,48,100.000000,0,0,63.302571,1.200000,0.800000,mba,0,,0,0,-1,-1,-1,-1,-1,-1,-1,-1,-1,-1,-1,-1
2,2,1,9,16,16,2496.173045,2559.440403,62.023943,0x4051ce,1,7699424,6695181,1004243,50,100.000000,0,0,63.302571,1.200000,0.800000,mba,0,,0,0,-1,-1,-1,-1,-1,-1,-1,-1,-1,-1,-1,-1
2,2,1,10,16,16,2496.173178,2559.475447,61.692696,0x4051ce,1,7752373,6626620,1125753,20,100.000000,0,0,63.302571,1.200000,0.800000,mba,0,,0,0,-1,-1,-1,-1,-1,-1,-1,-1,-1,-1,-1,-1
2,2,1,11,16,16,2496.173380,2559.447163,62.855646,0x4051ce,1,7730516,6728294,1002222,22,100.000000,0,0,63.302571,1.200000,0.800000,mba,0,,0,0,-1,-1,-1,-1,-1,-1,-1,-1,-1,-1,-1,-1
2,2,1,12,16,16,2496.173820,2559.425723,61.832657,0x4051ce,1,7749478,6555685,1193793,56,100.000000,0,0,63.302571,1.200000,0.800000,mba,0,,0,0,-1,-1,-1,-1,-1,-1,-1,-1,-1,-1,-1,-1
2,2,1,13,16,16,2496.174178,2559.441240,60.139941,0x4051ce,1,7829953,5667346,2162607,58,100.000000,0,0,63.302571,1.200000,0.800000,mba,0,,0,0,-1,-1,-1,-1,-1,-1,-1,-1,-1,-1,-1,-1
2,2,1,14,16,16,2496.172876,2559.370160,52.566289,0x4051ce,1,7929390,3240213,4689177,60,100.000000,0,0,63.302571,1.200000,0.800000,mba,0,,0,0,-1,-1,-1,-1,-1,-1,-1,-1,-1,-1,-1,-1
2,2,1,15,16,16,2496.173630,2559.011067,45.613185,0x4051ce,1,7689982,1816244,5873738,62,100.000000,0,0,63.302571,1.200000,0.800000,mba,0,,0,0,-1,-1,-1,-1,-1,-1,-1,-1,-1,-1,-1,-1
3,3,1,0,16,16,2559.560019,2559.658273,0.098254,0x405218,1,6586,2593,3993,0,100.000000,0,0,0.146311,1.200000,0.800000,mba,0,,0,0,-1,-1,-1,-1,-1,-1,-1,-1,-1,-1,-1,-1
3,3,1,1,16,16,2559.559526,2559.667188,0.107662,0x405218,1,6195,2446,3749,34,100.000000,0,0,0.146311,1.200000,0.800000,mba,0,,0,0,-1,-1,-1,-1,-1,-1,-1,-1,-1,-1,-1,-1
3,3,1,2,16,16,2559.560555,2559.667108,0.106553,0x405218,1,6277,2225,4052,4,100.000000,0,0,0.146311,1.200000,0.800000,mba,0,,0,0,-1,-1,-1,-1,-1,-1,-1,-1,-1,-1,-1,-1
3,3,1,3,16,16,2559.560365,2559.683005,0.122640,0x405218,1,5922,3039,2883,6,100.000000,0,0,0.146311,1.200000,0.800000,mba,0,,0,0,-1,-1,-1,-1,-1,-1,-1,-1,-1,-1,-1,-1
3,3,1,4,16,16,2559.560564,2559.699518,0.138954,0x405218,1,5985,3955,2030,8,100.000000,0,0,0.146311,1.200000,0.800000,mba,0,,0,0,-1,-1,-1,-1,-1,-1,-1,-1,-1,-1,-1,-1
3,3,1,5,16,16,2559.559773,2559.701160,0.141387,0x405218,1,5555,4236,1319,10,100.000000,0,0,0.146311,1.200000,0.800000,mba,0,,0,0,-1,-1,-1,-1,-1,-1,-1,-1,-1,-1,-1,-1
3,3,1,6,16,16,2559.559006,2559.705184,0.146178,0x405218,1,5444,4374,1070,12,100.000000,0,0,0.146311,1.200000,0.800000,mba,0,,0,0,-1,-1,-1,-1,-1,-1,-1,-1,-1,-1,-1,-1
3,3,1,7,16,16,2559.560225,2559.702055,0.141830,0x405218,1,5657,4452,1205,14,100.000000,0,0,0.146311,1.200000,0.800000,mba,0,,0,0,-1,-1,-1,-1,-1,-1,-1,-1,-1,-1,-1,-1
3,3,1,8,16,16,2559.559916,2559.702158,0.142242,0x405218,1,5388,4323,1065,48,100.000000,0,0,0.146311,1.200000,0.800000,mba,0,,0,0,-1,-1,-1,-1,-1,-1,-1,-1,-1,-1,-1,-1
3,3,1,9,16,16,2559.558873,2559.691749,0.132876,0x405218,1,5440,4174,1266,50,100.000000,0,0,0.146311,1.200000,0.800000,mba,0,,0,0,-1,-1,-1,-1,-1,-1,-1,-1,-1,-1,-1,-1
3,3,1,10,16,16,2559.559140,2559.698208,0.139068,0x405218,1,5605,4241,1364,20,100.000000,0,0,0.146311,1.200000,0.800000,mba,0,,0,0,-1,-1,-1,-1,-1,-1,-1,-1,-1,-1,-1,-1
3,3,1,11,16,16,2559.559790,2559.703492,0.143702,0x405218,1,5536,4372,1164,22,100.000000,0,0,0.146311,1.200000,0.800000,mba,0,,0,0,-1,-1,-1,-1,-1,-1,-1,-1,-1,-1,-1,-1
3,3,1,12,16,16,2559.559542,2559.696469,0.136927,0x405218,1,5487,4259,1228,56,100.000000,0,0,0.146311,1.200000,0.800000,mba,0,,0,0,-1,-1,-1,-1,-1,-1,-1,-1,-1,-1,-1,-1
3,3,1,13,16,16,2559.560427,2559.695697,0.135270,0x405218,1,6273,3552,2721,58,100.000000,0,0,0.146311,1.200000,0.800000,mba,0,,0,0,-1,-1,-1,-1,-1,-1,-1,-1,-1,-1,-1,-1
3,3,1,14,16,16,2559.559625,2559.664976,0.105351,0x405218,1,5384,1946,3438,60,100.000000,0,0,0.146311,1.200000,0.800000,mba,0,,0,0,-1,-1,-1,-1,-1,-1,-1,-1,-1,-1,-1,-1
3,3,1,15,16,16,2559.559886,2559.656532,0.096646,0x405218,1,5432,1927,3505,62,100.000000,0,0,0.146311,1.200000,0.800000,mba,0,,0,0,-1,-1,-1,-1,-1,-1,-1,-1,-1,-1,-1,-1
4,4,1,0,16,16,2559.901731,2559.929184,0.027453,0x4052e4,1,1770,886,884,0,100.000000,0,0,0.028867,1.200000,0.800000,mba,0,,0,0,-1,-1,-1,-1,-1,-1,-1,-1,-1,-1,-1,-1
4,4,1,1,16,16,2559.901722,2559.922917,0.021195,0x4052e4,1,248,168,80,34,100.000000,0,0,0.028867,1.200000,0.800000,mba,0,,0,0,-1,-1,-1,-1,-1,-1,-1,-1,-1,-1,-1,-1
4,4,1,2,16,16,2559.902271,2559.923364,0.021093,0x4052e4,1,207,139,68,4,100.000000,0,0,0.028867,1.200000,0.800000,mba,0,,0,0,-1,-1,-1,-1,-1,-1,-1,-1,-1,-1,-1,-1
4,4,1,3,16,16,2559.900317,2559.920513,0.020196,0x4052e4,1,154,120,34,6,100.000000,0,0,0.028867,1.200000,0.800000,mba,0,,0,0,-1,-1,-1,-1,-1,-1,-1,-1,-1,-1,-1,-1
4,4,1,4,16,16,2559.901743,2559.922636,0.020893,0x4052e4,1,144,94,50,8,100.000000,0,0,0.028867,1.200000,0.800000,mba,0,,0,0,-1,-1,-1,-1,-1,-1,-1,-1,-1,-1,-1,-1
4,4,1,5,16,16,2559.901884,2559.922990,0.021106,0x4052e4,1,119,75,44,10,100.000000,0,0,0.028867,1.200000,0.800000,mba,0,,0,0,-1,-1,-1,-1,-1,-1,-1,-1,-1,-1,-1,-1
4,4,1,6,16,16,2559.901554,2559.922338,0.020784,0x4052e4,1,153,94,59,12,100.000000,0,0,0.028867,1.200000,0.800000,mba,0,,0,0,-1,-1,-1,-1,-1,-1,-1,-1,-1,-1,-1,-1
4,4,1,7,16,16,2559.900866,2559.921593,0.020727,0x4052e4,1,177,115,62,14,100.000000,0,0,0.028867,1.200000,0.800000,mba,0,,0,0,-1,-1,-1,-1,-1,-1,-1,-1,-1,-1,-1,-1
4,4,1,8,16,16,2559.901053,2559.921654,0.020601,0x4052e4,1,166,125,41,48,100.000000,0,0,0.028867,1.200000,0.800000,mba,0,,0,0,-1,-1,-1,-1,-1,-1,-1,-1,-1,-1,-1,-1
4,4,1,9,16,16,2559.901609,2559.922056,0.020447,0x4052e4,1,138,83,55,50,100.000000,0,0,0.028867,1.200000,0.800000,mba,0,,0,0,-1,-1,-1,-1,-1,-1,-1,-1,-1,-1,-1,-1
4,4,1,10,16,16,2559.901640,2559.922258,0.020618,0x4052e4,1,167,111,56,20,100.000000,0,0,0.028867,1.200000,0.800000,mba,0,,0,0,-1,-1,-1,-1,-1,-1,-1,-1,-1,-1,-1,-1
4,4,1,11,16,16,2559.901548,2559.922003,0.020455,0x4052e4,1,136,85,51,22,100.000000,0,0,0.028867,1.200000,0.800000,mba,0,,0,0,-1,-1,-1,-1,-1,-1,-1,-1,-1,-1,-1,-1
4,4,1,12,16,16,2559.900645,2559.920849,0.020204,0x4052e4,1,113,86,27,56,100.000000,0,0,0.028867,1.200000,0.800000,mba,0,,0,0,-1,-1,-1,-1,-1,-1,-1,-1,-1,-1,-1,-1
4,4,1,13,16,16,2559.901673,2559.922717,0.021044,0x4052e4,1,131,84,47,58,100.000000,0,0,0.028867,1.200000,0.800000,mba,0,,0,0,-1,-1,-1,-1,-1,-1,-1,-1,-1,-1,-1,-1
4,4,1,14,16,16,2559.901441,2559.922633,0.021192,0x4052e4,1,124,84,40,60,100.000000,0,0,0.028867,1.200000,0.800000,mba,0,,0,0,-1,-1,-1,-1,-1,-1,-1,-1,-1,-1,-1,-1
4,4,1,15,16,16,2559.901965,2559.923055,0.021090,0x4052e4,1,135,85,50,62,100.000000,0,0,0.028867,1.200000,0.800000,mba,0,,0,0,-1,-1,-1,-1,-1,-1,-1,-1,-1,-1,-1,-1
5,5,1,0,16,16,2560.586414,2560.606839,0.020425,0x40533c,1,26,1,25,0,100.000000,0,0,0.031399,1.200000,0.800000,mba,0,,0,0,-1,-1,-1,-1,-1,-1,-1,-1,-1,-1,-1,-1
5,5,1,1,16,16,2560.588515,2560.614992,0.026477,0x40533c,1,1358,44,1314,34,100.000000,0,0,0.031399,1.200000,0.800000,mba,0,,0,0,-1,-1,-1,-1,-1,-1,-1,-1,-1,-1,-1,-1
5,5,1,2,16,16,2560.586637,2560.607023,0.020386,0x40533c,1,58,10,48,4,100.000000,0,0,0.031399,1.200000,0.800000,mba,0,,0,0,-1,-1,-1,-1,-1,-1,-1,-1,-1,-1,-1,-1
5,5,1,3,16,16,2560.592918,2560.617221,0.024303,0x40533c,1,1622,176,1446,6,100.000000,0,0,0.031399,1.200000,0.800000,mba,0,,0,0,-1,-1,-1,-1,-1,-1,-1,-1,-1,-1,-1,-1
5,5,1,4,16,16,2560.593014,2560.616685,0.023671,0x40533c,1,1630,165,1465,8,100.000000,0,0,0.031399,1.200000,0.800000,mba,0,,0,0,-1,-1,-1,-1,-1,-1,-1,-1,-1,-1,-1,-1
5,5,1,5,16,16,2560.586980,2560.607661,0.020681,0x40533c,1,68,31,37,10,100.000000,0,0,0.031399,1.200000,0.800000,mba,0,,0,0,-1,-1,-1,-1,-1,-1,-1,-1,-1,-1,-1,-1
5,5,1,6,16,16,2560.593020,2560.617228,0.024208,0x40533c,1,1651,173,1478,12,100.000000,0,0,0.031399,1.200000,0.800000,mba,0,,0,0,-1,-1,-1,-1,-1,-1,-1,-1,-1,-1,-1,-1
5,5,1,7,16,16,2560.586662,2560.607099,0.020437,0x40533c,1,66,23,43,14,100.000000,0,0,0.031399,1.200000,0.800000,mba,0,,0,0,-1,-1,-1,-1,-1,-1,-1,-1,-1,-1,-1,-1
5,5,1,8,16,16,2560.592737,2560.616398,0.023661,0x40533c,1,1591,184,1407,48,100.000000,0,0,0.031399,1.200000,0.800000,mba,0,,0,0,-1,-1,-1,-1,-1,-1,-1,-1,-1,-1,-1,-1
5,5,1,9,16,16,2560.592908,2560.616537,0.023629,0x40533c,1,1637,190,1447,50,100.000000,0,0,0.031399,1.200000,0.800000,mba,0,,0,0,-1,-1,-1,-1,-1,-1,-1,-1,-1,-1,-1,-1
5,5,1,10,16,16,2560.588526,2560.610669,0.022143,0x40533c,1,1579,230,1349,20,100.000000,0,0,0.031399,1.200000,0.800000,mba,0,,0,0,-1,-1,-1,-1,-1,-1,-1,-1,-1,-1,-1,-1
5,5,1,11,16,16,2560.592808,2560.616200,0.023392,0x40533c,1,1608,230,1378,22,100.000000,0,0,0.031399,1.200000,0.800000,mba,0,,0,0,-1,-1,-1,-1,-1,-1,-1,-1,-1,-1,-1,-1
5,5,1,12,16,16,2560.585829,2560.606211,0.020382,0x40533c,1,67,21,46,56,100.000000,0,0,0.031399,1.200000,0.800000,mba,0,,0,0,-1,-1,-1,-1,-1,-1,-1,-1,-1,-1,-1,-1
5,5,1,13,16,16,2560.592892,2560.617023,0.024131,0x40533c,1,1635,186,1449,58,100.000000,0,0,0.031399,1.200000,0.800000,mba,0,,0,0,-1,-1,-1,-1,-1,-1,-1,-1,-1,-1,-1,-1
5,5,1,14,16,16,2560.588467,2560.616155,0.027688,0x40533c,1,1359,49,1310,60,100.000000,0,0,0.031399,1.200000,0.800000,mba,0,,0,0,-1,-1,-1,-1,-1,-1,-1,-1,-1,-1,-1,-1
5,5,1,15,16,16,2560.592856,2560.616663,0.023807,0x40533c,1,1599,168,1431,62,100.000000,0,0,0.031399,1.200000,0.800000,mba,0,,0,0,-1,-1,-1,-1,-1,-1,-1,-1,-1,-1,-1,-1
398,2,100,0,16,16,18814.018165,18991.587710,77.142610,0x4051ce,1,6829717,3675282,3154435,32,40.000000,1,1,181.088804,1.200000,0.800000,mba,0,,1,1,2342912,17031168,185720832,11083776,2319663104,1916682240,11173888,2319753216,1919475712,-1,-1,-1
398,2,100,1,16,16,18812.607570,18991.846210,89.858841,0x4051ce,1,7611375,4413579,3197796,34,40.000000,1,1,181.088804,1.200000,0.800000,mba,0,,1,1,0,16490496,201310208,0,2324258816,2158723072,0,2324258816,2158092288,-1,-1,-1
398,2,100,2,16,16,18813.755851,18991.809494,86.533231,0x4051ce,1,7229420,4289242,2940178,36,40.000000,1,1,181.088804,1.200000,0.800000,mba,0,,1,1,1441792,16490496,196444160,8650752,2323988480,2115829760,8740864,2324078592,2116280320,-1,-1,-1
398,2,100,3,16,16,18814.202009,18992.043953,98.979983,0x4051ce,1,7697938,5024341,2673597,6,40.000000,1,1,181.088804,1.200000,0.800000,mba,0,,1,1,2793472,16490496,197165056,14057472,2325430272,2254061568,14057472,2325430272,2251448320,-1,-1,-1
398,2,100,4,16,16,18812.455034,18993.286401,161.522083,0x4051ce,1,21337512,16110747,5226765,8,100.000000,1,1,181.088804,1.200000,0.800000,mba,0,,1,1,0,68304896,50823168,180224,11811610624,11278508032,180224,11811790848,11276525568,-1,-1,-1
398,2,100,5,16,16,18814.044638,18993.294826,165.830913,0x4051ce,1,21123781,16824604,4299177,10,100.000000,1,1,181.088804,1.200000,0.800000,mba,0,,1,1,10362880,68214784,53346304,50462720,11811790848,11583897600,50733056,11811880960,11575336960,-1,-1,-1
398,2,100,6,16,16,18813.059935,18993.372977,171.764151,0x4051ce,1,19010182,15875328,3134854,44,100.000000,1,1,181.088804,1.200000,0.800000,mba,0,,1,1,2072576,68485120,60825600,10543104,11812421632,11651571712,10813440,11812421632,11640848384,-1,-1,-1
398,2,100,7,16,16,18812.759091,18993.272179,168.313534,0x4051ce,1,21007569,16657456,4350113,14,100.000000,1,1,181.088804,1.200000,0.800000,mba,0,,1,1,360448,68124672,61366272,3694592,11811069952,11670585344,3784704,11811430400,11662835712,-1,-1,-1
398,2,100,8,16,16,18813.212016,18993.271448,166.230142,0x4051ce,1,20990136,16556642,4433494,48,100.000000,1,1,181.088804,1.200000,0.800000,mba,0,,1,1,3604480,68124672,59383808,15138816,11811160064,11602731008,15319040,11811430400,11599577088,-1,-1,-1
398,2,100,9,16,16,18814.757015,18993.150320,161.028819,0x4051ce,1,19633857,16250193,3383664,50,100.000000,1,1,181.088804,1.200000,0.800000,mba,0,,1,1,16039936,67493888,36495360,84975616,11801337856,11249491968,85065728,11801878528,11253096448,-1,-1,-1
398,2,100,10,16,16,18813.561324,18993.284117,166.998035,0x4051ce,1,21019595,16809414,4210181,20,100.000000,1,1,181.088804,1.200000,0.800000,mba,0,,1,1,6758400,68214784,57311232,27754496,11811430400,11644092416,28024832,11811700736,11637063680,-1,-1,-1
398,2,100,11,16,16,18814.570558,18993.244462,166.435016,0x4051ce,1,20908849,16541232,4367617,22,100.000000,1,1,181.088804,1.200000,0.800000,mba,0,,1,1,15138816,68214784,48570368,75243520,11809988608,11588493312,75243520,11810349056,11587141632,-1,-1,-1
398,2,100,12,16,16,18812.284173,18991.648090,82.147077,0x4051ce,1,7671207,6057734,1613473,56,50.000000,1,1,181.088804,1.200000,0.800000,mba,0,,1,1,0,2883584,99483648,270336,1126850560,1099907072,270336,1126850560,1099636736,-1,-1,-1
398,2,100,13,16,16,18813.379910,18991.550001,77.939786,0x4051ce,1,7239789,5390939,1848850,58,50.000000,1,1,181.088804,1.200000,0.800000,mba,0,,1,1,1982464,3244032,102187008,8110080,1126309888,1075757056,8200192,1126490112,1074405376,-1,-1,-1
398,2,100,14,16,16,18812.909734,18991.820861,96.820033,0x4051ce,1,7205883,4707606,2498277,60,40.000000,1,1,181.088804,1.200000,0.800000,mba,0,,1,1,0,16580608,195813376,1531904,2324078592,2239193088,1531904,2324078592,2238111744,-1,-1,-1
398,2,100,15,16,16,18814.358701,18991.920535,93.046768,0x4051ce,1,7375833,4690242,2685591,62,40.000000,1,1,181.088804,1.200000,0.800000,mba,0,,1,1,4505600,16400384,197345280,16941056,2324979712,2209095680,17121280,2324979712,2208194560,-1,-1,-1
399,3,100,0,16,16,18993.555116,18993.691929,0.136813,0x405218,1,6580,4142,2438,32,50.000000,0,0,0.355407,1.200000,0.800000,mba,0,,0,0,-1,-1,-1,-1,-1,-1,-1,-1,-1,-1,-1,-1
399,3,100,1,16,16,18993.554013,18993.675835,0.121822,0x405218,1,6278,3398,2880,34,50.000000,0,0,0.355407,1.200000,0.800000,mba,0,,0,0,-1,-1,-1,-1,-1,-1,-1,-1,-1,-1,-1,-1
399,3,100,2,16,16,18993.554954,18993.681589,0.126635,0x405218,1,6447,3728,2719,36,50.000000,0,0,0.355407,1.200000,0.800000,mba,0,,0,0,-1,-1,-1,-1,-1,-1,-1,-1,-1,-1,-1,-1
399,3,100,3,16,16,18993.553655,18993.687019,0.133364,0x405218,1,6023,3737,2286,6,50.000000,0,0,0.355407,1.200000,0.800000,mba,0,,0,0,-1,-1,-1,-1,-1,-1,-1,-1,-1,-1,-1,-1
399,3,100,4,16,16,18993.554573,18993.835877,0.281304,0x405218,1,12653,8630,4023,8,100.000000,0,0,0.355407,1.200000,0.800000,mba,0,,0,0,-1,-1,-1,-1,-1,-1,-1,-1,-1,-1,-1,-1
399,3,100,5,16,16,18993.554702,18993.842198,0.287496,0x405218,1,12413,8940,3473,10,100.000000,0,0,0.355407,1.200000,0.800000,mba,0,,0,0,-1,-1,-1,-1,-1,-1,-1,-1,-1,-1,-1,-1
399,3,100,6,16,16,18993.553722,18993.908848,0.355126,0x405218,1,11002,8007,2995,44,100.000000,0,0,0.355407,1.200000,0.800000,mba,0,,0,0,-1,-1,-1,-1,-1,-1,-1,-1,-1,-1,-1,-1
399,3,100,7,16,16,18993.554982,18993.833986,0.279004,0x405218,1,12187,8856,3331,14,100.000000,0,0,0.355407,1.200000,0.800000,mba,0,,0,0,-1,-1,-1,-1,-1,-1,-1,-1,-1,-1,-1,-1
399,3,100,8,16,16,18993.555166,18993.839252,0.284086,0x405218,1,12195,8878,3317,48,100.000000,0,0,0.355407,1.200000,0.800000,mba,0,,0,0,-1,-1,-1,-1,-1,-1,-1,-1,-1,-1,-1,-1
399,3,100,9,16,16,18993.554086,18993.839685,0.285599,0x405218,1,12100,9154,2946,50,100.000000,0,0,0.355407,1.200000,0.800000,mba,0,,0,0,-1,-1,-1,-1,-1,-1,-1,-1,-1,-1,-1,-1
399,3,100,10,16,16,18993.554389,18993.836530,0.282141,0x405218,1,12433,8895,3538,20,100.000000,0,0,0.355407,1.200000,0.800000,mba,0,,0,0,-1,-1,-1,-1,-1,-1,-1,-1,-1,-1,-1,-1
399,3,100,11,16,16,18993.554089,18993.835033,0.280944,0x405218,1,12171,8825,3346,22,100.000000,0,0,0.355407,1.200000,0.800000,mba,0,,0,0,-1,-1,-1,-1,-1,-1,-1,-1,-1,-1,-1,-1
399,3,100,12,16,16,18993.553441,18993.693304,0.139863,0x405218,1,4779,3610,1169,56,50.000000,0,0,0.355407,1.200000,0.800000,mba,0,,0,0,-1,-1,-1,-1,-1,-1,-1,-1,-1,-1,-1,-1
399,3,100,13,16,16,18993.553626,18993.736923,0.183297,0x405218,1,6025,4511,1514,58,60.000000,0,0,0.355407,1.200000,0.800000,mba,0,,0,0,-1,-1,-1,-1,-1,-1,-1,-1,-1,-1,-1,-1
399,3,100,14,16,16,18993.553887,18993.701560,0.147673,0x405218,1,5300,3150,2150,60,50.000000,0,0,0.355407,1.200000,0.800000,mba,0,,0,0,-1,-1,-1,-1,-1,-1,-1,-1,-1,-1,-1,-1
399,3,100,15,16,16,18993.554542,18993.677549,0.123007,0x405218,1,5685,3710,1975,62,50.000000,0,0,0.355407,1.200000,0.800000,mba,0,,0,0,-1,-1,-1,-1,-1,-1,-1,-1,-1,-1,-1,-1
400,4,100,0,16,16,18994.501579,18994.546543,0.044964,0x4052e4,1,1897,1291,606,32,100.000000,0,0,0.049600,1.200000,0.800000,mba,0,,0,0,-1,-1,-1,-1,-1,-1,-1,-1,-1,-1,-1,-1
400,4,100,1,16,16,18994.497812,18994.518815,0.021003,0x4052e4,1,231,181,50,34,80.000000,0,0,0.049600,1.200000,0.800000,mba,0,,0,0,-1,-1,-1,-1,-1,-1,-1,-1,-1,-1,-1,-1
400,4,100,2,16,16,18994.498180,18994.519422,0.021242,0x4052e4,1,219,164,55,36,80.000000,0,0,0.049600,1.200000,0.800000,mba,0,,0,0,-1,-1,-1,-1,-1,-1,-1,-1,-1,-1,-1,-1
400,4,100,3,16,16,18994.496943,18994.517255,0.020312,0x4052e4,1,182,136,46,6,80.000000,0,0,0.049600,1.200000,0.800000,mba,0,,0,0,-1,-1,-1,-1,-1,-1,-1,-1,-1,-1,-1,-1
400,4,100,4,16,16,18994.497428,18994.520783,0.023355,0x4052e4,1,316,257,59,8,80.000000,0,0,0.049600,1.200000,0.800000,mba,0,,0,0,-1,-1,-1,-1,-1,-1,-1,-1,-1,-1,-1,-1
400,4,100,5,16,16,18994.498298,18994.521573,0.023275,0x4052e4,1,336,273,63,10,80.000000,0,0,0.049600,1.200000,0.800000,mba,0,,0,0,-1,-1,-1,-1,-1,-1,-1,-1,-1,-1,-1,-1
400,4,100,6,16,16,18994.498723,18994.523578,0.024855,0x4052e4,1,263,157,106,44,80.000000,0,0,0.049600,1.200000,0.800000,mba,0,,0,0,-1,-1,-1,-1,-1,-1,-1,-1,-1,-1,-1,-1
400,4,100,7,16,16,18994.497170,18994.520718,0.023548,0x4052e4,1,327,263,64,14,80.000000,0,0,0.049600,1.200000,0.800000,mba,0,,0,0,-1,-1,-1,-1,-1,-1,-1,-1,-1,-1,-1,-1
400,4,100,8,16,16,18994.497565,18994.521059,0.023494,0x4052e4,1,339,293,46,48,80.000000,0,0,0.049600,1.200000,0.800000,mba,0,,0,0,-1,-1,-1,-1,-1,-1,-1,-1,-1,-1,-1,-1
400,4,100,9,16,16,18994.498690,18994.522769,0.024079,0x4052e4,1,293,244,49,50,80.000000,0,0,0.049600,1.200000,0.800000,mba,0,,0,0,-1,-1,-1,-1,-1,-1,-1,-1,-1,-1,-1,-1
400,4,100,10,16,16,18994.498745,18994.522609,0.023864,0x4052e4,1,300,243,57,20,80.000000,0,0,0.049600,1.200000,0.800000,mba,0,,0,0,-1,-1,-1,-1,-1,-1,-1,-1,-1,-1,-1,-1
400,4,100,11,16,16,18994.498211,18994.521865,0.023654,0x4052e4,1,389,329,60,22,80.000000,0,0,0.049600,1.200000,0.800000,mba,0,,0,0,-1,-1,-1,-1,-1,-1,-1,-1,-1,-1,-1,-1
400,4,100,12,16,16,18994.497101,18994.517150,0.020049,0x4052e4,1,39,10,29,56,80.000000,0,0,0.049600,1.200000,0.800000,mba,0,,0,0,-1,-1,-1,-1,-1,-1,-1,-1,-1,-1,-1,-1
400,4,100,13,16,16,18994.497386,18994.519198,0.021812,0x4052e4,1,71,19,52,58,80.000000,0,0,0.049600,1.200000,0.800000,mba,0,,0,0,-1,-1,-1,-1,-1,-1,-1,-1,-1,-1,-1,-1
400,4,100,14,16,16,18994.498552,18994.520750,0.022198,0x4052e4,1,80,12,68,60,80.000000,0,0,0.049600,1.200000,0.800000,mba,0,,0,0,-1,-1,-1,-1,-1,-1,-1,-1,-1,-1,-1,-1
400,4,100,15,16,16,18994.498003,18994.518976,0.020973,0x4052e4,1,152,96,56,62,80.000000,0,0,0.049600,1.200000,0.800000,mba,0,,0,0,-1,-1,-1,-1,-1,-1,-1,-1,-1,-1,-1,-1
401,5,100,0,16,16,18994.615821,18994.636052,0.020231,0x40533c,1,29,1,28,32,80.000000,0,0,0.028156,1.200000,0.800000,mba,0,,0,0,-1,-1,-1,-1,-1,-1,-1,-1,-1,-1,-1,-1
401,5,100,1,16,16,18994.616486,18994.636843,0.020357,0x40533c,1,121,83,38,34,80.000000,0,0,0.028156,1.200000,0.800000,mba,0,,0,0,-1,-1,-1,-1,-1,-1,-1,-1,-1,-1,-1,-1
401,5,100,2,16,16,18994.616192,18994.636698,0.020506,0x40533c,1,128,99,29,36,80.000000,0,0,0.028156,1.200000,0.800000,mba,0,,0,0,-1,-1,-1,-1,-1,-1,-1,-1,-1,-1,-1,-1
401,5,100,3,16,16,18994.615249,18994.635746,0.020497,0x40533c,1,118,88,30,6,80.000000,0,0,0.028156,1.200000,0.800000,mba,0,,0,0,-1,-1,-1,-1,-1,-1,-1,-1,-1,-1,-1,-1
401,5,100,4,16,16,18994.615783,18994.641669,0.025886,0x40533c,1,624,385,239,8,100.000000,0,0,0.028156,1.200000,0.800000,mba,0,,0,0,-1,-1,-1,-1,-1,-1,-1,-1,-1,-1,-1,-1
401,5,100,5,16,16,18994.616584,18994.642596,0.026012,0x40533c,1,505,327,178,10,100.000000,0,0,0.028156,1.200000,0.800000,mba,0,,0,0,-1,-1,-1,-1,-1,-1,-1,-1,-1,-1,-1,-1
401,5,100,6,16,16,18994.616498,18994.643243,0.026745,0x40533c,1,100,53,47,44,100.000000,0,0,0.028156,1.200000,0.800000,mba,0,,0,0,-1,-1,-1,-1,-1,-1,-1,-1,-1,-1,-1,-1
401,5,100,7,16,16,18994.615960,18994.641901,0.025941,0x40533c,1,754,486,268,14,100.000000,0,0,0.028156,1.200000,0.800000,mba,0,,0,0,-1,-1,-1,-1,-1,-1,-1,-1,-1,-1,-1,-1
401,5,100,8,16,16,18994.615903,18994.641442,0.025539,0x40533c,1,732,440,292,48,100.000000,0,0,0.028156,1.200000,0.800000,mba,0,,0,0,-1,-1,-1,-1,-1,-1,-1,-1,-1,-1,-1,-1
401,5,100,9,16,16,18994.616364,18994.642471,0.026107,0x40533c,1,528,255,273,50,100.000000,0,0,0.028156,1.200000,0.800000,mba,0,,0,0,-1,-1,-1,-1,-1,-1,-1,-1,-1,-1,-1,-1
401,5,100,10,16,16,18994.615845,18994.641141,0.025296,0x40533c,1,678,350,328,20,100.000000,0,0,0.028156,1.200000,0.800000,mba,0,,0,0,-1,-1,-1,-1,-1,-1,-1,-1,-1,-1,-1,-1
401,5,100,11,16,16,18994.615524,18994.641000,0.025476,0x40533c,1,633,251,382,22,100.000000,0,0,0.028156,1.200000,0.800000,mba,0,,0,0,-1,-1,-1,-1,-1,-1,-1,-1,-1,-1,-1,-1
401,5,100,12,16,16,18994.616197,18994.636585,0.020388,0x40533c,1,64,42,22,56,80.000000,0,0,0.028156,1.200000,0.800000,mba,0,,0,0,-1,-1,-1,-1,-1,-1,-1,-1,-1,-1,-1,-1
401,5,100,13,16,16,18994.616371,18994.637097,0.020726,0x40533c,1,81,42,39,58,80.000000,0,0,0.028156,1.200000,0.800000,mba,0,,0,0,-1,-1,-1,-1,-1,-1,-1,-1,-1,-1,-1,-1
401,5,100,14,16,16,18994.615087,18994.635964,0.020877,0x40533c,1,18,3,15,60,80.000000,0,0,0.028156,1.200000,0.800000,mba,0,,0,0,-1,-1,-1,-1,-1,-1,-1,-1,-1,-1,-1,-1
401,5,100,15,16,16,18994.615966,18994.636455,0.020489,0x40533c,1,98,70,28,62,80.000000,0,0,0.028156,1.200000,0.800000,mba,0,,0,0,-1,-1,-1,-1,-1,-1,-1,-1,-1,-1,-1,-1
798,2,200,0,16,16,36781.177042,36965.612804,106.410939,0x4051ce,1,6826058,3621280,3204778,32,30.000000,1,1,187.130681,1.200000,0.800000,mba,0,,1,1,2433024,20365312,120840192,15138816,3369017344,2705973248,15138816,3369017344,2706423808,-1,-1,-1
798,2,200,1,16,16,36779.846164,36965.846538,122.629359,0x4051ce,1,7591991,4329790,3262201,34,30.000000,1,1,187.130681,1.200000,0.800000,mba,0,,1,1,0,20455424,150667264,90112,3373072384,3036504064,90112,3373162496,3037855744,-1,-1,-1
798,2,200,2,16,16,36780.840453,36965.790797,117.679230,0x4051ce,1,7192888,4219952,2972936,36,30.000000,1,1,187.130681,1.200000,0.800000,mba,0,,1,1,1171456,20545536,132104192,8921088,3372171264,2958106624,8921088,3372171264,2958827520,-1,-1,-1
798,2,200,3,16,16,36780.257289,36966.137893,134.639682,0x4051ce,1,7670111,4969542,2700569,38,30.000000,1,1,187.130681,1.200000,0.800000,mba,0,,1,1,180224,20185088,134807552,1081344,3376857088,3224387584,1171456,3376857088,3223756800,-1,-1,-1
798,2,200,4,16,16,36779.786527,36966.829920,167.805454,0x4051ce,1,22283872,17131504,5152368,8,100.000000,1,1,187.130681,1.200000,0.800000,mba,0,,1,1,61726720,66592768,630784,1235771367424,1248305946624,12000215040,1235771367424,1248306126848,11998863360,-1,-1,-1
798,2,200,5,16,16,36780.268445,36966.808022,172.606997,0x4051ce,1,22071285,17753444,4317841,10,100.000000,1,1,187.130681,1.200000,0.800000,mba,0,,1,1,58933248,66322432,3784704,1235780558848,1248305135616,12356517888,1235780648960,1248305405952,12351471616,-1,-1,-1
798,2,200,6,16,16,36780.224345,36966.917208,180.402793,0x4051ce,1,19693327,16598076,3095251,44,100.000000,1,1,187.130681,1.200000,0.800000,mba,0,,1,1,59383808,66592768,8019968,1235778576384,1248307388416,12463300608,1235778666496,1248307388416,12451946496,-1,-1,-1
798,2,200,7,16,16,36780.483498,36966.833549,174.509479,0x4051ce,1,21920466,17643081,4277385,14,100.000000,1,1,187.130681,1.200000,0.800000,mba,0,,1,1,59203584,66592768,5677056,1235790381056,1248306036736,12412747776,1235790741504,1248306216960,12402745344,-1,-1,-1
798,2,200,8,16,16,36781.186453,36966.764285,172.485039,0x4051ce,1,21895796,17561192,4334604,48,100.000000,1,1,187.130681,1.200000,0.800000,mba,0,,1,1,60104704,66052096,540672,1235836248064,1248302161920,12292268032,1235836788736,1248302702592,12294070272,-1,-1,-1
798,2,200,9,16,16,36780.482640,36966.690869,166.399507,0x4051ce,1,20439880,17235809,3204071,18,100.000000,1,1,187.130681,1.200000,0.800000,mba,0,,1,1,59203584,65781760,-180224,1235790110720,1248296214528,11921367040,1235790471168,1248296574976,11919384576,-1,-1,-1
798,2,200,10,16,16,36781.028246,36966.828218,172.723905,0x4051ce,1,21915924,17845877,4070047,20,100.000000,1,1,187.130681,1.200000,0.800000,mba,0,,1,1,59564032,66592768,3964928,1235824263168,1248305856512,12336513024,1235824713728,1248306126848,12333268992,-1,-1,-1
798,2,200,11,16,16,36780.200105,36966.784096,172.545883,0x4051ce,1,21807632,17581798,4225834,54,100.000000,1,1,187.130681,1.200000,0.800000,mba,0,,1,1,59203584,66232320,3874816,1235778035712,1248303874048,12348407808,1235778306048,1248304144384,12348047360,-1,-1,-1
798,2,200,12,16,16,36780.414128,36966.406559,152.711974,0x4051ce,1,7601042,6427456,1173586,24,30.000000,1,1,187.130681,1.200000,0.800000,mba,0,,1,1,180224,20185088,92454912,1982464,3378929664,3365683200,2072576,3378929664,3362349056,-1,-1,-1
798,2,200,13,16,16,36780.631233,36966.398888,149.317302,0x4051ce,1,7650107,6152408,1497699,58,30.000000,1,1,187.130681,1.200000,0.800000,mba,0,,1,1,540672,20185088,88850432,5226496,3378929664,3352526848,5316608,3378929664,3350814720,-1,-1,-1
798,2,200,14,16,16,36780.199992,36965.854863,133.663247,0x4051ce,1,7665543,4870798,2794745,60,30.000000,1,1,187.130681,1.200000,0.800000,mba,0,,1,1,180224,20545536,130392064,630784,3373162496,3209879552,720896,3373252608,3209428992,-1,-1,-1
798,2,200,15,16,16,36780.438476,36965.912362,128.449835,0x4051ce,1,7513517,4741965,2771552,62,30.000000,1,1,187.130681,1.200000,0.800000,mba,0,,1,1,180224,20185088,143097856,2342912,3373883392,3145809920,2342912,3373973504,3145809920,-1,-1,-1
799,3,200,0,16,16,36967.143260,36967.296686,0.153426,0x405218,1,6663,4391,2272,32,30.000000,0,0,0.368572,1.200000,0.800000,mba,0,,0,0,-1,-1,-1,-1,-1,-1,-1,-1,-1,-1,-1,-1
799,3,200,1,16,16,36967.141047,36967.276883,0.135836,0x405218,1,6215,3354,2861,34,30.000000,0,0,0.368572,1.200000,0.800000,mba,0,,0,0,-1,-1,-1,-1,-1,-1,-1,-1,-1,-1,-1,-1
799,3,200,2,16,16,36967.142159,36967.283445,0.141286,0x405218,1,6386,3609,2777,36,30.000000,0,0,0.368572,1.200000,0.800000,mba,0,,0,0,-1,-1,-1,-1,-1,-1,-1,-1,-1,-1,-1,-1
799,3,200,3,16,16,36967.141253,36967.277697,0.136444,0x405218,1,5271,2948,2323,38,30.000000,0,0,0.368572,1.200000,0.800000,mba,0,,0,0,-1,-1,-1,-1,-1,-1,-1,-1,-1,-1,-1,-1
799,3,200,4,16,16,36967.141384,36967.432455,0.291071,0x405218,1,12960,9202,3758,8,100.000000,0,0,0.368572,1.200000,0.800000,mba,0,,0,0,-1,-1,-1,-1,-1,-1,-1,-1,-1,-1,-1,-1
799,3,200,5,16,16,36967.141711,36967.432769,0.291058,0x405218,1,12673,9434,3239,10,100.000000,0,0,0.368572,1.200000,0.800000,mba,0,,0,0,-1,-1,-1,-1,-1,-1,-1,-1,-1,-1,-1,-1
799,3,200,6,16,16,36967.142306,36967.509313,0.367007,0x405218,1,11274,8416,2858,44,100.000000,0,0,0.368572,1.200000,0.800000,mba,0,,0,0,-1,-1,-1,-1,-1,-1,-1,-1,-1,-1,-1,-1
799,3,200,7,16,16,36967.141233,36967.427773,0.286540,0x405218,1,12537,9302,3235,14,100.000000,0,0,0.368572,1.200000,0.800000,mba,0,,0,0,-1,-1,-1,-1,-1,-1,-1,-1,-1,-1,-1,-1
799,3,200,8,16,16,36967.142366,36967.426775,0.284409,0x405218,1,12484,9238,3246,48,100.000000,0,0,0.368572,1.200000,0.800000,mba,0,,0,0,-1,-1,-1,-1,-1,-1,-1,-1,-1,-1,-1,-1
799,3,200,9,16,16,36967.141887,36967.427491,0.285604,0x405218,1,12332,9633,2699,18,100.000000,0,0,0.368572,1.200000,0.800000,mba,0,,0,0,-1,-1,-1,-1,-1,-1,-1,-1,-1,-1,-1,-1
799,3,200,10,16,16,36967.142175,36967.424642,0.282467,0x405218,1,12694,9427,3267,20,100.000000,0,0,0.368572,1.200000,0.800000,mba,0,,0,0,-1,-1,-1,-1,-1,-1,-1,-1,-1,-1,-1,-1
799,3,200,11,16,16,36967.142040,36967.426334,0.284294,0x405218,1,12412,9097,3315,54,100.000000,0,0,0.368572,1.200000,0.800000,mba,0,,0,0,-1,-1,-1,-1,-1,-1,-1,-1,-1,-1,-1,-1
799,3,200,12,16,16,36967.141391,36967.286371,0.144980,0x405218,1,5726,4423,1303,24,30.000000,0,0,0.368572,1.200000,0.800000,mba,0,,0,0,-1,-1,-1,-1,-1,-1,-1,-1,-1,-1,-1,-1
799,3,200,13,16,16,36967.141749,36967.293380,0.151631,0x405218,1,6430,3724,2706,58,40.000000,0,0,0.368572,1.200000,0.800000,mba,0,,0,0,-1,-1,-1,-1,-1,-1,-1,-1,-1,-1,-1,-1
799,3,200,14,16,16,36967.140741,36967.258758,0.118017,0x405218,1,5309,2476,2833,60,30.000000,0,0,0.368572,1.200000,0.800000,mba,0,,0,0,-1,-1,-1,-1,-1,-1,-1,-1,-1,-1,-1,-1
799,3,200,15,16,16,36967.140967,36967.271671,0.130704,0x405218,1,5666,3479,2187,62,30.000000,0,0,0.368572,1.200000,0.800000,mba,0,,0,0,-1,-1,-1,-1,-1,-1,-1,-1,-1,-1,-1,-1
800,4,200,0,16,16,36968.321150,36968.360468,0.039318,0x4052e4,1,1744,1131,613,32,100.000000,0,0,0.046379,1.200000,0.800000,mba,0,,0,0,-1,-1,-1,-1,-1,-1,-1,-1,-1,-1,-1,-1
800,4,200,1,16,16,36968.315877,36968.335515,0.019638,0x4052e4,1,240,191,49,34,50.000000,0,0,0.046379,1.200000,0.800000,mba,0,,0,0,-1,-1,-1,-1,-1,-1,-1,-1,-1,-1,-1,-1
800,4,200,2,16,16,36968.315758,36968.335241,0.019483,0x4052e4,1,273,192,81,36,60.000000,0,0,0.046379,1.200000,0.800000,mba,0,,0,0,-1,-1,-1,-1,-1,-1,-1,-1,-1,-1,-1,-1
800,4,200,3,16,16,36968.316042,36968.335858,0.019816,0x4052e4,1,147,108,39,38,50.000000,0,0,0.046379,1.200000,0.800000,mba,0,,0,0,-1,-1,-1,-1,-1,-1,-1,-1,-1,-1,-1,-1
800,4,200,4,16,16,36968.314424,36968.336113,0.021689,0x4052e4,1,322,269,53,8,60.000000,0,0,0.046379,1.200000,0.800000,mba,0,,0,0,-1,-1,-1,-1,-1,-1,-1,-1,-1,-1,-1,-1
800,4,200,5,16,16,36968.315411,36968.336400,0.020989,0x4052e4,1,326,272,54,10,60.000000,0,0,0.046379,1.200000,0.800000,mba,0,,0,0,-1,-1,-1,-1,-1,-1,-1,-1,-1,-1,-1,-1
800,4,200,6,16,16,36968.315747,36968.338145,0.022398,0x4052e4,1,191,136,55,44,60.000000,0,0,0.046379,1.200000,0.800000,mba,0,,0,0,-1,-1,-1,-1,-1,-1,-1,-1,-1,-1,-1,-1
800,4,200,7,16,16,36968.315948,36968.337687,0.021739,0x4052e4,1,339,276,63,14,60.000000,0,0,0.046379,1.200000,0.800000,mba,0,,0,0,-1,-1,-1,-1,-1,-1,-1,-1,-1,-1,-1,-1
800,4,200,8,16,16,36968.315023,36968.336657,0.021634,0x4052e4,1,357,286,71,48,60.000000,0,0,0.046379,1.200000,0.800000,mba,0,,0,0,-1,-1,-1,-1,-1,-1,-1,-1,-1,-1,-1,-1
800,4,200,9,16,16,36968.314654,36968.336309,0.021655,0x4052e4,1,379,319,60,18,60.000000,0,0,0.046379,1.200000,0.800000,mba,0,,0,0,-1,-1,-1,-1,-1,-1,-1,-1,-1,-1,-1,-1
800,4,200,10,16,16,36968.314675,36968.337393,0.022718,0x4052e4,1,329,266,63,20,60.000000,0,0,0.046379,1.200000,0.800000,mba,0,,0,0,-1,-1,-1,-1,-1,-1,-1,-1,-1,-1,-1,-1
800,4,200,11,16,16,36968.314820,36968.337258,0.022438,0x4052e4,1,373,289,84,54,60.000000,0,0,0.046379,1.200000,0.800000,mba,0,,0,0,-1,-1,-1,-1,-1,-1,-1,-1,-1,-1,-1,-1
800,4,200,12,16,16,36968.314089,36968.333282,0.019193,0x4052e4,1,145,102,43,24,50.000000,0,0,0.046379,1.200000,0.800000,mba,0,,0,0,-1,-1,-1,-1,-1,-1,-1,-1,-1,-1,-1,-1
800,4,200,13,16,16,36968.315179,36968.335066,0.019887,0x4052e4,1,149,89,60,58,50.000000,0,0,0.046379,1.200000,0.800000,mba,0,,0,0,-1,-1,-1,-1,-1,-1,-1,-1,-1,-1,-1,-1
800,4,200,14,16,16,36968.315876,36968.335319,0.019443,0x4052e4,1,134,92,42,60,50.000000,0,0,0.046379,1.200000,0.800000,mba,0,,0,0,-1,-1,-1,-1,-1,-1,-1,-1,-1,-1,-1,-1
800,4,200,15,16,16,36968.315218,36968.335128,0.019910,0x4052e4,1,136,93,43,62,60.000000,0,0,0.046379,1.200000,0.800000,mba,0,,0,0,-1,-1,-1,-1,-1,-1,-1,-1,-1,-1,-1,-1
801,5,200,0,16,16,36968.422471,36968.441787,0.019316,0x40533c,1,32,7,25,32,60.000000,0,0,0.026143,1.200000,0.800000,mba,0,,0,0,-1,-1,-1,-1,-1,-1,-1,-1,-1,-1,-1,-1
801,5,200,1,16,16,36968.421926,36968.440706,0.018780,0x40533c,1,87,43,44,34,60.000000,0,0,0.026143,1.200000,0.800000,mba,0,,0,0,-1,-1,-1,-1,-1,-1,-1,-1,-1,-1,-1,-1
801,5,200,2,16,16,36968.421284,36968.440129,0.018845,0x40533c,1,129,70,59,36,60.000000,0,0,0.026143,1.200000,0.800000,mba,0,,0,0,-1,-1,-1,-1,-1,-1,-1,-1,-1,-1,-1,-1
801,5,200,3,16,16,36968.421533,36968.440774,0.019241,0x40533c,1,77,34,43,38,60.000000,0,0,0.026143,1.200000,0.800000,mba,0,,0,0,-1,-1,-1,-1,-1,-1,-1,-1,-1,-1,-1,-1
801,5,200,4,16,16,36968.421852,36968.445161,0.023309,0x40533c,1,736,388,348,8,100.000000,0,0,0.026143,1.200000,0.800000,mba,0,,0,0,-1,-1,-1,-1,-1,-1,-1,-1,-1,-1,-1,-1
801,5,200,5,16,16,36968.422452,36968.446546,0.024094,0x40533c,1,475,286,189,10,100.000000,0,0,0.026143,1.200000,0.800000,mba,0,,0,0,-1,-1,-1,-1,-1,-1,-1,-1,-1,-1,-1,-1
801,5,200,6,16,16,36968.421272,36968.445753,0.024481,0x40533c,1,230,113,117,44,100.000000,0,0,0.026143,1.200000,0.800000,mba,0,,0,0,-1,-1,-1,-1,-1,-1,-1,-1,-1,-1,-1,-1
801,5,200,7,16,16,36968.422225,36968.446290,0.024065,0x40533c,1,701,463,238,14,100.000000,0,0,0.026143,1.200000,0.800000,mba,0,,0,0,-1,-1,-1,-1,-1,-1,-1,-1,-1,-1,-1,-1
801,5,200,8,16,16,36968.422103,36968.445312,0.023209,0x40533c,1,832,490,342,48,100.000000,0,0,0.026143,1.200000,0.800000,mba,0,,0,0,-1,-1,-1,-1,-1,-1,-1,-1,-1,-1,-1,-1
801,5,200,9,16,16,36968.422310,36968.445585,0.023275,0x40533c,1,609,240,369,18,100.000000,0,0,0.026143,1.200000,0.800000,mba,0,,0,0,-1,-1,-1,-1,-1,-1,-1,-1,-1,-1,-1,-1
801,5,200,10,16,16,36968.422573,36968.446610,0.024037,0x40533c,1,817,448,369,20,100.000000,0,0,0.026143,1.200000,0.800000,mba,0,,0,0,-1,-1,-1,-1,-1,-1,-1,-1,-1,-1,-1,-1
801,5,200,11,16,16,36968.422638,36968.446847,0.024209,0x40533c,1,800,319,481,54,100.000000,0,0,0.026143,1.200000,0.800000,mba,0,,0,0,-1,-1,-1,-1,-1,-1,-1,-1,-1,-1,-1,-1
801,5,200,12,16,16,36968.420704,36968.439708,0.019004,0x40533c,1,122,86,36,24,60.000000,0,0,0.026143,1.200000,0.800000,mba,0,,0,0,-1,-1,-1,-1,-1,-1,-1,-1,-1,-1,-1,-1
801,5,200,13,16,16,36968.421169,36968.439939,0.018770,0x40533c,1,100,62,38,58,60.000000,0,0,0.026143,1.200000,0.800000,mba,0,,0,0,-1,-1,-1,-1,-1,-1,-1,-1,-1,-1,-1,-1
801,5,200,14,16,16,36968.421809,36968.440330,0.018521,0x40533c,1,92,71,21,60,60.000000,0,0,0.026143,1.200000,0.800000,mba,0,,0,0,-1,-1,-1,-1,-1,-1,-1,-1,-1,-1,-1,-1
801,5,200,15,16,16,36968.422528,36968.441350,0.018822,0x40533c,1,62,22,40,62,60.000000,0,0,0.026143,1.200000,0.800000,mba,0,,0,0,-1,-1,-1,-1,-1,-1,-1,-1,-1,-1,-1,-1
1198,2,300,0,16,16,54833.375837,55011.651682,106.313612,0x4051ce,1,6817766,3612033,3205733,32,30.000000,1,1,179.573973,1.200000,0.800000,mba,0,,1,1,25141248,19644416,92545024,337260740608,340624261120,2701467648,337260740608,340624261120,2703900672,-1,-1,-1
1198,2,300,1,16,16,54833.353505,55011.937526,122.691503,0x4051ce,1,7591027,4327816,3263211,34,30.000000,1,1,179.573973,1.200000,0.800000,mba,0,,1,1,25051136,19554304,124264448,337260650496,340629757952,3053084672,337260650496,340630118400,3054166016,-1,-1,-1
1198,2,300,2,16,16,54833.380293,55011.863946,117.518717,0x4051ce,1,7186227,4199123,2987104,4,30.000000,1,1,179.573973,1.200000,0.800000,mba,0,,1,1,25141248,19103744,103178240,337260740608,340628496384,2950717440,337260830720,340628496384,2950537216,-1,-1,-1
1198,2,300,3,16,16,54833.364918,55012.215792,134.372705,0x4051ce,1,7669055,4954912,2714143,38,30.000000,1,1,179.573973,1.200000,0.800000,mba,0,,1,1,25141248,18743296,93536256,337260650496,340633452544,3226099712,337260740608,340633452544,3224657920,-1,-1,-1
1198,2,300,4,16,16,54833.343167,55012.891496,167.404510,0x4051ce,1,22280248,17119543,5160705,8,100.000000,1,1,179.573973,1.200000,0.800000,mba,0,,1,1,61186048,66052096,-540672,2495185780736,2507804884992,12248924160,2495186051072,2507804884992,12244238336,-1,-1,-1
1198,2,300,5,16,16,54833.363664,55012.854067,171.885787,0x4051ce,1,22058922,17751982,4306940,10,100.000000,1,1,179.573973,1.200000,0.800000,mba,0,,1,1,61005824,65871872,3964928,2495185870848,2507804164096,12547284992,2495186321408,2507804524544,12541788160,-1,-1,-1
1198,2,300,6,16,16,54833.348760,55012.785717,166.509688,0x4051ce,1,20440620,17257962,3182658,44,100.000000,1,1,179.573973,1.200000,0.800000,mba,0,,1,1,61095936,65511424,-991232,2495185600512,2507799027712,12199632896,2495185960960,2507799207936,12204138496,-1,-1,-1
1198,2,300,7,16,16,54833.344128,55012.911101,174.338442,0x4051ce,1,21907555,17901316,4006239,14,100.000000,1,1,179.573973,1.200000,0.800000,mba,0,,1,1,61005824,66052096,6578176,2495185780736,2507804975104,12602523648,2495186051072,2507804975104,12595675136,-1,-1,-1
1198,2,300,8,16,16,54833.349498,55012.817960,172.648384,0x4051ce,1,21892646,17520944,4371702,48,100.000000,1,1,179.573973,1.200000,0.800000,mba,0,,1,1,61095936,65871872,4956160,2495185780736,2507801640960,12567199744,2495186051072,2507802271744,12566118400,-1,-1,-1
1198,2,300,9,16,16,54833.358664,55012.777234,165.802220,0x4051ce,1,20437087,17186260,3250827,18,100.000000,1,1,179.573973,1.200000,0.800000,mba,0,,1,1,61005824,65601536,-901120,2495185870848,2507798487040,12149800960,2495185960960,2507799117824,12159082496,-1,-1,-1
1198,2,300,10,16,16,54833.353811,55012.887508,172.810502,0x4051ce,1,21911409,17840300,4071109,20,100.000000,1,1,179.573973,1.200000,0.800000,mba,0,,1,1,61005824,66052096,3784704,2495185870848,2507804884992,12569542656,2495186231296,2507804884992,12567019520,-1,-1,-1
1198,2,300,11,16,16,54833.337128,55012.859775,172.070678,0x4051ce,1,21802930,17531276,4271654,54,100.000000,1,1,179.573973,1.200000,0.800000,mba,0,,1,1,61095936,65781760,4415488,2495185600512,2507804434432,12556115968,2495185870848,2507804614656,12555395072,-1,-1,-1
1198,2,300,12,16,16,54833.342690,55012.560459,152.182630,0x4051ce,1,7590396,6375738,1214658,24,30.000000,1,1,179.573973,1.200000,0.800000,mba,0,,1,1,25051136,18472960,60465152,337260650496,340635525120,3365322752,337260650496,340635525120,3363790848,-1,-1,-1
1198,2,300,13,16,16,54833.364062,55012.449735,149.228410,0x4051ce,1,7646880,6128164,1518716,58,30.000000,1,1,179.573973,1.200000,0.800000,mba,0,,1,1,25141248,18292736,58392576,337260650496,340635074560,3357483008,337260740608,340635164672,3354689536,-1,-1,-1
1198,2,300,14,16,16,54833.363454,55011.943757,133.647589,0x4051ce,1,7665941,4856890,2809051,60,30.000000,1,1,179.573973,1.200000,0.800000,mba,0,,1,1,25141248,19554304,90202112,337260650496,340630028288,3215466496,337260740608,340630118400,3214295040,-1,-1,-1
1198,2,300,15,16,16,54833.369444,55012.004929,128.370199,0x4051ce,1,7512651,4728431,2784220,62,30.000000,1,1,179.573973,1.200000,0.800000,mba,0,,1,1,25141248,19464192,108855296,337260650496,340630839296,3145359360,337260740608,340630839296,3144908800,-1,-1,-1
1199,3,300,0,16,16,55013.096963,55013.251120,0.154157,0x405218,1,6493,4020,2473,32,20.000000,0,0,0.304965,1.200000,0.800000,mba,0,,0,0,-1,-1,-1,-1,-1,-1,-1,-1,-1,-1,-1,-1
1199,3,300,1,16,16,55013.095214,55013.235012,0.139798,0x405218,1,6228,3338,2890,34,20.000000,0,0,0.304965,1.200000,0.800000,mba,0,,0,0,-1,-1,-1,-1,-1,-1,-1,-1,-1,-1,-1,-1
1199,3,300,2,16,16,55013.095197,55013.241370,0.146173,0x405218,1,6541,3718,2823,4,20.000000,0,0,0.304965,1.200000,0.800000,mba,0,,0,0,-1,-1,-1,-1,-1,-1,-1,-1,-1,-1,-1,-1
1199,3,300,3,16,16,55013.095350,55013.234380,0.139030,0x405218,1,5206,2966,2240,38,20.000000,0,0,0.304965,1.200000,0.800000,mba,0,,0,0,-1,-1,-1,-1,-1,-1,-1,-1,-1,-1,-1,-1
1199,3,300,4,16,16,55013.095470,55013.389789,0.294319,0x405218,1,12955,9094,3861,8,100.000000,0,0,0.304965,1.200000,0.800000,mba,0,,0,0,-1,-1,-1,-1,-1,-1,-1,-1,-1,-1,-1,-1
1199,3,300,5,16,16,55013.095531,55013.399689,0.304158,0x405218,1,12666,9554,3112,10,100.000000,0,0,0.304965,1.200000,0.800000,mba,0,,0,0,-1,-1,-1,-1,-1,-1,-1,-1,-1,-1,-1,-1
1199,3,300,6,16,16,55013.096653,55013.378390,0.281737,0x405218,1,12193,9270,2923,44,100.000000,0,0,0.304965,1.200000,0.800000,mba,0,,0,0,-1,-1,-1,-1,-1,-1,-1,-1,-1,-1,-1,-1
1199,3,300,7,16,16,55013.095695,55013.389020,0.293325,0x405218,1,12404,9389,3015,14,100.000000,0,0,0.304965,1.200000,0.800000,mba,0,,0,0,-1,-1,-1,-1,-1,-1,-1,-1,-1,-1,-1,-1
1199,3,300,8,16,16,55013.096154,55013.390926,0.294772,0x405218,1,12468,9099,3369,48,100.000000,0,0,0.304965,1.200000,0.800000,mba,0,,0,0,-1,-1,-1,-1,-1,-1,-1,-1,-1,-1,-1,-1
1199,3,300,9,16,16,55013.095787,55013.391809,0.296022,0x405218,1,12288,9375,2913,18,100.000000,0,0,0.304965,1.200000,0.800000,mba,0,,0,0,-1,-1,-1,-1,-1,-1,-1,-1,-1,-1,-1,-1
1199,3,300,10,16,16,55013.096181,55013.384029,0.287848,0x405218,1,12703,9381,3322,20,100.000000,0,0,0.304965,1.200000,0.800000,mba,0,,0,0,-1,-1,-1,-1,-1,-1,-1,-1,-1,-1,-1,-1
1199,3,300,11,16,16,55013.095925,55013.392634,0.296709,0x405218,1,12359,9267,3092,54,100.000000,0,0,0.304965,1.200000,0.800000,mba,0,,0,0,-1,-1,-1,-1,-1,-1,-1,-1,-1,-1,-1,-1
1199,3,300,12,16,16,55013.095124,55013.238222,0.143098,0x405218,1,4662,3487,1175,24,20.000000,0,0,0.304965,1.200000,0.800000,mba,0,,0,0,-1,-1,-1,-1,-1,-1,-1,-1,-1,-1,-1,-1
1199,3,300,13,16,16,55013.095245,55013.245276,0.150031,0x405218,1,6095,3398,2697,58,30.000000,0,0,0.304965,1.200000,0.800000,mba,0,,0,0,-1,-1,-1,-1,-1,-1,-1,-1,-1,-1,-1,-1
1199,3,300,14,16,16,55013.094724,55013.220575,0.125851,0x405218,1,5271,2565,2706,60,20.000000,0,0,0.304965,1.200000,0.800000,mba,0,,0,0,-1,-1,-1,-1,-1,-1,-1,-1,-1,-1,-1,-1
1199,3,300,15,16,16,55013.094809,55013.223010,0.128201,0x405218,1,5625,3407,2218,62,20.000000,0,0,0.304965,1.200000,0.800000,mba,0,,0,0,-1,-1,-1,-1,-1,-1,-1,-1,-1,-1,-1,-1
1200,4,300,0,16,16,55014.221555,55014.263631,0.042076,0x4052e4,1,1665,1145,520,32,100.000000,0,0,0.049999,1.200000,0.800000,mba,0,,0,0,-1,-1,-1,-1,-1,-1,-1,-1,-1,-1,-1,-1
1200,4,300,1,16,16,55014.215433,55014.236699,0.021266,0x4052e4,1,246,193,53,34,30.000000,0,0,0.049999,1.200000,0.800000,mba,0,,0,0,-1,-1,-1,-1,-1,-1,-1,-1,-1,-1,-1,-1
1200,4,300,2,16,16,55014.215540,55014.237804,0.022264,0x4052e4,1,482,398,84,4,40.000000,0,0,0.049999,1.200000,0.800000,mba,0,,0,0,-1,-1,-1,-1,-1,-1,-1,-1,-1,-1,-1,-1
1200,4,300,3,16,16,55014.213695,55014.234645,0.020950,0x4052e4,1,123,75,48,38,30.000000,0,0,0.049999,1.200000,0.800000,mba,0,,0,0,-1,-1,-1,-1,-1,-1,-1,-1,-1,-1,-1,-1
1200,4,300,4,16,16,55014.215365,55014.238323,0.022958,0x4052e4,1,290,224,66,8,40.000000,0,0,0.049999,1.200000,0.800000,mba,0,,0,0,-1,-1,-1,-1,-1,-1,-1,-1,-1,-1,-1,-1
1200,4,300,5,16,16,55014.215297,55014.238633,0.023336,0x4052e4,1,349,272,77,10,40.000000,0,0,0.049999,1.200000,0.800000,mba,0,,0,0,-1,-1,-1,-1,-1,-1,-1,-1,-1,-1,-1,-1
1200,4,300,6,16,16,55014.214784,55014.237829,0.023045,0x4052e4,1,337,289,48,44,40.000000,0,0,0.049999,1.200000,0.800000,mba,0,,0,0,-1,-1,-1,-1,-1,-1,-1,-1,-1,-1,-1,-1
1200,4,300,7,16,16,55014.215526,55014.239626,0.024100,0x4052e4,1,309,260,49,14,40.000000,0,0,0.049999,1.200000,0.800000,mba,0,,0,0,-1,-1,-1,-1,-1,-1,-1,-1,-1,-1,-1,-1
1200,4,300,8,16,16,55014.214975,55014.238145,0.023170,0x4052e4,1,355,273,82,48,40.000000,0,0,0.049999,1.200000,0.800000,mba,0,,0,0,-1,-1,-1,-1,-1,-1,-1,-1,-1,-1,-1,-1
1200,4,300,9,16,16,55014.214965,55014.238228,0.023263,0x4052e4,1,374,317,57,18,40.000000,0,0,0.049999,1.200000,0.800000,mba,0,,0,0,-1,-1,-1,-1,-1,-1,-1,-1,-1,-1,-1,-1
1200,4,300,10,16,16,55014.215215,55014.238459,0.023244,0x4052e4,1,367,318,49,20,40.000000,0,0,0.049999,1.200000,0.800000,mba,0,,0,0,-1,-1,-1,-1,-1,-1,-1,-1,-1,-1,-1,-1
1200,4,300,11,16,16,55014.213817,55014.236848,0.023031,0x4052e4,1,362,303,59,54,40.000000,0,0,0.049999,1.200000,0.800000,mba,0,,0,0,-1,-1,-1,-1,-1,-1,-1,-1,-1,-1,-1,-1
1200,4,300,12,16,16,55014.213640,55014.233904,0.020264,0x4052e4,1,43,7,36,24,30.000000,0,0,0.049999,1.200000,0.800000,mba,0,,0,0,-1,-1,-1,-1,-1,-1,-1,-1,-1,-1,-1,-1
1200,4,300,13,16,16,55014.215091,55014.236021,0.020930,0x4052e4,1,161,89,72,58,30.000000,0,0,0.049999,1.200000,0.800000,mba,0,,0,0,-1,-1,-1,-1,-1,-1,-1,-1,-1,-1,-1,-1
1200,4,300,14,16,16,55014.213632,55014.234333,0.020701,0x4052e4,1,128,76,52,60,30.000000,0,0,0.049999,1.200000,0.800000,mba,0,,0,0,-1,-1,-1,-1,-1,-1,-1,-1,-1,-1,-1,-1
1200,4,300,15,16,16,55014.215342,55014.236372,0.021030,0x4052e4,1,142,97,45,62,40.000000,0,0,0.049999,1.200000,0.800000,mba,0,,0,0,-1,-1,-1,-1,-1,-1,-1,-1,-1,-1,-1,-1
1201,5,300,0,16,16,55014.332209,55014.352809,0.020600,0x40533c,1,42,4,38,32,50.000000,0,0,0.027641,1.200000,0.800000,mba,0,,0,0,-1,-1,-1,-1,-1,-1,-1,-1,-1,-1,-1,-1
1201,5,300,1,16,16,55014.332733,55014.352945,0.020212,0x40533c,1,91,51,40,34,50.000000,0,0,0.027641,1.200000,0.800000,mba,0,,0,0,-1,-1,-1,-1,-1,-1,-1,-1,-1,-1,-1,-1
1201,5,300,2,16,16,55014.331632,55014.351751,0.020119,0x40533c,1,56,25,31,4,50.000000,0,0,0.027641,1.200000,0.800000,mba,0,,0,0,-1,-1,-1,-1,-1,-1,-1,-1,-1,-1,-1,-1
1201,5,300,3,16,16,55014.330863,55014.351150,0.020287,0x40533c,1,56,40,16,38,50.000000,0,0,0.027641,1.200000,0.800000,mba,0,,0,0,-1,-1,-1,-1,-1,-1,-1,-1,-1,-1,-1,-1
1201,5,300,4,16,16,55014.332891,55014.358144,0.025253,0x40533c,1,752,412,340,8,100.000000,0,0,0.027641,1.200000,0.800000,mba,0,,0,0,-1,-1,-1,-1,-1,-1,-1,-1,-1,-1,-1,-1
1201,5,300,5,16,16,55014.332578,55014.357885,0.025307,0x40533c,1,649,429,220,10,100.000000,0,0,0.027641,1.200000,0.800000,mba,0,,0,0,-1,-1,-1,-1,-1,-1,-1,-1,-1,-1,-1,-1
1201,5,300,6,16,16,55014.332559,55014.356662,0.024103,0x40533c,1,681,369,312,44,100.000000,0,0,0.027641,1.200000,0.800000,mba,0,,0,0,-1,-1,-1,-1,-1,-1,-1,-1,-1,-1,-1,-1
1201,5,300,7,16,16,55014.332765,55014.358439,0.025674,0x40533c,1,835,549,286,14,100.000000,0,0,0.027641,1.200000,0.800000,mba,0,,0,0,-1,-1,-1,-1,-1,-1,-1,-1,-1,-1,-1,-1
1201,5,300,8,16,16,55014.332476,55014.358504,0.026028,0x40533c,1,848,494,354,48,100.000000,0,0,0.027641,1.200000,0.800000,mba,0,,0,0,-1,-1,-1,-1,-1,-1,-1,-1,-1,-1,-1,-1
1201,5,300,9,16,16,55014.332809,55014.358146,0.025337,0x40533c,1,589,252,337,18,100.000000,0,0,0.027641,1.200000,0.800000,mba,0,,0,0,-1,-1,-1,-1,-1,-1,-1,-1,-1,-1,-1,-1
1201,5,300,10,16,16,55014.332184,55014.358327,0.026143,0x40533c,1,809,430,379,20,100.000000,0,0,0.027641,1.200000,0.800000,mba,0,,0,0,-1,-1,-1,-1,-1,-1,-1,-1,-1,-1,-1,-1
1201,5,300,11,16,16,55014.331528,55014.356263,0.024735,0x40533c,1,695,287,408,54,100.000000,0,0,0.027641,1.200000,0.800000,mba,0,,0,0,-1,-1,-1,-1,-1,-1,-1,-1,-1,-1,-1,-1
1201,5,300,12,16,16,55014.331844,55014.351947,0.020103,0x40533c,1,54,32,22,24,50.000000,0,0,0.027641,1.200000,0.800000,mba,0,,0,0,-1,-1,-1,-1,-1,-1,-1,-1,-1,-1,-1,-1
1201,5,300,13,16,16,55014.332200,55014.352423,0.020223,0x40533c,1,91,50,41,58,50.000000,0,0,0.027641,1.200000,0.800000,mba,0,,0,0,-1,-1,-1,-1,-1,-1,-1,-1,-1,-1,-1,-1
1201,5,300,14,16,16,55014.332777,55014.353010,0.020233,0x40533c,1,49,15,34,60,50.000000,0,0,0.027641,1.200000,0.800000,mba,0,,0,0,-1,-1,-1,-1,-1,-1,-1,-1,-1,-1,-1,-1
1201,5,300,15,16,16,55014.331623,55014.352142,0.020519,0x40533c,1,68,36,32,62,50.000000,0,0,0.027641,1.200000,0.800000,mba,0,,0,0,-1,-1,-1,-1,-1,-1,-1,-1,-1,-1,-1,-1
1598,2,400,0,16,16,72856.685519,73042.574824,105.446470,0x4051ce,1,6828155,3571903,3256252,32,30.000000,1,1,187.297474,1.200000,0.800000,mba,0,,1,1,22798336,20815872,109035520,674407399424,677733072896,2671370240,674407489536,677733253120,2671280128,-1,-1,-1
1598,2,400,1,16,16,72856.668302,73042.854215,121.769002,0x4051ce,1,7595199,4293386,3301813,34,30.000000,1,1,187.297474,1.200000,0.800000,mba,0,,1,1,22708224,20004864,136429568,674407399424,677738209280,2999017472,674407399424,677738209280,2999107584,-1,-1,-1
1598,2,400,2,16,16,72856.660206,73042.658175,110.741229,0x4051ce,1,6596235,3734045,2862190,36,30.000000,1,1,187.297474,1.200000,0.800000,mba,0,,1,1,22708224,20365312,118767616,674407399424,677734514688,2778873856,674407399424,677734694912,2777972736,-1,-1,-1
1598,2,400,3,16,16,72856.673020,73043.100540,133.530324,0x4051ce,1,7673215,4920646,2752569,38,30.000000,1,1,187.297474,1.200000,0.800000,mba,0,,1,1,22708224,19644416,101736448,674407399424,677741453312,3174285312,674407399424,677741543424,3173474304,-1,-1,-1
1598,2,400,4,16,16,72856.688603,73043.929295,182.951024,0x4051ce,1,21225475,16218038,5007437,40,100.000000,1,1,187.297474,1.200000,0.800000,mba,0,,1,1,59744256,66412544,8560640,3750327713792,3762785787904,12447350784,3750328164352,3762785787904,12439330816,-1,-1,-1
1598,2,400,5,16,16,72856.681826,73043.751840,169.702424,0x4051ce,1,21904257,17313634,4590623,10,100.000000,1,1,187.297474,1.200000,0.800000,mba,0,,1,1,59834368,66502656,1802240,3750326992896,3762783535104,12215672832,3750327623680,3762783715328,12212428800,-1,-1,-1
1598,2,400,6,16,16,72856.647741,73043.667233,165.610515,0x4051ce,1,20286943,17263525,3023418,44,100.000000,1,1,187.297474,1.200000,0.800000,mba,0,,1,1,59744256,66322432,-450560,3750326902784,3762776776704,11938668544,3750327083008,3762777317376,11941732352,-1,-1,-1
1598,2,400,7,16,16,72856.658373,73043.772968,172.995923,0x4051ce,1,21750531,17767342,3983189,14,100.000000,1,1,187.297474,1.200000,0.800000,mba,0,,1,1,59834368,66502656,6307840,3750326902784,3762784165888,12337504256,3750327173120,3762784165888,12326961152,-1,-1,-1
1598,2,400,8,16,16,72856.674085,73043.736657,171.436196,0x4051ce,1,21741992,17445158,4296834,48,100.000000,1,1,187.297474,1.200000,0.800000,mba,0,,1,1,59744256,66502656,2072576,3750327083008,3762782994432,12287672320,3750327623680,3762783444992,12284248064,-1,-1,-1
1598,2,400,9,16,16,72856.656833,73043.659601,165.022503,0x4051ce,1,20289258,17118075,3171183,18,100.000000,1,1,187.297474,1.200000,0.800000,mba,0,,1,1,59924480,66142208,-450560,3750326902784,3762776055808,11891449856,3750327173120,3762776506368,11894513664,-1,-1,-1
1598,2,400,10,16,16,72856.676839,73043.764583,171.256184,0x4051ce,1,21763449,17751696,4011753,20,100.000000,1,1,187.297474,1.200000,0.800000,mba,0,,1,1,59744256,66502656,3874816,3750327083008,3762783895552,12291637248,3750327353344,3762784165888,12287852544,-1,-1,-1
1598,2,400,11,16,16,72856.662456,73043.734512,171.387008,0x4051ce,1,21657665,17476222,4181443,54,100.000000,1,1,187.297474,1.200000,0.800000,mba,0,,1,1,59744256,66502656,2703360,3750327083008,3762782904320,12295512064,3750327173120,3762783264768,12292538368,-1,-1,-1
1598,2,400,12,16,16,72856.631821,73043.455543,152.570903,0x4051ce,1,7584953,6399012,1185941,24,30.000000,1,1,187.297474,1.200000,0.800000,mba,0,,1,1,22528000,19193856,68575232,674407399424,677743525888,3322789888,674407399424,677743525888,3321438208,-1,-1,-1
1598,2,400,13,16,16,72856.646960,73043.369157,149.224242,0x4051ce,1,7645136,6134481,1510655,58,30.000000,1,1,187.297474,1.200000,0.800000,mba,0,,1,1,22528000,19193856,66682880,674407399424,677743525888,3312427008,674407399424,677743525888,3310534656,-1,-1,-1
1598,2,400,14,16,16,72856.668784,73042.884791,132.882685,0x4051ce,1,7664332,4825121,2839211,60,30.000000,1,1,187.297474,1.200000,0.800000,mba,0,,1,1,22708224,19914752,95879168,674407399424,677738389504,3165904896,674407399424,677738659840,3165184000,-1,-1,-1
1598,2,400,15,16,16,72856.665784,73042.924484,127.593486,0x4051ce,1,7510692,4697756,2812936,62,30.000000,1,1,187.297474,1.200000,0.800000,mba,0,,1,1,22708224,19734528,118407168,674407399424,677739200512,3094355968,674407399424,677739200512,3094355968,-1,-1,-1
1599,3,400,0,16,16,73044.143608,73044.294182,0.150574,0x405218,1,6649,3879,2770,32,20.000000,0,0,0.368159,1.200000,0.800000,mba,0,,0,0,-1,-1,-1,-1,-1,-1,-1,-1,-1,-1,-1,-1
1599,3,400,1,16,16,73044.142598,73044.277080,0.134482,0x405218,1,6213,3291,2922,34,20.000000,0,0,0.368159,1.200000,0.800000,mba,0,,0,0,-1,-1,-1,-1,-1,-1,-1,-1,-1,-1,-1,-1
1599,3,400,2,16,16,73044.142683,73044.302317,0.159634,0x405218,1,6051,3458,2593,36,20.000000,0,0,0.368159,1.200000,0.800000,mba,0,,0,0,-1,-1,-1,-1,-1,-1,-1,-1,-1,-1,-1,-1
1599,3,400,3,16,16,73044.142300,73044.276345,0.134045,0x405218,1,5223,2916,2307,38,20.000000,0,0,0.368159,1.200000,0.800000,mba,0,,0,0,-1,-1,-1,-1,-1,-1,-1,-1,-1,-1,-1,-1
1599,3,400,4,16,16,73044.142285,73044.509053,0.366768,0x405218,1,12042,8149,3893,40,100.000000,0,0,0.368159,1.200000,0.800000,mba,0,,0,0,-1,-1,-1,-1,-1,-1,-1,-1,-1,-1,-1,-1
1599,3,400,5,16,16,73044.142774,73044.434966,0.292192,0x405218,1,12644,9166,3478,10,100.000000,0,0,0.368159,1.200000,0.800000,mba,0,,0,0,-1,-1,-1,-1,-1,-1,-1,-1,-1,-1,-1,-1
1599,3,400,6,16,16,73044.142667,73044.422944,0.280277,0x405218,1,12209,9263,2946,44,100.000000,0,0,0.368159,1.200000,0.800000,mba,0,,0,0,-1,-1,-1,-1,-1,-1,-1,-1,-1,-1,-1,-1
1599,3,400,7,16,16,73044.142000,73044.435503,0.293503,0x405218,1,12471,9461,3010,14,100.000000,0,0,0.368159,1.200000,0.800000,mba,0,,0,0,-1,-1,-1,-1,-1,-1,-1,-1,-1,-1,-1,-1
1599,3,400,8,16,16,73044.142771,73044.430996,0.288225,0x405218,1,12424,9200,3224,48,100.000000,0,0,0.368159,1.200000,0.800000,mba,0,,0,0,-1,-1,-1,-1,-1,-1,-1,-1,-1,-1,-1,-1
1599,3,400,9,16,16,73044.142093,73044.426812,0.284719,0x405218,1,12333,9590,2743,18,100.000000,0,0,0.368159,1.200000,0.800000,mba,0,,0,0,-1,-1,-1,-1,-1,-1,-1,-1,-1,-1,-1,-1
1599,3,400,10,16,16,73044.142510,73044.425214,0.282704,0x405218,1,12741,9295,3446,20,100.000000,0,0,0.368159,1.200000,0.800000,mba,0,,0,0,-1,-1,-1,-1,-1,-1,-1,-1,-1,-1,-1,-1
1599,3,400,11,16,16,73044.142556,73044.436881,0.294325,0x405218,1,12348,9269,3079,54,100.000000,0,0,0.368159,1.200000,0.800000,mba,0,,0,0,-1,-1,-1,-1,-1,-1,-1,-1,-1,-1,-1,-1
1599,3,400,12,16,16,73044.141083,73044.285511,0.144428,0x405218,1,4688,3424,1264,24,20.000000,0,0,0.368159,1.200000,0.800000,mba,0,,0,0,-1,-1,-1,-1,-1,-1,-1,-1,-1,-1,-1,-1
1599,3,400,13,16,16,73044.141980,73044.285640,0.143660,0x405218,1,6150,3381,2769,58,20.000000,0,0,0.368159,1.200000,0.800000,mba,0,,0,0,-1,-1,-1,-1,-1,-1,-1,-1,-1,-1,-1,-1
1599,3,400,14,16,16,73044.140894,73044.269443,0.128549,0x405218,1,5285,2614,2671,60,20.000000,0,0,0.368159,1.200000,0.800000,mba,0,,0,0,-1,-1,-1,-1,-1,-1,-1,-1,-1,-1,-1,-1
1599,3,400,15,16,16,73044.142050,73044.272578,0.130528,0x405218,1,5670,3456,2214,62,20.000000,0,0,0.368159,1.200000,0.800000,mba,0,,0,0,-1,-1,-1,-1,-1,-1,-1,-1,-1,-1,-1,-1
1600,4,400,0,16,16,73045.310374,73045.349978,0.039604,0x4052e4,1,1779,1203,576,32,100.000000,0,0,0.046418,1.200000,0.800000,mba,0,,0,0,-1,-1,-1,-1,-1,-1,-1,-1,-1,-1,-1,-1
1600,4,400,1,16,16,73045.305044,73045.324757,0.019713,0x4052e4,1,254,197,57,34,20.000000,0,0,0.046418,1.200000,0.800000,mba,0,,0,0,-1,-1,-1,-1,-1,-1,-1,-1,-1,-1,-1,-1
1600,4,400,2,16,16,73045.305069,73045.326647,0.021578,0x4052e4,1,177,131,46,36,30.000000,0,0,0.046418,1.200000,0.800000,mba,0,,0,0,-1,-1,-1,-1,-1,-1,-1,-1,-1,-1,-1,-1
1600,4,400,3,16,16,73045.304572,73045.324114,0.019542,0x4052e4,1,124,82,42,38,20.000000,0,0,0.046418,1.200000,0.800000,mba,0,,0,0,-1,-1,-1,-1,-1,-1,-1,-1,-1,-1,-1,-1
1600,4,400,4,16,16,73045.304344,73045.327624,0.023280,0x4052e4,1,279,209,70,40,30.000000,0,0,0.046418,1.200000,0.800000,mba,0,,0,0,-1,-1,-1,-1,-1,-1,-1,-1,-1,-1,-1,-1
1600,4,400,5,16,16,73045.305593,73045.327166,0.021573,0x4052e4,1,359,297,62,10,30.000000,0,0,0.046418,1.200000,0.800000,mba,0,,0,0,-1,-1,-1,-1,-1,-1,-1,-1,-1,-1,-1,-1
1600,4,400,6,16,16,73045.304694,73045.326375,0.021681,0x4052e4,1,302,241,61,44,30.000000,0,0,0.046418,1.200000,0.800000,mba,0,,0,0,-1,-1,-1,-1,-1,-1,-1,-1,-1,-1,-1,-1
1600,4,400,7,16,16,73045.305430,73045.327128,0.021698,0x4052e4,1,351,284,67,14,30.000000,0,0,0.046418,1.200000,0.800000,mba,0,,0,0,-1,-1,-1,-1,-1,-1,-1,-1,-1,-1,-1,-1
1600,4,400,8,16,16,73045.303731,73045.325499,0.021768,0x4052e4,1,334,275,59,48,30.000000,0,0,0.046418,1.200000,0.800000,mba,0,,0,0,-1,-1,-1,-1,-1,-1,-1,-1,-1,-1,-1,-1
1600,4,400,9,16,16,73045.304622,73045.326479,0.021857,0x4052e4,1,352,304,48,18,30.000000,0,0,0.046418,1.200000,0.800000,mba,0,,0,0,-1,-1,-1,-1,-1,-1,-1,-1,-1,-1,-1,-1
1600,4,400,10,16,16,73045.303560,73045.325365,0.021805,0x4052e4,1,356,281,75,20,30.000000,0,0,0.046418,1.200000,0.800000,mba,0,,0,0,-1,-1,-1,-1,-1,-1,-1,-1,-1,-1,-1,-1
1600,4,400,11,16,16,73045.303791,73045.325083,0.021292,0x4052e4,1,356,276,80,54,30.000000,0,0,0.046418,1.200000,0.800000,mba,0,,0,0,-1,-1,-1,-1,-1,-1,-1,-1,-1,-1,-1,-1
1600,4,400,12,16,16,73045.303627,73045.322583,0.018956,0x4052e4,1,60,9,51,24,20.000000,0,0,0.046418,1.200000,0.800000,mba,0,,0,0,-1,-1,-1,-1,-1,-1,-1,-1,-1,-1,-1,-1
1600,4,400,13,16,16,73045.304249,73045.323609,0.019360,0x4052e4,1,127,89,38,58,20.000000,0,0,0.046418,1.200000,0.800000,mba,0,,0,0,-1,-1,-1,-1,-1,-1,-1,-1,-1,-1,-1,-1
1600,4,400,14,16,16,73045.303980,73045.323221,0.019241,0x4052e4,1,161,109,52,60,30.000000,0,0,0.046418,1.200000,0.800000,mba,0,,0,0,-1,-1,-1,-1,-1,-1,-1,-1,-1,-1,-1,-1
1600,4,400,15,16,16,73045.304622,73045.324358,0.019736,0x4052e4,1,154,94,60,62,30.000000,0,0,0.046418,1.200000,0.800000,mba,0,,0,0,-1,-1,-1,-1,-1,-1,-1,-1,-1,-1,-1,-1
1601,5,400,0,16,16,73045.407975,73045.426866,0.018891,0x40533c,1,33,3,30,32,40.000000,0,0,0.028183,1.200000,0.800000,mba,0,,0,0,-1,-1,-1,-1,-1,-1,-1,-1,-1,-1,-1,-1
1601,5,400,1,16,16,73045.408839,73045.427448,0.018609,0x40533c,1,92,40,52,34,40.000000,0,0,0.028183,1.200000,0.800000,mba,0,,0,0,-1,-1,-1,-1,-1,-1,-1,-1,-1,-1,-1,-1
1601,5,400,2,16,16,73045.408595,73045.427521,0.018926,0x40533c,1,65,38,27,36,50.000000,0,0,0.028183,1.200000,0.800000,mba,0,,0,0,-1,-1,-1,-1,-1,-1,-1,-1,-1,-1,-1,-1
1601,5,400,3,16,16,73045.408258,73045.427061,0.018803,0x40533c,1,81,47,34,38,50.000000,0,0,0.028183,1.200000,0.800000,mba,0,,0,0,-1,-1,-1,-1,-1,-1,-1,-1,-1,-1,-1,-1
1601,5,400,4,16,16,73045.408596,73045.434529,0.025933,0x40533c,1,157,87,70,40,100.000000,0,0,0.028183,1.200000,0.800000,mba,0,,0,0,-1,-1,-1,-1,-1,-1,-1,-1,-1,-1,-1,-1
1601,5,400,5,16,16,73045.408443,73045.432430,0.023987,0x40533c,1,660,415,245,10,100.000000,0,0,0.028183,1.200000,0.800000,mba,0,,0,0,-1,-1,-1,-1,-1,-1,-1,-1,-1,-1,-1,-1
1601,5,400,6,16,16,73045.407295,73045.430646,0.023351,0x40533c,1,726,428,298,44,100.000000,0,0,0.028183,1.200000,0.800000,mba,0,,0,0,-1,-1,-1,-1,-1,-1,-1,-1,-1,-1,-1,-1
1601,5,400,7,16,16,73045.408922,73045.432611,0.023689,0x40533c,1,826,524,302,14,100.000000,0,0,0.028183,1.200000,0.800000,mba,0,,0,0,-1,-1,-1,-1,-1,-1,-1,-1,-1,-1,-1,-1
1601,5,400,8,16,16,73045.407685,73045.431090,0.023405,0x40533c,1,824,448,376,48,100.000000,0,0,0.028183,1.200000,0.800000,mba,0,,0,0,-1,-1,-1,-1,-1,-1,-1,-1,-1,-1,-1,-1
1601,5,400,9,16,16,73045.408216,73045.431653,0.023437,0x40533c,1,730,290,440,18,100.000000,0,0,0.028183,1.200000,0.800000,mba,0,,0,0,-1,-1,-1,-1,-1,-1,-1,-1,-1,-1,-1,-1
1601,5,400,10,16,16,73045.408599,73045.431877,0.023278,0x40533c,1,791,424,367,20,100.000000,0,0,0.028183,1.200000,0.800000,mba,0,,0,0,-1,-1,-1,-1,-1,-1,-1,-1,-1,-1,-1,-1
1601,5,400,11,16,16,73045.408185,73045.431319,0.023134,0x40533c,1,861,358,503,54,100.000000,0,0,0.028183,1.200000,0.800000,mba,0,,0,0,-1,-1,-1,-1,-1,-1,-1,-1,-1,-1,-1,-1
1601,5,400,12,16,16,73045.406346,73045.424970,0.018624,0x40533c,1,51,27,24,24,50.000000,0,0,0.028183,1.200000,0.800000,mba,0,,0,0,-1,-1,-1,-1,-1,-1,-1,-1,-1,-1,-1,-1
1601,5,400,13,16,16,73045.407081,73045.425634,0.018553,0x40533c,1,114,64,50,58,40.000000,0,0,0.028183,1.200000,0.800000,mba,0,,0,0,-1,-1,-1,-1,-1,-1,-1,-1,-1,-1,-1,-1
1601,5,400,14,16,16,73045.407628,73045.426311,0.018683,0x40533c,1,85,42,43,60,40.000000,0,0,0.028183,1.200000,0.800000,mba,0,,0,0,-1,-1,-1,-1,-1,-1,-1,-1,-1,-1,-1,-1
1601,5,400,15,16,16,73045.407100,73045.425973,0.018873,0x40533c,1,128,67,61,62,50.000000,0,0,0.028183,1.200000,0.800000,mba,0,,0,0,-1,-1,-1,-1,-1,-1,-1,-1,-1,-1,-1,-1
1998,2,500,0,16,16,90755.612725,90943.844257,103.387299,0x4051ce,1,6826477,3506040,3320437,32,30.000000,1,1,189.578601,1.200000,0.800000,mba,0,,1,1,23969792,21176320,118497280,1009864097792,1013147959296,2612076544,1009864187904,1013148229632,2614689792,-1,-1,-1
1998,2,500,1,16,16,90755.641766,90944.016787,114.431114,0x4051ce,1,7002578,3756401,3246177,34,30.000000,1,1,189.578601,1.200000,0.800000,mba,0,,1,1,24330240,21807104,124985344,1009864368128,1013151563776,2867814400,1009864548352,1013151653888,2868715520,-1,-1,-1
1998,2,500,2,16,16,90755.653088,90944.042213,115.001757,0x4051ce,1,7195582,4107897,3087685,36,30.000000,1,1,189.578601,1.200000,0.800000,mba,0,,1,1,24330240,21897216,123453440,1009864548352,1013152104448,2880700416,1009864638464,1013152104448,2879528960,-1,-1,-1
1998,2,500,3,16,16,90755.630430,90944.395389,131.849274,0x4051ce,1,7678490,4859238,2819252,38,30.000000,1,1,189.578601,1.200000,0.800000,mba,0,,1,1,24150016,20635648,111378432,1009864187904,1013156159488,3132473344,1009864278016,1013156159488,3130130432,-1,-1,-1
1998,2,500,4,16,16,90755.607252,90945.180546,164.914708,0x4051ce,1,21425378,16439697,4985681,40,100.000000,1,1,189.578601,1.200000,0.800000,mba,0,,1,1,59113472,66772992,1261568,4990803648512,5002803232768,11309957120,4990803648512,5002803232768,11312750592,-1,-1,-1
1998,2,500,5,16,16,90755.653437,90945.167251,180.641978,0x4051ce,1,20571781,16506361,4065420,42,100.000000,1,1,189.578601,1.200000,0.800000,mba,0,,1,1,59023360,66772992,6037504,4990803918848,5002803142656,11922448384,4990804459520,5002803232768,11908030464,-1,-1,-1
1998,2,500,6,16,16,90755.640469,90945.040782,170.276999,0x4051ce,1,19266058,16194707,3071351,44,100.000000,1,1,189.578601,1.200000,0.800000,mba,0,,1,1,59023360,66052096,540672,4990803738624,5002796113920,11523973120,4990804279296,5002796384256,11523883008,-1,-1,-1
1998,2,500,7,16,16,90755.631177,90945.185853,182.903128,0x4051ce,1,20584874,16661286,3923588,46,100.000000,1,1,189.578601,1.200000,0.800000,mba,0,,1,1,58933248,66772992,7118848,4990803648512,5002803232768,11946508288,4990803828736,5002803232768,11938127872,-1,-1,-1
1998,2,500,8,16,16,90755.628890,90945.124695,169.431588,0x4051ce,1,21142586,16898573,4244013,48,100.000000,1,1,189.578601,1.200000,0.800000,mba,0,,1,1,59113472,66682880,1802240,4990803648512,5002801250304,11516674048,4990803648512,5002801790976,11521179648,-1,-1,-1
1998,2,500,9,16,16,90755.612340,90944.811899,159.970227,0x4051ce,1,19864777,16798708,3066069,18,100.000000,1,1,189.578601,1.200000,0.800000,mba,0,,1,1,59113472,65961984,450560,4990803648512,5002778451968,11005198336,4990803648512,5002778812416,11010514944,-1,-1,-1
1998,2,500,10,16,16,90755.629317,90944.901175,166.373920,0x4051ce,1,21316785,17352864,3963921,20,100.000000,1,1,189.578601,1.200000,0.800000,mba,0,,1,1,58933248,66232320,720896,4990803648512,5002785390592,11376549888,4990803828736,5002785660928,11380244480,-1,-1,-1
1998,2,500,11,16,16,90755.645780,90945.143594,182.122841,0x4051ce,1,20369545,16502338,3867207,54,100.000000,1,1,189.578601,1.200000,0.800000,mba,0,,1,1,59023360,66863104,5226496,4990803828736,5002802511872,11954528256,4990804819968,5002802872320,11952726016,-1,-1,-1
1998,2,500,12,16,16,90755.626562,90944.805077,149.473503,0x4051ce,1,7591636,6244345,1347291,24,30.000000,1,1,189.578601,1.200000,0.800000,mba,0,,1,1,24059904,20275200,78848000,1009864187904,1013158592512,3279716352,1009864278016,1013158592512,3276742656,-1,-1,-1
1998,2,500,13,16,16,90755.614146,90944.664998,147.391095,0x4051ce,1,7649208,6063151,1586057,58,30.000000,1,1,189.578601,1.200000,0.800000,mba,0,,1,1,24240128,20365312,79298560,1009864187904,1013157781504,3273138176,1009864278016,1013157781504,3269804032,-1,-1,-1
1998,2,500,14,16,16,90755.613793,90944.097241,130.564080,0x4051ce,1,7672609,4731941,2940668,60,30.000000,1,1,189.578601,1.200000,0.800000,mba,0,,1,1,23969792,21536768,108494848,1009864187904,1013153005568,3117965312,1009864278016,1013153005568,3115712512,-1,-1,-1
1998,2,500,15,16,16,90755.636970,90944.206885,124.970089,0x4051ce,1,7521359,4599164,2922195,62,30.000000,1,1,189.578601,1.200000,0.800000,mba,0,,1,1,24059904,20905984,118677504,1009864187904,1013154177024,3045064704,1009864278016,1013154177024,3044343808,-1,-1,-1
1999,3,500,0,16,16,90945.385025,90945.544903,0.159878,0x405218,1,6561,4201,2360,32,20.000000,0,0,0.375675,1.200000,0.800000,mba,0,,0,0,-1,-1,-1,-1,-1,-1,-1,-1,-1,-1,-1,-1
1999,3,500,1,16,16,90945.385139,90945.538661,0.153522,0x405218,1,5965,3125,2840,34,20.000000,0,0,0.375675,1.200000,0.800000,mba,0,,0,0,-1,-1,-1,-1,-1,-1,-1,-1,-1,-1,-1,-1
1999,3,500,2,16,16,90945.384908,90945.529378,0.144470,0x405218,1,6435,3670,2765,36,20.000000,0,0,0.375675,1.200000,0.800000,mba,0,,0,0,-1,-1,-1,-1,-1,-1,-1,-1,-1,-1,-1,-1
1999,3,500,3,16,16,90945.384347,90945.521424,0.137077,0x405218,1,5229,2883,2346,38,20.000000,0,0,0.375675,1.200000,0.800000,mba,0,,0,0,-1,-1,-1,-1,-1,-1,-1,-1,-1,-1,-1,-1
1999,3,500,4,16,16,90945.385537,90945.756433,0.370896,0x405218,1,11916,8194,3722,40,100.000000,0,0,0.375675,1.200000,0.800000,mba,0,,0,0,-1,-1,-1,-1,-1,-1,-1,-1,-1,-1,-1,-1
1999,3,500,5,16,16,90945.385106,90945.756601,0.371495,0x405218,1,11659,8445,3214,42,100.000000,0,0,0.375675,1.200000,0.800000,mba,0,,0,0,-1,-1,-1,-1,-1,-1,-1,-1,-1,-1,-1,-1
1999,3,500,6,16,16,90945.385504,90945.746200,0.360696,0x405218,1,11113,8337,2776,44,100.000000,0,0,0.375675,1.200000,0.800000,mba,0,,0,0,-1,-1,-1,-1,-1,-1,-1,-1,-1,-1,-1,-1
1999,3,500,7,16,16,90945.384933,90945.759788,0.374855,0x405218,1,11365,8570,2795,46,100.000000,0,0,0.375675,1.200000,0.800000,mba,0,,0,0,-1,-1,-1,-1,-1,-1,-1,-1,-1,-1,-1,-1
1999,3,500,8,16,16,90945.384749,90945.745904,0.361155,0x405218,1,11418,8315,3103,48,100.000000,0,0,0.375675,1.200000,0.800000,mba,0,,0,0,-1,-1,-1,-1,-1,-1,-1,-1,-1,-1,-1,-1
1999,3,500,9,16,16,90945.384807,90945.668292,0.283485,0x405218,1,12148,9118,3030,18,100.000000,0,0,0.375675,1.200000,0.800000,mba,0,,0,0,-1,-1,-1,-1,-1,-1,-1,-1,-1,-1,-1,-1
1999,3,500,10,16,16,90945.385444,90945.663505,0.278061,0x405218,1,12553,9006,3547,20,100.000000,0,0,0.375675,1.200000,0.800000,mba,0,,0,0,-1,-1,-1,-1,-1,-1,-1,-1,-1,-1,-1,-1
1999,3,500,11,16,16,90945.384114,90945.744034,0.359920,0x405218,1,11402,8441,2961,54,100.000000,0,0,0.375675,1.200000,0.800000,mba,0,,0,0,-1,-1,-1,-1,-1,-1,-1,-1,-1,-1,-1,-1
1999,3,500,12,16,16,90945.384140,90945.530919,0.146779,0x405218,1,4676,3289,1387,24,20.000000,0,0,0.375675,1.200000,0.800000,mba,0,,0,0,-1,-1,-1,-1,-1,-1,-1,-1,-1,-1,-1,-1
1999,3,500,13,16,16,90945.384660,90945.537028,0.152368,0x405218,1,6121,3294,2827,58,20.000000,0,0,0.375675,1.200000,0.800000,mba,0,,0,0,-1,-1,-1,-1,-1,-1,-1,-1,-1,-1,-1,-1
1999,3,500,14,16,16,90945.384113,90945.514044,0.129931,0x405218,1,5271,2536,2735,60,20.000000,0,0,0.375675,1.200000,0.800000,mba,0,,0,0,-1,-1,-1,-1,-1,-1,-1,-1,-1,-1,-1,-1
1999,3,500,15,16,16,90945.384134,90945.514959,0.130825,0x405218,1,5622,3347,2275,62,20.000000,0,0,0.375675,1.200000,0.800000,mba,0,,0,0,-1,-1,-1,-1,-1,-1,-1,-1,-1,-1,-1,-1
2000,4,500,0,16,16,90946.580536,90946.621670,0.041134,0x4052e4,1,1818,1217,601,32,100.000000,0,0,0.047240,1.200000,0.800000,mba,0,,0,0,-1,-1,-1,-1,-1,-1,-1,-1,-1,-1,-1,-1
2000,4,500,1,16,16,90946.576434,90946.599032,0.022598,0x4052e4,1,144,108,36,34,20.000000,0,0,0.047240,1.200000,0.800000,mba,0,,0,0,-1,-1,-1,-1,-1,-1,-1,-1,-1,-1,-1,-1
2000,4,500,2,16,16,90946.575663,90946.596943,0.021280,0x4052e4,1,277,239,38,36,30.000000,0,0,0.047240,1.200000,0.800000,mba,0,,0,0,-1,-1,-1,-1,-1,-1,-1,-1,-1,-1,-1,-1
2000,4,500,3,16,16,90946.574430,90946.595528,0.021098,0x4052e4,1,122,81,41,38,20.000000,0,0,0.047240,1.200000,0.800000,mba,0,,0,0,-1,-1,-1,-1,-1,-1,-1,-1,-1,-1,-1,-1
2000,4,500,4,16,16,90946.575548,90946.600234,0.024686,0x4052e4,1,212,175,37,40,30.000000,0,0,0.047240,1.200000,0.800000,mba,0,,0,0,-1,-1,-1,-1,-1,-1,-1,-1,-1,-1,-1,-1
2000,4,500,5,16,16,90946.576962,90946.601811,0.024849,0x4052e4,1,242,201,41,42,30.000000,0,0,0.047240,1.200000,0.800000,mba,0,,0,0,-1,-1,-1,-1,-1,-1,-1,-1,-1,-1,-1,-1
2000,4,500,6,16,16,90946.576649,90946.601004,0.024355,0x4052e4,1,194,153,41,44,30.000000,0,0,0.047240,1.200000,0.800000,mba,0,,0,0,-1,-1,-1,-1,-1,-1,-1,-1,-1,-1,-1,-1
2000,4,500,7,16,16,90946.575764,90946.601249,0.025485,0x4052e4,1,272,227,45,46,30.000000,0,0,0.047240,1.200000,0.800000,mba,0,,0,0,-1,-1,-1,-1,-1,-1,-1,-1,-1,-1,-1,-1
2000,4,500,8,16,16,90946.576486,90946.601175,0.024689,0x4052e4,1,216,159,57,48,30.000000,0,0,0.047240,1.200000,0.800000,mba,0,,0,0,-1,-1,-1,-1,-1,-1,-1,-1,-1,-1,-1,-1
2000,4,500,9,16,16,90946.575227,90946.598765,0.023538,0x4052e4,1,393,347,46,18,30.000000,0,0,0.047240,1.200000,0.800000,mba,0,,0,0,-1,-1,-1,-1,-1,-1,-1,-1,-1,-1,-1,-1
2000,4,500,10,16,16,90946.577114,90946.600308,0.023194,0x4052e4,1,291,245,46,20,30.000000,0,0,0.047240,1.200000,0.800000,mba,0,,0,0,-1,-1,-1,-1,-1,-1,-1,-1,-1,-1,-1,-1
2000,4,500,11,16,16,90946.574510,90946.598343,0.023833,0x4052e4,1,170,132,38,54,30.000000,0,0,0.047240,1.200000,0.800000,mba,0,,0,0,-1,-1,-1,-1,-1,-1,-1,-1,-1,-1,-1,-1
2000,4,500,12,16,16,90946.576026,90946.595909,0.019883,0x4052e4,1,48,7,41,24,20.000000,0,0,0.047240,1.200000,0.800000,mba,0,,0,0,-1,-1,-1,-1,-1,-1,-1,-1,-1,-1,-1,-1
2000,4,500,13,16,16,90946.576334,90946.597368,0.021034,0x4052e4,1,135,96,39,58,20.000000,0,0,0.047240,1.200000,0.800000,mba,0,,0,0,-1,-1,-1,-1,-1,-1,-1,-1,-1,-1,-1,-1
2000,4,500,14,16,16,90946.576346,90946.597470,0.021124,0x4052e4,1,143,104,39,60,20.000000,0,0,0.047240,1.200000,0.800000,mba,0,,0,0,-1,-1,-1,-1,-1,-1,-1,-1,-1,-1,-1,-1
2000,4,500,15,16,16,90946.576864,90946.597943,0.021079,0x4052e4,1,147,92,55,62,20.000000,0,0,0.047240,1.200000,0.800000,mba,0,,0,0,-1,-1,-1,-1,-1,-1,-1,-1,-1,-1,-1,-1
2001,5,500,0,16,16,90946.680544,90946.701096,0.020552,0x40533c,1,17,0,17,32,40.000000,0,0,0.029687,1.200000,0.800000,mba,0,,0,0,-1,-1,-1,-1,-1,-1,-1,-1,-1,-1,-1,-1
2001,5,500,1,16,16,90946.679250,90946.699752,0.020502,0x40533c,1,63,27,36,34,40.000000,0,0,0.029687,1.200000,0.800000,mba,0,,0,0,-1,-1,-1,-1,-1,-1,-1,-1,-1,-1,-1,-1
2001,5,500,2,16,16,90946.678591,90946.698781,0.020190,0x40533c,1,97,64,33,36,40.000000,0,0,0.029687,1.200000,0.800000,mba,0,,0,0,-1,-1,-1,-1,-1,-1,-1,-1,-1,-1,-1,-1
2001,5,500,3,16,16,90946.680276,90946.700527,0.020251,0x40533c,1,75,26,49,38,40.000000,0,0,0.029687,1.200000,0.800000,mba,0,,0,0,-1,-1,-1,-1,-1,-1,-1,-1,-1,-1,-1,-1
2001,5,500,4,16,16,90946.678592,90946.707048,0.028456,0x40533c,1,254,132,122,40,100.000000,0,0,0.029687,1.200000,0.800000,mba,0,,0,0,-1,-1,-1,-1,-1,-1,-1,-1,-1,-1,-1,-1
2001,5,500,5,16,16,90946.679809,90946.707495,0.027686,0x40533c,1,344,208,136,42,100.000000,0,0,0.029687,1.200000,0.800000,mba,0,,0,0,-1,-1,-1,-1,-1,-1,-1,-1,-1,-1,-1,-1
2001,5,500,6,16,16,90946.679378,90946.707073,0.027695,0x40533c,1,293,189,104,44,100.000000,0,0,0.029687,1.200000,0.800000,mba,0,,0,0,-1,-1,-1,-1,-1,-1,-1,-1,-1,-1,-1,-1
2001,5,500,7,16,16,90946.678988,90946.708278,0.029290,0x40533c,1,359,235,124,46,100.000000,0,0,0.029687,1.200000,0.800000,mba,0,,0,0,-1,-1,-1,-1,-1,-1,-1,-1,-1,-1,-1,-1
2001,5,500,8,16,16,90946.679250,90946.706767,0.027517,0x40533c,1,265,104,161,48,100.000000,0,0,0.029687,1.200000,0.800000,mba,0,,0,0,-1,-1,-1,-1,-1,-1,-1,-1,-1,-1,-1,-1
2001,5,500,9,16,16,90946.679685,90946.706052,0.026367,0x40533c,1,875,429,446,18,100.000000,0,0,0.029687,1.200000,0.800000,mba,0,,0,0,-1,-1,-1,-1,-1,-1,-1,-1,-1,-1,-1,-1
2001,5,500,10,16,16,90946.679557,90946.706170,0.026613,0x40533c,1,834,401,433,20,100.000000,0,0,0.029687,1.200000,0.800000,mba,0,,0,0,-1,-1,-1,-1,-1,-1,-1,-1,-1,-1,-1,-1
2001,5,500,11,16,16,90946.679961,90946.706858,0.026897,0x40533c,1,476,269,207,54,100.000000,0,0,0.029687,1.200000,0.800000,mba,0,,0,0,-1,-1,-1,-1,-1,-1,-1,-1,-1,-1,-1,-1
2001,5,500,12,16,16,90946.680100,90946.700375,0.020275,0x40533c,1,71,32,39,24,50.000000,0,0,0.029687,1.200000,0.800000,mba,0,,0,0,-1,-1,-1,-1,-1,-1,-1,-1,-1,-1,-1,-1
2001,5,500,13,16,16,90946.679656,90946.700002,0.020346,0x40533c,1,118,70,48,58,40.000000,0,0,0.029687,1.200000,0.800000,mba,0,,0,0,-1,-1,-1,-1,-1,-1,-1,-1,-1,-1,-1,-1
2001,5,500,14,16,16,90946.679539,90946.700300,0.020761,0x40533c,1,83,39,44,60,40.000000,0,0,0.029687,1.200000,0.800000,mba,0,,0,0,-1,-1,-1,-1,-1,-1,-1,-1,-1,-1,-1,-1
2001,5,500,15,16,16,90946.679520,90946.699681,0.020161,0x40533c,1,72,43,29,62,40.000000,0,0,0.029687,1.200000,0.800000,mba,0,,0,0,-1,-1,-1,-1,-1,-1,-1,-1,-1,-1,-1,-1
2398,2,600,0,16,16,108148.835332,108313.161744,100.184246,0x4051ce,1,6828585,3372410,3456175,32,30.000000,1,1,165.444609,1.200000,0.800000,mba,0,,1,1,25591808,21987328,60735488,1338717569024,1341396418560,2171428864,1338717569024,1341396688896,2172780544,-1,-1,-1
2398,2,600,1,16,16,108148.815608,108313.495676,117.363139,0x4051ce,1,7611665,4085056,3526609,34,30.000000,1,1,165.444609,1.200000,0.800000,mba,0,,1,1,25501696,21536768,81551360,1338717478912,1341401645056,2485829632,1338717569024,1341401645056,2485559296,-1,-1,-1
2398,2,600,2,16,16,108148.823255,108313.450367,112.956013,0x4051ce,1,7204237,4010630,3193607,36,30.000000,1,1,165.444609,1.200000,0.800000,mba,0,,1,1,25591808,21176320,67223552,1338717478912,1341401104384,2416533504,1338717569024,1341401104384,2414911488,-1,-1,-1
2398,2,600,3,16,16,108148.820974,108313.732553,129.780438,0x4051ce,1,7690338,4752464,2937874,38,30.000000,1,1,165.444609,1.200000,0.800000,mba,0,,1,1,25591808,21176320,61456384,1338717569024,1341403176960,2606579712,1338717569024,1341403176960,2605318144,-1,-1,-1
2398,2,600,4,16,16,108148.824704,108314.237168,154.941298,0x4051ce,1,20215582,15356297,4859285,40,100.000000,1,1,165.444609,1.200000,0.800000,mba,0,,1,1,58392576,63528960,-540672,6171390246912,6182839156736,11174428672,6171390337024,6182839156736,11171545088,-1,-1,-1
2398,2,600,5,16,16,108148.833804,108314.206291,158.306085,0x4051ce,1,20003694,16073774,3929920,42,100.000000,1,1,165.444609,1.200000,0.800000,mba,0,,1,1,58392576,63619072,3604480,6171390246912,6182838525952,11395563520,6171390607360,6182838616064,11387994112,-1,-1,-1
2398,2,600,6,16,16,108148.834387,108314.130644,153.074824,0x4051ce,1,18709794,15648350,3061444,44,100.000000,1,1,165.444609,1.200000,0.800000,mba,0,,1,1,58392576,63168512,-991232,6171390156800,6182833119232,11071340544,6171390517248,6182833750016,11075125248,-1,-1,-1
2398,2,600,7,16,16,108148.827574,108314.259478,160.118483,0x4051ce,1,19868156,16285910,3582246,46,100.000000,1,1,165.444609,1.200000,0.800000,mba,0,,1,1,58392576,63528960,6848512,6171390246912,6182839336960,11431608320,6171390517248,6182839336960,11418181632,-1,-1,-1
2398,2,600,8,16,16,108148.814869,108314.181391,158.890099,0x4051ce,1,19867465,15981536,3885929,48,100.000000,1,1,165.444609,1.200000,0.800000,mba,0,,1,1,58392576,63709184,2883584,6171390246912,6182837174272,11398987776,6171390246912,6182837534720,11398447104,-1,-1,-1
2398,2,600,9,16,16,108149.051274,108314.132425,151.935093,0x4051ce,1,18700306,15546911,3153395,50,100.000000,1,1,165.444609,1.200000,0.800000,mba,0,,1,1,56950784,63078400,-1081344,6171407368192,6182833209344,10974830592,6171407638528,6182833840128,10980687872,-1,-1,-1
2398,2,600,10,16,16,108148.818986,108314.215555,158.358273,0x4051ce,1,19876977,16247892,3629085,52,100.000000,1,1,165.444609,1.200000,0.800000,mba,0,,1,1,58302464,63528960,2613248,6171390156800,6182838796288,11395923968,6171390246912,6182838886400,11393671168,-1,-1,-1
2398,2,600,11,16,16,108148.826256,108314.167907,158.682675,0x4051ce,1,19778598,16013198,3765400,54,100.000000,1,1,165.444609,1.200000,0.800000,mba,0,,1,1,58392576,63799296,4415488,6171390246912,6182836092928,11397816320,6171390427136,6182836543488,11395112960,-1,-1,-1
2398,2,600,12,16,16,108148.837638,108313.369672,108.322529,0x4051ce,1,7607518,5999921,1607597,24,40.000000,1,1,165.444609,1.200000,0.800000,mba,0,,1,1,0,811008,44785664,236521472000,237026099200,499851264,236521472000,237026099200,499851264,-1,-1,-1
2398,2,600,13,16,16,108148.825602,108314.043270,145.799838,0x4051ce,1,7361115,5878963,1482152,58,30.000000,1,1,165.444609,1.200000,0.800000,mba,0,,1,1,25501696,21086208,38117376,1338717478912,1341403987968,2679570432,1338717569024,1341403987968,2676957184,-1,-1,-1
2398,2,600,14,16,16,108148.815531,108313.496407,128.216810,0x4051ce,1,7681749,4596612,3085137,60,30.000000,1,1,165.444609,1.200000,0.800000,mba,0,,1,1,25591808,21626880,60645376,1338717478912,1341401645056,2598289408,1338717569024,1341401645056,2598469632,-1,-1,-1
2398,2,600,15,16,16,108148.815501,108313.504023,121.783365,0x4051ce,1,7537522,4447680,3089842,62,30.000000,1,1,165.444609,1.200000,0.800000,mba,0,,1,1,25501696,21446656,70377472,1338717478912,1341401645056,2539356160,1338717569024,1341401735168,2538995712,-1,-1,-1
2399,3,600,0,16,16,108314.454261,108314.601254,0.146993,0x405218,1,6614,3853,2761,32,20.000000,0,0,0.285477,1.200000,0.800000,mba,0,,0,0,-1,-1,-1,-1,-1,-1,-1,-1,-1,-1,-1,-1
2399,3,600,1,16,16,108314.452630,108314.586778,0.134148,0x405218,1,6265,3223,3042,34,20.000000,0,0,0.285477,1.200000,0.800000,mba,0,,0,0,-1,-1,-1,-1,-1,-1,-1,-1,-1,-1,-1,-1
2399,3,600,2,16,16,108314.452934,108314.595490,0.142556,0x405218,1,6489,3580,2909,36,20.000000,0,0,0.285477,1.200000,0.800000,mba,0,,0,0,-1,-1,-1,-1,-1,-1,-1,-1,-1,-1,-1,-1
2399,3,600,3,16,16,108314.452750,108314.580792,0.128042,0x405218,1,5189,2639,2550,38,20.000000,0,0,0.285477,1.200000,0.800000,mba,0,,0,0,-1,-1,-1,-1,-1,-1,-1,-1,-1,-1,-1,-1
2399,3,600,4,16,16,108314.452651,108314.736772,0.284121,0x405218,1,12452,8713,3739,40,100.000000,0,0,0.285477,1.200000,0.800000,mba,0,,0,0,-1,-1,-1,-1,-1,-1,-1,-1,-1,-1,-1,-1
2399,3,600,5,16,16,108314.453253,108314.734790,0.281537,0x405218,1,12265,9035,3230,42,100.000000,0,0,0.285477,1.200000,0.800000,mba,0,,0,0,-1,-1,-1,-1,-1,-1,-1,-1,-1,-1,-1,-1
2399,3,600,6,16,16,108314.453032,108314.722792,0.269760,0x405218,1,11893,8838,3055,44,100.000000,0,0,0.285477,1.200000,0.800000,mba,0,,0,0,-1,-1,-1,-1,-1,-1,-1,-1,-1,-1,-1,-1
2399,3,600,7,16,16,108314.453840,108314.726547,0.272707,0x405218,1,12107,9085,3022,46,100.000000,0,0,0.285477,1.200000,0.800000,mba,0,,0,0,-1,-1,-1,-1,-1,-1,-1,-1,-1,-1,-1,-1
2399,3,600,8,16,16,108314.452667,108314.721976,0.269309,0x405218,1,12143,8849,3294,48,100.000000,0,0,0.285477,1.200000,0.800000,mba,0,,0,0,-1,-1,-1,-1,-1,-1,-1,-1,-1,-1,-1,-1
2399,3,600,9,16,16,108314.454096,108314.727138,0.273042,0x405218,1,11932,9143,2789,50,100.000000,0,0,0.285477,1.200000,0.800000,mba,0,,0,0,-1,-1,-1,-1,-1,-1,-1,-1,-1,-1,-1,-1
2399,3,600,10,16,16,108314.453336,108314.720339,0.267003,0x405218,1,12308,8784,3524,52,100.000000,0,0,0.285477,1.200000,0.800000,mba,0,,0,0,-1,-1,-1,-1,-1,-1,-1,-1,-1,-1,-1,-1
2399,3,600,11,16,16,108314.452946,108314.726616,0.273670,0x405218,1,12032,8824,3208,54,100.000000,0,0,0.285477,1.200000,0.800000,mba,0,,0,0,-1,-1,-1,-1,-1,-1,-1,-1,-1,-1,-1,-1
2399,3,600,12,16,16,108314.451295,108314.597547,0.146252,0x405218,1,4778,3615,1163,24,20.000000,0,0,0.285477,1.200000,0.800000,mba,0,,0,0,-1,-1,-1,-1,-1,-1,-1,-1,-1,-1,-1,-1
2399,3,600,13,16,16,108314.451408,108314.622024,0.170616,0x405218,1,5677,3386,2291,58,20.000000,0,0,0.285477,1.200000,0.800000,mba,0,,0,0,-1,-1,-1,-1,-1,-1,-1,-1,-1,-1,-1,-1
2399,3,600,14,16,16,108314.451787,108314.567651,0.115864,0x405218,1,5273,2387,2886,60,20.000000,0,0,0.285477,1.200000,0.800000,mba,0,,0,0,-1,-1,-1,-1,-1,-1,-1,-1,-1,-1,-1,-1
2399,3,600,15,16,16,108314.451679,108314.579473,0.127794,0x405218,1,5707,3365,2342,62,20.000000,0,0,0.285477,1.200000,0.800000,mba,0,,0,0,-1,-1,-1,-1,-1,-1,-1,-1,-1,-1,-1,-1
2400,4,600,0,16,16,108315.562819,108315.604493,0.041674,0x4052e4,1,1871,1267,604,32,100.000000,0,0,0.047575,1.200000,0.800000,mba,0,,0,0,-1,-1,-1,-1,-1,-1,-1,-1,-1,-1,-1,-1
2400,4,600,1,16,16,108315.559561,108315.579996,0.020435,0x4052e4,1,309,272,37,34,20.000000,0,0,0.047575,1.200000,0.800000,mba,0,,0,0,-1,-1,-1,-1,-1,-1,-1,-1,-1,-1,-1,-1
2400,4,600,2,16,16,108315.559552,108315.580978,0.021426,0x4052e4,1,441,390,51,36,20.000000,0,0,0.047575,1.200000,0.800000,mba,0,,0,0,-1,-1,-1,-1,-1,-1,-1,-1,-1,-1,-1,-1
2400,4,600,3,16,16,108315.558751,108315.578333,0.019582,0x4052e4,1,117,79,38,38,20.000000,0,0,0.047575,1.200000,0.800000,mba,0,,0,0,-1,-1,-1,-1,-1,-1,-1,-1,-1,-1,-1,-1
2400,4,600,4,16,16,108315.558881,108315.581494,0.022613,0x4052e4,1,347,305,42,40,30.000000,0,0,0.047575,1.200000,0.800000,mba,0,,0,0,-1,-1,-1,-1,-1,-1,-1,-1,-1,-1,-1,-1
2400,4,600,5,16,16,108315.559308,108315.581297,0.021989,0x4052e4,1,329,278,51,42,30.000000,0,0,0.047575,1.200000,0.800000,mba,0,,0,0,-1,-1,-1,-1,-1,-1,-1,-1,-1,-1,-1,-1
2400,4,600,6,16,16,108315.559251,108315.581756,0.022505,0x4052e4,1,283,226,57,44,30.000000,0,0,0.047575,1.200000,0.800000,mba,0,,0,0,-1,-1,-1,-1,-1,-1,-1,-1,-1,-1,-1,-1
2400,4,600,7,16,16,108315.559803,108315.582664,0.022861,0x4052e4,1,455,396,59,46,30.000000,0,0,0.047575,1.200000,0.800000,mba,0,,0,0,-1,-1,-1,-1,-1,-1,-1,-1,-1,-1,-1,-1
2400,4,600,8,16,16,108315.559263,108315.581617,0.022354,0x4052e4,1,270,225,45,48,30.000000,0,0,0.047575,1.200000,0.800000,mba,0,,0,0,-1,-1,-1,-1,-1,-1,-1,-1,-1,-1,-1,-1
2400,4,600,9,16,16,108315.559499,108315.582649,0.023150,0x4052e4,1,380,329,51,50,30.000000,0,0,0.047575,1.200000,0.800000,mba,0,,0,0,-1,-1,-1,-1,-1,-1,-1,-1,-1,-1,-1,-1
2400,4,600,10,16,16,108315.559743,108315.582161,0.022418,0x4052e4,1,408,344,64,52,30.000000,0,0,0.047575,1.200000,0.800000,mba,0,,0,0,-1,-1,-1,-1,-1,-1,-1,-1,-1,-1,-1,-1
2400,4,600,11,16,16,108315.559882,108315.581900,0.022018,0x4052e4,1,430,376,54,54,20.000000,0,0,0.047575,1.200000,0.800000,mba,0,,0,0,-1,-1,-1,-1,-1,-1,-1,-1,-1,-1,-1,-1
2400,4,600,12,16,16,108315.556918,108315.575903,0.018985,0x4052e4,1,46,18,28,24,20.000000,0,0,0.047575,1.200000,0.800000,mba,0,,0,0,-1,-1,-1,-1,-1,-1,-1,-1,-1,-1,-1,-1
2400,4,600,13,16,16,108315.558146,108315.578021,0.019875,0x4052e4,1,42,11,31,58,20.000000,0,0,0.047575,1.200000,0.800000,mba,0,,0,0,-1,-1,-1,-1,-1,-1,-1,-1,-1,-1,-1,-1
2400,4,600,14,16,16,108315.557338,108315.577115,0.019777,0x4052e4,1,123,91,32,60,20.000000,0,0,0.047575,1.200000,0.800000,mba,0,,0,0,-1,-1,-1,-1,-1,-1,-1,-1,-1,-1,-1,-1
2400,4,600,15,16,16,108315.557349,108315.576912,0.019563,0x4052e4,1,129,93,36,62,20.000000,0,0,0.047575,1.200000,0.800000,mba,0,,0,0,-1,-1,-1,-1,-1,-1,-1,-1,-1,-1,-1,-1
2401,5,600,0,16,16,108315.658990,108315.678120,0.019130,0x40533c,1,27,0,27,32,50.000000,0,0,0.035914,1.200000,0.800000,mba,0,,0,0,-1,-1,-1,-1,-1,-1,-1,-1,-1,-1,-1,-1
2401,5,600,1,16,16,108315.659916,108315.678573,0.018657,0x40533c,1,62,28,34,34,40.000000,0,0,0.035914,1.200000,0.800000,mba,0,,0,0,-1,-1,-1,-1,-1,-1,-1,-1,-1,-1,-1,-1
2401,5,600,2,16,16,108315.659912,108315.678794,0.018882,0x40533c,1,74,40,34,36,40.000000,0,0,0.035914,1.200000,0.800000,mba,0,,0,0,-1,-1,-1,-1,-1,-1,-1,-1,-1,-1,-1,-1
2401,5,600,3,16,16,108315.658074,108315.677076,0.019002,0x40533c,1,64,38,26,38,40.000000,0,0,0.035914,1.200000,0.800000,mba,0,,0,0,-1,-1,-1,-1,-1,-1,-1,-1,-1,-1,-1,-1
2401,5,600,4,16,16,108315.659638,108315.693988,0.034350,0x40533c,1,669,348,321,40,100.000000,0,0,0.035914,1.200000,0.800000,mba,0,,0,0,-1,-1,-1,-1,-1,-1,-1,-1,-1,-1,-1,-1
2401,5,600,5,16,16,108315.658195,108315.682059,0.023864,0x40533c,1,677,394,283,42,100.000000,0,0,0.035914,1.200000,0.800000,mba,0,,0,0,-1,-1,-1,-1,-1,-1,-1,-1,-1,-1,-1,-1
2401,5,600,6,16,16,108315.658764,108315.682637,0.023873,0x40533c,1,752,429,323,44,100.000000,0,0,0.035914,1.200000,0.800000,mba,0,,0,0,-1,-1,-1,-1,-1,-1,-1,-1,-1,-1,-1,-1
2401,5,600,7,16,16,108315.659493,108315.683751,0.024258,0x40533c,1,825,518,307,46,100.000000,0,0,0.035914,1.200000,0.800000,mba,0,,0,0,-1,-1,-1,-1,-1,-1,-1,-1,-1,-1,-1,-1
2401,5,600,8,16,16,108315.659165,108315.683116,0.023951,0x40533c,1,755,459,296,48,100.000000,0,0,0.035914,1.200000,0.800000,mba,0,,0,0,-1,-1,-1,-1,-1,-1,-1,-1,-1,-1,-1,-1
2401,5,600,9,16,16,108315.658941,108315.684515,0.025574,0x40533c,1,669,298,371,50,100.000000,0,0,0.035914,1.200000,0.800000,mba,0,,0,0,-1,-1,-1,-1,-1,-1,-1,-1,-1,-1,-1,-1
2401,5,600,10,16,16,108315.659640,108315.683495,0.023855,0x40533c,1,832,465,367,52,100.000000,0,0,0.035914,1.200000,0.800000,mba,0,,0,0,-1,-1,-1,-1,-1,-1,-1,-1,-1,-1,-1,-1
2401,5,600,11,16,16,108315.659792,108315.683699,0.023907,0x40533c,1,811,296,515,54,100.000000,0,0,0.035914,1.200000,0.800000,mba,0,,0,0,-1,-1,-1,-1,-1,-1,-1,-1,-1,-1,-1,-1
2401,5,600,12,16,16,108315.658786,108315.677527,0.018741,0x40533c,1,64,39,25,24,40.000000,0,0,0.035914,1.200000,0.800000,mba,0,,0,0,-1,-1,-1,-1,-1,-1,-1,-1,-1,-1,-1,-1
2401,5,600,13,16,16,108315.658457,108315.677323,0.018866,0x40533c,1,44,14,30,58,40.000000,0,0,0.035914,1.200000,0.800000,mba,0,,0,0,-1,-1,-1,-1,-1,-1,-1,-1,-1,-1,-1,-1
2401,5,600,14,16,16,108315.659916,108315.678636,0.018720,0x40533c,1,65,44,21,60,40.000000,0,0,0.035914,1.200000,0.800000,mba,0,,0,0,-1,-1,-1,-1,-1,-1,-1,-1,-1,-1,-1,-1
2401,5,600,15,16,16,108315.658312,108315.677406,0.019094,0x40533c,1,60,28,32,62,40.000000,0,0,0.035914,1.200000,0.800000,mba,0,,0,0,-1,-1,-1,-1,-1,-1,-1,-1,-1,-1,-1,-1
2798,2,700,0,16,16,124408.939425,124567.604509,98.418902,0x4051ce,1,6830292,3308042,3522250,32,30.000000,1,1,159.666166,1.200000,0.800000,mba,0,,1,1,25681920,19554304,38928384,1609146744832,1611330519040,1815126016,1609146834944,1611330609152,1815216128,-1,-1,-1
2798,2,700,1,16,16,124408.877827,124567.914592,115.055395,0x4051ce,1,7626432,4015989,3610443,34,30.000000,1,1,159.666166,1.200000,0.800000,mba,0,,1,1,25321472,19644416,60104704,1609146654720,1611335024640,2079784960,1609146654720,1611335114752,2079334400,-1,-1,-1
2798,2,700,2,16,16,124408.904471,124567.917778,111.496202,0x4051ce,1,7218738,3959754,3258984,36,30.000000,1,1,159.666166,1.200000,0.800000,mba,0,,1,1,25411584,19734528,45957120,1609146654720,1611335114752,2027790336,1609146744832,1611335114752,2027429888,-1,-1,-1
2798,2,700,3,16,16,124408.893013,124568.192273,128.415652,0x4051ce,1,7698637,4701219,2997418,38,30.000000,1,1,159.666166,1.200000,0.800000,mba,0,,1,1,25321472,19103744,45596672,1609146654720,1611336105984,2167283712,1609146654720,1611336105984,2166292480,-1,-1,-1
2798,2,700,4,16,16,124408.889692,124568.543162,148.760091,0x4051ce,1,19142404,14323732,4818672,40,100.000000,1,1,159.666166,1.200000,0.800000,mba,0,,1,1,56320000,61366272,-90112,7271581712384,7282267734016,10450378752,7271581712384,7282267734016,10444791808,-1,-1,-1
2798,2,700,5,16,16,124408.928287,124568.535695,151.371429,0x4051ce,1,18947472,15055068,3892404,42,100.000000,1,1,159.666166,1.200000,0.800000,mba,0,,1,1,56320000,61366272,270336,7271581712384,7282267734016,10608615424,7271582162944,7282267734016,10603569152,-1,-1,-1
2798,2,700,6,16,16,124408.922469,124568.445580,146.384425,0x4051ce,1,17781447,14679197,3102250,44,100.000000,1,1,159.666166,1.200000,0.800000,mba,0,,1,1,56320000,61186048,-360448,7271581712384,7282262056960,10302685184,7271581982720,7282262958080,10306920448,-1,-1,-1
2798,2,700,7,16,16,124408.928960,124568.543993,153.598898,0x4051ce,1,18806536,15317233,3489303,46,100.000000,1,1,159.666166,1.200000,0.800000,mba,0,,1,1,56320000,61366272,3964928,7271581712384,7282267734016,10660790272,7271581982720,7282267734016,10652139520,-1,-1,-1
2798,2,700,8,16,16,124408.908791,124568.502450,152.064214,0x4051ce,1,18803564,14991114,3812450,48,100.000000,1,1,159.666166,1.200000,0.800000,mba,0,,1,1,56410112,61186048,-360448,7271581712384,7282266742784,10609516544,7271581802496,7282267193344,10609246208,-1,-1,-1
2798,2,700,9,16,16,124408.906231,124568.419516,145.785703,0x4051ce,1,17779785,14540035,3239750,50,100.000000,1,1,159.666166,1.200000,0.800000,mba,0,,1,1,56320000,60735488,-720896,7271581712384,7282259714048,10249519104,7271581712384,7282260074496,10248888320,-1,-1,-1
2798,2,700,10,16,16,124408.915537,124568.537871,151.632666,0x4051ce,1,18809909,15297853,3512056,52,100.000000,1,1,159.666166,1.200000,0.800000,mba,0,,1,1,56320000,61366272,-90112,7271581712384,7282267734016,10613661696,7271581892608,7282267734016,10609156096,-1,-1,-1
2798,2,700,11,16,16,124408.918741,124568.504316,152.361316,0x4051ce,1,18714990,15057652,3657338,54,100.000000,1,1,159.666166,1.200000,0.800000,mba,0,,1,1,56320000,61186048,90112,7271581712384,7282267103232,10627719168,7271581892608,7282267373568,10622492672,-1,-1,-1
2798,2,700,12,16,16,124408.898613,124567.862543,108.633837,0x4051ce,1,7617108,6078789,1538319,24,40.000000,1,1,159.666166,1.200000,0.800000,mba,0,,1,1,811008,2703360,67854336,287090794496,288086081536,986726400,287090794496,288086081536,986456064,-1,-1,-1
2798,2,700,13,16,16,124408.933571,124567.731578,105.177505,0x4051ce,1,7672410,5770160,1902250,58,40.000000,1,1,159.666166,1.200000,0.800000,mba,0,,1,1,811008,2613248,63799296,287090794496,288085360640,973119488,287090794496,288085360640,973660160,-1,-1,-1
2798,2,700,14,16,16,124408.891653,124567.989788,127.503626,0x4051ce,1,7683613,4604737,3078876,60,30.000000,1,1,159.666166,1.200000,0.800000,mba,0,,1,1,25501696,19464192,44425216,1609146654720,1611335385088,2165481472,1609146654720,1611335385088,2162958336,-1,-1,-1
2798,2,700,15,16,16,124408.933053,124567.920055,118.930443,0x4051ce,1,7548714,4314059,3234655,62,30.000000,1,1,159.666166,1.200000,0.800000,mba,0,,1,1,25501696,19644416,57671680,1609146654720,1611335024640,2117361664,1609146744832,1611335114752,2117181440,-1,-1,-1
2799,3,700,0,16,16,124568.733396,124568.872655,0.139259,0x405218,1,6539,3658,2881,32,20.000000,0,0,0.273891,1.200000,0.800000,mba,0,,0,0,-1,-1,-1,-1,-1,-1,-1,-1,-1,-1,-1,-1
2799,3,700,1,16,16,124568.731804,124568.863209,0.131405,0x405218,1,6214,3149,3065,34,20.000000,0,0,0.273891,1.200000,0.800000,mba,0,,0,0,-1,-1,-1,-1,-1,-1,-1,-1,-1,-1,-1,-1
2799,3,700,2,16,16,124568.732237,124568.873629,0.141392,0x405218,1,6478,3563,2915,36,20.000000,0,0,0.273891,1.200000,0.800000,mba,0,,0,0,-1,-1,-1,-1,-1,-1,-1,-1,-1,-1,-1,-1
2799,3,700,3,16,16,124568.731839,124568.866422,0.134583,0x405218,1,5199,2718,2481,38,20.000000,0,0,0.273891,1.200000,0.800000,mba,0,,0,0,-1,-1,-1,-1,-1,-1,-1,-1,-1,-1,-1,-1
2799,3,700,4,16,16,124568.732020,124569.004631,0.272611,0x405218,1,12154,8277,3877,40,100.000000,0,0,0.273891,1.200000,0.800000,mba,0,,0,0,-1,-1,-1,-1,-1,-1,-1,-1,-1,-1,-1,-1
2799,3,700,5,16,16,124568.731644,124569.000601,0.268957,0x405218,1,11961,8522,3439,42,100.000000,0,0,0.273891,1.200000,0.800000,mba,0,,0,0,-1,-1,-1,-1,-1,-1,-1,-1,-1,-1,-1,-1
2799,3,700,6,16,16,124568.732149,124568.992079,0.259930,0x405218,1,11614,8714,2900,44,100.000000,0,0,0.273891,1.200000,0.800000,mba,0,,0,0,-1,-1,-1,-1,-1,-1,-1,-1,-1,-1,-1,-1
2799,3,700,7,16,16,124568.732832,124568.996794,0.263962,0x405218,1,11818,8864,2954,46,100.000000,0,0,0.273891,1.200000,0.800000,mba,0,,0,0,-1,-1,-1,-1,-1,-1,-1,-1,-1,-1,-1,-1
2799,3,700,8,16,16,124568.731759,124569.001301,0.269542,0x405218,1,11889,8655,3234,48,100.000000,0,0,0.273891,1.200000,0.800000,mba,0,,0,0,-1,-1,-1,-1,-1,-1,-1,-1,-1,-1,-1,-1
2799,3,700,9,16,16,124568.732389,124568.997244,0.264855,0x405218,1,11712,8887,2825,50,100.000000,0,0,0.273891,1.200000,0.800000,mba,0,,0,0,-1,-1,-1,-1,-1,-1,-1,-1,-1,-1,-1,-1
2799,3,700,10,16,16,124568.731428,124568.992786,0.261358,0x405218,1,12076,8582,3494,52,100.000000,0,0,0.273891,1.200000,0.800000,mba,0,,0,0,-1,-1,-1,-1,-1,-1,-1,-1,-1,-1,-1,-1
2799,3,700,11,16,16,124568.732253,124569.004927,0.272674,0x405218,1,11779,8539,3240,54,100.000000,0,0,0.273891,1.200000,0.800000,mba,0,,0,0,-1,-1,-1,-1,-1,-1,-1,-1,-1,-1,-1,-1
2799,3,700,12,16,16,124568.731036,124568.871674,0.140638,0x405218,1,4714,3479,1235,24,20.000000,0,0,0.273891,1.200000,0.800000,mba,0,,0,0,-1,-1,-1,-1,-1,-1,-1,-1,-1,-1,-1,-1
2799,3,700,13,16,16,124568.732473,124568.868477,0.136004,0x405218,1,6082,3290,2792,58,20.000000,0,0,0.273891,1.200000,0.800000,mba,0,,0,0,-1,-1,-1,-1,-1,-1,-1,-1,-1,-1,-1,-1
2799,3,700,14,16,16,124568.731831,124568.857077,0.125246,0x405218,1,5270,2427,2843,60,20.000000,0,0,0.273891,1.200000,0.800000,mba,0,,0,0,-1,-1,-1,-1,-1,-1,-1,-1,-1,-1,-1,-1
2799,3,700,15,16,16,124568.731332,124568.857466,0.126134,0x405218,1,5724,3197,2527,62,20.000000,0,0,0.273891,1.200000,0.800000,mba,0,,0,0,-1,-1,-1,-1,-1,-1,-1,-1,-1,-1,-1,-1
2800,4,700,0,16,16,124569.838729,124569.879945,0.041216,0x4052e4,1,1864,1232,632,32,100.000000,0,0,0.047605,1.200000,0.800000,mba,0,,0,0,-1,-1,-1,-1,-1,-1,-1,-1,-1,-1,-1,-1
2800,4,700,1,16,16,124569.833831,124569.855227,0.021396,0x4052e4,1,286,234,52,34,20.000000,0,0,0.047605,1.200000,0.800000,mba,0,,0,0,-1,-1,-1,-1,-1,-1,-1,-1,-1,-1,-1,-1
2800,4,700,2,16,16,124569.832951,124569.854358,0.021407,0x4052e4,1,267,216,51,36,20.000000,0,0,0.047605,1.200000,0.800000,mba,0,,0,0,-1,-1,-1,-1,-1,-1,-1,-1,-1,-1,-1,-1
2800,4,700,3,16,16,124569.832667,124569.853151,0.020484,0x4052e4,1,109,55,54,38,20.000000,0,0,0.047605,1.200000,0.800000,mba,0,,0,0,-1,-1,-1,-1,-1,-1,-1,-1,-1,-1,-1,-1
2800,4,700,4,16,16,124569.832543,124569.856967,0.024424,0x4052e4,1,367,318,49,40,20.000000,0,0,0.047605,1.200000,0.800000,mba,0,,0,0,-1,-1,-1,-1,-1,-1,-1,-1,-1,-1,-1,-1
2800,4,700,5,16,16,124569.832657,124569.856184,0.023527,0x4052e4,1,340,256,84,42,20.000000,0,0,0.047605,1.200000,0.800000,mba,0,,0,0,-1,-1,-1,-1,-1,-1,-1,-1,-1,-1,-1,-1
2800,4,700,6,16,16,124569.833903,124569.857600,0.023697,0x4052e4,1,292,233,59,44,20.000000,0,0,0.047605,1.200000,0.800000,mba,0,,0,0,-1,-1,-1,-1,-1,-1,-1,-1,-1,-1,-1,-1
2800,4,700,7,16,16,124569.834301,124569.858813,0.024512,0x4052e4,1,428,371,57,46,20.000000,0,0,0.047605,1.200000,0.800000,mba,0,,0,0,-1,-1,-1,-1,-1,-1,-1,-1,-1,-1,-1,-1
2800,4,700,8,16,16,124569.833165,124569.856458,0.023293,0x4052e4,1,290,234,56,48,20.000000,0,0,0.047605,1.200000,0.800000,mba,0,,0,0,-1,-1,-1,-1,-1,-1,-1,-1,-1,-1,-1,-1
2800,4,700,9,16,16,124569.833884,124569.857484,0.023600,0x4052e4,1,296,241,55,50,20.000000,0,0,0.047605,1.200000,0.800000,mba,0,,0,0,-1,-1,-1,-1,-1,-1,-1,-1,-1,-1,-1,-1
2800,4,700,10,16,16,124569.834188,124569.858301,0.024113,0x4052e4,1,330,287,43,52,20.000000,0,0,0.047605,1.200000,0.800000,mba,0,,0,0,-1,-1,-1,-1,-1,-1,-1,-1,-1,-1,-1,-1
2800,4,700,11,16,16,124569.833923,124569.857304,0.023381,0x4052e4,1,354,297,57,54,20.000000,0,0,0.047605,1.200000,0.800000,mba,0,,0,0,-1,-1,-1,-1,-1,-1,-1,-1,-1,-1,-1,-1
2800,4,700,12,16,16,124569.832340,124569.852659,0.020319,0x4052e4,1,50,10,40,24,20.000000,0,0,0.047605,1.200000,0.800000,mba,0,,0,0,-1,-1,-1,-1,-1,-1,-1,-1,-1,-1,-1,-1
2800,4,700,13,16,16,124569.833879,124569.855199,0.021320,0x4052e4,1,144,94,50,58,20.000000,0,0,0.047605,1.200000,0.800000,mba,0,,0,0,-1,-1,-1,-1,-1,-1,-1,-1,-1,-1,-1,-1
2800,4,700,14,16,16,124569.833976,124569.855631,0.021655,0x4052e4,1,139,92,47,60,20.000000,0,0,0.047605,1.200000,0.800000,mba,0,,0,0,-1,-1,-1,-1,-1,-1,-1,-1,-1,-1,-1,-1
2800,4,700,15,16,16,124569.832693,124569.853518,0.020825,0x4052e4,1,145,91,54,62,20.000000,0,0,0.047605,1.200000,0.800000,mba,0,,0,0,-1,-1,-1,-1,-1,-1,-1,-1,-1,-1,-1,-1
2801,5,700,0,16,16,124569.941411,124569.961553,0.020142,0x40533c,1,20,0,20,32,40.000000,0,0,0.027118,1.200000,0.800000,mba,0,,0,0,-1,-1,-1,-1,-1,-1,-1,-1,-1,-1,-1,-1
2801,5,700,1,16,16,124569.941566,124569.961471,0.019905,0x40533c,1,39,15,24,34,40.000000,0,0,0.027118,1.200000,0.800000,mba,0,,0,0,-1,-1,-1,-1,-1,-1,-1,-1,-1,-1,-1,-1
2801,5,700,2,16,16,124569.941779,124569.961699,0.019920,0x40533c,1,95,60,35,36,40.000000,0,0,0.027118,1.200000,0.800000,mba,0,,0,0,-1,-1,-1,-1,-1,-1,-1,-1,-1,-1,-1,-1
2801,5,700,3,16,16,124569.941960,124569.962164,0.020204,0x40533c,1,69,52,17,38,40.000000,0,0,0.027118,1.200000,0.800000,mba,0,,0,0,-1,-1,-1,-1,-1,-1,-1,-1,-1,-1,-1,-1
2801,5,700,4,16,16,124569.941121,124569.966181,0.025060,0x40533c,1,663,341,322,40,100.000000,0,0,0.027118,1.200000,0.800000,mba,0,,0,0,-1,-1,-1,-1,-1,-1,-1,-1,-1,-1,-1,-1
2801,5,700,5,16,16,124569.941819,124569.967283,0.025464,0x40533c,1,616,370,246,42,100.000000,0,0,0.027118,1.200000,0.800000,mba,0,,0,0,-1,-1,-1,-1,-1,-1,-1,-1,-1,-1,-1,-1
2801,5,700,6,16,16,124569.941677,124569.966930,0.025253,0x40533c,1,743,457,286,44,100.000000,0,0,0.027118,1.200000,0.800000,mba,0,,0,0,-1,-1,-1,-1,-1,-1,-1,-1,-1,-1,-1,-1
2801,5,700,7,16,16,124569.940598,124569.965835,0.025237,0x40533c,1,642,432,210,46,100.000000,0,0,0.027118,1.200000,0.800000,mba,0,,0,0,-1,-1,-1,-1,-1,-1,-1,-1,-1,-1,-1,-1
2801,5,700,8,16,16,124569.941225,124569.966259,0.025034,0x40533c,1,721,412,309,48,100.000000,0,0,0.027118,1.200000,0.800000,mba,0,,0,0,-1,-1,-1,-1,-1,-1,-1,-1,-1,-1,-1,-1
2801,5,700,9,16,16,124569.940262,124569.965257,0.024995,0x40533c,1,642,304,338,50,100.000000,0,0,0.027118,1.200000,0.800000,mba,0,,0,0,-1,-1,-1,-1,-1,-1,-1,-1,-1,-1,-1,-1
2801,5,700,10,16,16,124569.941552,124569.967109,0.025557,0x40533c,1,846,486,360,52,100.000000,0,0,0.027118,1.200000,0.800000,mba,0,,0,0,-1,-1,-1,-1,-1,-1,-1,-1,-1,-1,-1,-1
2801,5,700,11,16,16,124569.940973,124569.965721,0.024748,0x40533c,1,841,395,446,54,100.000000,0,0,0.027118,1.200000,0.800000,mba,0,,0,0,-1,-1,-1,-1,-1,-1,-1,-1,-1,-1,-1,-1
2801,5,700,12,16,16,124569.940165,124569.960085,0.019920,0x40533c,1,65,45,20,24,40.000000,0,0,0.027118,1.200000,0.800000,mba,0,,0,0,-1,-1,-1,-1,-1,-1,-1,-1,-1,-1,-1,-1
2801,5,700,13,16,16,124569.941900,124569.962093,0.020193,0x40533c,1,82,68,14,58,40.000000,0,0,0.027118,1.200000,0.800000,mba,0,,0,0,-1,-1,-1,-1,-1,-1,-1,-1,-1,-1,-1,-1
2801,5,700,14,16,16,124569.941028,124569.960958,0.019930,0x40533c,1,55,35,20,60,40.000000,0,0,0.027118,1.200000,0.800000,mba,0,,0,0,-1,-1,-1,-1,-1,-1,-1,-1,-1,-1,-1,-1
2801,5,700,15,16,16,124569.940327,124569.960515,0.020188,0x40533c,1,59,31,28,62,40.000000,0,0,0.027118,1.200000,0.800000,mba,0,,0,0,-1,-1,-1,-1,-1,-1,-1,-1,-1,-1,-1,-1
3198,2,800,0,16,16,140165.391264,140317.971120,96.607080,0x4051ce,1,6833829,3233177,3600652,32,30.000000,1,1,153.513279,1.200000,0.800000,mba,0,,1,1,25141248,20004864,35864576,1827900203008,1830019997696,1787011072,1827900203008,1830020087808,1788092416,-1,-1,-1
3198,2,800,1,16,16,140165.385113,140318.297239,113.167714,0x4051ce,1,7627866,3944147,3683719,34,30.000000,1,1,153.513279,1.200000,0.800000,mba,0,,1,1,25141248,19644416,49471488,1827900203008,1830024142848,2022563840,1827900203008,1830024142848,2021752832,-1,-1,-1
3198,2,800,2,16,16,140165.392291,140318.151282,103.593996,0x4051ce,1,6469684,3422189,3047495,36,30.000000,1,1,153.513279,1.200000,0.800000,mba,0,,1,1,25231360,19914752,52805632,1827900203008,1830022430720,1894604800,1827900293120,1830022430720,1895325696,-1,-1,-1
3198,2,800,3,16,16,140165.386400,140318.549132,126.906043,0x4051ce,1,7699722,4639065,3060657,6,30.000000,1,1,153.513279,1.200000,0.800000,mba,0,,1,1,25141248,19644416,39919616,1827900203008,1830024863744,2105376768,1827900203008,1830024863744,2104385536,-1,-1,-1
3198,2,800,4,16,16,140165.392807,140318.832115,144.284360,0x4051ce,1,18533894,13817685,4716209,40,100.000000,1,1,153.513279,1.200000,0.800000,mba,0,,1,1,55238656,61636608,1171456,8321614495744,8331874828288,10079117312,8321615306752,8331874918400,10074521600,-1,-1,-1
3198,2,800,5,16,16,140165.353807,140318.822920,146.914454,0x4051ce,1,18336856,14539852,3797004,42,100.000000,1,1,153.513279,1.200000,0.800000,mba,0,,1,1,55328768,61726720,2703360,8321614045184,8331874828288,10226450432,8321614135296,8331874828288,10216898560,-1,-1,-1
3198,2,800,6,16,16,140165.391229,140318.711882,141.853131,0x4051ce,1,17239760,14079728,3160032,44,100.000000,1,1,153.513279,1.200000,0.800000,mba,0,,1,1,55238656,61456384,811008,8321614225408,8331867078656,9927639040,8321614766080,8331867439104,9929801728,-1,-1,-1
3198,2,800,7,16,16,140165.376315,140318.846634,148.077391,0x4051ce,1,18216876,14788572,3428304,46,100.000000,1,1,153.513279,1.200000,0.800000,mba,0,,1,1,55508992,61726720,4775936,8321614135296,8331874918400,10241859584,8321614405632,8331874918400,10226810880,-1,-1,-1
3198,2,800,8,16,16,140165.376080,140318.795711,146.076584,0x4051ce,1,18215196,14475641,3739555,48,100.000000,1,1,153.513279,1.200000,0.800000,mba,0,,1,1,55418880,61546496,1081344,8321614045184,8331873927168,10182656000,8321614225408,8331874197504,10181664768,-1,-1,-1
3198,2,800,9,16,16,140165.353235,140318.715739,140.207680,0x4051ce,1,17228889,13976269,3252620,50,100.000000,1,1,153.513279,1.200000,0.800000,mba,0,,1,1,55508992,61456384,630784,8321614135296,8331867168768,9793011712,8321614225408,8331867529216,9796976640,-1,-1,-1
3198,2,800,10,16,16,140165.368752,140318.797139,146.456355,0x4051ce,1,18219453,14764849,3454604,52,100.000000,1,1,153.513279,1.200000,0.800000,mba,0,,1,1,55508992,61456384,1441792,8321614045184,8331874017280,10206896128,8321614315520,8331874557952,10202931200,-1,-1,-1
3198,2,800,11,16,16,140165.390290,140318.779895,146.557850,0x4051ce,1,18159935,14572020,3587915,54,100.000000,1,1,153.513279,1.200000,0.800000,mba,0,,1,1,55238656,61456384,1261568,8321614225408,8331872665600,10213564416,8321615126528,8331873206272,10209779712,-1,-1,-1
3198,2,800,12,16,16,140165.374583,140318.262676,108.428625,0x4051ce,1,7617088,6082411,1534677,24,40.000000,1,1,153.513279,1.200000,0.800000,mba,0,,1,1,2162688,2793472,62267392,386762596352,387768786944,999251968,386762596352,387768786944,999071744,-1,-1,-1
3198,2,800,13,16,16,140165.372079,140318.124330,104.779218,0x4051ce,1,7678638,5760253,1918385,58,40.000000,1,1,153.513279,1.200000,0.800000,mba,0,,1,1,2162688,2793472,61456384,386762596352,387768066048,984023040,386762596352,387768066048,984473600,-1,-1,-1
3198,2,800,14,16,16,140165.333355,140318.336502,125.631589,0x4051ce,1,7689796,4493696,3196100,60,30.000000,1,1,153.513279,1.200000,0.800000,mba,0,,1,1,25141248,19554304,34873344,1827900203008,1830024232960,2104385536,1827900203008,1830024232960,2103304192,-1,-1,-1
3198,2,800,15,16,16,140165.368626,140318.310851,116.775178,0x4051ce,1,7553874,4220935,3332939,62,30.000000,1,1,153.513279,1.200000,0.800000,mba,0,,1,1,25051136,19644416,46858240,1827900203008,1830024142848,2055364608,1827900203008,1830024142848,2054012928,-1,-1,-1
3199,3,800,0,16,16,140319.048490,140319.186600,0.138110,0x405218,1,6460,3519,2941,32,20.000000,0,0,0.268486,1.200000,0.800000,mba,0,,0,0,-1,-1,-1,-1,-1,-1,-1,-1,-1,-1,-1,-1
3199,3,800,1,16,16,140319.047603,140319.173952,0.126349,0x405218,1,6220,3132,3088,34,20.000000,0,0,0.268486,1.200000,0.800000,mba,0,,0,0,-1,-1,-1,-1,-1,-1,-1,-1,-1,-1,-1,-1
3199,3,800,2,16,16,140319.047071,140319.194571,0.147500,0x405218,1,6026,3159,2867,36,20.000000,0,0,0.268486,1.200000,0.800000,mba,0,,0,0,-1,-1,-1,-1,-1,-1,-1,-1,-1,-1,-1,-1
3199,3,800,3,16,16,140319.047450,140319.180085,0.132635,0x405218,1,5200,2666,2534,6,20.000000,0,0,0.268486,1.200000,0.800000,mba,0,,0,0,-1,-1,-1,-1,-1,-1,-1,-1,-1,-1,-1,-1
3199,3,800,4,16,16,140319.048206,140319.306044,0.257838,0x405218,1,11987,8169,3818,40,100.000000,0,0,0.268486,1.200000,0.800000,mba,0,,0,0,-1,-1,-1,-1,-1,-1,-1,-1,-1,-1,-1,-1
3199,3,800,5,16,16,140319.047031,140319.314792,0.267761,0x405218,1,11775,8516,3259,42,100.000000,0,0,0.268486,1.200000,0.800000,mba,0,,0,0,-1,-1,-1,-1,-1,-1,-1,-1,-1,-1,-1,-1
3199,3,800,6,16,16,140319.047688,140319.300908,0.253220,0x405218,1,11461,8582,2879,44,100.000000,0,0,0.268486,1.200000,0.800000,mba,0,,0,0,-1,-1,-1,-1,-1,-1,-1,-1,-1,-1,-1,-1
3199,3,800,7,16,16,140319.046760,140319.306433,0.259673,0x405218,1,11639,8739,2900,46,100.000000,0,0,0.268486,1.200000,0.800000,mba,0,,0,0,-1,-1,-1,-1,-1,-1,-1,-1,-1,-1,-1,-1
3199,3,800,8,16,16,140319.046673,140319.309087,0.262414,0x405218,1,11719,8389,3330,48,100.000000,0,0,0.268486,1.200000,0.800000,mba,0,,0,0,-1,-1,-1,-1,-1,-1,-1,-1,-1,-1,-1,-1
3199,3,800,9,16,16,140319.046855,140319.309422,0.262567,0x405218,1,11531,8826,2705,50,100.000000,0,0,0.268486,1.200000,0.800000,mba,0,,0,0,-1,-1,-1,-1,-1,-1,-1,-1,-1,-1,-1,-1
3199,3,800,10,16,16,140319.047487,140319.300109,0.252622,0x405218,1,11883,8406,3477,52,100.000000,0,0,0.268486,1.200000,0.800000,mba,0,,0,0,-1,-1,-1,-1,-1,-1,-1,-1,-1,-1,-1,-1
3199,3,800,11,16,16,140319.047236,140319.309148,0.261912,0x405218,1,11603,8191,3412,54,100.000000,0,0,0.268486,1.200000,0.800000,mba,0,,0,0,-1,-1,-1,-1,-1,-1,-1,-1,-1,-1,-1,-1
3199,3,800,12,16,16,140319.046306,140319.191108,0.144802,0x405218,1,4792,3603,1189,24,20.000000,0,0,0.268486,1.200000,0.800000,mba,0,,0,0,-1,-1,-1,-1,-1,-1,-1,-1,-1,-1,-1,-1
3199,3,800,13,16,16,140319.046676,140319.188689,0.142013,0x405218,1,6133,3411,2722,58,20.000000,0,0,0.268486,1.200000,0.800000,mba,0,,0,0,-1,-1,-1,-1,-1,-1,-1,-1,-1,-1,-1,-1
3199,3,800,14,16,16,140319.046431,140319.169398,0.122967,0x405218,1,5256,2273,2983,60,20.000000,0,0,0.268486,1.200000,0.800000,mba,0,,0,0,-1,-1,-1,-1,-1,-1,-1,-1,-1,-1,-1,-1
3199,3,800,15,16,16,140319.047061,140319.173169,0.126108,0x405218,1,5685,3101,2584,62,20.000000,0,0,0.268486,1.200000,0.800000,mba,0,,0,0,-1,-1,-1,-1,-1,-1,-1,-1,-1,-1,-1,-1
3200,4,800,0,16,16,140320.145960,140320.186428,0.040468,0x4052e4,1,1768,1132,636,32,100.000000,0,0,0.047066,1.200000,0.800000,mba,0,,0,0,-1,-1,-1,-1,-1,-1,-1,-1,-1,-1,-1,-1
3200,4,800,1,16,16,140320.140774,140320.160594,0.019820,0x4052e4,1,308,260,48,34,20.000000,0,0,0.047066,1.200000,0.800000,mba,0,,0,0,-1,-1,-1,-1,-1,-1,-1,-1,-1,-1,-1,-1
3200,4,800,2,16,16,140320.140648,140320.162211,0.021563,0x4052e4,1,148,107,41,36,20.000000,0,0,0.047066,1.200000,0.800000,mba,0,,0,0,-1,-1,-1,-1,-1,-1,-1,-1,-1,-1,-1,-1
3200,4,800,3,16,16,140320.139873,140320.159313,0.019440,0x4052e4,1,132,83,49,6,20.000000,0,0,0.047066,1.200000,0.800000,mba,0,,0,0,-1,-1,-1,-1,-1,-1,-1,-1,-1,-1,-1,-1
3200,4,800,4,16,16,140320.140790,140320.163067,0.022277,0x4052e4,1,325,256,69,40,20.000000,0,0,0.047066,1.200000,0.800000,mba,0,,0,0,-1,-1,-1,-1,-1,-1,-1,-1,-1,-1,-1,-1
3200,4,800,5,16,16,140320.140017,140320.161687,0.021670,0x4052e4,1,321,272,49,42,20.000000,0,0,0.047066,1.200000,0.800000,mba,0,,0,0,-1,-1,-1,-1,-1,-1,-1,-1,-1,-1,-1,-1
3200,4,800,6,16,16,140320.140824,140320.163416,0.022592,0x4052e4,1,260,206,54,44,20.000000,0,0,0.047066,1.200000,0.800000,mba,0,,0,0,-1,-1,-1,-1,-1,-1,-1,-1,-1,-1,-1,-1
3200,4,800,7,16,16,140320.141077,140320.163662,0.022585,0x4052e4,1,431,373,58,46,20.000000,0,0,0.047066,1.200000,0.800000,mba,0,,0,0,-1,-1,-1,-1,-1,-1,-1,-1,-1,-1,-1,-1
3200,4,800,8,16,16,140320.139690,140320.162585,0.022895,0x4052e4,1,284,233,51,48,20.000000,0,0,0.047066,1.200000,0.800000,mba,0,,0,0,-1,-1,-1,-1,-1,-1,-1,-1,-1,-1,-1,-1
3200,4,800,9,16,16,140320.140924,140320.162735,0.021811,0x4052e4,1,287,236,51,50,20.000000,0,0,0.047066,1.200000,0.800000,mba,0,,0,0,-1,-1,-1,-1,-1,-1,-1,-1,-1,-1,-1,-1
3200,4,800,10,16,16,140320.140146,140320.162795,0.022649,0x4052e4,1,331,272,59,52,20.000000,0,0,0.047066,1.200000,0.800000,mba,0,,0,0,-1,-1,-1,-1,-1,-1,-1,-1,-1,-1,-1,-1
3200,4,800,11,16,16,140320.139362,140320.161907,0.022545,0x4052e4,1,364,310,54,54,20.000000,0,0,0.047066,1.200000,0.800000,mba,0,,0,0,-1,-1,-1,-1,-1,-1,-1,-1,-1,-1,-1,-1
3200,4,800,12,16,16,140320.140015,140320.158726,0.018711,0x4052e4,1,49,13,36,24,20.000000,0,0,0.047066,1.200000,0.800000,mba,0,,0,0,-1,-1,-1,-1,-1,-1,-1,-1,-1,-1,-1,-1
3200,4,800,13,16,16,140320.140272,140320.159633,0.019361,0x4052e4,1,134,84,50,58,20.000000,0,0,0.047066,1.200000,0.800000,mba,0,,0,0,-1,-1,-1,-1,-1,-1,-1,-1,-1,-1,-1,-1
3200,4,800,14,16,16,140320.139711,140320.159457,0.019746,0x4052e4,1,148,96,52,60,20.000000,0,0,0.047066,1.200000,0.800000,mba,0,,0,0,-1,-1,-1,-1,-1,-1,-1,-1,-1,-1,-1,-1
3200,4,800,15,16,16,140320.140466,140320.160078,0.019612,0x4052e4,1,134,98,36,62,20.000000,0,0,0.047066,1.200000,0.800000,mba,0,,0,0,-1,-1,-1,-1,-1,-1,-1,-1,-1,-1,-1,-1
3201,5,800,0,16,16,140320.247193,140320.266034,0.018841,0x40533c,1,32,2,30,32,40.000000,0,0,0.025791,1.200000,0.800000,mba,0,,0,0,-1,-1,-1,-1,-1,-1,-1,-1,-1,-1,-1,-1
3201,5,800,1,16,16,140320.246248,140320.265008,0.018760,0x40533c,1,71,18,53,34,40.000000,0,0,0.025791,1.200000,0.800000,mba,0,,0,0,-1,-1,-1,-1,-1,-1,-1,-1,-1,-1,-1,-1
3201,5,800,2,16,16,140320.246903,140320.265814,0.018911,0x40533c,1,58,15,43,36,40.000000,0,0,0.025791,1.200000,0.800000,mba,0,,0,0,-1,-1,-1,-1,-1,-1,-1,-1,-1,-1,-1,-1
3201,5,800,3,16,16,140320.246492,140320.265295,0.018803,0x40533c,1,83,38,45,6,40.000000,0,0,0.025791,1.200000,0.800000,mba,0,,0,0,-1,-1,-1,-1,-1,-1,-1,-1,-1,-1,-1,-1
3201,5,800,4,16,16,140320.247588,140320.271013,0.023425,0x40533c,1,715,382,333,40,100.000000,0,0,0.025791,1.200000,0.800000,mba,0,,0,0,-1,-1,-1,-1,-1,-1,-1,-1,-1,-1,-1,-1
3201,5,800,5,16,16,140320.247266,140320.271189,0.023923,0x40533c,1,722,457,265,42,100.000000,0,0,0.025791,1.200000,0.800000,mba,0,,0,0,-1,-1,-1,-1,-1,-1,-1,-1,-1,-1,-1,-1
3201,5,800,6,16,16,140320.246475,140320.270068,0.023593,0x40533c,1,794,458,336,44,100.000000,0,0,0.025791,1.200000,0.800000,mba,0,,0,0,-1,-1,-1,-1,-1,-1,-1,-1,-1,-1,-1,-1
3201,5,800,7,16,16,140320.245398,140320.269172,0.023774,0x40533c,1,786,494,292,46,100.000000,0,0,0.025791,1.200000,0.800000,mba,0,,0,0,-1,-1,-1,-1,-1,-1,-1,-1,-1,-1,-1,-1
3201,5,800,8,16,16,140320.245960,140320.270004,0.024044,0x40533c,1,784,447,337,48,100.000000,0,0,0.025791,1.200000,0.800000,mba,0,,0,0,-1,-1,-1,-1,-1,-1,-1,-1,-1,-1,-1,-1
3201,5,800,9,16,16,140320.246382,140320.270314,0.023932,0x40533c,1,747,329,418,50,100.000000,0,0,0.025791,1.200000,0.800000,mba,0,,0,0,-1,-1,-1,-1,-1,-1,-1,-1,-1,-1,-1,-1
3201,5,800,10,16,16,140320.246344,140320.269638,0.023294,0x40533c,1,847,449,398,52,100.000000,0,0,0.025791,1.200000,0.800000,mba,0,,0,0,-1,-1,-1,-1,-1,-1,-1,-1,-1,-1,-1,-1
3201,5,800,11,16,16,140320.247163,140320.270772,0.023609,0x40533c,1,894,406,488,54,100.000000,0,0,0.025791,1.200000,0.800000,mba,0,,0,0,-1,-1,-1,-1,-1,-1,-1,-1,-1,-1,-1,-1
3201,5,800,12,16,16,140320.245480,140320.264125,0.018645,0x40533c,1,51,24,27,24,40.000000,0,0,0.025791,1.200000,0.800000,mba,0,,0,0,-1,-1,-1,-1,-1,-1,-1,-1,-1,-1,-1,-1
3201,5,800,13,16,16,140320.246058,140320.264835,0.018777,0x40533c,1,89,43,46,58,40.000000,0,0,0.025791,1.200000,0.800000,mba,0,,0,0,-1,-1,-1,-1,-1,-1,-1,-1,-1,-1,-1,-1
3201,5,800,14,16,16,140320.245702,140320.264433,0.018731,0x40533c,1,81,53,28,60,40.000000,0,0,0.025791,1.200000,0.800000,mba,0,,0,0,-1,-1,-1,-1,-1,-1,-1,-1,-1,-1,-1,-1
3201,5,800,15,16,16,140320.247098,140320.265746,0.018648,0x40533c,1,73,21,52,62,40.000000,0,0,0.025791,1.200000,0.800000,mba,0,,0,0,-1,-1,-1,-1,-1,-1,-1,-1,-1,-1,-1,-1
3598,2,900,0,16,16,155416.198197,155569.374257,95.441310,0x4051ce,1,6837624,3204099,3633525,32,30.000000,1,1,153.946274,1.200000,0.800000,mba,0,,1,1,26312704,20905984,39829504,2043370610688,2045499686912,1777909760,2043370610688,2045499867136,1778630656,-1,-1,-1
3598,2,900,1,16,16,155416.163174,155569.660965,112.292325,0x4051ce,1,7642462,3903289,3739173,34,30.000000,1,1,153.946274,1.200000,0.800000,mba,0,,1,1,26312704,20905984,56139776,2043370610688,2045504372736,2039595008,2043370610688,2045504372736,2038603776,-1,-1,-1
3598,2,900,2,16,16,155416.185368,155569.623042,109.609539,0x4051ce,1,7238263,3882723,3355540,36,30.000000,1,1,153.946274,1.200000,0.800000,mba,0,,1,1,26312704,20545536,44965888,2043370610688,2045504282624,2005622784,2043370610688,2045504282624,2006343680,-1,-1,-1
3598,2,900,3,16,16,155416.190968,155569.913420,122.218445,0x4051ce,1,7233215,4252741,2980474,38,30.000000,1,1,153.946274,1.200000,0.800000,mba,0,,1,1,26312704,20725760,46047232,2043370610688,2045505183744,2100510720,2043370700800,2045505183744,2099429376,-1,-1,-1
3598,2,900,4,16,16,155416.166119,155570.100250,144.875986,0x4051ce,1,17931446,13410654,4520792,40,100.000000,1,1,153.946274,1.200000,0.800000,mba,0,,1,1,55328768,59383808,-270336,9328056950784,9338008018944,9814908928,9328056950784,9338008018944,9812205568,-1,-1,-1
3598,2,900,5,16,16,155416.183704,155570.093712,146.483035,0x4051ce,1,17766465,14100863,3665602,42,100.000000,1,1,153.946274,1.200000,0.800000,mba,0,,1,1,55328768,59473920,1081344,9328056950784,9338007928832,9893216256,9328056950784,9338008018944,9889611776,-1,-1,-1
3598,2,900,6,16,16,155416.189610,155570.006787,140.778759,0x4051ce,1,16764873,13550193,3214680,44,100.000000,1,1,153.946274,1.200000,0.800000,mba,0,,1,1,55328768,58572800,-1622016,9328056950784,9338002251776,9549258752,9328056950784,9338003062784,9555566592,-1,-1,-1
3598,2,900,7,16,16,155416.184476,155570.109448,148.484577,0x4051ce,1,17696465,14311967,3384498,46,100.000000,1,1,153.946274,1.200000,0.800000,mba,0,,1,1,55328768,59383808,2613248,9328056950784,9338008018944,9936379904,9328056950784,9338008018944,9928359936,-1,-1,-1
3598,2,900,8,16,16,155416.189826,155570.028278,146.124987,0x4051ce,1,17689115,13990737,3698378,48,100.000000,1,1,153.946274,1.200000,0.800000,mba,0,,1,1,55328768,58933248,811008,9328056950784,9338004594688,9873211392,9328056950784,9338004865024,9871138816,-1,-1,-1
3598,2,900,9,16,16,155416.195538,155570.000135,139.233868,0x4051ce,1,16749053,13453557,3295496,18,100.000000,1,1,153.946274,1.200000,0.800000,mba,0,,1,1,55328768,58482688,-1712128,9328056950784,9338001801216,9432023040,9328057040896,9338002432000,9435537408,-1,-1,-1
3598,2,900,10,16,16,155416.167461,155570.097320,146.111900,0x4051ce,1,17691225,14289862,3401363,52,100.000000,1,1,153.946274,1.200000,0.800000,mba,0,,1,1,55418880,59383808,1081344,9328056950784,9338007928832,9875734528,9328056950784,9338008018944,9874923520,-1,-1,-1
3598,2,900,11,16,16,155416.173724,155570.083741,146.599766,0x4051ce,1,17605706,14140803,3464903,54,100.000000,1,1,153.946274,1.200000,0.800000,mba,0,,1,1,55328768,59473920,1081344,9328056950784,9338007838720,9894027264,9328056950784,9338007928832,9895288832,-1,-1,-1
3598,2,900,12,16,16,155416.164453,155569.607615,108.269157,0x4051ce,1,7616563,6069233,1547330,24,40.000000,1,1,153.946274,1.200000,0.800000,mba,0,,1,1,2072576,2793472,63168512,486214164480,487213506560,991952896,486214164480,487213506560,992043008,-1,-1,-1
3598,2,900,13,16,16,155416.164642,155569.425928,104.159664,0x4051ce,1,7677689,5712708,1964981,58,40.000000,1,1,153.946274,1.200000,0.800000,mba,0,,1,1,2072576,2793472,62988288,486214164480,487212335104,974831616,486214164480,487212425216,975282176,-1,-1,-1
3598,2,900,14,16,16,155416.182440,155569.633990,124.385622,0x4051ce,1,7701482,4435524,3265958,60,30.000000,1,1,153.946274,1.200000,0.800000,mba,0,,1,1,26222592,20545536,38477824,2043370610688,2045504282624,2115829760,2043370610688,2045504282624,2114928640,-1,-1,-1
3598,2,900,15,16,16,155416.184217,155569.661128,115.603042,0x4051ce,1,7564229,4177617,3386612,62,30.000000,1,1,153.946274,1.200000,0.800000,mba,0,,1,1,26222592,20815872,50192384,2043370520576,2045504372736,2071855104,2043370610688,2045504372736,2070683648,-1,-1,-1
3599,3,900,0,16,16,155570.305441,155570.442805,0.137364,0x405218,1,6507,3600,2907,32,20.000000,0,0,0.272683,1.200000,0.800000,mba,0,,0,0,-1,-1,-1,-1,-1,-1,-1,-1,-1,-1,-1,-1
3599,3,900,1,16,16,155570.303558,155570.431704,0.128146,0x405218,1,6293,3129,3164,34,20.000000,0,0,0.272683,1.200000,0.800000,mba,0,,0,0,-1,-1,-1,-1,-1,-1,-1,-1,-1,-1,-1,-1
3599,3,900,2,16,16,155570.303573,155570.441408,0.137835,0x405218,1,6492,3414,3078,36,20.000000,0,0,0.272683,1.200000,0.800000,mba,0,,0,0,-1,-1,-1,-1,-1,-1,-1,-1,-1,-1,-1,-1
3599,3,900,3,16,16,155570.303724,155570.439535,0.135811,0x405218,1,5958,3341,2617,38,20.000000,0,0,0.272683,1.200000,0.800000,mba,0,,0,0,-1,-1,-1,-1,-1,-1,-1,-1,-1,-1,-1,-1
3599,3,900,4,16,16,155570.304635,155570.564049,0.259414,0x405218,1,11751,7861,3890,40,100.000000,0,0,0.272683,1.200000,0.800000,mba,0,,0,0,-1,-1,-1,-1,-1,-1,-1,-1,-1,-1,-1,-1
3599,3,900,5,16,16,155570.304004,155570.576165,0.272161,0x405218,1,11713,8428,3285,42,100.000000,0,0,0.272683,1.200000,0.800000,mba,0,,0,0,-1,-1,-1,-1,-1,-1,-1,-1,-1,-1,-1,-1
3599,3,900,6,16,16,155570.303758,155570.561613,0.257855,0x405218,1,11315,8180,3135,44,100.000000,0,0,0.272683,1.200000,0.800000,mba,0,,0,0,-1,-1,-1,-1,-1,-1,-1,-1,-1,-1,-1,-1
3599,3,900,7,16,16,155570.304038,155570.562651,0.258613,0x405218,1,11517,8676,2841,46,100.000000,0,0,0.272683,1.200000,0.800000,mba,0,,0,0,-1,-1,-1,-1,-1,-1,-1,-1,-1,-1,-1,-1
3599,3,900,8,16,16,155570.304937,155570.563756,0.258819,0x405218,1,11585,8380,3205,48,100.000000,0,0,0.272683,1.200000,0.800000,mba,0,,0,0,-1,-1,-1,-1,-1,-1,-1,-1,-1,-1,-1,-1
3599,3,900,9,16,16,155570.304686,155570.568158,0.263472,0x405218,1,11463,8636,2827,18,100.000000,0,0,0.272683,1.200000,0.800000,mba,0,,0,0,-1,-1,-1,-1,-1,-1,-1,-1,-1,-1,-1,-1
3599,3,900,10,16,16,155570.303603,155570.561872,0.258269,0x405218,1,11772,8584,3188,52,100.000000,0,0,0.272683,1.200000,0.800000,mba,0,,0,0,-1,-1,-1,-1,-1,-1,-1,-1,-1,-1,-1,-1
3599,3,900,11,16,16,155570.303751,155570.564703,0.260952,0x405218,1,11479,8179,3300,54,100.000000,0,0,0.272683,1.200000,0.800000,mba,0,,0,0,-1,-1,-1,-1,-1,-1,-1,-1,-1,-1,-1,-1
3599,3,900,12,16,16,155570.303482,155570.449317,0.145835,0x405218,1,4690,3461,1229,24,20.000000,0,0,0.272683,1.200000,0.800000,mba,0,,0,0,-1,-1,-1,-1,-1,-1,-1,-1,-1,-1,-1,-1
3599,3,900,13,16,16,155570.304089,155570.444006,0.139917,0x405218,1,6160,3207,2953,58,20.000000,0,0,0.272683,1.200000,0.800000,mba,0,,0,0,-1,-1,-1,-1,-1,-1,-1,-1,-1,-1,-1,-1
3599,3,900,14,16,16,155570.304035,155570.419161,0.115126,0x405218,1,5272,2255,3017,60,20.000000,0,0,0.272683,1.200000,0.800000,mba,0,,0,0,-1,-1,-1,-1,-1,-1,-1,-1,-1,-1,-1,-1
3599,3,900,15,16,16,155570.303562,155570.431234,0.127672,0x405218,1,5675,3045,2630,62,20.000000,0,0,0.272683,1.200000,0.800000,mba,0,,0,0,-1,-1,-1,-1,-1,-1,-1,-1,-1,-1,-1,-1
3600,4,900,0,16,16,155571.385943,155571.427700,0.041757,0x4052e4,1,1771,1157,614,32,100.000000,0,0,0.048390,1.200000,0.800000,mba,0,,0,0,-1,-1,-1,-1,-1,-1,-1,-1,-1,-1,-1,-1
3600,4,900,1,16,16,155571.380721,155571.402029,0.021308,0x4052e4,1,314,243,71,34,20.000000,0,0,0.048390,1.200000,0.800000,mba,0,,0,0,-1,-1,-1,-1,-1,-1,-1,-1,-1,-1,-1,-1
3600,4,900,2,16,16,155571.381317,155571.403439,0.022122,0x4052e4,1,364,308,56,36,20.000000,0,0,0.048390,1.200000,0.800000,mba,0,,0,0,-1,-1,-1,-1,-1,-1,-1,-1,-1,-1,-1,-1
3600,4,900,3,16,16,155571.380772,155571.407891,0.027119,0x4052e4,1,907,851,56,38,20.000000,0,0,0.048390,1.200000,0.800000,mba,0,,0,0,-1,-1,-1,-1,-1,-1,-1,-1,-1,-1,-1,-1
3600,4,900,4,16,16,155571.380486,155571.404284,0.023798,0x4052e4,1,332,281,51,40,20.000000,0,0,0.048390,1.200000,0.800000,mba,0,,0,0,-1,-1,-1,-1,-1,-1,-1,-1,-1,-1,-1,-1
3600,4,900,5,16,16,155571.381924,155571.405967,0.024043,0x4052e4,1,340,268,72,42,20.000000,0,0,0.048390,1.200000,0.800000,mba,0,,0,0,-1,-1,-1,-1,-1,-1,-1,-1,-1,-1,-1,-1
3600,4,900,6,16,16,155571.381908,155571.405762,0.023854,0x4052e4,1,261,210,51,44,20.000000,0,0,0.048390,1.200000,0.800000,mba,0,,0,0,-1,-1,-1,-1,-1,-1,-1,-1,-1,-1,-1,-1
3600,4,900,7,16,16,155571.381225,155571.404985,0.023760,0x4052e4,1,460,411,49,46,20.000000,0,0,0.048390,1.200000,0.800000,mba,0,,0,0,-1,-1,-1,-1,-1,-1,-1,-1,-1,-1,-1,-1
3600,4,900,8,16,16,155571.381104,155571.404375,0.023271,0x4052e4,1,336,272,64,48,20.000000,0,0,0.048390,1.200000,0.800000,mba,0,,0,0,-1,-1,-1,-1,-1,-1,-1,-1,-1,-1,-1,-1
3600,4,900,9,16,16,155571.381535,155571.405549,0.024014,0x4052e4,1,461,419,42,18,20.000000,0,0,0.048390,1.200000,0.800000,mba,0,,0,0,-1,-1,-1,-1,-1,-1,-1,-1,-1,-1,-1,-1
3600,4,900,10,16,16,155571.381709,155571.405352,0.023643,0x4052e4,1,371,331,40,52,20.000000,0,0,0.048390,1.200000,0.800000,mba,0,,0,0,-1,-1,-1,-1,-1,-1,-1,-1,-1,-1,-1,-1
3600,4,900,11,16,16,155571.381838,155571.405733,0.023895,0x4052e4,1,397,337,60,54,20.000000,0,0,0.048390,1.200000,0.800000,mba,0,,0,0,-1,-1,-1,-1,-1,-1,-1,-1,-1,-1,-1,-1
3600,4,900,12,16,16,155571.379310,155571.399756,0.020446,0x4052e4,1,68,16,52,24,20.000000,0,0,0.048390,1.200000,0.800000,mba,0,,0,0,-1,-1,-1,-1,-1,-1,-1,-1,-1,-1,-1,-1
3600,4,900,13,16,16,155571.379583,155571.400340,0.020757,0x4052e4,1,124,85,39,58,20.000000,0,0,0.048390,1.200000,0.800000,mba,0,,0,0,-1,-1,-1,-1,-1,-1,-1,-1,-1,-1,-1,-1
3600,4,900,14,16,16,155571.379706,155571.400675,0.020969,0x4052e4,1,125,89,36,60,20.000000,0,0,0.048390,1.200000,0.800000,mba,0,,0,0,-1,-1,-1,-1,-1,-1,-1,-1,-1,-1,-1,-1
3600,4,900,15,16,16,155571.379804,155571.400523,0.020719,0x4052e4,1,145,101,44,62,20.000000,0,0,0.048390,1.200000,0.800000,mba,0,,0,0,-1,-1,-1,-1,-1,-1,-1,-1,-1,-1,-1,-1
3601,5,900,0,16,16,155571.500293,155571.521905,0.021612,0x40533c,1,30,1,29,32,40.000000,0,0,0.028303,1.200000,0.800000,mba,0,,0,0,-1,-1,-1,-1,-1,-1,-1,-1,-1,-1,-1,-1
3601,5,900,1,16,16,155571.498832,155571.518672,0.019840,0x40533c,1,49,21,28,34,40.000000,0,0,0.028303,1.200000,0.800000,mba,0,,0,0,-1,-1,-1,-1,-1,-1,-1,-1,-1,-1,-1,-1
3601,5,900,2,16,16,155571.498286,155571.518460,0.020174,0x40533c,1,75,37,38,36,40.000000,0,0,0.028303,1.200000,0.800000,mba,0,,0,0,-1,-1,-1,-1,-1,-1,-1,-1,-1,-1,-1,-1
3601,5,900,3,16,16,155571.497941,155571.518169,0.020228,0x40533c,1,34,3,31,38,40.000000,0,0,0.028303,1.200000,0.800000,mba,0,,0,0,-1,-1,-1,-1,-1,-1,-1,-1,-1,-1,-1,-1
3601,5,900,4,16,16,155571.499075,155571.525556,0.026481,0x40533c,1,617,302,315,40,100.000000,0,0,0.028303,1.200000,0.800000,mba,0,,0,0,-1,-1,-1,-1,-1,-1,-1,-1,-1,-1,-1,-1
3601,5,900,5,16,16,155571.498435,155571.525324,0.026889,0x40533c,1,678,385,293,42,100.000000,0,0,0.028303,1.200000,0.800000,mba,0,,0,0,-1,-1,-1,-1,-1,-1,-1,-1,-1,-1,-1,-1
3601,5,900,6,16,16,155571.499273,155571.524326,0.025053,0x40533c,1,627,330,297,44,100.000000,0,0,0.028303,1.200000,0.800000,mba,0,,0,0,-1,-1,-1,-1,-1,-1,-1,-1,-1,-1,-1,-1
3601,5,900,7,16,16,155571.499409,155571.524641,0.025232,0x40533c,1,630,353,277,46,100.000000,0,0,0.028303,1.200000,0.800000,mba,0,,0,0,-1,-1,-1,-1,-1,-1,-1,-1,-1,-1,-1,-1
3601,5,900,8,16,16,155571.498202,155571.523258,0.025056,0x40533c,1,655,303,352,48,100.000000,0,0,0.028303,1.200000,0.800000,mba,0,,0,0,-1,-1,-1,-1,-1,-1,-1,-1,-1,-1,-1,-1
3601,5,900,9,16,16,155571.499194,155571.524269,0.025075,0x40533c,1,628,242,386,18,100.000000,0,0,0.028303,1.200000,0.800000,mba,0,,0,0,-1,-1,-1,-1,-1,-1,-1,-1,-1,-1,-1,-1
3601,5,900,10,16,16,155571.499656,155571.524980,0.025324,0x40533c,1,640,253,387,52,100.000000,0,0,0.028303,1.200000,0.800000,mba,0,,0,0,-1,-1,-1,-1,-1,-1,-1,-1,-1,-1,-1,-1
3601,5,900,11,16,16,155571.499817,155571.525180,0.025363,0x40533c,1,715,257,458,54,100.000000,0,0,0.028303,1.200000,0.800000,mba,0,,0,0,-1,-1,-1,-1,-1,-1,-1,-1,-1,-1,-1,-1
3601,5,900,12,16,16,155571.497253,155571.517229,0.019976,0x40533c,1,70,45,25,24,40.000000,0,0,0.028303,1.200000,0.800000,mba,0,,0,0,-1,-1,-1,-1,-1,-1,-1,-1,-1,-1,-1,-1
3601,5,900,13,16,16,155571.498215,155571.518380,0.020165,0x40533c,1,86,57,29,58,40.000000,0,0,0.028303,1.200000,0.800000,mba,0,,0,0,-1,-1,-1,-1,-1,-1,-1,-1,-1,-1,-1,-1
3601,5,900,14,16,16,155571.498966,155571.518948,0.019982,0x40533c,1,78,44,34,60,40.000000,0,0,0.028303,1.200000,0.800000,mba,0,,0,0,-1,-1,-1,-1,-1,-1,-1,-1,-1,-1,-1,-1
3601,5,900,15,16,16,155571.499486,155571.519674,0.020188,0x40533c,1,86,42,44,62,40.000000,0,0,0.028303,1.200000,0.800000,mba,0,,0,0,-1,-1,-1,-1,-1,-1,-1,-1,-1,-1,-1,-1
3998,2,1000,0,16,16,170235.334817,170378.965460,93.340097,0x4051ce,1,6829426,3131583,3697843,32,30.000000,1,1,144.417851,1.200000,0.800000,mba,0,,1,1,26763264,21086208,24961024,2256048357376,2258147336192,1736998912,2256048357376,2258147336192,1738530816,-1,-1,-1
3998,2,1000,1,16,16,170235.335671,170379.285177,110.001857,0x4051ce,1,7640024,3817335,3822689,34,30.000000,1,1,144.417851,1.200000,0.800000,mba,0,,1,1,26763264,21536768,37756928,2256048357376,2258150940672,2005442560,2256048357376,2258151030784,2004361216,-1,-1,-1
3998,2,1000,2,16,16,170235.342878,170379.234537,107.841482,0x4051ce,1,7232634,3812480,3420154,36,30.000000,1,1,144.417851,1.200000,0.800000,mba,0,,1,1,26763264,21356544,32079872,2256048357376,2258150850560,1976426496,2256048357376,2258150850560,1976246272,-1,-1,-1
3998,2,1000,3,16,16,170235.324920,170379.509996,124.177364,0x4051ce,1,7715790,4517164,3198626,38,30.000000,1,1,144.417851,1.200000,0.800000,mba,0,,1,1,26763264,21446656,35504128,2256048357376,2258151661568,2091229184,2256048357376,2258151661568,2088255488,-1,-1,-1
3998,2,1000,4,16,16,170235.307758,170379.608562,135.600175,0x4051ce,1,17157381,12788153,4369228,40,100.000000,1,1,144.417851,1.200000,0.800000,mba,0,,1,1,55599104,59203584,-360448,10299087912960,10308560125952,9336864768,10299087912960,10308560216064,9336864768,-1,-1,-1
3998,2,1000,5,16,16,170235.333698,170379.591277,137.553881,0x4051ce,1,17030847,13508348,3522499,42,100.000000,1,1,144.417851,1.200000,0.800000,mba,0,,1,1,55689216,59113472,1441792,10299087912960,10308559585280,9431662592,10299087912960,10308560035840,9429229568,-1,-1,-1
3998,2,1000,6,16,16,170235.336955,170379.509380,131.400338,0x4051ce,1,16071996,12804675,3267321,44,100.000000,1,1,144.417851,1.200000,0.800000,mba,0,,1,1,55689216,58933248,-901120,10299087912960,10308554268672,9047064576,10299088003072,10308554809344,9056706560,-1,-1,-1
3998,2,1000,7,16,16,170235.336525,170379.629341,138.317111,0x4051ce,1,16959025,13692695,3266330,46,100.000000,1,1,144.417851,1.200000,0.800000,mba,0,,1,1,55689216,58933248,2883584,10299087912960,10308560576512,9448603648,10299087912960,10308560756736,9443196928,-1,-1,-1
3998,2,1000,8,16,16,170235.340255,170379.492404,136.575361,0x4051ce,1,16956257,13371521,3584736,48,100.000000,1,1,144.417851,1.200000,0.800000,mba,0,,1,1,55689216,58482688,360448,10299087912960,10308552466432,9387687936,10299088003072,10308553097216,9390391296,-1,-1,-1
3998,2,1000,9,16,16,170235.344982,170379.502642,130.892916,0x4051ce,1,16054617,12779427,3275190,18,100.000000,1,1,144.417851,1.200000,0.800000,mba,0,,1,1,55779328,58753024,-991232,10299087912960,10308553818112,9012912128,10299088003072,10308554448896,9022373888,-1,-1,-1
3998,2,1000,10,16,16,170235.345777,170379.725609,137.887916,0x4051ce,1,16836742,13526392,3310350,52,100.000000,1,1,144.417851,1.200000,0.800000,mba,0,,1,1,55599104,59203584,0,10299087912960,10308561657856,9430491136,10299088003072,10308561657856,9426165760,-1,-1,-1
3998,2,1000,11,16,16,170235.344792,170379.599458,137.230011,0x4051ce,1,16877287,13485782,3391505,54,100.000000,1,1,144.417851,1.200000,0.800000,mba,0,,1,1,55689216,59113472,630784,10299087912960,10308559855616,9422290944,10299088183296,10308560125952,9421299712,-1,-1,-1
3998,2,1000,12,16,16,170235.336943,170379.211639,107.710676,0x4051ce,1,7612394,6058623,1553771,24,40.000000,1,1,144.417851,1.200000,0.800000,mba,0,,1,1,2613248,2072576,54968320,585449103360,586459258880,1003757568,585449193472,586459258880,1003577344,-1,-1,-1
3998,2,1000,13,16,16,170235.332119,170379.149172,104.216967,0x4051ce,1,7672178,5742386,1929792,58,40.000000,1,1,144.417851,1.200000,0.800000,mba,0,,1,1,2613248,1982464,53886976,585449103360,586458988544,990961664,585449193472,586458988544,991682560,-1,-1,-1
3998,2,1000,14,16,16,170235.329046,170379.238938,122.466738,0x4051ce,1,7704060,4341983,3362077,60,30.000000,1,1,144.417851,1.200000,0.800000,mba,0,,1,1,26763264,21356544,32620544,2256048357376,2258150850560,2088075264,2256048357376,2258150850560,2085912576,-1,-1,-1
3998,2,1000,15,16,16,170235.315500,170379.269575,113.246141,0x4051ce,1,7564543,4077840,3486703,62,30.000000,1,1,144.417851,1.200000,0.800000,mba,0,,1,1,26673152,21536768,37036032,2256048357376,2258150940672,2040315904,2256048357376,2258150940672,2039865344,-1,-1,-1
3999,3,1000,0,16,16,170379.912927,170380.046166,0.133239,0x405218,1,6507,3517,2990,32,20.000000,0,0,0.300753,1.200000,0.800000,mba,0,,0,0,-1,-1,-1,-1,-1,-1,-1,-1,-1,-1,-1,-1
3999,3,1000,1,16,16,170379.911710,170380.040264,0.128554,0x405218,1,6265,3105,3160,34,20.000000,0,0,0.300753,1.200000,0.800000,mba,0,,0,0,-1,-1,-1,-1,-1,-1,-1,-1,-1,-1,-1,-1
3999,3,1000,2,16,16,170379.912926,170380.044942,0.132016,0x405218,1,6451,3310,3141,36,20.000000,0,0,0.300753,1.200000,0.800000,mba,0,,0,0,-1,-1,-1,-1,-1,-1,-1,-1,-1,-1,-1,-1
3999,3,1000,3,16,16,170379.912461,170380.034043,0.121582,0x405218,1,5225,2386,2839,38,20.000000,0,0,0.300753,1.200000,0.800000,mba,0,,0,0,-1,-1,-1,-1,-1,-1,-1,-1,-1,-1,-1,-1
3999,3,1000,4,16,16,170379.912544,170380.157017,0.244473,0x405218,1,11516,7789,3727,40,100.000000,0,0,0.300753,1.200000,0.800000,mba,0,,0,0,-1,-1,-1,-1,-1,-1,-1,-1,-1,-1,-1,-1
3999,3,1000,5,16,16,170379.912941,170380.168875,0.255934,0x405218,1,11461,8358,3103,42,100.000000,0,0,0.300753,1.200000,0.800000,mba,0,,0,0,-1,-1,-1,-1,-1,-1,-1,-1,-1,-1,-1,-1
3999,3,1000,6,16,16,170379.912306,170380.153935,0.241629,0x405218,1,11149,8045,3104,44,100.000000,0,0,0.300753,1.200000,0.800000,mba,0,,0,0,-1,-1,-1,-1,-1,-1,-1,-1,-1,-1,-1,-1
3999,3,1000,7,16,16,170379.913044,170380.161012,0.247968,0x405218,1,11349,8444,2905,46,100.000000,0,0,0.300753,1.200000,0.800000,mba,0,,0,0,-1,-1,-1,-1,-1,-1,-1,-1,-1,-1,-1,-1
3999,3,1000,8,16,16,170379.913107,170380.154884,0.241777,0x405218,1,11417,8283,3134,48,100.000000,0,0,0.300753,1.200000,0.800000,mba,0,,0,0,-1,-1,-1,-1,-1,-1,-1,-1,-1,-1,-1,-1
3999,3,1000,9,16,16,170379.912097,170380.161555,0.249458,0x405218,1,11244,8462,2782,18,100.000000,0,0,0.300753,1.200000,0.800000,mba,0,,0,0,-1,-1,-1,-1,-1,-1,-1,-1,-1,-1,-1,-1
3999,3,1000,10,16,16,170379.911558,170380.212186,0.300628,0x405218,1,10457,7283,3174,52,100.000000,0,0,0.300753,1.200000,0.800000,mba,0,,0,0,-1,-1,-1,-1,-1,-1,-1,-1,-1,-1,-1,-1
3999,3,1000,11,16,16,170379.911861,170380.160405,0.248544,0x405218,1,11263,7952,3311,54,100.000000,0,0,0.300753,1.200000,0.800000,mba,0,,0,0,-1,-1,-1,-1,-1,-1,-1,-1,-1,-1,-1,-1
3999,3,1000,12,16,16,170379.911782,170380.051469,0.139687,0x405218,1,4759,3409,1350,24,20.000000,0,0,0.300753,1.200000,0.800000,mba,0,,0,0,-1,-1,-1,-1,-1,-1,-1,-1,-1,-1,-1,-1
3999,3,1000,13,16,16,170379.912143,170380.045396,0.133253,0x405218,1,6126,3259,2867,58,20.000000,0,0,0.300753,1.200000,0.800000,mba,0,,0,0,-1,-1,-1,-1,-1,-1,-1,-1,-1,-1,-1,-1
3999,3,1000,14,16,16,170379.912047,170380.024402,0.112355,0x405218,1,5251,2100,3151,60,20.000000,0,0,0.300753,1.200000,0.800000,mba,0,,0,0,-1,-1,-1,-1,-1,-1,-1,-1,-1,-1,-1,-1
3999,3,1000,15,16,16,170379.911433,170380.023655,0.112222,0x405218,1,5694,2953,2741,62,20.000000,0,0,0.300753,1.200000,0.800000,mba,0,,0,0,-1,-1,-1,-1,-1,-1,-1,-1,-1,-1,-1,-1
4000,4,1000,0,16,16,170381.055422,170381.092928,0.037506,0x4052e4,1,1783,1161,622,32,100.000000,0,0,0.043057,1.200000,0.800000,mba,0,,0,0,-1,-1,-1,-1,-1,-1,-1,-1,-1,-1,-1,-1
4000,4,1000,1,16,16,170381.049953,170381.069884,0.019931,0x4052e4,1,320,256,64,34,20.000000,0,0,0.043057,1.200000,0.800000,mba,0,,0,0,-1,-1,-1,-1,-1,-1,-1,-1,-1,-1,-1,-1
4000,4,1000,2,16,16,170381.049995,170381.070232,0.020237,0x4052e4,1,274,231,43,36,20.000000,0,0,0.043057,1.200000,0.800000,mba,0,,0,0,-1,-1,-1,-1,-1,-1,-1,-1,-1,-1,-1,-1
4000,4,1000,3,16,16,170381.049871,170381.069368,0.019497,0x4052e4,1,147,82,65,38,20.000000,0,0,0.043057,1.200000,0.800000,mba,0,,0,0,-1,-1,-1,-1,-1,-1,-1,-1,-1,-1,-1,-1
4000,4,1000,4,16,16,170381.050726,170381.072573,0.021847,0x4052e4,1,405,354,51,40,20.000000,0,0,0.043057,1.200000,0.800000,mba,0,,0,0,-1,-1,-1,-1,-1,-1,-1,-1,-1,-1,-1,-1
4000,4,1000,5,16,16,170381.050979,170381.073846,0.022867,0x4052e4,1,350,295,55,42,20.000000,0,0,0.043057,1.200000,0.800000,mba,0,,0,0,-1,-1,-1,-1,-1,-1,-1,-1,-1,-1,-1,-1
4000,4,1000,6,16,16,170381.049920,170381.072160,0.022240,0x4052e4,1,314,236,78,44,20.000000,0,0,0.043057,1.200000,0.800000,mba,0,,0,0,-1,-1,-1,-1,-1,-1,-1,-1,-1,-1,-1,-1
4000,4,1000,7,16,16,170381.051261,170381.073380,0.022119,0x4052e4,1,481,424,57,46,20.000000,0,0,0.043057,1.200000,0.800000,mba,0,,0,0,-1,-1,-1,-1,-1,-1,-1,-1,-1,-1,-1,-1
4000,4,1000,8,16,16,170381.051092,170381.072636,0.021544,0x4052e4,1,310,236,74,48,20.000000,0,0,0.043057,1.200000,0.800000,mba,0,,0,0,-1,-1,-1,-1,-1,-1,-1,-1,-1,-1,-1,-1
4000,4,1000,9,16,16,170381.050428,170381.073077,0.022649,0x4052e4,1,369,316,53,18,20.000000,0,0,0.043057,1.200000,0.800000,mba,0,,0,0,-1,-1,-1,-1,-1,-1,-1,-1,-1,-1,-1,-1
4000,4,1000,10,16,16,170381.050937,170381.074147,0.023210,0x4052e4,1,227,182,45,52,20.000000,0,0,0.043057,1.200000,0.800000,mba,0,,0,0,-1,-1,-1,-1,-1,-1,-1,-1,-1,-1,-1,-1
4000,4,1000,11,16,16,170381.051575,170381.073763,0.022188,0x4052e4,1,339,288,51,54,20.000000,0,0,0.043057,1.200000,0.800000,mba,0,,0,0,-1,-1,-1,-1,-1,-1,-1,-1,-1,-1,-1,-1
4000,4,1000,12,16,16,170381.050446,170381.069232,0.018786,0x4052e4,1,61,11,50,24,20.000000,0,0,0.043057,1.200000,0.800000,mba,0,,0,0,-1,-1,-1,-1,-1,-1,-1,-1,-1,-1,-1,-1
4000,4,1000,13,16,16,170381.051018,170381.070449,0.019431,0x4052e4,1,134,91,43,58,20.000000,0,0,0.043057,1.200000,0.800000,mba,0,,0,0,-1,-1,-1,-1,-1,-1,-1,-1,-1,-1,-1,-1
4000,4,1000,14,16,16,170381.050121,170381.069858,0.019737,0x4052e4,1,126,85,41,60,20.000000,0,0,0.043057,1.200000,0.800000,mba,0,,0,0,-1,-1,-1,-1,-1,-1,-1,-1,-1,-1,-1,-1
4000,4,1000,15,16,16,170381.050353,170381.069566,0.019213,0x4052e4,1,139,95,44,62,20.000000,0,0,0.043057,1.200000,0.800000,mba,0,,0,0,-1,-1,-1,-1,-1,-1,-1,-1,-1,-1,-1,-1
4001,5,1000,0,16,16,170381.150741,170381.169670,0.018929,0x40533c,1,42,5,37,32,40.000000,0,0,0.026440,1.200000,0.800000,mba,0,,0,0,-1,-1,-1,-1,-1,-1,-1,-1,-1,-1,-1,-1
4001,5,1000,1,16,16,170381.151816,170381.170399,0.018583,0x40533c,1,67,25,42,34,40.000000,0,0,0.026440,1.200000,0.800000,mba,0,,0,0,-1,-1,-1,-1,-1,-1,-1,-1,-1,-1,-1,-1
4001,5,1000,2,16,16,170381.151455,170381.170102,0.018647,0x40533c,1,97,66,31,36,40.000000,0,0,0.026440,1.200000,0.800000,mba,0,,0,0,-1,-1,-1,-1,-1,-1,-1,-1,-1,-1,-1,-1
4001,5,1000,3,16,16,170381.149965,170381.168648,0.018683,0x40533c,1,60,30,30,38,40.000000,0,0,0.026440,1.200000,0.800000,mba,0,,0,0,-1,-1,-1,-1,-1,-1,-1,-1,-1,-1,-1,-1
4001,5,1000,4,16,16,170381.152071,170381.175232,0.023161,0x40533c,1,657,324,333,40,100.000000,0,0,0.026440,1.200000,0.800000,mba,0,,0,0,-1,-1,-1,-1,-1,-1,-1,-1,-1,-1,-1,-1
4001,5,1000,5,16,16,170381.151229,170381.175399,0.024170,0x40533c,1,631,370,261,42,100.000000,0,0,0.026440,1.200000,0.800000,mba,0,,0,0,-1,-1,-1,-1,-1,-1,-1,-1,-1,-1,-1,-1
4001,5,1000,6,16,16,170381.151747,170381.175081,0.023334,0x40533c,1,796,485,311,44,100.000000,0,0,0.026440,1.200000,0.800000,mba,0,,0,0,-1,-1,-1,-1,-1,-1,-1,-1,-1,-1,-1,-1
4001,5,1000,7,16,16,170381.151993,170381.175319,0.023326,0x40533c,1,771,483,288,46,100.000000,0,0,0.026440,1.200000,0.800000,mba,0,,0,0,-1,-1,-1,-1,-1,-1,-1,-1,-1,-1,-1,-1
4001,5,1000,8,16,16,170381.152246,170381.175848,0.023602,0x40533c,1,699,381,318,48,100.000000,0,0,0.026440,1.200000,0.800000,mba,0,,0,0,-1,-1,-1,-1,-1,-1,-1,-1,-1,-1,-1,-1
4001,5,1000,9,16,16,170381.149605,170381.173013,0.023408,0x40533c,1,608,274,334,18,100.000000,0,0,0.026440,1.200000,0.800000,mba,0,,0,0,-1,-1,-1,-1,-1,-1,-1,-1,-1,-1,-1,-1
4001,5,1000,10,16,16,170381.151472,170381.176045,0.024573,0x40533c,1,296,169,127,52,100.000000,0,0,0.026440,1.200000,0.800000,mba,0,,0,0,-1,-1,-1,-1,-1,-1,-1,-1,-1,-1,-1,-1
4001,5,1000,11,16,16,170381.150504,170381.174652,0.024148,0x40533c,1,740,395,345,54,100.000000,0,0,0.026440,1.200000,0.800000,mba,0,,0,0,-1,-1,-1,-1,-1,-1,-1,-1,-1,-1,-1,-1
4001,5,1000,12,16,16,170381.150256,170381.168909,0.018653,0x40533c,1,57,32,25,24,40.000000,0,0,0.026440,1.200000,0.800000,mba,0,,0,0,-1,-1,-1,-1,-1,-1,-1,-1,-1,-1,-1,-1
4001,5,1000,13,16,16,170381.150833,170381.169517,0.018684,0x40533c,1,84,51,33,58,40.000000,0,0,0.026440,1.200000,0.800000,mba,0,,0,0,-1,-1,-1,-1,-1,-1,-1,-1,-1,-1,-1,-1
4001,5,1000,14,16,16,170381.150845,170381.169715,0.018870,0x40533c,1,50,30,20,60,40.000000,0,0,0.026440,1.200000,0.800000,mba,0,,0,0,-1,-1,-1,-1,-1,-1,-1,-1,-1,-1,-1,-1
4001,5,1000,15,16,16,170381.151389,170381.170187,0.018798,0x40533c,1,65,40,25,62,40.000000,0,0,0.026440,1.200000,0.800000,mba,0,,0,0,-1,-1,-1,-1,-1,-1,-1,-1,-1,-1,-1,-1
4398,2,1100,0,16,16,184234.889678,184365.980580,89.988002,0x4051ce,1,6830696,3022326,3808370,32,30.000000,1,1,131.716356,1.200000,0.800000,mba,0,,1,1,26853376,15949824,540672,2463379849216,2464630874112,1081614336,2463379939328,2464630874112,1082605568,-1,-1,-1
4398,2,1100,1,16,16,184234.783264,184366.282541,106.259773,0x4051ce,1,7653843,3693834,3960009,34,30.000000,1,1,131.716356,1.200000,0.800000,mba,0,,1,1,26673152,16670720,12705792,2463379038208,2464632676352,1232642048,2463379038208,2464632676352,1232281600,-1,-1,-1
4398,2,1100,2,16,16,184234.782476,184366.274796,105.740134,0x4051ce,1,7242579,3750280,3492299,36,30.000000,1,1,131.716356,1.200000,0.800000,mba,0,,1,1,26763264,16670720,12525568,2463379038208,2464632676352,1229938688,2463379038208,2464632676352,1229398016,-1,-1,-1
4398,2,1100,3,16,16,184234.799289,184365.971995,89.148421,0x4051ce,1,7722031,4462184,3259847,38,40.000000,1,1,131.716356,1.200000,0.800000,mba,0,,1,1,3063808,10182656,95248384,684661604352,686447624192,1600389120,684661694464,686447714304,1601290240,-1,-1,-1
4398,2,1100,4,16,16,184234.811175,184366.479693,123.146566,0x4051ce,1,15822020,11613498,4208522,40,100.000000,1,1,131.716356,1.200000,0.800000,mba,0,,1,1,54247424,57761792,991232,11193870516224,11202450440192,8443224064,11193870786560,11202450530304,8437727232,-1,-1,-1
4398,2,1100,5,16,16,184234.865542,184366.472859,125.405591,0x4051ce,1,15705853,12373788,3332065,42,100.000000,1,1,131.716356,1.200000,0.800000,mba,0,,1,1,54247424,57851904,1351680,11193872949248,11202450440192,8550367232,11193873580032,11202450530304,8542076928,-1,-1,-1
4398,2,1100,6,16,16,184234.798387,184366.405689,119.971067,0x4051ce,1,14956904,11672334,3284570,44,100.000000,1,1,131.716356,1.200000,0.800000,mba,0,,1,1,54247424,57671680,360448,11193870516224,11202445844480,8214429696,11193870516224,11202446295040,8220467200,-1,-1,-1
4398,2,1100,7,16,16,184234.871467,184366.490157,126.483589,0x4051ce,1,15687448,12406483,3280965,46,100.000000,1,1,131.716356,1.200000,0.800000,mba,0,,1,1,54247424,57851904,1712128,11193873399808,11202450530304,8561360896,11193873850368,11202450530304,8553971712,-1,-1,-1
4398,2,1100,8,16,16,184234.795440,184366.441421,124.058893,0x4051ce,1,15687632,12088974,3598658,48,100.000000,1,1,131.716356,1.200000,0.800000,mba,0,,1,1,54247424,58122240,1531904,11193870426112,11202448818176,8495579136,11193870516224,11202449268736,8496930816,-1,-1,-1
4398,2,1100,9,16,16,184234.886133,184366.376046,119.358901,0x4051ce,1,14935670,11621272,3314398,18,100.000000,1,1,131.716356,1.200000,0.800000,mba,0,,1,1,53886976,57581568,270336,11193874571264,11202442870784,8171986944,11193874841600,11202443231232,8178475008,-1,-1,-1
4398,2,1100,10,16,16,184234.876056,184366.491127,124.614440,0x4051ce,1,15682045,12337084,3344961,52,100.000000,1,1,131.716356,1.200000,0.800000,mba,0,,1,1,53616640,57851904,901120,11193873580032,11202450530304,8522432512,11193874571264,11202450530304,8518287360,-1,-1,-1
4398,2,1100,11,16,16,184234.793354,184366.459521,124.534032,0x4051ce,1,15604261,12231947,3372314,54,100.000000,1,1,131.716356,1.200000,0.800000,mba,0,,1,1,54247424,58032128,1351680,11193870426112,11202450259968,8529731584,11193870516224,11202450440192,8528470016,-1,-1,-1
4398,2,1100,12,16,16,184234.853623,184366.250580,107.358261,0x4051ce,1,7615160,6096331,1518829,24,40.000000,1,1,131.716356,1.200000,0.800000,mba,0,,1,1,3153920,10182656,65060864,684661964800,686449876992,1778450432,684661964800,686449876992,1777459200,-1,-1,-1
4398,2,1100,13,16,16,184234.774771,184366.211460,104.225524,0x4051ce,1,7683036,5779979,1903057,58,40.000000,1,1,131.716356,1.200000,0.800000,mba,0,,1,1,3063808,10272768,63889408,684661604352,686449786880,1767276544,684661604352,686449786880,1767366656,-1,-1,-1
4398,2,1100,14,16,16,184234.821599,184365.771679,86.911213,0x4051ce,1,7722521,4215721,3506800,60,40.000000,1,1,131.716356,1.200000,0.800000,mba,0,,1,1,3153920,10723328,94257152,684661694464,686444470272,1564254208,684661874688,686444560384,1564704768,-1,-1,-1
4398,2,1100,15,16,16,184234.862844,184366.262895,109.807226,0x4051ce,1,7582399,4019899,3562500,62,30.000000,1,1,131.716356,1.200000,0.800000,mba,0,,1,1,26853376,16670720,8921088,2463379488768,2464632676352,1247420416,2463379668992,2464632676352,1245528064,-1,-1,-1
4399,3,1100,0,16,16,184366.672860,184366.808479,0.135619,0x405218,1,6450,3280,3170,32,20.000000,0,0,0.241427,1.200000,0.800000,mba,0,,0,0,-1,-1,-1,-1,-1,-1,-1,-1,-1,-1,-1,-1
4399,3,1100,1,16,16,184366.672886,184366.806503,0.133617,0x405218,1,6247,3050,3197,34,20.000000,0,0,0.241427,1.200000,0.800000,mba,0,,0,0,-1,-1,-1,-1,-1,-1,-1,-1,-1,-1,-1,-1
4399,3,1100,2,16,16,184366.673131,184366.806105,0.132974,0x405218,1,6416,3188,3228,36,20.000000,0,0,0.241427,1.200000,0.800000,mba,0,,0,0,-1,-1,-1,-1,-1,-1,-1,-1,-1,-1,-1,-1
4399,3,1100,3,16,16,184366.673153,184366.802998,0.129845,0x405218,1,5224,2791,2433,38,20.000000,0,0,0.241427,1.200000,0.800000,mba,0,,0,0,-1,-1,-1,-1,-1,-1,-1,-1,-1,-1,-1,-1
4399,3,1100,4,16,16,184366.673233,184366.908443,0.235210,0x405218,1,11030,7371,3659,40,100.000000,0,0,0.241427,1.200000,0.800000,mba,0,,0,0,-1,-1,-1,-1,-1,-1,-1,-1,-1,-1,-1,-1
4399,3,1100,5,16,16,184366.673355,184366.913403,0.240048,0x405218,1,11008,7939,3069,42,100.000000,0,0,0.241427,1.200000,0.800000,mba,0,,0,0,-1,-1,-1,-1,-1,-1,-1,-1,-1,-1,-1,-1
4399,3,1100,6,16,16,184366.673317,184366.906361,0.233044,0x405218,1,10726,7421,3305,44,100.000000,0,0,0.241427,1.200000,0.800000,mba,0,,0,0,-1,-1,-1,-1,-1,-1,-1,-1,-1,-1,-1,-1
4399,3,1100,7,16,16,184366.673330,184366.912862,0.239532,0x405218,1,10815,8070,2745,46,100.000000,0,0,0.241427,1.200000,0.800000,mba,0,,0,0,-1,-1,-1,-1,-1,-1,-1,-1,-1,-1,-1,-1
4399,3,1100,8,16,16,184366.672545,184366.910273,0.237728,0x405218,1,10993,7498,3495,48,100.000000,0,0,0.241427,1.200000,0.800000,mba,0,,0,0,-1,-1,-1,-1,-1,-1,-1,-1,-1,-1,-1,-1
4399,3,1100,9,16,16,184366.673781,184366.912760,0.238979,0x405218,1,10852,8002,2850,18,100.000000,0,0,0.241427,1.200000,0.800000,mba,0,,0,0,-1,-1,-1,-1,-1,-1,-1,-1,-1,-1,-1,-1
4399,3,1100,10,16,16,184366.672222,184366.899425,0.227203,0x405218,1,11112,7698,3414,52,100.000000,0,0,0.241427,1.200000,0.800000,mba,0,,0,0,-1,-1,-1,-1,-1,-1,-1,-1,-1,-1,-1,-1
4399,3,1100,11,16,16,184366.672519,184366.908505,0.235986,0x405218,1,10894,7702,3192,54,100.000000,0,0,0.241427,1.200000,0.800000,mba,0,,0,0,-1,-1,-1,-1,-1,-1,-1,-1,-1,-1,-1,-1
4399,3,1100,12,16,16,184366.672006,184366.812950,0.140944,0x405218,1,4686,3423,1263,24,20.000000,0,0,0.241427,1.200000,0.800000,mba,0,,0,0,-1,-1,-1,-1,-1,-1,-1,-1,-1,-1,-1,-1
4399,3,1100,13,16,16,184366.673452,184366.819308,0.145856,0x405218,1,6218,3926,2292,58,20.000000,0,0,0.241427,1.200000,0.800000,mba,0,,0,0,-1,-1,-1,-1,-1,-1,-1,-1,-1,-1,-1,-1
4399,3,1100,14,16,16,184366.671976,184366.794059,0.122083,0x405218,1,5274,2368,2906,60,20.000000,0,0,0.241427,1.200000,0.800000,mba,0,,0,0,-1,-1,-1,-1,-1,-1,-1,-1,-1,-1,-1,-1
4399,3,1100,15,16,16,184366.672355,184366.783617,0.111262,0x405218,1,5636,2891,2745,62,20.000000,0,0,0.241427,1.200000,0.800000,mba,0,,0,0,-1,-1,-1,-1,-1,-1,-1,-1,-1,-1,-1,-1
4400,4,1100,0,16,16,184367.732708,184367.776050,0.043342,0x4052e4,1,1758,1104,654,32,100.000000,0,0,0.050899,1.200000,0.800000,mba,0,,0,0,-1,-1,-1,-1,-1,-1,-1,-1,-1,-1,-1,-1
4400,4,1100,1,16,16,184367.727195,184367.748416,0.021221,0x4052e4,1,298,247,51,34,20.000000,0,0,0.050899,1.200000,0.800000,mba,0,,0,0,-1,-1,-1,-1,-1,-1,-1,-1,-1,-1,-1,-1
4400,4,1100,2,16,16,184367.727740,184367.749310,0.021570,0x4052e4,1,266,220,46,36,20.000000,0,0,0.050899,1.200000,0.800000,mba,0,,0,0,-1,-1,-1,-1,-1,-1,-1,-1,-1,-1,-1,-1
4400,4,1100,3,16,16,184367.727639,184367.748332,0.020693,0x4052e4,1,148,84,64,38,20.000000,0,0,0.050899,1.200000,0.800000,mba,0,,0,0,-1,-1,-1,-1,-1,-1,-1,-1,-1,-1,-1,-1
4400,4,1100,4,16,16,184367.728108,184367.752734,0.024626,0x4052e4,1,330,284,46,40,20.000000,0,0,0.050899,1.200000,0.800000,mba,0,,0,0,-1,-1,-1,-1,-1,-1,-1,-1,-1,-1,-1,-1
4400,4,1100,5,16,16,184367.727725,184367.750869,0.023144,0x4052e4,1,434,377,57,42,20.000000,0,0,0.050899,1.200000,0.800000,mba,0,,0,0,-1,-1,-1,-1,-1,-1,-1,-1,-1,-1,-1,-1
4400,4,1100,6,16,16,184367.726760,184367.749572,0.022812,0x4052e4,1,297,235,62,44,20.000000,0,0,0.050899,1.200000,0.800000,mba,0,,0,0,-1,-1,-1,-1,-1,-1,-1,-1,-1,-1,-1,-1
4400,4,1100,7,16,16,184367.727949,184367.752593,0.024644,0x4052e4,1,372,330,42,46,20.000000,0,0,0.050899,1.200000,0.800000,mba,0,,0,0,-1,-1,-1,-1,-1,-1,-1,-1,-1,-1,-1,-1
4400,4,1100,8,16,16,184367.727116,184367.750310,0.023194,0x4052e4,1,372,307,65,48,20.000000,0,0,0.050899,1.200000,0.800000,mba,0,,0,0,-1,-1,-1,-1,-1,-1,-1,-1,-1,-1,-1,-1
4400,4,1100,9,16,16,184367.726525,184367.750636,0.024111,0x4052e4,1,371,316,55,18,20.000000,0,0,0.050899,1.200000,0.800000,mba,0,,0,0,-1,-1,-1,-1,-1,-1,-1,-1,-1,-1,-1,-1
4400,4,1100,10,16,16,184367.726839,184367.750927,0.024088,0x4052e4,1,424,357,67,52,20.000000,0,0,0.050899,1.200000,0.800000,mba,0,,0,0,-1,-1,-1,-1,-1,-1,-1,-1,-1,-1,-1,-1
4400,4,1100,11,16,16,184367.726555,184367.750806,0.024251,0x4052e4,1,382,315,67,54,20.000000,0,0,0.050899,1.200000,0.800000,mba,0,,0,0,-1,-1,-1,-1,-1,-1,-1,-1,-1,-1,-1,-1
4400,4,1100,12,16,16,184367.725151,184367.745415,0.020264,0x4052e4,1,60,23,37,24,20.000000,0,0,0.050899,1.200000,0.800000,mba,0,,0,0,-1,-1,-1,-1,-1,-1,-1,-1,-1,-1,-1,-1
4400,4,1100,13,16,16,184367.725430,184367.746094,0.020664,0x4052e4,1,142,84,58,58,20.000000,0,0,0.050899,1.200000,0.800000,mba,0,,0,0,-1,-1,-1,-1,-1,-1,-1,-1,-1,-1,-1,-1
4400,4,1100,14,16,16,184367.726537,184367.747602,0.021065,0x4052e4,1,180,111,69,60,20.000000,0,0,0.050899,1.200000,0.800000,mba,0,,0,0,-1,-1,-1,-1,-1,-1,-1,-1,-1,-1,-1,-1
4400,4,1100,15,16,16,184367.725918,184367.746646,0.020728,0x4052e4,1,136,89,47,62,20.000000,0,0,0.050899,1.200000,0.800000,mba,0,,0,0,-1,-1,-1,-1,-1,-1,-1,-1,-1,-1,-1,-1
4401,5,1100,0,16,16,184367.835809,184367.856166,0.020357,0x40533c,1,32,11,21,32,40.000000,0,0,0.027552,1.200000,0.800000,mba,0,,0,0,-1,-1,-1,-1,-1,-1,-1,-1,-1,-1,-1,-1
4401,5,1100,1,16,16,184367.836447,184367.856400,0.019953,0x40533c,1,56,5,51,34,40.000000,0,0,0.027552,1.200000,0.800000,mba,0,,0,0,-1,-1,-1,-1,-1,-1,-1,-1,-1,-1,-1,-1
4401,5,1100,2,16,16,184367.834987,184367.855203,0.020216,0x40533c,1,99,61,38,36,40.000000,0,0,0.027552,1.200000,0.800000,mba,0,,0,0,-1,-1,-1,-1,-1,-1,-1,-1,-1,-1,-1,-1
4401,5,1100,3,16,16,184367.836018,184367.856205,0.020187,0x40533c,1,72,41,31,38,40.000000,0,0,0.027552,1.200000,0.800000,mba,0,,0,0,-1,-1,-1,-1,-1,-1,-1,-1,-1,-1,-1,-1
4401,5,1100,4,16,16,184367.836772,184367.862028,0.025256,0x40533c,1,558,281,277,40,100.000000,0,0,0.027552,1.200000,0.800000,mba,0,,0,0,-1,-1,-1,-1,-1,-1,-1,-1,-1,-1,-1,-1
4401,5,1100,5,16,16,184367.836401,184367.861174,0.024773,0x40533c,1,688,382,306,42,100.000000,0,0,0.027552,1.200000,0.800000,mba,0,,0,0,-1,-1,-1,-1,-1,-1,-1,-1,-1,-1,-1,-1
4401,5,1100,6,16,16,184367.836608,184367.861726,0.025118,0x40533c,1,733,401,332,44,100.000000,0,0,0.027552,1.200000,0.800000,mba,0,,0,0,-1,-1,-1,-1,-1,-1,-1,-1,-1,-1,-1,-1
4401,5,1100,7,16,16,184367.836405,184367.862539,0.026134,0x40533c,1,763,493,270,46,100.000000,0,0,0.027552,1.200000,0.800000,mba,0,,0,0,-1,-1,-1,-1,-1,-1,-1,-1,-1,-1,-1,-1
4401,5,1100,8,16,16,184367.836346,184367.861538,0.025192,0x40533c,1,635,352,283,48,100.000000,0,0,0.027552,1.200000,0.800000,mba,0,,0,0,-1,-1,-1,-1,-1,-1,-1,-1,-1,-1,-1,-1
4401,5,1100,9,16,16,184367.836917,184367.861718,0.024801,0x40533c,1,669,276,393,18,100.000000,0,0,0.027552,1.200000,0.800000,mba,0,,0,0,-1,-1,-1,-1,-1,-1,-1,-1,-1,-1,-1,-1
4401,5,1100,10,16,16,184367.836774,184367.861979,0.025205,0x40533c,1,745,393,352,52,100.000000,0,0,0.027552,1.200000,0.800000,mba,0,,0,0,-1,-1,-1,-1,-1,-1,-1,-1,-1,-1,-1,-1
4401,5,1100,11,16,16,184367.836401,184367.862154,0.025753,0x40533c,1,831,369,462,54,100.000000,0,0,0.027552,1.200000,0.800000,mba,0,,0,0,-1,-1,-1,-1,-1,-1,-1,-1,-1,-1,-1,-1
4401,5,1100,12,16,16,184367.835705,184367.855746,0.020041,0x40533c,1,79,46,33,24,40.000000,0,0,0.027552,1.200000,0.800000,mba,0,,0,0,-1,-1,-1,-1,-1,-1,-1,-1,-1,-1,-1,-1
4401,5,1100,13,16,16,184367.836044,184367.856201,0.020157,0x40533c,1,83,46,37,58,40.000000,0,0,0.027552,1.200000,0.800000,mba,0,,0,0,-1,-1,-1,-1,-1,-1,-1,-1,-1,-1,-1,-1
4401,5,1100,14,16,16,184367.835274,184367.855300,0.020026,0x40533c,1,72,44,28,60,40.000000,0,0,0.027552,1.200000,0.800000,mba,0,,0,0,-1,-1,-1,-1,-1,-1,-1,-1,-1,-1,-1,-1
4401,5,1100,15,16,16,184367.835701,184367.856092,0.020391,0x40533c,1,62,32,30,62,40.000000,0,0,0.027552,1.200000,0.800000,mba,0,,0,0,-1,-1,-1,-1,-1,-1,-1,-1,-1,-1,-1,-1
4798,2,1200,0,16,16,197465.896269,197594.269692,88.451157,0x4051ce,1,6845173,2993647,3851526,32,30.000000,1,1,128.856664,1.200000,0.800000,mba,0,,1,1,20815872,16490496,-1622016,2587555627008,2588776103936,1059086336,2587555627008,2588776194048,1059717120,-1,-1,-1
4798,2,1200,1,16,16,197465.882231,197594.633027,104.736846,0x4051ce,1,7670543,3644496,4026047,34,30.000000,1,1,128.856664,1.200000,0.800000,mba,0,,1,1,20815872,18292736,13787136,2587555627008,2588778807296,1202364416,2587555627008,2588778807296,1201913856,-1,-1,-1
4798,2,1200,2,16,16,197465.889946,197594.619164,105.057264,0x4051ce,1,7264536,3734490,3530046,36,30.000000,1,1,128.856664,1.200000,0.800000,mba,0,,1,1,20815872,18292736,15409152,2587555627008,2588778807296,1206329344,2587555627008,2588778807296,1204977664,-1,-1,-1
4798,2,1200,3,16,16,197465.882348,197594.296384,88.968032,0x4051ce,1,7736772,4463240,3273532,38,40.000000,1,1,128.856664,1.200000,0.800000,mba,0,,1,1,9101312,8650752,84705280,863319908352,865125302272,1621745664,863319998464,865125302272,1624268800,-1,-1,-1
4798,2,1200,4,16,16,197465.888746,197594.692620,121.009806,0x4051ce,1,15157678,11029477,4128201,40,100.000000,1,1,128.856664,1.200000,0.800000,mba,0,,1,1,52174848,54607872,-540672,12038259425280,12046378246144,8016904192,12038259695616,12046378246144,8010506240,-1,-1,-1
4798,2,1200,5,16,16,197465.895709,197594.691043,123.096080,0x4051ce,1,15062329,11710145,3352184,42,100.000000,1,1,128.856664,1.200000,0.800000,mba,0,,1,1,51994624,54607872,-540672,12038259605504,12046378246144,8099717120,12038259785728,12046378246144,8089444352,-1,-1,-1
4798,2,1200,6,16,16,197465.874452,197594.588616,117.889670,0x4051ce,1,14283310,10977101,3306209,44,100.000000,1,1,128.856664,1.200000,0.800000,mba,0,,1,1,52174848,53886976,-1351680,12038259425280,12046371307520,7817396224,12038259605504,12046371667968,7822893056,-1,-1,-1
4798,2,1200,7,16,16,197465.889616,197594.709409,122.812236,0x4051ce,1,15040816,11756638,3284178,46,100.000000,1,1,128.856664,1.200000,0.800000,mba,0,,1,1,52084736,54607872,-630784,12038259515392,12046378246144,8096833536,12038259695616,12046378246144,8087822336,-1,-1,-1
4798,2,1200,8,16,16,197465.888581,197594.674996,122.014831,0x4051ce,1,15047420,11538614,3508806,48,100.000000,1,1,128.856664,1.200000,0.800000,mba,0,,1,1,52084736,54427648,-811008,12038259425280,12046378065920,8060878848,12038259605504,12046378156032,8060157952,-1,-1,-1
4798,2,1200,9,16,16,197465.888391,197594.532776,116.353014,0x4051ce,1,14262952,10906936,3356016,18,100.000000,1,1,128.856664,1.200000,0.800000,mba,0,,1,1,52084736,53886976,-1171456,12038259605504,12046367162368,7698178048,12038259785728,12046367612928,7706558464,-1,-1,-1
4798,2,1200,10,16,16,197465.895242,197594.666341,121.957810,0x4051ce,1,15041831,11699048,3342783,52,100.000000,1,1,128.856664,1.200000,0.800000,mba,0,,1,1,52264960,54337536,-720896,12038259425280,12046377705472,8069439488,12038259605504,12046377885696,8068448256,-1,-1,-1
4798,2,1200,11,16,16,197465.872660,197594.625247,121.935914,0x4051ce,1,14966933,11608644,3358289,54,100.000000,1,1,128.856664,1.200000,0.800000,mba,0,,1,1,52084736,54337536,-720896,12038259425280,12046375002112,8066375680,12038259605504,12046375903232,8065384448,-1,-1,-1
4798,2,1200,12,16,16,197465.863440,197594.620783,107.145033,0x4051ce,1,7619404,6094604,1524800,24,40.000000,1,1,128.856664,1.200000,0.800000,mba,0,,1,1,9101312,8650752,55779328,863319908352,865128275968,1800257536,863319908352,865128275968,1798905856,-1,-1,-1
4798,2,1200,13,16,16,197465.871305,197594.558912,103.814994,0x4051ce,1,7685861,5763082,1922779,58,40.000000,1,1,128.856664,1.200000,0.800000,mba,0,,1,1,9101312,8650752,55959552,863319908352,865128095744,1787641856,863319998464,865128095744,1787281408,-1,-1,-1
4798,2,1200,14,16,16,197465.883138,197594.127710,86.447773,0x4051ce,1,7736444,4201175,3535269,60,40.000000,1,1,128.856664,1.200000,0.800000,mba,0,,1,1,9101312,9101312,88940544,863319908352,865122689024,1584168960,863319998464,865122779136,1584979968,-1,-1,-1
4798,2,1200,15,16,16,197465.852745,197594.601406,108.579967,0x4051ce,1,7593884,3989808,3604076,62,30.000000,1,1,128.856664,1.200000,0.800000,mba,0,,1,1,20635648,17842176,10993664,2587555627008,2588778717184,1218404352,2587555627008,2588778717184,1217683456,-1,-1,-1
4799,3,1200,0,16,16,197594.887509,197595.027029,0.139520,0x405218,1,6465,3298,3167,32,20.000000,0,0,0.241431,1.200000,0.800000,mba,0,,0,0,-1,-1,-1,-1,-1,-1,-1,-1,-1,-1,-1,-1
4799,3,1200,1,16,16,197594.887019,197595.016394,0.129375,0x405218,1,6220,2965,3255,34,20.000000,0,0,0.241431,1.200000,0.800000,mba,0,,0,0,-1,-1,-1,-1,-1,-1,-1,-1,-1,-1,-1,-1
4799,3,1200,2,16,16,197594.887304,197595.014936,0.127632,0x405218,1,6379,3131,3248,36,20.000000,0,0,0.241431,1.200000,0.800000,mba,0,,0,0,-1,-1,-1,-1,-1,-1,-1,-1,-1,-1,-1,-1
4799,3,1200,3,16,16,197594.887251,197595.012739,0.125488,0x405218,1,5226,2828,2398,38,20.000000,0,0,0.241431,1.200000,0.800000,mba,0,,0,0,-1,-1,-1,-1,-1,-1,-1,-1,-1,-1,-1,-1
4799,3,1200,4,16,16,197594.887272,197595.121252,0.233980,0x405218,1,10840,7241,3599,40,100.000000,0,0,0.241431,1.200000,0.800000,mba,0,,0,0,-1,-1,-1,-1,-1,-1,-1,-1,-1,-1,-1,-1
4799,3,1200,5,16,16,197594.886935,197595.128196,0.241261,0x405218,1,10786,7864,2922,42,100.000000,0,0,0.241431,1.200000,0.800000,mba,0,,0,0,-1,-1,-1,-1,-1,-1,-1,-1,-1,-1,-1,-1
4799,3,1200,6,16,16,197594.886966,197595.114295,0.227329,0x405218,1,10521,7327,3194,44,100.000000,0,0,0.241431,1.200000,0.800000,mba,0,,0,0,-1,-1,-1,-1,-1,-1,-1,-1,-1,-1,-1,-1
4799,3,1200,7,16,16,197594.887690,197595.115974,0.228284,0x405218,1,10605,7769,2836,46,100.000000,0,0,0.241431,1.200000,0.800000,mba,0,,0,0,-1,-1,-1,-1,-1,-1,-1,-1,-1,-1,-1,-1
4799,3,1200,8,16,16,197594.887108,197595.118412,0.231304,0x405218,1,10801,7272,3529,48,100.000000,0,0,0.241431,1.200000,0.800000,mba,0,,0,0,-1,-1,-1,-1,-1,-1,-1,-1,-1,-1,-1,-1
4799,3,1200,9,16,16,197594.887069,197595.122088,0.235019,0x405218,1,10660,7589,3071,18,100.000000,0,0,0.241431,1.200000,0.800000,mba,0,,0,0,-1,-1,-1,-1,-1,-1,-1,-1,-1,-1,-1,-1
4799,3,1200,10,16,16,197594.887205,197595.114572,0.227367,0x405218,1,10864,7415,3449,52,100.000000,0,0,0.241431,1.200000,0.800000,mba,0,,0,0,-1,-1,-1,-1,-1,-1,-1,-1,-1,-1,-1,-1
4799,3,1200,11,16,16,197594.887596,197595.127563,0.239967,0x405218,1,10635,7539,3096,54,100.000000,0,0,0.241431,1.200000,0.800000,mba,0,,0,0,-1,-1,-1,-1,-1,-1,-1,-1,-1,-1,-1,-1
4799,3,1200,12,16,16,197594.886989,197595.026828,0.139839,0x405218,1,4663,3455,1208,24,20.000000,0,0,0.241431,1.200000,0.800000,mba,0,,0,0,-1,-1,-1,-1,-1,-1,-1,-1,-1,-1,-1,-1
4799,3,1200,13,16,16,197594.886870,197595.028845,0.141975,0x405218,1,6190,3805,2385,58,20.000000,0,0,0.241431,1.200000,0.800000,mba,0,,0,0,-1,-1,-1,-1,-1,-1,-1,-1,-1,-1,-1,-1
4799,3,1200,14,16,16,197594.886765,197595.004342,0.117577,0x405218,1,5291,2378,2913,60,20.000000,0,0,0.241431,1.200000,0.800000,mba,0,,0,0,-1,-1,-1,-1,-1,-1,-1,-1,-1,-1,-1,-1
4799,3,1200,15,16,16,197594.886891,197594.996920,0.110029,0x405218,1,5600,2763,2837,62,20.000000,0,0,0.241431,1.200000,0.800000,mba,0,,0,0,-1,-1,-1,-1,-1,-1,-1,-1,-1,-1,-1,-1
4800,4,1200,0,16,16,197595.942193,197595.983326,0.041133,0x4052e4,1,1798,1112,686,32,100.000000,0,0,0.047563,1.200000,0.800000,mba,0,,0,0,-1,-1,-1,-1,-1,-1,-1,-1,-1,-1,-1,-1
4800,4,1200,1,16,16,197595.936267,197595.959244,0.022977,0x4052e4,1,301,234,67,34,20.000000,0,0,0.047563,1.200000,0.800000,mba,0,,0,0,-1,-1,-1,-1,-1,-1,-1,-1,-1,-1,-1,-1
4800,4,1200,2,16,16,197595.936367,197595.959459,0.023092,0x4052e4,1,282,232,50,36,20.000000,0,0,0.047563,1.200000,0.800000,mba,0,,0,0,-1,-1,-1,-1,-1,-1,-1,-1,-1,-1,-1,-1
4800,4,1200,3,16,16,197595.936517,197595.959063,0.022546,0x4052e4,1,136,87,49,38,20.000000,0,0,0.047563,1.200000,0.800000,mba,0,,0,0,-1,-1,-1,-1,-1,-1,-1,-1,-1,-1,-1,-1
4800,4,1200,4,16,16,197595.937503,197595.962519,0.025016,0x4052e4,1,369,301,68,40,20.000000,0,0,0.047563,1.200000,0.800000,mba,0,,0,0,-1,-1,-1,-1,-1,-1,-1,-1,-1,-1,-1,-1
4800,4,1200,5,16,16,197595.937336,197595.962676,0.025340,0x4052e4,1,356,283,73,42,20.000000,0,0,0.047563,1.200000,0.800000,mba,0,,0,0,-1,-1,-1,-1,-1,-1,-1,-1,-1,-1,-1,-1
4800,4,1200,6,16,16,197595.935763,197595.960583,0.024820,0x4052e4,1,333,277,56,44,20.000000,0,0,0.047563,1.200000,0.800000,mba,0,,0,0,-1,-1,-1,-1,-1,-1,-1,-1,-1,-1,-1,-1
4800,4,1200,7,16,16,197595.937341,197595.963486,0.026145,0x4052e4,1,565,512,53,46,20.000000,0,0,0.047563,1.200000,0.800000,mba,0,,0,0,-1,-1,-1,-1,-1,-1,-1,-1,-1,-1,-1,-1
4800,4,1200,8,16,16,197595.937034,197595.962098,0.025064,0x4052e4,1,338,259,79,48,20.000000,0,0,0.047563,1.200000,0.800000,mba,0,,0,0,-1,-1,-1,-1,-1,-1,-1,-1,-1,-1,-1,-1
4800,4,1200,9,16,16,197595.936856,197595.962189,0.025333,0x4052e4,1,308,240,68,18,20.000000,0,0,0.047563,1.200000,0.800000,mba,0,,0,0,-1,-1,-1,-1,-1,-1,-1,-1,-1,-1,-1,-1
4800,4,1200,10,16,16,197595.936395,197595.961269,0.024874,0x4052e4,1,343,298,45,52,20.000000,0,0,0.047563,1.200000,0.800000,mba,0,,0,0,-1,-1,-1,-1,-1,-1,-1,-1,-1,-1,-1,-1
4800,4,1200,11,16,16,197595.936767,197595.962413,0.025646,0x4052e4,1,393,316,77,54,20.000000,0,0,0.047563,1.200000,0.800000,mba,0,,0,0,-1,-1,-1,-1,-1,-1,-1,-1,-1,-1,-1,-1
4800,4,1200,12,16,16,197595.936283,197595.958197,0.021914,0x4052e4,1,51,10,41,24,20.000000,0,0,0.047563,1.200000,0.800000,mba,0,,0,0,-1,-1,-1,-1,-1,-1,-1,-1,-1,-1,-1,-1
4800,4,1200,13,16,16,197595.937667,197595.959904,0.022237,0x4052e4,1,111,84,27,58,20.000000,0,0,0.047563,1.200000,0.800000,mba,0,,0,0,-1,-1,-1,-1,-1,-1,-1,-1,-1,-1,-1,-1
4800,4,1200,14,16,16,197595.935952,197595.958385,0.022433,0x4052e4,1,142,87,55,60,20.000000,0,0,0.047563,1.200000,0.800000,mba,0,,0,0,-1,-1,-1,-1,-1,-1,-1,-1,-1,-1,-1,-1
4800,4,1200,15,16,16,197595.936799,197595.959398,0.022599,0x4052e4,1,139,92,47,62,20.000000,0,0,0.047563,1.200000,0.800000,mba,0,,0,0,-1,-1,-1,-1,-1,-1,-1,-1,-1,-1,-1,-1
4801,5,1200,0,16,16,197596.044792,197596.066974,0.022182,0x40533c,1,16,1,15,32,40.000000,0,0,0.029070,1.200000,0.800000,mba,0,,0,0,-1,-1,-1,-1,-1,-1,-1,-1,-1,-1,-1,-1
4801,5,1200,1,16,16,197596.045957,197596.067812,0.021855,0x40533c,1,26,7,19,34,40.000000,0,0,0.029070,1.200000,0.800000,mba,0,,0,0,-1,-1,-1,-1,-1,-1,-1,-1,-1,-1,-1,-1
4801,5,1200,2,16,16,197596.045095,197596.066835,0.021740,0x40533c,1,75,46,29,36,40.000000,0,0,0.029070,1.200000,0.800000,mba,0,,0,0,-1,-1,-1,-1,-1,-1,-1,-1,-1,-1,-1,-1
4801,5,1200,3,16,16,197596.045213,197596.067034,0.021821,0x40533c,1,70,51,19,38,40.000000,0,0,0.029070,1.200000,0.800000,mba,0,,0,0,-1,-1,-1,-1,-1,-1,-1,-1,-1,-1,-1,-1
4801,5,1200,4,16,16,197596.045755,197596.072301,0.026546,0x40533c,1,536,241,295,40,100.000000,0,0,0.029070,1.200000,0.800000,mba,0,,0,0,-1,-1,-1,-1,-1,-1,-1,-1,-1,-1,-1,-1
4801,5,1200,5,16,16,197596.046051,197596.073476,0.027425,0x40533c,1,522,300,222,42,100.000000,0,0,0.029070,1.200000,0.800000,mba,0,,0,0,-1,-1,-1,-1,-1,-1,-1,-1,-1,-1,-1,-1
4801,5,1200,6,16,16,197596.045807,197596.073239,0.027432,0x40533c,1,730,421,309,44,100.000000,0,0,0.029070,1.200000,0.800000,mba,0,,0,0,-1,-1,-1,-1,-1,-1,-1,-1,-1,-1,-1,-1
4801,5,1200,7,16,16,197596.045679,197596.073599,0.027920,0x40533c,1,703,406,297,46,100.000000,0,0,0.029070,1.200000,0.800000,mba,0,,0,0,-1,-1,-1,-1,-1,-1,-1,-1,-1,-1,-1,-1
4801,5,1200,8,16,16,197596.045589,197596.072577,0.026988,0x40533c,1,669,340,329,48,100.000000,0,0,0.029070,1.200000,0.800000,mba,0,,0,0,-1,-1,-1,-1,-1,-1,-1,-1,-1,-1,-1,-1
4801,5,1200,9,16,16,197596.045721,197596.072466,0.026745,0x40533c,1,717,314,403,18,100.000000,0,0,0.029070,1.200000,0.800000,mba,0,,0,0,-1,-1,-1,-1,-1,-1,-1,-1,-1,-1,-1,-1
4801,5,1200,10,16,16,197596.044738,197596.071329,0.026591,0x40533c,1,762,413,349,52,100.000000,0,0,0.029070,1.200000,0.800000,mba,0,,0,0,-1,-1,-1,-1,-1,-1,-1,-1,-1,-1,-1,-1
4801,5,1200,11,16,16,197596.045482,197596.072902,0.027420,0x40533c,1,731,356,375,54,100.000000,0,0,0.029070,1.200000,0.800000,mba,0,,0,0,-1,-1,-1,-1,-1,-1,-1,-1,-1,-1,-1,-1
4801,5,1200,12,16,16,197596.044529,197596.066164,0.021635,0x40533c,1,76,30,46,24,40.000000,0,0,0.029070,1.200000,0.800000,mba,0,,0,0,-1,-1,-1,-1,-1,-1,-1,-1,-1,-1,-1,-1
4801,5,1200,13,16,16,197596.045860,197596.067689,0.021829,0x40533c,1,91,58,33,58,40.000000,0,0,0.029070,1.200000,0.800000,mba,0,,0,0,-1,-1,-1,-1,-1,-1,-1,-1,-1,-1,-1,-1
4801,5,1200,14,16,16,197596.045877,197596.067505,0.021628,0x40533c,1,44,13,31,60,40.000000,0,0,0.029070,1.200000,0.800000,mba,0,,0,0,-1,-1,-1,-1,-1,-1,-1,-1,-1,-1,-1,-1
4801,5,1200,15,16,16,197596.045030,197596.066906,0.021876,0x40533c,1,86,53,33,62,40.000000,0,0,0.029070,1.200000,0.800000,mba,0,,0,0,-1,-1,-1,-1,-1,-1,-1,-1,-1,-1,-1,-1
5198,2,1300,0,16,16,209837.196271,209955.519732,85.620228,0x4051ce,1,6837116,2922230,3914886,32,30.000000,1,1,118.680132,1.200000,0.800000,mba,0,,1,1,22167552,18202624,-1261568,2709087608832,2710272401408,1018355712,2709087608832,2710272401408,1018355712,-1,-1,-1
5198,2,1300,1,16,16,209837.199151,209955.835980,101.142464,0x4051ce,1,7662666,3554041,4108625,34,30.000000,1,1,118.680132,1.200000,0.800000,mba,0,,1,1,22167552,18833408,6488064,2709087608832,2710274293760,1163075584,2709087608832,2710274293760,1161814016,-1,-1,-1
5198,2,1300,2,16,16,209837.179409,209955.810267,102.721182,0x4051ce,1,7259660,3669365,3590295,36,30.000000,1,1,118.680132,1.200000,0.800000,mba,0,,1,1,22077440,18653184,5857280,2709087608832,2710274293760,1174700032,2709087608832,2710274293760,1173078016,-1,-1,-1
5198,2,1300,3,16,16,209837.166372,209955.574603,87.885406,0x4051ce,1,7731116,4424877,3306239,38,40.000000,1,1,118.680132,1.200000,0.800000,mba,0,,1,1,10993664,10452992,59654144,1041206042624,1042982150144,1590747136,1041206042624,1042982240256,1592279040,-1,-1,-1
5198,2,1300,4,16,16,209837.184598,209955.756840,109.437578,0x4051ce,1,14232519,10150483,4082036,40,100.000000,1,1,118.680132,1.200000,0.800000,mba,0,,1,1,51544064,52985856,-901120,12806695632896,12814068957184,7260774400,12806695723008,12814069317632,7256088576,-1,-1,-1
5198,2,1300,5,16,16,209837.172442,209955.764390,111.334518,0x4051ce,1,14134277,10800144,3334133,42,100.000000,1,1,118.680132,1.200000,0.800000,mba,0,,1,1,51544064,53166080,1802240,12806695542784,12814069227520,7338631168,12806695723008,12814069317632,7335116800,-1,-1,-1
5198,2,1300,6,16,16,209837.187762,209955.618427,104.765167,0x4051ce,1,13330247,10008934,3321313,44,100.000000,1,1,118.680132,1.200000,0.800000,mba,0,,1,1,51544064,52895744,-1351680,12806695542784,12814060036096,6933307392,12806695723008,12814060306432,6939795456,-1,-1,-1
5198,2,1300,7,16,16,209837.185092,209955.759686,111.724931,0x4051ce,1,14123221,10883339,3239882,46,100.000000,1,1,118.680132,1.200000,0.800000,mba,0,,1,1,51634176,53166080,2433024,12806695542784,12814069227520,7348273152,12806695723008,12814069317632,7342415872,-1,-1,-1
5198,2,1300,8,16,16,209837.186364,209955.713445,110.286584,0x4051ce,1,14134922,10591567,3543355,48,100.000000,1,1,118.680132,1.200000,0.800000,mba,0,,1,1,51544064,52985856,811008,12806695542784,12814066794496,7290421248,12806695723008,12814066884608,7291592704,-1,-1,-1
5198,2,1300,9,16,16,209837.196670,209955.582289,104.227705,0x4051ce,1,13318400,10006214,3312186,50,100.000000,1,1,118.680132,1.200000,0.800000,mba,0,,1,1,51544064,52985856,-1171456,12806695542784,12814057603072,6889512960,12806695723008,12814057963520,6895099904,-1,-1,-1
5198,2,1300,10,16,16,209837.175115,209955.762982,110.471975,0x4051ce,1,14121702,10815620,3306082,52,100.000000,1,1,118.680132,1.200000,0.800000,mba,0,,1,1,51634176,53256192,811008,12806695542784,12814069227520,7315382272,12806695723008,12814069317632,7314571264,-1,-1,-1
5198,2,1300,11,16,16,209837.181961,209955.837344,111.640684,0x4051ce,1,13822155,10469877,3352278,54,100.000000,1,1,118.680132,1.200000,0.800000,mba,0,,1,1,51544064,53075968,1171456,12806695542784,12814070128640,7336198144,12806695723008,12814070128640,7334936576,-1,-1,-1
5198,2,1300,12,16,16,209837.190595,209955.813030,107.594219,0x4051ce,1,7619511,6212248,1407263,24,40.000000,1,1,118.680132,1.200000,0.800000,mba,0,,1,1,10993664,10182656,33431552,1041206042624,1042984222720,1773764608,1041206042624,1042984222720,1772593152,-1,-1,-1
5198,2,1300,13,16,16,209837.192547,209955.798229,103.649963,0x4051ce,1,7676659,5821891,1854768,58,40.000000,1,1,118.680132,1.200000,0.800000,mba,0,,1,1,11083776,10182656,42983424,1041206042624,1042984222720,1757364224,1041206042624,1042984222720,1757634560,-1,-1,-1
5198,2,1300,14,16,16,209837.157212,209955.374590,84.645333,0x4051ce,1,7734367,4114180,3620187,60,40.000000,1,1,118.680132,1.200000,0.800000,mba,0,,1,1,10993664,10723328,62898176,1041206042624,1042978545664,1539743744,1041206042624,1042978725888,1540374528,-1,-1,-1
5198,2,1300,15,16,16,209837.188790,209955.817933,105.156462,0x4051ce,1,7591834,3895684,3696150,62,30.000000,1,1,118.680132,1.200000,0.800000,mba,0,,1,1,22077440,18743296,4685824,2709087608832,2710274293760,1182720000,2709087608832,2710274293760,1181999104,-1,-1,-1
5199,3,1300,0,16,16,209956.026346,209956.160178,0.133832,0x405218,1,6548,3417,3131,32,20.000000,0,0,0.268806,1.200000,0.800000,mba,0,,0,0,-1,-1,-1,-1,-1,-1,-1,-1,-1,-1,-1,-1
5199,3,1300,1,16,16,209956.026159,209956.151682,0.125523,0x405218,1,6185,2924,3261,34,20.000000,0,0,0.268806,1.200000,0.800000,mba,0,,0,0,-1,-1,-1,-1,-1,-1,-1,-1,-1,-1,-1,-1
5199,3,1300,2,16,16,209956.026641,209956.151996,0.125355,0x405218,1,6249,3016,3233,36,20.000000,0,0,0.268806,1.200000,0.800000,mba,0,,0,0,-1,-1,-1,-1,-1,-1,-1,-1,-1,-1,-1,-1
5199,3,1300,3,16,16,209956.024658,209956.152577,0.127919,0x405218,1,5202,2618,2584,38,20.000000,0,0,0.268806,1.200000,0.800000,mba,0,,0,0,-1,-1,-1,-1,-1,-1,-1,-1,-1,-1,-1,-1
5199,3,1300,4,16,16,209956.027066,209956.245508,0.218442,0x405218,1,10503,6834,3669,40,100.000000,0,0,0.268806,1.200000,0.800000,mba,0,,0,0,-1,-1,-1,-1,-1,-1,-1,-1,-1,-1,-1,-1
5199,3,1300,5,16,16,209956.025773,209956.254187,0.228414,0x405218,1,10563,7467,3096,42,100.000000,0,0,0.268806,1.200000,0.800000,mba,0,,0,0,-1,-1,-1,-1,-1,-1,-1,-1,-1,-1,-1,-1
5199,3,1300,6,16,16,209956.026522,209956.233189,0.206667,0x405218,1,10221,6852,3369,44,100.000000,0,0,0.268806,1.200000,0.800000,mba,0,,0,0,-1,-1,-1,-1,-1,-1,-1,-1,-1,-1,-1,-1
5199,3,1300,7,16,16,209956.026334,209956.241376,0.215042,0x405218,1,10361,7518,2843,46,100.000000,0,0,0.268806,1.200000,0.800000,mba,0,,0,0,-1,-1,-1,-1,-1,-1,-1,-1,-1,-1,-1,-1
5199,3,1300,8,16,16,209956.025413,209956.241786,0.216373,0x405218,1,10488,7054,3434,48,100.000000,0,0,0.268806,1.200000,0.800000,mba,0,,0,0,-1,-1,-1,-1,-1,-1,-1,-1,-1,-1,-1,-1
5199,3,1300,9,16,16,209956.026921,209956.238206,0.211285,0x405218,1,10338,7107,3231,50,100.000000,0,0,0.268806,1.200000,0.800000,mba,0,,0,0,-1,-1,-1,-1,-1,-1,-1,-1,-1,-1,-1,-1
5199,3,1300,10,16,16,209956.025930,209956.238060,0.212130,0x405218,1,10647,7361,3286,52,100.000000,0,0,0.268806,1.200000,0.800000,mba,0,,0,0,-1,-1,-1,-1,-1,-1,-1,-1,-1,-1,-1,-1
5199,3,1300,11,16,16,209956.026600,209956.293396,0.266796,0x405218,1,9390,6239,3151,54,100.000000,0,0,0.268806,1.200000,0.800000,mba,0,,0,0,-1,-1,-1,-1,-1,-1,-1,-1,-1,-1,-1,-1
5199,3,1300,12,16,16,209956.025039,209956.157036,0.131997,0x405218,1,4684,3080,1604,24,20.000000,0,0,0.268806,1.200000,0.800000,mba,0,,0,0,-1,-1,-1,-1,-1,-1,-1,-1,-1,-1,-1,-1
5199,3,1300,13,16,16,209956.024807,209956.156513,0.131706,0x405218,1,6164,3724,2440,58,20.000000,0,0,0.268806,1.200000,0.800000,mba,0,,0,0,-1,-1,-1,-1,-1,-1,-1,-1,-1,-1,-1,-1
5199,3,1300,14,16,16,209956.024590,209956.141277,0.116687,0x405218,1,5284,2279,3005,60,20.000000,0,0,0.268806,1.200000,0.800000,mba,0,,0,0,-1,-1,-1,-1,-1,-1,-1,-1,-1,-1,-1,-1
5199,3,1300,15,16,16,209956.024724,209956.133859,0.109135,0x405218,1,5629,2736,2893,62,20.000000,0,0,0.268806,1.200000,0.800000,mba,0,,0,0,-1,-1,-1,-1,-1,-1,-1,-1,-1,-1,-1,-1
5200,4,1300,0,16,16,209957.055870,209957.094580,0.038710,0x4052e4,1,1777,1082,695,32,100.000000,0,0,0.044641,1.200000,0.800000,mba,0,,0,0,-1,-1,-1,-1,-1,-1,-1,-1,-1,-1,-1,-1
5200,4,1300,1,16,16,209957.052690,209957.073823,0.021133,0x4052e4,1,240,169,71,34,20.000000,0,0,0.044641,1.200000,0.800000,mba,0,,0,0,-1,-1,-1,-1,-1,-1,-1,-1,-1,-1,-1,-1
5200,4,1300,2,16,16,209957.051812,209957.073222,0.021410,0x4052e4,1,288,225,63,36,20.000000,0,0,0.044641,1.200000,0.800000,mba,0,,0,0,-1,-1,-1,-1,-1,-1,-1,-1,-1,-1,-1,-1
5200,4,1300,3,16,16,209957.051280,209957.072202,0.020922,0x4052e4,1,123,85,38,38,20.000000,0,0,0.044641,1.200000,0.800000,mba,0,,0,0,-1,-1,-1,-1,-1,-1,-1,-1,-1,-1,-1,-1
5200,4,1300,4,16,16,209957.052256,209957.077069,0.024813,0x4052e4,1,456,367,89,40,20.000000,0,0,0.044641,1.200000,0.800000,mba,0,,0,0,-1,-1,-1,-1,-1,-1,-1,-1,-1,-1,-1,-1
5200,4,1300,5,16,16,209957.052088,209957.075233,0.023145,0x4052e4,1,297,227,70,42,20.000000,0,0,0.044641,1.200000,0.800000,mba,0,,0,0,-1,-1,-1,-1,-1,-1,-1,-1,-1,-1,-1,-1
5200,4,1300,6,16,16,209957.052379,209957.076302,0.023923,0x4052e4,1,338,268,70,44,20.000000,0,0,0.044641,1.200000,0.800000,mba,0,,0,0,-1,-1,-1,-1,-1,-1,-1,-1,-1,-1,-1,-1
5200,4,1300,7,16,16,209957.052542,209957.077015,0.024473,0x4052e4,1,414,360,54,46,20.000000,0,0,0.044641,1.200000,0.800000,mba,0,,0,0,-1,-1,-1,-1,-1,-1,-1,-1,-1,-1,-1,-1
5200,4,1300,8,16,16,209957.051540,209957.075262,0.023722,0x4052e4,1,267,218,49,48,20.000000,0,0,0.044641,1.200000,0.800000,mba,0,,0,0,-1,-1,-1,-1,-1,-1,-1,-1,-1,-1,-1,-1
5200,4,1300,9,16,16,209957.051889,209957.076729,0.024840,0x4052e4,1,386,307,79,50,20.000000,0,0,0.044641,1.200000,0.800000,mba,0,,0,0,-1,-1,-1,-1,-1,-1,-1,-1,-1,-1,-1,-1
5200,4,1300,10,16,16,209957.052043,209957.075447,0.023404,0x4052e4,1,310,251,59,52,20.000000,0,0,0.044641,1.200000,0.800000,mba,0,,0,0,-1,-1,-1,-1,-1,-1,-1,-1,-1,-1,-1,-1
5200,4,1300,11,16,16,209957.052254,209957.076218,0.023964,0x4052e4,1,165,103,62,54,20.000000,0,0,0.044641,1.200000,0.800000,mba,0,,0,0,-1,-1,-1,-1,-1,-1,-1,-1,-1,-1,-1,-1
5200,4,1300,12,16,16,209957.049939,209957.070239,0.020300,0x4052e4,1,55,10,45,24,20.000000,0,0,0.044641,1.200000,0.800000,mba,0,,0,0,-1,-1,-1,-1,-1,-1,-1,-1,-1,-1,-1,-1
5200,4,1300,13,16,16,209957.050103,209957.071567,0.021464,0x4052e4,1,134,82,52,58,20.000000,0,0,0.044641,1.200000,0.800000,mba,0,,0,0,-1,-1,-1,-1,-1,-1,-1,-1,-1,-1,-1,-1
5200,4,1300,14,16,16,209957.050079,209957.071394,0.021315,0x4052e4,1,126,89,37,60,20.000000,0,0,0.044641,1.200000,0.800000,mba,0,,0,0,-1,-1,-1,-1,-1,-1,-1,-1,-1,-1,-1,-1
5200,4,1300,15,16,16,209957.050004,209957.071723,0.021719,0x4052e4,1,130,96,34,62,20.000000,0,0,0.044641,1.200000,0.800000,mba,0,,0,0,-1,-1,-1,-1,-1,-1,-1,-1,-1,-1,-1,-1
5201,5,1300,0,16,16,209957.163500,209957.183820,0.020320,0x40533c,1,37,6,31,32,40.000000,0,0,0.037180,1.200000,0.800000,mba,0,,0,0,-1,-1,-1,-1,-1,-1,-1,-1,-1,-1,-1,-1
5201,5,1300,1,16,16,209957.163250,209957.183516,0.020266,0x40533c,1,62,29,33,34,40.000000,0,0,0.037180,1.200000,0.800000,mba,0,,0,0,-1,-1,-1,-1,-1,-1,-1,-1,-1,-1,-1,-1
5201,5,1300,2,16,16,209957.162525,209957.182665,0.020140,0x40533c,1,90,58,32,36,40.000000,0,0,0.037180,1.200000,0.800000,mba,0,,0,0,-1,-1,-1,-1,-1,-1,-1,-1,-1,-1,-1,-1
5201,5,1300,3,16,16,209957.161583,209957.181717,0.020134,0x40533c,1,46,34,12,38,40.000000,0,0,0.037180,1.200000,0.800000,mba,0,,0,0,-1,-1,-1,-1,-1,-1,-1,-1,-1,-1,-1,-1
5201,5,1300,4,16,16,209957.163808,209957.188971,0.025163,0x40533c,1,516,243,273,40,100.000000,0,0,0.037180,1.200000,0.800000,mba,0,,0,0,-1,-1,-1,-1,-1,-1,-1,-1,-1,-1,-1,-1
5201,5,1300,5,16,16,209957.162890,209957.187322,0.024432,0x40533c,1,586,278,308,42,100.000000,0,0,0.037180,1.200000,0.800000,mba,0,,0,0,-1,-1,-1,-1,-1,-1,-1,-1,-1,-1,-1,-1
5201,5,1300,6,16,16,209957.162446,209957.198597,0.036151,0x40533c,1,641,342,299,44,100.000000,0,0,0.037180,1.200000,0.800000,mba,0,,0,0,-1,-1,-1,-1,-1,-1,-1,-1,-1,-1,-1,-1
5201,5,1300,7,16,16,209957.163344,209957.189281,0.025937,0x40533c,1,668,402,266,46,100.000000,0,0,0.037180,1.200000,0.800000,mba,0,,0,0,-1,-1,-1,-1,-1,-1,-1,-1,-1,-1,-1,-1
5201,5,1300,8,16,16,209957.161417,209957.186211,0.024794,0x40533c,1,604,311,293,48,100.000000,0,0,0.037180,1.200000,0.800000,mba,0,,0,0,-1,-1,-1,-1,-1,-1,-1,-1,-1,-1,-1,-1
5201,5,1300,9,16,16,209957.162272,209957.187977,0.025705,0x40533c,1,596,232,364,50,100.000000,0,0,0.037180,1.200000,0.800000,mba,0,,0,0,-1,-1,-1,-1,-1,-1,-1,-1,-1,-1,-1,-1
5201,5,1300,10,16,16,209957.163595,209957.187808,0.024213,0x40533c,1,700,334,366,52,100.000000,0,0,0.037180,1.200000,0.800000,mba,0,,0,0,-1,-1,-1,-1,-1,-1,-1,-1,-1,-1,-1,-1
5201,5,1300,11,16,16,209957.162001,209957.188290,0.026289,0x40533c,1,207,105,102,54,100.000000,0,0,0.037180,1.200000,0.800000,mba,0,,0,0,-1,-1,-1,-1,-1,-1,-1,-1,-1,-1,-1,-1
5201,5,1300,12,16,16,209957.162938,209957.182891,0.019953,0x40533c,1,61,37,24,24,40.000000,0,0,0.037180,1.200000,0.800000,mba,0,,0,0,-1,-1,-1,-1,-1,-1,-1,-1,-1,-1,-1,-1
5201,5,1300,13,16,16,209957.163328,209957.183563,0.020235,0x40533c,1,50,19,31,58,40.000000,0,0,0.037180,1.200000,0.800000,mba,0,,0,0,-1,-1,-1,-1,-1,-1,-1,-1,-1,-1,-1,-1
5201,5,1300,14,16,16,209957.163182,209957.183234,0.020052,0x40533c,1,77,61,16,60,40.000000,0,0,0.037180,1.200000,0.800000,mba,0,,0,0,-1,-1,-1,-1,-1,-1,-1,-1,-1,-1,-1,-1
5201,5,1300,15,16,16,209957.162674,209957.183050,0.020376,0x40533c,1,75,45,30,62,40.000000,0,0,0.037180,1.200000,0.800000,mba,0,,0,0,-1,-1,-1,-1,-1,-1,-1,-1,-1,-1,-1,-1
5598,2,1400,0,16,16,221564.163012,221677.618701,83.713406,0x4051ce,1,6834670,2850842,3983828,32,30.000000,1,1,113.797178,1.200000,0.800000,mba,0,,1,1,23699456,4325376,2973696,2827762860032,2828023013376,256368640,2827762860032,2828023013376,256188416,-1,-1,-1
5598,2,1400,1,16,16,221564.176902,221677.369417,72.980723,0x4051ce,1,7704470,3527308,4177162,34,40.000000,1,1,113.797178,1.200000,0.800000,mba,0,,1,1,11083776,19554304,67584000,1219452715008,1221140422656,1553080320,1219452805120,1221140512768,1555693568,-1,-1,-1
5598,2,1400,2,16,16,221564.335857,221677.282925,73.328385,0x4051ce,1,6985479,3459331,3526148,36,40.000000,1,1,113.797178,1.200000,0.800000,mba,0,,1,1,11714560,19103744,61997056,1219455148032,1221139521536,1561280512,1219455328256,1221139611648,1560469504,-1,-1,-1
5598,2,1400,3,16,16,221564.099034,221677.617484,84.356689,0x4051ce,1,7183768,4010767,3173001,38,40.000000,1,1,113.797178,1.200000,0.800000,mba,0,,1,1,10903552,19013632,62267392,1219452084224,1221141954560,1664008192,1219452084224,1221141954560,1662205952,-1,-1,-1
5598,2,1400,4,16,16,221564.163282,221677.766910,103.928482,0x4051ce,1,13610793,9490451,4120342,40,100.000000,1,1,113.797178,1.200000,0.800000,mba,0,,1,1,49922048,52174848,-1441792,13521362010112,13528352448512,6823370752,13521362280448,13528352628736,6821658624,-1,-1,-1
5598,2,1400,5,16,16,221564.358482,221677.774043,106.226187,0x4051ce,1,13510353,10213468,3296885,42,100.000000,1,1,113.797178,1.200000,0.800000,mba,0,,1,1,49561600,52174848,-180224,13521374175232,13528352628736,6936911872,13521374265344,13528352628736,6931054592,-1,-1,-1
5598,2,1400,6,16,16,221564.129924,221677.682596,100.426195,0x4051ce,1,12806972,9466692,3340280,44,100.000000,1,1,113.797178,1.200000,0.800000,mba,0,,1,1,49922048,52355072,-1712128,13521361108992,13528348033024,6592864256,13521361289216,13528348753920,6596648960,-1,-1,-1
5598,2,1400,7,16,16,221564.158507,221677.739678,106.483910,0x4051ce,1,13519888,10231983,3287905,46,100.000000,1,1,113.797178,1.200000,0.800000,mba,0,,1,1,49922048,52264960,-270336,13521361649664,13528351637504,6948986880,13521362010112,13528351907840,6944841728,-1,-1,-1
5598,2,1400,8,16,16,221564.150648,221677.740201,104.954330,0x4051ce,1,13520545,9968831,3551714,48,100.000000,1,1,113.797178,1.200000,0.800000,mba,0,,1,1,49922048,52174848,-720896,13521361379328,13528351727616,6870589440,13521361829888,13528351997952,6874644480,-1,-1,-1
5598,2,1400,9,16,16,221564.345247,221677.677976,100.124709,0x4051ce,1,12793366,9495939,3297427,18,100.000000,1,1,113.797178,1.200000,0.800000,mba,0,,1,1,49561600,52084736,-1982464,13521372733440,13528347492352,6574841856,13521373184000,13528348213248,6582771712,-1,-1,-1
5598,2,1400,10,16,16,221564.161644,221677.755412,105.215920,0x4051ce,1,13513748,10138000,3375748,52,100.000000,1,1,113.797178,1.200000,0.800000,mba,0,,1,1,49922048,52264960,-540672,13521361829888,13528352268288,6913392640,13521362100224,13528352448512,6910959616,-1,-1,-1
5598,2,1400,11,16,16,221564.123533,221677.830983,108.566187,0x4051ce,1,12750704,9445049,3305655,54,100.000000,1,1,113.797178,1.200000,0.800000,mba,0,,1,1,49922048,52264960,450560,13521361108992,13528352808960,6976020480,13521361289216,13528352808960,6968631296,-1,-1,-1
5598,2,1400,12,16,16,221564.081378,221677.473128,79.929096,0x4051ce,1,7668309,6005847,1662462,24,50.000000,1,1,113.797178,1.200000,0.800000,mba,0,,1,1,0,4145152,62447616,115801849856,116913471488,1105764352,115801849856,116913471488,1105674240,-1,-1,-1
5598,2,1400,13,16,16,221564.066009,221677.343706,75.536511,0x4051ce,1,7450936,5423176,2027760,58,50.000000,1,1,113.797178,1.200000,0.800000,mba,0,,1,1,0,4415488,67854336,115801759744,116912660480,1076568064,115801759744,116912660480,1074855936,-1,-1,-1
5598,2,1400,14,16,16,221564.048454,221677.381660,83.570919,0x4051ce,1,7747247,4093793,3653454,60,40.000000,1,1,113.797178,1.200000,0.800000,mba,0,,1,1,10993664,19464192,59924480,1219451994112,1221140422656,1663467520,1219451994112,1221140602880,1661665280,-1,-1,-1
5598,2,1400,15,16,16,221564.033805,221677.327449,75.917389,0x4051ce,1,7613297,3848453,3764844,62,40.000000,1,1,113.797178,1.200000,0.800000,mba,0,,1,1,10813440,19193856,64430080,1219451904000,1221140152320,1594621952,1219451904000,1221140152320,1594982400,-1,-1,-1
5599,3,1400,0,16,16,221678.013474,221678.143850,0.130376,0x405218,1,6501,3075,3426,32,20.000000,0,0,0.264155,1.200000,0.800000,mba,0,,0,0,-1,-1,-1,-1,-1,-1,-1,-1,-1,-1,-1,-1
5599,3,1400,1,16,16,221678.013830,221678.134147,0.120317,0x405218,1,6210,3028,3182,34,20.000000,0,0,0.264155,1.200000,0.800000,mba,0,,0,0,-1,-1,-1,-1,-1,-1,-1,-1,-1,-1,-1,-1
5599,3,1400,2,16,16,221678.013805,221678.161267,0.147462,0x405218,1,6053,2960,3093,36,20.000000,0,0,0.264155,1.200000,0.800000,mba,0,,0,0,-1,-1,-1,-1,-1,-1,-1,-1,-1,-1,-1,-1
5599,3,1400,3,16,16,221678.013687,221678.151594,0.137907,0x405218,1,5602,3082,2520,38,20.000000,0,0,0.264155,1.200000,0.800000,mba,0,,0,0,-1,-1,-1,-1,-1,-1,-1,-1,-1,-1,-1,-1
5599,3,1400,4,16,16,221678.014729,221678.233032,0.218303,0x405218,1,10342,6661,3681,40,100.000000,0,0,0.264155,1.200000,0.800000,mba,0,,0,0,-1,-1,-1,-1,-1,-1,-1,-1,-1,-1,-1,-1
5599,3,1400,5,16,16,221678.014599,221678.231129,0.216530,0x405218,1,10330,6964,3366,42,100.000000,0,0,0.264155,1.200000,0.800000,mba,0,,0,0,-1,-1,-1,-1,-1,-1,-1,-1,-1,-1,-1,-1
5599,3,1400,6,16,16,221678.014286,221678.223888,0.209602,0x405218,1,10068,6603,3465,44,100.000000,0,0,0.264155,1.200000,0.800000,mba,0,,0,0,-1,-1,-1,-1,-1,-1,-1,-1,-1,-1,-1,-1
5599,3,1400,7,16,16,221678.014221,221678.227088,0.212867,0x405218,1,10205,7226,2979,46,100.000000,0,0,0.264155,1.200000,0.800000,mba,0,,0,0,-1,-1,-1,-1,-1,-1,-1,-1,-1,-1,-1,-1
5599,3,1400,8,16,16,221678.013416,221678.228986,0.215570,0x405218,1,10307,6914,3393,48,100.000000,0,0,0.264155,1.200000,0.800000,mba,0,,0,0,-1,-1,-1,-1,-1,-1,-1,-1,-1,-1,-1,-1
5599,3,1400,9,16,16,221678.014354,221678.224827,0.210473,0x405218,1,10176,6902,3274,18,100.000000,0,0,0.264155,1.200000,0.800000,mba,0,,0,0,-1,-1,-1,-1,-1,-1,-1,-1,-1,-1,-1,-1
5599,3,1400,10,16,16,221678.013730,221678.227658,0.213928,0x405218,1,10477,7026,3451,52,100.000000,0,0,0.264155,1.200000,0.800000,mba,0,,0,0,-1,-1,-1,-1,-1,-1,-1,-1,-1,-1,-1,-1
5599,3,1400,11,16,16,221678.014470,221678.276519,0.262049,0x405218,1,9238,6006,3232,54,100.000000,0,0,0.264155,1.200000,0.800000,mba,0,,0,0,-1,-1,-1,-1,-1,-1,-1,-1,-1,-1,-1,-1
5599,3,1400,12,16,16,221678.012364,221678.150130,0.137766,0x405218,1,4600,3348,1252,24,20.000000,0,0,0.264155,1.200000,0.800000,mba,0,,0,0,-1,-1,-1,-1,-1,-1,-1,-1,-1,-1,-1,-1
5599,3,1400,13,16,16,221678.013081,221678.185153,0.172072,0x405218,1,5968,3535,2433,58,20.000000,0,0,0.264155,1.200000,0.800000,mba,0,,0,0,-1,-1,-1,-1,-1,-1,-1,-1,-1,-1,-1,-1
5599,3,1400,14,16,16,221678.013181,221678.121259,0.108078,0x405218,1,5200,2022,3178,60,20.000000,0,0,0.264155,1.200000,0.800000,mba,0,,0,0,-1,-1,-1,-1,-1,-1,-1,-1,-1,-1,-1,-1
5599,3,1400,15,16,16,221678.014085,221678.132686,0.118601,0x405218,1,5544,2969,2575,62,20.000000,0,0,0.264155,1.200000,0.800000,mba,0,,0,0,-1,-1,-1,-1,-1,-1,-1,-1,-1,-1,-1,-1
5600,4,1400,0,16,16,221679.030500,221679.069795,0.039295,0x4052e4,1,1780,1036,744,32,100.000000,0,0,0.044381,1.200000,0.800000,mba,0,,0,0,-1,-1,-1,-1,-1,-1,-1,-1,-1,-1,-1,-1
5600,4,1400,1,16,16,221679.027909,221679.048548,0.020639,0x4052e4,1,226,172,54,34,20.000000,0,0,0.044381,1.200000,0.800000,mba,0,,0,0,-1,-1,-1,-1,-1,-1,-1,-1,-1,-1,-1,-1
5600,4,1400,2,16,16,221679.027028,221679.049292,0.022264,0x4052e4,1,140,99,41,36,20.000000,0,0,0.044381,1.200000,0.800000,mba,0,,0,0,-1,-1,-1,-1,-1,-1,-1,-1,-1,-1,-1,-1
5600,4,1400,3,16,16,221679.027043,221679.048601,0.021558,0x4052e4,1,123,61,62,38,20.000000,0,0,0.044381,1.200000,0.800000,mba,0,,0,0,-1,-1,-1,-1,-1,-1,-1,-1,-1,-1,-1,-1
5600,4,1400,4,16,16,221679.027688,221679.051000,0.023312,0x4052e4,1,454,324,130,40,20.000000,0,0,0.044381,1.200000,0.800000,mba,0,,0,0,-1,-1,-1,-1,-1,-1,-1,-1,-1,-1,-1,-1
5600,4,1400,5,16,16,221679.026413,221679.049398,0.022985,0x4052e4,1,311,235,76,42,20.000000,0,0,0.044381,1.200000,0.800000,mba,0,,0,0,-1,-1,-1,-1,-1,-1,-1,-1,-1,-1,-1,-1
5600,4,1400,6,16,16,221679.027194,221679.050485,0.023291,0x4052e4,1,316,243,73,44,20.000000,0,0,0.044381,1.200000,0.800000,mba,0,,0,0,-1,-1,-1,-1,-1,-1,-1,-1,-1,-1,-1,-1
5600,4,1400,7,16,16,221679.027508,221679.051445,0.023937,0x4052e4,1,462,385,77,46,20.000000,0,0,0.044381,1.200000,0.800000,mba,0,,0,0,-1,-1,-1,-1,-1,-1,-1,-1,-1,-1,-1,-1
5600,4,1400,8,16,16,221679.027734,221679.050727,0.022993,0x4052e4,1,278,218,60,48,20.000000,0,0,0.044381,1.200000,0.800000,mba,0,,0,0,-1,-1,-1,-1,-1,-1,-1,-1,-1,-1,-1,-1
5600,4,1400,9,16,16,221679.026701,221679.051193,0.024492,0x4052e4,1,331,264,67,18,20.000000,0,0,0.044381,1.200000,0.800000,mba,0,,0,0,-1,-1,-1,-1,-1,-1,-1,-1,-1,-1,-1,-1
5600,4,1400,10,16,16,221679.027385,221679.049898,0.022513,0x4052e4,1,374,286,88,52,20.000000,0,0,0.044381,1.200000,0.800000,mba,0,,0,0,-1,-1,-1,-1,-1,-1,-1,-1,-1,-1,-1,-1
5600,4,1400,11,16,16,221679.026831,221679.050672,0.023841,0x4052e4,1,200,109,91,54,20.000000,0,0,0.044381,1.200000,0.800000,mba,0,,0,0,-1,-1,-1,-1,-1,-1,-1,-1,-1,-1,-1,-1
5600,4,1400,12,16,16,221679.025414,221679.045467,0.020053,0x4052e4,1,47,12,35,24,20.000000,0,0,0.044381,1.200000,0.800000,mba,0,,0,0,-1,-1,-1,-1,-1,-1,-1,-1,-1,-1,-1,-1
5600,4,1400,13,16,16,221679.025921,221679.047439,0.021518,0x4052e4,1,42,10,32,58,20.000000,0,0,0.044381,1.200000,0.800000,mba,0,,0,0,-1,-1,-1,-1,-1,-1,-1,-1,-1,-1,-1,-1
5600,4,1400,14,16,16,221679.025851,221679.046338,0.020487,0x4052e4,1,128,91,37,60,20.000000,0,0,0.044381,1.200000,0.800000,mba,0,,0,0,-1,-1,-1,-1,-1,-1,-1,-1,-1,-1,-1,-1
5600,4,1400,15,16,16,221679.025668,221679.046652,0.020984,0x4052e4,1,124,87,37,62,20.000000,0,0,0.044381,1.200000,0.800000,mba,0,,0,0,-1,-1,-1,-1,-1,-1,-1,-1,-1,-1,-1,-1
5601,5,1400,0,16,16,221679.132919,221679.152985,0.020066,0x40533c,1,39,3,36,32,40.000000,0,0,0.027864,1.200000,0.800000,mba,0,,0,0,-1,-1,-1,-1,-1,-1,-1,-1,-1,-1,-1,-1
5601,5,1400,1,16,16,221679.133655,221679.153672,0.020017,0x40533c,1,88,58,30,34,40.000000,0,0,0.027864,1.200000,0.800000,mba,0,,0,0,-1,-1,-1,-1,-1,-1,-1,-1,-1,-1,-1,-1
5601,5,1400,2,16,16,221679.131743,221679.152048,0.020305,0x40533c,1,83,18,65,36,40.000000,0,0,0.027864,1.200000,0.800000,mba,0,,0,0,-1,-1,-1,-1,-1,-1,-1,-1,-1,-1,-1,-1
5601,5,1400,3,16,16,221679.133368,221679.153733,0.020365,0x40533c,1,52,32,20,38,40.000000,0,0,0.027864,1.200000,0.800000,mba,0,,0,0,-1,-1,-1,-1,-1,-1,-1,-1,-1,-1,-1,-1
5601,5,1400,4,16,16,221679.133739,221679.157980,0.024241,0x40533c,1,528,189,339,40,100.000000,0,0,0.027864,1.200000,0.800000,mba,0,,0,0,-1,-1,-1,-1,-1,-1,-1,-1,-1,-1,-1,-1
5601,5,1400,5,16,16,221679.132350,221679.156585,0.024235,0x40533c,1,688,298,390,42,100.000000,0,0,0.027864,1.200000,0.800000,mba,0,,0,0,-1,-1,-1,-1,-1,-1,-1,-1,-1,-1,-1,-1
5601,5,1400,6,16,16,221679.133203,221679.158805,0.025602,0x40533c,1,639,319,320,44,100.000000,0,0,0.027864,1.200000,0.800000,mba,0,,0,0,-1,-1,-1,-1,-1,-1,-1,-1,-1,-1,-1,-1
5601,5,1400,7,16,16,221679.133008,221679.157375,0.024367,0x40533c,1,654,372,282,46,100.000000,0,0,0.027864,1.200000,0.800000,mba,0,,0,0,-1,-1,-1,-1,-1,-1,-1,-1,-1,-1,-1,-1
5601,5,1400,8,16,16,221679.131756,221679.156394,0.024638,0x40533c,1,680,274,406,48,100.000000,0,0,0.027864,1.200000,0.800000,mba,0,,0,0,-1,-1,-1,-1,-1,-1,-1,-1,-1,-1,-1,-1
5601,5,1400,9,16,16,221679.132731,221679.159384,0.026653,0x40533c,1,642,259,383,18,100.000000,0,0,0.027864,1.200000,0.800000,mba,0,,0,0,-1,-1,-1,-1,-1,-1,-1,-1,-1,-1,-1,-1
5601,5,1400,10,16,16,221679.132954,221679.157101,0.024147,0x40533c,1,671,332,339,52,100.000000,0,0,0.027864,1.200000,0.800000,mba,0,,0,0,-1,-1,-1,-1,-1,-1,-1,-1,-1,-1,-1,-1
5601,5,1400,11,16,16,221679.131520,221679.158176,0.026656,0x40533c,1,170,81,89,54,100.000000,0,0,0.027864,1.200000,0.800000,mba,0,,0,0,-1,-1,-1,-1,-1,-1,-1,-1,-1,-1,-1,-1
5601,5,1400,12,16,16,221679.132465,221679.152479,0.020014,0x40533c,1,61,36,25,24,40.000000,0,0,0.027864,1.200000,0.800000,mba,0,,0,0,-1,-1,-1,-1,-1,-1,-1,-1,-1,-1,-1,-1
5601,5,1400,13,16,16,221679.133121,221679.153461,0.020340,0x40533c,1,42,21,21,58,40.000000,0,0,0.027864,1.200000,0.800000,mba,0,,0,0,-1,-1,-1,-1,-1,-1,-1,-1,-1,-1,-1,-1
5601,5,1400,14,16,16,221679.133245,221679.153112,0.019867,0x40533c,1,73,50,23,60,40.000000,0,0,0.027864,1.200000,0.800000,mba,0,,0,0,-1,-1,-1,-1,-1,-1,-1,-1,-1,-1,-1,-1
5601,5,1400,15,16,16,221679.132357,221679.152336,0.019979,0x40533c,1,32,12,20,62,40.000000,0,0,0.027864,1.200000,0.800000,mba,0,,0,0,-1,-1,-1,-1,-1,-1,-1,-1,-1,-1,-1,-1
5998,2,1500,0,16,16,232554.919404,232663.725256,81.364567,0x4051ce,1,6841242,2781848,4059394,32,30.000000,1,1,109.897047,1.200000,0.800000,mba,0,,1,1,8560640,5226496,1081344,2851795550208,2852020289536,222486528,2851795550208,2852020289536,222576640,-1,-1,-1
5998,2,1500,1,16,16,232555.160436,232663.513340,71.569860,0x4051ce,1,7719577,3496152,4223425,2,40.000000,1,1,109.897047,1.200000,0.800000,mba,0,,1,1,20455424,25051136,60375040,1390558371840,1392761790464,1909022720,1390558371840,1392761880576,1911726080,-1,-1,-1
5998,2,1500,2,16,16,232554.111802,232663.506974,73.551917,0x4051ce,1,7289500,3574383,3715117,36,40.000000,1,1,109.897047,1.200000,0.800000,mba,0,,1,1,21987328,25051136,47218688,1390539358208,1392761790464,1951735808,1390539358208,1392761880576,1951285248,-1,-1,-1
5998,2,1500,3,16,16,232554.112053,232663.791883,86.811194,0x4051ce,1,7738755,4400159,3338596,38,40.000000,1,1,109.897047,1.200000,0.800000,mba,0,,1,1,22347776,24600576,53436416,1390539358208,1392764403712,2122227712,1390539358208,1392764583936,2121957376,-1,-1,-1
5998,2,1500,4,16,16,232554.113773,232663.786296,97.411532,0x4051ce,1,12853305,8902583,3950722,40,100.000000,1,1,109.897047,1.200000,0.800000,mba,0,,1,1,48930816,50823168,-991232,14196097236992,14202630537216,6363979776,14196097236992,14202630537216,6363348992,-1,-1,-1
5998,2,1500,5,16,16,232554.123765,232663.781931,99.944672,0x4051ce,1,12797715,9591824,3205891,42,100.000000,1,1,109.897047,1.200000,0.800000,mba,0,,1,1,48840704,50913280,-1081344,14196097236992,14202630537216,6488244224,14196097327104,14202630537216,6480494592,-1,-1,-1
5998,2,1500,6,16,16,232554.789759,232663.787488,97.026065,0x4051ce,1,11553588,8412094,3141494,44,100.000000,1,1,109.897047,1.200000,0.800000,mba,0,,1,1,49291264,50823168,-1171456,14196134363136,14202630537216,6340370432,14196134633472,14202630537216,6334242816,-1,-1,-1
5998,2,1500,7,16,16,232554.384961,232663.750126,99.966667,0x4051ce,1,12827284,9527698,3299586,46,100.000000,1,1,109.897047,1.200000,0.800000,mba,0,,1,1,48840704,50733056,-180224,14196108140544,14202630086656,6489415680,14196108681216,14202630537216,6483197952,-1,-1,-1
5998,2,1500,8,16,16,232555.036577,232663.713890,98.516658,0x4051ce,1,12832609,9385772,3446837,48,100.000000,1,1,109.897047,1.200000,0.800000,mba,0,,1,1,49111040,50642944,-1171456,14196150763520,14202627203072,6395158528,14196151033856,14202628014080,6399393792,-1,-1,-1
5998,2,1500,9,16,16,232554.396861,232663.708016,93.876959,0x4051ce,1,12162128,8940172,3221956,50,100.000000,1,1,109.897047,1.200000,0.800000,mba,0,,1,1,48840704,50462720,-1622016,14196108681216,14202626482176,6108061696,14196109041664,14202627383296,6115180544,-1,-1,-1
5998,2,1500,10,16,16,232554.131993,232663.764272,99.454658,0x4051ce,1,12821419,9534546,3286873,52,100.000000,1,1,109.897047,1.200000,0.800000,mba,0,,1,1,48750592,50823168,-90112,14196097507328,14202630537216,6479323136,14196097507328,14202630537216,6475988992,-1,-1,-1
5998,2,1500,11,16,16,232554.591516,232663.756402,99.508632,0x4051ce,1,12753208,9465937,3287271,54,100.000000,1,1,109.897047,1.200000,0.800000,mba,0,,1,1,50192384,50823168,-901120,14196120936448,14202630447104,6482837504,14196121296896,14202630537216,6475538432,-1,-1,-1
5998,2,1500,12,16,16,232554.377999,232663.578910,79.908053,0x4051ce,1,7662937,6063793,1599144,24,50.000000,1,1,109.897047,1.200000,0.800000,mba,0,,1,1,3514368,1892352,33792000,228918812672,229543198720,622043136,228918812672,229543198720,622043136,-1,-1,-1
5998,2,1500,13,16,16,232554.114170,232664.008849,104.497993,0x4051ce,1,7665408,6008279,1657129,58,40.000000,1,1,109.897047,1.200000,0.800000,mba,0,,1,1,22437888,24330240,811008,1390539358208,1392765665280,2224234496,1390539358208,1392765665280,2221981696,-1,-1,-1
5998,2,1500,14,16,16,232554.898483,232663.551517,82.234119,0x4051ce,1,7752491,4011694,3740797,60,40.000000,1,1,109.897047,1.200000,0.800000,mba,0,,1,1,19734528,24961024,53436416,1390551613440,1392761970688,2074738688,1390551793664,1392761970688,2073116672,-1,-1,-1
5998,2,1500,15,16,16,232554.907682,232663.513121,74.316480,0x4051ce,1,7621002,3781170,3839832,62,40.000000,1,1,109.897047,1.200000,0.800000,mba,0,,1,1,19734528,24961024,51093504,1390551793664,1392761790464,1968046080,1390551883776,1392761790464,1968406528,-1,-1,-1
5999,3,1500,0,16,16,232664.202678,232664.325720,0.123042,0x405218,1,6603,3076,3527,32,20.000000,0,0,0.241616,1.200000,0.800000,mba,0,,0,0,-1,-1,-1,-1,-1,-1,-1,-1,-1,-1,-1,-1
5999,3,1500,1,16,16,232664.201698,232664.317357,0.115659,0x405218,1,6208,3037,3171,2,20.000000,0,0,0.241616,1.200000,0.800000,mba,0,,0,0,-1,-1,-1,-1,-1,-1,-1,-1,-1,-1,-1,-1
5999,3,1500,2,16,16,232664.201728,232664.313559,0.111831,0x405218,1,6385,2982,3403,36,20.000000,0,0,0.241616,1.200000,0.800000,mba,0,,0,0,-1,-1,-1,-1,-1,-1,-1,-1,-1,-1,-1,-1
5999,3,1500,3,16,16,232664.201095,232664.322314,0.121219,0x405218,1,5187,2358,2829,38,20.000000,0,0,0.241616,1.200000,0.800000,mba,0,,0,0,-1,-1,-1,-1,-1,-1,-1,-1,-1,-1,-1,-1
5999,3,1500,4,16,16,232664.200995,232664.397401,0.196406,0x405218,1,10078,6317,3761,40,100.000000,0,0,0.241616,1.200000,0.800000,mba,0,,0,0,-1,-1,-1,-1,-1,-1,-1,-1,-1,-1,-1,-1
5999,3,1500,5,16,16,232664.202565,232664.406442,0.203877,0x405218,1,10087,6662,3425,42,100.000000,0,0,0.241616,1.200000,0.800000,mba,0,,0,0,-1,-1,-1,-1,-1,-1,-1,-1,-1,-1,-1,-1
5999,3,1500,6,16,16,232664.202327,232664.441850,0.239523,0x405218,1,8903,5639,3264,44,100.000000,0,0,0.241616,1.200000,0.800000,mba,0,,0,0,-1,-1,-1,-1,-1,-1,-1,-1,-1,-1,-1,-1
5999,3,1500,7,16,16,232664.201711,232664.402130,0.200419,0x405218,1,10031,7027,3004,46,100.000000,0,0,0.241616,1.200000,0.800000,mba,0,,0,0,-1,-1,-1,-1,-1,-1,-1,-1,-1,-1,-1,-1
5999,3,1500,8,16,16,232664.202246,232664.401435,0.199189,0x405218,1,10055,6363,3692,48,100.000000,0,0,0.241616,1.200000,0.800000,mba,0,,0,0,-1,-1,-1,-1,-1,-1,-1,-1,-1,-1,-1,-1
5999,3,1500,9,16,16,232664.202242,232664.399487,0.197245,0x405218,1,9939,6759,3180,50,100.000000,0,0,0.241616,1.200000,0.800000,mba,0,,0,0,-1,-1,-1,-1,-1,-1,-1,-1,-1,-1,-1,-1
5999,3,1500,10,16,16,232664.200804,232664.400099,0.199295,0x405218,1,10194,6768,3426,52,100.000000,0,0,0.241616,1.200000,0.800000,mba,0,,0,0,-1,-1,-1,-1,-1,-1,-1,-1,-1,-1,-1,-1
5999,3,1500,11,16,16,232664.201864,232664.402063,0.200199,0x405218,1,9976,6661,3315,54,100.000000,0,0,0.241616,1.200000,0.800000,mba,0,,0,0,-1,-1,-1,-1,-1,-1,-1,-1,-1,-1,-1,-1
5999,3,1500,12,16,16,232664.200234,232664.334509,0.134275,0x405218,1,4668,3394,1274,24,20.000000,0,0,0.241616,1.200000,0.800000,mba,0,,0,0,-1,-1,-1,-1,-1,-1,-1,-1,-1,-1,-1,-1
5999,3,1500,13,16,16,232664.201452,232664.334413,0.132961,0x405218,1,6085,3748,2337,58,20.000000,0,0,0.241616,1.200000,0.800000,mba,0,,0,0,-1,-1,-1,-1,-1,-1,-1,-1,-1,-1,-1,-1
5999,3,1500,14,16,16,232664.201567,232664.309807,0.108240,0x405218,1,5152,1861,3291,60,20.000000,0,0,0.241616,1.200000,0.800000,mba,0,,0,0,-1,-1,-1,-1,-1,-1,-1,-1,-1,-1,-1,-1
5999,3,1500,15,16,16,232664.200773,232664.307797,0.107024,0x405218,1,5614,2940,2674,62,20.000000,0,0,0.241616,1.200000,0.800000,mba,0,,0,0,-1,-1,-1,-1,-1,-1,-1,-1,-1,-1,-1,-1
6000,4,1500,0,16,16,232665.174139,232665.212215,0.038076,0x4052e4,1,1714,1004,710,32,100.000000,0,0,0.041853,1.200000,0.800000,mba,0,,0,0,-1,-1,-1,-1,-1,-1,-1,-1,-1,-1,-1,-1
6000,4,1500,1,16,16,232665.171400,232665.190757,0.019357,0x4052e4,1,264,170,94,2,20.000000,0,0,0.041853,1.200000,0.800000,mba,0,,0,0,-1,-1,-1,-1,-1,-1,-1,-1,-1,-1,-1,-1
6000,4,1500,2,16,16,232665.171475,232665.191571,0.020096,0x4052e4,1,285,227,58,36,20.000000,0,0,0.041853,1.200000,0.800000,mba,0,,0,0,-1,-1,-1,-1,-1,-1,-1,-1,-1,-1,-1,-1
6000,4,1500,3,16,16,232665.170904,232665.190198,0.019294,0x4052e4,1,120,78,42,38,20.000000,0,0,0.041853,1.200000,0.800000,mba,0,,0,0,-1,-1,-1,-1,-1,-1,-1,-1,-1,-1,-1,-1
6000,4,1500,4,16,16,232665.172116,232665.193826,0.021710,0x4052e4,1,315,217,98,40,20.000000,0,0,0.041853,1.200000,0.800000,mba,0,,0,0,-1,-1,-1,-1,-1,-1,-1,-1,-1,-1,-1,-1
6000,4,1500,5,16,16,232665.170593,232665.192077,0.021484,0x4052e4,1,284,213,71,42,20.000000,0,0,0.041853,1.200000,0.800000,mba,0,,0,0,-1,-1,-1,-1,-1,-1,-1,-1,-1,-1,-1,-1
6000,4,1500,6,16,16,232665.171323,232665.195237,0.023914,0x4052e4,1,181,119,62,44,20.000000,0,0,0.041853,1.200000,0.800000,mba,0,,0,0,-1,-1,-1,-1,-1,-1,-1,-1,-1,-1,-1,-1
6000,4,1500,7,16,16,232665.171348,232665.193095,0.021747,0x4052e4,1,371,324,47,46,20.000000,0,0,0.041853,1.200000,0.800000,mba,0,,0,0,-1,-1,-1,-1,-1,-1,-1,-1,-1,-1,-1,-1
6000,4,1500,8,16,16,232665.170832,232665.194316,0.023484,0x4052e4,1,310,238,72,48,20.000000,0,0,0.041853,1.200000,0.800000,mba,0,,0,0,-1,-1,-1,-1,-1,-1,-1,-1,-1,-1,-1,-1
6000,4,1500,9,16,16,232665.171658,232665.194599,0.022941,0x4052e4,1,258,196,62,50,20.000000,0,0,0.041853,1.200000,0.800000,mba,0,,0,0,-1,-1,-1,-1,-1,-1,-1,-1,-1,-1,-1,-1
6000,4,1500,10,16,16,232665.171023,232665.192243,0.021220,0x4052e4,1,316,256,60,52,20.000000,0,0,0.041853,1.200000,0.800000,mba,0,,0,0,-1,-1,-1,-1,-1,-1,-1,-1,-1,-1,-1,-1
6000,4,1500,11,16,16,232665.171246,232665.194837,0.023591,0x4052e4,1,385,309,76,54,20.000000,0,0,0.041853,1.200000,0.800000,mba,0,,0,0,-1,-1,-1,-1,-1,-1,-1,-1,-1,-1,-1,-1
6000,4,1500,12,16,16,232665.170832,232665.189628,0.018796,0x4052e4,1,73,14,59,24,20.000000,0,0,0.041853,1.200000,0.800000,mba,0,,0,0,-1,-1,-1,-1,-1,-1,-1,-1,-1,-1,-1,-1
6000,4,1500,13,16,16,232665.172009,232665.191277,0.019268,0x4052e4,1,115,81,34,58,20.000000,0,0,0.041853,1.200000,0.800000,mba,0,,0,0,-1,-1,-1,-1,-1,-1,-1,-1,-1,-1,-1,-1
6000,4,1500,14,16,16,232665.170362,232665.189932,0.019570,0x4052e4,1,121,84,37,60,20.000000,0,0,0.041853,1.200000,0.800000,mba,0,,0,0,-1,-1,-1,-1,-1,-1,-1,-1,-1,-1,-1,-1
6000,4,1500,15,16,16,232665.170596,232665.190192,0.019596,0x4052e4,1,130,92,38,62,20.000000,0,0,0.041853,1.200000,0.800000,mba,0,,0,0,-1,-1,-1,-1,-1,-1,-1,-1,-1,-1,-1,-1
6001,5,1500,0,16,16,232665.273720,232665.292851,0.019131,0x40533c,1,30,0,30,32,40.000000,0,0,0.027536,1.200000,0.800000,mba,0,,0,0,-1,-1,-1,-1,-1,-1,-1,-1,-1,-1,-1,-1
6001,5,1500,1,16,16,232665.275313,232665.294056,0.018743,0x40533c,1,78,31,47,2,40.000000,0,0,0.027536,1.200000,0.800000,mba,0,,0,0,-1,-1,-1,-1,-1,-1,-1,-1,-1,-1,-1,-1
6001,5,1500,2,16,16,232665.274619,232665.293608,0.018989,0x40533c,1,107,50,57,36,40.000000,0,0,0.027536,1.200000,0.800000,mba,0,,0,0,-1,-1,-1,-1,-1,-1,-1,-1,-1,-1,-1,-1
6001,5,1500,3,16,16,232665.274091,232665.292770,0.018679,0x40533c,1,75,44,31,38,40.000000,0,0,0.027536,1.200000,0.800000,mba,0,,0,0,-1,-1,-1,-1,-1,-1,-1,-1,-1,-1,-1,-1
6001,5,1500,4,16,16,232665.274884,232665.298176,0.023292,0x40533c,1,605,243,362,40,100.000000,0,0,0.027536,1.200000,0.800000,mba,0,,0,0,-1,-1,-1,-1,-1,-1,-1,-1,-1,-1,-1,-1
6001,5,1500,5,16,16,232665.273421,232665.296153,0.022732,0x40533c,1,615,291,324,42,100.000000,0,0,0.027536,1.200000,0.800000,mba,0,,0,0,-1,-1,-1,-1,-1,-1,-1,-1,-1,-1,-1,-1
6001,5,1500,6,16,16,232665.274262,232665.299230,0.024968,0x40533c,1,241,129,112,44,100.000000,0,0,0.027536,1.200000,0.800000,mba,0,,0,0,-1,-1,-1,-1,-1,-1,-1,-1,-1,-1,-1,-1
6001,5,1500,7,16,16,232665.274682,232665.297730,0.023048,0x40533c,1,625,344,281,46,100.000000,0,0,0.027536,1.200000,0.800000,mba,0,,0,0,-1,-1,-1,-1,-1,-1,-1,-1,-1,-1,-1,-1
6001,5,1500,8,16,16,232665.275083,232665.300957,0.025874,0x40533c,1,602,262,340,48,100.000000,0,0,0.027536,1.200000,0.800000,mba,0,,0,0,-1,-1,-1,-1,-1,-1,-1,-1,-1,-1,-1,-1
6001,5,1500,9,16,16,232665.274841,232665.299790,0.024949,0x40533c,1,621,267,354,50,100.000000,0,0,0.027536,1.200000,0.800000,mba,0,,0,0,-1,-1,-1,-1,-1,-1,-1,-1,-1,-1,-1,-1
6001,5,1500,10,16,16,232665.274477,232665.297241,0.022764,0x40533c,1,663,306,357,52,100.000000,0,0,0.027536,1.200000,0.800000,mba,0,,0,0,-1,-1,-1,-1,-1,-1,-1,-1,-1,-1,-1,-1
6001,5,1500,11,16,16,232665.274815,232665.300004,0.025189,0x40533c,1,726,285,441,54,100.000000,0,0,0.027536,1.200000,0.800000,mba,0,,0,0,-1,-1,-1,-1,-1,-1,-1,-1,-1,-1,-1,-1
6001,5,1500,12,16,16,232665.273752,232665.292290,0.018538,0x40533c,1,75,47,28,24,40.000000,0,0,0.027536,1.200000,0.800000,mba,0,,0,0,-1,-1,-1,-1,-1,-1,-1,-1,-1,-1,-1,-1
6001,5,1500,13,16,16,232665.274812,232665.293937,0.019125,0x40533c,1,83,43,40,58,40.000000,0,0,0.027536,1.200000,0.800000,mba,0,,0,0,-1,-1,-1,-1,-1,-1,-1,-1,-1,-1,-1,-1
6001,5,1500,14,16,16,232665.274571,232665.293133,0.018562,0x40533c,1,69,40,29,60,40.000000,0,0,0.027536,1.200000,0.800000,mba,0,,0,0,-1,-1,-1,-1,-1,-1,-1,-1,-1,-1,-1,-1
6001,5,1500,15,16,16,232665.274862,232665.293549,0.018687,0x40533c,1,55,24,31,62,40.000000,0,0,0.027536,1.200000,0.800000,mba,0,,0,0,-1,-1,-1,-1,-1,-1,-1,-1,-1,-1,-1,-1
6398,2,1600,0,16,16,243453.037219,243553.532601,77.161095,0x4051ce,1,6839710,2624846,4214864,32,30.000000,1,1,100.681029,1.200000,0.800000,mba,0,,1,1,9461760,5677056,1802240,2874352205824,2874573520896,217440256,2874352205824,2874573520896,217530368,-1,-1,-1
6398,2,1600,1,16,16,243453.010908,243553.398165,68.949503,0x4051ce,1,7730300,3337005,4393295,34,40.000000,1,1,100.681029,1.200000,0.800000,mba,0,,1,1,25321472,24150016,40370176,1611122360320,1612758794240,1475764224,1611122360320,1612758884352,1476034560,-1,-1,-1
6398,2,1600,2,16,16,243453.041101,243553.267018,68.058124,0x4051ce,1,6465373,3014073,3451300,36,40.000000,1,1,100.681029,1.200000,0.800000,mba,0,,1,1,25411584,24059904,48029696,1611122450432,1612757262336,1460985856,1611122540544,1612757352448,1461886976,-1,-1,-1
6398,2,1600,3,16,16,243452.981475,243553.662504,85.727628,0x4051ce,1,7741883,4373747,3368136,38,40.000000,1,1,100.681029,1.200000,0.800000,mba,0,,1,1,25321472,24240128,31449088,1611122089984,1612760686592,1632919552,1611122089984,1612760686592,1631117312,-1,-1,-1
6398,2,1600,4,16,16,243453.024443,243553.567232,91.212841,0x4051ce,1,12050892,8267002,3783890,40,100.000000,1,1,100.681029,1.200000,0.800000,mba,0,,1,1,45867008,46227456,-811008,14827347746816,14833382547456,5907742720,14827348197376,14833382547456,5901705216,-1,-1,-1
6398,2,1600,5,16,16,243453.037481,243553.561697,93.228325,0x4051ce,1,11980763,8910159,3070604,42,100.000000,1,1,100.681029,1.200000,0.800000,mba,0,,1,1,45867008,46137344,180224,14827348017152,14833382547456,6009569280,14827348918272,14833382547456,5999116288,-1,-1,-1
6398,2,1600,6,16,16,243452.990472,243553.464815,87.816318,0x4051ce,1,11437445,8279924,3157521,44,100.000000,1,1,100.681029,1.200000,0.800000,mba,0,,1,1,45506560,45416448,-2793472,14827347296256,14833374797824,5661286400,14827347476480,14833375158272,5667233792,-1,-1,-1
6398,2,1600,7,16,16,243453.026481,243553.577642,93.387369,0x4051ce,1,11992452,8973311,3019141,46,100.000000,1,1,100.681029,1.200000,0.800000,mba,0,,1,1,45867008,46768128,720896,14827347566592,14833382547456,6012362752,14827348287488,14833382547456,6008848384,-1,-1,-1
6398,2,1600,8,16,16,243453.056940,243553.584126,94.438524,0x4051ce,1,11226162,7965015,3261147,48,100.000000,1,1,100.681029,1.200000,0.800000,mba,0,,1,1,45506560,46768128,991232,14827347296256,14833382547456,6025789440,14827347476480,14833382547456,6021464064,-1,-1,-1
6398,2,1600,9,16,16,243453.051085,243553.484450,88.695528,0x4051ce,1,11202944,8054370,3148574,50,100.000000,1,1,100.681029,1.200000,0.800000,mba,0,,1,1,45776896,45867008,-2162688,14827349098496,14833376600064,5741666304,14827349549056,14833377411072,5743288320,-1,-1,-1
6398,2,1600,10,16,16,243453.053781,243553.577625,92.264179,0x4051ce,1,11993519,8847923,3145596,52,100.000000,1,1,100.681029,1.200000,0.800000,mba,0,,1,1,46317568,46768128,180224,14827349278720,14833382547456,5967577088,14827349729280,14833382547456,5967216640,-1,-1,-1
6398,2,1600,11,16,16,243452.992306,243553.538945,93.033911,0x4051ce,1,11978487,8799046,3179441,54,100.000000,1,1,100.681029,1.200000,0.800000,mba,0,,1,1,45506560,46227456,180224,14827347476480,14833381646336,6003261440,14827347476480,14833382096896,6002900992,-1,-1,-1
6398,2,1600,12,16,16,243452.984483,243553.501074,80.556221,0x4051ce,1,7661841,6177370,1484471,24,50.000000,1,1,100.681029,1.200000,0.800000,mba,0,,1,1,1982464,3604480,47038464,291454017536,292624752640,1167761408,291454017536,292624842752,1167761408,-1,-1,-1
6398,2,1600,13,16,16,243453.019405,243553.417192,76.753893,0x4051ce,1,7733475,5725776,2007699,58,50.000000,1,1,100.681029,1.200000,0.800000,mba,0,,1,1,1982464,3694592,45236224,291454017536,292624392192,1141989376,291454287872,292624392192,1139286016,-1,-1,-1
6398,2,1600,14,16,16,243452.995038,243553.480966,81.493405,0x4051ce,1,7757590,3977176,3780414,60,40.000000,1,1,100.681029,1.200000,0.800000,mba,0,,1,1,25321472,24330240,28925952,1611122089984,1612759695360,1612734464,1611122180096,1612759785472,1610661888,-1,-1,-1
6398,2,1600,15,16,16,243453.047357,243553.374482,72.037396,0x4051ce,1,7630210,3652652,3977558,62,40.000000,1,1,100.681029,1.200000,0.800000,mba,0,,1,1,25501696,23969792,29827072,1611122540544,1612758704128,1521180672,1611122540544,1612758704128,1521000448,-1,-1,-1
6399,3,1600,0,16,16,243553.823198,243553.948420,0.125222,0x405218,1,6573,3087,3486,32,20.000000,0,0,0.234174,1.200000,0.800000,mba,0,,0,0,-1,-1,-1,-1,-1,-1,-1,-1,-1,-1,-1,-1
6399,3,1600,1,16,16,243553.823841,243553.938343,0.114502,0x405218,1,6164,2960,3204,34,20.000000,0,0,0.234174,1.200000,0.800000,mba,0,,0,0,-1,-1,-1,-1,-1,-1,-1,-1,-1,-1,-1,-1
6399,3,1600,2,16,16,243553.822574,243553.955875,0.133301,0x405218,1,6016,2799,3217,36,20.000000,0,0,0.234174,1.200000,0.800000,mba,0,,0,0,-1,-1,-1,-1,-1,-1,-1,-1,-1,-1,-1,-1
6399,3,1600,3,16,16,243553.821824,243553.932388,0.110564,0x405218,1,5152,2185,2967,38,20.000000,0,0,0.234174,1.200000,0.800000,mba,0,,0,0,-1,-1,-1,-1,-1,-1,-1,-1,-1,-1,-1,-1
6399,3,1600,4,16,16,243553.824081,243554.017789,0.193708,0x405218,1,9697,5885,3812,40,100.000000,0,0,0.234174,1.200000,0.800000,mba,0,,0,0,-1,-1,-1,-1,-1,-1,-1,-1,-1,-1,-1,-1
6399,3,1600,5,16,16,243553.823676,243554.018399,0.194723,0x405218,1,9689,6229,3460,42,100.000000,0,0,0.234174,1.200000,0.800000,mba,0,,0,0,-1,-1,-1,-1,-1,-1,-1,-1,-1,-1,-1,-1
6399,3,1600,6,16,16,243553.823545,243554.005575,0.182030,0x405218,1,9485,5843,3642,44,100.000000,0,0,0.234174,1.200000,0.800000,mba,0,,0,0,-1,-1,-1,-1,-1,-1,-1,-1,-1,-1,-1,-1
6399,3,1600,7,16,16,243553.823640,243554.019092,0.195452,0x405218,1,9551,6404,3147,46,100.000000,0,0,0.234174,1.200000,0.800000,mba,0,,0,0,-1,-1,-1,-1,-1,-1,-1,-1,-1,-1,-1,-1
6399,3,1600,8,16,16,243553.823333,243554.055998,0.232665,0x405218,1,8742,5273,3469,48,100.000000,0,0,0.234174,1.200000,0.800000,mba,0,,0,0,-1,-1,-1,-1,-1,-1,-1,-1,-1,-1,-1,-1
6399,3,1600,9,16,16,243553.822968,243554.018034,0.195066,0x405218,1,9562,6284,3278,50,100.000000,0,0,0.234174,1.200000,0.800000,mba,0,,0,0,-1,-1,-1,-1,-1,-1,-1,-1,-1,-1,-1,-1
6399,3,1600,10,16,16,243553.823782,243554.015348,0.191566,0x405218,1,9783,6452,3331,52,100.000000,0,0,0.234174,1.200000,0.800000,mba,0,,0,0,-1,-1,-1,-1,-1,-1,-1,-1,-1,-1,-1,-1
6399,3,1600,11,16,16,243553.823639,243554.021448,0.197809,0x405218,1,9658,6407,3251,54,100.000000,0,0,0.234174,1.200000,0.800000,mba,0,,0,0,-1,-1,-1,-1,-1,-1,-1,-1,-1,-1,-1,-1
6399,3,1600,12,16,16,243553.822810,243553.961664,0.138854,0x405218,1,4607,3438,1169,24,20.000000,0,0,0.234174,1.200000,0.800000,mba,0,,0,0,-1,-1,-1,-1,-1,-1,-1,-1,-1,-1,-1,-1
6399,3,1600,13,16,16,243553.823353,243553.953091,0.129738,0x405218,1,6075,3300,2775,58,20.000000,0,0,0.234174,1.200000,0.800000,mba,0,,0,0,-1,-1,-1,-1,-1,-1,-1,-1,-1,-1,-1,-1
6399,3,1600,14,16,16,243553.822511,243553.935363,0.112852,0x405218,1,5101,1981,3120,60,20.000000,0,0,0.234174,1.200000,0.800000,mba,0,,0,0,-1,-1,-1,-1,-1,-1,-1,-1,-1,-1,-1,-1
6399,3,1600,15,16,16,243553.823189,243553.934475,0.111286,0x405218,1,5558,2690,2868,62,20.000000,0,0,0.234174,1.200000,0.800000,mba,0,,0,0,-1,-1,-1,-1,-1,-1,-1,-1,-1,-1,-1,-1
6400,4,1600,0,16,16,243554.783514,243554.822126,0.038612,0x4052e4,1,1759,1000,759,32,100.000000,0,0,0.044555,1.200000,0.800000,mba,0,,0,0,-1,-1,-1,-1,-1,-1,-1,-1,-1,-1,-1,-1
6400,4,1600,1,16,16,243554.779600,243554.800814,0.021214,0x4052e4,1,273,213,60,34,20.000000,0,0,0.044555,1.200000,0.800000,mba,0,,0,0,-1,-1,-1,-1,-1,-1,-1,-1,-1,-1,-1,-1
6400,4,1600,2,16,16,243554.779723,243554.801901,0.022178,0x4052e4,1,151,110,41,36,20.000000,0,0,0.044555,1.200000,0.800000,mba,0,,0,0,-1,-1,-1,-1,-1,-1,-1,-1,-1,-1,-1,-1
6400,4,1600,3,16,16,243554.779115,243554.799843,0.020728,0x4052e4,1,119,70,49,38,20.000000,0,0,0.044555,1.200000,0.800000,mba,0,,0,0,-1,-1,-1,-1,-1,-1,-1,-1,-1,-1,-1,-1
6400,4,1600,4,16,16,243554.779030,243554.800935,0.021905,0x4052e4,1,271,187,84,40,20.000000,0,0,0.044555,1.200000,0.800000,mba,0,,0,0,-1,-1,-1,-1,-1,-1,-1,-1,-1,-1,-1,-1
6400,4,1600,5,16,16,243554.780257,243554.802774,0.022517,0x4052e4,1,302,191,111,42,20.000000,0,0,0.044555,1.200000,0.800000,mba,0,,0,0,-1,-1,-1,-1,-1,-1,-1,-1,-1,-1,-1,-1
6400,4,1600,6,16,16,243554.779277,243554.802164,0.022887,0x4052e4,1,257,208,49,44,20.000000,0,0,0.044555,1.200000,0.800000,mba,0,,0,0,-1,-1,-1,-1,-1,-1,-1,-1,-1,-1,-1,-1
6400,4,1600,7,16,16,243554.779591,243554.803235,0.023644,0x4052e4,1,393,297,96,46,20.000000,0,0,0.044555,1.200000,0.800000,mba,0,,0,0,-1,-1,-1,-1,-1,-1,-1,-1,-1,-1,-1,-1
6400,4,1600,8,16,16,243554.779133,243554.803047,0.023914,0x4052e4,1,212,109,103,48,20.000000,0,0,0.044555,1.200000,0.800000,mba,0,,0,0,-1,-1,-1,-1,-1,-1,-1,-1,-1,-1,-1,-1
6400,4,1600,9,16,16,243554.780251,243554.803554,0.023303,0x4052e4,1,295,210,85,50,20.000000,0,0,0.044555,1.200000,0.800000,mba,0,,0,0,-1,-1,-1,-1,-1,-1,-1,-1,-1,-1,-1,-1
6400,4,1600,10,16,16,243554.780534,243554.803870,0.023336,0x4052e4,1,339,236,103,52,20.000000,0,0,0.044555,1.200000,0.800000,mba,0,,0,0,-1,-1,-1,-1,-1,-1,-1,-1,-1,-1,-1,-1
6400,4,1600,11,16,16,243554.779560,243554.802661,0.023101,0x4052e4,1,310,230,80,54,20.000000,0,0,0.044555,1.200000,0.800000,mba,0,,0,0,-1,-1,-1,-1,-1,-1,-1,-1,-1,-1,-1,-1
6400,4,1600,12,16,16,243554.777764,243554.798186,0.020422,0x4052e4,1,48,8,40,24,20.000000,0,0,0.044555,1.200000,0.800000,mba,0,,0,0,-1,-1,-1,-1,-1,-1,-1,-1,-1,-1,-1,-1
6400,4,1600,13,16,16,243554.778955,243554.799743,0.020788,0x4052e4,1,124,90,34,58,20.000000,0,0,0.044555,1.200000,0.800000,mba,0,,0,0,-1,-1,-1,-1,-1,-1,-1,-1,-1,-1,-1,-1
6400,4,1600,14,16,16,243554.777571,243554.798311,0.020740,0x4052e4,1,130,97,33,60,20.000000,0,0,0.044555,1.200000,0.800000,mba,0,,0,0,-1,-1,-1,-1,-1,-1,-1,-1,-1,-1,-1,-1
6400,4,1600,15,16,16,243554.777887,243554.798879,0.020992,0x4052e4,1,111,82,29,62,20.000000,0,0,0.044555,1.200000,0.800000,mba,0,,0,0,-1,-1,-1,-1,-1,-1,-1,-1,-1,-1,-1,-1
6401,5,1600,0,16,16,243554.881019,243554.901155,0.020136,0x40533c,1,28,3,25,32,40.000000,0,0,0.026224,1.200000,0.800000,mba,0,,0,0,-1,-1,-1,-1,-1,-1,-1,-1,-1,-1,-1,-1
6401,5,1600,1,16,16,243554.882038,243554.902259,0.020221,0x40533c,1,43,8,35,34,40.000000,0,0,0.026224,1.200000,0.800000,mba,0,,0,0,-1,-1,-1,-1,-1,-1,-1,-1,-1,-1,-1,-1
6401,5,1600,2,16,16,243554.881495,243554.901887,0.020392,0x40533c,1,37,10,27,36,40.000000,0,0,0.026224,1.200000,0.800000,mba,0,,0,0,-1,-1,-1,-1,-1,-1,-1,-1,-1,-1,-1,-1
6401,5,1600,3,16,16,243554.880505,243554.900711,0.020206,0x40533c,1,44,28,16,38,40.000000,0,0,0.026224,1.200000,0.800000,mba,0,,0,0,-1,-1,-1,-1,-1,-1,-1,-1,-1,-1,-1,-1
6401,5,1600,4,16,16,243554.881939,243554.906082,0.024143,0x40533c,1,584,251,333,40,100.000000,0,0,0.026224,1.200000,0.800000,mba,0,,0,0,-1,-1,-1,-1,-1,-1,-1,-1,-1,-1,-1,-1
6401,5,1600,5,16,16,243554.882027,243554.906379,0.024352,0x40533c,1,570,256,314,42,100.000000,0,0,0.026224,1.200000,0.800000,mba,0,,0,0,-1,-1,-1,-1,-1,-1,-1,-1,-1,-1,-1,-1
6401,5,1600,6,16,16,243554.882809,243554.906702,0.023893,0x40533c,1,614,299,315,44,100.000000,0,0,0.026224,1.200000,0.800000,mba,0,,0,0,-1,-1,-1,-1,-1,-1,-1,-1,-1,-1,-1,-1
6401,5,1600,7,16,16,243554.880478,243554.904452,0.023974,0x40533c,1,583,344,239,46,100.000000,0,0,0.026224,1.200000,0.800000,mba,0,,0,0,-1,-1,-1,-1,-1,-1,-1,-1,-1,-1,-1,-1
6401,5,1600,8,16,16,243554.881489,243554.906619,0.025130,0x40533c,1,301,153,148,48,100.000000,0,0,0.026224,1.200000,0.800000,mba,0,,0,0,-1,-1,-1,-1,-1,-1,-1,-1,-1,-1,-1,-1
6401,5,1600,9,16,16,243554.882716,243554.906543,0.023827,0x40533c,1,561,257,304,50,100.000000,0,0,0.026224,1.200000,0.800000,mba,0,,0,0,-1,-1,-1,-1,-1,-1,-1,-1,-1,-1,-1,-1
6401,5,1600,10,16,16,243554.881789,243554.906258,0.024469,0x40533c,1,611,346,265,52,100.000000,0,0,0.026224,1.200000,0.800000,mba,0,,0,0,-1,-1,-1,-1,-1,-1,-1,-1,-1,-1,-1,-1
6401,5,1600,11,16,16,243554.880552,243554.905731,0.025179,0x40533c,1,721,300,421,54,100.000000,0,0,0.026224,1.200000,0.800000,mba,0,,0,0,-1,-1,-1,-1,-1,-1,-1,-1,-1,-1,-1,-1
6401,5,1600,12,16,16,243554.880785,243554.900848,0.020063,0x40533c,1,65,37,28,24,40.000000,0,0,0.026224,1.200000,0.800000,mba,0,,0,0,-1,-1,-1,-1,-1,-1,-1,-1,-1,-1,-1,-1
6401,5,1600,13,16,16,243554.882144,243554.902170,0.020026,0x40533c,1,51,29,22,58,40.000000,0,0,0.026224,1.200000,0.800000,mba,0,,0,0,-1,-1,-1,-1,-1,-1,-1,-1,-1,-1,-1,-1
6401,5,1600,14,16,16,243554.881717,243554.901698,0.019981,0x40533c,1,67,49,18,60,40.000000,0,0,0.026224,1.200000,0.800000,mba,0,,0,0,-1,-1,-1,-1,-1,-1,-1,-1,-1,-1,-1,-1
6401,5,1600,15,16,16,243554.881931,243554.902505,0.020574,0x40533c,1,63,38,25,62,40.000000,0,0,0.026224,1.200000,0.800000,mba,0,,0,0,-1,-1,-1,-1,-1,-1,-1,-1,-1,-1,-1,-1
6798,2,1700,0,16,16,253357.719138,253454.819014,75.546526,0x4051ce,1,6846263,2571713,4274550,32,30.000000,1,1,97.177326,1.200000,0.800000,mba,0,,1,1,9371648,5857280,1712128,2896505880576,2896713318400,204554240,2896505880576,2896713318400,204554240,-1,-1,-1
6798,2,1700,1,16,16,253357.682336,253454.634680,67.692348,0x4051ce,1,7741668,3257122,4484546,34,40.000000,1,1,97.177326,1.200000,0.800000,mba,0,,1,1,23789568,24420352,41091072,1778178023424,1779829055488,1477115904,1778178023424,1779829145600,1478467584,-1,-1,-1
6798,2,1700,2,16,16,253357.689030,253454.592418,71.958556,0x4051ce,1,7291389,3476640,3814749,36,40.000000,1,1,97.177326,1.200000,0.800000,mba,0,,1,1,23789568,24059904,38567936,1778177933312,1779828424704,1555333120,1778178023424,1779828514816,1555783680,-1,-1,-1
6798,2,1700,3,16,16,253357.724632,253454.859662,81.357858,0x4051ce,1,7070375,3868846,3201529,38,40.000000,1,1,97.177326,1.200000,0.800000,mba,0,,1,1,23429120,24330240,38928384,1778178203648,1779830317056,1637154816,1778178203648,1779830317056,1635983360,-1,-1,-1
6798,2,1700,4,16,16,253357.714533,253454.796389,88.921415,0x4051ce,1,11636982,8000701,3636281,40,100.000000,1,1,97.177326,1.200000,0.800000,mba,0,,1,1,44335104,44605440,360448,15426936954880,15432837218304,5814296576,15426936954880,15432837218304,5814116352,-1,-1,-1
6798,2,1700,5,16,16,253357.717766,253454.768537,90.246025,0x4051ce,1,11600728,8648940,2951788,42,100.000000,1,1,97.177326,1.200000,0.800000,mba,0,,1,1,44335104,43884544,-450560,15426936954880,15432837218304,5881610240,15426937405440,15432837218304,5873770496,-1,-1,-1
6798,2,1700,6,16,16,253357.710499,253454.701062,85.501973,0x4051ce,1,11082664,8046727,3035937,44,100.000000,1,1,97.177326,1.200000,0.800000,mba,0,,1,1,44425216,43704320,-540672,15426936954880,15432832802816,5592260608,15426936954880,15432833073152,5596766208,-1,-1,-1
6798,2,1700,7,16,16,253357.702108,253454.787393,90.642586,0x4051ce,1,11609978,8687597,2922381,46,100.000000,1,1,97.177326,1.200000,0.800000,mba,0,,1,1,44244992,44605440,720896,15426936954880,15432837218304,5889179648,15426936954880,15432837218304,5880619008,-1,-1,-1
6798,2,1700,8,16,16,253357.696852,253454.735805,89.599889,0x4051ce,1,11621968,8420333,3201635,48,100.000000,1,1,97.177326,1.200000,0.800000,mba,0,,1,1,44244992,43794432,-630784,15426936954880,15432835506176,5824299008,15426936954880,15432836317184,5827452928,-1,-1,-1
6798,2,1700,9,16,16,253357.721124,253454.755611,88.105662,0x4051ce,1,10300001,7387400,2912601,50,100.000000,1,1,97.177326,1.200000,0.800000,mba,0,,1,1,44425216,43884544,-540672,15426936954880,15432837038080,5776809984,15426937495552,15432837218304,5774016512,-1,-1,-1
6798,2,1700,10,16,16,253357.696812,253454.792458,89.374766,0x4051ce,1,11614223,8529953,3084270,52,100.000000,1,1,97.177326,1.200000,0.800000,mba,0,,1,1,44244992,44695552,270336,15426936954880,15432837218304,5841059840,15426936954880,15432837218304,5839978496,-1,-1,-1
6798,2,1700,11,16,16,253357.702765,253454.743763,90.248917,0x4051ce,1,11569596,8543850,3025746,54,100.000000,1,1,97.177326,1.200000,0.800000,mba,0,,1,1,44244992,43794432,-270336,15426936954880,15432835956736,5878366208,15426936954880,15432836677632,5874221056,-1,-1,-1
6798,2,1700,12,16,16,253357.701245,253454.780680,80.426850,0x4051ce,1,7662461,6188845,1473616,24,50.000000,1,1,97.177326,1.200000,0.800000,mba,0,,1,1,3424256,4685824,38477824,406807920640,407958560768,1149108224,406807920640,407958560768,1148747776,-1,-1,-1
6798,2,1700,13,16,16,253357.684699,253454.651659,76.859440,0x4051ce,1,7736574,5760209,1976365,58,50.000000,1,1,97.177326,1.200000,0.800000,mba,0,,1,1,3424256,4685824,38117376,406807920640,407957569536,1125859328,406807920640,407957659648,1123606528,-1,-1,-1
6798,2,1700,14,16,16,253357.710972,253454.726670,80.931592,0x4051ce,1,7755949,3956764,3799185,60,40.000000,1,1,97.177326,1.200000,0.800000,mba,0,,1,1,23789568,24240128,30728192,1778178023424,1779829776384,1636163584,1778178203648,1779829866496,1634091008,-1,-1,-1
6798,2,1700,15,16,16,253357.691441,253454.653758,71.244553,0x4051ce,1,7636855,3607980,4028875,62,40.000000,1,1,97.177326,1.200000,0.800000,mba,0,,1,1,23789568,24510464,36675584,1778177933312,1779829325824,1546952704,1778178023424,1779829325824,1547223040,-1,-1,-1
6799,3,1700,0,16,16,253455.037477,253455.158496,0.121019,0x405218,1,6491,2923,3568,32,20.000000,0,0,0.220031,1.200000,0.800000,mba,0,,0,0,-1,-1,-1,-1,-1,-1,-1,-1,-1,-1,-1,-1
6799,3,1700,1,16,16,253455.036761,253455.149461,0.112700,0x405218,1,6158,2910,3248,34,20.000000,0,0,0.220031,1.200000,0.800000,mba,0,,0,0,-1,-1,-1,-1,-1,-1,-1,-1,-1,-1,-1,-1
6799,3,1700,2,16,16,253455.037030,253455.148875,0.111845,0x405218,1,6520,2923,3597,36,20.000000,0,0,0.220031,1.200000,0.800000,mba,0,,0,0,-1,-1,-1,-1,-1,-1,-1,-1,-1,-1,-1,-1
6799,3,1700,3,16,16,253455.035565,253455.167379,0.131814,0x405218,1,5616,2861,2755,38,20.000000,0,0,0.220031,1.200000,0.800000,mba,0,,0,0,-1,-1,-1,-1,-1,-1,-1,-1,-1,-1,-1,-1
6799,3,1700,4,16,16,253455.036206,253455.221741,0.185535,0x405218,1,9613,5679,3934,40,100.000000,0,0,0.220031,1.200000,0.800000,mba,0,,0,0,-1,-1,-1,-1,-1,-1,-1,-1,-1,-1,-1,-1
6799,3,1700,5,16,16,253455.036739,253455.225838,0.189099,0x405218,1,9657,6028,3629,42,100.000000,0,0,0.220031,1.200000,0.800000,mba,0,,0,0,-1,-1,-1,-1,-1,-1,-1,-1,-1,-1,-1,-1
6799,3,1700,6,16,16,253455.036443,253455.218936,0.182493,0x405218,1,9441,5793,3648,44,100.000000,0,0,0.220031,1.200000,0.800000,mba,0,,0,0,-1,-1,-1,-1,-1,-1,-1,-1,-1,-1,-1,-1
6799,3,1700,7,16,16,253455.036863,253455.226164,0.189301,0x405218,1,9564,6432,3132,46,100.000000,0,0,0.220031,1.200000,0.800000,mba,0,,0,0,-1,-1,-1,-1,-1,-1,-1,-1,-1,-1,-1,-1
6799,3,1700,8,16,16,253455.035833,253455.222728,0.186895,0x405218,1,9550,6060,3490,48,100.000000,0,0,0.220031,1.200000,0.800000,mba,0,,0,0,-1,-1,-1,-1,-1,-1,-1,-1,-1,-1,-1,-1
6799,3,1700,9,16,16,253455.036689,253455.255596,0.218907,0x405218,1,8478,5141,3337,50,100.000000,0,0,0.220031,1.200000,0.800000,mba,0,,0,0,-1,-1,-1,-1,-1,-1,-1,-1,-1,-1,-1,-1
6799,3,1700,10,16,16,253455.035989,253455.217953,0.181964,0x405218,1,9711,6230,3481,52,100.000000,0,0,0.220031,1.200000,0.800000,mba,0,,0,0,-1,-1,-1,-1,-1,-1,-1,-1,-1,-1,-1,-1
6799,3,1700,11,16,16,253455.035863,253455.223677,0.187814,0x405218,1,9547,6255,3292,54,100.000000,0,0,0.220031,1.200000,0.800000,mba,0,,0,0,-1,-1,-1,-1,-1,-1,-1,-1,-1,-1,-1,-1
6799,3,1700,12,16,16,253455.035575,253455.169304,0.133729,0x405218,1,4664,3456,1208,24,20.000000,0,0,0.220031,1.200000,0.800000,mba,0,,0,0,-1,-1,-1,-1,-1,-1,-1,-1,-1,-1,-1,-1
6799,3,1700,13,16,16,253455.036981,253455.170275,0.133294,0x405218,1,6142,3858,2284,58,20.000000,0,0,0.220031,1.200000,0.800000,mba,0,,0,0,-1,-1,-1,-1,-1,-1,-1,-1,-1,-1,-1,-1
6799,3,1700,14,16,16,253455.035767,253455.146548,0.110781,0x405218,1,5092,1965,3127,60,20.000000,0,0,0.220031,1.200000,0.800000,mba,0,,0,0,-1,-1,-1,-1,-1,-1,-1,-1,-1,-1,-1,-1
6799,3,1700,15,16,16,253455.036513,253455.137818,0.101305,0x405218,1,5529,2575,2954,62,20.000000,0,0,0.220031,1.200000,0.800000,mba,0,,0,0,-1,-1,-1,-1,-1,-1,-1,-1,-1,-1,-1,-1
6800,4,1700,0,16,16,253455.968152,253456.005666,0.037514,0x4052e4,1,1754,965,789,32,100.000000,0,0,0.042859,1.200000,0.800000,mba,0,,0,0,-1,-1,-1,-1,-1,-1,-1,-1,-1,-1,-1,-1
6800,4,1700,1,16,16,253455.964703,253455.984545,0.019842,0x4052e4,1,308,218,90,34,20.000000,0,0,0.042859,1.200000,0.800000,mba,0,,0,0,-1,-1,-1,-1,-1,-1,-1,-1,-1,-1,-1,-1
6800,4,1700,2,16,16,253455.964812,253455.984886,0.020074,0x4052e4,1,297,224,73,36,20.000000,0,0,0.042859,1.200000,0.800000,mba,0,,0,0,-1,-1,-1,-1,-1,-1,-1,-1,-1,-1,-1,-1
6800,4,1700,3,16,16,253455.964417,253455.983673,0.019256,0x4052e4,1,80,25,55,38,20.000000,0,0,0.042859,1.200000,0.800000,mba,0,,0,0,-1,-1,-1,-1,-1,-1,-1,-1,-1,-1,-1,-1
6800,4,1700,4,16,16,253455.965403,253455.986878,0.021475,0x4052e4,1,309,184,125,40,20.000000,0,0,0.042859,1.200000,0.800000,mba,0,,0,0,-1,-1,-1,-1,-1,-1,-1,-1,-1,-1,-1,-1
6800,4,1700,5,16,16,253455.965027,253455.986162,0.021135,0x4052e4,1,304,191,113,42,20.000000,0,0,0.042859,1.200000,0.800000,mba,0,,0,0,-1,-1,-1,-1,-1,-1,-1,-1,-1,-1,-1,-1
6800,4,1700,6,16,16,253455.964852,253455.986427,0.021575,0x4052e4,1,328,238,90,44,20.000000,0,0,0.042859,1.200000,0.800000,mba,0,,0,0,-1,-1,-1,-1,-1,-1,-1,-1,-1,-1,-1,-1
6800,4,1700,7,16,16,253455.965325,253455.987077,0.021752,0x4052e4,1,410,331,79,46,20.000000,0,0,0.042859,1.200000,0.800000,mba,0,,0,0,-1,-1,-1,-1,-1,-1,-1,-1,-1,-1,-1,-1
6800,4,1700,8,16,16,253455.964741,253455.985870,0.021129,0x4052e4,1,293,212,81,48,20.000000,0,0,0.042859,1.200000,0.800000,mba,0,,0,0,-1,-1,-1,-1,-1,-1,-1,-1,-1,-1,-1,-1
6800,4,1700,9,16,16,253455.964946,253455.987174,0.022228,0x4052e4,1,161,89,72,50,20.000000,0,0,0.042859,1.200000,0.800000,mba,0,,0,0,-1,-1,-1,-1,-1,-1,-1,-1,-1,-1,-1,-1
6800,4,1700,10,16,16,253455.965168,253455.986847,0.021679,0x4052e4,1,371,238,133,52,20.000000,0,0,0.042859,1.200000,0.800000,mba,0,,0,0,-1,-1,-1,-1,-1,-1,-1,-1,-1,-1,-1,-1
6800,4,1700,11,16,16,253455.964450,253455.985611,0.021161,0x4052e4,1,341,251,90,54,20.000000,0,0,0.042859,1.200000,0.800000,mba,0,,0,0,-1,-1,-1,-1,-1,-1,-1,-1,-1,-1,-1,-1
6800,4,1700,12,16,16,253455.962807,253455.981638,0.018831,0x4052e4,1,64,29,35,24,20.000000,0,0,0.042859,1.200000,0.800000,mba,0,,0,0,-1,-1,-1,-1,-1,-1,-1,-1,-1,-1,-1,-1
6800,4,1700,13,16,16,253455.963816,253455.983146,0.019330,0x4052e4,1,119,80,39,58,20.000000,0,0,0.042859,1.200000,0.800000,mba,0,,0,0,-1,-1,-1,-1,-1,-1,-1,-1,-1,-1,-1,-1
6800,4,1700,14,16,16,253455.963237,253455.982807,0.019570,0x4052e4,1,117,89,28,60,20.000000,0,0,0.042859,1.200000,0.800000,mba,0,,0,0,-1,-1,-1,-1,-1,-1,-1,-1,-1,-1,-1,-1
6800,4,1700,15,16,16,253455.963072,253455.982883,0.019811,0x4052e4,1,122,87,35,62,20.000000,0,0,0.042859,1.200000,0.800000,mba,0,,0,0,-1,-1,-1,-1,-1,-1,-1,-1,-1,-1,-1,-1
6801,5,1700,0,16,16,253456.066682,253456.085510,0.018828,0x40533c,1,19,0,19,32,40.000000,0,0,0.024870,1.200000,0.800000,mba,0,,0,0,-1,-1,-1,-1,-1,-1,-1,-1,-1,-1,-1,-1
6801,5,1700,1,16,16,253456.064963,253456.083877,0.018914,0x40533c,1,85,39,46,34,40.000000,0,0,0.024870,1.200000,0.800000,mba,0,,0,0,-1,-1,-1,-1,-1,-1,-1,-1,-1,-1,-1,-1
6801,5,1700,2,16,16,253456.064771,253456.083412,0.018641,0x40533c,1,110,41,69,36,40.000000,0,0,0.024870,1.200000,0.800000,mba,0,,0,0,-1,-1,-1,-1,-1,-1,-1,-1,-1,-1,-1,-1
6801,5,1700,3,16,16,253456.064931,253456.083816,0.018885,0x40533c,1,58,41,17,38,40.000000,0,0,0.024870,1.200000,0.800000,mba,0,,0,0,-1,-1,-1,-1,-1,-1,-1,-1,-1,-1,-1,-1
6801,5,1700,4,16,16,253456.066696,253456.088566,0.021870,0x40533c,1,499,199,300,40,100.000000,0,0,0.024870,1.200000,0.800000,mba,0,,0,0,-1,-1,-1,-1,-1,-1,-1,-1,-1,-1,-1,-1
6801,5,1700,5,16,16,253456.066109,253456.088199,0.022090,0x40533c,1,608,244,364,42,100.000000,0,0,0.024870,1.200000,0.800000,mba,0,,0,0,-1,-1,-1,-1,-1,-1,-1,-1,-1,-1,-1,-1
6801,5,1700,6,16,16,253456.066459,253456.089641,0.023182,0x40533c,1,470,246,224,44,100.000000,0,0,0.024870,1.200000,0.800000,mba,0,,0,0,-1,-1,-1,-1,-1,-1,-1,-1,-1,-1,-1,-1
6801,5,1700,7,16,16,253456.066472,253456.089265,0.022793,0x40533c,1,568,328,240,46,100.000000,0,0,0.024870,1.200000,0.800000,mba,0,,0,0,-1,-1,-1,-1,-1,-1,-1,-1,-1,-1,-1,-1
6801,5,1700,8,16,16,253456.066997,253456.089446,0.022449,0x40533c,1,519,246,273,48,100.000000,0,0,0.024870,1.200000,0.800000,mba,0,,0,0,-1,-1,-1,-1,-1,-1,-1,-1,-1,-1,-1,-1
6801,5,1700,9,16,16,253456.065221,253456.087984,0.022763,0x40533c,1,141,61,80,50,100.000000,0,0,0.024870,1.200000,0.800000,mba,0,,0,0,-1,-1,-1,-1,-1,-1,-1,-1,-1,-1,-1,-1
6801,5,1700,10,16,16,253456.065732,253456.088114,0.022382,0x40533c,1,566,283,283,52,100.000000,0,0,0.024870,1.200000,0.800000,mba,0,,0,0,-1,-1,-1,-1,-1,-1,-1,-1,-1,-1,-1,-1
6801,5,1700,11,16,16,253456.066310,253456.088792,0.022482,0x40533c,1,634,280,354,54,100.000000,0,0,0.024870,1.200000,0.800000,mba,0,,0,0,-1,-1,-1,-1,-1,-1,-1,-1,-1,-1,-1,-1
6801,5,1700,12,16,16,253456.065965,253456.084629,0.018664,0x40533c,1,59,36,23,24,40.000000,0,0,0.024870,1.200000,0.800000,mba,0,,0,0,-1,-1,-1,-1,-1,-1,-1,-1,-1,-1,-1,-1
6801,5,1700,13,16,16,253456.065465,253456.084181,0.018716,0x40533c,1,52,24,28,58,40.000000,0,0,0.024870,1.200000,0.800000,mba,0,,0,0,-1,-1,-1,-1,-1,-1,-1,-1,-1,-1,-1,-1
6801,5,1700,14,16,16,253456.065750,253456.084489,0.018739,0x40533c,1,82,50,32,60,40.000000,0,0,0.024870,1.200000,0.800000,mba,0,,0,0,-1,-1,-1,-1,-1,-1,-1,-1,-1,-1,-1,-1
6801,5,1700,15,16,16,253456.064959,253456.083693,0.018734,0x40533c,1,37,14,23,62,40.000000,0,0,0.024870,1.200000,0.800000,mba,0,,0,0,-1,-1,-1,-1,-1,-1,-1,-1,-1,-1,-1,-1
7198,2,1800,0,16,16,263021.829612,263117.779243,73.916864,0x4051ce,1,6846483,2509517,4336966,32,30.000000,1,1,96.184120,1.200000,0.800000,mba,0,,1,1,8830976,6938624,3964928,2918150152192,2918353534976,200769536,2918150152192,2918353534976,200679424,-1,-1,-1
7198,2,1800,1,16,16,263021.821822,263117.502878,66.008575,0x4051ce,1,7690458,3141159,4549299,34,40.000000,1,1,96.184120,1.200000,0.800000,mba,0,,1,1,24690688,25141248,26312704,1944619573248,1946239066112,1425121280,1944619573248,1946239156224,1426292736,-1,-1,-1
7198,2,1800,2,16,16,263021.794035,263117.652521,71.178433,0x4051ce,1,7294488,3424185,3870303,36,40.000000,1,1,96.184120,1.200000,0.800000,mba,0,,1,1,24600576,25231360,33521664,1944619573248,1946241318912,1516134400,1944619573248,1946241409024,1516765184,-1,-1,-1
7198,2,1800,3,16,16,263021.807803,263117.960031,84.833806,0x4051ce,1,7745748,4351296,3394452,38,40.000000,1,1,96.184120,1.200000,0.800000,mba,0,,1,1,24600576,25591808,25681920,1944619573248,1946243211264,1620123648,1944619573248,1946243211264,1619132416,-1,-1,-1
7198,2,1800,4,16,16,263021.792355,263117.708228,85.783675,0x4051ce,1,11284986,7697693,3587293,40,100.000000,1,1,96.184120,1.200000,0.800000,mba,0,,1,1,41181184,43073536,-360448,16008819605504,16014544781312,5601632256,16008819605504,16014544871424,5601361920,-1,-1,-1
7198,2,1800,5,16,16,263021.824781,263117.722104,87.887738,0x4051ce,1,11240154,8413777,2826377,42,100.000000,1,1,96.184120,1.200000,0.800000,mba,0,,1,1,41361408,43073536,540672,16008819605504,16014544871424,5710217216,16008819965952,16014544961536,5699944448,-1,-1,-1
7198,2,1800,6,16,16,263021.816890,263117.674573,83.114321,0x4051ce,1,10702791,7835166,2867625,44,100.000000,1,1,96.184120,1.200000,0.800000,mba,0,,1,1,41361408,42622976,-811008,16008819605504,16014543159296,5460877312,16008819965952,16014543609856,5461778432,-1,-1,-1
7198,2,1800,7,16,16,263021.791208,263117.722141,88.208266,0x4051ce,1,11252634,8443039,2809595,46,100.000000,1,1,96.184120,1.200000,0.800000,mba,0,,1,1,41091072,43163648,450560,16008819605504,16014544961536,5712199680,16008819605504,16014544961536,5707694080,-1,-1,-1
7198,2,1800,8,16,16,263021.812118,263117.697265,86.594532,0x4051ce,1,11265927,8190380,3075547,48,100.000000,1,1,96.184120,1.200000,0.800000,mba,0,,1,1,41361408,42893312,360448,16008819605504,16014544240640,5647319040,16008819695616,16014544510976,5649661952,-1,-1,-1
7198,2,1800,9,16,16,263021.830296,263117.657710,82.915347,0x4051ce,1,10683826,7841470,2842356,18,100.000000,1,1,96.184120,1.200000,0.800000,mba,0,,1,1,41361408,42172416,-1441792,16008819605504,16014542168064,5438799872,16008819785728,16014542708736,5443035136,-1,-1,-1
7198,2,1800,10,16,16,263021.811495,263117.721857,86.987853,0x4051ce,1,11253862,8346958,2906904,52,100.000000,1,1,96.184120,1.200000,0.800000,mba,0,,1,1,41181184,43073536,-90112,16008819605504,16014544871424,5680750592,16008819695616,16014544961536,5674532864,-1,-1,-1
7198,2,1800,11,16,16,263021.826198,263117.744547,87.800726,0x4051ce,1,11210128,8275570,2934558,54,100.000000,1,1,96.184120,1.200000,0.800000,mba,0,,1,1,41361408,43253760,180224,16008819605504,16014544961536,5709316096,16008820146176,16014544961536,5701476352,-1,-1,-1
7198,2,1800,12,16,16,263021.775911,263117.784691,80.209645,0x4051ce,1,7664140,6168888,1495252,24,50.000000,1,1,96.184120,1.200000,0.800000,mba,0,,1,1,3694592,3604480,36225024,522275094528,523436007424,1159561216,522275094528,523436007424,1159561216,-1,-1,-1
7198,2,1800,13,16,16,263021.811097,263117.713497,76.921462,0x4051ce,1,7738138,5782521,1955617,58,50.000000,1,1,96.184120,1.200000,0.800000,mba,0,,1,1,3604480,3514368,38297600,522275094528,523435466752,1138204672,522275364864,523435556864,1137844224,-1,-1,-1
7198,2,1800,14,16,16,263021.792795,263117.749862,79.709612,0x4051ce,1,7763636,3887363,3876273,60,40.000000,1,1,96.184120,1.200000,0.800000,mba,0,,1,1,24600576,25501696,20725760,1944619573248,1946241949696,1602281472,1944619573248,1946242039808,1602101248,-1,-1,-1
7198,2,1800,15,16,16,263021.821306,263117.591126,67.829155,0x4051ce,1,7364297,3325071,4039226,62,40.000000,1,1,96.184120,1.200000,0.800000,mba,0,,1,1,24690688,25231360,28925952,1944619573248,1946240327680,1458642944,1944619573248,1946240327680,1459814400,-1,-1,-1
7199,3,1800,0,16,16,263118.123747,263118.240781,0.117034,0x405218,1,6607,2889,3718,32,20.000000,0,0,0.197248,1.200000,0.800000,mba,0,,0,0,-1,-1,-1,-1,-1,-1,-1,-1,-1,-1,-1,-1
7199,3,1800,1,16,16,263118.123263,263118.270083,0.146820,0x405218,1,5895,2845,3050,34,20.000000,0,0,0.197248,1.200000,0.800000,mba,0,,0,0,-1,-1,-1,-1,-1,-1,-1,-1,-1,-1,-1,-1
7199,3,1800,2,16,16,263118.123817,263118.236236,0.112419,0x405218,1,6574,2863,3711,36,20.000000,0,0,0.197248,1.200000,0.800000,mba,0,,0,0,-1,-1,-1,-1,-1,-1,-1,-1,-1,-1,-1,-1
7199,3,1800,3,16,16,263118.123233,263118.245406,0.122173,0x405218,1,5195,2241,2954,38,20.000000,0,0,0.197248,1.200000,0.800000,mba,0,,0,0,-1,-1,-1,-1,-1,-1,-1,-1,-1,-1,-1,-1
7199,3,1800,4,16,16,263118.123895,263118.304394,0.180499,0x405218,1,9455,5548,3907,40,100.000000,0,0,0.197248,1.200000,0.800000,mba,0,,0,0,-1,-1,-1,-1,-1,-1,-1,-1,-1,-1,-1,-1
7199,3,1800,5,16,16,263118.123862,263118.315647,0.191785,0x405218,1,9506,5596,3910,42,100.000000,0,0,0.197248,1.200000,0.800000,mba,0,,0,0,-1,-1,-1,-1,-1,-1,-1,-1,-1,-1,-1,-1
7199,3,1800,6,16,16,263118.123904,263118.304091,0.180187,0x405218,1,9209,5503,3706,44,100.000000,0,0,0.197248,1.200000,0.800000,mba,0,,0,0,-1,-1,-1,-1,-1,-1,-1,-1,-1,-1,-1,-1
7199,3,1800,7,16,16,263118.123192,263118.308055,0.184863,0x405218,1,9380,6237,3143,46,100.000000,0,0,0.197248,1.200000,0.800000,mba,0,,0,0,-1,-1,-1,-1,-1,-1,-1,-1,-1,-1,-1,-1
7199,3,1800,8,16,16,263118.122660,263118.306899,0.184239,0x405218,1,9423,5854,3569,48,100.000000,0,0,0.197248,1.200000,0.800000,mba,0,,0,0,-1,-1,-1,-1,-1,-1,-1,-1,-1,-1,-1,-1
7199,3,1800,9,16,16,263118.123544,263118.309952,0.186408,0x405218,1,9267,5961,3306,18,100.000000,0,0,0.197248,1.200000,0.800000,mba,0,,0,0,-1,-1,-1,-1,-1,-1,-1,-1,-1,-1,-1,-1
7199,3,1800,10,16,16,263118.123356,263118.311402,0.188046,0x405218,1,9626,6215,3411,52,100.000000,0,0,0.197248,1.200000,0.800000,mba,0,,0,0,-1,-1,-1,-1,-1,-1,-1,-1,-1,-1,-1,-1
7199,3,1800,11,16,16,263118.123922,263118.318771,0.194849,0x405218,1,9380,5982,3398,54,100.000000,0,0,0.197248,1.200000,0.800000,mba,0,,0,0,-1,-1,-1,-1,-1,-1,-1,-1,-1,-1,-1,-1
7199,3,1800,12,16,16,263118.122074,263118.265009,0.142935,0x405218,1,4580,3423,1157,24,20.000000,0,0,0.197248,1.200000,0.800000,mba,0,,0,0,-1,-1,-1,-1,-1,-1,-1,-1,-1,-1,-1,-1
7199,3,1800,13,16,16,263118.123781,263118.267959,0.144178,0x405218,1,6062,3799,2263,58,20.000000,0,0,0.197248,1.200000,0.800000,mba,0,,0,0,-1,-1,-1,-1,-1,-1,-1,-1,-1,-1,-1,-1
7199,3,1800,14,16,16,263118.121523,263118.235958,0.114435,0x405218,1,5044,1903,3141,60,20.000000,0,0,0.197248,1.200000,0.800000,mba,0,,0,0,-1,-1,-1,-1,-1,-1,-1,-1,-1,-1,-1,-1
7199,3,1800,15,16,16,263118.123378,263118.233745,0.110367,0x405218,1,5479,2548,2931,62,20.000000,0,0,0.197248,1.200000,0.800000,mba,0,,0,0,-1,-1,-1,-1,-1,-1,-1,-1,-1,-1,-1,-1
7200,4,1800,0,16,16,263119.032187,263119.069825,0.037638,0x4052e4,1,1764,926,838,32,100.000000,0,0,0.043098,1.200000,0.800000,mba,0,,0,0,-1,-1,-1,-1,-1,-1,-1,-1,-1,-1,-1,-1
7200,4,1800,1,16,16,263119.027846,263119.050131,0.022285,0x4052e4,1,153,94,59,34,20.000000,0,0,0.043098,1.200000,0.800000,mba,0,,0,0,-1,-1,-1,-1,-1,-1,-1,-1,-1,-1,-1,-1
7200,4,1800,2,16,16,263119.028726,263119.050063,0.021337,0x4052e4,1,234,195,39,36,20.000000,0,0,0.043098,1.200000,0.800000,mba,0,,0,0,-1,-1,-1,-1,-1,-1,-1,-1,-1,-1,-1,-1
7200,4,1800,3,16,16,263119.028363,263119.049258,0.020895,0x4052e4,1,118,78,40,38,20.000000,0,0,0.043098,1.200000,0.800000,mba,0,,0,0,-1,-1,-1,-1,-1,-1,-1,-1,-1,-1,-1,-1
7200,4,1800,4,16,16,263119.028012,263119.051105,0.023093,0x4052e4,1,258,155,103,40,20.000000,0,0,0.043098,1.200000,0.800000,mba,0,,0,0,-1,-1,-1,-1,-1,-1,-1,-1,-1,-1,-1,-1
7200,4,1800,5,16,16,263119.028530,263119.051206,0.022676,0x4052e4,1,276,166,110,42,20.000000,0,0,0.043098,1.200000,0.800000,mba,0,,0,0,-1,-1,-1,-1,-1,-1,-1,-1,-1,-1,-1,-1
7200,4,1800,6,16,16,263119.029427,263119.052109,0.022682,0x4052e4,1,267,192,75,44,20.000000,0,0,0.043098,1.200000,0.800000,mba,0,,0,0,-1,-1,-1,-1,-1,-1,-1,-1,-1,-1,-1,-1
7200,4,1800,7,16,16,263119.029037,263119.053217,0.024180,0x4052e4,1,461,387,74,46,20.000000,0,0,0.043098,1.200000,0.800000,mba,0,,0,0,-1,-1,-1,-1,-1,-1,-1,-1,-1,-1,-1,-1
7200,4,1800,8,16,16,263119.029223,263119.052615,0.023392,0x4052e4,1,289,209,80,48,20.000000,0,0,0.043098,1.200000,0.800000,mba,0,,0,0,-1,-1,-1,-1,-1,-1,-1,-1,-1,-1,-1,-1
7200,4,1800,9,16,16,263119.029073,263119.052339,0.023266,0x4052e4,1,456,318,138,18,20.000000,0,0,0.043098,1.200000,0.800000,mba,0,,0,0,-1,-1,-1,-1,-1,-1,-1,-1,-1,-1,-1,-1
7200,4,1800,10,16,16,263119.028861,263119.052116,0.023255,0x4052e4,1,347,217,130,52,20.000000,0,0,0.043098,1.200000,0.800000,mba,0,,0,0,-1,-1,-1,-1,-1,-1,-1,-1,-1,-1,-1,-1
7200,4,1800,11,16,16,263119.028953,263119.051401,0.022448,0x4052e4,1,319,218,101,54,20.000000,0,0,0.043098,1.200000,0.800000,mba,0,,0,0,-1,-1,-1,-1,-1,-1,-1,-1,-1,-1,-1,-1
7200,4,1800,12,16,16,263119.027483,263119.047523,0.020040,0x4052e4,1,34,9,25,24,20.000000,0,0,0.043098,1.200000,0.800000,mba,0,,0,0,-1,-1,-1,-1,-1,-1,-1,-1,-1,-1,-1,-1
7200,4,1800,13,16,16,263119.026727,263119.047965,0.021238,0x4052e4,1,117,81,36,58,20.000000,0,0,0.043098,1.200000,0.800000,mba,0,,0,0,-1,-1,-1,-1,-1,-1,-1,-1,-1,-1,-1,-1
7200,4,1800,14,16,16,263119.026862,263119.047879,0.021017,0x4052e4,1,132,96,36,60,20.000000,0,0,0.043098,1.200000,0.800000,mba,0,,0,0,-1,-1,-1,-1,-1,-1,-1,-1,-1,-1,-1,-1
7200,4,1800,15,16,16,263119.026876,263119.048138,0.021262,0x4052e4,1,123,86,37,62,20.000000,0,0,0.043098,1.200000,0.800000,mba,0,,0,0,-1,-1,-1,-1,-1,-1,-1,-1,-1,-1,-1,-1
7201,5,1800,0,16,16,263119.133130,263119.154112,0.020982,0x40533c,1,40,9,31,32,40.000000,0,0,0.035508,1.200000,0.800000,mba,0,,0,0,-1,-1,-1,-1,-1,-1,-1,-1,-1,-1,-1,-1
7201,5,1800,1,16,16,263119.132965,263119.153479,0.020514,0x40533c,1,76,15,61,34,40.000000,0,0,0.035508,1.200000,0.800000,mba,0,,0,0,-1,-1,-1,-1,-1,-1,-1,-1,-1,-1,-1,-1
7201,5,1800,2,16,16,263119.132810,263119.153088,0.020278,0x40533c,1,136,49,87,36,40.000000,0,0,0.035508,1.200000,0.800000,mba,0,,0,0,-1,-1,-1,-1,-1,-1,-1,-1,-1,-1,-1,-1
7201,5,1800,3,16,16,263119.133239,263119.153335,0.020096,0x40533c,1,68,26,42,38,40.000000,0,0,0.035508,1.200000,0.800000,mba,0,,0,0,-1,-1,-1,-1,-1,-1,-1,-1,-1,-1,-1,-1
7201,5,1800,4,16,16,263119.132300,263119.155599,0.023299,0x40533c,1,466,160,306,40,100.000000,0,0,0.035508,1.200000,0.800000,mba,0,,0,0,-1,-1,-1,-1,-1,-1,-1,-1,-1,-1,-1,-1
7201,5,1800,5,16,16,263119.132062,263119.167162,0.035100,0x40533c,1,536,191,345,42,100.000000,0,0,0.035508,1.200000,0.800000,mba,0,,0,0,-1,-1,-1,-1,-1,-1,-1,-1,-1,-1,-1,-1
7201,5,1800,6,16,16,263119.133063,263119.157379,0.024316,0x40533c,1,579,264,315,44,100.000000,0,0,0.035508,1.200000,0.800000,mba,0,,0,0,-1,-1,-1,-1,-1,-1,-1,-1,-1,-1,-1,-1
7201,5,1800,7,16,16,263119.132873,263119.157317,0.024444,0x40533c,1,628,355,273,46,100.000000,0,0,0.035508,1.200000,0.800000,mba,0,,0,0,-1,-1,-1,-1,-1,-1,-1,-1,-1,-1,-1,-1
7201,5,1800,8,16,16,263119.133236,263119.157946,0.024710,0x40533c,1,565,233,332,48,100.000000,0,0,0.035508,1.200000,0.800000,mba,0,,0,0,-1,-1,-1,-1,-1,-1,-1,-1,-1,-1,-1,-1
7201,5,1800,9,16,16,263119.133005,263119.157050,0.024045,0x40533c,1,556,185,371,18,100.000000,0,0,0.035508,1.200000,0.800000,mba,0,,0,0,-1,-1,-1,-1,-1,-1,-1,-1,-1,-1,-1,-1
7201,5,1800,10,16,16,263119.133185,263119.156910,0.023725,0x40533c,1,613,299,314,52,100.000000,0,0,0.035508,1.200000,0.800000,mba,0,,0,0,-1,-1,-1,-1,-1,-1,-1,-1,-1,-1,-1,-1
7201,5,1800,11,16,16,263119.132854,263119.156470,0.023616,0x40533c,1,765,341,424,54,100.000000,0,0,0.035508,1.200000,0.800000,mba,0,,0,0,-1,-1,-1,-1,-1,-1,-1,-1,-1,-1,-1,-1
7201,5,1800,12,16,16,263119.132429,263119.152436,0.020007,0x40533c,1,46,19,27,24,40.000000,0,0,0.035508,1.200000,0.800000,mba,0,,0,0,-1,-1,-1,-1,-1,-1,-1,-1,-1,-1,-1,-1
7201,5,1800,13,16,16,263119.133430,263119.153524,0.020094,0x40533c,1,59,24,35,58,40.000000,0,0,0.035508,1.200000,0.800000,mba,0,,0,0,-1,-1,-1,-1,-1,-1,-1,-1,-1,-1,-1,-1
7201,5,1800,14,16,16,263119.131654,263119.151735,0.020081,0x40533c,1,64,30,34,60,40.000000,0,0,0.035508,1.200000,0.800000,mba,0,,0,0,-1,-1,-1,-1,-1,-1,-1,-1,-1,-1,-1,-1
7201,5,1800,15,16,16,263119.132582,263119.153024,0.020442,0x40533c,1,108,42,66,62,40.000000,0,0,0.035508,1.200000,0.800000,mba,0,,0,0,-1,-1,-1,-1,-1,-1,-1,-1,-1,-1,-1,-1
7598,2,1900,0,16,16,272397.260352,272487.136880,71.448604,0x4051ce,1,6840456,2420893,4419563,32,30.000000,1,1,89.938669,1.200000,0.800000,mba,0,,1,1,10002432,6758400,1802240,2938886455296,2939085692928,197435392,2938886455296,2939085692928,197615616,-1,-1,-1
7598,2,1900,1,16,16,272397.256358,272487.041539,64.694890,0x4051ce,1,7754045,3086617,4667428,34,40.000000,1,1,89.938669,1.200000,0.800000,mba,0,,1,1,25231360,22618112,33882112,2106092888064,2107314987008,1108647936,2106092888064,2107314987008,1110720512,-1,-1,-1
7598,2,1900,2,16,16,272397.224986,272487.061601,70.216133,0x4051ce,1,7283328,3383920,3899408,36,40.000000,1,1,89.938669,1.200000,0.800000,mba,0,,1,1,25321472,22888448,23248896,2106092888064,2107314987008,1175511040,2106092888064,2107315167232,1174429696,-1,-1,-1
7598,2,1900,3,16,16,272397.268244,272486.987936,64.519296,0x4051ce,1,7833409,4373344,3460065,38,50.000000,1,1,89.938669,1.200000,0.800000,mba,0,,1,1,4415488,7389184,29016064,637712801792,639256600576,1336360960,637712801792,639256600576,1334288384,-1,-1,-1
7598,2,1900,4,16,16,272397.245634,272487.139697,82.132569,0x4051ce,1,10867286,7423152,3444134,40,100.000000,1,1,89.938669,1.200000,0.800000,mba,0,,1,1,39739392,40460288,811008,16568886140928,16574385135616,5402574848,16568886140928,16574385135616,5402484736,-1,-1,-1
7598,2,1900,5,16,16,272397.258021,272487.134262,83.764377,0x4051ce,1,10806815,8169687,2637128,10,100.000000,1,1,89.938669,1.200000,0.800000,mba,0,,1,1,39739392,40550400,270336,16568885960704,16574385135616,5485928448,16568886140928,16574385135616,5479890944,-1,-1,-1
7598,2,1900,6,16,16,272397.239396,272487.049074,80.534194,0x4051ce,1,10408371,7638121,2770250,44,100.000000,1,1,89.938669,1.200000,0.800000,mba,0,,1,1,39739392,39739392,-1441792,16568886140928,16574381621248,5318950912,16568886140928,16574382612480,5327962112,-1,-1,-1
7598,2,1900,7,16,16,272397.238621,272487.119268,84.092193,0x4051ce,1,10820037,8135440,2684597,46,100.000000,1,1,89.938669,1.200000,0.800000,mba,0,,1,1,39739392,40550400,180224,16568885870592,16574384955392,5489623040,16568886140928,16574385135616,5482053632,-1,-1,-1
7598,2,1900,8,16,16,272397.262567,272487.111703,82.597474,0x4051ce,1,10829074,7927241,2901833,48,100.000000,1,1,89.938669,1.200000,0.800000,mba,0,,1,1,39739392,40370176,-360448,16568886140928,16574384955392,5442314240,16568886231040,16574385135616,5445378048,-1,-1,-1
7598,2,1900,9,16,16,272397.258736,272487.071493,80.995894,0x4051ce,1,10104996,7427161,2677835,50,100.000000,1,1,89.938669,1.200000,0.800000,mba,0,,1,1,39649280,39919616,-1982464,16568886140928,16574383333376,5358419968,16568886231040,16574383693824,5363286016,-1,-1,-1
7598,2,1900,10,16,16,272397.253425,272487.116726,82.830145,0x4051ce,1,10825422,7988267,2837155,52,100.000000,1,1,89.938669,1.200000,0.800000,mba,0,,1,1,39739392,40460288,-540672,16568886140928,16574384955392,5449342976,16568886140928,16574385135616,5449523200,-1,-1,-1
7598,2,1900,11,16,16,272397.229044,272487.058809,83.653741,0x4051ce,1,10790172,8016289,2773883,54,100.000000,1,1,89.938669,1.200000,0.800000,mba,0,,1,1,39739392,39919616,540672,16568885870592,16574382702592,5478719488,16568886140928,16574383243264,5475205120,-1,-1,-1
7598,2,1900,12,16,16,272397.218873,272487.157542,80.322077,0x4051ce,1,7668998,6215419,1453579,24,50.000000,1,1,89.938669,1.200000,0.800000,mba,0,,1,1,4235264,7208960,32530432,637712351232,639258492928,1544159232,637712351232,639258492928,1544069120,-1,-1,-1
7598,2,1900,13,16,16,272397.256381,272487.145745,76.956501,0x4051ce,1,7731720,5823064,1908656,58,50.000000,1,1,89.938669,1.200000,0.800000,mba,0,,1,1,4325376,7208960,38567936,637712351232,639258492928,1522802688,637712801792,639258492928,1519468544,-1,-1,-1
7598,2,1900,14,16,16,272397.257146,272487.133450,78.849646,0x4051ce,1,7759631,3860831,3898800,60,40.000000,1,1,89.938669,1.200000,0.800000,mba,0,,1,1,25231360,23158784,8470528,2106092888064,2107315257344,1220116480,2106092888064,2107315257344,1218494464,-1,-1,-1
7598,2,1900,15,16,16,272397.219862,272487.041742,67.254840,0x4051ce,1,7650209,3377134,4273075,62,40.000000,1,1,89.938669,1.200000,0.800000,mba,0,,1,1,25321472,22618112,26583040,2106092888064,2107314987008,1142620160,2106092888064,2107314987008,1143701504,-1,-1,-1
7599,3,1900,0,16,16,272487.330707,272487.450693,0.119986,0x405218,1,6478,2846,3632,32,20.000000,0,0,0.215232,1.200000,0.800000,mba,0,,0,0,-1,-1,-1,-1,-1,-1,-1,-1,-1,-1,-1,-1
7599,3,1900,1,16,16,272487.330947,272487.448900,0.117953,0x405218,1,6200,2831,3369,34,20.000000,0,0,0.215232,1.200000,0.800000,mba,0,,0,0,-1,-1,-1,-1,-1,-1,-1,-1,-1,-1,-1,-1
7599,3,1900,2,16,16,272487.330377,272487.440817,0.110440,0x405218,1,6459,2735,3724,36,20.000000,0,0,0.215232,1.200000,0.800000,mba,0,,0,0,-1,-1,-1,-1,-1,-1,-1,-1,-1,-1,-1,-1
7599,3,1900,3,16,16,272487.330010,272487.451284,0.121274,0x405218,1,5233,2413,2820,38,20.000000,0,0,0.215232,1.200000,0.800000,mba,0,,0,0,-1,-1,-1,-1,-1,-1,-1,-1,-1,-1,-1,-1
7599,3,1900,4,16,16,272487.330910,272487.505361,0.174451,0x405218,1,9390,5294,4096,40,100.000000,0,0,0.215232,1.200000,0.800000,mba,0,,0,0,-1,-1,-1,-1,-1,-1,-1,-1,-1,-1,-1,-1
7599,3,1900,5,16,16,272487.330363,272487.517404,0.187041,0x405218,1,9329,5558,3771,10,100.000000,0,0,0.215232,1.200000,0.800000,mba,0,,0,0,-1,-1,-1,-1,-1,-1,-1,-1,-1,-1,-1,-1
7599,3,1900,6,16,16,272487.330324,272487.513320,0.182996,0x405218,1,9029,5693,3336,44,100.000000,0,0,0.215232,1.200000,0.800000,mba,0,,0,0,-1,-1,-1,-1,-1,-1,-1,-1,-1,-1,-1,-1
7599,3,1900,7,16,16,272487.330548,272487.514746,0.184198,0x405218,1,9219,6198,3021,46,100.000000,0,0,0.215232,1.200000,0.800000,mba,0,,0,0,-1,-1,-1,-1,-1,-1,-1,-1,-1,-1,-1,-1
7599,3,1900,8,16,16,272487.329321,272487.509581,0.180260,0x405218,1,9181,5538,3643,48,100.000000,0,0,0.215232,1.200000,0.800000,mba,0,,0,0,-1,-1,-1,-1,-1,-1,-1,-1,-1,-1,-1,-1
7599,3,1900,9,16,16,272487.330726,272487.543826,0.213100,0x405218,1,8144,4953,3191,50,100.000000,0,0,0.215232,1.200000,0.800000,mba,0,,0,0,-1,-1,-1,-1,-1,-1,-1,-1,-1,-1,-1,-1
7599,3,1900,10,16,16,272487.330366,272487.514302,0.183936,0x405218,1,9466,6105,3361,52,100.000000,0,0,0.215232,1.200000,0.800000,mba,0,,0,0,-1,-1,-1,-1,-1,-1,-1,-1,-1,-1,-1,-1
7599,3,1900,11,16,16,272487.329569,272487.514019,0.184450,0x405218,1,9238,5949,3289,54,100.000000,0,0,0.215232,1.200000,0.800000,mba,0,,0,0,-1,-1,-1,-1,-1,-1,-1,-1,-1,-1,-1,-1
7599,3,1900,12,16,16,272487.328594,272487.470545,0.141951,0x405218,1,4574,3378,1196,24,20.000000,0,0,0.215232,1.200000,0.800000,mba,0,,0,0,-1,-1,-1,-1,-1,-1,-1,-1,-1,-1,-1,-1
7599,3,1900,13,16,16,272487.330311,272487.470721,0.140410,0x405218,1,6059,3696,2363,58,20.000000,0,0,0.215232,1.200000,0.800000,mba,0,,0,0,-1,-1,-1,-1,-1,-1,-1,-1,-1,-1,-1,-1
7599,3,1900,14,16,16,272487.329242,272487.442152,0.112910,0x405218,1,5002,1846,3156,60,20.000000,0,0,0.215232,1.200000,0.800000,mba,0,,0,0,-1,-1,-1,-1,-1,-1,-1,-1,-1,-1,-1,-1
7599,3,1900,15,16,16,272487.330477,272487.430192,0.099715,0x405218,1,5447,2508,2939,62,20.000000,0,0,0.215232,1.200000,0.800000,mba,0,,0,0,-1,-1,-1,-1,-1,-1,-1,-1,-1,-1,-1,-1
7600,4,1900,0,16,16,272488.192116,272488.230394,0.038278,0x4052e4,1,1789,897,892,32,100.000000,0,0,0.044872,1.200000,0.800000,mba,0,,0,0,-1,-1,-1,-1,-1,-1,-1,-1,-1,-1,-1,-1
7600,4,1900,1,16,16,272488.188393,272488.209635,0.021242,0x4052e4,1,290,211,79,34,20.000000,0,0,0.044872,1.200000,0.800000,mba,0,,0,0,-1,-1,-1,-1,-1,-1,-1,-1,-1,-1,-1,-1
7600,4,1900,2,16,16,272488.187827,272488.209584,0.021757,0x4052e4,1,258,211,47,36,20.000000,0,0,0.044872,1.200000,0.800000,mba,0,,0,0,-1,-1,-1,-1,-1,-1,-1,-1,-1,-1,-1,-1
7600,4,1900,3,16,16,272488.186921,272488.207666,0.020745,0x4052e4,1,143,77,66,38,20.000000,0,0,0.044872,1.200000,0.800000,mba,0,,0,0,-1,-1,-1,-1,-1,-1,-1,-1,-1,-1,-1,-1
7600,4,1900,4,16,16,272488.187409,272488.210859,0.023450,0x4052e4,1,266,158,108,40,20.000000,0,0,0.044872,1.200000,0.800000,mba,0,,0,0,-1,-1,-1,-1,-1,-1,-1,-1,-1,-1,-1,-1
7600,4,1900,5,16,16,272488.188167,272488.211433,0.023266,0x4052e4,1,327,203,124,10,20.000000,0,0,0.044872,1.200000,0.800000,mba,0,,0,0,-1,-1,-1,-1,-1,-1,-1,-1,-1,-1,-1,-1
7600,4,1900,6,16,16,272488.187569,272488.210271,0.022702,0x4052e4,1,266,179,87,44,20.000000,0,0,0.044872,1.200000,0.800000,mba,0,,0,0,-1,-1,-1,-1,-1,-1,-1,-1,-1,-1,-1,-1
7600,4,1900,7,16,16,272488.188393,272488.211639,0.023246,0x4052e4,1,365,277,88,46,20.000000,0,0,0.044872,1.200000,0.800000,mba,0,,0,0,-1,-1,-1,-1,-1,-1,-1,-1,-1,-1,-1,-1
7600,4,1900,8,16,16,272488.188085,272488.210809,0.022724,0x4052e4,1,259,202,57,48,20.000000,0,0,0.044872,1.200000,0.800000,mba,0,,0,0,-1,-1,-1,-1,-1,-1,-1,-1,-1,-1,-1,-1
7600,4,1900,9,16,16,272488.187676,272488.211918,0.024242,0x4052e4,1,193,104,89,50,20.000000,0,0,0.044872,1.200000,0.800000,mba,0,,0,0,-1,-1,-1,-1,-1,-1,-1,-1,-1,-1,-1,-1
7600,4,1900,10,16,16,272488.186792,272488.209510,0.022718,0x4052e4,1,314,225,89,52,20.000000,0,0,0.044872,1.200000,0.800000,mba,0,,0,0,-1,-1,-1,-1,-1,-1,-1,-1,-1,-1,-1,-1
7600,4,1900,11,16,16,272488.186663,272488.208533,0.021870,0x4052e4,1,305,199,106,54,20.000000,0,0,0.044872,1.200000,0.800000,mba,0,,0,0,-1,-1,-1,-1,-1,-1,-1,-1,-1,-1,-1,-1
7600,4,1900,12,16,16,272488.185783,272488.205951,0.020168,0x4052e4,1,25,6,19,24,20.000000,0,0,0.044872,1.200000,0.800000,mba,0,,0,0,-1,-1,-1,-1,-1,-1,-1,-1,-1,-1,-1,-1
7600,4,1900,13,16,16,272488.186547,272488.207117,0.020570,0x4052e4,1,120,81,39,58,20.000000,0,0,0.044872,1.200000,0.800000,mba,0,,0,0,-1,-1,-1,-1,-1,-1,-1,-1,-1,-1,-1,-1
7600,4,1900,14,16,16,272488.185522,272488.206645,0.021123,0x4052e4,1,125,90,35,60,20.000000,0,0,0.044872,1.200000,0.800000,mba,0,,0,0,-1,-1,-1,-1,-1,-1,-1,-1,-1,-1,-1,-1
7600,4,1900,15,16,16,272488.185578,272488.206507,0.020929,0x4052e4,1,112,81,31,62,20.000000,0,0,0.044872,1.200000,0.800000,mba,0,,0,0,-1,-1,-1,-1,-1,-1,-1,-1,-1,-1,-1,-1
7601,5,1900,0,16,16,272488.286877,272488.307201,0.020324,0x40533c,1,36,5,31,32,40.000000,0,0,0.025703,1.200000,0.800000,mba,0,,0,0,-1,-1,-1,-1,-1,-1,-1,-1,-1,-1,-1,-1
7601,5,1900,1,16,16,272488.286936,272488.307063,0.020127,0x40533c,1,60,7,53,34,40.000000,0,0,0.025703,1.200000,0.800000,mba,0,,0,0,-1,-1,-1,-1,-1,-1,-1,-1,-1,-1,-1,-1
7601,5,1900,2,16,16,272488.288229,272488.308557,0.020328,0x40533c,1,101,35,66,36,40.000000,0,0,0.025703,1.200000,0.800000,mba,0,,0,0,-1,-1,-1,-1,-1,-1,-1,-1,-1,-1,-1,-1
7601,5,1900,3,16,16,272488.286871,272488.307190,0.020319,0x40533c,1,63,24,39,38,40.000000,0,0,0.025703,1.200000,0.800000,mba,0,,0,0,-1,-1,-1,-1,-1,-1,-1,-1,-1,-1,-1,-1
7601,5,1900,4,16,16,272488.288228,272488.312220,0.023992,0x40533c,1,449,115,334,40,100.000000,0,0,0.025703,1.200000,0.800000,mba,0,,0,0,-1,-1,-1,-1,-1,-1,-1,-1,-1,-1,-1,-1
7601,5,1900,5,16,16,272488.287390,272488.310940,0.023550,0x40533c,1,401,97,304,10,100.000000,0,0,0.025703,1.200000,0.800000,mba,0,,0,0,-1,-1,-1,-1,-1,-1,-1,-1,-1,-1,-1,-1
7601,5,1900,6,16,16,272488.288660,272488.312365,0.023705,0x40533c,1,454,197,257,44,100.000000,0,0,0.025703,1.200000,0.800000,mba,0,,0,0,-1,-1,-1,-1,-1,-1,-1,-1,-1,-1,-1,-1
7601,5,1900,7,16,16,272488.286955,272488.310743,0.023788,0x40533c,1,541,285,256,46,100.000000,0,0,0.025703,1.200000,0.800000,mba,0,,0,0,-1,-1,-1,-1,-1,-1,-1,-1,-1,-1,-1,-1
7601,5,1900,8,16,16,272488.287947,272488.311893,0.023946,0x40533c,1,474,212,262,48,100.000000,0,0,0.025703,1.200000,0.800000,mba,0,,0,0,-1,-1,-1,-1,-1,-1,-1,-1,-1,-1,-1,-1
7601,5,1900,9,16,16,272488.287205,272488.312574,0.025369,0x40533c,1,162,73,89,50,100.000000,0,0,0.025703,1.200000,0.800000,mba,0,,0,0,-1,-1,-1,-1,-1,-1,-1,-1,-1,-1,-1,-1
7601,5,1900,10,16,16,272488.288249,272488.311825,0.023576,0x40533c,1,529,285,244,52,100.000000,0,0,0.025703,1.200000,0.800000,mba,0,,0,0,-1,-1,-1,-1,-1,-1,-1,-1,-1,-1,-1,-1
7601,5,1900,11,16,16,272488.287668,272488.310809,0.023141,0x40533c,1,660,269,391,54,100.000000,0,0,0.025703,1.200000,0.800000,mba,0,,0,0,-1,-1,-1,-1,-1,-1,-1,-1,-1,-1,-1,-1
7601,5,1900,12,16,16,272488.287893,272488.308041,0.020148,0x40533c,1,44,13,31,24,40.000000,0,0,0.025703,1.200000,0.800000,mba,0,,0,0,-1,-1,-1,-1,-1,-1,-1,-1,-1,-1,-1,-1
7601,5,1900,13,16,16,272488.287778,272488.307847,0.020069,0x40533c,1,55,17,38,58,40.000000,0,0,0.025703,1.200000,0.800000,mba,0,,0,0,-1,-1,-1,-1,-1,-1,-1,-1,-1,-1,-1,-1
7601,5,1900,14,16,16,272488.287182,272488.307263,0.020081,0x40533c,1,74,39,35,60,40.000000,0,0,0.025703,1.200000,0.800000,mba,0,,0,0,-1,-1,-1,-1,-1,-1,-1,-1,-1,-1,-1,-1
7601,5,1900,15,16,16,272488.288124,272488.308393,0.020269,0x40533c,1,50,13,37,62,40.000000,0,0,0.025703,1.200000,0.800000,mba,0,,0,0,-1,-1,-1,-1,-1,-1,-1,-1,-1,-1,-1,-1
7998,2,2000,0,16,16,281273.943085,281362.454472,67.748455,0x4051ce,1,6840236,2246910,4593326,32,30.000000,1,1,88.597583,1.200000,0.800000,mba,0,,1,1,10633216,7479296,1802240,2959522643968,2959709986816,184639488,2959522643968,2959709986816,184729600,-1,-1,-1
7998,2,2000,1,16,16,281273.970097,281362.334320,62.873299,0x4051ce,1,7771143,2917735,4853408,34,40.000000,1,1,88.597583,1.200000,0.800000,mba,0,,1,1,22978560,23879680,29196288,2224813105152,2225922113536,1002045440,2224813105152,2225922203648,1002405888,-1,-1,-1
7998,2,2000,2,16,16,281273.970686,281362.309297,66.971530,0x4051ce,1,6579742,3003164,3576578,36,40.000000,1,1,88.597583,1.200000,0.800000,mba,0,,1,1,22978560,23879680,32440320,2224813105152,2225922113536,1047281664,2224813105152,2225922113536,1047371776,-1,-1,-1
7998,2,2000,3,16,16,281273.966943,281362.359761,64.409882,0x4051ce,1,7851176,4366498,3484678,38,50.000000,1,1,88.597583,1.200000,0.800000,mba,0,,1,1,8110080,5857280,16490496,791950303232,792864759808,823533568,791950303232,792864849920,825876480,-1,-1,-1
7998,2,2000,4,16,16,281273.947847,281362.424636,79.677127,0x4051ce,1,10423784,7102040,3321744,40,100.000000,1,1,88.597583,1.200000,0.800000,mba,0,,1,1,37306368,37126144,-270336,17110574333952,17115848409088,5172879360,17110574333952,17115848409088,5173149696,-1,-1,-1
7998,2,2000,5,16,16,281273.941620,281362.369453,81.026955,0x4051ce,1,10366454,7832734,2533720,10,100.000000,1,1,88.597583,1.200000,0.800000,mba,0,,1,1,37306368,36134912,-450560,17110574333952,17115846336512,5243977728,17110574333952,17115847507968,5238390784,-1,-1,-1
7998,2,2000,6,16,16,281273.979629,281362.422135,80.510122,0x4051ce,1,9749776,7215684,2534092,44,100.000000,1,1,88.597583,1.200000,0.800000,mba,0,,1,1,37666816,37216256,-180224,17110574424064,17115848318976,5225955328,17110575415296,17115848499200,5221179392,-1,-1,-1
7998,2,2000,7,16,16,281274.323426,281362.408708,81.914812,0x4051ce,1,9986403,7382511,2603892,46,100.000000,1,1,88.597583,1.200000,0.800000,mba,0,,1,1,37576704,37036032,540672,17110596861952,17115848318976,5241094144,17110597312512,17115848318976,5231181824,-1,-1,-1
7998,2,2000,8,16,16,281273.930065,281362.401887,79.877873,0x4051ce,1,10393135,7580103,2813032,48,100.000000,1,1,88.597583,1.200000,0.800000,mba,0,,1,1,37126144,36765696,-720896,17110574333952,17115848228864,5184593920,17110574333952,17115848318976,5191352320,-1,-1,-1
7998,2,2000,9,16,16,281273.954976,281362.382225,79.238060,0x4051ce,1,10127378,7509605,2617773,50,100.000000,1,1,88.597583,1.200000,0.800000,mba,0,,1,1,37306368,36405248,-991232,17110574333952,17115847778304,5158731776,17110574424064,17115848138752,5163868160,-1,-1,-1
7998,2,2000,10,16,16,281274.335328,281362.426648,80.504860,0x4051ce,1,10387529,7726991,2660538,52,100.000000,1,1,88.597583,1.200000,0.800000,mba,0,,1,1,37576704,37126144,90112,17110597492736,17115848409088,5214601216,17110598123520,17115848409088,5210275840,-1,-1,-1
7998,2,2000,11,16,16,281273.942461,281362.415798,81.047434,0x4051ce,1,10352669,7705484,2647185,54,100.000000,1,1,88.597583,1.200000,0.800000,mba,0,,1,1,37306368,37216256,1081344,17110574333952,17115848318976,5239111680,17110574333952,17115848318976,5237850112,-1,-1,-1
7998,2,2000,12,16,16,281273.950718,281362.447607,72.815039,0x4051ce,1,7687451,6164168,1523283,24,60.000000,1,1,88.597583,1.200000,0.800000,mba,0,,1,1,0,2072576,31899648,0,629792768,629161984,0,629792768,629161984,-1,-1,-1
7998,2,2000,13,16,16,281274.208077,281362.509194,76.951739,0x4051ce,1,7738491,5887655,1850836,58,50.000000,1,1,88.597583,1.200000,0.800000,mba,0,,1,1,7929856,5947392,16039936,791952195584,792865570816,912203776,791952195584,792865570816,911392768,-1,-1,-1
7998,2,2000,14,16,16,281273.974049,281362.527648,77.382570,0x4051ce,1,7769771,3798812,3970959,60,40.000000,1,1,88.597583,1.200000,0.800000,mba,0,,1,1,22978560,23429120,12435456,2224813105152,2225923104768,1105674240,2224813195264,2225923104768,1104142336,-1,-1,-1
7998,2,2000,15,16,16,281273.981732,281362.329261,64.482543,0x4051ce,1,7664705,3187445,4477260,62,40.000000,1,1,88.597583,1.200000,0.800000,mba,0,,1,1,22978560,23789568,29286400,2224813195264,2225922113536,1016373248,2224813195264,2225922203648,1017184256,-1,-1,-1
7999,3,2000,0,16,16,281362.687750,281362.807052,0.119302,0x405218,1,6493,2713,3780,32,20.000000,0,0,0.215371,1.200000,0.800000,mba,0,,0,0,-1,-1,-1,-1,-1,-1,-1,-1,-1,-1,-1,-1
7999,3,2000,1,16,16,281362.688828,281362.796983,0.108155,0x405218,1,6126,2762,3364,34,20.000000,0,0,0.215371,1.200000,0.800000,mba,0,,0,0,-1,-1,-1,-1,-1,-1,-1,-1,-1,-1,-1,-1
7999,3,2000,2,16,16,281362.688280,281362.821611,0.133331,0x405218,1,6060,2518,3542,36,20.000000,0,0,0.215371,1.200000,0.800000,mba,0,,0,0,-1,-1,-1,-1,-1,-1,-1,-1,-1,-1,-1,-1
7999,3,2000,3,16,16,281362.687668,281362.810924,0.123256,0x405218,1,5225,2480,2745,38,20.000000,0,0,0.215371,1.200000,0.800000,mba,0,,0,0,-1,-1,-1,-1,-1,-1,-1,-1,-1,-1,-1,-1
7999,3,2000,4,16,16,281362.688280,281362.861298,0.173018,0x405218,1,9028,5074,3954,40,100.000000,0,0,0.215371,1.200000,0.800000,mba,0,,0,0,-1,-1,-1,-1,-1,-1,-1,-1,-1,-1,-1,-1
7999,3,2000,5,16,16,281362.688068,281362.864505,0.176437,0x405218,1,9033,5185,3848,10,100.000000,0,0,0.215371,1.200000,0.800000,mba,0,,0,0,-1,-1,-1,-1,-1,-1,-1,-1,-1,-1,-1,-1
7999,3,2000,6,16,16,281362.688659,281362.889180,0.200521,0x405218,1,7873,5034,2839,44,100.000000,0,0,0.215371,1.200000,0.800000,mba,0,,0,0,-1,-1,-1,-1,-1,-1,-1,-1,-1,-1,-1,-1
7999,3,2000,7,16,16,281362.689309,281362.902268,0.212959,0x405218,1,8051,5364,2687,46,100.000000,0,0,0.215371,1.200000,0.800000,mba,0,,0,0,-1,-1,-1,-1,-1,-1,-1,-1,-1,-1,-1,-1
7999,3,2000,8,16,16,281362.688592,281362.864777,0.176185,0x405218,1,8928,5523,3405,48,100.000000,0,0,0.215371,1.200000,0.800000,mba,0,,0,0,-1,-1,-1,-1,-1,-1,-1,-1,-1,-1,-1,-1
7999,3,2000,9,16,16,281362.688611,281362.862348,0.173737,0x405218,1,9001,5533,3468,50,100.000000,0,0,0.215371,1.200000,0.800000,mba,0,,0,0,-1,-1,-1,-1,-1,-1,-1,-1,-1,-1,-1,-1
7999,3,2000,10,16,16,281362.688917,281362.861817,0.172900,0x405218,1,9156,5708,3448,52,100.000000,0,0,0.215371,1.200000,0.800000,mba,0,,0,0,-1,-1,-1,-1,-1,-1,-1,-1,-1,-1,-1,-1
7999,3,2000,11,16,16,281362.688639,281362.870389,0.181750,0x405218,1,8948,5741,3207,54,100.000000,0,0,0.215371,1.200000,0.800000,mba,0,,0,0,-1,-1,-1,-1,-1,-1,-1,-1,-1,-1,-1,-1
7999,3,2000,12,16,16,281362.686897,281362.823427,0.136530,0x405218,1,4596,3376,1220,24,20.000000,0,0,0.215371,1.200000,0.800000,mba,0,,0,0,-1,-1,-1,-1,-1,-1,-1,-1,-1,-1,-1,-1
7999,3,2000,13,16,16,281362.689148,281362.820449,0.131301,0x405218,1,6333,3907,2426,58,20.000000,0,0,0.215371,1.200000,0.800000,mba,0,,0,0,-1,-1,-1,-1,-1,-1,-1,-1,-1,-1,-1,-1
7999,3,2000,14,16,16,281362.688558,281362.797471,0.108913,0x405218,1,4987,1808,3179,60,20.000000,0,0,0.215371,1.200000,0.800000,mba,0,,0,0,-1,-1,-1,-1,-1,-1,-1,-1,-1,-1,-1,-1
7999,3,2000,15,16,16,281362.688210,281362.795603,0.107393,0x405218,1,5404,2468,2936,62,20.000000,0,0,0.215371,1.200000,0.800000,mba,0,,0,0,-1,-1,-1,-1,-1,-1,-1,-1,-1,-1,-1,-1
8000,4,2000,0,16,16,281363.554215,281363.592716,0.038501,0x4052e4,1,1752,870,882,32,100.000000,0,0,0.043781,1.200000,0.800000,mba,0,,0,0,-1,-1,-1,-1,-1,-1,-1,-1,-1,-1,-1,-1
8000,4,2000,1,16,16,281363.551008,281363.572719,0.021711,0x4052e4,1,293,199,94,34,20.000000,0,0,0.043781,1.200000,0.800000,mba,0,,0,0,-1,-1,-1,-1,-1,-1,-1,-1,-1,-1,-1,-1
8000,4,2000,2,16,16,281363.548935,281363.571109,0.022174,0x4052e4,1,138,94,44,36,20.000000,0,0,0.043781,1.200000,0.800000,mba,0,,0,0,-1,-1,-1,-1,-1,-1,-1,-1,-1,-1,-1,-1
8000,4,2000,3,16,16,281363.551016,281363.571815,0.020799,0x4052e4,1,100,56,44,38,20.000000,0,0,0.043781,1.200000,0.800000,mba,0,,0,0,-1,-1,-1,-1,-1,-1,-1,-1,-1,-1,-1,-1
8000,4,2000,4,16,16,281363.551700,281363.574304,0.022604,0x4052e4,1,265,138,127,40,20.000000,0,0,0.043781,1.200000,0.800000,mba,0,,0,0,-1,-1,-1,-1,-1,-1,-1,-1,-1,-1,-1,-1
8000,4,2000,5,16,16,281363.551106,281363.574587,0.023481,0x4052e4,1,424,241,183,10,20.000000,0,0,0.043781,1.200000,0.800000,mba,0,,0,0,-1,-1,-1,-1,-1,-1,-1,-1,-1,-1,-1,-1
8000,4,2000,6,16,16,281363.549838,281363.573386,0.023548,0x4052e4,1,125,48,77,44,20.000000,0,0,0.043781,1.200000,0.800000,mba,0,,0,0,-1,-1,-1,-1,-1,-1,-1,-1,-1,-1,-1,-1
8000,4,2000,7,16,16,281363.550704,281363.574829,0.024125,0x4052e4,1,215,123,92,46,20.000000,0,0,0.043781,1.200000,0.800000,mba,0,,0,0,-1,-1,-1,-1,-1,-1,-1,-1,-1,-1,-1,-1
8000,4,2000,8,16,16,281363.550794,281363.573951,0.023157,0x4052e4,1,335,241,94,48,20.000000,0,0,0.043781,1.200000,0.800000,mba,0,,0,0,-1,-1,-1,-1,-1,-1,-1,-1,-1,-1,-1,-1
8000,4,2000,9,16,16,281363.550268,281363.573602,0.023334,0x4052e4,1,361,250,111,50,20.000000,0,0,0.043781,1.200000,0.800000,mba,0,,0,0,-1,-1,-1,-1,-1,-1,-1,-1,-1,-1,-1,-1
8000,4,2000,10,16,16,281363.551357,281363.575011,0.023654,0x4052e4,1,302,201,101,52,20.000000,0,0,0.043781,1.200000,0.800000,mba,0,,0,0,-1,-1,-1,-1,-1,-1,-1,-1,-1,-1,-1,-1
8000,4,2000,11,16,16,281363.550123,281363.572470,0.022347,0x4052e4,1,300,212,88,54,20.000000,0,0,0.043781,1.200000,0.800000,mba,0,,0,0,-1,-1,-1,-1,-1,-1,-1,-1,-1,-1,-1,-1
8000,4,2000,12,16,16,281363.550398,281363.570573,0.020175,0x4052e4,1,51,13,38,24,20.000000,0,0,0.043781,1.200000,0.800000,mba,0,,0,0,-1,-1,-1,-1,-1,-1,-1,-1,-1,-1,-1,-1
8000,4,2000,13,16,16,281363.549950,281363.570719,0.020769,0x4052e4,1,145,88,57,58,20.000000,0,0,0.043781,1.200000,0.800000,mba,0,,0,0,-1,-1,-1,-1,-1,-1,-1,-1,-1,-1,-1,-1
8000,4,2000,14,16,16,281363.550910,281363.571709,0.020799,0x4052e4,1,131,93,38,60,20.000000,0,0,0.043781,1.200000,0.800000,mba,0,,0,0,-1,-1,-1,-1,-1,-1,-1,-1,-1,-1,-1,-1
8000,4,2000,15,16,16,281363.550151,281363.571149,0.020998,0x4052e4,1,129,88,41,62,20.000000,0,0,0.043781,1.200000,0.800000,mba,0,,0,0,-1,-1,-1,-1,-1,-1,-1,-1,-1,-1,-1,-1
8001,5,2000,0,16,16,281363.654055,281363.674479,0.020424,0x40533c,1,29,3,26,32,40.000000,0,0,0.026487,1.200000,0.800000,mba,0,,0,0,-1,-1,-1,-1,-1,-1,-1,-1,-1,-1,-1,-1
8001,5,2000,1,16,16,281363.653668,281363.673683,0.020015,0x40533c,1,56,14,42,34,40.000000,0,0,0.026487,1.200000,0.800000,mba,0,,0,0,-1,-1,-1,-1,-1,-1,-1,-1,-1,-1,-1,-1
8001,5,2000,2,16,16,281363.652088,281363.672482,0.020394,0x40533c,1,49,12,37,36,40.000000,0,0,0.026487,1.200000,0.800000,mba,0,,0,0,-1,-1,-1,-1,-1,-1,-1,-1,-1,-1,-1,-1
8001,5,2000,3,16,16,281363.653034,281363.673201,0.020167,0x40533c,1,35,17,18,38,40.000000,0,0,0.026487,1.200000,0.800000,mba,0,,0,0,-1,-1,-1,-1,-1,-1,-1,-1,-1,-1,-1,-1
8001,5,2000,4,16,16,281363.653675,281363.677059,0.023384,0x40533c,1,357,116,241,40,100.000000,0,0,0.026487,1.200000,0.800000,mba,0,,0,0,-1,-1,-1,-1,-1,-1,-1,-1,-1,-1,-1,-1
8001,5,2000,5,16,16,281363.653696,281363.676607,0.022911,0x40533c,1,313,104,209,10,100.000000,0,0,0.026487,1.200000,0.800000,mba,0,,0,0,-1,-1,-1,-1,-1,-1,-1,-1,-1,-1,-1,-1
8001,5,2000,6,16,16,281363.654027,281363.678575,0.024548,0x40533c,1,189,52,137,44,100.000000,0,0,0.026487,1.200000,0.800000,mba,0,,0,0,-1,-1,-1,-1,-1,-1,-1,-1,-1,-1,-1,-1
8001,5,2000,7,16,16,281363.653565,281363.677488,0.023923,0x40533c,1,198,79,119,46,100.000000,0,0,0.026487,1.200000,0.800000,mba,0,,0,0,-1,-1,-1,-1,-1,-1,-1,-1,-1,-1,-1,-1
8001,5,2000,8,16,16,281363.654394,281363.677942,0.023548,0x40533c,1,416,185,231,48,100.000000,0,0,0.026487,1.200000,0.800000,mba,0,,0,0,-1,-1,-1,-1,-1,-1,-1,-1,-1,-1,-1,-1
8001,5,2000,9,16,16,281363.653598,281363.677071,0.023473,0x40533c,1,419,157,262,50,100.000000,0,0,0.026487,1.200000,0.800000,mba,0,,0,0,-1,-1,-1,-1,-1,-1,-1,-1,-1,-1,-1,-1
8001,5,2000,10,16,16,281363.653559,281363.678110,0.024551,0x40533c,1,491,289,202,52,100.000000,0,0,0.026487,1.200000,0.800000,mba,0,,0,0,-1,-1,-1,-1,-1,-1,-1,-1,-1,-1,-1,-1
8001,5,2000,11,16,16,281363.653040,281363.676156,0.023116,0x40533c,1,493,219,274,54,100.000000,0,0,0.026487,1.200000,0.800000,mba,0,,0,0,-1,-1,-1,-1,-1,-1,-1,-1,-1,-1,-1,-1
8001,5,2000,12,16,16,281363.653386,281363.673427,0.020041,0x40533c,1,41,25,16,24,40.000000,0,0,0.026487,1.200000,0.800000,mba,0,,0,0,-1,-1,-1,-1,-1,-1,-1,-1,-1,-1,-1,-1
8001,5,2000,13,16,16,281363.653810,281363.674781,0.020971,0x40533c,1,90,42,48,58,40.000000,0,0,0.026487,1.200000,0.800000,mba,0,,0,0,-1,-1,-1,-1,-1,-1,-1,-1,-1,-1,-1,-1
8001,5,2000,14,16,16,281363.653032,281363.673276,0.020244,0x40533c,1,73,43,30,60,40.000000,0,0,0.026487,1.200000,0.800000,mba,0,,0,0,-1,-1,-1,-1,-1,-1,-1,-1,-1,-1,-1,-1
8001,5,2000,15,16,16,281363.653103,281363.673099,0.019996,0x40533c,1,61,21,40,62,40.000000,0,0,0.026487,1.200000,0.800000,mba,0,,0,0,-1,-1,-1,-1,-1,-1,-1,-1,-1,-1,-1,-1
