elapsed_s,avg_power_w,energy_j
1260.779977876,3.91911,4941.14
