parallel_id,region_id,region_exec,thread_id,team_size,requested_threads,start_ms,end_ms,elapsed_ms,codeptr,pmu_valid,pmu_llc_references,pmu_llc_misses,pmu_llc_hits,cpu_id,target_mb_percent,resource_applied,resctrl_enabled,region_wall_ms,resctrl_enable_ms,resctrl_disable_ms,resource_kind,target_l3_ways,target_l3_mask,mon_valid,mon_l3_domains,mon_start_llc_occupancy_bytes,mon_end_llc_occupancy_bytes,mon_llc_occupancy_delta_bytes,mon_start_mbm_total_bytes,mon_end_mbm_total_bytes,mon_mbm_total_delta_bytes,mon_start_mbm_local_bytes,mon_end_mbm_local_bytes,mon_mbm_local_delta_bytes,mon_start_mbm_remote_bytes,mon_end_mbm_remote_bytes,mon_mbm_remote_delta_bytes
1,1,1,0,16,16,19740.803984,19773.196923,32.392939,0x404957,1,539057,537167,1890,32,100.000000,1,1,35.818935,1.200000,0.800000,monitor,15,7fff,1,1,0,2793472,2793472,90112,1093869568,1093779456,90112,1093959680,1093869568,-1,-1,-1
1,1,1,1,16,16,19741.082416,19775.534119,34.451703,0x404957,1,538744,537531,1213,2,100.000000,1,1,35.818935,1.200000,0.800000,monitor,15,7fff,1,1,0,2793472,2793472,90112,1093869568,1093779456,90112,1093959680,1093869568,-1,-1,-1
1,1,1,2,16,16,19740.960749,19775.492676,34.531927,0x404957,1,540547,537551,2996,4,100.000000,1,1,35.818935,1.200000,0.800000,monitor,15,7fff,1,1,0,2793472,2793472,90112,1093869568,1093779456,90112,1093959680,1093869568,-1,-1,-1
1,1,1,3,16,16,19740.951042,19775.385474,34.434432,0x404957,1,539535,537339,2196,6,100.000000,1,1,35.818935,1.200000,0.800000,monitor,15,7fff,1,1,0,2793472,2793472,90112,1093869568,1093779456,90112,1093959680,1093869568,-1,-1,-1
1,1,1,4,16,16,19740.977372,19775.727555,34.750183,0x404957,1,540356,537352,3004,8,100.000000,1,1,35.818935,1.200000,0.800000,monitor,15,7fff,1,1,0,2793472,2793472,90112,1093869568,1093779456,90112,1093959680,1093869568,-1,-1,-1
1,1,1,5,16,16,19740.956035,19775.478183,34.522148,0x404957,1,540061,537392,2669,42,100.000000,1,1,35.818935,1.200000,0.800000,monitor,15,7fff,1,1,0,2793472,2793472,90112,1093869568,1093779456,90112,1093959680,1093869568,-1,-1,-1
1,1,1,6,16,16,19740.844259,19775.631903,34.787644,0x404957,1,539287,537704,1583,12,100.000000,1,1,35.818935,1.200000,0.800000,monitor,15,7fff,1,1,0,2793472,2793472,90112,1093869568,1093779456,90112,1093959680,1093869568,-1,-1,-1
1,1,1,7,16,16,19741.087731,19775.567133,34.479402,0x404957,1,539631,537783,1848,14,100.000000,1,1,35.818935,1.200000,0.800000,monitor,15,7fff,1,1,0,2793472,2793472,90112,1093869568,1093779456,90112,1093959680,1093869568,-1,-1,-1
1,1,1,8,16,16,19740.943077,19775.069553,34.126476,0x404957,1,539780,537220,2560,48,100.000000,1,1,35.818935,1.200000,0.800000,monitor,15,7fff,1,1,0,2793472,2793472,90112,1093869568,1093779456,90112,1093959680,1093869568,-1,-1,-1
1,1,1,9,16,16,19741.430331,19775.947289,34.516958,0x404957,1,539231,537240,1991,50,100.000000,1,1,35.818935,1.200000,0.800000,monitor,15,7fff,1,1,0,2793472,2793472,90112,1093869568,1093779456,90112,1093959680,1093869568,-1,-1,-1
1,1,1,10,16,16,19741.085945,19775.230140,34.144195,0x404957,1,539200,537079,2121,20,100.000000,1,1,35.818935,1.200000,0.800000,monitor,15,7fff,1,1,0,2793472,2793472,90112,1093869568,1093779456,90112,1093959680,1093869568,-1,-1,-1
1,1,1,11,16,16,19741.220989,19775.281791,34.060802,0x404957,1,539270,537218,2052,22,100.000000,1,1,35.818935,1.200000,0.800000,monitor,15,7fff,1,1,0,2793472,2793472,90112,1093869568,1093779456,90112,1093959680,1093869568,-1,-1,-1
1,1,1,12,16,16,19742.002747,19776.622919,34.620172,0x404957,1,539617,537746,1871,56,100.000000,1,1,35.818935,1.200000,0.800000,monitor,15,7fff,1,1,0,2793472,2793472,90112,1093869568,1093779456,90112,1093959680,1093869568,-1,-1,-1
1,1,1,13,16,16,19741.528113,19775.591327,34.063214,0x404957,1,539795,537737,2058,26,100.000000,1,1,35.818935,1.200000,0.800000,monitor,15,7fff,1,1,0,2793472,2793472,90112,1093869568,1093779456,90112,1093959680,1093869568,-1,-1,-1
1,1,1,14,16,16,19741.824933,19775.949282,34.124349,0x404957,1,539600,537568,2032,60,100.000000,1,1,35.818935,1.200000,0.800000,monitor,15,7fff,1,1,0,2793472,2793472,90112,1093869568,1093779456,90112,1093959680,1093869568,-1,-1,-1
1,1,1,15,16,16,19741.661389,19775.770113,34.108724,0x404957,1,540107,537675,2432,30,100.000000,1,1,35.818935,1.200000,0.800000,monitor,15,7fff,1,1,0,2793472,2793472,90112,1093869568,1093779456,90112,1093959680,1093869568,-1,-1,-1
2,2,1,0,16,16,19789.599958,20367.920985,554.748147,0x4051ce,1,51102280,45593317,5508963,32,100.000000,1,1,578.648243,1.200000,0.800000,monitor,15,7fff,1,1,13516800,86056960,72540160,1106845696,68014555136,66907709440,1106845696,68014555136,66907709440,-1,-1,-1
2,2,1,1,16,16,19789.302895,20367.703224,548.474476,0x4051ce,1,52455043,48880059,3574984,2,100.000000,1,1,578.648243,1.200000,0.800000,monitor,15,7fff,1,1,13516800,86056960,72540160,1106845696,68014555136,66907709440,1106845696,68014555136,66907709440,-1,-1,-1
2,2,1,2,16,16,19789.586077,20367.618448,543.837629,0x4051ce,1,52520023,47448635,5071388,4,100.000000,1,1,578.648243,1.200000,0.800000,monitor,15,7fff,1,1,13516800,86056960,72540160,1106845696,68014555136,66907709440,1106845696,68014555136,66907709440,-1,-1,-1
2,2,1,3,16,16,19789.272742,20367.507759,537.949665,0x4051ce,1,52479202,45575971,6903231,6,100.000000,1,1,578.648243,1.200000,0.800000,monitor,15,7fff,1,1,13516800,86056960,72540160,1106845696,68014555136,66907709440,1106845696,68014555136,66907709440,-1,-1,-1
2,2,1,4,16,16,19789.281326,20367.515336,549.600006,0x4051ce,1,52684266,45769883,6914383,8,100.000000,1,1,578.648243,1.200000,0.800000,monitor,15,7fff,1,1,13516800,86056960,72540160,1106845696,68014555136,66907709440,1106845696,68014555136,66907709440,-1,-1,-1
2,2,1,5,16,16,19790.258254,20367.557111,547.148642,0x4051ce,1,52671720,45771209,6900511,42,100.000000,1,1,578.648243,1.200000,0.800000,monitor,15,7fff,1,1,13516800,86056960,72540160,1106845696,68014555136,66907709440,1106845696,68014555136,66907709440,-1,-1,-1
2,2,1,6,16,16,19789.883684,20367.791791,561.248751,0x4051ce,1,52626578,49741220,2885358,12,100.000000,1,1,578.648243,1.200000,0.800000,monitor,15,7fff,1,1,13516800,86056960,72540160,1106845696,68014555136,66907709440,1106845696,68014555136,66907709440,-1,-1,-1
2,2,1,7,16,16,19790.926403,20367.767711,561.631625,0x4051ce,1,52602583,49864104,2738479,14,100.000000,1,1,578.648243,1.200000,0.800000,monitor,15,7fff,1,1,13516800,86056960,72540160,1106845696,68014555136,66907709440,1106845696,68014555136,66907709440,-1,-1,-1
2,2,1,8,16,16,19790.006502,20367.658667,564.900640,0x4051ce,1,52594939,49231152,3363787,48,100.000000,1,1,578.648243,1.200000,0.800000,monitor,15,7fff,1,1,13516800,86056960,72540160,1106845696,68014555136,66907709440,1106845696,68014555136,66907709440,-1,-1,-1
2,2,1,9,16,16,19790.401872,20367.699957,569.088847,0x4051ce,1,52508449,49289153,3219296,50,100.000000,1,1,578.648243,1.200000,0.800000,monitor,15,7fff,1,1,13516800,86056960,72540160,1106845696,68014555136,66907709440,1106845696,68014555136,66907709440,-1,-1,-1
2,2,1,10,16,16,19790.127390,20367.747480,563.658879,0x4051ce,1,52559496,49910731,2648765,20,100.000000,1,1,578.648243,1.200000,0.800000,monitor,15,7fff,1,1,13516800,86056960,72540160,1106845696,68014555136,66907709440,1106845696,68014555136,66907709440,-1,-1,-1
2,2,1,11,16,16,19789.295893,20367.796440,574.872706,0x4051ce,1,52581604,50274529,2307075,22,100.000000,1,1,578.648243,1.200000,0.800000,monitor,15,7fff,1,1,13516800,86056960,72540160,1106845696,68014555136,66907709440,1106845696,68014555136,66907709440,-1,-1,-1
2,2,1,12,16,16,19790.657026,20367.784981,571.283601,0x4051ce,1,52646294,50429784,2216510,56,100.000000,1,1,578.648243,1.200000,0.800000,monitor,15,7fff,1,1,13516800,86056960,72540160,1106845696,68014555136,66907709440,1106845696,68014555136,66907709440,-1,-1,-1
2,2,1,13,16,16,19789.728146,20367.788874,564.467826,0x4051ce,1,52621806,50414313,2207493,26,100.000000,1,1,578.648243,1.200000,0.800000,monitor,15,7fff,1,1,13516800,86056960,72540160,1106845696,68014555136,66907709440,1106845696,68014555136,66907709440,-1,-1,-1
2,2,1,14,16,16,19790.798268,20367.813958,564.925134,0x4051ce,1,52639601,50396229,2243372,60,100.000000,1,1,578.648243,1.200000,0.800000,monitor,15,7fff,1,1,13516800,86056960,72540160,1106845696,68014555136,66907709440,1106845696,68014555136,66907709440,-1,-1,-1
2,2,1,15,16,16,19790.532640,20367.780357,555.140837,0x4051ce,1,51421003,49247072,2173931,30,100.000000,1,1,578.648243,1.200000,0.800000,monitor,15,7fff,1,1,13516800,86056960,72540160,1106845696,68014555136,66907709440,1106845696,68014555136,66907709440,-1,-1,-1
3,3,1,0,16,16,20368.126888,20368.352419,0.225531,0x405218,1,6590,5495,1095,32,100.000000,1,1,2.057073,1.200000,0.800000,monitor,15,7fff,1,1,86056960,83173376,-2883584,68016627712,68033388544,16760832,68017618944,68033388544,15769600,-1,-1,-1
3,3,1,1,16,16,20368.437955,20368.585264,0.147309,0x405218,1,8116,4316,3800,2,100.000000,1,1,2.057073,1.200000,0.800000,monitor,15,7fff,1,1,86056960,83173376,-2883584,68016627712,68033388544,16760832,68017618944,68033388544,15769600,-1,-1,-1
3,3,1,2,16,16,20368.943014,20369.084039,0.141025,0x405218,1,8115,4610,3505,4,100.000000,1,1,2.057073,1.200000,0.800000,monitor,15,7fff,1,1,86056960,83173376,-2883584,68016627712,68033388544,16760832,68017618944,68033388544,15769600,-1,-1,-1
3,3,1,3,16,16,20370.038438,20370.183961,0.145523,0x405218,1,8100,4152,3948,6,100.000000,1,1,2.057073,1.200000,0.800000,monitor,15,7fff,1,1,86056960,83173376,-2883584,68016627712,68033388544,16760832,68017618944,68033388544,15769600,-1,-1,-1
3,3,1,4,16,16,20368.233597,20368.388856,0.155259,0x405218,1,8030,4689,3341,8,100.000000,1,1,2.057073,1.200000,0.800000,monitor,15,7fff,1,1,86056960,83173376,-2883584,68016627712,68033388544,16760832,68017618944,68033388544,15769600,-1,-1,-1
3,3,1,5,16,16,20369.223904,20369.375281,0.151377,0x405218,1,8114,4781,3333,42,100.000000,1,1,2.057073,1.200000,0.800000,monitor,15,7fff,1,1,86056960,83173376,-2883584,68016627712,68033388544,16760832,68017618944,68033388544,15769600,-1,-1,-1
3,3,1,6,16,16,20369.744302,20369.903192,0.158890,0x405218,1,8163,4499,3664,12,100.000000,1,1,2.057073,1.200000,0.800000,monitor,15,7fff,1,1,86056960,83173376,-2883584,68016627712,68033388544,16760832,68017618944,68033388544,15769600,-1,-1,-1
3,3,1,7,16,16,20369.902688,20370.049856,0.147168,0x405218,1,8100,3558,4542,14,100.000000,1,1,2.057073,1.200000,0.800000,monitor,15,7fff,1,1,86056960,83173376,-2883584,68016627712,68033388544,16760832,68017618944,68033388544,15769600,-1,-1,-1
3,3,1,8,16,16,20368.229862,20368.423128,0.193266,0x405218,1,7998,5302,2696,48,100.000000,1,1,2.057073,1.200000,0.800000,monitor,15,7fff,1,1,86056960,83173376,-2883584,68016627712,68033388544,16760832,68017618944,68033388544,15769600,-1,-1,-1
3,3,1,9,16,16,20369.481368,20369.642240,0.160872,0x405218,1,8146,4333,3813,50,100.000000,1,1,2.057073,1.200000,0.800000,monitor,15,7fff,1,1,86056960,83173376,-2883584,68016627712,68033388544,16760832,68017618944,68033388544,15769600,-1,-1,-1
3,3,1,10,16,16,20369.615738,20369.763916,0.148178,0x405218,1,8124,4300,3824,20,100.000000,1,1,2.057073,1.200000,0.800000,monitor,15,7fff,1,1,86056960,83173376,-2883584,68016627712,68033388544,16760832,68017618944,68033388544,15769600,-1,-1,-1
3,3,1,11,16,16,20368.813238,20368.966106,0.152868,0x405218,1,8165,4877,3288,22,100.000000,1,1,2.057073,1.200000,0.800000,monitor,15,7fff,1,1,86056960,83173376,-2883584,68016627712,68033388544,16760832,68017618944,68033388544,15769600,-1,-1,-1
3,3,1,12,16,16,20368.555245,20368.709064,0.153819,0x405218,1,8143,4811,3332,56,100.000000,1,1,2.057073,1.200000,0.800000,monitor,15,7fff,1,1,86056960,83173376,-2883584,68016627712,68033388544,16760832,68017618944,68033388544,15769600,-1,-1,-1
3,3,1,13,16,16,20369.354151,20369.506632,0.152481,0x405218,1,8137,4475,3662,26,100.000000,1,1,2.057073,1.200000,0.800000,monitor,15,7fff,1,1,86056960,83173376,-2883584,68016627712,68033388544,16760832,68017618944,68033388544,15769600,-1,-1,-1
3,3,1,14,16,16,20369.083885,20369.240505,0.156620,0x405218,1,8174,4996,3178,60,100.000000,1,1,2.057073,1.200000,0.800000,monitor,15,7fff,1,1,86056960,83173376,-2883584,68016627712,68033388544,16760832,68017618944,68033388544,15769600,-1,-1,-1
3,3,1,15,16,16,20368.685495,20368.838760,0.153265,0x405218,1,7871,5039,2832,30,100.000000,1,1,2.057073,1.200000,0.800000,monitor,15,7fff,1,1,86056960,83173376,-2883584,68016627712,68033388544,16760832,68017618944,68033388544,15769600,-1,-1,-1
4,4,1,0,16,16,20370.446418,20370.476257,0.029839,0x4052e4,1,1892,1446,446,32,100.000000,1,1,0.353256,1.200000,0.800000,monitor,15,7fff,1,1,83984384,83714048,-270336,68037083136,68037804032,720896,68037083136,68037804032,720896,-1,-1,-1
4,4,1,1,16,16,20370.499448,20370.521530,0.022082,0x4052e4,1,873,409,464,2,100.000000,1,1,0.353256,1.200000,0.800000,monitor,15,7fff,1,1,83984384,83714048,-270336,68037083136,68037804032,720896,68037083136,68037804032,720896,-1,-1,-1
4,4,1,2,16,16,20370.476965,20370.499137,0.022172,0x4052e4,1,769,391,378,4,100.000000,1,1,0.353256,1.200000,0.800000,monitor,15,7fff,1,1,83984384,83714048,-270336,68037083136,68037804032,720896,68037083136,68037804032,720896,-1,-1,-1
4,4,1,3,16,16,20370.461586,20370.484113,0.022527,0x4052e4,1,654,319,335,6,100.000000,1,1,0.353256,1.200000,0.800000,monitor,15,7fff,1,1,83984384,83714048,-270336,68037083136,68037804032,720896,68037083136,68037804032,720896,-1,-1,-1
4,4,1,4,16,16,20370.768145,20370.799674,0.031529,0x4052e4,1,2938,326,2612,8,100.000000,1,1,0.353256,1.200000,0.800000,monitor,15,7fff,1,1,83984384,83714048,-270336,68037083136,68037804032,720896,68037083136,68037804032,720896,-1,-1,-1
4,4,1,5,16,16,20370.453714,20370.476608,0.022894,0x4052e4,1,886,382,504,42,100.000000,1,1,0.353256,1.200000,0.800000,monitor,15,7fff,1,1,83984384,83714048,-270336,68037083136,68037804032,720896,68037083136,68037804032,720896,-1,-1,-1
4,4,1,6,16,16,20370.454769,20370.476985,0.022216,0x4052e4,1,562,215,347,12,100.000000,1,1,0.353256,1.200000,0.800000,monitor,15,7fff,1,1,83984384,83714048,-270336,68037083136,68037804032,720896,68037083136,68037804032,720896,-1,-1,-1
4,4,1,7,16,16,20370.484370,20370.506589,0.022219,0x4052e4,1,776,278,498,14,100.000000,1,1,0.353256,1.200000,0.800000,monitor,15,7fff,1,1,83984384,83714048,-270336,68037083136,68037804032,720896,68037083136,68037804032,720896,-1,-1,-1
4,4,1,8,16,16,20370.728988,20370.753038,0.024050,0x4052e4,1,2673,287,2386,48,100.000000,1,1,0.353256,1.200000,0.800000,monitor,15,7fff,1,1,83984384,83714048,-270336,68037083136,68037804032,720896,68037083136,68037804032,720896,-1,-1,-1
4,4,1,9,16,16,20370.492179,20370.514956,0.022777,0x4052e4,1,774,328,446,50,100.000000,1,1,0.353256,1.200000,0.800000,monitor,15,7fff,1,1,83984384,83714048,-270336,68037083136,68037804032,720896,68037083136,68037804032,720896,-1,-1,-1
4,4,1,10,16,16,20370.446829,20370.469342,0.022513,0x4052e4,1,768,374,394,20,100.000000,1,1,0.353256,1.200000,0.800000,monitor,15,7fff,1,1,83984384,83714048,-270336,68037083136,68037804032,720896,68037083136,68037804032,720896,-1,-1,-1
4,4,1,11,16,16,20370.469599,20370.493899,0.024300,0x4052e4,1,1065,509,556,22,100.000000,1,1,0.353256,1.200000,0.800000,monitor,15,7fff,1,1,83984384,83714048,-270336,68037083136,68037804032,720896,68037083136,68037804032,720896,-1,-1,-1
4,4,1,12,16,16,20370.458981,20370.481329,0.022348,0x4052e4,1,758,295,463,56,100.000000,1,1,0.353256,1.200000,0.800000,monitor,15,7fff,1,1,83984384,83714048,-270336,68037083136,68037804032,720896,68037083136,68037804032,720896,-1,-1,-1
4,4,1,13,16,16,20370.507797,20370.530401,0.022604,0x4052e4,1,800,424,376,26,100.000000,1,1,0.353256,1.200000,0.800000,monitor,15,7fff,1,1,83984384,83714048,-270336,68037083136,68037804032,720896,68037083136,68037804032,720896,-1,-1,-1
4,4,1,14,16,16,20370.450045,20370.473020,0.022975,0x4052e4,1,897,484,413,60,100.000000,1,1,0.353256,1.200000,0.800000,monitor,15,7fff,1,1,83984384,83714048,-270336,68037083136,68037804032,720896,68037083136,68037804032,720896,-1,-1,-1
4,4,1,15,16,16,20370.514994,20370.537368,0.022374,0x4052e4,1,707,416,291,30,100.000000,1,1,0.353256,1.200000,0.800000,monitor,15,7fff,1,1,83984384,83714048,-270336,68037083136,68037804032,720896,68037083136,68037804032,720896,-1,-1,-1
5,5,1,0,16,16,20371.284164,20371.306698,0.022534,0x40533c,1,1514,36,1478,32,100.000000,1,1,0.361309,1.200000,0.800000,monitor,15,7fff,1,1,83894272,83804160,-90112,68038344704,68038344704,0,68038344704,68038344704,0,-1,-1,-1
5,5,1,1,16,16,20370.970748,20370.990939,0.020191,0x40533c,1,31,0,31,2,100.000000,1,1,0.361309,1.200000,0.800000,monitor,15,7fff,1,1,83894272,83804160,-90112,68038344704,68038344704,0,68038344704,68038344704,0,-1,-1,-1
5,5,1,2,16,16,20370.986433,20371.007102,0.020669,0x40533c,1,66,24,42,4,100.000000,1,1,0.361309,1.200000,0.800000,monitor,15,7fff,1,1,83894272,83804160,-90112,68038344704,68038344704,0,68038344704,68038344704,0,-1,-1,-1
5,5,1,3,16,16,20370.966321,20370.986731,0.020410,0x40533c,1,51,21,30,6,100.000000,1,1,0.361309,1.200000,0.800000,monitor,15,7fff,1,1,83894272,83804160,-90112,68038344704,68038344704,0,68038344704,68038344704,0,-1,-1,-1
5,5,1,4,16,16,20370.991066,20371.012176,0.021110,0x40533c,1,598,101,497,8,100.000000,1,1,0.361309,1.200000,0.800000,monitor,15,7fff,1,1,83894272,83804160,-90112,68038344704,68038344704,0,68038344704,68038344704,0,-1,-1,-1
5,5,1,5,16,16,20370.957759,20370.978132,0.020373,0x40533c,1,63,1,62,42,100.000000,1,1,0.361309,1.200000,0.800000,monitor,15,7fff,1,1,83894272,83804160,-90112,68038344704,68038344704,0,68038344704,68038344704,0,-1,-1,-1
5,5,1,6,16,16,20370.954074,20370.974563,0.020489,0x40533c,1,54,6,48,12,100.000000,1,1,0.361309,1.200000,0.800000,monitor,15,7fff,1,1,83894272,83804160,-90112,68038344704,68038344704,0,68038344704,68038344704,0,-1,-1,-1
5,5,1,7,16,16,20370.982747,20371.003002,0.020255,0x40533c,1,55,0,55,14,100.000000,1,1,0.361309,1.200000,0.800000,monitor,15,7fff,1,1,83894272,83804160,-90112,68038344704,68038344704,0,68038344704,68038344704,0,-1,-1,-1
5,5,1,8,16,16,20370.995112,20371.015935,0.020823,0x40533c,1,497,89,408,48,100.000000,1,1,0.361309,1.200000,0.800000,monitor,15,7fff,1,1,83894272,83804160,-90112,68038344704,68038344704,0,68038344704,68038344704,0,-1,-1,-1
5,5,1,9,16,16,20370.978856,20370.999099,0.020243,0x40533c,1,42,4,38,50,100.000000,1,1,0.361309,1.200000,0.800000,monitor,15,7fff,1,1,83894272,83804160,-90112,68038344704,68038344704,0,68038344704,68038344704,0,-1,-1,-1
5,5,1,10,16,16,20370.974715,20370.994863,0.020148,0x40533c,1,46,8,38,20,100.000000,1,1,0.361309,1.200000,0.800000,monitor,15,7fff,1,1,83894272,83804160,-90112,68038344704,68038344704,0,68038344704,68038344704,0,-1,-1,-1
5,5,1,11,16,16,20370.949574,20370.969948,0.020374,0x40533c,1,48,5,43,22,100.000000,1,1,0.361309,1.200000,0.800000,monitor,15,7fff,1,1,83894272,83804160,-90112,68038344704,68038344704,0,68038344704,68038344704,0,-1,-1,-1
5,5,1,12,16,16,20370.945389,20370.966095,0.020706,0x40533c,1,84,29,55,56,100.000000,1,1,0.361309,1.200000,0.800000,monitor,15,7fff,1,1,83894272,83804160,-90112,68038344704,68038344704,0,68038344704,68038344704,0,-1,-1,-1
5,5,1,13,16,16,20370.953658,20370.973828,0.020170,0x40533c,1,26,1,25,26,100.000000,1,1,0.361309,1.200000,0.800000,monitor,15,7fff,1,1,83894272,83804160,-90112,68038344704,68038344704,0,68038344704,68038344704,0,-1,-1,-1
5,5,1,14,16,16,20370.948821,20370.969486,0.020665,0x40533c,1,28,2,26,60,100.000000,1,1,0.361309,1.200000,0.800000,monitor,15,7fff,1,1,83894272,83804160,-90112,68038344704,68038344704,0,68038344704,68038344704,0,-1,-1,-1
5,5,1,15,16,16,20370.962402,20370.982858,0.020456,0x40533c,1,21,2,19,30,100.000000,1,1,0.361309,1.200000,0.800000,monitor,15,7fff,1,1,83894272,83804160,-90112,68038344704,68038344704,0,68038344704,68038344704,0,-1,-1,-1
398,2,100,0,16,16,166776.186847,168293.502774,588.411706,0x4051ce,1,51080283,48642959,2437324,32,100.000000,1,1,1537.253782,1.200000,0.800000,monitor,15,7fff,1,1,85516288,84705280,-811008,14336102178816,14489006473216,152904294400,14336102178816,14489006473216,152904294400,-1,-1,-1
398,2,100,1,16,16,166776.235720,168293.107412,576.383755,0x4051ce,1,52415112,50991245,1423867,34,100.000000,1,1,1537.253782,1.200000,0.800000,monitor,15,7fff,1,1,85516288,84705280,-811008,14336102178816,14489006473216,152904294400,14336102178816,14489006473216,152904294400,-1,-1,-1
398,2,100,2,16,16,166776.207843,168293.132858,576.437016,0x4051ce,1,52485313,50767768,1717545,4,100.000000,1,1,1537.253782,1.200000,0.800000,monitor,15,7fff,1,1,85516288,84705280,-811008,14336102178816,14489006473216,152904294400,14336102178816,14489006473216,152904294400,-1,-1,-1
398,2,100,3,16,16,166776.347419,168293.127472,579.552252,0x4051ce,1,52427664,50871006,1556658,38,100.000000,1,1,1537.253782,1.200000,0.800000,monitor,15,7fff,1,1,85516288,84705280,-811008,14336102178816,14489006473216,152904294400,14336102178816,14489006473216,152904294400,-1,-1,-1
398,2,100,4,16,16,166776.391288,168313.433383,1504.190878,0x4051ce,1,193178924,169725207,23453717,40,100.000000,1,1,1537.253782,1.200000,0.800000,monitor,15,7fff,1,1,85516288,84705280,-811008,14336102178816,14489006473216,152904294400,14336102178816,14489006473216,152904294400,-1,-1,-1
398,2,100,5,16,16,166776.227663,168313.220279,1492.031862,0x4051ce,1,193091168,169188231,23902937,42,100.000000,1,1,1537.253782,1.200000,0.800000,monitor,15,7fff,1,1,85516288,84705280,-811008,14336102178816,14489006473216,152904294400,14336102178816,14489006473216,152904294400,-1,-1,-1
398,2,100,6,16,16,166776.223716,168312.392965,1438.576267,0x4051ce,1,183131600,159203613,23927987,44,100.000000,1,1,1537.253782,1.200000,0.800000,monitor,15,7fff,1,1,85516288,84705280,-811008,14336102178816,14489006473216,152904294400,14336102178816,14489006473216,152904294400,-1,-1,-1
398,2,100,7,16,16,166776.212744,168313.403159,1505.135173,0x4051ce,1,193187556,172168106,21019450,46,100.000000,1,1,1537.253782,1.200000,0.800000,monitor,15,7fff,1,1,85516288,84705280,-811008,14336102178816,14489006473216,152904294400,14336102178816,14489006473216,152904294400,-1,-1,-1
398,2,100,8,16,16,166776.232048,168313.301709,1519.921848,0x4051ce,1,193198790,171596461,21602329,48,100.000000,1,1,1537.253782,1.200000,0.800000,monitor,15,7fff,1,1,85516288,84705280,-811008,14336102178816,14489006473216,152904294400,14336102178816,14489006473216,152904294400,-1,-1,-1
398,2,100,9,16,16,166776.341056,168312.093865,1458.678581,0x4051ce,1,183077677,159457121,23620556,50,100.000000,1,1,1537.253782,1.200000,0.800000,monitor,15,7fff,1,1,85516288,84705280,-811008,14336102178816,14489006473216,152904294400,14336102178816,14489006473216,152904294400,-1,-1,-1
398,2,100,10,16,16,166776.200945,168313.104191,1506.465512,0x4051ce,1,193116337,171701422,21414915,52,100.000000,1,1,1537.253782,1.200000,0.800000,monitor,15,7fff,1,1,85516288,84705280,-811008,14336102178816,14489006473216,152904294400,14336102178816,14489006473216,152904294400,-1,-1,-1
398,2,100,11,16,16,166776.187679,168313.344733,1534.953087,0x4051ce,1,193203455,169926067,23277388,54,100.000000,1,1,1537.253782,1.200000,0.800000,monitor,15,7fff,1,1,85516288,84705280,-811008,14336102178816,14489006473216,152904294400,14336102178816,14489006473216,152904294400,-1,-1,-1
398,2,100,12,16,16,166776.179601,168293.008790,588.396097,0x4051ce,1,52627576,49602733,3024843,56,100.000000,1,1,1537.253782,1.200000,0.800000,monitor,15,7fff,1,1,85516288,84705280,-811008,14336102178816,14489006473216,152904294400,14336102178816,14489006473216,152904294400,-1,-1,-1
398,2,100,13,16,16,166776.219763,168293.180194,589.408618,0x4051ce,1,52582004,51344105,1237899,58,100.000000,1,1,1537.253782,1.200000,0.800000,monitor,15,7fff,1,1,85516288,84705280,-811008,14336102178816,14489006473216,152904294400,14336102178816,14489006473216,152904294400,-1,-1,-1
398,2,100,14,16,16,166776.192328,168293.188590,590.500662,0x4051ce,1,52599077,51376109,1222968,60,100.000000,1,1,1537.253782,1.200000,0.800000,monitor,15,7fff,1,1,85516288,84705280,-811008,14336102178816,14489006473216,152904294400,14336102178816,14489006473216,152904294400,-1,-1,-1
398,2,100,15,16,16,166776.196708,168293.158854,579.432162,0x4051ce,1,51421806,50141269,1280537,30,100.000000,1,1,1537.253782,1.200000,0.800000,monitor,15,7fff,1,1,85516288,84705280,-811008,14336102178816,14489006473216,152904294400,14336102178816,14489006473216,152904294400,-1,-1,-1
399,3,100,0,16,16,168313.978895,168314.133682,0.154787,0x405218,1,7722,4825,2897,32,100.000000,1,1,2.026083,1.200000,0.800000,monitor,15,7fff,1,1,85606400,84344832,-1261568,14489010528256,14489031073792,20545536,14489010528256,14489031073792,20545536,-1,-1,-1
399,3,100,1,16,16,168313.724642,168313.915260,0.190618,0x405218,1,6430,6150,280,34,100.000000,1,1,2.026083,1.200000,0.800000,monitor,15,7fff,1,1,85606400,84344832,-1261568,14489010528256,14489031073792,20545536,14489010528256,14489031073792,20545536,-1,-1,-1
399,3,100,2,16,16,168314.236443,168314.390401,0.153958,0x405218,1,8122,5451,2671,4,100.000000,1,1,2.026083,1.200000,0.800000,monitor,15,7fff,1,1,85606400,84344832,-1261568,14489010528256,14489031073792,20545536,14489010528256,14489031073792,20545536,-1,-1,-1
399,3,100,3,16,16,168314.500193,168314.650968,0.150775,0x405218,1,8119,4400,3719,38,100.000000,1,1,2.026083,1.200000,0.800000,monitor,15,7fff,1,1,85606400,84344832,-1261568,14489010528256,14489031073792,20545536,14489010528256,14489031073792,20545536,-1,-1,-1
399,3,100,4,16,16,168313.732392,168314.147192,0.414800,0x405218,1,20562,13154,7408,40,100.000000,1,1,2.026083,1.200000,0.800000,monitor,15,7fff,1,1,85606400,84344832,-1261568,14489010528256,14489031073792,20545536,14489010528256,14489031073792,20545536,-1,-1,-1
399,3,100,5,16,16,168314.835837,168315.213447,0.377610,0x405218,1,21223,12690,8533,42,100.000000,1,1,2.026083,1.200000,0.800000,monitor,15,7fff,1,1,85606400,84344832,-1261568,14489010528256,14489031073792,20545536,14489010528256,14489031073792,20545536,-1,-1,-1
399,3,100,6,16,16,168313.746369,168314.174502,0.428133,0x405218,1,19588,18578,1010,44,100.000000,1,1,2.026083,1.200000,0.800000,monitor,15,7fff,1,1,85606400,84344832,-1261568,14489010528256,14489031073792,20545536,14489010528256,14489031073792,20545536,-1,-1,-1
399,3,100,7,16,16,168314.509566,168314.914433,0.404867,0x405218,1,20430,17701,2729,46,100.000000,1,1,2.026083,1.200000,0.800000,monitor,15,7fff,1,1,85606400,84344832,-1261568,14489010528256,14489031073792,20545536,14489010528256,14489031073792,20545536,-1,-1,-1
399,3,100,8,16,16,168314.648037,168315.121293,0.473256,0x405218,1,21105,17752,3353,48,100.000000,1,1,2.026083,1.200000,0.800000,monitor,15,7fff,1,1,85606400,84344832,-1261568,14489010528256,14489031073792,20545536,14489010528256,14489031073792,20545536,-1,-1,-1
399,3,100,9,16,16,168315.298007,168315.750725,0.452718,0x405218,1,20175,17255,2920,50,100.000000,1,1,2.026083,1.200000,0.800000,monitor,15,7fff,1,1,85606400,84344832,-1261568,14489010528256,14489031073792,20545536,14489010528256,14489031073792,20545536,-1,-1,-1
399,3,100,10,16,16,168315.014980,168315.473367,0.458387,0x405218,1,21247,17953,3294,52,100.000000,1,1,2.026083,1.200000,0.800000,monitor,15,7fff,1,1,85606400,84344832,-1261568,14489010528256,14489031073792,20545536,14489010528256,14489031073792,20545536,-1,-1,-1
399,3,100,11,16,16,168314.359822,168314.809679,0.449857,0x405218,1,21375,17039,4336,54,100.000000,1,1,2.026083,1.200000,0.800000,monitor,15,7fff,1,1,85606400,84344832,-1261568,14489010528256,14489031073792,20545536,14489010528256,14489031073792,20545536,-1,-1,-1
399,3,100,12,16,16,168314.113490,168314.277837,0.164347,0x405218,1,8107,4943,3164,56,100.000000,1,1,2.026083,1.200000,0.800000,monitor,15,7fff,1,1,85606400,84344832,-1261568,14489010528256,14489031073792,20545536,14489010528256,14489031073792,20545536,-1,-1,-1
399,3,100,13,16,16,168315.434103,168315.595260,0.161157,0x405218,1,8133,4772,3361,58,100.000000,1,1,2.026083,1.200000,0.800000,monitor,15,7fff,1,1,85606400,84344832,-1261568,14489010528256,14489031073792,20545536,14489010528256,14489031073792,20545536,-1,-1,-1
399,3,100,14,16,16,168315.166105,168315.325990,0.159885,0x405218,1,8159,5007,3152,60,100.000000,1,1,2.026083,1.200000,0.800000,monitor,15,7fff,1,1,85606400,84344832,-1261568,14489010528256,14489031073792,20545536,14489010528256,14489031073792,20545536,-1,-1,-1
399,3,100,15,16,16,168313.739596,168313.927919,0.188323,0x405218,1,6314,6080,234,30,100.000000,1,1,2.026083,1.200000,0.800000,monitor,15,7fff,1,1,85606400,84344832,-1261568,14489010528256,14489031073792,20545536,14489010528256,14489031073792,20545536,-1,-1,-1
400,4,100,0,16,16,168316.104126,168316.134173,0.030047,0x4052e4,1,2309,1581,728,32,100.000000,1,1,0.076673,1.200000,0.800000,monitor,15,7fff,1,1,84254720,84254720,0,14489033867264,14489034588160,720896,14489033867264,14489034588160,720896,-1,-1,-1
400,4,100,1,16,16,168316.126383,168316.147315,0.020932,0x4052e4,1,161,117,44,34,100.000000,1,1,0.076673,1.200000,0.800000,monitor,15,7fff,1,1,84254720,84254720,0,14489033867264,14489034588160,720896,14489033867264,14489034588160,720896,-1,-1,-1
400,4,100,2,16,16,168316.154278,168316.176359,0.022081,0x4052e4,1,770,457,313,4,100.000000,1,1,0.076673,1.200000,0.800000,monitor,15,7fff,1,1,84254720,84254720,0,14489033867264,14489034588160,720896,14489033867264,14489034588160,720896,-1,-1,-1
400,4,100,3,16,16,168316.118636,168316.141035,0.022399,0x4052e4,1,665,415,250,38,100.000000,1,1,0.076673,1.200000,0.800000,monitor,15,7fff,1,1,84254720,84254720,0,14489033867264,14489034588160,720896,14489033867264,14489034588160,720896,-1,-1,-1
400,4,100,4,16,16,168316.124074,168316.147457,0.023383,0x4052e4,1,284,206,78,40,100.000000,1,1,0.076673,1.200000,0.800000,monitor,15,7fff,1,1,84254720,84254720,0,14489033867264,14489034588160,720896,14489033867264,14489034588160,720896,-1,-1,-1
400,4,100,5,16,16,168316.117001,168316.141739,0.024738,0x4052e4,1,537,380,157,42,100.000000,1,1,0.076673,1.200000,0.800000,monitor,15,7fff,1,1,84254720,84254720,0,14489033867264,14489034588160,720896,14489033867264,14489034588160,720896,-1,-1,-1
400,4,100,6,16,16,168316.107047,168316.129405,0.022358,0x4052e4,1,300,264,36,44,100.000000,1,1,0.076673,1.200000,0.800000,monitor,15,7fff,1,1,84254720,84254720,0,14489033867264,14489034588160,720896,14489033867264,14489034588160,720896,-1,-1,-1
400,4,100,7,16,16,168316.131005,168316.153263,0.022258,0x4052e4,1,293,238,55,46,100.000000,1,1,0.076673,1.200000,0.800000,monitor,15,7fff,1,1,84254720,84254720,0,14489033867264,14489034588160,720896,14489033867264,14489034588160,720896,-1,-1,-1
400,4,100,8,16,16,168316.134076,168316.158116,0.024040,0x4052e4,1,520,418,102,48,100.000000,1,1,0.076673,1.200000,0.800000,monitor,15,7fff,1,1,84254720,84254720,0,14489033867264,14489034588160,720896,14489033867264,14489034588160,720896,-1,-1,-1
400,4,100,9,16,16,168316.111484,168316.135781,0.024297,0x4052e4,1,486,403,83,50,100.000000,1,1,0.076673,1.200000,0.800000,monitor,15,7fff,1,1,84254720,84254720,0,14489033867264,14489034588160,720896,14489033867264,14489034588160,720896,-1,-1,-1
400,4,100,10,16,16,168316.138914,168316.162620,0.023706,0x4052e4,1,533,431,102,52,100.000000,1,1,0.076673,1.200000,0.800000,monitor,15,7fff,1,1,84254720,84254720,0,14489033867264,14489034588160,720896,14489033867264,14489034588160,720896,-1,-1,-1
400,4,100,11,16,16,168316.146751,168316.170602,0.023851,0x4052e4,1,656,550,106,54,100.000000,1,1,0.076673,1.200000,0.800000,monitor,15,7fff,1,1,84254720,84254720,0,14489033867264,14489034588160,720896,14489033867264,14489034588160,720896,-1,-1,-1
400,4,100,12,16,16,168316.142950,168316.166121,0.023171,0x4052e4,1,816,532,284,56,100.000000,1,1,0.076673,1.200000,0.800000,monitor,15,7fff,1,1,84254720,84254720,0,14489033867264,14489034588160,720896,14489033867264,14489034588160,720896,-1,-1,-1
400,4,100,13,16,16,168316.150754,168316.173332,0.022578,0x4052e4,1,844,433,411,58,100.000000,1,1,0.076673,1.200000,0.800000,monitor,15,7fff,1,1,84254720,84254720,0,14489033867264,14489034588160,720896,14489033867264,14489034588160,720896,-1,-1,-1
400,4,100,14,16,16,168316.112099,168316.134623,0.022524,0x4052e4,1,854,405,449,60,100.000000,1,1,0.076673,1.200000,0.800000,monitor,15,7fff,1,1,84254720,84254720,0,14489033867264,14489034588160,720896,14489033867264,14489034588160,720896,-1,-1,-1
400,4,100,15,16,16,168316.099686,168316.120288,0.020602,0x4052e4,1,148,108,40,30,100.000000,1,1,0.076673,1.200000,0.800000,monitor,15,7fff,1,1,84254720,84254720,0,14489033867264,14489034588160,720896,14489033867264,14489034588160,720896,-1,-1,-1
401,5,100,0,16,16,168316.350634,168316.371141,0.020507,0x40533c,1,32,3,29,32,100.000000,1,1,0.072515,1.200000,0.800000,monitor,15,7fff,1,1,84164608,84164608,0,14489034678272,14489034858496,180224,14489034678272,14489034858496,180224,-1,-1,-1
401,5,100,1,16,16,168316.351882,168316.371937,0.020055,0x40533c,1,47,13,34,34,100.000000,1,1,0.072515,1.200000,0.800000,monitor,15,7fff,1,1,84164608,84164608,0,14489034678272,14489034858496,180224,14489034678272,14489034858496,180224,-1,-1,-1
401,5,100,2,16,16,168316.335815,168316.356067,0.020252,0x40533c,1,69,21,48,4,100.000000,1,1,0.072515,1.200000,0.800000,monitor,15,7fff,1,1,84164608,84164608,0,14489034678272,14489034858496,180224,14489034678272,14489034858496,180224,-1,-1,-1
401,5,100,3,16,16,168316.341998,168316.362281,0.020283,0x40533c,1,56,19,37,38,100.000000,1,1,0.072515,1.200000,0.800000,monitor,15,7fff,1,1,84164608,84164608,0,14489034678272,14489034858496,180224,14489034678272,14489034858496,180224,-1,-1,-1
401,5,100,4,16,16,168316.330172,168316.355822,0.025650,0x40533c,1,394,242,152,40,100.000000,1,1,0.072515,1.200000,0.800000,monitor,15,7fff,1,1,84164608,84164608,0,14489034678272,14489034858496,180224,14489034678272,14489034858496,180224,-1,-1,-1
401,5,100,5,16,16,168316.323607,168316.349848,0.026241,0x40533c,1,428,256,172,42,100.000000,1,1,0.072515,1.200000,0.800000,monitor,15,7fff,1,1,84164608,84164608,0,14489034678272,14489034858496,180224,14489034678272,14489034858496,180224,-1,-1,-1
401,5,100,6,16,16,168316.358362,168316.382924,0.024562,0x40533c,1,432,212,220,44,100.000000,1,1,0.072515,1.200000,0.800000,monitor,15,7fff,1,1,84164608,84164608,0,14489034678272,14489034858496,180224,14489034678272,14489034858496,180224,-1,-1,-1
401,5,100,7,16,16,168316.339602,168316.364874,0.025272,0x40533c,1,605,490,115,46,100.000000,1,1,0.072515,1.200000,0.800000,monitor,15,7fff,1,1,84164608,84164608,0,14489034678272,14489034858496,180224,14489034678272,14489034858496,180224,-1,-1,-1
401,5,100,8,16,16,168316.319735,168316.346726,0.026991,0x40533c,1,461,214,247,48,100.000000,1,1,0.072515,1.200000,0.800000,monitor,15,7fff,1,1,84164608,84164608,0,14489034678272,14489034858496,180224,14489034678272,14489034858496,180224,-1,-1,-1
401,5,100,9,16,16,168316.332856,168316.359356,0.026500,0x40533c,1,492,334,158,50,100.000000,1,1,0.072515,1.200000,0.800000,monitor,15,7fff,1,1,84164608,84164608,0,14489034678272,14489034858496,180224,14489034678272,14489034858496,180224,-1,-1,-1
401,5,100,10,16,16,168316.321845,168316.347717,0.025872,0x40533c,1,555,442,113,52,100.000000,1,1,0.072515,1.200000,0.800000,monitor,15,7fff,1,1,84164608,84164608,0,14489034678272,14489034858496,180224,14489034678272,14489034858496,180224,-1,-1,-1
401,5,100,11,16,16,168316.328135,168316.354284,0.026149,0x40533c,1,609,321,288,54,100.000000,1,1,0.072515,1.200000,0.800000,monitor,15,7fff,1,1,84164608,84164608,0,14489034678272,14489034858496,180224,14489034678272,14489034858496,180224,-1,-1,-1
401,5,100,12,16,16,168316.310409,168316.331491,0.021082,0x40533c,1,49,3,46,56,100.000000,1,1,0.072515,1.200000,0.800000,monitor,15,7fff,1,1,84164608,84164608,0,14489034678272,14489034858496,180224,14489034678272,14489034858496,180224,-1,-1,-1
401,5,100,13,16,16,168316.344794,168316.365164,0.020370,0x40533c,1,89,13,76,58,100.000000,1,1,0.072515,1.200000,0.800000,monitor,15,7fff,1,1,84164608,84164608,0,14489034678272,14489034858496,180224,14489034678272,14489034858496,180224,-1,-1,-1
401,5,100,14,16,16,168316.315676,168316.336067,0.020391,0x40533c,1,61,8,53,60,100.000000,1,1,0.072515,1.200000,0.800000,monitor,15,7fff,1,1,84164608,84164608,0,14489034678272,14489034858496,180224,14489034678272,14489034858496,180224,-1,-1,-1
401,5,100,15,16,16,168316.312221,168316.332549,0.020328,0x40533c,1,31,7,24,30,100.000000,1,1,0.072515,1.200000,0.800000,monitor,15,7fff,1,1,84164608,84164608,0,14489034678272,14489034858496,180224,14489034678272,14489034858496,180224,-1,-1,-1
798,2,200,0,16,16,329698.882073,331278.110176,583.027656,0x4051ce,1,51085044,48660746,2424298,32,100.000000,1,1,1601.076400,1.200000,0.800000,monitor,15,7fff,1,1,86056960,85606400,-450560,30079278006272,30238693883904,159415877632,30079278006272,30238693883904,159415877632,-1,-1,-1
798,2,200,1,16,16,329698.888927,331277.695938,614.793830,0x4051ce,1,51807645,50604632,1203013,34,100.000000,1,1,1601.076400,1.200000,0.800000,monitor,15,7fff,1,1,86056960,85606400,-450560,30079278006272,30238693883904,159415877632,30079278006272,30238693883904,159415877632,-1,-1,-1
798,2,200,2,16,16,329698.754975,331277.778276,568.858354,0x4051ce,1,52486121,50802144,1683977,36,100.000000,1,1,1601.076400,1.200000,0.800000,monitor,15,7fff,1,1,86056960,85606400,-450560,30079278006272,30238693883904,159415877632,30079278006272,30238693883904,159415877632,-1,-1,-1
798,2,200,3,16,16,329698.747318,331278.458484,627.645585,0x4051ce,1,51734561,50517209,1217352,38,100.000000,1,1,1601.076400,1.200000,0.800000,monitor,15,7fff,1,1,86056960,85606400,-450560,30079278006272,30238693883904,159415877632,30079278006272,30238693883904,159415877632,-1,-1,-1
798,2,200,4,16,16,329698.734524,331299.776851,1566.384192,0x4051ce,1,204383959,179516910,24867049,40,100.000000,1,1,1601.076400,1.200000,0.800000,monitor,15,7fff,1,1,86056960,85606400,-450560,30079278006272,30238693883904,159415877632,30079278006272,30238693883904,159415877632,-1,-1,-1
798,2,200,5,16,16,329698.750894,331299.600328,1551.613245,0x4051ce,1,204303615,179299999,25003616,42,100.000000,1,1,1601.076400,1.200000,0.800000,monitor,15,7fff,1,1,86056960,85606400,-450560,30079278006272,30238693883904,159415877632,30079278006272,30238693883904,159415877632,-1,-1,-1
798,2,200,6,16,16,329698.722720,331298.611009,1491.734853,0x4051ce,1,193175182,166752461,26422721,44,100.000000,1,1,1601.076400,1.200000,0.800000,monitor,15,7fff,1,1,86056960,85606400,-450560,30079278006272,30238693883904,159415877632,30079278006272,30238693883904,159415877632,-1,-1,-1
798,2,200,7,16,16,329698.710047,331299.678193,1566.313553,0x4051ce,1,204385589,181908563,22477026,46,100.000000,1,1,1601.076400,1.200000,0.800000,monitor,15,7fff,1,1,86056960,85606400,-450560,30079278006272,30238693883904,159415877632,30079278006272,30238693883904,159415877632,-1,-1,-1
798,2,200,8,16,16,329698.700451,331299.605978,1583.021376,0x4051ce,1,204393778,180871211,23522567,48,100.000000,1,1,1601.076400,1.200000,0.800000,monitor,15,7fff,1,1,86056960,85606400,-450560,30079278006272,30238693883904,159415877632,30079278006272,30238693883904,159415877632,-1,-1,-1
798,2,200,9,16,16,329698.730204,331298.287790,1512.567346,0x4051ce,1,193109120,166912215,26196905,50,100.000000,1,1,1601.076400,1.200000,0.800000,monitor,15,7fff,1,1,86056960,85606400,-450560,30079278006272,30238693883904,159415877632,30079278006272,30238693883904,159415877632,-1,-1,-1
798,2,200,10,16,16,329699.086945,331299.490527,1567.056059,0x4051ce,1,204301349,180949671,23351678,52,100.000000,1,1,1601.076400,1.200000,0.800000,monitor,15,7fff,1,1,86056960,85606400,-450560,30079278006272,30238693883904,159415877632,30079278006272,30238693883904,159415877632,-1,-1,-1
798,2,200,11,16,16,329698.713482,331299.641441,1598.321971,0x4051ce,1,204423188,178940219,25482969,54,100.000000,1,1,1601.076400,1.200000,0.800000,monitor,15,7fff,1,1,86056960,85606400,-450560,30079278006272,30238693883904,159415877632,30079278006272,30238693883904,159415877632,-1,-1,-1
798,2,200,12,16,16,329698.718017,331277.666118,582.287183,0x4051ce,1,52636475,49476706,3159769,56,100.000000,1,1,1601.076400,1.200000,0.800000,monitor,15,7fff,1,1,86056960,85606400,-450560,30079278006272,30238693883904,159415877632,30079278006272,30238693883904,159415877632,-1,-1,-1
798,2,200,13,16,16,329698.703019,331277.817117,583.488316,0x4051ce,1,52590279,51403124,1187155,58,100.000000,1,1,1601.076400,1.200000,0.800000,monitor,15,7fff,1,1,86056960,85606400,-450560,30079278006272,30238693883904,159415877632,30079278006272,30238693883904,159415877632,-1,-1,-1
798,2,200,14,16,16,329698.739790,331277.809323,584.555864,0x4051ce,1,52607617,51410577,1197040,60,100.000000,1,1,1601.076400,1.200000,0.800000,monitor,15,7fff,1,1,86056960,85606400,-450560,30079278006272,30238693883904,159415877632,30079278006272,30238693883904,159415877632,-1,-1,-1
798,2,200,15,16,16,329698.706039,331277.727732,572.285901,0x4051ce,1,51429797,50174847,1254950,62,100.000000,1,1,1601.076400,1.200000,0.800000,monitor,15,7fff,1,1,86056960,85606400,-450560,30079278006272,30238693883904,159415877632,30079278006272,30238693883904,159415877632,-1,-1,-1
799,3,200,0,16,16,331300.378977,331300.533350,0.154373,0x405218,1,7921,4771,3150,32,100.000000,1,1,2.101436,1.200000,0.800000,monitor,15,7fff,1,1,86147072,84615168,-1531904,30238704336896,30238722719744,18382848,30238704336896,30238722719744,18382848,-1,-1,-1
799,3,200,1,16,16,331300.122048,331300.275158,0.153110,0x405218,1,6393,5894,499,34,100.000000,1,1,2.101436,1.200000,0.800000,monitor,15,7fff,1,1,86147072,84615168,-1531904,30238704336896,30238722719744,18382848,30238704336896,30238722719744,18382848,-1,-1,-1
799,3,200,2,16,16,331300.696718,331300.864433,0.167715,0x405218,1,8141,4967,3174,36,100.000000,1,1,2.101436,1.200000,0.800000,monitor,15,7fff,1,1,86147072,84615168,-1531904,30238704336896,30238722719744,18382848,30238704336896,30238722719744,18382848,-1,-1,-1
799,3,200,3,16,16,331300.384279,331300.536337,0.152058,0x405218,1,8122,5113,3009,38,100.000000,1,1,2.101436,1.200000,0.800000,monitor,15,7fff,1,1,86147072,84615168,-1531904,30238704336896,30238722719744,18382848,30238704336896,30238722719744,18382848,-1,-1,-1
799,3,200,4,16,16,331301.225293,331301.609740,0.384447,0x405218,1,21978,13627,8351,40,100.000000,1,1,2.101436,1.200000,0.800000,monitor,15,7fff,1,1,86147072,84615168,-1531904,30238704336896,30238722719744,18382848,30238704336896,30238722719744,18382848,-1,-1,-1
799,3,200,5,16,16,331301.047993,331301.440668,0.392675,0x405218,1,21536,13654,7882,42,100.000000,1,1,2.101436,1.200000,0.800000,monitor,15,7fff,1,1,86147072,84615168,-1531904,30238704336896,30238722719744,18382848,30238704336896,30238722719744,18382848,-1,-1,-1
799,3,200,6,16,16,331300.615950,331301.039303,0.423353,0x405218,1,21439,18854,2585,44,100.000000,1,1,2.101436,1.200000,0.800000,monitor,15,7fff,1,1,86147072,84615168,-1531904,30238704336896,30238722719744,18382848,30238704336896,30238722719744,18382848,-1,-1,-1
799,3,200,7,16,16,331300.897240,331301.305561,0.408321,0x405218,1,21917,17816,4101,46,100.000000,1,1,2.101436,1.200000,0.800000,monitor,15,7fff,1,1,86147072,84615168,-1531904,30238704336896,30238722719744,18382848,30238704336896,30238722719744,18382848,-1,-1,-1
799,3,200,8,16,16,331300.520608,331301.044209,0.523601,0x405218,1,22047,19400,2647,48,100.000000,1,1,2.101436,1.200000,0.800000,monitor,15,7fff,1,1,86147072,84615168,-1531904,30238704336896,30238722719744,18382848,30238704336896,30238722719744,18382848,-1,-1,-1
799,3,200,9,16,16,331301.433608,331302.094345,0.660737,0x405218,1,21019,18123,2896,50,100.000000,1,1,2.101436,1.200000,0.800000,monitor,15,7fff,1,1,86147072,84615168,-1531904,30238704336896,30238722719744,18382848,30238704336896,30238722719744,18382848,-1,-1,-1
799,3,200,10,16,16,331301.731692,331302.214428,0.482736,0x405218,1,22240,18482,3758,52,100.000000,1,1,2.101436,1.200000,0.800000,monitor,15,7fff,1,1,86147072,84615168,-1531904,30238704336896,30238722719744,18382848,30238704336896,30238722719744,18382848,-1,-1,-1
799,3,200,11,16,16,331301.750547,331302.223484,0.472937,0x405218,1,22264,17637,4627,54,100.000000,1,1,2.101436,1.200000,0.800000,monitor,15,7fff,1,1,86147072,84615168,-1531904,30238704336896,30238722719744,18382848,30238704336896,30238722719744,18382848,-1,-1,-1
799,3,200,12,16,16,331300.506003,331300.670180,0.164177,0x405218,1,8288,4959,3329,56,100.000000,1,1,2.101436,1.200000,0.800000,monitor,15,7fff,1,1,86147072,84615168,-1531904,30238704336896,30238722719744,18382848,30238704336896,30238722719744,18382848,-1,-1,-1
799,3,200,13,16,16,331301.598343,331301.765861,0.167518,0x405218,1,8122,4775,3347,58,100.000000,1,1,2.101436,1.200000,0.800000,monitor,15,7fff,1,1,86147072,84615168,-1531904,30238704336896,30238722719744,18382848,30238704336896,30238722719744,18382848,-1,-1,-1
799,3,200,14,16,16,331301.040629,331301.202592,0.161963,0x405218,1,8161,5177,2984,60,100.000000,1,1,2.101436,1.200000,0.800000,monitor,15,7fff,1,1,86147072,84615168,-1531904,30238704336896,30238722719744,18382848,30238704336896,30238722719744,18382848,-1,-1,-1
799,3,200,15,16,16,331300.333752,331300.481124,0.147372,0x405218,1,7810,5002,2808,62,100.000000,1,1,2.101436,1.200000,0.800000,monitor,15,7fff,1,1,86147072,84615168,-1531904,30238704336896,30238722719744,18382848,30238704336896,30238722719744,18382848,-1,-1,-1
800,4,200,0,16,16,331302.622183,331302.652079,0.029896,0x4052e4,1,2354,1508,846,32,100.000000,1,1,0.122762,1.200000,0.800000,monitor,15,7fff,1,1,84434944,83984384,-450560,30238725423104,30238726414336,991232,30238725693440,30238726414336,720896,-1,-1,-1
800,4,200,1,16,16,331302.529317,331302.549642,0.020325,0x4052e4,1,150,118,32,34,100.000000,1,1,0.122762,1.200000,0.800000,monitor,15,7fff,1,1,84434944,83984384,-450560,30238725423104,30238726414336,991232,30238725693440,30238726414336,720896,-1,-1,-1
800,4,200,2,16,16,331302.570987,331302.593535,0.022548,0x4052e4,1,591,449,142,36,100.000000,1,1,0.122762,1.200000,0.800000,monitor,15,7fff,1,1,84434944,83984384,-450560,30238725423104,30238726414336,991232,30238725693440,30238726414336,720896,-1,-1,-1
800,4,200,3,16,16,331302.533679,331302.557046,0.023367,0x4052e4,1,709,452,257,38,100.000000,1,1,0.122762,1.200000,0.800000,monitor,15,7fff,1,1,84434944,83984384,-450560,30238725423104,30238726414336,991232,30238725693440,30238726414336,720896,-1,-1,-1
800,4,200,4,16,16,331302.544198,331302.568597,0.024399,0x4052e4,1,463,294,169,40,100.000000,1,1,0.122762,1.200000,0.800000,monitor,15,7fff,1,1,84434944,83984384,-450560,30238725423104,30238726414336,991232,30238725693440,30238726414336,720896,-1,-1,-1
800,4,200,5,16,16,331302.565314,331302.595473,0.030159,0x4052e4,1,2607,112,2495,42,100.000000,1,1,0.122762,1.200000,0.800000,monitor,15,7fff,1,1,84434944,83984384,-450560,30238725423104,30238726414336,991232,30238725693440,30238726414336,720896,-1,-1,-1
800,4,200,6,16,16,331302.588247,331302.613609,0.025362,0x4052e4,1,693,590,103,44,100.000000,1,1,0.122762,1.200000,0.800000,monitor,15,7fff,1,1,84434944,83984384,-450560,30238725423104,30238726414336,991232,30238725693440,30238726414336,720896,-1,-1,-1
800,4,200,7,16,16,331302.547029,331302.571464,0.024435,0x4052e4,1,444,367,77,46,100.000000,1,1,0.122762,1.200000,0.800000,monitor,15,7fff,1,1,84434944,83984384,-450560,30238725423104,30238726414336,991232,30238725693440,30238726414336,720896,-1,-1,-1
800,4,200,8,16,16,331302.627603,331302.651605,0.024002,0x4052e4,1,513,401,112,48,100.000000,1,1,0.122762,1.200000,0.800000,monitor,15,7fff,1,1,84434944,83984384,-450560,30238725423104,30238726414336,991232,30238725693440,30238726414336,720896,-1,-1,-1
800,4,200,9,16,16,331302.536201,331302.560362,0.024161,0x4052e4,1,479,418,61,50,100.000000,1,1,0.122762,1.200000,0.800000,monitor,15,7fff,1,1,84434944,83984384,-450560,30238725423104,30238726414336,991232,30238725693440,30238726414336,720896,-1,-1,-1
800,4,200,10,16,16,331302.595151,331302.619180,0.024029,0x4052e4,1,583,471,112,52,100.000000,1,1,0.122762,1.200000,0.800000,monitor,15,7fff,1,1,84434944,83984384,-450560,30238725423104,30238726414336,991232,30238725693440,30238726414336,720896,-1,-1,-1
800,4,200,11,16,16,331302.611415,331302.635034,0.023619,0x4052e4,1,597,484,113,54,100.000000,1,1,0.122762,1.200000,0.800000,monitor,15,7fff,1,1,84434944,83984384,-450560,30238725423104,30238726414336,991232,30238725693440,30238726414336,720896,-1,-1,-1
800,4,200,12,16,16,331302.543938,331302.567922,0.023984,0x4052e4,1,1085,595,490,56,100.000000,1,1,0.122762,1.200000,0.800000,monitor,15,7fff,1,1,84434944,83984384,-450560,30238725423104,30238726414336,991232,30238725693440,30238726414336,720896,-1,-1,-1
800,4,200,13,16,16,331302.552361,331302.574707,0.022346,0x4052e4,1,796,405,391,58,100.000000,1,1,0.122762,1.200000,0.800000,monitor,15,7fff,1,1,84434944,83984384,-450560,30238725423104,30238726414336,991232,30238725693440,30238726414336,720896,-1,-1,-1
800,4,200,14,16,16,331302.603388,331302.626759,0.023371,0x4052e4,1,883,528,355,60,100.000000,1,1,0.122762,1.200000,0.800000,monitor,15,7fff,1,1,84434944,83984384,-450560,30238725423104,30238726414336,991232,30238725693440,30238726414336,720896,-1,-1,-1
800,4,200,15,16,16,331302.539018,331302.562501,0.023483,0x4052e4,1,752,526,226,62,100.000000,1,1,0.122762,1.200000,0.800000,monitor,15,7fff,1,1,84434944,83984384,-450560,30238725423104,30238726414336,991232,30238725693440,30238726414336,720896,-1,-1,-1
801,5,200,0,16,16,331303.140944,331303.161512,0.020568,0x40533c,1,25,1,24,32,100.000000,1,1,0.381043,1.200000,0.800000,monitor,15,7fff,1,1,84434944,84254720,-180224,30238727045120,30238727495680,450560,30238727045120,30238727495680,450560,-1,-1,-1
801,5,200,1,16,16,331303.095248,331303.119629,0.024381,0x40533c,1,1774,189,1585,34,100.000000,1,1,0.381043,1.200000,0.800000,monitor,15,7fff,1,1,84434944,84254720,-180224,30238727045120,30238727495680,450560,30238727045120,30238727495680,450560,-1,-1,-1
801,5,200,2,16,16,331303.146197,331303.166594,0.020397,0x40533c,1,58,24,34,36,100.000000,1,1,0.381043,1.200000,0.800000,monitor,15,7fff,1,1,84434944,84254720,-180224,30238727045120,30238727495680,450560,30238727045120,30238727495680,450560,-1,-1,-1
801,5,200,3,16,16,331302.796796,331302.817609,0.020813,0x40533c,1,167,77,90,38,100.000000,1,1,0.381043,1.200000,0.800000,monitor,15,7fff,1,1,84434944,84254720,-180224,30238727045120,30238727495680,450560,30238727045120,30238727495680,450560,-1,-1,-1
801,5,200,4,16,16,331303.111241,331303.137541,0.026300,0x40533c,1,403,252,151,40,100.000000,1,1,0.381043,1.200000,0.800000,monitor,15,7fff,1,1,84434944,84254720,-180224,30238727045120,30238727495680,450560,30238727045120,30238727495680,450560,-1,-1,-1
801,5,200,5,16,16,331303.108619,331303.138230,0.029611,0x40533c,1,2745,551,2194,42,100.000000,1,1,0.381043,1.200000,0.800000,monitor,15,7fff,1,1,84434944,84254720,-180224,30238727045120,30238727495680,450560,30238727045120,30238727495680,450560,-1,-1,-1
801,5,200,6,16,16,331303.096012,331303.122454,0.026442,0x40533c,1,452,280,172,44,100.000000,1,1,0.381043,1.200000,0.800000,monitor,15,7fff,1,1,84434944,84254720,-180224,30238727045120,30238727495680,450560,30238727045120,30238727495680,450560,-1,-1,-1
801,5,200,7,16,16,331303.116116,331303.143294,0.027178,0x40533c,1,436,357,79,46,100.000000,1,1,0.381043,1.200000,0.800000,monitor,15,7fff,1,1,84434944,84254720,-180224,30238727045120,30238727495680,450560,30238727045120,30238727495680,450560,-1,-1,-1
801,5,200,8,16,16,331302.801221,331302.827281,0.026060,0x40533c,1,460,227,233,48,100.000000,1,1,0.381043,1.200000,0.800000,monitor,15,7fff,1,1,84434944,84254720,-180224,30238727045120,30238727495680,450560,30238727045120,30238727495680,450560,-1,-1,-1
801,5,200,9,16,16,331303.133567,331303.159795,0.026228,0x40533c,1,502,306,196,50,100.000000,1,1,0.381043,1.200000,0.800000,monitor,15,7fff,1,1,84434944,84254720,-180224,30238727045120,30238727495680,450560,30238727045120,30238727495680,450560,-1,-1,-1
801,5,200,10,16,16,331303.115576,331303.142028,0.026452,0x40533c,1,550,435,115,52,100.000000,1,1,0.381043,1.200000,0.800000,monitor,15,7fff,1,1,84434944,84254720,-180224,30238727045120,30238727495680,450560,30238727045120,30238727495680,450560,-1,-1,-1
801,5,200,11,16,16,331303.151886,331303.177839,0.025953,0x40533c,1,598,343,255,54,100.000000,1,1,0.381043,1.200000,0.800000,monitor,15,7fff,1,1,84434944,84254720,-180224,30238727045120,30238727495680,450560,30238727045120,30238727495680,450560,-1,-1,-1
801,5,200,12,16,16,331303.100910,331303.121155,0.020245,0x40533c,1,27,2,25,56,100.000000,1,1,0.381043,1.200000,0.800000,monitor,15,7fff,1,1,84434944,84254720,-180224,30238727045120,30238727495680,450560,30238727045120,30238727495680,450560,-1,-1,-1
801,5,200,13,16,16,331303.123215,331303.143485,0.020270,0x40533c,1,51,2,49,58,100.000000,1,1,0.381043,1.200000,0.800000,monitor,15,7fff,1,1,84434944,84254720,-180224,30238727045120,30238727495680,450560,30238727045120,30238727495680,450560,-1,-1,-1
801,5,200,14,16,16,331303.106647,331303.126830,0.020183,0x40533c,1,55,7,48,60,100.000000,1,1,0.381043,1.200000,0.800000,monitor,15,7fff,1,1,84434944,84254720,-180224,30238727045120,30238727495680,450560,30238727045120,30238727495680,450560,-1,-1,-1
801,5,200,15,16,16,331303.109937,331303.130174,0.020237,0x40533c,1,35,1,34,62,100.000000,1,1,0.381043,1.200000,0.800000,monitor,15,7fff,1,1,84434944,84254720,-180224,30238727045120,30238727495680,450560,30238727045120,30238727495680,450560,-1,-1,-1
1198,2,300,0,16,16,494174.059142,495884.246760,584.876884,0x4051ce,1,51078350,48727371,2350979,0,100.000000,1,1,1731.801668,1.200000,0.800000,monitor,15,7fff,1,1,85245952,85336064,90112,46023559397376,46182723321856,159163924480,46023559397376,46182723321856,159163924480,-1,-1,-1
1198,2,300,1,16,16,494174.052431,495883.873512,573.410805,0x4051ce,1,52420298,51070336,1349962,34,100.000000,1,1,1731.801668,1.200000,0.800000,monitor,15,7fff,1,1,85245952,85336064,90112,46023559397376,46182723321856,159163924480,46023559397376,46182723321856,159163924480,-1,-1,-1
1198,2,300,2,16,16,494174.122712,495883.824740,572.858748,0x4051ce,1,52488459,50807295,1681164,36,100.000000,1,1,1731.801668,1.200000,0.800000,monitor,15,7fff,1,1,85245952,85336064,90112,46023559397376,46182723321856,159163924480,46023559397376,46182723321856,159163924480,-1,-1,-1
1198,2,300,3,16,16,494174.062214,495883.851666,577.615856,0x4051ce,1,52441072,51004106,1436966,38,100.000000,1,1,1731.801668,1.200000,0.800000,monitor,15,7fff,1,1,85245952,85336064,90112,46023559397376,46182723321856,159163924480,46023559397376,46182723321856,159163924480,-1,-1,-1
1198,2,300,4,16,16,494174.095307,495905.846710,1569.619786,0x4051ce,1,204384550,179554857,24829693,40,100.000000,1,1,1731.801668,1.200000,0.800000,monitor,15,7fff,1,1,85245952,85336064,90112,46023559397376,46182723321856,159163924480,46023559397376,46182723321856,159163924480,-1,-1,-1
1198,2,300,5,16,16,494174.089598,495905.612436,1559.655925,0x4051ce,1,204285577,179934499,24351078,42,100.000000,1,1,1731.801668,1.200000,0.800000,monitor,15,7fff,1,1,85245952,85336064,90112,46023559397376,46182723321856,159163924480,46023559397376,46182723321856,159163924480,-1,-1,-1
1198,2,300,6,16,16,494174.066940,495904.689623,1493.364410,0x4051ce,1,193152558,166869829,26282729,44,100.000000,1,1,1731.801668,1.200000,0.800000,monitor,15,7fff,1,1,85245952,85336064,90112,46023559397376,46182723321856,159163924480,46023559397376,46182723321856,159163924480,-1,-1,-1
1198,2,300,7,16,16,494174.078604,495905.748869,1566.901298,0x4051ce,1,204403413,181581273,22822140,46,100.000000,1,1,1731.801668,1.200000,0.800000,monitor,15,7fff,1,1,85245952,85336064,90112,46023559397376,46182723321856,159163924480,46023559397376,46182723321856,159163924480,-1,-1,-1
1198,2,300,8,16,16,494174.110749,495905.691589,1730.219434,0x4051ce,1,203563489,176927944,26635545,48,100.000000,1,1,1731.801668,1.200000,0.800000,monitor,15,7fff,1,1,85245952,85336064,90112,46023559397376,46182723321856,159163924480,46023559397376,46182723321856,159163924480,-1,-1,-1
1198,2,300,9,16,16,494174.114933,495904.377385,1508.509322,0x4051ce,1,193114154,164727418,28386736,50,100.000000,1,1,1731.801668,1.200000,0.800000,monitor,15,7fff,1,1,85245952,85336064,90112,46023559397376,46182723321856,159163924480,46023559397376,46182723321856,159163924480,-1,-1,-1
1198,2,300,10,16,16,494174.085860,495905.583530,1567.447126,0x4051ce,1,204314483,180944906,23369577,52,100.000000,1,1,1731.801668,1.200000,0.800000,monitor,15,7fff,1,1,85245952,85336064,90112,46023559397376,46182723321856,159163924480,46023559397376,46182723321856,159163924480,-1,-1,-1
1198,2,300,11,16,16,494174.073852,495905.734082,1596.657436,0x4051ce,1,204401364,178759602,25641762,54,100.000000,1,1,1731.801668,1.200000,0.800000,monitor,15,7fff,1,1,85245952,85336064,90112,46023559397376,46182723321856,159163924480,46023559397376,46182723321856,159163924480,-1,-1,-1
1198,2,300,12,16,16,494174.045042,495883.805814,588.528881,0x4051ce,1,52626710,50077143,2549567,56,100.000000,1,1,1731.801668,1.200000,0.800000,monitor,15,7fff,1,1,85245952,85336064,90112,46023559397376,46182723321856,159163924480,46023559397376,46182723321856,159163924480,-1,-1,-1
1198,2,300,13,16,16,494174.118798,495883.947198,586.644885,0x4051ce,1,52602226,51395405,1206821,58,100.000000,1,1,1731.801668,1.200000,0.800000,monitor,15,7fff,1,1,85245952,85336064,90112,46023559397376,46182723321856,159163924480,46023559397376,46182723321856,159163924480,-1,-1,-1
1198,2,300,14,16,16,494174.051150,495883.928361,587.572397,0x4051ce,1,52603425,51424057,1179368,60,100.000000,1,1,1731.801668,1.200000,0.800000,monitor,15,7fff,1,1,85245952,85336064,90112,46023559397376,46182723321856,159163924480,46023559397376,46182723321856,159163924480,-1,-1,-1
1198,2,300,15,16,16,494174.102919,495883.858995,576.378111,0x4051ce,1,51434006,50211227,1222779,62,100.000000,1,1,1731.801668,1.200000,0.800000,monitor,15,7fff,1,1,85245952,85336064,90112,46023559397376,46182723321856,159163924480,46023559397376,46182723321856,159163924480,-1,-1,-1
1199,3,300,0,16,16,495906.763919,495906.962483,0.198564,0x405218,1,7797,5423,2374,32,100.000000,1,1,1.319969,1.200000,0.800000,monitor,15,7fff,1,1,86056960,84975616,-1081344,46182727647232,46182747471872,19824640,46182727647232,46182747471872,19824640,-1,-1,-1
1199,3,300,1,16,16,495906.451862,495906.616938,0.165076,0x405218,1,6428,6072,356,34,100.000000,1,1,1.319969,1.200000,0.800000,monitor,15,7fff,1,1,86056960,84975616,-1081344,46182727647232,46182747471872,19824640,46182727647232,46182747471872,19824640,-1,-1,-1
1199,3,300,2,16,16,495907.310157,495907.462648,0.152491,0x405218,1,8130,5066,3064,36,100.000000,1,1,1.319969,1.200000,0.800000,monitor,15,7fff,1,1,86056960,84975616,-1081344,46182727647232,46182747471872,19824640,46182727647232,46182747471872,19824640,-1,-1,-1
1199,3,300,3,16,16,495906.155707,495906.313937,0.158230,0x405218,1,6582,6370,212,38,100.000000,1,1,1.319969,1.200000,0.800000,monitor,15,7fff,1,1,86056960,84975616,-1081344,46182727647232,46182747471872,19824640,46182727647232,46182747471872,19824640,-1,-1,-1
1199,3,300,4,16,16,495907.050686,495907.446384,0.395698,0x405218,1,21940,13481,8459,40,100.000000,1,1,1.319969,1.200000,0.800000,monitor,15,7fff,1,1,86056960,84975616,-1081344,46182727647232,46182747471872,19824640,46182727647232,46182747471872,19824640,-1,-1,-1
1199,3,300,5,16,16,495906.774527,495907.182568,0.408041,0x405218,1,21504,13402,8102,42,100.000000,1,1,1.319969,1.200000,0.800000,monitor,15,7fff,1,1,86056960,84975616,-1081344,46182727647232,46182747471872,19824640,46182727647232,46182747471872,19824640,-1,-1,-1
1199,3,300,6,16,16,495906.465333,495906.935174,0.469841,0x405218,1,20436,19051,1385,44,100.000000,1,1,1.319969,1.200000,0.800000,monitor,15,7fff,1,1,86056960,84975616,-1081344,46182727647232,46182747471872,19824640,46182727647232,46182747471872,19824640,-1,-1,-1
1199,3,300,7,16,16,495906.356195,495906.798775,0.442580,0x405218,1,22072,17575,4497,46,100.000000,1,1,1.319969,1.200000,0.800000,monitor,15,7fff,1,1,86056960,84975616,-1081344,46182727647232,46182747471872,19824640,46182727647232,46182747471872,19824640,-1,-1,-1
1199,3,300,8,16,16,495906.142679,495906.723456,0.580777,0x405218,1,21312,19461,1851,48,100.000000,1,1,1.319969,1.200000,0.800000,monitor,15,7fff,1,1,86056960,84975616,-1081344,46182727647232,46182747471872,19824640,46182727647232,46182747471872,19824640,-1,-1,-1
1199,3,300,9,16,16,495906.442125,495906.973308,0.531183,0x405218,1,21031,18538,2493,50,100.000000,1,1,1.319969,1.200000,0.800000,monitor,15,7fff,1,1,86056960,84975616,-1081344,46182727647232,46182747471872,19824640,46182727647232,46182747471872,19824640,-1,-1,-1
1199,3,300,10,16,16,495906.149669,495906.723921,0.574252,0x405218,1,21636,19431,2205,52,100.000000,1,1,1.319969,1.200000,0.800000,monitor,15,7fff,1,1,86056960,84975616,-1081344,46182727647232,46182747471872,19824640,46182727647232,46182747471872,19824640,-1,-1,-1
1199,3,300,11,16,16,495906.624341,495907.168336,0.543995,0x405218,1,21631,19406,2225,54,100.000000,1,1,1.319969,1.200000,0.800000,monitor,15,7fff,1,1,86056960,84975616,-1081344,46182727647232,46182747471872,19824640,46182727647232,46182747471872,19824640,-1,-1,-1
1199,3,300,12,16,16,495906.910932,495907.077015,0.166083,0x405218,1,8119,4697,3422,56,100.000000,1,1,1.319969,1.200000,0.800000,monitor,15,7fff,1,1,86056960,84975616,-1081344,46182727647232,46182747471872,19824640,46182727647232,46182747471872,19824640,-1,-1,-1
1199,3,300,13,16,16,495906.602059,495906.769695,0.167636,0x405218,1,8124,5328,2796,58,100.000000,1,1,1.319969,1.200000,0.800000,monitor,15,7fff,1,1,86056960,84975616,-1081344,46182727647232,46182747471872,19824640,46182727647232,46182747471872,19824640,-1,-1,-1
1199,3,300,14,16,16,495906.610160,495906.785027,0.174867,0x405218,1,6767,6321,446,60,100.000000,1,1,1.319969,1.200000,0.800000,monitor,15,7fff,1,1,86056960,84975616,-1081344,46182727647232,46182747471872,19824640,46182727647232,46182747471872,19824640,-1,-1,-1
1199,3,300,15,16,16,495907.181232,495907.322565,0.141333,0x405218,1,7828,4620,3208,62,100.000000,1,1,1.319969,1.200000,0.800000,monitor,15,7fff,1,1,86056960,84975616,-1081344,46182727647232,46182747471872,19824640,46182727647232,46182747471872,19824640,-1,-1,-1
1200,4,300,0,16,16,495907.798711,495907.853639,0.054928,0x4052e4,1,2251,1570,681,32,100.000000,1,1,0.673500,1.200000,0.800000,monitor,15,7fff,1,1,85155840,84254720,-901120,46182750625792,46182756663296,6037504,46182750625792,46182756663296,6037504,-1,-1,-1
1200,4,300,1,16,16,495908.111936,495908.134267,0.022331,0x4052e4,1,2696,264,2432,34,100.000000,1,1,0.673500,1.200000,0.800000,monitor,15,7fff,1,1,85155840,84254720,-901120,46182750625792,46182756663296,6037504,46182750625792,46182756663296,6037504,-1,-1,-1
1200,4,300,2,16,16,495907.802781,495907.840686,0.037905,0x4052e4,1,652,439,213,36,100.000000,1,1,0.673500,1.200000,0.800000,monitor,15,7fff,1,1,85155840,84254720,-901120,46182750625792,46182756663296,6037504,46182750625792,46182756663296,6037504,-1,-1,-1
1200,4,300,3,16,16,495907.782514,495907.805800,0.023286,0x4052e4,1,182,138,44,38,100.000000,1,1,0.673500,1.200000,0.800000,monitor,15,7fff,1,1,85155840,84254720,-901120,46182750625792,46182756663296,6037504,46182750625792,46182756663296,6037504,-1,-1,-1
1200,4,300,4,16,16,495907.837641,495907.859945,0.022304,0x4052e4,1,429,281,148,40,100.000000,1,1,0.673500,1.200000,0.800000,monitor,15,7fff,1,1,85155840,84254720,-901120,46182750625792,46182756663296,6037504,46182750625792,46182756663296,6037504,-1,-1,-1
1200,4,300,5,16,16,495908.428705,495908.456014,0.027309,0x4052e4,1,3211,360,2851,42,100.000000,1,1,0.673500,1.200000,0.800000,monitor,15,7fff,1,1,85155840,84254720,-901120,46182750625792,46182756663296,6037504,46182750625792,46182756663296,6037504,-1,-1,-1
1200,4,300,6,16,16,495908.021811,495908.050072,0.028261,0x4052e4,1,3284,469,2815,44,100.000000,1,1,0.673500,1.200000,0.800000,monitor,15,7fff,1,1,85155840,84254720,-901120,46182750625792,46182756663296,6037504,46182750625792,46182756663296,6037504,-1,-1,-1
1200,4,300,7,16,16,495907.830033,495907.853304,0.023271,0x4052e4,1,565,482,83,46,100.000000,1,1,0.673500,1.200000,0.800000,monitor,15,7fff,1,1,85155840,84254720,-901120,46182750625792,46182756663296,6037504,46182750625792,46182756663296,6037504,-1,-1,-1
1200,4,300,8,16,16,495908.154777,495908.182433,0.027656,0x4052e4,1,3221,367,2854,48,100.000000,1,1,0.673500,1.200000,0.800000,monitor,15,7fff,1,1,85155840,84254720,-901120,46182750625792,46182756663296,6037504,46182750625792,46182756663296,6037504,-1,-1,-1
1200,4,300,9,16,16,495908.028791,495908.051186,0.022395,0x4052e4,1,494,396,98,50,100.000000,1,1,0.673500,1.200000,0.800000,monitor,15,7fff,1,1,85155840,84254720,-901120,46182750625792,46182756663296,6037504,46182750625792,46182756663296,6037504,-1,-1,-1
1200,4,300,10,16,16,495908.287991,495908.315586,0.027595,0x4052e4,1,3254,449,2805,52,100.000000,1,1,0.673500,1.200000,0.800000,monitor,15,7fff,1,1,85155840,84254720,-901120,46182750625792,46182756663296,6037504,46182750625792,46182756663296,6037504,-1,-1,-1
1200,4,300,11,16,16,495908.235171,495908.259906,0.024735,0x4052e4,1,3101,486,2615,54,100.000000,1,1,0.673500,1.200000,0.800000,monitor,15,7fff,1,1,85155840,84254720,-901120,46182750625792,46182756663296,6037504,46182750625792,46182756663296,6037504,-1,-1,-1
1200,4,300,12,16,16,495908.022795,495908.044734,0.021939,0x4052e4,1,746,516,230,56,100.000000,1,1,0.673500,1.200000,0.800000,monitor,15,7fff,1,1,85155840,84254720,-901120,46182750625792,46182756663296,6037504,46182750625792,46182756663296,6037504,-1,-1,-1
1200,4,300,13,16,16,495907.812672,495907.844685,0.032013,0x4052e4,1,829,541,288,58,100.000000,1,1,0.673500,1.200000,0.800000,monitor,15,7fff,1,1,85155840,84254720,-901120,46182750625792,46182756663296,6037504,46182750625792,46182756663296,6037504,-1,-1,-1
1200,4,300,14,16,16,495908.366820,495908.389870,0.023050,0x4052e4,1,2695,236,2459,60,100.000000,1,1,0.673500,1.200000,0.800000,monitor,15,7fff,1,1,85155840,84254720,-901120,46182750625792,46182756663296,6037504,46182750625792,46182756663296,6037504,-1,-1,-1
1200,4,300,15,16,16,495908.429495,495908.451005,0.021510,0x4052e4,1,669,408,261,62,100.000000,1,1,0.673500,1.200000,0.800000,monitor,15,7fff,1,1,85155840,84254720,-901120,46182750625792,46182756663296,6037504,46182750625792,46182756663296,6037504,-1,-1,-1
1201,5,300,0,16,16,495908.643994,495908.662962,0.018968,0x40533c,1,34,0,34,32,100.000000,1,1,0.075792,1.200000,0.800000,monitor,15,7fff,1,1,84254720,84164608,-90112,46182756843520,46182757474304,630784,46182756843520,46182757474304,630784,-1,-1,-1
1201,5,300,1,16,16,495908.638767,495908.658101,0.019334,0x40533c,1,411,58,353,34,100.000000,1,1,0.075792,1.200000,0.800000,monitor,15,7fff,1,1,84254720,84164608,-90112,46182756843520,46182757474304,630784,46182756843520,46182757474304,630784,-1,-1,-1
1201,5,300,2,16,16,495908.649494,495908.668394,0.018900,0x40533c,1,100,54,46,36,100.000000,1,1,0.075792,1.200000,0.800000,monitor,15,7fff,1,1,84254720,84164608,-90112,46182756843520,46182757474304,630784,46182756843520,46182757474304,630784,-1,-1,-1
1201,5,300,3,16,16,495908.615543,495908.634165,0.018622,0x40533c,1,33,3,30,38,100.000000,1,1,0.075792,1.200000,0.800000,monitor,15,7fff,1,1,84254720,84164608,-90112,46182756843520,46182757474304,630784,46182756843520,46182757474304,630784,-1,-1,-1
1201,5,300,4,16,16,495908.604440,495908.629020,0.024580,0x40533c,1,445,272,173,40,100.000000,1,1,0.075792,1.200000,0.800000,monitor,15,7fff,1,1,84254720,84164608,-90112,46182756843520,46182757474304,630784,46182756843520,46182757474304,630784,-1,-1,-1
1201,5,300,5,16,16,495908.646978,495908.672965,0.025987,0x40533c,1,1612,495,1117,42,100.000000,1,1,0.075792,1.200000,0.800000,monitor,15,7fff,1,1,84254720,84164608,-90112,46182756843520,46182757474304,630784,46182756843520,46182757474304,630784,-1,-1,-1
1201,5,300,6,16,16,495908.616942,495908.642845,0.025903,0x40533c,1,1867,548,1319,44,100.000000,1,1,0.075792,1.200000,0.800000,monitor,15,7fff,1,1,84254720,84164608,-90112,46182756843520,46182757474304,630784,46182756843520,46182757474304,630784,-1,-1,-1
1201,5,300,7,16,16,495908.654782,495908.680232,0.025450,0x40533c,1,504,410,94,46,100.000000,1,1,0.075792,1.200000,0.800000,monitor,15,7fff,1,1,84254720,84164608,-90112,46182756843520,46182757474304,630784,46182756843520,46182757474304,630784,-1,-1,-1
1201,5,300,8,16,16,495908.651088,495908.677003,0.025915,0x40533c,1,1574,306,1268,48,100.000000,1,1,0.075792,1.200000,0.800000,monitor,15,7fff,1,1,84254720,84164608,-90112,46182756843520,46182757474304,630784,46182756843520,46182757474304,630784,-1,-1,-1
1201,5,300,9,16,16,495908.630236,495908.654949,0.024713,0x40533c,1,526,351,175,50,100.000000,1,1,0.075792,1.200000,0.800000,monitor,15,7fff,1,1,84254720,84164608,-90112,46182756843520,46182757474304,630784,46182756843520,46182757474304,630784,-1,-1,-1
1201,5,300,10,16,16,495908.632243,495908.658403,0.026160,0x40533c,1,1970,608,1362,52,100.000000,1,1,0.075792,1.200000,0.800000,monitor,15,7fff,1,1,84254720,84164608,-90112,46182756843520,46182757474304,630784,46182756843520,46182757474304,630784,-1,-1,-1
1201,5,300,11,16,16,495908.620927,495908.646397,0.025470,0x40533c,1,1463,559,904,54,100.000000,1,1,0.075792,1.200000,0.800000,monitor,15,7fff,1,1,84254720,84164608,-90112,46182756843520,46182757474304,630784,46182756843520,46182757474304,630784,-1,-1,-1
1201,5,300,12,16,16,495908.637390,495908.656363,0.018973,0x40533c,1,36,1,35,56,100.000000,1,1,0.075792,1.200000,0.800000,monitor,15,7fff,1,1,84254720,84164608,-90112,46182756843520,46182757474304,630784,46182756843520,46182757474304,630784,-1,-1,-1
1201,5,300,13,16,16,495908.609052,495908.628045,0.018993,0x40533c,1,27,1,26,58,100.000000,1,1,0.075792,1.200000,0.800000,monitor,15,7fff,1,1,84254720,84164608,-90112,46182756843520,46182757474304,630784,46182756843520,46182757474304,630784,-1,-1,-1
1201,5,300,14,16,16,495908.642321,495908.661642,0.019321,0x40533c,1,550,47,503,60,100.000000,1,1,0.075792,1.200000,0.800000,monitor,15,7fff,1,1,84254720,84164608,-90112,46182756843520,46182757474304,630784,46182756843520,46182757474304,630784,-1,-1,-1
1201,5,300,15,16,16,495908.624722,495908.643985,0.019263,0x40533c,1,28,7,21,62,100.000000,1,1,0.075792,1.200000,0.800000,monitor,15,7fff,1,1,84254720,84164608,-90112,46182756843520,46182757474304,630784,46182756843520,46182757474304,630784,-1,-1,-1
1598,2,400,0,16,16,658929.232563,660544.427508,581.908083,0x4051ce,1,51074110,48672087,2402023,0,100.000000,1,1,1636.918530,1.200000,0.800000,monitor,15,7fff,1,1,84615168,85606400,991232,61943179026432,62101877522432,158698496000,61943179026432,62101877522432,158698496000,-1,-1,-1
1598,2,400,1,16,16,658929.052257,660544.067679,572.044980,0x4051ce,1,52422324,51088248,1334076,34,100.000000,1,1,1636.918530,1.200000,0.800000,monitor,15,7fff,1,1,84615168,85606400,991232,61943179026432,62101877522432,158698496000,61943179026432,62101877522432,158698496000,-1,-1,-1
1598,2,400,2,16,16,658929.071561,660544.055951,570.863621,0x4051ce,1,52497184,50783227,1713957,36,100.000000,1,1,1636.918530,1.200000,0.800000,monitor,15,7fff,1,1,84615168,85606400,991232,61943179026432,62101877522432,158698496000,61943179026432,62101877522432,158698496000,-1,-1,-1
1598,2,400,3,16,16,658929.059581,660544.038872,575.427185,0x4051ce,1,52442957,50968757,1474200,38,100.000000,1,1,1636.918530,1.200000,0.800000,monitor,15,7fff,1,1,84615168,85606400,991232,61943179026432,62101877522432,158698496000,61943179026432,62101877522432,158698496000,-1,-1,-1
1598,2,400,4,16,16,658929.068414,660565.954039,1614.266480,0x4051ce,1,202894511,177698477,25196034,40,100.000000,1,1,1636.918530,1.200000,0.800000,monitor,15,7fff,1,1,84615168,85606400,991232,61943179026432,62101877522432,158698496000,61943179026432,62101877522432,158698496000,-1,-1,-1
1598,2,400,5,16,16,658929.227293,660565.735899,1550.670459,0x4051ce,1,203083588,177534904,25548684,42,100.000000,1,1,1636.918530,1.200000,0.800000,monitor,15,7fff,1,1,84615168,85606400,991232,61943179026432,62101877522432,158698496000,61943179026432,62101877522432,158698496000,-1,-1,-1
1598,2,400,6,16,16,658929.036666,660564.725355,1493.722460,0x4051ce,1,191947216,165798935,26148281,44,100.000000,1,1,1636.918530,1.200000,0.800000,monitor,15,7fff,1,1,84615168,85606400,991232,61943179026432,62101877522432,158698496000,61943179026432,62101877522432,158698496000,-1,-1,-1
1598,2,400,7,16,16,658929.040070,660565.842880,1566.336198,0x4051ce,1,203180138,180581347,22598791,46,100.000000,1,1,1636.918530,1.200000,0.800000,monitor,15,7fff,1,1,84615168,85606400,991232,61943179026432,62101877522432,158698496000,61943179026432,62101877522432,158698496000,-1,-1,-1
1598,2,400,8,16,16,658929.035509,660565.764398,1580.962707,0x4051ce,1,203210599,179405848,23804751,48,100.000000,1,1,1636.918530,1.200000,0.800000,monitor,15,7fff,1,1,84615168,85606400,991232,61943179026432,62101877522432,158698496000,61943179026432,62101877522432,158698496000,-1,-1,-1
1598,2,400,9,16,16,658929.046151,660564.423193,1514.557736,0x4051ce,1,191918391,166369289,25549102,50,100.000000,1,1,1636.918530,1.200000,0.800000,monitor,15,7fff,1,1,84615168,85606400,991232,61943179026432,62101877522432,158698496000,61943179026432,62101877522432,158698496000,-1,-1,-1
1598,2,400,10,16,16,658929.055540,660565.662871,1566.465007,0x4051ce,1,203107435,179621883,23485552,52,100.000000,1,1,1636.918530,1.200000,0.800000,monitor,15,7fff,1,1,84615168,85606400,991232,61943179026432,62101877522432,158698496000,61943179026432,62101877522432,158698496000,-1,-1,-1
1598,2,400,11,16,16,658929.064071,660565.784096,1597.533701,0x4051ce,1,203207687,177606051,25601636,54,100.000000,1,1,1636.918530,1.200000,0.800000,monitor,15,7fff,1,1,84615168,85606400,991232,61943179026432,62101877522432,158698496000,61943179026432,62101877522432,158698496000,-1,-1,-1
1598,2,400,12,16,16,658929.220148,660543.919929,584.545088,0x4051ce,1,52645714,49602167,3043547,56,100.000000,1,1,1636.918530,1.200000,0.800000,monitor,15,7fff,1,1,84615168,85606400,991232,61943179026432,62101877522432,158698496000,61943179026432,62101877522432,158698496000,-1,-1,-1
1598,2,400,13,16,16,658929.036109,660544.109748,585.300669,0x4051ce,1,52600609,51363649,1236960,58,100.000000,1,1,1636.918530,1.200000,0.800000,monitor,15,7fff,1,1,84615168,85606400,991232,61943179026432,62101877522432,158698496000,61943179026432,62101877522432,158698496000,-1,-1,-1
1598,2,400,14,16,16,658929.078817,660544.120855,586.251272,0x4051ce,1,52617877,51389496,1228381,60,100.000000,1,1,1636.918530,1.200000,0.800000,monitor,15,7fff,1,1,84615168,85606400,991232,61943179026432,62101877522432,158698496000,61943179026432,62101877522432,158698496000,-1,-1,-1
1598,2,400,15,16,16,658929.045974,660544.847167,630.531037,0x4051ce,1,50732992,49685415,1047577,62,100.000000,1,1,1636.918530,1.200000,0.800000,monitor,15,7fff,1,1,84615168,85606400,991232,61943179026432,62101877522432,158698496000,61943179026432,62101877522432,158698496000,-1,-1,-1
1599,3,400,0,16,16,660566.197598,660566.369144,0.171546,0x405218,1,6671,5495,1176,0,100.000000,1,1,0.684002,1.200000,0.800000,monitor,15,7fff,1,1,85606400,84885504,-720896,62101878333440,62101895725056,17391616,62101878423552,62101895725056,17301504,-1,-1,-1
1599,3,400,1,16,16,660566.231799,660566.401451,0.169652,0x405218,1,6350,5719,631,34,100.000000,1,1,0.684002,1.200000,0.800000,monitor,15,7fff,1,1,85606400,84885504,-720896,62101878333440,62101895725056,17391616,62101878423552,62101895725056,17301504,-1,-1,-1
1599,3,400,2,16,16,660566.276341,660566.462029,0.185688,0x405218,1,7145,6415,730,36,100.000000,1,1,0.684002,1.200000,0.800000,monitor,15,7fff,1,1,85606400,84885504,-720896,62101878333440,62101895725056,17391616,62101878423552,62101895725056,17301504,-1,-1,-1
1599,3,400,3,16,16,660566.359847,660566.543004,0.183157,0x405218,1,6647,6104,543,38,100.000000,1,1,0.684002,1.200000,0.800000,monitor,15,7fff,1,1,85606400,84885504,-720896,62101878333440,62101895725056,17391616,62101878423552,62101895725056,17301504,-1,-1,-1
1599,3,400,4,16,16,660566.244890,660566.699396,0.454506,0x405218,1,21368,13936,7432,40,100.000000,1,1,0.684002,1.200000,0.800000,monitor,15,7fff,1,1,85606400,84885504,-720896,62101878333440,62101895725056,17391616,62101878423552,62101895725056,17301504,-1,-1,-1
1599,3,400,5,16,16,660566.219302,660566.661515,0.442213,0x405218,1,21636,14043,7593,42,100.000000,1,1,0.684002,1.200000,0.800000,monitor,15,7fff,1,1,85606400,84885504,-720896,62101878333440,62101895725056,17391616,62101878423552,62101895725056,17301504,-1,-1,-1
1599,3,400,6,16,16,660566.258929,660566.729508,0.470579,0x405218,1,20486,18864,1622,44,100.000000,1,1,0.684002,1.200000,0.800000,monitor,15,7fff,1,1,85606400,84885504,-720896,62101878333440,62101895725056,17391616,62101878423552,62101895725056,17301504,-1,-1,-1
1599,3,400,7,16,16,660566.205343,660566.690690,0.485347,0x405218,1,21156,18229,2927,46,100.000000,1,1,0.684002,1.200000,0.800000,monitor,15,7fff,1,1,85606400,84885504,-720896,62101878333440,62101895725056,17391616,62101878423552,62101895725056,17301504,-1,-1,-1
1599,3,400,8,16,16,660566.205379,660566.769715,0.564336,0x405218,1,21209,18796,2413,48,100.000000,1,1,0.684002,1.200000,0.800000,monitor,15,7fff,1,1,85606400,84885504,-720896,62101878333440,62101895725056,17391616,62101878423552,62101895725056,17301504,-1,-1,-1
1599,3,400,9,16,16,660566.211866,660566.743981,0.532115,0x405218,1,20286,18320,1966,50,100.000000,1,1,0.684002,1.200000,0.800000,monitor,15,7fff,1,1,85606400,84885504,-720896,62101878333440,62101895725056,17391616,62101878423552,62101895725056,17301504,-1,-1,-1
1599,3,400,10,16,16,660566.329033,660566.877898,0.548865,0x405218,1,21319,19357,1962,52,100.000000,1,1,0.684002,1.200000,0.800000,monitor,15,7fff,1,1,85606400,84885504,-720896,62101878333440,62101895725056,17391616,62101878423552,62101895725056,17301504,-1,-1,-1
1599,3,400,11,16,16,660566.344238,660566.881600,0.537362,0x405218,1,21578,19119,2459,54,100.000000,1,1,0.684002,1.200000,0.800000,monitor,15,7fff,1,1,85606400,84885504,-720896,62101878333440,62101895725056,17391616,62101878423552,62101895725056,17301504,-1,-1,-1
1599,3,400,12,16,16,660566.297658,660566.482311,0.184653,0x405218,1,6402,5410,992,56,100.000000,1,1,0.684002,1.200000,0.800000,monitor,15,7fff,1,1,85606400,84885504,-720896,62101878333440,62101895725056,17391616,62101878423552,62101895725056,17301504,-1,-1,-1
1599,3,400,13,16,16,660566.314856,660566.491195,0.176339,0x405218,1,6700,6085,615,58,100.000000,1,1,0.684002,1.200000,0.800000,monitor,15,7fff,1,1,85606400,84885504,-720896,62101878333440,62101895725056,17391616,62101878423552,62101895725056,17301504,-1,-1,-1
1599,3,400,14,16,16,660566.499705,660566.671558,0.171853,0x405218,1,8121,4873,3248,60,100.000000,1,1,0.684002,1.200000,0.800000,monitor,15,7fff,1,1,85606400,84885504,-720896,62101878333440,62101895725056,17391616,62101878423552,62101895725056,17301504,-1,-1,-1
1599,3,400,15,16,16,660566.505485,660566.702210,0.196725,0x405218,1,6139,5887,252,62,100.000000,1,1,0.684002,1.200000,0.800000,monitor,15,7fff,1,1,85606400,84885504,-720896,62101878333440,62101895725056,17391616,62101878423552,62101895725056,17301504,-1,-1,-1
1600,4,400,0,16,16,660567.226997,660567.256853,0.029856,0x4052e4,1,1750,1397,353,0,100.000000,1,1,0.088118,1.200000,0.800000,monitor,15,7fff,1,1,85155840,85155840,0,62101898698752,62101899329536,630784,62101898698752,62101899329536,630784,-1,-1,-1
1600,4,400,1,16,16,660567.195831,660567.216113,0.020282,0x4052e4,1,146,98,48,34,100.000000,1,1,0.088118,1.200000,0.800000,monitor,15,7fff,1,1,85155840,85155840,0,62101898698752,62101899329536,630784,62101898698752,62101899329536,630784,-1,-1,-1
1600,4,400,2,16,16,660567.176169,660567.196980,0.020811,0x4052e4,1,220,186,34,36,100.000000,1,1,0.088118,1.200000,0.800000,monitor,15,7fff,1,1,85155840,85155840,0,62101898698752,62101899329536,630784,62101898698752,62101899329536,630784,-1,-1,-1
1600,4,400,3,16,16,660567.210511,660567.231165,0.020654,0x4052e4,1,153,110,43,38,100.000000,1,1,0.088118,1.200000,0.800000,monitor,15,7fff,1,1,85155840,85155840,0,62101898698752,62101899329536,630784,62101898698752,62101899329536,630784,-1,-1,-1
1600,4,400,4,16,16,660567.181190,660567.203889,0.022699,0x4052e4,1,293,217,76,40,100.000000,1,1,0.088118,1.200000,0.800000,monitor,15,7fff,1,1,85155840,85155840,0,62101898698752,62101899329536,630784,62101898698752,62101899329536,630784,-1,-1,-1
1600,4,400,5,16,16,660567.232671,660567.255449,0.022778,0x4052e4,1,290,252,38,42,100.000000,1,1,0.088118,1.200000,0.800000,monitor,15,7fff,1,1,85155840,85155840,0,62101898698752,62101899329536,630784,62101898698752,62101899329536,630784,-1,-1,-1
1600,4,400,6,16,16,660567.210780,660567.232994,0.022214,0x4052e4,1,272,237,35,44,100.000000,1,1,0.088118,1.200000,0.800000,monitor,15,7fff,1,1,85155840,85155840,0,62101898698752,62101899329536,630784,62101898698752,62101899329536,630784,-1,-1,-1
1600,4,400,7,16,16,660567.217912,660567.240853,0.022941,0x4052e4,1,284,247,37,46,100.000000,1,1,0.088118,1.200000,0.800000,monitor,15,7fff,1,1,85155840,85155840,0,62101898698752,62101899329536,630784,62101898698752,62101899329536,630784,-1,-1,-1
1600,4,400,8,16,16,660567.203420,660567.226340,0.022920,0x4052e4,1,294,232,62,48,100.000000,1,1,0.088118,1.200000,0.800000,monitor,15,7fff,1,1,85155840,85155840,0,62101898698752,62101899329536,630784,62101898698752,62101899329536,630784,-1,-1,-1
1600,4,400,9,16,16,660567.224371,660567.247227,0.022856,0x4052e4,1,318,272,46,50,100.000000,1,1,0.088118,1.200000,0.800000,monitor,15,7fff,1,1,85155840,85155840,0,62101898698752,62101899329536,630784,62101898698752,62101899329536,630784,-1,-1,-1
1600,4,400,10,16,16,660567.183884,660567.206607,0.022723,0x4052e4,1,372,329,43,52,100.000000,1,1,0.088118,1.200000,0.800000,monitor,15,7fff,1,1,85155840,85155840,0,62101898698752,62101899329536,630784,62101898698752,62101899329536,630784,-1,-1,-1
1600,4,400,11,16,16,660567.191126,660567.213650,0.022524,0x4052e4,1,354,304,50,54,100.000000,1,1,0.088118,1.200000,0.800000,monitor,15,7fff,1,1,85155840,85155840,0,62101898698752,62101899329536,630784,62101898698752,62101899329536,630784,-1,-1,-1
1600,4,400,12,16,16,660567.168735,660567.189940,0.021205,0x4052e4,1,150,115,35,56,100.000000,1,1,0.088118,1.200000,0.800000,monitor,15,7fff,1,1,85155840,85155840,0,62101898698752,62101899329536,630784,62101898698752,62101899329536,630784,-1,-1,-1
1600,4,400,13,16,16,660567.201214,660567.221613,0.020399,0x4052e4,1,126,96,30,58,100.000000,1,1,0.088118,1.200000,0.800000,monitor,15,7fff,1,1,85155840,85155840,0,62101898698752,62101899329536,630784,62101898698752,62101899329536,630784,-1,-1,-1
1600,4,400,14,16,16,660567.189175,660567.213218,0.024043,0x4052e4,1,952,560,392,60,100.000000,1,1,0.088118,1.200000,0.800000,monitor,15,7fff,1,1,85155840,85155840,0,62101898698752,62101899329536,630784,62101898698752,62101899329536,630784,-1,-1,-1
1600,4,400,15,16,16,660567.171756,660567.192717,0.020961,0x4052e4,1,35,14,21,62,100.000000,1,1,0.088118,1.200000,0.800000,monitor,15,7fff,1,1,85155840,85155840,0,62101898698752,62101899329536,630784,62101898698752,62101899329536,630784,-1,-1,-1
1601,5,400,0,16,16,660567.376782,660567.397283,0.020501,0x40533c,1,55,3,52,0,100.000000,1,1,0.069291,1.200000,0.800000,monitor,15,7fff,1,1,85336064,85336064,0,62101899509760,62101899870208,360448,62101899509760,62101899870208,360448,-1,-1,-1
1601,5,400,1,16,16,660567.380841,660567.400954,0.020113,0x40533c,1,83,45,38,34,100.000000,1,1,0.069291,1.200000,0.800000,monitor,15,7fff,1,1,85336064,85336064,0,62101899509760,62101899870208,360448,62101899509760,62101899870208,360448,-1,-1,-1
1601,5,400,2,16,16,660567.425521,660567.445877,0.020356,0x40533c,1,94,15,79,36,100.000000,1,1,0.069291,1.200000,0.800000,monitor,15,7fff,1,1,85336064,85336064,0,62101899509760,62101899870208,360448,62101899509760,62101899870208,360448,-1,-1,-1
1601,5,400,3,16,16,660567.385901,660567.405919,0.020018,0x40533c,1,120,58,62,38,100.000000,1,1,0.069291,1.200000,0.800000,monitor,15,7fff,1,1,85336064,85336064,0,62101899509760,62101899870208,360448,62101899509760,62101899870208,360448,-1,-1,-1
1601,5,400,4,16,16,660567.399190,660567.424864,0.025674,0x40533c,1,582,407,175,40,100.000000,1,1,0.069291,1.200000,0.800000,monitor,15,7fff,1,1,85336064,85336064,0,62101899509760,62101899870208,360448,62101899509760,62101899870208,360448,-1,-1,-1
1601,5,400,5,16,16,660567.406772,660567.432460,0.025688,0x40533c,1,674,372,302,42,100.000000,1,1,0.069291,1.200000,0.800000,monitor,15,7fff,1,1,85336064,85336064,0,62101899509760,62101899870208,360448,62101899509760,62101899870208,360448,-1,-1,-1
1601,5,400,6,16,16,660567.389498,660567.415944,0.026446,0x40533c,1,557,287,270,44,100.000000,1,1,0.069291,1.200000,0.800000,monitor,15,7fff,1,1,85336064,85336064,0,62101899509760,62101899870208,360448,62101899509760,62101899870208,360448,-1,-1,-1
1601,5,400,7,16,16,660567.392234,660567.418226,0.025992,0x40533c,1,558,417,141,46,100.000000,1,1,0.069291,1.200000,0.800000,monitor,15,7fff,1,1,85336064,85336064,0,62101899509760,62101899870208,360448,62101899509760,62101899870208,360448,-1,-1,-1
1601,5,400,8,16,16,660567.419678,660567.445935,0.026257,0x40533c,1,469,226,243,48,100.000000,1,1,0.069291,1.200000,0.800000,monitor,15,7fff,1,1,85336064,85336064,0,62101899509760,62101899870208,360448,62101899509760,62101899870208,360448,-1,-1,-1
1601,5,400,9,16,16,660567.395240,660567.421028,0.025788,0x40533c,1,674,397,277,50,100.000000,1,1,0.069291,1.200000,0.800000,monitor,15,7fff,1,1,85336064,85336064,0,62101899509760,62101899870208,360448,62101899509760,62101899870208,360448,-1,-1,-1
1601,5,400,10,16,16,660567.399496,660567.426073,0.026577,0x40533c,1,535,388,147,52,100.000000,1,1,0.069291,1.200000,0.800000,monitor,15,7fff,1,1,85336064,85336064,0,62101899509760,62101899870208,360448,62101899509760,62101899870208,360448,-1,-1,-1
1601,5,400,11,16,16,660567.412042,660567.437975,0.025933,0x40533c,1,537,327,210,54,100.000000,1,1,0.069291,1.200000,0.800000,monitor,15,7fff,1,1,85336064,85336064,0,62101899509760,62101899870208,360448,62101899509760,62101899870208,360448,-1,-1,-1
1601,5,400,12,16,16,660567.376644,660567.396976,0.020332,0x40533c,1,30,7,23,56,100.000000,1,1,0.069291,1.200000,0.800000,monitor,15,7fff,1,1,85336064,85336064,0,62101899509760,62101899870208,360448,62101899509760,62101899870208,360448,-1,-1,-1
1601,5,400,13,16,16,660567.384409,660567.404639,0.020230,0x40533c,1,44,6,38,58,100.000000,1,1,0.069291,1.200000,0.800000,monitor,15,7fff,1,1,85336064,85336064,0,62101899509760,62101899870208,360448,62101899509760,62101899870208,360448,-1,-1,-1
1601,5,400,14,16,16,660567.404346,660567.424998,0.020652,0x40533c,1,45,2,43,60,100.000000,1,1,0.069291,1.200000,0.800000,monitor,15,7fff,1,1,85336064,85336064,0,62101899509760,62101899870208,360448,62101899509760,62101899870208,360448,-1,-1,-1
1601,5,400,15,16,16,660567.403499,660567.423969,0.020470,0x40533c,1,88,56,32,62,100.000000,1,1,0.069291,1.200000,0.800000,monitor,15,7fff,1,1,85336064,85336064,0,62101899509760,62101899870208,360448,62101899509760,62101899870208,360448,-1,-1,-1
1998,2,500,0,16,16,821235.287344,822785.599202,589.448074,0x4051ce,1,51077789,48732545,2345244,32,100.000000,1,1,1571.529567,1.200000,0.800000,monitor,15,7fff,1,1,85696512,85516288,-180224,77711659384832,77867611537408,155952152576,77711659474944,77867611537408,155952062464,-1,-1,-1
1998,2,500,1,16,16,821235.291865,822785.211967,576.572363,0x4051ce,1,52411845,51092379,1319466,34,100.000000,1,1,1571.529567,1.200000,0.800000,monitor,15,7fff,1,1,85696512,85516288,-180224,77711659384832,77867611537408,155952152576,77711659474944,77867611537408,155952062464,-1,-1,-1
1998,2,500,2,16,16,821235.133054,822785.175102,576.146469,0x4051ce,1,52464384,50823401,1640983,36,100.000000,1,1,1571.529567,1.200000,0.800000,monitor,15,7fff,1,1,85696512,85516288,-180224,77711659384832,77867611537408,155952152576,77711659474944,77867611537408,155952062464,-1,-1,-1
1998,2,500,3,16,16,821235.034241,822785.145519,580.918132,0x4051ce,1,52427036,51010657,1416379,38,100.000000,1,1,1571.529567,1.200000,0.800000,monitor,15,7fff,1,1,85696512,85516288,-180224,77711659384832,77867611537408,155952152576,77711659474944,77867611537408,155952062464,-1,-1,-1
1998,2,500,4,16,16,821235.024810,822806.361842,1539.999877,0x4051ce,1,199094974,174391928,24703046,40,100.000000,1,1,1571.529567,1.200000,0.800000,monitor,15,7fff,1,1,85696512,85516288,-180224,77711659384832,77867611537408,155952152576,77711659474944,77867611537408,155952062464,-1,-1,-1
1998,2,500,5,16,16,821235.310017,822806.171395,1528.058396,0x4051ce,1,199041224,173844159,25197065,42,100.000000,1,1,1571.529567,1.200000,0.800000,monitor,15,7fff,1,1,85696512,85516288,-180224,77711659384832,77867611537408,155952152576,77711659474944,77867611537408,155952062464,-1,-1,-1
1998,2,500,6,16,16,821235.049372,822805.195737,1469.710409,0x4051ce,1,187890457,161793785,26096672,44,100.000000,1,1,1571.529567,1.200000,0.800000,monitor,15,7fff,1,1,85696512,85516288,-180224,77711659384832,77867611537408,155952152576,77711659474944,77867611537408,155952062464,-1,-1,-1
1998,2,500,7,16,16,821235.297608,822806.276614,1542.698322,0x4051ce,1,199122456,176423719,22698737,46,100.000000,1,1,1571.529567,1.200000,0.800000,monitor,15,7fff,1,1,85696512,85516288,-180224,77711659384832,77867611537408,155952152576,77711659474944,77867611537408,155952062464,-1,-1,-1
1998,2,500,8,16,16,821235.214094,822806.233267,1556.364169,0x4051ce,1,199146269,175459392,23686877,48,100.000000,1,1,1571.529567,1.200000,0.800000,monitor,15,7fff,1,1,85696512,85516288,-180224,77711659384832,77867611537408,155952152576,77711659474944,77867611537408,155952062464,-1,-1,-1
1998,2,500,9,16,16,821235.029321,822804.864765,1491.153974,0x4051ce,1,187831562,162536627,25294935,50,100.000000,1,1,1571.529567,1.200000,0.800000,monitor,15,7fff,1,1,85696512,85516288,-180224,77711659384832,77867611537408,155952152576,77711659474944,77867611537408,155952062464,-1,-1,-1
1998,2,500,10,16,16,821235.042897,822806.063977,1542.728553,0x4051ce,1,199043674,175007763,24035911,52,100.000000,1,1,1571.529567,1.200000,0.800000,monitor,15,7fff,1,1,85696512,85516288,-180224,77711659384832,77867611537408,155952152576,77711659474944,77867611537408,155952062464,-1,-1,-1
1998,2,500,11,16,16,821235.278423,822806.268767,1568.616950,0x4051ce,1,199133646,173389354,25744292,54,100.000000,1,1,1571.529567,1.200000,0.800000,monitor,15,7fff,1,1,85696512,85516288,-180224,77711659384832,77867611537408,155952152576,77711659474944,77867611537408,155952062464,-1,-1,-1
1998,2,500,12,16,16,821234.832275,822785.187531,590.272669,0x4051ce,1,52620854,49797722,2823132,56,100.000000,1,1,1571.529567,1.200000,0.800000,monitor,15,7fff,1,1,85696512,85516288,-180224,77711659384832,77867611537408,155952152576,77711659474944,77867611537408,155952062464,-1,-1,-1
1998,2,500,13,16,16,821235.487845,822785.295234,590.253403,0x4051ce,1,52593783,51378865,1214918,58,100.000000,1,1,1571.529567,1.200000,0.800000,monitor,15,7fff,1,1,85696512,85516288,-180224,77711659384832,77867611537408,155952152576,77711659474944,77867611537408,155952062464,-1,-1,-1
1998,2,500,14,16,16,821235.272690,822785.299701,591.699338,0x4051ce,1,52604039,51425132,1178907,60,100.000000,1,1,1571.529567,1.200000,0.800000,monitor,15,7fff,1,1,85696512,85516288,-180224,77711659384832,77867611537408,155952152576,77711659474944,77867611537408,155952062464,-1,-1,-1
1998,2,500,15,16,16,821235.302558,822785.206912,579.985508,0x4051ce,1,51421137,50183096,1238041,62,100.000000,1,1,1571.529567,1.200000,0.800000,monitor,15,7fff,1,1,85696512,85516288,-180224,77711659384832,77867611537408,155952152576,77711659474944,77867611537408,155952062464,-1,-1,-1
1999,3,500,0,16,16,822806.602994,822806.834599,0.231605,0x405218,1,6721,5475,1246,32,100.000000,1,1,2.425533,1.200000,0.800000,monitor,15,7fff,1,1,85516288,84254720,-1261568,77867614511104,77867638931456,24420352,77867615141888,77867638931456,23789568,-1,-1,-1
1999,3,500,1,16,16,822806.678128,822806.888118,0.209990,0x405218,1,7871,6085,1786,34,100.000000,1,1,2.425533,1.200000,0.800000,monitor,15,7fff,1,1,85516288,84254720,-1261568,77867614511104,77867638931456,24420352,77867615141888,77867638931456,23789568,-1,-1,-1
1999,3,500,2,16,16,822807.873010,822808.032362,0.159352,0x405218,1,8132,5429,2703,36,100.000000,1,1,2.425533,1.200000,0.800000,monitor,15,7fff,1,1,85516288,84254720,-1261568,77867614511104,77867638931456,24420352,77867615141888,77867638931456,23789568,-1,-1,-1
1999,3,500,3,16,16,822808.286273,822808.434743,0.148470,0x405218,1,8106,4373,3733,38,100.000000,1,1,2.425533,1.200000,0.800000,monitor,15,7fff,1,1,85516288,84254720,-1261568,77867614511104,77867638931456,24420352,77867615141888,77867638931456,23789568,-1,-1,-1
1999,3,500,4,16,16,822808.005795,822808.396199,0.390404,0x405218,1,21459,13551,7908,40,100.000000,1,1,2.425533,1.200000,0.800000,monitor,15,7fff,1,1,85516288,84254720,-1261568,77867614511104,77867638931456,24420352,77867615141888,77867638931456,23789568,-1,-1,-1
1999,3,500,5,16,16,822808.418643,822808.814387,0.395744,0x405218,1,21727,13127,8600,42,100.000000,1,1,2.425533,1.200000,0.800000,monitor,15,7fff,1,1,85516288,84254720,-1261568,77867614511104,77867638931456,24420352,77867615141888,77867638931456,23789568,-1,-1,-1
1999,3,500,6,16,16,822807.423765,822807.817766,0.394001,0x405218,1,20863,18284,2579,44,100.000000,1,1,2.425533,1.200000,0.800000,monitor,15,7fff,1,1,85516288,84254720,-1261568,77867614511104,77867638931456,24420352,77867615141888,77867638931456,23789568,-1,-1,-1
1999,3,500,7,16,16,822806.690092,822807.171362,0.481270,0x405218,1,20534,12949,7585,46,100.000000,1,1,2.425533,1.200000,0.800000,monitor,15,7fff,1,1,85516288,84254720,-1261568,77867614511104,77867638931456,24420352,77867615141888,77867638931456,23789568,-1,-1,-1
1999,3,500,8,16,16,822808.550006,822809.028527,0.478521,0x405218,1,21639,18267,3372,48,100.000000,1,1,2.425533,1.200000,0.800000,monitor,15,7fff,1,1,85516288,84254720,-1261568,77867614511104,77867638931456,24420352,77867615141888,77867638931456,23789568,-1,-1,-1
1999,3,500,9,16,16,822806.982211,822807.449820,0.467609,0x405218,1,20560,18279,2281,50,100.000000,1,1,2.425533,1.200000,0.800000,monitor,15,7fff,1,1,85516288,84254720,-1261568,77867614511104,77867638931456,24420352,77867615141888,77867638931456,23789568,-1,-1,-1
1999,3,500,10,16,16,822808.150001,822808.604161,0.454160,0x405218,1,21693,17232,4461,52,100.000000,1,1,2.425533,1.200000,0.800000,monitor,15,7fff,1,1,85516288,84254720,-1261568,77867614511104,77867638931456,24420352,77867615141888,77867638931456,23789568,-1,-1,-1
1999,3,500,11,16,16,822806.690176,822807.249625,0.559449,0x405218,1,20942,18488,2454,54,100.000000,1,1,2.425533,1.200000,0.800000,monitor,15,7fff,1,1,85516288,84254720,-1261568,77867614511104,77867638931456,24420352,77867615141888,77867638931456,23789568,-1,-1,-1
1999,3,500,12,16,16,822807.301949,822807.458693,0.156744,0x405218,1,8142,4854,3288,56,100.000000,1,1,2.425533,1.200000,0.800000,monitor,15,7fff,1,1,85516288,84254720,-1261568,77867614511104,77867638931456,24420352,77867615141888,77867638931456,23789568,-1,-1,-1
1999,3,500,13,16,16,822807.738012,822807.900596,0.162584,0x405218,1,8161,4817,3344,58,100.000000,1,1,2.425533,1.200000,0.800000,monitor,15,7fff,1,1,85516288,84254720,-1261568,77867614511104,77867638931456,24420352,77867615141888,77867638931456,23789568,-1,-1,-1
1999,3,500,14,16,16,822807.170561,822807.337780,0.167219,0x405218,1,8140,5730,2410,60,100.000000,1,1,2.425533,1.200000,0.800000,monitor,15,7fff,1,1,85516288,84254720,-1261568,77867614511104,77867638931456,24420352,77867615141888,77867638931456,23789568,-1,-1,-1
1999,3,500,15,16,16,822807.561146,822807.704450,0.143304,0x405218,1,7819,4691,3128,62,100.000000,1,1,2.425533,1.200000,0.800000,monitor,15,7fff,1,1,85516288,84254720,-1261568,77867614511104,77867638931456,24420352,77867615141888,77867638931456,23789568,-1,-1,-1
2000,4,500,0,16,16,822809.291523,822809.321614,0.030091,0x4052e4,1,1857,1506,351,32,100.000000,1,1,0.375271,1.200000,0.800000,monitor,15,7fff,1,1,84975616,84615168,-360448,77867642626048,77867643256832,630784,77867642716160,77867643256832,540672,-1,-1,-1
2000,4,500,1,16,16,822809.553960,822809.580086,0.026126,0x4052e4,1,2436,118,2318,34,100.000000,1,1,0.375271,1.200000,0.800000,monitor,15,7fff,1,1,84975616,84615168,-360448,77867642626048,77867643256832,630784,77867642716160,77867643256832,540672,-1,-1,-1
2000,4,500,2,16,16,822809.358485,822809.380961,0.022476,0x4052e4,1,684,468,216,36,100.000000,1,1,0.375271,1.200000,0.800000,monitor,15,7fff,1,1,84975616,84615168,-360448,77867642626048,77867643256832,630784,77867642716160,77867643256832,540672,-1,-1,-1
2000,4,500,3,16,16,822809.318375,822809.340658,0.022283,0x4052e4,1,654,415,239,38,100.000000,1,1,0.375271,1.200000,0.800000,monitor,15,7fff,1,1,84975616,84615168,-360448,77867642626048,77867643256832,630784,77867642716160,77867643256832,540672,-1,-1,-1
2000,4,500,4,16,16,822809.382775,822809.407979,0.025204,0x4052e4,1,435,279,156,40,100.000000,1,1,0.375271,1.200000,0.800000,monitor,15,7fff,1,1,84975616,84615168,-360448,77867642626048,77867643256832,630784,77867642716160,77867643256832,540672,-1,-1,-1
2000,4,500,5,16,16,822809.374178,822809.399393,0.025215,0x4052e4,1,552,392,160,42,100.000000,1,1,0.375271,1.200000,0.800000,monitor,15,7fff,1,1,84975616,84615168,-360448,77867642626048,77867643256832,630784,77867642716160,77867643256832,540672,-1,-1,-1
2000,4,500,6,16,16,822809.351195,822809.375986,0.024791,0x4052e4,1,511,434,77,44,100.000000,1,1,0.375271,1.200000,0.800000,monitor,15,7fff,1,1,84975616,84615168,-360448,77867642626048,77867643256832,630784,77867642716160,77867643256832,540672,-1,-1,-1
2000,4,500,7,16,16,822809.639149,822809.666794,0.027645,0x4052e4,1,3123,622,2501,46,100.000000,1,1,0.375271,1.200000,0.800000,monitor,15,7fff,1,1,84975616,84615168,-360448,77867642626048,77867643256832,630784,77867642716160,77867643256832,540672,-1,-1,-1
2000,4,500,8,16,16,822809.311107,822809.335917,0.024810,0x4052e4,1,489,379,110,48,100.000000,1,1,0.375271,1.200000,0.800000,monitor,15,7fff,1,1,84975616,84615168,-360448,77867642626048,77867643256832,630784,77867642716160,77867643256832,540672,-1,-1,-1
2000,4,500,9,16,16,822809.326552,822809.351911,0.025359,0x4052e4,1,464,406,58,50,100.000000,1,1,0.375271,1.200000,0.800000,monitor,15,7fff,1,1,84975616,84615168,-360448,77867642626048,77867643256832,630784,77867642716160,77867643256832,540672,-1,-1,-1
2000,4,500,10,16,16,822809.334876,822809.359310,0.024434,0x4052e4,1,544,427,117,52,100.000000,1,1,0.375271,1.200000,0.800000,monitor,15,7fff,1,1,84975616,84615168,-360448,77867642626048,77867643256832,630784,77867642716160,77867643256832,540672,-1,-1,-1
2000,4,500,11,16,16,822809.550737,822809.579741,0.029004,0x4052e4,1,3346,664,2682,54,100.000000,1,1,0.375271,1.200000,0.800000,monitor,15,7fff,1,1,84975616,84615168,-360448,77867642626048,77867643256832,630784,77867642716160,77867643256832,540672,-1,-1,-1
2000,4,500,12,16,16,822809.301863,822809.324953,0.023090,0x4052e4,1,741,466,275,56,100.000000,1,1,0.375271,1.200000,0.800000,monitor,15,7fff,1,1,84975616,84615168,-360448,77867642626048,77867643256832,630784,77867642716160,77867643256832,540672,-1,-1,-1
2000,4,500,13,16,16,822809.366729,822809.389396,0.022667,0x4052e4,1,689,389,300,58,100.000000,1,1,0.375271,1.200000,0.800000,monitor,15,7fff,1,1,84975616,84615168,-360448,77867642626048,77867643256832,630784,77867642716160,77867643256832,540672,-1,-1,-1
2000,4,500,14,16,16,822809.294466,822809.317507,0.023041,0x4052e4,1,903,585,318,60,100.000000,1,1,0.375271,1.200000,0.800000,monitor,15,7fff,1,1,84975616,84615168,-360448,77867642626048,77867643256832,630784,77867642716160,77867643256832,540672,-1,-1,-1
2000,4,500,15,16,16,822809.342509,822809.365212,0.022703,0x4052e4,1,724,502,222,62,100.000000,1,1,0.375271,1.200000,0.800000,monitor,15,7fff,1,1,84975616,84615168,-360448,77867642626048,77867643256832,630784,77867642716160,77867643256832,540672,-1,-1,-1
2001,5,500,0,16,16,822809.829783,822809.850503,0.020720,0x40533c,1,36,0,36,32,100.000000,1,1,0.219758,1.200000,0.800000,monitor,15,7fff,1,1,84705280,84615168,-90112,77867643437056,77867643797504,360448,77867643437056,77867643797504,360448,-1,-1,-1
2001,5,500,1,16,16,822809.996325,822810.019184,0.022859,0x40533c,1,1592,107,1485,34,100.000000,1,1,0.219758,1.200000,0.800000,monitor,15,7fff,1,1,84705280,84615168,-90112,77867643437056,77867643797504,360448,77867643437056,77867643797504,360448,-1,-1,-1
2001,5,500,2,16,16,822810.001908,822810.022252,0.020344,0x40533c,1,72,19,53,36,100.000000,1,1,0.219758,1.200000,0.800000,monitor,15,7fff,1,1,84705280,84615168,-90112,77867643437056,77867643797504,360448,77867643437056,77867643797504,360448,-1,-1,-1
2001,5,500,3,16,16,822809.808748,822809.829518,0.020770,0x40533c,1,147,65,82,38,100.000000,1,1,0.219758,1.200000,0.800000,monitor,15,7fff,1,1,84705280,84615168,-90112,77867643437056,77867643797504,360448,77867643437056,77867643797504,360448,-1,-1,-1
2001,5,500,4,16,16,822809.820987,822809.849539,0.028552,0x40533c,1,441,313,128,40,100.000000,1,1,0.219758,1.200000,0.800000,monitor,15,7fff,1,1,84705280,84615168,-90112,77867643437056,77867643797504,360448,77867643437056,77867643797504,360448,-1,-1,-1
2001,5,500,5,16,16,822809.813848,822809.842511,0.028663,0x40533c,1,455,264,191,42,100.000000,1,1,0.219758,1.200000,0.800000,monitor,15,7fff,1,1,84705280,84615168,-90112,77867643437056,77867643797504,360448,77867643437056,77867643797504,360448,-1,-1,-1
2001,5,500,6,16,16,822809.995822,822810.023823,0.028001,0x40533c,1,472,255,217,44,100.000000,1,1,0.219758,1.200000,0.800000,monitor,15,7fff,1,1,84705280,84615168,-90112,77867643437056,77867643797504,360448,77867643437056,77867643797504,360448,-1,-1,-1
2001,5,500,7,16,16,822809.809403,822809.839219,0.029816,0x40533c,1,1568,718,850,46,100.000000,1,1,0.219758,1.200000,0.800000,monitor,15,7fff,1,1,84705280,84615168,-90112,77867643437056,77867643797504,360448,77867643437056,77867643797504,360448,-1,-1,-1
2001,5,500,8,16,16,822809.814702,822809.843377,0.028675,0x40533c,1,515,266,249,48,100.000000,1,1,0.219758,1.200000,0.800000,monitor,15,7fff,1,1,84705280,84615168,-90112,77867643437056,77867643797504,360448,77867643437056,77867643797504,360448,-1,-1,-1
2001,5,500,9,16,16,822809.820445,822809.848843,0.028398,0x40533c,1,530,338,192,50,100.000000,1,1,0.219758,1.200000,0.800000,monitor,15,7fff,1,1,84705280,84615168,-90112,77867643437056,77867643797504,360448,77867643437056,77867643797504,360448,-1,-1,-1
2001,5,500,10,16,16,822809.825925,822809.854262,0.028337,0x40533c,1,551,422,129,52,100.000000,1,1,0.219758,1.200000,0.800000,monitor,15,7fff,1,1,84705280,84615168,-90112,77867643437056,77867643797504,360448,77867643437056,77867643797504,360448,-1,-1,-1
2001,5,500,11,16,16,822809.834415,822809.862928,0.028513,0x40533c,1,2194,616,1578,54,100.000000,1,1,0.219758,1.200000,0.800000,monitor,15,7fff,1,1,84705280,84615168,-90112,77867643437056,77867643797504,360448,77867643437056,77867643797504,360448,-1,-1,-1
2001,5,500,12,16,16,822810.008393,822810.028506,0.020113,0x40533c,1,37,6,31,56,100.000000,1,1,0.219758,1.200000,0.800000,monitor,15,7fff,1,1,84705280,84615168,-90112,77867643437056,77867643797504,360448,77867643437056,77867643797504,360448,-1,-1,-1
2001,5,500,13,16,16,822809.821146,822809.841335,0.020189,0x40533c,1,86,7,79,58,100.000000,1,1,0.219758,1.200000,0.800000,monitor,15,7fff,1,1,84705280,84615168,-90112,77867643437056,77867643797504,360448,77867643437056,77867643797504,360448,-1,-1,-1
2001,5,500,14,16,16,822809.830595,822809.850889,0.020294,0x40533c,1,42,0,42,60,100.000000,1,1,0.219758,1.200000,0.800000,monitor,15,7fff,1,1,84705280,84615168,-90112,77867643437056,77867643797504,360448,77867643437056,77867643797504,360448,-1,-1,-1
2001,5,500,15,16,16,822809.814810,822809.835072,0.020262,0x40533c,1,31,1,30,62,100.000000,1,1,0.219758,1.200000,0.800000,monitor,15,7fff,1,1,84705280,84615168,-90112,77867643437056,77867643797504,360448,77867643437056,77867643797504,360448,-1,-1,-1
2398,2,600,0,16,16,976837.550292,978295.326080,589.326957,0x4051ce,1,51082932,48799709,2283223,32,100.000000,1,1,1477.048329,1.200000,0.800000,monitor,15,7fff,1,1,85966848,85426176,-540672,92813338247168,92960152952832,146814705664,92813338247168,92960152952832,146814705664,-1,-1,-1
2398,2,600,1,16,16,976837.256509,978294.915757,576.261095,0x4051ce,1,52411225,51103887,1307338,34,100.000000,1,1,1477.048329,1.200000,0.800000,monitor,15,7fff,1,1,85966848,85426176,-540672,92813338247168,92960152952832,146814705664,92813338247168,92960152952832,146814705664,-1,-1,-1
2398,2,600,2,16,16,976837.370311,978294.908093,575.219497,0x4051ce,1,52473747,50825853,1647894,36,100.000000,1,1,1477.048329,1.200000,0.800000,monitor,15,7fff,1,1,85966848,85426176,-540672,92813338247168,92960152952832,146814705664,92813338247168,92960152952832,146814705664,-1,-1,-1
2398,2,600,3,16,16,976838.018377,978294.955546,579.684152,0x4051ce,1,52430026,51012159,1417867,38,100.000000,1,1,1477.048329,1.200000,0.800000,monitor,15,7fff,1,1,85966848,85426176,-540672,92813338247168,92960152952832,146814705664,92813338247168,92960152952832,146814705664,-1,-1,-1
2398,2,600,4,16,16,976837.088255,978313.916955,1448.556224,0x4051ce,1,184485023,160754522,23730501,40,100.000000,1,1,1477.048329,1.200000,0.800000,monitor,15,7fff,1,1,85966848,85426176,-540672,92813338247168,92960152952832,146814705664,92813338247168,92960152952832,146814705664,-1,-1,-1
2398,2,600,5,16,16,976837.821133,978313.759543,1436.047074,0x4051ce,1,184404246,159463510,24940736,42,100.000000,1,1,1477.048329,1.200000,0.800000,monitor,15,7fff,1,1,85966848,85426176,-540672,92813338247168,92960152952832,146814705664,92813338247168,92960152952832,146814705664,-1,-1,-1
2398,2,600,6,16,16,976837.566671,978312.850474,1384.971573,0x4051ce,1,174423270,150400294,24022976,44,100.000000,1,1,1477.048329,1.200000,0.800000,monitor,15,7fff,1,1,85966848,85426176,-540672,92813338247168,92960152952832,146814705664,92813338247168,92960152952832,146814705664,-1,-1,-1
2398,2,600,7,16,16,976837.558725,978313.797657,1448.996962,0x4051ce,1,184470876,162754593,21716283,46,100.000000,1,1,1477.048329,1.200000,0.800000,monitor,15,7fff,1,1,85966848,85426176,-540672,92813338247168,92960152952832,146814705664,92813338247168,92960152952832,146814705664,-1,-1,-1
2398,2,600,8,16,16,976837.687203,978313.770704,1462.965974,0x4051ce,1,184478768,162209798,22268970,48,100.000000,1,1,1477.048329,1.200000,0.800000,monitor,15,7fff,1,1,85966848,85426176,-540672,92813338247168,92960152952832,146814705664,92813338247168,92960152952832,146814705664,-1,-1,-1
2398,2,600,9,16,16,976837.108011,978312.547813,1406.481277,0x4051ce,1,174336530,151071837,23264693,50,100.000000,1,1,1477.048329,1.200000,0.800000,monitor,15,7fff,1,1,85966848,85426176,-540672,92813338247168,92960152952832,146814705664,92813338247168,92960152952832,146814705664,-1,-1,-1
2398,2,600,10,16,16,976837.188738,978313.623415,1449.229491,0x4051ce,1,184373730,161676710,22697020,52,100.000000,1,1,1477.048329,1.200000,0.800000,monitor,15,7fff,1,1,85966848,85426176,-540672,92813338247168,92960152952832,146814705664,92813338247168,92960152952832,146814705664,-1,-1,-1
2398,2,600,11,16,16,976837.541205,978313.778405,1474.112301,0x4051ce,1,184456286,159720291,24735995,54,100.000000,1,1,1477.048329,1.200000,0.800000,monitor,15,7fff,1,1,85966848,85426176,-540672,92813338247168,92960152952832,146814705664,92813338247168,92960152952832,146814705664,-1,-1,-1
2398,2,600,12,16,16,976836.868626,978294.935556,589.431592,0x4051ce,1,52617028,49881112,2735916,56,100.000000,1,1,1477.048329,1.200000,0.800000,monitor,15,7fff,1,1,85966848,85426176,-540672,92813338247168,92960152952832,146814705664,92813338247168,92960152952832,146814705664,-1,-1,-1
2398,2,600,13,16,16,976837.081532,978295.001226,589.167376,0x4051ce,1,52585028,51393396,1191632,58,100.000000,1,1,1477.048329,1.200000,0.800000,monitor,15,7fff,1,1,85966848,85426176,-540672,92813338247168,92960152952832,146814705664,92813338247168,92960152952832,146814705664,-1,-1,-1
2398,2,600,14,16,16,976837.549962,978295.010410,590.319870,0x4051ce,1,52599787,51437269,1162518,60,100.000000,1,1,1477.048329,1.200000,0.800000,monitor,15,7fff,1,1,85966848,85426176,-540672,92813338247168,92960152952832,146814705664,92813338247168,92960152952832,146814705664,-1,-1,-1
2398,2,600,15,16,16,976837.097947,978294.947794,578.419413,0x4051ce,1,51418361,50192795,1225566,62,100.000000,1,1,1477.048329,1.200000,0.800000,monitor,15,7fff,1,1,85966848,85426176,-540672,92813338247168,92960152952832,146814705664,92813338247168,92960152952832,146814705664,-1,-1,-1
2399,3,600,0,16,16,978315.826992,978315.987632,0.160640,0x405218,1,7746,4959,2787,32,100.000000,1,1,2.143375,1.200000,0.800000,monitor,15,7fff,1,1,85696512,84615168,-1081344,92960165117952,92960179806208,14688256,92960165117952,92960179806208,14688256,-1,-1,-1
2399,3,600,1,16,16,978315.562035,978315.719585,0.157550,0x405218,1,8122,4696,3426,34,100.000000,1,1,2.143375,1.200000,0.800000,monitor,15,7fff,1,1,85696512,84615168,-1081344,92960165117952,92960179806208,14688256,92960165117952,92960179806208,14688256,-1,-1,-1
2399,3,600,2,16,16,978314.686073,978314.848262,0.162189,0x405218,1,8159,5678,2481,36,100.000000,1,1,2.143375,1.200000,0.800000,monitor,15,7fff,1,1,85696512,84615168,-1081344,92960165117952,92960179806208,14688256,92960165117952,92960179806208,14688256,-1,-1,-1
2399,3,600,3,16,16,978315.301645,978315.448712,0.147067,0x405218,1,8093,4398,3695,38,100.000000,1,1,2.143375,1.200000,0.800000,monitor,15,7fff,1,1,85696512,84615168,-1081344,92960165117952,92960179806208,14688256,92960165117952,92960179806208,14688256,-1,-1,-1
2399,3,600,4,16,16,978314.270598,978314.643460,0.372862,0x405218,1,19515,12561,6954,40,100.000000,1,1,2.143375,1.200000,0.800000,monitor,15,7fff,1,1,85696512,84615168,-1081344,92960165117952,92960179806208,14688256,92960165117952,92960179806208,14688256,-1,-1,-1
2399,3,600,5,16,16,978315.167967,978315.540173,0.372206,0x405218,1,20461,12743,7718,42,100.000000,1,1,2.143375,1.200000,0.800000,monitor,15,7fff,1,1,85696512,84615168,-1081344,92960165117952,92960179806208,14688256,92960165117952,92960179806208,14688256,-1,-1,-1
2399,3,600,6,16,16,978315.687812,978316.067768,0.379956,0x405218,1,19738,15846,3892,44,100.000000,1,1,2.143375,1.200000,0.800000,monitor,15,7fff,1,1,85696512,84615168,-1081344,92960165117952,92960179806208,14688256,92960165117952,92960179806208,14688256,-1,-1,-1
2399,3,600,7,16,16,978314.731125,978315.115429,0.384304,0x405218,1,20592,15801,4791,46,100.000000,1,1,2.143375,1.200000,0.800000,monitor,15,7fff,1,1,85696512,84615168,-1081344,92960165117952,92960179806208,14688256,92960165117952,92960179806208,14688256,-1,-1,-1
2399,3,600,8,16,16,978314.989309,978315.428539,0.439230,0x405218,1,20334,17164,3170,48,100.000000,1,1,2.143375,1.200000,0.800000,monitor,15,7fff,1,1,85696512,84615168,-1081344,92960165117952,92960179806208,14688256,92960165117952,92960179806208,14688256,-1,-1,-1
2399,3,600,9,16,16,978315.978130,978316.413973,0.435843,0x405218,1,19526,16602,2924,50,100.000000,1,1,2.143375,1.200000,0.800000,monitor,15,7fff,1,1,85696512,84615168,-1081344,92960165117952,92960179806208,14688256,92960165117952,92960179806208,14688256,-1,-1,-1
2399,3,600,10,16,16,978315.432136,978315.874472,0.442336,0x405218,1,20370,17135,3235,52,100.000000,1,1,2.143375,1.200000,0.800000,monitor,15,7fff,1,1,85696512,84615168,-1081344,92960165117952,92960179806208,14688256,92960165117952,92960179806208,14688256,-1,-1,-1
2399,3,600,11,16,16,978314.509933,978314.965929,0.455996,0x405218,1,20698,17092,3606,54,100.000000,1,1,2.143375,1.200000,0.800000,monitor,15,7fff,1,1,85696512,84615168,-1081344,92960165117952,92960179806208,14688256,92960165117952,92960179806208,14688256,-1,-1,-1
2399,3,600,12,16,16,978314.611543,978314.791855,0.180312,0x405218,1,8326,5626,2700,56,100.000000,1,1,2.143375,1.200000,0.800000,monitor,15,7fff,1,1,85696512,84615168,-1081344,92960165117952,92960179806208,14688256,92960165117952,92960179806208,14688256,-1,-1,-1
2399,3,600,13,16,16,978315.958649,978316.116638,0.157989,0x405218,1,8133,4767,3366,58,100.000000,1,1,2.143375,1.200000,0.800000,monitor,15,7fff,1,1,85696512,84615168,-1081344,92960165117952,92960179806208,14688256,92960165117952,92960179806208,14688256,-1,-1,-1
2399,3,600,14,16,16,978314.815001,978314.977491,0.162490,0x405218,1,8154,5612,2542,60,100.000000,1,1,2.143375,1.200000,0.800000,monitor,15,7fff,1,1,85696512,84615168,-1081344,92960165117952,92960179806208,14688256,92960165117952,92960179806208,14688256,-1,-1,-1
2399,3,600,15,16,16,978314.524295,978314.675807,0.151512,0x405218,1,7841,5679,2162,62,100.000000,1,1,2.143375,1.200000,0.800000,monitor,15,7fff,1,1,85696512,84615168,-1081344,92960165117952,92960179806208,14688256,92960165117952,92960179806208,14688256,-1,-1,-1
2400,4,600,0,16,16,978316.711732,978316.740591,0.028859,0x4052e4,1,2282,1424,858,32,100.000000,1,1,0.110660,1.200000,0.800000,monitor,15,7fff,1,1,84525056,84254720,-270336,92960182239232,92960183140352,901120,92960182239232,92960183140352,901120,-1,-1,-1
2400,4,600,1,16,16,978316.749224,978316.769982,0.020758,0x4052e4,1,768,376,392,34,100.000000,1,1,0.110660,1.200000,0.800000,monitor,15,7fff,1,1,84525056,84254720,-270336,92960182239232,92960183140352,901120,92960182239232,92960183140352,901120,-1,-1,-1
2400,4,600,2,16,16,978316.797056,978316.818262,0.021206,0x4052e4,1,596,399,197,36,100.000000,1,1,0.110660,1.200000,0.800000,monitor,15,7fff,1,1,84525056,84254720,-270336,92960182239232,92960183140352,901120,92960182239232,92960183140352,901120,-1,-1,-1
2400,4,600,3,16,16,978316.775243,978316.796948,0.021705,0x4052e4,1,661,465,196,38,100.000000,1,1,0.110660,1.200000,0.800000,monitor,15,7fff,1,1,84525056,84254720,-270336,92960182239232,92960183140352,901120,92960182239232,92960183140352,901120,-1,-1,-1
2400,4,600,4,16,16,978316.707602,978316.729242,0.021640,0x4052e4,1,271,230,41,40,100.000000,1,1,0.110660,1.200000,0.800000,monitor,15,7fff,1,1,84525056,84254720,-270336,92960182239232,92960183140352,901120,92960182239232,92960183140352,901120,-1,-1,-1
2400,4,600,5,16,16,978316.717304,978316.741711,0.024407,0x4052e4,1,628,435,193,42,100.000000,1,1,0.110660,1.200000,0.800000,monitor,15,7fff,1,1,84525056,84254720,-270336,92960182239232,92960183140352,901120,92960182239232,92960183140352,901120,-1,-1,-1
2400,4,600,6,16,16,978316.782773,978316.806090,0.023317,0x4052e4,1,559,472,87,44,100.000000,1,1,0.110660,1.200000,0.800000,monitor,15,7fff,1,1,84525056,84254720,-270336,92960182239232,92960183140352,901120,92960182239232,92960183140352,901120,-1,-1,-1
2400,4,600,7,16,16,978316.765890,978316.793881,0.027991,0x4052e4,1,708,536,172,46,100.000000,1,1,0.110660,1.200000,0.800000,monitor,15,7fff,1,1,84525056,84254720,-270336,92960182239232,92960183140352,901120,92960182239232,92960183140352,901120,-1,-1,-1
2400,4,600,8,16,16,978316.722097,978316.745823,0.023726,0x4052e4,1,509,406,103,48,100.000000,1,1,0.110660,1.200000,0.800000,monitor,15,7fff,1,1,84525056,84254720,-270336,92960182239232,92960183140352,901120,92960182239232,92960183140352,901120,-1,-1,-1
2400,4,600,9,16,16,978316.742117,978316.766047,0.023930,0x4052e4,1,519,445,74,50,100.000000,1,1,0.110660,1.200000,0.800000,monitor,15,7fff,1,1,84525056,84254720,-270336,92960182239232,92960183140352,901120,92960182239232,92960183140352,901120,-1,-1,-1
2400,4,600,10,16,16,978316.726666,978316.750424,0.023758,0x4052e4,1,538,440,98,52,100.000000,1,1,0.110660,1.200000,0.800000,monitor,15,7fff,1,1,84525056,84254720,-270336,92960182239232,92960183140352,901120,92960182239232,92960183140352,901120,-1,-1,-1
2400,4,600,11,16,16,978316.734171,978316.758045,0.023874,0x4052e4,1,862,694,168,54,100.000000,1,1,0.110660,1.200000,0.800000,monitor,15,7fff,1,1,84525056,84254720,-270336,92960182239232,92960183140352,901120,92960182239232,92960183140352,901120,-1,-1,-1
2400,4,600,12,16,16,978316.731047,978316.753667,0.022620,0x4052e4,1,1109,723,386,56,100.000000,1,1,0.110660,1.200000,0.800000,monitor,15,7fff,1,1,84525056,84254720,-270336,92960182239232,92960183140352,901120,92960182239232,92960183140352,901120,-1,-1,-1
2400,4,600,13,16,16,978316.712847,978316.734680,0.021833,0x4052e4,1,793,466,327,58,100.000000,1,1,0.110660,1.200000,0.800000,monitor,15,7fff,1,1,84525056,84254720,-270336,92960182239232,92960183140352,901120,92960182239232,92960183140352,901120,-1,-1,-1
2400,4,600,14,16,16,978316.718302,978316.740545,0.022243,0x4052e4,1,881,524,357,60,100.000000,1,1,0.110660,1.200000,0.800000,monitor,15,7fff,1,1,84525056,84254720,-270336,92960182239232,92960183140352,901120,92960182239232,92960183140352,901120,-1,-1,-1
2400,4,600,15,16,16,978316.790181,978316.811764,0.021583,0x4052e4,1,777,494,283,62,100.000000,1,1,0.110660,1.200000,0.800000,monitor,15,7fff,1,1,84525056,84254720,-270336,92960182239232,92960183140352,901120,92960182239232,92960183140352,901120,-1,-1,-1
2401,5,600,0,16,16,978316.968377,978316.987294,0.018917,0x40533c,1,29,1,28,32,100.000000,1,1,0.250568,1.200000,0.800000,monitor,15,7fff,1,1,84434944,84525056,90112,92960183500800,92960183861248,360448,92960183500800,92960183861248,360448,-1,-1,-1
2401,5,600,1,16,16,978316.980115,978316.998951,0.018836,0x40533c,1,45,0,45,34,100.000000,1,1,0.250568,1.200000,0.800000,monitor,15,7fff,1,1,84434944,84525056,90112,92960183500800,92960183861248,360448,92960183500800,92960183861248,360448,-1,-1,-1
2401,5,600,2,16,16,978316.952851,978316.971948,0.019097,0x40533c,1,49,8,41,36,100.000000,1,1,0.250568,1.200000,0.800000,monitor,15,7fff,1,1,84434944,84525056,90112,92960183500800,92960183861248,360448,92960183500800,92960183861248,360448,-1,-1,-1
2401,5,600,3,16,16,978316.951325,978316.970373,0.019048,0x40533c,1,124,57,67,38,100.000000,1,1,0.250568,1.200000,0.800000,monitor,15,7fff,1,1,84434944,84525056,90112,92960183500800,92960183861248,360448,92960183500800,92960183861248,360448,-1,-1,-1
2401,5,600,4,16,16,978317.164230,978317.193980,0.029750,0x40533c,1,2631,368,2263,40,100.000000,1,1,0.250568,1.200000,0.800000,monitor,15,7fff,1,1,84434944,84525056,90112,92960183500800,92960183861248,360448,92960183500800,92960183861248,360448,-1,-1,-1
2401,5,600,5,16,16,978316.963694,978316.990065,0.026371,0x40533c,1,421,279,142,42,100.000000,1,1,0.250568,1.200000,0.800000,monitor,15,7fff,1,1,84434944,84525056,90112,92960183500800,92960183861248,360448,92960183500800,92960183861248,360448,-1,-1,-1
2401,5,600,6,16,16,978316.975552,978317.001541,0.025989,0x40533c,1,433,217,216,44,100.000000,1,1,0.250568,1.200000,0.800000,monitor,15,7fff,1,1,84434944,84525056,90112,92960183500800,92960183861248,360448,92960183500800,92960183861248,360448,-1,-1,-1
2401,5,600,7,16,16,978316.984393,978317.010765,0.026372,0x40533c,1,423,323,100,46,100.000000,1,1,0.250568,1.200000,0.800000,monitor,15,7fff,1,1,84434944,84525056,90112,92960183500800,92960183861248,360448,92960183500800,92960183861248,360448,-1,-1,-1
2401,5,600,8,16,16,978316.959740,978316.985742,0.026002,0x40533c,1,451,199,252,48,100.000000,1,1,0.250568,1.200000,0.800000,monitor,15,7fff,1,1,84434944,84525056,90112,92960183500800,92960183861248,360448,92960183500800,92960183861248,360448,-1,-1,-1
2401,5,600,9,16,16,978316.988476,978317.014790,0.026314,0x40533c,1,516,357,159,50,100.000000,1,1,0.250568,1.200000,0.800000,monitor,15,7fff,1,1,84434944,84525056,90112,92960183500800,92960183861248,360448,92960183500800,92960183861248,360448,-1,-1,-1
2401,5,600,10,16,16,978317.175695,978317.201893,0.026198,0x40533c,1,507,395,112,52,100.000000,1,1,0.250568,1.200000,0.800000,monitor,15,7fff,1,1,84434944,84525056,90112,92960183500800,92960183861248,360448,92960183500800,92960183861248,360448,-1,-1,-1
2401,5,600,11,16,16,978317.170082,978317.196533,0.026451,0x40533c,1,590,347,243,54,100.000000,1,1,0.250568,1.200000,0.800000,monitor,15,7fff,1,1,84434944,84525056,90112,92960183500800,92960183861248,360448,92960183500800,92960183861248,360448,-1,-1,-1
2401,5,600,12,16,16,978317.164701,978317.183508,0.018807,0x40533c,1,31,0,31,56,100.000000,1,1,0.250568,1.200000,0.800000,monitor,15,7fff,1,1,84434944,84525056,90112,92960183500800,92960183861248,360448,92960183500800,92960183861248,360448,-1,-1,-1
2401,5,600,13,16,16,978316.992075,978317.011161,0.019086,0x40533c,1,40,0,40,58,100.000000,1,1,0.250568,1.200000,0.800000,monitor,15,7fff,1,1,84434944,84525056,90112,92960183500800,92960183861248,360448,92960183500800,92960183861248,360448,-1,-1,-1
2401,5,600,14,16,16,978316.972104,978316.991018,0.018914,0x40533c,1,46,0,46,60,100.000000,1,1,0.250568,1.200000,0.800000,monitor,15,7fff,1,1,84434944,84525056,90112,92960183500800,92960183861248,360448,92960183500800,92960183861248,360448,-1,-1,-1
2401,5,600,15,16,16,978316.955552,978316.974458,0.018906,0x40533c,1,48,4,44,62,100.000000,1,1,0.250568,1.200000,0.800000,monitor,15,7fff,1,1,84434944,84525056,90112,92960183500800,92960183861248,360448,92960183500800,92960183861248,360448,-1,-1,-1
2798,2,700,0,16,16,1124507.279107,1125901.429083,585.068979,0x4051ce,1,51081347,48844683,2236664,32,100.000000,1,1,1411.610696,1.200000,0.800000,monitor,15,7fff,1,1,85245952,85696512,450560,107143922507776,107284537147392,140614639616,107143922507776,107284537147392,140614639616,-1,-1,-1
2798,2,700,1,16,16,1124507.018449,1125901.023181,572.701176,0x4051ce,1,52414682,51104472,1310210,34,100.000000,1,1,1411.610696,1.200000,0.800000,monitor,15,7fff,1,1,85245952,85696512,450560,107143922507776,107284537147392,140614639616,107143922507776,107284537147392,140614639616,-1,-1,-1
2798,2,700,2,16,16,1124506.766486,1125901.008581,571.966663,0x4051ce,1,52488385,50855252,1633133,36,100.000000,1,1,1411.610696,1.200000,0.800000,monitor,15,7fff,1,1,85245952,85696512,450560,107143922507776,107284537147392,140614639616,107143922507776,107284537147392,140614639616,-1,-1,-1
2798,2,700,3,16,16,1124507.269556,1125901.032876,595.873417,0x4051ce,1,52176141,50864418,1311723,38,100.000000,1,1,1411.610696,1.200000,0.800000,monitor,15,7fff,1,1,85245952,85696512,450560,107143922507776,107284537147392,140614639616,107143922507776,107284537147392,140614639616,-1,-1,-1
2798,2,700,4,16,16,1124507.391878,1125918.377182,1385.847202,0x4051ce,1,174068650,151149061,22919589,40,100.000000,1,1,1411.610696,1.200000,0.800000,monitor,15,7fff,1,1,85245952,85696512,450560,107143922507776,107284537147392,140614639616,107143922507776,107284537147392,140614639616,-1,-1,-1
2798,2,700,5,16,16,1124507.250036,1125918.230233,1371.784106,0x4051ce,1,174139220,150036662,24102558,42,100.000000,1,1,1411.610696,1.200000,0.800000,monitor,15,7fff,1,1,85245952,85696512,450560,107143922507776,107284537147392,140614639616,107143922507776,107284537147392,140614639616,-1,-1,-1
2798,2,700,6,16,16,1124506.835279,1125917.396023,1325.123524,0x4051ce,1,164753998,142043718,22710280,44,100.000000,1,1,1411.610696,1.200000,0.800000,monitor,15,7fff,1,1,85245952,85696512,450560,107143922507776,107284537147392,140614639616,107143922507776,107284537147392,140614639616,-1,-1,-1
2798,2,700,7,16,16,1124507.117208,1125918.310642,1387.512175,0x4051ce,1,174226080,153247847,20978233,46,100.000000,1,1,1411.610696,1.200000,0.800000,monitor,15,7fff,1,1,85245952,85696512,450560,107143922507776,107284537147392,140614639616,107143922507776,107284537147392,140614639616,-1,-1,-1
2798,2,700,8,16,16,1124507.193735,1125918.249848,1398.165833,0x4051ce,1,174236380,152843179,21393201,48,100.000000,1,1,1411.610696,1.200000,0.800000,monitor,15,7fff,1,1,85245952,85696512,450560,107143922507776,107284537147392,140614639616,107143922507776,107284537147392,140614639616,-1,-1,-1
2798,2,700,9,16,16,1124507.035833,1125917.141611,1347.542191,0x4051ce,1,164688360,142503735,22184625,50,100.000000,1,1,1411.610696,1.200000,0.800000,monitor,15,7fff,1,1,85245952,85696512,450560,107143922507776,107284537147392,140614639616,107143922507776,107284537147392,140614639616,-1,-1,-1
2798,2,700,10,16,16,1124507.199999,1125918.101800,1387.181714,0x4051ce,1,174111150,152820898,21290252,52,100.000000,1,1,1411.610696,1.200000,0.800000,monitor,15,7fff,1,1,85245952,85696512,450560,107143922507776,107284537147392,140614639616,107143922507776,107284537147392,140614639616,-1,-1,-1
2798,2,700,11,16,16,1124507.027436,1125918.323601,1409.358019,0x4051ce,1,174044781,151342608,22702173,54,100.000000,1,1,1411.610696,1.200000,0.800000,monitor,15,7fff,1,1,85245952,85696512,450560,107143922507776,107284537147392,140614639616,107143922507776,107284537147392,140614639616,-1,-1,-1
2798,2,700,12,16,16,1124506.829968,1125900.996860,609.276382,0x4051ce,1,52375008,49831290,2543718,56,100.000000,1,1,1411.610696,1.200000,0.800000,monitor,15,7fff,1,1,85245952,85696512,450560,107143922507776,107284537147392,140614639616,107143922507776,107284537147392,140614639616,-1,-1,-1
2798,2,700,13,16,16,1124506.781227,1125901.106933,585.886212,0x4051ce,1,52596412,51416904,1179508,58,100.000000,1,1,1411.610696,1.200000,0.800000,monitor,15,7fff,1,1,85245952,85696512,450560,107143922507776,107284537147392,140614639616,107143922507776,107284537147392,140614639616,-1,-1,-1
2798,2,700,14,16,16,1124506.797350,1125901.101035,586.958963,0x4051ce,1,52605393,51441517,1163876,60,100.000000,1,1,1411.610696,1.200000,0.800000,monitor,15,7fff,1,1,85245952,85696512,450560,107143922507776,107284537147392,140614639616,107143922507776,107284537147392,140614639616,-1,-1,-1
2798,2,700,15,16,16,1124506.774674,1125901.068297,575.448029,0x4051ce,1,51428815,50222197,1206618,62,100.000000,1,1,1411.610696,1.200000,0.800000,monitor,15,7fff,1,1,85245952,85696512,450560,107143922507776,107284537147392,140614639616,107143922507776,107284537147392,140614639616,-1,-1,-1
2799,3,700,0,16,16,1125920.758453,1125921.135398,0.376945,0x405218,1,7716,5315,2401,32,100.000000,1,1,2.410747,1.200000,0.800000,monitor,15,7fff,1,1,85876736,84254720,-1622016,107284548141056,107284562919424,14778368,107284548141056,107284562919424,14778368,-1,-1,-1
2799,3,700,1,16,16,1125920.662523,1125920.820449,0.157926,0x405218,1,8159,4718,3441,34,100.000000,1,1,2.410747,1.200000,0.800000,monitor,15,7fff,1,1,85876736,84254720,-1622016,107284548141056,107284562919424,14778368,107284548141056,107284562919424,14778368,-1,-1,-1
2799,3,700,2,16,16,1125919.529850,1125919.682501,0.152651,0x405218,1,8127,5666,2461,36,100.000000,1,1,2.410747,1.200000,0.800000,monitor,15,7fff,1,1,85876736,84254720,-1622016,107284548141056,107284562919424,14778368,107284548141056,107284562919424,14778368,-1,-1,-1
2799,3,700,3,16,16,1125919.836300,1125919.979921,0.143621,0x405218,1,8088,4370,3718,38,100.000000,1,1,2.410747,1.200000,0.800000,monitor,15,7fff,1,1,85876736,84254720,-1622016,107284548141056,107284562919424,14778368,107284548141056,107284562919424,14778368,-1,-1,-1
2799,3,700,4,16,16,1125918.982187,1125919.344112,0.361925,0x405218,1,19148,12149,6999,40,100.000000,1,1,2.410747,1.200000,0.800000,monitor,15,7fff,1,1,85876736,84254720,-1622016,107284548141056,107284562919424,14778368,107284548141056,107284562919424,14778368,-1,-1,-1
2799,3,700,5,16,16,1125920.268267,1125920.625460,0.357193,0x405218,1,19395,11821,7574,42,100.000000,1,1,2.410747,1.200000,0.800000,monitor,15,7fff,1,1,85876736,84254720,-1622016,107284548141056,107284562919424,14778368,107284548141056,107284562919424,14778368,-1,-1,-1
2799,3,700,6,16,16,1125920.393326,1125920.758079,0.364753,0x405218,1,18929,16368,2561,44,100.000000,1,1,2.410747,1.200000,0.800000,monitor,15,7fff,1,1,85876736,84254720,-1622016,107284548141056,107284562919424,14778368,107284548141056,107284562919424,14778368,-1,-1,-1
2799,3,700,7,16,16,1125919.708923,1125920.066368,0.357445,0x405218,1,19410,14044,5366,46,100.000000,1,1,2.410747,1.200000,0.800000,monitor,15,7fff,1,1,85876736,84254720,-1622016,107284548141056,107284562919424,14778368,107284548141056,107284562919424,14778368,-1,-1,-1
2799,3,700,8,16,16,1125920.144112,1125920.574198,0.430086,0x405218,1,19355,15947,3408,48,100.000000,1,1,2.410747,1.200000,0.800000,monitor,15,7fff,1,1,85876736,84254720,-1622016,107284548141056,107284562919424,14778368,107284548141056,107284562919424,14778368,-1,-1,-1
2799,3,700,9,16,16,1125919.278495,1125919.691421,0.412926,0x405218,1,18587,15837,2750,50,100.000000,1,1,2.410747,1.200000,0.800000,monitor,15,7fff,1,1,85876736,84254720,-1622016,107284548141056,107284562919424,14778368,107284548141056,107284562919424,14778368,-1,-1,-1
2799,3,700,10,16,16,1125919.401191,1125919.822982,0.421791,0x405218,1,19378,15863,3515,52,100.000000,1,1,2.410747,1.200000,0.800000,monitor,15,7fff,1,1,85876736,84254720,-1622016,107284548141056,107284562919424,14778368,107284548141056,107284562919424,14778368,-1,-1,-1
2799,3,700,11,16,16,1125918.724651,1125919.192751,0.468100,0x405218,1,18928,17107,1821,54,100.000000,1,1,2.410747,1.200000,0.800000,monitor,15,7fff,1,1,85876736,84254720,-1622016,107284548141056,107284562919424,14778368,107284548141056,107284562919424,14778368,-1,-1,-1
2799,3,700,12,16,16,1125918.966454,1125919.135577,0.169123,0x405218,1,8253,5170,3083,56,100.000000,1,1,2.410747,1.200000,0.800000,monitor,15,7fff,1,1,85876736,84254720,-1622016,107284548141056,107284562919424,14778368,107284548141056,107284562919424,14778368,-1,-1,-1
2799,3,700,13,16,16,1125920.014673,1125920.180704,0.166031,0x405218,1,8123,4829,3294,58,100.000000,1,1,2.410747,1.200000,0.800000,monitor,15,7fff,1,1,85876736,84254720,-1622016,107284548141056,107284562919424,14778368,107284548141056,107284562919424,14778368,-1,-1,-1
2799,3,700,14,16,16,1125919.158835,1125919.322123,0.163288,0x405218,1,8152,5388,2764,60,100.000000,1,1,2.410747,1.200000,0.800000,monitor,15,7fff,1,1,85876736,84254720,-1622016,107284548141056,107284562919424,14778368,107284548141056,107284562919424,14778368,-1,-1,-1
2799,3,700,15,16,16,1125920.531184,1125920.675228,0.144044,0x405218,1,7807,4702,3105,62,100.000000,1,1,2.410747,1.200000,0.800000,monitor,15,7fff,1,1,85876736,84254720,-1622016,107284548141056,107284562919424,14778368,107284548141056,107284562919424,14778368,-1,-1,-1
2800,4,700,0,16,16,1125921.560103,1125921.589104,0.029001,0x4052e4,1,2296,1343,953,32,100.000000,1,1,0.090541,1.200000,0.800000,monitor,15,7fff,1,1,84344832,84434944,90112,107284565712896,107284566343680,630784,107284565712896,107284566343680,630784,-1,-1,-1
2800,4,700,1,16,16,1125921.549402,1125921.569778,0.020376,0x4052e4,1,697,407,290,34,100.000000,1,1,0.090541,1.200000,0.800000,monitor,15,7fff,1,1,84344832,84434944,90112,107284565712896,107284566343680,630784,107284565712896,107284566343680,630784,-1,-1,-1
2800,4,700,2,16,16,1125921.562675,1125921.583633,0.020958,0x4052e4,1,718,451,267,36,100.000000,1,1,0.090541,1.200000,0.800000,monitor,15,7fff,1,1,84344832,84434944,90112,107284565712896,107284566343680,630784,107284565712896,107284566343680,630784,-1,-1,-1
2800,4,700,3,16,16,1125921.592759,1125921.613756,0.020997,0x4052e4,1,667,398,269,38,100.000000,1,1,0.090541,1.200000,0.800000,monitor,15,7fff,1,1,84344832,84434944,90112,107284565712896,107284566343680,630784,107284565712896,107284566343680,630784,-1,-1,-1
2800,4,700,4,16,16,1125921.600013,1125921.624038,0.024025,0x4052e4,1,507,314,193,40,100.000000,1,1,0.090541,1.200000,0.800000,monitor,15,7fff,1,1,84344832,84434944,90112,107284565712896,107284566343680,630784,107284565712896,107284566343680,630784,-1,-1,-1
2800,4,700,5,16,16,1125921.544862,1125921.569202,0.024340,0x4052e4,1,657,421,236,42,100.000000,1,1,0.090541,1.200000,0.800000,monitor,15,7fff,1,1,84344832,84434944,90112,107284565712896,107284566343680,630784,107284565712896,107284566343680,630784,-1,-1,-1
2800,4,700,6,16,16,1125921.607261,1125921.631140,0.023879,0x4052e4,1,598,481,117,44,100.000000,1,1,0.090541,1.200000,0.800000,monitor,15,7fff,1,1,84344832,84434944,90112,107284565712896,107284566343680,630784,107284565712896,107284566343680,630784,-1,-1,-1
2800,4,700,7,16,16,1125921.566517,1125921.590138,0.023621,0x4052e4,1,529,376,153,46,100.000000,1,1,0.090541,1.200000,0.800000,monitor,15,7fff,1,1,84344832,84434944,90112,107284565712896,107284566343680,630784,107284565712896,107284566343680,630784,-1,-1,-1
2800,4,700,8,16,16,1125921.562375,1125921.587003,0.024628,0x4052e4,1,599,471,128,48,100.000000,1,1,0.090541,1.200000,0.800000,monitor,15,7fff,1,1,84344832,84434944,90112,107284565712896,107284566343680,630784,107284565712896,107284566343680,630784,-1,-1,-1
2800,4,700,9,16,16,1125921.570729,1125921.595081,0.024352,0x4052e4,1,554,458,96,50,100.000000,1,1,0.090541,1.200000,0.800000,monitor,15,7fff,1,1,84344832,84434944,90112,107284565712896,107284566343680,630784,107284565712896,107284566343680,630784,-1,-1,-1
2800,4,700,10,16,16,1125921.554473,1125921.578404,0.023931,0x4052e4,1,602,477,125,52,100.000000,1,1,0.090541,1.200000,0.800000,monitor,15,7fff,1,1,84344832,84434944,90112,107284565712896,107284566343680,630784,107284565712896,107284566343680,630784,-1,-1,-1
2800,4,700,11,16,16,1125921.540599,1125921.562371,0.021772,0x4052e4,1,526,473,53,54,100.000000,1,1,0.090541,1.200000,0.800000,monitor,15,7fff,1,1,84344832,84434944,90112,107284565712896,107284566343680,630784,107284565712896,107284566343680,630784,-1,-1,-1
2800,4,700,12,16,16,1125921.587239,1125921.610489,0.023250,0x4052e4,1,1141,716,425,56,100.000000,1,1,0.090541,1.200000,0.800000,monitor,15,7fff,1,1,84344832,84434944,90112,107284565712896,107284566343680,630784,107284565712896,107284566343680,630784,-1,-1,-1
2800,4,700,13,16,16,1125921.546654,1125921.567778,0.021124,0x4052e4,1,783,352,431,58,100.000000,1,1,0.090541,1.200000,0.800000,monitor,15,7fff,1,1,84344832,84434944,90112,107284565712896,107284566343680,630784,107284565712896,107284566343680,630784,-1,-1,-1
2800,4,700,14,16,16,1125921.554749,1125921.577581,0.022832,0x4052e4,1,919,555,364,60,100.000000,1,1,0.090541,1.200000,0.800000,monitor,15,7fff,1,1,84344832,84434944,90112,107284565712896,107284566343680,630784,107284565712896,107284566343680,630784,-1,-1,-1
2800,4,700,15,16,16,1125921.570397,1125921.590674,0.020277,0x4052e4,1,716,391,325,62,100.000000,1,1,0.090541,1.200000,0.800000,monitor,15,7fff,1,1,84344832,84434944,90112,107284565712896,107284566343680,630784,107284565712896,107284566343680,630784,-1,-1,-1
2801,5,700,0,16,16,1125922.012036,1125922.031135,0.019099,0x40533c,1,24,1,23,32,100.000000,1,1,0.266483,1.200000,0.800000,monitor,15,7fff,1,1,84344832,84705280,360448,107284566884352,107284567605248,720896,107284567064576,107284567605248,540672,-1,-1,-1
2801,5,700,1,16,16,1125921.788029,1125921.806925,0.018896,0x40533c,1,23,1,22,34,100.000000,1,1,0.266483,1.200000,0.800000,monitor,15,7fff,1,1,84344832,84705280,360448,107284566884352,107284567605248,720896,107284567064576,107284567605248,540672,-1,-1,-1
2801,5,700,2,16,16,1125921.979355,1125921.998431,0.019076,0x40533c,1,85,35,50,36,100.000000,1,1,0.266483,1.200000,0.800000,monitor,15,7fff,1,1,84344832,84705280,360448,107284566884352,107284567605248,720896,107284567064576,107284567605248,540672,-1,-1,-1
2801,5,700,3,16,16,1125921.987934,1125922.007249,0.019315,0x40533c,1,41,8,33,38,100.000000,1,1,0.266483,1.200000,0.800000,monitor,15,7fff,1,1,84344832,84705280,360448,107284566884352,107284567605248,720896,107284567064576,107284567605248,540672,-1,-1,-1
2801,5,700,4,16,16,1125921.779157,1125921.805963,0.026806,0x40533c,1,419,258,161,40,100.000000,1,1,0.266483,1.200000,0.800000,monitor,15,7fff,1,1,84344832,84705280,360448,107284566884352,107284567605248,720896,107284567064576,107284567605248,540672,-1,-1,-1
2801,5,700,5,16,16,1125921.997051,1125922.023299,0.026248,0x40533c,1,438,254,184,42,100.000000,1,1,0.266483,1.200000,0.800000,monitor,15,7fff,1,1,84344832,84705280,360448,107284566884352,107284567605248,720896,107284567064576,107284567605248,540672,-1,-1,-1
2801,5,700,6,16,16,1125921.983419,1125922.009500,0.026081,0x40533c,1,375,199,176,44,100.000000,1,1,0.266483,1.200000,0.800000,monitor,15,7fff,1,1,84344832,84705280,360448,107284566884352,107284567605248,720896,107284567064576,107284567605248,540672,-1,-1,-1
2801,5,700,7,16,16,1125922.001978,1125922.028349,0.026371,0x40533c,1,494,389,105,46,100.000000,1,1,0.266483,1.200000,0.800000,monitor,15,7fff,1,1,84344832,84705280,360448,107284566884352,107284567605248,720896,107284567064576,107284567605248,540672,-1,-1,-1
2801,5,700,8,16,16,1125921.992611,1125922.018507,0.025896,0x40533c,1,437,205,232,48,100.000000,1,1,0.266483,1.200000,0.800000,monitor,15,7fff,1,1,84344832,84705280,360448,107284566884352,107284567605248,720896,107284567064576,107284567605248,540672,-1,-1,-1
2801,5,700,9,16,16,1125921.975100,1125922.001227,0.026127,0x40533c,1,494,301,193,50,100.000000,1,1,0.266483,1.200000,0.800000,monitor,15,7fff,1,1,84344832,84705280,360448,107284566884352,107284567605248,720896,107284567064576,107284567605248,540672,-1,-1,-1
2801,5,700,10,16,16,1125922.016664,1125922.042867,0.026203,0x40533c,1,523,363,160,52,100.000000,1,1,0.266483,1.200000,0.800000,monitor,15,7fff,1,1,84344832,84705280,360448,107284566884352,107284567605248,720896,107284567064576,107284567605248,540672,-1,-1,-1
2801,5,700,11,16,16,1125921.974944,1125922.006205,0.031261,0x40533c,1,3183,510,2673,54,100.000000,1,1,0.266483,1.200000,0.800000,monitor,15,7fff,1,1,84344832,84705280,360448,107284566884352,107284567605248,720896,107284567064576,107284567605248,540672,-1,-1,-1
2801,5,700,12,16,16,1125921.776384,1125921.795561,0.019177,0x40533c,1,93,38,55,56,100.000000,1,1,0.266483,1.200000,0.800000,monitor,15,7fff,1,1,84344832,84705280,360448,107284566884352,107284567605248,720896,107284567064576,107284567605248,540672,-1,-1,-1
2801,5,700,13,16,16,1125921.783472,1125921.802385,0.018913,0x40533c,1,27,0,27,58,100.000000,1,1,0.266483,1.200000,0.800000,monitor,15,7fff,1,1,84344832,84705280,360448,107284566884352,107284567605248,720896,107284567064576,107284567605248,540672,-1,-1,-1
2801,5,700,14,16,16,1125922.007530,1125922.026373,0.018843,0x40533c,1,40,1,39,60,100.000000,1,1,0.266483,1.200000,0.800000,monitor,15,7fff,1,1,84344832,84705280,360448,107284566884352,107284567605248,720896,107284567064576,107284567605248,540672,-1,-1,-1
2801,5,700,15,16,16,1125921.792514,1125921.811321,0.018807,0x40533c,1,66,10,56,62,100.000000,1,1,0.266483,1.200000,0.800000,monitor,15,7fff,1,1,84344832,84705280,360448,107284566884352,107284567605248,720896,107284567064576,107284567605248,540672,-1,-1,-1
