parallel_id,region_id,region_exec,thread_id,team_size,requested_threads,start_ms,end_ms,elapsed_ms,codeptr,pmu_valid,pmu_llc_references,pmu_llc_misses,pmu_llc_hits,cpu_id,target_mb_percent,resource_applied,resctrl_enabled,region_wall_ms,resctrl_enable_ms,resctrl_disable_ms,resource_kind,target_l3_ways,target_l3_mask,mon_valid,mon_l3_domains,mon_start_llc_occupancy_bytes,mon_end_llc_occupancy_bytes,mon_llc_occupancy_delta_bytes,mon_start_mbm_total_bytes,mon_end_mbm_total_bytes,mon_mbm_total_delta_bytes,mon_start_mbm_local_bytes,mon_end_mbm_local_bytes,mon_mbm_local_delta_bytes,mon_start_mbm_remote_bytes,mon_end_mbm_remote_bytes,mon_mbm_remote_delta_bytes
1,1,1,0,16,16,20061.980506,20096.103121,34.122615,0x404957,1,538253,536590,1663,32,100.000000,0,0,36.689064,1.200000,0.800000,mba,0,,0,0,-1,-1,-1,-1,-1,-1,-1,-1,-1,-1,-1,-1
1,1,1,1,16,16,20062.020876,20094.755613,32.734737,0x404957,1,539960,537960,2000,2,100.000000,0,0,36.689064,1.200000,0.800000,mba,0,,0,0,-1,-1,-1,-1,-1,-1,-1,-1,-1,-1,-1,-1
1,1,1,2,16,16,20062.021077,20095.119991,33.098914,0x404957,1,540486,537905,2581,4,100.000000,0,0,36.689064,1.200000,0.800000,mba,0,,0,0,-1,-1,-1,-1,-1,-1,-1,-1,-1,-1,-1,-1
1,1,1,3,16,16,20062.127065,20095.778156,33.651091,0x404957,1,539519,537844,1675,38,100.000000,0,0,36.689064,1.200000,0.800000,mba,0,,0,0,-1,-1,-1,-1,-1,-1,-1,-1,-1,-1,-1,-1
1,1,1,4,16,16,20062.020884,20094.859209,32.838325,0x404957,1,539694,538006,1688,40,100.000000,0,0,36.689064,1.200000,0.800000,mba,0,,0,0,-1,-1,-1,-1,-1,-1,-1,-1,-1,-1,-1,-1
1,1,1,5,16,16,20062.106460,20098.227788,36.121328,0x404957,1,539964,537727,2237,42,100.000000,0,0,36.689064,1.200000,0.800000,mba,0,,0,0,-1,-1,-1,-1,-1,-1,-1,-1,-1,-1,-1,-1
1,1,1,6,16,16,20062.046854,20094.781704,32.734850,0x404957,1,540134,538251,1883,12,100.000000,0,0,36.689064,1.200000,0.800000,mba,0,,0,0,-1,-1,-1,-1,-1,-1,-1,-1,-1,-1,-1,-1
1,1,1,7,16,16,20062.144283,20095.370938,33.226655,0x404957,1,539860,537930,1930,14,100.000000,0,0,36.689064,1.200000,0.800000,mba,0,,0,0,-1,-1,-1,-1,-1,-1,-1,-1,-1,-1,-1,-1
1,1,1,8,16,16,20062.249742,20097.965330,35.715588,0x404957,1,539488,537541,1947,48,100.000000,0,0,36.689064,1.200000,0.800000,mba,0,,0,0,-1,-1,-1,-1,-1,-1,-1,-1,-1,-1,-1,-1
1,1,1,9,16,16,20062.071090,20098.669570,36.598480,0x404957,1,539407,537610,1797,18,100.000000,0,0,36.689064,1.200000,0.800000,mba,0,,0,0,-1,-1,-1,-1,-1,-1,-1,-1,-1,-1,-1,-1
1,1,1,10,16,16,20062.236659,20097.957277,35.720618,0x404957,1,538955,537331,1624,20,100.000000,0,0,36.689064,1.200000,0.800000,mba,0,,0,0,-1,-1,-1,-1,-1,-1,-1,-1,-1,-1,-1,-1
1,1,1,11,16,16,20062.247292,20097.537408,35.290116,0x404957,1,539788,537709,2079,22,100.000000,0,0,36.689064,1.200000,0.800000,mba,0,,0,0,-1,-1,-1,-1,-1,-1,-1,-1,-1,-1,-1,-1
1,1,1,12,16,16,20062.243417,20096.576576,34.333159,0x404957,1,539554,537849,1705,24,100.000000,0,0,36.689064,1.200000,0.800000,mba,0,,0,0,-1,-1,-1,-1,-1,-1,-1,-1,-1,-1,-1,-1
1,1,1,13,16,16,20062.173484,20095.423007,33.249523,0x404957,1,539640,537726,1914,58,100.000000,0,0,36.689064,1.200000,0.800000,mba,0,,0,0,-1,-1,-1,-1,-1,-1,-1,-1,-1,-1,-1,-1
1,1,1,14,16,16,20062.301233,20097.971619,35.670386,0x404957,1,539851,537716,2135,28,100.000000,0,0,36.689064,1.200000,0.800000,mba,0,,0,0,-1,-1,-1,-1,-1,-1,-1,-1,-1,-1,-1,-1
1,1,1,15,16,16,20062.470617,20098.010192,35.539575,0x404957,1,539900,537963,1937,62,100.000000,0,0,36.689064,1.200000,0.800000,mba,0,,0,0,-1,-1,-1,-1,-1,-1,-1,-1,-1,-1,-1,-1
2,2,1,0,16,16,20112.516138,20690.059420,521.177973,0x4051ce,1,51135988,39832044,11303944,32,100.000000,0,0,577.548228,1.200000,0.800000,mba,0,,0,0,-1,-1,-1,-1,-1,-1,-1,-1,-1,-1,-1,-1
2,2,1,1,16,16,20112.512712,20689.853278,548.319619,0x4051ce,1,52430917,47913521,4517396,2,100.000000,0,0,577.548228,1.200000,0.800000,mba,0,,0,0,-1,-1,-1,-1,-1,-1,-1,-1,-1,-1,-1,-1
2,2,1,2,16,16,20112.512860,20689.376115,507.277117,0x4051ce,1,52524441,41990524,10533917,4,100.000000,0,0,577.548228,1.200000,0.800000,mba,0,,0,0,-1,-1,-1,-1,-1,-1,-1,-1,-1,-1,-1,-1
2,2,1,3,16,16,20112.512007,20689.955367,552.683641,0x4051ce,1,52538071,49517064,3021007,38,100.000000,0,0,577.548228,1.200000,0.800000,mba,0,,0,0,-1,-1,-1,-1,-1,-1,-1,-1,-1,-1,-1,-1
2,2,1,4,16,16,20112.512473,20689.978875,554.365280,0x4051ce,1,52504600,49470051,3034549,40,100.000000,0,0,577.548228,1.200000,0.800000,mba,0,,0,0,-1,-1,-1,-1,-1,-1,-1,-1,-1,-1,-1,-1
2,2,1,5,16,16,20112.511192,20689.998892,573.378480,0x4051ce,1,52525176,50572619,1952557,42,100.000000,0,0,577.548228,1.200000,0.800000,mba,0,,0,0,-1,-1,-1,-1,-1,-1,-1,-1,-1,-1,-1,-1
2,2,1,6,16,16,20112.511255,20690.039146,573.947600,0x4051ce,1,52527096,50856594,1670502,12,100.000000,0,0,577.548228,1.200000,0.800000,mba,0,,0,0,-1,-1,-1,-1,-1,-1,-1,-1,-1,-1,-1,-1
2,2,1,7,16,16,20112.511905,20690.057730,577.181562,0x4051ce,1,52652118,50556692,2095426,14,100.000000,0,0,577.548228,1.200000,0.800000,mba,0,,0,0,-1,-1,-1,-1,-1,-1,-1,-1,-1,-1,-1,-1
2,2,1,8,16,16,20112.512273,20689.967953,573.386811,0x4051ce,1,52512104,50640831,1871273,48,100.000000,0,0,577.548228,1.200000,0.800000,mba,0,,0,0,-1,-1,-1,-1,-1,-1,-1,-1,-1,-1,-1,-1
2,2,1,9,16,16,20112.511394,20690.048235,568.379094,0x4051ce,1,52607360,50697547,1909813,18,100.000000,0,0,577.548228,1.200000,0.800000,mba,0,,0,0,-1,-1,-1,-1,-1,-1,-1,-1,-1,-1,-1,-1
2,2,1,10,16,16,20112.512004,20689.959615,562.592463,0x4051ce,1,52582483,50617433,1965050,20,100.000000,0,0,577.548228,1.200000,0.800000,mba,0,,0,0,-1,-1,-1,-1,-1,-1,-1,-1,-1,-1,-1,-1
2,2,1,11,16,16,20112.511436,20689.991116,562.341700,0x4051ce,1,52593783,50654008,1939775,22,100.000000,0,0,577.548228,1.200000,0.800000,mba,0,,0,0,-1,-1,-1,-1,-1,-1,-1,-1,-1,-1,-1,-1
2,2,1,12,16,16,20112.511279,20689.988799,562.446232,0x4051ce,1,52566315,50563743,2002572,24,100.000000,0,0,577.548228,1.200000,0.800000,mba,0,,0,0,-1,-1,-1,-1,-1,-1,-1,-1,-1,-1,-1,-1
2,2,1,13,16,16,20112.512456,20690.043429,566.498402,0x4051ce,1,52572822,50668442,1904380,58,100.000000,0,0,577.548228,1.200000,0.800000,mba,0,,0,0,-1,-1,-1,-1,-1,-1,-1,-1,-1,-1,-1,-1
2,2,1,14,16,16,20112.513135,20690.020844,565.773371,0x4051ce,1,52572384,50670165,1902219,28,100.000000,0,0,577.548228,1.200000,0.800000,mba,0,,0,0,-1,-1,-1,-1,-1,-1,-1,-1,-1,-1,-1,-1
2,2,1,15,16,16,20112.511989,20689.930437,560.549545,0x4051ce,1,51531115,48517598,3013517,62,100.000000,0,0,577.548228,1.200000,0.800000,mba,0,,0,0,-1,-1,-1,-1,-1,-1,-1,-1,-1,-1,-1,-1
3,3,1,0,16,16,20690.159189,20690.329895,0.170706,0x405218,1,6768,4404,2364,32,100.000000,0,0,0.222897,1.200000,0.800000,mba,0,,0,0,-1,-1,-1,-1,-1,-1,-1,-1,-1,-1,-1,-1
3,3,1,1,16,16,20690.158928,20690.319383,0.160455,0x405218,1,6814,4796,2018,2,100.000000,0,0,0.222897,1.200000,0.800000,mba,0,,0,0,-1,-1,-1,-1,-1,-1,-1,-1,-1,-1,-1,-1
3,3,1,2,16,16,20690.158937,20690.324805,0.165868,0x405218,1,6311,4332,1979,4,100.000000,0,0,0.222897,1.200000,0.800000,mba,0,,0,0,-1,-1,-1,-1,-1,-1,-1,-1,-1,-1,-1,-1
3,3,1,3,16,16,20690.157833,20690.336455,0.178622,0x405218,1,5553,4764,789,38,100.000000,0,0,0.222897,1.200000,0.800000,mba,0,,0,0,-1,-1,-1,-1,-1,-1,-1,-1,-1,-1,-1,-1
3,3,1,4,16,16,20690.158405,20690.336885,0.178480,0x405218,1,6035,5040,995,40,100.000000,0,0,0.222897,1.200000,0.800000,mba,0,,0,0,-1,-1,-1,-1,-1,-1,-1,-1,-1,-1,-1,-1
3,3,1,5,16,16,20690.158347,20690.367686,0.209339,0x405218,1,6135,5015,1120,42,100.000000,0,0,0.222897,1.200000,0.800000,mba,0,,0,0,-1,-1,-1,-1,-1,-1,-1,-1,-1,-1,-1,-1
3,3,1,6,16,16,20690.157985,20690.362374,0.204389,0x405218,1,6810,5490,1320,12,100.000000,0,0,0.222897,1.200000,0.800000,mba,0,,0,0,-1,-1,-1,-1,-1,-1,-1,-1,-1,-1,-1,-1
3,3,1,7,16,16,20690.157612,20690.380509,0.222897,0x405218,1,6252,4966,1286,14,100.000000,0,0,0.222897,1.200000,0.800000,mba,0,,0,0,-1,-1,-1,-1,-1,-1,-1,-1,-1,-1,-1,-1
3,3,1,8,16,16,20690.157879,20690.352852,0.194973,0x405218,1,6389,4708,1681,48,100.000000,0,0,0.222897,1.200000,0.800000,mba,0,,0,0,-1,-1,-1,-1,-1,-1,-1,-1,-1,-1,-1,-1
3,3,1,9,16,16,20690.158170,20690.340487,0.182317,0x405218,1,6450,5532,918,18,100.000000,0,0,0.222897,1.200000,0.800000,mba,0,,0,0,-1,-1,-1,-1,-1,-1,-1,-1,-1,-1,-1,-1
3,3,1,10,16,16,20690.158315,20690.329905,0.171590,0x405218,1,6300,5383,917,20,100.000000,0,0,0.222897,1.200000,0.800000,mba,0,,0,0,-1,-1,-1,-1,-1,-1,-1,-1,-1,-1,-1,-1
3,3,1,11,16,16,20690.157845,20690.338027,0.180182,0x405218,1,6019,5046,973,22,100.000000,0,0,0.222897,1.200000,0.800000,mba,0,,0,0,-1,-1,-1,-1,-1,-1,-1,-1,-1,-1,-1,-1
3,3,1,12,16,16,20690.158392,20690.339935,0.181543,0x405218,1,6222,5191,1031,24,100.000000,0,0,0.222897,1.200000,0.800000,mba,0,,0,0,-1,-1,-1,-1,-1,-1,-1,-1,-1,-1,-1,-1
3,3,1,13,16,16,20690.157940,20690.339287,0.181347,0x405218,1,6464,5287,1177,58,100.000000,0,0,0.222897,1.200000,0.800000,mba,0,,0,0,-1,-1,-1,-1,-1,-1,-1,-1,-1,-1,-1,-1
3,3,1,14,16,16,20690.158004,20690.344130,0.186126,0x405218,1,6457,5452,1005,28,100.000000,0,0,0.222897,1.200000,0.800000,mba,0,,0,0,-1,-1,-1,-1,-1,-1,-1,-1,-1,-1,-1,-1
3,3,1,15,16,16,20690.158041,20690.334647,0.176606,0x405218,1,6461,5249,1212,62,100.000000,0,0,0.222897,1.200000,0.800000,mba,0,,0,0,-1,-1,-1,-1,-1,-1,-1,-1,-1,-1,-1,-1
4,4,1,0,16,16,20690.580169,20690.608879,0.028710,0x4052e4,1,1710,1029,681,32,100.000000,0,0,0.033221,1.200000,0.800000,mba,0,,0,0,-1,-1,-1,-1,-1,-1,-1,-1,-1,-1,-1,-1
4,4,1,1,16,16,20690.577324,20690.599139,0.021815,0x4052e4,1,201,154,47,2,100.000000,0,0,0.033221,1.200000,0.800000,mba,0,,0,0,-1,-1,-1,-1,-1,-1,-1,-1,-1,-1,-1,-1
4,4,1,2,16,16,20690.578137,20690.598840,0.020703,0x4052e4,1,158,103,55,4,100.000000,0,0,0.033221,1.200000,0.800000,mba,0,,0,0,-1,-1,-1,-1,-1,-1,-1,-1,-1,-1,-1,-1
4,4,1,3,16,16,20690.576829,20690.597370,0.020541,0x4052e4,1,139,97,42,38,100.000000,0,0,0.033221,1.200000,0.800000,mba,0,,0,0,-1,-1,-1,-1,-1,-1,-1,-1,-1,-1,-1,-1
4,4,1,4,16,16,20690.577937,20690.598807,0.020870,0x4052e4,1,134,81,53,40,100.000000,0,0,0.033221,1.200000,0.800000,mba,0,,0,0,-1,-1,-1,-1,-1,-1,-1,-1,-1,-1,-1,-1
4,4,1,5,16,16,20690.578289,20690.599438,0.021149,0x4052e4,1,149,107,42,42,100.000000,0,0,0.033221,1.200000,0.800000,mba,0,,0,0,-1,-1,-1,-1,-1,-1,-1,-1,-1,-1,-1,-1
4,4,1,6,16,16,20690.576947,20690.597952,0.021005,0x4052e4,1,203,121,82,12,100.000000,0,0,0.033221,1.200000,0.800000,mba,0,,0,0,-1,-1,-1,-1,-1,-1,-1,-1,-1,-1,-1,-1
4,4,1,7,16,16,20690.577280,20690.598171,0.020891,0x4052e4,1,166,88,78,14,100.000000,0,0,0.033221,1.200000,0.800000,mba,0,,0,0,-1,-1,-1,-1,-1,-1,-1,-1,-1,-1,-1,-1
4,4,1,8,16,16,20690.577189,20690.598372,0.021183,0x4052e4,1,149,93,56,48,100.000000,0,0,0.033221,1.200000,0.800000,mba,0,,0,0,-1,-1,-1,-1,-1,-1,-1,-1,-1,-1,-1,-1
4,4,1,9,16,16,20690.576981,20690.598483,0.021502,0x4052e4,1,174,110,64,18,100.000000,0,0,0.033221,1.200000,0.800000,mba,0,,0,0,-1,-1,-1,-1,-1,-1,-1,-1,-1,-1,-1,-1
4,4,1,10,16,16,20690.577710,20690.598693,0.020983,0x4052e4,1,190,127,63,20,100.000000,0,0,0.033221,1.200000,0.800000,mba,0,,0,0,-1,-1,-1,-1,-1,-1,-1,-1,-1,-1,-1,-1
4,4,1,11,16,16,20690.577814,20690.598755,0.020941,0x4052e4,1,162,99,63,22,100.000000,0,0,0.033221,1.200000,0.800000,mba,0,,0,0,-1,-1,-1,-1,-1,-1,-1,-1,-1,-1,-1,-1
4,4,1,12,16,16,20690.575658,20690.596537,0.020879,0x4052e4,1,134,104,30,24,100.000000,0,0,0.033221,1.200000,0.800000,mba,0,,0,0,-1,-1,-1,-1,-1,-1,-1,-1,-1,-1,-1,-1
4,4,1,13,16,16,20690.576620,20690.597512,0.020892,0x4052e4,1,154,100,54,58,100.000000,0,0,0.033221,1.200000,0.800000,mba,0,,0,0,-1,-1,-1,-1,-1,-1,-1,-1,-1,-1,-1,-1
4,4,1,14,16,16,20690.578128,20690.598934,0.020806,0x4052e4,1,178,128,50,28,100.000000,0,0,0.033221,1.200000,0.800000,mba,0,,0,0,-1,-1,-1,-1,-1,-1,-1,-1,-1,-1,-1,-1
4,4,1,15,16,16,20690.575880,20690.596310,0.020430,0x4052e4,1,177,130,47,62,100.000000,0,0,0.033221,1.200000,0.800000,mba,0,,0,0,-1,-1,-1,-1,-1,-1,-1,-1,-1,-1,-1,-1
5,5,1,0,16,16,20692.304126,20692.402153,0.098027,0x40533c,1,50,3,47,32,100.000000,0,0,0.109178,1.200000,0.800000,mba,0,,0,0,-1,-1,-1,-1,-1,-1,-1,-1,-1,-1,-1,-1
5,5,1,1,16,16,20692.294611,20692.314708,0.020097,0x40533c,1,44,6,38,2,100.000000,0,0,0.109178,1.200000,0.800000,mba,0,,0,0,-1,-1,-1,-1,-1,-1,-1,-1,-1,-1,-1,-1
5,5,1,2,16,16,20692.295995,20692.318628,0.022633,0x40533c,1,1465,213,1252,4,100.000000,0,0,0.109178,1.200000,0.800000,mba,0,,0,0,-1,-1,-1,-1,-1,-1,-1,-1,-1,-1,-1,-1
5,5,1,3,16,16,20692.300824,20692.325201,0.024377,0x40533c,1,1586,285,1301,38,100.000000,0,0,0.109178,1.200000,0.800000,mba,0,,0,0,-1,-1,-1,-1,-1,-1,-1,-1,-1,-1,-1,-1
5,5,1,4,16,16,20692.300850,20692.325109,0.024259,0x40533c,1,1618,245,1373,40,100.000000,0,0,0.109178,1.200000,0.800000,mba,0,,0,0,-1,-1,-1,-1,-1,-1,-1,-1,-1,-1,-1,-1
5,5,1,5,16,16,20692.294664,20692.314927,0.020263,0x40533c,1,50,13,37,42,100.000000,0,0,0.109178,1.200000,0.800000,mba,0,,0,0,-1,-1,-1,-1,-1,-1,-1,-1,-1,-1,-1,-1
5,5,1,6,16,16,20692.300852,20692.324497,0.023645,0x40533c,1,1634,242,1392,12,100.000000,0,0,0.109178,1.200000,0.800000,mba,0,,0,0,-1,-1,-1,-1,-1,-1,-1,-1,-1,-1,-1,-1
5,5,1,7,16,16,20692.300858,20692.324898,0.024040,0x40533c,1,1618,208,1410,14,100.000000,0,0,0.109178,1.200000,0.800000,mba,0,,0,0,-1,-1,-1,-1,-1,-1,-1,-1,-1,-1,-1,-1
5,5,1,8,16,16,20692.293205,20692.313899,0.020694,0x40533c,1,115,59,56,48,100.000000,0,0,0.109178,1.200000,0.800000,mba,0,,0,0,-1,-1,-1,-1,-1,-1,-1,-1,-1,-1,-1,-1
5,5,1,9,16,16,20692.293361,20692.314100,0.020739,0x40533c,1,62,11,51,18,100.000000,0,0,0.109178,1.200000,0.800000,mba,0,,0,0,-1,-1,-1,-1,-1,-1,-1,-1,-1,-1,-1,-1
5,5,1,10,16,16,20692.300783,20692.324823,0.024040,0x40533c,1,1656,218,1438,20,100.000000,0,0,0.109178,1.200000,0.800000,mba,0,,0,0,-1,-1,-1,-1,-1,-1,-1,-1,-1,-1,-1,-1
5,5,1,11,16,16,20692.300740,20692.324000,0.023260,0x40533c,1,1622,233,1389,22,100.000000,0,0,0.109178,1.200000,0.800000,mba,0,,0,0,-1,-1,-1,-1,-1,-1,-1,-1,-1,-1,-1,-1
5,5,1,12,16,16,20692.300920,20692.324856,0.023936,0x40533c,1,1634,231,1403,24,100.000000,0,0,0.109178,1.200000,0.800000,mba,0,,0,0,-1,-1,-1,-1,-1,-1,-1,-1,-1,-1,-1,-1
5,5,1,13,16,16,20692.300731,20692.324647,0.023916,0x40533c,1,1590,195,1395,58,100.000000,0,0,0.109178,1.200000,0.800000,mba,0,,0,0,-1,-1,-1,-1,-1,-1,-1,-1,-1,-1,-1,-1
5,5,1,14,16,16,20692.300759,20692.324873,0.024114,0x40533c,1,1626,249,1377,28,100.000000,0,0,0.109178,1.200000,0.800000,mba,0,,0,0,-1,-1,-1,-1,-1,-1,-1,-1,-1,-1,-1,-1
5,5,1,15,16,16,20692.292975,20692.313628,0.020653,0x40533c,1,42,4,38,62,100.000000,0,0,0.109178,1.200000,0.800000,mba,0,,0,0,-1,-1,-1,-1,-1,-1,-1,-1,-1,-1,-1,-1
398,2,100,0,16,16,163186.419119,164755.036007,901.096536,0x4051ce,1,50990387,49599842,1390545,0,40.000000,1,1,1580.696295,1.200000,0.800000,mba,0,,1,1,0,1892352,192839680,90112,35630915584,35119800320,90112,35630915584,35122683904,-1,-1,-1
398,2,100,1,16,16,163187.985017,164754.911421,911.438418,0x4051ce,1,52291442,51465632,825810,34,40.000000,1,1,1580.696295,1.200000,0.800000,mba,0,,1,1,1531904,1892352,182747136,22708224,35629113344,35433029632,22708224,35629113344,35434831872,-1,-1,-1
398,2,100,2,16,16,163188.692531,164754.838469,926.317407,0x4051ce,1,51767740,50736128,1031612,36,40.000000,1,1,1580.696295,1.200000,0.800000,mba,0,,1,1,2613248,1802240,150757376,45236224,35627311104,35542605824,45326336,35627491328,35540803584,-1,-1,-1
398,2,100,3,16,16,163187.071178,164754.935209,907.379604,0x4051ce,1,52342223,51449270,892953,38,40.000000,1,1,1580.696295,1.200000,0.800000,mba,0,,1,1,180224,1892352,189595648,4415488,35629383680,35341115392,4505600,35629563904,35343187968,-1,-1,-1
398,2,100,4,16,16,163187.445984,164766.940856,1546.448491,0x4051ce,1,192535565,168445973,24089592,40,100.000000,1,1,1580.696295,1.200000,0.800000,mba,0,,1,1,360448,83984384,81371136,14688256,119116259328,118411493376,14778368,119116349440,118406356992,-1,-1,-1
398,2,100,5,16,16,163187.799461,164766.915818,1480.205146,0x4051ce,1,193258463,169078063,24180400,42,100.000000,1,1,1580.696295,1.200000,0.800000,mba,0,,1,1,1261568,83894272,73621504,27934720,119114727424,117410439168,28114944,119114997760,117411610624,-1,-1,-1
398,2,100,6,16,16,163187.644842,164765.816983,1501.501605,0x4051ce,1,182585687,158192108,24393579,44,100.000000,1,1,1580.696295,1.200000,0.800000,mba,0,,1,1,901120,83443712,68395008,22978560,119012179968,116498776064,23158784,119012810752,116497874944,-1,-1,-1
398,2,100,7,16,16,163189.151931,164767.114484,1493.959744,0x4051ce,1,193324083,171277871,22046212,46,100.000000,1,1,1580.696295,1.200000,0.800000,mba,0,,1,1,6307840,84164608,65871872,110297088,119122296832,117827747840,110747648,119122296832,117824413696,-1,-1,-1
398,2,100,8,16,16,163186.784452,164766.681767,1483.393062,0x4051ce,1,193076780,171274368,21802412,48,100.000000,1,1,1580.696295,1.200000,0.800000,mba,0,,1,1,0,83623936,64970752,0,119096614912,117395750912,0,119096975360,117398544384,-1,-1,-1
398,2,100,9,16,16,163188.154250,164766.226628,1409.203595,0x4051ce,1,183164053,159243706,23920347,50,100.000000,1,1,1580.696295,1.200000,0.800000,mba,0,,1,1,3153920,83443712,56770560,49291264,119052820480,112812294144,49741824,119053271040,112817430528,-1,-1,-1
398,2,100,10,16,16,163188.862840,164766.884878,1458.823955,0x4051ce,1,193253982,171701253,21552729,52,100.000000,1,1,1580.696295,1.200000,0.800000,mba,0,,1,1,5496832,83804160,62177280,91824128,119112654848,116202487808,92274688,119112744960,116202938368,-1,-1,-1
398,2,100,11,16,16,163186.923342,164767.115414,1453.981618,0x4051ce,1,193281574,170714342,22567232,54,100.000000,1,1,1580.696295,1.200000,0.800000,mba,0,,1,1,0,84164608,69025792,1351680,119122296832,116120936448,1441792,119122296832,116120936448,-1,-1,-1
398,2,100,12,16,16,163188.514682,164754.966073,910.314876,0x4051ce,1,52467394,51646284,821110,56,40.000000,1,1,1580.696295,1.200000,0.800000,mba,0,,1,1,2342912,1892352,184008704,38027264,35630284800,35403563008,38117376,35630374912,35404554240,-1,-1,-1
398,2,100,13,16,16,163188.314078,164754.996742,920.673852,0x4051ce,1,52165198,51282298,882900,58,40.000000,1,1,1580.696295,1.200000,0.800000,mba,0,,1,1,2072576,1892352,164093952,31539200,35630735360,35531612160,31629312,35630735360,35530801152,-1,-1,-1
398,2,100,14,16,16,163186.625355,164755.010414,911.327228,0x4051ce,1,52470864,51713359,757505,60,40.000000,1,1,1580.696295,1.200000,0.800000,mba,0,,1,1,0,1892352,187342848,540672,35630735360,35427532800,540672,35630735360,35427803136,-1,-1,-1
398,2,100,15,16,16,163187.245353,164755.048969,898.398098,0x4051ce,1,51410782,50646954,763828,62,40.000000,1,1,1580.696295,1.200000,0.800000,mba,0,,1,1,270336,1892352,193560576,7299072,35630915584,35048251392,7299072,35630915584,35049062400,-1,-1,-1
399,3,100,0,16,16,164767.321149,164767.517110,0.195961,0x405218,1,6829,6014,815,32,40.000000,0,0,0.606172,1.200000,0.800000,mba,0,,0,0,-1,-1,-1,-1,-1,-1,-1,-1,-1,-1,-1,-1
399,3,100,1,16,16,164767.319852,164767.516112,0.196260,0x405218,1,6924,6205,719,34,40.000000,0,0,0.606172,1.200000,0.800000,mba,0,,0,0,-1,-1,-1,-1,-1,-1,-1,-1,-1,-1,-1,-1
399,3,100,2,16,16,164767.320059,164767.507355,0.187296,0x405218,1,6488,5138,1350,36,40.000000,0,0,0.606172,1.200000,0.800000,mba,0,,0,0,-1,-1,-1,-1,-1,-1,-1,-1,-1,-1,-1,-1
399,3,100,3,16,16,164767.319403,164767.506789,0.187386,0x405218,1,5607,5018,589,38,40.000000,0,0,0.606172,1.200000,0.800000,mba,0,,0,0,-1,-1,-1,-1,-1,-1,-1,-1,-1,-1,-1,-1
399,3,100,4,16,16,164767.319508,164767.774714,0.455206,0x405218,1,20364,17391,2973,40,80.000000,0,0,0.606172,1.200000,0.800000,mba,0,,0,0,-1,-1,-1,-1,-1,-1,-1,-1,-1,-1,-1,-1
399,3,100,5,16,16,164767.319687,164767.925482,0.605795,0x405218,1,20866,17974,2892,42,100.000000,0,0,0.606172,1.200000,0.800000,mba,0,,0,0,-1,-1,-1,-1,-1,-1,-1,-1,-1,-1,-1,-1
399,3,100,6,16,16,164767.319584,164767.863197,0.543613,0x405218,1,19772,16740,3032,12,100.000000,0,0,0.606172,1.200000,0.800000,mba,0,,0,0,-1,-1,-1,-1,-1,-1,-1,-1,-1,-1,-1,-1
399,3,100,7,16,16,164767.319816,164767.872139,0.552323,0x405218,1,20493,13455,7038,46,100.000000,0,0,0.606172,1.200000,0.800000,mba,0,,0,0,-1,-1,-1,-1,-1,-1,-1,-1,-1,-1,-1,-1
399,3,100,8,16,16,164767.320115,164767.830732,0.510617,0x405218,1,20529,13107,7422,48,80.000000,0,0,0.606172,1.200000,0.800000,mba,0,,0,0,-1,-1,-1,-1,-1,-1,-1,-1,-1,-1,-1,-1
399,3,100,9,16,16,164767.319987,164767.788566,0.468579,0x405218,1,19687,18698,989,50,80.000000,0,0,0.606172,1.200000,0.800000,mba,0,,0,0,-1,-1,-1,-1,-1,-1,-1,-1,-1,-1,-1,-1
399,3,100,10,16,16,164767.320253,164767.809335,0.489082,0x405218,1,20652,19240,1412,52,80.000000,0,0,0.606172,1.200000,0.800000,mba,0,,0,0,-1,-1,-1,-1,-1,-1,-1,-1,-1,-1,-1,-1
399,3,100,11,16,16,164767.320089,164767.827093,0.507004,0x405218,1,20835,19325,1510,54,80.000000,0,0,0.606172,1.200000,0.800000,mba,0,,0,0,-1,-1,-1,-1,-1,-1,-1,-1,-1,-1,-1,-1
399,3,100,12,16,16,164767.319859,164767.518683,0.198824,0x405218,1,6491,5715,776,56,40.000000,0,0,0.606172,1.200000,0.800000,mba,0,,0,0,-1,-1,-1,-1,-1,-1,-1,-1,-1,-1,-1,-1
399,3,100,13,16,16,164767.319927,164767.517820,0.197893,0x405218,1,6692,5602,1090,58,40.000000,0,0,0.606172,1.200000,0.800000,mba,0,,0,0,-1,-1,-1,-1,-1,-1,-1,-1,-1,-1,-1,-1
399,3,100,14,16,16,164767.319310,164767.535312,0.216002,0x405218,1,6591,5993,598,60,40.000000,0,0,0.606172,1.200000,0.800000,mba,0,,0,0,-1,-1,-1,-1,-1,-1,-1,-1,-1,-1,-1,-1
399,3,100,15,16,16,164767.319399,164767.518508,0.199109,0x405218,1,6511,5939,572,62,40.000000,0,0,0.606172,1.200000,0.800000,mba,0,,0,0,-1,-1,-1,-1,-1,-1,-1,-1,-1,-1,-1,-1
400,4,100,0,16,16,164768.562990,164768.599247,0.036257,0x4052e4,1,1812,1386,426,32,100.000000,0,0,0.041476,1.200000,0.800000,mba,0,,0,0,-1,-1,-1,-1,-1,-1,-1,-1,-1,-1,-1,-1
400,4,100,1,16,16,164768.559305,164768.580401,0.021096,0x4052e4,1,244,179,65,34,80.000000,0,0,0.041476,1.200000,0.800000,mba,0,,0,0,-1,-1,-1,-1,-1,-1,-1,-1,-1,-1,-1,-1
400,4,100,2,16,16,164768.560243,164768.581140,0.020897,0x4052e4,1,216,137,79,36,80.000000,0,0,0.041476,1.200000,0.800000,mba,0,,0,0,-1,-1,-1,-1,-1,-1,-1,-1,-1,-1,-1,-1
400,4,100,3,16,16,164768.558229,164768.578795,0.020566,0x4052e4,1,163,118,45,38,80.000000,0,0,0.041476,1.200000,0.800000,mba,0,,0,0,-1,-1,-1,-1,-1,-1,-1,-1,-1,-1,-1,-1
400,4,100,4,16,16,164768.559892,164768.582518,0.022626,0x4052e4,1,289,211,78,40,80.000000,0,0,0.041476,1.200000,0.800000,mba,0,,0,0,-1,-1,-1,-1,-1,-1,-1,-1,-1,-1,-1,-1
400,4,100,5,16,16,164768.559227,164768.581970,0.022743,0x4052e4,1,334,276,58,42,80.000000,0,0,0.041476,1.200000,0.800000,mba,0,,0,0,-1,-1,-1,-1,-1,-1,-1,-1,-1,-1,-1,-1
400,4,100,6,16,16,164768.560127,164768.583063,0.022936,0x4052e4,1,290,234,56,12,80.000000,0,0,0.041476,1.200000,0.800000,mba,0,,0,0,-1,-1,-1,-1,-1,-1,-1,-1,-1,-1,-1,-1
400,4,100,7,16,16,164768.560379,164768.583655,0.023276,0x4052e4,1,406,279,127,46,80.000000,0,0,0.041476,1.200000,0.800000,mba,0,,0,0,-1,-1,-1,-1,-1,-1,-1,-1,-1,-1,-1,-1
400,4,100,8,16,16,164768.559835,164768.583003,0.023168,0x4052e4,1,311,238,73,48,80.000000,0,0,0.041476,1.200000,0.800000,mba,0,,0,0,-1,-1,-1,-1,-1,-1,-1,-1,-1,-1,-1,-1
400,4,100,9,16,16,164768.558984,164768.582144,0.023160,0x4052e4,1,351,290,61,50,80.000000,0,0,0.041476,1.200000,0.800000,mba,0,,0,0,-1,-1,-1,-1,-1,-1,-1,-1,-1,-1,-1,-1
400,4,100,10,16,16,164768.559950,164768.582801,0.022851,0x4052e4,1,374,300,74,52,80.000000,0,0,0.041476,1.200000,0.800000,mba,0,,0,0,-1,-1,-1,-1,-1,-1,-1,-1,-1,-1,-1,-1
400,4,100,11,16,16,164768.560020,164768.583294,0.023274,0x4052e4,1,329,250,79,54,80.000000,0,0,0.041476,1.200000,0.800000,mba,0,,0,0,-1,-1,-1,-1,-1,-1,-1,-1,-1,-1,-1,-1
400,4,100,12,16,16,164768.558000,164768.578892,0.020892,0x4052e4,1,191,118,73,56,80.000000,0,0,0.041476,1.200000,0.800000,mba,0,,0,0,-1,-1,-1,-1,-1,-1,-1,-1,-1,-1,-1,-1
400,4,100,13,16,16,164768.558368,164768.579406,0.021038,0x4052e4,1,155,88,67,58,80.000000,0,0,0.041476,1.200000,0.800000,mba,0,,0,0,-1,-1,-1,-1,-1,-1,-1,-1,-1,-1,-1,-1
400,4,100,14,16,16,164768.558640,164768.579218,0.020578,0x4052e4,1,174,116,58,60,80.000000,0,0,0.041476,1.200000,0.800000,mba,0,,0,0,-1,-1,-1,-1,-1,-1,-1,-1,-1,-1,-1,-1
400,4,100,15,16,16,164768.557771,164768.578232,0.020461,0x4052e4,1,158,108,50,62,80.000000,0,0,0.041476,1.200000,0.800000,mba,0,,0,0,-1,-1,-1,-1,-1,-1,-1,-1,-1,-1,-1,-1
401,5,100,0,16,16,164768.651511,164768.671691,0.020180,0x40533c,1,35,5,30,32,80.000000,0,0,0.027184,1.200000,0.800000,mba,0,,0,0,-1,-1,-1,-1,-1,-1,-1,-1,-1,-1,-1,-1
401,5,100,1,16,16,164768.652518,164768.673122,0.020604,0x40533c,1,85,51,34,34,80.000000,0,0,0.027184,1.200000,0.800000,mba,0,,0,0,-1,-1,-1,-1,-1,-1,-1,-1,-1,-1,-1,-1
401,5,100,2,16,16,164768.651824,164768.671878,0.020054,0x40533c,1,165,122,43,36,80.000000,0,0,0.027184,1.200000,0.800000,mba,0,,0,0,-1,-1,-1,-1,-1,-1,-1,-1,-1,-1,-1,-1
401,5,100,3,16,16,164768.652533,164768.672707,0.020174,0x40533c,1,164,121,43,38,80.000000,0,0,0.027184,1.200000,0.800000,mba,0,,0,0,-1,-1,-1,-1,-1,-1,-1,-1,-1,-1,-1,-1
401,5,100,4,16,16,164768.651939,164768.678162,0.026223,0x40533c,1,658,500,158,40,100.000000,0,0,0.027184,1.200000,0.800000,mba,0,,0,0,-1,-1,-1,-1,-1,-1,-1,-1,-1,-1,-1,-1
401,5,100,5,16,16,164768.651678,164768.677017,0.025339,0x40533c,1,577,292,285,42,100.000000,0,0,0.027184,1.200000,0.800000,mba,0,,0,0,-1,-1,-1,-1,-1,-1,-1,-1,-1,-1,-1,-1
401,5,100,6,16,16,164768.651783,164768.677330,0.025547,0x40533c,1,703,480,223,12,100.000000,0,0,0.027184,1.200000,0.800000,mba,0,,0,0,-1,-1,-1,-1,-1,-1,-1,-1,-1,-1,-1,-1
401,5,100,7,16,16,164768.652431,164768.678408,0.025977,0x40533c,1,793,479,314,46,100.000000,0,0,0.027184,1.200000,0.800000,mba,0,,0,0,-1,-1,-1,-1,-1,-1,-1,-1,-1,-1,-1,-1
401,5,100,8,16,16,164768.651224,164768.676286,0.025062,0x40533c,1,594,309,285,48,100.000000,0,0,0.027184,1.200000,0.800000,mba,0,,0,0,-1,-1,-1,-1,-1,-1,-1,-1,-1,-1,-1,-1
401,5,100,9,16,16,164768.651398,164768.676892,0.025494,0x40533c,1,501,172,329,50,100.000000,0,0,0.027184,1.200000,0.800000,mba,0,,0,0,-1,-1,-1,-1,-1,-1,-1,-1,-1,-1,-1,-1
401,5,100,10,16,16,164768.652111,164768.677553,0.025442,0x40533c,1,612,375,237,52,100.000000,0,0,0.027184,1.200000,0.800000,mba,0,,0,0,-1,-1,-1,-1,-1,-1,-1,-1,-1,-1,-1,-1
401,5,100,11,16,16,164768.651638,164768.677355,0.025717,0x40533c,1,525,250,275,54,100.000000,0,0,0.027184,1.200000,0.800000,mba,0,,0,0,-1,-1,-1,-1,-1,-1,-1,-1,-1,-1,-1,-1
401,5,100,12,16,16,164768.652138,164768.672198,0.020060,0x40533c,1,67,29,38,56,80.000000,0,0,0.027184,1.200000,0.800000,mba,0,,0,0,-1,-1,-1,-1,-1,-1,-1,-1,-1,-1,-1,-1
401,5,100,13,16,16,164768.651979,164768.672302,0.020323,0x40533c,1,99,45,54,58,80.000000,0,0,0.027184,1.200000,0.800000,mba,0,,0,0,-1,-1,-1,-1,-1,-1,-1,-1,-1,-1,-1,-1
401,5,100,14,16,16,164768.652500,164768.672658,0.020158,0x40533c,1,153,113,40,60,80.000000,0,0,0.027184,1.200000,0.800000,mba,0,,0,0,-1,-1,-1,-1,-1,-1,-1,-1,-1,-1,-1,-1
401,5,100,15,16,16,164768.652508,164768.673126,0.020618,0x40533c,1,119,82,37,62,80.000000,0,0,0.027184,1.200000,0.800000,mba,0,,0,0,-1,-1,-1,-1,-1,-1,-1,-1,-1,-1,-1,-1
798,2,200,0,16,16,319284.767436,320955.793970,1227.745933,0x4051ce,1,50964993,50579185,385808,0,30.000000,1,1,1679.162947,1.200000,0.800000,mba,0,,1,1,720896,1802240,121561088,21897216,36199432192,35933511680,21987328,36199432192,35932610560,-1,-1,-1
798,2,200,1,16,16,319283.676108,320955.546651,1237.898687,0x4051ce,1,52220465,51808859,411606,34,30.000000,1,1,1679.162947,1.200000,0.800000,mba,0,,1,1,90112,1892352,113360896,1531904,36197539840,36134821888,1531904,36197810176,36135092224,-1,-1,-1
798,2,200,2,16,16,319284.366057,320955.582263,1238.923338,0x4051ce,1,52232456,51807313,425143,36,30.000000,1,1,1679.162947,1.200000,0.800000,mba,0,,1,1,360448,1892352,108584960,14147584,36198350848,36127973376,14327808,36198440960,36128874496,-1,-1,-1
798,2,200,3,16,16,319283.864178,320955.577408,1236.320996,0x4051ce,1,52292879,51741415,551464,38,30.000000,1,1,1679.162947,1.200000,0.800000,mba,0,,1,1,90112,1892352,116875264,4415488,36198350848,36124819456,4505600,36198440960,36125450240,-1,-1,-1
798,2,200,4,16,16,319283.646538,320961.403181,1503.968131,0x4051ce,1,204392376,178450988,25941388,40,100.000000,1,1,1679.162947,1.200000,0.800000,mba,0,,1,1,80289792,83533824,811008,12421211365376,12546740084736,121136209920,12421211365376,12546740084736,121134768128,-1,-1,-1
798,2,200,5,16,16,319284.229886,320962.730654,1543.933104,0x4051ce,1,204412551,179992302,24420249,42,100.000000,1,1,1679.162947,1.200000,0.800000,mba,0,,1,1,77856768,84164608,1261568,12421236416512,12546767298560,122673250304,12421236776960,12546767298560,122668834816,-1,-1,-1
798,2,200,6,16,16,319284.048119,320960.002984,1469.602669,0x4051ce,1,193064171,166421569,26642602,44,100.000000,1,1,1679.162947,1.200000,0.800000,mba,0,,1,1,78036992,82722816,-1171456,12421227225088,12546624651264,118512238592,12421227585536,12546625552384,118518996992,-1,-1,-1
798,2,200,7,16,16,319284.498305,320961.379696,1671.889477,0x4051ce,1,203814122,177840307,25973815,46,100.000000,1,1,1679.162947,1.200000,0.800000,mba,0,,1,1,77406208,83623936,5136384,12421253808128,12546739453952,125467983872,12421254168576,12546739904512,125459333120,-1,-1,-1
798,2,200,8,16,16,319283.644998,320960.890711,1594.645737,0x4051ce,1,203932620,177794538,26138082,48,100.000000,1,1,1679.162947,1.200000,0.800000,mba,0,,1,1,80289792,82722816,-1712128,12421211275264,12546706292736,123923914752,12421211365376,12546706563072,123926347776,-1,-1,-1
798,2,200,9,16,16,319284.507940,320960.417181,1470.267438,0x4051ce,1,193090526,167063860,26026666,50,100.000000,1,1,1679.162947,1.200000,0.800000,mba,0,,1,1,77406208,82903040,540672,12421254348800,12546662588416,118283894784,12421254619136,12546663038976,118285066240,-1,-1,-1
798,2,200,10,16,16,319283.578926,320961.157949,1501.059082,0x4051ce,1,204486766,180629550,23857216,52,100.000000,1,1,1679.162947,1.200000,0.800000,mba,0,,1,1,80289792,82903040,1712128,12421210464256,12546726297600,120991399936,12421210464256,12546726297600,120990408704,-1,-1,-1
798,2,200,11,16,16,319284.634368,320961.339365,1594.748920,0x4051ce,1,203914403,179729541,24184862,54,100.000000,1,1,1679.162947,1.200000,0.800000,mba,0,,1,1,76955648,83443712,2162688,12421262729216,12546737831936,123816321024,12421263089664,12546738012160,123808391168,-1,-1,-1
798,2,200,12,16,16,319284.906509,320955.520643,1231.020686,0x4051ce,1,52412470,51637565,774905,56,30.000000,1,1,1679.162947,1.200000,0.800000,mba,0,,1,1,901120,1982464,115343360,27303936,36196728832,36027408384,27394048,36196909056,36028850176,-1,-1,-1
798,2,200,13,16,16,319283.618373,320955.626727,1236.408293,0x4051ce,1,52404112,51890503,513609,58,30.000000,1,1,1679.162947,1.200000,0.800000,mba,0,,1,1,0,1892352,116514816,90112,36198621184,36127522816,90112,36198621184,36127703040,-1,-1,-1
798,2,200,14,16,16,319283.567707,320955.604103,1234.284643,0x4051ce,1,52404255,51893384,510871,60,30.000000,1,1,1679.162947,1.200000,0.800000,mba,0,,1,1,0,1802240,117596160,0,36198531072,36102291456,0,36198531072,36102832128,-1,-1,-1
798,2,200,15,16,16,319283.593188,320955.755710,1221.690978,0x4051ce,1,51358922,50888317,470605,62,30.000000,1,1,1679.162947,1.200000,0.800000,mba,0,,1,1,90112,1892352,122462208,0,36199342080,35774464000,90112,36199342080,35775004672,-1,-1,-1
799,3,200,0,16,16,320962.990374,320963.213636,0.223262,0x405218,1,6873,5865,1008,32,20.000000,0,0,0.659040,1.200000,0.800000,mba,0,,0,0,-1,-1,-1,-1,-1,-1,-1,-1,-1,-1,-1,-1
799,3,200,1,16,16,320962.986871,320963.196497,0.209626,0x405218,1,6738,5995,743,34,20.000000,0,0,0.659040,1.200000,0.800000,mba,0,,0,0,-1,-1,-1,-1,-1,-1,-1,-1,-1,-1,-1,-1
799,3,200,2,16,16,320962.987502,320963.191623,0.204121,0x405218,1,6435,5342,1093,36,20.000000,0,0,0.659040,1.200000,0.800000,mba,0,,0,0,-1,-1,-1,-1,-1,-1,-1,-1,-1,-1,-1,-1
799,3,200,3,16,16,320962.985915,320963.177732,0.191817,0x405218,1,5633,4575,1058,38,20.000000,0,0,0.659040,1.200000,0.800000,mba,0,,0,0,-1,-1,-1,-1,-1,-1,-1,-1,-1,-1,-1,-1
799,3,200,4,16,16,320962.985807,320963.463481,0.477674,0x405218,1,21322,18321,3001,40,60.000000,0,0,0.659040,1.200000,0.800000,mba,0,,0,0,-1,-1,-1,-1,-1,-1,-1,-1,-1,-1,-1,-1
799,3,200,5,16,16,320962.986651,320963.644754,0.658103,0x405218,1,20945,17480,3465,42,100.000000,0,0,0.659040,1.200000,0.800000,mba,0,,0,0,-1,-1,-1,-1,-1,-1,-1,-1,-1,-1,-1,-1
799,3,200,6,16,16,320962.986829,320963.544040,0.557211,0x405218,1,20683,17294,3389,44,80.000000,0,0,0.659040,1.200000,0.800000,mba,0,,0,0,-1,-1,-1,-1,-1,-1,-1,-1,-1,-1,-1,-1
799,3,200,7,16,16,320962.986256,320963.546448,0.560192,0x405218,1,21429,13817,7612,46,100.000000,0,0,0.659040,1.200000,0.800000,mba,0,,0,0,-1,-1,-1,-1,-1,-1,-1,-1,-1,-1,-1,-1
799,3,200,8,16,16,320962.985959,320963.511067,0.525108,0x405218,1,21511,13685,7826,48,60.000000,0,0,0.659040,1.200000,0.800000,mba,0,,0,0,-1,-1,-1,-1,-1,-1,-1,-1,-1,-1,-1,-1
799,3,200,9,16,16,320962.986881,320963.459200,0.472319,0x405218,1,20557,19324,1233,50,60.000000,0,0,0.659040,1.200000,0.800000,mba,0,,0,0,-1,-1,-1,-1,-1,-1,-1,-1,-1,-1,-1,-1
799,3,200,10,16,16,320962.985985,320963.485342,0.499357,0x405218,1,21629,19934,1695,52,60.000000,0,0,0.659040,1.200000,0.800000,mba,0,,0,0,-1,-1,-1,-1,-1,-1,-1,-1,-1,-1,-1,-1
799,3,200,11,16,16,320962.986493,320963.505063,0.518570,0x405218,1,21787,20140,1647,54,60.000000,0,0,0.659040,1.200000,0.800000,mba,0,,0,0,-1,-1,-1,-1,-1,-1,-1,-1,-1,-1,-1,-1
799,3,200,12,16,16,320962.985991,320963.182284,0.196293,0x405218,1,6483,5403,1080,56,20.000000,0,0,0.659040,1.200000,0.800000,mba,0,,0,0,-1,-1,-1,-1,-1,-1,-1,-1,-1,-1,-1,-1
799,3,200,13,16,16,320962.985946,320963.197688,0.211742,0x405218,1,5965,5266,699,58,20.000000,0,0,0.659040,1.200000,0.800000,mba,0,,0,0,-1,-1,-1,-1,-1,-1,-1,-1,-1,-1,-1,-1
799,3,200,14,16,16,320962.985714,320963.198547,0.212833,0x405218,1,5906,5285,621,60,20.000000,0,0,0.659040,1.200000,0.800000,mba,0,,0,0,-1,-1,-1,-1,-1,-1,-1,-1,-1,-1,-1,-1
799,3,200,15,16,16,320962.986004,320963.201493,0.215489,0x405218,1,6112,5632,480,62,20.000000,0,0,0.659040,1.200000,0.800000,mba,0,,0,0,-1,-1,-1,-1,-1,-1,-1,-1,-1,-1,-1,-1
800,4,200,0,16,16,320964.561963,320964.603265,0.041302,0x4052e4,1,1589,1265,324,32,100.000000,0,0,0.048393,1.200000,0.800000,mba,0,,0,0,-1,-1,-1,-1,-1,-1,-1,-1,-1,-1,-1,-1
800,4,200,1,16,16,320964.556668,320964.576413,0.019745,0x4052e4,1,228,172,56,34,50.000000,0,0,0.048393,1.200000,0.800000,mba,0,,0,0,-1,-1,-1,-1,-1,-1,-1,-1,-1,-1,-1,-1
800,4,200,2,16,16,320964.556269,320964.576044,0.019775,0x4052e4,1,169,102,67,36,50.000000,0,0,0.048393,1.200000,0.800000,mba,0,,0,0,-1,-1,-1,-1,-1,-1,-1,-1,-1,-1,-1,-1
800,4,200,3,16,16,320964.556175,320964.575737,0.019562,0x4052e4,1,186,107,79,38,60.000000,0,0,0.048393,1.200000,0.800000,mba,0,,0,0,-1,-1,-1,-1,-1,-1,-1,-1,-1,-1,-1,-1
800,4,200,4,16,16,320964.555705,320964.576601,0.020896,0x4052e4,1,291,211,80,40,60.000000,0,0,0.048393,1.200000,0.800000,mba,0,,0,0,-1,-1,-1,-1,-1,-1,-1,-1,-1,-1,-1,-1
800,4,200,5,16,16,320964.556737,320964.578435,0.021698,0x4052e4,1,90,37,53,42,60.000000,0,0,0.048393,1.200000,0.800000,mba,0,,0,0,-1,-1,-1,-1,-1,-1,-1,-1,-1,-1,-1,-1
800,4,200,6,16,16,320964.556322,320964.578250,0.021928,0x4052e4,1,311,245,66,44,60.000000,0,0,0.048393,1.200000,0.800000,mba,0,,0,0,-1,-1,-1,-1,-1,-1,-1,-1,-1,-1,-1,-1
800,4,200,7,16,16,320964.556133,320964.577918,0.021785,0x4052e4,1,451,310,141,46,60.000000,0,0,0.048393,1.200000,0.800000,mba,0,,0,0,-1,-1,-1,-1,-1,-1,-1,-1,-1,-1,-1,-1
800,4,200,8,16,16,320964.555429,320964.577211,0.021782,0x4052e4,1,370,286,84,48,60.000000,0,0,0.048393,1.200000,0.800000,mba,0,,0,0,-1,-1,-1,-1,-1,-1,-1,-1,-1,-1,-1,-1
800,4,200,9,16,16,320964.556366,320964.577982,0.021616,0x4052e4,1,366,266,100,50,60.000000,0,0,0.048393,1.200000,0.800000,mba,0,,0,0,-1,-1,-1,-1,-1,-1,-1,-1,-1,-1,-1,-1
800,4,200,10,16,16,320964.554872,320964.575965,0.021093,0x4052e4,1,375,331,44,52,60.000000,0,0,0.048393,1.200000,0.800000,mba,0,,0,0,-1,-1,-1,-1,-1,-1,-1,-1,-1,-1,-1,-1
800,4,200,11,16,16,320964.555551,320964.576627,0.021076,0x4052e4,1,319,250,69,54,60.000000,0,0,0.048393,1.200000,0.800000,mba,0,,0,0,-1,-1,-1,-1,-1,-1,-1,-1,-1,-1,-1,-1
800,4,200,12,16,16,320964.554973,320964.574479,0.019506,0x4052e4,1,244,162,82,56,50.000000,0,0,0.048393,1.200000,0.800000,mba,0,,0,0,-1,-1,-1,-1,-1,-1,-1,-1,-1,-1,-1,-1
800,4,200,13,16,16,320964.555074,320964.574039,0.018965,0x4052e4,1,91,30,61,58,50.000000,0,0,0.048393,1.200000,0.800000,mba,0,,0,0,-1,-1,-1,-1,-1,-1,-1,-1,-1,-1,-1,-1
800,4,200,14,16,16,320964.555685,320964.574546,0.018861,0x4052e4,1,120,55,65,60,50.000000,0,0,0.048393,1.200000,0.800000,mba,0,,0,0,-1,-1,-1,-1,-1,-1,-1,-1,-1,-1,-1,-1
800,4,200,15,16,16,320964.555428,320964.574416,0.018988,0x4052e4,1,144,69,75,62,50.000000,0,0,0.048393,1.200000,0.800000,mba,0,,0,0,-1,-1,-1,-1,-1,-1,-1,-1,-1,-1,-1,-1
801,5,200,0,16,16,320964.664013,320964.682895,0.018882,0x40533c,1,17,3,14,32,60.000000,0,0,0.026783,1.200000,0.800000,mba,0,,0,0,-1,-1,-1,-1,-1,-1,-1,-1,-1,-1,-1,-1
801,5,200,1,16,16,320964.665823,320964.684748,0.018925,0x40533c,1,174,95,79,34,60.000000,0,0,0.026783,1.200000,0.800000,mba,0,,0,0,-1,-1,-1,-1,-1,-1,-1,-1,-1,-1,-1,-1
801,5,200,2,16,16,320964.665105,320964.683993,0.018888,0x40533c,1,161,96,65,36,60.000000,0,0,0.026783,1.200000,0.800000,mba,0,,0,0,-1,-1,-1,-1,-1,-1,-1,-1,-1,-1,-1,-1
801,5,200,3,16,16,320964.664894,320964.684159,0.019265,0x40533c,1,207,156,51,38,60.000000,0,0,0.026783,1.200000,0.800000,mba,0,,0,0,-1,-1,-1,-1,-1,-1,-1,-1,-1,-1,-1,-1
801,5,200,4,16,16,320964.665445,320964.689485,0.024040,0x40533c,1,600,370,230,40,100.000000,0,0,0.026783,1.200000,0.800000,mba,0,,0,0,-1,-1,-1,-1,-1,-1,-1,-1,-1,-1,-1,-1
801,5,200,5,16,16,320964.664047,320964.689958,0.025911,0x40533c,1,125,51,74,42,100.000000,0,0,0.026783,1.200000,0.800000,mba,0,,0,0,-1,-1,-1,-1,-1,-1,-1,-1,-1,-1,-1,-1
801,5,200,6,16,16,320964.665770,320964.690192,0.024422,0x40533c,1,534,373,161,44,100.000000,0,0,0.026783,1.200000,0.800000,mba,0,,0,0,-1,-1,-1,-1,-1,-1,-1,-1,-1,-1,-1,-1
801,5,200,7,16,16,320964.664740,320964.689412,0.024672,0x40533c,1,731,510,221,46,100.000000,0,0,0.026783,1.200000,0.800000,mba,0,,0,0,-1,-1,-1,-1,-1,-1,-1,-1,-1,-1,-1,-1
801,5,200,8,16,16,320964.664249,320964.688872,0.024623,0x40533c,1,739,404,335,48,100.000000,0,0,0.026783,1.200000,0.800000,mba,0,,0,0,-1,-1,-1,-1,-1,-1,-1,-1,-1,-1,-1,-1
801,5,200,9,16,16,320964.665608,320964.689938,0.024330,0x40533c,1,543,208,335,50,100.000000,0,0,0.026783,1.200000,0.800000,mba,0,,0,0,-1,-1,-1,-1,-1,-1,-1,-1,-1,-1,-1,-1
801,5,200,10,16,16,320964.665386,320964.689343,0.023957,0x40533c,1,655,413,242,52,100.000000,0,0,0.026783,1.200000,0.800000,mba,0,,0,0,-1,-1,-1,-1,-1,-1,-1,-1,-1,-1,-1,-1
801,5,200,11,16,16,320964.665430,320964.689545,0.024115,0x40533c,1,633,326,307,54,100.000000,0,0,0.026783,1.200000,0.800000,mba,0,,0,0,-1,-1,-1,-1,-1,-1,-1,-1,-1,-1,-1,-1
801,5,200,12,16,16,320964.664886,320964.683724,0.018838,0x40533c,1,145,86,59,56,60.000000,0,0,0.026783,1.200000,0.800000,mba,0,,0,0,-1,-1,-1,-1,-1,-1,-1,-1,-1,-1,-1,-1
801,5,200,13,16,16,320964.665713,320964.684334,0.018621,0x40533c,1,120,73,47,58,60.000000,0,0,0.026783,1.200000,0.800000,mba,0,,0,0,-1,-1,-1,-1,-1,-1,-1,-1,-1,-1,-1,-1
801,5,200,14,16,16,320964.664096,320964.683243,0.019147,0x40533c,1,177,119,58,60,60.000000,0,0,0.026783,1.200000,0.800000,mba,0,,0,0,-1,-1,-1,-1,-1,-1,-1,-1,-1,-1,-1,-1
801,5,200,15,16,16,320964.663409,320964.682159,0.018750,0x40533c,1,129,94,35,62,60.000000,0,0,0.026783,1.200000,0.800000,mba,0,,0,0,-1,-1,-1,-1,-1,-1,-1,-1,-1,-1,-1,-1
1198,2,300,0,16,16,476763.112828,478416.954308,1225.968254,0x4051ce,1,50954620,50562008,392612,0,30.000000,1,1,1660.338985,1.200000,0.800000,mba,0,,1,1,7118848,2433024,111738880,3618738241536,3654937944064,35863314432,3618738331648,3654937944064,35864305664,-1,-1,-1
1198,2,300,1,16,16,476762.954050,478416.785315,1238.844753,0x4051ce,1,52223721,51800802,422919,34,30.000000,1,1,1660.338985,1.200000,0.800000,mba,0,,1,1,7118848,2433024,106151936,3618733826048,3654934609920,36107968512,3618733826048,3654934700032,36108689408,-1,-1,-1
1198,2,300,2,16,16,476762.928067,478416.823747,1239.744784,0x4051ce,1,52228531,51801033,427498,36,30.000000,1,1,1660.338985,1.200000,0.800000,mba,0,,1,1,7028736,2342912,105611264,3618733555712,3654935511040,36113915904,3618733826048,3654935601152,36114366464,-1,-1,-1
1198,2,300,3,16,16,476762.933096,478416.858318,1236.892062,0x4051ce,1,52279224,51729071,550153,38,30.000000,1,1,1660.338985,1.200000,0.800000,mba,0,,1,1,7028736,2342912,107593728,3618733645824,3654936141824,36097785856,3618733826048,3654936141824,36098596864,-1,-1,-1
1198,2,300,4,16,16,476762.965870,478422.780351,1506.603695,0x4051ce,1,204383663,178181811,26201852,40,100.000000,1,1,1660.338985,1.200000,0.800000,mba,0,,1,1,78217216,83533824,-720896,25055886344192,25181735501824,122268647424,25055886884864,25181735682048,122269278208,-1,-1,-1
1198,2,300,5,16,16,476762.961608,478422.565615,1566.668980,0x4051ce,1,204301601,180112414,24189187,42,100.000000,1,1,1660.338985,1.200000,0.800000,mba,0,,1,1,78217216,83533824,-811008,25055886344192,25181721083904,124463144960,25055886614528,25181721264128,124461883392,-1,-1,-1
1198,2,300,6,16,16,476762.967042,478422.764806,1641.946671,0x4051ce,1,192157391,165884732,26272659,44,100.000000,1,1,1660.338985,1.200000,0.800000,mba,0,,1,1,78217216,83533824,5767168,25055886163968,25181735321600,125653344256,25055886434304,25181735411712,125648478208,-1,-1,-1
1198,2,300,7,16,16,476762.934486,478422.804816,1546.656025,0x4051ce,1,204490771,179367567,25123204,46,100.000000,1,1,1660.338985,1.200000,0.800000,mba,0,,1,1,78307328,83533824,-450560,25055885623296,25181735862272,124270305280,25055885893632,25181735952384,124267872256,-1,-1,-1
1198,2,300,8,16,16,476762.922641,478422.289993,1539.357123,0x4051ce,1,204279926,180532485,23747441,48,100.000000,1,1,1660.338985,1.200000,0.800000,mba,0,,1,1,78307328,83623936,-1171456,25055885623296,25181696393216,123735400448,25055885893632,25181696843776,123739545600,-1,-1,-1
1198,2,300,9,16,16,476762.968191,478423.257945,1542.075436,0x4051ce,1,192702446,167825767,24876679,50,100.000000,1,1,1660.338985,1.200000,0.800000,mba,0,,1,1,78217216,83804160,-90112,25055886344192,25181744332800,122335059968,25055886974976,25181744332800,122333888512,-1,-1,-1
1198,2,300,10,16,16,476762.918960,478422.461903,1504.620623,0x4051ce,1,204482635,180349573,24133062,52,100.000000,1,1,1660.338985,1.200000,0.800000,mba,0,,1,1,78217216,83714048,-360448,25055885623296,25181711261696,122103382016,25055885803520,25181711622144,122113114112,-1,-1,-1
1198,2,300,11,16,16,476762.954096,478422.713114,1511.109969,0x4051ce,1,204476066,180883563,23592503,54,100.000000,1,1,1660.338985,1.200000,0.800000,mba,0,,1,1,78217216,83623936,-1171456,25055886073856,25181732528128,122568450048,25055886344192,25181732888576,122571694080,-1,-1,-1
1198,2,300,12,16,16,476762.938121,478416.889535,1236.391093,0x4051ce,1,52399360,51843049,556311,56,30.000000,1,1,1660.338985,1.200000,0.800000,mba,0,,1,1,7118848,2342912,107773952,3618733645824,3654936412160,36093820928,3618733826048,3654936502272,36094992384,-1,-1,-1
1198,2,300,13,16,16,476762.958377,478417.437838,1249.956370,0x4051ce,1,51886928,51175585,711343,58,30.000000,1,1,1660.338985,1.200000,0.800000,mba,0,,1,1,7028736,2433024,105611264,3618733826048,3654939566080,36176543744,3618733916160,3654939566080,36175462400,-1,-1,-1
1198,2,300,14,16,16,476762.944817,478416.881900,1235.935934,0x4051ce,1,52406982,51890288,516694,60,30.000000,1,1,1660.338985,1.200000,0.800000,mba,0,,1,1,7028736,2342912,107233280,3618733555712,3654936322048,36088504320,3618733735936,3654936502272,36089856000,-1,-1,-1
1198,2,300,15,16,16,476762.963027,478417.030050,1223.866656,0x4051ce,1,51386205,50912530,473675,62,30.000000,1,1,1660.338985,1.200000,0.800000,mba,0,,1,1,7118848,2433024,112910336,3618733735936,3654938394624,35782213632,3618733826048,3654938394624,35782754304,-1,-1,-1
1199,3,300,0,16,16,478423.513679,478423.735612,0.221933,0x405218,1,6862,5927,935,0,20.000000,0,0,0.637799,1.200000,0.800000,mba,0,,0,0,-1,-1,-1,-1,-1,-1,-1,-1,-1,-1,-1,-1
1199,3,300,1,16,16,478423.511973,478423.720726,0.208753,0x405218,1,6776,6126,650,34,20.000000,0,0,0.637799,1.200000,0.800000,mba,0,,0,0,-1,-1,-1,-1,-1,-1,-1,-1,-1,-1,-1,-1
1199,3,300,2,16,16,478423.511703,478423.711848,0.200145,0x405218,1,6159,4700,1459,36,20.000000,0,0,0.637799,1.200000,0.800000,mba,0,,0,0,-1,-1,-1,-1,-1,-1,-1,-1,-1,-1,-1,-1
1199,3,300,3,16,16,478423.511052,478423.705564,0.194512,0x405218,1,5305,4697,608,38,20.000000,0,0,0.637799,1.200000,0.800000,mba,0,,0,0,-1,-1,-1,-1,-1,-1,-1,-1,-1,-1,-1,-1
1199,3,300,4,16,16,478423.510971,478424.009977,0.499006,0x405218,1,21348,18944,2404,40,50.000000,0,0,0.637799,1.200000,0.800000,mba,0,,0,0,-1,-1,-1,-1,-1,-1,-1,-1,-1,-1,-1,-1
1199,3,300,5,16,16,478423.510759,478424.148250,0.637491,0x405218,1,21896,19213,2683,42,100.000000,0,0,0.637799,1.200000,0.800000,mba,0,,0,0,-1,-1,-1,-1,-1,-1,-1,-1,-1,-1,-1,-1
1199,3,300,6,16,16,478423.511126,478424.125792,0.614666,0x405218,1,19782,15854,3928,44,80.000000,0,0,0.637799,1.200000,0.800000,mba,0,,0,0,-1,-1,-1,-1,-1,-1,-1,-1,-1,-1,-1,-1
1199,3,300,7,16,16,478423.511498,478424.082846,0.571348,0x405218,1,21431,14018,7413,46,100.000000,0,0,0.637799,1.200000,0.800000,mba,0,,0,0,-1,-1,-1,-1,-1,-1,-1,-1,-1,-1,-1,-1
1199,3,300,8,16,16,478423.511285,478424.038982,0.527697,0x405218,1,21509,13977,7532,48,60.000000,0,0,0.637799,1.200000,0.800000,mba,0,,0,0,-1,-1,-1,-1,-1,-1,-1,-1,-1,-1,-1,-1
1199,3,300,9,16,16,478423.511122,478424.041241,0.530119,0x405218,1,19679,17156,2523,50,50.000000,0,0,0.637799,1.200000,0.800000,mba,0,,0,0,-1,-1,-1,-1,-1,-1,-1,-1,-1,-1,-1,-1
1199,3,300,10,16,16,478423.510517,478424.019000,0.508483,0x405218,1,21597,20061,1536,52,50.000000,0,0,0.637799,1.200000,0.800000,mba,0,,0,0,-1,-1,-1,-1,-1,-1,-1,-1,-1,-1,-1,-1
1199,3,300,11,16,16,478423.511115,478424.036838,0.525723,0x405218,1,21804,20421,1383,54,60.000000,0,0,0.637799,1.200000,0.800000,mba,0,,0,0,-1,-1,-1,-1,-1,-1,-1,-1,-1,-1,-1,-1
1199,3,300,12,16,16,478423.511262,478423.713545,0.202283,0x405218,1,5799,4885,914,56,20.000000,0,0,0.637799,1.200000,0.800000,mba,0,,0,0,-1,-1,-1,-1,-1,-1,-1,-1,-1,-1,-1,-1
1199,3,300,13,16,16,478423.510894,478423.744438,0.233544,0x405218,1,6432,5709,723,58,20.000000,0,0,0.637799,1.200000,0.800000,mba,0,,0,0,-1,-1,-1,-1,-1,-1,-1,-1,-1,-1,-1,-1
1199,3,300,14,16,16,478423.510451,478423.721535,0.211084,0x405218,1,5866,5249,617,60,20.000000,0,0,0.637799,1.200000,0.800000,mba,0,,0,0,-1,-1,-1,-1,-1,-1,-1,-1,-1,-1,-1,-1
1199,3,300,15,16,16,478423.510579,478423.711263,0.200684,0x405218,1,6053,5518,535,62,20.000000,0,0,0.637799,1.200000,0.800000,mba,0,,0,0,-1,-1,-1,-1,-1,-1,-1,-1,-1,-1,-1,-1
1200,4,300,0,16,16,478425.077898,478425.120878,0.042980,0x4052e4,1,1626,1308,318,0,100.000000,0,0,0.050864,1.200000,0.800000,mba,0,,0,0,-1,-1,-1,-1,-1,-1,-1,-1,-1,-1,-1,-1
1200,4,300,1,16,16,478425.072061,478425.093167,0.021106,0x4052e4,1,222,164,58,34,30.000000,0,0,0.050864,1.200000,0.800000,mba,0,,0,0,-1,-1,-1,-1,-1,-1,-1,-1,-1,-1,-1,-1
1200,4,300,2,16,16,478425.072048,478425.092722,0.020674,0x4052e4,1,119,61,58,36,30.000000,0,0,0.050864,1.200000,0.800000,mba,0,,0,0,-1,-1,-1,-1,-1,-1,-1,-1,-1,-1,-1,-1
1200,4,300,3,16,16,478425.071019,478425.091541,0.020522,0x4052e4,1,134,80,54,38,40.000000,0,0,0.050864,1.200000,0.800000,mba,0,,0,0,-1,-1,-1,-1,-1,-1,-1,-1,-1,-1,-1,-1
1200,4,300,4,16,16,478425.071889,478425.094002,0.022113,0x4052e4,1,236,195,41,40,40.000000,0,0,0.050864,1.200000,0.800000,mba,0,,0,0,-1,-1,-1,-1,-1,-1,-1,-1,-1,-1,-1,-1
1200,4,300,5,16,16,478425.071833,478425.094708,0.022875,0x4052e4,1,413,348,65,42,40.000000,0,0,0.050864,1.200000,0.800000,mba,0,,0,0,-1,-1,-1,-1,-1,-1,-1,-1,-1,-1,-1,-1
1200,4,300,6,16,16,478425.071823,478425.095212,0.023389,0x4052e4,1,77,40,37,44,40.000000,0,0,0.050864,1.200000,0.800000,mba,0,,0,0,-1,-1,-1,-1,-1,-1,-1,-1,-1,-1,-1,-1
1200,4,300,7,16,16,478425.071577,478425.095019,0.023442,0x4052e4,1,331,281,50,46,40.000000,0,0,0.050864,1.200000,0.800000,mba,0,,0,0,-1,-1,-1,-1,-1,-1,-1,-1,-1,-1,-1,-1
1200,4,300,8,16,16,478425.071088,478425.094976,0.023888,0x4052e4,1,435,384,51,48,40.000000,0,0,0.050864,1.200000,0.800000,mba,0,,0,0,-1,-1,-1,-1,-1,-1,-1,-1,-1,-1,-1,-1
1200,4,300,9,16,16,478425.070996,478425.093744,0.022748,0x4052e4,1,70,30,40,50,40.000000,0,0,0.050864,1.200000,0.800000,mba,0,,0,0,-1,-1,-1,-1,-1,-1,-1,-1,-1,-1,-1,-1
1200,4,300,10,16,16,478425.070085,478425.092793,0.022708,0x4052e4,1,339,296,43,52,40.000000,0,0,0.050864,1.200000,0.800000,mba,0,,0,0,-1,-1,-1,-1,-1,-1,-1,-1,-1,-1,-1,-1
1200,4,300,11,16,16,478425.070605,478425.093045,0.022440,0x4052e4,1,301,270,31,54,40.000000,0,0,0.050864,1.200000,0.800000,mba,0,,0,0,-1,-1,-1,-1,-1,-1,-1,-1,-1,-1,-1,-1
1200,4,300,12,16,16,478425.070365,478425.091000,0.020635,0x4052e4,1,87,61,26,56,30.000000,0,0,0.050864,1.200000,0.800000,mba,0,,0,0,-1,-1,-1,-1,-1,-1,-1,-1,-1,-1,-1,-1
1200,4,300,13,16,16,478425.071263,478425.092704,0.021441,0x4052e4,1,43,16,27,58,30.000000,0,0,0.050864,1.200000,0.800000,mba,0,,0,0,-1,-1,-1,-1,-1,-1,-1,-1,-1,-1,-1,-1
1200,4,300,14,16,16,478425.071955,478425.092799,0.020844,0x4052e4,1,101,45,56,60,30.000000,0,0,0.050864,1.200000,0.800000,mba,0,,0,0,-1,-1,-1,-1,-1,-1,-1,-1,-1,-1,-1,-1
1200,4,300,15,16,16,478425.070014,478425.090484,0.020470,0x4052e4,1,103,66,37,62,30.000000,0,0,0.050864,1.200000,0.800000,mba,0,,0,0,-1,-1,-1,-1,-1,-1,-1,-1,-1,-1,-1,-1
1201,5,300,0,16,16,478425.180314,478425.200554,0.020240,0x40533c,1,17,2,15,0,50.000000,0,0,0.028926,1.200000,0.800000,mba,0,,0,0,-1,-1,-1,-1,-1,-1,-1,-1,-1,-1,-1,-1
1201,5,300,1,16,16,478425.179469,478425.200144,0.020675,0x40533c,1,151,92,59,34,50.000000,0,0,0.028926,1.200000,0.800000,mba,0,,0,0,-1,-1,-1,-1,-1,-1,-1,-1,-1,-1,-1,-1
1201,5,300,2,16,16,478425.180508,478425.200721,0.020213,0x40533c,1,173,110,63,36,50.000000,0,0,0.028926,1.200000,0.800000,mba,0,,0,0,-1,-1,-1,-1,-1,-1,-1,-1,-1,-1,-1,-1
1201,5,300,3,16,16,478425.179614,478425.199988,0.020374,0x40533c,1,148,89,59,38,50.000000,0,0,0.028926,1.200000,0.800000,mba,0,,0,0,-1,-1,-1,-1,-1,-1,-1,-1,-1,-1,-1,-1
1201,5,300,4,16,16,478425.179125,478425.204832,0.025707,0x40533c,1,541,352,189,40,100.000000,0,0,0.028926,1.200000,0.800000,mba,0,,0,0,-1,-1,-1,-1,-1,-1,-1,-1,-1,-1,-1,-1
1201,5,300,5,16,16,478425.179197,478425.204626,0.025429,0x40533c,1,603,279,324,42,100.000000,0,0,0.028926,1.200000,0.800000,mba,0,,0,0,-1,-1,-1,-1,-1,-1,-1,-1,-1,-1,-1,-1
1201,5,300,6,16,16,478425.178707,478425.206301,0.027594,0x40533c,1,168,110,58,44,100.000000,0,0,0.028926,1.200000,0.800000,mba,0,,0,0,-1,-1,-1,-1,-1,-1,-1,-1,-1,-1,-1,-1
1201,5,300,7,16,16,478425.179835,478425.206204,0.026369,0x40533c,1,759,490,269,46,100.000000,0,0,0.028926,1.200000,0.800000,mba,0,,0,0,-1,-1,-1,-1,-1,-1,-1,-1,-1,-1,-1,-1
1201,5,300,8,16,16,478425.178270,478425.203537,0.025267,0x40533c,1,796,450,346,48,100.000000,0,0,0.028926,1.200000,0.800000,mba,0,,0,0,-1,-1,-1,-1,-1,-1,-1,-1,-1,-1,-1,-1
1201,5,300,9,16,16,478425.179915,478425.207196,0.027281,0x40533c,1,161,64,97,50,100.000000,0,0,0.028926,1.200000,0.800000,mba,0,,0,0,-1,-1,-1,-1,-1,-1,-1,-1,-1,-1,-1,-1
1201,5,300,10,16,16,478425.179637,478425.205561,0.025924,0x40533c,1,648,415,233,52,100.000000,0,0,0.028926,1.200000,0.800000,mba,0,,0,0,-1,-1,-1,-1,-1,-1,-1,-1,-1,-1,-1,-1
1201,5,300,11,16,16,478425.179747,478425.205488,0.025741,0x40533c,1,639,349,290,54,100.000000,0,0,0.028926,1.200000,0.800000,mba,0,,0,0,-1,-1,-1,-1,-1,-1,-1,-1,-1,-1,-1,-1
1201,5,300,12,16,16,478425.179602,478425.199798,0.020196,0x40533c,1,139,106,33,56,50.000000,0,0,0.028926,1.200000,0.800000,mba,0,,0,0,-1,-1,-1,-1,-1,-1,-1,-1,-1,-1,-1,-1
1201,5,300,13,16,16,478425.179887,478425.200839,0.020952,0x40533c,1,83,36,47,58,50.000000,0,0,0.028926,1.200000,0.800000,mba,0,,0,0,-1,-1,-1,-1,-1,-1,-1,-1,-1,-1,-1,-1
1201,5,300,14,16,16,478425.180380,478425.200434,0.020054,0x40533c,1,103,66,37,60,50.000000,0,0,0.028926,1.200000,0.800000,mba,0,,0,0,-1,-1,-1,-1,-1,-1,-1,-1,-1,-1,-1,-1
1201,5,300,15,16,16,478425.178598,478425.198728,0.020130,0x40533c,1,84,45,39,62,50.000000,0,0,0.028926,1.200000,0.800000,mba,0,,0,0,-1,-1,-1,-1,-1,-1,-1,-1,-1,-1,-1,-1
1598,2,400,0,16,16,634096.381168,635654.798640,1230.225701,0x4051ce,1,50960929,50534282,426647,0,30.000000,1,1,1563.934547,1.200000,0.800000,mba,0,,1,1,4235264,2793472,107413504,7237365735424,7273556967424,35895484416,7237365825536,7273556967424,35897286656,-1,-1,-1
1598,2,400,1,16,16,634096.389957,635654.564201,1242.695887,0x4051ce,1,52225521,51808899,416622,34,30.000000,1,1,1563.934547,1.200000,0.800000,mba,0,,1,1,4325376,2883584,99123200,7237365825536,7273554534400,36130316288,7237365915648,7273555075072,36131938304,-1,-1,-1
1598,2,400,2,16,16,634096.378238,635654.563738,1243.591128,0x4051ce,1,52225038,51799477,425561,36,30.000000,1,1,1563.934547,1.200000,0.800000,mba,0,,1,1,4325376,2883584,98942976,7237365825536,7273554804736,36130947072,7237365915648,7273555165184,36132839424,-1,-1,-1
1598,2,400,3,16,16,634096.372157,635654.630851,1240.686985,0x4051ce,1,52276758,51728370,548388,38,30.000000,1,1,1563.934547,1.200000,0.800000,mba,0,,1,1,4235264,2793472,102457344,7237365735424,7273555795968,36122386432,7237365825536,7273555795968,36121395200,-1,-1,-1
1598,2,400,4,16,16,634096.380302,635660.302507,1513.399776,0x4051ce,1,203168140,178457404,24710736,40,100.000000,1,1,1563.934547,1.200000,0.800000,mba,0,,1,1,81371136,83443712,-90112,37665462968320,37790997274624,123929321472,37665462968320,37790997274624,123925266432,-1,-1,-1
1598,2,400,5,16,16,634096.391352,635660.025398,1549.648428,0x4051ce,1,203221720,179322806,23898914,42,100.000000,1,1,1563.934547,1.200000,0.800000,mba,0,,1,1,81371136,83083264,-811008,37665462968320,37790984388608,125264691200,37665462968320,37790985199616,125264150528,-1,-1,-1
1598,2,400,6,16,16,634096.377828,635658.853308,1478.759030,0x4051ce,1,191860332,166093589,25766743,44,100.000000,1,1,1563.934547,1.200000,0.800000,mba,0,,1,1,81371136,82542592,-1441792,37665462968320,37790876344320,121151799296,37665462968320,37790876794880,121156485120,-1,-1,-1
1598,2,400,7,16,16,634096.372367,635660.239556,1559.118038,0x4051ce,1,203286579,180598076,22688503,46,100.000000,1,1,1563.934547,1.200000,0.800000,mba,0,,1,1,81461248,83173376,991232,37665462968320,37790996643840,125525565440,37665462968320,37790996824064,125517635584,-1,-1,-1
1598,2,400,8,16,16,634096.388735,635659.817118,1544.140813,0x4051ce,1,203064238,179340017,23724221,48,100.000000,1,1,1563.934547,1.200000,0.800000,mba,0,,1,1,81371136,82993152,-811008,37665462968320,37790968528896,124918300672,37665462968320,37790969069568,124921544704,-1,-1,-1
1598,2,400,9,16,16,634096.396422,635659.199522,1461.179202,0x4051ce,1,192011010,166931250,25079760,50,100.000000,1,1,1563.934547,1.200000,0.800000,mba,0,,1,1,81371136,82452480,-1982464,37665462968320,37790910046208,120053063680,37665462968320,37790910496768,120058830848,-1,-1,-1
1598,2,400,10,16,16,634096.369719,635660.020347,1512.554416,0x4051ce,1,203260246,180601132,22659114,52,100.000000,1,1,1563.934547,1.200000,0.800000,mba,0,,1,1,81371136,83083264,-991232,37665462968320,37790984118272,123898773504,37665462968320,37790984749056,123900125184,-1,-1,-1
1598,2,400,11,16,16,634096.367960,635660.261680,1517.045495,0x4051ce,1,203258435,180285812,22972623,54,100.000000,1,1,1563.934547,1.200000,0.800000,mba,0,,1,1,81461248,83353600,-1802240,37665462968320,37790997184512,124132794368,37665462968320,37790997274624,124131713024,-1,-1,-1
1598,2,400,12,16,16,634096.383126,635654.567888,1238.902861,0x4051ce,1,52397085,51739654,657431,56,30.000000,1,1,1563.934547,1.200000,0.800000,mba,0,,1,1,4325376,2883584,103628800,7237365825536,7273554444288,36100218880,7237365915648,7273554984960,36102832128,-1,-1,-1
1598,2,400,13,16,16,634096.382283,635654.648880,1241.628315,0x4051ce,1,52396939,51886424,510515,58,30.000000,1,1,1563.934547,1.200000,0.800000,mba,0,,1,1,4325376,2793472,101466112,7237365825536,7273555886080,36130226176,7237365915648,7273555886080,36129865728,-1,-1,-1
1598,2,400,14,16,16,634096.385097,635654.613002,1239.877256,0x4051ce,1,52400243,51887799,512444,60,30.000000,1,1,1563.934547,1.200000,0.800000,mba,0,,1,1,4325376,2793472,103088128,7237365825536,7273555705856,36114546688,7237365915648,7273555705856,36114907136,-1,-1,-1
1598,2,400,15,16,16,634096.385612,635654.792939,1227.019272,0x4051ce,1,51359184,50891038,468146,62,30.000000,1,1,1563.934547,1.200000,0.800000,mba,0,,1,1,4325376,2793472,108134400,7237365825536,7273556697088,35782123520,7237365915648,7273556787200,35783745536,-1,-1,-1
1599,3,400,0,16,16,635660.551286,635660.783809,0.232523,0x405218,1,6792,5503,1289,32,20.000000,0,0,0.617823,1.200000,0.800000,mba,0,,0,0,-1,-1,-1,-1,-1,-1,-1,-1,-1,-1,-1,-1
1599,3,400,1,16,16,635660.547757,635660.758152,0.210395,0x405218,1,6798,6167,631,34,20.000000,0,0,0.617823,1.200000,0.800000,mba,0,,0,0,-1,-1,-1,-1,-1,-1,-1,-1,-1,-1,-1,-1
1599,3,400,2,16,16,635660.547873,635660.752353,0.204480,0x405218,1,6156,4767,1389,36,20.000000,0,0,0.617823,1.200000,0.800000,mba,0,,0,0,-1,-1,-1,-1,-1,-1,-1,-1,-1,-1,-1,-1
1599,3,400,3,16,16,635660.546711,635660.747368,0.200657,0x405218,1,5298,4741,557,38,20.000000,0,0,0.617823,1.200000,0.800000,mba,0,,0,0,-1,-1,-1,-1,-1,-1,-1,-1,-1,-1,-1,-1
1599,3,400,4,16,16,635660.547964,635661.030670,0.482706,0x405218,1,21168,18358,2810,40,50.000000,0,0,0.617823,1.200000,0.800000,mba,0,,0,0,-1,-1,-1,-1,-1,-1,-1,-1,-1,-1,-1,-1
1599,3,400,5,16,16,635660.547283,635661.164018,0.616735,0x405218,1,21737,18228,3509,42,100.000000,0,0,0.617823,1.200000,0.800000,mba,0,,0,0,-1,-1,-1,-1,-1,-1,-1,-1,-1,-1,-1,-1
1599,3,400,6,16,16,635660.547386,635661.122275,0.574889,0x405218,1,20522,17250,3272,44,80.000000,0,0,0.617823,1.200000,0.800000,mba,0,,0,0,-1,-1,-1,-1,-1,-1,-1,-1,-1,-1,-1,-1
1599,3,400,7,16,16,635660.547501,635661.115075,0.567574,0x405218,1,21315,13756,7559,46,100.000000,0,0,0.617823,1.200000,0.800000,mba,0,,0,0,-1,-1,-1,-1,-1,-1,-1,-1,-1,-1,-1,-1
1599,3,400,8,16,16,635660.546597,635661.079293,0.532696,0x405218,1,21379,13600,7779,48,60.000000,0,0,0.617823,1.200000,0.800000,mba,0,,0,0,-1,-1,-1,-1,-1,-1,-1,-1,-1,-1,-1,-1
1599,3,400,9,16,16,635660.547726,635661.026868,0.479142,0x405218,1,20419,19208,1211,50,40.000000,0,0,0.617823,1.200000,0.800000,mba,0,,0,0,-1,-1,-1,-1,-1,-1,-1,-1,-1,-1,-1,-1
1599,3,400,10,16,16,635660.546666,635661.055909,0.509243,0x405218,1,21455,19699,1756,52,50.000000,0,0,0.617823,1.200000,0.800000,mba,0,,0,0,-1,-1,-1,-1,-1,-1,-1,-1,-1,-1,-1,-1
1599,3,400,11,16,16,635660.547998,635661.077777,0.529779,0x405218,1,21663,19838,1825,54,60.000000,0,0,0.617823,1.200000,0.800000,mba,0,,0,0,-1,-1,-1,-1,-1,-1,-1,-1,-1,-1,-1,-1
1599,3,400,12,16,16,635660.546195,635660.745688,0.199493,0x405218,1,5780,5000,780,56,20.000000,0,0,0.617823,1.200000,0.800000,mba,0,,0,0,-1,-1,-1,-1,-1,-1,-1,-1,-1,-1,-1,-1
1599,3,400,13,16,16,635660.546889,635660.752439,0.205550,0x405218,1,5889,5184,705,58,20.000000,0,0,0.617823,1.200000,0.800000,mba,0,,0,0,-1,-1,-1,-1,-1,-1,-1,-1,-1,-1,-1,-1
1599,3,400,14,16,16,635660.546264,635660.755604,0.209340,0x405218,1,5839,4947,892,60,20.000000,0,0,0.617823,1.200000,0.800000,mba,0,,0,0,-1,-1,-1,-1,-1,-1,-1,-1,-1,-1,-1,-1
1599,3,400,15,16,16,635660.546773,635660.754063,0.207290,0x405218,1,6082,5539,543,62,20.000000,0,0,0.617823,1.200000,0.800000,mba,0,,0,0,-1,-1,-1,-1,-1,-1,-1,-1,-1,-1,-1,-1
1600,4,400,0,16,16,635662.099878,635662.146296,0.046418,0x4052e4,1,1900,1590,310,32,100.000000,0,0,0.052807,1.200000,0.800000,mba,0,,0,0,-1,-1,-1,-1,-1,-1,-1,-1,-1,-1,-1,-1
1600,4,400,1,16,16,635662.095193,635662.116588,0.021395,0x4052e4,1,217,174,43,34,20.000000,0,0,0.052807,1.200000,0.800000,mba,0,,0,0,-1,-1,-1,-1,-1,-1,-1,-1,-1,-1,-1,-1
1600,4,400,2,16,16,635662.094557,635662.114907,0.020350,0x4052e4,1,130,76,54,36,20.000000,0,0,0.052807,1.200000,0.800000,mba,0,,0,0,-1,-1,-1,-1,-1,-1,-1,-1,-1,-1,-1,-1
1600,4,400,3,16,16,635662.094338,635662.115036,0.020698,0x4052e4,1,126,80,46,38,30.000000,0,0,0.052807,1.200000,0.800000,mba,0,,0,0,-1,-1,-1,-1,-1,-1,-1,-1,-1,-1,-1,-1
1600,4,400,4,16,16,635662.094326,635662.116920,0.022594,0x4052e4,1,255,212,43,40,30.000000,0,0,0.052807,1.200000,0.800000,mba,0,,0,0,-1,-1,-1,-1,-1,-1,-1,-1,-1,-1,-1,-1
1600,4,400,5,16,16,635662.095155,635662.118372,0.023217,0x4052e4,1,364,321,43,42,30.000000,0,0,0.052807,1.200000,0.800000,mba,0,,0,0,-1,-1,-1,-1,-1,-1,-1,-1,-1,-1,-1,-1
1600,4,400,6,16,16,635662.095000,635662.117056,0.022056,0x4052e4,1,284,238,46,44,30.000000,0,0,0.052807,1.200000,0.800000,mba,0,,0,0,-1,-1,-1,-1,-1,-1,-1,-1,-1,-1,-1,-1
1600,4,400,7,16,16,635662.094794,635662.118420,0.023626,0x4052e4,1,382,288,94,46,30.000000,0,0,0.052807,1.200000,0.800000,mba,0,,0,0,-1,-1,-1,-1,-1,-1,-1,-1,-1,-1,-1,-1
1600,4,400,8,16,16,635662.093870,635662.117258,0.023388,0x4052e4,1,397,328,69,48,30.000000,0,0,0.052807,1.200000,0.800000,mba,0,,0,0,-1,-1,-1,-1,-1,-1,-1,-1,-1,-1,-1,-1
1600,4,400,9,16,16,635662.093636,635662.116600,0.022964,0x4052e4,1,317,282,35,50,30.000000,0,0,0.052807,1.200000,0.800000,mba,0,,0,0,-1,-1,-1,-1,-1,-1,-1,-1,-1,-1,-1,-1
1600,4,400,10,16,16,635662.095318,635662.117777,0.022459,0x4052e4,1,338,299,39,52,30.000000,0,0,0.052807,1.200000,0.800000,mba,0,,0,0,-1,-1,-1,-1,-1,-1,-1,-1,-1,-1,-1,-1
1600,4,400,11,16,16,635662.093791,635662.115623,0.021832,0x4052e4,1,271,241,30,54,30.000000,0,0,0.052807,1.200000,0.800000,mba,0,,0,0,-1,-1,-1,-1,-1,-1,-1,-1,-1,-1,-1,-1
1600,4,400,12,16,16,635662.094679,635662.115249,0.020570,0x4052e4,1,154,77,77,56,20.000000,0,0,0.052807,1.200000,0.800000,mba,0,,0,0,-1,-1,-1,-1,-1,-1,-1,-1,-1,-1,-1,-1
1600,4,400,13,16,16,635662.093489,635662.114239,0.020750,0x4052e4,1,98,41,57,58,20.000000,0,0,0.052807,1.200000,0.800000,mba,0,,0,0,-1,-1,-1,-1,-1,-1,-1,-1,-1,-1,-1,-1
1600,4,400,14,16,16,635662.093921,635662.114508,0.020587,0x4052e4,1,95,45,50,60,20.000000,0,0,0.052807,1.200000,0.800000,mba,0,,0,0,-1,-1,-1,-1,-1,-1,-1,-1,-1,-1,-1,-1
1600,4,400,15,16,16,635662.093819,635662.113872,0.020053,0x4052e4,1,118,80,38,62,20.000000,0,0,0.052807,1.200000,0.800000,mba,0,,0,0,-1,-1,-1,-1,-1,-1,-1,-1,-1,-1,-1,-1
1601,5,400,0,16,16,635662.204868,635662.225300,0.020432,0x40533c,1,31,1,30,32,40.000000,0,0,0.027486,1.200000,0.800000,mba,0,,0,0,-1,-1,-1,-1,-1,-1,-1,-1,-1,-1,-1,-1
1601,5,400,1,16,16,635662.205314,635662.225600,0.020286,0x40533c,1,108,68,40,34,40.000000,0,0,0.027486,1.200000,0.800000,mba,0,,0,0,-1,-1,-1,-1,-1,-1,-1,-1,-1,-1,-1,-1
1601,5,400,2,16,16,635662.205590,635662.225963,0.020373,0x40533c,1,157,105,52,36,40.000000,0,0,0.027486,1.200000,0.800000,mba,0,,0,0,-1,-1,-1,-1,-1,-1,-1,-1,-1,-1,-1,-1
1601,5,400,3,16,16,635662.204646,635662.225116,0.020470,0x40533c,1,125,85,40,38,50.000000,0,0,0.027486,1.200000,0.800000,mba,0,,0,0,-1,-1,-1,-1,-1,-1,-1,-1,-1,-1,-1,-1
1601,5,400,4,16,16,635662.205192,635662.231217,0.026025,0x40533c,1,588,391,197,40,100.000000,0,0,0.027486,1.200000,0.800000,mba,0,,0,0,-1,-1,-1,-1,-1,-1,-1,-1,-1,-1,-1,-1
1601,5,400,5,16,16,635662.205509,635662.231728,0.026219,0x40533c,1,528,268,260,42,100.000000,0,0,0.027486,1.200000,0.800000,mba,0,,0,0,-1,-1,-1,-1,-1,-1,-1,-1,-1,-1,-1,-1
1601,5,400,6,16,16,635662.205060,635662.230702,0.025642,0x40533c,1,588,452,136,44,100.000000,0,0,0.027486,1.200000,0.800000,mba,0,,0,0,-1,-1,-1,-1,-1,-1,-1,-1,-1,-1,-1,-1
1601,5,400,7,16,16,635662.205848,635662.231995,0.026147,0x40533c,1,756,524,232,46,100.000000,0,0,0.027486,1.200000,0.800000,mba,0,,0,0,-1,-1,-1,-1,-1,-1,-1,-1,-1,-1,-1,-1
1601,5,400,8,16,16,635662.204547,635662.230652,0.026105,0x40533c,1,740,416,324,48,100.000000,0,0,0.027486,1.200000,0.800000,mba,0,,0,0,-1,-1,-1,-1,-1,-1,-1,-1,-1,-1,-1,-1
1601,5,400,9,16,16,635662.205957,635662.231496,0.025539,0x40533c,1,569,229,340,50,100.000000,0,0,0.027486,1.200000,0.800000,mba,0,,0,0,-1,-1,-1,-1,-1,-1,-1,-1,-1,-1,-1,-1
1601,5,400,10,16,16,635662.204924,635662.231162,0.026238,0x40533c,1,673,431,242,52,100.000000,0,0,0.027486,1.200000,0.800000,mba,0,,0,0,-1,-1,-1,-1,-1,-1,-1,-1,-1,-1,-1,-1
1601,5,400,11,16,16,635662.204509,635662.230579,0.026070,0x40533c,1,695,397,298,54,100.000000,0,0,0.027486,1.200000,0.800000,mba,0,,0,0,-1,-1,-1,-1,-1,-1,-1,-1,-1,-1,-1,-1
1601,5,400,12,16,16,635662.205651,635662.225939,0.020288,0x40533c,1,106,71,35,56,40.000000,0,0,0.027486,1.200000,0.800000,mba,0,,0,0,-1,-1,-1,-1,-1,-1,-1,-1,-1,-1,-1,-1
1601,5,400,13,16,16,635662.205057,635662.225336,0.020279,0x40533c,1,105,37,68,58,40.000000,0,0,0.027486,1.200000,0.800000,mba,0,,0,0,-1,-1,-1,-1,-1,-1,-1,-1,-1,-1,-1,-1
1601,5,400,14,16,16,635662.205746,635662.225798,0.020052,0x40533c,1,118,81,37,60,40.000000,0,0,0.027486,1.200000,0.800000,mba,0,,0,0,-1,-1,-1,-1,-1,-1,-1,-1,-1,-1,-1,-1
1601,5,400,15,16,16,635662.205127,635662.225404,0.020277,0x40533c,1,132,90,42,62,40.000000,0,0,0.027486,1.200000,0.800000,mba,0,,0,0,-1,-1,-1,-1,-1,-1,-1,-1,-1,-1,-1,-1
1998,2,500,0,16,16,789575.877740,791183.020927,1231.094501,0x4051ce,1,50968196,50609360,358836,32,30.000000,1,1,1613.239556,1.200000,0.800000,mba,0,,1,1,4145152,5857280,129310720,10856749809664,10892852191232,35892871168,10856750080000,10892852191232,35893321728,-1,-1,-1
1998,2,500,1,16,16,789575.885732,791182.742350,1237.056314,0x4051ce,1,52222900,51840516,382384,34,30.000000,1,1,1613.239556,1.200000,0.800000,mba,0,,1,1,4055040,5767168,119939072,10856750080000,10892850118656,36006862848,10856750260224,10892850118656,36007223296,-1,-1,-1
1998,2,500,2,16,16,789575.867697,791182.753153,1238.560233,0x4051ce,1,52224851,51823287,401564,36,30.000000,1,1,1613.239556,1.200000,0.800000,mba,0,,1,1,4145152,5857280,117866496,10856749809664,10892850208768,36014522368,10856750080000,10892850298880,36014252032,-1,-1,-1
1998,2,500,3,16,16,789575.871548,791182.821074,1235.027659,0x4051ce,1,52272344,51755069,517275,38,30.000000,1,1,1613.239556,1.200000,0.800000,mba,0,,1,1,4055040,5767168,125165568,10856749809664,10892850749440,35994247168,10856750080000,10892850749440,35994337280,-1,-1,-1
1998,2,500,4,16,16,789575.859699,791187.831596,1465.265942,0x4051ce,1,199100165,171963187,27136978,40,100.000000,1,1,1613.239556,1.200000,0.800000,mba,0,,1,1,81281024,80289792,-1351680,50116218273792,50238487101440,118358417408,50116218363904,50238487101440,118360850432,-1,-1,-1
1998,2,500,5,16,16,789575.871317,791187.572568,1504.462532,0x4051ce,1,199150894,175512389,23638505,42,100.000000,1,1,1613.239556,1.200000,0.800000,mba,0,,1,1,81371136,80289792,270336,50116218273792,50238475386880,120300601344,50116218363904,50238475657216,120300150784,-1,-1,-1
1998,2,500,6,16,16,789575.860505,791186.419266,1430.242339,0x4051ce,1,187786749,160857348,26929401,44,100.000000,1,1,1613.239556,1.200000,0.800000,mba,0,,1,1,81371136,79028224,-1712128,50116218273792,50238372839424,115466452992,50116218363904,50238373470208,115473481728,-1,-1,-1
1998,2,500,7,16,16,789575.861440,791187.833891,1513.926670,0x4051ce,1,199215408,176457099,22758309,46,100.000000,1,1,1613.239556,1.200000,0.800000,mba,0,,1,1,81551360,80289792,2793472,50116218363904,50238487101440,120682045440,50116218363904,50238487101440,120679522304,-1,-1,-1
1998,2,500,8,16,16,789575.846769,791187.366583,1497.038869,0x4051ce,1,198991120,174783910,24207210,48,100.000000,1,1,1613.239556,1.200000,0.800000,mba,0,,1,1,81281024,80199680,-630784,50116218273792,50238459797504,119888969728,50116218363904,50238460338176,119892393984,-1,-1,-1
1998,2,500,9,16,16,789575.886808,791186.748695,1545.525056,0x4051ce,1,187125465,162874265,24251200,50,100.000000,1,1,1613.239556,1.200000,0.800000,mba,0,,1,1,81551360,79118336,-2433024,50116218634240,50238405640192,120869748736,50116218814464,50238405820416,120865153024,-1,-1,-1
1998,2,500,10,16,16,789575.868245,791187.587091,1464.145950,0x4051ce,1,199196662,174406380,24790282,52,100.000000,1,1,1613.239556,1.200000,0.800000,mba,0,,1,1,81551360,80379904,-360448,50116218363904,50238476288000,118293536768,50116218363904,50238476378112,118295068672,-1,-1,-1
1998,2,500,11,16,16,789575.871045,791189.081123,1597.395574,0x4051ce,1,198349387,173311420,25037967,54,100.000000,1,1,1613.239556,1.200000,0.800000,mba,0,,1,1,81551360,80109568,540672,50116218363904,50238508818432,121995788288,50116218454016,50238508818432,121989210112,-1,-1,-1
1998,2,500,12,16,16,789575.841567,791181.304774,1199.954506,0x4051ce,1,52408046,50090606,2317440,56,30.000000,1,1,1613.239556,1.200000,0.800000,mba,0,,1,1,4145152,5857280,125165568,10856749809664,10892814704640,35201081344,10856749809664,10892814884864,35204685824,-1,-1,-1
1998,2,500,13,16,16,789575.852947,791182.804337,1235.456580,0x4051ce,1,52396735,51915686,481049,58,30.000000,1,1,1613.239556,1.200000,0.800000,mba,0,,1,1,4145152,5767168,122372096,10856749809664,10892850659328,36003078144,10856750080000,10892850749440,36001636352,-1,-1,-1
1998,2,500,14,16,16,789575.868737,791182.740588,1233.867912,0x4051ce,1,52399701,51917340,482361,60,30.000000,1,1,1613.239556,1.200000,0.800000,mba,0,,1,1,3964928,5857280,125976576,10856750080000,10892849938432,35983884288,10856750080000,10892849938432,35984064512,-1,-1,-1
1998,2,500,15,16,16,789575.886026,791183.489263,1233.739196,0x4051ce,1,50888387,50266439,621948,62,30.000000,1,1,1613.239556,1.200000,0.800000,mba,0,,1,1,4055040,5857280,128770048,10856750080000,10892853723136,35813122048,10856750260224,10892853723136,35813842944,-1,-1,-1
1999,3,500,0,16,16,791189.312054,791189.539887,0.227833,0x405218,1,6856,6195,661,32,20.000000,0,0,0.615999,1.200000,0.800000,mba,0,,0,0,-1,-1,-1,-1,-1,-1,-1,-1,-1,-1,-1,-1
1999,3,500,1,16,16,791189.310335,791189.525372,0.215037,0x405218,1,6769,6005,764,34,20.000000,0,0,0.615999,1.200000,0.800000,mba,0,,0,0,-1,-1,-1,-1,-1,-1,-1,-1,-1,-1,-1,-1
1999,3,500,2,16,16,791189.310307,791189.513822,0.203515,0x405218,1,6192,5053,1139,36,20.000000,0,0,0.615999,1.200000,0.800000,mba,0,,0,0,-1,-1,-1,-1,-1,-1,-1,-1,-1,-1,-1,-1
1999,3,500,3,16,16,791189.309650,791189.507803,0.198153,0x405218,1,5254,4688,566,38,20.000000,0,0,0.615999,1.200000,0.800000,mba,0,,0,0,-1,-1,-1,-1,-1,-1,-1,-1,-1,-1,-1,-1
1999,3,500,4,16,16,791189.310541,791189.789260,0.478719,0x405218,1,20761,18428,2333,40,40.000000,0,0,0.615999,1.200000,0.800000,mba,0,,0,0,-1,-1,-1,-1,-1,-1,-1,-1,-1,-1,-1,-1
1999,3,500,5,16,16,791189.310317,791189.924669,0.614352,0x405218,1,21332,18356,2976,42,100.000000,0,0,0.615999,1.200000,0.800000,mba,0,,0,0,-1,-1,-1,-1,-1,-1,-1,-1,-1,-1,-1,-1
1999,3,500,6,16,16,791189.310313,791189.865227,0.554914,0x405218,1,20223,17074,3149,44,80.000000,0,0,0.615999,1.200000,0.800000,mba,0,,0,0,-1,-1,-1,-1,-1,-1,-1,-1,-1,-1,-1,-1
1999,3,500,7,16,16,791189.309679,791189.872229,0.562550,0x405218,1,21042,13832,7210,46,100.000000,0,0,0.615999,1.200000,0.800000,mba,0,,0,0,-1,-1,-1,-1,-1,-1,-1,-1,-1,-1,-1,-1
1999,3,500,8,16,16,791189.309273,791189.814803,0.505530,0x405218,1,21065,13595,7470,48,60.000000,0,0,0.615999,1.200000,0.800000,mba,0,,0,0,-1,-1,-1,-1,-1,-1,-1,-1,-1,-1,-1,-1
1999,3,500,9,16,16,791189.310985,791189.789615,0.478630,0x405218,1,20064,19127,937,50,40.000000,0,0,0.615999,1.200000,0.800000,mba,0,,0,0,-1,-1,-1,-1,-1,-1,-1,-1,-1,-1,-1,-1
1999,3,500,10,16,16,791189.309143,791189.813744,0.504601,0x405218,1,21061,19566,1495,52,50.000000,0,0,0.615999,1.200000,0.800000,mba,0,,0,0,-1,-1,-1,-1,-1,-1,-1,-1,-1,-1,-1,-1
1999,3,500,11,16,16,791189.309678,791189.858586,0.548908,0x405218,1,20438,17100,3338,54,60.000000,0,0,0.615999,1.200000,0.800000,mba,0,,0,0,-1,-1,-1,-1,-1,-1,-1,-1,-1,-1,-1,-1
1999,3,500,12,16,16,791189.309542,791189.507252,0.197710,0x405218,1,5735,4807,928,56,20.000000,0,0,0.615999,1.200000,0.800000,mba,0,,0,0,-1,-1,-1,-1,-1,-1,-1,-1,-1,-1,-1,-1
1999,3,500,13,16,16,791189.308670,791189.513485,0.204815,0x405218,1,5907,5150,757,58,20.000000,0,0,0.615999,1.200000,0.800000,mba,0,,0,0,-1,-1,-1,-1,-1,-1,-1,-1,-1,-1,-1,-1
1999,3,500,14,16,16,791189.309011,791189.523273,0.214262,0x405218,1,5824,5054,770,60,20.000000,0,0,0.615999,1.200000,0.800000,mba,0,,0,0,-1,-1,-1,-1,-1,-1,-1,-1,-1,-1,-1,-1
1999,3,500,15,16,16,791189.309348,791189.544368,0.235020,0x405218,1,6266,5827,439,62,20.000000,0,0,0.615999,1.200000,0.800000,mba,0,,0,0,-1,-1,-1,-1,-1,-1,-1,-1,-1,-1,-1,-1
2000,4,500,0,16,16,791190.866483,791190.913312,0.046829,0x4052e4,1,1849,1501,348,32,100.000000,0,0,0.055627,1.200000,0.800000,mba,0,,0,0,-1,-1,-1,-1,-1,-1,-1,-1,-1,-1,-1,-1
2000,4,500,1,16,16,791190.859259,791190.880688,0.021429,0x4052e4,1,201,168,33,34,20.000000,0,0,0.055627,1.200000,0.800000,mba,0,,0,0,-1,-1,-1,-1,-1,-1,-1,-1,-1,-1,-1,-1
2000,4,500,2,16,16,791190.859318,791190.880105,0.020787,0x4052e4,1,158,93,65,36,20.000000,0,0,0.055627,1.200000,0.800000,mba,0,,0,0,-1,-1,-1,-1,-1,-1,-1,-1,-1,-1,-1,-1
2000,4,500,3,16,16,791190.858727,791190.879133,0.020406,0x4052e4,1,121,70,51,38,20.000000,0,0,0.055627,1.200000,0.800000,mba,0,,0,0,-1,-1,-1,-1,-1,-1,-1,-1,-1,-1,-1,-1
2000,4,500,4,16,16,791190.859763,791190.882200,0.022437,0x4052e4,1,260,213,47,40,20.000000,0,0,0.055627,1.200000,0.800000,mba,0,,0,0,-1,-1,-1,-1,-1,-1,-1,-1,-1,-1,-1,-1
2000,4,500,5,16,16,791190.860109,791190.882942,0.022833,0x4052e4,1,369,325,44,42,20.000000,0,0,0.055627,1.200000,0.800000,mba,0,,0,0,-1,-1,-1,-1,-1,-1,-1,-1,-1,-1,-1,-1
2000,4,500,6,16,16,791190.859708,791190.882733,0.023025,0x4052e4,1,320,279,41,44,20.000000,0,0,0.055627,1.200000,0.800000,mba,0,,0,0,-1,-1,-1,-1,-1,-1,-1,-1,-1,-1,-1,-1
2000,4,500,7,16,16,791190.859997,791190.884224,0.024227,0x4052e4,1,290,242,48,46,20.000000,0,0,0.055627,1.200000,0.800000,mba,0,,0,0,-1,-1,-1,-1,-1,-1,-1,-1,-1,-1,-1,-1
2000,4,500,8,16,16,791190.857958,791190.881396,0.023438,0x4052e4,1,368,318,50,48,20.000000,0,0,0.055627,1.200000,0.800000,mba,0,,0,0,-1,-1,-1,-1,-1,-1,-1,-1,-1,-1,-1,-1
2000,4,500,9,16,16,791190.859662,791190.882864,0.023202,0x4052e4,1,322,273,49,50,20.000000,0,0,0.055627,1.200000,0.800000,mba,0,,0,0,-1,-1,-1,-1,-1,-1,-1,-1,-1,-1,-1,-1
2000,4,500,10,16,16,791190.857685,791190.881274,0.023589,0x4052e4,1,309,277,32,52,20.000000,0,0,0.055627,1.200000,0.800000,mba,0,,0,0,-1,-1,-1,-1,-1,-1,-1,-1,-1,-1,-1,-1
2000,4,500,11,16,16,791190.858563,791190.882622,0.024059,0x4052e4,1,49,15,34,54,20.000000,0,0,0.055627,1.200000,0.800000,mba,0,,0,0,-1,-1,-1,-1,-1,-1,-1,-1,-1,-1,-1,-1
2000,4,500,12,16,16,791190.859409,791190.880164,0.020755,0x4052e4,1,138,71,67,56,20.000000,0,0,0.055627,1.200000,0.800000,mba,0,,0,0,-1,-1,-1,-1,-1,-1,-1,-1,-1,-1,-1,-1
2000,4,500,13,16,16,791190.859564,791190.880241,0.020677,0x4052e4,1,112,59,53,58,20.000000,0,0,0.055627,1.200000,0.800000,mba,0,,0,0,-1,-1,-1,-1,-1,-1,-1,-1,-1,-1,-1,-1
2000,4,500,14,16,16,791190.858140,791190.878745,0.020605,0x4052e4,1,86,47,39,60,20.000000,0,0,0.055627,1.200000,0.800000,mba,0,,0,0,-1,-1,-1,-1,-1,-1,-1,-1,-1,-1,-1,-1
2000,4,500,15,16,16,791190.858449,791190.879175,0.020726,0x4052e4,1,56,22,34,62,20.000000,0,0,0.055627,1.200000,0.800000,mba,0,,0,0,-1,-1,-1,-1,-1,-1,-1,-1,-1,-1,-1,-1
2001,5,500,0,16,16,791190.974377,791190.994977,0.020600,0x40533c,1,40,9,31,32,40.000000,0,0,0.039780,1.200000,0.800000,mba,0,,0,0,-1,-1,-1,-1,-1,-1,-1,-1,-1,-1,-1,-1
2001,5,500,1,16,16,791190.975100,791190.995206,0.020106,0x40533c,1,119,79,40,34,40.000000,0,0,0.039780,1.200000,0.800000,mba,0,,0,0,-1,-1,-1,-1,-1,-1,-1,-1,-1,-1,-1,-1
2001,5,500,2,16,16,791190.973986,791190.994226,0.020240,0x40533c,1,122,101,21,36,40.000000,0,0,0.039780,1.200000,0.800000,mba,0,,0,0,-1,-1,-1,-1,-1,-1,-1,-1,-1,-1,-1,-1
2001,5,500,3,16,16,791190.973865,791190.994064,0.020199,0x40533c,1,86,55,31,38,40.000000,0,0,0.039780,1.200000,0.800000,mba,0,,0,0,-1,-1,-1,-1,-1,-1,-1,-1,-1,-1,-1,-1
2001,5,500,4,16,16,791190.974939,791191.002138,0.027199,0x40533c,1,703,514,189,40,100.000000,0,0,0.039780,1.200000,0.800000,mba,0,,0,0,-1,-1,-1,-1,-1,-1,-1,-1,-1,-1,-1,-1
2001,5,500,5,16,16,791190.975631,791191.003011,0.027380,0x40533c,1,782,437,345,42,100.000000,0,0,0.039780,1.200000,0.800000,mba,0,,0,0,-1,-1,-1,-1,-1,-1,-1,-1,-1,-1,-1,-1
2001,5,500,6,16,16,791190.975441,791191.013645,0.038204,0x40533c,1,649,472,177,44,100.000000,0,0,0.039780,1.200000,0.800000,mba,0,,0,0,-1,-1,-1,-1,-1,-1,-1,-1,-1,-1,-1,-1
2001,5,500,7,16,16,791190.975374,791191.003844,0.028470,0x40533c,1,787,537,250,46,100.000000,0,0,0.039780,1.200000,0.800000,mba,0,,0,0,-1,-1,-1,-1,-1,-1,-1,-1,-1,-1,-1,-1
2001,5,500,8,16,16,791190.974645,791191.001241,0.026596,0x40533c,1,794,468,326,48,100.000000,0,0,0.039780,1.200000,0.800000,mba,0,,0,0,-1,-1,-1,-1,-1,-1,-1,-1,-1,-1,-1,-1
2001,5,500,9,16,16,791190.975113,791191.002346,0.027233,0x40533c,1,838,367,471,50,100.000000,0,0,0.039780,1.200000,0.800000,mba,0,,0,0,-1,-1,-1,-1,-1,-1,-1,-1,-1,-1,-1,-1
2001,5,500,10,16,16,791190.974519,791191.001905,0.027386,0x40533c,1,908,597,311,52,100.000000,0,0,0.039780,1.200000,0.800000,mba,0,,0,0,-1,-1,-1,-1,-1,-1,-1,-1,-1,-1,-1,-1
2001,5,500,11,16,16,791190.974670,791191.003565,0.028895,0x40533c,1,183,99,84,54,100.000000,0,0,0.039780,1.200000,0.800000,mba,0,,0,0,-1,-1,-1,-1,-1,-1,-1,-1,-1,-1,-1,-1
2001,5,500,12,16,16,791190.975176,791190.995265,0.020089,0x40533c,1,85,47,38,56,40.000000,0,0,0.039780,1.200000,0.800000,mba,0,,0,0,-1,-1,-1,-1,-1,-1,-1,-1,-1,-1,-1,-1
2001,5,500,13,16,16,791190.974564,791190.994696,0.020132,0x40533c,1,141,110,31,58,40.000000,0,0,0.039780,1.200000,0.800000,mba,0,,0,0,-1,-1,-1,-1,-1,-1,-1,-1,-1,-1,-1,-1
2001,5,500,14,16,16,791190.974691,791190.995136,0.020445,0x40533c,1,116,84,32,60,40.000000,0,0,0.039780,1.200000,0.800000,mba,0,,0,0,-1,-1,-1,-1,-1,-1,-1,-1,-1,-1,-1,-1
2001,5,500,15,16,16,791190.975068,791190.995906,0.020838,0x40533c,1,91,60,31,62,40.000000,0,0,0.039780,1.200000,0.800000,mba,0,,0,0,-1,-1,-1,-1,-1,-1,-1,-1,-1,-1,-1,-1
2398,2,600,0,16,16,938280.178039,939757.300914,1231.821235,0x4051ce,1,50966603,50605387,361216,32,30.000000,1,1,1479.963023,1.200000,0.800000,mba,0,,1,1,5406720,4956160,129761280,14477016080384,14513194967040,36000014336,14477016080384,14513195057152,36000374784,-1,-1,-1
2398,2,600,1,16,16,938280.197971,939757.083841,1237.116941,0x4051ce,1,52219164,51831836,387328,34,30.000000,1,1,1479.963023,1.200000,0.800000,mba,0,,1,1,5406720,4685824,108224512,14477016080384,14513192894464,36111392768,14477016260608,14513193164800,36111843328,-1,-1,-1
2398,2,600,2,16,16,938280.170324,939757.122910,1238.187935,0x4051ce,1,52226645,51821914,404731,36,30.000000,1,1,1479.963023,1.200000,0.800000,mba,0,,1,1,5406720,4866048,105611264,14477015990272,14513193435136,36113735680,14477016080384,14513193525248,36114817024,-1,-1,-1
2398,2,600,3,16,16,938280.202433,939757.161096,1235.144434,0x4051ce,1,52280482,51763116,517366,38,30.000000,1,1,1479.963023,1.200000,0.800000,mba,0,,1,1,5316608,4866048,117776384,14477016440832,14513194065920,36101480448,14477016530944,14513194065920,36101210112,-1,-1,-1
2398,2,600,4,16,16,938280.164797,939760.121559,1387.294085,0x4051ce,1,184447478,159485827,24961651,40,100.000000,1,1,1479.963023,1.200000,0.800000,mba,0,,1,1,80379904,81911808,3514368,61875039936512,61988203036672,110805409792,61875039936512,61988203036672,110807752704,-1,-1,-1
2398,2,600,5,16,16,938280.190105,939759.863622,1424.655606,0x4051ce,1,184501977,161590402,22911575,42,100.000000,1,1,1479.963023,1.200000,0.800000,mba,0,,1,1,80560128,81821696,5947392,61875040026624,61988192403456,112424542208,61875040296960,61988192763904,112421027840,-1,-1,-1
2398,2,600,6,16,16,938280.171141,939758.693496,1362.460701,0x4051ce,1,174301613,150698088,23603525,44,100.000000,1,1,1479.963023,1.200000,0.800000,mba,0,,1,1,80289792,80650240,811008,61875039936512,61988084359168,108807266304,61875039936512,61988085080064,108812312576,-1,-1,-1
2398,2,600,7,16,16,938280.187392,939760.038174,1431.836325,0x4051ce,1,184578355,162597079,21981276,46,100.000000,1,1,1479.963023,1.200000,0.800000,mba,0,,1,1,80379904,81821696,4775936,61875039936512,61988201955328,112627294208,61875040026624,61988202045440,112623058944,-1,-1,-1
2398,2,600,8,16,16,938280.184134,939759.701745,1415.468713,0x4051ce,1,184331043,161412078,22918965,48,100.000000,1,1,1479.963023,1.200000,0.800000,mba,0,,1,1,80379904,81641472,3153920,61875039936512,61988180598784,112030392320,61875040026624,61988180779008,112031924224,-1,-1,-1
2398,2,600,9,16,16,938280.182257,939759.125883,1343.203788,0x4051ce,1,174458426,151060134,23398292,50,100.000000,1,1,1479.963023,1.200000,0.800000,mba,0,,1,1,80379904,81461248,991232,61875039936512,61988126892032,107533983744,61875040116736,61988127072256,107538669568,-1,-1,-1
2398,2,600,10,16,16,938280.185950,939759.780579,1391.620691,0x4051ce,1,184551505,162831082,21720423,52,100.000000,1,1,1479.963023,1.200000,0.800000,mba,0,,1,1,80650240,81731584,811008,61875040026624,61988186816512,111091064832,61875040206848,61988187267072,111092957184,-1,-1,-1
2398,2,600,11,16,16,938280.187970,939760.023224,1456.367504,0x4051ce,1,184061753,160943520,23118233,54,100.000000,1,1,1479.963023,1.200000,0.800000,mba,0,,1,1,80650240,81821696,2252800,61875040026624,61988201865216,112551600128,61875040206848,61988201955328,112546463744,-1,-1,-1
2398,2,600,12,16,16,938280.181038,939757.099595,1218.040834,0x4051ce,1,52403344,50985089,1418255,56,30.000000,1,1,1479.963023,1.200000,0.800000,mba,0,,1,1,5406720,4685824,118136832,14477016080384,14513193164800,35719946240,14477016170496,14513193164800,35721568256,-1,-1,-1
2398,2,600,13,16,16,938280.158536,939757.169953,1236.379383,0x4051ce,1,52400314,51941491,458823,58,30.000000,1,1,1479.963023,1.200000,0.800000,mba,0,,1,1,5406720,4866048,115253248,14477015990272,14513194065920,36115177472,14477016080384,14513194065920,36115447808,-1,-1,-1
2398,2,600,14,16,16,938280.179434,939757.158199,1234.402364,0x4051ce,1,52401287,51936428,464859,60,30.000000,1,1,1479.963023,1.200000,0.800000,mba,0,,1,1,5316608,4866048,119939072,14477016080384,14513194065920,36096073728,14477016080384,14513194065920,36095172608,-1,-1,-1
2398,2,600,15,16,16,938280.180569,939757.358193,1220.724739,0x4051ce,1,51348277,50921236,427041,62,30.000000,1,1,1479.963023,1.200000,0.800000,mba,0,,1,1,5316608,5136384,137420800,14477016080384,14513195147264,35748151296,14477016170496,14513195147264,35749773312,-1,-1,-1
2399,3,600,0,16,16,939760.349093,939760.564291,0.215198,0x405218,1,6819,5726,1093,32,20.000000,0,0,0.578433,1.200000,0.800000,mba,0,,0,0,-1,-1,-1,-1,-1,-1,-1,-1,-1,-1,-1,-1
2399,3,600,1,16,16,939760.347321,939760.553471,0.206150,0x405218,1,6737,5776,961,34,20.000000,0,0,0.578433,1.200000,0.800000,mba,0,,0,0,-1,-1,-1,-1,-1,-1,-1,-1,-1,-1,-1,-1
2399,3,600,2,16,16,939760.346996,939760.556593,0.209597,0x405218,1,6190,5542,648,36,20.000000,0,0,0.578433,1.200000,0.800000,mba,0,,0,0,-1,-1,-1,-1,-1,-1,-1,-1,-1,-1,-1,-1
2399,3,600,3,16,16,939760.346815,939760.542445,0.195630,0x405218,1,5233,4652,581,38,20.000000,0,0,0.578433,1.200000,0.800000,mba,0,,0,0,-1,-1,-1,-1,-1,-1,-1,-1,-1,-1,-1,-1
2399,3,600,4,16,16,939760.346859,939760.810905,0.464046,0x405218,1,19476,16637,2839,40,40.000000,0,0,0.578433,1.200000,0.800000,mba,0,,0,0,-1,-1,-1,-1,-1,-1,-1,-1,-1,-1,-1,-1
2399,3,600,5,16,16,939760.347537,939760.923744,0.576207,0x405218,1,20017,16892,3125,42,100.000000,0,0,0.578433,1.200000,0.800000,mba,0,,0,0,-1,-1,-1,-1,-1,-1,-1,-1,-1,-1,-1,-1
2399,3,600,6,16,16,939760.346808,939760.870195,0.523387,0x405218,1,19088,15820,3268,44,80.000000,0,0,0.578433,1.200000,0.800000,mba,0,,0,0,-1,-1,-1,-1,-1,-1,-1,-1,-1,-1,-1,-1
2399,3,600,7,16,16,939760.346696,939760.878826,0.532130,0x405218,1,19722,13049,6673,46,100.000000,0,0,0.578433,1.200000,0.800000,mba,0,,0,0,-1,-1,-1,-1,-1,-1,-1,-1,-1,-1,-1,-1
2399,3,600,8,16,16,939760.345384,939760.837905,0.492521,0x405218,1,19791,12868,6923,48,60.000000,0,0,0.578433,1.200000,0.800000,mba,0,,0,0,-1,-1,-1,-1,-1,-1,-1,-1,-1,-1,-1,-1
2399,3,600,9,16,16,939760.346291,939760.798660,0.452369,0x405218,1,19001,17769,1232,50,40.000000,0,0,0.578433,1.200000,0.800000,mba,0,,0,0,-1,-1,-1,-1,-1,-1,-1,-1,-1,-1,-1,-1
2399,3,600,10,16,16,939760.345817,939760.817205,0.471388,0x405218,1,19657,17599,2058,52,50.000000,0,0,0.578433,1.200000,0.800000,mba,0,,0,0,-1,-1,-1,-1,-1,-1,-1,-1,-1,-1,-1,-1
2399,3,600,11,16,16,939760.346490,939760.838995,0.492505,0x405218,1,19972,17909,2063,54,60.000000,0,0,0.578433,1.200000,0.800000,mba,0,,0,0,-1,-1,-1,-1,-1,-1,-1,-1,-1,-1,-1,-1
2399,3,600,12,16,16,939760.345965,939760.536696,0.190731,0x405218,1,5765,4760,1005,56,20.000000,0,0,0.578433,1.200000,0.800000,mba,0,,0,0,-1,-1,-1,-1,-1,-1,-1,-1,-1,-1,-1,-1
2399,3,600,13,16,16,939760.345311,939760.551757,0.206446,0x405218,1,5870,5125,745,58,20.000000,0,0,0.578433,1.200000,0.800000,mba,0,,0,0,-1,-1,-1,-1,-1,-1,-1,-1,-1,-1,-1,-1
2399,3,600,14,16,16,939760.346424,939760.558796,0.212372,0x405218,1,5849,5235,614,60,20.000000,0,0,0.578433,1.200000,0.800000,mba,0,,0,0,-1,-1,-1,-1,-1,-1,-1,-1,-1,-1,-1,-1
2399,3,600,15,16,16,939760.345624,939760.550591,0.204967,0x405218,1,5990,5532,458,62,20.000000,0,0,0.578433,1.200000,0.800000,mba,0,,0,0,-1,-1,-1,-1,-1,-1,-1,-1,-1,-1,-1,-1
2400,4,600,0,16,16,939761.854761,939761.899108,0.044347,0x4052e4,1,1841,1401,440,32,100.000000,0,0,0.050650,1.200000,0.800000,mba,0,,0,0,-1,-1,-1,-1,-1,-1,-1,-1,-1,-1,-1,-1
2400,4,600,1,16,16,939761.850388,939761.871608,0.021220,0x4052e4,1,251,178,73,34,20.000000,0,0,0.050650,1.200000,0.800000,mba,0,,0,0,-1,-1,-1,-1,-1,-1,-1,-1,-1,-1,-1,-1
2400,4,600,2,16,16,939761.850378,939761.871803,0.021425,0x4052e4,1,211,142,69,36,20.000000,0,0,0.050650,1.200000,0.800000,mba,0,,0,0,-1,-1,-1,-1,-1,-1,-1,-1,-1,-1,-1,-1
2400,4,600,3,16,16,939761.850102,939761.870615,0.020513,0x4052e4,1,126,67,59,38,20.000000,0,0,0.050650,1.200000,0.800000,mba,0,,0,0,-1,-1,-1,-1,-1,-1,-1,-1,-1,-1,-1,-1
2400,4,600,4,16,16,939761.849997,939761.872983,0.022986,0x4052e4,1,260,201,59,40,20.000000,0,0,0.050650,1.200000,0.800000,mba,0,,0,0,-1,-1,-1,-1,-1,-1,-1,-1,-1,-1,-1,-1
2400,4,600,5,16,16,939761.850661,939761.874622,0.023961,0x4052e4,1,412,361,51,42,20.000000,0,0,0.050650,1.200000,0.800000,mba,0,,0,0,-1,-1,-1,-1,-1,-1,-1,-1,-1,-1,-1,-1
2400,4,600,6,16,16,939761.850463,939761.873618,0.023155,0x4052e4,1,299,244,55,44,20.000000,0,0,0.050650,1.200000,0.800000,mba,0,,0,0,-1,-1,-1,-1,-1,-1,-1,-1,-1,-1,-1,-1
2400,4,600,7,16,16,939761.850247,939761.875345,0.025098,0x4052e4,1,437,351,86,46,20.000000,0,0,0.050650,1.200000,0.800000,mba,0,,0,0,-1,-1,-1,-1,-1,-1,-1,-1,-1,-1,-1,-1
2400,4,600,8,16,16,939761.848842,939761.873015,0.024173,0x4052e4,1,326,269,57,48,20.000000,0,0,0.050650,1.200000,0.800000,mba,0,,0,0,-1,-1,-1,-1,-1,-1,-1,-1,-1,-1,-1,-1
2400,4,600,9,16,16,939761.850680,939761.873942,0.023262,0x4052e4,1,335,268,67,50,20.000000,0,0,0.050650,1.200000,0.800000,mba,0,,0,0,-1,-1,-1,-1,-1,-1,-1,-1,-1,-1,-1,-1
2400,4,600,10,16,16,939761.848458,939761.871776,0.023318,0x4052e4,1,330,294,36,52,20.000000,0,0,0.050650,1.200000,0.800000,mba,0,,0,0,-1,-1,-1,-1,-1,-1,-1,-1,-1,-1,-1,-1
2400,4,600,11,16,16,939761.849164,939761.872218,0.023054,0x4052e4,1,307,257,50,54,20.000000,0,0,0.050650,1.200000,0.800000,mba,0,,0,0,-1,-1,-1,-1,-1,-1,-1,-1,-1,-1,-1,-1
2400,4,600,12,16,16,939761.850286,939761.870999,0.020713,0x4052e4,1,157,65,92,56,20.000000,0,0,0.050650,1.200000,0.800000,mba,0,,0,0,-1,-1,-1,-1,-1,-1,-1,-1,-1,-1,-1,-1
2400,4,600,13,16,16,939761.850263,939761.871279,0.021016,0x4052e4,1,121,47,74,58,20.000000,0,0,0.050650,1.200000,0.800000,mba,0,,0,0,-1,-1,-1,-1,-1,-1,-1,-1,-1,-1,-1,-1
2400,4,600,14,16,16,939761.849198,939761.869828,0.020630,0x4052e4,1,87,44,43,60,20.000000,0,0,0.050650,1.200000,0.800000,mba,0,,0,0,-1,-1,-1,-1,-1,-1,-1,-1,-1,-1,-1,-1
2400,4,600,15,16,16,939761.848894,939761.869454,0.020560,0x4052e4,1,129,69,60,62,20.000000,0,0,0.050650,1.200000,0.800000,mba,0,,0,0,-1,-1,-1,-1,-1,-1,-1,-1,-1,-1,-1,-1
2401,5,600,0,16,16,939761.965433,939761.985776,0.020343,0x40533c,1,38,3,35,32,40.000000,0,0,0.029351,1.200000,0.800000,mba,0,,0,0,-1,-1,-1,-1,-1,-1,-1,-1,-1,-1,-1,-1
2401,5,600,1,16,16,939761.964125,939761.984379,0.020254,0x40533c,1,111,50,61,34,40.000000,0,0,0.029351,1.200000,0.800000,mba,0,,0,0,-1,-1,-1,-1,-1,-1,-1,-1,-1,-1,-1,-1
2401,5,600,2,16,16,939761.965403,939761.985518,0.020115,0x40533c,1,164,115,49,36,40.000000,0,0,0.029351,1.200000,0.800000,mba,0,,0,0,-1,-1,-1,-1,-1,-1,-1,-1,-1,-1,-1,-1
2401,5,600,3,16,16,939761.964855,939761.985320,0.020465,0x40533c,1,108,77,31,38,40.000000,0,0,0.029351,1.200000,0.800000,mba,0,,0,0,-1,-1,-1,-1,-1,-1,-1,-1,-1,-1,-1,-1
2401,5,600,4,16,16,939761.965266,939761.991258,0.025992,0x40533c,1,654,445,209,40,100.000000,0,0,0.029351,1.200000,0.800000,mba,0,,0,0,-1,-1,-1,-1,-1,-1,-1,-1,-1,-1,-1,-1
2401,5,600,5,16,16,939761.964172,939761.990812,0.026640,0x40533c,1,589,280,309,42,100.000000,0,0,0.029351,1.200000,0.800000,mba,0,,0,0,-1,-1,-1,-1,-1,-1,-1,-1,-1,-1,-1,-1
2401,5,600,6,16,16,939761.965196,939761.992327,0.027131,0x40533c,1,662,529,133,44,100.000000,0,0,0.029351,1.200000,0.800000,mba,0,,0,0,-1,-1,-1,-1,-1,-1,-1,-1,-1,-1,-1,-1
2401,5,600,7,16,16,939761.963768,939761.990405,0.026637,0x40533c,1,739,471,268,46,100.000000,0,0,0.029351,1.200000,0.800000,mba,0,,0,0,-1,-1,-1,-1,-1,-1,-1,-1,-1,-1,-1,-1
2401,5,600,8,16,16,939761.964518,939761.990625,0.026107,0x40533c,1,780,424,356,48,100.000000,0,0,0.029351,1.200000,0.800000,mba,0,,0,0,-1,-1,-1,-1,-1,-1,-1,-1,-1,-1,-1,-1
2401,5,600,9,16,16,939761.965056,939761.991583,0.026527,0x40533c,1,611,286,325,50,100.000000,0,0,0.029351,1.200000,0.800000,mba,0,,0,0,-1,-1,-1,-1,-1,-1,-1,-1,-1,-1,-1,-1
2401,5,600,10,16,16,939761.964473,939761.991426,0.026953,0x40533c,1,775,509,266,52,100.000000,0,0,0.029351,1.200000,0.800000,mba,0,,0,0,-1,-1,-1,-1,-1,-1,-1,-1,-1,-1,-1,-1
2401,5,600,11,16,16,939761.963969,939761.991017,0.027048,0x40533c,1,783,472,311,54,100.000000,0,0,0.029351,1.200000,0.800000,mba,0,,0,0,-1,-1,-1,-1,-1,-1,-1,-1,-1,-1,-1,-1
2401,5,600,12,16,16,939761.964855,939761.985033,0.020178,0x40533c,1,57,34,23,56,40.000000,0,0,0.029351,1.200000,0.800000,mba,0,,0,0,-1,-1,-1,-1,-1,-1,-1,-1,-1,-1,-1,-1
2401,5,600,13,16,16,939761.963726,939761.984027,0.020301,0x40533c,1,119,71,48,58,40.000000,0,0,0.029351,1.200000,0.800000,mba,0,,0,0,-1,-1,-1,-1,-1,-1,-1,-1,-1,-1,-1,-1
2401,5,600,14,16,16,939761.964179,939761.984343,0.020164,0x40533c,1,127,96,31,60,40.000000,0,0,0.029351,1.200000,0.800000,mba,0,,0,0,-1,-1,-1,-1,-1,-1,-1,-1,-1,-1,-1,-1
2401,5,600,15,16,16,939761.962976,939761.983310,0.020334,0x40533c,1,99,74,25,62,40.000000,0,0,0.029351,1.200000,0.800000,mba,0,,0,0,-1,-1,-1,-1,-1,-1,-1,-1,-1,-1,-1,-1
2798,2,700,0,16,16,1078713.947099,1080142.077319,1220.233995,0x4051ce,1,50961200,50607471,353729,0,30.000000,1,1,1429.546371,1.200000,0.800000,mba,0,,1,1,7208960,7659520,113000448,18097695875072,18133840789504,35864485888,18097695875072,18133840789504,35865747456,-1,-1,-1
2798,2,700,1,16,16,1078713.938277,1080141.857777,1232.536827,0x4051ce,1,52229636,51827355,402281,34,30.000000,1,1,1429.546371,1.200000,0.800000,mba,0,,1,1,7118848,7839744,93896704,18097695875072,18133838356480,36077690880,18097695875072,18133838356480,36078952448,-1,-1,-1
2798,2,700,2,16,16,1078713.950405,1080141.898667,1233.844077,0x4051ce,1,52229508,51808046,421462,36,30.000000,1,1,1429.546371,1.200000,0.800000,mba,0,,1,1,7208960,7749632,90472448,18097695875072,18133838716928,36086882304,18097695875072,18133838807040,36086702080,-1,-1,-1
2798,2,700,3,16,16,1078713.937263,1080141.961619,1230.718778,0x4051ce,1,52281367,51756705,524662,38,30.000000,1,1,1429.546371,1.200000,0.800000,mba,0,,1,1,7118848,7749632,101556224,18097695784960,18133839708160,36071473152,18097695875072,18133839798272,36072013824,-1,-1,-1
2798,2,700,4,16,16,1078713.950785,1080143.469759,1327.080937,0x4051ce,1,174024990,150707241,23317749,40,100.000000,1,1,1429.546371,1.200000,0.800000,mba,0,,1,1,78217216,77766656,-991232,72829385908224,72935896399872,104248139776,72829386088448,72935896399872,104249131008,-1,-1,-1
2798,2,700,5,16,16,1078713.945176,1080143.253757,1355.425104,0x4051ce,1,174222029,151630498,22591531,42,100.000000,1,1,1429.546371,1.200000,0.800000,mba,0,,1,1,78217216,77586432,450560,72829385818112,72935886487552,105532055552,72829385998336,72935887028224,105533677568,-1,-1,-1
2798,2,700,6,16,16,1078713.923388,1080142.251925,1301.105375,0x4051ce,1,164647537,142065736,22581801,44,100.000000,1,1,1429.546371,1.200000,0.800000,mba,0,,1,1,78307328,77135872,-1712128,72829385818112,72935793762304,102209355776,72829385908224,72935794212864,102216024064,-1,-1,-1
2798,2,700,7,16,16,1078713.955004,1080143.461314,1366.261627,0x4051ce,1,174297938,153417536,20880402,46,100.000000,1,1,1429.546371,1.200000,0.800000,mba,0,,1,1,78217216,77766656,270336,72829385998336,72935896399872,105809960960,72829386088448,72935896399872,105805455360,-1,-1,-1
2798,2,700,8,16,16,1078713.942284,1080143.030037,1354.206487,0x4051ce,1,174074296,152178416,21895880,48,100.000000,1,1,1429.546371,1.200000,0.800000,mba,0,,1,1,78217216,77676544,-720896,72829385908224,72935867564032,105357418496,72829385908224,72935867924480,105361113088,-1,-1,-1
2798,2,700,9,16,16,1078713.937757,1080142.559902,1285.498542,0x4051ce,1,164781941,142326815,22455126,50,100.000000,1,1,1429.546371,1.200000,0.800000,mba,0,,1,1,78217216,77045760,-2342912,72829385818112,72935824220160,101173968896,72829385908224,72935824490496,101182439424,-1,-1,-1
2798,2,700,10,16,16,1078713.949625,1080143.234639,1328.926455,0x4051ce,1,174281131,153378536,20902595,52,100.000000,1,1,1429.546371,1.200000,0.800000,mba,0,,1,1,78217216,77586432,-720896,72829385818112,72935884865536,104390696960,72829385998336,72935885496320,104396013568,-1,-1,-1
2798,2,700,11,16,16,1078713.958784,1080143.393849,1413.101033,0x4051ce,1,173512903,150675025,22837878,54,100.000000,1,1,1429.546371,1.200000,0.800000,mba,0,,1,1,78307328,77676544,0,72829385998336,72935894507520,106151395328,72829386358784,72935894777856,106146439168,-1,-1,-1
2798,2,700,12,16,16,1078713.950687,1080141.997586,1208.909199,0x4051ce,1,52413476,50660744,1752732,56,30.000000,1,1,1429.546371,1.200000,0.800000,mba,0,,1,1,7208960,7749632,94257152,18097695875072,18133840068608,35578380288,18097695875072,18133840248832,35579371520,-1,-1,-1
2798,2,700,13,16,16,1078713.943986,1080142.048306,1232.810605,0x4051ce,1,52406889,51953490,453399,58,30.000000,1,1,1429.546371,1.200000,0.800000,mba,0,,1,1,7208960,7749632,99663872,18097695875072,18133840519168,36093190144,18097695875072,18133840519168,36092018688,-1,-1,-1
2798,2,700,14,16,16,1078713.951173,1080142.002113,1230.641354,0x4051ce,1,52405744,51951914,453830,60,30.000000,1,1,1429.546371,1.200000,0.800000,mba,0,,1,1,7208960,7749632,101015552,18097695784960,18133840248832,36073725952,18097695875072,18133840248832,36073996288,-1,-1,-1
2798,2,700,15,16,16,1078713.952599,1080142.228270,1217.872366,0x4051ce,1,51359170,50943878,415292,62,30.000000,1,1,1429.546371,1.200000,0.800000,mba,0,,1,1,7208960,7389184,112189440,18097695875072,18133841690624,35759775744,18097695875072,18133841690624,35760947200,-1,-1,-1
2799,3,700,0,16,16,1080143.700375,1080143.917318,0.216943,0x405218,1,6829,5556,1273,0,20.000000,0,0,0.557438,1.200000,0.800000,mba,0,,0,0,-1,-1,-1,-1,-1,-1,-1,-1,-1,-1,-1,-1
2799,3,700,1,16,16,1080143.699439,1080143.912315,0.212876,0x405218,1,6780,5823,957,34,20.000000,0,0,0.557438,1.200000,0.800000,mba,0,,0,0,-1,-1,-1,-1,-1,-1,-1,-1,-1,-1,-1,-1
2799,3,700,2,16,16,1080143.699598,1080143.905034,0.205436,0x405218,1,6137,5494,643,36,20.000000,0,0,0.557438,1.200000,0.800000,mba,0,,0,0,-1,-1,-1,-1,-1,-1,-1,-1,-1,-1,-1,-1
2799,3,700,3,16,16,1080143.698546,1080143.891098,0.192552,0x405218,1,5274,4667,607,38,20.000000,0,0,0.557438,1.200000,0.800000,mba,0,,0,0,-1,-1,-1,-1,-1,-1,-1,-1,-1,-1,-1,-1
2799,3,700,4,16,16,1080143.699248,1080144.134975,0.435727,0x405218,1,18469,15685,2784,40,40.000000,0,0,0.557438,1.200000,0.800000,mba,0,,0,0,-1,-1,-1,-1,-1,-1,-1,-1,-1,-1,-1,-1
2799,3,700,5,16,16,1080143.698744,1080144.255415,0.556671,0x405218,1,18996,16460,2536,42,100.000000,0,0,0.557438,1.200000,0.800000,mba,0,,0,0,-1,-1,-1,-1,-1,-1,-1,-1,-1,-1,-1,-1
2799,3,700,6,16,16,1080143.699025,1080144.194681,0.495656,0x405218,1,18322,15200,3122,44,80.000000,0,0,0.557438,1.200000,0.800000,mba,0,,0,0,-1,-1,-1,-1,-1,-1,-1,-1,-1,-1,-1,-1
2799,3,700,7,16,16,1080143.698442,1080144.206271,0.507829,0x405218,1,18891,12626,6265,46,100.000000,0,0,0.557438,1.200000,0.800000,mba,0,,0,0,-1,-1,-1,-1,-1,-1,-1,-1,-1,-1,-1,-1
2799,3,700,8,16,16,1080143.699059,1080144.167431,0.468372,0x405218,1,18815,12260,6555,48,60.000000,0,0,0.557438,1.200000,0.800000,mba,0,,0,0,-1,-1,-1,-1,-1,-1,-1,-1,-1,-1,-1,-1
2799,3,700,9,16,16,1080143.699029,1080144.137750,0.438721,0x405218,1,18100,16820,1280,50,40.000000,0,0,0.557438,1.200000,0.800000,mba,0,,0,0,-1,-1,-1,-1,-1,-1,-1,-1,-1,-1,-1,-1
2799,3,700,10,16,16,1080143.699308,1080144.160643,0.461335,0x405218,1,18721,16826,1895,52,50.000000,0,0,0.557438,1.200000,0.800000,mba,0,,0,0,-1,-1,-1,-1,-1,-1,-1,-1,-1,-1,-1,-1
2799,3,700,11,16,16,1080143.698318,1080144.163671,0.465353,0x405218,1,18883,16950,1933,54,60.000000,0,0,0.557438,1.200000,0.800000,mba,0,,0,0,-1,-1,-1,-1,-1,-1,-1,-1,-1,-1,-1,-1
2799,3,700,12,16,16,1080143.698146,1080143.892283,0.194137,0x405218,1,5738,5039,699,56,20.000000,0,0,0.557438,1.200000,0.800000,mba,0,,0,0,-1,-1,-1,-1,-1,-1,-1,-1,-1,-1,-1,-1
2799,3,700,13,16,16,1080143.698240,1080143.908251,0.210011,0x405218,1,5879,5002,877,58,20.000000,0,0,0.557438,1.200000,0.800000,mba,0,,0,0,-1,-1,-1,-1,-1,-1,-1,-1,-1,-1,-1,-1
2799,3,700,14,16,16,1080143.698647,1080143.915185,0.216538,0x405218,1,5878,5256,622,60,20.000000,0,0,0.557438,1.200000,0.800000,mba,0,,0,0,-1,-1,-1,-1,-1,-1,-1,-1,-1,-1,-1,-1
2799,3,700,15,16,16,1080143.697977,1080143.907588,0.209611,0x405218,1,6042,5524,518,62,20.000000,0,0,0.557438,1.200000,0.800000,mba,0,,0,0,-1,-1,-1,-1,-1,-1,-1,-1,-1,-1,-1,-1
2800,4,700,0,16,16,1080145.168342,1080145.210896,0.042554,0x4052e4,1,1764,1401,363,0,100.000000,0,0,0.050145,1.200000,0.800000,mba,0,,0,0,-1,-1,-1,-1,-1,-1,-1,-1,-1,-1,-1,-1
2800,4,700,1,16,16,1080145.163143,1080145.184048,0.020905,0x4052e4,1,205,162,43,34,20.000000,0,0,0.050145,1.200000,0.800000,mba,0,,0,0,-1,-1,-1,-1,-1,-1,-1,-1,-1,-1,-1,-1
2800,4,700,2,16,16,1080145.163427,1080145.184191,0.020764,0x4052e4,1,152,97,55,36,20.000000,0,0,0.050145,1.200000,0.800000,mba,0,,0,0,-1,-1,-1,-1,-1,-1,-1,-1,-1,-1,-1,-1
2800,4,700,3,16,16,1080145.162724,1080145.183153,0.020429,0x4052e4,1,116,67,49,38,20.000000,0,0,0.050145,1.200000,0.800000,mba,0,,0,0,-1,-1,-1,-1,-1,-1,-1,-1,-1,-1,-1,-1
2800,4,700,4,16,16,1080145.163041,1080145.186387,0.023346,0x4052e4,1,260,201,59,40,20.000000,0,0,0.050145,1.200000,0.800000,mba,0,,0,0,-1,-1,-1,-1,-1,-1,-1,-1,-1,-1,-1,-1
2800,4,700,5,16,16,1080145.163253,1080145.187607,0.024354,0x4052e4,1,365,313,52,42,20.000000,0,0,0.050145,1.200000,0.800000,mba,0,,0,0,-1,-1,-1,-1,-1,-1,-1,-1,-1,-1,-1,-1
2800,4,700,6,16,16,1080145.163133,1080145.186254,0.023121,0x4052e4,1,289,244,45,44,20.000000,0,0,0.050145,1.200000,0.800000,mba,0,,0,0,-1,-1,-1,-1,-1,-1,-1,-1,-1,-1,-1,-1
2800,4,700,7,16,16,1080145.163430,1080145.187712,0.024282,0x4052e4,1,354,295,59,46,20.000000,0,0,0.050145,1.200000,0.800000,mba,0,,0,0,-1,-1,-1,-1,-1,-1,-1,-1,-1,-1,-1,-1
2800,4,700,8,16,16,1080145.162427,1080145.186775,0.024348,0x4052e4,1,375,303,72,48,20.000000,0,0,0.050145,1.200000,0.800000,mba,0,,0,0,-1,-1,-1,-1,-1,-1,-1,-1,-1,-1,-1,-1
2800,4,700,9,16,16,1080145.162600,1080145.186039,0.023439,0x4052e4,1,349,296,53,50,20.000000,0,0,0.050145,1.200000,0.800000,mba,0,,0,0,-1,-1,-1,-1,-1,-1,-1,-1,-1,-1,-1,-1
2800,4,700,10,16,16,1080145.163658,1080145.187096,0.023438,0x4052e4,1,311,279,32,52,20.000000,0,0,0.050145,1.200000,0.800000,mba,0,,0,0,-1,-1,-1,-1,-1,-1,-1,-1,-1,-1,-1,-1
2800,4,700,11,16,16,1080145.162474,1080145.185108,0.022634,0x4052e4,1,291,252,39,54,20.000000,0,0,0.050145,1.200000,0.800000,mba,0,,0,0,-1,-1,-1,-1,-1,-1,-1,-1,-1,-1,-1,-1
2800,4,700,12,16,16,1080145.160751,1080145.181665,0.020914,0x4052e4,1,134,81,53,56,20.000000,0,0,0.050145,1.200000,0.800000,mba,0,,0,0,-1,-1,-1,-1,-1,-1,-1,-1,-1,-1,-1,-1
2800,4,700,13,16,16,1080145.161174,1080145.182043,0.020869,0x4052e4,1,109,61,48,58,20.000000,0,0,0.050145,1.200000,0.800000,mba,0,,0,0,-1,-1,-1,-1,-1,-1,-1,-1,-1,-1,-1,-1
2800,4,700,14,16,16,1080145.161096,1080145.181738,0.020642,0x4052e4,1,82,48,34,60,20.000000,0,0,0.050145,1.200000,0.800000,mba,0,,0,0,-1,-1,-1,-1,-1,-1,-1,-1,-1,-1,-1,-1
2800,4,700,15,16,16,1080145.161492,1080145.181960,0.020468,0x4052e4,1,138,93,45,62,20.000000,0,0,0.050145,1.200000,0.800000,mba,0,,0,0,-1,-1,-1,-1,-1,-1,-1,-1,-1,-1,-1,-1
2801,5,700,0,16,16,1080145.272094,1080145.292597,0.020503,0x40533c,1,39,1,38,0,40.000000,0,0,0.038008,1.200000,0.800000,mba,0,,0,0,-1,-1,-1,-1,-1,-1,-1,-1,-1,-1,-1,-1
2801,5,700,1,16,16,1080145.272178,1080145.292448,0.020270,0x40533c,1,116,85,31,34,40.000000,0,0,0.038008,1.200000,0.800000,mba,0,,0,0,-1,-1,-1,-1,-1,-1,-1,-1,-1,-1,-1,-1
2801,5,700,2,16,16,1080145.270104,1080145.290312,0.020208,0x40533c,1,108,87,21,36,40.000000,0,0,0.038008,1.200000,0.800000,mba,0,,0,0,-1,-1,-1,-1,-1,-1,-1,-1,-1,-1,-1,-1
2801,5,700,3,16,16,1080145.271511,1080145.291783,0.020272,0x40533c,1,84,61,23,38,40.000000,0,0,0.038008,1.200000,0.800000,mba,0,,0,0,-1,-1,-1,-1,-1,-1,-1,-1,-1,-1,-1,-1
2801,5,700,4,16,16,1080145.271746,1080145.297646,0.025900,0x40533c,1,707,487,220,40,100.000000,0,0,0.038008,1.200000,0.800000,mba,0,,0,0,-1,-1,-1,-1,-1,-1,-1,-1,-1,-1,-1,-1
2801,5,700,5,16,16,1080145.271471,1080145.298588,0.027117,0x40533c,1,646,342,304,42,100.000000,0,0,0.038008,1.200000,0.800000,mba,0,,0,0,-1,-1,-1,-1,-1,-1,-1,-1,-1,-1,-1,-1
2801,5,700,6,16,16,1080145.271934,1080145.297895,0.025961,0x40533c,1,687,533,154,44,100.000000,0,0,0.038008,1.200000,0.800000,mba,0,,0,0,-1,-1,-1,-1,-1,-1,-1,-1,-1,-1,-1,-1
2801,5,700,7,16,16,1080145.271280,1080145.308112,0.036832,0x40533c,1,637,419,218,46,100.000000,0,0,0.038008,1.200000,0.800000,mba,0,,0,0,-1,-1,-1,-1,-1,-1,-1,-1,-1,-1,-1,-1
2801,5,700,8,16,16,1080145.272009,1080145.298484,0.026475,0x40533c,1,778,420,358,48,100.000000,0,0,0.038008,1.200000,0.800000,mba,0,,0,0,-1,-1,-1,-1,-1,-1,-1,-1,-1,-1,-1,-1
2801,5,700,9,16,16,1080145.271431,1080145.298150,0.026719,0x40533c,1,568,248,320,50,100.000000,0,0,0.038008,1.200000,0.800000,mba,0,,0,0,-1,-1,-1,-1,-1,-1,-1,-1,-1,-1,-1,-1
2801,5,700,10,16,16,1080145.271691,1080145.298682,0.026991,0x40533c,1,720,484,236,52,100.000000,0,0,0.038008,1.200000,0.800000,mba,0,,0,0,-1,-1,-1,-1,-1,-1,-1,-1,-1,-1,-1,-1
2801,5,700,11,16,16,1080145.270523,1080145.296725,0.026202,0x40533c,1,727,418,309,54,100.000000,0,0,0.038008,1.200000,0.800000,mba,0,,0,0,-1,-1,-1,-1,-1,-1,-1,-1,-1,-1,-1,-1
2801,5,700,12,16,16,1080145.271281,1080145.291298,0.020017,0x40533c,1,86,48,38,56,40.000000,0,0,0.038008,1.200000,0.800000,mba,0,,0,0,-1,-1,-1,-1,-1,-1,-1,-1,-1,-1,-1,-1
2801,5,700,13,16,16,1080145.271816,1080145.291845,0.020029,0x40533c,1,120,83,37,58,40.000000,0,0,0.038008,1.200000,0.800000,mba,0,,0,0,-1,-1,-1,-1,-1,-1,-1,-1,-1,-1,-1,-1
2801,5,700,14,16,16,1080145.271515,1080145.291593,0.020078,0x40533c,1,89,66,23,60,40.000000,0,0,0.038008,1.200000,0.800000,mba,0,,0,0,-1,-1,-1,-1,-1,-1,-1,-1,-1,-1,-1,-1
2801,5,700,15,16,16,1080145.270382,1080145.290363,0.019981,0x40533c,1,102,82,20,62,40.000000,0,0,0.038008,1.200000,0.800000,mba,0,,0,0,-1,-1,-1,-1,-1,-1,-1,-1,-1,-1,-1,-1
