# amr_dense_snapshot_v1
# step 1800
# time 2.197265625
# coarse_n 64
# parts 4
# max_level 3
# fine_n 512
# initial_pattern checker
# initial_scale 0.25
# state_components 64
# leaves 8896
# columns i j level value importance
0 0 0 0.79017552408155867 0.0012780309528179767
8 0 0 0.78889749312874069 0.0025490883158041377
16 0 0 0.78634840481293655 0.0038063736273086235
24 0 0 0.78254203118562793 0.0050434523478958271
32 0 0 0.7774985788377321 0.0062544635435131113
40 0 0 0.77124411529421899 0.0074343473466630394
48 0 0 0.76380976794755595 0.00857908297666643
56 0 0 0.75523068497088952 0.0096859546468325286
64 0 0 0.74554473032405699 0.010753924797444858
72 0 0 0.73479080552661213 0.011784151286230893
80 0 0 0.72300665424038124 0.012779947428068539
88 0 0 0.7102267068123127 0.013743042218764545
96 0 0 0.69648366459354816 0.014659394050602237
104 0 0 0.68182427054294592 0.015468701022767539
112 0 1 0.66649316704948047 0.015531770958475355
116 0 1 0.65096139609100512 0.015621612351377379
120 0 3 0.63536667853372808 0.015606960925853564
121 0 3 0.61975971760787452 0.015610632594051488
122 0 3 0.60414908501382303 0.015610632594051488
123 0 3 0.58854002364771274 0.015609061366110288
124 0 3 0.57293612380570325 0.015603899842009494
125 0 3 0.55734031333024736 0.015595810475455885
126 0 2 0.54175568636067284 0.01558446901098931
128 0 2 0.5262226325785605 0.015533053782112338
130 0 2 0.51075170281551263 0.015470929763047869
132 0 2 0.49535564123555714 0.015396061579955489
134 0 2 0.48004964514258941 0.015305996092967733
136 0 1 0.46485565520486055 0.015213729919139829
140 0 1 0.45011429807843767 0.014741357126422883
144 0 0 0.43592669327692207 0.014277098665401111
152 0 0 0.42387544963370727 0.012051243643214804
160 0 0 0.41413559363162256 0.0097398560020847125
168 0 0 0.4067589663107139 0.0073766273209086575
176 0 0 0.40178704577636637 0.0049719205343475292
184 0 0 0.39925693116528144 0.0025301146110849326
192 0 0 0.39920147980930365 0.0024483421610483891
200 0 0 0.40164982197035204 0.0049834309513777098
208 0 0 0.40663325292172975 0.007580452580172814
216 0 0 0.41421370550190256 0.01038047341554299
224 0 0 0.42459417891744555 0.013809530360693267
232 0 0 0.43840370927813882 0.01793983504551383
240 0 0 0.45634354432365265 0.01793983504551383
248 0 1 0.4740986938383609 0.017755149514708246
252 0 1 0.49144048918578725 0.017341795347426359
256 0 1 0.50855951081421236 0.017341795347425859
260 0 1 0.52590130616163822 0.017755149514708024
264 0 0 0.54365645567634624 0.017939835045514441
272 0 0 0.56159629072186068 0.017939835045514441
280 0 0 0.575405821082554 0.013809530360693323
288 0 0 0.5857862944980966 0.010380473415542602
296 0 0 0.59336674707826886 0.0075804525801722589
304 0 0 0.59835017802964729 0.0049834309513784314
312 0 0 0.6007985201906958 0.0024483421610485001
320 0 0 0.60074306883471884 0.0025301146110856543
328 0 0 0.59821295422363319 0.0049719205343470296
336 0 0 0.59324103368928616 0.0073766273209092681
344 0 0 0.58586440636837689 0.0097398560020843794
352 0 0 0.57612455036629251 0.012051243643215304
360 0 0 0.56407330672307721 0.014277098665400834
368 0 1 0.54988570192156194 0.01474135712642255
372 0 1 0.53514434479513939 0.015213729919139829
376 0 2 0.51995035485741059 0.015305996092967566
378 0 2 0.50464435876444302 0.015396061579955489
380 0 2 0.48924829718448754 0.015470929763047869
382 0 2 0.47377736742143967 0.015533053782112338
384 0 2 0.45824431363932733 0.015584469010989255
386 0 3 0.44265968666975281 0.01559581047545594
387 0 3 0.42706387619429687 0.015603899842009605
388 0 3 0.41145997635228726 0.015609061366110288
389 0 3 0.39585091498617697 0.015610632594051543
390 0 3 0.38024028239212543 0.015610632594051543
391 0 3 0.36463332146627175 0.015606960925853675
392 0 1 0.3490386039089946 0.015621612351377601
396 0 1 0.33350683295051942 0.015531770958475188
400 0 0 0.31817572945705402 0.015468701022767539
408 0 0 0.30351633540645218 0.014659394050601848
416 0 0 0.28977329318768774 0.013743042218764434
424 0 0 0.27699334575961904 0.012779947428068705
432 0 0 0.26520919447338787 0.01178415128623117
440 0 0 0.25445526967594312 0.010753924797444747
448 0 0 0.24476931502911034 0.0096859546468327784
456 0 0 0.23619023205244441 0.0085790829766659304
464 0 0 0.22875588470578076 0.00743434734666365
472 0 0 0.22250142116226834 0.0062544635435124174
480 0 0 0.21745796881437277 0.0050434523478955773
488 0 0 0.21365159518706422 0.0038063736273085402
496 0 0 0.21110250687126 0.002549088315804221
504 0 0 0.20982447591844122 0.0012780309528188094
120 1 3 0.63535938469225151 0.015609535958239551
121 1 3 0.61974984873401195 0.015609825424490631
122 1 3 0.60414002330952132 0.015609825424490631
123 1 3 0.58853347025610714 0.015606553053414185
124 1 3 0.57293277058893088 0.015600699667176254
125 1 3 0.55733999741307683 0.015592773175854058
386 1 3 0.44266000258692334 0.015592773175854169
387 1 3 0.42706722941106917 0.01560069966717631
388 1 3 0.41146652974389286 0.01560655305341424
389 1 3 0.39585997669047862 0.015609825424490575
390 1 3 0.38025015126598805 0.015609825424490575
391 1 3 0.36464061530774838 0.015609535958239662
120 2 3 0.63534004195185789 0.015621354139147225
121 2 3 0.61972668440977541 0.015613357542082484
122 2 3 0.60412016809963753 0.015606516310137875
123 2 3 0.58851966787283028 0.015600500226807257
124 2 3 0.57292625599760438 0.015593411875225893
125 2 3 0.55734214024826423 0.015584115749340155
126 2 2 0.54177221119511643 0.015569462671347845
128 2 2 0.52625165517660566 0.015520556018510767
130 2 2 0.5107896552960669 0.015461999880538757
132 2 2 0.49539844364384705 0.015391211652219849
134 2 2 0.48008912510541141 0.015309318538435646
376 2 2 0.51991087489458854 0.015309318538435424
378 2 2 0.50460155635615311 0.015391211652219905
380 2 2 0.48921034470393321 0.015461999880538646
382 2 2 0.47374834482339456 0.015520556018510823
384 2 2 0.45822778880488374 0.015569462671348011
386 2 3 0.44265785975173583 0.01558411574934021
387 2 3 0.42707374400239562 0.015593411875225949
388 2 3 0.41148033212716967 0.015600500226807201
389 2 3 0.39587983190036247 0.01560651631013793
390 2 3 0.38027331559022454 0.01561335754208254
391 2 3 0.364659958048142 0.015621354139147392
120 3 3 0.63529302978067315 0.015668366310331971
121 3 3 0.61968298466541194 0.015610045115261206
122 3 3 0.60408670302759404 0.015596281637817899
123 3 3 0.58849736998983382 0.015589333037760222
124 3 3 0.57291528112450762 0.015582088865326194
125 3 3 0.55734120748466442 0.0155740736398432
386 3 3 0.44265879251533569 0.015574073639843256
387 3 3 0.42708471887549243 0.015582088865326249
388 3 3 0.41150263001016618 0.015589333037760167
389 3 3 0.39591329697240601 0.015596281637818066
390 3 3 0.38031701533458795 0.015610045115261317
391 3 3 0.36470697021932663 0.015668366310332027
112 4 1 0.66621797199087629 0.015606298552069631
116 4 1 0.65064324905990945 0.015588719969884535
120 4 3 0.63516776846897383 0.015556166007720362
121 4 3 0.61961160246125346 0.015573053947578019
122 4 3 0.60403854851367544 0.015573053947578019
123 4 3 0.58846637751372044 0.015572170999955004
124 4 3 0.57290120630516184 0.015565171208558604
125 4 3 0.55734648819851174 0.015554718106650101
126 4 2 0.5418096905808325 0.015536355979354877
128 4 2 0.5263154760700709 0.015494214510761606
130 4 2 0.51087184145925146 0.015443634610819434
132 4 2 0.49549413382671181 0.01537770763253965
134 4 2 0.4802055482726591 0.015288585554052714
136 4 1 0.46505982664340501 0.015210527400188134
140 4 1 0.45029328580620859 0.014766540837196418
248 4 1 0.47439861970142794 0.018055075377775287
252 4 1 0.49153689114755145 0.01713827144612351
256 4 1 0.50846310885244794 0.017138271446123343
260 4 1 0.52560138029857129 0.018055075377774954
368 4 1 0.54970671419379102 0.014766540837196307
372 4 1 0.53494017335659472 0.015210527400187801
376 4 2 0.51979445172734096 0.015288585554052769
378 4 2 0.50450586617328819 0.015377707632539594
380 4 2 0.48912815854074859 0.01544363461081949
382 4 2 0.4736845239299291 0.01549421451076155
384 4 2 0.45819030941916755 0.015536355979354932
386 4 3 0.44265351180148832 0.015554718106650156
387 4 3 0.42709879369483816 0.015565171208558548
388 4 3 0.41153362248627962 0.015572170999955115
389 4 3 0.3959614514863245 0.015573053947577908
390 4 3 0.38038839753874659 0.015573053947577908
391 4 3 0.36483223153102623 0.015556166007720362
392 4 1 0.34935675094009055 0.015588719969884646
396 4 1 0.33378202800912365 0.015606298552069631
120 5 3 0.63510254107173991 0.015559787883551834
121 5 3 0.61954275318818808 0.015561281248622993
122 5 3 0.60398147193956508 0.015561281248622993
123 5 3 0.58842679178103674 0.015554680158528345
124 5 3 0.57288169095701269 0.01554510082402405
125 5 3 0.55734560492186302 0.015536086035149665
386 5 3 0.44265439507813698 0.015536086035149665
387 5 3 0.42711830904298731 0.015545100824023994
388 5 3 0.41157320821896332 0.015554680158528456
389 5 3 0.39601852806043486 0.015561281248622993
390 5 3 0.38045724681181187 0.015561281248622993
391 5 3 0.36489745892826009 0.015559787883551779
120 6 3 0.6350352232040839 0.015608025855825547
121 6 3 0.61946036468231969 0.015574858521764212
122 6 3 0.60390906487686247 0.015551299805457219
123 6 3 0.58837552923206604 0.015533535644796426
124 6 3 0.5728580556738162 0.015517473558249839
125 6 3 0.55735662936863761 0.015501426305178589
126 6 2 0.54188012453505796 0.015476018537746827
128 6 2 0.52642738481763718 0.015452739717420783
130 6 2 0.51100788292268107 0.015419501894956111
132 6 2 0.49563954095450152 0.015368341968179544
134 6 2 0.48033515981452718 0.015304381139974343
376 6 2 0.51966484018547277 0.015304381139974343
378 6 2 0.50436045904549842 0.015368341968179655
380 6 2 0.48899211707731877 0.015419501894955945
382 6 2 0.47357261518236282 0.015452739717420783
384 6 2 0.45811987546494204 0.015476018537746827
386 6 3 0.4426433706313625 0.015501426305178645
387 6 3 0.42714194432618385 0.015517473558249895
388 6 3 0.41162447076793396 0.015533535644796481
389 6 3 0.39609093512313748 0.015551299805457164
390 6 3 0.38053963531768031 0.015574858521764101
391 6 3 0.36496477679591621 0.015608025855825658
120 7 3 0.63491258361530178 0.015730665444607661
121 7 3 0.61933777425851066 0.015574809356791119
122 7 3 0.60380830150102038 0.015529472757490281
123 7 3 0.58830449866218548 0.015503802838834901
124 7 3 0.57282257096180267 0.015481927700382814
125 7 3 0.55735565677697196 0.015475532241914003
386 7 3 0.44264434322302798 0.015475532241914058
387 7 3 0.42717742903819733 0.015481927700382925
388 7 3 0.41169550133781441 0.01550380283883479
389 7 3 0.39619169849897962 0.015529472757490226
390 7 3 0.38066222574148939 0.015574809356791119
391 7 3 0.36508741638469827 0.015730665444607717
0 8 0 0.78889749312874069 0.0025490883158042488
8 8 0 0.78762023551386096 0.0025476116200450205
16 8 0 0.78507262389381594 0.0038043287719992103
24 8 0 0.78126829512181672 0.0050410314221116526
32 8 0 0.77622726369970507 0.0062519065348264347
40 8 0 0.76997535716487864 0.0074319379106210226
48 8 0 0.76254341925425762 0.0085771567133120508
56 8 0 0.75396626254094556 0.0096849249159002282
64 8 0 0.74428133762504534 0.010754316113476659
72 8 0 0.73352702151156868 0.011786621920633733
80 8 0 0.72174039959093494 0.01278543204383753
88 8 0 0.70895496754709741 0.0137539573290546
96 8 0 0.69520101021804281 0.014685635223780968
104 8 0 0.68051537499426185 0.015551037051838912
112 8 1 0.66541882891630633 0.015516824781237282
116 8 1 0.64990200413506904 0.015580573912637119
120 8 3 0.63460939505894509 0.015460230361260541
121 8 3 0.61914916469768455 0.015482714495507532
122 8 3 0.60366645020217702 0.015482714495507532
123 8 3 0.58820350868806137 0.015462941514115647
124 8 3 0.57277367368348653 0.015429835004574843
125 8 3 0.55737607566212266 0.015397598021363867
126 8 2 0.54201749218851192 0.015399671369542456
128 8 2 0.52661782081896946 0.015399671369542456
130 8 2 0.51122141133863785 0.015396409480331608
132 8 2 0.49586616540477568 0.015355245933862172
134 8 2 0.48059585698899959 0.01527030841577609
136 8 1 0.4655104648040162 0.015206701444150872
140 8 1 0.45081116215131473 0.014699302652701474
144 8 0 0.43682564602736945 0.014263180646557794
152 8 0 0.42479489833318723 0.01203074769418222
160 8 0 0.41507239256151701 0.0097225057716702201
168 8 0 0.40770963241353042 0.0073627601479865912
176 8 0 0.40274871213834396 0.0049609202751864645
184 8 0 0.40022689552544871 0.0025218166128952446
192 8 0 0.40017720339635438 0.0024527881794240147
200 8 0 0.40262999157577839 0.004991547986824052
208 8 0 0.40762153956260244 0.0076065613195722137
216 8 0 0.41522810088217466 0.010441837208120808
224 8 0 0.42566993809029546 0.013872620868017105
232 8 0 0.43954255895831257 0.01847889822741744
240 8 0 0.45802145718573001 0.019028956310597089
248 8 1 0.4756148674801034 0.017593410294373391
252 8 1 0.49178092270344437 0.016438154593110543
256 8 1 0.50821907729655491 0.016438154593110543
260 8 1 0.52438513251989571 0.017593410294373335
264 8 0 0.54197854281426905 0.019028956310596867
272 8 0 0.56045744104168738 0.018478898227418328
280 8 0 0.57433006190970415 0.013872620868016772
288 8 0 0.58477189911782446 0.010441837208120308
296 8 0 0.59237846043739684 0.0076065613195723802
304 8 0 0.59737000842422106 0.0049915479868242185
312 8 0 0.5998227966036449 0.0024527881794238482
320 8 0 0.5997731044745509 0.0025218166128953001
328 8 0 0.5972512878616556 0.0049609202751864645
336 8 0 0.59229036758646914 0.0073627601479865357
344 8 0 0.5849276074384826 0.0097225057716702201
352 8 0 0.57520510166681238 0.012030747694182109
360 8 0 0.56317435397263027 0.014263180646557516
368 8 1 0.54918883784868555 0.014699302652701696
372 8 1 0.53448953519598386 0.015206701444150927
376 8 2 0.51940414301100046 0.015270308415776257
378 8 2 0.50413383459522421 0.015355245933862172
380 8 2 0.48877858866136203 0.015396409480331552
382 8 2 0.47338217918103048 0.015399671369542456
384 8 2 0.45798250781148803 0.015399671369542456
386 8 3 0.44262392433787734 0.015397598021363812
387 8 3 0.42722632631651353 0.015429835004574954
388 8 3 0.41179649131193857 0.015462941514115536
389 8 3 0.39633354979782304 0.015482714495507532
390 8 3 0.3808508353023155 0.015482714495507532
391 8 3 0.36539060494105496 0.015460230361260541
392 8 1 0.35009799586493101 0.015580573912637063
396 8 1 0.33458117108369345 0.015516824781237559
400 8 0 0.31948462500573804 0.015551037051838912
408 8 0 0.30479898978195791 0.014685635223780136
416 8 0 0.29104503245290275 0.013753957329055155
424 8 0 0.27825960040906494 0.012785432043837808
432 8 0 0.2664729784884311 0.011786621920633844
440 8 0 0.25571866237495533 0.01075431611347577
448 8 0 0.24603373745905482 0.0096849249159005057
456 8 0 0.23745658074574302 0.008577156713311801
464 8 0 0.23002464283512208 0.0074319379106209393
472 8 0 0.22377273630029573 0.0062519065348263514
480 8 0 0.218731704878184 0.0050410314221117358
488 8 0 0.21492737610618479 0.0038043287719992103
496 8 0 0.21237976448613999 0.0025476116200447985
504 8 0 0.21110250687126003 0.002549088315804221
120 9 3 0.6344427996772336 0.01548947633241704
121 9 3 0.61895332334481656 0.01548947633241704
122 9 3 0.60347869052427638 0.01547463282054018
123 9 3 0.58805142396537624 0.015427266558900143
124 9 3 0.57268818973554492 0.015363234229831324
125 9 3 0.55737097573598449 0.015353483547472568
386 9 3 0.44262902426401546 0.015353483547472568
387 9 3 0.42731181026445503 0.015363234229831213
388 9 3 0.41194857603462381 0.015427266558900143
389 9 3 0.39652130947572367 0.015474632820540291
390 9 3 0.38104667665518338 0.015489476332416985
391 9 3 0.3655572003227664 0.015489476332416985
120 10 3 0.6342660035068306 0.015636000628238444
121 10 3 0.61869641729241309 0.015569586214417508
122 10 3 0.60319724872249847 0.015499168569914623
123 10 3 0.58779859669557544 0.015398652026923032
124 10 3 0.57254023877833449 0.01525835791724095
125 10 3 0.55741278586626763 0.015127452912066852
126 10 2 0.54233545210556589 0.01537992605011862
128 10 2 0.52695552605544727 0.015413609478756807
130 10 2 0.51154191657669046 0.015413609478756807
132 10 2 0.49616320885270082 0.015378707723989637
134 10 2 0.48083847550733455 0.015328010703318351
376 10 2 0.5191615244926655 0.015328010703318351
378 10 2 0.50383679114729929 0.015378707723989749
380 10 2 0.48845808342330954 0.015413609478756751
382 10 2 0.47304447394455279 0.015413609478756751
384 10 2 0.457664547894434 0.015379926050118786
386 10 3 0.44258721413373237 0.015127452912066852
387 10 3 0.42745976122166551 0.015258357917241061
388 10 3 0.41220140330442445 0.015398652026922921
389 10 3 0.39680275127750153 0.015499168569914734
390 10 3 0.3813035827075868 0.015569586214417397
391 10 3 0.3657339964931694 0.015636000628238389
120 11 3 0.63396752264671863 0.015934481488350416
121 11 3 0.61829659945011706 0.015670923196601572
122 11 3 0.60273722462266299 0.015559374827454064
123 11 3 0.58733965329201154 0.015397571330651449
124 11 3 0.57222712806691511 0.015112525225096429
125 11 3 0.55741584588434057 0.015080393778774681
386 11 3 0.44258415411565943 0.01508039377877457
387 11 3 0.42777287193308489 0.015112525225096485
388 11 3 0.4126603467079884 0.015397571330651394
389 11 3 0.39726277537733701 0.01555937482745412
390 11 3 0.38170340054988289 0.015670923196601516
391 11 3 0.36603247735328137 0.01593448148835036
112 12 1 0.66450984696853943 0.016005528025722415
116 12 1 0.64869298349694182 0.016048512714388119
120 12 3 0.63332987721720024 0.015651918798999631
121 12 3 0.61767795841820061 0.015681820564359072
122 12 3 0.60199613785384154 0.015681820564359072
123 12 3 0.58649295064126761 0.015503187212573932
124 12 3 0.57155536132177698 0.01493758931949063
125 12 3 0.55769352039811981 0.014480086325888819
126 12 2 0.54321343407223099 0.015631795238566837
128 12 2 0.52758163883366416 0.015631795238566837
130 12 2 0.5120219490333433 0.015559689800320853
132 12 2 0.49657885247755301 0.015443096555790292
134 12 2 0.48125837879594119 0.015320473681611824
136 12 1 0.46617121212453466 0.015272499158026254
140 12 1 0.45136649119653982 0.014804720927994841
248 12 1 0.47848595951255085 0.020464502326820844
252 12 1 0.49179643616387891 0.016407127672241617
256 12 1 0.50820356383612053 0.016407127672241617
260 12 1 0.52151404048744854 0.020464502326820511
368 12 1 0.54863350880346007 0.014804720927994675
372 12 1 0.53382878787546539 0.015272499158026309
376 12 2 0.51874162120405887 0.015320473681611602
378 12 2 0.50342114752244727 0.015443096555790403
380 12 2 0.48797805096665686 0.015559689800320964
382 12 2 0.4724183611663359 0.015631795238566781
384 12 2 0.45678656592776912 0.015631795238566781
386 12 3 0.44230647960188019 0.01448008632588893
387 12 3 0.42844463867822297 0.014937589319490685
388 12 3 0.41350704935873228 0.015503187212573877
389 12 3 0.3980038621461584 0.015681820564359072
390 12 3 0.38232204158179933 0.015681820564359072
391 12 3 0.36667012278279953 0.015651918798999798
392 12 1 0.35130701650305779 0.016048512714388175
396 12 1 0.33549015303146046 0.016005528025722415
120 13 3 0.63288108619572281 0.015936088917692826
121 13 3 0.61694499727802998 0.0160295006748159
122 13 3 0.60091549660321408 0.0160295006748159
123 13 3 0.58494280080740291 0.015972695795811176
124 13 3 0.56973162896560969 0.015211171841793214
125 13 3 0.55859785483628954 0.015384420764058548
386 13 3 0.44140214516371046 0.015384420764058659
387 13 3 0.4302683710343902 0.015211171841793214
388 13 3 0.41505719919259698 0.015972695795811176
389 13 3 0.39908450339678581 0.0160295006748159
390 13 3 0.38305500272196991 0.0160295006748159
391 13 3 0.36711891380427697 0.015936088917692937
120 14 3 0.63243959272002159 0.01630577099911068
121 14 3 0.61613382172091091 0.016545896705262852
122 14 3 0.59958792501564806 0.017115304650395236
123 14 3 0.58247262036525282 0.018725301778657832
124 14 2 0.56374731858659499 0.01849953901757484
126 14 2 0.54524777956902015 0.01849953901757484
128 14 2 0.52857172215971515 0.016676057409305001
130 14 2 0.51266099717084568 0.015910724988869474
132 14 2 0.49707128914673587 0.015589708024109805
134 14 2 0.4816290437691807 0.015457831644646036
376 14 2 0.51837095623081941 0.015457831644645981
378 14 2 0.50292871085326429 0.015589708024109972
380 14 2 0.48733900282915432 0.015910724988869362
382 14 2 0.47142827784028496 0.016676057409305112
384 14 2 0.45475222043097985 0.018499539017574951
386 14 2 0.4362526814134049 0.018499539017574951
388 14 3 0.41752737963474712 0.018725301778657777
389 14 3 0.40041207498435177 0.017115304650395347
390 14 3 0.38386617827908898 0.016545896705262797
391 14 3 0.36756040727997813 0.016305770999110847
120 15 3 0.63192732699727039 0.016765656499671433
121 15 3 0.61538183035249139 0.016748768506687051
122 15 3 0.59863306184580434 0.017174481918629247
123 15 3 0.58145857992717509 0.017711261340580098
388 15 3 0.41854142007282485 0.017711261340580042
389 15 3 0.40136693815419561 0.017174481918629247
390 15 3 0.3846181696475085 0.016748768506687106
391 15 3 0.36807267300272933 0.016765656499671544
0 16 0 0.78634840481293644 0.0038063736273086235
8 16 0 0.78507262389381594 0.0038043287719992103
16 16 0 0.78252782742591187 0.0038004417290686821
24 16 0 0.77872738569684319 0.005036449757444994
32 16 0 0.77369093593939819 0.0062470980594275805
40 16 0 0.76744383787997061 0.0074274478749830619
48 16 0 0.76001639000498755 0.0085736165625494021
56 16 0 0.75144277344243815 0.009683099115147642
64 16 0 0.74175967432729051 0.010755199361656587
72 16 0 0.73100447496563392 0.011791650969061207
80 16 0 0.71921282399657271 0.012797318924704704
88 16 0 0.70641550507186801 0.013780586009668139
96 16 0 0.69263491906219987 0.014755713621182109
104 16 0 0.67787920544101776 0.015766898226378778
112 16 1 0.66283496041176226 0.015863474547222034
116 16 1 0.64697148586454023 0.016467455427660371
120 16 3 0.63107760940498003 0.016414542496157147
121 16 3 0.61466306690882289 0.016741322373671208
122 16 3 0.59792174453515168 0.017080223217617263
123 16 3 0.58084152131753441 0.017431205669652394
124 16 2 0.56341031564788202 0.017429684786523958
126 16 2 0.54598063086135806 0.017429684786523958
128 16 2 0.52933443983807771 0.016646191023280354
130 16 2 0.51330681469188866 0.016027625146189051
132 16 2 0.49763427174390679 0.015672542947981871
134 16 2 0.48220573660126409 0.015428535142642696
136 16 1 0.46711221515930007 0.015308668257460134
140 16 1 0.45242310744873793 0.014689107710562144
144 16 0 0.43863300289930257 0.014256440880229093
152 16 0 0.42663018102349093 0.012002821875811642
160 16 0 0.41693641851174079 0.0096937625117501369
168 16 0 0.40959869739890797 0.0073377211128328179
176 16 0 0.40465834395059525 0.0049403534483127287
184 16 0 0.40215202634942893 0.0028497988822788201
192 16 0 0.40211228648510788 0.0028621589485665067
200 16 0 0.40456909101860239 0.0049861115807158796
208 16 0 0.40955520259931827 0.0075672226503551432
216 16 0 0.41712242524967341 0.010246210512306064
224 16 0 0.42736863576197948 0.013025320886966285
232 16 0 0.44039395664894576 0.015352191881950805
240 16 1 0.45547807833604703 0.015084121687101271
244 16 1 0.4682989237361927 0.020569590838324547
248 16 0 0.48886851457451724 0.022262970850965125
256 16 0 0.51113148542548237 0.022262970850965125
264 16 1 0.53170107626380658 0.020569590838324214
268 16 1 0.5445219216639523 0.015084121687101604
272 16 0 0.55960604335105391 0.015352191881951249
280 16 0 0.57263136423802019 0.013025320886966285
288 16 0 0.58287757475032598 0.010246210512305787
296 16 0 0.59044479740068112 0.0075672226503551432
304 16 0 0.59543090898139694 0.0049861115807158241
312 16 0 0.59788771351489156 0.0028621589485664511
320 16 0 0.59784797365057096 0.0028497988822793197
328 16 0 0.59534165604940437 0.0049403534483124512
336 16 0 0.59040130260109192 0.0073377211128328179
344 16 0 0.5830635814882591 0.00969376251175047
352 16 0 0.57336981897650863 0.012002821875811365
360 16 0 0.56136699710069726 0.014256440880228927
368 16 1 0.54757689255126218 0.01468910771056231
372 16 1 0.53288778484069987 0.015308668257460134
376 16 2 0.51779426339873591 0.01542853514264253
378 16 2 0.50236572825609338 0.015672542947981927
380 16 2 0.48669318530811145 0.016027625146189162
382 16 2 0.47066556016192229 0.016646191023280466
384 16 2 0.45401936913864183 0.017429684786523847
386 16 2 0.43658968435211798 0.017429684786523847
388 16 3 0.41915847868246553 0.01743120566965245
389 16 3 0.40207825546484821 0.017080223217617319
390 16 3 0.38533693309117695 0.016741322373671264
391 16 3 0.3689223905950198 0.016414542496157147
392 16 1 0.35302851413545949 0.016467455427660427
396 16 1 0.33716503958823768 0.015863474547221812
400 16 0 0.32212079455898268 0.015766898226378223
408 16 0 0.30736508093780013 0.014755713621182553
416 16 0 0.29358449492813216 0.013780586009667972
424 16 0 0.28078717600342767 0.012797318924704482
432 16 0 0.26899552503436691 0.011791650969060763
440 16 0 0.25824032567271049 0.01075519936165642
448 16 0 0.24855722655756282 0.0096830991151476697
456 16 0 0.23998360999501292 0.0085736165625499017
464 16 0 0.23255616212002991 0.0074274478749830064
472 16 0 0.22630906406060239 0.0062470980594275249
480 16 0 0.22127261430315739 0.005036449757444994
488 16 0 0.21747217257408874 0.0038004417290686543
496 16 0 0.21492737610618479 0.003804328771999238
504 16 0 0.21365159518706425 0.0038063736273085402
120 17 3 0.63064788425123486 0.016519440421948417
121 17 3 0.61412844382928644 0.016728809690534363
122 17 3 0.59739963413875208 0.016934597880051139
123 17 3 0.58046503625870094 0.017054720610818919
388 17 3 0.41953496374129901 0.017054720610818974
389 17 3 0.40260036586124781 0.016934597880051194
390 17 3 0.38587155617071339 0.016728809690534419
391 17 3 0.36935211574876492 0.016519440421948473
120 18 3 0.63033333824822213 0.016638299694298753
121 18 3 0.61369503855392338 0.016722358696440565
122 18 3 0.59697267985748281 0.016844972453286533
123 18 3 0.58012770740419628 0.016976162801403905
124 18 2 0.56315154460279238 0.016852978699715804
126 18 2 0.54629856590307657 0.016852978699715804
128 18 2 0.52986536736151235 0.01643319854156422
130 18 2 0.51385895374640378 0.016006413615108572
132 18 2 0.49815372205481029 0.015705231691593491
134 18 2 0.48263603023225637 0.015523815072956304
376 18 2 0.51736396976774357 0.015523815072956304
378 18 2 0.50184627794518977 0.015705231691593491
380 18 2 0.48614104625359628 0.016006413615108628
382 18 2 0.47013463263848765 0.016433198541564165
384 18 2 0.45370143409692348 0.016852978699715915
386 18 2 0.43684845539720757 0.016852978699715915
388 18 3 0.41987229259580361 0.01697616280140396
389 18 3 0.40302732014251702 0.016844972453286589
390 18 3 0.38630496144607646 0.016722358696440565
391 18 3 0.36966666175177765 0.016638299694298808
120 19 3 0.62995728984308252 0.017014196021457706
121 19 3 0.6132704563107565 0.016686833532326029
122 19 3 0.59659539544451989 0.016722881565245484
123 19 3 0.57987251387927441 0.016722881565245484
388 19 3 0.42012748612072554 0.01672288156524554
389 19 3 0.40340460455548 0.01672288156524554
390 19 3 0.38672954368924323 0.016686833532325973
391 19 3 0.37004271015691725 0.017014196021457761
112 20 1 0.66138965401751582 0.016489551423501947
116 20 1 0.64519490018093628 0.01647865597781939
120 20 3 0.62920711188451173 0.016422987073482109
121 20 3 0.61278412481102962 0.016562980628556989
122 20 3 0.59622114418247263 0.016633991442411733
123 20 3 0.5795871527400609 0.016705153159793373
124 20 2 0.56288199958026752 0.016591266014125527
126 20 2 0.54639111420926867 0.016490885370998853
128 20 2 0.53018756471740636 0.016203549491862312
130 20 2 0.51429752490153069 0.015890039815875667
132 20 2 0.49866458274874575 0.015632942152784934
134 20 2 0.48325613812608614 0.015408444622659612
136 20 1 0.46819470571384203 0.015286961336465066
140 20 1 0.45335578011032529 0.014838925603516739
240 20 1 0.45601421872574627 0.015620262076800506
244 20 1 0.47148596304246371 0.017382551532053536
264 20 1 0.52851403695753585 0.017382551532053481
268 20 1 0.54398578127425312 0.015620262076800784
368 20 1 0.5466442198896746 0.014838925603516739
372 20 1 0.53180529428615786 0.01528696133646501
376 20 2 0.51674386187391375 0.015408444622659334
378 20 2 0.50133541725125441 0.015632942152785101
380 20 2 0.48570247509846931 0.015890039815875667
382 20 2 0.46981243528259364 0.016203549491862312
384 20 2 0.45360888579073133 0.016490885370998909
386 20 2 0.43711800041973242 0.016591266014125639
388 20 3 0.42041284725993899 0.016705153159793429
389 20 3 0.40377885581752726 0.016633991442411733
390 20 3 0.38721587518897022 0.016562980628557045
391 20 3 0.370792888115488 0.01642298707348222
392 20 1 0.35480509981906344 0.01647865597781939
396 20 1 0.33861034598248424 0.016489551423501558
120 21 3 0.62885626621543211 0.016452030014102781
121 21 3 0.61240423620132933 0.01651294857021901
122 21 3 0.59589128763111032 0.016531909182385118
123 21 3 0.5793593784487252 0.016531909182385118
388 21 3 0.42064062155127457 0.016531909182385118
389 21 3 0.40410871236888946 0.016531909182385118
390 21 3 0.3875957637986705 0.016512948570218955
391 21 3 0.37114373378456772 0.016452030014102781
120 22 3 0.62858827316754495 0.016606627013391329
121 22 3 0.61206037380893619 0.016527899358608766
122 22 3 0.59556323972738057 0.01649713408155562
123 22 3 0.57907032783359846 0.016535700028035283
124 22 2 0.56253462780556318 0.016410616469841988
126 22 2 0.54630075353816343 0.01623387426739975
128 22 2 0.53033133311710523 0.0159694204210582
130 22 2 0.51462849615059592 0.015702836966509315
132 22 2 0.49911560401681238 0.01551289213378354
134 22 2 0.48370719597452799 0.015512490260685963
376 22 2 0.51629280402547206 0.015512490260685796
378 22 2 0.50088439598318768 0.015512892133783596
380 22 2 0.48537150384940408 0.015702836966509315
382 22 2 0.46966866688289477 0.015969420421058089
384 22 2 0.45369924646183668 0.016233874267399806
386 22 2 0.43746537219443687 0.016410616469842043
388 22 3 0.42092967216640148 0.016535700028035394
389 22 3 0.40443676027261938 0.016497134081555676
390 22 3 0.3879396261910637 0.016527899358608988
391 22 3 0.37141172683245471 0.016606627013391273
120 23 3 0.62821332554497888 0.016981574635957397
121 23 3 0.61166466394166819 0.016548661603310699
122 23 3 0.59521790312371914 0.016446760817949047
123 23 3 0.57882016071721187 0.016397742406507265
388 23 3 0.42117983928278813 0.016397742406507376
389 23 3 0.40478209687628075 0.016446760817949102
390 23 3 0.38833533605833165 0.016548661603310699
391 23 3 0.37178667445502095 0.016981574635957508
0 24 0 0.78254203118562782 0.0050434523478957161
8 24 0 0.78126829512181672 0.0050410314221116526
16 24 0 0.77872738569684319 0.005036449757445105
24 24 0 0.7749322836239827 0.0050302053873729768
32 24 0 0.76990207823660983 0.0062406201278450979
40 24 0 0.76366145810876473 0.0074215001505003597
48 24 0 0.75623995795826437 0.0085690463559564556
56 24 0 0.74767091160230792 0.0096808718518476278
64 24 0 0.73799003975046029 0.010756501240751337
72 24 0 0.72723353850970895 0.01179812729969576
80 24 0 0.71543541121001319 0.01281178298228558
88 24 0 0.70262362822772761 0.013809215325720658
96 24 0 0.68881441290200696 0.014812028578345848
104 24 0 0.67400238432366111 0.015861155194969223
112 24 1 0.65907432220179774 0.015931850614392062
116 24 1 0.64314247158740567 0.016324726193881145
120 24 3 0.62737825029679928 0.016230847299676832
121 24 3 0.61114740299712245 0.016335550021722711
122 24 3 0.59481185297539974 0.016357199895974062
123 24 3 0.57845465307942567 0.016419380202150058
124 24 2 0.56203527287727562 0.016265931765093833
126 24 2 0.54601508235186846 0.016020190525407152
128 24 2 0.5303113168385305 0.015703765513337964
130 24 2 0.51489986123654397 0.015411455601986535
132 24 2 0.49961560187067416 0.015284259365869801
134 24 2 0.48443432145209903 0.015181280418575138
136 24 1 0.46957991286780382 0.015136768302521753
140 24 1 0.45494800583344225 0.014631907034361569
144 24 0 0.44134763111686204 0.014266531730349086
152 24 0 0.42936791265623131 0.011979718460630728
160 24 0 0.41970626431728508 0.0096616483389462271
168 24 0 0.41240028619644858 0.0073059781208364982
176 24 0 0.40748742579283259 0.0049128604036159929
184 24 0 0.40500182523170775 0.0037258399256108188
192 24 0 0.40497444543367439 0.0037374224517728871
200 24 0 0.40743452023971377 0.0049777645408951021
208 24 0 0.41241228478060887 0.0075323601217727743
216 24 0 0.41994464490238165 0.010133928208772347
224 24 0 0.43007857311115399 0.01275479787335998
232 24 0 0.44283337098451397 0.015237170944127687
240 24 1 0.45752608091853536 0.015872536238329793
244 24 1 0.47339861715686515 0.017288351782977163
248 24 0 0.49068696893984232 0.018626062120315257
256 24 0 0.50931303106015757 0.018626062120315257
264 24 1 0.52660138284313418 0.017288351782976608
268 24 1 0.54247391908146414 0.01587253623832996
272 24 0 0.55716662901548564 0.015237170944127798
280 24 0 0.56992142688884539 0.012754797873359758
288 24 0 0.58005535509761741 0.010133928208772014
296 24 0 0.58758771521939057 0.0075323601217731628
304 24 0 0.59256547976028529 0.0049777645408947135
312 24 0 0.59502555456632511 0.003737422451772221
320 24 0 0.59499817476829164 0.0037258399256105967
328 24 0 0.59251257420716696 0.0049128604036157153
336 24 0 0.58759971380355125 0.0073059781208363317
344 24 0 0.58029373568271492 0.0096616483389463381
352 24 0 0.57063208734376858 0.011979718460630728
360 24 0 0.55865236888313785 0.014266531730348864
368 24 1 0.54505199416655792 0.01463190703436168
372 24 1 0.53042008713219624 0.015136768302521642
376 24 2 0.51556567854790114 0.015181280418575249
378 24 2 0.50038439812932589 0.015284259365869801
380 24 2 0.48510013876345609 0.015411455601986701
382 24 2 0.46968868316146939 0.015703765513337908
384 24 2 0.45398491764813148 0.016020190525406985
386 24 2 0.4379647271227245 0.016265931765094055
388 24 3 0.42154534692057427 0.016419380202150224
389 24 3 0.40518814702460021 0.016357199895974062
390 24 3 0.38885259700287755 0.016335550021722656
391 24 3 0.37262174970320061 0.016230847299676943
392 24 1 0.35685752841259449 0.016324726193880978
396 24 1 0.3409256777982026 0.015931850614391896
400 24 0 0.32599761567633956 0.015861155194968946
408 24 0 0.31118558709799321 0.014812028578346348
416 24 0 0.29737637177227239 0.013809215325720825
424 24 0 0.28456458878998708 0.012811782982285302
432 24 0 0.27276646149029138 0.011798127299695704
440 24 0 0.26200996024954037 0.010756501240751004
448 24 0 0.25232908839769286 0.0096808718518475168
456 24 0 0.24376004204173621 0.0085690463559566499
464 24 0 0.2363385418912361 0.0074215001505001099
472 24 0 0.23009792176339122 0.0062406201278448759
480 24 0 0.22506771637601847 0.0050302053873727548
488 24 0 0.22127261430315739 0.005036449757444994
496 24 0 0.21873170487818402 0.0050410314221117081
504 24 0 0.21745796881437279 0.0050434523478955773
120 25 3 0.62698352779819344 0.016267810548724726
121 25 3 0.61071571724946871 0.016299781936259472
122 25 3 0.59441593531320924 0.016299781936259472
123 25 3 0.57814775620531333 0.016268179107895908
388 25 3 0.42185224379468667 0.016268179107895853
389 25 3 0.40558406468679081 0.016299781936259528
390 25 3 0.38928428275053129 0.016299781936259528
391 25 3 0.37301647220180667 0.016267810548724615
120 26 3 0.62667162871113735 0.016470842876268321
121 26 3 0.61029693592727163 0.016374692783865719
122 26 3 0.59397669845714984 0.01632023747012179
123 26 3 0.57768117445894485 0.016373624922988772
124 26 2 0.56130754953595607 0.016176947374036521
126 26 2 0.54546555215989323 0.015841997376062844
128 26 2 0.5300848550002808 0.015380697159612433
130 26 2 0.51516005792322161 0.01500509233306091
132 26 2 0.5001549655901607 0.015155924701608647
134 26 2 0.48499904088855206 0.015419128020748241
376 26 2 0.51500095911144794 0.015419128020748296
378 26 2 0.49984503440983924 0.015155924701608703
380 26 2 0.48483994207677839 0.015005092333060854
382 26 2 0.46991514499971904 0.015380697159612267
384 26 2 0.45453444784010677 0.015841997376062789
386 26 2 0.43869245046404398 0.01617694737403641
388 26 3 0.42231882554105526 0.016373624922988717
389 26 3 0.40602330154285027 0.01632023747012179
390 26 3 0.38970306407272848 0.016374692783865774
391 26 3 0.3733283712888627 0.01647084287626821
120 27 3 0.62623757476796804 0.016904896819437631
121 27 3 0.60980451241184286 0.016433062356125183
122 27 3 0.59350062318017949 0.016303889231663371
123 27 3 0.57728781936104023 0.016212803819139254
388 27 3 0.42271218063895988 0.016212803819139199
389 27 3 0.40649937681982068 0.016303889231663427
390 27 3 0.39019548758815725 0.016433062356125294
391 27 3 0.37376242523203196 0.016904896819437465
112 28 1 0.65720813605558592 0.016794248268075185
116 28 1 0.64096105635285749 0.016337218871581349
120 28 3 0.62530574869180477 0.016142149870263522
121 28 3 0.60916359882154125 0.016242642502448668
122 28 3 0.59292095631909258 0.016264444661650113
123 28 3 0.57665651165744247 0.016402765782953632
124 28 2 0.56025374587448884 0.016153105127312162
126 28 2 0.54449518111921313 0.015758564755275706
128 28 2 0.52947455340251037 0.015020627716702761
130 28 2 0.51560286874219896 0.01462655119690226
132 28 2 0.5009763175452967 0.01499165057891777
134 28 2 0.48598466696637893 0.01499165057891777
136 28 1 0.47118911761202931 0.015265332287520139
140 28 1 0.45628031986098 0.014932688744117961
240 28 1 0.45861500293874807 0.015836845270425004
244 28 1 0.47445184820917308 0.016235120730669239
264 28 1 0.52554815179082648 0.016235120730668906
268 28 1 0.54138499706125154 0.01583684527042506
368 28 1 0.54371968013902006 0.014932688744117795
372 28 1 0.5288108823879708 0.01526533228752025
376 28 2 0.51401533303362101 0.014991650578917659
378 28 2 0.49902368245470335 0.014991650578917659
380 28 2 0.48439713125780098 0.014626551196902371
382 28 2 0.47052544659748968 0.015020627716702706
384 28 2 0.45550481888078698 0.015758564755275706
386 28 2 0.43974625412551127 0.016153105127312273
388 28 3 0.42334348834255758 0.016402765782953688
389 28 3 0.40707904368090747 0.016264444661650113
390 28 3 0.39083640117845875 0.016242642502448723
391 28 3 0.37469425130819517 0.016142149870263578
392 28 1 0.35903894364714245 0.016337218871581349
396 28 1 0.34279186394441447 0.016794248268074907
120 29 3 0.62483517484937456 0.016231411925440642
121 29 3 0.60860376292393392 0.016253628235986861
122 29 3 0.59235013468794706 0.016253628235986861
123 29 3 0.57615719034615964 0.016192944341787419
388 29 3 0.42384280965384047 0.016192944341787474
389 29 3 0.40764986531205299 0.016253628235986917
390 29 3 0.39139623707606608 0.016253628235986917
391 29 3 0.37516482515062538 0.016231411925440697
120 30 3 0.62444456765289358 0.016516488699963916
121 30 3 0.60804654054026608 0.0163980271126275
122 30 3 0.5917052367737512 0.016343782414067198
123 30 3 0.575361454359684 0.016555652606731308
124 30 2 0.55880580175295269 0.01625976402941598
126 30 2 0.54281608801310666 0.015989713739846034
128 30 2 0.52777375524291137 0.015042332770195288
130 30 2 0.51688789723997386 0.01460604529850229
132 30 2 0.50228185194147157 0.015357619108751552
134 30 2 0.48692423283272002 0.01573511522069071
376 30 2 0.51307576716728009 0.01573511522069071
378 30 2 0.49771814805852843 0.015357619108751663
380 30 2 0.48311210276002625 0.014606045298502179
382 30 2 0.4722262447570888 0.015042332770195399
384 30 2 0.4571839119868934 0.015989713739845979
386 30 2 0.44119419824704742 0.016259764029416091
388 30 3 0.424638545640316 0.016555652606731419
389 30 3 0.40829476322624875 0.016343782414067254
390 30 3 0.39195345945973398 0.016398027112627611
391 30 3 0.37555543234710637 0.016516488699963916
120 31 3 0.62390985873103155 0.017051197621825942
121 31 3 0.60741271848280642 0.016497140248225128
122 31 3 0.59104886989574978 0.01636384858705664
123 31 3 0.57476967720505334 0.016279192690696442
388 31 3 0.42523032279494666 0.016279192690696442
389 31 3 0.40895113010425022 0.016363848587056584
390 31 3 0.39258728151719363 0.016497140248225239
391 31 3 0.37609014126896839 0.017051197621825942
0 32 0 0.7774985788377321 0.0062544635435131113
8 32 0 0.77622726369970507 0.0062519065348264347
16 32 0 0.77369093593939808 0.0062470980594274694
24 32 0 0.76990207823660972 0.0062406201278449869
32 32 0 0.76487908515678216 0.0062332778433129565
40 32 0 0.7586458073134692 0.0074149511678616165
48 32 0 0.75123085614560758 0.0085642475768396009
56 32 0 0.74266660856876798 0.0096787787065825137
64 32 0 0.73298782986218547 0.010758042132947288
72 32 0 0.72222978772923818 0.011804131597878964
80 32 0 0.71042565613135922 0.012822719701199081
88 32 0 0.69760293643016014 0.01382423518379039
96 32 0 0.68377870124636975 0.014824769968477591
104 32 0 0.66895393127789216 0.015844592572064498
112 32 1 0.6542552794335369 0.015885568136513317
116 32 1 0.63836971129702358 0.016326862708185841
120 32 3 0.62279537502045967 0.016169952223707318
121 32 3 0.60662542279675236 0.016332077151015367
122 32 3 0.59029334564573699 0.016439355335534422
123 32 3 0.57385399031020257 0.016774650444271177
124 32 2 0.55707933986593139 0.016871902954707085
126 32 2 0.5402074369112243 0.018246957888154003
128 32 1 0.5219604790230703 0.017633087434660188
132 32 2 0.50444409267703338 0.017516386346036916
134 32 2 0.48838436682345177 0.016059725853581619
136 32 1 0.47315243199804169 0.015616475858514001
140 32 1 0.45840550987425033 0.014746922123791362
144 32 0 0.44494224635638502 0.014276048500286631
152 32 0 0.43297718323984813 0.011965063116536889
160 32 0 0.42334356517182964 0.0096336180680184902
168 32 0 0.41607126273636824 0.0072723024354613974
176 32 0 0.41118987687619091 0.0048813858601773341
184 32 0 0.40872766515731856 0.0045321800660484413
192 32 0 0.40871186788544728 0.0045394724598253888
200 32 0 0.41117020289082085 0.0049620762991885448
208 32 0 0.41613227919000939 0.0074980349840660931
216 32 0 0.42363031417407548 0.010059329742744538
224 32 0 0.43368964391682002 0.012564381700526539
232 32 0 0.44625402561734656 0.014688107850760024
240 32 1 0.46034526664114733 0.015252548224482743
244 32 1 0.47559781486563008 0.016012520622961879
248 32 0 0.49161033548859195 0.016779329022815592
256 32 0 0.50838966451140755 0.016779329022815592
264 32 1 0.52440218513436976 0.016012520622962212
268 32 1 0.53965473335885239 0.015252548224482632
272 32 0 0.55374597438265294 0.014688107850759913
280 32 0 0.56631035608317981 0.012564381700526872
288 32 0 0.57636968582592374 0.010059329742743928
296 32 0 0.58386772080999005 0.0074980349840663152
304 32 0 0.58882979710917871 0.0049620762991886558
312 32 0 0.59128813211455289 0.0045394724598255554
320 32 0 0.59127233484268105 0.0045321800660476086
328 32 0 0.5888101231238092 0.0048813858601772786
336 32 0 0.58392873726363193 0.0072723024354617305
344 32 0 0.57665643482817019 0.0096336180680183237
352 32 0 0.56702281676015187 0.011965063116536667
360 32 0 0.5550577536436152 0.014276048500286853
368 32 1 0.54159449012574967 0.014746922123791362
372 32 1 0.52684756800195831 0.015616475858514001
376 32 2 0.51161563317654823 0.016059725853581563
378 32 2 0.49555590732296667 0.017516386346036972
380 32 1 0.4780395209769297 0.017633087434660133
384 32 2 0.45979256308877575 0.018246957888153947
386 32 2 0.44292066013406872 0.01687190295470703
388 32 3 0.42614600968979749 0.016774650444271233
389 32 3 0.40970665435426301 0.016439355335534478
390 32 3 0.39337457720324764 0.016332077151015367
391 32 3 0.37720462497954038 0.016169952223707262
392 32 1 0.36163028870297642 0.016326862708185896
396 32 1 0.34574472056646344 0.015885568136512984
400 32 0 0.33104606872210829 0.015844592572064331
408 32 0 0.31622129875363014 0.014824769968478146
416 32 0 0.30239706356983986 0.013824235183790279
424 32 0 0.2895743438686415 0.01282271970119836
432 32 0 0.27777021227076237 0.011804131597879131
440 32 0 0.26701217013781486 0.01075804213294751
448 32 0 0.25733339143123257 0.0096787787065822917
456 32 0 0.24876914385439311 0.0085642475768394621
464 32 0 0.24135419268653144 0.007414951167861672
472 32 0 0.23512091484321887 0.006233277843312568
480 32 0 0.23009792176339119 0.0062406201278449036
488 32 0 0.22630906406060239 0.0062470980594275249
496 32 0 0.22377273630029573 0.0062519065348263514
504 32 0 0.22250142116226837 0.0062544635435123896
120 33 3 0.62225083964800443 0.016271121801469612
121 33 3 0.60597971784653482 0.016349833565543537
122 33 3 0.58962988428099128 0.016366089747745338
123 33 3 0.57326379453324594 0.016366089747745338
388 33 3 0.42673620546675411 0.016366089747745283
389 33 3 0.41037011571900883 0.016366089747745283
390 33 3 0.39402028215346524 0.016349833565543592
391 33 3 0.37774916035199552 0.016271121801469723
120 34 3 0.6218327139050791 0.016536997391944475
121 34 3 0.60539171118890578 0.016441002716173325
122 34 3 0.58896667931852953 0.016485436010972632
123 34 3 0.5724812433075569 0.016754848448478965
124 34 2 0.55572639485907793 0.016746698854841258
126 34 2 0.53897969600423667 0.017019216981166374
132 34 2 0.50523799940828018 0.01672247961479012
134 34 2 0.4891534488896595 0.016084550518620677
376 34 2 0.5108465511103405 0.016084550518620677
378 34 2 0.49476200059171982 0.01672247961479012
384 34 2 0.46102030399576338 0.017019216981166319
386 34 2 0.44427360514092212 0.016746698854841258
388 34 3 0.42751875669244327 0.016754848448478854
389 34 3 0.41103332068147047 0.016485436010972798
390 34 3 0.39460828881109422 0.01644100271617327
391 34 3 0.37816728609492095 0.01653699739194453
120 35 3 0.62129246578180763 0.017077245515215944
121 35 3 0.60476607556112216 0.016526390220685472
122 35 3 0.58834680762335412 0.016419267937768045
123 35 3 0.5719556768702927 0.016391130753061423
388 35 3 0.42804432312970736 0.016391130753061367
389 35 3 0.41165319237664599 0.016419267937768045
390 35 3 0.39523392443887795 0.016526390220685472
391 35 3 0.37870753421819248 0.017077245515216055
112 36 1 0.65196339797811842 0.016990533299773736
116 36 1 0.6357318161945702 0.016314347121573425
120 36 3 0.62017488121304154 0.016163997498528371
121 36 3 0.60401088371451317 0.016330343901365674
122 36 3 0.5876805398131475 0.016426062916475082
123 36 3 0.57125447689667241 0.016659333000890397
124 36 2 0.55459514389578202 0.016578685316802511
126 36 2 0.53801645857897951 0.016817098556593413
128 36 1 0.52119936002238609 0.016435985380499285
132 36 2 0.5054718919516128 0.015727468070773298
134 36 2 0.48997122076994104 0.015500671181671755
136 36 1 0.47496680916880174 0.015230266432695205
140 36 1 0.46003107983909303 0.015088833482708008
240 36 1 0.46153900029506573 0.015284974677719165
244 36 1 0.4763964546575305 0.015213880831061455
264 36 1 0.52360354534246922 0.015213880831061677
268 36 1 0.53846099970493377 0.015284974677719165
368 36 1 0.53996892016090714 0.015088833482708064
372 36 1 0.52503319083119815 0.015230266432695205
376 36 2 0.51002877923005885 0.015500671181671699
378 36 2 0.49452810804838715 0.015727468070773076
380 36 1 0.47880063997761407 0.016435985380499341
384 36 2 0.46198354142102066 0.016817098556593413
386 36 2 0.44540485610421815 0.016578685316802511
388 36 3 0.4287455231033277 0.016659333000890453
389 36 3 0.41231946018685262 0.016426062916475082
390 36 3 0.39598911628548689 0.016330343901365729
391 36 3 0.37982511878695852 0.016163997498528371
392 36 1 0.36426818380542991 0.016314347121573369
396 36 1 0.34803660202188186 0.016990533299773569
120 37 3 0.61963750216955094 0.016238845991658257
121 37 3 0.60339865617789268 0.016308500946263349
122 37 3 0.58709015523162933 0.016319944314528767
123 37 3 0.57077021091710056 0.016319944314528767
388 37 3 0.4292297890828996 0.016319944314528767
389 37 3 0.41290984476837084 0.016319944314528767
390 37 3 0.39660134382210738 0.01630850094626346
391 37 3 0.38036249783044923 0.016238845991658146
120 38 3 0.61921728184387581 0.016514534350694388
121 38 3 0.60283161174537214 0.016385670098503669
122 38 3 0.58648974619030447 0.016366851343357025
123 38 3 0.57012289484694745 0.016552146839216686
124 38 2 0.55357074800773076 0.016316515780939511
126 38 2 0.53725423222679125 0.016316515780939511
132 38 2 0.50553680669822965 0.015662553324156447
134 38 2 0.49042293043305285 0.01545612126425111
376 38 2 0.50957706956694715 0.015456121264250999
378 38 2 0.49446319330177035 0.015662553324156281
384 38 2 0.46274576777320886 0.016316515780939567
386 38 2 0.44642925199226929 0.016316515780939567
388 38 3 0.42987710515305272 0.016552146839216575
389 38 3 0.41351025380969564 0.016366851343357081
390 38 3 0.39716838825462791 0.016385670098503613
391 38 3 0.3807827181561243 0.016514534350694388
120 39 3 0.61864021106551903 0.017091605129051168
121 39 3 0.60219502184059004 0.016445189224928991
122 39 3 0.58589083994643909 0.016304181894150949
123 39 3 0.56963956494261969 0.016251275003819399
388 39 3 0.43036043505738042 0.01625127500381951
389 39 3 0.41410916005356091 0.016304181894150893
390 39 3 0.39780497815941002 0.016445189224928991
391 39 3 0.38135978893448103 0.017091605129051113
0 40 0 0.77124411529421899 0.0074343473466630394
8 40 0 0.76997535716487864 0.0074319379106209116
16 40 0 0.76744383787997061 0.0074274478749831729
24 40 0 0.76366145810876473 0.0074215001505004707
32 40 0 0.7586458073134692 0.0074149511678617275
40 40 0 0.75241977942750027 0.0074088129622981169
48 40 0 0.74501096646520226 0.0085601929239722541
56 40 0 0.73645077354123001 0.0096775913581560458
64 40 0 0.72677318218307396 0.010760106898558441
72 40 0 0.71601307528451552 0.011808999689583932
80 40 0 0.70420407559493159 0.012828022842737541
88 40 0 0.69137605275219405 0.013822717034732368
96 40 0 0.67755333571746168 0.014795334750056788
104 40 0 0.66275800096740489 0.015728137507261652
112 40 1 0.64839609119655617 0.015702875162035834
116 40 1 0.63269321603452033 0.016123288138239933
120 40 3 0.61738807186853728 0.015997731842496421
121 40 3 0.60139034002604086 0.016176774771969105
122 40 3 0.58521356525407175 0.016263307400259608
123 40 3 0.56895025785381215 0.016478042992367881
124 40 2 0.55247221486144427 0.016304581931223083
126 40 2 0.53616763293022118 0.016560249500142232
128 40 1 0.51960738343007895 0.016092869111207775
132 40 2 0.50509816935308904 0.014509214076989907
134 40 2 0.49134286058564153 0.014062388933652026
136 40 1 0.4772804716519895 0.014737041065262413
140 40 1 0.46265359943003476 0.014626872221954745
144 40 0 0.44940694641032264 0.014340296136796715
152 40 0 0.43741080878698674 0.011996137623335901
160 40 0 0.42778582483900107 0.0096249839479856658
168 40 0 0.42054489284499824 0.0072409319940028305
176 40 0 0.41569766392998209 0.0052180651188764027
184 40 0 0.41325984522336701 0.0052447373502340633
192 40 0 0.41325134034527267 0.0052449042407129998
200 40 0 0.41569691536390213 0.005213246667988225
208 40 0 0.42062807670823987 0.0074587410744800242
216 40 0 0.4280868177827199 0.010035306316759529
224 40 0 0.43812212409947943 0.012553448428500091
232 40 0 0.45067557252797952 0.014246344097057329
240 40 1 0.46374459116643812 0.013464581528365438
244 40 1 0.47720917269480356 0.014739154293740175
248 40 0 0.49194832698854374 0.01610334602291208
256 40 0 0.50805167301145582 0.01610334602291208
264 40 1 0.5227908273051961 0.014739154293740286
268 40 1 0.53625540883356138 0.013464581528365271
272 40 0 0.54932442747202015 0.014246344097057273
280 40 0 0.56187787590051985 0.012553448428499703
288 40 0 0.57191318221727927 0.010035306316759418
296 40 0 0.57937192329175935 0.0074587410744800797
304 40 0 0.58430308463609781 0.0052132466679880585
312 40 0 0.58674865965472733 0.0052449042407127777
320 40 0 0.58674015477663344 0.0052447373502343408
328 40 0 0.5843023360700188 0.0052180651188767913
336 40 0 0.57945510715500159 0.0072409319940032191
344 40 0 0.57221417516099837 0.0096249839479856103
352 40 0 0.56258919121301276 0.011996137623335623
360 40 0 0.55059305358967714 0.014340296136796771
368 40 1 0.53734640056996508 0.014626872221954801
372 40 1 0.52271952834801028 0.014737041065262302
376 40 2 0.50865713941435842 0.014062388933651859
378 40 2 0.49490183064691101 0.014509214076989796
380 40 1 0.48039261656992122 0.016092869111207886
384 40 2 0.46383236706977893 0.016560249500142288
386 40 2 0.44752778513855584 0.016304581931223083
388 40 3 0.43104974214618791 0.016478042992367936
389 40 3 0.41478643474592836 0.016263307400259552
390 40 3 0.39860965997395925 0.016176774771969105
391 40 3 0.38261192813146289 0.015997731842496365
392 40 1 0.36730678396547972 0.016123288138239933
396 40 1 0.351603908803444 0.015702875162035723
400 40 0 0.33724199903259511 0.015728137507261764
408 40 0 0.3224466642825386 0.01479533475005651
416 40 0 0.30862394724780623 0.013822717034732368
424 40 0 0.29579592440506869 0.012828022842737541
432 40 0 0.28398692471548515 0.011808999689583544
440 40 0 0.27322681781692648 0.010760106898558663
448 40 0 0.26354922645877127 0.0096775913581552131
456 40 0 0.25498903353479813 0.0085601929239731422
464 40 0 0.24758022057250034 0.0074088129622978394
472 40 0 0.24135419268653144 0.007414951167861672
480 40 0 0.2363385418912361 0.0074215001505001099
488 40 0 0.23255616212002991 0.0074274478749829786
496 40 0 0.23002464283512208 0.0074319379106208838
504 40 0 0.22875588470578076 0.0074343473466636223
120 41 3 0.61679916463940132 0.016062977254807542
121 41 3 0.60073618738459378 0.016141104750547641
122 41 3 0.58459508263404614 0.01614654708976937
123 41 3 0.56844853554427677 0.01614654708976937
388 41 3 0.43155146445572329 0.01614654708976937
389 41 3 0.41540491736595392 0.01614654708976937
390 41 3 0.39926381261540633 0.016141104750547586
391 41 3 0.38320083536059873 0.016062977254807598
120 42 3 0.61634915867375484 0.016344057360765496
121 42 3 0.60013030501296016 0.016218853660794674
122 42 3 0.58395233222186027 0.016205085603191005
123 42 3 0.56774724661866927 0.016406894422064333
124 42 2 0.55134035219660493 0.016140974385589923
126 42 2 0.53523287215235238 0.016107480044252553
132 42 2 0.50392620548561695 0.015681177944461999
134 42 2 0.4926921648488623 0.0154116931968728
376 42 2 0.50730783515113764 0.015411693196872633
378 42 2 0.49607379451438305 0.015681177944461833
384 42 2 0.46476712784764779 0.016107480044252498
386 42 2 0.44865964780339529 0.016140974385590035
388 42 3 0.43225275338133085 0.016406894422064444
389 42 3 0.4160476677781399 0.01620508560319095
390 42 3 0.39986969498704 0.016218853660794785
391 42 3 0.38365084132624522 0.016344057360765496
120 43 3 0.6157433164034285 0.016949899631091836
121 43 3 0.599452439502973 0.016290876900455498
122 43 3 0.58330502642360249 0.01614741307937051
123 43 3 0.56721540654572045 0.016089619877882044
388 43 3 0.43278459345427972 0.016089619877882044
389 43 3 0.41669497357639768 0.01614741307937051
390 43 3 0.40054756049702717 0.016290876900455498
391 43 3 0.38425668359657167 0.016949899631091947
112 44 1 0.6456636357237302 0.017094365243674692
116 44 1 0.62959072101376945 0.016072914709960751
120 44 3 0.61444732982138117 0.015848322002458559
121 44 3 0.59859900781892261 0.016032218252707064
122 44 3 0.58256678956621555 0.016131775247844815
123 44 3 0.56643501431837073 0.016395071519934135
124 44 2 0.5500399427984366 0.01635111969415326
126 44 2 0.53368882310428334 0.017047581509861076
128 44 1 0.51664124159442226 0.018316993894191225
132 44 1 0.49832424770023104 0.018316993894191225
136 44 1 0.48038435335722213 0.017939894343008911
140 44 1 0.46484088566420401 0.01554346769301812
240 44 1 0.46609924208363557 0.01542366955565605
244 44 1 0.4770815877684389 0.014866739220104841
264 44 1 0.52291841223156066 0.014866739220104841
268 44 1 0.53390075791636415 0.015423669555655994
368 44 1 0.53515911433579577 0.015543467693017732
372 44 1 0.51961564664277804 0.017939894343009022
376 44 1 0.50167575229976902 0.018316993894191169
380 44 1 0.48335875840557785 0.018316993894191169
384 44 2 0.46631117689571688 0.017047581509860965
386 44 2 0.44996005720156357 0.016351119694153315
388 44 3 0.43356498568162949 0.016395071519934079
389 44 3 0.41743321043378451 0.016131775247844982
390 44 3 0.4014009921810775 0.016032218252707009
391 44 3 0.38555267017861894 0.015848322002458559
392 44 1 0.37040927898623055 0.016072914709960751
396 44 1 0.3543363642762698 0.017094365243674692
120 45 3 0.61382483035809987 0.015928194438772136
121 45 3 0.59789663591932773 0.016002854071824779
122 45 3 0.58189378184750296 0.016011741023572168
123 45 3 0.56588204082393079 0.016011741023572168
388 45 3 0.43411795917606943 0.016011741023572279
389 45 3 0.41810621815249716 0.016011741023572279
390 45 3 0.40210336408067243 0.016002854071824724
391 45 3 0.38617516964190018 0.015928194438772247
120 46 3 0.61333301876840962 0.016257702245359829
121 46 3 0.59723571023126953 0.016097308537140087
122 46 3 0.58119475890879435 0.016071861871968407
123 46 3 0.56512289703682594 0.016301606553798753
124 46 2 0.54882129048302719 0.016127015445534187
126 46 2 0.532694275037493 0.016127015445534187
384 46 2 0.46730572496250716 0.016127015445534243
386 46 2 0.45117870951697292 0.016127015445534243
388 46 3 0.43487710296317417 0.016301606553798753
389 46 3 0.41880524109120587 0.016071861871968296
390 46 3 0.40276428976873058 0.016097308537140087
391 46 3 0.38666698123159049 0.01625770224535994
120 47 3 0.61264921475398315 0.016941506259786299
121 47 3 0.59648520818245931 0.016164006571523837
122 47 3 0.58049170157564145 0.015993506606817864
123 47 3 0.5645568839876004 0.01593481758804105
388 47 3 0.43544311601239971 0.015934817588040995
389 47 3 0.41950829842435872 0.01599350660681792
390 47 3 0.4035147918175408 0.016164006571523781
391 47 3 0.38735078524601702 0.016941506259786465
0 48 0 0.76380976794755595 0.00857908297666643
8 48 0 0.76254341925425773 0.0085771567133120508
16 48 0 0.76001639000498744 0.00857361656254918
24 48 0 0.75623995795826426 0.0085690463559563446
32 48 0 0.75123085614560747 0.0085642475768394899
40 48 0 0.74501096646520215 0.008560192923972143
48 48 0 0.73760682225768193 0.0085579320931283842
56 48 0 0.72904889016455365 0.0096783184472999384
64 48 0 0.71937057171725372 0.010763722419678268
72 48 0 0.70860684929757545 0.011814229546727839
80 48 0 0.69679261975084761 0.012831445056083024
88 48 0 0.68396117469476458 0.013816397143353587
96 48 0 0.670144777551411 0.014759675936003802
104 48 0 0.6553851016154072 0.015609216465630738
112 48 1 0.6414103470536302 0.015450337752777932
116 48 1 0.62596000930085227 0.015781962306115616
120 48 3 0.61115655435736604 0.015625196018140275
121 48 3 0.59553135833922577 0.015835865286408013
122 48 3 0.57969549305281776 0.015939947896628337
123 48 3 0.56375554515618942 0.016196019723638044
124 48 2 0.54755952543255137 0.016081224890456158
126 48 2 0.53147830054209522 0.016530630586464867
128 48 1 0.51494766995563035 0.016804264125970581
132 48 1 0.49814340582965977 0.016804264125970581
136 48 1 0.48194870736615603 0.016194698463503743
140 48 1 0.46787638546316263 0.014072321902993401
144 48 0 0.45485107481488696 0.014417799563365918
152 48 0 0.44261794105681956 0.012233133758067394
160 48 0 0.43293832111523411 0.0096796199415854489
168 48 0 0.42572294185745008 0.0072153792577840381
176 48 0 0.42091572904885849 0.0058024383804398116
184 48 0 0.41850458257360107 0.0058381944989140955
192 48 0 0.41849624458598567 0.0058296713025914881
200 48 0 0.42091016203189036 0.0057664359972549595
208 48 0 0.42578157664358351 0.0073966426072523683
216 48 0 0.43317821925083588 0.010075304437343724
224 48 0 0.44325352368817961 0.013108718259227048
232 48 0 0.45636224194740665 0.017033156724258536
240 48 0 0.47339539867166519 0.017979623480464391
248 48 0 0.49137502215212958 0.017979623480464391
256 48 0 0.50862497784786986 0.017979623480465112
264 48 0 0.52660460132833498 0.017979623480465112
272 48 0 0.54363775805259318 0.017033156724258203
280 48 0 0.55674647631182017 0.013108718259226992
288 48 0 0.56682178074916378 0.010075304437343613
296 48 0 0.57421842335641593 0.0073966426072521463
304 48 0 0.57908983796810976 0.0057664359972555701
312 48 0 0.58150375541401456 0.0058296713025920432
320 48 0 0.5814954174263991 0.0058381944989143175
328 48 0 0.57908427095114201 0.0058024383804401447
336 48 0 0.5742770581425497 0.0072153792577843712
344 48 0 0.56706167888476533 0.0096796199415850603
352 48 0 0.55738205894318027 0.012233133758066894
360 48 0 0.54514892518511338 0.014417799563365974
368 48 1 0.53212361453683754 0.014072321902993457
372 48 1 0.51805129263384408 0.016194698463503743
376 48 1 0.50185659417034034 0.016804264125970636
380 48 1 0.48505233004436971 0.016804264125970636
384 48 2 0.46852169945790489 0.016530630586464812
386 48 2 0.45244047456744868 0.016081224890456214
388 48 3 0.43624445484381069 0.016196019723637989
389 48 3 0.42030450694718235 0.015939947896628337
390 48 3 0.40446864166077445 0.015835865286407902
391 48 3 0.38884344564263412 0.01562519601814033
392 48 1 0.37403999069914795 0.015781962306115616
396 48 1 0.35858965294637013 0.015450337752777821
400 48 0 0.34461489838459303 0.015609216465630849
408 48 0 0.32985522244858956 0.014759675936003469
416 48 0 0.31603882530523608 0.013816397143353476
424 48 0 0.30320738024915261 0.012831445056083468
432 48 0 0.29139315070242511 0.011814229546727506
440 48 0 0.28062942828274684 0.010763722419678268
448 48 0 0.27095110983544757 0.0096783184472992723
456 48 0 0.26239317774231813 0.0085579320931294389
464 48 0 0.25498903353479818 0.0085601929239730867
472 48 0 0.24876914385439311 0.0085642475768394621
480 48 0 0.24376004204173621 0.0085690463559566499
488 48 0 0.23998360999501289 0.0085736165625498739
496 48 0 0.23745658074574297 0.0085771567133117732
504 48 0 0.23619023205244438 0.0085790829766658749
120 49 3 0.61045484046483889 0.015698781448967858
121 49 3 0.59475605901587103 0.015786122704064875
122 49 3 0.57896993631180615 0.015794178377405155
123 49 3 0.563175757934401 0.015794178377405155
388 49 3 0.43682424206559911 0.015794178377405044
389 49 3 0.42103006368819407 0.015794178377405044
390 49 3 0.40524394098412919 0.015786122704064875
391 49 3 0.38954515953516133 0.015698781448967858
120 50 3 0.60991645164681374 0.016043557654038532
121 50 3 0.5940368721973468 0.015879579449466941
122 50 3 0.57822022699591902 0.015835409575552295
123 50 3 0.56238481742036672 0.016050398424893531
124 50 2 0.54633441899547319 0.015752581002378419
126 50 2 0.53058183799309477 0.015752581002378419
384 50 2 0.46941816200690534 0.015752581002378474
386 50 2 0.45366558100452686 0.015752581002378474
388 50 3 0.43761518257963339 0.016050398424893475
389 50 3 0.42177977300408109 0.015835409575552295
390 50 3 0.40596312780265342 0.015879579449466996
391 50 3 0.39008354835318643 0.016043557654038476
120 51 3 0.60918434150992784 0.016775667790924431
121 51 3 0.59322455510351002 0.01595978640641782
122 51 3 0.5774586200381493 0.015765935065360726
123 51 3 0.56177797277805452 0.015680647260094771
388 51 3 0.43822202722194559 0.015680647260094827
389 51 3 0.42254137996185076 0.015765935065360559
390 51 3 0.4067754448964902 0.015959786406417875
391 51 3 0.39081565849007233 0.016775667790924376
112 52 1 0.6381414232459226 0.017243678369484594
116 52 1 0.62219038145475614 0.015951041791166465
120 52 3 0.60760721482127367 0.015417942739393564
121 52 3 0.5921892720818801 0.015606715811362082
122 52 3 0.57658255627051802 0.015677809876696092
123 52 3 0.56090474639382193 0.015909941137325356
124 52 2 0.54499480525649657 0.015575996946668669
126 52 2 0.5294544434528643 0.015859786263878184
128 52 1 0.51359465718898611 0.016117049964337604
132 52 1 0.49747760722464851 0.016117049964337604
136 52 1 0.48203440926439722 0.015443197960251287
140 52 1 0.47066136329334307 0.015810288478456114
368 52 1 0.52933863670665704 0.015810288478456336
372 52 1 0.517965590735603 0.015443197960251509
376 52 1 0.50252239277535149 0.016117049964337493
380 52 1 0.486405342811014 0.016117049964337493
384 52 2 0.47054555654713581 0.015859786263878184
386 52 2 0.45500519474350343 0.015575996946668558
388 52 3 0.43909525360617813 0.015909941137325301
389 52 3 0.42341744372948226 0.01567780987669587
390 52 3 0.40781072791812012 0.015606715811362137
391 52 3 0.39239278517872661 0.015417942739393509
392 52 1 0.37780961854524409 0.015951041791166409
396 52 1 0.36185857675407768 0.01724367836948465
120 53 3 0.60683651451858267 0.01552172898672366
121 53 3 0.59131478553185901 0.015564721516417857
122 53 3 0.57575006401544115 0.015564721516417857
123 53 3 0.56023685801250855 0.0155132060029326
388 53 3 0.43976314198749156 0.015513206002932434
389 53 3 0.42424993598455912 0.015564721516417801
390 53 3 0.40868521446814132 0.015564721516417801
391 53 3 0.39316348548141761 0.015521728986723715
120 54 3 0.60620589359014698 0.015984487864609154
121 54 3 0.59045631645219521 0.015749577137951776
122 54 3 0.57483991224313424 0.015616404209060963
123 54 3 0.55927250399474937 0.015752699509763768
124 54 2 0.5435198044849856 0.015351506442313978
126 54 2 0.52855922124814025 0.01496456405915414
384 54 2 0.47144077875185997 0.014964564059154029
386 54 2 0.45648019551501451 0.015351506442313811
388 54 3 0.44072749600525085 0.015752699509763657
389 54 3 0.42516008775686587 0.015616404209060797
390 54 3 0.40954368354780507 0.015749577137951776
391 54 3 0.3937941064098533 0.015984487864609209
120 55 3 0.60531305798655766 0.01687732346819848
121 55 3 0.58943860318972163 0.015874454796836024
122 55 3 0.57385596342779754 0.015582639761924089
123 55 3 0.55847011785984968 0.015385845567947865
388 55 3 0.44152988214015054 0.015385845567947809
389 55 3 0.42614403657220273 0.015582639761924089
390 55 3 0.41056139681027864 0.015874454796836079
391 55 3 0.39468694201344257 0.01687732346819848
0 56 0 0.75523068497088952 0.0096859546468323066
8 56 0 0.75396626254094568 0.0096849249159001172
16 56 0 0.75144277344243826 0.009683099115147531
24 56 0 0.74767091160230792 0.0096808718518475168
32 56 0 0.74266660856876798 0.0096787787065824027
40 56 0 0.73645077354123001 0.0096775913581560458
48 56 0 0.72904889016455354 0.0096783184472998274
56 56 0 0.7204905141864214 0.0096819105496094293
64 56 0 0.71080860363681198 0.0107701257641869
72 56 0 0.70003847787262508 0.011822197377511112
80 56 0 0.68821628049511396 0.012839064617634399
88 56 0 0.67537721587747956 0.01382200008523593
96 56 0 0.66155521579224363 0.014763802271992921
104 56 0 0.64679141352025071 0.015619881983828576
112 56 1 0.63309376353277358 0.015381632581441651
116 56 1 0.61771213095133193 0.015736805177631319
120 56 3 0.60339049800822264 0.015286704115532013
121 56 3 0.58810379389269063 0.015452292476442087
122 56 3 0.57265150141624854 0.015452292476442087
123 56 3 0.55721003197152663 0.015640200524560055
124 56 2 0.54156983144696658 0.015099214528695337
126 56 2 0.52759529500684532 0.014874349150609367
128 56 1 0.51272094585623595 0.016497023148886625
132 56 1 0.49622392270734933 0.017740136350315683
136 56 0 0.47848378635703365 0.017773995138873233
144 56 0 0.46131707429319252 0.017166712063841127
152 56 0 0.44841650849001508 0.012900565803177444
160 56 0 0.43863677631144293 0.0097797321785721425
168 56 0 0.43146454508713583 0.0071722312243071018
176 56 0 0.4267181674292983 0.0062320022160086141
184 56 0 0.42434277707251516 0.0062911659468548597
192 56 0 0.42432591588857715 0.0062761679285639471
200 56 0 0.42667659802914532 0.00617256354245177
208 56 0 0.43142308303585508 0.0071966785016891466
216 56 0 0.43861976153754423 0.0097442757863865914
224 56 0 0.44836403732393082 0.01241385234081438
232 56 0 0.4607778896647452 0.01496890261143069
240 56 0 0.47574679227617589 0.016138459009024608
248 56 0 0.4918852512852005 0.016229497429598949
256 56 0 0.50811474871479945 0.016229497429598949
264 56 0 0.52425320772382411 0.016138459009024664
272 56 0 0.53922211033525447 0.014968902611430357
280 56 0 0.55163596267606907 0.012413852340814602
288 56 0 0.56138023846245511 0.0097442757863860363
296 56 0 0.56857691696414459 0.0071966785016894796
304 56 0 0.57332340197085419 0.0061725635424515479
312 56 0 0.57567408411142251 0.0062761679285640026
320 56 0 0.57565722292748478 0.0062911659468544157
328 56 0 0.57328183257070187 0.0062320022160085031
336 56 0 0.56853545491286361 0.0071722312243063246
344 56 0 0.56136322368855729 0.009779732178572198
352 56 0 0.55158349150998509 0.012900565803177999
360 56 0 0.53868292570680709 0.017166712063840572
368 56 0 0.52151621364296652 0.017773995138873455
376 56 1 0.5037760772926505 0.017740136350316016
380 56 1 0.48727905414376393 0.016497023148886569
384 56 2 0.47240470499315473 0.014874349150609201
386 56 2 0.45843016855303365 0.015099214528695337
388 56 3 0.44278996802847359 0.015640200524560055
389 56 3 0.42734849858375162 0.015452292476442031
390 56 3 0.41189620610730959 0.015452292476442031
391 56 3 0.39660950199177764 0.015286704115531957
392 56 1 0.38228786904866846 0.015736805177631263
396 56 1 0.36690623646722687 0.015381632581441596
400 56 0 0.35320858647974973 0.015619881983828354
408 56 0 0.33844478420775681 0.014763802271992921
416 56 0 0.32462278412252038 0.01382200008523643
424 56 0 0.31178371950488648 0.0128390646176339
432 56 0 0.29996152212737553 0.011822197377510946
440 56 0 0.28919139636318886 0.010770125764186678
448 56 0 0.27950948581357948 0.0096819105496093738
456 56 0 0.27095110983544757 0.0096783184472992723
464 56 0 0.26354922645877127 0.0096775913581552131
472 56 0 0.25733339143123257 0.0096787787065822917
480 56 0 0.25232908839769286 0.0096808718518474612
488 56 0 0.24855722655756277 0.0096830991151476142
496 56 0 0.24603373745905474 0.009684924915900478
504 56 0 0.24476931502911026 0.0096859546468327506
120 57 3 0.60240669284078063 0.015496658200778057
121 57 3 0.58691003464000258 0.015496658200778057
122 57 3 0.57141354580687631 0.015496488833126265
123 57 3 0.5561280599797972 0.015285485827079115
388 57 3 0.44387194002020303 0.015285485827079115
389 57 3 0.42858645419312391 0.01549648883312621
390 57 3 0.4130899653599977 0.015496658200778057
391 57 3 0.39759330715921964 0.015496658200778057
120 58 3 0.60158815395615672 0.016123976995175204
121 58 3 0.58569219078338242 0.015895963172774308
122 58 3 0.56994276292778101 0.015749427855601406
123 58 3 0.55429911802490917 0.01587552809270032
124 58 2 0.53842358993220885 0.015067768059005893
126 58 2 0.52747262671388506 0.014751680857649108
384 58 2 0.47252737328611505 0.014751680857648886
386 58 2 0.46157641006779132 0.015067768059005893
388 58 3 0.445700881975091 0.01587552809270032
389 58 3 0.43005723707221932 0.015749427855601406
390 58 3 0.41430780921661792 0.015895963172774419
391 58 3 0.3984118460438435 0.016123976995175038
120 59 3 0.60051595828964222 0.017196172661689713
121 59 3 0.58430446963085547 0.016211488658786743
122 59 3 0.56834521769719393 0.015959251933661545
123 59 3 0.55268359795752031 0.015661619739673616
388 59 3 0.44731640204247985 0.015661619739673616
389 59 3 0.43165478230280624 0.015959251933661489
390 59 3 0.41569553036914475 0.016211488658786688
391 59 3 0.39948404171035806 0.017196172661689602
112 60 1 0.62924929954007092 0.017542113980179797
116 60 1 0.61314199349019027 0.016107306049880643
120 60 3 0.59843376281762517 0.01579204616027241
121 60 3 0.58264171665735276 0.016211905605905019
122 60 3 0.56642981105144774 0.016780971461737404
123 60 3 0.54964883958971034 0.018549996233405031
124 60 1 0.53109884335630531 0.017706211621478007
128 60 1 0.5133926317348273 0.017706211621478007
132 60 1 0.49629164028446449 0.017807853927430839
376 60 1 0.50370835971553574 0.017807853927430783
380 60 1 0.4866073682651727 0.017706211621478007
384 60 1 0.46890115664369469 0.017706211621478007
388 60 3 0.45035116041028983 0.018549996233404864
389 60 3 0.43357018894855243 0.016780971461737404
390 60 3 0.41735828334264752 0.016211905605904908
391 60 3 0.40156623718237516 0.015792046160272355
392 60 1 0.38685800650981006 0.016107306049880643
396 60 1 0.37075070045992942 0.017542113980179685
120 61 3 0.5974105372157823 0.016033941792242934
121 61 3 0.58137659542353937 0.016312542569179134
122 61 3 0.56506405285436023 0.016697199677407015
123 61 3 0.54836685317695322 0.017268009820647912
388 61 3 0.45163314682304689 0.017268009820647801
389 61 3 0.43493594714563999 0.016697199677406904
390 61 3 0.41862340457646091 0.016312542569179078
391 61 3 0.40258946278421798 0.016033941792242934
120 62 3 0.59666524984999547 0.016476743640194802
121 62 3 0.58036831575212788 0.016304190186882228
122 62 3 0.56406412556524566 0.01642410878276046
123 62 3 0.5476400167824852 0.016541173426179889
388 62 3 0.45235998321751492 0.016541173426179778
389 62 3 0.43593587443475446 0.01642410878276046
390 62 3 0.41963168424787234 0.016304190186882117
391 62 3 0.40333475015000475 0.016476743640194691
120 63 3 0.59571587256344227 0.017426120926748001
121 63 3 0.57934596770040392 0.016369904863038354
122 63 3 0.56316580343841616 0.016180164261987762
123 63 3 0.54701501058604018 0.016150792852375973
388 63 3 0.45298498941395982 0.016150792852375861
389 63 3 0.43683419656158395 0.016180164261987706
390 63 3 0.42065403229959625 0.016369904863038243
391 63 3 0.40428412743655801 0.017426120926747946
0 64 0 0.74554473032405721 0.010753924797444858
8 64 0 0.74428133762504556 0.010754316113476659
16 64 0 0.74175967432729073 0.010755199361656698
24 64 0 0.7379900397504604 0.010756501240751337
32 64 0 0.73298782986218558 0.010758042132947288
40 64 0 0.72677318218307396 0.010760106898558441
48 64 0 0.71937057171725372 0.010763722419678268
56 64 0 0.71080860363681198 0.0107701257641869
64 64 0 0.70111986903324652 0.010779634100792634
72 64 0 0.69034023493245389 0.011833318835788087
80 64 0 0.6785069160966658 0.012851858003835703
88 64 0 0.6656550580928301 0.013840958247875679
96 64 0 0.65181409984495442 0.014802184715153044
104 64 0 0.63701191512980138 0.01569398225350338
112 64 1 0.6234951236442392 0.015380591484383865
116 64 1 0.60811453215985534 0.015678585241688525
120 64 3 0.59368633904829038 0.015573285266986092
121 64 3 0.57811305378130429 0.015892649293685723
122 64 3 0.56222040448761856 0.016079656939778642
123 64 3 0.54614074754783992 0.016447700344408012
124 64 1 0.52969304720343191 0.016326763506531949
128 64 1 0.51336628369689996 0.016326763506531949
132 64 1 0.49716077050019042 0.016205513196709542
136 64 0 0.48147765511901952 0.015918318158731126
144 64 0 0.46643769049957878 0.015039964619440738
152 64 0 0.45412924718466358 0.012308443314915207
160 64 0 0.44459021121408743 0.0095390359705761485
168 64 0 0.43757949335091889 0.0070107178631685363
176 64 0 0.43295016964530691 0.0064942384568620337
184 64 0 0.43063394301937002 0.0065930606862101282
192 64 0 0.4306020838171411 0.0065786384418424215
200 64 0 0.43284916157159709 0.0064365388111085053
208 64 0 0.4373856459890611 0.0068448687795704677
216 64 0 0.44423051476863157 0.0091639910265144953
224 64 0 0.45339450579514606 0.011423277129041953
232 64 0 0.46481778292418802 0.013361325144422675
240 64 0 0.47817910806861069 0.01445472220530114
248 64 0 0.49263383027391183 0.014732339452175891
256 64 0 0.50736616972608772 0.014732339452175891
264 64 0 0.52182089193138947 0.014454722205301751
272 64 0 0.53518221707581215 0.013361325144422675
280 64 0 0.54660549420485383 0.011423277129041676
288 64 0 0.55576948523136849 0.0091639910265146618
296 64 0 0.56261435401093873 0.0068448687795702456
304 64 0 0.56715083842840264 0.0064365388111082833
312 64 0 0.56939791618285851 0.006578638441842144
320 64 0 0.56936605698063036 0.0065930606862105723
328 64 0 0.56704983035469336 0.0064942384568622558
336 64 0 0.56242050664908105 0.0070107178631685363
344 64 0 0.55540978878591252 0.0095390359705758154
352 64 0 0.5458707528153367 0.012308443314915651
360 64 0 0.53356230950042105 0.015039964619441126
368 64 0 0.51852234488097992 0.015918318158730793
376 64 1 0.50283922949980953 0.016205513196709487
380 64 1 0.48663371630310004 0.016326763506531949
384 64 1 0.47030695279656809 0.016326763506531949
388 64 3 0.45385925245216013 0.016447700344407956
389 64 3 0.43777959551238149 0.016079656939778642
390 64 3 0.42188694621869582 0.015892649293685668
391 64 3 0.40631366095170973 0.015573285266986092
392 64 1 0.39188546784014477 0.015678585241688525
396 64 1 0.37650487635576124 0.015380591484383532
400 64 0 0.36298808487019868 0.015693982253503547
408 64 0 0.3481859001550458 0.014802184715152877
416 64 0 0.33434494190717007 0.013840958247875734
424 64 0 0.32149308390333409 0.012851858003835981
432 64 0 0.309659765067547 0.011833318835787088
440 64 0 0.2988801309667542 0.010779634100792801
448 64 0 0.28919139636318886 0.010770125764186678
456 64 0 0.28062942828274684 0.010763722419678323
464 64 0 0.27322681781692648 0.010760106898558719
472 64 0 0.26701217013781486 0.010758042132947454
480 64 0 0.26200996024954032 0.010756501240751004
488 64 0 0.25824032567271038 0.01075519936165642
496 64 0 0.25571866237495522 0.01075431611347577
504 64 0 0.25445526967594301 0.010753924797444747
120 65 3 0.59277855421158099 0.015599260604316934
121 65 3 0.57717929360726405 0.015734170528621472
122 65 3 0.56144512307864258 0.015823852384131532
123 65 3 0.54562127069451105 0.015928223491079141
388 65 3 0.45437872930548895 0.015928223491079141
389 65 3 0.43855487692135747 0.015823852384131476
390 65 3 0.422820706392736 0.015734170528621472
391 65 3 0.40722144578841912 0.015599260604316878
120 66 3 0.59211107891160797 0.016003453248247368
121 66 3 0.57636077799006158 0.01575030092154639
122 66 3 0.56074328728687683 0.015617490703184744
123 66 3 0.54519354136831522 0.015549745918561619
388 66 3 0.45480645863168478 0.015549745918561619
389 66 3 0.43925671271312317 0.015617490703184689
390 66 3 0.42363922200993848 0.015750300921546334
391 66 3 0.40788892108839214 0.016003453248247368
120 67 3 0.59116781550118791 0.016946716658667427
121 67 3 0.57539032077628494 0.015777494724902974
122 67 3 0.55995808181031959 0.01543223896596535
123 67 3 0.54470443178388717 0.015253650026432419
388 67 3 0.45529556821611289 0.015253650026432475
389 67 3 0.44004191818968041 0.01543223896596535
390 67 3 0.42460967922371506 0.015777494724902863
391 67 3 0.4088321844988122 0.016946716658667427
112 68 1 0.61914074210835679 0.017871173021444586
116 68 1 0.6029664065116247 0.016174335596732092
120 68 3 0.58903313515203215 0.014977024850637122
121 68 3 0.57405611030139503 0.015076696978237769
122 68 3 0.55897941332315726 0.015076696978237769
123 68 3 0.54396165303466149 0.015208788760723402
124 68 1 0.52875286427393808 0.015572349321728907
128 68 1 0.51318051495220918 0.015572349321728907
132 68 1 0.49763117605531082 0.016153520936291299
376 68 1 0.50236882394468874 0.016153520936291188
380 68 1 0.48681948504779077 0.015572349321729018
384 68 1 0.47124713572606175 0.015572349321729018
388 68 3 0.45603834696533851 0.015208788760723235
389 68 3 0.4410205866768428 0.015076696978237769
390 68 3 0.42594388969860503 0.015076696978237769
391 68 3 0.41096686484796796 0.014977024850637066
392 68 1 0.39703359348837547 0.016174335596732203
396 68 1 0.38085925789164327 0.017871173021444586
120 69 3 0.58792079968032829 0.015116926350894566
121 69 3 0.57280387332943372 0.015116926350894566
122 69 3 0.55792795116690952 0.014875922162524202
123 69 3 0.54340013407293208 0.014647269798994
388 69 3 0.45659986592706792 0.014647269798993834
389 69 3 0.44207204883309048 0.014875922162524147
390 69 3 0.42719612667056633 0.015116926350894455
391 69 3 0.41207920031967188 0.015116926350894455
120 70 3 0.58685888211975579 0.01610752439186891
121 70 3 0.5712936784271071 0.015565203692648688
122 70 3 0.55651538740923912 0.014778291017867984
123 70 3 0.54294906489289174 0.014196200618953658
388 70 3 0.4570509351071082 0.014196200618953547
389 70 3 0.44348461259076088 0.014778291017867928
390 70 3 0.42870632157289296 0.015565203692648744
391 70 3 0.41314111788024421 0.016107524391868744
120 71 3 0.58523423303134214 0.017732173480282554
121 71 3 0.56898041852446557 0.016253814506876574
122 71 3 0.55387875561381483 0.015101662910650737
123 71 3 0.54311941973020583 0.014366555456267749
388 71 3 0.45688058026979417 0.014366555456267582
389 71 3 0.44612124438618522 0.015101662910650848
390 71 3 0.43101958147553437 0.016253814506876352
391 71 3 0.41476576696865802 0.017732173480282554
0 72 0 0.73479080552661236 0.011784151286230893
8 72 0 0.7335270215115689 0.011786621920633733
16 72 0 0.73100447496563403 0.011791650969061207
24 72 0 0.72723353850970907 0.01179812729969576
32 72 0 0.72222978772923829 0.011804131597879075
40 72 0 0.71601307528451552 0.011808999689583821
48 72 0 0.70860684929757545 0.011814229546727839
56 72 0 0.70003847787262508 0.011822197377511001
64 72 0 0.69034023493245389 0.011833318835788087
72 72 0 0.67954922269006091 0.01184459194620846
80 72 0 0.66770463074385256 0.012863319317445887
88 72 0 0.65484131142640667 0.01386016857896899
96 72 0 0.64098114284743768 0.014854817537926168
104 72 0 0.62612632530951151 0.015859584178166686
112 72 1 0.61263764275865173 0.015685433147579531
116 72 1 0.5969522096110722 0.016541057443228646
120 72 3 0.58211146342948117 0.016611546171645286
121 72 3 0.56549991725783588 0.018610856588398228
122 72 2 0.54688906066943765 0.018184134908469707
124 72 1 0.52870492576096795 0.017523917738144101
128 72 1 0.51299614084252321 0.01570878491844474
132 72 1 0.49886945026496515 0.014126690577558054
136 72 0 0.48495685351469897 0.014524535365834645
144 72 0 0.47120460232603545 0.013752251188663522
152 72 0 0.45965936045762423 0.011545241868411216
160 72 0 0.45057599594453279 0.0090833645130914409
168 72 0 0.44387160221218519 0.0067043937323476022
176 72 0 0.43944440810216895 0.0065979517130705378
184 72 0 0.43722700370558015 0.0067462565437062527
192 72 0 0.43718072225898352 0.00674107247864425
200 72 0 0.43928570038270559 0.0065709001757443541
208 72 0 0.44353033334997688 0.0063649470787489615
216 72 0 0.44989528042872584 0.0084285159582217495
224 72 0 0.45832379638694759 0.010339392971797312
232 72 0 0.4686631893587449 0.011902024257999244
240 72 0 0.48056521361674415 0.012857173279234024
248 72 0 0.49342238689597817 0.013155226208043214
256 72 0 0.50657761310402138 0.013155226208043214
264 72 0 0.51943478638325569 0.012857173279234302
272 72 0 0.53133681064125549 0.011902024257999799
280 72 0 0.5416762036130528 0.010339392971797312
288 72 0 0.55010471957127405 0.0084285159582212499
296 72 0 0.55646966665002373 0.0063649470787496831
304 72 0 0.56071429961729435 0.0065709001757440211
312 72 0 0.56281927774101637 0.0067410724786443055
320 72 0 0.56277299629441979 0.0067462565437061972
328 72 0 0.56055559189783111 0.0065979517130707599
336 72 0 0.55612839778781498 0.0067043937323476577
344 72 0 0.54942400405546732 0.0090833645130913299
352 72 0 0.54034063954237599 0.011545241868411216
360 72 0 0.52879539767396477 0.013752251188663966
368 72 0 0.51504314648530081 0.014524535365834867
376 72 1 0.50113054973503457 0.014126690577558054
380 72 1 0.48700385915747652 0.01570878491844474
384 72 1 0.47129507423903177 0.017523917738143824
388 72 2 0.45311093933056235 0.018184134908469429
390 72 3 0.43450008274216417 0.018610856588398172
391 72 3 0.417888536570519 0.016611546171645175
392 72 1 0.40304779038892802 0.016541057443228591
396 72 1 0.38736235724134871 0.015685433147579309
400 72 0 0.37387367469048927 0.015859584178166131
408 72 0 0.35901885715256276 0.014854817537926501
416 72 0 0.34515868857359411 0.013860168578968657
424 72 0 0.33229536925614833 0.012863319317445776
432 72 0 0.3204507773099397 0.011844591946208627
440 72 0 0.30965976506754694 0.011833318835787088
448 72 0 0.29996152212737553 0.011822197377510946
456 72 0 0.29139315070242516 0.011814229546727506
464 72 0 0.2839869247154852 0.011808999689583488
472 72 0 0.27777021227076232 0.011804131597879131
480 72 0 0.27276646149029132 0.011798127299695704
488 72 0 0.2689955250343668 0.011791650969060763
496 72 0 0.26647297848843099 0.011786621920633844
504 72 0 0.26520919447338775 0.011784151286231115
120 73 3 0.58074077096459509 0.016735708710390651
121 73 3 0.56400506225420444 0.017116001584766782
390 73 3 0.43599493774579556 0.017116001584766782
391 73 3 0.41925922903540502 0.01673570871039054
120 74 3 0.5798761349107473 0.017076074700324906
121 74 3 0.56287746870807565 0.017308842379289202
122 74 2 0.54556862632878644 0.016893913850568598
388 74 2 0.45443137367121345 0.016893913850568487
390 74 3 0.43712253129192435 0.017308842379289091
391 74 3 0.42012386508925287 0.01707607470032485
120 75 3 0.57891623936655068 0.018035970244521526
121 75 3 0.56204761165063444 0.01686862771591624
390 75 3 0.43795238834936556 0.016868627715916129
391 75 3 0.42108376063344943 0.018035970244521415
112 76 1 0.60789583950403814 0.018230485805473373
116 76 1 0.59142231360682651 0.016473525897211627
120 76 3 0.57677149804020622 0.015955434546281677
121 76 3 0.56081606349392454 0.016625293252107154
122 76 2 0.54419077024181739 0.017373664081419271
124 76 1 0.52681710616039812 0.017191008072809377
128 76 1 0.5113088502306401 0.015508255929758019
132 76 1 0.50009332749610214 0.015136473981403165
376 76 1 0.49990667250389736 0.015136473981403442
380 76 1 0.48869114976935957 0.015508255929757797
384 76 1 0.47318289383960177 0.017191008072809488
388 76 2 0.45580922975818239 0.017373664081419382
390 76 3 0.43918393650607529 0.016625293252107098
391 76 3 0.42322850195979372 0.015955434546281566
392 76 1 0.40857768639317343 0.016473525897211405
396 76 1 0.39210416049596203 0.018230485805472763
120 77 3 0.5759145087626153 0.015671560672823159
121 77 3 0.56024294808979214 0.016052177847974747
390 77 3 0.4397570519102077 0.016052177847974691
391 77 3 0.42408549123738465 0.015671560672823048
120 78 3 0.57520468981467432 0.016217623792152192
121 78 3 0.56003927980243962 0.016213821577842014
122 78 2 0.5438254582245976 0.017008352064199483
388 78 2 0.45617454177540229 0.017008352064199483
390 78 3 0.43996072019756033 0.016213821577841958
391 78 3 0.42479531018532568 0.016217623792152247
120 79 3 0.57342630506917847 0.017996008537648045
121 79 3 0.56087297234050015 0.017047514115902551
390 79 3 0.43912702765949985 0.01704751411590244
391 79 3 0.42657369493082153 0.0179960085376481
0 80 0 0.72300665424038146 0.012779947428068428
8 80 0 0.72174039959093517 0.012785432043837641
16 80 0 0.71921282399657283 0.012797318924704593
24 80 0 0.71543541121001331 0.012811782982285469
32 80 0 0.71042565613135922 0.012822719701198859
40 80 0 0.7042040755949317 0.012828022842737541
48 80 0 0.69679261975084761 0.012831445056082913
56 80 0 0.68821628049511407 0.01283906461763451
64 80 0 0.6785069160966658 0.012851858003835703
72 80 0 0.66770463074385245 0.012863319317445776
80 80 0 0.65585400802698868 0.012860842634146663
88 80 0 0.64299316539284201 0.01384889087342922
96 80 0 0.62914427451941279 0.014829893401221983
104 80 0 0.61431438111819081 0.015769951501835355
112 80 1 0.60097415097575102 0.015812834426019884
116 80 1 0.58516131654973114 0.017354931141258523
120 80 2 0.56618942586716459 0.01897189068256655
122 80 3 0.54918331340783877 0.017006112459325817
123 80 3 0.53845044802126985 0.015188330794514426
124 80 1 0.52326211722675542 0.0178110914740639
128 80 0 0.50545102575269152 0.017063415469552257
136 80 0 0.48905410947597727 0.016396916276714246
144 80 0 0.4757345787723698 0.013319530703607474
152 80 0 0.46491029057675565 0.010824288195614151
160 80 0 0.45643017518289286 0.008480115393862786
168 80 0 0.45017273377051076 0.0063011315583255678
176 80 0 0.44604235981523949 0.0065979517130705378
184 80 0 0.44397326024928641 0.0067603805401275641
192 80 0 0.44392179473762777 0.0067726221551822618
200 80 0 0.44585660055844994 0.0065881224869807631
208 80 0 0.44974636031211346 0.0062160269621365782
216 80 0 0.45554130628637557 0.0076025302024270158
224 80 0 0.46314383648880258 0.0092215582926696849
232 80 0 0.47236539478147227 0.01051246154269242
240 80 0 0.48287785632416469 0.011324639613142451
248 80 0 0.49420249593730714 0.011595008125385942
256 80 0 0.50579750406269308 0.011595008125385942
264 80 0 0.51712214367583553 0.011324639613142451
272 80 0 0.52763460521852767 0.010512461542692142
280 80 0 0.53685616351119736 0.0092215582926696849
288 80 0 0.54445869371362388 0.0076025302024265162
296 80 0 0.55025363968788643 0.0062160269621372999
304 80 0 0.55414339944155033 0.0065881224869810406
312 80 0 0.55607820526237206 0.0067726221551819288
320 80 0 0.55602673975071359 0.0067603805401269534
328 80 0 0.55395764018476035 0.0065979517130707599
336 80 0 0.54982726622948919 0.0063011315583257899
344 80 0 0.54356982481710669 0.0084801153938625085
352 80 0 0.53508970942324419 0.010824288195613874
360 80 0 0.52426542122763031 0.013319530703607252
368 80 0 0.51094589052402306 0.016396916276714635
376 80 0 0.49454897424730843 0.017063415469552146
384 80 1 0.47673788277324436 0.017811091474064067
388 80 3 0.4615495519787301 0.01518833079451426
389 80 3 0.45081668659216123 0.017006112459325706
390 80 2 0.43381057413283552 0.018971890682566495
392 80 1 0.41483868345026903 0.017354931141258467
396 80 1 0.39902584902424953 0.015812834426019495
400 80 0 0.38568561888180969 0.015769951501835411
408 80 0 0.37085572548058782 0.014829893401221872
416 80 0 0.35700683460715826 0.013848890873429553
424 80 0 0.34414599197301166 0.012860842634146608
432 80 0 0.33229536925614828 0.012863319317445776
440 80 0 0.32149308390333403 0.012851858003836036
448 80 0 0.31178371950488648 0.0128390646176339
456 80 0 0.30320738024915267 0.012831445056083468
464 80 0 0.29579592440506869 0.012828022842737541
472 80 0 0.28957434386864145 0.012822719701198415
480 80 0 0.28456458878998703 0.012811782982285358
488 80 0 0.28078717600342756 0.012797318924704537
496 80 0 0.27825960040906483 0.012785432043837808
504 80 0 0.27699334575961887 0.012779947428068761
122 81 3 0.54826078095725572 0.017928644909908864
123 81 3 0.5375279155706868 0.01426579834393138
388 81 3 0.46247208442931331 0.014265798343931047
389 81 3 0.45173921904274439 0.017928644909908864
120 82 3 0.56959223611178478 0.015569080437946359
121 82 3 0.55774876906395876 0.017613070293079014
122 82 2 0.54013569877087975 0.016873581544124328
388 82 2 0.45986430122912036 0.016873581544123994
390 82 3 0.44225123093604141 0.017613070293078958
391 82 3 0.43040776388821533 0.015569080437946303
120 83 3 0.56925445378777673 0.01590686276195441
121 83 3 0.55506722568768041 0.014931526916800664
390 83 3 0.44493277431231976 0.014931526916800608
391 83 3 0.4307455462122235 0.015906862761954466
112 84 1 0.59611470825696 0.018199672861230809
116 84 1 0.580110276804084 0.016004431452876
120 84 3 0.5671819523535766 0.014061620894863958
121 84 3 0.55312033145871264 0.015157013318165768
122 84 2 0.53796331814054688 0.016196552922814744
124 84 1 0.52176676521773213 0.016315739465040613
384 84 1 0.47823323478226809 0.016315739465040335
388 84 2 0.46203668185945335 0.016196552922814744
390 84 3 0.44687966854128752 0.015157013318165824
391 84 3 0.43281804764642362 0.014061620894863902
392 84 1 0.41988972319591611 0.016004431452875556
396 84 1 0.40388529174304055 0.018199672861230864
120 85 3 0.56622782843663888 0.013968245318121797
121 85 3 0.55225958311851708 0.014296264977970208
390 85 3 0.44774041688148314 0.014296264977970208
391 85 3 0.43377217156336129 0.013968245318121852
120 86 3 0.5653446678321894 0.014765608971894606
121 86 3 0.5517176965856363 0.014469801693644424
122 86 2 0.53724789489199187 0.015481129674259742
388 86 2 0.46275210510800846 0.01548112967425963
390 86 3 0.44828230341436409 0.014469801693644369
391 86 3 0.43465533216781088 0.014765608971894773
120 87 3 0.56330811855380469 0.016802158250279309
121 87 3 0.55200934585222927 0.014761450960237399
390 87 3 0.44799065414777089 0.014761450960237565
391 87 3 0.43669188144619558 0.016802158250279475
0 88 0 0.71022670681231304 0.013743042218764656
8 88 0 0.70895496754709753 0.013753957329054489
16 88 0 0.70641550507186823 0.01378058600966825
24 88 0 0.70262362822772784 0.013809215325720769
32 88 0 0.69760293643016036 0.013824235183790501
40 88 0 0.69137605275219416 0.013822717034732479
48 88 0 0.6839611746947647 0.013816397143353698
56 88 0 0.67537721587747956 0.01382200008523593
64 88 0 0.6656550580928301 0.013840958247875568
72 88 0 0.65484131142640667 0.01386016857896899
80 88 0 0.64299316539284201 0.013848890873429109
88 88 0 0.63015400832513768 0.013810544440465478
96 88 0 0.6163434638846722 0.014781071205910434
104 88 0 0.60156239267876177 0.015645644643222822
112 88 1 0.58865158105173354 0.015329977499981884
116 88 1 0.57332160355175166 0.016064295856123678
120 88 2 0.5557538111353767 0.018369413981198845
122 88 2 0.53738439715417785 0.018369413981198845
124 88 1 0.52080371563636862 0.015746229401092937
128 88 0 0.50524430059773817 0.015010305675909885
136 88 0 0.49133423779569946 0.013910062802038714
144 88 0 0.47943481836416346 0.011899419431535996
152 88 0 0.46967349602821362 0.0097613223359498402
160 88 0 0.46200356279876292 0.0076699332294506983
168 88 0 0.45633807256626624 0.0061653387957554817
176 88 0 0.45260046838812651 0.0065581085728870225
184 88 0 0.45073364078941397 0.0067603805401275641
192 88 0 0.45069441689281003 0.0067726221551822618
200 88 0 0.45244472304543071 0.0065881224869807631
208 88 0 0.45593981275141049 0.0061934524392970314
216 88 0 0.46111113711348967 0.0067311314404563949
224 88 0 0.46784226855394606 0.0080976367438480024
232 88 0 0.47593990529779406 0.0091700587114382781
240 88 0 0.48510996400923234 0.0098497098178979003
248 88 0 0.49495967382713024 0.010080652345739183
256 88 0 0.50504032617286942 0.010080652345739183
264 88 0 0.51489003599076799 0.0098497098178985665
272 88 0 0.52406009470220605 0.0091700587114380561
280 88 0 0.53215773144605394 0.0080976367438478913
288 88 0 0.53888886288650972 0.0067311314404557843
296 88 0 0.54406018724858984 0.0061934524392965873
304 88 0 0.54755527695456929 0.0065881224869810406
312 88 0 0.54930558310719013 0.0067726221551819288
320 88 0 0.54926635921058664 0.0067603805401269534
328 88 0 0.54739953161187382 0.0065581085728865229
336 88 0 0.54366192743373365 0.0061653387957555372
344 88 0 0.53799643720123747 0.0076699332294509759
352 88 0 0.53032650397178649 0.0097613223359501733
360 88 0 0.52056518163583632 0.011899419431535163
368 88 0 0.50866576220430115 0.013910062802038936
376 88 0 0.49475569940226222 0.015010305675909885
384 88 1 0.47919628436363187 0.015746229401093159
388 88 2 0.46261560284582248 0.01836941398119879
390 88 2 0.44424618886462369 0.01836941398119879
392 88 1 0.42667839644824868 0.016064295856123623
396 88 1 0.41134841894826663 0.01532997749998205
400 88 0 0.39843760732123845 0.015645644643222711
408 88 0 0.38365653611532818 0.014781071205910268
416 88 0 0.36984599167486226 0.013810544440465922
424 88 0 0.35700683460715821 0.013848890873429553
432 88 0 0.34515868857359405 0.013860168578968657
440 88 0 0.33434494190717007 0.013840958247875679
448 88 0 0.32462278412252038 0.013822000085236374
456 88 0 0.31603882530523614 0.013816397143353421
464 88 0 0.30862394724780623 0.013822717034732368
472 88 0 0.30239706356983986 0.013824235183790279
480 88 0 0.29737637177227239 0.013809215325720769
488 88 0 0.2935844949281321 0.013780586009667972
496 88 0 0.29104503245290264 0.013753957329055155
504 88 0 0.28977329318768763 0.013743042218764434
120 90 3 0.55930227054165316 0.0140193330100985
121 90 3 0.54989970385683795 0.014184210936092678
122 90 2 0.53571549292074527 0.014911777284376648
388 90 2 0.46428450707925495 0.014911777284376926
390 90 3 0.45010029614316227 0.014184210936092678
391 90 3 0.44069772945834718 0.0140193330100985
120 91 3 0.55821933797010548 0.015102265581646179
121 91 3 0.54881677128529038 0.01310127836454511
390 91 3 0.45118322871470984 0.01310127836454511
391 91 3 0.44178066202989474 0.015102265581646068
112 92 1 0.58318191501934435 0.018380477659417416
116 92 1 0.56693555846722221 0.016284901070322766
120 92 2 0.55142176227049011 0.016122528170022465
122 92 2 0.53529923410046765 0.016122528170022465
124 92 1 0.51970549691092749 0.015111572111126015
384 92 1 0.48029450308907284 0.015111572111126181
388 92 2 0.46470076589953252 0.016122528170022576
390 92 2 0.44857823772950994 0.016122528170022576
392 92 1 0.43306444153277784 0.016284901070322821
396 92 1 0.41681808498065576 0.018380477659417305
120 94 2 0.54987955252330878 0.017056005943913433
122 94 2 0.53433490394363925 0.015544648579669529
388 94 2 0.46566509605636081 0.015544648579669473
390 94 2 0.45012044747669133 0.017056005943913488
0 96 0 0.69648366459354838 0.014659394050602126
8 96 0 0.69520101021804304 0.014685635223780968
16 96 0 0.69263491906219998 0.014755713621181998
24 96 0 0.68881441290200707 0.014812028578345737
32 96 0 0.68377870124636986 0.014824769968477591
40 96 0 0.67755333571746168 0.014795334750056677
48 96 0 0.670144777551411 0.014759675936003691
56 96 0 0.66155521579224363 0.014763802271992921
64 96 0 0.65181409984495453 0.014802184715153044
72 96 0 0.64098114284743768 0.014854817537926057
80 96 0 0.6291442745194129 0.014829893401222094
88 96 0 0.6163434638846722 0.014781071205910323
96 96 0 0.60255641842558716 0.014903098663552217
104 96 0 0.58765331976203505 0.016035330091424438
112 96 1 0.57510327140066808 0.014880709514477397
116 96 1 0.56022256188619068 0.014880709514477397
120 96 2 0.54676892958143952 0.0143338858106421
122 96 2 0.53243504377079742 0.014422344240187734
124 96 1 0.51801269953060969 0.013507065695253839
128 96 0 0.5046032272488522 0.01255643317511379
136 96 0 0.49269843570022831 0.011904791548623894
144 96 0 0.48239183194483409 0.010306603755394217
152 96 0 0.47389417463476174 0.0084976573100723485
160 96 0 0.46719973407016785 0.0066944405645938954
168 96 0 0.46225143552100811 0.0059133629547418742
176 96 0 0.45899405968637119 0.006393591298244683
184 96 0 0.45738288814675471 0.0066492473573407374
192 96 0 0.45737942595039499 0.0066850090575849563
200 96 0 0.45894410124870627 0.0064993782032755631
208 96 0 0.46202621419509537 0.0060864014436848857
216 96 0 0.46654981939099915 0.0058458565706797083
224 96 0 0.47239567596167886 0.0069867841343170256
232 96 0 0.47938246009599589 0.0078722746045832293
240 96 0 0.48725473470057912 0.008432994081851608
248 96 0 0.49568772878243073 0.0086245424351387712
256 96 0 0.5043122712175695 0.0086245424351387712
264 96 0 0.51274526529942088 0.008432994081851386
272 96 0 0.52061753990400383 0.0078722746045829517
280 96 0 0.52760432403832125 0.0069867841343174142
288 96 0 0.5334501806090004 0.0058458565706791532
296 96 0 0.53797378580490463 0.0060864014436852187
304 96 0 0.54105589875129345 0.0064993782032758407
312 96 0 0.54262057404960484 0.0066850090575852894
320 96 0 0.54261711185324557 0.0066492473573410704
328 96 0 0.54100594031362892 0.006393591298244905
336 96 0 0.53774856447899211 0.0059133629547415412
344 96 0 0.53280026592983221 0.0066944405645941174
352 96 0 0.52610582536523809 0.0084976573100716823
360 96 0 0.51760816805516641 0.010306603755394494
368 96 0 0.50730156429977191 0.011904791548623894
376 96 0 0.49539677275114802 0.012556433175113735
384 96 1 0.48198730046939076 0.013507065695254006
388 96 2 0.46756495622920274 0.014422344240188012
390 96 2 0.45323107041856048 0.014333885810642266
392 96 1 0.43977743811380915 0.014880709514477342
396 96 1 0.42489672859933181 0.014880709514477342
400 96 0 0.41234668023796484 0.016035330091424271
408 96 0 0.3974435815744129 0.014903098663551939
416 96 0 0.38365653611532818 0.014781071205910212
424 96 0 0.37085572548058776 0.014829893401221872
432 96 0 0.35901885715256271 0.014854817537926557
440 96 0 0.34818590015504575 0.014802184715152877
448 96 0 0.33844478420775675 0.014763802271992921
456 96 0 0.32985522244858956 0.014759675936003469
464 96 0 0.3224466642825386 0.01479533475005651
472 96 0 0.31622129875363014 0.014824769968478146
480 96 0 0.31118558709799315 0.014812028578346348
488 96 0 0.30736508093780007 0.014755713621182609
496 96 0 0.3047989897819578 0.014685635223780136
504 96 0 0.30351633540645206 0.014659394050601848
120 98 2 0.5444761228502808 0.015746439035909887
122 98 2 0.53060448668092952 0.013871636169351276
388 98 2 0.46939551331907076 0.013871636169351498
390 98 2 0.45552387714971926 0.015746439035910109
112 100 1 0.56873573542753675 0.018917584334498305
116 100 1 0.55278430412722923 0.015951431300307517
120 100 2 0.54024626189595082 0.012767772783254805
122 100 2 0.52747848911269601 0.012767772783254805
124 100 1 0.5163066213173223 0.011703394068470097
384 100 1 0.48369337868267781 0.011703394068470208
388 100 2 0.4725215108873041 0.012767772783255027
390 100 2 0.45975373810404907 0.012767772783255027
392 100 1 0.4472156958727706 0.015951431300307517
396 100 1 0.43126426457246309 0.01891758433449825
120 102 3 0.53994189525654612 0.012842408870683109
121 102 3 0.53243184733267279 0.0096781993162599056
122 102 2 0.52275364801641289 0.0068522993450989
388 102 2 0.47724635198358739 0.0068522993450989556
390 102 3 0.46756815266732737 0.0096781993162600166
391 102 3 0.46005810474345393 0.012842408870683331
120 103 3 0.53429009531422411 0.01849420881300512
121 103 3 0.52678004739035078 0.0091335282385816008
390 103 3 0.4732199526096495 0.0091335282385817118
391 103 3 0.46570990468577605 0.018494208813005453
0 104 0 0.68182427054294625 0.015468701022767539
8 104 0 0.68051537499426207 0.015551037051839023
16 104 0 0.67787920544101798 0.015766898226378889
24 104 0 0.67400238432366133 0.015861155194969334
32 104 0 0.66895393127789227 0.015844592572064609
40 104 0 0.662758000967405 0.015728137507261652
48 104 0 0.65538510161540731 0.015609216465630849
56 104 0 0.64679141352025071 0.015619881983828576
64 104 0 0.63701191512980149 0.015693982253503491
72 104 0 0.62612632530951162 0.015859584178166464
80 104 0 0.61431438111819081 0.015769951501835244
88 104 0 0.60156239267876188 0.015645644643222822
96 104 0 0.58765331976203494 0.016035330091424327
104 104 0 0.57161798967061062 0.01854723034947503
112 104 1 0.558621512444061 0.013042989353965639
116 104 2 0.54811507094018153 0.010506441503879471
118 104 2 0.53785074381216436 0.020204224660395176
120 104 0 0.51764651915176918 0.016257398183944893
128 104 0 0.50404239547433372 0.013604123677435465
136 104 0 0.4934209153316757 0.010621480142658013
144 104 0 0.48468187678687918 0.008739038544796518
152 104 0 0.47755806242847337 0.0071238143584058111
160 104 0 0.47195697535360148 0.0056010870748718911
168 104 0 0.46782378133086316 0.0055723458098550505
176 104 0 0.46511936644767005 0.0061253067612988543
184 104 0 0.4638119590259896 0.0064290708792348883
192 104 0 0.46387063431896258 0.0064912083685675914
200 104 0 0.4652590890625587 0.006314987813852424
208 104 0 0.46792764127083392 0.0059014270757385412
216 104 0 0.47180240037823856 0.005252580987239408
224 104 0 0.47677238803607613 0.0059051767772090868
232 104 0 0.48267756481328522 0.0066251829995532807
240 104 0 0.4893027478128385 0.0070797209421323837
248 104 0 0.49638246875497088 0.0072350624900588412
256 104 0 0.50361753124502973 0.0072350624900588412
264 104 0 0.51069725218716144 0.0070797209421317175
272 104 0 0.51732243518671539 0.0066251829995539468
280 104 0 0.52322761196392431 0.0059051767772089203
288 104 0 0.52819759962176149 0.0052525809872389084
296 104 0 0.53207235872916614 0.0059014270757384857
304 104 0 0.5347409109374418 0.0063149878138516469
312 104 0 0.53612936568103819 0.0064912083685666477
320 104 0 0.53618804097401129 0.0064290708792342777
328 104 0 0.53488063355233051 0.0061253067612984102
336 104 0 0.53217621866913689 0.005572345809855217
344 104 0 0.5280430246463983 0.0056010870748712804
352 104 0 0.52244193757152702 0.0071238143584058111
360 104 0 0.5153181232131212 0.0087390385447960739
368 104 0 0.50657908466832513 0.010621480142658291
376 104 0 0.49595760452566684 0.013604123677435631
384 104 0 0.48235348084823121 0.016257398183945282
392 104 2 0.4621492561878357 0.020204224660395509
394 104 2 0.45188492905981842 0.01050644150387936
396 104 1 0.44137848755593906 0.013042989353965528
400 104 0 0.42838201032938911 0.018547230349475197
408 104 0 0.41234668023796484 0.016035330091424271
416 104 0 0.3984376073212384 0.015645644643222711
424 104 0 0.38568561888180963 0.015769951501835355
432 104 0 0.37387367469048927 0.015859584178166186
440 104 0 0.36298808487019862 0.015693982253503547
448 104 0 0.35320858647974968 0.01561988198382841
456 104 0 0.34461489838459303 0.015609216465630904
464 104 0 0.33724199903259511 0.015728137507261819
472 104 0 0.33104606872210829 0.015844592572064276
480 104 0 0.3259976156763395 0.015861155194968946
488 104 0 0.32212079455898268 0.015766898226378279
496 104 0 0.31948462500573793 0.015551037051838912
504 104 0 0.31817572945705391 0.015468701022767428
116 106 2 0.5430419752400093 0.015579537204051697
118 106 2 0.53277764811199213 0.01513112896022295
392 106 2 0.46722235188800804 0.015131128960223172
394 106 2 0.45695802475999076 0.015579537204051697
112 108 1 0.54752000619821029 0.024097983472400331
116 108 1 0.53249363870935007 0.015026367488860215
392 108 1 0.46750636129064982 0.015026367488860215
396 108 1 0.4524799938017896 0.024097983472400497
0 112 1 0.66649316704948069 0.015531770958475466
4 112 1 0.66621797199087651 0.015606298552069742
8 112 1 0.66541882891630655 0.015516824781237504
12 112 1 0.66450984696853954 0.016005528025722526
16 112 1 0.66283496041176238 0.015863474547222034
20 112 1 0.66138965401751593 0.016489551423502058
24 112 1 0.65907432220179796 0.015931850614392173
28 112 1 0.65720813605558615 0.016794248268075185
32 112 1 0.65425527943353701 0.015885568136513317
36 112 1 0.65196339797811853 0.016990533299773736
40 112 1 0.64839609119655628 0.015702875162035723
44 112 1 0.64566363572373031 0.017094365243674692
48 112 1 0.6414103470536302 0.015450337752777821
52 112 1 0.6381414232459226 0.017243678369484705
56 112 1 0.63309376353277358 0.01538163258144154
60 112 1 0.62924929954007092 0.017542113980179797
64 112 1 0.6234951236442392 0.015380591484383754
68 112 1 0.61914074210835701 0.017871173021444475
72 112 1 0.61263764275865185 0.015685433147579531
76 112 1 0.60789583950403836 0.018230485805473262
80 112 1 0.60097415097575113 0.015812834426019773
84 112 1 0.59611470825696011 0.018199672861230698
88 112 1 0.58865158105173365 0.015329977499981884
92 112 1 0.58318191501934447 0.018380477659417416
96 112 1 0.57510327140066819 0.014880709514477508
100 112 1 0.56873573542753675 0.018917584334498194
104 112 1 0.55862151244406089 0.013042989353965417
108 112 1 0.54752000619821029 0.024097983472400331
112 112 0 0.52642654921943388 0.014312633080245662
120 112 0 0.51211391613918822 0.014312633080245662
128 112 0 0.50148524558766161 0.010628670551526609
136 112 0 0.49313511569171237 0.0083501298959492432
144 112 0 0.48626554771920827 0.0068695679725040981
152 112 0 0.48065446837506615 0.0056110793441421225
160 112 0 0.47623909497149453 0.0044153734035716208
168 112 0 0.47299170761576065 0.0051679262848974838
176 112 0 0.47089405219913816 0.0057746857514681116
184 112 0 0.46992889592804499 0.0061169369020553921
192 112 0 0.47007521952203091 0.0062045852030683246
200 112 0 0.47130390222522051 0.0060448131626618107
208 112 0 0.47357192255769248 0.0056442812868585657
216 112 0 0.47681451852803414 0.0050121181497955747
224 112 0 0.48093630486312788 0.0048674197582505019
232 112 0 0.48580372462137839 0.0054383458208681623
240 112 0 0.49124207044224655 0.0057977138322611865
248 112 0 0.49703978427450773 0.0059204314509845868
256 112 0 0.50296021572549232 0.0059204314509845868
264 112 0 0.50875792955775367 0.0057977138322613531
272 112 0 0.51419627537862223 0.0054383458208685509
280 112 0 0.519063695136873 0.0048674197582507794
288 112 0 0.5231854814719662 0.0050121181497952971
296 112 0 0.5264280774423078 0.0056442812868583436
304 112 0 0.52869609777477955 0.0060448131626622548
312 112 0 0.52992478047796954 0.0062045852030686577
320 112 0 0.5300711040719559 0.0061169369020553921
328 112 0 0.52910594780086262 0.0057746857514678895
336 112 0 0.5270082923842393 0.0051679262848975949
344 112 0 0.52376090502850536 0.0044153734035715653
352 112 0 0.5193455316249338 0.0056110793441418449
360 112 0 0.51373445228079195 0.0068695679725043757
368 112 0 0.50686488430828758 0.0083501298959488546
376 112 0 0.49851475441233872 0.010628670551527108
384 112 0 0.48788608386081161 0.014312633080245774
392 112 0 0.47357345078056584 0.014312633080245774
400 112 1 0.4524799938017896 0.024097983472400497
404 112 1 0.44137848755593906 0.013042989353965473
408 112 1 0.43126426457246309 0.01891758433449825
412 112 1 0.42489672859933181 0.014880709514477342
416 112 1 0.4168180849806557 0.018380477659417305
420 112 1 0.41134841894826651 0.015329977499982106
424 112 1 0.40388529174304044 0.018199672861230809
428 112 1 0.39902584902424948 0.015812834426019551
432 112 1 0.39210416049596203 0.018230485805472763
436 112 1 0.38736235724134876 0.015685433147579309
440 112 1 0.38085925789164327 0.017871173021444642
444 112 1 0.37650487635576119 0.015380591484383588
448 112 1 0.37075070045992936 0.017542113980179685
452 112 1 0.36690623646722687 0.015381632581441596
456 112 1 0.36185857675407773 0.017243678369484705
460 112 1 0.35858965294637013 0.015450337752777765
464 112 1 0.35433636427626986 0.017094365243674747
468 112 1 0.351603908803444 0.015702875162035723
472 112 1 0.34803660202188186 0.016990533299773569
476 112 1 0.34574472056646338 0.015885568136512929
480 112 1 0.34279186394441447 0.016794248268074963
484 112 1 0.34092567779820254 0.015931850614391896
488 112 1 0.33861034598248418 0.016489551423501503
492 112 1 0.33716503958823762 0.015863474547221812
496 112 1 0.33549015303146035 0.016005528025722415
500 112 1 0.33458117108369329 0.015516824781237504
504 112 1 0.33378202800912349 0.015606298552069575
508 112 1 0.33350683295051925 0.015531770958475133
0 116 1 0.65096139609100523 0.01562161235137749
4 116 1 0.65064324905990956 0.015588719969884646
8 116 1 0.64990200413506904 0.015580573912637008
12 116 1 0.64869298349694182 0.016048512714388008
16 116 1 0.64697148586454034 0.016467455427660371
20 116 1 0.64519490018093639 0.016478655977819279
24 116 1 0.64314247158740578 0.016324726193881256
28 116 1 0.64096105635285761 0.016337218871581349
32 116 1 0.63836971129702369 0.016326862708185952
36 116 1 0.63573181619457042 0.016314347121573425
40 116 1 0.63269321603452056 0.016123288138239933
44 116 1 0.62959072101376956 0.016072914709960751
48 116 1 0.62596000930085238 0.015781962306115727
52 116 1 0.62219038145475636 0.015951041791166243
56 116 1 0.61771213095133204 0.015736805177631319
60 116 1 0.61314199349019038 0.016107306049880532
64 116 1 0.60811453215985545 0.015678585241688525
68 116 1 0.60296640651162481 0.016174335596732203
72 116 1 0.59695220961107232 0.016541057443228646
76 116 1 0.59142231360682673 0.016473525897211627
80 116 1 0.58516131654973136 0.017354931141258634
84 116 1 0.58011027680408411 0.016004431452876
88 116 1 0.57332160355175177 0.016064295856123789
92 116 1 0.56693555846722232 0.016284901070322766
96 116 1 0.56022256188619068 0.014880709514477508
100 116 1 0.55278430412722934 0.015951431300307406
104 116 2 0.54811507094018164 0.010506441503879249
106 116 2 0.5430419752400093 0.015579537204051586
108 116 1 0.53249363870935007 0.015026367488860215
400 116 1 0.46750636129064982 0.015026367488860215
404 116 2 0.4569580247599907 0.015579537204051641
406 116 2 0.45188492905981836 0.010506441503879305
408 116 1 0.44721569587277055 0.015951431300307461
412 116 1 0.43977743811380915 0.014880709514477342
416 116 1 0.43306444153277784 0.016284901070322821
420 116 1 0.42667839644824862 0.016064295856123678
424 116 1 0.41988972319591605 0.016004431452875612
428 116 1 0.41483868345026903 0.017354931141258467
432 116 1 0.40857768639317343 0.016473525897211405
436 116 1 0.40304779038892807 0.016541057443228591
440 116 1 0.39703359348837547 0.016174335596732203
444 116 1 0.39188546784014477 0.015678585241688525
448 116 1 0.38685800650981 0.016107306049880643
452 116 1 0.38228786904866846 0.015736805177631263
456 116 1 0.37780961854524414 0.015951041791166409
460 116 1 0.3740399906991479 0.015781962306115616
464 116 1 0.37040927898623049 0.01607291470996064
468 116 1 0.36730678396547972 0.016123288138239877
472 116 1 0.36426818380542986 0.016314347121573369
476 116 1 0.36163028870297631 0.016326862708185952
480 116 1 0.35903894364714239 0.016337218871581349
484 116 1 0.35685752841259444 0.016324726193880923
488 116 1 0.35480509981906339 0.016478655977819334
492 116 1 0.35302851413545944 0.016467455427660371
496 116 1 0.35130701650305762 0.016048512714388341
500 116 1 0.35009799586493079 0.015580573912637063
504 116 1 0.34935675094009033 0.015588719969884646
508 116 1 0.34903860390899438 0.015621612351377712
104 118 2 0.53785074381216447 0.020204224660395287
106 118 2 0.53277764811199224 0.015131128960223061
404 118 2 0.46722235188800793 0.015131128960223283
406 118 2 0.46214925618783564 0.020204224660395564
0 120 3 0.6353666785337283 0.015606960925853675
1 120 3 0.63535938469225162 0.015609535958239662
2 120 3 0.635340041951858 0.015621354139147225
3 120 3 0.63529302978067337 0.01566836631033186
4 120 3 0.63516776846897383 0.015556166007720251
5 120 3 0.63510254107174002 0.015559787883551834
6 120 3 0.63503522320408401 0.015608025855825547
7 120 3 0.6349125836153019 0.015730665444607661
8 120 3 0.6346093950589452 0.015460230361260541
9 120 3 0.63444279967723372 0.01548947633241704
10 120 3 0.63426600350683071 0.015636000628238333
11 120 3 0.63396752264671863 0.015934481488350416
12 120 3 0.63332987721720024 0.01565191879899952
13 120 3 0.63288108619572281 0.015936088917692715
14 120 3 0.63243959272002159 0.01630577099911068
15 120 3 0.6319273269972705 0.016765656499671322
16 120 3 0.63107760940498014 0.016414542496157258
17 120 3 0.63064788425123497 0.016519440421948417
18 120 3 0.63033333824822224 0.016638299694298753
19 120 3 0.62995728984308264 0.017014196021457706
20 120 3 0.62920711188451195 0.01642298707348222
21 120 3 0.62885626621543211 0.016452030014102781
22 120 3 0.62858827316754506 0.016606627013391329
23 120 3 0.628213325544979 0.016981574635957397
24 120 3 0.62737825029679939 0.016230847299676832
25 120 3 0.62698352779819344 0.016267810548724726
26 120 3 0.62667162871113746 0.016470842876268321
27 120 3 0.62623757476796815 0.016904896819437631
28 120 3 0.62530574869180489 0.016142149870263633
29 120 3 0.62483517484937467 0.016231411925440753
30 120 3 0.62444456765289358 0.016516488699964027
31 120 3 0.62390985873103166 0.017051197621825942
32 120 3 0.62279537502045967 0.016169952223707207
33 120 3 0.62225083964800454 0.016271121801469612
34 120 3 0.6218327139050791 0.016536997391944586
35 120 3 0.62129246578180763 0.017077245515216055
36 120 3 0.62017488121304165 0.016163997498528371
37 120 3 0.61963750216955105 0.016238845991658257
38 120 3 0.61921728184387603 0.016514534350694388
39 120 3 0.61864021106551925 0.017091605129051168
40 120 3 0.61738807186853739 0.01599773184249631
41 120 3 0.61679916463940154 0.016062977254807653
42 120 3 0.61634915867375506 0.016344057360765496
43 120 3 0.61574331640342861 0.016949899631091947
44 120 3 0.61444732982138128 0.015848322002458559
45 120 3 0.61382483035809998 0.015928194438772247
46 120 3 0.61333301876840973 0.016257702245359829
47 120 3 0.61264921475398315 0.01694150625978641
48 120 3 0.61115655435736604 0.015625196018140275
49 120 3 0.610454840464839 0.015698781448967969
50 120 3 0.60991645164681385 0.016043557654038532
51 120 3 0.60918434150992795 0.016775667790924431
52 120 3 0.60760721482127378 0.015417942739393564
53 120 3 0.60683651451858278 0.015521728986723771
54 120 3 0.60620589359014709 0.015984487864609265
55 120 3 0.60531305798655777 0.016877323468198591
56 120 3 0.60339049800822275 0.015286704115532124
57 120 3 0.60240669284078074 0.015496658200778168
58 120 3 0.60158815395615683 0.016123976995175204
59 120 3 0.60051595828964233 0.017196172661689713
60 120 3 0.59843376281762517 0.01579204616027241
61 120 3 0.5974105372157823 0.016033941792242934
62 120 3 0.59666524984999558 0.016476743640194802
63 120 3 0.59571587256344227 0.017426120926748112
64 120 3 0.5936863390482906 0.015573285266986092
65 120 3 0.5927785542115811 0.015599260604316934
66 120 3 0.59211107891160808 0.016003453248247368
67 120 3 0.59116781550118802 0.016946716658667427
68 120 3 0.58903313515203215 0.014977024850637122
69 120 3 0.58792079968032829 0.015116926350894566
70 120 3 0.58685888211975601 0.016107524391868799
71 120 3 0.58523423303134214 0.017732173480282665
72 120 3 0.58211146342948117 0.016611546171645175
73 120 3 0.5807407709645952 0.016735708710390651
74 120 3 0.5798761349107473 0.017076074700325017
75 120 3 0.57891623936655079 0.018035970244521526
76 120 3 0.57677149804020633 0.015955434546281677
77 120 3 0.57591450876261541 0.015671560672823048
78 120 3 0.57520468981467443 0.016217623792152303
79 120 3 0.57342630506917858 0.017996008537648156
80 120 2 0.5661894258671647 0.018971890682566661
82 120 3 0.569592236111785 0.015569080437946359
83 120 3 0.56925445378777684 0.015906862761954521
84 120 3 0.56718195235357671 0.014061620894863958
85 120 3 0.56622782843663899 0.013968245318121797
86 120 3 0.56534466783218951 0.014765608971894606
87 120 3 0.5633081185538048 0.016802158250279309
88 120 2 0.5557538111353767 0.018369413981198734
90 120 3 0.55930227054165316 0.014019333010098611
91 120 3 0.55821933797010559 0.015102265581646179
92 120 2 0.55142176227049022 0.016122528170022576
94 120 2 0.54987955252330889 0.017056005943913433
96 120 2 0.54676892958143952 0.0143338858106421
98 120 2 0.5444761228502808 0.015746439035909887
100 120 2 0.54024626189595093 0.012767772783254916
102 120 3 0.53994189525654612 0.01284240887068322
103 120 3 0.53429009531422411 0.018494208813005231
104 120 0 0.51764651915176918 0.016257398183945004
112 120 0 0.51211391613918822 0.014312633080245662
120 120 0 0.50458310436465204 0.0075308117745361836
128 120 0 0.49789508750239336 0.0066880168622586722
136 120 0 0.49215929027327232 0.0057357972291210424
144 120 0 0.48727452456092796 0.0048847657123443633
152 120 0 0.48323228555699521 0.004042239003932746
160 120 0 0.48004369690390353 0.0038046019324090019
168 120 0 0.47771723335303629 0.0047255257372756376
176 120 0 0.47625634961330054 0.0053622974141623869
184 120 0 0.47565842606424957 0.0057295301362045858
192 120 0 0.47591355578419292 0.0058383362621620138
200 120 0 0.47700247011360752 0.0056985678883870183
208 120 0 0.47889278876951008 0.0053208662118175987
216 120 0 0.4815336399395978 0.0047191214115636648
224 120 0 0.48484969854318088 0.0039133936800530011
232 120 0 0.48873647036661566 0.0043224748650800837
240 120 0 0.49305894523169574 0.0045962305953021199
248 120 0 0.49765517582699786 0.004689648346004327
256 120 0 0.50234482417300219 0.004689648346004327
264 120 0 0.50694105476830387 0.0045962305953016758
272 120 0 0.51126352963338406 0.0043224748650801947
280 120 0 0.51515030145681973 0.0039133936800532787
288 120 0 0.51846636006040325 0.0047191214115629432
296 120 0 0.52110721123049042 0.0053208662118173766
304 120 0 0.52299752988639248 0.0056985678883870738
312 120 0 0.52408644421580763 0.0058383362621619028
320 120 0 0.5243415739357512 0.0057295301362046969
328 120 0 0.52374365038669979 0.005362297414162831
336 120 0 0.52228276664696394 0.0047255257372753601
344 120 0 0.51995630309609664 0.0038046019324087244
352 120 0 0.51676771444300451 0.004042239003932413
360 120 0 0.5127254754390721 0.0048847657123444188
368 120 0 0.50784070972672768 0.0057357972291210979
376 120 0 0.50210491249760658 0.0066880168622587277
384 120 0 0.49541689563534785 0.0075308117745362391
392 120 0 0.48788608386081161 0.014312633080245774
400 120 0 0.48235348084823121 0.016257398183945393
408 120 3 0.46570990468577605 0.018494208813005508
409 120 3 0.46005810474345393 0.012842408870683386
410 120 2 0.45975373810404907 0.012767772783255027
412 120 2 0.45552387714971926 0.015746439035910109
414 120 2 0.45323107041856048 0.014333885810642266
416 120 2 0.45012044747669133 0.017056005943913488
418 120 2 0.44857823772950994 0.016122528170022632
420 120 3 0.44178066202989474 0.015102265581646124
421 120 3 0.44069772945834718 0.014019333010098556
422 120 2 0.44424618886462364 0.018369413981198845
424 120 3 0.43669188144619553 0.016802158250279475
425 120 3 0.43465533216781083 0.014765608971894773
426 120 3 0.43377217156336134 0.013968245318121852
427 120 3 0.43281804764642362 0.014061620894863958
428 120 3 0.4307455462122235 0.015906862761954466
429 120 3 0.43040776388821539 0.015569080437946359
430 120 2 0.43381057413283558 0.01897189068256655
432 120 3 0.42657369493082159 0.017996008537648156
433 120 3 0.42479531018532574 0.016217623792152303
434 120 3 0.42408549123738465 0.015671560672823104
435 120 3 0.42322850195979378 0.015955434546281566
436 120 3 0.42108376063344949 0.018035970244521415
437 120 3 0.42012386508925292 0.01707607470032485
438 120 3 0.41925922903540508 0.01673570871039054
439 120 3 0.41788853657051905 0.01661154617164512
440 120 3 0.41476576696865802 0.017732173480282554
441 120 3 0.41314111788024421 0.016107524391868744
442 120 3 0.41207920031967188 0.015116926350894455
443 120 3 0.41096686484796802 0.014977024850637011
444 120 3 0.4088321844988122 0.016946716658667427
445 120 3 0.40788892108839214 0.016003453248247368
446 120 3 0.40722144578841918 0.015599260604316822
447 120 3 0.40631366095170968 0.015573285266986037
448 120 3 0.40428412743655801 0.017426120926748001
449 120 3 0.40333475015000475 0.016476743640194746
450 120 3 0.40258946278421798 0.016033941792242878
451 120 3 0.40156623718237511 0.015792046160272355
452 120 3 0.39948404171035801 0.017196172661689546
453 120 3 0.39841184604384344 0.016123976995174982
454 120 3 0.39759330715921959 0.015496658200778057
455 120 3 0.39660950199177758 0.015286704115532013
456 120 3 0.39468694201344257 0.016877323468198424
457 120 3 0.3937941064098533 0.015984487864609154
458 120 3 0.39316348548141761 0.015521728986723604
459 120 3 0.39239278517872661 0.015417942739393509
460 120 3 0.39081565849007233 0.016775667790924431
461 120 3 0.39008354835318632 0.016043557654038421
462 120 3 0.38954515953516128 0.015698781448967858
463 120 3 0.38884344564263412 0.015625196018140275
464 120 3 0.38735078524601696 0.016941506259786465
465 120 3 0.38666698123159038 0.016257702245359884
466 120 3 0.38617516964190013 0.015928194438772192
467 120 3 0.38555267017861888 0.015848322002458504
468 120 3 0.38425668359657161 0.016949899631091891
469 120 3 0.38365084132624522 0.016344057360765496
470 120 3 0.38320083536059873 0.016062977254807542
471 120 3 0.38261192813146283 0.015997731842496365
472 120 3 0.38135978893448103 0.017091605129051168
473 120 3 0.3807827181561243 0.016514534350694443
474 120 3 0.38036249783044918 0.016238845991658146
475 120 3 0.37982511878695846 0.016163997498528371
476 120 3 0.37870753421819242 0.017077245515216111
477 120 3 0.37816728609492095 0.016536997391944641
478 120 3 0.37774916035199546 0.016271121801469668
479 120 3 0.37720462497954027 0.016169952223707262
480 120 3 0.37609014126896834 0.017051197621825942
481 120 3 0.37555543234710631 0.016516488699963916
482 120 3 0.37516482515062533 0.016231411925440697
483 120 3 0.37469425130819511 0.016142149870263578
484 120 3 0.3737624252320319 0.016904896819437465
485 120 3 0.37332837128886259 0.016470842876268155
486 120 3 0.37301647220180656 0.016267810548724615
487 120 3 0.37262174970320056 0.016230847299676832
488 120 3 0.37178667445502089 0.016981574635957508
489 120 3 0.37141172683245466 0.016606627013391273
490 120 3 0.37114373378456761 0.016452030014102836
491 120 3 0.37079288811548788 0.016422987073482276
492 120 3 0.3700427101569172 0.017014196021457761
493 120 3 0.36966666175177754 0.016638299694298864
494 120 3 0.36935211574876492 0.016519440421948417
495 120 3 0.36892239059501974 0.016414542496157147
496 120 3 0.36807267300272922 0.0167656564996716
497 120 3 0.36756040727997807 0.016305770999110791
498 120 3 0.36711891380427686 0.015936088917692937
499 120 3 0.36667012278279942 0.015651918798999742
500 120 3 0.3660324773532812 0.015934481488350416
501 120 3 0.36573399649316918 0.015636000628238389
502 120 3 0.36555720032276617 0.015489476332416985
503 120 3 0.36539060494105474 0.015460230361260541
504 120 3 0.3650874163846981 0.015730665444607772
505 120 3 0.36496477679591599 0.015608025855825658
506 120 3 0.36489745892825987 0.01555978788355189
507 120 3 0.36483223153102606 0.015556166007720362
508 120 3 0.36470697021932652 0.015668366310332138
509 120 3 0.36465995804814183 0.015621354139147448
510 120 3 0.36464061530774827 0.015609535958239662
511 120 3 0.36463332146627164 0.015606960925853619
0 121 3 0.61975971760787463 0.015610632594051488
1 121 3 0.61974984873401195 0.01560982542449052
2 121 3 0.61972668440977552 0.015613357542082484
3 121 3 0.61968298466541216 0.015610045115261206
4 121 3 0.61961160246125357 0.015573053947578019
5 121 3 0.61954275318818819 0.015561281248622993
6 121 3 0.6194603646823198 0.015574858521764212
7 121 3 0.61933777425851066 0.01557480935679123
8 121 3 0.61914916469768466 0.015482714495507643
9 121 3 0.61895332334481667 0.01548947633241704
10 121 3 0.61869641729241331 0.015569586214417397
11 121 3 0.61829659945011706 0.015670923196601572
12 121 3 0.61767795841820072 0.015681820564359072
13 121 3 0.61694499727803009 0.0160295006748159
14 121 3 0.61613382172091091 0.016545896705262741
15 121 3 0.61538183035249139 0.016748768506687051
16 121 3 0.61466306690882289 0.016741322373671097
17 121 3 0.61412844382928655 0.016728809690534474
18 121 3 0.61369503855392349 0.016722358696440565
19 121 3 0.61327045631075672 0.016686833532325918
20 121 3 0.61278412481102973 0.016562980628556989
21 121 3 0.61240423620132933 0.016512948570218788
22 121 3 0.61206037380893619 0.016527899358608877
23 121 3 0.6116646639416683 0.016548661603310699
24 121 3 0.61114740299712256 0.016335550021722711
25 121 3 0.61071571724946871 0.016299781936259472
26 121 3 0.61029693592727163 0.01637469278386583
27 121 3 0.60980451241184286 0.016433062356125294
28 121 3 0.60916359882154125 0.016242642502448668
29 121 3 0.60860376292393392 0.016253628235986861
30 121 3 0.60804654054026608 0.0163980271126275
31 121 3 0.60741271848280642 0.016497140248225239
32 121 3 0.60662542279675247 0.016332077151015367
33 121 3 0.60597971784653493 0.016349833565543537
34 121 3 0.605391711188906 0.016441002716173103
35 121 3 0.60476607556112216 0.016526390220685472
36 121 3 0.60401088371451328 0.016330343901365785
37 121 3 0.60339865617789279 0.01630850094626346
38 121 3 0.60283161174537236 0.016385670098503669
39 121 3 0.60219502184059026 0.016445189224928991
40 121 3 0.60139034002604108 0.016176774771969216
41 121 3 0.60073618738459389 0.016141104750547641
42 121 3 0.60013030501296027 0.016218853660794785
43 121 3 0.59945243950297311 0.016290876900455498
44 121 3 0.59859900781892272 0.016032218252707064
45 121 3 0.59789663591932773 0.016002854071824668
46 121 3 0.59723571023126953 0.016097308537140198
47 121 3 0.59648520818245943 0.016164006571523726
48 121 3 0.59553135833922577 0.015835865286407902
49 121 3 0.59475605901587103 0.015786122704064764
50 121 3 0.59403687219734691 0.015879579449466941
51 121 3 0.59322455510351013 0.01595978640641782
52 121 3 0.59218927208188021 0.015606715811362193
53 121 3 0.59131478553185901 0.015564721516417857
54 121 3 0.59045631645219532 0.015749577137951776
55 121 3 0.58943860318972174 0.015874454796836024
56 121 3 0.58810379389269063 0.015452292476441976
57 121 3 0.58691003464000258 0.015496658200778168
58 121 3 0.5856921907833823 0.01589596317277453
59 121 3 0.58430446963085547 0.016211488658786855
60 121 3 0.58264171665735276 0.016211905605904908
61 121 3 0.58137659542353937 0.016312542569179134
62 121 3 0.58036831575212788 0.016304190186882228
63 121 3 0.57934596770040403 0.016369904863038243
64 121 3 0.57811305378130451 0.015892649293685834
65 121 3 0.57717929360726417 0.015734170528621472
66 121 3 0.57636077799006169 0.01575030092154639
67 121 3 0.57539032077628505 0.015777494724902974
68 121 3 0.57405611030139503 0.015076696978237769
69 121 3 0.57280387332943372 0.015116926350894566
70 121 3 0.57129367842710721 0.015565203692648799
71 121 3 0.56898041852446568 0.016253814506876463
72 121 3 0.56549991725783599 0.018610856588398339
73 121 3 0.56400506225420455 0.017116001584766893
74 121 3 0.56287746870807565 0.017308842379289202
75 121 3 0.56204761165063444 0.016868627715916351
76 121 3 0.56081606349392465 0.016625293252107154
77 121 3 0.56024294808979236 0.016052177847974858
78 121 3 0.56003927980243973 0.016213821577842125
79 121 3 0.56087297234050026 0.017047514115902662
82 121 3 0.55774876906395887 0.017613070293079014
83 121 3 0.55506722568768052 0.014931526916800664
84 121 3 0.55312033145871276 0.015157013318165768
85 121 3 0.55225958311851719 0.014296264977970208
86 121 3 0.55171769658563641 0.014469801693644424
87 121 3 0.55200934585222949 0.01476145096023751
90 121 3 0.54989970385683806 0.014184210936092678
91 121 3 0.54881677128529049 0.01310127836454511
102 121 3 0.53243184733267279 0.0096781993162600166
103 121 3 0.52678004739035078 0.0091335282385816008
408 121 3 0.47321995260964944 0.0091335282385817673
409 121 3 0.46756815266732737 0.0096781993162600166
420 121 3 0.45118322871470984 0.01310127836454511
421 121 3 0.45010029614316227 0.014184210936092678
424 121 3 0.44799065414777095 0.01476145096023751
425 121 3 0.44828230341436404 0.014469801693644424
426 121 3 0.44774041688148319 0.014296264977970208
427 121 3 0.44687966854128758 0.015157013318165824
428 121 3 0.44493277431231981 0.014931526916800553
429 121 3 0.44225123093604146 0.017613070293078903
432 121 3 0.43912702765949985 0.017047514115902496
433 121 3 0.43996072019756033 0.016213821577842014
434 121 3 0.43975705191020775 0.016052177847974691
435 121 3 0.43918393650607535 0.016625293252107098
436 121 3 0.43795238834936556 0.016868627715916074
437 121 3 0.43712253129192441 0.017308842379289036
438 121 3 0.43599493774579562 0.017116001584766727
439 121 3 0.43450008274216417 0.018610856588398172
440 121 3 0.43101958147553443 0.016253814506876407
441 121 3 0.4287063215728929 0.015565203692648688
442 121 3 0.42719612667056633 0.015116926350894455
443 121 3 0.42594388969860503 0.015076696978237769
444 121 3 0.42460967922371506 0.015777494724902863
445 121 3 0.42363922200993848 0.015750300921546334
446 121 3 0.422820706392736 0.015734170528621416
447 121 3 0.42188694621869571 0.015892649293685723
448 121 3 0.42065403229959625 0.016369904863038243
449 121 3 0.41963168424787228 0.016304190186882117
450 121 3 0.41862340457646086 0.016312542569179078
451 121 3 0.41735828334264746 0.016211905605904853
452 121 3 0.41569553036914469 0.016211488658786688
453 121 3 0.41430780921661781 0.015895963172774363
454 121 3 0.41308996535999765 0.015496658200778057
455 121 3 0.41189620610730959 0.015452292476442031
456 121 3 0.41056139681027859 0.015874454796836024
457 121 3 0.40954368354780502 0.01574957713795172
458 121 3 0.40868521446814121 0.015564721516417857
459 121 3 0.40781072791812012 0.015606715811362026
460 121 3 0.40677544489649015 0.01595978640641782
461 121 3 0.40596312780265331 0.015879579449466996
462 121 3 0.40524394098412914 0.015786122704064875
463 121 3 0.4044686416607744 0.015835865286407846
464 121 3 0.40351479181754069 0.016164006571523726
465 121 3 0.40276428976873052 0.016097308537140143
466 121 3 0.40210336408067232 0.016002854071824779
467 121 3 0.40140099218107739 0.016032218252707064
468 121 3 0.40054756049702706 0.016290876900455442
469 121 3 0.39986969498703989 0.016218853660794674
470 121 3 0.39926381261540628 0.01614110475054753
471 121 3 0.3986096599739592 0.016176774771969105
472 121 3 0.39780497815941002 0.016445189224928991
473 121 3 0.39716838825462791 0.016385670098503613
474 121 3 0.39660134382210732 0.016308500946263405
475 121 3 0.39598911628548683 0.016330343901365674
476 121 3 0.39523392443887789 0.016526390220685472
477 121 3 0.39460828881109411 0.016441002716173159
478 121 3 0.39402028215346513 0.016349833565543592
479 121 3 0.39337457720324753 0.016332077151015367
480 121 3 0.39258728151719358 0.016497140248225239
481 121 3 0.39195345945973387 0.016398027112627556
482 121 3 0.39139623707606602 0.016253628235986917
483 121 3 0.39083640117845869 0.016242642502448723
484 121 3 0.3901954875881572 0.016433062356125294
485 121 3 0.38970306407272831 0.016374692783865719
486 121 3 0.38928428275053117 0.016299781936259528
487 121 3 0.38885259700287739 0.016335550021722711
488 121 3 0.38833533605833154 0.016548661603310644
489 121 3 0.38793962619106365 0.016527899358608988
490 121 3 0.38759576379867045 0.016512948570218955
491 121 3 0.38721587518897016 0.016562980628556989
492 121 3 0.38672954368924323 0.016686833532326029
493 121 3 0.3863049614460764 0.016722358696440509
494 121 3 0.38587155617071334 0.016728809690534363
495 121 3 0.38533693309117689 0.016741322373671208
496 121 3 0.38461816964750839 0.016748768506687106
497 121 3 0.38386617827908887 0.016545896705262852
498 121 3 0.3830550027219698 0.016029500674815955
499 121 3 0.38232204158179917 0.015681820564359183
500 121 3 0.38170340054988283 0.015670923196601627
501 121 3 0.38130358270758663 0.015569586214417452
502 121 3 0.38104667665518316 0.015489476332416985
503 121 3 0.38085083530231528 0.015482714495507588
504 121 3 0.38066222574148922 0.015574809356791119
505 121 3 0.38053963531768015 0.015574858521764157
506 121 3 0.38045724681181176 0.015561281248622938
507 121 3 0.38038839753874643 0.015573053947577964
508 121 3 0.38031701533458784 0.015610045115261317
509 121 3 0.38027331559022443 0.015613357542082595
510 121 3 0.38025015126598793 0.015609825424490631
511 121 3 0.38024028239212526 0.015610632594051599
0 122 3 0.60414908501382314 0.015610632594051488
1 122 3 0.60414002330952143 0.01560982542449052
2 122 3 0.60412016809963753 0.015606516310137986
3 122 3 0.60408670302759404 0.015596281637818121
4 122 3 0.60403854851367556 0.015573053947578019
5 122 3 0.6039814719395652 0.015561281248622993
6 122 3 0.60390906487686269 0.015551299805457108
7 122 3 0.60380830150102049 0.01552947275749017
8 122 3 0.60366645020217702 0.015482714495507643
9 122 3 0.60347869052427638 0.015474632820540291
10 122 3 0.60319724872249858 0.015499168569914734
11 122 3 0.6027372246226631 0.015559374827453953
12 122 3 0.60199613785384165 0.015681820564359072
13 122 3 0.60091549660321419 0.0160295006748159
14 122 3 0.59958792501564817 0.017115304650395347
15 122 3 0.59863306184580434 0.017174481918629247
16 122 3 0.59792174453515179 0.017080223217617263
17 122 3 0.59739963413875208 0.016934597880051139
18 122 3 0.59697267985748292 0.016844972453286533
19 122 3 0.59659539544452 0.016722881565245595
20 122 3 0.59622114418247274 0.016633991442411733
21 122 3 0.59589128763111054 0.016531909182385118
22 122 3 0.59556323972738057 0.01649713408155562
23 122 3 0.59521790312371925 0.016446760817949047
24 122 3 0.59481185297539985 0.016357199895974062
25 122 3 0.59441593531320924 0.016299781936259472
26 122 3 0.59397669845714984 0.01632023747012179
27 122 3 0.59350062318017938 0.016303889231663482
28 122 3 0.59292095631909258 0.016264444661650113
29 122 3 0.59235013468794706 0.016253628235986861
30 122 3 0.5917052367737512 0.016343782414067087
31 122 3 0.5910488698957499 0.016363848587056529
32 122 3 0.5902933456457371 0.016439355335534422
33 122 3 0.58962988428099139 0.016366089747745338
34 122 3 0.58896667931852964 0.016485436010972743
35 122 3 0.58834680762335412 0.016419267937768045
36 122 3 0.5876805398131475 0.016426062916474971
37 122 3 0.58709015523162933 0.016319944314528878
38 122 3 0.58648974619030458 0.016366851343357136
39 122 3 0.58589083994643931 0.016304181894150949
40 122 3 0.58521356525407187 0.016263307400259608
41 122 3 0.58459508263404625 0.01614654708976937
42 122 3 0.58395233222186027 0.016205085603190894
43 122 3 0.5833050264236026 0.01614741307937051
44 122 3 0.58256678956621566 0.016131775247844815
45 122 3 0.58189378184750307 0.016011741023572279
46 122 3 0.58119475890879446 0.016071861871968407
47 122 3 0.58049170157564156 0.015993506606817864
48 122 3 0.57969549305281787 0.015939947896628337
49 122 3 0.57896993631180627 0.015794178377405044
50 122 3 0.57822022699591913 0.015835409575552295
51 122 3 0.57745862003814952 0.015765935065360615
52 122 3 0.57658255627051802 0.01567780987669587
53 122 3 0.57575006401544115 0.015564721516417857
54 122 3 0.57483991224313435 0.015616404209060963
55 122 3 0.57385596342779754 0.0155826397619242
56 122 3 0.57265150141624865 0.015452292476441976
57 122 3 0.57141354580687631 0.015496488833126265
58 122 3 0.5699427629277809 0.015749427855601406
59 122 3 0.56834521769719393 0.015959251933661545
60 122 3 0.56642981105144785 0.016780971461737515
61 122 3 0.56506405285436023 0.016697199677407015
62 122 3 0.56406412556524566 0.01642410878276046
63 122 3 0.56316580343841616 0.016180164261987873
64 122 3 0.56222040448761867 0.016079656939778753
65 122 3 0.56144512307864269 0.015823852384131643
66 122 3 0.56074328728687695 0.015617490703184744
67 122 3 0.55995808181031959 0.015432238965965461
68 122 3 0.55897941332315726 0.015076696978237769
69 122 3 0.55792795116690952 0.014875922162524202
70 122 3 0.55651538740923923 0.014778291017867984
71 122 3 0.55387875561381483 0.015101662910650848
72 122 2 0.54688906066943765 0.018184134908469596
74 122 2 0.54556862632878644 0.016893913850568598
76 122 2 0.5441907702418175 0.017373664081419271
78 122 2 0.5438254582245976 0.017008352064199372
80 122 3 0.54918331340783888 0.017006112459325817
81 122 3 0.54826078095725583 0.017928644909908864
82 122 2 0.54013569877087986 0.016873581544124328
84 122 2 0.53796331814054699 0.016196552922814744
86 122 2 0.53724789489199198 0.015481129674259742
88 122 2 0.53738439715417796 0.018369413981198734
90 122 2 0.53571549292074538 0.014911777284376759
92 122 2 0.53529923410046765 0.016122528170022576
94 122 2 0.53433490394363936 0.015544648579669529
96 122 2 0.53243504377079742 0.014422344240187734
98 122 2 0.53060448668092941 0.013871636169351387
100 122 2 0.52747848911269601 0.012767772783254916
102 122 2 0.52275364801641278 0.0068522993450990111
408 122 2 0.47724635198358739 0.0068522993450989556
410 122 2 0.4725215108873041 0.012767772783255027
412 122 2 0.46939551331907076 0.013871636169351498
414 122 2 0.46756495622920274 0.014422344240188012
416 122 2 0.46566509605636086 0.015544648579669529
418 122 2 0.46470076589953258 0.016122528170022632
420 122 2 0.46428450707925495 0.014911777284376926
422 122 2 0.46261560284582248 0.018369413981198845
424 122 2 0.46275210510800846 0.015481129674259686
426 122 2 0.4620366818594534 0.016196552922814744
428 122 2 0.45986430122912036 0.01687358154412405
430 122 3 0.45173921904274439 0.017928644909908809
431 122 3 0.45081668659216129 0.017006112459325706
432 122 2 0.45617454177540234 0.017008352064199428
434 122 2 0.45580922975818244 0.017373664081419327
436 122 2 0.45443137367121345 0.016893913850568487
438 122 2 0.45311093933056235 0.018184134908469429
440 122 3 0.44612124438618517 0.015101662910650737
441 122 3 0.44348461259076088 0.014778291017867984
442 122 3 0.44207204883309048 0.014875922162524147
443 122 3 0.4410205866768428 0.015076696978237769
444 122 3 0.44004191818968041 0.01543223896596535
445 122 3 0.43925671271312317 0.015617490703184689
446 122 3 0.43855487692135742 0.015823852384131476
447 122 3 0.43777959551238144 0.016079656939778642
448 122 3 0.4368341965615839 0.016180164261987651
449 122 3 0.4359358744347544 0.016424108782760405
450 122 3 0.43493594714563993 0.016697199677406793
451 122 3 0.43357018894855232 0.016780971461737404
452 122 3 0.43165478230280618 0.015959251933661489
453 122 3 0.43005723707221921 0.015749427855601406
454 122 3 0.42858645419312386 0.01549648883312621
455 122 3 0.42734849858375162 0.015452292476442031
456 122 3 0.42614403657220268 0.015582639761924089
457 122 3 0.42516008775686581 0.015616404209060797
458 122 3 0.42424993598455907 0.015564721516417857
459 122 3 0.42341744372948215 0.01567780987669587
460 122 3 0.42254137996185076 0.015765935065360615
461 122 3 0.42177977300408104 0.015835409575552295
462 122 3 0.42103006368819401 0.015794178377405044
463 122 3 0.42030450694718224 0.015939947896628337
464 122 3 0.41950829842435861 0.01599350660681792
465 122 3 0.41880524109120576 0.016071861871968296
466 122 3 0.4181062181524971 0.016011741023572224
467 122 3 0.41743321043378445 0.016131775247844926
468 122 3 0.41669497357639756 0.01614741307937051
469 122 3 0.41604766777813984 0.016205085603190839
470 122 3 0.41540491736595381 0.01614654708976937
471 122 3 0.4147864347459283 0.016263307400259497
472 122 3 0.41410916005356085 0.016304181894150838
473 122 3 0.41351025380969558 0.016366851343357025
474 122 3 0.41290984476837073 0.016319944314528823
475 122 3 0.4123194601868525 0.016426062916475082
476 122 3 0.41165319237664588 0.01641926793776799
477 122 3 0.41103332068147047 0.016485436010972743
478 122 3 0.41037011571900872 0.016366089747745394
479 122 3 0.4097066543542629 0.016439355335534533
480 122 3 0.40895113010425016 0.016363848587056584
481 122 3 0.40829476322624869 0.016343782414067198
482 122 3 0.40764986531205294 0.016253628235986917
483 122 3 0.40707904368090742 0.016264444661650113
484 122 3 0.40649937681982057 0.016303889231663371
485 122 3 0.40602330154285016 0.016320237470121846
486 122 3 0.4055840646867907 0.016299781936259528
487 122 3 0.4051881470246001 0.016357199895974006
488 122 3 0.40478209687628064 0.016446760817949102
489 122 3 0.40443676027261927 0.01649713408155562
490 122 3 0.4041087123688894 0.016531909182385063
491 122 3 0.40377885581752715 0.016633991442411733
492 122 3 0.40340460455547988 0.01672288156524554
493 122 3 0.40302732014251691 0.016844972453286589
494 122 3 0.4026003658612477 0.016934597880051194
495 122 3 0.4020782554648481 0.017080223217617319
496 122 3 0.4013669381541955 0.017174481918629247
497 122 3 0.40041207498435172 0.017115304650395291
498 122 3 0.39908450339678575 0.016029500674815955
499 122 3 0.39800386214615835 0.015681820564359183
500 122 3 0.3972627753773369 0.015559374827454064
501 122 3 0.39680275127750142 0.01549916856991479
502 122 3 0.3965213094757235 0.015474632820540346
503 122 3 0.39633354979782287 0.015482714495507588
504 122 3 0.39619169849897951 0.015529472757490281
505 122 3 0.39609093512313731 0.015551299805457164
506 122 3 0.39601852806043469 0.015561281248622938
507 122 3 0.39596145148632439 0.015573053947577964
508 122 3 0.3959132969724059 0.015596281637818066
509 122 3 0.39587983190036236 0.01560651631013793
510 122 3 0.39585997669047857 0.015609825424490631
511 122 3 0.39585091498617686 0.015610632594051599
0 123 3 0.58854002364771285 0.015609061366110288
1 123 3 0.58853347025610725 0.015606553053414185
2 123 3 0.58851966787283039 0.015600500226807146
3 123 3 0.58849736998983393 0.015589333037760111
4 123 3 0.58846637751372055 0.015572170999955004
5 123 3 0.58842679178103685 0.015554680158528345
6 123 3 0.58837552923206615 0.015533535644796537
7 123 3 0.5883044986621857 0.01550380283883479
8 123 3 0.58820350868806148 0.015462941514115536
9 123 3 0.58805142396537624 0.015427266558900143
10 123 3 0.58779859669557555 0.015398652026923032
11 123 3 0.58733965329201165 0.015397571330651449
12 123 3 0.58649295064126783 0.015503187212573821
13 123 3 0.58494280080740302 0.015972695795811176
14 123 3 0.58247262036525282 0.018725301778657721
15 123 3 0.58145857992717509 0.017711261340579987
16 123 3 0.58084152131753453 0.017431205669652505
17 123 3 0.58046503625870094 0.017054720610818919
18 123 3 0.58012770740419639 0.016976162801404016
19 123 3 0.57987251387927441 0.016722881565245595
20 123 3 0.57958715274006101 0.016705153159793373
21 123 3 0.57935937844872543 0.016531909182385118
22 123 3 0.57907032783359857 0.016535700028035283
23 123 3 0.57882016071721198 0.016397742406507265
24 123 3 0.57845465307942578 0.016419380202150058
25 123 3 0.57814775620531356 0.016268179107895686
26 123 3 0.57768117445894485 0.016373624922988772
27 123 3 0.57728781936104023 0.016212803819139143
28 123 3 0.57665651165744247 0.016402765782953632
29 123 3 0.57615719034615964 0.016192944341787419
30 123 3 0.57536145435968411 0.016555652606731419
31 123 3 0.57476967720505345 0.016279192690696442
32 123 3 0.57385399031020268 0.016774650444271288
33 123 3 0.57326379453324605 0.016366089747745338
34 123 3 0.5724812433075569 0.016754848448478965
35 123 3 0.57195567687029281 0.016391130753061312
36 123 3 0.57125447689667253 0.016659333000890508
37 123 3 0.57077021091710045 0.016319944314528878
38 123 3 0.57012289484694745 0.016552146839216686
39 123 3 0.56963956494261969 0.016251275003819621
40 123 3 0.56895025785381226 0.016478042992367992
41 123 3 0.56844853554427688 0.01614654708976937
42 123 3 0.56774724661866938 0.016406894422064333
43 123 3 0.56721540654572056 0.016089619877882044
44 123 3 0.56643501431837084 0.016395071519934135
45 123 3 0.56588204082393079 0.016011741023572279
46 123 3 0.56512289703682606 0.016301606553798753
47 123 3 0.56455688398760051 0.01593481758804105
48 123 3 0.56375554515618953 0.016196019723638044
49 123 3 0.56317575793440122 0.015794178377405044
50 123 3 0.56238481742036683 0.016050398424893531
51 123 3 0.56177797277805464 0.015680647260094882
52 123 3 0.56090474639382215 0.015909941137325356
53 123 3 0.56023685801250867 0.015513206002932489
54 123 3 0.55927250399474937 0.015752699509763657
55 123 3 0.55847011785984968 0.015385845567947865
56 123 3 0.55721003197152663 0.015640200524560055
57 123 3 0.5561280599797972 0.015285485827079115
58 123 3 0.55429911802490917 0.01587552809270032
59 123 3 0.55268359795752031 0.015661619739673616
60 123 3 0.54964883958971034 0.018549996233405031
61 123 3 0.54836685317695322 0.017268009820647912
62 123 3 0.5476400167824852 0.016541173426179889
63 123 3 0.5470150105860403 0.016150792852375861
64 123 3 0.54614074754783992 0.016447700344408012
65 123 3 0.54562127069451105 0.015928223491079141
66 123 3 0.54519354136831522 0.01554974591856173
67 123 3 0.54470443178388717 0.015253650026432419
68 123 3 0.54396165303466149 0.015208788760723291
69 123 3 0.54340013407293208 0.014647269798993889
70 123 3 0.54294906489289185 0.014196200618953658
71 123 3 0.54311941973020583 0.014366555456267638
80 123 3 0.53845044802126985 0.015188330794514315
81 123 3 0.5375279155706868 0.014265798343931269
430 123 3 0.46247208442931331 0.014265798343931102
431 123 3 0.4615495519787301 0.015188330794514315
440 123 3 0.45688058026979411 0.014366555456267582
441 123 3 0.4570509351071082 0.014196200618953492
442 123 3 0.45659986592706786 0.014647269798993834
443 123 3 0.45603834696533851 0.01520878876072318
444 123 3 0.45529556821611283 0.015253650026432419
445 123 3 0.45480645863168473 0.015549745918561564
446 123 3 0.45437872930548889 0.015928223491079141
447 123 3 0.45385925245216008 0.016447700344407956
448 123 3 0.45298498941395976 0.016150792852375861
449 123 3 0.4523599832175148 0.016541173426179778
450 123 3 0.45163314682304673 0.017268009820647856
451 123 3 0.45035116041028972 0.018549996233404864
452 123 3 0.4473164020424798 0.015661619739673616
453 123 3 0.44570088197509095 0.015875528092700264
454 123 3 0.44387194002020297 0.015285485827079115
455 123 3 0.44278996802847354 0.01564020052456
456 123 3 0.44152988214015043 0.015385845567947753
457 123 3 0.44072749600525074 0.015752699509763657
458 123 3 0.4397631419874915 0.015513206002932434
459 123 3 0.43909525360617802 0.015909941137325301
460 123 3 0.43822202722194559 0.015680647260094827
461 123 3 0.43761518257963333 0.01605039842489342
462 123 3 0.43682424206559906 0.015794178377405044
463 123 3 0.43624445484381058 0.016196019723637989
464 123 3 0.4354431160123996 0.015934817588040995
465 123 3 0.43487710296317406 0.016301606553798698
466 123 3 0.43411795917606932 0.016011741023572224
467 123 3 0.43356498568162938 0.016395071519934079
468 123 3 0.43278459345427961 0.016089619877882044
469 123 3 0.43225275338133068 0.016406894422064444
470 123 3 0.43155146445572318 0.01614654708976937
471 123 3 0.4310497421461878 0.016478042992367881
472 123 3 0.43036043505738031 0.016251275003819454
473 123 3 0.42987710515305261 0.016552146839216519
474 123 3 0.42922978908289955 0.016319944314528823
475 123 3 0.42874552310332759 0.016659333000890453
476 123 3 0.4280443231297073 0.016391130753061423
477 123 3 0.42751875669244321 0.016754848448478854
478 123 3 0.42673620546675411 0.016366089747745394
479 123 3 0.42614600968979743 0.016774650444271233
480 123 3 0.4252303227949466 0.016279192690696442
481 123 3 0.42463854564031589 0.016555652606731475
482 123 3 0.42384280965384036 0.016192944341787419
483 123 3 0.42334348834255753 0.016402765782953632
484 123 3 0.42271218063895982 0.016212803819139254
485 123 3 0.42231882554105515 0.016373624922988717
486 123 3 0.4218522437946865 0.016268179107895797
487 123 3 0.4215453469205741 0.016419380202150224
488 123 3 0.42117983928278802 0.016397742406507376
489 123 3 0.42092967216640143 0.016535700028035283
490 123 3 0.42064062155127446 0.016531909182385063
491 123 3 0.42041284725993888 0.016705153159793429
492 123 3 0.42012748612072542 0.01672288156524554
493 123 3 0.4198722925958035 0.01697616280140396
494 123 3 0.41953496374129889 0.01705472061081903
495 123 3 0.41915847868246542 0.017431205669652505
496 123 3 0.41854142007282474 0.017711261340580098
497 123 3 0.41752737963474701 0.018725301778657832
498 123 3 0.41505719919259698 0.015972695795811231
499 123 3 0.41350704935873223 0.015503187212573877
500 123 3 0.41266034670798829 0.015397571330651394
501 123 3 0.41220140330442434 0.015398652026922921
502 123 3 0.41194857603462359 0.015427266558900088
503 123 3 0.41179649131193846 0.015462941514115591
504 123 3 0.41169550133781435 0.015503802838834846
505 123 3 0.41162447076793385 0.015533535644796537
506 123 3 0.4115732082189632 0.015554680158528511
507 123 3 0.4115336224862795 0.015572170999955115
508 123 3 0.41150263001016607 0.015589333037760167
509 123 3 0.41148033212716961 0.015600500226807257
510 123 3 0.41146652974389281 0.01560655305341424
511 123 3 0.41145997635228715 0.015609061366110288
0 124 3 0.57293612380570313 0.015603899842009716
1 124 3 0.57293277058893088 0.015600699667176365
2 124 3 0.57292625599760449 0.015593411875225893
3 124 3 0.57291528112450774 0.015582088865326194
4 124 3 0.57290120630516195 0.015565171208558604
5 124 3 0.5728816909570128 0.01554510082402405
6 124 3 0.5728580556738162 0.01551747355824995
7 124 3 0.57282257096180278 0.015481927700382925
8 124 3 0.57277367368348664 0.015429835004574843
9 124 3 0.57268818973554503 0.015363234229831213
10 124 3 0.5725402387783346 0.01525835791724095
11 124 3 0.57222712806691522 0.015112525225096429
12 124 3 0.5715553613217772 0.01493758931949063
13 124 3 0.5697316289656098 0.015211171841793214
14 124 2 0.5637473185865951 0.018499539017574951
16 124 2 0.56341031564788202 0.017429684786523847
18 124 2 0.56315154460279238 0.016852978699715804
20 124 2 0.56288199958026763 0.016591266014125639
22 124 2 0.56253462780556329 0.016410616469841988
24 124 2 0.56203527287727573 0.016265931765093944
26 124 2 0.56130754953595607 0.016176947374036521
28 124 2 0.56025374587448884 0.016153105127312162
30 124 2 0.55880580175295269 0.016259764029416091
32 124 2 0.55707933986593139 0.016871902954707085
34 124 2 0.55572639485907793 0.016746698854841369
36 124 2 0.55459514389578202 0.016578685316802511
38 124 2 0.55357074800773076 0.016316515780939511
40 124 2 0.55247221486144427 0.016304581931223194
42 124 2 0.55134035219660504 0.016140974385589923
44 124 2 0.55003994279843671 0.016351119694153371
46 124 2 0.5488212904830273 0.016127015445534187
48 124 2 0.54755952543255149 0.016081224890456269
50 124 2 0.5463344189954733 0.015752581002378419
52 124 2 0.54499480525649679 0.015575996946668669
54 124 2 0.54351980448498571 0.015351506442313867
56 124 2 0.54156983144696658 0.015099214528695337
58 124 2 0.53842358993220885 0.015067768059005893
60 124 1 0.53109884335630531 0.017706211621478007
64 124 1 0.52969304720343191 0.016326763506531838
68 124 1 0.52875286427393819 0.015572349321728907
72 124 1 0.52870492576096806 0.01752391773814399
76 124 1 0.52681710616039823 0.017191008072809377
80 124 1 0.52326211722675553 0.0178110914740639
84 124 1 0.52176676521773224 0.016315739465040613
88 124 1 0.52080371563636862 0.015746229401093048
92 124 1 0.5197054969109276 0.015111572111125904
96 124 1 0.51801269953060969 0.013507065695253728
100 124 1 0.5163066213173223 0.011703394068469986
408 124 1 0.48369337868267781 0.011703394068470208
412 124 1 0.48198730046939076 0.013507065695254006
416 124 1 0.48029450308907284 0.015111572111126126
420 124 1 0.47919628436363187 0.015746229401093104
424 124 1 0.47823323478226815 0.01631573946504028
428 124 1 0.47673788277324441 0.017811091474064011
432 124 1 0.47318289383960177 0.017191008072809377
436 124 1 0.47129507423903177 0.017523917738143879
440 124 1 0.47124713572606169 0.015572349321729018
444 124 1 0.47030695279656803 0.016326763506531949
448 124 1 0.46890115664369458 0.017706211621478007
452 124 2 0.46157641006779121 0.015067768059005837
454 124 2 0.45843016855303353 0.015099214528695282
456 124 2 0.4564801955150144 0.015351506442313811
458 124 2 0.45500519474350332 0.015575996946668558
460 124 2 0.45366558100452675 0.015752581002378474
462 124 2 0.45244047456744857 0.016081224890456158
464 124 2 0.45117870951697275 0.016127015445534298
466 124 2 0.44996005720156346 0.016351119694153315
468 124 2 0.44865964780339512 0.016140974385589979
470 124 2 0.44752778513855568 0.016304581931223083
472 124 2 0.44642925199226913 0.016316515780939622
474 124 2 0.44540485610421804 0.016578685316802511
476 124 2 0.44427360514092207 0.016746698854841258
478 124 2 0.44292066013406867 0.01687190295470703
480 124 2 0.44119419824704736 0.016259764029416146
482 124 2 0.43974625412551116 0.016153105127312217
484 124 2 0.43869245046404387 0.016176947374036355
486 124 2 0.43796472712272433 0.016265931765093999
488 124 2 0.43746537219443671 0.016410616469841988
490 124 2 0.43711800041973231 0.016591266014125639
492 124 2 0.43684845539720746 0.016852978699715915
494 124 2 0.43658968435211792 0.017429684786523791
496 124 2 0.43625268141340484 0.018499539017574951
498 124 3 0.43026837103439014 0.015211171841793159
499 124 3 0.42844463867822286 0.01493758931949063
500 124 3 0.42777287193308478 0.015112525225096485
501 124 3 0.4274597612216654 0.015258357917241061
502 124 3 0.42731181026445497 0.01536323422983138
503 124 3 0.42722632631651336 0.015429835004574899
504 124 3 0.42717742903819728 0.015481927700382925
505 124 3 0.42714194432618385 0.015517473558250006
506 124 3 0.42711830904298725 0.01554510082402405
507 124 3 0.42709879369483811 0.015565171208558604
508 124 3 0.42708471887549232 0.015582088865326249
509 124 3 0.42707374400239551 0.015593411875225893
510 124 3 0.42706722941106906 0.015600699667176254
511 124 3 0.42706387619429681 0.015603899842009661
0 125 3 0.55734031333024725 0.015595810475455885
1 125 3 0.55733999741307683 0.015592773175854058
2 125 3 0.55734214024826434 0.015584115749340155
3 125 3 0.55734120748466442 0.015574073639843311
4 125 3 0.55734648819851185 0.015554718106650101
5 125 3 0.55734560492186314 0.015536086035149665
6 125 3 0.55735662936863772 0.015501426305178478
7 125 3 0.55735565677697219 0.015475532241914003
8 125 3 0.55737607566212277 0.015397598021363867
9 125 3 0.5573709757359846 0.015353483547472568
10 125 3 0.55741278586626763 0.015127452912066963
11 125 3 0.55741584588434068 0.015080393778774681
12 125 3 0.55769352039811992 0.01448008632588893
13 125 3 0.55859785483628954 0.015384420764058548
498 125 3 0.4414021451637104 0.015384420764058604
499 125 3 0.44230647960188008 0.01448008632588893
500 125 3 0.44258415411565932 0.015080393778774626
501 125 3 0.44258721413373231 0.015127452912066908
502 125 3 0.4426290242640154 0.015353483547472513
503 125 3 0.44262392433787723 0.015397598021363867
504 125 3 0.44264434322302793 0.015475532241914003
505 125 3 0.44264337063136244 0.015501426305178589
506 125 3 0.44265439507813686 0.01553608603514961
507 125 3 0.44265351180148821 0.015554718106650101
508 125 3 0.44265879251533563 0.015574073639843311
509 125 3 0.44265785975173572 0.01558411574934021
510 125 3 0.44266000258692323 0.015592773175854169
511 125 3 0.44265968666975275 0.01559581047545594
0 126 2 0.54175568636067284 0.015584469010989199
2 126 2 0.54177221119511654 0.015569462671347845
4 126 2 0.54180969058083261 0.015536355979354877
6 126 2 0.54188012453505818 0.015476018537746716
8 126 2 0.54201749218851203 0.015399671369542456
10 126 2 0.542335452105566 0.015379926050118731
12 126 2 0.54321343407223099 0.015631795238566837
14 126 2 0.54524777956902015 0.018499539017574951
16 126 2 0.54598063086135817 0.017429684786523847
18 126 2 0.54629856590307657 0.016852978699715804
20 126 2 0.54639111420926878 0.016490885370998853
22 126 2 0.54630075353816343 0.016233874267399862
24 126 2 0.54601508235186846 0.016020190525407263
26 126 2 0.54546555215989312 0.015841997376062955
28 126 2 0.54449518111921313 0.015758564755275706
30 126 2 0.54281608801310666 0.015989713739846034
32 126 2 0.5402074369112243 0.018246957888154114
34 126 2 0.53897969600423656 0.017019216981166374
36 126 2 0.53801645857897951 0.016817098556593413
38 126 2 0.53725423222679125 0.016316515780939511
40 126 2 0.53616763293022107 0.016560249500142343
42 126 2 0.53523287215235227 0.016107480044252775
44 126 2 0.53368882310428334 0.017047581509861076
46 126 2 0.53269427503749311 0.016127015445534187
48 126 2 0.53147830054209522 0.016530630586464756
50 126 2 0.53058183799309488 0.015752581002378419
52 126 2 0.52945444345286441 0.015859786263878295
54 126 2 0.52855922124814025 0.01496456405915414
56 126 2 0.52759529500684543 0.014874349150609367
58 126 2 0.52747262671388517 0.014751680857649108
452 126 2 0.47252737328611494 0.014751680857648886
454 126 2 0.47240470499315462 0.014874349150609201
456 126 2 0.47144077875185986 0.014964564059154029
458 126 2 0.47054555654713576 0.015859786263878128
460 126 2 0.46941816200690523 0.015752581002378474
462 126 2 0.46852169945790473 0.016530630586464867
464 126 2 0.46730572496250705 0.016127015445534298
466 126 2 0.46631117689571677 0.01704758150986091
468 126 2 0.46476712784764762 0.016107480044252498
470 126 2 0.46383236706977876 0.016560249500142288
472 126 2 0.46274576777320875 0.016316515780939622
474 126 2 0.46198354142102055 0.016817098556593413
476 126 2 0.46102030399576333 0.017019216981166319
478 126 2 0.4597925630887757 0.018246957888153947
480 126 2 0.45718391198689329 0.015989713739845923
482 126 2 0.45550481888078681 0.01575856475527565
484 126 2 0.45453444784010666 0.015841997376062789
486 126 2 0.45398491764813143 0.016020190525407096
488 126 2 0.45369924646183657 0.016233874267399862
490 126 2 0.45360888579073122 0.016490885370998909
492 126 2 0.45370143409692337 0.016852978699715915
494 126 2 0.45401936913864172 0.017429684786523791
496 126 2 0.45475222043097979 0.018499539017574951
498 126 2 0.45678656592776901 0.015631795238566781
500 126 2 0.45766454789443395 0.015379926050118786
502 126 2 0.45798250781148792 0.015399671369542456
504 126 2 0.45811987546494193 0.015476018537746716
506 126 2 0.4581903094191675 0.015536355979354988
508 126 2 0.45822778880488363 0.015569462671347956
510 126 2 0.45824431363932722 0.015584469010989255
0 128 2 0.52622263257856061 0.015533053782112227
2 128 2 0.52625165517660566 0.015520556018510878
4 128 2 0.52631547607007101 0.015494214510761606
6 128 2 0.5264273848176374 0.015452739717420783
8 128 2 0.52661782081896957 0.015399671369542456
10 128 2 0.52695552605544727 0.015413609478756696
12 128 2 0.52758163883366416 0.015631795238566837
14 128 2 0.52857172215971515 0.016676057409305001
16 128 2 0.52933443983807782 0.016646191023280354
18 128 2 0.52986536736151246 0.016433198541564109
20 128 2 0.53018756471740636 0.016203549491862423
22 128 2 0.53033133311710534 0.015969420421058089
24 128 2 0.5303113168385305 0.015703765513337964
26 128 2 0.5300848550002808 0.015380697159612322
28 128 2 0.52947455340251037 0.015020627716702761
30 128 2 0.52777375524291126 0.015042332770195399
32 128 1 0.52196047902307019 0.017633087434660299
36 128 1 0.52119936002238609 0.016435985380499285
40 128 1 0.51960738343007873 0.016092869111207886
44 128 1 0.51664124159442226 0.018316993894191225
48 128 1 0.51494766995563046 0.016804264125970692
52 128 1 0.51359465718898611 0.016117049964337604
56 128 1 0.51272094585623607 0.016497023148886736
60 128 1 0.5133926317348273 0.017706211621478007
64 128 1 0.51336628369690007 0.016326763506531838
68 128 1 0.51318051495220929 0.015572349321728907
72 128 1 0.51299614084252332 0.01570878491844474
76 128 1 0.51130885023064032 0.015508255929757908
80 128 0 0.50545102575269163 0.017063415469552257
88 128 0 0.50524430059773828 0.015010305675909885
96 128 0 0.50460322724885232 0.012556433175113679
104 128 0 0.50404239547433372 0.013604123677435465
112 128 0 0.50148524558766161 0.010628670551526609
120 128 0 0.49789508750239336 0.0066880168622586722
128 128 0 0.49425820365729312 0.0036368838451002472
136 128 0 0.49087550133088803 0.0033827023264050848
144 128 0 0.48788339916308537 0.0029921021678026571
152 128 0 0.48537049428373291 0.0025129048793524622
160 128 0 0.48339228271418516 0.0033485858102816346
168 128 0 0.48198284896591265 0.0042656156128763612
176 128 0 0.48116235525700313 0.0049060056437025823
184 128 0 0.48094065544946429 0.0052822293852147206
192 128 0 0.48131877009743096 0.0054052143132380381
200 128 0 0.48228855809190224 0.0052860879782947179
208 128 0 0.48383057494368059 0.0049377861741705109
216 128 0 0.48591054514365928 0.0043769052040614764
224 128 0 0.48847543526949777 0.003625736726316886
232 128 0 0.49145050904824555 0.0032882797486035176
240 128 0 0.49473878879684907 0.0034850857035000904
248 128 0 0.49822387450034916 0.0035522509993013984
256 128 0 0.50177612549965056 0.0035522509993013984
264 128 0 0.50526121120315115 0.00348508570350059
272 128 0 0.50854949095175495 0.0032882797486037951
280 128 0 0.51152456473050312 0.0036257367263166085
288 128 0 0.5140894548563415 0.004376905204061754
296 128 0 0.51616942505632024 0.0049377861741701778
304 128 0 0.51771144190809826 0.0052860879782942183
312 128 0 0.5186812299025696 0.0054052143132380381
320 128 0 0.5190593445505356 0.0052822293852156088
328 128 0 0.51883764474299698 0.0049060056437028043
336 128 0 0.51801715103408774 0.0042656156128761946
344 128 0 0.51660771728581489 0.0033485858102817456
352 128 0 0.51462950571626653 0.0025129048793525177
360 128 0 0.51211660083691402 0.0029921021678023241
368 128 0 0.50912449866911169 0.0033827023264055844
376 128 0 0.50574179634270611 0.0036368838450995256
384 128 0 0.50210491249760658 0.0066880168622587277
392 128 0 0.49851475441233872 0.010628670551527108
400 128 0 0.49595760452566684 0.013604123677435631
408 128 0 0.49539677275114802 0.012556433175113679
416 128 0 0.49475569940226222 0.015010305675909941
424 128 0 0.49454897424730843 0.017063415469552201
432 128 1 0.48869114976935951 0.015508255929757742
436 128 1 0.48700385915747646 0.015708784918444685
440 128 1 0.48681948504779071 0.015572349321729018
444 128 1 0.48663371630309998 0.016326763506531949
448 128 1 0.48660736826517259 0.017706211621478007
452 128 1 0.48727905414376382 0.016497023148886569
456 128 1 0.48640534281101389 0.016117049964337604
460 128 1 0.4850523300443696 0.016804264125970747
464 128 1 0.48335875840557768 0.018316993894191225
468 128 1 0.48039261656992105 0.01609286911120783
472 128 1 0.47880063997761396 0.016435985380499341
476 128 1 0.47803952097692964 0.017633087434660133
480 128 2 0.47222624475708869 0.015042332770195399
482 128 2 0.47052544659748952 0.015020627716702706
484 128 2 0.46991514499971893 0.015380697159612267
486 128 2 0.46968868316146933 0.015703765513337908
488 128 2 0.46966866688289471 0.015969420421058145
490 128 2 0.46981243528259353 0.016203549491862312
492 128 2 0.47013463263848754 0.016433198541564165
494 128 2 0.47066556016192218 0.016646191023280466
496 128 2 0.4714282778402849 0.016676057409305112
498 128 2 0.47241836116633579 0.015631795238566781
500 128 2 0.47304447394455273 0.015413609478756696
502 128 2 0.47338217918103037 0.015399671369542456
504 128 2 0.47357261518236277 0.015452739717420838
506 128 2 0.47368452392992905 0.01549421451076155
508 128 2 0.47374834482339445 0.015520556018510823
510 128 2 0.47377736742143955 0.015533053782112338
0 130 2 0.51075170281551274 0.015470929763047869
2 130 2 0.51078965529606701 0.015461999880538646
4 130 2 0.51087184145925157 0.015443634610819434
6 130 2 0.51100788292268129 0.015419501894956111
8 130 2 0.51122141133863797 0.015396409480331608
10 130 2 0.51154191657669057 0.015413609478756696
12 130 2 0.5120219490333433 0.015559689800320853
14 130 2 0.51266099717084579 0.015910724988869362
16 130 2 0.51330681469188866 0.016027625146189162
18 130 2 0.51385895374640367 0.016006413615108794
20 130 2 0.51429752490153069 0.015890039815875667
22 130 2 0.51462849615059592 0.015702836966509426
24 130 2 0.51489986123654397 0.015411455601986535
26 130 2 0.51516005792322161 0.015005092333060799
28 130 2 0.51560286874219896 0.014626551196902149
30 130 2 0.51688789723997375 0.014606045298502179
480 130 2 0.4831121027600262 0.014606045298502124
482 130 2 0.48439713125780087 0.014626551196902315
484 130 2 0.48483994207677827 0.015005092333060799
486 130 2 0.48510013876345598 0.015411455601986646
488 130 2 0.48537150384940408 0.01570283696650937
490 130 2 0.4857024750984692 0.015890039815875667
492 130 2 0.48614104625359617 0.016006413615108628
494 130 2 0.48669318530811129 0.016027625146189106
496 130 2 0.48733900282915421 0.015910724988869307
498 130 2 0.4879780509666567 0.015559689800320908
500 130 2 0.48845808342330943 0.015413609478756696
502 130 2 0.48877858866136198 0.015396409480331608
504 130 2 0.48899211707731877 0.015419501894956
506 130 2 0.48912815854074854 0.01544363461081949
508 130 2 0.4892103447039331 0.015461999880538646
510 130 2 0.48924829718448737 0.015470929763047814
0 132 2 0.49535564123555725 0.015396061579955489
2 132 2 0.49539844364384716 0.015391211652219849
4 132 2 0.49549413382671192 0.01537770763253965
6 132 2 0.49563954095450169 0.0153683419681796
8 132 2 0.49586616540477579 0.015355245933862172
10 132 2 0.49616320885270088 0.015378707723989693
12 132 2 0.49657885247755301 0.015443096555790292
14 132 2 0.49707128914673593 0.015589708024109861
16 132 2 0.49763427174390684 0.015672542947981816
18 132 2 0.49815372205481029 0.01570523169159338
20 132 2 0.49866458274874575 0.015632942152784934
22 132 2 0.49911560401681238 0.01551289213378354
24 132 2 0.49961560187067428 0.01528425936586969
26 132 2 0.50015496559016082 0.015155924701608703
28 132 2 0.50097631754529681 0.014991650578917826
30 132 2 0.50228185194147157 0.015357619108751608
32 132 2 0.50444409267703327 0.017516386346036916
34 132 2 0.50523799940828018 0.016722479614790009
36 132 2 0.5054718919516128 0.015727468070773298
38 132 2 0.50553680669822976 0.015662553324156336
40 132 2 0.50509816935308904 0.014509214076989685
42 132 2 0.50392620548561684 0.015681177944461888
44 132 1 0.49832424770023104 0.018316993894191225
48 132 1 0.49814340582965977 0.016804264125970692
52 132 1 0.49747760722464851 0.016117049964337604
56 132 1 0.49622392270734933 0.017740136350315683
60 132 1 0.49629164028446454 0.017807853927430894
64 132 1 0.49716077050019047 0.016205513196709598
68 132 1 0.49763117605531088 0.016153520936291244
72 132 1 0.49886945026496521 0.01412669057755811
76 132 1 0.50009332749610225 0.01513647398140322
432 132 1 0.49990667250389742 0.015136473981403387
436 132 1 0.50113054973503457 0.01412669057755811
440 132 1 0.50236882394468874 0.016153520936291188
444 132 1 0.50283922949980953 0.016205513196709542
448 132 1 0.50370835971553563 0.017807853927430783
452 132 1 0.50377607729265039 0.017740136350316016
456 132 1 0.50252239277535149 0.016117049964337604
460 132 1 0.50185659417034034 0.016804264125970747
464 132 1 0.50167575229976891 0.018316993894191225
468 132 2 0.49607379451438299 0.015681177944461944
470 132 2 0.4949018306469109 0.014509214076989851
472 132 2 0.49446319330177024 0.015662553324156281
474 132 2 0.49452810804838709 0.015727468070773132
476 132 2 0.49476200059171971 0.016722479614790065
478 132 2 0.49555590732296662 0.017516386346036972
480 132 2 0.49771814805852832 0.015357619108751663
482 132 2 0.49902368245470319 0.014991650578917715
484 132 2 0.49984503440983907 0.015155924701608758
486 132 2 0.50038439812932578 0.015284259365869801
488 132 2 0.50088439598318757 0.015512892133783485
490 132 2 0.50133541725125419 0.01563294215278499
492 132 2 0.50184627794518966 0.015705231691593491
494 132 2 0.50236572825609316 0.015672542947981871
496 132 2 0.50292871085326407 0.015589708024109861
498 132 2 0.50342114752244704 0.015443096555790348
500 132 2 0.50383679114729918 0.015378707723989749
502 132 2 0.50413383459522421 0.015355245933862227
504 132 2 0.50436045904549842 0.015368341968179655
506 132 2 0.50450586617328808 0.015377707632539539
508 132 2 0.504601556356153 0.015391211652219905
510 132 2 0.50464435876444291 0.015396061579955544
0 134 2 0.48004964514258952 0.015305996092967733
2 134 2 0.48008912510541146 0.015309318538435701
4 134 2 0.48020554827265916 0.015288585554052769
6 134 2 0.48033515981452723 0.015304381139974454
8 134 2 0.48059585698899965 0.015270308415776146
10 134 2 0.48083847550733461 0.015328010703318351
12 134 2 0.48125837879594119 0.015320473681611824
14 134 2 0.48162904376918075 0.015457831644646036
16 134 2 0.48220573660126415 0.015428535142642696
18 134 2 0.48263603023225637 0.015523815072956304
20 134 2 0.4832561381260862 0.015408444622659556
22 134 2 0.48370719597452805 0.015512490260685963
24 134 2 0.48443432145209903 0.015181280418575249
26 134 2 0.48499904088855211 0.015419128020748296
28 134 2 0.48598466696637899 0.014991650578917826
30 134 2 0.48692423283271996 0.015735115220690654
32 134 2 0.48838436682345177 0.016059725853581508
34 134 2 0.4891534488896595 0.016084550518620677
36 134 2 0.4899712207699411 0.015500671181671699
38 134 2 0.49042293043305291 0.015456121264251166
40 134 2 0.49134286058564153 0.014062388933652026
42 134 2 0.49269216484886236 0.015411693196872855
468 134 2 0.50730783515113753 0.015411693196872744
470 134 2 0.50865713941435842 0.014062388933651859
472 134 2 0.50957706956694704 0.01545612126425111
474 134 2 0.51002877923005885 0.015500671181671755
476 134 2 0.5108465511103405 0.016084550518620788
478 134 2 0.51161563317654812 0.016059725853581508
480 134 2 0.51307576716727998 0.01573511522069071
482 134 2 0.5140153330336209 0.014991650578917715
484 134 2 0.51500095911144783 0.015419128020748296
486 134 2 0.51556567854790092 0.015181280418575138
488 134 2 0.51629280402547184 0.015512490260685907
490 134 2 0.51674386187391363 0.015408444622659445
492 134 2 0.51736396976774346 0.015523815072956304
494 134 2 0.51779426339873569 0.01542853514264253
496 134 2 0.5183709562308193 0.015457831644645981
498 134 2 0.51874162120405876 0.015320473681611713
500 134 2 0.51916152449266539 0.015328010703318351
502 134 2 0.51940414301100035 0.015270308415776146
504 134 2 0.51966484018547277 0.015304381139974343
506 134 2 0.51979445172734084 0.015288585554052769
508 134 2 0.51991087489458843 0.015309318538435424
510 134 2 0.51995035485741048 0.015305996092967566
0 136 1 0.46485565520486066 0.015213729919139773
4 136 1 0.46505982664340506 0.015210527400188134
8 136 1 0.46551046480401626 0.015206701444150927
12 136 1 0.46617121212453472 0.015272499158026254
16 136 1 0.46711221515930007 0.01530866825746019
20 136 1 0.46819470571384209 0.015286961336465066
24 136 1 0.46957991286780382 0.015136768302521753
28 136 1 0.47118911761202931 0.015265332287520139
32 136 1 0.47315243199804169 0.015616475858514001
36 136 1 0.47496680916880174 0.015230266432695261
40 136 1 0.4772804716519895 0.014737041065262413
44 136 1 0.48038435335722218 0.017939894343008855
48 136 1 0.48194870736615603 0.016194698463503743
52 136 1 0.48203440926439717 0.015443197960251343
56 136 0 0.47848378635703365 0.017773995138873233
64 136 0 0.48147765511901963 0.015918318158731071
72 136 0 0.48495685351469903 0.014524535365834756
80 136 0 0.48905410947597727 0.016396916276714357
88 136 0 0.49133423779569946 0.013910062802038825
96 136 0 0.49269843570022831 0.011904791548624005
104 136 0 0.49342091533167565 0.010621480142658069
112 136 0 0.49313511569171242 0.0083501298959491876
120 136 0 0.49215929027327238 0.0057357972291209869
128 136 0 0.49087550133088803 0.0033827023264050848
136 136 0 0.48951796962424671 0.0013575317066413239
144 136 0 0.48824200044046601 0.0012759691837807008
152 136 0 0.48715242057702424 0.0017819262932913249
160 136 0 0.4863183586166363 0.0029260759024511418
168 136 0 0.48578519449766733 0.0038023455317546806
176 136 0 0.48558259771482215 0.0044202424578190236
184 136 0 0.48572941183846896 0.0047887563890046669
192 136 0 0.48623624557260381 0.00491747547517285
200 136 0 0.48710608793829091 0.0048175298463886684
208 136 0 0.48833321532116836 0.0045026403774877655
216 136 0 0.48990092660636086 0.0039903814627015866
224 136 0 0.49177894971689567 0.0033035144473979039
232 136 0 0.4939215479325717 0.0024710388843261488
240 136 0 0.49626730029986804 0.0024738663248133341
248 136 0 0.49874116662468138 0.0025176667506369155
256 136 0 0.50125883337531829 0.0025176667506369155
264 136 0 0.50373269970013246 0.0024738663248141668
272 136 0 0.50607845206742841 0.0024710388843265374
280 136 0 0.50822105028310505 0.0033035144473980704
288 136 0 0.51009907339363991 0.0039903814627015866
296 136 0 0.51166678467883231 0.004502640377487932
304 136 0 0.51289391206170931 0.004817529846388946
312 136 0 0.5137637544273963 0.0049174754751732941
320 136 0 0.51427058816153126 0.0047887563890043339
328 136 0 0.51441740228517785 0.0044202424578191346
336 136 0 0.51421480550233267 0.0038023455317550692
344 136 0 0.51368164138336359 0.0029260759024513083
352 136 0 0.5128475794229751 0.0017819262932914359
360 136 0 0.51175799955953305 0.0012759691837803677
368 136 0 0.51048203037575268 0.0013575317066409909
376 136 0 0.50912449866911169 0.0033827023264055844
384 136 0 0.50784070972672757 0.0057357972291209869
392 136 0 0.50686488430828758 0.0083501298959488546
400 136 0 0.50657908466832502 0.01062148014265818
408 136 0 0.5073015642997718 0.011904791548623783
416 136 0 0.50866576220430115 0.013910062802038936
424 136 0 0.51094589052402306 0.016396916276714635
432 136 0 0.51504314648530081 0.014524535365834756
440 136 0 0.51852234488097992 0.015918318158730793
448 136 0 0.52151621364296641 0.017773995138873455
456 136 1 0.517965590735603 0.015443197960251509
460 136 1 0.51805129263384397 0.016194698463503632
464 136 1 0.51961564664277804 0.017939894343009133
468 136 1 0.52271952834801028 0.014737041065262302
472 136 1 0.52503319083119815 0.015230266432695205
476 136 1 0.5268475680019582 0.01561647585851389
480 136 1 0.52881088238797069 0.01526533228752025
484 136 1 0.53042008713219613 0.015136768302521753
488 136 1 0.53180529428615775 0.01528696133646501
492 136 1 0.53288778484069976 0.015308668257460245
496 136 1 0.53382878787546528 0.015272499158026198
500 136 1 0.53448953519598374 0.015206701444150816
504 136 1 0.53494017335659472 0.015210527400187912
508 136 1 0.53514434479513928 0.015213729919139829
0 140 1 0.45011429807843772 0.014741357126422938
4 140 1 0.45029328580620864 0.014766540837196418
8 140 1 0.45081116215131473 0.014699302652701529
12 140 1 0.45136649119653982 0.014804720927994897
16 140 1 0.45242310744873793 0.014689107710562144
20 140 1 0.45335578011032535 0.014838925603516739
24 140 1 0.4549480058334423 0.014631907034361513
28 140 1 0.45628031986098005 0.014932688744118017
32 140 1 0.45840550987425033 0.014746922123791362
36 140 1 0.46003107983909308 0.015088833482708064
40 140 1 0.46265359943003487 0.014626872221954634
44 140 1 0.46484088566420406 0.01554346769301812
48 140 1 0.46787638546316263 0.014072321902993401
52 140 1 0.47066136329334313 0.015810288478456114
456 140 1 0.52933863670665704 0.015810288478456447
460 140 1 0.53212361453683754 0.014072321902993568
464 140 1 0.53515911433579577 0.015543467693017732
468 140 1 0.53734640056996519 0.014626872221954912
472 140 1 0.53996892016090714 0.015088833482708064
476 140 1 0.54159449012574967 0.014746922123791473
480 140 1 0.54371968013901995 0.014932688744117906
484 140 1 0.54505199416655781 0.01463190703436168
488 140 1 0.54664421988967449 0.014838925603516739
492 140 1 0.54757689255126207 0.01468910771056231
496 140 1 0.54863350880346007 0.014804720927994786
500 140 1 0.54918883784868544 0.014699302652701696
504 140 1 0.54970671419379102 0.014766540837196307
508 140 1 0.54988570192156194 0.014741357126422661
0 144 0 0.43592669327692213 0.014277098665401111
8 144 0 0.43682564602736951 0.014263180646557738
16 144 0 0.43863300289930263 0.014256440880229038
24 144 0 0.44134763111686204 0.014266531730349086
32 144 0 0.44494224635638502 0.014276048500286631
40 144 0 0.44940694641032269 0.014340296136796715
48 144 0 0.45485107481488701 0.014417799563365863
56 144 0 0.46131707429319252 0.017166712063841127
64 144 0 0.46643769049957878 0.015039964619440849
72 144 0 0.47120460232603545 0.013752251188663578
80 144 0 0.47573457877236974 0.013319530703607529
88 144 0 0.47943481836416346 0.011899419431535996
96 144 0 0.48239183194483404 0.010306603755394272
104 144 0 0.48468187678687907 0.0087390385447965735
112 144 0 0.48626554771920827 0.0068695679725041536
120 144 0 0.48727452456092796 0.0048847657123444188
128 144 0 0.48788339916308537 0.0029921021678026571
136 144 0 0.48824200044046595 0.0012759691837807563
144 144 0 0.48846910737005478 0.00022710692958882728
152 144 0 0.48865339059316948 0.0015009700161452422
160 144 0 0.48885845233272218 0.0025400937160858783
168 144 0 0.4891294327313514 0.0033442382336840715
176 144 0 0.48949881969058917 0.0039162219757670202
184 144 0 0.48999068783130018 0.0042612759928312149
192 144 0 0.49062322232121419 0.0043869767486103828
200 144 0 0.49140957938770546 0.0043034914494145537
208 144 0 0.49235732812822519 0.0040241128070568344
216 144 0 0.49346694298134669 0.0035660163749858254
224 144 0 0.49473000823754948 0.0029510585206538043
232 144 0 0.49612788459807722 0.002206336665505515
240 144 0 0.49763151096063674 0.001571235922644354
248 144 0 0.49920274688328109 0.0015945062334375426
256 144 0 0.50079725311671863 0.0015945062334375426
264 144 0 0.50236848903936349 0.0015712359226448536
272 144 0 0.50387211540192289 0.002206336665505515
280 144 0 0.50526999176245069 0.0029510585206543594
288 144 0 0.50653305701865403 0.0035660163749858809
296 144 0 0.50764267187177536 0.0040241128070569454
304 144 0 0.50859042061229442 0.0043034914494148868
312 144 0 0.50937677767878631 0.0043869767486099942
320 144 0 0.51000931216869982 0.004261275992831437
328 144 0 0.51050118030941083 0.0039162219757670202
336 144 0 0.51087056726864877 0.0033442382336839049
344 144 0 0.51114154766727726 0.0025400937160863224
352 144 0 0.51134660940683041 0.0015009700161446871
360 144 0 0.51153089262994456 0.00022710692958849421
368 144 0 0.51175799955953305 0.0012759691837803677
376 144 0 0.51211660083691402 0.0029921021678023241
384 144 0 0.51272547543907199 0.0048847657123444188
392 144 0 0.51373445228079195 0.0068695679725043757
400 144 0 0.51531812321312109 0.0087390385447960739
408 144 0 0.51760816805516618 0.010306603755394383
416 144 0 0.52056518163583632 0.011899419431535163
424 144 0 0.52426542122763031 0.013319530703607252
432 144 0 0.52879539767396477 0.013752251188663966
440 144 0 0.53356230950042116 0.015039964619441237
448 144 0 0.5386829257068072 0.017166712063840794
456 144 0 0.54514892518511349 0.014417799563366085
464 144 0 0.55059305358967725 0.014340296136796771
472 144 0 0.5550577536436152 0.014276048500286853
480 144 0 0.55865236888313785 0.014266531730348975
488 144 0 0.56136699710069726 0.014256440880228927
496 144 0 0.56317435397263038 0.014263180646557627
504 144 0 0.56407330672307721 0.014277098665400723
0 152 0 0.42387544963370732 0.012051243643214804
8 152 0 0.42479489833318723 0.012030747694182276
16 152 0 0.42663018102349098 0.012002821875811642
24 152 0 0.42936791265623137 0.011979718460630673
32 152 0 0.43297718323984813 0.011965063116536889
40 152 0 0.43741080878698679 0.011996137623335901
48 152 0 0.44261794105681962 0.012233133758067394
56 152 0 0.44841650849001508 0.012900565803177444
64 152 0 0.45412924718466363 0.012308443314915152
72 152 0 0.45965936045762429 0.01154524186841116
80 152 0 0.4649102905767557 0.01082428819561404
88 152 0 0.46967349602821362 0.0097613223359498402
96 152 0 0.47389417463476174 0.008497657310072293
104 152 0 0.47755806242847332 0.0071238143584057556
112 152 0 0.48065446837506609 0.005611079344142178
120 152 0 0.48323228555699521 0.004042239003932746
128 152 0 0.48537049428373291 0.0025129048793524622
136 152 0 0.48715242057702418 0.0017819262932912694
144 152 0 0.48865339059316948 0.0015009700161452977
152 152 0 0.4899353626654 0.0012819720722305195
160 152 0 0.4910468047098448 0.0021883523771226154
168 152 0 0.49202542957923268 0.002895996847881277
176 152 0 0.49290164796123814 0.0034028282706489721
184 152 0 0.49370151080148333 0.0037108229701831585
192 152 0 0.49444858939648562 0.0038253670752714242
200 152 0 0.49516464895351719 0.0037550695658117306
208 152 0 0.49586924801316029 0.0035119198849350997
216 152 0 0.49657860468021886 0.0031116616988721701
224 152 0 0.49730421281706494 0.00257420457951546
232 152 0 0.4980517417759015 0.0019238571778242841
240 152 0 0.49882068499634108 0.0011891740357043434
248 152 0 0.49960503234628117 0.00078993530743753926
256 152 0 0.50039496765371871 0.00078993530743753926
264 152 0 0.50117931500365953 0.0011891740357039549
272 152 0 0.5019482582240985 0.0019238571778243951
280 152 0 0.50269578718293517 0.0025742045795155155
288 152 0 0.50342139531978103 0.0031116616988730028
296 152 0 0.50413075198683999 0.0035119198849353772
304 152 0 0.50483535104648303 0.0037550695658113975
312 152 0 0.50555141060351427 0.0038253670752720348
320 152 0 0.50629848919851683 0.003710822970182992
328 152 0 0.50709835203876197 0.0034028282706488611
336 152 0 0.50797457042076744 0.0028959968478813325
344 152 0 0.50895319529015504 0.0021883523771222269
352 152 0 0.51006463733460039 0.0012819720722300199
360 152 0 0.51134660940683041 0.0015009700161446871
368 152 0 0.5128475794229751 0.0017819262932914359
376 152 0 0.51462950571626653 0.0025129048793525177
384 152 0 0.5167677144430044 0.004042239003932413
392 152 0 0.51934553162493358 0.0056110793441416229
400 152 0 0.5224419375715269 0.0071238143584058111
408 152 0 0.52610582536523787 0.0084976573100716823
416 152 0 0.53032650397178638 0.0097613223359500623
424 152 0 0.53508970942324419 0.010824288195613874
432 152 0 0.5403406395423761 0.011545241868411327
440 152 0 0.5458707528153367 0.01230844331491554
448 152 0 0.5515834915099852 0.012900565803177999
456 152 0 0.55738205894318038 0.012233133758066894
464 152 0 0.56258919121301276 0.011996137623335512
472 152 0 0.56702281676015187 0.011965063116536667
480 152 0 0.57063208734376858 0.011979718460630728
488 152 0 0.57336981897650863 0.012002821875811365
496 152 0 0.57520510166681238 0.012030747694181998
504 152 0 0.5761245503662924 0.012051243643215193
0 160 0 0.41413559363162267 0.009739856002084657
8 160 0 0.41507239256151707 0.0097225057716701646
16 160 0 0.41693641851174085 0.0096937625117501369
24 160 0 0.41970626431728508 0.0096616483389462826
32 160 0 0.42334356517182964 0.0096336180680184902
40 160 0 0.42778582483900107 0.0096249839479857213
48 160 0 0.43293832111523417 0.0096796199415854489
56 160 0 0.43863677631144293 0.0097797321785721425
64 160 0 0.44459021121408748 0.0095390359705761485
72 160 0 0.4505759959445329 0.0090833645130913854
80 160 0 0.45643017518289292 0.008480115393862786
88 160 0 0.46200356279876292 0.0076699332294506983
96 160 0 0.4671997340701679 0.0066944405645938398
104 160 0 0.47195697535360148 0.0056010870748718355
112 160 0 0.47623909497149458 0.0044153734035715098
120 160 0 0.48004369690390353 0.0038046019324089464
128 160 0 0.48339228271418516 0.0033485858102816346
136 160 0 0.4863183586166363 0.0029260759024511418
144 160 0 0.48885845233272218 0.0025400937160858783
152 160 0 0.4910468047098448 0.0021883523771226154
160 160 0 0.49291367145231552 0.0018668667424707186
168 160 0 0.49448604625229881 0.0024606166730661294
176 160 0 0.49578939270281902 0.0028877447415808777
184 160 0 0.49684935505095468 0.0031478442494713432
192 160 0 0.49769287490705005 0.0032442855105644375
200 160 0 0.49834849703100564 0.0031838480774884492
208 160 0 0.49884590422048203 0.0029766562073217373
216 160 0 0.49921490345909608 0.0026362987788772219
224 160 0 0.49948419862572568 0.0021799858086607449
232 160 0 0.49968032060262707 0.0016285788267255685
240 160 0 0.49982703477640278 0.0010063497800616994
248 160 0 0.49994541440685464 0.0003403820605734631
256 160 0 0.50005458559314497 0.00034038206057374065
264 160 0 0.500172965223597 0.0010063497800625321
272 160 0 0.5003196793973731 0.001628578826725402
280 160 0 0.50051580137427454 0.0021799858086606339
288 160 0 0.50078509654090375 0.0026362987788772774
296 160 0 0.50115409577951808 0.0029766562073219038
304 160 0 0.50165150296899452 0.0031838480774885047
312 160 0 0.50230712509294961 0.0032442855105646595
320 160 0 0.50315064494904516 0.0031478442494716763
328 160 0 0.50421060729718103 0.0028877447415809332
336 160 0 0.50551395374770136 0.0024606166730660739
344 160 0 0.50708632854768443 0.0018668667424706076
352 160 0 0.50895319529015504 0.0021883523771222269
360 160 0 0.51114154766727726 0.0025400937160863224
368 160 0 0.51368164138336359 0.0029260759024513083
376 160 0 0.51660771728581489 0.0033485858102816346
384 160 0 0.51995630309609653 0.0038046019324087244
392 160 0 0.52376090502850525 0.0044153734035716763
400 160 0 0.5280430246463983 0.0056010870748713915
408 160 0 0.5328002659298321 0.0066944405645942284
416 160 0 0.53799643720123735 0.0076699332294509759
424 160 0 0.54356982481710658 0.0084801153938623974
432 160 0 0.54942400405546732 0.0090833645130912188
440 160 0 0.55540978878591252 0.0095390359705758154
448 160 0 0.5613632236885574 0.009779732178572198
456 160 0 0.56706167888476544 0.0096796199415850603
464 160 0 0.57221417516099837 0.0096249839479856103
472 160 0 0.57665643482817008 0.0096336180680182126
480 160 0 0.58029373568271492 0.0096616483389463381
488 160 0 0.5830635814882591 0.00969376251175047
496 160 0 0.5849276074384826 0.0097225057716702201
504 160 0 0.58586440636837678 0.0097398560020843794
0 168 0 0.40675896631071395 0.007376627320908713
8 168 0 0.40770963241353048 0.0073627601479865912
16 168 0 0.40959869739890803 0.0073377211128328179
24 168 0 0.41240028619644858 0.0073059781208364982
32 168 0 0.41607126273636824 0.0072723024354613974
40 168 0 0.42054489284499835 0.0072409319940027195
48 168 0 0.42572294185745013 0.0072153792577840381
56 168 0 0.43146454508713594 0.0071722312243069908
64 168 0 0.437579493350919 0.0070107178631684808
72 168 0 0.44387160221218525 0.0067043937323476577
80 168 0 0.45017273377051076 0.0063011315583255123
88 168 0 0.4563380725662663 0.0061653387957555372
96 168 0 0.46225143552100811 0.0059133629547418187
104 168 0 0.46782378133086316 0.0055723458098550505
112 168 0 0.4729917076157607 0.0051679262848975394
120 168 0 0.47771723335303629 0.0047255257372755821
128 168 0 0.48198284896591265 0.0042656156128763612
136 168 0 0.48578519449766738 0.0038023455317547361
144 168 0 0.4891294327313514 0.003344238233684016
152 168 0 0.49202542957923268 0.002895996847881277
160 168 0 0.49448604625229875 0.0024606166730660739
168 168 0 0.49652703939421478 0.0020409931419160254
176 168 0 0.49816776449820332 0.0023783717953843042
184 168 0 0.49943198620688611 0.0025826311559314363
192 168 0 0.50034834794646155 0.0026554730394114934
200 168 0 0.50095029781220779 0.002601800781202146
208 168 0 0.50127546537435397 0.0024295611538719397
216 168 0 0.50136462824037731 0.0021497247812812259
224 168 0 0.5012604950171794 0.0017762963914537133
232 168 0 0.50100655849880993 0.001326237896182858
240 168 0 0.50064623810994979 0.00081920333354701391
248 168 0 0.50022244198365273 0.00044488396730596458
256 168 0 0.49977755801634677 0.00044488396730596458
264 168 0 0.49935376189005043 0.00081920333354656982
272 168 0 0.49899344150119002 0.0013262378961830801
280 168 0 0.49873950498282055 0.0017762963914539909
288 168 0 0.4986353717596228 0.0021497247812809483
296 168 0 0.49872453462564609 0.0024295611538719952
304 168 0 0.49904970218779215 0.002601800781202368
312 168 0 0.49965165205353856 0.0026554730394110493
320 168 0 0.500568013793114 0.0025826311559311588
328 168 0 0.50183223550179701 0.0023783717953840267
336 168 0 0.50347296060578539 0.0020409931419160809
344 168 0 0.50551395374770147 0.0024606166730659629
352 168 0 0.50797457042076744 0.0028959968478813325
360 168 0 0.51087056726864877 0.003344238233684016
368 168 0 0.51421480550233278 0.0038023455317549582
376 168 0 0.51801715103408774 0.0042656156128760836
384 168 0 0.52228276664696383 0.0047255257372753601
392 168 0 0.52700829238423919 0.0051679262848975949
400 168 0 0.53217621866913678 0.005572345809855217
408 168 0 0.537748564478992 0.0059133629547415412
416 168 0 0.54366192743373354 0.0061653387957555372
424 168 0 0.54982726622948908 0.0063011315583259009
432 168 0 0.55612839778781498 0.0067043937323476577
440 168 0 0.56242050664908094 0.0070107178631684253
448 168 0 0.56853545491286361 0.0071722312243062136
456 168 0 0.5742770581425497 0.0072153792577842601
464 168 0 0.57945510715500159 0.0072409319940032191
472 168 0 0.58392873726363181 0.0072723024354617305
480 168 0 0.58759971380355125 0.0073059781208363317
488 168 0 0.59040130260109192 0.0073377211128328179
496 168 0 0.59229036758646914 0.0073627601479865357
504 168 0 0.59324103368928605 0.0073766273209092681
0 176 0 0.40178704577636642 0.0049719205343475292
8 176 0 0.40274871213834407 0.004960920275186409
16 176 0 0.40465834395059536 0.0049403534483126732
24 176 0 0.40748742579283265 0.0049128604036159373
32 176 0 0.41118987687619096 0.0048813858601772786
40 176 0 0.4156976639299822 0.0052180651188764027
48 176 0 0.4209157290488586 0.0058024383804397561
56 176 0 0.42671816742929836 0.0062320022160086697
64 176 0 0.43295016964530703 0.0064942384568619782
72 176 0 0.439444408102169 0.0065979517130704823
80 176 0 0.44604235981523949 0.0065979517130704823
88 176 0 0.45260046838812656 0.006558108572887078
96 176 0 0.45899405968637119 0.0063935912982446275
104 176 0 0.46511936644767005 0.0061253067612988543
112 176 0 0.47089405219913816 0.0057746857514681116
120 176 0 0.47625634961330049 0.0053622974141623314
128 176 0 0.48116235525700307 0.0049060056437025823
136 176 0 0.48558259771482215 0.0044202424578190791
144 176 0 0.48949881969058917 0.0039162219757670202
152 176 0 0.49290164796123814 0.0034028282706489721
160 176 0 0.49578939270281897 0.0028877447415808222
168 176 0 0.49816776449820332 0.0023783717953843597
176 176 0 0.50005007580123173 0.0018823113030284055
184 176 0 0.50145750096559294 0.0020255147587068256
192 176 0 0.50241909230546777 0.0020707443590062269
200 176 0 0.5029714014555311 0.0020211036433233076
208 176 0 0.50315769226608964 0.0018822268917356721
216 176 0 0.50302683564349548 0.0016622074031181766
224 176 0 0.50263204034211384 0.0013715453249344423
232 176 0 0.50202959334994035 0.0010230348511304221
240 176 0 0.50127776017679715 0.0008418236635104881
248 176 0 0.50043593651328666 0.00087187302657348864
256 176 0 0.49956406348671317 0.00087187302657348864
264 176 0 0.49872223982320302 0.00084182366351015503
272 176 0 0.49797040665005954 0.0010230348511304777
280 176 0 0.49736795965788594 0.0013715453249346088
288 176 0 0.49697316435650452 0.0016622074031182876
296 176 0 0.49684230773391053 0.0018822268917355611
304 176 0 0.49702859854446912 0.0020211036433230301
312 176 0 0.4975809076945325 0.0020707443590060604
320 176 0 0.49854249903440695 0.0020255147587070477
328 176 0 0.49994992419876844 0.0018823113030286831
336 176 0 0.50183223550179712 0.0023783717953840267
344 176 0 0.50421060729718115 0.0028877447415808222
352 176 0 0.50709835203876197 0.00340282827064875
360 176 0 0.51050118030941072 0.0039162219757670202
368 176 0 0.51441740228517774 0.0044202424578192456
376 176 0 0.51883764474299698 0.0049060056437028043
384 176 0 0.52374365038669979 0.00536229741416272
392 176 0 0.52910594780086251 0.0057746857514678895
400 176 0 0.5348806335523304 0.0061253067612984102
408 176 0 0.54100594031362881 0.006393591298245016
416 176 0 0.54739953161187382 0.0065581085728864119
424 176 0 0.55395764018476024 0.0065979517130707599
432 176 0 0.560555591897831 0.0065979517130707599
440 176 0 0.56704983035469325 0.0064942384568622558
448 176 0 0.57328183257070175 0.0062320022160085031
456 176 0 0.5790842709511419 0.0058024383804401447
464 176 0 0.58430233607001869 0.0052180651188767913
472 176 0 0.5888101231238092 0.0048813858601773896
480 176 0 0.59251257420716696 0.0049128604036157153
488 176 0 0.59534165604940437 0.0049403534483124512
496 176 0 0.59725128786165549 0.0049609202751863535
504 176 0 0.59821295422363319 0.0049719205343471407
0 184 0 0.39925693116528149 0.0025301146110849326
8 184 0 0.40022689552544877 0.0025218166128953001
16 184 0 0.40215202634942904 0.002849798882278709
24 184 0 0.40500182523170775 0.0037258399256108743
32 184 0 0.40872766515731862 0.0045321800660484413
40 184 0 0.41325984522336706 0.0052447373502341188
48 184 0 0.41850458257360118 0.00583819449891404
56 184 0 0.42434277707251522 0.0062911659468548597
64 184 0 0.43063394301937008 0.0065930606862101837
72 184 0 0.43722700370558026 0.0067462565437061417
80 184 0 0.44397326024928641 0.0067603805401276196
88 184 0 0.45073364078941403 0.0067603805401276196
96 184 0 0.45738288814675471 0.0066492473573406818
104 184 0 0.46381195902598954 0.0064290708792348328
112 184 0 0.46992889592804499 0.0061169369020554476
120 184 0 0.47565842606424952 0.0057295301362045303
128 184 0 0.48094065544946418 0.0052822293852146651
136 184 0 0.48572941183846891 0.0047887563890047224
144 184 0 0.48999068783130018 0.0042612759928312705
152 184 0 0.49370151080148328 0.003710822970183103
160 184 0 0.49684935505095462 0.0031478442494713432
168 184 0 0.49943198620688611 0.0025826311559314918
176 184 0 0.50145750096559305 0.0020255147587069366
184 184 0 0.50294431462488898 0.0014868136592960379
192 184 0 0.5039209126093982 0.0015018203039304234
200 184 0 0.5044252741668761 0.0014538727113450056
208 184 0 0.50450396559298838 0.0013462733268987392
216 184 0 0.50421096992973835 0.0011841342862428661
224 184 0 0.50360636220268928 0.00097432186057544445
232 184 0 0.502754951357677 0.0010299576644891006
240 184 0 0.5017249936931879 0.0011379500594275171
248 184 0 0.50058704363376039 0.0011740872675208291
256 184 0 0.49941295636623956 0.0011740872675208291
264 184 0 0.49827500630681176 0.0011379500594277947
272 184 0 0.49724504864232288 0.0010299576644888786
280 184 0 0.49639363779731055 0.00097432186057538894
288 184 0 0.49578903007026126 0.0011841342862432547
296 184 0 0.49549603440701134 0.0013462733268991833
304 184 0 0.49557472583312401 0.0014538727113451166
312 184 0 0.49607908739060169 0.001501820303930812
320 184 0 0.49705568537511069 0.00148681365929626
328 184 0 0.49854249903440695 0.0020255147587070477
336 184 0 0.500568013793114 0.0025826311559312698
344 184 0 0.50315064494904527 0.0031478442494714542
352 184 0 0.50629848919851672 0.003710822970182992
360 184 0 0.51000931216869971 0.004261275992831548
368 184 0 0.51427058816153126 0.0047887563890043339
376 184 0 0.5190593445505356 0.0052822293852154978
384 184 0 0.52434157393575109 0.0057295301362046969
392 184 0 0.53007110407195579 0.0061169369020553921
400 184 0 0.53618804097401118 0.0064290708792341666
408 184 0 0.54261711185324535 0.0066492473573411814
416 184 0 0.54926635921058653 0.0067603805401269534
424 184 0 0.55602673975071348 0.0067603805401269534
432 184 0 0.56277299629441968 0.0067462565437061972
440 184 0 0.56936605698063025 0.0065930606862105723
448 184 0 0.57565722292748467 0.0062911659468544157
456 184 0 0.5814954174263991 0.0058381944989144285
464 184 0 0.58674015477663344 0.0052447373502343408
472 184 0 0.59127233484268105 0.0045321800660476086
480 184 0 0.59499817476829153 0.0037258399256104857
488 184 0 0.59784797365057085 0.0028497988822793197
496 184 0 0.59977310447455079 0.0025218166128953001
504 184 0 0.60074306883471862 0.0025301146110854322
0 192 0 0.39920147980930371 0.0024483421610484446
8 192 0 0.40017720339635443 0.0024527881794240147
16 192 0 0.40211228648510794 0.0028621589485665067
24 192 0 0.40497444543367445 0.0037374224517728871
32 192 0 0.40871186788544733 0.0045394724598253888
40 192 0 0.41325134034527272 0.0052449042407129998
48 192 0 0.41849624458598572 0.0058296713025915436
56 192 0 0.42432591588857727 0.0062761679285638916
64 192 0 0.43060208381714116 0.0065786384418424215
72 192 0 0.43718072225898358 0.0067410724786441945
80 192 0 0.44392179473762777 0.0067726221551822618
88 192 0 0.45069441689281003 0.0067726221551822618
96 192 0 0.45737942595039499 0.0066850090575849563
104 192 0 0.46387063431896258 0.0064912083685675914
112 192 0 0.47007521952203091 0.0062045852030683246
120 192 0 0.47591355578419287 0.0058383362621619583
128 192 0 0.4813187700974309 0.0054052143132380381
136 192 0 0.48623624557260375 0.00491747547517285
144 192 0 0.49062322232121414 0.0043869767486103828
152 192 0 0.49444858939648556 0.0038253670752714242
160 192 0 0.49769287490705 0.0032442855105644375
168 192 0 0.50034834794646155 0.0026554730394115489
176 192 0 0.50241909230546788 0.0020707443590063379
184 192 0 0.50392091260939831 0.0015018203039304234
192 192 0 0.50488097406056653 0.00096006145116833697
200 192 0 0.50533713461047591 0.00091186044359981011
208 192 0 0.50533698450355491 0.00083301891056652977
216 192 0 0.50493665128691567 0.00073719811614214592
224 192 0 0.50419945317077353 0.0010049643541650832
232 192 0 0.50319448881660844 0.001199249831657645
240 192 0 0.5019952389849508 0.0013170096495020989
248 192 0 0.5006782293354487 0.0013564586708979531
256 192 0 0.49932177066455075 0.0013564586708979531
264 192 0 0.49800476101504909 0.0013170096495016548
272 192 0 0.49680551118339134 0.001199249831657756
280 192 0 0.49580054682922653 0.0010049643541648057
288 192 0 0.49506334871308399 0.0007371981161425345
296 192 0 0.49466301549644492 0.00083301891056641875
304 192 0 0.49466286538952392 0.00091186044360008767
312 192 0 0.49511902593943313 0.00096006145116855901
320 192 0 0.49607908739060169 0.001501820303930812
328 192 0 0.4975809076945325 0.0020707443590060604
336 192 0 0.49965165205353856 0.0026554730394110493
344 192 0 0.50230712509294961 0.0032442855105646595
352 192 0 0.50555141060351427 0.0038253670752720348
360 192 0 0.50937677767878631 0.0043869767486098832
368 192 0 0.51376375442739619 0.0049174754751732941
376 192 0 0.51868122990256949 0.0054052143132380381
384 192 0 0.52408644421580752 0.0058383362621617918
392 192 0 0.52992478047796931 0.0062045852030687687
400 192 0 0.53612936568103808 0.0064912083685667588
408 192 0 0.54262057404960484 0.0066850090575852894
416 192 0 0.54930558310719013 0.0067726221551819288
424 192 0 0.55607820526237206 0.0067726221551819288
432 192 0 0.56281927774101626 0.0067410724786441945
440 192 0 0.5693979161828584 0.006578638441842144
448 192 0 0.57567408411142251 0.0062761679285641137
456 192 0 0.58150375541401456 0.0058296713025920432
464 192 0 0.58674865965472733 0.0052449042407127777
472 192 0 0.59128813211455289 0.0045394724598255554
480 192 0 0.595025554566325 0.00373742245177211
488 192 0 0.59788771351489134 0.0028621589485663401
496 192 0 0.59982279660364479 0.0024527881794237372
504 192 0 0.60079852019069568 0.0024483421610485001
0 200 0 0.40164982197035215 0.0049834309513777098
8 200 0 0.40262999157577845 0.004991547986824052
16 200 0 0.40456909101860244 0.0049861115807158796
24 200 0 0.40743452023971388 0.0049777645408950466
32 200 0 0.41117020289082096 0.0049620762991884892
40 200 0 0.41569691536390219 0.0052132466679881695
48 200 0 0.42091016203189036 0.0057664359972549595
56 200 0 0.42667659802914532 0.00617256354245177
64 200 0 0.43284916157159709 0.0064365388111085053
72 200 0 0.43928570038270559 0.0065709001757444097
80 200 0 0.44585660055845 0.0065881224869807076
88 200 0 0.45244472304543071 0.0065881224869807076
96 200 0 0.45894410124870633 0.0064993782032756187
104 200 0 0.4652590890625587 0.0063149878138523685
112 200 0 0.47130390222522051 0.0060448131626618107
120 200 0 0.47700247011360752 0.0056985678883870183
128 200 0 0.48228855809190219 0.0052860879782946624
136 200 0 0.48710608793829085 0.0048175298463886684
144 200 0 0.49140957938770541 0.0043034914494145537
152 200 0 0.49516464895351714 0.0037550695658117306
160 200 0 0.49834849703100564 0.0031838480774885047
168 200 0 0.5009502978122079 0.002601800781202257
176 200 0 0.5029714014555311 0.0020211036433231966
184 200 0 0.5044252741668761 0.0014538727113450056
192 200 0 0.50533713461047591 0.00091186044359981011
200 200 0 0.50574328363606891 0.00040614902559299448
208 200 0 0.50569015888563273 0.00045698856938625187
216 200 0 0.50523317031624648 0.00079778571530464415
224 200 0 0.50443538460094184 0.0010692586513828539
232 200 0 0.50336612594955898 0.0012665758913441572
240 200 0 0.50209955005821483 0.0013863202424887477
248 200 0 0.50071322981572608 0.0014264596314529365
256 200 0 0.49928677018427314 0.0014264596314529365
264 200 0 0.49790044994178473 0.0013863202424884147
272 200 0 0.49663387405044068 0.0012665758913440461
280 200 0 0.49556461539905788 0.0010692586513827984
288 200 0 0.49476682968375296 0.00079778571530492171
296 200 0 0.49430984111436693 0.00045698856938602983
304 200 0 0.49425671636393059 0.00040614902559332755
312 200 0 0.49466286538952392 0.00091186044360008767
320 200 0 0.49557472583312401 0.0014538727113451166
328 200 0 0.49702859854446912 0.0020211036433229745
336 200 0 0.4990497021877921 0.0026018007812024235
344 200 0 0.50165150296899452 0.0031838480774885047
352 200 0 0.50483535104648303 0.0037550695658113975
360 200 0 0.50859042061229442 0.0043034914494147758
368 200 0 0.5128939120617092 0.004817529846388946
376 200 0 0.51771144190809815 0.0052860879782942183
384 200 0 0.52299752988639236 0.0056985678883870738
392 200 0 0.52869609777477944 0.0060448131626623658
400 200 0 0.5347409109374418 0.0063149878138516469
408 200 0 0.54105589875129345 0.0064993782032759517
416 200 0 0.5475552769545694 0.0065881224869809296
424 200 0 0.55414339944155033 0.0065881224869809296
432 200 0 0.56071429961729435 0.0065709001757440211
440 200 0 0.56715083842840264 0.0064365388111082833
448 200 0 0.57332340197085419 0.0061725635424515479
456 200 0 0.57908983796810976 0.0057664359972555701
464 200 0 0.58430308463609781 0.0052132466679880585
472 200 0 0.58882979710917871 0.0049620762991886558
480 200 0 0.59256547976028517 0.0049777645408947135
488 200 0 0.59543090898139683 0.004986111580715713
496 200 0 0.59737000842422106 0.0049915479868242185
504 200 0 0.59835017802964718 0.0049834309513783204
0 208 0 0.40663325292172986 0.0075804525801727585
8 208 0 0.4076215395626025 0.0076065613195722137
16 208 0 0.40955520259931832 0.0075672226503551432
24 208 0 0.41241228478060893 0.0075323601217727743
32 208 0 0.41613227919000945 0.0074980349840660931
40 208 0 0.42062807670823993 0.0074587410744800242
48 208 0 0.42578157664358351 0.0073966426072523683
56 208 0 0.43142308303585508 0.0071966785016891466
64 208 0 0.4373856459890611 0.0068448687795704677
72 208 0 0.44353033334997688 0.0063649470787489615
80 208 0 0.44974636031211346 0.0062160269621365782
88 208 0 0.45593981275141049 0.0061934524392970314
96 208 0 0.46202621419509537 0.0060864014436848857
104 208 0 0.46792764127083397 0.0059014270757385967
112 208 0 0.47357192255769254 0.0056442812868585657
120 208 0 0.47889278876951008 0.0053208662118175432
128 208 0 0.48383057494368059 0.0049377861741705109
136 208 0 0.48833321532116836 0.0045026403774877655
144 208 0 0.49235732812822519 0.0040241128070568344
152 208 0 0.49586924801316035 0.0035119198849351552
160 208 0 0.49884590422048208 0.0029766562073217373
168 208 0 0.50127546537435397 0.0024295611538718842
176 208 0 0.50315769226608964 0.0018822268917356721
184 208 0 0.50450396559298849 0.0013462733268988503
192 208 0 0.50533698450355491 0.00083301891056641875
200 208 0 0.50569015888563273 0.00045698856938614085
208 208 0 0.5056067390202158 0.00046800083175557727
216 208 0 0.50513873818846022 0.00079303125031016108
224 208 0 0.50434570693815006 0.0010522936183331444
232 208 0 0.50329341331981692 0.0012409397839238112
240 208 0 0.50205247353589311 0.0013555091006414166
248 208 0 0.50069696443525169 0.001393928870504324
256 208 0 0.49930303556474737 0.001393928870504324
264 208 0 0.49794752646410623 0.0013555091006411391
272 208 0 0.49670658668018297 0.0012409397839232561
280 208 0 0.49565429306184927 0.0010522936183336995
288 208 0 0.49486126181153905 0.0007930312503102166
296 208 0 0.49439326097978314 0.00046800083175591034
304 208 0 0.49430984111436693 0.00045698856938602983
312 208 0 0.49466301549644492 0.00083301891056641875
320 208 0 0.49549603440701134 0.0013462733268991833
328 208 0 0.49684230773391053 0.0018822268917355056
336 208 0 0.49872453462564603 0.0024295611538720507
344 208 0 0.50115409577951808 0.0029766562073219038
352 208 0 0.50413075198683999 0.0035119198849353772
360 208 0 0.50764267187177536 0.0040241128070569454
368 208 0 0.51166678467883231 0.004502640377487932
376 208 0 0.51616942505632024 0.0049377861741700668
384 208 0 0.52110721123049031 0.0053208662118173766
392 208 0 0.52642807744230768 0.0056442812868583436
400 208 0 0.53207235872916603 0.0059014270757385967
408 208 0 0.53797378580490463 0.0060864014436853298
416 208 0 0.54406018724858995 0.0061934524392964763
424 208 0 0.55025363968788643 0.0062160269621372999
432 208 0 0.55646966665002373 0.0063649470787495721
440 208 0 0.56261435401093873 0.0068448687795701346
448 208 0 0.56857691696414459 0.0071966785016893686
456 208 0 0.57421842335641604 0.0073966426072520353
464 208 0 0.57937192329175946 0.0074587410744801907
472 208 0 0.58386772080999005 0.0074980349840663152
480 208 0 0.58758771521939046 0.0075323601217730518
488 208 0 0.59044479740068112 0.0075672226503551432
496 208 0 0.59237846043739684 0.0076065613195722692
504 208 0 0.59336674707826886 0.0075804525801721478
0 216 0 0.41421370550190262 0.01038047341554299
8 216 0 0.41522810088217471 0.010441837208120808
16 216 0 0.41712242524967347 0.010246210512306064
24 216 0 0.4199446449023817 0.010133928208772347
32 216 0 0.42363031417407554 0.010059329742744483
40 216 0 0.42808681778271995 0.010035306316759474
48 216 0 0.43317821925083588 0.010075304437343724
56 216 0 0.43861976153754423 0.0097442757863866469
64 216 0 0.44423051476863157 0.0091639910265145508
72 216 0 0.44989528042872584 0.008428515958221805
80 216 0 0.45554130628637557 0.0076025302024270713
88 216 0 0.46111113711348967 0.0067311314404564504
96 216 0 0.46654981939099915 0.0058458565706797638
104 216 0 0.47180240037823856 0.005252580987239408
112 216 0 0.47681451852803414 0.0050121181497955747
120 216 0 0.4815336399395978 0.0047191214115636648
128 216 0 0.48591054514365933 0.0043769052040615319
136 216 0 0.48990092660636092 0.0039903814627015866
144 216 0 0.49346694298134669 0.0035660163749857698
152 216 0 0.49657860468021892 0.0031116616988722257
160 216 0 0.49921490345909608 0.0026362987788771663
168 216 0 0.50136462824037731 0.0021497247812812259
176 216 0 0.50302683564349548 0.0016622074031181766
184 216 0 0.50421096992973835 0.0011841342862428661
192 216 0 0.50493665128691567 0.00073719811614214592
200 216 0 0.50523317031624659 0.00079778571530475517
208 216 0 0.50513873818846033 0.00079303125031027211
216 216 0 0.50469954599112743 0.00073086146897916038
224 216 0 0.50396868452214827 0.00096371538443229543
232 216 0 0.50300496913771597 0.0011332638930319217
240 216 0 0.50187170524468405 0.0012362848900363543
248 216 0 0.5006354203546477 0.00127084070929534
256 216 0 0.49936457964535236 0.00127084070929534
264 216 0 0.49812829475531567 0.0012362848900366874
272 216 0 0.49699503086228336 0.0011332638930323102
280 216 0 0.49603131547785156 0.00096371538443179583
288 216 0 0.49530045400887124 0.00073086146898032611
296 216 0 0.49486126181153905 0.0007930312503102166
304 216 0 0.49476682968375296 0.00079778571530497722
312 216 0 0.49506334871308399 0.00073719811614259001
320 216 0 0.49578903007026121 0.0011841342862433102
328 216 0 0.49697316435650452 0.0016622074031182876
336 216 0 0.4986353717596228 0.0021497247812809483
344 216 0 0.50078509654090375 0.0026362987788772774
352 216 0 0.50342139531978103 0.0031116616988730028
360 216 0 0.50653305701865403 0.0035660163749858809
368 216 0 0.51009907339363991 0.0039903814627015866
376 216 0 0.5140894548563415 0.004376905204061754
384 216 0 0.51846636006040325 0.0047191214115629432
392 216 0 0.5231854814719662 0.0050121181497952971
400 216 0 0.52819759962176149 0.0052525809872390194
408 216 0 0.53345018060900051 0.0058458565706792642
416 216 0 0.53888886288650983 0.0067311314404560063
424 216 0 0.54445869371362388 0.0076025302024265162
432 216 0 0.55010471957127416 0.0084285159582213609
440 216 0 0.5557694852313686 0.0091639910265147728
448 216 0 0.56138023846245522 0.0097442757863860363
456 216 0 0.56682178074916401 0.010075304437343724
464 216 0 0.57191318221727927 0.010035306316759418
472 216 0 0.57636968582592374 0.010059329742744039
480 216 0 0.58005535509761741 0.010133928208772014
488 216 0 0.58287757475032598 0.010246210512305898
496 216 0 0.58477189911782457 0.010441837208120419
504 216 0 0.58578629449809672 0.010380473415542713
0 224 0 0.42459417891744561 0.013809530360693267
8 224 0 0.42566993809029552 0.013872620868017049
16 224 0 0.42736863576197953 0.01302532088696623
24 224 0 0.43007857311115405 0.012754797873359924
32 224 0 0.43368964391682002 0.012564381700526539
40 224 0 0.43812212409947943 0.012553448428500091
48 224 0 0.44325352368817961 0.013108718259227048
56 224 0 0.44836403732393088 0.01241385234081438
64 224 0 0.45339450579514612 0.011423277129041953
72 224 0 0.45832379638694765 0.010339392971797312
80 224 0 0.46314383648880264 0.0092215582926696849
88 224 0 0.46784226855394612 0.0080976367438479468
96 224 0 0.47239567596167892 0.0069867841343169146
104 224 0 0.47677238803607613 0.0059051767772090313
112 224 0 0.48093630486312783 0.0048674197582505019
120 224 0 0.48484969854318088 0.0039133936800530567
128 224 0 0.48847543526949783 0.0036257367263169415
136 224 0 0.49177894971689573 0.0033035144473979039
144 224 0 0.49473000823754953 0.0029510585206538043
152 224 0 0.49730421281706494 0.0025742045795154045
160 224 0 0.49948419862572568 0.0021799858086607449
168 224 0 0.5012604950171794 0.0017762963914537133
176 224 0 0.50263204034211384 0.0013715453249344423
184 224 0 0.50360636220268928 0.00097432186057544445
192 224 0 0.50419945317077353 0.0010049643541650832
200 224 0 0.50443538460094184 0.0010692586513827429
208 224 0 0.50434570693815006 0.0010522936183330334
216 224 0 0.50396868452214827 0.00096371538443229543
224 224 0 0.50334840805093362 0.00081458742458850875
232 224 0 0.50253382062634511 0.00095613517244519386
240 224 0 0.50157768545389991 0.0010421694009932203
248 224 0 0.50053551605290669 0.0010710321058136074
256 224 0 0.49946448394709309 0.0010710321058136074
264 224 0 0.49842231454609986 0.0010421694009932203
272 224 0 0.49746617937365473 0.00095613517244513835
280 224 0 0.49665159194906638 0.00081458742458834221
288 224 0 0.49603131547785156 0.00096371538443179583
296 224 0 0.49565429306184927 0.0010522936183336995
304 224 0 0.49556461539905794 0.0010692586513827429
312 224 0 0.49580054682922658 0.0010049643541647502
320 224 0 0.49639363779731055 0.00097432186057538894
328 224 0 0.49736795965788594 0.0013715453249346088
336 224 0 0.49873950498282055 0.0017762963914539909
344 224 0 0.50051580137427454 0.0021799858086605228
352 224 0 0.50269578718293506 0.0025742045795155155
360 224 0 0.50526999176245058 0.0029510585206543594
368 224 0 0.50822105028310494 0.0033035144473981815
376 224 0 0.51152456473050312 0.0036257367263166085
384 224 0 0.51515030145681973 0.0039133936800532787
392 224 0 0.519063695136873 0.0048674197582506684
400 224 0 0.52322761196392431 0.0059051767772088093
408 224 0 0.52760432403832125 0.0069867841343173032
416 224 0 0.53215773144605383 0.0080976367438477803
424 224 0 0.53685616351119736 0.0092215582926696849
432 224 0 0.5416762036130528 0.010339392971797312
440 224 0 0.54660549420485383 0.011423277129041676
448 224 0 0.55163596267606918 0.012413852340814602
456 224 0 0.55674647631182028 0.013108718259226992
464 224 0 0.56187787590051985 0.012553448428499703
472 224 0 0.5663103560831797 0.012564381700526761
480 224 0 0.56992142688884539 0.012754797873359869
488 224 0 0.57263136423802008 0.013025320886966285
496 224 0 0.57433006190970415 0.013872620868016772
504 224 0 0.575405821082554 0.013809530360693323
0 232 0 0.43840370927813888 0.017939835045513775
8 232 0 0.43954255895831257 0.01847889822741744
16 232 0 0.44039395664894576 0.015352191881950805
24 232 0 0.44283337098451397 0.015237170944127687
32 232 0 0.44625402561734656 0.014688107850760024
40 232 0 0.45067557252797952 0.014246344097057329
48 232 0 0.45636224194740665 0.017033156724258536
56 232 0 0.46077788966474525 0.01496890261143069
64 232 0 0.46481778292418807 0.013361325144422675
72 232 0 0.46866318935874496 0.011902024257999244
80 232 0 0.47236539478147233 0.010512461542692364
88 232 0 0.47593990529779406 0.0091700587114383336
96 232 0 0.47938246009599583 0.0078722746045832848
104 232 0 0.48267756481328516 0.0066251829995533362
112 232 0 0.48580372462137833 0.0054383458208681623
120 232 0 0.48873647036661561 0.0043224748650800837
128 232 0 0.49145050904824555 0.0032882797486034621
136 232 0 0.4939215479325717 0.0024710388843261488
144 232 0 0.49612788459807722 0.002206336665505515
152 232 0 0.4980517417759015 0.0019238571778242841
160 232 0 0.49968032060262701 0.001628578826725513
168 232 0 0.50100655849880982 0.0013262378961828025
176 232 0 0.50202959334994035 0.0010230348511305332
184 232 0 0.50275495135767689 0.0010299576644891006
192 232 0 0.50319448881660844 0.001199249831657756
200 232 0 0.5033661259495591 0.0012665758913442682
208 232 0 0.50329341331981703 0.0012409397839238112
216 232 0 0.50300496913771597 0.0011332638930319217
224 232 0 0.50253382062634511 0.00095613517244519386
232 232 0 0.5019166762507612 0.00072352679975540291
240 232 0 0.50119314945100579 0.00078820004670110411
248 232 0 0.50040494940430469 0.00080989880860959929
256 232 0 0.49959505059569509 0.00080989880860959929
264 232 0 0.49880685054899387 0.00078820004670121513
272 232 0 0.49808332374923853 0.00072352679975534739
280 232 0 0.49746617937365473 0.00095613517244508284
288 232 0 0.49699503086228336 0.0011332638930323102
296 232 0 0.49670658668018297 0.0012409397839233116
304 232 0 0.49663387405044068 0.0012665758913440461
312 232 0 0.49680551118339134 0.001199249831657756
320 232 0 0.49724504864232283 0.0010299576644889341
328 232 0 0.49797040665005954 0.0010230348511304777
336 232 0 0.49899344150119002 0.0013262378961830801
344 232 0 0.5003196793973731 0.001628578826725402
352 232 0 0.5019482582240985 0.0019238571778243951
360 232 0 0.50387211540192289 0.002206336665505515
368 232 0 0.50607845206742841 0.0024710388843265374
376 232 0 0.50854949095175495 0.0032882797486039061
384 232 0 0.51126352963338417 0.0043224748650803058
392 232 0 0.51419627537862234 0.0054383458208685509
400 232 0 0.5173224351867155 0.0066251829995539468
408 232 0 0.52061753990400395 0.0078722746045829517
416 232 0 0.52406009470220605 0.0091700587114380561
424 232 0 0.52763460521852767 0.010512461542692142
432 232 0 0.53133681064125549 0.011902024257999799
440 232 0 0.53518221707581215 0.013361325144422564
448 232 0 0.53922211033525458 0.014968902611430357
456 232 0 0.54363775805259329 0.017033156724258203
464 232 0 0.54932442747202015 0.014246344097057384
472 232 0 0.55374597438265294 0.014688107850759913
480 232 0 0.55716662901548553 0.015237170944127798
488 232 0 0.55960604335105379 0.015352191881951138
496 232 0 0.56045744104168738 0.018478898227418328
504 232 0 0.56159629072186068 0.017939835045514552
0 240 0 0.45634354432365265 0.017939835045513775
8 240 0 0.45802145718573001 0.019028956310597145
16 240 1 0.45547807833604703 0.015084121687101271
20 240 1 0.45601421872574627 0.015620262076800506
24 240 1 0.45752608091853536 0.015872536238329793
28 240 1 0.45861500293874807 0.015836845270425004
32 240 1 0.46034526664114733 0.015252548224482798
36 240 1 0.46153900029506573 0.015284974677719165
40 240 1 0.46374459116643812 0.013464581528365549
44 240 1 0.46609924208363557 0.01542366955565605
48 240 0 0.47339539867166519 0.017979623480464502
56 240 0 0.47574679227617594 0.016138459009024553
64 240 0 0.47817910806861075 0.014454722205301085
72 240 0 0.4805652136167442 0.012857173279234024
80 240 0 0.48287785632416469 0.011324639613142451
88 240 0 0.4851099640092324 0.0098497098178978448
96 240 0 0.48725473470057912 0.008432994081851608
104 240 0 0.4893027478128385 0.0070797209421323837
112 240 0 0.49124207044224649 0.0057977138322611865
120 240 0 0.49305894523169569 0.0045962305953021199
128 240 0 0.49473878879684902 0.0034850857035000349
136 240 0 0.49626730029986799 0.0024738663248132786
144 240 0 0.49763151096063668 0.001571235922644354
152 240 0 0.49882068499634102 0.0011891740357043434
160 240 0 0.49982703477640272 0.0010063497800616994
168 240 0 0.50064623810994979 0.00081920333354706942
176 240 0 0.50127776017679704 0.0008418236635104881
184 240 0 0.50172499369318779 0.0011379500594275171
192 240 0 0.50199523898495069 0.0013170096495020989
200 240 0 0.50209955005821483 0.0013863202424888588
208 240 0 0.50205247353589322 0.0013555091006416387
216 240 0 0.50187170524468405 0.0012362848900364654
224 240 0 0.50157768545389991 0.0010421694009933313
232 240 0 0.50119314945100579 0.00078820004670121513
240 240 0 0.50074264618596787 0.0004906115586141846
248 240 0 0.50025203462735379 0.00050406925470797281
256 240 0 0.49974796537264582 0.00050406925470797281
264 240 0 0.4992573538140318 0.00049061155861401806
272 240 0 0.49880685054899382 0.00078820004670115962
280 240 0 0.49842231454609981 0.0010421694009931648
288 240 0 0.49812829475531567 0.0012362848900366874
296 240 0 0.49794752646410628 0.0013555091006410835
304 240 0 0.49790044994178473 0.0013863202424884702
312 240 0 0.49800476101504909 0.0013170096495015993
320 240 0 0.49827500630681176 0.0011379500594277947
328 240 0 0.49872223982320302 0.00084182366351015503
336 240 0 0.49935376189005037 0.00081920333354651431
344 240 0 0.50017296522359689 0.0010063497800625321
352 240 0 0.50117931500365942 0.0011891740357040659
360 240 0 0.50236848903936349 0.0015712359226449646
368 240 0 0.50373269970013235 0.0024738663248141668
376 240 0 0.50526121120315104 0.003485085703500701
384 240 0 0.50694105476830387 0.0045962305953017868
392 240 0 0.50875792955775379 0.0057977138322614641
400 240 0 0.51069725218716155 0.0070797209421319396
408 240 0 0.51274526529942099 0.008432994081851497
416 240 0 0.51489003599076799 0.0098497098178985665
424 240 0 0.51712214367583553 0.011324639613142451
432 240 0 0.51943478638325569 0.012857173279234302
440 240 0 0.52182089193138959 0.014454722205301862
448 240 0 0.52425320772382422 0.016138459009024775
456 240 0 0.52660460132833509 0.017979623480465223
464 240 1 0.53390075791636404 0.015423669555656105
468 240 1 0.53625540883356149 0.013464581528365271
472 240 1 0.53846099970493377 0.015284974677719165
476 240 1 0.53965473335885239 0.015252548224482632
480 240 1 0.54138499706125143 0.015836845270424948
484 240 1 0.54247391908146414 0.01587253623832996
488 240 1 0.54398578127425312 0.015620262076800673
492 240 1 0.5445219216639523 0.015084121687101493
496 240 0 0.54197854281426905 0.019028956310596978
504 240 0 0.54365645567634613 0.017939835045514552
16 244 1 0.46829892373619275 0.020569590838324492
20 244 1 0.47148596304246371 0.017382551532053536
24 244 1 0.47339861715686515 0.017288351782977218
28 244 1 0.47445184820917308 0.016235120730669295
32 244 1 0.47559781486563013 0.016012520622961934
36 244 1 0.47639645465753055 0.01521388083106151
40 244 1 0.47720917269480367 0.014739154293740175
44 244 1 0.47708158776843901 0.014866739220104841
464 244 1 0.52291841223156077 0.014866739220104952
468 244 1 0.52279082730519622 0.014739154293740397
472 244 1 0.52360354534246933 0.015213880831061788
476 244 1 0.52440218513436976 0.016012520622962212
480 244 1 0.52554815179082648 0.016235120730669017
484 244 1 0.52660138284313418 0.017288351782976719
488 244 1 0.52851403695753574 0.017382551532053481
492 244 1 0.53170107626380647 0.020569590838324214
0 248 1 0.47409869383836084 0.017755149514708191
4 248 1 0.47439861970142794 0.018055075377775287
8 248 1 0.47561486748010345 0.017593410294373446
12 248 1 0.47848595951255085 0.020464502326820844
16 248 0 0.48886851457451724 0.022262970850965236
24 248 0 0.49068696893984237 0.018626062120315201
32 248 0 0.49161033548859207 0.016779329022815592
40 248 0 0.49194832698854385 0.016103346022911968
48 248 0 0.49137502215212969 0.017979623480464502
56 248 0 0.4918852512852005 0.016229497429598949
64 248 0 0.49263383027391183 0.014732339452175891
72 248 0 0.49342238689597823 0.013155226208043158
80 248 0 0.49420249593730714 0.011595008125385942
88 248 0 0.49495967382713024 0.010080652345739183
96 248 0 0.49568772878243073 0.0086245424351387712
104 248 0 0.49638246875497088 0.0072350624900588412
112 248 0 0.49703978427450768 0.0059204314509845313
120 248 0 0.49765517582699781 0.0046896483460042715
128 248 0 0.49822387450034905 0.0035522509993012874
136 248 0 0.49874116662468126 0.0025176667506370265
144 248 0 0.49920274688328103 0.0015945062334375981
152 248 0 0.49960503234628112 0.00078993530743759477
160 248 0 0.49994541440685458 0.0003403820605734631
168 248 0 0.50022244198365262 0.00044488396730590907
176 248 0 0.50043593651328655 0.00087187302657343313
184 248 0 0.50058704363376028 0.0011740872675207736
192 248 0 0.50067822933544859 0.0013564586708978976
200 248 0 0.50071322981572597 0.001426459631452881
208 248 0 0.50069696443525158 0.0013939288705042685
216 248 0 0.50063542035464759 0.0012708407092952845
224 248 0 0.50053551605290658 0.0010710321058135519
232 248 0 0.50040494940430458 0.00080989880860954377
240 248 0 0.50025203462735368 0.00050406925470786179
248 248 0 0.50008553138266254 0.00017106276532541376
256 248 0 0.49991446861733713 0.00017106276532541376
264 248 0 0.49974796537264576 0.0005040692547079173
272 248 0 0.49959505059569498 0.00080989880860948826
280 248 0 0.49946448394709297 0.0010710321058134964
288 248 0 0.49936457964535236 0.001270840709295229
296 248 0 0.49930303556474737 0.001393928870504324
304 248 0 0.4992867701842732 0.001426459631452992
312 248 0 0.49932177066455069 0.0013564586708980086
320 248 0 0.49941295636623956 0.0011740872675208291
328 248 0 0.49956406348671317 0.00087187302657348864
336 248 0 0.49977755801634671 0.00044488396730590907
344 248 0 0.50005458559314486 0.00034038206057374065
352 248 0 0.5003949676537186 0.00078993530743759477
360 248 0 0.50079725311671852 0.0015945062334374871
368 248 0 0.50125883337531818 0.00251766675063686
376 248 0 0.50177612549965034 0.0035522509993012319
384 248 0 0.50234482417300208 0.004689648346004216
392 248 0 0.50296021572549232 0.0059204314509845868
400 248 0 0.50361753124502961 0.0072350624900587301
408 248 0 0.5043122712175695 0.0086245424351387157
416 248 0 0.50504032617286942 0.010080652345739183
424 248 0 0.50579750406269308 0.011595008125385942
432 248 0 0.50657761310402138 0.013155226208043158
440 248 0 0.50736616972608772 0.014732339452175891
448 248 0 0.50811474871479945 0.016229497429598949
456 248 0 0.50862497784786986 0.017979623480465223
464 248 0 0.50805167301145582 0.016103346022912135
472 248 0 0.50838966451140755 0.016779329022815648
480 248 0 0.50931303106015746 0.018626062120315257
488 248 0 0.51113148542548226 0.022262970850965125
496 248 1 0.52151404048744854 0.020464502326820511
500 248 1 0.52438513251989571 0.017593410294373335
504 248 1 0.52560138029857117 0.018055075377774954
508 248 1 0.5259013061616381 0.017755149514708024
0 252 1 0.49144048918578725 0.017341795347426414
4 252 1 0.4915368911475515 0.017138271446123565
8 252 1 0.49178092270344437 0.016438154593110654
12 252 1 0.49179643616387891 0.016407127672241728
496 252 1 0.50820356383612053 0.016407127672241728
500 252 1 0.50821907729655502 0.016438154593110654
504 252 1 0.50846310885244794 0.017138271446123232
508 252 1 0.50855951081421225 0.017341795347425859
0 256 1 0.50855951081421236 0.017341795347425859
4 256 1 0.50846310885244805 0.017138271446123232
8 256 1 0.50821907729655502 0.016438154593110654
12 256 1 0.50820356383612064 0.016407127672241728
16 256 0 0.51113148542548248 0.022262970850965236
24 256 0 0.50931303106015757 0.018626062120315201
32 256 0 0.50838966451140766 0.016779329022815592
40 256 0 0.50805167301145582 0.016103346022911968
48 256 0 0.50862497784786986 0.017979623480465223
56 256 0 0.50811474871479945 0.016229497429598949
64 256 0 0.50736616972608772 0.014732339452175891
72 256 0 0.50657761310402138 0.013155226208043158
80 256 0 0.50579750406269308 0.011595008125385942
88 256 0 0.50504032617286942 0.010080652345739183
96 256 0 0.5043122712175695 0.0086245424351387712
104 256 0 0.50361753124502973 0.0072350624900588412
112 256 0 0.50296021572549221 0.0059204314509845313
120 256 0 0.50234482417300208 0.0046896483460042715
128 256 0 0.50177612549965034 0.0035522509993012874
136 256 0 0.50125883337531829 0.0025176667506370265
144 256 0 0.50079725311671863 0.0015945062334375981
152 256 0 0.50039496765371871 0.00078993530743759477
160 256 0 0.50005458559314486 0.00034038206057385167
168 256 0 0.49977755801634671 0.00044488396730590907
176 256 0 0.49956406348671312 0.00087187302657343313
184 256 0 0.4994129563662395 0.0011740872675207736
192 256 0 0.49932177066455069 0.0013564586708978976
200 256 0 0.49928677018427309 0.001426459631452881
208 256 0 0.49930303556474731 0.0013939288705042685
216 256 0 0.4993645796453523 0.0012708407092952845
224 256 0 0.49946448394709303 0.0010710321058135519
232 256 0 0.49959505059569503 0.00080989880860954377
240 256 0 0.49974796537264582 0.00050406925470786179
248 256 0 0.49991446861733713 0.00017106276532541376
256 256 0 0.50008553138266254 0.00017106276532541376
264 256 0 0.50025203462735368 0.0005040692547079173
272 256 0 0.50040494940430447 0.00080989880860948826
280 256 0 0.50053551605290647 0.0010710321058134964
288 256 0 0.50063542035464759 0.001270840709295229
296 256 0 0.50069696443525169 0.001393928870504324
304 256 0 0.50071322981572619 0.001426459631452992
312 256 0 0.5006782293354487 0.0013564586708980086
320 256 0 0.50058704363376039 0.0011740872675208291
328 256 0 0.50043593651328666 0.00087187302657348864
336 256 0 0.50022244198365262 0.00044488396730590907
344 256 0 0.49994541440685453 0.00034038206057351861
352 256 0 0.49960503234628101 0.00078993530743759477
360 256 0 0.49920274688328103 0.0015945062334374871
368 256 0 0.49874116662468132 0.00251766675063686
376 256 0 0.49822387450034911 0.0035522509993012319
384 256 0 0.49765517582699786 0.004689648346004216
392 256 0 0.49703978427450773 0.0059204314509845868
400 256 0 0.49638246875497088 0.0072350624900587301
408 256 0 0.49568772878243078 0.0086245424351387157
416 256 0 0.49495967382713024 0.010080652345739183
424 256 0 0.49420249593730714 0.011595008125385942
432 256 0 0.49342238689597823 0.013155226208043158
440 256 0 0.49263383027391183 0.014732339452175891
448 256 0 0.4918852512852005 0.016229497429598949
456 256 0 0.49137502215212958 0.017979623480464446
464 256 0 0.49194832698854368 0.016103346022912135
472 256 0 0.4916103354885919 0.016779329022815648
480 256 0 0.49068696893984221 0.018626062120315257
488 256 0 0.48886851457451713 0.022262970850965125
496 256 1 0.4917964361638788 0.016407127672241728
500 256 1 0.49178092270344437 0.016438154593110654
504 256 1 0.49153689114755139 0.01713827144612351
508 256 1 0.4914404891857872 0.017341795347426414
0 260 1 0.52590130616163822 0.017755149514708024
4 260 1 0.52560138029857129 0.018055075377774954
8 260 1 0.52438513251989571 0.017593410294373335
12 260 1 0.52151404048744865 0.0204645023268204
496 260 1 0.47848595951255074 0.020464502326820844
500 260 1 0.47561486748010334 0.017593410294373446
504 260 1 0.47439861970142788 0.018055075377775343
508 260 1 0.47409869383836079 0.017755149514708246
0 264 0 0.54365645567634624 0.017939835045514441
8 264 0 0.54197854281426905 0.019028956310596867
16 264 1 0.53170107626380669 0.020569590838324214
20 264 1 0.52851403695753585 0.01738255153205337
24 264 1 0.52660138284313429 0.017288351782976719
28 264 1 0.52554815179082648 0.016235120730668906
32 264 1 0.52440218513436976 0.016012520622962101
36 264 1 0.52360354534246933 0.015213880831061677
40 264 1 0.52279082730519622 0.014739154293740397
44 264 1 0.52291841223156077 0.014866739220104952
48 264 0 0.52660460132833509 0.017979623480465223
56 264 0 0.52425320772382422 0.016138459009024775
64 264 0 0.52182089193138959 0.014454722205301862
72 264 0 0.51943478638325569 0.012857173279234302
80 264 0 0.51712214367583564 0.011324639613142562
88 264 0 0.51489003599076799 0.0098497098178985665
96 264 0 0.51274526529942099 0.008432994081851497
104 264 0 0.51069725218716155 0.0070797209421318286
112 264 0 0.50875792955775367 0.0057977138322614641
120 264 0 0.50694105476830376 0.0045962305953016758
128 264 0 0.50526121120315104 0.003485085703500701
136 264 0 0.50373269970013235 0.0024738663248140558
144 264 0 0.50236848903936349 0.0015712359226448536
152 264 0 0.50117931500365942 0.0011891740357040659
160 264 0 0.50017296522359689 0.0010063497800625321
168 264 0 0.49935376189005037 0.00081920333354651431
176 264 0 0.49872223982320296 0.00084182366351015503
184 264 0 0.49827500630681176 0.0011379500594277392
192 264 0 0.49800476101504909 0.0013170096495015993
200 264 0 0.49790044994178473 0.0013863202424883592
208 264 0 0.49794752646410623 0.0013555091006410835
216 264 0 0.49812829475531561 0.0012362848900366874
224 264 0 0.49842231454609981 0.0010421694009932203
232 264 0 0.49880685054899387 0.00078820004670115962
240 264 0 0.49925735381403186 0.00049061155861396255
248 264 0 0.49974796537264576 0.0005040692547079173
256 264 0 0.50025203462735368 0.0005040692547079173
264 264 0 0.50074264618596775 0.00049061155861407357
272 264 0 0.50119314945100568 0.00078820004670121513
280 264 0 0.5015776854538998 0.0010421694009933313
288 264 0 0.50187170524468394 0.0012362848900363543
296 264 0 0.50205247353589322 0.0013555091006415276
304 264 0 0.50209955005821483 0.0013863202424886367
312 264 0 0.50199523898495091 0.0013170096495022099
320 264 0 0.5017249936931879 0.0011379500594275171
328 264 0 0.50127776017679715 0.0008418236635104881
336 264 0 0.50064623810994979 0.00081920333354712493
344 264 0 0.49982703477640267 0.0010063497800617549
352 264 0 0.49882068499634091 0.0011891740357042879
360 264 0 0.49763151096063662 0.0015712359226444095
368 264 0 0.49626730029986799 0.0024738663248133341
376 264 0 0.49473878879684902 0.0034850857035000904
384 264 0 0.49305894523169569 0.0045962305953021754
392 264 0 0.49124207044224655 0.0057977138322611865
400 264 0 0.4893027478128385 0.0070797209421323837
408 264 0 0.48725473470057917 0.008432994081851608
416 264 0 0.4851099640092324 0.0098497098178978448
424 264 0 0.48287785632416469 0.011324639613142451
432 264 0 0.4805652136167442 0.012857173279234024
440 264 0 0.47817910806861075 0.014454722205301085
448 264 0 0.47574679227617594 0.016138459009024553
456 264 0 0.47339539867166514 0.017979623480464446
464 264 1 0.4770815877684389 0.014866739220104785
468 264 1 0.47720917269480351 0.014739154293740175
472 264 1 0.47639645465753039 0.01521388083106151
476 264 1 0.47559781486562996 0.016012520622961934
480 264 1 0.47445184820917297 0.016235120730669239
484 264 1 0.47339861715686504 0.017288351782977163
488 264 1 0.4714859630424636 0.017382551532053536
492 264 1 0.46829892373619258 0.020569590838324547
496 264 0 0.4580214571857299 0.0190289563105972
504 264 0 0.45634354432365254 0.017939835045513775
16 268 1 0.54452192166395241 0.015084121687101493
20 268 1 0.54398578127425323 0.015620262076800673
24 268 1 0.54247391908146425 0.01587253623832996
28 268 1 0.54138499706125154 0.01583684527042506
32 268 1 0.5396547333588525 0.015252548224482743
36 268 1 0.53846099970493377 0.015284974677719165
40 268 1 0.53625540883356149 0.013464581528365271
44 268 1 0.53390075791636415 0.015423669555655994
464 268 1 0.46609924208363551 0.01542366955565605
468 268 1 0.46374459116643801 0.013464581528365493
472 268 1 0.46153900029506562 0.01528497467771911
476 268 1 0.46034526664114722 0.015252548224482743
480 268 1 0.45861500293874802 0.015836845270424948
484 268 1 0.45752608091853531 0.015872536238329737
488 268 1 0.45601421872574621 0.015620262076800506
492 268 1 0.45547807833604692 0.015084121687101215
0 272 0 0.56159629072186068 0.017939835045514441
8 272 0 0.56045744104168738 0.018478898227418328
16 272 0 0.55960604335105391 0.015352191881951027
24 272 0 0.55716662901548564 0.015237170944127687
32 272 0 0.55374597438265294 0.014688107850759802
40 272 0 0.54932442747202015 0.014246344097057273
48 272 0 0.54363775805259329 0.017033156724258203
56 272 0 0.53922211033525458 0.014968902611430357
64 272 0 0.53518221707581215 0.013361325144422564
72 272 0 0.53133681064125549 0.011902024257999799
80 272 0 0.52763460521852767 0.010512461542692031
88 272 0 0.52406009470220605 0.0091700587114380561
96 272 0 0.52061753990400395 0.0078722746045829517
104 272 0 0.51732243518671539 0.0066251829995538358
112 272 0 0.51419627537862211 0.0054383458208684399
120 272 0 0.51126352963338406 0.0043224748650803058
128 272 0 0.50854949095175483 0.0032882797486037951
136 272 0 0.50607845206742841 0.0024710388843264264
144 272 0 0.50387211540192289 0.002206336665505515
152 272 0 0.5019482582240985 0.0019238571778243951
160 272 0 0.5003196793973731 0.001628578826725402
168 272 0 0.49899344150118996 0.0013262378961831356
176 272 0 0.49797040665005948 0.0010230348511304777
184 272 0 0.49724504864232283 0.0010299576644889341
192 272 0 0.49680551118339134 0.001199249831657756
200 272 0 0.49663387405044068 0.0012665758913440461
208 272 0 0.49670658668018292 0.0012409397839233116
216 272 0 0.49699503086228336 0.0011332638930322547
224 272 0 0.49746617937365473 0.00095613517244508284
232 272 0 0.49808332374923853 0.00072352679975534739
240 272 0 0.49880685054899382 0.00078820004670110411
248 272 0 0.49959505059569492 0.00080989880860954377
256 272 0 0.50040494940430447 0.00080989880860954377
264 272 0 0.50119314945100568 0.00078820004670121513
272 272 0 0.50191667625076108 0.00072352679975540291
280 272 0 0.50253382062634511 0.00095613517244530488
288 272 0 0.50300496913771586 0.0011332638930319217
296 272 0 0.50329341331981703 0.0012409397839238112
304 272 0 0.5033661259495591 0.0012665758913442682
312 272 0 0.50319448881660855 0.001199249831657645
320 272 0 0.502754951357677 0.0010299576644891006
328 272 0 0.50202959334994035 0.0010230348511305332
336 272 0 0.50100655849880982 0.0013262378961828025
344 272 0 0.49968032060262701 0.001628578826725624
352 272 0 0.49805174177590139 0.0019238571778242841
360 272 0 0.49612788459807711 0.0022063366655054595
368 272 0 0.49392154793257165 0.0024710388843262043
376 272 0 0.49145050904824544 0.0032882797486035731
384 272 0 0.48873647036661555 0.0043224748650801392
392 272 0 0.48580372462137833 0.0054383458208682178
400 272 0 0.48267756481328522 0.0066251829995532807
408 272 0 0.47938246009599589 0.0078722746045832848
416 272 0 0.47593990529779412 0.0091700587114382781
424 272 0 0.47236539478147233 0.010512461542692364
432 272 0 0.46866318935874496 0.011902024257999244
440 272 0 0.46481778292418802 0.013361325144422731
448 272 0 0.46077788966474514 0.014968902611430801
456 272 0 0.45636224194740654 0.017033156724258591
464 272 0 0.45067557252797946 0.014246344097057384
472 272 0 0.44625402561734651 0.014688107850759913
480 272 0 0.44283337098451392 0.015237170944127798
488 272 0 0.44039395664894571 0.015352191881950805
496 272 0 0.43954255895831251 0.018478898227417384
504 272 0 0.43840370927813876 0.017939835045513775
0 280 0 0.575405821082554 0.013809530360693323
8 280 0 0.57433006190970426 0.013872620868016883
16 280 0 0.57263136423802008 0.013025320886966174
24 280 0 0.56992142688884539 0.012754797873359758
32 280 0 0.56631035608317981 0.012564381700526872
40 280 0 0.56187787590051985 0.012553448428499703
48 280 0 0.55674647631182028 0.013108718259226992
56 280 0 0.55163596267606907 0.012413852340814491
64 280 0 0.54660549420485383 0.011423277129041676
72 280 0 0.54167620361305291 0.010339392971797423
80 280 0 0.53685616351119736 0.0092215582926696849
88 280 0 0.53215773144605383 0.0080976367438477803
96 280 0 0.52760432403832125 0.0069867841343173032
104 280 0 0.52322761196392431 0.0059051767772089203
112 280 0 0.519063695136873 0.0048674197582508905
120 280 0 0.51515030145681973 0.0039133936800532787
128 280 0 0.51152456473050312 0.0036257367263166085
136 280 0 0.50822105028310494 0.0033035144473981815
144 280 0 0.50526999176245058 0.0029510585206543594
152 280 0 0.50269578718293506 0.0025742045795155155
160 280 0 0.50051580137427443 0.0021799858086606339
168 280 0 0.49873950498282044 0.0017762963914539909
176 280 0 0.49736795965788588 0.0013715453249345533
184 280 0 0.49639363779731049 0.00097432186057538894
192 280 0 0.49580054682922653 0.0010049643541648057
200 280 0 0.49556461539905788 0.0010692586513827984
208 280 0 0.49565429306184927 0.001052293618333644
216 280 0 0.49603131547785156 0.00096371538443179583
224 280 0 0.49665159194906638 0.00081458742458834221
232 280 0 0.49746617937365473 0.00095613517244502733
240 280 0 0.49842231454609975 0.0010421694009931648
248 280 0 0.49946448394709292 0.0010710321058135519
256 280 0 0.50053551605290647 0.0010710321058135519
264 280 0 0.5015776854538998 0.0010421694009933313
272 280 0 0.50253382062634511 0.00095613517244530488
280 280 0 0.50334840805093362 0.00081458742458850875
288 280 0 0.50396868452214827 0.00096371538443240645
296 280 0 0.50434570693815006 0.0010522936183330334
304 280 0 0.50443538460094184 0.0010692586513827429
312 280 0 0.50419945317077353 0.0010049643541649722
320 280 0 0.50360636220268928 0.00097432186057544445
328 280 0 0.50263204034211384 0.0013715453249344423
336 280 0 0.5012604950171794 0.0017762963914537688
344 280 0 0.49948419862572563 0.0021799858086607449
352 280 0 0.49730421281706488 0.00257420457951546
360 280 0 0.49473000823754942 0.0029510585206537487
368 280 0 0.49177894971689567 0.0033035144473979594
376 280 0 0.48847543526949772 0.003625736726316886
384 280 0 0.48484969854318083 0.0039133936800530011
392 280 0 0.48093630486312783 0.0048674197582505019
400 280 0 0.47677238803607608 0.0059051767772091424
408 280 0 0.47239567596167881 0.0069867841343170811
416 280 0 0.46784226855394606 0.0080976367438480579
424 280 0 0.46314383648880258 0.0092215582926697404
432 280 0 0.45832379638694759 0.010339392971797368
440 280 0 0.45339450579514606 0.011423277129041953
448 280 0 0.44836403732393076 0.01241385234081438
456 280 0 0.44325352368817955 0.013108718259226992
464 280 0 0.43812212409947937 0.012553448428500091
472 280 0 0.43368964391681997 0.012564381700526539
480 280 0 0.43007857311115394 0.01275479787335998
488 280 0 0.42736863576197948 0.01302532088696623
496 280 0 0.42566993809029546 0.013872620868017049
504 280 0 0.4245941789174455 0.013809530360693267
0 288 0 0.5857862944980966 0.010380473415542602
8 288 0 0.58477189911782457 0.010441837208120308
16 288 0 0.58287757475032598 0.010246210512305898
24 288 0 0.58005535509761741 0.010133928208772014
32 288 0 0.57636968582592374 0.010059329742743928
40 288 0 0.57191318221727927 0.010035306316759418
48 288 0 0.56682178074916389 0.010075304437343613
56 288 0 0.56138023846245511 0.0097442757863860363
64 288 0 0.55576948523136849 0.0091639910265146618
72 288 0 0.55010471957127405 0.0084285159582211389
80 288 0 0.54445869371362388 0.0076025302024265162
88 288 0 0.53888886288650961 0.0067311314404557843
96 288 0 0.53345018060900029 0.0058458565706790422
104 288 0 0.52819759962176149 0.0052525809872387974
112 288 0 0.5231854814719662 0.0050121181497952971
120 288 0 0.51846636006040325 0.0047191214115629432
128 288 0 0.5140894548563415 0.004376905204061754
136 288 0 0.51009907339363991 0.0039903814627015866
144 288 0 0.50653305701865403 0.0035660163749858809
152 288 0 0.50342139531978103 0.0031116616988730028
160 288 0 0.50078509654090375 0.0026362987788772774
168 288 0 0.49863537175962275 0.0021497247812810039
176 288 0 0.49697316435650446 0.0016622074031182876
184 288 0 0.49578903007026121 0.0011841342862432547
192 288 0 0.49506334871308394 0.00073719811614259001
200 288 0 0.49476682968375285 0.00079778571530503273
208 288 0 0.49486126181153905 0.0007930312503102166
216 288 0 0.49530045400887124 0.00073086146898032611
224 288 0 0.49603131547785151 0.00096371538443179583
232 288 0 0.4969950308622833 0.0011332638930323102
240 288 0 0.49812829475531561 0.0012362848900366319
248 288 0 0.49936457964535225 0.001270840709295229
256 288 0 0.50063542035464748 0.001270840709295229
264 288 0 0.50187170524468383 0.0012362848900363543
272 288 0 0.50300496913771586 0.0011332638930320327
280 288 0 0.50396868452214827 0.00096371538443240645
288 288 0 0.50469954599112743 0.00073086146897916038
296 288 0 0.50513873818846033 0.00079303125031027211
304 288 0 0.50523317031624648 0.00079778571530464415
312 288 0 0.50493665128691567 0.00073719811614214592
320 288 0 0.50421096992973835 0.0011841342862428661
328 288 0 0.50302683564349548 0.0016622074031180656
336 288 0 0.50136462824037742 0.0021497247812814479
344 288 0 0.49921490345909597 0.0026362987788771663
352 288 0 0.4965786046802188 0.0031116616988722257
360 288 0 0.49346694298134658 0.0035660163749857143
368 288 0 0.48990092660636086 0.0039903814627015866
376 288 0 0.48591054514365928 0.0043769052040615319
384 288 0 0.48153363993959775 0.0047191214115636093
392 288 0 0.47681451852803414 0.0050121181497956302
400 288 0 0.47180240037823851 0.005252580987239408
408 288 0 0.4665498193909991 0.0058458565706797083
416 288 0 0.46111113711348967 0.0067311314404563949
424 288 0 0.45554130628637557 0.0076025302024270158
432 288 0 0.44989528042872579 0.008428515958221805
440 288 0 0.44423051476863151 0.0091639910265145508
448 288 0 0.43861976153754417 0.0097442757863865914
456 288 0 0.43317821925083588 0.010075304437343668
464 288 0 0.42808681778271984 0.010035306316759529
472 288 0 0.42363031417407548 0.010059329742744483
480 288 0 0.41994464490238165 0.010133928208772292
488 288 0 0.41712242524967341 0.010246210512306064
496 288 0 0.41522810088217466 0.010441837208120808
504 288 0 0.41421370550190256 0.010380473415542935
0 296 0 0.59336674707826886 0.0075804525801722589
8 296 0 0.59237846043739695 0.0076065613195723802
16 296 0 0.59044479740068112 0.0075672226503551432
24 296 0 0.58758771521939057 0.0075323601217731628
32 296 0 0.58386772080999005 0.0074980349840663152
40 296 0 0.57937192329175946 0.0074587410744801907
48 296 0 0.57421842335641604 0.0073966426072521463
56 296 0 0.56857691696414459 0.0071966785016894796
64 296 0 0.56261435401093862 0.0068448687795701346
72 296 0 0.55646966665002362 0.0063649470787495721
80 296 0 0.55025363968788632 0.0062160269621372999
88 296 0 0.54406018724858973 0.0061934524392965873
96 296 0 0.53797378580490451 0.0060864014436852187
104 296 0 0.53207235872916603 0.0059014270757384857
112 296 0 0.52642807744230768 0.0056442812868583436
120 296 0 0.52110721123049031 0.0053208662118173766
128 296 0 0.51616942505632024 0.0049377861741700668
136 296 0 0.51166678467883231 0.004502640377487932
144 296 0 0.50764267187177536 0.0040241128070569454
152 296 0 0.50413075198683999 0.0035119198849353772
160 296 0 0.50115409577951808 0.0029766562073219038
168 296 0 0.49872453462564598 0.0024295611538721062
176 296 0 0.49684230773391042 0.0018822268917355611
184 296 0 0.49549603440701129 0.0013462733268991278
192 296 0 0.49466301549644487 0.00083301891056641875
200 296 0 0.49430984111436688 0.00045698856938597432
208 296 0 0.49439326097978303 0.00046800083175602136
216 296 0 0.49486126181153905 0.00079303125031016108
224 296 0 0.49565429306184922 0.001052293618333644
232 296 0 0.49670658668018286 0.0012409397839233116
240 296 0 0.49794752646410617 0.0013555091006410835
248 296 0 0.49930303556474726 0.001393928870504213
256 296 0 0.50069696443525147 0.001393928870504213
264 296 0 0.50205247353589311 0.0013555091006416387
272 296 0 0.50329341331981692 0.0012409397839238112
280 296 0 0.50434570693815006 0.0010522936183331444
288 296 0 0.50513873818846022 0.00079303125031016108
296 296 0 0.5056067390202158 0.00046800083175557727
304 296 0 0.50569015888563273 0.00045698856938625187
312 296 0 0.50533698450355491 0.00083301891056652977
320 296 0 0.50450396559298838 0.0013462733268988503
328 296 0 0.50315769226608953 0.0018822268917355611
336 296 0 0.50127546537435397 0.0024295611538719952
344 296 0 0.49884590422048197 0.0029766562073216818
352 296 0 0.49586924801316029 0.0035119198849351552
360 296 0 0.49235732812822514 0.0040241128070568344
368 296 0 0.4883332153211683 0.0045026403774877655
376 296 0 0.48383057494368054 0.0049377861741704554
384 296 0 0.47889278876951008 0.0053208662118175987
392 296 0 0.47357192255769248 0.0056442812868585657
400 296 0 0.46792764127083392 0.0059014270757385967
408 296 0 0.46202621419509532 0.0060864014436848857
416 296 0 0.45593981275141043 0.0061934524392969759
424 296 0 0.44974636031211346 0.0062160269621365227
432 296 0 0.44353033334997694 0.0063649470787488505
440 296 0 0.4373856459890611 0.0068448687795704122
448 296 0 0.43142308303585503 0.0071966785016891466
456 296 0 0.42578157664358346 0.0073966426072524238
464 296 0 0.42062807670823982 0.0074587410744800242
472 296 0 0.41613227919000934 0.0074980349840661487
480 296 0 0.41241228478060887 0.0075323601217727743
488 296 0 0.40955520259931821 0.0075672226503551987
496 296 0 0.40762153956260239 0.0076065613195722692
504 296 0 0.40663325292172975 0.007580452580172814
0 304 0 0.59835017802964729 0.0049834309513784314
8 304 0 0.59737000842422106 0.0049915479868241075
16 304 0 0.59543090898139683 0.004986111580715713
24 304 0 0.59256547976028529 0.0049777645408947135
32 304 0 0.5888297971091786 0.0049620762991885448
40 304 0 0.5843030846360977 0.0052132466679879474
48 304 0 0.57908983796810976 0.0057664359972556811
56 304 0 0.57332340197085407 0.0061725635424515479
64 304 0 0.56715083842840253 0.0064365388111083943
72 304 0 0.56071429961729413 0.0065709001757440211
80 304 0 0.55414339944155011 0.0065881224869809296
88 304 0 0.54755527695456918 0.0065881224869809296
96 304 0 0.54105589875129334 0.0064993782032758407
104 304 0 0.53474091093744158 0.0063149878138517579
112 304 0 0.52869609777477944 0.0060448131626621437
120 304 0 0.52299752988639236 0.0056985678883870738
128 304 0 0.51771144190809815 0.0052860879782942183
136 304 0 0.5128939120617092 0.004817529846388946
144 304 0 0.50859042061229442 0.0043034914494147758
152 304 0 0.50483535104648303 0.0037550695658113975
160 304 0 0.50165150296899452 0.0031838480774885047
168 304 0 0.49904970218779204 0.002601800781202479
176 304 0 0.49702859854446901 0.0020211036433230301
184 304 0 0.4955747258331239 0.0014538727113451166
192 304 0 0.49466286538952386 0.00091186044360003216
200 304 0 0.49425671636393054 0.00040614902559332755
208 304 0 0.49430984111436688 0.00045698856938602983
216 304 0 0.49476682968375291 0.00079778571530497722
224 304 0 0.49556461539905788 0.0010692586513827429
232 304 0 0.49663387405044063 0.0012665758913439906
240 304 0 0.49790044994178462 0.0013863202424884702
248 304 0 0.49928677018427309 0.001426459631452992
256 304 0 0.50071322981572608 0.001426459631452992
264 304 0 0.50209955005821483 0.0013863202424887477
272 304 0 0.50336612594955898 0.0012665758913441572
280 304 0 0.50443538460094173 0.0010692586513827429
288 304 0 0.50523317031624637 0.00079778571530464415
296 304 0 0.50569015888563262 0.00045698856938625187
304 304 0 0.5057432836360688 0.00040614902559299448
312 304 0 0.50533713461047591 0.00091186044359981011
320 304 0 0.5044252741668761 0.0014538727113451166
328 304 0 0.50297140145553099 0.0020211036433231966
336 304 0 0.50095029781220779 0.002601800781202257
344 304 0 0.49834849703100553 0.0031838480774884492
352 304 0 0.49516464895351708 0.0037550695658116751
360 304 0 0.49140957938770541 0.0043034914494145537
368 304 0 0.48710608793829085 0.0048175298463886684
376 304 0 0.48228855809190219 0.0052860879782946624
384 304 0 0.47700247011360752 0.0056985678883869628
392 304 0 0.47130390222522056 0.0060448131626618662
400 304 0 0.4652590890625587 0.0063149878138523685
408 304 0 0.45894410124870633 0.0064993782032756742
416 304 0 0.45244472304543065 0.0065881224869806521
424 304 0 0.44585660055845 0.0065881224869806521
432 304 0 0.43928570038270559 0.0065709001757444097
440 304 0 0.43284916157159709 0.0064365388111085053
448 304 0 0.42667659802914532 0.00617256354245177
456 304 0 0.42091016203189036 0.0057664359972549595
464 304 0 0.41569691536390208 0.0052132466679882805
472 304 0 0.41117020289082085 0.0049620762991884892
480 304 0 0.40743452023971377 0.0049777645408951021
488 304 0 0.40456909101860228 0.0049861115807159351
496 304 0 0.40262999157577833 0.004991547986824052
504 304 0 0.40164982197035204 0.0049834309513777098
0 312 0 0.6007985201906958 0.0024483421610485001
8 312 0 0.59982279660364479 0.0024527881794237372
16 312 0 0.59788771351489145 0.0028621589485663401
24 312 0 0.59502555456632511 0.003737422451772332
32 312 0 0.59128813211455278 0.0045394724598254443
40 312 0 0.58674865965472733 0.0052449042407128887
48 312 0 0.58150375541401444 0.0058296713025920432
56 312 0 0.5756740841114224 0.0062761679285640026
64 312 0 0.5693979161828584 0.006578638441842255
72 312 0 0.56281927774101614 0.0067410724786441945
80 312 0 0.55607820526237195 0.0067726221551819288
88 312 0 0.54930558310719002 0.0067726221551819288
96 312 0 0.54262057404960484 0.0066850090575851784
104 312 0 0.53612936568103808 0.0064912083685667588
112 312 0 0.52992478047796931 0.0062045852030687687
120 312 0 0.52408644421580752 0.0058383362621617918
128 312 0 0.51868122990256949 0.0054052143132380381
136 312 0 0.5137637544273963 0.0049174754751731831
144 312 0 0.50937677767878631 0.0043869767486099942
152 312 0 0.50555141060351416 0.0038253670752721458
160 312 0 0.5023071250929495 0.0032442855105646595
168 312 0 0.49965165205353845 0.0026554730394110493
176 312 0 0.49758090769453234 0.0020707443590061159
184 312 0 0.49607908739060158 0.0015018203039307565
192 312 0 0.49511902593943308 0.00096006145116855901
200 312 0 0.49466286538952386 0.00091186044360008767
208 312 0 0.49466301549644481 0.00083301891056652977
216 312 0 0.49506334871308394 0.00073719811614259001
224 312 0 0.49580054682922653 0.0010049643541648057
232 312 0 0.49680551118339134 0.0011992498316577005
240 312 0 0.49800476101504904 0.0013170096495016548
248 312 0 0.49932177066455069 0.0013564586708980086
256 312 0 0.5006782293354487 0.0013564586708980086
264 312 0 0.5019952389849508 0.0013170096495020989
272 312 0 0.50319448881660855 0.001199249831657756
280 312 0 0.50419945317077353 0.0010049643541649722
288 312 0 0.50493665128691556 0.0007371981161420349
296 312 0 0.5053369845035548 0.00083301891056641875
304 312 0 0.5053371346104758 0.00091186044359969909
312 312 0 0.50488097406056653 0.00096006145116833697
320 312 0 0.50392091260939831 0.0015018203039305345
328 312 0 0.50241909230546777 0.0020707443590063379
336 312 0 0.50034834794646144 0.0026554730394114934
344 312 0 0.49769287490704994 0.003244285510564382
352 312 0 0.49444858939648556 0.0038253670752714242
360 312 0 0.49062322232121414 0.0043869767486103828
368 312 0 0.48623624557260375 0.00491747547517285
376 312 0 0.4813187700974309 0.0054052143132379826
384 312 0 0.47591355578419292 0.0058383362621620138
392 312 0 0.47007521952203091 0.0062045852030683246
400 312 0 0.46387063431896258 0.0064912083685675914
408 312 0 0.45737942595039499 0.0066850090575849563
416 312 0 0.45069441689281003 0.0067726221551822618
424 312 0 0.44392179473762777 0.0067726221551822618
432 312 0 0.43718072225898358 0.0067410724786441945
440 312 0 0.43060208381714116 0.0065786384418424215
448 312 0 0.42432591588857721 0.0062761679285639471
456 312 0 0.41849624458598567 0.0058296713025915436
464 312 0 0.41325134034527267 0.0052449042407129998
472 312 0 0.40871186788544722 0.0045394724598254443
480 312 0 0.40497444543367433 0.0037374224517728871
488 312 0 0.40211228648510783 0.0028621589485665067
496 312 0 0.40017720339635432 0.0024527881794240147
504 312 0 0.39920147980930371 0.0024483421610483336
0 320 0 0.60074306883471873 0.0025301146110855433
8 320 0 0.5997731044745509 0.0025218166128953001
16 320 0 0.59784797365057096 0.0028497988822793197
24 320 0 0.59499817476829164 0.0037258399256105967
32 320 0 0.59127233484268105 0.0045321800660476086
40 320 0 0.58674015477663344 0.0052447373502344519
48 320 0 0.58149541742639899 0.0058381944989144285
56 320 0 0.57565722292748456 0.0062911659468544157
64 320 0 0.56936605698063014 0.0065930606862105723
72 320 0 0.56277299629441957 0.0067462565437061972
80 320 0 0.55602673975071337 0.0067603805401268424
88 320 0 0.54926635921058653 0.0067603805401268424
96 320 0 0.54261711185324535 0.0066492473573411814
104 320 0 0.53618804097401118 0.0064290708792341666
112 320 0 0.53007110407195579 0.0061169369020553921
120 320 0 0.52434157393575109 0.0057295301362046969
128 320 0 0.51905934455053548 0.0052822293852156088
136 320 0 0.51427058816153126 0.0047887563890042228
144 320 0 0.51000931216869971 0.004261275992831548
152 320 0 0.50629848919851672 0.003710822970182992
160 320 0 0.50315064494904527 0.0031478442494714542
168 320 0 0.50056801379311389 0.0025826311559313808
176 320 0 0.49854249903440678 0.0020255147587071032
184 320 0 0.49705568537511058 0.0014868136592963155
192 320 0 0.49607908739060164 0.0015018203039307565
200 320 0 0.49557472583312395 0.0014538727113451166
208 320 0 0.49549603440701134 0.0013462733268991278
216 320 0 0.49578903007026121 0.0011841342862432547
224 320 0 0.49639363779731049 0.00097432186057544445
232 320 0 0.49724504864232288 0.0010299576644888786
240 320 0 0.49827500630681176 0.0011379500594277947
248 320 0 0.49941295636623956 0.0011740872675208291
256 320 0 0.50058704363376039 0.0011740872675208291
264 320 0 0.5017249936931879 0.0011379500594275171
272 320 0 0.502754951357677 0.0010299576644891006
280 320 0 0.50360636220268928 0.00097432186057544445
288 320 0 0.50421096992973835 0.0011841342862428661
296 320 0 0.50450396559298838 0.0013462733268988503
304 320 0 0.5044252741668761 0.0014538727113450056
312 320 0 0.5039209126093982 0.0015018203039304234
320 320 0 0.50294431462488898 0.0014868136592960379
328 320 0 0.50145750096559294 0.0020255147587068811
336 320 0 0.49943198620688606 0.0025826311559314918
344 320 0 0.49684935505095457 0.0031478442494712877
352 320 0 0.49370151080148328 0.003710822970183103
360 320 0 0.48999068783130018 0.0042612759928312705
368 320 0 0.48572941183846891 0.0047887563890046669
376 320 0 0.48094065544946424 0.0052822293852146651
384 320 0 0.47565842606424957 0.0057295301362045858
392 320 0 0.46992889592804499 0.0061169369020553921
400 320 0 0.4638119590259896 0.0064290708792348883
408 320 0 0.45738288814675471 0.0066492473573406818
416 320 0 0.45073364078941403 0.0067603805401276196
424 320 0 0.44397326024928641 0.0067603805401276196
432 320 0 0.43722700370558021 0.0067462565437061972
440 320 0 0.43063394301937008 0.0065930606862101282
448 320 0 0.42434277707251522 0.0062911659468548597
456 320 0 0.41850458257360112 0.0058381944989140955
464 320 0 0.41325984522336701 0.0052447373502341188
472 320 0 0.40872766515731851 0.0045321800660484968
480 320 0 0.40500182523170764 0.0037258399256108743
488 320 0 0.40215202634942893 0.002849798882278709
496 320 0 0.40022689552544866 0.0025218166128953001
504 320 0 0.39925693116528144 0.0025301146110849326
0 328 0 0.59821295422363319 0.0049719205343471407
8 328 0 0.5972512878616556 0.0049609202751864645
16 328 0 0.59534165604940437 0.0049403534483124512
24 328 0 0.59251257420716696 0.0049128604036157153
32 328 0 0.5888101231238092 0.0048813858601772786
40 328 0 0.58430233607001869 0.0052180651188767913
48 328 0 0.5790842709511419 0.0058024383804402557
56 328 0 0.57328183257070164 0.0062320022160085031
64 328 0 0.56704983035469314 0.0064942384568622558
72 328 0 0.56055559189783088 0.0065979517130706489
80 328 0 0.55395764018476024 0.0065979517130706489
88 328 0 0.54739953161187382 0.0065581085728864119
96 328 0 0.54100594031362881 0.006393591298245016
104 328 0 0.5348806335523304 0.0061253067612984102
112 328 0 0.52910594780086251 0.0057746857514678895
120 328 0 0.52374365038669979 0.00536229741416272
128 328 0 0.51883764474299698 0.0049060056437028043
136 328 0 0.51441740228517785 0.0044202424578191346
144 328 0 0.51050118030941072 0.0039162219757671313
152 328 0 0.50709835203876197 0.00340282827064875
160 328 0 0.50421060729718115 0.0028877447415808222
168 328 0 0.50183223550179701 0.0023783717953841377
176 328 0 0.49994992419876833 0.0018823113030286831
184 328 0 0.49854249903440689 0.0020255147587069922
192 328 0 0.49758090769453239 0.0020707443590060604
200 328 0 0.49702859854446907 0.0020211036433230301
208 328 0 0.49684230773391047 0.0018822268917356166
216 328 0 0.49697316435650446 0.0016622074031183431
224 328 0 0.49736795965788594 0.0013715453249346088
232 328 0 0.49797040665005948 0.0010230348511305332
240 328 0 0.49872223982320296 0.00084182366351021054
248 328 0 0.49956406348671317 0.00087187302657348864
256 328 0 0.50043593651328666 0.00087187302657348864
264 328 0 0.50127776017679715 0.0008418236635104881
272 328 0 0.50202959334994035 0.0010230348511305332
280 328 0 0.50263204034211384 0.0013715453249344423
288 328 0 0.50302683564349548 0.0016622074031181766
296 328 0 0.50315769226608953 0.0018822268917355611
304 328 0 0.5029714014555311 0.0020211036433233076
312 328 0 0.50241909230546777 0.0020707443590063379
320 328 0 0.50145750096559294 0.0020255147587068811
328 328 0 0.50005007580123162 0.00188231130302835
336 328 0 0.49816776449820327 0.0023783717953843597
344 328 0 0.49578939270281891 0.0028877447415808222
352 328 0 0.49290164796123809 0.0034028282706489721
360 328 0 0.48949881969058912 0.0039162219757669092
368 328 0 0.48558259771482221 0.0044202424578191346
376 328 0 0.48116235525700307 0.0049060056437025268
384 328 0 0.47625634961330054 0.0053622974141623314
392 328 0 0.47089405219913821 0.0057746857514681671
400 328 0 0.46511936644767005 0.0061253067612988543
408 328 0 0.45899405968637119 0.0063935912982446275
416 328 0 0.45260046838812656 0.0065581085728870225
424 328 0 0.44604235981523954 0.0065979517130705378
432 328 0 0.439444408102169 0.0065979517130705378
440 328 0 0.43295016964530697 0.0064942384568620337
448 328 0 0.4267181674292983 0.0062320022160086697
456 328 0 0.42091572904885849 0.0058024383804398116
464 328 0 0.41569766392998209 0.0052180651188764027
472 328 0 0.41118987687619091 0.0048813858601772786
480 328 0 0.40748742579283259 0.0049128604036159929
488 328 0 0.4046583439505953 0.0049403534483127287
496 328 0 0.40274871213834396 0.0049609202751864645
504 328 0 0.40178704577636637 0.0049719205343475292
0 336 0 0.59324103368928605 0.0073766273209093791
8 336 0 0.59229036758646914 0.0073627601479865357
16 336 0 0.59040130260109192 0.0073377211128328179
24 336 0 0.58759971380355125 0.0073059781208363317
32 336 0 0.58392873726363193 0.0072723024354618415
40 336 0 0.57945510715500159 0.0072409319940032191
48 336 0 0.5742770581425497 0.0072153792577842601
56 336 0 0.56853545491286361 0.0071722312243062136
64 336 0 0.56242050664908094 0.0070107178631684253
72 336 0 0.55612839778781487 0.0067043937323476577
80 336 0 0.54982726622948908 0.0063011315583257899
88 336 0 0.54366192743373354 0.0061653387957555372
96 336 0 0.537748564478992 0.0059133629547415412
104 336 0 0.53217621866913678 0.005572345809855217
112 336 0 0.52700829238423919 0.0051679262848975949
120 336 0 0.52228276664696383 0.0047255257372753601
128 336 0 0.51801715103408763 0.0042656156128761946
136 336 0 0.51421480550233278 0.0038023455317548471
144 336 0 0.51087056726864877 0.003344238233684016
152 336 0 0.50797457042076744 0.0028959968478813325
160 336 0 0.50551395374770136 0.0024606166730660739
168 336 0 0.50347296060578539 0.0020409931419159699
176 336 0 0.50183223550179701 0.0023783717953840267
184 336 0 0.50056801379311389 0.0025826311559312698
192 336 0 0.49965165205353845 0.0026554730394110493
200 336 0 0.4990497021877921 0.0026018007812024235
208 336 0 0.49872453462564609 0.0024295611538719952
216 336 0 0.4986353717596228 0.0021497247812809483
224 336 0 0.49873950498282055 0.0017762963914539909
232 336 0 0.49899344150119002 0.0013262378961830801
240 336 0 0.49935376189005037 0.00081920333354651431
248 336 0 0.49977755801634671 0.00044488396730590907
256 336 0 0.50022244198365262 0.00044488396730590907
264 336 0 0.50064623810994979 0.00081920333354712493
272 336 0 0.50100655849880982 0.001326237896182858
280 336 0 0.5012604950171794 0.0017762963914537688
288 336 0 0.50136462824037731 0.0021497247812812814
296 336 0 0.50127546537435397 0.0024295611538719952
304 336 0 0.50095029781220779 0.002601800781202257
312 336 0 0.50034834794646144 0.0026554730394114934
320 336 0 0.49943198620688606 0.0025826311559314918
328 336 0 0.49816776449820327 0.0023783717953843042
336 336 0 0.49652703939421472 0.0020409931419159699
344 336 0 0.49448604625229875 0.0024606166730661294
352 336 0 0.49202542957923262 0.0028959968478812215
360 336 0 0.4891294327313514 0.003344238233684016
368 336 0 0.48578519449766738 0.0038023455317547361
376 336 0 0.48198284896591265 0.0042656156128763612
384 336 0 0.47771723335303629 0.0047255257372755821
392 336 0 0.4729917076157607 0.0051679262848975394
400 336 0 0.46782378133086316 0.0055723458098549949
408 336 0 0.46225143552100817 0.0059133629547418187
416 336 0 0.45633807256626635 0.0061653387957555372
424 336 0 0.45017273377051081 0.0063011315583255678
432 336 0 0.44387160221218525 0.0067043937323476022
440 336 0 0.43757949335091895 0.0070107178631685363
448 336 0 0.43146454508713589 0.0071722312243070463
456 336 0 0.42572294185745008 0.0072153792577839826
464 336 0 0.42054489284499824 0.007240931994002775
472 336 0 0.41607126273636819 0.0072723024354613974
480 336 0 0.41240028619644858 0.0073059781208364982
488 336 0 0.40959869739890803 0.0073377211128327624
496 336 0 0.40770963241353042 0.0073627601479865912
504 336 0 0.4067589663107139 0.007376627320908713
0 344 0 0.58586440636837667 0.0097398560020842684
8 344 0 0.5849276074384826 0.0097225057716703311
16 344 0 0.5830635814882591 0.00969376251175047
24 344 0 0.58029373568271492 0.0096616483389463381
32 344 0 0.57665643482817008 0.0096336180680182126
40 344 0 0.57221417516099837 0.0096249839479854993
48 344 0 0.56706167888476544 0.0096796199415850603
56 344 0 0.5613632236885574 0.009779732178572198
64 344 0 0.55540978878591252 0.0095390359705758154
72 344 0 0.54942400405546721 0.0090833645130912188
80 344 0 0.54356982481710658 0.0084801153938625085
88 344 0 0.53799643720123735 0.0076699332294509759
96 344 0 0.5328002659298321 0.0066944405645941174
104 344 0 0.52804302464639818 0.0056010870748711694
112 344 0 0.52376090502850514 0.0044153734035715653
120 344 0 0.51995630309609642 0.0038046019324087244
128 344 0 0.51660771728581478 0.0033485858102816346
136 344 0 0.51368164138336359 0.0029260759024511973
144 344 0 0.51114154766727726 0.0025400937160863224
152 344 0 0.50895319529015504 0.0021883523771222269
160 344 0 0.50708632854768443 0.0018668667424706076
168 344 0 0.50551395374770136 0.0024606166730660739
176 344 0 0.50421060729718103 0.0028877447415809332
184 344 0 0.50315064494904516 0.0031478442494715653
192 344 0 0.5023071250929495 0.0032442855105647705
200 344 0 0.50165150296899452 0.0031838480774885047
208 344 0 0.50115409577951808 0.0029766562073219038
216 344 0 0.50078509654090375 0.0026362987788772774
224 344 0 0.50051580137427454 0.0021799858086605228
232 344 0 0.5003196793973731 0.001628578826725291
240 344 0 0.50017296522359689 0.0010063497800625321
248 344 0 0.50005458559314486 0.00034038206057385167
256 344 0 0.49994541440685458 0.0003403820605734631
264 344 0 0.49982703477640267 0.0010063497800616994
272 344 0 0.49968032060262696 0.0016285788267255685
280 344 0 0.49948419862572563 0.0021799858086607449
288 344 0 0.49921490345909603 0.0026362987788772219
296 344 0 0.49884590422048197 0.0029766562073217373
304 344 0 0.49834849703100553 0.0031838480774884492
312 344 0 0.49769287490704994 0.0032442855105644375
320 344 0 0.49684935505095457 0.0031478442494712877
328 344 0 0.49578939270281897 0.0028877447415808222
336 344 0 0.49448604625229875 0.0024606166730660739
344 344 0 0.49291367145231552 0.0018668667424707186
352 344 0 0.4910468047098448 0.0021883523771226154
360 344 0 0.48885845233272218 0.0025400937160858783
368 344 0 0.4863183586166363 0.0029260759024511418
376 344 0 0.48339228271418516 0.0033485858102816901
384 344 0 0.48004369690390347 0.0038046019324089464
392 344 0 0.47623909497149453 0.0044153734035715653
400 344 0 0.47195697535360148 0.0056010870748718355
408 344 0 0.46719973407016785 0.0066944405645938954
416 344 0 0.46200356279876292 0.0076699332294506983
424 344 0 0.45643017518289297 0.0084801153938627305
432 344 0 0.45057599594453285 0.0090833645130913854
440 344 0 0.44459021121408748 0.009539035970576093
448 344 0 0.43863677631144293 0.0097797321785720315
456 344 0 0.43293832111523406 0.0096796199415854489
464 344 0 0.42778582483900102 0.0096249839479857213
472 344 0 0.42334356517182958 0.0096336180680185457
480 344 0 0.41970626431728508 0.0096616483389462826
488 344 0 0.41693641851174079 0.0096937625117501924
496 344 0 0.41507239256151701 0.0097225057716702201
504 344 0 0.41413559363162261 0.009739856002084768
0 352 0 0.5761245503662924 0.012051243643215193
8 352 0 0.57520510166681227 0.012030747694181887
16 352 0 0.57336981897650863 0.012002821875811365
24 352 0 0.57063208734376858 0.011979718460630728
32 352 0 0.56702281676015187 0.011965063116536556
40 352 0 0.56258919121301287 0.011996137623335623
48 352 0 0.55738205894318038 0.012233133758067005
56 352 0 0.5515834915099852 0.01290056580317811
64 352 0 0.5458707528153367 0.01230844331491554
72 352 0 0.54034063954237599 0.011545241868411216
80 352 0 0.53508970942324408 0.010824288195613874
88 352 0 0.53032650397178638 0.0097613223359500623
96 352 0 0.52610582536523798 0.0084976573100715713
104 352 0 0.52244193757152702 0.0071238143584058111
112 352 0 0.51934553162493358 0.0056110793441416229
120 352 0 0.5167677144430044 0.004042239003932413
128 352 0 0.51462950571626642 0.0025129048793525177
136 352 0 0.5128475794229751 0.0017819262932913249
144 352 0 0.51134660940683041 0.0015009700161446871
152 352 0 0.51006463733460039 0.0012819720722300199
160 352 0 0.50895319529015504 0.0021883523771222269
168 352 0 0.50797457042076744 0.0028959968478813325
176 352 0 0.50709835203876197 0.00340282827064875
184 352 0 0.50629848919851672 0.003710822970182992
192 352 0 0.50555141060351427 0.0038253670752720348
200 352 0 0.50483535104648303 0.0037550695658113975
208 352 0 0.50413075198683999 0.0035119198849353772
216 352 0 0.50342139531978103 0.0031116616988728918
224 352 0 0.50269578718293506 0.0025742045795154045
232 352 0 0.50194825822409839 0.0019238571778243951
240 352 0 0.50117931500365942 0.0011891740357039549
248 352 0 0.50039496765371871 0.00078993530743759477
256 352 0 0.49960503234628112 0.00078993530743759477
264 352 0 0.49882068499634097 0.0011891740357043434
272 352 0 0.49805174177590139 0.0019238571778242286
280 352 0 0.49730421281706488 0.00257420457951546
288 352 0 0.4965786046802188 0.0031116616988722257
296 352 0 0.49586924801316024 0.0035119198849351552
304 352 0 0.49516464895351708 0.0037550695658117306
312 352 0 0.4944485893964855 0.0038253670752714242
320 352 0 0.49370151080148328 0.0037108229701831585
328 352 0 0.49290164796123814 0.0034028282706489721
336 352 0 0.49202542957923268 0.002895996847881277
344 352 0 0.49104680470984485 0.0021883523771226709
352 352 0 0.4899353626654 0.0012819720722305195
360 352 0 0.48865339059316948 0.0015009700161452422
368 352 0 0.48715242057702424 0.0017819262932913249
376 352 0 0.48537049428373291 0.0025129048793524067
384 352 0 0.48323228555699521 0.0040422390039326905
392 352 0 0.48065446837506609 0.005611079344142178
400 352 0 0.47755806242847332 0.0071238143584057556
408 352 0 0.47389417463476174 0.008497657310072293
416 352 0 0.46967349602821362 0.0097613223359498402
424 352 0 0.4649102905767557 0.01082428819561404
432 352 0 0.45965936045762423 0.011545241868411216
440 352 0 0.45412924718466358 0.012308443314915152
448 352 0 0.44841650849001496 0.012900565803177499
456 352 0 0.44261794105681951 0.012233133758067394
464 352 0 0.43741080878698674 0.011996137623335845
472 352 0 0.43297718323984813 0.011965063116536889
480 352 0 0.42936791265623137 0.011979718460630673
488 352 0 0.42663018102349098 0.012002821875811642
496 352 0 0.42479489833318723 0.012030747694182276
504 352 0 0.42387544963370738 0.012051243643214804
0 360 0 0.56407330672307721 0.014277098665400612
8 360 0 0.56317435397263038 0.014263180646557627
16 360 0 0.56136699710069726 0.014256440880228927
24 360 0 0.55865236888313785 0.014266531730348864
32 360 0 0.55505775364361531 0.014276048500286742
40 360 0 0.55059305358967725 0.01434029613679666
48 360 0 0.54514892518511338 0.014417799563365974
56 360 0 0.53868292570680709 0.017166712063840572
64 360 0 0.53356230950042116 0.015039964619441237
72 360 0 0.52879539767396477 0.013752251188664077
80 360 0 0.5242654212276302 0.013319530703607141
88 360 0 0.52056518163583632 0.011899419431535052
96 360 0 0.51760816805516641 0.010306603755394494
104 360 0 0.5153181232131212 0.0087390385447961849
112 360 0 0.51373445228079195 0.0068695679725043757
120 360 0 0.51272547543907199 0.0048847657123444188
128 360 0 0.5121166008369139 0.0029921021678022131
136 360 0 0.51175799955953305 0.0012759691837803677
144 360 0 0.51153089262994456 0.00022710692958849421
152 360 0 0.51134660940683041 0.0015009700161446871
160 360 0 0.51114154766727726 0.0025400937160863224
168 360 0 0.51087056726864877 0.0033442382336839049
176 360 0 0.51050118030941072 0.0039162219757671313
184 360 0 0.51000931216869971 0.004261275992831548
192 360 0 0.50937677767878631 0.0043869767486099942
200 360 0 0.50859042061229442 0.0043034914494148868
208 360 0 0.50764267187177536 0.0040241128070569454
216 360 0 0.50653305701865392 0.0035660163749859919
224 360 0 0.50526999176245047 0.0029510585206544704
232 360 0 0.50387211540192278 0.002206336665505515
240 360 0 0.50236848903936338 0.0015712359226448536
248 360 0 0.50079725311671852 0.0015945062334375426
256 360 0 0.49920274688328098 0.0015945062334375426
264 360 0 0.49763151096063662 0.001571235922644354
272 360 0 0.49612788459807716 0.0022063366655055705
280 360 0 0.49473000823754942 0.0029510585206538043
288 360 0 0.49346694298134658 0.0035660163749857698
296 360 0 0.49235732812822508 0.0040241128070568344
304 360 0 0.49140957938770535 0.0043034914494145537
312 360 0 0.49062322232121408 0.0043869767486103828
320 360 0 0.48999068783130012 0.0042612759928312149
328 360 0 0.48949881969058917 0.0039162219757669647
336 360 0 0.4891294327313514 0.003344238233684016
344 360 0 0.48885845233272218 0.0025400937160858783
352 360 0 0.48865339059316948 0.0015009700161452422
360 360 0 0.48846910737005483 0.00022710692958882728
368 360 0 0.48824200044046601 0.0012759691837807008
376 360 0 0.48788339916308532 0.0029921021678026016
384 360 0 0.4872745245609279 0.0048847657123444188
392 360 0 0.48626554771920827 0.0068695679725040981
400 360 0 0.48468187678687907 0.0087390385447965735
408 360 0 0.48239183194483404 0.010306603755394272
416 360 0 0.47943481836416346 0.01189941943153594
424 360 0 0.47573457877236974 0.013319530703607474
432 360 0 0.47120460232603545 0.013752251188663467
440 360 0 0.46643769049957873 0.015039964619440793
448 360 0 0.46131707429319246 0.017166712063841127
456 360 0 0.4548510748148869 0.014417799563365918
464 360 0 0.44940694641032258 0.014340296136796826
472 360 0 0.44494224635638502 0.014276048500286631
480 360 0 0.44134763111686204 0.01426653173034903
488 360 0 0.43863300289930263 0.014256440880228982
496 360 0 0.43682564602736951 0.014263180646557849
504 360 0 0.43592669327692218 0.014277098665401
0 368 1 0.54988570192156194 0.01474135712642255
4 368 1 0.54970671419379113 0.014766540837196307
8 368 1 0.54918883784868555 0.014699302652701696
12 368 1 0.54863350880346007 0.014804720927994786
16 368 1 0.54757689255126207 0.01468910771056231
20 368 1 0.54664421988967449 0.014838925603516739
24 368 1 0.54505199416655781 0.01463190703436168
28 368 1 0.54371968013902006 0.014932688744117795
32 368 1 0.54159449012574967 0.014746922123791362
36 368 1 0.53996892016090725 0.015088833482708064
40 368 1 0.53734640056996519 0.014626872221954912
44 368 1 0.53515911433579588 0.015543467693017843
48 368 1 0.53212361453683754 0.014072321902993457
52 368 1 0.52933863670665704 0.015810288478456336
56 368 0 0.52151621364296652 0.017773995138873455
64 368 0 0.51852234488097992 0.015918318158730793
72 368 0 0.5150431464853007 0.014524535365834756
80 368 0 0.51094589052402306 0.016396916276714635
88 368 0 0.50866576220430126 0.013910062802038992
96 368 0 0.50730156429977191 0.011904791548623783
104 368 0 0.50657908466832502 0.01062148014265818
112 368 0 0.50686488430828758 0.0083501298959488546
120 368 0 0.50784070972672757 0.0057357972291209869
128 368 0 0.50912449866911169 0.0033827023264055844
136 368 0 0.51048203037575268 0.0013575317066409909
144 368 0 0.51175799955953305 0.0012759691837803677
152 368 0 0.5128475794229751 0.0017819262932914359
160 368 0 0.51368164138336359 0.0029260759024513083
168 368 0 0.51421480550233267 0.0038023455317549582
176 368 0 0.51441740228517785 0.0044202424578192456
184 368 0 0.51427058816153126 0.0047887563890043339
192 368 0 0.5137637544273963 0.0049174754751732941
200 368 0 0.51289391206170931 0.004817529846388946
208 368 0 0.51166678467883231 0.004502640377487932
216 368 0 0.51009907339363991 0.0039903814627015866
224 368 0 0.50822105028310494 0.0033035144473981815
232 368 0 0.5060784520674283 0.0024710388843265374
240 368 0 0.50373269970013224 0.0024738663248141668
248 368 0 0.50125883337531807 0.00251766675063686
256 368 0 0.49874116662468121 0.00251766675063686
264 368 0 0.49626730029986793 0.0024738663248132786
272 368 0 0.49392154793257159 0.0024710388843261488
280 368 0 0.49177894971689562 0.0033035144473979039
288 368 0 0.48990092660636081 0.003990381462701531
296 368 0 0.48833321532116825 0.0045026403774877655
304 368 0 0.4871060879382908 0.0048175298463886684
312 368 0 0.4862362455726037 0.0049174754751727945
320 368 0 0.48572941183846891 0.0047887563890046114
328 368 0 0.48558259771482221 0.0044202424578190791
336 368 0 0.48578519449766738 0.0038023455317547361
344 368 0 0.4863183586166363 0.0029260759024511418
352 368 0 0.48715242057702424 0.0017819262932912694
360 368 0 0.48824200044046601 0.0012759691837807008
368 368 0 0.48951796962424671 0.0013575317066412684
376 368 0 0.49087550133088792 0.0033827023264051403
384 368 0 0.49215929027327232 0.0057357972291210424
392 368 0 0.49313511569171237 0.0083501298959492432
400 368 0 0.49342091533167565 0.010621480142658069
408 368 0 0.49269843570022831 0.011904791548623894
416 368 0 0.4913342377956994 0.01391006280203877
424 368 0 0.48905410947597722 0.016396916276714302
432 368 0 0.48495685351469892 0.01452453536583459
440 368 0 0.48147765511901952 0.015918318158731071
448 368 0 0.47848378635703359 0.017773995138873289
456 368 1 0.47066136329334302 0.015810288478456114
460 368 1 0.46787638546316251 0.014072321902993457
464 368 1 0.46484088566420395 0.015543467693018176
468 368 1 0.46265359943003476 0.01462687222195469
472 368 1 0.46003107983909303 0.015088833482708008
476 368 1 0.45840550987425033 0.014746922123791362
480 368 1 0.45628031986098005 0.014932688744118017
484 368 1 0.45494800583344225 0.014631907034361569
488 368 1 0.45335578011032535 0.014838925603516795
492 368 1 0.45242310744873793 0.014689107710562199
496 368 1 0.45136649119653988 0.014804720927994897
500 368 1 0.45081116215131478 0.014699302652701529
504 368 1 0.4502932858062087 0.014766540837196418
508 368 1 0.45011429807843778 0.014741357126422883
0 372 1 0.53514434479513939 0.015213729919139829
4 372 1 0.53494017335659483 0.015210527400187912
8 372 1 0.53448953519598386 0.015206701444150927
12 372 1 0.53382878787546528 0.015272499158026198
16 372 1 0.53288778484069976 0.015308668257460134
20 372 1 0.53180529428615775 0.015286961336464899
24 372 1 0.53042008713219613 0.015136768302521642
28 372 1 0.5288108823879708 0.01526533228752025
32 372 1 0.52684756800195831 0.015616475858514001
36 372 1 0.52503319083119826 0.015230266432695205
40 372 1 0.52271952834801028 0.014737041065262302
44 372 1 0.51961564664277804 0.017939894343009022
48 372 1 0.51805129263384408 0.016194698463503632
52 372 1 0.51796559073560311 0.01544319796025162
456 372 1 0.48203440926439717 0.015443197960251343
460 372 1 0.48194870736615597 0.016194698463503798
464 372 1 0.48038435335722213 0.017939894343008855
468 372 1 0.47728047165198945 0.014737041065262468
472 372 1 0.47496680916880168 0.015230266432695261
476 372 1 0.47315243199804169 0.015616475858513945
480 372 1 0.47118911761202936 0.015265332287520139
484 372 1 0.46957991286780382 0.015136768302521753
488 372 1 0.46819470571384214 0.01528696133646501
492 372 1 0.46711221515930013 0.01530866825746019
496 372 1 0.46617121212453477 0.015272499158026254
500 372 1 0.46551046480401631 0.015206701444150816
504 372 1 0.46505982664340512 0.015210527400188079
508 372 1 0.46485565520486066 0.015213729919139829
0 376 2 0.51995035485741048 0.015305996092967566
2 376 2 0.51991087489458854 0.015309318538435424
4 376 2 0.51979445172734096 0.015288585554052769
6 376 2 0.51966484018547277 0.015304381139974343
8 376 2 0.51940414301100035 0.015270308415776146
10 376 2 0.5191615244926655 0.015328010703318351
12 376 2 0.51874162120405887 0.015320473681611824
14 376 2 0.51837095623081941 0.01545783164464587
16 376 2 0.5177942633987358 0.01542853514264253
18 376 2 0.51736396976774357 0.015523815072956193
20 376 2 0.51674386187391375 0.015408444622659445
22 376 2 0.51629280402547195 0.015512490260685796
24 376 2 0.51556567854790103 0.015181280418575249
26 376 2 0.51500095911144794 0.015419128020748185
28 376 2 0.51401533303362101 0.014991650578917715
30 376 2 0.51307576716727998 0.015735115220690821
32 376 2 0.51161563317654823 0.016059725853581619
34 376 2 0.5108465511103405 0.016084550518620733
36 376 2 0.51002877923005896 0.01550067118167181
38 376 2 0.50957706956694715 0.01545612126425111
40 376 2 0.50865713941435842 0.014062388933651859
42 376 2 0.50730783515113753 0.015411693196872744
44 376 1 0.50167575229976902 0.018316993894191169
48 376 1 0.50185659417034045 0.016804264125970803
52 376 1 0.50252239277535149 0.016117049964337549
56 376 1 0.5037760772926505 0.017740136350316016
60 376 1 0.50370835971553574 0.017807853927430783
64 376 1 0.50283922949980953 0.016205513196709487
68 376 1 0.50236882394468874 0.016153520936291188
72 376 1 0.50113054973503457 0.014126690577558054
76 376 1 0.49990667250389736 0.015136473981403331
80 376 0 0.49454897424730843 0.017063415469552146
88 376 0 0.49475569940226227 0.015010305675909885
96 376 0 0.49539677275114813 0.012556433175113735
104 376 0 0.49595760452566684 0.013604123677435631
112 376 0 0.49851475441233872 0.010628670551527053
120 376 0 0.50210491249760658 0.0066880168622586167
128 376 0 0.50574179634270611 0.0036368838450995256
136 376 0 0.50912449866911169 0.0033827023264055844
144 376 0 0.51211660083691402 0.0029921021678023241
152 376 0 0.51462950571626653 0.0025129048793525177
160 376 0 0.51660771728581489 0.0033485858102816346
168 376 0 0.51801715103408763 0.0042656156128761946
176 376 0 0.5188376447429971 0.0049060056437028043
184 376 0 0.5190593445505356 0.0052822293852154978
192 376 0 0.5186812299025696 0.0054052143132380381
200 376 0 0.51771144190809826 0.0052860879782942183
208 376 0 0.51616942505632024 0.0049377861741700668
216 376 0 0.5140894548563415 0.004376905204061754
224 376 0 0.51152456473050312 0.0036257367263166085
232 376 0 0.50854949095175483 0.0032882797486037951
240 376 0 0.50526121120315104 0.003485085703500701
248 376 0 0.50177612549965034 0.0035522509993013429
256 376 0 0.498223874500349 0.0035522509993013429
264 376 0 0.49473878879684896 0.0034850857035000349
272 376 0 0.49145050904824544 0.0032882797486035176
280 376 0 0.48847543526949772 0.003625736726316886
288 376 0 0.48591054514365928 0.0043769052040615319
296 376 0 0.48383057494368048 0.0049377861741703999
304 376 0 0.48228855809190213 0.0052860879782946069
312 376 0 0.4813187700974309 0.0054052143132379826
320 376 0 0.48094065544946429 0.0052822293852147206
328 376 0 0.48116235525700313 0.0049060056437025823
336 376 0 0.48198284896591265 0.0042656156128763612
344 376 0 0.48339228271418516 0.0033485858102816901
352 376 0 0.48537049428373297 0.0025129048793523512
360 376 0 0.48788339916308532 0.0029921021678026571
368 376 0 0.49087550133088798 0.0033827023264050848
376 376 0 0.49425820365729306 0.0036368838451003027
384 376 0 0.49789508750239336 0.0066880168622587832
392 376 0 0.50148524558766161 0.010628670551526609
400 376 0 0.50404239547433372 0.013604123677435465
408 376 0 0.5046032272488522 0.01255643317511379
416 376 0 0.50524430059773817 0.015010305675909885
424 376 0 0.50545102575269152 0.017063415469552257
432 376 1 0.50009332749610214 0.01513647398140322
436 376 1 0.49886945026496504 0.014126690577558054
440 376 1 0.49763117605531076 0.016153520936291244
444 376 1 0.49716077050019036 0.016205513196709709
448 376 1 0.49629164028446443 0.017807853927430839
452 376 1 0.49622392270734933 0.017740136350315738
456 376 1 0.49747760722464851 0.016117049964337604
460 376 1 0.49814340582965977 0.016804264125970581
464 376 1 0.49832424770023098 0.01831699389419128
468 376 2 0.4926921648488623 0.015411693196872855
470 376 2 0.49134286058564147 0.014062388933652026
472 376 2 0.49042293043305279 0.01545612126425111
474 376 2 0.48997122076994104 0.015500671181671755
476 376 2 0.48915344888965945 0.016084550518620733
478 376 2 0.48838436682345177 0.016059725853581508
480 376 2 0.48692423283271996 0.015735115220690599
482 376 2 0.48598466696637899 0.014991650578917715
484 376 2 0.48499904088855211 0.015419128020748296
486 376 2 0.48443432145209903 0.015181280418575194
488 376 2 0.48370719597452805 0.015512490260685907
490 376 2 0.4832561381260862 0.015408444622659612
492 376 2 0.48263603023225643 0.015523815072956304
494 376 2 0.4822057366012642 0.015428535142642641
496 376 2 0.48162904376918081 0.015457831644646036
498 376 2 0.4812583787959413 0.015320473681611768
500 376 2 0.48083847550733461 0.015328010703318296
502 376 2 0.48059585698899965 0.015270308415776146
504 376 2 0.48033515981452729 0.015304381139974399
506 376 2 0.48020554827265916 0.015288585554052769
508 376 2 0.48008912510541146 0.015309318538435701
510 376 2 0.48004964514258952 0.015305996092967733
0 378 2 0.50464435876444291 0.015396061579955489
2 378 2 0.50460155635615311 0.01539121165221996
4 378 2 0.50450586617328819 0.015377707632539594
6 378 2 0.50436045904549842 0.015368341968179655
8 378 2 0.50413383459522421 0.015355245933862227
10 378 2 0.50383679114729918 0.015378707723989749
12 378 2 0.50342114752244704 0.015443096555790348
14 378 2 0.50292871085326418 0.015589708024109916
16 378 2 0.50236572825609327 0.015672542947981927
18 378 2 0.50184627794518977 0.015705231691593546
20 378 2 0.5013354172512543 0.015632942152785045
22 378 2 0.50088439598318757 0.015512892133783429
24 378 2 0.50038439812932578 0.01528425936586969
26 378 2 0.49984503440983918 0.015155924701608758
28 378 2 0.4990236824547033 0.014991650578917715
30 378 2 0.49771814805852838 0.015357619108751608
32 378 2 0.49555590732296662 0.017516386346036916
34 378 2 0.49476200059171976 0.016722479614790065
36 378 2 0.49452810804838715 0.015727468070773132
38 378 2 0.4944631933017703 0.015662553324156281
40 378 2 0.49490183064691096 0.014509214076989796
42 378 2 0.49607379451438299 0.015681177944461833
468 378 2 0.50392620548561684 0.015681177944461999
470 378 2 0.50509816935308893 0.014509214076989907
472 378 2 0.50553680669822965 0.015662553324156447
474 378 2 0.5054718919516128 0.015727468070773298
476 378 2 0.50523799940828018 0.016722479614790009
478 378 2 0.50444409267703327 0.017516386346036916
480 378 2 0.50228185194147146 0.015357619108751497
482 378 2 0.5009763175452967 0.014991650578917715
484 378 2 0.5001549655901607 0.015155924701608592
486 378 2 0.49961560187067422 0.015284259365869746
488 378 2 0.49911560401681238 0.01551289213378354
490 378 2 0.49866458274874581 0.01563294215278499
492 378 2 0.49815372205481029 0.015705231691593491
494 378 2 0.49763427174390684 0.015672542947981816
496 378 2 0.49707128914673593 0.015589708024109861
498 378 2 0.49657885247755307 0.015443096555790237
500 378 2 0.49616320885270082 0.015378707723989637
502 378 2 0.49586616540477579 0.015355245933862172
504 378 2 0.49563954095450169 0.0153683419681796
506 378 2 0.49549413382671192 0.01537770763253965
508 378 2 0.49539844364384716 0.015391211652219849
510 378 2 0.49535564123555725 0.015396061579955489
0 380 2 0.48924829718448742 0.015470929763047814
2 380 2 0.48921034470393315 0.015461999880538702
4 380 2 0.48912815854074859 0.015443634610819545
6 380 2 0.48899211707731877 0.015419501894956
8 380 2 0.48877858866136198 0.015396409480331608
10 380 2 0.48845808342330943 0.015413609478756696
12 380 2 0.4879780509666567 0.015559689800320853
14 380 2 0.48733900282915427 0.015910724988869307
16 380 2 0.48669318530811134 0.016027625146189106
18 380 2 0.48614104625359622 0.016006413615108572
20 380 2 0.48570247509846926 0.015890039815875667
22 380 2 0.48537150384940414 0.01570283696650937
24 380 2 0.48510013876345609 0.015411455601986701
26 380 2 0.48483994207677833 0.015005092333060854
28 380 2 0.48439713125780093 0.014626551196902371
30 380 2 0.4831121027600262 0.014606045298502179
32 380 1 0.4780395209769297 0.017633087434660133
36 380 1 0.47880063997761402 0.016435985380499341
40 380 1 0.48039261656992116 0.01609286911120783
44 380 1 0.48335875840557785 0.018316993894191169
48 380 1 0.48505233004436965 0.016804264125970803
52 380 1 0.48640534281101394 0.016117049964337549
56 380 1 0.48727905414376388 0.016497023148886625
60 380 1 0.4866073682651727 0.017706211621478007
64 380 1 0.48663371630310004 0.016326763506531949
68 380 1 0.48681948504779071 0.015572349321729018
72 380 1 0.48700385915747652 0.01570878491844474
76 380 1 0.48869114976935957 0.015508255929757797
432 380 1 0.5113088502306401 0.01550825592975813
436 380 1 0.5129961408425231 0.015708784918444962
440 380 1 0.51318051495220918 0.015572349321729018
444 380 1 0.51336628369690007 0.016326763506531949
448 380 1 0.5133926317348273 0.017706211621478118
452 380 1 0.51272094585623595 0.016497023148886625
456 380 1 0.51359465718898611 0.016117049964337604
460 380 1 0.51494766995563035 0.016804264125970581
464 380 1 0.51664124159442226 0.01831699389419128
468 380 1 0.51960738343007884 0.016092869111207775
472 380 1 0.52119936002238609 0.016435985380499285
476 380 1 0.52196047902307019 0.017633087434660188
480 380 2 0.51688789723997375 0.01460604529850229
482 380 2 0.51560286874219896 0.01462655119690226
484 380 2 0.5151600579232215 0.015005092333060799
486 380 2 0.51489986123654397 0.015411455601986535
488 380 2 0.51462849615059592 0.015702836966509426
490 380 2 0.5142975249015308 0.015890039815875667
492 380 2 0.51385895374640378 0.016006413615108683
494 380 2 0.51330681469188866 0.016027625146189051
496 380 2 0.51266099717084579 0.015910724988869362
498 380 2 0.5120219490333433 0.015559689800320853
500 380 2 0.51154191657669046 0.015413609478756807
502 380 2 0.51122141133863797 0.015396409480331608
504 380 2 0.51100788292268129 0.015419501894956111
506 380 2 0.51087184145925157 0.015443634610819545
508 380 2 0.51078965529606701 0.015461999880538757
510 380 2 0.51075170281551274 0.015470929763047869
0 382 2 0.47377736742143961 0.015533053782112338
2 382 2 0.47374834482339445 0.015520556018510767
4 382 2 0.47368452392992905 0.01549421451076155
6 382 2 0.47357261518236277 0.015452739717420838
8 382 2 0.47338217918103037 0.0153996713695424
10 382 2 0.47304447394455273 0.015413609478756696
12 382 2 0.47241836116633584 0.015631795238566781
14 382 2 0.47142827784028496 0.016676057409305112
16 382 2 0.47066556016192224 0.01664619102328041
18 382 2 0.47013463263848765 0.016433198541564165
20 382 2 0.46981243528259359 0.016203549491862312
22 382 2 0.46966866688289477 0.015969420421058145
24 382 2 0.46968868316146939 0.015703765513337964
26 382 2 0.46991514499971904 0.015380697159612322
28 382 2 0.47052544659748957 0.01502062771670265
30 382 2 0.47222624475708874 0.015042332770195399
480 382 2 0.52777375524291115 0.01504233277019551
482 382 2 0.52947455340251037 0.015020627716702761
484 382 2 0.5300848550002808 0.015380697159612322
486 382 2 0.5303113168385305 0.015703765513337964
488 382 2 0.53033133311710534 0.015969420421058089
490 382 2 0.53018756471740647 0.016203549491862312
492 382 2 0.52986536736151246 0.016433198541564109
494 382 2 0.52933443983807771 0.016646191023280354
496 382 2 0.52857172215971515 0.016676057409305001
498 382 2 0.52758163883366416 0.015631795238566726
500 382 2 0.52695552605544727 0.015413609478756807
502 382 2 0.52661782081896957 0.015399671369542345
504 382 2 0.5264273848176374 0.015452739717420672
506 382 2 0.52631547607007112 0.015494214510761495
508 382 2 0.52625165517660577 0.015520556018510767
510 382 2 0.52622263257856061 0.015533053782112227
0 384 2 0.45824431363932727 0.015584469010989199
2 384 2 0.45822778880488368 0.015569462671347956
4 384 2 0.4581903094191675 0.015536355979354932
6 384 2 0.45811987546494193 0.015476018537746772
8 384 2 0.45798250781148797 0.0153996713695424
10 384 2 0.45766454789443395 0.015379926050118786
12 384 2 0.45678656592776906 0.015631795238566781
14 384 2 0.45475222043097985 0.018499539017574951
16 384 2 0.45401936913864183 0.017429684786523847
18 384 2 0.45370143409692348 0.016852978699715915
20 384 2 0.45360888579073128 0.016490885370998909
22 384 2 0.45369924646183662 0.01623387426739975
24 384 2 0.45398491764813143 0.016020190525406985
26 384 2 0.45453444784010671 0.015841997376062789
28 384 2 0.45550481888078692 0.015758564755275706
30 384 2 0.45718391198689334 0.015989713739845979
32 384 2 0.45979256308877575 0.018246957888153947
34 384 2 0.46102030399576338 0.017019216981166319
36 384 2 0.4619835414210206 0.016817098556593413
38 384 2 0.4627457677732088 0.016316515780939511
40 384 2 0.46383236706977893 0.016560249500142232
42 384 2 0.46476712784764779 0.016107480044252498
44 384 2 0.46631117689571688 0.017047581509860965
46 384 2 0.46730572496250711 0.016127015445534243
48 384 2 0.46852169945790484 0.016530630586464812
50 384 2 0.46941816200690528 0.015752581002378474
52 384 2 0.47054555654713576 0.015859786263878184
54 384 2 0.47144077875185986 0.014964564059154084
56 384 2 0.47240470499315468 0.014874349150609201
58 384 2 0.47252737328611505 0.01475168085764883
60 384 1 0.46890115664369469 0.017706211621478007
64 384 1 0.47030695279656809 0.016326763506531949
68 384 1 0.47124713572606169 0.015572349321729018
72 384 1 0.47129507423903177 0.017523917738143824
76 384 1 0.47318289383960177 0.017191008072809322
80 384 1 0.47673788277324441 0.017811091474064011
84 384 1 0.47823323478226815 0.01631573946504028
88 384 1 0.47919628436363193 0.015746229401093159
92 384 1 0.48029450308907295 0.015111572111126181
96 384 1 0.48198730046939092 0.013507065695254061
100 384 1 0.48369337868267792 0.011703394068470208
104 384 0 0.48235348084823121 0.016257398183945282
112 384 0 0.48788608386081167 0.014312633080245774
120 384 0 0.49541689563534796 0.0075308117745362946
128 384 0 0.50210491249760658 0.0066880168622586167
136 384 0 0.50784070972672768 0.0057357972291210979
144 384 0 0.51272547543907221 0.0048847657123445298
152 384 0 0.51676771444300451 0.004042239003932302
160 384 0 0.51995630309609653 0.0038046019324088354
168 384 0 0.52228276664696383 0.0047255257372754711
176 384 0 0.5237436503866999 0.00536229741416272
184 384 0 0.52434157393575109 0.0057295301362048079
192 384 0 0.52408644421580763 0.0058383362621617918
200 384 0 0.52299752988639248 0.0056985678883870738
208 384 0 0.52110721123049031 0.0053208662118174876
216 384 0 0.51846636006040325 0.0047191214115630542
224 384 0 0.51515030145681973 0.0039133936800532787
232 384 0 0.51126352963338417 0.0043224748650804168
240 384 0 0.50694105476830376 0.0045962305953016758
248 384 0 0.50234482417300208 0.004689648346004327
256 384 0 0.49765517582699775 0.004689648346004327
264 384 0 0.49305894523169563 0.0045962305953021199
272 384 0 0.48873647036661561 0.0043224748650800282
280 384 0 0.48484969854318083 0.0039133936800530011
288 384 0 0.48153363993959775 0.0047191214115636648
296 384 0 0.47889278876951008 0.0053208662118175987
304 384 0 0.47700247011360752 0.0056985678883870183
312 384 0 0.47591355578419292 0.0058383362621620138
320 384 0 0.47565842606424957 0.0057295301362045858
328 384 0 0.47625634961330054 0.0053622974141623869
336 384 0 0.47771723335303629 0.0047255257372755821
344 384 0 0.48004369690390347 0.0038046019324088909
352 384 0 0.48323228555699521 0.0040422390039326905
360 384 0 0.4872745245609279 0.0048847657123444188
368 384 0 0.49215929027327232 0.0057357972291210424
376 384 0 0.49789508750239336 0.0066880168622587832
384 384 0 0.50458310436465215 0.0075308117745360725
392 384 0 0.51211391613918822 0.014312633080245662
400 384 0 0.51764651915176918 0.016257398183945115
408 384 1 0.5163066213173223 0.011703394068470097
412 384 1 0.51801269953060969 0.013507065695253728
416 384 1 0.51970549691092749 0.015111572111126015
420 384 1 0.52080371563636862 0.015746229401093048
424 384 1 0.52176676521773213 0.016315739465040613
428 384 1 0.52326211722675553 0.017811091474064011
432 384 1 0.52681710616039823 0.017191008072809266
436 384 1 0.52870492576096806 0.01752391773814399
440 384 1 0.52875286427393819 0.015572349321729018
444 384 1 0.52969304720343202 0.016326763506531949
448 384 1 0.53109884335630542 0.017706211621478118
452 384 2 0.52747262671388517 0.014751680857649219
454 384 2 0.52759529500684532 0.014874349150609367
456 384 2 0.52855922124814025 0.01496456405915414
458 384 2 0.52945444345286441 0.015859786263878295
460 384 2 0.53058183799309488 0.015752581002378419
462 384 2 0.53147830054209522 0.016530630586464867
464 384 2 0.53269427503749311 0.016127015445534187
466 384 2 0.53368882310428334 0.017047581509861076
468 384 2 0.53523287215235227 0.016107480044252664
470 384 2 0.53616763293022107 0.016560249500142232
472 384 2 0.53725423222679125 0.016316515780939511
474 384 2 0.53801645857897951 0.016817098556593413
476 384 2 0.53897969600423656 0.017019216981166374
478 384 2 0.5402074369112243 0.018246957888154114
480 384 2 0.54281608801310666 0.015989713739846034
482 384 2 0.54449518111921313 0.015758564755275706
484 384 2 0.54546555215989312 0.015841997376062844
486 384 2 0.54601508235186846 0.016020190525407041
488 384 2 0.54630075353816343 0.01623387426739975
490 384 2 0.54639111420926878 0.016490885370998853
492 384 2 0.54629856590307657 0.016852978699715804
494 384 2 0.54598063086135806 0.017429684786523958
496 384 2 0.54524777956902015 0.01849953901757484
498 384 2 0.54321343407223088 0.015631795238566726
500 384 2 0.54233545210556589 0.01537992605011862
502 384 2 0.54201749218851192 0.015399671369542345
504 384 2 0.54188012453505807 0.015476018537746827
506 384 2 0.54180969058083261 0.015536355979354877
508 384 2 0.54177221119511654 0.015569462671347845
510 384 2 0.54175568636067284 0.01558446901098931
0 386 3 0.44265968666975281 0.015595810475455996
1 386 3 0.44266000258692328 0.015592773175854169
2 386 3 0.44265785975173583 0.015584115749340266
3 386 3 0.44265879251533563 0.015574073639843256
4 386 3 0.44265351180148821 0.015554718106650101
5 386 3 0.44265439507813692 0.01553608603514961
6 386 3 0.44264337063136239 0.015501426305178534
7 386 3 0.44264434322302793 0.015475532241914003
8 386 3 0.44262392433787723 0.015397598021363867
9 386 3 0.4426290242640154 0.015353483547472568
10 386 3 0.44258721413373237 0.015127452912066908
11 386 3 0.44258415411565932 0.015080393778774626
12 386 3 0.44230647960188013 0.01448008632588893
13 386 3 0.4414021451637104 0.015384420764058659
14 386 2 0.4362526814134049 0.018499539017574951
16 386 2 0.43658968435211798 0.017429684786523847
18 386 2 0.43684845539720757 0.016852978699715915
20 386 2 0.43711800041973237 0.016591266014125639
22 386 2 0.43746537219443687 0.016410616469842043
24 386 2 0.43796472712272444 0.016265931765093999
26 386 2 0.43869245046404393 0.01617694737403641
28 386 2 0.43974625412551122 0.016153105127312217
30 386 2 0.44119419824704736 0.016259764029416035
32 386 2 0.44292066013406872 0.01687190295470703
34 386 2 0.44427360514092212 0.016746698854841258
36 386 2 0.44540485610421815 0.016578685316802455
38 386 2 0.44642925199226929 0.016316515780939511
40 386 2 0.44752778513855584 0.016304581931223083
42 386 2 0.44865964780339529 0.016140974385590035
44 386 2 0.44996005720156357 0.016351119694153315
46 386 2 0.45117870951697286 0.016127015445534243
48 386 2 0.45244047456744868 0.016081224890456158
50 386 2 0.45366558100452681 0.015752581002378474
52 386 2 0.45500519474350337 0.015575996946668502
54 386 2 0.4564801955150144 0.015351506442313756
56 386 2 0.45843016855303353 0.015099214528695226
58 386 2 0.46157641006779127 0.015067768059005893
452 386 2 0.53842358993220896 0.015067768059005782
454 386 2 0.54156983144696658 0.015099214528695337
456 386 2 0.54351980448498571 0.015351506442313867
458 386 2 0.54499480525649679 0.015575996946668669
460 386 2 0.5463344189954733 0.015752581002378419
462 386 2 0.54755952543255149 0.016081224890456269
464 386 2 0.5488212904830273 0.016127015445534187
466 386 2 0.5500399427984366 0.01635111969415326
468 386 2 0.55134035219660493 0.016140974385590035
470 386 2 0.55247221486144427 0.016304581931223194
472 386 2 0.55357074800773076 0.016316515780939511
474 386 2 0.55459514389578202 0.016578685316802511
476 386 2 0.55572639485907782 0.016746698854841258
478 386 2 0.55707933986593139 0.016871902954707085
480 386 2 0.55880580175295269 0.016259764029416091
482 386 2 0.56025374587448884 0.016153105127312162
484 386 2 0.56130754953595596 0.01617694737403641
486 386 2 0.5620352728772755 0.016265931765094166
488 386 2 0.56253462780556318 0.016410616469841988
490 386 2 0.56288199958026763 0.016591266014125527
492 386 2 0.56315154460279238 0.016852978699715804
494 386 2 0.56341031564788202 0.017429684786523958
496 386 2 0.56374731858659499 0.01849953901757484
498 386 3 0.55859785483628954 0.015384420764058659
499 386 3 0.55769352039811981 0.01448008632588893
500 386 3 0.55741584588434057 0.015080393778774681
501 386 3 0.55741278586626763 0.015127452912066852
502 386 3 0.55737097573598449 0.015353483547472568
503 386 3 0.55737607566212266 0.015397598021363867
504 386 3 0.55735565677697207 0.015475532241914003
505 386 3 0.55735662936863761 0.015501426305178589
506 386 3 0.55734560492186314 0.015536086035149665
507 386 3 0.55734648819851185 0.015554718106650101
508 386 3 0.55734120748466442 0.015574073639843311
509 386 3 0.55734214024826434 0.015584115749340155
510 386 3 0.55733999741307683 0.015592773175854058
511 386 3 0.55734031333024736 0.015595810475455774
0 387 3 0.42706387619429681 0.015603899842009605
1 387 3 0.42706722941106912 0.015600699667176254
2 387 3 0.42707374400239556 0.015593411875225893
3 387 3 0.42708471887549238 0.015582088865326194
4 387 3 0.42709879369483811 0.015565171208558548
5 387 3 0.42711830904298731 0.01554510082402405
6 387 3 0.42714194432618385 0.01551747355824995
7 387 3 0.42717742903819728 0.015481927700382869
8 387 3 0.42722632631651336 0.015429835004574843
9 387 3 0.42731181026445497 0.015363234229831269
10 387 3 0.42745976122166546 0.015258357917241061
11 387 3 0.42777287193308483 0.015112525225096485
12 387 3 0.42844463867822286 0.01493758931949063
13 387 3 0.4302683710343902 0.015211171841793159
498 387 3 0.56973162896560969 0.015211171841793214
499 387 3 0.57155536132177698 0.01493758931949063
500 387 3 0.57222712806691511 0.015112525225096429
501 387 3 0.57254023877833449 0.015258357917241061
502 387 3 0.57268818973554492 0.015363234229831324
503 387 3 0.57277367368348653 0.015429835004574954
504 387 3 0.57282257096180267 0.015481927700382925
505 387 3 0.5728580556738162 0.01551747355824995
506 387 3 0.5728816909570128 0.01554510082402405
507 387 3 0.57290120630516195 0.015565171208558604
508 387 3 0.57291528112450774 0.015582088865326194
509 387 3 0.57292625599760449 0.015593411875225893
510 387 3 0.57293277058893088 0.015600699667176254
511 387 3 0.57293612380570313 0.015603899842009716
0 388 3 0.4114599763522872 0.015609061366110288
1 388 3 0.41146652974389286 0.01560655305341424
2 388 3 0.41148033212716967 0.015600500226807201
3 388 3 0.41150263001016618 0.015589333037760167
4 388 3 0.41153362248627956 0.015572170999955059
5 388 3 0.41157320821896326 0.015554680158528456
6 388 3 0.4116244707679339 0.015533535644796426
7 388 3 0.41169550133781441 0.015503802838834846
8 388 3 0.41179649131193852 0.015462941514115591
9 388 3 0.4119485760346237 0.015427266558900143
10 388 3 0.4122014033044244 0.015398652026922977
11 388 3 0.41266034670798835 0.015397571330651394
12 388 3 0.41350704935873223 0.015503187212573821
13 388 3 0.41505719919259704 0.015972695795811231
14 388 3 0.41752737963474706 0.018725301778657832
15 388 3 0.41854142007282485 0.017711261340580042
16 388 3 0.41915847868246547 0.017431205669652505
17 388 3 0.41953496374129895 0.01705472061081903
18 388 3 0.41987229259580361 0.01697616280140396
19 388 3 0.42012748612072554 0.01672288156524554
20 388 3 0.42041284725993894 0.016705153159793429
21 388 3 0.42064062155127457 0.016531909182385063
22 388 3 0.42092967216640148 0.016535700028035394
23 388 3 0.42117983928278813 0.016397742406507321
24 388 3 0.42154534692057427 0.016419380202150169
25 388 3 0.42185224379468667 0.016268179107895797
26 388 3 0.42231882554105526 0.016373624922988661
27 388 3 0.42271218063895982 0.016212803819139143
28 388 3 0.42334348834255758 0.016402765782953632
29 388 3 0.42384280965384047 0.016192944341787419
30 388 3 0.424638545640316 0.016555652606731364
31 388 3 0.42523032279494666 0.016279192690696442
32 388 3 0.42614600968979749 0.016774650444271233
33 388 3 0.42673620546675417 0.016366089747745338
34 388 3 0.42751875669244327 0.016754848448478854
35 388 3 0.42804432312970736 0.016391130753061367
36 388 3 0.42874552310332764 0.016659333000890508
37 388 3 0.4292297890828996 0.016319944314528823
38 388 3 0.42987710515305266 0.01655214683921663
39 388 3 0.43036043505738042 0.016251275003819454
40 388 3 0.43104974214618791 0.016478042992367936
41 388 3 0.43155146445572329 0.01614654708976937
42 388 3 0.43225275338133085 0.016406894422064444
43 388 3 0.43278459345427972 0.016089619877882044
44 388 3 0.43356498568162949 0.016395071519934079
45 388 3 0.43411795917606943 0.016011741023572224
46 388 3 0.43487710296317411 0.016301606553798753
47 388 3 0.43544311601239977 0.01593481758804105
48 388 3 0.43624445484381064 0.016196019723638044
49 388 3 0.43682424206559906 0.015794178377405044
50 388 3 0.43761518257963339 0.01605039842489342
51 388 3 0.43822202722194559 0.015680647260094827
52 388 3 0.43909525360617813 0.015909941137325245
53 388 3 0.43976314198749156 0.015513206002932434
54 388 3 0.4407274960052508 0.015752699509763601
55 388 3 0.44152988214015043 0.015385845567947753
56 388 3 0.44278996802847354 0.01564020052456
57 388 3 0.44387194002020303 0.015285485827079115
58 388 3 0.44570088197509095 0.01587552809270032
59 388 3 0.4473164020424798 0.015661619739673616
60 388 3 0.45035116041028983 0.018549996233404864
61 388 3 0.45163314682304684 0.017268009820647856
62 388 3 0.45235998321751492 0.016541173426179778
63 388 3 0.45298498941395982 0.016150792852375861
64 388 3 0.45385925245216013 0.016447700344407956
65 388 3 0.45437872930548895 0.015928223491079141
66 388 3 0.45480645863168473 0.015549745918561564
67 388 3 0.45529556821611278 0.015253650026432364
68 388 3 0.45603834696533851 0.01520878876072318
69 388 3 0.45659986592706786 0.014647269798993834
70 388 3 0.45705093510710815 0.014196200618953547
71 388 3 0.45688058026979411 0.014366555456267582
72 388 2 0.45311093933056235 0.018184134908469429
74 388 2 0.45443137367121345 0.016893913850568432
76 388 2 0.4558092297581825 0.017373664081419271
78 388 2 0.4561745417754024 0.017008352064199372
80 388 3 0.46154955197873021 0.015188330794514204
81 388 3 0.46247208442931331 0.014265798343931102
82 388 2 0.45986430122912048 0.016873581544123939
84 388 2 0.4620366818594534 0.016196552922814744
86 388 2 0.46275210510800852 0.01548112967425963
88 388 2 0.46261560284582254 0.01836941398119879
90 388 2 0.46428450707925506 0.01491177728437687
92 388 2 0.46470076589953263 0.016122528170022687
94 388 2 0.46566509605636092 0.015544648579669584
96 388 2 0.46756495622920285 0.014422344240188067
98 388 2 0.46939551331907087 0.013871636169351609
100 388 2 0.47252151088730421 0.012767772783255082
102 388 2 0.47724635198358739 0.0068522993450989
408 388 2 0.52275364801641289 0.0068522993450989
410 388 2 0.52747848911269601 0.012767772783254916
412 388 2 0.53060448668092952 0.013871636169351387
414 388 2 0.53243504377079742 0.014422344240187734
416 388 2 0.53433490394363936 0.015544648579669529
418 388 2 0.53529923410046765 0.016122528170022576
420 388 2 0.53571549292074538 0.014911777284376759
422 388 2 0.53738439715417796 0.018369413981198734
424 388 2 0.53724789489199187 0.015481129674259742
426 388 2 0.53796331814054699 0.016196552922814855
428 388 2 0.54013569877087975 0.016873581544124217
430 388 3 0.53752791557068669 0.014265798343931158
431 388 3 0.53845044802126985 0.015188330794514315
432 388 2 0.5438254582245976 0.017008352064199372
434 388 2 0.5441907702418175 0.017373664081419271
436 388 2 0.54556862632878644 0.016893913850568598
438 388 2 0.54688906066943765 0.018184134908469596
440 388 3 0.54311941973020583 0.014366555456267638
441 388 3 0.54294906489289185 0.014196200618953658
442 388 3 0.54340013407293208 0.014647269798993889
443 388 3 0.5439616530346616 0.015208788760723402
444 388 3 0.54470443178388728 0.015253650026432419
445 388 3 0.54519354136831533 0.015549745918561619
446 388 3 0.54562127069451127 0.015928223491079252
447 388 3 0.54614074754784003 0.016447700344408012
448 388 3 0.54701501058604041 0.016150792852375861
449 388 3 0.5476400167824852 0.016541173426179778
450 388 3 0.54836685317695333 0.017268009820647912
451 388 3 0.54964883958971034 0.01854999623340492
452 388 3 0.55268359795752031 0.015661619739673727
453 388 3 0.55429911802490917 0.015875528092700208
454 388 3 0.5561280599797972 0.015285485827079115
455 388 3 0.55721003197152663 0.015640200524560055
456 388 3 0.55847011785984979 0.015385845567947753
457 388 3 0.55927250399474948 0.015752699509763768
458 388 3 0.56023685801250867 0.015513206002932489
459 388 3 0.56090474639382215 0.015909941137325356
460 388 3 0.56177797277805464 0.015680647260094882
461 388 3 0.56238481742036683 0.016050398424893531
462 388 3 0.56317575793440111 0.015794178377405155
463 388 3 0.56375554515618953 0.016196019723638044
464 388 3 0.56455688398760051 0.01593481758804105
465 388 3 0.56512289703682606 0.016301606553798753
466 388 3 0.56588204082393079 0.016011741023572279
467 388 3 0.56643501431837073 0.016395071519934135
468 388 3 0.56721540654572045 0.016089619877882155
469 388 3 0.56774724661866938 0.016406894422064444
470 388 3 0.56844853554427677 0.016146547089769481
471 388 3 0.56895025785381215 0.016478042992367881
472 388 3 0.56963956494261969 0.01625127500381951
473 388 3 0.57012289484694745 0.016552146839216686
474 388 3 0.57077021091710056 0.016319944314528767
475 388 3 0.57125447689667253 0.016659333000890508
476 388 3 0.5719556768702927 0.016391130753061423
477 388 3 0.57248124330755679 0.016754848448478965
478 388 3 0.57326379453324583 0.016366089747745449
479 388 3 0.57385399031020257 0.016774650444271177
480 388 3 0.57476967720505345 0.016279192690696442
481 388 3 0.57536145435968411 0.016555652606731419
482 388 3 0.57615719034615964 0.016192944341787419
483 388 3 0.57665651165744247 0.016402765782953632
484 388 3 0.57728781936104012 0.016212803819139254
485 388 3 0.57768117445894474 0.016373624922988772
486 388 3 0.57814775620531345 0.016268179107895686
487 388 3 0.57845465307942578 0.01641938020215028
488 388 3 0.57882016071721187 0.016397742406507265
489 388 3 0.57907032783359846 0.016535700028035283
490 388 3 0.57935937844872543 0.016531909182385007
491 388 3 0.5795871527400609 0.016705153159793262
492 388 3 0.5798725138792743 0.016722881565245595
493 388 3 0.58012770740419628 0.016976162801403905
494 388 3 0.58046503625870105 0.01705472061081903
495 388 3 0.58084152131753453 0.017431205669652505
496 388 3 0.58145857992717509 0.017711261340580098
497 388 3 0.58247262036525282 0.018725301778657832
498 388 3 0.58494280080740291 0.015972695795811176
499 388 3 0.58649295064126761 0.015503187212573821
500 388 3 0.58733965329201154 0.015397571330651338
501 388 3 0.58779859669557555 0.015398652026922921
502 388 3 0.58805142396537624 0.015427266558900032
503 388 3 0.58820350868806148 0.015462941514115536
504 388 3 0.58830449866218559 0.015503802838834901
505 388 3 0.58837552923206615 0.015533535644796537
506 388 3 0.58842679178103685 0.015554680158528345
507 388 3 0.58846637751372055 0.015572170999955004
508 388 3 0.58849736998983393 0.015589333037760111
509 388 3 0.58851966787283039 0.015600500226807257
510 388 3 0.58853347025610714 0.015606553053414296
511 388 3 0.58854002364771285 0.015609061366110177
0 389 3 0.39585091498617692 0.015610632594051543
1 389 3 0.39585997669047862 0.015609825424490575
2 389 3 0.39587983190036247 0.01560651631013793
3 389 3 0.39591329697240601 0.015596281637818066
4 389 3 0.3959614514863245 0.015573053947577964
5 389 3 0.3960185280604348 0.015561281248622938
6 389 3 0.39609093512313748 0.015551299805457219
7 389 3 0.39619169849897956 0.015529472757490226
8 389 3 0.39633354979782293 0.015482714495507532
9 389 3 0.39652130947572356 0.015474632820540235
10 389 3 0.39680275127750142 0.015499168569914679
11 389 3 0.39726277537733695 0.015559374827454064
12 389 3 0.3980038621461584 0.015681820564359183
13 389 3 0.39908450339678581 0.0160295006748159
14 389 3 0.40041207498435177 0.017115304650395291
15 389 3 0.40136693815419555 0.017174481918629303
16 389 3 0.40207825546484821 0.017080223217617263
17 389 3 0.40260036586124781 0.016934597880051139
18 389 3 0.40302732014251702 0.016844972453286589
19 389 3 0.40340460455548 0.01672288156524554
20 389 3 0.40377885581752732 0.016633991442411622
21 389 3 0.40410871236888951 0.016531909182385063
22 389 3 0.40443676027261938 0.01649713408155562
23 389 3 0.40478209687628081 0.016446760817949102
24 389 3 0.40518814702460026 0.016357199895974006
25 389 3 0.40558406468679087 0.016299781936259528
26 389 3 0.40602330154285027 0.01632023747012179
27 389 3 0.40649937681982068 0.016303889231663427
28 389 3 0.40707904368090747 0.016264444661650113
29 389 3 0.40764986531205305 0.016253628235986917
30 389 3 0.4082947632262488 0.016343782414067198
31 389 3 0.40895113010425022 0.016363848587056584
32 389 3 0.40970665435426296 0.016439355335534533
33 389 3 0.41037011571900883 0.016366089747745338
34 389 3 0.41103332068147053 0.016485436010972743
35 389 3 0.41165319237664599 0.016419267937768045
36 389 3 0.41231946018685262 0.016426062916475026
37 389 3 0.41290984476837078 0.016319944314528823
38 389 3 0.41351025380969564 0.016366851343357025
39 389 3 0.41410916005356097 0.016304181894150893
40 389 3 0.41478643474592836 0.016263307400259552
41 389 3 0.41540491736595392 0.01614654708976937
42 389 3 0.4160476677781399 0.01620508560319095
43 389 3 0.41669497357639768 0.01614741307937051
44 389 3 0.41743321043378456 0.016131775247844926
45 389 3 0.41810621815249721 0.016011741023572224
46 389 3 0.41880524109120582 0.016071861871968296
47 389 3 0.41950829842435872 0.01599350660681792
48 389 3 0.42030450694718235 0.015939947896628281
49 389 3 0.42103006368819401 0.015794178377405044
50 389 3 0.42177977300408109 0.015835409575552295
51 389 3 0.42254137996185076 0.015765935065360615
52 389 3 0.4234174437294822 0.015677809876695925
53 389 3 0.42424993598455912 0.015564721516417857
54 389 3 0.42516008775686592 0.015616404209060908
55 389 3 0.42614403657220268 0.015582639761924089
56 389 3 0.42734849858375157 0.015452292476442031
57 389 3 0.42858645419312391 0.01549648883312621
58 389 3 0.43005723707221927 0.015749427855601406
59 389 3 0.43165478230280618 0.015959251933661434
60 389 3 0.43357018894855243 0.016780971461737404
61 389 3 0.43493594714563999 0.016697199677406849
62 389 3 0.43593587443475446 0.01642410878276046
63 389 3 0.43683419656158395 0.016180164261987762
64 389 3 0.43777959551238149 0.016079656939778642
65 389 3 0.43855487692135747 0.015823852384131476
66 389 3 0.43925671271312317 0.015617490703184689
67 389 3 0.44004191818968041 0.015432238965965406
68 389 3 0.44102058667684274 0.015076696978237769
69 389 3 0.44207204883309048 0.014875922162524202
70 389 3 0.44348461259076083 0.014778291017867873
71 389 3 0.44612124438618522 0.015101662910650793
80 389 3 0.45081668659216129 0.017006112459325651
81 389 3 0.45173921904274444 0.017928644909908809
430 389 3 0.54826078095725572 0.017928644909908864
431 389 3 0.54918331340783877 0.017006112459325817
440 389 3 0.55387875561381483 0.015101662910650848
441 389 3 0.55651538740923923 0.014778291017867984
442 389 3 0.55792795116690963 0.014875922162524091
443 389 3 0.55897941332315737 0.015076696978237769
444 389 3 0.5599580818103197 0.015432238965965461
445 389 3 0.56074328728687695 0.015617490703184744
446 389 3 0.56144512307864269 0.01582385238413142
447 389 3 0.56222040448761867 0.016079656939778642
448 389 3 0.56316580343841627 0.016180164261987762
449 389 3 0.56406412556524577 0.016424108782760571
450 389 3 0.56506405285436023 0.016697199677406904
451 389 3 0.56642981105144774 0.016780971461737404
452 389 3 0.56834521769719404 0.015959251933661545
453 389 3 0.5699427629277809 0.015749427855601517
454 389 3 0.57141354580687631 0.015496488833126265
455 389 3 0.57265150141624865 0.015452292476442087
456 389 3 0.57385596342779754 0.0155826397619242
457 389 3 0.57483991224313435 0.015616404209060963
458 389 3 0.57575006401544115 0.015564721516417968
459 389 3 0.57658255627051813 0.015677809876695981
460 389 3 0.57745862003814952 0.015765935065360615
461 389 3 0.57822022699591924 0.015835409575552406
462 389 3 0.57896993631180627 0.015794178377405155
463 389 3 0.57969549305281798 0.015939947896628448
464 389 3 0.58049170157564156 0.015993506606817864
465 389 3 0.58119475890879446 0.016071861871968407
466 389 3 0.58189378184750307 0.016011741023572279
467 389 3 0.58256678956621566 0.016131775247844926
468 389 3 0.5833050264236026 0.01614741307937051
469 389 3 0.58395233222186027 0.016205085603190894
470 389 3 0.58459508263404625 0.016146547089769481
471 389 3 0.58521356525407175 0.016263307400259608
472 389 3 0.5858908399464392 0.016304181894150838
473 389 3 0.58648974619030447 0.016366851343357025
474 389 3 0.58709015523162933 0.016319944314528767
475 389 3 0.5876805398131475 0.016426062916474971
476 389 3 0.58834680762335412 0.016419267937768045
477 389 3 0.58896667931852942 0.016485436010972632
478 389 3 0.58962988428099128 0.016366089747745449
479 389 3 0.59029334564573699 0.016439355335534422
480 389 3 0.5910488698957499 0.016363848587056529
481 389 3 0.59170523677375131 0.016343782414067198
482 389 3 0.59235013468794706 0.016253628235986861
483 389 3 0.59292095631909258 0.016264444661650113
484 389 3 0.59350062318017938 0.016303889231663371
485 389 3 0.59397669845714973 0.01632023747012179
486 389 3 0.59441593531320913 0.016299781936259583
487 389 3 0.59481185297539974 0.016357199895973951
488 389 3 0.59521790312371914 0.016446760817949158
489 389 3 0.59556323972738057 0.016497134081555509
490 389 3 0.59589128763111043 0.016531909182385007
491 389 3 0.59622114418247263 0.016633991442411733
492 389 3 0.59659539544451989 0.016722881565245595
493 389 3 0.59697267985748281 0.016844972453286533
494 389 3 0.59739963413875208 0.016934597880051028
495 389 3 0.59792174453515168 0.017080223217617152
496 389 3 0.59863306184580434 0.017174481918629247
497 389 3 0.59958792501564806 0.017115304650395236
498 389 3 0.60091549660321408 0.016029500674815789
499 389 3 0.60199613785384143 0.015681820564359072
500 389 3 0.60273722462266288 0.015559374827454064
501 389 3 0.60319724872249847 0.015499168569914623
502 389 3 0.60347869052427627 0.015474632820540291
503 389 3 0.60366645020217702 0.015482714495507532
504 389 3 0.60380830150102049 0.01552947275749017
505 389 3 0.60390906487686269 0.015551299805457108
506 389 3 0.6039814719395652 0.015561281248622993
507 389 3 0.60403854851367556 0.015573053947577908
508 389 3 0.60408670302759404 0.015596281637818121
509 389 3 0.60412016809963764 0.015606516310137875
510 389 3 0.60414002330952143 0.01560982542449052
511 389 3 0.60414908501382303 0.015610632594051488
0 390 3 0.38024028239212537 0.015610632594051543
1 390 3 0.38025015126598805 0.015609825424490575
2 390 3 0.38027331559022454 0.015613357542082595
3 390 3 0.38031701533458795 0.015610045115261317
4 390 3 0.38038839753874654 0.015573053947577964
5 390 3 0.38045724681181187 0.015561281248622938
6 390 3 0.38053963531768026 0.015574858521764157
7 390 3 0.38066222574148934 0.015574809356791119
8 390 3 0.38085083530231539 0.015482714495507532
9 390 3 0.38104667665518333 0.01548947633241704
10 390 3 0.38130358270758674 0.015569586214417452
11 390 3 0.38170340054988289 0.015670923196601627
12 390 3 0.38232204158179922 0.015681820564359183
13 390 3 0.38305500272196991 0.0160295006748159
14 390 3 0.38386617827908892 0.016545896705262852
15 390 3 0.38461816964750845 0.016748768506687106
16 390 3 0.385336933091177 0.016741322373671208
17 390 3 0.38587155617071339 0.016728809690534419
18 390 3 0.38630496144607657 0.016722358696440454
19 390 3 0.38672954368924334 0.016686833532326029
20 390 3 0.38721587518897027 0.016562980628557045
21 390 3 0.38759576379867056 0.016512948570218955
22 390 3 0.38793962619106376 0.016527899358608933
23 390 3 0.3883353360583317 0.016548661603310699
24 390 3 0.38885259700287755 0.016335550021722711
25 390 3 0.38928428275053134 0.016299781936259528
26 390 3 0.38970306407272848 0.016374692783865774
27 390 3 0.39019548758815725 0.016433062356125294
28 390 3 0.3908364011784588 0.016242642502448668
29 390 3 0.39139623707606613 0.016253628235986917
30 390 3 0.39195345945973398 0.016398027112627556
31 390 3 0.39258728151719363 0.016497140248225184
32 390 3 0.39337457720324764 0.016332077151015312
33 390 3 0.39402028215346518 0.016349833565543648
34 390 3 0.39460828881109417 0.016441002716173159
35 390 3 0.39523392443887795 0.016526390220685416
36 390 3 0.39598911628548689 0.016330343901365729
37 390 3 0.39660134382210738 0.016308500946263405
38 390 3 0.39716838825462797 0.016385670098503669
39 390 3 0.39780497815941007 0.016445189224929047
40 390 3 0.39860965997395925 0.016176774771969105
41 390 3 0.39926381261540639 0.01614110475054753
42 390 3 0.39986969498704 0.01621885366079473
43 390 3 0.40054756049702717 0.016290876900455442
44 390 3 0.40140099218107755 0.016032218252707009
45 390 3 0.40210336408067249 0.016002854071824724
46 390 3 0.40276428976873058 0.016097308537140143
47 390 3 0.4035147918175408 0.016164006571523781
48 390 3 0.4044686416607744 0.015835865286407957
49 390 3 0.40524394098412919 0.01578612270406482
50 390 3 0.40596312780265342 0.015879579449466996
51 390 3 0.40677544489649015 0.015959786406417764
52 390 3 0.40781072791812012 0.015606715811362082
53 390 3 0.40868521446814127 0.015564721516417857
54 390 3 0.40954368354780502 0.015749577137951665
55 390 3 0.41056139681027859 0.015874454796836024
56 390 3 0.41189620610730954 0.015452292476442031
57 390 3 0.4130899653599977 0.015496658200778057
58 390 3 0.41430780921661786 0.015895963172774419
59 390 3 0.41569553036914475 0.016211488658786743
60 390 3 0.41735828334264752 0.016211905605904908
61 390 3 0.41862340457646086 0.016312542569179134
62 390 3 0.41963168424787228 0.016304190186882173
63 390 3 0.42065403229959619 0.016369904863038187
64 390 3 0.42188694621869571 0.015892649293685779
65 390 3 0.422820706392736 0.015734170528621472
66 390 3 0.42363922200993848 0.015750300921546279
67 390 3 0.42460967922371501 0.015777494724902807
68 390 3 0.42594388969860497 0.015076696978237769
69 390 3 0.42719612667056628 0.0151169263508944
70 390 3 0.42870632157289296 0.015565203692648633
71 390 3 0.43101958147553443 0.016253814506876407
72 390 3 0.43450008274216417 0.018610856588398172
73 390 3 0.43599493774579562 0.017116001584766727
74 390 3 0.43712253129192441 0.017308842379289036
75 390 3 0.43795238834936562 0.016868627715916185
76 390 3 0.4391839365060754 0.016625293252107098
77 390 3 0.43975705191020775 0.016052177847974747
78 390 3 0.43996072019756044 0.016213821577841958
79 390 3 0.43912702765949996 0.01704751411590244
80 390 2 0.43381057413283564 0.01897189068256655
82 390 3 0.44225123093604152 0.017613070293078958
83 390 3 0.44493277431231987 0.014931526916800608
84 390 3 0.44687966854128752 0.015157013318165879
85 390 3 0.44774041688148319 0.014296264977970208
86 390 3 0.44828230341436409 0.014469801693644424
87 390 3 0.44799065414777101 0.01476145096023751
88 390 2 0.44424618886462375 0.01836941398119879
90 390 3 0.45010029614316233 0.014184210936092734
91 390 3 0.45118322871470989 0.013101278364545166
92 390 2 0.44857823772950994 0.016122528170022687
94 390 2 0.45012044747669133 0.017056005943913433
96 390 2 0.45323107041856053 0.014333885810642322
98 390 2 0.45552387714971926 0.015746439035910054
100 390 2 0.45975373810404913 0.012767772783255082
102 390 3 0.46756815266732743 0.0096781993162599611
103 390 3 0.47321995260964955 0.0091335282385816563
408 390 3 0.52678004739035078 0.0091335282385816008
409 390 3 0.53243184733267279 0.0096781993162599056
410 390 2 0.54024626189595093 0.012767772783254916
412 390 2 0.54447612285028091 0.015746439035909887
414 390 2 0.54676892958143963 0.014333885810642211
416 390 2 0.54987955252330889 0.017056005943913433
418 390 2 0.55142176227049022 0.016122528170022576
420 390 3 0.54881677128529038 0.013101278364544999
421 390 3 0.54989970385683806 0.014184210936092678
422 390 2 0.5557538111353767 0.018369413981198734
424 390 3 0.55200934585222938 0.01476145096023751
425 390 3 0.5517176965856363 0.014469801693644424
426 390 3 0.55225958311851719 0.014296264977970208
427 390 3 0.55312033145871287 0.015157013318165879
428 390 3 0.55506722568768041 0.014931526916800664
429 390 3 0.55774876906395876 0.017613070293079014
430 390 2 0.56618942586716459 0.018971890682566661
432 390 3 0.56087297234050015 0.017047514115902551
433 390 3 0.56003927980243973 0.016213821577842125
434 390 3 0.56024294808979236 0.016052177847974858
435 390 3 0.56081606349392465 0.016625293252107154
436 390 3 0.56204761165063444 0.016868627715916351
437 390 3 0.56287746870807565 0.017308842379289202
438 390 3 0.56400506225420444 0.017116001584766782
439 390 3 0.56549991725783599 0.018610856588398339
440 390 3 0.56898041852446568 0.016253814506876463
441 390 3 0.57129367842710721 0.015565203692648688
442 390 3 0.57280387332943372 0.015116926350894677
443 390 3 0.57405611030139514 0.015076696978237769
444 390 3 0.57539032077628516 0.015777494724902863
445 390 3 0.57636077799006169 0.01575030092154639
446 390 3 0.57717929360726417 0.015734170528621472
447 390 3 0.5781130537813044 0.015892649293685723
448 390 3 0.57934596770040403 0.016369904863038354
449 390 3 0.58036831575212788 0.016304190186882117
450 390 3 0.58137659542353948 0.016312542569179245
451 390 3 0.58264171665735287 0.01621190560590513
452 390 3 0.58430446963085558 0.016211488658786743
453 390 3 0.58569219078338242 0.015895963172774419
454 390 3 0.58691003464000258 0.015496658200778057
455 390 3 0.58810379389269074 0.015452292476442087
456 390 3 0.58943860318972174 0.015874454796836024
457 390 3 0.59045631645219532 0.015749577137951776
458 390 3 0.59131478553185912 0.015564721516417968
459 390 3 0.59218927208188021 0.015606715811362082
460 390 3 0.59322455510351013 0.01595978640641782
461 390 3 0.59403687219734691 0.015879579449467052
462 390 3 0.59475605901587114 0.015786122704064875
463 390 3 0.59553135833922588 0.015835865286407902
464 390 3 0.59648520818245943 0.016164006571523726
465 390 3 0.59723571023126965 0.016097308537140087
466 390 3 0.59789663591932785 0.016002854071824779
467 390 3 0.59859900781892272 0.016032218252707064
468 390 3 0.59945243950297311 0.016290876900455498
469 390 3 0.60013030501296016 0.016218853660794896
470 390 3 0.60073618738459389 0.016141104750547641
471 390 3 0.60139034002604086 0.016176774771969105
472 390 3 0.60219502184059004 0.016445189224929102
473 390 3 0.60283161174537214 0.016385670098503669
474 390 3 0.60339865617789268 0.016308500946263349
475 390 3 0.60401088371451328 0.016330343901365785
476 390 3 0.60476607556112216 0.016526390220685472
477 390 3 0.60539171118890578 0.016441002716173325
478 390 3 0.60597971784653482 0.016349833565543537
479 390 3 0.60662542279675236 0.016332077151015367
480 390 3 0.60741271848280642 0.016497140248225239
481 390 3 0.60804654054026608 0.0163980271126275
482 390 3 0.60860376292393392 0.016253628235986861
483 390 3 0.60916359882154125 0.016242642502448668
484 390 3 0.60980451241184275 0.016433062356125405
485 390 3 0.61029693592727152 0.01637469278386583
486 390 3 0.61071571724946871 0.016299781936259583
487 390 3 0.61114740299712245 0.016335550021722711
488 390 3 0.6116646639416683 0.016548661603310588
489 390 3 0.61206037380893608 0.016527899358608877
490 390 3 0.61240423620132933 0.016512948570218899
491 390 3 0.61278412481102962 0.016562980628556989
492 390 3 0.61327045631075661 0.016686833532325918
493 390 3 0.61369503855392338 0.016722358696440565
494 390 3 0.61412844382928644 0.016728809690534363
495 390 3 0.61466306690882289 0.016741322373671208
496 390 3 0.61538183035249139 0.016748768506687051
497 390 3 0.6161338217209108 0.016545896705262741
498 390 3 0.61694499727802987 0.016029500674815789
499 390 3 0.6176779584182005 0.015681820564359072
500 390 3 0.61829659945011695 0.015670923196601572
501 390 3 0.61869641729241309 0.015569586214417397
502 390 3 0.61895332334481656 0.01548947633241704
503 390 3 0.61914916469768455 0.015482714495507532
504 390 3 0.61933777425851066 0.015574809356791119
505 390 3 0.6194603646823198 0.015574858521764101
506 390 3 0.61954275318818819 0.015561281248622993
507 390 3 0.61961160246125346 0.015573053947577908
508 390 3 0.61968298466541216 0.015610045115261095
509 390 3 0.61972668440977552 0.015613357542082484
510 390 3 0.61974984873401195 0.01560982542449052
511 390 3 0.61975971760787452 0.015610632594051488
0 391 3 0.3646333214662717 0.015606960925853675
1 391 3 0.36464061530774838 0.015609535958239662
2 391 3 0.36465995804814194 0.015621354139147392
3 391 3 0.36470697021932663 0.015668366310332082
4 391 3 0.36483223153102623 0.015556166007720307
5 391 3 0.36489745892826003 0.015559787883551834
6 391 3 0.3649647767959161 0.015608025855825602
7 391 3 0.36508741638469822 0.015730665444607717
8 391 3 0.36539060494105485 0.015460230361260541
9 391 3 0.36555720032276628 0.01548947633241704
10 391 3 0.36573399649316929 0.015636000628238389
11 391 3 0.36603247735328126 0.01593448148835036
12 391 3 0.36667012278279948 0.015651918798999742
13 391 3 0.36711891380427697 0.015936088917692937
14 391 3 0.36756040727997819 0.016305770999110736
15 391 3 0.36807267300272939 0.0167656564996716
16 391 3 0.36892239059501986 0.016414542496157147
17 391 3 0.36935211574876503 0.016519440421948361
18 391 3 0.3696666617517777 0.016638299694298864
19 391 3 0.37004271015691731 0.017014196021457761
20 391 3 0.37079288811548805 0.01642298707348222
21 391 3 0.37114373378456772 0.016452030014102836
22 391 3 0.37141172683245482 0.016606627013391329
23 391 3 0.371786674455021 0.016981574635957508
24 391 3 0.37262174970320067 0.016230847299676887
25 391 3 0.37301647220180667 0.01626781054872467
26 391 3 0.3733283712888627 0.016470842876268155
27 391 3 0.37376242523203196 0.016904896819437409
28 391 3 0.37469425130819528 0.016142149870263522
29 391 3 0.37516482515062544 0.016231411925440697
30 391 3 0.37555543234710642 0.016516488699963916
31 391 3 0.37609014126896845 0.017051197621825942
32 391 3 0.37720462497954038 0.016169952223707262
33 391 3 0.37774916035199552 0.016271121801469668
34 391 3 0.37816728609492101 0.016536997391944586
35 391 3 0.37870753421819253 0.017077245515216111
36 391 3 0.37982511878695852 0.016163997498528371
37 391 3 0.38036249783044918 0.016238845991658202
38 391 3 0.3807827181561243 0.016514534350694388
39 391 3 0.38135978893448103 0.017091605129051113
40 391 3 0.38261192813146289 0.015997731842496365
41 391 3 0.38320083536059873 0.016062977254807653
42 391 3 0.38365084132624527 0.016344057360765496
43 391 3 0.38425668359657172 0.016949899631091947
44 391 3 0.38555267017861899 0.015848322002458559
45 391 3 0.38617516964190018 0.015928194438772303
46 391 3 0.38666698123159043 0.016257702245359829
47 391 3 0.38735078524601702 0.01694150625978641
48 391 3 0.38884344564263412 0.015625196018140275
49 391 3 0.38954515953516139 0.015698781448967802
50 391 3 0.39008354835318643 0.016043557654038421
51 391 3 0.39081565849007238 0.016775667790924376
52 391 3 0.39239278517872667 0.015417942739393453
53 391 3 0.39316348548141761 0.01552172898672366
54 391 3 0.39379410640985335 0.015984487864609209
55 391 3 0.39468694201344257 0.016877323468198424
56 391 3 0.39660950199177758 0.015286704115531957
57 391 3 0.39759330715921964 0.015496658200778057
58 391 3 0.39841184604384344 0.016123976995174982
59 391 3 0.39948404171035801 0.017196172661689546
60 391 3 0.40156623718237511 0.01579204616027241
61 391 3 0.40258946278421798 0.016033941792242878
62 391 3 0.40333475015000469 0.016476743640194635
63 391 3 0.40428412743655801 0.017426120926747946
64 391 3 0.40631366095170973 0.015573285266985981
65 391 3 0.40722144578841918 0.015599260604316822
66 391 3 0.4078889210883922 0.016003453248247368
67 391 3 0.4088321844988122 0.016946716658667371
68 391 3 0.41096686484796796 0.014977024850637011
69 391 3 0.41207920031967188 0.0151169263508944
70 391 3 0.41314111788024432 0.016107524391868855
71 391 3 0.41476576696865802 0.017732173480282554
72 391 3 0.41788853657051905 0.01661154617164512
73 391 3 0.41925922903540508 0.01673570871039054
74 391 3 0.42012386508925292 0.01707607470032485
75 391 3 0.42108376063344943 0.01803597024452136
76 391 3 0.42322850195979378 0.015955434546281622
77 391 3 0.4240854912373847 0.015671560672823048
78 391 3 0.42479531018532579 0.016217623792152303
79 391 3 0.42657369493082165 0.017996008537648156
82 391 3 0.43040776388821544 0.015569080437946359
83 391 3 0.43074554621222361 0.015906862761954521
84 391 3 0.43281804764642362 0.014061620894863902
85 391 3 0.4337721715633614 0.013968245318121797
86 391 3 0.43465533216781094 0.014765608971894773
87 391 3 0.43669188144619564 0.016802158250279475
90 391 3 0.44069772945834718 0.0140193330100985
91 391 3 0.4417806620298948 0.015102265581646124
102 391 3 0.46005810474345399 0.012842408870683386
103 391 3 0.46570990468577605 0.018494208813005453
408 391 3 0.53429009531422411 0.018494208813005231
409 391 3 0.53994189525654612 0.01284240887068322
420 391 3 0.55821933797010559 0.015102265581646179
421 391 3 0.55930227054165316 0.014019333010098611
424 391 3 0.5633081185538048 0.016802158250279309
425 391 3 0.56534466783218951 0.014765608971894606
426 391 3 0.56622782843663899 0.013968245318121797
427 391 3 0.56718195235357671 0.014061620894863847
428 391 3 0.56925445378777673 0.015906862761954521
429 391 3 0.56959223611178489 0.015569080437946359
432 391 3 0.57342630506917847 0.017996008537648267
433 391 3 0.57520468981467432 0.016217623792152414
434 391 3 0.57591450876261541 0.015671560672823048
435 391 3 0.57677149804020644 0.015955434546281788
436 391 3 0.57891623936655079 0.018035970244521526
437 391 3 0.57987613491074741 0.017076074700324906
438 391 3 0.5807407709645952 0.016735708710390762
439 391 3 0.58211146342948117 0.016611546171645175
440 391 3 0.58523423303134214 0.017732173480282665
441 391 3 0.5868588821197559 0.01610752439186891
442 391 3 0.5879207996803284 0.015116926350894677
443 391 3 0.58903313515203226 0.014977024850637122
444 391 3 0.59116781550118802 0.016946716658667427
445 391 3 0.59211107891160808 0.016003453248247368
446 391 3 0.59277855421158099 0.015599260604316822
447 391 3 0.5936863390482906 0.015573285266986203
448 391 3 0.59571587256344238 0.017426120926748001
449 391 3 0.59666524984999569 0.016476743640194691
450 391 3 0.59741053721578241 0.016033941792242934
451 391 3 0.59843376281762528 0.01579204616027241
452 391 3 0.60051595828964233 0.017196172661689602
453 391 3 0.60158815395615683 0.016123976995175093
454 391 3 0.60240669284078063 0.015496658200778057
455 391 3 0.60339049800822275 0.015286704115532013
456 391 3 0.60531305798655777 0.01687732346819848
457 391 3 0.60620589359014709 0.015984487864609154
458 391 3 0.60683651451858278 0.01552172898672366
459 391 3 0.60760721482127378 0.015417942739393564
460 391 3 0.60918434150992795 0.016775667790924431
461 391 3 0.60991645164681396 0.016043557654038421
462 391 3 0.610454840464839 0.015698781448967858
463 391 3 0.61115655435736616 0.015625196018140275
464 391 3 0.61264921475398315 0.016941506259786521
465 391 3 0.61333301876840973 0.01625770224535994
466 391 3 0.61382483035810009 0.015928194438772247
467 391 3 0.61444732982138128 0.015848322002458559
468 391 3 0.61574331640342861 0.016949899631091947
469 391 3 0.61634915867375506 0.016344057360765496
470 391 3 0.61679916463940143 0.016062977254807542
471 391 3 0.61738807186853739 0.015997731842496532
472 391 3 0.61864021106551914 0.017091605129051057
473 391 3 0.61921728184387581 0.016514534350694388
474 391 3 0.61963750216955094 0.016238845991658257
475 391 3 0.62017488121304165 0.016163997498528371
476 391 3 0.62129246578180763 0.017077245515216055
477 391 3 0.6218327139050791 0.016536997391944586
478 391 3 0.62225083964800454 0.016271121801469723
479 391 3 0.62279537502045967 0.016169952223707318
480 391 3 0.62390985873103166 0.017051197621825831
481 391 3 0.62444456765289358 0.016516488699963916
482 391 3 0.62483517484937467 0.016231411925440753
483 391 3 0.62530574869180477 0.016142149870263522
484 391 3 0.62623757476796815 0.01690489681943752
485 391 3 0.62667162871113735 0.016470842876268321
486 391 3 0.62698352779819333 0.016267810548724615
487 391 3 0.62737825029679939 0.016230847299676943
488 391 3 0.62821332554497888 0.016981574635957397
489 391 3 0.62858827316754495 0.016606627013391329
490 391 3 0.62885626621543211 0.016452030014102781
491 391 3 0.62920711188451184 0.01642298707348222
492 391 3 0.62995728984308252 0.017014196021457706
493 391 3 0.63033333824822224 0.016638299694298864
494 391 3 0.63064788425123486 0.016519440421948417
495 391 3 0.63107760940498003 0.016414542496157147
496 391 3 0.63192732699727039 0.016765656499671322
497 391 3 0.63243959272002159 0.016305770999110791
498 391 3 0.6328810861957227 0.015936088917692826
499 391 3 0.63332987721720013 0.015651918798999631
500 391 3 0.63396752264671852 0.015934481488350527
501 391 3 0.63426600350683049 0.015636000628238556
502 391 3 0.6344427996772336 0.01548947633241704
503 391 3 0.63460939505894509 0.015460230361260541
504 391 3 0.63491258361530178 0.015730665444607661
505 391 3 0.6350352232040839 0.015608025855825547
506 391 3 0.63510254107174002 0.015559787883551834
507 391 3 0.63516776846897383 0.015556166007720362
508 391 3 0.63529302978067326 0.015668366310331971
509 391 3 0.635340041951858 0.015621354139147225
510 391 3 0.63535938469225162 0.015609535958239662
511 391 3 0.63536667853372819 0.015606960925853675
0 392 1 0.34903860390899455 0.015621612351377601
4 392 1 0.3493567509400905 0.015588719969884646
8 392 1 0.3500979958649309 0.015580573912637008
12 392 1 0.35130701650305779 0.016048512714388175
16 392 1 0.35302851413545955 0.016467455427660427
20 392 1 0.3548050998190635 0.01647865597781939
24 392 1 0.35685752841259455 0.016324726193880923
28 392 1 0.35903894364714251 0.016337218871581349
32 392 1 0.36163028870297642 0.016326862708185896
36 392 1 0.36426818380542991 0.016314347121573369
40 392 1 0.36730678396547978 0.016123288138239877
44 392 1 0.37040927898623061 0.016072914709960751
48 392 1 0.37403999069914801 0.01578196230611556
52 392 1 0.37780961854524414 0.015951041791166354
56 392 1 0.38228786904866846 0.015736805177631208
60 392 1 0.38685800650981006 0.016107306049880699
64 392 1 0.39188546784014483 0.01567858524168847
68 392 1 0.39703359348837547 0.016174335596732148
72 392 1 0.40304779038892807 0.016541057443228535
76 392 1 0.40857768639317349 0.016473525897211405
80 392 1 0.41483868345026909 0.017354931141258467
84 392 1 0.41988972319591616 0.016004431452875612
88 392 1 0.42667839644824868 0.016064295856123678
92 392 1 0.4330644415327779 0.016284901070322766
96 392 1 0.4397774381138092 0.014880709514477342
100 392 1 0.4472156958727706 0.015951431300307461
104 392 2 0.4621492561878357 0.020204224660395509
106 392 2 0.46722235188800798 0.015131128960223228
108 392 1 0.46750636129064987 0.015026367488860159
112 392 0 0.4735734507805659 0.014312633080245774
120 392 0 0.48788608386081167 0.014312633080245774
128 392 0 0.49851475441233878 0.010628670551527108
136 392 0 0.50686488430828769 0.0083501298959489101
144 392 0 0.51373445228079206 0.0068695679725043757
152 392 0 0.5193455316249338 0.0056110793441417339
160 392 0 0.52376090502850536 0.0044153734035715653
168 392 0 0.5270082923842393 0.0051679262848974838
176 392 0 0.52910594780086262 0.0057746857514678895
184 392 0 0.5300711040719559 0.0061169369020555031
192 392 0 0.52992478047796943 0.0062045852030687687
200 392 0 0.52869609777477955 0.0060448131626621437
208 392 0 0.5264280774423078 0.0056442812868582326
216 392 0 0.52318548147196631 0.0050121181497952971
224 392 0 0.519063695136873 0.0048674197582507794
232 392 0 0.51419627537862223 0.0054383458208685509
240 392 0 0.50875792955775367 0.0057977138322614641
248 392 0 0.50296021572549221 0.0059204314509845868
256 392 0 0.49703978427450762 0.0059204314509845868
264 392 0 0.49124207044224644 0.0057977138322611865
272 392 0 0.48580372462137833 0.0054383458208681068
280 392 0 0.48093630486312783 0.0048674197582505019
288 392 0 0.47681451852803408 0.0050121181497955747
296 392 0 0.47357192255769248 0.0056442812868585102
304 392 0 0.47130390222522051 0.0060448131626618662
312 392 0 0.47007521952203091 0.0062045852030683246
320 392 0 0.46992889592804499 0.0061169369020554476
328 392 0 0.47089405219913816 0.0057746857514681116
336 392 0 0.4729917076157607 0.0051679262848975949
344 392 0 0.47623909497149458 0.0044153734035715098
352 392 0 0.48065446837506609 0.0056110793441421225
360 392 0 0.48626554771920821 0.0068695679725042091
368 392 0 0.49313511569171242 0.0083501298959491876
376 392 0 0.50148524558766161 0.010628670551526609
384 392 0 0.51211391613918822 0.014312633080245662
392 392 0 0.52642654921943388 0.014312633080245662
400 392 1 0.53249363870935007 0.015026367488860215
404 392 2 0.53277764811199224 0.015131128960223061
406 392 2 0.53785074381216447 0.020204224660395287
408 392 1 0.55278430412722934 0.015951431300307628
412 392 1 0.5602225618861908 0.014880709514477508
416 392 1 0.56693555846722232 0.016284901070322766
420 392 1 0.57332160355175177 0.016064295856123678
424 392 1 0.58011027680408411 0.016004431452875889
428 392 1 0.58516131654973125 0.017354931141258523
432 392 1 0.59142231360682673 0.016473525897211627
436 392 1 0.59695220961107232 0.016541057443228646
440 392 1 0.60296640651162481 0.016174335596732092
444 392 1 0.60811453215985545 0.015678585241688525
448 392 1 0.61314199349019038 0.016107306049880532
452 392 1 0.61771213095133193 0.015736805177631319
456 392 1 0.62219038145475625 0.015951041791166354
460 392 1 0.62596000930085238 0.015781962306115616
464 392 1 0.62959072101376967 0.016072914709960751
468 392 1 0.63269321603452056 0.016123288138239933
472 392 1 0.6357318161945702 0.016314347121573314
476 392 1 0.63836971129702369 0.016326862708185952
480 392 1 0.64096105635285749 0.016337218871581238
484 392 1 0.64314247158740567 0.016324726193881145
488 392 1 0.64519490018093628 0.016478655977819279
492 392 1 0.64697148586454023 0.016467455427660371
496 392 1 0.64869298349694171 0.016048512714388008
500 392 1 0.64990200413506904 0.015580573912637008
504 392 1 0.65064324905990945 0.015588719969884535
508 392 1 0.65096139609100523 0.01562161235137749
104 394 2 0.45188492905981842 0.010506441503879305
106 394 2 0.45695802475999076 0.015579537204051641
404 394 2 0.54304197524000941 0.015579537204051586
406 394 2 0.54811507094018164 0.01050644150387936
0 396 1 0.33350683295051942 0.015531770958475133
4 396 1 0.3337820280091236 0.015606298552069575
8 396 1 0.33458117108369345 0.015516824781237448
12 396 1 0.33549015303146046 0.016005528025722415
16 396 1 0.33716503958823774 0.015863474547221812
20 396 1 0.3386103459824843 0.016489551423501558
24 396 1 0.34092567779820265 0.015931850614391896
28 396 1 0.34279186394441452 0.016794248268074907
32 396 1 0.34574472056646344 0.015885568136512984
36 396 1 0.34803660202188191 0.016990533299773569
40 396 1 0.35160390880344405 0.015702875162035723
44 396 1 0.35433636427626986 0.017094365243674692
48 396 1 0.35858965294637019 0.015450337752777821
52 396 1 0.36185857675407779 0.01724367836948465
56 396 1 0.36690623646722692 0.01538163258144154
60 396 1 0.37075070045992936 0.01754211398017963
64 396 1 0.37650487635576119 0.015380591484383643
68 396 1 0.38085925789164332 0.017871173021444586
72 396 1 0.38736235724134871 0.015685433147579364
76 396 1 0.39210416049596208 0.018230485805472763
80 396 1 0.39902584902424953 0.015812834426019551
84 396 1 0.40388529174304055 0.018199672861230864
88 396 1 0.41134841894826663 0.01532997749998205
92 396 1 0.41681808498065576 0.018380477659417305
96 396 1 0.42489672859933186 0.014880709514477342
100 396 1 0.43126426457246314 0.018917584334498194
104 396 1 0.44137848755593911 0.013042989353965473
108 396 1 0.45247999380178971 0.024097983472400553
400 396 1 0.54752000619821029 0.024097983472400331
404 396 1 0.558621512444061 0.013042989353965417
408 396 1 0.56873573542753697 0.018917584334498083
412 396 1 0.5751032714006683 0.014880709514477508
416 396 1 0.58318191501934447 0.018380477659417416
420 396 1 0.58865158105173365 0.015329977499981884
424 396 1 0.59611470825696 0.018199672861230809
428 396 1 0.60097415097575102 0.015812834426019773
432 396 1 0.60789583950403836 0.018230485805473262
436 396 1 0.61263764275865185 0.015685433147579531
440 396 1 0.6191407421083569 0.017871173021444586
444 396 1 0.62349512364423931 0.015380591484383865
448 396 1 0.62924929954007092 0.017542113980179797
452 396 1 0.63309376353277358 0.015381632581441651
456 396 1 0.6381414232459226 0.017243678369484594
460 396 1 0.6414103470536302 0.015450337752777821
464 396 1 0.64566363572373042 0.017094365243674581
468 396 1 0.64839609119655628 0.015702875162035723
472 396 1 0.65196339797811842 0.016990533299773736
476 396 1 0.6542552794335369 0.015885568136513206
480 396 1 0.65720813605558592 0.016794248268075185
484 396 1 0.65907432220179774 0.015931850614392062
488 396 1 0.6613896540175157 0.016489551423502058
492 396 1 0.66283496041176215 0.015863474547221923
496 396 1 0.66450984696853943 0.016005528025722526
500 396 1 0.66541882891630633 0.015516824781237282
504 396 1 0.66621797199087629 0.015606298552069853
508 396 1 0.66649316704948058 0.015531770958475355
0 400 0 0.31817572945705402 0.015468701022767539
8 400 0 0.31948462500573804 0.015551037051838912
16 400 0 0.32212079455898274 0.015766898226378279
24 400 0 0.32599761567633961 0.015861155194969057
32 400 0 0.33104606872210834 0.015844592572064331
40 400 0 0.33724199903259516 0.015728137507261819
48 400 0 0.34461489838459314 0.015609216465630793
56 400 0 0.35320858647974973 0.01561988198382841
64 400 0 0.36298808487019874 0.015693982253503491
72 400 0 0.37387367469048932 0.015859584178166075
80 400 0 0.38568561888180969 0.015769951501835411
88 400 0 0.39843760732123845 0.015645644643222711
96 400 0 0.41234668023796495 0.016035330091424216
104 400 0 0.42838201032938916 0.018547230349475197
112 400 1 0.45247999380178971 0.024097983472400553
116 400 1 0.46750636129064993 0.015026367488860215
120 400 0 0.48235348084823126 0.016257398183945337
128 400 0 0.4959576045256669 0.013604123677435631
136 400 0 0.50657908466832513 0.010621480142658235
144 400 0 0.51531812321312132 0.0087390385447961849
152 400 0 0.52244193757152713 0.0071238143584058111
160 400 0 0.5280430246463983 0.0056010870748711694
168 400 0 0.53217621866913678 0.005572345809855328
176 400 0 0.53488063355233051 0.0061253067612984102
184 400 0 0.5361880409740114 0.0064290708792341666
192 400 0 0.53612936568103819 0.0064912083685667588
200 400 0 0.53474091093744169 0.0063149878138517579
208 400 0 0.53207235872916603 0.0059014270757385967
216 400 0 0.5281975996217616 0.0052525809872389084
224 400 0 0.52322761196392442 0.0059051767772089203
232 400 0 0.5173224351867155 0.0066251829995539468
240 400 0 0.51069725218716155 0.0070797209421318286
248 400 0 0.50361753124502973 0.0072350624900588412
256 400 0 0.49638246875497088 0.0072350624900588412
264 400 0 0.48930274781283845 0.0070797209421324392
272 400 0 0.48267756481328516 0.0066251829995532807
280 400 0 0.47677238803607608 0.0059051767772090868
288 400 0 0.47180240037823851 0.005252580987239408
296 400 0 0.46792764127083397 0.0059014270757386522
304 400 0 0.46525908906255864 0.006314987813852313
312 400 0 0.46387063431896258 0.0064912083685675914
320 400 0 0.46381195902598954 0.0064290708792348328
328 400 0 0.46511936644767005 0.0061253067612988543
336 400 0 0.46782378133086311 0.0055723458098550505
344 400 0 0.47195697535360148 0.0056010870748718355
352 400 0 0.47755806242847332 0.0071238143584057556
360 400 0 0.48468187678687907 0.0087390385447965735
368 400 0 0.49342091533167565 0.010621480142658069
376 400 0 0.50404239547433372 0.013604123677435354
384 400 0 0.51764651915176907 0.016257398183945004
392 400 1 0.53249363870935007 0.015026367488860215
396 400 1 0.54752000619821029 0.024097983472400331
400 400 0 0.57161798967061062 0.018547230349474919
408 400 0 0.58765331976203505 0.016035330091424438
416 400 0 0.60156239267876188 0.015645644643222933
424 400 0 0.61431438111819081 0.015769951501835355
432 400 0 0.62612632530951162 0.015859584178166464
440 400 0 0.63701191512980149 0.01569398225350338
448 400 0 0.64679141352025071 0.015619881983828465
456 400 0 0.6553851016154072 0.015609216465630849
464 400 0 0.662758000967405 0.015728137507261764
472 400 0 0.66895393127789216 0.015844592572064498
480 400 0 0.67400238432366111 0.015861155194969223
488 400 0 0.67787920544101776 0.015766898226378889
496 400 0 0.68051537499426196 0.015551037051839134
504 400 0 0.68182427054294614 0.01546870102276765
112 404 1 0.44137848755593911 0.013042989353965528
116 404 2 0.45695802475999076 0.015579537204051641
118 404 2 0.46722235188800804 0.015131128960223228
392 404 2 0.53277764811199202 0.01513112896022295
394 404 2 0.5430419752400093 0.015579537204051697
396 404 1 0.558621512444061 0.013042989353965639
116 406 2 0.45188492905981847 0.01050644150387936
118 406 2 0.46214925618783576 0.020204224660395509
392 406 2 0.53785074381216424 0.020204224660395176
394 406 2 0.54811507094018153 0.010506441503879471
0 408 0 0.30351633540645212 0.014659394050601904
8 408 0 0.30479898978195791 0.014685635223780136
16 408 0 0.30736508093780018 0.014755713621182553
24 408 0 0.31118558709799321 0.014812028578346403
32 408 0 0.3162212987536302 0.014824769968478146
40 408 0 0.32244666428253871 0.014795334750056455
48 408 0 0.32985522244858967 0.014759675936003469
56 408 0 0.33844478420775687 0.014763802271992865
64 408 0 0.34818590015504586 0.014802184715152877
72 408 0 0.35901885715256276 0.014854817537926557
80 408 0 0.37085572548058782 0.014829893401221872
88 408 0 0.38365653611532824 0.014781071205910212
96 408 0 0.39744358157441295 0.014903098663551995
104 408 0 0.41234668023796489 0.016035330091424271
112 408 1 0.43126426457246309 0.018917584334498194
116 408 1 0.4472156958727706 0.015951431300307517
120 408 3 0.46570990468577611 0.018494208813005508
121 408 3 0.47321995260964955 0.0091335282385817118
122 408 2 0.47724635198358739 0.0068522993450989
124 408 1 0.48369337868267792 0.011703394068470208
128 408 0 0.49539677275114813 0.012556433175113735
136 408 0 0.50730156429977191 0.011904791548623783
144 408 0 0.51760816805516641 0.010306603755394494
152 408 0 0.52610582536523809 0.0084976573100716823
160 408 0 0.53280026592983221 0.0066944405645941174
168 408 0 0.53774856447899211 0.0059133629547415412
176 408 0 0.54100594031362892 0.006393591298244905
184 408 0 0.54261711185324557 0.0066492473573410704
192 408 0 0.54262057404960495 0.0066850090575851784
200 408 0 0.54105589875129345 0.0064993782032758407
208 408 0 0.53797378580490463 0.0060864014436852187
216 408 0 0.53345018060900051 0.0058458565706791532
224 408 0 0.52760432403832136 0.0069867841343174142
232 408 0 0.52061753990400395 0.0078722746045829517
240 408 0 0.51274526529942099 0.008432994081851497
248 408 0 0.5043122712175695 0.0086245424351387157
256 408 0 0.49568772878243078 0.0086245424351387157
264 408 0 0.48725473470057912 0.0084329940818516635
272 408 0 0.47938246009599583 0.0078722746045832848
280 408 0 0.47239567596167881 0.0069867841343170256
288 408 0 0.4665498193909991 0.0058458565706797083
296 408 0 0.46202621419509532 0.0060864014436849412
304 408 0 0.45894410124870633 0.0064993782032756187
312 408 0 0.45737942595039499 0.0066850090575849563
320 408 0 0.45738288814675471 0.0066492473573406818
328 408 0 0.45899405968637119 0.0063935912982446275
336 408 0 0.46225143552100806 0.0059133629547418187
344 408 0 0.46719973407016785 0.0066944405645938954
352 408 0 0.47389417463476174 0.0084976573100722375
360 408 0 0.48239183194483398 0.010306603755394328
368 408 0 0.49269843570022831 0.011904791548624005
376 408 0 0.50460322724885232 0.012556433175113568
384 408 1 0.51630662131732219 0.011703394068469875
388 408 2 0.52275364801641278 0.0068522993450989
390 408 3 0.52678004739035067 0.0091335282385816008
391 408 3 0.534290095314224 0.018494208813005231
392 408 1 0.55278430412722923 0.015951431300307517
396 408 1 0.56873573542753675 0.018917584334498194
400 408 0 0.58765331976203494 0.016035330091424327
408 408 0 0.60255641842558705 0.014903098663552106
416 408 0 0.6163434638846722 0.014781071205910323
424 408 0 0.6291442745194129 0.014829893401222094
432 408 0 0.64098114284743779 0.014854817537926168
440 408 0 0.65181409984495453 0.014802184715153044
448 408 0 0.66155521579224363 0.014763802271992921
456 408 0 0.670144777551411 0.014759675936003802
464 408 0 0.67755333571746168 0.014795334750056677
472 408 0 0.68377870124636975 0.014824769968477591
480 408 0 0.68881441290200707 0.014812028578345959
488 408 0 0.69263491906219987 0.014755713621182109
496 408 0 0.69520101021804293 0.014685635223780968
504 408 0 0.69648366459354816 0.014659394050602015
120 409 3 0.46005810474345399 0.012842408870683386
121 409 3 0.46756815266732743 0.0096781993162599611
390 409 3 0.53243184733267268 0.0096781993162599056
391 409 3 0.53994189525654612 0.012842408870683109
120 410 2 0.45975373810404913 0.012767772783255082
122 410 2 0.47252151088730421 0.012767772783255082
388 410 2 0.5274784891126959 0.012767772783254916
390 410 2 0.54024626189595082 0.012767772783254916
112 412 1 0.42489672859933181 0.014880709514477397
116 412 1 0.4397774381138092 0.014880709514477397
120 412 2 0.45552387714971931 0.015746439035910109
122 412 2 0.46939551331907087 0.013871636169351553
124 412 1 0.48198730046939087 0.013507065695254006
384 412 1 0.51801269953060969 0.013507065695253728
388 412 2 0.53060448668092941 0.013871636169351387
390 412 2 0.5444761228502808 0.015746439035909887
392 412 1 0.56022256188619068 0.014880709514477508
396 412 1 0.57510327140066819 0.014880709514477508
120 414 2 0.45323107041856053 0.014333885810642322
122 414 2 0.46756495622920285 0.014422344240188012
388 414 2 0.53243504377079742 0.014422344240187734
390 414 2 0.54676892958143952 0.0143338858106421
0 416 0 0.28977329318768774 0.013743042218764379
8 416 0 0.29104503245290281 0.0137539573290551
16 416 0 0.29358449492813221 0.013780586009667972
24 416 0 0.29737637177227244 0.013809215325720769
32 416 0 0.30239706356983992 0.013824235183790279
40 416 0 0.30862394724780629 0.013822717034732424
48 416 0 0.31603882530523619 0.013816397143353476
56 416 0 0.32462278412252049 0.013822000085236374
64 416 0 0.33434494190717018 0.013840958247875679
72 416 0 0.34515868857359416 0.013860168578968601
80 416 0 0.35700683460715832 0.013848890873429498
88 416 0 0.36984599167486226 0.013810544440465977
96 416 0 0.38365653611532818 0.014781071205910212
104 416 0 0.3984376073212384 0.015645644643222822
112 416 1 0.41681808498065581 0.018380477659417416
116 416 1 0.4330644415327779 0.016284901070322821
120 416 2 0.45012044747669139 0.017056005943913488
122 416 2 0.46566509605636097 0.015544648579669584
124 416 1 0.48029450308907295 0.015111572111126181
128 416 0 0.49475569940226233 0.015010305675909774
136 416 0 0.50866576220430126 0.013910062802038936
144 416 0 0.52056518163583643 0.011899419431535163
152 416 0 0.53032650397178649 0.0097613223359500623
160 416 0 0.53799643720123747 0.0076699332294509759
168 416 0 0.54366192743373365 0.0061653387957555372
176 416 0 0.54739953161187382 0.0065581085728865229
184 416 0 0.54926635921058664 0.0067603805401269534
192 416 0 0.54930558310719013 0.0067726221551820398
200 416 0 0.54755527695456929 0.0065881224869810406
208 416 0 0.54406018724858984 0.0061934524392965873
216 416 0 0.53888886288650972 0.0067311314404557843
224 416 0 0.53215773144605394 0.0080976367438478913
232 416 0 0.52406009470220605 0.0091700587114380561
240 416 0 0.51489003599076799 0.0098497098178986775
248 416 0 0.50504032617286931 0.010080652345739072
256 416 0 0.49495967382713024 0.010080652345739072
264 416 0 0.48510996400923234 0.0098497098178979003
272 416 0 0.47593990529779401 0.0091700587114383336
280 416 0 0.46784226855394601 0.0080976367438480024
288 416 0 0.46111113711348961 0.0067311314404563949
296 416 0 0.45593981275141038 0.0061934524392969759
304 416 0 0.45244472304543071 0.0065881224869807076
312 416 0 0.45069441689281003 0.0067726221551822618
320 416 0 0.45073364078941403 0.0067603805401275641
328 416 0 0.45260046838812656 0.0065581085728870225
336 416 0 0.45633807256626624 0.0061653387957554817
344 416 0 0.46200356279876287 0.0076699332294506983
352 416 0 0.46967349602821357 0.0097613223359497847
360 416 0 0.47943481836416335 0.011899419431536051
368 416 0 0.4913342377956994 0.013910062802038881
376 416 0 0.50524430059773828 0.015010305675909774
384 416 1 0.51970549691092749 0.015111572111126015
388 416 2 0.53433490394363925 0.015544648579669529
390 416 2 0.54987955252330878 0.017056005943913433
392 416 1 0.56693555846722221 0.016284901070322766
396 416 1 0.58318191501934435 0.018380477659417416
400 416 0 0.60156239267876177 0.015645644643222822
408 416 0 0.61634346388467209 0.014781071205910323
416 416 0 0.63015400832513768 0.013810544440465589
424 416 0 0.64299316539284201 0.013848890873429109
432 416 0 0.65484131142640667 0.013860168578968879
440 416 0 0.6656550580928301 0.013840958247875568
448 416 0 0.67537721587747956 0.01382200008523593
456 416 0 0.6839611746947647 0.013816397143353698
464 416 0 0.69137605275219416 0.013822717034732479
472 416 0 0.69760293643016025 0.013824235183790501
480 416 0 0.70262362822772761 0.013809215325720547
488 416 0 0.70641550507186801 0.013780586009668139
496 416 0 0.70895496754709741 0.013753957329054489
504 416 0 0.7102267068123127 0.013743042218764545
120 418 2 0.44857823772951 0.016122528170022632
122 418 2 0.46470076589953263 0.016122528170022632
388 418 2 0.53529923410046765 0.016122528170022465
390 418 2 0.55142176227049011 0.016122528170022465
112 420 1 0.41134841894826663 0.015329977499982106
116 420 1 0.42667839644824873 0.016064295856123734
120 420 3 0.4417806620298948 0.015102265581646068
121 420 3 0.45118322871470995 0.01310127836454511
122 420 2 0.46428450707925506 0.014911777284376926
124 420 1 0.47919628436363199 0.015746229401093159
384 420 1 0.52080371563636862 0.015746229401092937
388 420 2 0.53571549292074527 0.014911777284376648
390 420 3 0.54881677128529038 0.01310127836454511
391 420 3 0.55821933797010548 0.015102265581646179
392 420 1 0.57332160355175166 0.016064295856123567
396 420 1 0.58865158105173354 0.015329977499981884
120 421 3 0.44069772945834729 0.014019333010098556
121 421 3 0.45010029614316233 0.014184210936092734
390 421 3 0.54989970385683806 0.014184210936092789
391 421 3 0.55930227054165316 0.0140193330100985
120 422 2 0.4442461888646238 0.01836941398119879
122 422 2 0.46261560284582259 0.01836941398119879
388 422 2 0.53738439715417796 0.018369413981198734
390 422 2 0.5557538111353767 0.018369413981198734
0 424 0 0.27699334575961898 0.012779947428068761
8 424 0 0.27825960040906494 0.012785432043837863
16 424 0 0.28078717600342767 0.012797318924704537
24 424 0 0.28456458878998714 0.012811782982285302
32 424 0 0.28957434386864156 0.01282271970119836
40 424 0 0.29579592440506874 0.012828022842737541
48 424 0 0.30320738024915272 0.012831445056083468
56 424 0 0.31178371950488654 0.012839064617633955
64 424 0 0.32149308390333409 0.012851858003836092
72 424 0 0.33229536925614833 0.012863319317445832
80 424 0 0.34414599197301166 0.012860842634146663
88 424 0 0.35700683460715826 0.013848890873429498
96 424 0 0.37085572548058776 0.014829893401221872
104 424 0 0.38568561888180963 0.015769951501835411
112 424 1 0.40388529174304055 0.01819967286123092
116 424 1 0.41988972319591616 0.016004431452875612
120 424 3 0.4366918814461957 0.016802158250279531
121 424 3 0.44799065414777106 0.01476145096023751
122 424 2 0.46275210510800857 0.015481129674259575
124 424 1 0.47823323478226815 0.016315739465040335
128 424 0 0.49454897424730848 0.017063415469552146
136 424 0 0.51094589052402317 0.01639691627671469
144 424 0 0.52426542122763031 0.013319530703607141
152 424 0 0.53508970942324419 0.010824288195613874
160 424 0 0.54356982481710669 0.0084801153938625085
168 424 0 0.54982726622948919 0.0063011315583257899
176 424 0 0.55395764018476035 0.0065979517130706489
184 424 0 0.55602673975071359 0.0067603805401269534
192 424 0 0.55607820526237217 0.0067726221551820398
200 424 0 0.55414339944155033 0.0065881224869810406
208 424 0 0.55025363968788643 0.0062160269621372999
216 424 0 0.54445869371362388 0.0076025302024265162
224 424 0 0.53685616351119736 0.0092215582926696849
232 424 0 0.52763460521852767 0.010512461542692142
240 424 0 0.51712214367583553 0.011324639613142562
248 424 0 0.50579750406269297 0.011595008125385886
256 424 0 0.49420249593730708 0.011595008125385886
264 424 0 0.48287785632416469 0.011324639613142395
272 424 0 0.47236539478147227 0.01051246154269242
280 424 0 0.46314383648880258 0.0092215582926696849
288 424 0 0.45554130628637551 0.0076025302024270713
296 424 0 0.4497463603121134 0.0062160269621365227
304 424 0 0.44585660055845 0.0065881224869807076
312 424 0 0.44392179473762777 0.0067726221551822618
320 424 0 0.44397326024928646 0.0067603805401275641
328 424 0 0.44604235981523954 0.0065979517130705378
336 424 0 0.45017273377051076 0.0063011315583255123
344 424 0 0.45643017518289286 0.008480115393862786
352 424 0 0.46491029057675565 0.010824288195614096
360 424 0 0.47573457877236974 0.013319530703607474
368 424 0 0.48905410947597722 0.016396916276714302
376 424 0 0.50545102575269152 0.017063415469552257
384 424 1 0.52176676521773213 0.016315739465040613
388 424 2 0.53724789489199187 0.015481129674259742
390 424 3 0.55200934585222938 0.01476145096023751
391 424 3 0.56330811855380469 0.01680215825027942
392 424 1 0.58011027680408411 0.016004431452875889
396 424 1 0.59611470825696 0.018199672861230698
400 424 0 0.6143143811181907 0.015769951501835244
408 424 0 0.62914427451941279 0.014829893401222094
416 424 0 0.64299316539284201 0.01384889087342922
424 424 0 0.65585400802698857 0.012860842634146552
432 424 0 0.66770463074385245 0.012863319317445776
440 424 0 0.6785069160966658 0.012851858003835703
448 424 0 0.68821628049511407 0.01283906461763451
456 424 0 0.69679261975084772 0.012831445056083024
464 424 0 0.7042040755949317 0.012828022842737541
472 424 0 0.71042565613135922 0.01282271970119897
480 424 0 0.71543541121001331 0.012811782982285691
488 424 0 0.71921282399657271 0.012797318924704704
496 424 0 0.72174039959093494 0.01278543204383753
504 424 0 0.72300665424038124 0.012779947428068539
120 425 3 0.43465533216781094 0.014765608971894773
121 425 3 0.44828230341436415 0.014469801693644424
390 425 3 0.5517176965856363 0.014469801693644424
391 425 3 0.5653446678321894 0.014765608971894717
120 426 3 0.4337721715633614 0.013968245318121852
121 426 3 0.44774041688148325 0.014296264977970208
122 426 2 0.46203668185945346 0.016196552922814689
388 426 2 0.53796331814054699 0.016196552922814855
390 426 3 0.55225958311851719 0.014296264977970208
391 426 3 0.56622782843663899 0.013968245318121797
120 427 3 0.43281804764642368 0.014061620894863902
121 427 3 0.44687966854128758 0.015157013318165879
390 427 3 0.55312033145871276 0.015157013318165768
391 427 3 0.56718195235357671 0.014061620894863958
112 428 1 0.39902584902424959 0.015812834426019551
116 428 1 0.41483868345026914 0.017354931141258467
120 428 3 0.43074554621222361 0.015906862761954466
121 428 3 0.44493277431231981 0.014931526916800664
122 428 2 0.45986430122912048 0.016873581544123994
124 428 1 0.47673788277324447 0.017811091474064011
384 428 1 0.52326211722675542 0.0178110914740639
388 428 2 0.54013569877087975 0.016873581544124328
390 428 3 0.55506722568768052 0.014931526916800775
391 428 3 0.56925445378777673 0.015906862761954521
392 428 1 0.58516131654973125 0.017354931141258523
396 428 1 0.60097415097575102 0.015812834426019773
120 429 3 0.43040776388821544 0.015569080437946303
121 429 3 0.44225123093604152 0.017613070293078958
390 429 3 0.55774876906395876 0.017613070293079014
391 429 3 0.56959223611178489 0.015569080437946359
120 430 2 0.43381057413283564 0.018971890682566495
122 430 3 0.45173921904274444 0.017928644909908809
123 430 3 0.46247208442931337 0.014265798343931102
388 430 3 0.53752791557068669 0.014265798343931269
389 430 3 0.54826078095725572 0.017928644909908864
390 430 2 0.56618942586716459 0.018971890682566661
122 431 3 0.45081668659216129 0.017006112459325651
123 431 3 0.46154955197873021 0.01518833079451426
388 431 3 0.53845044802126973 0.015188330794514315
389 431 3 0.54918331340783877 0.017006112459325817
0 432 0 0.26520919447338781 0.01178415128623117
8 432 0 0.2664729784884311 0.011786621920633844
16 432 0 0.26899552503436691 0.011791650969060763
24 432 0 0.27276646149029143 0.011798127299695704
32 432 0 0.27777021227076243 0.011804131597879131
40 432 0 0.28398692471548526 0.011808999689583488
48 432 0 0.29139315070242516 0.011814229546727562
56 432 0 0.29996152212737559 0.011822197377510946
64 432 0 0.309659765067547 0.011833318835787088
72 432 0 0.3204507773099397 0.011844591946208627
80 432 0 0.33229536925614828 0.012863319317445832
88 432 0 0.34515868857359411 0.013860168578968657
96 432 0 0.35901885715256276 0.014854817537926557
104 432 0 0.37387367469048932 0.015859584178166186
112 432 1 0.39210416049596214 0.018230485805472818
116 432 1 0.40857768639317354 0.016473525897211405
120 432 3 0.4265736949308217 0.017996008537648156
121 432 3 0.43912702765949996 0.01704751411590244
122 432 2 0.4561745417754024 0.017008352064199428
124 432 1 0.47318289383960183 0.017191008072809322
128 432 1 0.48869114976935957 0.015508255929757742
132 432 1 0.49990667250389742 0.015136473981403387
136 432 0 0.51504314648530081 0.014524535365834756
144 432 0 0.52879539767396488 0.013752251188664077
152 432 0 0.54034063954237599 0.011545241868411105
160 432 0 0.54942400405546732 0.0090833645130913299
168 432 0 0.55612839778781498 0.0067043937323476577
176 432 0 0.560555591897831 0.0065979517130706489
184 432 0 0.56277299629441979 0.0067462565437061972
192 432 0 0.56281927774101637 0.0067410724786441945
200 432 0 0.56071429961729435 0.0065709001757440211
208 432 0 0.55646966665002373 0.0063649470787495721
216 432 0 0.55010471957127416 0.0084285159582213609
224 432 0 0.5416762036130528 0.010339392971797312
232 432 0 0.53133681064125549 0.011902024257999799
240 432 0 0.51943478638325569 0.012857173279234413
248 432 0 0.50657761310402127 0.013155226208043047
256 432 0 0.49342238689597823 0.013155226208043047
264 432 0 0.4805652136167442 0.012857173279234024
272 432 0 0.4686631893587449 0.0119020242579993
280 432 0 0.45832379638694759 0.010339392971797312
288 432 0 0.44989528042872579 0.008428515958221805
296 432 0 0.44353033334997688 0.006364947078748906
304 432 0 0.43928570038270559 0.0065709001757444097
312 432 0 0.43718072225898358 0.0067410724786441945
320 432 0 0.43722700370558026 0.0067462565437061972
328 432 0 0.439444408102169 0.0065979517130705378
336 432 0 0.44387160221218525 0.0067043937323476022
344 432 0 0.45057599594453285 0.0090833645130913854
352 432 0 0.45965936045762423 0.01154524186841116
360 432 0 0.47120460232603539 0.013752251188663522
368 432 0 0.48495685351469892 0.01452453536583459
376 432 1 0.50009332749610214 0.01513647398140322
380 432 1 0.5113088502306401 0.015508255929758019
384 432 1 0.52681710616039812 0.017191008072809266
388 432 2 0.54382545822459749 0.017008352064199372
390 432 3 0.56087297234050015 0.017047514115902662
391 432 3 0.57342630506917847 0.017996008537648156
392 432 1 0.59142231360682662 0.016473525897211627
396 432 1 0.60789583950403825 0.018230485805473262
400 432 0 0.62612632530951151 0.015859584178166464
408 432 0 0.64098114284743768 0.014854817537926168
416 432 0 0.65484131142640667 0.01386016857896899
424 432 0 0.66770463074385245 0.012863319317445776
432 432 0 0.67954922269006091 0.01184459194620846
440 432 0 0.690340234932454 0.011833318835788198
448 432 0 0.70003847787262508 0.011822197377511001
456 432 0 0.70860684929757545 0.011814229546727728
464 432 0 0.71601307528451552 0.011808999689583821
472 432 0 0.72222978772923829 0.011804131597879075
480 432 0 0.72723353850970895 0.011798127299695649
488 432 0 0.73100447496563403 0.011791650969061318
496 432 0 0.73352702151156879 0.011786621920633844
504 432 0 0.73479080552661225 0.011784151286231004
120 433 3 0.42479531018532579 0.016217623792152247
121 433 3 0.43996072019756044 0.016213821577841958
390 433 3 0.56003927980243962 0.016213821577842125
391 433 3 0.57520468981467432 0.016217623792152303
120 434 3 0.42408549123738476 0.015671560672823048
121 434 3 0.43975705191020781 0.016052177847974691
122 434 2 0.4558092297581825 0.017373664081419327
388 434 2 0.54419077024181739 0.017373664081419271
390 434 3 0.56024294808979225 0.016052177847974858
391 434 3 0.57591450876261541 0.015671560672823159
120 435 3 0.42322850195979383 0.015955434546281566
121 435 3 0.4391839365060754 0.016625293252107098
390 435 3 0.56081606349392465 0.016625293252107265
391 435 3 0.57677149804020633 0.015955434546281677
112 436 1 0.38736235724134882 0.015685433147579309
116 436 1 0.40304779038892813 0.016541057443228535
120 436 3 0.42108376063344949 0.01803597024452136
121 436 3 0.43795238834936562 0.016868627715916129
122 436 2 0.4544313736712135 0.016893913850568487
124 436 1 0.47129507423903177 0.017523917738143824
128 436 1 0.48700385915747652 0.01570878491844474
132 436 1 0.50113054973503457 0.014126690577558054
376 436 1 0.4988694502649651 0.014126690577557999
380 436 1 0.5129961408425231 0.015708784918444962
384 436 1 0.52870492576096806 0.01752391773814399
388 436 2 0.54556862632878644 0.016893913850568598
390 436 3 0.56204761165063444 0.01686862771591624
391 436 3 0.57891623936655068 0.018035970244521526
392 436 1 0.5969522096110722 0.016541057443228535
396 436 1 0.61263764275865173 0.015685433147579531
120 437 3 0.42012386508925292 0.017076074700324795
121 437 3 0.43712253129192441 0.017308842379289091
390 437 3 0.56287746870807565 0.017308842379289202
391 437 3 0.5798761349107473 0.017076074700324906
120 438 3 0.41925922903540508 0.01673570871039054
121 438 3 0.43599493774579562 0.017116001584766727
122 438 2 0.45311093933056235 0.018184134908469429
388 438 2 0.54688906066943765 0.018184134908469596
390 438 3 0.56400506225420455 0.017116001584766893
391 438 3 0.5807407709645952 0.016735708710390651
120 439 3 0.41788853657051916 0.016611546171645064
121 439 3 0.43450008274216423 0.018610856588398117
390 439 3 0.56549991725783599 0.018610856588398339
391 439 3 0.58211146342948117 0.016611546171645175
0 440 0 0.25445526967594312 0.010753924797444692
8 440 0 0.25571866237495527 0.010754316113475826
16 440 0 0.25824032567271044 0.010755199361656476
24 440 0 0.26200996024954037 0.01075650124075106
32 440 0 0.26701217013781492 0.01075804213294751
40 440 0 0.27322681781692654 0.010760106898558719
48 440 0 0.2806294282827469 0.010763722419678268
56 440 0 0.28919139636318891 0.010770125764186678
64 440 0 0.29888013096675425 0.010779634100792745
72 440 0 0.309659765067547 0.011833318835787088
80 440 0 0.32149308390333409 0.012851858003836036
88 440 0 0.33434494190717012 0.013840958247875734
96 440 0 0.34818590015504586 0.014802184715152877
104 440 0 0.36298808487019874 0.015693982253503658
112 440 1 0.38085925789164338 0.017871173021444642
116 440 1 0.39703359348837552 0.016174335596732148
120 440 3 0.41476576696865813 0.017732173480282609
121 440 3 0.43101958147553454 0.016253814506876407
122 440 3 0.44612124438618522 0.015101662910650682
123 440 3 0.45688058026979417 0.014366555456267582
124 440 1 0.47124713572606175 0.015572349321729018
128 440 1 0.48681948504779077 0.015572349321729018
132 440 1 0.50236882394468874 0.016153520936291188
136 440 0 0.51852234488097992 0.015918318158730793
144 440 0 0.53356230950042116 0.015039964619441237
152 440 0 0.54587075281533681 0.012308443314915651
160 440 0 0.55540978878591263 0.0095390359705758154
168 440 0 0.56242050664908094 0.0070107178631683142
176 440 0 0.56704983035469336 0.0064942384568623668
184 440 0 0.56936605698063036 0.0065930606862105723
192 440 0 0.56939791618285862 0.006578638441842255
200 440 0 0.56715083842840275 0.0064365388111083943
208 440 0 0.56261435401093873 0.0068448687795701346
216 440 0 0.5557694852313686 0.0091639910265147728
224 440 0 0.54660549420485383 0.011423277129041676
232 440 0 0.53518221707581215 0.013361325144422675
240 440 0 0.52182089193138947 0.014454722205301751
248 440 0 0.50736616972608772 0.014732339452175891
256 440 0 0.49263383027391183 0.014732339452175891
264 440 0 0.47817910806861075 0.014454722205301085
272 440 0 0.46481778292418802 0.013361325144422731
280 440 0 0.45339450579514612 0.011423277129041898
288 440 0 0.44423051476863157 0.0091639910265145508
296 440 0 0.43738564598906116 0.0068448687795704122
304 440 0 0.43284916157159709 0.0064365388111085053
312 440 0 0.43060208381714116 0.0065786384418424215
320 440 0 0.43063394301937002 0.0065930606862102392
328 440 0 0.43295016964530697 0.0064942384568620337
336 440 0 0.43757949335091895 0.0070107178631685363
344 440 0 0.44459021121408748 0.0095390359705760375
352 440 0 0.45412924718466352 0.012308443314915152
360 440 0 0.46643769049957867 0.015039964619440793
368 440 0 0.48147765511901947 0.015918318158731126
376 440 1 0.49763117605531076 0.016153520936291299
380 440 1 0.51318051495220918 0.015572349321728907
384 440 1 0.52875286427393808 0.015572349321728907
388 440 3 0.54311941973020583 0.014366555456267749
389 440 3 0.55387875561381483 0.015101662910650848
390 440 3 0.56898041852446568 0.016253814506876463
391 440 3 0.58523423303134214 0.017732173480282665
392 440 1 0.60296640651162481 0.016174335596732092
396 440 1 0.6191407421083569 0.017871173021444475
400 440 0 0.63701191512980138 0.01569398225350338
408 440 0 0.65181409984495442 0.014802184715153044
416 440 0 0.66565505809282999 0.013840958247875568
424 440 0 0.67850691609666569 0.012851858003835703
432 440 0 0.69034023493245389 0.011833318835788198
440 440 0 0.70111986903324652 0.010779634100792634
448 440 0 0.71080860363681186 0.010770125764186789
456 440 0 0.71937057171725372 0.010763722419678268
464 440 0 0.72677318218307396 0.010760106898558441
472 440 0 0.73298782986218547 0.010758042132947176
480 440 0 0.73799003975046029 0.010756501240751337
488 440 0 0.74175967432729073 0.010755199361656698
496 440 0 0.74428133762504545 0.010754316113476659
504 440 0 0.7455447303240571 0.010753924797444858
120 441 3 0.41314111788024432 0.016107524391868799
121 441 3 0.42870632157289301 0.015565203692648688
122 441 3 0.44348461259076094 0.014778291017867928
123 441 3 0.45705093510710826 0.014196200618953492
388 441 3 0.54294906489289174 0.014196200618953658
389 441 3 0.55651538740923912 0.014778291017868095
390 441 3 0.57129367842710721 0.015565203692648688
391 441 3 0.5868588821197559 0.01610752439186891
120 442 3 0.41207920031967193 0.015116926350894455
121 442 3 0.42719612667056639 0.015116926350894455
122 442 3 0.44207204883309054 0.014875922162524147
123 442 3 0.45659986592706797 0.014647269798993778
388 442 3 0.54340013407293208 0.014647269798994
389 442 3 0.55792795116690952 0.014875922162524202
390 442 3 0.57280387332943372 0.015116926350894566
391 442 3 0.58792079968032829 0.015116926350894566
120 443 3 0.41096686484796807 0.014977024850637011
121 443 3 0.42594388969860508 0.015076696978237714
122 443 3 0.4410205866768428 0.015076696978237714
123 443 3 0.45603834696533846 0.015208788760723291
388 443 3 0.54396165303466137 0.015208788760723291
389 443 3 0.55897941332315726 0.015076696978237769
390 443 3 0.57405611030139503 0.015076696978237769
391 443 3 0.58903313515203215 0.014977024850637122
112 444 1 0.3765048763557613 0.015380591484383532
116 444 1 0.39188546784014483 0.015678585241688525
120 444 3 0.40883218449881226 0.016946716658667427
121 444 3 0.42460967922371512 0.015777494724902863
122 444 3 0.44004191818968041 0.015432238965965295
123 444 3 0.45529556821611283 0.015253650026432419
124 444 1 0.47030695279656803 0.016326763506532005
128 444 1 0.48663371630310004 0.016326763506532005
132 444 1 0.50283922949980953 0.016205513196709487
376 444 1 0.49716077050019036 0.016205513196709598
380 444 1 0.51336628369689996 0.016326763506531949
384 444 1 0.52969304720343191 0.016326763506531949
388 444 3 0.54470443178388717 0.015253650026432419
389 444 3 0.55995808181031959 0.015432238965965461
390 444 3 0.57539032077628505 0.015777494724902863
391 444 3 0.59116781550118791 0.016946716658667427
392 444 1 0.60811453215985534 0.015678585241688525
396 444 1 0.6234951236442392 0.015380591484383865
120 445 3 0.4078889210883922 0.016003453248247368
121 445 3 0.42363922200993848 0.015750300921546279
122 445 3 0.43925671271312322 0.015617490703184744
123 445 3 0.45480645863168473 0.015549745918561508
388 445 3 0.54519354136831522 0.015549745918561619
389 445 3 0.56074328728687683 0.015617490703184855
390 445 3 0.57636077799006169 0.015750300921546279
391 445 3 0.59211107891160797 0.016003453248247368
120 446 3 0.40722144578841923 0.015599260604316822
121 446 3 0.42282070639273606 0.015734170528621416
122 446 3 0.43855487692135747 0.015823852384131476
123 446 3 0.45437872930548895 0.015928223491079085
388 446 3 0.54562127069451105 0.015928223491079141
389 446 3 0.56144512307864258 0.015823852384131532
390 446 3 0.57717929360726405 0.015734170528621472
391 446 3 0.59277855421158099 0.015599260604316934
120 447 3 0.40631366095170979 0.015573285266986037
121 447 3 0.42188694621869582 0.015892649293685668
122 447 3 0.43777959551238149 0.016079656939778642
123 447 3 0.45385925245216013 0.016447700344407901
388 447 3 0.54614074754783992 0.016447700344408012
389 447 3 0.56222040448761867 0.016079656939778753
390 447 3 0.5781130537813044 0.015892649293685723
391 447 3 0.59368633904829038 0.015573285266985981
0 448 0 0.24476931502911031 0.0096859546468328062
8 448 0 0.2460337374590548 0.009684924915900478
16 448 0 0.24855722655756282 0.0096830991151476142
24 448 0 0.25232908839769291 0.0096808718518474612
32 448 0 0.25733339143123263 0.0096787787065822917
40 448 0 0.26354922645877132 0.0096775913581552131
48 448 0 0.27095110983544757 0.0096783184472993278
56 448 0 0.27950948581357954 0.0096819105496094293
64 448 0 0.28919139636318897 0.010770125764186622
72 448 0 0.29996152212737559 0.01182219737751089
80 448 0 0.31178371950488648 0.012839064617633955
88 448 0 0.32462278412252044 0.01382200008523643
96 448 0 0.33844478420775687 0.014763802271992976
104 448 0 0.35320858647974984 0.015619881983828354
112 448 1 0.37075070045992947 0.01754211398017963
116 448 1 0.38685800650981012 0.016107306049880643
120 448 3 0.40428412743655806 0.017426120926747946
121 448 3 0.4206540322995963 0.016369904863038243
122 448 3 0.43683419656158395 0.016180164261987651
123 448 3 0.45298498941395982 0.016150792852375861
124 448 1 0.46890115664369464 0.017706211621478063
128 448 1 0.4866073682651727 0.017706211621478063
132 448 1 0.50370835971553574 0.017807853927430783
136 448 0 0.52151621364296652 0.017773995138873344
144 448 0 0.5386829257068072 0.017166712063840683
152 448 0 0.5515834915099852 0.012900565803177999
160 448 0 0.5613632236885574 0.009779732178572198
168 448 0 0.56853545491286372 0.0071722312243063246
176 448 0 0.57328183257070187 0.0062320022160085031
184 448 0 0.57565722292748478 0.0062911659468544157
192 448 0 0.57567408411142262 0.0062761679285640026
200 448 0 0.5733234019708543 0.0061725635424515479
208 448 0 0.5685769169641447 0.0071966785016894796
216 448 0 0.56138023846245522 0.0097442757863861473
224 448 0 0.55163596267606907 0.012413852340814491
232 448 0 0.53922211033525458 0.014968902611430357
240 448 0 0.52425320772382422 0.016138459009024664
248 448 0 0.50811474871479956 0.016229497429599005
256 448 0 0.49188525128520055 0.016229497429599005
264 448 0 0.47574679227617594 0.016138459009024608
272 448 0 0.4607778896647452 0.014968902611430746
280 448 0 0.44836403732393082 0.01241385234081438
288 448 0 0.43861976153754423 0.0097442757863865914
296 448 0 0.43142308303585508 0.0071966785016891466
304 448 0 0.42667659802914537 0.0061725635424517145
312 448 0 0.42432591588857721 0.0062761679285639471
320 448 0 0.42434277707251522 0.0062911659468548042
328 448 0 0.4267181674292983 0.0062320022160086697
336 448 0 0.43146454508713589 0.0071722312243069908
344 448 0 0.43863677631144288 0.009779732178572087
352 448 0 0.44841650849001496 0.012900565803177499
360 448 0 0.46131707429319246 0.017166712063841072
368 448 0 0.47848378635703354 0.017773995138873289
376 448 1 0.49629164028446443 0.017807853927430894
380 448 1 0.51339263173482719 0.017706211621478118
384 448 1 0.53109884335630531 0.017706211621478118
388 448 3 0.54701501058604018 0.016150792852375973
389 448 3 0.56316580343841616 0.016180164261987762
390 448 3 0.57934596770040392 0.016369904863038354
391 448 3 0.59571587256344227 0.017426120926748001
392 448 1 0.61314199349019027 0.016107306049880643
396 448 1 0.62924929954007092 0.017542113980179685
400 448 0 0.6467914135202506 0.015619881983828354
408 448 0 0.66155521579224363 0.014763802271993032
416 448 0 0.67537721587747956 0.01382200008523593
424 448 0 0.68821628049511385 0.012839064617634288
432 448 0 0.70003847787262496 0.011822197377511112
440 448 0 0.71080860363681186 0.0107701257641869
448 448 0 0.72049051418642129 0.0096819105496094293
456 448 0 0.72904889016455354 0.0096783184472998274
464 448 0 0.73645077354123001 0.0096775913581560458
472 448 0 0.74266660856876798 0.0096787787065825137
480 448 0 0.74767091160230792 0.0096808718518476278
488 448 0 0.75144277344243815 0.0096830991151474199
496 448 0 0.75396626254094568 0.0096849249159002282
504 448 0 0.75523068497088963 0.0096859546468325286
120 449 3 0.40333475015000481 0.016476743640194691
121 449 3 0.41963168424787234 0.016304190186882173
122 449 3 0.43593587443475451 0.016424108782760405
123 449 3 0.45235998321751492 0.016541173426179723
388 449 3 0.5476400167824852 0.016541173426179889
389 449 3 0.56406412556524577 0.016424108782760571
390 449 3 0.58036831575212788 0.016304190186882117
391 449 3 0.59666524984999547 0.016476743640194802
120 450 3 0.40258946278421809 0.016033941792242823
121 450 3 0.41862340457646091 0.016312542569179078
122 450 3 0.43493594714563999 0.016697199677406849
123 450 3 0.45163314682304684 0.017268009820647801
388 450 3 0.54836685317695322 0.017268009820647912
389 450 3 0.56506405285436023 0.016697199677407015
390 450 3 0.58137659542353937 0.016312542569179134
391 450 3 0.59741053721578219 0.016033941792242823
120 451 3 0.40156623718237522 0.015792046160272355
121 451 3 0.41735828334264757 0.016211905605904908
122 451 3 0.43357018894855248 0.016780971461737293
123 451 3 0.45035116041028977 0.018549996233404864
388 451 3 0.54964883958971023 0.01854999623340492
389 451 3 0.56642981105144774 0.016780971461737515
390 451 3 0.58264171665735276 0.016211905605905019
391 451 3 0.59843376281762506 0.015792046160272299
112 452 1 0.36690623646722698 0.01538163258144154
116 452 1 0.38228786904866852 0.015736805177631208
120 452 3 0.39948404171035806 0.017196172661689546
121 452 3 0.41569553036914481 0.016211488658786743
122 452 3 0.43165478230280629 0.015959251933661489
123 452 3 0.44731640204247985 0.01566161973967356
124 452 2 0.46157641006779127 0.015067768059005782
126 452 2 0.47252737328611505 0.014751680857648941
128 452 1 0.48727905414376399 0.016497023148886625
132 452 1 0.50377607729265061 0.017740136350315905
376 452 1 0.49622392270734922 0.017740136350315683
380 452 1 0.51272094585623584 0.016497023148886625
384 452 2 0.52747262671388506 0.014751680857649219
386 452 2 0.53842358993220885 0.015067768059005782
388 452 3 0.55268359795752031 0.015661619739673616
389 452 3 0.56834521769719393 0.015959251933661545
390 452 3 0.58430446963085547 0.016211488658786743
391 452 3 0.60051595828964222 0.017196172661689602
392 452 1 0.61771213095133182 0.015736805177631208
396 452 1 0.63309376353277358 0.015381632581441762
120 453 3 0.39841184604384355 0.016123976995175038
121 453 3 0.41430780921661792 0.015895963172774363
122 453 3 0.43005723707221932 0.015749427855601406
123 453 3 0.44570088197509106 0.015875528092700208
388 453 3 0.55429911802490905 0.015875528092700208
389 453 3 0.5699427629277809 0.015749427855601406
390 453 3 0.5856921907833823 0.015895963172774419
391 453 3 0.60158815395615672 0.016123976995175093
120 454 3 0.3975933071592197 0.015496658200778057
121 454 3 0.41308996535999776 0.015496658200778057
122 454 3 0.42858645419312397 0.01549648883312621
123 454 3 0.44387194002020308 0.015285485827079115
124 454 2 0.45843016855303365 0.015099214528695282
126 454 2 0.47240470499315473 0.014874349150609256
384 454 2 0.52759529500684532 0.014874349150609478
386 454 2 0.54156983144696647 0.015099214528695337
388 454 3 0.55612805997979708 0.015285485827079115
389 454 3 0.5714135458068762 0.015496488833126265
390 454 3 0.58691003464000246 0.015496658200778168
391 454 3 0.60240669284078063 0.015496658200778168
120 455 3 0.39660950199177769 0.015286704115531957
121 455 3 0.41189620610730965 0.015452292476442087
122 455 3 0.42734849858375173 0.015452292476442087
123 455 3 0.44278996802847365 0.01564020052456
388 455 3 0.55721003197152652 0.015640200524560055
389 455 3 0.57265150141624854 0.015452292476442087
390 455 3 0.58810379389269063 0.015452292476442087
391 455 3 0.60339049800822264 0.015286704115532013
0 456 0 0.23619023205244441 0.0085790829766659027
8 456 0 0.23745658074574302 0.0085771567133117732
16 456 0 0.23998360999501295 0.0085736165625498739
24 456 0 0.24376004204173626 0.0085690463559566499
32 456 0 0.24876914385439317 0.0085642475768394621
40 456 0 0.25498903353479818 0.0085601929239731422
48 456 0 0.26239317774231813 0.0085579320931294389
56 456 0 0.27095110983544757 0.0096783184472993278
64 456 0 0.2806294282827469 0.010763722419678268
72 456 0 0.29139315070242516 0.011814229546727506
80 456 0 0.30320738024915267 0.012831445056083468
88 456 0 0.31603882530523614 0.013816397143353476
96 456 0 0.32985522244858961 0.01475967593600358
104 456 0 0.34461489838459319 0.015609216465630793
112 456 1 0.36185857675407779 0.017243678369484594
116 456 1 0.3778096185452442 0.015951041791166409
120 456 3 0.39468694201344262 0.016877323468198424
121 456 3 0.41056139681027864 0.015874454796836024
122 456 3 0.42614403657220273 0.015582639761924089
123 456 3 0.44152988214015054 0.015385845567947809
124 456 2 0.45648019551501451 0.015351506442313811
126 456 2 0.47144077875185997 0.014964564059154029
128 456 1 0.486405342811014 0.016117049964337604
132 456 1 0.5025223927753516 0.016117049964337604
136 456 1 0.51796559073560311 0.015443197960251509
140 456 1 0.52933863670665715 0.015810288478456447
144 456 0 0.5451489251851136 0.014417799563366196
152 456 0 0.55738205894318049 0.012233133758066894
160 456 0 0.56706167888476555 0.0096796199415850603
168 456 0 0.57427705814254981 0.0072153792577842601
176 456 0 0.57908427095114201 0.0058024383804401447
184 456 0 0.5814954174263991 0.0058381944989143175
192 456 0 0.58150375541401467 0.0058296713025920432
200 456 0 0.57908983796810998 0.0057664359972556811
208 456 0 0.57421842335641615 0.0073966426072521463
216 456 0 0.56682178074916401 0.010075304437343724
224 456 0 0.55674647631182028 0.013108718259226992
232 456 0 0.54363775805259329 0.017033156724258092
240 456 0 0.5266046013283352 0.017979623480465223
248 456 0 0.50862497784786997 0.017979623480465223
256 456 0 0.49137502215212969 0.017979623480464446
264 456 0 0.47339539867166525 0.017979623480464446
272 456 0 0.45636224194740671 0.017033156724258536
280 456 0 0.44325352368817966 0.013108718259227048
288 456 0 0.43317821925083594 0.010075304437343724
296 456 0 0.42578157664358357 0.0073966426072523683
304 456 0 0.42091016203189041 0.0057664359972549595
312 456 0 0.41849624458598572 0.0058296713025914881
320 456 0 0.41850458257360112 0.0058381944989140955
328 456 0 0.42091572904885854 0.0058024383804397561
336 456 0 0.42572294185745008 0.0072153792577840381
344 456 0 0.43293832111523411 0.0096796199415853934
352 456 0 0.44261794105681951 0.012233133758067449
360 456 0 0.45485107481488696 0.014417799563365863
368 456 1 0.47066136329334296 0.015810288478456003
372 456 1 0.48203440926439711 0.015443197960251287
376 456 1 0.4974776072246484 0.016117049964337493
380 456 1 0.51359465718898589 0.016117049964337493
384 456 2 0.52855922124814014 0.014964564059154251
386 456 2 0.5435198044849856 0.015351506442313756
388 456 3 0.55847011785984957 0.015385845567947865
389 456 3 0.57385596342779743 0.0155826397619242
390 456 3 0.58943860318972163 0.015874454796836024
391 456 3 0.60531305798655766 0.01687732346819848
392 456 1 0.62219038145475614 0.015951041791166354
396 456 1 0.63814142324592249 0.017243678369484705
400 456 0 0.6553851016154072 0.01560921646563096
408 456 0 0.670144777551411 0.014759675936003802
416 456 0 0.68396117469476447 0.013816397143353476
424 456 0 0.6967926197508475 0.012831445056083024
432 456 0 0.70860684929757545 0.01181422954672795
440 456 0 0.71937057171725372 0.010763722419678268
448 456 0 0.72904889016455354 0.0096783184472998274
456 456 0 0.73760682225768193 0.0085579320931283842
464 456 0 0.74501096646520204 0.008560192923972032
472 456 0 0.75123085614560747 0.0085642475768394899
480 456 0 0.75623995795826426 0.0085690463559563446
488 456 0 0.76001639000498733 0.00857361656254918
496 456 0 0.76254341925425762 0.0085771567133119397
504 456 0 0.76380976794755606 0.00857908297666643
120 457 3 0.39379410640985341 0.015984487864609209
121 457 3 0.40954368354780507 0.015749577137951665
122 457 3 0.42516008775686592 0.015616404209060852
123 457 3 0.44072749600525085 0.015752699509763657
388 457 3 0.55927250399474926 0.015752699509763657
389 457 3 0.57483991224313424 0.015616404209060963
390 457 3 0.59045631645219521 0.015749577137951776
391 457 3 0.60620589359014698 0.015984487864609154
120 458 3 0.39316348548141766 0.01552172898672366
121 458 3 0.40868521446814132 0.015564721516417857
122 458 3 0.42424993598455918 0.015564721516417857
123 458 3 0.43976314198749156 0.015513206002932378
124 458 2 0.45500519474350343 0.015575996946668558
126 458 2 0.47054555654713581 0.015859786263878184
384 458 2 0.5294544434528643 0.015859786263878406
386 458 2 0.54499480525649657 0.015575996946668669
388 458 3 0.56023685801250855 0.015513206002932489
389 458 3 0.57575006401544104 0.015564721516417857
390 458 3 0.5913147855318589 0.015564721516417857
391 458 3 0.60683651451858267 0.015521728986723771
120 459 3 0.39239278517872667 0.015417942739393509
121 459 3 0.40781072791812017 0.015606715811362137
122 459 3 0.42341744372948231 0.01567780987669587
123 459 3 0.43909525360617818 0.015909941137325245
388 459 3 0.56090474639382193 0.015909941137325356
389 459 3 0.57658255627051791 0.015677809876695981
390 459 3 0.5921892720818801 0.015606715811362193
391 459 3 0.60760721482127356 0.015417942739393453
112 460 1 0.35858965294637019 0.015450337752777821
116 460 1 0.37403999069914801 0.015781962306115616
120 460 3 0.39081565849007244 0.016775667790924431
121 460 3 0.40677544489649026 0.01595978640641782
122 460 3 0.42254137996185082 0.015765935065360559
123 460 3 0.43822202722194564 0.015680647260094827
124 460 2 0.45366558100452686 0.015752581002378419
126 460 2 0.46941816200690528 0.015752581002378419
128 460 1 0.48505233004436971 0.016804264125970747
132 460 1 0.50185659417034045 0.016804264125970747
136 460 1 0.51805129263384408 0.016194698463503632
140 460 1 0.53212361453683754 0.014072321902993457
368 460 1 0.46787638546316251 0.014072321902993401
372 460 1 0.48194870736615592 0.016194698463503798
376 460 1 0.49814340582965971 0.016804264125970525
380 460 1 0.51494766995563024 0.016804264125970525
384 460 2 0.53058183799309477 0.015752581002378307
386 460 2 0.54633441899547308 0.015752581002378307
388 460 3 0.56177797277805441 0.015680647260094882
389 460 3 0.5774586200381493 0.015765935065360726
390 460 3 0.59322455510351002 0.01595978640641782
391 460 3 0.60918434150992784 0.016775667790924431
392 460 1 0.62596000930085227 0.015781962306115616
396 460 1 0.64141034705363009 0.015450337752777821
120 461 3 0.39008354835318643 0.016043557654038421
121 461 3 0.40596312780265342 0.015879579449466996
122 461 3 0.42177977300408109 0.015835409575552295
123 461 3 0.43761518257963339 0.016050398424893475
388 461 3 0.56238481742036661 0.016050398424893531
389 461 3 0.57822022699591902 0.015835409575552406
390 461 3 0.5940368721973468 0.015879579449466941
391 461 3 0.60991645164681374 0.016043557654038532
120 462 3 0.38954515953516133 0.015698781448967858
121 462 3 0.40524394098412919 0.015786122704064875
122 462 3 0.42103006368819407 0.015794178377405044
123 462 3 0.43682424206559911 0.015794178377405044
124 462 2 0.45244047456744868 0.016081224890456158
126 462 2 0.46852169945790484 0.016530630586464867
384 462 2 0.53147830054209511 0.016530630586464867
386 462 2 0.54755952543255126 0.016081224890456158
388 462 3 0.563175757934401 0.015794178377405044
389 462 3 0.57896993631180604 0.015794178377405044
390 462 3 0.59475605901587092 0.015786122704064875
391 462 3 0.61045484046483889 0.015698781448967969
120 463 3 0.38884344564263418 0.015625196018140275
121 463 3 0.40446864166077445 0.015835865286407902
122 463 3 0.42030450694718235 0.015939947896628281
123 463 3 0.43624445484381064 0.016196019723638044
388 463 3 0.56375554515618942 0.016196019723638155
389 463 3 0.57969549305281776 0.015939947896628337
390 463 3 0.59553135833922566 0.015835865286407902
391 463 3 0.61115655435736604 0.015625196018140386
0 464 0 0.22875588470578076 0.00743434734666365
8 464 0 0.23002464283512211 0.0074319379106209116
16 464 0 0.23255616212002997 0.0074274478749829786
24 464 0 0.23633854189123615 0.0074215001505001099
32 464 0 0.24135419268653149 0.007414951167861672
40 464 0 0.2475802205725004 0.0074088129622977839
48 464 0 0.25498903353479818 0.0085601929239730867
56 464 0 0.26354922645877127 0.0096775913581552131
64 464 0 0.27322681781692648 0.010760106898558719
72 464 0 0.2839869247154852 0.011808999689583544
80 464 0 0.29579592440506874 0.012828022842737541
88 464 0 0.30862394724780629 0.013822717034732424
96 464 0 0.32244666428253871 0.01479533475005651
104 464 0 0.33724199903259522 0.015728137507261764
112 464 1 0.35433636427626991 0.017094365243674692
116 464 1 0.37040927898623061 0.016072914709960695
120 464 3 0.38735078524601707 0.016941506259786465
121 464 3 0.40351479181754074 0.01616400657152367
122 464 3 0.41950829842435872 0.015993506606817975
123 464 3 0.43544311601239977 0.01593481758804105
124 464 2 0.45117870951697292 0.016127015445534243
126 464 2 0.46730572496250716 0.016127015445534243
128 464 1 0.4833587584055779 0.018316993894191225
132 464 1 0.50167575229976913 0.018316993894191225
136 464 1 0.51961564664277815 0.017939894343009022
140 464 1 0.53515911433579588 0.015543467693017732
144 464 0 0.55059305358967736 0.014340296136796882
152 464 0 0.56258919121301298 0.011996137623335623
160 464 0 0.57221417516099848 0.0096249839479854993
168 464 0 0.5794551071550017 0.0072409319940032191
176 464 0 0.5843023360700188 0.0052180651188767913
184 464 0 0.58674015477663355 0.0052447373502344519
192 464 0 0.58674865965472744 0.0052449042407127777
200 464 0 0.58430308463609792 0.0052132466679879474
208 464 0 0.57937192329175957 0.0074587410744800797
216 464 0 0.57191318221727949 0.01003530631675964
224 464 0 0.56187787590051985 0.012553448428499592
232 464 0 0.54932442747202026 0.014246344097057495
240 464 1 0.53390075791636415 0.015423669555656105
244 464 1 0.52291841223156077 0.014866739220104952
248 464 0 0.50805167301145582 0.016103346022912024
256 464 0 0.49194832698854379 0.016103346022912024
264 464 1 0.47708158776843895 0.014866739220104841
268 464 1 0.46609924208363562 0.01542366955565605
272 464 0 0.45067557252797957 0.014246344097057329
280 464 0 0.43812212409947948 0.012553448428500091
288 464 0 0.42808681778271995 0.010035306316759529
296 464 0 0.42062807670823993 0.0074587410744800242
304 464 0 0.41569691536390213 0.0052132466679882805
312 464 0 0.41325134034527267 0.0052449042407130553
320 464 0 0.41325984522336701 0.0052447373502341188
328 464 0 0.41569766392998214 0.0052180651188764027
336 464 0 0.4205448928449983 0.007240931994002775
344 464 0 0.42778582483900107 0.0096249839479856658
352 464 0 0.43741080878698674 0.011996137623335956
360 464 0 0.44940694641032269 0.014340296136796715
368 464 1 0.46484088566420395 0.01554346769301812
372 464 1 0.48038435335722207 0.017939894343008911
376 464 1 0.49832424770023098 0.01831699389419128
380 464 1 0.51664124159442226 0.01831699389419128
384 464 2 0.532694275037493 0.016127015445534187
386 464 2 0.54882129048302719 0.016127015445534187
388 464 3 0.5645568839876004 0.015934817588040939
389 464 3 0.58049170157564134 0.015993506606817975
390 464 3 0.59648520818245931 0.016164006571523726
391 464 3 0.61264921475398304 0.016941506259786521
392 464 1 0.62959072101376956 0.01607291470996064
396 464 1 0.6456636357237302 0.017094365243674692
400 464 0 0.66275800096740489 0.015728137507261764
408 464 0 0.67755333571746157 0.014795334750056677
416 464 0 0.69137605275219394 0.013822717034732368
424 464 0 0.70420407559493148 0.012828022842737541
432 464 0 0.71601307528451541 0.011808999689583932
440 464 0 0.72677318218307385 0.010760106898558441
448 464 0 0.73645077354123001 0.0096775913581561568
456 464 0 0.74501096646520215 0.008560192923972143
464 464 0 0.75241977942750016 0.0074088129622981169
472 464 0 0.75864580731346909 0.0074149511678616165
480 464 0 0.76366145810876473 0.0074215001505004707
488 464 0 0.76744383787997061 0.007427447874983284
496 464 0 0.76997535716487864 0.0074319379106210226
504 464 0 0.77124411529421899 0.0074343473466629284
120 465 3 0.38666698123159043 0.016257702245359829
121 465 3 0.40276428976873058 0.016097308537140143
122 465 3 0.41880524109120587 0.016071861871968296
123 465 3 0.43487710296317417 0.016301606553798753
388 465 3 0.56512289703682594 0.016301606553798753
389 465 3 0.58119475890879424 0.016071861871968296
390 465 3 0.59723571023126953 0.016097308537140198
391 465 3 0.61333301876840973 0.016257702245359829
120 466 3 0.38617516964190018 0.015928194438772247
121 466 3 0.40210336408067243 0.016002854071824779
122 466 3 0.41810621815249721 0.016011741023572279
123 466 3 0.43411795917606949 0.016011741023572279
124 466 2 0.44996005720156362 0.016351119694153315
126 466 2 0.46631117689571694 0.017047581509860965
384 466 2 0.53368882310428334 0.017047581509861076
386 466 2 0.5500399427984366 0.01635111969415326
388 466 3 0.56588204082393068 0.016011741023572279
389 466 3 0.58189378184750296 0.016011741023572279
390 466 3 0.59789663591932773 0.016002854071824779
391 466 3 0.61382483035809998 0.015928194438772247
120 467 3 0.38555267017861894 0.015848322002458559
121 467 3 0.4014009921810775 0.01603221825270712
122 467 3 0.41743321043378462 0.016131775247844926
123 467 3 0.43356498568162954 0.016395071519934079
388 467 3 0.56643501431837073 0.016395071519934135
389 467 3 0.58256678956621555 0.016131775247844815
390 467 3 0.59859900781892261 0.016032218252707064
391 467 3 0.61444732982138117 0.015848322002458559
112 468 1 0.35160390880344411 0.015702875162035723
116 468 1 0.36730678396547983 0.016123288138239877
120 468 3 0.38425668359657172 0.016949899631091891
121 468 3 0.40054756049702722 0.016290876900455498
122 468 3 0.41669497357639768 0.016147413079370454
123 468 3 0.43278459345427972 0.016089619877882044
124 468 2 0.44865964780339535 0.01614097438559009
126 468 2 0.46476712784764784 0.016107480044252498
128 468 1 0.48039261656992122 0.016092869111207775
132 468 2 0.4960737945143831 0.015681177944461888
134 468 2 0.50730783515113764 0.015411693196872744
136 468 1 0.52271952834801039 0.014737041065262302
140 468 1 0.5373464005699653 0.014626872221954912
240 468 1 0.53625540883356149 0.013464581528365271
244 468 1 0.52279082730519622 0.014739154293740397
264 468 1 0.47720917269480362 0.014739154293740175
268 468 1 0.46374459116643812 0.013464581528365493
368 468 1 0.46265359943003481 0.014626872221954634
372 468 1 0.47728047165198945 0.014737041065262524
376 468 2 0.49269216484886236 0.015411693196872911
378 468 2 0.50392620548561695 0.015681177944461888
380 468 1 0.51960738343007884 0.016092869111207997
384 468 2 0.53523287215235238 0.016107480044252553
386 468 2 0.55134035219660493 0.016140974385590035
388 468 3 0.56721540654572056 0.016089619877881933
389 468 3 0.58330502642360249 0.01614741307937051
390 468 3 0.599452439502973 0.016290876900455498
391 468 3 0.6157433164034285 0.016949899631091836
392 468 1 0.63269321603452033 0.016123288138239933
396 468 1 0.64839609119655617 0.015702875162035834
120 469 3 0.38365084132624527 0.01634405736076544
121 469 3 0.39986969498704 0.01621885366079473
122 469 3 0.4160476677781399 0.01620508560319095
123 469 3 0.43225275338133085 0.0164068944220645
388 469 3 0.56774724661866938 0.016406894422064444
389 469 3 0.58395233222186027 0.016205085603190894
390 469 3 0.60013030501296016 0.016218853660794674
391 469 3 0.61634915867375484 0.016344057360765496
120 470 3 0.38320083536059885 0.016062977254807542
121 470 3 0.39926381261540639 0.016141104750547586
122 470 3 0.41540491736595397 0.01614654708976937
123 470 3 0.43155146445572334 0.01614654708976937
124 470 2 0.4475277851385559 0.016304581931223139
126 470 2 0.46383236706977904 0.016560249500142177
132 470 2 0.49490183064691107 0.014509214076989851
134 470 2 0.50865713941435853 0.014062388933651859
376 470 2 0.49134286058564153 0.014062388933652081
378 470 2 0.50509816935308904 0.014509214076989796
384 470 2 0.53616763293022118 0.016560249500142343
386 470 2 0.55247221486144427 0.016304581931223083
388 470 3 0.56844853554427677 0.01614654708976937
389 470 3 0.58459508263404614 0.01614654708976937
390 470 3 0.60073618738459378 0.016141104750547641
391 470 3 0.61679916463940132 0.016062977254807542
120 471 3 0.382611928131463 0.01599773184249631
121 471 3 0.39860965997395931 0.016176774771969105
122 471 3 0.41478643474592841 0.016263307400259608
123 471 3 0.43104974214618802 0.016478042992367881
388 471 3 0.56895025785381226 0.016478042992367992
389 471 3 0.58521356525407175 0.016263307400259497
390 471 3 0.60139034002604086 0.016176774771969105
391 471 3 0.61738807186853717 0.01599773184249631
0 472 0 0.22250142116226834 0.0062544635435124174
8 472 0 0.22377273630029576 0.0062519065348263514
16 472 0 0.22630906406060242 0.0062470980594275527
24 472 0 0.23009792176339125 0.0062406201278449036
32 472 0 0.23512091484321893 0.006233277843312568
40 472 0 0.24135419268653147 0.007414951167861672
48 472 0 0.24876914385439314 0.0085642475768394344
56 472 0 0.25733339143123257 0.0096787787065822917
64 472 0 0.26701217013781486 0.01075804213294751
72 472 0 0.27777021227076237 0.011804131597879131
80 472 0 0.2895743438686415 0.012822719701198471
88 472 0 0.30239706356983997 0.013824235183790279
96 472 0 0.31622129875363025 0.014824769968478091
104 472 0 0.33104606872210834 0.015844592572064442
112 472 1 0.34803660202188197 0.016990533299773625
116 472 1 0.36426818380542997 0.016314347121573425
120 472 3 0.38135978893448114 0.017091605129051168
121 472 3 0.39780497815941013 0.016445189224928991
122 472 3 0.41410916005356108 0.016304181894150949
123 472 3 0.43036043505738053 0.016251275003819454
124 472 2 0.4464292519922694 0.016316515780939511
126 472 2 0.46274576777320892 0.016316515780939511
128 472 1 0.47880063997761413 0.016435985380499285
132 472 2 0.49446319330177047 0.015662553324156336
134 472 2 0.50957706956694726 0.01545612126425111
136 472 1 0.52503319083119837 0.015230266432695205
140 472 1 0.53996892016090736 0.015088833482708064
144 472 0 0.55505775364361543 0.014276048500286853
152 472 0 0.56702281676015198 0.011965063116536556
160 472 0 0.57665643482817019 0.0096336180680182126
168 472 0 0.58392873726363204 0.0072723024354618415
176 472 0 0.58881012312380943 0.0048813858601773896
184 472 0 0.59127233484268127 0.0045321800660477196
192 472 0 0.591288132114553 0.0045394724598255554
200 472 0 0.58882979710917882 0.0049620762991886558
208 472 0 0.58386772080999016 0.0074980349840662042
216 472 0 0.57636968582592396 0.010059329742744039
224 472 0 0.56631035608317992 0.012564381700526983
232 472 0 0.55374597438265294 0.014688107850759802
240 472 1 0.53846099970493388 0.015284974677719054
244 472 1 0.52360354534246933 0.015213880831061677
248 472 0 0.50838966451140766 0.016779329022815648
256 472 0 0.49161033548859201 0.016779329022815648
264 472 1 0.4763964546575305 0.01521388083106151
268 472 1 0.46153900029506573 0.01528497467771911
272 472 0 0.44625402561734662 0.014688107850760024
280 472 0 0.43368964391682008 0.012564381700526539
288 472 0 0.42363031417407554 0.010059329742744538
296 472 0 0.41613227919000939 0.0074980349840661487
304 472 0 0.4111702028908209 0.0049620762991884892
312 472 0 0.40871186788544733 0.0045394724598253333
320 472 0 0.40872766515731856 0.0045321800660484413
328 472 0 0.41118987687619096 0.0048813858601772231
336 472 0 0.41607126273636819 0.0072723024354614529
344 472 0 0.42334356517182964 0.0096336180680184902
352 472 0 0.43297718323984813 0.011965063116536945
360 472 0 0.44494224635638507 0.014276048500286631
368 472 1 0.46003107983909308 0.015088833482708008
372 472 1 0.47496680916880168 0.015230266432695261
376 472 2 0.49042293043305279 0.01545612126425111
378 472 2 0.50553680669822965 0.015662553324156447
380 472 1 0.52119936002238609 0.016435985380499285
384 472 2 0.53725423222679125 0.016316515780939511
386 472 2 0.55357074800773076 0.016316515780939511
388 472 3 0.56963956494261969 0.01625127500381951
389 472 3 0.5858908399464392 0.016304181894150838
390 472 3 0.60219502184059004 0.016445189224928991
391 472 3 0.61864021106551903 0.017091605129051057
392 472 1 0.63573181619457009 0.016314347121573314
396 472 1 0.65196339797811842 0.016990533299773736
400 472 0 0.66895393127789216 0.015844592572064609
408 472 0 0.68377870124636964 0.01482476996847748
416 472 0 0.69760293643016003 0.01382423518379039
424 472 0 0.710425656131359 0.01282271970119897
432 472 0 0.72222978772923807 0.011804131597879075
440 472 0 0.73298782986218547 0.010758042132947399
448 472 0 0.74266660856876798 0.0096787787065825137
456 472 0 0.75123085614560758 0.0085642475768396009
464 472 0 0.7586458073134692 0.0074149511678616165
472 472 0 0.76487908515678205 0.0062332778433129565
480 472 0 0.76990207823660972 0.0062406201278449869
488 472 0 0.77369093593939808 0.0062470980594274694
496 472 0 0.77622726369970518 0.0062519065348265457
504 472 0 0.77749857883773221 0.0062544635435132223
120 473 3 0.38078271815612441 0.016514534350694443
121 473 3 0.39716838825462802 0.016385670098503613
122 473 3 0.41351025380969575 0.016366851343357025
123 473 3 0.42987710515305277 0.01655214683921663
388 473 3 0.57012289484694734 0.016552146839216575
389 473 3 0.58648974619030447 0.016366851343357136
390 473 3 0.60283161174537214 0.016385670098503557
391 473 3 0.6192172818438757 0.016514534350694388
120 474 3 0.38036249783044929 0.016238845991658202
121 474 3 0.39660134382210749 0.016308500946263405
122 474 3 0.41290984476837089 0.016319944314528823
123 474 3 0.42922978908289972 0.016319944314528823
124 474 2 0.44540485610421826 0.016578685316802511
126 474 2 0.46198354142102077 0.016817098556593357
132 474 2 0.49452810804838726 0.015727468070773132
134 474 2 0.51002877923005907 0.01550067118167181
376 474 2 0.48997122076994104 0.015500671181671755
378 474 2 0.5054718919516128 0.015727468070773298
384 474 2 0.53801645857897951 0.016817098556593413
386 474 2 0.55459514389578202 0.016578685316802511
388 474 3 0.57077021091710056 0.016319944314528656
389 474 3 0.58709015523162922 0.016319944314528656
390 474 3 0.60339865617789268 0.01630850094626346
391 474 3 0.61963750216955094 0.016238845991658257
120 475 3 0.37982511878695863 0.016163997498528315
121 475 3 0.39598911628548694 0.016330343901365785
122 475 3 0.41231946018685273 0.016426062916475026
123 475 3 0.42874552310332775 0.016659333000890508
388 475 3 0.57125447689667253 0.016659333000890508
389 475 3 0.5876805398131475 0.016426062916474971
390 475 3 0.60401088371451317 0.016330343901365674
391 475 3 0.62017488121304154 0.016163997498528371
112 476 1 0.34574472056646349 0.015885568136512984
116 476 1 0.36163028870297648 0.016326862708185952
120 476 3 0.37870753421819259 0.017077245515216111
121 476 3 0.395233924438878 0.016526390220685416
122 476 3 0.41165319237664605 0.016419267937768045
123 476 3 0.42804432312970747 0.016391130753061423
124 476 2 0.44427360514092223 0.016746698854841202
126 476 2 0.46102030399576344 0.017019216981166319
128 476 1 0.47803952097692975 0.017633087434660133
132 476 2 0.49476200059171987 0.01672247961479012
134 476 2 0.51084655111034061 0.016084550518620733
136 476 1 0.52684756800195842 0.01561647585851389
140 476 1 0.54159449012574989 0.014746922123791473
240 476 1 0.5396547333588525 0.015252548224482743
244 476 1 0.52440218513436976 0.016012520622962101
264 476 1 0.47559781486563008 0.016012520622961934
268 476 1 0.46034526664114739 0.015252548224482687
368 476 1 0.45840550987425033 0.014746922123791362
372 476 1 0.47315243199804169 0.015616475858513945
376 476 2 0.48915344888965945 0.016084550518620733
378 476 2 0.50523799940828018 0.016722479614790009
380 476 1 0.52196047902307019 0.017633087434660188
384 476 2 0.53897969600423656 0.017019216981166374
386 476 2 0.55572639485907793 0.016746698854841369
388 476 3 0.57195567687029281 0.016391130753061312
389 476 3 0.58834680762335412 0.016419267937767934
390 476 3 0.60476607556112205 0.016526390220685472
391 476 3 0.62129246578180752 0.017077245515215944
392 476 1 0.63836971129702347 0.016326862708185841
396 476 1 0.65425527943353678 0.015885568136513317
120 477 3 0.37816728609492106 0.016536997391944586
121 477 3 0.39460828881109428 0.016441002716173214
122 477 3 0.41103332068147064 0.016485436010972743
123 477 3 0.42751875669244338 0.016754848448478854
388 477 3 0.5724812433075569 0.016754848448478965
389 477 3 0.58896667931852953 0.016485436010972632
390 477 3 0.60539171118890578 0.016441002716173103
391 477 3 0.62183271390507888 0.016536997391944586
120 478 3 0.37774916035199563 0.016271121801469668
121 478 3 0.3940202821534653 0.016349833565543592
122 478 3 0.41037011571900889 0.016366089747745394
123 478 3 0.42673620546675428 0.016366089747745394
124 478 2 0.44292066013406883 0.01687190295470703
126 478 2 0.45979256308877586 0.018246957888153892
132 478 2 0.49555590732296678 0.017516386346037027
134 478 2 0.51161563317654835 0.016059725853581563
376 478 2 0.48838436682345177 0.016059725853581508
378 478 2 0.50444409267703327 0.017516386346036916
384 478 2 0.5402074369112243 0.018246957888154114
386 478 2 0.55707933986593139 0.016871902954707085
388 478 3 0.57326379453324594 0.016366089747745227
389 478 3 0.58962988428099117 0.016366089747745227
390 478 3 0.6059797178465347 0.016349833565543537
391 478 3 0.62225083964800443 0.016271121801469723
120 479 3 0.37720462497954044 0.016169952223707318
121 479 3 0.39337457720324776 0.016332077151015367
122 479 3 0.40970665435426312 0.016439355335534478
123 479 3 0.4261460096897976 0.016774650444271233
388 479 3 0.57385399031020257 0.016774650444271177
389 479 3 0.59029334564573699 0.016439355335534422
390 479 3 0.60662542279675236 0.016332077151015367
391 479 3 0.62279537502045956 0.016169952223707207
0 480 0 0.21745796881437279 0.0050434523478955495
8 480 0 0.21873170487818405 0.0050410314221117081
16 480 0 0.22127261430315742 0.005036449757444994
24 480 0 0.22506771637601852 0.005030205387372727
32 480 0 0.23009792176339125 0.0062406201278449036
40 480 0 0.23633854189123615 0.0074215001505000822
48 480 0 0.24376004204173624 0.0085690463559566776
56 480 0 0.25232908839769291 0.0096808718518474057
64 480 0 0.26200996024954032 0.01075650124075106
72 480 0 0.27276646149029138 0.011798127299695704
80 480 0 0.28456458878998708 0.012811782982285413
88 480 0 0.2973763717722725 0.013809215325720769
96 480 0 0.31118558709799327 0.014812028578346348
104 480 0 0.32599761567633961 0.015861155194969057
112 480 1 0.34279186394441458 0.016794248268074963
116 480 1 0.35903894364714256 0.016337218871581405
120 480 3 0.3760901412689685 0.017051197621825942
121 480 3 0.39258728151719369 0.016497140248225184
122 480 3 0.40895113010425033 0.01636384858705664
123 480 3 0.42523032279494677 0.016279192690696442
124 480 2 0.44119419824704753 0.016259764029416091
126 480 2 0.45718391198689345 0.015989713739845923
128 480 2 0.4722262447570888 0.015042332770195344
130 480 2 0.48311210276002631 0.014606045298502235
132 480 2 0.49771814805852854 0.015357619108751663
134 480 2 0.51307576716728021 0.015735115220690821
136 480 1 0.52881088238797103 0.015265332287520361
140 480 1 0.54371968013902017 0.014932688744117795
144 480 0 0.55865236888313796 0.014266531730348864
152 480 0 0.57063208734376869 0.011979718460630728
160 480 0 0.58029373568271503 0.0096616483389463381
168 480 0 0.58759971380355136 0.0073059781208363317
176 480 0 0.59251257420716719 0.0049128604036158263
184 480 0 0.59499817476829175 0.0037258399256104857
192 480 0 0.59502555456632522 0.003737422451772221
200 480 0 0.5925654797602854 0.0049777645408947135
208 480 0 0.58758771521939068 0.0075323601217731628
216 480 0 0.58005535509761752 0.010133928208772014
224 480 0 0.56992142688884551 0.012754797873359869
232 480 0 0.55716662901548564 0.015237170944127687
240 480 1 0.54138499706125154 0.015836845270424948
244 480 1 0.52554815179082659 0.016235120730668906
248 480 0 0.50931303106015768 0.018626062120315257
256 480 0 0.49068696893984243 0.018626062120315257
264 480 1 0.47445184820917313 0.016235120730669295
268 480 1 0.45861500293874813 0.015836845270425004
272 480 0 0.44283337098451403 0.015237170944127798
280 480 0 0.43007857311115405 0.01275479787335998
288 480 0 0.4199446449023817 0.010133928208772347
296 480 0 0.41241228478060893 0.0075323601217727743
304 480 0 0.40743452023971388 0.0049777645408950466
312 480 0 0.40497444543367439 0.0037374224517729426
320 480 0 0.40500182523170769 0.0037258399256108743
328 480 0 0.40748742579283259 0.0049128604036159929
336 480 0 0.41240028619644858 0.0073059781208364982
344 480 0 0.41970626431728508 0.0096616483389462271
352 480 0 0.42936791265623131 0.011979718460630728
360 480 0 0.44134763111686204 0.01426653173034903
368 480 1 0.45628031986098005 0.014932688744118017
372 480 1 0.47118911761202931 0.015265332287520195
376 480 2 0.48692423283272002 0.01573511522069071
378 480 2 0.50228185194147157 0.015357619108751552
380 480 2 0.51688789723997375 0.014606045298502179
382 480 2 0.52777375524291126 0.015042332770195288
384 480 2 0.54281608801310655 0.015989713739846145
386 480 2 0.55880580175295269 0.01625976402941598
388 480 3 0.57476967720505334 0.016279192690696442
389 480 3 0.59104886989574978 0.016363848587056529
390 480 3 0.60741271848280631 0.016497140248225128
391 480 3 0.62390985873103144 0.017051197621825942
392 480 1 0.64096105635285738 0.016337218871581349
396 480 1 0.65720813605558592 0.016794248268075185
400 480 0 0.67400238432366111 0.015861155194969223
408 480 0 0.68881441290200685 0.014812028578345737
416 480 0 0.7026236282277275 0.013809215325720658
424 480 0 0.71543541121001308 0.01281178298228558
432 480 0 0.72723353850970884 0.01179812729969576
440 480 0 0.73799003975046018 0.010756501240751337
448 480 0 0.74767091160230781 0.0096808718518476278
456 480 0 0.75623995795826426 0.0085690463559564556
464 480 0 0.76366145810876473 0.0074215001505004707
472 480 0 0.76990207823660972 0.0062406201278449869
480 480 0 0.77493228362398259 0.0050302053873728658
488 480 0 0.7787273856968433 0.0050364497574452161
496 480 0 0.78126829512181684 0.0050410314221116526
504 480 0 0.78254203118562804 0.0050434523478958271
120 481 3 0.37555543234710648 0.016516488699963916
121 481 3 0.39195345945973409 0.016398027112627611
122 481 3 0.40829476322624891 0.016343782414067198
123 481 3 0.42463854564031611 0.016555652606731419
388 481 3 0.575361454359684 0.016555652606731308
389 481 3 0.59170523677375109 0.016343782414067087
390 481 3 0.60804654054026597 0.0163980271126275
391 481 3 0.62444456765289347 0.016516488699963916
120 482 3 0.37516482515062549 0.016231411925440753
121 482 3 0.39139623707606624 0.016253628235986861
122 482 3 0.40764986531205311 0.016253628235986861
123 482 3 0.42384280965384058 0.016192944341787474
124 482 2 0.43974625412551133 0.016153105127312162
126 482 2 0.45550481888078698 0.01575856475527565
128 482 2 0.47052544659748968 0.015020627716702706
130 482 2 0.48439713125780098 0.014626551196902426
132 482 2 0.49902368245470341 0.014991650578917715
134 482 2 0.51401533303362112 0.014991650578917715
376 482 2 0.48598466696637899 0.014991650578917826
378 482 2 0.50097631754529681 0.014991650578917826
380 482 2 0.51560286874219896 0.014626551196902149
382 482 2 0.52947455340251037 0.01502062771670265
384 482 2 0.54449518111921302 0.015758564755275706
386 482 2 0.56025374587448873 0.016153105127312273
388 482 3 0.57615719034615953 0.016192944341787419
389 482 3 0.59235013468794695 0.016253628235986861
390 482 3 0.60860376292393381 0.016253628235986861
391 482 3 0.62483517484937456 0.016231411925440753
120 483 3 0.37469425130819534 0.016142149870263522
121 483 3 0.39083640117845886 0.016242642502448779
122 483 3 0.40707904368090764 0.016264444661650113
123 483 3 0.42334348834255775 0.016402765782953577
388 483 3 0.57665651165744247 0.016402765782953743
389 483 3 0.59292095631909247 0.016264444661650002
390 483 3 0.60916359882154125 0.016242642502448779
391 483 3 0.62530574869180466 0.016142149870263411
112 484 1 0.34092567779820271 0.015931850614391896
116 484 1 0.3568575284125946 0.016324726193880978
120 484 3 0.37376242523203207 0.016904896819437465
121 484 3 0.39019548758815736 0.016433062356125294
122 484 3 0.40649937681982079 0.016303889231663427
123 484 3 0.42271218063895999 0.016212803819139199
124 484 2 0.43869245046404404 0.01617694737403641
126 484 2 0.45453444784010683 0.015841997376062789
128 484 2 0.46991514499971915 0.015380697159612322
130 484 2 0.48483994207677844 0.015005092333060854
132 484 2 0.4998450344098393 0.015155924701608758
134 484 2 0.51500095911144805 0.015419128020748296
136 484 1 0.53042008713219635 0.015136768302521753
140 484 1 0.54505199416655803 0.01463190703436168
240 484 1 0.54247391908146425 0.015872536238329849
244 484 1 0.5266013828431344 0.017288351782976719
264 484 1 0.47339861715686526 0.017288351782977163
268 484 1 0.45752608091853547 0.015872536238329793
368 484 1 0.45494800583344225 0.014631907034361569
372 484 1 0.46957991286780382 0.015136768302521753
376 484 2 0.48499904088855211 0.015419128020748296
378 484 2 0.5001549655901607 0.015155924701608592
380 484 2 0.51516005792322161 0.01500509233306091
382 484 2 0.5300848550002808 0.015380697159612322
384 484 2 0.54546555215989312 0.015841997376062955
386 484 2 0.56130754953595607 0.016176947374036299
388 484 3 0.57728781936104012 0.016212803819139254
389 484 3 0.59350062318017938 0.016303889231663371
390 484 3 0.60980451241184275 0.016433062356125294
391 484 3 0.62623757476796804 0.01690489681943752
392 484 1 0.64314247158740556 0.016324726193881145
396 484 1 0.65907432220179774 0.015931850614392173
120 485 3 0.37332837128886281 0.01647084287626821
121 485 3 0.38970306407272859 0.016374692783865774
122 485 3 0.40602330154285038 0.01632023747012179
123 485 3 0.42231882554105532 0.016373624922988717
388 485 3 0.57768117445894474 0.016373624922988661
389 485 3 0.59397669845714973 0.01632023747012179
390 485 3 0.61029693592727152 0.016374692783865719
391 485 3 0.62667162871113724 0.016470842876268321
120 486 3 0.37301647220180673 0.01626781054872467
121 486 3 0.3892842827505314 0.016299781936259472
122 486 3 0.40558406468679087 0.016299781936259472
123 486 3 0.42185224379468672 0.016268179107895853
124 486 2 0.43796472712272455 0.016265931765093999
126 486 2 0.45398491764813154 0.016020190525406985
128 486 2 0.46968868316146956 0.015703765513338019
130 486 2 0.4851001387634562 0.015411455601986646
132 486 2 0.500384398129326 0.015284259365869801
134 486 2 0.51556567854790114 0.015181280418575138
376 486 2 0.48443432145209903 0.015181280418575194
378 486 2 0.49961560187067422 0.015284259365869746
380 486 2 0.51489986123654397 0.015411455601986535
382 486 2 0.5303113168385305 0.015703765513337964
384 486 2 0.54601508235186846 0.016020190525407152
386 486 2 0.56203527287727562 0.016265931765094055
388 486 3 0.57814775620531345 0.016268179107895797
389 486 3 0.59441593531320924 0.016299781936259472
390 486 3 0.61071571724946871 0.016299781936259472
391 486 3 0.62698352779819333 0.016267810548724615
120 487 3 0.37262174970320072 0.016230847299676887
121 487 3 0.38885259700287761 0.016335550021722711
122 487 3 0.40518814702460032 0.016357199895974006
123 487 3 0.42154534692057433 0.016419380202150224
388 487 3 0.57845465307942578 0.016419380202150169
389 487 3 0.59481185297539974 0.016357199895973951
390 487 3 0.61114740299712245 0.016335550021722711
391 487 3 0.62737825029679928 0.016230847299676832
0 488 0 0.21365159518706431 0.0038063736273084847
8 488 0 0.21492737610618484 0.0038043287719992103
16 488 0 0.2174721725740888 0.0038004417290686543
24 488 0 0.22127261430315745 0.0050364497574449663
32 488 0 0.22630906406060242 0.0062470980594275249
40 488 0 0.23255616212002994 0.0074274478749829786
48 488 0 0.23998360999501292 0.0085736165625499017
56 488 0 0.24855722655756282 0.0096830991151476142
64 488 0 0.25824032567271044 0.01075519936165642
72 488 0 0.26899552503436686 0.011791650969060818
80 488 0 0.28078717600342767 0.012797318924704537
88 488 0 0.29358449492813221 0.013780586009668028
96 488 0 0.30736508093780024 0.014755713621182553
104 488 0 0.32212079455898279 0.015766898226378223
112 488 1 0.3386103459824843 0.016489551423501503
116 488 1 0.35480509981906355 0.01647865597781939
120 488 3 0.371786674455021 0.016981574635957453
121 488 3 0.38833533605833176 0.016548661603310755
122 488 3 0.40478209687628086 0.016446760817949102
123 488 3 0.42117983928278818 0.016397742406507321
124 488 2 0.43746537219443699 0.016410616469842099
126 488 2 0.45369924646183679 0.016233874267399806
128 488 2 0.46966866688289494 0.015969420421058145
130 488 2 0.48537150384940431 0.01570283696650937
132 488 2 0.50088439598318779 0.015512892133783485
134 488 2 0.51629280402547217 0.015512490260685796
136 488 1 0.53180529428615797 0.015286961336464899
140 488 1 0.54664421988967471 0.014838925603516739
144 488 0 0.56136699710069748 0.014256440880228927
152 488 0 0.57336981897650874 0.012002821875811254
160 488 0 0.58306358148825921 0.00969376251175047
168 488 0 0.59040130260109203 0.0073377211128328179
176 488 0 0.59534165604940448 0.0049403534483124512
184 488 0 0.59784797365057107 0.0028497988822793197
192 488 0 0.59788771351489156 0.0028621589485663401
200 488 0 0.59543090898139694 0.004986111580715713
208 488 0 0.59044479740068123 0.0075672226503551432
216 488 0 0.58287757475032609 0.010246210512305787
224 488 0 0.5726313642380203 0.013025320886966285
232 488 0 0.55960604335105402 0.015352191881951027
240 488 1 0.54398578127425323 0.015620262076800784
244 488 1 0.52851403695753596 0.017382551532053481
248 488 0 0.51113148542548248 0.022262970850965069
256 488 0 0.48886851457451741 0.022262970850965069
264 488 1 0.47148596304246382 0.017382551532053592
268 488 1 0.45601421872574638 0.015620262076800506
272 488 0 0.44039395664894587 0.015352191881950916
280 488 0 0.42736863576197959 0.013025320886966285
288 488 0 0.41712242524967352 0.010246210512306064
296 488 0 0.40955520259931838 0.0075672226503551432
304 488 0 0.40456909101860244 0.0049861115807159351
312 488 0 0.40211228648510794 0.0028621589485664511
320 488 0 0.40215202634942893 0.0028497988822787645
328 488 0 0.4046583439505953 0.0049403534483126732
336 488 0 0.40959869739890797 0.0073377211128328734
344 488 0 0.41693641851174085 0.0096937625117500814
352 488 0 0.42663018102349093 0.012002821875811642
360 488 0 0.43863300289930257 0.014256440880229038
368 488 1 0.45335578011032529 0.014838925603516795
372 488 1 0.46819470571384209 0.015286961336464955
376 488 2 0.48370719597452799 0.015512490260685907
378 488 2 0.49911560401681238 0.01551289213378354
380 488 2 0.51462849615059592 0.015702836966509315
382 488 2 0.53033133311710523 0.0159694204210582
384 488 2 0.54630075353816343 0.01623387426739975
386 488 2 0.56253462780556318 0.016410616469841988
388 488 3 0.57882016071721187 0.016397742406507265
389 488 3 0.59521790312371914 0.016446760817949047
390 488 3 0.61166466394166819 0.016548661603310699
391 488 3 0.62821332554497888 0.016981574635957397
392 488 1 0.64519490018093628 0.01647865597781939
396 488 1 0.6613896540175157 0.016489551423502058
400 488 0 0.67787920544101776 0.015766898226378889
408 488 0 0.69263491906219976 0.014755713621181998
416 488 0 0.7064155050718679 0.013780586009668139
424 488 0 0.71921282399657271 0.012797318924704815
432 488 0 0.73100447496563381 0.011791650969061096
440 488 0 0.74175967432729051 0.010755199361656698
448 488 0 0.75144277344243804 0.009683099115147531
456 488 0 0.76001639000498744 0.0085736165625494021
464 488 0 0.76744383787997061 0.0074274478749831729
472 488 0 0.77369093593939808 0.0062470980594274694
480 488 0 0.77872738569684319 0.005036449757445105
488 488 0 0.78252782742591198 0.0038004417290687931
496 488 0 0.78507262389381605 0.0038043287719992103
504 488 0 0.78634840481293666 0.0038063736273086235
120 489 3 0.37141172683245482 0.016606627013391273
121 489 3 0.38793962619106381 0.016527899358608988
122 489 3 0.40443676027261949 0.016497134081555676
123 489 3 0.42092967216640159 0.016535700028035394
388 489 3 0.57907032783359846 0.016535700028035283
389 489 3 0.59556323972738046 0.01649713408155562
390 489 3 0.61206037380893608 0.016527899358608988
391 489 3 0.62858827316754506 0.016606627013391217
120 490 3 0.37114373378456783 0.016452030014102836
121 490 3 0.38759576379867067 0.016512948570218899
122 490 3 0.40410871236888957 0.016531909182385118
123 490 3 0.42064062155127468 0.016531909182385118
124 490 2 0.43711800041973253 0.016591266014125583
126 490 2 0.45360888579073144 0.016490885370998909
128 490 2 0.46981243528259381 0.016203549491862368
130 490 2 0.48570247509846942 0.015890039815875612
132 490 2 0.50133541725125452 0.015632942152785101
134 490 2 0.51674386187391397 0.015408444622659445
376 490 2 0.48325613812608614 0.015408444622659556
378 490 2 0.4986645827487457 0.015632942152785101
380 490 2 0.5142975249015308 0.015890039815875556
382 490 2 0.53018756471740636 0.016203549491862312
384 490 2 0.54639111420926867 0.016490885370998853
386 490 2 0.56288199958026752 0.016591266014125527
388 490 3 0.5793593784487252 0.016531909182385229
389 490 3 0.59589128763111043 0.016531909182385229
390 490 3 0.61240423620132922 0.016512948570218788
391 490 3 0.628856266215432 0.016452030014102781
120 491 3 0.37079288811548811 0.01642298707348222
121 491 3 0.38721587518897033 0.016562980628557045
122 491 3 0.40377885581752737 0.016633991442411789
123 491 3 0.42041284725993916 0.016705153159793373
388 491 3 0.5795871527400609 0.016705153159793373
389 491 3 0.59622114418247263 0.016633991442411733
390 491 3 0.61278412481102962 0.016562980628556989
391 491 3 0.62920711188451173 0.016422987073482109
112 492 1 0.33716503958823779 0.015863474547221756
116 492 1 0.35302851413545955 0.016467455427660427
120 492 3 0.37004271015691731 0.017014196021457761
121 492 3 0.38672954368924334 0.016686833532326029
122 492 3 0.40340460455548011 0.01672288156524554
123 492 3 0.42012748612072565 0.01672288156524554
124 492 2 0.43684845539720768 0.01685297869971597
126 492 2 0.45370143409692365 0.01685297869971597
128 492 2 0.47013463263848781 0.016433198541564165
130 492 2 0.48614104625359644 0.016006413615108628
132 492 2 0.50184627794518999 0.015705231691593546
134 492 2 0.51736396976774379 0.015523815072956304
136 492 1 0.5328877848407001 0.015308668257460134
140 492 1 0.5475768925512623 0.014689107710562199
240 492 1 0.54452192166395252 0.015084121687101493
244 492 1 0.5317010762638068 0.020569590838324325
264 492 1 0.46829892373619281 0.020569590838324603
268 492 1 0.45547807833604714 0.015084121687101271
368 492 1 0.45242310744873787 0.014689107710562199
372 492 1 0.46711221515930007 0.01530866825746019
376 492 2 0.48263603023225637 0.015523815072956304
378 492 2 0.49815372205481029 0.015705231691593491
380 492 2 0.51385895374640378 0.016006413615108572
382 492 2 0.52986536736151235 0.01643319854156422
384 492 2 0.54629856590307657 0.016852978699715804
386 492 2 0.56315154460279238 0.016852978699715804
388 492 3 0.5798725138792743 0.016722881565245595
389 492 3 0.59659539544451989 0.016722881565245595
390 492 3 0.61327045631075661 0.016686833532326029
391 492 3 0.62995728984308264 0.017014196021457595
392 492 1 0.64697148586454023 0.01646745542766026
396 492 1 0.66283496041176215 0.015863474547221923
120 493 3 0.3696666617517777 0.016638299694298864
121 493 3 0.38630496144607657 0.016722358696440565
122 493 3 0.40302732014251713 0.016844972453286589
123 493 3 0.41987229259580372 0.01697616280140396
388 493 3 0.58012770740419628 0.016976162801403905
389 493 3 0.59697267985748281 0.016844972453286533
390 493 3 0.61369503855392349 0.016722358696440676
391 493 3 0.63033333824822224 0.016638299694298753
120 494 3 0.36935211574876503 0.016519440421948417
121 494 3 0.38587155617071345 0.016728809690534419
122 494 3 0.40260036586124787 0.016934597880051194
123 494 3 0.41953496374129906 0.01705472061081903
124 494 2 0.43658968435211809 0.017429684786523847
126 494 2 0.45401936913864194 0.017429684786523847
128 494 2 0.4706655601619224 0.016646191023280466
130 494 2 0.48669318530811162 0.016027625146189217
132 494 2 0.50236572825609338 0.01567254294798176
134 494 2 0.51779426339873602 0.015428535142642641
376 494 2 0.48220573660126409 0.015428535142642752
378 494 2 0.49763427174390684 0.015672542947981816
380 494 2 0.51330681469188866 0.016027625146189051
382 494 2 0.52933443983807771 0.016646191023280354
384 494 2 0.54598063086135806 0.017429684786523958
386 494 2 0.56341031564788202 0.017429684786523958
388 494 3 0.58046503625870105 0.01705472061081903
389 494 3 0.59739963413875208 0.016934597880051028
390 494 3 0.61412844382928655 0.016728809690534474
391 494 3 0.63064788425123486 0.016519440421948306
120 495 3 0.3689223905950198 0.016414542496157203
121 495 3 0.385336933091177 0.016741322373671319
122 495 3 0.40207825546484832 0.017080223217617263
123 495 3 0.41915847868246559 0.017431205669652505
388 495 3 0.58084152131753441 0.017431205669652394
389 495 3 0.59792174453515168 0.017080223217617263
390 495 3 0.61466306690882289 0.016741322373671208
391 495 3 0.63107760940498003 0.016414542496157147
0 496 0 0.21110250687126006 0.0025490883158042488
8 496 0 0.21237976448614002 0.0025476116200448262
16 496 0 0.21492737610618484 0.0038043287719992103
24 496 0 0.21873170487818405 0.0050410314221117081
32 496 0 0.22377273630029576 0.0062519065348263514
40 496 0 0.23002464283512211 0.0074319379106209116
48 496 0 0.23745658074574302 0.008577156713311801
56 496 0 0.24603373745905482 0.0096849249159005057
64 496 0 0.25571866237495533 0.01075431611347577
72 496 0 0.2664729784884311 0.011786621920633844
80 496 0 0.27825960040906494 0.012785432043837863
88 496 0 0.29104503245290281 0.013753957329055155
96 496 0 0.30479898978195796 0.014685635223780136
104 496 0 0.3194846250057381 0.015551037051838912
112 496 1 0.33549015303146051 0.016005528025722415
116 496 1 0.35130701650305785 0.01604851271438823
120 496 3 0.36807267300272939 0.016765656499671544
121 496 3 0.3846181696475085 0.016748768506687217
122 496 3 0.40136693815419572 0.017174481918629192
123 496 3 0.41854142007282491 0.017711261340580098
124 496 2 0.43625268141340501 0.018499539017575006
126 496 2 0.45475222043098001 0.018499539017575006
128 496 2 0.47142827784028513 0.016676057409305112
130 496 2 0.48733900282915443 0.015910724988869307
132 496 2 0.5029287108532644 0.015589708024109972
134 496 2 0.51837095623081952 0.015457831644645981
136 496 1 0.5338287878754655 0.015272499158026198
140 496 1 0.54863350880346029 0.014804720927994786
144 496 0 0.56317435397263049 0.014263180646557516
152 496 0 0.57520510166681249 0.012030747694181998
160 496 0 0.58492760743848282 0.0097225057716703311
168 496 0 0.59229036758646936 0.0073627601479865357
176 496 0 0.59725128786165582 0.0049609202751864645
184 496 0 0.59977310447455101 0.0025218166128951891
192 496 0 0.5998227966036449 0.0024527881794236261
200 496 0 0.59737000842422128 0.0049915479868243295
208 496 0 0.59237846043739695 0.0076065613195723802
216 496 0 0.58477189911782457 0.010441837208120308
224 496 0 0.57433006190970426 0.013872620868016772
232 496 0 0.56045744104168749 0.018478898227418217
240 496 0 0.54197854281426927 0.019028956310596867
248 496 1 0.52151404048744876 0.020464502326820511
252 496 1 0.50820356383612064 0.016407127672241617
256 496 1 0.49179643616387902 0.016407127672241617
260 496 1 0.47848595951255096 0.020464502326820899
264 496 0 0.45802145718573006 0.019028956310597145
272 496 0 0.43954255895831262 0.01847889822741744
280 496 0 0.42566993809029552 0.013872620868017105
288 496 0 0.41522810088217477 0.010441837208120752
296 496 0 0.40762153956260255 0.0076065613195722137
304 496 0 0.4026299915757785 0.004991547986824052
312 496 0 0.40017720339635438 0.0024527881794241257
320 496 0 0.40022689552544871 0.0025218166128952446
328 496 0 0.40274871213834396 0.004960920275186409
336 496 0 0.40770963241353037 0.0073627601479866467
344 496 0 0.41507239256151701 0.0097225057716702201
352 496 0 0.42479489833318723 0.012030747694182276
360 496 0 0.43682564602736951 0.014263180646557849
368 496 1 0.45136649119653982 0.014804720927994897
372 496 1 0.46617121212453472 0.015272499158026254
376 496 2 0.4816290437691807 0.015457831644645981
378 496 2 0.49707128914673593 0.01558970802410975
380 496 2 0.51266099717084568 0.015910724988869474
382 496 2 0.52857172215971515 0.016676057409305001
384 496 2 0.54524777956902015 0.01849953901757484
386 496 2 0.56374731858659499 0.01849953901757484
388 496 3 0.58145857992717509 0.017711261340580098
389 496 3 0.59863306184580434 0.017174481918629247
390 496 3 0.61538183035249139 0.016748768506687051
391 496 3 0.63192732699727039 0.016765656499671322
392 496 1 0.64869298349694171 0.016048512714387897
396 496 1 0.66450984696853943 0.016005528025722415
400 496 0 0.68051537499426185 0.015551037051839023
408 496 0 0.69520101021804281 0.014685635223780968
416 496 0 0.7089549675470973 0.013753957329054489
424 496 0 0.72174039959093494 0.012785432043837641
432 496 0 0.73352702151156868 0.011786621920633733
440 496 0 0.74428133762504523 0.010754316113476547
448 496 0 0.75396626254094556 0.0096849249159003392
456 496 0 0.76254341925425762 0.0085771567133120508
464 496 0 0.76997535716487853 0.0074319379106209116
472 496 0 0.77622726369970496 0.0062519065348264347
480 496 0 0.78126829512181684 0.0050410314221118746
488 496 0 0.78507262389381605 0.0038043287719992103
496 496 0 0.78762023551386107 0.0025476116200450205
504 496 0 0.7888974931287408 0.0025490883158041377
120 497 3 0.36756040727997819 0.016305770999110847
121 497 3 0.38386617827908903 0.016545896705262852
122 497 3 0.40041207498435188 0.017115304650395347
123 497 3 0.41752737963474723 0.018725301778657777
388 497 3 0.58247262036525282 0.018725301778657832
389 497 3 0.59958792501564806 0.017115304650395236
390 497 3 0.61613382172091091 0.016545896705262852
391 497 3 0.63243959272002159 0.01630577099911068
120 498 3 0.36711891380427708 0.015936088917692937
121 498 3 0.38305500272197002 0.0160295006748159
122 498 3 0.39908450339678592 0.0160295006748159
123 498 3 0.41505719919259715 0.015972695795811231
124 498 3 0.43026837103439031 0.015211171841793159
125 498 3 0.44140214516371057 0.015384420764058659
126 498 2 0.45678656592776923 0.015631795238566837
128 498 2 0.47241836116633606 0.015631795238566837
130 498 2 0.48797805096665692 0.015559689800320853
132 498 2 0.50342114752244727 0.015443096555790348
134 498 2 0.51874162120405898 0.015320473681611713
376 498 2 0.48125837879594119 0.015320473681611824
378 498 2 0.49657885247755301 0.015443096555790292
380 498 2 0.5120219490333433 0.015559689800320853
382 498 2 0.52758163883366416 0.015631795238566726
384 498 2 0.54321343407223088 0.015631795238566726
386 498 3 0.55859785483628954 0.015384420764058659
387 498 3 0.56973162896560969 0.015211171841793214
388 498 3 0.58494280080740291 0.015972695795811176
389 498 3 0.60091549660321408 0.0160295006748159
390 498 3 0.61694499727802998 0.0160295006748159
391 498 3 0.6328810861957227 0.015936088917692715
120 499 3 0.36667012278279959 0.015651918798999853
121 499 3 0.38232204158179944 0.015681820564359128
122 499 3 0.39800386214615857 0.015681820564359128
123 499 3 0.41350704935873239 0.015503187212573821
124 499 3 0.42844463867822308 0.014937589319490685
125 499 3 0.4423064796018803 0.01448008632588893
386 499 3 0.5576935203981197 0.014480086325888819
387 499 3 0.57155536132177698 0.01493758931949063
388 499 3 0.58649295064126761 0.015503187212573821
389 499 3 0.60199613785384143 0.015681820564359183
390 499 3 0.61767795841820061 0.015681820564359183
391 499 3 0.63332987721720024 0.015651918798999631
112 500 1 0.33458117108369351 0.015516824781237504
116 500 1 0.35009799586493101 0.015580573912637008
120 500 3 0.36603247735328143 0.015934481488350416
121 500 3 0.381703400549883 0.015670923196601572
122 500 3 0.39726277537733712 0.01555937482745412
123 500 3 0.41266034670798851 0.015397571330651394
124 500 3 0.427772871933085 0.015112525225096485
125 500 3 0.44258415411565954 0.015080393778774626
126 500 2 0.45766454789443417 0.015379926050118786
128 500 2 0.47304447394455296 0.015413609478756696
130 500 2 0.48845808342330965 0.015413609478756696
132 500 2 0.5038367911472994 0.015378707723989749
134 500 2 0.51916152449266562 0.015328010703318462
136 500 1 0.53448953519598408 0.015206701444150927
140 500 1 0.54918883784868577 0.014699302652701696
248 500 1 0.52438513251989594 0.017593410294373335
252 500 1 0.50821907729655513 0.016438154593110654
256 500 1 0.49178092270344448 0.016438154593110654
260 500 1 0.47561486748010351 0.017593410294373446
368 500 1 0.45081116215131473 0.014699302652701529
372 500 1 0.46551046480401626 0.015206701444150816
376 500 2 0.48083847550733455 0.015328010703318296
378 500 2 0.49616320885270082 0.015378707723989637
380 500 2 0.51154191657669046 0.015413609478756807
382 500 2 0.52695552605544727 0.015413609478756807
384 500 2 0.54233545210556589 0.01537992605011862
386 500 3 0.55741584588434057 0.015080393778774681
387 500 3 0.57222712806691511 0.015112525225096429
388 500 3 0.58733965329201154 0.015397571330651449
389 500 3 0.60273722462266299 0.015559374827454064
390 500 3 0.61829659945011706 0.015670923196601572
391 500 3 0.63396752264671863 0.015934481488350305
392 500 1 0.64990200413506893 0.015580573912637008
396 500 1 0.66541882891630633 0.015516824781237393
120 501 3 0.36573399649316946 0.015636000628238444
121 501 3 0.38130358270758691 0.015569586214417452
122 501 3 0.39680275127750159 0.015499168569914679
123 501 3 0.41220140330442451 0.015398652026922921
124 501 3 0.42745976122166562 0.015258357917241117
125 501 3 0.44258721413373253 0.015127452912066908
386 501 3 0.55741278586626752 0.015127452912066963
387 501 3 0.57254023877833449 0.015258357917241061
388 501 3 0.58779859669557555 0.015398652026922921
389 501 3 0.60319724872249847 0.015499168569914734
390 501 3 0.6186964172924132 0.015569586214417397
391 501 3 0.6342660035068306 0.015636000628238333
120 502 3 0.3655572003227664 0.015489476332417096
121 502 3 0.38104667665518349 0.015489476332417096
122 502 3 0.39652130947572373 0.015474632820540235
123 502 3 0.41194857603462387 0.015427266558900143
124 502 3 0.42731181026445514 0.015363234229831269
125 502 3 0.44262902426401557 0.015353483547472568
126 502 2 0.45798250781148814 0.015399671369542511
128 502 2 0.47338217918103065 0.015399671369542511
130 502 2 0.4887785886613622 0.015396409480331552
132 502 2 0.50413383459522443 0.015355245933862227
134 502 2 0.51940414301100069 0.015270308415776257
376 502 2 0.48059585698899959 0.015270308415776146
378 502 2 0.49586616540477574 0.015355245933862227
380 502 2 0.51122141133863797 0.015396409480331608
382 502 2 0.52661782081896957 0.015399671369542345
384 502 2 0.54201749218851192 0.015399671369542345
386 502 3 0.55737097573598449 0.015353483547472568
387 502 3 0.57268818973554492 0.015363234229831324
388 502 3 0.58805142396537624 0.015427266558900143
389 502 3 0.60347869052427638 0.01547463282054018
390 502 3 0.61895332334481656 0.01548947633241704
391 502 3 0.6344427996772336 0.01548947633241704
120 503 3 0.36539060494105496 0.015460230361260541
121 503 3 0.3808508353023155 0.015482714495507588
122 503 3 0.39633354979782309 0.015482714495507588
123 503 3 0.41179649131193868 0.015462941514115591
124 503 3 0.42722632631651358 0.015429835004574899
125 503 3 0.44262392433787745 0.015397598021363867
386 503 3 0.55737607566212266 0.015397598021363867
387 503 3 0.57277367368348653 0.015429835004574843
388 503 3 0.58820350868806137 0.015462941514115647
389 503 3 0.60366645020217702 0.015482714495507532
390 503 3 0.61914916469768455 0.015482714495507532
391 503 3 0.63460939505894498 0.01546023036126043
0 504 0 0.20982447591844128 0.0012780309528187817
8 504 0 0.21110250687126003 0.0025490883158042488
16 504 0 0.21365159518706428 0.0038063736273085125
24 504 0 0.21745796881437279 0.0050434523478955773
32 504 0 0.22250142116226837 0.0062544635435124174
40 504 0 0.22875588470578079 0.00743434734666365
48 504 0 0.23619023205244444 0.0085790829766658749
56 504 0 0.24476931502911031 0.0096859546468328062
64 504 0 0.25445526967594312 0.010753924797444747
72 504 0 0.26520919447338787 0.01178415128623117
80 504 0 0.27699334575961904 0.012779947428068705
88 504 0 0.28977329318768774 0.013743042218764434
96 504 0 0.30351633540645218 0.014659394050601848
104 504 0 0.31817572945705402 0.015468701022767595
112 504 1 0.33378202800912371 0.015606298552069686
116 504 1 0.34935675094009061 0.015588719969884646
120 504 3 0.36508741638469833 0.015730665444607717
121 504 3 0.38066222574148945 0.015574809356791119
122 504 3 0.39619169849897967 0.015529472757490226
123 504 3 0.41169550133781452 0.015503802838834846
124 504 3 0.4271774290381975 0.01548192770038298
125 504 3 0.44264434322302815 0.015475532241914003
126 504 2 0.45811987546494215 0.015476018537746772
128 504 2 0.47357261518236299 0.015452739717420838
130 504 2 0.48899211707731899 0.015419501894956
132 504 2 0.50436045904549864 0.015368341968179655
134 504 2 0.51966484018547299 0.015304381139974343
136 504 1 0.53494017335659494 0.015210527400187801
140 504 1 0.54970671419379136 0.014766540837196418
144 504 0 0.56407330672307754 0.014277098665400723
152 504 0 0.57612455036629273 0.012051243643215193
160 504 0 0.58586440636837711 0.0097398560020843794
168 504 0 0.59324103368928638 0.0073766273209092681
176 504 0 0.59821295422363341 0.0049719205343470296
184 504 0 0.60074306883471884 0.0025301146110854322
192 504 0 0.60079852019069591 0.0024483421610485001
200 504 0 0.59835017802964741 0.0049834309513784314
208 504 0 0.59336674707826897 0.0075804525801722589
216 504 0 0.58578629449809672 0.010380473415542713
224 504 0 0.575405821082554 0.013809530360693323
232 504 0 0.56159629072186068 0.017939835045514441
240 504 0 0.54365645567634624 0.017939835045514441
248 504 1 0.52560138029857129 0.018055075377774954
252 504 1 0.50846310885244805 0.017138271446123232
256 504 1 0.49153689114755156 0.01713827144612351
260 504 1 0.47439861970142805 0.018055075377775343
264 504 0 0.45634354432365271 0.01793983504551383
272 504 0 0.43840370927813888 0.01793983504551383
280 504 0 0.42459417891744555 0.013809530360693323
288 504 0 0.41421370550190262 0.010380473415542935
296 504 0 0.40663325292172986 0.0075804525801727585
304 504 0 0.40164982197035209 0.0049834309513777653
312 504 0 0.39920147980930365 0.0024483421610484446
320 504 0 0.39925693116528138 0.0025301146110849326
328 504 0 0.40178704577636631 0.0049719205343475292
336 504 0 0.40675896631071384 0.007376627320908713
344 504 0 0.41413559363162256 0.0097398560020847125
352 504 0 0.42387544963370727 0.01205124364321486
360 504 0 0.43592669327692213 0.014277098665401
368 504 1 0.45029328580620864 0.014766540837196362
372 504 1 0.46505982664340501 0.015210527400188134
376 504 2 0.48033515981452723 0.015304381139974399
378 504 2 0.49563954095450163 0.015368341968179655
380 504 2 0.51100788292268129 0.015419501894956
382 504 2 0.52642738481763729 0.015452739717420672
384 504 2 0.54188012453505796 0.015476018537746716
386 504 3 0.55735565677697196 0.015475532241914003
387 504 3 0.57282257096180267 0.015481927700382925
388 504 3 0.58830449866218559 0.015503802838834901
389 504 3 0.60380830150102049 0.01552947275749017
390 504 3 0.61933777425851066 0.015574809356791119
391 504 3 0.63491258361530178 0.015730665444607661
392 504 1 0.65064324905990945 0.015588719969884535
396 504 1 0.66621797199087629 0.015606298552069742
400 504 0 0.68182427054294603 0.015468701022767539
408 504 0 0.69648366459354816 0.014659394050602126
416 504 0 0.7102267068123127 0.013743042218764545
424 504 0 0.72300665424038124 0.012779947428068539
432 504 0 0.73479080552661225 0.011784151286231004
440 504 0 0.74554473032405699 0.010753924797444747
448 504 0 0.75523068497088952 0.0096859546468325286
456 504 0 0.76380976794755595 0.00857908297666643
464 504 0 0.77124411529421888 0.0074343473466629284
472 504 0 0.7774985788377321 0.0062544635435132223
480 504 0 0.78254203118562793 0.0050434523478958271
488 504 0 0.78634840481293655 0.0038063736273086235
496 504 0 0.7888974931287408 0.0025490883158042488
504 504 0 0.79017552408155878 0.0012780309528179767
120 505 3 0.36496477679591627 0.015608025855825658
121 505 3 0.38053963531768042 0.015574858521764157
122 505 3 0.39609093512313753 0.015551299805457108
123 505 3 0.41162447076793407 0.015533535644796537
124 505 3 0.42714194432618396 0.015517473558249895
125 505 3 0.44264337063136261 0.015501426305178645
386 505 3 0.5573566293686375 0.015501426305178589
387 505 3 0.57285805567381609 0.01551747355824995
388 505 3 0.58837552923206604 0.015533535644796537
389 505 3 0.60390906487686258 0.015551299805457108
390 505 3 0.61946036468231969 0.015574858521764101
391 505 3 0.63503522320408379 0.015608025855825658
120 506 3 0.36489745892826014 0.015559787883551834
121 506 3 0.38045724681181198 0.015561281248622993
122 506 3 0.39601852806043497 0.015561281248622993
123 506 3 0.41157320821896337 0.0155546801585284
124 506 3 0.42711830904298748 0.015545100824024105
125 506 3 0.44265439507813703 0.015536086035149554
126 506 2 0.45819030941916766 0.015536355979354932
128 506 2 0.47368452392992921 0.01549421451076155
130 506 2 0.48912815854074876 0.015443634610819545
132 506 2 0.5045058661732883 0.015377707632539539
134 506 2 0.51979445172734118 0.01528858555405288
376 506 2 0.4802055482726591 0.015288585554052769
378 506 2 0.49549413382671187 0.015377707632539594
380 506 2 0.51087184145925146 0.015443634610819545
382 506 2 0.52631547607007101 0.015494214510761495
384 506 2 0.5418096905808325 0.015536355979354877
386 506 3 0.55734560492186302 0.015536086035149554
387 506 3 0.57288169095701258 0.01554510082402405
388 506 3 0.58842679178103663 0.015554680158528567
389 506 3 0.6039814719395652 0.015561281248622993
390 506 3 0.61954275318818819 0.015561281248622993
391 506 3 0.63510254107173991 0.015559787883551723
120 507 3 0.36483223153102634 0.015556166007720307
121 507 3 0.38038839753874665 0.015573053947577964
122 507 3 0.39596145148632461 0.015573053947577964
123 507 3 0.41153362248627973 0.015572170999955115
124 507 3 0.42709879369483833 0.015565171208558604
125 507 3 0.44265351180148838 0.015554718106650045
386 507 3 0.55734648819851174 0.015554718106650101
387 507 3 0.57290120630516184 0.015565171208558493
388 507 3 0.58846637751372033 0.015572170999955115
389 507 3 0.60403854851367544 0.015573053947578019
390 507 3 0.61961160246125346 0.015573053947578019
391 507 3 0.63516776846897383 0.015556166007720362
112 508 1 0.33350683295051942 0.015531770958475244
116 508 1 0.34903860390899466 0.015621612351377601
120 508 3 0.36470697021932674 0.015668366310332082
121 508 3 0.38031701533458806 0.015610045115261317
122 508 3 0.39591329697240613 0.015596281637818066
123 508 3 0.41150263001016635 0.015589333037760222
124 508 3 0.42708471887549254 0.015582088865326194
125 508 3 0.4426587925153358 0.015574073639843256
126 508 2 0.45822778880488385 0.015569462671348011
128 508 2 0.47374834482339462 0.015520556018510767
130 508 2 0.48921034470393326 0.015461999880538646
132 508 2 0.50460155635615322 0.01539121165221996
134 508 2 0.51991087489458876 0.015309318538435535
136 508 1 0.53514434479513961 0.01521372991913994
140 508 1 0.54988570192156228 0.014741357126422661
248 508 1 0.52590130616163822 0.017755149514708024
252 508 1 0.50855951081421236 0.017341795347425859
256 508 1 0.49144048918578737 0.017341795347426414
260 508 1 0.47409869383836095 0.017755149514708246
368 508 1 0.45011429807843772 0.014741357126422883
372 508 1 0.46485565520486061 0.015213729919139884
376 508 2 0.48008912510541146 0.015309318538435646
378 508 2 0.49539844364384711 0.015391211652219794
380 508 2 0.5107896552960669 0.015461999880538757
382 508 2 0.52625165517660566 0.015520556018510767
384 508 2 0.54177221119511643 0.015569462671347845
386 508 3 0.55734120748466442 0.0155740736398432
387 508 3 0.57291528112450762 0.015582088865326194
388 508 3 0.58849736998983382 0.015589333037760111
389 508 3 0.60408670302759393 0.015596281637818121
390 508 3 0.61968298466541205 0.015610045115261206
391 508 3 0.63529302978067326 0.015668366310331971
392 508 1 0.65096139609100523 0.01562161235137749
396 508 1 0.66649316704948058 0.015531770958475355
120 509 3 0.36465995804814205 0.015621354139147392
121 509 3 0.38027331559022465 0.015613357542082595
122 509 3 0.39587983190036263 0.015606516310137986
123 509 3 0.41148033212716989 0.015600500226807257
124 509 3 0.42707374400239578 0.015593411875225893
125 509 3 0.44265785975173594 0.015584115749340155
386 509 3 0.55734214024826423 0.015584115749340155
387 509 3 0.57292625599760438 0.015593411875225893
388 509 3 0.58851966787283028 0.015600500226807257
389 509 3 0.60412016809963753 0.015606516310137875
390 509 3 0.61972668440977541 0.015613357542082595
391 509 3 0.635340041951858 0.015621354139147225
120 510 3 0.36464061530774844 0.015609535958239662
121 510 3 0.3802501512659881 0.015609825424490686
122 510 3 0.39585997669047879 0.015609825424490686
123 510 3 0.41146652974389303 0.01560655305341424
124 510 3 0.42706722941106934 0.01560069966717631
125 510 3 0.4426600025869234 0.015592773175854058
126 510 2 0.45824431363932738 0.015584469010989199
128 510 2 0.47377736742143972 0.015533053782112338
130 510 2 0.48924829718448759 0.015470929763047869
132 510 2 0.50464435876444314 0.015396061579955544
134 510 2 0.5199503548574107 0.015305996092967566
376 510 2 0.48004964514258947 0.015305996092967733
378 510 2 0.4953556412355572 0.015396061579955433
380 510 2 0.51075170281551263 0.01547092976304798
382 510 2 0.52622263257856061 0.015533053782112227
384 510 2 0.54175568636067284 0.01558446901098931
386 510 3 0.55733999741307683 0.015592773175854058
387 510 3 0.57293277058893088 0.015600699667176365
388 510 3 0.58853347025610725 0.015606553053414074
389 510 3 0.60414002330952132 0.015609825424490742
390 510 3 0.61974984873401207 0.015609825424490742
391 510 3 0.63535938469225162 0.015609535958239551
120 511 3 0.36463332146627181 0.015606960925853675
121 511 3 0.38024028239212548 0.015610632594051654
122 511 3 0.39585091498617714 0.015610632594051654
123 511 3 0.41145997635228737 0.015609061366110233
124 511 3 0.42706387619429698 0.015603899842009605
125 511 3 0.44265968666975292 0.01559581047545594
386 511 3 0.55734031333024736 0.015595810475455774
387 511 3 0.57293612380570313 0.015603899842009605
388 511 3 0.58854002364771274 0.015609061366110288
389 511 3 0.60414908501382303 0.015610632594051599
390 511 3 0.61975971760787463 0.015610632594051599
391 511 3 0.63536667853372819 0.015606960925853564
