parallel_id,region_id,region_exec,thread_id,team_size,requested_threads,start_ms,end_ms,elapsed_ms,codeptr,pmu_valid,pmu_llc_references,pmu_llc_misses,pmu_llc_hits,cpu_id,target_mb_percent,resource_applied,resctrl_enabled,region_wall_ms,resctrl_enable_ms,resctrl_disable_ms,resource_kind,target_l3_ways,target_l3_mask,mon_valid,mon_l3_domains,mon_start_llc_occupancy_bytes,mon_end_llc_occupancy_bytes,mon_llc_occupancy_delta_bytes,mon_start_mbm_total_bytes,mon_end_mbm_total_bytes,mon_mbm_total_delta_bytes,mon_start_mbm_local_bytes,mon_end_mbm_local_bytes,mon_mbm_local_delta_bytes,mon_start_mbm_remote_bytes,mon_end_mbm_remote_bytes,mon_mbm_remote_delta_bytes
398,2,100,0,16,16,573.274236,582.387317,1.319296,0x4051ce,1,11478,2907,8571,0,100.000000,1,1,9.842675,1.200000,0.800000,cat,1,1,1,1,3784704,2433024,90112,808214528,811728896,3063808,808214528,811728896,2703360,-1,-1,-1
398,2,100,1,16,16,573.086237,582.391107,1.468519,0x4051ce,1,17528,3127,14401,2,100.000000,1,1,9.842675,1.200000,0.800000,cat,1,1,1,1,3604480,2433024,0,808124416,811728896,3244032,808214528,811728896,2883584,-1,-1,-1
398,2,100,2,16,16,572.841739,582.367555,1.463005,0x4051ce,1,18492,2453,16039,4,100.000000,1,1,9.842675,1.200000,0.800000,cat,1,1,1,1,3514368,2433024,0,807944192,811728896,2883584,808124416,811728896,2433024,-1,-1,-1
398,2,100,3,16,16,572.796210,582.374089,1.344150,0x4051ce,1,25616,3853,21763,6,100.000000,1,1,9.842675,1.200000,0.800000,cat,1,1,1,1,3424256,2433024,0,807944192,811728896,2613248,808034304,811728896,2523136,-1,-1,-1
398,2,100,4,16,16,572.548432,582.336744,1.488647,0x4051ce,1,13551,1082,12469,8,100.000000,1,1,9.842675,1.200000,0.800000,cat,14,7ffe,1,1,1081344,3153920,2342912,26673152,27574272,450560,26673152,27574272,360448,-1,-1,-1
398,2,100,5,16,16,573.061428,582.377473,1.737185,0x4051ce,1,21853,1019,20834,10,100.000000,1,1,9.842675,1.200000,0.800000,cat,14,7ffe,1,1,1081344,3153920,2252800,26673152,27574272,901120,26673152,27574272,901120,-1,-1,-1
398,2,100,6,16,16,572.795728,582.302848,1.445910,0x4051ce,1,12925,785,12140,44,100.000000,1,1,9.842675,1.200000,0.800000,cat,14,7ffe,1,1,1081344,3153920,2342912,26673152,27574272,720896,26673152,27574272,720896,-1,-1,-1
398,2,100,7,16,16,573.277714,582.372869,1.496900,0x4051ce,1,23029,1294,21735,46,100.000000,1,1,9.842675,1.200000,0.800000,cat,14,7ffe,1,1,1081344,3153920,2252800,26673152,27574272,811008,26673152,27574272,720896,-1,-1,-1
398,2,100,8,16,16,573.562248,582.361447,1.506082,0x4051ce,1,23258,1201,22057,48,100.000000,1,1,9.842675,1.200000,0.800000,cat,14,7ffe,1,1,1081344,3153920,2072576,26673152,27574272,901120,26673152,27574272,901120,-1,-1,-1
398,2,100,9,16,16,572.989448,582.389458,1.493392,0x4051ce,1,22799,1278,21521,18,100.000000,1,1,9.842675,1.200000,0.800000,cat,14,7ffe,1,1,1081344,3153920,2162688,26673152,27574272,811008,26673152,27574272,811008,-1,-1,-1
398,2,100,10,16,16,573.440044,582.369630,1.532132,0x4051ce,1,23636,1125,22511,52,100.000000,1,1,9.842675,1.200000,0.800000,cat,14,7ffe,1,1,1081344,3153920,2342912,26673152,27574272,901120,26673152,27574272,901120,-1,-1,-1
398,2,100,11,16,16,572.677178,582.357496,1.523142,0x4051ce,1,33404,916,32488,54,100.000000,1,1,9.842675,1.200000,0.800000,cat,14,7ffe,1,1,1081344,3153920,2523136,26673152,27574272,630784,26673152,27574272,630784,-1,-1,-1
398,2,100,12,16,16,572.549763,582.367712,1.324613,0x4051ce,1,13151,1689,11462,56,100.000000,1,1,9.842675,1.200000,0.800000,cat,1,1,1,1,3424256,2433024,360448,807944192,811728896,2342912,807944192,811728896,2252800,-1,-1,-1
398,2,100,13,16,16,572.889728,582.379546,1.408864,0x4051ce,1,19184,2738,16446,58,100.000000,1,1,9.842675,1.200000,0.800000,cat,1,1,1,1,3424256,2433024,90112,807944192,811728896,2883584,808034304,811728896,2523136,-1,-1,-1
398,2,100,14,16,16,573.112299,582.340216,1.804611,0x4051ce,1,19527,2234,17293,60,100.000000,1,1,9.842675,1.200000,0.800000,cat,1,1,1,1,3784704,2433024,0,808214528,811728896,3153920,808214528,811728896,2973696,-1,-1,-1
398,2,100,15,16,16,572.553120,582.372107,1.324559,0x4051ce,1,11985,1299,10686,62,100.000000,1,1,9.842675,1.200000,0.800000,cat,1,1,1,1,3424256,2433024,0,807944192,811728896,2342912,807944192,811728896,2433024,-1,-1,-1
399,3,100,0,16,16,582.609641,582.654403,0.044762,0x405218,1,1206,832,374,0,100.000000,1,1,0.197795,1.200000,0.800000,cat,1,1,1,1,2433024,2342912,-90112,811819008,811999232,180224,811819008,811999232,180224,-1,-1,-1
399,3,100,1,16,16,582.681585,582.726844,0.045259,0x405218,1,1514,451,1063,2,100.000000,1,1,0.197795,1.200000,0.800000,cat,1,1,1,1,2342912,2252800,-90112,811999232,812089344,90112,811999232,812089344,90112,-1,-1,-1
399,3,100,2,16,16,582.762217,582.807436,0.045219,0x405218,1,1627,195,1432,4,100.000000,1,1,0.197795,1.200000,0.800000,cat,1,1,1,1,2342912,2162688,-180224,811999232,812089344,90112,812089344,812089344,0,-1,-1,-1
399,3,100,3,16,16,582.732442,582.777156,0.044714,0x405218,1,1548,390,1158,6,100.000000,1,1,0.197795,1.200000,0.800000,cat,1,1,1,1,2342912,2162688,-180224,811999232,812089344,90112,811999232,812089344,90112,-1,-1,-1
399,3,100,4,16,16,582.745955,582.796717,0.050762,0x405218,1,512,4,508,8,100.000000,1,1,0.197795,1.200000,0.800000,cat,14,7ffe,1,1,2973696,2883584,-90112,27574272,27574272,0,27574272,27574272,0,-1,-1,-1
399,3,100,5,16,16,582.686306,582.740497,0.054191,0x405218,1,1759,22,1737,10,100.000000,1,1,0.197795,1.200000,0.800000,cat,14,7ffe,1,1,2973696,2883584,-90112,27574272,27574272,0,27574272,27574272,0,-1,-1,-1
399,3,100,6,16,16,582.626303,582.677044,0.050741,0x405218,1,545,1,544,44,100.000000,1,1,0.197795,1.200000,0.800000,cat,14,7ffe,1,1,3153920,2973696,-180224,27574272,27574272,0,27574272,27574272,0,-1,-1,-1
399,3,100,7,16,16,582.645317,582.698896,0.053579,0x405218,1,2094,13,2081,46,100.000000,1,1,0.197795,1.200000,0.800000,cat,14,7ffe,1,1,3153920,2883584,-270336,27574272,27574272,0,27574272,27574272,0,-1,-1,-1
399,3,100,8,16,16,582.634865,582.688603,0.053738,0x405218,1,1740,4,1736,48,100.000000,1,1,0.197795,1.200000,0.800000,cat,14,7ffe,1,1,3153920,2973696,-180224,27574272,27574272,0,27574272,27574272,0,-1,-1,-1
399,3,100,9,16,16,582.656105,582.709849,0.053744,0x405218,1,1781,18,1763,18,100.000000,1,1,0.197795,1.200000,0.800000,cat,14,7ffe,1,1,3153920,2883584,-270336,27574272,27574272,0,27574272,27574272,0,-1,-1,-1
399,3,100,10,16,16,582.668511,582.723348,0.054837,0x405218,1,1768,21,1747,52,100.000000,1,1,0.197795,1.200000,0.800000,cat,14,7ffe,1,1,3063808,2883584,-180224,27574272,27574272,0,27574272,27574272,0,-1,-1,-1
399,3,100,11,16,16,582.618027,582.674387,0.056360,0x405218,1,1630,2,1628,54,100.000000,1,1,0.197795,1.200000,0.800000,cat,14,7ffe,1,1,3153920,2973696,-180224,27574272,27574272,0,27574272,27574272,0,-1,-1,-1
399,3,100,12,16,16,582.620989,582.665249,0.044260,0x405218,1,502,94,408,56,100.000000,1,1,0.197795,1.200000,0.800000,cat,1,1,1,1,2433024,2342912,-90112,811819008,811999232,180224,811819008,811999232,180224,-1,-1,-1
399,3,100,13,16,16,582.715499,582.753309,0.037810,0x405218,1,1690,455,1235,58,100.000000,1,1,0.197795,1.200000,0.800000,cat,1,1,1,1,2342912,2162688,-180224,811999232,812089344,90112,811999232,812089344,90112,-1,-1,-1
399,3,100,14,16,16,582.639574,582.677365,0.037791,0x405218,1,1547,390,1157,28,100.000000,1,1,0.197795,1.200000,0.800000,cat,1,1,1,1,2433024,2342912,-90112,811909120,811999232,90112,811999232,812089344,90112,-1,-1,-1
399,3,100,15,16,16,582.612137,582.659940,0.047803,0x405218,1,1224,199,1025,62,100.000000,1,1,0.197795,1.200000,0.800000,cat,1,1,1,1,2433024,2342912,-90112,811819008,811999232,180224,811819008,811999232,180224,-1,-1,-1
400,4,100,0,16,16,583.105994,583.133322,0.027328,0x4052e4,1,1766,670,1096,0,100.000000,1,1,0.169853,1.200000,0.800000,cat,1,1,1,1,2523136,2613248,90112,814071808,814161920,90112,814071808,814252032,180224,-1,-1,-1
400,4,100,1,16,16,583.181218,583.201717,0.020499,0x4052e4,1,116,53,63,2,100.000000,1,1,0.169853,1.200000,0.800000,cat,1,1,1,1,2613248,2613248,0,814161920,814252032,90112,814161920,814252032,90112,-1,-1,-1
400,4,100,2,16,16,583.064063,583.084186,0.020123,0x4052e4,1,221,151,70,4,100.000000,1,1,0.169853,1.200000,0.800000,cat,1,1,1,1,2523136,2523136,0,814071808,814161920,90112,814071808,814161920,90112,-1,-1,-1
400,4,100,3,16,16,583.052438,583.073134,0.020696,0x4052e4,1,134,71,63,6,100.000000,1,1,0.169853,1.200000,0.800000,cat,1,1,1,1,2523136,2523136,0,814071808,814071808,0,814071808,814161920,90112,-1,-1,-1
400,4,100,4,16,16,583.199888,583.222291,0.022403,0x4052e4,1,44,2,42,8,100.000000,1,1,0.169853,1.200000,0.800000,cat,14,7ffe,1,1,2793472,2793472,0,27664384,27664384,0,27664384,27664384,0,-1,-1,-1
400,4,100,5,16,16,583.189189,583.212703,0.023514,0x4052e4,1,194,3,191,10,100.000000,1,1,0.169853,1.200000,0.800000,cat,14,7ffe,1,1,2793472,2793472,0,27664384,27664384,0,27664384,27664384,0,-1,-1,-1
400,4,100,6,16,16,583.086440,583.108748,0.022308,0x4052e4,1,29,0,29,44,100.000000,1,1,0.169853,1.200000,0.800000,cat,14,7ffe,1,1,2793472,2793472,0,27664384,27664384,0,27664384,27664384,0,-1,-1,-1
400,4,100,7,16,16,583.097710,583.121164,0.023454,0x4052e4,1,349,55,294,46,100.000000,1,1,0.169853,1.200000,0.800000,cat,14,7ffe,1,1,2793472,2793472,0,27664384,27664384,0,27664384,27664384,0,-1,-1,-1
400,4,100,8,16,16,583.068446,583.091970,0.023524,0x4052e4,1,182,0,182,48,100.000000,1,1,0.169853,1.200000,0.800000,cat,14,7ffe,1,1,2793472,2793472,0,27574272,27664384,90112,27664384,27664384,0,-1,-1,-1
400,4,100,9,16,16,583.180198,583.203511,0.023313,0x4052e4,1,247,24,223,18,100.000000,1,1,0.169853,1.200000,0.800000,cat,14,7ffe,1,1,2793472,2793472,0,27664384,27664384,0,27664384,27664384,0,-1,-1,-1
400,4,100,10,16,16,583.097036,583.120280,0.023244,0x4052e4,1,489,39,450,52,100.000000,1,1,0.169853,1.200000,0.800000,cat,14,7ffe,1,1,2793472,2793472,0,27664384,27664384,0,27664384,27664384,0,-1,-1,-1
400,4,100,11,16,16,583.174250,583.198127,0.023877,0x4052e4,1,73,3,70,54,100.000000,1,1,0.169853,1.200000,0.800000,cat,14,7ffe,1,1,2793472,2793472,0,27664384,27664384,0,27664384,27664384,0,-1,-1,-1
400,4,100,12,16,16,583.060636,583.081481,0.020845,0x4052e4,1,89,41,48,56,100.000000,1,1,0.169853,1.200000,0.800000,cat,1,1,1,1,2523136,2523136,0,814071808,814071808,0,814071808,814161920,90112,-1,-1,-1
400,4,100,13,16,16,583.135032,583.155383,0.020351,0x4052e4,1,152,61,91,58,100.000000,1,1,0.169853,1.200000,0.800000,cat,1,1,1,1,2523136,2613248,90112,814071808,814252032,180224,814161920,814252032,90112,-1,-1,-1
400,4,100,14,16,16,583.071612,583.092065,0.020453,0x4052e4,1,340,195,145,28,100.000000,1,1,0.169853,1.200000,0.800000,cat,1,1,1,1,2523136,2613248,90112,814071808,814161920,90112,814071808,814161920,90112,-1,-1,-1
400,4,100,15,16,16,583.194065,583.216719,0.022654,0x4052e4,1,72,36,36,62,100.000000,1,1,0.169853,1.200000,0.800000,cat,1,1,1,1,2613248,2613248,0,814161920,814252032,90112,814161920,814252032,90112,-1,-1,-1
401,5,100,0,16,16,583.394893,583.415203,0.020310,0x40533c,1,41,2,39,0,100.000000,1,1,0.288253,1.200000,0.800000,cat,1,1,1,1,2703360,2793472,90112,814342144,814342144,0,814342144,814342144,0,-1,-1,-1
401,5,100,1,16,16,583.446952,583.467432,0.020480,0x40533c,1,20,0,20,2,100.000000,1,1,0.288253,1.200000,0.800000,cat,1,1,1,1,2793472,2793472,0,814342144,814432256,90112,814342144,814432256,90112,-1,-1,-1
401,5,100,2,16,16,583.373948,583.394065,0.020117,0x40533c,1,53,13,40,4,100.000000,1,1,0.288253,1.200000,0.800000,cat,1,1,1,1,2703360,2793472,90112,814342144,814342144,0,814342144,814342144,0,-1,-1,-1
401,5,100,3,16,16,583.359640,583.380453,0.020813,0x40533c,1,57,14,43,6,100.000000,1,1,0.288253,1.200000,0.800000,cat,1,1,1,1,2703360,2793472,90112,814342144,814342144,0,814342144,814342144,0,-1,-1,-1
401,5,100,4,16,16,583.389657,583.413162,0.023505,0x40533c,1,160,60,100,8,100.000000,1,1,0.288253,1.200000,0.800000,cat,14,7ffe,1,1,2883584,2883584,0,27664384,27664384,0,27664384,27664384,0,-1,-1,-1
401,5,100,5,16,16,583.620507,583.647893,0.027386,0x40533c,1,2380,57,2323,10,100.000000,1,1,0.288253,1.200000,0.800000,cat,14,7ffe,1,1,2883584,2883584,0,27664384,27754496,90112,27664384,27754496,90112,-1,-1,-1
401,5,100,6,16,16,583.486666,583.510516,0.023850,0x40533c,1,156,50,106,44,100.000000,1,1,0.288253,1.200000,0.800000,cat,14,7ffe,1,1,2883584,2883584,0,27664384,27664384,0,27664384,27664384,0,-1,-1,-1
401,5,100,7,16,16,583.408338,583.433097,0.024759,0x40533c,1,218,23,195,46,100.000000,1,1,0.288253,1.200000,0.800000,cat,14,7ffe,1,1,2883584,2883584,0,27664384,27664384,0,27664384,27664384,0,-1,-1,-1
401,5,100,8,16,16,583.380427,583.405471,0.025044,0x40533c,1,327,32,295,48,100.000000,1,1,0.288253,1.200000,0.800000,cat,14,7ffe,1,1,2883584,2883584,0,27664384,27664384,0,27664384,27664384,0,-1,-1,-1
401,5,100,9,16,16,583.367025,583.392442,0.025417,0x40533c,1,246,41,205,18,100.000000,1,1,0.288253,1.200000,0.800000,cat,14,7ffe,1,1,2883584,2883584,0,27664384,27664384,0,27664384,27664384,0,-1,-1,-1
401,5,100,10,16,16,583.437108,583.462592,0.025484,0x40533c,1,282,21,261,52,100.000000,1,1,0.288253,1.200000,0.800000,cat,14,7ffe,1,1,2883584,2883584,0,27664384,27664384,0,27664384,27664384,0,-1,-1,-1
401,5,100,11,16,16,583.388718,583.414508,0.025790,0x40533c,1,68,12,56,54,100.000000,1,1,0.288253,1.200000,0.800000,cat,14,7ffe,1,1,2883584,2883584,0,27664384,27664384,0,27664384,27664384,0,-1,-1,-1
401,5,100,12,16,16,583.477962,583.498028,0.020066,0x40533c,1,46,15,31,56,100.000000,1,1,0.288253,1.200000,0.800000,cat,1,1,1,1,2793472,2793472,0,814342144,814432256,90112,814342144,814432256,90112,-1,-1,-1
401,5,100,13,16,16,583.366670,583.386708,0.020038,0x40533c,1,26,7,19,58,100.000000,1,1,0.288253,1.200000,0.800000,cat,1,1,1,1,2703360,2793472,90112,814342144,814342144,0,814342144,814342144,0,-1,-1,-1
401,5,100,14,16,16,583.428732,583.449055,0.020323,0x40533c,1,58,20,38,28,100.000000,1,1,0.288253,1.200000,0.800000,cat,1,1,1,1,2793472,2793472,0,814342144,814342144,0,814342144,814432256,90112,-1,-1,-1
401,5,100,15,16,16,583.455731,583.476317,0.020586,0x40533c,1,36,3,33,62,100.000000,1,1,0.288253,1.200000,0.800000,cat,1,1,1,1,2793472,2793472,0,814342144,814432256,90112,814342144,814432256,90112,-1,-1,-1
798,2,200,0,16,16,1024.181791,1032.363353,1.272440,0x4051ce,1,11283,2421,8862,0,100.000000,1,1,8.304769,1.200000,0.800000,cat,1,1,1,1,3874816,3964928,0,1627783168,1628594176,720896,1627783168,1628594176,720896,-1,-1,-1
798,2,200,1,16,16,1024.156949,1032.387130,1.266251,0x4051ce,1,13117,1614,11503,2,100.000000,1,1,8.304769,1.200000,0.800000,cat,1,1,1,1,3874816,3964928,0,1627783168,1628594176,540672,1627783168,1628594176,630784,-1,-1,-1
798,2,200,2,16,16,1024.141611,1032.409537,1.251762,0x4051ce,1,13200,1662,11538,4,100.000000,1,1,8.304769,1.200000,0.800000,cat,1,1,1,1,3694592,3964928,0,1627783168,1628594176,540672,1627783168,1628594176,720896,-1,-1,-1
798,2,200,3,16,16,1024.241128,1032.400899,1.254520,0x4051ce,1,12364,1320,11044,6,100.000000,1,1,8.304769,1.200000,0.800000,cat,1,1,1,1,3874816,3964928,0,1627963392,1628594176,450560,1627963392,1628594176,450560,-1,-1,-1
798,2,200,4,16,16,1024.148472,1032.381048,1.249126,0x4051ce,1,13006,507,12499,8,100.000000,1,1,8.304769,1.200000,0.800000,cat,14,7ffe,1,1,2703360,2973696,180224,41271296,41631744,90112,41271296,41631744,180224,-1,-1,-1
798,2,200,5,16,16,1024.132889,1032.417591,1.237718,0x4051ce,1,12245,306,11939,10,100.000000,1,1,8.304769,1.200000,0.800000,cat,14,7ffe,1,1,2703360,2883584,90112,41271296,41631744,90112,41271296,41631744,90112,-1,-1,-1
798,2,200,6,16,16,1024.205435,1032.413515,1.221672,0x4051ce,1,11574,304,11270,44,100.000000,1,1,8.304769,1.200000,0.800000,cat,14,7ffe,1,1,2703360,2883584,0,41271296,41631744,180224,41271296,41631744,180224,-1,-1,-1
798,2,200,7,16,16,1024.184685,1032.407447,1.237922,0x4051ce,1,12219,224,11995,46,100.000000,1,1,8.304769,1.200000,0.800000,cat,14,7ffe,1,1,2703360,2883584,0,41271296,41631744,180224,41271296,41631744,180224,-1,-1,-1
798,2,200,8,16,16,1024.143110,1032.397717,1.251131,0x4051ce,1,12007,173,11834,48,100.000000,1,1,8.304769,1.200000,0.800000,cat,14,7ffe,1,1,2703360,2883584,180224,41271296,41631744,90112,41271296,41631744,90112,-1,-1,-1
798,2,200,9,16,16,1024.282069,1032.405147,1.222716,0x4051ce,1,11829,251,11578,18,100.000000,1,1,8.304769,1.200000,0.800000,cat,14,7ffe,1,1,2793472,2883584,0,41361408,41631744,180224,41451520,41631744,90112,-1,-1,-1
798,2,200,10,16,16,1024.151635,1032.403883,1.262024,0x4051ce,1,12226,220,12006,52,100.000000,1,1,8.304769,1.200000,0.800000,cat,14,7ffe,1,1,2703360,2883584,90112,41271296,41631744,90112,41271296,41631744,180224,-1,-1,-1
798,2,200,11,16,16,1024.207680,1032.423887,1.254519,0x4051ce,1,11830,167,11663,54,100.000000,1,1,8.304769,1.200000,0.800000,cat,14,7ffe,1,1,2703360,2883584,360448,41271296,41631744,180224,41271296,41631744,180224,-1,-1,-1
798,2,200,12,16,16,1024.119118,1032.423514,1.262848,0x4051ce,1,12939,824,12115,56,100.000000,1,1,8.304769,1.200000,0.800000,cat,1,1,1,1,3694592,3964928,0,1627783168,1628594176,180224,1627783168,1628594176,360448,-1,-1,-1
798,2,200,13,16,16,1024.171699,1032.411476,1.267483,0x4051ce,1,13521,1059,12462,58,100.000000,1,1,8.304769,1.200000,0.800000,cat,1,1,1,1,3874816,3964928,0,1627783168,1628594176,540672,1627783168,1628594176,720896,-1,-1,-1
798,2,200,14,16,16,1024.235598,1032.376180,1.262499,0x4051ce,1,13259,697,12562,28,100.000000,1,1,8.304769,1.200000,0.800000,cat,1,1,1,1,3874816,3964928,0,1627873280,1628594176,630784,1627963392,1628594176,540672,-1,-1,-1
798,2,200,15,16,16,1024.246743,1032.415834,1.242036,0x4051ce,1,6940,541,6399,62,100.000000,1,1,8.304769,1.200000,0.800000,cat,1,1,1,1,3784704,3964928,0,1627963392,1628594176,540672,1627963392,1628594176,540672,-1,-1,-1
799,3,200,0,16,16,1032.750644,1032.795223,0.044579,0x405218,1,1358,716,642,0,100.000000,1,1,0.176250,1.200000,0.800000,cat,1,1,1,1,4055040,4055040,0,1628684288,1628774400,90112,1628684288,1628774400,90112,-1,-1,-1
799,3,200,1,16,16,1032.678963,1032.714433,0.035470,0x405218,1,320,12,308,2,100.000000,1,1,0.176250,1.200000,0.800000,cat,1,1,1,1,4055040,4055040,0,1628684288,1628684288,0,1628684288,1628684288,0,-1,-1,-1
799,3,200,2,16,16,1032.724137,1032.767021,0.042884,0x405218,1,560,10,550,4,100.000000,1,1,0.176250,1.200000,0.800000,cat,1,1,1,1,4055040,4055040,0,1628684288,1628774400,90112,1628684288,1628774400,90112,-1,-1,-1
799,3,200,3,16,16,1032.655535,1032.697125,0.041590,0x405218,1,431,9,422,6,100.000000,1,1,0.176250,1.200000,0.800000,cat,1,1,1,1,4055040,4055040,0,1628684288,1628684288,0,1628684288,1628684288,0,-1,-1,-1
799,3,200,4,16,16,1032.637958,1032.678961,0.041003,0x405218,1,283,1,282,8,100.000000,1,1,0.176250,1.200000,0.800000,cat,14,7ffe,1,1,2883584,2973696,90112,41631744,41631744,0,41631744,41631744,0,-1,-1,-1
799,3,200,5,16,16,1032.682635,1032.717152,0.034517,0x405218,1,562,0,562,10,100.000000,1,1,0.176250,1.200000,0.800000,cat,14,7ffe,1,1,2883584,2973696,90112,41631744,41631744,0,41631744,41631744,0,-1,-1,-1
799,3,200,6,16,16,1032.685332,1032.726700,0.041368,0x405218,1,510,0,510,44,100.000000,1,1,0.176250,1.200000,0.800000,cat,14,7ffe,1,1,2973696,2973696,0,41631744,41631744,0,41631744,41631744,0,-1,-1,-1
799,3,200,7,16,16,1032.649079,1032.690454,0.041375,0x405218,1,431,0,431,46,100.000000,1,1,0.176250,1.200000,0.800000,cat,14,7ffe,1,1,2883584,2973696,90112,41631744,41631744,0,41631744,41631744,0,-1,-1,-1
799,3,200,8,16,16,1032.625875,1032.666667,0.040792,0x405218,1,466,4,462,48,100.000000,1,1,0.176250,1.200000,0.800000,cat,14,7ffe,1,1,2883584,2973696,90112,41631744,41631744,0,41631744,41631744,0,-1,-1,-1
799,3,200,9,16,16,1032.659682,1032.700307,0.040625,0x405218,1,570,0,570,18,100.000000,1,1,0.176250,1.200000,0.800000,cat,14,7ffe,1,1,2883584,2973696,90112,41631744,41631744,0,41631744,41631744,0,-1,-1,-1
799,3,200,10,16,16,1032.666711,1032.707490,0.040779,0x405218,1,464,0,464,52,100.000000,1,1,0.176250,1.200000,0.800000,cat,14,7ffe,1,1,2883584,2973696,90112,41631744,41631744,0,41631744,41631744,0,-1,-1,-1
799,3,200,11,16,16,1032.699441,1032.740948,0.041507,0x405218,1,591,13,578,54,100.000000,1,1,0.176250,1.200000,0.800000,cat,14,7ffe,1,1,2973696,2973696,0,41631744,41631744,0,41631744,41631744,0,-1,-1,-1
799,3,200,12,16,16,1032.618973,1032.660517,0.041544,0x405218,1,480,24,456,56,100.000000,1,1,0.176250,1.200000,0.800000,cat,1,1,1,1,4055040,4055040,0,1628684288,1628684288,0,1628684288,1628684288,0,-1,-1,-1
799,3,200,13,16,16,1032.646283,1032.687701,0.041418,0x405218,1,325,26,299,58,100.000000,1,1,0.176250,1.200000,0.800000,cat,1,1,1,1,4055040,4055040,0,1628684288,1628684288,0,1628684288,1628684288,0,-1,-1,-1
799,3,200,14,16,16,1032.695955,1032.737253,0.041298,0x405218,1,508,14,494,28,100.000000,1,1,0.176250,1.200000,0.800000,cat,1,1,1,1,4055040,4055040,0,1628684288,1628774400,90112,1628684288,1628774400,90112,-1,-1,-1
799,3,200,15,16,16,1032.732548,1032.774950,0.042402,0x405218,1,338,27,311,62,100.000000,1,1,0.176250,1.200000,0.800000,cat,1,1,1,1,4055040,4055040,0,1628684288,1628774400,90112,1628684288,1628774400,90112,-1,-1,-1
800,4,200,0,16,16,1033.047269,1033.074278,0.027009,0x4052e4,1,1654,718,936,0,100.000000,1,1,0.184773,1.200000,0.800000,cat,1,1,1,1,3964928,4055040,90112,1630396416,1630486528,90112,1630396416,1630486528,90112,-1,-1,-1
800,4,200,1,16,16,1033.054572,1033.074869,0.020297,0x4052e4,1,29,6,23,2,100.000000,1,1,0.184773,1.200000,0.800000,cat,1,1,1,1,3964928,4055040,90112,1630396416,1630486528,90112,1630396416,1630486528,90112,-1,-1,-1
800,4,200,2,16,16,1033.119210,1033.139545,0.020335,0x4052e4,1,73,30,43,4,100.000000,1,1,0.184773,1.200000,0.800000,cat,1,1,1,1,4055040,4055040,0,1630486528,1630576640,90112,1630486528,1630576640,90112,-1,-1,-1
800,4,200,3,16,16,1033.035586,1033.055892,0.020306,0x4052e4,1,36,14,22,6,100.000000,1,1,0.184773,1.200000,0.800000,cat,1,1,1,1,3964928,4055040,90112,1630396416,1630486528,90112,1630396416,1630486528,90112,-1,-1,-1
800,4,200,4,16,16,1033.200127,1033.220359,0.020232,0x4052e4,1,19,0,19,8,100.000000,1,1,0.184773,1.200000,0.800000,cat,14,7ffe,1,1,2973696,2973696,0,41631744,41631744,0,41631744,41631744,0,-1,-1,-1
800,4,200,5,16,16,1033.095972,1033.116396,0.020424,0x4052e4,1,17,0,17,10,100.000000,1,1,0.184773,1.200000,0.800000,cat,14,7ffe,1,1,2973696,2973696,0,41631744,41631744,0,41631744,41631744,0,-1,-1,-1
800,4,200,6,16,16,1033.062611,1033.082683,0.020072,0x4052e4,1,20,0,20,44,100.000000,1,1,0.184773,1.200000,0.800000,cat,14,7ffe,1,1,2973696,2973696,0,41631744,41631744,0,41631744,41631744,0,-1,-1,-1
800,4,200,7,16,16,1033.081533,1033.102145,0.020612,0x4052e4,1,26,0,26,46,100.000000,1,1,0.184773,1.200000,0.800000,cat,14,7ffe,1,1,2973696,2973696,0,41631744,41631744,0,41631744,41631744,0,-1,-1,-1
800,4,200,8,16,16,1033.067921,1033.088290,0.020369,0x4052e4,1,84,1,83,48,100.000000,1,1,0.184773,1.200000,0.800000,cat,14,7ffe,1,1,2973696,2973696,0,41631744,41631744,0,41631744,41631744,0,-1,-1,-1
800,4,200,9,16,16,1033.170013,1033.190176,0.020163,0x4052e4,1,21,0,21,18,100.000000,1,1,0.184773,1.200000,0.800000,cat,14,7ffe,1,1,2973696,2973696,0,41631744,41631744,0,41631744,41631744,0,-1,-1,-1
800,4,200,10,16,16,1033.046873,1033.067319,0.020446,0x4052e4,1,26,0,26,52,100.000000,1,1,0.184773,1.200000,0.800000,cat,14,7ffe,1,1,2973696,2973696,0,41631744,41631744,0,41631744,41631744,0,-1,-1,-1
800,4,200,11,16,16,1033.075230,1033.095447,0.020217,0x4052e4,1,25,0,25,54,100.000000,1,1,0.184773,1.200000,0.800000,cat,14,7ffe,1,1,2973696,2973696,0,41631744,41631744,0,41631744,41631744,0,-1,-1,-1
800,4,200,12,16,16,1033.190234,1033.210238,0.020004,0x4052e4,1,191,117,74,56,100.000000,1,1,0.184773,1.200000,0.800000,cat,1,1,1,1,4055040,4055040,0,1630486528,1630576640,90112,1630576640,1630576640,0,-1,-1,-1
800,4,200,13,16,16,1033.163862,1033.184653,0.020791,0x4052e4,1,70,48,22,58,100.000000,1,1,0.184773,1.200000,0.800000,cat,1,1,1,1,4055040,4055040,0,1630486528,1630576640,90112,1630486528,1630576640,90112,-1,-1,-1
800,4,200,14,16,16,1033.037006,1033.057502,0.020496,0x4052e4,1,147,103,44,28,100.000000,1,1,0.184773,1.200000,0.800000,cat,1,1,1,1,3964928,4055040,90112,1630396416,1630486528,90112,1630396416,1630486528,90112,-1,-1,-1
800,4,200,15,16,16,1033.133353,1033.153678,0.020325,0x4052e4,1,93,68,25,62,100.000000,1,1,0.184773,1.200000,0.800000,cat,1,1,1,1,4055040,4055040,0,1630486528,1630576640,90112,1630486528,1630576640,90112,-1,-1,-1
801,5,200,0,16,16,1033.356896,1033.377415,0.020519,0x40533c,1,55,2,53,0,100.000000,1,1,0.152209,1.200000,0.800000,cat,1,1,1,1,4055040,4055040,0,1630666752,1630666752,0,1630666752,1630666752,0,-1,-1,-1
801,5,200,1,16,16,1033.412907,1033.433162,0.020255,0x40533c,1,30,4,26,2,100.000000,1,1,0.152209,1.200000,0.800000,cat,1,1,1,1,4055040,4055040,0,1630666752,1630666752,0,1630666752,1630666752,0,-1,-1,-1
801,5,200,2,16,16,1033.471948,1033.492118,0.020170,0x40533c,1,22,3,19,4,100.000000,1,1,0.152209,1.200000,0.800000,cat,1,1,1,1,4055040,4055040,0,1630666752,1630666752,0,1630666752,1630666752,0,-1,-1,-1
801,5,200,3,16,16,1033.362620,1033.383019,0.020399,0x40533c,1,39,14,25,6,100.000000,1,1,0.152209,1.200000,0.800000,cat,1,1,1,1,4055040,4055040,0,1630666752,1630666752,0,1630666752,1630666752,0,-1,-1,-1
801,5,200,4,16,16,1033.484978,1033.505504,0.020526,0x40533c,1,24,0,24,8,100.000000,1,1,0.152209,1.200000,0.800000,cat,14,7ffe,1,1,3063808,2973696,-90112,41631744,41631744,0,41631744,41631744,0,-1,-1,-1
801,5,200,5,16,16,1033.379287,1033.399662,0.020375,0x40533c,1,31,0,31,10,100.000000,1,1,0.152209,1.200000,0.800000,cat,14,7ffe,1,1,2973696,3063808,90112,41631744,41631744,0,41631744,41631744,0,-1,-1,-1
801,5,200,6,16,16,1033.387394,1033.407503,0.020109,0x40533c,1,14,0,14,44,100.000000,1,1,0.152209,1.200000,0.800000,cat,14,7ffe,1,1,2973696,3063808,90112,41631744,41631744,0,41631744,41631744,0,-1,-1,-1
801,5,200,7,16,16,1033.398586,1033.418751,0.020165,0x40533c,1,28,0,28,46,100.000000,1,1,0.152209,1.200000,0.800000,cat,14,7ffe,1,1,2973696,3063808,90112,41631744,41631744,0,41631744,41631744,0,-1,-1,-1
801,5,200,8,16,16,1033.353295,1033.373675,0.020380,0x40533c,1,20,0,20,48,100.000000,1,1,0.152209,1.200000,0.800000,cat,14,7ffe,1,1,2973696,3063808,90112,41631744,41631744,0,41631744,41631744,0,-1,-1,-1
801,5,200,9,16,16,1033.409521,1033.429688,0.020167,0x40533c,1,23,0,23,18,100.000000,1,1,0.152209,1.200000,0.800000,cat,14,7ffe,1,1,2973696,3063808,90112,41631744,41631744,0,41631744,41631744,0,-1,-1,-1
801,5,200,10,16,16,1033.381603,1033.401910,0.020307,0x40533c,1,25,0,25,52,100.000000,1,1,0.152209,1.200000,0.800000,cat,14,7ffe,1,1,2973696,3063808,90112,41631744,41631744,0,41631744,41631744,0,-1,-1,-1
801,5,200,11,16,16,1033.441998,1033.462148,0.020150,0x40533c,1,9,0,9,54,100.000000,1,1,0.152209,1.200000,0.800000,cat,14,7ffe,1,1,3063808,2973696,-90112,41631744,41631744,0,41631744,41631744,0,-1,-1,-1
801,5,200,12,16,16,1033.407150,1033.427250,0.020100,0x40533c,1,49,3,46,56,100.000000,1,1,0.152209,1.200000,0.800000,cat,1,1,1,1,4055040,4055040,0,1630666752,1630666752,0,1630666752,1630666752,0,-1,-1,-1
801,5,200,13,16,16,1033.363102,1033.383558,0.020456,0x40533c,1,26,3,23,58,100.000000,1,1,0.152209,1.200000,0.800000,cat,1,1,1,1,4055040,4055040,0,1630666752,1630666752,0,1630666752,1630666752,0,-1,-1,-1
801,5,200,14,16,16,1033.477376,1033.497784,0.020408,0x40533c,1,35,14,21,28,100.000000,1,1,0.152209,1.200000,0.800000,cat,1,1,1,1,4055040,4055040,0,1630666752,1630666752,0,1630666752,1630666752,0,-1,-1,-1
801,5,200,15,16,16,1033.369861,1033.390128,0.020267,0x40533c,1,33,0,33,62,100.000000,1,1,0.152209,1.200000,0.800000,cat,1,1,1,1,4055040,4055040,0,1630666752,1630666752,0,1630666752,1630666752,0,-1,-1,-1
1198,2,300,0,16,16,1368.563088,1376.710418,1.233831,0x4051ce,1,11248,2373,8875,0,100.000000,1,1,8.186721,1.200000,0.800000,cat,1,1,1,1,3694592,3334144,90112,2436988928,2437980160,540672,2436988928,2437980160,811008,-1,-1,-1
1198,2,300,1,16,16,1368.538245,1376.697812,1.202210,0x4051ce,1,13293,1716,11577,2,100.000000,1,1,8.186721,1.200000,0.800000,cat,1,1,1,1,3694592,3334144,0,2436988928,2437980160,450560,2436988928,2437980160,540672,-1,-1,-1
1198,2,300,2,16,16,1368.621388,1376.666776,1.214907,0x4051ce,1,12777,1356,11421,4,100.000000,1,1,8.186721,1.200000,0.800000,cat,1,1,1,1,3874816,3334144,90112,2437169152,2437980160,540672,2437259264,2437980160,540672,-1,-1,-1
1198,2,300,3,16,16,1368.630862,1376.712788,1.222059,0x4051ce,1,12862,1516,11346,6,100.000000,1,1,8.186721,1.200000,0.800000,cat,1,1,1,1,3964928,3334144,0,2437169152,2437980160,720896,2437259264,2437980160,540672,-1,-1,-1
1198,2,300,4,16,16,1368.624845,1376.689990,1.230121,0x4051ce,1,12440,557,11883,8,100.000000,1,1,8.186721,1.200000,0.800000,cat,14,7ffe,1,1,3964928,3784704,180224,52445184,52445184,0,52445184,52445184,0,-1,-1,-1
1198,2,300,5,16,16,1368.645814,1376.676961,1.190152,0x4051ce,1,12085,387,11698,10,100.000000,1,1,8.186721,1.200000,0.800000,cat,14,7ffe,1,1,3964928,3874816,180224,52445184,52445184,0,52445184,52445184,0,-1,-1,-1
1198,2,300,6,16,16,1368.609423,1376.700481,1.215291,0x4051ce,1,11997,327,11670,44,100.000000,1,1,8.186721,1.200000,0.800000,cat,14,7ffe,1,1,3964928,3784704,0,52445184,52445184,0,52445184,52445184,0,-1,-1,-1
1198,2,300,7,16,16,1368.587451,1376.722990,1.227637,0x4051ce,1,12018,224,11794,46,100.000000,1,1,8.186721,1.200000,0.800000,cat,14,7ffe,1,1,3964928,3784704,270336,52445184,52445184,0,52445184,52445184,0,-1,-1,-1
1198,2,300,8,16,16,1368.558937,1376.720992,1.222276,0x4051ce,1,12520,189,12331,48,100.000000,1,1,8.186721,1.200000,0.800000,cat,14,7ffe,1,1,3964928,3784704,360448,52445184,52445184,0,52445184,52445184,0,-1,-1,-1
1198,2,300,9,16,16,1368.593520,1376.724966,1.215948,0x4051ce,1,11994,253,11741,18,100.000000,1,1,8.186721,1.200000,0.800000,cat,14,7ffe,1,1,3964928,3784704,90112,52445184,52445184,0,52445184,52445184,0,-1,-1,-1
1198,2,300,10,16,16,1368.636359,1376.714517,1.213208,0x4051ce,1,11637,231,11406,52,100.000000,1,1,8.186721,1.200000,0.800000,cat,14,7ffe,1,1,3964928,3784704,180224,52445184,52445184,0,52445184,52445184,0,-1,-1,-1
1198,2,300,11,16,16,1368.553033,1376.710167,1.219521,0x4051ce,1,12612,193,12419,54,100.000000,1,1,8.186721,1.200000,0.800000,cat,14,7ffe,1,1,3964928,3784704,90112,52445184,52445184,0,52445184,52445184,0,-1,-1,-1
1198,2,300,12,16,16,1368.648758,1376.662320,1.232026,0x4051ce,1,12508,730,11778,56,100.000000,1,1,8.186721,1.200000,0.800000,cat,1,1,1,1,3784704,3334144,0,2437349376,2437980160,450560,2437439488,2437980160,270336,-1,-1,-1
1198,2,300,13,16,16,1368.575945,1376.718655,1.230222,0x4051ce,1,13539,1018,12521,58,100.000000,1,1,8.186721,1.200000,0.800000,cat,1,1,1,1,3784704,3334144,0,2436988928,2437980160,901120,2436988928,2437980160,811008,-1,-1,-1
1198,2,300,14,16,16,1368.588688,1376.715560,1.235768,0x4051ce,1,13335,901,12434,28,100.000000,1,1,8.186721,1.200000,0.800000,cat,1,1,1,1,3874816,3334144,0,2436988928,2437980160,630784,2437169152,2437980160,540672,-1,-1,-1
1198,2,300,15,16,16,1368.579587,1376.704903,1.199887,0x4051ce,1,7097,608,6489,62,100.000000,1,1,8.186721,1.200000,0.800000,cat,1,1,1,1,3784704,3334144,0,2436988928,2437980160,630784,2436988928,2437980160,630784,-1,-1,-1
1199,3,300,0,16,16,1376.923229,1376.967489,0.044260,0x405218,1,1221,724,497,0,100.000000,1,1,0.165563,1.200000,0.800000,cat,1,1,1,1,3604480,3604480,0,2438070272,2438250496,180224,2438070272,2438250496,180224,-1,-1,-1
1199,3,300,1,16,16,1377.011592,1377.050687,0.039095,0x405218,1,648,11,637,2,100.000000,1,1,0.165563,1.200000,0.800000,cat,1,1,1,1,3604480,3604480,0,2438250496,2438250496,0,2438250496,2438250496,0,-1,-1,-1
1199,3,300,2,16,16,1377.034984,1377.073380,0.038396,0x405218,1,430,10,420,4,100.000000,1,1,0.165563,1.200000,0.800000,cat,1,1,1,1,3604480,3604480,0,2438250496,2438250496,0,2438250496,2438250496,0,-1,-1,-1
1199,3,300,3,16,16,1376.942032,1376.980176,0.038144,0x405218,1,438,10,428,6,100.000000,1,1,0.165563,1.200000,0.800000,cat,1,1,1,1,3604480,3604480,0,2438070272,2438250496,180224,2438070272,2438250496,180224,-1,-1,-1
1199,3,300,4,16,16,1376.968534,1377.012644,0.044110,0x405218,1,564,0,564,8,100.000000,1,1,0.165563,1.200000,0.800000,cat,14,7ffe,1,1,3784704,3874816,90112,52445184,52445184,0,52445184,52445184,0,-1,-1,-1
1199,3,300,5,16,16,1376.951146,1376.989734,0.038588,0x405218,1,458,1,457,10,100.000000,1,1,0.165563,1.200000,0.800000,cat,14,7ffe,1,1,3784704,3874816,90112,52445184,52445184,0,52445184,52445184,0,-1,-1,-1
1199,3,300,6,16,16,1376.956619,1377.000852,0.044233,0x405218,1,493,0,493,44,100.000000,1,1,0.165563,1.200000,0.800000,cat,14,7ffe,1,1,3784704,3874816,90112,52445184,52445184,0,52445184,52445184,0,-1,-1,-1
1199,3,300,7,16,16,1376.992631,1377.030622,0.037991,0x405218,1,665,1,664,46,100.000000,1,1,0.165563,1.200000,0.800000,cat,14,7ffe,1,1,3784704,3874816,90112,52445184,52445184,0,52445184,52445184,0,-1,-1,-1
1199,3,300,8,16,16,1376.949406,1376.993384,0.043978,0x405218,1,352,2,350,48,100.000000,1,1,0.165563,1.200000,0.800000,cat,14,7ffe,1,1,3784704,3874816,90112,52445184,52445184,0,52445184,52445184,0,-1,-1,-1
1199,3,300,9,16,16,1377.002444,1377.046784,0.044340,0x405218,1,626,1,625,18,100.000000,1,1,0.165563,1.200000,0.800000,cat,14,7ffe,1,1,3784704,3874816,90112,52445184,52445184,0,52445184,52445184,0,-1,-1,-1
1199,3,300,10,16,16,1376.961738,1376.998675,0.036937,0x405218,1,359,8,351,52,100.000000,1,1,0.165563,1.200000,0.800000,cat,14,7ffe,1,1,3784704,3874816,90112,52445184,52445184,0,52445184,52445184,0,-1,-1,-1
1199,3,300,11,16,16,1377.044756,1377.088792,0.044036,0x405218,1,630,14,616,54,100.000000,1,1,0.165563,1.200000,0.800000,cat,14,7ffe,1,1,3874816,3874816,0,52445184,52445184,0,52445184,52445184,0,-1,-1,-1
1199,3,300,12,16,16,1377.018040,1377.062425,0.044385,0x405218,1,471,28,443,56,100.000000,1,1,0.165563,1.200000,0.800000,cat,1,1,1,1,3604480,3604480,0,2438250496,2438250496,0,2438250496,2438250496,0,-1,-1,-1
1199,3,300,13,16,16,1376.934158,1376.978632,0.044474,0x405218,1,468,17,451,58,100.000000,1,1,0.165563,1.200000,0.800000,cat,1,1,1,1,3604480,3604480,0,2438070272,2438250496,180224,2438070272,2438250496,180224,-1,-1,-1
1199,3,300,14,16,16,1376.965288,1377.003454,0.038166,0x405218,1,530,34,496,28,100.000000,1,1,0.165563,1.200000,0.800000,cat,1,1,1,1,3604480,3604480,0,2438250496,2438250496,0,2438250496,2438250496,0,-1,-1,-1
1199,3,300,15,16,16,1376.924120,1376.967626,0.043506,0x405218,1,282,28,254,62,100.000000,1,1,0.165563,1.200000,0.800000,cat,1,1,1,1,3604480,3604480,0,2438070272,2438250496,180224,2438070272,2438250496,180224,-1,-1,-1
1200,4,300,0,16,16,1377.370683,1377.397068,0.026385,0x4052e4,1,1670,749,921,0,100.000000,1,1,0.170600,1.200000,0.800000,cat,1,1,1,1,3424256,3604480,180224,2439782400,2440142848,360448,2439782400,2440142848,360448,-1,-1,-1
1200,4,300,1,16,16,1377.472085,1377.492027,0.019942,0x4052e4,1,39,12,27,2,100.000000,1,1,0.170600,1.200000,0.800000,cat,1,1,1,1,3604480,3604480,0,2440142848,2440142848,0,2440142848,2440142848,0,-1,-1,-1
1200,4,300,2,16,16,1377.476705,1377.496828,0.020123,0x4052e4,1,53,24,29,4,100.000000,1,1,0.170600,1.200000,0.800000,cat,1,1,1,1,3604480,3604480,0,2440142848,2440142848,0,2440142848,2440142848,0,-1,-1,-1
1200,4,300,3,16,16,1377.481713,1377.502120,0.020407,0x4052e4,1,79,32,47,6,100.000000,1,1,0.170600,1.200000,0.800000,cat,1,1,1,1,3604480,3604480,0,2440142848,2440142848,0,2440142848,2440142848,0,-1,-1,-1
1200,4,300,4,16,16,1377.332389,1377.352802,0.020413,0x4052e4,1,76,8,68,8,100.000000,1,1,0.170600,1.200000,0.800000,cat,14,7ffe,1,1,3874816,3874816,0,52445184,52445184,0,52445184,52445184,0,-1,-1,-1
1200,4,300,5,16,16,1377.387661,1377.407906,0.020245,0x4052e4,1,30,0,30,10,100.000000,1,1,0.170600,1.200000,0.800000,cat,14,7ffe,1,1,3874816,3874816,0,52445184,52445184,0,52445184,52445184,0,-1,-1,-1
1200,4,300,6,16,16,1377.458079,1377.478330,0.020251,0x4052e4,1,27,2,25,44,100.000000,1,1,0.170600,1.200000,0.800000,cat,14,7ffe,1,1,3874816,3874816,0,52445184,52445184,0,52445184,52445184,0,-1,-1,-1
1200,4,300,7,16,16,1377.410060,1377.430042,0.019982,0x4052e4,1,36,1,35,46,100.000000,1,1,0.170600,1.200000,0.800000,cat,14,7ffe,1,1,3874816,3874816,0,52445184,52445184,0,52445184,52445184,0,-1,-1,-1
1200,4,300,8,16,16,1377.344303,1377.364223,0.019920,0x4052e4,1,33,0,33,48,100.000000,1,1,0.170600,1.200000,0.800000,cat,14,7ffe,1,1,3874816,3874816,0,52445184,52445184,0,52445184,52445184,0,-1,-1,-1
1200,4,300,9,16,16,1377.348754,1377.368772,0.020018,0x4052e4,1,74,4,70,18,100.000000,1,1,0.170600,1.200000,0.800000,cat,14,7ffe,1,1,3874816,3874816,0,52445184,52445184,0,52445184,52445184,0,-1,-1,-1
1200,4,300,10,16,16,1377.379069,1377.399169,0.020100,0x4052e4,1,41,0,41,52,100.000000,1,1,0.170600,1.200000,0.800000,cat,14,7ffe,1,1,3874816,3874816,0,52445184,52445184,0,52445184,52445184,0,-1,-1,-1
1200,4,300,11,16,16,1377.341058,1377.361251,0.020193,0x4052e4,1,21,0,21,54,100.000000,1,1,0.170600,1.200000,0.800000,cat,14,7ffe,1,1,3874816,3874816,0,52445184,52445184,0,52445184,52445184,0,-1,-1,-1
1200,4,300,12,16,16,1377.462477,1377.483565,0.021088,0x4052e4,1,94,51,43,56,100.000000,1,1,0.170600,1.200000,0.800000,cat,1,1,1,1,3604480,3604480,0,2440142848,2440142848,0,2440142848,2440142848,0,-1,-1,-1
1200,4,300,13,16,16,1377.352220,1377.372673,0.020453,0x4052e4,1,74,42,32,58,100.000000,1,1,0.170600,1.200000,0.800000,cat,1,1,1,1,3334144,3514368,180224,2439782400,2440142848,360448,2439782400,2440142848,360448,-1,-1,-1
1200,4,300,14,16,16,1377.331520,1377.352707,0.021187,0x4052e4,1,141,99,42,28,100.000000,1,1,0.170600,1.200000,0.800000,cat,1,1,1,1,3334144,3514368,180224,2439782400,2439872512,90112,2439782400,2440142848,360448,-1,-1,-1
1200,4,300,15,16,16,1377.362536,1377.382956,0.020420,0x4052e4,1,125,53,72,62,100.000000,1,1,0.170600,1.200000,0.800000,cat,1,1,1,1,3424256,3604480,180224,2439782400,2440142848,360448,2439782400,2440142848,360448,-1,-1,-1
1201,5,300,0,16,16,1377.645873,1377.666313,0.020440,0x40533c,1,65,9,56,0,100.000000,1,1,0.158177,1.200000,0.800000,cat,1,1,1,1,3604480,3694592,90112,2440323072,2440323072,0,2440323072,2440323072,0,-1,-1,-1
1201,5,300,1,16,16,1377.679880,1377.699879,0.019999,0x40533c,1,27,2,25,2,100.000000,1,1,0.158177,1.200000,0.800000,cat,1,1,1,1,3604480,3694592,90112,2440323072,2440323072,0,2440323072,2440323072,0,-1,-1,-1
1201,5,300,2,16,16,1377.649845,1377.669832,0.019987,0x40533c,1,14,0,14,4,100.000000,1,1,0.158177,1.200000,0.800000,cat,1,1,1,1,3604480,3694592,90112,2440323072,2440323072,0,2440323072,2440323072,0,-1,-1,-1
1201,5,300,3,16,16,1377.755438,1377.775533,0.020095,0x40533c,1,31,2,29,6,100.000000,1,1,0.158177,1.200000,0.800000,cat,1,1,1,1,3694592,3694592,0,2440323072,2440323072,0,2440323072,2440323072,0,-1,-1,-1
1201,5,300,4,16,16,1377.777911,1377.798174,0.020263,0x40533c,1,67,4,63,8,100.000000,1,1,0.158177,1.200000,0.800000,cat,14,7ffe,1,1,3874816,3874816,0,52445184,52445184,0,52445184,52445184,0,-1,-1,-1
1201,5,300,5,16,16,1377.741426,1377.761702,0.020276,0x40533c,1,45,0,45,10,100.000000,1,1,0.158177,1.200000,0.800000,cat,14,7ffe,1,1,3874816,3874816,0,52445184,52445184,0,52445184,52445184,0,-1,-1,-1
1201,5,300,6,16,16,1377.688785,1377.708660,0.019875,0x40533c,1,26,0,26,44,100.000000,1,1,0.158177,1.200000,0.800000,cat,14,7ffe,1,1,3874816,3874816,0,52445184,52445184,0,52445184,52445184,0,-1,-1,-1
1201,5,300,7,16,16,1377.713092,1377.733161,0.020069,0x40533c,1,48,0,48,46,100.000000,1,1,0.158177,1.200000,0.800000,cat,14,7ffe,1,1,3874816,3874816,0,52445184,52445184,0,52445184,52445184,0,-1,-1,-1
1201,5,300,8,16,16,1377.688373,1377.708242,0.019869,0x40533c,1,19,0,19,48,100.000000,1,1,0.158177,1.200000,0.800000,cat,14,7ffe,1,1,3874816,3874816,0,52445184,52445184,0,52445184,52445184,0,-1,-1,-1
1201,5,300,9,16,16,1377.708914,1377.729048,0.020134,0x40533c,1,41,7,34,18,100.000000,1,1,0.158177,1.200000,0.800000,cat,14,7ffe,1,1,3874816,3874816,0,52445184,52445184,0,52445184,52445184,0,-1,-1,-1
1201,5,300,10,16,16,1377.697960,1377.718094,0.020134,0x40533c,1,41,0,41,52,100.000000,1,1,0.158177,1.200000,0.800000,cat,14,7ffe,1,1,3874816,3874816,0,52445184,52445184,0,52445184,52445184,0,-1,-1,-1
1201,5,300,11,16,16,1377.764546,1377.784553,0.020007,0x40533c,1,32,1,31,54,100.000000,1,1,0.158177,1.200000,0.800000,cat,14,7ffe,1,1,3874816,3874816,0,52445184,52445184,0,52445184,52445184,0,-1,-1,-1
1201,5,300,12,16,16,1377.644785,1377.664872,0.020087,0x40533c,1,26,6,20,56,100.000000,1,1,0.158177,1.200000,0.800000,cat,1,1,1,1,3604480,3694592,90112,2440323072,2440323072,0,2440323072,2440323072,0,-1,-1,-1
1201,5,300,13,16,16,1377.782760,1377.802962,0.020202,0x40533c,1,74,30,44,58,100.000000,1,1,0.158177,1.200000,0.800000,cat,1,1,1,1,3694592,3694592,0,2440323072,2440323072,0,2440323072,2440323072,0,-1,-1,-1
1201,5,300,14,16,16,1377.679022,1377.699470,0.020448,0x40533c,1,73,32,41,28,100.000000,1,1,0.158177,1.200000,0.800000,cat,1,1,1,1,3604480,3694592,90112,2440323072,2440323072,0,2440323072,2440323072,0,-1,-1,-1
1201,5,300,15,16,16,1377.670984,1377.691575,0.020591,0x40533c,1,54,22,32,62,100.000000,1,1,0.158177,1.200000,0.800000,cat,1,1,1,1,3604480,3694592,90112,2440323072,2440323072,0,2440323072,2440323072,0,-1,-1,-1
1598,2,400,0,16,16,1711.304463,1719.391149,1.220827,0x4051ce,1,11166,2439,8727,0,100.000000,1,1,8.194601,1.200000,0.800000,cat,1,1,1,1,3694592,3514368,0,3235471360,3236372480,360448,3235471360,3236372480,540672,-1,-1,-1
1598,2,400,1,16,16,1711.271467,1719.374760,1.188111,0x4051ce,1,13254,1613,11641,2,100.000000,1,1,8.194601,1.200000,0.800000,cat,1,1,1,1,3694592,3514368,0,3235291136,3236372480,630784,3235291136,3236372480,540672,-1,-1,-1
1598,2,400,2,16,16,1711.220766,1719.404378,1.220885,0x4051ce,1,13280,1484,11796,4,100.000000,1,1,8.194601,1.200000,0.800000,cat,1,1,1,1,3604480,3514368,90112,3235110912,3236372480,720896,3235110912,3236372480,811008,-1,-1,-1
1598,2,400,3,16,16,1711.250271,1719.405822,1.183119,0x4051ce,1,11994,1479,10515,6,100.000000,1,1,8.194601,1.200000,0.800000,cat,1,1,1,1,3604480,3514368,0,3235110912,3236372480,630784,3235201024,3236372480,540672,-1,-1,-1
1598,2,400,4,16,16,1711.252628,1719.390979,1.207683,0x4051ce,1,13615,575,13040,8,100.000000,1,1,8.194601,1.200000,0.800000,cat,14,7ffe,1,1,4145152,3964928,180224,63078400,63078400,0,63078400,63078400,0,-1,-1,-1
1598,2,400,5,16,16,1711.353066,1719.335514,1.187916,0x4051ce,1,11620,297,11323,10,100.000000,1,1,8.194601,1.200000,0.800000,cat,14,7ffe,1,1,4055040,3964928,90112,63078400,63078400,0,63078400,63078400,0,-1,-1,-1
1598,2,400,6,16,16,1711.374576,1719.323779,1.185331,0x4051ce,1,12420,332,12088,44,100.000000,1,1,8.194601,1.200000,0.800000,cat,14,7ffe,1,1,4055040,3964928,90112,63078400,63078400,0,63078400,63078400,0,-1,-1,-1
1598,2,400,7,16,16,1711.229895,1719.407319,1.184441,0x4051ce,1,12117,177,11940,46,100.000000,1,1,8.194601,1.200000,0.800000,cat,14,7ffe,1,1,4145152,3964928,0,63078400,63078400,0,63078400,63078400,0,-1,-1,-1
1598,2,400,8,16,16,1711.217980,1719.398222,1.200218,0x4051ce,1,12013,168,11845,48,100.000000,1,1,8.194601,1.200000,0.800000,cat,14,7ffe,1,1,4145152,3964928,270336,63078400,63078400,0,63078400,63078400,0,-1,-1,-1
1598,2,400,9,16,16,1711.316634,1719.389536,1.182417,0x4051ce,1,12223,197,12026,18,100.000000,1,1,8.194601,1.200000,0.800000,cat,14,7ffe,1,1,4055040,3964928,360448,63078400,63078400,0,63078400,63078400,0,-1,-1,-1
1598,2,400,10,16,16,1711.276126,1719.383023,1.184865,0x4051ce,1,11962,226,11736,52,100.000000,1,1,8.194601,1.200000,0.800000,cat,14,7ffe,1,1,4055040,3964928,90112,63078400,63078400,0,63078400,63078400,0,-1,-1,-1
1598,2,400,11,16,16,1711.257336,1719.402153,1.192933,0x4051ce,1,12072,157,11915,54,100.000000,1,1,8.194601,1.200000,0.800000,cat,14,7ffe,1,1,4145152,3964928,450560,63078400,63078400,0,63078400,63078400,0,-1,-1,-1
1598,2,400,12,16,16,1711.212718,1719.358675,1.195316,0x4051ce,1,12340,651,11689,56,100.000000,1,1,8.194601,1.200000,0.800000,cat,1,1,1,1,3604480,3514368,90112,3235110912,3236372480,720896,3235110912,3236372480,630784,-1,-1,-1
1598,2,400,13,16,16,1711.222254,1719.402574,1.213116,0x4051ce,1,13925,1190,12735,58,100.000000,1,1,8.194601,1.200000,0.800000,cat,1,1,1,1,3604480,3514368,0,3235110912,3236372480,901120,3235110912,3236372480,811008,-1,-1,-1
1598,2,400,14,16,16,1711.391850,1719.394976,1.206472,0x4051ce,1,13103,675,12428,28,100.000000,1,1,8.194601,1.200000,0.800000,cat,1,1,1,1,3604480,3514368,0,3235561472,3236372480,450560,3235561472,3236372480,450560,-1,-1,-1
1598,2,400,15,16,16,1711.384728,1719.393820,1.186371,0x4051ce,1,7257,623,6634,62,100.000000,1,1,8.194601,1.200000,0.800000,cat,1,1,1,1,3604480,3514368,90112,3235561472,3236372480,540672,3235561472,3236372480,450560,-1,-1,-1
1599,3,400,0,16,16,1719.614797,1719.649897,0.035100,0x405218,1,1362,714,648,0,100.000000,1,1,0.190793,1.200000,0.800000,cat,1,1,1,1,3604480,3604480,0,3236462592,3236642816,180224,3236462592,3236642816,180224,-1,-1,-1
1599,3,400,1,16,16,1719.642728,1719.684722,0.041994,0x405218,1,607,13,594,2,100.000000,1,1,0.190793,1.200000,0.800000,cat,1,1,1,1,3604480,3694592,90112,3236552704,3236642816,90112,3236552704,3236642816,90112,-1,-1,-1
1599,3,400,2,16,16,1719.676955,1719.713387,0.036432,0x405218,1,606,13,593,4,100.000000,1,1,0.190793,1.200000,0.800000,cat,1,1,1,1,3604480,3694592,90112,3236642816,3236642816,0,3236642816,3236642816,0,-1,-1,-1
1599,3,400,3,16,16,1719.688245,1719.732984,0.044739,0x405218,1,512,41,471,6,100.000000,1,1,0.190793,1.200000,0.800000,cat,1,1,1,1,3604480,3694592,90112,3236642816,3236642816,0,3236642816,3236642816,0,-1,-1,-1
1599,3,400,4,16,16,1719.660003,1719.695443,0.035440,0x405218,1,505,3,502,40,100.000000,1,1,0.190793,1.200000,0.800000,cat,14,7ffe,1,1,3964928,4055040,90112,63078400,63078400,0,63078400,63078400,0,-1,-1,-1
1599,3,400,5,16,16,1719.644434,1719.678699,0.034265,0x405218,1,390,0,390,10,100.000000,1,1,0.190793,1.200000,0.800000,cat,14,7ffe,1,1,3964928,4055040,90112,63078400,63078400,0,63078400,63078400,0,-1,-1,-1
1599,3,400,6,16,16,1719.704438,1719.748279,0.043841,0x405218,1,634,0,634,44,100.000000,1,1,0.190793,1.200000,0.800000,cat,14,7ffe,1,1,3964928,4055040,90112,63078400,63078400,0,63078400,63078400,0,-1,-1,-1
1599,3,400,7,16,16,1719.676181,1719.719954,0.043773,0x405218,1,592,0,592,46,100.000000,1,1,0.190793,1.200000,0.800000,cat,14,7ffe,1,1,3964928,4055040,90112,63078400,63078400,0,63078400,63078400,0,-1,-1,-1
1599,3,400,8,16,16,1719.666633,1719.708250,0.041617,0x405218,1,567,5,562,48,100.000000,1,1,0.190793,1.200000,0.800000,cat,14,7ffe,1,1,3964928,4055040,90112,63078400,63078400,0,63078400,63078400,0,-1,-1,-1
1599,3,400,9,16,16,1719.651606,1719.691987,0.040381,0x405218,1,467,2,465,18,100.000000,1,1,0.190793,1.200000,0.800000,cat,14,7ffe,1,1,3964928,4055040,90112,63078400,63078400,0,63078400,63078400,0,-1,-1,-1
1599,3,400,10,16,16,1719.606071,1719.647222,0.041151,0x405218,1,378,7,371,52,100.000000,1,1,0.190793,1.200000,0.800000,cat,14,7ffe,1,1,3964928,3964928,0,63078400,63078400,0,63078400,63078400,0,-1,-1,-1
1599,3,400,11,16,16,1719.727550,1719.771472,0.043922,0x405218,1,636,18,618,54,100.000000,1,1,0.190793,1.200000,0.800000,cat,14,7ffe,1,1,3964928,4055040,90112,63078400,63078400,0,63078400,63078400,0,-1,-1,-1
1599,3,400,12,16,16,1719.627718,1719.662703,0.034985,0x405218,1,373,21,352,56,100.000000,1,1,0.190793,1.200000,0.800000,cat,1,1,1,1,3604480,3694592,90112,3236462592,3236642816,180224,3236552704,3236642816,90112,-1,-1,-1
1599,3,400,13,16,16,1719.751682,1719.796864,0.045182,0x405218,1,617,57,560,58,100.000000,1,1,0.190793,1.200000,0.800000,cat,1,1,1,1,3604480,3694592,90112,3236642816,3236642816,0,3236642816,3236642816,0,-1,-1,-1
1599,3,400,14,16,16,1719.628457,1719.663560,0.035103,0x405218,1,527,39,488,28,100.000000,1,1,0.190793,1.200000,0.800000,cat,1,1,1,1,3604480,3604480,0,3236462592,3236642816,180224,3236552704,3236642816,90112,-1,-1,-1
1599,3,400,15,16,16,1719.608448,1719.642955,0.034507,0x405218,1,315,57,258,62,100.000000,1,1,0.190793,1.200000,0.800000,cat,1,1,1,1,3604480,3604480,0,3236462592,3236642816,180224,3236462592,3236642816,180224,-1,-1,-1
1600,4,400,0,16,16,1720.112964,1720.140288,0.027324,0x4052e4,1,1721,805,916,0,100.000000,1,1,0.162630,1.200000,0.800000,cat,1,1,1,1,3694592,3694592,0,3238264832,3238445056,180224,3238264832,3238445056,180224,-1,-1,-1
1600,4,400,1,16,16,1720.119542,1720.139474,0.019932,0x4052e4,1,66,23,43,2,100.000000,1,1,0.162630,1.200000,0.800000,cat,1,1,1,1,3694592,3694592,0,3238264832,3238445056,180224,3238264832,3238445056,180224,-1,-1,-1
1600,4,400,2,16,16,1720.157590,1720.177666,0.020076,0x4052e4,1,29,9,20,4,100.000000,1,1,0.162630,1.200000,0.800000,cat,1,1,1,1,3694592,3694592,0,3238264832,3238445056,180224,3238445056,3238445056,0,-1,-1,-1
1600,4,400,3,16,16,1720.053094,1720.073450,0.020356,0x4052e4,1,38,11,27,6,100.000000,1,1,0.162630,1.200000,0.800000,cat,1,1,1,1,3604480,3694592,90112,3238174720,3238264832,90112,3238174720,3238445056,270336,-1,-1,-1
1600,4,400,4,16,16,1720.080825,1720.101792,0.020967,0x4052e4,1,272,26,246,40,100.000000,1,1,0.162630,1.200000,0.800000,cat,14,7ffe,1,1,4055040,4055040,0,63078400,63078400,0,63078400,63078400,0,-1,-1,-1
1600,4,400,5,16,16,1720.050779,1720.071015,0.020236,0x4052e4,1,64,3,61,10,100.000000,1,1,0.162630,1.200000,0.800000,cat,14,7ffe,1,1,4055040,4055040,0,63078400,63078400,0,63078400,63078400,0,-1,-1,-1
1600,4,400,6,16,16,1720.047015,1720.067242,0.020227,0x4052e4,1,24,0,24,44,100.000000,1,1,0.162630,1.200000,0.800000,cat,14,7ffe,1,1,4055040,4055040,0,63078400,63078400,0,63078400,63078400,0,-1,-1,-1
1600,4,400,7,16,16,1720.174005,1720.194185,0.020180,0x4052e4,1,38,0,38,46,100.000000,1,1,0.162630,1.200000,0.800000,cat,14,7ffe,1,1,4055040,4055040,0,63078400,63078400,0,63078400,63078400,0,-1,-1,-1
1600,4,400,8,16,16,1720.035175,1720.055284,0.020109,0x4052e4,1,63,0,63,48,100.000000,1,1,0.162630,1.200000,0.800000,cat,14,7ffe,1,1,4055040,4055040,0,63078400,63078400,0,63078400,63078400,0,-1,-1,-1
1600,4,400,9,16,16,1720.085356,1720.105303,0.019947,0x4052e4,1,33,0,33,18,100.000000,1,1,0.162630,1.200000,0.800000,cat,14,7ffe,1,1,4055040,4055040,0,63078400,63078400,0,63078400,63078400,0,-1,-1,-1
1600,4,400,10,16,16,1720.167956,1720.188082,0.020126,0x4052e4,1,29,0,29,52,100.000000,1,1,0.162630,1.200000,0.800000,cat,14,7ffe,1,1,4055040,4055040,0,63078400,63078400,0,63078400,63078400,0,-1,-1,-1
1600,4,400,11,16,16,1720.096798,1720.116950,0.020152,0x4052e4,1,28,1,27,54,100.000000,1,1,0.162630,1.200000,0.800000,cat,14,7ffe,1,1,4055040,4055040,0,63078400,63078400,0,63078400,63078400,0,-1,-1,-1
1600,4,400,12,16,16,1720.031555,1720.051684,0.020129,0x4052e4,1,109,39,70,56,100.000000,1,1,0.162630,1.200000,0.800000,cat,1,1,1,1,3604480,3694592,90112,3238174720,3238264832,90112,3238174720,3238264832,90112,-1,-1,-1
1600,4,400,13,16,16,1720.067259,1720.087725,0.020466,0x4052e4,1,134,51,83,58,100.000000,1,1,0.162630,1.200000,0.800000,cat,1,1,1,1,3604480,3694592,90112,3238174720,3238445056,270336,3238174720,3238445056,270336,-1,-1,-1
1600,4,400,14,16,16,1720.062244,1720.082552,0.020308,0x4052e4,1,129,95,34,28,100.000000,1,1,0.162630,1.200000,0.800000,cat,1,1,1,1,3604480,3694592,90112,3238174720,3238354944,180224,3238174720,3238354944,180224,-1,-1,-1
1600,4,400,15,16,16,1720.173257,1720.193848,0.020591,0x4052e4,1,133,81,52,62,100.000000,1,1,0.162630,1.200000,0.800000,cat,1,1,1,1,3694592,3694592,0,3238354944,3238445056,90112,3238445056,3238445056,0,-1,-1,-1
1601,5,400,0,16,16,1720.390450,1720.410902,0.020452,0x40533c,1,38,0,38,0,100.000000,1,1,0.168494,1.200000,0.800000,cat,1,1,1,1,3694592,3694592,0,3238805504,3238805504,0,3238805504,3238805504,0,-1,-1,-1
1601,5,400,1,16,16,1720.388211,1720.408848,0.020637,0x40533c,1,42,8,34,2,100.000000,1,1,0.168494,1.200000,0.800000,cat,1,1,1,1,3694592,3694592,0,3238715392,3238805504,90112,3238805504,3238805504,0,-1,-1,-1
1601,5,400,2,16,16,1720.370595,1720.390751,0.020156,0x40533c,1,17,3,14,4,100.000000,1,1,0.168494,1.200000,0.800000,cat,1,1,1,1,3694592,3694592,0,3238715392,3238805504,90112,3238805504,3238805504,0,-1,-1,-1
1601,5,400,3,16,16,1720.413868,1720.434078,0.020210,0x40533c,1,50,12,38,6,100.000000,1,1,0.168494,1.200000,0.800000,cat,1,1,1,1,3694592,3694592,0,3238805504,3238805504,0,3238805504,3238805504,0,-1,-1,-1
1601,5,400,4,16,16,1720.490105,1720.510709,0.020604,0x40533c,1,25,0,25,40,100.000000,1,1,0.168494,1.200000,0.800000,cat,14,7ffe,1,1,4055040,4055040,0,63078400,63078400,0,63078400,63078400,0,-1,-1,-1
1601,5,400,5,16,16,1720.466537,1720.486578,0.020041,0x40533c,1,14,0,14,10,100.000000,1,1,0.168494,1.200000,0.800000,cat,14,7ffe,1,1,4055040,4055040,0,63078400,63078400,0,63078400,63078400,0,-1,-1,-1
1601,5,400,6,16,16,1720.345041,1720.365070,0.020029,0x40533c,1,11,0,11,44,100.000000,1,1,0.168494,1.200000,0.800000,cat,14,7ffe,1,1,4055040,4055040,0,63078400,63078400,0,63078400,63078400,0,-1,-1,-1
1601,5,400,7,16,16,1720.432712,1720.453215,0.020503,0x40533c,1,33,0,33,46,100.000000,1,1,0.168494,1.200000,0.800000,cat,14,7ffe,1,1,4055040,4055040,0,63078400,63078400,0,63078400,63078400,0,-1,-1,-1
1601,5,400,8,16,16,1720.356281,1720.376372,0.020091,0x40533c,1,27,0,27,48,100.000000,1,1,0.168494,1.200000,0.800000,cat,14,7ffe,1,1,4055040,4055040,0,63078400,63078400,0,63078400,63078400,0,-1,-1,-1
1601,5,400,9,16,16,1720.397016,1720.417105,0.020089,0x40533c,1,27,0,27,18,100.000000,1,1,0.168494,1.200000,0.800000,cat,14,7ffe,1,1,4055040,4055040,0,63078400,63078400,0,63078400,63078400,0,-1,-1,-1
1601,5,400,10,16,16,1720.457470,1720.477513,0.020043,0x40533c,1,12,0,12,52,100.000000,1,1,0.168494,1.200000,0.800000,cat,14,7ffe,1,1,4055040,4055040,0,63078400,63078400,0,63078400,63078400,0,-1,-1,-1
1601,5,400,11,16,16,1720.368235,1720.388415,0.020180,0x40533c,1,27,0,27,54,100.000000,1,1,0.168494,1.200000,0.800000,cat,14,7ffe,1,1,4055040,4055040,0,63078400,63078400,0,63078400,63078400,0,-1,-1,-1
1601,5,400,12,16,16,1720.465271,1720.485565,0.020294,0x40533c,1,57,40,17,56,100.000000,1,1,0.168494,1.200000,0.800000,cat,1,1,1,1,3694592,3694592,0,3238805504,3238805504,0,3238805504,3238805504,0,-1,-1,-1
1601,5,400,13,16,16,1720.342215,1720.362165,0.019950,0x40533c,1,69,34,35,58,100.000000,1,1,0.168494,1.200000,0.800000,cat,1,1,1,1,3694592,3694592,0,3238625280,3238805504,180224,3238625280,3238805504,180224,-1,-1,-1
1601,5,400,14,16,16,1720.346612,1720.366894,0.020282,0x40533c,1,35,15,20,28,100.000000,1,1,0.168494,1.200000,0.800000,cat,1,1,1,1,3694592,3694592,0,3238625280,3238805504,180224,3238715392,3238805504,90112,-1,-1,-1
1601,5,400,15,16,16,1720.344755,1720.364778,0.020023,0x40533c,1,15,2,13,62,100.000000,1,1,0.168494,1.200000,0.800000,cat,1,1,1,1,3694592,3694592,0,3238625280,3238805504,180224,3238625280,3238805504,180224,-1,-1,-1
1998,2,500,0,16,16,2058.474159,2066.715840,1.228578,0x4051ce,1,11107,2610,8497,0,100.000000,1,1,8.271009,1.200000,0.800000,cat,1,1,1,1,3514368,3514368,90112,4048461824,4049362944,450560,4048461824,4049362944,450560,-1,-1,-1
1998,2,500,1,16,16,2058.594943,2066.708249,1.223674,0x4051ce,1,13304,1370,11934,2,100.000000,1,1,8.271009,1.200000,0.800000,cat,1,1,1,1,3694592,3514368,90112,4048642048,4049362944,540672,4048642048,4049362944,360448,-1,-1,-1
1998,2,500,2,16,16,2058.549799,2066.728056,1.213537,0x4051ce,1,13091,1501,11590,4,100.000000,1,1,8.271009,1.200000,0.800000,cat,1,1,1,1,3604480,3514368,90112,4048461824,4049362944,450560,4048461824,4049362944,450560,-1,-1,-1
1998,2,500,3,16,16,2058.511460,2066.723605,1.231382,0x4051ce,1,12241,1527,10714,6,100.000000,1,1,8.271009,1.200000,0.800000,cat,1,1,1,1,3694592,3514368,180224,4048461824,4049362944,450560,4048461824,4049362944,360448,-1,-1,-1
1998,2,500,4,16,16,2058.461118,2066.712836,1.218593,0x4051ce,1,13249,589,12660,40,100.000000,1,1,8.271009,1.200000,0.800000,cat,14,7ffe,1,1,3604480,3424256,0,72900608,72900608,0,72900608,72900608,0,-1,-1,-1
1998,2,500,5,16,16,2058.531796,2066.720558,1.201969,0x4051ce,1,11644,289,11355,10,100.000000,1,1,8.271009,1.200000,0.800000,cat,14,7ffe,1,1,3604480,3424256,90112,72900608,72900608,0,72900608,72900608,0,-1,-1,-1
1998,2,500,6,16,16,2058.615859,2066.732127,1.229571,0x4051ce,1,12264,306,11958,44,100.000000,1,1,8.271009,1.200000,0.800000,cat,14,7ffe,1,1,3604480,3424256,0,72900608,72900608,0,72900608,72900608,0,-1,-1,-1
1998,2,500,7,16,16,2058.474902,2066.699352,1.202257,0x4051ce,1,11808,152,11656,46,100.000000,1,1,8.271009,1.200000,0.800000,cat,14,7ffe,1,1,3604480,3514368,90112,72900608,72900608,0,72900608,72900608,0,-1,-1,-1
1998,2,500,8,16,16,2058.494777,2066.725548,1.218841,0x4051ce,1,12198,184,12014,48,100.000000,1,1,8.271009,1.200000,0.800000,cat,14,7ffe,1,1,3604480,3424256,0,72900608,72900608,0,72900608,72900608,0,-1,-1,-1
1998,2,500,9,16,16,2058.507133,2066.703485,1.214979,0x4051ce,1,12185,203,11982,18,100.000000,1,1,8.271009,1.200000,0.800000,cat,14,7ffe,1,1,3604480,3514368,90112,72900608,72900608,0,72900608,72900608,0,-1,-1,-1
1998,2,500,10,16,16,2058.562663,2066.716792,1.210255,0x4051ce,1,11786,182,11604,52,100.000000,1,1,8.271009,1.200000,0.800000,cat,14,7ffe,1,1,3604480,3424256,90112,72900608,72900608,0,72900608,72900608,0,-1,-1,-1
1998,2,500,11,16,16,2058.571746,2066.716938,1.210506,0x4051ce,1,11794,177,11617,54,100.000000,1,1,8.271009,1.200000,0.800000,cat,14,7ffe,1,1,3604480,3424256,90112,72900608,72900608,0,72900608,72900608,0,-1,-1,-1
1998,2,500,12,16,16,2058.524872,2066.683918,1.212412,0x4051ce,1,12734,717,12017,56,100.000000,1,1,8.271009,1.200000,0.800000,cat,1,1,1,1,3694592,3514368,180224,4048461824,4049362944,450560,4048461824,4049362944,360448,-1,-1,-1
1998,2,500,13,16,16,2058.499011,2066.721443,1.228375,0x4051ce,1,13731,1239,12492,58,100.000000,1,1,8.271009,1.200000,0.800000,cat,1,1,1,1,3514368,3514368,180224,4048461824,4049362944,360448,4048461824,4049362944,360448,-1,-1,-1
1998,2,500,14,16,16,2058.631930,2066.711938,1.230195,0x4051ce,1,13131,701,12430,28,100.000000,1,1,8.271009,1.200000,0.800000,cat,1,1,1,1,3514368,3514368,90112,4048642048,4049362944,360448,4048642048,4049362944,360448,-1,-1,-1
1998,2,500,15,16,16,2058.471587,2066.729792,1.233246,0x4051ce,1,7147,581,6566,62,100.000000,1,1,8.271009,1.200000,0.800000,cat,1,1,1,1,3514368,3514368,270336,4048461824,4049362944,360448,4048461824,4049362944,270336,-1,-1,-1
1999,3,500,0,16,16,2067.077106,2067.122190,0.045084,0x405218,1,1357,707,650,0,100.000000,1,1,0.190686,1.200000,0.800000,cat,1,1,1,1,3604480,3604480,0,4049453056,4049543168,90112,4049453056,4049543168,90112,-1,-1,-1
1999,3,500,1,16,16,2066.982034,2067.024183,0.042149,0x405218,1,456,20,436,2,100.000000,1,1,0.190686,1.200000,0.800000,cat,1,1,1,1,3694592,3604480,-90112,4049453056,4049453056,0,4049453056,4049453056,0,-1,-1,-1
1999,3,500,2,16,16,2066.950778,2066.991661,0.040883,0x405218,1,323,36,287,4,100.000000,1,1,0.190686,1.200000,0.800000,cat,1,1,1,1,3694592,3514368,-180224,4049453056,4049453056,0,4049453056,4049453056,0,-1,-1,-1
1999,3,500,3,16,16,2067.001339,2067.043345,0.042006,0x405218,1,587,2,585,6,100.000000,1,1,0.190686,1.200000,0.800000,cat,1,1,1,1,3694592,3604480,-90112,4049453056,4049453056,0,4049453056,4049453056,0,-1,-1,-1
1999,3,500,4,16,16,2066.934025,2066.968445,0.034420,0x405218,1,284,0,284,40,100.000000,1,1,0.190686,1.200000,0.800000,cat,14,7ffe,1,1,3424256,3514368,90112,72900608,72900608,0,72900608,72900608,0,-1,-1,-1
1999,3,500,5,16,16,2066.993629,2067.029099,0.035470,0x405218,1,571,0,571,10,100.000000,1,1,0.190686,1.200000,0.800000,cat,14,7ffe,1,1,3514368,3604480,90112,72900608,72900608,0,72900608,72900608,0,-1,-1,-1
1999,3,500,6,16,16,2066.949586,2066.990635,0.041049,0x405218,1,477,0,477,44,100.000000,1,1,0.190686,1.200000,0.800000,cat,14,7ffe,1,1,3424256,3514368,90112,72900608,72900608,0,72900608,72900608,0,-1,-1,-1
1999,3,500,7,16,16,2066.966063,2067.001050,0.034987,0x405218,1,453,2,451,46,100.000000,1,1,0.190686,1.200000,0.800000,cat,14,7ffe,1,1,3424256,3514368,90112,72900608,72900608,0,72900608,72900608,0,-1,-1,-1
1999,3,500,8,16,16,2067.066387,2067.110475,0.044088,0x405218,1,627,0,627,48,100.000000,1,1,0.190686,1.200000,0.800000,cat,14,7ffe,1,1,3514368,3604480,90112,72900608,72900608,0,72900608,72900608,0,-1,-1,-1
1999,3,500,9,16,16,2067.061181,2067.098873,0.037692,0x405218,1,450,0,450,18,100.000000,1,1,0.190686,1.200000,0.800000,cat,14,7ffe,1,1,3514368,3604480,90112,72900608,72900608,0,72900608,72900608,0,-1,-1,-1
1999,3,500,10,16,16,2066.937612,2066.978754,0.041142,0x405218,1,365,2,363,52,100.000000,1,1,0.190686,1.200000,0.800000,cat,14,7ffe,1,1,3424256,3514368,90112,72900608,72900608,0,72900608,72900608,0,-1,-1,-1
1999,3,500,11,16,16,2067.071042,2067.115616,0.044574,0x405218,1,605,12,593,54,100.000000,1,1,0.190686,1.200000,0.800000,cat,14,7ffe,1,1,3514368,3604480,90112,72900608,72900608,0,72900608,72900608,0,-1,-1,-1
1999,3,500,12,16,16,2066.931504,2066.972251,0.040747,0x405218,1,381,29,352,56,100.000000,1,1,0.190686,1.200000,0.800000,cat,1,1,1,1,3694592,3604480,-90112,4049453056,4049453056,0,4049453056,4049453056,0,-1,-1,-1
1999,3,500,13,16,16,2066.986616,2067.021633,0.035017,0x405218,1,463,24,439,58,100.000000,1,1,0.190686,1.200000,0.800000,cat,1,1,1,1,3694592,3604480,-90112,4049453056,4049453056,0,4049453056,4049453056,0,-1,-1,-1
1999,3,500,14,16,16,2067.035796,2067.073507,0.037711,0x405218,1,622,31,591,28,100.000000,1,1,0.190686,1.200000,0.800000,cat,1,1,1,1,3604480,3604480,0,4049453056,4049543168,90112,4049453056,4049543168,90112,-1,-1,-1
1999,3,500,15,16,16,2066.972731,2067.006563,0.033832,0x405218,1,265,25,240,62,100.000000,1,1,0.190686,1.200000,0.800000,cat,1,1,1,1,3694592,3604480,-90112,4049453056,4049453056,0,4049453056,4049453056,0,-1,-1,-1
2000,4,500,0,16,16,2067.508428,2067.537014,0.028586,0x4052e4,1,1788,836,952,0,100.000000,1,1,0.174795,1.200000,0.800000,cat,1,1,1,1,3514368,3604480,90112,4050984960,4051075072,90112,4050984960,4051075072,90112,-1,-1,-1
2000,4,500,1,16,16,2067.400133,2067.420375,0.020242,0x4052e4,1,26,5,21,2,100.000000,1,1,0.174795,1.200000,0.800000,cat,1,1,1,1,3424256,3514368,90112,4050894848,4050984960,90112,4050894848,4050984960,90112,-1,-1,-1
2000,4,500,2,16,16,2067.513381,2067.535474,0.022093,0x4052e4,1,32,12,20,4,100.000000,1,1,0.174795,1.200000,0.800000,cat,1,1,1,1,3514368,3604480,90112,4050984960,4051075072,90112,4050984960,4051075072,90112,-1,-1,-1
2000,4,500,3,16,16,2067.379992,2067.400520,0.020528,0x4052e4,1,48,21,27,6,100.000000,1,1,0.174795,1.200000,0.800000,cat,1,1,1,1,3424256,3514368,90112,4050894848,4050984960,90112,4050894848,4050984960,90112,-1,-1,-1
2000,4,500,4,16,16,2067.518151,2067.540286,0.022135,0x4052e4,1,26,0,26,40,100.000000,1,1,0.174795,1.200000,0.800000,cat,14,7ffe,1,1,3604480,3604480,0,72900608,72900608,0,72900608,72900608,0,-1,-1,-1
2000,4,500,5,16,16,2067.423544,2067.443547,0.020003,0x4052e4,1,22,0,22,10,100.000000,1,1,0.174795,1.200000,0.800000,cat,14,7ffe,1,1,3604480,3604480,0,72900608,72900608,0,72900608,72900608,0,-1,-1,-1
2000,4,500,6,16,16,2067.371127,2067.391640,0.020513,0x4052e4,1,39,0,39,44,100.000000,1,1,0.174795,1.200000,0.800000,cat,14,7ffe,1,1,3604480,3604480,0,72900608,72900608,0,72900608,72900608,0,-1,-1,-1
2000,4,500,7,16,16,2067.511748,2067.533896,0.022148,0x4052e4,1,56,0,56,46,100.000000,1,1,0.174795,1.200000,0.800000,cat,14,7ffe,1,1,3604480,3604480,0,72900608,72900608,0,72900608,72900608,0,-1,-1,-1
2000,4,500,8,16,16,2067.375303,2067.395349,0.020046,0x4052e4,1,40,0,40,48,100.000000,1,1,0.174795,1.200000,0.800000,cat,14,7ffe,1,1,3604480,3604480,0,72900608,72900608,0,72900608,72900608,0,-1,-1,-1
2000,4,500,9,16,16,2067.473882,2067.493926,0.020044,0x4052e4,1,33,0,33,18,100.000000,1,1,0.174795,1.200000,0.800000,cat,14,7ffe,1,1,3604480,3604480,0,72900608,72900608,0,72900608,72900608,0,-1,-1,-1
2000,4,500,10,16,16,2067.525746,2067.545922,0.020176,0x4052e4,1,21,0,21,52,100.000000,1,1,0.174795,1.200000,0.800000,cat,14,7ffe,1,1,3604480,3604480,0,72900608,72900608,0,72900608,72900608,0,-1,-1,-1
2000,4,500,11,16,16,2067.372311,2067.392307,0.019996,0x4052e4,1,26,0,26,54,100.000000,1,1,0.174795,1.200000,0.800000,cat,14,7ffe,1,1,3604480,3604480,0,72900608,72900608,0,72900608,72900608,0,-1,-1,-1
2000,4,500,12,16,16,2067.420326,2067.440428,0.020102,0x4052e4,1,126,65,61,56,100.000000,1,1,0.174795,1.200000,0.800000,cat,1,1,1,1,3424256,3514368,90112,4050894848,4050984960,90112,4050984960,4050984960,0,-1,-1,-1
2000,4,500,13,16,16,2067.424899,2067.445164,0.020265,0x4052e4,1,103,78,25,58,100.000000,1,1,0.174795,1.200000,0.800000,cat,1,1,1,1,3424256,3514368,90112,4050894848,4050984960,90112,4050984960,4050984960,0,-1,-1,-1
2000,4,500,14,16,16,2067.388780,2067.409345,0.020565,0x4052e4,1,178,113,65,28,100.000000,1,1,0.174795,1.200000,0.800000,cat,1,1,1,1,3424256,3514368,90112,4050894848,4050984960,90112,4050894848,4050984960,90112,-1,-1,-1
2000,4,500,15,16,16,2067.383008,2067.403328,0.020320,0x4052e4,1,83,48,35,62,100.000000,1,1,0.174795,1.200000,0.800000,cat,1,1,1,1,3424256,3514368,90112,4050894848,4050984960,90112,4050894848,4050984960,90112,-1,-1,-1
2001,5,500,0,16,16,2067.711500,2067.731864,0.020364,0x40533c,1,43,1,42,0,100.000000,1,1,0.172263,1.200000,0.800000,cat,1,1,1,1,3784704,3784704,0,4051165184,4051255296,90112,4051165184,4051255296,90112,-1,-1,-1
2001,5,500,1,16,16,2067.730432,2067.750390,0.019958,0x40533c,1,35,13,22,2,100.000000,1,1,0.172263,1.200000,0.800000,cat,1,1,1,1,3784704,3784704,0,4051165184,4051255296,90112,4051165184,4051255296,90112,-1,-1,-1
2001,5,500,2,16,16,2067.715742,2067.736092,0.020350,0x40533c,1,31,12,19,4,100.000000,1,1,0.172263,1.200000,0.800000,cat,1,1,1,1,3784704,3784704,0,4051165184,4051255296,90112,4051165184,4051255296,90112,-1,-1,-1
2001,5,500,3,16,16,2067.692561,2067.713113,0.020552,0x40533c,1,45,27,18,6,100.000000,1,1,0.172263,1.200000,0.800000,cat,1,1,1,1,3784704,3784704,0,4051165184,4051255296,90112,4051165184,4051255296,90112,-1,-1,-1
2001,5,500,4,16,16,2067.782093,2067.802134,0.020041,0x40533c,1,15,0,15,40,100.000000,1,1,0.172263,1.200000,0.800000,cat,14,7ffe,1,1,3604480,3604480,0,72900608,72900608,0,72900608,72900608,0,-1,-1,-1
2001,5,500,5,16,16,2067.770326,2067.790355,0.020029,0x40533c,1,45,5,40,10,100.000000,1,1,0.172263,1.200000,0.800000,cat,14,7ffe,1,1,3604480,3604480,0,72900608,72900608,0,72900608,72900608,0,-1,-1,-1
2001,5,500,6,16,16,2067.713840,2067.733950,0.020110,0x40533c,1,19,0,19,44,100.000000,1,1,0.172263,1.200000,0.800000,cat,14,7ffe,1,1,3604480,3604480,0,72900608,72900608,0,72900608,72900608,0,-1,-1,-1
2001,5,500,7,16,16,2067.810636,2067.831027,0.020391,0x40533c,1,41,5,36,46,100.000000,1,1,0.172263,1.200000,0.800000,cat,14,7ffe,1,1,3604480,3604480,0,72900608,72900608,0,72900608,72900608,0,-1,-1,-1
2001,5,500,8,16,16,2067.795801,2067.816175,0.020374,0x40533c,1,30,0,30,48,100.000000,1,1,0.172263,1.200000,0.800000,cat,14,7ffe,1,1,3604480,3604480,0,72900608,72900608,0,72900608,72900608,0,-1,-1,-1
2001,5,500,9,16,16,2067.830669,2067.850658,0.019989,0x40533c,1,26,0,26,18,100.000000,1,1,0.172263,1.200000,0.800000,cat,14,7ffe,1,1,3604480,3514368,-90112,72900608,72900608,0,72900608,72900608,0,-1,-1,-1
2001,5,500,10,16,16,2067.719790,2067.739730,0.019940,0x40533c,1,16,0,16,52,100.000000,1,1,0.172263,1.200000,0.800000,cat,14,7ffe,1,1,3604480,3604480,0,72900608,72900608,0,72900608,72900608,0,-1,-1,-1
2001,5,500,11,16,16,2067.844589,2067.864824,0.020235,0x40533c,1,28,0,28,54,100.000000,1,1,0.172263,1.200000,0.800000,cat,14,7ffe,1,1,3604480,3514368,-90112,72900608,72900608,0,72900608,72900608,0,-1,-1,-1
2001,5,500,12,16,16,2067.723627,2067.743663,0.020036,0x40533c,1,49,33,16,56,100.000000,1,1,0.172263,1.200000,0.800000,cat,1,1,1,1,3784704,3784704,0,4051165184,4051255296,90112,4051165184,4051255296,90112,-1,-1,-1
2001,5,500,13,16,16,2067.779663,2067.799852,0.020189,0x40533c,1,55,26,29,58,100.000000,1,1,0.172263,1.200000,0.800000,cat,1,1,1,1,3784704,3784704,0,4051255296,4051255296,0,4051255296,4051255296,0,-1,-1,-1
2001,5,500,14,16,16,2067.702099,2067.722271,0.020172,0x40533c,1,74,42,32,28,100.000000,1,1,0.172263,1.200000,0.800000,cat,1,1,1,1,3784704,3784704,0,4051165184,4051255296,90112,4051165184,4051255296,90112,-1,-1,-1
2001,5,500,15,16,16,2067.749437,2067.769492,0.020055,0x40533c,1,68,20,48,62,100.000000,1,1,0.172263,1.200000,0.800000,cat,1,1,1,1,3784704,3784704,0,4051165184,4051255296,90112,4051165184,4051255296,90112,-1,-1,-1
2398,2,600,0,16,16,2401.714672,2409.757274,1.211925,0x4051ce,1,11220,2608,8612,0,100.000000,1,1,8.112712,1.200000,0.800000,cat,1,1,1,1,3514368,3604480,0,4854153216,4855504896,630784,4854153216,4855504896,811008,-1,-1,-1
2398,2,600,1,16,16,2401.758214,2409.734338,1.186071,0x4051ce,1,13265,1348,11917,2,100.000000,1,1,8.112712,1.200000,0.800000,cat,1,1,1,1,3604480,3604480,0,4854153216,4855504896,630784,4854243328,4855504896,630784,-1,-1,-1
2398,2,600,2,16,16,2401.666316,2409.741086,1.185616,0x4051ce,1,13152,1666,11486,4,100.000000,1,1,8.112712,1.200000,0.800000,cat,1,1,1,1,3514368,3604480,0,4854063104,4855504896,630784,4854063104,4855504896,630784,-1,-1,-1
2398,2,600,3,16,16,2401.825855,2409.766374,1.183152,0x4051ce,1,12668,1379,11289,6,100.000000,1,1,8.112712,1.200000,0.800000,cat,1,1,1,1,3694592,3604480,0,4854243328,4855504896,630784,4854423552,4855504896,450560,-1,-1,-1
2398,2,600,4,16,16,2401.723165,2409.762355,1.198329,0x4051ce,1,12962,536,12426,40,100.000000,1,1,8.112712,1.200000,0.800000,cat,14,7ffe,1,1,3694592,3694592,360448,83533824,83533824,0,83533824,83533824,0,-1,-1,-1
2398,2,600,5,16,16,2401.676696,2409.738810,1.188649,0x4051ce,1,11439,330,11109,10,100.000000,1,1,8.112712,1.200000,0.800000,cat,14,7ffe,1,1,3694592,3694592,270336,83533824,83533824,0,83533824,83533824,0,-1,-1,-1
2398,2,600,6,16,16,2401.794334,2409.751387,1.181810,0x4051ce,1,12304,312,11992,44,100.000000,1,1,8.112712,1.200000,0.800000,cat,14,7ffe,1,1,3694592,3694592,90112,83533824,83533824,0,83533824,83533824,0,-1,-1,-1
2398,2,600,7,16,16,2401.740371,2409.746877,1.191902,0x4051ce,1,11942,242,11700,46,100.000000,1,1,8.112712,1.200000,0.800000,cat,14,7ffe,1,1,3694592,3694592,180224,83533824,83533824,0,83533824,83533824,0,-1,-1,-1
2398,2,600,8,16,16,2401.675699,2409.767395,1.184252,0x4051ce,1,12241,179,12062,48,100.000000,1,1,8.112712,1.200000,0.800000,cat,14,7ffe,1,1,3694592,3694592,360448,83533824,83533824,0,83533824,83533824,0,-1,-1,-1
2398,2,600,9,16,16,2401.665377,2409.761902,1.203054,0x4051ce,1,12235,161,12074,18,100.000000,1,1,8.112712,1.200000,0.800000,cat,14,7ffe,1,1,3694592,3694592,450560,83533824,83533824,0,83533824,83533824,0,-1,-1,-1
2398,2,600,10,16,16,2401.747520,2409.761086,1.189325,0x4051ce,1,11798,214,11584,52,100.000000,1,1,8.112712,1.200000,0.800000,cat,14,7ffe,1,1,3694592,3694592,540672,83533824,83533824,0,83533824,83533824,0,-1,-1,-1
2398,2,600,11,16,16,2401.808930,2409.699301,1.195320,0x4051ce,1,11864,148,11716,54,100.000000,1,1,8.112712,1.200000,0.800000,cat,14,7ffe,1,1,3694592,3784704,270336,83533824,83533824,0,83533824,83533824,0,-1,-1,-1
2398,2,600,12,16,16,2401.656629,2409.743100,1.195908,0x4051ce,1,12890,840,12050,56,100.000000,1,1,8.112712,1.200000,0.800000,cat,1,1,1,1,3514368,3604480,180224,4854063104,4855504896,450560,4854063104,4855504896,630784,-1,-1,-1
2398,2,600,13,16,16,2401.695581,2409.716786,1.181498,0x4051ce,1,13551,883,12668,58,100.000000,1,1,8.112712,1.200000,0.800000,cat,1,1,1,1,3514368,3604480,0,4854063104,4855504896,720896,4854153216,4855504896,811008,-1,-1,-1
2398,2,600,14,16,16,2401.692617,2409.769341,1.209285,0x4051ce,1,13624,1003,12621,28,100.000000,1,1,8.112712,1.200000,0.800000,cat,1,1,1,1,3514368,3604480,90112,4854063104,4855504896,901120,4854153216,4855504896,811008,-1,-1,-1
2398,2,600,15,16,16,2401.796389,2409.725306,1.189050,0x4051ce,1,7067,441,6626,62,100.000000,1,1,8.112712,1.200000,0.800000,cat,1,1,1,1,3784704,3604480,0,4854243328,4855504896,901120,4854243328,4855504896,901120,-1,-1,-1
2399,3,600,0,16,16,2410.003013,2410.045142,0.042129,0x405218,1,1361,701,660,0,100.000000,1,1,0.189915,1.200000,0.800000,cat,1,1,1,1,3694592,3604480,-90112,4855685120,4855775232,90112,4855685120,4855775232,90112,-1,-1,-1
2399,3,600,1,16,16,2409.979562,2410.014503,0.034941,0x405218,1,332,12,320,2,100.000000,1,1,0.189915,1.200000,0.800000,cat,1,1,1,1,3694592,3694592,0,4855685120,4855775232,90112,4855685120,4855775232,90112,-1,-1,-1
2399,3,600,2,16,16,2410.091339,2410.129576,0.038237,0x405218,1,565,12,553,4,100.000000,1,1,0.189915,1.200000,0.800000,cat,1,1,1,1,3694592,3604480,-90112,4855775232,4855775232,0,4855775232,4855775232,0,-1,-1,-1
2399,3,600,3,16,16,2409.995214,2410.030631,0.035417,0x405218,1,438,6,432,6,100.000000,1,1,0.189915,1.200000,0.800000,cat,1,1,1,1,3694592,3694592,0,4855685120,4855775232,90112,4855685120,4855775232,90112,-1,-1,-1
2399,3,600,4,16,16,2409.961630,2410.002693,0.041063,0x405218,1,301,0,301,40,100.000000,1,1,0.189915,1.200000,0.800000,cat,14,7ffe,1,1,3694592,3784704,90112,83533824,83533824,0,83533824,83533824,0,-1,-1,-1
2399,3,600,5,16,16,2410.054470,2410.092020,0.037550,0x405218,1,621,1,620,10,100.000000,1,1,0.189915,1.200000,0.800000,cat,14,7ffe,1,1,3694592,3784704,90112,83533824,83533824,0,83533824,83533824,0,-1,-1,-1
2399,3,600,6,16,16,2409.981094,2410.022223,0.041129,0x405218,1,348,0,348,44,100.000000,1,1,0.189915,1.200000,0.800000,cat,14,7ffe,1,1,3694592,3784704,90112,83533824,83533824,0,83533824,83533824,0,-1,-1,-1
2399,3,600,7,16,16,2410.023375,2410.065773,0.042398,0x405218,1,709,0,709,46,100.000000,1,1,0.189915,1.200000,0.800000,cat,14,7ffe,1,1,3694592,3784704,90112,83533824,83533824,0,83533824,83533824,0,-1,-1,-1
2399,3,600,8,16,16,2409.948507,2409.989801,0.041294,0x405218,1,527,0,527,48,100.000000,1,1,0.189915,1.200000,0.800000,cat,14,7ffe,1,1,3694592,3694592,0,83533824,83533824,0,83533824,83533824,0,-1,-1,-1
2399,3,600,9,16,16,2409.953857,2409.989408,0.035551,0x405218,1,505,2,503,18,100.000000,1,1,0.189915,1.200000,0.800000,cat,14,7ffe,1,1,3694592,3694592,0,83533824,83533824,0,83533824,83533824,0,-1,-1,-1
2399,3,600,10,16,16,2409.970649,2410.005606,0.034957,0x405218,1,352,0,352,52,100.000000,1,1,0.189915,1.200000,0.800000,cat,14,7ffe,1,1,3694592,3784704,90112,83533824,83533824,0,83533824,83533824,0,-1,-1,-1
2399,3,600,11,16,16,2410.093395,2410.138422,0.045027,0x405218,1,671,15,656,54,100.000000,1,1,0.189915,1.200000,0.800000,cat,14,7ffe,1,1,3784704,3784704,0,83533824,83533824,0,83533824,83533824,0,-1,-1,-1
2399,3,600,12,16,16,2409.957291,2409.998678,0.041387,0x405218,1,363,26,337,56,100.000000,1,1,0.189915,1.200000,0.800000,cat,1,1,1,1,3694592,3694592,0,4855685120,4855775232,90112,4855685120,4855775232,90112,-1,-1,-1
2399,3,600,13,16,16,2410.006436,2410.048623,0.042187,0x405218,1,589,36,553,58,100.000000,1,1,0.189915,1.200000,0.800000,cat,1,1,1,1,3694592,3604480,-90112,4855685120,4855775232,90112,4855685120,4855775232,90112,-1,-1,-1
2399,3,600,14,16,16,2410.016813,2410.059228,0.042415,0x405218,1,401,29,372,28,100.000000,1,1,0.189915,1.200000,0.800000,cat,1,1,1,1,3694592,3604480,-90112,4855685120,4855775232,90112,4855685120,4855775232,90112,-1,-1,-1
2399,3,600,15,16,16,2410.053201,2410.096434,0.043233,0x405218,1,406,27,379,62,100.000000,1,1,0.189915,1.200000,0.800000,cat,1,1,1,1,3694592,3604480,-90112,4855775232,4855775232,0,4855775232,4855775232,0,-1,-1,-1
2400,4,600,0,16,16,2410.379597,2410.406007,0.026410,0x4052e4,1,1645,696,949,0,100.000000,1,1,0.182454,1.200000,0.800000,cat,1,1,1,1,3874816,3964928,90112,4857397248,4857577472,180224,4857397248,4857577472,180224,-1,-1,-1
2400,4,600,1,16,16,2410.468169,2410.488169,0.020000,0x4052e4,1,95,50,45,2,100.000000,1,1,0.182454,1.200000,0.800000,cat,1,1,1,1,3964928,3874816,-90112,4857577472,4857577472,0,4857577472,4857577472,0,-1,-1,-1
2400,4,600,2,16,16,2410.528820,2410.548949,0.020129,0x4052e4,1,63,30,33,4,100.000000,1,1,0.182454,1.200000,0.800000,cat,1,1,1,1,3964928,3874816,-90112,4857577472,4857577472,0,4857577472,4857577472,0,-1,-1,-1
2400,4,600,3,16,16,2410.400765,2410.421195,0.020430,0x4052e4,1,61,27,34,6,100.000000,1,1,0.182454,1.200000,0.800000,cat,1,1,1,1,3874816,3964928,90112,4857397248,4857577472,180224,4857397248,4857577472,180224,-1,-1,-1
2400,4,600,4,16,16,2410.498393,2410.518656,0.020263,0x4052e4,1,42,2,40,40,100.000000,1,1,0.182454,1.200000,0.800000,cat,14,7ffe,1,1,3784704,3784704,0,83533824,83533824,0,83533824,83533824,0,-1,-1,-1
2400,4,600,5,16,16,2410.421812,2410.441956,0.020144,0x4052e4,1,25,0,25,10,100.000000,1,1,0.182454,1.200000,0.800000,cat,14,7ffe,1,1,3784704,3784704,0,83533824,83533824,0,83533824,83533824,0,-1,-1,-1
2400,4,600,6,16,16,2410.506063,2410.528300,0.022237,0x4052e4,1,23,0,23,44,100.000000,1,1,0.182454,1.200000,0.800000,cat,14,7ffe,1,1,3784704,3784704,0,83533824,83533824,0,83533824,83533824,0,-1,-1,-1
2400,4,600,7,16,16,2410.411419,2410.431501,0.020082,0x4052e4,1,33,0,33,46,100.000000,1,1,0.182454,1.200000,0.800000,cat,14,7ffe,1,1,3784704,3784704,0,83533824,83533824,0,83533824,83533824,0,-1,-1,-1
2400,4,600,8,16,16,2410.498790,2410.518892,0.020102,0x4052e4,1,90,0,90,48,100.000000,1,1,0.182454,1.200000,0.800000,cat,14,7ffe,1,1,3784704,3784704,0,83533824,83533824,0,83533824,83533824,0,-1,-1,-1
2400,4,600,9,16,16,2410.534233,2410.554401,0.020168,0x4052e4,1,118,13,105,18,100.000000,1,1,0.182454,1.200000,0.800000,cat,14,7ffe,1,1,3784704,3784704,0,83533824,83533824,0,83533824,83533824,0,-1,-1,-1
2400,4,600,10,16,16,2410.387420,2410.407702,0.020282,0x4052e4,1,33,0,33,52,100.000000,1,1,0.182454,1.200000,0.800000,cat,14,7ffe,1,1,3784704,3784704,0,83533824,83533824,0,83533824,83533824,0,-1,-1,-1
2400,4,600,11,16,16,2410.382721,2410.402682,0.019961,0x4052e4,1,79,0,79,54,100.000000,1,1,0.182454,1.200000,0.800000,cat,14,7ffe,1,1,3784704,3784704,0,83533824,83533824,0,83533824,83533824,0,-1,-1,-1
2400,4,600,12,16,16,2410.371947,2410.392918,0.020971,0x4052e4,1,105,63,42,56,100.000000,1,1,0.182454,1.200000,0.800000,cat,1,1,1,1,3784704,3964928,180224,4857397248,4857577472,180224,4857397248,4857577472,180224,-1,-1,-1
2400,4,600,13,16,16,2410.430799,2410.451378,0.020579,0x4052e4,1,91,53,38,58,100.000000,1,1,0.182454,1.200000,0.800000,cat,1,1,1,1,3964928,3874816,-90112,4857577472,4857577472,0,4857577472,4857577472,0,-1,-1,-1
2400,4,600,14,16,16,2410.516246,2410.539101,0.022855,0x4052e4,1,157,121,36,28,100.000000,1,1,0.182454,1.200000,0.800000,cat,1,1,1,1,3964928,3874816,-90112,4857577472,4857577472,0,4857577472,4857577472,0,-1,-1,-1
2400,4,600,15,16,16,2410.386825,2410.407628,0.020803,0x4052e4,1,146,80,66,62,100.000000,1,1,0.182454,1.200000,0.800000,cat,1,1,1,1,3874816,3964928,90112,4857397248,4857577472,180224,4857397248,4857577472,180224,-1,-1,-1
2401,5,600,0,16,16,2410.747580,2410.767827,0.020247,0x40533c,1,39,0,39,0,100.000000,1,1,0.150758,1.200000,0.800000,cat,1,1,1,1,3964928,3874816,-90112,4857757696,4857847808,90112,4857757696,4857847808,90112,-1,-1,-1
2401,5,600,1,16,16,2410.790315,2410.810526,0.020211,0x40533c,1,28,4,24,2,100.000000,1,1,0.150758,1.200000,0.800000,cat,1,1,1,1,3874816,3784704,-90112,4857757696,4857847808,90112,4857757696,4857847808,90112,-1,-1,-1
2401,5,600,2,16,16,2410.784792,2410.804918,0.020126,0x40533c,1,22,0,22,4,100.000000,1,1,0.150758,1.200000,0.800000,cat,1,1,1,1,3874816,3784704,-90112,4857757696,4857847808,90112,4857757696,4857847808,90112,-1,-1,-1
2401,5,600,3,16,16,2410.788412,2410.808691,0.020279,0x40533c,1,51,2,49,6,100.000000,1,1,0.150758,1.200000,0.800000,cat,1,1,1,1,3874816,3784704,-90112,4857757696,4857847808,90112,4857757696,4857847808,90112,-1,-1,-1
2401,5,600,4,16,16,2410.714278,2410.734299,0.020021,0x40533c,1,17,0,17,40,100.000000,1,1,0.150758,1.200000,0.800000,cat,14,7ffe,1,1,3784704,3784704,0,83533824,83533824,0,83533824,83533824,0,-1,-1,-1
2401,5,600,5,16,16,2410.750521,2410.770520,0.019999,0x40533c,1,34,0,34,10,100.000000,1,1,0.150758,1.200000,0.800000,cat,14,7ffe,1,1,3784704,3784704,0,83533824,83533824,0,83533824,83533824,0,-1,-1,-1
2401,5,600,6,16,16,2410.769392,2410.789448,0.020056,0x40533c,1,37,0,37,44,100.000000,1,1,0.150758,1.200000,0.800000,cat,14,7ffe,1,1,3784704,3784704,0,83533824,83533824,0,83533824,83533824,0,-1,-1,-1
2401,5,600,7,16,16,2410.743247,2410.763456,0.020209,0x40533c,1,46,0,46,46,100.000000,1,1,0.150758,1.200000,0.800000,cat,14,7ffe,1,1,3784704,3784704,0,83533824,83533824,0,83533824,83533824,0,-1,-1,-1
2401,5,600,8,16,16,2410.718659,2410.738667,0.020008,0x40533c,1,32,0,32,48,100.000000,1,1,0.150758,1.200000,0.800000,cat,14,7ffe,1,1,3784704,3784704,0,83533824,83533824,0,83533824,83533824,0,-1,-1,-1
2401,5,600,9,16,16,2410.764948,2410.784996,0.020048,0x40533c,1,32,0,32,18,100.000000,1,1,0.150758,1.200000,0.800000,cat,14,7ffe,1,1,3784704,3784704,0,83533824,83533824,0,83533824,83533824,0,-1,-1,-1
2401,5,600,10,16,16,2410.726981,2410.747176,0.020195,0x40533c,1,20,0,20,52,100.000000,1,1,0.150758,1.200000,0.800000,cat,14,7ffe,1,1,3784704,3784704,0,83533824,83533824,0,83533824,83533824,0,-1,-1,-1
2401,5,600,11,16,16,2410.768550,2410.788525,0.019975,0x40533c,1,45,0,45,54,100.000000,1,1,0.150758,1.200000,0.800000,cat,14,7ffe,1,1,3784704,3784704,0,83533824,83533824,0,83533824,83533824,0,-1,-1,-1
2401,5,600,12,16,16,2410.845073,2410.865036,0.019963,0x40533c,1,66,29,37,56,100.000000,1,1,0.150758,1.200000,0.800000,cat,1,1,1,1,3874816,3784704,-90112,4857757696,4857847808,90112,4857847808,4857847808,0,-1,-1,-1
2401,5,600,13,16,16,2410.727117,2410.747293,0.020176,0x40533c,1,31,8,23,58,100.000000,1,1,0.150758,1.200000,0.800000,cat,1,1,1,1,3964928,3874816,-90112,4857757696,4857757696,0,4857757696,4857847808,90112,-1,-1,-1
2401,5,600,14,16,16,2410.735142,2410.755114,0.019972,0x40533c,1,26,11,15,28,100.000000,1,1,0.150758,1.200000,0.800000,cat,1,1,1,1,3964928,3874816,-90112,4857757696,4857757696,0,4857757696,4857847808,90112,-1,-1,-1
2401,5,600,15,16,16,2410.723071,2410.743238,0.020167,0x40533c,1,56,17,39,62,100.000000,1,1,0.150758,1.200000,0.800000,cat,1,1,1,1,3964928,3874816,-90112,4857757696,4857757696,0,4857757696,4857847808,90112,-1,-1,-1
2798,2,700,0,16,16,2747.046220,2754.910553,1.214660,0x4051ce,1,11154,2440,8714,32,100.000000,1,1,7.988877,1.200000,0.800000,cat,1,1,1,1,3964928,3514368,0,5671829504,5673000960,630784,5671829504,5673000960,811008,-1,-1,-1
2798,2,700,1,16,16,2747.080095,2754.932284,1.193597,0x4051ce,1,13256,1608,11648,2,100.000000,1,1,7.988877,1.200000,0.800000,cat,1,1,1,1,3964928,3514368,0,5671829504,5673000960,901120,5671829504,5673000960,901120,-1,-1,-1
2798,2,700,2,16,16,2746.985982,2754.936558,1.201158,0x4051ce,1,13056,1733,11323,4,100.000000,1,1,7.988877,1.200000,0.800000,cat,1,1,1,1,3694592,3514368,180224,5671739392,5673000960,540672,5671829504,5673000960,360448,-1,-1,-1
2798,2,700,3,16,16,2747.096929,2754.938301,1.191068,0x4051ce,1,12753,1358,11395,6,100.000000,1,1,7.988877,1.200000,0.800000,cat,1,1,1,1,3874816,3514368,180224,5671829504,5673000960,540672,5671829504,5673000960,811008,-1,-1,-1
2798,2,700,4,16,16,2746.994017,2754.954323,1.175358,0x4051ce,1,12580,558,12022,40,100.000000,1,1,7.988877,1.200000,0.800000,cat,14,7ffe,1,1,3694592,3604480,180224,92094464,92094464,0,92094464,92094464,0,-1,-1,-1
2798,2,700,5,16,16,2746.983179,2754.941229,1.188236,0x4051ce,1,12108,320,11788,10,100.000000,1,1,7.988877,1.200000,0.800000,cat,14,7ffe,1,1,3694592,3604480,270336,92094464,92094464,0,92094464,92094464,0,-1,-1,-1
2798,2,700,6,16,16,2747.019631,2754.926559,1.204099,0x4051ce,1,12151,299,11852,44,100.000000,1,1,7.988877,1.200000,0.800000,cat,14,7ffe,1,1,3694592,3604480,0,92094464,92094464,0,92094464,92094464,0,-1,-1,-1
2798,2,700,7,16,16,2747.005570,2754.941032,1.198576,0x4051ce,1,12134,264,11870,46,100.000000,1,1,7.988877,1.200000,0.800000,cat,14,7ffe,1,1,3784704,3604480,270336,92094464,92094464,0,92094464,92094464,0,-1,-1,-1
2798,2,700,8,16,16,2747.068158,2754.949960,1.176529,0x4051ce,1,12042,226,11816,48,100.000000,1,1,7.988877,1.200000,0.800000,cat,14,7ffe,1,1,3694592,3604480,180224,92094464,92094464,0,92094464,92094464,0,-1,-1,-1
2798,2,700,9,16,16,2747.076530,2754.944971,1.195176,0x4051ce,1,12245,220,12025,18,100.000000,1,1,7.988877,1.200000,0.800000,cat,14,7ffe,1,1,3694592,3604480,0,92094464,92094464,0,92094464,92094464,0,-1,-1,-1
2798,2,700,10,16,16,2747.053713,2754.951509,1.201496,0x4051ce,1,11617,213,11404,52,100.000000,1,1,7.988877,1.200000,0.800000,cat,14,7ffe,1,1,3694592,3604480,180224,92094464,92094464,0,92094464,92094464,0,-1,-1,-1
2798,2,700,11,16,16,2746.965446,2754.875291,1.197330,0x4051ce,1,12162,140,12022,54,100.000000,1,1,7.988877,1.200000,0.800000,cat,14,7ffe,1,1,3694592,3694592,90112,92094464,92094464,0,92094464,92094464,0,-1,-1,-1
2798,2,700,12,16,16,2746.965485,2754.920601,1.184037,0x4051ce,1,12671,624,12047,56,100.000000,1,1,7.988877,1.200000,0.800000,cat,1,1,1,1,3784704,3514368,0,5671739392,5673000960,360448,5671739392,5673000960,450560,-1,-1,-1
2798,2,700,13,16,16,2746.969612,2754.931797,1.197296,0x4051ce,1,13461,1145,12316,58,100.000000,1,1,7.988877,1.200000,0.800000,cat,1,1,1,1,3694592,3514368,90112,5671739392,5673000960,270336,5671739392,5673000960,270336,-1,-1,-1
2798,2,700,14,16,16,2747.101609,2754.951064,1.201300,0x4051ce,1,13064,674,12390,28,100.000000,1,1,7.988877,1.200000,0.800000,cat,1,1,1,1,3874816,3514368,0,5671829504,5673000960,720896,5671829504,5673000960,811008,-1,-1,-1
2798,2,700,15,16,16,2746.979235,2754.938431,1.207684,0x4051ce,1,7270,602,6668,62,100.000000,1,1,7.988877,1.200000,0.800000,cat,1,1,1,1,3694592,3514368,0,5671739392,5673000960,360448,5671829504,5673000960,180224,-1,-1,-1
2799,3,700,0,16,16,2755.163895,2755.205361,0.041466,0x405218,1,1236,708,528,32,100.000000,1,1,0.177773,1.200000,0.800000,cat,1,1,1,1,3694592,3604480,-90112,5673091072,5673181184,90112,5673091072,5673181184,90112,-1,-1,-1
2799,3,700,1,16,16,2755.249498,2755.291230,0.041732,0x405218,1,587,18,569,2,100.000000,1,1,0.177773,1.200000,0.800000,cat,1,1,1,1,3694592,3604480,-90112,5673181184,5673181184,0,5673181184,5673181184,0,-1,-1,-1
2799,3,700,2,16,16,2755.170420,2755.206001,0.035581,0x405218,1,304,17,287,4,100.000000,1,1,0.177773,1.200000,0.800000,cat,1,1,1,1,3694592,3604480,-90112,5673091072,5673181184,90112,5673091072,5673181184,90112,-1,-1,-1
2799,3,700,3,16,16,2755.279874,2755.320976,0.041102,0x405218,1,598,26,572,6,100.000000,1,1,0.177773,1.200000,0.800000,cat,1,1,1,1,3604480,3604480,0,5673181184,5673181184,0,5673181184,5673181184,0,-1,-1,-1
2799,3,700,4,16,16,2755.158219,2755.199458,0.041239,0x405218,1,289,0,289,40,100.000000,1,1,0.177773,1.200000,0.800000,cat,14,7ffe,1,1,3604480,3604480,0,92094464,92094464,0,92094464,92094464,0,-1,-1,-1
2799,3,700,5,16,16,2755.194161,2755.234771,0.040610,0x405218,1,651,0,651,10,100.000000,1,1,0.177773,1.200000,0.800000,cat,14,7ffe,1,1,3604480,3694592,90112,92094464,92094464,0,92094464,92094464,0,-1,-1,-1
2799,3,700,6,16,16,2755.176411,2755.217141,0.040730,0x405218,1,342,0,342,44,100.000000,1,1,0.177773,1.200000,0.800000,cat,14,7ffe,1,1,3604480,3694592,90112,92094464,92094464,0,92094464,92094464,0,-1,-1,-1
2799,3,700,7,16,16,2755.222039,2755.256990,0.034951,0x405218,1,740,0,740,46,100.000000,1,1,0.177773,1.200000,0.800000,cat,14,7ffe,1,1,3604480,3694592,90112,92094464,92094464,0,92094464,92094464,0,-1,-1,-1
2799,3,700,8,16,16,2755.155370,2755.196878,0.041508,0x405218,1,535,1,534,48,100.000000,1,1,0.177773,1.200000,0.800000,cat,14,7ffe,1,1,3604480,3604480,0,92094464,92094464,0,92094464,92094464,0,-1,-1,-1
2799,3,700,9,16,16,2755.159993,2755.202234,0.042241,0x405218,1,346,1,345,18,100.000000,1,1,0.177773,1.200000,0.800000,cat,14,7ffe,1,1,3604480,3604480,0,92094464,92094464,0,92094464,92094464,0,-1,-1,-1
2799,3,700,10,16,16,2755.291300,2755.333143,0.041843,0x405218,1,605,0,605,52,100.000000,1,1,0.177773,1.200000,0.800000,cat,14,7ffe,1,1,3694592,3694592,0,92094464,92094464,0,92094464,92094464,0,-1,-1,-1
2799,3,700,11,16,16,2755.189796,2755.226512,0.036716,0x405218,1,484,18,466,54,100.000000,1,1,0.177773,1.200000,0.800000,cat,14,7ffe,1,1,3604480,3694592,90112,92094464,92094464,0,92094464,92094464,0,-1,-1,-1
2799,3,700,12,16,16,2755.197733,2755.238502,0.040769,0x405218,1,465,27,438,56,100.000000,1,1,0.177773,1.200000,0.800000,cat,1,1,1,1,3694592,3604480,-90112,5673091072,5673181184,90112,5673181184,5673181184,0,-1,-1,-1
2799,3,700,13,16,16,2755.195890,2755.237966,0.042076,0x405218,1,484,22,462,58,100.000000,1,1,0.177773,1.200000,0.800000,cat,1,1,1,1,3694592,3604480,-90112,5673091072,5673181184,90112,5673181184,5673181184,0,-1,-1,-1
2799,3,700,14,16,16,2755.228994,2755.270656,0.041662,0x405218,1,652,53,599,28,100.000000,1,1,0.177773,1.200000,0.800000,cat,1,1,1,1,3694592,3604480,-90112,5673181184,5673181184,0,5673181184,5673181184,0,-1,-1,-1
2799,3,700,15,16,16,2755.214204,2755.248455,0.034251,0x405218,1,279,40,239,62,100.000000,1,1,0.177773,1.200000,0.800000,cat,1,1,1,1,3694592,3604480,-90112,5673181184,5673181184,0,5673181184,5673181184,0,-1,-1,-1
2800,4,700,0,16,16,2755.587047,2755.613776,0.026729,0x4052e4,1,1752,804,948,32,100.000000,1,1,0.166299,1.200000,0.800000,cat,1,1,1,1,3514368,3514368,0,5675163648,5675433984,270336,5675163648,5675433984,270336,-1,-1,-1
2800,4,700,1,16,16,2755.583957,2755.602925,0.018968,0x4052e4,1,45,10,35,2,100.000000,1,1,0.166299,1.200000,0.800000,cat,1,1,1,1,3604480,3514368,-90112,5675163648,5675433984,270336,5675163648,5675433984,270336,-1,-1,-1
2800,4,700,2,16,16,2755.647006,2755.665987,0.018981,0x4052e4,1,59,15,44,4,100.000000,1,1,0.166299,1.200000,0.800000,cat,1,1,1,1,3514368,3514368,0,5675433984,5675433984,0,5675433984,5675433984,0,-1,-1,-1
2800,4,700,3,16,16,2755.567920,2755.586767,0.018847,0x4052e4,1,36,7,29,6,100.000000,1,1,0.166299,1.200000,0.800000,cat,1,1,1,1,3604480,3514368,-90112,5675163648,5675343872,180224,5675163648,5675433984,270336,-1,-1,-1
2800,4,700,4,16,16,2755.711013,2755.729685,0.018672,0x4052e4,1,36,0,36,40,100.000000,1,1,0.166299,1.200000,0.800000,cat,14,7ffe,1,1,3694592,3694592,0,92094464,92094464,0,92094464,92094464,0,-1,-1,-1
2800,4,700,5,16,16,2755.623454,2755.642250,0.018796,0x4052e4,1,35,0,35,10,100.000000,1,1,0.166299,1.200000,0.800000,cat,14,7ffe,1,1,3694592,3694592,0,92094464,92094464,0,92094464,92094464,0,-1,-1,-1
2800,4,700,6,16,16,2755.595404,2755.614143,0.018739,0x4052e4,1,30,0,30,44,100.000000,1,1,0.166299,1.200000,0.800000,cat,14,7ffe,1,1,3694592,3694592,0,92094464,92094464,0,92094464,92094464,0,-1,-1,-1
2800,4,700,7,16,16,2755.581890,2755.600621,0.018731,0x4052e4,1,79,5,74,46,100.000000,1,1,0.166299,1.200000,0.800000,cat,14,7ffe,1,1,3694592,3694592,0,92094464,92094464,0,92094464,92094464,0,-1,-1,-1
2800,4,700,8,16,16,2755.606134,2755.624859,0.018725,0x4052e4,1,88,0,88,48,100.000000,1,1,0.166299,1.200000,0.800000,cat,14,7ffe,1,1,3694592,3694592,0,92094464,92094464,0,92094464,92094464,0,-1,-1,-1
2800,4,700,9,16,16,2755.715527,2755.734219,0.018692,0x4052e4,1,73,0,73,18,100.000000,1,1,0.166299,1.200000,0.800000,cat,14,7ffe,1,1,3694592,3694592,0,92094464,92094464,0,92094464,92094464,0,-1,-1,-1
2800,4,700,10,16,16,2755.621427,2755.640459,0.019032,0x4052e4,1,34,1,33,52,100.000000,1,1,0.166299,1.200000,0.800000,cat,14,7ffe,1,1,3694592,3694592,0,92094464,92094464,0,92094464,92094464,0,-1,-1,-1
2800,4,700,11,16,16,2755.593479,2755.612099,0.018620,0x4052e4,1,33,0,33,54,100.000000,1,1,0.166299,1.200000,0.800000,cat,14,7ffe,1,1,3694592,3694592,0,92094464,92094464,0,92094464,92094464,0,-1,-1,-1
2800,4,700,12,16,16,2755.675441,2755.694441,0.019000,0x4052e4,1,117,70,47,56,100.000000,1,1,0.166299,1.200000,0.800000,cat,1,1,1,1,3514368,3514368,0,5675433984,5675433984,0,5675433984,5675433984,0,-1,-1,-1
2800,4,700,13,16,16,2755.648689,2755.668409,0.019720,0x4052e4,1,122,77,45,58,100.000000,1,1,0.166299,1.200000,0.800000,cat,1,1,1,1,3514368,3514368,0,5675343872,5675433984,90112,5675433984,5675433984,0,-1,-1,-1
2800,4,700,14,16,16,2755.700533,2755.719421,0.018888,0x4052e4,1,157,116,41,28,100.000000,1,1,0.166299,1.200000,0.800000,cat,1,1,1,1,3514368,3514368,0,5675433984,5675433984,0,5675433984,5675433984,0,-1,-1,-1
2800,4,700,15,16,16,2755.627298,2755.646427,0.019129,0x4052e4,1,200,104,96,62,100.000000,1,1,0.166299,1.200000,0.800000,cat,1,1,1,1,3514368,3514368,0,5675253760,5675433984,180224,5675343872,5675433984,90112,-1,-1,-1
2801,5,700,0,16,16,2755.876939,2755.895892,0.018953,0x40533c,1,40,2,38,32,100.000000,1,1,0.164165,1.200000,0.800000,cat,1,1,1,1,3604480,3604480,0,5675433984,5675433984,0,5675433984,5675433984,0,-1,-1,-1
2801,5,700,1,16,16,2755.961510,2755.980451,0.018941,0x40533c,1,52,33,19,2,100.000000,1,1,0.164165,1.200000,0.800000,cat,1,1,1,1,3604480,3604480,0,5675433984,5675433984,0,5675433984,5675433984,0,-1,-1,-1
2801,5,700,2,16,16,2755.938655,2755.957388,0.018733,0x40533c,1,14,3,11,4,100.000000,1,1,0.164165,1.200000,0.800000,cat,1,1,1,1,3604480,3604480,0,5675433984,5675433984,0,5675433984,5675433984,0,-1,-1,-1
2801,5,700,3,16,16,2755.876496,2755.895397,0.018901,0x40533c,1,61,18,43,6,100.000000,1,1,0.164165,1.200000,0.800000,cat,1,1,1,1,3604480,3604480,0,5675433984,5675433984,0,5675433984,5675433984,0,-1,-1,-1
2801,5,700,4,16,16,2755.907571,2755.926034,0.018463,0x40533c,1,16,0,16,40,100.000000,1,1,0.164165,1.200000,0.800000,cat,14,7ffe,1,1,3694592,3784704,90112,92094464,92094464,0,92094464,92094464,0,-1,-1,-1
2801,5,700,5,16,16,2756.007478,2756.026273,0.018795,0x40533c,1,21,0,21,10,100.000000,1,1,0.164165,1.200000,0.800000,cat,14,7ffe,1,1,3784704,3784704,0,92094464,92094464,0,92094464,92094464,0,-1,-1,-1
2801,5,700,6,16,16,2755.900336,2755.918971,0.018635,0x40533c,1,21,0,21,44,100.000000,1,1,0.164165,1.200000,0.800000,cat,14,7ffe,1,1,3694592,3784704,90112,92094464,92094464,0,92094464,92094464,0,-1,-1,-1
2801,5,700,7,16,16,2755.977415,2755.996081,0.018666,0x40533c,1,44,3,41,46,100.000000,1,1,0.164165,1.200000,0.800000,cat,14,7ffe,1,1,3694592,3784704,90112,92094464,92094464,0,92094464,92094464,0,-1,-1,-1
2801,5,700,8,16,16,2755.938819,2755.957467,0.018648,0x40533c,1,27,0,27,48,100.000000,1,1,0.164165,1.200000,0.800000,cat,14,7ffe,1,1,3694592,3784704,90112,92094464,92094464,0,92094464,92094464,0,-1,-1,-1
2801,5,700,9,16,16,2755.865455,2755.884142,0.018687,0x40533c,1,19,0,19,18,100.000000,1,1,0.164165,1.200000,0.800000,cat,14,7ffe,1,1,3694592,3694592,0,92094464,92094464,0,92094464,92094464,0,-1,-1,-1
2801,5,700,10,16,16,2755.886412,2755.904841,0.018429,0x40533c,1,20,0,20,52,100.000000,1,1,0.164165,1.200000,0.800000,cat,14,7ffe,1,1,3694592,3784704,90112,92094464,92094464,0,92094464,92094464,0,-1,-1,-1
2801,5,700,11,16,16,2755.862108,2755.880696,0.018588,0x40533c,1,37,0,37,54,100.000000,1,1,0.164165,1.200000,0.800000,cat,14,7ffe,1,1,3694592,3694592,0,92094464,92094464,0,92094464,92094464,0,-1,-1,-1
2801,5,700,12,16,16,2756.001386,2756.019918,0.018532,0x40533c,1,32,1,31,56,100.000000,1,1,0.164165,1.200000,0.800000,cat,1,1,1,1,3604480,3604480,0,5675433984,5675433984,0,5675433984,5675433984,0,-1,-1,-1
2801,5,700,13,16,16,2755.887419,2755.906113,0.018694,0x40533c,1,25,3,22,58,100.000000,1,1,0.164165,1.200000,0.800000,cat,1,1,1,1,3604480,3604480,0,5675433984,5675433984,0,5675433984,5675433984,0,-1,-1,-1
2801,5,700,14,16,16,2756.006310,2756.024812,0.018502,0x40533c,1,49,14,35,28,100.000000,1,1,0.164165,1.200000,0.800000,cat,1,1,1,1,3604480,3604480,0,5675433984,5675433984,0,5675433984,5675433984,0,-1,-1,-1
2801,5,700,15,16,16,2755.895856,2755.914558,0.018702,0x40533c,1,46,10,36,62,100.000000,1,1,0.164165,1.200000,0.800000,cat,1,1,1,1,3604480,3604480,0,5675433984,5675433984,0,5675433984,5675433984,0,-1,-1,-1
3198,2,800,0,16,16,3090.117154,3098.073633,1.238722,0x4051ce,1,11314,2493,8821,32,100.000000,1,1,8.104439,1.200000,0.800000,cat,1,1,1,1,3694592,3334144,90112,6500409344,6501400576,720896,6500679680,6501400576,540672,-1,-1,-1
3198,2,800,1,16,16,3090.063046,3098.051034,1.201849,0x4051ce,1,13134,1625,11509,2,100.000000,1,1,8.104439,1.200000,0.800000,cat,1,1,1,1,3694592,3334144,0,6500409344,6501400576,630784,6500409344,6501400576,720896,-1,-1,-1
3198,2,800,2,16,16,3090.036928,3098.063202,1.200060,0x4051ce,1,13142,1533,11609,36,100.000000,1,1,8.104439,1.200000,0.800000,cat,1,1,1,1,3784704,3334144,90112,6500229120,6501400576,901120,6500229120,6501400576,811008,-1,-1,-1
3198,2,800,3,16,16,3090.064006,3098.070345,1.186059,0x4051ce,1,12250,1484,10766,6,100.000000,1,1,8.104439,1.200000,0.800000,cat,1,1,1,1,3694592,3334144,90112,6500409344,6501400576,630784,6500409344,6501400576,720896,-1,-1,-1
3198,2,800,4,16,16,3090.073458,3098.078881,1.187930,0x4051ce,1,12625,537,12088,40,100.000000,1,1,8.104439,1.200000,0.800000,cat,14,7ffe,1,1,3694592,3514368,0,102727680,102998016,270336,102727680,102998016,270336,-1,-1,-1
3198,2,800,5,16,16,3089.997911,3098.076149,1.187124,0x4051ce,1,12325,312,12013,10,100.000000,1,1,8.104439,1.200000,0.800000,cat,14,7ffe,1,1,3694592,3514368,0,102727680,102998016,270336,102727680,102998016,270336,-1,-1,-1
3198,2,800,6,16,16,3090.035462,3098.067350,1.179175,0x4051ce,1,11826,228,11598,44,100.000000,1,1,8.104439,1.200000,0.800000,cat,14,7ffe,1,1,3694592,3514368,0,102727680,102998016,270336,102727680,102998016,270336,-1,-1,-1
3198,2,800,7,16,16,3090.006091,3098.090297,1.190081,0x4051ce,1,12013,192,11821,46,100.000000,1,1,8.104439,1.200000,0.800000,cat,14,7ffe,1,1,3694592,3514368,0,102727680,102998016,270336,102727680,102998016,270336,-1,-1,-1
3198,2,800,8,16,16,3090.082767,3098.086882,1.191936,0x4051ce,1,12400,216,12184,48,100.000000,1,1,8.104439,1.200000,0.800000,cat,14,7ffe,1,1,3604480,3514368,180224,102727680,102998016,270336,102727680,102998016,270336,-1,-1,-1
3198,2,800,9,16,16,3090.157443,3098.074842,1.190318,0x4051ce,1,11692,260,11432,18,100.000000,1,1,8.104439,1.200000,0.800000,cat,14,7ffe,1,1,3604480,3514368,180224,102727680,102998016,180224,102727680,102998016,180224,-1,-1,-1
3198,2,800,10,16,16,3089.996842,3098.086319,1.200890,0x4051ce,1,12095,151,11944,52,100.000000,1,1,8.104439,1.200000,0.800000,cat,14,7ffe,1,1,3694592,3514368,180224,102727680,102998016,180224,102727680,102998016,270336,-1,-1,-1
3198,2,800,11,16,16,3090.003692,3098.058005,1.202866,0x4051ce,1,11983,137,11846,54,100.000000,1,1,8.104439,1.200000,0.800000,cat,14,7ffe,1,1,3694592,3514368,180224,102727680,102998016,180224,102727680,102998016,270336,-1,-1,-1
3198,2,800,12,16,16,3089.985858,3098.026945,1.216679,0x4051ce,1,12931,764,12167,56,100.000000,1,1,8.104439,1.200000,0.800000,cat,1,1,1,1,3784704,3334144,0,6500229120,6501400576,720896,6500229120,6501400576,720896,-1,-1,-1
3198,2,800,13,16,16,3090.057824,3098.083052,1.181935,0x4051ce,1,13080,881,12199,58,100.000000,1,1,8.104439,1.200000,0.800000,cat,1,1,1,1,3694592,3334144,90112,6500319232,6501400576,540672,6500409344,6501400576,540672,-1,-1,-1
3198,2,800,14,16,16,3090.002183,3098.038544,1.196370,0x4051ce,1,13532,961,12571,28,100.000000,1,1,8.104439,1.200000,0.800000,cat,1,1,1,1,3784704,3334144,90112,6500229120,6501400576,811008,6500229120,6501400576,901120,-1,-1,-1
3198,2,800,15,16,16,3090.127044,3098.082096,1.175724,0x4051ce,1,7207,403,6804,62,100.000000,1,1,8.104439,1.200000,0.800000,cat,1,1,1,1,3604480,3334144,0,6500499456,6501400576,630784,6500769792,6501400576,450560,-1,-1,-1
3199,3,800,0,16,16,3098.293143,3098.335215,0.042072,0x405218,1,1362,712,650,32,100.000000,1,1,0.137222,1.200000,0.800000,cat,1,1,1,1,3514368,3424256,-90112,6501490688,6501580800,90112,6501490688,6501580800,90112,-1,-1,-1
3199,3,800,1,16,16,3098.286026,3098.333944,0.047918,0x405218,1,368,10,358,2,100.000000,1,1,0.137222,1.200000,0.800000,cat,1,1,1,1,3514368,3424256,-90112,6501490688,6501580800,90112,6501490688,6501580800,90112,-1,-1,-1
3199,3,800,2,16,16,3098.372990,3098.415241,0.042251,0x405218,1,613,12,601,36,100.000000,1,1,0.137222,1.200000,0.800000,cat,1,1,1,1,3514368,3514368,0,6501580800,6501580800,0,6501580800,6501580800,0,-1,-1,-1
3199,3,800,3,16,16,3098.294961,3098.335530,0.040569,0x405218,1,451,16,435,6,100.000000,1,1,0.137222,1.200000,0.800000,cat,1,1,1,1,3514368,3424256,-90112,6501490688,6501580800,90112,6501490688,6501580800,90112,-1,-1,-1
3199,3,800,4,16,16,3098.311245,3098.351768,0.040523,0x405218,1,282,0,282,40,100.000000,1,1,0.137222,1.200000,0.800000,cat,14,7ffe,1,1,3514368,3514368,0,102998016,102998016,0,102998016,102998016,0,-1,-1,-1
3199,3,800,5,16,16,3098.355557,3098.391213,0.035656,0x405218,1,602,0,602,10,100.000000,1,1,0.137222,1.200000,0.800000,cat,14,7ffe,1,1,3514368,3604480,90112,102998016,102998016,0,102998016,102998016,0,-1,-1,-1
3199,3,800,6,16,16,3098.344636,3098.385469,0.040833,0x405218,1,359,1,358,44,100.000000,1,1,0.137222,1.200000,0.800000,cat,14,7ffe,1,1,3514368,3604480,90112,102998016,102998016,0,102998016,102998016,0,-1,-1,-1
3199,3,800,7,16,16,3098.385213,3098.422456,0.037243,0x405218,1,708,2,706,46,100.000000,1,1,0.137222,1.200000,0.800000,cat,14,7ffe,1,1,3514368,3604480,90112,102998016,102998016,0,102998016,102998016,0,-1,-1,-1
3199,3,800,8,16,16,3098.340622,3098.374917,0.034295,0x405218,1,541,6,535,48,100.000000,1,1,0.137222,1.200000,0.800000,cat,14,7ffe,1,1,3514368,3604480,90112,102998016,102998016,0,102998016,102998016,0,-1,-1,-1
3199,3,800,9,16,16,3098.330651,3098.371870,0.041219,0x405218,1,454,1,453,18,100.000000,1,1,0.137222,1.200000,0.800000,cat,14,7ffe,1,1,3514368,3604480,90112,102998016,102998016,0,102998016,102998016,0,-1,-1,-1
3199,3,800,10,16,16,3098.288325,3098.324146,0.035821,0x405218,1,485,6,479,52,100.000000,1,1,0.137222,1.200000,0.800000,cat,14,7ffe,1,1,3514368,3514368,0,102998016,102998016,0,102998016,102998016,0,-1,-1,-1
3199,3,800,11,16,16,3098.298628,3098.339615,0.040987,0x405218,1,439,19,420,54,100.000000,1,1,0.137222,1.200000,0.800000,cat,14,7ffe,1,1,3514368,3514368,0,102998016,102998016,0,102998016,102998016,0,-1,-1,-1
3199,3,800,12,16,16,3098.379725,3098.423248,0.043523,0x405218,1,600,33,567,56,100.000000,1,1,0.137222,1.200000,0.800000,cat,1,1,1,1,3514368,3514368,0,6501580800,6501580800,0,6501580800,6501580800,0,-1,-1,-1
3199,3,800,13,16,16,3098.320526,3098.361935,0.041409,0x405218,1,500,25,475,58,100.000000,1,1,0.137222,1.200000,0.800000,cat,1,1,1,1,3514368,3424256,-90112,6501490688,6501580800,90112,6501490688,6501580800,90112,-1,-1,-1
3199,3,800,14,16,16,3098.326099,3098.366833,0.040734,0x405218,1,528,55,473,28,100.000000,1,1,0.137222,1.200000,0.800000,cat,1,1,1,1,3514368,3424256,-90112,6501490688,6501580800,90112,6501580800,6501580800,0,-1,-1,-1
3199,3,800,15,16,16,3098.343520,3098.377881,0.034361,0x405218,1,264,35,229,62,100.000000,1,1,0.137222,1.200000,0.800000,cat,1,1,1,1,3514368,3514368,0,6501580800,6501580800,0,6501580800,6501580800,0,-1,-1,-1
3200,4,800,0,16,16,3098.807461,3098.834169,0.026708,0x4052e4,1,1822,820,1002,32,100.000000,1,1,0.174739,1.200000,0.800000,cat,1,1,1,1,3784704,3964928,180224,6503202816,6503292928,90112,6503202816,6503292928,90112,-1,-1,-1
3200,4,800,1,16,16,3098.678503,3098.698674,0.020171,0x4052e4,1,48,7,41,2,100.000000,1,1,0.174739,1.200000,0.800000,cat,1,1,1,1,3334144,3424256,90112,6503112704,6503112704,0,6503112704,6503112704,0,-1,-1,-1
3200,4,800,2,16,16,3098.750031,3098.770359,0.020328,0x4052e4,1,60,19,41,36,100.000000,1,1,0.174739,1.200000,0.800000,cat,1,1,1,1,3424256,3784704,360448,6503112704,6503202816,90112,6503112704,6503292928,180224,-1,-1,-1
3200,4,800,3,16,16,3098.787927,3098.808268,0.020341,0x4052e4,1,43,22,21,6,100.000000,1,1,0.174739,1.200000,0.800000,cat,1,1,1,1,3694592,3874816,180224,6503112704,6503292928,180224,6503202816,6503292928,90112,-1,-1,-1
3200,4,800,4,16,16,3098.818262,3098.838336,0.020074,0x4052e4,1,46,0,46,40,100.000000,1,1,0.174739,1.200000,0.800000,cat,14,7ffe,1,1,3604480,3604480,0,102998016,102998016,0,102998016,102998016,0,-1,-1,-1
3200,4,800,5,16,16,3098.828432,3098.848572,0.020140,0x4052e4,1,76,0,76,10,100.000000,1,1,0.174739,1.200000,0.800000,cat,14,7ffe,1,1,3604480,3604480,0,102998016,102998016,0,102998016,102998016,0,-1,-1,-1
3200,4,800,6,16,16,3098.797457,3098.817652,0.020195,0x4052e4,1,25,0,25,44,100.000000,1,1,0.174739,1.200000,0.800000,cat,14,7ffe,1,1,3604480,3604480,0,102998016,102998016,0,102998016,102998016,0,-1,-1,-1
3200,4,800,7,16,16,3098.727873,3098.748067,0.020194,0x4052e4,1,44,1,43,46,100.000000,1,1,0.174739,1.200000,0.800000,cat,14,7ffe,1,1,3604480,3604480,0,102998016,102998016,0,102998016,102998016,0,-1,-1,-1
3200,4,800,8,16,16,3098.682891,3098.702974,0.020083,0x4052e4,1,46,0,46,48,100.000000,1,1,0.174739,1.200000,0.800000,cat,14,7ffe,1,1,3604480,3604480,0,102998016,102998016,0,102998016,102998016,0,-1,-1,-1
3200,4,800,9,16,16,3098.775484,3098.795511,0.020027,0x4052e4,1,64,0,64,18,100.000000,1,1,0.174739,1.200000,0.800000,cat,14,7ffe,1,1,3604480,3604480,0,102998016,102998016,0,102998016,102998016,0,-1,-1,-1
3200,4,800,10,16,16,3098.692703,3098.712718,0.020015,0x4052e4,1,27,0,27,52,100.000000,1,1,0.174739,1.200000,0.800000,cat,14,7ffe,1,1,3604480,3604480,0,102998016,102998016,0,102998016,102998016,0,-1,-1,-1
3200,4,800,11,16,16,3098.676628,3098.696792,0.020164,0x4052e4,1,38,0,38,54,100.000000,1,1,0.174739,1.200000,0.800000,cat,14,7ffe,1,1,3604480,3604480,0,102998016,102998016,0,102998016,102998016,0,-1,-1,-1
3200,4,800,12,16,16,3098.712154,3098.732659,0.020505,0x4052e4,1,76,49,27,56,100.000000,1,1,0.174739,1.200000,0.800000,cat,1,1,1,1,3334144,3784704,450560,6503112704,6503202816,90112,6503112704,6503202816,90112,-1,-1,-1
3200,4,800,13,16,16,3098.830483,3098.851367,0.020884,0x4052e4,1,99,58,41,58,100.000000,1,1,0.174739,1.200000,0.800000,cat,1,1,1,1,3784704,3964928,180224,6503202816,6503292928,90112,6503202816,6503292928,90112,-1,-1,-1
3200,4,800,14,16,16,3098.736612,3098.757028,0.020416,0x4052e4,1,181,136,45,28,100.000000,1,1,0.174739,1.200000,0.800000,cat,1,1,1,1,3334144,3784704,450560,6503112704,6503202816,90112,6503112704,6503202816,90112,-1,-1,-1
3200,4,800,15,16,16,3098.696925,3098.717380,0.020455,0x4052e4,1,86,52,34,62,100.000000,1,1,0.174739,1.200000,0.800000,cat,1,1,1,1,3334144,3694592,360448,6503112704,6503112704,0,6503112704,6503202816,90112,-1,-1,-1
3201,5,800,0,16,16,3098.988582,3099.009108,0.020526,0x40533c,1,44,0,44,32,100.000000,1,1,0.174388,1.200000,0.800000,cat,1,1,1,1,3964928,3964928,0,6503292928,6503292928,0,6503292928,6503292928,0,-1,-1,-1
3201,5,800,1,16,16,3099.109237,3099.129927,0.020690,0x40533c,1,42,19,23,2,100.000000,1,1,0.174388,1.200000,0.800000,cat,1,1,1,1,3964928,3964928,0,6503383040,6503383040,0,6503383040,6503383040,0,-1,-1,-1
3201,5,800,2,16,16,3099.101648,3099.121879,0.020231,0x40533c,1,35,18,17,36,100.000000,1,1,0.174388,1.200000,0.800000,cat,1,1,1,1,3964928,3964928,0,6503292928,6503383040,90112,6503383040,6503383040,0,-1,-1,-1
3201,5,800,3,16,16,3098.986164,3099.006830,0.020666,0x40533c,1,44,15,29,6,100.000000,1,1,0.174388,1.200000,0.800000,cat,1,1,1,1,3964928,3964928,0,6503292928,6503292928,0,6503292928,6503292928,0,-1,-1,-1
3201,5,800,4,16,16,3099.131248,3099.151372,0.020124,0x40533c,1,36,0,36,40,100.000000,1,1,0.174388,1.200000,0.800000,cat,14,7ffe,1,1,3604480,3604480,0,102998016,102998016,0,102998016,102998016,0,-1,-1,-1
3201,5,800,5,16,16,3099.127299,3099.147397,0.020098,0x40533c,1,17,0,17,10,100.000000,1,1,0.174388,1.200000,0.800000,cat,14,7ffe,1,1,3604480,3604480,0,102998016,102998016,0,102998016,102998016,0,-1,-1,-1
3201,5,800,6,16,16,3099.007718,3099.027909,0.020191,0x40533c,1,35,0,35,44,100.000000,1,1,0.174388,1.200000,0.800000,cat,14,7ffe,1,1,3604480,3604480,0,102998016,102998016,0,102998016,102998016,0,-1,-1,-1
3201,5,800,7,16,16,3098.999364,3099.019582,0.020218,0x40533c,1,42,0,42,46,100.000000,1,1,0.174388,1.200000,0.800000,cat,14,7ffe,1,1,3604480,3604480,0,102998016,102998016,0,102998016,102998016,0,-1,-1,-1
3201,5,800,8,16,16,3099.027637,3099.047678,0.020041,0x40533c,1,23,0,23,48,100.000000,1,1,0.174388,1.200000,0.800000,cat,14,7ffe,1,1,3604480,3604480,0,102998016,102998016,0,102998016,102998016,0,-1,-1,-1
3201,5,800,9,16,16,3099.031657,3099.051725,0.020068,0x40533c,1,24,0,24,18,100.000000,1,1,0.174388,1.200000,0.800000,cat,14,7ffe,1,1,3604480,3604480,0,102998016,102998016,0,102998016,102998016,0,-1,-1,-1
3201,5,800,10,16,16,3099.077149,3099.097473,0.020324,0x40533c,1,47,1,46,52,100.000000,1,1,0.174388,1.200000,0.800000,cat,14,7ffe,1,1,3604480,3604480,0,102998016,102998016,0,102998016,102998016,0,-1,-1,-1
3201,5,800,11,16,16,3099.064547,3099.084564,0.020017,0x40533c,1,18,0,18,54,100.000000,1,1,0.174388,1.200000,0.800000,cat,14,7ffe,1,1,3604480,3604480,0,102998016,102998016,0,102998016,102998016,0,-1,-1,-1
3201,5,800,12,16,16,3098.994857,3099.015348,0.020491,0x40533c,1,67,32,35,56,100.000000,1,1,0.174388,1.200000,0.800000,cat,1,1,1,1,3964928,3964928,0,6503292928,6503292928,0,6503292928,6503292928,0,-1,-1,-1
3201,5,800,13,16,16,3099.010801,3099.030695,0.019894,0x40533c,1,70,14,56,58,100.000000,1,1,0.174388,1.200000,0.800000,cat,1,1,1,1,3964928,3964928,0,6503292928,6503383040,90112,6503292928,6503383040,90112,-1,-1,-1
3201,5,800,14,16,16,3099.140497,3099.160552,0.020055,0x40533c,1,87,55,32,28,100.000000,1,1,0.174388,1.200000,0.800000,cat,1,1,1,1,3964928,3964928,0,6503383040,6503383040,0,6503383040,6503383040,0,-1,-1,-1
3201,5,800,15,16,16,3099.139741,3099.159922,0.020181,0x40533c,1,44,29,15,62,100.000000,1,1,0.174388,1.200000,0.800000,cat,1,1,1,1,3964928,3964928,0,6503383040,6503383040,0,6503383040,6503383040,0,-1,-1,-1
3598,2,900,0,16,16,3430.472609,3438.482190,1.223681,0x4051ce,1,11345,2440,8905,32,100.000000,1,1,8.066812,1.200000,0.800000,cat,1,1,1,1,3514368,3424256,90112,7326285824,7327367168,901120,7326375936,7327367168,720896,-1,-1,-1
3598,2,900,1,16,16,3430.486311,3438.503554,1.198185,0x4051ce,1,13057,1624,11433,34,100.000000,1,1,8.066812,1.200000,0.800000,cat,1,1,1,1,3604480,3334144,0,7326375936,7327367168,811008,7326466048,7327367168,630784,-1,-1,-1
3598,2,900,2,16,16,3430.468793,3438.528371,1.207498,0x4051ce,1,13421,1458,11963,36,100.000000,1,1,8.066812,1.200000,0.800000,cat,1,1,1,1,3604480,3334144,0,7326285824,7327367168,720896,7326375936,7327367168,720896,-1,-1,-1
3598,2,900,3,16,16,3430.482858,3438.505101,1.197051,0x4051ce,1,12616,1601,11015,6,100.000000,1,1,8.066812,1.200000,0.800000,cat,1,1,1,1,3604480,3334144,0,7326375936,7327367168,901120,7326556160,7327367168,720896,-1,-1,-1
3598,2,900,4,16,16,3430.529093,3438.516427,1.192133,0x4051ce,1,12696,457,12239,40,100.000000,1,1,8.066812,1.200000,0.800000,cat,14,7ffe,1,1,3694592,3694592,270336,112730112,112730112,0,112730112,112730112,0,-1,-1,-1
3598,2,900,5,16,16,3430.496185,3438.526559,1.181015,0x4051ce,1,12091,347,11744,10,100.000000,1,1,8.066812,1.200000,0.800000,cat,14,7ffe,1,1,3784704,3694592,270336,112730112,112730112,0,112730112,112730112,0,-1,-1,-1
3598,2,900,6,16,16,3430.512198,3438.531307,1.180934,0x4051ce,1,11928,325,11603,44,100.000000,1,1,8.066812,1.200000,0.800000,cat,14,7ffe,1,1,3784704,3694592,0,112730112,112730112,0,112730112,112730112,0,-1,-1,-1
3598,2,900,7,16,16,3430.515598,3438.523587,1.188539,0x4051ce,1,12150,272,11878,46,100.000000,1,1,8.066812,1.200000,0.800000,cat,14,7ffe,1,1,3784704,3694592,90112,112730112,112730112,0,112730112,112730112,0,-1,-1,-1
3598,2,900,8,16,16,3430.507583,3438.522206,1.189393,0x4051ce,1,11980,228,11752,16,100.000000,1,1,8.066812,1.200000,0.800000,cat,14,7ffe,1,1,3784704,3694592,360448,112730112,112730112,0,112730112,112730112,0,-1,-1,-1
3598,2,900,9,16,16,3430.510545,3438.513487,1.175991,0x4051ce,1,12119,237,11882,18,100.000000,1,1,8.066812,1.200000,0.800000,cat,14,7ffe,1,1,3784704,3694592,0,112730112,112730112,0,112730112,112730112,0,-1,-1,-1
3598,2,900,10,16,16,3430.491524,3438.505142,1.190522,0x4051ce,1,11689,172,11517,52,100.000000,1,1,8.066812,1.200000,0.800000,cat,14,7ffe,1,1,3784704,3784704,0,112730112,112730112,0,112730112,112730112,0,-1,-1,-1
3598,2,900,11,16,16,3430.476850,3438.516343,1.192441,0x4051ce,1,12155,177,11978,54,100.000000,1,1,8.066812,1.200000,0.800000,cat,14,7ffe,1,1,3784704,3694592,270336,112730112,112730112,0,112730112,112730112,0,-1,-1,-1
3598,2,900,12,16,16,3430.503210,3438.514337,1.183070,0x4051ce,1,12586,748,11838,56,100.000000,1,1,8.066812,1.200000,0.800000,cat,1,1,1,1,3784704,3334144,90112,7326556160,7327367168,630784,7326646272,7327367168,630784,-1,-1,-1
3598,2,900,13,16,16,3430.518698,3438.468396,1.189360,0x4051ce,1,13595,1114,12481,58,100.000000,1,1,8.066812,1.200000,0.800000,cat,1,1,1,1,3874816,3424256,90112,7326736384,7327367168,450560,7326916608,7327367168,270336,-1,-1,-1
3598,2,900,14,16,16,3430.480590,3438.535605,1.206770,0x4051ce,1,13386,876,12510,28,100.000000,1,1,8.066812,1.200000,0.800000,cat,1,1,1,1,3604480,3334144,0,7326285824,7327367168,811008,7326375936,7327367168,720896,-1,-1,-1
3598,2,900,15,16,16,3430.481104,3438.514771,1.211345,0x4051ce,1,6972,653,6319,62,100.000000,1,1,8.066812,1.200000,0.800000,cat,1,1,1,1,3604480,3334144,-90112,7326285824,7327367168,991232,7326375936,7327367168,811008,-1,-1,-1
3599,3,900,0,16,16,3438.749994,3438.790578,0.040584,0x405218,1,1282,721,561,32,100.000000,1,1,0.126726,1.200000,0.800000,cat,1,1,1,1,3424256,3424256,0,7327457280,7327637504,180224,7327457280,7327637504,180224,-1,-1,-1
3599,3,900,1,16,16,3438.809876,3438.845502,0.035626,0x405218,1,667,17,650,34,100.000000,1,1,0.126726,1.200000,0.800000,cat,1,1,1,1,3424256,3514368,90112,7327547392,7327637504,90112,7327547392,7327637504,90112,-1,-1,-1
3599,3,900,2,16,16,3438.760155,3438.795495,0.035340,0x405218,1,481,11,470,36,100.000000,1,1,0.126726,1.200000,0.800000,cat,1,1,1,1,3424256,3514368,90112,7327457280,7327637504,180224,7327457280,7327637504,180224,-1,-1,-1
3599,3,900,3,16,16,3438.778253,3438.813571,0.035318,0x405218,1,310,15,295,6,100.000000,1,1,0.126726,1.200000,0.800000,cat,1,1,1,1,3424256,3514368,90112,7327457280,7327637504,180224,7327457280,7327637504,180224,-1,-1,-1
3599,3,900,4,16,16,3438.834689,3438.876503,0.041814,0x405218,1,543,0,543,40,100.000000,1,1,0.126726,1.200000,0.800000,cat,14,7ffe,1,1,3784704,3784704,0,112730112,112730112,0,112730112,112730112,0,-1,-1,-1
3599,3,900,5,16,16,3438.830320,3438.865803,0.035483,0x405218,1,488,0,488,10,100.000000,1,1,0.126726,1.200000,0.800000,cat,14,7ffe,1,1,3784704,3784704,0,112730112,112730112,0,112730112,112730112,0,-1,-1,-1
3599,3,900,6,16,16,3438.814960,3438.849544,0.034584,0x405218,1,454,0,454,44,100.000000,1,1,0.126726,1.200000,0.800000,cat,14,7ffe,1,1,3784704,3784704,0,112730112,112730112,0,112730112,112730112,0,-1,-1,-1
3599,3,900,7,16,16,3438.763898,3438.805841,0.041943,0x405218,1,550,2,548,46,100.000000,1,1,0.126726,1.200000,0.800000,cat,14,7ffe,1,1,3694592,3784704,90112,112730112,112730112,0,112730112,112730112,0,-1,-1,-1
3599,3,900,8,16,16,3438.750413,3438.791465,0.041052,0x405218,1,287,1,286,16,100.000000,1,1,0.126726,1.200000,0.800000,cat,14,7ffe,1,1,3694592,3784704,90112,112730112,112730112,0,112730112,112730112,0,-1,-1,-1
3599,3,900,9,16,16,3438.787004,3438.827810,0.040806,0x405218,1,417,1,416,18,100.000000,1,1,0.126726,1.200000,0.800000,cat,14,7ffe,1,1,3694592,3784704,90112,112730112,112730112,0,112730112,112730112,0,-1,-1,-1
3599,3,900,10,16,16,3438.834888,3438.876720,0.041832,0x405218,1,621,2,619,52,100.000000,1,1,0.126726,1.200000,0.800000,cat,14,7ffe,1,1,3784704,3784704,0,112730112,112730112,0,112730112,112730112,0,-1,-1,-1
3599,3,900,11,16,16,3438.782469,3438.822914,0.040445,0x405218,1,540,13,527,54,100.000000,1,1,0.126726,1.200000,0.800000,cat,14,7ffe,1,1,3694592,3784704,90112,112730112,112730112,0,112730112,112730112,0,-1,-1,-1
3599,3,900,12,16,16,3438.789731,3438.831196,0.041465,0x405218,1,463,23,440,56,100.000000,1,1,0.126726,1.200000,0.800000,cat,1,1,1,1,3424256,3514368,90112,7327457280,7327637504,180224,7327547392,7327637504,90112,-1,-1,-1
3599,3,900,13,16,16,3438.817645,3438.859114,0.041469,0x405218,1,529,54,475,58,100.000000,1,1,0.126726,1.200000,0.800000,cat,1,1,1,1,3424256,3514368,90112,7327547392,7327637504,90112,7327547392,7327637504,90112,-1,-1,-1
3599,3,900,14,16,16,3438.768132,3438.803364,0.035232,0x405218,1,349,30,319,28,100.000000,1,1,0.126726,1.200000,0.800000,cat,1,1,1,1,3424256,3514368,90112,7327457280,7327637504,180224,7327457280,7327637504,180224,-1,-1,-1
3599,3,900,15,16,16,3438.803709,3438.844733,0.041024,0x405218,1,374,47,327,62,100.000000,1,1,0.126726,1.200000,0.800000,cat,1,1,1,1,3424256,3514368,90112,7327547392,7327637504,90112,7327547392,7327637504,90112,-1,-1,-1
3600,4,900,0,16,16,3439.264422,3439.290161,0.025739,0x4052e4,1,1783,790,993,32,100.000000,1,1,0.157943,1.200000,0.800000,cat,1,1,1,1,3244032,3334144,90112,7329259520,7329439744,180224,7329259520,7329439744,180224,-1,-1,-1
3600,4,900,1,16,16,3439.140866,3439.160014,0.019148,0x4052e4,1,37,12,25,34,100.000000,1,1,0.157943,1.200000,0.800000,cat,1,1,1,1,3244032,3244032,0,7328989184,7329169408,180224,7328989184,7329169408,180224,-1,-1,-1
3600,4,900,2,16,16,3439.209896,3439.228468,0.018572,0x4052e4,1,47,7,40,36,100.000000,1,1,0.157943,1.200000,0.800000,cat,1,1,1,1,3244032,3244032,0,7329079296,7329349632,270336,7329169408,7329439744,270336,-1,-1,-1
3600,4,900,3,16,16,3439.264952,3439.283685,0.018733,0x4052e4,1,38,14,24,6,100.000000,1,1,0.157943,1.200000,0.800000,cat,1,1,1,1,3244032,3244032,0,7329259520,7329439744,180224,7329259520,7329439744,180224,-1,-1,-1
3600,4,900,4,16,16,3439.271573,3439.290214,0.018641,0x4052e4,1,29,0,29,40,100.000000,1,1,0.157943,1.200000,0.800000,cat,14,7ffe,1,1,3874816,3874816,0,112730112,112730112,0,112730112,112820224,90112,-1,-1,-1
3600,4,900,5,16,16,3439.177941,3439.196408,0.018467,0x4052e4,1,29,0,29,10,100.000000,1,1,0.157943,1.200000,0.800000,cat,14,7ffe,1,1,3784704,3874816,90112,112730112,112730112,0,112730112,112730112,0,-1,-1,-1
3600,4,900,6,16,16,3439.163664,3439.182332,0.018668,0x4052e4,1,26,0,26,44,100.000000,1,1,0.157943,1.200000,0.800000,cat,14,7ffe,1,1,3784704,3874816,90112,112730112,112730112,0,112730112,112730112,0,-1,-1,-1
3600,4,900,7,16,16,3439.134445,3439.153276,0.018831,0x4052e4,1,59,9,50,46,100.000000,1,1,0.157943,1.200000,0.800000,cat,14,7ffe,1,1,3784704,3874816,90112,112730112,112730112,0,112730112,112730112,0,-1,-1,-1
3600,4,900,8,16,16,3439.202482,3439.221257,0.018775,0x4052e4,1,51,0,51,16,100.000000,1,1,0.157943,1.200000,0.800000,cat,14,7ffe,1,1,3874816,3784704,-90112,112730112,112730112,0,112730112,112730112,0,-1,-1,-1
3600,4,900,9,16,16,3439.249144,3439.267942,0.018798,0x4052e4,1,35,0,35,18,100.000000,1,1,0.157943,1.200000,0.800000,cat,14,7ffe,1,1,3874816,3784704,-90112,112730112,112730112,0,112730112,112730112,0,-1,-1,-1
3600,4,900,10,16,16,3439.182326,3439.200974,0.018648,0x4052e4,1,47,1,46,52,100.000000,1,1,0.157943,1.200000,0.800000,cat,14,7ffe,1,1,3784704,3874816,90112,112730112,112730112,0,112730112,112730112,0,-1,-1,-1
3600,4,900,11,16,16,3439.138295,3439.157030,0.018735,0x4052e4,1,34,0,34,54,100.000000,1,1,0.157943,1.200000,0.800000,cat,14,7ffe,1,1,3784704,3874816,90112,112730112,112730112,0,112730112,112730112,0,-1,-1,-1
3600,4,900,12,16,16,3439.132271,3439.151139,0.018868,0x4052e4,1,79,47,32,56,100.000000,1,1,0.157943,1.200000,0.800000,cat,1,1,1,1,3244032,3244032,0,7328989184,7329259520,270336,7328989184,7329259520,270336,-1,-1,-1
3600,4,900,13,16,16,3439.170940,3439.189828,0.018888,0x4052e4,1,106,54,52,58,100.000000,1,1,0.157943,1.200000,0.800000,cat,1,1,1,1,3244032,3244032,0,7328989184,7329259520,270336,7328989184,7329259520,270336,-1,-1,-1
3600,4,900,14,16,16,3439.181903,3439.200801,0.018898,0x4052e4,1,129,91,38,28,100.000000,1,1,0.157943,1.200000,0.800000,cat,1,1,1,1,3244032,3244032,0,7328989184,7329349632,360448,7329079296,7329439744,360448,-1,-1,-1
3600,4,900,15,16,16,3439.152448,3439.172187,0.019739,0x4052e4,1,85,51,34,62,100.000000,1,1,0.157943,1.200000,0.800000,cat,1,1,1,1,3244032,3244032,0,7328989184,7329259520,270336,7328989184,7329259520,270336,-1,-1,-1
3601,5,900,0,16,16,3439.419077,3439.437931,0.018854,0x40533c,1,37,0,37,32,100.000000,1,1,0.180162,1.200000,0.800000,cat,1,1,1,1,3334144,3424256,90112,7329439744,7329439744,0,7329439744,7329439744,0,-1,-1,-1
3601,5,900,1,16,16,3439.454511,3439.473023,0.018512,0x40533c,1,42,14,28,34,100.000000,1,1,0.180162,1.200000,0.800000,cat,1,1,1,1,3424256,3424256,0,7329439744,7329439744,0,7329439744,7329439744,0,-1,-1,-1
3601,5,900,2,16,16,3439.535249,3439.555365,0.020116,0x40533c,1,53,15,38,36,100.000000,1,1,0.180162,1.200000,0.800000,cat,1,1,1,1,3424256,3424256,0,7329439744,7329439744,0,7329439744,7329439744,0,-1,-1,-1
3601,5,900,3,16,16,3439.438429,3439.457209,0.018780,0x40533c,1,67,24,43,6,100.000000,1,1,0.180162,1.200000,0.800000,cat,1,1,1,1,3334144,3424256,90112,7329439744,7329439744,0,7329439744,7329439744,0,-1,-1,-1
3601,5,900,4,16,16,3439.409255,3439.428112,0.018857,0x40533c,1,28,1,27,40,100.000000,1,1,0.180162,1.200000,0.800000,cat,14,7ffe,1,1,3874816,3874816,0,112820224,112820224,0,112820224,112820224,0,-1,-1,-1
3601,5,900,5,16,16,3439.497193,3439.517574,0.020381,0x40533c,1,54,1,53,10,100.000000,1,1,0.180162,1.200000,0.800000,cat,14,7ffe,1,1,3874816,3874816,0,112820224,112820224,0,112820224,112820224,0,-1,-1,-1
3601,5,900,6,16,16,3439.474228,3439.493551,0.019323,0x40533c,1,23,0,23,44,100.000000,1,1,0.180162,1.200000,0.800000,cat,14,7ffe,1,1,3874816,3874816,0,112820224,112820224,0,112820224,112820224,0,-1,-1,-1
3601,5,900,7,16,16,3439.444327,3439.462986,0.018659,0x40533c,1,62,0,62,46,100.000000,1,1,0.180162,1.200000,0.800000,cat,14,7ffe,1,1,3874816,3874816,0,112820224,112820224,0,112820224,112820224,0,-1,-1,-1
3601,5,900,8,16,16,3439.564914,3439.585075,0.020161,0x40533c,1,19,0,19,16,100.000000,1,1,0.180162,1.200000,0.800000,cat,14,7ffe,1,1,3874816,3874816,0,112820224,112820224,0,112820224,112820224,0,-1,-1,-1
3601,5,900,9,16,16,3439.503461,3439.526232,0.022771,0x40533c,1,17,0,17,18,100.000000,1,1,0.180162,1.200000,0.800000,cat,14,7ffe,1,1,3874816,3874816,0,112820224,112820224,0,112820224,112820224,0,-1,-1,-1
3601,5,900,10,16,16,3439.547482,3439.567496,0.020014,0x40533c,1,27,0,27,52,100.000000,1,1,0.180162,1.200000,0.800000,cat,14,7ffe,1,1,3874816,3874816,0,112820224,112820224,0,112820224,112820224,0,-1,-1,-1
3601,5,900,11,16,16,3439.456337,3439.474997,0.018660,0x40533c,1,21,0,21,54,100.000000,1,1,0.180162,1.200000,0.800000,cat,14,7ffe,1,1,3874816,3874816,0,112820224,112820224,0,112820224,112820224,0,-1,-1,-1
3601,5,900,12,16,16,3439.414426,3439.433170,0.018744,0x40533c,1,48,29,19,56,100.000000,1,1,0.180162,1.200000,0.800000,cat,1,1,1,1,3334144,3424256,90112,7329439744,7329439744,0,7329439744,7329439744,0,-1,-1,-1
3601,5,900,13,16,16,3439.544946,3439.565254,0.020308,0x40533c,1,44,18,26,58,100.000000,1,1,0.180162,1.200000,0.800000,cat,1,1,1,1,3424256,3424256,0,7329439744,7329439744,0,7329439744,7329439744,0,-1,-1,-1
3601,5,900,14,16,16,3439.430370,3439.449015,0.018645,0x40533c,1,43,25,18,28,100.000000,1,1,0.180162,1.200000,0.800000,cat,1,1,1,1,3334144,3424256,90112,7329439744,7329439744,0,7329439744,7329439744,0,-1,-1,-1
3601,5,900,15,16,16,3439.568882,3439.589417,0.020535,0x40533c,1,66,31,35,62,100.000000,1,1,0.180162,1.200000,0.800000,cat,1,1,1,1,3424256,3424256,0,7329439744,7329439744,0,7329439744,7329439744,0,-1,-1,-1
3998,2,1000,0,16,16,3772.544704,3780.479001,1.225901,0x4051ce,1,11467,2573,8894,32,100.000000,1,1,8.111375,1.200000,0.800000,cat,1,1,1,1,3694592,3514368,180224,8146845696,8147656704,540672,8146845696,8147656704,720896,-1,-1,-1
3998,2,1000,1,16,16,3772.406584,3780.509900,1.176665,0x4051ce,1,13367,1748,11619,34,100.000000,1,1,8.111375,1.200000,0.800000,cat,1,1,1,1,3604480,3514368,0,8146575360,8147656704,450560,8146575360,8147656704,540672,-1,-1,-1
3998,2,1000,2,16,16,3772.562309,3780.493109,1.203837,0x4051ce,1,13381,1386,11995,36,100.000000,1,1,8.111375,1.200000,0.800000,cat,1,1,1,1,3694592,3514368,0,8146845696,8147656704,720896,8146845696,8147656704,720896,-1,-1,-1
3998,2,1000,3,16,16,3772.570379,3780.466714,1.218757,0x4051ce,1,12629,1651,10978,6,100.000000,1,1,8.111375,1.200000,0.800000,cat,1,1,1,1,3694592,3514368,90112,8146845696,8147656704,630784,8146845696,8147656704,540672,-1,-1,-1
3998,2,1000,4,16,16,3772.400202,3780.490146,1.180291,0x4051ce,1,12161,480,11681,40,100.000000,1,1,8.111375,1.200000,0.800000,cat,14,7ffe,1,1,3784704,3694592,180224,123363328,123453440,90112,123363328,123453440,90112,-1,-1,-1
3998,2,1000,5,16,16,3772.429994,3780.493012,1.172089,0x4051ce,1,12626,335,12291,10,100.000000,1,1,8.111375,1.200000,0.800000,cat,14,7ffe,1,1,3784704,3694592,90112,123363328,123453440,90112,123363328,123453440,90112,-1,-1,-1
3998,2,1000,6,16,16,3772.535159,3780.490759,1.179896,0x4051ce,1,11950,289,11661,44,100.000000,1,1,8.111375,1.200000,0.800000,cat,14,7ffe,1,1,3784704,3694592,0,123363328,123453440,90112,123363328,123453440,90112,-1,-1,-1
3998,2,1000,7,16,16,3772.414961,3780.499017,1.184556,0x4051ce,1,12108,142,11966,46,100.000000,1,1,8.111375,1.200000,0.800000,cat,14,7ffe,1,1,3784704,3694592,180224,123363328,123453440,90112,123363328,123453440,90112,-1,-1,-1
3998,2,1000,8,16,16,3772.466476,3780.511577,1.166430,0x4051ce,1,11787,215,11572,16,100.000000,1,1,8.111375,1.200000,0.800000,cat,14,7ffe,1,1,3874816,3694592,0,123363328,123453440,90112,123363328,123453440,90112,-1,-1,-1
3998,2,1000,9,16,16,3772.457628,3780.487138,1.180881,0x4051ce,1,11840,209,11631,18,100.000000,1,1,8.111375,1.200000,0.800000,cat,14,7ffe,1,1,3874816,3694592,180224,123363328,123453440,90112,123363328,123453440,90112,-1,-1,-1
3998,2,1000,10,16,16,3772.417938,3780.504108,1.201095,0x4051ce,1,12126,121,12005,52,100.000000,1,1,8.111375,1.200000,0.800000,cat,14,7ffe,1,1,3784704,3694592,180224,123363328,123453440,90112,123363328,123453440,90112,-1,-1,-1
3998,2,1000,11,16,16,3772.441002,3780.495166,1.195627,0x4051ce,1,11945,176,11769,54,100.000000,1,1,8.111375,1.200000,0.800000,cat,14,7ffe,1,1,3784704,3694592,90112,123363328,123453440,90112,123363328,123453440,90112,-1,-1,-1
3998,2,1000,12,16,16,3772.492660,3780.510093,1.183881,0x4051ce,1,12465,660,11805,56,100.000000,1,1,8.111375,1.200000,0.800000,cat,1,1,1,1,3604480,3514368,90112,8146845696,8147656704,360448,8146845696,8147656704,360448,-1,-1,-1
3998,2,1000,13,16,16,3772.518663,3780.500396,1.208456,0x4051ce,1,13458,1070,12388,58,100.000000,1,1,8.111375,1.200000,0.800000,cat,1,1,1,1,3694592,3514368,0,8146845696,8147656704,360448,8146845696,8147656704,540672,-1,-1,-1
3998,2,1000,14,16,16,3772.437623,3780.484508,1.213921,0x4051ce,1,13466,800,12666,28,100.000000,1,1,8.111375,1.200000,0.800000,cat,1,1,1,1,3514368,3514368,90112,8146575360,8147656704,270336,8146575360,8147656704,360448,-1,-1,-1
3998,2,1000,15,16,16,3772.446369,3780.510820,1.183456,0x4051ce,1,7309,629,6680,62,100.000000,1,1,8.111375,1.200000,0.800000,cat,1,1,1,1,3514368,3514368,180224,8146575360,8147656704,450560,8146665472,8147656704,450560,-1,-1,-1
3999,3,1000,0,16,16,3780.739800,3780.782639,0.042839,0x405218,1,1388,731,657,32,100.000000,1,1,0.169787,1.200000,0.800000,cat,1,1,1,1,3604480,3514368,-90112,8147746816,8147836928,90112,8147746816,8147836928,90112,-1,-1,-1
3999,3,1000,1,16,16,3780.759663,3780.801057,0.041394,0x405218,1,537,28,509,34,100.000000,1,1,0.169787,1.200000,0.800000,cat,1,1,1,1,3604480,3514368,-90112,8147746816,8147836928,90112,8147746816,8147836928,90112,-1,-1,-1
3999,3,1000,2,16,16,3780.754727,3780.795729,0.041002,0x405218,1,346,19,327,36,100.000000,1,1,0.169787,1.200000,0.800000,cat,1,1,1,1,3604480,3514368,-90112,8147746816,8147836928,90112,8147746816,8147836928,90112,-1,-1,-1
3999,3,1000,3,16,16,3780.795158,3780.831536,0.036378,0x405218,1,605,13,592,6,100.000000,1,1,0.169787,1.200000,0.800000,cat,1,1,1,1,3514368,3514368,0,8147836928,8147836928,0,8147836928,8147836928,0,-1,-1,-1
3999,3,1000,4,16,16,3780.718967,3780.760111,0.041144,0x405218,1,286,0,286,40,100.000000,1,1,0.169787,1.200000,0.800000,cat,14,7ffe,1,1,3694592,3694592,0,123453440,123453440,0,123453440,123453440,0,-1,-1,-1
3999,3,1000,5,16,16,3780.810302,3780.851765,0.041463,0x405218,1,581,1,580,10,100.000000,1,1,0.169787,1.200000,0.800000,cat,14,7ffe,1,1,3694592,3694592,0,123453440,123453440,0,123453440,123453440,0,-1,-1,-1
3999,3,1000,6,16,16,3780.786664,3780.827781,0.041117,0x405218,1,477,0,477,44,100.000000,1,1,0.169787,1.200000,0.800000,cat,14,7ffe,1,1,3694592,3694592,0,123453440,123453440,0,123453440,123453440,0,-1,-1,-1
3999,3,1000,7,16,16,3780.766429,3780.807059,0.040630,0x405218,1,511,3,508,46,100.000000,1,1,0.169787,1.200000,0.800000,cat,14,7ffe,1,1,3694592,3694592,0,123453440,123453440,0,123453440,123453440,0,-1,-1,-1
3999,3,1000,8,16,16,3780.709932,3780.750674,0.040742,0x405218,1,305,0,305,16,100.000000,1,1,0.169787,1.200000,0.800000,cat,14,7ffe,1,1,3694592,3604480,-90112,123453440,123453440,0,123453440,123453440,0,-1,-1,-1
3999,3,1000,9,16,16,3780.837947,3780.879719,0.041772,0x405218,1,540,1,539,18,100.000000,1,1,0.169787,1.200000,0.800000,cat,14,7ffe,1,1,3694592,3694592,0,123453440,123453440,0,123453440,123453440,0,-1,-1,-1
3999,3,1000,10,16,16,3780.749289,3780.784583,0.035294,0x405218,1,360,2,358,52,100.000000,1,1,0.169787,1.200000,0.800000,cat,14,7ffe,1,1,3694592,3694592,0,123453440,123453440,0,123453440,123453440,0,-1,-1,-1
3999,3,1000,11,16,16,3780.786504,3780.826698,0.040194,0x405218,1,494,18,476,54,100.000000,1,1,0.169787,1.200000,0.800000,cat,14,7ffe,1,1,3694592,3694592,0,123453440,123453440,0,123453440,123453440,0,-1,-1,-1
3999,3,1000,12,16,16,3780.824471,3780.865361,0.040890,0x405218,1,593,29,564,56,100.000000,1,1,0.169787,1.200000,0.800000,cat,1,1,1,1,3514368,3514368,0,8147836928,8147836928,0,8147836928,8147836928,0,-1,-1,-1
3999,3,1000,13,16,16,3780.739078,3780.781021,0.041943,0x405218,1,438,19,419,58,100.000000,1,1,0.169787,1.200000,0.800000,cat,1,1,1,1,3604480,3514368,-90112,8147746816,8147836928,90112,8147746816,8147836928,90112,-1,-1,-1
3999,3,1000,14,16,16,3780.724797,3780.766323,0.041526,0x405218,1,518,10,508,28,100.000000,1,1,0.169787,1.200000,0.800000,cat,1,1,1,1,3604480,3514368,-90112,8147746816,8147836928,90112,8147746816,8147836928,90112,-1,-1,-1
3999,3,1000,15,16,16,3780.742561,3780.783305,0.040744,0x405218,1,250,37,213,62,100.000000,1,1,0.169787,1.200000,0.800000,cat,1,1,1,1,3604480,3514368,-90112,8147746816,8147836928,90112,8147746816,8147836928,90112,-1,-1,-1
4000,4,1000,0,16,16,3781.218460,3781.244909,0.026449,0x4052e4,1,1696,800,896,32,100.000000,1,1,0.148476,1.200000,0.800000,cat,1,1,1,1,3514368,3784704,270336,8149639168,8149639168,0,8149639168,8149639168,0,-1,-1,-1
4000,4,1000,1,16,16,3781.253549,3781.272304,0.018755,0x4052e4,1,101,51,50,34,100.000000,1,1,0.148476,1.200000,0.800000,cat,1,1,1,1,3604480,3784704,180224,8149639168,8149639168,0,8149639168,8149639168,0,-1,-1,-1
4000,4,1000,2,16,16,3781.171201,3781.190019,0.018818,0x4052e4,1,38,7,31,36,100.000000,1,1,0.148476,1.200000,0.800000,cat,1,1,1,1,3424256,3604480,180224,8149458944,8149639168,180224,8149639168,8149639168,0,-1,-1,-1
4000,4,1000,3,16,16,3781.138087,3781.157320,0.019233,0x4052e4,1,33,11,22,6,100.000000,1,1,0.148476,1.200000,0.800000,cat,1,1,1,1,3424256,3604480,180224,8149458944,8149639168,180224,8149458944,8149639168,180224,-1,-1,-1
4000,4,1000,4,16,16,3781.192925,3781.211808,0.018883,0x4052e4,1,36,0,36,40,100.000000,1,1,0.148476,1.200000,0.800000,cat,14,7ffe,1,1,3694592,3694592,0,123453440,123453440,0,123453440,123453440,0,-1,-1,-1
4000,4,1000,5,16,16,3781.204895,3781.223848,0.018953,0x4052e4,1,47,0,47,10,100.000000,1,1,0.148476,1.200000,0.800000,cat,14,7ffe,1,1,3694592,3694592,0,123453440,123453440,0,123453440,123453440,0,-1,-1,-1
4000,4,1000,6,16,16,3781.153422,3781.172197,0.018775,0x4052e4,1,43,0,43,44,100.000000,1,1,0.148476,1.200000,0.800000,cat,14,7ffe,1,1,3694592,3694592,0,123453440,123453440,0,123453440,123453440,0,-1,-1,-1
4000,4,1000,7,16,16,3781.132049,3781.150888,0.018839,0x4052e4,1,27,0,27,46,100.000000,1,1,0.148476,1.200000,0.800000,cat,14,7ffe,1,1,3694592,3694592,0,123453440,123453440,0,123453440,123453440,0,-1,-1,-1
4000,4,1000,8,16,16,3781.136035,3781.154736,0.018701,0x4052e4,1,22,0,22,16,100.000000,1,1,0.148476,1.200000,0.800000,cat,14,7ffe,1,1,3694592,3694592,0,123453440,123453440,0,123453440,123453440,0,-1,-1,-1
4000,4,1000,9,16,16,3781.181532,3781.200104,0.018572,0x4052e4,1,26,0,26,18,100.000000,1,1,0.148476,1.200000,0.800000,cat,14,7ffe,1,1,3694592,3694592,0,123453440,123453440,0,123453440,123453440,0,-1,-1,-1
4000,4,1000,10,16,16,3781.213226,3781.232025,0.018799,0x4052e4,1,56,6,50,52,100.000000,1,1,0.148476,1.200000,0.800000,cat,14,7ffe,1,1,3694592,3694592,0,123453440,123453440,0,123453440,123453440,0,-1,-1,-1
4000,4,1000,11,16,16,3781.236415,3781.255332,0.018917,0x4052e4,1,26,0,26,54,100.000000,1,1,0.148476,1.200000,0.800000,cat,14,7ffe,1,1,3694592,3694592,0,123453440,123453440,0,123453440,123453440,0,-1,-1,-1
4000,4,1000,12,16,16,3781.181963,3781.200624,0.018661,0x4052e4,1,82,54,28,56,100.000000,1,1,0.148476,1.200000,0.800000,cat,1,1,1,1,3424256,3604480,180224,8149458944,8149639168,180224,8149639168,8149639168,0,-1,-1,-1
4000,4,1000,13,16,16,3781.123828,3781.142969,0.019141,0x4052e4,1,75,36,39,58,100.000000,1,1,0.148476,1.200000,0.800000,cat,1,1,1,1,3424256,3514368,90112,8149458944,8149639168,180224,8149458944,8149639168,180224,-1,-1,-1
4000,4,1000,14,16,16,3781.192017,3781.210684,0.018667,0x4052e4,1,121,82,39,28,100.000000,1,1,0.148476,1.200000,0.800000,cat,1,1,1,1,3424256,3604480,180224,8149549056,8149639168,90112,8149639168,8149639168,0,-1,-1,-1
4000,4,1000,15,16,16,3781.156123,3781.175087,0.018964,0x4052e4,1,125,60,65,62,100.000000,1,1,0.148476,1.200000,0.800000,cat,1,1,1,1,3424256,3604480,180224,8149458944,8149639168,180224,8149549056,8149639168,90112,-1,-1,-1
4001,5,1000,0,16,16,3781.442572,3781.461435,0.018863,0x40533c,1,34,0,34,32,100.000000,1,1,0.145957,1.200000,0.800000,cat,1,1,1,1,3784704,3784704,0,8149819392,8149819392,0,8149819392,8149999616,180224,-1,-1,-1
4001,5,1000,1,16,16,3781.466726,3781.485403,0.018677,0x40533c,1,41,4,37,34,100.000000,1,1,0.145957,1.200000,0.800000,cat,1,1,1,1,3784704,3784704,0,8149819392,8149909504,90112,8149819392,8149999616,180224,-1,-1,-1
4001,5,1000,2,16,16,3781.444095,3781.463010,0.018915,0x40533c,1,44,14,30,36,100.000000,1,1,0.145957,1.200000,0.800000,cat,1,1,1,1,3784704,3784704,0,8149819392,8149819392,0,8149819392,8149909504,90112,-1,-1,-1
4001,5,1000,3,16,16,3781.409437,3781.428495,0.019058,0x40533c,1,47,25,22,6,100.000000,1,1,0.145957,1.200000,0.800000,cat,1,1,1,1,3784704,3784704,0,8149819392,8149819392,0,8149819392,8149819392,0,-1,-1,-1
4001,5,1000,4,16,16,3781.516892,3781.537579,0.020687,0x40533c,1,51,5,46,40,100.000000,1,1,0.145957,1.200000,0.800000,cat,14,7ffe,1,1,3694592,3694592,0,123453440,123453440,0,123453440,123453440,0,-1,-1,-1
4001,5,1000,5,16,16,3781.494061,3781.512835,0.018774,0x40533c,1,40,0,40,10,100.000000,1,1,0.145957,1.200000,0.800000,cat,14,7ffe,1,1,3694592,3694592,0,123453440,123453440,0,123453440,123453440,0,-1,-1,-1
4001,5,1000,6,16,16,3781.487861,3781.506457,0.018596,0x40533c,1,33,0,33,44,100.000000,1,1,0.145957,1.200000,0.800000,cat,14,7ffe,1,1,3694592,3694592,0,123453440,123453440,0,123453440,123453440,0,-1,-1,-1
4001,5,1000,7,16,16,3781.483116,3781.501789,0.018673,0x40533c,1,20,0,20,46,100.000000,1,1,0.145957,1.200000,0.800000,cat,14,7ffe,1,1,3694592,3694592,0,123453440,123453440,0,123453440,123453440,0,-1,-1,-1
4001,5,1000,8,16,16,3781.421446,3781.440256,0.018810,0x40533c,1,48,0,48,16,100.000000,1,1,0.145957,1.200000,0.800000,cat,14,7ffe,1,1,3694592,3694592,0,123453440,123453440,0,123453440,123453440,0,-1,-1,-1
4001,5,1000,9,16,16,3781.460865,3781.479440,0.018575,0x40533c,1,27,1,26,18,100.000000,1,1,0.145957,1.200000,0.800000,cat,14,7ffe,1,1,3694592,3694592,0,123453440,123453440,0,123453440,123453440,0,-1,-1,-1
4001,5,1000,10,16,16,3781.410207,3781.428846,0.018639,0x40533c,1,20,0,20,52,100.000000,1,1,0.145957,1.200000,0.800000,cat,14,7ffe,1,1,3694592,3694592,0,123453440,123453440,0,123453440,123453440,0,-1,-1,-1
4001,5,1000,11,16,16,3781.473183,3781.491853,0.018670,0x40533c,1,38,0,38,54,100.000000,1,1,0.145957,1.200000,0.800000,cat,14,7ffe,1,1,3694592,3694592,0,123453440,123453440,0,123453440,123453440,0,-1,-1,-1
4001,5,1000,12,16,16,3781.449723,3781.468437,0.018714,0x40533c,1,84,44,40,56,100.000000,1,1,0.145957,1.200000,0.800000,cat,1,1,1,1,3784704,3784704,0,8149819392,8149909504,90112,8149819392,8149999616,180224,-1,-1,-1
4001,5,1000,13,16,16,3781.412867,3781.431765,0.018898,0x40533c,1,38,18,20,58,100.000000,1,1,0.145957,1.200000,0.800000,cat,1,1,1,1,3784704,3784704,0,8149819392,8149819392,0,8149819392,8149909504,90112,-1,-1,-1
4001,5,1000,14,16,16,3781.536758,3781.555394,0.018636,0x40533c,1,53,32,21,28,100.000000,1,1,0.145957,1.200000,0.800000,cat,1,1,1,1,3784704,3784704,0,8149819392,8149999616,180224,8149819392,8149999616,180224,-1,-1,-1
4001,5,1000,15,16,16,3781.429873,3781.448575,0.018702,0x40533c,1,52,16,36,62,100.000000,1,1,0.145957,1.200000,0.800000,cat,1,1,1,1,3784704,3784704,0,8149819392,8149819392,0,8149819392,8149819392,0,-1,-1,-1
4398,2,1100,0,16,16,4114.094870,4122.184286,1.211737,0x4051ce,1,11526,2442,9084,32,100.000000,1,1,8.179311,1.200000,0.800000,cat,1,1,1,1,3694592,3874816,180224,8973172736,8973893632,360448,8973172736,8973893632,360448,-1,-1,-1
4398,2,1100,1,16,16,4114.067591,4122.185364,1.197501,0x4051ce,1,12988,1636,11352,34,100.000000,1,1,8.179311,1.200000,0.800000,cat,1,1,1,1,3604480,3874816,90112,8973082624,8973893632,450560,8973082624,8973893632,540672,-1,-1,-1
4398,2,1100,2,16,16,4114.041565,4122.186749,1.226697,0x4051ce,1,13101,1520,11581,36,100.000000,1,1,8.179311,1.200000,0.800000,cat,1,1,1,1,3514368,3874816,360448,8972902400,8973893632,630784,8972902400,8973893632,630784,-1,-1,-1
4398,2,1100,3,16,16,4114.029483,4122.191186,1.201654,0x4051ce,1,12602,1608,10994,6,100.000000,1,1,8.179311,1.200000,0.800000,cat,1,1,1,1,3514368,3874816,360448,8972902400,8973893632,630784,8972902400,8973893632,630784,-1,-1,-1
4398,2,1100,4,16,16,4114.151955,4122.172540,1.204973,0x4051ce,1,12986,467,12519,40,100.000000,1,1,8.179311,1.200000,0.800000,cat,14,7ffe,1,1,3964928,3694592,180224,133185536,133275648,90112,133185536,133275648,90112,-1,-1,-1
4398,2,1100,5,16,16,4114.081377,4122.169817,1.186057,0x4051ce,1,11944,309,11635,10,100.000000,1,1,8.179311,1.200000,0.800000,cat,14,7ffe,1,1,3964928,3784704,360448,133095424,133275648,180224,133095424,133275648,180224,-1,-1,-1
4398,2,1100,6,16,16,4114.028069,4122.185827,1.182009,0x4051ce,1,12017,286,11731,44,100.000000,1,1,8.179311,1.200000,0.800000,cat,14,7ffe,1,1,3964928,3694592,0,133095424,133275648,180224,133095424,133275648,180224,-1,-1,-1
4398,2,1100,7,16,16,4114.108891,4122.177329,1.209590,0x4051ce,1,11895,191,11704,46,100.000000,1,1,8.179311,1.200000,0.800000,cat,14,7ffe,1,1,4055040,3694592,270336,133095424,133275648,180224,133185536,133275648,90112,-1,-1,-1
4398,2,1100,8,16,16,4114.063226,4122.192344,1.194656,0x4051ce,1,12105,170,11935,16,100.000000,1,1,8.179311,1.200000,0.800000,cat,14,7ffe,1,1,3964928,3694592,180224,133095424,133275648,180224,133095424,133275648,180224,-1,-1,-1
4398,2,1100,9,16,16,4114.027549,4122.196212,1.181713,0x4051ce,1,11931,140,11791,18,100.000000,1,1,8.179311,1.200000,0.800000,cat,14,7ffe,1,1,3964928,3694592,0,133095424,133275648,180224,133095424,133275648,180224,-1,-1,-1
4398,2,1100,10,16,16,4114.057653,4122.165836,1.192777,0x4051ce,1,12188,173,12015,52,100.000000,1,1,8.179311,1.200000,0.800000,cat,14,7ffe,1,1,3964928,3784704,360448,133095424,133275648,180224,133095424,133275648,180224,-1,-1,-1
4398,2,1100,11,16,16,4114.016901,4122.192436,1.203917,0x4051ce,1,12049,167,11882,54,100.000000,1,1,8.179311,1.200000,0.800000,cat,14,7ffe,1,1,3964928,3694592,270336,133095424,133275648,90112,133095424,133275648,180224,-1,-1,-1
4398,2,1100,12,16,16,4114.131779,4122.158535,1.185400,0x4051ce,1,12600,671,11929,56,100.000000,1,1,8.179311,1.200000,0.800000,cat,1,1,1,1,3694592,3874816,90112,8973352960,8973893632,180224,8973443072,8973893632,270336,-1,-1,-1
4398,2,1100,13,16,16,4114.120037,4122.188296,1.191096,0x4051ce,1,13461,1015,12446,58,100.000000,1,1,8.179311,1.200000,0.800000,cat,1,1,1,1,3694592,3874816,90112,8973172736,8973893632,450560,8973443072,8973893632,270336,-1,-1,-1
4398,2,1100,14,16,16,4114.065352,4122.189520,1.193187,0x4051ce,1,13243,1030,12213,28,100.000000,1,1,8.179311,1.200000,0.800000,cat,1,1,1,1,3604480,3874816,0,8972992512,8973893632,630784,8973082624,8973893632,630784,-1,-1,-1
4398,2,1100,15,16,16,4114.149486,4122.176377,1.194847,0x4051ce,1,7219,463,6756,62,100.000000,1,1,8.179311,1.200000,0.800000,cat,1,1,1,1,3784704,3874816,90112,8973443072,8973893632,180224,8973443072,8973893632,360448,-1,-1,-1
4399,3,1100,0,16,16,4122.401085,4122.443249,0.042164,0x405218,1,1226,717,509,32,100.000000,1,1,0.194276,1.200000,0.800000,cat,1,1,1,1,3964928,3964928,0,8973983744,8974073856,90112,8973983744,8974073856,90112,-1,-1,-1
4399,3,1100,1,16,16,4122.529197,4122.573718,0.044521,0x405218,1,631,33,598,34,100.000000,1,1,0.194276,1.200000,0.800000,cat,1,1,1,1,3964928,3874816,-90112,8974073856,8974073856,0,8974073856,8974073856,0,-1,-1,-1
4399,3,1100,2,16,16,4122.405362,4122.441201,0.035839,0x405218,1,393,31,362,36,100.000000,1,1,0.194276,1.200000,0.800000,cat,1,1,1,1,3964928,3964928,0,8973983744,8974073856,90112,8973983744,8974073856,90112,-1,-1,-1
4399,3,1100,3,16,16,4122.448419,4122.490954,0.042535,0x405218,1,569,5,564,6,100.000000,1,1,0.194276,1.200000,0.800000,cat,1,1,1,1,3964928,3964928,0,8974073856,8974073856,0,8974073856,8974073856,0,-1,-1,-1
4399,3,1100,4,16,16,4122.466542,4122.509122,0.042580,0x405218,1,443,12,431,40,100.000000,1,1,0.194276,1.200000,0.800000,cat,14,7ffe,1,1,3784704,3874816,90112,133275648,133275648,0,133275648,133275648,0,-1,-1,-1
4399,3,1100,5,16,16,4122.418697,4122.459969,0.041272,0x405218,1,459,0,459,10,100.000000,1,1,0.194276,1.200000,0.800000,cat,14,7ffe,1,1,3694592,3784704,90112,133275648,133275648,0,133275648,133275648,0,-1,-1,-1
4399,3,1100,6,16,16,4122.450870,4122.493272,0.042402,0x405218,1,596,0,596,44,100.000000,1,1,0.194276,1.200000,0.800000,cat,14,7ffe,1,1,3784704,3874816,90112,133275648,133275648,0,133275648,133275648,0,-1,-1,-1
4399,3,1100,7,16,16,4122.410586,4122.451700,0.041114,0x405218,1,479,1,478,46,100.000000,1,1,0.194276,1.200000,0.800000,cat,14,7ffe,1,1,3694592,3784704,90112,133275648,133275648,0,133275648,133275648,0,-1,-1,-1
4399,3,1100,8,16,16,4122.544080,4122.581691,0.037611,0x405218,1,558,0,558,16,100.000000,1,1,0.194276,1.200000,0.800000,cat,14,7ffe,1,1,3784704,3874816,90112,133275648,133275648,0,133275648,133275648,0,-1,-1,-1
4399,3,1100,9,16,16,4122.416041,4122.452484,0.036443,0x405218,1,452,2,450,18,100.000000,1,1,0.194276,1.200000,0.800000,cat,14,7ffe,1,1,3694592,3784704,90112,133275648,133275648,0,133275648,133275648,0,-1,-1,-1
4399,3,1100,10,16,16,4122.437197,4122.478748,0.041551,0x405218,1,480,2,478,52,100.000000,1,1,0.194276,1.200000,0.800000,cat,14,7ffe,1,1,3784704,3784704,0,133275648,133275648,0,133275648,133275648,0,-1,-1,-1
4399,3,1100,11,16,16,4122.400339,4122.441621,0.041282,0x405218,1,476,18,458,54,100.000000,1,1,0.194276,1.200000,0.800000,cat,14,7ffe,1,1,3694592,3784704,90112,133275648,133275648,0,133275648,133275648,0,-1,-1,-1
4399,3,1100,12,16,16,4122.432899,4122.473878,0.040979,0x405218,1,464,25,439,56,100.000000,1,1,0.194276,1.200000,0.800000,cat,1,1,1,1,3964928,3964928,0,8973983744,8974073856,90112,8974073856,8974073856,0,-1,-1,-1
4399,3,1100,13,16,16,4122.504079,4122.547359,0.043280,0x405218,1,615,27,588,58,100.000000,1,1,0.194276,1.200000,0.800000,cat,1,1,1,1,3964928,3874816,-90112,8974073856,8974073856,0,8974073856,8974073856,0,-1,-1,-1
4399,3,1100,14,16,16,4122.481512,4122.520038,0.038526,0x405218,1,410,53,357,28,100.000000,1,1,0.194276,1.200000,0.800000,cat,1,1,1,1,3964928,3964928,0,8974073856,8974073856,0,8974073856,8974073856,0,-1,-1,-1
4399,3,1100,15,16,16,4122.550948,4122.594615,0.043667,0x405218,1,377,52,325,62,100.000000,1,1,0.194276,1.200000,0.800000,cat,1,1,1,1,3964928,3874816,-90112,8974073856,8974073856,0,8974073856,8974073856,0,-1,-1,-1
4400,4,1100,0,16,16,4122.940665,4122.968559,0.027894,0x4052e4,1,1744,789,955,32,100.000000,1,1,0.180084,1.200000,0.800000,cat,1,1,1,1,3514368,3514368,0,8975695872,8975695872,0,8975695872,8975695872,0,-1,-1,-1
4400,4,1100,1,16,16,4122.839348,4122.859546,0.020198,0x4052e4,1,39,11,28,34,100.000000,1,1,0.180084,1.200000,0.800000,cat,1,1,1,1,3334144,3604480,270336,8975605760,8975695872,90112,8975605760,8975695872,90112,-1,-1,-1
4400,4,1100,2,16,16,4122.996168,4123.016332,0.020164,0x4052e4,1,88,40,48,36,100.000000,1,1,0.180084,1.200000,0.800000,cat,1,1,1,1,3514368,3514368,0,8975695872,8975695872,0,8975695872,8975695872,0,-1,-1,-1
4400,4,1100,3,16,16,4122.854462,4122.874710,0.020248,0x4052e4,1,42,11,31,6,100.000000,1,1,0.180084,1.200000,0.800000,cat,1,1,1,1,3334144,3514368,180224,8975605760,8975695872,90112,8975605760,8975695872,90112,-1,-1,-1
4400,4,1100,4,16,16,4122.860624,4122.880677,0.020053,0x4052e4,1,30,0,30,40,100.000000,1,1,0.180084,1.200000,0.800000,cat,14,7ffe,1,1,3874816,3874816,0,133275648,133275648,0,133275648,133275648,0,-1,-1,-1
4400,4,1100,5,16,16,4122.969021,4122.989425,0.020404,0x4052e4,1,46,0,46,10,100.000000,1,1,0.180084,1.200000,0.800000,cat,14,7ffe,1,1,3874816,3874816,0,133275648,133275648,0,133275648,133275648,0,-1,-1,-1
4400,4,1100,6,16,16,4122.864285,4122.884423,0.020138,0x4052e4,1,45,0,45,44,100.000000,1,1,0.180084,1.200000,0.800000,cat,14,7ffe,1,1,3874816,3874816,0,133275648,133275648,0,133275648,133275648,0,-1,-1,-1
4400,4,1100,7,16,16,4122.846952,4122.867290,0.020338,0x4052e4,1,64,0,64,46,100.000000,1,1,0.180084,1.200000,0.800000,cat,14,7ffe,1,1,3874816,3874816,0,133275648,133275648,0,133275648,133275648,0,-1,-1,-1
4400,4,1100,8,16,16,4122.879884,4122.900121,0.020237,0x4052e4,1,27,0,27,16,100.000000,1,1,0.180084,1.200000,0.800000,cat,14,7ffe,1,1,3874816,3874816,0,133275648,133275648,0,133275648,133275648,0,-1,-1,-1
4400,4,1100,9,16,16,4122.949924,4122.970041,0.020117,0x4052e4,1,68,0,68,18,100.000000,1,1,0.180084,1.200000,0.800000,cat,14,7ffe,1,1,3874816,3874816,0,133275648,133275648,0,133275648,133275648,0,-1,-1,-1
4400,4,1100,10,16,16,4122.871802,4122.892014,0.020212,0x4052e4,1,29,0,29,52,100.000000,1,1,0.180084,1.200000,0.800000,cat,14,7ffe,1,1,3874816,3874816,0,133275648,133275648,0,133275648,133275648,0,-1,-1,-1
4400,4,1100,11,16,16,4122.904162,4122.924292,0.020130,0x4052e4,1,40,0,40,54,100.000000,1,1,0.180084,1.200000,0.800000,cat,14,7ffe,1,1,3874816,3874816,0,133275648,133275648,0,133275648,133275648,0,-1,-1,-1
4400,4,1100,12,16,16,4122.836248,4122.856540,0.020292,0x4052e4,1,73,43,30,56,100.000000,1,1,0.180084,1.200000,0.800000,cat,1,1,1,1,3334144,3604480,270336,8975605760,8975695872,90112,8975605760,8975695872,90112,-1,-1,-1
4400,4,1100,13,16,16,4122.964296,4122.984927,0.020631,0x4052e4,1,80,44,36,58,100.000000,1,1,0.180084,1.200000,0.800000,cat,1,1,1,1,3514368,3514368,0,8975695872,8975695872,0,8975695872,8975695872,0,-1,-1,-1
4400,4,1100,14,16,16,4122.846572,4122.867177,0.020605,0x4052e4,1,158,114,44,28,100.000000,1,1,0.180084,1.200000,0.800000,cat,1,1,1,1,3334144,3514368,180224,8975605760,8975695872,90112,8975605760,8975695872,90112,-1,-1,-1
4400,4,1100,15,16,16,4122.889710,4122.910150,0.020440,0x4052e4,1,113,50,63,62,100.000000,1,1,0.180084,1.200000,0.800000,cat,1,1,1,1,3334144,3514368,180224,8975695872,8975695872,0,8975695872,8975695872,0,-1,-1,-1
4401,5,1100,0,16,16,4123.257676,4123.277849,0.020173,0x40533c,1,40,2,38,32,100.000000,1,1,0.179789,1.200000,0.800000,cat,1,1,1,1,3604480,3694592,90112,8975785984,8975785984,0,8975785984,8975785984,0,-1,-1,-1
4401,5,1100,1,16,16,4123.178882,4123.198883,0.020001,0x40533c,1,29,12,17,34,100.000000,1,1,0.179789,1.200000,0.800000,cat,1,1,1,1,3604480,3604480,0,8975785984,8975785984,0,8975785984,8975785984,0,-1,-1,-1
4401,5,1100,2,16,16,4123.147074,4123.167417,0.020343,0x40533c,1,18,1,17,36,100.000000,1,1,0.179789,1.200000,0.800000,cat,1,1,1,1,3604480,3604480,0,8975785984,8975785984,0,8975785984,8975785984,0,-1,-1,-1
4401,5,1100,3,16,16,4123.154893,4123.175238,0.020345,0x40533c,1,47,18,29,6,100.000000,1,1,0.179789,1.200000,0.800000,cat,1,1,1,1,3604480,3604480,0,8975785984,8975785984,0,8975785984,8975785984,0,-1,-1,-1
4401,5,1100,4,16,16,4123.250956,4123.271214,0.020258,0x40533c,1,27,0,27,40,100.000000,1,1,0.179789,1.200000,0.800000,cat,14,7ffe,1,1,3784704,3784704,0,133275648,133275648,0,133275648,133275648,0,-1,-1,-1
4401,5,1100,5,16,16,4123.235441,4123.255507,0.020066,0x40533c,1,37,0,37,10,100.000000,1,1,0.179789,1.200000,0.800000,cat,14,7ffe,1,1,3784704,3784704,0,133275648,133275648,0,133275648,133275648,0,-1,-1,-1
4401,5,1100,6,16,16,4123.183085,4123.203206,0.020121,0x40533c,1,16,0,16,44,100.000000,1,1,0.179789,1.200000,0.800000,cat,14,7ffe,1,1,3784704,3784704,0,133275648,133275648,0,133275648,133275648,0,-1,-1,-1
4401,5,1100,7,16,16,4123.295199,4123.315399,0.020200,0x40533c,1,36,0,36,46,100.000000,1,1,0.179789,1.200000,0.800000,cat,14,7ffe,1,1,3784704,3784704,0,133275648,133275648,0,133275648,133275648,0,-1,-1,-1
4401,5,1100,8,16,16,4123.135610,4123.155931,0.020321,0x40533c,1,18,0,18,16,100.000000,1,1,0.179789,1.200000,0.800000,cat,14,7ffe,1,1,3784704,3784704,0,133275648,133275648,0,133275648,133275648,0,-1,-1,-1
4401,5,1100,9,16,16,4123.153401,4123.173439,0.020038,0x40533c,1,32,0,32,18,100.000000,1,1,0.179789,1.200000,0.800000,cat,14,7ffe,1,1,3784704,3784704,0,133275648,133275648,0,133275648,133275648,0,-1,-1,-1
4401,5,1100,10,16,16,4123.283888,4123.304155,0.020267,0x40533c,1,23,0,23,52,100.000000,1,1,0.179789,1.200000,0.800000,cat,14,7ffe,1,1,3784704,3784704,0,133275648,133275648,0,133275648,133275648,0,-1,-1,-1
4401,5,1100,11,16,16,4123.160481,4123.180327,0.019846,0x40533c,1,30,0,30,54,100.000000,1,1,0.179789,1.200000,0.800000,cat,14,7ffe,1,1,3784704,3784704,0,133275648,133275648,0,133275648,133275648,0,-1,-1,-1
4401,5,1100,12,16,16,4123.188577,4123.208584,0.020007,0x40533c,1,43,30,13,56,100.000000,1,1,0.179789,1.200000,0.800000,cat,1,1,1,1,3604480,3604480,0,8975785984,8975785984,0,8975785984,8975785984,0,-1,-1,-1
4401,5,1100,13,16,16,4123.146926,4123.167216,0.020290,0x40533c,1,45,18,27,58,100.000000,1,1,0.179789,1.200000,0.800000,cat,1,1,1,1,3604480,3604480,0,8975785984,8975785984,0,8975785984,8975785984,0,-1,-1,-1
4401,5,1100,14,16,16,4123.171188,4123.191364,0.020176,0x40533c,1,50,32,18,28,100.000000,1,1,0.179789,1.200000,0.800000,cat,1,1,1,1,3604480,3604480,0,8975785984,8975785984,0,8975785984,8975785984,0,-1,-1,-1
4401,5,1100,15,16,16,4123.292678,4123.313036,0.020358,0x40533c,1,46,18,28,62,100.000000,1,1,0.179789,1.200000,0.800000,cat,1,1,1,1,3604480,3694592,90112,8975785984,8975785984,0,8975785984,8975785984,0,-1,-1,-1
4798,2,1200,0,16,16,4455.629837,4463.807386,1.332041,0x4051ce,1,11375,2529,8846,32,100.000000,1,1,8.268024,1.200000,0.800000,cat,1,1,1,1,3964928,3874816,0,9797066752,9798148096,901120,9797066752,9798148096,991232,-1,-1,-1
4798,2,1200,1,16,16,4455.590415,4463.796164,1.282033,0x4051ce,1,12839,1701,11138,34,100.000000,1,1,8.268024,1.200000,0.800000,cat,1,1,1,1,3964928,3874816,0,9796886528,9798148096,1081344,9797066752,9798148096,901120,-1,-1,-1
4798,2,1200,2,16,16,4455.580063,4463.789963,1.284567,0x4051ce,1,13629,1680,11949,36,100.000000,1,1,8.268024,1.200000,0.800000,cat,1,1,1,1,3874816,3874816,0,9796886528,9798148096,991232,9796976640,9798148096,901120,-1,-1,-1
4798,2,1200,3,16,16,4455.631241,4463.756936,1.294289,0x4051ce,1,11857,1341,10516,6,100.000000,1,1,8.268024,1.200000,0.800000,cat,1,1,1,1,3964928,3874816,0,9797066752,9798148096,720896,9797066752,9798148096,630784,-1,-1,-1
4798,2,1200,4,16,16,4455.627005,4463.779517,1.282788,0x4051ce,1,13287,566,12721,40,100.000000,1,1,8.268024,1.200000,0.800000,cat,14,7ffe,1,1,3784704,3604480,0,143007744,143007744,0,143007744,143007744,0,-1,-1,-1
4798,2,1200,5,16,16,4455.591669,4463.786182,1.277351,0x4051ce,1,11800,352,11448,10,100.000000,1,1,8.268024,1.200000,0.800000,cat,14,7ffe,1,1,3784704,3604480,270336,143007744,143007744,0,143007744,143007744,0,-1,-1,-1
4798,2,1200,6,16,16,4455.551680,4463.792328,1.262293,0x4051ce,1,12425,267,12158,44,100.000000,1,1,8.268024,1.200000,0.800000,cat,14,7ffe,1,1,3694592,3604480,0,143007744,143007744,0,143007744,143007744,0,-1,-1,-1
4798,2,1200,7,16,16,4455.608252,4463.776489,1.279789,0x4051ce,1,11554,218,11336,46,100.000000,1,1,8.268024,1.200000,0.800000,cat,14,7ffe,1,1,3784704,3604480,90112,143007744,143007744,0,143007744,143007744,0,-1,-1,-1
4798,2,1200,8,16,16,4455.607195,4463.782229,1.279042,0x4051ce,1,12084,244,11840,16,100.000000,1,1,8.268024,1.200000,0.800000,cat,14,7ffe,1,1,3784704,3604480,360448,143007744,143007744,0,143007744,143007744,0,-1,-1,-1
4798,2,1200,9,16,16,4455.584063,4463.799343,1.295970,0x4051ce,1,12063,220,11843,18,100.000000,1,1,8.268024,1.200000,0.800000,cat,14,7ffe,1,1,3694592,3604480,630784,143007744,143007744,0,143007744,143007744,0,-1,-1,-1
4798,2,1200,10,16,16,4455.543596,4463.790554,1.290225,0x4051ce,1,12046,164,11882,52,100.000000,1,1,8.268024,1.200000,0.800000,cat,14,7ffe,1,1,3694592,3604480,360448,143007744,143007744,0,143007744,143007744,0,-1,-1,-1
4798,2,1200,11,16,16,4455.548985,4463.795005,1.279063,0x4051ce,1,12071,157,11914,54,100.000000,1,1,8.268024,1.200000,0.800000,cat,14,7ffe,1,1,3694592,3604480,90112,143007744,143007744,0,143007744,143007744,0,-1,-1,-1
4798,2,1200,12,16,16,4455.539362,4463.803326,1.278889,0x4051ce,1,12698,810,11888,56,100.000000,1,1,8.268024,1.200000,0.800000,cat,1,1,1,1,3874816,3874816,90112,9796796416,9798148096,630784,9796796416,9798148096,1081344,-1,-1,-1
4798,2,1200,13,16,16,4455.594706,4463.767774,1.299215,0x4051ce,1,13450,853,12597,58,100.000000,1,1,8.268024,1.200000,0.800000,cat,1,1,1,1,3964928,3874816,90112,9796976640,9798148096,1171456,9797066752,9798148096,991232,-1,-1,-1
4798,2,1200,14,16,16,4455.560126,4463.790001,1.322162,0x4051ce,1,13453,899,12554,28,100.000000,1,1,8.268024,1.200000,0.800000,cat,1,1,1,1,3874816,3874816,0,9796796416,9798148096,991232,9796886528,9798148096,991232,-1,-1,-1
4798,2,1200,15,16,16,4455.561432,4463.804464,1.274068,0x4051ce,1,7098,656,6442,62,100.000000,1,1,8.268024,1.200000,0.800000,cat,1,1,1,1,3874816,3874816,0,9796796416,9798148096,1171456,9796796416,9798148096,1261568,-1,-1,-1
4799,3,1200,0,16,16,4464.067231,4464.112772,0.045541,0x405218,1,1364,700,664,32,100.000000,1,1,0.165917,1.200000,0.800000,cat,1,1,1,1,3964928,4055040,90112,9798328320,9798508544,180224,9798328320,9798508544,180224,-1,-1,-1
4799,3,1200,1,16,16,4464.080931,4464.124256,0.043325,0x405218,1,549,19,530,34,100.000000,1,1,0.165917,1.200000,0.800000,cat,1,1,1,1,3964928,4055040,90112,9798328320,9798508544,180224,9798328320,9798508544,180224,-1,-1,-1
4799,3,1200,2,16,16,4464.102959,4464.148090,0.045131,0x405218,1,515,38,477,36,100.000000,1,1,0.165917,1.200000,0.800000,cat,1,1,1,1,3964928,4055040,90112,9798328320,9798508544,180224,9798418432,9798508544,90112,-1,-1,-1
4799,3,1200,3,16,16,4464.011022,4464.054654,0.043632,0x405218,1,312,11,301,6,100.000000,1,1,0.165917,1.200000,0.800000,cat,1,1,1,1,3964928,3964928,0,9798328320,9798328320,0,9798328320,9798418432,90112,-1,-1,-1
4799,3,1200,4,16,16,4464.054230,4464.099112,0.044882,0x405218,1,550,1,549,40,100.000000,1,1,0.165917,1.200000,0.800000,cat,14,7ffe,1,1,3604480,3604480,0,143007744,143007744,0,143007744,143007744,0,-1,-1,-1
4799,3,1200,5,16,16,4464.023866,4464.068313,0.044447,0x405218,1,462,0,462,10,100.000000,1,1,0.165917,1.200000,0.800000,cat,14,7ffe,1,1,3604480,3604480,0,143007744,143007744,0,143007744,143007744,0,-1,-1,-1
4799,3,1200,6,16,16,4464.032226,4464.076141,0.043915,0x405218,1,356,0,356,44,100.000000,1,1,0.165917,1.200000,0.800000,cat,14,7ffe,1,1,3604480,3604480,0,143007744,143007744,0,143007744,143007744,0,-1,-1,-1
4799,3,1200,7,16,16,4464.118878,4464.156841,0.037963,0x405218,1,747,13,734,46,100.000000,1,1,0.165917,1.200000,0.800000,cat,14,7ffe,1,1,3604480,3694592,90112,143007744,143007744,0,143007744,143007744,0,-1,-1,-1
4799,3,1200,8,16,16,4464.036162,4464.079831,0.043669,0x405218,1,457,1,456,16,100.000000,1,1,0.165917,1.200000,0.800000,cat,14,7ffe,1,1,3604480,3604480,0,143007744,143007744,0,143007744,143007744,0,-1,-1,-1
4799,3,1200,9,16,16,4464.061894,4464.106419,0.044525,0x405218,1,431,1,430,18,100.000000,1,1,0.165917,1.200000,0.800000,cat,14,7ffe,1,1,3604480,3694592,90112,143007744,143007744,0,143007744,143007744,0,-1,-1,-1
4799,3,1200,10,16,16,4464.089038,4464.133431,0.044393,0x405218,1,483,5,478,52,100.000000,1,1,0.165917,1.200000,0.800000,cat,14,7ffe,1,1,3604480,3694592,90112,143007744,143007744,0,143007744,143007744,0,-1,-1,-1
4799,3,1200,11,16,16,4464.061206,4464.105569,0.044363,0x405218,1,502,28,474,54,100.000000,1,1,0.165917,1.200000,0.800000,cat,14,7ffe,1,1,3604480,3694592,90112,143007744,143007744,0,143007744,143007744,0,-1,-1,-1
4799,3,1200,12,16,16,4464.015023,4464.058602,0.043579,0x405218,1,384,33,351,56,100.000000,1,1,0.165917,1.200000,0.800000,cat,1,1,1,1,3964928,3964928,0,9798328320,9798418432,90112,9798328320,9798418432,90112,-1,-1,-1
4799,3,1200,13,16,16,4464.085510,4464.130053,0.044543,0x405218,1,566,29,537,58,100.000000,1,1,0.165917,1.200000,0.800000,cat,1,1,1,1,3964928,4055040,90112,9798328320,9798508544,180224,9798328320,9798508544,180224,-1,-1,-1
4799,3,1200,14,16,16,4464.044300,4464.088548,0.044248,0x405218,1,442,47,395,28,100.000000,1,1,0.165917,1.200000,0.800000,cat,1,1,1,1,3964928,4055040,90112,9798328320,9798418432,90112,9798328320,9798418432,90112,-1,-1,-1
4799,3,1200,15,16,16,4464.133036,4464.176939,0.043903,0x405218,1,418,44,374,62,100.000000,1,1,0.165917,1.200000,0.800000,cat,1,1,1,1,4055040,4055040,0,9798418432,9798508544,90112,9798418432,9798508544,90112,-1,-1,-1
4800,4,1200,0,16,16,4464.440791,4464.467891,0.027100,0x4052e4,1,1817,825,992,32,100.000000,1,1,0.193302,1.200000,0.800000,cat,1,1,1,1,3874816,3874816,0,9800310784,9800491008,180224,9800310784,9800491008,180224,-1,-1,-1
4800,4,1200,1,16,16,4464.484120,4464.504539,0.020419,0x4052e4,1,50,19,31,34,100.000000,1,1,0.193302,1.200000,0.800000,cat,1,1,1,1,3874816,3874816,0,9800491008,9800491008,0,9800491008,9800491008,0,-1,-1,-1
4800,4,1200,2,16,16,4464.564524,4464.584819,0.020295,0x4052e4,1,77,29,48,36,100.000000,1,1,0.193302,1.200000,0.800000,cat,1,1,1,1,3874816,3874816,0,9800491008,9800491008,0,9800491008,9800491008,0,-1,-1,-1
4800,4,1200,3,16,16,4464.421835,4464.442435,0.020600,0x4052e4,1,38,11,27,6,100.000000,1,1,0.193302,1.200000,0.800000,cat,1,1,1,1,3874816,3874816,0,9800310784,9800491008,180224,9800310784,9800491008,180224,-1,-1,-1
4800,4,1200,4,16,16,4464.412712,4464.432975,0.020263,0x4052e4,1,40,0,40,40,100.000000,1,1,0.193302,1.200000,0.800000,cat,14,7ffe,1,1,3694592,3784704,90112,143007744,143007744,0,143007744,143007744,0,-1,-1,-1
4800,4,1200,5,16,16,4464.529289,4464.549501,0.020212,0x4052e4,1,29,2,27,10,100.000000,1,1,0.193302,1.200000,0.800000,cat,14,7ffe,1,1,3784704,3784704,0,143007744,143007744,0,143007744,143007744,0,-1,-1,-1
4800,4,1200,6,16,16,4464.449211,4464.469262,0.020051,0x4052e4,1,48,0,48,44,100.000000,1,1,0.193302,1.200000,0.800000,cat,14,7ffe,1,1,3784704,3784704,0,143007744,143007744,0,143007744,143007744,0,-1,-1,-1
4800,4,1200,7,16,16,4464.488806,4464.509076,0.020270,0x4052e4,1,33,0,33,46,100.000000,1,1,0.193302,1.200000,0.800000,cat,14,7ffe,1,1,3784704,3784704,0,143007744,143007744,0,143007744,143007744,0,-1,-1,-1
4800,4,1200,8,16,16,4464.457734,4464.477734,0.020000,0x4052e4,1,83,0,83,16,100.000000,1,1,0.193302,1.200000,0.800000,cat,14,7ffe,1,1,3784704,3784704,0,143007744,143007744,0,143007744,143007744,0,-1,-1,-1
4800,4,1200,9,16,16,4464.586116,4464.606014,0.019898,0x4052e4,1,25,1,24,18,100.000000,1,1,0.193302,1.200000,0.800000,cat,14,7ffe,1,1,3784704,3784704,0,143007744,143007744,0,143007744,143007744,0,-1,-1,-1
4800,4,1200,10,16,16,4464.516961,4464.539218,0.022257,0x4052e4,1,63,7,56,52,100.000000,1,1,0.193302,1.200000,0.800000,cat,14,7ffe,1,1,3784704,3784704,0,143007744,143007744,0,143007744,143007744,0,-1,-1,-1
4800,4,1200,11,16,16,4464.435823,4464.456084,0.020261,0x4052e4,1,80,3,77,54,100.000000,1,1,0.193302,1.200000,0.800000,cat,14,7ffe,1,1,3784704,3784704,0,143007744,143007744,0,143007744,143007744,0,-1,-1,-1
4800,4,1200,12,16,16,4464.425059,4464.445404,0.020345,0x4052e4,1,94,43,51,56,100.000000,1,1,0.193302,1.200000,0.800000,cat,1,1,1,1,3874816,3874816,0,9800310784,9800491008,180224,9800310784,9800491008,180224,-1,-1,-1
4800,4,1200,13,16,16,4464.557462,4464.577954,0.020492,0x4052e4,1,113,77,36,58,100.000000,1,1,0.193302,1.200000,0.800000,cat,1,1,1,1,3874816,3874816,0,9800491008,9800491008,0,9800491008,9800491008,0,-1,-1,-1
4800,4,1200,14,16,16,4464.462274,4464.482712,0.020438,0x4052e4,1,147,110,37,28,100.000000,1,1,0.193302,1.200000,0.800000,cat,1,1,1,1,3874816,3874816,0,9800310784,9800491008,180224,9800400896,9800491008,90112,-1,-1,-1
4800,4,1200,15,16,16,4464.451315,4464.471865,0.020550,0x4052e4,1,126,64,62,62,100.000000,1,1,0.193302,1.200000,0.800000,cat,1,1,1,1,3874816,3874816,0,9800310784,9800491008,180224,9800310784,9800491008,180224,-1,-1,-1
4801,5,1200,0,16,16,4464.879723,4464.900027,0.020304,0x40533c,1,50,6,44,32,100.000000,1,1,0.177253,1.200000,0.800000,cat,1,1,1,1,3874816,3874816,0,9800761344,9800761344,0,9800761344,9800761344,0,-1,-1,-1
4801,5,1200,1,16,16,4464.805773,4464.826017,0.020244,0x40533c,1,25,4,21,34,100.000000,1,1,0.177253,1.200000,0.800000,cat,1,1,1,1,3874816,3874816,0,9800761344,9800761344,0,9800761344,9800761344,0,-1,-1,-1
4801,5,1200,2,16,16,4464.735664,4464.755799,0.020135,0x40533c,1,17,0,17,36,100.000000,1,1,0.177253,1.200000,0.800000,cat,1,1,1,1,3874816,3874816,0,9800761344,9800761344,0,9800761344,9800761344,0,-1,-1,-1
4801,5,1200,3,16,16,4464.774247,4464.794525,0.020278,0x40533c,1,42,24,18,6,100.000000,1,1,0.177253,1.200000,0.800000,cat,1,1,1,1,3874816,3874816,0,9800761344,9800761344,0,9800761344,9800761344,0,-1,-1,-1
4801,5,1200,4,16,16,4464.770144,4464.790275,0.020131,0x40533c,1,36,0,36,40,100.000000,1,1,0.177253,1.200000,0.800000,cat,14,7ffe,1,1,3784704,3784704,0,143007744,143007744,0,143007744,143007744,0,-1,-1,-1
4801,5,1200,5,16,16,4464.854105,4464.874161,0.020056,0x40533c,1,36,0,36,10,100.000000,1,1,0.177253,1.200000,0.800000,cat,14,7ffe,1,1,3784704,3784704,0,143007744,143007744,0,143007744,143007744,0,-1,-1,-1
4801,5,1200,6,16,16,4464.732631,4464.752743,0.020112,0x40533c,1,25,0,25,44,100.000000,1,1,0.177253,1.200000,0.800000,cat,14,7ffe,1,1,3784704,3784704,0,143007744,143007744,0,143007744,143007744,0,-1,-1,-1
4801,5,1200,7,16,16,4464.873095,4464.893171,0.020076,0x40533c,1,60,0,60,46,100.000000,1,1,0.177253,1.200000,0.800000,cat,14,7ffe,1,1,3784704,3784704,0,143007744,143007744,0,143007744,143007744,0,-1,-1,-1
4801,5,1200,8,16,16,4464.885321,4464.905461,0.020140,0x40533c,1,31,0,31,16,100.000000,1,1,0.177253,1.200000,0.800000,cat,14,7ffe,1,1,3784704,3784704,0,143007744,143007744,0,143007744,143007744,0,-1,-1,-1
4801,5,1200,9,16,16,4464.733798,4464.753776,0.019978,0x40533c,1,42,0,42,18,100.000000,1,1,0.177253,1.200000,0.800000,cat,14,7ffe,1,1,3784704,3784704,0,143007744,143007744,0,143007744,143007744,0,-1,-1,-1
4801,5,1200,10,16,16,4464.838969,4464.859216,0.020247,0x40533c,1,37,0,37,52,100.000000,1,1,0.177253,1.200000,0.800000,cat,14,7ffe,1,1,3784704,3784704,0,143007744,143007744,0,143007744,143007744,0,-1,-1,-1
4801,5,1200,11,16,16,4464.728208,4464.748528,0.020320,0x40533c,1,38,0,38,54,100.000000,1,1,0.177253,1.200000,0.800000,cat,14,7ffe,1,1,3784704,3784704,0,143007744,143007744,0,143007744,143007744,0,-1,-1,-1
4801,5,1200,12,16,16,4464.750790,4464.771042,0.020252,0x40533c,1,65,25,40,56,100.000000,1,1,0.177253,1.200000,0.800000,cat,1,1,1,1,3874816,3874816,0,9800761344,9800761344,0,9800761344,9800761344,0,-1,-1,-1
4801,5,1200,13,16,16,4464.766461,4464.786666,0.020205,0x40533c,1,39,6,33,58,100.000000,1,1,0.177253,1.200000,0.800000,cat,1,1,1,1,3874816,3874816,0,9800761344,9800761344,0,9800761344,9800761344,0,-1,-1,-1
4801,5,1200,14,16,16,4464.785139,4464.805147,0.020008,0x40533c,1,56,15,41,28,100.000000,1,1,0.177253,1.200000,0.800000,cat,1,1,1,1,3874816,3874816,0,9800761344,9800761344,0,9800761344,9800761344,0,-1,-1,-1
4801,5,1200,15,16,16,4464.840698,4464.860964,0.020266,0x40533c,1,37,16,21,62,100.000000,1,1,0.177253,1.200000,0.800000,cat,1,1,1,1,3874816,3874816,0,9800761344,9800761344,0,9800761344,9800761344,0,-1,-1,-1
5198,2,1300,0,16,16,4795.328115,4803.317417,1.251647,0x4051ce,1,11700,2620,9080,32,100.000000,1,1,8.115741,1.200000,0.800000,cat,1,1,1,1,3784704,3874816,90112,10625916928,10626637824,630784,10625916928,10626637824,360448,-1,-1,-1
5198,2,1300,1,16,16,4795.233035,4803.269349,1.217540,0x4051ce,1,12879,1613,11266,34,100.000000,1,1,8.115741,1.200000,0.800000,cat,1,1,1,1,3604480,3874816,180224,10625646592,10626637824,540672,10625646592,10626637824,450560,-1,-1,-1
5198,2,1300,2,16,16,4795.210312,4803.291882,1.223313,0x4051ce,1,13618,1640,11978,36,100.000000,1,1,8.115741,1.200000,0.800000,cat,1,1,1,1,3604480,3874816,360448,10625646592,10626637824,630784,10625646592,10626637824,360448,-1,-1,-1
5198,2,1300,3,16,16,4795.358037,4803.286824,1.173715,0x4051ce,1,12690,1398,11292,6,100.000000,1,1,8.115741,1.200000,0.800000,cat,1,1,1,1,3874816,3874816,90112,10625916928,10626637824,540672,10625916928,10626637824,450560,-1,-1,-1
5198,2,1300,4,16,16,4795.246837,4803.302671,1.192983,0x4051ce,1,12345,579,11766,40,100.000000,1,1,8.115741,1.200000,0.800000,cat,14,7ffe,1,1,3964928,3694592,0,151388160,151478272,90112,151388160,151478272,90112,-1,-1,-1
5198,2,1300,5,16,16,4795.290952,4803.308259,1.171781,0x4051ce,1,12136,259,11877,10,100.000000,1,1,8.115741,1.200000,0.800000,cat,14,7ffe,1,1,3964928,3694592,0,151388160,151478272,0,151388160,151478272,90112,-1,-1,-1
5198,2,1300,6,16,16,4795.235118,4803.306163,1.194188,0x4051ce,1,12130,252,11878,44,100.000000,1,1,8.115741,1.200000,0.800000,cat,14,7ffe,1,1,3964928,3694592,0,151388160,151478272,0,151388160,151478272,0,-1,-1,-1
5198,2,1300,7,16,16,4795.201874,4803.294509,1.188351,0x4051ce,1,11961,134,11827,46,100.000000,1,1,8.115741,1.200000,0.800000,cat,14,7ffe,1,1,3964928,3694592,0,151388160,151478272,0,151388160,151478272,0,-1,-1,-1
5198,2,1300,8,16,16,4795.276452,4803.300766,1.185066,0x4051ce,1,12225,195,12030,16,100.000000,1,1,8.115741,1.200000,0.800000,cat,14,7ffe,1,1,3964928,3694592,0,151388160,151478272,90112,151388160,151478272,90112,-1,-1,-1
5198,2,1300,9,16,16,4795.296361,4803.298638,1.201345,0x4051ce,1,12150,197,11953,18,100.000000,1,1,8.115741,1.200000,0.800000,cat,14,7ffe,1,1,3964928,3694592,90112,151388160,151478272,0,151388160,151478272,0,-1,-1,-1
5198,2,1300,10,16,16,4795.327953,4803.314278,1.199465,0x4051ce,1,12075,223,11852,52,100.000000,1,1,8.115741,1.200000,0.800000,cat,14,7ffe,1,1,3964928,3694592,270336,151388160,151478272,90112,151388160,151478272,90112,-1,-1,-1
5198,2,1300,11,16,16,4795.266372,4803.317615,1.200577,0x4051ce,1,11904,132,11772,54,100.000000,1,1,8.115741,1.200000,0.800000,cat,14,7ffe,1,1,3874816,3694592,540672,151388160,151478272,90112,151388160,151478272,90112,-1,-1,-1
5198,2,1300,12,16,16,4795.217309,4803.296496,1.203069,0x4051ce,1,12865,730,12135,56,100.000000,1,1,8.115741,1.200000,0.800000,cat,1,1,1,1,3604480,3874816,270336,10625646592,10626637824,630784,10625646592,10626637824,720896,-1,-1,-1
5198,2,1300,13,16,16,4795.258002,4803.307204,1.212784,0x4051ce,1,13564,937,12627,58,100.000000,1,1,8.115741,1.200000,0.800000,cat,1,1,1,1,3604480,3874816,180224,10625646592,10626637824,450560,10625826816,10626637824,180224,-1,-1,-1
5198,2,1300,14,16,16,4795.228314,4803.310191,1.185570,0x4051ce,1,13621,1074,12547,28,100.000000,1,1,8.115741,1.200000,0.800000,cat,1,1,1,1,3604480,3874816,180224,10625646592,10626637824,540672,10625646592,10626637824,450560,-1,-1,-1
5198,2,1300,15,16,16,4795.301491,4803.316444,1.186364,0x4051ce,1,7025,472,6553,62,100.000000,1,1,8.115741,1.200000,0.800000,cat,1,1,1,1,3784704,3874816,0,10625916928,10626637824,450560,10625916928,10626637824,630784,-1,-1,-1
5199,3,1300,0,16,16,4803.537744,4803.579817,0.042073,0x405218,1,1358,708,650,32,100.000000,1,1,0.191015,1.200000,0.800000,cat,1,1,1,1,3964928,3964928,0,10626818048,10626998272,180224,10626818048,10626998272,180224,-1,-1,-1
5199,3,1300,1,16,16,4803.567692,4803.603603,0.035911,0x405218,1,373,12,361,34,100.000000,1,1,0.191015,1.200000,0.800000,cat,1,1,1,1,3964928,3964928,0,10626818048,10626998272,180224,10626998272,10626998272,0,-1,-1,-1
5199,3,1300,2,16,16,4803.674350,4803.709940,0.035590,0x405218,1,658,24,634,36,100.000000,1,1,0.191015,1.200000,0.800000,cat,1,1,1,1,3964928,3964928,0,10626998272,10626998272,0,10626998272,10626998272,0,-1,-1,-1
5199,3,1300,3,16,16,4803.596544,4803.630970,0.034426,0x405218,1,449,33,416,6,100.000000,1,1,0.191015,1.200000,0.800000,cat,1,1,1,1,3964928,3964928,0,10626998272,10626998272,0,10626998272,10626998272,0,-1,-1,-1
5199,3,1300,4,16,16,4803.529436,4803.570297,0.040861,0x405218,1,291,1,290,40,100.000000,1,1,0.191015,1.200000,0.800000,cat,14,7ffe,1,1,3694592,3784704,90112,151478272,151478272,0,151478272,151478272,0,-1,-1,-1
5199,3,1300,5,16,16,4803.631314,4803.671872,0.040558,0x405218,1,637,0,637,10,100.000000,1,1,0.191015,1.200000,0.800000,cat,14,7ffe,1,1,3784704,3784704,0,151478272,151478272,0,151478272,151478272,0,-1,-1,-1
5199,3,1300,6,16,16,4803.518925,4803.562685,0.043760,0x405218,1,492,0,492,44,100.000000,1,1,0.191015,1.200000,0.800000,cat,14,7ffe,1,1,3694592,3784704,90112,151478272,151478272,0,151478272,151478272,0,-1,-1,-1
5199,3,1300,7,16,16,4803.546100,4803.587403,0.041303,0x405218,1,649,3,646,46,100.000000,1,1,0.191015,1.200000,0.800000,cat,14,7ffe,1,1,3694592,3784704,90112,151478272,151478272,0,151478272,151478272,0,-1,-1,-1
5199,3,1300,8,16,16,4803.570080,4803.611753,0.041673,0x405218,1,480,2,478,16,100.000000,1,1,0.191015,1.200000,0.800000,cat,14,7ffe,1,1,3694592,3784704,90112,151478272,151478272,0,151478272,151478272,0,-1,-1,-1
5199,3,1300,9,16,16,4803.592444,4803.627625,0.035181,0x405218,1,325,6,319,18,100.000000,1,1,0.191015,1.200000,0.800000,cat,14,7ffe,1,1,3784704,3784704,0,151478272,151478272,0,151478272,151478272,0,-1,-1,-1
5199,3,1300,10,16,16,4803.659531,4803.700481,0.040950,0x405218,1,623,3,620,52,100.000000,1,1,0.191015,1.200000,0.800000,cat,14,7ffe,1,1,3784704,3784704,0,151478272,151478272,0,151478272,151478272,0,-1,-1,-1
5199,3,1300,11,16,16,4803.649122,4803.684076,0.034954,0x405218,1,504,19,485,54,100.000000,1,1,0.191015,1.200000,0.800000,cat,14,7ffe,1,1,3784704,3784704,0,151478272,151478272,0,151478272,151478272,0,-1,-1,-1
5199,3,1300,12,16,16,4803.525230,4803.565989,0.040759,0x405218,1,363,34,329,56,100.000000,1,1,0.191015,1.200000,0.800000,cat,1,1,1,1,3964928,3964928,0,10626818048,10626998272,180224,10626818048,10626998272,180224,-1,-1,-1
5199,3,1300,13,16,16,4803.583434,4803.624600,0.041166,0x405218,1,636,28,608,58,100.000000,1,1,0.191015,1.200000,0.800000,cat,1,1,1,1,3964928,3964928,0,10626998272,10626998272,0,10626998272,10626998272,0,-1,-1,-1
5199,3,1300,14,16,16,4803.558942,4803.594864,0.035922,0x405218,1,513,36,477,28,100.000000,1,1,0.191015,1.200000,0.800000,cat,1,1,1,1,3964928,3964928,0,10626818048,10626998272,180224,10626818048,10626998272,180224,-1,-1,-1
5199,3,1300,15,16,16,4803.553467,4803.588369,0.034902,0x405218,1,262,35,227,62,100.000000,1,1,0.191015,1.200000,0.800000,cat,1,1,1,1,3964928,3964928,0,10626818048,10626998272,180224,10626818048,10626998272,180224,-1,-1,-1
5200,4,1300,0,16,16,4804.012418,4804.037571,0.025153,0x4052e4,1,1785,816,969,32,100.000000,1,1,0.158184,1.200000,0.800000,cat,1,1,1,1,3964928,4055040,90112,10628800512,10628890624,90112,10628800512,10628890624,90112,-1,-1,-1
5200,4,1300,1,16,16,4804.046467,4804.065315,0.018848,0x4052e4,1,62,29,33,34,100.000000,1,1,0.158184,1.200000,0.800000,cat,1,1,1,1,3964928,4055040,90112,10628800512,10628890624,90112,10628890624,10628890624,0,-1,-1,-1
5200,4,1300,2,16,16,4803.953882,4803.972673,0.018791,0x4052e4,1,42,18,24,36,100.000000,1,1,0.158184,1.200000,0.800000,cat,1,1,1,1,3874816,3964928,90112,10628620288,10628800512,180224,10628710400,10628890624,180224,-1,-1,-1
5200,4,1300,3,16,16,4803.949227,4803.968396,0.019169,0x4052e4,1,32,13,19,6,100.000000,1,1,0.158184,1.200000,0.800000,cat,1,1,1,1,3874816,3964928,90112,10628620288,10628800512,180224,10628710400,10628890624,180224,-1,-1,-1
5200,4,1300,4,16,16,4803.968827,4803.987872,0.019045,0x4052e4,1,66,0,66,40,100.000000,1,1,0.158184,1.200000,0.800000,cat,14,7ffe,1,1,3784704,3784704,0,151478272,151478272,0,151478272,151478272,0,-1,-1,-1
5200,4,1300,5,16,16,4803.958028,4803.976787,0.018759,0x4052e4,1,32,0,32,10,100.000000,1,1,0.158184,1.200000,0.800000,cat,14,7ffe,1,1,3784704,3784704,0,151478272,151478272,0,151478272,151478272,0,-1,-1,-1
5200,4,1300,6,16,16,4804.004906,4804.023818,0.018912,0x4052e4,1,34,0,34,44,100.000000,1,1,0.158184,1.200000,0.800000,cat,14,7ffe,1,1,3784704,3874816,90112,151478272,151478272,0,151478272,151478272,0,-1,-1,-1
5200,4,1300,7,16,16,4804.013120,4804.032008,0.018888,0x4052e4,1,55,0,55,46,100.000000,1,1,0.158184,1.200000,0.800000,cat,14,7ffe,1,1,3784704,3874816,90112,151478272,151478272,0,151478272,151478272,0,-1,-1,-1
5200,4,1300,8,16,16,4803.979748,4803.998204,0.018456,0x4052e4,1,91,0,91,16,100.000000,1,1,0.158184,1.200000,0.800000,cat,14,7ffe,1,1,3784704,3874816,90112,151478272,151478272,0,151478272,151478272,0,-1,-1,-1
5200,4,1300,9,16,16,4804.064999,4804.083801,0.018802,0x4052e4,1,48,0,48,18,100.000000,1,1,0.158184,1.200000,0.800000,cat,14,7ffe,1,1,3784704,3874816,90112,151478272,151478272,0,151478272,151478272,0,-1,-1,-1
5200,4,1300,10,16,16,4803.971265,4803.990199,0.018934,0x4052e4,1,44,0,44,52,100.000000,1,1,0.158184,1.200000,0.800000,cat,14,7ffe,1,1,3784704,3784704,0,151478272,151478272,0,151478272,151478272,0,-1,-1,-1
5200,4,1300,11,16,16,4804.088696,4804.107411,0.018715,0x4052e4,1,33,0,33,54,100.000000,1,1,0.158184,1.200000,0.800000,cat,14,7ffe,1,1,3874816,3874816,0,151478272,151478272,0,151478272,151478272,0,-1,-1,-1
5200,4,1300,12,16,16,4803.973072,4803.992129,0.019057,0x4052e4,1,126,79,47,56,100.000000,1,1,0.158184,1.200000,0.800000,cat,1,1,1,1,3964928,3964928,0,10628710400,10628890624,180224,10628800512,10628890624,90112,-1,-1,-1
5200,4,1300,13,16,16,4804.023636,4804.042924,0.019288,0x4052e4,1,118,49,69,58,100.000000,1,1,0.158184,1.200000,0.800000,cat,1,1,1,1,3964928,4055040,90112,10628800512,10628890624,90112,10628800512,10628890624,90112,-1,-1,-1
5200,4,1300,14,16,16,4804.075486,4804.094424,0.018938,0x4052e4,1,153,113,40,28,100.000000,1,1,0.158184,1.200000,0.800000,cat,1,1,1,1,3964928,4055040,90112,10628890624,10628890624,0,10628890624,10628890624,0,-1,-1,-1
5200,4,1300,15,16,16,4804.085864,4804.104825,0.018961,0x4052e4,1,112,73,39,62,100.000000,1,1,0.158184,1.200000,0.800000,cat,1,1,1,1,3964928,4055040,90112,10628890624,10628890624,0,10628890624,10628890624,0,-1,-1,-1
5201,5,1300,0,16,16,4804.283556,4804.302857,0.019301,0x40533c,1,42,1,41,32,100.000000,1,1,0.159094,1.200000,0.800000,cat,1,1,1,1,4055040,4055040,0,10629070848,10629070848,0,10629070848,10629070848,0,-1,-1,-1
5201,5,1300,1,16,16,4804.319408,4804.338394,0.018986,0x40533c,1,37,6,31,34,100.000000,1,1,0.159094,1.200000,0.800000,cat,1,1,1,1,4055040,4055040,0,10629070848,10629070848,0,10629070848,10629070848,0,-1,-1,-1
5201,5,1300,2,16,16,4804.273036,4804.291714,0.018678,0x40533c,1,44,22,22,36,100.000000,1,1,0.159094,1.200000,0.800000,cat,1,1,1,1,4055040,4055040,0,10629070848,10629070848,0,10629070848,10629070848,0,-1,-1,-1
5201,5,1300,3,16,16,4804.257324,4804.276185,0.018861,0x40533c,1,36,17,19,6,100.000000,1,1,0.159094,1.200000,0.800000,cat,1,1,1,1,4055040,4055040,0,10629070848,10629070848,0,10629070848,10629070848,0,-1,-1,-1
5201,5,1300,4,16,16,4804.253128,4804.271819,0.018691,0x40533c,1,25,0,25,40,100.000000,1,1,0.159094,1.200000,0.800000,cat,14,7ffe,1,1,3874816,3874816,0,151478272,151478272,0,151478272,151478272,0,-1,-1,-1
5201,5,1300,5,16,16,4804.242289,4804.261145,0.018856,0x40533c,1,50,6,44,10,100.000000,1,1,0.159094,1.200000,0.800000,cat,14,7ffe,1,1,3874816,3874816,0,151478272,151478272,0,151478272,151478272,0,-1,-1,-1
5201,5,1300,6,16,16,4804.291274,4804.309833,0.018559,0x40533c,1,25,0,25,44,100.000000,1,1,0.159094,1.200000,0.800000,cat,14,7ffe,1,1,3874816,3874816,0,151478272,151478272,0,151478272,151478272,0,-1,-1,-1
5201,5,1300,7,16,16,4804.345660,4804.364640,0.018980,0x40533c,1,43,0,43,46,100.000000,1,1,0.159094,1.200000,0.800000,cat,14,7ffe,1,1,3874816,3874816,0,151478272,151478272,0,151478272,151478272,0,-1,-1,-1
5201,5,1300,8,16,16,4804.376795,4804.395320,0.018525,0x40533c,1,36,0,36,16,100.000000,1,1,0.159094,1.200000,0.800000,cat,14,7ffe,1,1,3874816,3874816,0,151478272,151478272,0,151478272,151478272,0,-1,-1,-1
5201,5,1300,9,16,16,4804.249391,4804.267960,0.018569,0x40533c,1,22,0,22,18,100.000000,1,1,0.159094,1.200000,0.800000,cat,14,7ffe,1,1,3874816,3874816,0,151478272,151478272,0,151478272,151478272,0,-1,-1,-1
5201,5,1300,10,16,16,4804.289386,4804.307978,0.018592,0x40533c,1,25,0,25,52,100.000000,1,1,0.159094,1.200000,0.800000,cat,14,7ffe,1,1,3874816,3874816,0,151478272,151478272,0,151478272,151478272,0,-1,-1,-1
5201,5,1300,11,16,16,4804.236226,4804.254827,0.018601,0x40533c,1,25,0,25,54,100.000000,1,1,0.159094,1.200000,0.800000,cat,14,7ffe,1,1,3874816,3874816,0,151478272,151478272,0,151478272,151478272,0,-1,-1,-1
5201,5,1300,12,16,16,4804.283939,4804.302776,0.018837,0x40533c,1,51,17,34,56,100.000000,1,1,0.159094,1.200000,0.800000,cat,1,1,1,1,4055040,4055040,0,10629070848,10629070848,0,10629070848,10629070848,0,-1,-1,-1
5201,5,1300,13,16,16,4804.356832,4804.375688,0.018856,0x40533c,1,39,14,25,58,100.000000,1,1,0.159094,1.200000,0.800000,cat,1,1,1,1,4055040,4055040,0,10629070848,10629070848,0,10629070848,10629070848,0,-1,-1,-1
5201,5,1300,14,16,16,4804.264711,4804.283359,0.018648,0x40533c,1,66,29,37,28,100.000000,1,1,0.159094,1.200000,0.800000,cat,1,1,1,1,4055040,4055040,0,10629070848,10629070848,0,10629070848,10629070848,0,-1,-1,-1
5201,5,1300,15,16,16,4804.323247,4804.341828,0.018581,0x40533c,1,24,7,17,62,100.000000,1,1,0.159094,1.200000,0.800000,cat,1,1,1,1,4055040,4055040,0,10629070848,10629070848,0,10629070848,10629070848,0,-1,-1,-1
5598,2,1400,0,16,16,5134.404846,5142.495633,1.272105,0x4051ce,1,11470,2731,8739,32,100.000000,1,1,8.230840,1.200000,0.800000,cat,1,1,1,1,3784704,3964928,270336,11448369152,11449810944,811008,11448369152,11449810944,901120,-1,-1,-1
5598,2,1400,1,16,16,5134.467154,5142.539084,1.226965,0x4051ce,1,13220,1430,11790,34,100.000000,1,1,8.230840,1.200000,0.800000,cat,1,1,1,1,3964928,3964928,90112,11448549376,11449810944,991232,11448639488,11449810944,811008,-1,-1,-1
5598,2,1400,2,16,16,5134.374322,5142.526244,1.226182,0x4051ce,1,13373,1739,11634,36,100.000000,1,1,8.230840,1.200000,0.800000,cat,1,1,1,1,3784704,3964928,180224,11448369152,11449810944,720896,11448369152,11449810944,720896,-1,-1,-1
5598,2,1400,3,16,16,5134.482883,5142.527603,1.224615,0x4051ce,1,12688,1355,11333,6,100.000000,1,1,8.230840,1.200000,0.800000,cat,1,1,1,1,4055040,3964928,180224,11448639488,11449810944,450560,11448639488,11449810944,630784,-1,-1,-1
5598,2,1400,4,16,16,5134.400560,5142.534833,1.217791,0x4051ce,1,12443,610,11833,40,100.000000,1,1,8.230840,1.200000,0.800000,cat,14,7ffe,1,1,3784704,3784704,90112,161300480,161480704,180224,161300480,161480704,90112,-1,-1,-1
5598,2,1400,5,16,16,5134.445212,5142.535047,1.200419,0x4051ce,1,12130,276,11854,10,100.000000,1,1,8.230840,1.200000,0.800000,cat,14,7ffe,1,1,3784704,3784704,90112,161300480,161480704,90112,161300480,161480704,90112,-1,-1,-1
5598,2,1400,6,16,16,5134.355809,5142.541305,1.197244,0x4051ce,1,12072,260,11812,44,100.000000,1,1,8.230840,1.200000,0.800000,cat,14,7ffe,1,1,3784704,3784704,0,161300480,161480704,180224,161300480,161480704,90112,-1,-1,-1
5598,2,1400,7,16,16,5134.339776,5142.534880,1.218045,0x4051ce,1,12097,183,11914,46,100.000000,1,1,8.230840,1.200000,0.800000,cat,14,7ffe,1,1,3874816,3784704,90112,161300480,161480704,180224,161300480,161480704,180224,-1,-1,-1
5598,2,1400,8,16,16,5134.314126,5142.530625,1.210430,0x4051ce,1,11957,144,11813,16,100.000000,1,1,8.230840,1.200000,0.800000,cat,14,7ffe,1,1,3874816,3784704,180224,161300480,161480704,180224,161300480,161480704,90112,-1,-1,-1
5598,2,1400,9,16,16,5134.337356,5142.519065,1.209110,0x4051ce,1,12092,165,11927,18,100.000000,1,1,8.230840,1.200000,0.800000,cat,14,7ffe,1,1,3874816,3784704,180224,161300480,161480704,180224,161300480,161480704,180224,-1,-1,-1
5598,2,1400,10,16,16,5134.323679,5142.539381,1.221519,0x4051ce,1,11897,172,11725,52,100.000000,1,1,8.230840,1.200000,0.800000,cat,14,7ffe,1,1,3874816,3784704,180224,161300480,161480704,90112,161300480,161480704,180224,-1,-1,-1
5598,2,1400,11,16,16,5134.375288,5142.514588,1.206246,0x4051ce,1,12538,129,12409,54,100.000000,1,1,8.230840,1.200000,0.800000,cat,14,7ffe,1,1,3784704,3874816,540672,161300480,161480704,180224,161300480,161480704,180224,-1,-1,-1
5598,2,1400,12,16,16,5134.310465,5142.538678,1.242449,0x4051ce,1,12674,811,11863,56,100.000000,1,1,8.230840,1.200000,0.800000,cat,1,1,1,1,3694592,3964928,450560,11448188928,11449810944,450560,11448188928,11449810944,630784,-1,-1,-1
5598,2,1400,13,16,16,5134.434908,5142.512809,1.219541,0x4051ce,1,13463,1087,12376,58,100.000000,1,1,8.230840,1.200000,0.800000,cat,1,1,1,1,3874816,3964928,90112,11448369152,11449810944,991232,11448549376,11449810944,811008,-1,-1,-1
5598,2,1400,14,16,16,5134.482860,5142.519082,1.209011,0x4051ce,1,13390,741,12649,28,100.000000,1,1,8.230840,1.200000,0.800000,cat,1,1,1,1,4055040,3964928,180224,11448639488,11449810944,901120,11448639488,11449810944,901120,-1,-1,-1
5598,2,1400,15,16,16,5134.355241,5142.507217,1.217840,0x4051ce,1,7089,589,6500,62,100.000000,1,1,8.230840,1.200000,0.800000,cat,1,1,1,1,3694592,3964928,450560,11448279040,11449810944,901120,11448369152,11449810944,811008,-1,-1,-1
5599,3,1400,0,16,16,5142.752404,5142.790807,0.038403,0x405218,1,1251,709,542,32,100.000000,1,1,0.190909,1.200000,0.800000,cat,1,1,1,1,4055040,4055040,0,11449901056,11449991168,90112,11449901056,11449991168,90112,-1,-1,-1
5599,3,1400,1,16,16,5142.874848,5142.919164,0.044316,0x405218,1,686,32,654,34,100.000000,1,1,0.190909,1.200000,0.800000,cat,1,1,1,1,3964928,3874816,-90112,11449991168,11449991168,0,11449991168,11449991168,0,-1,-1,-1
5599,3,1400,2,16,16,5142.882020,5142.920157,0.038137,0x405218,1,491,30,461,36,100.000000,1,1,0.190909,1.200000,0.800000,cat,1,1,1,1,3964928,3874816,-90112,11449991168,11449991168,0,11449991168,11449991168,0,-1,-1,-1
5599,3,1400,3,16,16,5142.773238,5142.817257,0.044019,0x405218,1,298,7,291,6,100.000000,1,1,0.190909,1.200000,0.800000,cat,1,1,1,1,4055040,3874816,-180224,11449901056,11449991168,90112,11449901056,11449991168,90112,-1,-1,-1
5599,3,1400,4,16,16,5142.898643,5142.937509,0.038866,0x405218,1,530,0,530,40,100.000000,1,1,0.190909,1.200000,0.800000,cat,14,7ffe,1,1,3874816,3874816,0,161480704,161480704,0,161480704,161480704,0,-1,-1,-1
5599,3,1400,5,16,16,5142.759670,5142.804038,0.044368,0x405218,1,325,1,324,10,100.000000,1,1,0.190909,1.200000,0.800000,cat,14,7ffe,1,1,3784704,3874816,90112,161480704,161480704,0,161480704,161480704,0,-1,-1,-1
5599,3,1400,6,16,16,5142.824870,5142.868886,0.044016,0x405218,1,604,0,604,44,100.000000,1,1,0.190909,1.200000,0.800000,cat,14,7ffe,1,1,3874816,3874816,0,161480704,161480704,0,161480704,161480704,0,-1,-1,-1
5599,3,1400,7,16,16,5142.770732,5142.810437,0.039705,0x405218,1,509,0,509,46,100.000000,1,1,0.190909,1.200000,0.800000,cat,14,7ffe,1,1,3784704,3874816,90112,161480704,161480704,0,161480704,161480704,0,-1,-1,-1
5599,3,1400,8,16,16,5142.785860,5142.829667,0.043807,0x405218,1,323,0,323,16,100.000000,1,1,0.190909,1.200000,0.800000,cat,14,7ffe,1,1,3784704,3874816,90112,161480704,161480704,0,161480704,161480704,0,-1,-1,-1
5599,3,1400,9,16,16,5142.904007,5142.943313,0.039306,0x405218,1,535,1,534,18,100.000000,1,1,0.190909,1.200000,0.800000,cat,14,7ffe,1,1,3874816,3874816,0,161480704,161480704,0,161480704,161480704,0,-1,-1,-1
5599,3,1400,10,16,16,5142.772957,5142.810597,0.037640,0x405218,1,351,6,345,52,100.000000,1,1,0.190909,1.200000,0.800000,cat,14,7ffe,1,1,3784704,3874816,90112,161480704,161480704,0,161480704,161480704,0,-1,-1,-1
5599,3,1400,11,16,16,5142.807634,5142.852072,0.044438,0x405218,1,654,13,641,54,100.000000,1,1,0.190909,1.200000,0.800000,cat,14,7ffe,1,1,3874816,3874816,0,161480704,161480704,0,161480704,161480704,0,-1,-1,-1
5599,3,1400,12,16,16,5142.780964,5142.825129,0.044165,0x405218,1,398,35,363,56,100.000000,1,1,0.190909,1.200000,0.800000,cat,1,1,1,1,4055040,3874816,-180224,11449901056,11449991168,90112,11449991168,11449991168,0,-1,-1,-1
5599,3,1400,13,16,16,5142.850350,5142.888556,0.038206,0x405218,1,668,43,625,58,100.000000,1,1,0.190909,1.200000,0.800000,cat,1,1,1,1,4055040,3874816,-180224,11449991168,11449991168,0,11449991168,11449991168,0,-1,-1,-1
5599,3,1400,14,16,16,5142.802684,5142.846985,0.044301,0x405218,1,533,21,512,28,100.000000,1,1,0.190909,1.200000,0.800000,cat,1,1,1,1,4055040,3874816,-180224,11449991168,11449991168,0,11449991168,11449991168,0,-1,-1,-1
5599,3,1400,15,16,16,5142.804492,5142.847945,0.043453,0x405218,1,294,51,243,62,100.000000,1,1,0.190909,1.200000,0.800000,cat,1,1,1,1,4055040,3874816,-180224,11449991168,11449991168,0,11449991168,11449991168,0,-1,-1,-1
5600,4,1400,0,16,16,5143.195970,5143.224115,0.028145,0x4052e4,1,1618,754,864,32,100.000000,1,1,0.150407,1.200000,0.800000,cat,1,1,1,1,3694592,3694592,0,11451613184,11451613184,0,11451613184,11451613184,0,-1,-1,-1
5600,4,1400,1,16,16,5143.253806,5143.274017,0.020211,0x4052e4,1,60,22,38,34,100.000000,1,1,0.150407,1.200000,0.800000,cat,1,1,1,1,3694592,3784704,90112,11451613184,11451613184,0,11451613184,11451613184,0,-1,-1,-1
5600,4,1400,2,16,16,5143.310785,5143.331038,0.020253,0x4052e4,1,110,58,52,36,100.000000,1,1,0.150407,1.200000,0.800000,cat,1,1,1,1,3694592,3784704,90112,11451613184,11451613184,0,11451613184,11451613184,0,-1,-1,-1
5600,4,1400,3,16,16,5143.232353,5143.252933,0.020580,0x4052e4,1,73,30,43,6,100.000000,1,1,0.150407,1.200000,0.800000,cat,1,1,1,1,3694592,3784704,90112,11451613184,11451613184,0,11451613184,11451613184,0,-1,-1,-1
5600,4,1400,4,16,16,5143.291690,5143.311838,0.020148,0x4052e4,1,25,0,25,40,100.000000,1,1,0.150407,1.200000,0.800000,cat,14,7ffe,1,1,3874816,3874816,0,161480704,161480704,0,161480704,161480704,0,-1,-1,-1
5600,4,1400,5,16,16,5143.240793,5143.260833,0.020040,0x4052e4,1,23,0,23,10,100.000000,1,1,0.150407,1.200000,0.800000,cat,14,7ffe,1,1,3874816,3874816,0,161480704,161480704,0,161480704,161480704,0,-1,-1,-1
5600,4,1400,6,16,16,5143.243205,5143.263414,0.020209,0x4052e4,1,52,0,52,44,100.000000,1,1,0.150407,1.200000,0.800000,cat,14,7ffe,1,1,3874816,3874816,0,161480704,161480704,0,161480704,161480704,0,-1,-1,-1
5600,4,1400,7,16,16,5143.282096,5143.302121,0.020025,0x4052e4,1,51,0,51,46,100.000000,1,1,0.150407,1.200000,0.800000,cat,14,7ffe,1,1,3874816,3874816,0,161480704,161480704,0,161480704,161480704,0,-1,-1,-1
5600,4,1400,8,16,16,5143.206272,5143.226260,0.019988,0x4052e4,1,33,0,33,16,100.000000,1,1,0.150407,1.200000,0.800000,cat,14,7ffe,1,1,3874816,3874816,0,161480704,161480704,0,161480704,161480704,0,-1,-1,-1
5600,4,1400,9,16,16,5143.223021,5143.243318,0.020297,0x4052e4,1,21,0,21,18,100.000000,1,1,0.150407,1.200000,0.800000,cat,14,7ffe,1,1,3874816,3874816,0,161480704,161480704,0,161480704,161480704,0,-1,-1,-1
5600,4,1400,10,16,16,5143.187821,5143.207908,0.020087,0x4052e4,1,24,0,24,52,100.000000,1,1,0.150407,1.200000,0.800000,cat,14,7ffe,1,1,3874816,3874816,0,161480704,161480704,0,161480704,161480704,0,-1,-1,-1
5600,4,1400,11,16,16,5143.180631,5143.200726,0.020095,0x4052e4,1,35,0,35,54,100.000000,1,1,0.150407,1.200000,0.800000,cat,14,7ffe,1,1,3874816,3874816,0,161480704,161480704,0,161480704,161480704,0,-1,-1,-1
5600,4,1400,12,16,16,5143.282271,5143.302545,0.020274,0x4052e4,1,123,81,42,56,100.000000,1,1,0.150407,1.200000,0.800000,cat,1,1,1,1,3694592,3784704,90112,11451613184,11451613184,0,11451613184,11451613184,0,-1,-1,-1
5600,4,1400,13,16,16,5143.244311,5143.265093,0.020782,0x4052e4,1,121,60,61,58,100.000000,1,1,0.150407,1.200000,0.800000,cat,1,1,1,1,3694592,3784704,90112,11451613184,11451613184,0,11451613184,11451613184,0,-1,-1,-1
5600,4,1400,14,16,16,5143.272890,5143.293835,0.020945,0x4052e4,1,157,109,48,28,100.000000,1,1,0.150407,1.200000,0.800000,cat,1,1,1,1,3694592,3784704,90112,11451613184,11451613184,0,11451613184,11451613184,0,-1,-1,-1
5600,4,1400,15,16,16,5143.223217,5143.244107,0.020890,0x4052e4,1,118,61,57,62,100.000000,1,1,0.150407,1.200000,0.800000,cat,1,1,1,1,3694592,3784704,90112,11451613184,11451613184,0,11451613184,11451613184,0,-1,-1,-1
5601,5,1400,0,16,16,5143.625465,5143.646111,0.020646,0x40533c,1,49,2,47,32,100.000000,1,1,0.182517,1.200000,0.800000,cat,1,1,1,1,3784704,3784704,0,11451613184,11451703296,90112,11451613184,11451703296,90112,-1,-1,-1
5601,5,1400,1,16,16,5143.586097,5143.606335,0.020238,0x40533c,1,35,2,33,34,100.000000,1,1,0.182517,1.200000,0.800000,cat,1,1,1,1,3784704,3784704,0,11451613184,11451613184,0,11451613184,11451613184,0,-1,-1,-1
5601,5,1400,2,16,16,5143.467676,5143.487727,0.020051,0x40533c,1,15,1,14,36,100.000000,1,1,0.182517,1.200000,0.800000,cat,1,1,1,1,3874816,3874816,0,11451613184,11451613184,0,11451613184,11451613184,0,-1,-1,-1
5601,5,1400,3,16,16,5143.463594,5143.484396,0.020802,0x40533c,1,46,11,35,6,100.000000,1,1,0.182517,1.200000,0.800000,cat,1,1,1,1,3874816,3874816,0,11451613184,11451613184,0,11451613184,11451613184,0,-1,-1,-1
5601,5,1400,4,16,16,5143.565612,5143.585685,0.020073,0x40533c,1,41,0,41,40,100.000000,1,1,0.182517,1.200000,0.800000,cat,14,7ffe,1,1,3874816,3874816,0,161480704,161480704,0,161480704,161480704,0,-1,-1,-1
5601,5,1400,5,16,16,5143.505148,5143.527486,0.022338,0x40533c,1,38,0,38,10,100.000000,1,1,0.182517,1.200000,0.800000,cat,14,7ffe,1,1,3874816,3874816,0,161480704,161480704,0,161480704,161480704,0,-1,-1,-1
5601,5,1400,6,16,16,5143.466648,5143.486890,0.020242,0x40533c,1,33,0,33,44,100.000000,1,1,0.182517,1.200000,0.800000,cat,14,7ffe,1,1,3874816,3874816,0,161480704,161480704,0,161480704,161480704,0,-1,-1,-1
5601,5,1400,7,16,16,5143.495116,5143.515398,0.020282,0x40533c,1,38,0,38,46,100.000000,1,1,0.182517,1.200000,0.800000,cat,14,7ffe,1,1,3874816,3874816,0,161480704,161480704,0,161480704,161480704,0,-1,-1,-1
5601,5,1400,8,16,16,5143.562986,5143.582841,0.019855,0x40533c,1,21,0,21,16,100.000000,1,1,0.182517,1.200000,0.800000,cat,14,7ffe,1,1,3874816,3874816,0,161480704,161480704,0,161480704,161480704,0,-1,-1,-1
5601,5,1400,9,16,16,5143.491775,5143.511788,0.020013,0x40533c,1,41,0,41,18,100.000000,1,1,0.182517,1.200000,0.800000,cat,14,7ffe,1,1,3874816,3874816,0,161480704,161480704,0,161480704,161480704,0,-1,-1,-1
5601,5,1400,10,16,16,5143.610003,5143.630082,0.020079,0x40533c,1,22,0,22,52,100.000000,1,1,0.182517,1.200000,0.800000,cat,14,7ffe,1,1,3874816,3874816,0,161480704,161480704,0,161480704,161480704,0,-1,-1,-1
5601,5,1400,11,16,16,5143.516696,5143.538838,0.022142,0x40533c,1,29,0,29,54,100.000000,1,1,0.182517,1.200000,0.800000,cat,14,7ffe,1,1,3874816,3874816,0,161480704,161480704,0,161480704,161480704,0,-1,-1,-1
5601,5,1400,12,16,16,5143.618476,5143.638342,0.019866,0x40533c,1,43,3,40,56,100.000000,1,1,0.182517,1.200000,0.800000,cat,1,1,1,1,3784704,3784704,0,11451613184,11451613184,0,11451613184,11451703296,90112,-1,-1,-1
5601,5,1400,13,16,16,5143.482268,5143.502578,0.020310,0x40533c,1,51,7,44,58,100.000000,1,1,0.182517,1.200000,0.800000,cat,1,1,1,1,3874816,3784704,-90112,11451613184,11451613184,0,11451613184,11451613184,0,-1,-1,-1
5601,5,1400,14,16,16,5143.557876,5143.577765,0.019889,0x40533c,1,21,4,17,28,100.000000,1,1,0.182517,1.200000,0.800000,cat,1,1,1,1,3784704,3784704,0,11451613184,11451613184,0,11451613184,11451613184,0,-1,-1,-1
5601,5,1400,15,16,16,5143.601080,5143.621276,0.020196,0x40533c,1,40,13,27,62,100.000000,1,1,0.182517,1.200000,0.800000,cat,1,1,1,1,3784704,3784704,0,11451613184,11451613184,0,11451613184,11451613184,0,-1,-1,-1
5998,2,1500,0,16,16,5474.541164,5482.658647,1.226943,0x4051ce,1,11454,2464,8990,32,100.000000,1,1,8.205529,1.200000,0.800000,cat,1,1,1,1,3784704,3694592,0,12282716160,12283437056,720896,12282806272,12283437056,630784,-1,-1,-1
5998,2,1500,1,16,16,5474.519209,5482.645959,1.221456,0x4051ce,1,13247,1645,11602,34,100.000000,1,1,8.205529,1.200000,0.800000,cat,1,1,1,1,3784704,3694592,0,12282626048,12283437056,720896,12282716160,12283437056,720896,-1,-1,-1
5998,2,1500,2,16,16,5474.480422,5482.603388,1.219039,0x4051ce,1,13171,1473,11698,4,100.000000,1,1,8.205529,1.200000,0.800000,cat,1,1,1,1,3694592,3694592,360448,12282445824,12283437056,720896,12282626048,12283437056,630784,-1,-1,-1
5998,2,1500,3,16,16,5474.486160,5482.662765,1.221355,0x4051ce,1,12357,1461,10896,6,100.000000,1,1,8.205529,1.200000,0.800000,cat,1,1,1,1,3694592,3694592,0,12282535936,12283437056,720896,12282626048,12283437056,720896,-1,-1,-1
5998,2,1500,4,16,16,5474.518058,5482.658763,1.202776,0x4051ce,1,12826,515,12311,40,100.000000,1,1,8.205529,1.200000,0.800000,cat,14,7ffe,1,1,3784704,3784704,0,171212800,171212800,0,171212800,171212800,0,-1,-1,-1
5998,2,1500,5,16,16,5474.457236,5482.634937,1.219868,0x4051ce,1,11968,309,11659,10,100.000000,1,1,8.205529,1.200000,0.800000,cat,14,7ffe,1,1,3874816,3784704,90112,171212800,171212800,0,171212800,171212800,0,-1,-1,-1
5998,2,1500,6,16,16,5474.539115,5482.638532,1.195960,0x4051ce,1,12302,278,12024,44,100.000000,1,1,8.205529,1.200000,0.800000,cat,14,7ffe,1,1,3964928,3784704,0,171212800,171212800,0,171212800,171212800,0,-1,-1,-1
5998,2,1500,7,16,16,5474.575056,5482.656937,1.188450,0x4051ce,1,12031,275,11756,46,100.000000,1,1,8.205529,1.200000,0.800000,cat,14,7ffe,1,1,3964928,3784704,0,171212800,171212800,0,171212800,171212800,0,-1,-1,-1
5998,2,1500,8,16,16,5474.501996,5482.628107,1.218826,0x4051ce,1,11945,182,11763,16,100.000000,1,1,8.205529,1.200000,0.800000,cat,14,7ffe,1,1,3874816,3784704,0,171212800,171212800,0,171212800,171212800,0,-1,-1,-1
5998,2,1500,9,16,16,5474.541697,5482.653510,1.226676,0x4051ce,1,12345,214,12131,18,100.000000,1,1,8.205529,1.200000,0.800000,cat,14,7ffe,1,1,3964928,3784704,90112,171212800,171212800,0,171212800,171212800,0,-1,-1,-1
5998,2,1500,10,16,16,5474.497994,5482.632524,1.199976,0x4051ce,1,12044,184,11860,52,100.000000,1,1,8.205529,1.200000,0.800000,cat,14,7ffe,1,1,3784704,3784704,270336,171212800,171212800,0,171212800,171212800,0,-1,-1,-1
5998,2,1500,11,16,16,5474.479633,5482.651429,1.211044,0x4051ce,1,12126,147,11979,54,100.000000,1,1,8.205529,1.200000,0.800000,cat,14,7ffe,1,1,3874816,3784704,90112,171212800,171212800,0,171212800,171212800,0,-1,-1,-1
5998,2,1500,12,16,16,5474.469896,5482.643740,1.211725,0x4051ce,1,12622,768,11854,56,100.000000,1,1,8.205529,1.200000,0.800000,cat,1,1,1,1,3694592,3694592,270336,12282445824,12283437056,450560,12282535936,12283437056,540672,-1,-1,-1
5998,2,1500,13,16,16,5474.547668,5482.649864,1.233358,0x4051ce,1,13551,1006,12545,58,100.000000,1,1,8.205529,1.200000,0.800000,cat,1,1,1,1,3784704,3694592,180224,12282806272,12283437056,630784,12282806272,12283437056,630784,-1,-1,-1
5998,2,1500,14,16,16,5474.556078,5482.641471,1.238801,0x4051ce,1,13483,825,12658,28,100.000000,1,1,8.205529,1.200000,0.800000,cat,1,1,1,1,3784704,3694592,0,12282806272,12283437056,630784,12282806272,12283437056,630784,-1,-1,-1
5998,2,1500,15,16,16,5474.556448,5482.630662,1.204605,0x4051ce,1,6940,633,6307,30,100.000000,1,1,8.205529,1.200000,0.800000,cat,1,1,1,1,3874816,3694592,90112,12282716160,12283437056,720896,12282806272,12283437056,630784,-1,-1,-1
5999,3,1500,0,16,16,5482.867686,5482.902437,0.034751,0x405218,1,1397,711,686,32,100.000000,1,1,0.181916,1.200000,0.800000,cat,1,1,1,1,3694592,3694592,0,12283527168,12283617280,90112,12283527168,12283617280,90112,-1,-1,-1
5999,3,1500,1,16,16,5482.860096,5482.895342,0.035246,0x405218,1,399,11,388,34,100.000000,1,1,0.181916,1.200000,0.800000,cat,1,1,1,1,3694592,3694592,0,12283527168,12283617280,90112,12283527168,12283617280,90112,-1,-1,-1
5999,3,1500,2,16,16,5482.923318,5482.965109,0.041791,0x405218,1,510,37,473,4,100.000000,1,1,0.181916,1.200000,0.800000,cat,1,1,1,1,3694592,3604480,-90112,12283617280,12283617280,0,12283617280,12283617280,0,-1,-1,-1
5999,3,1500,3,16,16,5482.987575,5483.029148,0.041573,0x405218,1,585,11,574,6,100.000000,1,1,0.181916,1.200000,0.800000,cat,1,1,1,1,3694592,3604480,-90112,12283617280,12283617280,0,12283617280,12283617280,0,-1,-1,-1
5999,3,1500,4,16,16,5482.896229,5482.930742,0.034513,0x405218,1,294,2,292,40,100.000000,1,1,0.181916,1.200000,0.800000,cat,14,7ffe,1,1,3874816,3874816,0,171212800,171212800,0,171212800,171212800,0,-1,-1,-1
5999,3,1500,5,16,16,5482.959065,5482.995246,0.036181,0x405218,1,596,0,596,10,100.000000,1,1,0.181916,1.200000,0.800000,cat,14,7ffe,1,1,3874816,3874816,0,171212800,171212800,0,171212800,171212800,0,-1,-1,-1
5999,3,1500,6,16,16,5482.904193,5482.939999,0.035806,0x405218,1,492,1,491,44,100.000000,1,1,0.181916,1.200000,0.800000,cat,14,7ffe,1,1,3784704,3874816,90112,171212800,171212800,0,171212800,171212800,0,-1,-1,-1
5999,3,1500,7,16,16,5482.886666,5482.922654,0.035988,0x405218,1,558,1,557,46,100.000000,1,1,0.181916,1.200000,0.800000,cat,14,7ffe,1,1,3784704,3874816,90112,171212800,171212800,0,171212800,171212800,0,-1,-1,-1
5999,3,1500,8,16,16,5482.853438,5482.888787,0.035349,0x405218,1,308,5,303,16,100.000000,1,1,0.181916,1.200000,0.800000,cat,14,7ffe,1,1,3784704,3874816,90112,171212800,171212800,0,171212800,171212800,0,-1,-1,-1
5999,3,1500,9,16,16,5482.912724,5482.954407,0.041683,0x405218,1,605,3,602,18,100.000000,1,1,0.181916,1.200000,0.800000,cat,14,7ffe,1,1,3784704,3874816,90112,171212800,171212800,0,171212800,171212800,0,-1,-1,-1
5999,3,1500,10,16,16,5482.888277,5482.929183,0.040906,0x405218,1,360,2,358,52,100.000000,1,1,0.181916,1.200000,0.800000,cat,14,7ffe,1,1,3874816,3874816,0,171212800,171212800,0,171212800,171212800,0,-1,-1,-1
5999,3,1500,11,16,16,5482.980956,5483.022878,0.041922,0x405218,1,613,26,587,54,100.000000,1,1,0.181916,1.200000,0.800000,cat,14,7ffe,1,1,3874816,3874816,0,171212800,171212800,0,171212800,171212800,0,-1,-1,-1
5999,3,1500,12,16,16,5482.876720,5482.919195,0.042475,0x405218,1,388,41,347,56,100.000000,1,1,0.181916,1.200000,0.800000,cat,1,1,1,1,3694592,3694592,0,12283527168,12283617280,90112,12283527168,12283617280,90112,-1,-1,-1
5999,3,1500,13,16,16,5482.993757,5483.035354,0.041597,0x405218,1,628,54,574,58,100.000000,1,1,0.181916,1.200000,0.800000,cat,1,1,1,1,3694592,3604480,-90112,12283617280,12283617280,0,12283617280,12283617280,0,-1,-1,-1
5999,3,1500,14,16,16,5482.932109,5482.967548,0.035439,0x405218,1,510,30,480,28,100.000000,1,1,0.181916,1.200000,0.800000,cat,1,1,1,1,3694592,3604480,-90112,12283617280,12283617280,0,12283617280,12283617280,0,-1,-1,-1
5999,3,1500,15,16,16,5482.953099,5482.987939,0.034840,0x405218,1,274,47,227,30,100.000000,1,1,0.181916,1.200000,0.800000,cat,1,1,1,1,3694592,3604480,-90112,12283617280,12283617280,0,12283617280,12283617280,0,-1,-1,-1
6000,4,1500,0,16,16,5483.293138,5483.318809,0.025671,0x4052e4,1,1693,739,954,32,100.000000,1,1,0.178002,1.200000,0.800000,cat,1,1,1,1,3694592,3694592,0,12285419520,12285599744,180224,12285419520,12285689856,270336,-1,-1,-1
6000,4,1500,1,16,16,5483.340653,5483.360096,0.019443,0x4052e4,1,105,58,47,34,100.000000,1,1,0.178002,1.200000,0.800000,cat,1,1,1,1,3694592,3694592,0,12285509632,12285689856,180224,12285599744,12285689856,90112,-1,-1,-1
6000,4,1500,2,16,16,5483.262248,5483.280947,0.018699,0x4052e4,1,57,16,41,4,100.000000,1,1,0.178002,1.200000,0.800000,cat,1,1,1,1,3694592,3694592,0,12285329408,12285509632,180224,12285329408,12285599744,270336,-1,-1,-1
6000,4,1500,3,16,16,5483.352780,5483.371983,0.019203,0x4052e4,1,75,45,30,6,100.000000,1,1,0.178002,1.200000,0.800000,cat,1,1,1,1,3694592,3694592,0,12285599744,12285689856,90112,12285599744,12285689856,90112,-1,-1,-1
6000,4,1500,4,16,16,5483.330241,5483.348936,0.018695,0x4052e4,1,54,0,54,40,100.000000,1,1,0.178002,1.200000,0.800000,cat,14,7ffe,1,1,3874816,3874816,0,171212800,171212800,0,171212800,171212800,0,-1,-1,-1
6000,4,1500,5,16,16,5483.331489,5483.350244,0.018755,0x4052e4,1,20,1,19,10,100.000000,1,1,0.178002,1.200000,0.800000,cat,14,7ffe,1,1,3874816,3874816,0,171212800,171212800,0,171212800,171212800,0,-1,-1,-1
6000,4,1500,6,16,16,5483.269208,5483.287859,0.018651,0x4052e4,1,41,0,41,44,100.000000,1,1,0.178002,1.200000,0.800000,cat,14,7ffe,1,1,3874816,3874816,0,171212800,171212800,0,171212800,171212800,0,-1,-1,-1
6000,4,1500,7,16,16,5483.301021,5483.319824,0.018803,0x4052e4,1,29,0,29,46,100.000000,1,1,0.178002,1.200000,0.800000,cat,14,7ffe,1,1,3874816,3874816,0,171212800,171212800,0,171212800,171212800,0,-1,-1,-1
6000,4,1500,8,16,16,5483.421690,5483.440250,0.018560,0x4052e4,1,82,0,82,16,100.000000,1,1,0.178002,1.200000,0.800000,cat,14,7ffe,1,1,3874816,3874816,0,171212800,171212800,0,171212800,171212800,0,-1,-1,-1
6000,4,1500,9,16,16,5483.411163,5483.429928,0.018765,0x4052e4,1,111,9,102,18,100.000000,1,1,0.178002,1.200000,0.800000,cat,14,7ffe,1,1,3874816,3874816,0,171212800,171212800,0,171212800,171212800,0,-1,-1,-1
6000,4,1500,10,16,16,5483.293526,5483.312294,0.018768,0x4052e4,1,46,0,46,52,100.000000,1,1,0.178002,1.200000,0.800000,cat,14,7ffe,1,1,3874816,3874816,0,171212800,171212800,0,171212800,171212800,0,-1,-1,-1
6000,4,1500,11,16,16,5483.382133,5483.400824,0.018691,0x4052e4,1,63,0,63,54,100.000000,1,1,0.178002,1.200000,0.800000,cat,14,7ffe,1,1,3874816,3874816,0,171212800,171212800,0,171212800,171212800,0,-1,-1,-1
6000,4,1500,12,16,16,5483.267103,5483.285775,0.018672,0x4052e4,1,126,66,60,56,100.000000,1,1,0.178002,1.200000,0.800000,cat,1,1,1,1,3694592,3694592,0,12285329408,12285509632,180224,12285419520,12285599744,180224,-1,-1,-1
6000,4,1500,13,16,16,5483.312328,5483.331149,0.018821,0x4052e4,1,96,47,49,58,100.000000,1,1,0.178002,1.200000,0.800000,cat,1,1,1,1,3694592,3694592,0,12285419520,12285689856,270336,12285419520,12285689856,270336,-1,-1,-1
6000,4,1500,14,16,16,5483.418708,5483.437639,0.018931,0x4052e4,1,155,107,48,28,100.000000,1,1,0.178002,1.200000,0.800000,cat,1,1,1,1,3694592,3694592,0,12285689856,12285689856,0,12285689856,12285689856,0,-1,-1,-1
6000,4,1500,15,16,16,5483.387629,5483.406838,0.019209,0x4052e4,1,157,103,54,30,100.000000,1,1,0.178002,1.200000,0.800000,cat,1,1,1,1,3694592,3694592,0,12285599744,12285689856,90112,12285689856,12285689856,0,-1,-1,-1
6001,5,1500,0,16,16,5483.636095,5483.655237,0.019142,0x40533c,1,41,0,41,32,100.000000,1,1,0.169889,1.200000,0.800000,cat,1,1,1,1,3694592,3694592,0,12285870080,12285870080,0,12285870080,12285870080,0,-1,-1,-1
6001,5,1500,1,16,16,5483.716438,5483.734981,0.018543,0x40533c,1,23,7,16,34,100.000000,1,1,0.169889,1.200000,0.800000,cat,1,1,1,1,3694592,3694592,0,12285870080,12285870080,0,12285870080,12285870080,0,-1,-1,-1
6001,5,1500,2,16,16,5483.664866,5483.683576,0.018710,0x40533c,1,35,19,16,4,100.000000,1,1,0.169889,1.200000,0.800000,cat,1,1,1,1,3694592,3694592,0,12285870080,12285870080,0,12285870080,12285870080,0,-1,-1,-1
6001,5,1500,3,16,16,5483.570612,5483.589380,0.018768,0x40533c,1,27,6,21,6,100.000000,1,1,0.169889,1.200000,0.800000,cat,1,1,1,1,3694592,3694592,0,12285870080,12285870080,0,12285870080,12285870080,0,-1,-1,-1
6001,5,1500,4,16,16,5483.578554,5483.597379,0.018825,0x40533c,1,16,0,16,40,100.000000,1,1,0.169889,1.200000,0.800000,cat,14,7ffe,1,1,3874816,3964928,90112,171212800,171212800,0,171212800,171212800,0,-1,-1,-1
6001,5,1500,5,16,16,5483.585577,5483.604350,0.018773,0x40533c,1,23,0,23,10,100.000000,1,1,0.169889,1.200000,0.800000,cat,14,7ffe,1,1,3874816,3964928,90112,171212800,171212800,0,171212800,171212800,0,-1,-1,-1
6001,5,1500,6,16,16,5483.602903,5483.621596,0.018693,0x40533c,1,23,0,23,44,100.000000,1,1,0.169889,1.200000,0.800000,cat,14,7ffe,1,1,3874816,3964928,90112,171212800,171212800,0,171212800,171212800,0,-1,-1,-1
6001,5,1500,7,16,16,5483.606730,5483.625919,0.019189,0x40533c,1,57,0,57,46,100.000000,1,1,0.169889,1.200000,0.800000,cat,14,7ffe,1,1,3874816,3964928,90112,171212800,171212800,0,171212800,171212800,0,-1,-1,-1
6001,5,1500,8,16,16,5483.584612,5483.603233,0.018621,0x40533c,1,14,0,14,16,100.000000,1,1,0.169889,1.200000,0.800000,cat,14,7ffe,1,1,3874816,3964928,90112,171212800,171212800,0,171212800,171212800,0,-1,-1,-1
6001,5,1500,9,16,16,5483.692029,5483.710756,0.018727,0x40533c,1,24,0,24,18,100.000000,1,1,0.169889,1.200000,0.800000,cat,14,7ffe,1,1,3964928,3964928,0,171212800,171212800,0,171212800,171212800,0,-1,-1,-1
6001,5,1500,10,16,16,5483.627176,5483.645611,0.018435,0x40533c,1,36,0,36,52,100.000000,1,1,0.169889,1.200000,0.800000,cat,14,7ffe,1,1,3874816,3964928,90112,171212800,171212800,0,171212800,171212800,0,-1,-1,-1
6001,5,1500,11,16,16,5483.589875,5483.608505,0.018630,0x40533c,1,38,0,38,54,100.000000,1,1,0.169889,1.200000,0.800000,cat,14,7ffe,1,1,3874816,3964928,90112,171212800,171212800,0,171212800,171212800,0,-1,-1,-1
6001,5,1500,12,16,16,5483.711242,5483.729856,0.018614,0x40533c,1,54,26,28,56,100.000000,1,1,0.169889,1.200000,0.800000,cat,1,1,1,1,3694592,3694592,0,12285870080,12285870080,0,12285870080,12285870080,0,-1,-1,-1
6001,5,1500,13,16,16,5483.570478,5483.589194,0.018716,0x40533c,1,38,15,23,58,100.000000,1,1,0.169889,1.200000,0.800000,cat,1,1,1,1,3694592,3694592,0,12285870080,12285870080,0,12285870080,12285870080,0,-1,-1,-1
6001,5,1500,14,16,16,5483.699796,5483.718368,0.018572,0x40533c,1,55,15,40,28,100.000000,1,1,0.169889,1.200000,0.800000,cat,1,1,1,1,3694592,3694592,0,12285870080,12285870080,0,12285870080,12285870080,0,-1,-1,-1
6001,5,1500,15,16,16,5483.721803,5483.740367,0.018564,0x40533c,1,28,10,18,30,100.000000,1,1,0.169889,1.200000,0.800000,cat,1,1,1,1,3694592,3694592,0,12285870080,12285870080,0,12285870080,12285870080,0,-1,-1,-1
6398,2,1600,0,16,16,5815.425831,5823.602446,1.294702,0x4051ce,1,11590,2571,9019,32,100.000000,1,1,8.320378,1.200000,0.800000,cat,1,1,1,1,3874816,3964928,90112,13108051968,13108682752,630784,13108232192,13108682752,450560,-1,-1,-1
6398,2,1600,1,16,16,5815.383590,5823.577983,1.297365,0x4051ce,1,13413,1692,11721,34,100.000000,1,1,8.320378,1.200000,0.800000,cat,1,1,1,1,3784704,3964928,90112,13108051968,13108682752,450560,13108051968,13108682752,450560,-1,-1,-1
6398,2,1600,2,16,16,5815.321010,5823.576530,1.290853,0x4051ce,1,13263,1680,11583,4,100.000000,1,1,8.320378,1.200000,0.800000,cat,1,1,1,1,3604480,3964928,360448,13107871744,13108682752,630784,13107871744,13108682752,540672,-1,-1,-1
6398,2,1600,3,16,16,5815.371225,5823.536373,1.287241,0x4051ce,1,12391,1336,11055,6,100.000000,1,1,8.320378,1.200000,0.800000,cat,1,1,1,1,3604480,3964928,450560,13108051968,13108682752,450560,13108051968,13108682752,360448,-1,-1,-1
6398,2,1600,4,16,16,5815.330720,5823.592071,1.286800,0x4051ce,1,12676,564,12112,8,100.000000,1,1,8.320378,1.200000,0.800000,cat,14,7ffe,1,1,3604480,3244032,-90112,180584448,180584448,0,180584448,180584448,0,-1,-1,-1
6398,2,1600,5,16,16,5815.331533,5823.605201,1.283005,0x4051ce,1,11972,303,11669,10,100.000000,1,1,8.320378,1.200000,0.800000,cat,14,7ffe,1,1,3604480,3244032,180224,180584448,180584448,0,180584448,180584448,0,-1,-1,-1
6398,2,1600,6,16,16,5815.286568,5823.590789,1.296144,0x4051ce,1,12036,240,11796,44,100.000000,1,1,8.320378,1.200000,0.800000,cat,14,7ffe,1,1,3604480,3244032,0,180584448,180584448,0,180584448,180584448,0,-1,-1,-1
6398,2,1600,7,16,16,5815.347044,5823.596715,1.301432,0x4051ce,1,12006,134,11872,46,100.000000,1,1,8.320378,1.200000,0.800000,cat,14,7ffe,1,1,3604480,3244032,0,180584448,180584448,0,180584448,180584448,0,-1,-1,-1
6398,2,1600,8,16,16,5815.290955,5823.606946,1.281547,0x4051ce,1,12031,158,11873,16,100.000000,1,1,8.320378,1.200000,0.800000,cat,14,7ffe,1,1,3604480,3244032,90112,180584448,180584448,0,180584448,180584448,0,-1,-1,-1
6398,2,1600,9,16,16,5815.426747,5823.574861,1.274941,0x4051ce,1,11985,238,11747,18,100.000000,1,1,8.320378,1.200000,0.800000,cat,14,7ffe,1,1,3604480,3334144,360448,180584448,180584448,0,180584448,180584448,0,-1,-1,-1
6398,2,1600,10,16,16,5815.296092,5823.598509,1.286668,0x4051ce,1,11695,158,11537,52,100.000000,1,1,8.320378,1.200000,0.800000,cat,14,7ffe,1,1,3604480,3244032,180224,180584448,180584448,0,180584448,180584448,0,-1,-1,-1
6398,2,1600,11,16,16,5815.354590,5823.589115,1.295237,0x4051ce,1,12315,122,12193,54,100.000000,1,1,8.320378,1.200000,0.800000,cat,14,7ffe,1,1,3604480,3244032,540672,180584448,180584448,0,180584448,180584448,0,-1,-1,-1
6398,2,1600,12,16,16,5815.431440,5823.594938,1.277612,0x4051ce,1,12547,664,11883,56,100.000000,1,1,8.320378,1.200000,0.800000,cat,1,1,1,1,3964928,3964928,90112,13108051968,13108682752,630784,13108232192,13108682752,450560,-1,-1,-1
6398,2,1600,13,16,16,5815.383229,5823.582001,1.290958,0x4051ce,1,13719,968,12751,58,100.000000,1,1,8.320378,1.200000,0.800000,cat,1,1,1,1,3694592,3964928,180224,13108051968,13108682752,450560,13108051968,13108682752,450560,-1,-1,-1
6398,2,1600,14,16,16,5815.309855,5823.590408,1.293563,0x4051ce,1,13080,887,12193,28,100.000000,1,1,8.320378,1.200000,0.800000,cat,1,1,1,1,3604480,3964928,450560,13107871744,13108682752,630784,13107871744,13108682752,630784,-1,-1,-1
6398,2,1600,15,16,16,5815.295004,5823.594113,1.276177,0x4051ce,1,7186,659,6527,30,100.000000,1,1,8.320378,1.200000,0.800000,cat,1,1,1,1,3604480,3964928,450560,13107871744,13108682752,270336,13107871744,13108682752,450560,-1,-1,-1
6399,3,1600,0,16,16,5823.807961,5823.845367,0.037406,0x405218,1,1221,716,505,32,100.000000,1,1,0.182168,1.200000,0.800000,cat,1,1,1,1,4055040,4055040,0,13108772864,13108862976,90112,13108772864,13108862976,90112,-1,-1,-1
6399,3,1600,1,16,16,5823.853028,5823.897786,0.044758,0x405218,1,804,65,739,2,100.000000,1,1,0.182168,1.200000,0.800000,cat,1,1,1,1,4055040,4055040,0,13108862976,13108862976,0,13108862976,13108862976,0,-1,-1,-1
6399,3,1600,2,16,16,5823.843652,5823.887464,0.043812,0x405218,1,420,24,396,4,100.000000,1,1,0.182168,1.200000,0.800000,cat,1,1,1,1,4055040,4055040,0,13108772864,13108862976,90112,13108862976,13108862976,0,-1,-1,-1
6399,3,1600,3,16,16,5823.951612,5823.988884,0.037272,0x405218,1,601,30,571,6,100.000000,1,1,0.182168,1.200000,0.800000,cat,1,1,1,1,4055040,4055040,0,13108862976,13108862976,0,13108862976,13108862976,0,-1,-1,-1
6399,3,1600,4,16,16,5823.819344,5823.863634,0.044290,0x405218,1,280,0,280,8,100.000000,1,1,0.182168,1.200000,0.800000,cat,14,7ffe,1,1,3244032,3334144,90112,180584448,180584448,0,180584448,180584448,0,-1,-1,-1
6399,3,1600,5,16,16,5823.862982,5823.906566,0.043584,0x405218,1,512,0,512,10,100.000000,1,1,0.182168,1.200000,0.800000,cat,14,7ffe,1,1,3334144,3334144,0,180584448,180584448,0,180584448,180584448,0,-1,-1,-1
6399,3,1600,6,16,16,5823.925268,5823.969816,0.044548,0x405218,1,608,0,608,44,100.000000,1,1,0.182168,1.200000,0.800000,cat,14,7ffe,1,1,3334144,3334144,0,180584448,180584448,0,180584448,180584448,0,-1,-1,-1
6399,3,1600,7,16,16,5823.829247,5823.867581,0.038334,0x405218,1,442,3,439,46,100.000000,1,1,0.182168,1.200000,0.800000,cat,14,7ffe,1,1,3244032,3334144,90112,180584448,180584448,0,180584448,180584448,0,-1,-1,-1
6399,3,1600,8,16,16,5823.890833,5823.934708,0.043875,0x405218,1,591,4,587,16,100.000000,1,1,0.182168,1.200000,0.800000,cat,14,7ffe,1,1,3334144,3334144,0,180584448,180584448,0,180584448,180584448,0,-1,-1,-1
6399,3,1600,9,16,16,5823.836522,5823.881733,0.045211,0x405218,1,421,1,420,18,100.000000,1,1,0.182168,1.200000,0.800000,cat,14,7ffe,1,1,3244032,3334144,90112,180584448,180584448,0,180584448,180584448,0,-1,-1,-1
6399,3,1600,10,16,16,5823.810433,5823.854730,0.044297,0x405218,1,360,2,358,52,100.000000,1,1,0.182168,1.200000,0.800000,cat,14,7ffe,1,1,3244032,3334144,90112,180584448,180584448,0,180584448,180584448,0,-1,-1,-1
6399,3,1600,11,16,16,5823.937047,5823.980782,0.043735,0x405218,1,645,25,620,54,100.000000,1,1,0.182168,1.200000,0.800000,cat,14,7ffe,1,1,3334144,3334144,0,180584448,180584448,0,180584448,180584448,0,-1,-1,-1
6399,3,1600,12,16,16,5823.951873,5823.990129,0.038256,0x405218,1,476,31,445,56,100.000000,1,1,0.182168,1.200000,0.800000,cat,1,1,1,1,4055040,4055040,0,13108862976,13108862976,0,13108862976,13108862976,0,-1,-1,-1
6399,3,1600,13,16,16,5823.880370,5823.924085,0.043715,0x405218,1,486,33,453,58,100.000000,1,1,0.182168,1.200000,0.800000,cat,1,1,1,1,4055040,4055040,0,13108862976,13108862976,0,13108862976,13108862976,0,-1,-1,-1
6399,3,1600,14,16,16,5823.843336,5823.881155,0.037819,0x405218,1,508,21,487,28,100.000000,1,1,0.182168,1.200000,0.800000,cat,1,1,1,1,4055040,4055040,0,13108772864,13108862976,90112,13108862976,13108862976,0,-1,-1,-1
6399,3,1600,15,16,16,5823.865235,5823.902098,0.036863,0x405218,1,268,44,224,30,100.000000,1,1,0.182168,1.200000,0.800000,cat,1,1,1,1,4055040,4055040,0,13108862976,13108862976,0,13108862976,13108862976,0,-1,-1,-1
6400,4,1600,0,16,16,5824.274280,5824.301646,0.027366,0x4052e4,1,1787,817,970,32,100.000000,1,1,0.167680,1.200000,0.800000,cat,1,1,1,1,3874816,3874816,0,13110755328,13110845440,90112,13110755328,13110845440,90112,-1,-1,-1
6400,4,1600,1,16,16,5824.297810,5824.318969,0.021159,0x4052e4,1,148,75,73,2,100.000000,1,1,0.167680,1.200000,0.800000,cat,1,1,1,1,3874816,3874816,0,13110755328,13110845440,90112,13110755328,13110845440,90112,-1,-1,-1
6400,4,1600,2,16,16,5824.238185,5824.258409,0.020224,0x4052e4,1,74,10,64,4,100.000000,1,1,0.167680,1.200000,0.800000,cat,1,1,1,1,3874816,3784704,-90112,13110665216,13110845440,180224,13110755328,13110845440,90112,-1,-1,-1
6400,4,1600,3,16,16,5824.240758,5824.261200,0.020442,0x4052e4,1,38,12,26,6,100.000000,1,1,0.167680,1.200000,0.800000,cat,1,1,1,1,3874816,3784704,-90112,13110575104,13110845440,270336,13110755328,13110845440,90112,-1,-1,-1
6400,4,1600,4,16,16,5824.287700,5824.308310,0.020610,0x4052e4,1,57,1,56,8,100.000000,1,1,0.167680,1.200000,0.800000,cat,14,7ffe,1,1,3334144,3334144,0,180584448,180584448,0,180584448,180584448,0,-1,-1,-1
6400,4,1600,5,16,16,5824.359439,5824.379645,0.020206,0x4052e4,1,20,1,19,10,100.000000,1,1,0.167680,1.200000,0.800000,cat,14,7ffe,1,1,3334144,3334144,0,180584448,180584448,0,180584448,180584448,0,-1,-1,-1
6400,4,1600,6,16,16,5824.269404,5824.289603,0.020199,0x4052e4,1,34,0,34,44,100.000000,1,1,0.167680,1.200000,0.800000,cat,14,7ffe,1,1,3334144,3334144,0,180584448,180584448,0,180584448,180584448,0,-1,-1,-1
6400,4,1600,7,16,16,5824.247759,5824.267861,0.020102,0x4052e4,1,70,1,69,46,100.000000,1,1,0.167680,1.200000,0.800000,cat,14,7ffe,1,1,3334144,3334144,0,180584448,180584448,0,180584448,180584448,0,-1,-1,-1
6400,4,1600,8,16,16,5824.251803,5824.271792,0.019989,0x4052e4,1,29,0,29,16,100.000000,1,1,0.167680,1.200000,0.800000,cat,14,7ffe,1,1,3334144,3334144,0,180584448,180584448,0,180584448,180584448,0,-1,-1,-1
6400,4,1600,9,16,16,5824.233970,5824.254318,0.020348,0x4052e4,1,30,0,30,18,100.000000,1,1,0.167680,1.200000,0.800000,cat,14,7ffe,1,1,3334144,3334144,0,180584448,180584448,0,180584448,180584448,0,-1,-1,-1
6400,4,1600,10,16,16,5824.364210,5824.384218,0.020008,0x4052e4,1,49,0,49,52,100.000000,1,1,0.167680,1.200000,0.800000,cat,14,7ffe,1,1,3334144,3334144,0,180584448,180584448,0,180584448,180584448,0,-1,-1,-1
6400,4,1600,11,16,16,5824.340134,5824.360165,0.020031,0x4052e4,1,24,3,21,54,100.000000,1,1,0.167680,1.200000,0.800000,cat,14,7ffe,1,1,3334144,3334144,0,180584448,180584448,0,180584448,180584448,0,-1,-1,-1
6400,4,1600,12,16,16,5824.313424,5824.333745,0.020321,0x4052e4,1,131,92,39,56,100.000000,1,1,0.167680,1.200000,0.800000,cat,1,1,1,1,3784704,3874816,90112,13110755328,13110845440,90112,13110845440,13110845440,0,-1,-1,-1
6400,4,1600,13,16,16,5824.369867,5824.391235,0.021368,0x4052e4,1,99,63,36,58,100.000000,1,1,0.167680,1.200000,0.800000,cat,1,1,1,1,3874816,3874816,0,13110845440,13110845440,0,13110845440,13110845440,0,-1,-1,-1
6400,4,1600,14,16,16,5824.285097,5824.305708,0.020611,0x4052e4,1,179,135,44,28,100.000000,1,1,0.167680,1.200000,0.800000,cat,1,1,1,1,3874816,3874816,0,13110755328,13110845440,90112,13110755328,13110845440,90112,-1,-1,-1
6400,4,1600,15,16,16,5824.381143,5824.401650,0.020507,0x4052e4,1,113,72,41,30,100.000000,1,1,0.167680,1.200000,0.800000,cat,1,1,1,1,3874816,3874816,0,13110845440,13110845440,0,13110845440,13110845440,0,-1,-1,-1
6401,5,1600,0,16,16,5824.574367,5824.595065,0.020698,0x40533c,1,44,3,41,32,100.000000,1,1,0.169193,1.200000,0.800000,cat,1,1,1,1,3874816,3874816,0,13110935552,13111025664,90112,13110935552,13111025664,90112,-1,-1,-1
6401,5,1600,1,16,16,5824.539385,5824.559734,0.020349,0x40533c,1,55,10,45,2,100.000000,1,1,0.169193,1.200000,0.800000,cat,1,1,1,1,3874816,3874816,0,13110845440,13111025664,180224,13110935552,13111025664,90112,-1,-1,-1
6401,5,1600,2,16,16,5824.547011,5824.567137,0.020126,0x40533c,1,49,17,32,4,100.000000,1,1,0.169193,1.200000,0.800000,cat,1,1,1,1,3874816,3874816,0,13110845440,13111025664,180224,13110935552,13111025664,90112,-1,-1,-1
6401,5,1600,3,16,16,5824.687475,5824.707773,0.020298,0x40533c,1,48,21,27,6,100.000000,1,1,0.169193,1.200000,0.800000,cat,1,1,1,1,3874816,3874816,0,13111025664,13111025664,0,13111025664,13111025664,0,-1,-1,-1
6401,5,1600,4,16,16,5824.594374,5824.614656,0.020282,0x40533c,1,27,0,27,8,100.000000,1,1,0.169193,1.200000,0.800000,cat,14,7ffe,1,1,3334144,3334144,0,180584448,180584448,0,180584448,180584448,0,-1,-1,-1
6401,5,1600,5,16,16,5824.617052,5824.637268,0.020216,0x40533c,1,31,0,31,10,100.000000,1,1,0.169193,1.200000,0.800000,cat,14,7ffe,1,1,3334144,3334144,0,180584448,180584448,0,180584448,180584448,0,-1,-1,-1
6401,5,1600,6,16,16,5824.663160,5824.683211,0.020051,0x40533c,1,49,0,49,44,100.000000,1,1,0.169193,1.200000,0.800000,cat,14,7ffe,1,1,3334144,3334144,0,180584448,180584448,0,180584448,180584448,0,-1,-1,-1
6401,5,1600,7,16,16,5824.552857,5824.573203,0.020346,0x40533c,1,24,3,21,46,100.000000,1,1,0.169193,1.200000,0.800000,cat,14,7ffe,1,1,3334144,3334144,0,180584448,180584448,0,180584448,180584448,0,-1,-1,-1
6401,5,1600,8,16,16,5824.662542,5824.682489,0.019947,0x40533c,1,17,0,17,16,100.000000,1,1,0.169193,1.200000,0.800000,cat,14,7ffe,1,1,3334144,3334144,0,180584448,180584448,0,180584448,180584448,0,-1,-1,-1
6401,5,1600,9,16,16,5824.605673,5824.625963,0.020290,0x40533c,1,24,0,24,18,100.000000,1,1,0.169193,1.200000,0.800000,cat,14,7ffe,1,1,3334144,3334144,0,180584448,180584448,0,180584448,180584448,0,-1,-1,-1
6401,5,1600,10,16,16,5824.677893,5824.698040,0.020147,0x40533c,1,28,0,28,52,100.000000,1,1,0.169193,1.200000,0.800000,cat,14,7ffe,1,1,3334144,3334144,0,180584448,180584448,0,180584448,180584448,0,-1,-1,-1
6401,5,1600,11,16,16,5824.650466,5824.670546,0.020080,0x40533c,1,15,0,15,54,100.000000,1,1,0.169193,1.200000,0.800000,cat,14,7ffe,1,1,3334144,3334144,0,180584448,180584448,0,180584448,180584448,0,-1,-1,-1
6401,5,1600,12,16,16,5824.538580,5824.558751,0.020171,0x40533c,1,34,8,26,56,100.000000,1,1,0.169193,1.200000,0.800000,cat,1,1,1,1,3874816,3874816,0,13110845440,13110935552,90112,13110845440,13111025664,180224,-1,-1,-1
6401,5,1600,13,16,16,5824.603331,5824.623551,0.020220,0x40533c,1,28,4,24,58,100.000000,1,1,0.169193,1.200000,0.800000,cat,1,1,1,1,3874816,3874816,0,13110935552,13111025664,90112,13110935552,13111025664,90112,-1,-1,-1
6401,5,1600,14,16,16,5824.567995,5824.588286,0.020291,0x40533c,1,47,15,32,28,100.000000,1,1,0.169193,1.200000,0.800000,cat,1,1,1,1,3874816,3874816,0,13110935552,13111025664,90112,13110935552,13111025664,90112,-1,-1,-1
6401,5,1600,15,16,16,5824.547978,5824.568179,0.020201,0x40533c,1,18,3,15,30,100.000000,1,1,0.169193,1.200000,0.800000,cat,1,1,1,1,3874816,3874816,0,13110845440,13111025664,180224,13110935552,13111025664,90112,-1,-1,-1
6798,2,1700,0,16,16,6157.054574,6165.045751,1.207686,0x4051ce,1,11508,2528,8980,32,100.000000,1,1,8.101022,1.200000,0.800000,cat,1,1,1,1,3604480,3694592,180224,13936812032,13937532928,630784,13936992256,13937532928,450560,-1,-1,-1
6798,2,1700,1,16,16,6157.064742,6165.047225,1.197814,0x4051ce,1,13444,1621,11823,2,100.000000,1,1,8.101022,1.200000,0.800000,cat,1,1,1,1,3604480,3694592,270336,13936902144,13937532928,540672,13936992256,13937532928,450560,-1,-1,-1
6798,2,1700,2,16,16,6156.996374,6165.053226,1.195507,0x4051ce,1,13524,1490,12034,4,100.000000,1,1,8.101022,1.200000,0.800000,cat,1,1,1,1,3604480,3694592,90112,13936631808,13937532928,630784,13936721920,13937532928,630784,-1,-1,-1
6798,2,1700,3,16,16,6157.006595,6164.977397,1.190183,0x4051ce,1,11626,1597,10029,6,100.000000,1,1,8.101022,1.200000,0.800000,cat,1,1,1,1,3604480,3694592,180224,13936631808,13937532928,720896,13936812032,13937532928,540672,-1,-1,-1
6798,2,1700,4,16,16,6157.080940,6165.063188,1.188819,0x4051ce,1,13104,517,12587,8,100.000000,1,1,8.101022,1.200000,0.800000,cat,14,7ffe,1,1,3604480,3424256,270336,191307776,191397888,90112,191307776,191397888,90112,-1,-1,-1
6798,2,1700,5,16,16,6157.121905,6165.068003,1.178665,0x4051ce,1,12209,307,11902,10,100.000000,1,1,8.101022,1.200000,0.800000,cat,14,7ffe,1,1,3604480,3424256,450560,191307776,191397888,90112,191307776,191397888,90112,-1,-1,-1
6798,2,1700,6,16,16,6156.974722,6165.015293,1.194275,0x4051ce,1,12211,276,11935,44,100.000000,1,1,8.101022,1.200000,0.800000,cat,14,7ffe,1,1,3604480,3424256,0,191307776,191397888,90112,191307776,191397888,90112,-1,-1,-1
6798,2,1700,7,16,16,6157.034933,6165.059738,1.196171,0x4051ce,1,12037,190,11847,46,100.000000,1,1,8.101022,1.200000,0.800000,cat,14,7ffe,1,1,3604480,3424256,180224,191307776,191397888,0,191307776,191397888,0,-1,-1,-1
6798,2,1700,8,16,16,6157.024972,6165.040701,1.208511,0x4051ce,1,11966,216,11750,16,100.000000,1,1,8.101022,1.200000,0.800000,cat,14,7ffe,1,1,3604480,3424256,0,191307776,191397888,0,191307776,191397888,90112,-1,-1,-1
6798,2,1700,9,16,16,6156.988394,6165.047846,1.203336,0x4051ce,1,12162,165,11997,18,100.000000,1,1,8.101022,1.200000,0.800000,cat,14,7ffe,1,1,3604480,3424256,0,191307776,191397888,90112,191307776,191397888,90112,-1,-1,-1
6798,2,1700,10,16,16,6157.105015,6165.034898,1.206035,0x4051ce,1,11649,258,11391,52,100.000000,1,1,8.101022,1.200000,0.800000,cat,14,7ffe,1,1,3604480,3424256,0,191307776,191397888,90112,191307776,191397888,90112,-1,-1,-1
6798,2,1700,11,16,16,6157.102696,6165.056524,1.184310,0x4051ce,1,12133,143,11990,54,100.000000,1,1,8.101022,1.200000,0.800000,cat,14,7ffe,1,1,3604480,3424256,270336,191307776,191397888,90112,191307776,191397888,90112,-1,-1,-1
6798,2,1700,12,16,16,6156.966981,6165.036707,1.186271,0x4051ce,1,12606,764,11842,56,100.000000,1,1,8.101022,1.200000,0.800000,cat,1,1,1,1,3604480,3694592,90112,13936541696,13937532928,450560,13936541696,13937532928,720896,-1,-1,-1
6798,2,1700,13,16,16,6157.013322,6165.049752,1.188106,0x4051ce,1,13660,870,12790,58,100.000000,1,1,8.101022,1.200000,0.800000,cat,1,1,1,1,3604480,3694592,180224,13936721920,13937532928,630784,13936812032,13937532928,540672,-1,-1,-1
6798,2,1700,14,16,16,6156.978267,6165.059316,1.204557,0x4051ce,1,13277,984,12293,28,100.000000,1,1,8.101022,1.200000,0.800000,cat,1,1,1,1,3604480,3694592,0,13936541696,13937532928,630784,13936631808,13937532928,630784,-1,-1,-1
6798,2,1700,15,16,16,6157.117782,6165.041702,1.186005,0x4051ce,1,6951,498,6453,30,100.000000,1,1,8.101022,1.200000,0.800000,cat,1,1,1,1,3694592,3694592,0,13937172480,13937532928,270336,13937352704,13937532928,90112,-1,-1,-1
6799,3,1700,0,16,16,6165.283601,6165.324934,0.041333,0x405218,1,1337,697,640,32,100.000000,1,1,0.142048,1.200000,0.800000,cat,1,1,1,1,3874816,3874816,0,13937623040,13937713152,90112,13937623040,13937713152,90112,-1,-1,-1
6799,3,1700,1,16,16,6165.314080,6165.357044,0.042964,0x405218,1,674,21,653,2,100.000000,1,1,0.142048,1.200000,0.800000,cat,1,1,1,1,3874816,3874816,0,13937623040,13937713152,90112,13937713152,13937713152,0,-1,-1,-1
6799,3,1700,2,16,16,6165.332136,6165.375633,0.043497,0x405218,1,538,24,514,4,100.000000,1,1,0.142048,1.200000,0.800000,cat,1,1,1,1,3874816,3874816,0,13937623040,13937713152,90112,13937713152,13937713152,0,-1,-1,-1
6799,3,1700,3,16,16,6165.312406,6165.354502,0.042096,0x405218,1,454,38,416,6,100.000000,1,1,0.142048,1.200000,0.800000,cat,1,1,1,1,3874816,3874816,0,13937623040,13937713152,90112,13937623040,13937713152,90112,-1,-1,-1
6799,3,1700,4,16,16,6165.299490,6165.340088,0.040598,0x405218,1,428,2,426,8,100.000000,1,1,0.142048,1.200000,0.800000,cat,14,7ffe,1,1,3514368,3604480,90112,191488000,191578112,90112,191488000,191578112,90112,-1,-1,-1
6799,3,1700,5,16,16,6165.314936,6165.357093,0.042157,0x405218,1,488,0,488,10,100.000000,1,1,0.142048,1.200000,0.800000,cat,14,7ffe,1,1,3514368,3604480,90112,191488000,191578112,90112,191578112,191578112,0,-1,-1,-1
6799,3,1700,6,16,16,6165.283533,6165.318443,0.034910,0x405218,1,470,0,470,44,100.000000,1,1,0.142048,1.200000,0.800000,cat,14,7ffe,1,1,3514368,3604480,90112,191397888,191578112,180224,191488000,191578112,90112,-1,-1,-1
6799,3,1700,7,16,16,6165.278227,6165.314119,0.035892,0x405218,1,578,0,578,46,100.000000,1,1,0.142048,1.200000,0.800000,cat,14,7ffe,1,1,3514368,3604480,90112,191397888,191578112,180224,191488000,191578112,90112,-1,-1,-1
6799,3,1700,8,16,16,6165.268314,6165.303063,0.034749,0x405218,1,342,2,340,16,100.000000,1,1,0.142048,1.200000,0.800000,cat,14,7ffe,1,1,3424256,3604480,180224,191397888,191578112,180224,191488000,191578112,90112,-1,-1,-1
6799,3,1700,9,16,16,6165.357173,6165.401089,0.043916,0x405218,1,559,3,556,18,100.000000,1,1,0.142048,1.200000,0.800000,cat,14,7ffe,1,1,3604480,3604480,0,191578112,191578112,0,191578112,191578112,0,-1,-1,-1
6799,3,1700,10,16,16,6165.311171,6165.346793,0.035622,0x405218,1,483,2,481,52,100.000000,1,1,0.142048,1.200000,0.800000,cat,14,7ffe,1,1,3514368,3604480,90112,191488000,191578112,90112,191488000,191578112,90112,-1,-1,-1
6799,3,1700,11,16,16,6165.297506,6165.332503,0.034997,0x405218,1,402,17,385,54,100.000000,1,1,0.142048,1.200000,0.800000,cat,14,7ffe,1,1,3514368,3604480,90112,191488000,191578112,90112,191488000,191578112,90112,-1,-1,-1
6799,3,1700,12,16,16,6165.359018,6165.403187,0.044169,0x405218,1,586,27,559,56,100.000000,1,1,0.142048,1.200000,0.800000,cat,1,1,1,1,3874816,3874816,0,13937713152,13937713152,0,13937713152,13937713152,0,-1,-1,-1
6799,3,1700,13,16,16,6165.341089,6165.385598,0.044509,0x405218,1,456,23,433,58,100.000000,1,1,0.142048,1.200000,0.800000,cat,1,1,1,1,3874816,3874816,0,13937713152,13937713152,0,13937713152,13937713152,0,-1,-1,-1
6799,3,1700,14,16,16,6165.261139,6165.302608,0.041469,0x405218,1,353,27,326,28,100.000000,1,1,0.142048,1.200000,0.800000,cat,1,1,1,1,3874816,3874816,0,13937623040,13937713152,90112,13937623040,13937713152,90112,-1,-1,-1
6799,3,1700,15,16,16,6165.337377,6165.381077,0.043700,0x405218,1,367,30,337,30,100.000000,1,1,0.142048,1.200000,0.800000,cat,1,1,1,1,3874816,3874816,0,13937713152,13937713152,0,13937713152,13937713152,0,-1,-1,-1
6800,4,1700,0,16,16,6165.762167,6165.789282,0.027115,0x4052e4,1,1787,847,940,32,100.000000,1,1,0.177912,1.200000,0.800000,cat,1,1,1,1,3784704,3874816,90112,13939245056,13939245056,0,13939245056,13939245056,0,-1,-1,-1
6800,4,1700,1,16,16,6165.720187,6165.740885,0.020698,0x4052e4,1,49,7,42,2,100.000000,1,1,0.177912,1.200000,0.800000,cat,1,1,1,1,3694592,3784704,90112,13939245056,13939245056,0,13939245056,13939245056,0,-1,-1,-1
6800,4,1700,2,16,16,6165.698825,6165.719034,0.020209,0x4052e4,1,57,15,42,4,100.000000,1,1,0.177912,1.200000,0.800000,cat,1,1,1,1,3514368,3784704,270336,13939245056,13939245056,0,13939245056,13939245056,0,-1,-1,-1
6800,4,1700,3,16,16,6165.704655,6165.724874,0.020219,0x4052e4,1,34,7,27,6,100.000000,1,1,0.177912,1.200000,0.800000,cat,1,1,1,1,3514368,3784704,270336,13939245056,13939245056,0,13939245056,13939245056,0,-1,-1,-1
6800,4,1700,4,16,16,6165.677019,6165.697071,0.020052,0x4052e4,1,44,0,44,8,100.000000,1,1,0.177912,1.200000,0.800000,cat,14,7ffe,1,1,3604480,3604480,0,191578112,191578112,0,191578112,191578112,0,-1,-1,-1
6800,4,1700,5,16,16,6165.663268,6165.683277,0.020009,0x4052e4,1,24,0,24,10,100.000000,1,1,0.177912,1.200000,0.800000,cat,14,7ffe,1,1,3604480,3604480,0,191578112,191578112,0,191578112,191578112,0,-1,-1,-1
6800,4,1700,6,16,16,6165.815633,6165.835689,0.020056,0x4052e4,1,24,0,24,44,100.000000,1,1,0.177912,1.200000,0.800000,cat,14,7ffe,1,1,3604480,3514368,-90112,191578112,191578112,0,191578112,191578112,0,-1,-1,-1
6800,4,1700,7,16,16,6165.766505,6165.786578,0.020073,0x4052e4,1,90,0,90,46,100.000000,1,1,0.177912,1.200000,0.800000,cat,14,7ffe,1,1,3604480,3604480,0,191578112,191578112,0,191578112,191578112,0,-1,-1,-1
6800,4,1700,8,16,16,6165.671139,6165.691247,0.020108,0x4052e4,1,36,0,36,16,100.000000,1,1,0.177912,1.200000,0.800000,cat,14,7ffe,1,1,3604480,3604480,0,191578112,191578112,0,191578112,191578112,0,-1,-1,-1
6800,4,1700,9,16,16,6165.821140,6165.841180,0.020040,0x4052e4,1,55,0,55,18,100.000000,1,1,0.177912,1.200000,0.800000,cat,14,7ffe,1,1,3604480,3514368,-90112,191578112,191578112,0,191578112,191578112,0,-1,-1,-1
6800,4,1700,10,16,16,6165.810598,6165.830834,0.020236,0x4052e4,1,44,0,44,52,100.000000,1,1,0.177912,1.200000,0.800000,cat,14,7ffe,1,1,3604480,3514368,-90112,191578112,191578112,0,191578112,191578112,0,-1,-1,-1
6800,4,1700,11,16,16,6165.665278,6165.685605,0.020327,0x4052e4,1,34,0,34,54,100.000000,1,1,0.177912,1.200000,0.800000,cat,14,7ffe,1,1,3604480,3604480,0,191578112,191578112,0,191578112,191578112,0,-1,-1,-1
6800,4,1700,12,16,16,6165.683184,6165.703476,0.020292,0x4052e4,1,77,51,26,56,100.000000,1,1,0.177912,1.200000,0.800000,cat,1,1,1,1,3514368,3784704,270336,13939245056,13939245056,0,13939245056,13939245056,0,-1,-1,-1
6800,4,1700,13,16,16,6165.707037,6165.727243,0.020206,0x4052e4,1,86,58,28,58,100.000000,1,1,0.177912,1.200000,0.800000,cat,1,1,1,1,3514368,3784704,270336,13939245056,13939245056,0,13939245056,13939245056,0,-1,-1,-1
6800,4,1700,14,16,16,6165.696937,6165.717183,0.020246,0x4052e4,1,164,112,52,28,100.000000,1,1,0.177912,1.200000,0.800000,cat,1,1,1,1,3514368,3784704,270336,13939245056,13939245056,0,13939245056,13939245056,0,-1,-1,-1
6800,4,1700,15,16,16,6165.778094,6165.799313,0.021219,0x4052e4,1,94,53,41,30,100.000000,1,1,0.177912,1.200000,0.800000,cat,1,1,1,1,3784704,3874816,90112,13939245056,13939245056,0,13939245056,13939245056,0,-1,-1,-1
6801,5,1700,0,16,16,6165.984507,6166.004525,0.020018,0x40533c,1,37,0,37,32,100.000000,1,1,0.156199,1.200000,0.800000,cat,1,1,1,1,3964928,3964928,0,13939515392,13939515392,0,13939515392,13939515392,0,-1,-1,-1
6801,5,1700,1,16,16,6166.087650,6166.107518,0.019868,0x40533c,1,27,15,12,2,100.000000,1,1,0.156199,1.200000,0.800000,cat,1,1,1,1,3964928,3964928,0,13939515392,13939515392,0,13939515392,13939515392,0,-1,-1,-1
6801,5,1700,2,16,16,6165.999417,6166.019761,0.020344,0x40533c,1,41,20,21,4,100.000000,1,1,0.156199,1.200000,0.800000,cat,1,1,1,1,3964928,3964928,0,13939515392,13939515392,0,13939515392,13939515392,0,-1,-1,-1
6801,5,1700,3,16,16,6166.101085,6166.121359,0.020274,0x40533c,1,45,23,22,6,100.000000,1,1,0.156199,1.200000,0.800000,cat,1,1,1,1,3964928,3964928,0,13939515392,13939515392,0,13939515392,13939515392,0,-1,-1,-1
6801,5,1700,4,16,16,6165.980431,6166.000401,0.019970,0x40533c,1,24,0,24,8,100.000000,1,1,0.156199,1.200000,0.800000,cat,14,7ffe,1,1,3514368,3604480,90112,191578112,191578112,0,191578112,191578112,0,-1,-1,-1
6801,5,1700,5,16,16,6166.015996,6166.035911,0.019915,0x40533c,1,29,0,29,10,100.000000,1,1,0.156199,1.200000,0.800000,cat,14,7ffe,1,1,3514368,3604480,90112,191578112,191578112,0,191578112,191578112,0,-1,-1,-1
6801,5,1700,6,16,16,6166.080394,6166.100490,0.020096,0x40533c,1,24,1,23,44,100.000000,1,1,0.156199,1.200000,0.800000,cat,14,7ffe,1,1,3604480,3604480,0,191578112,191578112,0,191578112,191578112,0,-1,-1,-1
6801,5,1700,7,16,16,6166.018242,6166.038184,0.019942,0x40533c,1,35,0,35,46,100.000000,1,1,0.156199,1.200000,0.800000,cat,14,7ffe,1,1,3604480,3604480,0,191578112,191578112,0,191578112,191578112,0,-1,-1,-1
6801,5,1700,8,16,16,6166.114265,6166.134308,0.020043,0x40533c,1,23,0,23,16,100.000000,1,1,0.156199,1.200000,0.800000,cat,14,7ffe,1,1,3604480,3604480,0,191578112,191578112,0,191578112,191578112,0,-1,-1,-1
6801,5,1700,9,16,16,6165.982621,6166.002535,0.019914,0x40533c,1,14,0,14,18,100.000000,1,1,0.156199,1.200000,0.800000,cat,14,7ffe,1,1,3514368,3604480,90112,191578112,191578112,0,191578112,191578112,0,-1,-1,-1
6801,5,1700,10,16,16,6166.029106,6166.049085,0.019979,0x40533c,1,14,0,14,52,100.000000,1,1,0.156199,1.200000,0.800000,cat,14,7ffe,1,1,3604480,3604480,0,191578112,191578112,0,191578112,191578112,0,-1,-1,-1
6801,5,1700,11,16,16,6166.040690,6166.060632,0.019942,0x40533c,1,18,0,18,54,100.000000,1,1,0.156199,1.200000,0.800000,cat,14,7ffe,1,1,3604480,3604480,0,191578112,191578112,0,191578112,191578112,0,-1,-1,-1
6801,5,1700,12,16,16,6165.978109,6165.997890,0.019781,0x40533c,1,73,26,47,56,100.000000,1,1,0.156199,1.200000,0.800000,cat,1,1,1,1,3964928,3964928,0,13939515392,13939515392,0,13939515392,13939515392,0,-1,-1,-1
6801,5,1700,13,16,16,6166.062864,6166.083049,0.020185,0x40533c,1,54,19,35,58,100.000000,1,1,0.156199,1.200000,0.800000,cat,1,1,1,1,3964928,3964928,0,13939515392,13939515392,0,13939515392,13939515392,0,-1,-1,-1
6801,5,1700,14,16,16,6166.110147,6166.130279,0.020132,0x40533c,1,47,27,20,28,100.000000,1,1,0.156199,1.200000,0.800000,cat,1,1,1,1,3964928,3964928,0,13939515392,13939515392,0,13939515392,13939515392,0,-1,-1,-1
6801,5,1700,15,16,16,6166.021617,6166.041790,0.020173,0x40533c,1,36,13,23,30,100.000000,1,1,0.156199,1.200000,0.800000,cat,1,1,1,1,3964928,3964928,0,13939515392,13939515392,0,13939515392,13939515392,0,-1,-1,-1
7198,2,1800,0,16,16,6499.424483,6507.675470,1.358769,0x4051ce,1,11532,2521,9011,32,100.000000,1,1,8.398870,1.200000,0.800000,cat,1,1,1,1,3784704,3694592,0,14758993920,14759444480,270336,14759084032,14759444480,180224,-1,-1,-1
7198,2,1800,1,16,16,6499.369311,6507.662899,1.305923,0x4051ce,1,13064,1819,11245,2,100.000000,1,1,8.398870,1.200000,0.800000,cat,1,1,1,1,3874816,3694592,0,14758813696,14759444480,270336,14758813696,14759444480,360448,-1,-1,-1
7198,2,1800,2,16,16,6499.441567,6507.685747,1.331209,0x4051ce,1,13224,1397,11827,4,100.000000,1,1,8.398870,1.200000,0.800000,cat,1,1,1,1,3784704,3694592,0,14759084032,14759444480,180224,14759084032,14759444480,270336,-1,-1,-1
7198,2,1800,3,16,16,6499.303038,6507.631099,1.326840,0x4051ce,1,12543,1662,10881,6,100.000000,1,1,8.398870,1.200000,0.800000,cat,1,1,1,1,3784704,3694592,0,14758543360,14759444480,630784,14758543360,14759444480,540672,-1,-1,-1
7198,2,1800,4,16,16,6499.370357,6507.691043,1.311212,0x4051ce,1,12982,438,12544,8,100.000000,1,1,8.398870,1.200000,0.800000,cat,14,7ffe,1,1,3424256,3244032,450560,202031104,202121216,90112,202031104,202121216,90112,-1,-1,-1
7198,2,1800,5,16,16,6499.346672,6507.678929,1.300394,0x4051ce,1,11842,368,11474,10,100.000000,1,1,8.398870,1.200000,0.800000,cat,14,7ffe,1,1,3514368,3244032,90112,202031104,202121216,90112,202031104,202121216,90112,-1,-1,-1
7198,2,1800,6,16,16,6499.443753,6507.659929,1.318637,0x4051ce,1,11845,288,11557,44,100.000000,1,1,8.398870,1.200000,0.800000,cat,14,7ffe,1,1,3424256,3244032,90112,202031104,202121216,90112,202031104,202121216,90112,-1,-1,-1
7198,2,1800,7,16,16,6499.356725,6507.666406,1.324461,0x4051ce,1,12534,248,12286,46,100.000000,1,1,8.398870,1.200000,0.800000,cat,14,7ffe,1,1,3424256,3244032,90112,202031104,202121216,90112,202031104,202121216,90112,-1,-1,-1
7198,2,1800,8,16,16,6499.322249,6507.656168,1.322076,0x4051ce,1,11777,197,11580,16,100.000000,1,1,8.398870,1.200000,0.800000,cat,14,7ffe,1,1,3604480,3244032,360448,202031104,202121216,90112,202031104,202121216,90112,-1,-1,-1
7198,2,1800,9,16,16,6499.347252,6507.689077,1.302831,0x4051ce,1,12223,182,12041,18,100.000000,1,1,8.398870,1.200000,0.800000,cat,14,7ffe,1,1,3514368,3244032,180224,202031104,202121216,90112,202031104,202121216,90112,-1,-1,-1
7198,2,1800,10,16,16,6499.387152,6507.671045,1.295564,0x4051ce,1,11824,248,11576,52,100.000000,1,1,8.398870,1.200000,0.800000,cat,14,7ffe,1,1,3424256,3244032,270336,202031104,202121216,90112,202031104,202121216,90112,-1,-1,-1
7198,2,1800,11,16,16,6499.293501,6507.691703,1.303345,0x4051ce,1,12276,120,12156,54,100.000000,1,1,8.398870,1.200000,0.800000,cat,14,7ffe,1,1,3604480,3244032,450560,202031104,202121216,90112,202031104,202121216,90112,-1,-1,-1
7198,2,1800,12,16,16,6499.304079,6507.680390,1.312852,0x4051ce,1,12866,708,12158,56,100.000000,1,1,8.398870,1.200000,0.800000,cat,1,1,1,1,3784704,3694592,90112,14758543360,14759444480,630784,14758543360,14759444480,540672,-1,-1,-1
7198,2,1800,13,16,16,6499.325841,6507.684687,1.319453,0x4051ce,1,13749,1066,12683,58,100.000000,1,1,8.398870,1.200000,0.800000,cat,1,1,1,1,3784704,3694592,180224,14758543360,14759444480,540672,14758543360,14759444480,630784,-1,-1,-1
7198,2,1800,14,16,16,6499.348179,6507.692371,1.334417,0x4051ce,1,13279,844,12435,28,100.000000,1,1,8.398870,1.200000,0.800000,cat,1,1,1,1,3784704,3694592,0,14758543360,14759444480,540672,14758723584,14759444480,450560,-1,-1,-1
7198,2,1800,15,16,16,6499.309538,6507.682365,1.304077,0x4051ce,1,7015,643,6372,30,100.000000,1,1,8.398870,1.200000,0.800000,cat,1,1,1,1,3784704,3694592,180224,14758543360,14759444480,540672,14758543360,14759444480,630784,-1,-1,-1
7199,3,1800,0,16,16,6507.912636,6507.957607,0.044971,0x405218,1,1382,719,663,32,100.000000,1,1,0.171143,1.200000,0.800000,cat,1,1,1,1,3784704,3784704,0,14759534592,14759624704,90112,14759534592,14759624704,90112,-1,-1,-1
7199,3,1800,1,16,16,6507.942048,6507.985641,0.043593,0x405218,1,412,19,393,2,100.000000,1,1,0.171143,1.200000,0.800000,cat,1,1,1,1,3784704,3784704,0,14759534592,14759624704,90112,14759534592,14759624704,90112,-1,-1,-1
7199,3,1800,2,16,16,6507.981244,6508.022959,0.041715,0x405218,1,597,19,578,4,100.000000,1,1,0.171143,1.200000,0.800000,cat,1,1,1,1,3874816,3784704,-90112,14759624704,14759624704,0,14759624704,14759624704,0,-1,-1,-1
7199,3,1800,3,16,16,6507.901777,6507.945718,0.043941,0x405218,1,332,14,318,6,100.000000,1,1,0.171143,1.200000,0.800000,cat,1,1,1,1,3784704,3784704,0,14759534592,14759624704,90112,14759534592,14759624704,90112,-1,-1,-1
7199,3,1800,4,16,16,6508.021704,6508.069284,0.047580,0x405218,1,550,0,550,8,100.000000,1,1,0.171143,1.200000,0.800000,cat,14,7ffe,1,1,3244032,3334144,90112,202121216,202121216,0,202121216,202121216,0,-1,-1,-1
7199,3,1800,5,16,16,6508.025758,6508.072920,0.047162,0x405218,1,476,0,476,10,100.000000,1,1,0.171143,1.200000,0.800000,cat,14,7ffe,1,1,3334144,3334144,0,202121216,202121216,0,202121216,202121216,0,-1,-1,-1
7199,3,1800,6,16,16,6507.933317,6507.977064,0.043747,0x405218,1,350,0,350,44,100.000000,1,1,0.171143,1.200000,0.800000,cat,14,7ffe,1,1,3244032,3334144,90112,202121216,202121216,0,202121216,202121216,0,-1,-1,-1
7199,3,1800,7,16,16,6507.970801,6508.010861,0.040060,0x405218,1,812,1,811,46,100.000000,1,1,0.171143,1.200000,0.800000,cat,14,7ffe,1,1,3244032,3334144,90112,202121216,202121216,0,202121216,202121216,0,-1,-1,-1
7199,3,1800,8,16,16,6507.906977,6507.945173,0.038196,0x405218,1,316,2,314,16,100.000000,1,1,0.171143,1.200000,0.800000,cat,14,7ffe,1,1,3244032,3244032,0,202121216,202121216,0,202121216,202121216,0,-1,-1,-1
7199,3,1800,9,16,16,6507.956479,6508.001891,0.045412,0x405218,1,554,2,552,18,100.000000,1,1,0.171143,1.200000,0.800000,cat,14,7ffe,1,1,3244032,3334144,90112,202121216,202121216,0,202121216,202121216,0,-1,-1,-1
7199,3,1800,10,16,16,6507.910340,6507.953823,0.043483,0x405218,1,487,8,479,52,100.000000,1,1,0.171143,1.200000,0.800000,cat,14,7ffe,1,1,3244032,3334144,90112,202121216,202121216,0,202121216,202121216,0,-1,-1,-1
7199,3,1800,11,16,16,6507.927857,6507.972088,0.044231,0x405218,1,355,18,337,54,100.000000,1,1,0.171143,1.200000,0.800000,cat,14,7ffe,1,1,3244032,3334144,90112,202121216,202121216,0,202121216,202121216,0,-1,-1,-1
7199,3,1800,12,16,16,6507.971401,6508.018131,0.046730,0x405218,1,497,30,467,56,100.000000,1,1,0.171143,1.200000,0.800000,cat,1,1,1,1,3874816,3784704,-90112,14759624704,14759624704,0,14759624704,14759624704,0,-1,-1,-1
7199,3,1800,13,16,16,6508.024859,6508.072444,0.047585,0x405218,1,574,29,545,58,100.000000,1,1,0.171143,1.200000,0.800000,cat,1,1,1,1,3784704,3784704,0,14759624704,14759624704,0,14759624704,14759624704,0,-1,-1,-1
7199,3,1800,14,16,16,6507.923781,6507.962050,0.038269,0x405218,1,487,18,469,28,100.000000,1,1,0.171143,1.200000,0.800000,cat,1,1,1,1,3784704,3784704,0,14759534592,14759624704,90112,14759534592,14759624704,90112,-1,-1,-1
7199,3,1800,15,16,16,6507.947696,6507.991916,0.044220,0x405218,1,261,38,223,30,100.000000,1,1,0.171143,1.200000,0.800000,cat,1,1,1,1,3784704,3784704,0,14759534592,14759624704,90112,14759624704,14759624704,0,-1,-1,-1
7200,4,1800,0,16,16,6508.487391,6508.515011,0.027620,0x4052e4,1,1721,805,916,32,100.000000,1,1,0.188742,1.200000,0.800000,cat,1,1,1,1,3604480,3694592,90112,14761066496,14761336832,270336,14761066496,14761336832,270336,-1,-1,-1
7200,4,1800,1,16,16,6508.343160,6508.364970,0.021810,0x4052e4,1,50,13,37,2,100.000000,1,1,0.188742,1.200000,0.800000,cat,1,1,1,1,3604480,3604480,0,14761066496,14761066496,0,14761066496,14761066496,0,-1,-1,-1
7200,4,1800,2,16,16,6508.460277,6508.480308,0.020031,0x4052e4,1,123,74,49,4,100.000000,1,1,0.188742,1.200000,0.800000,cat,1,1,1,1,3604480,3604480,0,14761066496,14761156608,90112,14761066496,14761246720,180224,-1,-1,-1
7200,4,1800,3,16,16,6508.335362,6508.357468,0.022106,0x4052e4,1,54,16,38,6,100.000000,1,1,0.188742,1.200000,0.800000,cat,1,1,1,1,3604480,3604480,0,14761066496,14761066496,0,14761066496,14761066496,0,-1,-1,-1
7200,4,1800,4,16,16,6508.363214,6508.385223,0.022009,0x4052e4,1,42,0,42,8,100.000000,1,1,0.188742,1.200000,0.800000,cat,14,7ffe,1,1,3334144,3334144,0,202121216,202121216,0,202121216,202121216,0,-1,-1,-1
7200,4,1800,5,16,16,6508.428176,6508.448317,0.020141,0x4052e4,1,34,0,34,10,100.000000,1,1,0.188742,1.200000,0.800000,cat,14,7ffe,1,1,3334144,3334144,0,202121216,202121216,0,202121216,202121216,0,-1,-1,-1
7200,4,1800,6,16,16,6508.466066,6508.486118,0.020052,0x4052e4,1,40,0,40,44,100.000000,1,1,0.188742,1.200000,0.800000,cat,14,7ffe,1,1,3334144,3334144,0,202121216,202121216,0,202121216,202121216,0,-1,-1,-1
7200,4,1800,7,16,16,6508.412809,6508.433146,0.020337,0x4052e4,1,51,0,51,46,100.000000,1,1,0.188742,1.200000,0.800000,cat,14,7ffe,1,1,3334144,3334144,0,202121216,202121216,0,202121216,202121216,0,-1,-1,-1
7200,4,1800,8,16,16,6508.326269,6508.348147,0.021878,0x4052e4,1,49,0,49,16,100.000000,1,1,0.188742,1.200000,0.800000,cat,14,7ffe,1,1,3334144,3334144,0,202121216,202121216,0,202121216,202121216,0,-1,-1,-1
7200,4,1800,9,16,16,6508.333961,6508.355816,0.021855,0x4052e4,1,23,0,23,18,100.000000,1,1,0.188742,1.200000,0.800000,cat,14,7ffe,1,1,3334144,3334144,0,202121216,202121216,0,202121216,202121216,0,-1,-1,-1
7200,4,1800,10,16,16,6508.363528,6508.385279,0.021751,0x4052e4,1,38,0,38,52,100.000000,1,1,0.188742,1.200000,0.800000,cat,14,7ffe,1,1,3334144,3334144,0,202121216,202121216,0,202121216,202121216,0,-1,-1,-1
7200,4,1800,11,16,16,6508.371790,6508.393587,0.021797,0x4052e4,1,27,0,27,54,100.000000,1,1,0.188742,1.200000,0.800000,cat,14,7ffe,1,1,3334144,3334144,0,202121216,202121216,0,202121216,202121216,0,-1,-1,-1
7200,4,1800,12,16,16,6508.406830,6508.428175,0.021345,0x4052e4,1,131,72,59,56,100.000000,1,1,0.188742,1.200000,0.800000,cat,1,1,1,1,3604480,3604480,0,14761066496,14761066496,0,14761066496,14761066496,0,-1,-1,-1
7200,4,1800,13,16,16,6508.344405,6508.366451,0.022046,0x4052e4,1,115,74,41,58,100.000000,1,1,0.188742,1.200000,0.800000,cat,1,1,1,1,3604480,3604480,0,14761066496,14761066496,0,14761066496,14761066496,0,-1,-1,-1
7200,4,1800,14,16,16,6508.388370,6508.411290,0.022920,0x4052e4,1,134,104,30,28,100.000000,1,1,0.188742,1.200000,0.800000,cat,1,1,1,1,3604480,3604480,0,14761066496,14761066496,0,14761066496,14761066496,0,-1,-1,-1
7200,4,1800,15,16,16,6508.329222,6508.351859,0.022637,0x4052e4,1,125,79,46,30,100.000000,1,1,0.188742,1.200000,0.800000,cat,1,1,1,1,3604480,3604480,0,14761066496,14761066496,0,14761066496,14761066496,0,-1,-1,-1
7201,5,1800,0,16,16,6508.660175,6508.680751,0.020576,0x40533c,1,60,5,55,32,100.000000,1,1,0.173861,1.200000,0.800000,cat,1,1,1,1,3874816,3874816,0,14761336832,14761336832,0,14761336832,14761336832,0,-1,-1,-1
7201,5,1800,1,16,16,6508.802066,6508.822214,0.020148,0x40533c,1,63,10,53,2,100.000000,1,1,0.173861,1.200000,0.800000,cat,1,1,1,1,3964928,3964928,0,14761336832,14761336832,0,14761336832,14761336832,0,-1,-1,-1
7201,5,1800,2,16,16,6508.782937,6508.803267,0.020330,0x40533c,1,43,18,25,4,100.000000,1,1,0.173861,1.200000,0.800000,cat,1,1,1,1,3874816,3964928,90112,14761336832,14761336832,0,14761336832,14761336832,0,-1,-1,-1
7201,5,1800,3,16,16,6508.719940,6508.740396,0.020456,0x40533c,1,69,25,44,6,100.000000,1,1,0.173861,1.200000,0.800000,cat,1,1,1,1,3874816,3964928,90112,14761336832,14761336832,0,14761336832,14761336832,0,-1,-1,-1
7201,5,1800,4,16,16,6508.797676,6508.817803,0.020127,0x40533c,1,25,0,25,8,100.000000,1,1,0.173861,1.200000,0.800000,cat,14,7ffe,1,1,3334144,3334144,0,202121216,202121216,0,202121216,202121216,0,-1,-1,-1
7201,5,1800,5,16,16,6508.768908,6508.789010,0.020102,0x40533c,1,38,0,38,10,100.000000,1,1,0.173861,1.200000,0.800000,cat,14,7ffe,1,1,3334144,3334144,0,202121216,202121216,0,202121216,202121216,0,-1,-1,-1
7201,5,1800,6,16,16,6508.675361,6508.695609,0.020248,0x40533c,1,23,0,23,44,100.000000,1,1,0.173861,1.200000,0.800000,cat,14,7ffe,1,1,3334144,3334144,0,202121216,202121216,0,202121216,202121216,0,-1,-1,-1
7201,5,1800,7,16,16,6508.660723,6508.680850,0.020127,0x40533c,1,73,5,68,46,100.000000,1,1,0.173861,1.200000,0.800000,cat,14,7ffe,1,1,3334144,3334144,0,202121216,202121216,0,202121216,202121216,0,-1,-1,-1
7201,5,1800,8,16,16,6508.769932,6508.790147,0.020215,0x40533c,1,16,0,16,16,100.000000,1,1,0.173861,1.200000,0.800000,cat,14,7ffe,1,1,3334144,3334144,0,202121216,202121216,0,202121216,202121216,0,-1,-1,-1
7201,5,1800,9,16,16,6508.785731,6508.805785,0.020054,0x40533c,1,38,0,38,18,100.000000,1,1,0.173861,1.200000,0.800000,cat,14,7ffe,1,1,3334144,3334144,0,202121216,202121216,0,202121216,202121216,0,-1,-1,-1
7201,5,1800,10,16,16,6508.709393,6508.729523,0.020130,0x40533c,1,26,0,26,52,100.000000,1,1,0.173861,1.200000,0.800000,cat,14,7ffe,1,1,3334144,3334144,0,202121216,202121216,0,202121216,202121216,0,-1,-1,-1
7201,5,1800,11,16,16,6508.698030,6508.718117,0.020087,0x40533c,1,26,0,26,54,100.000000,1,1,0.173861,1.200000,0.800000,cat,14,7ffe,1,1,3334144,3334144,0,202121216,202121216,0,202121216,202121216,0,-1,-1,-1
7201,5,1800,12,16,16,6508.661238,6508.681513,0.020275,0x40533c,1,53,23,30,56,100.000000,1,1,0.173861,1.200000,0.800000,cat,1,1,1,1,3874816,3874816,0,14761336832,14761336832,0,14761336832,14761336832,0,-1,-1,-1
7201,5,1800,13,16,16,6508.691889,6508.712397,0.020508,0x40533c,1,66,28,38,58,100.000000,1,1,0.173861,1.200000,0.800000,cat,1,1,1,1,3874816,3874816,0,14761336832,14761336832,0,14761336832,14761336832,0,-1,-1,-1
7201,5,1800,14,16,16,6508.762698,6508.782645,0.019947,0x40533c,1,86,45,41,28,100.000000,1,1,0.173861,1.200000,0.800000,cat,1,1,1,1,3874816,3964928,90112,14761336832,14761336832,0,14761336832,14761336832,0,-1,-1,-1
7201,5,1800,15,16,16,6508.648353,6508.669004,0.020651,0x40533c,1,55,30,25,30,100.000000,1,1,0.173861,1.200000,0.800000,cat,1,1,1,1,3874816,3874816,0,14761336832,14761336832,0,14761336832,14761336832,0,-1,-1,-1
7598,2,1900,0,16,16,6843.715353,6851.735319,1.203614,0x4051ce,1,11589,2646,8943,32,100.000000,1,1,8.109269,1.200000,0.800000,cat,1,1,1,1,4055040,3694592,0,15596224512,15596945408,450560,15596224512,15596945408,540672,-1,-1,-1
7598,2,1900,1,16,16,6843.772693,6851.770115,1.204414,0x4051ce,1,12943,1423,11520,2,100.000000,1,1,8.109269,1.200000,0.800000,cat,1,1,1,1,4235264,3694592,0,15596314624,15596945408,450560,15596314624,15596945408,540672,-1,-1,-1
7598,2,1900,2,16,16,6843.780977,6851.764686,1.187136,0x4051ce,1,13044,1567,11477,4,100.000000,1,1,8.109269,1.200000,0.800000,cat,1,1,1,1,4235264,3694592,90112,15596314624,15596945408,540672,15596404736,15596945408,450560,-1,-1,-1
7598,2,1900,3,16,16,6843.751878,6851.710761,1.210878,0x4051ce,1,12623,1548,11075,6,100.000000,1,1,8.109269,1.200000,0.800000,cat,1,1,1,1,4235264,3694592,0,15596314624,15596945408,450560,15596314624,15596945408,360448,-1,-1,-1
7598,2,1900,4,16,16,6843.677706,6851.770709,1.202850,0x4051ce,1,12423,585,11838,8,100.000000,1,1,8.109269,1.200000,0.800000,cat,14,7ffe,1,1,3604480,3514368,360448,211582976,211673088,90112,211582976,211673088,90112,-1,-1,-1
7598,2,1900,5,16,16,6843.833005,6851.759047,1.174946,0x4051ce,1,12132,316,11816,10,100.000000,1,1,8.109269,1.200000,0.800000,cat,14,7ffe,1,1,3604480,3514368,180224,211582976,211673088,90112,211582976,211673088,0,-1,-1,-1
7598,2,1900,6,16,16,6843.670385,6851.721331,1.193914,0x4051ce,1,12168,295,11873,44,100.000000,1,1,8.109269,1.200000,0.800000,cat,14,7ffe,1,1,3604480,3514368,0,211582976,211673088,90112,211582976,211673088,0,-1,-1,-1
7598,2,1900,7,16,16,6843.763121,6851.744328,1.183953,0x4051ce,1,11778,213,11565,46,100.000000,1,1,8.109269,1.200000,0.800000,cat,14,7ffe,1,1,3604480,3514368,90112,211582976,211673088,90112,211582976,211673088,0,-1,-1,-1
7598,2,1900,8,16,16,6843.689740,6851.760185,1.180035,0x4051ce,1,12366,160,12206,16,100.000000,1,1,8.109269,1.200000,0.800000,cat,14,7ffe,1,1,3604480,3514368,360448,211582976,211673088,90112,211582976,211673088,0,-1,-1,-1
7598,2,1900,9,16,16,6843.683443,6851.767818,1.180014,0x4051ce,1,12125,172,11953,18,100.000000,1,1,8.109269,1.200000,0.800000,cat,14,7ffe,1,1,3604480,3514368,180224,211582976,211673088,90112,211582976,211673088,0,-1,-1,-1
7598,2,1900,10,16,16,6843.831539,6851.779654,1.190641,0x4051ce,1,11850,163,11687,52,100.000000,1,1,8.109269,1.200000,0.800000,cat,14,7ffe,1,1,3604480,3514368,270336,211582976,211673088,90112,211582976,211673088,0,-1,-1,-1
7598,2,1900,11,16,16,6843.682020,6851.741902,1.185534,0x4051ce,1,12087,165,11922,54,100.000000,1,1,8.109269,1.200000,0.800000,cat,14,7ffe,1,1,3604480,3514368,90112,211582976,211673088,90112,211582976,211673088,0,-1,-1,-1
7598,2,1900,12,16,16,6843.826595,6851.775534,1.218808,0x4051ce,1,12481,680,11801,56,100.000000,1,1,8.109269,1.200000,0.800000,cat,1,1,1,1,4235264,3694592,0,15596404736,15596945408,450560,15596584960,15596945408,270336,-1,-1,-1
7598,2,1900,13,16,16,6843.709375,6851.758942,1.186316,0x4051ce,1,13748,1218,12530,58,100.000000,1,1,8.109269,1.200000,0.800000,cat,1,1,1,1,4055040,3694592,0,15596224512,15596945408,450560,15596224512,15596945408,450560,-1,-1,-1
7598,2,1900,14,16,16,6843.841490,6851.754862,1.196813,0x4051ce,1,13127,624,12503,28,100.000000,1,1,8.109269,1.200000,0.800000,cat,1,1,1,1,4145152,3694592,0,15596584960,15596945408,360448,15596675072,15596945408,180224,-1,-1,-1
7598,2,1900,15,16,16,6843.731358,6851.771544,1.157349,0x4051ce,1,7283,629,6654,30,100.000000,1,1,8.109269,1.200000,0.800000,cat,1,1,1,1,4145152,3694592,90112,15596224512,15596945408,540672,15596224512,15596945408,450560,-1,-1,-1
7599,3,1900,0,16,16,6852.020428,6852.061961,0.041533,0x405218,1,1372,716,656,32,100.000000,1,1,0.140059,1.200000,0.800000,cat,1,1,1,1,3694592,3694592,0,15597035520,15597125632,90112,15597035520,15597125632,90112,-1,-1,-1
7599,3,1900,1,16,16,6852.054208,6852.089225,0.035017,0x405218,1,672,11,661,2,100.000000,1,1,0.140059,1.200000,0.800000,cat,1,1,1,1,3694592,3694592,0,15597035520,15597125632,90112,15597035520,15597125632,90112,-1,-1,-1
7599,3,1900,2,16,16,6852.029993,6852.064646,0.034653,0x405218,1,523,18,505,4,100.000000,1,1,0.140059,1.200000,0.800000,cat,1,1,1,1,3694592,3694592,0,15597035520,15597125632,90112,15597035520,15597125632,90112,-1,-1,-1
7599,3,1900,3,16,16,6851.983509,6852.025097,0.041588,0x405218,1,444,14,430,6,100.000000,1,1,0.140059,1.200000,0.800000,cat,1,1,1,1,3694592,3694592,0,15597035520,15597125632,90112,15597035520,15597125632,90112,-1,-1,-1
7599,3,1900,4,16,16,6851.992867,6852.033893,0.041026,0x405218,1,426,0,426,8,100.000000,1,1,0.140059,1.200000,0.800000,cat,14,7ffe,1,1,3514368,3604480,90112,211673088,211673088,0,211673088,211673088,0,-1,-1,-1
7599,3,1900,5,16,16,6852.015558,6852.056279,0.040721,0x405218,1,465,6,459,10,100.000000,1,1,0.140059,1.200000,0.800000,cat,14,7ffe,1,1,3514368,3694592,180224,211673088,211673088,0,211673088,211673088,0,-1,-1,-1
7599,3,1900,6,16,16,6852.047668,6852.089480,0.041812,0x405218,1,605,1,604,44,100.000000,1,1,0.140059,1.200000,0.800000,cat,14,7ffe,1,1,3604480,3694592,90112,211673088,211673088,0,211673088,211673088,0,-1,-1,-1
7599,3,1900,7,16,16,6852.065196,6852.107358,0.042162,0x405218,1,812,1,811,46,100.000000,1,1,0.140059,1.200000,0.800000,cat,14,7ffe,1,1,3604480,3694592,90112,211673088,211673088,0,211673088,211673088,0,-1,-1,-1
7599,3,1900,8,16,16,6851.981917,6852.016247,0.034330,0x405218,1,352,0,352,16,100.000000,1,1,0.140059,1.200000,0.800000,cat,14,7ffe,1,1,3514368,3604480,90112,211673088,211673088,0,211673088,211673088,0,-1,-1,-1
7599,3,1900,9,16,16,6852.060996,6852.101355,0.040359,0x405218,1,626,0,626,18,100.000000,1,1,0.140059,1.200000,0.800000,cat,14,7ffe,1,1,3604480,3694592,90112,211673088,211673088,0,211673088,211673088,0,-1,-1,-1
7599,3,1900,10,16,16,6852.013382,6852.053581,0.040199,0x405218,1,501,3,498,52,100.000000,1,1,0.140059,1.200000,0.800000,cat,14,7ffe,1,1,3514368,3694592,180224,211673088,211673088,0,211673088,211673088,0,-1,-1,-1
7599,3,1900,11,16,16,6851.974869,6852.015727,0.040858,0x405218,1,395,11,384,54,100.000000,1,1,0.140059,1.200000,0.800000,cat,14,7ffe,1,1,3514368,3604480,90112,211673088,211673088,0,211673088,211673088,0,-1,-1,-1
7599,3,1900,12,16,16,6852.053029,6852.094202,0.041173,0x405218,1,598,23,575,56,100.000000,1,1,0.140059,1.200000,0.800000,cat,1,1,1,1,3694592,3784704,90112,15597035520,15597125632,90112,15597125632,15597125632,0,-1,-1,-1
7599,3,1900,13,16,16,6852.037748,6852.079358,0.041610,0x405218,1,451,26,425,58,100.000000,1,1,0.140059,1.200000,0.800000,cat,1,1,1,1,3694592,3694592,0,15597035520,15597125632,90112,15597035520,15597125632,90112,-1,-1,-1
7599,3,1900,14,16,16,6852.031933,6852.067788,0.035855,0x405218,1,517,34,483,28,100.000000,1,1,0.140059,1.200000,0.800000,cat,1,1,1,1,3694592,3694592,0,15597035520,15597125632,90112,15597035520,15597125632,90112,-1,-1,-1
7599,3,1900,15,16,16,6851.967299,6852.007929,0.040630,0x405218,1,241,24,217,30,100.000000,1,1,0.140059,1.200000,0.800000,cat,1,1,1,1,3694592,3694592,0,15597035520,15597125632,90112,15597035520,15597125632,90112,-1,-1,-1
7600,4,1900,0,16,16,6852.500833,6852.530707,0.029874,0x4052e4,1,1854,797,1057,32,100.000000,1,1,0.176446,1.200000,0.800000,cat,1,1,1,1,3604480,3604480,0,15598747648,15599017984,270336,15598747648,15599017984,270336,-1,-1,-1
7600,4,1900,1,16,16,6852.466609,6852.485234,0.018625,0x4052e4,1,56,11,45,2,100.000000,1,1,0.176446,1.200000,0.800000,cat,1,1,1,1,3424256,3604480,180224,15598657536,15598747648,90112,15598747648,15598837760,90112,-1,-1,-1
7600,4,1900,2,16,16,6852.506789,6852.527291,0.020502,0x4052e4,1,86,43,43,4,100.000000,1,1,0.176446,1.200000,0.800000,cat,1,1,1,1,3604480,3604480,0,15598747648,15599017984,270336,15598747648,15599017984,270336,-1,-1,-1
7600,4,1900,3,16,16,6852.366348,6852.385348,0.019000,0x4052e4,1,37,6,31,6,100.000000,1,1,0.176446,1.200000,0.800000,cat,1,1,1,1,3424256,3424256,0,15598657536,15598657536,0,15598657536,15598657536,0,-1,-1,-1
7600,4,1900,4,16,16,6852.375916,6852.394733,0.018817,0x4052e4,1,45,0,45,8,100.000000,1,1,0.176446,1.200000,0.800000,cat,14,7ffe,1,1,3694592,3694592,0,211673088,211673088,0,211673088,211673088,0,-1,-1,-1
7600,4,1900,5,16,16,6852.413135,6852.431787,0.018652,0x4052e4,1,18,0,18,10,100.000000,1,1,0.176446,1.200000,0.800000,cat,14,7ffe,1,1,3694592,3784704,90112,211673088,211673088,0,211673088,211673088,0,-1,-1,-1
7600,4,1900,6,16,16,6852.468878,6852.487688,0.018810,0x4052e4,1,38,0,38,44,100.000000,1,1,0.176446,1.200000,0.800000,cat,14,7ffe,1,1,3784704,3784704,0,211673088,211673088,0,211673088,211673088,0,-1,-1,-1
7600,4,1900,7,16,16,6852.397195,6852.416290,0.019095,0x4052e4,1,99,3,96,46,100.000000,1,1,0.176446,1.200000,0.800000,cat,14,7ffe,1,1,3694592,3784704,90112,211673088,211673088,0,211673088,211673088,0,-1,-1,-1
7600,4,1900,8,16,16,6852.461324,6852.479949,0.018625,0x4052e4,1,84,0,84,16,100.000000,1,1,0.176446,1.200000,0.800000,cat,14,7ffe,1,1,3694592,3784704,90112,211673088,211673088,0,211673088,211673088,0,-1,-1,-1
7600,4,1900,9,16,16,6852.357258,6852.376173,0.018915,0x4052e4,1,57,0,57,18,100.000000,1,1,0.176446,1.200000,0.800000,cat,14,7ffe,1,1,3694592,3694592,0,211673088,211673088,0,211673088,211673088,0,-1,-1,-1
7600,4,1900,10,16,16,6852.381068,6852.399562,0.018494,0x4052e4,1,52,0,52,52,100.000000,1,1,0.176446,1.200000,0.800000,cat,14,7ffe,1,1,3694592,3694592,0,211673088,211673088,0,211673088,211673088,0,-1,-1,-1
7600,4,1900,11,16,16,6852.354261,6852.373612,0.019351,0x4052e4,1,42,0,42,54,100.000000,1,1,0.176446,1.200000,0.800000,cat,14,7ffe,1,1,3694592,3694592,0,211673088,211673088,0,211673088,211673088,0,-1,-1,-1
7600,4,1900,12,16,16,6852.354552,6852.373793,0.019241,0x4052e4,1,64,32,32,56,100.000000,1,1,0.176446,1.200000,0.800000,cat,1,1,1,1,3424256,3424256,0,15598657536,15598657536,0,15598657536,15598657536,0,-1,-1,-1
7600,4,1900,13,16,16,6852.502557,6852.523307,0.020750,0x4052e4,1,93,40,53,58,100.000000,1,1,0.176446,1.200000,0.800000,cat,1,1,1,1,3604480,3604480,0,15598747648,15599017984,270336,15598747648,15599017984,270336,-1,-1,-1
7600,4,1900,14,16,16,6852.411612,6852.430588,0.018976,0x4052e4,1,154,103,51,28,100.000000,1,1,0.176446,1.200000,0.800000,cat,1,1,1,1,3424256,3604480,180224,15598657536,15598747648,90112,15598657536,15598747648,90112,-1,-1,-1
7600,4,1900,15,16,16,6852.473028,6852.492584,0.019556,0x4052e4,1,100,61,39,30,100.000000,1,1,0.176446,1.200000,0.800000,cat,1,1,1,1,3514368,3604480,90112,15598747648,15598927872,180224,15598747648,15598927872,180224,-1,-1,-1
7601,5,1900,0,16,16,6852.707041,6852.725946,0.018905,0x40533c,1,41,0,41,32,100.000000,1,1,0.142610,1.200000,0.800000,cat,1,1,1,1,3694592,3694592,0,15599198208,15599198208,0,15599198208,15599198208,0,-1,-1,-1
7601,5,1900,1,16,16,6852.735630,6852.754858,0.019228,0x40533c,1,43,15,28,2,100.000000,1,1,0.142610,1.200000,0.800000,cat,1,1,1,1,3694592,3694592,0,15599198208,15599198208,0,15599198208,15599198208,0,-1,-1,-1
7601,5,1900,2,16,16,6852.666170,6852.684945,0.018775,0x40533c,1,32,14,18,4,100.000000,1,1,0.142610,1.200000,0.800000,cat,1,1,1,1,3604480,3694592,90112,15599198208,15599198208,0,15599198208,15599198208,0,-1,-1,-1
7601,5,1900,3,16,16,6852.664229,6852.683453,0.019224,0x40533c,1,45,25,20,6,100.000000,1,1,0.142610,1.200000,0.800000,cat,1,1,1,1,3604480,3694592,90112,15599198208,15599198208,0,15599198208,15599198208,0,-1,-1,-1
7601,5,1900,4,16,16,6852.670393,6852.689273,0.018880,0x40533c,1,27,0,27,8,100.000000,1,1,0.142610,1.200000,0.800000,cat,14,7ffe,1,1,3784704,3784704,0,211673088,211673088,0,211673088,211673088,0,-1,-1,-1
7601,5,1900,5,16,16,6852.719274,6852.737971,0.018697,0x40533c,1,19,0,19,10,100.000000,1,1,0.142610,1.200000,0.800000,cat,14,7ffe,1,1,3784704,3784704,0,211673088,211673088,0,211673088,211673088,0,-1,-1,-1
7601,5,1900,6,16,16,6852.732303,6852.750994,0.018691,0x40533c,1,36,0,36,44,100.000000,1,1,0.142610,1.200000,0.800000,cat,14,7ffe,1,1,3784704,3784704,0,211673088,211673088,0,211673088,211673088,0,-1,-1,-1
7601,5,1900,7,16,16,6852.687212,6852.705868,0.018656,0x40533c,1,28,0,28,46,100.000000,1,1,0.142610,1.200000,0.800000,cat,14,7ffe,1,1,3784704,3784704,0,211673088,211673088,0,211673088,211673088,0,-1,-1,-1
7601,5,1900,8,16,16,6852.713453,6852.732219,0.018766,0x40533c,1,26,0,26,16,100.000000,1,1,0.142610,1.200000,0.800000,cat,14,7ffe,1,1,3784704,3784704,0,211673088,211673088,0,211673088,211673088,0,-1,-1,-1
7601,5,1900,9,16,16,6852.765174,6852.783837,0.018663,0x40533c,1,23,0,23,18,100.000000,1,1,0.142610,1.200000,0.800000,cat,14,7ffe,1,1,3784704,3694592,-90112,211673088,211673088,0,211673088,211673088,0,-1,-1,-1
7601,5,1900,10,16,16,6852.752263,6852.770831,0.018568,0x40533c,1,29,0,29,52,100.000000,1,1,0.142610,1.200000,0.800000,cat,14,7ffe,1,1,3784704,3694592,-90112,211673088,211673088,0,211673088,211673088,0,-1,-1,-1
7601,5,1900,11,16,16,6852.771170,6852.789953,0.018783,0x40533c,1,38,3,35,54,100.000000,1,1,0.142610,1.200000,0.800000,cat,14,7ffe,1,1,3784704,3694592,-90112,211673088,211673088,0,211673088,211673088,0,-1,-1,-1
7601,5,1900,12,16,16,6852.716069,6852.734922,0.018853,0x40533c,1,99,33,66,56,100.000000,1,1,0.142610,1.200000,0.800000,cat,1,1,1,1,3694592,3694592,0,15599198208,15599198208,0,15599198208,15599198208,0,-1,-1,-1
7601,5,1900,13,16,16,6852.696530,6852.715547,0.019017,0x40533c,1,48,25,23,58,100.000000,1,1,0.142610,1.200000,0.800000,cat,1,1,1,1,3694592,3694592,0,15599198208,15599198208,0,15599198208,15599198208,0,-1,-1,-1
7601,5,1900,14,16,16,6852.787821,6852.806839,0.019018,0x40533c,1,75,43,32,28,100.000000,1,1,0.142610,1.200000,0.800000,cat,1,1,1,1,3694592,3694592,0,15599198208,15599198208,0,15599198208,15599198208,0,-1,-1,-1
7601,5,1900,15,16,16,6852.707027,6852.725884,0.018857,0x40533c,1,54,22,32,30,100.000000,1,1,0.142610,1.200000,0.800000,cat,1,1,1,1,3694592,3694592,0,15599198208,15599198208,0,15599198208,15599198208,0,-1,-1,-1
7998,2,2000,0,16,16,7189.094843,7197.096264,1.228973,0x4051ce,1,11369,2560,8809,32,100.000000,1,1,8.171589,1.200000,0.800000,cat,1,1,1,1,3874816,3784704,90112,16424894464,16425345024,360448,16424984576,16425345024,270336,-1,-1,-1
7998,2,2000,1,16,16,7188.994794,7197.089859,1.192843,0x4051ce,1,12979,1580,11399,2,100.000000,1,1,8.171589,1.200000,0.800000,cat,1,1,1,1,3694592,3784704,180224,16424353792,16425345024,720896,16424353792,16425345024,811008,-1,-1,-1
7998,2,2000,2,16,16,7188.962488,7197.109868,1.181884,0x4051ce,1,13777,1558,12219,4,100.000000,1,1,8.171589,1.200000,0.800000,cat,1,1,1,1,3694592,3784704,90112,16424353792,16425345024,630784,16424353792,16425345024,720896,-1,-1,-1
7998,2,2000,3,16,16,7188.968227,7197.045804,1.202427,0x4051ce,1,12509,1460,11049,6,100.000000,1,1,8.171589,1.200000,0.800000,cat,1,1,1,1,3694592,3694592,90112,16424353792,16425345024,630784,16424353792,16425345024,901120,-1,-1,-1
7998,2,2000,4,16,16,7188.990398,7197.116756,1.199587,0x4051ce,1,12171,511,11660,8,100.000000,1,1,8.171589,1.200000,0.800000,cat,14,7ffe,1,1,3694592,3424256,180224,220954624,220954624,0,220954624,220954624,0,-1,-1,-1
7998,2,2000,5,16,16,7189.021101,7197.098518,1.171670,0x4051ce,1,12182,308,11874,10,100.000000,1,1,8.171589,1.200000,0.800000,cat,14,7ffe,1,1,3784704,3424256,180224,220954624,220954624,0,220954624,220954624,0,-1,-1,-1
7998,2,2000,6,16,16,7189.036888,7197.110975,1.193872,0x4051ce,1,12319,299,12020,44,100.000000,1,1,8.171589,1.200000,0.800000,cat,14,7ffe,1,1,3694592,3424256,0,220954624,220954624,0,220954624,220954624,0,-1,-1,-1
7998,2,2000,7,16,16,7189.078211,7197.079207,1.184639,0x4051ce,1,11907,222,11685,46,100.000000,1,1,8.171589,1.200000,0.800000,cat,14,7ffe,1,1,3694592,3514368,90112,220954624,220954624,0,220954624,220954624,0,-1,-1,-1
7998,2,2000,8,16,16,7189.003226,7197.102856,1.192162,0x4051ce,1,11974,179,11795,16,100.000000,1,1,8.171589,1.200000,0.800000,cat,14,7ffe,1,1,3694592,3424256,90112,220954624,220954624,0,220954624,220954624,0,-1,-1,-1
7998,2,2000,9,16,16,7189.013779,7197.113086,1.197404,0x4051ce,1,12178,218,11960,18,100.000000,1,1,8.171589,1.200000,0.800000,cat,14,7ffe,1,1,3784704,3424256,90112,220954624,220954624,0,220954624,220954624,0,-1,-1,-1
7998,2,2000,10,16,16,7188.973820,7197.107619,1.202315,0x4051ce,1,11842,148,11694,52,100.000000,1,1,8.171589,1.200000,0.800000,cat,14,7ffe,1,1,3604480,3424256,90112,220954624,220954624,0,220954624,220954624,0,-1,-1,-1
7998,2,2000,11,16,16,7188.945964,7197.091979,1.198302,0x4051ce,1,12239,140,12099,54,100.000000,1,1,8.171589,1.200000,0.800000,cat,14,7ffe,1,1,3604480,3424256,180224,220954624,220954624,0,220954624,220954624,0,-1,-1,-1
7998,2,2000,12,16,16,7188.972204,7197.072177,1.190630,0x4051ce,1,13018,846,12172,56,100.000000,1,1,8.171589,1.200000,0.800000,cat,1,1,1,1,3694592,3694592,90112,16424353792,16425345024,630784,16424353792,16425345024,720896,-1,-1,-1
7998,2,2000,13,16,16,7189.112824,7197.117553,1.191304,0x4051ce,1,13246,859,12387,58,100.000000,1,1,8.171589,1.200000,0.800000,cat,1,1,1,1,3784704,3784704,90112,16424984576,16425345024,270336,16425074688,16425345024,180224,-1,-1,-1
7998,2,2000,14,16,16,7189.060753,7197.083968,1.210852,0x4051ce,1,13683,984,12699,28,100.000000,1,1,8.171589,1.200000,0.800000,cat,1,1,1,1,3784704,3694592,0,16424804352,16425345024,450560,16424894464,16425345024,360448,-1,-1,-1
7998,2,2000,15,16,16,7189.110841,7197.108720,1.200750,0x4051ce,1,7052,423,6629,30,100.000000,1,1,8.171589,1.200000,0.800000,cat,1,1,1,1,3784704,3784704,90112,16424894464,16425345024,450560,16424984576,16425345024,360448,-1,-1,-1
7999,3,2000,0,16,16,7197.406812,7197.444721,0.037909,0x405218,1,1340,723,617,32,100.000000,1,1,0.203823,1.200000,0.800000,cat,1,1,1,1,3874816,3784704,-90112,16425435136,16425525248,90112,16425435136,16425525248,90112,-1,-1,-1
7999,3,2000,1,16,16,7197.391159,7197.435548,0.044389,0x405218,1,511,12,499,2,100.000000,1,1,0.203823,1.200000,0.800000,cat,1,1,1,1,3874816,3784704,-90112,16425435136,16425525248,90112,16425435136,16425525248,90112,-1,-1,-1
7999,3,2000,2,16,16,7197.315567,7197.353137,0.037570,0x405218,1,472,11,461,4,100.000000,1,1,0.203823,1.200000,0.800000,cat,1,1,1,1,3874816,3784704,-90112,16425435136,16425435136,0,16425435136,16425435136,0,-1,-1,-1
7999,3,2000,3,16,16,7197.298704,7197.340058,0.041354,0x405218,1,322,16,306,6,100.000000,1,1,0.203823,1.200000,0.800000,cat,1,1,1,1,3874816,3874816,0,16425435136,16425435136,0,16425435136,16425435136,0,-1,-1,-1
7999,3,2000,4,16,16,7197.335267,7197.379063,0.043796,0x405218,1,535,0,535,8,100.000000,1,1,0.203823,1.200000,0.800000,cat,14,7ffe,1,1,3514368,3604480,90112,220954624,220954624,0,220954624,220954624,0,-1,-1,-1
7999,3,2000,5,16,16,7197.314213,7197.357727,0.043514,0x405218,1,349,0,349,10,100.000000,1,1,0.203823,1.200000,0.800000,cat,14,7ffe,1,1,3514368,3604480,90112,220954624,220954624,0,220954624,220954624,0,-1,-1,-1
7999,3,2000,6,16,16,7197.423359,7197.467738,0.044379,0x405218,1,597,0,597,44,100.000000,1,1,0.203823,1.200000,0.800000,cat,14,7ffe,1,1,3604480,3604480,0,220954624,220954624,0,220954624,220954624,0,-1,-1,-1
7999,3,2000,7,16,16,7197.343965,7197.382216,0.038251,0x405218,1,605,0,605,46,100.000000,1,1,0.203823,1.200000,0.800000,cat,14,7ffe,1,1,3514368,3604480,90112,220954624,220954624,0,220954624,220954624,0,-1,-1,-1
7999,3,2000,8,16,16,7197.311880,7197.348712,0.036832,0x405218,1,314,1,313,16,100.000000,1,1,0.203823,1.200000,0.800000,cat,14,7ffe,1,1,3514368,3604480,90112,220954624,220954624,0,220954624,220954624,0,-1,-1,-1
7999,3,2000,9,16,16,7197.439603,7197.477533,0.037930,0x405218,1,578,1,577,18,100.000000,1,1,0.203823,1.200000,0.800000,cat,14,7ffe,1,1,3604480,3604480,0,220954624,220954624,0,220954624,220954624,0,-1,-1,-1
7999,3,2000,10,16,16,7197.465519,7197.502527,0.037008,0x405218,1,483,3,480,52,100.000000,1,1,0.203823,1.200000,0.800000,cat,14,7ffe,1,1,3604480,3604480,0,220954624,220954624,0,220954624,220954624,0,-1,-1,-1
7999,3,2000,11,16,16,7197.321268,7197.365583,0.044315,0x405218,1,482,14,468,54,100.000000,1,1,0.203823,1.200000,0.800000,cat,14,7ffe,1,1,3514368,3604480,90112,220954624,220954624,0,220954624,220954624,0,-1,-1,-1
7999,3,2000,12,16,16,7197.325112,7197.362936,0.037824,0x405218,1,427,39,388,56,100.000000,1,1,0.203823,1.200000,0.800000,cat,1,1,1,1,3874816,3784704,-90112,16425435136,16425435136,0,16425435136,16425525248,90112,-1,-1,-1
7999,3,2000,13,16,16,7197.391609,7197.436188,0.044579,0x405218,1,604,17,587,58,100.000000,1,1,0.203823,1.200000,0.800000,cat,1,1,1,1,3874816,3784704,-90112,16425435136,16425525248,90112,16425435136,16425525248,90112,-1,-1,-1
7999,3,2000,14,16,16,7197.346787,7197.390512,0.043725,0x405218,1,497,19,478,28,100.000000,1,1,0.203823,1.200000,0.800000,cat,1,1,1,1,3874816,3784704,-90112,16425435136,16425525248,90112,16425435136,16425525248,90112,-1,-1,-1
7999,3,2000,15,16,16,7197.371916,7197.409384,0.037468,0x405218,1,223,26,197,30,100.000000,1,1,0.203823,1.200000,0.800000,cat,1,1,1,1,3874816,3784704,-90112,16425435136,16425525248,90112,16425435136,16425525248,90112,-1,-1,-1
8000,4,2000,0,16,16,7197.813441,7197.840972,0.027531,0x4052e4,1,1794,834,960,32,100.000000,1,1,0.167809,1.200000,0.800000,cat,1,1,1,1,3784704,3964928,180224,16427147264,16427237376,90112,16427147264,16427237376,90112,-1,-1,-1
8000,4,2000,1,16,16,7197.750039,7197.770340,0.020301,0x4052e4,1,45,19,26,2,100.000000,1,1,0.167809,1.200000,0.800000,cat,1,1,1,1,3784704,3874816,90112,16427057152,16427147264,90112,16427057152,16427147264,90112,-1,-1,-1
8000,4,2000,2,16,16,7197.823076,7197.843249,0.020173,0x4052e4,1,62,27,35,4,100.000000,1,1,0.167809,1.200000,0.800000,cat,1,1,1,1,3784704,3964928,180224,16427147264,16427237376,90112,16427147264,16427237376,90112,-1,-1,-1
8000,4,2000,3,16,16,7197.740155,7197.760420,0.020265,0x4052e4,1,38,17,21,6,100.000000,1,1,0.167809,1.200000,0.800000,cat,1,1,1,1,3784704,3784704,0,16427057152,16427147264,90112,16427057152,16427147264,90112,-1,-1,-1
8000,4,2000,4,16,16,7197.883674,7197.903785,0.020111,0x4052e4,1,23,0,23,8,100.000000,1,1,0.167809,1.200000,0.800000,cat,14,7ffe,1,1,3604480,3604480,0,220954624,220954624,0,220954624,220954624,0,-1,-1,-1
8000,4,2000,5,16,16,7197.764373,7197.784514,0.020141,0x4052e4,1,22,0,22,10,100.000000,1,1,0.167809,1.200000,0.800000,cat,14,7ffe,1,1,3604480,3604480,0,220954624,220954624,0,220954624,220954624,0,-1,-1,-1
8000,4,2000,6,16,16,7197.780286,7197.800660,0.020374,0x4052e4,1,31,1,30,44,100.000000,1,1,0.167809,1.200000,0.800000,cat,14,7ffe,1,1,3604480,3604480,0,220954624,220954624,0,220954624,220954624,0,-1,-1,-1
8000,4,2000,7,16,16,7197.761396,7197.781574,0.020178,0x4052e4,1,47,0,47,46,100.000000,1,1,0.167809,1.200000,0.800000,cat,14,7ffe,1,1,3604480,3604480,0,220954624,220954624,0,220954624,220954624,0,-1,-1,-1
8000,4,2000,8,16,16,7197.747136,7197.767346,0.020210,0x4052e4,1,30,0,30,16,100.000000,1,1,0.167809,1.200000,0.800000,cat,14,7ffe,1,1,3604480,3604480,0,220954624,220954624,0,220954624,220954624,0,-1,-1,-1
8000,4,2000,9,16,16,7197.887822,7197.907964,0.020142,0x4052e4,1,33,0,33,18,100.000000,1,1,0.167809,1.200000,0.800000,cat,14,7ffe,1,1,3604480,3604480,0,220954624,220954624,0,220954624,220954624,0,-1,-1,-1
8000,4,2000,10,16,16,7197.841118,7197.861383,0.020265,0x4052e4,1,52,0,52,52,100.000000,1,1,0.167809,1.200000,0.800000,cat,14,7ffe,1,1,3604480,3604480,0,220954624,220954624,0,220954624,220954624,0,-1,-1,-1
8000,4,2000,11,16,16,7197.881283,7197.901290,0.020007,0x4052e4,1,24,0,24,54,100.000000,1,1,0.167809,1.200000,0.800000,cat,14,7ffe,1,1,3604480,3604480,0,220954624,220954624,0,220954624,220954624,0,-1,-1,-1
8000,4,2000,12,16,16,7197.752843,7197.773232,0.020389,0x4052e4,1,138,69,69,56,100.000000,1,1,0.167809,1.200000,0.800000,cat,1,1,1,1,3784704,3874816,90112,16427057152,16427147264,90112,16427057152,16427237376,180224,-1,-1,-1
8000,4,2000,13,16,16,7197.796247,7197.816348,0.020101,0x4052e4,1,98,46,52,58,100.000000,1,1,0.167809,1.200000,0.800000,cat,1,1,1,1,3784704,3964928,180224,16427147264,16427237376,90112,16427147264,16427237376,90112,-1,-1,-1
8000,4,2000,14,16,16,7197.871161,7197.891774,0.020613,0x4052e4,1,159,126,33,28,100.000000,1,1,0.167809,1.200000,0.800000,cat,1,1,1,1,3874816,3964928,90112,16427237376,16427327488,90112,16427237376,16427327488,90112,-1,-1,-1
8000,4,2000,15,16,16,7197.876854,7197.898097,0.021243,0x4052e4,1,112,79,33,30,100.000000,1,1,0.167809,1.200000,0.800000,cat,1,1,1,1,3874816,3964928,90112,16427237376,16427327488,90112,16427237376,16427327488,90112,-1,-1,-1
8001,5,2000,0,16,16,7198.154793,7198.175093,0.020300,0x40533c,1,23,1,22,32,100.000000,1,1,0.168491,1.200000,0.800000,cat,1,1,1,1,3964928,4055040,90112,16427507712,16427507712,0,16427507712,16427507712,0,-1,-1,-1
8001,5,2000,1,16,16,7198.068207,7198.088653,0.020446,0x40533c,1,35,9,26,2,100.000000,1,1,0.168491,1.200000,0.800000,cat,1,1,1,1,3964928,3964928,0,16427507712,16427507712,0,16427507712,16427507712,0,-1,-1,-1
8001,5,2000,2,16,16,7198.173078,7198.193129,0.020051,0x40533c,1,29,9,20,4,100.000000,1,1,0.168491,1.200000,0.800000,cat,1,1,1,1,3964928,4055040,90112,16427507712,16427507712,0,16427507712,16427507712,0,-1,-1,-1
8001,5,2000,3,16,16,7198.117152,7198.137560,0.020408,0x40533c,1,63,28,35,6,100.000000,1,1,0.168491,1.200000,0.800000,cat,1,1,1,1,3964928,4055040,90112,16427507712,16427507712,0,16427507712,16427507712,0,-1,-1,-1
8001,5,2000,4,16,16,7198.047800,7198.068049,0.020249,0x40533c,1,27,0,27,8,100.000000,1,1,0.168491,1.200000,0.800000,cat,14,7ffe,1,1,3514368,3514368,0,220954624,220954624,0,220954624,220954624,0,-1,-1,-1
8001,5,2000,5,16,16,7198.196263,7198.216291,0.020028,0x40533c,1,23,1,22,10,100.000000,1,1,0.168491,1.200000,0.800000,cat,14,7ffe,1,1,3514368,3604480,90112,220954624,220954624,0,220954624,220954624,0,-1,-1,-1
8001,5,2000,6,16,16,7198.087489,7198.107667,0.020178,0x40533c,1,27,0,27,44,100.000000,1,1,0.168491,1.200000,0.800000,cat,14,7ffe,1,1,3514368,3514368,0,220954624,220954624,0,220954624,220954624,0,-1,-1,-1
8001,5,2000,7,16,16,7198.155469,7198.175675,0.020206,0x40533c,1,64,0,64,46,100.000000,1,1,0.168491,1.200000,0.800000,cat,14,7ffe,1,1,3514368,3514368,0,220954624,220954624,0,220954624,220954624,0,-1,-1,-1
8001,5,2000,8,16,16,7198.089806,7198.109944,0.020138,0x40533c,1,46,0,46,16,100.000000,1,1,0.168491,1.200000,0.800000,cat,14,7ffe,1,1,3514368,3514368,0,220954624,220954624,0,220954624,220954624,0,-1,-1,-1
8001,5,2000,9,16,16,7198.130072,7198.150240,0.020168,0x40533c,1,23,0,23,18,100.000000,1,1,0.168491,1.200000,0.800000,cat,14,7ffe,1,1,3514368,3514368,0,220954624,220954624,0,220954624,220954624,0,-1,-1,-1
8001,5,2000,10,16,16,7198.189568,7198.209667,0.020099,0x40533c,1,42,0,42,52,100.000000,1,1,0.168491,1.200000,0.800000,cat,14,7ffe,1,1,3514368,3604480,90112,220954624,220954624,0,220954624,220954624,0,-1,-1,-1
8001,5,2000,11,16,16,7198.099129,7198.119180,0.020051,0x40533c,1,27,0,27,54,100.000000,1,1,0.168491,1.200000,0.800000,cat,14,7ffe,1,1,3514368,3514368,0,220954624,220954624,0,220954624,220954624,0,-1,-1,-1
8001,5,2000,12,16,16,7198.056640,7198.077330,0.020690,0x40533c,1,44,26,18,56,100.000000,1,1,0.168491,1.200000,0.800000,cat,1,1,1,1,3964928,3964928,0,16427507712,16427507712,0,16427507712,16427507712,0,-1,-1,-1
8001,5,2000,13,16,16,7198.133445,7198.153826,0.020381,0x40533c,1,80,25,55,58,100.000000,1,1,0.168491,1.200000,0.800000,cat,1,1,1,1,3964928,4055040,90112,16427507712,16427507712,0,16427507712,16427507712,0,-1,-1,-1
8001,5,2000,14,16,16,7198.071774,7198.091840,0.020066,0x40533c,1,42,3,39,28,100.000000,1,1,0.168491,1.200000,0.800000,cat,1,1,1,1,3964928,3964928,0,16427507712,16427507712,0,16427507712,16427507712,0,-1,-1,-1
8001,5,2000,15,16,16,7198.060352,7198.080462,0.020110,0x40533c,1,22,3,19,30,100.000000,1,1,0.168491,1.200000,0.800000,cat,1,1,1,1,3964928,3964928,0,16427507712,16427507712,0,16427507712,16427507712,0,-1,-1,-1
