parallel_id,region_id,region_exec,thread_id,team_size,requested_threads,start_ms,end_ms,elapsed_ms,codeptr,pmu_valid,pmu_llc_references,pmu_llc_misses,pmu_llc_hits,cpu_id,target_mb_percent,resource_applied,resctrl_enabled,region_wall_ms,resctrl_enable_ms,resctrl_disable_ms,resource_kind,target_l3_ways,target_l3_mask,mon_valid,mon_l3_domains,mon_start_llc_occupancy_bytes,mon_end_llc_occupancy_bytes,mon_llc_occupancy_delta_bytes,mon_start_mbm_total_bytes,mon_end_mbm_total_bytes,mon_mbm_total_delta_bytes,mon_start_mbm_local_bytes,mon_end_mbm_local_bytes,mon_mbm_local_delta_bytes,mon_start_mbm_remote_bytes,mon_end_mbm_remote_bytes,mon_mbm_remote_delta_bytes
1,1,1,0,16,16,9927.860740,9946.093707,18.232967,0x404957,1,274438,273089,1349,32,100.000000,0,0,19.996477,1.200000,0.800000,mba,0,,0,0,-1,-1,-1,-1,-1,-1,-1,-1,-1,-1,-1,-1
1,1,1,1,16,16,9927.983744,9945.989674,18.005930,0x404957,1,275449,273818,1631,2,100.000000,0,0,19.996477,1.200000,0.800000,mba,0,,0,0,-1,-1,-1,-1,-1,-1,-1,-1,-1,-1,-1,-1
1,1,1,2,16,16,9927.998548,9946.495170,18.496622,0x404957,1,275132,273827,1305,4,100.000000,0,0,19.996477,1.200000,0.800000,mba,0,,0,0,-1,-1,-1,-1,-1,-1,-1,-1,-1,-1,-1,-1
1,1,1,3,16,16,9927.929567,9946.268664,18.339097,0x404957,1,275146,273590,1556,38,100.000000,0,0,19.996477,1.200000,0.800000,mba,0,,0,0,-1,-1,-1,-1,-1,-1,-1,-1,-1,-1,-1,-1
1,1,1,4,16,16,9927.986026,9946.565912,18.579886,0x404957,1,275595,272977,2618,40,100.000000,0,0,19.996477,1.200000,0.800000,mba,0,,0,0,-1,-1,-1,-1,-1,-1,-1,-1,-1,-1,-1,-1
1,1,1,5,16,16,9927.925647,9945.654749,17.729102,0x404957,1,275568,273618,1950,10,100.000000,0,0,19.996477,1.200000,0.800000,mba,0,,0,0,-1,-1,-1,-1,-1,-1,-1,-1,-1,-1,-1,-1
1,1,1,6,16,16,9927.966812,9945.992726,18.025914,0x404957,1,275073,273768,1305,12,100.000000,0,0,19.996477,1.200000,0.800000,mba,0,,0,0,-1,-1,-1,-1,-1,-1,-1,-1,-1,-1,-1,-1
1,1,1,7,16,16,9928.042550,9946.474129,18.431579,0x404957,1,275259,273820,1439,14,100.000000,0,0,19.996477,1.200000,0.800000,mba,0,,0,0,-1,-1,-1,-1,-1,-1,-1,-1,-1,-1,-1,-1
1,1,1,8,16,16,9928.199557,9946.051441,17.851884,0x404957,1,275325,273759,1566,16,100.000000,0,0,19.996477,1.200000,0.800000,mba,0,,0,0,-1,-1,-1,-1,-1,-1,-1,-1,-1,-1,-1,-1
1,1,1,9,16,16,9927.966113,9946.459076,18.492963,0x404957,1,275189,273244,1945,50,100.000000,0,0,19.996477,1.200000,0.800000,mba,0,,0,0,-1,-1,-1,-1,-1,-1,-1,-1,-1,-1,-1,-1
1,1,1,10,16,16,9928.092444,9946.038376,17.945932,0x404957,1,275109,273778,1331,20,100.000000,0,0,19.996477,1.200000,0.800000,mba,0,,0,0,-1,-1,-1,-1,-1,-1,-1,-1,-1,-1,-1,-1
1,1,1,11,16,16,9927.959679,9946.009171,18.049492,0x404957,1,275237,273576,1661,54,100.000000,0,0,19.996477,1.200000,0.800000,mba,0,,0,0,-1,-1,-1,-1,-1,-1,-1,-1,-1,-1,-1,-1
1,1,1,12,16,16,9928.203771,9946.030976,17.827205,0x404957,1,274930,273575,1355,24,100.000000,0,0,19.996477,1.200000,0.800000,mba,0,,0,0,-1,-1,-1,-1,-1,-1,-1,-1,-1,-1,-1,-1
1,1,1,13,16,16,9928.187605,9946.035537,17.847932,0x404957,1,275274,273727,1547,26,100.000000,0,0,19.996477,1.200000,0.800000,mba,0,,0,0,-1,-1,-1,-1,-1,-1,-1,-1,-1,-1,-1,-1
1,1,1,14,16,16,9928.343191,9947.176569,18.833378,0x404957,1,274899,273528,1371,60,100.000000,0,0,19.996477,1.200000,0.800000,mba,0,,0,0,-1,-1,-1,-1,-1,-1,-1,-1,-1,-1,-1,-1
1,1,1,15,16,16,9928.276709,9947.857217,19.580508,0x404957,1,275267,273626,1641,30,100.000000,0,0,19.996477,1.200000,0.800000,mba,0,,0,0,-1,-1,-1,-1,-1,-1,-1,-1,-1,-1,-1,-1
2,2,1,0,16,16,9961.003693,10247.763585,221.573426,0x4051ce,1,26259019,13396094,12862925,32,100.000000,0,0,287.007724,1.200000,0.800000,mba,0,,0,0,-1,-1,-1,-1,-1,-1,-1,-1,-1,-1,-1,-1
2,2,1,1,16,16,9960.998005,10247.867500,267.365210,0x4051ce,1,27202033,23379765,3822268,2,100.000000,0,0,287.007724,1.200000,0.800000,mba,0,,0,0,-1,-1,-1,-1,-1,-1,-1,-1,-1,-1,-1,-1
2,2,1,2,16,16,9960.998832,10247.898626,277.490636,0x4051ce,1,26991584,25700428,1291156,4,100.000000,0,0,287.007724,1.200000,0.800000,mba,0,,0,0,-1,-1,-1,-1,-1,-1,-1,-1,-1,-1,-1,-1
2,2,1,3,16,16,9960.998153,10247.330044,228.356521,0x4051ce,1,27069112,16377460,10691652,38,100.000000,0,0,287.007724,1.200000,0.800000,mba,0,,0,0,-1,-1,-1,-1,-1,-1,-1,-1,-1,-1,-1,-1
2,2,1,4,16,16,9960.998209,10247.951426,276.582573,0x4051ce,1,27026259,24897700,2128559,40,100.000000,0,0,287.007724,1.200000,0.800000,mba,0,,0,0,-1,-1,-1,-1,-1,-1,-1,-1,-1,-1,-1,-1
2,2,1,5,16,16,9960.998560,10247.979054,278.328590,0x4051ce,1,27016561,25731429,1285132,10,100.000000,0,0,287.007724,1.200000,0.800000,mba,0,,0,0,-1,-1,-1,-1,-1,-1,-1,-1,-1,-1,-1,-1
2,2,1,6,16,16,9960.998422,10247.969187,283.374908,0x4051ce,1,27012944,26153808,859136,12,100.000000,0,0,287.007724,1.200000,0.800000,mba,0,,0,0,-1,-1,-1,-1,-1,-1,-1,-1,-1,-1,-1,-1
2,2,1,7,16,16,9960.998608,10247.978069,284.012724,0x4051ce,1,27026233,26192214,834019,14,100.000000,0,0,287.007724,1.200000,0.800000,mba,0,,0,0,-1,-1,-1,-1,-1,-1,-1,-1,-1,-1,-1,-1
2,2,1,8,16,16,9960.998831,10247.953932,282.195996,0x4051ce,1,26981253,26142892,838361,16,100.000000,0,0,287.007724,1.200000,0.800000,mba,0,,0,0,-1,-1,-1,-1,-1,-1,-1,-1,-1,-1,-1,-1
2,2,1,9,16,16,9960.999292,10248.000526,284.002864,0x4051ce,1,27020211,26165043,855168,50,100.000000,0,0,287.007724,1.200000,0.800000,mba,0,,0,0,-1,-1,-1,-1,-1,-1,-1,-1,-1,-1,-1,-1
2,2,1,10,16,16,9960.998915,10247.955624,283.072149,0x4051ce,1,27003534,26155776,847758,20,100.000000,0,0,287.007724,1.200000,0.800000,mba,0,,0,0,-1,-1,-1,-1,-1,-1,-1,-1,-1,-1,-1,-1
2,2,1,11,16,16,9960.997935,10247.962791,283.634668,0x4051ce,1,27031796,26177998,853798,54,100.000000,0,0,287.007724,1.200000,0.800000,mba,0,,0,0,-1,-1,-1,-1,-1,-1,-1,-1,-1,-1,-1,-1
2,2,1,12,16,16,9960.998980,10247.957042,285.395709,0x4051ce,1,27004537,26116682,887855,24,100.000000,0,0,287.007724,1.200000,0.800000,mba,0,,0,0,-1,-1,-1,-1,-1,-1,-1,-1,-1,-1,-1,-1
2,2,1,13,16,16,9960.998718,10247.980851,286.371982,0x4051ce,1,26955639,26081627,874012,26,100.000000,0,0,287.007724,1.200000,0.800000,mba,0,,0,0,-1,-1,-1,-1,-1,-1,-1,-1,-1,-1,-1,-1
2,2,1,14,16,16,9960.998735,10248.005659,285.357632,0x4051ce,1,27046216,26192352,853864,60,100.000000,0,0,287.007724,1.200000,0.800000,mba,0,,0,0,-1,-1,-1,-1,-1,-1,-1,-1,-1,-1,-1,-1
2,2,1,15,16,16,9960.998837,10247.998409,276.790949,0x4051ce,1,26320311,25653284,667027,30,100.000000,0,0,287.007724,1.200000,0.800000,mba,0,,0,0,-1,-1,-1,-1,-1,-1,-1,-1,-1,-1,-1,-1
3,3,1,0,16,16,10248.090146,10248.215625,0.125479,0x405218,1,6879,2297,4582,32,100.000000,0,0,0.167703,1.200000,0.800000,mba,0,,0,0,-1,-1,-1,-1,-1,-1,-1,-1,-1,-1,-1,-1
3,3,1,1,16,16,10248.089302,10248.230890,0.141588,0x405218,1,6417,3403,3014,2,100.000000,0,0,0.167703,1.200000,0.800000,mba,0,,0,0,-1,-1,-1,-1,-1,-1,-1,-1,-1,-1,-1,-1
3,3,1,2,16,16,10248.089662,10248.234363,0.144701,0x405218,1,5511,4497,1014,4,100.000000,0,0,0.167703,1.200000,0.800000,mba,0,,0,0,-1,-1,-1,-1,-1,-1,-1,-1,-1,-1,-1,-1
3,3,1,3,16,16,10248.089553,10248.190492,0.100939,0x405218,1,5727,1767,3960,38,100.000000,0,0,0.167703,1.200000,0.800000,mba,0,,0,0,-1,-1,-1,-1,-1,-1,-1,-1,-1,-1,-1,-1
3,3,1,4,16,16,10248.087957,10248.227122,0.139165,0x405218,1,5122,4170,952,40,100.000000,0,0,0.167703,1.200000,0.800000,mba,0,,0,0,-1,-1,-1,-1,-1,-1,-1,-1,-1,-1,-1,-1
3,3,1,5,16,16,10248.089775,10248.236208,0.146433,0x405218,1,5779,4525,1254,10,100.000000,0,0,0.167703,1.200000,0.800000,mba,0,,0,0,-1,-1,-1,-1,-1,-1,-1,-1,-1,-1,-1,-1
3,3,1,6,16,16,10248.090225,10248.245100,0.154875,0x405218,1,5711,4703,1008,12,100.000000,0,0,0.167703,1.200000,0.800000,mba,0,,0,0,-1,-1,-1,-1,-1,-1,-1,-1,-1,-1,-1,-1
3,3,1,7,16,16,10248.090303,10248.242482,0.152179,0x405218,1,5645,4899,746,14,100.000000,0,0,0.167703,1.200000,0.800000,mba,0,,0,0,-1,-1,-1,-1,-1,-1,-1,-1,-1,-1,-1,-1
3,3,1,8,16,16,10248.089507,10248.233883,0.144376,0x405218,1,5366,4640,726,16,100.000000,0,0,0.167703,1.200000,0.800000,mba,0,,0,0,-1,-1,-1,-1,-1,-1,-1,-1,-1,-1,-1,-1
3,3,1,9,16,16,10248.089932,10248.236812,0.146880,0x405218,1,5342,4356,986,50,100.000000,0,0,0.167703,1.200000,0.800000,mba,0,,0,0,-1,-1,-1,-1,-1,-1,-1,-1,-1,-1,-1,-1
3,3,1,10,16,16,10248.090014,10248.236600,0.146586,0x405218,1,5464,4543,921,20,100.000000,0,0,0.167703,1.200000,0.800000,mba,0,,0,0,-1,-1,-1,-1,-1,-1,-1,-1,-1,-1,-1,-1
3,3,1,11,16,16,10248.090213,10248.254281,0.164068,0x405218,1,5526,4745,781,54,100.000000,0,0,0.167703,1.200000,0.800000,mba,0,,0,0,-1,-1,-1,-1,-1,-1,-1,-1,-1,-1,-1,-1
3,3,1,12,16,16,10248.089093,10248.251414,0.162321,0x405218,1,5396,4666,730,24,100.000000,0,0,0.167703,1.200000,0.800000,mba,0,,0,0,-1,-1,-1,-1,-1,-1,-1,-1,-1,-1,-1,-1
3,3,1,13,16,16,10248.090041,10248.248106,0.158065,0x405218,1,5414,4505,909,26,100.000000,0,0,0.167703,1.200000,0.800000,mba,0,,0,0,-1,-1,-1,-1,-1,-1,-1,-1,-1,-1,-1,-1
3,3,1,14,16,16,10248.090472,10248.255660,0.165188,0x405218,1,5463,4524,939,60,100.000000,0,0,0.167703,1.200000,0.800000,mba,0,,0,0,-1,-1,-1,-1,-1,-1,-1,-1,-1,-1,-1,-1
3,3,1,15,16,16,10248.090506,10248.240902,0.150396,0x405218,1,5321,4445,876,30,100.000000,0,0,0.167703,1.200000,0.800000,mba,0,,0,0,-1,-1,-1,-1,-1,-1,-1,-1,-1,-1,-1,-1
4,4,1,0,16,16,10248.454521,10248.482936,0.028415,0x4052e4,1,1758,783,975,32,100.000000,0,0,0.031749,1.200000,0.800000,mba,0,,0,0,-1,-1,-1,-1,-1,-1,-1,-1,-1,-1,-1,-1
4,4,1,1,16,16,10248.451948,10248.472836,0.020888,0x4052e4,1,167,115,52,2,100.000000,0,0,0.031749,1.200000,0.800000,mba,0,,0,0,-1,-1,-1,-1,-1,-1,-1,-1,-1,-1,-1,-1
4,4,1,2,16,16,10248.452916,10248.473880,0.020964,0x4052e4,1,140,102,38,4,100.000000,0,0,0.031749,1.200000,0.800000,mba,0,,0,0,-1,-1,-1,-1,-1,-1,-1,-1,-1,-1,-1,-1
4,4,1,3,16,16,10248.452316,10248.472699,0.020383,0x4052e4,1,170,106,64,38,100.000000,0,0,0.031749,1.200000,0.800000,mba,0,,0,0,-1,-1,-1,-1,-1,-1,-1,-1,-1,-1,-1,-1
4,4,1,4,16,16,10248.451991,10248.472772,0.020781,0x4052e4,1,137,87,50,40,100.000000,0,0,0.031749,1.200000,0.800000,mba,0,,0,0,-1,-1,-1,-1,-1,-1,-1,-1,-1,-1,-1,-1
4,4,1,5,16,16,10248.453335,10248.474045,0.020710,0x4052e4,1,117,85,32,10,100.000000,0,0,0.031749,1.200000,0.800000,mba,0,,0,0,-1,-1,-1,-1,-1,-1,-1,-1,-1,-1,-1,-1
4,4,1,6,16,16,10248.452859,10248.473708,0.020849,0x4052e4,1,172,107,65,12,100.000000,0,0,0.031749,1.200000,0.800000,mba,0,,0,0,-1,-1,-1,-1,-1,-1,-1,-1,-1,-1,-1,-1
4,4,1,7,16,16,10248.451813,10248.472205,0.020392,0x4052e4,1,134,84,50,14,100.000000,0,0,0.031749,1.200000,0.800000,mba,0,,0,0,-1,-1,-1,-1,-1,-1,-1,-1,-1,-1,-1,-1
4,4,1,8,16,16,10248.451187,10248.471763,0.020576,0x4052e4,1,129,97,32,16,100.000000,0,0,0.031749,1.200000,0.800000,mba,0,,0,0,-1,-1,-1,-1,-1,-1,-1,-1,-1,-1,-1,-1
4,4,1,9,16,16,10248.451666,10248.472392,0.020726,0x4052e4,1,155,105,50,50,100.000000,0,0,0.031749,1.200000,0.800000,mba,0,,0,0,-1,-1,-1,-1,-1,-1,-1,-1,-1,-1,-1,-1
4,4,1,10,16,16,10248.451700,10248.471972,0.020272,0x4052e4,1,148,86,62,20,100.000000,0,0,0.031749,1.200000,0.800000,mba,0,,0,0,-1,-1,-1,-1,-1,-1,-1,-1,-1,-1,-1,-1
4,4,1,11,16,16,10248.452633,10248.473805,0.021172,0x4052e4,1,193,122,71,54,100.000000,0,0,0.031749,1.200000,0.800000,mba,0,,0,0,-1,-1,-1,-1,-1,-1,-1,-1,-1,-1,-1,-1
4,4,1,12,16,16,10248.452775,10248.473070,0.020295,0x4052e4,1,126,80,46,24,100.000000,0,0,0.031749,1.200000,0.800000,mba,0,,0,0,-1,-1,-1,-1,-1,-1,-1,-1,-1,-1,-1,-1
4,4,1,13,16,16,10248.453325,10248.473735,0.020410,0x4052e4,1,132,84,48,26,100.000000,0,0,0.031749,1.200000,0.800000,mba,0,,0,0,-1,-1,-1,-1,-1,-1,-1,-1,-1,-1,-1,-1
4,4,1,14,16,16,10248.451714,10248.472198,0.020484,0x4052e4,1,152,91,61,60,100.000000,0,0,0.031749,1.200000,0.800000,mba,0,,0,0,-1,-1,-1,-1,-1,-1,-1,-1,-1,-1,-1,-1
4,4,1,15,16,16,10248.452110,10248.472372,0.020262,0x4052e4,1,139,85,54,30,100.000000,0,0,0.031749,1.200000,0.800000,mba,0,,0,0,-1,-1,-1,-1,-1,-1,-1,-1,-1,-1,-1,-1
5,5,1,0,16,16,10249.101424,10249.129803,0.028379,0x40533c,1,29,0,29,32,100.000000,0,0,0.037853,1.200000,0.800000,mba,0,,0,0,-1,-1,-1,-1,-1,-1,-1,-1,-1,-1,-1,-1
5,5,1,1,16,16,10249.099630,10249.121961,0.022331,0x40533c,1,45,5,40,2,100.000000,0,0,0.037853,1.200000,0.800000,mba,0,,0,0,-1,-1,-1,-1,-1,-1,-1,-1,-1,-1,-1,-1
5,5,1,2,16,16,10249.112718,10249.136319,0.023601,0x40533c,1,1618,192,1426,4,100.000000,0,0,0.037853,1.200000,0.800000,mba,0,,0,0,-1,-1,-1,-1,-1,-1,-1,-1,-1,-1,-1,-1
5,5,1,3,16,16,10249.100094,10249.122335,0.022241,0x40533c,1,36,12,24,38,100.000000,0,0,0.037853,1.200000,0.800000,mba,0,,0,0,-1,-1,-1,-1,-1,-1,-1,-1,-1,-1,-1,-1
5,5,1,4,16,16,10249.112608,10249.136311,0.023703,0x40533c,1,1655,213,1442,40,100.000000,0,0,0.037853,1.200000,0.800000,mba,0,,0,0,-1,-1,-1,-1,-1,-1,-1,-1,-1,-1,-1,-1
5,5,1,5,16,16,10249.103230,10249.129346,0.026116,0x40533c,1,1583,274,1309,10,100.000000,0,0,0.037853,1.200000,0.800000,mba,0,,0,0,-1,-1,-1,-1,-1,-1,-1,-1,-1,-1,-1,-1
5,5,1,6,16,16,10249.113106,10249.137166,0.024060,0x40533c,1,1619,151,1468,12,100.000000,0,0,0.037853,1.200000,0.800000,mba,0,,0,0,-1,-1,-1,-1,-1,-1,-1,-1,-1,-1,-1,-1
5,5,1,7,16,16,10249.102962,10249.127741,0.024779,0x40533c,1,1547,236,1311,14,100.000000,0,0,0.037853,1.200000,0.800000,mba,0,,0,0,-1,-1,-1,-1,-1,-1,-1,-1,-1,-1,-1,-1
5,5,1,8,16,16,10249.099878,10249.122446,0.022568,0x40533c,1,28,5,23,16,100.000000,0,0,0.037853,1.200000,0.800000,mba,0,,0,0,-1,-1,-1,-1,-1,-1,-1,-1,-1,-1,-1,-1
5,5,1,9,16,16,10249.100816,10249.122871,0.022055,0x40533c,1,47,24,23,50,100.000000,0,0,0.037853,1.200000,0.800000,mba,0,,0,0,-1,-1,-1,-1,-1,-1,-1,-1,-1,-1,-1,-1
5,5,1,10,16,16,10249.112273,10249.135768,0.023495,0x40533c,1,1670,224,1446,20,100.000000,0,0,0.037853,1.200000,0.800000,mba,0,,0,0,-1,-1,-1,-1,-1,-1,-1,-1,-1,-1,-1,-1
5,5,1,11,16,16,10249.099742,10249.121676,0.021934,0x40533c,1,41,16,25,54,100.000000,0,0,0.037853,1.200000,0.800000,mba,0,,0,0,-1,-1,-1,-1,-1,-1,-1,-1,-1,-1,-1,-1
5,5,1,12,16,16,10249.102861,10249.128041,0.025180,0x40533c,1,1581,186,1395,24,100.000000,0,0,0.037853,1.200000,0.800000,mba,0,,0,0,-1,-1,-1,-1,-1,-1,-1,-1,-1,-1,-1,-1
5,5,1,13,16,16,10249.113270,10249.137483,0.024213,0x40533c,1,1610,166,1444,26,100.000000,0,0,0.037853,1.200000,0.800000,mba,0,,0,0,-1,-1,-1,-1,-1,-1,-1,-1,-1,-1,-1,-1
5,5,1,14,16,16,10249.113106,10249.137246,0.024140,0x40533c,1,1653,152,1501,60,100.000000,0,0,0.037853,1.200000,0.800000,mba,0,,0,0,-1,-1,-1,-1,-1,-1,-1,-1,-1,-1,-1,-1
5,5,1,15,16,16,10249.112699,10249.136673,0.023974,0x40533c,1,1614,178,1436,30,100.000000,0,0,0.037853,1.200000,0.800000,mba,0,,0,0,-1,-1,-1,-1,-1,-1,-1,-1,-1,-1,-1,-1
398,2,100,0,16,16,78199.329300,78971.978088,435.626292,0x4051ce,1,26133376,22546937,3586439,0,40.000000,1,1,779.975695,1.200000,0.800000,mba,0,,1,1,0,270336,78397440,0,2079064064,2070413312,0,2079064064,2070323200,-1,-1,-1
398,2,100,1,16,16,78198.984535,78969.346720,343.679136,0x4051ce,1,26944260,25169336,1774924,34,50.000000,1,1,779.975695,1.200000,0.800000,mba,0,,1,1,360448,901120,146612224,5046272,15226945536,14895874048,5136384,15227035648,14897315840,-1,-1,-1
398,2,100,2,16,16,78200.810378,78969.427804,348.850885,0x4051ce,1,26962316,26437288,525028,36,50.000000,1,1,779.975695,1.200000,0.800000,mba,0,,1,1,3784704,901120,138412032,61095936,15228477440,14990221312,61095936,15228477440,14989230080,-1,-1,-1
398,2,100,3,16,16,78200.141443,78969.533817,352.844806,0x4051ce,1,26332570,24829130,1503440,38,50.000000,1,1,779.975695,1.200000,0.800000,mba,0,,1,1,2703360,901120,130031616,36225024,15230459904,15070330880,36405248,15230550016,15065464832,-1,-1,-1
398,2,100,4,16,16,78199.770798,78977.890623,705.784674,0x4051ce,1,97268516,75005100,22263416,40,100.000000,1,1,779.975695,1.200000,0.800000,mba,0,,1,1,1531904,83714048,70467584,13246464,53622767616,51726360576,13516800,53623037952,51719782400,-1,-1,-1
398,2,100,5,16,16,78199.456984,78977.844539,703.302222,0x4051ce,1,97391378,75118529,22272849,42,100.000000,1,1,779.975695,1.200000,0.800000,mba,0,,1,1,360448,83623936,69836800,4325376,53619703808,51593715712,4415488,53619884032,51585335296,-1,-1,-1
398,2,100,6,16,16,78201.023625,78978.030081,741.493452,0x4051ce,1,91337829,69807085,21530744,44,100.000000,1,1,779.975695,1.200000,0.800000,mba,0,,1,1,4866048,83804160,65511424,81731584,53632139264,52759224320,81821696,53632409600,52745256960,-1,-1,-1
398,2,100,7,16,16,78200.626659,78978.493964,772.328158,0x4051ce,1,96404368,73074367,23330001,46,100.000000,1,1,779.975695,1.200000,0.800000,mba,0,,1,1,3334144,83984384,77406208,55779328,53650702336,53581496320,56049664,53650702336,53567258624,-1,-1,-1
398,2,100,8,16,16,78199.613205,78978.427070,729.505933,0x4051ce,1,96960198,74307999,22652199,48,100.000000,1,1,779.975695,1.200000,0.800000,mba,0,,1,1,630784,83894272,74883072,7929856,53650071552,52540432384,8019968,53650161664,52537098240,-1,-1,-1
398,2,100,9,16,16,78200.186903,78977.285524,679.239172,0x4051ce,1,92211168,71772217,20438951,18,100.000000,1,1,779.975695,1.200000,0.800000,mba,0,,1,1,2613248,83173376,54517760,31539200,53572845568,49899159552,31989760,53573476352,49901051904,-1,-1,-1
398,2,100,10,16,16,78200.396956,78977.684700,705.191581,0x4051ce,1,97333080,75395089,21937991,20,100.000000,1,1,779.975695,1.200000,0.800000,mba,0,,1,1,2973696,83263488,59383808,42442752,53606367232,51605610496,42803200,53606727680,51594436608,-1,-1,-1
398,2,100,11,16,16,78199.156116,78978.353004,765.962816,0x4051ce,1,96458111,73703650,22754461,54,100.000000,1,1,779.975695,1.200000,0.800000,mba,0,,1,1,0,83984384,79118336,0,53648089088,53482463232,0,53648089088,53472190464,-1,-1,-1
398,2,100,12,16,16,78198.842480,78969.410098,348.757229,0x4051ce,1,26992243,26185547,806696,24,50.000000,1,1,779.975695,1.200000,0.800000,mba,0,,1,1,270336,901120,146522112,2793472,15228116992,15021490176,2883584,15228387328,15021760512,-1,-1,-1
398,2,100,13,16,16,78198.518269,78969.508233,351.401600,0x4051ce,1,26940691,26462784,477907,26,50.000000,1,1,779.975695,1.200000,0.800000,mba,0,,1,1,0,901120,142196736,180224,15230189568,15070060544,180224,15230279680,15066456064,-1,-1,-1
398,2,100,14,16,16,78198.699272,78969.608515,362.050823,0x4051ce,1,26551872,26037755,514117,60,50.000000,1,1,779.975695,1.200000,0.800000,mba,0,,1,1,270336,901120,111468544,1081344,15230910464,15166930944,1171456,15230910464,15162064896,-1,-1,-1
398,2,100,15,16,16,78199.923170,78969.515556,344.095156,0x4051ce,1,26332626,25948863,383763,30,50.000000,1,1,779.975695,1.200000,0.800000,mba,0,,1,1,2162688,901120,143638528,30097408,15230279680,14886862848,30277632,15230279680,14886862848,-1,-1,-1
399,3,100,0,16,16,78978.688739,78978.876448,0.187709,0x405218,1,7138,5658,1480,0,50.000000,0,0,0.462459,1.200000,0.800000,mba,0,,0,0,-1,-1,-1,-1,-1,-1,-1,-1,-1,-1,-1,-1
399,3,100,1,16,16,78978.687968,78978.844103,0.156135,0x405218,1,6586,4872,1714,34,40.000000,0,0,0.462459,1.200000,0.800000,mba,0,,0,0,-1,-1,-1,-1,-1,-1,-1,-1,-1,-1,-1,-1
399,3,100,2,16,16,78978.687274,78978.847146,0.159872,0x405218,1,5793,5084,709,36,40.000000,0,0,0.462459,1.200000,0.800000,mba,0,,0,0,-1,-1,-1,-1,-1,-1,-1,-1,-1,-1,-1,-1
399,3,100,3,16,16,78978.687427,78978.858390,0.170963,0x405218,1,5964,4129,1835,38,40.000000,0,0,0.462459,1.200000,0.800000,mba,0,,0,0,-1,-1,-1,-1,-1,-1,-1,-1,-1,-1,-1,-1
399,3,100,4,16,16,78978.688054,78979.068468,0.380414,0x405218,1,19156,11969,7187,40,100.000000,0,0,0.462459,1.200000,0.800000,mba,0,,0,0,-1,-1,-1,-1,-1,-1,-1,-1,-1,-1,-1,-1
399,3,100,5,16,16,78978.687971,78979.077708,0.389737,0x405218,1,19100,13641,5459,42,100.000000,0,0,0.462459,1.200000,0.800000,mba,0,,0,0,-1,-1,-1,-1,-1,-1,-1,-1,-1,-1,-1,-1
399,3,100,6,16,16,78978.687918,78979.139896,0.451978,0x405218,1,17920,14766,3154,44,100.000000,0,0,0.462459,1.200000,0.800000,mba,0,,0,0,-1,-1,-1,-1,-1,-1,-1,-1,-1,-1,-1,-1
399,3,100,7,16,16,78978.688069,78979.149636,0.461567,0x405218,1,18589,14957,3632,46,100.000000,0,0,0.462459,1.200000,0.800000,mba,0,,0,0,-1,-1,-1,-1,-1,-1,-1,-1,-1,-1,-1,-1
399,3,100,8,16,16,78978.687939,78979.136351,0.448412,0x405218,1,18537,15117,3420,48,100.000000,0,0,0.462459,1.200000,0.800000,mba,0,,0,0,-1,-1,-1,-1,-1,-1,-1,-1,-1,-1,-1,-1
399,3,100,9,16,16,78978.687946,78979.077635,0.389689,0x405218,1,18479,16232,2247,18,100.000000,0,0,0.462459,1.200000,0.800000,mba,0,,0,0,-1,-1,-1,-1,-1,-1,-1,-1,-1,-1,-1,-1
399,3,100,10,16,16,78978.687528,78979.088976,0.401448,0x405218,1,19227,16614,2613,20,100.000000,0,0,0.462459,1.200000,0.800000,mba,0,,0,0,-1,-1,-1,-1,-1,-1,-1,-1,-1,-1,-1,-1
399,3,100,11,16,16,78978.687308,78979.141275,0.453967,0x405218,1,18662,14797,3865,54,100.000000,0,0,0.462459,1.200000,0.800000,mba,0,,0,0,-1,-1,-1,-1,-1,-1,-1,-1,-1,-1,-1,-1
399,3,100,12,16,16,78978.687240,78978.863561,0.176321,0x405218,1,6053,5183,870,24,50.000000,0,0,0.462459,1.200000,0.800000,mba,0,,0,0,-1,-1,-1,-1,-1,-1,-1,-1,-1,-1,-1,-1
399,3,100,13,16,16,78978.687177,78978.867854,0.180677,0x405218,1,5436,4711,725,26,50.000000,0,0,0.462459,1.200000,0.800000,mba,0,,0,0,-1,-1,-1,-1,-1,-1,-1,-1,-1,-1,-1,-1
399,3,100,14,16,16,78978.687972,78978.880209,0.192237,0x405218,1,5698,4935,763,60,50.000000,0,0,0.462459,1.200000,0.800000,mba,0,,0,0,-1,-1,-1,-1,-1,-1,-1,-1,-1,-1,-1,-1
399,3,100,15,16,16,78978.687658,78978.847844,0.160186,0x405218,1,5718,5259,459,30,50.000000,0,0,0.462459,1.200000,0.800000,mba,0,,0,0,-1,-1,-1,-1,-1,-1,-1,-1,-1,-1,-1,-1
400,4,100,0,16,16,78979.815957,78979.849882,0.033925,0x4052e4,1,1793,1356,437,0,100.000000,0,0,0.040215,1.200000,0.800000,mba,0,,0,0,-1,-1,-1,-1,-1,-1,-1,-1,-1,-1,-1,-1
400,4,100,1,16,16,78979.812283,78979.831512,0.019229,0x4052e4,1,182,122,60,34,50.000000,0,0,0.040215,1.200000,0.800000,mba,0,,0,0,-1,-1,-1,-1,-1,-1,-1,-1,-1,-1,-1,-1
400,4,100,2,16,16,78979.811472,78979.830361,0.018889,0x4052e4,1,167,106,61,36,50.000000,0,0,0.040215,1.200000,0.800000,mba,0,,0,0,-1,-1,-1,-1,-1,-1,-1,-1,-1,-1,-1,-1
400,4,100,3,16,16,78979.811779,78979.831440,0.019661,0x4052e4,1,67,21,46,38,50.000000,0,0,0.040215,1.200000,0.800000,mba,0,,0,0,-1,-1,-1,-1,-1,-1,-1,-1,-1,-1,-1,-1
400,4,100,4,16,16,78979.812276,78979.833326,0.021050,0x4052e4,1,266,198,68,40,50.000000,0,0,0.040215,1.200000,0.800000,mba,0,,0,0,-1,-1,-1,-1,-1,-1,-1,-1,-1,-1,-1,-1
400,4,100,5,16,16,78979.811759,78979.833060,0.021301,0x4052e4,1,344,288,56,42,50.000000,0,0,0.040215,1.200000,0.800000,mba,0,,0,0,-1,-1,-1,-1,-1,-1,-1,-1,-1,-1,-1,-1
400,4,100,6,16,16,78979.812352,78979.834027,0.021675,0x4052e4,1,97,56,41,44,50.000000,0,0,0.040215,1.200000,0.800000,mba,0,,0,0,-1,-1,-1,-1,-1,-1,-1,-1,-1,-1,-1,-1
400,4,100,7,16,16,78979.811509,78979.833273,0.021764,0x4052e4,1,62,14,48,46,50.000000,0,0,0.040215,1.200000,0.800000,mba,0,,0,0,-1,-1,-1,-1,-1,-1,-1,-1,-1,-1,-1,-1
400,4,100,8,16,16,78979.809667,78979.831159,0.021492,0x4052e4,1,72,27,45,48,50.000000,0,0,0.040215,1.200000,0.800000,mba,0,,0,0,-1,-1,-1,-1,-1,-1,-1,-1,-1,-1,-1,-1
400,4,100,9,16,16,78979.810194,78979.830932,0.020738,0x4052e4,1,352,310,42,18,50.000000,0,0,0.040215,1.200000,0.800000,mba,0,,0,0,-1,-1,-1,-1,-1,-1,-1,-1,-1,-1,-1,-1
400,4,100,10,16,16,78979.811116,78979.832602,0.021486,0x4052e4,1,357,294,63,20,50.000000,0,0,0.040215,1.200000,0.800000,mba,0,,0,0,-1,-1,-1,-1,-1,-1,-1,-1,-1,-1,-1,-1
400,4,100,11,16,16,78979.811919,78979.833612,0.021693,0x4052e4,1,128,46,82,54,50.000000,0,0,0.040215,1.200000,0.800000,mba,0,,0,0,-1,-1,-1,-1,-1,-1,-1,-1,-1,-1,-1,-1
400,4,100,12,16,16,78979.810376,78979.829136,0.018760,0x4052e4,1,165,86,79,24,50.000000,0,0,0.040215,1.200000,0.800000,mba,0,,0,0,-1,-1,-1,-1,-1,-1,-1,-1,-1,-1,-1,-1
400,4,100,13,16,16,78979.812235,78979.831563,0.019328,0x4052e4,1,141,59,82,26,50.000000,0,0,0.040215,1.200000,0.800000,mba,0,,0,0,-1,-1,-1,-1,-1,-1,-1,-1,-1,-1,-1,-1
400,4,100,14,16,16,78979.811134,78979.831013,0.019879,0x4052e4,1,66,7,59,60,50.000000,0,0,0.040215,1.200000,0.800000,mba,0,,0,0,-1,-1,-1,-1,-1,-1,-1,-1,-1,-1,-1,-1
400,4,100,15,16,16,78979.811864,78979.830855,0.018991,0x4052e4,1,153,80,73,30,50.000000,0,0,0.040215,1.200000,0.800000,mba,0,,0,0,-1,-1,-1,-1,-1,-1,-1,-1,-1,-1,-1,-1
401,5,100,0,16,16,78979.896705,78979.915736,0.019031,0x40533c,1,30,8,22,0,80.000000,0,0,0.028107,1.200000,0.800000,mba,0,,0,0,-1,-1,-1,-1,-1,-1,-1,-1,-1,-1,-1,-1
401,5,100,1,16,16,78979.897749,78979.917044,0.019295,0x40533c,1,236,156,80,34,80.000000,0,0,0.028107,1.200000,0.800000,mba,0,,0,0,-1,-1,-1,-1,-1,-1,-1,-1,-1,-1,-1,-1
401,5,100,2,16,16,78979.896981,78979.915801,0.018820,0x40533c,1,98,67,31,36,80.000000,0,0,0.028107,1.200000,0.800000,mba,0,,0,0,-1,-1,-1,-1,-1,-1,-1,-1,-1,-1,-1,-1
401,5,100,3,16,16,78979.896980,78979.916225,0.019245,0x40533c,1,61,42,19,38,80.000000,0,0,0.028107,1.200000,0.800000,mba,0,,0,0,-1,-1,-1,-1,-1,-1,-1,-1,-1,-1,-1,-1
401,5,100,4,16,16,78979.897286,78979.921787,0.024501,0x40533c,1,629,474,155,40,100.000000,0,0,0.028107,1.200000,0.800000,mba,0,,0,0,-1,-1,-1,-1,-1,-1,-1,-1,-1,-1,-1,-1
401,5,100,5,16,16,78979.897475,78979.921426,0.023951,0x40533c,1,425,242,183,42,100.000000,0,0,0.028107,1.200000,0.800000,mba,0,,0,0,-1,-1,-1,-1,-1,-1,-1,-1,-1,-1,-1,-1
401,5,100,6,16,16,78979.897318,78979.922553,0.025235,0x40533c,1,131,84,47,44,100.000000,0,0,0.028107,1.200000,0.800000,mba,0,,0,0,-1,-1,-1,-1,-1,-1,-1,-1,-1,-1,-1,-1
401,5,100,7,16,16,78979.898028,78979.924354,0.026326,0x40533c,1,157,109,48,46,100.000000,0,0,0.028107,1.200000,0.800000,mba,0,,0,0,-1,-1,-1,-1,-1,-1,-1,-1,-1,-1,-1,-1
401,5,100,8,16,16,78979.896247,78979.922652,0.026405,0x40533c,1,160,113,47,48,100.000000,0,0,0.028107,1.200000,0.800000,mba,0,,0,0,-1,-1,-1,-1,-1,-1,-1,-1,-1,-1,-1,-1
401,5,100,9,16,16,78979.898138,78979.921853,0.023715,0x40533c,1,552,307,245,18,100.000000,0,0,0.028107,1.200000,0.800000,mba,0,,0,0,-1,-1,-1,-1,-1,-1,-1,-1,-1,-1,-1,-1
401,5,100,10,16,16,78979.898010,78979.921932,0.023922,0x40533c,1,520,270,250,20,100.000000,0,0,0.028107,1.200000,0.800000,mba,0,,0,0,-1,-1,-1,-1,-1,-1,-1,-1,-1,-1,-1,-1
401,5,100,11,16,16,78979.897951,78979.922905,0.024954,0x40533c,1,169,104,65,54,100.000000,0,0,0.028107,1.200000,0.800000,mba,0,,0,0,-1,-1,-1,-1,-1,-1,-1,-1,-1,-1,-1,-1
401,5,100,12,16,16,78979.897735,78979.916389,0.018654,0x40533c,1,138,116,22,24,80.000000,0,0,0.028107,1.200000,0.800000,mba,0,,0,0,-1,-1,-1,-1,-1,-1,-1,-1,-1,-1,-1,-1
401,5,100,13,16,16,78979.896730,78979.915381,0.018651,0x40533c,1,50,27,23,26,80.000000,0,0,0.028107,1.200000,0.800000,mba,0,,0,0,-1,-1,-1,-1,-1,-1,-1,-1,-1,-1,-1,-1
401,5,100,14,16,16,78979.897214,78979.916269,0.019055,0x40533c,1,69,44,25,60,80.000000,0,0,0.028107,1.200000,0.800000,mba,0,,0,0,-1,-1,-1,-1,-1,-1,-1,-1,-1,-1,-1,-1
401,5,100,15,16,16,78979.897765,78979.916799,0.019034,0x40533c,1,115,84,31,30,80.000000,0,0,0.028107,1.200000,0.800000,mba,0,,0,0,-1,-1,-1,-1,-1,-1,-1,-1,-1,-1,-1,-1
798,2,200,0,16,16,152924.203697,153690.653143,617.095254,0x4051ce,1,26137847,24965206,1172641,32,30.000000,1,1,770.836513,1.200000,0.800000,mba,0,,1,1,90112,1081344,95248384,7389184,17603198976,17338449920,8110080,17603198976,17338089472,-1,-1,-1
798,2,200,1,16,16,152923.666108,153690.869853,625.774708,0x4051ce,1,26577917,25786230,791687,34,30.000000,1,1,770.836513,1.200000,0.800000,mba,0,,1,1,90112,1081344,79208448,2883584,17607704576,17504436224,2973696,17607794688,17503715328,-1,-1,-1
798,2,200,2,16,16,152923.821109,153691.063386,629.493532,0x4051ce,1,26567967,26276568,291399,36,30.000000,1,1,770.836513,1.200000,0.800000,mba,0,,1,1,90112,991232,81371136,4775936,17609236480,17540841472,4775936,17609236480,17537327104,-1,-1,-1
798,2,200,3,16,16,152923.354268,153690.923622,625.906623,0x4051ce,1,26402578,26113570,289008,38,30.000000,1,1,770.836513,1.200000,0.800000,mba,0,,1,1,90112,1081344,83443712,540672,17608425472,17500651520,540672,17608605696,17501011968,-1,-1,-1
798,2,200,4,16,16,152923.143598,153693.371417,725.749616,0x4051ce,1,102768574,78130292,24638282,40,100.000000,1,1,770.836513,1.200000,0.800000,mba,0,,1,1,76144640,82993152,-1261568,5599592660992,5656266080256,56141217792,5599593472000,5656266080256,56129142784,-1,-1,-1
798,2,200,5,16,16,152923.146274,153693.358018,723.288726,0x4051ce,1,102885324,78268285,24617039,42,100.000000,1,1,770.836513,1.200000,0.800000,mba,0,,1,1,76144640,82903040,-1351680,5599593381888,5656265809920,56020197376,5599593562112,5656265900032,56011816960,-1,-1,-1
798,2,200,6,16,16,152923.084803,153692.837687,699.872166,0x4051ce,1,97181122,74814782,22366340,44,100.000000,1,1,770.836513,1.200000,0.800000,mba,0,,1,1,76144640,82272256,-1982464,5599591129088,5656227061760,54333300736,5599591219200,5656227692544,54334832640,-1,-1,-1
798,2,200,7,16,16,152923.086649,153693.375684,731.644075,0x4051ce,1,102837422,78552428,24284994,46,100.000000,1,1,770.836513,1.200000,0.800000,mba,0,,1,1,76144640,82993152,4325376,5599591219200,5656266080256,56324325376,5599591219200,5656266080256,56308105216,-1,-1,-1
798,2,200,8,16,16,152923.812069,153693.235793,726.153269,0x4051ce,1,102838836,78738891,24099945,48,100.000000,1,1,770.836513,1.200000,0.800000,mba,0,,1,1,73261056,82903040,1261568,5599642943488,5656258961408,56106164224,5599643303936,5656259592192,56104452096,-1,-1,-1
798,2,200,9,16,16,152923.526642,153692.758007,699.713123,0x4051ce,1,97126304,74680995,22445309,50,100.000000,1,1,770.836513,1.200000,0.800000,mba,0,,1,1,73441280,82182144,-2072576,5599621947392,5656219942912,54334021632,5599622488064,5656220753920,54332039168,-1,-1,-1
798,2,200,10,16,16,152923.090671,153693.921108,762.564584,0x4051ce,1,102357370,77859007,24498363,52,100.000000,1,1,770.836513,1.200000,0.800000,mba,0,,1,1,76144640,82903040,1531904,5599591219200,5656274640896,56583487488,5599591219200,5656274640896,56572854272,-1,-1,-1
798,2,200,11,16,16,152923.084595,153693.177661,725.751450,0x4051ce,1,102845829,78196650,24649179,54,100.000000,1,1,770.836513,1.200000,0.800000,mba,0,,1,1,76144640,82903040,-1081344,5599591219200,5656255717376,56125087744,5599591219200,5656255717376,56118059008,-1,-1,-1
798,2,200,12,16,16,152924.427740,153690.931537,628.537041,0x4051ce,1,26893286,26552410,340876,56,30.000000,1,1,770.836513,1.200000,0.800000,mba,0,,1,1,270336,1081344,77496320,12615680,17608425472,17539489792,12615680,17608605696,17538318336,-1,-1,-1
798,2,200,13,16,16,152924.640873,153691.143654,632.385727,0x4051ce,1,26566803,26300595,266208,58,30.000000,1,1,770.836513,1.200000,0.800000,mba,0,,1,1,720896,991232,71098368,17481728,17609506816,17563369472,17481728,17609506816,17560756224,-1,-1,-1
798,2,200,14,16,16,152924.222167,153690.950309,630.043747,0x4051ce,1,26904232,26674054,230178,60,30.000000,1,1,770.836513,1.200000,0.800000,mba,0,,1,1,180224,1081344,73441280,8921088,17608605696,17559404544,9011200,17608605696,17556791296,-1,-1,-1
798,2,200,15,16,16,152923.125239,153690.901955,620.257517,0x4051ce,1,26206777,26053745,153032,30,30.000000,1,1,770.836513,1.200000,0.800000,mba,0,,1,1,0,1081344,96870400,0,17608065024,17366114304,0,17608065024,17367105536,-1,-1,-1
799,3,200,0,16,16,153694.164777,153694.380411,0.215634,0x405218,1,7120,5677,1443,32,30.000000,0,0,0.449065,1.200000,0.800000,mba,0,,0,0,-1,-1,-1,-1,-1,-1,-1,-1,-1,-1,-1,-1
799,3,200,1,16,16,153694.163911,153694.365464,0.201553,0x405218,1,6174,4775,1399,34,20.000000,0,0,0.449065,1.200000,0.800000,mba,0,,0,0,-1,-1,-1,-1,-1,-1,-1,-1,-1,-1,-1,-1
799,3,200,2,16,16,153694.160912,153694.334270,0.173358,0x405218,1,5472,4817,655,36,20.000000,0,0,0.449065,1.200000,0.800000,mba,0,,0,0,-1,-1,-1,-1,-1,-1,-1,-1,-1,-1,-1,-1
799,3,200,3,16,16,153694.161980,153694.332911,0.170931,0x405218,1,5890,4179,1711,38,20.000000,0,0,0.449065,1.200000,0.800000,mba,0,,0,0,-1,-1,-1,-1,-1,-1,-1,-1,-1,-1,-1,-1
799,3,200,4,16,16,153694.162285,153694.551817,0.389532,0x405218,1,19905,11985,7920,40,100.000000,0,0,0.449065,1.200000,0.800000,mba,0,,0,0,-1,-1,-1,-1,-1,-1,-1,-1,-1,-1,-1,-1
799,3,200,5,16,16,153694.162102,153694.553953,0.391851,0x405218,1,19877,14007,5870,42,100.000000,0,0,0.449065,1.200000,0.800000,mba,0,,0,0,-1,-1,-1,-1,-1,-1,-1,-1,-1,-1,-1,-1
799,3,200,6,16,16,153694.161934,153694.560951,0.399017,0x405218,1,19402,17073,2329,44,100.000000,0,0,0.449065,1.200000,0.800000,mba,0,,0,0,-1,-1,-1,-1,-1,-1,-1,-1,-1,-1,-1,-1
799,3,200,7,16,16,153694.162677,153694.576190,0.413513,0x405218,1,20045,16965,3080,46,100.000000,0,0,0.449065,1.200000,0.800000,mba,0,,0,0,-1,-1,-1,-1,-1,-1,-1,-1,-1,-1,-1,-1
799,3,200,8,16,16,153694.161232,153694.569948,0.408716,0x405218,1,20062,17279,2783,48,100.000000,0,0,0.449065,1.200000,0.800000,mba,0,,0,0,-1,-1,-1,-1,-1,-1,-1,-1,-1,-1,-1,-1
799,3,200,9,16,16,153694.161600,153694.561698,0.400098,0x405218,1,19138,16818,2320,50,100.000000,0,0,0.449065,1.200000,0.800000,mba,0,,0,0,-1,-1,-1,-1,-1,-1,-1,-1,-1,-1,-1,-1
799,3,200,10,16,16,153694.160976,153694.609812,0.448836,0x405218,1,19294,15031,4263,52,100.000000,0,0,0.449065,1.200000,0.800000,mba,0,,0,0,-1,-1,-1,-1,-1,-1,-1,-1,-1,-1,-1,-1
799,3,200,11,16,16,153694.161199,153694.581545,0.420346,0x405218,1,20149,16593,3556,54,100.000000,0,0,0.449065,1.200000,0.800000,mba,0,,0,0,-1,-1,-1,-1,-1,-1,-1,-1,-1,-1,-1,-1
799,3,200,12,16,16,153694.160807,153694.344192,0.183385,0x405218,1,6004,5186,818,56,30.000000,0,0,0.449065,1.200000,0.800000,mba,0,,0,0,-1,-1,-1,-1,-1,-1,-1,-1,-1,-1,-1,-1
799,3,200,13,16,16,153694.160826,153694.350191,0.189365,0x405218,1,5594,4861,733,58,30.000000,0,0,0.449065,1.200000,0.800000,mba,0,,0,0,-1,-1,-1,-1,-1,-1,-1,-1,-1,-1,-1,-1
799,3,200,14,16,16,153694.161202,153694.335205,0.174003,0x405218,1,5813,5138,675,60,30.000000,0,0,0.449065,1.200000,0.800000,mba,0,,0,0,-1,-1,-1,-1,-1,-1,-1,-1,-1,-1,-1,-1
799,3,200,15,16,16,153694.160747,153694.331476,0.170729,0x405218,1,5331,4813,518,30,30.000000,0,0,0.449065,1.200000,0.800000,mba,0,,0,0,-1,-1,-1,-1,-1,-1,-1,-1,-1,-1,-1,-1
800,4,200,0,16,16,153695.574023,153695.617449,0.043426,0x4052e4,1,1816,1426,390,32,100.000000,0,0,0.052073,1.200000,0.800000,mba,0,,0,0,-1,-1,-1,-1,-1,-1,-1,-1,-1,-1,-1,-1
800,4,200,1,16,16,153695.567260,153695.588218,0.020958,0x4052e4,1,72,15,57,34,40.000000,0,0,0.052073,1.200000,0.800000,mba,0,,0,0,-1,-1,-1,-1,-1,-1,-1,-1,-1,-1,-1,-1
800,4,200,2,16,16,153695.567958,153695.590346,0.022388,0x4052e4,1,189,121,68,36,40.000000,0,0,0.052073,1.200000,0.800000,mba,0,,0,0,-1,-1,-1,-1,-1,-1,-1,-1,-1,-1,-1,-1
800,4,200,3,16,16,153695.567794,153695.588725,0.020931,0x4052e4,1,91,19,72,38,40.000000,0,0,0.052073,1.200000,0.800000,mba,0,,0,0,-1,-1,-1,-1,-1,-1,-1,-1,-1,-1,-1,-1
800,4,200,4,16,16,153695.567162,153695.589272,0.022110,0x4052e4,1,249,182,67,40,40.000000,0,0,0.052073,1.200000,0.800000,mba,0,,0,0,-1,-1,-1,-1,-1,-1,-1,-1,-1,-1,-1,-1
800,4,200,5,16,16,153695.568435,153695.590834,0.022399,0x4052e4,1,317,261,56,42,40.000000,0,0,0.052073,1.200000,0.800000,mba,0,,0,0,-1,-1,-1,-1,-1,-1,-1,-1,-1,-1,-1,-1
800,4,200,6,16,16,153695.567795,153695.590176,0.022381,0x4052e4,1,267,213,54,44,40.000000,0,0,0.052073,1.200000,0.800000,mba,0,,0,0,-1,-1,-1,-1,-1,-1,-1,-1,-1,-1,-1,-1
800,4,200,7,16,16,153695.567910,153695.590423,0.022513,0x4052e4,1,310,252,58,46,40.000000,0,0,0.052073,1.200000,0.800000,mba,0,,0,0,-1,-1,-1,-1,-1,-1,-1,-1,-1,-1,-1,-1
800,4,200,8,16,16,153695.567476,153695.590161,0.022685,0x4052e4,1,342,251,91,48,40.000000,0,0,0.052073,1.200000,0.800000,mba,0,,0,0,-1,-1,-1,-1,-1,-1,-1,-1,-1,-1,-1,-1
800,4,200,9,16,16,153695.568353,153695.590541,0.022188,0x4052e4,1,311,245,66,50,40.000000,0,0,0.052073,1.200000,0.800000,mba,0,,0,0,-1,-1,-1,-1,-1,-1,-1,-1,-1,-1,-1,-1
800,4,200,10,16,16,153695.568554,153695.592346,0.023792,0x4052e4,1,168,121,47,52,40.000000,0,0,0.052073,1.200000,0.800000,mba,0,,0,0,-1,-1,-1,-1,-1,-1,-1,-1,-1,-1,-1,-1
800,4,200,11,16,16,153695.567054,153695.589395,0.022341,0x4052e4,1,374,304,70,54,40.000000,0,0,0.052073,1.200000,0.800000,mba,0,,0,0,-1,-1,-1,-1,-1,-1,-1,-1,-1,-1,-1,-1
800,4,200,12,16,16,153695.565795,153695.586443,0.020648,0x4052e4,1,159,88,71,56,40.000000,0,0,0.052073,1.200000,0.800000,mba,0,,0,0,-1,-1,-1,-1,-1,-1,-1,-1,-1,-1,-1,-1
800,4,200,13,16,16,153695.565583,153695.586392,0.020809,0x4052e4,1,62,15,47,58,40.000000,0,0,0.052073,1.200000,0.800000,mba,0,,0,0,-1,-1,-1,-1,-1,-1,-1,-1,-1,-1,-1,-1
800,4,200,14,16,16,153695.566307,153695.586786,0.020479,0x4052e4,1,139,80,59,60,40.000000,0,0,0.052073,1.200000,0.800000,mba,0,,0,0,-1,-1,-1,-1,-1,-1,-1,-1,-1,-1,-1,-1
800,4,200,15,16,16,153695.565376,153695.585830,0.020454,0x4052e4,1,126,76,50,30,40.000000,0,0,0.052073,1.200000,0.800000,mba,0,,0,0,-1,-1,-1,-1,-1,-1,-1,-1,-1,-1,-1,-1
801,5,200,0,16,16,153695.670853,153695.691159,0.020306,0x40533c,1,21,4,17,32,60.000000,0,0,0.030322,1.200000,0.800000,mba,0,,0,0,-1,-1,-1,-1,-1,-1,-1,-1,-1,-1,-1,-1
801,5,200,1,16,16,153695.671110,153695.691487,0.020377,0x40533c,1,50,29,21,34,60.000000,0,0,0.030322,1.200000,0.800000,mba,0,,0,0,-1,-1,-1,-1,-1,-1,-1,-1,-1,-1,-1,-1
801,5,200,2,16,16,153695.670877,153695.691018,0.020141,0x40533c,1,159,87,72,36,60.000000,0,0,0.030322,1.200000,0.800000,mba,0,,0,0,-1,-1,-1,-1,-1,-1,-1,-1,-1,-1,-1,-1
801,5,200,3,16,16,153695.671189,153695.691550,0.020361,0x40533c,1,93,70,23,38,60.000000,0,0,0.030322,1.200000,0.800000,mba,0,,0,0,-1,-1,-1,-1,-1,-1,-1,-1,-1,-1,-1,-1
801,5,200,4,16,16,153695.671383,153695.697116,0.025733,0x40533c,1,601,403,198,40,100.000000,0,0,0.030322,1.200000,0.800000,mba,0,,0,0,-1,-1,-1,-1,-1,-1,-1,-1,-1,-1,-1,-1
801,5,200,5,16,16,153695.671472,153695.696756,0.025284,0x40533c,1,546,381,165,42,100.000000,0,0,0.030322,1.200000,0.800000,mba,0,,0,0,-1,-1,-1,-1,-1,-1,-1,-1,-1,-1,-1,-1
801,5,200,6,16,16,153695.670408,153695.695645,0.025237,0x40533c,1,582,378,204,44,100.000000,0,0,0.030322,1.200000,0.800000,mba,0,,0,0,-1,-1,-1,-1,-1,-1,-1,-1,-1,-1,-1,-1
801,5,200,7,16,16,153695.669459,153695.695103,0.025644,0x40533c,1,589,459,130,46,100.000000,0,0,0.030322,1.200000,0.800000,mba,0,,0,0,-1,-1,-1,-1,-1,-1,-1,-1,-1,-1,-1,-1
801,5,200,8,16,16,153695.670112,153695.696698,0.026586,0x40533c,1,715,493,222,48,100.000000,0,0,0.030322,1.200000,0.800000,mba,0,,0,0,-1,-1,-1,-1,-1,-1,-1,-1,-1,-1,-1,-1
801,5,200,9,16,16,153695.671394,153695.697189,0.025795,0x40533c,1,698,392,306,50,100.000000,0,0,0.030322,1.200000,0.800000,mba,0,,0,0,-1,-1,-1,-1,-1,-1,-1,-1,-1,-1,-1,-1
801,5,200,10,16,16,153695.671456,153695.699175,0.027719,0x40533c,1,222,141,81,52,100.000000,0,0,0.030322,1.200000,0.800000,mba,0,,0,0,-1,-1,-1,-1,-1,-1,-1,-1,-1,-1,-1,-1
801,5,200,11,16,16,153695.670588,153695.695538,0.024950,0x40533c,1,658,321,337,54,100.000000,0,0,0.030322,1.200000,0.800000,mba,0,,0,0,-1,-1,-1,-1,-1,-1,-1,-1,-1,-1,-1,-1
801,5,200,12,16,16,153695.668853,153695.689289,0.020436,0x40533c,1,77,39,38,56,60.000000,0,0,0.030322,1.200000,0.800000,mba,0,,0,0,-1,-1,-1,-1,-1,-1,-1,-1,-1,-1,-1,-1
801,5,200,13,16,16,153695.671324,153695.691889,0.020565,0x40533c,1,86,53,33,58,60.000000,0,0,0.030322,1.200000,0.800000,mba,0,,0,0,-1,-1,-1,-1,-1,-1,-1,-1,-1,-1,-1,-1
801,5,200,14,16,16,153695.671303,153695.691524,0.020221,0x40533c,1,117,94,23,60,60.000000,0,0,0.030322,1.200000,0.800000,mba,0,,0,0,-1,-1,-1,-1,-1,-1,-1,-1,-1,-1,-1,-1
801,5,200,15,16,16,153695.670262,153695.690441,0.020179,0x40533c,1,87,55,32,30,60.000000,0,0,0.030322,1.200000,0.800000,mba,0,,0,0,-1,-1,-1,-1,-1,-1,-1,-1,-1,-1,-1,-1
1198,2,300,0,16,16,226955.887177,227744.354288,615.400628,0x4051ce,1,26137871,24912155,1225716,32,30.000000,1,1,791.871099,1.200000,0.800000,mba,0,,1,1,7659520,901120,89931776,1771353571328,1788978757632,17368727552,1771353571328,1788978757632,17370259456,-1,-1,-1
1198,2,300,1,16,16,226956.160776,227744.337702,624.241457,0x4051ce,1,26640204,25897772,742432,34,30.000000,1,1,791.871099,1.200000,0.800000,mba,0,,1,1,8470528,901120,77946880,1771357626368,1788978577408,17546518528,1771357716480,1788978577408,17544175616,-1,-1,-1
1198,2,300,2,16,16,226955.889930,227744.612597,626.836318,0x4051ce,1,26682763,26411071,271692,36,30.000000,1,1,791.871099,1.200000,0.800000,mba,0,,1,1,7839744,1171456,83984384,1771353571328,1788982722560,17572470784,1771353571328,1788982722560,17570668544,-1,-1,-1
1198,2,300,3,16,16,226955.894858,227744.450546,621.631320,0x4051ce,1,26734690,26452788,281902,38,30.000000,1,1,791.871099,1.200000,0.800000,mba,0,,1,1,7749632,1081344,85876736,1771353571328,1788980559872,17489297408,1771353661440,1788980559872,17490018304,-1,-1,-1
1198,2,300,4,16,16,226955.875745,227747.716804,773.574877,0x4051ce,1,102058350,76916539,25141811,40,100.000000,1,1,791.871099,1.200000,0.800000,mba,0,,1,1,76324864,84705280,901120,11273339207680,11329890435072,56344059904,11273339207680,11329890435072,56332976128,-1,-1,-1
1198,2,300,5,16,16,226955.894886,227747.691024,772.832642,0x4051ce,1,102171518,76818067,25353451,42,100.000000,1,1,791.871099,1.200000,0.800000,mba,0,,1,1,76414976,84705280,2613248,11273339478016,11329890074624,56338112512,11273339658240,11329890254848,56325316608,-1,-1,-1
1198,2,300,6,16,16,226955.865944,227746.468074,692.066167,0x4051ce,1,97187996,74805880,22382116,44,100.000000,1,1,791.871099,1.200000,0.800000,mba,0,,1,1,76324864,83263488,-901120,11273339207680,11329813749760,52942331904,11273339207680,11329814110208,52941611008,-1,-1,-1
1198,2,300,7,16,16,226956.130706,227747.737043,761.269112,0x4051ce,1,102357643,77919710,24437933,46,100.000000,1,1,791.871099,1.200000,0.800000,mba,0,,1,1,76054528,84705280,3334144,11273354706944,11329890435072,56164196352,11273355427840,11329890435072,56151851008,-1,-1,-1
1198,2,300,8,16,16,226955.866663,227746.897542,717.186895,0x4051ce,1,102832920,79053031,23779889,48,100.000000,1,1,791.871099,1.200000,0.800000,mba,0,,1,1,76414976,83083264,-901120,11273339207680,11329843126272,54582460416,11273339207680,11329843126272,54579216384,-1,-1,-1
1198,2,300,9,16,16,226956.122777,227746.452861,691.109041,0x4051ce,1,97140763,75107897,22032866,18,100.000000,1,1,791.871099,1.200000,0.800000,mba,0,,1,1,76054528,83083264,-901120,11273354076160,11329813118976,52884570112,11273354436608,11329813389312,52882407424,-1,-1,-1
1198,2,300,10,16,16,226956.126263,227747.621258,745.971182,0x4051ce,1,102466449,78394230,24072219,52,100.000000,1,1,791.871099,1.200000,0.800000,mba,0,,1,1,76054528,84525056,540672,11273354166272,11329886920704,55759863808,11273354887168,11329887100928,55748329472,-1,-1,-1
1198,2,300,11,16,16,226955.876653,227746.864296,718.610884,0x4051ce,1,102836495,79049979,23786516,54,100.000000,1,1,791.871099,1.200000,0.800000,mba,0,,1,1,76324864,82903040,-1171456,11273339207680,11329841864704,54646079488,11273339207680,11329842135040,54638870528,-1,-1,-1
1198,2,300,12,16,16,226956.103290,227744.899683,630.101080,0x4051ce,1,26632956,26277754,355202,56,30.000000,1,1,791.871099,1.200000,0.800000,mba,0,,1,1,8200192,1261568,78397440,1771357085696,1788984254464,17593556992,1771357085696,1788984254464,17591754752,-1,-1,-1
1198,2,300,13,16,16,226955.867655,227744.650792,627.189821,0x4051ce,1,26836842,26602728,234114,58,30.000000,1,1,791.871099,1.200000,0.800000,mba,0,,1,1,7659520,1171456,81731584,1771353481216,1788983623680,17590132736,1771353571328,1788983623680,17588240384,-1,-1,-1
1198,2,300,14,16,16,226955.882161,227744.683205,628.063005,0x4051ce,1,26889790,26664834,224956,60,30.000000,1,1,791.871099,1.200000,0.800000,mba,0,,1,1,7659520,1171456,79028224,1771353571328,1788983894016,17598423040,1771353571328,1788983894016,17595088896,-1,-1,-1
1198,2,300,15,16,16,226956.172346,227744.665450,618.116155,0x4051ce,1,26205019,26045175,159844,30,30.000000,1,1,791.871099,1.200000,0.800000,mba,0,,1,1,8470528,1171456,94167040,1771358076928,1788983713792,17417297920,1771358076928,1788983803904,17417297920,-1,-1,-1
1199,3,300,0,16,16,227747.948695,227748.163649,0.214954,0x405218,1,7137,5649,1488,32,20.000000,0,0,0.477705,1.200000,0.800000,mba,0,,0,0,-1,-1,-1,-1,-1,-1,-1,-1,-1,-1,-1,-1
1199,3,300,1,16,16,227747.948579,227748.140348,0.191769,0x405218,1,6490,4964,1526,34,20.000000,0,0,0.477705,1.200000,0.800000,mba,0,,0,0,-1,-1,-1,-1,-1,-1,-1,-1,-1,-1,-1,-1
1199,3,300,2,16,16,227747.946766,227748.111629,0.164863,0x405218,1,5660,5013,647,36,20.000000,0,0,0.477705,1.200000,0.800000,mba,0,,0,0,-1,-1,-1,-1,-1,-1,-1,-1,-1,-1,-1,-1
1199,3,300,3,16,16,227747.947289,227748.109801,0.162512,0x405218,1,6028,4187,1841,38,20.000000,0,0,0.477705,1.200000,0.800000,mba,0,,0,0,-1,-1,-1,-1,-1,-1,-1,-1,-1,-1,-1,-1
1199,3,300,4,16,16,227747.946157,227748.400182,0.454025,0x405218,1,19244,11239,8005,40,100.000000,0,0,0.477705,1.200000,0.800000,mba,0,,0,0,-1,-1,-1,-1,-1,-1,-1,-1,-1,-1,-1,-1
1199,3,300,5,16,16,227747.946879,227748.401737,0.454858,0x405218,1,19039,12628,6411,42,100.000000,0,0,0.477705,1.200000,0.800000,mba,0,,0,0,-1,-1,-1,-1,-1,-1,-1,-1,-1,-1,-1,-1
1199,3,300,6,16,16,227747.946304,227748.344048,0.397744,0x405218,1,19326,17523,1803,44,100.000000,0,0,0.477705,1.200000,0.800000,mba,0,,0,0,-1,-1,-1,-1,-1,-1,-1,-1,-1,-1,-1,-1
1199,3,300,7,16,16,227747.947264,227748.423723,0.476459,0x405218,1,19279,15570,3709,46,100.000000,0,0,0.477705,1.200000,0.800000,mba,0,,0,0,-1,-1,-1,-1,-1,-1,-1,-1,-1,-1,-1,-1
1199,3,300,8,16,16,227747.946763,227748.357250,0.410487,0x405218,1,20093,17813,2280,48,100.000000,0,0,0.477705,1.200000,0.800000,mba,0,,0,0,-1,-1,-1,-1,-1,-1,-1,-1,-1,-1,-1,-1
1199,3,300,9,16,16,227747.947246,227748.344667,0.397421,0x405218,1,19097,17146,1951,18,100.000000,0,0,0.477705,1.200000,0.800000,mba,0,,0,0,-1,-1,-1,-1,-1,-1,-1,-1,-1,-1,-1,-1
1199,3,300,10,16,16,227747.946629,227748.406479,0.459850,0x405218,1,19192,15626,3566,52,100.000000,0,0,0.477705,1.200000,0.800000,mba,0,,0,0,-1,-1,-1,-1,-1,-1,-1,-1,-1,-1,-1,-1
1199,3,300,11,16,16,227747.946694,227748.371915,0.425221,0x405218,1,20103,17522,2581,54,100.000000,0,0,0.477705,1.200000,0.800000,mba,0,,0,0,-1,-1,-1,-1,-1,-1,-1,-1,-1,-1,-1,-1
1199,3,300,12,16,16,227747.946081,227748.127082,0.181001,0x405218,1,5744,4948,796,56,20.000000,0,0,0.477705,1.200000,0.800000,mba,0,,0,0,-1,-1,-1,-1,-1,-1,-1,-1,-1,-1,-1,-1
1199,3,300,13,16,16,227747.946018,227748.127012,0.180994,0x405218,1,5305,4697,608,58,20.000000,0,0,0.477705,1.200000,0.800000,mba,0,,0,0,-1,-1,-1,-1,-1,-1,-1,-1,-1,-1,-1,-1
1199,3,300,14,16,16,227747.946302,227748.120909,0.174607,0x405218,1,5421,4673,748,60,20.000000,0,0,0.477705,1.200000,0.800000,mba,0,,0,0,-1,-1,-1,-1,-1,-1,-1,-1,-1,-1,-1,-1
1199,3,300,15,16,16,227747.947094,227748.121558,0.174464,0x405218,1,5676,5129,547,30,20.000000,0,0,0.477705,1.200000,0.800000,mba,0,,0,0,-1,-1,-1,-1,-1,-1,-1,-1,-1,-1,-1,-1
1200,4,300,0,16,16,227749.382671,227749.427324,0.044653,0x4052e4,1,1970,1552,418,32,100.000000,0,0,0.050092,1.200000,0.800000,mba,0,,0,0,-1,-1,-1,-1,-1,-1,-1,-1,-1,-1,-1,-1
1200,4,300,1,16,16,227749.378760,227749.397714,0.018954,0x4052e4,1,186,131,55,34,30.000000,0,0,0.050092,1.200000,0.800000,mba,0,,0,0,-1,-1,-1,-1,-1,-1,-1,-1,-1,-1,-1,-1
1200,4,300,2,16,16,227749.379070,227749.398851,0.019781,0x4052e4,1,182,137,45,36,30.000000,0,0,0.050092,1.200000,0.800000,mba,0,,0,0,-1,-1,-1,-1,-1,-1,-1,-1,-1,-1,-1,-1
1200,4,300,3,16,16,227749.378970,227749.398384,0.019414,0x4052e4,1,183,114,69,38,30.000000,0,0,0.050092,1.200000,0.800000,mba,0,,0,0,-1,-1,-1,-1,-1,-1,-1,-1,-1,-1,-1,-1
1200,4,300,4,16,16,227749.378992,227749.400286,0.021294,0x4052e4,1,72,30,42,40,30.000000,0,0,0.050092,1.200000,0.800000,mba,0,,0,0,-1,-1,-1,-1,-1,-1,-1,-1,-1,-1,-1,-1
1200,4,300,5,16,16,227749.379031,227749.401516,0.022485,0x4052e4,1,170,119,51,42,30.000000,0,0,0.050092,1.200000,0.800000,mba,0,,0,0,-1,-1,-1,-1,-1,-1,-1,-1,-1,-1,-1,-1
1200,4,300,6,16,16,227749.379536,227749.400225,0.020689,0x4052e4,1,300,254,46,44,30.000000,0,0,0.050092,1.200000,0.800000,mba,0,,0,0,-1,-1,-1,-1,-1,-1,-1,-1,-1,-1,-1,-1
1200,4,300,7,16,16,227749.377896,227749.399616,0.021720,0x4052e4,1,62,32,30,46,30.000000,0,0,0.050092,1.200000,0.800000,mba,0,,0,0,-1,-1,-1,-1,-1,-1,-1,-1,-1,-1,-1,-1
1200,4,300,8,16,16,227749.378287,227749.398561,0.020274,0x4052e4,1,262,223,39,48,30.000000,0,0,0.050092,1.200000,0.800000,mba,0,,0,0,-1,-1,-1,-1,-1,-1,-1,-1,-1,-1,-1,-1
1200,4,300,9,16,16,227749.378742,227749.399721,0.020979,0x4052e4,1,396,340,56,18,30.000000,0,0,0.050092,1.200000,0.800000,mba,0,,0,0,-1,-1,-1,-1,-1,-1,-1,-1,-1,-1,-1,-1
1200,4,300,10,16,16,227749.377995,227749.400160,0.022165,0x4052e4,1,141,105,36,52,30.000000,0,0,0.050092,1.200000,0.800000,mba,0,,0,0,-1,-1,-1,-1,-1,-1,-1,-1,-1,-1,-1,-1
1200,4,300,11,16,16,227749.377232,227749.398254,0.021022,0x4052e4,1,343,293,50,54,30.000000,0,0,0.050092,1.200000,0.800000,mba,0,,0,0,-1,-1,-1,-1,-1,-1,-1,-1,-1,-1,-1,-1
1200,4,300,12,16,16,227749.378276,227749.397679,0.019403,0x4052e4,1,68,12,56,56,30.000000,0,0,0.050092,1.200000,0.800000,mba,0,,0,0,-1,-1,-1,-1,-1,-1,-1,-1,-1,-1,-1,-1
1200,4,300,13,16,16,227749.378762,227749.397970,0.019208,0x4052e4,1,138,70,68,58,30.000000,0,0,0.050092,1.200000,0.800000,mba,0,,0,0,-1,-1,-1,-1,-1,-1,-1,-1,-1,-1,-1,-1
1200,4,300,14,16,16,227749.378877,227749.398208,0.019331,0x4052e4,1,97,53,44,60,30.000000,0,0,0.050092,1.200000,0.800000,mba,0,,0,0,-1,-1,-1,-1,-1,-1,-1,-1,-1,-1,-1,-1
1200,4,300,15,16,16,227749.378235,227749.397019,0.018784,0x4052e4,1,139,90,49,30,30.000000,0,0,0.050092,1.200000,0.800000,mba,0,,0,0,-1,-1,-1,-1,-1,-1,-1,-1,-1,-1,-1,-1
1201,5,300,0,16,16,227749.479673,227749.498850,0.019177,0x40533c,1,29,2,27,32,50.000000,0,0,0.028085,1.200000,0.800000,mba,0,,0,0,-1,-1,-1,-1,-1,-1,-1,-1,-1,-1,-1,-1
1201,5,300,1,16,16,227749.480148,227749.499183,0.019035,0x40533c,1,170,129,41,34,50.000000,0,0,0.028085,1.200000,0.800000,mba,0,,0,0,-1,-1,-1,-1,-1,-1,-1,-1,-1,-1,-1,-1
1201,5,300,2,16,16,227749.478874,227749.497765,0.018891,0x40533c,1,111,67,44,36,50.000000,0,0,0.028085,1.200000,0.800000,mba,0,,0,0,-1,-1,-1,-1,-1,-1,-1,-1,-1,-1,-1,-1
1201,5,300,3,16,16,227749.479787,227749.499095,0.019308,0x40533c,1,111,72,39,38,50.000000,0,0,0.028085,1.200000,0.800000,mba,0,,0,0,-1,-1,-1,-1,-1,-1,-1,-1,-1,-1,-1,-1
1201,5,300,4,16,16,227749.480162,227749.505355,0.025193,0x40533c,1,296,225,71,40,100.000000,0,0,0.028085,1.200000,0.800000,mba,0,,0,0,-1,-1,-1,-1,-1,-1,-1,-1,-1,-1,-1,-1
1201,5,300,5,16,16,227749.479181,227749.505077,0.025896,0x40533c,1,171,121,50,42,100.000000,0,0,0.028085,1.200000,0.800000,mba,0,,0,0,-1,-1,-1,-1,-1,-1,-1,-1,-1,-1,-1,-1
1201,5,300,6,16,16,227749.480023,227749.504300,0.024277,0x40533c,1,521,351,170,44,100.000000,0,0,0.028085,1.200000,0.800000,mba,0,,0,0,-1,-1,-1,-1,-1,-1,-1,-1,-1,-1,-1,-1
1201,5,300,7,16,16,227749.480047,227749.506473,0.026426,0x40533c,1,213,157,56,46,100.000000,0,0,0.028085,1.200000,0.800000,mba,0,,0,0,-1,-1,-1,-1,-1,-1,-1,-1,-1,-1,-1,-1
1201,5,300,8,16,16,227749.480159,227749.504880,0.024721,0x40533c,1,552,352,200,48,100.000000,0,0,0.028085,1.200000,0.800000,mba,0,,0,0,-1,-1,-1,-1,-1,-1,-1,-1,-1,-1,-1,-1
1201,5,300,9,16,16,227749.479610,227749.503343,0.023733,0x40533c,1,710,356,354,18,100.000000,0,0,0.028085,1.200000,0.800000,mba,0,,0,0,-1,-1,-1,-1,-1,-1,-1,-1,-1,-1,-1,-1
1201,5,300,10,16,16,227749.479543,227749.505839,0.026296,0x40533c,1,216,139,77,52,100.000000,0,0,0.028085,1.200000,0.800000,mba,0,,0,0,-1,-1,-1,-1,-1,-1,-1,-1,-1,-1,-1,-1
1201,5,300,11,16,16,227749.479624,227749.502918,0.023294,0x40533c,1,735,374,361,54,100.000000,0,0,0.028085,1.200000,0.800000,mba,0,,0,0,-1,-1,-1,-1,-1,-1,-1,-1,-1,-1,-1,-1
1201,5,300,12,16,16,227749.479377,227749.498391,0.019014,0x40533c,1,40,24,16,56,50.000000,0,0,0.028085,1.200000,0.800000,mba,0,,0,0,-1,-1,-1,-1,-1,-1,-1,-1,-1,-1,-1,-1
1201,5,300,13,16,16,227749.479850,227749.498485,0.018635,0x40533c,1,54,22,32,58,50.000000,0,0,0.028085,1.200000,0.800000,mba,0,,0,0,-1,-1,-1,-1,-1,-1,-1,-1,-1,-1,-1,-1
1201,5,300,14,16,16,227749.478388,227749.497200,0.018812,0x40533c,1,88,65,23,60,50.000000,0,0,0.028085,1.200000,0.800000,mba,0,,0,0,-1,-1,-1,-1,-1,-1,-1,-1,-1,-1,-1,-1
1201,5,300,15,16,16,227749.479888,227749.498888,0.019000,0x40533c,1,107,81,26,30,50.000000,0,0,0.028085,1.200000,0.800000,mba,0,,0,0,-1,-1,-1,-1,-1,-1,-1,-1,-1,-1,-1,-1
1598,2,400,0,16,16,300815.183395,301604.972326,616.573384,0x4051ce,1,26144294,24944253,1200041,32,30.000000,1,1,793.119892,1.200000,0.800000,mba,0,,1,1,8200192,1081344,90021888,3542189088768,3559789584384,17350254592,3542189088768,3559789674496,17352507392,-1,-1,-1
1598,2,400,1,16,16,300815.188784,301604.861610,623.031236,0x4051ce,1,26942749,26256886,685863,34,30.000000,1,1,793.119892,1.200000,0.800000,mba,0,,1,1,8200192,991232,71819264,3542189088768,3559786700800,17476591616,3542189088768,3559786700800,17476952064,-1,-1,-1
1598,2,400,2,16,16,300815.150723,301605.177617,626.274847,0x4051ce,1,26846398,26591003,255395,36,30.000000,1,1,793.119892,1.200000,0.800000,mba,0,,1,1,7929856,1081344,75333632,3542188818432,3559792558080,17524711424,3542188908544,3559792558080,17524080640,-1,-1,-1
1598,2,400,3,16,16,300815.170463,301604.977312,621.952429,0x4051ce,1,26734684,26448150,286534,38,30.000000,1,1,793.119892,1.200000,0.800000,mba,0,,1,1,8200192,1081344,78848000,3542188908544,3559789133824,17456496640,3542189088768,3559789223936,17457127424,-1,-1,-1
1598,2,400,4,16,16,300815.136091,301607.593229,718.466090,0x4051ce,1,102170727,78010054,24160673,40,100.000000,1,1,793.119892,1.200000,0.800000,mba,0,,1,1,76144640,84254720,-360448,16936494800896,16992836247552,55175667712,16936494891008,16992836337664,55169089536,-1,-1,-1
1598,2,400,5,16,16,300815.175552,301608.255983,787.452295,0x4051ce,1,101396415,76079783,25316632,42,100.000000,1,1,793.119892,1.200000,0.800000,mba,0,,1,1,76234752,84525056,4866048,16936495792128,16992846970880,56319098880,16936496152576,16992846970880,56304590848,-1,-1,-1
1598,2,400,6,16,16,300815.154486,301606.977762,687.505831,0x4051ce,1,96577132,73566619,23010513,44,100.000000,1,1,793.119892,1.200000,0.800000,mba,0,,1,1,76144640,83173376,-1441792,16936494891008,16992794435584,52884299776,16936494981120,16992795246592,52887183360,-1,-1,-1
1598,2,400,7,16,16,300815.140583,301607.569925,723.926446,0x4051ce,1,102237494,78200990,24036504,46,100.000000,1,1,793.119892,1.200000,0.800000,mba,0,,1,1,76144640,84344832,270336,16936494800896,16992835796992,55402569728,16936494891008,16992835977216,55395090432,-1,-1,-1
1598,2,400,8,16,16,300815.138944,301607.433077,717.912431,0x4051ce,1,102217028,78514141,23702887,48,100.000000,1,1,793.119892,1.200000,0.800000,mba,0,,1,1,76144640,84254720,0,16936494891008,16992830480384,55172784128,16936494981120,16992830840832,55168548864,-1,-1,-1
1598,2,400,9,16,16,300815.426078,301607.025410,738.911660,0x4051ce,1,95901921,73220208,22681713,50,100.000000,1,1,793.119892,1.200000,0.800000,mba,0,,1,1,76054528,83443712,-1171456,16936515076096,16992798760960,55271907328,16936515436544,16992799031296,55265239040,-1,-1,-1
1598,2,400,10,16,16,300815.142089,301607.416920,718.648633,0x4051ce,1,102222281,78488499,23733782,52,100.000000,1,1,793.119892,1.200000,0.800000,mba,0,,1,1,76144640,83984384,-270336,16936494891008,16992830029824,55197564928,16936494981120,16992830300160,55194591232,-1,-1,-1
1598,2,400,11,16,16,300815.149298,301607.396338,719.414070,0x4051ce,1,102224089,78425054,23799035,54,100.000000,1,1,793.119892,1.200000,0.800000,mba,0,,1,1,76144640,83623936,-450560,16936494891008,16992828948480,55223787520,16936494981120,16992829669376,55217659904,-1,-1,-1
1598,2,400,12,16,16,300815.159800,301605.425839,633.732603,0x4051ce,1,26381491,26045398,336093,56,30.000000,1,1,793.119892,1.200000,0.800000,mba,0,,1,1,8200192,1081344,63348736,3542188908544,3559793909760,17583644672,3542188908544,3559793909760,17581572096,-1,-1,-1
1598,2,400,13,16,16,300815.169815,301605.173748,627.594688,0x4051ce,1,26836091,26598468,237623,58,30.000000,1,1,793.119892,1.200000,0.800000,mba,0,,1,1,8200192,1081344,70467584,3542188908544,3559792467968,17549312000,3542189088768,3559792558080,17548591104,-1,-1,-1
1598,2,400,14,16,16,300815.157313,301605.224690,628.961762,0x4051ce,1,26898114,26668554,229560,60,30.000000,1,1,793.119892,1.200000,0.800000,mba,0,,1,1,8019968,1081344,68034560,3542188818432,3559793008640,17562558464,3542188908544,3559793098752,17560395776,-1,-1,-1
1598,2,400,15,16,16,300815.358549,301605.373374,623.361370,0x4051ce,1,25766622,25562494,204128,62,30.000000,1,1,793.119892,1.200000,0.800000,mba,0,,1,1,8290304,1081344,87318528,3542193053696,3559793819648,17435590656,3542193233920,3559793909760,17434779648,-1,-1,-1
1599,3,400,0,16,16,301608.467774,301608.689681,0.221907,0x405218,1,7232,5854,1378,32,20.000000,0,0,0.459921,1.200000,0.800000,mba,0,,0,0,-1,-1,-1,-1,-1,-1,-1,-1,-1,-1,-1,-1
1599,3,400,1,16,16,301608.466850,301608.662960,0.196110,0x405218,1,6401,4965,1436,34,20.000000,0,0,0.459921,1.200000,0.800000,mba,0,,0,0,-1,-1,-1,-1,-1,-1,-1,-1,-1,-1,-1,-1
1599,3,400,2,16,16,301608.463693,301608.635882,0.172189,0x405218,1,5167,4538,629,36,20.000000,0,0,0.459921,1.200000,0.800000,mba,0,,0,0,-1,-1,-1,-1,-1,-1,-1,-1,-1,-1,-1,-1
1599,3,400,3,16,16,301608.464163,301608.634634,0.170471,0x405218,1,6041,4174,1867,38,20.000000,0,0,0.459921,1.200000,0.800000,mba,0,,0,0,-1,-1,-1,-1,-1,-1,-1,-1,-1,-1,-1,-1
1599,3,400,4,16,16,301608.464328,301608.855417,0.391089,0x405218,1,19866,12106,7760,40,100.000000,0,0,0.459921,1.200000,0.800000,mba,0,,0,0,-1,-1,-1,-1,-1,-1,-1,-1,-1,-1,-1,-1
1599,3,400,5,16,16,301608.464636,301608.923538,0.458902,0x405218,1,18939,12095,6844,42,100.000000,0,0,0.459921,1.200000,0.800000,mba,0,,0,0,-1,-1,-1,-1,-1,-1,-1,-1,-1,-1,-1,-1
1599,3,400,6,16,16,301608.464089,301608.868073,0.403984,0x405218,1,19220,16667,2553,44,100.000000,0,0,0.459921,1.200000,0.800000,mba,0,,0,0,-1,-1,-1,-1,-1,-1,-1,-1,-1,-1,-1,-1
1599,3,400,7,16,16,301608.464254,301608.886026,0.421772,0x405218,1,19900,16988,2912,46,100.000000,0,0,0.459921,1.200000,0.800000,mba,0,,0,0,-1,-1,-1,-1,-1,-1,-1,-1,-1,-1,-1,-1
1599,3,400,8,16,16,301608.464224,301608.873796,0.409572,0x405218,1,19982,17297,2685,48,100.000000,0,0,0.459921,1.200000,0.800000,mba,0,,0,0,-1,-1,-1,-1,-1,-1,-1,-1,-1,-1,-1,-1
1599,3,400,9,16,16,301608.464857,301608.870964,0.406107,0x405218,1,19061,16725,2336,50,100.000000,0,0,0.459921,1.200000,0.800000,mba,0,,0,0,-1,-1,-1,-1,-1,-1,-1,-1,-1,-1,-1,-1
1599,3,400,10,16,16,301608.464069,301608.880266,0.416197,0x405218,1,19904,16682,3222,52,100.000000,0,0,0.459921,1.200000,0.800000,mba,0,,0,0,-1,-1,-1,-1,-1,-1,-1,-1,-1,-1,-1,-1
1599,3,400,11,16,16,301608.463826,301608.887241,0.423415,0x405218,1,20065,16845,3220,54,100.000000,0,0,0.459921,1.200000,0.800000,mba,0,,0,0,-1,-1,-1,-1,-1,-1,-1,-1,-1,-1,-1,-1
1599,3,400,12,16,16,301608.463707,301608.654074,0.190367,0x405218,1,5787,4996,791,56,20.000000,0,0,0.459921,1.200000,0.800000,mba,0,,0,0,-1,-1,-1,-1,-1,-1,-1,-1,-1,-1,-1,-1
1599,3,400,13,16,16,301608.463617,301608.644888,0.181271,0x405218,1,5379,4709,670,58,20.000000,0,0,0.459921,1.200000,0.800000,mba,0,,0,0,-1,-1,-1,-1,-1,-1,-1,-1,-1,-1,-1,-1
1599,3,400,14,16,16,301608.464073,301608.638892,0.174819,0x405218,1,5473,4763,710,60,20.000000,0,0,0.459921,1.200000,0.800000,mba,0,,0,0,-1,-1,-1,-1,-1,-1,-1,-1,-1,-1,-1,-1
1599,3,400,15,16,16,301608.463817,301608.646143,0.182326,0x405218,1,5476,4939,537,62,20.000000,0,0,0.459921,1.200000,0.800000,mba,0,,0,0,-1,-1,-1,-1,-1,-1,-1,-1,-1,-1,-1,-1
1600,4,400,0,16,16,301609.902964,301609.946709,0.043745,0x4052e4,1,1811,1423,388,32,100.000000,0,0,0.053123,1.200000,0.800000,mba,0,,0,0,-1,-1,-1,-1,-1,-1,-1,-1,-1,-1,-1,-1
1600,4,400,1,16,16,301609.896249,301609.916606,0.020357,0x4052e4,1,151,107,44,34,20.000000,0,0,0.053123,1.200000,0.800000,mba,0,,0,0,-1,-1,-1,-1,-1,-1,-1,-1,-1,-1,-1,-1
1600,4,400,2,16,16,301609.896003,301609.916929,0.020926,0x4052e4,1,134,94,40,36,20.000000,0,0,0.053123,1.200000,0.800000,mba,0,,0,0,-1,-1,-1,-1,-1,-1,-1,-1,-1,-1,-1,-1
1600,4,400,3,16,16,301609.896986,301609.917323,0.020337,0x4052e4,1,154,108,46,38,20.000000,0,0,0.053123,1.200000,0.800000,mba,0,,0,0,-1,-1,-1,-1,-1,-1,-1,-1,-1,-1,-1,-1
1600,4,400,4,16,16,301609.895830,301609.917830,0.022000,0x4052e4,1,259,223,36,40,20.000000,0,0,0.053123,1.200000,0.800000,mba,0,,0,0,-1,-1,-1,-1,-1,-1,-1,-1,-1,-1,-1,-1
1600,4,400,5,16,16,301609.896511,301609.919992,0.023481,0x4052e4,1,187,142,45,42,20.000000,0,0,0.053123,1.200000,0.800000,mba,0,,0,0,-1,-1,-1,-1,-1,-1,-1,-1,-1,-1,-1,-1
1600,4,400,6,16,16,301609.895835,301609.918528,0.022693,0x4052e4,1,265,210,55,44,20.000000,0,0,0.053123,1.200000,0.800000,mba,0,,0,0,-1,-1,-1,-1,-1,-1,-1,-1,-1,-1,-1,-1
1600,4,400,7,16,16,301609.896734,301609.919371,0.022637,0x4052e4,1,278,240,38,46,20.000000,0,0,0.053123,1.200000,0.800000,mba,0,,0,0,-1,-1,-1,-1,-1,-1,-1,-1,-1,-1,-1,-1
1600,4,400,8,16,16,301609.895725,301609.917755,0.022030,0x4052e4,1,275,223,52,48,20.000000,0,0,0.053123,1.200000,0.800000,mba,0,,0,0,-1,-1,-1,-1,-1,-1,-1,-1,-1,-1,-1,-1
1600,4,400,9,16,16,301609.896181,301609.919024,0.022843,0x4052e4,1,337,257,80,50,20.000000,0,0,0.053123,1.200000,0.800000,mba,0,,0,0,-1,-1,-1,-1,-1,-1,-1,-1,-1,-1,-1,-1
1600,4,400,10,16,16,301609.895892,301609.919105,0.023213,0x4052e4,1,406,337,69,52,20.000000,0,0,0.053123,1.200000,0.800000,mba,0,,0,0,-1,-1,-1,-1,-1,-1,-1,-1,-1,-1,-1,-1
1600,4,400,11,16,16,301609.895987,301609.918420,0.022433,0x4052e4,1,322,277,45,54,20.000000,0,0,0.053123,1.200000,0.800000,mba,0,,0,0,-1,-1,-1,-1,-1,-1,-1,-1,-1,-1,-1,-1
1600,4,400,12,16,16,301609.893586,301609.914802,0.021216,0x4052e4,1,65,36,29,56,20.000000,0,0,0.053123,1.200000,0.800000,mba,0,,0,0,-1,-1,-1,-1,-1,-1,-1,-1,-1,-1,-1,-1
1600,4,400,13,16,16,301609.894006,301609.914449,0.020443,0x4052e4,1,102,64,38,58,20.000000,0,0,0.053123,1.200000,0.800000,mba,0,,0,0,-1,-1,-1,-1,-1,-1,-1,-1,-1,-1,-1,-1
1600,4,400,14,16,16,301609.893990,301609.914372,0.020382,0x4052e4,1,125,69,56,60,20.000000,0,0,0.053123,1.200000,0.800000,mba,0,,0,0,-1,-1,-1,-1,-1,-1,-1,-1,-1,-1,-1,-1
1600,4,400,15,16,16,301609.893971,301609.914728,0.020757,0x4052e4,1,39,12,27,62,20.000000,0,0,0.053123,1.200000,0.800000,mba,0,,0,0,-1,-1,-1,-1,-1,-1,-1,-1,-1,-1,-1,-1
1601,5,400,0,16,16,301610.008580,301610.029003,0.020423,0x40533c,1,28,4,24,32,40.000000,0,0,0.029031,1.200000,0.800000,mba,0,,0,0,-1,-1,-1,-1,-1,-1,-1,-1,-1,-1,-1,-1
1601,5,400,1,16,16,301610.007894,301610.028130,0.020236,0x40533c,1,137,109,28,34,40.000000,0,0,0.029031,1.200000,0.800000,mba,0,,0,0,-1,-1,-1,-1,-1,-1,-1,-1,-1,-1,-1,-1
1601,5,400,2,16,16,301610.006865,301610.027147,0.020282,0x40533c,1,51,11,40,36,40.000000,0,0,0.029031,1.200000,0.800000,mba,0,,0,0,-1,-1,-1,-1,-1,-1,-1,-1,-1,-1,-1,-1
1601,5,400,3,16,16,301610.008664,301610.029335,0.020671,0x40533c,1,155,101,54,38,40.000000,0,0,0.029031,1.200000,0.800000,mba,0,,0,0,-1,-1,-1,-1,-1,-1,-1,-1,-1,-1,-1,-1
1601,5,400,4,16,16,301610.007386,301610.033249,0.025863,0x40533c,1,538,367,171,40,100.000000,0,0,0.029031,1.200000,0.800000,mba,0,,0,0,-1,-1,-1,-1,-1,-1,-1,-1,-1,-1,-1,-1
1601,5,400,5,16,16,301610.008760,301610.035896,0.027136,0x40533c,1,184,110,74,42,100.000000,0,0,0.029031,1.200000,0.800000,mba,0,,0,0,-1,-1,-1,-1,-1,-1,-1,-1,-1,-1,-1,-1
1601,5,400,6,16,16,301610.007920,301610.033868,0.025948,0x40533c,1,498,317,181,44,100.000000,0,0,0.029031,1.200000,0.800000,mba,0,,0,0,-1,-1,-1,-1,-1,-1,-1,-1,-1,-1,-1,-1
1601,5,400,7,16,16,301610.009111,301610.035163,0.026052,0x40533c,1,605,440,165,46,100.000000,0,0,0.029031,1.200000,0.800000,mba,0,,0,0,-1,-1,-1,-1,-1,-1,-1,-1,-1,-1,-1,-1
1601,5,400,8,16,16,301610.006966,301610.033191,0.026225,0x40533c,1,641,387,254,48,100.000000,0,0,0.029031,1.200000,0.800000,mba,0,,0,0,-1,-1,-1,-1,-1,-1,-1,-1,-1,-1,-1,-1
1601,5,400,9,16,16,301610.008294,301610.034927,0.026633,0x40533c,1,570,338,232,50,100.000000,0,0,0.029031,1.200000,0.800000,mba,0,,0,0,-1,-1,-1,-1,-1,-1,-1,-1,-1,-1,-1,-1
1601,5,400,10,16,16,301610.008497,301610.034340,0.025843,0x40533c,1,596,330,266,52,100.000000,0,0,0.029031,1.200000,0.800000,mba,0,,0,0,-1,-1,-1,-1,-1,-1,-1,-1,-1,-1,-1,-1
1601,5,400,11,16,16,301610.008179,301610.033643,0.025464,0x40533c,1,666,355,311,54,100.000000,0,0,0.029031,1.200000,0.800000,mba,0,,0,0,-1,-1,-1,-1,-1,-1,-1,-1,-1,-1,-1,-1
1601,5,400,12,16,16,301610.008515,301610.029081,0.020566,0x40533c,1,63,35,28,56,50.000000,0,0,0.029031,1.200000,0.800000,mba,0,,0,0,-1,-1,-1,-1,-1,-1,-1,-1,-1,-1,-1,-1
1601,5,400,13,16,16,301610.008523,301610.028714,0.020191,0x40533c,1,94,40,54,58,40.000000,0,0,0.029031,1.200000,0.800000,mba,0,,0,0,-1,-1,-1,-1,-1,-1,-1,-1,-1,-1,-1,-1
1601,5,400,14,16,16,301610.008230,301610.028316,0.020086,0x40533c,1,95,56,39,60,40.000000,0,0,0.029031,1.200000,0.800000,mba,0,,0,0,-1,-1,-1,-1,-1,-1,-1,-1,-1,-1,-1,-1
1601,5,400,15,16,16,301610.007442,301610.027952,0.020510,0x40533c,1,81,55,26,62,50.000000,0,0,0.029031,1.200000,0.800000,mba,0,,0,0,-1,-1,-1,-1,-1,-1,-1,-1,-1,-1,-1,-1
1998,2,500,0,16,16,373997.091332,374732.372392,612.033840,0x4051ce,1,26124165,24839474,1284691,0,30.000000,1,1,737.865942,1.200000,0.800000,mba,0,,1,1,7749632,1351680,99033088,5312820142080,5330410635264,17225900032,5312820412416,5330410635264,17226981376,-1,-1,-1
1998,2,500,1,16,16,373997.075800,374732.496059,623.206347,0x4051ce,1,26876345,26085667,790678,34,30.000000,1,1,737.865942,1.200000,0.800000,mba,0,,1,1,7659520,1351680,82001920,5312819961856,5330412888064,17463525376,5312820142080,5330413248512,17462173696,-1,-1,-1
1998,2,500,2,16,16,373997.320687,374733.005551,630.151203,0x4051ce,1,26413574,26115046,298528,36,30.000000,1,1,737.865942,1.200000,0.800000,mba,0,,1,1,7929856,1441792,83894272,5312826089472,5330420097024,17546338304,5312826179584,5330420097024,17544355840,-1,-1,-1
1998,2,500,3,16,16,373997.097882,374732.607184,623.120786,0x4051ce,1,26669552,26347590,321962,38,30.000000,1,1,737.865942,1.200000,0.800000,mba,0,,1,1,7839744,1441792,87678976,5312820412416,5330415321088,17457668096,5312820862976,5330415501312,17457938432,-1,-1,-1
1998,2,500,4,16,16,373997.058464,374734.900231,714.368892,0x4051ce,1,100166652,76075872,24090780,40,100.000000,1,1,737.865942,1.200000,0.800000,mba,0,,1,1,77676544,84434944,811008,22539738169344,22595082616832,55008059392,22539738259456,22595082616832,54998507520,-1,-1,-1
1998,2,500,5,16,16,373997.085471,374734.881107,726.442201,0x4051ce,1,100076940,75868206,24208734,42,100.000000,1,1,737.865942,1.200000,0.800000,mba,0,,1,1,77676544,84434944,901120,22539738800128,22595082526720,55120879616,22539739070464,22595082616832,55108984832,-1,-1,-1
1998,2,500,6,16,16,373997.079665,374734.355209,687.191714,0x4051ce,1,94586848,72634248,21952600,44,100.000000,1,1,737.865942,1.200000,0.800000,mba,0,,1,1,77676544,84344832,720896,22539738710016,22595041615872,53122465792,22539738980352,22595042066432,53118771200,-1,-1,-1
1998,2,500,7,16,16,373997.038991,374734.901944,719.857970,0x4051ce,1,100248500,76399094,23849406,46,100.000000,1,1,737.865942,1.200000,0.800000,mba,0,,1,1,77676544,84434944,1441792,22539738169344,22595082616832,55194050560,22539738259456,22595082616832,55181434880,-1,-1,-1
1998,2,500,8,16,16,373997.068261,374734.800640,714.382160,0x4051ce,1,100227950,76643656,23584294,48,100.000000,1,1,737.865942,1.200000,0.800000,mba,0,,1,1,77676544,84434944,901120,22539738259456,22595078471680,55028334592,22539738710016,22595078742016,55026171904,-1,-1,-1
1998,2,500,9,16,16,373997.092716,374734.339149,686.118913,0x4051ce,1,94539797,72784495,21755302,18,100.000000,1,1,737.865942,1.200000,0.800000,mba,0,,1,1,77676544,84164608,540672,22539738980352,22595040174080,53043347456,22539739340800,22595040624640,53043347456,-1,-1,-1
1998,2,500,10,16,16,373997.038023,374734.772748,715.381587,0x4051ce,1,100236338,76810205,23426133,52,100.000000,1,1,737.865942,1.200000,0.800000,mba,0,,1,1,77676544,84344832,720896,22539738169344,22595076849664,55064199168,22539738259456,22595077120000,55059333120,-1,-1,-1
1998,2,500,11,16,16,373997.045780,374734.764483,716.273876,0x4051ce,1,100234921,76626674,23608247,54,100.000000,1,1,737.865942,1.200000,0.800000,mba,0,,1,1,77676544,84344832,811008,22539738169344,22595075948544,55075373056,22539738259456,22595076399104,55065010176,-1,-1,-1
1998,2,500,12,16,16,373997.059942,374732.766044,628.166546,0x4051ce,1,26886657,26506447,380210,56,30.000000,1,1,737.865942,1.200000,0.800000,mba,0,,1,1,7659520,1441792,79749120,5312819601408,5330417934336,17543815168,5312819961856,5330418114560,17541832704,-1,-1,-1
1998,2,500,13,16,16,373997.041629,374732.817572,629.046358,0x4051ce,1,26840080,26606006,234074,58,30.000000,1,1,737.865942,1.200000,0.800000,mba,0,,1,1,7659520,1531904,77856768,5312819601408,5330419015680,17557512192,5312819871744,5330419105792,17556070400,-1,-1,-1
1998,2,500,14,16,16,373997.036002,374732.822471,629.920000,0x4051ce,1,26903018,26668284,234734,60,30.000000,1,1,737.865942,1.200000,0.800000,mba,0,,1,1,7659520,1531904,73891840,5312819601408,5330419015680,17563189248,5312819781632,5330419105792,17559945216,-1,-1,-1
1998,2,500,15,16,16,373997.075498,374733.016537,624.418671,0x4051ce,1,25772192,25592176,180016,62,30.000000,1,1,737.865942,1.200000,0.800000,mba,0,,1,1,7749632,1441792,94797824,5312820051968,5330420097024,17426219008,5312820232192,5330420097024,17423966208,-1,-1,-1
1999,3,500,0,16,16,374735.148927,374735.362769,0.213842,0x405218,1,7139,5695,1444,0,20.000000,0,0,0.420784,1.200000,0.800000,mba,0,,0,0,-1,-1,-1,-1,-1,-1,-1,-1,-1,-1,-1,-1
1999,3,500,1,16,16,374735.148070,374735.338308,0.190238,0x405218,1,6392,5031,1361,34,20.000000,0,0,0.420784,1.200000,0.800000,mba,0,,0,0,-1,-1,-1,-1,-1,-1,-1,-1,-1,-1,-1,-1
1999,3,500,2,16,16,374735.147224,374735.321976,0.174752,0x405218,1,5542,4866,676,36,20.000000,0,0,0.420784,1.200000,0.800000,mba,0,,0,0,-1,-1,-1,-1,-1,-1,-1,-1,-1,-1,-1,-1
1999,3,500,3,16,16,374735.146794,374735.313453,0.166659,0x405218,1,6053,4261,1792,38,20.000000,0,0,0.420784,1.200000,0.800000,mba,0,,0,0,-1,-1,-1,-1,-1,-1,-1,-1,-1,-1,-1,-1
1999,3,500,4,16,16,374735.147154,374735.527843,0.380689,0x405218,1,19653,11902,7751,40,100.000000,0,0,0.420784,1.200000,0.800000,mba,0,,0,0,-1,-1,-1,-1,-1,-1,-1,-1,-1,-1,-1,-1
1999,3,500,5,16,16,374735.147320,374735.529492,0.382172,0x405218,1,19526,13412,6114,42,100.000000,0,0,0.420784,1.200000,0.800000,mba,0,,0,0,-1,-1,-1,-1,-1,-1,-1,-1,-1,-1,-1,-1
1999,3,500,6,16,16,374735.147447,374735.537824,0.390377,0x405218,1,19076,16609,2467,44,100.000000,0,0,0.420784,1.200000,0.800000,mba,0,,0,0,-1,-1,-1,-1,-1,-1,-1,-1,-1,-1,-1,-1
1999,3,500,7,16,16,374735.146932,374735.553268,0.406336,0x405218,1,19740,16463,3277,46,100.000000,0,0,0.420784,1.200000,0.800000,mba,0,,0,0,-1,-1,-1,-1,-1,-1,-1,-1,-1,-1,-1,-1
1999,3,500,8,16,16,374735.147773,374735.546985,0.399212,0x405218,1,19835,16655,3180,48,100.000000,0,0,0.420784,1.200000,0.800000,mba,0,,0,0,-1,-1,-1,-1,-1,-1,-1,-1,-1,-1,-1,-1
1999,3,500,9,16,16,374735.147783,374735.542071,0.394288,0x405218,1,18902,16553,2349,18,100.000000,0,0,0.420784,1.200000,0.800000,mba,0,,0,0,-1,-1,-1,-1,-1,-1,-1,-1,-1,-1,-1,-1
1999,3,500,10,16,16,374735.147369,374735.556575,0.409206,0x405218,1,19665,16584,3081,52,100.000000,0,0,0.420784,1.200000,0.800000,mba,0,,0,0,-1,-1,-1,-1,-1,-1,-1,-1,-1,-1,-1,-1
1999,3,500,11,16,16,374735.147505,374735.567350,0.419845,0x405218,1,19806,16281,3525,54,100.000000,0,0,0.420784,1.200000,0.800000,mba,0,,0,0,-1,-1,-1,-1,-1,-1,-1,-1,-1,-1,-1,-1
1999,3,500,12,16,16,374735.146566,374735.322042,0.175476,0x405218,1,5474,4673,801,56,20.000000,0,0,0.420784,1.200000,0.800000,mba,0,,0,0,-1,-1,-1,-1,-1,-1,-1,-1,-1,-1,-1,-1
1999,3,500,13,16,16,374735.146883,374735.325711,0.178828,0x405218,1,5427,4759,668,58,20.000000,0,0,0.420784,1.200000,0.800000,mba,0,,0,0,-1,-1,-1,-1,-1,-1,-1,-1,-1,-1,-1,-1
1999,3,500,14,16,16,374735.147695,374735.324482,0.176787,0x405218,1,5492,4815,677,60,20.000000,0,0,0.420784,1.200000,0.800000,mba,0,,0,0,-1,-1,-1,-1,-1,-1,-1,-1,-1,-1,-1,-1
1999,3,500,15,16,16,374735.147081,374735.323681,0.176600,0x405218,1,5392,4888,504,62,20.000000,0,0,0.420784,1.200000,0.800000,mba,0,,0,0,-1,-1,-1,-1,-1,-1,-1,-1,-1,-1,-1,-1
2000,4,500,0,16,16,374736.504956,374736.546784,0.041828,0x4052e4,1,1873,1449,424,0,100.000000,0,0,0.050028,1.200000,0.800000,mba,0,,0,0,-1,-1,-1,-1,-1,-1,-1,-1,-1,-1,-1,-1
2000,4,500,1,16,16,374736.497214,374736.516775,0.019561,0x4052e4,1,200,159,41,34,20.000000,0,0,0.050028,1.200000,0.800000,mba,0,,0,0,-1,-1,-1,-1,-1,-1,-1,-1,-1,-1,-1,-1
2000,4,500,2,16,16,374736.498633,374736.518497,0.019864,0x4052e4,1,49,24,25,36,20.000000,0,0,0.050028,1.200000,0.800000,mba,0,,0,0,-1,-1,-1,-1,-1,-1,-1,-1,-1,-1,-1,-1
2000,4,500,3,16,16,374736.497756,374736.516651,0.018895,0x4052e4,1,182,115,67,38,20.000000,0,0,0.050028,1.200000,0.800000,mba,0,,0,0,-1,-1,-1,-1,-1,-1,-1,-1,-1,-1,-1,-1
2000,4,500,4,16,16,374736.498157,374736.519834,0.021677,0x4052e4,1,287,228,59,40,20.000000,0,0,0.050028,1.200000,0.800000,mba,0,,0,0,-1,-1,-1,-1,-1,-1,-1,-1,-1,-1,-1,-1
2000,4,500,5,16,16,374736.498002,374736.519595,0.021593,0x4052e4,1,446,384,62,42,20.000000,0,0,0.050028,1.200000,0.800000,mba,0,,0,0,-1,-1,-1,-1,-1,-1,-1,-1,-1,-1,-1,-1
2000,4,500,6,16,16,374736.498496,374736.519780,0.021284,0x4052e4,1,262,220,42,44,20.000000,0,0,0.050028,1.200000,0.800000,mba,0,,0,0,-1,-1,-1,-1,-1,-1,-1,-1,-1,-1,-1,-1
2000,4,500,7,16,16,374736.497413,374736.518943,0.021530,0x4052e4,1,295,234,61,46,20.000000,0,0,0.050028,1.200000,0.800000,mba,0,,0,0,-1,-1,-1,-1,-1,-1,-1,-1,-1,-1,-1,-1
2000,4,500,8,16,16,374736.497290,374736.517996,0.020706,0x4052e4,1,320,246,74,48,20.000000,0,0,0.050028,1.200000,0.800000,mba,0,,0,0,-1,-1,-1,-1,-1,-1,-1,-1,-1,-1,-1,-1
2000,4,500,9,16,16,374736.498890,374736.520596,0.021706,0x4052e4,1,355,308,47,18,20.000000,0,0,0.050028,1.200000,0.800000,mba,0,,0,0,-1,-1,-1,-1,-1,-1,-1,-1,-1,-1,-1,-1
2000,4,500,10,16,16,374736.498539,374736.520338,0.021799,0x4052e4,1,332,280,52,52,20.000000,0,0,0.050028,1.200000,0.800000,mba,0,,0,0,-1,-1,-1,-1,-1,-1,-1,-1,-1,-1,-1,-1
2000,4,500,11,16,16,374736.497664,374736.518786,0.021122,0x4052e4,1,335,288,47,54,20.000000,0,0,0.050028,1.200000,0.800000,mba,0,,0,0,-1,-1,-1,-1,-1,-1,-1,-1,-1,-1,-1,-1
2000,4,500,12,16,16,374736.496756,374736.516146,0.019390,0x4052e4,1,122,94,28,56,20.000000,0,0,0.050028,1.200000,0.800000,mba,0,,0,0,-1,-1,-1,-1,-1,-1,-1,-1,-1,-1,-1,-1
2000,4,500,13,16,16,374736.497489,374736.517159,0.019670,0x4052e4,1,112,64,48,58,20.000000,0,0,0.050028,1.200000,0.800000,mba,0,,0,0,-1,-1,-1,-1,-1,-1,-1,-1,-1,-1,-1,-1
2000,4,500,14,16,16,374736.496871,374736.515873,0.019002,0x4052e4,1,92,58,34,60,20.000000,0,0,0.050028,1.200000,0.800000,mba,0,,0,0,-1,-1,-1,-1,-1,-1,-1,-1,-1,-1,-1,-1
2000,4,500,15,16,16,374736.497450,374736.516472,0.019022,0x4052e4,1,48,6,42,62,20.000000,0,0,0.050028,1.200000,0.800000,mba,0,,0,0,-1,-1,-1,-1,-1,-1,-1,-1,-1,-1,-1,-1
2001,5,500,0,16,16,374736.600564,374736.620007,0.019443,0x40533c,1,44,2,42,0,30.000000,0,0,0.034468,1.200000,0.800000,mba,0,,0,0,-1,-1,-1,-1,-1,-1,-1,-1,-1,-1,-1,-1
2001,5,500,1,16,16,374736.599735,374736.618241,0.018506,0x40533c,1,161,107,54,34,30.000000,0,0,0.034468,1.200000,0.800000,mba,0,,0,0,-1,-1,-1,-1,-1,-1,-1,-1,-1,-1,-1,-1
2001,5,500,2,16,16,374736.599110,374736.618395,0.019285,0x40533c,1,77,53,24,36,30.000000,0,0,0.034468,1.200000,0.800000,mba,0,,0,0,-1,-1,-1,-1,-1,-1,-1,-1,-1,-1,-1,-1
2001,5,500,3,16,16,374736.600554,374736.619375,0.018821,0x40533c,1,131,97,34,38,30.000000,0,0,0.034468,1.200000,0.800000,mba,0,,0,0,-1,-1,-1,-1,-1,-1,-1,-1,-1,-1,-1,-1
2001,5,500,4,16,16,374736.599857,374736.625087,0.025230,0x40533c,1,689,483,206,40,80.000000,0,0,0.034468,1.200000,0.800000,mba,0,,0,0,-1,-1,-1,-1,-1,-1,-1,-1,-1,-1,-1,-1
2001,5,500,5,16,16,374736.600147,374736.626221,0.026074,0x40533c,1,731,504,227,42,80.000000,0,0,0.034468,1.200000,0.800000,mba,0,,0,0,-1,-1,-1,-1,-1,-1,-1,-1,-1,-1,-1,-1
2001,5,500,6,16,16,374736.600013,374736.625804,0.025791,0x40533c,1,739,453,286,44,80.000000,0,0,0.034468,1.200000,0.800000,mba,0,,0,0,-1,-1,-1,-1,-1,-1,-1,-1,-1,-1,-1,-1
2001,5,500,7,16,16,374736.599774,374736.624872,0.025098,0x40533c,1,842,607,235,46,80.000000,0,0,0.034468,1.200000,0.800000,mba,0,,0,0,-1,-1,-1,-1,-1,-1,-1,-1,-1,-1,-1,-1
2001,5,500,8,16,16,374736.599802,374736.633578,0.033776,0x40533c,1,815,540,275,48,80.000000,0,0,0.034468,1.200000,0.800000,mba,0,,0,0,-1,-1,-1,-1,-1,-1,-1,-1,-1,-1,-1,-1
2001,5,500,9,16,16,374736.600871,374736.626213,0.025342,0x40533c,1,674,402,272,18,100.000000,0,0,0.034468,1.200000,0.800000,mba,0,,0,0,-1,-1,-1,-1,-1,-1,-1,-1,-1,-1,-1,-1
2001,5,500,10,16,16,374736.599181,374736.624652,0.025471,0x40533c,1,705,351,354,52,80.000000,0,0,0.034468,1.200000,0.800000,mba,0,,0,0,-1,-1,-1,-1,-1,-1,-1,-1,-1,-1,-1,-1
2001,5,500,11,16,16,374736.599603,374736.624434,0.024831,0x40533c,1,805,413,392,54,80.000000,0,0,0.034468,1.200000,0.800000,mba,0,,0,0,-1,-1,-1,-1,-1,-1,-1,-1,-1,-1,-1,-1
2001,5,500,12,16,16,374736.600759,374736.619300,0.018541,0x40533c,1,76,50,26,56,30.000000,0,0,0.034468,1.200000,0.800000,mba,0,,0,0,-1,-1,-1,-1,-1,-1,-1,-1,-1,-1,-1,-1
2001,5,500,13,16,16,374736.600376,374736.618997,0.018621,0x40533c,1,69,48,21,58,30.000000,0,0,0.034468,1.200000,0.800000,mba,0,,0,0,-1,-1,-1,-1,-1,-1,-1,-1,-1,-1,-1,-1
2001,5,500,14,16,16,374736.600131,374736.619140,0.019009,0x40533c,1,90,65,25,60,30.000000,0,0,0.034468,1.200000,0.800000,mba,0,,0,0,-1,-1,-1,-1,-1,-1,-1,-1,-1,-1,-1,-1
2001,5,500,15,16,16,374736.599763,374736.618622,0.018859,0x40533c,1,66,47,19,62,40.000000,0,0,0.034468,1.200000,0.800000,mba,0,,0,0,-1,-1,-1,-1,-1,-1,-1,-1,-1,-1,-1,-1
2398,2,600,0,16,16,444256.774095,444938.600827,610.159758,0x4051ce,1,26137226,24669670,1467556,32,30.000000,1,1,683.770705,1.200000,0.800000,mba,0,,1,1,10903552,3694592,55779328,7080636276736,7095903772672,15008063488,7080636456960,7095903862784,15009144832,-1,-1,-1
2398,2,600,1,16,16,444256.486274,444938.600623,615.308194,0x4051ce,1,26857057,25675803,1181254,34,30.000000,1,1,683.770705,1.200000,0.800000,mba,0,,1,1,10903552,3694592,48390144,7080631771136,7095903772672,15116197888,7080631861248,7095903772672,15115386880,-1,-1,-1
2398,2,600,2,16,16,444256.654902,444939.205390,627.597865,0x4051ce,1,26359495,26003162,356333,36,30.000000,1,1,683.770705,1.200000,0.800000,mba,0,,1,1,11083776,3604480,39649280,7080635015168,7095911161856,15251365888,7080635015168,7095911161856,15249113088,-1,-1,-1
2398,2,600,3,16,16,444256.461026,444938.686792,617.064879,0x4051ce,1,26734208,26260829,473379,38,30.000000,1,1,683.770705,1.200000,0.800000,mba,0,,1,1,9912320,4235264,52264960,7080631590912,7095904673792,15133409280,7080631590912,7095904763904,15133589504,-1,-1,-1
2398,2,600,4,16,16,444256.450217,444940.204212,673.059503,0x4051ce,1,92648140,71115475,21532665,40,100.000000,1,1,683.770705,1.200000,0.800000,mba,0,,1,1,75603968,81371136,-540672,27865975177216,27917465354240,51325001728,27865975177216,27917465354240,51318423552,-1,-1,-1
2398,2,600,5,16,16,444256.440771,444940.211476,669.068489,0x4051ce,1,92690174,71176196,21513978,42,100.000000,1,1,683.770705,1.200000,0.800000,mba,0,,1,1,75603968,81371136,-450560,27865974726656,27917465354240,51118825472,27865975177216,27917465354240,51113418752,-1,-1,-1
2398,2,600,6,16,16,444256.458612,444939.718982,648.625277,0x4051ce,1,87740556,68435130,19305426,44,100.000000,1,1,683.770705,1.200000,0.800000,mba,0,,1,1,75603968,81190912,-630784,27865974636544,27917430931456,49647927296,27865975087104,27917431472128,49640448000,-1,-1,-1
2398,2,600,7,16,16,444256.649308,444940.208961,677.907315,0x4051ce,1,92819620,71500228,21319392,46,100.000000,1,1,683.770705,1.200000,0.800000,mba,0,,1,1,74342400,81371136,3244032,27865990225920,27917465354240,51459809280,27865990946816,27917465354240,51443408896,-1,-1,-1
2398,2,600,8,16,16,444256.440940,444940.044333,672.393983,0x4051ce,1,92808777,71716984,21091793,48,100.000000,1,1,683.770705,1.200000,0.800000,mba,0,,1,1,75603968,81371136,-270336,27865974726656,27917458055168,51303915520,27865975177216,27917458415616,51302473728,-1,-1,-1
2398,2,600,9,16,16,444256.444037,444939.621866,647.717935,0x4051ce,1,87692542,68316891,19375651,18,100.000000,1,1,683.770705,1.200000,0.800000,mba,0,,1,1,75603968,80920576,-720896,27865974996992,27917421649920,49567637504,27865975177216,27917422010368,49568088064,-1,-1,-1
2398,2,600,10,16,16,444256.450050,444940.073209,673.816743,0x4051ce,1,92811655,71709770,21101885,52,100.000000,1,1,683.770705,1.200000,0.800000,mba,0,,1,1,75603968,81371136,-270336,27865974906880,27917459226624,51354558464,27865975177216,27917459767296,51347709952,-1,-1,-1
2398,2,600,11,16,16,444256.444084,444940.035497,674.234622,0x4051ce,1,92822775,71611209,21211566,54,100.000000,1,1,683.770705,1.200000,0.800000,mba,0,,1,1,75603968,81371136,-450560,27865974636544,27917457514496,51352756224,27865975177216,27917457965056,51341221888,-1,-1,-1
2398,2,600,12,16,16,444256.449664,444939.036480,625.517907,0x4051ce,1,26884902,26478227,406675,56,30.000000,1,1,683.770705,1.200000,0.800000,mba,0,,1,1,9371648,3784704,41811968,7080631500800,7095910711296,15245058048,7080631590912,7095910801408,15244156928,-1,-1,-1
2398,2,600,13,16,16,444256.442593,444939.053682,626.603952,0x4051ce,1,26837781,26590115,247666,58,30.000000,1,1,683.770705,1.200000,0.800000,mba,0,,1,1,9281536,3784704,40460288,7080631500800,7095910801408,15258394624,7080631500800,7095910801408,15256051712,-1,-1,-1
2398,2,600,14,16,16,444256.464167,444935.184471,460.196924,0x4051ce,1,26943629,26616142,327487,60,40.000000,1,1,683.770705,1.200000,0.800000,mba,0,,1,1,0,270336,12255232,212613046272,214919012352,2298306560,212613046272,214919012352,2298396672,-1,-1,-1
2398,2,600,15,16,16,444256.453042,444939.095200,617.832910,0x4051ce,1,26209503,26058146,151357,62,30.000000,1,1,683.770705,1.200000,0.800000,mba,0,,1,1,9281536,3604480,57401344,7080631500800,7095911071744,15117279232,7080631590912,7095911161856,15118630912,-1,-1,-1
2399,3,600,0,16,16,444940.445084,444940.644776,0.199692,0x405218,1,7166,5602,1564,32,20.000000,0,0,0.399274,1.200000,0.800000,mba,0,,0,0,-1,-1,-1,-1,-1,-1,-1,-1,-1,-1,-1,-1
2399,3,600,1,16,16,444940.444047,444940.624882,0.180835,0x405218,1,6445,5011,1434,34,20.000000,0,0,0.399274,1.200000,0.800000,mba,0,,0,0,-1,-1,-1,-1,-1,-1,-1,-1,-1,-1,-1,-1
2399,3,600,2,16,16,444940.442886,444940.619072,0.176186,0x405218,1,5576,4882,694,36,20.000000,0,0,0.399274,1.200000,0.800000,mba,0,,0,0,-1,-1,-1,-1,-1,-1,-1,-1,-1,-1,-1,-1
2399,3,600,3,16,16,444940.442346,444940.606464,0.164118,0x405218,1,6009,4141,1868,38,20.000000,0,0,0.399274,1.200000,0.800000,mba,0,,0,0,-1,-1,-1,-1,-1,-1,-1,-1,-1,-1,-1,-1
2399,3,600,4,16,16,444940.442638,444940.804895,0.362257,0x405218,1,18633,11496,7137,40,100.000000,0,0,0.399274,1.200000,0.800000,mba,0,,0,0,-1,-1,-1,-1,-1,-1,-1,-1,-1,-1,-1,-1
2399,3,600,5,16,16,444940.443033,444940.809568,0.366535,0x405218,1,18344,12768,5576,42,100.000000,0,0,0.399274,1.200000,0.800000,mba,0,,0,0,-1,-1,-1,-1,-1,-1,-1,-1,-1,-1,-1,-1
2399,3,600,6,16,16,444940.442778,444940.812222,0.369444,0x405218,1,18146,15356,2790,44,100.000000,0,0,0.399274,1.200000,0.800000,mba,0,,0,0,-1,-1,-1,-1,-1,-1,-1,-1,-1,-1,-1,-1
2399,3,600,7,16,16,444940.442951,444940.830260,0.387309,0x405218,1,18757,15561,3196,46,100.000000,0,0,0.399274,1.200000,0.800000,mba,0,,0,0,-1,-1,-1,-1,-1,-1,-1,-1,-1,-1,-1,-1
2399,3,600,8,16,16,444940.443348,444940.814528,0.371180,0x405218,1,18766,15525,3241,48,100.000000,0,0,0.399274,1.200000,0.800000,mba,0,,0,0,-1,-1,-1,-1,-1,-1,-1,-1,-1,-1,-1,-1
2399,3,600,9,16,16,444940.443388,444940.821513,0.378125,0x405218,1,17928,15629,2299,18,100.000000,0,0,0.399274,1.200000,0.800000,mba,0,,0,0,-1,-1,-1,-1,-1,-1,-1,-1,-1,-1,-1,-1
2399,3,600,10,16,16,444940.443015,444940.829092,0.386077,0x405218,1,18633,15490,3143,52,100.000000,0,0,0.399274,1.200000,0.800000,mba,0,,0,0,-1,-1,-1,-1,-1,-1,-1,-1,-1,-1,-1,-1
2399,3,600,11,16,16,444940.442878,444940.841010,0.398132,0x405218,1,18734,15272,3462,54,100.000000,0,0,0.399274,1.200000,0.800000,mba,0,,0,0,-1,-1,-1,-1,-1,-1,-1,-1,-1,-1,-1,-1
2399,3,600,12,16,16,444940.441980,444940.616649,0.174669,0x405218,1,5542,4747,795,56,20.000000,0,0,0.399274,1.200000,0.800000,mba,0,,0,0,-1,-1,-1,-1,-1,-1,-1,-1,-1,-1,-1,-1
2399,3,600,13,16,16,444940.442795,444940.629753,0.186958,0x405218,1,5470,4774,696,58,20.000000,0,0,0.399274,1.200000,0.800000,mba,0,,0,0,-1,-1,-1,-1,-1,-1,-1,-1,-1,-1,-1,-1
2399,3,600,14,16,16,444940.441736,444940.608299,0.166563,0x405218,1,5601,4873,728,60,20.000000,0,0,0.399274,1.200000,0.800000,mba,0,,0,0,-1,-1,-1,-1,-1,-1,-1,-1,-1,-1,-1,-1
2399,3,600,15,16,16,444940.441765,444940.614160,0.172395,0x405218,1,5184,4687,497,62,20.000000,0,0,0.399274,1.200000,0.800000,mba,0,,0,0,-1,-1,-1,-1,-1,-1,-1,-1,-1,-1,-1,-1
2400,4,600,0,16,16,444941.755048,444941.796033,0.040985,0x4052e4,1,1745,1333,412,32,100.000000,0,0,0.049072,1.200000,0.800000,mba,0,,0,0,-1,-1,-1,-1,-1,-1,-1,-1,-1,-1,-1,-1
2400,4,600,1,16,16,444941.749795,444941.769338,0.019543,0x4052e4,1,219,164,55,34,20.000000,0,0,0.049072,1.200000,0.800000,mba,0,,0,0,-1,-1,-1,-1,-1,-1,-1,-1,-1,-1,-1,-1
2400,4,600,2,16,16,444941.750303,444941.769641,0.019338,0x4052e4,1,74,21,53,36,20.000000,0,0,0.049072,1.200000,0.800000,mba,0,,0,0,-1,-1,-1,-1,-1,-1,-1,-1,-1,-1,-1,-1
2400,4,600,3,16,16,444941.750280,444941.769537,0.019257,0x4052e4,1,163,106,57,38,20.000000,0,0,0.049072,1.200000,0.800000,mba,0,,0,0,-1,-1,-1,-1,-1,-1,-1,-1,-1,-1,-1,-1
2400,4,600,4,16,16,444941.749573,444941.771991,0.022418,0x4052e4,1,362,287,75,40,20.000000,0,0,0.049072,1.200000,0.800000,mba,0,,0,0,-1,-1,-1,-1,-1,-1,-1,-1,-1,-1,-1,-1
2400,4,600,5,16,16,444941.749405,444941.771298,0.021893,0x4052e4,1,451,382,69,42,20.000000,0,0,0.049072,1.200000,0.800000,mba,0,,0,0,-1,-1,-1,-1,-1,-1,-1,-1,-1,-1,-1,-1
2400,4,600,6,16,16,444941.749557,444941.771143,0.021586,0x4052e4,1,308,250,58,44,20.000000,0,0,0.049072,1.200000,0.800000,mba,0,,0,0,-1,-1,-1,-1,-1,-1,-1,-1,-1,-1,-1,-1
2400,4,600,7,16,16,444941.749568,444941.771707,0.022139,0x4052e4,1,294,232,62,46,20.000000,0,0,0.049072,1.200000,0.800000,mba,0,,0,0,-1,-1,-1,-1,-1,-1,-1,-1,-1,-1,-1,-1
2400,4,600,8,16,16,444941.749704,444941.771440,0.021736,0x4052e4,1,272,210,62,48,20.000000,0,0,0.049072,1.200000,0.800000,mba,0,,0,0,-1,-1,-1,-1,-1,-1,-1,-1,-1,-1,-1,-1
2400,4,600,9,16,16,444941.750223,444941.771922,0.021699,0x4052e4,1,319,262,57,18,20.000000,0,0,0.049072,1.200000,0.800000,mba,0,,0,0,-1,-1,-1,-1,-1,-1,-1,-1,-1,-1,-1,-1
2400,4,600,10,16,16,444941.749064,444941.771676,0.022612,0x4052e4,1,403,352,51,52,20.000000,0,0,0.049072,1.200000,0.800000,mba,0,,0,0,-1,-1,-1,-1,-1,-1,-1,-1,-1,-1,-1,-1
2400,4,600,11,16,16,444941.748635,444941.769877,0.021242,0x4052e4,1,355,303,52,54,20.000000,0,0,0.049072,1.200000,0.800000,mba,0,,0,0,-1,-1,-1,-1,-1,-1,-1,-1,-1,-1,-1,-1
2400,4,600,12,16,16,444941.746961,444941.766352,0.019391,0x4052e4,1,88,56,32,56,20.000000,0,0,0.049072,1.200000,0.800000,mba,0,,0,0,-1,-1,-1,-1,-1,-1,-1,-1,-1,-1,-1,-1
2400,4,600,13,16,16,444941.747382,444941.766550,0.019168,0x4052e4,1,109,64,45,58,20.000000,0,0,0.049072,1.200000,0.800000,mba,0,,0,0,-1,-1,-1,-1,-1,-1,-1,-1,-1,-1,-1,-1
2400,4,600,14,16,16,444941.747248,444941.766421,0.019173,0x4052e4,1,109,55,54,60,20.000000,0,0,0.049072,1.200000,0.800000,mba,0,,0,0,-1,-1,-1,-1,-1,-1,-1,-1,-1,-1,-1,-1
2400,4,600,15,16,16,444941.747273,444941.766086,0.018813,0x4052e4,1,88,45,43,62,20.000000,0,0,0.049072,1.200000,0.800000,mba,0,,0,0,-1,-1,-1,-1,-1,-1,-1,-1,-1,-1,-1,-1
2401,5,600,0,16,16,444941.850330,444941.869349,0.019019,0x40533c,1,30,2,28,32,30.000000,0,0,0.027319,1.200000,0.800000,mba,0,,0,0,-1,-1,-1,-1,-1,-1,-1,-1,-1,-1,-1,-1
2401,5,600,1,16,16,444941.849452,444941.868390,0.018938,0x40533c,1,185,117,68,34,30.000000,0,0,0.027319,1.200000,0.800000,mba,0,,0,0,-1,-1,-1,-1,-1,-1,-1,-1,-1,-1,-1,-1
2401,5,600,2,16,16,444941.848807,444941.867962,0.019155,0x40533c,1,65,44,21,36,30.000000,0,0,0.027319,1.200000,0.800000,mba,0,,0,0,-1,-1,-1,-1,-1,-1,-1,-1,-1,-1,-1,-1
2401,5,600,3,16,16,444941.849393,444941.868141,0.018748,0x40533c,1,88,50,38,38,30.000000,0,0,0.027319,1.200000,0.800000,mba,0,,0,0,-1,-1,-1,-1,-1,-1,-1,-1,-1,-1,-1,-1
2401,5,600,4,16,16,444941.849896,444941.874265,0.024369,0x40533c,1,636,429,207,40,80.000000,0,0,0.027319,1.200000,0.800000,mba,0,,0,0,-1,-1,-1,-1,-1,-1,-1,-1,-1,-1,-1,-1
2401,5,600,5,16,16,444941.850294,444941.875704,0.025410,0x40533c,1,566,346,220,42,80.000000,0,0,0.027319,1.200000,0.800000,mba,0,,0,0,-1,-1,-1,-1,-1,-1,-1,-1,-1,-1,-1,-1
2401,5,600,6,16,16,444941.849958,444941.874708,0.024750,0x40533c,1,721,484,237,44,80.000000,0,0,0.027319,1.200000,0.800000,mba,0,,0,0,-1,-1,-1,-1,-1,-1,-1,-1,-1,-1,-1,-1
2401,5,600,7,16,16,444941.849612,444941.874966,0.025354,0x40533c,1,727,553,174,46,80.000000,0,0,0.027319,1.200000,0.800000,mba,0,,0,0,-1,-1,-1,-1,-1,-1,-1,-1,-1,-1,-1,-1
2401,5,600,8,16,16,444941.849678,444941.875280,0.025602,0x40533c,1,636,382,254,48,80.000000,0,0,0.027319,1.200000,0.800000,mba,0,,0,0,-1,-1,-1,-1,-1,-1,-1,-1,-1,-1,-1,-1
2401,5,600,9,16,16,444941.849432,444941.874841,0.025409,0x40533c,1,620,317,303,18,100.000000,0,0,0.027319,1.200000,0.800000,mba,0,,0,0,-1,-1,-1,-1,-1,-1,-1,-1,-1,-1,-1,-1
2401,5,600,10,16,16,444941.850130,444941.875202,0.025072,0x40533c,1,823,445,378,52,80.000000,0,0,0.027319,1.200000,0.800000,mba,0,,0,0,-1,-1,-1,-1,-1,-1,-1,-1,-1,-1,-1,-1
2401,5,600,11,16,16,444941.850073,444941.874521,0.024448,0x40533c,1,768,382,386,54,80.000000,0,0,0.027319,1.200000,0.800000,mba,0,,0,0,-1,-1,-1,-1,-1,-1,-1,-1,-1,-1,-1,-1
2401,5,600,12,16,16,444941.849059,444941.867955,0.018896,0x40533c,1,78,50,28,56,30.000000,0,0,0.027319,1.200000,0.800000,mba,0,,0,0,-1,-1,-1,-1,-1,-1,-1,-1,-1,-1,-1,-1
2401,5,600,13,16,16,444941.850272,444941.869042,0.018770,0x40533c,1,79,8,71,58,30.000000,0,0,0.027319,1.200000,0.800000,mba,0,,0,0,-1,-1,-1,-1,-1,-1,-1,-1,-1,-1,-1,-1
2401,5,600,14,16,16,444941.849216,444941.868363,0.019147,0x40533c,1,113,71,42,60,30.000000,0,0,0.027319,1.200000,0.800000,mba,0,,0,0,-1,-1,-1,-1,-1,-1,-1,-1,-1,-1,-1,-1
2401,5,600,15,16,16,444941.848385,444941.867090,0.018705,0x40533c,1,94,75,19,62,40.000000,0,0,0.027319,1.200000,0.800000,mba,0,,0,0,-1,-1,-1,-1,-1,-1,-1,-1,-1,-1,-1,-1
2798,2,700,0,16,16,511009.820882,511707.374077,432.115779,0x4051ce,1,26143323,22303609,3839714,32,40.000000,1,1,703.154942,1.200000,0.800000,mba,0,,1,1,1081344,1351680,214736896,442999332864,460327329792,16348569600,442999513088,460327510016,16349290496,-1,-1,-1
2798,2,700,1,16,16,511009.655479,511707.524121,458.394856,0x4051ce,1,26624818,25375186,1249632,34,40.000000,1,1,703.154942,1.200000,0.800000,mba,0,,1,1,450560,1351680,174546944,442993836032,460332285952,17189675008,442993836032,460332466176,17189134336,-1,-1,-1
2798,2,700,2,16,16,511009.430098,511707.671685,466.190544,0x4051ce,1,26389081,25972275,416806,36,40.000000,1,1,703.154942,1.200000,0.800000,mba,0,,1,1,180224,1351680,153550848,442990411776,460334538752,17308893184,442990411776,460334538752,17304657920,-1,-1,-1
2798,2,700,3,16,16,511009.417132,511707.568814,460.270167,0x4051ce,1,26310578,25481804,828774,38,40.000000,1,1,703.154942,1.200000,0.800000,mba,0,,1,1,180224,1351680,175087616,442990051328,460333277184,17231216640,442990051328,460333367296,17230766080,-1,-1,-1
2798,2,700,4,16,16,511010.030321,511711.828569,644.597702,0x4051ce,1,87310966,67903788,19407178,40,100.000000,1,1,703.154942,1.200000,0.800000,mba,0,,1,1,73351168,83443712,4325376,32855980523520,32904551522304,47524528128,32855980883968,32904551702528,47515607040,-1,-1,-1
2798,2,700,5,16,16,511010.024213,511712.459435,694.483736,0x4051ce,1,86612778,66284907,20327871,42,100.000000,1,1,703.154942,1.200000,0.800000,mba,0,,1,1,73351168,83714048,4595712,32855980163072,32904569995264,48516931584,32855980433408,32904569995264,48500981760,-1,-1,-1
2798,2,700,6,16,16,511010.015525,511711.288210,621.664189,0x4051ce,1,82653168,64695124,17958044,44,100.000000,1,1,703.154942,1.200000,0.800000,mba,0,,1,1,73351168,82272256,-2433024,32855979892736,32904514936832,45968113664,32855980343296,32904515747840,45963427840,-1,-1,-1
2798,2,700,7,16,16,511010.164448,511711.828149,648.187170,0x4051ce,1,87408346,68274539,19133807,46,100.000000,1,1,703.154942,1.200000,0.800000,mba,0,,1,1,73441280,83353600,2162688,32855989624832,32904551342080,47667175424,32855990165504,32904551702528,47657263104,-1,-1,-1
2798,2,700,8,16,16,511009.335304,511711.662574,644.685507,0x4051ce,1,87400380,68506238,18894142,48,100.000000,1,1,703.154942,1.200000,0.800000,mba,0,,1,1,74522624,83263488,-720896,32855953039360,32904544313344,47503892480,32855953039360,32904544403456,47504793600,-1,-1,-1
2798,2,700,9,16,16,511009.611764,511711.399711,633.766259,0x4051ce,1,82388447,64863168,17525279,50,100.000000,1,1,703.154942,1.200000,0.800000,mba,0,,1,1,74252288,82812928,-1802240,32855960698880,32904524488704,46552940544,32855960788992,32904525029376,46542487552,-1,-1,-1
2798,2,700,10,16,16,511009.323784,511712.309334,677.194588,0x4051ce,1,86892292,67356251,19536041,52,100.000000,1,1,703.154942,1.200000,0.800000,mba,0,,1,1,74612736,83443712,1171456,32855953039360,32904567201792,48315711488,32855953039360,32904567201792,48299401216,-1,-1,-1
2798,2,700,11,16,16,511009.628072,511711.647003,645.236918,0x4051ce,1,87349836,68025141,19324695,54,100.000000,1,1,703.154942,1.200000,0.800000,mba,0,,1,1,74072064,83083264,-1531904,32855961149440,32904543502336,47521824768,32855961509888,32904543952896,47513354240,-1,-1,-1
2798,2,700,12,16,16,511009.304493,511707.669557,464.046614,0x4051ce,1,26929976,26514396,415580,56,40.000000,1,1,703.154942,1.200000,0.800000,mba,0,,1,1,180224,1351680,167067648,442989060096,460334538752,17294024704,442989060096,460334538752,17292943360,-1,-1,-1
2798,2,700,13,16,16,511009.605884,511707.682971,464.394220,0x4051ce,1,26877849,26546685,331164,58,40.000000,1,1,703.154942,1.200000,0.800000,mba,0,,1,1,360448,1351680,163553280,442992574464,460334538752,17304748032,442992754688,460334628864,17300873216,-1,-1,-1
2798,2,700,14,16,16,511010.147191,511707.734012,465.575619,0x4051ce,1,26944522,26630694,313828,60,40.000000,1,1,703.154942,1.200000,0.800000,mba,0,,1,1,1441792,1351680,154091520,443009515520,460334809088,17297899520,443009785856,460334809088,17293574144,-1,-1,-1
2798,2,700,15,16,16,511009.345910,511707.637486,455.864567,0x4051ce,1,26247692,26008154,239538,62,40.000000,1,1,703.154942,1.200000,0.800000,mba,0,,1,1,180224,1351680,189685760,442989150208,460334088192,17088839680,442989150208,460334088192,17089560576,-1,-1,-1
2799,3,700,0,16,16,511712.644310,511712.827525,0.183215,0x405218,1,7245,5809,1436,32,20.000000,0,0,0.413018,1.200000,0.800000,mba,0,,0,0,-1,-1,-1,-1,-1,-1,-1,-1,-1,-1,-1,-1
2799,3,700,1,16,16,511712.641916,511712.827781,0.185865,0x405218,1,6163,4774,1389,34,20.000000,0,0,0.413018,1.200000,0.800000,mba,0,,0,0,-1,-1,-1,-1,-1,-1,-1,-1,-1,-1,-1,-1
2799,3,700,2,16,16,511712.642581,511712.814138,0.171557,0x405218,1,5476,4833,643,36,20.000000,0,0,0.413018,1.200000,0.800000,mba,0,,0,0,-1,-1,-1,-1,-1,-1,-1,-1,-1,-1,-1,-1
2799,3,700,3,16,16,511712.643244,511712.815155,0.171911,0x405218,1,5946,4221,1725,38,20.000000,0,0,0.413018,1.200000,0.800000,mba,0,,0,0,-1,-1,-1,-1,-1,-1,-1,-1,-1,-1,-1,-1
2799,3,700,4,16,16,511712.642354,511712.997142,0.354788,0x405218,1,17776,11300,6476,40,100.000000,0,0,0.413018,1.200000,0.800000,mba,0,,0,0,-1,-1,-1,-1,-1,-1,-1,-1,-1,-1,-1,-1
2799,3,700,5,16,16,511712.643354,511712.986958,0.343604,0x405218,1,17598,11659,5939,42,100.000000,0,0,0.413018,1.200000,0.800000,mba,0,,0,0,-1,-1,-1,-1,-1,-1,-1,-1,-1,-1,-1,-1
2799,3,700,6,16,16,511712.643576,511713.009607,0.366031,0x405218,1,17354,14864,2490,44,100.000000,0,0,0.413018,1.200000,0.800000,mba,0,,0,0,-1,-1,-1,-1,-1,-1,-1,-1,-1,-1,-1,-1
2799,3,700,7,16,16,511712.643592,511713.026462,0.382870,0x405218,1,17958,15116,2842,46,100.000000,0,0,0.413018,1.200000,0.800000,mba,0,,0,0,-1,-1,-1,-1,-1,-1,-1,-1,-1,-1,-1,-1
2799,3,700,8,16,16,511712.642937,511713.006370,0.363433,0x405218,1,17983,15130,2853,48,100.000000,0,0,0.413018,1.200000,0.800000,mba,0,,0,0,-1,-1,-1,-1,-1,-1,-1,-1,-1,-1,-1,-1
2799,3,700,9,16,16,511712.642580,511713.010332,0.367752,0x405218,1,17146,14764,2382,50,100.000000,0,0,0.413018,1.200000,0.800000,mba,0,,0,0,-1,-1,-1,-1,-1,-1,-1,-1,-1,-1,-1,-1
2799,3,700,10,16,16,511712.642379,511713.054934,0.412555,0x405218,1,16975,13198,3777,52,100.000000,0,0,0.413018,1.200000,0.800000,mba,0,,0,0,-1,-1,-1,-1,-1,-1,-1,-1,-1,-1,-1,-1
2799,3,700,11,16,16,511712.642363,511713.028142,0.385779,0x405218,1,17902,14810,3092,54,100.000000,0,0,0.413018,1.200000,0.800000,mba,0,,0,0,-1,-1,-1,-1,-1,-1,-1,-1,-1,-1,-1,-1
2799,3,700,12,16,16,511712.642111,511712.818470,0.176359,0x405218,1,5589,4740,849,56,20.000000,0,0,0.413018,1.200000,0.800000,mba,0,,0,0,-1,-1,-1,-1,-1,-1,-1,-1,-1,-1,-1,-1
2799,3,700,13,16,16,511712.642519,511712.821105,0.178586,0x405218,1,5364,4628,736,58,20.000000,0,0,0.413018,1.200000,0.800000,mba,0,,0,0,-1,-1,-1,-1,-1,-1,-1,-1,-1,-1,-1,-1
2799,3,700,14,16,16,511712.642533,511712.815104,0.172571,0x405218,1,5505,4816,689,60,20.000000,0,0,0.413018,1.200000,0.800000,mba,0,,0,0,-1,-1,-1,-1,-1,-1,-1,-1,-1,-1,-1,-1
2799,3,700,15,16,16,511712.642171,511712.807123,0.164952,0x405218,1,5169,4690,479,62,20.000000,0,0,0.413018,1.200000,0.800000,mba,0,,0,0,-1,-1,-1,-1,-1,-1,-1,-1,-1,-1,-1,-1
2800,4,700,0,16,16,511713.709706,511713.744917,0.035211,0x4052e4,1,1800,1436,364,32,100.000000,0,0,0.042325,1.200000,0.800000,mba,0,,0,0,-1,-1,-1,-1,-1,-1,-1,-1,-1,-1,-1,-1
2800,4,700,1,16,16,511713.705027,511713.726303,0.021276,0x4052e4,1,104,57,47,34,20.000000,0,0,0.042325,1.200000,0.800000,mba,0,,0,0,-1,-1,-1,-1,-1,-1,-1,-1,-1,-1,-1,-1
2800,4,700,2,16,16,511713.704395,511713.724992,0.020597,0x4052e4,1,58,19,39,36,20.000000,0,0,0.042325,1.200000,0.800000,mba,0,,0,0,-1,-1,-1,-1,-1,-1,-1,-1,-1,-1,-1,-1
2800,4,700,3,16,16,511713.704067,511713.724800,0.020733,0x4052e4,1,50,17,33,38,20.000000,0,0,0.042325,1.200000,0.800000,mba,0,,0,0,-1,-1,-1,-1,-1,-1,-1,-1,-1,-1,-1,-1
2800,4,700,4,16,16,511713.705096,511713.728734,0.023638,0x4052e4,1,283,224,59,40,20.000000,0,0,0.042325,1.200000,0.800000,mba,0,,0,0,-1,-1,-1,-1,-1,-1,-1,-1,-1,-1,-1,-1
2800,4,700,5,16,16,511713.705045,511713.729301,0.024256,0x4052e4,1,288,220,68,42,20.000000,0,0,0.042325,1.200000,0.800000,mba,0,,0,0,-1,-1,-1,-1,-1,-1,-1,-1,-1,-1,-1,-1
2800,4,700,6,16,16,511713.705118,511713.728664,0.023546,0x4052e4,1,276,232,44,44,20.000000,0,0,0.042325,1.200000,0.800000,mba,0,,0,0,-1,-1,-1,-1,-1,-1,-1,-1,-1,-1,-1,-1
2800,4,700,7,16,16,511713.705531,511713.729570,0.024039,0x4052e4,1,297,234,63,46,20.000000,0,0,0.042325,1.200000,0.800000,mba,0,,0,0,-1,-1,-1,-1,-1,-1,-1,-1,-1,-1,-1,-1
2800,4,700,8,16,16,511713.704584,511713.727930,0.023346,0x4052e4,1,294,234,60,48,20.000000,0,0,0.042325,1.200000,0.800000,mba,0,,0,0,-1,-1,-1,-1,-1,-1,-1,-1,-1,-1,-1,-1
2800,4,700,9,16,16,511713.704491,511713.728409,0.023918,0x4052e4,1,281,225,56,50,20.000000,0,0,0.042325,1.200000,0.800000,mba,0,,0,0,-1,-1,-1,-1,-1,-1,-1,-1,-1,-1,-1,-1
2800,4,700,10,16,16,511713.703859,511713.728551,0.024692,0x4052e4,1,125,92,33,52,20.000000,0,0,0.042325,1.200000,0.800000,mba,0,,0,0,-1,-1,-1,-1,-1,-1,-1,-1,-1,-1,-1,-1
2800,4,700,11,16,16,511713.703667,511713.726870,0.023203,0x4052e4,1,349,310,39,54,20.000000,0,0,0.042325,1.200000,0.800000,mba,0,,0,0,-1,-1,-1,-1,-1,-1,-1,-1,-1,-1,-1,-1
2800,4,700,12,16,16,511713.703079,511713.723413,0.020334,0x4052e4,1,100,49,51,56,20.000000,0,0,0.042325,1.200000,0.800000,mba,0,,0,0,-1,-1,-1,-1,-1,-1,-1,-1,-1,-1,-1,-1
2800,4,700,13,16,16,511713.705029,511713.725696,0.020667,0x4052e4,1,117,61,56,58,20.000000,0,0,0.042325,1.200000,0.800000,mba,0,,0,0,-1,-1,-1,-1,-1,-1,-1,-1,-1,-1,-1,-1
2800,4,700,14,16,16,511713.702592,511713.723158,0.020566,0x4052e4,1,76,47,29,60,20.000000,0,0,0.042325,1.200000,0.800000,mba,0,,0,0,-1,-1,-1,-1,-1,-1,-1,-1,-1,-1,-1,-1
2800,4,700,15,16,16,511713.703095,511713.723275,0.020180,0x4052e4,1,87,43,44,62,20.000000,0,0,0.042325,1.200000,0.800000,mba,0,,0,0,-1,-1,-1,-1,-1,-1,-1,-1,-1,-1,-1,-1
2801,5,700,0,16,16,511713.800284,511713.820492,0.020208,0x40533c,1,19,0,19,32,30.000000,0,0,0.029847,1.200000,0.800000,mba,0,,0,0,-1,-1,-1,-1,-1,-1,-1,-1,-1,-1,-1,-1
2801,5,700,1,16,16,511713.800721,511713.821350,0.020629,0x40533c,1,92,51,41,34,30.000000,0,0,0.029847,1.200000,0.800000,mba,0,,0,0,-1,-1,-1,-1,-1,-1,-1,-1,-1,-1,-1,-1
2801,5,700,2,16,16,511713.799466,511713.819651,0.020185,0x40533c,1,88,58,30,36,30.000000,0,0,0.029847,1.200000,0.800000,mba,0,,0,0,-1,-1,-1,-1,-1,-1,-1,-1,-1,-1,-1,-1
2801,5,700,3,16,16,511713.799543,511713.820178,0.020635,0x40533c,1,74,34,40,38,30.000000,0,0,0.029847,1.200000,0.800000,mba,0,,0,0,-1,-1,-1,-1,-1,-1,-1,-1,-1,-1,-1,-1
2801,5,700,4,16,16,511713.800814,511713.826490,0.025676,0x40533c,1,658,452,206,40,80.000000,0,0,0.029847,1.200000,0.800000,mba,0,,0,0,-1,-1,-1,-1,-1,-1,-1,-1,-1,-1,-1,-1
2801,5,700,5,16,16,511713.799757,511713.827915,0.028158,0x40533c,1,576,375,201,42,80.000000,0,0,0.029847,1.200000,0.800000,mba,0,,0,0,-1,-1,-1,-1,-1,-1,-1,-1,-1,-1,-1,-1
2801,5,700,6,16,16,511713.800634,511713.827022,0.026388,0x40533c,1,633,437,196,44,80.000000,0,0,0.029847,1.200000,0.800000,mba,0,,0,0,-1,-1,-1,-1,-1,-1,-1,-1,-1,-1,-1,-1
2801,5,700,7,16,16,511713.799775,511713.828397,0.028622,0x40533c,1,781,579,202,46,80.000000,0,0,0.029847,1.200000,0.800000,mba,0,,0,0,-1,-1,-1,-1,-1,-1,-1,-1,-1,-1,-1,-1
2801,5,700,8,16,16,511713.800450,511713.827521,0.027071,0x40533c,1,471,285,186,48,80.000000,0,0,0.029847,1.200000,0.800000,mba,0,,0,0,-1,-1,-1,-1,-1,-1,-1,-1,-1,-1,-1,-1
2801,5,700,9,16,16,511713.799329,511713.827179,0.027850,0x40533c,1,593,367,226,50,100.000000,0,0,0.029847,1.200000,0.800000,mba,0,,0,0,-1,-1,-1,-1,-1,-1,-1,-1,-1,-1,-1,-1
2801,5,700,10,16,16,511713.800716,511713.828142,0.027426,0x40533c,1,254,160,94,52,80.000000,0,0,0.029847,1.200000,0.800000,mba,0,,0,0,-1,-1,-1,-1,-1,-1,-1,-1,-1,-1,-1,-1
2801,5,700,11,16,16,511713.798550,511713.824151,0.025601,0x40533c,1,713,391,322,54,80.000000,0,0,0.029847,1.200000,0.800000,mba,0,,0,0,-1,-1,-1,-1,-1,-1,-1,-1,-1,-1,-1,-1
2801,5,700,12,16,16,511713.799120,511713.819543,0.020423,0x40533c,1,99,70,29,56,30.000000,0,0,0.029847,1.200000,0.800000,mba,0,,0,0,-1,-1,-1,-1,-1,-1,-1,-1,-1,-1,-1,-1
2801,5,700,13,16,16,511713.799500,511713.819843,0.020343,0x40533c,1,89,51,38,58,30.000000,0,0,0.029847,1.200000,0.800000,mba,0,,0,0,-1,-1,-1,-1,-1,-1,-1,-1,-1,-1,-1,-1
2801,5,700,14,16,16,511713.799393,511713.819467,0.020074,0x40533c,1,64,24,40,60,30.000000,0,0,0.029847,1.200000,0.800000,mba,0,,0,0,-1,-1,-1,-1,-1,-1,-1,-1,-1,-1,-1,-1
2801,5,700,15,16,16,511713.798746,511713.818924,0.020178,0x40533c,1,84,58,26,62,40.000000,0,0,0.029847,1.200000,0.800000,mba,0,,0,0,-1,-1,-1,-1,-1,-1,-1,-1,-1,-1,-1,-1
