parallel_id,region_id,region_exec,thread_id,team_size,requested_threads,start_ms,end_ms,elapsed_ms,codeptr,pmu_valid,pmu_llc_references,pmu_llc_misses,pmu_llc_hits,cpu_id,target_mb_percent,resource_applied,resctrl_enabled,region_wall_ms,resctrl_enable_ms,resctrl_disable_ms,resource_kind,target_l3_ways,target_l3_mask,mon_valid,mon_l3_domains,mon_start_llc_occupancy_bytes,mon_end_llc_occupancy_bytes,mon_llc_occupancy_delta_bytes,mon_start_mbm_total_bytes,mon_end_mbm_total_bytes,mon_mbm_total_delta_bytes,mon_start_mbm_local_bytes,mon_end_mbm_local_bytes,mon_mbm_local_delta_bytes,mon_start_mbm_remote_bytes,mon_end_mbm_remote_bytes,mon_mbm_remote_delta_bytes
1,1,1,0,16,16,2417.468637,2421.855292,4.386655,0x404957,1,74791,73761,1030,32,100.000000,0,0,7.874973,1.200000,0.800000,mba,0,,0,0,-1,-1,-1,-1,-1,-1,-1,-1,-1,-1,-1,-1
1,1,1,1,16,16,2417.588178,2425.314786,7.726608,0x404957,1,75076,73805,1271,34,100.000000,0,0,7.874973,1.200000,0.800000,mba,0,,0,0,-1,-1,-1,-1,-1,-1,-1,-1,-1,-1,-1,-1
1,1,1,2,16,16,2417.551204,2422.055843,4.504639,0x404957,1,75379,74228,1151,4,100.000000,0,0,7.874973,1.200000,0.800000,mba,0,,0,0,-1,-1,-1,-1,-1,-1,-1,-1,-1,-1,-1,-1
1,1,1,3,16,16,2417.506434,2421.842771,4.336337,0x404957,1,75833,74401,1432,38,100.000000,0,0,7.874973,1.200000,0.800000,mba,0,,0,0,-1,-1,-1,-1,-1,-1,-1,-1,-1,-1,-1,-1
1,1,1,4,16,16,2417.584369,2425.343610,7.759241,0x404957,1,74985,73781,1204,40,100.000000,0,0,7.874973,1.200000,0.800000,mba,0,,0,0,-1,-1,-1,-1,-1,-1,-1,-1,-1,-1,-1,-1
1,1,1,5,16,16,2417.622468,2422.844560,5.222092,0x404957,1,75455,74224,1231,42,100.000000,0,0,7.874973,1.200000,0.800000,mba,0,,0,0,-1,-1,-1,-1,-1,-1,-1,-1,-1,-1,-1,-1
1,1,1,6,16,16,2417.833709,2423.126239,5.292530,0x404957,1,75317,74160,1157,44,100.000000,0,0,7.874973,1.200000,0.800000,mba,0,,0,0,-1,-1,-1,-1,-1,-1,-1,-1,-1,-1,-1,-1
1,1,1,7,16,16,2417.795720,2423.127277,5.331557,0x404957,1,75414,74182,1232,46,100.000000,0,0,7.874973,1.200000,0.800000,mba,0,,0,0,-1,-1,-1,-1,-1,-1,-1,-1,-1,-1,-1,-1
1,1,1,8,16,16,2417.583276,2423.513593,5.930317,0x404957,1,75326,74195,1131,16,100.000000,0,0,7.874973,1.200000,0.800000,mba,0,,0,0,-1,-1,-1,-1,-1,-1,-1,-1,-1,-1,-1,-1
1,1,1,9,16,16,2417.841837,2423.652971,5.811134,0x404957,1,75349,74197,1152,50,100.000000,0,0,7.874973,1.200000,0.800000,mba,0,,0,0,-1,-1,-1,-1,-1,-1,-1,-1,-1,-1,-1,-1
1,1,1,10,16,16,2418.254796,2423.973298,5.718502,0x404957,1,75266,74099,1167,20,100.000000,0,0,7.874973,1.200000,0.800000,mba,0,,0,0,-1,-1,-1,-1,-1,-1,-1,-1,-1,-1,-1,-1
1,1,1,11,16,16,2418.208452,2423.080434,4.871982,0x404957,1,75316,74109,1207,54,100.000000,0,0,7.874973,1.200000,0.800000,mba,0,,0,0,-1,-1,-1,-1,-1,-1,-1,-1,-1,-1,-1,-1
1,1,1,12,16,16,2418.283470,2423.894159,5.610689,0x404957,1,75238,73983,1255,56,100.000000,0,0,7.874973,1.200000,0.800000,mba,0,,0,0,-1,-1,-1,-1,-1,-1,-1,-1,-1,-1,-1,-1
1,1,1,13,16,16,2418.371885,2423.292745,4.920860,0x404957,1,75378,74149,1229,58,100.000000,0,0,7.874973,1.200000,0.800000,mba,0,,0,0,-1,-1,-1,-1,-1,-1,-1,-1,-1,-1,-1,-1
1,1,1,14,16,16,2418.221593,2423.222487,5.000894,0x404957,1,75409,74200,1209,60,100.000000,0,0,7.874973,1.200000,0.800000,mba,0,,0,0,-1,-1,-1,-1,-1,-1,-1,-1,-1,-1,-1,-1
1,1,1,15,16,16,2418.296634,2423.130559,4.833925,0x404957,1,75392,72692,2700,30,100.000000,0,0,7.874973,1.200000,0.800000,mba,0,,0,0,-1,-1,-1,-1,-1,-1,-1,-1,-1,-1,-1,-1
2,2,1,0,16,16,2438.468046,2509.903414,50.903674,0x4051ce,1,6679474,2865459,3814015,32,100.000000,0,0,71.587631,1.200000,0.800000,mba,0,,0,0,-1,-1,-1,-1,-1,-1,-1,-1,-1,-1,-1,-1
2,2,1,1,16,16,2438.462182,2509.888522,52.091953,0x4051ce,1,7809765,3331851,4477914,34,100.000000,0,0,71.587631,1.200000,0.800000,mba,0,,0,0,-1,-1,-1,-1,-1,-1,-1,-1,-1,-1,-1,-1
2,2,1,2,16,16,2438.462186,2510.010132,68.702808,0x4051ce,1,7702423,6700253,1002170,4,100.000000,0,0,71.587631,1.200000,0.800000,mba,0,,0,0,-1,-1,-1,-1,-1,-1,-1,-1,-1,-1,-1,-1
2,2,1,3,16,16,2438.461433,2510.048596,71.044739,0x4051ce,1,7691503,7117393,574110,38,100.000000,0,0,71.587631,1.200000,0.800000,mba,0,,0,0,-1,-1,-1,-1,-1,-1,-1,-1,-1,-1,-1,-1
2,2,1,4,16,16,2438.462408,2510.045933,70.554521,0x4051ce,1,7675792,7108821,566971,40,100.000000,0,0,71.587631,1.200000,0.800000,mba,0,,0,0,-1,-1,-1,-1,-1,-1,-1,-1,-1,-1,-1,-1
2,2,1,5,16,16,2438.462510,2510.037469,71.003017,0x4051ce,1,7688861,7093263,595598,42,100.000000,0,0,71.587631,1.200000,0.800000,mba,0,,0,0,-1,-1,-1,-1,-1,-1,-1,-1,-1,-1,-1,-1
2,2,1,6,16,16,2438.462347,2510.026764,70.462214,0x4051ce,1,7727753,6953270,774483,44,100.000000,0,0,71.587631,1.200000,0.800000,mba,0,,0,0,-1,-1,-1,-1,-1,-1,-1,-1,-1,-1,-1,-1
2,2,1,7,16,16,2438.460965,2510.005679,70.604692,0x4051ce,1,7721296,6700856,1020440,46,100.000000,0,0,71.587631,1.200000,0.800000,mba,0,,0,0,-1,-1,-1,-1,-1,-1,-1,-1,-1,-1,-1,-1
2,2,1,8,16,16,2438.461873,2509.986163,69.933098,0x4051ce,1,7708483,6707404,1001079,16,100.000000,0,0,71.587631,1.200000,0.800000,mba,0,,0,0,-1,-1,-1,-1,-1,-1,-1,-1,-1,-1,-1,-1
2,2,1,9,16,16,2438.461239,2509.981566,69.278941,0x4051ce,1,7702797,6668521,1034276,50,100.000000,0,0,71.587631,1.200000,0.800000,mba,0,,0,0,-1,-1,-1,-1,-1,-1,-1,-1,-1,-1,-1,-1
2,2,1,10,16,16,2438.467962,2510.001104,69.837540,0x4051ce,1,7721248,6695827,1025421,20,100.000000,0,0,71.587631,1.200000,0.800000,mba,0,,0,0,-1,-1,-1,-1,-1,-1,-1,-1,-1,-1,-1,-1
2,2,1,11,16,16,2438.462051,2509.976059,69.495257,0x4051ce,1,7728022,6674799,1053223,54,100.000000,0,0,71.587631,1.200000,0.800000,mba,0,,0,0,-1,-1,-1,-1,-1,-1,-1,-1,-1,-1,-1,-1
2,2,1,12,16,16,2438.461859,2510.000259,69.079403,0x4051ce,1,7728352,6692194,1036158,56,100.000000,0,0,71.587631,1.200000,0.800000,mba,0,,0,0,-1,-1,-1,-1,-1,-1,-1,-1,-1,-1,-1,-1
2,2,1,13,16,16,2438.461769,2510.007636,70.812114,0x4051ce,1,7719103,6719507,999596,58,100.000000,0,0,71.587631,1.200000,0.800000,mba,0,,0,0,-1,-1,-1,-1,-1,-1,-1,-1,-1,-1,-1,-1
2,2,1,14,16,16,2438.461684,2509.984459,70.341316,0x4051ce,1,7709873,6658768,1051105,60,100.000000,0,0,71.587631,1.200000,0.800000,mba,0,,0,0,-1,-1,-1,-1,-1,-1,-1,-1,-1,-1,-1,-1
2,2,1,15,16,16,2438.463092,2509.788719,52.481736,0x4051ce,1,7837162,2853607,4983555,30,100.000000,0,0,71.587631,1.200000,0.800000,mba,0,,0,0,-1,-1,-1,-1,-1,-1,-1,-1,-1,-1,-1,-1
3,3,1,0,16,16,2510.144298,2510.248085,0.103787,0x405218,1,6386,1727,4659,32,100.000000,0,0,0.213462,1.200000,0.800000,mba,0,,0,0,-1,-1,-1,-1,-1,-1,-1,-1,-1,-1,-1,-1
3,3,1,1,16,16,2510.143409,2510.255218,0.111809,0x405218,1,6441,1679,4762,34,100.000000,0,0,0.213462,1.200000,0.800000,mba,0,,0,0,-1,-1,-1,-1,-1,-1,-1,-1,-1,-1,-1,-1
3,3,1,2,16,16,2510.143132,2510.272543,0.129411,0x405218,1,5442,2882,2560,4,100.000000,0,0,0.213462,1.200000,0.800000,mba,0,,0,0,-1,-1,-1,-1,-1,-1,-1,-1,-1,-1,-1,-1
3,3,1,3,16,16,2510.143202,2510.287645,0.144443,0x405218,1,5071,3655,1416,38,100.000000,0,0,0.213462,1.200000,0.800000,mba,0,,0,0,-1,-1,-1,-1,-1,-1,-1,-1,-1,-1,-1,-1
3,3,1,4,16,16,2510.142946,2510.280702,0.137756,0x405218,1,4720,2781,1939,40,100.000000,0,0,0.213462,1.200000,0.800000,mba,0,,0,0,-1,-1,-1,-1,-1,-1,-1,-1,-1,-1,-1,-1
3,3,1,5,16,16,2510.184002,2510.356033,0.172031,0x405218,1,4737,3623,1114,42,100.000000,0,0,0.213462,1.200000,0.800000,mba,0,,0,0,-1,-1,-1,-1,-1,-1,-1,-1,-1,-1,-1,-1
3,3,1,6,16,16,2510.142571,2510.293588,0.151017,0x405218,1,5355,3925,1430,44,100.000000,0,0,0.213462,1.200000,0.800000,mba,0,,0,0,-1,-1,-1,-1,-1,-1,-1,-1,-1,-1,-1,-1
3,3,1,7,16,16,2510.143312,2510.290263,0.146951,0x405218,1,5635,3829,1806,46,100.000000,0,0,0.213462,1.200000,0.800000,mba,0,,0,0,-1,-1,-1,-1,-1,-1,-1,-1,-1,-1,-1,-1
3,3,1,8,16,16,2510.142816,2510.295929,0.153113,0x405218,1,5497,4048,1449,16,100.000000,0,0,0.213462,1.200000,0.800000,mba,0,,0,0,-1,-1,-1,-1,-1,-1,-1,-1,-1,-1,-1,-1
3,3,1,9,16,16,2510.143369,2510.279313,0.135944,0x405218,1,5328,3670,1658,50,100.000000,0,0,0.213462,1.200000,0.800000,mba,0,,0,0,-1,-1,-1,-1,-1,-1,-1,-1,-1,-1,-1,-1
3,3,1,10,16,16,2510.143683,2510.321861,0.178178,0x405218,1,5290,3426,1864,20,100.000000,0,0,0.213462,1.200000,0.800000,mba,0,,0,0,-1,-1,-1,-1,-1,-1,-1,-1,-1,-1,-1,-1
3,3,1,11,16,16,2510.142716,2510.277504,0.134788,0x405218,1,5409,3622,1787,54,100.000000,0,0,0.213462,1.200000,0.800000,mba,0,,0,0,-1,-1,-1,-1,-1,-1,-1,-1,-1,-1,-1,-1
3,3,1,12,16,16,2510.143185,2510.289446,0.146261,0x405218,1,5444,3789,1655,56,100.000000,0,0,0.213462,1.200000,0.800000,mba,0,,0,0,-1,-1,-1,-1,-1,-1,-1,-1,-1,-1,-1,-1
3,3,1,13,16,16,2510.142772,2510.291233,0.148461,0x405218,1,5539,3918,1621,58,100.000000,0,0,0.213462,1.200000,0.800000,mba,0,,0,0,-1,-1,-1,-1,-1,-1,-1,-1,-1,-1,-1,-1
3,3,1,14,16,16,2510.143428,2510.289000,0.145572,0x405218,1,5636,3659,1977,60,100.000000,0,0,0.213462,1.200000,0.800000,mba,0,,0,0,-1,-1,-1,-1,-1,-1,-1,-1,-1,-1,-1,-1
3,3,1,15,16,16,2510.143360,2510.257924,0.114564,0x405218,1,6389,1963,4426,30,100.000000,0,0,0.213462,1.200000,0.800000,mba,0,,0,0,-1,-1,-1,-1,-1,-1,-1,-1,-1,-1,-1,-1
4,4,1,0,16,16,2510.557421,2510.585129,0.027708,0x4052e4,1,1684,455,1229,32,100.000000,0,0,0.030869,1.200000,0.800000,mba,0,,0,0,-1,-1,-1,-1,-1,-1,-1,-1,-1,-1,-1,-1
4,4,1,1,16,16,2510.557083,2510.579923,0.022840,0x4052e4,1,286,159,127,34,100.000000,0,0,0.030869,1.200000,0.800000,mba,0,,0,0,-1,-1,-1,-1,-1,-1,-1,-1,-1,-1,-1,-1
4,4,1,2,16,16,2510.556121,2510.577898,0.021777,0x4052e4,1,134,64,70,4,100.000000,0,0,0.030869,1.200000,0.800000,mba,0,,0,0,-1,-1,-1,-1,-1,-1,-1,-1,-1,-1,-1,-1
4,4,1,3,16,16,2510.554260,2510.576487,0.022227,0x4052e4,1,138,78,60,38,100.000000,0,0,0.030869,1.200000,0.800000,mba,0,,0,0,-1,-1,-1,-1,-1,-1,-1,-1,-1,-1,-1,-1
4,4,1,4,16,16,2510.557142,2510.579999,0.022857,0x4052e4,1,121,53,68,40,100.000000,0,0,0.030869,1.200000,0.800000,mba,0,,0,0,-1,-1,-1,-1,-1,-1,-1,-1,-1,-1,-1,-1
4,4,1,5,16,16,2510.555416,2510.577588,0.022172,0x4052e4,1,174,110,64,42,100.000000,0,0,0.030869,1.200000,0.800000,mba,0,,0,0,-1,-1,-1,-1,-1,-1,-1,-1,-1,-1,-1,-1
4,4,1,6,16,16,2510.556266,2510.578517,0.022251,0x4052e4,1,146,79,67,44,100.000000,0,0,0.030869,1.200000,0.800000,mba,0,,0,0,-1,-1,-1,-1,-1,-1,-1,-1,-1,-1,-1,-1
4,4,1,7,16,16,2510.556990,2510.579428,0.022438,0x4052e4,1,159,98,61,46,100.000000,0,0,0.030869,1.200000,0.800000,mba,0,,0,0,-1,-1,-1,-1,-1,-1,-1,-1,-1,-1,-1,-1
4,4,1,8,16,16,2510.554863,2510.577212,0.022349,0x4052e4,1,161,103,58,16,100.000000,0,0,0.030869,1.200000,0.800000,mba,0,,0,0,-1,-1,-1,-1,-1,-1,-1,-1,-1,-1,-1,-1
4,4,1,9,16,16,2510.555541,2510.578122,0.022581,0x4052e4,1,169,77,92,50,100.000000,0,0,0.030869,1.200000,0.800000,mba,0,,0,0,-1,-1,-1,-1,-1,-1,-1,-1,-1,-1,-1,-1
4,4,1,10,16,16,2510.556958,2510.579693,0.022735,0x4052e4,1,142,66,76,20,100.000000,0,0,0.030869,1.200000,0.800000,mba,0,,0,0,-1,-1,-1,-1,-1,-1,-1,-1,-1,-1,-1,-1
4,4,1,11,16,16,2510.556904,2510.579366,0.022462,0x4052e4,1,148,93,55,54,100.000000,0,0,0.030869,1.200000,0.800000,mba,0,,0,0,-1,-1,-1,-1,-1,-1,-1,-1,-1,-1,-1,-1
4,4,1,12,16,16,2510.557032,2510.579889,0.022857,0x4052e4,1,121,74,47,56,100.000000,0,0,0.030869,1.200000,0.800000,mba,0,,0,0,-1,-1,-1,-1,-1,-1,-1,-1,-1,-1,-1,-1
4,4,1,13,16,16,2510.555537,2510.577370,0.021833,0x4052e4,1,114,57,57,58,100.000000,0,0,0.030869,1.200000,0.800000,mba,0,,0,0,-1,-1,-1,-1,-1,-1,-1,-1,-1,-1,-1,-1
4,4,1,14,16,16,2510.557075,2510.579457,0.022382,0x4052e4,1,134,75,59,60,100.000000,0,0,0.030869,1.200000,0.800000,mba,0,,0,0,-1,-1,-1,-1,-1,-1,-1,-1,-1,-1,-1,-1
4,4,1,15,16,16,2510.556511,2510.578710,0.022199,0x4052e4,1,214,124,90,30,100.000000,0,0,0.030869,1.200000,0.800000,mba,0,,0,0,-1,-1,-1,-1,-1,-1,-1,-1,-1,-1,-1,-1
5,5,1,0,16,16,2511.123033,2511.145376,0.022343,0x40533c,1,29,2,27,32,100.000000,0,0,0.043419,1.200000,0.800000,mba,0,,0,0,-1,-1,-1,-1,-1,-1,-1,-1,-1,-1,-1,-1
5,5,1,1,16,16,2511.122248,2511.144055,0.021807,0x40533c,1,37,1,36,34,100.000000,0,0,0.043419,1.200000,0.800000,mba,0,,0,0,-1,-1,-1,-1,-1,-1,-1,-1,-1,-1,-1,-1
5,5,1,2,16,16,2511.121429,2511.143296,0.021867,0x40533c,1,45,4,41,4,100.000000,0,0,0.043419,1.200000,0.800000,mba,0,,0,0,-1,-1,-1,-1,-1,-1,-1,-1,-1,-1,-1,-1
5,5,1,3,16,16,2511.122566,2511.144338,0.021772,0x40533c,1,33,3,30,38,100.000000,0,0,0.043419,1.200000,0.800000,mba,0,,0,0,-1,-1,-1,-1,-1,-1,-1,-1,-1,-1,-1,-1
5,5,1,4,16,16,2511.121503,2511.143628,0.022125,0x40533c,1,48,14,34,40,100.000000,0,0,0.043419,1.200000,0.800000,mba,0,,0,0,-1,-1,-1,-1,-1,-1,-1,-1,-1,-1,-1,-1
5,5,1,5,16,16,2511.122745,2511.144986,0.022241,0x40533c,1,46,9,37,42,100.000000,0,0,0.043419,1.200000,0.800000,mba,0,,0,0,-1,-1,-1,-1,-1,-1,-1,-1,-1,-1,-1,-1
5,5,1,6,16,16,2511.121882,2511.143838,0.021956,0x40533c,1,32,3,29,44,100.000000,0,0,0.043419,1.200000,0.800000,mba,0,,0,0,-1,-1,-1,-1,-1,-1,-1,-1,-1,-1,-1,-1
5,5,1,7,16,16,2511.122957,2511.145249,0.022292,0x40533c,1,26,4,22,46,100.000000,0,0,0.043419,1.200000,0.800000,mba,0,,0,0,-1,-1,-1,-1,-1,-1,-1,-1,-1,-1,-1,-1
5,5,1,8,16,16,2511.121941,2511.143660,0.021719,0x40533c,1,39,1,38,16,100.000000,0,0,0.043419,1.200000,0.800000,mba,0,,0,0,-1,-1,-1,-1,-1,-1,-1,-1,-1,-1,-1,-1
5,5,1,9,16,16,2511.128976,2511.154325,0.025349,0x40533c,1,1589,128,1461,50,100.000000,0,0,0.043419,1.200000,0.800000,mba,0,,0,0,-1,-1,-1,-1,-1,-1,-1,-1,-1,-1,-1,-1
5,5,1,10,16,16,2511.129670,2511.164771,0.035101,0x40533c,1,1605,101,1504,20,100.000000,0,0,0.043419,1.200000,0.800000,mba,0,,0,0,-1,-1,-1,-1,-1,-1,-1,-1,-1,-1,-1,-1
5,5,1,11,16,16,2511.123673,2511.145785,0.022112,0x40533c,1,58,23,35,54,100.000000,0,0,0.043419,1.200000,0.800000,mba,0,,0,0,-1,-1,-1,-1,-1,-1,-1,-1,-1,-1,-1,-1
5,5,1,12,16,16,2511.122811,2511.144580,0.021769,0x40533c,1,42,2,40,56,100.000000,0,0,0.043419,1.200000,0.800000,mba,0,,0,0,-1,-1,-1,-1,-1,-1,-1,-1,-1,-1,-1,-1
5,5,1,13,16,16,2511.124771,2511.152335,0.027564,0x40533c,1,1418,11,1407,58,100.000000,0,0,0.043419,1.200000,0.800000,mba,0,,0,0,-1,-1,-1,-1,-1,-1,-1,-1,-1,-1,-1,-1
5,5,1,14,16,16,2511.124582,2511.152260,0.027678,0x40533c,1,1357,6,1351,60,100.000000,0,0,0.043419,1.200000,0.800000,mba,0,,0,0,-1,-1,-1,-1,-1,-1,-1,-1,-1,-1,-1,-1
5,5,1,15,16,16,2511.121352,2511.143738,0.022386,0x40533c,1,49,3,46,30,100.000000,0,0,0.043419,1.200000,0.800000,mba,0,,0,0,-1,-1,-1,-1,-1,-1,-1,-1,-1,-1,-1,-1
398,2,100,0,16,16,18839.154082,19025.865567,75.143496,0x4051ce,1,6688117,3515533,3172584,32,40.000000,1,1,189.508381,1.200000,0.800000,mba,0,,1,1,0,8650752,71819264,180224,937525248,846422016,180224,937525248,845430784,-1,-1,-1
398,2,100,1,16,16,18840.847258,19025.968127,79.984977,0x4051ce,1,7578268,3833805,3744463,34,40.000000,1,1,189.508381,1.200000,0.800000,mba,0,,1,1,2072576,8290304,69115904,14147584,938065920,871202816,14237696,938065920,870301696,-1,-1,-1
398,2,100,2,16,16,18839.600854,19025.982873,85.987896,0x4051ce,1,7102913,6288012,814901,36,50.000000,1,1,189.508381,1.200000,0.800000,mba,0,,1,1,4415488,2703360,182206464,19644416,2568372224,2462040064,19734528,2568732672,2462580736,-1,-1,-1
398,2,100,3,16,16,18839.265601,19026.044686,89.071608,0x4051ce,1,7179840,6674746,505094,38,50.000000,1,1,189.508381,1.200000,0.800000,mba,0,,1,1,2793472,2703360,179142656,13246464,2569363456,2519531520,13336576,2569363456,2519261184,-1,-1,-1
398,2,100,4,16,16,18840.683399,19027.777733,181.741230,0x4051ce,1,20015412,15719250,4296162,40,100.000000,1,1,189.508381,1.200000,0.800000,mba,0,,1,1,8470528,76595200,69476352,55599104,11876851712,11798454272,55599104,11876941824,11791605760,-1,-1,-1
398,2,100,5,16,16,18838.870207,19027.575695,170.164193,0x4051ce,1,20794974,16089196,4705778,42,100.000000,1,1,189.508381,1.200000,0.800000,mba,0,,1,1,0,76505088,75153408,90112,11871535104,11627782144,90112,11871805440,11621474304,-1,-1,-1
398,2,100,6,16,16,18839.909092,19027.498519,161.927408,0x4051ce,1,19544776,15938008,3606768,44,100.000000,1,1,189.508381,1.200000,0.800000,mba,0,,1,1,3604480,76054528,58032128,19464192,11865317376,11212275712,19464192,11865767936,11216871424,-1,-1,-1
398,2,100,7,16,16,18840.467038,19027.796528,172.373004,0x4051ce,1,20872068,16457361,4414707,46,100.000000,1,1,189.508381,1.200000,0.800000,mba,0,,1,1,7389184,76595200,68395008,42262528,11877031936,11704647680,42713088,11877031936,11699781632,-1,-1,-1
398,2,100,8,16,16,18840.128133,19027.556566,168.935582,0x4051ce,1,20960440,16181568,4778872,16,100.000000,1,1,189.508381,1.200000,0.800000,mba,0,,1,1,4775936,76505088,69025792,27033600,11870363648,11624087552,27033600,11870633984,11621564416,-1,-1,-1
398,2,100,9,16,16,18838.971719,19027.598080,165.666648,0x4051ce,1,19734168,15729033,4005135,50,100.000000,1,1,189.508381,1.200000,0.800000,mba,0,,1,1,90112,76505088,65421312,720896,11872165888,11351048192,901120,11872346112,11352399872,-1,-1,-1
398,2,100,10,16,16,18840.307807,19027.534768,168.359213,0x4051ce,1,20932326,16276737,4655589,20,100.000000,1,1,189.508381,1.200000,0.800000,mba,0,,1,1,6758400,76324864,66232320,34332672,11868741632,11594350592,34422784,11869372416,11594801152,-1,-1,-1
398,2,100,11,16,16,18839.758070,19027.539560,168.474898,0x4051ce,1,20852589,16274950,4577639,54,100.000000,1,1,189.508381,1.200000,0.800000,mba,0,,1,1,4055040,76505088,67764224,16310272,11869282304,11602280448,16400384,11869552640,11602370560,-1,-1,-1
398,2,100,12,16,16,18838.288147,19026.007165,87.718758,0x4051ce,1,7649374,6653812,995562,56,50.000000,1,1,189.508381,1.200000,0.800000,mba,0,,1,1,0,2793472,185810944,90112,2569093120,2497724416,90112,2569093120,2499436544,-1,-1,-1
398,2,100,13,16,16,18838.660146,19026.058845,90.218554,0x4051ce,1,7650320,6920191,730129,58,50.000000,1,1,189.508381,1.200000,0.800000,mba,0,,1,1,360448,2703360,178782208,3063808,2569363456,2528632832,3063808,2569363456,2527551488,-1,-1,-1
398,2,100,14,16,16,18838.515950,19026.070721,89.854786,0x4051ce,1,7645343,6872846,772497,60,50.000000,1,1,189.508381,1.200000,0.800000,mba,0,,1,1,270336,2703360,180494336,1441792,2569453568,2525929472,1531904,2569453568,2524397568,-1,-1,-1
398,2,100,15,16,16,18839.441673,19026.048810,87.812362,0x4051ce,1,7634272,4327244,3307028,30,40.000000,1,1,189.508381,1.200000,0.800000,mba,0,,1,1,0,8290304,64430080,1531904,938246144,905535488,1622016,938246144,904273920,-1,-1,-1
399,3,100,0,16,16,19027.983179,19028.125868,0.142689,0x405218,1,6647,3913,2734,32,50.000000,0,0,0.366737,1.200000,0.800000,mba,0,,0,0,-1,-1,-1,-1,-1,-1,-1,-1,-1,-1,-1,-1
399,3,100,1,16,16,19027.982693,19028.123939,0.141246,0x405218,1,6468,3831,2637,34,50.000000,0,0,0.366737,1.200000,0.800000,mba,0,,0,0,-1,-1,-1,-1,-1,-1,-1,-1,-1,-1,-1,-1
399,3,100,2,16,16,19027.981958,19028.142930,0.160972,0x405218,1,5346,3163,2183,36,50.000000,0,0,0.366737,1.200000,0.800000,mba,0,,0,0,-1,-1,-1,-1,-1,-1,-1,-1,-1,-1,-1,-1
399,3,100,3,16,16,19027.982058,19028.147934,0.165876,0x405218,1,4915,4210,705,38,60.000000,0,0,0.366737,1.200000,0.800000,mba,0,,0,0,-1,-1,-1,-1,-1,-1,-1,-1,-1,-1,-1,-1
399,3,100,4,16,16,19027.982495,19028.340921,0.358426,0x405218,1,11229,7755,3474,40,100.000000,0,0,0.366737,1.200000,0.800000,mba,0,,0,0,-1,-1,-1,-1,-1,-1,-1,-1,-1,-1,-1,-1
399,3,100,5,16,16,19027.982622,19028.272008,0.289386,0x405218,1,12172,8479,3693,42,100.000000,0,0,0.366737,1.200000,0.800000,mba,0,,0,0,-1,-1,-1,-1,-1,-1,-1,-1,-1,-1,-1,-1
399,3,100,6,16,16,19027.982336,19028.264082,0.281746,0x405218,1,11955,8700,3255,44,100.000000,0,0,0.366737,1.200000,0.800000,mba,0,,0,0,-1,-1,-1,-1,-1,-1,-1,-1,-1,-1,-1,-1
399,3,100,7,16,16,19027.982385,19028.348140,0.365755,0x405218,1,11560,7834,3726,46,100.000000,0,0,0.366737,1.200000,0.800000,mba,0,,0,0,-1,-1,-1,-1,-1,-1,-1,-1,-1,-1,-1,-1
399,3,100,8,16,16,19027.982410,19028.264696,0.282286,0x405218,1,12264,8423,3841,16,100.000000,0,0,0.366737,1.200000,0.800000,mba,0,,0,0,-1,-1,-1,-1,-1,-1,-1,-1,-1,-1,-1,-1
399,3,100,9,16,16,19027.982356,19028.262241,0.279885,0x405218,1,12025,8601,3424,50,100.000000,0,0,0.366737,1.200000,0.800000,mba,0,,0,0,-1,-1,-1,-1,-1,-1,-1,-1,-1,-1,-1,-1
399,3,100,10,16,16,19027.983861,19028.334934,0.351073,0x405218,1,12347,8523,3824,20,100.000000,0,0,0.366737,1.200000,0.800000,mba,0,,0,0,-1,-1,-1,-1,-1,-1,-1,-1,-1,-1,-1,-1
399,3,100,11,16,16,19027.981900,19028.263620,0.281720,0x405218,1,12120,8189,3931,54,100.000000,0,0,0.366737,1.200000,0.800000,mba,0,,0,0,-1,-1,-1,-1,-1,-1,-1,-1,-1,-1,-1,-1
399,3,100,12,16,16,19027.981766,19028.136838,0.155072,0x405218,1,5061,3885,1176,56,60.000000,0,0,0.366737,1.200000,0.800000,mba,0,,0,0,-1,-1,-1,-1,-1,-1,-1,-1,-1,-1,-1,-1
399,3,100,13,16,16,19027.982385,19028.147339,0.164954,0x405218,1,5945,5014,931,58,60.000000,0,0,0.366737,1.200000,0.800000,mba,0,,0,0,-1,-1,-1,-1,-1,-1,-1,-1,-1,-1,-1,-1
399,3,100,14,16,16,19027.981403,19028.141844,0.160441,0x405218,1,5913,5041,872,60,60.000000,0,0,0.366737,1.200000,0.800000,mba,0,,0,0,-1,-1,-1,-1,-1,-1,-1,-1,-1,-1,-1,-1
399,3,100,15,16,16,19027.981760,19028.116754,0.134994,0x405218,1,6503,3933,2570,30,50.000000,0,0,0.366737,1.200000,0.800000,mba,0,,0,0,-1,-1,-1,-1,-1,-1,-1,-1,-1,-1,-1,-1
400,4,100,0,16,16,19028.929755,19028.965671,0.035916,0x4052e4,1,1767,1195,572,32,100.000000,0,0,0.041761,1.200000,0.800000,mba,0,,0,0,-1,-1,-1,-1,-1,-1,-1,-1,-1,-1,-1,-1
400,4,100,1,16,16,19028.925692,19028.948726,0.023034,0x4052e4,1,339,268,71,34,80.000000,0,0,0.041761,1.200000,0.800000,mba,0,,0,0,-1,-1,-1,-1,-1,-1,-1,-1,-1,-1,-1,-1
400,4,100,2,16,16,19028.925984,19028.948942,0.022958,0x4052e4,1,68,14,54,36,80.000000,0,0,0.041761,1.200000,0.800000,mba,0,,0,0,-1,-1,-1,-1,-1,-1,-1,-1,-1,-1,-1,-1
400,4,100,3,16,16,19028.925904,19028.948607,0.022703,0x4052e4,1,74,25,49,38,80.000000,0,0,0.041761,1.200000,0.800000,mba,0,,0,0,-1,-1,-1,-1,-1,-1,-1,-1,-1,-1,-1,-1
400,4,100,4,16,16,19028.926196,19028.952645,0.026449,0x4052e4,1,201,142,59,40,80.000000,0,0,0.041761,1.200000,0.800000,mba,0,,0,0,-1,-1,-1,-1,-1,-1,-1,-1,-1,-1,-1,-1
400,4,100,5,16,16,19028.926248,19028.951970,0.025722,0x4052e4,1,320,258,62,42,80.000000,0,0,0.041761,1.200000,0.800000,mba,0,,0,0,-1,-1,-1,-1,-1,-1,-1,-1,-1,-1,-1,-1
400,4,100,6,16,16,19028.925643,19028.950881,0.025238,0x4052e4,1,339,245,94,44,80.000000,0,0,0.041761,1.200000,0.800000,mba,0,,0,0,-1,-1,-1,-1,-1,-1,-1,-1,-1,-1,-1,-1
400,4,100,7,16,16,19028.925978,19028.952837,0.026859,0x4052e4,1,211,143,68,46,80.000000,0,0,0.041761,1.200000,0.800000,mba,0,,0,0,-1,-1,-1,-1,-1,-1,-1,-1,-1,-1,-1,-1
400,4,100,8,16,16,19028.924814,19028.950272,0.025458,0x4052e4,1,307,238,69,16,80.000000,0,0,0.041761,1.200000,0.800000,mba,0,,0,0,-1,-1,-1,-1,-1,-1,-1,-1,-1,-1,-1,-1
400,4,100,9,16,16,19028.925826,19028.950750,0.024924,0x4052e4,1,310,244,66,50,80.000000,0,0,0.041761,1.200000,0.800000,mba,0,,0,0,-1,-1,-1,-1,-1,-1,-1,-1,-1,-1,-1,-1
400,4,100,10,16,16,19028.925315,19028.950601,0.025286,0x4052e4,1,388,288,100,20,80.000000,0,0,0.041761,1.200000,0.800000,mba,0,,0,0,-1,-1,-1,-1,-1,-1,-1,-1,-1,-1,-1,-1
400,4,100,11,16,16,19028.924621,19028.950014,0.025393,0x4052e4,1,425,356,69,54,80.000000,0,0,0.041761,1.200000,0.800000,mba,0,,0,0,-1,-1,-1,-1,-1,-1,-1,-1,-1,-1,-1,-1
400,4,100,12,16,16,19028.924621,19028.946631,0.022010,0x4052e4,1,93,45,48,56,80.000000,0,0,0.041761,1.200000,0.800000,mba,0,,0,0,-1,-1,-1,-1,-1,-1,-1,-1,-1,-1,-1,-1
400,4,100,13,16,16,19028.924702,19028.946747,0.022045,0x4052e4,1,159,98,61,58,80.000000,0,0,0.041761,1.200000,0.800000,mba,0,,0,0,-1,-1,-1,-1,-1,-1,-1,-1,-1,-1,-1,-1
400,4,100,14,16,16,19028.924819,19028.947220,0.022401,0x4052e4,1,196,104,92,60,80.000000,0,0,0.041761,1.200000,0.800000,mba,0,,0,0,-1,-1,-1,-1,-1,-1,-1,-1,-1,-1,-1,-1
400,4,100,15,16,16,19028.923910,19028.946405,0.022495,0x4052e4,1,223,167,56,30,80.000000,0,0,0.041761,1.200000,0.800000,mba,0,,0,0,-1,-1,-1,-1,-1,-1,-1,-1,-1,-1,-1,-1
401,5,100,0,16,16,19029.022711,19029.044475,0.021764,0x40533c,1,16,2,14,32,80.000000,0,0,0.045473,1.200000,0.800000,mba,0,,0,0,-1,-1,-1,-1,-1,-1,-1,-1,-1,-1,-1,-1
401,5,100,1,16,16,19029.023355,19029.045323,0.021968,0x40533c,1,64,30,34,34,80.000000,0,0,0.045473,1.200000,0.800000,mba,0,,0,0,-1,-1,-1,-1,-1,-1,-1,-1,-1,-1,-1,-1
401,5,100,2,16,16,19029.023759,19029.045877,0.022118,0x40533c,1,75,44,31,36,80.000000,0,0,0.045473,1.200000,0.800000,mba,0,,0,0,-1,-1,-1,-1,-1,-1,-1,-1,-1,-1,-1,-1
401,5,100,3,16,16,19029.023200,19029.045482,0.022282,0x40533c,1,54,35,19,38,80.000000,0,0,0.045473,1.200000,0.800000,mba,0,,0,0,-1,-1,-1,-1,-1,-1,-1,-1,-1,-1,-1,-1
401,5,100,4,16,16,19029.023994,19029.054422,0.030428,0x40533c,1,157,114,43,40,100.000000,0,0,0.045473,1.200000,0.800000,mba,0,,0,0,-1,-1,-1,-1,-1,-1,-1,-1,-1,-1,-1,-1
401,5,100,5,16,16,19029.022777,19029.050041,0.027264,0x40533c,1,554,317,237,42,100.000000,0,0,0.045473,1.200000,0.800000,mba,0,,0,0,-1,-1,-1,-1,-1,-1,-1,-1,-1,-1,-1,-1
401,5,100,6,16,16,19029.023625,19029.050837,0.027212,0x40533c,1,647,356,291,44,100.000000,0,0,0.045473,1.200000,0.800000,mba,0,,0,0,-1,-1,-1,-1,-1,-1,-1,-1,-1,-1,-1,-1
401,5,100,7,16,16,19029.022848,19029.052173,0.029325,0x40533c,1,177,126,51,46,100.000000,0,0,0.045473,1.200000,0.800000,mba,0,,0,0,-1,-1,-1,-1,-1,-1,-1,-1,-1,-1,-1,-1
401,5,100,8,16,16,19029.023530,19029.051341,0.027811,0x40533c,1,732,429,303,16,100.000000,0,0,0.045473,1.200000,0.800000,mba,0,,0,0,-1,-1,-1,-1,-1,-1,-1,-1,-1,-1,-1,-1
401,5,100,9,16,16,19029.024142,19029.050926,0.026784,0x40533c,1,650,298,352,50,100.000000,0,0,0.045473,1.200000,0.800000,mba,0,,0,0,-1,-1,-1,-1,-1,-1,-1,-1,-1,-1,-1,-1
401,5,100,10,16,16,19029.025049,19029.068061,0.043012,0x40533c,1,541,188,353,20,100.000000,0,0,0.045473,1.200000,0.800000,mba,0,,0,0,-1,-1,-1,-1,-1,-1,-1,-1,-1,-1,-1,-1
401,5,100,11,16,16,19029.022588,19029.049857,0.027269,0x40533c,1,744,321,423,54,100.000000,0,0,0.045473,1.200000,0.800000,mba,0,,0,0,-1,-1,-1,-1,-1,-1,-1,-1,-1,-1,-1,-1
401,5,100,12,16,16,19029.023061,19029.045235,0.022174,0x40533c,1,66,35,31,56,80.000000,0,0,0.045473,1.200000,0.800000,mba,0,,0,0,-1,-1,-1,-1,-1,-1,-1,-1,-1,-1,-1,-1
401,5,100,13,16,16,19029.023180,19029.044994,0.021814,0x40533c,1,67,34,33,58,80.000000,0,0,0.045473,1.200000,0.800000,mba,0,,0,0,-1,-1,-1,-1,-1,-1,-1,-1,-1,-1,-1,-1
401,5,100,14,16,16,19029.022796,19029.044764,0.021968,0x40533c,1,94,66,28,60,80.000000,0,0,0.045473,1.200000,0.800000,mba,0,,0,0,-1,-1,-1,-1,-1,-1,-1,-1,-1,-1,-1,-1
401,5,100,15,16,16,19029.023863,19029.046273,0.022410,0x40533c,1,80,62,18,30,80.000000,0,0,0.045473,1.200000,0.800000,mba,0,,0,0,-1,-1,-1,-1,-1,-1,-1,-1,-1,-1,-1,-1
798,2,200,0,16,16,36975.038563,37164.727404,102.381069,0x4051ce,1,6696559,3360971,3335588,32,30.000000,1,1,191.546614,1.200000,0.800000,mba,0,,1,1,90112,13336576,94257152,1982464,3420561408,2428968960,2072576,3420651520,2426535936,-1,-1,-1
798,2,200,1,16,16,36975.927107,37164.673279,101.565204,0x4051ce,1,6972988,3187490,3785498,34,30.000000,1,1,191.546614,1.200000,0.800000,mba,0,,1,1,1081344,13336576,93175808,17121280,3419570176,2416984064,17121280,3419570176,2416893952,-1,-1,-1
798,2,200,2,16,16,36975.607766,37165.974201,158.759047,0x4051ce,1,7565354,6919737,645617,36,30.000000,1,1,191.546614,1.200000,0.800000,mba,0,,1,1,720896,12705792,63619072,9912320,3443089408,3399655424,9912320,3443089408,3397312512,-1,-1,-1
798,2,200,3,16,16,36975.061216,37166.025831,163.972207,0x4051ce,1,7568883,7239855,329028,38,30.000000,1,1,191.546614,1.200000,0.800000,mba,0,,1,1,90112,12705792,53526528,2162688,3443179520,3426689024,2252800,3443179520,3424075776,-1,-1,-1
798,2,200,4,16,16,36974.811971,37166.031645,170.371050,0x4051ce,1,21583052,17197265,4385787,40,100.000000,1,1,191.546614,1.200000,0.800000,mba,0,,1,1,68665344,72990720,-90112,1243569479680,1256143888384,12077441024,1243569750016,1256143888384,12073566208,-1,-1,-1
798,2,200,5,16,16,36975.214671,37166.270826,183.119484,0x4051ce,1,21041619,16682386,4359233,42,100.000000,1,1,191.546614,1.200000,0.800000,mba,0,,1,1,67223552,73261056,8470528,1243587231744,1256153169920,12497993728,1243587502080,1256153169920,12487901184,-1,-1,-1
798,2,200,6,16,16,36974.775222,37165.893022,162.235470,0x4051ce,1,20331387,16689036,3642351,44,100.000000,1,1,191.546614,1.200000,0.800000,mba,0,,1,1,68304896,72990720,0,1243567767552,1256133795840,11608948736,1243568128000,1256134246400,11609309184,-1,-1,-1
798,2,200,7,16,16,36975.047050,37166.046727,170.917283,0x4051ce,1,21813569,17421067,4392502,46,100.000000,1,1,191.546614,1.200000,0.800000,mba,0,,1,1,68665344,72900608,-180224,1243578941440,1256144609280,12107448320,1243579301888,1256145059840,12105015296,-1,-1,-1
798,2,200,8,16,16,36975.102089,37166.215743,184.673222,0x4051ce,1,21033120,16513938,4519182,48,100.000000,1,1,191.546614,1.200000,0.800000,mba,0,,1,1,69025792,73080832,6307840,1243581374464,1256152809472,12528541696,1243581464576,1256152809472,12522414080,-1,-1,-1
798,2,200,9,16,16,36974.724212,37165.911511,161.962519,0x4051ce,1,20409088,16498485,3910603,50,100.000000,1,1,191.546614,1.200000,0.800000,mba,0,,1,1,68214784,72720384,-180224,1243566956544,1256135237632,11582455808,1243567046656,1256135688192,11585789952,-1,-1,-1
798,2,200,10,16,16,36975.746926,37166.239042,178.533181,0x4051ce,1,21287939,16842043,4445896,52,100.000000,1,1,191.546614,1.200000,0.800000,mba,0,,1,1,67764224,73261056,2523136,1243620032512,1256153079808,12353363968,1243620302848,1256153079808,12348858368,-1,-1,-1
798,2,200,11,16,16,36975.476591,37166.238502,181.708386,0x4051ce,1,21035825,16460029,4575796,54,100.000000,1,1,191.546614,1.200000,0.800000,mba,0,,1,1,66682880,73261056,7839744,1243602460672,1256153079808,12463300608,1243602640896,1256153079808,12455641088,-1,-1,-1
798,2,200,12,16,16,36974.804943,37165.904859,157.955997,0x4051ce,1,7610510,6814180,796330,56,30.000000,1,1,191.546614,1.200000,0.800000,mba,0,,1,1,0,13066240,64970752,180224,3442188288,3385507840,180224,3442278400,3385688064,-1,-1,-1
798,2,200,13,16,16,36975.892906,37166.035871,157.504904,0x4051ce,1,7162079,6649167,512912,58,30.000000,1,1,191.546614,1.200000,0.800000,mba,0,,1,1,991232,12705792,67584000,16039936,3443179520,3372441600,16130048,3443179520,3369467904,-1,-1,-1
798,2,200,14,16,16,36974.775315,37165.993999,156.089809,0x4051ce,1,7070017,6505833,564184,60,30.000000,1,1,191.546614,1.200000,0.800000,mba,0,,1,1,0,12705792,71278592,0,3443089408,3364601856,0,3443089408,3362529280,-1,-1,-1
798,2,200,15,16,16,36974.998551,37165.100818,119.045493,0x4051ce,1,7617729,4249133,3368596,62,30.000000,1,1,191.546614,1.200000,0.800000,mba,0,,1,1,90112,13516800,84705280,1622016,3429212160,2780405760,1622016,3429302272,2779234304,-1,-1,-1
799,3,200,0,16,16,37166.465716,37166.604265,0.138549,0x405218,1,6535,3475,3060,32,30.000000,0,0,0.377035,1.200000,0.800000,mba,0,,0,0,-1,-1,-1,-1,-1,-1,-1,-1,-1,-1,-1,-1
799,3,200,1,16,16,37166.464854,37166.618309,0.153455,0x405218,1,6192,3255,2937,34,30.000000,0,0,0.377035,1.200000,0.800000,mba,0,,0,0,-1,-1,-1,-1,-1,-1,-1,-1,-1,-1,-1,-1
799,3,200,2,16,16,37166.465398,37166.604013,0.138615,0x405218,1,5510,3337,2173,36,30.000000,0,0,0.377035,1.200000,0.800000,mba,0,,0,0,-1,-1,-1,-1,-1,-1,-1,-1,-1,-1,-1,-1
799,3,200,3,16,16,37166.464807,37166.613663,0.148856,0x405218,1,4208,3407,801,38,40.000000,0,0,0.377035,1.200000,0.800000,mba,0,,0,0,-1,-1,-1,-1,-1,-1,-1,-1,-1,-1,-1,-1
799,3,200,4,16,16,37166.465639,37166.756485,0.290846,0x405218,1,12404,8759,3645,40,100.000000,0,0,0.377035,1.200000,0.800000,mba,0,,0,0,-1,-1,-1,-1,-1,-1,-1,-1,-1,-1,-1,-1
799,3,200,5,16,16,37166.465980,37166.841391,0.375411,0x405218,1,11542,8447,3095,42,100.000000,0,0,0.377035,1.200000,0.800000,mba,0,,0,0,-1,-1,-1,-1,-1,-1,-1,-1,-1,-1,-1,-1
799,3,200,6,16,16,37166.465281,37166.749980,0.284699,0x405218,1,12213,8913,3300,44,100.000000,0,0,0.377035,1.200000,0.800000,mba,0,,0,0,-1,-1,-1,-1,-1,-1,-1,-1,-1,-1,-1,-1
799,3,200,7,16,16,37166.465734,37166.757704,0.291970,0x405218,1,12650,8966,3684,46,100.000000,0,0,0.377035,1.200000,0.800000,mba,0,,0,0,-1,-1,-1,-1,-1,-1,-1,-1,-1,-1,-1,-1
799,3,200,8,16,16,37166.466045,37166.832319,0.366274,0x405218,1,11582,8114,3468,48,100.000000,0,0,0.377035,1.200000,0.800000,mba,0,,0,0,-1,-1,-1,-1,-1,-1,-1,-1,-1,-1,-1,-1
799,3,200,9,16,16,37166.466257,37166.757914,0.291657,0x405218,1,12261,8965,3296,50,100.000000,0,0,0.377035,1.200000,0.800000,mba,0,,0,0,-1,-1,-1,-1,-1,-1,-1,-1,-1,-1,-1,-1
799,3,200,10,16,16,37166.465757,37166.827956,0.362199,0x405218,1,11758,8353,3405,52,100.000000,0,0,0.377035,1.200000,0.800000,mba,0,,0,0,-1,-1,-1,-1,-1,-1,-1,-1,-1,-1,-1,-1
799,3,200,11,16,16,37166.465374,37166.827825,0.362451,0x405218,1,11572,7993,3579,54,100.000000,0,0,0.377035,1.200000,0.800000,mba,0,,0,0,-1,-1,-1,-1,-1,-1,-1,-1,-1,-1,-1,-1
799,3,200,12,16,16,37166.464356,37166.612735,0.148379,0x405218,1,4969,3260,1709,56,40.000000,0,0,0.377035,1.200000,0.800000,mba,0,,0,0,-1,-1,-1,-1,-1,-1,-1,-1,-1,-1,-1,-1
799,3,200,13,16,16,37166.465505,37166.638937,0.173432,0x405218,1,5580,4547,1033,58,40.000000,0,0,0.377035,1.200000,0.800000,mba,0,,0,0,-1,-1,-1,-1,-1,-1,-1,-1,-1,-1,-1,-1
799,3,200,14,16,16,37166.464408,37166.636009,0.171601,0x405218,1,5481,4653,828,60,40.000000,0,0,0.377035,1.200000,0.800000,mba,0,,0,0,-1,-1,-1,-1,-1,-1,-1,-1,-1,-1,-1,-1
799,3,200,15,16,16,37166.466631,37166.603640,0.137009,0x405218,1,6541,3780,2761,62,30.000000,0,0,0.377035,1.200000,0.800000,mba,0,,0,0,-1,-1,-1,-1,-1,-1,-1,-1,-1,-1,-1,-1
800,4,200,0,16,16,37167.667439,37167.712644,0.045205,0x4052e4,1,1866,1297,569,32,100.000000,0,0,0.054325,1.200000,0.800000,mba,0,,0,0,-1,-1,-1,-1,-1,-1,-1,-1,-1,-1,-1,-1
800,4,200,1,16,16,37167.660695,37167.684545,0.023850,0x4052e4,1,138,98,40,34,60.000000,0,0,0.054325,1.200000,0.800000,mba,0,,0,0,-1,-1,-1,-1,-1,-1,-1,-1,-1,-1,-1,-1
800,4,200,2,16,16,37167.660199,37167.682250,0.022051,0x4052e4,1,165,95,70,36,50.000000,0,0,0.054325,1.200000,0.800000,mba,0,,0,0,-1,-1,-1,-1,-1,-1,-1,-1,-1,-1,-1,-1
800,4,200,3,16,16,37167.659919,37167.682125,0.022206,0x4052e4,1,87,32,55,38,50.000000,0,0,0.054325,1.200000,0.800000,mba,0,,0,0,-1,-1,-1,-1,-1,-1,-1,-1,-1,-1,-1,-1
800,4,200,4,16,16,37167.660731,37167.685018,0.024287,0x4052e4,1,280,234,46,40,60.000000,0,0,0.054325,1.200000,0.800000,mba,0,,0,0,-1,-1,-1,-1,-1,-1,-1,-1,-1,-1,-1,-1
800,4,200,5,16,16,37167.660090,37167.686861,0.026771,0x4052e4,1,245,173,72,42,60.000000,0,0,0.054325,1.200000,0.800000,mba,0,,0,0,-1,-1,-1,-1,-1,-1,-1,-1,-1,-1,-1,-1
800,4,200,6,16,16,37167.660926,37167.685519,0.024593,0x4052e4,1,294,239,55,44,60.000000,0,0,0.054325,1.200000,0.800000,mba,0,,0,0,-1,-1,-1,-1,-1,-1,-1,-1,-1,-1,-1,-1
800,4,200,7,16,16,37167.658762,37167.683295,0.024533,0x4052e4,1,333,269,64,46,60.000000,0,0,0.054325,1.200000,0.800000,mba,0,,0,0,-1,-1,-1,-1,-1,-1,-1,-1,-1,-1,-1,-1
800,4,200,8,16,16,37167.659390,37167.685633,0.026243,0x4052e4,1,239,193,46,48,60.000000,0,0,0.054325,1.200000,0.800000,mba,0,,0,0,-1,-1,-1,-1,-1,-1,-1,-1,-1,-1,-1,-1
800,4,200,9,16,16,37167.659795,37167.684158,0.024363,0x4052e4,1,329,264,65,50,60.000000,0,0,0.054325,1.200000,0.800000,mba,0,,0,0,-1,-1,-1,-1,-1,-1,-1,-1,-1,-1,-1,-1
800,4,200,10,16,16,37167.659640,37167.686253,0.026613,0x4052e4,1,216,165,51,52,60.000000,0,0,0.054325,1.200000,0.800000,mba,0,,0,0,-1,-1,-1,-1,-1,-1,-1,-1,-1,-1,-1,-1
800,4,200,11,16,16,37167.659852,37167.685979,0.026127,0x4052e4,1,216,146,70,54,60.000000,0,0,0.054325,1.200000,0.800000,mba,0,,0,0,-1,-1,-1,-1,-1,-1,-1,-1,-1,-1,-1,-1
800,4,200,12,16,16,37167.658319,37167.680132,0.021813,0x4052e4,1,66,14,52,56,50.000000,0,0,0.054325,1.200000,0.800000,mba,0,,0,0,-1,-1,-1,-1,-1,-1,-1,-1,-1,-1,-1,-1
800,4,200,13,16,16,37167.660773,37167.683554,0.022781,0x4052e4,1,60,13,47,58,50.000000,0,0,0.054325,1.200000,0.800000,mba,0,,0,0,-1,-1,-1,-1,-1,-1,-1,-1,-1,-1,-1,-1
800,4,200,14,16,16,37167.659005,37167.681505,0.022500,0x4052e4,1,57,19,38,60,50.000000,0,0,0.054325,1.200000,0.800000,mba,0,,0,0,-1,-1,-1,-1,-1,-1,-1,-1,-1,-1,-1,-1
800,4,200,15,16,16,37167.659861,37167.682247,0.022386,0x4052e4,1,229,168,61,62,50.000000,0,0,0.054325,1.200000,0.800000,mba,0,,0,0,-1,-1,-1,-1,-1,-1,-1,-1,-1,-1,-1,-1
801,5,200,0,16,16,37167.787388,37167.809861,0.022473,0x40533c,1,37,1,36,32,60.000000,0,0,0.031020,1.200000,0.800000,mba,0,,0,0,-1,-1,-1,-1,-1,-1,-1,-1,-1,-1,-1,-1
801,5,200,1,16,16,37167.787178,37167.810008,0.022830,0x40533c,1,98,55,43,34,60.000000,0,0,0.031020,1.200000,0.800000,mba,0,,0,0,-1,-1,-1,-1,-1,-1,-1,-1,-1,-1,-1,-1
801,5,200,2,16,16,37167.786852,37167.808637,0.021785,0x40533c,1,90,42,48,36,60.000000,0,0,0.031020,1.200000,0.800000,mba,0,,0,0,-1,-1,-1,-1,-1,-1,-1,-1,-1,-1,-1,-1
801,5,200,3,16,16,37167.785847,37167.807641,0.021794,0x40533c,1,61,40,21,38,60.000000,0,0,0.031020,1.200000,0.800000,mba,0,,0,0,-1,-1,-1,-1,-1,-1,-1,-1,-1,-1,-1,-1
801,5,200,4,16,16,37167.786582,37167.813999,0.027417,0x40533c,1,757,545,212,40,100.000000,0,0,0.031020,1.200000,0.800000,mba,0,,0,0,-1,-1,-1,-1,-1,-1,-1,-1,-1,-1,-1,-1
801,5,200,5,16,16,37167.786837,37167.816672,0.029835,0x40533c,1,157,100,57,42,100.000000,0,0,0.031020,1.200000,0.800000,mba,0,,0,0,-1,-1,-1,-1,-1,-1,-1,-1,-1,-1,-1,-1
801,5,200,6,16,16,37167.787662,37167.814637,0.026975,0x40533c,1,712,410,302,44,100.000000,0,0,0.031020,1.200000,0.800000,mba,0,,0,0,-1,-1,-1,-1,-1,-1,-1,-1,-1,-1,-1,-1
801,5,200,7,16,16,37167.787600,37167.814551,0.026951,0x40533c,1,797,492,305,46,100.000000,0,0,0.031020,1.200000,0.800000,mba,0,,0,0,-1,-1,-1,-1,-1,-1,-1,-1,-1,-1,-1,-1
801,5,200,8,16,16,37167.786455,37167.816564,0.030109,0x40533c,1,198,118,80,48,100.000000,0,0,0.031020,1.200000,0.800000,mba,0,,0,0,-1,-1,-1,-1,-1,-1,-1,-1,-1,-1,-1,-1
801,5,200,9,16,16,37167.786478,37167.813482,0.027004,0x40533c,1,564,262,302,50,100.000000,0,0,0.031020,1.200000,0.800000,mba,0,,0,0,-1,-1,-1,-1,-1,-1,-1,-1,-1,-1,-1,-1
801,5,200,10,16,16,37167.786202,37167.816100,0.029898,0x40533c,1,190,113,77,52,100.000000,0,0,0.031020,1.200000,0.800000,mba,0,,0,0,-1,-1,-1,-1,-1,-1,-1,-1,-1,-1,-1,-1
801,5,200,11,16,16,37167.787297,37167.816867,0.029570,0x40533c,1,171,107,64,54,100.000000,0,0,0.031020,1.200000,0.800000,mba,0,,0,0,-1,-1,-1,-1,-1,-1,-1,-1,-1,-1,-1,-1
801,5,200,12,16,16,37167.786849,37167.809380,0.022531,0x40533c,1,80,35,45,56,60.000000,0,0,0.031020,1.200000,0.800000,mba,0,,0,0,-1,-1,-1,-1,-1,-1,-1,-1,-1,-1,-1,-1
801,5,200,13,16,16,37167.786941,37167.809540,0.022599,0x40533c,1,93,63,30,58,60.000000,0,0,0.031020,1.200000,0.800000,mba,0,,0,0,-1,-1,-1,-1,-1,-1,-1,-1,-1,-1,-1,-1
801,5,200,14,16,16,37167.786973,37167.809605,0.022632,0x40533c,1,71,40,31,60,60.000000,0,0,0.031020,1.200000,0.800000,mba,0,,0,0,-1,-1,-1,-1,-1,-1,-1,-1,-1,-1,-1,-1
801,5,200,15,16,16,37167.786091,37167.807759,0.021668,0x40533c,1,117,86,31,62,60.000000,0,0,0.031020,1.200000,0.800000,mba,0,,0,0,-1,-1,-1,-1,-1,-1,-1,-1,-1,-1,-1,-1
1198,2,300,0,16,16,55054.762854,55246.221527,102.819033,0x4051ce,1,6678999,3353816,3325183,32,30.000000,1,1,193.583785,1.200000,0.800000,mba,0,,1,1,20094976,14057472,51634176,351732006912,354729582592,2181251072,351732006912,354729672704,2181971968,-1,-1,-1
1198,2,300,1,16,16,55054.764143,55246.326667,108.096695,0x4051ce,1,7551115,3602802,3948313,34,30.000000,1,1,193.583785,1.200000,0.800000,mba,0,,1,1,20094976,14598144,65781760,351732006912,354731655168,2277310464,351732006912,354731835392,2279112704,-1,-1,-1
1198,2,300,2,16,16,55054.597705,55247.451528,158.866206,0x4051ce,1,7572884,6916985,655899,36,30.000000,1,1,193.583785,1.200000,0.800000,mba,0,,1,1,20455424,13156352,39378944,351730024448,354747514880,2994151424,351730114560,354747514880,2993340416,-1,-1,-1
1198,2,300,3,16,16,55054.186442,55246.556838,117.994356,0x4051ce,1,7573129,6799770,773359,38,40.000000,1,1,193.583785,1.200000,0.800000,mba,0,,1,1,0,270336,30638080,94279589888,94793048064,511475712,94279589888,94793048064,511655936,-1,-1,-1
1198,2,300,4,16,16,55054.766856,55247.766477,187.978326,0x4051ce,1,20836554,16575333,4261221,40,100.000000,1,1,193.583785,1.200000,0.800000,mba,0,,1,1,68034560,74432512,7929856,2516265590784,2528858832896,12576210944,2516266041344,2528858832896,12562423808,-1,-1,-1
1198,2,300,5,16,16,55054.761195,55247.743306,185.466293,0x4051ce,1,20988883,16407264,4581619,42,100.000000,1,1,193.583785,1.200000,0.800000,mba,0,,1,1,68304896,74432512,8110080,2516264869888,2528858832896,12547555328,2516265590784,2528858832896,12532146176,-1,-1,-1
1198,2,300,6,16,16,55054.453322,55247.399235,164.162579,0x4051ce,1,20337326,16748543,3588783,44,100.000000,1,1,193.583785,1.200000,0.800000,mba,0,,1,1,67854336,74252288,-1441792,2516251983872,2528843964416,11794579456,2516252164096,2528844324864,11796111360,-1,-1,-1
1198,2,300,7,16,16,55054.768028,55247.539798,173.431397,0x4051ce,1,21816768,17486905,4329863,46,100.000000,1,1,193.583785,1.200000,0.800000,mba,0,,1,1,68214784,74252288,-90112,2516265140224,2528852795392,12313174016,2516266131456,2528853155840,12307226624,-1,-1,-1
1198,2,300,8,16,16,55054.184911,55247.495393,171.821538,0x4051ce,1,21835935,17162618,4673317,48,100.000000,1,1,193.583785,1.200000,0.800000,mba,0,,1,1,68665344,73891840,-1531904,2516242882560,2528850722816,12251447296,2516242882560,2528850903040,12248473600,-1,-1,-1
1198,2,300,9,16,16,55054.188251,55247.615075,168.057626,0x4051ce,1,20185258,16569757,3615501,50,100.000000,1,1,193.583785,1.200000,0.800000,mba,0,,1,1,68665344,73981952,-180224,2516242882560,2528855678976,11988680704,2516242882560,2528855769088,11988951040,-1,-1,-1
1198,2,300,10,16,16,55054.948910,55247.470173,170.487319,0x4051ce,1,21809082,17230438,4578644,52,100.000000,1,1,193.583785,1.200000,0.800000,mba,0,,1,1,67223552,73981952,-901120,2516276224000,2528849371136,12194676736,2516276764672,2528850001920,12194947072,-1,-1,-1
1198,2,300,11,16,16,55054.182692,55247.429899,170.822275,0x4051ce,1,21730186,17190488,4539698,54,100.000000,1,1,193.583785,1.200000,0.800000,mba,0,,1,1,68485120,74342400,-630784,2516242882560,2528846127104,12212879360,2516242882560,2528846848000,12212338688,-1,-1,-1
1198,2,300,12,16,16,55054.191650,55247.453724,160.100972,0x4051ce,1,7600022,6954566,645456,56,30.000000,1,1,193.583785,1.200000,0.800000,mba,0,,1,1,20094976,13156352,38748160,351727140864,354747514880,2999558144,351727140864,354747514880,2999377920,-1,-1,-1
1198,2,300,13,16,16,55054.192002,55247.474000,162.093867,0x4051ce,1,7596554,7095351,501203,58,30.000000,1,1,193.583785,1.200000,0.800000,mba,0,,1,1,20094976,13066240,36945920,351727140864,354747514880,3009019904,351727140864,354747604992,3007307776,-1,-1,-1
1198,2,300,14,16,16,55054.769180,55247.488098,157.073901,0x4051ce,1,7231017,6638359,592658,60,30.000000,1,1,193.583785,1.200000,0.800000,mba,0,,1,1,20094976,13066240,38928384,351732006912,354747604992,2963152896,351732097024,354747604992,2962612224,-1,-1,-1
1198,2,300,15,16,16,55054.954388,55246.399774,114.459915,0x4051ce,1,7231194,3898392,3332802,62,30.000000,1,1,193.583785,1.200000,0.800000,mba,0,,1,1,19914752,14327808,59113472,351735250944,354733187072,2395627520,351735250944,354733187072,2394636288,-1,-1,-1
1199,3,300,0,16,16,55247.952714,55248.100632,0.147918,0x405218,1,6540,3483,3057,32,20.000000,0,0,0.377175,1.200000,0.800000,mba,0,,0,0,-1,-1,-1,-1,-1,-1,-1,-1,-1,-1,-1,-1
1199,3,300,1,16,16,55247.951368,55248.086458,0.135090,0x405218,1,6530,3510,3020,34,20.000000,0,0,0.377175,1.200000,0.800000,mba,0,,0,0,-1,-1,-1,-1,-1,-1,-1,-1,-1,-1,-1,-1
1199,3,300,2,16,16,55247.952180,55248.096725,0.144545,0x405218,1,5534,3350,2184,36,20.000000,0,0,0.377175,1.200000,0.800000,mba,0,,0,0,-1,-1,-1,-1,-1,-1,-1,-1,-1,-1,-1,-1
1199,3,300,3,16,16,55247.950809,55248.096091,0.145282,0x405218,1,4234,3404,830,38,30.000000,0,0,0.377175,1.200000,0.800000,mba,0,,0,0,-1,-1,-1,-1,-1,-1,-1,-1,-1,-1,-1,-1
1199,3,300,4,16,16,55247.952562,55248.323888,0.371326,0x405218,1,11495,8123,3372,40,100.000000,0,0,0.377175,1.200000,0.800000,mba,0,,0,0,-1,-1,-1,-1,-1,-1,-1,-1,-1,-1,-1,-1
1199,3,300,5,16,16,55247.952264,55248.327984,0.375720,0x405218,1,11597,8081,3516,42,100.000000,0,0,0.377175,1.200000,0.800000,mba,0,,0,0,-1,-1,-1,-1,-1,-1,-1,-1,-1,-1,-1,-1
1199,3,300,6,16,16,55247.952293,55248.239361,0.287068,0x405218,1,12276,8898,3378,44,100.000000,0,0,0.377175,1.200000,0.800000,mba,0,,0,0,-1,-1,-1,-1,-1,-1,-1,-1,-1,-1,-1,-1
1199,3,300,7,16,16,55247.951563,55248.242334,0.290771,0x405218,1,12718,8998,3720,46,100.000000,0,0,0.377175,1.200000,0.800000,mba,0,,0,0,-1,-1,-1,-1,-1,-1,-1,-1,-1,-1,-1,-1
1199,3,300,8,16,16,55247.952216,55248.244586,0.292370,0x405218,1,12507,8740,3767,48,100.000000,0,0,0.377175,1.200000,0.800000,mba,0,,0,0,-1,-1,-1,-1,-1,-1,-1,-1,-1,-1,-1,-1
1199,3,300,9,16,16,55247.952389,55248.317248,0.364859,0x405218,1,11365,8096,3269,50,100.000000,0,0,0.377175,1.200000,0.800000,mba,0,,0,0,-1,-1,-1,-1,-1,-1,-1,-1,-1,-1,-1,-1
1199,3,300,10,16,16,55247.951172,55248.237265,0.286093,0x405218,1,12722,9172,3550,52,100.000000,0,0,0.377175,1.200000,0.800000,mba,0,,0,0,-1,-1,-1,-1,-1,-1,-1,-1,-1,-1,-1,-1
1199,3,300,11,16,16,55247.951839,55248.236943,0.285104,0x405218,1,12406,8778,3628,54,100.000000,0,0,0.377175,1.200000,0.800000,mba,0,,0,0,-1,-1,-1,-1,-1,-1,-1,-1,-1,-1,-1,-1
1199,3,300,12,16,16,55247.950998,55248.108442,0.157444,0x405218,1,4983,3922,1061,56,30.000000,0,0,0.377175,1.200000,0.800000,mba,0,,0,0,-1,-1,-1,-1,-1,-1,-1,-1,-1,-1,-1,-1
1199,3,300,13,16,16,55247.951968,55248.114891,0.162923,0x405218,1,5043,4091,952,58,30.000000,0,0,0.377175,1.200000,0.800000,mba,0,,0,0,-1,-1,-1,-1,-1,-1,-1,-1,-1,-1,-1,-1
1199,3,300,14,16,16,55247.950833,55248.123049,0.172216,0x405218,1,5538,4695,843,60,30.000000,0,0,0.377175,1.200000,0.800000,mba,0,,0,0,-1,-1,-1,-1,-1,-1,-1,-1,-1,-1,-1,-1
1199,3,300,15,16,16,55247.952390,55248.112136,0.159746,0x405218,1,6183,3732,2451,62,20.000000,0,0,0.377175,1.200000,0.800000,mba,0,,0,0,-1,-1,-1,-1,-1,-1,-1,-1,-1,-1,-1,-1
1200,4,300,0,16,16,55249.148900,55249.203621,0.054721,0x4052e4,1,1800,1213,587,32,100.000000,0,0,0.063922,1.200000,0.800000,mba,0,,0,0,-1,-1,-1,-1,-1,-1,-1,-1,-1,-1,-1,-1
1200,4,300,1,16,16,55249.140965,55249.164472,0.023507,0x4052e4,1,401,347,54,34,40.000000,0,0,0.063922,1.200000,0.800000,mba,0,,0,0,-1,-1,-1,-1,-1,-1,-1,-1,-1,-1,-1,-1
1200,4,300,2,16,16,55249.141033,55249.163410,0.022377,0x4052e4,1,159,106,53,36,30.000000,0,0,0.063922,1.200000,0.800000,mba,0,,0,0,-1,-1,-1,-1,-1,-1,-1,-1,-1,-1,-1,-1
1200,4,300,3,16,16,55249.139946,55249.161776,0.021830,0x4052e4,1,78,19,59,38,30.000000,0,0,0.063922,1.200000,0.800000,mba,0,,0,0,-1,-1,-1,-1,-1,-1,-1,-1,-1,-1,-1,-1
1200,4,300,4,16,16,55249.139702,55249.165872,0.026170,0x4052e4,1,196,154,42,40,40.000000,0,0,0.063922,1.200000,0.800000,mba,0,,0,0,-1,-1,-1,-1,-1,-1,-1,-1,-1,-1,-1,-1
1200,4,300,5,16,16,55249.141463,55249.168030,0.026567,0x4052e4,1,268,172,96,42,40.000000,0,0,0.063922,1.200000,0.800000,mba,0,,0,0,-1,-1,-1,-1,-1,-1,-1,-1,-1,-1,-1,-1
1200,4,300,6,16,16,55249.141494,55249.166855,0.025361,0x4052e4,1,317,241,76,44,40.000000,0,0,0.063922,1.200000,0.800000,mba,0,,0,0,-1,-1,-1,-1,-1,-1,-1,-1,-1,-1,-1,-1
1200,4,300,7,16,16,55249.140586,55249.165473,0.024887,0x4052e4,1,310,256,54,46,40.000000,0,0,0.063922,1.200000,0.800000,mba,0,,0,0,-1,-1,-1,-1,-1,-1,-1,-1,-1,-1,-1,-1
1200,4,300,8,16,16,55249.139699,55249.164585,0.024886,0x4052e4,1,356,307,49,48,40.000000,0,0,0.063922,1.200000,0.800000,mba,0,,0,0,-1,-1,-1,-1,-1,-1,-1,-1,-1,-1,-1,-1
1200,4,300,9,16,16,55249.140970,55249.172245,0.031275,0x4052e4,1,539,460,79,50,80.000000,0,0,0.063922,1.200000,0.800000,mba,0,,0,0,-1,-1,-1,-1,-1,-1,-1,-1,-1,-1,-1,-1
1200,4,300,10,16,16,55249.142105,55249.167480,0.025375,0x4052e4,1,346,290,56,52,40.000000,0,0,0.063922,1.200000,0.800000,mba,0,,0,0,-1,-1,-1,-1,-1,-1,-1,-1,-1,-1,-1,-1
1200,4,300,11,16,16,55249.141403,55249.165840,0.024437,0x4052e4,1,391,322,69,54,40.000000,0,0,0.063922,1.200000,0.800000,mba,0,,0,0,-1,-1,-1,-1,-1,-1,-1,-1,-1,-1,-1,-1
1200,4,300,12,16,16,55249.140914,55249.162734,0.021820,0x4052e4,1,69,13,56,56,30.000000,0,0,0.063922,1.200000,0.800000,mba,0,,0,0,-1,-1,-1,-1,-1,-1,-1,-1,-1,-1,-1,-1
1200,4,300,13,16,16,55249.140665,55249.162581,0.021916,0x4052e4,1,82,32,50,58,30.000000,0,0,0.063922,1.200000,0.800000,mba,0,,0,0,-1,-1,-1,-1,-1,-1,-1,-1,-1,-1,-1,-1
1200,4,300,14,16,16,55249.139971,55249.162407,0.022436,0x4052e4,1,47,14,33,60,30.000000,0,0,0.063922,1.200000,0.800000,mba,0,,0,0,-1,-1,-1,-1,-1,-1,-1,-1,-1,-1,-1,-1
1200,4,300,15,16,16,55249.141473,55249.164799,0.023326,0x4052e4,1,83,40,43,62,30.000000,0,0,0.063922,1.200000,0.800000,mba,0,,0,0,-1,-1,-1,-1,-1,-1,-1,-1,-1,-1,-1,-1
1201,5,300,0,16,16,55249.281681,55249.303744,0.022063,0x40533c,1,36,2,34,32,40.000000,0,0,0.033016,1.200000,0.800000,mba,0,,0,0,-1,-1,-1,-1,-1,-1,-1,-1,-1,-1,-1,-1
1201,5,300,1,16,16,55249.281657,55249.303490,0.021833,0x40533c,1,54,8,46,34,40.000000,0,0,0.033016,1.200000,0.800000,mba,0,,0,0,-1,-1,-1,-1,-1,-1,-1,-1,-1,-1,-1,-1
1201,5,300,2,16,16,55249.281216,55249.302989,0.021773,0x40533c,1,91,55,36,36,40.000000,0,0,0.033016,1.200000,0.800000,mba,0,,0,0,-1,-1,-1,-1,-1,-1,-1,-1,-1,-1,-1,-1
1201,5,300,3,16,16,55249.280156,55249.301912,0.021756,0x40533c,1,68,9,59,38,40.000000,0,0,0.033016,1.200000,0.800000,mba,0,,0,0,-1,-1,-1,-1,-1,-1,-1,-1,-1,-1,-1,-1
1201,5,300,4,16,16,55249.280941,55249.311081,0.030140,0x40533c,1,137,89,48,40,80.000000,0,0,0.033016,1.200000,0.800000,mba,0,,0,0,-1,-1,-1,-1,-1,-1,-1,-1,-1,-1,-1,-1
1201,5,300,5,16,16,55249.281250,55249.310828,0.029578,0x40533c,1,133,65,68,42,80.000000,0,0,0.033016,1.200000,0.800000,mba,0,,0,0,-1,-1,-1,-1,-1,-1,-1,-1,-1,-1,-1,-1
1201,5,300,6,16,16,55249.280427,55249.307955,0.027528,0x40533c,1,660,388,272,44,80.000000,0,0,0.033016,1.200000,0.800000,mba,0,,0,0,-1,-1,-1,-1,-1,-1,-1,-1,-1,-1,-1,-1
1201,5,300,7,16,16,55249.279764,55249.307021,0.027257,0x40533c,1,861,565,296,46,80.000000,0,0,0.033016,1.200000,0.800000,mba,0,,0,0,-1,-1,-1,-1,-1,-1,-1,-1,-1,-1,-1,-1
1201,5,300,8,16,16,55249.280705,55249.307575,0.026870,0x40533c,1,792,496,296,48,80.000000,0,0,0.033016,1.200000,0.800000,mba,0,,0,0,-1,-1,-1,-1,-1,-1,-1,-1,-1,-1,-1,-1
1201,5,300,9,16,16,55249.281664,55249.312780,0.031116,0x40533c,1,217,132,85,50,100.000000,0,0,0.033016,1.200000,0.800000,mba,0,,0,0,-1,-1,-1,-1,-1,-1,-1,-1,-1,-1,-1,-1
1201,5,300,10,16,16,55249.281325,55249.308666,0.027341,0x40533c,1,819,405,414,52,80.000000,0,0,0.033016,1.200000,0.800000,mba,0,,0,0,-1,-1,-1,-1,-1,-1,-1,-1,-1,-1,-1,-1
1201,5,300,11,16,16,55249.280599,55249.307888,0.027289,0x40533c,1,718,361,357,54,80.000000,0,0,0.033016,1.200000,0.800000,mba,0,,0,0,-1,-1,-1,-1,-1,-1,-1,-1,-1,-1,-1,-1
1201,5,300,12,16,16,55249.280789,55249.302617,0.021828,0x40533c,1,90,39,51,56,40.000000,0,0,0.033016,1.200000,0.800000,mba,0,,0,0,-1,-1,-1,-1,-1,-1,-1,-1,-1,-1,-1,-1
1201,5,300,13,16,16,55249.281139,55249.302938,0.021799,0x40533c,1,88,34,54,58,40.000000,0,0,0.033016,1.200000,0.800000,mba,0,,0,0,-1,-1,-1,-1,-1,-1,-1,-1,-1,-1,-1,-1
1201,5,300,14,16,16,55249.281307,55249.303521,0.022214,0x40533c,1,65,39,26,60,40.000000,0,0,0.033016,1.200000,0.800000,mba,0,,0,0,-1,-1,-1,-1,-1,-1,-1,-1,-1,-1,-1,-1
1201,5,300,15,16,16,55249.280834,55249.303141,0.022307,0x40533c,1,111,74,37,62,40.000000,0,0,0.033016,1.200000,0.800000,mba,0,,0,0,-1,-1,-1,-1,-1,-1,-1,-1,-1,-1,-1,-1
1598,2,400,0,16,16,73156.475629,73336.933344,102.465287,0x4051ce,1,6682297,3335769,3346528,32,30.000000,1,1,181.887452,1.200000,0.800000,mba,0,,1,1,18112512,13967360,57221120,658179039232,661678268416,2487812096,658179039232,661678358528,2488262656,-1,-1,-1
1598,2,400,1,16,16,73156.467869,73337.038256,107.841063,0x4051ce,1,7564520,3591308,3973212,34,30.000000,1,1,181.887452,1.200000,0.800000,mba,0,,1,1,18022400,14057472,70287360,658179039232,661680971776,2598649856,658179039232,661681061888,2601263104,-1,-1,-1
1598,2,400,2,16,16,73156.439731,73338.191737,159.188532,0x4051ce,1,7567280,6889681,677599,36,30.000000,1,1,181.887452,1.200000,0.800000,mba,0,,1,1,18022400,14057472,59293696,658179039232,661699084288,3490668544,658179039232,661699174400,3490308096,-1,-1,-1
1598,2,400,3,16,16,73156.479888,73338.242560,163.677799,0x4051ce,1,7572117,7160838,411279,38,30.000000,1,1,181.887452,1.200000,0.800000,mba,0,,1,1,18382848,13877248,50823168,658179039232,661699174400,3514187776,658179219456,661699174400,3511574528,-1,-1,-1
1598,2,400,4,16,16,73156.458197,73338.323112,175.827277,0x4051ce,1,21444679,17178820,4265859,40,100.000000,1,1,181.887452,1.200000,0.800000,mba,0,,1,1,68575232,73621504,7028736,3785968001024,3798644867072,12641001472,3785968091136,3798644867072,12635955200,-1,-1,-1
1598,2,400,5,16,16,73156.449272,73338.322513,175.822671,0x4051ce,1,21531254,17070564,4460690,42,100.000000,1,1,181.887452,1.200000,0.800000,mba,0,,1,1,68575232,73621504,8110080,3785967820800,3798644867072,12642263040,3785968091136,3798644867072,12635144192,-1,-1,-1
1598,2,400,6,16,16,73156.439792,73338.184199,167.051043,0x4051ce,1,20204916,16752167,3452749,44,100.000000,1,1,181.887452,1.200000,0.800000,mba,0,,1,1,68575232,73531392,-811008,3785967640576,3798637748224,12151332864,3785968001024,3798638288896,12156559360,-1,-1,-1
1598,2,400,7,16,16,73156.447034,73338.327183,176.407875,0x4051ce,1,21675828,17408550,4267278,46,100.000000,1,1,181.887452,1.200000,0.800000,mba,0,,1,1,68845568,73621504,8921088,3785967550464,3798644867072,12654968832,3785968001024,3798644867072,12648300544,-1,-1,-1
1598,2,400,8,16,16,73156.478345,73338.302478,174.628484,0x4051ce,1,21690185,17085557,4604628,48,100.000000,1,1,181.887452,1.200000,0.800000,mba,0,,1,1,68575232,73531392,5406720,3785968091136,3798644686848,12606038016,3785968631808,3798644776960,12602163200,-1,-1,-1
1598,2,400,9,16,16,73156.455934,73338.208994,167.077266,0x4051ce,1,20270753,16615727,3655026,50,100.000000,1,1,181.887452,1.200000,0.800000,mba,0,,1,1,68755456,73531392,-811008,3785967730688,3798639370240,12150882304,3785968091136,3798639910912,12158631936,-1,-1,-1
1598,2,400,10,16,16,73156.479993,73338.255707,173.652391,0x4051ce,1,21655910,17190147,4465763,52,100.000000,1,1,181.887452,1.200000,0.800000,mba,0,,1,1,68304896,73621504,7659520,3785968181248,3798642343936,12572426240,3785968631808,3798642974720,12574048256,-1,-1,-1
1598,2,400,11,16,16,73156.477294,73338.269594,173.866710,0x4051ce,1,21583758,17085340,4498418,54,100.000000,1,1,181.887452,1.200000,0.800000,mba,0,,1,1,68304896,73531392,7389184,3785968361472,3798643245056,12587114496,3785968631808,3798643605504,12585402368,-1,-1,-1
1598,2,400,12,16,16,73156.477865,73338.137964,158.578278,0x4051ce,1,7604152,6768153,835999,56,30.000000,1,1,181.887452,1.200000,0.800000,mba,0,,1,1,18112512,14237696,60104704,658179039232,661698723840,3481116672,658179129344,661698723840,3480936448,-1,-1,-1
1598,2,400,13,16,16,73156.465506,73338.234700,161.436596,0x4051ce,1,7596853,6992539,604314,58,30.000000,1,1,181.887452,1.200000,0.800000,mba,0,,1,1,18022400,13877248,55689216,658179039232,661699174400,3507429376,658179039232,661699174400,3505627136,-1,-1,-1
1598,2,400,14,16,16,73156.470083,73338.169138,160.840166,0x4051ce,1,7601353,6938427,662926,60,30.000000,1,1,181.887452,1.200000,0.800000,mba,0,,1,1,18022400,14147584,57851904,658179039232,661698723840,3503374336,658179039232,661698904064,3502473216,-1,-1,-1
1598,2,400,15,16,16,73156.463076,73337.267093,118.832428,0x4051ce,1,7632342,4217123,3415219,62,30.000000,1,1,181.887452,1.200000,0.800000,mba,0,,1,1,18022400,13697024,69926912,658179039232,661685747712,2839248896,658179039232,661685747712,2838798336,-1,-1,-1
1599,3,400,0,16,16,73338.527947,73338.669448,0.141501,0x405218,1,6516,3521,2995,32,20.000000,0,0,0.304057,1.200000,0.800000,mba,0,,0,0,-1,-1,-1,-1,-1,-1,-1,-1,-1,-1,-1,-1
1599,3,400,1,16,16,73338.527880,73338.669380,0.141500,0x405218,1,6443,3340,3103,34,20.000000,0,0,0.304057,1.200000,0.800000,mba,0,,0,0,-1,-1,-1,-1,-1,-1,-1,-1,-1,-1,-1,-1
1599,3,400,2,16,16,73338.526642,73338.670052,0.143410,0x405218,1,5534,3363,2171,36,20.000000,0,0,0.304057,1.200000,0.800000,mba,0,,0,0,-1,-1,-1,-1,-1,-1,-1,-1,-1,-1,-1,-1
1599,3,400,3,16,16,73338.526794,73338.674714,0.147920,0x405218,1,4225,3394,831,38,20.000000,0,0,0.304057,1.200000,0.800000,mba,0,,0,0,-1,-1,-1,-1,-1,-1,-1,-1,-1,-1,-1,-1
1599,3,400,4,16,16,73338.527684,73338.819944,0.292260,0x405218,1,12375,8773,3602,40,100.000000,0,0,0.304057,1.200000,0.800000,mba,0,,0,0,-1,-1,-1,-1,-1,-1,-1,-1,-1,-1,-1,-1
1599,3,400,5,16,16,73338.528802,73338.830699,0.301897,0x405218,1,12395,9082,3313,42,100.000000,0,0,0.304057,1.200000,0.800000,mba,0,,0,0,-1,-1,-1,-1,-1,-1,-1,-1,-1,-1,-1,-1
1599,3,400,6,16,16,73338.528195,73338.827723,0.299528,0x405218,1,12170,9048,3122,44,100.000000,0,0,0.304057,1.200000,0.800000,mba,0,,0,0,-1,-1,-1,-1,-1,-1,-1,-1,-1,-1,-1,-1
1599,3,400,7,16,16,73338.527963,73338.822593,0.294630,0x405218,1,12655,9109,3546,46,100.000000,0,0,0.304057,1.200000,0.800000,mba,0,,0,0,-1,-1,-1,-1,-1,-1,-1,-1,-1,-1,-1,-1
1599,3,400,8,16,16,73338.528427,73338.824681,0.296254,0x405218,1,12436,8743,3693,48,100.000000,0,0,0.304057,1.200000,0.800000,mba,0,,0,0,-1,-1,-1,-1,-1,-1,-1,-1,-1,-1,-1,-1
1599,3,400,9,16,16,73338.528921,73338.810510,0.281589,0x405218,1,12294,9051,3243,50,100.000000,0,0,0.304057,1.200000,0.800000,mba,0,,0,0,-1,-1,-1,-1,-1,-1,-1,-1,-1,-1,-1,-1
1599,3,400,10,16,16,73338.528634,73338.817391,0.288757,0x405218,1,12649,9305,3344,52,100.000000,0,0,0.304057,1.200000,0.800000,mba,0,,0,0,-1,-1,-1,-1,-1,-1,-1,-1,-1,-1,-1,-1
1599,3,400,11,16,16,73338.527882,73338.819988,0.292106,0x405218,1,12283,8591,3692,54,100.000000,0,0,0.304057,1.200000,0.800000,mba,0,,0,0,-1,-1,-1,-1,-1,-1,-1,-1,-1,-1,-1,-1
1599,3,400,12,16,16,73338.527993,73338.682511,0.154518,0x405218,1,4948,3838,1110,56,20.000000,0,0,0.304057,1.200000,0.800000,mba,0,,0,0,-1,-1,-1,-1,-1,-1,-1,-1,-1,-1,-1,-1
1599,3,400,13,16,16,73338.527604,73338.694732,0.167128,0x405218,1,5070,4195,875,58,30.000000,0,0,0.304057,1.200000,0.800000,mba,0,,0,0,-1,-1,-1,-1,-1,-1,-1,-1,-1,-1,-1,-1
1599,3,400,14,16,16,73338.527411,73338.685489,0.158078,0x405218,1,5077,3770,1307,60,20.000000,0,0,0.304057,1.200000,0.800000,mba,0,,0,0,-1,-1,-1,-1,-1,-1,-1,-1,-1,-1,-1,-1
1599,3,400,15,16,16,73338.528500,73338.651697,0.123197,0x405218,1,5779,2558,3221,62,20.000000,0,0,0.304057,1.200000,0.800000,mba,0,,0,0,-1,-1,-1,-1,-1,-1,-1,-1,-1,-1,-1,-1
1600,4,400,0,16,16,73339.662427,73339.706998,0.044571,0x4052e4,1,1961,1368,593,32,100.000000,0,0,0.052835,1.200000,0.800000,mba,0,,0,0,-1,-1,-1,-1,-1,-1,-1,-1,-1,-1,-1,-1
1600,4,400,1,16,16,73339.654486,73339.678091,0.023605,0x4052e4,1,378,338,40,34,30.000000,0,0,0.052835,1.200000,0.800000,mba,0,,0,0,-1,-1,-1,-1,-1,-1,-1,-1,-1,-1,-1,-1
1600,4,400,2,16,16,73339.655937,73339.678023,0.022086,0x4052e4,1,141,93,48,36,20.000000,0,0,0.052835,1.200000,0.800000,mba,0,,0,0,-1,-1,-1,-1,-1,-1,-1,-1,-1,-1,-1,-1
1600,4,400,3,16,16,73339.655508,73339.677342,0.021834,0x4052e4,1,70,21,49,38,20.000000,0,0,0.052835,1.200000,0.800000,mba,0,,0,0,-1,-1,-1,-1,-1,-1,-1,-1,-1,-1,-1,-1
1600,4,400,4,16,16,73339.654671,73339.678868,0.024197,0x4052e4,1,285,247,38,40,30.000000,0,0,0.052835,1.200000,0.800000,mba,0,,0,0,-1,-1,-1,-1,-1,-1,-1,-1,-1,-1,-1,-1
1600,4,400,5,16,16,73339.655899,73339.680366,0.024467,0x4052e4,1,325,251,74,42,30.000000,0,0,0.052835,1.200000,0.800000,mba,0,,0,0,-1,-1,-1,-1,-1,-1,-1,-1,-1,-1,-1,-1
1600,4,400,6,16,16,73339.655601,73339.680076,0.024475,0x4052e4,1,309,240,69,44,30.000000,0,0,0.052835,1.200000,0.800000,mba,0,,0,0,-1,-1,-1,-1,-1,-1,-1,-1,-1,-1,-1,-1
1600,4,400,7,16,16,73339.654722,73339.679897,0.025175,0x4052e4,1,341,278,63,46,30.000000,0,0,0.052835,1.200000,0.800000,mba,0,,0,0,-1,-1,-1,-1,-1,-1,-1,-1,-1,-1,-1,-1
1600,4,400,8,16,16,73339.656545,73339.682343,0.025798,0x4052e4,1,437,353,84,48,30.000000,0,0,0.052835,1.200000,0.800000,mba,0,,0,0,-1,-1,-1,-1,-1,-1,-1,-1,-1,-1,-1,-1
1600,4,400,9,16,16,73339.656505,73339.681296,0.024791,0x4052e4,1,396,353,43,50,50.000000,0,0,0.052835,1.200000,0.800000,mba,0,,0,0,-1,-1,-1,-1,-1,-1,-1,-1,-1,-1,-1,-1
1600,4,400,10,16,16,73339.656964,73339.681823,0.024859,0x4052e4,1,360,290,70,52,30.000000,0,0,0.052835,1.200000,0.800000,mba,0,,0,0,-1,-1,-1,-1,-1,-1,-1,-1,-1,-1,-1,-1
1600,4,400,11,16,16,73339.655380,73339.679831,0.024451,0x4052e4,1,369,313,56,54,30.000000,0,0,0.052835,1.200000,0.800000,mba,0,,0,0,-1,-1,-1,-1,-1,-1,-1,-1,-1,-1,-1,-1
1600,4,400,12,16,16,73339.654945,73339.676920,0.021975,0x4052e4,1,83,23,60,56,20.000000,0,0,0.052835,1.200000,0.800000,mba,0,,0,0,-1,-1,-1,-1,-1,-1,-1,-1,-1,-1,-1,-1
1600,4,400,13,16,16,73339.655211,73339.677079,0.021868,0x4052e4,1,74,6,68,58,20.000000,0,0,0.052835,1.200000,0.800000,mba,0,,0,0,-1,-1,-1,-1,-1,-1,-1,-1,-1,-1,-1,-1
1600,4,400,14,16,16,73339.654163,73339.676141,0.021978,0x4052e4,1,78,36,42,60,20.000000,0,0,0.052835,1.200000,0.800000,mba,0,,0,0,-1,-1,-1,-1,-1,-1,-1,-1,-1,-1,-1,-1
1600,4,400,15,16,16,73339.655775,73339.677747,0.021972,0x4052e4,1,182,135,47,62,20.000000,0,0,0.052835,1.200000,0.800000,mba,0,,0,0,-1,-1,-1,-1,-1,-1,-1,-1,-1,-1,-1,-1
1601,5,400,0,16,16,73339.787900,73339.809742,0.021842,0x40533c,1,17,3,14,32,40.000000,0,0,0.029910,1.200000,0.800000,mba,0,,0,0,-1,-1,-1,-1,-1,-1,-1,-1,-1,-1,-1,-1
1601,5,400,1,16,16,73339.788654,73339.810372,0.021718,0x40533c,1,33,5,28,34,40.000000,0,0,0.029910,1.200000,0.800000,mba,0,,0,0,-1,-1,-1,-1,-1,-1,-1,-1,-1,-1,-1,-1
1601,5,400,2,16,16,73339.789280,73339.811042,0.021762,0x40533c,1,150,58,92,36,40.000000,0,0,0.029910,1.200000,0.800000,mba,0,,0,0,-1,-1,-1,-1,-1,-1,-1,-1,-1,-1,-1,-1
1601,5,400,3,16,16,73339.787296,73339.808965,0.021669,0x40533c,1,40,10,30,38,40.000000,0,0,0.029910,1.200000,0.800000,mba,0,,0,0,-1,-1,-1,-1,-1,-1,-1,-1,-1,-1,-1,-1
1601,5,400,4,16,16,73339.788637,73339.816791,0.028154,0x40533c,1,724,544,180,40,80.000000,0,0,0.029910,1.200000,0.800000,mba,0,,0,0,-1,-1,-1,-1,-1,-1,-1,-1,-1,-1,-1,-1
1601,5,400,5,16,16,73339.788640,73339.816412,0.027772,0x40533c,1,724,399,325,42,80.000000,0,0,0.029910,1.200000,0.800000,mba,0,,0,0,-1,-1,-1,-1,-1,-1,-1,-1,-1,-1,-1,-1
1601,5,400,6,16,16,73339.788907,73339.816678,0.027771,0x40533c,1,765,453,312,44,80.000000,0,0,0.029910,1.200000,0.800000,mba,0,,0,0,-1,-1,-1,-1,-1,-1,-1,-1,-1,-1,-1,-1
1601,5,400,7,16,16,73339.789270,73339.816816,0.027546,0x40533c,1,844,543,301,46,80.000000,0,0,0.029910,1.200000,0.800000,mba,0,,0,0,-1,-1,-1,-1,-1,-1,-1,-1,-1,-1,-1,-1
1601,5,400,8,16,16,73339.787074,73339.814644,0.027570,0x40533c,1,757,438,319,48,80.000000,0,0,0.029910,1.200000,0.800000,mba,0,,0,0,-1,-1,-1,-1,-1,-1,-1,-1,-1,-1,-1,-1
1601,5,400,9,16,16,73339.788397,73339.816048,0.027651,0x40533c,1,653,289,364,50,100.000000,0,0,0.029910,1.200000,0.800000,mba,0,,0,0,-1,-1,-1,-1,-1,-1,-1,-1,-1,-1,-1,-1
1601,5,400,10,16,16,73339.789096,73339.816930,0.027834,0x40533c,1,803,375,428,52,80.000000,0,0,0.029910,1.200000,0.800000,mba,0,,0,0,-1,-1,-1,-1,-1,-1,-1,-1,-1,-1,-1,-1
1601,5,400,11,16,16,73339.788170,73339.815867,0.027697,0x40533c,1,754,345,409,54,80.000000,0,0,0.029910,1.200000,0.800000,mba,0,,0,0,-1,-1,-1,-1,-1,-1,-1,-1,-1,-1,-1,-1
1601,5,400,12,16,16,73339.787359,73339.809006,0.021647,0x40533c,1,25,0,25,56,40.000000,0,0,0.029910,1.200000,0.800000,mba,0,,0,0,-1,-1,-1,-1,-1,-1,-1,-1,-1,-1,-1,-1
1601,5,400,13,16,16,73339.788890,73339.810664,0.021774,0x40533c,1,45,4,41,58,40.000000,0,0,0.029910,1.200000,0.800000,mba,0,,0,0,-1,-1,-1,-1,-1,-1,-1,-1,-1,-1,-1,-1
1601,5,400,14,16,16,73339.787511,73339.809215,0.021704,0x40533c,1,113,65,48,60,40.000000,0,0,0.029910,1.200000,0.800000,mba,0,,0,0,-1,-1,-1,-1,-1,-1,-1,-1,-1,-1,-1,-1
1601,5,400,15,16,16,73339.787020,73339.808766,0.021746,0x40533c,1,132,100,32,62,40.000000,0,0,0.029910,1.200000,0.800000,mba,0,,0,0,-1,-1,-1,-1,-1,-1,-1,-1,-1,-1,-1,-1
1998,2,500,0,16,16,91052.137635,91237.132561,100.952850,0x4051ce,1,6678705,3285097,3393608,32,30.000000,1,1,187.659327,1.200000,0.800000,mba,0,,1,1,18833408,11534336,31719424,1009830936576,1010663301120,782262272,1009830936576,1010663391232,782442496,-1,-1,-1
1998,2,500,1,16,16,91052.390042,91237.220955,106.692350,0x4051ce,1,7560731,3584026,3976705,34,30.000000,1,1,187.659327,1.200000,0.800000,mba,0,,1,1,18292736,11624448,41361408,1009832919040,1010663571456,804249600,1009832919040,1010663571456,804069376,-1,-1,-1
1998,2,500,2,16,16,91051.234707,91237.456494,115.506799,0x4051ce,1,7573035,6746442,826593,36,40.000000,1,1,187.659327,1.200000,0.800000,mba,0,,1,1,0,3694592,108404736,145518804992,148096909312,2518810624,145518895104,148096909312,2519441408,-1,-1,-1
1998,2,500,3,16,16,91050.920073,91237.504184,119.603421,0x4051ce,1,7566745,7083632,483113,38,40.000000,1,1,187.659327,1.200000,0.800000,mba,0,,1,1,0,3694592,108134400,145517543424,148097179648,2548006912,145517543424,148097179648,2546475008,-1,-1,-1
1998,2,500,4,16,16,91050.920101,91238.329026,166.785678,0x4051ce,1,20974558,16708495,4266063,40,100.000000,1,1,187.659327,1.200000,0.800000,mba,0,,1,1,65961984,73621504,-1441792,5038431535104,5050548264960,11551006720,5038431535104,5050548445184,11546861568,-1,-1,-1
1998,2,500,5,16,16,91051.260801,91238.579400,181.079930,0x4051ce,1,20229231,16020375,4208856,42,100.000000,1,1,187.659327,1.200000,0.800000,mba,0,,1,1,62177280,74162176,13877248,5038444150784,5050560339968,12067889152,5038444331008,5050560339968,12056264704,-1,-1,-1
1998,2,500,6,16,16,91052.845845,91238.441755,170.394602,0x4051ce,1,19058362,15591611,3466751,44,100.000000,1,1,187.659327,1.200000,0.800000,mba,0,,1,1,64430080,73981952,270336,5038515699712,5050555834368,11689058304,5038515970048,5050556284928,11685634048,-1,-1,-1
1998,2,500,7,16,16,91051.553235,91238.549247,177.947619,0x4051ce,1,20565832,16220423,4345409,46,100.000000,1,1,187.659327,1.200000,0.800000,mba,0,,1,1,63168512,74162176,8380416,5038454063104,5050560339968,11994537984,5038454153216,5050560339968,11985977344,-1,-1,-1
1998,2,500,8,16,16,91050.927633,91238.480751,177.910524,0x4051ce,1,20482610,15866411,4616199,48,100.000000,1,1,187.659327,1.200000,0.800000,mba,0,,1,1,65961984,73981952,5947392,5038431535104,5050557726720,11983183872,5038431535104,5050557906944,11975524352,-1,-1,-1
1998,2,500,9,16,16,91052.982454,91238.186789,157.833932,0x4051ce,1,19866632,16044062,3822570,50,100.000000,1,1,187.659327,1.200000,0.800000,mba,0,,1,1,64430080,73891840,-1802240,5038525431808,5050533666816,10969694208,5038525882368,5050534387712,10974470144,-1,-1,-1
1998,2,500,10,16,16,91052.706034,91238.506614,166.520754,0x4051ce,1,21094919,16621157,4473762,52,100.000000,1,1,187.659327,1.200000,0.800000,mba,0,,1,1,64700416,74072064,1622016,5038506598400,5050559078400,11522711552,5038506688512,5050559168512,11525505024,-1,-1,-1
1998,2,500,11,16,16,91051.861425,91238.538789,171.740971,0x4051ce,1,20743905,16418834,4325071,54,100.000000,1,1,187.659327,1.200000,0.800000,mba,0,,1,1,63979520,74162176,3784704,5038467039232,5050559889408,11789443072,5038467039232,5050560249856,11786199040,-1,-1,-1
1998,2,500,12,16,16,91052.530992,91237.373984,112.828261,0x4051ce,1,7228206,6313619,914587,56,40.000000,1,1,187.659327,1.200000,0.800000,mba,0,,1,1,1441792,3694592,109486080,145534484480,148095647744,2471862272,145534574592,148095647744,2473304064,-1,-1,-1
1998,2,500,13,16,16,91052.254773,91237.464973,114.903050,0x4051ce,1,7202806,6439684,763122,58,40.000000,1,1,187.659327,1.200000,0.800000,mba,0,,1,1,1712128,3694592,108675072,145530609664,148097089536,2512953344,145530609664,148097089536,2511241216,-1,-1,-1
1998,2,500,14,16,16,91051.695333,91237.484970,117.781152,0x4051ce,1,7614779,6848078,766701,60,40.000000,1,1,187.659327,1.200000,0.800000,mba,0,,1,1,811008,3694592,109125632,145522769920,148097089536,2545303552,145522769920,148097179648,2544222208,-1,-1,-1
1998,2,500,15,16,16,91051.985364,91237.320164,112.544910,0x4051ce,1,7145663,3820244,3325419,62,30.000000,1,1,187.659327,1.200000,0.800000,mba,0,,1,1,19013632,11354112,27844608,1009830576128,1010663571456,819027968,1009830576128,1010663571456,818036736,-1,-1,-1
1999,3,500,0,16,16,91238.793795,91238.930299,0.136504,0x405218,1,6663,3326,3337,32,20.000000,0,0,0.381252,1.200000,0.800000,mba,0,,0,0,-1,-1,-1,-1,-1,-1,-1,-1,-1,-1,-1,-1
1999,3,500,1,16,16,91238.793720,91238.934418,0.140698,0x405218,1,6590,3472,3118,34,20.000000,0,0,0.381252,1.200000,0.800000,mba,0,,0,0,-1,-1,-1,-1,-1,-1,-1,-1,-1,-1,-1,-1
1999,3,500,2,16,16,91238.792883,91238.931497,0.138614,0x405218,1,5599,3373,2226,36,20.000000,0,0,0.381252,1.200000,0.800000,mba,0,,0,0,-1,-1,-1,-1,-1,-1,-1,-1,-1,-1,-1,-1
1999,3,500,3,16,16,91238.792730,91238.933897,0.141167,0x405218,1,4169,3409,760,38,20.000000,0,0,0.381252,1.200000,0.800000,mba,0,,0,0,-1,-1,-1,-1,-1,-1,-1,-1,-1,-1,-1,-1
1999,3,500,4,16,16,91238.791946,91239.076711,0.284765,0x405218,1,12285,8634,3651,40,100.000000,0,0,0.381252,1.200000,0.800000,mba,0,,0,0,-1,-1,-1,-1,-1,-1,-1,-1,-1,-1,-1,-1
1999,3,500,5,16,16,91238.792326,91239.172897,0.380571,0x405218,1,11455,8460,2995,42,100.000000,0,0,0.381252,1.200000,0.800000,mba,0,,0,0,-1,-1,-1,-1,-1,-1,-1,-1,-1,-1,-1,-1
1999,3,500,6,16,16,91238.792710,91239.149276,0.356566,0x405218,1,11193,8130,3063,44,100.000000,0,0,0.381252,1.200000,0.800000,mba,0,,0,0,-1,-1,-1,-1,-1,-1,-1,-1,-1,-1,-1,-1
1999,3,500,7,16,16,91238.792430,91239.161305,0.368875,0x405218,1,11666,8167,3499,46,100.000000,0,0,0.381252,1.200000,0.800000,mba,0,,0,0,-1,-1,-1,-1,-1,-1,-1,-1,-1,-1,-1,-1
1999,3,500,8,16,16,91238.793026,91239.149168,0.356142,0x405218,1,11443,7661,3782,48,100.000000,0,0,0.381252,1.200000,0.800000,mba,0,,0,0,-1,-1,-1,-1,-1,-1,-1,-1,-1,-1,-1,-1
1999,3,500,9,16,16,91238.793447,91239.066443,0.272996,0x405218,1,12122,8412,3710,50,100.000000,0,0,0.381252,1.200000,0.800000,mba,0,,0,0,-1,-1,-1,-1,-1,-1,-1,-1,-1,-1,-1,-1
1999,3,500,10,16,16,91238.792632,91239.149877,0.357245,0x405218,1,11611,8194,3417,52,100.000000,0,0,0.381252,1.200000,0.800000,mba,0,,0,0,-1,-1,-1,-1,-1,-1,-1,-1,-1,-1,-1,-1
1999,3,500,11,16,16,91238.793029,91239.144880,0.351851,0x405218,1,11419,7845,3574,54,100.000000,0,0,0.381252,1.200000,0.800000,mba,0,,0,0,-1,-1,-1,-1,-1,-1,-1,-1,-1,-1,-1,-1
1999,3,500,12,16,16,91238.791645,91238.956938,0.165293,0x405218,1,5533,4434,1099,56,20.000000,0,0,0.381252,1.200000,0.800000,mba,0,,0,0,-1,-1,-1,-1,-1,-1,-1,-1,-1,-1,-1,-1
1999,3,500,13,16,16,91238.792322,91238.957138,0.164816,0x405218,1,5568,4692,876,58,20.000000,0,0,0.381252,1.200000,0.800000,mba,0,,0,0,-1,-1,-1,-1,-1,-1,-1,-1,-1,-1,-1,-1
1999,3,500,14,16,16,91238.791652,91238.944548,0.152896,0x405218,1,5906,4997,909,60,20.000000,0,0,0.381252,1.200000,0.800000,mba,0,,0,0,-1,-1,-1,-1,-1,-1,-1,-1,-1,-1,-1,-1
1999,3,500,15,16,16,91238.793328,91238.949376,0.156048,0x405218,1,6212,3524,2688,62,20.000000,0,0,0.381252,1.200000,0.800000,mba,0,,0,0,-1,-1,-1,-1,-1,-1,-1,-1,-1,-1,-1,-1
2000,4,500,0,16,16,91239.979391,91240.021852,0.042461,0x4052e4,1,1820,1190,630,32,100.000000,0,0,0.050948,1.200000,0.800000,mba,0,,0,0,-1,-1,-1,-1,-1,-1,-1,-1,-1,-1,-1,-1
2000,4,500,1,16,16,91239.972559,91239.994679,0.022120,0x4052e4,1,340,261,79,34,20.000000,0,0,0.050948,1.200000,0.800000,mba,0,,0,0,-1,-1,-1,-1,-1,-1,-1,-1,-1,-1,-1,-1
2000,4,500,2,16,16,91239.972486,91239.992996,0.020510,0x4052e4,1,154,90,64,36,20.000000,0,0,0.050948,1.200000,0.800000,mba,0,,0,0,-1,-1,-1,-1,-1,-1,-1,-1,-1,-1,-1,-1
2000,4,500,3,16,16,91239.971190,91239.991748,0.020558,0x4052e4,1,75,25,50,38,20.000000,0,0,0.050948,1.200000,0.800000,mba,0,,0,0,-1,-1,-1,-1,-1,-1,-1,-1,-1,-1,-1,-1
2000,4,500,4,16,16,91239.971886,91239.994954,0.023068,0x4052e4,1,328,245,83,40,20.000000,0,0,0.050948,1.200000,0.800000,mba,0,,0,0,-1,-1,-1,-1,-1,-1,-1,-1,-1,-1,-1,-1
2000,4,500,5,16,16,91239.972827,91239.997486,0.024659,0x4052e4,1,213,169,44,42,20.000000,0,0,0.050948,1.200000,0.800000,mba,0,,0,0,-1,-1,-1,-1,-1,-1,-1,-1,-1,-1,-1,-1
2000,4,500,6,16,16,91239.970904,91239.996219,0.025315,0x4052e4,1,206,147,59,44,20.000000,0,0,0.050948,1.200000,0.800000,mba,0,,0,0,-1,-1,-1,-1,-1,-1,-1,-1,-1,-1,-1,-1
2000,4,500,7,16,16,91239.970988,91239.996972,0.025984,0x4052e4,1,223,149,74,46,20.000000,0,0,0.050948,1.200000,0.800000,mba,0,,0,0,-1,-1,-1,-1,-1,-1,-1,-1,-1,-1,-1,-1
2000,4,500,8,16,16,91239.971370,91239.995867,0.024497,0x4052e4,1,249,192,57,48,20.000000,0,0,0.050948,1.200000,0.800000,mba,0,,0,0,-1,-1,-1,-1,-1,-1,-1,-1,-1,-1,-1,-1
2000,4,500,9,16,16,91239.972694,91239.996803,0.024109,0x4052e4,1,319,251,68,50,40.000000,0,0,0.050948,1.200000,0.800000,mba,0,,0,0,-1,-1,-1,-1,-1,-1,-1,-1,-1,-1,-1,-1
2000,4,500,10,16,16,91239.972764,91239.998933,0.026169,0x4052e4,1,676,582,94,52,20.000000,0,0,0.050948,1.200000,0.800000,mba,0,,0,0,-1,-1,-1,-1,-1,-1,-1,-1,-1,-1,-1,-1
2000,4,500,11,16,16,91239.972275,91239.997568,0.025293,0x4052e4,1,191,125,66,54,20.000000,0,0,0.050948,1.200000,0.800000,mba,0,,0,0,-1,-1,-1,-1,-1,-1,-1,-1,-1,-1,-1,-1
2000,4,500,12,16,16,91239.971352,91239.992715,0.021363,0x4052e4,1,71,8,63,56,20.000000,0,0,0.050948,1.200000,0.800000,mba,0,,0,0,-1,-1,-1,-1,-1,-1,-1,-1,-1,-1,-1,-1
2000,4,500,13,16,16,91239.972662,91239.993532,0.020870,0x4052e4,1,54,6,48,58,20.000000,0,0,0.050948,1.200000,0.800000,mba,0,,0,0,-1,-1,-1,-1,-1,-1,-1,-1,-1,-1,-1,-1
2000,4,500,14,16,16,91239.972715,91239.993258,0.020543,0x4052e4,1,163,94,69,60,20.000000,0,0,0.050948,1.200000,0.800000,mba,0,,0,0,-1,-1,-1,-1,-1,-1,-1,-1,-1,-1,-1,-1
2000,4,500,15,16,16,91239.971168,91239.992308,0.021140,0x4052e4,1,98,52,46,62,20.000000,0,0,0.050948,1.200000,0.800000,mba,0,,0,0,-1,-1,-1,-1,-1,-1,-1,-1,-1,-1,-1,-1
2001,5,500,0,16,16,91240.089010,91240.122968,0.033958,0x40533c,1,37,8,29,32,40.000000,0,0,0.036133,1.200000,0.800000,mba,0,,0,0,-1,-1,-1,-1,-1,-1,-1,-1,-1,-1,-1,-1
2001,5,500,1,16,16,91240.088347,91240.112276,0.023929,0x40533c,1,71,23,48,34,40.000000,0,0,0.036133,1.200000,0.800000,mba,0,,0,0,-1,-1,-1,-1,-1,-1,-1,-1,-1,-1,-1,-1
2001,5,500,2,16,16,91240.088745,91240.111729,0.022984,0x40533c,1,119,87,32,36,40.000000,0,0,0.036133,1.200000,0.800000,mba,0,,0,0,-1,-1,-1,-1,-1,-1,-1,-1,-1,-1,-1,-1
2001,5,500,3,16,16,91240.088446,91240.110584,0.022138,0x40533c,1,42,12,30,38,40.000000,0,0,0.036133,1.200000,0.800000,mba,0,,0,0,-1,-1,-1,-1,-1,-1,-1,-1,-1,-1,-1,-1
2001,5,500,4,16,16,91240.088267,91240.116015,0.027748,0x40533c,1,743,483,260,40,80.000000,0,0,0.036133,1.200000,0.800000,mba,0,,0,0,-1,-1,-1,-1,-1,-1,-1,-1,-1,-1,-1,-1
2001,5,500,5,16,16,91240.088117,91240.119491,0.031374,0x40533c,1,271,119,152,42,80.000000,0,0,0.036133,1.200000,0.800000,mba,0,,0,0,-1,-1,-1,-1,-1,-1,-1,-1,-1,-1,-1,-1
2001,5,500,6,16,16,91240.088778,91240.121626,0.032848,0x40533c,1,220,106,114,44,80.000000,0,0,0.036133,1.200000,0.800000,mba,0,,0,0,-1,-1,-1,-1,-1,-1,-1,-1,-1,-1,-1,-1
2001,5,500,7,16,16,91240.089088,91240.121412,0.032324,0x40533c,1,319,175,144,46,80.000000,0,0,0.036133,1.200000,0.800000,mba,0,,0,0,-1,-1,-1,-1,-1,-1,-1,-1,-1,-1,-1,-1
2001,5,500,8,16,16,91240.088105,91240.119105,0.031000,0x40533c,1,288,124,164,48,80.000000,0,0,0.036133,1.200000,0.800000,mba,0,,0,0,-1,-1,-1,-1,-1,-1,-1,-1,-1,-1,-1,-1
2001,5,500,9,16,16,91240.088665,91240.119557,0.030892,0x40533c,1,685,353,332,50,100.000000,0,0,0.036133,1.200000,0.800000,mba,0,,0,0,-1,-1,-1,-1,-1,-1,-1,-1,-1,-1,-1,-1
2001,5,500,10,16,16,91240.088044,91240.119697,0.031653,0x40533c,1,733,321,412,52,80.000000,0,0,0.036133,1.200000,0.800000,mba,0,,0,0,-1,-1,-1,-1,-1,-1,-1,-1,-1,-1,-1,-1
2001,5,500,11,16,16,91240.087828,91240.119771,0.031943,0x40533c,1,341,115,226,54,80.000000,0,0,0.036133,1.200000,0.800000,mba,0,,0,0,-1,-1,-1,-1,-1,-1,-1,-1,-1,-1,-1,-1
2001,5,500,12,16,16,91240.087456,91240.111295,0.023839,0x40533c,1,31,5,26,56,40.000000,0,0,0.036133,1.200000,0.800000,mba,0,,0,0,-1,-1,-1,-1,-1,-1,-1,-1,-1,-1,-1,-1
2001,5,500,13,16,16,91240.087105,91240.110119,0.023014,0x40533c,1,37,19,18,58,40.000000,0,0,0.036133,1.200000,0.800000,mba,0,,0,0,-1,-1,-1,-1,-1,-1,-1,-1,-1,-1,-1,-1
2001,5,500,14,16,16,91240.086835,91240.110218,0.023383,0x40533c,1,39,15,24,60,40.000000,0,0,0.036133,1.200000,0.800000,mba,0,,0,0,-1,-1,-1,-1,-1,-1,-1,-1,-1,-1,-1,-1
2001,5,500,15,16,16,91240.088242,91240.112755,0.024513,0x40533c,1,64,32,32,62,40.000000,0,0,0.036133,1.200000,0.800000,mba,0,,0,0,-1,-1,-1,-1,-1,-1,-1,-1,-1,-1,-1,-1
2398,2,600,0,16,16,108355.493401,108523.472447,97.552661,0x4051ce,1,6668823,3203944,3464879,0,30.000000,1,1,169.279282,1.200000,0.800000,mba,0,,1,1,17391616,11444224,20996096,1096310702080,1097153609728,770727936,1096310702080,1097153609728,770367488,-1,-1,-1
2398,2,600,1,16,16,108355.477779,108523.603252,104.454066,0x4051ce,1,7575544,3524180,4051364,34,30.000000,1,1,169.279282,1.200000,0.800000,mba,0,,1,1,17211392,11534336,28295168,1096310611968,1097154060288,797761536,1096310611968,1097154060288,798031872,-1,-1,-1
2398,2,600,2,16,16,108355.430990,108523.884893,116.107020,0x4051ce,1,7571673,6789449,782224,36,40.000000,1,1,169.279282,1.200000,0.800000,mba,0,,1,1,3424256,4055040,120930304,410506387456,413166043136,2602975232,410506387456,413166043136,2603696128,-1,-1,-1
2398,2,600,3,16,16,108355.474396,108523.953544,120.466909,0x4051ce,1,7565492,7122096,443396,38,40.000000,1,1,169.279282,1.200000,0.800000,mba,0,,1,1,3424256,3964928,120209408,410506567680,413166313472,2641272832,410506567680,413166313472,2639831040,-1,-1,-1
2398,2,600,4,16,16,108355.482297,108524.627933,162.291739,0x4051ce,1,19696495,15627079,4069416,40,100.000000,1,1,169.279282,1.200000,0.800000,mba,0,,1,1,66592768,72269824,7389184,6217704210432,6229065891840,11317436416,6217704480768,6229065981952,11312119808,-1,-1,-1
2398,2,600,5,16,16,108355.483544,108524.624130,161.571409,0x4051ce,1,19787676,15501084,4286592,42,100.000000,1,1,169.279282,1.200000,0.800000,mba,0,,1,1,66682880,72269824,7929856,6217704210432,6229065891840,11298603008,6217704480768,6229065981952,11294638080,-1,-1,-1
2398,2,600,6,16,16,108355.482480,108524.545900,153.761879,0x4051ce,1,18727376,15061963,3665413,44,100.000000,1,1,169.279282,1.200000,0.800000,mba,0,,1,1,66592768,72269824,-1351680,6217704210432,6229060485120,10815512576,6217704390656,6229060845568,10819026944,-1,-1,-1
2398,2,600,7,16,16,108355.459907,108524.627692,162.597636,0x4051ce,1,19957099,15700479,4256620,46,100.000000,1,1,169.279282,1.200000,0.800000,mba,0,,1,1,66772992,72269824,7299072,6217704030208,6229065801728,11324915712,6217704210432,6229065891840,11320950784,-1,-1,-1
2398,2,600,8,16,16,108355.454200,108524.621124,160.894806,0x4051ce,1,19975319,15422086,4553233,48,100.000000,1,1,169.279282,1.200000,0.800000,mba,0,,1,1,66592768,72269824,6488064,6217704030208,6229065621504,11272470528,6217704210432,6229065801728,11272470528,-1,-1,-1
2398,2,600,9,16,16,108355.447567,108524.710272,159.672003,0x4051ce,1,18370553,14542851,3827702,50,100.000000,1,1,169.279282,1.200000,0.800000,mba,0,,1,1,66682880,72269824,991232,6217704030208,6229066973184,11122614272,6217704120320,6229066973184,11123425280,-1,-1,-1
2398,2,600,10,16,16,108355.487670,108524.554559,159.905501,0x4051ce,1,19946933,15350957,4595976,52,100.000000,1,1,169.279282,1.200000,0.800000,mba,0,,1,1,66592768,72359936,4685824,6217704390656,6229061206016,11216420864,6217704841216,6229061476352,11219664896,-1,-1,-1
2398,2,600,11,16,16,108355.483873,108524.587033,160.195452,0x4051ce,1,19867170,15483039,4384131,54,100.000000,1,1,169.279282,1.200000,0.800000,mba,0,,1,1,66592768,72450048,5947392,6217704210432,6229063819264,11249942528,6217704660992,6229063909376,11252736000,-1,-1,-1
2398,2,600,12,16,16,108355.463675,108523.852112,115.948301,0x4051ce,1,7614570,6698469,916101,56,40.000000,1,1,169.279282,1.200000,0.800000,mba,0,,1,1,3424256,4055040,121831424,410506387456,413165682688,2596397056,410506567680,413165682688,2598649856,-1,-1,-1
2398,2,600,13,16,16,108355.470557,108523.920343,118.999145,0x4051ce,1,7607183,6932831,674352,58,40.000000,1,1,169.279282,1.200000,0.800000,mba,0,,1,1,3424256,4055040,123453440,410506387456,413166223360,2636496896,410506567680,413166223360,2635415552,-1,-1,-1
2398,2,600,14,16,16,108355.460466,108523.894880,118.323679,0x4051ce,1,7611925,6867074,744851,60,40.000000,1,1,169.279282,1.200000,0.800000,mba,0,,1,1,3334144,4055040,122372096,410506387456,413166133248,2633072640,410506567680,413166133248,2631901184,-1,-1,-1
2398,2,600,15,16,16,108355.479477,108523.916085,116.654747,0x4051ce,1,7645047,4179857,3465190,62,30.000000,1,1,169.279282,1.200000,0.800000,mba,0,,1,1,17211392,11444224,21716992,1096310611968,1097155141632,837140480,1096310611968,1097155141632,836870144,-1,-1,-1
2399,3,600,0,16,16,108524.912819,108525.046075,0.133256,0x405218,1,6369,3264,3105,0,20.000000,0,0,0.340245,1.200000,0.800000,mba,0,,0,0,-1,-1,-1,-1,-1,-1,-1,-1,-1,-1,-1,-1
2399,3,600,1,16,16,108524.912501,108525.044918,0.132417,0x405218,1,6511,3181,3330,34,20.000000,0,0,0.340245,1.200000,0.800000,mba,0,,0,0,-1,-1,-1,-1,-1,-1,-1,-1,-1,-1,-1,-1
2399,3,600,2,16,16,108524.911369,108525.050784,0.139415,0x405218,1,5582,3400,2182,36,20.000000,0,0,0.340245,1.200000,0.800000,mba,0,,0,0,-1,-1,-1,-1,-1,-1,-1,-1,-1,-1,-1,-1
2399,3,600,3,16,16,108524.911879,108525.064469,0.152590,0x405218,1,4128,3455,673,38,20.000000,0,0,0.340245,1.200000,0.800000,mba,0,,0,0,-1,-1,-1,-1,-1,-1,-1,-1,-1,-1,-1,-1
2399,3,600,4,16,16,108524.912779,108525.196793,0.284014,0x405218,1,12053,8340,3713,40,100.000000,0,0,0.340245,1.200000,0.800000,mba,0,,0,0,-1,-1,-1,-1,-1,-1,-1,-1,-1,-1,-1,-1
2399,3,600,5,16,16,108524.912188,108525.201997,0.289809,0x405218,1,12042,8620,3422,42,100.000000,0,0,0.340245,1.200000,0.800000,mba,0,,0,0,-1,-1,-1,-1,-1,-1,-1,-1,-1,-1,-1,-1
2399,3,600,6,16,16,108524.913279,108525.186210,0.272931,0x405218,1,11803,8529,3274,44,100.000000,0,0,0.340245,1.200000,0.800000,mba,0,,0,0,-1,-1,-1,-1,-1,-1,-1,-1,-1,-1,-1,-1
2399,3,600,7,16,16,108524.912745,108525.202853,0.290108,0x405218,1,12259,8478,3781,46,100.000000,0,0,0.340245,1.200000,0.800000,mba,0,,0,0,-1,-1,-1,-1,-1,-1,-1,-1,-1,-1,-1,-1
2399,3,600,8,16,16,108524.913373,108525.188011,0.274638,0x405218,1,12138,8231,3907,48,100.000000,0,0,0.340245,1.200000,0.800000,mba,0,,0,0,-1,-1,-1,-1,-1,-1,-1,-1,-1,-1,-1,-1
2399,3,600,9,16,16,108524.911933,108525.251472,0.339539,0x405218,1,10911,7712,3199,50,100.000000,0,0,0.340245,1.200000,0.800000,mba,0,,0,0,-1,-1,-1,-1,-1,-1,-1,-1,-1,-1,-1,-1
2399,3,600,10,16,16,108524.912945,108525.191344,0.278399,0x405218,1,12244,8637,3607,52,100.000000,0,0,0.340245,1.200000,0.800000,mba,0,,0,0,-1,-1,-1,-1,-1,-1,-1,-1,-1,-1,-1,-1
2399,3,600,11,16,16,108524.911667,108525.185259,0.273592,0x405218,1,11932,8233,3699,54,100.000000,0,0,0.340245,1.200000,0.800000,mba,0,,0,0,-1,-1,-1,-1,-1,-1,-1,-1,-1,-1,-1,-1
2399,3,600,12,16,16,108524.912475,108525.061742,0.149267,0x405218,1,5001,3839,1162,56,20.000000,0,0,0.340245,1.200000,0.800000,mba,0,,0,0,-1,-1,-1,-1,-1,-1,-1,-1,-1,-1,-1,-1
2399,3,600,13,16,16,108524.912142,108525.071796,0.159654,0x405218,1,5107,4128,979,58,20.000000,0,0,0.340245,1.200000,0.800000,mba,0,,0,0,-1,-1,-1,-1,-1,-1,-1,-1,-1,-1,-1,-1
2399,3,600,14,16,16,108524.911227,108525.072932,0.161705,0x405218,1,5047,4156,891,60,20.000000,0,0,0.340245,1.200000,0.800000,mba,0,,0,0,-1,-1,-1,-1,-1,-1,-1,-1,-1,-1,-1,-1
2399,3,600,15,16,16,108524.912194,108525.044845,0.132651,0x405218,1,5763,2998,2765,62,20.000000,0,0,0.340245,1.200000,0.800000,mba,0,,0,0,-1,-1,-1,-1,-1,-1,-1,-1,-1,-1,-1,-1
2400,4,600,0,16,16,108526.047438,108526.093573,0.046135,0x4052e4,1,1856,1224,632,0,100.000000,0,0,0.052911,1.200000,0.800000,mba,0,,0,0,-1,-1,-1,-1,-1,-1,-1,-1,-1,-1,-1,-1
2400,4,600,1,16,16,108526.042076,108526.065046,0.022970,0x4052e4,1,313,258,55,34,20.000000,0,0,0.052911,1.200000,0.800000,mba,0,,0,0,-1,-1,-1,-1,-1,-1,-1,-1,-1,-1,-1,-1
2400,4,600,2,16,16,108526.042328,108526.064300,0.021972,0x4052e4,1,153,84,69,36,20.000000,0,0,0.052911,1.200000,0.800000,mba,0,,0,0,-1,-1,-1,-1,-1,-1,-1,-1,-1,-1,-1,-1
2400,4,600,3,16,16,108526.042306,108526.064469,0.022163,0x4052e4,1,95,30,65,38,20.000000,0,0,0.052911,1.200000,0.800000,mba,0,,0,0,-1,-1,-1,-1,-1,-1,-1,-1,-1,-1,-1,-1
2400,4,600,4,16,16,108526.042474,108526.067142,0.024668,0x4052e4,1,249,194,55,40,20.000000,0,0,0.052911,1.200000,0.800000,mba,0,,0,0,-1,-1,-1,-1,-1,-1,-1,-1,-1,-1,-1,-1
2400,4,600,5,16,16,108526.042634,108526.067618,0.024984,0x4052e4,1,320,249,71,42,20.000000,0,0,0.052911,1.200000,0.800000,mba,0,,0,0,-1,-1,-1,-1,-1,-1,-1,-1,-1,-1,-1,-1
2400,4,600,6,16,16,108526.042351,108526.067751,0.025400,0x4052e4,1,305,244,61,44,20.000000,0,0,0.052911,1.200000,0.800000,mba,0,,0,0,-1,-1,-1,-1,-1,-1,-1,-1,-1,-1,-1,-1
2400,4,600,7,16,16,108526.041612,108526.067247,0.025635,0x4052e4,1,389,306,83,46,20.000000,0,0,0.052911,1.200000,0.800000,mba,0,,0,0,-1,-1,-1,-1,-1,-1,-1,-1,-1,-1,-1,-1
2400,4,600,8,16,16,108526.041942,108526.067420,0.025478,0x4052e4,1,381,322,59,48,20.000000,0,0,0.052911,1.200000,0.800000,mba,0,,0,0,-1,-1,-1,-1,-1,-1,-1,-1,-1,-1,-1,-1
2400,4,600,9,16,16,108526.040987,108526.068579,0.027592,0x4052e4,1,281,230,51,50,30.000000,0,0,0.052911,1.200000,0.800000,mba,0,,0,0,-1,-1,-1,-1,-1,-1,-1,-1,-1,-1,-1,-1
2400,4,600,10,16,16,108526.043509,108526.069132,0.025623,0x4052e4,1,366,287,79,52,20.000000,0,0,0.052911,1.200000,0.800000,mba,0,,0,0,-1,-1,-1,-1,-1,-1,-1,-1,-1,-1,-1,-1
2400,4,600,11,16,16,108526.040901,108526.066030,0.025129,0x4052e4,1,371,309,62,54,20.000000,0,0,0.052911,1.200000,0.800000,mba,0,,0,0,-1,-1,-1,-1,-1,-1,-1,-1,-1,-1,-1,-1
2400,4,600,12,16,16,108526.041133,108526.063635,0.022502,0x4052e4,1,74,28,46,56,20.000000,0,0,0.052911,1.200000,0.800000,mba,0,,0,0,-1,-1,-1,-1,-1,-1,-1,-1,-1,-1,-1,-1
2400,4,600,13,16,16,108526.041598,108526.063280,0.021682,0x4052e4,1,57,10,47,58,20.000000,0,0,0.052911,1.200000,0.800000,mba,0,,0,0,-1,-1,-1,-1,-1,-1,-1,-1,-1,-1,-1,-1
2400,4,600,14,16,16,108526.040662,108526.062580,0.021918,0x4052e4,1,76,34,42,60,20.000000,0,0,0.052911,1.200000,0.800000,mba,0,,0,0,-1,-1,-1,-1,-1,-1,-1,-1,-1,-1,-1,-1
2400,4,600,15,16,16,108526.041509,108526.063710,0.022201,0x4052e4,1,189,135,54,62,20.000000,0,0,0.052911,1.200000,0.800000,mba,0,,0,0,-1,-1,-1,-1,-1,-1,-1,-1,-1,-1,-1,-1
2401,5,600,0,16,16,108526.165141,108526.186972,0.021831,0x40533c,1,35,7,28,0,40.000000,0,0,0.030857,1.200000,0.800000,mba,0,,0,0,-1,-1,-1,-1,-1,-1,-1,-1,-1,-1,-1,-1
2401,5,600,1,16,16,108526.164601,108526.186292,0.021691,0x40533c,1,56,26,30,34,40.000000,0,0,0.030857,1.200000,0.800000,mba,0,,0,0,-1,-1,-1,-1,-1,-1,-1,-1,-1,-1,-1,-1
2401,5,600,2,16,16,108526.165199,108526.186659,0.021460,0x40533c,1,84,56,28,36,40.000000,0,0,0.030857,1.200000,0.800000,mba,0,,0,0,-1,-1,-1,-1,-1,-1,-1,-1,-1,-1,-1,-1
2401,5,600,3,16,16,108526.165216,108526.186973,0.021757,0x40533c,1,69,35,34,38,40.000000,0,0,0.030857,1.200000,0.800000,mba,0,,0,0,-1,-1,-1,-1,-1,-1,-1,-1,-1,-1,-1,-1
2401,5,600,4,16,16,108526.165693,108526.193171,0.027478,0x40533c,1,631,446,185,40,80.000000,0,0,0.030857,1.200000,0.800000,mba,0,,0,0,-1,-1,-1,-1,-1,-1,-1,-1,-1,-1,-1,-1
2401,5,600,5,16,16,108526.165978,108526.193252,0.027274,0x40533c,1,659,368,291,42,80.000000,0,0,0.030857,1.200000,0.800000,mba,0,,0,0,-1,-1,-1,-1,-1,-1,-1,-1,-1,-1,-1,-1
2401,5,600,6,16,16,108526.165423,108526.192877,0.027454,0x40533c,1,566,296,270,44,80.000000,0,0,0.030857,1.200000,0.800000,mba,0,,0,0,-1,-1,-1,-1,-1,-1,-1,-1,-1,-1,-1,-1
2401,5,600,7,16,16,108526.165631,108526.193346,0.027715,0x40533c,1,672,406,266,46,80.000000,0,0,0.030857,1.200000,0.800000,mba,0,,0,0,-1,-1,-1,-1,-1,-1,-1,-1,-1,-1,-1,-1
2401,5,600,8,16,16,108526.165625,108526.192821,0.027196,0x40533c,1,703,402,301,48,80.000000,0,0,0.030857,1.200000,0.800000,mba,0,,0,0,-1,-1,-1,-1,-1,-1,-1,-1,-1,-1,-1,-1
2401,5,600,9,16,16,108526.165543,108526.195307,0.029764,0x40533c,1,144,62,82,50,100.000000,0,0,0.030857,1.200000,0.800000,mba,0,,0,0,-1,-1,-1,-1,-1,-1,-1,-1,-1,-1,-1,-1
2401,5,600,10,16,16,108526.164878,108526.192688,0.027810,0x40533c,1,717,251,466,52,80.000000,0,0,0.030857,1.200000,0.800000,mba,0,,0,0,-1,-1,-1,-1,-1,-1,-1,-1,-1,-1,-1,-1
2401,5,600,11,16,16,108526.164450,108526.193607,0.029157,0x40533c,1,710,313,397,54,80.000000,0,0,0.030857,1.200000,0.800000,mba,0,,0,0,-1,-1,-1,-1,-1,-1,-1,-1,-1,-1,-1,-1
2401,5,600,12,16,16,108526.165108,108526.186696,0.021588,0x40533c,1,63,35,28,56,40.000000,0,0,0.030857,1.200000,0.800000,mba,0,,0,0,-1,-1,-1,-1,-1,-1,-1,-1,-1,-1,-1,-1
2401,5,600,13,16,16,108526.164994,108526.186625,0.021631,0x40533c,1,70,23,47,58,40.000000,0,0,0.030857,1.200000,0.800000,mba,0,,0,0,-1,-1,-1,-1,-1,-1,-1,-1,-1,-1,-1,-1
2401,5,600,14,16,16,108526.164577,108526.186139,0.021562,0x40533c,1,50,18,32,60,40.000000,0,0,0.030857,1.200000,0.800000,mba,0,,0,0,-1,-1,-1,-1,-1,-1,-1,-1,-1,-1,-1,-1
2401,5,600,15,16,16,108526.164817,108526.186439,0.021622,0x40533c,1,111,79,32,62,40.000000,0,0,0.030857,1.200000,0.800000,mba,0,,0,0,-1,-1,-1,-1,-1,-1,-1,-1,-1,-1,-1,-1
2798,2,700,0,16,16,124661.972879,124823.604894,97.614022,0x4051ce,1,6681407,3145110,3536297,32,30.000000,1,1,162.767586,1.200000,0.800000,mba,0,,1,1,16400384,11894784,18563072,1181608017920,1182437949440,767754240,1181608017920,1182438039552,767754240,-1,-1,-1
2798,2,700,1,16,16,124661.970173,124823.778154,103.818871,0x4051ce,1,7568859,3487735,4081124,34,30.000000,1,1,162.767586,1.200000,0.800000,mba,0,,1,1,16310272,11804672,25231360,1181608017920,1182438850560,791543808,1181608017920,1182438850560,791904256,-1,-1,-1
2798,2,700,2,16,16,124661.946937,124823.975800,113.343378,0x4051ce,1,7266843,6484121,782722,36,40.000000,1,1,162.767586,1.200000,0.800000,mba,0,,1,1,4685824,3063808,92635136,674399649792,677037588480,2556567552,674399649792,677037768704,2557919232,-1,-1,-1
2798,2,700,3,16,16,124661.948687,124824.096186,119.678227,0x4051ce,1,7563465,7098755,464710,38,40.000000,1,1,162.767586,1.200000,0.800000,mba,0,,1,1,4685824,2793472,80560128,674399649792,677039120384,2628927488,674399830016,677039120384,2627485696,-1,-1,-1
2798,2,700,4,16,16,124661.974081,124824.573571,150.686898,0x4051ce,1,18592836,14611925,3980911,40,100.000000,1,1,162.767586,1.200000,0.800000,mba,0,,1,1,66682880,72630272,5857280,7302725410816,7313163894784,10337738752,7302725771264,7313164165120,10333683712,-1,-1,-1
2798,2,700,5,16,16,124661.972875,124824.608150,149.621385,0x4051ce,1,18688759,14400543,4288216,42,100.000000,1,1,162.767586,1.200000,0.800000,mba,0,,1,1,66682880,72540160,3874816,7302724870144,7313164615680,10304757760,7302726041600,7313164615680,10297368576,-1,-1,-1
2798,2,700,6,16,16,124661.947322,124824.512664,142.831744,0x4051ce,1,17732357,13988455,3743902,44,100.000000,1,1,162.767586,1.200000,0.800000,mba,0,,1,1,66682880,72269824,0,7302724870144,7313160110080,9903128576,7302725050368,7313160560640,9905471488,-1,-1,-1
2798,2,700,7,16,16,124661.958175,124824.610713,151.335649,0x4051ce,1,18822191,14668586,4153605,46,100.000000,1,1,162.767586,1.200000,0.800000,mba,0,,1,1,66682880,72540160,5677056,7302724960256,7313164615680,10355671040,7302725591040,7313164705792,10347921408,-1,-1,-1
2798,2,700,8,16,16,124661.978352,124824.561394,148.809907,0x4051ce,1,18837097,14360687,4476410,48,100.000000,1,1,162.767586,1.200000,0.800000,mba,0,,1,1,66682880,72540160,811008,7302724870144,7313163083776,10259341312,7302726041600,7313163714560,10259791872,-1,-1,-1
2798,2,700,9,16,16,124661.996297,124824.498020,143.062084,0x4051ce,1,17816288,13903617,3912671,18,100.000000,1,1,162.767586,1.200000,0.800000,mba,0,,1,1,66682880,72179712,-90112,7302726492160,7313158668288,9920520192,7302727122944,7313159208960,9922682880,-1,-1,-1
2798,2,700,10,16,16,124661.982375,124824.714523,158.202854,0x4051ce,1,17936971,13769874,4167097,52,100.000000,1,1,162.767586,1.200000,0.800000,mba,0,,1,1,67043328,72720384,8921088,7302726041600,7313165516800,10422173696,7302726311936,7313165516800,10412892160,-1,-1,-1
2798,2,700,11,16,16,124661.947629,124824.530499,148.532061,0x4051ce,1,18717503,14339046,4378457,54,100.000000,1,1,162.767586,1.200000,0.800000,mba,0,,1,1,66682880,72359936,180224,7302724870144,7313161371648,10257448960,7302725410816,7313161461760,10256097280,-1,-1,-1
2798,2,700,12,16,16,124661.978190,124823.986799,115.760657,0x4051ce,1,7618223,6730931,887292,24,40.000000,1,1,162.767586,1.200000,0.800000,mba,0,,1,1,4685824,2973696,88760320,674399830016,677037948928,2594054144,674399830016,677038129152,2596667392,-1,-1,-1
2798,2,700,13,16,16,124661.960226,124824.079994,117.834273,0x4051ce,1,7604458,6870017,734441,58,40.000000,1,1,162.767586,1.200000,0.800000,mba,0,,1,1,4685824,2703360,84344832,674399739904,677039120384,2620456960,674399830016,677039120384,2618744832,-1,-1,-1
2798,2,700,14,16,16,124661.960713,124824.057414,117.465150,0x4051ce,1,7611467,6849627,761840,60,40.000000,1,1,162.767586,1.200000,0.800000,mba,0,,1,1,4685824,2703360,84074496,674399649792,677039030272,2619105280,674399830016,677039030272,2617573376,-1,-1,-1
2798,2,700,15,16,16,124661.964154,124823.949539,114.647114,0x4051ce,1,7631582,4062391,3569191,62,30.000000,1,1,162.767586,1.200000,0.800000,mba,0,,1,1,16400384,11624448,18022400,1181608017920,1182439391232,824885248,1181608017920,1182439391232,824434688,-1,-1,-1
2799,3,700,0,16,16,124824.905547,124825.035091,0.129544,0x405218,1,6512,3126,3386,32,20.000000,0,0,0.328026,1.200000,0.800000,mba,0,,0,0,-1,-1,-1,-1,-1,-1,-1,-1,-1,-1,-1,-1
2799,3,700,1,16,16,124824.905391,124825.035427,0.130036,0x405218,1,6449,3036,3413,34,20.000000,0,0,0.328026,1.200000,0.800000,mba,0,,0,0,-1,-1,-1,-1,-1,-1,-1,-1,-1,-1,-1,-1
2799,3,700,2,16,16,124824.904418,124825.056359,0.151941,0x405218,1,5308,3237,2071,36,20.000000,0,0,0.328026,1.200000,0.800000,mba,0,,0,0,-1,-1,-1,-1,-1,-1,-1,-1,-1,-1,-1,-1
2799,3,700,3,16,16,124824.904024,124825.053235,0.149211,0x405218,1,4114,3369,745,38,20.000000,0,0,0.328026,1.200000,0.800000,mba,0,,0,0,-1,-1,-1,-1,-1,-1,-1,-1,-1,-1,-1,-1
2799,3,700,4,16,16,124824.905149,124825.173531,0.268382,0x405218,1,11817,8241,3576,40,100.000000,0,0,0.328026,1.200000,0.800000,mba,0,,0,0,-1,-1,-1,-1,-1,-1,-1,-1,-1,-1,-1,-1
2799,3,700,5,16,16,124824.904154,124825.170594,0.266440,0x405218,1,11845,8282,3563,42,100.000000,0,0,0.328026,1.200000,0.800000,mba,0,,0,0,-1,-1,-1,-1,-1,-1,-1,-1,-1,-1,-1,-1
2799,3,700,6,16,16,124824.904610,124825.171307,0.266697,0x405218,1,11644,8309,3335,44,100.000000,0,0,0.328026,1.200000,0.800000,mba,0,,0,0,-1,-1,-1,-1,-1,-1,-1,-1,-1,-1,-1,-1
2799,3,700,7,16,16,124824.904315,124825.171384,0.267069,0x405218,1,12112,8269,3843,46,100.000000,0,0,0.328026,1.200000,0.800000,mba,0,,0,0,-1,-1,-1,-1,-1,-1,-1,-1,-1,-1,-1,-1
2799,3,700,8,16,16,124824.904250,124825.170869,0.266619,0x405218,1,11903,8089,3814,48,100.000000,0,0,0.328026,1.200000,0.800000,mba,0,,0,0,-1,-1,-1,-1,-1,-1,-1,-1,-1,-1,-1,-1
2799,3,700,9,16,16,124824.905207,124825.164154,0.258947,0x405218,1,11651,8259,3392,18,100.000000,0,0,0.328026,1.200000,0.800000,mba,0,,0,0,-1,-1,-1,-1,-1,-1,-1,-1,-1,-1,-1,-1
2799,3,700,10,16,16,124824.904510,124825.231915,0.327405,0x405218,1,10986,7452,3534,52,100.000000,0,0,0.328026,1.200000,0.800000,mba,0,,0,0,-1,-1,-1,-1,-1,-1,-1,-1,-1,-1,-1,-1
2799,3,700,11,16,16,124824.904837,124825.164197,0.259360,0x405218,1,11750,7929,3821,54,100.000000,0,0,0.328026,1.200000,0.800000,mba,0,,0,0,-1,-1,-1,-1,-1,-1,-1,-1,-1,-1,-1,-1
2799,3,700,12,16,16,124824.904344,124825.048751,0.144407,0x405218,1,5794,4640,1154,24,20.000000,0,0,0.328026,1.200000,0.800000,mba,0,,0,0,-1,-1,-1,-1,-1,-1,-1,-1,-1,-1,-1,-1
2799,3,700,13,16,16,124824.903889,124825.060680,0.156791,0x405218,1,5080,4154,926,58,20.000000,0,0,0.328026,1.200000,0.800000,mba,0,,0,0,-1,-1,-1,-1,-1,-1,-1,-1,-1,-1,-1,-1
2799,3,700,14,16,16,124824.904112,124825.059148,0.155036,0x405218,1,5142,4139,1003,60,20.000000,0,0,0.328026,1.200000,0.800000,mba,0,,0,0,-1,-1,-1,-1,-1,-1,-1,-1,-1,-1,-1,-1
2799,3,700,15,16,16,124824.904550,124825.026728,0.122178,0x405218,1,5793,2446,3347,62,20.000000,0,0,0.328026,1.200000,0.800000,mba,0,,0,0,-1,-1,-1,-1,-1,-1,-1,-1,-1,-1,-1,-1
2800,4,700,0,16,16,124826.023217,124826.065158,0.041941,0x4052e4,1,1899,1174,725,32,100.000000,0,0,0.049283,1.200000,0.800000,mba,0,,0,0,-1,-1,-1,-1,-1,-1,-1,-1,-1,-1,-1,-1
2800,4,700,1,16,16,124826.017269,124826.039917,0.022648,0x4052e4,1,308,257,51,34,20.000000,0,0,0.049283,1.200000,0.800000,mba,0,,0,0,-1,-1,-1,-1,-1,-1,-1,-1,-1,-1,-1,-1
2800,4,700,2,16,16,124826.017094,124826.040203,0.023109,0x4052e4,1,66,16,50,36,20.000000,0,0,0.049283,1.200000,0.800000,mba,0,,0,0,-1,-1,-1,-1,-1,-1,-1,-1,-1,-1,-1,-1
2800,4,700,3,16,16,124826.017019,124826.038826,0.021807,0x4052e4,1,95,27,68,38,20.000000,0,0,0.049283,1.200000,0.800000,mba,0,,0,0,-1,-1,-1,-1,-1,-1,-1,-1,-1,-1,-1,-1
2800,4,700,4,16,16,124826.017084,124826.042563,0.025479,0x4052e4,1,250,183,67,40,20.000000,0,0,0.049283,1.200000,0.800000,mba,0,,0,0,-1,-1,-1,-1,-1,-1,-1,-1,-1,-1,-1,-1
2800,4,700,5,16,16,124826.017319,124826.042497,0.025178,0x4052e4,1,295,234,61,42,20.000000,0,0,0.049283,1.200000,0.800000,mba,0,,0,0,-1,-1,-1,-1,-1,-1,-1,-1,-1,-1,-1,-1
2800,4,700,6,16,16,124826.017192,124826.043286,0.026094,0x4052e4,1,344,276,68,44,20.000000,0,0,0.049283,1.200000,0.800000,mba,0,,0,0,-1,-1,-1,-1,-1,-1,-1,-1,-1,-1,-1,-1
2800,4,700,7,16,16,124826.016899,124826.041977,0.025078,0x4052e4,1,354,259,95,46,20.000000,0,0,0.049283,1.200000,0.800000,mba,0,,0,0,-1,-1,-1,-1,-1,-1,-1,-1,-1,-1,-1,-1
2800,4,700,8,16,16,124826.015982,124826.041575,0.025593,0x4052e4,1,238,185,53,48,20.000000,0,0,0.049283,1.200000,0.800000,mba,0,,0,0,-1,-1,-1,-1,-1,-1,-1,-1,-1,-1,-1,-1
2800,4,700,9,16,16,124826.017283,124826.043507,0.026224,0x4052e4,1,458,365,93,18,20.000000,0,0,0.049283,1.200000,0.800000,mba,0,,0,0,-1,-1,-1,-1,-1,-1,-1,-1,-1,-1,-1,-1
2800,4,700,10,16,16,124826.016325,124826.041664,0.025339,0x4052e4,1,609,538,71,52,20.000000,0,0,0.049283,1.200000,0.800000,mba,0,,0,0,-1,-1,-1,-1,-1,-1,-1,-1,-1,-1,-1,-1
2800,4,700,11,16,16,124826.016440,124826.041911,0.025471,0x4052e4,1,370,309,61,54,20.000000,0,0,0.049283,1.200000,0.800000,mba,0,,0,0,-1,-1,-1,-1,-1,-1,-1,-1,-1,-1,-1,-1
2800,4,700,12,16,16,124826.016714,124826.039065,0.022351,0x4052e4,1,165,109,56,24,20.000000,0,0,0.049283,1.200000,0.800000,mba,0,,0,0,-1,-1,-1,-1,-1,-1,-1,-1,-1,-1,-1,-1
2800,4,700,13,16,16,124826.016653,124826.038230,0.021577,0x4052e4,1,60,10,50,58,20.000000,0,0,0.049283,1.200000,0.800000,mba,0,,0,0,-1,-1,-1,-1,-1,-1,-1,-1,-1,-1,-1,-1
2800,4,700,14,16,16,124826.015875,124826.037806,0.021931,0x4052e4,1,67,27,40,60,20.000000,0,0,0.049283,1.200000,0.800000,mba,0,,0,0,-1,-1,-1,-1,-1,-1,-1,-1,-1,-1,-1,-1
2800,4,700,15,16,16,124826.016732,124826.038641,0.021909,0x4052e4,1,185,128,57,62,20.000000,0,0,0.049283,1.200000,0.800000,mba,0,,0,0,-1,-1,-1,-1,-1,-1,-1,-1,-1,-1,-1,-1
2801,5,700,0,16,16,124826.143911,124826.165964,0.022053,0x40533c,1,32,3,29,32,40.000000,0,0,0.030395,1.200000,0.800000,mba,0,,0,0,-1,-1,-1,-1,-1,-1,-1,-1,-1,-1,-1,-1
2801,5,700,1,16,16,124826.145526,124826.167496,0.021970,0x40533c,1,83,32,51,34,40.000000,0,0,0.030395,1.200000,0.800000,mba,0,,0,0,-1,-1,-1,-1,-1,-1,-1,-1,-1,-1,-1,-1
2801,5,700,2,16,16,124826.144924,124826.167017,0.022093,0x40533c,1,70,43,27,36,40.000000,0,0,0.030395,1.200000,0.800000,mba,0,,0,0,-1,-1,-1,-1,-1,-1,-1,-1,-1,-1,-1,-1
2801,5,700,3,16,16,124826.144795,124826.166536,0.021741,0x40533c,1,67,36,31,38,40.000000,0,0,0.030395,1.200000,0.800000,mba,0,,0,0,-1,-1,-1,-1,-1,-1,-1,-1,-1,-1,-1,-1
2801,5,700,4,16,16,124826.144184,124826.171872,0.027688,0x40533c,1,651,456,195,40,80.000000,0,0,0.030395,1.200000,0.800000,mba,0,,0,0,-1,-1,-1,-1,-1,-1,-1,-1,-1,-1,-1,-1
2801,5,700,5,16,16,124826.144566,124826.171788,0.027222,0x40533c,1,598,328,270,42,80.000000,0,0,0.030395,1.200000,0.800000,mba,0,,0,0,-1,-1,-1,-1,-1,-1,-1,-1,-1,-1,-1,-1
2801,5,700,6,16,16,124826.145476,124826.173308,0.027832,0x40533c,1,560,284,276,44,80.000000,0,0,0.030395,1.200000,0.800000,mba,0,,0,0,-1,-1,-1,-1,-1,-1,-1,-1,-1,-1,-1,-1
2801,5,700,7,16,16,124826.145851,124826.173509,0.027658,0x40533c,1,669,369,300,46,80.000000,0,0,0.030395,1.200000,0.800000,mba,0,,0,0,-1,-1,-1,-1,-1,-1,-1,-1,-1,-1,-1,-1
2801,5,700,8,16,16,124826.145489,124826.174306,0.028817,0x40533c,1,792,473,319,48,80.000000,0,0,0.030395,1.200000,0.800000,mba,0,,0,0,-1,-1,-1,-1,-1,-1,-1,-1,-1,-1,-1,-1
2801,5,700,9,16,16,124826.146000,124826.173759,0.027759,0x40533c,1,671,289,382,18,100.000000,0,0,0.030395,1.200000,0.800000,mba,0,,0,0,-1,-1,-1,-1,-1,-1,-1,-1,-1,-1,-1,-1
2801,5,700,10,16,16,124826.145614,124826.172751,0.027137,0x40533c,1,666,245,421,52,80.000000,0,0,0.030395,1.200000,0.800000,mba,0,,0,0,-1,-1,-1,-1,-1,-1,-1,-1,-1,-1,-1,-1
2801,5,700,11,16,16,124826.145899,124826.173910,0.028011,0x40533c,1,692,253,439,54,80.000000,0,0,0.030395,1.200000,0.800000,mba,0,,0,0,-1,-1,-1,-1,-1,-1,-1,-1,-1,-1,-1,-1
2801,5,700,12,16,16,124826.144464,124826.166164,0.021700,0x40533c,1,72,34,38,24,40.000000,0,0,0.030395,1.200000,0.800000,mba,0,,0,0,-1,-1,-1,-1,-1,-1,-1,-1,-1,-1,-1,-1
2801,5,700,13,16,16,124826.144913,124826.166712,0.021799,0x40533c,1,67,26,41,58,40.000000,0,0,0.030395,1.200000,0.800000,mba,0,,0,0,-1,-1,-1,-1,-1,-1,-1,-1,-1,-1,-1,-1
2801,5,700,14,16,16,124826.145877,124826.167943,0.022066,0x40533c,1,46,21,25,60,40.000000,0,0,0.030395,1.200000,0.800000,mba,0,,0,0,-1,-1,-1,-1,-1,-1,-1,-1,-1,-1,-1,-1
2801,5,700,15,16,16,124826.145236,124826.166832,0.021596,0x40533c,1,137,95,42,62,40.000000,0,0,0.030395,1.200000,0.800000,mba,0,,0,0,-1,-1,-1,-1,-1,-1,-1,-1,-1,-1,-1,-1
3198,2,800,0,16,16,140475.338003,140628.682706,96.631884,0x4051ce,1,6684203,3122467,3561736,32,30.000000,1,1,154.298968,1.200000,0.800000,mba,0,,1,1,17661952,12255232,15589376,1265958346752,1266775392256,753065984,1265958436864,1266775392256,752975872,-1,-1,-1
3198,2,800,1,16,16,140475.330869,140628.821150,103.264619,0x4051ce,1,7582594,3478510,4104084,34,30.000000,1,1,154.298968,1.200000,0.800000,mba,0,,1,1,17842176,11894784,22708224,1265958436864,1266776023040,779468800,1265958436864,1266776023040,779649024,-1,-1,-1
3198,2,800,2,16,16,140475.352507,140629.095992,115.515243,0x4051ce,1,7571811,6779961,791850,4,40.000000,1,1,154.298968,1.200000,0.800000,mba,0,,1,1,4325376,4415488,94167040,936471658496,939100315648,2588016640,936471748608,939100315648,2587656192,-1,-1,-1
3198,2,800,3,16,16,140475.322969,140629.126180,119.700359,0x4051ce,1,7564054,7104215,459839,38,40.000000,1,1,154.298968,1.200000,0.800000,mba,0,,1,1,3424256,4415488,85786624,936471478272,939100495872,2616762368,936471478272,939100585984,2615861248,-1,-1,-1
3198,2,800,4,16,16,140475.298566,140629.589047,148.851971,0x4051ce,1,18047161,14182382,3864779,40,100.000000,1,1,154.298968,1.200000,0.800000,mba,0,,1,1,67584000,70377472,4235264,8336182812672,8346208403456,10002251776,8336183533568,8346208403456,9994682368,-1,-1,-1
3198,2,800,5,16,16,140475.346520,140629.588032,147.749850,0x4051ce,1,18112606,13978323,4134283,42,100.000000,1,1,154.298968,1.200000,0.800000,mba,0,,1,1,67043328,70287360,5226496,8336183533568,8346208403456,9979813888,8336183894016,8346208403456,9972514816,-1,-1,-1
3198,2,800,6,16,16,140475.331856,140629.486068,140.967537,0x4051ce,1,17211822,13462285,3749537,44,100.000000,1,1,154.298968,1.200000,0.800000,mba,0,,1,1,66682880,70107136,-1802240,8336183533568,8346203627520,9603325952,8336183533568,8346204078080,9605578752,-1,-1,-1
3198,2,800,7,16,16,140475.340828,140629.597534,148.477041,0x4051ce,1,18252548,14149857,4102691,46,100.000000,1,1,154.298968,1.200000,0.800000,mba,0,,1,1,67584000,70377472,5046272,8336183533568,8346208403456,9999187968,8336183713792,8346208403456,9989996544,-1,-1,-1
3198,2,800,8,16,16,140475.307883,140629.563734,146.977771,0x4051ce,1,18272351,13870275,4402076,48,100.000000,1,1,154.298968,1.200000,0.800000,mba,0,,1,1,67584000,70287360,-270336,8336183533568,8346208043008,9939263488,8336183533568,8346208223232,9940975616,-1,-1,-1
3198,2,800,9,16,16,140475.338334,140629.483728,140.546821,0x4051ce,1,17291301,13325331,3965970,18,100.000000,1,1,154.298968,1.200000,0.800000,mba,0,,1,1,66682880,70197248,-1712128,8336183803904,8346203176960,9570164736,8336183894016,8346203807744,9572417536,-1,-1,-1
3198,2,800,10,16,16,140475.337394,140629.535231,146.437049,0x4051ce,1,18233031,13966065,4266966,52,100.000000,1,1,154.298968,1.200000,0.800000,mba,0,,1,1,67493888,70197248,-180224,8336183533568,8346206420992,9931964416,8336183803904,8346206871552,9930252288,-1,-1,-1
3198,2,800,11,16,16,140475.338098,140629.556994,146.555025,0x4051ce,1,18179826,13982461,4197365,54,100.000000,1,1,154.298968,1.200000,0.800000,mba,0,,1,1,66682880,70287360,2162688,8336183623680,8346208043008,9938001920,8336183894016,8346208133120,9935298560,-1,-1,-1
3198,2,800,12,16,16,140475.301969,140629.001396,114.790518,0x4051ce,1,7616495,6640570,975925,24,40.000000,1,1,154.298968,1.200000,0.800000,mba,0,,1,1,3424256,4595712,96059392,936471478272,939098423296,2571616256,936471478272,939098693632,2571616256,-1,-1,-1
3198,2,800,13,16,16,140475.330923,140629.137277,117.289959,0x4051ce,1,7606989,6820116,786873,58,40.000000,1,1,154.298968,1.200000,0.800000,mba,0,,1,1,3424256,4415488,89751552,936471478272,939100585984,2608201728,936471568384,939100585984,2605588480,-1,-1,-1
3198,2,800,14,16,16,140475.302094,140629.133374,116.924374,0x4051ce,1,7612979,6784820,828159,60,40.000000,1,1,154.298968,1.200000,0.800000,mba,0,,1,1,3424256,4415488,91193344,936471478272,939100585984,2606039040,936471478272,939100585984,2605137920,-1,-1,-1
3198,2,800,15,16,16,140475.337277,140629.088757,114.267525,0x4051ce,1,7642890,4050649,3592241,62,30.000000,1,1,154.298968,1.200000,0.800000,mba,0,,1,1,17661952,11534336,14598144,1265958346752,1266776743936,812720128,1265958436864,1266776743936,812359680,-1,-1,-1
3199,3,800,0,16,16,140629.787556,140629.914743,0.127187,0x405218,1,6437,3014,3423,32,20.000000,0,0,0.271977,1.200000,0.800000,mba,0,,0,0,-1,-1,-1,-1,-1,-1,-1,-1,-1,-1,-1,-1
3199,3,800,1,16,16,140629.787423,140629.920199,0.132776,0x405218,1,6446,3088,3358,34,20.000000,0,0,0.271977,1.200000,0.800000,mba,0,,0,0,-1,-1,-1,-1,-1,-1,-1,-1,-1,-1,-1,-1
3199,3,800,2,16,16,140629.786914,140629.926600,0.139686,0x405218,1,5637,3438,2199,4,20.000000,0,0,0.271977,1.200000,0.800000,mba,0,,0,0,-1,-1,-1,-1,-1,-1,-1,-1,-1,-1,-1,-1
3199,3,800,3,16,16,140629.786901,140629.935119,0.148218,0x405218,1,4228,3503,725,38,20.000000,0,0,0.271977,1.200000,0.800000,mba,0,,0,0,-1,-1,-1,-1,-1,-1,-1,-1,-1,-1,-1,-1
3199,3,800,4,16,16,140629.786604,140630.052059,0.265455,0x405218,1,11685,8128,3557,40,100.000000,0,0,0.271977,1.200000,0.800000,mba,0,,0,0,-1,-1,-1,-1,-1,-1,-1,-1,-1,-1,-1,-1
3199,3,800,5,16,16,140629.787617,140630.057166,0.269549,0x405218,1,11693,8154,3539,42,100.000000,0,0,0.271977,1.200000,0.800000,mba,0,,0,0,-1,-1,-1,-1,-1,-1,-1,-1,-1,-1,-1,-1
3199,3,800,6,16,16,140629.787735,140630.044374,0.256639,0x405218,1,11435,8223,3212,44,100.000000,0,0,0.271977,1.200000,0.800000,mba,0,,0,0,-1,-1,-1,-1,-1,-1,-1,-1,-1,-1,-1,-1
3199,3,800,7,16,16,140629.787686,140630.044975,0.257289,0x405218,1,11916,8134,3782,46,100.000000,0,0,0.271977,1.200000,0.800000,mba,0,,0,0,-1,-1,-1,-1,-1,-1,-1,-1,-1,-1,-1,-1
3199,3,800,8,16,16,140629.786250,140630.045535,0.259285,0x405218,1,11730,7982,3748,48,100.000000,0,0,0.271977,1.200000,0.800000,mba,0,,0,0,-1,-1,-1,-1,-1,-1,-1,-1,-1,-1,-1,-1
3199,3,800,9,16,16,140629.786830,140630.038673,0.251843,0x405218,1,11410,7867,3543,18,100.000000,0,0,0.271977,1.200000,0.800000,mba,0,,0,0,-1,-1,-1,-1,-1,-1,-1,-1,-1,-1,-1,-1
3199,3,800,10,16,16,140629.787117,140630.044279,0.257162,0x405218,1,11867,8315,3552,52,100.000000,0,0,0.271977,1.200000,0.800000,mba,0,,0,0,-1,-1,-1,-1,-1,-1,-1,-1,-1,-1,-1,-1
3199,3,800,11,16,16,140629.786487,140630.047298,0.260811,0x405218,1,11599,8041,3558,54,100.000000,0,0,0.271977,1.200000,0.800000,mba,0,,0,0,-1,-1,-1,-1,-1,-1,-1,-1,-1,-1,-1,-1
3199,3,800,12,16,16,140629.785593,140629.927440,0.141847,0x405218,1,5029,3785,1244,24,20.000000,0,0,0.271977,1.200000,0.800000,mba,0,,0,0,-1,-1,-1,-1,-1,-1,-1,-1,-1,-1,-1,-1
3199,3,800,13,16,16,140629.785189,140629.940760,0.155571,0x405218,1,5071,4156,915,58,20.000000,0,0,0.271977,1.200000,0.800000,mba,0,,0,0,-1,-1,-1,-1,-1,-1,-1,-1,-1,-1,-1,-1
3199,3,800,14,16,16,140629.785506,140629.944892,0.159386,0x405218,1,5058,4122,936,60,20.000000,0,0,0.271977,1.200000,0.800000,mba,0,,0,0,-1,-1,-1,-1,-1,-1,-1,-1,-1,-1,-1,-1
3199,3,800,15,16,16,140629.786243,140629.919900,0.133657,0x405218,1,5841,3077,2764,62,20.000000,0,0,0.271977,1.200000,0.800000,mba,0,,0,0,-1,-1,-1,-1,-1,-1,-1,-1,-1,-1,-1,-1
3200,4,800,0,16,16,140630.853588,140630.896898,0.043310,0x4052e4,1,1931,1210,721,32,100.000000,0,0,0.050156,1.200000,0.800000,mba,0,,0,0,-1,-1,-1,-1,-1,-1,-1,-1,-1,-1,-1,-1
3200,4,800,1,16,16,140630.848572,140630.871590,0.023018,0x4052e4,1,294,247,47,34,20.000000,0,0,0.050156,1.200000,0.800000,mba,0,,0,0,-1,-1,-1,-1,-1,-1,-1,-1,-1,-1,-1,-1
3200,4,800,2,16,16,140630.848524,140630.871057,0.022533,0x4052e4,1,151,115,36,4,20.000000,0,0,0.050156,1.200000,0.800000,mba,0,,0,0,-1,-1,-1,-1,-1,-1,-1,-1,-1,-1,-1,-1
3200,4,800,3,16,16,140630.847697,140630.869663,0.021966,0x4052e4,1,73,24,49,38,20.000000,0,0,0.050156,1.200000,0.800000,mba,0,,0,0,-1,-1,-1,-1,-1,-1,-1,-1,-1,-1,-1,-1
3200,4,800,4,16,16,140630.847940,140630.873202,0.025262,0x4052e4,1,257,193,64,40,20.000000,0,0,0.050156,1.200000,0.800000,mba,0,,0,0,-1,-1,-1,-1,-1,-1,-1,-1,-1,-1,-1,-1
3200,4,800,5,16,16,140630.847615,140630.872564,0.024949,0x4052e4,1,291,213,78,42,20.000000,0,0,0.050156,1.200000,0.800000,mba,0,,0,0,-1,-1,-1,-1,-1,-1,-1,-1,-1,-1,-1,-1
3200,4,800,6,16,16,140630.847677,140630.873575,0.025898,0x4052e4,1,306,249,57,44,20.000000,0,0,0.050156,1.200000,0.800000,mba,0,,0,0,-1,-1,-1,-1,-1,-1,-1,-1,-1,-1,-1,-1
3200,4,800,7,16,16,140630.847188,140630.873069,0.025881,0x4052e4,1,345,282,63,46,20.000000,0,0,0.050156,1.200000,0.800000,mba,0,,0,0,-1,-1,-1,-1,-1,-1,-1,-1,-1,-1,-1,-1
3200,4,800,8,16,16,140630.847762,140630.873511,0.025749,0x4052e4,1,288,226,62,48,20.000000,0,0,0.050156,1.200000,0.800000,mba,0,,0,0,-1,-1,-1,-1,-1,-1,-1,-1,-1,-1,-1,-1
3200,4,800,9,16,16,140630.848438,140630.873991,0.025553,0x4052e4,1,349,285,64,18,20.000000,0,0,0.050156,1.200000,0.800000,mba,0,,0,0,-1,-1,-1,-1,-1,-1,-1,-1,-1,-1,-1,-1
3200,4,800,10,16,16,140630.848937,140630.875665,0.026728,0x4052e4,1,381,313,68,52,20.000000,0,0,0.050156,1.200000,0.800000,mba,0,,0,0,-1,-1,-1,-1,-1,-1,-1,-1,-1,-1,-1,-1
3200,4,800,11,16,16,140630.847685,140630.873447,0.025762,0x4052e4,1,420,344,76,54,20.000000,0,0,0.050156,1.200000,0.800000,mba,0,,0,0,-1,-1,-1,-1,-1,-1,-1,-1,-1,-1,-1,-1
3200,4,800,12,16,16,140630.846742,140630.869200,0.022458,0x4052e4,1,80,40,40,24,20.000000,0,0,0.050156,1.200000,0.800000,mba,0,,0,0,-1,-1,-1,-1,-1,-1,-1,-1,-1,-1,-1,-1
3200,4,800,13,16,16,140630.847041,140630.868946,0.021905,0x4052e4,1,45,13,32,58,20.000000,0,0,0.050156,1.200000,0.800000,mba,0,,0,0,-1,-1,-1,-1,-1,-1,-1,-1,-1,-1,-1,-1
3200,4,800,14,16,16,140630.847187,140630.869120,0.021933,0x4052e4,1,77,37,40,60,20.000000,0,0,0.050156,1.200000,0.800000,mba,0,,0,0,-1,-1,-1,-1,-1,-1,-1,-1,-1,-1,-1,-1
3200,4,800,15,16,16,140630.848687,140630.870663,0.021976,0x4052e4,1,183,151,32,62,20.000000,0,0,0.050156,1.200000,0.800000,mba,0,,0,0,-1,-1,-1,-1,-1,-1,-1,-1,-1,-1,-1,-1
3201,5,800,0,16,16,140630.958004,140630.979921,0.021917,0x40533c,1,25,0,25,32,40.000000,0,0,0.030512,1.200000,0.800000,mba,0,,0,0,-1,-1,-1,-1,-1,-1,-1,-1,-1,-1,-1,-1
3201,5,800,1,16,16,140630.957982,140630.979597,0.021615,0x40533c,1,46,11,35,34,40.000000,0,0,0.030512,1.200000,0.800000,mba,0,,0,0,-1,-1,-1,-1,-1,-1,-1,-1,-1,-1,-1,-1
3201,5,800,2,16,16,140630.957363,140630.979374,0.022011,0x40533c,1,119,84,35,4,40.000000,0,0,0.030512,1.200000,0.800000,mba,0,,0,0,-1,-1,-1,-1,-1,-1,-1,-1,-1,-1,-1,-1
3201,5,800,3,16,16,140630.957414,140630.979280,0.021866,0x40533c,1,44,6,38,38,40.000000,0,0,0.030512,1.200000,0.800000,mba,0,,0,0,-1,-1,-1,-1,-1,-1,-1,-1,-1,-1,-1,-1
3201,5,800,4,16,16,140630.958810,140630.985865,0.027055,0x40533c,1,679,504,175,40,80.000000,0,0,0.030512,1.200000,0.800000,mba,0,,0,0,-1,-1,-1,-1,-1,-1,-1,-1,-1,-1,-1,-1
3201,5,800,5,16,16,140630.958685,140630.986362,0.027677,0x40533c,1,651,393,258,42,80.000000,0,0,0.030512,1.200000,0.800000,mba,0,,0,0,-1,-1,-1,-1,-1,-1,-1,-1,-1,-1,-1,-1
3201,5,800,6,16,16,140630.956946,140630.984325,0.027379,0x40533c,1,786,465,321,44,80.000000,0,0,0.030512,1.200000,0.800000,mba,0,,0,0,-1,-1,-1,-1,-1,-1,-1,-1,-1,-1,-1,-1
3201,5,800,7,16,16,140630.957532,140630.985056,0.027524,0x40533c,1,656,428,228,46,80.000000,0,0,0.030512,1.200000,0.800000,mba,0,,0,0,-1,-1,-1,-1,-1,-1,-1,-1,-1,-1,-1,-1
3201,5,800,8,16,16,140630.959056,140630.987458,0.028402,0x40533c,1,748,433,315,48,80.000000,0,0,0.030512,1.200000,0.800000,mba,0,,0,0,-1,-1,-1,-1,-1,-1,-1,-1,-1,-1,-1,-1
3201,5,800,9,16,16,140630.959216,140630.987169,0.027953,0x40533c,1,674,291,383,18,100.000000,0,0,0.030512,1.200000,0.800000,mba,0,,0,0,-1,-1,-1,-1,-1,-1,-1,-1,-1,-1,-1,-1
3201,5,800,10,16,16,140630.958689,140630.987319,0.028630,0x40533c,1,785,322,463,52,80.000000,0,0,0.030512,1.200000,0.800000,mba,0,,0,0,-1,-1,-1,-1,-1,-1,-1,-1,-1,-1,-1,-1
3201,5,800,11,16,16,140630.958057,140630.985675,0.027618,0x40533c,1,808,382,426,54,80.000000,0,0,0.030512,1.200000,0.800000,mba,0,,0,0,-1,-1,-1,-1,-1,-1,-1,-1,-1,-1,-1,-1
3201,5,800,12,16,16,140630.957251,140630.979171,0.021920,0x40533c,1,49,19,30,24,40.000000,0,0,0.030512,1.200000,0.800000,mba,0,,0,0,-1,-1,-1,-1,-1,-1,-1,-1,-1,-1,-1,-1
3201,5,800,13,16,16,140630.958245,140630.979784,0.021539,0x40533c,1,52,11,41,58,40.000000,0,0,0.030512,1.200000,0.800000,mba,0,,0,0,-1,-1,-1,-1,-1,-1,-1,-1,-1,-1,-1,-1
3201,5,800,14,16,16,140630.957256,140630.978999,0.021743,0x40533c,1,62,21,41,60,40.000000,0,0,0.030512,1.200000,0.800000,mba,0,,0,0,-1,-1,-1,-1,-1,-1,-1,-1,-1,-1,-1,-1
3201,5,800,15,16,16,140630.957577,140630.979284,0.021707,0x40533c,1,102,70,32,62,40.000000,0,0,0.030512,1.200000,0.800000,mba,0,,0,0,-1,-1,-1,-1,-1,-1,-1,-1,-1,-1,-1,-1
3598,2,900,0,16,16,155726.664788,155875.115114,95.336293,0x4051ce,1,6686221,3097770,3588451,32,30.000000,1,1,149.332305,1.200000,0.800000,mba,0,,1,1,18112512,11804672,9732096,1349199667200,1350014099456,747569152,1349199757312,1350014099456,747298816,-1,-1,-1
3598,2,900,1,16,16,155726.645099,155875.266832,102.302477,0x4051ce,1,7576247,3458996,4117251,34,30.000000,1,1,149.332305,1.200000,0.800000,mba,0,,1,1,17932288,11894784,18292736,1349199577088,1350014820352,775593984,1349199577088,1350014820352,775503872,-1,-1,-1
3598,2,900,2,16,16,155726.608441,155875.493537,115.092222,0x4051ce,1,7566643,6771584,795059,4,40.000000,1,1,149.332305,1.200000,0.800000,mba,0,,1,1,3604480,3964928,77766656,1199164989440,1201781932032,2571796480,1199164989440,1201781932032,2572877824,-1,-1,-1
3598,2,900,3,16,16,155726.598017,155875.607555,119.606297,0x4051ce,1,7562375,7111747,450628,38,40.000000,1,1,149.332305,1.200000,0.800000,mba,0,,1,1,3604480,4145152,73351168,1199164989440,1201783013376,2606129152,1199164989440,1201783013376,2605047808,-1,-1,-1
3598,2,900,4,16,16,155726.631074,155875.915857,143.182581,0x4051ce,1,17495012,13667320,3827692,40,100.000000,1,1,149.332305,1.200000,0.800000,mba,0,,1,1,67313664,70828032,1982464,9313778794496,9323416363008,9594945536,9313779335168,9323416363008,9587466240,-1,-1,-1
3598,2,900,5,16,16,155726.652613,155875.930322,142.876201,0x4051ce,1,17580258,13514483,4065775,42,100.000000,1,1,149.332305,1.200000,0.800000,mba,0,,1,1,66772992,70828032,1531904,9313779335168,9323416363008,9592872960,9313780056064,9323416363008,9582960640,-1,-1,-1
3598,2,900,6,16,16,155726.622695,155875.794187,135.437079,0x4051ce,1,16722517,12886835,3835682,44,100.000000,1,1,149.332305,1.200000,0.800000,mba,0,,1,1,67403776,70377472,0,9313778434048,9323408883712,9150242816,9313778884608,9323409244160,9153847296,-1,-1,-1
3598,2,900,7,16,16,155726.653670,155875.914419,143.822077,0x4051ce,1,17716023,13637607,4078416,46,100.000000,1,1,149.332305,1.200000,0.800000,mba,0,,1,1,66682880,70918144,3424256,9313779785728,9323416363008,9613508608,9313780146176,9323416363008,9605758976,-1,-1,-1
3598,2,900,8,16,16,155726.634797,155875.887700,142.052380,0x4051ce,1,17737278,13341756,4395522,48,100.000000,1,1,149.332305,1.200000,0.800000,mba,0,,1,1,67223552,70647808,540672,9313778704384,9323415912448,9546375168,9313779064832,9323415912448,9545654272,-1,-1,-1
3598,2,900,9,16,16,155726.608870,155875.812372,135.807026,0x4051ce,1,16795495,12806384,3989111,18,100.000000,1,1,149.332305,1.200000,0.800000,mba,0,,1,1,67313664,70557696,90112,9313778524160,9323410235392,9192955904,9313778794496,9323410685952,9195118592,-1,-1,-1
3598,2,900,10,16,16,155726.638555,155875.881987,141.688661,0x4051ce,1,17697800,13436750,4261050,52,100.000000,1,1,149.332305,1.200000,0.800000,mba,0,,1,1,67223552,70647808,1081344,9313778794496,9323415732224,9550069760,9313779154944,9323415912448,9546735616,-1,-1,-1
3598,2,900,11,16,16,155726.647240,155875.905652,142.230438,0x4051ce,1,17619970,13490099,4129871,54,100.000000,1,1,149.332305,1.200000,0.800000,mba,0,,1,1,66682880,70737920,2162688,9313779605504,9323416363008,9574129664,9313779965952,9323416363008,9566830592,-1,-1,-1
3598,2,900,12,16,16,155726.655247,155875.433768,113.921313,0x4051ce,1,7625400,6586662,1038738,24,40.000000,1,1,149.332305,1.200000,0.800000,mba,0,,1,1,3784704,3874816,78487552,1199165259776,1201780940800,2550980608,1199165440000,1201781030912,2552872960,-1,-1,-1
3598,2,900,13,16,16,155726.656751,155875.571345,116.993994,0x4051ce,1,7607329,6818289,789040,58,40.000000,1,1,149.332305,1.200000,0.800000,mba,0,,1,1,3784704,4145152,76414976,1199165259776,1201782923264,2596036608,1199165440000,1201782923264,2594594816,-1,-1,-1
3598,2,900,14,16,16,155726.606346,155875.570042,116.690406,0x4051ce,1,7606144,6797857,808287,60,40.000000,1,1,149.332305,1.200000,0.800000,mba,0,,1,1,3604480,4145152,76955648,1199164989440,1201782923264,2594865152,1199164989440,1201782923264,2594054144,-1,-1,-1
3598,2,900,15,16,16,155726.625953,155875.537224,113.483177,0x4051ce,1,7640025,4036333,3603692,62,30.000000,1,1,149.332305,1.200000,0.800000,mba,0,,1,1,17932288,11534336,13066240,1349199577088,1350015541248,812900352,1349199577088,1350015541248,812269568,-1,-1,-1
3599,3,900,0,16,16,155876.118382,155876.243566,0.125184,0x405218,1,6405,3046,3359,32,20.000000,0,0,0.262467,1.200000,0.800000,mba,0,,0,0,-1,-1,-1,-1,-1,-1,-1,-1,-1,-1,-1,-1
3599,3,900,1,16,16,155876.118462,155876.252247,0.133785,0x405218,1,6473,3197,3276,34,20.000000,0,0,0.262467,1.200000,0.800000,mba,0,,0,0,-1,-1,-1,-1,-1,-1,-1,-1,-1,-1,-1,-1
3599,3,900,2,16,16,155876.117031,155876.253770,0.136739,0x405218,1,5637,3456,2181,4,20.000000,0,0,0.262467,1.200000,0.800000,mba,0,,0,0,-1,-1,-1,-1,-1,-1,-1,-1,-1,-1,-1,-1
3599,3,900,3,16,16,155876.117658,155876.266038,0.148380,0x405218,1,4216,3412,804,38,20.000000,0,0,0.262467,1.200000,0.800000,mba,0,,0,0,-1,-1,-1,-1,-1,-1,-1,-1,-1,-1,-1,-1
3599,3,900,4,16,16,155876.117119,155876.371520,0.254401,0x405218,1,11500,7949,3551,40,100.000000,0,0,0.262467,1.200000,0.800000,mba,0,,0,0,-1,-1,-1,-1,-1,-1,-1,-1,-1,-1,-1,-1
3599,3,900,5,16,16,155876.117663,155876.378468,0.260805,0x405218,1,11540,8004,3536,42,100.000000,0,0,0.262467,1.200000,0.800000,mba,0,,0,0,-1,-1,-1,-1,-1,-1,-1,-1,-1,-1,-1,-1
3599,3,900,6,16,16,155876.117832,155876.363774,0.245942,0x405218,1,11298,8028,3270,44,100.000000,0,0,0.262467,1.200000,0.800000,mba,0,,0,0,-1,-1,-1,-1,-1,-1,-1,-1,-1,-1,-1,-1
3599,3,900,7,16,16,155876.118956,155876.374035,0.255079,0x405218,1,11743,7936,3807,46,100.000000,0,0,0.262467,1.200000,0.800000,mba,0,,0,0,-1,-1,-1,-1,-1,-1,-1,-1,-1,-1,-1,-1
3599,3,900,8,16,16,155876.118192,155876.379381,0.261189,0x405218,1,11588,7986,3602,48,100.000000,0,0,0.262467,1.200000,0.800000,mba,0,,0,0,-1,-1,-1,-1,-1,-1,-1,-1,-1,-1,-1,-1
3599,3,900,9,16,16,155876.117763,155876.368730,0.250967,0x405218,1,11333,7925,3408,18,100.000000,0,0,0.262467,1.200000,0.800000,mba,0,,0,0,-1,-1,-1,-1,-1,-1,-1,-1,-1,-1,-1,-1
3599,3,900,10,16,16,155876.118084,155876.373567,0.255483,0x405218,1,11725,8166,3559,52,100.000000,0,0,0.262467,1.200000,0.800000,mba,0,,0,0,-1,-1,-1,-1,-1,-1,-1,-1,-1,-1,-1,-1
3599,3,900,11,16,16,155876.117406,155876.368342,0.250936,0x405218,1,11449,7807,3642,54,100.000000,0,0,0.262467,1.200000,0.800000,mba,0,,0,0,-1,-1,-1,-1,-1,-1,-1,-1,-1,-1,-1,-1
3599,3,900,12,16,16,155876.117376,155876.251928,0.134552,0x405218,1,5780,3889,1891,24,20.000000,0,0,0.262467,1.200000,0.800000,mba,0,,0,0,-1,-1,-1,-1,-1,-1,-1,-1,-1,-1,-1,-1
3599,3,900,13,16,16,155876.117961,155876.267639,0.149678,0x405218,1,5118,4179,939,58,20.000000,0,0,0.262467,1.200000,0.800000,mba,0,,0,0,-1,-1,-1,-1,-1,-1,-1,-1,-1,-1,-1,-1
3599,3,900,14,16,16,155876.116914,155876.270682,0.153768,0x405218,1,5080,3754,1326,60,20.000000,0,0,0.262467,1.200000,0.800000,mba,0,,0,0,-1,-1,-1,-1,-1,-1,-1,-1,-1,-1,-1,-1
3599,3,900,15,16,16,155876.117581,155876.241229,0.123648,0x405218,1,5818,2671,3147,62,20.000000,0,0,0.262467,1.200000,0.800000,mba,0,,0,0,-1,-1,-1,-1,-1,-1,-1,-1,-1,-1,-1,-1
3600,4,900,0,16,16,155877.179583,155877.233661,0.054078,0x4052e4,1,2003,1203,800,32,100.000000,0,0,0.062852,1.200000,0.800000,mba,0,,0,0,-1,-1,-1,-1,-1,-1,-1,-1,-1,-1,-1,-1
3600,4,900,1,16,16,155877.172773,155877.194086,0.021313,0x4052e4,1,353,277,76,34,20.000000,0,0,0.062852,1.200000,0.800000,mba,0,,0,0,-1,-1,-1,-1,-1,-1,-1,-1,-1,-1,-1,-1
3600,4,900,2,16,16,155877.172033,155877.192775,0.020742,0x4052e4,1,159,110,49,4,20.000000,0,0,0.062852,1.200000,0.800000,mba,0,,0,0,-1,-1,-1,-1,-1,-1,-1,-1,-1,-1,-1,-1
3600,4,900,3,16,16,155877.172442,155877.192666,0.020224,0x4052e4,1,71,33,38,38,20.000000,0,0,0.062852,1.200000,0.800000,mba,0,,0,0,-1,-1,-1,-1,-1,-1,-1,-1,-1,-1,-1,-1
3600,4,900,4,16,16,155877.172701,155877.195581,0.022880,0x4052e4,1,310,237,73,40,20.000000,0,0,0.062852,1.200000,0.800000,mba,0,,0,0,-1,-1,-1,-1,-1,-1,-1,-1,-1,-1,-1,-1
3600,4,900,5,16,16,155877.173146,155877.196907,0.023761,0x4052e4,1,377,306,71,42,20.000000,0,0,0.062852,1.200000,0.800000,mba,0,,0,0,-1,-1,-1,-1,-1,-1,-1,-1,-1,-1,-1,-1
3600,4,900,6,16,16,155877.172588,155877.195823,0.023235,0x4052e4,1,326,270,56,44,20.000000,0,0,0.062852,1.200000,0.800000,mba,0,,0,0,-1,-1,-1,-1,-1,-1,-1,-1,-1,-1,-1,-1
3600,4,900,7,16,16,155877.172817,155877.196806,0.023989,0x4052e4,1,372,300,72,46,20.000000,0,0,0.062852,1.200000,0.800000,mba,0,,0,0,-1,-1,-1,-1,-1,-1,-1,-1,-1,-1,-1,-1
3600,4,900,8,16,16,155877.172842,155877.196072,0.023230,0x4052e4,1,338,278,60,48,20.000000,0,0,0.062852,1.200000,0.800000,mba,0,,0,0,-1,-1,-1,-1,-1,-1,-1,-1,-1,-1,-1,-1
3600,4,900,9,16,16,155877.171886,155877.194960,0.023074,0x4052e4,1,296,221,75,18,20.000000,0,0,0.062852,1.200000,0.800000,mba,0,,0,0,-1,-1,-1,-1,-1,-1,-1,-1,-1,-1,-1,-1
3600,4,900,10,16,16,155877.172850,155877.197158,0.024308,0x4052e4,1,420,339,81,52,20.000000,0,0,0.062852,1.200000,0.800000,mba,0,,0,0,-1,-1,-1,-1,-1,-1,-1,-1,-1,-1,-1,-1
3600,4,900,11,16,16,155877.172562,155877.195758,0.023196,0x4052e4,1,416,341,75,54,20.000000,0,0,0.062852,1.200000,0.800000,mba,0,,0,0,-1,-1,-1,-1,-1,-1,-1,-1,-1,-1,-1,-1
3600,4,900,12,16,16,155877.171617,155877.192261,0.020644,0x4052e4,1,160,114,46,24,20.000000,0,0,0.062852,1.200000,0.800000,mba,0,,0,0,-1,-1,-1,-1,-1,-1,-1,-1,-1,-1,-1,-1
3600,4,900,13,16,16,155877.170950,155877.191432,0.020482,0x4052e4,1,102,39,63,58,20.000000,0,0,0.062852,1.200000,0.800000,mba,0,,0,0,-1,-1,-1,-1,-1,-1,-1,-1,-1,-1,-1,-1
3600,4,900,14,16,16,155877.170809,155877.191297,0.020488,0x4052e4,1,74,31,43,60,20.000000,0,0,0.062852,1.200000,0.800000,mba,0,,0,0,-1,-1,-1,-1,-1,-1,-1,-1,-1,-1,-1,-1
3600,4,900,15,16,16,155877.171110,155877.191493,0.020383,0x4052e4,1,171,135,36,62,20.000000,0,0,0.062852,1.200000,0.800000,mba,0,,0,0,-1,-1,-1,-1,-1,-1,-1,-1,-1,-1,-1,-1
3601,5,900,0,16,16,155877.297658,155877.317930,0.020272,0x40533c,1,31,0,31,32,40.000000,0,0,0.028380,1.200000,0.800000,mba,0,,0,0,-1,-1,-1,-1,-1,-1,-1,-1,-1,-1,-1,-1
3601,5,900,1,16,16,155877.297012,155877.317200,0.020188,0x40533c,1,82,57,25,34,40.000000,0,0,0.028380,1.200000,0.800000,mba,0,,0,0,-1,-1,-1,-1,-1,-1,-1,-1,-1,-1,-1,-1
3601,5,900,2,16,16,155877.297487,155877.317783,0.020296,0x40533c,1,139,72,67,4,40.000000,0,0,0.028380,1.200000,0.800000,mba,0,,0,0,-1,-1,-1,-1,-1,-1,-1,-1,-1,-1,-1,-1
3601,5,900,3,16,16,155877.296723,155877.316674,0.019951,0x40533c,1,55,32,23,38,40.000000,0,0,0.028380,1.200000,0.800000,mba,0,,0,0,-1,-1,-1,-1,-1,-1,-1,-1,-1,-1,-1,-1
3601,5,900,4,16,16,155877.294776,155877.320402,0.025626,0x40533c,1,605,433,172,40,80.000000,0,0,0.028380,1.200000,0.800000,mba,0,,0,0,-1,-1,-1,-1,-1,-1,-1,-1,-1,-1,-1,-1
3601,5,900,5,16,16,155877.296263,155877.322899,0.026636,0x40533c,1,581,345,236,42,80.000000,0,0,0.028380,1.200000,0.800000,mba,0,,0,0,-1,-1,-1,-1,-1,-1,-1,-1,-1,-1,-1,-1
3601,5,900,6,16,16,155877.297258,155877.322348,0.025090,0x40533c,1,726,430,296,44,80.000000,0,0,0.028380,1.200000,0.800000,mba,0,,0,0,-1,-1,-1,-1,-1,-1,-1,-1,-1,-1,-1,-1
3601,5,900,7,16,16,155877.297287,155877.322794,0.025507,0x40533c,1,686,413,273,46,80.000000,0,0,0.028380,1.200000,0.800000,mba,0,,0,0,-1,-1,-1,-1,-1,-1,-1,-1,-1,-1,-1,-1
3601,5,900,8,16,16,155877.295750,155877.321084,0.025334,0x40533c,1,715,406,309,48,80.000000,0,0,0.028380,1.200000,0.800000,mba,0,,0,0,-1,-1,-1,-1,-1,-1,-1,-1,-1,-1,-1,-1
3601,5,900,9,16,16,155877.297320,155877.323156,0.025836,0x40533c,1,653,342,311,18,100.000000,0,0,0.028380,1.200000,0.800000,mba,0,,0,0,-1,-1,-1,-1,-1,-1,-1,-1,-1,-1,-1,-1
3601,5,900,10,16,16,155877.297654,155877.322539,0.024885,0x40533c,1,740,362,378,52,80.000000,0,0,0.028380,1.200000,0.800000,mba,0,,0,0,-1,-1,-1,-1,-1,-1,-1,-1,-1,-1,-1,-1
3601,5,900,11,16,16,155877.296409,155877.322086,0.025677,0x40533c,1,742,334,408,54,80.000000,0,0,0.028380,1.200000,0.800000,mba,0,,0,0,-1,-1,-1,-1,-1,-1,-1,-1,-1,-1,-1,-1
3601,5,900,12,16,16,155877.296591,155877.316712,0.020121,0x40533c,1,70,43,27,24,40.000000,0,0,0.028380,1.200000,0.800000,mba,0,,0,0,-1,-1,-1,-1,-1,-1,-1,-1,-1,-1,-1,-1
3601,5,900,13,16,16,155877.297555,155877.317470,0.019915,0x40533c,1,54,16,38,58,40.000000,0,0,0.028380,1.200000,0.800000,mba,0,,0,0,-1,-1,-1,-1,-1,-1,-1,-1,-1,-1,-1,-1
3601,5,900,14,16,16,155877.296985,155877.316889,0.019904,0x40533c,1,92,64,28,60,40.000000,0,0,0.028380,1.200000,0.800000,mba,0,,0,0,-1,-1,-1,-1,-1,-1,-1,-1,-1,-1,-1,-1
3601,5,900,15,16,16,155877.295677,155877.315993,0.020316,0x40533c,1,131,102,29,62,40.000000,0,0,0.028380,1.200000,0.800000,mba,0,,0,0,-1,-1,-1,-1,-1,-1,-1,-1,-1,-1,-1,-1
3998,2,1000,0,16,16,170530.053556,170676.163896,94.205509,0x4051ce,1,6687025,3073743,3613282,32,30.000000,1,1,146.886757,1.200000,0.800000,mba,0,,1,1,17752064,12435456,5857280,1431707475968,1432529567744,753696768,1431707475968,1432529567744,753786880,-1,-1,-1
3998,2,1000,1,16,16,170530.050975,170676.353418,101.176601,0x4051ce,1,7576635,3460250,4116385,34,30.000000,1,1,146.886757,1.200000,0.800000,mba,0,,1,1,17752064,12345344,16760832,1431707475968,1432530468864,784064512,1431707475968,1432530468864,783974400,-1,-1,-1
3998,2,1000,2,16,16,170530.036887,170676.592407,110.804183,0x4051ce,1,7052271,6268193,784078,36,40.000000,1,1,146.886757,1.200000,0.800000,mba,0,,1,1,4775936,3784704,69476352,1461341528064,1463936303104,2486910976,1461341618176,1463936483328,2487721984,-1,-1,-1
3998,2,1000,3,16,16,170530.028069,170676.701627,119.232563,0x4051ce,1,7558626,7128509,430117,38,40.000000,1,1,146.886757,1.200000,0.800000,mba,0,,1,1,4866048,3784704,68395008,1461341528064,1463937024000,2586755072,1461341528064,1463937024000,2586304512,-1,-1,-1
3998,2,1000,4,16,16,170530.049352,170676.894366,137.038318,0x4051ce,1,16785188,13044096,3741092,40,100.000000,1,1,146.886757,1.200000,0.800000,mba,0,,1,1,65421312,69836800,270336,10243696246784,10252622831616,8827191296,10243696517120,10252622831616,8822145024,-1,-1,-1
3998,2,1000,5,16,16,170530.052655,170676.891156,136.400528,0x4051ce,1,16872932,12844264,4028668,42,100.000000,1,1,146.886757,1.200000,0.800000,mba,0,,1,1,65601536,69836800,90112,10243696246784,10252622831616,8799617024,10243696336896,10252622831616,8796823552,-1,-1,-1
3998,2,1000,6,16,16,170530.037642,170676.758584,129.787388,0x4051ce,1,16046525,12228190,3818335,44,100.000000,1,1,146.886757,1.200000,0.800000,mba,0,,1,1,65601536,69206016,-991232,10243696156672,10252616343552,8403124224,10243696427008,10252616704000,8407900160,-1,-1,-1
3998,2,1000,7,16,16,170530.029533,170676.874750,138.089550,0x4051ce,1,17030766,12925805,4104961,46,100.000000,1,1,146.886757,1.200000,0.800000,mba,0,,1,1,65781760,69746688,1982464,10243696156672,10252622651392,8857919488,10243696246784,10252622831616,8854224896,-1,-1,-1
3998,2,1000,8,16,16,170530.052404,170676.858349,142.454281,0x4051ce,1,16247197,11951769,4295428,48,100.000000,1,1,146.886757,1.200000,0.800000,mba,0,,1,1,65421312,69566464,4145152,10243696336896,10252622561280,8911536128,10243696607232,10252622651392,8904327168,-1,-1,-1
3998,2,1000,9,16,16,170530.041759,170676.770589,129.397231,0x4051ce,1,16128395,11897879,4230516,18,100.000000,1,1,146.886757,1.200000,0.800000,mba,0,,1,1,65511424,69115904,-1081344,10243696246784,10252617244672,8387174400,10243696336896,10252617334784,8390148096,-1,-1,-1
3998,2,1000,10,16,16,170530.050712,170676.827533,135.636605,0x4051ce,1,17004829,12740038,4264791,52,100.000000,1,1,146.886757,1.200000,0.800000,mba,0,,1,1,65511424,69746688,180224,10243696246784,10252620759040,8753840128,10243696336896,10252621389824,8756183040,-1,-1,-1
3998,2,1000,11,16,16,170530.018475,170676.872419,136.138771,0x4051ce,1,16926831,12844215,4082616,54,100.000000,1,1,146.886757,1.200000,0.800000,mba,0,,1,1,65601536,69746688,180224,10243696156672,10252622651392,8795201536,10243696246784,10252622741504,8793759744,-1,-1,-1
3998,2,1000,12,16,16,170530.040453,170676.574181,113.866352,0x4051ce,1,7618493,6606381,1012112,24,40.000000,1,1,146.886757,1.200000,0.800000,mba,0,,1,1,4775936,3874816,66592768,1461341528064,1463936122880,2537553920,1461341618176,1463936212992,2538545152,-1,-1,-1
3998,2,1000,13,16,16,170530.007609,170676.649203,116.728941,0x4051ce,1,7601577,6843080,758497,58,40.000000,1,1,146.886757,1.200000,0.800000,mba,0,,1,1,4775936,3604480,68124672,1461341528064,1463936933888,2577833984,1461341528064,1463936933888,2577653760,-1,-1,-1
3998,2,1000,14,16,16,170530.030693,170676.664285,116.681945,0x4051ce,1,7609036,6849013,760023,60,40.000000,1,1,146.886757,1.200000,0.800000,mba,0,,1,1,4775936,3604480,68214784,1461341528064,1463937024000,2578644992,1461341528064,1463937024000,2578374656,-1,-1,-1
3998,2,1000,15,16,16,170530.043600,170676.556388,112.432345,0x4051ce,1,7646350,4002589,3643761,62,30.000000,1,1,146.886757,1.200000,0.800000,mba,0,,1,1,17752064,12165120,12255232,1431707475968,1432530919424,819838976,1431707475968,1432530919424,819388416,-1,-1,-1
3999,3,1000,0,16,16,170677.079336,170677.202286,0.122950,0x405218,1,6503,2941,3562,32,20.000000,0,0,0.256034,1.200000,0.800000,mba,0,,0,0,-1,-1,-1,-1,-1,-1,-1,-1,-1,-1,-1,-1
3999,3,1000,1,16,16,170677.078684,170677.205355,0.126671,0x405218,1,6435,3091,3344,34,20.000000,0,0,0.256034,1.200000,0.800000,mba,0,,0,0,-1,-1,-1,-1,-1,-1,-1,-1,-1,-1,-1,-1
3999,3,1000,2,16,16,170677.078422,170677.230159,0.151737,0x405218,1,5310,3181,2129,36,20.000000,0,0,0.256034,1.200000,0.800000,mba,0,,0,0,-1,-1,-1,-1,-1,-1,-1,-1,-1,-1,-1,-1
3999,3,1000,3,16,16,170677.078928,170677.229552,0.150624,0x405218,1,4196,3465,731,38,20.000000,0,0,0.256034,1.200000,0.800000,mba,0,,0,0,-1,-1,-1,-1,-1,-1,-1,-1,-1,-1,-1,-1
3999,3,1000,4,16,16,170677.079490,170677.330611,0.251121,0x405218,1,11323,7778,3545,40,100.000000,0,0,0.256034,1.200000,0.800000,mba,0,,0,0,-1,-1,-1,-1,-1,-1,-1,-1,-1,-1,-1,-1
3999,3,1000,5,16,16,170677.078855,170677.334035,0.255180,0x405218,1,11398,8082,3316,42,100.000000,0,0,0.256034,1.200000,0.800000,mba,0,,0,0,-1,-1,-1,-1,-1,-1,-1,-1,-1,-1,-1,-1
3999,3,1000,6,16,16,170677.079624,170677.326365,0.246741,0x405218,1,11146,7745,3401,44,100.000000,0,0,0.256034,1.200000,0.800000,mba,0,,0,0,-1,-1,-1,-1,-1,-1,-1,-1,-1,-1,-1,-1
3999,3,1000,7,16,16,170677.078965,170677.332484,0.253519,0x405218,1,11585,7781,3804,46,100.000000,0,0,0.256034,1.200000,0.800000,mba,0,,0,0,-1,-1,-1,-1,-1,-1,-1,-1,-1,-1,-1,-1
3999,3,1000,8,16,16,170677.079153,170677.333524,0.254371,0x405218,1,11393,7700,3693,48,100.000000,0,0,0.256034,1.200000,0.800000,mba,0,,0,0,-1,-1,-1,-1,-1,-1,-1,-1,-1,-1,-1,-1
3999,3,1000,9,16,16,170677.079680,170677.321093,0.241413,0x405218,1,11154,7695,3459,18,100.000000,0,0,0.256034,1.200000,0.800000,mba,0,,0,0,-1,-1,-1,-1,-1,-1,-1,-1,-1,-1,-1,-1
3999,3,1000,10,16,16,170677.078608,170677.330635,0.252027,0x405218,1,11522,7904,3618,52,100.000000,0,0,0.256034,1.200000,0.800000,mba,0,,0,0,-1,-1,-1,-1,-1,-1,-1,-1,-1,-1,-1,-1
3999,3,1000,11,16,16,170677.078980,170677.330494,0.251514,0x405218,1,11231,7617,3614,54,100.000000,0,0,0.256034,1.200000,0.800000,mba,0,,0,0,-1,-1,-1,-1,-1,-1,-1,-1,-1,-1,-1,-1
3999,3,1000,12,16,16,170677.078125,170677.232194,0.154069,0x405218,1,4999,3798,1201,24,20.000000,0,0,0.256034,1.200000,0.800000,mba,0,,0,0,-1,-1,-1,-1,-1,-1,-1,-1,-1,-1,-1,-1
3999,3,1000,13,16,16,170677.078001,170677.236246,0.158245,0x405218,1,5056,3985,1071,58,20.000000,0,0,0.256034,1.200000,0.800000,mba,0,,0,0,-1,-1,-1,-1,-1,-1,-1,-1,-1,-1,-1,-1
3999,3,1000,14,16,16,170677.078536,170677.237498,0.158962,0x405218,1,5098,4087,1011,60,20.000000,0,0,0.256034,1.200000,0.800000,mba,0,,0,0,-1,-1,-1,-1,-1,-1,-1,-1,-1,-1,-1,-1
3999,3,1000,15,16,16,170677.078662,170677.210088,0.131426,0x405218,1,5857,2960,2897,62,20.000000,0,0,0.256034,1.200000,0.800000,mba,0,,0,0,-1,-1,-1,-1,-1,-1,-1,-1,-1,-1,-1,-1
4000,4,1000,0,16,16,170678.136858,170678.183304,0.046446,0x4052e4,1,1956,1129,827,32,100.000000,0,0,0.054090,1.200000,0.800000,mba,0,,0,0,-1,-1,-1,-1,-1,-1,-1,-1,-1,-1,-1,-1
4000,4,1000,1,16,16,170678.129664,170678.150821,0.021157,0x4052e4,1,345,276,69,34,20.000000,0,0,0.054090,1.200000,0.800000,mba,0,,0,0,-1,-1,-1,-1,-1,-1,-1,-1,-1,-1,-1,-1
4000,4,1000,2,16,16,170678.129766,170678.151423,0.021657,0x4052e4,1,91,39,52,36,20.000000,0,0,0.054090,1.200000,0.800000,mba,0,,0,0,-1,-1,-1,-1,-1,-1,-1,-1,-1,-1,-1,-1
4000,4,1000,3,16,16,170678.130090,170678.150516,0.020426,0x4052e4,1,79,23,56,38,20.000000,0,0,0.054090,1.200000,0.800000,mba,0,,0,0,-1,-1,-1,-1,-1,-1,-1,-1,-1,-1,-1,-1
4000,4,1000,4,16,16,170678.130142,170678.153758,0.023616,0x4052e4,1,303,226,77,40,20.000000,0,0,0.054090,1.200000,0.800000,mba,0,,0,0,-1,-1,-1,-1,-1,-1,-1,-1,-1,-1,-1,-1
4000,4,1000,5,16,16,170678.129214,170678.152251,0.023037,0x4052e4,1,277,217,60,42,20.000000,0,0,0.054090,1.200000,0.800000,mba,0,,0,0,-1,-1,-1,-1,-1,-1,-1,-1,-1,-1,-1,-1
4000,4,1000,6,16,16,170678.130659,170678.154115,0.023456,0x4052e4,1,278,216,62,44,20.000000,0,0,0.054090,1.200000,0.800000,mba,0,,0,0,-1,-1,-1,-1,-1,-1,-1,-1,-1,-1,-1,-1
4000,4,1000,7,16,16,170678.130103,170678.153825,0.023722,0x4052e4,1,346,264,82,46,20.000000,0,0,0.054090,1.200000,0.800000,mba,0,,0,0,-1,-1,-1,-1,-1,-1,-1,-1,-1,-1,-1,-1
4000,4,1000,8,16,16,170678.130580,170678.154233,0.023653,0x4052e4,1,281,213,68,48,20.000000,0,0,0.054090,1.200000,0.800000,mba,0,,0,0,-1,-1,-1,-1,-1,-1,-1,-1,-1,-1,-1,-1
4000,4,1000,9,16,16,170678.130785,170678.154177,0.023392,0x4052e4,1,309,240,69,18,20.000000,0,0,0.054090,1.200000,0.800000,mba,0,,0,0,-1,-1,-1,-1,-1,-1,-1,-1,-1,-1,-1,-1
4000,4,1000,10,16,16,170678.131617,170678.156192,0.024575,0x4052e4,1,428,339,89,52,20.000000,0,0,0.054090,1.200000,0.800000,mba,0,,0,0,-1,-1,-1,-1,-1,-1,-1,-1,-1,-1,-1,-1
4000,4,1000,11,16,16,170678.129384,170678.153617,0.024233,0x4052e4,1,383,307,76,54,20.000000,0,0,0.054090,1.200000,0.800000,mba,0,,0,0,-1,-1,-1,-1,-1,-1,-1,-1,-1,-1,-1,-1
4000,4,1000,12,16,16,170678.129561,170678.150293,0.020732,0x4052e4,1,89,26,63,24,20.000000,0,0,0.054090,1.200000,0.800000,mba,0,,0,0,-1,-1,-1,-1,-1,-1,-1,-1,-1,-1,-1,-1
4000,4,1000,13,16,16,170678.130011,170678.150235,0.020224,0x4052e4,1,92,28,64,58,20.000000,0,0,0.054090,1.200000,0.800000,mba,0,,0,0,-1,-1,-1,-1,-1,-1,-1,-1,-1,-1,-1,-1
4000,4,1000,14,16,16,170678.130092,170678.150546,0.020454,0x4052e4,1,86,20,66,60,20.000000,0,0,0.054090,1.200000,0.800000,mba,0,,0,0,-1,-1,-1,-1,-1,-1,-1,-1,-1,-1,-1,-1
4000,4,1000,15,16,16,170678.130735,170678.151239,0.020504,0x4052e4,1,180,128,52,62,20.000000,0,0,0.054090,1.200000,0.800000,mba,0,,0,0,-1,-1,-1,-1,-1,-1,-1,-1,-1,-1,-1,-1
4001,5,1000,0,16,16,170678.245707,170678.265939,0.020232,0x40533c,1,33,1,32,32,40.000000,0,0,0.027171,1.200000,0.800000,mba,0,,0,0,-1,-1,-1,-1,-1,-1,-1,-1,-1,-1,-1,-1
4001,5,1000,1,16,16,170678.246509,170678.266560,0.020051,0x40533c,1,68,47,21,34,40.000000,0,0,0.027171,1.200000,0.800000,mba,0,,0,0,-1,-1,-1,-1,-1,-1,-1,-1,-1,-1,-1,-1
4001,5,1000,2,16,16,170678.246826,170678.267302,0.020476,0x40533c,1,60,26,34,36,40.000000,0,0,0.027171,1.200000,0.800000,mba,0,,0,0,-1,-1,-1,-1,-1,-1,-1,-1,-1,-1,-1,-1
4001,5,1000,3,16,16,170678.246437,170678.266619,0.020182,0x40533c,1,38,8,30,38,40.000000,0,0,0.027171,1.200000,0.800000,mba,0,,0,0,-1,-1,-1,-1,-1,-1,-1,-1,-1,-1,-1,-1
4001,5,1000,4,16,16,170678.246324,170678.272008,0.025684,0x40533c,1,697,477,220,40,80.000000,0,0,0.027171,1.200000,0.800000,mba,0,,0,0,-1,-1,-1,-1,-1,-1,-1,-1,-1,-1,-1,-1
4001,5,1000,5,16,16,170678.245088,170678.269859,0.024771,0x40533c,1,686,415,271,42,80.000000,0,0,0.027171,1.200000,0.800000,mba,0,,0,0,-1,-1,-1,-1,-1,-1,-1,-1,-1,-1,-1,-1
4001,5,1000,6,16,16,170678.246456,170678.271585,0.025129,0x40533c,1,779,476,303,44,80.000000,0,0,0.027171,1.200000,0.800000,mba,0,,0,0,-1,-1,-1,-1,-1,-1,-1,-1,-1,-1,-1,-1
4001,5,1000,7,16,16,170678.246068,170678.272208,0.026140,0x40533c,1,787,482,305,46,80.000000,0,0,0.027171,1.200000,0.800000,mba,0,,0,0,-1,-1,-1,-1,-1,-1,-1,-1,-1,-1,-1,-1
4001,5,1000,8,16,16,170678.246420,170678.271907,0.025487,0x40533c,1,742,413,329,48,80.000000,0,0,0.027171,1.200000,0.800000,mba,0,,0,0,-1,-1,-1,-1,-1,-1,-1,-1,-1,-1,-1,-1
4001,5,1000,9,16,16,170678.246062,170678.271343,0.025281,0x40533c,1,619,305,314,18,100.000000,0,0,0.027171,1.200000,0.800000,mba,0,,0,0,-1,-1,-1,-1,-1,-1,-1,-1,-1,-1,-1,-1
4001,5,1000,10,16,16,170678.246717,170678.272259,0.025542,0x40533c,1,745,332,413,52,80.000000,0,0,0.027171,1.200000,0.800000,mba,0,,0,0,-1,-1,-1,-1,-1,-1,-1,-1,-1,-1,-1,-1
4001,5,1000,11,16,16,170678.246017,170678.271478,0.025461,0x40533c,1,772,357,415,54,80.000000,0,0,0.027171,1.200000,0.800000,mba,0,,0,0,-1,-1,-1,-1,-1,-1,-1,-1,-1,-1,-1,-1
4001,5,1000,12,16,16,170678.246451,170678.266617,0.020166,0x40533c,1,45,9,36,24,40.000000,0,0,0.027171,1.200000,0.800000,mba,0,,0,0,-1,-1,-1,-1,-1,-1,-1,-1,-1,-1,-1,-1
4001,5,1000,13,16,16,170678.246726,170678.267259,0.020533,0x40533c,1,37,2,35,58,40.000000,0,0,0.027171,1.200000,0.800000,mba,0,,0,0,-1,-1,-1,-1,-1,-1,-1,-1,-1,-1,-1,-1
4001,5,1000,14,16,16,170678.245698,170678.265745,0.020047,0x40533c,1,94,65,29,60,40.000000,0,0,0.027171,1.200000,0.800000,mba,0,,0,0,-1,-1,-1,-1,-1,-1,-1,-1,-1,-1,-1,-1
4001,5,1000,15,16,16,170678.246434,170678.266342,0.019908,0x40533c,1,119,87,32,62,40.000000,0,0,0.027171,1.200000,0.800000,mba,0,,0,0,-1,-1,-1,-1,-1,-1,-1,-1,-1,-1,-1,-1
4398,2,1100,0,16,16,184403.119064,184535.704454,91.836768,0x4051ce,1,6685660,3042710,3642950,32,30.000000,1,1,133.167387,1.200000,0.800000,mba,0,,1,1,17481728,11804672,11173888,1513698402304,1514501210112,735313920,1513698402304,1514501300224,735223808,-1,-1,-1
4398,2,1100,1,16,16,184403.125269,184535.886061,99.173546,0x4051ce,1,7581401,3441607,4139794,34,30.000000,1,1,133.167387,1.200000,0.800000,mba,0,,1,1,17661952,11894784,18292736,1513698402304,1514502021120,765952000,1513698402304,1514502021120,766222336,-1,-1,-1
4398,2,1100,2,16,16,184403.111344,184536.156742,114.555861,0x4051ce,1,7565395,6824034,741361,36,40.000000,1,1,133.167387,1.200000,0.800000,mba,0,,1,1,4235264,3964928,71188480,1723330093056,1725950640128,2587475968,1723330273280,1725951000576,2587475968,-1,-1,-1
4398,2,1100,3,16,16,184403.082927,184536.250314,118.833390,0x4051ce,1,7555955,7130467,425488,38,40.000000,1,1,133.167387,1.200000,0.800000,mba,0,,1,1,4145152,4235264,67764224,1723330093056,1725951541248,2616041472,1723330093056,1725951541248,2614599680,-1,-1,-1
4398,2,1100,4,16,16,184403.117739,184536.213606,126.974091,0x4051ce,1,15535754,11793501,3742253,40,100.000000,1,1,133.167387,1.200000,0.800000,mba,0,,1,1,65781760,67584000,1081344,11085315203072,11093292097536,7955267584,11085315563520,11093292097536,7946616832,-1,-1,-1
4398,2,1100,5,16,16,184403.102317,184536.149246,126.847756,0x4051ce,1,15620112,11556990,4063122,42,100.000000,1,1,133.167387,1.200000,0.800000,mba,0,,1,1,65781760,67584000,811008,11085315112960,11093290745856,7948328960,11085315203072,11093291466752,7944273920,-1,-1,-1
4398,2,1100,6,16,16,184403.108912,184536.100042,119.707915,0x4051ce,1,14950530,11068510,3882020,12,100.000000,1,1,133.167387,1.200000,0.800000,mba,0,,1,1,65781760,67493888,-360448,11085315112960,11093287772160,7549763584,11085315203072,11093288222720,7553097728,-1,-1,-1
4398,2,1100,7,16,16,184403.108618,184536.207423,126.864217,0x4051ce,1,15747127,11665610,4081517,46,100.000000,1,1,133.167387,1.200000,0.800000,mba,0,,1,1,65781760,67584000,991232,11085315112960,11093292097536,7952293888,11085315293184,11093292097536,7946616832,-1,-1,-1
4398,2,1100,8,16,16,184403.110968,184536.183643,125.673773,0x4051ce,1,15764290,11447533,4316757,48,100.000000,1,1,133.167387,1.200000,0.800000,mba,0,,1,1,65781760,67313664,-90112,11085315112960,11093292007424,7919312896,11085315112960,11093292007424,7920033792,-1,-1,-1
4398,2,1100,9,16,16,184403.106939,184536.108982,120.079382,0x4051ce,1,15011853,10885827,4126026,50,100.000000,1,1,133.167387,1.200000,0.800000,mba,0,,1,1,65781760,67493888,-360448,11085315112960,11093288673280,7585177600,11085315203072,11093289033728,7589322752,-1,-1,-1
4398,2,1100,10,16,16,184403.100011,184536.143973,125.385133,0x4051ce,1,15717496,11486352,4231144,52,100.000000,1,1,133.167387,1.200000,0.800000,mba,0,,1,1,65781760,67584000,360448,11085315112960,11093290565632,7907237888,11085315112960,11093290835968,7908319232,-1,-1,-1
4398,2,1100,11,16,16,184403.088328,184536.154067,125.938826,0x4051ce,1,15662068,11533496,4128572,54,100.000000,1,1,133.167387,1.200000,0.800000,mba,0,,1,1,65781760,67403776,-360448,11085315112960,11093291376640,7928504320,11085315112960,11093291827200,7925260288,-1,-1,-1
4398,2,1100,12,16,16,184403.103327,184536.160297,113.233268,0x4051ce,1,7616255,6587648,1028607,24,40.000000,1,1,133.167387,1.200000,0.800000,mba,0,,1,1,4235264,3964928,68575232,1723330093056,1725950910464,2558640128,1723330093056,1725951000576,2560532480,-1,-1,-1
4398,2,1100,13,16,16,184403.097939,184536.227705,116.440199,0x4051ce,1,7598981,6861279,737702,58,40.000000,1,1,133.167387,1.200000,0.800000,mba,0,,1,1,4235264,4145152,73080832,1723330093056,1725951541248,2607300608,1723330093056,1725951541248,2606039040,-1,-1,-1
4398,2,1100,14,16,16,184403.087044,184536.214809,116.204983,0x4051ce,1,7605673,6835865,769808,60,40.000000,1,1,133.167387,1.200000,0.800000,mba,0,,1,1,4235264,4145152,72630272,1723330093056,1725951451136,2607480832,1723330093056,1725951451136,2606579712,-1,-1,-1
4398,2,1100,15,16,16,184403.121693,184536.167177,111.365461,0x4051ce,1,7651179,4007638,3643541,62,30.000000,1,1,133.167387,1.200000,0.800000,mba,0,,1,1,17481728,11714560,9011200,1513698402304,1514502742016,801005568,1513698402304,1514502742016,800464896,-1,-1,-1
4399,3,1100,0,16,16,184536.434686,184536.555140,0.120454,0x405218,1,6388,2716,3672,32,20.000000,0,0,0.246673,1.200000,0.800000,mba,0,,0,0,-1,-1,-1,-1,-1,-1,-1,-1,-1,-1,-1,-1
4399,3,1100,1,16,16,184536.435319,184536.563578,0.128259,0x405218,1,6484,2963,3521,34,20.000000,0,0,0.246673,1.200000,0.800000,mba,0,,0,0,-1,-1,-1,-1,-1,-1,-1,-1,-1,-1,-1,-1
4399,3,1100,2,16,16,184536.435001,184536.580716,0.145715,0x405218,1,5571,3490,2081,36,20.000000,0,0,0.246673,1.200000,0.800000,mba,0,,0,0,-1,-1,-1,-1,-1,-1,-1,-1,-1,-1,-1,-1
4399,3,1100,3,16,16,184536.434244,184536.582475,0.148231,0x405218,1,4137,2952,1185,38,20.000000,0,0,0.246673,1.200000,0.800000,mba,0,,0,0,-1,-1,-1,-1,-1,-1,-1,-1,-1,-1,-1,-1
4399,3,1100,4,16,16,184536.435355,184536.671275,0.235920,0x405218,1,10879,7281,3598,40,100.000000,0,0,0.246673,1.200000,0.800000,mba,0,,0,0,-1,-1,-1,-1,-1,-1,-1,-1,-1,-1,-1,-1
4399,3,1100,5,16,16,184536.434998,184536.680917,0.245919,0x405218,1,10848,7510,3338,42,100.000000,0,0,0.246673,1.200000,0.800000,mba,0,,0,0,-1,-1,-1,-1,-1,-1,-1,-1,-1,-1,-1,-1
4399,3,1100,6,16,16,184536.435626,184536.663701,0.228075,0x405218,1,10689,7129,3560,12,100.000000,0,0,0.246673,1.200000,0.800000,mba,0,,0,0,-1,-1,-1,-1,-1,-1,-1,-1,-1,-1,-1,-1
4399,3,1100,7,16,16,184536.434906,184536.673332,0.238426,0x405218,1,11040,7517,3523,46,100.000000,0,0,0.246673,1.200000,0.800000,mba,0,,0,0,-1,-1,-1,-1,-1,-1,-1,-1,-1,-1,-1,-1
4399,3,1100,8,16,16,184536.434509,184536.680286,0.245777,0x405218,1,10944,7240,3704,48,100.000000,0,0,0.246673,1.200000,0.800000,mba,0,,0,0,-1,-1,-1,-1,-1,-1,-1,-1,-1,-1,-1,-1
4399,3,1100,9,16,16,184536.434546,184536.672115,0.237569,0x405218,1,10777,7337,3440,50,100.000000,0,0,0.246673,1.200000,0.800000,mba,0,,0,0,-1,-1,-1,-1,-1,-1,-1,-1,-1,-1,-1,-1
4399,3,1100,10,16,16,184536.435291,184536.671332,0.236041,0x405218,1,10994,7538,3456,52,100.000000,0,0,0.246673,1.200000,0.800000,mba,0,,0,0,-1,-1,-1,-1,-1,-1,-1,-1,-1,-1,-1,-1
4399,3,1100,11,16,16,184536.434686,184536.666393,0.231707,0x405218,1,10822,7141,3681,54,100.000000,0,0,0.246673,1.200000,0.800000,mba,0,,0,0,-1,-1,-1,-1,-1,-1,-1,-1,-1,-1,-1,-1
4399,3,1100,12,16,16,184536.434294,184536.581209,0.146915,0x405218,1,4941,3816,1125,24,20.000000,0,0,0.246673,1.200000,0.800000,mba,0,,0,0,-1,-1,-1,-1,-1,-1,-1,-1,-1,-1,-1,-1
4399,3,1100,13,16,16,184536.434615,184536.591787,0.157172,0x405218,1,5045,4097,948,58,20.000000,0,0,0.246673,1.200000,0.800000,mba,0,,0,0,-1,-1,-1,-1,-1,-1,-1,-1,-1,-1,-1,-1
4399,3,1100,14,16,16,184536.434536,184536.592634,0.158098,0x405218,1,5017,3832,1185,60,20.000000,0,0,0.246673,1.200000,0.800000,mba,0,,0,0,-1,-1,-1,-1,-1,-1,-1,-1,-1,-1,-1,-1
4399,3,1100,15,16,16,184536.434626,184536.558859,0.124233,0x405218,1,5792,2528,3264,62,20.000000,0,0,0.246673,1.200000,0.800000,mba,0,,0,0,-1,-1,-1,-1,-1,-1,-1,-1,-1,-1,-1,-1
4400,4,1100,0,16,16,184537.477048,184537.519767,0.042719,0x4052e4,1,1920,1092,828,32,100.000000,0,0,0.049718,1.200000,0.800000,mba,0,,0,0,-1,-1,-1,-1,-1,-1,-1,-1,-1,-1,-1,-1
4400,4,1100,1,16,16,184537.471509,184537.493752,0.022243,0x4052e4,1,342,287,55,34,20.000000,0,0,0.049718,1.200000,0.800000,mba,0,,0,0,-1,-1,-1,-1,-1,-1,-1,-1,-1,-1,-1,-1
4400,4,1100,2,16,16,184537.470887,184537.493539,0.022652,0x4052e4,1,192,149,43,36,20.000000,0,0,0.049718,1.200000,0.800000,mba,0,,0,0,-1,-1,-1,-1,-1,-1,-1,-1,-1,-1,-1,-1
4400,4,1100,3,16,16,184537.471388,184537.493487,0.022099,0x4052e4,1,76,42,34,38,20.000000,0,0,0.049718,1.200000,0.800000,mba,0,,0,0,-1,-1,-1,-1,-1,-1,-1,-1,-1,-1,-1,-1
4400,4,1100,4,16,16,184537.471082,184537.495739,0.024657,0x4052e4,1,317,255,62,40,20.000000,0,0,0.049718,1.200000,0.800000,mba,0,,0,0,-1,-1,-1,-1,-1,-1,-1,-1,-1,-1,-1,-1
4400,4,1100,5,16,16,184537.471211,184537.497159,0.025948,0x4052e4,1,321,260,61,42,20.000000,0,0,0.049718,1.200000,0.800000,mba,0,,0,0,-1,-1,-1,-1,-1,-1,-1,-1,-1,-1,-1,-1
4400,4,1100,6,16,16,184537.470338,184537.496043,0.025705,0x4052e4,1,372,313,59,12,20.000000,0,0,0.049718,1.200000,0.800000,mba,0,,0,0,-1,-1,-1,-1,-1,-1,-1,-1,-1,-1,-1,-1
4400,4,1100,7,16,16,184537.470049,184537.495183,0.025134,0x4052e4,1,322,257,65,46,20.000000,0,0,0.049718,1.200000,0.800000,mba,0,,0,0,-1,-1,-1,-1,-1,-1,-1,-1,-1,-1,-1,-1
4400,4,1100,8,16,16,184537.471062,184537.496701,0.025639,0x4052e4,1,297,235,62,48,20.000000,0,0,0.049718,1.200000,0.800000,mba,0,,0,0,-1,-1,-1,-1,-1,-1,-1,-1,-1,-1,-1,-1
4400,4,1100,9,16,16,184537.471064,184537.496866,0.025802,0x4052e4,1,341,279,62,50,20.000000,0,0,0.049718,1.200000,0.800000,mba,0,,0,0,-1,-1,-1,-1,-1,-1,-1,-1,-1,-1,-1,-1
4400,4,1100,10,16,16,184537.472674,184537.499226,0.026552,0x4052e4,1,415,318,97,52,20.000000,0,0,0.049718,1.200000,0.800000,mba,0,,0,0,-1,-1,-1,-1,-1,-1,-1,-1,-1,-1,-1,-1
4400,4,1100,11,16,16,184537.471183,184537.496346,0.025163,0x4052e4,1,349,281,68,54,20.000000,0,0,0.049718,1.200000,0.800000,mba,0,,0,0,-1,-1,-1,-1,-1,-1,-1,-1,-1,-1,-1,-1
4400,4,1100,12,16,16,184537.470697,184537.493032,0.022335,0x4052e4,1,60,18,42,24,20.000000,0,0,0.049718,1.200000,0.800000,mba,0,,0,0,-1,-1,-1,-1,-1,-1,-1,-1,-1,-1,-1,-1
4400,4,1100,13,16,16,184537.470913,184537.493183,0.022270,0x4052e4,1,79,37,42,58,20.000000,0,0,0.049718,1.200000,0.800000,mba,0,,0,0,-1,-1,-1,-1,-1,-1,-1,-1,-1,-1,-1,-1
4400,4,1100,14,16,16,184537.471552,184537.493410,0.021858,0x4052e4,1,66,26,40,60,20.000000,0,0,0.049718,1.200000,0.800000,mba,0,,0,0,-1,-1,-1,-1,-1,-1,-1,-1,-1,-1,-1,-1
4400,4,1100,15,16,16,184537.470882,184537.492761,0.021879,0x4052e4,1,180,132,48,62,20.000000,0,0,0.049718,1.200000,0.800000,mba,0,,0,0,-1,-1,-1,-1,-1,-1,-1,-1,-1,-1,-1,-1
4401,5,1100,0,16,16,184537.582799,184537.604738,0.021939,0x40533c,1,19,3,16,32,40.000000,0,0,0.029700,1.200000,0.800000,mba,0,,0,0,-1,-1,-1,-1,-1,-1,-1,-1,-1,-1,-1,-1
4401,5,1100,1,16,16,184537.583808,184537.605525,0.021717,0x40533c,1,57,26,31,34,40.000000,0,0,0.029700,1.200000,0.800000,mba,0,,0,0,-1,-1,-1,-1,-1,-1,-1,-1,-1,-1,-1,-1
4401,5,1100,2,16,16,184537.584620,184537.606262,0.021642,0x40533c,1,81,47,34,36,40.000000,0,0,0.029700,1.200000,0.800000,mba,0,,0,0,-1,-1,-1,-1,-1,-1,-1,-1,-1,-1,-1,-1
4401,5,1100,3,16,16,184537.584331,184537.606028,0.021697,0x40533c,1,75,34,41,38,40.000000,0,0,0.029700,1.200000,0.800000,mba,0,,0,0,-1,-1,-1,-1,-1,-1,-1,-1,-1,-1,-1,-1
4401,5,1100,4,16,16,184537.584257,184537.611413,0.027156,0x40533c,1,590,357,233,40,80.000000,0,0,0.029700,1.200000,0.800000,mba,0,,0,0,-1,-1,-1,-1,-1,-1,-1,-1,-1,-1,-1,-1
4401,5,1100,5,16,16,184537.584334,184537.612371,0.028037,0x40533c,1,681,408,273,42,80.000000,0,0,0.029700,1.200000,0.800000,mba,0,,0,0,-1,-1,-1,-1,-1,-1,-1,-1,-1,-1,-1,-1
4401,5,1100,6,16,16,184537.584739,184537.611544,0.026805,0x40533c,1,692,394,298,12,80.000000,0,0,0.029700,1.200000,0.800000,mba,0,,0,0,-1,-1,-1,-1,-1,-1,-1,-1,-1,-1,-1,-1
4401,5,1100,7,16,16,184537.584067,184537.611829,0.027762,0x40533c,1,768,427,341,46,80.000000,0,0,0.029700,1.200000,0.800000,mba,0,,0,0,-1,-1,-1,-1,-1,-1,-1,-1,-1,-1,-1,-1
4401,5,1100,8,16,16,184537.583549,184537.611670,0.028121,0x40533c,1,650,338,312,48,80.000000,0,0,0.029700,1.200000,0.800000,mba,0,,0,0,-1,-1,-1,-1,-1,-1,-1,-1,-1,-1,-1,-1
4401,5,1100,9,16,16,184537.584521,184537.612069,0.027548,0x40533c,1,589,280,309,50,100.000000,0,0,0.029700,1.200000,0.800000,mba,0,,0,0,-1,-1,-1,-1,-1,-1,-1,-1,-1,-1,-1,-1
4401,5,1100,10,16,16,184537.583104,184537.611481,0.028377,0x40533c,1,746,335,411,52,80.000000,0,0,0.029700,1.200000,0.800000,mba,0,,0,0,-1,-1,-1,-1,-1,-1,-1,-1,-1,-1,-1,-1
4401,5,1100,11,16,16,184537.584658,184537.611907,0.027249,0x40533c,1,856,406,450,54,80.000000,0,0,0.029700,1.200000,0.800000,mba,0,,0,0,-1,-1,-1,-1,-1,-1,-1,-1,-1,-1,-1,-1
4401,5,1100,12,16,16,184537.583163,184537.604956,0.021793,0x40533c,1,26,7,19,24,40.000000,0,0,0.029700,1.200000,0.800000,mba,0,,0,0,-1,-1,-1,-1,-1,-1,-1,-1,-1,-1,-1,-1
4401,5,1100,13,16,16,184537.583780,184537.605455,0.021675,0x40533c,1,44,0,44,58,40.000000,0,0,0.029700,1.200000,0.800000,mba,0,,0,0,-1,-1,-1,-1,-1,-1,-1,-1,-1,-1,-1,-1
4401,5,1100,14,16,16,184537.583996,184537.605644,0.021648,0x40533c,1,65,40,25,60,40.000000,0,0,0.029700,1.200000,0.800000,mba,0,,0,0,-1,-1,-1,-1,-1,-1,-1,-1,-1,-1,-1,-1
4401,5,1100,15,16,16,184537.582671,184537.604452,0.021781,0x40533c,1,97,68,29,62,40.000000,0,0,0.029700,1.200000,0.800000,mba,0,,0,0,-1,-1,-1,-1,-1,-1,-1,-1,-1,-1,-1,-1
4798,2,1200,0,16,16,197632.481389,197759.654600,89.260981,0x4051ce,1,6674769,3026749,3648020,0,30.000000,1,1,127.966584,1.200000,0.800000,mba,0,,1,1,18112512,12345344,3424256,1596276408320,1597082820608,737566720,1596276498432,1597082820608,737746944,-1,-1,-1
4798,2,1200,1,16,16,197632.257636,197759.873059,97.390409,0x4051ce,1,7583018,3438642,4144376,34,30.000000,1,1,127.966584,1.200000,0.800000,mba,0,,1,1,18653184,12345344,11264000,1596275507200,1597084082176,770998272,1596275507200,1597084082176,770908160,-1,-1,-1
4798,2,1200,2,16,16,197632.631915,197760.140528,114.342663,0x4051ce,1,7562648,6862201,700447,36,40.000000,1,1,127.966584,1.200000,0.800000,mba,0,,1,1,3964928,4685824,57131008,1986358730752,1988468883456,2096185344,1986358820864,1988468883456,2096455680,-1,-1,-1
4798,2,1200,3,16,16,197632.213083,197759.548468,87.429676,0x4051ce,1,7599621,6838858,760763,38,50.000000,1,1,127.966584,1.200000,0.800000,mba,0,,1,1,0,1081344,32530432,261719130112,262179512320,458309632,261719130112,262179512320,458129408,-1,-1,-1
4798,2,1200,4,16,16,197632.221249,197760.034170,120.183871,0x4051ce,1,14893800,11125900,3767900,40,100.000000,1,1,127.966584,1.200000,0.800000,mba,0,,1,1,63438848,65961984,-180224,11864977203200,11872417120256,7410180096,11864977293312,11872417120256,7404593152,-1,-1,-1
4798,2,1200,5,16,16,197632.481920,197760.031569,119.937058,0x4051ce,1,14977172,10933998,4043174,42,100.000000,1,1,127.966584,1.200000,0.800000,mba,0,,1,1,62988288,65961984,-1171456,11864992612352,11872417030144,7391887360,11864993243136,11872417120256,7386030080,-1,-1,-1
4798,2,1200,6,16,16,197632.636144,197759.947541,114.310596,0x4051ce,1,14270280,10464946,3805334,44,100.000000,1,1,127.966584,1.200000,0.800000,mba,0,,1,1,63348736,65691648,-2703360,11865002795008,11872413245440,7087218688,11865003245568,11872413696000,7092445184,-1,-1,-1
4798,2,1200,7,16,16,197632.236460,197760.055829,120.447462,0x4051ce,1,15106476,10985797,4120679,46,100.000000,1,1,127.966584,1.200000,0.800000,mba,0,,1,1,63348736,65961984,-450560,11864977473536,11872417120256,7412883456,11864977563648,11872417120256,7404773376,-1,-1,-1
4798,2,1200,8,16,16,197632.214855,197759.998138,119.381345,0x4051ce,1,15124289,10797607,4326682,48,100.000000,1,1,127.966584,1.200000,0.800000,mba,0,,1,1,63348736,66142208,90112,11864977113088,11872416399360,7397474304,11864977203200,11872416579584,7396392960,-1,-1,-1
4798,2,1200,9,16,16,197632.215937,197759.881108,113.854556,0x4051ce,1,14332208,10213725,4118483,50,100.000000,1,1,127.966584,1.200000,0.800000,mba,0,,1,1,63438848,65961984,-2342912,11864977203200,11872408469504,7063158784,11864977293312,11872408829952,7069646848,-1,-1,-1
4798,2,1200,10,16,16,197632.220535,197759.987448,118.284324,0x4051ce,1,15070687,10806638,4264049,52,100.000000,1,1,127.966584,1.200000,0.800000,mba,0,,1,1,63438848,65781760,-901120,11864977293312,11872415768576,7351517184,11864977293312,11872416219136,7351517184,-1,-1,-1
4798,2,1200,11,16,16,197632.239186,197760.005652,118.810249,0x4051ce,1,15018626,10859812,4158814,54,100.000000,1,1,127.966584,1.200000,0.800000,mba,0,,1,1,63348736,66052096,-360448,11864977473536,11872416399360,7375396864,11864977833984,11872416849920,7375757312,-1,-1,-1
4798,2,1200,12,16,16,197632.627045,197760.103372,113.314442,0x4051ce,1,7608980,6683927,925053,24,40.000000,1,1,127.966584,1.200000,0.800000,mba,0,,1,1,3964928,4685824,58933248,1986358640640,1988468523008,2081046528,1986358820864,1988468613120,2082758656,-1,-1,-1
4798,2,1200,13,16,16,197632.213818,197760.179667,116.028300,0x4051ce,1,7597908,6894645,703263,58,40.000000,1,1,127.966584,1.200000,0.800000,mba,0,,1,1,4775936,4685824,52355072,1986356748288,1988469153792,2105556992,1986356748288,1988469153792,2103754752,-1,-1,-1
4798,2,1200,14,16,16,197632.629144,197760.158757,115.546436,0x4051ce,1,7609291,6860377,748914,60,40.000000,1,1,127.966584,1.200000,0.800000,mba,0,,1,1,3964928,4685824,51724288,1986358640640,1988469063680,2106728448,1986358820864,1988469063680,2105286656,-1,-1,-1
4798,2,1200,15,16,16,197632.220652,197760.128096,109.911732,0x4051ce,1,7651351,4005373,3645978,62,30.000000,1,1,127.966584,1.200000,0.800000,mba,0,,1,1,18743296,12255232,7929856,1596275417088,1597084893184,806862848,1596275417088,1597084893184,806502400,-1,-1,-1
4799,3,1200,0,16,16,197760.380800,197760.496314,0.115514,0x405218,1,6466,2772,3694,0,20.000000,0,0,0.232118,1.200000,0.800000,mba,0,,0,0,-1,-1,-1,-1,-1,-1,-1,-1,-1,-1,-1,-1
4799,3,1200,1,16,16,197760.379830,197760.507306,0.127476,0x405218,1,6423,2826,3597,34,20.000000,0,0,0.232118,1.200000,0.800000,mba,0,,0,0,-1,-1,-1,-1,-1,-1,-1,-1,-1,-1,-1,-1
4799,3,1200,2,16,16,197760.379281,197760.512885,0.133604,0x405218,1,5547,3392,2155,36,20.000000,0,0,0.232118,1.200000,0.800000,mba,0,,0,0,-1,-1,-1,-1,-1,-1,-1,-1,-1,-1,-1,-1
4799,3,1200,3,16,16,197760.378120,197760.517073,0.138953,0x405218,1,4207,3162,1045,38,20.000000,0,0,0.232118,1.200000,0.800000,mba,0,,0,0,-1,-1,-1,-1,-1,-1,-1,-1,-1,-1,-1,-1
4799,3,1200,4,16,16,197760.379939,197760.606764,0.226825,0x405218,1,10587,7120,3467,40,100.000000,0,0,0.232118,1.200000,0.800000,mba,0,,0,0,-1,-1,-1,-1,-1,-1,-1,-1,-1,-1,-1,-1
4799,3,1200,5,16,16,197760.380199,197760.609702,0.229503,0x405218,1,10679,7216,3463,42,100.000000,0,0,0.232118,1.200000,0.800000,mba,0,,0,0,-1,-1,-1,-1,-1,-1,-1,-1,-1,-1,-1,-1
4799,3,1200,6,16,16,197760.379971,197760.602870,0.222899,0x405218,1,10501,7085,3416,44,100.000000,0,0,0.232118,1.200000,0.800000,mba,0,,0,0,-1,-1,-1,-1,-1,-1,-1,-1,-1,-1,-1,-1
4799,3,1200,7,16,16,197760.378807,197760.602797,0.223990,0x405218,1,10893,6963,3930,46,100.000000,0,0,0.232118,1.200000,0.800000,mba,0,,0,0,-1,-1,-1,-1,-1,-1,-1,-1,-1,-1,-1,-1
4799,3,1200,8,16,16,197760.378554,197760.604076,0.225522,0x405218,1,10775,7000,3775,48,100.000000,0,0,0.232118,1.200000,0.800000,mba,0,,0,0,-1,-1,-1,-1,-1,-1,-1,-1,-1,-1,-1,-1
4799,3,1200,9,16,16,197760.379453,197760.599947,0.220494,0x405218,1,10516,6888,3628,50,100.000000,0,0,0.232118,1.200000,0.800000,mba,0,,0,0,-1,-1,-1,-1,-1,-1,-1,-1,-1,-1,-1,-1
4799,3,1200,10,16,16,197760.379550,197760.607047,0.227497,0x405218,1,10829,7421,3408,52,100.000000,0,0,0.232118,1.200000,0.800000,mba,0,,0,0,-1,-1,-1,-1,-1,-1,-1,-1,-1,-1,-1,-1
4799,3,1200,11,16,16,197760.379148,197760.603833,0.224685,0x405218,1,10652,6857,3795,54,100.000000,0,0,0.232118,1.200000,0.800000,mba,0,,0,0,-1,-1,-1,-1,-1,-1,-1,-1,-1,-1,-1,-1
4799,3,1200,12,16,16,197760.377584,197760.523452,0.145868,0x405218,1,4977,3741,1236,24,20.000000,0,0,0.232118,1.200000,0.800000,mba,0,,0,0,-1,-1,-1,-1,-1,-1,-1,-1,-1,-1,-1,-1
4799,3,1200,13,16,16,197760.378736,197760.534524,0.155788,0x405218,1,5009,4056,953,58,20.000000,0,0,0.232118,1.200000,0.800000,mba,0,,0,0,-1,-1,-1,-1,-1,-1,-1,-1,-1,-1,-1,-1
4799,3,1200,14,16,16,197760.379232,197760.533928,0.154696,0x405218,1,5078,3802,1276,60,20.000000,0,0,0.232118,1.200000,0.800000,mba,0,,0,0,-1,-1,-1,-1,-1,-1,-1,-1,-1,-1,-1,-1
4799,3,1200,15,16,16,197760.378708,197760.493156,0.114448,0x405218,1,5806,2495,3311,62,20.000000,0,0,0.232118,1.200000,0.800000,mba,0,,0,0,-1,-1,-1,-1,-1,-1,-1,-1,-1,-1,-1,-1
4800,4,1200,0,16,16,197761.361770,197761.400887,0.039117,0x4052e4,1,1811,939,872,0,100.000000,0,0,0.046340,1.200000,0.800000,mba,0,,0,0,-1,-1,-1,-1,-1,-1,-1,-1,-1,-1,-1,-1
4800,4,1200,1,16,16,197761.356506,197761.378760,0.022254,0x4052e4,1,272,210,62,34,20.000000,0,0,0.046340,1.200000,0.800000,mba,0,,0,0,-1,-1,-1,-1,-1,-1,-1,-1,-1,-1,-1,-1
4800,4,1200,2,16,16,197761.356025,197761.378647,0.022622,0x4052e4,1,180,128,52,36,20.000000,0,0,0.046340,1.200000,0.800000,mba,0,,0,0,-1,-1,-1,-1,-1,-1,-1,-1,-1,-1,-1,-1
4800,4,1200,3,16,16,197761.356460,197761.378480,0.022020,0x4052e4,1,80,25,55,38,20.000000,0,0,0.046340,1.200000,0.800000,mba,0,,0,0,-1,-1,-1,-1,-1,-1,-1,-1,-1,-1,-1,-1
4800,4,1200,4,16,16,197761.356457,197761.382013,0.025556,0x4052e4,1,300,226,74,40,20.000000,0,0,0.046340,1.200000,0.800000,mba,0,,0,0,-1,-1,-1,-1,-1,-1,-1,-1,-1,-1,-1,-1
4800,4,1200,5,16,16,197761.356948,197761.382701,0.025753,0x4052e4,1,365,279,86,42,20.000000,0,0,0.046340,1.200000,0.800000,mba,0,,0,0,-1,-1,-1,-1,-1,-1,-1,-1,-1,-1,-1,-1
4800,4,1200,6,16,16,197761.356609,197761.383166,0.026557,0x4052e4,1,371,303,68,44,20.000000,0,0,0.046340,1.200000,0.800000,mba,0,,0,0,-1,-1,-1,-1,-1,-1,-1,-1,-1,-1,-1,-1
4800,4,1200,7,16,16,197761.355239,197761.380293,0.025054,0x4052e4,1,327,250,77,46,20.000000,0,0,0.046340,1.200000,0.800000,mba,0,,0,0,-1,-1,-1,-1,-1,-1,-1,-1,-1,-1,-1,-1
4800,4,1200,8,16,16,197761.355601,197761.380428,0.024827,0x4052e4,1,319,247,72,48,20.000000,0,0,0.046340,1.200000,0.800000,mba,0,,0,0,-1,-1,-1,-1,-1,-1,-1,-1,-1,-1,-1,-1
4800,4,1200,9,16,16,197761.356439,197761.381391,0.024952,0x4052e4,1,448,369,79,50,20.000000,0,0,0.046340,1.200000,0.800000,mba,0,,0,0,-1,-1,-1,-1,-1,-1,-1,-1,-1,-1,-1,-1
4800,4,1200,10,16,16,197761.357252,197761.382363,0.025111,0x4052e4,1,450,359,91,52,20.000000,0,0,0.046340,1.200000,0.800000,mba,0,,0,0,-1,-1,-1,-1,-1,-1,-1,-1,-1,-1,-1,-1
4800,4,1200,11,16,16,197761.355796,197761.380648,0.024852,0x4052e4,1,388,317,71,54,20.000000,0,0,0.046340,1.200000,0.800000,mba,0,,0,0,-1,-1,-1,-1,-1,-1,-1,-1,-1,-1,-1,-1
4800,4,1200,12,16,16,197761.355598,197761.377373,0.021775,0x4052e4,1,52,14,38,24,20.000000,0,0,0.046340,1.200000,0.800000,mba,0,,0,0,-1,-1,-1,-1,-1,-1,-1,-1,-1,-1,-1,-1
4800,4,1200,13,16,16,197761.354967,197761.376742,0.021775,0x4052e4,1,50,5,45,58,20.000000,0,0,0.046340,1.200000,0.800000,mba,0,,0,0,-1,-1,-1,-1,-1,-1,-1,-1,-1,-1,-1,-1
4800,4,1200,14,16,16,197761.354547,197761.376658,0.022111,0x4052e4,1,97,63,34,60,20.000000,0,0,0.046340,1.200000,0.800000,mba,0,,0,0,-1,-1,-1,-1,-1,-1,-1,-1,-1,-1,-1,-1
4800,4,1200,15,16,16,197761.355505,197761.377496,0.021991,0x4052e4,1,196,134,62,62,20.000000,0,0,0.046340,1.200000,0.800000,mba,0,,0,0,-1,-1,-1,-1,-1,-1,-1,-1,-1,-1,-1,-1
4801,5,1200,0,16,16,197761.464364,197761.486403,0.022039,0x40533c,1,35,1,34,0,40.000000,0,0,0.032463,1.200000,0.800000,mba,0,,0,0,-1,-1,-1,-1,-1,-1,-1,-1,-1,-1,-1,-1
4801,5,1200,1,16,16,197761.464262,197761.486020,0.021758,0x40533c,1,94,54,40,34,40.000000,0,0,0.032463,1.200000,0.800000,mba,0,,0,0,-1,-1,-1,-1,-1,-1,-1,-1,-1,-1,-1,-1
4801,5,1200,2,16,16,197761.463095,197761.484949,0.021854,0x40533c,1,150,104,46,36,40.000000,0,0,0.032463,1.200000,0.800000,mba,0,,0,0,-1,-1,-1,-1,-1,-1,-1,-1,-1,-1,-1,-1
4801,5,1200,3,16,16,197761.463702,197761.485261,0.021559,0x40533c,1,48,18,30,38,40.000000,0,0,0.032463,1.200000,0.800000,mba,0,,0,0,-1,-1,-1,-1,-1,-1,-1,-1,-1,-1,-1,-1
4801,5,1200,4,16,16,197761.463063,197761.489936,0.026873,0x40533c,1,632,393,239,40,80.000000,0,0,0.032463,1.200000,0.800000,mba,0,,0,0,-1,-1,-1,-1,-1,-1,-1,-1,-1,-1,-1,-1
4801,5,1200,5,16,16,197761.463558,197761.490842,0.027284,0x40533c,1,644,321,323,42,80.000000,0,0,0.032463,1.200000,0.800000,mba,0,,0,0,-1,-1,-1,-1,-1,-1,-1,-1,-1,-1,-1,-1
4801,5,1200,6,16,16,197761.464954,197761.494595,0.029641,0x40533c,1,713,367,346,44,80.000000,0,0,0.032463,1.200000,0.800000,mba,0,,0,0,-1,-1,-1,-1,-1,-1,-1,-1,-1,-1,-1,-1
4801,5,1200,7,16,16,197761.464174,197761.491404,0.027230,0x40533c,1,686,372,314,46,80.000000,0,0,0.032463,1.200000,0.800000,mba,0,,0,0,-1,-1,-1,-1,-1,-1,-1,-1,-1,-1,-1,-1
4801,5,1200,8,16,16,197761.462987,197761.489976,0.026989,0x40533c,1,642,321,321,48,80.000000,0,0,0.032463,1.200000,0.800000,mba,0,,0,0,-1,-1,-1,-1,-1,-1,-1,-1,-1,-1,-1,-1
4801,5,1200,9,16,16,197761.463981,197761.490957,0.026976,0x40533c,1,575,239,336,50,100.000000,0,0,0.032463,1.200000,0.800000,mba,0,,0,0,-1,-1,-1,-1,-1,-1,-1,-1,-1,-1,-1,-1
4801,5,1200,10,16,16,197761.463303,197761.490032,0.026729,0x40533c,1,670,248,422,52,80.000000,0,0,0.032463,1.200000,0.800000,mba,0,,0,0,-1,-1,-1,-1,-1,-1,-1,-1,-1,-1,-1,-1
4801,5,1200,11,16,16,197761.464359,197761.491324,0.026965,0x40533c,1,732,302,430,54,80.000000,0,0,0.032463,1.200000,0.800000,mba,0,,0,0,-1,-1,-1,-1,-1,-1,-1,-1,-1,-1,-1,-1
4801,5,1200,12,16,16,197761.462437,197761.484217,0.021780,0x40533c,1,93,39,54,24,40.000000,0,0,0.032463,1.200000,0.800000,mba,0,,0,0,-1,-1,-1,-1,-1,-1,-1,-1,-1,-1,-1,-1
4801,5,1200,13,16,16,197761.464429,197761.486118,0.021689,0x40533c,1,35,2,33,58,40.000000,0,0,0.032463,1.200000,0.800000,mba,0,,0,0,-1,-1,-1,-1,-1,-1,-1,-1,-1,-1,-1,-1
4801,5,1200,14,16,16,197761.462912,197761.484490,0.021578,0x40533c,1,86,62,24,60,40.000000,0,0,0.032463,1.200000,0.800000,mba,0,,0,0,-1,-1,-1,-1,-1,-1,-1,-1,-1,-1,-1,-1
4801,5,1200,15,16,16,197761.462132,197761.483740,0.021608,0x40533c,1,91,64,27,62,40.000000,0,0,0.032463,1.200000,0.800000,mba,0,,0,0,-1,-1,-1,-1,-1,-1,-1,-1,-1,-1,-1,-1
5198,2,1300,0,16,16,210143.919772,210263.689135,87.052070,0x4051ce,1,6677779,2963702,3714077,32,30.000000,1,1,120.657858,1.200000,0.800000,mba,0,,1,1,18112512,8560640,1622016,1678330593280,1678816296960,476872704,1678330593280,1678816296960,476962816,-1,-1,-1
5198,2,1300,1,16,16,210144.230218,210263.656159,87.990900,0x4051ce,1,6996224,2975162,4021062,34,30.000000,1,1,120.657858,1.200000,0.800000,mba,0,,1,1,17121280,8200192,1531904,1678331224064,1678816296960,480387072,1678331224064,1678816296960,480387072,-1,-1,-1
5198,2,1300,2,16,16,210143.718479,210263.583100,83.209351,0x4051ce,1,7103255,6289935,813320,36,50.000000,1,1,120.657858,1.200000,0.800000,mba,0,,1,1,1081344,4595712,98402304,308126359552,310617235456,2428428288,308126539776,310617235456,2428428288,-1,-1,-1
5198,2,1300,3,16,16,210143.390534,210263.656502,88.932154,0x4051ce,1,7601056,7156652,444404,38,50.000000,1,1,120.657858,1.200000,0.800000,mba,0,,1,1,720896,4595712,87588864,308119420928,310617595904,2484838400,308119420928,310617595904,2483757056,-1,-1,-1
5198,2,1300,4,16,16,210143.431409,210263.885493,110.756277,0x4051ce,1,14025959,10105709,3920250,40,100.000000,1,1,120.657858,1.200000,0.800000,mba,0,,1,1,62177280,65961984,-1892352,12563194445824,12569640607744,6320275456,12563194535936,12569641058304,6319284224,-1,-1,-1
5198,2,1300,5,16,16,210144.049311,210263.961681,114.775640,0x4051ce,1,13322781,9374326,3948455,42,100.000000,1,1,120.657858,1.200000,0.800000,mba,0,,1,1,61726720,65961984,-450560,12563222560768,12569642950656,6399123456,12563222560768,12569642950656,6392455168,-1,-1,-1
5198,2,1300,6,16,16,210143.438991,210263.791245,102.890229,0x4051ce,1,13352358,9246944,4105414,44,100.000000,1,1,120.657858,1.200000,0.800000,mba,0,,1,1,62087168,65421312,-3063808,12563194535936,12569634209792,5854126080,12563194626048,12569634480128,5857910784,-1,-1,-1
5198,2,1300,7,16,16,210144.026937,210263.980119,114.062448,0x4051ce,1,13488500,9409061,4079439,46,100.000000,1,1,120.657858,1.200000,0.800000,mba,0,,1,1,61636608,66052096,-630784,12563221659648,12569642950656,6399123456,12563221929984,12569642950656,6390292480,-1,-1,-1
5198,2,1300,8,16,16,210143.376710,210263.812257,109.082500,0x4051ce,1,14238095,9664787,4573308,48,100.000000,1,1,120.657858,1.200000,0.800000,mba,0,,1,1,62087168,65961984,-1171456,12563193544704,12569636012032,6232326144,12563193544704,12569636192256,6233767936,-1,-1,-1
5198,2,1300,9,16,16,210143.596782,210263.858036,105.829662,0x4051ce,1,12971853,8999124,3972729,50,100.000000,1,1,120.657858,1.200000,0.800000,mba,0,,1,1,61726720,65781760,-2162688,12563199582208,12569639075840,6061473792,12563199582208,12569639346176,6065258496,-1,-1,-1
5198,2,1300,10,16,16,210143.597742,210263.914888,111.859191,0x4051ce,1,13563080,9273103,4289977,52,100.000000,1,1,120.657858,1.200000,0.800000,mba,0,,1,1,61726720,65961984,-811008,12563199582208,12569641779200,6359384064,12563199582208,12569641959424,6357942272,-1,-1,-1
5198,2,1300,11,16,16,210144.037578,210263.940269,111.894459,0x4051ce,1,13557707,9378830,4178877,54,100.000000,1,1,120.657858,1.200000,0.800000,mba,0,,1,1,61726720,66052096,-1171456,12563221929984,12569642680320,6353166336,12563222380544,12569642860544,6348750848,-1,-1,-1
5198,2,1300,12,16,16,210143.387387,210263.551143,84.214613,0x4051ce,1,7634361,6535118,1099243,24,50.000000,1,1,120.657858,1.200000,0.800000,mba,0,,1,1,720896,4685824,102367232,308119240704,310616965120,2449154048,308119420928,310616965120,2449604608,-1,-1,-1
5198,2,1300,13,16,16,210143.410632,210263.587386,84.994065,0x4051ce,1,7207135,6371324,835811,58,50.000000,1,1,120.657858,1.200000,0.800000,mba,0,,1,1,720896,4595712,96419840,308119781376,310617235456,2458615808,308119871488,310617235456,2457264128,-1,-1,-1
5198,2,1300,14,16,16,210143.352135,210263.586281,85.037733,0x4051ce,1,7348274,6473048,875226,60,50.000000,1,1,120.657858,1.200000,0.800000,mba,0,,1,1,720896,4595712,96600064,308119150592,310617235456,2460147712,308119150592,310617235456,2459607040,-1,-1,-1
5198,2,1300,15,16,16,210143.322261,210263.536058,77.595403,0x4051ce,1,7682055,3907425,3774630,62,40.000000,1,1,120.657858,1.200000,0.800000,mba,0,,1,1,5496832,4415488,14868480,2196335910912,2196610211840,268443648,2196335910912,2196610211840,268533760,-1,-1,-1
5199,3,1300,0,16,16,210264.184315,210264.301155,0.116840,0x405218,1,6416,2463,3953,32,20.000000,0,0,0.261568,1.200000,0.800000,mba,0,,0,0,-1,-1,-1,-1,-1,-1,-1,-1,-1,-1,-1,-1
5199,3,1300,1,16,16,210264.183237,210264.320915,0.137678,0x405218,1,6148,2591,3557,34,20.000000,0,0,0.261568,1.200000,0.800000,mba,0,,0,0,-1,-1,-1,-1,-1,-1,-1,-1,-1,-1,-1,-1
5199,3,1300,2,16,16,210264.183169,210264.331339,0.148170,0x405218,1,5250,3424,1826,36,20.000000,0,0,0.261568,1.200000,0.800000,mba,0,,0,0,-1,-1,-1,-1,-1,-1,-1,-1,-1,-1,-1,-1
5199,3,1300,3,16,16,210264.182597,210264.314433,0.131836,0x405218,1,4102,2878,1224,38,20.000000,0,0,0.261568,1.200000,0.800000,mba,0,,0,0,-1,-1,-1,-1,-1,-1,-1,-1,-1,-1,-1,-1
5199,3,1300,4,16,16,210264.183642,210264.401320,0.217678,0x405218,1,10344,6674,3670,40,100.000000,0,0,0.261568,1.200000,0.800000,mba,0,,0,0,-1,-1,-1,-1,-1,-1,-1,-1,-1,-1,-1,-1
5199,3,1300,5,16,16,210264.182855,210264.442769,0.259914,0x405218,1,9406,5839,3567,42,100.000000,0,0,0.261568,1.200000,0.800000,mba,0,,0,0,-1,-1,-1,-1,-1,-1,-1,-1,-1,-1,-1,-1
5199,3,1300,6,16,16,210264.183538,210264.383464,0.199926,0x405218,1,10304,6369,3935,44,100.000000,0,0,0.261568,1.200000,0.800000,mba,0,,0,0,-1,-1,-1,-1,-1,-1,-1,-1,-1,-1,-1,-1
5199,3,1300,7,16,16,210264.183135,210264.443696,0.260561,0x405218,1,9617,5942,3675,46,100.000000,0,0,0.261568,1.200000,0.800000,mba,0,,0,0,-1,-1,-1,-1,-1,-1,-1,-1,-1,-1,-1,-1
5199,3,1300,8,16,16,210264.183144,210264.392782,0.209638,0x405218,1,10490,6421,4069,48,100.000000,0,0,0.261568,1.200000,0.800000,mba,0,,0,0,-1,-1,-1,-1,-1,-1,-1,-1,-1,-1,-1,-1
5199,3,1300,9,16,16,210264.183620,210264.433445,0.249825,0x405218,1,9315,5750,3565,50,100.000000,0,0,0.261568,1.200000,0.800000,mba,0,,0,0,-1,-1,-1,-1,-1,-1,-1,-1,-1,-1,-1,-1
5199,3,1300,10,16,16,210264.182524,210264.432269,0.249745,0x405218,1,9563,6106,3457,52,100.000000,0,0,0.261568,1.200000,0.800000,mba,0,,0,0,-1,-1,-1,-1,-1,-1,-1,-1,-1,-1,-1,-1
5199,3,1300,11,16,16,210264.183435,210264.441198,0.257763,0x405218,1,9417,5840,3577,54,100.000000,0,0,0.261568,1.200000,0.800000,mba,0,,0,0,-1,-1,-1,-1,-1,-1,-1,-1,-1,-1,-1,-1
5199,3,1300,12,16,16,210264.182128,210264.329097,0.146969,0x405218,1,4955,3885,1070,24,20.000000,0,0,0.261568,1.200000,0.800000,mba,0,,0,0,-1,-1,-1,-1,-1,-1,-1,-1,-1,-1,-1,-1
5199,3,1300,13,16,16,210264.182407,210264.339592,0.157185,0x405218,1,5433,4380,1053,58,20.000000,0,0,0.261568,1.200000,0.800000,mba,0,,0,0,-1,-1,-1,-1,-1,-1,-1,-1,-1,-1,-1,-1
5199,3,1300,14,16,16,210264.182169,210264.349876,0.167707,0x405218,1,5504,4546,958,60,20.000000,0,0,0.261568,1.200000,0.800000,mba,0,,0,0,-1,-1,-1,-1,-1,-1,-1,-1,-1,-1,-1,-1
5199,3,1300,15,16,16,210264.183441,210264.295276,0.111835,0x405218,1,5789,2473,3316,62,20.000000,0,0,0.261568,1.200000,0.800000,mba,0,,0,0,-1,-1,-1,-1,-1,-1,-1,-1,-1,-1,-1,-1
5200,4,1300,0,16,16,210265.165107,210265.206453,0.041346,0x4052e4,1,1773,809,964,32,100.000000,0,0,0.048600,1.200000,0.800000,mba,0,,0,0,-1,-1,-1,-1,-1,-1,-1,-1,-1,-1,-1,-1
5200,4,1300,1,16,16,210265.159837,210265.181934,0.022097,0x4052e4,1,148,85,63,34,20.000000,0,0,0.048600,1.200000,0.800000,mba,0,,0,0,-1,-1,-1,-1,-1,-1,-1,-1,-1,-1,-1,-1
5200,4,1300,2,16,16,210265.159924,210265.181000,0.021076,0x4052e4,1,84,14,70,36,20.000000,0,0,0.048600,1.200000,0.800000,mba,0,,0,0,-1,-1,-1,-1,-1,-1,-1,-1,-1,-1,-1,-1
5200,4,1300,3,16,16,210265.158239,210265.178451,0.020212,0x4052e4,1,72,25,47,38,20.000000,0,0,0.048600,1.200000,0.800000,mba,0,,0,0,-1,-1,-1,-1,-1,-1,-1,-1,-1,-1,-1,-1
5200,4,1300,4,16,16,210265.158482,210265.181629,0.023147,0x4052e4,1,280,199,81,40,20.000000,0,0,0.048600,1.200000,0.800000,mba,0,,0,0,-1,-1,-1,-1,-1,-1,-1,-1,-1,-1,-1,-1
5200,4,1300,5,16,16,210265.159713,210265.184054,0.024341,0x4052e4,1,189,109,80,42,20.000000,0,0,0.048600,1.200000,0.800000,mba,0,,0,0,-1,-1,-1,-1,-1,-1,-1,-1,-1,-1,-1,-1
5200,4,1300,6,16,16,210265.159470,210265.182748,0.023278,0x4052e4,1,263,191,72,44,20.000000,0,0,0.048600,1.200000,0.800000,mba,0,,0,0,-1,-1,-1,-1,-1,-1,-1,-1,-1,-1,-1,-1
5200,4,1300,7,16,16,210265.159030,210265.183569,0.024539,0x4052e4,1,173,106,67,46,20.000000,0,0,0.048600,1.200000,0.800000,mba,0,,0,0,-1,-1,-1,-1,-1,-1,-1,-1,-1,-1,-1,-1
5200,4,1300,8,16,16,210265.159456,210265.183132,0.023676,0x4052e4,1,282,198,84,48,20.000000,0,0,0.048600,1.200000,0.800000,mba,0,,0,0,-1,-1,-1,-1,-1,-1,-1,-1,-1,-1,-1,-1
5200,4,1300,9,16,16,210265.159429,210265.185397,0.025968,0x4052e4,1,168,103,65,50,20.000000,0,0,0.048600,1.200000,0.800000,mba,0,,0,0,-1,-1,-1,-1,-1,-1,-1,-1,-1,-1,-1,-1
5200,4,1300,10,16,16,210265.160015,210265.183755,0.023740,0x4052e4,1,666,525,141,52,20.000000,0,0,0.048600,1.200000,0.800000,mba,0,,0,0,-1,-1,-1,-1,-1,-1,-1,-1,-1,-1,-1,-1
5200,4,1300,11,16,16,210265.159605,210265.184951,0.025346,0x4052e4,1,188,114,74,54,20.000000,0,0,0.048600,1.200000,0.800000,mba,0,,0,0,-1,-1,-1,-1,-1,-1,-1,-1,-1,-1,-1,-1
5200,4,1300,12,16,16,210265.158292,210265.178528,0.020236,0x4052e4,1,71,19,52,24,20.000000,0,0,0.048600,1.200000,0.800000,mba,0,,0,0,-1,-1,-1,-1,-1,-1,-1,-1,-1,-1,-1,-1
5200,4,1300,13,16,16,210265.157853,210265.178769,0.020916,0x4052e4,1,41,11,30,58,20.000000,0,0,0.048600,1.200000,0.800000,mba,0,,0,0,-1,-1,-1,-1,-1,-1,-1,-1,-1,-1,-1,-1
5200,4,1300,14,16,16,210265.159060,210265.179790,0.020730,0x4052e4,1,65,22,43,60,20.000000,0,0,0.048600,1.200000,0.800000,mba,0,,0,0,-1,-1,-1,-1,-1,-1,-1,-1,-1,-1,-1,-1
5200,4,1300,15,16,16,210265.157876,210265.178162,0.020286,0x4052e4,1,182,125,57,62,20.000000,0,0,0.048600,1.200000,0.800000,mba,0,,0,0,-1,-1,-1,-1,-1,-1,-1,-1,-1,-1,-1,-1
5201,5,1300,0,16,16,210265.266954,210265.287717,0.020763,0x40533c,1,31,3,28,32,40.000000,0,0,0.030035,1.200000,0.800000,mba,0,,0,0,-1,-1,-1,-1,-1,-1,-1,-1,-1,-1,-1,-1
5201,5,1300,1,16,16,210265.268128,210265.288701,0.020573,0x40533c,1,111,72,39,34,40.000000,0,0,0.030035,1.200000,0.800000,mba,0,,0,0,-1,-1,-1,-1,-1,-1,-1,-1,-1,-1,-1,-1
5201,5,1300,2,16,16,210265.267843,210265.288323,0.020480,0x40533c,1,71,40,31,36,40.000000,0,0,0.030035,1.200000,0.800000,mba,0,,0,0,-1,-1,-1,-1,-1,-1,-1,-1,-1,-1,-1,-1
5201,5,1300,3,16,16,210265.267438,210265.287414,0.019976,0x40533c,1,54,23,31,38,40.000000,0,0,0.030035,1.200000,0.800000,mba,0,,0,0,-1,-1,-1,-1,-1,-1,-1,-1,-1,-1,-1,-1
5201,5,1300,4,16,16,210265.266786,210265.291320,0.024534,0x40533c,1,615,327,288,40,80.000000,0,0,0.030035,1.200000,0.800000,mba,0,,0,0,-1,-1,-1,-1,-1,-1,-1,-1,-1,-1,-1,-1
5201,5,1300,5,16,16,210265.268209,210265.294192,0.025983,0x40533c,1,224,123,101,42,80.000000,0,0,0.030035,1.200000,0.800000,mba,0,,0,0,-1,-1,-1,-1,-1,-1,-1,-1,-1,-1,-1,-1
5201,5,1300,6,16,16,210265.267477,210265.291627,0.024150,0x40533c,1,680,351,329,44,80.000000,0,0,0.030035,1.200000,0.800000,mba,0,,0,0,-1,-1,-1,-1,-1,-1,-1,-1,-1,-1,-1,-1
5201,5,1300,7,16,16,210265.266850,210265.293239,0.026389,0x40533c,1,169,81,88,46,80.000000,0,0,0.030035,1.200000,0.800000,mba,0,,0,0,-1,-1,-1,-1,-1,-1,-1,-1,-1,-1,-1,-1
5201,5,1300,8,16,16,210265.267825,210265.292744,0.024919,0x40533c,1,651,322,329,48,80.000000,0,0,0.030035,1.200000,0.800000,mba,0,,0,0,-1,-1,-1,-1,-1,-1,-1,-1,-1,-1,-1,-1
5201,5,1300,9,16,16,210265.268277,210265.296009,0.027732,0x40533c,1,183,100,83,50,100.000000,0,0,0.030035,1.200000,0.800000,mba,0,,0,0,-1,-1,-1,-1,-1,-1,-1,-1,-1,-1,-1,-1
5201,5,1300,10,16,16,210265.268456,210265.293538,0.025082,0x40533c,1,666,238,428,52,80.000000,0,0,0.030035,1.200000,0.800000,mba,0,,0,0,-1,-1,-1,-1,-1,-1,-1,-1,-1,-1,-1,-1
5201,5,1300,11,16,16,210265.268252,210265.296821,0.028569,0x40533c,1,150,66,84,54,80.000000,0,0,0.030035,1.200000,0.800000,mba,0,,0,0,-1,-1,-1,-1,-1,-1,-1,-1,-1,-1,-1,-1
5201,5,1300,12,16,16,210265.267165,210265.287517,0.020352,0x40533c,1,85,43,42,24,40.000000,0,0,0.030035,1.200000,0.800000,mba,0,,0,0,-1,-1,-1,-1,-1,-1,-1,-1,-1,-1,-1,-1
5201,5,1300,13,16,16,210265.266911,210265.287325,0.020414,0x40533c,1,44,19,25,58,40.000000,0,0,0.030035,1.200000,0.800000,mba,0,,0,0,-1,-1,-1,-1,-1,-1,-1,-1,-1,-1,-1,-1
5201,5,1300,14,16,16,210265.266788,210265.287582,0.020794,0x40533c,1,92,52,40,60,40.000000,0,0,0.030035,1.200000,0.800000,mba,0,,0,0,-1,-1,-1,-1,-1,-1,-1,-1,-1,-1,-1,-1
5201,5,1300,15,16,16,210265.268378,210265.288646,0.020268,0x40533c,1,103,67,36,62,40.000000,0,0,0.030035,1.200000,0.800000,mba,0,,0,0,-1,-1,-1,-1,-1,-1,-1,-1,-1,-1,-1,-1
5598,2,1400,0,16,16,221722.163243,221834.917013,86.567856,0x4051ce,1,6670793,2954718,3716075,32,30.000000,1,1,112.960573,1.200000,0.800000,mba,0,,1,1,14778368,8470528,-901120,1732333453312,1732858626048,510844928,1732333453312,1732858716160,511025152,-1,-1,-1
5598,2,1400,1,16,16,221722.164890,221835.073284,93.215190,0x4051ce,1,7583521,3412639,4170882,2,30.000000,1,1,112.960573,1.200000,0.800000,mba,0,,1,1,14958592,8921088,5316608,1732333453312,1732859076608,523010048,1732333453312,1732859076608,523010048,-1,-1,-1
5598,2,1400,2,16,16,221722.121342,221834.794246,84.250871,0x4051ce,1,7240719,6427803,812916,36,50.000000,1,1,112.960573,1.200000,0.800000,mba,0,,1,1,4145152,4325376,71729152,564521222144,567109148672,2515386368,564521312256,567109148672,2515025920,-1,-1,-1
5598,2,1400,3,16,16,221722.112711,221834.850971,89.433474,0x4051ce,1,7598174,7179584,418590,38,50.000000,1,1,112.960573,1.200000,0.800000,mba,0,,1,1,4145152,4415488,71999488,564521222144,567109509120,2579005440,564521312256,567109509120,2577022976,-1,-1,-1
5598,2,1400,4,16,16,221722.148187,221835.009441,107.260612,0x4051ce,1,13422818,9648135,3774683,40,100.000000,1,1,112.960573,1.200000,0.800000,mba,0,,1,1,63258624,65241088,450560,13201285898240,13207528046592,6226739200,13201286168576,13207528136704,6222594048,-1,-1,-1
5598,2,1400,5,16,16,221722.128029,221835.020520,107.162700,0x4051ce,1,13494666,9377555,4117111,42,100.000000,1,1,112.960573,1.200000,0.800000,mba,0,,1,1,63348736,65241088,360448,13201285898240,13207528136704,6227279872,13201286078464,13207528136704,6221242368,-1,-1,-1
5598,2,1400,6,16,16,221722.151870,221834.911007,99.674033,0x4051ce,1,12820954,8909027,3911927,44,100.000000,1,1,112.960573,1.200000,0.800000,mba,0,,1,1,63348736,65150976,-1892352,13201285898240,13207523000320,5797445632,13201286078464,13207523631104,5805465600,-1,-1,-1
5598,2,1400,7,16,16,221722.140307,221835.035720,107.376127,0x4051ce,1,13580291,9522197,4058094,46,100.000000,1,1,112.960573,1.200000,0.800000,mba,0,,1,1,63348736,65241088,180224,13201286078464,13207528136704,6229172224,13201286078464,13207528136704,6223224832,-1,-1,-1
5598,2,1400,8,16,16,221722.123685,221834.968979,105.544155,0x4051ce,1,13600622,9263251,4337371,48,100.000000,1,1,112.960573,1.200000,0.800000,mba,0,,1,1,63348736,65150976,90112,13201285988352,13207526875136,6170959872,13201286078464,13207527145472,6174113792,-1,-1,-1
5598,2,1400,9,16,16,221722.162035,221834.903829,100.893455,0x4051ce,1,12849557,8932074,3917483,18,100.000000,1,1,112.960573,1.200000,0.800000,mba,0,,1,1,63348736,65150976,-1081344,13201286168576,13207522729984,5896388608,13201286258688,13207523090432,5904949248,-1,-1,-1
5598,2,1400,10,16,16,221722.150314,221834.970951,105.627728,0x4051ce,1,13552548,9359683,4192865,52,100.000000,1,1,112.960573,1.200000,0.800000,mba,0,,1,1,63258624,65150976,90112,13201286078464,13207526965248,6183395328,13201286168576,13207527145472,6184927232,-1,-1,-1
5598,2,1400,11,16,16,221722.152480,221835.006411,105.867382,0x4051ce,1,13497566,9359989,4137577,54,100.000000,1,1,112.960573,1.200000,0.800000,mba,0,,1,1,63258624,65331200,270336,13201286078464,13207528046592,6198714368,13201286168576,13207528046592,6196191232,-1,-1,-1
5598,2,1400,12,16,16,221722.121465,221834.761926,84.768246,0x4051ce,1,7640593,6550914,1089679,24,50.000000,1,1,112.960573,1.200000,0.800000,mba,0,,1,1,4145152,4505600,72269824,564521312256,567108968448,2525839360,564521312256,567108968448,2528362496,-1,-1,-1
5598,2,1400,13,16,16,221722.116887,221834.812506,87.147354,0x4051ce,1,7635015,6794745,840270,58,50.000000,1,1,112.960573,1.200000,0.800000,mba,0,,1,1,4145152,4325376,69746688,564521222144,567109509120,2568552448,564521312256,567109509120,2566660096,-1,-1,-1
5598,2,1400,14,16,16,221722.138899,221834.816815,87.101477,0x4051ce,1,7635020,6808422,826598,60,50.000000,1,1,112.960573,1.200000,0.800000,mba,0,,1,1,4145152,4325376,70918144,564521312256,567109509120,2566479872,564521672704,567109509120,2564857856,-1,-1,-1
5598,2,1400,15,16,16,221722.148538,221834.729908,77.616919,0x4051ce,1,7677697,3908174,3769523,62,40.000000,1,1,112.960573,1.200000,0.800000,mba,0,,1,1,4055040,4595712,13606912,2223622365184,2223897837568,268443648,2223622365184,2223897837568,268353536,-1,-1,-1
5599,3,1400,0,16,16,221835.239215,221835.353034,0.113819,0x405218,1,6404,2323,4081,32,20.000000,0,0,0.211033,1.200000,0.800000,mba,0,,0,0,-1,-1,-1,-1,-1,-1,-1,-1,-1,-1,-1,-1
5599,3,1400,1,16,16,221835.239111,221835.358464,0.119353,0x405218,1,6444,2545,3899,2,20.000000,0,0,0.211033,1.200000,0.800000,mba,0,,0,0,-1,-1,-1,-1,-1,-1,-1,-1,-1,-1,-1,-1
5599,3,1400,2,16,16,221835.238589,221835.380555,0.141966,0x405218,1,5267,3152,2115,36,20.000000,0,0,0.211033,1.200000,0.800000,mba,0,,0,0,-1,-1,-1,-1,-1,-1,-1,-1,-1,-1,-1,-1
5599,3,1400,3,16,16,221835.237520,221835.382794,0.145274,0x405218,1,4076,3421,655,38,20.000000,0,0,0.211033,1.200000,0.800000,mba,0,,0,0,-1,-1,-1,-1,-1,-1,-1,-1,-1,-1,-1,-1
5599,3,1400,4,16,16,221835.239194,221835.448154,0.208960,0x405218,1,10174,6441,3733,40,100.000000,0,0,0.211033,1.200000,0.800000,mba,0,,0,0,-1,-1,-1,-1,-1,-1,-1,-1,-1,-1,-1,-1
5599,3,1400,5,16,16,221835.240190,221835.448435,0.208245,0x405218,1,10207,6323,3884,42,100.000000,0,0,0.211033,1.200000,0.800000,mba,0,,0,0,-1,-1,-1,-1,-1,-1,-1,-1,-1,-1,-1,-1
5599,3,1400,6,16,16,221835.238227,221835.437145,0.198918,0x405218,1,10123,6113,4010,44,100.000000,0,0,0.211033,1.200000,0.800000,mba,0,,0,0,-1,-1,-1,-1,-1,-1,-1,-1,-1,-1,-1,-1
5599,3,1400,7,16,16,221835.238872,221835.444706,0.205834,0x405218,1,10507,6222,4285,46,100.000000,0,0,0.211033,1.200000,0.800000,mba,0,,0,0,-1,-1,-1,-1,-1,-1,-1,-1,-1,-1,-1,-1
5599,3,1400,8,16,16,221835.238759,221835.444378,0.205619,0x405218,1,10320,6194,4126,48,100.000000,0,0,0.211033,1.200000,0.800000,mba,0,,0,0,-1,-1,-1,-1,-1,-1,-1,-1,-1,-1,-1,-1
5599,3,1400,9,16,16,221835.238724,221835.443460,0.204736,0x405218,1,10067,6332,3735,18,100.000000,0,0,0.211033,1.200000,0.800000,mba,0,,0,0,-1,-1,-1,-1,-1,-1,-1,-1,-1,-1,-1,-1
5599,3,1400,10,16,16,221835.239075,221835.446813,0.207738,0x405218,1,10410,6664,3746,52,100.000000,0,0,0.211033,1.200000,0.800000,mba,0,,0,0,-1,-1,-1,-1,-1,-1,-1,-1,-1,-1,-1,-1
5599,3,1400,11,16,16,221835.240031,221835.439768,0.199737,0x405218,1,10141,6213,3928,54,100.000000,0,0,0.211033,1.200000,0.800000,mba,0,,0,0,-1,-1,-1,-1,-1,-1,-1,-1,-1,-1,-1,-1
5599,3,1400,12,16,16,221835.237402,221835.385070,0.147668,0x405218,1,4911,3875,1036,24,20.000000,0,0,0.211033,1.200000,0.800000,mba,0,,0,0,-1,-1,-1,-1,-1,-1,-1,-1,-1,-1,-1,-1
5599,3,1400,13,16,16,221835.238304,221835.384260,0.145956,0x405218,1,5018,4167,851,58,20.000000,0,0,0.211033,1.200000,0.800000,mba,0,,0,0,-1,-1,-1,-1,-1,-1,-1,-1,-1,-1,-1,-1
5599,3,1400,14,16,16,221835.237467,221835.386698,0.149231,0x405218,1,5092,3820,1272,60,20.000000,0,0,0.211033,1.200000,0.800000,mba,0,,0,0,-1,-1,-1,-1,-1,-1,-1,-1,-1,-1,-1,-1
5599,3,1400,15,16,16,221835.239278,221835.358357,0.119079,0x405218,1,5840,2751,3089,62,20.000000,0,0,0.211033,1.200000,0.800000,mba,0,,0,0,-1,-1,-1,-1,-1,-1,-1,-1,-1,-1,-1,-1
5600,4,1400,0,16,16,221836.154687,221836.204807,0.050120,0x4052e4,1,1978,929,1049,32,100.000000,0,0,0.057234,1.200000,0.800000,mba,0,,0,0,-1,-1,-1,-1,-1,-1,-1,-1,-1,-1,-1,-1
5600,4,1400,1,16,16,221836.149771,221836.172713,0.022942,0x4052e4,1,359,262,97,2,20.000000,0,0,0.057234,1.200000,0.800000,mba,0,,0,0,-1,-1,-1,-1,-1,-1,-1,-1,-1,-1,-1,-1
5600,4,1400,2,16,16,221836.147573,221836.170197,0.022624,0x4052e4,1,59,13,46,36,20.000000,0,0,0.057234,1.200000,0.800000,mba,0,,0,0,-1,-1,-1,-1,-1,-1,-1,-1,-1,-1,-1,-1
5600,4,1400,3,16,16,221836.147805,221836.169785,0.021980,0x4052e4,1,72,24,48,38,20.000000,0,0,0.057234,1.200000,0.800000,mba,0,,0,0,-1,-1,-1,-1,-1,-1,-1,-1,-1,-1,-1,-1
5600,4,1400,4,16,16,221836.149664,221836.174307,0.024643,0x4052e4,1,277,206,71,40,20.000000,0,0,0.057234,1.200000,0.800000,mba,0,,0,0,-1,-1,-1,-1,-1,-1,-1,-1,-1,-1,-1,-1
5600,4,1400,5,16,16,221836.149570,221836.174236,0.024666,0x4052e4,1,384,275,109,42,20.000000,0,0,0.057234,1.200000,0.800000,mba,0,,0,0,-1,-1,-1,-1,-1,-1,-1,-1,-1,-1,-1,-1
5600,4,1400,6,16,16,221836.149697,221836.174166,0.024469,0x4052e4,1,314,233,81,44,20.000000,0,0,0.057234,1.200000,0.800000,mba,0,,0,0,-1,-1,-1,-1,-1,-1,-1,-1,-1,-1,-1,-1
5600,4,1400,7,16,16,221836.149611,221836.173919,0.024308,0x4052e4,1,404,284,120,46,20.000000,0,0,0.057234,1.200000,0.800000,mba,0,,0,0,-1,-1,-1,-1,-1,-1,-1,-1,-1,-1,-1,-1
5600,4,1400,8,16,16,221836.148883,221836.173978,0.025095,0x4052e4,1,299,207,92,48,20.000000,0,0,0.057234,1.200000,0.800000,mba,0,,0,0,-1,-1,-1,-1,-1,-1,-1,-1,-1,-1,-1,-1
5600,4,1400,9,16,16,221836.150124,221836.174830,0.024706,0x4052e4,1,441,309,132,18,20.000000,0,0,0.057234,1.200000,0.800000,mba,0,,0,0,-1,-1,-1,-1,-1,-1,-1,-1,-1,-1,-1,-1
5600,4,1400,10,16,16,221836.150483,221836.175835,0.025352,0x4052e4,1,351,233,118,52,20.000000,0,0,0.057234,1.200000,0.800000,mba,0,,0,0,-1,-1,-1,-1,-1,-1,-1,-1,-1,-1,-1,-1
5600,4,1400,11,16,16,221836.148286,221836.173028,0.024742,0x4052e4,1,381,241,140,54,20.000000,0,0,0.057234,1.200000,0.800000,mba,0,,0,0,-1,-1,-1,-1,-1,-1,-1,-1,-1,-1,-1,-1
5600,4,1400,12,16,16,221836.147756,221836.169472,0.021716,0x4052e4,1,66,24,42,24,20.000000,0,0,0.057234,1.200000,0.800000,mba,0,,0,0,-1,-1,-1,-1,-1,-1,-1,-1,-1,-1,-1,-1
5600,4,1400,13,16,16,221836.148635,221836.170283,0.021648,0x4052e4,1,64,25,39,58,20.000000,0,0,0.057234,1.200000,0.800000,mba,0,,0,0,-1,-1,-1,-1,-1,-1,-1,-1,-1,-1,-1,-1
5600,4,1400,14,16,16,221836.149251,221836.170942,0.021691,0x4052e4,1,60,24,36,60,20.000000,0,0,0.057234,1.200000,0.800000,mba,0,,0,0,-1,-1,-1,-1,-1,-1,-1,-1,-1,-1,-1,-1
5600,4,1400,15,16,16,221836.148988,221836.171331,0.022343,0x4052e4,1,182,118,64,62,20.000000,0,0,0.057234,1.200000,0.800000,mba,0,,0,0,-1,-1,-1,-1,-1,-1,-1,-1,-1,-1,-1,-1
5601,5,1400,0,16,16,221836.271527,221836.293883,0.022356,0x40533c,1,36,8,28,32,40.000000,0,0,0.029300,1.200000,0.800000,mba,0,,0,0,-1,-1,-1,-1,-1,-1,-1,-1,-1,-1,-1,-1
5601,5,1400,1,16,16,221836.271338,221836.292990,0.021652,0x40533c,1,63,29,34,2,40.000000,0,0,0.029300,1.200000,0.800000,mba,0,,0,0,-1,-1,-1,-1,-1,-1,-1,-1,-1,-1,-1,-1
5601,5,1400,2,16,16,221836.271472,221836.293625,0.022153,0x40533c,1,86,54,32,36,40.000000,0,0,0.029300,1.200000,0.800000,mba,0,,0,0,-1,-1,-1,-1,-1,-1,-1,-1,-1,-1,-1,-1
5601,5,1400,3,16,16,221836.271469,221836.293102,0.021633,0x40533c,1,74,34,40,38,40.000000,0,0,0.029300,1.200000,0.800000,mba,0,,0,0,-1,-1,-1,-1,-1,-1,-1,-1,-1,-1,-1,-1
5601,5,1400,4,16,16,221836.270417,221836.297099,0.026682,0x40533c,1,545,343,202,40,80.000000,0,0,0.029300,1.200000,0.800000,mba,0,,0,0,-1,-1,-1,-1,-1,-1,-1,-1,-1,-1,-1,-1
5601,5,1400,5,16,16,221836.271278,221836.297850,0.026572,0x40533c,1,548,299,249,42,80.000000,0,0,0.029300,1.200000,0.800000,mba,0,,0,0,-1,-1,-1,-1,-1,-1,-1,-1,-1,-1,-1,-1
5601,5,1400,6,16,16,221836.270260,221836.295841,0.025581,0x40533c,1,608,300,308,44,80.000000,0,0,0.029300,1.200000,0.800000,mba,0,,0,0,-1,-1,-1,-1,-1,-1,-1,-1,-1,-1,-1,-1
5601,5,1400,7,16,16,221836.271421,221836.297649,0.026228,0x40533c,1,573,282,291,46,80.000000,0,0,0.029300,1.200000,0.800000,mba,0,,0,0,-1,-1,-1,-1,-1,-1,-1,-1,-1,-1,-1,-1
5601,5,1400,8,16,16,221836.269903,221836.296514,0.026611,0x40533c,1,572,267,305,48,80.000000,0,0,0.029300,1.200000,0.800000,mba,0,,0,0,-1,-1,-1,-1,-1,-1,-1,-1,-1,-1,-1,-1
5601,5,1400,9,16,16,221836.272089,221836.298628,0.026539,0x40533c,1,610,254,356,18,100.000000,0,0,0.029300,1.200000,0.800000,mba,0,,0,0,-1,-1,-1,-1,-1,-1,-1,-1,-1,-1,-1,-1
5601,5,1400,10,16,16,221836.271564,221836.298243,0.026679,0x40533c,1,645,206,439,52,80.000000,0,0,0.029300,1.200000,0.800000,mba,0,,0,0,-1,-1,-1,-1,-1,-1,-1,-1,-1,-1,-1,-1
5601,5,1400,11,16,16,221836.271664,221836.298082,0.026418,0x40533c,1,600,184,416,54,80.000000,0,0,0.029300,1.200000,0.800000,mba,0,,0,0,-1,-1,-1,-1,-1,-1,-1,-1,-1,-1,-1,-1
5601,5,1400,12,16,16,221836.269328,221836.291133,0.021805,0x40533c,1,55,24,31,24,40.000000,0,0,0.029300,1.200000,0.800000,mba,0,,0,0,-1,-1,-1,-1,-1,-1,-1,-1,-1,-1,-1,-1
5601,5,1400,13,16,16,221836.271745,221836.293636,0.021891,0x40533c,1,58,22,36,58,40.000000,0,0,0.029300,1.200000,0.800000,mba,0,,0,0,-1,-1,-1,-1,-1,-1,-1,-1,-1,-1,-1,-1
5601,5,1400,14,16,16,221836.269703,221836.291339,0.021636,0x40533c,1,48,22,26,60,40.000000,0,0,0.029300,1.200000,0.800000,mba,0,,0,0,-1,-1,-1,-1,-1,-1,-1,-1,-1,-1,-1,-1
5601,5,1400,15,16,16,221836.270356,221836.292023,0.021667,0x40533c,1,111,67,44,62,40.000000,0,0,0.029300,1.200000,0.800000,mba,0,,0,0,-1,-1,-1,-1,-1,-1,-1,-1,-1,-1,-1,-1
5998,2,1500,0,16,16,232789.211432,232896.336619,84.956552,0x4051ce,1,6662120,2913577,3748543,32,30.000000,1,1,107.313194,1.200000,0.800000,mba,0,,1,1,14327808,9461760,-270336,1785367789568,1785884131328,502013952,1785367969792,1785884221440,501923840,-1,-1,-1
5998,2,1500,1,16,16,232789.183859,232896.497053,91.151819,0x4051ce,1,7583043,3357934,4225109,2,30.000000,1,1,107.313194,1.200000,0.800000,mba,0,,1,1,14508032,10002432,3244032,1785367789568,1785884401664,514629632,1785367789568,1785884401664,514539520,-1,-1,-1
5998,2,1500,2,16,16,232789.215826,232896.273636,85.611308,0x4051ce,1,7618739,6799517,819222,4,50.000000,1,1,107.313194,1.200000,0.800000,mba,0,,1,1,4325376,6127616,64520192,822812852224,825392668672,2543771648,822812942336,825392758784,2543591424,-1,-1,-1
5998,2,1500,3,16,16,232789.198958,232896.334614,89.332727,0x4051ce,1,7598739,7193136,405603,38,50.000000,1,1,107.313194,1.200000,0.800000,mba,0,,1,1,4415488,6217728,68845568,822812852224,825393029120,2575220736,822812852224,825393029120,2573598720,-1,-1,-1
5998,2,1500,4,16,16,232789.210862,232896.361204,100.482373,0x4051ce,1,12685377,9037818,3647559,40,100.000000,1,1,107.313194,1.200000,0.800000,mba,0,,1,1,61005824,61366272,630784,13796642635776,13802349699072,5689761792,13796642725888,13802349699072,5686878208,-1,-1,-1
5998,2,1500,5,16,16,232789.191908,232896.388983,100.785350,0x4051ce,1,12782849,8812922,3969927,42,100.000000,1,1,107.313194,1.200000,0.800000,mba,0,,1,1,61005824,61546496,720896,13796642635776,13802349699072,5694447616,13796642635776,13802349699072,5689040896,-1,-1,-1
5998,2,1500,6,16,16,232789.200513,232896.314043,94.466420,0x4051ce,1,12180933,8405015,3775918,44,100.000000,1,1,107.313194,1.200000,0.800000,mba,0,,1,1,61005824,61276160,-2252800,13796642635776,13802347716608,5359681536,13796642635776,13802347986944,5366439936,-1,-1,-1
5998,2,1500,7,16,16,232789.213869,232896.392291,100.728425,0x4051ce,1,12864223,8920322,3943901,46,100.000000,1,1,107.313194,1.200000,0.800000,mba,0,,1,1,61005824,61546496,540672,13796642635776,13802349699072,5694267392,13796642816000,13802349699072,5687779328,-1,-1,-1
5998,2,1500,8,16,16,232789.205564,232896.367252,98.957015,0x4051ce,1,12888637,8677486,4211151,48,100.000000,1,1,107.313194,1.200000,0.800000,mba,0,,1,1,61005824,61276160,90112,13796642635776,13802349699072,5640200192,13796642635776,13802349699072,5640019968,-1,-1,-1
5998,2,1500,9,16,16,232789.199356,232896.283864,95.046877,0x4051ce,1,12195029,8412917,3782112,50,100.000000,1,1,107.313194,1.200000,0.800000,mba,0,,1,1,61005824,60915712,-1802240,13796642635776,13802345373696,5410144256,13796642635776,13802346184704,5418074112,-1,-1,-1
5998,2,1500,10,16,16,232789.202226,232896.303020,99.082489,0x4051ce,1,12846527,8780765,4065762,52,100.000000,1,1,107.313194,1.200000,0.800000,mba,0,,1,1,61005824,61186048,90112,13796642635776,13802347175936,5653086208,13796642635776,13802347806720,5654077440,-1,-1,-1
5998,2,1500,11,16,16,232789.183875,232896.300353,99.428878,0x4051ce,1,12784003,8713259,4070744,54,100.000000,1,1,107.313194,1.200000,0.800000,mba,0,,1,1,60825600,61005824,360448,13796642545664,13802346815488,5662457856,13796642635776,13802347356160,5663358976,-1,-1,-1
5998,2,1500,12,16,16,232789.189883,232896.134595,84.348938,0x4051ce,1,7640613,6553573,1087040,24,50.000000,1,1,107.313194,1.200000,0.800000,mba,0,,1,1,4415488,6578176,64880640,822812852224,825389604864,2514665472,822812852224,825389785088,2517098496,-1,-1,-1
5998,2,1500,13,16,16,232789.202521,232896.303504,87.069068,0x4051ce,1,7633344,6818652,814692,58,50.000000,1,1,107.313194,1.200000,0.800000,mba,0,,1,1,4415488,6217728,68485120,822812852224,825393029120,2564407296,822812852224,825393029120,2563145728,-1,-1,-1
5998,2,1500,14,16,16,232789.203751,232896.287144,86.866376,0x4051ce,1,7634681,6808050,826631,60,50.000000,1,1,107.313194,1.200000,0.800000,mba,0,,1,1,4415488,6217728,69115904,822812852224,825392939008,2562244608,822812852224,825392939008,2561073152,-1,-1,-1
5998,2,1500,15,16,16,232789.210166,232896.199039,76.471359,0x4051ce,1,7676659,3851194,3825465,62,40.000000,1,1,107.313194,1.200000,0.800000,mba,0,,1,1,3694592,4235264,11444224,2250679574528,2250949820416,264478720,2250679574528,2250949820416,264658944,-1,-1,-1
5999,3,1500,0,16,16,232896.653142,232896.760301,0.107159,0x405218,1,6510,2288,4222,32,20.000000,0,0,0.206093,1.200000,0.800000,mba,0,,0,0,-1,-1,-1,-1,-1,-1,-1,-1,-1,-1,-1,-1
5999,3,1500,1,16,16,232896.653349,232896.770014,0.116665,0x405218,1,6487,2591,3896,2,20.000000,0,0,0.206093,1.200000,0.800000,mba,0,,0,0,-1,-1,-1,-1,-1,-1,-1,-1,-1,-1,-1,-1
5999,3,1500,2,16,16,232896.652794,232896.781545,0.128751,0x405218,1,5474,3366,2108,4,20.000000,0,0,0.206093,1.200000,0.800000,mba,0,,0,0,-1,-1,-1,-1,-1,-1,-1,-1,-1,-1,-1,-1
5999,3,1500,3,16,16,232896.652547,232896.796632,0.144085,0x405218,1,4071,3450,621,38,20.000000,0,0,0.206093,1.200000,0.800000,mba,0,,0,0,-1,-1,-1,-1,-1,-1,-1,-1,-1,-1,-1,-1
5999,3,1500,4,16,16,232896.654246,232896.852481,0.198235,0x405218,1,9930,6183,3747,40,100.000000,0,0,0.206093,1.200000,0.800000,mba,0,,0,0,-1,-1,-1,-1,-1,-1,-1,-1,-1,-1,-1,-1
5999,3,1500,5,16,16,232896.653141,232896.849371,0.196230,0x405218,1,9975,5879,4096,42,100.000000,0,0,0.206093,1.200000,0.800000,mba,0,,0,0,-1,-1,-1,-1,-1,-1,-1,-1,-1,-1,-1,-1
5999,3,1500,6,16,16,232896.653670,232896.852434,0.198764,0x405218,1,9863,5514,4349,44,100.000000,0,0,0.206093,1.200000,0.800000,mba,0,,0,0,-1,-1,-1,-1,-1,-1,-1,-1,-1,-1,-1,-1
5999,3,1500,7,16,16,232896.653212,232896.852619,0.199407,0x405218,1,10184,5805,4379,46,100.000000,0,0,0.206093,1.200000,0.800000,mba,0,,0,0,-1,-1,-1,-1,-1,-1,-1,-1,-1,-1,-1,-1
5999,3,1500,8,16,16,232896.653552,232896.858114,0.204562,0x405218,1,10040,6011,4029,48,100.000000,0,0,0.206093,1.200000,0.800000,mba,0,,0,0,-1,-1,-1,-1,-1,-1,-1,-1,-1,-1,-1,-1
5999,3,1500,9,16,16,232896.653772,232896.850871,0.197099,0x405218,1,9934,5782,4152,50,100.000000,0,0,0.206093,1.200000,0.800000,mba,0,,0,0,-1,-1,-1,-1,-1,-1,-1,-1,-1,-1,-1,-1
5999,3,1500,10,16,16,232896.653634,232896.847644,0.194010,0x405218,1,10152,6137,4015,52,100.000000,0,0,0.206093,1.200000,0.800000,mba,0,,0,0,-1,-1,-1,-1,-1,-1,-1,-1,-1,-1,-1,-1
5999,3,1500,11,16,16,232896.653610,232896.846172,0.192562,0x405218,1,9874,5506,4368,54,100.000000,0,0,0.206093,1.200000,0.800000,mba,0,,0,0,-1,-1,-1,-1,-1,-1,-1,-1,-1,-1,-1,-1
5999,3,1500,12,16,16,232896.653402,232896.796474,0.143072,0x405218,1,4804,3734,1070,24,20.000000,0,0,0.206093,1.200000,0.800000,mba,0,,0,0,-1,-1,-1,-1,-1,-1,-1,-1,-1,-1,-1,-1
5999,3,1500,13,16,16,232896.653142,232896.802806,0.149664,0x405218,1,5000,4041,959,58,20.000000,0,0,0.206093,1.200000,0.800000,mba,0,,0,0,-1,-1,-1,-1,-1,-1,-1,-1,-1,-1,-1,-1
5999,3,1500,14,16,16,232896.652021,232896.803721,0.151700,0x405218,1,5074,3894,1180,60,20.000000,0,0,0.206093,1.200000,0.800000,mba,0,,0,0,-1,-1,-1,-1,-1,-1,-1,-1,-1,-1,-1,-1
5999,3,1500,15,16,16,232896.652993,232896.769334,0.116341,0x405218,1,5843,2467,3376,62,20.000000,0,0,0.206093,1.200000,0.800000,mba,0,,0,0,-1,-1,-1,-1,-1,-1,-1,-1,-1,-1,-1,-1
6000,4,1500,0,16,16,232897.513986,232897.547544,0.033558,0x4052e4,1,1893,748,1145,32,100.000000,0,0,0.038716,1.200000,0.800000,mba,0,,0,0,-1,-1,-1,-1,-1,-1,-1,-1,-1,-1,-1,-1
6000,4,1500,1,16,16,232897.510219,232897.531877,0.021658,0x4052e4,1,442,303,139,2,20.000000,0,0,0.038716,1.200000,0.800000,mba,0,,0,0,-1,-1,-1,-1,-1,-1,-1,-1,-1,-1,-1,-1
6000,4,1500,2,16,16,232897.509508,232897.530284,0.020776,0x4052e4,1,201,119,82,4,20.000000,0,0,0.038716,1.200000,0.800000,mba,0,,0,0,-1,-1,-1,-1,-1,-1,-1,-1,-1,-1,-1,-1
6000,4,1500,3,16,16,232897.508828,232897.529232,0.020404,0x4052e4,1,90,33,57,38,20.000000,0,0,0.038716,1.200000,0.800000,mba,0,,0,0,-1,-1,-1,-1,-1,-1,-1,-1,-1,-1,-1,-1
6000,4,1500,4,16,16,232897.510408,232897.533274,0.022866,0x4052e4,1,289,190,99,40,20.000000,0,0,0.038716,1.200000,0.800000,mba,0,,0,0,-1,-1,-1,-1,-1,-1,-1,-1,-1,-1,-1,-1
6000,4,1500,5,16,16,232897.510523,232897.533525,0.023002,0x4052e4,1,374,257,117,42,20.000000,0,0,0.038716,1.200000,0.800000,mba,0,,0,0,-1,-1,-1,-1,-1,-1,-1,-1,-1,-1,-1,-1
6000,4,1500,6,16,16,232897.510453,232897.533727,0.023274,0x4052e4,1,323,222,101,44,20.000000,0,0,0.038716,1.200000,0.800000,mba,0,,0,0,-1,-1,-1,-1,-1,-1,-1,-1,-1,-1,-1,-1
6000,4,1500,7,16,16,232897.510627,232897.533655,0.023028,0x4052e4,1,267,173,94,46,20.000000,0,0,0.038716,1.200000,0.800000,mba,0,,0,0,-1,-1,-1,-1,-1,-1,-1,-1,-1,-1,-1,-1
6000,4,1500,8,16,16,232897.509043,232897.532190,0.023147,0x4052e4,1,267,167,100,48,20.000000,0,0,0.038716,1.200000,0.800000,mba,0,,0,0,-1,-1,-1,-1,-1,-1,-1,-1,-1,-1,-1,-1
6000,4,1500,9,16,16,232897.509580,232897.533201,0.023621,0x4052e4,1,443,274,169,50,20.000000,0,0,0.038716,1.200000,0.800000,mba,0,,0,0,-1,-1,-1,-1,-1,-1,-1,-1,-1,-1,-1,-1
6000,4,1500,10,16,16,232897.511429,232897.535505,0.024076,0x4052e4,1,425,274,151,52,20.000000,0,0,0.038716,1.200000,0.800000,mba,0,,0,0,-1,-1,-1,-1,-1,-1,-1,-1,-1,-1,-1,-1
6000,4,1500,11,16,16,232897.510239,232897.533589,0.023350,0x4052e4,1,381,247,134,54,20.000000,0,0,0.038716,1.200000,0.800000,mba,0,,0,0,-1,-1,-1,-1,-1,-1,-1,-1,-1,-1,-1,-1
6000,4,1500,12,16,16,232897.509165,232897.529567,0.020402,0x4052e4,1,71,12,59,24,20.000000,0,0,0.038716,1.200000,0.800000,mba,0,,0,0,-1,-1,-1,-1,-1,-1,-1,-1,-1,-1,-1,-1
6000,4,1500,13,16,16,232897.509526,232897.529667,0.020141,0x4052e4,1,75,7,68,58,20.000000,0,0,0.038716,1.200000,0.800000,mba,0,,0,0,-1,-1,-1,-1,-1,-1,-1,-1,-1,-1,-1,-1
6000,4,1500,14,16,16,232897.509646,232897.529861,0.020215,0x4052e4,1,87,25,62,60,20.000000,0,0,0.038716,1.200000,0.800000,mba,0,,0,0,-1,-1,-1,-1,-1,-1,-1,-1,-1,-1,-1,-1
6000,4,1500,15,16,16,232897.510805,232897.531278,0.020473,0x4052e4,1,186,118,68,62,20.000000,0,0,0.038716,1.200000,0.800000,mba,0,,0,0,-1,-1,-1,-1,-1,-1,-1,-1,-1,-1,-1,-1
6001,5,1500,0,16,16,232897.608690,232897.628955,0.020265,0x40533c,1,41,1,40,32,40.000000,0,0,0.026309,1.200000,0.800000,mba,0,,0,0,-1,-1,-1,-1,-1,-1,-1,-1,-1,-1,-1,-1
6001,5,1500,1,16,16,232897.607939,232897.627997,0.020058,0x40533c,1,52,19,33,2,40.000000,0,0,0.026309,1.200000,0.800000,mba,0,,0,0,-1,-1,-1,-1,-1,-1,-1,-1,-1,-1,-1,-1
6001,5,1500,2,16,16,232897.608692,232897.628839,0.020147,0x40533c,1,157,72,85,4,40.000000,0,0,0.026309,1.200000,0.800000,mba,0,,0,0,-1,-1,-1,-1,-1,-1,-1,-1,-1,-1,-1,-1
6001,5,1500,3,16,16,232897.606932,232897.627014,0.020082,0x40533c,1,45,13,32,38,40.000000,0,0,0.026309,1.200000,0.800000,mba,0,,0,0,-1,-1,-1,-1,-1,-1,-1,-1,-1,-1,-1,-1
6001,5,1500,4,16,16,232897.607142,232897.631508,0.024366,0x40533c,1,481,252,229,40,80.000000,0,0,0.026309,1.200000,0.800000,mba,0,,0,0,-1,-1,-1,-1,-1,-1,-1,-1,-1,-1,-1,-1
6001,5,1500,5,16,16,232897.608324,232897.632281,0.023957,0x40533c,1,513,221,292,42,80.000000,0,0,0.026309,1.200000,0.800000,mba,0,,0,0,-1,-1,-1,-1,-1,-1,-1,-1,-1,-1,-1,-1
6001,5,1500,6,16,16,232897.607942,232897.631994,0.024052,0x40533c,1,681,290,391,44,80.000000,0,0,0.026309,1.200000,0.800000,mba,0,,0,0,-1,-1,-1,-1,-1,-1,-1,-1,-1,-1,-1,-1
6001,5,1500,7,16,16,232897.608490,232897.632712,0.024222,0x40533c,1,608,245,363,46,80.000000,0,0,0.026309,1.200000,0.800000,mba,0,,0,0,-1,-1,-1,-1,-1,-1,-1,-1,-1,-1,-1,-1
6001,5,1500,8,16,16,232897.608167,232897.633096,0.024929,0x40533c,1,567,268,299,48,80.000000,0,0,0.026309,1.200000,0.800000,mba,0,,0,0,-1,-1,-1,-1,-1,-1,-1,-1,-1,-1,-1,-1
6001,5,1500,9,16,16,232897.608350,232897.632864,0.024514,0x40533c,1,646,227,419,50,100.000000,0,0,0.026309,1.200000,0.800000,mba,0,,0,0,-1,-1,-1,-1,-1,-1,-1,-1,-1,-1,-1,-1
6001,5,1500,10,16,16,232897.607270,232897.633241,0.025971,0x40533c,1,587,204,383,52,80.000000,0,0,0.026309,1.200000,0.800000,mba,0,,0,0,-1,-1,-1,-1,-1,-1,-1,-1,-1,-1,-1,-1
6001,5,1500,11,16,16,232897.607437,232897.632239,0.024802,0x40533c,1,590,174,416,54,80.000000,0,0,0.026309,1.200000,0.800000,mba,0,,0,0,-1,-1,-1,-1,-1,-1,-1,-1,-1,-1,-1,-1
6001,5,1500,12,16,16,232897.607720,232897.628057,0.020337,0x40533c,1,64,13,51,24,40.000000,0,0,0.026309,1.200000,0.800000,mba,0,,0,0,-1,-1,-1,-1,-1,-1,-1,-1,-1,-1,-1,-1
6001,5,1500,13,16,16,232897.606978,232897.627101,0.020123,0x40533c,1,38,2,36,58,40.000000,0,0,0.026309,1.200000,0.800000,mba,0,,0,0,-1,-1,-1,-1,-1,-1,-1,-1,-1,-1,-1,-1
6001,5,1500,14,16,16,232897.607184,232897.627165,0.019981,0x40533c,1,40,10,30,60,40.000000,0,0,0.026309,1.200000,0.800000,mba,0,,0,0,-1,-1,-1,-1,-1,-1,-1,-1,-1,-1,-1,-1
6001,5,1500,15,16,16,232897.607661,232897.627885,0.020224,0x40533c,1,109,49,60,62,40.000000,0,0,0.026309,1.200000,0.800000,mba,0,,0,0,-1,-1,-1,-1,-1,-1,-1,-1,-1,-1,-1,-1
6398,2,1600,0,16,16,243324.648903,243424.228634,83.324071,0x4051ce,1,6664668,2863088,3801580,32,30.000000,1,1,99.712143,1.200000,0.800000,mba,0,,1,1,16130048,5046272,270336,1836959883264,1837177683968,217169920,1836959883264,1837177683968,217169920,-1,-1,-1
6398,2,1600,1,16,16,243324.608724,243423.777906,60.329006,0x4051ce,1,6861178,2788055,4073123,34,40.000000,1,1,99.712143,1.200000,0.800000,mba,0,,1,1,4775936,8290304,24420352,2277173583872,2277657214976,429834240,2277173583872,2277657214976,429113344,-1,-1,-1
6398,2,1600,2,16,16,243324.563724,243424.205429,85.458999,0x4051ce,1,7611495,6817824,793671,4,50.000000,1,1,99.712143,1.200000,0.800000,mba,0,,1,1,5406720,6668288,73801728,1081902333952,1084503506944,2569273344,1081902694400,1084503506944,2568282112,-1,-1,-1
6398,2,1600,3,16,16,243324.542311,243424.254454,89.045908,0x4051ce,1,7601227,7173218,428009,38,50.000000,1,1,99.712143,1.200000,0.800000,mba,0,,1,1,5406720,6758400,61186048,1081902333952,1084503506944,2597027840,1081902333952,1084503506944,2594955264,-1,-1,-1
6398,2,1600,4,16,16,243324.638948,243424.179913,93.736152,0x4051ce,1,11901518,8471535,3429983,40,100.000000,1,1,99.712143,1.200000,0.800000,mba,0,,1,1,57491456,56680448,180224,14342567264256,14347836743680,5260378112,14342567895040,14347836923904,5255512064,-1,-1,-1
6398,2,1600,5,16,16,243324.551833,243424.189723,93.261014,0x4051ce,1,11951606,8262085,3689521,42,100.000000,1,1,99.712143,1.200000,0.800000,mba,0,,1,1,57311232,56680448,0,14342563569664,14347836923904,5256773632,14342563659776,14347836923904,5253169152,-1,-1,-1
6398,2,1600,6,16,16,243324.560341,243424.143287,88.572291,0x4051ce,1,11424840,7965891,3458949,44,100.000000,1,1,99.712143,1.200000,0.800000,mba,0,,1,1,57311232,55959552,-2703360,14342563569664,14347835932672,5017165824,14342563659776,14347836383232,5021040640,-1,-1,-1
6398,2,1600,7,16,16,243324.566090,243424.197211,93.398005,0x4051ce,1,12023978,8318598,3705380,46,100.000000,1,1,99.712143,1.200000,0.800000,mba,0,,1,1,57311232,56680448,90112,14342563659776,14347836923904,5261639680,14342563659776,14347836923904,5255512064,-1,-1,-1
6398,2,1600,8,16,16,243324.667324,243424.148739,92.648057,0x4051ce,1,11917740,8050485,3867255,48,100.000000,1,1,99.712143,1.200000,0.800000,mba,0,,1,1,57671680,56229888,-901120,14342568976384,14347836293120,5232533504,14342569246720,14347836383232,5232533504,-1,-1,-1
6398,2,1600,9,16,16,243324.570865,243424.099357,88.508540,0x4051ce,1,11448985,7913313,3535672,18,100.000000,1,1,99.712143,1.200000,0.800000,mba,0,,1,1,57311232,55418880,-3244032,14342563659776,14347832958976,5011668992,14342563659776,14347833589760,5019328512,-1,-1,-1
6398,2,1600,10,16,16,243324.558451,243424.154884,91.811411,0x4051ce,1,11998644,8255838,3742806,52,100.000000,1,1,99.712143,1.200000,0.800000,mba,0,,1,1,57311232,56500224,-540672,14342563569664,14347836563456,5216854016,14342563659776,14347836653568,5219737600,-1,-1,-1
6398,2,1600,11,16,16,243324.552160,243424.155295,92.287340,0x4051ce,1,11990136,8187126,3803010,54,100.000000,1,1,99.712143,1.200000,0.800000,mba,0,,1,1,57311232,56320000,-450560,14342563569664,14347836383232,5232803840,14342563659776,14347836653568,5231271936,-1,-1,-1
6398,2,1600,12,16,16,243324.550653,243424.102530,84.193153,0x4051ce,1,7648269,6563303,1084966,24,50.000000,1,1,99.712143,1.200000,0.800000,mba,0,,1,1,5406720,6488064,72359936,1081902333952,1084501344256,2538905600,1081902333952,1084501524480,2542329856,-1,-1,-1
6398,2,1600,13,16,16,243324.624823,243424.199699,86.477510,0x4051ce,1,7633549,6798254,835295,58,50.000000,1,1,99.712143,1.200000,0.800000,mba,0,,1,1,5226496,6758400,69476352,1081903415296,1084503326720,2584322048,1081903685632,1084503506944,2582880256,-1,-1,-1
6398,2,1600,14,16,16,243324.639520,243424.180740,86.439024,0x4051ce,1,7633932,6790656,843276,60,50.000000,1,1,99.712143,1.200000,0.800000,mba,0,,1,1,5226496,6668288,68845568,1081903505408,1084503236608,2583691264,1081903955968,1084503236608,2582339584,-1,-1,-1
6398,2,1600,15,16,16,243324.553051,243424.114877,74.956372,0x4051ce,1,7675207,3749200,3926007,62,40.000000,1,1,99.712143,1.200000,0.800000,mba,0,,1,1,4685824,8200192,15949824,2277173403648,2277658116096,478855168,2277173403648,2277658116096,478855168,-1,-1,-1
6399,3,1600,0,16,16,243424.395961,243424.500810,0.104849,0x405218,1,6518,2013,4505,32,20.000000,0,0,0.193522,1.200000,0.800000,mba,0,,0,0,-1,-1,-1,-1,-1,-1,-1,-1,-1,-1,-1,-1
6399,3,1600,1,16,16,243424.395459,243424.514438,0.118979,0x405218,1,6218,2111,4107,34,20.000000,0,0,0.193522,1.200000,0.800000,mba,0,,0,0,-1,-1,-1,-1,-1,-1,-1,-1,-1,-1,-1,-1
6399,3,1600,2,16,16,243424.394688,243424.525820,0.131132,0x405218,1,5392,3117,2275,4,20.000000,0,0,0.193522,1.200000,0.800000,mba,0,,0,0,-1,-1,-1,-1,-1,-1,-1,-1,-1,-1,-1,-1
6399,3,1600,3,16,16,243424.395150,243424.537959,0.142809,0x405218,1,4040,3385,655,38,20.000000,0,0,0.193522,1.200000,0.800000,mba,0,,0,0,-1,-1,-1,-1,-1,-1,-1,-1,-1,-1,-1,-1
6399,3,1600,4,16,16,243424.395685,243424.586659,0.190974,0x405218,1,9615,5489,4126,40,100.000000,0,0,0.193522,1.200000,0.800000,mba,0,,0,0,-1,-1,-1,-1,-1,-1,-1,-1,-1,-1,-1,-1
6399,3,1600,5,16,16,243424.395761,243424.578577,0.182816,0x405218,1,9606,5201,4405,42,100.000000,0,0,0.193522,1.200000,0.800000,mba,0,,0,0,-1,-1,-1,-1,-1,-1,-1,-1,-1,-1,-1,-1
6399,3,1600,6,16,16,243424.395559,243424.573711,0.178152,0x405218,1,9505,5112,4393,44,100.000000,0,0,0.193522,1.200000,0.800000,mba,0,,0,0,-1,-1,-1,-1,-1,-1,-1,-1,-1,-1,-1,-1
6399,3,1600,7,16,16,243424.395279,243424.581752,0.186473,0x405218,1,9795,5186,4609,46,100.000000,0,0,0.193522,1.200000,0.800000,mba,0,,0,0,-1,-1,-1,-1,-1,-1,-1,-1,-1,-1,-1,-1
6399,3,1600,8,16,16,243424.395294,243424.583715,0.188421,0x405218,1,9649,5357,4292,48,100.000000,0,0,0.193522,1.200000,0.800000,mba,0,,0,0,-1,-1,-1,-1,-1,-1,-1,-1,-1,-1,-1,-1
6399,3,1600,9,16,16,243424.395850,243424.577273,0.181423,0x405218,1,9533,5194,4339,18,100.000000,0,0,0.193522,1.200000,0.800000,mba,0,,0,0,-1,-1,-1,-1,-1,-1,-1,-1,-1,-1,-1,-1
6399,3,1600,10,16,16,243424.394305,243424.584172,0.189867,0x405218,1,9783,5466,4317,52,100.000000,0,0,0.193522,1.200000,0.800000,mba,0,,0,0,-1,-1,-1,-1,-1,-1,-1,-1,-1,-1,-1,-1
6399,3,1600,11,16,16,243424.394980,243424.579191,0.184211,0x405218,1,9524,5299,4225,54,100.000000,0,0,0.193522,1.200000,0.800000,mba,0,,0,0,-1,-1,-1,-1,-1,-1,-1,-1,-1,-1,-1,-1
6399,3,1600,12,16,16,243424.393137,243424.540830,0.147693,0x405218,1,4764,3787,977,24,20.000000,0,0,0.193522,1.200000,0.800000,mba,0,,0,0,-1,-1,-1,-1,-1,-1,-1,-1,-1,-1,-1,-1
6399,3,1600,13,16,16,243424.393485,243424.540697,0.147212,0x405218,1,4908,4058,850,58,20.000000,0,0,0.193522,1.200000,0.800000,mba,0,,0,0,-1,-1,-1,-1,-1,-1,-1,-1,-1,-1,-1,-1
6399,3,1600,14,16,16,243424.393199,243424.535645,0.142446,0x405218,1,4970,3633,1337,60,20.000000,0,0,0.193522,1.200000,0.800000,mba,0,,0,0,-1,-1,-1,-1,-1,-1,-1,-1,-1,-1,-1,-1
6399,3,1600,15,16,16,243424.395208,243424.514160,0.118952,0x405218,1,5826,2543,3283,62,20.000000,0,0,0.193522,1.200000,0.800000,mba,0,,0,0,-1,-1,-1,-1,-1,-1,-1,-1,-1,-1,-1,-1
6400,4,1600,0,16,16,243425.199176,243425.239386,0.040210,0x4052e4,1,2018,623,1395,32,100.000000,0,0,0.045044,1.200000,0.800000,mba,0,,0,0,-1,-1,-1,-1,-1,-1,-1,-1,-1,-1,-1,-1
6400,4,1600,1,16,16,243425.195799,243425.218377,0.022578,0x4052e4,1,190,97,93,34,20.000000,0,0,0.045044,1.200000,0.800000,mba,0,,0,0,-1,-1,-1,-1,-1,-1,-1,-1,-1,-1,-1,-1
6400,4,1600,2,16,16,243425.195275,243425.215929,0.020654,0x4052e4,1,177,103,74,4,20.000000,0,0,0.045044,1.200000,0.800000,mba,0,,0,0,-1,-1,-1,-1,-1,-1,-1,-1,-1,-1,-1,-1
6400,4,1600,3,16,16,243425.195503,243425.215828,0.020325,0x4052e4,1,68,20,48,38,20.000000,0,0,0.045044,1.200000,0.800000,mba,0,,0,0,-1,-1,-1,-1,-1,-1,-1,-1,-1,-1,-1,-1
6400,4,1600,4,16,16,243425.195877,243425.218379,0.022502,0x4052e4,1,263,167,96,40,20.000000,0,0,0.045044,1.200000,0.800000,mba,0,,0,0,-1,-1,-1,-1,-1,-1,-1,-1,-1,-1,-1,-1
6400,4,1600,5,16,16,243425.194748,243425.217560,0.022812,0x4052e4,1,336,212,124,42,20.000000,0,0,0.045044,1.200000,0.800000,mba,0,,0,0,-1,-1,-1,-1,-1,-1,-1,-1,-1,-1,-1,-1
6400,4,1600,6,16,16,243425.195265,243425.218099,0.022834,0x4052e4,1,261,169,92,44,20.000000,0,0,0.045044,1.200000,0.800000,mba,0,,0,0,-1,-1,-1,-1,-1,-1,-1,-1,-1,-1,-1,-1
6400,4,1600,7,16,16,243425.194342,243425.217072,0.022730,0x4052e4,1,293,180,113,46,20.000000,0,0,0.045044,1.200000,0.800000,mba,0,,0,0,-1,-1,-1,-1,-1,-1,-1,-1,-1,-1,-1,-1
6400,4,1600,8,16,16,243425.196082,243425.218763,0.022681,0x4052e4,1,299,168,131,48,20.000000,0,0,0.045044,1.200000,0.800000,mba,0,,0,0,-1,-1,-1,-1,-1,-1,-1,-1,-1,-1,-1,-1
6400,4,1600,9,16,16,243425.196202,243425.219525,0.023323,0x4052e4,1,389,177,212,18,20.000000,0,0,0.045044,1.200000,0.800000,mba,0,,0,0,-1,-1,-1,-1,-1,-1,-1,-1,-1,-1,-1,-1
6400,4,1600,10,16,16,243425.197063,243425.226385,0.029322,0x4052e4,1,537,312,225,52,20.000000,0,0,0.045044,1.200000,0.800000,mba,0,,0,0,-1,-1,-1,-1,-1,-1,-1,-1,-1,-1,-1,-1
6400,4,1600,11,16,16,243425.196354,243425.218922,0.022568,0x4052e4,1,341,204,137,54,20.000000,0,0,0.045044,1.200000,0.800000,mba,0,,0,0,-1,-1,-1,-1,-1,-1,-1,-1,-1,-1,-1,-1
6400,4,1600,12,16,16,243425.196034,243425.216325,0.020291,0x4052e4,1,58,14,44,24,20.000000,0,0,0.045044,1.200000,0.800000,mba,0,,0,0,-1,-1,-1,-1,-1,-1,-1,-1,-1,-1,-1,-1
6400,4,1600,13,16,16,243425.195201,243425.215412,0.020211,0x4052e4,1,54,6,48,58,20.000000,0,0,0.045044,1.200000,0.800000,mba,0,,0,0,-1,-1,-1,-1,-1,-1,-1,-1,-1,-1,-1,-1
6400,4,1600,14,16,16,243425.195028,243425.215320,0.020292,0x4052e4,1,76,35,41,60,20.000000,0,0,0.045044,1.200000,0.800000,mba,0,,0,0,-1,-1,-1,-1,-1,-1,-1,-1,-1,-1,-1,-1
6400,4,1600,15,16,16,243425.195471,243425.215904,0.020433,0x4052e4,1,179,111,68,62,20.000000,0,0,0.045044,1.200000,0.800000,mba,0,,0,0,-1,-1,-1,-1,-1,-1,-1,-1,-1,-1,-1,-1
6401,5,1600,0,16,16,243425.298720,243425.318955,0.020235,0x40533c,1,29,0,29,32,40.000000,0,0,0.026040,1.200000,0.800000,mba,0,,0,0,-1,-1,-1,-1,-1,-1,-1,-1,-1,-1,-1,-1
6401,5,1600,1,16,16,243425.298234,243425.318626,0.020392,0x40533c,1,57,18,39,34,40.000000,0,0,0.026040,1.200000,0.800000,mba,0,,0,0,-1,-1,-1,-1,-1,-1,-1,-1,-1,-1,-1,-1
6401,5,1600,2,16,16,243425.297517,243425.317426,0.019909,0x40533c,1,93,20,73,4,40.000000,0,0,0.026040,1.200000,0.800000,mba,0,,0,0,-1,-1,-1,-1,-1,-1,-1,-1,-1,-1,-1,-1
6401,5,1600,3,16,16,243425.297278,243425.317186,0.019908,0x40533c,1,38,15,23,38,40.000000,0,0,0.026040,1.200000,0.800000,mba,0,,0,0,-1,-1,-1,-1,-1,-1,-1,-1,-1,-1,-1,-1
6401,5,1600,4,16,16,243425.298943,243425.323318,0.024375,0x40533c,1,572,254,318,40,80.000000,0,0,0.026040,1.200000,0.800000,mba,0,,0,0,-1,-1,-1,-1,-1,-1,-1,-1,-1,-1,-1,-1
6401,5,1600,5,16,16,243425.299085,243425.322467,0.023382,0x40533c,1,545,239,306,42,80.000000,0,0,0.026040,1.200000,0.800000,mba,0,,0,0,-1,-1,-1,-1,-1,-1,-1,-1,-1,-1,-1,-1
6401,5,1600,6,16,16,243425.298859,243425.322956,0.024097,0x40533c,1,499,225,274,44,80.000000,0,0,0.026040,1.200000,0.800000,mba,0,,0,0,-1,-1,-1,-1,-1,-1,-1,-1,-1,-1,-1,-1
6401,5,1600,7,16,16,243425.298089,243425.321897,0.023808,0x40533c,1,663,323,340,46,80.000000,0,0,0.026040,1.200000,0.800000,mba,0,,0,0,-1,-1,-1,-1,-1,-1,-1,-1,-1,-1,-1,-1
6401,5,1600,8,16,16,243425.297966,243425.322397,0.024431,0x40533c,1,589,247,342,48,80.000000,0,0,0.026040,1.200000,0.800000,mba,0,,0,0,-1,-1,-1,-1,-1,-1,-1,-1,-1,-1,-1,-1
6401,5,1600,9,16,16,243425.298439,243425.322218,0.023779,0x40533c,1,531,219,312,18,100.000000,0,0,0.026040,1.200000,0.800000,mba,0,,0,0,-1,-1,-1,-1,-1,-1,-1,-1,-1,-1,-1,-1
6401,5,1600,10,16,16,243425.299113,243425.322991,0.023878,0x40533c,1,468,110,358,52,80.000000,0,0,0.026040,1.200000,0.800000,mba,0,,0,0,-1,-1,-1,-1,-1,-1,-1,-1,-1,-1,-1,-1
6401,5,1600,11,16,16,243425.298843,243425.322780,0.023937,0x40533c,1,673,199,474,54,80.000000,0,0,0.026040,1.200000,0.800000,mba,0,,0,0,-1,-1,-1,-1,-1,-1,-1,-1,-1,-1,-1,-1
6401,5,1600,12,16,16,243425.297300,243425.317378,0.020078,0x40533c,1,39,9,30,24,40.000000,0,0,0.026040,1.200000,0.800000,mba,0,,0,0,-1,-1,-1,-1,-1,-1,-1,-1,-1,-1,-1,-1
6401,5,1600,13,16,16,243425.297990,243425.317963,0.019973,0x40533c,1,36,6,30,58,40.000000,0,0,0.026040,1.200000,0.800000,mba,0,,0,0,-1,-1,-1,-1,-1,-1,-1,-1,-1,-1,-1,-1
6401,5,1600,14,16,16,243425.298661,243425.318679,0.020018,0x40533c,1,38,9,29,60,40.000000,0,0,0.026040,1.200000,0.800000,mba,0,,0,0,-1,-1,-1,-1,-1,-1,-1,-1,-1,-1,-1,-1
6401,5,1600,15,16,16,243425.298799,243425.319031,0.020232,0x40533c,1,121,71,50,62,40.000000,0,0,0.026040,1.200000,0.800000,mba,0,,0,0,-1,-1,-1,-1,-1,-1,-1,-1,-1,-1,-1,-1
6798,2,1700,0,16,16,253235.694115,253334.268716,82.541590,0x4051ce,1,6676980,2844913,3832067,32,30.000000,1,1,98.686173,1.200000,0.800000,mba,0,,1,1,10272768,5406720,450560,1858690211840,1858895396864,203923456,1858690211840,1858895396864,203923456,-1,-1,-1
6798,2,1700,1,16,16,253235.687119,253334.005582,65.025796,0x4051ce,1,7639670,3263375,4376295,34,40.000000,1,1,98.686173,1.200000,0.800000,mba,0,,1,1,8830976,9912320,25141248,2329358254080,2329894420480,499490816,2329358254080,2329894420480,498769920,-1,-1,-1
6798,2,1700,2,16,16,253235.658942,253334.235691,83.092074,0x4051ce,1,7056280,6300484,755796,36,50.000000,1,1,98.686173,1.200000,0.800000,mba,0,,1,1,6397952,7389184,62808064,1341564207104,1344110411776,2473934848,1341564297216,1344110501888,2473123840,-1,-1,-1
6798,2,1700,3,16,16,253235.642558,253334.328731,88.895217,0x4051ce,1,7601486,7165946,435540,38,50.000000,1,1,98.686173,1.200000,0.800000,mba,0,,1,1,6488064,7479296,49381376,1341564207104,1344110862336,2543140864,1341564207104,1344110862336,2540888064,-1,-1,-1
6798,2,1700,4,16,16,253235.678771,253334.208292,91.728959,0x4051ce,1,11509975,8284131,3225844,40,100.000000,1,1,98.686173,1.200000,0.800000,mba,0,,1,1,53886976,54968320,-270336,14859571978240,14864697729024,5110341632,14859571978240,14864697729024,5103763456,-1,-1,-1
6798,2,1700,5,16,16,253235.673173,253334.160728,91.555275,0x4051ce,1,11578350,8107580,3470770,42,100.000000,1,1,98.686173,1.200000,0.800000,mba,0,,1,1,53526528,54427648,-720896,14859571978240,14864697368576,5110702080,14859572248576,14864697638912,5103403008,-1,-1,-1
6798,2,1700,6,16,16,253235.654575,253334.141437,86.543205,0x4051ce,1,11078459,7759140,3319319,44,100.000000,1,1,98.686173,1.200000,0.800000,mba,0,,1,1,53346304,54247424,-2072576,14859571978240,14864696647680,4851449856,14859571978240,14864697188352,4857577472,-1,-1,-1
6798,2,1700,7,16,16,253235.691338,253334.186278,91.638387,0x4051ce,1,11651976,8150311,3501665,46,100.000000,1,1,98.686173,1.200000,0.800000,mba,0,,1,1,54067200,54788096,-360448,14859572068352,14864697638912,5114396672,14859572248576,14864697638912,5107187712,-1,-1,-1
6798,2,1700,8,16,16,253235.693773,253334.175683,90.694101,0x4051ce,1,11664520,7965775,3698745,16,100.000000,1,1,98.686173,1.200000,0.800000,mba,0,,1,1,53977088,54788096,-450560,14859572428800,14864697638912,5087723520,14859572518912,14864697638912,5081055232,-1,-1,-1
6798,2,1700,9,16,16,253235.686571,253334.138246,86.447800,0x4051ce,1,11097768,7732618,3365150,18,100.000000,1,1,98.686173,1.200000,0.800000,mba,0,,1,1,53706752,54247424,-1982464,14859571978240,14864696557568,4852801536,14859572068352,14864697008128,4857757696,-1,-1,-1
6798,2,1700,10,16,16,253235.668761,253334.138029,89.945188,0x4051ce,1,11628556,8089855,3538701,52,100.000000,1,1,98.686173,1.200000,0.800000,mba,0,,1,1,53436416,54247424,-1171456,14859571978240,14864696377344,5064114176,14859571978240,14864696918016,5066276864,-1,-1,-1
6798,2,1700,11,16,16,253235.677263,253334.172754,90.246703,0x4051ce,1,11596278,7997774,3598504,54,100.000000,1,1,98.686173,1.200000,0.800000,mba,0,,1,1,54067200,54788096,-450560,14859571978240,14864697638912,5076729856,14859572068352,14864697638912,5075468288,-1,-1,-1
6798,2,1700,12,16,16,253235.653573,253334.229943,84.202453,0x4051ce,1,7645944,6578453,1067491,24,50.000000,1,1,98.686173,1.200000,0.800000,mba,0,,1,1,6397952,7389184,65511424,1341564207104,1344110411776,2494570496,1341564207104,1344110411776,2494930944,-1,-1,-1
6798,2,1700,13,16,16,253235.650959,253334.249042,86.325972,0x4051ce,1,7631651,6801332,830319,58,50.000000,1,1,98.686173,1.200000,0.800000,mba,0,,1,1,6397952,7299072,58122240,1341564207104,1344110592000,2530525184,1341564207104,1344110592000,2527821824,-1,-1,-1
6798,2,1700,14,16,16,253235.670456,253334.269580,86.302789,0x4051ce,1,7638072,6812350,825722,60,50.000000,1,1,98.686173,1.200000,0.800000,mba,0,,1,1,6307840,7389184,57491456,1341564207104,1344110592000,2530615296,1341564567552,1344110592000,2527731712,-1,-1,-1
6798,2,1700,15,16,16,253235.677931,253334.173266,74.564475,0x4051ce,1,7686638,3722383,3964255,62,40.000000,1,1,98.686173,1.200000,0.800000,mba,0,,1,1,8830976,9551872,12886016,2329358254080,2329894780928,530849792,2329358254080,2329894871040,530399232,-1,-1,-1
6799,3,1700,0,16,16,253334.481602,253334.587457,0.105855,0x405218,1,6378,1837,4541,32,20.000000,0,0,0.192480,1.200000,0.800000,mba,0,,0,0,-1,-1,-1,-1,-1,-1,-1,-1,-1,-1,-1,-1
6799,3,1700,1,16,16,253334.481248,253334.588104,0.106856,0x405218,1,6469,1954,4515,34,20.000000,0,0,0.192480,1.200000,0.800000,mba,0,,0,0,-1,-1,-1,-1,-1,-1,-1,-1,-1,-1,-1,-1
6799,3,1700,2,16,16,253334.480862,253334.629269,0.148407,0x405218,1,5117,3507,1610,36,20.000000,0,0,0.192480,1.200000,0.800000,mba,0,,0,0,-1,-1,-1,-1,-1,-1,-1,-1,-1,-1,-1,-1
6799,3,1700,3,16,16,253334.481018,253334.635133,0.154115,0x405218,1,3972,2905,1067,38,20.000000,0,0,0.192480,1.200000,0.800000,mba,0,,0,0,-1,-1,-1,-1,-1,-1,-1,-1,-1,-1,-1,-1
6799,3,1700,4,16,16,253334.480933,253334.665066,0.184133,0x405218,1,9455,5205,4250,40,100.000000,0,0,0.192480,1.200000,0.800000,mba,0,,0,0,-1,-1,-1,-1,-1,-1,-1,-1,-1,-1,-1,-1
6799,3,1700,5,16,16,253334.480951,253334.664253,0.183302,0x405218,1,9478,5143,4335,42,100.000000,0,0,0.192480,1.200000,0.800000,mba,0,,0,0,-1,-1,-1,-1,-1,-1,-1,-1,-1,-1,-1,-1
6799,3,1700,6,16,16,253334.481059,253334.662082,0.181023,0x405218,1,9525,4905,4620,44,100.000000,0,0,0.192480,1.200000,0.800000,mba,0,,0,0,-1,-1,-1,-1,-1,-1,-1,-1,-1,-1,-1,-1
6799,3,1700,7,16,16,253334.481592,253334.668150,0.186558,0x405218,1,9745,5251,4494,46,100.000000,0,0,0.192480,1.200000,0.800000,mba,0,,0,0,-1,-1,-1,-1,-1,-1,-1,-1,-1,-1,-1,-1
6799,3,1700,8,16,16,253334.481834,253334.672159,0.190325,0x405218,1,9556,5023,4533,16,100.000000,0,0,0.192480,1.200000,0.800000,mba,0,,0,0,-1,-1,-1,-1,-1,-1,-1,-1,-1,-1,-1,-1
6799,3,1700,9,16,16,253334.480936,253334.658255,0.177319,0x405218,1,9501,5023,4478,18,100.000000,0,0,0.192480,1.200000,0.800000,mba,0,,0,0,-1,-1,-1,-1,-1,-1,-1,-1,-1,-1,-1,-1
6799,3,1700,10,16,16,253334.481028,253334.666523,0.185495,0x405218,1,9679,5202,4477,52,100.000000,0,0,0.192480,1.200000,0.800000,mba,0,,0,0,-1,-1,-1,-1,-1,-1,-1,-1,-1,-1,-1,-1
6799,3,1700,11,16,16,253334.481214,253334.659755,0.178541,0x405218,1,9391,4983,4408,54,100.000000,0,0,0.192480,1.200000,0.800000,mba,0,,0,0,-1,-1,-1,-1,-1,-1,-1,-1,-1,-1,-1,-1
6799,3,1700,12,16,16,253334.480544,253334.620777,0.140233,0x405218,1,4694,3141,1553,24,20.000000,0,0,0.192480,1.200000,0.800000,mba,0,,0,0,-1,-1,-1,-1,-1,-1,-1,-1,-1,-1,-1,-1
6799,3,1700,13,16,16,253334.479679,253334.630303,0.150624,0x405218,1,4818,3928,890,58,20.000000,0,0,0.192480,1.200000,0.800000,mba,0,,0,0,-1,-1,-1,-1,-1,-1,-1,-1,-1,-1,-1,-1
6799,3,1700,14,16,16,253334.480289,253334.623132,0.142843,0x405218,1,4867,3651,1216,60,20.000000,0,0,0.192480,1.200000,0.800000,mba,0,,0,0,-1,-1,-1,-1,-1,-1,-1,-1,-1,-1,-1,-1
6799,3,1700,15,16,16,253334.481649,253334.598482,0.116833,0x405218,1,5737,2291,3446,62,20.000000,0,0,0.192480,1.200000,0.800000,mba,0,,0,0,-1,-1,-1,-1,-1,-1,-1,-1,-1,-1,-1,-1
6800,4,1700,0,16,16,253335.253746,253335.285939,0.032193,0x4052e4,1,1932,516,1416,32,100.000000,0,0,0.037115,1.200000,0.800000,mba,0,,0,0,-1,-1,-1,-1,-1,-1,-1,-1,-1,-1,-1,-1
6800,4,1700,1,16,16,253335.250740,253335.273884,0.023144,0x4052e4,1,358,180,178,34,20.000000,0,0,0.037115,1.200000,0.800000,mba,0,,0,0,-1,-1,-1,-1,-1,-1,-1,-1,-1,-1,-1,-1
6800,4,1700,2,16,16,253335.250243,253335.273253,0.023010,0x4052e4,1,95,22,73,36,20.000000,0,0,0.037115,1.200000,0.800000,mba,0,,0,0,-1,-1,-1,-1,-1,-1,-1,-1,-1,-1,-1,-1
6800,4,1700,3,16,16,253335.249734,253335.271759,0.022025,0x4052e4,1,76,19,57,38,20.000000,0,0,0.037115,1.200000,0.800000,mba,0,,0,0,-1,-1,-1,-1,-1,-1,-1,-1,-1,-1,-1,-1
6800,4,1700,4,16,16,253335.249397,253335.273877,0.024480,0x4052e4,1,277,163,114,40,20.000000,0,0,0.037115,1.200000,0.800000,mba,0,,0,0,-1,-1,-1,-1,-1,-1,-1,-1,-1,-1,-1,-1
6800,4,1700,5,16,16,253335.251005,253335.275625,0.024620,0x4052e4,1,307,201,106,42,20.000000,0,0,0.037115,1.200000,0.800000,mba,0,,0,0,-1,-1,-1,-1,-1,-1,-1,-1,-1,-1,-1,-1
6800,4,1700,6,16,16,253335.249739,253335.274661,0.024922,0x4052e4,1,273,172,101,44,20.000000,0,0,0.037115,1.200000,0.800000,mba,0,,0,0,-1,-1,-1,-1,-1,-1,-1,-1,-1,-1,-1,-1
6800,4,1700,7,16,16,253335.250823,253335.274930,0.024107,0x4052e4,1,277,162,115,46,20.000000,0,0,0.037115,1.200000,0.800000,mba,0,,0,0,-1,-1,-1,-1,-1,-1,-1,-1,-1,-1,-1,-1
6800,4,1700,8,16,16,253335.249934,253335.275780,0.025846,0x4052e4,1,380,234,146,16,30.000000,0,0,0.037115,1.200000,0.800000,mba,0,,0,0,-1,-1,-1,-1,-1,-1,-1,-1,-1,-1,-1,-1
6800,4,1700,9,16,16,253335.250851,253335.275687,0.024836,0x4052e4,1,331,146,185,18,20.000000,0,0,0.037115,1.200000,0.800000,mba,0,,0,0,-1,-1,-1,-1,-1,-1,-1,-1,-1,-1,-1,-1
6800,4,1700,10,16,16,253335.251440,253335.276119,0.024679,0x4052e4,1,457,197,260,52,20.000000,0,0,0.037115,1.200000,0.800000,mba,0,,0,0,-1,-1,-1,-1,-1,-1,-1,-1,-1,-1,-1,-1
6800,4,1700,11,16,16,253335.249223,253335.273515,0.024292,0x4052e4,1,308,170,138,54,20.000000,0,0,0.037115,1.200000,0.800000,mba,0,,0,0,-1,-1,-1,-1,-1,-1,-1,-1,-1,-1,-1,-1
6800,4,1700,12,16,16,253335.248824,253335.270648,0.021824,0x4052e4,1,47,14,33,24,20.000000,0,0,0.037115,1.200000,0.800000,mba,0,,0,0,-1,-1,-1,-1,-1,-1,-1,-1,-1,-1,-1,-1
6800,4,1700,13,16,16,253335.249572,253335.271326,0.021754,0x4052e4,1,65,17,48,58,20.000000,0,0,0.037115,1.200000,0.800000,mba,0,,0,0,-1,-1,-1,-1,-1,-1,-1,-1,-1,-1,-1,-1
6800,4,1700,14,16,16,253335.250296,253335.272144,0.021848,0x4052e4,1,89,31,58,60,20.000000,0,0,0.037115,1.200000,0.800000,mba,0,,0,0,-1,-1,-1,-1,-1,-1,-1,-1,-1,-1,-1,-1
6800,4,1700,15,16,16,253335.249720,253335.271702,0.021982,0x4052e4,1,174,107,67,62,20.000000,0,0,0.037115,1.200000,0.800000,mba,0,,0,0,-1,-1,-1,-1,-1,-1,-1,-1,-1,-1,-1,-1
6801,5,1700,0,16,16,253335.347256,253335.369139,0.021883,0x40533c,1,41,3,38,32,40.000000,0,0,0.027447,1.200000,0.800000,mba,0,,0,0,-1,-1,-1,-1,-1,-1,-1,-1,-1,-1,-1,-1
6801,5,1700,1,16,16,253335.346451,253335.368185,0.021734,0x40533c,1,44,8,36,34,40.000000,0,0,0.027447,1.200000,0.800000,mba,0,,0,0,-1,-1,-1,-1,-1,-1,-1,-1,-1,-1,-1,-1
6801,5,1700,2,16,16,253335.347554,253335.369760,0.022206,0x40533c,1,60,9,51,36,40.000000,0,0,0.027447,1.200000,0.800000,mba,0,,0,0,-1,-1,-1,-1,-1,-1,-1,-1,-1,-1,-1,-1
6801,5,1700,3,16,16,253335.346869,253335.368523,0.021654,0x40533c,1,56,27,29,38,40.000000,0,0,0.027447,1.200000,0.800000,mba,0,,0,0,-1,-1,-1,-1,-1,-1,-1,-1,-1,-1,-1,-1
6801,5,1700,4,16,16,253335.346597,253335.372057,0.025460,0x40533c,1,539,208,331,40,80.000000,0,0,0.027447,1.200000,0.800000,mba,0,,0,0,-1,-1,-1,-1,-1,-1,-1,-1,-1,-1,-1,-1
6801,5,1700,5,16,16,253335.348216,253335.373898,0.025682,0x40533c,1,604,249,355,42,80.000000,0,0,0.027447,1.200000,0.800000,mba,0,,0,0,-1,-1,-1,-1,-1,-1,-1,-1,-1,-1,-1,-1
6801,5,1700,6,16,16,253335.347490,253335.373494,0.026004,0x40533c,1,635,240,395,44,80.000000,0,0,0.027447,1.200000,0.800000,mba,0,,0,0,-1,-1,-1,-1,-1,-1,-1,-1,-1,-1,-1,-1
6801,5,1700,7,16,16,253335.347306,253335.372632,0.025326,0x40533c,1,627,308,319,46,80.000000,0,0,0.027447,1.200000,0.800000,mba,0,,0,0,-1,-1,-1,-1,-1,-1,-1,-1,-1,-1,-1,-1
6801,5,1700,8,16,16,253335.347444,253335.373044,0.025600,0x40533c,1,483,195,288,16,80.000000,0,0,0.027447,1.200000,0.800000,mba,0,,0,0,-1,-1,-1,-1,-1,-1,-1,-1,-1,-1,-1,-1
6801,5,1700,9,16,16,253335.346978,253335.372867,0.025889,0x40533c,1,512,192,320,18,100.000000,0,0,0.027447,1.200000,0.800000,mba,0,,0,0,-1,-1,-1,-1,-1,-1,-1,-1,-1,-1,-1,-1
6801,5,1700,10,16,16,253335.347450,253335.373153,0.025703,0x40533c,1,553,147,406,52,80.000000,0,0,0.027447,1.200000,0.800000,mba,0,,0,0,-1,-1,-1,-1,-1,-1,-1,-1,-1,-1,-1,-1
6801,5,1700,11,16,16,253335.347112,253335.372317,0.025205,0x40533c,1,628,169,459,54,80.000000,0,0,0.027447,1.200000,0.800000,mba,0,,0,0,-1,-1,-1,-1,-1,-1,-1,-1,-1,-1,-1,-1
6801,5,1700,12,16,16,253335.347694,253335.369936,0.022242,0x40533c,1,63,11,52,24,40.000000,0,0,0.027447,1.200000,0.800000,mba,0,,0,0,-1,-1,-1,-1,-1,-1,-1,-1,-1,-1,-1,-1
6801,5,1700,13,16,16,253335.347719,253335.369423,0.021704,0x40533c,1,54,15,39,58,40.000000,0,0,0.027447,1.200000,0.800000,mba,0,,0,0,-1,-1,-1,-1,-1,-1,-1,-1,-1,-1,-1,-1
6801,5,1700,14,16,16,253335.347653,253335.369199,0.021546,0x40533c,1,34,7,27,60,40.000000,0,0,0.027447,1.200000,0.800000,mba,0,,0,0,-1,-1,-1,-1,-1,-1,-1,-1,-1,-1,-1,-1
6801,5,1700,15,16,16,253335.347846,253335.370008,0.022162,0x40533c,1,84,26,58,62,40.000000,0,0,0.027447,1.200000,0.800000,mba,0,,0,0,-1,-1,-1,-1,-1,-1,-1,-1,-1,-1,-1,-1
7198,2,1800,0,16,16,262950.981106,263047.079104,81.757006,0x4051ce,1,6663679,2817981,3845698,32,30.000000,1,1,96.198163,1.200000,0.800000,mba,0,,1,1,9822208,5586944,270336,1879938531328,1880143806464,204734464,1879938531328,1880143806464,204644352,-1,-1,-1
7198,2,1800,1,16,16,262950.971204,263046.807563,64.307402,0x4051ce,1,7632042,3220497,4411545,34,40.000000,1,1,96.198163,1.200000,0.800000,mba,0,,1,1,9011200,9371648,21716992,2381119397888,2381635919872,482549760,2381119397888,2381636009984,482189312,-1,-1,-1
7198,2,1800,2,16,16,262950.955000,263047.078630,85.245058,0x4051ce,1,7617880,6825976,791904,36,50.000000,1,1,96.198163,1.200000,0.800000,mba,0,,1,1,5947392,7208960,40820736,1600968089600,1603534479360,2542690304,1600968089600,1603534479360,2539446272,-1,-1,-1
7198,2,1800,3,16,16,262950.961276,263047.137124,88.576378,0x4051ce,1,7598820,7141235,457585,38,50.000000,1,1,96.198163,1.200000,0.800000,mba,0,,1,1,5947392,7118848,31629312,1600968089600,1603534659584,2562695168,1600968179712,1603534659584,2559991808,-1,-1,-1
7198,2,1800,4,16,16,262950.965555,263046.980156,88.756337,0x4051ce,1,11154629,8124750,3029879,40,100.000000,1,1,96.198163,1.200000,0.800000,mba,0,,1,1,51273728,50642944,540672,15362787213312,15367750402048,4951023616,15362787213312,15367750402048,4945797120,-1,-1,-1
7198,2,1800,5,16,16,262950.982227,263046.964955,88.695130,0x4051ce,1,11224440,7994451,3229989,42,100.000000,1,1,96.198163,1.200000,0.800000,mba,0,,1,1,51634176,50642944,270336,15362787213312,15367750402048,4951924736,15362787213312,15367750402048,4946067456,-1,-1,-1
7198,2,1800,6,16,16,262950.965245,263046.916117,83.498768,0x4051ce,1,10698164,7600627,3097537,44,100.000000,1,1,96.198163,1.200000,0.800000,mba,0,,1,1,51273728,49831936,-1622016,15362787213312,15367749320704,4680417280,15362787213312,15367749681152,4686094336,-1,-1,-1
7198,2,1800,7,16,16,262950.970813,263046.937871,88.611468,0x4051ce,1,11288960,7954341,3334619,46,100.000000,1,1,96.198163,1.200000,0.800000,mba,0,,1,1,51363840,50372608,180224,15362787213312,15367750221824,4953456640,15362787213312,15367750402048,4948320256,-1,-1,-1
7198,2,1800,8,16,16,262950.961953,263046.962650,87.964493,0x4051ce,1,11303303,7789350,3513953,16,100.000000,1,1,96.198163,1.200000,0.800000,mba,0,,1,1,50913280,50642944,-180224,15362787213312,15367750402048,4932280320,15362787213312,15367750402048,4932550656,-1,-1,-1
7198,2,1800,9,16,16,262950.976617,263046.902402,83.486098,0x4051ce,1,10715404,7553813,3161591,18,100.000000,1,1,96.198163,1.200000,0.800000,mba,0,,1,1,51453952,49831936,-1622016,15362787213312,15367748509696,4685283328,15362787213312,15367748960256,4689969152,-1,-1,-1
7198,2,1800,10,16,16,262950.968591,263046.934273,87.024888,0x4051ce,1,11270055,7926843,3343212,52,100.000000,1,1,96.198163,1.200000,0.800000,mba,0,,1,1,51363840,50282496,-1081344,15362787213312,15367750221824,4896235520,15362787213312,15367750402048,4901281792,-1,-1,-1
7198,2,1800,11,16,16,262950.987590,263046.931130,87.980950,0x4051ce,1,10958096,7590146,3367950,54,100.000000,1,1,96.198163,1.200000,0.800000,mba,0,,1,1,51634176,50192384,-991232,15362787213312,15367750221824,4938678272,15362787573760,15367750221824,4936245248,-1,-1,-1
7198,2,1800,12,16,16,262950.942675,263047.000667,83.948770,0x4051ce,1,7647182,6567632,1079550,24,50.000000,1,1,96.198163,1.200000,0.800000,mba,0,,1,1,5947392,7028736,43524096,1600968089600,1603533307904,2514485248,1600968089600,1603533398016,2515746816,-1,-1,-1
7198,2,1800,13,16,16,262950.958650,263047.085726,85.961864,0x4051ce,1,7640117,6780046,860071,58,50.000000,1,1,96.198163,1.200000,0.800000,mba,0,,1,1,5947392,7208960,38567936,1600968089600,1603534659584,2551701504,1600968089600,1603534659584,2547826688,-1,-1,-1
7198,2,1800,14,16,16,262950.938961,263047.047347,84.520721,0x4051ce,1,7351707,6457692,894015,60,50.000000,1,1,96.198163,1.200000,0.800000,mba,0,,1,1,5947392,6848512,40640512,1600968089600,1603534118912,2529624064,1600968089600,1603534209024,2527100928,-1,-1,-1
7198,2,1800,15,16,16,262950.972760,263046.975601,73.600487,0x4051ce,1,7685083,3663059,4022024,62,40.000000,1,1,96.198163,1.200000,0.800000,mba,0,,1,1,9101312,9011200,9551872,2381119397888,2381636370432,511655936,2381119397888,2381636370432,511385600,-1,-1,-1
7199,3,1800,0,16,16,263047.276534,263047.378176,0.101642,0x405218,1,6487,1820,4667,32,20.000000,0,0,0.183855,1.200000,0.800000,mba,0,,0,0,-1,-1,-1,-1,-1,-1,-1,-1,-1,-1,-1,-1
7199,3,1800,1,16,16,263047.277703,263047.378395,0.100692,0x405218,1,6475,1831,4644,34,20.000000,0,0,0.183855,1.200000,0.800000,mba,0,,0,0,-1,-1,-1,-1,-1,-1,-1,-1,-1,-1,-1,-1
7199,3,1800,2,16,16,263047.275580,263047.409437,0.133857,0x405218,1,5394,3369,2025,36,20.000000,0,0,0.183855,1.200000,0.800000,mba,0,,0,0,-1,-1,-1,-1,-1,-1,-1,-1,-1,-1,-1,-1
7199,3,1800,3,16,16,263047.276643,263047.404844,0.128201,0x405218,1,3962,2848,1114,38,20.000000,0,0,0.183855,1.200000,0.800000,mba,0,,0,0,-1,-1,-1,-1,-1,-1,-1,-1,-1,-1,-1,-1
7199,3,1800,4,16,16,263047.277618,263047.458937,0.181319,0x405218,1,9264,4927,4337,40,100.000000,0,0,0.183855,1.200000,0.800000,mba,0,,0,0,-1,-1,-1,-1,-1,-1,-1,-1,-1,-1,-1,-1
7199,3,1800,5,16,16,263047.277683,263047.458645,0.180962,0x405218,1,9400,4804,4596,42,100.000000,0,0,0.183855,1.200000,0.800000,mba,0,,0,0,-1,-1,-1,-1,-1,-1,-1,-1,-1,-1,-1,-1
7199,3,1800,6,16,16,263047.277212,263047.450244,0.173032,0x405218,1,9267,4371,4896,44,80.000000,0,0,0.183855,1.200000,0.800000,mba,0,,0,0,-1,-1,-1,-1,-1,-1,-1,-1,-1,-1,-1,-1
7199,3,1800,7,16,16,263047.276965,263047.458866,0.181901,0x405218,1,9594,4985,4609,46,100.000000,0,0,0.183855,1.200000,0.800000,mba,0,,0,0,-1,-1,-1,-1,-1,-1,-1,-1,-1,-1,-1,-1
7199,3,1800,8,16,16,263047.276241,263047.459435,0.183194,0x405218,1,9402,4880,4522,16,100.000000,0,0,0.183855,1.200000,0.800000,mba,0,,0,0,-1,-1,-1,-1,-1,-1,-1,-1,-1,-1,-1,-1
7199,3,1800,9,16,16,263047.276859,263047.454738,0.177879,0x405218,1,9268,4695,4573,18,100.000000,0,0,0.183855,1.200000,0.800000,mba,0,,0,0,-1,-1,-1,-1,-1,-1,-1,-1,-1,-1,-1,-1
7199,3,1800,10,16,16,263047.276943,263047.456571,0.179628,0x405218,1,9536,4861,4675,52,100.000000,0,0,0.183855,1.200000,0.800000,mba,0,,0,0,-1,-1,-1,-1,-1,-1,-1,-1,-1,-1,-1,-1
7199,3,1800,11,16,16,263047.277033,263047.455183,0.178150,0x405218,1,9293,5017,4276,54,100.000000,0,0,0.183855,1.200000,0.800000,mba,0,,0,0,-1,-1,-1,-1,-1,-1,-1,-1,-1,-1,-1,-1
7199,3,1800,12,16,16,263047.276328,263047.422994,0.146666,0x405218,1,4739,3770,969,24,20.000000,0,0,0.183855,1.200000,0.800000,mba,0,,0,0,-1,-1,-1,-1,-1,-1,-1,-1,-1,-1,-1,-1
7199,3,1800,13,16,16,263047.276951,263047.419843,0.142892,0x405218,1,4819,4007,812,58,20.000000,0,0,0.183855,1.200000,0.800000,mba,0,,0,0,-1,-1,-1,-1,-1,-1,-1,-1,-1,-1,-1,-1
7199,3,1800,14,16,16,263047.276738,263047.434956,0.158218,0x405218,1,4517,3607,910,60,20.000000,0,0,0.183855,1.200000,0.800000,mba,0,,0,0,-1,-1,-1,-1,-1,-1,-1,-1,-1,-1,-1,-1
7199,3,1800,15,16,16,263047.276714,263047.379745,0.103031,0x405218,1,5753,2048,3705,62,20.000000,0,0,0.183855,1.200000,0.800000,mba,0,,0,0,-1,-1,-1,-1,-1,-1,-1,-1,-1,-1,-1,-1
7200,4,1800,0,16,16,263047.984046,263048.011933,0.027887,0x4052e4,1,1894,507,1387,32,100.000000,0,0,0.031842,1.200000,0.800000,mba,0,,0,0,-1,-1,-1,-1,-1,-1,-1,-1,-1,-1,-1,-1
7200,4,1800,1,16,16,263047.981987,263048.003486,0.021499,0x4052e4,1,329,140,189,34,20.000000,0,0,0.031842,1.200000,0.800000,mba,0,,0,0,-1,-1,-1,-1,-1,-1,-1,-1,-1,-1,-1,-1
7200,4,1800,2,16,16,263047.980581,263048.001179,0.020598,0x4052e4,1,167,90,77,36,20.000000,0,0,0.031842,1.200000,0.800000,mba,0,,0,0,-1,-1,-1,-1,-1,-1,-1,-1,-1,-1,-1,-1
7200,4,1800,3,16,16,263047.981496,263048.001693,0.020197,0x4052e4,1,62,23,39,38,20.000000,0,0,0.031842,1.200000,0.800000,mba,0,,0,0,-1,-1,-1,-1,-1,-1,-1,-1,-1,-1,-1,-1
7200,4,1800,4,16,16,263047.980592,263048.003016,0.022424,0x4052e4,1,239,138,101,40,20.000000,0,0,0.031842,1.200000,0.800000,mba,0,,0,0,-1,-1,-1,-1,-1,-1,-1,-1,-1,-1,-1,-1
7200,4,1800,5,16,16,263047.982047,263048.005157,0.023110,0x4052e4,1,304,178,126,42,20.000000,0,0,0.031842,1.200000,0.800000,mba,0,,0,0,-1,-1,-1,-1,-1,-1,-1,-1,-1,-1,-1,-1
7200,4,1800,6,16,16,263047.982035,263048.004790,0.022755,0x4052e4,1,276,154,122,44,20.000000,0,0,0.031842,1.200000,0.800000,mba,0,,0,0,-1,-1,-1,-1,-1,-1,-1,-1,-1,-1,-1,-1
7200,4,1800,7,16,16,263047.981888,263048.004523,0.022635,0x4052e4,1,314,151,163,46,20.000000,0,0,0.031842,1.200000,0.800000,mba,0,,0,0,-1,-1,-1,-1,-1,-1,-1,-1,-1,-1,-1,-1
7200,4,1800,8,16,16,263047.980584,263048.003215,0.022631,0x4052e4,1,352,184,168,16,30.000000,0,0,0.031842,1.200000,0.800000,mba,0,,0,0,-1,-1,-1,-1,-1,-1,-1,-1,-1,-1,-1,-1
7200,4,1800,9,16,16,263047.981172,263048.004855,0.023683,0x4052e4,1,447,183,264,18,30.000000,0,0,0.031842,1.200000,0.800000,mba,0,,0,0,-1,-1,-1,-1,-1,-1,-1,-1,-1,-1,-1,-1
7200,4,1800,10,16,16,263047.983454,263048.006497,0.023043,0x4052e4,1,351,138,213,52,20.000000,0,0,0.031842,1.200000,0.800000,mba,0,,0,0,-1,-1,-1,-1,-1,-1,-1,-1,-1,-1,-1,-1
7200,4,1800,11,16,16,263047.981845,263048.005101,0.023256,0x4052e4,1,321,176,145,54,20.000000,0,0,0.031842,1.200000,0.800000,mba,0,,0,0,-1,-1,-1,-1,-1,-1,-1,-1,-1,-1,-1,-1
7200,4,1800,12,16,16,263047.980271,263048.000459,0.020188,0x4052e4,1,57,9,48,24,20.000000,0,0,0.031842,1.200000,0.800000,mba,0,,0,0,-1,-1,-1,-1,-1,-1,-1,-1,-1,-1,-1,-1
7200,4,1800,13,16,16,263047.980091,263048.000378,0.020287,0x4052e4,1,50,8,42,58,20.000000,0,0,0.031842,1.200000,0.800000,mba,0,,0,0,-1,-1,-1,-1,-1,-1,-1,-1,-1,-1,-1,-1
7200,4,1800,14,16,16,263047.981243,263048.002324,0.021081,0x4052e4,1,53,19,34,60,20.000000,0,0,0.031842,1.200000,0.800000,mba,0,,0,0,-1,-1,-1,-1,-1,-1,-1,-1,-1,-1,-1,-1
7200,4,1800,15,16,16,263047.980713,263048.000972,0.020259,0x4052e4,1,173,104,69,62,20.000000,0,0,0.031842,1.200000,0.800000,mba,0,,0,0,-1,-1,-1,-1,-1,-1,-1,-1,-1,-1,-1,-1
7201,5,1800,0,16,16,263048.069096,263048.089393,0.020297,0x40533c,1,43,0,43,32,40.000000,0,0,0.028325,1.200000,0.800000,mba,0,,0,0,-1,-1,-1,-1,-1,-1,-1,-1,-1,-1,-1,-1
7201,5,1800,1,16,16,263048.069238,263048.089336,0.020098,0x40533c,1,66,17,49,34,40.000000,0,0,0.028325,1.200000,0.800000,mba,0,,0,0,-1,-1,-1,-1,-1,-1,-1,-1,-1,-1,-1,-1
7201,5,1800,2,16,16,263048.068022,263048.088068,0.020046,0x40533c,1,77,11,66,36,40.000000,0,0,0.028325,1.200000,0.800000,mba,0,,0,0,-1,-1,-1,-1,-1,-1,-1,-1,-1,-1,-1,-1
7201,5,1800,3,16,16,263048.069201,263048.089255,0.020054,0x40533c,1,28,6,22,38,40.000000,0,0,0.028325,1.200000,0.800000,mba,0,,0,0,-1,-1,-1,-1,-1,-1,-1,-1,-1,-1,-1,-1
7201,5,1800,4,16,16,263048.068546,263048.094832,0.026286,0x40533c,1,501,216,285,40,80.000000,0,0,0.028325,1.200000,0.800000,mba,0,,0,0,-1,-1,-1,-1,-1,-1,-1,-1,-1,-1,-1,-1
7201,5,1800,5,16,16,263048.068643,263048.094547,0.025904,0x40533c,1,562,221,341,42,80.000000,0,0,0.028325,1.200000,0.800000,mba,0,,0,0,-1,-1,-1,-1,-1,-1,-1,-1,-1,-1,-1,-1
7201,5,1800,6,16,16,263048.068532,263048.094204,0.025672,0x40533c,1,601,190,411,44,80.000000,0,0,0.028325,1.200000,0.800000,mba,0,,0,0,-1,-1,-1,-1,-1,-1,-1,-1,-1,-1,-1,-1
7201,5,1800,7,16,16,263048.068469,263048.093849,0.025380,0x40533c,1,586,243,343,46,80.000000,0,0,0.028325,1.200000,0.800000,mba,0,,0,0,-1,-1,-1,-1,-1,-1,-1,-1,-1,-1,-1,-1
7201,5,1800,8,16,16,263048.068109,263048.093220,0.025111,0x40533c,1,543,184,359,16,80.000000,0,0,0.028325,1.200000,0.800000,mba,0,,0,0,-1,-1,-1,-1,-1,-1,-1,-1,-1,-1,-1,-1
7201,5,1800,9,16,16,263048.069220,263048.095173,0.025953,0x40533c,1,535,142,393,18,100.000000,0,0,0.028325,1.200000,0.800000,mba,0,,0,0,-1,-1,-1,-1,-1,-1,-1,-1,-1,-1,-1,-1
7201,5,1800,10,16,16,263048.067948,263048.094433,0.026485,0x40533c,1,570,99,471,52,80.000000,0,0,0.028325,1.200000,0.800000,mba,0,,0,0,-1,-1,-1,-1,-1,-1,-1,-1,-1,-1,-1,-1
7201,5,1800,11,16,16,263048.069297,263048.095309,0.026012,0x40533c,1,653,146,507,54,80.000000,0,0,0.028325,1.200000,0.800000,mba,0,,0,0,-1,-1,-1,-1,-1,-1,-1,-1,-1,-1,-1,-1
7201,5,1800,12,16,16,263048.066984,263048.087196,0.020212,0x40533c,1,40,9,31,24,40.000000,0,0,0.028325,1.200000,0.800000,mba,0,,0,0,-1,-1,-1,-1,-1,-1,-1,-1,-1,-1,-1,-1
7201,5,1800,13,16,16,263048.068953,263048.088930,0.019977,0x40533c,1,35,14,21,58,40.000000,0,0,0.028325,1.200000,0.800000,mba,0,,0,0,-1,-1,-1,-1,-1,-1,-1,-1,-1,-1,-1,-1
7201,5,1800,14,16,16,263048.069085,263048.091046,0.021961,0x40533c,1,40,14,26,60,40.000000,0,0,0.028325,1.200000,0.800000,mba,0,,0,0,-1,-1,-1,-1,-1,-1,-1,-1,-1,-1,-1,-1
7201,5,1800,15,16,16,263048.067548,263048.087599,0.020051,0x40533c,1,80,36,44,62,40.000000,0,0,0.028325,1.200000,0.800000,mba,0,,0,0,-1,-1,-1,-1,-1,-1,-1,-1,-1,-1,-1,-1
7598,2,1900,0,16,16,272405.924121,272499.686652,58.735067,0x4051ce,1,6679896,2796093,3883803,32,40.000000,1,1,94.254310,1.200000,0.800000,mba,0,,1,1,10903552,14147584,15499264,2431971762176,2432700768256,662052864,2431971762176,2432700768256,661512192,-1,-1,-1
7598,2,1900,1,16,16,272405.868052,272499.845655,64.161003,0x4051ce,1,7641229,3194962,4446267,34,40.000000,1,1,94.254310,1.200000,0.800000,mba,0,,1,1,10723328,14057472,20725760,2431971672064,2432701579264,694583296,2431971672064,2432701579264,694312960,-1,-1,-1
7598,2,1900,2,16,16,272405.869952,272500.110381,85.369693,0x4051ce,1,7620862,6819459,801403,36,50.000000,1,1,94.254310,1.200000,0.800000,mba,0,,1,1,7208960,7208960,23879680,1858383380480,1860488126464,2097627136,1858383380480,1860488126464,2096095232,-1,-1,-1
7598,2,1900,3,16,16,272405.886511,272499.996767,80.950211,0x4051ce,1,7617183,7149086,468097,38,60.000000,1,1,94.254310,1.200000,0.800000,mba,0,,1,1,0,1261568,10633216,0,529408000,528596992,0,529408000,528416768,-1,-1,-1
7598,2,1900,4,16,16,272405.856071,272499.963923,86.655109,0x4051ce,1,10736552,7952957,2783595,40,100.000000,1,1,94.254310,1.200000,0.800000,mba,0,,1,1,47218688,47489024,180224,15852809601024,15857635278848,4812341248,15852809691136,15857635278848,4808196096,-1,-1,-1
7598,2,1900,5,16,16,272405.971414,272499.981887,87.046237,0x4051ce,1,10413765,7547771,2865994,42,100.000000,1,1,94.254310,1.200000,0.800000,mba,0,,1,1,47128576,47489024,450560,15852814557184,15857635278848,4809547776,15852814647296,15857635368960,4803420160,-1,-1,-1
7598,2,1900,6,16,16,272405.961253,272499.911462,82.624025,0x4051ce,1,10405254,7501700,2903554,44,100.000000,1,1,94.254310,1.200000,0.800000,mba,0,,1,1,47128576,47308800,-2162688,15852813656064,15857633837056,4628152320,15852814376960,15857634287616,4632387584,-1,-1,-1
7598,2,1900,7,16,16,272405.964100,272499.954110,86.553102,0x4051ce,1,10856050,7749479,3106571,46,100.000000,1,1,94.254310,1.200000,0.800000,mba,0,,1,1,47128576,47398912,270336,15852814016512,15857635188736,4808916992,15852814467072,15857635278848,4804501504,-1,-1,-1
7598,2,1900,8,16,16,272405.863216,272499.941510,85.776346,0x4051ce,1,10865310,7647368,3217942,16,100.000000,1,1,94.254310,1.200000,0.800000,mba,0,,1,1,47308800,47308800,-270336,15852809601024,15857635098624,4788281344,15852809691136,15857635098624,4789903360,-1,-1,-1
7598,2,1900,9,16,16,272405.875657,272499.888980,81.794641,0x4051ce,1,10425424,7410783,3014641,18,100.000000,1,1,94.254310,1.200000,0.800000,mba,0,,1,1,47308800,47038464,-2433024,15852809691136,15857632575488,4571291648,15852809961472,15857632845824,4578050048,-1,-1,-1
7598,2,1900,10,16,16,272405.901070,272499.908703,85.250135,0x4051ce,1,10833233,7726997,3106236,52,100.000000,1,1,94.254310,1.200000,0.800000,mba,0,,1,1,47218688,47218688,450560,15852810321920,15857633837056,4773232640,15852810502144,15857634197504,4776837120,-1,-1,-1
7598,2,1900,11,16,16,272405.861964,272499.935360,85.849491,0x4051ce,1,10809266,7700454,3108812,54,100.000000,1,1,94.254310,1.200000,0.800000,mba,0,,1,1,47218688,47398912,-180224,15852809601024,15857634918400,4794859520,15852809691136,15857635098624,4793868288,-1,-1,-1
7598,2,1900,12,16,16,272405.946902,272500.028697,84.295711,0x4051ce,1,7646176,6632473,1013703,24,50.000000,1,1,94.254310,1.200000,0.800000,mba,0,,1,1,8019968,7208960,24059904,1858384101376,1860486955008,2081857536,1858384281600,1860487135232,2083119104,-1,-1,-1
7598,2,1900,13,16,16,272405.940788,272500.069028,85.597795,0x4051ce,1,7644154,6728387,915767,58,50.000000,1,1,94.254310,1.200000,0.800000,mba,0,,1,1,8110080,7208960,21446656,1858384011264,1860487856128,2098798592,1858384281600,1860488036352,2097086464,-1,-1,-1
7598,2,1900,14,16,16,272405.887225,272500.085067,85.517578,0x4051ce,1,7640442,6713466,926976,60,50.000000,1,1,94.254310,1.200000,0.800000,mba,0,,1,1,7208960,7028736,22618112,1858383470592,1860488036352,2098888704,1858383470592,1860488036352,2097176576,-1,-1,-1
7598,2,1900,15,16,16,272405.960492,272499.994690,73.046650,0x4051ce,1,7685831,3600683,4085148,62,40.000000,1,1,94.254310,1.200000,0.800000,mba,0,,1,1,10723328,13967360,9732096,2431971762176,2432702029824,726663168,2431971852288,2432702029824,726032384,-1,-1,-1
7599,3,1900,0,16,16,272500.244695,272500.348453,0.103758,0x405218,1,6488,1756,4732,32,20.000000,0,0,0.204898,1.200000,0.800000,mba,0,,0,0,-1,-1,-1,-1,-1,-1,-1,-1,-1,-1,-1,-1
7599,3,1900,1,16,16,272500.243828,272500.350370,0.106542,0x405218,1,6522,1690,4832,34,20.000000,0,0,0.204898,1.200000,0.800000,mba,0,,0,0,-1,-1,-1,-1,-1,-1,-1,-1,-1,-1,-1,-1
7599,3,1900,2,16,16,272500.241869,272500.379168,0.137299,0x405218,1,5428,3505,1923,36,20.000000,0,0,0.204898,1.200000,0.800000,mba,0,,0,0,-1,-1,-1,-1,-1,-1,-1,-1,-1,-1,-1,-1
7599,3,1900,3,16,16,272500.243371,272500.386334,0.142963,0x405218,1,3950,3105,845,38,20.000000,0,0,0.204898,1.200000,0.800000,mba,0,,0,0,-1,-1,-1,-1,-1,-1,-1,-1,-1,-1,-1,-1
7599,3,1900,4,16,16,272500.242477,272500.414260,0.171783,0x405218,1,9104,4672,4432,40,100.000000,0,0,0.204898,1.200000,0.800000,mba,0,,0,0,-1,-1,-1,-1,-1,-1,-1,-1,-1,-1,-1,-1
7599,3,1900,5,16,16,272500.244247,272500.446767,0.202520,0x405218,1,8280,3918,4362,42,100.000000,0,0,0.204898,1.200000,0.800000,mba,0,,0,0,-1,-1,-1,-1,-1,-1,-1,-1,-1,-1,-1,-1
7599,3,1900,6,16,16,272500.244359,272500.412614,0.168255,0x405218,1,8979,4164,4815,44,80.000000,0,0,0.204898,1.200000,0.800000,mba,0,,0,0,-1,-1,-1,-1,-1,-1,-1,-1,-1,-1,-1,-1
7599,3,1900,7,16,16,272500.243155,272500.417032,0.173877,0x405218,1,9380,4594,4786,46,100.000000,0,0,0.204898,1.200000,0.800000,mba,0,,0,0,-1,-1,-1,-1,-1,-1,-1,-1,-1,-1,-1,-1
7599,3,1900,8,16,16,272500.243518,272500.422530,0.179012,0x405218,1,9201,4679,4522,16,100.000000,0,0,0.204898,1.200000,0.800000,mba,0,,0,0,-1,-1,-1,-1,-1,-1,-1,-1,-1,-1,-1,-1
7599,3,1900,9,16,16,272500.244270,272500.416686,0.172416,0x405218,1,9031,4490,4541,18,100.000000,0,0,0.204898,1.200000,0.800000,mba,0,,0,0,-1,-1,-1,-1,-1,-1,-1,-1,-1,-1,-1,-1
7599,3,1900,10,16,16,272500.243148,272500.415265,0.172117,0x405218,1,9391,4576,4815,52,100.000000,0,0,0.204898,1.200000,0.800000,mba,0,,0,0,-1,-1,-1,-1,-1,-1,-1,-1,-1,-1,-1,-1
7599,3,1900,11,16,16,272500.243250,272500.416433,0.173183,0x405218,1,9061,4657,4404,54,100.000000,0,0,0.204898,1.200000,0.800000,mba,0,,0,0,-1,-1,-1,-1,-1,-1,-1,-1,-1,-1,-1,-1
7599,3,1900,12,16,16,272500.243678,272500.390171,0.146493,0x405218,1,5510,4151,1359,24,20.000000,0,0,0.204898,1.200000,0.800000,mba,0,,0,0,-1,-1,-1,-1,-1,-1,-1,-1,-1,-1,-1,-1
7599,3,1900,13,16,16,272500.243894,272500.389258,0.145364,0x405218,1,4757,3909,848,58,30.000000,0,0,0.204898,1.200000,0.800000,mba,0,,0,0,-1,-1,-1,-1,-1,-1,-1,-1,-1,-1,-1,-1
7599,3,1900,14,16,16,272500.243688,272500.389474,0.145786,0x405218,1,4890,3613,1277,60,20.000000,0,0,0.204898,1.200000,0.800000,mba,0,,0,0,-1,-1,-1,-1,-1,-1,-1,-1,-1,-1,-1,-1
7599,3,1900,15,16,16,272500.243645,272500.354932,0.111287,0x405218,1,5713,1927,3786,62,20.000000,0,0,0.204898,1.200000,0.800000,mba,0,,0,0,-1,-1,-1,-1,-1,-1,-1,-1,-1,-1,-1,-1
7600,4,1900,0,16,16,272500.804973,272500.832511,0.027538,0x4052e4,1,1906,410,1496,32,100.000000,0,0,0.031249,1.200000,0.800000,mba,0,,0,0,-1,-1,-1,-1,-1,-1,-1,-1,-1,-1,-1,-1
7600,4,1900,1,16,16,272500.803054,272500.826679,0.023625,0x4052e4,1,332,128,204,34,30.000000,0,0,0.031249,1.200000,0.800000,mba,0,,0,0,-1,-1,-1,-1,-1,-1,-1,-1,-1,-1,-1,-1
7600,4,1900,2,16,16,272500.801262,272500.823691,0.022429,0x4052e4,1,147,74,73,36,20.000000,0,0,0.031249,1.200000,0.800000,mba,0,,0,0,-1,-1,-1,-1,-1,-1,-1,-1,-1,-1,-1,-1
7600,4,1900,3,16,16,272500.801651,272500.823509,0.021858,0x4052e4,1,60,21,39,38,20.000000,0,0,0.031249,1.200000,0.800000,mba,0,,0,0,-1,-1,-1,-1,-1,-1,-1,-1,-1,-1,-1,-1
7600,4,1900,4,16,16,272500.802709,272500.827322,0.024613,0x4052e4,1,242,128,114,40,30.000000,0,0,0.031249,1.200000,0.800000,mba,0,,0,0,-1,-1,-1,-1,-1,-1,-1,-1,-1,-1,-1,-1
7600,4,1900,5,16,16,272500.803032,272500.828893,0.025861,0x4052e4,1,167,90,77,42,30.000000,0,0,0.031249,1.200000,0.800000,mba,0,,0,0,-1,-1,-1,-1,-1,-1,-1,-1,-1,-1,-1,-1
7600,4,1900,6,16,16,272500.802786,272500.827015,0.024229,0x4052e4,1,316,151,165,44,30.000000,0,0,0.031249,1.200000,0.800000,mba,0,,0,0,-1,-1,-1,-1,-1,-1,-1,-1,-1,-1,-1,-1
7600,4,1900,7,16,16,272500.802152,272500.826414,0.024262,0x4052e4,1,286,150,136,46,30.000000,0,0,0.031249,1.200000,0.800000,mba,0,,0,0,-1,-1,-1,-1,-1,-1,-1,-1,-1,-1,-1,-1
7600,4,1900,8,16,16,272500.802681,272500.828026,0.025345,0x4052e4,1,413,216,197,16,40.000000,0,0,0.031249,1.200000,0.800000,mba,0,,0,0,-1,-1,-1,-1,-1,-1,-1,-1,-1,-1,-1,-1
7600,4,1900,9,16,16,272500.802090,272500.827248,0.025158,0x4052e4,1,445,157,288,18,30.000000,0,0,0.031249,1.200000,0.800000,mba,0,,0,0,-1,-1,-1,-1,-1,-1,-1,-1,-1,-1,-1,-1
7600,4,1900,10,16,16,272500.802643,272500.826795,0.024152,0x4052e4,1,365,139,226,52,30.000000,0,0,0.031249,1.200000,0.800000,mba,0,,0,0,-1,-1,-1,-1,-1,-1,-1,-1,-1,-1,-1,-1
7600,4,1900,11,16,16,272500.802791,272500.826988,0.024197,0x4052e4,1,300,164,136,54,30.000000,0,0,0.031249,1.200000,0.800000,mba,0,,0,0,-1,-1,-1,-1,-1,-1,-1,-1,-1,-1,-1,-1
7600,4,1900,12,16,16,272500.802225,272500.823894,0.021669,0x4052e4,1,131,65,66,24,20.000000,0,0,0.031249,1.200000,0.800000,mba,0,,0,0,-1,-1,-1,-1,-1,-1,-1,-1,-1,-1,-1,-1
7600,4,1900,13,16,16,272500.801835,272500.823561,0.021726,0x4052e4,1,47,13,34,58,20.000000,0,0,0.031249,1.200000,0.800000,mba,0,,0,0,-1,-1,-1,-1,-1,-1,-1,-1,-1,-1,-1,-1
7600,4,1900,14,16,16,272500.803078,272500.824788,0.021710,0x4052e4,1,63,27,36,60,20.000000,0,0,0.031249,1.200000,0.800000,mba,0,,0,0,-1,-1,-1,-1,-1,-1,-1,-1,-1,-1,-1,-1
7600,4,1900,15,16,16,272500.803368,272500.825242,0.021874,0x4052e4,1,185,100,85,62,20.000000,0,0,0.031249,1.200000,0.800000,mba,0,,0,0,-1,-1,-1,-1,-1,-1,-1,-1,-1,-1,-1,-1
7601,5,1900,0,16,16,272500.892075,272500.913919,0.021844,0x40533c,1,17,0,17,32,40.000000,0,0,0.034182,1.200000,0.800000,mba,0,,0,0,-1,-1,-1,-1,-1,-1,-1,-1,-1,-1,-1,-1
7601,5,1900,1,16,16,272500.891634,272500.913274,0.021640,0x40533c,1,48,9,39,34,40.000000,0,0,0.034182,1.200000,0.800000,mba,0,,0,0,-1,-1,-1,-1,-1,-1,-1,-1,-1,-1,-1,-1
7601,5,1900,2,16,16,272500.890008,272500.912105,0.022097,0x40533c,1,67,16,51,36,40.000000,0,0,0.034182,1.200000,0.800000,mba,0,,0,0,-1,-1,-1,-1,-1,-1,-1,-1,-1,-1,-1,-1
7601,5,1900,3,16,16,272500.891884,272500.913844,0.021960,0x40533c,1,57,11,46,38,40.000000,0,0,0.034182,1.200000,0.800000,mba,0,,0,0,-1,-1,-1,-1,-1,-1,-1,-1,-1,-1,-1,-1
7601,5,1900,4,16,16,272500.892056,272500.917756,0.025700,0x40533c,1,448,160,288,40,80.000000,0,0,0.034182,1.200000,0.800000,mba,0,,0,0,-1,-1,-1,-1,-1,-1,-1,-1,-1,-1,-1,-1
7601,5,1900,5,16,16,272500.891761,272500.918246,0.026485,0x40533c,1,107,34,73,42,80.000000,0,0,0.034182,1.200000,0.800000,mba,0,,0,0,-1,-1,-1,-1,-1,-1,-1,-1,-1,-1,-1,-1
7601,5,1900,6,16,16,272500.891546,272500.916291,0.024745,0x40533c,1,414,136,278,44,80.000000,0,0,0.034182,1.200000,0.800000,mba,0,,0,0,-1,-1,-1,-1,-1,-1,-1,-1,-1,-1,-1,-1
7601,5,1900,7,16,16,272500.890888,272500.915871,0.024983,0x40533c,1,507,197,310,46,80.000000,0,0,0.034182,1.200000,0.800000,mba,0,,0,0,-1,-1,-1,-1,-1,-1,-1,-1,-1,-1,-1,-1
7601,5,1900,8,16,16,272500.892377,272500.917805,0.025428,0x40533c,1,465,146,319,16,80.000000,0,0,0.034182,1.200000,0.800000,mba,0,,0,0,-1,-1,-1,-1,-1,-1,-1,-1,-1,-1,-1,-1
7601,5,1900,9,16,16,272500.892177,272500.917657,0.025480,0x40533c,1,422,131,291,18,100.000000,0,0,0.034182,1.200000,0.800000,mba,0,,0,0,-1,-1,-1,-1,-1,-1,-1,-1,-1,-1,-1,-1
7601,5,1900,10,16,16,272500.892186,272500.924190,0.032004,0x40533c,1,229,20,209,52,80.000000,0,0,0.034182,1.200000,0.800000,mba,0,,0,0,-1,-1,-1,-1,-1,-1,-1,-1,-1,-1,-1,-1
7601,5,1900,11,16,16,272500.891057,272500.916309,0.025252,0x40533c,1,625,102,523,54,80.000000,0,0,0.034182,1.200000,0.800000,mba,0,,0,0,-1,-1,-1,-1,-1,-1,-1,-1,-1,-1,-1,-1
7601,5,1900,12,16,16,272500.891336,272500.912924,0.021588,0x40533c,1,102,26,76,24,40.000000,0,0,0.034182,1.200000,0.800000,mba,0,,0,0,-1,-1,-1,-1,-1,-1,-1,-1,-1,-1,-1,-1
7601,5,1900,13,16,16,272500.890579,272500.912179,0.021600,0x40533c,1,34,4,30,58,40.000000,0,0,0.034182,1.200000,0.800000,mba,0,,0,0,-1,-1,-1,-1,-1,-1,-1,-1,-1,-1,-1,-1
7601,5,1900,14,16,16,272500.890906,272500.912518,0.021612,0x40533c,1,33,7,26,60,40.000000,0,0,0.034182,1.200000,0.800000,mba,0,,0,0,-1,-1,-1,-1,-1,-1,-1,-1,-1,-1,-1,-1
7601,5,1900,15,16,16,272500.890542,272500.912645,0.022103,0x40533c,1,109,40,69,62,40.000000,0,0,0.034182,1.200000,0.800000,mba,0,,0,0,-1,-1,-1,-1,-1,-1,-1,-1,-1,-1,-1,-1
7998,2,2000,0,16,16,281526.448147,281616.569914,58.696233,0x4051ce,1,6681769,2779751,3902018,32,40.000000,1,1,90.628377,1.200000,0.800000,mba,0,,1,1,20275200,18382848,5767168,2505678602240,2506392829952,650788864,2505678692352,2506392829952,650428416,-1,-1,-1
7998,2,2000,1,16,16,281526.417800,281616.730917,63.786249,0x4051ce,1,7636077,3170956,4465121,34,40.000000,1,1,90.628377,1.200000,0.800000,mba,0,,1,1,20185088,18563072,14057472,2505678422016,2506393460736,680976384,2505678422016,2506393460736,680976384,-1,-1,-1
7998,2,2000,2,16,16,281526.358600,281616.844186,78.187652,0x4051ce,1,7635065,6797528,837537,36,60.000000,1,1,90.628377,1.200000,0.800000,mba,0,,1,1,1171456,6127616,58753024,52917821440,55523139584,2575851520,52918091776,55523139584,2575671296,-1,-1,-1
7998,2,2000,3,16,16,281526.331110,281616.903181,81.479928,0x4051ce,1,7622545,7183925,438620,38,60.000000,1,1,90.628377,1.200000,0.800000,mba,0,,1,1,1171456,6127616,49381376,52917280768,55523500032,2601172992,52917460992,55523500032,2597928960,-1,-1,-1
7998,2,2000,4,16,16,281526.392335,281616.818337,84.523068,0x4051ce,1,9794885,7427241,2367644,40,100.000000,1,1,90.628377,1.200000,0.800000,mba,0,,1,1,43253760,45236224,540672,16331279630336,16335979421696,4694745088,16331279720448,16335979421696,4684201984,-1,-1,-1
7998,2,2000,5,16,16,281526.425803,281616.767175,83.987731,0x4051ce,1,10319533,7695504,2624029,42,100.000000,1,1,90.628377,1.200000,0.800000,mba,0,,1,1,43704320,44515328,-811008,16331279900672,16335979241472,4689428480,16331280261120,16335979331584,4685463552,-1,-1,-1
7998,2,2000,6,16,16,281526.405668,281616.755952,82.082459,0x4051ce,1,10118708,7486125,2632583,44,100.000000,1,1,90.628377,1.200000,0.800000,mba,0,,1,1,43343872,44064768,-1351680,16331279720448,16335978790912,4620312576,16331279720448,16335979061248,4621754368,-1,-1,-1
7998,2,2000,7,16,16,281526.430649,281616.803203,83.969124,0x4051ce,1,10400905,7546787,2854118,46,100.000000,1,1,90.628377,1.200000,0.800000,mba,0,,1,1,44064768,45056000,270336,16331280080896,16335979331584,4691230720,16331280801792,16335979421696,4684652544,-1,-1,-1
7998,2,2000,8,16,16,281526.388258,281616.767106,83.250836,0x4051ce,1,10402450,7475606,2926844,16,100.000000,1,1,90.628377,1.200000,0.800000,mba,0,,1,1,43163648,44515328,-901120,16331279540224,16335979241472,4673658880,16331279720448,16335979331584,4673658880,-1,-1,-1
7998,2,2000,9,16,16,281526.402839,281616.738072,81.116098,0x4051ce,1,10133562,7371549,2762013,18,100.000000,1,1,90.628377,1.200000,0.800000,mba,0,,1,1,43433984,43704320,-1712128,16331279720448,16335977799680,4559396864,16331279720448,16335978340352,4565344256,-1,-1,-1
7998,2,2000,10,16,16,281526.440167,281616.774050,82.658810,0x4051ce,1,10381194,7594882,2786312,52,100.000000,1,1,90.628377,1.200000,0.800000,mba,0,,1,1,44154880,44605440,-811008,16331280801792,16335979241472,4649238528,16331281072128,16335979331584,4649238528,-1,-1,-1
7998,2,2000,11,16,16,281526.432668,281616.765945,83.232085,0x4051ce,1,10365877,7522327,2843550,54,100.000000,1,1,90.628377,1.200000,0.800000,mba,0,,1,1,43614208,44515328,-901120,16331279720448,16335979061248,4672667648,16331279900672,16335979331584,4670955520,-1,-1,-1
7998,2,2000,12,16,16,281526.274804,281616.755132,77.065481,0x4051ce,1,7671180,6614033,1057147,24,60.000000,1,1,90.628377,1.200000,0.800000,mba,0,,1,1,1081344,5947392,57131008,52917100544,55520436224,2544312320,52917100544,55520886784,2547195904,-1,-1,-1
7998,2,2000,13,16,16,281526.329845,281616.855752,78.579739,0x4051ce,1,7655791,6735884,919907,58,60.000000,1,1,90.628377,1.200000,0.800000,mba,0,,1,1,1171456,6127616,57671680,52917280768,55523319808,2583420928,52917460992,55523319808,2583601152,-1,-1,-1
7998,2,2000,14,16,16,281526.300905,281616.823398,78.433859,0x4051ce,1,7655056,6708255,946801,60,60.000000,1,1,90.628377,1.200000,0.800000,mba,0,,1,1,1171456,6127616,56680448,52917100544,55522959360,2582790144,52917100544,55523049472,2583601152,-1,-1,-1
7998,2,2000,15,16,16,281526.345580,281616.863608,72.771325,0x4051ce,1,7682978,3593266,4089712,62,40.000000,1,1,90.628377,1.200000,0.800000,mba,0,,1,1,19734528,18022400,3514368,2505677971456,2506393821184,712155136,2505677971456,2506393821184,711434240,-1,-1,-1
7999,3,2000,0,16,16,281617.031459,281617.154392,0.122933,0x405218,1,6373,1682,4691,32,20.000000,0,0,0.193818,1.200000,0.800000,mba,0,,0,0,-1,-1,-1,-1,-1,-1,-1,-1,-1,-1,-1,-1
7999,3,2000,1,16,16,281617.031454,281617.140211,0.108757,0x405218,1,6456,1454,5002,34,20.000000,0,0,0.193818,1.200000,0.800000,mba,0,,0,0,-1,-1,-1,-1,-1,-1,-1,-1,-1,-1,-1,-1
7999,3,2000,2,16,16,281617.031417,281617.170254,0.138837,0x405218,1,5352,3105,2247,36,20.000000,0,0,0.193818,1.200000,0.800000,mba,0,,0,0,-1,-1,-1,-1,-1,-1,-1,-1,-1,-1,-1,-1
7999,3,2000,3,16,16,281617.031182,281617.172040,0.140858,0x405218,1,3936,3108,828,38,20.000000,0,0,0.193818,1.200000,0.800000,mba,0,,0,0,-1,-1,-1,-1,-1,-1,-1,-1,-1,-1,-1,-1
7999,3,2000,4,16,16,281617.031652,281617.224461,0.192809,0x405218,1,7845,3710,4135,40,100.000000,0,0,0.193818,1.200000,0.800000,mba,0,,0,0,-1,-1,-1,-1,-1,-1,-1,-1,-1,-1,-1,-1
7999,3,2000,5,16,16,281617.031396,281617.211433,0.180037,0x405218,1,8792,4458,4334,42,100.000000,0,0,0.193818,1.200000,0.800000,mba,0,,0,0,-1,-1,-1,-1,-1,-1,-1,-1,-1,-1,-1,-1
7999,3,2000,6,16,16,281617.031823,281617.204751,0.172928,0x405218,1,8700,4149,4551,44,80.000000,0,0,0.193818,1.200000,0.800000,mba,0,,0,0,-1,-1,-1,-1,-1,-1,-1,-1,-1,-1,-1,-1
7999,3,2000,7,16,16,281617.031500,281617.202669,0.171169,0x405218,1,9025,4290,4735,46,100.000000,0,0,0.193818,1.200000,0.800000,mba,0,,0,0,-1,-1,-1,-1,-1,-1,-1,-1,-1,-1,-1,-1
7999,3,2000,8,16,16,281617.031473,281617.210801,0.179328,0x405218,1,8921,4478,4443,16,100.000000,0,0,0.193818,1.200000,0.800000,mba,0,,0,0,-1,-1,-1,-1,-1,-1,-1,-1,-1,-1,-1,-1
7999,3,2000,9,16,16,281617.032311,281617.204903,0.172592,0x405218,1,8874,4339,4535,18,100.000000,0,0,0.193818,1.200000,0.800000,mba,0,,0,0,-1,-1,-1,-1,-1,-1,-1,-1,-1,-1,-1,-1
7999,3,2000,10,16,16,281617.031346,281617.208495,0.177149,0x405218,1,8965,4445,4520,52,100.000000,0,0,0.193818,1.200000,0.800000,mba,0,,0,0,-1,-1,-1,-1,-1,-1,-1,-1,-1,-1,-1,-1
7999,3,2000,11,16,16,281617.031934,281617.200134,0.168200,0x405218,1,8739,4264,4475,54,100.000000,0,0,0.193818,1.200000,0.800000,mba,0,,0,0,-1,-1,-1,-1,-1,-1,-1,-1,-1,-1,-1,-1
7999,3,2000,12,16,16,281617.030643,281617.179619,0.148976,0x405218,1,4687,3477,1210,24,30.000000,0,0,0.193818,1.200000,0.800000,mba,0,,0,0,-1,-1,-1,-1,-1,-1,-1,-1,-1,-1,-1,-1
7999,3,2000,13,16,16,281617.031251,281617.183545,0.152294,0x405218,1,4705,3943,762,58,30.000000,0,0,0.193818,1.200000,0.800000,mba,0,,0,0,-1,-1,-1,-1,-1,-1,-1,-1,-1,-1,-1,-1
7999,3,2000,14,16,16,281617.030853,281617.185259,0.154406,0x405218,1,4842,3797,1045,60,30.000000,0,0,0.193818,1.200000,0.800000,mba,0,,0,0,-1,-1,-1,-1,-1,-1,-1,-1,-1,-1,-1,-1
7999,3,2000,15,16,16,281617.031918,281617.146841,0.114923,0x405218,1,5705,2163,3542,62,20.000000,0,0,0.193818,1.200000,0.800000,mba,0,,0,0,-1,-1,-1,-1,-1,-1,-1,-1,-1,-1,-1,-1
8000,4,2000,0,16,16,281617.566463,281617.594303,0.027840,0x4052e4,1,1933,354,1579,32,100.000000,0,0,0.031600,1.200000,0.800000,mba,0,,0,0,-1,-1,-1,-1,-1,-1,-1,-1,-1,-1,-1,-1
8000,4,2000,1,16,16,281617.564301,281617.587038,0.022737,0x4052e4,1,355,97,258,34,30.000000,0,0,0.031600,1.200000,0.800000,mba,0,,0,0,-1,-1,-1,-1,-1,-1,-1,-1,-1,-1,-1,-1
8000,4,2000,2,16,16,281617.564155,281617.586707,0.022552,0x4052e4,1,182,66,116,36,30.000000,0,0,0.031600,1.200000,0.800000,mba,0,,0,0,-1,-1,-1,-1,-1,-1,-1,-1,-1,-1,-1,-1
8000,4,2000,3,16,16,281617.562782,281617.584624,0.021842,0x4052e4,1,65,23,42,38,30.000000,0,0,0.031600,1.200000,0.800000,mba,0,,0,0,-1,-1,-1,-1,-1,-1,-1,-1,-1,-1,-1,-1
8000,4,2000,4,16,16,281617.564032,281617.588403,0.024371,0x4052e4,1,130,54,76,40,30.000000,0,0,0.031600,1.200000,0.800000,mba,0,,0,0,-1,-1,-1,-1,-1,-1,-1,-1,-1,-1,-1,-1
8000,4,2000,5,16,16,281617.563311,281617.587794,0.024483,0x4052e4,1,275,167,108,42,30.000000,0,0,0.031600,1.200000,0.800000,mba,0,,0,0,-1,-1,-1,-1,-1,-1,-1,-1,-1,-1,-1,-1
8000,4,2000,6,16,16,281617.562703,281617.586644,0.023941,0x4052e4,1,276,151,125,44,30.000000,0,0,0.031600,1.200000,0.800000,mba,0,,0,0,-1,-1,-1,-1,-1,-1,-1,-1,-1,-1,-1,-1
8000,4,2000,7,16,16,281617.564520,281617.589243,0.024723,0x4052e4,1,276,154,122,46,30.000000,0,0,0.031600,1.200000,0.800000,mba,0,,0,0,-1,-1,-1,-1,-1,-1,-1,-1,-1,-1,-1,-1
8000,4,2000,8,16,16,281617.563456,281617.588047,0.024591,0x4052e4,1,325,137,188,16,40.000000,0,0,0.031600,1.200000,0.800000,mba,0,,0,0,-1,-1,-1,-1,-1,-1,-1,-1,-1,-1,-1,-1
8000,4,2000,9,16,16,281617.564004,281617.588692,0.024688,0x4052e4,1,465,169,296,18,40.000000,0,0,0.031600,1.200000,0.800000,mba,0,,0,0,-1,-1,-1,-1,-1,-1,-1,-1,-1,-1,-1,-1
8000,4,2000,10,16,16,281617.564657,281617.589166,0.024509,0x4052e4,1,391,143,248,52,30.000000,0,0,0.031600,1.200000,0.800000,mba,0,,0,0,-1,-1,-1,-1,-1,-1,-1,-1,-1,-1,-1,-1
8000,4,2000,11,16,16,281617.562896,281617.587521,0.024625,0x4052e4,1,339,145,194,54,30.000000,0,0,0.031600,1.200000,0.800000,mba,0,,0,0,-1,-1,-1,-1,-1,-1,-1,-1,-1,-1,-1,-1
8000,4,2000,12,16,16,281617.563389,281617.585321,0.021932,0x4052e4,1,65,16,49,24,30.000000,0,0,0.031600,1.200000,0.800000,mba,0,,0,0,-1,-1,-1,-1,-1,-1,-1,-1,-1,-1,-1,-1
8000,4,2000,13,16,16,281617.564501,281617.586252,0.021751,0x4052e4,1,38,5,33,58,20.000000,0,0,0.031600,1.200000,0.800000,mba,0,,0,0,-1,-1,-1,-1,-1,-1,-1,-1,-1,-1,-1,-1
8000,4,2000,14,16,16,281617.563706,281617.585542,0.021836,0x4052e4,1,70,25,45,60,30.000000,0,0,0.031600,1.200000,0.800000,mba,0,,0,0,-1,-1,-1,-1,-1,-1,-1,-1,-1,-1,-1,-1
8000,4,2000,15,16,16,281617.563960,281617.585848,0.021888,0x4052e4,1,207,97,110,62,30.000000,0,0,0.031600,1.200000,0.800000,mba,0,,0,0,-1,-1,-1,-1,-1,-1,-1,-1,-1,-1,-1,-1
8001,5,2000,0,16,16,281617.653075,281617.674838,0.021763,0x40533c,1,20,2,18,32,40.000000,0,0,0.027886,1.200000,0.800000,mba,0,,0,0,-1,-1,-1,-1,-1,-1,-1,-1,-1,-1,-1,-1
8001,5,2000,1,16,16,281617.652980,281617.674513,0.021533,0x40533c,1,39,5,34,34,40.000000,0,0,0.027886,1.200000,0.800000,mba,0,,0,0,-1,-1,-1,-1,-1,-1,-1,-1,-1,-1,-1,-1
8001,5,2000,2,16,16,281617.651617,281617.673518,0.021901,0x40533c,1,76,12,64,36,40.000000,0,0,0.027886,1.200000,0.800000,mba,0,,0,0,-1,-1,-1,-1,-1,-1,-1,-1,-1,-1,-1,-1
8001,5,2000,3,16,16,281617.653673,281617.675279,0.021606,0x40533c,1,33,6,27,38,40.000000,0,0,0.027886,1.200000,0.800000,mba,0,,0,0,-1,-1,-1,-1,-1,-1,-1,-1,-1,-1,-1,-1
8001,5,2000,4,16,16,281617.653783,281617.679120,0.025337,0x40533c,1,129,63,66,40,80.000000,0,0,0.027886,1.200000,0.800000,mba,0,,0,0,-1,-1,-1,-1,-1,-1,-1,-1,-1,-1,-1,-1
8001,5,2000,5,16,16,281617.652440,281617.677877,0.025437,0x40533c,1,471,193,278,42,80.000000,0,0,0.027886,1.200000,0.800000,mba,0,,0,0,-1,-1,-1,-1,-1,-1,-1,-1,-1,-1,-1,-1
8001,5,2000,6,16,16,281617.652492,281617.677796,0.025304,0x40533c,1,471,141,330,44,80.000000,0,0,0.027886,1.200000,0.800000,mba,0,,0,0,-1,-1,-1,-1,-1,-1,-1,-1,-1,-1,-1,-1
8001,5,2000,7,16,16,281617.652720,281617.677346,0.024626,0x40533c,1,438,156,282,46,80.000000,0,0,0.027886,1.200000,0.800000,mba,0,,0,0,-1,-1,-1,-1,-1,-1,-1,-1,-1,-1,-1,-1
8001,5,2000,8,16,16,281617.653999,281617.679503,0.025504,0x40533c,1,371,91,280,16,80.000000,0,0,0.027886,1.200000,0.800000,mba,0,,0,0,-1,-1,-1,-1,-1,-1,-1,-1,-1,-1,-1,-1
8001,5,2000,9,16,16,281617.653754,281617.678303,0.024549,0x40533c,1,367,94,273,18,100.000000,0,0,0.027886,1.200000,0.800000,mba,0,,0,0,-1,-1,-1,-1,-1,-1,-1,-1,-1,-1,-1,-1
8001,5,2000,10,16,16,281617.653631,281617.678868,0.025237,0x40533c,1,427,53,374,52,80.000000,0,0,0.027886,1.200000,0.800000,mba,0,,0,0,-1,-1,-1,-1,-1,-1,-1,-1,-1,-1,-1,-1
8001,5,2000,11,16,16,281617.653767,281617.679243,0.025476,0x40533c,1,510,79,431,54,80.000000,0,0,0.027886,1.200000,0.800000,mba,0,,0,0,-1,-1,-1,-1,-1,-1,-1,-1,-1,-1,-1,-1
8001,5,2000,12,16,16,281617.653266,281617.674897,0.021631,0x40533c,1,17,0,17,24,40.000000,0,0,0.027886,1.200000,0.800000,mba,0,,0,0,-1,-1,-1,-1,-1,-1,-1,-1,-1,-1,-1,-1
8001,5,2000,13,16,16,281617.653049,281617.674597,0.021548,0x40533c,1,33,3,30,58,40.000000,0,0,0.027886,1.200000,0.800000,mba,0,,0,0,-1,-1,-1,-1,-1,-1,-1,-1,-1,-1,-1,-1
8001,5,2000,14,16,16,281617.653436,281617.675035,0.021599,0x40533c,1,33,16,17,60,40.000000,0,0,0.027886,1.200000,0.800000,mba,0,,0,0,-1,-1,-1,-1,-1,-1,-1,-1,-1,-1,-1,-1
8001,5,2000,15,16,16,281617.652196,281617.673976,0.021780,0x40533c,1,74,28,46,62,40.000000,0,0,0.027886,1.200000,0.800000,mba,0,,0,0,-1,-1,-1,-1,-1,-1,-1,-1,-1,-1,-1,-1
