parallel_id,region_id,region_exec,thread_id,team_size,requested_threads,start_ms,end_ms,elapsed_ms,codeptr,pmu_valid,pmu_llc_references,pmu_llc_misses,pmu_llc_hits,cpu_id,target_mb_percent,resource_applied,resctrl_enabled,region_wall_ms,resctrl_enable_ms,resctrl_disable_ms,resource_kind,target_l3_ways,target_l3_mask,mon_valid,mon_l3_domains,mon_start_llc_occupancy_bytes,mon_end_llc_occupancy_bytes,mon_llc_occupancy_delta_bytes,mon_start_mbm_total_bytes,mon_end_mbm_total_bytes,mon_mbm_total_delta_bytes,mon_start_mbm_local_bytes,mon_end_mbm_local_bytes,mon_mbm_local_delta_bytes,mon_start_mbm_remote_bytes,mon_end_mbm_remote_bytes,mon_mbm_remote_delta_bytes
1,1,1,0,16,16,2580.963493,2588.052044,7.088551,0x404957,1,75383,74528,855,0,100.000000,0,0,7.108499,1.200000,0.800000,mba,0,,0,0,-1,-1,-1,-1,-1,-1,-1,-1,-1,-1,-1,-1
1,1,1,1,16,16,2580.983161,2585.706385,4.723224,0x404957,1,75207,73714,1493,34,100.000000,0,0,7.108499,1.200000,0.800000,mba,0,,0,0,-1,-1,-1,-1,-1,-1,-1,-1,-1,-1,-1,-1
1,1,1,2,16,16,2580.983153,2587.487927,6.504774,0x404957,1,75108,73913,1195,36,100.000000,0,0,7.108499,1.200000,0.800000,mba,0,,0,0,-1,-1,-1,-1,-1,-1,-1,-1,-1,-1,-1,-1
1,1,1,3,16,16,2581.045996,2586.291579,5.245583,0x404957,1,75052,73919,1133,38,100.000000,0,0,7.108499,1.200000,0.800000,mba,0,,0,0,-1,-1,-1,-1,-1,-1,-1,-1,-1,-1,-1,-1
1,1,1,4,16,16,2581.050741,2586.064239,5.013498,0x404957,1,75386,74237,1149,8,100.000000,0,0,7.108499,1.200000,0.800000,mba,0,,0,0,-1,-1,-1,-1,-1,-1,-1,-1,-1,-1,-1,-1
1,1,1,5,16,16,2580.983161,2585.958683,4.975522,0x404957,1,75481,74270,1211,10,100.000000,0,0,7.108499,1.200000,0.800000,mba,0,,0,0,-1,-1,-1,-1,-1,-1,-1,-1,-1,-1,-1,-1
1,1,1,6,16,16,2581.067223,2588.071992,7.004769,0x404957,1,75248,74134,1114,12,100.000000,0,0,7.108499,1.200000,0.800000,mba,0,,0,0,-1,-1,-1,-1,-1,-1,-1,-1,-1,-1,-1,-1
1,1,1,7,16,16,2581.359899,2587.056650,5.696751,0x404957,1,75271,74077,1194,46,100.000000,0,0,7.108499,1.200000,0.800000,mba,0,,0,0,-1,-1,-1,-1,-1,-1,-1,-1,-1,-1,-1,-1
1,1,1,8,16,16,2581.058683,2585.760524,4.701841,0x404957,1,75373,74176,1197,16,100.000000,0,0,7.108499,1.200000,0.800000,mba,0,,0,0,-1,-1,-1,-1,-1,-1,-1,-1,-1,-1,-1,-1
1,1,1,9,16,16,2581.058586,2586.073145,5.014559,0x404957,1,75256,74083,1173,18,100.000000,0,0,7.108499,1.200000,0.800000,mba,0,,0,0,-1,-1,-1,-1,-1,-1,-1,-1,-1,-1,-1,-1
1,1,1,10,16,16,2581.025985,2587.870888,6.844903,0x404957,1,75162,73923,1239,20,100.000000,0,0,7.108499,1.200000,0.800000,mba,0,,0,0,-1,-1,-1,-1,-1,-1,-1,-1,-1,-1,-1,-1
1,1,1,11,16,16,2581.372849,2587.970336,6.597487,0x404957,1,75348,74093,1255,54,100.000000,0,0,7.108499,1.200000,0.800000,mba,0,,0,0,-1,-1,-1,-1,-1,-1,-1,-1,-1,-1,-1,-1
1,1,1,12,16,16,2581.350725,2587.075442,5.724717,0x404957,1,75305,74046,1259,56,100.000000,0,0,7.108499,1.200000,0.800000,mba,0,,0,0,-1,-1,-1,-1,-1,-1,-1,-1,-1,-1,-1,-1
1,1,1,13,16,16,2581.389798,2586.153771,4.763973,0x404957,1,75549,74338,1211,26,100.000000,0,0,7.108499,1.200000,0.800000,mba,0,,0,0,-1,-1,-1,-1,-1,-1,-1,-1,-1,-1,-1,-1
1,1,1,14,16,16,2581.093767,2587.871160,6.777393,0x404957,1,75326,73971,1355,28,100.000000,0,0,7.108499,1.200000,0.800000,mba,0,,0,0,-1,-1,-1,-1,-1,-1,-1,-1,-1,-1,-1,-1
1,1,1,15,16,16,2581.292555,2585.786269,4.493714,0x404957,1,75289,74083,1206,62,100.000000,0,0,7.108499,1.200000,0.800000,mba,0,,0,0,-1,-1,-1,-1,-1,-1,-1,-1,-1,-1,-1,-1
2,2,1,0,16,16,2600.552164,2663.288319,45.381195,0x4051ce,1,6132309,1802161,4330148,0,100.000000,0,0,63.124172,1.200000,0.800000,mba,0,,0,0,-1,-1,-1,-1,-1,-1,-1,-1,-1,-1,-1,-1
2,2,1,1,16,16,2600.547330,2663.285395,47.191209,0x4051ce,1,7949591,2158257,5791334,34,100.000000,0,0,63.124172,1.200000,0.800000,mba,0,,0,0,-1,-1,-1,-1,-1,-1,-1,-1,-1,-1,-1,-1
2,2,1,2,16,16,2600.547936,2663.546297,51.098107,0x4051ce,1,8031528,3243317,4788211,36,100.000000,0,0,63.124172,1.200000,0.800000,mba,0,,0,0,-1,-1,-1,-1,-1,-1,-1,-1,-1,-1,-1,-1
2,2,1,3,16,16,2600.548041,2663.581038,52.932995,0x4051ce,1,8024111,3601068,4423043,38,100.000000,0,0,63.124172,1.200000,0.800000,mba,0,,0,0,-1,-1,-1,-1,-1,-1,-1,-1,-1,-1,-1,-1
2,2,1,4,16,16,2600.547550,2663.580529,54.589757,0x4051ce,1,8092831,3923048,4169783,8,100.000000,0,0,63.124172,1.200000,0.800000,mba,0,,0,0,-1,-1,-1,-1,-1,-1,-1,-1,-1,-1,-1,-1
2,2,1,5,16,16,2600.547110,2663.534124,54.694419,0x4051ce,1,8005591,4201226,3804365,10,100.000000,0,0,63.124172,1.200000,0.800000,mba,0,,0,0,-1,-1,-1,-1,-1,-1,-1,-1,-1,-1,-1,-1
2,2,1,6,16,16,2600.547554,2663.634795,61.735121,0x4051ce,1,7889241,6434752,1454489,12,100.000000,0,0,63.124172,1.200000,0.800000,mba,0,,0,0,-1,-1,-1,-1,-1,-1,-1,-1,-1,-1,-1,-1
2,2,1,7,16,16,2600.549073,2663.653139,62.602851,0x4051ce,1,7873761,6510167,1363594,46,100.000000,0,0,63.124172,1.200000,0.800000,mba,0,,0,0,-1,-1,-1,-1,-1,-1,-1,-1,-1,-1,-1,-1
2,2,1,8,16,16,2600.547449,2663.670441,62.499993,0x4051ce,1,7873444,6593702,1279742,16,100.000000,0,0,63.124172,1.200000,0.800000,mba,0,,0,0,-1,-1,-1,-1,-1,-1,-1,-1,-1,-1,-1,-1
2,2,1,9,16,16,2600.547640,2663.638484,62.316889,0x4051ce,1,7838869,6588102,1250767,18,100.000000,0,0,63.124172,1.200000,0.800000,mba,0,,0,0,-1,-1,-1,-1,-1,-1,-1,-1,-1,-1,-1,-1
2,2,1,10,16,16,2600.547353,2663.622670,61.503256,0x4051ce,1,7857727,6401741,1455986,20,100.000000,0,0,63.124172,1.200000,0.800000,mba,0,,0,0,-1,-1,-1,-1,-1,-1,-1,-1,-1,-1,-1,-1
2,2,1,11,16,16,2600.546269,2663.658480,62.199611,0x4051ce,1,7879224,6527544,1351680,54,100.000000,0,0,63.124172,1.200000,0.800000,mba,0,,0,0,-1,-1,-1,-1,-1,-1,-1,-1,-1,-1,-1,-1
2,2,1,12,16,16,2600.547222,2663.644123,62.005116,0x4051ce,1,7902788,6341786,1561002,56,100.000000,0,0,63.124172,1.200000,0.800000,mba,0,,0,0,-1,-1,-1,-1,-1,-1,-1,-1,-1,-1,-1,-1
2,2,1,13,16,16,2600.547395,2663.667313,62.109762,0x4051ce,1,7890220,6449687,1440533,26,100.000000,0,0,63.124172,1.200000,0.800000,mba,0,,0,0,-1,-1,-1,-1,-1,-1,-1,-1,-1,-1,-1,-1
2,2,1,14,16,16,2600.547260,2663.560593,56.734518,0x4051ce,1,8013581,4563002,3450579,28,100.000000,0,0,63.124172,1.200000,0.800000,mba,0,,0,0,-1,-1,-1,-1,-1,-1,-1,-1,-1,-1,-1,-1
2,2,1,15,16,16,2600.548168,2663.595572,53.564764,0x4051ce,1,7883650,3744206,4139444,62,100.000000,0,0,63.124172,1.200000,0.800000,mba,0,,0,0,-1,-1,-1,-1,-1,-1,-1,-1,-1,-1,-1,-1
3,3,1,0,16,16,2663.755374,2663.852311,0.096937,0x405218,1,5979,2482,3497,0,100.000000,0,0,0.172008,1.200000,0.800000,mba,0,,0,0,-1,-1,-1,-1,-1,-1,-1,-1,-1,-1,-1,-1
3,3,1,1,16,16,2663.756030,2663.854116,0.098086,0x405218,1,6661,2102,4559,34,100.000000,0,0,0.172008,1.200000,0.800000,mba,0,,0,0,-1,-1,-1,-1,-1,-1,-1,-1,-1,-1,-1,-1
3,3,1,2,16,16,2663.756563,2663.853430,0.096867,0x405218,1,6302,2270,4032,36,100.000000,0,0,0.172008,1.200000,0.800000,mba,0,,0,0,-1,-1,-1,-1,-1,-1,-1,-1,-1,-1,-1,-1
3,3,1,3,16,16,2663.756548,2663.859624,0.103076,0x405218,1,6342,2101,4241,38,100.000000,0,0,0.172008,1.200000,0.800000,mba,0,,0,0,-1,-1,-1,-1,-1,-1,-1,-1,-1,-1,-1,-1
3,3,1,4,16,16,2663.755577,2663.867357,0.111780,0x405218,1,5793,2662,3131,8,100.000000,0,0,0.172008,1.200000,0.800000,mba,0,,0,0,-1,-1,-1,-1,-1,-1,-1,-1,-1,-1,-1,-1
3,3,1,5,16,16,2663.755726,2663.874085,0.118359,0x405218,1,5657,2565,3092,10,100.000000,0,0,0.172008,1.200000,0.800000,mba,0,,0,0,-1,-1,-1,-1,-1,-1,-1,-1,-1,-1,-1,-1
3,3,1,6,16,16,2663.756026,2663.887341,0.131315,0x405218,1,5611,3926,1685,12,100.000000,0,0,0.172008,1.200000,0.800000,mba,0,,0,0,-1,-1,-1,-1,-1,-1,-1,-1,-1,-1,-1,-1
3,3,1,7,16,16,2663.756710,2663.926796,0.170086,0x405218,1,5563,3727,1836,46,100.000000,0,0,0.172008,1.200000,0.800000,mba,0,,0,0,-1,-1,-1,-1,-1,-1,-1,-1,-1,-1,-1,-1
3,3,1,8,16,16,2663.755659,2663.895741,0.140082,0x405218,1,5802,4169,1633,16,100.000000,0,0,0.172008,1.200000,0.800000,mba,0,,0,0,-1,-1,-1,-1,-1,-1,-1,-1,-1,-1,-1,-1
3,3,1,9,16,16,2663.756114,2663.895002,0.138888,0x405218,1,5331,3950,1381,18,100.000000,0,0,0.172008,1.200000,0.800000,mba,0,,0,0,-1,-1,-1,-1,-1,-1,-1,-1,-1,-1,-1,-1
3,3,1,10,16,16,2663.756043,2663.889835,0.133792,0x405218,1,5651,3962,1689,20,100.000000,0,0,0.172008,1.200000,0.800000,mba,0,,0,0,-1,-1,-1,-1,-1,-1,-1,-1,-1,-1,-1,-1
3,3,1,11,16,16,2663.755623,2663.890787,0.135164,0x405218,1,5673,4161,1512,54,100.000000,0,0,0.172008,1.200000,0.800000,mba,0,,0,0,-1,-1,-1,-1,-1,-1,-1,-1,-1,-1,-1,-1
3,3,1,12,16,16,2663.754788,2663.898573,0.143785,0x405218,1,5600,4239,1361,56,100.000000,0,0,0.172008,1.200000,0.800000,mba,0,,0,0,-1,-1,-1,-1,-1,-1,-1,-1,-1,-1,-1,-1
3,3,1,13,16,16,2663.756006,2663.894585,0.138579,0x405218,1,5743,3980,1763,26,100.000000,0,0,0.172008,1.200000,0.800000,mba,0,,0,0,-1,-1,-1,-1,-1,-1,-1,-1,-1,-1,-1,-1
3,3,1,14,16,16,2663.755563,2663.879890,0.124327,0x405218,1,6117,2777,3340,28,100.000000,0,0,0.172008,1.200000,0.800000,mba,0,,0,0,-1,-1,-1,-1,-1,-1,-1,-1,-1,-1,-1,-1
3,3,1,15,16,16,2663.756175,2663.860605,0.104430,0x405218,1,5583,1805,3778,62,100.000000,0,0,0.172008,1.200000,0.800000,mba,0,,0,0,-1,-1,-1,-1,-1,-1,-1,-1,-1,-1,-1,-1
4,4,1,0,16,16,2664.125002,2664.152751,0.027749,0x4052e4,1,1844,761,1083,0,100.000000,0,0,0.030606,1.200000,0.800000,mba,0,,0,0,-1,-1,-1,-1,-1,-1,-1,-1,-1,-1,-1,-1
4,4,1,1,16,16,2664.122873,2664.143564,0.020691,0x4052e4,1,287,166,121,34,100.000000,0,0,0.030606,1.200000,0.800000,mba,0,,0,0,-1,-1,-1,-1,-1,-1,-1,-1,-1,-1,-1,-1
4,4,1,2,16,16,2664.123157,2664.143893,0.020736,0x4052e4,1,206,141,65,36,100.000000,0,0,0.030606,1.200000,0.800000,mba,0,,0,0,-1,-1,-1,-1,-1,-1,-1,-1,-1,-1,-1,-1
4,4,1,3,16,16,2664.122999,2664.143769,0.020770,0x4052e4,1,155,95,60,38,100.000000,0,0,0.030606,1.200000,0.800000,mba,0,,0,0,-1,-1,-1,-1,-1,-1,-1,-1,-1,-1,-1,-1
4,4,1,4,16,16,2664.123068,2664.144320,0.021252,0x4052e4,1,150,92,58,8,100.000000,0,0,0.030606,1.200000,0.800000,mba,0,,0,0,-1,-1,-1,-1,-1,-1,-1,-1,-1,-1,-1,-1
4,4,1,5,16,16,2664.123808,2664.144769,0.020961,0x4052e4,1,281,186,95,10,100.000000,0,0,0.030606,1.200000,0.800000,mba,0,,0,0,-1,-1,-1,-1,-1,-1,-1,-1,-1,-1,-1,-1
4,4,1,6,16,16,2664.123484,2664.144924,0.021440,0x4052e4,1,158,100,58,12,100.000000,0,0,0.030606,1.200000,0.800000,mba,0,,0,0,-1,-1,-1,-1,-1,-1,-1,-1,-1,-1,-1,-1
4,4,1,7,16,16,2664.123168,2664.144161,0.020993,0x4052e4,1,155,86,69,46,100.000000,0,0,0.030606,1.200000,0.800000,mba,0,,0,0,-1,-1,-1,-1,-1,-1,-1,-1,-1,-1,-1,-1
4,4,1,8,16,16,2664.122767,2664.143275,0.020508,0x4052e4,1,132,74,58,16,100.000000,0,0,0.030606,1.200000,0.800000,mba,0,,0,0,-1,-1,-1,-1,-1,-1,-1,-1,-1,-1,-1,-1
4,4,1,9,16,16,2664.123638,2664.144456,0.020818,0x4052e4,1,165,99,66,18,100.000000,0,0,0.030606,1.200000,0.800000,mba,0,,0,0,-1,-1,-1,-1,-1,-1,-1,-1,-1,-1,-1,-1
4,4,1,10,16,16,2664.122251,2664.142763,0.020512,0x4052e4,1,153,102,51,20,100.000000,0,0,0.030606,1.200000,0.800000,mba,0,,0,0,-1,-1,-1,-1,-1,-1,-1,-1,-1,-1,-1,-1
4,4,1,11,16,16,2664.123435,2664.144573,0.021138,0x4052e4,1,183,131,52,54,100.000000,0,0,0.030606,1.200000,0.800000,mba,0,,0,0,-1,-1,-1,-1,-1,-1,-1,-1,-1,-1,-1,-1
4,4,1,12,16,16,2664.122145,2664.142350,0.020205,0x4052e4,1,148,103,45,56,100.000000,0,0,0.030606,1.200000,0.800000,mba,0,,0,0,-1,-1,-1,-1,-1,-1,-1,-1,-1,-1,-1,-1
4,4,1,13,16,16,2664.123481,2664.143943,0.020462,0x4052e4,1,144,98,46,26,100.000000,0,0,0.030606,1.200000,0.800000,mba,0,,0,0,-1,-1,-1,-1,-1,-1,-1,-1,-1,-1,-1,-1
4,4,1,14,16,16,2664.122810,2664.143211,0.020401,0x4052e4,1,143,89,54,28,100.000000,0,0,0.030606,1.200000,0.800000,mba,0,,0,0,-1,-1,-1,-1,-1,-1,-1,-1,-1,-1,-1,-1
4,4,1,15,16,16,2664.123608,2664.144349,0.020741,0x4052e4,1,170,93,77,62,100.000000,0,0,0.030606,1.200000,0.800000,mba,0,,0,0,-1,-1,-1,-1,-1,-1,-1,-1,-1,-1,-1,-1
5,5,1,0,16,16,2664.897938,2664.918513,0.020575,0x40533c,1,29,2,27,0,100.000000,0,0,0.033718,1.200000,0.800000,mba,0,,0,0,-1,-1,-1,-1,-1,-1,-1,-1,-1,-1,-1,-1
5,5,1,1,16,16,2664.897123,2664.917322,0.020199,0x40533c,1,39,5,34,34,100.000000,0,0,0.033718,1.200000,0.800000,mba,0,,0,0,-1,-1,-1,-1,-1,-1,-1,-1,-1,-1,-1,-1
5,5,1,2,16,16,2664.897510,2664.917854,0.020344,0x40533c,1,47,9,38,36,100.000000,0,0,0.033718,1.200000,0.800000,mba,0,,0,0,-1,-1,-1,-1,-1,-1,-1,-1,-1,-1,-1,-1
5,5,1,3,16,16,2664.897573,2664.918365,0.020792,0x40533c,1,60,15,45,38,100.000000,0,0,0.033718,1.200000,0.800000,mba,0,,0,0,-1,-1,-1,-1,-1,-1,-1,-1,-1,-1,-1,-1
5,5,1,4,16,16,2664.904215,2664.928108,0.023893,0x40533c,1,1575,154,1421,8,100.000000,0,0,0.033718,1.200000,0.800000,mba,0,,0,0,-1,-1,-1,-1,-1,-1,-1,-1,-1,-1,-1,-1
5,5,1,5,16,16,2664.904190,2664.927800,0.023610,0x40533c,1,1642,121,1521,10,100.000000,0,0,0.033718,1.200000,0.800000,mba,0,,0,0,-1,-1,-1,-1,-1,-1,-1,-1,-1,-1,-1,-1
5,5,1,6,16,16,2664.897618,2664.917964,0.020346,0x40533c,1,70,24,46,12,100.000000,0,0,0.033718,1.200000,0.800000,mba,0,,0,0,-1,-1,-1,-1,-1,-1,-1,-1,-1,-1,-1,-1
5,5,1,7,16,16,2664.897278,2664.930124,0.032846,0x40533c,1,53,6,47,46,100.000000,0,0,0.033718,1.200000,0.800000,mba,0,,0,0,-1,-1,-1,-1,-1,-1,-1,-1,-1,-1,-1,-1
5,5,1,8,16,16,2664.896737,2664.917099,0.020362,0x40533c,1,52,7,45,16,100.000000,0,0,0.033718,1.200000,0.800000,mba,0,,0,0,-1,-1,-1,-1,-1,-1,-1,-1,-1,-1,-1,-1
5,5,1,9,16,16,2664.904356,2664.927922,0.023566,0x40533c,1,1615,194,1421,18,100.000000,0,0,0.033718,1.200000,0.800000,mba,0,,0,0,-1,-1,-1,-1,-1,-1,-1,-1,-1,-1,-1,-1
5,5,1,10,16,16,2664.896406,2664.916928,0.020522,0x40533c,1,58,13,45,20,100.000000,0,0,0.033718,1.200000,0.800000,mba,0,,0,0,-1,-1,-1,-1,-1,-1,-1,-1,-1,-1,-1,-1
5,5,1,11,16,16,2664.896922,2664.917375,0.020453,0x40533c,1,50,12,38,54,100.000000,0,0,0.033718,1.200000,0.800000,mba,0,,0,0,-1,-1,-1,-1,-1,-1,-1,-1,-1,-1,-1,-1
5,5,1,12,16,16,2664.900346,2664.926252,0.025906,0x40533c,1,1349,34,1315,56,100.000000,0,0,0.033718,1.200000,0.800000,mba,0,,0,0,-1,-1,-1,-1,-1,-1,-1,-1,-1,-1,-1,-1
5,5,1,13,16,16,2664.897443,2664.917549,0.020106,0x40533c,1,49,14,35,26,100.000000,0,0,0.033718,1.200000,0.800000,mba,0,,0,0,-1,-1,-1,-1,-1,-1,-1,-1,-1,-1,-1,-1
5,5,1,14,16,16,2664.897401,2664.917843,0.020442,0x40533c,1,59,7,52,28,100.000000,0,0,0.033718,1.200000,0.800000,mba,0,,0,0,-1,-1,-1,-1,-1,-1,-1,-1,-1,-1,-1,-1
5,5,1,15,16,16,2664.904191,2664.927914,0.023723,0x40533c,1,1613,169,1444,62,100.000000,0,0,0.033718,1.200000,0.800000,mba,0,,0,0,-1,-1,-1,-1,-1,-1,-1,-1,-1,-1,-1,-1
398,2,100,0,16,16,19019.529248,19195.913682,82.291623,0x4051ce,1,6140193,4154188,1986005,32,40.000000,1,1,177.929486,1.200000,0.800000,mba,0,,1,1,0,14327808,182296576,360448,2356428800,2051489792,360448,2356518912,2054103040,-1,-1,-1
398,2,100,1,16,16,19021.297084,19195.865054,83.388831,0x4051ce,1,7211713,3775218,3436495,34,40.000000,1,1,177.929486,1.200000,0.800000,mba,0,,1,1,2703360,14688256,185450496,13516800,2355167232,2095734784,13516800,2355257344,2097446912,-1,-1,-1
398,2,100,2,16,16,19021.644080,19195.857137,83.803057,0x4051ce,1,7003848,3740869,3262979,36,40.000000,1,1,177.929486,1.200000,0.800000,mba,0,,1,1,4505600,14688256,191127552,20094976,2355077120,2099249152,20275200,2355167232,2100781056,-1,-1,-1
398,2,100,3,16,16,19020.822821,19195.970504,92.707679,0x4051ce,1,7680930,4544402,3136528,6,40.000000,1,1,177.929486,1.200000,0.800000,mba,0,,1,1,1351680,14327808,197435392,7479296,2357420032,2248474624,7659520,2357420032,2248294400,-1,-1,-1
398,2,100,4,16,16,19019.692577,19197.423266,159.724928,0x4051ce,1,21741768,15441531,6300237,8,100.000000,1,1,177.929486,1.200000,0.800000,mba,0,,1,1,0,71368704,38748160,90112,11707981824,11202453504,90112,11707981824,11197136896,-1,-1,-1
398,2,100,5,16,16,19021.135361,19197.413727,160.235704,0x4051ce,1,21656226,15497610,6158616,10,100.000000,1,1,177.929486,1.200000,0.800000,mba,0,,1,1,10272768,71368704,35594240,38477824,11707441152,11276075008,38658048,11707801600,11273551872,-1,-1,-1
398,2,100,6,16,16,19020.983717,19197.371874,160.429292,0x4051ce,1,19813434,16492400,3321034,12,100.000000,1,1,177.929486,1.200000,0.800000,mba,0,,1,1,7929856,71008256,39739392,31809536,11705098240,11300675584,32079872,11705368576,11300765696,-1,-1,-1
398,2,100,7,16,16,19022.011634,19197.458734,169.530012,0x4051ce,1,21109204,17024927,4084277,14,100.000000,1,1,177.929486,1.200000,0.800000,mba,0,,1,1,18563072,71458816,51904512,80830464,11708162048,11595702272,81010688,11708252160,11586240512,-1,-1,-1
398,2,100,8,16,16,19020.180535,19197.440849,167.898125,0x4051ce,1,21101402,16864886,4236516,16,100.000000,1,1,177.929486,1.200000,0.800000,mba,0,,1,1,2252800,71458816,67764224,10092544,11708162048,11607326720,10092544,11708162048,11602460672,-1,-1,-1
398,2,100,9,16,16,19021.827220,19197.341746,161.407692,0x4051ce,1,19781849,16366066,3415783,18,100.000000,1,1,177.929486,1.200000,0.800000,mba,0,,1,1,17211392,70647808,34963456,71368704,11702484992,11326087168,71639040,11702845440,11326177280,-1,-1,-1
398,2,100,10,16,16,19019.829764,19197.408629,167.782654,0x4051ce,1,21042768,16935667,4107101,20,100.000000,1,1,177.929486,1.200000,0.800000,mba,0,,1,1,180224,71188480,61546496,1802240,11707260928,11588673536,1802240,11707621376,11587051520,-1,-1,-1
398,2,100,11,16,16,19020.650800,19197.441569,167.808006,0x4051ce,1,20989501,16836265,4153236,54,100.000000,1,1,177.929486,1.200000,0.800000,mba,0,,1,1,5316608,71458816,62537728,21626880,11708162048,11609128960,21716992,11708162048,11602460672,-1,-1,-1
398,2,100,12,16,16,19020.037741,19195.782196,81.670914,0x4051ce,1,7814425,5889517,1924908,56,50.000000,1,1,177.929486,1.200000,0.800000,mba,0,,1,1,0,2703360,146882560,0,1131175936,1110990848,0,1131266048,1111351296,-1,-1,-1
398,2,100,13,16,16,19020.496691,19195.893573,84.003522,0x4051ce,1,7805505,6177281,1628224,26,50.000000,1,1,177.929486,1.200000,0.800000,mba,0,,1,1,540672,2883584,142827520,2613248,1131356160,1117118464,2613248,1131356160,1116938240,-1,-1,-1
398,2,100,14,16,16,19020.337325,19196.112800,100.706670,0x4051ce,1,7817320,5365312,2452008,28,40.000000,1,1,177.929486,1.200000,0.800000,mba,0,,1,1,540672,14057472,186892288,3334144,2358140928,2298036224,3334144,2358140928,2296504320,-1,-1,-1
398,2,100,15,16,16,19021.484985,19196.086090,95.692693,0x4051ce,1,7291757,4696096,2595661,62,40.000000,1,1,177.929486,1.200000,0.800000,mba,0,,1,1,3604480,13877248,189775872,16760832,2358140928,2270371840,17031168,2358140928,2269560832,-1,-1,-1
399,3,100,0,16,16,19197.643891,19197.773816,0.129925,0x405218,1,5752,4044,1708,32,50.000000,0,0,0.294058,1.200000,0.800000,mba,0,,0,0,-1,-1,-1,-1,-1,-1,-1,-1,-1,-1,-1,-1
399,3,100,1,16,16,19197.644449,19197.769659,0.125210,0x405218,1,6743,3499,3244,34,50.000000,0,0,0.294058,1.200000,0.800000,mba,0,,0,0,-1,-1,-1,-1,-1,-1,-1,-1,-1,-1,-1,-1
399,3,100,2,16,16,19197.644016,19197.794037,0.150021,0x405218,1,6291,3321,2970,36,50.000000,0,0,0.294058,1.200000,0.800000,mba,0,,0,0,-1,-1,-1,-1,-1,-1,-1,-1,-1,-1,-1,-1
399,3,100,3,16,16,19197.644474,19197.773447,0.128973,0x405218,1,6450,3334,3116,6,50.000000,0,0,0.294058,1.200000,0.800000,mba,0,,0,0,-1,-1,-1,-1,-1,-1,-1,-1,-1,-1,-1,-1
399,3,100,4,16,16,19197.644914,19197.918140,0.273226,0x405218,1,12661,7979,4682,8,100.000000,0,0,0.294058,1.200000,0.800000,mba,0,,0,0,-1,-1,-1,-1,-1,-1,-1,-1,-1,-1,-1,-1
399,3,100,5,16,16,19197.645094,19197.916711,0.271617,0x405218,1,12510,7620,4890,10,100.000000,0,0,0.294058,1.200000,0.800000,mba,0,,0,0,-1,-1,-1,-1,-1,-1,-1,-1,-1,-1,-1,-1
399,3,100,6,16,16,19197.645117,19197.928354,0.283237,0x405218,1,12039,8630,3409,12,100.000000,0,0,0.294058,1.200000,0.800000,mba,0,,0,0,-1,-1,-1,-1,-1,-1,-1,-1,-1,-1,-1,-1
399,3,100,7,16,16,19197.644364,19197.937866,0.293502,0x405218,1,12291,8881,3410,14,100.000000,0,0,0.294058,1.200000,0.800000,mba,0,,0,0,-1,-1,-1,-1,-1,-1,-1,-1,-1,-1,-1,-1
399,3,100,8,16,16,19197.645277,19197.928205,0.282928,0x405218,1,12283,8966,3317,16,100.000000,0,0,0.294058,1.200000,0.800000,mba,0,,0,0,-1,-1,-1,-1,-1,-1,-1,-1,-1,-1,-1,-1
399,3,100,9,16,16,19197.644944,19197.923990,0.279046,0x405218,1,12109,8776,3333,18,100.000000,0,0,0.294058,1.200000,0.800000,mba,0,,0,0,-1,-1,-1,-1,-1,-1,-1,-1,-1,-1,-1,-1
399,3,100,10,16,16,19197.644513,19197.923211,0.278698,0x405218,1,12338,9002,3336,20,100.000000,0,0,0.294058,1.200000,0.800000,mba,0,,0,0,-1,-1,-1,-1,-1,-1,-1,-1,-1,-1,-1,-1
399,3,100,11,16,16,19197.644145,19197.923147,0.279002,0x405218,1,12078,8497,3581,54,100.000000,0,0,0.294058,1.200000,0.800000,mba,0,,0,0,-1,-1,-1,-1,-1,-1,-1,-1,-1,-1,-1,-1
399,3,100,12,16,16,19197.644276,19197.795297,0.151021,0x405218,1,5848,4554,1294,56,60.000000,0,0,0.294058,1.200000,0.800000,mba,0,,0,0,-1,-1,-1,-1,-1,-1,-1,-1,-1,-1,-1,-1
399,3,100,13,16,16,19197.643887,19197.798111,0.154224,0x405218,1,5869,4792,1077,26,60.000000,0,0,0.294058,1.200000,0.800000,mba,0,,0,0,-1,-1,-1,-1,-1,-1,-1,-1,-1,-1,-1,-1
399,3,100,14,16,16,19197.644722,19197.786888,0.142166,0x405218,1,6353,3693,2660,28,50.000000,0,0,0.294058,1.200000,0.800000,mba,0,,0,0,-1,-1,-1,-1,-1,-1,-1,-1,-1,-1,-1,-1
399,3,100,15,16,16,19197.643808,19197.784408,0.140600,0x405218,1,5789,3791,1998,62,50.000000,0,0,0.294058,1.200000,0.800000,mba,0,,0,0,-1,-1,-1,-1,-1,-1,-1,-1,-1,-1,-1,-1
400,4,100,0,16,16,19198.538675,19198.583617,0.044942,0x4052e4,1,1912,1293,619,32,100.000000,0,0,0.051454,1.200000,0.800000,mba,0,,0,0,-1,-1,-1,-1,-1,-1,-1,-1,-1,-1,-1,-1
400,4,100,1,16,16,19198.532325,19198.553483,0.021158,0x4052e4,1,207,157,50,34,80.000000,0,0,0.051454,1.200000,0.800000,mba,0,,0,0,-1,-1,-1,-1,-1,-1,-1,-1,-1,-1,-1,-1
400,4,100,2,16,16,19198.533183,19198.555287,0.022104,0x4052e4,1,123,42,81,36,80.000000,0,0,0.051454,1.200000,0.800000,mba,0,,0,0,-1,-1,-1,-1,-1,-1,-1,-1,-1,-1,-1,-1
400,4,100,3,16,16,19198.532163,19198.553060,0.020897,0x4052e4,1,192,138,54,6,80.000000,0,0,0.051454,1.200000,0.800000,mba,0,,0,0,-1,-1,-1,-1,-1,-1,-1,-1,-1,-1,-1,-1
400,4,100,4,16,16,19198.532977,19198.557040,0.024063,0x4052e4,1,323,274,49,8,80.000000,0,0,0.051454,1.200000,0.800000,mba,0,,0,0,-1,-1,-1,-1,-1,-1,-1,-1,-1,-1,-1,-1
400,4,100,5,16,16,19198.534445,19198.557639,0.023194,0x4052e4,1,380,308,72,10,80.000000,0,0,0.051454,1.200000,0.800000,mba,0,,0,0,-1,-1,-1,-1,-1,-1,-1,-1,-1,-1,-1,-1
400,4,100,6,16,16,19198.533046,19198.556464,0.023418,0x4052e4,1,328,262,66,12,80.000000,0,0,0.051454,1.200000,0.800000,mba,0,,0,0,-1,-1,-1,-1,-1,-1,-1,-1,-1,-1,-1,-1
400,4,100,7,16,16,19198.533698,19198.557174,0.023476,0x4052e4,1,340,270,70,14,80.000000,0,0,0.051454,1.200000,0.800000,mba,0,,0,0,-1,-1,-1,-1,-1,-1,-1,-1,-1,-1,-1,-1
400,4,100,8,16,16,19198.533112,19198.556833,0.023721,0x4052e4,1,345,284,61,16,80.000000,0,0,0.051454,1.200000,0.800000,mba,0,,0,0,-1,-1,-1,-1,-1,-1,-1,-1,-1,-1,-1,-1
400,4,100,9,16,16,19198.533981,19198.557576,0.023595,0x4052e4,1,343,280,63,18,80.000000,0,0,0.051454,1.200000,0.800000,mba,0,,0,0,-1,-1,-1,-1,-1,-1,-1,-1,-1,-1,-1,-1
400,4,100,10,16,16,19198.533244,19198.557377,0.024133,0x4052e4,1,422,354,68,20,80.000000,0,0,0.051454,1.200000,0.800000,mba,0,,0,0,-1,-1,-1,-1,-1,-1,-1,-1,-1,-1,-1,-1
400,4,100,11,16,16,19198.533222,19198.557147,0.023925,0x4052e4,1,428,325,103,54,80.000000,0,0,0.051454,1.200000,0.800000,mba,0,,0,0,-1,-1,-1,-1,-1,-1,-1,-1,-1,-1,-1,-1
400,4,100,12,16,16,19198.533001,19198.553445,0.020444,0x4052e4,1,130,80,50,56,80.000000,0,0,0.051454,1.200000,0.800000,mba,0,,0,0,-1,-1,-1,-1,-1,-1,-1,-1,-1,-1,-1,-1
400,4,100,13,16,16,19198.533707,19198.555132,0.021425,0x4052e4,1,139,93,46,26,80.000000,0,0,0.051454,1.200000,0.800000,mba,0,,0,0,-1,-1,-1,-1,-1,-1,-1,-1,-1,-1,-1,-1
400,4,100,14,16,16,19198.533875,19198.554565,0.020690,0x4052e4,1,167,110,57,28,80.000000,0,0,0.051454,1.200000,0.800000,mba,0,,0,0,-1,-1,-1,-1,-1,-1,-1,-1,-1,-1,-1,-1
400,4,100,15,16,16,19198.532805,19198.553953,0.021148,0x4052e4,1,160,116,44,62,80.000000,0,0,0.051454,1.200000,0.800000,mba,0,,0,0,-1,-1,-1,-1,-1,-1,-1,-1,-1,-1,-1,-1
401,5,100,0,16,16,19198.651916,19198.672599,0.020683,0x40533c,1,40,1,39,32,80.000000,0,0,0.028494,1.200000,0.800000,mba,0,,0,0,-1,-1,-1,-1,-1,-1,-1,-1,-1,-1,-1,-1
401,5,100,1,16,16,19198.651082,19198.671732,0.020650,0x40533c,1,107,81,26,34,80.000000,0,0,0.028494,1.200000,0.800000,mba,0,,0,0,-1,-1,-1,-1,-1,-1,-1,-1,-1,-1,-1,-1
401,5,100,2,16,16,19198.650973,19198.672019,0.021046,0x40533c,1,62,41,21,36,80.000000,0,0,0.028494,1.200000,0.800000,mba,0,,0,0,-1,-1,-1,-1,-1,-1,-1,-1,-1,-1,-1,-1
401,5,100,3,16,16,19198.651626,19198.672099,0.020473,0x40533c,1,123,77,46,6,80.000000,0,0,0.028494,1.200000,0.800000,mba,0,,0,0,-1,-1,-1,-1,-1,-1,-1,-1,-1,-1,-1,-1
401,5,100,4,16,16,19198.652369,19198.677715,0.025346,0x40533c,1,655,425,230,8,100.000000,0,0,0.028494,1.200000,0.800000,mba,0,,0,0,-1,-1,-1,-1,-1,-1,-1,-1,-1,-1,-1,-1
401,5,100,5,16,16,19198.651919,19198.678242,0.026323,0x40533c,1,614,337,277,10,100.000000,0,0,0.028494,1.200000,0.800000,mba,0,,0,0,-1,-1,-1,-1,-1,-1,-1,-1,-1,-1,-1,-1
401,5,100,6,16,16,19198.651752,19198.677147,0.025395,0x40533c,1,612,320,292,12,100.000000,0,0,0.028494,1.200000,0.800000,mba,0,,0,0,-1,-1,-1,-1,-1,-1,-1,-1,-1,-1,-1,-1
401,5,100,7,16,16,19198.651233,19198.677401,0.026168,0x40533c,1,727,461,266,14,100.000000,0,0,0.028494,1.200000,0.800000,mba,0,,0,0,-1,-1,-1,-1,-1,-1,-1,-1,-1,-1,-1,-1
401,5,100,8,16,16,19198.651238,19198.676744,0.025506,0x40533c,1,700,354,346,16,100.000000,0,0,0.028494,1.200000,0.800000,mba,0,,0,0,-1,-1,-1,-1,-1,-1,-1,-1,-1,-1,-1,-1
401,5,100,9,16,16,19198.652331,19198.677066,0.024735,0x40533c,1,653,295,358,18,100.000000,0,0,0.028494,1.200000,0.800000,mba,0,,0,0,-1,-1,-1,-1,-1,-1,-1,-1,-1,-1,-1,-1
401,5,100,10,16,16,19198.652704,19198.678458,0.025754,0x40533c,1,672,372,300,20,100.000000,0,0,0.028494,1.200000,0.800000,mba,0,,0,0,-1,-1,-1,-1,-1,-1,-1,-1,-1,-1,-1,-1
401,5,100,11,16,16,19198.652670,19198.679017,0.026347,0x40533c,1,731,443,288,54,100.000000,0,0,0.028494,1.200000,0.800000,mba,0,,0,0,-1,-1,-1,-1,-1,-1,-1,-1,-1,-1,-1,-1
401,5,100,12,16,16,19198.650523,19198.670505,0.019982,0x40533c,1,72,48,24,56,80.000000,0,0,0.028494,1.200000,0.800000,mba,0,,0,0,-1,-1,-1,-1,-1,-1,-1,-1,-1,-1,-1,-1
401,5,100,13,16,16,19198.651363,19198.671792,0.020429,0x40533c,1,32,2,30,26,80.000000,0,0,0.028494,1.200000,0.800000,mba,0,,0,0,-1,-1,-1,-1,-1,-1,-1,-1,-1,-1,-1,-1
401,5,100,14,16,16,19198.651134,19198.671566,0.020432,0x40533c,1,122,95,27,28,80.000000,0,0,0.028494,1.200000,0.800000,mba,0,,0,0,-1,-1,-1,-1,-1,-1,-1,-1,-1,-1,-1,-1
401,5,100,15,16,16,19198.651316,19198.672073,0.020757,0x40533c,1,93,67,26,62,80.000000,0,0,0.028494,1.200000,0.800000,mba,0,,0,0,-1,-1,-1,-1,-1,-1,-1,-1,-1,-1,-1,-1
798,2,200,0,16,16,37035.975705,37221.848053,111.331184,0x4051ce,1,6113374,4039783,2073591,32,30.000000,1,1,187.279061,1.200000,0.800000,mba,0,,1,1,0,19103744,154812416,1622016,3433267200,2905751552,1622016,3433267200,2906923008,-1,-1,-1
798,2,200,1,16,16,37035.735308,37221.697167,118.514408,0x4051ce,1,7703203,4086898,3616305,34,30.000000,1,1,187.279061,1.200000,0.800000,mba,0,,1,1,0,19103744,171753472,0,3430653952,3079127040,0,3431014400,3081019392,-1,-1,-1
798,2,200,2,16,16,37035.798056,37221.627561,114.167763,0x4051ce,1,6954678,3643744,3310934,36,30.000000,1,1,187.279061,1.200000,0.800000,mba,0,,1,1,0,19103744,170672128,90112,3428401152,2983878656,90112,3428491264,2987032576,-1,-1,-1
798,2,200,3,16,16,37037.189729,37221.697281,119.856594,0x4051ce,1,7050177,4038239,3011938,38,30.000000,1,1,187.279061,1.200000,0.800000,mba,0,,1,1,3964928,19103744,168329216,20635648,3430924288,3101114368,20635648,3431104512,3101835264,-1,-1,-1
798,2,200,4,16,16,37035.966566,37222.799741,167.070996,0x4051ce,1,22696891,16513245,6183646,40,100.000000,1,1,187.279061,1.200000,0.800000,mba,0,,1,1,60735488,67403776,270336,1222729637888,1235205644288,11979399168,1222729728000,1235205914624,11979579392,-1,-1,-1
798,2,200,5,16,16,37036.339818,37222.999870,180.333317,0x4051ce,1,21636622,15832750,5803872,42,100.000000,1,1,187.279061,1.200000,0.800000,mba,0,,1,1,61276160,67313664,7208960,1222750273536,1235208527872,12409503744,1222750453760,1235208527872,12395175936,-1,-1,-1
798,2,200,6,16,16,37035.720809,37222.715312,164.878069,0x4051ce,1,20587569,17335834,3251735,12,100.000000,1,1,187.279061,1.200000,0.800000,mba,0,,1,1,63709184,67403776,540672,1222719995904,1235200147456,11842609152,1222720086016,1235200688128,11848826880,-1,-1,-1
798,2,200,7,16,16,37036.328664,37222.832152,175.718642,0x4051ce,1,21984867,18124695,3860172,14,100.000000,1,1,187.279061,1.200000,0.800000,mba,0,,1,1,61366272,67493888,12886016,1222749552640,1235206725632,12373999616,1222750273536,1235206905856,12370935808,-1,-1,-1
798,2,200,8,16,16,37035.720926,37222.818200,174.197179,0x4051ce,1,21984190,17892779,4091411,16,100.000000,1,1,187.279061,1.200000,0.800000,mba,0,,1,1,63438848,67403776,5767168,1222719995904,1235206275072,12347957248,1222720086016,1235206455296,12346335232,-1,-1,-1
798,2,200,9,16,16,37035.749402,37222.713674,166.634700,0x4051ce,1,20547378,17363255,3184123,18,100.000000,1,1,187.279061,1.200000,0.800000,mba,0,,1,1,62357504,67403776,270336,1222720716800,1235199877120,11957321728,1222720897024,1235200598016,11962818560,-1,-1,-1
798,2,200,10,16,16,37037.052002,37222.798504,173.623625,0x4051ce,1,21929210,17985967,3943243,20,100.000000,1,1,187.279061,1.200000,0.800000,mba,0,,1,1,63258624,67674112,6127616,1222796050432,1235205373952,12280193024,1222796050432,1235205644288,12279652352,-1,-1,-1
798,2,200,11,16,16,37036.487122,37222.845716,174.179906,0x4051ce,1,21868512,17840006,4028506,22,100.000000,1,1,187.279061,1.200000,0.800000,mba,0,,1,1,61726720,67493888,7659520,1222759464960,1235206905856,12330835968,1222759825408,1235207176192,12328222720,-1,-1,-1
798,2,200,12,16,16,37036.670467,37222.375833,148.146380,0x4051ce,1,7711735,6057944,1653791,24,30.000000,1,1,187.279061,1.200000,0.800000,mba,0,,1,1,1712128,17842176,120569856,9732096,3437412352,3407314944,9732096,3437412352,3406503936,-1,-1,-1
798,2,200,13,16,16,37036.875184,37222.569449,152.473490,0x4051ce,1,7685274,6328799,1356475,26,30.000000,1,1,187.279061,1.200000,0.800000,mba,0,,1,1,2072576,17932288,112459776,13787136,3437682688,3411099648,13877248,3437682688,3409657856,-1,-1,-1
798,2,200,14,16,16,37036.339674,37222.021852,135.617875,0x4051ce,1,7782412,5251027,2531385,28,30.000000,1,1,187.279061,1.200000,0.800000,mba,0,,1,1,360448,18563072,148414464,5046272,3434618880,3311976448,5046272,3434618880,3311796224,-1,-1,-1
798,2,200,15,16,16,37036.163397,37221.881064,132.334436,0x4051ce,1,7620223,4849040,2771183,62,30.000000,1,1,187.279061,1.200000,0.800000,mba,0,,1,1,0,18833408,160940032,3334144,3433357312,3278454784,3514368,3433357312,3279716352,-1,-1,-1
799,3,200,0,16,16,37223.183032,37223.332424,0.149392,0x405218,1,5747,3913,1834,32,30.000000,0,0,0.357381,1.200000,0.800000,mba,0,,0,0,-1,-1,-1,-1,-1,-1,-1,-1,-1,-1,-1,-1
799,3,200,1,16,16,37223.181807,37223.314271,0.132464,0x405218,1,6747,3285,3462,34,30.000000,0,0,0.357381,1.200000,0.800000,mba,0,,0,0,-1,-1,-1,-1,-1,-1,-1,-1,-1,-1,-1,-1
799,3,200,2,16,16,37223.182378,37223.331734,0.149356,0x405218,1,6247,3204,3043,36,30.000000,0,0,0.357381,1.200000,0.800000,mba,0,,0,0,-1,-1,-1,-1,-1,-1,-1,-1,-1,-1,-1,-1
799,3,200,3,16,16,37223.182459,37223.339714,0.157255,0x405218,1,6206,3158,3048,38,30.000000,0,0,0.357381,1.200000,0.800000,mba,0,,0,0,-1,-1,-1,-1,-1,-1,-1,-1,-1,-1,-1,-1
799,3,200,4,16,16,37223.182805,37223.460411,0.277606,0x405218,1,13021,8317,4704,40,100.000000,0,0,0.357381,1.200000,0.800000,mba,0,,0,0,-1,-1,-1,-1,-1,-1,-1,-1,-1,-1,-1,-1
799,3,200,5,16,16,37223.182805,37223.538786,0.355981,0x405218,1,12076,7468,4608,42,100.000000,0,0,0.357381,1.200000,0.800000,mba,0,,0,0,-1,-1,-1,-1,-1,-1,-1,-1,-1,-1,-1,-1
799,3,200,6,16,16,37223.182107,37223.470005,0.287898,0x405218,1,12334,8775,3559,12,100.000000,0,0,0.357381,1.200000,0.800000,mba,0,,0,0,-1,-1,-1,-1,-1,-1,-1,-1,-1,-1,-1,-1
799,3,200,7,16,16,37223.182834,37223.476879,0.294045,0x405218,1,12602,9310,3292,14,100.000000,0,0,0.357381,1.200000,0.800000,mba,0,,0,0,-1,-1,-1,-1,-1,-1,-1,-1,-1,-1,-1,-1
799,3,200,8,16,16,37223.182241,37223.472181,0.289940,0x405218,1,12562,9455,3107,16,100.000000,0,0,0.357381,1.200000,0.800000,mba,0,,0,0,-1,-1,-1,-1,-1,-1,-1,-1,-1,-1,-1,-1
799,3,200,9,16,16,37223.182279,37223.471826,0.289547,0x405218,1,12350,9235,3115,18,100.000000,0,0,0.357381,1.200000,0.800000,mba,0,,0,0,-1,-1,-1,-1,-1,-1,-1,-1,-1,-1,-1,-1
799,3,200,10,16,16,37223.182853,37223.466649,0.283796,0x405218,1,12657,9407,3250,20,100.000000,0,0,0.357381,1.200000,0.800000,mba,0,,0,0,-1,-1,-1,-1,-1,-1,-1,-1,-1,-1,-1,-1
799,3,200,11,16,16,37223.182386,37223.464066,0.281680,0x405218,1,12423,9082,3341,22,100.000000,0,0,0.357381,1.200000,0.800000,mba,0,,0,0,-1,-1,-1,-1,-1,-1,-1,-1,-1,-1,-1,-1
799,3,200,12,16,16,37223.181405,37223.336980,0.155575,0x405218,1,5825,4567,1258,24,40.000000,0,0,0.357381,1.200000,0.800000,mba,0,,0,0,-1,-1,-1,-1,-1,-1,-1,-1,-1,-1,-1,-1
799,3,200,13,16,16,37223.182113,37223.343083,0.160970,0x405218,1,5916,4690,1226,26,40.000000,0,0,0.357381,1.200000,0.800000,mba,0,,0,0,-1,-1,-1,-1,-1,-1,-1,-1,-1,-1,-1,-1
799,3,200,14,16,16,37223.181465,37223.326941,0.145476,0x405218,1,5514,2912,2602,28,30.000000,0,0,0.357381,1.200000,0.800000,mba,0,,0,0,-1,-1,-1,-1,-1,-1,-1,-1,-1,-1,-1,-1
799,3,200,15,16,16,37223.181761,37223.307205,0.125444,0x405218,1,5820,3232,2588,62,30.000000,0,0,0.357381,1.200000,0.800000,mba,0,,0,0,-1,-1,-1,-1,-1,-1,-1,-1,-1,-1,-1,-1
800,4,200,0,16,16,37224.401339,37224.443360,0.042021,0x4052e4,1,1921,1318,603,32,100.000000,0,0,0.050173,1.200000,0.800000,mba,0,,0,0,-1,-1,-1,-1,-1,-1,-1,-1,-1,-1,-1,-1
800,4,200,1,16,16,37224.394789,37224.414499,0.019710,0x4052e4,1,196,157,39,34,50.000000,0,0,0.050173,1.200000,0.800000,mba,0,,0,0,-1,-1,-1,-1,-1,-1,-1,-1,-1,-1,-1,-1
800,4,200,2,16,16,37224.394807,37224.415011,0.020204,0x4052e4,1,110,51,59,36,50.000000,0,0,0.050173,1.200000,0.800000,mba,0,,0,0,-1,-1,-1,-1,-1,-1,-1,-1,-1,-1,-1,-1
800,4,200,3,16,16,37224.394974,37224.415275,0.020301,0x4052e4,1,81,34,47,38,50.000000,0,0,0.050173,1.200000,0.800000,mba,0,,0,0,-1,-1,-1,-1,-1,-1,-1,-1,-1,-1,-1,-1
800,4,200,4,16,16,37224.395306,37224.417918,0.022612,0x4052e4,1,355,288,67,40,60.000000,0,0,0.050173,1.200000,0.800000,mba,0,,0,0,-1,-1,-1,-1,-1,-1,-1,-1,-1,-1,-1,-1
800,4,200,5,16,16,37224.394181,37224.417518,0.023337,0x4052e4,1,226,163,63,42,60.000000,0,0,0.050173,1.200000,0.800000,mba,0,,0,0,-1,-1,-1,-1,-1,-1,-1,-1,-1,-1,-1,-1
800,4,200,6,16,16,37224.394981,37224.417170,0.022189,0x4052e4,1,321,257,64,12,60.000000,0,0,0.050173,1.200000,0.800000,mba,0,,0,0,-1,-1,-1,-1,-1,-1,-1,-1,-1,-1,-1,-1
800,4,200,7,16,16,37224.394953,37224.417455,0.022502,0x4052e4,1,347,277,70,14,60.000000,0,0,0.050173,1.200000,0.800000,mba,0,,0,0,-1,-1,-1,-1,-1,-1,-1,-1,-1,-1,-1,-1
800,4,200,8,16,16,37224.393295,37224.415246,0.021951,0x4052e4,1,327,261,66,16,60.000000,0,0,0.050173,1.200000,0.800000,mba,0,,0,0,-1,-1,-1,-1,-1,-1,-1,-1,-1,-1,-1,-1
800,4,200,9,16,16,37224.394554,37224.416280,0.021726,0x4052e4,1,338,287,51,18,60.000000,0,0,0.050173,1.200000,0.800000,mba,0,,0,0,-1,-1,-1,-1,-1,-1,-1,-1,-1,-1,-1,-1
800,4,200,10,16,16,37224.393586,37224.415655,0.022069,0x4052e4,1,358,280,78,20,60.000000,0,0,0.050173,1.200000,0.800000,mba,0,,0,0,-1,-1,-1,-1,-1,-1,-1,-1,-1,-1,-1,-1
800,4,200,11,16,16,37224.395013,37224.417657,0.022644,0x4052e4,1,417,332,85,22,60.000000,0,0,0.050173,1.200000,0.800000,mba,0,,0,0,-1,-1,-1,-1,-1,-1,-1,-1,-1,-1,-1,-1
800,4,200,12,16,16,37224.393290,37224.412211,0.018921,0x4052e4,1,129,81,48,24,50.000000,0,0,0.050173,1.200000,0.800000,mba,0,,0,0,-1,-1,-1,-1,-1,-1,-1,-1,-1,-1,-1,-1
800,4,200,13,16,16,37224.393187,37224.412425,0.019238,0x4052e4,1,142,105,37,26,50.000000,0,0,0.050173,1.200000,0.800000,mba,0,,0,0,-1,-1,-1,-1,-1,-1,-1,-1,-1,-1,-1,-1
800,4,200,14,16,16,37224.393525,37224.412501,0.018976,0x4052e4,1,70,30,40,28,50.000000,0,0,0.050173,1.200000,0.800000,mba,0,,0,0,-1,-1,-1,-1,-1,-1,-1,-1,-1,-1,-1,-1
800,4,200,15,16,16,37224.393888,37224.413382,0.019494,0x4052e4,1,143,105,38,62,50.000000,0,0,0.050173,1.200000,0.800000,mba,0,,0,0,-1,-1,-1,-1,-1,-1,-1,-1,-1,-1,-1,-1
801,5,200,0,16,16,37224.504404,37224.523558,0.019154,0x40533c,1,32,0,32,32,60.000000,0,0,0.027408,1.200000,0.800000,mba,0,,0,0,-1,-1,-1,-1,-1,-1,-1,-1,-1,-1,-1,-1
801,5,200,1,16,16,37224.504730,37224.523363,0.018633,0x40533c,1,81,46,35,34,60.000000,0,0,0.027408,1.200000,0.800000,mba,0,,0,0,-1,-1,-1,-1,-1,-1,-1,-1,-1,-1,-1,-1
801,5,200,2,16,16,37224.503839,37224.522806,0.018967,0x40533c,1,73,41,32,36,60.000000,0,0,0.027408,1.200000,0.800000,mba,0,,0,0,-1,-1,-1,-1,-1,-1,-1,-1,-1,-1,-1,-1
801,5,200,3,16,16,37224.504090,37224.523237,0.019147,0x40533c,1,79,39,40,38,60.000000,0,0,0.027408,1.200000,0.800000,mba,0,,0,0,-1,-1,-1,-1,-1,-1,-1,-1,-1,-1,-1,-1
801,5,200,4,16,16,37224.504311,37224.528832,0.024521,0x40533c,1,696,450,246,40,100.000000,0,0,0.027408,1.200000,0.800000,mba,0,,0,0,-1,-1,-1,-1,-1,-1,-1,-1,-1,-1,-1,-1
801,5,200,5,16,16,37224.504588,37224.530414,0.025826,0x40533c,1,122,52,70,42,100.000000,0,0,0.027408,1.200000,0.800000,mba,0,,0,0,-1,-1,-1,-1,-1,-1,-1,-1,-1,-1,-1,-1
801,5,200,6,16,16,37224.504275,37224.527882,0.023607,0x40533c,1,711,345,366,12,100.000000,0,0,0.027408,1.200000,0.800000,mba,0,,0,0,-1,-1,-1,-1,-1,-1,-1,-1,-1,-1,-1,-1
801,5,200,7,16,16,37224.503917,37224.528395,0.024478,0x40533c,1,920,570,350,14,100.000000,0,0,0.027408,1.200000,0.800000,mba,0,,0,0,-1,-1,-1,-1,-1,-1,-1,-1,-1,-1,-1,-1
801,5,200,8,16,16,37224.503422,37224.526538,0.023116,0x40533c,1,857,411,446,16,100.000000,0,0,0.027408,1.200000,0.800000,mba,0,,0,0,-1,-1,-1,-1,-1,-1,-1,-1,-1,-1,-1,-1
801,5,200,9,16,16,37224.503571,37224.527116,0.023545,0x40533c,1,689,289,400,18,100.000000,0,0,0.027408,1.200000,0.800000,mba,0,,0,0,-1,-1,-1,-1,-1,-1,-1,-1,-1,-1,-1,-1
801,5,200,10,16,16,37224.503006,37224.527816,0.024810,0x40533c,1,687,403,284,20,100.000000,0,0,0.027408,1.200000,0.800000,mba,0,,0,0,-1,-1,-1,-1,-1,-1,-1,-1,-1,-1,-1,-1
801,5,200,11,16,16,37224.503159,37224.526961,0.023802,0x40533c,1,760,461,299,22,100.000000,0,0,0.027408,1.200000,0.800000,mba,0,,0,0,-1,-1,-1,-1,-1,-1,-1,-1,-1,-1,-1,-1
801,5,200,12,16,16,37224.503915,37224.522973,0.019058,0x40533c,1,109,78,31,24,60.000000,0,0,0.027408,1.200000,0.800000,mba,0,,0,0,-1,-1,-1,-1,-1,-1,-1,-1,-1,-1,-1,-1
801,5,200,13,16,16,37224.504503,37224.523272,0.018769,0x40533c,1,89,51,38,26,60.000000,0,0,0.027408,1.200000,0.800000,mba,0,,0,0,-1,-1,-1,-1,-1,-1,-1,-1,-1,-1,-1,-1
801,5,200,14,16,16,37224.503611,37224.522321,0.018710,0x40533c,1,80,55,25,28,60.000000,0,0,0.027408,1.200000,0.800000,mba,0,,0,0,-1,-1,-1,-1,-1,-1,-1,-1,-1,-1,-1,-1
801,5,200,15,16,16,37224.504407,37224.523086,0.018679,0x40533c,1,65,34,31,62,60.000000,0,0,0.027408,1.200000,0.800000,mba,0,,0,0,-1,-1,-1,-1,-1,-1,-1,-1,-1,-1,-1,-1
1198,2,300,0,16,16,55483.342614,55676.327292,110.841949,0x4051ce,1,6122174,4028582,2093592,32,30.000000,1,1,194.318377,1.200000,0.800000,mba,0,,1,1,27844608,20275200,128499712,351277121536,354746253312,2946031616,351277211648,354746253312,2946752512,-1,-1,-1
1198,2,300,1,16,16,55483.195647,55676.191294,118.076744,0x4051ce,1,7701459,4072270,3629189,34,30.000000,1,1,194.318377,1.200000,0.800000,mba,0,,1,1,27303936,20185088,146522112,351273967616,354743459840,3100753920,351274057728,354743549952,3101564928,-1,-1,-1
1198,2,300,2,16,16,55483.210846,55676.110754,112.989690,0x4051ce,1,6956298,3600181,3356117,36,30.000000,1,1,194.318377,1.200000,0.800000,mba,0,,1,1,27303936,20545536,138051584,351274057728,354741567488,2998927360,351274057728,354741567488,3000729600,-1,-1,-1
1198,2,300,3,16,16,55483.231586,55676.282799,124.655302,0x4051ce,1,7650439,4450637,3199802,38,30.000000,1,1,194.318377,1.200000,0.800000,mba,0,,1,1,27934720,20094976,149856256,351274057728,354745352192,3224387584,351274147840,354745532416,3225468928,-1,-1,-1
1198,2,300,4,16,16,55483.208790,55677.249473,165.807150,0x4051ce,1,22691292,16499142,6192150,40,100.000000,1,1,194.318377,1.200000,0.800000,mba,0,,1,1,58662912,67403776,1261568,2477305937920,2489760047104,11853062144,2477306118144,2489760587776,11851440128,-1,-1,-1
1198,2,300,5,16,16,55483.200682,55677.297894,166.468047,0x4051ce,1,22568389,16692082,5876307,42,100.000000,1,1,194.318377,1.200000,0.800000,mba,0,,1,1,58662912,67133440,991232,2477305937920,2489762209792,11890819072,2477306118144,2489762570240,11891179520,-1,-1,-1
1198,2,300,6,16,16,55483.207952,55677.220267,171.966375,0x4051ce,1,20135774,17100944,3034830,44,100.000000,1,1,194.318377,1.200000,0.800000,mba,0,,1,1,58662912,67313664,1171456,2477306118144,2489757614080,12088164352,2477306118144,2489758425088,12085100544,-1,-1,-1
1198,2,300,7,16,16,55483.200604,55677.513849,189.023273,0x4051ce,1,21103892,17262873,3841019,46,100.000000,1,1,194.318377,1.200000,0.800000,mba,0,,1,1,58753024,66953216,12345344,2477305937920,2489765543936,12427976704,2477306118144,2489765543936,12418064384,-1,-1,-1
1198,2,300,8,16,16,55483.233676,55677.306713,173.607514,0x4051ce,1,21982153,17914257,4067896,16,100.000000,1,1,194.318377,1.200000,0.800000,mba,0,,1,1,58302464,67223552,6758400,2477306118144,2489762570240,12238110720,2477306118144,2489762660352,12234866688,-1,-1,-1
1198,2,300,9,16,16,55483.217559,55677.206883,167.200112,0x4051ce,1,20549927,17409890,3140037,18,100.000000,1,1,194.318377,1.200000,0.800000,mba,0,,1,1,58662912,67043328,901120,2477306118144,2489756712960,11929657344,2477306118144,2489757253632,11929657344,-1,-1,-1
1198,2,300,10,16,16,55483.204176,55677.300395,173.835876,0x4051ce,1,21929178,18027763,3901415,20,100.000000,1,1,194.318377,1.200000,0.800000,mba,0,,1,1,58662912,67223552,4325376,2477306028032,2489762570240,12232343552,2477306118144,2489762570240,12232613888,-1,-1,-1
1198,2,300,11,16,16,55483.216716,55677.308666,173.470835,0x4051ce,1,21876419,17844120,4032299,22,100.000000,1,1,194.318377,1.200000,0.800000,mba,0,,1,1,58662912,67223552,5316608,2477306028032,2489762570240,12236668928,2477306118144,2489762750464,12230270976,-1,-1,-1
1198,2,300,12,16,16,55483.195472,55676.914524,148.775210,0x4051ce,1,7704207,6066130,1638077,24,30.000000,1,1,194.318377,1.200000,0.800000,mba,0,,1,1,27303936,18833408,106242048,351274057728,354750578688,3457507328,351274057728,354750578688,3456425984,-1,-1,-1
1198,2,300,13,16,16,55483.225810,55677.069033,152.211833,0x4051ce,1,7682123,6304541,1377582,26,30.000000,1,1,194.318377,1.200000,0.800000,mba,0,,1,1,27303936,18743296,96329728,351274057728,354750849024,3463274496,351274057728,354750849024,3461832704,-1,-1,-1
1198,2,300,14,16,16,55483.223992,55676.409238,135.806264,0x4051ce,1,7778690,5267859,2510831,28,30.000000,1,1,194.318377,1.200000,0.800000,mba,0,,1,1,27303936,19734528,122281984,351274057728,354747064320,3363250176,351274057728,354747154432,3361808384,-1,-1,-1
1198,2,300,15,16,16,55483.217001,55676.376411,132.124943,0x4051ce,1,7613934,4850992,2762942,62,30.000000,1,1,194.318377,1.200000,0.800000,mba,0,,1,1,27303936,20004864,131383296,351274057728,354746613760,3323691008,351274057728,354746793984,3324592128,-1,-1,-1
1199,3,300,0,16,16,55677.745413,55677.899797,0.154384,0x405218,1,5923,4036,1887,32,20.000000,0,0,0.377687,1.200000,0.800000,mba,0,,0,0,-1,-1,-1,-1,-1,-1,-1,-1,-1,-1,-1,-1
1199,3,300,1,16,16,55677.740923,55677.879692,0.138769,0x405218,1,6728,3384,3344,34,20.000000,0,0,0.377687,1.200000,0.800000,mba,0,,0,0,-1,-1,-1,-1,-1,-1,-1,-1,-1,-1,-1,-1
1199,3,300,2,16,16,55677.740985,55677.893448,0.152463,0x405218,1,6252,3207,3045,36,20.000000,0,0,0.377687,1.200000,0.800000,mba,0,,0,0,-1,-1,-1,-1,-1,-1,-1,-1,-1,-1,-1,-1
1199,3,300,3,16,16,55677.740636,55677.867855,0.127219,0x405218,1,6127,2916,3211,38,20.000000,0,0,0.377687,1.200000,0.800000,mba,0,,0,0,-1,-1,-1,-1,-1,-1,-1,-1,-1,-1,-1,-1
1199,3,300,4,16,16,55677.740668,55678.021583,0.280915,0x405218,1,13027,8367,4660,40,100.000000,0,0,0.377687,1.200000,0.800000,mba,0,,0,0,-1,-1,-1,-1,-1,-1,-1,-1,-1,-1,-1,-1
1199,3,300,5,16,16,55677.740890,55678.019585,0.278695,0x405218,1,12870,8098,4772,42,100.000000,0,0,0.377687,1.200000,0.800000,mba,0,,0,0,-1,-1,-1,-1,-1,-1,-1,-1,-1,-1,-1,-1
1199,3,300,6,16,16,55677.741133,55678.036813,0.295680,0x405218,1,12278,9227,3051,44,100.000000,0,0,0.377687,1.200000,0.800000,mba,0,,0,0,-1,-1,-1,-1,-1,-1,-1,-1,-1,-1,-1,-1
1199,3,300,7,16,16,55677.741076,55678.118060,0.376984,0x405218,1,11675,8400,3275,46,100.000000,0,0,0.377687,1.200000,0.800000,mba,0,,0,0,-1,-1,-1,-1,-1,-1,-1,-1,-1,-1,-1,-1
1199,3,300,8,16,16,55677.740850,55678.029564,0.288714,0x405218,1,12523,9312,3211,16,100.000000,0,0,0.377687,1.200000,0.800000,mba,0,,0,0,-1,-1,-1,-1,-1,-1,-1,-1,-1,-1,-1,-1
1199,3,300,9,16,16,55677.740870,55678.035203,0.294333,0x405218,1,12297,9291,3006,18,100.000000,0,0,0.377687,1.200000,0.800000,mba,0,,0,0,-1,-1,-1,-1,-1,-1,-1,-1,-1,-1,-1,-1
1199,3,300,10,16,16,55677.741609,55678.033286,0.291677,0x405218,1,12613,9339,3274,20,100.000000,0,0,0.377687,1.200000,0.800000,mba,0,,0,0,-1,-1,-1,-1,-1,-1,-1,-1,-1,-1,-1,-1
1199,3,300,11,16,16,55677.741163,55678.029955,0.288792,0x405218,1,12397,9053,3344,22,100.000000,0,0,0.377687,1.200000,0.800000,mba,0,,0,0,-1,-1,-1,-1,-1,-1,-1,-1,-1,-1,-1,-1
1199,3,300,12,16,16,55677.740373,55677.898174,0.157801,0x405218,1,4966,3702,1264,24,30.000000,0,0,0.377687,1.200000,0.800000,mba,0,,0,0,-1,-1,-1,-1,-1,-1,-1,-1,-1,-1,-1,-1
1199,3,300,13,16,16,55677.741054,55677.896370,0.155316,0x405218,1,5856,4573,1283,26,30.000000,0,0,0.377687,1.200000,0.800000,mba,0,,0,0,-1,-1,-1,-1,-1,-1,-1,-1,-1,-1,-1,-1
1199,3,300,14,16,16,55677.740848,55677.896090,0.155242,0x405218,1,6331,3689,2642,28,20.000000,0,0,0.377687,1.200000,0.800000,mba,0,,0,0,-1,-1,-1,-1,-1,-1,-1,-1,-1,-1,-1,-1
1199,3,300,15,16,16,55677.741280,55677.875770,0.134490,0x405218,1,5494,3033,2461,62,20.000000,0,0,0.377687,1.200000,0.800000,mba,0,,0,0,-1,-1,-1,-1,-1,-1,-1,-1,-1,-1,-1,-1
1200,4,300,0,16,16,55678.969842,55679.011412,0.041570,0x4052e4,1,1864,1274,590,32,100.000000,0,0,0.049782,1.200000,0.800000,mba,0,,0,0,-1,-1,-1,-1,-1,-1,-1,-1,-1,-1,-1,-1
1200,4,300,1,16,16,55678.964052,55678.984806,0.020754,0x4052e4,1,216,173,43,34,30.000000,0,0,0.049782,1.200000,0.800000,mba,0,,0,0,-1,-1,-1,-1,-1,-1,-1,-1,-1,-1,-1,-1
1200,4,300,2,16,16,55678.963600,55678.985191,0.021591,0x4052e4,1,77,45,32,36,30.000000,0,0,0.049782,1.200000,0.800000,mba,0,,0,0,-1,-1,-1,-1,-1,-1,-1,-1,-1,-1,-1,-1
1200,4,300,3,16,16,55678.963470,55678.984592,0.021122,0x4052e4,1,170,117,53,38,30.000000,0,0,0.049782,1.200000,0.800000,mba,0,,0,0,-1,-1,-1,-1,-1,-1,-1,-1,-1,-1,-1,-1
1200,4,300,4,16,16,55678.963933,55678.987388,0.023455,0x4052e4,1,307,255,52,40,40.000000,0,0,0.049782,1.200000,0.800000,mba,0,,0,0,-1,-1,-1,-1,-1,-1,-1,-1,-1,-1,-1,-1
1200,4,300,5,16,16,55678.964163,55678.987772,0.023609,0x4052e4,1,345,282,63,42,40.000000,0,0,0.049782,1.200000,0.800000,mba,0,,0,0,-1,-1,-1,-1,-1,-1,-1,-1,-1,-1,-1,-1
1200,4,300,6,16,16,55678.964011,55678.987921,0.023910,0x4052e4,1,433,341,92,44,40.000000,0,0,0.049782,1.200000,0.800000,mba,0,,0,0,-1,-1,-1,-1,-1,-1,-1,-1,-1,-1,-1,-1
1200,4,300,7,16,16,55678.963941,55678.989181,0.025240,0x4052e4,1,287,243,44,46,40.000000,0,0,0.049782,1.200000,0.800000,mba,0,,0,0,-1,-1,-1,-1,-1,-1,-1,-1,-1,-1,-1,-1
1200,4,300,8,16,16,55678.963895,55678.987990,0.024095,0x4052e4,1,318,259,59,16,40.000000,0,0,0.049782,1.200000,0.800000,mba,0,,0,0,-1,-1,-1,-1,-1,-1,-1,-1,-1,-1,-1,-1
1200,4,300,9,16,16,55678.963110,55678.986431,0.023321,0x4052e4,1,335,273,62,18,40.000000,0,0,0.049782,1.200000,0.800000,mba,0,,0,0,-1,-1,-1,-1,-1,-1,-1,-1,-1,-1,-1,-1
1200,4,300,10,16,16,55678.962749,55678.985857,0.023108,0x4052e4,1,313,262,51,20,40.000000,0,0,0.049782,1.200000,0.800000,mba,0,,0,0,-1,-1,-1,-1,-1,-1,-1,-1,-1,-1,-1,-1
1200,4,300,11,16,16,55678.963031,55678.987649,0.024618,0x4052e4,1,420,341,79,22,40.000000,0,0,0.049782,1.200000,0.800000,mba,0,,0,0,-1,-1,-1,-1,-1,-1,-1,-1,-1,-1,-1,-1
1200,4,300,12,16,16,55678.961630,55678.981946,0.020316,0x4052e4,1,49,15,34,24,30.000000,0,0,0.049782,1.200000,0.800000,mba,0,,0,0,-1,-1,-1,-1,-1,-1,-1,-1,-1,-1,-1,-1
1200,4,300,13,16,16,55678.961996,55678.982231,0.020235,0x4052e4,1,144,111,33,26,30.000000,0,0,0.049782,1.200000,0.800000,mba,0,,0,0,-1,-1,-1,-1,-1,-1,-1,-1,-1,-1,-1,-1
1200,4,300,14,16,16,55678.961812,55678.982089,0.020277,0x4052e4,1,135,105,30,28,30.000000,0,0,0.049782,1.200000,0.800000,mba,0,,0,0,-1,-1,-1,-1,-1,-1,-1,-1,-1,-1,-1,-1
1200,4,300,15,16,16,55678.962115,55678.983286,0.021171,0x4052e4,1,84,45,39,62,30.000000,0,0,0.049782,1.200000,0.800000,mba,0,,0,0,-1,-1,-1,-1,-1,-1,-1,-1,-1,-1,-1,-1
1201,5,300,0,16,16,55679.079638,55679.099911,0.020273,0x40533c,1,26,3,23,32,50.000000,0,0,0.033718,1.200000,0.800000,mba,0,,0,0,-1,-1,-1,-1,-1,-1,-1,-1,-1,-1,-1,-1
1201,5,300,1,16,16,55679.078802,55679.099437,0.020635,0x40533c,1,70,26,44,34,50.000000,0,0,0.033718,1.200000,0.800000,mba,0,,0,0,-1,-1,-1,-1,-1,-1,-1,-1,-1,-1,-1,-1
1201,5,300,2,16,16,55679.079157,55679.099594,0.020437,0x40533c,1,66,34,32,36,50.000000,0,0,0.033718,1.200000,0.800000,mba,0,,0,0,-1,-1,-1,-1,-1,-1,-1,-1,-1,-1,-1,-1
1201,5,300,3,16,16,55679.078288,55679.098537,0.020249,0x40533c,1,102,77,25,38,50.000000,0,0,0.033718,1.200000,0.800000,mba,0,,0,0,-1,-1,-1,-1,-1,-1,-1,-1,-1,-1,-1,-1
1201,5,300,4,16,16,55679.079826,55679.105511,0.025685,0x40533c,1,762,499,263,40,80.000000,0,0,0.033718,1.200000,0.800000,mba,0,,0,0,-1,-1,-1,-1,-1,-1,-1,-1,-1,-1,-1,-1
1201,5,300,5,16,16,55679.078676,55679.104179,0.025503,0x40533c,1,622,318,304,42,80.000000,0,0,0.033718,1.200000,0.800000,mba,0,,0,0,-1,-1,-1,-1,-1,-1,-1,-1,-1,-1,-1,-1
1201,5,300,6,16,16,55679.079699,55679.104474,0.024775,0x40533c,1,684,346,338,44,80.000000,0,0,0.033718,1.200000,0.800000,mba,0,,0,0,-1,-1,-1,-1,-1,-1,-1,-1,-1,-1,-1,-1
1201,5,300,7,16,16,55679.078538,55679.111308,0.032770,0x40533c,1,354,281,73,46,100.000000,0,0,0.033718,1.200000,0.800000,mba,0,,0,0,-1,-1,-1,-1,-1,-1,-1,-1,-1,-1,-1,-1
1201,5,300,8,16,16,55679.079348,55679.104079,0.024731,0x40533c,1,804,399,405,16,80.000000,0,0,0.033718,1.200000,0.800000,mba,0,,0,0,-1,-1,-1,-1,-1,-1,-1,-1,-1,-1,-1,-1
1201,5,300,9,16,16,55679.078493,55679.103475,0.024982,0x40533c,1,598,277,321,18,80.000000,0,0,0.033718,1.200000,0.800000,mba,0,,0,0,-1,-1,-1,-1,-1,-1,-1,-1,-1,-1,-1,-1
1201,5,300,10,16,16,55679.079225,55679.105846,0.026621,0x40533c,1,739,451,288,20,80.000000,0,0,0.033718,1.200000,0.800000,mba,0,,0,0,-1,-1,-1,-1,-1,-1,-1,-1,-1,-1,-1,-1
1201,5,300,11,16,16,55679.077894,55679.104723,0.026829,0x40533c,1,789,462,327,22,80.000000,0,0,0.033718,1.200000,0.800000,mba,0,,0,0,-1,-1,-1,-1,-1,-1,-1,-1,-1,-1,-1,-1
1201,5,300,12,16,16,55679.079076,55679.099269,0.020193,0x40533c,1,83,48,35,24,50.000000,0,0,0.033718,1.200000,0.800000,mba,0,,0,0,-1,-1,-1,-1,-1,-1,-1,-1,-1,-1,-1,-1
1201,5,300,13,16,16,55679.079223,55679.099490,0.020267,0x40533c,1,129,75,54,26,50.000000,0,0,0.033718,1.200000,0.800000,mba,0,,0,0,-1,-1,-1,-1,-1,-1,-1,-1,-1,-1,-1,-1
1201,5,300,14,16,16,55679.077590,55679.097583,0.019993,0x40533c,1,73,41,32,28,50.000000,0,0,0.033718,1.200000,0.800000,mba,0,,0,0,-1,-1,-1,-1,-1,-1,-1,-1,-1,-1,-1,-1
1201,5,300,15,16,16,55679.078752,55679.099015,0.020263,0x40533c,1,73,47,26,62,50.000000,0,0,0.033718,1.200000,0.800000,mba,0,,0,0,-1,-1,-1,-1,-1,-1,-1,-1,-1,-1,-1,-1
1598,2,400,0,16,16,73601.719355,73788.181673,110.902839,0x4051ce,1,6123236,4019831,2103405,32,30.000000,1,1,187.564827,1.200000,0.800000,mba,0,,1,1,24510464,20905984,144179200,702011858944,705497841664,2938732544,702011949056,705498021888,2940264448,-1,-1,-1
1598,2,400,1,16,16,73601.720445,73788.061997,118.162877,0x4051ce,1,7712860,4058346,3654514,2,30.000000,1,1,187.564827,1.200000,0.800000,mba,0,,1,1,24870912,20545536,160940032,702011949056,705495678976,3119316992,702012129280,705495678976,3120308224,-1,-1,-1
1598,2,400,2,16,16,73601.713725,73788.066113,119.877759,0x4051ce,1,7652489,4111436,3541053,36,30.000000,1,1,187.564827,1.200000,0.800000,mba,0,,1,1,24690688,20545536,165355520,702011949056,705495678976,3155271680,702011949056,705495769088,3157524480,-1,-1,-1
1598,2,400,3,16,16,73601.705226,73788.125145,124.514736,0x4051ce,1,7655556,4431924,3223632,38,30.000000,1,1,187.564827,1.200000,0.800000,mba,0,,1,1,24510464,21356544,163463168,702011858944,705496850432,3241328640,702011949056,705496940544,3241508864,-1,-1,-1
1598,2,400,4,16,16,73601.715666,73789.175715,167.485171,0x4051ce,1,22555785,16393415,6162370,40,100.000000,1,1,187.564827,1.200000,0.800000,mba,0,,1,1,61366272,65150976,-360448,3726688452608,3739130486784,11932180480,3726689173504,3739130576896,11930918912,-1,-1,-1
1598,2,400,5,16,16,73601.725978,73789.165808,180.899800,0x4051ce,1,21596023,15779043,5816980,42,100.000000,1,1,187.564827,1.200000,0.800000,mba,0,,1,1,61276160,65150976,1892352,3726689443840,3739130306560,12362014720,3726690795520,3739130486784,12353634304,-1,-1,-1
1598,2,400,6,16,16,73601.703359,73789.046804,166.005530,0x4051ce,1,20477999,17283488,3194511,44,100.000000,1,1,187.564827,1.200000,0.800000,mba,0,,1,1,61186048,65060864,-450560,3726689173504,3739123998720,11843239936,3726689353728,3739124629504,11848196096,-1,-1,-1
1598,2,400,7,16,16,73601.680216,73789.204420,176.605679,0x4051ce,1,21842042,18074632,3767410,46,100.000000,1,1,187.564827,1.200000,0.800000,mba,0,,1,1,61366272,65060864,8560640,3726688272384,3739130757120,12366700544,3726689173504,3739130847232,12357058560,-1,-1,-1
1598,2,400,8,16,16,73601.680202,73789.153394,175.051462,0x4051ce,1,21849484,17876097,3973387,16,100.000000,1,1,187.564827,1.200000,0.800000,mba,0,,1,1,61366272,65060864,6037504,3726688272384,3739129675776,12323627008,3726689173504,3739129946112,12322185216,-1,-1,-1
1598,2,400,9,16,16,73601.715245,73789.039962,167.997655,0x4051ce,1,20432449,17336560,3095889,18,100.000000,1,1,187.564827,1.200000,0.800000,mba,0,,1,1,61186048,65150976,-450560,3726689173504,3739123458048,11970748416,3726689443840,3739123998720,11974713344,-1,-1,-1
1598,2,400,10,16,16,73601.696249,73789.142415,175.415542,0x4051ce,1,21785997,17964197,3821800,20,100.000000,1,1,187.564827,1.200000,0.800000,mba,0,,1,1,61366272,64880640,8921088,3726688903168,3739129225216,12336422912,3726689173504,3739129495552,12335702016,-1,-1,-1
1598,2,400,11,16,16,73601.689546,73789.245029,175.447472,0x4051ce,1,21774855,17745469,4029386,22,100.000000,1,1,187.564827,1.200000,0.800000,mba,0,,1,1,61366272,65241088,9101312,3726688632832,3739131117568,12339937280,3726689173504,3739131117568,12331737088,-1,-1,-1
1598,2,400,12,16,16,73601.733620,73788.782473,148.346237,0x4051ce,1,7712303,6044364,1667939,24,30.000000,1,1,187.564827,1.200000,0.800000,mba,0,,1,1,24510464,20004864,104890368,702012129280,705502527488,3469041664,702012129280,705502527488,3468140544,-1,-1,-1
1598,2,400,13,16,16,73601.686392,73788.971876,152.807994,0x4051ce,1,7682004,6336526,1345478,26,30.000000,1,1,187.564827,1.200000,0.800000,mba,0,,1,1,24330240,19914752,92364800,702011858944,705502978048,3477151744,702011949056,705502978048,3476160512,-1,-1,-1
1598,2,400,14,16,16,73601.697154,73788.353696,136.124882,0x4051ce,1,7776812,5265961,2510851,28,30.000000,1,1,187.564827,1.200000,0.800000,mba,0,,1,1,24420352,20275200,129400832,702011408384,705499553792,3376316416,702011949056,705499643904,3376676864,-1,-1,-1
1598,2,400,15,16,16,73601.710284,73788.208746,132.301050,0x4051ce,1,7620583,4834035,2786548,62,30.000000,1,1,187.564827,1.200000,0.800000,mba,0,,1,1,24510464,21086208,143187968,702011949056,705498382336,3341352960,702011949056,705498382336,3340992512,-1,-1,-1
1599,3,400,0,16,16,73789.426038,73789.577364,0.151326,0x405218,1,5640,3774,1866,32,20.000000,0,0,0.301134,1.200000,0.800000,mba,0,,0,0,-1,-1,-1,-1,-1,-1,-1,-1,-1,-1,-1,-1
1599,3,400,1,16,16,73789.425143,73789.561179,0.136036,0x405218,1,6716,3307,3409,2,20.000000,0,0,0.301134,1.200000,0.800000,mba,0,,0,0,-1,-1,-1,-1,-1,-1,-1,-1,-1,-1,-1,-1
1599,3,400,2,16,16,73789.425921,73789.556772,0.130851,0x405218,1,6203,2945,3258,36,20.000000,0,0,0.301134,1.200000,0.800000,mba,0,,0,0,-1,-1,-1,-1,-1,-1,-1,-1,-1,-1,-1,-1
1599,3,400,3,16,16,73789.425644,73789.554883,0.129239,0x405218,1,6172,2992,3180,38,20.000000,0,0,0.301134,1.200000,0.800000,mba,0,,0,0,-1,-1,-1,-1,-1,-1,-1,-1,-1,-1,-1,-1
1599,3,400,4,16,16,73789.425529,73789.713425,0.287896,0x405218,1,12955,8472,4483,40,100.000000,0,0,0.301134,1.200000,0.800000,mba,0,,0,0,-1,-1,-1,-1,-1,-1,-1,-1,-1,-1,-1,-1
1599,3,400,5,16,16,73789.424982,73789.707329,0.282347,0x405218,1,12805,8052,4753,42,100.000000,0,0,0.301134,1.200000,0.800000,mba,0,,0,0,-1,-1,-1,-1,-1,-1,-1,-1,-1,-1,-1,-1
1599,3,400,6,16,16,73789.425877,73789.721165,0.295288,0x405218,1,12309,9068,3241,44,100.000000,0,0,0.301134,1.200000,0.800000,mba,0,,0,0,-1,-1,-1,-1,-1,-1,-1,-1,-1,-1,-1,-1
1599,3,400,7,16,16,73789.424613,73789.725110,0.300497,0x405218,1,12510,9309,3201,46,100.000000,0,0,0.301134,1.200000,0.800000,mba,0,,0,0,-1,-1,-1,-1,-1,-1,-1,-1,-1,-1,-1,-1
1599,3,400,8,16,16,73789.425465,73789.719659,0.294194,0x405218,1,12547,9323,3224,16,100.000000,0,0,0.301134,1.200000,0.800000,mba,0,,0,0,-1,-1,-1,-1,-1,-1,-1,-1,-1,-1,-1,-1
1599,3,400,9,16,16,73789.425898,73789.715949,0.290051,0x405218,1,12307,9088,3219,18,100.000000,0,0,0.301134,1.200000,0.800000,mba,0,,0,0,-1,-1,-1,-1,-1,-1,-1,-1,-1,-1,-1,-1
1599,3,400,10,16,16,73789.424685,73789.717879,0.293194,0x405218,1,12596,9485,3111,20,100.000000,0,0,0.301134,1.200000,0.800000,mba,0,,0,0,-1,-1,-1,-1,-1,-1,-1,-1,-1,-1,-1,-1
1599,3,400,11,16,16,73789.424982,73789.712544,0.287562,0x405218,1,12369,8958,3411,22,100.000000,0,0,0.301134,1.200000,0.800000,mba,0,,0,0,-1,-1,-1,-1,-1,-1,-1,-1,-1,-1,-1,-1
1599,3,400,12,16,16,73789.423976,73789.588524,0.164548,0x405218,1,5752,4455,1297,24,20.000000,0,0,0.301134,1.200000,0.800000,mba,0,,0,0,-1,-1,-1,-1,-1,-1,-1,-1,-1,-1,-1,-1
1599,3,400,13,16,16,73789.424343,73789.583661,0.159318,0x405218,1,5112,3867,1245,26,20.000000,0,0,0.301134,1.200000,0.800000,mba,0,,0,0,-1,-1,-1,-1,-1,-1,-1,-1,-1,-1,-1,-1
1599,3,400,14,16,16,73789.425137,73789.575504,0.150367,0x405218,1,5537,2921,2616,28,20.000000,0,0,0.301134,1.200000,0.800000,mba,0,,0,0,-1,-1,-1,-1,-1,-1,-1,-1,-1,-1,-1,-1
1599,3,400,15,16,16,73789.424325,73789.558852,0.134527,0x405218,1,5487,3050,2437,62,20.000000,0,0,0.301134,1.200000,0.800000,mba,0,,0,0,-1,-1,-1,-1,-1,-1,-1,-1,-1,-1,-1,-1
1600,4,400,0,16,16,73790.579690,73790.623170,0.043480,0x4052e4,1,1846,1254,592,32,100.000000,0,0,0.058518,1.200000,0.800000,mba,0,,0,0,-1,-1,-1,-1,-1,-1,-1,-1,-1,-1,-1,-1
1600,4,400,1,16,16,73790.567908,73790.589218,0.021310,0x4052e4,1,300,252,48,2,20.000000,0,0,0.058518,1.200000,0.800000,mba,0,,0,0,-1,-1,-1,-1,-1,-1,-1,-1,-1,-1,-1,-1
1600,4,400,2,16,16,73790.567897,73790.588895,0.020998,0x4052e4,1,184,146,38,36,20.000000,0,0,0.058518,1.200000,0.800000,mba,0,,0,0,-1,-1,-1,-1,-1,-1,-1,-1,-1,-1,-1,-1
1600,4,400,3,16,16,73790.567045,73790.588275,0.021230,0x4052e4,1,146,106,40,38,20.000000,0,0,0.058518,1.200000,0.800000,mba,0,,0,0,-1,-1,-1,-1,-1,-1,-1,-1,-1,-1,-1,-1
1600,4,400,4,16,16,73790.569608,73790.592875,0.023267,0x4052e4,1,357,289,68,40,30.000000,0,0,0.058518,1.200000,0.800000,mba,0,,0,0,-1,-1,-1,-1,-1,-1,-1,-1,-1,-1,-1,-1
1600,4,400,5,16,16,73790.569366,73790.592612,0.023246,0x4052e4,1,360,304,56,42,30.000000,0,0,0.058518,1.200000,0.800000,mba,0,,0,0,-1,-1,-1,-1,-1,-1,-1,-1,-1,-1,-1,-1
1600,4,400,6,16,16,73790.570807,73790.594375,0.023568,0x4052e4,1,381,340,41,44,30.000000,0,0,0.058518,1.200000,0.800000,mba,0,,0,0,-1,-1,-1,-1,-1,-1,-1,-1,-1,-1,-1,-1
1600,4,400,7,16,16,73790.569181,73790.593275,0.024094,0x4052e4,1,394,342,52,46,30.000000,0,0,0.058518,1.200000,0.800000,mba,0,,0,0,-1,-1,-1,-1,-1,-1,-1,-1,-1,-1,-1,-1
1600,4,400,8,16,16,73790.568633,73790.592755,0.024122,0x4052e4,1,276,234,42,16,30.000000,0,0,0.058518,1.200000,0.800000,mba,0,,0,0,-1,-1,-1,-1,-1,-1,-1,-1,-1,-1,-1,-1
1600,4,400,9,16,16,73790.569059,73790.591903,0.022844,0x4052e4,1,324,285,39,18,30.000000,0,0,0.058518,1.200000,0.800000,mba,0,,0,0,-1,-1,-1,-1,-1,-1,-1,-1,-1,-1,-1,-1
1600,4,400,10,16,16,73790.568310,73790.592110,0.023800,0x4052e4,1,346,291,55,20,30.000000,0,0,0.058518,1.200000,0.800000,mba,0,,0,0,-1,-1,-1,-1,-1,-1,-1,-1,-1,-1,-1,-1
1600,4,400,11,16,16,73790.568200,73790.591219,0.023019,0x4052e4,1,399,338,61,22,30.000000,0,0,0.058518,1.200000,0.800000,mba,0,,0,0,-1,-1,-1,-1,-1,-1,-1,-1,-1,-1,-1,-1
1600,4,400,12,16,16,73790.564652,73790.588086,0.023434,0x4052e4,1,126,80,46,24,20.000000,0,0,0.058518,1.200000,0.800000,mba,0,,0,0,-1,-1,-1,-1,-1,-1,-1,-1,-1,-1,-1,-1
1600,4,400,13,16,16,73790.568000,73790.588226,0.020226,0x4052e4,1,78,40,38,26,20.000000,0,0,0.058518,1.200000,0.800000,mba,0,,0,0,-1,-1,-1,-1,-1,-1,-1,-1,-1,-1,-1,-1
1600,4,400,14,16,16,73790.564968,73790.587128,0.022160,0x4052e4,1,95,55,40,28,20.000000,0,0,0.058518,1.200000,0.800000,mba,0,,0,0,-1,-1,-1,-1,-1,-1,-1,-1,-1,-1,-1,-1
1600,4,400,15,16,16,73790.564813,73790.587455,0.022642,0x4052e4,1,79,37,42,62,20.000000,0,0,0.058518,1.200000,0.800000,mba,0,,0,0,-1,-1,-1,-1,-1,-1,-1,-1,-1,-1,-1,-1
1601,5,400,0,16,16,73790.688317,73790.708669,0.020352,0x40533c,1,26,2,24,32,50.000000,0,0,0.028541,1.200000,0.800000,mba,0,,0,0,-1,-1,-1,-1,-1,-1,-1,-1,-1,-1,-1,-1
1601,5,400,1,16,16,73790.688224,73790.708584,0.020360,0x40533c,1,99,55,44,2,50.000000,0,0,0.028541,1.200000,0.800000,mba,0,,0,0,-1,-1,-1,-1,-1,-1,-1,-1,-1,-1,-1,-1
1601,5,400,2,16,16,73790.689109,73790.709642,0.020533,0x40533c,1,68,29,39,36,50.000000,0,0,0.028541,1.200000,0.800000,mba,0,,0,0,-1,-1,-1,-1,-1,-1,-1,-1,-1,-1,-1,-1
1601,5,400,3,16,16,73790.689194,73790.709902,0.020708,0x40533c,1,118,77,41,38,50.000000,0,0,0.028541,1.200000,0.800000,mba,0,,0,0,-1,-1,-1,-1,-1,-1,-1,-1,-1,-1,-1,-1
1601,5,400,4,16,16,73790.688842,73790.714104,0.025262,0x40533c,1,695,463,232,40,80.000000,0,0,0.028541,1.200000,0.800000,mba,0,,0,0,-1,-1,-1,-1,-1,-1,-1,-1,-1,-1,-1,-1
1601,5,400,5,16,16,73790.689998,73790.715394,0.025396,0x40533c,1,685,373,312,42,80.000000,0,0,0.028541,1.200000,0.800000,mba,0,,0,0,-1,-1,-1,-1,-1,-1,-1,-1,-1,-1,-1,-1
1601,5,400,6,16,16,73790.689492,73790.714891,0.025399,0x40533c,1,728,355,373,44,80.000000,0,0,0.028541,1.200000,0.800000,mba,0,,0,0,-1,-1,-1,-1,-1,-1,-1,-1,-1,-1,-1,-1
1601,5,400,7,16,16,73790.689200,73790.714936,0.025736,0x40533c,1,844,479,365,46,100.000000,0,0,0.028541,1.200000,0.800000,mba,0,,0,0,-1,-1,-1,-1,-1,-1,-1,-1,-1,-1,-1,-1
1601,5,400,8,16,16,73790.689756,73790.714571,0.024815,0x40533c,1,869,446,423,16,80.000000,0,0,0.028541,1.200000,0.800000,mba,0,,0,0,-1,-1,-1,-1,-1,-1,-1,-1,-1,-1,-1,-1
1601,5,400,9,16,16,73790.689442,73790.714990,0.025548,0x40533c,1,602,264,338,18,80.000000,0,0,0.028541,1.200000,0.800000,mba,0,,0,0,-1,-1,-1,-1,-1,-1,-1,-1,-1,-1,-1,-1
1601,5,400,10,16,16,73790.689482,73790.715805,0.026323,0x40533c,1,803,457,346,20,80.000000,0,0,0.028541,1.200000,0.800000,mba,0,,0,0,-1,-1,-1,-1,-1,-1,-1,-1,-1,-1,-1,-1
1601,5,400,11,16,16,73790.687264,73790.713341,0.026077,0x40533c,1,695,444,251,22,80.000000,0,0,0.028541,1.200000,0.800000,mba,0,,0,0,-1,-1,-1,-1,-1,-1,-1,-1,-1,-1,-1,-1
1601,5,400,12,16,16,73790.688367,73790.708726,0.020359,0x40533c,1,117,79,38,24,50.000000,0,0,0.028541,1.200000,0.800000,mba,0,,0,0,-1,-1,-1,-1,-1,-1,-1,-1,-1,-1,-1,-1
1601,5,400,13,16,16,73790.688113,73790.708796,0.020683,0x40533c,1,112,76,36,26,50.000000,0,0,0.028541,1.200000,0.800000,mba,0,,0,0,-1,-1,-1,-1,-1,-1,-1,-1,-1,-1,-1,-1
1601,5,400,14,16,16,73790.689291,73790.709728,0.020437,0x40533c,1,37,8,29,28,50.000000,0,0,0.028541,1.200000,0.800000,mba,0,,0,0,-1,-1,-1,-1,-1,-1,-1,-1,-1,-1,-1,-1
1601,5,400,15,16,16,73790.689156,73790.709484,0.020328,0x40533c,1,92,56,36,62,50.000000,0,0,0.028541,1.200000,0.800000,mba,0,,0,0,-1,-1,-1,-1,-1,-1,-1,-1,-1,-1,-1,-1
1998,2,500,0,16,16,91610.887748,91794.744686,108.655496,0x4051ce,1,6119797,3929870,2189927,32,30.000000,1,1,185.048580,1.200000,0.800000,mba,0,,1,1,25321472,22077440,122822656,1051069612032,1054532075520,2906472448,1051069702144,1054532255744,2907643904,-1,-1,-1
1998,2,500,1,16,16,91610.906153,91794.648196,115.778763,0x4051ce,1,7711397,3969692,3741705,34,30.000000,1,1,185.048580,1.200000,0.800000,mba,0,,1,1,25321472,21356544,127148032,1051069612032,1054530363392,3074080768,1051069702144,1054530363392,3075252224,-1,-1,-1
1998,2,500,2,16,16,91610.865744,91794.666069,118.049337,0x4051ce,1,7652854,4036339,3616515,36,30.000000,1,1,185.048580,1.200000,0.800000,mba,0,,1,1,25321472,21356544,141385728,1051069612032,1054530363392,3117694976,1051069612032,1054530543616,3119046656,-1,-1,-1
1998,2,500,3,16,16,91610.875529,91794.739600,123.044692,0x4051ce,1,7654621,4366951,3287670,38,30.000000,1,1,185.048580,1.200000,0.800000,mba,0,,1,1,25321472,21987328,149045248,1051069612032,1054531985408,3208077312,1051069612032,1054532075520,3208888320,-1,-1,-1
1998,2,500,4,16,16,91610.904385,91795.727412,159.547871,0x4051ce,1,21993135,15914724,6078411,40,100.000000,1,1,185.048580,1.200000,0.800000,mba,0,,1,1,60104704,65331200,2523136,4960855015424,4972910559232,11295268864,4960855375872,4972910649344,11296620544,-1,-1,-1
1998,2,500,5,16,16,91610.900627,91795.897504,175.801085,0x4051ce,1,20838491,15176537,5661954,42,100.000000,1,1,185.048580,1.200000,0.800000,mba,0,,1,1,60104704,65060864,6127616,4960855105536,4972913082368,11993186304,4960855375872,4972913082368,11984535552,-1,-1,-1
1998,2,500,6,16,16,91610.904977,91795.808514,169.963379,0x4051ce,1,19250898,16230430,3020468,44,100.000000,1,1,185.048580,1.200000,0.800000,mba,0,,1,1,60104704,65060864,5316608,4960855105536,4972912541696,11837472768,4960855375872,4972912541696,11829182464,-1,-1,-1
1998,2,500,7,16,16,91610.858901,91795.722769,169.552720,0x4051ce,1,21373800,17525244,3848556,46,100.000000,1,1,185.048580,1.200000,0.800000,mba,0,,1,1,60104704,65241088,2433024,4960854835200,4972910288896,11866038272,4960855015424,4972910649344,11862974464,-1,-1,-1
1998,2,500,8,16,16,91610.888443,91795.710440,167.811126,0x4051ce,1,21363355,17502974,3860381,16,100.000000,1,1,185.048580,1.200000,0.800000,mba,0,,1,1,60104704,65150976,2162688,4960855015424,4972909748224,11788091392,4960855015424,4972910108672,11794128896,-1,-1,-1
1998,2,500,9,16,16,91610.898466,91795.630547,160.956039,0x4051ce,1,19998545,16980145,3018400,18,100.000000,1,1,185.048580,1.200000,0.800000,mba,0,,1,1,60104704,64520192,1531904,4960855015424,4972904431616,11388715008,4960855105536,4972904611840,11391238144,-1,-1,-1
1998,2,500,10,16,16,91610.892516,91795.655091,167.740427,0x4051ce,1,21307676,17585844,3721832,20,100.000000,1,1,185.048580,1.200000,0.800000,mba,0,,1,1,60104704,64700416,1892352,4960855015424,4972905963520,11798634496,4960855105536,4972906233856,11799625728,-1,-1,-1
1998,2,500,11,16,16,91610.913570,91795.707623,177.474546,0x4051ce,1,20590117,16916204,3673913,54,100.000000,1,1,185.048580,1.200000,0.800000,mba,0,,1,1,60104704,65150976,7659520,4960855285760,4972909748224,11987869696,4960855916544,4972910018560,11979309056,-1,-1,-1
1998,2,500,12,16,16,91610.866106,91795.433106,147.351044,0x4051ce,1,7698066,6010455,1687611,24,30.000000,1,1,185.048580,1.200000,0.800000,mba,0,,1,1,25321472,20545536,97951744,1051069612032,1054537302016,3445522432,1051069612032,1054537392128,3444621312,-1,-1,-1
1998,2,500,13,16,16,91610.848924,91795.527012,151.441409,0x4051ce,1,7681425,6285548,1395877,26,30.000000,1,1,185.048580,1.200000,0.800000,mba,0,,1,1,25231360,20545536,88670208,1051069612032,1054537482240,3453001728,1051069612032,1054537482240,3451469824,-1,-1,-1
1998,2,500,14,16,16,91610.851181,91794.929240,134.312490,0x4051ce,1,7776307,5199671,2576636,28,30.000000,1,1,185.048580,1.200000,0.800000,mba,0,,1,1,25321472,21446656,112549888,1051069612032,1054533787648,3345948672,1051069612032,1054533787648,3345317888,-1,-1,-1
1998,2,500,15,16,16,91610.904818,91794.844605,130.519171,0x4051ce,1,7617974,4763090,2854884,62,30.000000,1,1,185.048580,1.200000,0.800000,mba,0,,1,1,25411584,21987328,125616128,1051069702144,1054532976640,3310174208,1051070062592,1054533246976,3309903872,-1,-1,-1
1999,3,500,0,16,16,91796.089017,91796.232946,0.143929,0x405218,1,5594,3702,1892,32,20.000000,0,0,0.356935,1.200000,0.800000,mba,0,,0,0,-1,-1,-1,-1,-1,-1,-1,-1,-1,-1,-1,-1
1999,3,500,1,16,16,91796.086754,91796.212857,0.126103,0x405218,1,6730,3234,3496,34,20.000000,0,0,0.356935,1.200000,0.800000,mba,0,,0,0,-1,-1,-1,-1,-1,-1,-1,-1,-1,-1,-1,-1
1999,3,500,2,16,16,91796.087769,91796.208219,0.120450,0x405218,1,6248,2920,3328,36,20.000000,0,0,0.356935,1.200000,0.800000,mba,0,,0,0,-1,-1,-1,-1,-1,-1,-1,-1,-1,-1,-1,-1
1999,3,500,3,16,16,91796.086005,91796.214619,0.128614,0x405218,1,6169,2900,3269,38,20.000000,0,0,0.356935,1.200000,0.800000,mba,0,,0,0,-1,-1,-1,-1,-1,-1,-1,-1,-1,-1,-1,-1
1999,3,500,4,16,16,91796.087556,91796.367159,0.279603,0x405218,1,12857,8384,4473,40,100.000000,0,0,0.356935,1.200000,0.800000,mba,0,,0,0,-1,-1,-1,-1,-1,-1,-1,-1,-1,-1,-1,-1
1999,3,500,5,16,16,91796.087777,91796.432921,0.345144,0x405218,1,11871,7089,4782,42,100.000000,0,0,0.356935,1.200000,0.800000,mba,0,,0,0,-1,-1,-1,-1,-1,-1,-1,-1,-1,-1,-1,-1
1999,3,500,6,16,16,91796.087621,91796.442917,0.355296,0x405218,1,11292,7955,3337,44,100.000000,0,0,0.356935,1.200000,0.800000,mba,0,,0,0,-1,-1,-1,-1,-1,-1,-1,-1,-1,-1,-1,-1
1999,3,500,7,16,16,91796.088370,91796.428879,0.340509,0x405218,1,12420,8896,3524,46,100.000000,0,0,0.356935,1.200000,0.800000,mba,0,,0,0,-1,-1,-1,-1,-1,-1,-1,-1,-1,-1,-1,-1
1999,3,500,8,16,16,91796.087504,91796.368685,0.281181,0x405218,1,12379,9320,3059,16,100.000000,0,0,0.356935,1.200000,0.800000,mba,0,,0,0,-1,-1,-1,-1,-1,-1,-1,-1,-1,-1,-1,-1
1999,3,500,9,16,16,91796.087781,91796.374336,0.286555,0x405218,1,12219,9161,3058,18,100.000000,0,0,0.356935,1.200000,0.800000,mba,0,,0,0,-1,-1,-1,-1,-1,-1,-1,-1,-1,-1,-1,-1
1999,3,500,10,16,16,91796.088212,91796.367051,0.278839,0x405218,1,12514,9189,3325,20,100.000000,0,0,0.356935,1.200000,0.800000,mba,0,,0,0,-1,-1,-1,-1,-1,-1,-1,-1,-1,-1,-1,-1
1999,3,500,11,16,16,91796.088115,91796.361473,0.273358,0x405218,1,12253,8844,3409,54,100.000000,0,0,0.356935,1.200000,0.800000,mba,0,,0,0,-1,-1,-1,-1,-1,-1,-1,-1,-1,-1,-1,-1
1999,3,500,12,16,16,91796.085982,91796.236417,0.150435,0x405218,1,4960,3819,1141,24,20.000000,0,0,0.356935,1.200000,0.800000,mba,0,,0,0,-1,-1,-1,-1,-1,-1,-1,-1,-1,-1,-1,-1
1999,3,500,13,16,16,91796.086983,91796.238046,0.151063,0x405218,1,5136,3799,1337,26,20.000000,0,0,0.356935,1.200000,0.800000,mba,0,,0,0,-1,-1,-1,-1,-1,-1,-1,-1,-1,-1,-1,-1
1999,3,500,14,16,16,91796.086591,91796.228875,0.142284,0x405218,1,5520,2864,2656,28,20.000000,0,0,0.356935,1.200000,0.800000,mba,0,,0,0,-1,-1,-1,-1,-1,-1,-1,-1,-1,-1,-1,-1
1999,3,500,15,16,16,91796.087469,91796.218270,0.130801,0x405218,1,5530,3032,2498,62,20.000000,0,0,0.356935,1.200000,0.800000,mba,0,,0,0,-1,-1,-1,-1,-1,-1,-1,-1,-1,-1,-1,-1
2000,4,500,0,16,16,91797.330606,91797.375275,0.044669,0x4052e4,1,2024,1375,649,32,100.000000,0,0,0.052608,1.200000,0.800000,mba,0,,0,0,-1,-1,-1,-1,-1,-1,-1,-1,-1,-1,-1,-1
2000,4,500,1,16,16,91797.325008,91797.346560,0.021552,0x4052e4,1,323,260,63,34,20.000000,0,0,0.052608,1.200000,0.800000,mba,0,,0,0,-1,-1,-1,-1,-1,-1,-1,-1,-1,-1,-1,-1
2000,4,500,2,16,16,91797.324811,91797.346092,0.021281,0x4052e4,1,230,154,76,36,20.000000,0,0,0.052608,1.200000,0.800000,mba,0,,0,0,-1,-1,-1,-1,-1,-1,-1,-1,-1,-1,-1,-1
2000,4,500,3,16,16,91797.324743,91797.345942,0.021199,0x4052e4,1,195,140,55,38,20.000000,0,0,0.052608,1.200000,0.800000,mba,0,,0,0,-1,-1,-1,-1,-1,-1,-1,-1,-1,-1,-1,-1
2000,4,500,4,16,16,91797.324352,91797.347453,0.023101,0x4052e4,1,328,259,69,40,20.000000,0,0,0.052608,1.200000,0.800000,mba,0,,0,0,-1,-1,-1,-1,-1,-1,-1,-1,-1,-1,-1,-1
2000,4,500,5,16,16,91797.324642,91797.349402,0.024760,0x4052e4,1,242,183,59,42,20.000000,0,0,0.052608,1.200000,0.800000,mba,0,,0,0,-1,-1,-1,-1,-1,-1,-1,-1,-1,-1,-1,-1
2000,4,500,6,16,16,91797.324715,91797.349593,0.024878,0x4052e4,1,269,216,53,44,20.000000,0,0,0.052608,1.200000,0.800000,mba,0,,0,0,-1,-1,-1,-1,-1,-1,-1,-1,-1,-1,-1,-1
2000,4,500,7,16,16,91797.325421,91797.350322,0.024901,0x4052e4,1,413,339,74,46,20.000000,0,0,0.052608,1.200000,0.800000,mba,0,,0,0,-1,-1,-1,-1,-1,-1,-1,-1,-1,-1,-1,-1
2000,4,500,8,16,16,91797.323496,91797.346419,0.022923,0x4052e4,1,351,279,72,16,20.000000,0,0,0.052608,1.200000,0.800000,mba,0,,0,0,-1,-1,-1,-1,-1,-1,-1,-1,-1,-1,-1,-1
2000,4,500,9,16,16,91797.323454,91797.347009,0.023555,0x4052e4,1,314,269,45,18,20.000000,0,0,0.052608,1.200000,0.800000,mba,0,,0,0,-1,-1,-1,-1,-1,-1,-1,-1,-1,-1,-1,-1
2000,4,500,10,16,16,91797.324454,91797.348479,0.024025,0x4052e4,1,327,267,60,20,20.000000,0,0,0.052608,1.200000,0.800000,mba,0,,0,0,-1,-1,-1,-1,-1,-1,-1,-1,-1,-1,-1,-1
2000,4,500,11,16,16,91797.322667,91797.346026,0.023359,0x4052e4,1,406,353,53,54,20.000000,0,0,0.052608,1.200000,0.800000,mba,0,,0,0,-1,-1,-1,-1,-1,-1,-1,-1,-1,-1,-1,-1
2000,4,500,12,16,16,91797.323981,91797.344155,0.020174,0x4052e4,1,51,10,41,24,20.000000,0,0,0.052608,1.200000,0.800000,mba,0,,0,0,-1,-1,-1,-1,-1,-1,-1,-1,-1,-1,-1,-1
2000,4,500,13,16,16,91797.323608,91797.343955,0.020347,0x4052e4,1,86,42,44,26,20.000000,0,0,0.052608,1.200000,0.800000,mba,0,,0,0,-1,-1,-1,-1,-1,-1,-1,-1,-1,-1,-1,-1
2000,4,500,14,16,16,91797.324539,91797.344654,0.020115,0x4052e4,1,84,38,46,28,20.000000,0,0,0.052608,1.200000,0.800000,mba,0,,0,0,-1,-1,-1,-1,-1,-1,-1,-1,-1,-1,-1,-1
2000,4,500,15,16,16,91797.323687,91797.344865,0.021178,0x4052e4,1,120,69,51,62,20.000000,0,0,0.052608,1.200000,0.800000,mba,0,,0,0,-1,-1,-1,-1,-1,-1,-1,-1,-1,-1,-1,-1
2001,5,500,0,16,16,91797.442765,91797.463123,0.020358,0x40533c,1,39,2,37,32,40.000000,0,0,0.039533,1.200000,0.800000,mba,0,,0,0,-1,-1,-1,-1,-1,-1,-1,-1,-1,-1,-1,-1
2001,5,500,1,16,16,91797.442089,91797.462485,0.020396,0x40533c,1,106,63,43,34,40.000000,0,0,0.039533,1.200000,0.800000,mba,0,,0,0,-1,-1,-1,-1,-1,-1,-1,-1,-1,-1,-1,-1
2001,5,500,2,16,16,91797.442377,91797.462721,0.020344,0x40533c,1,86,53,33,36,50.000000,0,0,0.039533,1.200000,0.800000,mba,0,,0,0,-1,-1,-1,-1,-1,-1,-1,-1,-1,-1,-1,-1
2001,5,500,3,16,16,91797.442953,91797.463158,0.020205,0x40533c,1,80,49,31,38,40.000000,0,0,0.039533,1.200000,0.800000,mba,0,,0,0,-1,-1,-1,-1,-1,-1,-1,-1,-1,-1,-1,-1
2001,5,500,4,16,16,91797.443194,91797.469292,0.026098,0x40533c,1,808,500,308,40,80.000000,0,0,0.039533,1.200000,0.800000,mba,0,,0,0,-1,-1,-1,-1,-1,-1,-1,-1,-1,-1,-1,-1
2001,5,500,5,16,16,91797.441582,91797.469629,0.028047,0x40533c,1,171,96,75,42,80.000000,0,0,0.039533,1.200000,0.800000,mba,0,,0,0,-1,-1,-1,-1,-1,-1,-1,-1,-1,-1,-1,-1
2001,5,500,6,16,16,91797.442666,91797.470660,0.027994,0x40533c,1,335,192,143,44,80.000000,0,0,0.039533,1.200000,0.800000,mba,0,,0,0,-1,-1,-1,-1,-1,-1,-1,-1,-1,-1,-1,-1
2001,5,500,7,16,16,91797.444125,91797.480784,0.036659,0x40533c,1,888,516,372,46,100.000000,0,0,0.039533,1.200000,0.800000,mba,0,,0,0,-1,-1,-1,-1,-1,-1,-1,-1,-1,-1,-1,-1
2001,5,500,8,16,16,91797.442633,91797.469191,0.026558,0x40533c,1,905,465,440,16,80.000000,0,0,0.039533,1.200000,0.800000,mba,0,,0,0,-1,-1,-1,-1,-1,-1,-1,-1,-1,-1,-1,-1
2001,5,500,9,16,16,91797.442599,91797.468755,0.026156,0x40533c,1,826,396,430,18,80.000000,0,0,0.039533,1.200000,0.800000,mba,0,,0,0,-1,-1,-1,-1,-1,-1,-1,-1,-1,-1,-1,-1
2001,5,500,10,16,16,91797.442558,91797.469477,0.026919,0x40533c,1,833,491,342,20,80.000000,0,0,0.039533,1.200000,0.800000,mba,0,,0,0,-1,-1,-1,-1,-1,-1,-1,-1,-1,-1,-1,-1
2001,5,500,11,16,16,91797.441251,91797.467300,0.026049,0x40533c,1,987,565,422,54,80.000000,0,0,0.039533,1.200000,0.800000,mba,0,,0,0,-1,-1,-1,-1,-1,-1,-1,-1,-1,-1,-1,-1
2001,5,500,12,16,16,91797.441885,91797.462881,0.020996,0x40533c,1,67,25,42,24,40.000000,0,0,0.039533,1.200000,0.800000,mba,0,,0,0,-1,-1,-1,-1,-1,-1,-1,-1,-1,-1,-1,-1
2001,5,500,13,16,16,91797.442605,91797.463043,0.020438,0x40533c,1,75,46,29,26,40.000000,0,0,0.039533,1.200000,0.800000,mba,0,,0,0,-1,-1,-1,-1,-1,-1,-1,-1,-1,-1,-1,-1
2001,5,500,14,16,16,91797.442212,91797.462220,0.020008,0x40533c,1,92,67,25,28,40.000000,0,0,0.039533,1.200000,0.800000,mba,0,,0,0,-1,-1,-1,-1,-1,-1,-1,-1,-1,-1,-1,-1
2001,5,500,15,16,16,91797.441879,91797.462337,0.020458,0x40533c,1,63,29,34,62,40.000000,0,0,0.039533,1.200000,0.800000,mba,0,,0,0,-1,-1,-1,-1,-1,-1,-1,-1,-1,-1,-1,-1
2398,2,600,0,16,16,108932.925933,109101.674890,106.448788,0x4051ce,1,6130791,3828470,2302321,32,30.000000,1,1,169.709646,1.200000,0.800000,mba,0,,1,1,27033600,19554304,61816832,1396814397440,1399662837760,2424823808,1396814397440,1399662837760,2426626048,-1,-1,-1
2398,2,600,1,16,16,108932.889990,109101.550582,112.807630,0x4051ce,1,7715729,3876571,3839158,34,30.000000,1,1,169.709646,1.200000,0.800000,mba,0,,1,1,27123712,20004864,68395008,1396813946880,1399660675072,2551431168,1396814127104,1399660765184,2552782848,-1,-1,-1
2398,2,600,2,16,16,108932.921598,109101.503521,109.680272,0x4051ce,1,7071777,3513532,3558245,36,30.000000,1,1,169.709646,1.200000,0.800000,mba,0,,1,1,27033600,20455424,78127104,1396814397440,1399660044288,2493759488,1396814397440,1399660224512,2495922176,-1,-1,-1
2398,2,600,3,16,16,108932.900924,109101.648362,120.821964,0x4051ce,1,7666984,4297910,3369074,38,30.000000,1,1,169.709646,1.200000,0.800000,mba,0,,1,1,27123712,19644416,71098368,1396814036992,1399662297088,2684346368,1396814307328,1399662477312,2685157376,-1,-1,-1
2398,2,600,4,16,16,108932.895825,109102.441542,151.891741,0x4051ce,1,20595030,14602757,5992273,40,100.000000,1,1,169.709646,1.200000,0.800000,mba,0,,1,1,56860672,64880640,901120,6135115751424,6146440036352,10887241728,6135115931648,6146440126464,10887331840,-1,-1,-1
2398,2,600,5,16,16,108932.893198,109102.433619,153.375372,0x4051ce,1,20601475,14843501,5757974,42,100.000000,1,1,169.709646,1.200000,0.800000,mba,0,,1,1,56860672,64700416,720896,6135115751424,6146439856128,10998259712,6135115841536,6146440036352,10997989376,-1,-1,-1
2398,2,600,6,16,16,108932.887314,109102.372870,151.754997,0x4051ce,1,18976010,15756511,3219499,44,100.000000,1,1,169.709646,1.200000,0.800000,mba,0,,1,1,56770560,64880640,540672,6135115571200,6146435620864,10903011328,6135115751424,6146436521984,10907877376,-1,-1,-1
2398,2,600,7,16,16,108932.897162,109102.477299,159.997967,0x4051ce,1,20097908,16540766,3557142,46,100.000000,1,1,169.709646,1.200000,0.800000,mba,0,,1,1,56860672,64610304,5046272,6135115751424,6146440396800,11257241600,6135116021760,6146440396800,11249401856,-1,-1,-1
2398,2,600,8,16,16,108932.890308,109102.571561,164.277838,0x4051ce,1,19621207,15922012,3699195,48,100.000000,1,1,169.709646,1.200000,0.800000,mba,0,,1,1,56860672,64610304,9551872,6135115751424,6146441478144,11305541632,6135115751424,6146441478144,11299954688,-1,-1,-1
2398,2,600,9,16,16,108932.888104,109102.367253,152.626772,0x4051ce,1,18937346,15691665,3245681,50,100.000000,1,1,169.709646,1.200000,0.800000,mba,0,,1,1,56770560,64790528,450560,6135115751424,6146435350528,10948337664,6135115751424,6146435801088,10953654272,-1,-1,-1
2398,2,600,10,16,16,108932.903630,109102.429830,158.701180,0x4051ce,1,20056053,16455045,3601008,20,100.000000,1,1,169.709646,1.200000,0.800000,mba,0,,1,1,56860672,64700416,4145152,6135115751424,6146439585792,11237416960,6135116021760,6146439946240,11235164160,-1,-1,-1
2398,2,600,11,16,16,108932.866045,109102.454332,158.490492,0x4051ce,1,19978053,16252666,3725387,54,100.000000,1,1,169.709646,1.200000,0.800000,mba,0,,1,1,56770560,64700416,7749632,6135115661312,6146440216576,11239038976,6135115751424,6146440396800,11232550912,-1,-1,-1
2398,2,600,12,16,16,108932.885163,109102.271781,146.800107,0x4051ce,1,7707609,6047401,1660208,24,30.000000,1,1,169.709646,1.200000,0.800000,mba,0,,1,1,27123712,19193856,31358976,1396813946880,1399665180672,2845016064,1396814036992,1399665180672,2843934720,-1,-1,-1
2398,2,600,13,16,16,108932.902981,109101.698055,110.135991,0x4051ce,1,7708640,6143677,1564963,26,40.000000,1,1,169.709646,1.200000,0.800000,mba,0,,1,1,0,1441792,52535296,241720844288,242262597632,536526848,241720844288,242262597632,536616960,-1,-1,-1
2398,2,600,14,16,16,108932.861915,109101.867124,133.082042,0x4051ce,1,7784428,5183488,2600940,28,30.000000,1,1,169.709646,1.200000,0.800000,mba,0,,1,1,27123712,19464192,57040896,1396813946880,1399663648768,2785452032,1396813946880,1399663738880,2785001472,-1,-1,-1
2398,2,600,15,16,16,108932.888337,109101.748727,128.150569,0x4051ce,1,7630599,4654819,2975780,62,30.000000,1,1,169.709646,1.200000,0.800000,mba,0,,1,1,27123712,19464192,61276160,1396813946880,1399663288320,2751389696,1396814036992,1399663288320,2751479808,-1,-1,-1
2399,3,600,0,16,16,109102.756566,109102.897319,0.140753,0x405218,1,5792,3704,2088,32,20.000000,0,0,0.353393,1.200000,0.800000,mba,0,,0,0,-1,-1,-1,-1,-1,-1,-1,-1,-1,-1,-1,-1
2399,3,600,1,16,16,109102.756742,109102.883866,0.127124,0x405218,1,6754,3192,3562,34,20.000000,0,0,0.353393,1.200000,0.800000,mba,0,,0,0,-1,-1,-1,-1,-1,-1,-1,-1,-1,-1,-1,-1
2399,3,600,2,16,16,109102.756639,109102.910567,0.153928,0x405218,1,6046,2887,3159,36,20.000000,0,0,0.353393,1.200000,0.800000,mba,0,,0,0,-1,-1,-1,-1,-1,-1,-1,-1,-1,-1,-1,-1
2399,3,600,3,16,16,109102.756786,109102.890474,0.133688,0x405218,1,6185,2818,3367,38,20.000000,0,0,0.353393,1.200000,0.800000,mba,0,,0,0,-1,-1,-1,-1,-1,-1,-1,-1,-1,-1,-1,-1
2399,3,600,4,16,16,109102.756431,109103.021779,0.265348,0x405218,1,12442,7785,4657,40,100.000000,0,0,0.353393,1.200000,0.800000,mba,0,,0,0,-1,-1,-1,-1,-1,-1,-1,-1,-1,-1,-1,-1
2399,3,600,5,16,16,109102.756933,109103.023381,0.266448,0x405218,1,12382,7670,4712,42,80.000000,0,0,0.353393,1.200000,0.800000,mba,0,,0,0,-1,-1,-1,-1,-1,-1,-1,-1,-1,-1,-1,-1
2399,3,600,6,16,16,109102.757307,109103.031876,0.274569,0x405218,1,11948,8859,3089,44,100.000000,0,0,0.353393,1.200000,0.800000,mba,0,,0,0,-1,-1,-1,-1,-1,-1,-1,-1,-1,-1,-1,-1
2399,3,600,7,16,16,109102.758335,109103.108690,0.350355,0x405218,1,12072,8735,3337,46,100.000000,0,0,0.353393,1.200000,0.800000,mba,0,,0,0,-1,-1,-1,-1,-1,-1,-1,-1,-1,-1,-1,-1
2399,3,600,8,16,16,109102.755660,109103.106188,0.350528,0x405218,1,11167,8024,3143,48,100.000000,0,0,0.353393,1.200000,0.800000,mba,0,,0,0,-1,-1,-1,-1,-1,-1,-1,-1,-1,-1,-1,-1
2399,3,600,9,16,16,109102.756519,109103.031388,0.274869,0x405218,1,11943,8576,3367,50,100.000000,0,0,0.353393,1.200000,0.800000,mba,0,,0,0,-1,-1,-1,-1,-1,-1,-1,-1,-1,-1,-1,-1
2399,3,600,10,16,16,109102.756500,109103.027949,0.271449,0x405218,1,12212,8767,3445,20,100.000000,0,0,0.353393,1.200000,0.800000,mba,0,,0,0,-1,-1,-1,-1,-1,-1,-1,-1,-1,-1,-1,-1
2399,3,600,11,16,16,109102.755964,109103.026643,0.270679,0x405218,1,11955,8468,3487,54,100.000000,0,0,0.353393,1.200000,0.800000,mba,0,,0,0,-1,-1,-1,-1,-1,-1,-1,-1,-1,-1,-1,-1
2399,3,600,12,16,16,109102.755297,109102.904719,0.149422,0x405218,1,4947,3667,1280,24,20.000000,0,0,0.353393,1.200000,0.800000,mba,0,,0,0,-1,-1,-1,-1,-1,-1,-1,-1,-1,-1,-1,-1
2399,3,600,13,16,16,109102.755343,109102.907093,0.151750,0x405218,1,5111,3502,1609,26,20.000000,0,0,0.353393,1.200000,0.800000,mba,0,,0,0,-1,-1,-1,-1,-1,-1,-1,-1,-1,-1,-1,-1
2399,3,600,14,16,16,109102.755372,109102.900743,0.145371,0x405218,1,5463,2752,2711,28,20.000000,0,0,0.353393,1.200000,0.800000,mba,0,,0,0,-1,-1,-1,-1,-1,-1,-1,-1,-1,-1,-1,-1
2399,3,600,15,16,16,109102.755875,109102.874395,0.118520,0x405218,1,5487,2763,2724,62,20.000000,0,0,0.353393,1.200000,0.800000,mba,0,,0,0,-1,-1,-1,-1,-1,-1,-1,-1,-1,-1,-1,-1
2400,4,600,0,16,16,109103.983708,109104.026499,0.042791,0x4052e4,1,1985,1352,633,32,100.000000,0,0,0.050018,1.200000,0.800000,mba,0,,0,0,-1,-1,-1,-1,-1,-1,-1,-1,-1,-1,-1,-1
2400,4,600,1,16,16,109103.978770,109103.999768,0.020998,0x4052e4,1,227,172,55,34,20.000000,0,0,0.050018,1.200000,0.800000,mba,0,,0,0,-1,-1,-1,-1,-1,-1,-1,-1,-1,-1,-1,-1
2400,4,600,2,16,16,109103.977480,109103.999486,0.022006,0x4052e4,1,95,45,50,36,20.000000,0,0,0.050018,1.200000,0.800000,mba,0,,0,0,-1,-1,-1,-1,-1,-1,-1,-1,-1,-1,-1,-1
2400,4,600,3,16,16,109103.978911,109103.999675,0.020764,0x4052e4,1,165,131,34,38,20.000000,0,0,0.050018,1.200000,0.800000,mba,0,,0,0,-1,-1,-1,-1,-1,-1,-1,-1,-1,-1,-1,-1
2400,4,600,4,16,16,109103.978807,109104.002450,0.023643,0x4052e4,1,280,225,55,40,20.000000,0,0,0.050018,1.200000,0.800000,mba,0,,0,0,-1,-1,-1,-1,-1,-1,-1,-1,-1,-1,-1,-1
2400,4,600,5,16,16,109103.978019,109104.001795,0.023776,0x4052e4,1,329,278,51,42,20.000000,0,0,0.050018,1.200000,0.800000,mba,0,,0,0,-1,-1,-1,-1,-1,-1,-1,-1,-1,-1,-1,-1
2400,4,600,6,16,16,109103.978298,109104.002342,0.024044,0x4052e4,1,374,327,47,44,20.000000,0,0,0.050018,1.200000,0.800000,mba,0,,0,0,-1,-1,-1,-1,-1,-1,-1,-1,-1,-1,-1,-1
2400,4,600,7,16,16,109103.979360,109104.005261,0.025901,0x4052e4,1,447,394,53,46,20.000000,0,0,0.050018,1.200000,0.800000,mba,0,,0,0,-1,-1,-1,-1,-1,-1,-1,-1,-1,-1,-1,-1
2400,4,600,8,16,16,109103.976481,109104.002179,0.025698,0x4052e4,1,286,251,35,48,20.000000,0,0,0.050018,1.200000,0.800000,mba,0,,0,0,-1,-1,-1,-1,-1,-1,-1,-1,-1,-1,-1,-1
2400,4,600,9,16,16,109103.977381,109104.000983,0.023602,0x4052e4,1,322,264,58,50,20.000000,0,0,0.050018,1.200000,0.800000,mba,0,,0,0,-1,-1,-1,-1,-1,-1,-1,-1,-1,-1,-1,-1
2400,4,600,10,16,16,109103.978746,109104.001971,0.023225,0x4052e4,1,278,232,46,20,20.000000,0,0,0.050018,1.200000,0.800000,mba,0,,0,0,-1,-1,-1,-1,-1,-1,-1,-1,-1,-1,-1,-1
2400,4,600,11,16,16,109103.976700,109104.000323,0.023623,0x4052e4,1,457,395,62,54,20.000000,0,0,0.050018,1.200000,0.800000,mba,0,,0,0,-1,-1,-1,-1,-1,-1,-1,-1,-1,-1,-1,-1
2400,4,600,12,16,16,109103.977215,109103.997430,0.020215,0x4052e4,1,68,23,45,24,20.000000,0,0,0.050018,1.200000,0.800000,mba,0,,0,0,-1,-1,-1,-1,-1,-1,-1,-1,-1,-1,-1,-1
2400,4,600,13,16,16,109103.977377,109103.997675,0.020298,0x4052e4,1,82,21,61,26,20.000000,0,0,0.050018,1.200000,0.800000,mba,0,,0,0,-1,-1,-1,-1,-1,-1,-1,-1,-1,-1,-1,-1
2400,4,600,14,16,16,109103.976931,109103.997095,0.020164,0x4052e4,1,81,33,48,28,20.000000,0,0,0.050018,1.200000,0.800000,mba,0,,0,0,-1,-1,-1,-1,-1,-1,-1,-1,-1,-1,-1,-1
2400,4,600,15,16,16,109103.977134,109103.998256,0.021122,0x4052e4,1,105,58,47,62,20.000000,0,0,0.050018,1.200000,0.800000,mba,0,,0,0,-1,-1,-1,-1,-1,-1,-1,-1,-1,-1,-1,-1
2401,5,600,0,16,16,109104.086987,109104.107256,0.020269,0x40533c,1,42,1,41,32,40.000000,0,0,0.041597,1.200000,0.800000,mba,0,,0,0,-1,-1,-1,-1,-1,-1,-1,-1,-1,-1,-1,-1
2401,5,600,1,16,16,109104.086836,109104.107009,0.020173,0x40533c,1,74,41,33,34,40.000000,0,0,0.041597,1.200000,0.800000,mba,0,,0,0,-1,-1,-1,-1,-1,-1,-1,-1,-1,-1,-1,-1
2401,5,600,2,16,16,109104.086766,109104.107410,0.020644,0x40533c,1,57,38,19,36,40.000000,0,0,0.041597,1.200000,0.800000,mba,0,,0,0,-1,-1,-1,-1,-1,-1,-1,-1,-1,-1,-1,-1
2401,5,600,3,16,16,109104.086633,109104.106492,0.019859,0x40533c,1,141,96,45,38,40.000000,0,0,0.041597,1.200000,0.800000,mba,0,,0,0,-1,-1,-1,-1,-1,-1,-1,-1,-1,-1,-1,-1
2401,5,600,4,16,16,109104.086734,109104.112364,0.025630,0x40533c,1,701,482,219,40,80.000000,0,0,0.041597,1.200000,0.800000,mba,0,,0,0,-1,-1,-1,-1,-1,-1,-1,-1,-1,-1,-1,-1
2401,5,600,5,16,16,109104.087182,109104.112785,0.025603,0x40533c,1,673,370,303,42,80.000000,0,0,0.041597,1.200000,0.800000,mba,0,,0,0,-1,-1,-1,-1,-1,-1,-1,-1,-1,-1,-1,-1
2401,5,600,6,16,16,109104.087298,109104.112543,0.025245,0x40533c,1,704,361,343,44,80.000000,0,0,0.041597,1.200000,0.800000,mba,0,,0,0,-1,-1,-1,-1,-1,-1,-1,-1,-1,-1,-1,-1
2401,5,600,7,16,16,109104.088412,109104.126871,0.038459,0x40533c,1,592,278,314,46,100.000000,0,0,0.041597,1.200000,0.800000,mba,0,,0,0,-1,-1,-1,-1,-1,-1,-1,-1,-1,-1,-1,-1
2401,5,600,8,16,16,109104.086445,109104.114319,0.027874,0x40533c,1,137,54,83,48,80.000000,0,0,0.041597,1.200000,0.800000,mba,0,,0,0,-1,-1,-1,-1,-1,-1,-1,-1,-1,-1,-1,-1
2401,5,600,9,16,16,109104.087302,109104.113058,0.025756,0x40533c,1,715,329,386,50,80.000000,0,0,0.041597,1.200000,0.800000,mba,0,,0,0,-1,-1,-1,-1,-1,-1,-1,-1,-1,-1,-1,-1
2401,5,600,10,16,16,109104.086247,109104.112400,0.026153,0x40533c,1,824,500,324,20,80.000000,0,0,0.041597,1.200000,0.800000,mba,0,,0,0,-1,-1,-1,-1,-1,-1,-1,-1,-1,-1,-1,-1
2401,5,600,11,16,16,109104.086178,109104.112079,0.025901,0x40533c,1,810,486,324,54,80.000000,0,0,0.041597,1.200000,0.800000,mba,0,,0,0,-1,-1,-1,-1,-1,-1,-1,-1,-1,-1,-1,-1
2401,5,600,12,16,16,109104.085274,109104.105304,0.020030,0x40533c,1,75,57,18,24,40.000000,0,0,0.041597,1.200000,0.800000,mba,0,,0,0,-1,-1,-1,-1,-1,-1,-1,-1,-1,-1,-1,-1
2401,5,600,13,16,16,109104.086115,109104.106065,0.019950,0x40533c,1,52,15,37,26,40.000000,0,0,0.041597,1.200000,0.800000,mba,0,,0,0,-1,-1,-1,-1,-1,-1,-1,-1,-1,-1,-1,-1
2401,5,600,14,16,16,109104.085708,109104.105573,0.019865,0x40533c,1,89,61,28,28,40.000000,0,0,0.041597,1.200000,0.800000,mba,0,,0,0,-1,-1,-1,-1,-1,-1,-1,-1,-1,-1,-1,-1
2401,5,600,15,16,16,109104.085480,109104.105672,0.020192,0x40533c,1,58,30,28,62,40.000000,0,0,0.041597,1.200000,0.800000,mba,0,,0,0,-1,-1,-1,-1,-1,-1,-1,-1,-1,-1,-1,-1
2798,2,700,0,16,16,125267.970150,125432.074718,104.239543,0x4051ce,1,6125317,3742130,2383187,32,30.000000,1,1,164.879328,1.200000,0.800000,mba,0,,1,1,26042368,20004864,55599104,1682300207104,1684526514176,1948942336,1682300207104,1684526514176,1948491776,-1,-1,-1
2798,2,700,1,16,16,125267.997338,125431.858643,106.710872,0x4051ce,1,7301301,3460642,3840659,34,30.000000,1,1,164.879328,1.200000,0.800000,mba,0,,1,1,25952256,19734528,37216256,1682300477440,1684523360256,1983635456,1682300657664,1684523450368,1984536576,-1,-1,-1
2798,2,700,2,16,16,125267.983184,125432.025743,113.871441,0x4051ce,1,7671115,3874159,3796956,36,30.000000,1,1,164.879328,1.200000,0.800000,mba,0,,1,1,25952256,20004864,59293696,1682300207104,1684526153728,2080956416,1682300207104,1684526153728,2082217984,-1,-1,-1
2798,2,700,3,16,16,125267.957724,125432.062115,119.406896,0x4051ce,1,7672117,4218493,3453624,38,30.000000,1,1,164.879328,1.200000,0.800000,mba,0,,1,1,26132480,19824640,54337536,1682300207104,1684526424064,2148540416,1682300207104,1684526424064,2149261312,-1,-1,-1
2798,2,700,4,16,16,125268.002797,125432.690464,145.368157,0x4051ce,1,19461789,13553086,5908703,40,100.000000,1,1,164.879328,1.200000,0.800000,mba,0,,1,1,58662912,62087168,-2523136,7234317516800,7244991373312,10270154752,7234317877248,7244991553536,10269794304,-1,-1,-1
2798,2,700,5,16,16,125267.964220,125432.688550,145.522829,0x4051ce,1,19438762,13794642,5644120,42,100.000000,1,1,164.879328,1.200000,0.800000,mba,0,,1,1,58122240,61997056,-2342912,7234316345344,7244991283200,10272137216,7234316525568,7244991373312,10272497664,-1,-1,-1
2798,2,700,6,16,16,125267.960855,125432.614177,144.283121,0x4051ce,1,18009313,14746707,3262606,44,100.000000,1,1,164.879328,1.200000,0.800000,mba,0,,1,1,58122240,62087168,-2342912,7234316345344,7244985245696,10196353024,7234316435456,7244985876480,10199056384,-1,-1,-1
2798,2,700,7,16,16,125268.265165,125432.728387,152.535719,0x4051ce,1,18988958,15516622,3472336,46,100.000000,1,1,164.879328,1.200000,0.800000,mba,0,,1,1,56320000,62087168,-1351680,7234331033600,7244991823872,10554818560,7234331484160,7244991823872,10546077696,-1,-1,-1
2798,2,700,8,16,16,125268.450270,125432.825548,159.687522,0x4051ce,1,18072867,14601532,3471335,48,100.000000,1,1,164.879328,1.200000,0.800000,mba,0,,1,1,55328768,62447616,10182656,7234344910848,7244992905216,10632404992,7234345451520,7244992905216,10623844352,-1,-1,-1
2798,2,700,9,16,16,125268.254067,125432.739548,148.615403,0x4051ce,1,17586619,14342285,3244334,50,100.000000,1,1,164.879328,1.200000,0.800000,mba,0,,1,1,56229888,62087168,-1712128,7234330222592,7244991823872,10397573120,7234330943488,7244992094208,10395410432,-1,-1,-1
2798,2,700,10,16,16,125268.255986,125432.686706,150.810784,0x4051ce,1,18940902,15414243,3526659,20,100.000000,1,1,164.879328,1.200000,0.800000,mba,0,,1,1,56229888,61997056,-1531904,7234330583040,7244990922752,10500390912,7234331123712,7244991373312,10496876544,-1,-1,-1
2798,2,700,11,16,16,125267.980380,125432.698366,151.329285,0x4051ce,1,18867296,15284412,3582884,54,100.000000,1,1,164.879328,1.200000,0.800000,mba,0,,1,1,58662912,62177280,-991232,7234316795904,7244991463424,10529316864,7234316795904,7244991643648,10524000256,-1,-1,-1
2798,2,700,12,16,16,125267.977855,125431.992909,106.816229,0x4051ce,1,7743785,5876022,1867763,24,40.000000,1,1,164.879328,1.200000,0.800000,mba,0,,1,1,811008,3424256,101015552,296187150336,297311297536,1106395136,296187150336,297311297536,1106845696,-1,-1,-1
2798,2,700,13,16,16,125267.946220,125432.123285,110.544244,0x4051ce,1,7718425,6242002,1476423,26,40.000000,1,1,164.879328,1.200000,0.800000,mba,0,,1,1,720896,3514368,101466112,296187060224,297311477760,1115676672,296187150336,297311477760,1115586560,-1,-1,-1
2798,2,700,14,16,16,125267.991830,125432.300316,132.069332,0x4051ce,1,7784267,5134674,2649593,28,30.000000,1,1,164.879328,1.200000,0.800000,mba,0,,1,1,25862144,19374080,30007296,1682300387328,1684527415296,2217656320,1682300567552,1684527505408,2216484864,-1,-1,-1
2798,2,700,15,16,16,125267.977972,125432.182400,126.827899,0x4051ce,1,7631690,4588944,3042746,62,30.000000,1,1,164.879328,1.200000,0.800000,mba,0,,1,1,26132480,19734528,41721856,1682300207104,1684527054848,2198102016,1682300207104,1684527054848,2197561344,-1,-1,-1
2799,3,700,0,16,16,125433.004792,125433.141578,0.136786,0x405218,1,5838,3645,2193,32,20.000000,0,0,0.324682,1.200000,0.800000,mba,0,,0,0,-1,-1,-1,-1,-1,-1,-1,-1,-1,-1,-1,-1
2799,3,700,1,16,16,125433.003371,125433.153875,0.150504,0x405218,1,6454,3051,3403,34,20.000000,0,0,0.324682,1.200000,0.800000,mba,0,,0,0,-1,-1,-1,-1,-1,-1,-1,-1,-1,-1,-1,-1
2799,3,700,2,16,16,125433.003907,125433.128037,0.124130,0x405218,1,6265,2865,3400,36,20.000000,0,0,0.324682,1.200000,0.800000,mba,0,,0,0,-1,-1,-1,-1,-1,-1,-1,-1,-1,-1,-1,-1
2799,3,700,3,16,16,125433.003390,125433.125353,0.121963,0x405218,1,6204,2739,3465,38,20.000000,0,0,0.324682,1.200000,0.800000,mba,0,,0,0,-1,-1,-1,-1,-1,-1,-1,-1,-1,-1,-1,-1
2799,3,700,4,16,16,125433.003913,125433.255423,0.251510,0x405218,1,12094,7621,4473,40,100.000000,0,0,0.324682,1.200000,0.800000,mba,0,,0,0,-1,-1,-1,-1,-1,-1,-1,-1,-1,-1,-1,-1
2799,3,700,5,16,16,125433.003855,125433.245821,0.241966,0x405218,1,12060,7312,4748,42,80.000000,0,0,0.324682,1.200000,0.800000,mba,0,,0,0,-1,-1,-1,-1,-1,-1,-1,-1,-1,-1,-1,-1
2799,3,700,6,16,16,125433.004374,125433.267351,0.262977,0x405218,1,11770,8345,3425,44,100.000000,0,0,0.324682,1.200000,0.800000,mba,0,,0,0,-1,-1,-1,-1,-1,-1,-1,-1,-1,-1,-1,-1
2799,3,700,7,16,16,125433.005413,125433.325866,0.320453,0x405218,1,11844,8513,3331,46,100.000000,0,0,0.324682,1.200000,0.800000,mba,0,,0,0,-1,-1,-1,-1,-1,-1,-1,-1,-1,-1,-1,-1
2799,3,700,8,16,16,125433.004504,125433.328053,0.323549,0x405218,1,10945,7844,3101,48,100.000000,0,0,0.324682,1.200000,0.800000,mba,0,,0,0,-1,-1,-1,-1,-1,-1,-1,-1,-1,-1,-1,-1
2799,3,700,9,16,16,125433.004051,125433.324352,0.320301,0x405218,1,10743,7510,3233,50,100.000000,0,0,0.324682,1.200000,0.800000,mba,0,,0,0,-1,-1,-1,-1,-1,-1,-1,-1,-1,-1,-1,-1
2799,3,700,10,16,16,125433.003376,125433.267552,0.264176,0x405218,1,12019,8631,3388,20,100.000000,0,0,0.324682,1.200000,0.800000,mba,0,,0,0,-1,-1,-1,-1,-1,-1,-1,-1,-1,-1,-1,-1
2799,3,700,11,16,16,125433.003945,125433.263636,0.259691,0x405218,1,11781,8477,3304,54,100.000000,0,0,0.324682,1.200000,0.800000,mba,0,,0,0,-1,-1,-1,-1,-1,-1,-1,-1,-1,-1,-1,-1
2799,3,700,12,16,16,125433.004050,125433.148271,0.144221,0x405218,1,5803,4510,1293,24,20.000000,0,0,0.324682,1.200000,0.800000,mba,0,,0,0,-1,-1,-1,-1,-1,-1,-1,-1,-1,-1,-1,-1
2799,3,700,13,16,16,125433.003700,125433.157952,0.154252,0x405218,1,5162,3973,1189,26,20.000000,0,0,0.324682,1.200000,0.800000,mba,0,,0,0,-1,-1,-1,-1,-1,-1,-1,-1,-1,-1,-1,-1
2799,3,700,14,16,16,125433.003927,125433.148093,0.144166,0x405218,1,6275,3495,2780,28,20.000000,0,0,0.324682,1.200000,0.800000,mba,0,,0,0,-1,-1,-1,-1,-1,-1,-1,-1,-1,-1,-1,-1
2799,3,700,15,16,16,125433.003957,125433.121709,0.117752,0x405218,1,5534,2664,2870,62,20.000000,0,0,0.324682,1.200000,0.800000,mba,0,,0,0,-1,-1,-1,-1,-1,-1,-1,-1,-1,-1,-1,-1
2800,4,700,0,16,16,125434.169669,125434.210918,0.041249,0x4052e4,1,1965,1269,696,32,100.000000,0,0,0.047712,1.200000,0.800000,mba,0,,0,0,-1,-1,-1,-1,-1,-1,-1,-1,-1,-1,-1,-1
2800,4,700,1,16,16,125434.164141,125434.184153,0.020012,0x4052e4,1,95,53,42,34,20.000000,0,0,0.047712,1.200000,0.800000,mba,0,,0,0,-1,-1,-1,-1,-1,-1,-1,-1,-1,-1,-1,-1
2800,4,700,2,16,16,125434.165317,125434.185244,0.019927,0x4052e4,1,198,135,63,36,20.000000,0,0,0.047712,1.200000,0.800000,mba,0,,0,0,-1,-1,-1,-1,-1,-1,-1,-1,-1,-1,-1,-1
2800,4,700,3,16,16,125434.165278,125434.184882,0.019604,0x4052e4,1,175,124,51,38,20.000000,0,0,0.047712,1.200000,0.800000,mba,0,,0,0,-1,-1,-1,-1,-1,-1,-1,-1,-1,-1,-1,-1
2800,4,700,4,16,16,125434.166055,125434.187926,0.021871,0x4052e4,1,300,240,60,40,20.000000,0,0,0.047712,1.200000,0.800000,mba,0,,0,0,-1,-1,-1,-1,-1,-1,-1,-1,-1,-1,-1,-1
2800,4,700,5,16,16,125434.165431,125434.187021,0.021590,0x4052e4,1,361,297,64,42,20.000000,0,0,0.047712,1.200000,0.800000,mba,0,,0,0,-1,-1,-1,-1,-1,-1,-1,-1,-1,-1,-1,-1
2800,4,700,6,16,16,125434.164930,125434.187705,0.022775,0x4052e4,1,397,328,69,44,20.000000,0,0,0.047712,1.200000,0.800000,mba,0,,0,0,-1,-1,-1,-1,-1,-1,-1,-1,-1,-1,-1,-1
2800,4,700,7,16,16,125434.166186,125434.189086,0.022900,0x4052e4,1,434,365,69,46,20.000000,0,0,0.047712,1.200000,0.800000,mba,0,,0,0,-1,-1,-1,-1,-1,-1,-1,-1,-1,-1,-1,-1
2800,4,700,8,16,16,125434.163206,125434.188076,0.024870,0x4052e4,1,298,198,100,48,20.000000,0,0,0.047712,1.200000,0.800000,mba,0,,0,0,-1,-1,-1,-1,-1,-1,-1,-1,-1,-1,-1,-1
2800,4,700,9,16,16,125434.165306,125434.189892,0.024586,0x4052e4,1,201,156,45,50,20.000000,0,0,0.047712,1.200000,0.800000,mba,0,,0,0,-1,-1,-1,-1,-1,-1,-1,-1,-1,-1,-1,-1
2800,4,700,10,16,16,125434.164973,125434.187890,0.022917,0x4052e4,1,304,240,64,20,20.000000,0,0,0.047712,1.200000,0.800000,mba,0,,0,0,-1,-1,-1,-1,-1,-1,-1,-1,-1,-1,-1,-1
2800,4,700,11,16,16,125434.165214,125434.188150,0.022936,0x4052e4,1,492,424,68,54,20.000000,0,0,0.047712,1.200000,0.800000,mba,0,,0,0,-1,-1,-1,-1,-1,-1,-1,-1,-1,-1,-1,-1
2800,4,700,12,16,16,125434.165292,125434.184107,0.018815,0x4052e4,1,161,102,59,24,20.000000,0,0,0.047712,1.200000,0.800000,mba,0,,0,0,-1,-1,-1,-1,-1,-1,-1,-1,-1,-1,-1,-1
2800,4,700,13,16,16,125434.163297,125434.182591,0.019294,0x4052e4,1,84,30,54,26,20.000000,0,0,0.047712,1.200000,0.800000,mba,0,,0,0,-1,-1,-1,-1,-1,-1,-1,-1,-1,-1,-1,-1
2800,4,700,14,16,16,125434.164539,125434.183306,0.018767,0x4052e4,1,146,105,41,28,20.000000,0,0,0.047712,1.200000,0.800000,mba,0,,0,0,-1,-1,-1,-1,-1,-1,-1,-1,-1,-1,-1,-1
2800,4,700,15,16,16,125434.165028,125434.184554,0.019526,0x4052e4,1,104,51,53,62,20.000000,0,0,0.047712,1.200000,0.800000,mba,0,,0,0,-1,-1,-1,-1,-1,-1,-1,-1,-1,-1,-1,-1
2801,5,700,0,16,16,125434.267305,125434.286073,0.018768,0x40533c,1,25,0,25,32,50.000000,0,0,0.037017,1.200000,0.800000,mba,0,,0,0,-1,-1,-1,-1,-1,-1,-1,-1,-1,-1,-1,-1
2801,5,700,1,16,16,125434.266000,125434.285003,0.019003,0x40533c,1,83,60,23,34,40.000000,0,0,0.037017,1.200000,0.800000,mba,0,,0,0,-1,-1,-1,-1,-1,-1,-1,-1,-1,-1,-1,-1
2801,5,700,2,16,16,125434.265563,125434.284303,0.018740,0x40533c,1,126,91,35,36,40.000000,0,0,0.037017,1.200000,0.800000,mba,0,,0,0,-1,-1,-1,-1,-1,-1,-1,-1,-1,-1,-1,-1
2801,5,700,3,16,16,125434.265704,125434.284376,0.018672,0x40533c,1,80,47,33,38,40.000000,0,0,0.037017,1.200000,0.800000,mba,0,,0,0,-1,-1,-1,-1,-1,-1,-1,-1,-1,-1,-1,-1
2801,5,700,4,16,16,125434.267130,125434.290752,0.023622,0x40533c,1,692,427,265,40,80.000000,0,0,0.037017,1.200000,0.800000,mba,0,,0,0,-1,-1,-1,-1,-1,-1,-1,-1,-1,-1,-1,-1
2801,5,700,5,16,16,125434.266122,125434.289350,0.023228,0x40533c,1,670,370,300,42,80.000000,0,0,0.037017,1.200000,0.800000,mba,0,,0,0,-1,-1,-1,-1,-1,-1,-1,-1,-1,-1,-1,-1
2801,5,700,6,16,16,125434.266968,125434.290933,0.023965,0x40533c,1,718,366,352,44,80.000000,0,0,0.037017,1.200000,0.800000,mba,0,,0,0,-1,-1,-1,-1,-1,-1,-1,-1,-1,-1,-1,-1
2801,5,700,7,16,16,125434.267603,125434.301723,0.034120,0x40533c,1,609,303,306,46,100.000000,0,0,0.037017,1.200000,0.800000,mba,0,,0,0,-1,-1,-1,-1,-1,-1,-1,-1,-1,-1,-1,-1
2801,5,700,8,16,16,125434.265081,125434.292125,0.027044,0x40533c,1,260,144,116,48,80.000000,0,0,0.037017,1.200000,0.800000,mba,0,,0,0,-1,-1,-1,-1,-1,-1,-1,-1,-1,-1,-1,-1
2801,5,700,9,16,16,125434.265318,125434.292802,0.027484,0x40533c,1,201,113,88,50,80.000000,0,0,0.037017,1.200000,0.800000,mba,0,,0,0,-1,-1,-1,-1,-1,-1,-1,-1,-1,-1,-1,-1
2801,5,700,10,16,16,125434.265981,125434.290641,0.024660,0x40533c,1,772,452,320,20,80.000000,0,0,0.037017,1.200000,0.800000,mba,0,,0,0,-1,-1,-1,-1,-1,-1,-1,-1,-1,-1,-1,-1
2801,5,700,11,16,16,125434.265765,125434.290021,0.024256,0x40533c,1,837,519,318,54,80.000000,0,0,0.037017,1.200000,0.800000,mba,0,,0,0,-1,-1,-1,-1,-1,-1,-1,-1,-1,-1,-1,-1
2801,5,700,12,16,16,125434.265299,125434.284164,0.018865,0x40533c,1,88,67,21,24,40.000000,0,0,0.037017,1.200000,0.800000,mba,0,,0,0,-1,-1,-1,-1,-1,-1,-1,-1,-1,-1,-1,-1
2801,5,700,13,16,16,125434.266150,125434.284808,0.018658,0x40533c,1,93,66,27,26,40.000000,0,0,0.037017,1.200000,0.800000,mba,0,,0,0,-1,-1,-1,-1,-1,-1,-1,-1,-1,-1,-1,-1
2801,5,700,14,16,16,125434.264706,125434.283632,0.018926,0x40533c,1,118,99,19,28,40.000000,0,0,0.037017,1.200000,0.800000,mba,0,,0,0,-1,-1,-1,-1,-1,-1,-1,-1,-1,-1,-1,-1
2801,5,700,15,16,16,125434.265120,125434.283903,0.018783,0x40533c,1,53,31,22,62,40.000000,0,0,0.037017,1.200000,0.800000,mba,0,,0,0,-1,-1,-1,-1,-1,-1,-1,-1,-1,-1,-1,-1
3198,2,800,0,16,16,141396.133031,141556.469913,103.270387,0x4051ce,1,6130758,3694784,2435974,32,30.000000,1,1,161.082111,1.200000,0.800000,mba,0,,1,1,27123712,20275200,38567936,1906870575104,1909086609408,1942274048,1906870575104,1909086609408,1942994944,-1,-1,-1
3198,2,800,1,16,16,141396.135396,141556.361504,109.355552,0x4051ce,1,7741774,3731682,4010092,34,30.000000,1,1,161.082111,1.200000,0.800000,mba,0,,1,1,26853376,19374080,35233792,1906870575104,1909084987392,2037612544,1906870575104,1909085528064,2038784000,-1,-1,-1
3198,2,800,2,16,16,141396.135671,141556.433273,112.527897,0x4051ce,1,7681905,3825828,3856077,36,30.000000,1,1,161.082111,1.200000,0.800000,mba,0,,1,1,26943488,20094976,51363840,1906870575104,1909086248960,2073387008,1906870575104,1909086248960,2073567232,-1,-1,-1
3198,2,800,3,16,16,141396.135265,141556.457683,118.290206,0x4051ce,1,7668102,4172874,3495228,38,30.000000,1,1,161.082111,1.200000,0.800000,mba,0,,1,1,26853376,20635648,47759360,1906870575104,1909086519296,2142683136,1906870575104,1909086519296,2142502912,-1,-1,-1
3198,2,800,4,16,16,141396.133898,141557.040496,139.955750,0x4051ce,1,18818334,13053156,5765178,40,100.000000,1,1,161.082111,1.200000,0.800000,mba,0,,1,1,54697984,62898176,270336,8292945903616,8303223808000,9804906496,8292946354176,8303223988224,9805897728,-1,-1,-1
3198,2,800,5,16,16,141396.134233,141557.022844,140.897646,0x4051ce,1,18802848,13259363,5543485,42,100.000000,1,1,161.082111,1.200000,0.800000,mba,0,,1,1,54788096,62808064,180224,8292945903616,8303223447552,9861136384,8292946173952,8303223447552,9862488064,-1,-1,-1
3198,2,800,6,16,16,141396.128621,141556.971082,138.780025,0x4051ce,1,17479235,14166997,3312238,44,100.000000,1,1,161.082111,1.200000,0.800000,mba,0,,1,1,54788096,62988288,270336,8292945903616,8303219122176,9736151040,8292946173952,8303219752960,9740115968,-1,-1,-1
3198,2,800,7,16,16,141396.116757,141557.057359,146.972102,0x4051ce,1,18419140,14999787,3419353,46,100.000000,1,1,161.082111,1.200000,0.800000,mba,0,,1,1,54788096,63078400,270336,8292945903616,8303224078336,10084073472,8292945903616,8303224438784,10081730560,-1,-1,-1
3198,2,800,8,16,16,141396.147014,141557.171418,155.445796,0x4051ce,1,17396003,14020065,3375938,48,100.000000,1,1,161.082111,1.200000,0.800000,mba,0,,1,1,54697984,62988288,12165120,8292946534400,8303226421248,10255286272,8292946624512,8303226601472,10249248768,-1,-1,-1
3198,2,800,9,16,16,141396.150779,141556.962736,140.082378,0x4051ce,1,17436047,14067888,3368159,18,100.000000,1,1,161.082111,1.200000,0.800000,mba,0,,1,1,54697984,62898176,270336,8292945903616,8303218761728,9806798848,8292946534400,8303219122176,9809862656,-1,-1,-1
3198,2,800,10,16,16,141396.139769,141557.022552,144.880298,0x4051ce,1,18363193,14910939,3452254,20,100.000000,1,1,161.082111,1.200000,0.800000,mba,0,,1,1,55238656,62898176,180224,8292945903616,8303223357440,10022977536,8292946534400,8303223447552,10022436864,-1,-1,-1
3198,2,800,11,16,16,141396.166606,141557.198482,155.542024,0x4051ce,1,17304360,14042548,3261812,54,100.000000,1,1,161.082111,1.200000,0.800000,mba,0,,1,1,54697984,63078400,11984896,8292945903616,8303226601472,10257719296,8292947886080,8303226601472,10249158656,-1,-1,-1
3198,2,800,12,16,16,141396.123090,141556.409828,105.510339,0x4051ce,1,7737773,5789917,1947856,24,40.000000,1,1,161.082111,1.200000,0.800000,mba,0,,1,1,3694592,2973696,93265920,408311529472,409433243648,1104863232,408311529472,409433243648,1105494016,-1,-1,-1
3198,2,800,13,16,16,141396.140480,141556.560602,109.651750,0x4051ce,1,7715747,6182152,1533595,26,40.000000,1,1,161.082111,1.200000,0.800000,mba,0,,1,1,3604480,3153920,91734016,408311529472,409433513984,1114865664,408311529472,409433513984,1114685440,-1,-1,-1
3198,2,800,14,16,16,141396.128450,141556.679122,131.185237,0x4051ce,1,7786337,5087788,2698549,28,30.000000,1,1,161.082111,1.200000,0.800000,mba,0,,1,1,27033600,19734528,23969792,1906870575104,1909087510528,2207744000,1906870575104,1909087510528,2206212096,-1,-1,-1
3198,2,800,15,16,16,141396.116371,141556.596445,125.656705,0x4051ce,1,7632327,4533679,3098648,62,30.000000,1,1,161.082111,1.200000,0.800000,mba,0,,1,1,27123712,20275200,33611776,1906870575104,1909087420416,2190352384,1906870575104,1909087420416,2188820480,-1,-1,-1
3199,3,800,0,16,16,141557.393805,141557.535688,0.141883,0x405218,1,5739,3645,2094,32,20.000000,0,0,0.326997,1.200000,0.800000,mba,0,,0,0,-1,-1,-1,-1,-1,-1,-1,-1,-1,-1,-1,-1
3199,3,800,1,16,16,141557.391825,141557.517215,0.125390,0x405218,1,6759,3085,3674,34,20.000000,0,0,0.326997,1.200000,0.800000,mba,0,,0,0,-1,-1,-1,-1,-1,-1,-1,-1,-1,-1,-1,-1
3199,3,800,2,16,16,141557.393066,141557.513583,0.120517,0x405218,1,6236,2806,3430,36,20.000000,0,0,0.326997,1.200000,0.800000,mba,0,,0,0,-1,-1,-1,-1,-1,-1,-1,-1,-1,-1,-1,-1
3199,3,800,3,16,16,141557.392629,141557.515303,0.122674,0x405218,1,6380,2911,3469,38,20.000000,0,0,0.326997,1.200000,0.800000,mba,0,,0,0,-1,-1,-1,-1,-1,-1,-1,-1,-1,-1,-1,-1
3199,3,800,4,16,16,141557.392881,141557.643050,0.250169,0x405218,1,11857,7461,4396,40,100.000000,0,0,0.326997,1.200000,0.800000,mba,0,,0,0,-1,-1,-1,-1,-1,-1,-1,-1,-1,-1,-1,-1
3199,3,800,5,16,16,141557.392819,141557.643515,0.250696,0x405218,1,11859,7276,4583,42,80.000000,0,0,0.326997,1.200000,0.800000,mba,0,,0,0,-1,-1,-1,-1,-1,-1,-1,-1,-1,-1,-1,-1
3199,3,800,6,16,16,141557.392963,141557.651092,0.258129,0x405218,1,11565,8389,3176,44,100.000000,0,0,0.326997,1.200000,0.800000,mba,0,,0,0,-1,-1,-1,-1,-1,-1,-1,-1,-1,-1,-1,-1
3199,3,800,7,16,16,141557.393192,141557.667165,0.273973,0x405218,1,11747,8594,3153,46,100.000000,0,0,0.326997,1.200000,0.800000,mba,0,,0,0,-1,-1,-1,-1,-1,-1,-1,-1,-1,-1,-1,-1
3199,3,800,8,16,16,141557.392035,141557.717867,0.325832,0x405218,1,10830,7453,3377,48,100.000000,0,0,0.326997,1.200000,0.800000,mba,0,,0,0,-1,-1,-1,-1,-1,-1,-1,-1,-1,-1,-1,-1
3199,3,800,9,16,16,141557.392455,141557.654679,0.262224,0x405218,1,11587,7965,3622,18,100.000000,0,0,0.326997,1.200000,0.800000,mba,0,,0,0,-1,-1,-1,-1,-1,-1,-1,-1,-1,-1,-1,-1
3199,3,800,10,16,16,141557.391609,141557.657873,0.266264,0x405218,1,11773,8563,3210,20,100.000000,0,0,0.326997,1.200000,0.800000,mba,0,,0,0,-1,-1,-1,-1,-1,-1,-1,-1,-1,-1,-1,-1
3199,3,800,11,16,16,141557.391240,141557.718031,0.326791,0x405218,1,10680,7704,2976,54,100.000000,0,0,0.326997,1.200000,0.800000,mba,0,,0,0,-1,-1,-1,-1,-1,-1,-1,-1,-1,-1,-1,-1
3199,3,800,12,16,16,141557.391034,141557.544219,0.153185,0x405218,1,4987,3768,1219,24,20.000000,0,0,0.326997,1.200000,0.800000,mba,0,,0,0,-1,-1,-1,-1,-1,-1,-1,-1,-1,-1,-1,-1
3199,3,800,13,16,16,141557.391486,141557.538719,0.147233,0x405218,1,5854,4601,1253,26,20.000000,0,0,0.326997,1.200000,0.800000,mba,0,,0,0,-1,-1,-1,-1,-1,-1,-1,-1,-1,-1,-1,-1
3199,3,800,14,16,16,141557.391518,141557.529330,0.137812,0x405218,1,5453,2734,2719,28,20.000000,0,0,0.326997,1.200000,0.800000,mba,0,,0,0,-1,-1,-1,-1,-1,-1,-1,-1,-1,-1,-1,-1
3199,3,800,15,16,16,141557.391350,141557.512924,0.121574,0x405218,1,5491,2532,2959,62,20.000000,0,0,0.326997,1.200000,0.800000,mba,0,,0,0,-1,-1,-1,-1,-1,-1,-1,-1,-1,-1,-1,-1
3200,4,800,0,16,16,141558.557481,141558.606884,0.049403,0x4052e4,1,2033,1311,722,32,100.000000,0,0,0.058406,1.200000,0.800000,mba,0,,0,0,-1,-1,-1,-1,-1,-1,-1,-1,-1,-1,-1,-1
3200,4,800,1,16,16,141558.549961,141558.572282,0.022321,0x4052e4,1,240,183,57,34,20.000000,0,0,0.058406,1.200000,0.800000,mba,0,,0,0,-1,-1,-1,-1,-1,-1,-1,-1,-1,-1,-1,-1
3200,4,800,2,16,16,141558.551018,141558.573350,0.022332,0x4052e4,1,185,149,36,36,20.000000,0,0,0.058406,1.200000,0.800000,mba,0,,0,0,-1,-1,-1,-1,-1,-1,-1,-1,-1,-1,-1,-1
3200,4,800,3,16,16,141558.550102,141558.573170,0.023068,0x4052e4,1,152,94,58,38,20.000000,0,0,0.058406,1.200000,0.800000,mba,0,,0,0,-1,-1,-1,-1,-1,-1,-1,-1,-1,-1,-1,-1
3200,4,800,4,16,16,141558.550857,141558.576855,0.025998,0x4052e4,1,323,245,78,40,20.000000,0,0,0.058406,1.200000,0.800000,mba,0,,0,0,-1,-1,-1,-1,-1,-1,-1,-1,-1,-1,-1,-1
3200,4,800,5,16,16,141558.550427,141558.576587,0.026160,0x4052e4,1,377,307,70,42,20.000000,0,0,0.058406,1.200000,0.800000,mba,0,,0,0,-1,-1,-1,-1,-1,-1,-1,-1,-1,-1,-1,-1
3200,4,800,6,16,16,141558.550721,141558.576426,0.025705,0x4052e4,1,316,245,71,44,20.000000,0,0,0.058406,1.200000,0.800000,mba,0,,0,0,-1,-1,-1,-1,-1,-1,-1,-1,-1,-1,-1,-1
3200,4,800,7,16,16,141558.549986,141558.575515,0.025529,0x4052e4,1,342,285,57,46,20.000000,0,0,0.058406,1.200000,0.800000,mba,0,,0,0,-1,-1,-1,-1,-1,-1,-1,-1,-1,-1,-1,-1
3200,4,800,8,16,16,141558.549584,141558.575657,0.026073,0x4052e4,1,201,142,59,48,20.000000,0,0,0.058406,1.200000,0.800000,mba,0,,0,0,-1,-1,-1,-1,-1,-1,-1,-1,-1,-1,-1,-1
3200,4,800,9,16,16,141558.550006,141558.576607,0.026601,0x4052e4,1,401,331,70,18,20.000000,0,0,0.058406,1.200000,0.800000,mba,0,,0,0,-1,-1,-1,-1,-1,-1,-1,-1,-1,-1,-1,-1
3200,4,800,10,16,16,141558.551101,141558.577135,0.026034,0x4052e4,1,313,256,57,20,20.000000,0,0,0.058406,1.200000,0.800000,mba,0,,0,0,-1,-1,-1,-1,-1,-1,-1,-1,-1,-1,-1,-1
3200,4,800,11,16,16,141558.549897,141558.577224,0.027327,0x4052e4,1,210,160,50,54,20.000000,0,0,0.058406,1.200000,0.800000,mba,0,,0,0,-1,-1,-1,-1,-1,-1,-1,-1,-1,-1,-1,-1
3200,4,800,12,16,16,141558.548478,141558.570229,0.021751,0x4052e4,1,38,7,31,24,20.000000,0,0,0.058406,1.200000,0.800000,mba,0,,0,0,-1,-1,-1,-1,-1,-1,-1,-1,-1,-1,-1,-1
3200,4,800,13,16,16,141558.548517,141558.571258,0.022741,0x4052e4,1,152,101,51,26,20.000000,0,0,0.058406,1.200000,0.800000,mba,0,,0,0,-1,-1,-1,-1,-1,-1,-1,-1,-1,-1,-1,-1
3200,4,800,14,16,16,141558.549065,141558.571439,0.022374,0x4052e4,1,80,39,41,28,20.000000,0,0,0.058406,1.200000,0.800000,mba,0,,0,0,-1,-1,-1,-1,-1,-1,-1,-1,-1,-1,-1,-1
3200,4,800,15,16,16,141558.549619,141558.572349,0.022730,0x4052e4,1,99,33,66,62,20.000000,0,0,0.058406,1.200000,0.800000,mba,0,,0,0,-1,-1,-1,-1,-1,-1,-1,-1,-1,-1,-1,-1
3201,5,800,0,16,16,141558.664173,141558.684792,0.020619,0x40533c,1,38,1,37,32,50.000000,0,0,0.028504,1.200000,0.800000,mba,0,,0,0,-1,-1,-1,-1,-1,-1,-1,-1,-1,-1,-1,-1
3201,5,800,1,16,16,141558.665114,141558.685229,0.020115,0x40533c,1,58,27,31,34,40.000000,0,0,0.028504,1.200000,0.800000,mba,0,,0,0,-1,-1,-1,-1,-1,-1,-1,-1,-1,-1,-1,-1
3201,5,800,2,16,16,141558.664575,141558.684839,0.020264,0x40533c,1,102,73,29,36,40.000000,0,0,0.028504,1.200000,0.800000,mba,0,,0,0,-1,-1,-1,-1,-1,-1,-1,-1,-1,-1,-1,-1
3201,5,800,3,16,16,141558.663403,141558.683407,0.020004,0x40533c,1,109,66,43,38,40.000000,0,0,0.028504,1.200000,0.800000,mba,0,,0,0,-1,-1,-1,-1,-1,-1,-1,-1,-1,-1,-1,-1
3201,5,800,4,16,16,141558.664124,141558.690883,0.026759,0x40533c,1,488,284,204,40,80.000000,0,0,0.028504,1.200000,0.800000,mba,0,,0,0,-1,-1,-1,-1,-1,-1,-1,-1,-1,-1,-1,-1
3201,5,800,5,16,16,141558.665001,141558.691199,0.026198,0x40533c,1,632,320,312,42,80.000000,0,0,0.028504,1.200000,0.800000,mba,0,,0,0,-1,-1,-1,-1,-1,-1,-1,-1,-1,-1,-1,-1
3201,5,800,6,16,16,141558.665244,141558.690120,0.024876,0x40533c,1,682,310,372,44,80.000000,0,0,0.028504,1.200000,0.800000,mba,0,,0,0,-1,-1,-1,-1,-1,-1,-1,-1,-1,-1,-1,-1
3201,5,800,7,16,16,141558.665059,141558.690033,0.024974,0x40533c,1,671,386,285,46,100.000000,0,0,0.028504,1.200000,0.800000,mba,0,,0,0,-1,-1,-1,-1,-1,-1,-1,-1,-1,-1,-1,-1
3201,5,800,8,16,16,141558.665327,141558.691410,0.026083,0x40533c,1,255,87,168,48,80.000000,0,0,0.028504,1.200000,0.800000,mba,0,,0,0,-1,-1,-1,-1,-1,-1,-1,-1,-1,-1,-1,-1
3201,5,800,9,16,16,141558.665661,141558.691043,0.025382,0x40533c,1,629,233,396,18,80.000000,0,0,0.028504,1.200000,0.800000,mba,0,,0,0,-1,-1,-1,-1,-1,-1,-1,-1,-1,-1,-1,-1
3201,5,800,10,16,16,141558.665468,141558.691907,0.026439,0x40533c,1,701,371,330,20,80.000000,0,0,0.028504,1.200000,0.800000,mba,0,,0,0,-1,-1,-1,-1,-1,-1,-1,-1,-1,-1,-1,-1
3201,5,800,11,16,16,141558.664161,141558.690640,0.026479,0x40533c,1,292,154,138,54,80.000000,0,0,0.028504,1.200000,0.800000,mba,0,,0,0,-1,-1,-1,-1,-1,-1,-1,-1,-1,-1,-1,-1
3201,5,800,12,16,16,141558.663809,141558.683845,0.020036,0x40533c,1,51,23,28,24,40.000000,0,0,0.028504,1.200000,0.800000,mba,0,,0,0,-1,-1,-1,-1,-1,-1,-1,-1,-1,-1,-1,-1
3201,5,800,13,16,16,141558.663767,141558.683972,0.020205,0x40533c,1,96,69,27,26,40.000000,0,0,0.028504,1.200000,0.800000,mba,0,,0,0,-1,-1,-1,-1,-1,-1,-1,-1,-1,-1,-1,-1
3201,5,800,14,16,16,141558.664707,141558.684966,0.020259,0x40533c,1,70,44,26,28,40.000000,0,0,0.028504,1.200000,0.800000,mba,0,,0,0,-1,-1,-1,-1,-1,-1,-1,-1,-1,-1,-1,-1
3201,5,800,15,16,16,141558.664013,141558.684399,0.020386,0x40533c,1,36,9,27,62,40.000000,0,0,0.028504,1.200000,0.800000,mba,0,,0,0,-1,-1,-1,-1,-1,-1,-1,-1,-1,-1,-1,-1
3598,2,900,0,16,16,156769.574361,156920.271041,102.015650,0x4051ce,1,6137685,3636482,2501203,32,30.000000,1,1,151.292658,1.200000,0.800000,mba,0,,1,1,26853376,19193856,38928384,2128202768384,2130400419840,1906229248,2128202768384,2130400419840,1908121600,-1,-1,-1
3598,2,900,1,16,16,156769.613281,156920.188928,108.322849,0x4051ce,1,7754970,3699393,4055577,34,30.000000,1,1,151.292658,1.200000,0.800000,mba,0,,1,1,27394048,19013632,37666816,2128203038720,2130398887936,2013011968,2128203128832,2130398978048,2013282304,-1,-1,-1
3598,2,900,2,16,16,156769.612592,156920.246449,111.425155,0x4051ce,1,7692584,3805574,3887010,4,30.000000,1,1,151.292658,1.200000,0.800000,mba,0,,1,1,27394048,19193856,48480256,2128203038720,2130400059392,2051309568,2128203128832,2130400149504,2051309568,-1,-1,-1
3598,2,900,3,16,16,156769.572000,156920.306076,117.610146,0x4051ce,1,7687495,4142514,3544981,38,30.000000,1,1,151.292658,1.200000,0.800000,mba,0,,1,1,26943488,19283968,42532864,2128202678272,2130400509952,2123489280,2128202768384,2130400509952,2124120064,-1,-1,-1
3598,2,900,4,16,16,156769.581485,156920.791171,138.668935,0x4051ce,1,18248692,12569129,5679563,40,100.000000,1,1,151.292658,1.200000,0.800000,mba,0,,1,1,52355072,62447616,-270336,9307363360768,9317339660288,9658744832,9307363450880,9317339840512,9657663488,-1,-1,-1
3598,2,900,5,16,16,156769.580625,156920.771333,139.499072,0x4051ce,1,18220734,12842920,5377814,42,100.000000,1,1,151.292658,1.200000,0.800000,mba,0,,1,1,52355072,62177280,-540672,9307363090432,9317339119616,9722634240,9307363360768,9317339389952,9721372672,-1,-1,-1
3598,2,900,6,16,16,156769.583376,156920.846609,142.165625,0x4051ce,1,16334984,13211040,3123944,44,100.000000,1,1,151.292658,1.200000,0.800000,mba,0,,1,1,52355072,62627840,4415488,9307363090432,9317340200960,9809682432,9307363360768,9317340200960,9804095488,-1,-1,-1
3598,2,900,7,16,16,156769.586482,156920.828749,144.789764,0x4051ce,1,17890899,14434912,3455987,46,100.000000,1,1,151.292658,1.200000,0.800000,mba,0,,1,1,52174848,62627840,10813440,9307363360768,9317340200960,9939533824,9307363540992,9317340200960,9927548928,-1,-1,-1
3598,2,900,8,16,16,156769.553951,156920.785479,144.153171,0x4051ce,1,17882470,14343025,3539445,48,100.000000,1,1,151.292658,1.200000,0.800000,mba,0,,1,1,52355072,62357504,8921088,9307363090432,9317339570176,9935839232,9307363360768,9317339840512,9929981952,-1,-1,-1
3598,2,900,9,16,16,156769.787313,156920.714755,137.800248,0x4051ce,1,16947309,13606139,3341170,18,100.000000,1,1,151.292658,1.200000,0.800000,mba,0,,1,1,51363840,61636608,-991232,9307377598464,9317335334912,9593864192,9307377958912,9317335605248,9597829120,-1,-1,-1
3598,2,900,10,16,16,156769.562522,156920.751334,143.901546,0x4051ce,1,17832664,14508453,3324211,20,100.000000,1,1,151.292658,1.200000,0.800000,mba,0,,1,1,52355072,61726720,6307840,9307363090432,9317337587712,9925025792,9307363360768,9317338128384,9919258624,-1,-1,-1
3598,2,900,11,16,16,156769.617275,156920.761799,144.470339,0x4051ce,1,17779551,14325077,3454474,54,100.000000,1,1,151.292658,1.200000,0.800000,mba,0,,1,1,51994624,61906944,10543104,9307364622336,9317338398720,9938182144,9307365072896,9317338759168,9932685312,-1,-1,-1
3598,2,900,12,16,16,156769.578415,156920.281618,106.498110,0x4051ce,1,7742988,5872793,1870195,24,40.000000,1,1,151.292658,1.200000,0.800000,mba,0,,1,1,2703360,2883584,94887936,520790679552,521924558848,1117929472,520790679552,521924558848,1118019584,-1,-1,-1
3598,2,900,13,16,16,156769.564159,156920.397654,110.131263,0x4051ce,1,7715273,6226576,1488697,26,40.000000,1,1,151.292658,1.200000,0.800000,mba,0,,1,1,2703360,2883584,92454912,520790679552,521924919296,1126760448,520790679552,521924919296,1125859328,-1,-1,-1
3598,2,900,14,16,16,156769.618185,156920.556547,130.756501,0x4051ce,1,7798006,5073162,2724844,28,30.000000,1,1,151.292658,1.200000,0.800000,mba,0,,1,1,27394048,18743296,15138816,2128203038720,2130401681408,2191253504,2128203128832,2130401681408,2190172160,-1,-1,-1
3598,2,900,15,16,16,156769.617711,156920.424148,124.620459,0x4051ce,1,7638671,4490813,3147858,62,30.000000,1,1,151.292658,1.200000,0.800000,mba,0,,1,1,27394048,19013632,29466624,2128203038720,2130401230848,2171158528,2128203128832,2130401230848,2171158528,-1,-1,-1
3599,3,900,0,16,16,156921.015942,156921.157238,0.141296,0x405218,1,5739,3563,2176,32,20.000000,0,0,0.319832,1.200000,0.800000,mba,0,,0,0,-1,-1,-1,-1,-1,-1,-1,-1,-1,-1,-1,-1
3599,3,900,1,16,16,156921.014317,156921.142896,0.128579,0x405218,1,6732,3057,3675,34,20.000000,0,0,0.319832,1.200000,0.800000,mba,0,,0,0,-1,-1,-1,-1,-1,-1,-1,-1,-1,-1,-1,-1
3599,3,900,2,16,16,156921.014459,156921.140363,0.125904,0x405218,1,6476,2910,3566,4,20.000000,0,0,0.319832,1.200000,0.800000,mba,0,,0,0,-1,-1,-1,-1,-1,-1,-1,-1,-1,-1,-1,-1
3599,3,900,3,16,16,156921.013987,156921.139109,0.125122,0x405218,1,6204,2683,3521,38,20.000000,0,0,0.319832,1.200000,0.800000,mba,0,,0,0,-1,-1,-1,-1,-1,-1,-1,-1,-1,-1,-1,-1
3599,3,900,4,16,16,156921.014109,156921.256030,0.241921,0x405218,1,11705,7339,4366,40,100.000000,0,0,0.319832,1.200000,0.800000,mba,0,,0,0,-1,-1,-1,-1,-1,-1,-1,-1,-1,-1,-1,-1
3599,3,900,5,16,16,156921.014914,156921.257279,0.242365,0x405218,1,11723,7400,4323,42,80.000000,0,0,0.319832,1.200000,0.800000,mba,0,,0,0,-1,-1,-1,-1,-1,-1,-1,-1,-1,-1,-1,-1
3599,3,900,6,16,16,156921.014282,156921.333203,0.318921,0x405218,1,10367,7146,3221,44,100.000000,0,0,0.319832,1.200000,0.800000,mba,0,,0,0,-1,-1,-1,-1,-1,-1,-1,-1,-1,-1,-1,-1
3599,3,900,7,16,16,156921.013656,156921.281732,0.268076,0x405218,1,11567,8263,3304,46,100.000000,0,0,0.319832,1.200000,0.800000,mba,0,,0,0,-1,-1,-1,-1,-1,-1,-1,-1,-1,-1,-1,-1
3599,3,900,8,16,16,156921.014707,156921.263837,0.249130,0x405218,1,11677,8489,3188,48,100.000000,0,0,0.319832,1.200000,0.800000,mba,0,,0,0,-1,-1,-1,-1,-1,-1,-1,-1,-1,-1,-1,-1
3599,3,900,9,16,16,156921.015166,156921.272163,0.256997,0x405218,1,11435,7978,3457,18,100.000000,0,0,0.319832,1.200000,0.800000,mba,0,,0,0,-1,-1,-1,-1,-1,-1,-1,-1,-1,-1,-1,-1
3599,3,900,10,16,16,156921.014053,156921.268873,0.254820,0x405218,1,11662,8318,3344,20,100.000000,0,0,0.319832,1.200000,0.800000,mba,0,,0,0,-1,-1,-1,-1,-1,-1,-1,-1,-1,-1,-1,-1
3599,3,900,11,16,16,156921.014842,156921.266109,0.251267,0x405218,1,11503,8208,3295,54,100.000000,0,0,0.319832,1.200000,0.800000,mba,0,,0,0,-1,-1,-1,-1,-1,-1,-1,-1,-1,-1,-1,-1
3599,3,900,12,16,16,156921.014194,156921.166819,0.152625,0x405218,1,4980,3738,1242,24,20.000000,0,0,0.319832,1.200000,0.800000,mba,0,,0,0,-1,-1,-1,-1,-1,-1,-1,-1,-1,-1,-1,-1
3599,3,900,13,16,16,156921.013371,156921.163585,0.150214,0x405218,1,5059,3436,1623,26,20.000000,0,0,0.319832,1.200000,0.800000,mba,0,,0,0,-1,-1,-1,-1,-1,-1,-1,-1,-1,-1,-1,-1
3599,3,900,14,16,16,156921.014218,156921.158316,0.144098,0x405218,1,6352,3545,2807,28,20.000000,0,0,0.319832,1.200000,0.800000,mba,0,,0,0,-1,-1,-1,-1,-1,-1,-1,-1,-1,-1,-1,-1
3599,3,900,15,16,16,156921.013894,156921.130289,0.116395,0x405218,1,5500,2669,2831,62,20.000000,0,0,0.319832,1.200000,0.800000,mba,0,,0,0,-1,-1,-1,-1,-1,-1,-1,-1,-1,-1,-1,-1
3600,4,900,0,16,16,156922.187607,156922.228087,0.040480,0x4052e4,1,1884,1161,723,32,100.000000,0,0,0.047245,1.200000,0.800000,mba,0,,0,0,-1,-1,-1,-1,-1,-1,-1,-1,-1,-1,-1,-1
3600,4,900,1,16,16,156922.181825,156922.202580,0.020755,0x4052e4,1,257,177,80,34,20.000000,0,0,0.047245,1.200000,0.800000,mba,0,,0,0,-1,-1,-1,-1,-1,-1,-1,-1,-1,-1,-1,-1
3600,4,900,2,16,16,156922.182586,156922.204242,0.021656,0x4052e4,1,275,233,42,4,20.000000,0,0,0.047245,1.200000,0.800000,mba,0,,0,0,-1,-1,-1,-1,-1,-1,-1,-1,-1,-1,-1,-1
3600,4,900,3,16,16,156922.181615,156922.202791,0.021176,0x4052e4,1,162,123,39,38,20.000000,0,0,0.047245,1.200000,0.800000,mba,0,,0,0,-1,-1,-1,-1,-1,-1,-1,-1,-1,-1,-1,-1
3600,4,900,4,16,16,156922.180842,156922.204398,0.023556,0x4052e4,1,307,259,48,40,20.000000,0,0,0.047245,1.200000,0.800000,mba,0,,0,0,-1,-1,-1,-1,-1,-1,-1,-1,-1,-1,-1,-1
3600,4,900,5,16,16,156922.182103,156922.206048,0.023945,0x4052e4,1,314,259,55,42,20.000000,0,0,0.047245,1.200000,0.800000,mba,0,,0,0,-1,-1,-1,-1,-1,-1,-1,-1,-1,-1,-1,-1
3600,4,900,6,16,16,156922.181396,156922.206843,0.025447,0x4052e4,1,170,128,42,44,20.000000,0,0,0.047245,1.200000,0.800000,mba,0,,0,0,-1,-1,-1,-1,-1,-1,-1,-1,-1,-1,-1,-1
3600,4,900,7,16,16,156922.181840,156922.205569,0.023729,0x4052e4,1,366,321,45,46,20.000000,0,0,0.047245,1.200000,0.800000,mba,0,,0,0,-1,-1,-1,-1,-1,-1,-1,-1,-1,-1,-1,-1
3600,4,900,8,16,16,156922.182182,156922.206396,0.024214,0x4052e4,1,263,223,40,48,20.000000,0,0,0.047245,1.200000,0.800000,mba,0,,0,0,-1,-1,-1,-1,-1,-1,-1,-1,-1,-1,-1,-1
3600,4,900,9,16,16,156922.182675,156922.207614,0.024939,0x4052e4,1,378,303,75,18,20.000000,0,0,0.047245,1.200000,0.800000,mba,0,,0,0,-1,-1,-1,-1,-1,-1,-1,-1,-1,-1,-1,-1
3600,4,900,10,16,16,156922.182092,156922.205307,0.023215,0x4052e4,1,361,306,55,20,20.000000,0,0,0.047245,1.200000,0.800000,mba,0,,0,0,-1,-1,-1,-1,-1,-1,-1,-1,-1,-1,-1,-1
3600,4,900,11,16,16,156922.182204,156922.207003,0.024799,0x4052e4,1,428,370,58,54,20.000000,0,0,0.047245,1.200000,0.800000,mba,0,,0,0,-1,-1,-1,-1,-1,-1,-1,-1,-1,-1,-1,-1
3600,4,900,12,16,16,156922.181841,156922.201939,0.020098,0x4052e4,1,65,11,54,24,20.000000,0,0,0.047245,1.200000,0.800000,mba,0,,0,0,-1,-1,-1,-1,-1,-1,-1,-1,-1,-1,-1,-1
3600,4,900,13,16,16,156922.181459,156922.201658,0.020199,0x4052e4,1,82,38,44,26,20.000000,0,0,0.047245,1.200000,0.800000,mba,0,,0,0,-1,-1,-1,-1,-1,-1,-1,-1,-1,-1,-1,-1
3600,4,900,14,16,16,156922.182244,156922.202501,0.020257,0x4052e4,1,144,98,46,28,20.000000,0,0,0.047245,1.200000,0.800000,mba,0,,0,0,-1,-1,-1,-1,-1,-1,-1,-1,-1,-1,-1,-1
3600,4,900,15,16,16,156922.182673,156922.203695,0.021022,0x4052e4,1,73,31,42,62,20.000000,0,0,0.047245,1.200000,0.800000,mba,0,,0,0,-1,-1,-1,-1,-1,-1,-1,-1,-1,-1,-1,-1
3601,5,900,0,16,16,156922.289038,156922.309373,0.020335,0x40533c,1,41,3,38,32,50.000000,0,0,0.028760,1.200000,0.800000,mba,0,,0,0,-1,-1,-1,-1,-1,-1,-1,-1,-1,-1,-1,-1
3601,5,900,1,16,16,156922.289897,156922.310182,0.020285,0x40533c,1,78,45,33,34,40.000000,0,0,0.028760,1.200000,0.800000,mba,0,,0,0,-1,-1,-1,-1,-1,-1,-1,-1,-1,-1,-1,-1
3601,5,900,2,16,16,156922.289716,156922.310329,0.020613,0x40533c,1,103,56,47,4,40.000000,0,0,0.028760,1.200000,0.800000,mba,0,,0,0,-1,-1,-1,-1,-1,-1,-1,-1,-1,-1,-1,-1
3601,5,900,3,16,16,156922.289559,156922.309741,0.020182,0x40533c,1,118,82,36,38,40.000000,0,0,0.028760,1.200000,0.800000,mba,0,,0,0,-1,-1,-1,-1,-1,-1,-1,-1,-1,-1,-1,-1
3601,5,900,4,16,16,156922.290233,156922.316236,0.026003,0x40533c,1,646,391,255,40,80.000000,0,0,0.028760,1.200000,0.800000,mba,0,,0,0,-1,-1,-1,-1,-1,-1,-1,-1,-1,-1,-1,-1
3601,5,900,5,16,16,156922.289144,156922.314586,0.025442,0x40533c,1,592,365,227,42,80.000000,0,0,0.028760,1.200000,0.800000,mba,0,,0,0,-1,-1,-1,-1,-1,-1,-1,-1,-1,-1,-1,-1
3601,5,900,6,16,16,156922.290238,156922.317670,0.027432,0x40533c,1,183,98,85,44,80.000000,0,0,0.028760,1.200000,0.800000,mba,0,,0,0,-1,-1,-1,-1,-1,-1,-1,-1,-1,-1,-1,-1
3601,5,900,7,16,16,156922.290234,156922.316609,0.026375,0x40533c,1,702,412,290,46,100.000000,0,0,0.028760,1.200000,0.800000,mba,0,,0,0,-1,-1,-1,-1,-1,-1,-1,-1,-1,-1,-1,-1
3601,5,900,8,16,16,156922.290620,156922.316467,0.025847,0x40533c,1,735,355,380,48,80.000000,0,0,0.028760,1.200000,0.800000,mba,0,,0,0,-1,-1,-1,-1,-1,-1,-1,-1,-1,-1,-1,-1
3601,5,900,9,16,16,156922.289672,156922.317348,0.027676,0x40533c,1,716,306,410,18,80.000000,0,0,0.028760,1.200000,0.800000,mba,0,,0,0,-1,-1,-1,-1,-1,-1,-1,-1,-1,-1,-1,-1
3601,5,900,10,16,16,156922.288910,156922.314213,0.025303,0x40533c,1,777,440,337,20,80.000000,0,0,0.028760,1.200000,0.800000,mba,0,,0,0,-1,-1,-1,-1,-1,-1,-1,-1,-1,-1,-1,-1
3601,5,900,11,16,16,156922.289007,156922.314637,0.025630,0x40533c,1,865,536,329,54,80.000000,0,0,0.028760,1.200000,0.800000,mba,0,,0,0,-1,-1,-1,-1,-1,-1,-1,-1,-1,-1,-1,-1
3601,5,900,12,16,16,156922.289551,156922.309509,0.019958,0x40533c,1,98,63,35,24,40.000000,0,0,0.028760,1.200000,0.800000,mba,0,,0,0,-1,-1,-1,-1,-1,-1,-1,-1,-1,-1,-1,-1
3601,5,900,13,16,16,156922.288944,156922.309251,0.020307,0x40533c,1,88,49,39,26,40.000000,0,0,0.028760,1.200000,0.800000,mba,0,,0,0,-1,-1,-1,-1,-1,-1,-1,-1,-1,-1,-1,-1
3601,5,900,14,16,16,156922.289968,156922.309949,0.019981,0x40533c,1,92,67,25,28,40.000000,0,0,0.028760,1.200000,0.800000,mba,0,,0,0,-1,-1,-1,-1,-1,-1,-1,-1,-1,-1,-1,-1
3601,5,900,15,16,16,156922.289081,156922.309323,0.020242,0x40533c,1,60,24,36,62,40.000000,0,0,0.028760,1.200000,0.800000,mba,0,,0,0,-1,-1,-1,-1,-1,-1,-1,-1,-1,-1,-1,-1
3998,2,1000,0,16,16,171797.096492,171940.805891,100.002073,0x4051ce,1,6135196,3539690,2595506,32,30.000000,1,1,144.237337,1.200000,0.800000,mba,0,,1,1,29466624,16850944,19013632,2347203403776,2348918145024,1531723776,2347203493888,2348918235136,1533075456,-1,-1,-1
3998,2,1000,1,16,16,171797.061566,171940.700448,105.938998,0x4051ce,1,7765181,3626373,4138808,34,30.000000,1,1,144.237337,1.200000,0.800000,mba,0,,1,1,29196288,17031168,24420352,2347203223552,2348917153792,1594171392,2347203223552,2348917243904,1595072512,-1,-1,-1
3998,2,1000,2,16,16,171797.343592,171940.634346,103.625007,0x4051ce,1,7081475,3290826,3790649,36,30.000000,1,1,144.237337,1.200000,0.800000,mba,0,,1,1,29736960,17301504,30638080,2347206377472,2348916252672,1573265408,2347206377472,2348916252672,1574166528,-1,-1,-1
3998,2,1000,3,16,16,171797.053316,171940.841317,115.662584,0x4051ce,1,7699780,4081112,3618668,38,30.000000,1,1,144.237337,1.200000,0.800000,mba,0,,1,1,29106176,16760832,21716992,2347203223552,2348918325248,1675993088,2347203223552,2348918415360,1675993088,-1,-1,-1
3998,2,1000,4,16,16,171797.073072,171941.227839,132.876305,0x4051ce,1,17500881,11841807,5659074,40,100.000000,1,1,144.237337,1.200000,0.800000,mba,0,,1,1,52625408,61726720,811008,10282291757056,10291792084992,9250357248,10282291757056,10291792084992,9250447360,-1,-1,-1
3998,2,1000,5,16,16,171797.071328,171941.209464,133.524914,0x4051ce,1,17471917,12079954,5391963,42,100.000000,1,1,144.237337,1.200000,0.800000,mba,0,,1,1,52805632,61095936,270336,10282291486720,10291791634432,9301811200,10282291757056,10291791994880,9301540864,-1,-1,-1
3998,2,1000,6,16,16,171797.060095,171941.127586,131.806429,0x4051ce,1,16314034,13003867,3310167,44,100.000000,1,1,144.237337,1.200000,0.800000,mba,0,,1,1,52715520,61636608,811008,10282291486720,10291786858496,9191604224,10282291576832,10291787218944,9197281280,-1,-1,-1
3998,2,1000,7,16,16,171797.067986,171941.263652,138.548369,0x4051ce,1,17181044,13855621,3325423,46,100.000000,1,1,144.237337,1.200000,0.800000,mba,0,,1,1,52805632,61816832,9011200,10282291486720,10291792265216,9478250496,10282291757056,10291792265216,9470500864,-1,-1,-1
3998,2,1000,8,16,16,171797.059494,171941.213661,138.045007,0x4051ce,1,17182446,13656145,3526301,48,100.000000,1,1,144.237337,1.200000,0.800000,mba,0,,1,1,52715520,61546496,7118848,10282291486720,10291791994880,9469689856,10282291486720,10291791994880,9465905152,-1,-1,-1
3998,2,1000,9,16,16,171797.068241,171941.144901,132.249796,0x4051ce,1,16273231,12851091,3422140,18,100.000000,1,1,144.237337,1.200000,0.800000,mba,0,,1,1,52805632,61456384,630784,10282291486720,10291788029952,9221251072,10282291576832,10291788300288,9226117120,-1,-1,-1
3998,2,1000,10,16,16,171797.072937,171941.223802,136.914060,0x4051ce,1,17125858,13794565,3331293,20,100.000000,1,1,144.237337,1.200000,0.800000,mba,0,,1,1,52805632,61546496,5046272,10282291486720,10291792084992,9453469696,10282291757056,10291792084992,9448693760,-1,-1,-1
3998,2,1000,11,16,16,171797.053850,171941.236795,137.753566,0x4051ce,1,17064348,13640787,3423561,54,100.000000,1,1,144.237337,1.200000,0.800000,mba,0,,1,1,52805632,61816832,5316608,10282291486720,10291792084992,9469509632,10282291666944,10291792084992,9465364480,-1,-1,-1
3998,2,1000,12,16,16,171797.062088,171940.850019,106.157009,0x4051ce,1,7746632,5857586,1889046,56,40.000000,1,1,144.237337,1.200000,0.800000,mba,0,,1,1,3334144,5406720,107323392,632995979264,634565910528,1553891328,632996249600,634566000640,1553801216,-1,-1,-1
3998,2,1000,13,16,16,171797.026315,171940.940256,109.642613,0x4051ce,1,7713271,6207476,1505795,26,40.000000,1,1,144.237337,1.200000,0.800000,mba,0,,1,1,3334144,5496832,102277120,632995979264,634566090752,1561821184,632995979264,634566090752,1561460736,-1,-1,-1
3998,2,1000,14,16,16,171797.080602,171940.520100,96.615782,0x4051ce,1,7819145,5100710,2718435,28,40.000000,1,1,144.237337,1.200000,0.800000,mba,0,,1,1,3244032,5316608,103538688,632996339712,634562486272,1460625408,632996519936,634562486272,1462067200,-1,-1,-1
3998,2,1000,15,16,16,171797.097649,171941.013715,125.762297,0x4051ce,1,7641105,4572454,3068651,62,30.000000,1,1,144.237337,1.200000,0.800000,mba,0,,1,1,29466624,16670720,9101312,2347203493888,2348918595584,1709334528,2347203584000,2348918595584,1708793856,-1,-1,-1
3999,3,1000,0,16,16,171941.457930,171941.603116,0.145186,0x405218,1,5894,3549,2345,32,20.000000,0,0,0.267386,1.200000,0.800000,mba,0,,0,0,-1,-1,-1,-1,-1,-1,-1,-1,-1,-1,-1,-1
3999,3,1000,1,16,16,171941.456825,171941.587070,0.130245,0x405218,1,6741,2949,3792,34,20.000000,0,0,0.267386,1.200000,0.800000,mba,0,,0,0,-1,-1,-1,-1,-1,-1,-1,-1,-1,-1,-1,-1
3999,3,1000,2,16,16,171941.457063,171941.601987,0.144924,0x405218,1,6346,2911,3435,36,20.000000,0,0,0.267386,1.200000,0.800000,mba,0,,0,0,-1,-1,-1,-1,-1,-1,-1,-1,-1,-1,-1,-1
3999,3,1000,3,16,16,171941.457133,171941.580026,0.122893,0x405218,1,6173,2571,3602,38,20.000000,0,0,0.267386,1.200000,0.800000,mba,0,,0,0,-1,-1,-1,-1,-1,-1,-1,-1,-1,-1,-1,-1
3999,3,1000,4,16,16,171941.457418,171941.702251,0.244833,0x405218,1,11409,7114,4295,40,100.000000,0,0,0.267386,1.200000,0.800000,mba,0,,0,0,-1,-1,-1,-1,-1,-1,-1,-1,-1,-1,-1,-1
3999,3,1000,5,16,16,171941.456901,171941.699888,0.242987,0x405218,1,11521,7106,4415,42,80.000000,0,0,0.267386,1.200000,0.800000,mba,0,,0,0,-1,-1,-1,-1,-1,-1,-1,-1,-1,-1,-1,-1
3999,3,1000,6,16,16,171941.456918,171941.713688,0.256770,0x405218,1,11228,8175,3053,44,100.000000,0,0,0.267386,1.200000,0.800000,mba,0,,0,0,-1,-1,-1,-1,-1,-1,-1,-1,-1,-1,-1,-1
3999,3,1000,7,16,16,171941.457631,171941.722987,0.265356,0x405218,1,11401,8031,3370,46,100.000000,0,0,0.267386,1.200000,0.800000,mba,0,,0,0,-1,-1,-1,-1,-1,-1,-1,-1,-1,-1,-1,-1
3999,3,1000,8,16,16,171941.456272,171941.706464,0.250192,0x405218,1,11535,7955,3580,48,100.000000,0,0,0.267386,1.200000,0.800000,mba,0,,0,0,-1,-1,-1,-1,-1,-1,-1,-1,-1,-1,-1,-1
3999,3,1000,9,16,16,171941.456862,171941.710153,0.253291,0x405218,1,11196,7715,3481,18,100.000000,0,0,0.267386,1.200000,0.800000,mba,0,,0,0,-1,-1,-1,-1,-1,-1,-1,-1,-1,-1,-1,-1
3999,3,1000,10,16,16,171941.456523,171941.711573,0.255050,0x405218,1,11452,8248,3204,20,100.000000,0,0,0.267386,1.200000,0.800000,mba,0,,0,0,-1,-1,-1,-1,-1,-1,-1,-1,-1,-1,-1,-1
3999,3,1000,11,16,16,171941.456827,171941.716247,0.259420,0x405218,1,11350,8187,3163,54,100.000000,0,0,0.267386,1.200000,0.800000,mba,0,,0,0,-1,-1,-1,-1,-1,-1,-1,-1,-1,-1,-1,-1
3999,3,1000,12,16,16,171941.456109,171941.610059,0.153950,0x405218,1,5043,3790,1253,56,20.000000,0,0,0.267386,1.200000,0.800000,mba,0,,0,0,-1,-1,-1,-1,-1,-1,-1,-1,-1,-1,-1,-1
3999,3,1000,13,16,16,171941.455601,171941.602919,0.147318,0x405218,1,5089,3787,1302,26,20.000000,0,0,0.267386,1.200000,0.800000,mba,0,,0,0,-1,-1,-1,-1,-1,-1,-1,-1,-1,-1,-1,-1
3999,3,1000,14,16,16,171941.455952,171941.602011,0.146059,0x405218,1,5557,2965,2592,28,20.000000,0,0,0.267386,1.200000,0.800000,mba,0,,0,0,-1,-1,-1,-1,-1,-1,-1,-1,-1,-1,-1,-1
3999,3,1000,15,16,16,171941.455632,171941.579038,0.123406,0x405218,1,5482,2581,2901,62,20.000000,0,0,0.267386,1.200000,0.800000,mba,0,,0,0,-1,-1,-1,-1,-1,-1,-1,-1,-1,-1,-1,-1
4000,4,1000,0,16,16,171942.553372,171942.601051,0.047679,0x4052e4,1,2002,1237,765,32,100.000000,0,0,0.055948,1.200000,0.800000,mba,0,,0,0,-1,-1,-1,-1,-1,-1,-1,-1,-1,-1,-1,-1
4000,4,1000,1,16,16,171942.546510,171942.569181,0.022671,0x4052e4,1,227,168,59,34,20.000000,0,0,0.055948,1.200000,0.800000,mba,0,,0,0,-1,-1,-1,-1,-1,-1,-1,-1,-1,-1,-1,-1
4000,4,1000,2,16,16,171942.546861,171942.570024,0.023163,0x4052e4,1,85,46,39,36,20.000000,0,0,0.055948,1.200000,0.800000,mba,0,,0,0,-1,-1,-1,-1,-1,-1,-1,-1,-1,-1,-1,-1
4000,4,1000,3,16,16,171942.545286,171942.568424,0.023138,0x4052e4,1,152,117,35,38,20.000000,0,0,0.055948,1.200000,0.800000,mba,0,,0,0,-1,-1,-1,-1,-1,-1,-1,-1,-1,-1,-1,-1
4000,4,1000,4,16,16,171942.546255,171942.572464,0.026209,0x4052e4,1,288,240,48,40,20.000000,0,0,0.055948,1.200000,0.800000,mba,0,,0,0,-1,-1,-1,-1,-1,-1,-1,-1,-1,-1,-1,-1
4000,4,1000,5,16,16,171942.547183,171942.572750,0.025567,0x4052e4,1,321,264,57,42,20.000000,0,0,0.055948,1.200000,0.800000,mba,0,,0,0,-1,-1,-1,-1,-1,-1,-1,-1,-1,-1,-1,-1
4000,4,1000,6,16,16,171942.546935,171942.573612,0.026677,0x4052e4,1,343,264,79,44,20.000000,0,0,0.055948,1.200000,0.800000,mba,0,,0,0,-1,-1,-1,-1,-1,-1,-1,-1,-1,-1,-1,-1
4000,4,1000,7,16,16,171942.545464,171942.571122,0.025658,0x4052e4,1,308,251,57,46,20.000000,0,0,0.055948,1.200000,0.800000,mba,0,,0,0,-1,-1,-1,-1,-1,-1,-1,-1,-1,-1,-1,-1
4000,4,1000,8,16,16,171942.546753,171942.573797,0.027044,0x4052e4,1,295,231,64,48,20.000000,0,0,0.055948,1.200000,0.800000,mba,0,,0,0,-1,-1,-1,-1,-1,-1,-1,-1,-1,-1,-1,-1
4000,4,1000,9,16,16,171942.546524,171942.573067,0.026543,0x4052e4,1,346,266,80,18,20.000000,0,0,0.055948,1.200000,0.800000,mba,0,,0,0,-1,-1,-1,-1,-1,-1,-1,-1,-1,-1,-1,-1
4000,4,1000,10,16,16,171942.546514,171942.573556,0.027042,0x4052e4,1,432,347,85,20,20.000000,0,0,0.055948,1.200000,0.800000,mba,0,,0,0,-1,-1,-1,-1,-1,-1,-1,-1,-1,-1,-1,-1
4000,4,1000,11,16,16,171942.545533,171942.572580,0.027047,0x4052e4,1,503,415,88,54,20.000000,0,0,0.055948,1.200000,0.800000,mba,0,,0,0,-1,-1,-1,-1,-1,-1,-1,-1,-1,-1,-1,-1
4000,4,1000,12,16,16,171942.545103,171942.568675,0.023572,0x4052e4,1,69,30,39,56,20.000000,0,0,0.055948,1.200000,0.800000,mba,0,,0,0,-1,-1,-1,-1,-1,-1,-1,-1,-1,-1,-1,-1
4000,4,1000,13,16,16,171942.545492,171942.567567,0.022075,0x4052e4,1,77,36,41,26,20.000000,0,0,0.055948,1.200000,0.800000,mba,0,,0,0,-1,-1,-1,-1,-1,-1,-1,-1,-1,-1,-1,-1
4000,4,1000,14,16,16,171942.546451,171942.568743,0.022292,0x4052e4,1,91,42,49,28,20.000000,0,0,0.055948,1.200000,0.800000,mba,0,,0,0,-1,-1,-1,-1,-1,-1,-1,-1,-1,-1,-1,-1
4000,4,1000,15,16,16,171942.546038,171942.568822,0.022784,0x4052e4,1,72,34,38,62,20.000000,0,0,0.055948,1.200000,0.800000,mba,0,,0,0,-1,-1,-1,-1,-1,-1,-1,-1,-1,-1,-1,-1
4001,5,1000,0,16,16,171942.657233,171942.677421,0.020188,0x40533c,1,36,3,33,32,40.000000,0,0,0.029064,1.200000,0.800000,mba,0,,0,0,-1,-1,-1,-1,-1,-1,-1,-1,-1,-1,-1,-1
4001,5,1000,1,16,16,171942.656600,171942.676775,0.020175,0x40533c,1,92,67,25,34,40.000000,0,0,0.029064,1.200000,0.800000,mba,0,,0,0,-1,-1,-1,-1,-1,-1,-1,-1,-1,-1,-1,-1
4001,5,1000,2,16,16,171942.657469,171942.678315,0.020846,0x40533c,1,79,46,33,36,40.000000,0,0,0.029064,1.200000,0.800000,mba,0,,0,0,-1,-1,-1,-1,-1,-1,-1,-1,-1,-1,-1,-1
4001,5,1000,3,16,16,171942.656424,171942.676526,0.020102,0x40533c,1,117,86,31,38,40.000000,0,0,0.029064,1.200000,0.800000,mba,0,,0,0,-1,-1,-1,-1,-1,-1,-1,-1,-1,-1,-1,-1
4001,5,1000,4,16,16,171942.657217,171942.683811,0.026594,0x40533c,1,653,399,254,40,80.000000,0,0,0.029064,1.200000,0.800000,mba,0,,0,0,-1,-1,-1,-1,-1,-1,-1,-1,-1,-1,-1,-1
4001,5,1000,5,16,16,171942.657583,171942.683101,0.025518,0x40533c,1,616,300,316,42,80.000000,0,0,0.029064,1.200000,0.800000,mba,0,,0,0,-1,-1,-1,-1,-1,-1,-1,-1,-1,-1,-1,-1
4001,5,1000,6,16,16,171942.657240,171942.681756,0.024516,0x40533c,1,612,266,346,44,80.000000,0,0,0.029064,1.200000,0.800000,mba,0,,0,0,-1,-1,-1,-1,-1,-1,-1,-1,-1,-1,-1,-1
4001,5,1000,7,16,16,171942.656516,171942.681390,0.024874,0x40533c,1,725,423,302,46,100.000000,0,0,0.029064,1.200000,0.800000,mba,0,,0,0,-1,-1,-1,-1,-1,-1,-1,-1,-1,-1,-1,-1
4001,5,1000,8,16,16,171942.657724,171942.683377,0.025653,0x40533c,1,638,275,363,48,80.000000,0,0,0.029064,1.200000,0.800000,mba,0,,0,0,-1,-1,-1,-1,-1,-1,-1,-1,-1,-1,-1,-1
4001,5,1000,9,16,16,171942.656573,171942.681818,0.025245,0x40533c,1,651,232,419,18,80.000000,0,0,0.029064,1.200000,0.800000,mba,0,,0,0,-1,-1,-1,-1,-1,-1,-1,-1,-1,-1,-1,-1
4001,5,1000,10,16,16,171942.656430,171942.683683,0.027253,0x40533c,1,668,285,383,20,80.000000,0,0,0.029064,1.200000,0.800000,mba,0,,0,0,-1,-1,-1,-1,-1,-1,-1,-1,-1,-1,-1,-1
4001,5,1000,11,16,16,171942.657794,171942.683520,0.025726,0x40533c,1,701,325,376,54,80.000000,0,0,0.029064,1.200000,0.800000,mba,0,,0,0,-1,-1,-1,-1,-1,-1,-1,-1,-1,-1,-1,-1
4001,5,1000,12,16,16,171942.656293,171942.676605,0.020312,0x40533c,1,79,45,34,56,40.000000,0,0,0.029064,1.200000,0.800000,mba,0,,0,0,-1,-1,-1,-1,-1,-1,-1,-1,-1,-1,-1,-1
4001,5,1000,13,16,16,171942.657334,171942.677602,0.020268,0x40533c,1,61,39,22,26,40.000000,0,0,0.029064,1.200000,0.800000,mba,0,,0,0,-1,-1,-1,-1,-1,-1,-1,-1,-1,-1,-1,-1
4001,5,1000,14,16,16,171942.654747,171942.674970,0.020223,0x40533c,1,121,75,46,28,40.000000,0,0,0.029064,1.200000,0.800000,mba,0,,0,0,-1,-1,-1,-1,-1,-1,-1,-1,-1,-1,-1,-1
4001,5,1000,15,16,16,171942.656802,171942.677159,0.020357,0x40533c,1,91,39,52,62,40.000000,0,0,0.029064,1.200000,0.800000,mba,0,,0,0,-1,-1,-1,-1,-1,-1,-1,-1,-1,-1,-1,-1
4398,2,1100,0,16,16,185938.965092,186075.257811,96.500108,0x4051ce,1,6140584,3428309,2712275,32,30.000000,1,1,136.666550,1.200000,0.800000,mba,0,,1,1,23879680,13967360,3514368,2520858509312,2522205863936,1224712192,2520858509312,2522205863936,1224351744,-1,-1,-1
4398,2,1100,1,16,16,185938.955459,186075.119974,101.837610,0x4051ce,1,7784731,3507557,4277174,34,30.000000,1,1,136.666550,1.200000,0.800000,mba,0,,1,1,23969792,13877248,4956160,2520858509312,2522204782592,1290674176,2520858509312,2522204782592,1291755520,-1,-1,-1
4398,2,1100,2,16,16,185939.205192,186075.265519,107.031745,0x4051ce,1,7709660,3679161,4030499,36,30.000000,1,1,136.666550,1.200000,0.800000,mba,0,,1,1,24961024,13967360,11264000,2520860131328,2522205863936,1324646400,2520860221440,2522205863936,1323925504,-1,-1,-1
4398,2,1100,3,16,16,185939.213093,186075.310856,109.085047,0x4051ce,1,7302243,3704020,3598223,38,30.000000,1,1,136.666550,1.200000,0.800000,mba,0,,1,1,25141248,13787136,6938624,2520860221440,2522206134272,1331494912,2520860311552,2522206134272,1331134464,-1,-1,-1
4398,2,1100,4,16,16,185938.951841,186075.393272,120.900763,0x4051ce,1,16130896,10553007,5577889,40,100.000000,1,1,136.666550,1.200000,0.800000,mba,0,,1,1,54788096,59924480,3514368,11183620186112,11192168210432,8248942592,11183620186112,11192169111552,8251285504,-1,-1,-1
4398,2,1100,5,16,16,185939.217537,186075.450391,121.067701,0x4051ce,1,16114647,10815296,5299351,42,100.000000,1,1,136.666550,1.200000,0.800000,mba,0,,1,1,53616640,59473920,3063808,11183628746752,11192171634688,8273092608,11183629647872,11192171995136,8273633280,-1,-1,-1
4398,2,1100,6,16,16,185938.953709,186075.415951,120.231563,0x4051ce,1,15189278,11873942,3315336,44,100.000000,1,1,136.666550,1.200000,0.800000,mba,0,,1,1,54697984,59924480,3604480,11183620186112,11192169562112,8213979136,11183620186112,11192169652224,8215781376,-1,-1,-1
4398,2,1100,7,16,16,185939.196474,186075.618391,131.458095,0x4051ce,1,15021136,11852469,3168667,46,100.000000,1,1,136.666550,1.200000,0.800000,mba,0,,1,1,53886976,60014592,5857280,11183627485184,11192174067712,8526938112,11183627755520,11192174067712,8517115904,-1,-1,-1
4398,2,1100,8,16,16,185939.170938,186075.481490,124.628415,0x4051ce,1,15902716,12416312,3486404,48,100.000000,1,1,136.666550,1.200000,0.800000,mba,0,,1,1,53977088,59834368,3424256,11183626764288,11192172445696,8426012672,11183627214848,11192172625920,8420155392,-1,-1,-1
4398,2,1100,9,16,16,185939.193525,186075.397332,119.617338,0x4051ce,1,15150318,11802954,3347364,18,100.000000,1,1,136.666550,1.200000,0.800000,mba,0,,1,1,53886976,60014592,3604480,11183627665408,11192168390656,8192622592,11183628115968,11192169291776,8197398528,-1,-1,-1
4398,2,1100,10,16,16,185939.193352,186075.485209,125.383319,0x4051ce,1,15862116,12637315,3224801,20,100.000000,1,1,136.666550,1.200000,0.800000,mba,0,,1,1,53977088,59924480,3604480,11183626854400,11192172445696,8448450560,11183627665408,11192172716032,8444035072,-1,-1,-1
4398,2,1100,11,16,16,185939.211316,186075.487873,125.827124,0x4051ce,1,15803970,12385651,3418319,54,100.000000,1,1,136.666550,1.200000,0.800000,mba,0,,1,1,53706752,59924480,3514368,11183628476416,11192172625920,8462057472,11183629107200,11192172716032,8456650752,-1,-1,-1
4398,2,1100,12,16,16,185939.188310,186075.275374,104.729354,0x4051ce,1,7748564,5794797,1953767,56,40.000000,1,1,136.666550,1.200000,0.800000,mba,0,,1,1,6848512,10633216,89391104,787615375360,789511061504,1880547328,787615375360,789511061504,1880457216,-1,-1,-1
4398,2,1100,13,16,16,185938.954021,186075.381942,108.410834,0x4051ce,1,7723724,6160460,1563264,26,40.000000,1,1,136.666550,1.200000,0.800000,mba,0,,1,1,6848512,10362880,87678976,787612131328,789511241728,1892532224,787612131328,789511241728,1891540992,-1,-1,-1
4398,2,1100,14,16,16,185938.956446,186074.970812,94.987536,0x4051ce,1,7827503,5049384,2778119,28,40.000000,1,1,136.666550,1.200000,0.800000,mba,0,,1,1,6938624,10362880,95428608,787612131328,789508268032,1783947264,787612131328,789508268032,1785569280,-1,-1,-1
4398,2,1100,15,16,16,185938.958514,186074.946334,90.333837,0x4051ce,1,7659175,4514537,3144638,62,40.000000,1,1,136.666550,1.200000,0.800000,mba,0,,1,1,6938624,10182656,88129536,787612131328,789507907584,1727627264,787612131328,789507907584,1729249280,-1,-1,-1
4399,3,1100,0,16,16,186075.808074,186075.941862,0.133788,0x405218,1,5728,3297,2431,32,20.000000,0,0,0.296383,1.200000,0.800000,mba,0,,0,0,-1,-1,-1,-1,-1,-1,-1,-1,-1,-1,-1,-1
4399,3,1100,1,16,16,186075.806852,186075.925577,0.118725,0x405218,1,6730,2934,3796,34,20.000000,0,0,0.296383,1.200000,0.800000,mba,0,,0,0,-1,-1,-1,-1,-1,-1,-1,-1,-1,-1,-1,-1
4399,3,1100,2,16,16,186075.806677,186075.916441,0.109764,0x405218,1,6355,2560,3795,36,20.000000,0,0,0.296383,1.200000,0.800000,mba,0,,0,0,-1,-1,-1,-1,-1,-1,-1,-1,-1,-1,-1,-1
4399,3,1100,3,16,16,186075.806736,186075.914732,0.107996,0x405218,1,6399,2579,3820,38,20.000000,0,0,0.296383,1.200000,0.800000,mba,0,,0,0,-1,-1,-1,-1,-1,-1,-1,-1,-1,-1,-1,-1
4399,3,1100,4,16,16,186075.807540,186076.028528,0.220988,0x405218,1,10954,6655,4299,40,80.000000,0,0,0.296383,1.200000,0.800000,mba,0,,0,0,-1,-1,-1,-1,-1,-1,-1,-1,-1,-1,-1,-1
4399,3,1100,5,16,16,186075.807203,186076.025186,0.217983,0x405218,1,11050,6678,4372,42,80.000000,0,0,0.296383,1.200000,0.800000,mba,0,,0,0,-1,-1,-1,-1,-1,-1,-1,-1,-1,-1,-1,-1
4399,3,1100,6,16,16,186075.806668,186076.036474,0.229806,0x405218,1,10804,7657,3147,44,100.000000,0,0,0.296383,1.200000,0.800000,mba,0,,0,0,-1,-1,-1,-1,-1,-1,-1,-1,-1,-1,-1,-1
4399,3,1100,7,16,16,186075.806983,186076.102872,0.295889,0x405218,1,9989,6750,3239,46,100.000000,0,0,0.296383,1.200000,0.800000,mba,0,,0,0,-1,-1,-1,-1,-1,-1,-1,-1,-1,-1,-1,-1
4399,3,1100,8,16,16,186075.806808,186076.040559,0.233751,0x405218,1,11085,7639,3446,48,100.000000,0,0,0.296383,1.200000,0.800000,mba,0,,0,0,-1,-1,-1,-1,-1,-1,-1,-1,-1,-1,-1,-1
4399,3,1100,9,16,16,186075.807025,186076.040229,0.233204,0x405218,1,10897,7422,3475,18,100.000000,0,0,0.296383,1.200000,0.800000,mba,0,,0,0,-1,-1,-1,-1,-1,-1,-1,-1,-1,-1,-1,-1
4399,3,1100,10,16,16,186075.806899,186076.036715,0.229816,0x405218,1,11009,7694,3315,20,100.000000,0,0,0.296383,1.200000,0.800000,mba,0,,0,0,-1,-1,-1,-1,-1,-1,-1,-1,-1,-1,-1,-1
4399,3,1100,11,16,16,186075.806863,186076.042495,0.235632,0x405218,1,10902,7719,3183,54,100.000000,0,0,0.296383,1.200000,0.800000,mba,0,,0,0,-1,-1,-1,-1,-1,-1,-1,-1,-1,-1,-1,-1
4399,3,1100,12,16,16,186075.806544,186075.954758,0.148214,0x405218,1,5067,3790,1277,56,20.000000,0,0,0.296383,1.200000,0.800000,mba,0,,0,0,-1,-1,-1,-1,-1,-1,-1,-1,-1,-1,-1,-1
4399,3,1100,13,16,16,186075.806489,186075.950208,0.143719,0x405218,1,5095,3177,1918,26,20.000000,0,0,0.296383,1.200000,0.800000,mba,0,,0,0,-1,-1,-1,-1,-1,-1,-1,-1,-1,-1,-1,-1
4399,3,1100,14,16,16,186075.806559,186075.937875,0.131316,0x405218,1,5524,2769,2755,28,20.000000,0,0,0.296383,1.200000,0.800000,mba,0,,0,0,-1,-1,-1,-1,-1,-1,-1,-1,-1,-1,-1,-1
4399,3,1100,15,16,16,186075.807031,186075.933642,0.126611,0x405218,1,5572,3135,2437,62,20.000000,0,0,0.296383,1.200000,0.800000,mba,0,,0,0,-1,-1,-1,-1,-1,-1,-1,-1,-1,-1,-1,-1
4400,4,1100,0,16,16,186076.930235,186076.970019,0.039784,0x4052e4,1,1909,1124,785,32,100.000000,0,0,0.047180,1.200000,0.800000,mba,0,,0,0,-1,-1,-1,-1,-1,-1,-1,-1,-1,-1,-1,-1
4400,4,1100,1,16,16,186076.924276,186076.943654,0.019378,0x4052e4,1,224,182,42,34,20.000000,0,0,0.047180,1.200000,0.800000,mba,0,,0,0,-1,-1,-1,-1,-1,-1,-1,-1,-1,-1,-1,-1
4400,4,1100,2,16,16,186076.924507,186076.944214,0.019707,0x4052e4,1,187,146,41,36,20.000000,0,0,0.047180,1.200000,0.800000,mba,0,,0,0,-1,-1,-1,-1,-1,-1,-1,-1,-1,-1,-1,-1
4400,4,1100,3,16,16,186076.924684,186076.944353,0.019669,0x4052e4,1,147,105,42,38,20.000000,0,0,0.047180,1.200000,0.800000,mba,0,,0,0,-1,-1,-1,-1,-1,-1,-1,-1,-1,-1,-1,-1
4400,4,1100,4,16,16,186076.924616,186076.946491,0.021875,0x4052e4,1,308,251,57,40,20.000000,0,0,0.047180,1.200000,0.800000,mba,0,,0,0,-1,-1,-1,-1,-1,-1,-1,-1,-1,-1,-1,-1
4400,4,1100,5,16,16,186076.924567,186076.947751,0.023184,0x4052e4,1,359,299,60,42,20.000000,0,0,0.047180,1.200000,0.800000,mba,0,,0,0,-1,-1,-1,-1,-1,-1,-1,-1,-1,-1,-1,-1
4400,4,1100,6,16,16,186076.924826,186076.946658,0.021832,0x4052e4,1,346,271,75,44,20.000000,0,0,0.047180,1.200000,0.800000,mba,0,,0,0,-1,-1,-1,-1,-1,-1,-1,-1,-1,-1,-1,-1
4400,4,1100,7,16,16,186076.924447,186076.946856,0.022409,0x4052e4,1,174,132,42,46,20.000000,0,0,0.047180,1.200000,0.800000,mba,0,,0,0,-1,-1,-1,-1,-1,-1,-1,-1,-1,-1,-1,-1
4400,4,1100,8,16,16,186076.923217,186076.945418,0.022201,0x4052e4,1,305,223,82,48,20.000000,0,0,0.047180,1.200000,0.800000,mba,0,,0,0,-1,-1,-1,-1,-1,-1,-1,-1,-1,-1,-1,-1
4400,4,1100,9,16,16,186076.923102,186076.944957,0.021855,0x4052e4,1,343,279,64,18,20.000000,0,0,0.047180,1.200000,0.800000,mba,0,,0,0,-1,-1,-1,-1,-1,-1,-1,-1,-1,-1,-1,-1
4400,4,1100,10,16,16,186076.924537,186076.947914,0.023377,0x4052e4,1,391,325,66,20,20.000000,0,0,0.047180,1.200000,0.800000,mba,0,,0,0,-1,-1,-1,-1,-1,-1,-1,-1,-1,-1,-1,-1
4400,4,1100,11,16,16,186076.923450,186076.945981,0.022531,0x4052e4,1,441,379,62,54,20.000000,0,0,0.047180,1.200000,0.800000,mba,0,,0,0,-1,-1,-1,-1,-1,-1,-1,-1,-1,-1,-1,-1
4400,4,1100,12,16,16,186076.922884,186076.942229,0.019345,0x4052e4,1,70,24,46,56,20.000000,0,0,0.047180,1.200000,0.800000,mba,0,,0,0,-1,-1,-1,-1,-1,-1,-1,-1,-1,-1,-1,-1
4400,4,1100,13,16,16,186076.922839,186076.941941,0.019102,0x4052e4,1,81,32,49,26,20.000000,0,0,0.047180,1.200000,0.800000,mba,0,,0,0,-1,-1,-1,-1,-1,-1,-1,-1,-1,-1,-1,-1
4400,4,1100,14,16,16,186076.922977,186076.942152,0.019175,0x4052e4,1,86,43,43,28,20.000000,0,0,0.047180,1.200000,0.800000,mba,0,,0,0,-1,-1,-1,-1,-1,-1,-1,-1,-1,-1,-1,-1
4400,4,1100,15,16,16,186076.923261,186076.942655,0.019394,0x4052e4,1,115,61,54,62,20.000000,0,0,0.047180,1.200000,0.800000,mba,0,,0,0,-1,-1,-1,-1,-1,-1,-1,-1,-1,-1,-1,-1
4401,5,1100,0,16,16,186077.028957,186077.047663,0.018706,0x40533c,1,31,5,26,32,40.000000,0,0,0.027313,1.200000,0.800000,mba,0,,0,0,-1,-1,-1,-1,-1,-1,-1,-1,-1,-1,-1,-1
4401,5,1100,1,16,16,186077.029424,186077.048201,0.018777,0x40533c,1,115,80,35,34,40.000000,0,0,0.027313,1.200000,0.800000,mba,0,,0,0,-1,-1,-1,-1,-1,-1,-1,-1,-1,-1,-1,-1
4401,5,1100,2,16,16,186077.028249,186077.047088,0.018839,0x40533c,1,83,52,31,36,40.000000,0,0,0.027313,1.200000,0.800000,mba,0,,0,0,-1,-1,-1,-1,-1,-1,-1,-1,-1,-1,-1,-1
4401,5,1100,3,16,16,186077.029914,186077.048700,0.018786,0x40533c,1,163,138,25,38,40.000000,0,0,0.027313,1.200000,0.800000,mba,0,,0,0,-1,-1,-1,-1,-1,-1,-1,-1,-1,-1,-1,-1
4401,5,1100,4,16,16,186077.029890,186077.052807,0.022917,0x40533c,1,634,366,268,40,80.000000,0,0,0.027313,1.200000,0.800000,mba,0,,0,0,-1,-1,-1,-1,-1,-1,-1,-1,-1,-1,-1,-1
4401,5,1100,5,16,16,186077.029388,186077.053803,0.024415,0x40533c,1,598,314,284,42,80.000000,0,0,0.027313,1.200000,0.800000,mba,0,,0,0,-1,-1,-1,-1,-1,-1,-1,-1,-1,-1,-1,-1
4401,5,1100,6,16,16,186077.029928,186077.053452,0.023524,0x40533c,1,716,377,339,44,80.000000,0,0,0.027313,1.200000,0.800000,mba,0,,0,0,-1,-1,-1,-1,-1,-1,-1,-1,-1,-1,-1,-1
4401,5,1100,7,16,16,186077.030077,186077.055562,0.025485,0x40533c,1,135,75,60,46,100.000000,0,0,0.027313,1.200000,0.800000,mba,0,,0,0,-1,-1,-1,-1,-1,-1,-1,-1,-1,-1,-1,-1
4401,5,1100,8,16,16,186077.029518,186077.053502,0.023984,0x40533c,1,685,308,377,48,80.000000,0,0,0.027313,1.200000,0.800000,mba,0,,0,0,-1,-1,-1,-1,-1,-1,-1,-1,-1,-1,-1,-1
4401,5,1100,9,16,16,186077.030553,186077.053870,0.023317,0x40533c,1,679,300,379,18,80.000000,0,0,0.027313,1.200000,0.800000,mba,0,,0,0,-1,-1,-1,-1,-1,-1,-1,-1,-1,-1,-1,-1
4401,5,1100,10,16,16,186077.029202,186077.054450,0.025248,0x40533c,1,639,350,289,20,80.000000,0,0,0.027313,1.200000,0.800000,mba,0,,0,0,-1,-1,-1,-1,-1,-1,-1,-1,-1,-1,-1,-1
4401,5,1100,11,16,16,186077.029815,186077.054046,0.024231,0x40533c,1,795,470,325,54,80.000000,0,0,0.027313,1.200000,0.800000,mba,0,,0,0,-1,-1,-1,-1,-1,-1,-1,-1,-1,-1,-1,-1
4401,5,1100,12,16,16,186077.029854,186077.048561,0.018707,0x40533c,1,71,37,34,56,40.000000,0,0,0.027313,1.200000,0.800000,mba,0,,0,0,-1,-1,-1,-1,-1,-1,-1,-1,-1,-1,-1,-1
4401,5,1100,13,16,16,186077.029541,186077.048136,0.018595,0x40533c,1,65,45,20,26,40.000000,0,0,0.027313,1.200000,0.800000,mba,0,,0,0,-1,-1,-1,-1,-1,-1,-1,-1,-1,-1,-1,-1
4401,5,1100,14,16,16,186077.029274,186077.047911,0.018637,0x40533c,1,76,57,19,28,40.000000,0,0,0.027313,1.200000,0.800000,mba,0,,0,0,-1,-1,-1,-1,-1,-1,-1,-1,-1,-1,-1,-1
4401,5,1100,15,16,16,186077.028542,186077.047138,0.018596,0x40533c,1,57,34,23,62,40.000000,0,0,0.027313,1.200000,0.800000,mba,0,,0,0,-1,-1,-1,-1,-1,-1,-1,-1,-1,-1,-1,-1
4798,2,1200,0,16,16,199207.327825,199337.351243,94.694267,0x4051ce,1,6148383,3373364,2775019,32,30.000000,1,1,130.457392,1.200000,0.800000,mba,0,,1,1,20996096,10452992,2793472,2656546545664,2657492811776,900669440,2656546545664,2657492811776,901300224,-1,-1,-1
4798,2,1200,1,16,16,199207.329096,199337.243207,98.964739,0x4051ce,1,7809240,3456231,4353009,34,30.000000,1,1,130.457392,1.200000,0.800000,mba,0,,1,1,20996096,10452992,6758400,2656546545664,2657492090880,929685504,2656546545664,2657492090880,929775616,-1,-1,-1
4798,2,1200,2,16,16,199207.212156,199337.216016,98.003131,0x4051ce,1,6988431,3123771,3864660,36,30.000000,1,1,130.457392,1.200000,0.800000,mba,0,,1,1,21266432,10543104,11083776,2656545374208,2657492090880,927703040,2656545464320,2657492090880,927522816,-1,-1,-1
4798,2,1200,3,16,16,199207.187375,199336.938496,82.851133,0x4051ce,1,7717807,4076615,3641192,38,40.000000,1,1,130.457392,1.200000,0.800000,mba,0,,1,1,10903552,14057472,87859200,978226855936,980454514688,1965072384,978226855936,980454514688,1966964736,-1,-1,-1
4798,2,1200,4,16,16,199207.302989,199337.420256,115.325018,0x4051ce,1,15473186,9945031,5528155,40,100.000000,1,1,130.457392,1.200000,0.800000,mba,0,,1,1,54157312,59113472,1892352,12025580486656,12033631182848,7790723072,12025581027328,12033631363072,7793786880,-1,-1,-1
4798,2,1200,5,16,16,199207.249999,199337.454313,114.995083,0x4051ce,1,15466692,10084894,5381798,42,100.000000,1,1,130.457392,1.200000,0.800000,mba,0,,1,1,54247424,59023360,1802240,12025577422848,12033633435648,7777026048,12025577693184,12033633615872,7776305152,-1,-1,-1
4798,2,1200,6,16,16,199207.296836,199337.429695,114.845270,0x4051ce,1,14529211,11149234,3379977,44,100.000000,1,1,130.457392,1.200000,0.800000,mba,0,,1,1,54157312,58843136,1531904,12025580396544,12033631813632,7766302720,12025580756992,12033632985088,7773241344,-1,-1,-1
4798,2,1200,7,16,16,199207.287044,199337.624159,125.686244,0x4051ce,1,14244813,11020476,3224337,46,100.000000,1,1,130.457392,1.200000,0.800000,mba,0,,1,1,54157312,59023360,3153920,12025579134976,12033636319232,8047001600,12025580126208,12033636319232,8039251968,-1,-1,-1
4798,2,1200,8,16,16,199207.166767,199337.495679,119.669347,0x4051ce,1,15272327,11727583,3544744,48,100.000000,1,1,130.457392,1.200000,0.800000,mba,0,,1,1,52805632,59023360,1802240,12025574899712,12033634787328,7967703040,12025574899712,12033634877440,7965900800,-1,-1,-1
4798,2,1200,9,16,16,199207.246346,199337.428260,113.982890,0x4051ce,1,14481016,11066795,3414221,18,100.000000,1,1,130.457392,1.200000,0.800000,mba,0,,1,1,54247424,58843136,1441792,12025577422848,12033631363072,7720165376,12025577603072,12033631903744,7724490752,-1,-1,-1
4798,2,1200,10,16,16,199207.220570,199337.493399,118.905805,0x4051ce,1,15222863,11914892,3307971,20,100.000000,1,1,130.457392,1.200000,0.800000,mba,0,,1,1,53706752,59023360,1622016,12025576341504,12033634516992,7949500416,12025576701952,12033634787328,7945986048,-1,-1,-1
4798,2,1200,11,16,16,199207.235424,199337.516300,119.830209,0x4051ce,1,15173284,11740881,3432403,54,100.000000,1,1,130.457392,1.200000,0.800000,mba,0,,1,1,53886976,58753024,1531904,12025576611840,12033634967552,7973470208,12025577062400,12033635147776,7967793152,-1,-1,-1
4798,2,1200,12,16,16,199207.221316,199337.425076,104.184356,0x4051ce,1,7753132,5800977,1952155,56,40.000000,1,1,130.457392,1.200000,0.800000,mba,0,,1,1,10633216,13246464,81821696,978227036160,980460011520,2216394752,978227036160,980460011520,2216034304,-1,-1,-1
4798,2,1200,13,16,16,199207.196391,199337.546239,108.227907,0x4051ce,1,7726547,6182867,1543680,26,40.000000,1,1,130.457392,1.200000,0.800000,mba,0,,1,1,10903552,13426688,82812928,978226855936,980460191744,2226937856,978226946048,980460191744,2225946624,-1,-1,-1
4798,2,1200,14,16,16,199207.320830,199337.077362,93.718984,0x4051ce,1,7841170,5020607,2820563,28,40.000000,1,1,130.457392,1.200000,0.800000,mba,0,,1,1,10362880,13787136,83533824,978228387840,980456497152,2115739648,978228387840,980456497152,2115469312,-1,-1,-1
4798,2,1200,15,16,16,199207.323329,199337.050915,84.460385,0x4051ce,1,7080588,4003167,3077421,62,40.000000,1,1,130.457392,1.200000,0.800000,mba,0,,1,1,10182656,14057472,88039424,978228297728,980456136704,1988050944,978228387840,980456136704,1990033408,-1,-1,-1
4799,3,1200,0,16,16,199337.800813,199337.940009,0.139196,0x405218,1,5710,3269,2441,32,20.000000,0,0,0.291748,1.200000,0.800000,mba,0,,0,0,-1,-1,-1,-1,-1,-1,-1,-1,-1,-1,-1,-1
4799,3,1200,1,16,16,199337.800282,199337.924916,0.124634,0x405218,1,6701,2873,3828,34,20.000000,0,0,0.291748,1.200000,0.800000,mba,0,,0,0,-1,-1,-1,-1,-1,-1,-1,-1,-1,-1,-1,-1
4799,3,1200,2,16,16,199337.800673,199337.941779,0.141106,0x405218,1,6270,2768,3502,36,20.000000,0,0,0.291748,1.200000,0.800000,mba,0,,0,0,-1,-1,-1,-1,-1,-1,-1,-1,-1,-1,-1,-1
4799,3,1200,3,16,16,199337.799418,199337.914161,0.114743,0x405218,1,6133,2678,3455,38,20.000000,0,0,0.291748,1.200000,0.800000,mba,0,,0,0,-1,-1,-1,-1,-1,-1,-1,-1,-1,-1,-1,-1
4799,3,1200,4,16,16,199337.801069,199338.015668,0.214599,0x405218,1,10733,6653,4080,40,80.000000,0,0,0.291748,1.200000,0.800000,mba,0,,0,0,-1,-1,-1,-1,-1,-1,-1,-1,-1,-1,-1,-1
4799,3,1200,5,16,16,199337.799745,199338.016580,0.216835,0x405218,1,10772,6529,4243,42,80.000000,0,0,0.291748,1.200000,0.800000,mba,0,,0,0,-1,-1,-1,-1,-1,-1,-1,-1,-1,-1,-1,-1
4799,3,1200,6,16,16,199337.800572,199338.029032,0.228460,0x405218,1,10557,7422,3135,44,100.000000,0,0,0.291748,1.200000,0.800000,mba,0,,0,0,-1,-1,-1,-1,-1,-1,-1,-1,-1,-1,-1,-1
4799,3,1200,7,16,16,199337.800815,199338.091166,0.290351,0x405218,1,9756,6682,3074,46,100.000000,0,0,0.291748,1.200000,0.800000,mba,0,,0,0,-1,-1,-1,-1,-1,-1,-1,-1,-1,-1,-1,-1
4799,3,1200,8,16,16,199337.800851,199338.028147,0.227296,0x405218,1,10807,7532,3275,48,100.000000,0,0,0.291748,1.200000,0.800000,mba,0,,0,0,-1,-1,-1,-1,-1,-1,-1,-1,-1,-1,-1,-1
4799,3,1200,9,16,16,199337.800675,199338.026608,0.225933,0x405218,1,10649,7170,3479,18,100.000000,0,0,0.291748,1.200000,0.800000,mba,0,,0,0,-1,-1,-1,-1,-1,-1,-1,-1,-1,-1,-1,-1
4799,3,1200,10,16,16,199337.800642,199338.028036,0.227394,0x405218,1,10771,7284,3487,20,100.000000,0,0,0.291748,1.200000,0.800000,mba,0,,0,0,-1,-1,-1,-1,-1,-1,-1,-1,-1,-1,-1,-1
4799,3,1200,11,16,16,199337.800740,199338.028339,0.227599,0x405218,1,10693,7386,3307,54,100.000000,0,0,0.291748,1.200000,0.800000,mba,0,,0,0,-1,-1,-1,-1,-1,-1,-1,-1,-1,-1,-1,-1
4799,3,1200,12,16,16,199337.799628,199337.938471,0.138843,0x405218,1,4928,2869,2059,56,20.000000,0,0,0.291748,1.200000,0.800000,mba,0,,0,0,-1,-1,-1,-1,-1,-1,-1,-1,-1,-1,-1,-1
4799,3,1200,13,16,16,199337.799902,199337.951101,0.151199,0x405218,1,5084,3672,1412,26,20.000000,0,0,0.291748,1.200000,0.800000,mba,0,,0,0,-1,-1,-1,-1,-1,-1,-1,-1,-1,-1,-1,-1
4799,3,1200,14,16,16,199337.799775,199337.937307,0.137532,0x405218,1,5586,2782,2804,28,20.000000,0,0,0.291748,1.200000,0.800000,mba,0,,0,0,-1,-1,-1,-1,-1,-1,-1,-1,-1,-1,-1,-1
4799,3,1200,15,16,16,199337.799807,199337.922629,0.122822,0x405218,1,5736,3060,2676,62,20.000000,0,0,0.291748,1.200000,0.800000,mba,0,,0,0,-1,-1,-1,-1,-1,-1,-1,-1,-1,-1,-1,-1
4800,4,1200,0,16,16,199338.928244,199338.971867,0.043623,0x4052e4,1,1885,1114,771,32,100.000000,0,0,0.049535,1.200000,0.800000,mba,0,,0,0,-1,-1,-1,-1,-1,-1,-1,-1,-1,-1,-1,-1
4800,4,1200,1,16,16,199338.923288,199338.943995,0.020707,0x4052e4,1,188,140,48,34,20.000000,0,0,0.049535,1.200000,0.800000,mba,0,,0,0,-1,-1,-1,-1,-1,-1,-1,-1,-1,-1,-1,-1
4800,4,1200,2,16,16,199338.923631,199338.945585,0.021954,0x4052e4,1,87,40,47,36,20.000000,0,0,0.049535,1.200000,0.800000,mba,0,,0,0,-1,-1,-1,-1,-1,-1,-1,-1,-1,-1,-1,-1
4800,4,1200,3,16,16,199338.923738,199338.944746,0.021008,0x4052e4,1,158,103,55,38,20.000000,0,0,0.049535,1.200000,0.800000,mba,0,,0,0,-1,-1,-1,-1,-1,-1,-1,-1,-1,-1,-1,-1
4800,4,1200,4,16,16,199338.924072,199338.947531,0.023459,0x4052e4,1,295,247,48,40,20.000000,0,0,0.049535,1.200000,0.800000,mba,0,,0,0,-1,-1,-1,-1,-1,-1,-1,-1,-1,-1,-1,-1
4800,4,1200,5,16,16,199338.923625,199338.947708,0.024083,0x4052e4,1,348,288,60,42,20.000000,0,0,0.049535,1.200000,0.800000,mba,0,,0,0,-1,-1,-1,-1,-1,-1,-1,-1,-1,-1,-1,-1
4800,4,1200,6,16,16,199338.923594,199338.948240,0.024646,0x4052e4,1,307,258,49,44,20.000000,0,0,0.049535,1.200000,0.800000,mba,0,,0,0,-1,-1,-1,-1,-1,-1,-1,-1,-1,-1,-1,-1
4800,4,1200,7,16,16,199338.924082,199338.948631,0.024549,0x4052e4,1,185,126,59,46,20.000000,0,0,0.049535,1.200000,0.800000,mba,0,,0,0,-1,-1,-1,-1,-1,-1,-1,-1,-1,-1,-1,-1
4800,4,1200,8,16,16,199338.922642,199338.945966,0.023324,0x4052e4,1,358,319,39,48,20.000000,0,0,0.049535,1.200000,0.800000,mba,0,,0,0,-1,-1,-1,-1,-1,-1,-1,-1,-1,-1,-1,-1
4800,4,1200,9,16,16,199338.922754,199338.946684,0.023930,0x4052e4,1,400,343,57,18,20.000000,0,0,0.049535,1.200000,0.800000,mba,0,,0,0,-1,-1,-1,-1,-1,-1,-1,-1,-1,-1,-1,-1
4800,4,1200,10,16,16,199338.923348,199338.946359,0.023011,0x4052e4,1,351,296,55,20,20.000000,0,0,0.049535,1.200000,0.800000,mba,0,,0,0,-1,-1,-1,-1,-1,-1,-1,-1,-1,-1,-1,-1
4800,4,1200,11,16,16,199338.922332,199338.945641,0.023309,0x4052e4,1,398,351,47,54,20.000000,0,0,0.049535,1.200000,0.800000,mba,0,,0,0,-1,-1,-1,-1,-1,-1,-1,-1,-1,-1,-1,-1
4800,4,1200,12,16,16,199338.922908,199338.943023,0.020115,0x4052e4,1,52,4,48,56,20.000000,0,0,0.049535,1.200000,0.800000,mba,0,,0,0,-1,-1,-1,-1,-1,-1,-1,-1,-1,-1,-1,-1
4800,4,1200,13,16,16,199338.923055,199338.943442,0.020387,0x4052e4,1,75,44,31,26,20.000000,0,0,0.049535,1.200000,0.800000,mba,0,,0,0,-1,-1,-1,-1,-1,-1,-1,-1,-1,-1,-1,-1
4800,4,1200,14,16,16,199338.922833,199338.943369,0.020536,0x4052e4,1,70,36,34,28,20.000000,0,0,0.049535,1.200000,0.800000,mba,0,,0,0,-1,-1,-1,-1,-1,-1,-1,-1,-1,-1,-1,-1
4800,4,1200,15,16,16,199338.923739,199338.944833,0.021094,0x4052e4,1,139,107,32,62,20.000000,0,0,0.049535,1.200000,0.800000,mba,0,,0,0,-1,-1,-1,-1,-1,-1,-1,-1,-1,-1,-1,-1
4801,5,1200,0,16,16,199339.034682,199339.055426,0.020744,0x40533c,1,44,6,38,32,40.000000,0,0,0.028179,1.200000,0.800000,mba,0,,0,0,-1,-1,-1,-1,-1,-1,-1,-1,-1,-1,-1,-1
4801,5,1200,1,16,16,199339.034098,199339.054011,0.019913,0x40533c,1,56,36,20,34,40.000000,0,0,0.028179,1.200000,0.800000,mba,0,,0,0,-1,-1,-1,-1,-1,-1,-1,-1,-1,-1,-1,-1
4801,5,1200,2,16,16,199339.034376,199339.055627,0.021251,0x40533c,1,74,34,40,36,40.000000,0,0,0.028179,1.200000,0.800000,mba,0,,0,0,-1,-1,-1,-1,-1,-1,-1,-1,-1,-1,-1,-1
4801,5,1200,3,16,16,199339.034305,199339.055355,0.021050,0x40533c,1,75,50,25,38,40.000000,0,0,0.028179,1.200000,0.800000,mba,0,,0,0,-1,-1,-1,-1,-1,-1,-1,-1,-1,-1,-1,-1
4801,5,1200,4,16,16,199339.034239,199339.058983,0.024744,0x40533c,1,600,358,242,40,80.000000,0,0,0.028179,1.200000,0.800000,mba,0,,0,0,-1,-1,-1,-1,-1,-1,-1,-1,-1,-1,-1,-1
4801,5,1200,5,16,16,199339.033613,199339.058664,0.025051,0x40533c,1,609,337,272,42,80.000000,0,0,0.028179,1.200000,0.800000,mba,0,,0,0,-1,-1,-1,-1,-1,-1,-1,-1,-1,-1,-1,-1
4801,5,1200,6,16,16,199339.034168,199339.058893,0.024725,0x40533c,1,731,415,316,44,80.000000,0,0,0.028179,1.200000,0.800000,mba,0,,0,0,-1,-1,-1,-1,-1,-1,-1,-1,-1,-1,-1,-1
4801,5,1200,7,16,16,199339.032630,199339.059576,0.026946,0x40533c,1,139,82,57,46,100.000000,0,0,0.028179,1.200000,0.800000,mba,0,,0,0,-1,-1,-1,-1,-1,-1,-1,-1,-1,-1,-1,-1
4801,5,1200,8,16,16,199339.034267,199339.059136,0.024869,0x40533c,1,599,273,326,48,80.000000,0,0,0.028179,1.200000,0.800000,mba,0,,0,0,-1,-1,-1,-1,-1,-1,-1,-1,-1,-1,-1,-1
4801,5,1200,9,16,16,199339.034306,199339.059271,0.024965,0x40533c,1,689,300,389,18,80.000000,0,0,0.028179,1.200000,0.800000,mba,0,,0,0,-1,-1,-1,-1,-1,-1,-1,-1,-1,-1,-1,-1
4801,5,1200,10,16,16,199339.032931,199339.057866,0.024935,0x40533c,1,746,428,318,20,80.000000,0,0,0.028179,1.200000,0.800000,mba,0,,0,0,-1,-1,-1,-1,-1,-1,-1,-1,-1,-1,-1,-1
4801,5,1200,11,16,16,199339.034501,199339.060809,0.026308,0x40533c,1,761,441,320,54,80.000000,0,0,0.028179,1.200000,0.800000,mba,0,,0,0,-1,-1,-1,-1,-1,-1,-1,-1,-1,-1,-1,-1
4801,5,1200,12,16,16,199339.034497,199339.055451,0.020954,0x40533c,1,34,7,27,56,40.000000,0,0,0.028179,1.200000,0.800000,mba,0,,0,0,-1,-1,-1,-1,-1,-1,-1,-1,-1,-1,-1,-1
4801,5,1200,13,16,16,199339.034120,199339.054074,0.019954,0x40533c,1,62,42,20,26,40.000000,0,0,0.028179,1.200000,0.800000,mba,0,,0,0,-1,-1,-1,-1,-1,-1,-1,-1,-1,-1,-1,-1
4801,5,1200,14,16,16,199339.033503,199339.053507,0.020004,0x40533c,1,57,34,23,28,40.000000,0,0,0.028179,1.200000,0.800000,mba,0,,0,0,-1,-1,-1,-1,-1,-1,-1,-1,-1,-1,-1,-1
4801,5,1200,15,16,16,199339.034199,199339.054289,0.020090,0x40533c,1,125,89,36,62,40.000000,0,0,0.028179,1.200000,0.800000,mba,0,,0,0,-1,-1,-1,-1,-1,-1,-1,-1,-1,-1,-1,-1
5198,2,1300,0,16,16,211737.124751,211855.275552,92.348134,0x4051ce,1,6146901,3322714,2824187,32,30.000000,1,1,118.360302,1.200000,0.800000,mba,0,,1,1,17752064,11624448,2973696,2754668421120,2755627393024,899858432,2754668511232,2755627393024,899858432,-1,-1,-1
5198,2,1300,1,16,16,211737.091136,211855.143591,95.904412,0x4051ce,1,7818195,3371378,4446817,34,30.000000,1,1,118.360302,1.200000,0.800000,mba,0,,1,1,17571840,11264000,-450560,2754668331008,2755626582016,935092224,2754668421120,2755626582016,935092224,-1,-1,-1
5198,2,1300,2,16,16,211737.094781,211855.272545,103.148891,0x4051ce,1,7714963,3630740,4084223,36,30.000000,1,1,118.360302,1.200000,0.800000,mba,0,,1,1,17661952,11624448,1081344,2754668421120,2755627393024,956088320,2754668421120,2755627393024,955637760,-1,-1,-1
5198,2,1300,3,16,16,211737.086249,211854.852493,81.978045,0x4051ce,1,7732856,4068424,3664432,38,40.000000,1,1,118.360302,1.200000,0.800000,mba,0,,1,1,14237696,14417920,56320000,1205454626816,1207727972352,1993728000,1205454626816,1207728062464,1995440128,-1,-1,-1
5198,2,1300,4,16,16,211737.117451,211855.277224,106.182884,0x4051ce,1,14512736,9111474,5401262,40,100.000000,1,1,118.360302,1.200000,0.800000,mba,0,,1,1,52985856,56680448,180224,12800283983872,12807719936000,7231127552,12800284073984,12807720026112,7228694528,-1,-1,-1
5198,2,1300,5,16,16,211737.117774,211855.243702,106.104811,0x4051ce,1,14499359,9336041,5163318,42,100.000000,1,1,118.360302,1.200000,0.800000,mba,0,,1,1,52985856,56229888,-270336,12800283983872,12807719575552,7235272704,12800284164096,12807719665664,7234281472,-1,-1,-1
5198,2,1300,6,16,16,211737.124438,211855.185497,104.795177,0x4051ce,1,13573811,10207249,3366562,44,100.000000,1,1,118.360302,1.200000,0.800000,mba,0,,1,1,52895744,56410112,180224,12800283983872,12807716601856,7161380864,12800284254208,12807717232640,7164895232,-1,-1,-1
5198,2,1300,7,16,16,211737.110527,211855.293324,110.962625,0x4051ce,1,14366438,11006425,3360013,46,100.000000,1,1,118.360302,1.200000,0.800000,mba,0,,1,1,52985856,56770560,1622016,12800283983872,12807720116224,7419191296,12800284073984,12807720116224,7410450432,-1,-1,-1
5198,2,1300,8,16,16,211737.093484,211855.240477,110.232433,0x4051ce,1,14376080,10852754,3523326,48,100.000000,1,1,118.360302,1.200000,0.800000,mba,0,,1,1,52985856,56139776,1171456,12800283983872,12807719215104,7412973568,12800283983872,12807719575552,7406215168,-1,-1,-1
5198,2,1300,9,16,16,211737.093712,211855.182002,104.100576,0x4051ce,1,13532987,10159219,3373768,18,100.000000,1,1,118.360302,1.200000,0.800000,mba,0,,1,1,53166080,56139776,-360448,12800283983872,12807716601856,7116505088,12800283983872,12807716782080,7119839232,-1,-1,-1
5198,2,1300,10,16,16,211737.121263,211855.256272,110.036843,0x4051ce,1,14315391,11018206,3297185,20,100.000000,1,1,118.360302,1.200000,0.800000,mba,0,,1,1,52895744,56500224,1261568,12800284073984,12807719755776,7405674496,12800284164096,12807719936000,7399456768,-1,-1,-1
5198,2,1300,11,16,16,211737.113518,211855.278527,110.626822,0x4051ce,1,14275073,10837812,3437261,54,100.000000,1,1,118.360302,1.200000,0.800000,mba,0,,1,1,53166080,56770560,2162688,12800283983872,12807720026112,7417839616,12800284073984,12807720116224,7413874688,-1,-1,-1
5198,2,1300,12,16,16,211737.095960,211855.313458,104.262896,0x4051ce,1,7752375,5867776,1884599,56,40.000000,1,1,118.360302,1.200000,0.800000,mba,0,,1,1,14237696,13877248,54337536,1205454626816,1207732568064,2265325568,1205454626816,1207732568064,2265595904,-1,-1,-1
5198,2,1300,13,16,16,211737.115994,211855.446551,108.078904,0x4051ce,1,7716208,6224427,1491781,26,40.000000,1,1,118.360302,1.200000,0.800000,mba,0,,1,1,14327808,13877248,36044800,1205454626816,1207732838400,2276048896,1205454626816,1207732838400,2275328000,-1,-1,-1
5198,2,1300,14,16,16,211737.123306,211854.984425,92.635368,0x4051ce,1,7839915,4973575,2866340,28,40.000000,1,1,118.360302,1.200000,0.800000,mba,0,,1,1,14417920,14417920,57581568,1205454626816,1207729414144,2154938368,1205454626816,1207729504256,2155929600,-1,-1,-1
5198,2,1300,15,16,16,211737.112627,211854.970751,87.762701,0x4051ce,1,7679211,4407034,3272177,62,40.000000,1,1,118.360302,1.200000,0.800000,mba,0,,1,1,14327808,14417920,59293696,1205454626816,1207729053696,2087174144,1205454626816,1207729233920,2089246720,-1,-1,-1
5199,3,1300,0,16,16,211855.635606,211855.760755,0.125149,0x405218,1,5562,3051,2511,32,20.000000,0,0,0.230401,1.200000,0.800000,mba,0,,0,0,-1,-1,-1,-1,-1,-1,-1,-1,-1,-1,-1,-1
5199,3,1300,1,16,16,211855.634374,211855.745612,0.111238,0x405218,1,6720,2705,4015,34,20.000000,0,0,0.230401,1.200000,0.800000,mba,0,,0,0,-1,-1,-1,-1,-1,-1,-1,-1,-1,-1,-1,-1
5199,3,1300,2,16,16,211855.635236,211855.744180,0.108944,0x405218,1,6201,2417,3784,36,20.000000,0,0,0.230401,1.200000,0.800000,mba,0,,0,0,-1,-1,-1,-1,-1,-1,-1,-1,-1,-1,-1,-1
5199,3,1300,3,16,16,211855.634774,211855.742965,0.108191,0x405218,1,6191,2559,3632,38,20.000000,0,0,0.230401,1.200000,0.800000,mba,0,,0,0,-1,-1,-1,-1,-1,-1,-1,-1,-1,-1,-1,-1
5199,3,1300,4,16,16,211855.634235,211855.843037,0.208802,0x405218,1,10434,6332,4102,40,80.000000,0,0,0.230401,1.200000,0.800000,mba,0,,0,0,-1,-1,-1,-1,-1,-1,-1,-1,-1,-1,-1,-1
5199,3,1300,5,16,16,211855.634672,211855.835714,0.201042,0x405218,1,10488,6197,4291,42,80.000000,0,0,0.230401,1.200000,0.800000,mba,0,,0,0,-1,-1,-1,-1,-1,-1,-1,-1,-1,-1,-1,-1
5199,3,1300,6,16,16,211855.635120,211855.848502,0.213382,0x405218,1,10317,6805,3512,44,100.000000,0,0,0.230401,1.200000,0.800000,mba,0,,0,0,-1,-1,-1,-1,-1,-1,-1,-1,-1,-1,-1,-1
5199,3,1300,7,16,16,211855.635492,211855.863534,0.228042,0x405218,1,10476,7309,3167,46,100.000000,0,0,0.230401,1.200000,0.800000,mba,0,,0,0,-1,-1,-1,-1,-1,-1,-1,-1,-1,-1,-1,-1
5199,3,1300,8,16,16,211855.635003,211855.847637,0.212634,0x405218,1,10587,7049,3538,48,100.000000,0,0,0.230401,1.200000,0.800000,mba,0,,0,0,-1,-1,-1,-1,-1,-1,-1,-1,-1,-1,-1,-1
5199,3,1300,9,16,16,211855.634167,211855.851592,0.217425,0x405218,1,10376,7059,3317,18,100.000000,0,0,0.230401,1.200000,0.800000,mba,0,,0,0,-1,-1,-1,-1,-1,-1,-1,-1,-1,-1,-1,-1
5199,3,1300,10,16,16,211855.635338,211855.852283,0.216945,0x405218,1,10537,7184,3353,20,100.000000,0,0,0.230401,1.200000,0.800000,mba,0,,0,0,-1,-1,-1,-1,-1,-1,-1,-1,-1,-1,-1,-1
5199,3,1300,11,16,16,211855.633808,211855.850466,0.216658,0x405218,1,10457,7088,3369,54,100.000000,0,0,0.230401,1.200000,0.800000,mba,0,,0,0,-1,-1,-1,-1,-1,-1,-1,-1,-1,-1,-1,-1
5199,3,1300,12,16,16,211855.634371,211855.782035,0.147664,0x405218,1,4903,3293,1610,56,20.000000,0,0,0.230401,1.200000,0.800000,mba,0,,0,0,-1,-1,-1,-1,-1,-1,-1,-1,-1,-1,-1,-1
5199,3,1300,13,16,16,211855.634155,211855.782281,0.148126,0x405218,1,5068,3422,1646,26,20.000000,0,0,0.230401,1.200000,0.800000,mba,0,,0,0,-1,-1,-1,-1,-1,-1,-1,-1,-1,-1,-1,-1
5199,3,1300,14,16,16,211855.633840,211855.767440,0.133600,0x405218,1,5531,2706,2825,28,20.000000,0,0,0.230401,1.200000,0.800000,mba,0,,0,0,-1,-1,-1,-1,-1,-1,-1,-1,-1,-1,-1,-1
5199,3,1300,15,16,16,211855.633133,211855.748946,0.115813,0x405218,1,5491,2726,2765,62,20.000000,0,0,0.230401,1.200000,0.800000,mba,0,,0,0,-1,-1,-1,-1,-1,-1,-1,-1,-1,-1,-1,-1
5200,4,1300,0,16,16,211856.657290,211856.696265,0.038975,0x4052e4,1,1902,1080,822,32,100.000000,0,0,0.046846,1.200000,0.800000,mba,0,,0,0,-1,-1,-1,-1,-1,-1,-1,-1,-1,-1,-1,-1
5200,4,1300,1,16,16,211856.651689,211856.671034,0.019345,0x4052e4,1,212,172,40,34,20.000000,0,0,0.046846,1.200000,0.800000,mba,0,,0,0,-1,-1,-1,-1,-1,-1,-1,-1,-1,-1,-1,-1
5200,4,1300,2,16,16,211856.651417,211856.670577,0.019160,0x4052e4,1,183,146,37,36,20.000000,0,0,0.046846,1.200000,0.800000,mba,0,,0,0,-1,-1,-1,-1,-1,-1,-1,-1,-1,-1,-1,-1
5200,4,1300,3,16,16,211856.651986,211856.671877,0.019891,0x4052e4,1,148,105,43,38,20.000000,0,0,0.046846,1.200000,0.800000,mba,0,,0,0,-1,-1,-1,-1,-1,-1,-1,-1,-1,-1,-1,-1
5200,4,1300,4,16,16,211856.651758,211856.674505,0.022747,0x4052e4,1,267,209,58,40,20.000000,0,0,0.046846,1.200000,0.800000,mba,0,,0,0,-1,-1,-1,-1,-1,-1,-1,-1,-1,-1,-1,-1
5200,4,1300,5,16,16,211856.652052,211856.674279,0.022227,0x4052e4,1,385,310,75,42,20.000000,0,0,0.046846,1.200000,0.800000,mba,0,,0,0,-1,-1,-1,-1,-1,-1,-1,-1,-1,-1,-1,-1
5200,4,1300,6,16,16,211856.651670,211856.673527,0.021857,0x4052e4,1,306,241,65,44,20.000000,0,0,0.046846,1.200000,0.800000,mba,0,,0,0,-1,-1,-1,-1,-1,-1,-1,-1,-1,-1,-1,-1
5200,4,1300,7,16,16,211856.652395,211856.674493,0.022098,0x4052e4,1,325,278,47,46,20.000000,0,0,0.046846,1.200000,0.800000,mba,0,,0,0,-1,-1,-1,-1,-1,-1,-1,-1,-1,-1,-1,-1
5200,4,1300,8,16,16,211856.651005,211856.672265,0.021260,0x4052e4,1,300,230,70,48,20.000000,0,0,0.046846,1.200000,0.800000,mba,0,,0,0,-1,-1,-1,-1,-1,-1,-1,-1,-1,-1,-1,-1
5200,4,1300,9,16,16,211856.651771,211856.674138,0.022367,0x4052e4,1,430,363,67,18,20.000000,0,0,0.046846,1.200000,0.800000,mba,0,,0,0,-1,-1,-1,-1,-1,-1,-1,-1,-1,-1,-1,-1
5200,4,1300,10,16,16,211856.651344,211856.673537,0.022193,0x4052e4,1,365,272,93,20,20.000000,0,0,0.046846,1.200000,0.800000,mba,0,,0,0,-1,-1,-1,-1,-1,-1,-1,-1,-1,-1,-1,-1
5200,4,1300,11,16,16,211856.650668,211856.672407,0.021739,0x4052e4,1,451,388,63,54,20.000000,0,0,0.046846,1.200000,0.800000,mba,0,,0,0,-1,-1,-1,-1,-1,-1,-1,-1,-1,-1,-1,-1
5200,4,1300,12,16,16,211856.649579,211856.668502,0.018923,0x4052e4,1,53,8,45,56,20.000000,0,0,0.046846,1.200000,0.800000,mba,0,,0,0,-1,-1,-1,-1,-1,-1,-1,-1,-1,-1,-1,-1
5200,4,1300,13,16,16,211856.651209,211856.670193,0.018984,0x4052e4,1,82,26,56,26,20.000000,0,0,0.046846,1.200000,0.800000,mba,0,,0,0,-1,-1,-1,-1,-1,-1,-1,-1,-1,-1,-1,-1
5200,4,1300,14,16,16,211856.649492,211856.668840,0.019348,0x4052e4,1,90,41,49,28,20.000000,0,0,0.046846,1.200000,0.800000,mba,0,,0,0,-1,-1,-1,-1,-1,-1,-1,-1,-1,-1,-1,-1
5200,4,1300,15,16,16,211856.649419,211856.668975,0.019556,0x4052e4,1,98,60,38,62,20.000000,0,0,0.046846,1.200000,0.800000,mba,0,,0,0,-1,-1,-1,-1,-1,-1,-1,-1,-1,-1,-1,-1
5201,5,1300,0,16,16,211856.758447,211856.777481,0.019034,0x40533c,1,23,3,20,32,40.000000,0,0,0.026090,1.200000,0.800000,mba,0,,0,0,-1,-1,-1,-1,-1,-1,-1,-1,-1,-1,-1,-1
5201,5,1300,1,16,16,211856.758056,211856.776712,0.018656,0x40533c,1,100,54,46,34,40.000000,0,0,0.026090,1.200000,0.800000,mba,0,,0,0,-1,-1,-1,-1,-1,-1,-1,-1,-1,-1,-1,-1
5201,5,1300,2,16,16,211856.756004,211856.774637,0.018633,0x40533c,1,110,66,44,36,40.000000,0,0,0.026090,1.200000,0.800000,mba,0,,0,0,-1,-1,-1,-1,-1,-1,-1,-1,-1,-1,-1,-1
5201,5,1300,3,16,16,211856.756883,211856.775522,0.018639,0x40533c,1,157,115,42,38,40.000000,0,0,0.026090,1.200000,0.800000,mba,0,,0,0,-1,-1,-1,-1,-1,-1,-1,-1,-1,-1,-1,-1
5201,5,1300,4,16,16,211856.758154,211856.782094,0.023940,0x40533c,1,511,302,209,40,80.000000,0,0,0.026090,1.200000,0.800000,mba,0,,0,0,-1,-1,-1,-1,-1,-1,-1,-1,-1,-1,-1,-1
5201,5,1300,5,16,16,211856.758185,211856.781761,0.023576,0x40533c,1,624,304,320,42,80.000000,0,0,0.026090,1.200000,0.800000,mba,0,,0,0,-1,-1,-1,-1,-1,-1,-1,-1,-1,-1,-1,-1
5201,5,1300,6,16,16,211856.756945,211856.780397,0.023452,0x40533c,1,666,352,314,44,80.000000,0,0,0.026090,1.200000,0.800000,mba,0,,0,0,-1,-1,-1,-1,-1,-1,-1,-1,-1,-1,-1,-1
5201,5,1300,7,16,16,211856.758395,211856.781811,0.023416,0x40533c,1,617,348,269,46,100.000000,0,0,0.026090,1.200000,0.800000,mba,0,,0,0,-1,-1,-1,-1,-1,-1,-1,-1,-1,-1,-1,-1
5201,5,1300,8,16,16,211856.757988,211856.781018,0.023030,0x40533c,1,603,260,343,48,80.000000,0,0,0.026090,1.200000,0.800000,mba,0,,0,0,-1,-1,-1,-1,-1,-1,-1,-1,-1,-1,-1,-1
5201,5,1300,9,16,16,211856.757788,211856.780739,0.022951,0x40533c,1,632,290,342,18,80.000000,0,0,0.026090,1.200000,0.800000,mba,0,,0,0,-1,-1,-1,-1,-1,-1,-1,-1,-1,-1,-1,-1
5201,5,1300,10,16,16,211856.757267,211856.781154,0.023887,0x40533c,1,659,292,367,20,80.000000,0,0,0.026090,1.200000,0.800000,mba,0,,0,0,-1,-1,-1,-1,-1,-1,-1,-1,-1,-1,-1,-1
5201,5,1300,11,16,16,211856.758716,211856.781309,0.022593,0x40533c,1,737,415,322,54,80.000000,0,0,0.026090,1.200000,0.800000,mba,0,,0,0,-1,-1,-1,-1,-1,-1,-1,-1,-1,-1,-1,-1
5201,5,1300,12,16,16,211856.757437,211856.776212,0.018775,0x40533c,1,70,44,26,56,40.000000,0,0,0.026090,1.200000,0.800000,mba,0,,0,0,-1,-1,-1,-1,-1,-1,-1,-1,-1,-1,-1,-1
5201,5,1300,13,16,16,211856.757851,211856.776612,0.018761,0x40533c,1,69,34,35,26,40.000000,0,0,0.026090,1.200000,0.800000,mba,0,,0,0,-1,-1,-1,-1,-1,-1,-1,-1,-1,-1,-1,-1
5201,5,1300,14,16,16,211856.756952,211856.775651,0.018699,0x40533c,1,111,83,28,28,40.000000,0,0,0.026090,1.200000,0.800000,mba,0,,0,0,-1,-1,-1,-1,-1,-1,-1,-1,-1,-1,-1,-1
5201,5,1300,15,16,16,211856.756100,211856.775014,0.018914,0x40533c,1,49,24,25,62,40.000000,0,0,0.026090,1.200000,0.800000,mba,0,,0,0,-1,-1,-1,-1,-1,-1,-1,-1,-1,-1,-1,-1
5598,2,1400,0,16,16,223687.516942,223802.479831,90.830556,0x4051ce,1,6164943,3259466,2905477,32,30.000000,1,1,115.089117,1.200000,0.800000,mba,0,,1,1,18743296,7659520,4956160,2851695345664,2852308738048,584015872,2851695345664,2852308738048,584196096,-1,-1,-1
5598,2,1400,1,16,16,223687.531304,223802.342306,95.070125,0x4051ce,1,7842248,3374866,4467382,2,30.000000,1,1,115.089117,1.200000,0.800000,mba,0,,1,1,18833408,7659520,-180224,2851695345664,2852308197376,605011968,2851695345664,2852308197376,605552640,-1,-1,-1
5598,2,1400,2,16,16,223687.574438,223802.028260,75.819051,0x4051ce,1,7758673,3707817,4050856,36,40.000000,1,1,115.089117,1.200000,0.800000,mba,0,,1,1,14778368,16220160,35143680,1431837057024,1433931350016,1785749504,1431837147136,1433931440128,1785569280,-1,-1,-1
5598,2,1400,3,16,16,223687.492572,223802.100893,81.748623,0x4051ce,1,7748505,4062637,3685868,38,40.000000,1,1,115.089117,1.200000,0.800000,mba,0,,1,1,14327808,16220160,42532864,1431836426240,1433932341248,1892081664,1431836426240,1433932431360,1892622336,-1,-1,-1
5598,2,1400,4,16,16,223687.541709,223802.403192,103.167492,0x4051ce,1,13902957,8502292,5400665,40,100.000000,1,1,115.089117,1.200000,0.800000,mba,0,,1,1,50823168,56770560,-360448,13514994606080,13521973420032,6778945536,13514995417088,13521973420032,6779576320,-1,-1,-1
5598,2,1400,5,16,16,223687.548745,223802.399589,103.874855,0x4051ce,1,13909952,8714124,5195828,42,100.000000,1,1,115.089117,1.200000,0.800000,mba,0,,1,1,50823168,56770560,-630784,13514995417088,13521973420032,6824542208,13514996047872,13521973420032,6823280640,-1,-1,-1
5598,2,1400,6,16,16,223687.507870,223802.319304,101.940840,0x4051ce,1,13051855,9703024,3348831,44,100.000000,1,1,115.089117,1.200000,0.800000,mba,0,,1,1,51093504,56139776,-1351680,13514993885184,13521968824320,6717128704,13514993975296,13521969094656,6723977216,-1,-1,-1
5598,2,1400,7,16,16,223687.504123,223802.426847,108.209561,0x4051ce,1,13753686,10422287,3331399,46,100.000000,1,1,115.089117,1.200000,0.800000,mba,0,,1,1,51003392,56680448,3784704,13514993885184,13521973510144,6963404800,13514993975296,13521973600256,6956736512,-1,-1,-1
5598,2,1400,8,16,16,223687.512985,223802.418406,107.150461,0x4051ce,1,13759572,10267969,3491603,48,100.000000,1,1,115.089117,1.200000,0.800000,mba,0,,1,1,51003392,56680448,2342912,13514993885184,13521973420032,6951329792,13514994065408,13521973510144,6946373632,-1,-1,-1
5598,2,1400,9,16,16,223687.557924,223802.343248,101.245238,0x4051ce,1,13012455,9619087,3393368,18,100.000000,1,1,115.089117,1.200000,0.800000,mba,0,,1,1,50552832,56320000,-991232,13514995867648,13521970806784,6684958720,13514996318208,13521971437568,6689824768,-1,-1,-1
5598,2,1400,10,16,16,223687.587704,223802.401442,107.036139,0x4051ce,1,13703056,10428760,3274296,20,100.000000,1,1,115.089117,1.200000,0.800000,mba,0,,1,1,49831936,56770560,1441792,13514998210560,13521973420032,6944481280,13514998480896,13521973420032,6942228480,-1,-1,-1
5598,2,1400,11,16,16,223687.497403,223802.418608,107.384091,0x4051ce,1,13659409,10250585,3408824,54,100.000000,1,1,115.089117,1.200000,0.800000,mba,0,,1,1,51093504,56680448,1531904,13514993795072,13521973420032,6956195840,13514993885184,13521973510144,6950789120,-1,-1,-1
5598,2,1400,12,16,16,223687.551908,223802.581689,104.874985,0x4051ce,1,7759126,5957574,1801552,56,40.000000,1,1,115.089117,1.200000,0.800000,mba,0,,1,1,14598144,15859712,25141248,1431836966912,1433935495168,2095554560,1431837057024,1433935495168,2094473216,-1,-1,-1
5598,2,1400,13,16,16,223687.519788,223802.190980,80.892618,0x4051ce,1,7786525,6053318,1733207,26,50.000000,1,1,115.089117,1.200000,0.800000,mba,0,,1,1,0,1171456,47038464,112266125312,112798416896,528416768,112266125312,112798416896,528596992,-1,-1,-1
5598,2,1400,14,16,16,223687.571041,223802.252186,92.885470,0x4051ce,1,7847362,5019176,2828186,28,40.000000,1,1,115.089117,1.200000,0.800000,mba,0,,1,1,14778368,15859712,44785664,1431837057024,1433933602816,2018689024,1431837057024,1433933692928,2018058240,-1,-1,-1
5598,2,1400,15,16,16,223687.497532,223802.204236,87.161427,0x4051ce,1,7695209,4370163,3325046,62,40.000000,1,1,115.089117,1.200000,0.800000,mba,0,,1,1,14327808,15859712,42983424,1431836426240,1433933602816,1968586752,1431836426240,1433933602816,1968586752,-1,-1,-1
5599,3,1400,0,16,16,223802.745286,223802.876577,0.131291,0x405218,1,5788,3110,2678,32,20.000000,0,0,0.220531,1.200000,0.800000,mba,0,,0,0,-1,-1,-1,-1,-1,-1,-1,-1,-1,-1,-1,-1
5599,3,1400,1,16,16,223802.744139,223802.861609,0.117470,0x405218,1,6702,2686,4016,2,20.000000,0,0,0.220531,1.200000,0.800000,mba,0,,0,0,-1,-1,-1,-1,-1,-1,-1,-1,-1,-1,-1,-1
5599,3,1400,2,16,16,223802.743725,223802.857666,0.113941,0x405218,1,6224,2650,3574,36,20.000000,0,0,0.220531,1.200000,0.800000,mba,0,,0,0,-1,-1,-1,-1,-1,-1,-1,-1,-1,-1,-1,-1
5599,3,1400,3,16,16,223802.743851,223802.857121,0.113270,0x405218,1,6188,2545,3643,38,20.000000,0,0,0.220531,1.200000,0.800000,mba,0,,0,0,-1,-1,-1,-1,-1,-1,-1,-1,-1,-1,-1,-1
5599,3,1400,4,16,16,223802.743866,223802.941614,0.197748,0x405218,1,10211,5988,4223,40,80.000000,0,0,0.220531,1.200000,0.800000,mba,0,,0,0,-1,-1,-1,-1,-1,-1,-1,-1,-1,-1,-1,-1
5599,3,1400,5,16,16,223802.743913,223802.949913,0.206000,0x405218,1,10279,5839,4440,42,80.000000,0,0,0.220531,1.200000,0.800000,mba,0,,0,0,-1,-1,-1,-1,-1,-1,-1,-1,-1,-1,-1,-1
5599,3,1400,6,16,16,223802.744406,223802.951600,0.207194,0x405218,1,10117,6710,3407,44,100.000000,0,0,0.220531,1.200000,0.800000,mba,0,,0,0,-1,-1,-1,-1,-1,-1,-1,-1,-1,-1,-1,-1
5599,3,1400,7,16,16,223802.744394,223802.963259,0.218865,0x405218,1,10299,6887,3412,46,100.000000,0,0,0.220531,1.200000,0.800000,mba,0,,0,0,-1,-1,-1,-1,-1,-1,-1,-1,-1,-1,-1,-1
5599,3,1400,8,16,16,223802.743276,223802.954761,0.211485,0x405218,1,10366,6833,3533,48,100.000000,0,0,0.220531,1.200000,0.800000,mba,0,,0,0,-1,-1,-1,-1,-1,-1,-1,-1,-1,-1,-1,-1
5599,3,1400,9,16,16,223802.744169,223802.958889,0.214720,0x405218,1,10150,6694,3456,18,100.000000,0,0,0.220531,1.200000,0.800000,mba,0,,0,0,-1,-1,-1,-1,-1,-1,-1,-1,-1,-1,-1,-1
5599,3,1400,10,16,16,223802.742728,223802.955401,0.212673,0x405218,1,10341,6939,3402,20,100.000000,0,0,0.220531,1.200000,0.800000,mba,0,,0,0,-1,-1,-1,-1,-1,-1,-1,-1,-1,-1,-1,-1
5599,3,1400,11,16,16,223802.743776,223802.955251,0.211475,0x405218,1,10177,6756,3421,54,100.000000,0,0,0.220531,1.200000,0.800000,mba,0,,0,0,-1,-1,-1,-1,-1,-1,-1,-1,-1,-1,-1,-1
5599,3,1400,12,16,16,223802.743323,223802.886125,0.142802,0x405218,1,4928,3277,1651,56,20.000000,0,0,0.220531,1.200000,0.800000,mba,0,,0,0,-1,-1,-1,-1,-1,-1,-1,-1,-1,-1,-1,-1
5599,3,1400,13,16,16,223802.744187,223802.889382,0.145195,0x405218,1,5158,3877,1281,26,20.000000,0,0,0.220531,1.200000,0.800000,mba,0,,0,0,-1,-1,-1,-1,-1,-1,-1,-1,-1,-1,-1,-1
5599,3,1400,14,16,16,223802.744255,223802.882952,0.138697,0x405218,1,5448,2625,2823,28,20.000000,0,0,0.220531,1.200000,0.800000,mba,0,,0,0,-1,-1,-1,-1,-1,-1,-1,-1,-1,-1,-1,-1
5599,3,1400,15,16,16,223802.742752,223802.860675,0.117923,0x405218,1,5449,2648,2801,62,20.000000,0,0,0.220531,1.200000,0.800000,mba,0,,0,0,-1,-1,-1,-1,-1,-1,-1,-1,-1,-1,-1,-1
5600,4,1400,0,16,16,223803.768707,223803.809718,0.041011,0x4052e4,1,1835,1118,717,32,100.000000,0,0,0.048223,1.200000,0.800000,mba,0,,0,0,-1,-1,-1,-1,-1,-1,-1,-1,-1,-1,-1,-1
5600,4,1400,1,16,16,223803.763943,223803.785602,0.021659,0x4052e4,1,267,231,36,2,20.000000,0,0,0.048223,1.200000,0.800000,mba,0,,0,0,-1,-1,-1,-1,-1,-1,-1,-1,-1,-1,-1,-1
5600,4,1400,2,16,16,223803.763478,223803.784379,0.020901,0x4052e4,1,192,143,49,36,20.000000,0,0,0.048223,1.200000,0.800000,mba,0,,0,0,-1,-1,-1,-1,-1,-1,-1,-1,-1,-1,-1,-1
5600,4,1400,3,16,16,223803.763410,223803.784268,0.020858,0x4052e4,1,182,113,69,38,20.000000,0,0,0.048223,1.200000,0.800000,mba,0,,0,0,-1,-1,-1,-1,-1,-1,-1,-1,-1,-1,-1,-1
5600,4,1400,4,16,16,223803.763648,223803.786765,0.023117,0x4052e4,1,303,248,55,40,20.000000,0,0,0.048223,1.200000,0.800000,mba,0,,0,0,-1,-1,-1,-1,-1,-1,-1,-1,-1,-1,-1,-1
5600,4,1400,5,16,16,223803.763846,223803.787066,0.023220,0x4052e4,1,376,319,57,42,20.000000,0,0,0.048223,1.200000,0.800000,mba,0,,0,0,-1,-1,-1,-1,-1,-1,-1,-1,-1,-1,-1,-1
5600,4,1400,6,16,16,223803.763169,223803.786291,0.023122,0x4052e4,1,315,250,65,44,20.000000,0,0,0.048223,1.200000,0.800000,mba,0,,0,0,-1,-1,-1,-1,-1,-1,-1,-1,-1,-1,-1,-1
5600,4,1400,7,16,16,223803.763527,223803.786444,0.022917,0x4052e4,1,330,251,79,46,20.000000,0,0,0.048223,1.200000,0.800000,mba,0,,0,0,-1,-1,-1,-1,-1,-1,-1,-1,-1,-1,-1,-1
5600,4,1400,8,16,16,223803.762443,223803.785626,0.023183,0x4052e4,1,295,224,71,48,20.000000,0,0,0.048223,1.200000,0.800000,mba,0,,0,0,-1,-1,-1,-1,-1,-1,-1,-1,-1,-1,-1,-1
5600,4,1400,9,16,16,223803.763189,223803.787650,0.024461,0x4052e4,1,455,369,86,18,20.000000,0,0,0.048223,1.200000,0.800000,mba,0,,0,0,-1,-1,-1,-1,-1,-1,-1,-1,-1,-1,-1,-1
5600,4,1400,10,16,16,223803.763495,223803.786643,0.023148,0x4052e4,1,426,338,88,20,20.000000,0,0,0.048223,1.200000,0.800000,mba,0,,0,0,-1,-1,-1,-1,-1,-1,-1,-1,-1,-1,-1,-1
5600,4,1400,11,16,16,223803.763690,223803.787757,0.024067,0x4052e4,1,417,371,46,54,20.000000,0,0,0.048223,1.200000,0.800000,mba,0,,0,0,-1,-1,-1,-1,-1,-1,-1,-1,-1,-1,-1,-1
5600,4,1400,12,16,16,223803.761495,223803.781977,0.020482,0x4052e4,1,74,13,61,56,20.000000,0,0,0.048223,1.200000,0.800000,mba,0,,0,0,-1,-1,-1,-1,-1,-1,-1,-1,-1,-1,-1,-1
5600,4,1400,13,16,16,223803.762187,223803.782521,0.020334,0x4052e4,1,82,39,43,26,20.000000,0,0,0.048223,1.200000,0.800000,mba,0,,0,0,-1,-1,-1,-1,-1,-1,-1,-1,-1,-1,-1,-1
5600,4,1400,14,16,16,223803.762193,223803.782436,0.020243,0x4052e4,1,65,34,31,28,20.000000,0,0,0.048223,1.200000,0.800000,mba,0,,0,0,-1,-1,-1,-1,-1,-1,-1,-1,-1,-1,-1,-1
5600,4,1400,15,16,16,223803.761860,223803.783126,0.021266,0x4052e4,1,71,46,25,62,20.000000,0,0,0.048223,1.200000,0.800000,mba,0,,0,0,-1,-1,-1,-1,-1,-1,-1,-1,-1,-1,-1,-1
5601,5,1400,0,16,16,223803.875572,223803.895996,0.020424,0x40533c,1,39,2,37,32,40.000000,0,0,0.027295,1.200000,0.800000,mba,0,,0,0,-1,-1,-1,-1,-1,-1,-1,-1,-1,-1,-1,-1
5601,5,1400,1,16,16,223803.874572,223803.894836,0.020264,0x40533c,1,111,70,41,2,40.000000,0,0,0.027295,1.200000,0.800000,mba,0,,0,0,-1,-1,-1,-1,-1,-1,-1,-1,-1,-1,-1,-1
5601,5,1400,2,16,16,223803.876770,223803.896827,0.020057,0x40533c,1,139,104,35,36,40.000000,0,0,0.027295,1.200000,0.800000,mba,0,,0,0,-1,-1,-1,-1,-1,-1,-1,-1,-1,-1,-1,-1
5601,5,1400,3,16,16,223803.875042,223803.895148,0.020106,0x40533c,1,123,88,35,38,40.000000,0,0,0.027295,1.200000,0.800000,mba,0,,0,0,-1,-1,-1,-1,-1,-1,-1,-1,-1,-1,-1,-1
5601,5,1400,4,16,16,223803.876124,223803.901301,0.025177,0x40533c,1,557,320,237,40,80.000000,0,0,0.027295,1.200000,0.800000,mba,0,,0,0,-1,-1,-1,-1,-1,-1,-1,-1,-1,-1,-1,-1
5601,5,1400,5,16,16,223803.875561,223803.900004,0.024443,0x40533c,1,527,267,260,42,80.000000,0,0,0.027295,1.200000,0.800000,mba,0,,0,0,-1,-1,-1,-1,-1,-1,-1,-1,-1,-1,-1,-1
5601,5,1400,6,16,16,223803.876709,223803.901366,0.024657,0x40533c,1,578,310,268,44,80.000000,0,0,0.027295,1.200000,0.800000,mba,0,,0,0,-1,-1,-1,-1,-1,-1,-1,-1,-1,-1,-1,-1
5601,5,1400,7,16,16,223803.876519,223803.900831,0.024312,0x40533c,1,597,314,283,46,100.000000,0,0,0.027295,1.200000,0.800000,mba,0,,0,0,-1,-1,-1,-1,-1,-1,-1,-1,-1,-1,-1,-1
5601,5,1400,8,16,16,223803.874508,223803.899275,0.024767,0x40533c,1,606,274,332,48,80.000000,0,0,0.027295,1.200000,0.800000,mba,0,,0,0,-1,-1,-1,-1,-1,-1,-1,-1,-1,-1,-1,-1
5601,5,1400,9,16,16,223803.876900,223803.901109,0.024209,0x40533c,1,584,250,334,18,80.000000,0,0,0.027295,1.200000,0.800000,mba,0,,0,0,-1,-1,-1,-1,-1,-1,-1,-1,-1,-1,-1,-1
5601,5,1400,10,16,16,223803.874880,223803.899516,0.024636,0x40533c,1,667,319,348,20,80.000000,0,0,0.027295,1.200000,0.800000,mba,0,,0,0,-1,-1,-1,-1,-1,-1,-1,-1,-1,-1,-1,-1
5601,5,1400,11,16,16,223803.874071,223803.898773,0.024702,0x40533c,1,656,408,248,54,80.000000,0,0,0.027295,1.200000,0.800000,mba,0,,0,0,-1,-1,-1,-1,-1,-1,-1,-1,-1,-1,-1,-1
5601,5,1400,12,16,16,223803.876466,223803.896566,0.020100,0x40533c,1,79,58,21,56,40.000000,0,0,0.027295,1.200000,0.800000,mba,0,,0,0,-1,-1,-1,-1,-1,-1,-1,-1,-1,-1,-1,-1
5601,5,1400,13,16,16,223803.876294,223803.896186,0.019892,0x40533c,1,52,19,33,26,40.000000,0,0,0.027295,1.200000,0.800000,mba,0,,0,0,-1,-1,-1,-1,-1,-1,-1,-1,-1,-1,-1,-1
5601,5,1400,14,16,16,223803.875671,223803.895806,0.020135,0x40533c,1,101,60,41,28,40.000000,0,0,0.027295,1.200000,0.800000,mba,0,,0,0,-1,-1,-1,-1,-1,-1,-1,-1,-1,-1,-1,-1
5601,5,1400,15,16,16,223803.876418,223803.896717,0.020299,0x40533c,1,105,82,23,62,40.000000,0,0,0.027295,1.200000,0.800000,mba,0,,0,0,-1,-1,-1,-1,-1,-1,-1,-1,-1,-1,-1,-1
5998,2,1500,0,16,16,235048.521101,235156.267687,86.226310,0x4051ce,1,6167133,3092803,3074330,32,30.000000,1,1,108.578435,1.200000,0.800000,mba,0,,1,1,12435456,8470528,3784704,2913023139840,2913593638912,538689536,2913023139840,2913593638912,539320320,-1,-1,-1
5998,2,1500,1,16,16,235048.044441,235156.180416,90.784093,0x4051ce,1,7856084,3204355,4651729,2,30.000000,1,1,108.578435,1.200000,0.800000,mba,0,,1,1,14147584,8650752,360448,2913020346368,2913593368576,566353920,2913020526592,2913593368576,566083584,-1,-1,-1
5998,2,1500,2,16,16,235048.010744,235155.824359,70.406754,0x4051ce,1,7156116,3226632,3929484,36,40.000000,1,1,108.578435,1.200000,0.800000,mba,0,,1,1,19464192,15228928,21536768,1637630697472,1639073931264,1238769664,1637630697472,1639074201600,1240031232,-1,-1,-1
5998,2,1500,3,16,16,235048.013475,235156.029901,80.503279,0x4051ce,1,7748025,4002938,3745087,6,40.000000,1,1,108.578435,1.200000,0.800000,mba,0,,1,1,19464192,14958592,21356544,1637630697472,1639076995072,1380605952,1637630697472,1639076995072,1380155392,-1,-1,-1
5998,2,1500,4,16,16,235048.049101,235156.159588,95.314064,0x4051ce,1,13154790,7758707,5396083,40,100.000000,1,1,108.578435,1.200000,0.800000,mba,0,,1,1,48390144,52535296,630784,14188589105152,14195069689856,6247374848,14188589285376,14195069779968,6249357312,-1,-1,-1
5998,2,1500,5,16,16,235048.043456,235156.108747,95.637812,0x4051ce,1,13157409,7988155,5169254,42,100.000000,1,1,108.578435,1.200000,0.800000,mba,0,,1,1,48029696,52174848,360448,14188588564480,14195068428288,6268911616,14188589105152,14195068698624,6269181952,-1,-1,-1
5998,2,1500,6,16,16,235048.423446,235156.108288,95.299983,0x4051ce,1,12386825,9109842,3276983,44,100.000000,1,1,108.578435,1.200000,0.800000,mba,0,,1,1,49111040,52264960,360448,14188612444160,14195068428288,6253502464,14188612984832,14195068518400,6256656384,-1,-1,-1
5998,2,1500,7,16,16,235047.720032,235156.242629,103.040361,0x4051ce,1,12243227,8946303,3296924,46,100.000000,1,1,108.578435,1.200000,0.800000,mba,0,,1,1,47489024,53075968,1171456,14188578021376,14195070050304,6466076672,14188578021376,14195070050304,6459588608,-1,-1,-1
5998,2,1500,8,16,16,235048.022805,235156.152271,99.244489,0x4051ce,1,13034577,9566826,3467751,48,100.000000,1,1,108.578435,1.200000,0.800000,mba,0,,1,1,47939584,52445184,630784,14188587483136,14195069599744,6429040640,14188587933696,14195069689856,6429491200,-1,-1,-1
5998,2,1500,9,16,16,235048.282724,235156.093177,94.934643,0x4051ce,1,12373059,9034094,3338965,18,100.000000,1,1,108.578435,1.200000,0.800000,mba,0,,1,1,48750592,52264960,360448,14188604514304,14195067617280,6237913088,14188604874752,14195068248064,6244671488,-1,-1,-1
5998,2,1500,10,16,16,235048.015569,235156.128402,99.496693,0x4051ce,1,13000121,9659880,3340241,20,100.000000,1,1,108.578435,1.200000,0.800000,mba,0,,1,1,47939584,52174848,270336,14188587573248,14195068968960,6434177024,14188588023808,14195068968960,6431653888,-1,-1,-1
5998,2,1500,11,16,16,235047.720262,235156.165002,99.851127,0x4051ce,1,12943100,9523618,3419482,54,100.000000,1,1,108.578435,1.200000,0.800000,mba,0,,1,1,47489024,52625408,720896,14188578021376,14195069689856,6432915456,14188578021376,14195069870080,6431113216,-1,-1,-1
5998,2,1500,12,16,16,235047.689252,235156.017632,78.530062,0x4051ce,1,7810196,5811884,1998312,56,50.000000,1,1,108.578435,1.200000,0.800000,mba,0,,1,1,1531904,3153920,73981952,165535293440,166644482048,1095852032,165535293440,166644482048,1095761920,-1,-1,-1
5998,2,1500,13,16,16,235047.735510,235156.070574,81.475674,0x4051ce,1,7785019,6214744,1570275,26,50.000000,1,1,108.578435,1.200000,0.800000,mba,0,,1,1,1622016,3153920,72630272,165535563776,166644482048,1106034688,165535744000,166644482048,1105403904,-1,-1,-1
5998,2,1500,14,16,16,235048.057526,235156.129138,91.530741,0x4051ce,1,7855190,4953671,2901519,28,40.000000,1,1,108.578435,1.200000,0.800000,mba,0,,1,1,19464192,15048704,10182656,1637631418368,1639077265408,1441792000,1637631508480,1639077265408,1440710656,-1,-1,-1
5998,2,1500,15,16,16,235047.995870,235156.094023,81.930347,0x4051ce,1,7146246,3883208,3263038,62,40.000000,1,1,108.578435,1.200000,0.800000,mba,0,,1,1,19283968,15048704,19554304,1637630697472,1639077265408,1391329280,1637630697472,1639077265408,1390157824,-1,-1,-1
5999,3,1500,0,16,16,235156.438634,235156.560756,0.122122,0x405218,1,5748,2991,2757,32,20.000000,0,0,0.267488,1.200000,0.800000,mba,0,,0,0,-1,-1,-1,-1,-1,-1,-1,-1,-1,-1,-1,-1
5999,3,1500,1,16,16,235156.438688,235156.557758,0.119070,0x405218,1,6654,2616,4038,2,20.000000,0,0,0.267488,1.200000,0.800000,mba,0,,0,0,-1,-1,-1,-1,-1,-1,-1,-1,-1,-1,-1,-1
5999,3,1500,2,16,16,235156.437371,235156.585305,0.147934,0x405218,1,6214,2724,3490,36,20.000000,0,0,0.267488,1.200000,0.800000,mba,0,,0,0,-1,-1,-1,-1,-1,-1,-1,-1,-1,-1,-1,-1
5999,3,1500,3,16,16,235156.438695,235156.554588,0.115893,0x405218,1,6369,2675,3694,6,20.000000,0,0,0.267488,1.200000,0.800000,mba,0,,0,0,-1,-1,-1,-1,-1,-1,-1,-1,-1,-1,-1,-1
5999,3,1500,4,16,16,235156.438373,235156.640922,0.202549,0x405218,1,9961,5710,4251,40,80.000000,0,0,0.267488,1.200000,0.800000,mba,0,,0,0,-1,-1,-1,-1,-1,-1,-1,-1,-1,-1,-1,-1
5999,3,1500,5,16,16,235156.438623,235156.637945,0.199322,0x405218,1,10062,5721,4341,42,80.000000,0,0,0.267488,1.200000,0.800000,mba,0,,0,0,-1,-1,-1,-1,-1,-1,-1,-1,-1,-1,-1,-1
5999,3,1500,6,16,16,235156.438958,235156.648526,0.209568,0x405218,1,9878,6311,3567,44,100.000000,0,0,0.267488,1.200000,0.800000,mba,0,,0,0,-1,-1,-1,-1,-1,-1,-1,-1,-1,-1,-1,-1
5999,3,1500,7,16,16,235156.438857,235156.704689,0.265832,0x405218,1,9119,5582,3537,46,100.000000,0,0,0.267488,1.200000,0.800000,mba,0,,0,0,-1,-1,-1,-1,-1,-1,-1,-1,-1,-1,-1,-1
5999,3,1500,8,16,16,235156.438306,235156.645086,0.206780,0x405218,1,10147,6559,3588,48,100.000000,0,0,0.267488,1.200000,0.800000,mba,0,,0,0,-1,-1,-1,-1,-1,-1,-1,-1,-1,-1,-1,-1
5999,3,1500,9,16,16,235156.438915,235156.645530,0.206615,0x405218,1,9916,6096,3820,18,100.000000,0,0,0.267488,1.200000,0.800000,mba,0,,0,0,-1,-1,-1,-1,-1,-1,-1,-1,-1,-1,-1,-1
5999,3,1500,10,16,16,235156.439051,235156.650975,0.211924,0x405218,1,10061,6515,3546,20,100.000000,0,0,0.267488,1.200000,0.800000,mba,0,,0,0,-1,-1,-1,-1,-1,-1,-1,-1,-1,-1,-1,-1
5999,3,1500,11,16,16,235156.437799,235156.644023,0.206224,0x405218,1,9927,6508,3419,54,100.000000,0,0,0.267488,1.200000,0.800000,mba,0,,0,0,-1,-1,-1,-1,-1,-1,-1,-1,-1,-1,-1,-1
5999,3,1500,12,16,16,235156.437201,235156.594725,0.157524,0x405218,1,4972,3750,1222,56,20.000000,0,0,0.267488,1.200000,0.800000,mba,0,,0,0,-1,-1,-1,-1,-1,-1,-1,-1,-1,-1,-1,-1
5999,3,1500,13,16,16,235156.438045,235156.597635,0.159590,0x405218,1,5054,3784,1270,26,20.000000,0,0,0.267488,1.200000,0.800000,mba,0,,0,0,-1,-1,-1,-1,-1,-1,-1,-1,-1,-1,-1,-1
5999,3,1500,14,16,16,235156.438743,235156.578735,0.139992,0x405218,1,6230,3332,2898,28,20.000000,0,0,0.267488,1.200000,0.800000,mba,0,,0,0,-1,-1,-1,-1,-1,-1,-1,-1,-1,-1,-1,-1
5999,3,1500,15,16,16,235156.437876,235156.553098,0.115222,0x405218,1,5654,2692,2962,62,20.000000,0,0,0.267488,1.200000,0.800000,mba,0,,0,0,-1,-1,-1,-1,-1,-1,-1,-1,-1,-1,-1,-1
6000,4,1500,0,16,16,235157.462130,235157.502981,0.040851,0x4052e4,1,1960,1100,860,32,100.000000,0,0,0.047955,1.200000,0.800000,mba,0,,0,0,-1,-1,-1,-1,-1,-1,-1,-1,-1,-1,-1,-1
6000,4,1500,1,16,16,235157.455909,235157.477319,0.021410,0x4052e4,1,278,226,52,2,20.000000,0,0,0.047955,1.200000,0.800000,mba,0,,0,0,-1,-1,-1,-1,-1,-1,-1,-1,-1,-1,-1,-1
6000,4,1500,2,16,16,235157.456357,235157.477584,0.021227,0x4052e4,1,72,36,36,36,20.000000,0,0,0.047955,1.200000,0.800000,mba,0,,0,0,-1,-1,-1,-1,-1,-1,-1,-1,-1,-1,-1,-1
6000,4,1500,3,16,16,235157.457637,235157.478401,0.020764,0x4052e4,1,169,118,51,6,20.000000,0,0,0.047955,1.200000,0.800000,mba,0,,0,0,-1,-1,-1,-1,-1,-1,-1,-1,-1,-1,-1,-1
6000,4,1500,4,16,16,235157.457224,235157.480695,0.023471,0x4052e4,1,273,200,73,40,20.000000,0,0,0.047955,1.200000,0.800000,mba,0,,0,0,-1,-1,-1,-1,-1,-1,-1,-1,-1,-1,-1,-1
6000,4,1500,5,16,16,235157.457658,235157.480839,0.023181,0x4052e4,1,326,257,69,42,20.000000,0,0,0.047955,1.200000,0.800000,mba,0,,0,0,-1,-1,-1,-1,-1,-1,-1,-1,-1,-1,-1,-1
6000,4,1500,6,16,16,235157.457329,235157.482239,0.024910,0x4052e4,1,397,327,70,44,20.000000,0,0,0.047955,1.200000,0.800000,mba,0,,0,0,-1,-1,-1,-1,-1,-1,-1,-1,-1,-1,-1,-1
6000,4,1500,7,16,16,235157.457650,235157.481703,0.024053,0x4052e4,1,177,113,64,46,20.000000,0,0,0.047955,1.200000,0.800000,mba,0,,0,0,-1,-1,-1,-1,-1,-1,-1,-1,-1,-1,-1,-1
6000,4,1500,8,16,16,235157.456917,235157.479505,0.022588,0x4052e4,1,298,218,80,48,20.000000,0,0,0.047955,1.200000,0.800000,mba,0,,0,0,-1,-1,-1,-1,-1,-1,-1,-1,-1,-1,-1,-1
6000,4,1500,9,16,16,235157.457369,235157.482406,0.025037,0x4052e4,1,354,281,73,18,20.000000,0,0,0.047955,1.200000,0.800000,mba,0,,0,0,-1,-1,-1,-1,-1,-1,-1,-1,-1,-1,-1,-1
6000,4,1500,10,16,16,235157.457071,235157.479653,0.022582,0x4052e4,1,348,258,90,20,20.000000,0,0,0.047955,1.200000,0.800000,mba,0,,0,0,-1,-1,-1,-1,-1,-1,-1,-1,-1,-1,-1,-1
6000,4,1500,11,16,16,235157.456565,235157.480328,0.023763,0x4052e4,1,419,347,72,54,20.000000,0,0,0.047955,1.200000,0.800000,mba,0,,0,0,-1,-1,-1,-1,-1,-1,-1,-1,-1,-1,-1,-1
6000,4,1500,12,16,16,235157.455026,235157.475217,0.020191,0x4052e4,1,60,24,36,56,20.000000,0,0,0.047955,1.200000,0.800000,mba,0,,0,0,-1,-1,-1,-1,-1,-1,-1,-1,-1,-1,-1,-1
6000,4,1500,13,16,16,235157.457298,235157.477719,0.020421,0x4052e4,1,88,31,57,26,20.000000,0,0,0.047955,1.200000,0.800000,mba,0,,0,0,-1,-1,-1,-1,-1,-1,-1,-1,-1,-1,-1,-1
6000,4,1500,14,16,16,235157.455233,235157.475586,0.020353,0x4052e4,1,146,104,42,28,20.000000,0,0,0.047955,1.200000,0.800000,mba,0,,0,0,-1,-1,-1,-1,-1,-1,-1,-1,-1,-1,-1,-1
6000,4,1500,15,16,16,235157.457062,235157.477902,0.020840,0x4052e4,1,151,106,45,62,20.000000,0,0,0.047955,1.200000,0.800000,mba,0,,0,0,-1,-1,-1,-1,-1,-1,-1,-1,-1,-1,-1,-1
6001,5,1500,0,16,16,235157.576137,235157.603961,0.027824,0x40533c,1,55,0,55,32,40.000000,0,0,0.034532,1.200000,0.800000,mba,0,,0,0,-1,-1,-1,-1,-1,-1,-1,-1,-1,-1,-1,-1
6001,5,1500,1,16,16,235157.571221,235157.591243,0.020022,0x40533c,1,130,48,82,2,40.000000,0,0,0.034532,1.200000,0.800000,mba,0,,0,0,-1,-1,-1,-1,-1,-1,-1,-1,-1,-1,-1,-1
6001,5,1500,2,16,16,235157.570490,235157.590837,0.020347,0x40533c,1,73,51,22,36,40.000000,0,0,0.034532,1.200000,0.800000,mba,0,,0,0,-1,-1,-1,-1,-1,-1,-1,-1,-1,-1,-1,-1
6001,5,1500,3,16,16,235157.569429,235157.589886,0.020457,0x40533c,1,102,66,36,6,40.000000,0,0,0.034532,1.200000,0.800000,mba,0,,0,0,-1,-1,-1,-1,-1,-1,-1,-1,-1,-1,-1,-1
6001,5,1500,4,16,16,235157.570981,235157.595398,0.024417,0x40533c,1,582,304,278,40,80.000000,0,0,0.034532,1.200000,0.800000,mba,0,,0,0,-1,-1,-1,-1,-1,-1,-1,-1,-1,-1,-1,-1
6001,5,1500,5,16,16,235157.571286,235157.595672,0.024386,0x40533c,1,519,235,284,42,80.000000,0,0,0.034532,1.200000,0.800000,mba,0,,0,0,-1,-1,-1,-1,-1,-1,-1,-1,-1,-1,-1,-1
6001,5,1500,6,16,16,235157.570676,235157.597176,0.026500,0x40533c,1,535,197,338,44,80.000000,0,0,0.034532,1.200000,0.800000,mba,0,,0,0,-1,-1,-1,-1,-1,-1,-1,-1,-1,-1,-1,-1
6001,5,1500,7,16,16,235157.569945,235157.595289,0.025344,0x40533c,1,275,152,123,46,100.000000,0,0,0.034532,1.200000,0.800000,mba,0,,0,0,-1,-1,-1,-1,-1,-1,-1,-1,-1,-1,-1,-1
6001,5,1500,8,16,16,235157.571369,235157.595543,0.024174,0x40533c,1,569,220,349,48,80.000000,0,0,0.034532,1.200000,0.800000,mba,0,,0,0,-1,-1,-1,-1,-1,-1,-1,-1,-1,-1,-1,-1
6001,5,1500,9,16,16,235157.569788,235157.596741,0.026953,0x40533c,1,505,158,347,18,80.000000,0,0,0.034532,1.200000,0.800000,mba,0,,0,0,-1,-1,-1,-1,-1,-1,-1,-1,-1,-1,-1,-1
6001,5,1500,10,16,16,235157.571383,235157.596394,0.025011,0x40533c,1,403,138,265,20,80.000000,0,0,0.034532,1.200000,0.800000,mba,0,,0,0,-1,-1,-1,-1,-1,-1,-1,-1,-1,-1,-1,-1
6001,5,1500,11,16,16,235157.571220,235157.596269,0.025049,0x40533c,1,519,231,288,54,80.000000,0,0,0.034532,1.200000,0.800000,mba,0,,0,0,-1,-1,-1,-1,-1,-1,-1,-1,-1,-1,-1,-1
6001,5,1500,12,16,16,235157.569445,235157.589729,0.020284,0x40533c,1,95,59,36,56,40.000000,0,0,0.034532,1.200000,0.800000,mba,0,,0,0,-1,-1,-1,-1,-1,-1,-1,-1,-1,-1,-1,-1
6001,5,1500,13,16,16,235157.570614,235157.591182,0.020568,0x40533c,1,64,25,39,26,40.000000,0,0,0.034532,1.200000,0.800000,mba,0,,0,0,-1,-1,-1,-1,-1,-1,-1,-1,-1,-1,-1,-1
6001,5,1500,14,16,16,235157.569917,235157.589931,0.020014,0x40533c,1,121,85,36,28,40.000000,0,0,0.034532,1.200000,0.800000,mba,0,,0,0,-1,-1,-1,-1,-1,-1,-1,-1,-1,-1,-1,-1
6001,5,1500,15,16,16,235157.571844,235157.591778,0.019934,0x40533c,1,169,118,51,62,40.000000,0,0,0.034532,1.200000,0.800000,mba,0,,0,0,-1,-1,-1,-1,-1,-1,-1,-1,-1,-1,-1,-1
6398,2,1600,0,16,16,245486.290541,245586.826853,81.534882,0x4051ce,1,6179228,2928149,3251079,32,30.000000,1,1,100.557016,1.200000,0.800000,mba,0,,1,1,17661952,9912320,90112,2970534961152,2971095097344,525893632,2970534961152,2971095097344,526254080,-1,-1,-1
6398,2,1600,1,16,16,245486.483830,245586.669114,86.515107,0x4051ce,1,7869067,3037813,4831254,34,30.000000,1,1,100.557016,1.200000,0.800000,mba,0,,1,1,16760832,10092544,-180224,2970535862272,2971094196224,551395328,2970535862272,2971094376448,551395328,-1,-1,-1
6398,2,1600,2,16,16,245486.492134,245586.469861,72.912864,0x4051ce,1,7775508,3590690,4184818,36,40.000000,1,1,100.557016,1.200000,0.800000,mba,0,,1,1,16941056,15409152,6217728,1784252293120,1785717694464,1307975680,1784252293120,1785717874688,1309417472,-1,-1,-1
6398,2,1600,3,16,16,245486.290442,245586.574861,78.985048,0x4051ce,1,7759621,3942000,3817621,38,40.000000,1,1,100.557016,1.200000,0.800000,mba,0,,1,1,15859712,15048704,8200192,1784250490880,1785719316480,1389436928,1784250490880,1785719316480,1390698496,-1,-1,-1
6398,2,1600,4,16,16,245486.283075,245586.620806,88.036022,0x4051ce,1,12327858,7108678,5219180,40,100.000000,1,1,100.557016,1.200000,0.800000,mba,0,,1,1,46227456,48390144,-90112,14812646244352,14818681044992,5822136320,14812646334464,14818681135104,5825650688,-1,-1,-1
6398,2,1600,5,16,16,245486.302394,245586.593673,87.763072,0x4051ce,1,12278437,7364015,4914422,10,100.000000,1,1,100.557016,1.200000,0.800000,mba,0,,1,1,46678016,47669248,-811008,14812646514688,14818679783424,5818712064,14812646785024,14818680143872,5819973632,-1,-1,-1
6398,2,1600,6,16,16,245486.304519,245586.577741,88.029025,0x4051ce,1,11628215,8502155,3126060,44,100.000000,1,1,100.557016,1.200000,0.800000,mba,0,,1,1,46678016,47489024,-991232,14812646514688,14818679242752,5826371584,14812646785024,14818679513088,5829705728,-1,-1,-1
6398,2,1600,7,16,16,245486.295157,245586.651783,92.908128,0x4051ce,1,12193110,9023430,3169680,46,100.000000,1,1,100.557016,1.200000,0.800000,mba,0,,1,1,46317568,48660480,180224,14812646334464,14818681675776,6016507904,14812646514688,14818681675776,6011912192,-1,-1,-1
6398,2,1600,8,16,16,245486.305176,245586.682917,94.095970,0x4051ce,1,11310581,8098296,3212285,48,100.000000,1,1,100.557016,1.200000,0.800000,mba,0,,1,1,46678016,48930816,1081344,14812646514688,14818681675776,6023806976,14812646875136,14818681675776,6019661824,-1,-1,-1
6398,2,1600,9,16,16,245486.278252,245586.536703,87.469983,0x4051ce,1,11604837,8354295,3250542,18,100.000000,1,1,100.557016,1.200000,0.800000,mba,0,,1,1,46227456,47398912,-1081344,14812646244352,14818676629504,5805015040,14812646334464,14818676809728,5807448064,-1,-1,-1
6398,2,1600,10,16,16,245486.471626,245586.616877,91.987578,0x4051ce,1,12154825,9033421,3121404,20,100.000000,1,1,100.557016,1.200000,0.800000,mba,0,,1,1,45416448,48480256,-90112,14812656336896,14818680864768,5993979904,14812656787456,14818681135104,5987942400,-1,-1,-1
6398,2,1600,11,16,16,245486.475134,245586.632063,91.999368,0x4051ce,1,12145599,8922452,3223147,54,100.000000,1,1,100.557016,1.200000,0.800000,mba,0,,1,1,45416448,48480256,0,14812655886336,14818681315328,5989834752,14812656967680,14818681585664,5985689600,-1,-1,-1
6398,2,1600,12,16,16,245486.269837,245586.522922,78.194712,0x4051ce,1,7813447,5846023,1967424,56,50.000000,1,1,100.557016,1.200000,0.800000,mba,0,,1,1,3334144,5046272,61456384,276215267328,277326618624,1098915840,276215267328,277326618624,1099726848,-1,-1,-1
6398,2,1600,13,16,16,245486.292664,245586.626188,81.122171,0x4051ce,1,7779135,6235133,1544002,26,50.000000,1,1,100.557016,1.200000,0.800000,mba,0,,1,1,3334144,5226496,61546496,276215267328,277326798848,1109639168,276215267328,277326798848,1109639168,-1,-1,-1
6398,2,1600,14,16,16,245486.498765,245586.629529,90.530775,0x4051ce,1,7845978,4906975,2939003,28,40.000000,1,1,100.557016,1.200000,0.800000,mba,0,,1,1,17121280,15228928,-180224,1784252293120,1785719406592,1465671680,1784252293120,1785719406592,1465401344,-1,-1,-1
6398,2,1600,15,16,16,245486.276141,245586.589804,84.325722,0x4051ce,1,7691866,4208555,3483311,62,40.000000,1,1,100.557016,1.200000,0.800000,mba,0,,1,1,15859712,15138816,5406720,1784250490880,1785719316480,1435484160,1784250490880,1785719316480,1435484160,-1,-1,-1
6399,3,1600,0,16,16,245586.989399,245587.111564,0.122165,0x405218,1,5609,2770,2839,32,20.000000,0,0,0.229512,1.200000,0.800000,mba,0,,0,0,-1,-1,-1,-1,-1,-1,-1,-1,-1,-1,-1,-1
6399,3,1600,1,16,16,245586.989458,245587.094888,0.105430,0x405218,1,6673,2561,4112,34,20.000000,0,0,0.229512,1.200000,0.800000,mba,0,,0,0,-1,-1,-1,-1,-1,-1,-1,-1,-1,-1,-1,-1
6399,3,1600,2,16,16,245586.989290,245587.096204,0.106914,0x405218,1,6173,2391,3782,36,20.000000,0,0,0.229512,1.200000,0.800000,mba,0,,0,0,-1,-1,-1,-1,-1,-1,-1,-1,-1,-1,-1,-1
6399,3,1600,3,16,16,245586.989571,245587.096122,0.106551,0x405218,1,6184,2329,3855,38,20.000000,0,0,0.229512,1.200000,0.800000,mba,0,,0,0,-1,-1,-1,-1,-1,-1,-1,-1,-1,-1,-1,-1
6399,3,1600,4,16,16,245586.988307,245587.158494,0.170187,0x405218,1,9557,5184,4373,40,80.000000,0,0,0.229512,1.200000,0.800000,mba,0,,0,0,-1,-1,-1,-1,-1,-1,-1,-1,-1,-1,-1,-1
6399,3,1600,5,16,16,245586.989228,245587.163433,0.174205,0x405218,1,9606,5217,4389,10,80.000000,0,0,0.229512,1.200000,0.800000,mba,0,,0,0,-1,-1,-1,-1,-1,-1,-1,-1,-1,-1,-1,-1
6399,3,1600,6,16,16,245586.988900,245587.178419,0.189519,0x405218,1,9555,6095,3460,44,100.000000,0,0,0.229512,1.200000,0.800000,mba,0,,0,0,-1,-1,-1,-1,-1,-1,-1,-1,-1,-1,-1,-1
6399,3,1600,7,16,16,245586.989065,245587.184616,0.195551,0x405218,1,9685,6149,3536,46,100.000000,0,0,0.229512,1.200000,0.800000,mba,0,,0,0,-1,-1,-1,-1,-1,-1,-1,-1,-1,-1,-1,-1
6399,3,1600,8,16,16,245586.989594,245587.217565,0.227971,0x405218,1,8860,5454,3406,48,100.000000,0,0,0.229512,1.200000,0.800000,mba,0,,0,0,-1,-1,-1,-1,-1,-1,-1,-1,-1,-1,-1,-1
6399,3,1600,9,16,16,245586.989243,245587.178734,0.189491,0x405218,1,9563,5889,3674,18,100.000000,0,0,0.229512,1.200000,0.800000,mba,0,,0,0,-1,-1,-1,-1,-1,-1,-1,-1,-1,-1,-1,-1
6399,3,1600,10,16,16,245586.989219,245587.175028,0.185809,0x405218,1,9713,6216,3497,20,100.000000,0,0,0.229512,1.200000,0.800000,mba,0,,0,0,-1,-1,-1,-1,-1,-1,-1,-1,-1,-1,-1,-1
6399,3,1600,11,16,16,245586.989492,245587.169049,0.179557,0x405218,1,9599,6015,3584,54,100.000000,0,0,0.229512,1.200000,0.800000,mba,0,,0,0,-1,-1,-1,-1,-1,-1,-1,-1,-1,-1,-1,-1
6399,3,1600,12,16,16,245586.988053,245587.135962,0.147909,0x405218,1,4916,3410,1506,56,20.000000,0,0,0.229512,1.200000,0.800000,mba,0,,0,0,-1,-1,-1,-1,-1,-1,-1,-1,-1,-1,-1,-1
6399,3,1600,13,16,16,245586.989075,245587.139000,0.149925,0x405218,1,5074,3872,1202,26,20.000000,0,0,0.229512,1.200000,0.800000,mba,0,,0,0,-1,-1,-1,-1,-1,-1,-1,-1,-1,-1,-1,-1
6399,3,1600,14,16,16,245586.988659,245587.119066,0.130407,0x405218,1,6281,3321,2960,28,20.000000,0,0,0.229512,1.200000,0.800000,mba,0,,0,0,-1,-1,-1,-1,-1,-1,-1,-1,-1,-1,-1,-1
6399,3,1600,15,16,16,245586.989243,245587.100611,0.111368,0x405218,1,5378,2359,3019,62,20.000000,0,0,0.229512,1.200000,0.800000,mba,0,,0,0,-1,-1,-1,-1,-1,-1,-1,-1,-1,-1,-1,-1
6400,4,1600,0,16,16,245587.950055,245587.988117,0.038062,0x4052e4,1,1887,994,893,32,100.000000,0,0,0.044044,1.200000,0.800000,mba,0,,0,0,-1,-1,-1,-1,-1,-1,-1,-1,-1,-1,-1,-1
6400,4,1600,1,16,16,245587.945635,245587.965050,0.019415,0x4052e4,1,242,173,69,34,20.000000,0,0,0.044044,1.200000,0.800000,mba,0,,0,0,-1,-1,-1,-1,-1,-1,-1,-1,-1,-1,-1,-1
6400,4,1600,2,16,16,245587.945951,245587.965159,0.019208,0x4052e4,1,193,150,43,36,20.000000,0,0,0.044044,1.200000,0.800000,mba,0,,0,0,-1,-1,-1,-1,-1,-1,-1,-1,-1,-1,-1,-1
6400,4,1600,3,16,16,245587.944652,245587.964482,0.019830,0x4052e4,1,224,159,65,38,20.000000,0,0,0.044044,1.200000,0.800000,mba,0,,0,0,-1,-1,-1,-1,-1,-1,-1,-1,-1,-1,-1,-1
6400,4,1600,4,16,16,245587.946307,245587.967820,0.021513,0x4052e4,1,299,202,97,40,20.000000,0,0,0.044044,1.200000,0.800000,mba,0,,0,0,-1,-1,-1,-1,-1,-1,-1,-1,-1,-1,-1,-1
6400,4,1600,5,16,16,245587.945502,245587.967175,0.021673,0x4052e4,1,390,328,62,10,20.000000,0,0,0.044044,1.200000,0.800000,mba,0,,0,0,-1,-1,-1,-1,-1,-1,-1,-1,-1,-1,-1,-1
6400,4,1600,6,16,16,245587.946168,245587.968149,0.021981,0x4052e4,1,280,207,73,44,20.000000,0,0,0.044044,1.200000,0.800000,mba,0,,0,0,-1,-1,-1,-1,-1,-1,-1,-1,-1,-1,-1,-1
6400,4,1600,7,16,16,245587.946019,245587.967348,0.021329,0x4052e4,1,290,211,79,46,20.000000,0,0,0.044044,1.200000,0.800000,mba,0,,0,0,-1,-1,-1,-1,-1,-1,-1,-1,-1,-1,-1,-1
6400,4,1600,8,16,16,245587.945816,245587.967383,0.021567,0x4052e4,1,183,114,69,48,20.000000,0,0,0.044044,1.200000,0.800000,mba,0,,0,0,-1,-1,-1,-1,-1,-1,-1,-1,-1,-1,-1,-1
6400,4,1600,9,16,16,245587.945991,245587.967834,0.021843,0x4052e4,1,302,235,67,18,20.000000,0,0,0.044044,1.200000,0.800000,mba,0,,0,0,-1,-1,-1,-1,-1,-1,-1,-1,-1,-1,-1,-1
6400,4,1600,10,16,16,245587.944600,245587.965688,0.021088,0x4052e4,1,340,257,83,20,20.000000,0,0,0.044044,1.200000,0.800000,mba,0,,0,0,-1,-1,-1,-1,-1,-1,-1,-1,-1,-1,-1,-1
6400,4,1600,11,16,16,245587.946153,245587.967832,0.021679,0x4052e4,1,391,303,88,54,20.000000,0,0,0.044044,1.200000,0.800000,mba,0,,0,0,-1,-1,-1,-1,-1,-1,-1,-1,-1,-1,-1,-1
6400,4,1600,12,16,16,245587.944267,245587.963129,0.018862,0x4052e4,1,47,12,35,56,20.000000,0,0,0.044044,1.200000,0.800000,mba,0,,0,0,-1,-1,-1,-1,-1,-1,-1,-1,-1,-1,-1,-1
6400,4,1600,13,16,16,245587.945860,245587.964847,0.018987,0x4052e4,1,82,40,42,26,20.000000,0,0,0.044044,1.200000,0.800000,mba,0,,0,0,-1,-1,-1,-1,-1,-1,-1,-1,-1,-1,-1,-1
6400,4,1600,14,16,16,245587.944178,245587.963214,0.019036,0x4052e4,1,143,101,42,28,20.000000,0,0,0.044044,1.200000,0.800000,mba,0,,0,0,-1,-1,-1,-1,-1,-1,-1,-1,-1,-1,-1,-1
6400,4,1600,15,16,16,245587.944073,245587.963508,0.019435,0x4052e4,1,75,38,37,62,20.000000,0,0,0.044044,1.200000,0.800000,mba,0,,0,0,-1,-1,-1,-1,-1,-1,-1,-1,-1,-1,-1,-1
6401,5,1600,0,16,16,245588.045270,245588.064158,0.018888,0x40533c,1,43,3,40,32,40.000000,0,0,0.025482,1.200000,0.800000,mba,0,,0,0,-1,-1,-1,-1,-1,-1,-1,-1,-1,-1,-1,-1
6401,5,1600,1,16,16,245588.045001,245588.064041,0.019040,0x40533c,1,72,36,36,34,40.000000,0,0,0.025482,1.200000,0.800000,mba,0,,0,0,-1,-1,-1,-1,-1,-1,-1,-1,-1,-1,-1,-1
6401,5,1600,2,16,16,245588.043832,245588.062604,0.018772,0x40533c,1,113,66,47,36,40.000000,0,0,0.025482,1.200000,0.800000,mba,0,,0,0,-1,-1,-1,-1,-1,-1,-1,-1,-1,-1,-1,-1
6401,5,1600,3,16,16,245588.043292,245588.062306,0.019014,0x40533c,1,111,67,44,38,40.000000,0,0,0.025482,1.200000,0.800000,mba,0,,0,0,-1,-1,-1,-1,-1,-1,-1,-1,-1,-1,-1,-1
6401,5,1600,4,16,16,245588.042847,245588.065199,0.022352,0x40533c,1,594,317,277,40,80.000000,0,0,0.025482,1.200000,0.800000,mba,0,,0,0,-1,-1,-1,-1,-1,-1,-1,-1,-1,-1,-1,-1
6401,5,1600,5,16,16,245588.044632,245588.067821,0.023189,0x40533c,1,543,280,263,10,80.000000,0,0,0.025482,1.200000,0.800000,mba,0,,0,0,-1,-1,-1,-1,-1,-1,-1,-1,-1,-1,-1,-1
6401,5,1600,6,16,16,245588.044240,245588.067283,0.023043,0x40533c,1,534,238,296,44,80.000000,0,0,0.025482,1.200000,0.800000,mba,0,,0,0,-1,-1,-1,-1,-1,-1,-1,-1,-1,-1,-1,-1
6401,5,1600,7,16,16,245588.045133,245588.067907,0.022774,0x40533c,1,551,293,258,46,100.000000,0,0,0.025482,1.200000,0.800000,mba,0,,0,0,-1,-1,-1,-1,-1,-1,-1,-1,-1,-1,-1,-1
6401,5,1600,8,16,16,245588.044366,245588.067327,0.022961,0x40533c,1,237,118,119,48,80.000000,0,0,0.025482,1.200000,0.800000,mba,0,,0,0,-1,-1,-1,-1,-1,-1,-1,-1,-1,-1,-1,-1
6401,5,1600,9,16,16,245588.045166,245588.068329,0.023163,0x40533c,1,543,234,309,18,80.000000,0,0,0.025482,1.200000,0.800000,mba,0,,0,0,-1,-1,-1,-1,-1,-1,-1,-1,-1,-1,-1,-1
6401,5,1600,10,16,16,245588.044668,245588.067037,0.022369,0x40533c,1,607,311,296,20,80.000000,0,0,0.025482,1.200000,0.800000,mba,0,,0,0,-1,-1,-1,-1,-1,-1,-1,-1,-1,-1,-1,-1
6401,5,1600,11,16,16,245588.043453,245588.065845,0.022392,0x40533c,1,693,392,301,54,80.000000,0,0,0.025482,1.200000,0.800000,mba,0,,0,0,-1,-1,-1,-1,-1,-1,-1,-1,-1,-1,-1,-1
6401,5,1600,12,16,16,245588.043760,245588.062587,0.018827,0x40533c,1,50,20,30,56,40.000000,0,0,0.025482,1.200000,0.800000,mba,0,,0,0,-1,-1,-1,-1,-1,-1,-1,-1,-1,-1,-1,-1
6401,5,1600,13,16,16,245588.043959,245588.062900,0.018941,0x40533c,1,102,64,38,26,40.000000,0,0,0.025482,1.200000,0.800000,mba,0,,0,0,-1,-1,-1,-1,-1,-1,-1,-1,-1,-1,-1,-1
6401,5,1600,14,16,16,245588.043481,245588.062373,0.018892,0x40533c,1,116,63,53,28,40.000000,0,0,0.025482,1.200000,0.800000,mba,0,,0,0,-1,-1,-1,-1,-1,-1,-1,-1,-1,-1,-1,-1
6401,5,1600,15,16,16,245588.043420,245588.062294,0.018874,0x40533c,1,79,42,37,62,40.000000,0,0,0.025482,1.200000,0.800000,mba,0,,0,0,-1,-1,-1,-1,-1,-1,-1,-1,-1,-1,-1,-1
6798,2,1700,0,16,16,255476.618878,255573.477458,78.005483,0x4051ce,1,6181650,2789771,3391879,32,30.000000,1,1,96.869310,1.200000,0.800000,mba,0,,1,1,16580608,6217728,8290304,3025979973632,3026264457216,278806528,3025979973632,3026264457216,278806528,-1,-1,-1
6798,2,1700,1,16,16,255476.664005,255572.990896,60.329944,0x4051ce,1,7330271,2599058,4731213,34,40.000000,1,1,96.869310,1.200000,0.800000,mba,0,,1,1,16400384,17842176,30367744,1930156777472,1931415461888,1029439488,1930156867584,1931415642112,1030701056,-1,-1,-1
6798,2,1700,2,16,16,255476.615088,255573.283098,71.765895,0x4051ce,1,7798910,3554356,4244554,36,40.000000,1,1,96.869310,1.200000,0.800000,mba,0,,1,1,16130048,16670720,16220160,1930156326912,1931419426816,1182359552,1930156326912,1931419426816,1182269440,-1,-1,-1
6798,2,1700,3,16,16,255476.614806,255573.346319,77.261062,0x4051ce,1,7774658,3878074,3896584,38,40.000000,1,1,96.869310,1.200000,0.800000,mba,0,,1,1,16220160,16850944,15679488,1930156326912,1931419697152,1229938688,1930156326912,1931419697152,1229758464,-1,-1,-1
6798,2,1700,4,16,16,255477.261801,255573.404979,86.806208,0x4051ce,1,11106794,6060972,5045822,40,100.000000,1,1,96.869310,1.200000,0.800000,mba,0,,1,1,46137344,48209920,540672,15405718462464,15411482025984,5638488064,15405718822912,15411482025984,5634613248,-1,-1,-1
6798,2,1700,5,16,16,255476.893007,255573.287582,84.716663,0x4051ce,1,11926397,6887149,5039248,42,100.000000,1,1,96.869310,1.200000,0.800000,mba,0,,1,1,46948352,47849472,90112,15405695033344,15411479142400,5581807616,15405695033344,15411479412736,5584871424,-1,-1,-1
6798,2,1700,6,16,16,255477.008863,255573.344843,86.514834,0x4051ce,1,10556943,7568738,2988205,44,100.000000,1,1,96.869310,1.200000,0.800000,mba,0,,1,1,46587904,47939584,360448,15405701160960,15411482025984,5679489024,15405701521408,15411482025984,5679218688,-1,-1,-1
6798,2,1700,7,16,16,255476.711203,255573.380547,89.553255,0x4051ce,1,11818487,8649889,3168598,46,100.000000,1,1,96.869310,1.200000,0.800000,mba,0,,1,1,47489024,48209920,991232,15405686652928,15411482025984,5777170432,15405686833152,15411482025984,5772394496,-1,-1,-1
6798,2,1700,8,16,16,255477.140506,255573.373731,88.945069,0x4051ce,1,11830909,8612585,3218324,48,100.000000,1,1,96.869310,1.200000,0.800000,mba,0,,1,1,46497792,48209920,991232,15405710082048,15411482025984,5758156800,15405710352384,15411482025984,5753110528,-1,-1,-1
6798,2,1700,9,16,16,255476.707603,255573.275206,85.066847,0x4051ce,1,11270316,8053016,3217300,18,100.000000,1,1,96.869310,1.200000,0.800000,mba,0,,1,1,47489024,47489024,-270336,15405686292480,15411478872064,5604155392,15405686743040,15411479322624,5607759872,-1,-1,-1
6798,2,1700,10,16,16,255476.632464,255573.345697,88.528724,0x4051ce,1,11784751,8666676,3118075,52,100.000000,1,1,96.869310,1.200000,0.800000,mba,0,,1,1,44875776,47849472,90112,15405684129792,15411482025984,5760589824,15405684310016,15411482025984,5759328256,-1,-1,-1
6798,2,1700,11,16,16,255476.694253,255573.345545,88.940902,0x4051ce,1,11748399,8583345,3165054,54,100.000000,1,1,96.869310,1.200000,0.800000,mba,0,,1,1,47489024,47849472,90112,15405685932032,15411481935872,5775458304,15405686112256,15411482025984,5771853824,-1,-1,-1
6798,2,1700,12,16,16,255476.608148,255573.355753,77.639001,0x4051ce,1,7814901,5816876,1998025,56,50.000000,1,1,96.869310,1.200000,0.800000,mba,0,,1,1,4235264,6758400,64970752,386987606016,388470218752,1464680448,386987606016,388470398976,1464950784,-1,-1,-1
6798,2,1700,13,16,16,255477.148030,255573.423794,80.452924,0x4051ce,1,7777771,6197520,1580251,26,50.000000,1,1,96.869310,1.200000,0.800000,mba,0,,1,1,4235264,6938624,68124672,386994184192,388470398976,1472249856,386994184192,388470398976,1471979520,-1,-1,-1
6798,2,1700,14,16,16,255476.640662,255573.048429,66.201838,0x4051ce,1,7259347,4443325,2816022,60,50.000000,1,1,96.869310,1.200000,0.800000,mba,0,,1,1,4055040,7118848,57581568,386987966464,388466343936,1322934272,386987966464,388466343936,1322754048,-1,-1,-1
6798,2,1700,15,16,16,255476.617082,255573.423674,84.237021,0x4051ce,1,7695786,4277177,3418609,62,40.000000,1,1,96.869310,1.200000,0.800000,mba,0,,1,1,16220160,16850944,3514368,1930156326912,1931419787264,1260126208,1930156326912,1931419787264,1259315200,-1,-1,-1
6799,3,1700,0,16,16,255573.637628,255573.754438,0.116810,0x405218,1,5821,2704,3117,32,20.000000,0,0,0.223661,1.200000,0.800000,mba,0,,0,0,-1,-1,-1,-1,-1,-1,-1,-1,-1,-1,-1,-1
6799,3,1700,1,16,16,255573.637046,255573.767553,0.130507,0x405218,1,6351,2549,3802,34,20.000000,0,0,0.223661,1.200000,0.800000,mba,0,,0,0,-1,-1,-1,-1,-1,-1,-1,-1,-1,-1,-1,-1
6799,3,1700,2,16,16,255573.637861,255573.744136,0.106275,0x405218,1,6207,2351,3856,36,20.000000,0,0,0.223661,1.200000,0.800000,mba,0,,0,0,-1,-1,-1,-1,-1,-1,-1,-1,-1,-1,-1,-1
6799,3,1700,3,16,16,255573.636872,255573.740446,0.103574,0x405218,1,6151,2154,3997,38,20.000000,0,0,0.223661,1.200000,0.800000,mba,0,,0,0,-1,-1,-1,-1,-1,-1,-1,-1,-1,-1,-1,-1
6799,3,1700,4,16,16,255573.637522,255573.849209,0.211687,0x405218,1,8653,4248,4405,40,80.000000,0,0,0.223661,1.200000,0.800000,mba,0,,0,0,-1,-1,-1,-1,-1,-1,-1,-1,-1,-1,-1,-1
6799,3,1700,5,16,16,255573.637999,255573.811934,0.173935,0x405218,1,9503,4844,4659,42,80.000000,0,0,0.223661,1.200000,0.800000,mba,0,,0,0,-1,-1,-1,-1,-1,-1,-1,-1,-1,-1,-1,-1
6799,3,1700,6,16,16,255573.637631,255573.859872,0.222241,0x405218,1,8551,4975,3576,44,100.000000,0,0,0.223661,1.200000,0.800000,mba,0,,0,0,-1,-1,-1,-1,-1,-1,-1,-1,-1,-1,-1,-1
6799,3,1700,7,16,16,255573.636823,255573.828559,0.191736,0x405218,1,9585,5986,3599,46,100.000000,0,0,0.223661,1.200000,0.800000,mba,0,,0,0,-1,-1,-1,-1,-1,-1,-1,-1,-1,-1,-1,-1
6799,3,1700,8,16,16,255573.637555,255573.823547,0.185992,0x405218,1,9594,5922,3672,48,100.000000,0,0,0.223661,1.200000,0.800000,mba,0,,0,0,-1,-1,-1,-1,-1,-1,-1,-1,-1,-1,-1,-1
6799,3,1700,9,16,16,255573.636886,255573.823333,0.186447,0x405218,1,9414,5694,3720,18,100.000000,0,0,0.223661,1.200000,0.800000,mba,0,,0,0,-1,-1,-1,-1,-1,-1,-1,-1,-1,-1,-1,-1
6799,3,1700,10,16,16,255573.637388,255573.827012,0.189624,0x405218,1,9744,6122,3622,52,100.000000,0,0,0.223661,1.200000,0.800000,mba,0,,0,0,-1,-1,-1,-1,-1,-1,-1,-1,-1,-1,-1,-1
6799,3,1700,11,16,16,255573.636769,255573.816829,0.180060,0x405218,1,9475,6085,3390,54,100.000000,0,0,0.223661,1.200000,0.800000,mba,0,,0,0,-1,-1,-1,-1,-1,-1,-1,-1,-1,-1,-1,-1
6799,3,1700,12,16,16,255573.636211,255573.774773,0.138562,0x405218,1,4891,3025,1866,56,20.000000,0,0,0.223661,1.200000,0.800000,mba,0,,0,0,-1,-1,-1,-1,-1,-1,-1,-1,-1,-1,-1,-1
6799,3,1700,13,16,16,255573.636410,255573.781367,0.144957,0x405218,1,5055,3653,1402,26,20.000000,0,0,0.223661,1.200000,0.800000,mba,0,,0,0,-1,-1,-1,-1,-1,-1,-1,-1,-1,-1,-1,-1
6799,3,1700,14,16,16,255573.636651,255573.793554,0.156903,0x405218,1,6028,3363,2665,60,20.000000,0,0,0.223661,1.200000,0.800000,mba,0,,0,0,-1,-1,-1,-1,-1,-1,-1,-1,-1,-1,-1,-1
6799,3,1700,15,16,16,255573.636852,255573.740547,0.103695,0x405218,1,5355,2220,3135,62,20.000000,0,0,0.223661,1.200000,0.800000,mba,0,,0,0,-1,-1,-1,-1,-1,-1,-1,-1,-1,-1,-1,-1
6800,4,1700,0,16,16,255574.583197,255574.628582,0.045385,0x4052e4,1,1932,976,956,32,100.000000,0,0,0.051957,1.200000,0.800000,mba,0,,0,0,-1,-1,-1,-1,-1,-1,-1,-1,-1,-1,-1,-1
6800,4,1700,1,16,16,255574.578646,255574.599972,0.021326,0x4052e4,1,97,43,54,34,20.000000,0,0,0.051957,1.200000,0.800000,mba,0,,0,0,-1,-1,-1,-1,-1,-1,-1,-1,-1,-1,-1,-1
6800,4,1700,2,16,16,255574.578798,255574.599694,0.020896,0x4052e4,1,189,144,45,36,20.000000,0,0,0.051957,1.200000,0.800000,mba,0,,0,0,-1,-1,-1,-1,-1,-1,-1,-1,-1,-1,-1,-1
6800,4,1700,3,16,16,255574.578043,255574.599373,0.021330,0x4052e4,1,226,163,63,38,20.000000,0,0,0.051957,1.200000,0.800000,mba,0,,0,0,-1,-1,-1,-1,-1,-1,-1,-1,-1,-1,-1,-1
6800,4,1700,4,16,16,255574.577999,255574.603085,0.025086,0x4052e4,1,157,91,66,40,20.000000,0,0,0.051957,1.200000,0.800000,mba,0,,0,0,-1,-1,-1,-1,-1,-1,-1,-1,-1,-1,-1,-1
6800,4,1700,5,16,16,255574.578215,255574.602836,0.024621,0x4052e4,1,346,268,78,42,20.000000,0,0,0.051957,1.200000,0.800000,mba,0,,0,0,-1,-1,-1,-1,-1,-1,-1,-1,-1,-1,-1,-1
6800,4,1700,6,16,16,255574.577791,255574.603006,0.025215,0x4052e4,1,173,100,73,44,20.000000,0,0,0.051957,1.200000,0.800000,mba,0,,0,0,-1,-1,-1,-1,-1,-1,-1,-1,-1,-1,-1,-1
6800,4,1700,7,16,16,255574.577834,255574.601166,0.023332,0x4052e4,1,274,194,80,46,20.000000,0,0,0.051957,1.200000,0.800000,mba,0,,0,0,-1,-1,-1,-1,-1,-1,-1,-1,-1,-1,-1,-1
6800,4,1700,8,16,16,255574.578906,255574.602719,0.023813,0x4052e4,1,350,246,104,48,20.000000,0,0,0.051957,1.200000,0.800000,mba,0,,0,0,-1,-1,-1,-1,-1,-1,-1,-1,-1,-1,-1,-1
6800,4,1700,9,16,16,255574.576967,255574.601827,0.024860,0x4052e4,1,334,251,83,18,20.000000,0,0,0.051957,1.200000,0.800000,mba,0,,0,0,-1,-1,-1,-1,-1,-1,-1,-1,-1,-1,-1,-1
6800,4,1700,10,16,16,255574.578234,255574.601755,0.023521,0x4052e4,1,501,385,116,52,20.000000,0,0,0.051957,1.200000,0.800000,mba,0,,0,0,-1,-1,-1,-1,-1,-1,-1,-1,-1,-1,-1,-1
6800,4,1700,11,16,16,255574.578091,255574.601062,0.022971,0x4052e4,1,425,320,105,54,20.000000,0,0,0.051957,1.200000,0.800000,mba,0,,0,0,-1,-1,-1,-1,-1,-1,-1,-1,-1,-1,-1,-1
6800,4,1700,12,16,16,255574.576625,255574.596832,0.020207,0x4052e4,1,51,7,44,56,20.000000,0,0,0.051957,1.200000,0.800000,mba,0,,0,0,-1,-1,-1,-1,-1,-1,-1,-1,-1,-1,-1,-1
6800,4,1700,13,16,16,255574.577596,255574.597755,0.020159,0x4052e4,1,64,26,38,26,20.000000,0,0,0.051957,1.200000,0.800000,mba,0,,0,0,-1,-1,-1,-1,-1,-1,-1,-1,-1,-1,-1,-1
6800,4,1700,14,16,16,255574.576697,255574.598342,0.021645,0x4052e4,1,81,30,51,60,20.000000,0,0,0.051957,1.200000,0.800000,mba,0,,0,0,-1,-1,-1,-1,-1,-1,-1,-1,-1,-1,-1,-1
6800,4,1700,15,16,16,255574.577921,255574.598714,0.020793,0x4052e4,1,90,35,55,62,20.000000,0,0,0.051957,1.200000,0.800000,mba,0,,0,0,-1,-1,-1,-1,-1,-1,-1,-1,-1,-1,-1,-1
6801,5,1700,0,16,16,255574.691589,255574.711948,0.020359,0x40533c,1,43,4,39,32,40.000000,0,0,0.028147,1.200000,0.800000,mba,0,,0,0,-1,-1,-1,-1,-1,-1,-1,-1,-1,-1,-1,-1
6801,5,1700,1,16,16,255574.690943,255574.711282,0.020339,0x40533c,1,98,40,58,34,40.000000,0,0,0.028147,1.200000,0.800000,mba,0,,0,0,-1,-1,-1,-1,-1,-1,-1,-1,-1,-1,-1,-1
6801,5,1700,2,16,16,255574.690701,255574.710855,0.020154,0x40533c,1,110,69,41,36,40.000000,0,0,0.028147,1.200000,0.800000,mba,0,,0,0,-1,-1,-1,-1,-1,-1,-1,-1,-1,-1,-1,-1
6801,5,1700,3,16,16,255574.690079,255574.710426,0.020347,0x40533c,1,87,49,38,38,40.000000,0,0,0.028147,1.200000,0.800000,mba,0,,0,0,-1,-1,-1,-1,-1,-1,-1,-1,-1,-1,-1,-1
6801,5,1700,4,16,16,255574.691061,255574.718152,0.027091,0x40533c,1,156,72,84,40,80.000000,0,0,0.028147,1.200000,0.800000,mba,0,,0,0,-1,-1,-1,-1,-1,-1,-1,-1,-1,-1,-1,-1
6801,5,1700,5,16,16,255574.690834,255574.716689,0.025855,0x40533c,1,599,336,263,42,80.000000,0,0,0.028147,1.200000,0.800000,mba,0,,0,0,-1,-1,-1,-1,-1,-1,-1,-1,-1,-1,-1,-1
6801,5,1700,6,16,16,255574.690805,255574.717421,0.026616,0x40533c,1,124,51,73,44,80.000000,0,0,0.028147,1.200000,0.800000,mba,0,,0,0,-1,-1,-1,-1,-1,-1,-1,-1,-1,-1,-1,-1
6801,5,1700,7,16,16,255574.690374,255574.714577,0.024203,0x40533c,1,499,279,220,46,100.000000,0,0,0.028147,1.200000,0.800000,mba,0,,0,0,-1,-1,-1,-1,-1,-1,-1,-1,-1,-1,-1,-1
6801,5,1700,8,16,16,255574.690057,255574.716301,0.026244,0x40533c,1,477,190,287,48,80.000000,0,0,0.028147,1.200000,0.800000,mba,0,,0,0,-1,-1,-1,-1,-1,-1,-1,-1,-1,-1,-1,-1
6801,5,1700,9,16,16,255574.691751,255574.716609,0.024858,0x40533c,1,536,251,285,18,100.000000,0,0,0.028147,1.200000,0.800000,mba,0,,0,0,-1,-1,-1,-1,-1,-1,-1,-1,-1,-1,-1,-1
6801,5,1700,10,16,16,255574.691184,255574.715739,0.024555,0x40533c,1,573,233,340,52,80.000000,0,0,0.028147,1.200000,0.800000,mba,0,,0,0,-1,-1,-1,-1,-1,-1,-1,-1,-1,-1,-1,-1
6801,5,1700,11,16,16,255574.690208,255574.714380,0.024172,0x40533c,1,669,388,281,54,80.000000,0,0,0.028147,1.200000,0.800000,mba,0,,0,0,-1,-1,-1,-1,-1,-1,-1,-1,-1,-1,-1,-1
6801,5,1700,12,16,16,255574.690005,255574.710488,0.020483,0x40533c,1,84,42,42,56,40.000000,0,0,0.028147,1.200000,0.800000,mba,0,,0,0,-1,-1,-1,-1,-1,-1,-1,-1,-1,-1,-1,-1
6801,5,1700,13,16,16,255574.690075,255574.710323,0.020248,0x40533c,1,86,53,33,26,40.000000,0,0,0.028147,1.200000,0.800000,mba,0,,0,0,-1,-1,-1,-1,-1,-1,-1,-1,-1,-1,-1,-1
6801,5,1700,14,16,16,255574.691086,255574.711453,0.020367,0x40533c,1,46,18,28,60,40.000000,0,0,0.028147,1.200000,0.800000,mba,0,,0,0,-1,-1,-1,-1,-1,-1,-1,-1,-1,-1,-1,-1
6801,5,1700,15,16,16,255574.690997,255574.711128,0.020131,0x40533c,1,84,53,31,62,40.000000,0,0,0.028147,1.200000,0.800000,mba,0,,0,0,-1,-1,-1,-1,-1,-1,-1,-1,-1,-1,-1,-1
7198,2,1800,0,16,16,265052.449888,265146.377707,76.339844,0x4051ce,1,6183599,2724090,3459509,32,30.000000,1,1,93.968792,1.200000,0.800000,mba,0,,1,1,12435456,6578176,6758400,3055326568448,3055598977024,267993088,3055326658560,3055598977024,267812864,-1,-1,-1
7198,2,1800,1,16,16,265052.408915,265145.906263,62.643976,0x4051ce,1,7926058,2898511,5027547,34,40.000000,1,1,93.968792,1.200000,0.800000,mba,0,,1,1,17211392,18563072,12525568,2058127081472,2059394867200,1073684480,2058127081472,2059394957312,1075847168,-1,-1,-1
7198,2,1800,2,16,16,265052.431217,265146.171637,71.289420,0x4051ce,1,7790930,3542455,4248475,36,40.000000,1,1,93.968792,1.200000,0.800000,mba,0,,1,1,17211392,18022400,6127616,2058127081472,2059398742016,1191731200,2058127081472,2059398832128,1193263104,-1,-1,-1
7198,2,1800,3,16,16,265052.429425,265146.234909,76.817100,0x4051ce,1,7775171,3871188,3903983,38,40.000000,1,1,93.968792,1.200000,0.800000,mba,0,,1,1,17211392,18112512,7028736,2058127081472,2059399372800,1240391680,2058127081472,2059399462912,1241292800,-1,-1,-1
7198,2,1800,4,16,16,265052.445161,265146.180846,82.011310,0x4051ce,1,11570011,6446550,5123461,40,100.000000,1,1,93.968792,1.200000,0.800000,mba,0,,1,1,43433984,44785664,-360448,15975400398848,15981008879616,5406720000,15975400398848,15981008969728,5409513472,-1,-1,-1
7198,2,1800,5,16,16,265052.445362,265146.176806,81.564606,0x4051ce,1,11544104,6627085,4917019,42,100.000000,1,1,93.968792,1.200000,0.800000,mba,0,,1,1,43524096,44695552,-450560,15975400398848,15981008699392,5401853952,15975400398848,15981008969728,5406089216,-1,-1,-1
7198,2,1800,6,16,16,265052.447012,265146.151887,82.035496,0x4051ce,1,10875788,7883563,2992225,44,100.000000,1,1,93.968792,1.200000,0.800000,mba,0,,1,1,43433984,44244992,-901120,15975400398848,15981007618048,5431320576,15975400398848,15981007798272,5435736064,-1,-1,-1
7198,2,1800,7,16,16,265052.441365,265146.220664,86.871641,0x4051ce,1,11444313,8449288,2995025,46,100.000000,1,1,93.968792,1.200000,0.800000,mba,0,,1,1,43433984,45146112,991232,15975400398848,15981008969728,5598928896,15975400398848,15981008969728,5594603520,-1,-1,-1
7198,2,1800,8,16,16,265052.445156,265146.212995,86.156735,0x4051ce,1,11452401,8322951,3129450,48,100.000000,1,1,93.968792,1.200000,0.800000,mba,0,,1,1,43433984,45146112,1081344,15975400398848,15981008969728,5592621056,15975400398848,15981008969728,5589106688,-1,-1,-1
7198,2,1800,9,16,16,265052.446631,265146.110066,81.941856,0x4051ce,1,10869406,7817988,3051418,18,100.000000,1,1,93.968792,1.200000,0.800000,mba,0,,1,1,43433984,44695552,-450560,15975400398848,15981005725696,5425643520,15975400398848,15981006086144,5429338112,-1,-1,-1
7198,2,1800,10,16,16,265052.446015,265146.188517,86.047924,0x4051ce,1,11420063,8446966,2973097,52,100.000000,1,1,93.968792,1.200000,0.800000,mba,0,,1,1,43433984,44695552,540672,15975400398848,15981008969728,5592530944,15975400398848,15981008969728,5590908928,-1,-1,-1
7198,2,1800,11,16,16,265052.431659,265146.208952,86.041818,0x4051ce,1,11377001,8337427,3039574,54,100.000000,1,1,93.968792,1.200000,0.800000,mba,0,,1,1,43524096,45056000,720896,15975400398848,15981008969728,5590548480,15975400398848,15981008969728,5587124224,-1,-1,-1
7198,2,1800,12,16,16,265052.427750,265146.260422,78.172139,0x4051ce,1,7811359,5881564,1929795,56,50.000000,1,1,93.968792,1.200000,0.800000,mba,0,,1,1,7028736,7749632,58482688,539485855744,541025239040,1526407168,539485855744,541025239040,1526046720,-1,-1,-1
7198,2,1800,13,16,16,265052.420576,265146.288270,81.016099,0x4051ce,1,7767304,6260589,1506715,26,50.000000,1,1,93.968792,1.200000,0.800000,mba,0,,1,1,7028736,7749632,53796864,539485855744,541025239040,1536319488,539485855744,541025239040,1535418368,-1,-1,-1
7198,2,1800,14,16,16,265052.446874,265145.972439,68.881805,0x4051ce,1,7908088,4963215,2944873,60,50.000000,1,1,93.968792,1.200000,0.800000,mba,0,,1,1,7028736,7929856,45506560,539485855744,541020823552,1403133952,539485855744,541020913664,1405026304,-1,-1,-1
7198,2,1800,15,16,16,265052.439475,265146.314984,83.783142,0x4051ce,1,7690380,4253708,3436672,62,40.000000,1,1,93.968792,1.200000,0.800000,mba,0,,1,1,17211392,17932288,630784,2058127081472,2059399553024,1271480320,2058127081472,2059399553024,1270579200,-1,-1,-1
7199,3,1800,0,16,16,265146.532364,265146.653064,0.120700,0x405218,1,5755,2676,3079,32,20.000000,0,0,0.193848,1.200000,0.800000,mba,0,,0,0,-1,-1,-1,-1,-1,-1,-1,-1,-1,-1,-1,-1
7199,3,1800,1,16,16,265146.532351,265146.644388,0.112037,0x405218,1,6671,2582,4089,34,20.000000,0,0,0.193848,1.200000,0.800000,mba,0,,0,0,-1,-1,-1,-1,-1,-1,-1,-1,-1,-1,-1,-1
7199,3,1800,2,16,16,265146.532073,265146.637864,0.105791,0x405218,1,6190,2365,3825,36,20.000000,0,0,0.193848,1.200000,0.800000,mba,0,,0,0,-1,-1,-1,-1,-1,-1,-1,-1,-1,-1,-1,-1
7199,3,1800,3,16,16,265146.531507,265146.634611,0.103104,0x405218,1,6137,2137,4000,38,20.000000,0,0,0.193848,1.200000,0.800000,mba,0,,0,0,-1,-1,-1,-1,-1,-1,-1,-1,-1,-1,-1,-1
7199,3,1800,4,16,16,265146.532157,265146.704667,0.172510,0x405218,1,9412,4759,4653,40,80.000000,0,0,0.193848,1.200000,0.800000,mba,0,,0,0,-1,-1,-1,-1,-1,-1,-1,-1,-1,-1,-1,-1
7199,3,1800,5,16,16,265146.532843,265146.701398,0.168555,0x405218,1,9436,4842,4594,42,80.000000,0,0,0.193848,1.200000,0.800000,mba,0,,0,0,-1,-1,-1,-1,-1,-1,-1,-1,-1,-1,-1,-1
7199,3,1800,6,16,16,265146.532816,265146.710334,0.177518,0x405218,1,9223,5257,3966,44,100.000000,0,0,0.193848,1.200000,0.800000,mba,0,,0,0,-1,-1,-1,-1,-1,-1,-1,-1,-1,-1,-1,-1
7199,3,1800,7,16,16,265146.532417,265146.725077,0.192660,0x405218,1,9465,5875,3590,46,100.000000,0,0,0.193848,1.200000,0.800000,mba,0,,0,0,-1,-1,-1,-1,-1,-1,-1,-1,-1,-1,-1,-1
7199,3,1800,8,16,16,265146.532673,265146.712812,0.180139,0x405218,1,9488,5893,3595,48,100.000000,0,0,0.193848,1.200000,0.800000,mba,0,,0,0,-1,-1,-1,-1,-1,-1,-1,-1,-1,-1,-1,-1
7199,3,1800,9,16,16,265146.532660,265146.720617,0.187957,0x405218,1,9261,5677,3584,18,100.000000,0,0,0.193848,1.200000,0.800000,mba,0,,0,0,-1,-1,-1,-1,-1,-1,-1,-1,-1,-1,-1,-1
7199,3,1800,10,16,16,265146.532537,265146.712317,0.179780,0x405218,1,9415,5810,3605,52,100.000000,0,0,0.193848,1.200000,0.800000,mba,0,,0,0,-1,-1,-1,-1,-1,-1,-1,-1,-1,-1,-1,-1
7199,3,1800,11,16,16,265146.532134,265146.711156,0.179022,0x405218,1,9366,5762,3604,54,100.000000,0,0,0.193848,1.200000,0.800000,mba,0,,0,0,-1,-1,-1,-1,-1,-1,-1,-1,-1,-1,-1,-1
7199,3,1800,12,16,16,265146.531229,265146.680164,0.148935,0x405218,1,4880,3481,1399,56,20.000000,0,0,0.193848,1.200000,0.800000,mba,0,,0,0,-1,-1,-1,-1,-1,-1,-1,-1,-1,-1,-1,-1
7199,3,1800,13,16,16,265146.531581,265146.683486,0.151905,0x405218,1,4998,3646,1352,26,20.000000,0,0,0.193848,1.200000,0.800000,mba,0,,0,0,-1,-1,-1,-1,-1,-1,-1,-1,-1,-1,-1,-1
7199,3,1800,14,16,16,265146.531889,265146.668973,0.137084,0x405218,1,5466,2679,2787,60,20.000000,0,0,0.193848,1.200000,0.800000,mba,0,,0,0,-1,-1,-1,-1,-1,-1,-1,-1,-1,-1,-1,-1
7199,3,1800,15,16,16,265146.532308,265146.639892,0.107584,0x405218,1,5348,2203,3145,62,20.000000,0,0,0.193848,1.200000,0.800000,mba,0,,0,0,-1,-1,-1,-1,-1,-1,-1,-1,-1,-1,-1,-1
7200,4,1800,0,16,16,265147.430599,265147.469400,0.038801,0x4052e4,1,1878,978,900,32,100.000000,0,0,0.044249,1.200000,0.800000,mba,0,,0,0,-1,-1,-1,-1,-1,-1,-1,-1,-1,-1,-1,-1
7200,4,1800,1,16,16,265147.425419,265147.447649,0.022230,0x4052e4,1,211,126,85,34,20.000000,0,0,0.044249,1.200000,0.800000,mba,0,,0,0,-1,-1,-1,-1,-1,-1,-1,-1,-1,-1,-1,-1
7200,4,1800,2,16,16,265147.426201,265147.448846,0.022645,0x4052e4,1,197,147,50,36,20.000000,0,0,0.044249,1.200000,0.800000,mba,0,,0,0,-1,-1,-1,-1,-1,-1,-1,-1,-1,-1,-1,-1
7200,4,1800,3,16,16,265147.426005,265147.448718,0.022713,0x4052e4,1,202,148,54,38,20.000000,0,0,0.044249,1.200000,0.800000,mba,0,,0,0,-1,-1,-1,-1,-1,-1,-1,-1,-1,-1,-1,-1
7200,4,1800,4,16,16,265147.425696,265147.450701,0.025005,0x4052e4,1,285,201,84,40,20.000000,0,0,0.044249,1.200000,0.800000,mba,0,,0,0,-1,-1,-1,-1,-1,-1,-1,-1,-1,-1,-1,-1
7200,4,1800,5,16,16,265147.425249,265147.449701,0.024452,0x4052e4,1,270,211,59,42,20.000000,0,0,0.044249,1.200000,0.800000,mba,0,,0,0,-1,-1,-1,-1,-1,-1,-1,-1,-1,-1,-1,-1
7200,4,1800,6,16,16,265147.426753,265147.451376,0.024623,0x4052e4,1,292,211,81,44,20.000000,0,0,0.044249,1.200000,0.800000,mba,0,,0,0,-1,-1,-1,-1,-1,-1,-1,-1,-1,-1,-1,-1
7200,4,1800,7,16,16,265147.426452,265147.451443,0.024991,0x4052e4,1,272,187,85,46,20.000000,0,0,0.044249,1.200000,0.800000,mba,0,,0,0,-1,-1,-1,-1,-1,-1,-1,-1,-1,-1,-1,-1
7200,4,1800,8,16,16,265147.425879,265147.450815,0.024936,0x4052e4,1,294,186,108,48,20.000000,0,0,0.044249,1.200000,0.800000,mba,0,,0,0,-1,-1,-1,-1,-1,-1,-1,-1,-1,-1,-1,-1
7200,4,1800,9,16,16,265147.426132,265147.451051,0.024919,0x4052e4,1,279,205,74,18,20.000000,0,0,0.044249,1.200000,0.800000,mba,0,,0,0,-1,-1,-1,-1,-1,-1,-1,-1,-1,-1,-1,-1
7200,4,1800,10,16,16,265147.426043,265147.450978,0.024935,0x4052e4,1,407,288,119,52,20.000000,0,0,0.044249,1.200000,0.800000,mba,0,,0,0,-1,-1,-1,-1,-1,-1,-1,-1,-1,-1,-1,-1
7200,4,1800,11,16,16,265147.425151,265147.451040,0.025889,0x4052e4,1,410,327,83,54,20.000000,0,0,0.044249,1.200000,0.800000,mba,0,,0,0,-1,-1,-1,-1,-1,-1,-1,-1,-1,-1,-1,-1
7200,4,1800,12,16,16,265147.425660,265147.447562,0.021902,0x4052e4,1,77,17,60,56,20.000000,0,0,0.044249,1.200000,0.800000,mba,0,,0,0,-1,-1,-1,-1,-1,-1,-1,-1,-1,-1,-1,-1
7200,4,1800,13,16,16,265147.426417,265147.448697,0.022280,0x4052e4,1,67,31,36,26,20.000000,0,0,0.044249,1.200000,0.800000,mba,0,,0,0,-1,-1,-1,-1,-1,-1,-1,-1,-1,-1,-1,-1
7200,4,1800,14,16,16,265147.426453,265147.448797,0.022344,0x4052e4,1,75,30,45,60,20.000000,0,0,0.044249,1.200000,0.800000,mba,0,,0,0,-1,-1,-1,-1,-1,-1,-1,-1,-1,-1,-1,-1
7200,4,1800,15,16,16,265147.425828,265147.456251,0.030423,0x4052e4,1,82,33,49,62,20.000000,0,0,0.044249,1.200000,0.800000,mba,0,,0,0,-1,-1,-1,-1,-1,-1,-1,-1,-1,-1,-1,-1
7201,5,1800,0,16,16,265147.529146,265147.550932,0.021786,0x40533c,1,24,0,24,32,40.000000,0,0,0.031506,1.200000,0.800000,mba,0,,0,0,-1,-1,-1,-1,-1,-1,-1,-1,-1,-1,-1,-1
7201,5,1800,1,16,16,265147.529227,265147.550992,0.021765,0x40533c,1,115,44,71,34,40.000000,0,0,0.031506,1.200000,0.800000,mba,0,,0,0,-1,-1,-1,-1,-1,-1,-1,-1,-1,-1,-1,-1
7201,5,1800,2,16,16,265147.529033,265147.551226,0.022193,0x40533c,1,127,99,28,36,40.000000,0,0,0.031506,1.200000,0.800000,mba,0,,0,0,-1,-1,-1,-1,-1,-1,-1,-1,-1,-1,-1,-1
7201,5,1800,3,16,16,265147.528281,265147.550125,0.021844,0x40533c,1,100,66,34,38,40.000000,0,0,0.031506,1.200000,0.800000,mba,0,,0,0,-1,-1,-1,-1,-1,-1,-1,-1,-1,-1,-1,-1
7201,5,1800,4,16,16,265147.529594,265147.555850,0.026256,0x40533c,1,497,219,278,40,80.000000,0,0,0.031506,1.200000,0.800000,mba,0,,0,0,-1,-1,-1,-1,-1,-1,-1,-1,-1,-1,-1,-1
7201,5,1800,5,16,16,265147.529469,265147.555510,0.026041,0x40533c,1,555,282,273,42,80.000000,0,0,0.031506,1.200000,0.800000,mba,0,,0,0,-1,-1,-1,-1,-1,-1,-1,-1,-1,-1,-1,-1
7201,5,1800,6,16,16,265147.528472,265147.554599,0.026127,0x40533c,1,554,257,297,44,80.000000,0,0,0.031506,1.200000,0.800000,mba,0,,0,0,-1,-1,-1,-1,-1,-1,-1,-1,-1,-1,-1,-1
7201,5,1800,7,16,16,265147.528958,265147.554689,0.025731,0x40533c,1,542,280,262,46,100.000000,0,0,0.031506,1.200000,0.800000,mba,0,,0,0,-1,-1,-1,-1,-1,-1,-1,-1,-1,-1,-1,-1
7201,5,1800,8,16,16,265147.527595,265147.553628,0.026033,0x40533c,1,505,169,336,48,80.000000,0,0,0.031506,1.200000,0.800000,mba,0,,0,0,-1,-1,-1,-1,-1,-1,-1,-1,-1,-1,-1,-1
7201,5,1800,9,16,16,265147.529018,265147.555157,0.026139,0x40533c,1,487,182,305,18,100.000000,0,0,0.031506,1.200000,0.800000,mba,0,,0,0,-1,-1,-1,-1,-1,-1,-1,-1,-1,-1,-1,-1
7201,5,1800,10,16,16,265147.528286,265147.553808,0.025522,0x40533c,1,680,317,363,52,80.000000,0,0,0.031506,1.200000,0.800000,mba,0,,0,0,-1,-1,-1,-1,-1,-1,-1,-1,-1,-1,-1,-1
7201,5,1800,11,16,16,265147.529586,265147.555874,0.026288,0x40533c,1,649,376,273,54,80.000000,0,0,0.031506,1.200000,0.800000,mba,0,,0,0,-1,-1,-1,-1,-1,-1,-1,-1,-1,-1,-1,-1
7201,5,1800,12,16,16,265147.526893,265147.548783,0.021890,0x40533c,1,81,52,29,56,40.000000,0,0,0.031506,1.200000,0.800000,mba,0,,0,0,-1,-1,-1,-1,-1,-1,-1,-1,-1,-1,-1,-1
7201,5,1800,13,16,16,265147.528756,265147.550482,0.021726,0x40533c,1,81,53,28,26,40.000000,0,0,0.031506,1.200000,0.800000,mba,0,,0,0,-1,-1,-1,-1,-1,-1,-1,-1,-1,-1,-1,-1
7201,5,1800,14,16,16,265147.529438,265147.551638,0.022200,0x40533c,1,93,39,54,60,40.000000,0,0,0.031506,1.200000,0.800000,mba,0,,0,0,-1,-1,-1,-1,-1,-1,-1,-1,-1,-1,-1,-1
7201,5,1800,15,16,16,265147.530713,265147.558399,0.027686,0x40533c,1,53,34,19,62,40.000000,0,0,0.031506,1.200000,0.800000,mba,0,,0,0,-1,-1,-1,-1,-1,-1,-1,-1,-1,-1,-1,-1
7598,2,1900,0,16,16,274233.878626,274324.771994,73.289660,0x4051ce,1,6194906,2587999,3606907,32,30.000000,1,1,90.999827,1.200000,0.800000,mba,0,,1,1,12165120,7839744,4235264,3082988699648,3083248132096,255827968,3082988789760,3083248132096,255557632,-1,-1,-1
7598,2,1900,1,16,16,274233.825505,274324.287458,60.816851,0x4051ce,1,7944090,2761092,5182998,34,40.000000,1,1,90.999827,1.200000,0.800000,mba,0,,1,1,18743296,16490496,9281536,2183873691648,2184798420992,810196992,2183873781760,2184798420992,810647552,-1,-1,-1
7598,2,1900,2,16,16,274233.869685,274324.645754,70.287796,0x4051ce,1,7808418,3508042,4300376,36,40.000000,1,1,90.999827,1.200000,0.800000,mba,0,,1,1,18653184,15589376,8110080,2183873871872,2184801665024,900759552,2183873871872,2184801665024,900579328,-1,-1,-1
7598,2,1900,3,16,16,274233.856102,274324.699250,75.730826,0x4051ce,1,7784026,3835413,3948613,38,40.000000,1,1,90.999827,1.200000,0.800000,mba,0,,1,1,18653184,15589376,5136384,2183873871872,2184801755136,925990912,2183873871872,2184801755136,925720576,-1,-1,-1
7598,2,1900,4,16,16,274233.848848,274324.580613,78.236451,0x4051ce,1,11149793,6099513,5050280,40,100.000000,1,1,90.999827,1.200000,0.800000,mba,0,,1,1,41541632,41721856,-1712128,16518967697408,16524305661952,5094121472,16518967967744,16524305661952,5096644608,-1,-1,-1
7598,2,1900,5,16,16,274233.838559,274324.545443,77.821529,0x4051ce,1,11120607,6269862,4850745,42,100.000000,1,1,90.999827,1.200000,0.800000,mba,0,,1,1,40820736,40910848,-2613248,16518967427072,16524304580608,5090246656,16518967427072,16524304850944,5095653376,-1,-1,-1
7598,2,1900,6,16,16,274233.870255,274324.543607,79.173513,0x4051ce,1,10597654,7668023,2929631,44,100.000000,1,1,90.999827,1.200000,0.800000,mba,0,,1,1,41631744,40910848,-2523136,16518968688640,16524304490496,5174321152,16518968868864,16524304670720,5175582720,-1,-1,-1
7598,2,1900,7,16,16,274233.813884,274324.609159,83.098313,0x4051ce,1,11017043,8131522,2885521,46,100.000000,1,1,90.999827,1.200000,0.800000,mba,0,,1,1,40820736,41721856,360448,16518967156736,16524305932288,5321293824,16518967336960,16524305932288,5317959680,-1,-1,-1
7598,2,1900,8,16,16,274233.863811,274324.580778,83.257316,0x4051ce,1,10480059,7556523,2923536,48,100.000000,1,1,90.999827,1.200000,0.800000,mba,0,,1,1,41902080,41721856,540672,16518968508416,16524305661952,5320933376,16518968778752,16524305842176,5316337664,-1,-1,-1
7598,2,1900,9,16,16,274233.835528,274324.550842,79.791607,0x4051ce,1,10589325,7645640,2943685,18,100.000000,1,1,90.999827,1.200000,0.800000,mba,0,,1,1,40910848,41181184,-1441792,16518967156736,16524304580608,5208023040,16518967427072,16524304941056,5209735168,-1,-1,-1
7598,2,1900,10,16,16,274233.826246,274324.582247,81.977761,0x4051ce,1,10991287,8073655,2917632,52,100.000000,1,1,90.999827,1.200000,0.800000,mba,0,,1,1,40820736,41721856,0,16518967156736,16524305661952,5296152576,16518967427072,16524305661952,5296332800,-1,-1,-1
7598,2,1900,11,16,16,274233.868431,274324.641402,83.710562,0x4051ce,1,10214898,7433791,2781107,54,100.000000,1,1,90.999827,1.200000,0.800000,mba,0,,1,1,41992192,41721856,270336,16518968147968,16524306022400,5328412672,16518968688640,16524306022400,5318950912,-1,-1,-1
7598,2,1900,12,16,16,274233.807529,274324.663264,77.775780,0x4051ce,1,7809439,5850639,1958800,56,50.000000,1,1,90.999827,1.200000,0.800000,mba,0,,1,1,8290304,12255232,56410112,691346923520,693209718784,1849729024,691347013632,693209718784,1849638912,-1,-1,-1
7598,2,1900,13,16,16,274233.812550,274324.807356,80.693934,0x4051ce,1,7773891,6257373,1516518,26,50.000000,1,1,90.999827,1.200000,0.800000,mba,0,,1,1,8290304,12435456,47579136,691346923520,693210169344,1861443584,691347013632,693210169344,1859551232,-1,-1,-1
7598,2,1900,14,16,16,274233.828794,274324.457279,68.042946,0x4051ce,1,7917712,4912179,3005533,60,50.000000,1,1,90.999827,1.200000,0.800000,mba,0,,1,1,8290304,12075008,50462720,691346923520,693206474752,1720868864,691347013632,693206745088,1721139200,-1,-1,-1
7598,2,1900,15,16,16,274233.833826,274324.427118,63.829273,0x4051ce,1,7767667,4316974,3450693,62,50.000000,1,1,90.999827,1.200000,0.800000,mba,0,,1,1,8110080,12435456,52805632,691347013632,693205934080,1645174784,691347013632,693205934080,1646616576,-1,-1,-1
7599,3,1900,0,16,16,274324.953384,274325.070772,0.117388,0x405218,1,5874,2574,3300,32,20.000000,0,0,0.215231,1.200000,0.800000,mba,0,,0,0,-1,-1,-1,-1,-1,-1,-1,-1,-1,-1,-1,-1
7599,3,1900,1,16,16,274324.953972,274325.062301,0.108329,0x405218,1,6682,2462,4220,34,20.000000,0,0,0.215231,1.200000,0.800000,mba,0,,0,0,-1,-1,-1,-1,-1,-1,-1,-1,-1,-1,-1,-1
7599,3,1900,2,16,16,274324.953661,274325.057187,0.103526,0x405218,1,6155,2241,3914,36,20.000000,0,0,0.215231,1.200000,0.800000,mba,0,,0,0,-1,-1,-1,-1,-1,-1,-1,-1,-1,-1,-1,-1
7599,3,1900,3,16,16,274324.953755,274325.051544,0.097789,0x405218,1,6112,2022,4090,38,20.000000,0,0,0.215231,1.200000,0.800000,mba,0,,0,0,-1,-1,-1,-1,-1,-1,-1,-1,-1,-1,-1,-1
7599,3,1900,4,16,16,274324.953244,274325.116358,0.163114,0x405218,1,9126,4457,4669,40,80.000000,0,0,0.215231,1.200000,0.800000,mba,0,,0,0,-1,-1,-1,-1,-1,-1,-1,-1,-1,-1,-1,-1
7599,3,1900,5,16,16,274324.953110,274325.114488,0.161378,0x405218,1,9201,4494,4707,42,80.000000,0,0,0.215231,1.200000,0.800000,mba,0,,0,0,-1,-1,-1,-1,-1,-1,-1,-1,-1,-1,-1,-1
7599,3,1900,6,16,16,274324.953848,274325.130666,0.176818,0x405218,1,9072,5127,3945,44,100.000000,0,0,0.215231,1.200000,0.800000,mba,0,,0,0,-1,-1,-1,-1,-1,-1,-1,-1,-1,-1,-1,-1
7599,3,1900,7,16,16,274324.953907,274325.137803,0.183896,0x405218,1,9281,5717,3564,46,100.000000,0,0,0.215231,1.200000,0.800000,mba,0,,0,0,-1,-1,-1,-1,-1,-1,-1,-1,-1,-1,-1,-1
7599,3,1900,8,16,16,274324.952485,274325.167166,0.214681,0x405218,1,8373,4980,3393,48,100.000000,0,0,0.215231,1.200000,0.800000,mba,0,,0,0,-1,-1,-1,-1,-1,-1,-1,-1,-1,-1,-1,-1
7599,3,1900,9,16,16,274324.954333,274325.125424,0.171091,0x405218,1,9088,5196,3892,18,100.000000,0,0,0.215231,1.200000,0.800000,mba,0,,0,0,-1,-1,-1,-1,-1,-1,-1,-1,-1,-1,-1,-1
7599,3,1900,10,16,16,274324.953840,274325.130808,0.176968,0x405218,1,9241,5606,3635,52,100.000000,0,0,0.215231,1.200000,0.800000,mba,0,,0,0,-1,-1,-1,-1,-1,-1,-1,-1,-1,-1,-1,-1
7599,3,1900,11,16,16,274324.953286,274325.159744,0.206458,0x405218,1,8284,4684,3600,54,100.000000,0,0,0.215231,1.200000,0.800000,mba,0,,0,0,-1,-1,-1,-1,-1,-1,-1,-1,-1,-1,-1,-1
7599,3,1900,12,16,16,274324.951935,274325.094761,0.142826,0x405218,1,4873,3451,1422,56,20.000000,0,0,0.215231,1.200000,0.800000,mba,0,,0,0,-1,-1,-1,-1,-1,-1,-1,-1,-1,-1,-1,-1
7599,3,1900,13,16,16,274324.952835,274325.097143,0.144308,0x405218,1,5733,4194,1539,26,20.000000,0,0,0.215231,1.200000,0.800000,mba,0,,0,0,-1,-1,-1,-1,-1,-1,-1,-1,-1,-1,-1,-1
7599,3,1900,14,16,16,274324.953694,274325.082450,0.128756,0x405218,1,5462,2691,2771,60,20.000000,0,0,0.215231,1.200000,0.800000,mba,0,,0,0,-1,-1,-1,-1,-1,-1,-1,-1,-1,-1,-1,-1
7599,3,1900,15,16,16,274324.952380,274325.066291,0.113911,0x405218,1,5354,2505,2849,62,20.000000,0,0,0.215231,1.200000,0.800000,mba,0,,0,0,-1,-1,-1,-1,-1,-1,-1,-1,-1,-1,-1,-1
7600,4,1900,0,16,16,274325.850141,274325.886585,0.036444,0x4052e4,1,1891,946,945,32,100.000000,0,0,0.040882,1.200000,0.800000,mba,0,,0,0,-1,-1,-1,-1,-1,-1,-1,-1,-1,-1,-1,-1
7600,4,1900,1,16,16,274325.848049,274325.868658,0.020609,0x4052e4,1,213,110,103,34,20.000000,0,0,0.040882,1.200000,0.800000,mba,0,,0,0,-1,-1,-1,-1,-1,-1,-1,-1,-1,-1,-1,-1
7600,4,1900,2,16,16,274325.848421,274325.869428,0.021007,0x4052e4,1,170,139,31,36,20.000000,0,0,0.040882,1.200000,0.800000,mba,0,,0,0,-1,-1,-1,-1,-1,-1,-1,-1,-1,-1,-1,-1
7600,4,1900,3,16,16,274325.848180,274325.869149,0.020969,0x4052e4,1,173,132,41,38,20.000000,0,0,0.040882,1.200000,0.800000,mba,0,,0,0,-1,-1,-1,-1,-1,-1,-1,-1,-1,-1,-1,-1
7600,4,1900,4,16,16,274325.848192,274325.871925,0.023733,0x4052e4,1,244,154,90,40,20.000000,0,0,0.040882,1.200000,0.800000,mba,0,,0,0,-1,-1,-1,-1,-1,-1,-1,-1,-1,-1,-1,-1
7600,4,1900,5,16,16,274325.847477,274325.869979,0.022502,0x4052e4,1,281,225,56,42,20.000000,0,0,0.040882,1.200000,0.800000,mba,0,,0,0,-1,-1,-1,-1,-1,-1,-1,-1,-1,-1,-1,-1
7600,4,1900,6,16,16,274325.848220,274325.870741,0.022521,0x4052e4,1,239,180,59,44,20.000000,0,0,0.040882,1.200000,0.800000,mba,0,,0,0,-1,-1,-1,-1,-1,-1,-1,-1,-1,-1,-1,-1
7600,4,1900,7,16,16,274325.847963,274325.870850,0.022887,0x4052e4,1,255,183,72,46,20.000000,0,0,0.040882,1.200000,0.800000,mba,0,,0,0,-1,-1,-1,-1,-1,-1,-1,-1,-1,-1,-1,-1
7600,4,1900,8,16,16,274325.846635,274325.870054,0.023419,0x4052e4,1,137,78,59,48,20.000000,0,0,0.040882,1.200000,0.800000,mba,0,,0,0,-1,-1,-1,-1,-1,-1,-1,-1,-1,-1,-1,-1
7600,4,1900,9,16,16,274325.847463,274325.870505,0.023042,0x4052e4,1,320,237,83,18,20.000000,0,0,0.040882,1.200000,0.800000,mba,0,,0,0,-1,-1,-1,-1,-1,-1,-1,-1,-1,-1,-1,-1
7600,4,1900,10,16,16,274325.848240,274325.872032,0.023792,0x4052e4,1,364,248,116,52,20.000000,0,0,0.040882,1.200000,0.800000,mba,0,,0,0,-1,-1,-1,-1,-1,-1,-1,-1,-1,-1,-1,-1
7600,4,1900,11,16,16,274325.847287,274325.871000,0.023713,0x4052e4,1,159,103,56,54,20.000000,0,0,0.040882,1.200000,0.800000,mba,0,,0,0,-1,-1,-1,-1,-1,-1,-1,-1,-1,-1,-1,-1
7600,4,1900,12,16,16,274325.845703,274325.865815,0.020112,0x4052e4,1,47,13,34,56,20.000000,0,0,0.040882,1.200000,0.800000,mba,0,,0,0,-1,-1,-1,-1,-1,-1,-1,-1,-1,-1,-1,-1
7600,4,1900,13,16,16,274325.846127,274325.866560,0.020433,0x4052e4,1,135,104,31,26,20.000000,0,0,0.040882,1.200000,0.800000,mba,0,,0,0,-1,-1,-1,-1,-1,-1,-1,-1,-1,-1,-1,-1
7600,4,1900,14,16,16,274325.846507,274325.866916,0.020409,0x4052e4,1,83,38,45,60,20.000000,0,0,0.040882,1.200000,0.800000,mba,0,,0,0,-1,-1,-1,-1,-1,-1,-1,-1,-1,-1,-1,-1
7600,4,1900,15,16,16,274325.847160,274325.868108,0.020948,0x4052e4,1,78,38,40,62,20.000000,0,0,0.040882,1.200000,0.800000,mba,0,,0,0,-1,-1,-1,-1,-1,-1,-1,-1,-1,-1,-1,-1
7601,5,1900,0,16,16,274325.946387,274325.967102,0.020715,0x40533c,1,44,6,38,32,40.000000,0,0,0.026359,1.200000,0.800000,mba,0,,0,0,-1,-1,-1,-1,-1,-1,-1,-1,-1,-1,-1,-1
7601,5,1900,1,16,16,274325.945247,274325.965366,0.020119,0x40533c,1,60,10,50,34,40.000000,0,0,0.026359,1.200000,0.800000,mba,0,,0,0,-1,-1,-1,-1,-1,-1,-1,-1,-1,-1,-1,-1
7601,5,1900,2,16,16,274325.945567,274325.965518,0.019951,0x40533c,1,91,53,38,36,40.000000,0,0,0.026359,1.200000,0.800000,mba,0,,0,0,-1,-1,-1,-1,-1,-1,-1,-1,-1,-1,-1,-1
7601,5,1900,3,16,16,274325.945026,274325.965403,0.020377,0x40533c,1,75,36,39,38,40.000000,0,0,0.026359,1.200000,0.800000,mba,0,,0,0,-1,-1,-1,-1,-1,-1,-1,-1,-1,-1,-1,-1
7601,5,1900,4,16,16,274325.945093,274325.969590,0.024497,0x40533c,1,467,230,237,40,80.000000,0,0,0.026359,1.200000,0.800000,mba,0,,0,0,-1,-1,-1,-1,-1,-1,-1,-1,-1,-1,-1,-1
7601,5,1900,5,16,16,274325.946165,274325.969124,0.022959,0x40533c,1,519,269,250,42,80.000000,0,0,0.026359,1.200000,0.800000,mba,0,,0,0,-1,-1,-1,-1,-1,-1,-1,-1,-1,-1,-1,-1
7601,5,1900,6,16,16,274325.946038,274325.969811,0.023773,0x40533c,1,486,214,272,44,80.000000,0,0,0.026359,1.200000,0.800000,mba,0,,0,0,-1,-1,-1,-1,-1,-1,-1,-1,-1,-1,-1,-1
7601,5,1900,7,16,16,274325.946342,274325.969879,0.023537,0x40533c,1,553,276,277,46,100.000000,0,0,0.026359,1.200000,0.800000,mba,0,,0,0,-1,-1,-1,-1,-1,-1,-1,-1,-1,-1,-1,-1
7601,5,1900,8,16,16,274325.946031,274325.969988,0.023957,0x40533c,1,264,105,159,48,80.000000,0,0,0.026359,1.200000,0.800000,mba,0,,0,0,-1,-1,-1,-1,-1,-1,-1,-1,-1,-1,-1,-1
7601,5,1900,9,16,16,274325.946505,274325.970792,0.024287,0x40533c,1,387,162,225,18,100.000000,0,0,0.026359,1.200000,0.800000,mba,0,,0,0,-1,-1,-1,-1,-1,-1,-1,-1,-1,-1,-1,-1
7601,5,1900,10,16,16,274325.946933,274325.971359,0.024426,0x40533c,1,537,246,291,52,80.000000,0,0,0.026359,1.200000,0.800000,mba,0,,0,0,-1,-1,-1,-1,-1,-1,-1,-1,-1,-1,-1,-1
7601,5,1900,11,16,16,274325.945222,274325.970497,0.025275,0x40533c,1,141,59,82,54,80.000000,0,0,0.026359,1.200000,0.800000,mba,0,,0,0,-1,-1,-1,-1,-1,-1,-1,-1,-1,-1,-1,-1
7601,5,1900,12,16,16,274325.945003,274325.965199,0.020196,0x40533c,1,112,77,35,56,40.000000,0,0,0.026359,1.200000,0.800000,mba,0,,0,0,-1,-1,-1,-1,-1,-1,-1,-1,-1,-1,-1,-1
7601,5,1900,13,16,16,274325.946447,274325.966454,0.020007,0x40533c,1,72,34,38,26,40.000000,0,0,0.026359,1.200000,0.800000,mba,0,,0,0,-1,-1,-1,-1,-1,-1,-1,-1,-1,-1,-1,-1
7601,5,1900,14,16,16,274325.945438,274325.965433,0.019995,0x40533c,1,72,13,59,60,40.000000,0,0,0.026359,1.200000,0.800000,mba,0,,0,0,-1,-1,-1,-1,-1,-1,-1,-1,-1,-1,-1,-1
7601,5,1900,15,16,16,274325.945000,274325.965314,0.020314,0x40533c,1,101,64,37,62,40.000000,0,0,0.026359,1.200000,0.800000,mba,0,,0,0,-1,-1,-1,-1,-1,-1,-1,-1,-1,-1,-1,-1
7998,2,2000,0,16,16,283171.271477,283257.962267,69.755365,0x4051ce,1,6195797,2427170,3768627,32,30.000000,1,1,86.960409,1.200000,0.800000,mba,0,,1,1,13336576,8019968,4415488,3109324562432,3109566603264,239607808,3109324562432,3109566603264,239427584,-1,-1,-1
7998,2,2000,1,16,16,283171.254644,283257.507771,54.735886,0x4051ce,1,7035595,2149289,4886306,34,40.000000,1,1,86.960409,1.200000,0.800000,mba,0,,1,1,15949824,16760832,13877248,2273407533056,2274257559552,689176576,2273407533056,2274257649664,690077696,-1,-1,-1
7998,2,2000,2,16,16,283171.264251,283257.881894,69.552454,0x4051ce,1,7808813,3469184,4339629,36,40.000000,1,1,86.960409,1.200000,0.800000,mba,0,,1,1,15949824,15228928,2613248,2273407533056,2274260713472,824344576,2273407533056,2274260803584,824344576,-1,-1,-1
7998,2,2000,3,16,16,283171.268213,283257.906918,74.690940,0x4051ce,1,7795783,3786880,4008903,38,40.000000,1,1,86.960409,1.200000,0.800000,mba,0,,1,1,15949824,15228928,811008,2273407533056,2274260893696,851468288,2273407533056,2274260893696,851288064,-1,-1,-1
7998,2,2000,4,16,16,283171.011611,283257.708714,74.889212,0x4051ce,1,10712200,5736054,4976146,40,100.000000,1,1,86.960409,1.200000,0.800000,mba,0,,1,1,37216256,37756928,-2433024,17042305122304,17047441866752,4892811264,17042305212416,17047442407424,4894433280,-1,-1,-1
7998,2,2000,5,16,16,283171.039747,283257.748281,74.181739,0x4051ce,1,10672882,5904353,4768529,42,100.000000,1,1,86.960409,1.200000,0.800000,mba,0,,1,1,37306368,38387712,-1802240,17042305933312,17047444389888,4867940352,17042306023424,17047444570112,4873527296,-1,-1,-1
7998,2,2000,6,16,16,283171.056111,283257.802343,77.637896,0x4051ce,1,10300246,7557764,2742482,44,100.000000,1,1,86.960409,1.200000,0.800000,mba,0,,1,1,37576704,38748160,90112,17042306383872,17047446282240,5074477056,17042307014656,17047446282240,5073846272,-1,-1,-1
7998,2,2000,7,16,16,283171.054336,283257.828847,79.633432,0x4051ce,1,10553146,7760326,2792820,46,100.000000,1,1,86.960409,1.200000,0.800000,mba,0,,1,1,37576704,39018496,630784,17042306203648,17047446372352,5127192576,17042306744320,17047446462464,5120524288,-1,-1,-1
7998,2,2000,8,16,16,283171.014339,283257.802713,79.415880,0x4051ce,1,10566288,7749658,2816630,48,100.000000,1,1,86.960409,1.200000,0.800000,mba,0,,1,1,37216256,38748160,180224,17042305212416,17047446282240,5126291456,17042305212416,17047446282240,5120524288,-1,-1,-1
7998,2,2000,9,16,16,283171.005307,283257.791330,77.844349,0x4051ce,1,10284235,7507491,2776744,18,100.000000,1,1,86.960409,1.200000,0.800000,mba,0,,1,1,37216256,38748160,0,17042305122304,17047446192128,5085200384,17042305212416,17047446282240,5085741056,-1,-1,-1
7998,2,2000,10,16,16,283171.269559,283257.794039,78.647808,0x4051ce,1,10535042,7733040,2802002,52,100.000000,1,1,86.960409,1.200000,0.800000,mba,0,,1,1,37666816,38838272,0,17042321432576,17047446282240,5100519424,17042322243584,17047446282240,5099167744,-1,-1,-1
7998,2,2000,11,16,16,283171.058977,283257.824684,79.450244,0x4051ce,1,10505318,7811043,2694275,54,100.000000,1,1,86.960409,1.200000,0.800000,mba,0,,1,1,37486592,39108608,720896,17042306744320,17047446282240,5125390336,17042307284992,17047446282240,5120073728,-1,-1,-1
7998,2,2000,12,16,16,283171.001858,283257.937699,77.736002,0x4051ce,1,7813520,5880278,1933242,56,50.000000,1,1,86.960409,1.200000,0.800000,mba,0,,1,1,12255232,10452992,21987328,878039343104,879368585216,1327620096,878039343104,879368585216,1327259648,-1,-1,-1
7998,2,2000,13,16,16,283171.031262,283257.896227,73.163040,0x4051ce,1,7793437,6162373,1631064,26,60.000000,1,1,86.960409,1.200000,0.800000,mba,0,,1,1,0,1622016,29827072,0,525893632,524992512,0,525893632,524992512,-1,-1,-1
7998,2,2000,14,16,16,283171.260169,283257.716494,67.739042,0x4051ce,1,7924543,4910540,3014003,60,50.000000,1,1,86.960409,1.200000,0.800000,mba,0,,1,1,11714560,10182656,22618112,878040875008,879366692864,1253548032,878040875008,879366692864,1253818368,-1,-1,-1
7998,2,2000,15,16,16,283171.246673,283257.717021,63.024864,0x4051ce,1,7776126,4266310,3509816,62,50.000000,1,1,86.960409,1.200000,0.800000,mba,0,,1,1,12075008,10182656,24780800,878040784896,879366692864,1195606016,878040875008,879366692864,1196507136,-1,-1,-1
7999,3,2000,0,16,16,283258.143402,283258.259659,0.116257,0x405218,1,5789,2525,3264,32,20.000000,0,0,0.177877,1.200000,0.800000,mba,0,,0,0,-1,-1,-1,-1,-1,-1,-1,-1,-1,-1,-1,-1
7999,3,2000,1,16,16,283258.142862,283258.271452,0.128590,0x405218,1,6373,2362,4011,34,20.000000,0,0,0.177877,1.200000,0.800000,mba,0,,0,0,-1,-1,-1,-1,-1,-1,-1,-1,-1,-1,-1,-1
7999,3,2000,2,16,16,283258.143041,283258.243096,0.100055,0x405218,1,6165,2232,3933,36,20.000000,0,0,0.177877,1.200000,0.800000,mba,0,,0,0,-1,-1,-1,-1,-1,-1,-1,-1,-1,-1,-1,-1
7999,3,2000,3,16,16,283258.142455,283258.239831,0.097376,0x405218,1,6142,1951,4191,38,20.000000,0,0,0.177877,1.200000,0.800000,mba,0,,0,0,-1,-1,-1,-1,-1,-1,-1,-1,-1,-1,-1,-1
7999,3,2000,4,16,16,283258.143109,283258.300488,0.157379,0x405218,1,8836,4414,4422,40,80.000000,0,0,0.177877,1.200000,0.800000,mba,0,,0,0,-1,-1,-1,-1,-1,-1,-1,-1,-1,-1,-1,-1
7999,3,2000,5,16,16,283258.143572,283258.297650,0.154078,0x405218,1,8989,4262,4727,42,80.000000,0,0,0.177877,1.200000,0.800000,mba,0,,0,0,-1,-1,-1,-1,-1,-1,-1,-1,-1,-1,-1,-1
7999,3,2000,6,16,16,283258.143406,283258.317349,0.173943,0x405218,1,8911,5436,3475,44,100.000000,0,0,0.177877,1.200000,0.800000,mba,0,,0,0,-1,-1,-1,-1,-1,-1,-1,-1,-1,-1,-1,-1
7999,3,2000,7,16,16,283258.143108,283258.318671,0.175563,0x405218,1,9082,5270,3812,46,100.000000,0,0,0.177877,1.200000,0.800000,mba,0,,0,0,-1,-1,-1,-1,-1,-1,-1,-1,-1,-1,-1,-1
7999,3,2000,8,16,16,283258.141838,283258.312347,0.170509,0x405218,1,9003,5288,3715,48,100.000000,0,0,0.177877,1.200000,0.800000,mba,0,,0,0,-1,-1,-1,-1,-1,-1,-1,-1,-1,-1,-1,-1
7999,3,2000,9,16,16,283258.143171,283258.315199,0.172028,0x405218,1,8903,5128,3775,18,100.000000,0,0,0.177877,1.200000,0.800000,mba,0,,0,0,-1,-1,-1,-1,-1,-1,-1,-1,-1,-1,-1,-1
7999,3,2000,10,16,16,283258.142859,283258.314581,0.171722,0x405218,1,8990,5259,3731,52,100.000000,0,0,0.177877,1.200000,0.800000,mba,0,,0,0,-1,-1,-1,-1,-1,-1,-1,-1,-1,-1,-1,-1
7999,3,2000,11,16,16,283258.142747,283258.312432,0.169685,0x405218,1,8926,5204,3722,54,100.000000,0,0,0.177877,1.200000,0.800000,mba,0,,0,0,-1,-1,-1,-1,-1,-1,-1,-1,-1,-1,-1,-1
7999,3,2000,12,16,16,283258.140794,283258.279774,0.138980,0x405218,1,4872,3340,1532,56,30.000000,0,0,0.177877,1.200000,0.800000,mba,0,,0,0,-1,-1,-1,-1,-1,-1,-1,-1,-1,-1,-1,-1
7999,3,2000,13,16,16,283258.142007,283258.280088,0.138081,0x405218,1,4997,3420,1577,26,20.000000,0,0,0.177877,1.200000,0.800000,mba,0,,0,0,-1,-1,-1,-1,-1,-1,-1,-1,-1,-1,-1,-1
7999,3,2000,14,16,16,283258.142704,283258.266551,0.123847,0x405218,1,5424,2539,2885,60,20.000000,0,0,0.177877,1.200000,0.800000,mba,0,,0,0,-1,-1,-1,-1,-1,-1,-1,-1,-1,-1,-1,-1
7999,3,2000,15,16,16,283258.142030,283258.243778,0.101748,0x405218,1,5400,2311,3089,62,20.000000,0,0,0.177877,1.200000,0.800000,mba,0,,0,0,-1,-1,-1,-1,-1,-1,-1,-1,-1,-1,-1,-1
8000,4,2000,0,16,16,283259.006896,283259.042691,0.035795,0x4052e4,1,1893,878,1015,32,100.000000,0,0,0.040775,1.200000,0.800000,mba,0,,0,0,-1,-1,-1,-1,-1,-1,-1,-1,-1,-1,-1,-1
8000,4,2000,1,16,16,283259.003059,283259.023128,0.020069,0x4052e4,1,146,48,98,34,20.000000,0,0,0.040775,1.200000,0.800000,mba,0,,0,0,-1,-1,-1,-1,-1,-1,-1,-1,-1,-1,-1,-1
8000,4,2000,2,16,16,283259.003517,283259.023071,0.019554,0x4052e4,1,199,135,64,36,20.000000,0,0,0.040775,1.200000,0.800000,mba,0,,0,0,-1,-1,-1,-1,-1,-1,-1,-1,-1,-1,-1,-1
8000,4,2000,3,16,16,283259.003682,283259.023581,0.019899,0x4052e4,1,244,172,72,38,20.000000,0,0,0.040775,1.200000,0.800000,mba,0,,0,0,-1,-1,-1,-1,-1,-1,-1,-1,-1,-1,-1,-1
8000,4,2000,4,16,16,283259.003336,283259.024509,0.021173,0x4052e4,1,227,162,65,40,20.000000,0,0,0.040775,1.200000,0.800000,mba,0,,0,0,-1,-1,-1,-1,-1,-1,-1,-1,-1,-1,-1,-1
8000,4,2000,5,16,16,283259.002874,283259.023970,0.021096,0x4052e4,1,307,224,83,42,20.000000,0,0,0.040775,1.200000,0.800000,mba,0,,0,0,-1,-1,-1,-1,-1,-1,-1,-1,-1,-1,-1,-1
8000,4,2000,6,16,16,283259.001916,283259.022596,0.020680,0x4052e4,1,280,171,109,44,20.000000,0,0,0.040775,1.200000,0.800000,mba,0,,0,0,-1,-1,-1,-1,-1,-1,-1,-1,-1,-1,-1,-1
8000,4,2000,7,16,16,283259.002681,283259.023809,0.021128,0x4052e4,1,287,206,81,46,20.000000,0,0,0.040775,1.200000,0.800000,mba,0,,0,0,-1,-1,-1,-1,-1,-1,-1,-1,-1,-1,-1,-1
8000,4,2000,8,16,16,283259.002122,283259.022723,0.020601,0x4052e4,1,247,165,82,48,20.000000,0,0,0.040775,1.200000,0.800000,mba,0,,0,0,-1,-1,-1,-1,-1,-1,-1,-1,-1,-1,-1,-1
8000,4,2000,9,16,16,283259.002942,283259.023978,0.021036,0x4052e4,1,285,204,81,18,20.000000,0,0,0.040775,1.200000,0.800000,mba,0,,0,0,-1,-1,-1,-1,-1,-1,-1,-1,-1,-1,-1,-1
8000,4,2000,10,16,16,283259.003613,283259.024969,0.021356,0x4052e4,1,445,329,116,52,20.000000,0,0,0.040775,1.200000,0.800000,mba,0,,0,0,-1,-1,-1,-1,-1,-1,-1,-1,-1,-1,-1,-1
8000,4,2000,11,16,16,283259.003632,283259.024764,0.021132,0x4052e4,1,472,388,84,54,20.000000,0,0,0.040775,1.200000,0.800000,mba,0,,0,0,-1,-1,-1,-1,-1,-1,-1,-1,-1,-1,-1,-1
8000,4,2000,12,16,16,283259.003119,283259.021775,0.018656,0x4052e4,1,47,6,41,56,20.000000,0,0,0.040775,1.200000,0.800000,mba,0,,0,0,-1,-1,-1,-1,-1,-1,-1,-1,-1,-1,-1,-1
8000,4,2000,13,16,16,283259.003211,283259.022203,0.018992,0x4052e4,1,67,25,42,26,20.000000,0,0,0.040775,1.200000,0.800000,mba,0,,0,0,-1,-1,-1,-1,-1,-1,-1,-1,-1,-1,-1,-1
8000,4,2000,14,16,16,283259.002773,283259.021445,0.018672,0x4052e4,1,81,43,38,60,20.000000,0,0,0.040775,1.200000,0.800000,mba,0,,0,0,-1,-1,-1,-1,-1,-1,-1,-1,-1,-1,-1,-1
8000,4,2000,15,16,16,283259.003052,283259.022416,0.019364,0x4052e4,1,110,36,74,62,20.000000,0,0,0.040775,1.200000,0.800000,mba,0,,0,0,-1,-1,-1,-1,-1,-1,-1,-1,-1,-1,-1,-1
8001,5,2000,0,16,16,283259.105157,283259.123882,0.018725,0x40533c,1,48,2,46,32,40.000000,0,0,0.024110,1.200000,0.800000,mba,0,,0,0,-1,-1,-1,-1,-1,-1,-1,-1,-1,-1,-1,-1
8001,5,2000,1,16,16,283259.102895,283259.121858,0.018963,0x40533c,1,94,24,70,34,40.000000,0,0,0.024110,1.200000,0.800000,mba,0,,0,0,-1,-1,-1,-1,-1,-1,-1,-1,-1,-1,-1,-1
8001,5,2000,2,16,16,283259.103929,283259.122677,0.018748,0x40533c,1,123,67,56,36,40.000000,0,0,0.024110,1.200000,0.800000,mba,0,,0,0,-1,-1,-1,-1,-1,-1,-1,-1,-1,-1,-1,-1
8001,5,2000,3,16,16,283259.104325,283259.123266,0.018941,0x40533c,1,113,63,50,38,40.000000,0,0,0.024110,1.200000,0.800000,mba,0,,0,0,-1,-1,-1,-1,-1,-1,-1,-1,-1,-1,-1,-1
8001,5,2000,4,16,16,283259.105121,283259.127005,0.021884,0x40533c,1,466,195,271,40,80.000000,0,0,0.024110,1.200000,0.800000,mba,0,,0,0,-1,-1,-1,-1,-1,-1,-1,-1,-1,-1,-1,-1
8001,5,2000,5,16,16,283259.103706,283259.124886,0.021180,0x40533c,1,463,222,241,42,80.000000,0,0,0.024110,1.200000,0.800000,mba,0,,0,0,-1,-1,-1,-1,-1,-1,-1,-1,-1,-1,-1,-1
8001,5,2000,6,16,16,283259.103780,283259.125219,0.021439,0x40533c,1,355,138,217,44,80.000000,0,0,0.024110,1.200000,0.800000,mba,0,,0,0,-1,-1,-1,-1,-1,-1,-1,-1,-1,-1,-1,-1
8001,5,2000,7,16,16,283259.104646,283259.126413,0.021767,0x40533c,1,426,193,233,46,100.000000,0,0,0.024110,1.200000,0.800000,mba,0,,0,0,-1,-1,-1,-1,-1,-1,-1,-1,-1,-1,-1,-1
8001,5,2000,8,16,16,283259.103757,283259.125520,0.021763,0x40533c,1,386,109,277,48,80.000000,0,0,0.024110,1.200000,0.800000,mba,0,,0,0,-1,-1,-1,-1,-1,-1,-1,-1,-1,-1,-1,-1
8001,5,2000,9,16,16,283259.104539,283259.126150,0.021611,0x40533c,1,347,156,191,18,100.000000,0,0,0.024110,1.200000,0.800000,mba,0,,0,0,-1,-1,-1,-1,-1,-1,-1,-1,-1,-1,-1,-1
8001,5,2000,10,16,16,283259.103763,283259.125576,0.021813,0x40533c,1,473,185,288,52,80.000000,0,0,0.024110,1.200000,0.800000,mba,0,,0,0,-1,-1,-1,-1,-1,-1,-1,-1,-1,-1,-1,-1
8001,5,2000,11,16,16,283259.103588,283259.125090,0.021502,0x40533c,1,490,214,276,54,80.000000,0,0,0.024110,1.200000,0.800000,mba,0,,0,0,-1,-1,-1,-1,-1,-1,-1,-1,-1,-1,-1,-1
8001,5,2000,12,16,16,283259.104256,283259.123157,0.018901,0x40533c,1,43,16,27,56,40.000000,0,0,0.024110,1.200000,0.800000,mba,0,,0,0,-1,-1,-1,-1,-1,-1,-1,-1,-1,-1,-1,-1
8001,5,2000,13,16,16,283259.104188,283259.122947,0.018759,0x40533c,1,70,25,45,26,40.000000,0,0,0.024110,1.200000,0.800000,mba,0,,0,0,-1,-1,-1,-1,-1,-1,-1,-1,-1,-1,-1,-1
8001,5,2000,14,16,16,283259.104632,283259.123245,0.018613,0x40533c,1,64,17,47,60,40.000000,0,0,0.024110,1.200000,0.800000,mba,0,,0,0,-1,-1,-1,-1,-1,-1,-1,-1,-1,-1,-1,-1
8001,5,2000,15,16,16,283259.103077,283259.121785,0.018708,0x40533c,1,96,67,29,62,40.000000,0,0,0.024110,1.200000,0.800000,mba,0,,0,0,-1,-1,-1,-1,-1,-1,-1,-1,-1,-1,-1,-1
