parallel_id,region_id,region_exec,thread_id,team_size,requested_threads,start_ms,end_ms,elapsed_ms,codeptr,pmu_valid,pmu_llc_references,pmu_llc_misses,pmu_llc_hits
398,2,100,0,16,16,18851.106207,19025.049204,58.119872,0x4051ce,1,6270027,3885787,2384240
398,2,100,1,16,16,18850.549280,19025.052524,57.855244,0x4051ce,1,8026301,4017356,4008945
398,2,100,2,16,16,18851.349307,19025.055193,58.967833,0x4051ce,1,7595595,4145723,3449872
398,2,100,3,16,16,18851.648395,19025.102798,62.243112,0x4051ce,1,7972211,4767236,3204975
398,2,100,4,16,16,18850.916240,19027.156846,164.905481,0x4051ce,1,21653246,15105632,6547614
398,2,100,5,16,16,18851.517515,19027.160189,166.913600,0x4051ce,1,21776029,16062981,5713048
398,2,100,6,16,16,18850.762593,19027.114864,166.637661,0x4051ce,1,19767365,16537412,3229953
398,2,100,7,16,16,18850.431784,19027.204203,174.699827,0x4051ce,1,20882719,16985027,3897692
398,2,100,8,16,16,18851.032994,19027.182534,174.039114,0x4051ce,1,20865371,16869909,3995462
398,2,100,9,16,16,18851.896026,19027.117604,167.163099,0x4051ce,1,19595287,16341655,3253632
398,2,100,10,16,16,18851.476265,19027.169997,172.462485,0x4051ce,1,20850240,16846663,4003577
398,2,100,11,16,16,18851.775129,19027.168939,172.213002,0x4051ce,1,21062260,16604819,4457441
398,2,100,12,16,16,18850.318531,19025.104243,67.748034,0x4051ce,1,7851976,6318095,1533881
398,2,100,13,16,16,18851.550396,19025.172275,71.079769,0x4051ce,1,7860857,6719529,1141328
398,2,100,14,16,16,18850.687626,19025.187164,70.877916,0x4051ce,1,7850390,6737238,1113152
398,2,100,15,16,16,18851.177055,19025.144434,68.230382,0x4051ce,1,7627931,6192543,1435388
399,3,100,0,16,16,19027.331026,19027.451245,0.120219,0x405218,1,5981,3981,2000
399,3,100,1,16,16,19027.330728,19027.462059,0.131331,0x405218,1,6407,3833,2574
399,3,100,2,16,16,19027.331072,19027.450665,0.119593,0x405218,1,6292,3720,2572
399,3,100,3,16,16,19027.331363,19027.463591,0.132228,0x405218,1,6235,3456,2779
399,3,100,4,16,16,19027.331298,19027.605426,0.274128,0x405218,1,12660,7298,5362
399,3,100,5,16,16,19027.331397,19027.608510,0.277113,0x405218,1,12721,8131,4590
399,3,100,6,16,16,19027.331695,19027.616917,0.285222,0x405218,1,12118,9091,3027
399,3,100,7,16,16,19027.331303,19027.628015,0.296712,0x405218,1,12397,9062,3335
399,3,100,8,16,16,19027.331041,19027.620281,0.289240,0x405218,1,12173,8928,3245
399,3,100,9,16,16,19027.330987,19027.613581,0.282594,0x405218,1,12001,8932,3069
399,3,100,10,16,16,19027.331079,19027.608837,0.277758,0x405218,1,12231,8720,3511
399,3,100,11,16,16,19027.331772,19027.617825,0.286053,0x405218,1,12080,8642,3438
399,3,100,12,16,16,19027.330402,19027.487036,0.156634,0x405218,1,5722,4241,1481
399,3,100,13,16,16,19027.331063,19027.485744,0.154681,0x405218,1,5721,4178,1543
399,3,100,14,16,16,19027.330561,19027.486189,0.155628,0x405218,1,5721,4268,1453
399,3,100,15,16,16,19027.331161,19027.474069,0.142908,0x405218,1,5558,4102,1456
400,4,100,0,16,16,19027.810032,19027.841347,0.031315,0x4052e4,1,1621,1180,441
400,4,100,1,16,16,19027.808914,19027.832872,0.023958,0x4052e4,1,201,157,44
400,4,100,2,16,16,19027.808796,19027.833960,0.025164,0x4052e4,1,339,273,66
400,4,100,3,16,16,19027.808745,19027.834282,0.025537,0x4052e4,1,211,159,52
400,4,100,4,16,16,19027.808419,19027.835642,0.027223,0x4052e4,1,358,263,95
400,4,100,5,16,16,19027.809033,19027.836755,0.027722,0x4052e4,1,390,285,105
400,4,100,6,16,16,19027.809010,19027.836187,0.027177,0x4052e4,1,368,297,71
400,4,100,7,16,16,19027.809031,19027.836436,0.027405,0x4052e4,1,410,297,113
400,4,100,8,16,16,19027.808310,19027.836631,0.028321,0x4052e4,1,371,261,110
400,4,100,9,16,16,19027.808517,19027.835855,0.027338,0x4052e4,1,376,295,81
400,4,100,10,16,16,19027.808507,19027.836252,0.027745,0x4052e4,1,307,244,63
400,4,100,11,16,16,19027.808651,19027.836697,0.028046,0x4052e4,1,415,298,117
400,4,100,12,16,16,19027.807933,19027.831835,0.023902,0x4052e4,1,156,108,48
400,4,100,13,16,16,19027.808799,19027.833596,0.024797,0x4052e4,1,192,137,55
400,4,100,14,16,16,19027.807984,19027.832175,0.024191,0x4052e4,1,183,124,59
400,4,100,15,16,16,19027.807991,19027.832264,0.024273,0x4052e4,1,163,108,55
401,5,100,0,16,16,19027.879315,19027.902859,0.023544,0x40533c,1,34,0,34
401,5,100,1,16,16,19027.879238,19027.902395,0.023157,0x40533c,1,68,43,25
401,5,100,2,16,16,19027.879250,19027.902570,0.023320,0x40533c,1,99,72,27
401,5,100,3,16,16,19027.879132,19027.902158,0.023026,0x40533c,1,95,68,27
401,5,100,4,16,16,19027.879559,19027.909507,0.029948,0x40533c,1,676,445,231
401,5,100,5,16,16,19027.879763,19027.909683,0.029920,0x40533c,1,550,283,267
401,5,100,6,16,16,19027.879842,19027.909327,0.029485,0x40533c,1,701,404,297
401,5,100,7,16,16,19027.879849,19027.910443,0.030594,0x40533c,1,709,452,257
401,5,100,8,16,16,19027.879792,19027.909262,0.029470,0x40533c,1,808,524,284
401,5,100,9,16,16,19027.879327,19027.908073,0.028746,0x40533c,1,622,324,298
401,5,100,10,16,16,19027.879726,19027.908914,0.029188,0x40533c,1,712,317,395
401,5,100,11,16,16,19027.879161,19027.907628,0.028467,0x40533c,1,670,340,330
401,5,100,12,16,16,19027.879012,19027.902277,0.023265,0x40533c,1,81,56,25
401,5,100,13,16,16,19027.879474,19027.903000,0.023526,0x40533c,1,95,65,30
401,5,100,14,16,16,19027.879714,19027.903397,0.023683,0x40533c,1,76,41,35
401,5,100,15,16,16,19027.879536,19027.903149,0.023613,0x40533c,1,51,24,27
798,2,200,0,16,16,37044.889822,37223.842755,57.711702,0x4051ce,1,6248728,3902314,2346414
798,2,200,1,16,16,37044.886551,37223.841396,58.242832,0x4051ce,1,8012825,4023853,3988972
798,2,200,2,16,16,37044.886221,37223.839936,58.946108,0x4051ce,1,7584005,4121399,3462606
798,2,200,3,16,16,37044.886794,37223.902360,62.557178,0x4051ce,1,7967717,4758641,3209076
798,2,200,4,16,16,37044.886428,37226.114285,170.703733,0x4051ce,1,22563564,15953480,6610084
798,2,200,5,16,16,37044.886783,37226.127374,172.783278,0x4051ce,1,22718183,16904683,5813500
798,2,200,6,16,16,37044.888194,37226.064973,172.299395,0x4051ce,1,20563892,17330543,3233349
798,2,200,7,16,16,37044.886023,37226.158143,180.730971,0x4051ce,1,21774627,17880352,3894275
798,2,200,8,16,16,37044.888319,37226.150955,179.822924,0x4051ce,1,21756250,17724219,4032031
798,2,200,9,16,16,37044.886216,37226.069256,172.796383,0x4051ce,1,20387637,17131154,3256483
798,2,200,10,16,16,37044.886697,37226.123338,179.435854,0x4051ce,1,21743094,17728856,4014238
798,2,200,11,16,16,37044.886616,37226.128300,178.003450,0x4051ce,1,21924377,17478680,4445697
798,2,200,12,16,16,37044.886553,37223.906914,68.774989,0x4051ce,1,7840406,6381699,1458707
798,2,200,13,16,16,37044.888041,37223.954525,71.104356,0x4051ce,1,7852964,6681739,1171225
798,2,200,14,16,16,37044.885808,37223.966258,71.462890,0x4051ce,1,7843439,6705822,1137617
798,2,200,15,16,16,37044.886451,37223.923656,68.651833,0x4051ce,1,7617036,6157997,1459039
799,3,200,0,16,16,37226.243999,37226.359283,0.115284,0x405218,1,5712,3869,1843
799,3,200,1,16,16,37226.243981,37226.369364,0.125383,0x405218,1,6116,3646,2470
799,3,200,2,16,16,37226.244373,37226.365999,0.121626,0x405218,1,6511,3810,2701
799,3,200,3,16,16,37226.244089,37226.365786,0.121697,0x405218,1,5985,3222,2763
799,3,200,4,16,16,37226.244504,37226.517401,0.272897,0x405218,1,12978,7464,5514
799,3,200,5,16,16,37226.244232,37226.529095,0.284863,0x405218,1,13179,8443,4736
799,3,200,6,16,16,37226.244331,37226.536373,0.292042,0x405218,1,12466,9485,2981
799,3,200,7,16,16,37226.244035,37226.540818,0.296783,0x405218,1,12685,9353,3332
799,3,200,8,16,16,37226.243997,37226.538598,0.294601,0x405218,1,12502,9160,3342
799,3,200,9,16,16,37226.244631,37226.532935,0.288304,0x405218,1,12333,9245,3088
799,3,200,10,16,16,37226.244341,37226.527844,0.283503,0x405218,1,12515,8795,3720
799,3,200,11,16,16,37226.244198,37226.533466,0.289268,0x405218,1,12352,8988,3364
799,3,200,12,16,16,37226.243167,37226.395892,0.152725,0x405218,1,5540,4025,1515
799,3,200,13,16,16,37226.243668,37226.396911,0.153243,0x405218,1,5602,4134,1468
799,3,200,14,16,16,37226.243028,37226.389235,0.146207,0x405218,1,5593,4188,1405
799,3,200,15,16,16,37226.243527,37226.390470,0.146943,0x405218,1,5415,4074,1341
800,4,200,0,16,16,37226.717186,37226.744874,0.027688,0x4052e4,1,1851,1349,502
800,4,200,1,16,16,37226.715907,37226.736693,0.020786,0x4052e4,1,214,156,58
800,4,200,2,16,16,37226.715885,37226.738255,0.022370,0x4052e4,1,302,246,56
800,4,200,3,16,16,37226.715627,37226.736834,0.021207,0x4052e4,1,226,175,51
800,4,200,4,16,16,37226.715726,37226.739063,0.023337,0x4052e4,1,313,255,58
800,4,200,5,16,16,37226.715973,37226.739258,0.023285,0x4052e4,1,334,276,58
800,4,200,6,16,16,37226.716224,37226.739719,0.023495,0x4052e4,1,447,383,64
800,4,200,7,16,16,37226.716208,37226.740673,0.024465,0x4052e4,1,328,271,57
800,4,200,8,16,16,37226.715787,37226.740059,0.024272,0x4052e4,1,432,356,76
800,4,200,9,16,16,37226.716119,37226.740572,0.024453,0x4052e4,1,358,300,58
800,4,200,10,16,16,37226.715794,37226.738662,0.022868,0x4052e4,1,325,279,46
800,4,200,11,16,16,37226.716342,37226.739339,0.022997,0x4052e4,1,337,278,59
800,4,200,12,16,16,37226.715344,37226.736068,0.020724,0x4052e4,1,130,105,25
800,4,200,13,16,16,37226.715431,37226.736624,0.021193,0x4052e4,1,177,135,42
800,4,200,14,16,16,37226.715346,37226.736431,0.021085,0x4052e4,1,174,127,47
800,4,200,15,16,16,37226.715420,37226.736749,0.021329,0x4052e4,1,150,121,29
801,5,200,0,16,16,37226.785815,37226.807028,0.021213,0x40533c,1,36,11,25
801,5,200,1,16,16,37226.785899,37226.806881,0.020982,0x40533c,1,119,81,38
801,5,200,2,16,16,37226.785904,37226.806519,0.020615,0x40533c,1,96,63,33
801,5,200,3,16,16,37226.785451,37226.805484,0.020033,0x40533c,1,101,72,29
801,5,200,4,16,16,37226.785406,37226.810668,0.025262,0x40533c,1,750,514,236
801,5,200,5,16,16,37226.785567,37226.811104,0.025537,0x40533c,1,665,303,362
801,5,200,6,16,16,37226.786032,37226.811572,0.025540,0x40533c,1,695,382,313
801,5,200,7,16,16,37226.785638,37226.812100,0.026462,0x40533c,1,790,521,269
801,5,200,8,16,16,37226.785543,37226.810388,0.024845,0x40533c,1,822,548,274
801,5,200,9,16,16,37226.785559,37226.810811,0.025252,0x40533c,1,756,397,359
801,5,200,10,16,16,37226.785295,37226.810564,0.025269,0x40533c,1,768,340,428
801,5,200,11,16,16,37226.785268,37226.810508,0.025240,0x40533c,1,780,377,403
801,5,200,12,16,16,37226.785779,37226.805826,0.020047,0x40533c,1,130,82,48
801,5,200,13,16,16,37226.785398,37226.805690,0.020292,0x40533c,1,96,46,50
801,5,200,14,16,16,37226.785265,37226.805706,0.020441,0x40533c,1,93,56,37
801,5,200,15,16,16,37226.785240,37226.805524,0.020284,0x40533c,1,107,82,25
1198,2,300,0,16,16,55589.570225,55769.120152,58.089159,0x4051ce,1,6264351,3912977,2351374
1198,2,300,1,16,16,55589.569208,55769.123370,58.282593,0x4051ce,1,8013826,4028959,3984867
1198,2,300,2,16,16,55589.569047,55769.120080,58.978289,0x4051ce,1,7585150,4128835,3456315
1198,2,300,3,16,16,55589.569032,55769.174131,62.601268,0x4051ce,1,7963541,4763002,3200539
1198,2,300,4,16,16,55589.568603,55771.415089,171.051711,0x4051ce,1,22567096,15965406,6601690
1198,2,300,5,16,16,55589.569984,55771.414262,173.542680,0x4051ce,1,22729524,16937202,5792322
1198,2,300,6,16,16,55589.568861,55771.352731,172.675597,0x4051ce,1,20565552,17325385,3240167
1198,2,300,7,16,16,55589.570020,55771.449448,181.483848,0x4051ce,1,21778894,17899750,3879144
1198,2,300,8,16,16,55589.569240,55771.422688,179.813862,0x4051ce,1,21762483,17726254,4036229
1198,2,300,9,16,16,55589.569373,55771.344083,173.310661,0x4051ce,1,20384569,17119867,3264702
1198,2,300,10,16,16,55589.568955,55771.403424,179.426365,0x4051ce,1,21744591,17752853,3991738
1198,2,300,11,16,16,55589.569809,55771.404846,178.792819,0x4051ce,1,21930213,17500519,4429694
1198,2,300,12,16,16,55589.569970,55769.175700,68.942314,0x4051ce,1,7843955,6378679,1465276
1198,2,300,13,16,16,55589.572545,55769.229501,71.088256,0x4051ce,1,7851928,6688528,1163400
1198,2,300,14,16,16,55589.568757,55769.242799,71.345135,0x4051ce,1,7843634,6692530,1151104
1198,2,300,15,16,16,55589.569512,55769.211533,68.663486,0x4051ce,1,7616601,6157317,1459284
1199,3,300,0,16,16,55771.537856,55771.665004,0.127148,0x405218,1,5640,3941,1699
1199,3,300,1,16,16,55771.538205,55771.676681,0.138476,0x405218,1,6075,3705,2370
1199,3,300,2,16,16,55771.537907,55771.669591,0.131684,0x405218,1,6418,3997,2421
1199,3,300,3,16,16,55771.537770,55771.673726,0.135956,0x405218,1,5969,3311,2658
1199,3,300,4,16,16,55771.538715,55771.823369,0.284654,0x405218,1,12979,7591,5388
1199,3,300,5,16,16,55771.538216,55771.823442,0.285226,0x405218,1,13183,8438,4745
1199,3,300,6,16,16,55771.538670,55771.835359,0.296689,0x405218,1,12443,9387,3056
1199,3,300,7,16,16,55771.538123,55771.833086,0.294963,0x405218,1,12690,9230,3460
1199,3,300,8,16,16,55771.538494,55771.839824,0.301330,0x405218,1,12468,9183,3285
1199,3,300,9,16,16,55771.538377,55771.832411,0.294034,0x405218,1,12262,9230,3032
1199,3,300,10,16,16,55771.538301,55771.833844,0.295543,0x405218,1,12501,8968,3533
1199,3,300,11,16,16,55771.538045,55771.833321,0.295276,0x405218,1,12348,8999,3349
1199,3,300,12,16,16,55771.537849,55771.687184,0.149335,0x405218,1,5627,4029,1598
1199,3,300,13,16,16,55771.537747,55771.684735,0.146988,0x405218,1,5557,3818,1739
1199,3,300,14,16,16,55771.537469,55771.698414,0.160945,0x405218,1,5543,4152,1391
1199,3,300,15,16,16,55771.537722,55771.689864,0.152142,0x405218,1,5411,4136,1275
1200,4,300,0,16,16,55772.033902,55772.064989,0.031087,0x4052e4,1,1827,1316,511
1200,4,300,1,16,16,55772.033136,55772.055465,0.022329,0x4052e4,1,187,159,28
1200,4,300,2,16,16,55772.033603,55772.057838,0.024235,0x4052e4,1,280,238,42
1200,4,300,3,16,16,55772.032807,55772.055525,0.022718,0x4052e4,1,254,187,67
1200,4,300,4,16,16,55772.033293,55772.058518,0.025225,0x4052e4,1,300,238,62
1200,4,300,5,16,16,55772.033076,55772.058207,0.025131,0x4052e4,1,330,275,55
1200,4,300,6,16,16,55772.033404,55772.058749,0.025345,0x4052e4,1,410,358,52
1200,4,300,7,16,16,55772.032966,55772.058339,0.025373,0x4052e4,1,314,256,58
1200,4,300,8,16,16,55772.033375,55772.059093,0.025718,0x4052e4,1,416,361,55
1200,4,300,9,16,16,55772.033349,55772.059306,0.025957,0x4052e4,1,366,316,50
1200,4,300,10,16,16,55772.033276,55772.058150,0.024874,0x4052e4,1,331,278,53
1200,4,300,11,16,16,55772.033397,55772.059038,0.025641,0x4052e4,1,351,270,81
1200,4,300,12,16,16,55772.032444,55772.055727,0.023283,0x4052e4,1,147,122,25
1200,4,300,13,16,16,55772.033153,55772.056021,0.022868,0x4052e4,1,167,127,40
1200,4,300,14,16,16,55772.032588,55772.055409,0.022821,0x4052e4,1,175,125,50
1200,4,300,15,16,16,55772.032553,55772.055330,0.022777,0x4052e4,1,159,124,35
1201,5,300,0,16,16,55772.094825,55772.116407,0.021582,0x40533c,1,28,5,23
1201,5,300,1,16,16,55772.095708,55772.117206,0.021498,0x40533c,1,87,56,31
1201,5,300,2,16,16,55772.095143,55772.117050,0.021907,0x40533c,1,113,75,38
1201,5,300,3,16,16,55772.095541,55772.117700,0.022159,0x40533c,1,58,25,33
1201,5,300,4,16,16,55772.095280,55772.122340,0.027060,0x40533c,1,742,480,262
1201,5,300,5,16,16,55772.095264,55772.122635,0.027371,0x40533c,1,608,297,311
1201,5,300,6,16,16,55772.095431,55772.122452,0.027021,0x40533c,1,645,353,292
1201,5,300,7,16,16,55772.095017,55772.122568,0.027551,0x40533c,1,776,489,287
1201,5,300,8,16,16,55772.095945,55772.123272,0.027327,0x40533c,1,782,445,337
1201,5,300,9,16,16,55772.095494,55772.122741,0.027247,0x40533c,1,675,328,347
1201,5,300,10,16,16,55772.095304,55772.122110,0.026806,0x40533c,1,841,330,511
1201,5,300,11,16,16,55772.095729,55772.122681,0.026952,0x40533c,1,818,369,449
1201,5,300,12,16,16,55772.095581,55772.117362,0.021781,0x40533c,1,82,37,45
1201,5,300,13,16,16,55772.095770,55772.118167,0.022397,0x40533c,1,104,69,35
1201,5,300,14,16,16,55772.095064,55772.116687,0.021623,0x40533c,1,87,61,26
1201,5,300,15,16,16,55772.094916,55772.116586,0.021670,0x40533c,1,71,47,24
1598,2,400,0,16,16,73931.178124,74112.435103,57.904351,0x4051ce,1,6248539,3885216,2363323
1598,2,400,1,16,16,73931.175287,74112.424861,58.615440,0x4051ce,1,8027000,3997692,4029308
1598,2,400,2,16,16,73931.175061,74112.436153,59.309882,0x4051ce,1,7599747,4100242,3499505
1598,2,400,3,16,16,73931.175638,74112.482804,62.550829,0x4051ce,1,7977052,4735164,3241888
1598,2,400,4,16,16,73931.175087,74114.718957,172.832997,0x4051ce,1,22441607,15803259,6638348
1598,2,400,5,16,16,73931.175311,74114.724750,174.979137,0x4051ce,1,22570617,16803113,5767504
1598,2,400,6,16,16,73931.175282,74114.662926,173.496373,0x4051ce,1,20443770,17231840,3211930
1598,2,400,7,16,16,73931.175588,74114.763042,182.785222,0x4051ce,1,21642603,17825104,3817499
1598,2,400,8,16,16,73931.175400,74114.752707,182.230281,0x4051ce,1,21633585,17668692,3964893
1598,2,400,9,16,16,73931.178523,74114.664125,174.617792,0x4051ce,1,20284006,17062855,3221151
1598,2,400,10,16,16,73931.174981,74114.739257,180.908369,0x4051ce,1,21607495,17656024,3951471
1598,2,400,11,16,16,73931.175296,74114.727826,180.273377,0x4051ce,1,21791288,17426768,4364520
1598,2,400,12,16,16,73931.174732,74112.497821,68.841631,0x4051ce,1,7850120,6392292,1457828
1598,2,400,13,16,16,73931.177040,74112.552760,70.717319,0x4051ce,1,7857449,6681385,1176064
1598,2,400,14,16,16,73931.174558,74112.561608,70.988700,0x4051ce,1,7850771,6682031,1168740
1598,2,400,15,16,16,73931.175822,74112.539086,68.498152,0x4051ce,1,7621405,6161790,1459615
1599,3,400,0,16,16,74114.865284,74114.987970,0.122686,0x405218,1,5665,3876,1789
1599,3,400,1,16,16,74114.865418,74114.997366,0.131948,0x405218,1,6148,3602,2546
1599,3,400,2,16,16,74114.865398,74114.993339,0.127941,0x405218,1,6406,3789,2617
1599,3,400,3,16,16,74114.865478,74115.002799,0.137321,0x405218,1,5938,3267,2671
1599,3,400,4,16,16,74114.865324,74115.145101,0.279777,0x405218,1,12939,7359,5580
1599,3,400,5,16,16,74114.865853,74115.155332,0.289479,0x405218,1,13025,8272,4753
1599,3,400,6,16,16,74114.866256,74115.167039,0.300783,0x405218,1,12348,9429,2919
1599,3,400,7,16,16,74114.865471,74115.176117,0.310646,0x405218,1,12583,9364,3219
1599,3,400,8,16,16,74114.866273,74115.171445,0.305172,0x405218,1,12343,9019,3324
1599,3,400,9,16,16,74114.865887,74115.168298,0.302411,0x405218,1,12269,9268,3001
1599,3,400,10,16,16,74114.865561,74115.163143,0.297582,0x405218,1,12503,9061,3442
1599,3,400,11,16,16,74114.866003,74115.162798,0.296795,0x405218,1,12246,8717,3529
1599,3,400,12,16,16,74114.864992,74115.024927,0.159935,0x405218,1,5559,4013,1546
1599,3,400,13,16,16,74114.865301,74115.014077,0.148776,0x405218,1,5508,3787,1721
1599,3,400,14,16,16,74114.864907,74115.021830,0.156923,0x405218,1,5506,4117,1389
1599,3,400,15,16,16,74114.865426,74115.016220,0.150794,0x405218,1,5303,4032,1271
1600,4,400,0,16,16,74115.360869,74115.391000,0.030131,0x4052e4,1,1771,1328,443
1600,4,400,1,16,16,74115.359586,74115.383885,0.024299,0x4052e4,1,181,142,39
1600,4,400,2,16,16,74115.359806,74115.385510,0.025704,0x4052e4,1,330,262,68
1600,4,400,3,16,16,74115.359497,74115.383680,0.024183,0x4052e4,1,190,157,33
1600,4,400,4,16,16,74115.359727,74115.386022,0.026295,0x4052e4,1,312,239,73
1600,4,400,5,16,16,74115.360030,74115.386436,0.026406,0x4052e4,1,359,282,77
1600,4,400,6,16,16,74115.360165,74115.387427,0.027262,0x4052e4,1,416,360,56
1600,4,400,7,16,16,74115.360268,74115.387908,0.027640,0x4052e4,1,366,289,77
1600,4,400,8,16,16,74115.360113,74115.388179,0.028066,0x4052e4,1,419,347,72
1600,4,400,9,16,16,74115.360283,74115.388780,0.028497,0x4052e4,1,393,321,72
1600,4,400,10,16,16,74115.359498,74115.386377,0.026879,0x4052e4,1,320,271,49
1600,4,400,11,16,16,74115.359616,74115.386884,0.027268,0x4052e4,1,358,289,69
1600,4,400,12,16,16,74115.359416,74115.383751,0.024335,0x4052e4,1,164,122,42
1600,4,400,13,16,16,74115.359291,74115.383274,0.023983,0x4052e4,1,163,131,32
1600,4,400,14,16,16,74115.359287,74115.382833,0.023546,0x4052e4,1,160,123,37
1600,4,400,15,16,16,74115.359412,74115.383354,0.023942,0x4052e4,1,161,124,37
1601,5,400,0,16,16,74115.426131,74115.448962,0.022831,0x40533c,1,25,2,23
1601,5,400,1,16,16,74115.425632,74115.449874,0.024242,0x40533c,1,49,13,36
1601,5,400,2,16,16,74115.425438,74115.448824,0.023386,0x40533c,1,89,64,25
1601,5,400,3,16,16,74115.425431,74115.448709,0.023278,0x40533c,1,88,68,20
1601,5,400,4,16,16,74115.426205,74115.455595,0.029390,0x40533c,1,758,481,277
1601,5,400,5,16,16,74115.425742,74115.453926,0.028184,0x40533c,1,673,306,367
1601,5,400,6,16,16,74115.425841,74115.454866,0.029025,0x40533c,1,713,414,299
1601,5,400,7,16,16,74115.425933,74115.455704,0.029771,0x40533c,1,706,447,259
1601,5,400,8,16,16,74115.425940,74115.454773,0.028833,0x40533c,1,794,483,311
1601,5,400,9,16,16,74115.425411,74115.453837,0.028426,0x40533c,1,672,350,322
1601,5,400,10,16,16,74115.425440,74115.453983,0.028543,0x40533c,1,840,350,490
1601,5,400,11,16,16,74115.425498,74115.454928,0.029430,0x40533c,1,757,365,392
1601,5,400,12,16,16,74115.425232,74115.448413,0.023181,0x40533c,1,100,65,35
1601,5,400,13,16,16,74115.425733,74115.449092,0.023359,0x40533c,1,71,36,35
1601,5,400,14,16,16,74115.425327,74115.448277,0.022950,0x40533c,1,76,55,21
1601,5,400,15,16,16,74115.425387,74115.449476,0.024089,0x40533c,1,100,79,21
1998,2,500,0,16,16,92618.668162,92793.451833,56.876083,0x4051ce,1,6263645,3808081,2455564
1998,2,500,1,16,16,92618.666720,92793.437454,56.839270,0x4051ce,1,8022651,3899942,4122709
1998,2,500,2,16,16,92618.666194,92793.453882,57.787508,0x4051ce,1,7591133,4021886,3569247
1998,2,500,3,16,16,92618.667098,92793.501784,61.272930,0x4051ce,1,7974798,4656668,3318130
1998,2,500,4,16,16,92618.666044,92795.652485,166.163194,0x4051ce,1,21936227,15329911,6606316
1998,2,500,5,16,16,92618.667275,92795.669062,167.721347,0x4051ce,1,22007320,16373414,5633906
1998,2,500,6,16,16,92618.666545,92795.600951,167.298204,0x4051ce,1,19971561,16850856,3120705
1998,2,500,7,16,16,92618.666173,92795.703468,176.156980,0x4051ce,1,21159972,17446309,3713663
1998,2,500,8,16,16,92618.666267,92795.682970,174.575625,0x4051ce,1,21144531,17268069,3876462
1998,2,500,9,16,16,92618.666256,92795.615299,168.108350,0x4051ce,1,19845474,16673383,3172091
1998,2,500,10,16,16,92618.666596,92795.682361,174.775528,0x4051ce,1,21132003,17276675,3855328
1998,2,500,11,16,16,92618.666703,92795.670076,173.585508,0x4051ce,1,21314133,16981843,4332290
1998,2,500,12,16,16,92618.666411,92793.510050,68.095448,0x4051ce,1,7846962,6360540,1486422
1998,2,500,13,16,16,92618.667661,92793.568433,70.142404,0x4051ce,1,7853364,6660677,1192687
1998,2,500,14,16,16,92618.665630,92793.579886,70.512081,0x4051ce,1,7841115,6688006,1153109
1998,2,500,15,16,16,92618.667256,92793.536835,67.701390,0x4051ce,1,7621049,6135709,1485340
1999,3,500,0,16,16,92795.785965,92795.901747,0.115782,0x405218,1,5660,3781,1879
1999,3,500,1,16,16,92795.786415,92795.904085,0.117670,0x405218,1,6096,3450,2646
1999,3,500,2,16,16,92795.786436,92795.904780,0.118344,0x405218,1,6401,3770,2631
1999,3,500,3,16,16,92795.786294,92795.905976,0.119682,0x405218,1,6015,3167,2848
1999,3,500,4,16,16,92795.788016,92796.094062,0.306046,0x405218,1,12808,7645,5163
1999,3,500,5,16,16,92795.786775,92796.057672,0.270897,0x405218,1,13011,8212,4799
1999,3,500,6,16,16,92795.786852,92796.069564,0.282712,0x405218,1,12375,9300,3075
1999,3,500,7,16,16,92795.786717,92796.079735,0.293018,0x405218,1,12635,9216,3419
1999,3,500,8,16,16,92795.786910,92796.077342,0.290432,0x405218,1,12318,9046,3272
1999,3,500,9,16,16,92795.786814,92796.073791,0.286977,0x405218,1,12205,9201,3004
1999,3,500,10,16,16,92795.786960,92796.068162,0.281202,0x405218,1,12427,8804,3623
1999,3,500,11,16,16,92795.786305,92796.066501,0.280196,0x405218,1,12214,8672,3542
1999,3,500,12,16,16,92795.785512,92795.932390,0.146878,0x405218,1,5616,4002,1614
1999,3,500,13,16,16,92795.785836,92795.934787,0.148951,0x405218,1,5607,4083,1524
1999,3,500,14,16,16,92795.785709,92795.940503,0.154794,0x405218,1,5573,4145,1428
1999,3,500,15,16,16,92795.786062,92795.929341,0.143279,0x405218,1,5412,4003,1409
2000,4,500,0,16,16,92796.271222,92796.306833,0.035611,0x4052e4,1,1854,1310,544
2000,4,500,1,16,16,92796.269577,92796.292643,0.023066,0x4052e4,1,175,139,36
2000,4,500,2,16,16,92796.270397,92796.294446,0.024049,0x4052e4,1,325,261,64
2000,4,500,3,16,16,92796.269540,92796.293003,0.023463,0x4052e4,1,229,177,52
2000,4,500,4,16,16,92796.270466,92796.296158,0.025692,0x4052e4,1,426,314,112
2000,4,500,5,16,16,92796.270087,92796.296440,0.026353,0x4052e4,1,404,336,68
2000,4,500,6,16,16,92796.270357,92796.297558,0.027201,0x4052e4,1,517,434,83
2000,4,500,7,16,16,92796.270003,92796.296326,0.026323,0x4052e4,1,408,336,72
2000,4,500,8,16,16,92796.270437,92796.297616,0.027179,0x4052e4,1,497,424,73
2000,4,500,9,16,16,92796.270613,92796.296869,0.026256,0x4052e4,1,489,420,69
2000,4,500,10,16,16,92796.269669,92796.296605,0.026936,0x4052e4,1,392,331,61
2000,4,500,11,16,16,92796.270251,92796.295927,0.025676,0x4052e4,1,371,314,57
2000,4,500,12,16,16,92796.269431,92796.293096,0.023665,0x4052e4,1,183,140,43
2000,4,500,13,16,16,92796.269608,92796.292833,0.023225,0x4052e4,1,184,139,45
2000,4,500,14,16,16,92796.270231,92796.293618,0.023387,0x4052e4,1,169,122,47
2000,4,500,15,16,16,92796.270010,92796.294476,0.024466,0x4052e4,1,158,120,38
2001,5,500,0,16,16,92796.354414,92796.374540,0.020126,0x40533c,1,29,2,27
2001,5,500,1,16,16,92796.354270,92796.374419,0.020149,0x40533c,1,59,21,38
2001,5,500,2,16,16,92796.354603,92796.374978,0.020375,0x40533c,1,117,60,57
2001,5,500,3,16,16,92796.354889,92796.375211,0.020322,0x40533c,1,62,28,34
2001,5,500,4,16,16,92796.355113,92796.397735,0.042622,0x40533c,1,721,435,286
2001,5,500,5,16,16,92796.354547,92796.380223,0.025676,0x40533c,1,843,389,454
2001,5,500,6,16,16,92796.354700,92796.380474,0.025774,0x40533c,1,736,363,373
2001,5,500,7,16,16,92796.354787,92796.381699,0.026912,0x40533c,1,780,489,291
2001,5,500,8,16,16,92796.354478,92796.380717,0.026239,0x40533c,1,901,577,324
2001,5,500,9,16,16,92796.354883,92796.381536,0.026653,0x40533c,1,733,424,309
2001,5,500,10,16,16,92796.354223,92796.379937,0.025714,0x40533c,1,713,258,455
2001,5,500,11,16,16,92796.355017,92796.381456,0.026439,0x40533c,1,887,438,449
2001,5,500,12,16,16,92796.354089,92796.374219,0.020130,0x40533c,1,74,44,30
2001,5,500,13,16,16,92796.354621,92796.374991,0.020370,0x40533c,1,78,40,38
2001,5,500,14,16,16,92796.354975,92796.375623,0.020648,0x40533c,1,99,62,37
2001,5,500,15,16,16,92796.354898,92796.375485,0.020587,0x40533c,1,82,57,25
2398,2,600,0,16,16,110001.592255,110166.482588,55.473279,0x4051ce,1,6266969,3647277,2619692
2398,2,600,1,16,16,110001.591015,110166.453835,55.482347,0x4051ce,1,8042279,3729369,4312910
2398,2,600,2,16,16,110001.590949,110166.490108,56.454572,0x4051ce,1,7612317,3885587,3726730
2398,2,600,3,16,16,110001.591006,110166.527946,59.760313,0x4051ce,1,7986811,4532028,3454783
2398,2,600,4,16,16,110001.591098,110168.462304,158.053737,0x4051ce,1,20512312,14066574,6445738
2398,2,600,5,16,16,110001.591349,110168.458293,158.634265,0x4051ce,1,20708441,15080372,5628069
2398,2,600,6,16,16,110001.591075,110168.419648,158.304375,0x4051ce,1,18837990,15656545,3181445
2398,2,600,7,16,16,110001.591397,110168.516321,166.670051,0x4051ce,1,19876516,16271189,3605327
2398,2,600,8,16,16,110001.591569,110168.498208,164.416317,0x4051ce,1,19857982,16067096,3790886
2398,2,600,9,16,16,110001.592140,110168.420709,158.216459,0x4051ce,1,18760801,15402578,3358223
2398,2,600,10,16,16,110001.590869,110168.492749,164.483582,0x4051ce,1,19835158,16164247,3670911
2398,2,600,11,16,16,110001.591324,110168.473928,163.423806,0x4051ce,1,20011525,15803589,4207936
2398,2,600,12,16,16,110001.592499,110166.540951,66.763877,0x4051ce,1,7845433,6347384,1498049
2398,2,600,13,16,16,110001.591045,110166.595766,68.574896,0x4051ce,1,7859978,6634173,1225805
2398,2,600,14,16,16,110001.590441,110166.606152,69.064428,0x4051ce,1,7846333,6668596,1177737
2398,2,600,15,16,16,110001.591483,110166.583370,66.353680,0x4051ce,1,7624564,6113631,1510933
2399,3,600,0,16,16,110168.586875,110168.705292,0.118417,0x405218,1,5779,3747,2032
2399,3,600,1,16,16,110168.586976,110168.712418,0.125442,0x405218,1,6152,3412,2740
2399,3,600,2,16,16,110168.587801,110168.700741,0.112940,0x405218,1,6451,3601,2850
2399,3,600,3,16,16,110168.587460,110168.705613,0.118153,0x405218,1,5982,3064,2918
2399,3,600,4,16,16,110168.588766,110168.883020,0.294254,0x405218,1,12314,7112,5202
2399,3,600,5,16,16,110168.587508,110168.844665,0.257157,0x405218,1,12646,7626,5020
2399,3,600,6,16,16,110168.587599,110168.859619,0.272020,0x405218,1,12120,8995,3125
2399,3,600,7,16,16,110168.587379,110168.866447,0.279068,0x405218,1,12283,8957,3326
2399,3,600,8,16,16,110168.587852,110168.866034,0.278182,0x405218,1,12119,8814,3305
2399,3,600,9,16,16,110168.587976,110168.859411,0.271435,0x405218,1,11879,8740,3139
2399,3,600,10,16,16,110168.587217,110168.862773,0.275556,0x405218,1,12165,8555,3610
2399,3,600,11,16,16,110168.587965,110168.864862,0.276897,0x405218,1,11940,8434,3506
2399,3,600,12,16,16,110168.586615,110168.737385,0.150770,0x405218,1,5576,4026,1550
2399,3,600,13,16,16,110168.586499,110168.730652,0.144153,0x405218,1,5598,3848,1750
2399,3,600,14,16,16,110168.586709,110168.741265,0.154556,0x405218,1,5606,4152,1454
2399,3,600,15,16,16,110168.586999,110168.735953,0.148954,0x405218,1,5393,4081,1312
2400,4,600,0,16,16,110169.069303,110169.097935,0.028632,0x4052e4,1,1732,1176,556
2400,4,600,1,16,16,110169.068068,110169.090898,0.022830,0x4052e4,1,181,142,39
2400,4,600,2,16,16,110169.068787,110169.092087,0.023300,0x4052e4,1,267,216,51
2400,4,600,3,16,16,110169.067872,110169.090816,0.022944,0x4052e4,1,201,163,38
2400,4,600,4,16,16,110169.068646,110169.093758,0.025112,0x4052e4,1,300,240,60
2400,4,600,5,16,16,110169.068338,110169.093597,0.025259,0x4052e4,1,329,279,50
2400,4,600,6,16,16,110169.068541,110169.094560,0.026019,0x4052e4,1,322,274,48
2400,4,600,7,16,16,110169.068826,110169.095473,0.026647,0x4052e4,1,389,332,57
2400,4,600,8,16,16,110169.068287,110169.094764,0.026477,0x4052e4,1,411,354,57
2400,4,600,9,16,16,110169.068323,110169.094876,0.026553,0x4052e4,1,377,327,50
2400,4,600,10,16,16,110169.068468,110169.095124,0.026656,0x4052e4,1,332,276,56
2400,4,600,11,16,16,110169.068687,110169.094385,0.025698,0x4052e4,1,344,283,61
2400,4,600,12,16,16,110169.067705,110169.089932,0.022227,0x4052e4,1,109,84,25
2400,4,600,13,16,16,110169.068075,110169.090945,0.022870,0x4052e4,1,170,128,42
2400,4,600,14,16,16,110169.067852,110169.090733,0.022881,0x4052e4,1,160,124,36
2400,4,600,15,16,16,110169.068101,110169.091286,0.023185,0x4052e4,1,153,115,38
2401,5,600,0,16,16,110169.127456,110169.150296,0.022840,0x40533c,1,27,2,25
2401,5,600,1,16,16,110169.127567,110169.150151,0.022584,0x40533c,1,69,28,41
2401,5,600,2,16,16,110169.127718,110169.149575,0.021857,0x40533c,1,73,51,22
2401,5,600,3,16,16,110169.127973,110169.150597,0.022624,0x40533c,1,77,54,23
2401,5,600,4,16,16,110169.128361,110169.172874,0.044513,0x40533c,1,626,374,252
2401,5,600,5,16,16,110169.128040,110169.155377,0.027337,0x40533c,1,727,330,397
2401,5,600,6,16,16,110169.128304,110169.155495,0.027191,0x40533c,1,786,447,339
2401,5,600,7,16,16,110169.127530,110169.155319,0.027789,0x40533c,1,642,415,227
2401,5,600,8,16,16,110169.127783,110169.155565,0.027782,0x40533c,1,668,391,277
2401,5,600,9,16,16,110169.128508,110169.156345,0.027837,0x40533c,1,671,314,357
2401,5,600,10,16,16,110169.127855,110169.156446,0.028591,0x40533c,1,716,326,390
2401,5,600,11,16,16,110169.127222,110169.154474,0.027252,0x40533c,1,822,398,424
2401,5,600,12,16,16,110169.127045,110169.148713,0.021668,0x40533c,1,85,47,38
2401,5,600,13,16,16,110169.127171,110169.149051,0.021880,0x40533c,1,108,74,34
2401,5,600,14,16,16,110169.127160,110169.148824,0.021664,0x40533c,1,70,27,43
2401,5,600,15,16,16,110169.127173,110169.149124,0.021951,0x40533c,1,77,46,31
2798,2,700,0,16,16,126386.249206,126541.680887,54.174570,0x4051ce,1,6265611,3562240,2703371
2798,2,700,1,16,16,126386.248668,126541.657890,54.280665,0x4051ce,1,8045850,3655826,4390024
2798,2,700,2,16,16,126386.248032,126541.678459,55.297360,0x4051ce,1,7617421,3818146,3799275
2798,2,700,3,16,16,126386.248263,126541.716492,58.543233,0x4051ce,1,7989267,4477274,3511993
2798,2,700,4,16,16,126386.248094,126543.472386,148.842932,0x4051ce,1,19404514,13030556,6373958
2798,2,700,5,16,16,126386.248604,126543.479473,149.840116,0x4051ce,1,19562556,14051646,5510910
2798,2,700,6,16,16,126386.248341,126543.442165,148.561967,0x4051ce,1,17886710,14598065,3288645
2798,2,700,7,16,16,126386.248491,126543.523607,156.923472,0x4051ce,1,18880482,15221122,3659360
2798,2,700,8,16,16,126386.248729,126543.514108,154.646595,0x4051ce,1,18859200,15012813,3846387
2798,2,700,9,16,16,126386.248418,126543.439520,148.531427,0x4051ce,1,17856578,14333517,3523061
2798,2,700,10,16,16,126386.248316,126543.516639,154.532273,0x4051ce,1,18833494,15175921,3657573
2798,2,700,11,16,16,126386.248699,126543.488529,153.639369,0x4051ce,1,18841232,14870325,3970907
2798,2,700,12,16,16,126386.248401,126541.743476,65.791790,0x4051ce,1,7845210,6321050,1524160
2798,2,700,13,16,16,126386.250264,126541.802705,67.854490,0x4051ce,1,7862796,6619246,1243550
2798,2,700,14,16,16,126386.247813,126541.813760,68.343531,0x4051ce,1,7842536,6645691,1196845
2798,2,700,15,16,16,126386.248575,126541.767003,65.578710,0x4051ce,1,7628384,6089536,1538848
2799,3,700,0,16,16,126543.607085,126543.713069,0.105984,0x405218,1,5749,3542,2207
2799,3,700,1,16,16,126543.607016,126543.722473,0.115457,0x405218,1,6132,3301,2831
2799,3,700,2,16,16,126543.607307,126543.717254,0.109947,0x405218,1,6365,3401,2964
2799,3,700,3,16,16,126543.606982,126543.727539,0.120557,0x405218,1,6086,3090,2996
2799,3,700,4,16,16,126543.608775,126543.886991,0.278216,0x405218,1,12111,6960,5151
2799,3,700,5,16,16,126543.607885,126543.849855,0.241970,0x405218,1,12351,7489,4862
2799,3,700,6,16,16,126543.607697,126543.876347,0.268650,0x405218,1,11882,8792,3090
2799,3,700,7,16,16,126543.607541,126543.879692,0.272151,0x405218,1,12061,8622,3439
2799,3,700,8,16,16,126543.607434,126543.873000,0.265566,0x405218,1,11888,8504,3384
2799,3,700,9,16,16,126543.607636,126543.863010,0.255374,0x405218,1,11686,8337,3349
2799,3,700,10,16,16,126543.607623,126543.875274,0.267651,0x405218,1,11884,8306,3578
2799,3,700,11,16,16,126543.607584,126543.873408,0.265824,0x405218,1,11753,8273,3480
2799,3,700,12,16,16,126543.606989,126543.756662,0.149673,0x405218,1,5597,4042,1555
2799,3,700,13,16,16,126543.606963,126543.746374,0.139411,0x405218,1,5616,3822,1794
2799,3,700,14,16,16,126543.606759,126543.753902,0.147143,0x405218,1,5586,4155,1431
2799,3,700,15,16,16,126543.607368,126543.753990,0.146622,0x405218,1,5460,4081,1379
2800,4,700,0,16,16,126544.062704,126544.091247,0.028543,0x4052e4,1,1772,1244,528
2800,4,700,1,16,16,126544.061654,126544.082668,0.021014,0x4052e4,1,178,141,37
2800,4,700,2,16,16,126544.061708,126544.084534,0.022826,0x4052e4,1,300,244,56
2800,4,700,3,16,16,126544.061070,126544.082361,0.021291,0x4052e4,1,197,161,36
2800,4,700,4,16,16,126544.061296,126544.085144,0.023848,0x4052e4,1,303,235,68
2800,4,700,5,16,16,126544.061695,126544.085790,0.024095,0x4052e4,1,313,259,54
2800,4,700,6,16,16,126544.061503,126544.084930,0.023427,0x4052e4,1,302,243,59
2800,4,700,7,16,16,126544.061646,126544.085559,0.023913,0x4052e4,1,318,265,53
2800,4,700,8,16,16,126544.061185,126544.085332,0.024147,0x4052e4,1,434,370,64
2800,4,700,9,16,16,126544.061574,126544.086200,0.024626,0x4052e4,1,401,344,57
2800,4,700,10,16,16,126544.061318,126544.084544,0.023226,0x4052e4,1,333,281,52
2800,4,700,11,16,16,126544.061564,126544.086139,0.024575,0x4052e4,1,359,305,54
2800,4,700,12,16,16,126544.060875,126544.081960,0.021085,0x4052e4,1,130,97,33
2800,4,700,13,16,16,126544.060793,126544.102165,0.041372,0x4052e4,1,725,684,41
2800,4,700,14,16,16,126544.060855,126544.082191,0.021336,0x4052e4,1,168,125,43
2800,4,700,15,16,16,126544.060815,126544.082441,0.021626,0x4052e4,1,143,116,27
2801,5,700,0,16,16,126544.133395,126544.155680,0.022285,0x40533c,1,21,0,21
2801,5,700,1,16,16,126544.133251,126544.155210,0.021959,0x40533c,1,66,39,27
2801,5,700,2,16,16,126544.133457,126544.155510,0.022053,0x40533c,1,80,58,22
2801,5,700,3,16,16,126544.133000,126544.154980,0.021980,0x40533c,1,118,73,45
2801,5,700,4,16,16,126544.134461,126544.178359,0.043898,0x40533c,1,623,369,254
2801,5,700,5,16,16,126544.133781,126544.161917,0.028136,0x40533c,1,684,348,336
2801,5,700,6,16,16,126544.133479,126544.161343,0.027864,0x40533c,1,721,429,292
2801,5,700,7,16,16,126544.133566,126544.162215,0.028649,0x40533c,1,777,495,282
2801,5,700,8,16,16,126544.133194,126544.160382,0.027188,0x40533c,1,747,433,314
2801,5,700,9,16,16,126544.133251,126544.161274,0.028023,0x40533c,1,665,329,336
2801,5,700,10,16,16,126544.133317,126544.160739,0.027422,0x40533c,1,839,382,457
2801,5,700,11,16,16,126544.132949,126544.160476,0.027527,0x40533c,1,864,459,405
2801,5,700,12,16,16,126544.132896,126544.154605,0.021709,0x40533c,1,78,57,21
2801,5,700,13,16,16,126544.133290,126544.155474,0.022184,0x40533c,1,35,7,28
2801,5,700,14,16,16,126544.132872,126544.154733,0.021861,0x40533c,1,85,53,32
2801,5,700,15,16,16,126544.132988,126544.154901,0.021913,0x40533c,1,58,33,25
3198,2,800,0,16,16,142369.368853,142521.584203,53.258994,0x4051ce,1,6251088,3489780,2761308
3198,2,800,1,16,16,142369.366007,142521.581110,54.185932,0x4051ce,1,8061217,3588156,4473061
3198,2,800,2,16,16,142369.366186,142521.598481,54.984486,0x4051ce,1,7626327,3764799,3861528
3198,2,800,3,16,16,142369.366064,142521.653223,58.209732,0x4051ce,1,7999839,4423358,3576481
3198,2,800,4,16,16,142369.366164,142523.333191,146.418580,0x4051ce,1,18767378,12587114,6180264
3198,2,800,5,16,16,142369.366514,142523.319392,147.823866,0x4051ce,1,18886830,13583912,5302918
3198,2,800,6,16,16,142369.365990,142523.288884,145.454184,0x4051ce,1,17356854,14044865,3311989
3198,2,800,7,16,16,142369.366323,142523.363963,153.137941,0x4051ce,1,18314575,14694421,3620154
3198,2,800,8,16,16,142369.366337,142523.361625,152.037795,0x4051ce,1,18308765,14522787,3785978
3198,2,800,9,16,16,142369.367125,142523.270187,145.982669,0x4051ce,1,17338648,13719105,3619543
3198,2,800,10,16,16,142369.365957,142523.359833,151.784033,0x4051ce,1,18281401,14645776,3635625
3198,2,800,11,16,16,142369.366825,142523.348533,151.385185,0x4051ce,1,18320215,14361053,3959162
3198,2,800,12,16,16,142369.366291,142521.667039,65.341181,0x4051ce,1,7852061,6303580,1548481
3198,2,800,13,16,16,142369.365682,142521.721666,67.286478,0x4051ce,1,7863380,6601821,1261559
3198,2,800,14,16,16,142369.365446,142521.736737,67.885160,0x4051ce,1,7846767,6647680,1199087
3198,2,800,15,16,16,142369.366669,142521.697338,64.984140,0x4051ce,1,7624976,6070760,1554216
3199,3,800,0,16,16,142523.464322,142523.576643,0.112321,0x405218,1,5599,3436,2163
3199,3,800,1,16,16,142523.464386,142523.580372,0.115986,0x405218,1,6069,3214,2855
3199,3,800,2,16,16,142523.464210,142523.576731,0.112521,0x405218,1,6313,3390,2923
3199,3,800,3,16,16,142523.464009,142523.585988,0.121979,0x405218,1,5962,3053,2909
3199,3,800,4,16,16,142523.466021,142523.744044,0.278023,0x405218,1,11976,6851,5125
3199,3,800,5,16,16,142523.464284,142523.714532,0.250248,0x405218,1,12122,7423,4699
3199,3,800,6,16,16,142523.464739,142523.725985,0.261246,0x405218,1,11655,8581,3074
3199,3,800,7,16,16,142523.464610,142523.732697,0.268087,0x405218,1,11850,8508,3342
3199,3,800,8,16,16,142523.464181,142523.730945,0.266764,0x405218,1,11730,8490,3240
3199,3,800,9,16,16,142523.465264,142523.724889,0.259625,0x405218,1,11470,8224,3246
3199,3,800,10,16,16,142523.465147,142523.731791,0.266644,0x405218,1,11707,8323,3384
3199,3,800,11,16,16,142523.464333,142523.735665,0.271332,0x405218,1,11586,8258,3328
3199,3,800,12,16,16,142523.463989,142523.613362,0.149373,0x405218,1,5562,3997,1565
3199,3,800,13,16,16,142523.463971,142523.605848,0.141877,0x405218,1,5518,3761,1757
3199,3,800,14,16,16,142523.463936,142523.617962,0.154026,0x405218,1,5543,4041,1502
3199,3,800,15,16,16,142523.464687,142523.611989,0.147302,0x405218,1,5383,4019,1364
3200,4,800,0,16,16,142523.921672,142523.950589,0.028917,0x4052e4,1,1808,1235,573
3200,4,800,1,16,16,142523.920783,142523.944323,0.023540,0x4052e4,1,186,148,38
3200,4,800,2,16,16,142523.920807,142523.944177,0.023370,0x4052e4,1,286,244,42
3200,4,800,3,16,16,142523.920304,142523.943458,0.023154,0x4052e4,1,206,162,44
3200,4,800,4,16,16,142523.919817,142523.944611,0.024794,0x4052e4,1,304,231,73
3200,4,800,5,16,16,142523.920101,142523.945434,0.025333,0x4052e4,1,338,276,62
3200,4,800,6,16,16,142523.920808,142523.946197,0.025389,0x4052e4,1,303,253,50
3200,4,800,7,16,16,142523.920432,142523.945845,0.025413,0x4052e4,1,381,322,59
3200,4,800,8,16,16,142523.920346,142523.946594,0.026248,0x4052e4,1,389,321,68
3200,4,800,9,16,16,142523.920506,142523.946358,0.025852,0x4052e4,1,315,264,51
3200,4,800,10,16,16,142523.920148,142523.946712,0.026564,0x4052e4,1,391,318,73
3200,4,800,11,16,16,142523.919941,142523.945259,0.025318,0x4052e4,1,394,339,55
3200,4,800,12,16,16,142523.919442,142523.941888,0.022446,0x4052e4,1,121,97,24
3200,4,800,13,16,16,142523.919852,142523.942795,0.022943,0x4052e4,1,241,185,56
3200,4,800,14,16,16,142523.920258,142523.943039,0.022781,0x4052e4,1,155,113,42
3200,4,800,15,16,16,142523.919670,142523.942726,0.023056,0x4052e4,1,163,111,52
3201,5,800,0,16,16,142523.980279,142524.001971,0.021692,0x40533c,1,30,3,27
3201,5,800,1,16,16,142523.980430,142524.002285,0.021855,0x40533c,1,90,59,31
3201,5,800,2,16,16,142523.980939,142524.002902,0.021963,0x40533c,1,84,54,30
3201,5,800,3,16,16,142523.980258,142524.002395,0.022137,0x40533c,1,67,38,29
3201,5,800,4,16,16,142523.981793,142524.025815,0.044022,0x40533c,1,624,345,279
3201,5,800,5,16,16,142523.980745,142524.007920,0.027175,0x40533c,1,706,363,343
3201,5,800,6,16,16,142523.981088,142524.007886,0.026798,0x40533c,1,758,451,307
3201,5,800,7,16,16,142523.980426,142524.007670,0.027244,0x40533c,1,677,419,258
3201,5,800,8,16,16,142523.980525,142524.007578,0.027053,0x40533c,1,722,405,317
3201,5,800,9,16,16,142523.981160,142524.008987,0.027827,0x40533c,1,720,377,343
3201,5,800,10,16,16,142523.980768,142524.008055,0.027287,0x40533c,1,887,424,463
3201,5,800,11,16,16,142523.980413,142524.006932,0.026519,0x40533c,1,856,408,448
3201,5,800,12,16,16,142523.979908,142524.002067,0.022159,0x40533c,1,105,77,28
3201,5,800,13,16,16,142523.980086,142524.002154,0.022068,0x40533c,1,98,62,36
3201,5,800,14,16,16,142523.980055,142524.001788,0.021733,0x40533c,1,92,62,30
3201,5,800,15,16,16,142523.980233,142524.002233,0.022000,0x40533c,1,58,30,28
3598,2,900,0,16,16,157687.921405,157836.081500,53.336721,0x4051ce,1,6267146,3433466,2833680
3598,2,900,1,16,16,157687.918957,157836.067741,53.823996,0x4051ce,1,8068796,3534416,4534380
3598,2,900,2,16,16,157687.918625,157836.091335,54.826896,0x4051ce,1,7646533,3725923,3920610
3598,2,900,3,16,16,157687.918396,157836.129031,57.840198,0x4051ce,1,8005581,4388120,3617461
3598,2,900,4,16,16,157687.919301,157837.702554,141.593536,0x4051ce,1,18164517,12127221,6037296
3598,2,900,5,16,16,157687.918914,157837.716745,143.175326,0x4051ce,1,18252010,13126556,5125454
3598,2,900,6,16,16,157687.918827,157837.662177,141.333978,0x4051ce,1,16851110,13530979,3320131
3598,2,900,7,16,16,157687.919099,157837.748755,148.872486,0x4051ce,1,17775359,14209394,3565965
3598,2,900,8,16,16,157687.918894,157837.729617,147.161407,0x4051ce,1,17759625,14016951,3742674
3598,2,900,9,16,16,157687.918816,157837.652380,141.931118,0x4051ce,1,16847936,13199873,3648063
3598,2,900,10,16,16,157687.918864,157837.736626,147.939453,0x4051ce,1,17744121,14180353,3563768
3598,2,900,11,16,16,157687.919707,157837.718910,146.553367,0x4051ce,1,17757863,13848375,3909488
3598,2,900,12,16,16,157687.922442,157836.149667,65.174501,0x4051ce,1,7851744,6309882,1541862
3598,2,900,13,16,16,157687.918136,157836.212765,66.896089,0x4051ce,1,7860003,6592260,1267743
3598,2,900,14,16,16,157687.918378,157836.222015,67.598273,0x4051ce,1,7851091,6625286,1225805
3598,2,900,15,16,16,157687.919179,157836.181059,64.634885,0x4051ce,1,7627992,6067874,1560118
3599,3,900,0,16,16,157837.830992,157837.935333,0.104341,0x405218,1,5755,3378,2377
3599,3,900,1,16,16,157837.830913,157837.946018,0.115105,0x405218,1,6146,3093,3053
3599,3,900,2,16,16,157837.831317,157837.940832,0.109515,0x405218,1,6390,3272,3118
3599,3,900,3,16,16,157837.830995,157837.942585,0.111590,0x405218,1,6043,2945,3098
3599,3,900,4,16,16,157837.832626,157838.102420,0.269794,0x405218,1,11722,6698,5024
3599,3,900,5,16,16,157837.831652,157838.073254,0.241602,0x405218,1,11953,7337,4616
3599,3,900,6,16,16,157837.831250,157838.081153,0.249903,0x405218,1,11518,8441,3077
3599,3,900,7,16,16,157837.831976,157838.093382,0.261406,0x405218,1,11735,8388,3347
3599,3,900,8,16,16,157837.831148,157838.089514,0.258366,0x405218,1,11533,8259,3274
3599,3,900,9,16,16,157837.832031,157838.081048,0.249017,0x405218,1,11444,8131,3313
3599,3,900,10,16,16,157837.831578,157838.090656,0.259078,0x405218,1,11621,8189,3432
3599,3,900,11,16,16,157837.831543,157838.086376,0.254833,0x405218,1,11462,8003,3459
3599,3,900,12,16,16,157837.830542,157837.979086,0.148544,0x405218,1,5671,4064,1607
3599,3,900,13,16,16,157837.830817,157837.973838,0.143021,0x405218,1,5623,3878,1745
3599,3,900,14,16,16,157837.830416,157837.981755,0.151339,0x405218,1,5595,4093,1502
3599,3,900,15,16,16,157837.831136,157837.973563,0.142427,0x405218,1,5374,4004,1370
3600,4,900,0,16,16,157838.286125,157838.317961,0.031836,0x4052e4,1,1788,1220,568
3600,4,900,1,16,16,157838.283234,157838.304637,0.021403,0x4052e4,1,190,149,41
3600,4,900,2,16,16,157838.283193,157838.304857,0.021664,0x4052e4,1,308,249,59
3600,4,900,3,16,16,157838.283039,157838.304512,0.021473,0x4052e4,1,201,157,44
3600,4,900,4,16,16,157838.283787,157838.307240,0.023453,0x4052e4,1,310,251,59
3600,4,900,5,16,16,157838.283848,157838.308392,0.024544,0x4052e4,1,372,295,77
3600,4,900,6,16,16,157838.283610,157838.307324,0.023714,0x4052e4,1,349,292,57
3600,4,900,7,16,16,157838.283588,157838.308185,0.024597,0x4052e4,1,369,304,65
3600,4,900,8,16,16,157838.283539,157838.308774,0.025235,0x4052e4,1,452,386,66
3600,4,900,9,16,16,157838.283964,157838.307960,0.023996,0x4052e4,1,339,280,59
3600,4,900,10,16,16,157838.283249,157838.307091,0.023842,0x4052e4,1,371,302,69
3600,4,900,11,16,16,157838.283592,157838.307765,0.024173,0x4052e4,1,388,339,49
3600,4,900,12,16,16,157838.282671,157838.303618,0.020947,0x4052e4,1,124,92,32
3600,4,900,13,16,16,157838.283395,157838.305415,0.022020,0x4052e4,1,213,174,39
3600,4,900,14,16,16,157838.283581,157838.304907,0.021326,0x4052e4,1,168,118,50
3600,4,900,15,16,16,157838.282965,157838.304454,0.021489,0x4052e4,1,152,122,30
3601,5,900,0,16,16,157838.360732,157838.380923,0.020191,0x40533c,1,51,11,40
3601,5,900,1,16,16,157838.361280,157838.381944,0.020664,0x40533c,1,75,41,34
3601,5,900,2,16,16,157838.361388,157838.382092,0.020704,0x40533c,1,84,51,33
3601,5,900,3,16,16,157838.360575,157838.380482,0.019907,0x40533c,1,89,66,23
3601,5,900,4,16,16,157838.361513,157838.403935,0.042422,0x40533c,1,599,355,244
3601,5,900,5,16,16,157838.361040,157838.386127,0.025087,0x40533c,1,700,353,347
3601,5,900,6,16,16,157838.361194,157838.386033,0.024839,0x40533c,1,695,401,294
3601,5,900,7,16,16,157838.360601,157838.385672,0.025071,0x40533c,1,754,462,292
3601,5,900,8,16,16,157838.361038,157838.386191,0.025153,0x40533c,1,676,410,266
3601,5,900,9,16,16,157838.360952,157838.386465,0.025513,0x40533c,1,674,354,320
3601,5,900,10,16,16,157838.361179,157838.387018,0.025839,0x40533c,1,805,382,423
3601,5,900,11,16,16,157838.360960,157838.385837,0.024877,0x40533c,1,857,430,427
3601,5,900,12,16,16,157838.360590,157838.380738,0.020148,0x40533c,1,98,62,36
3601,5,900,13,16,16,157838.360936,157838.381405,0.020469,0x40533c,1,78,38,40
3601,5,900,14,16,16,157838.361178,157838.381336,0.020158,0x40533c,1,97,61,36
3601,5,900,15,16,16,157838.360941,157838.381046,0.020105,0x40533c,1,75,42,33
3998,2,1000,0,16,16,172679.168422,172821.987577,52.217338,0x4051ce,1,6253191,3358749,2894442
3998,2,1000,1,16,16,172679.166387,172821.978133,53.102777,0x4051ce,1,8068989,3453768,4615221
3998,2,1000,2,16,16,172679.166235,172822.008155,54.056876,0x4051ce,1,7647656,3669707,3977949
3998,2,1000,3,16,16,172679.165859,172822.046988,57.023694,0x4051ce,1,8015625,4313676,3701949
3998,2,1000,4,16,16,172679.166261,172823.505893,136.622883,0x4051ce,1,17408209,11456285,5951924
3998,2,1000,5,16,16,172679.166646,172823.516843,138.596715,0x4051ce,1,17481810,12511943,4969867
3998,2,1000,6,16,16,172679.166059,172823.453877,136.988636,0x4051ce,1,16190432,12824604,3365828
3998,2,1000,7,16,16,172679.166259,172823.562240,143.938974,0x4051ce,1,17082212,13520136,3562076
3998,2,1000,8,16,16,172679.166057,172823.531323,141.631933,0x4051ce,1,17054892,13306304,3748588
3998,2,1000,9,16,16,172679.166152,172823.441387,136.378067,0x4051ce,1,16182261,12503275,3678986
3998,2,1000,10,16,16,172679.166205,172823.527580,142.111787,0x4051ce,1,17043493,13517588,3525905
3998,2,1000,11,16,16,172679.166886,172823.530332,140.927829,0x4051ce,1,17049773,13172898,3876875
3998,2,1000,12,16,16,172679.166705,172822.090225,64.285123,0x4051ce,1,7856579,6310421,1546158
3998,2,1000,13,16,16,172679.165701,172822.132307,66.162593,0x4051ce,1,7865032,6584496,1280536
3998,2,1000,14,16,16,172679.165570,172822.150137,66.735895,0x4051ce,1,7854972,6621071,1233901
3998,2,1000,15,16,16,172679.166617,172822.114959,63.980037,0x4051ce,1,7627737,6049470,1578267
3999,3,1000,0,16,16,172823.644941,172823.753560,0.108619,0x405218,1,5630,3285,2345
3999,3,1000,1,16,16,172823.645186,172823.755503,0.110317,0x405218,1,6084,3028,3056
3999,3,1000,2,16,16,172823.645576,172823.751075,0.105499,0x405218,1,6369,3216,3153
3999,3,1000,3,16,16,172823.645522,172823.756680,0.111158,0x405218,1,5948,2852,3096
3999,3,1000,4,16,16,172823.646551,172823.913059,0.266508,0x405218,1,11528,6485,5043
3999,3,1000,5,16,16,172823.644951,172823.883459,0.238508,0x405218,1,11753,7296,4457
3999,3,1000,6,16,16,172823.645282,172823.891241,0.245959,0x405218,1,11389,8369,3020
3999,3,1000,7,16,16,172823.645575,172823.904637,0.259062,0x405218,1,11537,8271,3266
3999,3,1000,8,16,16,172823.645728,172823.896399,0.250671,0x405218,1,11440,8247,3193
3999,3,1000,9,16,16,172823.645720,172823.891621,0.245901,0x405218,1,11207,7824,3383
3999,3,1000,10,16,16,172823.645012,172823.896520,0.251508,0x405218,1,11442,7914,3528
3999,3,1000,11,16,16,172823.644962,172823.889135,0.244173,0x405218,1,11269,7931,3338
3999,3,1000,12,16,16,172823.644918,172823.790190,0.145272,0x405218,1,5598,3974,1624
3999,3,1000,13,16,16,172823.645303,172823.791324,0.146021,0x405218,1,5607,4055,1552
3999,3,1000,14,16,16,172823.644676,172823.798933,0.154257,0x405218,1,5585,4067,1518
3999,3,1000,15,16,16,172823.645259,172823.790909,0.145650,0x405218,1,5425,4051,1374
4000,4,1000,0,16,16,172824.099083,172824.129377,0.030294,0x4052e4,1,1806,1214,592
4000,4,1000,1,16,16,172824.098076,172824.120984,0.022908,0x4052e4,1,184,147,37
4000,4,1000,2,16,16,172824.097772,172824.121151,0.023379,0x4052e4,1,299,248,51
4000,4,1000,3,16,16,172824.098046,172824.121362,0.023316,0x4052e4,1,178,148,30
4000,4,1000,4,16,16,172824.098270,172824.123267,0.024997,0x4052e4,1,297,232,65
4000,4,1000,5,16,16,172824.098296,172824.123649,0.025353,0x4052e4,1,317,259,58
4000,4,1000,6,16,16,172824.098097,172824.123556,0.025459,0x4052e4,1,346,284,62
4000,4,1000,7,16,16,172824.098107,172824.123832,0.025725,0x4052e4,1,352,287,65
4000,4,1000,8,16,16,172824.097563,172824.124722,0.027159,0x4052e4,1,468,392,76
4000,4,1000,9,16,16,172824.097801,172824.123766,0.025965,0x4052e4,1,272,238,34
4000,4,1000,10,16,16,172824.097545,172824.122334,0.024789,0x4052e4,1,330,291,39
4000,4,1000,11,16,16,172824.097491,172824.122901,0.025410,0x4052e4,1,393,342,51
4000,4,1000,12,16,16,172824.097054,172824.119512,0.022458,0x4052e4,1,119,99,20
4000,4,1000,13,16,16,172824.097276,172824.120428,0.023152,0x4052e4,1,229,190,39
4000,4,1000,14,16,16,172824.097152,172824.119614,0.022462,0x4052e4,1,149,111,38
4000,4,1000,15,16,16,172824.097227,172824.120096,0.022869,0x4052e4,1,145,116,29
4001,5,1000,0,16,16,172824.160625,172824.183060,0.022435,0x40533c,1,31,1,30
4001,5,1000,1,16,16,172824.160946,172824.182614,0.021668,0x40533c,1,78,48,30
4001,5,1000,2,16,16,172824.161237,172824.184017,0.022780,0x40533c,1,83,59,24
4001,5,1000,3,16,16,172824.161108,172824.183358,0.022250,0x40533c,1,64,44,20
4001,5,1000,4,16,16,172824.161695,172824.205748,0.044053,0x40533c,1,628,376,252
4001,5,1000,5,16,16,172824.160885,172824.187235,0.026350,0x40533c,1,636,316,320
4001,5,1000,6,16,16,172824.160373,172824.187081,0.026708,0x40533c,1,683,386,297
4001,5,1000,7,16,16,172824.160431,172824.187432,0.027001,0x40533c,1,710,426,284
4001,5,1000,8,16,16,172824.160439,172824.187795,0.027356,0x40533c,1,695,386,309
4001,5,1000,9,16,16,172824.160270,172824.186756,0.026486,0x40533c,1,570,317,253
4001,5,1000,10,16,16,172824.160627,172824.186683,0.026056,0x40533c,1,826,371,455
4001,5,1000,11,16,16,172824.160395,172824.186165,0.025770,0x40533c,1,803,381,422
4001,5,1000,12,16,16,172824.160055,172824.181682,0.021627,0x40533c,1,71,46,25
4001,5,1000,13,16,16,172824.160616,172824.182585,0.021969,0x40533c,1,56,20,36
4001,5,1000,14,16,16,172824.160233,172824.182069,0.021836,0x40533c,1,71,48,23
4001,5,1000,15,16,16,172824.160168,172824.181927,0.021759,0x40533c,1,74,48,26
4398,2,1100,0,16,16,186624.937215,186753.438918,50.920486,0x4051ce,1,6263378,3253158,3010220
4398,2,1100,1,16,16,186624.935357,186753.426358,51.322990,0x4051ce,1,8074655,3334188,4740467
4398,2,1100,2,16,16,186624.934690,186753.456045,52.846665,0x4051ce,1,7652645,3588050,4064595
4398,2,1100,3,16,16,186624.934370,186753.489433,55.825831,0x4051ce,1,8018569,4228212,3790357
4398,2,1100,4,16,16,186624.934670,186754.720147,123.814094,0x4051ce,1,16058191,10241388,5816803
4398,2,1100,5,16,16,186624.935117,186754.736862,125.402002,0x4051ce,1,16055202,11324597,4730605
4398,2,1100,6,16,16,186624.934455,186754.666849,123.697001,0x4051ce,1,15054327,11690040,3364287
4398,2,1100,7,16,16,186624.934974,186754.759448,129.280146,0x4051ce,1,15787037,12189187,3597850
4398,2,1100,8,16,16,186624.934627,186754.741222,128.102775,0x4051ce,1,15778909,12018413,3760496
4398,2,1100,9,16,16,186624.934592,186754.663593,123.082833,0x4051ce,1,15059326,11280878,3778448
4398,2,1100,10,16,16,186624.934707,186754.739732,127.824536,0x4051ce,1,15750160,12208627,3541533
4398,2,1100,11,16,16,186624.935313,186754.735900,127.490831,0x4051ce,1,15761971,11941146,3820825
4398,2,1100,12,16,16,186624.936784,186753.517879,63.550047,0x4051ce,1,7842812,6291452,1551360
4398,2,1100,13,16,16,186624.934209,186753.568868,65.387525,0x4051ce,1,7856270,6579472,1276798
4398,2,1100,14,16,16,186624.934103,186753.595187,65.845315,0x4051ce,1,7845995,6605780,1240215
4398,2,1100,15,16,16,186624.934613,186753.565695,63.208207,0x4051ce,1,7622574,6036520,1586054
4399,3,1100,0,16,16,186754.855354,186754.956172,0.100818,0x405218,1,5882,3244,2638
4399,3,1100,1,16,16,186754.855562,186754.965741,0.110179,0x405218,1,6068,2803,3265
4399,3,1100,2,16,16,186754.855904,186754.958632,0.102728,0x405218,1,6389,3099,3290
4399,3,1100,3,16,16,186754.855919,186754.965523,0.109604,0x405218,1,5976,2849,3127
4399,3,1100,4,16,16,186754.857423,186755.109073,0.251650,0x405218,1,11026,6179,4847
4399,3,1100,5,16,16,186754.856544,186755.076005,0.219461,0x405218,1,11217,6761,4456
4399,3,1100,6,16,16,186754.855963,186755.094534,0.238571,0x405218,1,10967,7922,3045
4399,3,1100,7,16,16,186754.856398,186755.099879,0.243481,0x405218,1,11110,7856,3254
4399,3,1100,8,16,16,186754.856070,186755.099236,0.243166,0x405218,1,10942,7799,3143
4399,3,1100,9,16,16,186754.856278,186755.085046,0.228768,0x405218,1,10810,7376,3434
4399,3,1100,10,16,16,186754.856334,186755.097478,0.241144,0x405218,1,10916,7585,3331
4399,3,1100,11,16,16,186754.856128,186755.096169,0.240041,0x405218,1,10909,7683,3226
4399,3,1100,12,16,16,186754.855089,186754.995300,0.140211,0x405218,1,5595,3924,1671
4399,3,1100,13,16,16,186754.855207,186755.000793,0.145586,0x405218,1,5618,4018,1600
4399,3,1100,14,16,16,186754.855113,186755.007803,0.152690,0x405218,1,5596,4142,1454
4399,3,1100,15,16,16,186754.855735,186755.004692,0.148957,0x405218,1,5454,4105,1349
4400,4,1100,0,16,16,186755.292630,186755.322199,0.029569,0x4052e4,1,1735,1099,636
4400,4,1100,1,16,16,186755.290759,186755.311557,0.020798,0x4052e4,1,183,135,48
4400,4,1100,2,16,16,186755.290363,186755.312585,0.022222,0x4052e4,1,301,253,48
4400,4,1100,3,16,16,186755.290847,186755.312440,0.021593,0x4052e4,1,205,159,46
4400,4,1100,4,16,16,186755.290768,186755.314565,0.023797,0x4052e4,1,325,232,93
4400,4,1100,5,16,16,186755.291103,186755.314990,0.023887,0x4052e4,1,320,278,42
4400,4,1100,6,16,16,186755.291415,186755.315072,0.023657,0x4052e4,1,351,289,62
4400,4,1100,7,16,16,186755.290890,186755.314786,0.023896,0x4052e4,1,358,290,68
4400,4,1100,8,16,16,186755.290851,186755.314902,0.024051,0x4052e4,1,396,333,63
4400,4,1100,9,16,16,186755.290946,186755.315193,0.024247,0x4052e4,1,308,259,49
4400,4,1100,10,16,16,186755.291109,186755.314851,0.023742,0x4052e4,1,373,316,57
4400,4,1100,11,16,16,186755.291048,186755.314712,0.023664,0x4052e4,1,348,292,56
4400,4,1100,12,16,16,186755.290074,186755.310737,0.020663,0x4052e4,1,112,94,18
4400,4,1100,13,16,16,186755.290512,186755.312539,0.022027,0x4052e4,1,235,189,46
4400,4,1100,14,16,16,186755.290977,186755.312756,0.021779,0x4052e4,1,152,116,36
4400,4,1100,15,16,16,186755.290362,186755.311647,0.021285,0x4052e4,1,158,120,38
4401,5,1100,0,16,16,186755.355528,186755.376305,0.020777,0x40533c,1,34,5,29
4401,5,1100,1,16,16,186755.356166,186755.377294,0.021128,0x40533c,1,123,69,54
4401,5,1100,2,16,16,186755.355989,186755.376194,0.020205,0x40533c,1,78,53,25
4401,5,1100,3,16,16,186755.355601,186755.375934,0.020333,0x40533c,1,87,63,24
4401,5,1100,4,16,16,186755.356738,186755.399369,0.042631,0x40533c,1,561,312,249
4401,5,1100,5,16,16,186755.355780,186755.380821,0.025041,0x40533c,1,691,365,326
4401,5,1100,6,16,16,186755.355957,186755.380991,0.025034,0x40533c,1,633,346,287
4401,5,1100,7,16,16,186755.355621,186755.380292,0.024671,0x40533c,1,672,403,269
4401,5,1100,8,16,16,186755.355617,186755.381196,0.025579,0x40533c,1,683,402,281
4401,5,1100,9,16,16,186755.355973,186755.380680,0.024707,0x40533c,1,669,353,316
4401,5,1100,10,16,16,186755.355651,186755.380871,0.025220,0x40533c,1,747,305,442
4401,5,1100,11,16,16,186755.355392,186755.379930,0.024538,0x40533c,1,784,386,398
4401,5,1100,12,16,16,186755.355278,186755.375839,0.020561,0x40533c,1,84,65,19
4401,5,1100,13,16,16,186755.355611,186755.375906,0.020295,0x40533c,1,78,43,35
4401,5,1100,14,16,16,186755.355303,186755.375451,0.020148,0x40533c,1,79,55,24
4401,5,1100,15,16,16,186755.355293,186755.375765,0.020472,0x40533c,1,94,62,32
4798,2,1200,0,16,16,199777.206832,199899.714593,50.818576,0x4051ce,1,6261663,3193463,3068200
4798,2,1200,1,16,16,199777.205640,199899.714065,51.254543,0x4051ce,1,8081099,3265398,4815701
4798,2,1200,2,16,16,199777.205813,199899.746295,52.413240,0x4051ce,1,7658146,3548837,4109309
4798,2,1200,3,16,16,199777.205753,199899.785946,55.647660,0x4051ce,1,8023825,4205626,3818199
4798,2,1200,4,16,16,199777.205654,199900.878828,117.722888,0x4051ce,1,15407809,9564810,5842999
4798,2,1200,5,16,16,199777.205965,199900.885293,118.897462,0x4051ce,1,15337952,10751245,4586707
4798,2,1200,6,16,16,199777.205925,199900.825302,117.383334,0x4051ce,1,14372710,11010273,3362437
4798,2,1200,7,16,16,199777.206159,199900.907632,123.286125,0x4051ce,1,15150571,11549377,3601194
4798,2,1200,8,16,16,199777.205870,199900.901037,121.633271,0x4051ce,1,15135542,11363223,3772319
4798,2,1200,9,16,16,199777.206531,199900.813937,117.109052,0x4051ce,1,14379018,10616732,3762286
4798,2,1200,10,16,16,199777.205662,199900.902019,121.928258,0x4051ce,1,15115023,11544013,3571010
4798,2,1200,11,16,16,199777.206629,199900.888477,121.195439,0x4051ce,1,15141325,11279919,3861406
4798,2,1200,12,16,16,199777.205648,199899.820857,63.197030,0x4051ce,1,7850684,6302002,1548682
4798,2,1200,13,16,16,199777.205561,199899.866211,64.900500,0x4051ce,1,7857840,6579105,1278735
4798,2,1200,14,16,16,199777.205435,199899.882213,65.339328,0x4051ce,1,7846140,6615549,1230591
4798,2,1200,15,16,16,199777.206524,199899.841246,63.126247,0x4051ce,1,7630004,6055923,1574081
4799,3,1200,0,16,16,199900.976332,199901.077116,0.100784,0x405218,1,5570,3093,2477
4799,3,1200,1,16,16,199900.976618,199901.087223,0.110605,0x405218,1,6120,2789,3331
4799,3,1200,2,16,16,199900.976983,199901.078263,0.101280,0x405218,1,6413,3064,3349
4799,3,1200,3,16,16,199900.977070,199901.089799,0.112729,0x405218,1,5972,2878,3094
4799,3,1200,4,16,16,199900.978632,199901.219808,0.241176,0x405218,1,10809,5951,4858
4799,3,1200,5,16,16,199900.977140,199901.194116,0.216976,0x405218,1,10998,6780,4218
4799,3,1200,6,16,16,199900.976826,199901.200723,0.223897,0x405218,1,10809,7724,3085
4799,3,1200,7,16,16,199900.976802,199901.215621,0.238819,0x405218,1,10868,7558,3310
4799,3,1200,8,16,16,199900.977503,199901.210002,0.232499,0x405218,1,10723,7645,3078
4799,3,1200,9,16,16,199900.977205,199901.196798,0.219593,0x405218,1,10589,7203,3386
4799,3,1200,10,16,16,199900.977423,199901.204329,0.226906,0x405218,1,10761,7247,3514
4799,3,1200,11,16,16,199900.977052,199901.195862,0.218810,0x405218,1,10642,7278,3364
4799,3,1200,12,16,16,199900.976351,199901.125896,0.149545,0x405218,1,5591,4108,1483
4799,3,1200,13,16,16,199900.976688,199901.120028,0.143340,0x405218,1,5689,4095,1594
4799,3,1200,14,16,16,199900.976108,199901.123752,0.147644,0x405218,1,5603,4167,1436
4799,3,1200,15,16,16,199900.976906,199901.120879,0.143973,0x405218,1,5439,4113,1326
4800,4,1200,0,16,16,199901.402378,199901.429948,0.027570,0x4052e4,1,1821,1159,662
4800,4,1200,1,16,16,199901.400566,199901.421404,0.020838,0x4052e4,1,185,158,27
4800,4,1200,2,16,16,199901.401244,199901.423313,0.022069,0x4052e4,1,315,254,61
4800,4,1200,3,16,16,199901.400618,199901.421821,0.021203,0x4052e4,1,188,149,39
4800,4,1200,4,16,16,199901.401082,199901.424188,0.023106,0x4052e4,1,334,266,68
4800,4,1200,5,16,16,199901.401034,199901.425460,0.024426,0x4052e4,1,381,297,84
4800,4,1200,6,16,16,199901.400983,199901.425543,0.024560,0x4052e4,1,327,269,58
4800,4,1200,7,16,16,199901.401150,199901.424927,0.023777,0x4052e4,1,328,258,70
4800,4,1200,8,16,16,199901.400816,199901.425417,0.024601,0x4052e4,1,514,424,90
4800,4,1200,9,16,16,199901.400748,199901.424489,0.023741,0x4052e4,1,385,324,61
4800,4,1200,10,16,16,199901.400739,199901.424132,0.023393,0x4052e4,1,377,320,57
4800,4,1200,11,16,16,199901.400607,199901.423561,0.022954,0x4052e4,1,346,300,46
4800,4,1200,12,16,16,199901.400211,199901.421263,0.021052,0x4052e4,1,133,99,34
4800,4,1200,13,16,16,199901.400516,199901.421663,0.021147,0x4052e4,1,172,126,46
4800,4,1200,14,16,16,199901.400271,199901.421431,0.021160,0x4052e4,1,150,111,39
4800,4,1200,15,16,16,199901.400418,199901.421879,0.021461,0x4052e4,1,158,116,42
4801,5,1200,0,16,16,199901.474780,199901.494796,0.020016,0x40533c,1,15,0,15
4801,5,1200,1,16,16,199901.475269,199901.495428,0.020159,0x40533c,1,67,21,46
4801,5,1200,2,16,16,199901.474840,199901.494995,0.020155,0x40533c,1,92,56,36
4801,5,1200,3,16,16,199901.474864,199901.495139,0.020275,0x40533c,1,65,43,22
4801,5,1200,4,16,16,199901.476560,199901.518615,0.042055,0x40533c,1,557,290,267
4801,5,1200,5,16,16,199901.475219,199901.499838,0.024619,0x40533c,1,678,371,307
4801,5,1200,6,16,16,199901.475981,199901.500591,0.024610,0x40533c,1,730,421,309
4801,5,1200,7,16,16,199901.474960,199901.499461,0.024501,0x40533c,1,641,397,244
4801,5,1200,8,16,16,199901.475090,199901.499616,0.024526,0x40533c,1,645,348,297
4801,5,1200,9,16,16,199901.476102,199901.501252,0.025150,0x40533c,1,683,381,302
4801,5,1200,10,16,16,199901.475622,199901.499888,0.024266,0x40533c,1,724,325,399
4801,5,1200,11,16,16,199901.475787,199901.500655,0.024868,0x40533c,1,800,367,433
4801,5,1200,12,16,16,199901.475287,199901.495236,0.019949,0x40533c,1,105,64,41
4801,5,1200,13,16,16,199901.475264,199901.495372,0.020108,0x40533c,1,58,26,32
4801,5,1200,14,16,16,199901.475112,199901.495858,0.020746,0x40533c,1,41,14,27
4801,5,1200,15,16,16,199901.474898,199901.494866,0.019968,0x40533c,1,88,42,46
5198,2,1300,0,16,16,211933.763251,212047.891288,50.304336,0x4051ce,1,6258506,3130133,3128373
5198,2,1300,1,16,16,211933.761568,212047.869936,50.534738,0x4051ce,1,8083272,3186462,4896810
5198,2,1300,2,16,16,211933.761734,212047.915131,51.911887,0x4051ce,1,7655797,3500622,4155175
5198,2,1300,3,16,16,211933.761658,212047.953235,55.301196,0x4051ce,1,8030171,4178169,3852002
5198,2,1300,4,16,16,211933.761564,212048.873758,109.646945,0x4051ce,1,14484118,8728700,5755418
5198,2,1300,5,16,16,211933.762559,212048.879215,110.616419,0x4051ce,1,14428945,9892034,4536911
5198,2,1300,6,16,16,211933.761494,212048.810252,108.687340,0x4051ce,1,13443221,10084844,3358377
5198,2,1300,7,16,16,211933.761726,212048.905819,114.808871,0x4051ce,1,14251568,10659208,3592360
5198,2,1300,8,16,16,211933.761422,212048.889604,113.529122,0x4051ce,1,14248988,10435755,3813233
5198,2,1300,9,16,16,211933.761661,212048.790817,107.415529,0x4051ce,1,13454626,9671149,3783477
5198,2,1300,10,16,16,211933.761438,212048.886953,113.696408,0x4051ce,1,14220610,10669994,3550616
5198,2,1300,11,16,16,211933.762422,212048.885159,112.909602,0x4051ce,1,14255524,10405185,3850339
5198,2,1300,12,16,16,211933.763954,212047.990316,62.543201,0x4051ce,1,7849897,6302423,1547474
5198,2,1300,13,16,16,211933.761119,212048.038578,64.291679,0x4051ce,1,7853429,6559153,1294276
5198,2,1300,14,16,16,211933.761111,212048.061412,64.767955,0x4051ce,1,7846436,6599098,1247338
5198,2,1300,15,16,16,211933.761720,212048.017357,62.254206,0x4051ce,1,7636022,6028123,1607899
5199,3,1300,0,16,16,212048.981690,212049.083732,0.102042,0x405218,1,5787,3019,2768
5199,3,1300,1,16,16,212048.982012,212049.080337,0.098325,0x405218,1,6073,2472,3601
5199,3,1300,2,16,16,212048.982417,212049.086495,0.104078,0x405218,1,6260,2807,3453
5199,3,1300,3,16,16,212048.982417,212049.089644,0.107227,0x405218,1,5960,2775,3185
5199,3,1300,4,16,16,212048.983577,212049.217142,0.233565,0x405218,1,10541,5614,4927
5199,3,1300,5,16,16,212048.982187,212049.187872,0.205685,0x405218,1,10698,6430,4268
5199,3,1300,6,16,16,212048.982657,212049.199723,0.217066,0x405218,1,10496,7443,3053
5199,3,1300,7,16,16,212048.982224,212049.210517,0.228293,0x405218,1,10638,7307,3331
5199,3,1300,8,16,16,212048.982101,212049.199275,0.217174,0x405218,1,10458,7263,3195
5199,3,1300,9,16,16,212048.982598,212049.199468,0.216870,0x405218,1,10269,6795,3474
5199,3,1300,10,16,16,212048.982746,212049.200550,0.217804,0x405218,1,10413,6937,3476
5199,3,1300,11,16,16,212048.982552,212049.197346,0.214794,0x405218,1,10369,7045,3324
5199,3,1300,12,16,16,212048.981373,212049.128746,0.147373,0x405218,1,5593,4097,1496
5199,3,1300,13,16,16,212048.981469,212049.125342,0.143873,0x405218,1,5596,3976,1620
5199,3,1300,14,16,16,212048.981300,212049.128614,0.147314,0x405218,1,5559,4033,1526
5199,3,1300,15,16,16,212048.981810,212049.128524,0.146714,0x405218,1,5396,4090,1306
5200,4,1300,0,16,16,212049.408915,212049.438074,0.029159,0x4052e4,1,1843,1099,744
5200,4,1300,1,16,16,212049.407418,212049.427849,0.020431,0x4052e4,1,176,130,46
5200,4,1300,2,16,16,212049.407414,212049.429187,0.021773,0x4052e4,1,314,246,68
5200,4,1300,3,16,16,212049.407276,212049.428693,0.021417,0x4052e4,1,187,156,31
5200,4,1300,4,16,16,212049.407290,212049.430510,0.023220,0x4052e4,1,330,247,83
5200,4,1300,5,16,16,212049.407620,212049.430968,0.023348,0x4052e4,1,317,253,64
5200,4,1300,6,16,16,212049.408133,212049.431938,0.023805,0x4052e4,1,355,285,70
5200,4,1300,7,16,16,212049.407780,212049.431302,0.023522,0x4052e4,1,361,293,68
5200,4,1300,8,16,16,212049.407739,212049.431739,0.024000,0x4052e4,1,412,359,53
5200,4,1300,9,16,16,212049.407701,212049.432177,0.024476,0x4052e4,1,355,290,65
5200,4,1300,10,16,16,212049.407696,212049.431365,0.023669,0x4052e4,1,361,292,69
5200,4,1300,11,16,16,212049.408125,212049.431149,0.023024,0x4052e4,1,331,296,35
5200,4,1300,12,16,16,212049.406806,212049.427542,0.020736,0x4052e4,1,130,102,28
5200,4,1300,13,16,16,212049.407693,212049.429289,0.021596,0x4052e4,1,154,117,37
5200,4,1300,14,16,16,212049.406988,212049.427919,0.020931,0x4052e4,1,153,116,37
5200,4,1300,15,16,16,212049.407316,212049.428748,0.021432,0x4052e4,1,146,117,29
5201,5,1300,0,16,16,212049.472282,212049.492557,0.020275,0x40533c,1,22,0,22
5201,5,1300,1,16,16,212049.471677,212049.491944,0.020267,0x40533c,1,96,58,38
5201,5,1300,2,16,16,212049.471732,212049.493590,0.021858,0x40533c,1,88,58,30
5201,5,1300,3,16,16,212049.471530,212049.491930,0.020400,0x40533c,1,96,59,37
5201,5,1300,4,16,16,212049.472661,212049.512546,0.039885,0x40533c,1,484,227,257
5201,5,1300,5,16,16,212049.472082,212049.497260,0.025178,0x40533c,1,634,291,343
5201,5,1300,6,16,16,212049.471917,212049.496321,0.024404,0x40533c,1,617,293,324
5201,5,1300,7,16,16,212049.471423,212049.496471,0.025048,0x40533c,1,482,276,206
5201,5,1300,8,16,16,212049.471609,212049.496582,0.024973,0x40533c,1,585,306,279
5201,5,1300,9,16,16,212049.471468,212049.496413,0.024945,0x40533c,1,622,307,315
5201,5,1300,10,16,16,212049.472123,212049.496995,0.024872,0x40533c,1,686,259,427
5201,5,1300,11,16,16,212049.471849,212049.496577,0.024728,0x40533c,1,815,387,428
5201,5,1300,12,16,16,212049.471126,212049.491357,0.020231,0x40533c,1,120,84,36
5201,5,1300,13,16,16,212049.471362,212049.492069,0.020707,0x40533c,1,60,26,34
5201,5,1300,14,16,16,212049.471206,212049.491189,0.019983,0x40533c,1,97,73,24
5201,5,1300,15,16,16,212049.471285,212049.491431,0.020146,0x40533c,1,76,30,46
5598,2,1400,0,16,16,223362.117706,223470.101374,49.936698,0x4051ce,1,6259403,3076298,3183105
5598,2,1400,1,16,16,223362.117536,223470.100505,50.198818,0x4051ce,1,8087515,3123955,4963560
5598,2,1400,2,16,16,223362.116886,223470.142455,51.554417,0x4051ce,1,7660149,3456343,4203806
5598,2,1400,3,16,16,223362.117277,223470.191315,54.893854,0x4051ce,1,8030566,4153644,3876922
5598,2,1400,4,16,16,223362.116910,223470.995203,103.635153,0x4051ce,1,13856076,8183762,5672314
5598,2,1400,5,16,16,223362.117352,223470.995732,105.619753,0x4051ce,1,13818715,9360785,4457930
5598,2,1400,6,16,16,223362.117104,223470.935363,102.690551,0x4051ce,1,12913666,9520481,3393185
5598,2,1400,7,16,16,223362.117494,223471.016328,108.277150,0x4051ce,1,13641888,10086331,3555557
5598,2,1400,8,16,16,223362.117131,223470.996913,107.424575,0x4051ce,1,13638885,9870442,3768443
5598,2,1400,9,16,16,223362.117324,223470.907959,102.073273,0x4051ce,1,12927063,9159382,3767681
5598,2,1400,10,16,16,223362.117041,223470.999900,107.535282,0x4051ce,1,13617500,10058590,3558910
5598,2,1400,11,16,16,223362.117633,223470.997168,106.484225,0x4051ce,1,13620133,9820854,3799279
5598,2,1400,12,16,16,223362.117914,223470.224529,62.354141,0x4051ce,1,7843162,6320257,1522905
5598,2,1400,13,16,16,223362.116665,223470.276515,64.195271,0x4051ce,1,7863331,6572331,1291000
5598,2,1400,14,16,16,223362.116530,223470.282907,64.523867,0x4051ce,1,7839741,6601899,1237842
5598,2,1400,15,16,16,223362.116983,223470.247115,62.081501,0x4051ce,1,7629866,6014293,1615573
5599,3,1400,0,16,16,223471.090874,223471.199200,0.108326,0x405218,1,5704,2918,2786
5599,3,1400,1,16,16,223471.091210,223471.205248,0.114038,0x405218,1,6163,2661,3502
5599,3,1400,2,16,16,223471.091396,223471.196338,0.104942,0x405218,1,6331,2883,3448
5599,3,1400,3,16,16,223471.091096,223471.207595,0.116499,0x405218,1,5940,2764,3176
5599,3,1400,4,16,16,223471.092861,223471.324897,0.232036,0x405218,1,10312,5409,4903
5599,3,1400,5,16,16,223471.091559,223471.295228,0.203669,0x405218,1,10543,6286,4257
5599,3,1400,6,16,16,223471.091713,223471.310582,0.218869,0x405218,1,10283,7081,3202
5599,3,1400,7,16,16,223471.091951,223471.313298,0.221347,0x405218,1,10436,7022,3414
5599,3,1400,8,16,16,223471.091166,223471.314850,0.223684,0x405218,1,10288,7059,3229
5599,3,1400,9,16,16,223471.091687,223471.302187,0.210500,0x405218,1,10115,6629,3486
5599,3,1400,10,16,16,223471.091618,223471.312176,0.220558,0x405218,1,10281,6751,3530
5599,3,1400,11,16,16,223471.091365,223471.312857,0.221492,0x405218,1,10201,6870,3331
5599,3,1400,12,16,16,223471.090732,223471.230838,0.140106,0x405218,1,5474,3924,1550
5599,3,1400,13,16,16,223471.090869,223471.238855,0.147986,0x405218,1,5592,4068,1524
5599,3,1400,14,16,16,223471.090973,223471.243043,0.152070,0x405218,1,5563,4152,1411
5599,3,1400,15,16,16,223471.091064,223471.239775,0.148711,0x405218,1,5405,4034,1371
5600,4,1400,0,16,16,223471.499726,223471.528112,0.028386,0x4052e4,1,1845,1082,763
5600,4,1400,1,16,16,223471.497849,223471.518489,0.020640,0x4052e4,1,172,138,34
5600,4,1400,2,16,16,223471.498673,223471.520078,0.021405,0x4052e4,1,282,217,65
5600,4,1400,3,16,16,223471.498302,223471.519479,0.021177,0x4052e4,1,201,156,45
5600,4,1400,4,16,16,223471.498337,223471.521969,0.023632,0x4052e4,1,325,240,85
5600,4,1400,5,16,16,223471.498560,223471.522552,0.023992,0x4052e4,1,339,281,58
5600,4,1400,6,16,16,223471.498362,223471.522042,0.023680,0x4052e4,1,331,272,59
5600,4,1400,7,16,16,223471.498811,223471.523168,0.024357,0x4052e4,1,364,283,81
5600,4,1400,8,16,16,223471.498458,223471.522867,0.024409,0x4052e4,1,377,313,64
5600,4,1400,9,16,16,223471.498402,223471.522019,0.023617,0x4052e4,1,410,328,82
5600,4,1400,10,16,16,223471.498164,223471.521076,0.022912,0x4052e4,1,343,276,67
5600,4,1400,11,16,16,223471.498501,223471.522047,0.023546,0x4052e4,1,370,300,70
5600,4,1400,12,16,16,223471.497695,223471.518393,0.020698,0x4052e4,1,126,100,26
5600,4,1400,13,16,16,223471.497817,223471.519320,0.021503,0x4052e4,1,176,128,48
5600,4,1400,14,16,16,223471.498285,223471.519553,0.021268,0x4052e4,1,152,108,44
5600,4,1400,15,16,16,223471.498621,223471.520182,0.021561,0x4052e4,1,154,120,34
5601,5,1400,0,16,16,223471.557210,223471.577309,0.020099,0x40533c,1,18,0,18
5601,5,1400,1,16,16,223471.556866,223471.577034,0.020168,0x40533c,1,68,37,31
5601,5,1400,2,16,16,223471.556553,223471.576739,0.020186,0x40533c,1,91,59,32
5601,5,1400,3,16,16,223471.556379,223471.576333,0.019954,0x40533c,1,60,35,25
5601,5,1400,4,16,16,223471.557563,223471.598838,0.041275,0x40533c,1,563,258,305
5601,5,1400,5,16,16,223471.556703,223471.580528,0.023825,0x40533c,1,533,247,286
5601,5,1400,6,16,16,223471.556737,223471.580586,0.023849,0x40533c,1,618,296,322
5601,5,1400,7,16,16,223471.557168,223471.581299,0.024131,0x40533c,1,623,343,280
5601,5,1400,8,16,16,223471.556676,223471.581180,0.024504,0x40533c,1,539,261,278
5601,5,1400,9,16,16,223471.556840,223471.581724,0.024884,0x40533c,1,566,273,293
5601,5,1400,10,16,16,223471.556988,223471.580885,0.023897,0x40533c,1,668,256,412
5601,5,1400,11,16,16,223471.557382,223471.582120,0.024738,0x40533c,1,687,271,416
5601,5,1400,12,16,16,223471.556188,223471.576174,0.019986,0x40533c,1,112,73,39
5601,5,1400,13,16,16,223471.556288,223471.576262,0.019974,0x40533c,1,97,63,34
5601,5,1400,14,16,16,223471.556306,223471.576558,0.020252,0x40533c,1,58,22,36
5601,5,1400,15,16,16,223471.556504,223471.576418,0.019914,0x40533c,1,91,31,60
5998,2,1500,0,16,16,234236.590974,234338.671188,49.187166,0x4051ce,1,6255438,2997266,3258172
5998,2,1500,1,16,16,234236.590652,234338.640767,49.240285,0x4051ce,1,8085675,2987898,5097777
5998,2,1500,2,16,16,234236.590503,234338.707707,50.708366,0x4051ce,1,7671188,3400333,4270855
5998,2,1500,3,16,16,234236.590591,234338.737359,53.830191,0x4051ce,1,8034665,4061696,3972969
5998,2,1500,4,16,16,234236.590677,234339.423423,97.496605,0x4051ce,1,13097712,7562007,5535705
5998,2,1500,5,16,16,234236.590898,234339.433944,99.251003,0x4051ce,1,13064703,8760800,4303903
5998,2,1500,6,16,16,234236.590787,234339.372831,96.976618,0x4051ce,1,12278441,8965405,3313036
5998,2,1500,7,16,16,234236.590829,234339.436273,102.129165,0x4051ce,1,12937565,9425157,3512408
5998,2,1500,8,16,16,234236.590778,234339.432233,101.363700,0x4051ce,1,12939439,9233113,3706326
5998,2,1500,9,16,16,234236.591148,234339.349023,96.480434,0x4051ce,1,12295898,8570029,3725869
5998,2,1500,10,16,16,234236.590555,234339.431439,101.173423,0x4051ce,1,12920345,9365001,3555344
5998,2,1500,11,16,16,234236.591759,234339.434400,100.244161,0x4051ce,1,12905363,9203927,3701436
5998,2,1500,12,16,16,234236.592317,234338.780597,61.761861,0x4051ce,1,7836291,6306093,1530198
5998,2,1500,13,16,16,234236.590210,234338.830263,63.499064,0x4051ce,1,7852736,6547874,1304862
5998,2,1500,14,16,16,234236.590261,234338.844655,64.137774,0x4051ce,1,7842399,6600828,1241571
5998,2,1500,15,16,16,234236.591103,234338.808390,61.312594,0x4051ce,1,7624459,5982286,1642173
5999,3,1500,0,16,16,234339.497544,234339.591709,0.094165,0x405218,1,5876,2862,3014
5999,3,1500,1,16,16,234339.497473,234339.596962,0.099489,0x405218,1,6051,2295,3756
5999,3,1500,2,16,16,234339.498249,234339.602049,0.103800,0x405218,1,6401,2722,3679
5999,3,1500,3,16,16,234339.498066,234339.608727,0.110661,0x405218,1,5926,2681,3245
5999,3,1500,4,16,16,234339.499360,234339.715077,0.215717,0x405218,1,10077,5027,5050
5999,3,1500,5,16,16,234339.497845,234339.693270,0.195425,0x405218,1,10256,6016,4240
5999,3,1500,6,16,16,234339.498278,234339.699469,0.201191,0x405218,1,10063,6883,3180
5999,3,1500,7,16,16,234339.497613,234339.709078,0.211465,0x405218,1,10213,6768,3445
5999,3,1500,8,16,16,234339.497754,234339.694690,0.196936,0x405218,1,10009,6668,3341
5999,3,1500,9,16,16,234339.497819,234339.701208,0.203389,0x405218,1,9938,6341,3597
5999,3,1500,10,16,16,234339.497649,234339.704905,0.207256,0x405218,1,10006,6485,3521
5999,3,1500,11,16,16,234339.497985,234339.706243,0.208258,0x405218,1,9926,6730,3196
5999,3,1500,12,16,16,234339.497260,234339.641015,0.143755,0x405218,1,5474,3972,1502
5999,3,1500,13,16,16,234339.497425,234339.639847,0.142422,0x405218,1,5578,4082,1496
5999,3,1500,14,16,16,234339.497458,234339.646819,0.149361,0x405218,1,5582,4160,1422
5999,3,1500,15,16,16,234339.497771,234339.642690,0.144919,0x405218,1,5416,4033,1383
6000,4,1500,0,16,16,234339.888510,234339.915576,0.027066,0x4052e4,1,1842,1062,780
6000,4,1500,1,16,16,234339.886565,234339.907186,0.020621,0x4052e4,1,160,120,40
6000,4,1500,2,16,16,234339.886842,234339.908342,0.021500,0x4052e4,1,319,240,79
6000,4,1500,3,16,16,234339.886844,234339.908543,0.021699,0x4052e4,1,211,155,56
6000,4,1500,4,16,16,234339.886889,234339.909310,0.022421,0x4052e4,1,302,229,73
6000,4,1500,5,16,16,234339.887133,234339.910237,0.023104,0x4052e4,1,299,245,54
6000,4,1500,6,16,16,234339.887247,234339.910979,0.023732,0x4052e4,1,295,227,68
6000,4,1500,7,16,16,234339.887440,234339.911408,0.023968,0x4052e4,1,301,235,66
6000,4,1500,8,16,16,234339.887236,234339.910916,0.023680,0x4052e4,1,345,261,84
6000,4,1500,9,16,16,234339.887544,234339.911338,0.023794,0x4052e4,1,354,266,88
6000,4,1500,10,16,16,234339.887053,234339.909653,0.022600,0x4052e4,1,332,276,56
6000,4,1500,11,16,16,234339.887303,234339.911167,0.023864,0x4052e4,1,324,256,68
6000,4,1500,12,16,16,234339.886501,234339.907134,0.020633,0x4052e4,1,120,93,27
6000,4,1500,13,16,16,234339.887231,234339.908697,0.021466,0x4052e4,1,170,137,33
6000,4,1500,14,16,16,234339.886502,234339.907812,0.021310,0x4052e4,1,161,112,49
6000,4,1500,15,16,16,234339.886624,234339.907661,0.021037,0x4052e4,1,149,113,36
6001,5,1500,0,16,16,234339.949497,234339.969992,0.020495,0x40533c,1,36,6,30
6001,5,1500,1,16,16,234339.949650,234339.970183,0.020533,0x40533c,1,67,35,32
6001,5,1500,2,16,16,234339.949539,234339.969832,0.020293,0x40533c,1,90,43,47
6001,5,1500,3,16,16,234339.949813,234339.971582,0.021769,0x40533c,1,64,30,34
6001,5,1500,4,16,16,234339.950331,234339.990847,0.040516,0x40533c,1,483,233,250
6001,5,1500,5,16,16,234339.950072,234339.973855,0.023783,0x40533c,1,538,287,251
6001,5,1500,6,16,16,234339.949631,234339.974061,0.024430,0x40533c,1,646,320,326
6001,5,1500,7,16,16,234339.949743,234339.975104,0.025361,0x40533c,1,561,349,212
6001,5,1500,8,16,16,234339.949358,234339.974115,0.024757,0x40533c,1,551,271,280
6001,5,1500,9,16,16,234339.949765,234339.974177,0.024412,0x40533c,1,588,275,313
6001,5,1500,10,16,16,234339.950334,234339.975323,0.024989,0x40533c,1,635,203,432
6001,5,1500,11,16,16,234339.949550,234339.973490,0.023940,0x40533c,1,714,276,438
6001,5,1500,12,16,16,234339.949590,234339.970105,0.020515,0x40533c,1,81,58,23
6001,5,1500,13,16,16,234339.950062,234339.971110,0.021048,0x40533c,1,109,65,44
6001,5,1500,14,16,16,234339.949761,234339.970370,0.020609,0x40533c,1,63,37,26
6001,5,1500,15,16,16,234339.949868,234339.969981,0.020113,0x40533c,1,57,28,29
6398,2,1600,0,16,16,244439.159041,244533.804563,48.792330,0x4051ce,1,6248115,2877101,3371014
6398,2,1600,1,16,16,244439.154941,244533.750280,48.561935,0x4051ce,1,8090558,2763852,5326706
6398,2,1600,2,16,16,244439.154630,244533.834174,50.368119,0x4051ce,1,7679807,3310704,4369103
6398,2,1600,3,16,16,244439.154613,244533.865891,53.502797,0x4051ce,1,8047372,3950660,4096712
6398,2,1600,4,16,16,244439.154957,244534.410829,90.650167,0x4051ce,1,12307944,6894675,5413269
6398,2,1600,5,16,16,244439.155856,244534.433434,92.161415,0x4051ce,1,12203193,8093445,4109748
6398,2,1600,6,16,16,244439.154924,244534.374210,90.628188,0x4051ce,1,11533621,8328862,3204759
6398,2,1600,7,16,16,244439.155255,244534.431513,94.660404,0x4051ce,1,12101912,8743176,3358736
6398,2,1600,8,16,16,244439.154925,244534.416243,94.106946,0x4051ce,1,12098910,8582353,3516557
6398,2,1600,9,16,16,244439.155696,244534.357211,90.101970,0x4051ce,1,11543750,8003799,3539951
6398,2,1600,10,16,16,244439.154710,244534.415169,94.155670,0x4051ce,1,12090048,8673149,3416899
6398,2,1600,11,16,16,244439.155220,244534.424183,93.364766,0x4051ce,1,12110922,8565775,3545147
6398,2,1600,12,16,16,244439.154487,244533.900788,61.577117,0x4051ce,1,7841591,6283299,1558292
6398,2,1600,13,16,16,244439.154145,244533.961117,63.347830,0x4051ce,1,7851490,6571016,1280474
6398,2,1600,14,16,16,244439.154132,244533.974536,63.743577,0x4051ce,1,7836146,6583350,1252796
6398,2,1600,15,16,16,244439.155087,244533.941271,61.599096,0x4051ce,1,7626467,6040701,1585766
6399,3,1600,0,16,16,244534.515867,244534.614184,0.098317,0x405218,1,5847,2741,3106
6399,3,1600,1,16,16,244534.516389,244534.618346,0.101957,0x405218,1,6101,2458,3643
6399,3,1600,2,16,16,244534.516392,244534.610631,0.094239,0x405218,1,6327,2448,3879
6399,3,1600,3,16,16,244534.516086,244534.625639,0.109553,0x405218,1,5931,2558,3373
6399,3,1600,4,16,16,244534.517668,244534.727006,0.209338,0x405218,1,9674,4672,5002
6399,3,1600,5,16,16,244534.516469,244534.698916,0.182447,0x405218,1,9897,5623,4274
6399,3,1600,6,16,16,244534.516832,244534.709825,0.192993,0x405218,1,9741,6547,3194
6399,3,1600,7,16,16,244534.516368,244534.717609,0.201241,0x405218,1,9831,6385,3446
6399,3,1600,8,16,16,244534.516872,244534.707214,0.190342,0x405218,1,9690,6196,3494
6399,3,1600,9,16,16,244534.516787,244534.704958,0.188171,0x405218,1,9600,5949,3651
6399,3,1600,10,16,16,244534.516245,244534.712190,0.195945,0x405218,1,9635,6033,3602
6399,3,1600,11,16,16,244534.516614,244534.707320,0.190706,0x405218,1,9630,6342,3288
6399,3,1600,12,16,16,244534.515623,244534.666670,0.151047,0x405218,1,5505,4100,1405
6399,3,1600,13,16,16,244534.516195,244534.662770,0.146575,0x405218,1,5563,4207,1356
6399,3,1600,14,16,16,244534.515763,244534.661336,0.145573,0x405218,1,5515,4167,1348
6399,3,1600,15,16,16,244534.516053,244534.650744,0.134691,0x405218,1,5468,3899,1569
6400,4,1600,0,16,16,244534.903787,244534.932157,0.028370,0x4052e4,1,1651,854,797
6400,4,1600,1,16,16,244534.902294,244534.922657,0.020363,0x4052e4,1,175,129,46
6400,4,1600,2,16,16,244534.902769,244534.923786,0.021017,0x4052e4,1,284,212,72
6400,4,1600,3,16,16,244534.902768,244534.924775,0.022007,0x4052e4,1,192,155,37
6400,4,1600,4,16,16,244534.902287,244534.926245,0.023958,0x4052e4,1,293,205,88
6400,4,1600,5,16,16,244534.902927,244534.926476,0.023549,0x4052e4,1,350,284,66
6400,4,1600,6,16,16,244534.902862,244534.926034,0.023172,0x4052e4,1,299,219,80
6400,4,1600,7,16,16,244534.902917,244534.927408,0.024491,0x4052e4,1,355,258,97
6400,4,1600,8,16,16,244534.902409,244534.926346,0.023937,0x4052e4,1,374,251,123
6400,4,1600,9,16,16,244534.902298,244534.925841,0.023543,0x4052e4,1,379,276,103
6400,4,1600,10,16,16,244534.902484,244534.925371,0.022887,0x4052e4,1,334,261,73
6400,4,1600,11,16,16,244534.902638,244534.925770,0.023132,0x4052e4,1,313,243,70
6400,4,1600,12,16,16,244534.902050,244534.923064,0.021014,0x4052e4,1,123,82,41
6400,4,1600,13,16,16,244534.902249,244534.923355,0.021106,0x4052e4,1,187,134,53
6400,4,1600,14,16,16,244534.902037,244534.923276,0.021239,0x4052e4,1,154,115,39
6400,4,1600,15,16,16,244534.902047,244534.923430,0.021383,0x4052e4,1,164,119,45
6401,5,1600,0,16,16,244534.960641,244534.980776,0.020135,0x40533c,1,21,0,21
6401,5,1600,1,16,16,244534.960746,244534.981198,0.020452,0x40533c,1,75,29,46
6401,5,1600,2,16,16,244534.961357,244534.982617,0.021260,0x40533c,1,76,48,28
6401,5,1600,3,16,16,244534.960863,244534.981050,0.020187,0x40533c,1,74,31,43
6401,5,1600,4,16,16,244534.962388,244535.002177,0.039789,0x40533c,1,603,267,336
6401,5,1600,5,16,16,244534.961335,244534.985593,0.024258,0x40533c,1,534,240,294
6401,5,1600,6,16,16,244534.961494,244534.985473,0.023979,0x40533c,1,556,286,270
6401,5,1600,7,16,16,244534.961222,244534.984872,0.023650,0x40533c,1,537,312,225
6401,5,1600,8,16,16,244534.960959,244534.985226,0.024267,0x40533c,1,522,253,269
6401,5,1600,9,16,16,244534.961516,244534.985177,0.023661,0x40533c,1,478,227,251
6401,5,1600,10,16,16,244534.961437,244534.985535,0.024098,0x40533c,1,562,187,375
6401,5,1600,11,16,16,244534.961173,244534.985694,0.024521,0x40533c,1,658,197,461
6401,5,1600,12,16,16,244534.960630,244534.980816,0.020186,0x40533c,1,89,65,24
6401,5,1600,13,16,16,244534.961037,244534.981055,0.020018,0x40533c,1,85,56,29
6401,5,1600,14,16,16,244534.960620,244534.980904,0.020284,0x40533c,1,60,34,26
6401,5,1600,15,16,16,244534.960488,244534.980696,0.020208,0x40533c,1,73,32,41
6798,2,1700,0,16,16,254058.099066,254150.021955,48.407964,0x4051ce,1,6249905,2823849,3426056
6798,2,1700,1,16,16,254058.097851,254149.960309,48.415864,0x4051ce,1,8086484,2640231,5446253
6798,2,1700,2,16,16,254058.097517,254150.063685,50.511208,0x4051ce,1,7684646,3265290,4419356
6798,2,1700,3,16,16,254058.097784,254150.093193,53.245845,0x4051ce,1,8042717,3909873,4132844
6798,2,1700,4,16,16,254058.097618,254150.574592,87.548134,0x4051ce,1,11903058,6594618,5308440
6798,2,1700,5,16,16,254058.098016,254150.597361,89.613373,0x4051ce,1,11818489,7826159,3992330
6798,2,1700,6,16,16,254058.097939,254150.544008,88.171865,0x4051ce,1,11186080,8075276,3110804
6798,2,1700,7,16,16,254058.098072,254150.599178,91.906263,0x4051ce,1,11719766,8475229,3244537
6798,2,1700,8,16,16,254058.097911,254150.589408,91.449401,0x4051ce,1,11725493,8318989,3406504
6798,2,1700,9,16,16,254058.097858,254150.529104,87.647832,0x4051ce,1,11193330,7772250,3421080
6798,2,1700,10,16,16,254058.097747,254150.589234,91.420693,0x4051ce,1,11715046,8416678,3298368
6798,2,1700,11,16,16,254058.098114,254150.584582,90.355496,0x4051ce,1,11713025,8265716,3447309
6798,2,1700,12,16,16,254058.098899,254150.148423,61.326857,0x4051ce,1,7836961,6274846,1562115
6798,2,1700,13,16,16,254058.097232,254150.192350,62.984803,0x4051ce,1,7850624,6541050,1309574
6798,2,1700,14,16,16,254058.097325,254150.212788,63.771907,0x4051ce,1,7843257,6606287,1236970
6798,2,1700,15,16,16,254058.098003,254150.177929,61.195954,0x4051ce,1,7630126,6004831,1625295
6799,3,1700,0,16,16,254150.672464,254150.770507,0.098043,0x405218,1,5627,2608,3019
6799,3,1700,1,16,16,254150.673003,254150.773221,0.100218,0x405218,1,6036,2188,3848
6799,3,1700,2,16,16,254150.673346,254150.775476,0.102130,0x405218,1,6253,2435,3818
6799,3,1700,3,16,16,254150.672504,254150.779178,0.106674,0x405218,1,6155,2603,3552
6799,3,1700,4,16,16,254150.674005,254150.883415,0.209410,0x405218,1,9594,4602,4992
6799,3,1700,5,16,16,254150.673332,254150.853253,0.179921,0x405218,1,9735,5463,4272
6799,3,1700,6,16,16,254150.672970,254150.864764,0.191794,0x405218,1,9676,6340,3336
6799,3,1700,7,16,16,254150.673224,254150.868831,0.195607,0x405218,1,9710,6184,3526
6799,3,1700,8,16,16,254150.673595,254150.856748,0.183153,0x405218,1,9568,5973,3595
6799,3,1700,9,16,16,254150.673354,254150.860353,0.186999,0x405218,1,9415,5680,3735
6799,3,1700,10,16,16,254150.672751,254150.865832,0.193081,0x405218,1,9498,5876,3622
6799,3,1700,11,16,16,254150.673173,254150.860428,0.187255,0x405218,1,9489,6115,3374
6799,3,1700,12,16,16,254150.672439,254150.813412,0.140973,0x405218,1,5509,3939,1570
6799,3,1700,13,16,16,254150.672600,254150.811201,0.138601,0x405218,1,5537,4029,1508
6799,3,1700,14,16,16,254150.672360,254150.821143,0.148783,0x405218,1,5530,4329,1201
6799,3,1700,15,16,16,254150.672390,254150.812838,0.140448,0x405218,1,5405,3935,1470
6800,4,1700,0,16,16,254151.051675,254151.078775,0.027100,0x4052e4,1,1673,831,842
6800,4,1700,1,16,16,254151.050094,254151.071506,0.021412,0x4052e4,1,176,111,65
6800,4,1700,2,16,16,254151.049993,254151.071095,0.021102,0x4052e4,1,274,192,82
6800,4,1700,3,16,16,254151.050109,254151.071365,0.021256,0x4052e4,1,236,167,69
6800,4,1700,4,16,16,254151.050288,254151.073447,0.023159,0x4052e4,1,296,207,89
6800,4,1700,5,16,16,254151.050489,254151.074093,0.023604,0x4052e4,1,296,228,68
6800,4,1700,6,16,16,254151.050323,254151.073269,0.022946,0x4052e4,1,286,214,72
6800,4,1700,7,16,16,254151.050648,254151.074838,0.024190,0x4052e4,1,295,219,76
6800,4,1700,8,16,16,254151.050130,254151.073935,0.023805,0x4052e4,1,416,296,120
6800,4,1700,9,16,16,254151.050326,254151.074011,0.023685,0x4052e4,1,432,317,115
6800,4,1700,10,16,16,254151.050139,254151.072883,0.022744,0x4052e4,1,365,262,103
6800,4,1700,11,16,16,254151.050037,254151.072601,0.022564,0x4052e4,1,341,270,71
6800,4,1700,12,16,16,254151.049514,254151.070294,0.020780,0x4052e4,1,116,98,18
6800,4,1700,13,16,16,254151.049663,254151.070693,0.021030,0x4052e4,1,158,122,36
6800,4,1700,14,16,16,254151.049675,254151.070759,0.021084,0x4052e4,1,153,109,44
6800,4,1700,15,16,16,254151.049867,254151.070828,0.020961,0x4052e4,1,150,110,40
6801,5,1700,0,16,16,254151.107443,254151.127784,0.020341,0x40533c,1,31,6,25
6801,5,1700,1,16,16,254151.106895,254151.126915,0.020020,0x40533c,1,39,10,29
6801,5,1700,2,16,16,254151.106930,254151.127636,0.020706,0x40533c,1,93,42,51
6801,5,1700,3,16,16,254151.107047,254151.126961,0.019914,0x40533c,1,68,29,39
6801,5,1700,4,16,16,254151.108128,254151.147443,0.039315,0x40533c,1,445,227,218
6801,5,1700,5,16,16,254151.107513,254151.131525,0.024012,0x40533c,1,531,265,266
6801,5,1700,6,16,16,254151.107226,254151.130795,0.023569,0x40533c,1,499,244,255
6801,5,1700,7,16,16,254151.107322,254151.130723,0.023401,0x40533c,1,519,315,204
6801,5,1700,8,16,16,254151.107036,254151.130499,0.023463,0x40533c,1,484,221,263
6801,5,1700,9,16,16,254151.107015,254151.130437,0.023422,0x40533c,1,457,204,253
6801,5,1700,10,16,16,254151.107105,254151.130191,0.023086,0x40533c,1,636,212,424
6801,5,1700,11,16,16,254151.106914,254151.129839,0.022925,0x40533c,1,634,212,422
6801,5,1700,12,16,16,254151.107100,254151.127497,0.020397,0x40533c,1,126,96,30
6801,5,1700,13,16,16,254151.106870,254151.127082,0.020212,0x40533c,1,90,55,35
6801,5,1700,14,16,16,254151.106810,254151.126856,0.020046,0x40533c,1,75,50,25
6801,5,1700,15,16,16,254151.106667,254151.126775,0.020108,0x40533c,1,60,3,57
7198,2,1800,0,16,16,263407.464456,263495.907654,47.723939,0x4051ce,1,6246859,2759979,3486880
7198,2,1800,1,16,16,263407.461925,263495.859355,47.306527,0x4051ce,1,8084568,2506409,5578159
7198,2,1800,2,16,16,263407.461674,263495.968724,49.535436,0x4051ce,1,7685993,3206480,4479513
7198,2,1800,3,16,16,263407.461830,263495.981047,52.659574,0x4051ce,1,8045421,3845891,4199530
7198,2,1800,4,16,16,263407.461885,263496.396279,84.453333,0x4051ce,1,11538325,6339957,5198368
7198,2,1800,5,16,16,263407.462191,263496.419725,86.379320,0x4051ce,1,11464765,7573849,3890916
7198,2,1800,6,16,16,263407.461723,263496.365603,84.511557,0x4051ce,1,10803511,7830262,2973249
7198,2,1800,7,16,16,263407.461897,263496.419270,88.530497,0x4051ce,1,11359377,8262857,3096520
7198,2,1800,8,16,16,263407.461842,263496.418911,88.118103,0x4051ce,1,11361539,8086613,3274926
7198,2,1800,9,16,16,263407.463090,263496.352362,84.116413,0x4051ce,1,10806762,7545026,3261736
7198,2,1800,10,16,16,263407.462064,263496.402062,87.944997,0x4051ce,1,11350102,8173984,3176118
7198,2,1800,11,16,16,263407.462367,263496.415335,87.091138,0x4051ce,1,11346090,7995538,3350552
7198,2,1800,12,16,16,263407.463497,263496.025147,60.896387,0x4051ce,1,7828925,6260508,1568417
7198,2,1800,13,16,16,263407.461211,263496.071919,62.509623,0x4051ce,1,7844491,6527333,1317158
7198,2,1800,14,16,16,263407.461252,263496.079483,63.250903,0x4051ce,1,7829052,6587062,1241990
7198,2,1800,15,16,16,263407.461722,263496.044312,60.406973,0x4051ce,1,7617128,5944644,1672484
7199,3,1800,0,16,16,263496.501224,263496.599105,0.097881,0x405218,1,5715,2581,3134
7199,3,1800,1,16,16,263496.500956,263496.591717,0.090761,0x405218,1,6079,1999,4080
7199,3,1800,2,16,16,263496.501894,263496.602145,0.100251,0x405218,1,6336,2392,3944
7199,3,1800,3,16,16,263496.501146,263496.606479,0.105333,0x405218,1,5910,2528,3382
7199,3,1800,4,16,16,263496.503442,263496.703777,0.200335,0x405218,1,9478,4435,5043
7199,3,1800,5,16,16,263496.501791,263496.677399,0.175608,0x405218,1,9604,5266,4338
7199,3,1800,6,16,16,263496.501560,263496.685896,0.184336,0x405218,1,9514,6127,3387
7199,3,1800,7,16,16,263496.501257,263496.695245,0.193988,0x405218,1,9622,6000,3622
7199,3,1800,8,16,16,263496.501517,263496.690110,0.188593,0x405218,1,9402,5849,3553
7199,3,1800,9,16,16,263496.502168,263496.681218,0.179050,0x405218,1,9225,5427,3798
7199,3,1800,10,16,16,263496.501744,263496.683021,0.181277,0x405218,1,9407,5696,3711
7199,3,1800,11,16,16,263496.501007,263496.690982,0.189975,0x405218,1,9358,6032,3326
7199,3,1800,12,16,16,263496.500717,263496.638404,0.137687,0x405218,1,5481,3825,1656
7199,3,1800,13,16,16,263496.500790,263496.642711,0.141921,0x405218,1,5546,4149,1397
7199,3,1800,14,16,16,263496.500726,263496.649491,0.148765,0x405218,1,5547,4270,1277
7199,3,1800,15,16,16,263496.501025,263496.646031,0.145006,0x405218,1,5364,3938,1426
7200,4,1800,0,16,16,263496.870297,263496.898194,0.027897,0x4052e4,1,1746,858,888
7200,4,1800,1,16,16,263496.868918,263496.889384,0.020466,0x4052e4,1,177,112,65
7200,4,1800,2,16,16,263496.869221,263496.891086,0.021865,0x4052e4,1,282,177,105
7200,4,1800,3,16,16,263496.869011,263496.890098,0.021087,0x4052e4,1,199,157,42
7200,4,1800,4,16,16,263496.869005,263496.892556,0.023551,0x4052e4,1,279,192,87
7200,4,1800,5,16,16,263496.869345,263496.892383,0.023038,0x4052e4,1,282,200,82
7200,4,1800,6,16,16,263496.869147,263496.892041,0.022894,0x4052e4,1,288,200,88
7200,4,1800,7,16,16,263496.869111,263496.892107,0.022996,0x4052e4,1,270,195,75
7200,4,1800,8,16,16,263496.868891,263496.893460,0.024569,0x4052e4,1,357,228,129
7200,4,1800,9,16,16,263496.869422,263496.893895,0.024473,0x4052e4,1,407,295,112
7200,4,1800,10,16,16,263496.868511,263496.891518,0.023007,0x4052e4,1,353,231,122
7200,4,1800,11,16,16,263496.868797,263496.892324,0.023527,0x4052e4,1,332,243,89
7200,4,1800,12,16,16,263496.868234,263496.889277,0.021043,0x4052e4,1,108,77,31
7200,4,1800,13,16,16,263496.868478,263496.889960,0.021482,0x4052e4,1,181,123,58
7200,4,1800,14,16,16,263496.868403,263496.889499,0.021096,0x4052e4,1,155,106,49
7200,4,1800,15,16,16,263496.868629,263496.890134,0.021505,0x4052e4,1,167,116,51
7201,5,1800,0,16,16,263496.935814,263496.955942,0.020128,0x40533c,1,24,1,23
7201,5,1800,1,16,16,263496.935837,263496.956881,0.021044,0x40533c,1,91,55,36
7201,5,1800,2,16,16,263496.935465,263496.955613,0.020148,0x40533c,1,103,43,60
7201,5,1800,3,16,16,263496.935325,263496.955623,0.020298,0x40533c,1,83,32,51
7201,5,1800,4,16,16,263496.936765,263496.977172,0.040407,0x40533c,1,425,183,242
7201,5,1800,5,16,16,263496.935912,263496.959966,0.024054,0x40533c,1,497,264,233
7201,5,1800,6,16,16,263496.935927,263496.959829,0.023902,0x40533c,1,461,197,264
7201,5,1800,7,16,16,263496.935617,263496.959278,0.023661,0x40533c,1,403,244,159
7201,5,1800,8,16,16,263496.935710,263496.960121,0.024411,0x40533c,1,494,240,254
7201,5,1800,9,16,16,263496.935722,263496.959716,0.023994,0x40533c,1,544,245,299
7201,5,1800,10,16,16,263496.935718,263496.959907,0.024189,0x40533c,1,599,207,392
7201,5,1800,11,16,16,263496.935489,263496.958791,0.023302,0x40533c,1,658,226,432
7201,5,1800,12,16,16,263496.935208,263496.955200,0.019992,0x40533c,1,62,32,30
7201,5,1800,13,16,16,263496.935287,263496.955497,0.020210,0x40533c,1,72,36,36
7201,5,1800,14,16,16,263496.935232,263496.955429,0.020197,0x40533c,1,79,37,42
7201,5,1800,15,16,16,263496.935241,263496.955570,0.020329,0x40533c,1,93,34,59
7598,2,1900,0,16,16,272374.577033,272461.027628,48.400853,0x4051ce,1,6237106,2692680,3544426
7598,2,1900,1,16,16,272374.576145,272460.953550,47.956743,0x4051ce,1,8084421,2380996,5703425
7598,2,1900,2,16,16,272374.575745,272461.083168,50.420623,0x4051ce,1,7699297,3152574,4546723
7598,2,1900,3,16,16,272374.575638,272461.095414,53.573991,0x4051ce,1,8059271,3791598,4267673
7598,2,1900,4,16,16,272374.576363,272461.456012,82.685999,0x4051ce,1,11134097,6099908,5034189
7598,2,1900,5,16,16,272374.576747,272461.492983,84.506833,0x4051ce,1,11043893,7339033,3704860
7598,2,1900,6,16,16,272374.575932,272461.448394,83.856700,0x4051ce,1,10521403,7732943,2788460
7598,2,1900,7,16,16,272374.576968,272461.489934,86.533548,0x4051ce,1,10946627,8010227,2936400
7598,2,1900,8,16,16,272374.576152,272461.469925,85.787068,0x4051ce,1,10939465,7846540,3092925
7598,2,1900,9,16,16,272374.575994,272461.442800,83.568464,0x4051ce,1,10531789,7444281,3087508
7598,2,1900,10,16,16,272374.575930,272461.472790,85.710480,0x4051ce,1,10936918,7879569,3057349
7598,2,1900,11,16,16,272374.576641,272461.485880,85.342567,0x4051ce,1,10939244,7741669,3197575
7598,2,1900,12,16,16,272374.576672,272461.155697,60.892964,0x4051ce,1,7847196,6250933,1596263
7598,2,1900,13,16,16,272374.575436,272461.192860,62.563371,0x4051ce,1,7863881,6524287,1339594
7598,2,1900,14,16,16,272374.575250,272461.206924,62.987799,0x4051ce,1,7844631,6553523,1291108
7598,2,1900,15,16,16,272374.576222,272461.175961,60.379492,0x4051ce,1,7629212,5939779,1689433
7599,3,1900,0,16,16,272461.558138,272461.657533,0.099395,0x405218,1,5788,2491,3297
7599,3,1900,1,16,16,272461.558458,272461.649687,0.091229,0x405218,1,6052,1948,4104
7599,3,1900,2,16,16,272461.558339,272461.658369,0.100030,0x405218,1,6393,2387,4006
7599,3,1900,3,16,16,272461.558375,272461.662515,0.104140,0x405218,1,5896,2483,3413
7599,3,1900,4,16,16,272461.559928,272461.750261,0.190333,0x405218,1,9297,4262,5035
7599,3,1900,5,16,16,272461.558602,272461.727200,0.168598,0x405218,1,9369,5013,4356
7599,3,1900,6,16,16,272461.558990,272461.739464,0.180474,0x405218,1,9380,6018,3362
7599,3,1900,7,16,16,272461.558410,272461.746524,0.188114,0x405218,1,9497,5852,3645
7599,3,1900,8,16,16,272461.558562,272461.747434,0.188872,0x405218,1,9265,5690,3575
7599,3,1900,9,16,16,272461.559097,272461.744109,0.185012,0x405218,1,9051,5300,3751
7599,3,1900,10,16,16,272461.558705,272461.747197,0.188492,0x405218,1,9237,5534,3703
7599,3,1900,11,16,16,272461.558485,272461.735557,0.177072,0x405218,1,9146,5846,3300
7599,3,1900,12,16,16,272461.558114,272461.691937,0.133823,0x405218,1,5451,3633,1818
7599,3,1900,13,16,16,272461.558401,272461.703809,0.145408,0x405218,1,5523,4153,1370
7599,3,1900,14,16,16,272461.558221,272461.706102,0.147881,0x405218,1,5507,4214,1293
7599,3,1900,15,16,16,272461.558700,272461.703980,0.145280,0x405218,1,5391,4042,1349
7600,4,1900,0,16,16,272461.919573,272461.947040,0.027467,0x4052e4,1,1788,892,896
7600,4,1900,1,16,16,272461.918036,272461.938357,0.020321,0x4052e4,1,169,98,71
7600,4,1900,2,16,16,272461.918484,272461.939704,0.021220,0x4052e4,1,298,176,122
7600,4,1900,3,16,16,272461.918702,272461.939933,0.021231,0x4052e4,1,189,145,44
7600,4,1900,4,16,16,272461.918747,272461.942090,0.023343,0x4052e4,1,303,203,100
7600,4,1900,5,16,16,272461.918832,272461.942300,0.023468,0x4052e4,1,297,217,80
7600,4,1900,6,16,16,272461.918457,272461.941531,0.023074,0x4052e4,1,325,234,91
7600,4,1900,7,16,16,272461.918569,272461.941782,0.023213,0x4052e4,1,281,206,75
7600,4,1900,8,16,16,272461.919018,272461.942726,0.023708,0x4052e4,1,385,241,144
7600,4,1900,9,16,16,272461.918947,272461.943309,0.024362,0x4052e4,1,439,294,145
7600,4,1900,10,16,16,272461.918643,272461.941398,0.022755,0x4052e4,1,348,220,128
7600,4,1900,11,16,16,272461.918601,272461.942006,0.023405,0x4052e4,1,318,224,94
7600,4,1900,12,16,16,272461.918211,272461.939282,0.021071,0x4052e4,1,103,79,24
7600,4,1900,13,16,16,272461.918606,272461.940543,0.021937,0x4052e4,1,161,123,38
7600,4,1900,14,16,16,272461.918118,272461.939634,0.021516,0x4052e4,1,158,121,37
7600,4,1900,15,16,16,272461.918973,272461.941201,0.022228,0x4052e4,1,157,115,42
7601,5,1900,0,16,16,272461.975289,272461.995560,0.020271,0x40533c,1,17,0,17
7601,5,1900,1,16,16,272461.974862,272461.994971,0.020109,0x40533c,1,60,25,35
7601,5,1900,2,16,16,272461.975017,272461.995469,0.020452,0x40533c,1,91,43,48
7601,5,1900,3,16,16,272461.975490,272461.995787,0.020297,0x40533c,1,88,46,42
7601,5,1900,4,16,16,272461.975708,272462.016406,0.040698,0x40533c,1,450,199,251
7601,5,1900,5,16,16,272461.975108,272461.998208,0.023100,0x40533c,1,497,257,240
7601,5,1900,6,16,16,272461.974979,272461.997904,0.022925,0x40533c,1,469,194,275
7601,5,1900,7,16,16,272461.975172,272461.998304,0.023132,0x40533c,1,509,273,236
7601,5,1900,8,16,16,272461.974945,272461.998608,0.023663,0x40533c,1,455,176,279
7601,5,1900,9,16,16,272461.974943,272461.998907,0.023964,0x40533c,1,406,151,255
7601,5,1900,10,16,16,272461.974727,272461.997421,0.022694,0x40533c,1,562,160,402
7601,5,1900,11,16,16,272461.975130,272461.999522,0.024392,0x40533c,1,438,142,296
7601,5,1900,12,16,16,272461.974583,272461.994656,0.020073,0x40533c,1,70,43,27
7601,5,1900,13,16,16,272461.975000,272461.995531,0.020531,0x40533c,1,55,24,31
7601,5,1900,14,16,16,272461.974596,272461.994839,0.020243,0x40533c,1,63,30,33
7601,5,1900,15,16,16,272461.974612,272461.995007,0.020395,0x40533c,1,67,3,64
7998,2,2000,0,16,16,281031.198584,281113.353185,47.657933,0x4051ce,1,6235590,2611083,3624507
7998,2,2000,1,16,16,281031.197418,281113.214231,46.388764,0x4051ce,1,8063168,2187988,5875180
7998,2,2000,2,16,16,281031.197475,281113.400763,49.904587,0x4051ce,1,7697225,3069138,4628087
7998,2,2000,3,16,16,281031.197140,281113.403958,52.769618,0x4051ce,1,8051276,3664012,4387264
7998,2,2000,4,16,16,281031.197385,281113.709717,77.877371,0x4051ce,1,10680365,5804670,4875695
7998,2,2000,5,16,16,281031.197407,281113.745479,80.207330,0x4051ce,1,10584344,7099702,3484642
7998,2,2000,6,16,16,281031.197519,281113.720303,81.045499,0x4051ce,1,10235780,7663280,2572500
7998,2,2000,7,16,16,281031.197431,281113.734667,82.124532,0x4051ce,1,10489745,7695953,2793792
7998,2,2000,8,16,16,281031.197416,281113.728810,81.629914,0x4051ce,1,10476804,7599174,2877630
7998,2,2000,9,16,16,281031.198039,281113.711655,80.698496,0x4051ce,1,10243231,7332386,2910845
7998,2,2000,10,16,16,281031.197923,281113.725890,81.050994,0x4051ce,1,10481991,7534025,2947966
7998,2,2000,11,16,16,281031.197975,281113.745664,81.102659,0x4051ce,1,10462784,7503392,2959392
7998,2,2000,12,16,16,281031.198678,281113.461173,60.663894,0x4051ce,1,7842728,6273527,1569201
7998,2,2000,13,16,16,281031.197087,281113.492885,61.933484,0x4051ce,1,7853566,6484489,1369077
7998,2,2000,14,16,16,281031.196818,281113.517142,62.785426,0x4051ce,1,7841508,6534412,1307096
7998,2,2000,15,16,16,281031.197224,281113.478645,60.091249,0x4051ce,1,7622608,5943914,1678694
7999,3,2000,0,16,16,281113.815431,281113.913617,0.098186,0x405218,1,5880,2461,3419
7999,3,2000,1,16,16,281113.815568,281113.914230,0.098662,0x405218,1,6051,1950,4101
7999,3,2000,2,16,16,281113.815944,281113.916149,0.100205,0x405218,1,6464,2292,4172
7999,3,2000,3,16,16,281113.815515,281113.923896,0.108381,0x405218,1,5951,2492,3459
7999,3,2000,4,16,16,281113.817313,281114.007720,0.190407,0x405218,1,9018,4005,5013
7999,3,2000,5,16,16,281113.816323,281113.984895,0.168572,0x405218,1,9095,4963,4132
7999,3,2000,6,16,16,281113.816021,281113.998317,0.182296,0x405218,1,9285,5906,3379
7999,3,2000,7,16,16,281113.815934,281113.995961,0.180027,0x405218,1,9174,5665,3509
7999,3,2000,8,16,16,281113.815876,281113.989336,0.173460,0x405218,1,9001,5440,3561
7999,3,2000,9,16,16,281113.816440,281113.995061,0.178621,0x405218,1,8874,5157,3717
7999,3,2000,10,16,16,281113.816290,281113.997096,0.180806,0x405218,1,8920,5336,3584
7999,3,2000,11,16,16,281113.816263,281113.997031,0.180768,0x405218,1,8909,5700,3209
7999,3,2000,12,16,16,281113.815343,281113.955776,0.140433,0x405218,1,5524,3962,1562
7999,3,2000,13,16,16,281113.816158,281113.960480,0.144322,0x405218,1,5550,4237,1313
7999,3,2000,14,16,16,281113.815552,281113.957441,0.141889,0x405218,1,5577,4244,1333
7999,3,2000,15,16,16,281113.815706,281113.960387,0.144681,0x405218,1,5439,4056,1383
8000,4,2000,0,16,16,281114.171671,281114.198481,0.026810,0x4052e4,1,1818,908,910
8000,4,2000,1,16,16,281114.170457,281114.190993,0.020536,0x4052e4,1,167,93,74
8000,4,2000,2,16,16,281114.170748,281114.192172,0.021424,0x4052e4,1,271,155,116
8000,4,2000,3,16,16,281114.170622,281114.191814,0.021192,0x4052e4,1,204,156,48
8000,4,2000,4,16,16,281114.170373,281114.192756,0.022383,0x4052e4,1,277,204,73
8000,4,2000,5,16,16,281114.170849,281114.194015,0.023166,0x4052e4,1,314,226,88
8000,4,2000,6,16,16,281114.171010,281114.193814,0.022804,0x4052e4,1,288,205,83
8000,4,2000,7,16,16,281114.170574,281114.193479,0.022905,0x4052e4,1,298,232,66
8000,4,2000,8,16,16,281114.170236,281114.193746,0.023510,0x4052e4,1,414,277,137
8000,4,2000,9,16,16,281114.170381,281114.193549,0.023168,0x4052e4,1,419,283,136
8000,4,2000,10,16,16,281114.170514,281114.193273,0.022759,0x4052e4,1,325,183,142
8000,4,2000,11,16,16,281114.170313,281114.193208,0.022895,0x4052e4,1,352,245,107
8000,4,2000,12,16,16,281114.169826,281114.190363,0.020537,0x4052e4,1,117,103,14
8000,4,2000,13,16,16,281114.170015,281114.191335,0.021320,0x4052e4,1,164,130,34
8000,4,2000,14,16,16,281114.170034,281114.190781,0.020747,0x4052e4,1,143,111,32
8000,4,2000,15,16,16,281114.170101,281114.191530,0.021429,0x4052e4,1,147,112,35
8001,5,2000,0,16,16,281114.225421,281114.245672,0.020251,0x40533c,1,34,1,33
8001,5,2000,1,16,16,281114.226399,281114.246618,0.020219,0x40533c,1,69,15,54
8001,5,2000,2,16,16,281114.225584,281114.245784,0.020200,0x40533c,1,92,38,54
8001,5,2000,3,16,16,281114.225734,281114.245976,0.020242,0x40533c,1,77,32,45
8001,5,2000,4,16,16,281114.226708,281114.267015,0.040307,0x40533c,1,343,133,210
8001,5,2000,5,16,16,281114.225887,281114.248635,0.022748,0x40533c,1,316,141,175
8001,5,2000,6,16,16,281114.226031,281114.249353,0.023322,0x40533c,1,312,127,185
8001,5,2000,7,16,16,281114.225544,281114.248319,0.022775,0x40533c,1,316,151,165
8001,5,2000,8,16,16,281114.226150,281114.248698,0.022548,0x40533c,1,368,128,240
8001,5,2000,9,16,16,281114.226562,281114.250163,0.023601,0x40533c,1,385,170,215
8001,5,2000,10,16,16,281114.226088,281114.248790,0.022702,0x40533c,1,492,144,348
8001,5,2000,11,16,16,281114.226060,281114.249448,0.023388,0x40533c,1,545,164,381
8001,5,2000,12,16,16,281114.225916,281114.245957,0.020041,0x40533c,1,69,46,23
8001,5,2000,13,16,16,281114.225678,281114.245634,0.019956,0x40533c,1,75,51,24
8001,5,2000,14,16,16,281114.225447,281114.245747,0.020300,0x40533c,1,38,20,18
8001,5,2000,15,16,16,281114.225407,281114.245471,0.020064,0x40533c,1,57,4,53
