parallel_id,region_id,region_exec,thread_id,team_size,requested_threads,start_ms,end_ms,elapsed_ms,codeptr,pmu_valid,pmu_llc_references,pmu_llc_misses,pmu_llc_hits,cpu_id,target_mb_percent,resource_applied,resctrl_enabled,region_wall_ms,resctrl_enable_ms,resctrl_disable_ms,resource_kind,target_l3_ways,target_l3_mask,mon_valid,mon_l3_domains,mon_start_llc_occupancy_bytes,mon_end_llc_occupancy_bytes,mon_llc_occupancy_delta_bytes,mon_start_mbm_total_bytes,mon_end_mbm_total_bytes,mon_mbm_total_delta_bytes,mon_start_mbm_local_bytes,mon_end_mbm_local_bytes,mon_mbm_local_delta_bytes,mon_start_mbm_remote_bytes,mon_end_mbm_remote_bytes,mon_mbm_remote_delta_bytes
1,1,1,0,16,16,5041.661408,5050.373175,8.711767,0x404957,1,142776,141333,1443,0,100.000000,1,1,11.247146,1.200000,0.800000,monitor,15,7fff,1,1,0,4866048,4866048,90112,275742720,275652608,90112,275742720,275652608,-1,-1,-1
1,1,1,1,16,16,5041.688817,5052.696057,11.007240,0x404957,1,142179,141036,1143,2,100.000000,1,1,11.247146,1.200000,0.800000,monitor,15,7fff,1,1,0,4866048,4866048,90112,275742720,275652608,90112,275742720,275652608,-1,-1,-1
1,1,1,2,16,16,5041.693737,5050.958782,9.265045,0x404957,1,142286,141052,1234,36,100.000000,1,1,11.247146,1.200000,0.800000,monitor,15,7fff,1,1,0,4866048,4866048,90112,275742720,275652608,90112,275742720,275652608,-1,-1,-1
1,1,1,3,16,16,5041.674189,5050.867687,9.193498,0x404957,1,142275,141048,1227,6,100.000000,1,1,11.247146,1.200000,0.800000,monitor,15,7fff,1,1,0,4866048,4866048,90112,275742720,275652608,90112,275742720,275652608,-1,-1,-1
1,1,1,4,16,16,5041.738433,5051.159330,9.420897,0x404957,1,142180,141201,979,40,100.000000,1,1,11.247146,1.200000,0.800000,monitor,15,7fff,1,1,0,4866048,4866048,90112,275742720,275652608,90112,275742720,275652608,-1,-1,-1
1,1,1,5,16,16,5041.728089,5050.728533,9.000444,0x404957,1,141922,140929,993,42,100.000000,1,1,11.247146,1.200000,0.800000,monitor,15,7fff,1,1,0,4866048,4866048,90112,275742720,275652608,90112,275742720,275652608,-1,-1,-1
1,1,1,6,16,16,5041.855173,5050.567109,8.711936,0x404957,1,142088,141162,926,44,100.000000,1,1,11.247146,1.200000,0.800000,monitor,15,7fff,1,1,0,4866048,4866048,90112,275742720,275652608,90112,275742720,275652608,-1,-1,-1
1,1,1,7,16,16,5041.721709,5050.733852,9.012143,0x404957,1,142182,140559,1623,14,100.000000,1,1,11.247146,1.200000,0.800000,monitor,15,7fff,1,1,0,4866048,4866048,90112,275742720,275652608,90112,275742720,275652608,-1,-1,-1
1,1,1,8,16,16,5041.714037,5050.398777,8.684740,0x404957,1,142194,141043,1151,16,100.000000,1,1,11.247146,1.200000,0.800000,monitor,15,7fff,1,1,0,4866048,4866048,90112,275742720,275652608,90112,275742720,275652608,-1,-1,-1
1,1,1,9,16,16,5041.715637,5052.908554,11.192917,0x404957,1,141995,140899,1096,18,100.000000,1,1,11.247146,1.200000,0.800000,monitor,15,7fff,1,1,0,4866048,4866048,90112,275742720,275652608,90112,275742720,275652608,-1,-1,-1
1,1,1,10,16,16,5041.858681,5050.762944,8.904263,0x404957,1,142219,140846,1373,20,100.000000,1,1,11.247146,1.200000,0.800000,monitor,15,7fff,1,1,0,4866048,4866048,90112,275742720,275652608,90112,275742720,275652608,-1,-1,-1
1,1,1,11,16,16,5042.079266,5050.959893,8.880627,0x404957,1,142198,140924,1274,54,100.000000,1,1,11.247146,1.200000,0.800000,monitor,15,7fff,1,1,0,4866048,4866048,90112,275742720,275652608,90112,275742720,275652608,-1,-1,-1
1,1,1,12,16,16,5042.078491,5051.114761,9.036270,0x404957,1,142117,140806,1311,24,100.000000,1,1,11.247146,1.200000,0.800000,monitor,15,7fff,1,1,0,4866048,4866048,90112,275742720,275652608,90112,275742720,275652608,-1,-1,-1
1,1,1,13,16,16,5042.127479,5051.723449,9.595970,0x404957,1,142242,141023,1219,58,100.000000,1,1,11.247146,1.200000,0.800000,monitor,15,7fff,1,1,0,4866048,4866048,90112,275742720,275652608,90112,275742720,275652608,-1,-1,-1
1,1,1,14,16,16,5042.087756,5051.901419,9.813663,0x404957,1,141977,140863,1114,28,100.000000,1,1,11.247146,1.200000,0.800000,monitor,15,7fff,1,1,0,4866048,4866048,90112,275742720,275652608,90112,275742720,275652608,-1,-1,-1
1,1,1,15,16,16,5042.294489,5051.151239,8.856750,0x404957,1,142489,140914,1575,30,100.000000,1,1,11.247146,1.200000,0.800000,monitor,15,7fff,1,1,0,4866048,4866048,90112,275742720,275652608,90112,275742720,275652608,-1,-1,-1
2,2,1,0,16,16,5065.856677,5207.604017,104.669083,0x4051ce,1,13557020,6137618,7419402,0,100.000000,1,1,142.383173,1.200000,0.800000,monitor,15,7fff,1,1,15949824,50192384,34242560,288268288,16558620672,16270352384,288268288,16558620672,16270352384,-1,-1,-1
2,2,1,1,16,16,5066.505715,5207.779450,122.320923,0x4051ce,1,14595045,6359785,8235260,2,100.000000,1,1,142.383173,1.200000,0.800000,monitor,15,7fff,1,1,15949824,50192384,34242560,288268288,16558620672,16270352384,288268288,16558620672,16270352384,-1,-1,-1
2,2,1,2,16,16,5066.222745,5207.710636,133.907995,0x4051ce,1,14263299,11799092,2464207,36,100.000000,1,1,142.383173,1.200000,0.800000,monitor,15,7fff,1,1,15949824,50192384,34242560,288268288,16558620672,16270352384,288268288,16558620672,16270352384,-1,-1,-1
2,2,1,3,16,16,5065.414704,5207.701599,135.529939,0x4051ce,1,14210518,12577599,1632919,6,100.000000,1,1,142.383173,1.200000,0.800000,monitor,15,7fff,1,1,15949824,50192384,34242560,288268288,16558620672,16270352384,288268288,16558620672,16270352384,-1,-1,-1
2,2,1,4,16,16,5066.892210,5207.754142,137.281547,0x4051ce,1,14213362,12407973,1805389,40,100.000000,1,1,142.383173,1.200000,0.800000,monitor,15,7fff,1,1,15949824,50192384,34242560,288268288,16558620672,16270352384,288268288,16558620672,16270352384,-1,-1,-1
2,2,1,5,16,16,5065.676210,5207.764226,138.634795,0x4051ce,1,14208613,12623514,1585099,42,100.000000,1,1,142.383173,1.200000,0.800000,monitor,15,7fff,1,1,15949824,50192384,34242560,288268288,16558620672,16270352384,288268288,16558620672,16270352384,-1,-1,-1
2,2,1,6,16,16,5065.872015,5207.752982,137.172417,0x4051ce,1,14215988,12236217,1979771,44,100.000000,1,1,142.383173,1.200000,0.800000,monitor,15,7fff,1,1,15949824,50192384,34242560,288268288,16558620672,16270352384,288268288,16558620672,16270352384,-1,-1,-1
2,2,1,7,16,16,5066.038477,5207.683339,135.753848,0x4051ce,1,14218823,12326745,1892078,14,100.000000,1,1,142.383173,1.200000,0.800000,monitor,15,7fff,1,1,15949824,50192384,34242560,288268288,16558620672,16270352384,288268288,16558620672,16270352384,-1,-1,-1
2,2,1,8,16,16,5065.405869,5207.765609,139.042952,0x4051ce,1,14126006,13278794,847212,16,100.000000,1,1,142.383173,1.200000,0.800000,monitor,15,7fff,1,1,15949824,50192384,34242560,288268288,16558620672,16270352384,288268288,16558620672,16270352384,-1,-1,-1
2,2,1,9,16,16,5065.694292,5207.789042,140.059004,0x4051ce,1,14126619,13343998,782621,18,100.000000,1,1,142.383173,1.200000,0.800000,monitor,15,7fff,1,1,15949824,50192384,34242560,288268288,16558620672,16270352384,288268288,16558620672,16270352384,-1,-1,-1
2,2,1,10,16,16,5067.036111,5207.766698,139.541640,0x4051ce,1,14168479,13362167,806312,20,100.000000,1,1,142.383173,1.200000,0.800000,monitor,15,7fff,1,1,15949824,50192384,34242560,288268288,16558620672,16270352384,288268288,16558620672,16270352384,-1,-1,-1
2,2,1,11,16,16,5066.701639,5207.741689,138.142802,0x4051ce,1,14134700,13313380,821320,54,100.000000,1,1,142.383173,1.200000,0.800000,monitor,15,7fff,1,1,15949824,50192384,34242560,288268288,16558620672,16270352384,288268288,16558620672,16270352384,-1,-1,-1
2,2,1,12,16,16,5065.832717,5207.764061,139.064613,0x4051ce,1,14152380,13381978,770402,24,100.000000,1,1,142.383173,1.200000,0.800000,monitor,15,7fff,1,1,15949824,50192384,34242560,288268288,16558620672,16270352384,288268288,16558620672,16270352384,-1,-1,-1
2,2,1,13,16,16,5066.355432,5207.775844,139.437523,0x4051ce,1,14119979,13345908,774071,58,100.000000,1,1,142.383173,1.200000,0.800000,monitor,15,7fff,1,1,15949824,50192384,34242560,288268288,16558620672,16270352384,288268288,16558620672,16270352384,-1,-1,-1
2,2,1,14,16,16,5067.189911,5207.750994,139.539725,0x4051ce,1,14138332,13320240,818092,28,100.000000,1,1,142.383173,1.200000,0.800000,monitor,15,7fff,1,1,15949824,50192384,34242560,288268288,16558620672,16270352384,288268288,16558620672,16270352384,-1,-1,-1
2,2,1,15,16,16,5066.490392,5207.781512,139.075936,0x4051ce,1,13859092,13072158,786934,30,100.000000,1,1,142.383173,1.200000,0.800000,monitor,15,7fff,1,1,15949824,50192384,34242560,288268288,16558620672,16270352384,288268288,16558620672,16270352384,-1,-1,-1
3,3,1,0,16,16,5208.026786,5208.130024,0.103238,0x405218,1,7791,2292,5499,0,100.000000,1,1,1.690816,1.200000,0.800000,monitor,15,7fff,1,1,53616640,53436416,-180224,16562044928,16564387840,2342912,16562135040,16564387840,2252800,-1,-1,-1
3,3,1,1,16,16,5208.274118,5208.408003,0.133885,0x405218,1,7900,2046,5854,2,100.000000,1,1,1.690816,1.200000,0.800000,monitor,15,7fff,1,1,53616640,53436416,-180224,16562044928,16564387840,2342912,16562135040,16564387840,2252800,-1,-1,-1
3,3,1,2,16,16,5209.546012,5209.684574,0.138562,0x405218,1,8895,3316,5579,36,100.000000,1,1,1.690816,1.200000,0.800000,monitor,15,7fff,1,1,53616640,53436416,-180224,16562044928,16564387840,2342912,16562135040,16564387840,2252800,-1,-1,-1
3,3,1,3,16,16,5208.011493,5208.136739,0.125246,0x405218,1,8868,4520,4348,6,100.000000,1,1,1.690816,1.200000,0.800000,monitor,15,7fff,1,1,53616640,53436416,-180224,16562044928,16564387840,2342912,16562135040,16564387840,2252800,-1,-1,-1
3,3,1,4,16,16,5208.261492,5208.383290,0.121798,0x405218,1,8843,3214,5629,40,100.000000,1,1,1.690816,1.200000,0.800000,monitor,15,7fff,1,1,53616640,53436416,-180224,16562044928,16564387840,2342912,16562135040,16564387840,2252800,-1,-1,-1
3,3,1,5,16,16,5208.704679,5208.831078,0.126399,0x405218,1,8831,2824,6007,42,100.000000,1,1,1.690816,1.200000,0.800000,monitor,15,7fff,1,1,53616640,53436416,-180224,16562044928,16564387840,2342912,16562135040,16564387840,2252800,-1,-1,-1
3,3,1,6,16,16,5208.018832,5208.156800,0.137968,0x405218,1,8706,3620,5086,44,100.000000,1,1,1.690816,1.200000,0.800000,monitor,15,7fff,1,1,53616640,53436416,-180224,16562044928,16564387840,2342912,16562135040,16564387840,2252800,-1,-1,-1
3,3,1,7,16,16,5208.572499,5208.706541,0.134042,0x405218,1,8904,3649,5255,14,100.000000,1,1,1.690816,1.200000,0.800000,monitor,15,7fff,1,1,53616640,53436416,-180224,16562044928,16564387840,2342912,16562135040,16564387840,2252800,-1,-1,-1
3,3,1,8,16,16,5208.003735,5208.131064,0.127329,0x405218,1,5374,4531,843,16,100.000000,1,1,1.690816,1.200000,0.800000,monitor,15,7fff,1,1,53616640,53436416,-180224,16562044928,16564387840,2342912,16562135040,16564387840,2252800,-1,-1,-1
3,3,1,9,16,16,5209.262863,5209.389263,0.126400,0x405218,1,8956,3358,5598,18,100.000000,1,1,1.690816,1.200000,0.800000,monitor,15,7fff,1,1,53616640,53436416,-180224,16562044928,16564387840,2342912,16562135040,16564387840,2252800,-1,-1,-1
3,3,1,10,16,16,5209.563947,5209.694551,0.130604,0x405218,1,8923,3218,5705,20,100.000000,1,1,1.690816,1.200000,0.800000,monitor,15,7fff,1,1,53616640,53436416,-180224,16562044928,16564387840,2342912,16562135040,16564387840,2252800,-1,-1,-1
3,3,1,11,16,16,5208.443233,5208.560463,0.117230,0x405218,1,8865,3245,5620,54,100.000000,1,1,1.690816,1.200000,0.800000,monitor,15,7fff,1,1,53616640,53436416,-180224,16562044928,16564387840,2342912,16562135040,16564387840,2252800,-1,-1,-1
3,3,1,12,16,16,5209.411256,5209.532649,0.121393,0x405218,1,8834,2794,6040,24,100.000000,1,1,1.690816,1.200000,0.800000,monitor,15,7fff,1,1,53616640,53436416,-180224,16562044928,16564387840,2342912,16562135040,16564387840,2252800,-1,-1,-1
3,3,1,13,16,16,5208.952831,5209.075249,0.122418,0x405218,1,8855,3211,5644,58,100.000000,1,1,1.690816,1.200000,0.800000,monitor,15,7fff,1,1,53616640,53436416,-180224,16562044928,16564387840,2342912,16562135040,16564387840,2252800,-1,-1,-1
3,3,1,14,16,16,5209.087048,5209.210257,0.123209,0x405218,1,8856,2713,6143,28,100.000000,1,1,1.690816,1.200000,0.800000,monitor,15,7fff,1,1,53616640,53436416,-180224,16562044928,16564387840,2342912,16562135040,16564387840,2252800,-1,-1,-1
3,3,1,15,16,16,5208.839085,5208.958324,0.119239,0x405218,1,8477,3236,5241,30,100.000000,1,1,1.690816,1.200000,0.800000,monitor,15,7fff,1,1,53616640,53436416,-180224,16562044928,16564387840,2342912,16562135040,16564387840,2252800,-1,-1,-1
4,4,1,0,16,16,5209.997400,5210.023974,0.026574,0x4052e4,1,2518,652,1866,0,100.000000,1,1,0.225824,1.200000,0.800000,monitor,15,7fff,1,1,54247424,54878208,630784,16567001088,16567631872,630784,16567091200,16567631872,540672,-1,-1,-1
4,4,1,1,16,16,5209.980251,5210.009172,0.028921,0x4052e4,1,197,109,88,2,100.000000,1,1,0.225824,1.200000,0.800000,monitor,15,7fff,1,1,54247424,54878208,630784,16567001088,16567631872,630784,16567091200,16567631872,540672,-1,-1,-1
4,4,1,2,16,16,5209.970681,5209.994798,0.024117,0x4052e4,1,1069,443,626,36,100.000000,1,1,0.225824,1.200000,0.800000,monitor,15,7fff,1,1,54247424,54878208,630784,16567001088,16567631872,630784,16567091200,16567631872,540672,-1,-1,-1
4,4,1,3,16,16,5209.962961,5209.985601,0.022640,0x4052e4,1,2680,250,2430,6,100.000000,1,1,0.225824,1.200000,0.800000,monitor,15,7fff,1,1,54247424,54878208,630784,16567001088,16567631872,630784,16567091200,16567631872,540672,-1,-1,-1
4,4,1,4,16,16,5209.975212,5209.997947,0.022735,0x4052e4,1,739,307,432,40,100.000000,1,1,0.225824,1.200000,0.800000,monitor,15,7fff,1,1,54247424,54878208,630784,16567001088,16567631872,630784,16567091200,16567631872,540672,-1,-1,-1
4,4,1,5,16,16,5209.966038,5209.989138,0.023100,0x4052e4,1,700,303,397,42,100.000000,1,1,0.225824,1.200000,0.800000,monitor,15,7fff,1,1,54247424,54878208,630784,16567001088,16567631872,630784,16567091200,16567631872,540672,-1,-1,-1
4,4,1,6,16,16,5210.162747,5210.186747,0.024000,0x4052e4,1,2723,227,2496,44,100.000000,1,1,0.225824,1.200000,0.800000,monitor,15,7fff,1,1,54247424,54878208,630784,16567001088,16567631872,630784,16567091200,16567631872,540672,-1,-1,-1
4,4,1,7,16,16,5210.035474,5210.058465,0.022991,0x4052e4,1,808,447,361,14,100.000000,1,1,0.225824,1.200000,0.800000,monitor,15,7fff,1,1,54247424,54878208,630784,16567001088,16567631872,630784,16567091200,16567631872,540672,-1,-1,-1
4,4,1,8,16,16,5209.960923,5209.981503,0.020580,0x4052e4,1,292,215,77,16,100.000000,1,1,0.225824,1.200000,0.800000,monitor,15,7fff,1,1,54247424,54878208,630784,16567001088,16567631872,630784,16567091200,16567631872,540672,-1,-1,-1
4,4,1,9,16,16,5210.027547,5210.050966,0.023419,0x4052e4,1,911,365,546,18,100.000000,1,1,0.225824,1.200000,0.800000,monitor,15,7fff,1,1,54247424,54878208,630784,16567001088,16567631872,630784,16567091200,16567631872,540672,-1,-1,-1
4,4,1,10,16,16,5210.050941,5210.073788,0.022847,0x4052e4,1,892,428,464,20,100.000000,1,1,0.225824,1.200000,0.800000,monitor,15,7fff,1,1,54247424,54878208,630784,16567001088,16567631872,630784,16567091200,16567631872,540672,-1,-1,-1
4,4,1,11,16,16,5210.018944,5210.042610,0.023666,0x4052e4,1,858,363,495,54,100.000000,1,1,0.225824,1.200000,0.800000,monitor,15,7fff,1,1,54247424,54878208,630784,16567001088,16567631872,630784,16567091200,16567631872,540672,-1,-1,-1
4,4,1,12,16,16,5210.043286,5210.066192,0.022906,0x4052e4,1,751,278,473,24,100.000000,1,1,0.225824,1.200000,0.800000,monitor,15,7fff,1,1,54247424,54878208,630784,16567001088,16567631872,630784,16567091200,16567631872,540672,-1,-1,-1
4,4,1,13,16,16,5210.058405,5210.081250,0.022845,0x4052e4,1,731,242,489,58,100.000000,1,1,0.225824,1.200000,0.800000,monitor,15,7fff,1,1,54247424,54878208,630784,16567001088,16567631872,630784,16567091200,16567631872,540672,-1,-1,-1
4,4,1,14,16,16,5210.002868,5210.025970,0.023102,0x4052e4,1,699,239,460,28,100.000000,1,1,0.225824,1.200000,0.800000,monitor,15,7fff,1,1,54247424,54878208,630784,16567001088,16567631872,630784,16567091200,16567631872,540672,-1,-1,-1
4,4,1,15,16,16,5210.011031,5210.034345,0.023314,0x4052e4,1,769,310,459,30,100.000000,1,1,0.225824,1.200000,0.800000,monitor,15,7fff,1,1,54247424,54878208,630784,16567001088,16567631872,630784,16567091200,16567631872,540672,-1,-1,-1
5,5,1,0,16,16,5210.596929,5210.620255,0.023326,0x40533c,1,1498,12,1486,0,100.000000,1,1,0.532309,1.200000,0.800000,monitor,15,7fff,1,1,55238656,55238656,0,16567902208,16567992320,90112,16567902208,16567992320,90112,-1,-1,-1
5,5,1,1,16,16,5210.612316,5210.644001,0.031685,0x40533c,1,77,22,55,2,100.000000,1,1,0.532309,1.200000,0.800000,monitor,15,7fff,1,1,55238656,55238656,0,16567902208,16567992320,90112,16567902208,16567992320,90112,-1,-1,-1
5,5,1,2,16,16,5210.852085,5210.872395,0.020310,0x40533c,1,105,9,96,36,100.000000,1,1,0.532309,1.200000,0.800000,monitor,15,7fff,1,1,55238656,55238656,0,16567902208,16567992320,90112,16567902208,16567992320,90112,-1,-1,-1
5,5,1,3,16,16,5210.851691,5210.875995,0.024304,0x40533c,1,1781,32,1749,6,100.000000,1,1,0.532309,1.200000,0.800000,monitor,15,7fff,1,1,55238656,55238656,0,16567902208,16567992320,90112,16567902208,16567992320,90112,-1,-1,-1
5,5,1,4,16,16,5210.617515,5210.641163,0.023648,0x40533c,1,70,7,63,40,100.000000,1,1,0.532309,1.200000,0.800000,monitor,15,7fff,1,1,55238656,55238656,0,16567902208,16567992320,90112,16567902208,16567992320,90112,-1,-1,-1
5,5,1,5,16,16,5210.856651,5210.876924,0.020273,0x40533c,1,37,7,30,42,100.000000,1,1,0.532309,1.200000,0.800000,monitor,15,7fff,1,1,55238656,55238656,0,16567902208,16567992320,90112,16567902208,16567992320,90112,-1,-1,-1
5,5,1,6,16,16,5210.362286,5210.383138,0.020852,0x40533c,1,327,23,304,44,100.000000,1,1,0.532309,1.200000,0.800000,monitor,15,7fff,1,1,55238656,55238656,0,16567902208,16567992320,90112,16567902208,16567992320,90112,-1,-1,-1
5,5,1,7,16,16,5210.353115,5210.373512,0.020397,0x40533c,1,58,2,56,14,100.000000,1,1,0.532309,1.200000,0.800000,monitor,15,7fff,1,1,55238656,55238656,0,16567902208,16567992320,90112,16567902208,16567992320,90112,-1,-1,-1
5,5,1,8,16,16,5210.710337,5210.734775,0.024438,0x40533c,1,1762,131,1631,16,100.000000,1,1,0.532309,1.200000,0.800000,monitor,15,7fff,1,1,55238656,55238656,0,16567902208,16567992320,90112,16567902208,16567992320,90112,-1,-1,-1
5,5,1,9,16,16,5210.348795,5210.369232,0.020437,0x40533c,1,108,17,91,18,100.000000,1,1,0.532309,1.200000,0.800000,monitor,15,7fff,1,1,55238656,55238656,0,16567902208,16567992320,90112,16567902208,16567992320,90112,-1,-1,-1
5,5,1,10,16,16,5210.596292,5210.616629,0.020337,0x40533c,1,66,3,63,20,100.000000,1,1,0.532309,1.200000,0.800000,monitor,15,7fff,1,1,55238656,55238656,0,16567902208,16567992320,90112,16567902208,16567992320,90112,-1,-1,-1
5,5,1,11,16,16,5210.357354,5210.377518,0.020164,0x40533c,1,28,2,26,54,100.000000,1,1,0.532309,1.200000,0.800000,monitor,15,7fff,1,1,55238656,55238656,0,16567902208,16567992320,90112,16567902208,16567992320,90112,-1,-1,-1
5,5,1,12,16,16,5210.365981,5210.386244,0.020263,0x40533c,1,28,2,26,24,100.000000,1,1,0.532309,1.200000,0.800000,monitor,15,7fff,1,1,55238656,55238656,0,16567902208,16567992320,90112,16567902208,16567992320,90112,-1,-1,-1
5,5,1,13,16,16,5210.622955,5210.646861,0.023906,0x40533c,1,58,1,57,58,100.000000,1,1,0.532309,1.200000,0.800000,monitor,15,7fff,1,1,55238656,55238656,0,16567902208,16567992320,90112,16567902208,16567992320,90112,-1,-1,-1
5,5,1,14,16,16,5210.602812,5210.622993,0.020181,0x40533c,1,56,5,51,28,100.000000,1,1,0.532309,1.200000,0.800000,monitor,15,7fff,1,1,55238656,55238656,0,16567902208,16567992320,90112,16567902208,16567992320,90112,-1,-1,-1
5,5,1,15,16,16,5210.344615,5210.365018,0.020403,0x40533c,1,109,15,94,30,100.000000,1,1,0.532309,1.200000,0.800000,monitor,15,7fff,1,1,55238656,55238656,0,16567902208,16567992320,90112,16567902208,16567992320,90112,-1,-1,-1
398,2,100,0,16,16,38707.126327,39056.658636,133.071151,0x4051ce,1,13545646,9502615,4043031,32,100.000000,1,1,354.336079,1.200000,0.800000,monitor,15,7fff,1,1,85516288,84615168,-901120,3223852318720,3258113081344,34260762624,3223852318720,3258113081344,34260762624,-1,-1,-1
398,2,100,1,16,16,38707.091625,39056.849562,144.716474,0x4051ce,1,14433409,9900983,4532426,2,100.000000,1,1,354.336079,1.200000,0.800000,monitor,15,7fff,1,1,85516288,84615168,-901120,3223852318720,3258113081344,34260762624,3223852318720,3258113081344,34260762624,-1,-1,-1
398,2,100,2,16,16,38707.087109,39056.606733,147.023389,0x4051ce,1,14191351,12425027,1766324,4,100.000000,1,1,354.336079,1.200000,0.800000,monitor,15,7fff,1,1,85516288,84615168,-901120,3223852318720,3258113081344,34260762624,3223852318720,3258113081344,34260762624,-1,-1,-1
398,2,100,3,16,16,38706.952685,39056.567214,148.159096,0x4051ce,1,14179130,12929242,1249888,38,100.000000,1,1,354.336079,1.200000,0.800000,monitor,15,7fff,1,1,85516288,84615168,-901120,3223852318720,3258113081344,34260762624,3223852318720,3258113081344,34260762624,-1,-1,-1
398,2,100,4,16,16,38707.105473,39061.042167,352.646201,0x4051ce,1,48975204,35405774,13569430,8,100.000000,1,1,354.336079,1.200000,0.800000,monitor,15,7fff,1,1,85516288,84615168,-901120,3223852318720,3258113081344,34260762624,3223852318720,3258113081344,34260762624,-1,-1,-1
398,2,100,5,16,16,38706.947059,39061.041427,351.782627,0x4051ce,1,49016423,34988090,14028333,42,100.000000,1,1,354.336079,1.200000,0.800000,monitor,15,7fff,1,1,85516288,84615168,-901120,3223852318720,3258113081344,34260762624,3223852318720,3258113081344,34260762624,-1,-1,-1
398,2,100,6,16,16,38706.888777,39060.799274,337.871476,0x4051ce,1,46321800,33575743,12746057,44,100.000000,1,1,354.336079,1.200000,0.800000,monitor,15,7fff,1,1,85516288,84615168,-901120,3223852318720,3258113081344,34260762624,3223852318720,3258113081344,34260762624,-1,-1,-1
398,2,100,7,16,16,38707.096329,39061.041179,349.950821,0x4051ce,1,48931989,34905458,14026531,14,100.000000,1,1,354.336079,1.200000,0.800000,monitor,15,7fff,1,1,85516288,84615168,-901120,3223852318720,3258113081344,34260762624,3223852318720,3258113081344,34260762624,-1,-1,-1
398,2,100,8,16,16,38707.118728,39061.035087,352.452600,0x4051ce,1,48864534,35784720,13079814,16,100.000000,1,1,354.336079,1.200000,0.800000,monitor,15,7fff,1,1,85516288,84615168,-901120,3223852318720,3258113081344,34260762624,3223852318720,3258113081344,34260762624,-1,-1,-1
398,2,100,9,16,16,38706.942685,39060.820946,340.335140,0x4051ce,1,46107432,34042926,12064506,18,100.000000,1,1,354.336079,1.200000,0.800000,monitor,15,7fff,1,1,85516288,84615168,-901120,3223852318720,3258113081344,34260762624,3223852318720,3258113081344,34260762624,-1,-1,-1
398,2,100,10,16,16,38706.962677,39060.987734,351.104250,0x4051ce,1,48895798,35675612,13220186,20,100.000000,1,1,354.336079,1.200000,0.800000,monitor,15,7fff,1,1,85516288,84615168,-901120,3223852318720,3258113081344,34260762624,3223852318720,3258113081344,34260762624,-1,-1,-1
398,2,100,11,16,16,38706.971125,39061.009209,351.574215,0x4051ce,1,48907680,35661964,13245716,54,100.000000,1,1,354.336079,1.200000,0.800000,monitor,15,7fff,1,1,85516288,84615168,-901120,3223852318720,3258113081344,34260762624,3223852318720,3258113081344,34260762624,-1,-1,-1
398,2,100,12,16,16,38706.706088,39056.586109,151.048297,0x4051ce,1,14142107,13587498,554609,24,100.000000,1,1,354.336079,1.200000,0.800000,monitor,15,7fff,1,1,85516288,84615168,-901120,3223852318720,3258113081344,34260762624,3223852318720,3258113081344,34260762624,-1,-1,-1
398,2,100,13,16,16,38706.958010,39056.576469,152.101545,0x4051ce,1,14120826,13716109,404717,58,100.000000,1,1,354.336079,1.200000,0.800000,monitor,15,7fff,1,1,85516288,84615168,-901120,3223852318720,3258113081344,34260762624,3223852318720,3258113081344,34260762624,-1,-1,-1
398,2,100,14,16,16,38707.100719,39056.595828,152.798023,0x4051ce,1,14127395,13701728,425667,60,100.000000,1,1,354.336079,1.200000,0.800000,monitor,15,7fff,1,1,85516288,84615168,-901120,3223852318720,3258113081344,34260762624,3223852318720,3258113081344,34260762624,-1,-1,-1
398,2,100,15,16,16,38707.110435,39056.605777,151.539639,0x4051ce,1,13842320,13433829,408491,30,100.000000,1,1,354.336079,1.200000,0.800000,monitor,15,7fff,1,1,85516288,84615168,-901120,3223852318720,3258113081344,34260762624,3223852318720,3258113081344,34260762624,-1,-1,-1
399,3,100,0,16,16,39063.134866,39063.278352,0.143486,0x405218,1,8320,5540,2780,32,100.000000,1,1,2.064103,1.200000,0.800000,monitor,15,7fff,1,1,86147072,83443712,-2703360,3258121461760,3258130202624,8740864,3258121461760,3258130202624,8740864,-1,-1,-1
399,3,100,1,16,16,39061.577343,39061.772820,0.195477,0x405218,1,7968,6256,1712,2,100.000000,1,1,2.064103,1.200000,0.800000,monitor,15,7fff,1,1,86147072,83443712,-2703360,3258121461760,3258130202624,8740864,3258121461760,3258130202624,8740864,-1,-1,-1
399,3,100,2,16,16,39062.956645,39063.093683,0.137038,0x405218,1,8903,3742,5161,4,100.000000,1,1,2.064103,1.200000,0.800000,monitor,15,7fff,1,1,86147072,83443712,-2703360,3258121461760,3258130202624,8740864,3258121461760,3258130202624,8740864,-1,-1,-1
399,3,100,3,16,16,39061.355345,39061.485247,0.129902,0x405218,1,6155,5894,261,38,100.000000,1,1,2.064103,1.200000,0.800000,monitor,15,7fff,1,1,86147072,83443712,-2703360,3258121461760,3258130202624,8740864,3258121461760,3258130202624,8740864,-1,-1,-1
399,3,100,4,16,16,39061.565109,39061.892786,0.327677,0x405218,1,19161,11909,7252,8,100.000000,1,1,2.064103,1.200000,0.800000,monitor,15,7fff,1,1,86147072,83443712,-2703360,3258121461760,3258130202624,8740864,3258121461760,3258130202624,8740864,-1,-1,-1
399,3,100,5,16,16,39062.328851,39062.644572,0.315721,0x405218,1,19138,8700,10438,42,100.000000,1,1,2.064103,1.200000,0.800000,monitor,15,7fff,1,1,86147072,83443712,-2703360,3258121461760,3258130202624,8740864,3258121461760,3258130202624,8740864,-1,-1,-1
399,3,100,6,16,16,39062.604361,39062.921773,0.317412,0x405218,1,18479,12123,6356,44,100.000000,1,1,2.064103,1.200000,0.800000,monitor,15,7fff,1,1,86147072,83443712,-2703360,3258121461760,3258130202624,8740864,3258121461760,3258130202624,8740864,-1,-1,-1
399,3,100,7,16,16,39061.748125,39062.061128,0.313003,0x405218,1,19086,9780,9306,14,100.000000,1,1,2.064103,1.200000,0.800000,monitor,15,7fff,1,1,86147072,83443712,-2703360,3258121461760,3258130202624,8740864,3258121461760,3258130202624,8740864,-1,-1,-1
399,3,100,8,16,16,39061.548772,39061.867265,0.318493,0x405218,1,19350,10022,9328,16,100.000000,1,1,2.064103,1.200000,0.800000,monitor,15,7fff,1,1,86147072,83443712,-2703360,3258121461760,3258130202624,8740864,3258121461760,3258130202624,8740864,-1,-1,-1
399,3,100,9,16,16,39062.459193,39062.772917,0.313724,0x405218,1,18463,9786,8677,18,100.000000,1,1,2.064103,1.200000,0.800000,monitor,15,7fff,1,1,86147072,83443712,-2703360,3258121461760,3258130202624,8740864,3258121461760,3258130202624,8740864,-1,-1,-1
399,3,100,10,16,16,39063.106278,39063.419448,0.313170,0x405218,1,19146,9614,9532,20,100.000000,1,1,2.064103,1.200000,0.800000,monitor,15,7fff,1,1,86147072,83443712,-2703360,3258121461760,3258130202624,8740864,3258121461760,3258130202624,8740864,-1,-1,-1
399,3,100,11,16,16,39061.928349,39062.236663,0.308314,0x405218,1,19088,10462,8626,54,100.000000,1,1,2.064103,1.200000,0.800000,monitor,15,7fff,1,1,86147072,83443712,-2703360,3258121461760,3258130202624,8740864,3258121461760,3258130202624,8740864,-1,-1,-1
399,3,100,12,16,16,39061.358682,39061.491161,0.132479,0x405218,1,5566,5054,512,24,100.000000,1,1,2.064103,1.200000,0.800000,monitor,15,7fff,1,1,86147072,83443712,-2703360,3258121461760,3258130202624,8740864,3258121461760,3258130202624,8740864,-1,-1,-1
399,3,100,13,16,16,39062.063257,39062.193674,0.130417,0x405218,1,8914,3967,4947,58,100.000000,1,1,2.064103,1.200000,0.800000,monitor,15,7fff,1,1,86147072,83443712,-2703360,3258121461760,3258130202624,8740864,3258121461760,3258130202624,8740864,-1,-1,-1
399,3,100,14,16,16,39062.766585,39062.902248,0.135663,0x405218,1,8891,4212,4679,60,100.000000,1,1,2.064103,1.200000,0.800000,monitor,15,7fff,1,1,86147072,83443712,-2703360,3258121461760,3258130202624,8740864,3258121461760,3258130202624,8740864,-1,-1,-1
399,3,100,15,16,16,39062.196054,39062.326828,0.130774,0x405218,1,8540,4504,4036,30,100.000000,1,1,2.064103,1.200000,0.800000,monitor,15,7fff,1,1,86147072,83443712,-2703360,3258121461760,3258130202624,8740864,3258121461760,3258130202624,8740864,-1,-1,-1
400,4,100,0,16,16,39063.743036,39063.775048,0.032012,0x4052e4,1,2388,1317,1071,32,100.000000,1,1,0.357041,1.200000,0.800000,monitor,15,7fff,1,1,83623936,83533824,-90112,3258132996096,3258133356544,360448,3258132996096,3258133356544,360448,-1,-1,-1
400,4,100,1,16,16,39064.067032,39064.097968,0.030936,0x4052e4,1,243,202,41,2,100.000000,1,1,0.357041,1.200000,0.800000,monitor,15,7fff,1,1,83623936,83533824,-90112,3258132996096,3258133356544,360448,3258132996096,3258133356544,360448,-1,-1,-1
400,4,100,2,16,16,39063.746438,39063.771015,0.024577,0x4052e4,1,883,420,463,4,100.000000,1,1,0.357041,1.200000,0.800000,monitor,15,7fff,1,1,83623936,83533824,-90112,3258132996096,3258133356544,360448,3258132996096,3258133356544,360448,-1,-1,-1
400,4,100,3,16,16,39064.062194,39064.087614,0.025420,0x4052e4,1,2678,251,2427,38,100.000000,1,1,0.357041,1.200000,0.800000,monitor,15,7fff,1,1,83623936,83533824,-90112,3258132996096,3258133356544,360448,3258132996096,3258133356544,360448,-1,-1,-1
400,4,100,4,16,16,39063.774574,39063.800448,0.025874,0x4052e4,1,527,427,100,8,100.000000,1,1,0.357041,1.200000,0.800000,monitor,15,7fff,1,1,83623936,83533824,-90112,3258132996096,3258133356544,360448,3258132996096,3258133356544,360448,-1,-1,-1
400,4,100,5,16,16,39063.765868,39063.791661,0.025793,0x4052e4,1,424,331,93,42,100.000000,1,1,0.357041,1.200000,0.800000,monitor,15,7fff,1,1,83623936,83533824,-90112,3258132996096,3258133356544,360448,3258132996096,3258133356544,360448,-1,-1,-1
400,4,100,6,16,16,39063.793076,39063.819134,0.026058,0x4052e4,1,531,385,146,44,100.000000,1,1,0.357041,1.200000,0.800000,monitor,15,7fff,1,1,83623936,83533824,-90112,3258132996096,3258133356544,360448,3258132996096,3258133356544,360448,-1,-1,-1
400,4,100,7,16,16,39063.783687,39063.810407,0.026720,0x4052e4,1,529,371,158,14,100.000000,1,1,0.357041,1.200000,0.800000,monitor,15,7fff,1,1,83623936,83533824,-90112,3258132996096,3258133356544,360448,3258132996096,3258133356544,360448,-1,-1,-1
400,4,100,8,16,16,39063.750820,39063.777368,0.026548,0x4052e4,1,742,484,258,16,100.000000,1,1,0.357041,1.200000,0.800000,monitor,15,7fff,1,1,83623936,83533824,-90112,3258132996096,3258133356544,360448,3258132996096,3258133356544,360448,-1,-1,-1
400,4,100,9,16,16,39063.802695,39063.828734,0.026039,0x4052e4,1,623,411,212,18,100.000000,1,1,0.357041,1.200000,0.800000,monitor,15,7fff,1,1,83623936,83533824,-90112,3258132996096,3258133356544,360448,3258132996096,3258133356544,360448,-1,-1,-1
400,4,100,10,16,16,39063.746583,39063.772125,0.025542,0x4052e4,1,524,352,172,20,100.000000,1,1,0.357041,1.200000,0.800000,monitor,15,7fff,1,1,83623936,83533824,-90112,3258132996096,3258133356544,360448,3258132996096,3258133356544,360448,-1,-1,-1
400,4,100,11,16,16,39063.757191,39063.783015,0.025824,0x4052e4,1,476,363,113,54,100.000000,1,1,0.357041,1.200000,0.800000,monitor,15,7fff,1,1,83623936,83533824,-90112,3258132996096,3258133356544,360448,3258132996096,3258133356544,360448,-1,-1,-1
400,4,100,12,16,16,39063.741112,39063.763124,0.022012,0x4052e4,1,65,32,33,24,100.000000,1,1,0.357041,1.200000,0.800000,monitor,15,7fff,1,1,83623936,83533824,-90112,3258132996096,3258133356544,360448,3258132996096,3258133356544,360448,-1,-1,-1
400,4,100,13,16,16,39064.073465,39064.098153,0.024688,0x4052e4,1,729,287,442,58,100.000000,1,1,0.357041,1.200000,0.800000,monitor,15,7fff,1,1,83623936,83533824,-90112,3258132996096,3258133356544,360448,3258132996096,3258133356544,360448,-1,-1,-1
400,4,100,14,16,16,39063.751324,39063.776037,0.024713,0x4052e4,1,715,436,279,60,100.000000,1,1,0.357041,1.200000,0.800000,monitor,15,7fff,1,1,83623936,83533824,-90112,3258132996096,3258133356544,360448,3258132996096,3258133356544,360448,-1,-1,-1
400,4,100,15,16,16,39063.748475,39063.772745,0.024270,0x4052e4,1,748,344,404,30,100.000000,1,1,0.357041,1.200000,0.800000,monitor,15,7fff,1,1,83623936,83533824,-90112,3258132996096,3258133356544,360448,3258132996096,3258133356544,360448,-1,-1,-1
401,5,100,0,16,16,39064.226583,39064.248822,0.022239,0x40533c,1,40,1,39,32,100.000000,1,1,0.066710,1.200000,0.800000,monitor,15,7fff,1,1,83353600,83353600,0,3258133626880,3258133716992,90112,3258133626880,3258133716992,90112,-1,-1,-1
401,5,100,1,16,16,39064.220940,39064.250551,0.029611,0x40533c,1,90,38,52,2,100.000000,1,1,0.066710,1.200000,0.800000,monitor,15,7fff,1,1,83353600,83353600,0,3258133626880,3258133716992,90112,3258133626880,3258133716992,90112,-1,-1,-1
401,5,100,2,16,16,39064.247367,39064.269381,0.022014,0x40533c,1,67,9,58,4,100.000000,1,1,0.066710,1.200000,0.800000,monitor,15,7fff,1,1,83353600,83353600,0,3258133626880,3258133716992,90112,3258133626880,3258133716992,90112,-1,-1,-1
401,5,100,3,16,16,39064.251113,39064.273259,0.022146,0x40533c,1,363,55,308,38,100.000000,1,1,0.066710,1.200000,0.800000,monitor,15,7fff,1,1,83353600,83353600,0,3258133626880,3258133716992,90112,3258133626880,3258133716992,90112,-1,-1,-1
401,5,100,4,16,16,39064.255801,39064.284127,0.028326,0x40533c,1,421,283,138,8,100.000000,1,1,0.066710,1.200000,0.800000,monitor,15,7fff,1,1,83353600,83353600,0,3258133626880,3258133716992,90112,3258133626880,3258133716992,90112,-1,-1,-1
401,5,100,5,16,16,39064.244447,39064.272211,0.027764,0x40533c,1,545,292,253,42,100.000000,1,1,0.066710,1.200000,0.800000,monitor,15,7fff,1,1,83353600,83353600,0,3258133626880,3258133716992,90112,3258133626880,3258133716992,90112,-1,-1,-1
401,5,100,6,16,16,39064.232287,39064.259979,0.027692,0x40533c,1,375,253,122,44,100.000000,1,1,0.066710,1.200000,0.800000,monitor,15,7fff,1,1,83353600,83353600,0,3258133626880,3258133716992,90112,3258133626880,3258133716992,90112,-1,-1,-1
401,5,100,7,16,16,39064.230054,39064.257978,0.027924,0x40533c,1,547,339,208,14,100.000000,1,1,0.066710,1.200000,0.800000,monitor,15,7fff,1,1,83353600,83353600,0,3258133626880,3258133716992,90112,3258133626880,3258133716992,90112,-1,-1,-1
401,5,100,8,16,16,39064.251790,39064.279508,0.027718,0x40533c,1,384,173,211,16,100.000000,1,1,0.066710,1.200000,0.800000,monitor,15,7fff,1,1,83353600,83353600,0,3258133626880,3258133716992,90112,3258133626880,3258133716992,90112,-1,-1,-1
401,5,100,9,16,16,39064.259833,39064.287339,0.027506,0x40533c,1,477,245,232,18,100.000000,1,1,0.066710,1.200000,0.800000,monitor,15,7fff,1,1,83353600,83353600,0,3258133626880,3258133716992,90112,3258133626880,3258133716992,90112,-1,-1,-1
401,5,100,10,16,16,39064.238918,39064.266648,0.027730,0x40533c,1,535,291,244,20,100.000000,1,1,0.066710,1.200000,0.800000,monitor,15,7fff,1,1,83353600,83353600,0,3258133626880,3258133716992,90112,3258133626880,3258133716992,90112,-1,-1,-1
401,5,100,11,16,16,39064.243724,39064.270901,0.027177,0x40533c,1,610,352,258,54,100.000000,1,1,0.066710,1.200000,0.800000,monitor,15,7fff,1,1,83353600,83353600,0,3258133626880,3258133716992,90112,3258133626880,3258133716992,90112,-1,-1,-1
401,5,100,12,16,16,39064.220629,39064.242093,0.021464,0x40533c,1,52,3,49,24,100.000000,1,1,0.066710,1.200000,0.800000,monitor,15,7fff,1,1,83353600,83353600,0,3258133626880,3258133716992,90112,3258133626880,3258133716992,90112,-1,-1,-1
401,5,100,13,16,16,39064.234845,39064.256762,0.021917,0x40533c,1,44,6,38,58,100.000000,1,1,0.066710,1.200000,0.800000,monitor,15,7fff,1,1,83353600,83353600,0,3258133626880,3258133716992,90112,3258133626880,3258133716992,90112,-1,-1,-1
401,5,100,14,16,16,39064.238856,39064.260718,0.021862,0x40533c,1,58,1,57,60,100.000000,1,1,0.066710,1.200000,0.800000,monitor,15,7fff,1,1,83353600,83353600,0,3258133626880,3258133716992,90112,3258133626880,3258133716992,90112,-1,-1,-1
401,5,100,15,16,16,39064.225479,39064.247363,0.021884,0x40533c,1,43,2,41,30,100.000000,1,1,0.066710,1.200000,0.800000,monitor,15,7fff,1,1,83353600,83353600,0,3258133626880,3258133716992,90112,3258133626880,3258133716992,90112,-1,-1,-1
798,2,200,0,16,16,75897.735571,76260.553020,132.850702,0x4051ce,1,13528951,9482829,4046122,32,100.000000,1,1,367.661159,1.200000,0.800000,monitor,15,7fff,1,1,84885504,84705280,-180224,6746252181504,6781848584192,35596402688,6746252181504,6781848584192,35596402688,-1,-1,-1
798,2,200,1,16,16,75897.722473,76260.752243,143.880862,0x4051ce,1,14433323,9894576,4538747,2,100.000000,1,1,367.661159,1.200000,0.800000,monitor,15,7fff,1,1,84885504,84705280,-180224,6746252181504,6781848584192,35596402688,6746252181504,6781848584192,35596402688,-1,-1,-1
798,2,200,2,16,16,75897.727169,76260.477594,146.818612,0x4051ce,1,14192625,12423123,1769502,4,100.000000,1,1,367.661159,1.200000,0.800000,monitor,15,7fff,1,1,84885504,84705280,-180224,6746252181504,6781848584192,35596402688,6746252181504,6781848584192,35596402688,-1,-1,-1
798,2,200,3,16,16,75897.700578,76260.447464,148.312660,0x4051ce,1,14180113,12907346,1272767,38,100.000000,1,1,367.661159,1.200000,0.800000,monitor,15,7fff,1,1,84885504,84705280,-180224,6746252181504,6781848584192,35596402688,6746252181504,6781848584192,35596402688,-1,-1,-1
798,2,200,4,16,16,75897.691434,76265.330025,366.660734,0x4051ce,1,51654390,37212841,14441549,8,100.000000,1,1,367.661159,1.200000,0.800000,monitor,15,7fff,1,1,84885504,84705280,-180224,6746252181504,6781848584192,35596402688,6746252181504,6781848584192,35596402688,-1,-1,-1
798,2,200,5,16,16,75897.742819,76265.342356,364.814845,0x4051ce,1,51697210,36781063,14916147,42,100.000000,1,1,367.661159,1.200000,0.800000,monitor,15,7fff,1,1,84885504,84705280,-180224,6746252181504,6781848584192,35596402688,6746252181504,6781848584192,35596402688,-1,-1,-1
798,2,200,6,16,16,75897.686081,76265.057667,350.189695,0x4051ce,1,48664677,35340559,13324118,12,100.000000,1,1,367.661159,1.200000,0.800000,monitor,15,7fff,1,1,84885504,84705280,-180224,6746252181504,6781848584192,35596402688,6746252181504,6781848584192,35596402688,-1,-1,-1
798,2,200,7,16,16,75897.718451,76265.332673,363.120585,0x4051ce,1,51541095,36744575,14796520,14,100.000000,1,1,367.661159,1.200000,0.800000,monitor,15,7fff,1,1,84885504,84705280,-180224,6746252181504,6781848584192,35596402688,6746252181504,6781848584192,35596402688,-1,-1,-1
798,2,200,8,16,16,75897.746979,76265.301522,365.617545,0x4051ce,1,51453378,37571565,13881813,16,100.000000,1,1,367.661159,1.200000,0.800000,monitor,15,7fff,1,1,84885504,84705280,-180224,6746252181504,6781848584192,35596402688,6746252181504,6781848584192,35596402688,-1,-1,-1
798,2,200,9,16,16,75897.713815,76265.106143,352.552302,0x4051ce,1,48375808,35696013,12679795,18,100.000000,1,1,367.661159,1.200000,0.800000,monitor,15,7fff,1,1,84885504,84705280,-180224,6746252181504,6781848584192,35596402688,6746252181504,6781848584192,35596402688,-1,-1,-1
798,2,200,10,16,16,75897.682276,76265.292320,364.589501,0x4051ce,1,51485415,37563152,13922263,20,100.000000,1,1,367.661159,1.200000,0.800000,monitor,15,7fff,1,1,84885504,84705280,-180224,6746252181504,6781848584192,35596402688,6746252181504,6781848584192,35596402688,-1,-1,-1
798,2,200,11,16,16,75897.695639,76265.288690,364.401623,0x4051ce,1,51493785,37504331,13989454,54,100.000000,1,1,367.661159,1.200000,0.800000,monitor,15,7fff,1,1,84885504,84705280,-180224,6746252181504,6781848584192,35596402688,6746252181504,6781848584192,35596402688,-1,-1,-1
798,2,200,12,16,16,75897.681197,76260.476956,151.370680,0x4051ce,1,14149371,13608588,540783,24,100.000000,1,1,367.661159,1.200000,0.800000,monitor,15,7fff,1,1,84885504,84705280,-180224,6746252181504,6781848584192,35596402688,6746252181504,6781848584192,35596402688,-1,-1,-1
798,2,200,13,16,16,75897.682528,76260.485640,152.033669,0x4051ce,1,14112901,13693514,419387,58,100.000000,1,1,367.661159,1.200000,0.800000,monitor,15,7fff,1,1,84885504,84705280,-180224,6746252181504,6781848584192,35596402688,6746252181504,6781848584192,35596402688,-1,-1,-1
798,2,200,14,16,16,75897.707628,76260.605352,155.511507,0x4051ce,1,13879414,13477872,401542,60,100.000000,1,1,367.661159,1.200000,0.800000,monitor,15,7fff,1,1,84885504,84705280,-180224,6746252181504,6781848584192,35596402688,6746252181504,6781848584192,35596402688,-1,-1,-1
798,2,200,15,16,16,75897.757501,76260.482967,151.569648,0x4051ce,1,13841541,13433129,408412,30,100.000000,1,1,367.661159,1.200000,0.800000,monitor,15,7fff,1,1,84885504,84705280,-180224,6746252181504,6781848584192,35596402688,6746252181504,6781848584192,35596402688,-1,-1,-1
799,3,200,0,16,16,76267.134483,76267.460055,0.325572,0x405218,1,7308,5547,1761,32,100.000000,1,1,1.815771,1.200000,0.800000,monitor,15,7fff,1,1,86327296,84254720,-2072576,6781855522816,6781865164800,9641984,6781855522816,6781865164800,9641984,-1,-1,-1
799,3,200,1,16,16,76266.873526,76267.087975,0.214449,0x405218,1,7961,6146,1815,2,100.000000,1,1,1.815771,1.200000,0.800000,monitor,15,7fff,1,1,86327296,84254720,-2072576,6781855522816,6781865164800,9641984,6781855522816,6781865164800,9641984,-1,-1,-1
799,3,200,2,16,16,76265.869972,76265.995590,0.125618,0x405218,1,5752,5021,731,4,100.000000,1,1,1.815771,1.200000,0.800000,monitor,15,7fff,1,1,86327296,84254720,-2072576,6781855522816,6781865164800,9641984,6781855522816,6781865164800,9641984,-1,-1,-1
799,3,200,3,16,16,76265.644284,76265.781120,0.136836,0x405218,1,6093,5792,301,38,100.000000,1,1,1.815771,1.200000,0.800000,monitor,15,7fff,1,1,86327296,84254720,-2072576,6781855522816,6781865164800,9641984,6781855522816,6781865164800,9641984,-1,-1,-1
799,3,200,4,16,16,76265.850521,76266.181253,0.330732,0x405218,1,20015,12435,7580,8,100.000000,1,1,1.815771,1.200000,0.800000,monitor,15,7fff,1,1,86327296,84254720,-2072576,6781855522816,6781865164800,9641984,6781855522816,6781865164800,9641984,-1,-1,-1
799,3,200,5,16,16,76265.997297,76266.324723,0.327426,0x405218,1,19866,11403,8463,42,100.000000,1,1,1.815771,1.200000,0.800000,monitor,15,7fff,1,1,86327296,84254720,-2072576,6781855522816,6781865164800,9641984,6781855522816,6781865164800,9641984,-1,-1,-1
799,3,200,6,16,16,76267.096691,76267.423474,0.326783,0x405218,1,19005,12917,6088,12,100.000000,1,1,1.815771,1.200000,0.800000,monitor,15,7fff,1,1,86327296,84254720,-2072576,6781855522816,6781865164800,9641984,6781855522816,6781865164800,9641984,-1,-1,-1
799,3,200,7,16,16,76266.858995,76267.200906,0.341911,0x405218,1,19812,10831,8981,14,100.000000,1,1,1.815771,1.200000,0.800000,monitor,15,7fff,1,1,86327296,84254720,-2072576,6781855522816,6781865164800,9641984,6781855522816,6781865164800,9641984,-1,-1,-1
799,3,200,8,16,16,76266.010816,76266.335186,0.324370,0x405218,1,17573,11127,6446,16,100.000000,1,1,1.815771,1.200000,0.800000,monitor,15,7fff,1,1,86327296,84254720,-2072576,6781855522816,6781865164800,9641984,6781855522816,6781865164800,9641984,-1,-1,-1
799,3,200,9,16,16,76266.705232,76267.033122,0.327890,0x405218,1,19083,9920,9163,18,100.000000,1,1,1.815771,1.200000,0.800000,monitor,15,7fff,1,1,86327296,84254720,-2072576,6781855522816,6781865164800,9641984,6781855522816,6781865164800,9641984,-1,-1,-1
799,3,200,10,16,16,76266.143138,76266.462953,0.319815,0x405218,1,19939,10367,9572,20,100.000000,1,1,1.815771,1.200000,0.800000,monitor,15,7fff,1,1,86327296,84254720,-2072576,6781855522816,6781865164800,9641984,6781855522816,6781865164800,9641984,-1,-1,-1
799,3,200,11,16,16,76266.429922,76266.761350,0.331428,0x405218,1,19917,10478,9439,54,100.000000,1,1,1.815771,1.200000,0.800000,monitor,15,7fff,1,1,86327296,84254720,-2072576,6781855522816,6781865164800,9641984,6781855522816,6781865164800,9641984,-1,-1,-1
799,3,200,12,16,16,76265.861908,76265.998775,0.136867,0x405218,1,8898,3912,4986,24,100.000000,1,1,1.815771,1.200000,0.800000,monitor,15,7fff,1,1,86327296,84254720,-2072576,6781855522816,6781865164800,9641984,6781855522816,6781865164800,9641984,-1,-1,-1
799,3,200,13,16,16,76265.850835,76265.980275,0.129440,0x405218,1,5031,4486,545,58,100.000000,1,1,1.815771,1.200000,0.800000,monitor,15,7fff,1,1,86327296,84254720,-2072576,6781855522816,6781865164800,9641984,6781855522816,6781865164800,9641984,-1,-1,-1
799,3,200,14,16,16,76266.285559,76266.419427,0.133868,0x405218,1,8937,4615,4322,60,100.000000,1,1,1.815771,1.200000,0.800000,monitor,15,7fff,1,1,86327296,84254720,-2072576,6781855522816,6781865164800,9641984,6781855522816,6781865164800,9641984,-1,-1,-1
799,3,200,15,16,16,76266.570477,76266.709135,0.138658,0x405218,1,8520,3292,5228,30,100.000000,1,1,1.815771,1.200000,0.800000,monitor,15,7fff,1,1,86327296,84254720,-2072576,6781855522816,6781865164800,9641984,6781855522816,6781865164800,9641984,-1,-1,-1
800,4,200,0,16,16,76268.351928,76268.384608,0.032680,0x4052e4,1,2107,1589,518,32,100.000000,1,1,0.382514,1.200000,0.800000,monitor,15,7fff,1,1,85155840,85065728,-90112,6781869219840,6781869850624,630784,6781869219840,6781869850624,630784,-1,-1,-1
800,4,200,1,16,16,76268.008649,76268.039641,0.030992,0x4052e4,1,200,137,63,2,100.000000,1,1,0.382514,1.200000,0.800000,monitor,15,7fff,1,1,85155840,85065728,-90112,6781869219840,6781869850624,630784,6781869219840,6781869850624,630784,-1,-1,-1
800,4,200,2,16,16,76268.002888,76268.026745,0.023857,0x4052e4,1,2645,234,2411,4,100.000000,1,1,0.382514,1.200000,0.800000,monitor,15,7fff,1,1,85155840,85065728,-90112,6781869219840,6781869850624,630784,6781869219840,6781869850624,630784,-1,-1,-1
800,4,200,3,16,16,76268.322501,76268.350178,0.027677,0x4052e4,1,2871,196,2675,38,100.000000,1,1,0.382514,1.200000,0.800000,monitor,15,7fff,1,1,85155840,85065728,-90112,6781869219840,6781869850624,630784,6781869219840,6781869850624,630784,-1,-1,-1
800,4,200,4,16,16,76268.051962,76268.078738,0.026776,0x4052e4,1,636,446,190,8,100.000000,1,1,0.382514,1.200000,0.800000,monitor,15,7fff,1,1,85155840,85065728,-90112,6781869219840,6781869850624,630784,6781869219840,6781869850624,630784,-1,-1,-1
800,4,200,5,16,16,76268.060207,76268.085836,0.025629,0x4052e4,1,392,330,62,42,100.000000,1,1,0.382514,1.200000,0.800000,monitor,15,7fff,1,1,85155840,85065728,-90112,6781869219840,6781869850624,630784,6781869219840,6781869850624,630784,-1,-1,-1
800,4,200,6,16,16,76268.087056,76268.113259,0.026203,0x4052e4,1,498,390,108,12,100.000000,1,1,0.382514,1.200000,0.800000,monitor,15,7fff,1,1,85155840,85065728,-90112,6781869219840,6781869850624,630784,6781869219840,6781869850624,630784,-1,-1,-1
800,4,200,7,16,16,76268.034467,76268.060473,0.026006,0x4052e4,1,459,320,139,14,100.000000,1,1,0.382514,1.200000,0.800000,monitor,15,7fff,1,1,85155840,85065728,-90112,6781869219840,6781869850624,630784,6781869219840,6781869850624,630784,-1,-1,-1
800,4,200,8,16,16,76268.002094,76268.027459,0.025365,0x4052e4,1,373,305,68,16,100.000000,1,1,0.382514,1.200000,0.800000,monitor,15,7fff,1,1,85155840,85065728,-90112,6781869219840,6781869850624,630784,6781869219840,6781869850624,630784,-1,-1,-1
800,4,200,9,16,16,76268.013816,76268.039785,0.025969,0x4052e4,1,595,398,197,18,100.000000,1,1,0.382514,1.200000,0.800000,monitor,15,7fff,1,1,85155840,85065728,-90112,6781869219840,6781869850624,630784,6781869219840,6781869850624,630784,-1,-1,-1
800,4,200,10,16,16,76268.068810,76268.095074,0.026264,0x4052e4,1,504,365,139,20,100.000000,1,1,0.382514,1.200000,0.800000,monitor,15,7fff,1,1,85155840,85065728,-90112,6781869219840,6781869850624,630784,6781869219840,6781869850624,630784,-1,-1,-1
800,4,200,11,16,16,76268.025701,76268.050988,0.025287,0x4052e4,1,415,336,79,54,100.000000,1,1,0.382514,1.200000,0.800000,monitor,15,7fff,1,1,85155840,85065728,-90112,6781869219840,6781869850624,630784,6781869219840,6781869850624,630784,-1,-1,-1
800,4,200,12,16,16,76268.009158,76268.034300,0.025142,0x4052e4,1,822,432,390,24,100.000000,1,1,0.382514,1.200000,0.800000,monitor,15,7fff,1,1,85155840,85065728,-90112,6781869219840,6781869850624,630784,6781869219840,6781869850624,630784,-1,-1,-1
800,4,200,13,16,16,76268.345496,76268.371491,0.025995,0x4052e4,1,2720,153,2567,58,100.000000,1,1,0.382514,1.200000,0.800000,monitor,15,7fff,1,1,85155840,85065728,-90112,6781869219840,6781869850624,630784,6781869219840,6781869850624,630784,-1,-1,-1
800,4,200,14,16,16,76268.078202,76268.101665,0.023463,0x4052e4,1,696,303,393,60,100.000000,1,1,0.382514,1.200000,0.800000,monitor,15,7fff,1,1,85155840,85065728,-90112,6781869219840,6781869850624,630784,6781869219840,6781869850624,630784,-1,-1,-1
800,4,200,15,16,16,76268.017213,76268.041719,0.024506,0x4052e4,1,664,375,289,30,100.000000,1,1,0.382514,1.200000,0.800000,monitor,15,7fff,1,1,85155840,85065728,-90112,6781869219840,6781869850624,630784,6781869219840,6781869850624,630784,-1,-1,-1
801,5,200,0,16,16,76268.577772,76268.599877,0.022105,0x40533c,1,25,3,22,32,100.000000,1,1,0.273633,1.200000,0.800000,monitor,15,7fff,1,1,85245952,85155840,-90112,6781870841856,6781871292416,450560,6781870931968,6781871292416,360448,-1,-1,-1
801,5,200,1,16,16,76268.547949,76268.578264,0.030315,0x40533c,1,91,25,66,2,100.000000,1,1,0.273633,1.200000,0.800000,monitor,15,7fff,1,1,85245952,85155840,-90112,6781870841856,6781871292416,450560,6781870931968,6781871292416,360448,-1,-1,-1
801,5,200,2,16,16,76268.549648,76268.571568,0.021920,0x40533c,1,34,0,34,4,100.000000,1,1,0.273633,1.200000,0.800000,monitor,15,7fff,1,1,85245952,85155840,-90112,6781870841856,6781871292416,450560,6781870931968,6781871292416,360448,-1,-1,-1
801,5,200,3,16,16,76268.534539,76268.557365,0.022826,0x40533c,1,720,94,626,38,100.000000,1,1,0.273633,1.200000,0.800000,monitor,15,7fff,1,1,85245952,85155840,-90112,6781870841856,6781871292416,450560,6781870931968,6781871292416,360448,-1,-1,-1
801,5,200,4,16,16,76268.558720,76268.587465,0.028745,0x40533c,1,435,305,130,8,100.000000,1,1,0.273633,1.200000,0.800000,monitor,15,7fff,1,1,85245952,85155840,-90112,6781870841856,6781871292416,450560,6781870931968,6781871292416,360448,-1,-1,-1
801,5,200,5,16,16,76268.568848,76268.596655,0.027807,0x40533c,1,549,340,209,42,100.000000,1,1,0.273633,1.200000,0.800000,monitor,15,7fff,1,1,85245952,85155840,-90112,6781870841856,6781871292416,450560,6781870931968,6781871292416,360448,-1,-1,-1
801,5,200,6,16,16,76268.543097,76268.571392,0.028295,0x40533c,1,470,356,114,12,100.000000,1,1,0.273633,1.200000,0.800000,monitor,15,7fff,1,1,85245952,85155840,-90112,6781870841856,6781871292416,450560,6781870931968,6781871292416,360448,-1,-1,-1
801,5,200,7,16,16,76268.554603,76268.582732,0.028129,0x40533c,1,431,266,165,14,100.000000,1,1,0.273633,1.200000,0.800000,monitor,15,7fff,1,1,85245952,85155840,-90112,6781870841856,6781871292416,450560,6781870931968,6781871292416,360448,-1,-1,-1
801,5,200,8,16,16,76268.772324,76268.803355,0.031031,0x40533c,1,2524,226,2298,16,100.000000,1,1,0.273633,1.200000,0.800000,monitor,15,7fff,1,1,85245952,85155840,-90112,6781870841856,6781871292416,450560,6781870931968,6781871292416,360448,-1,-1,-1
801,5,200,9,16,16,76268.553748,76268.581790,0.028042,0x40533c,1,534,288,246,18,100.000000,1,1,0.273633,1.200000,0.800000,monitor,15,7fff,1,1,85245952,85155840,-90112,6781870841856,6781871292416,450560,6781870931968,6781871292416,360448,-1,-1,-1
801,5,200,10,16,16,76268.565857,76268.593759,0.027902,0x40533c,1,599,319,280,20,100.000000,1,1,0.273633,1.200000,0.800000,monitor,15,7fff,1,1,85245952,85155840,-90112,6781870841856,6781871292416,450560,6781870931968,6781871292416,360448,-1,-1,-1
801,5,200,11,16,16,76268.531290,76268.559184,0.027894,0x40533c,1,562,292,270,54,100.000000,1,1,0.273633,1.200000,0.800000,monitor,15,7fff,1,1,85245952,85155840,-90112,6781870841856,6781871292416,450560,6781870931968,6781871292416,360448,-1,-1,-1
801,5,200,12,16,16,76268.529722,76268.551708,0.021986,0x40533c,1,91,10,81,24,100.000000,1,1,0.273633,1.200000,0.800000,monitor,15,7fff,1,1,85245952,85155840,-90112,6781870841856,6781871292416,450560,6781870931968,6781871292416,360448,-1,-1,-1
801,5,200,13,16,16,76268.563068,76268.585298,0.022230,0x40533c,1,359,40,319,58,100.000000,1,1,0.273633,1.200000,0.800000,monitor,15,7fff,1,1,85245952,85155840,-90112,6781870841856,6781871292416,450560,6781870931968,6781871292416,360448,-1,-1,-1
801,5,200,14,16,16,76268.537325,76268.559238,0.021913,0x40533c,1,51,4,47,60,100.000000,1,1,0.273633,1.200000,0.800000,monitor,15,7fff,1,1,85245952,85155840,-90112,6781870841856,6781871292416,450560,6781870931968,6781871292416,360448,-1,-1,-1
801,5,200,15,16,16,76268.538642,76268.560602,0.021960,0x40533c,1,37,3,34,30,100.000000,1,1,0.273633,1.200000,0.800000,monitor,15,7fff,1,1,85245952,85155840,-90112,6781870841856,6781871292416,450560,6781870931968,6781871292416,360448,-1,-1,-1
1198,2,300,0,16,16,113340.433297,113706.017623,132.573868,0x4051ce,1,13541088,9497343,4043745,32,100.000000,1,1,370.453149,1.200000,0.800000,monitor,15,7fff,1,1,85245952,84705280,-540672,10309699411968,10345260220416,35560808448,10309699411968,10345260220416,35560808448,-1,-1,-1
1198,2,300,1,16,16,113340.444931,113706.255790,144.122067,0x4051ce,1,14430850,9904335,4526515,2,100.000000,1,1,370.453149,1.200000,0.800000,monitor,15,7fff,1,1,85245952,84705280,-540672,10309699411968,10345260220416,35560808448,10309699411968,10345260220416,35560808448,-1,-1,-1
1198,2,300,2,16,16,113340.390349,113705.953243,146.280700,0x4051ce,1,14193917,12406233,1787684,4,100.000000,1,1,370.453149,1.200000,0.800000,monitor,15,7fff,1,1,85245952,84705280,-540672,10309699411968,10345260220416,35560808448,10309699411968,10345260220416,35560808448,-1,-1,-1
1198,2,300,3,16,16,113340.393375,113705.923290,147.717150,0x4051ce,1,14186555,12913000,1273555,38,100.000000,1,1,370.453149,1.200000,0.800000,monitor,15,7fff,1,1,85245952,84705280,-540672,10309699411968,10345260220416,35560808448,10309699411968,10345260220416,35560808448,-1,-1,-1
1198,2,300,4,16,16,113340.391678,113710.838222,369.314429,0x4051ce,1,51664543,37229636,14434907,8,100.000000,1,1,370.453149,1.200000,0.800000,monitor,15,7fff,1,1,85245952,84705280,-540672,10309699411968,10345260220416,35560808448,10309699411968,10345260220416,35560808448,-1,-1,-1
1198,2,300,5,16,16,113340.424800,113710.843205,367.158723,0x4051ce,1,51704548,36802081,14902467,42,100.000000,1,1,370.453149,1.200000,0.800000,monitor,15,7fff,1,1,85245952,84705280,-540672,10309699411968,10345260220416,35560808448,10309699411968,10345260220416,35560808448,-1,-1,-1
1198,2,300,6,16,16,113340.448161,113710.542996,352.960229,0x4051ce,1,48676347,35361474,13314873,12,100.000000,1,1,370.453149,1.200000,0.800000,monitor,15,7fff,1,1,85245952,84705280,-540672,10309699411968,10345260220416,35560808448,10309699411968,10345260220416,35560808448,-1,-1,-1
1198,2,300,7,16,16,113340.419946,113710.826943,365.893865,0x4051ce,1,51538847,36737298,14801549,14,100.000000,1,1,370.453149,1.200000,0.800000,monitor,15,7fff,1,1,85245952,84705280,-540672,10309699411968,10345260220416,35560808448,10309699411968,10345260220416,35560808448,-1,-1,-1
1198,2,300,8,16,16,113340.390056,113710.818387,368.744625,0x4051ce,1,51467702,37577146,13890556,16,100.000000,1,1,370.453149,1.200000,0.800000,monitor,15,7fff,1,1,85245952,84705280,-540672,10309699411968,10345260220416,35560808448,10309699411968,10345260220416,35560808448,-1,-1,-1
1198,2,300,9,16,16,113340.415509,113710.593099,354.872481,0x4051ce,1,48378199,35697615,12680584,18,100.000000,1,1,370.453149,1.200000,0.800000,monitor,15,7fff,1,1,85245952,84705280,-540672,10309699411968,10345260220416,35560808448,10309699411968,10345260220416,35560808448,-1,-1,-1
1198,2,300,10,16,16,113340.411459,113710.781077,367.134892,0x4051ce,1,51484651,37550528,13934123,20,100.000000,1,1,370.453149,1.200000,0.800000,monitor,15,7fff,1,1,85245952,84705280,-540672,10309699411968,10345260220416,35560808448,10309699411968,10345260220416,35560808448,-1,-1,-1
1198,2,300,11,16,16,113340.402409,113710.804413,366.986762,0x4051ce,1,51499907,37531437,13968470,54,100.000000,1,1,370.453149,1.200000,0.800000,monitor,15,7fff,1,1,85245952,84705280,-540672,10309699411968,10345260220416,35560808448,10309699411968,10345260220416,35560808448,-1,-1,-1
1198,2,300,12,16,16,113340.398505,113705.954448,150.893162,0x4051ce,1,14151397,13612430,538967,24,100.000000,1,1,370.453149,1.200000,0.800000,monitor,15,7fff,1,1,85245952,84705280,-540672,10309699411968,10345260220416,35560808448,10309699411968,10345260220416,35560808448,-1,-1,-1
1198,2,300,13,16,16,113340.441607,113706.090641,158.724882,0x4051ce,1,13416058,13047644,368414,58,100.000000,1,1,370.453149,1.200000,0.800000,monitor,15,7fff,1,1,85245952,84705280,-540672,10309699411968,10345260220416,35560808448,10309699411968,10345260220416,35560808448,-1,-1,-1
1198,2,300,14,16,16,113340.407444,113705.966835,152.248463,0x4051ce,1,14129353,13699207,430146,60,100.000000,1,1,370.453149,1.200000,0.800000,monitor,15,7fff,1,1,85245952,84705280,-540672,10309699411968,10345260220416,35560808448,10309699411968,10345260220416,35560808448,-1,-1,-1
1198,2,300,15,16,16,113340.398070,113705.964694,151.031295,0x4051ce,1,13844093,13417393,426700,30,100.000000,1,1,370.453149,1.200000,0.800000,monitor,15,7fff,1,1,85245952,84705280,-540672,10309699411968,10345260220416,35560808448,10309699411968,10345260220416,35560808448,-1,-1,-1
1199,3,300,0,16,16,113712.895491,113713.226127,0.330636,0x405218,1,8157,5422,2735,32,100.000000,1,1,2.078835,1.200000,0.800000,monitor,15,7fff,1,1,86056960,84074496,-1982464,10345264906240,10345276801024,11894784,10345264906240,10345276801024,11894784,-1,-1,-1
1199,3,300,1,16,16,113711.909398,113712.114183,0.204785,0x405218,1,7948,6587,1361,2,100.000000,1,1,2.078835,1.200000,0.800000,monitor,15,7fff,1,1,86056960,84074496,-1982464,10345264906240,10345276801024,11894784,10345264906240,10345276801024,11894784,-1,-1,-1
1199,3,300,2,16,16,113712.805845,113712.938960,0.133115,0x405218,1,8877,3620,5257,4,100.000000,1,1,2.078835,1.200000,0.800000,monitor,15,7fff,1,1,86056960,84074496,-1982464,10345264906240,10345276801024,11894784,10345264906240,10345276801024,11894784,-1,-1,-1
1199,3,300,3,16,16,113711.155777,113711.326888,0.171111,0x405218,1,8552,5269,3283,38,100.000000,1,1,2.078835,1.200000,0.800000,monitor,15,7fff,1,1,86056960,84074496,-1982464,10345264906240,10345276801024,11894784,10345264906240,10345276801024,11894784,-1,-1,-1
1199,3,300,4,16,16,113711.193163,113711.520813,0.327650,0x405218,1,18374,12505,5869,8,100.000000,1,1,2.078835,1.200000,0.800000,monitor,15,7fff,1,1,86056960,84074496,-1982464,10345264906240,10345276801024,11894784,10345264906240,10345276801024,11894784,-1,-1,-1
1199,3,300,5,16,16,113712.431851,113712.776482,0.344631,0x405218,1,19865,10525,9340,42,100.000000,1,1,2.078835,1.200000,0.800000,monitor,15,7fff,1,1,86056960,84074496,-1982464,10345264906240,10345276801024,11894784,10345264906240,10345276801024,11894784,-1,-1,-1
1199,3,300,6,16,16,113712.592311,113712.926543,0.334232,0x405218,1,19089,12353,6736,12,100.000000,1,1,2.078835,1.200000,0.800000,monitor,15,7fff,1,1,86056960,84074496,-1982464,10345264906240,10345276801024,11894784,10345264906240,10345276801024,11894784,-1,-1,-1
1199,3,300,7,16,16,113712.225408,113712.560661,0.335253,0x405218,1,19815,10334,9481,14,100.000000,1,1,2.078835,1.200000,0.800000,monitor,15,7fff,1,1,86056960,84074496,-1982464,10345264906240,10345276801024,11894784,10345264906240,10345276801024,11894784,-1,-1,-1
1199,3,300,8,16,16,113711.741992,113712.077189,0.335197,0x405218,1,19867,10576,9291,16,100.000000,1,1,2.078835,1.200000,0.800000,monitor,15,7fff,1,1,86056960,84074496,-1982464,10345264906240,10345276801024,11894784,10345264906240,10345276801024,11894784,-1,-1,-1
1199,3,300,9,16,16,113711.162457,113711.479056,0.316599,0x405218,1,16388,10244,6144,18,100.000000,1,1,2.078835,1.200000,0.800000,monitor,15,7fff,1,1,86056960,84074496,-1982464,10345264906240,10345276801024,11894784,10345264906240,10345276801024,11894784,-1,-1,-1
1199,3,300,10,16,16,113711.387865,113711.714556,0.326691,0x405218,1,17612,10950,6662,20,100.000000,1,1,2.078835,1.200000,0.800000,monitor,15,7fff,1,1,86056960,84074496,-1982464,10345264906240,10345276801024,11894784,10345264906240,10345276801024,11894784,-1,-1,-1
1199,3,300,11,16,16,113712.043147,113712.372400,0.329253,0x405218,1,19840,10158,9682,54,100.000000,1,1,2.078835,1.200000,0.800000,monitor,15,7fff,1,1,86056960,84074496,-1982464,10345264906240,10345276801024,11894784,10345264906240,10345276801024,11894784,-1,-1,-1
1199,3,300,12,16,16,113711.570020,113711.717403,0.147383,0x405218,1,8925,4117,4808,24,100.000000,1,1,2.078835,1.200000,0.800000,monitor,15,7fff,1,1,86056960,84074496,-1982464,10345264906240,10345276801024,11894784,10345264906240,10345276801024,11894784,-1,-1,-1
1199,3,300,13,16,16,113711.147292,113711.279891,0.132599,0x405218,1,4580,4122,458,58,100.000000,1,1,2.078835,1.200000,0.800000,monitor,15,7fff,1,1,86056960,84074496,-1982464,10345264906240,10345276801024,11894784,10345264906240,10345276801024,11894784,-1,-1,-1
1199,3,300,14,16,16,113711.377924,113711.509618,0.131694,0x405218,1,8894,3937,4957,60,100.000000,1,1,2.078835,1.200000,0.800000,monitor,15,7fff,1,1,86056960,84074496,-1982464,10345264906240,10345276801024,11894784,10345264906240,10345276801024,11894784,-1,-1,-1
1199,3,300,15,16,16,113711.895633,113712.036478,0.140845,0x405218,1,8590,3997,4593,30,100.000000,1,1,2.078835,1.200000,0.800000,monitor,15,7fff,1,1,86056960,84074496,-1982464,10345264906240,10345276801024,11894784,10345264906240,10345276801024,11894784,-1,-1,-1
1200,4,300,0,16,16,113713.783594,113713.815318,0.031724,0x4052e4,1,2328,1657,671,32,100.000000,1,1,0.419696,1.200000,0.800000,monitor,15,7fff,1,1,84525056,84164608,-360448,10345280765952,10345281036288,270336,10345280765952,10345281036288,270336,-1,-1,-1
1200,4,300,1,16,16,113713.754171,113713.785500,0.031329,0x4052e4,1,188,141,47,2,100.000000,1,1,0.419696,1.200000,0.800000,monitor,15,7fff,1,1,84525056,84164608,-360448,10345280765952,10345281036288,270336,10345280765952,10345281036288,270336,-1,-1,-1
1200,4,300,2,16,16,113713.771332,113713.795106,0.023774,0x4052e4,1,868,332,536,4,100.000000,1,1,0.419696,1.200000,0.800000,monitor,15,7fff,1,1,84525056,84164608,-360448,10345280765952,10345281036288,270336,10345280765952,10345281036288,270336,-1,-1,-1
1200,4,300,3,16,16,113713.759882,113713.782292,0.022410,0x4052e4,1,36,2,34,38,100.000000,1,1,0.419696,1.200000,0.800000,monitor,15,7fff,1,1,84525056,84164608,-360448,10345280765952,10345281036288,270336,10345280765952,10345281036288,270336,-1,-1,-1
1200,4,300,4,16,16,113713.777586,113713.802340,0.024754,0x4052e4,1,304,263,41,8,100.000000,1,1,0.419696,1.200000,0.800000,monitor,15,7fff,1,1,84525056,84164608,-360448,10345280765952,10345281036288,270336,10345280765952,10345281036288,270336,-1,-1,-1
1200,4,300,5,16,16,113713.765934,113713.791805,0.025871,0x4052e4,1,354,292,62,42,100.000000,1,1,0.419696,1.200000,0.800000,monitor,15,7fff,1,1,84525056,84164608,-360448,10345280765952,10345281036288,270336,10345280765952,10345281036288,270336,-1,-1,-1
1200,4,300,6,16,16,113713.799932,113713.826279,0.026347,0x4052e4,1,516,381,135,12,100.000000,1,1,0.419696,1.200000,0.800000,monitor,15,7fff,1,1,84525056,84164608,-360448,10345280765952,10345281036288,270336,10345280765952,10345281036288,270336,-1,-1,-1
1200,4,300,7,16,16,113714.145295,113714.171254,0.025959,0x4052e4,1,471,345,126,14,100.000000,1,1,0.419696,1.200000,0.800000,monitor,15,7fff,1,1,84525056,84164608,-360448,10345280765952,10345281036288,270336,10345280765952,10345281036288,270336,-1,-1,-1
1200,4,300,8,16,16,113713.758391,113713.784940,0.026549,0x4052e4,1,488,378,110,16,100.000000,1,1,0.419696,1.200000,0.800000,monitor,15,7fff,1,1,84525056,84164608,-360448,10345280765952,10345281036288,270336,10345280765952,10345281036288,270336,-1,-1,-1
1200,4,300,9,16,16,113713.784172,113713.809234,0.025062,0x4052e4,1,324,273,51,18,100.000000,1,1,0.419696,1.200000,0.800000,monitor,15,7fff,1,1,84525056,84164608,-360448,10345280765952,10345281036288,270336,10345280765952,10345281036288,270336,-1,-1,-1
1200,4,300,10,16,16,113714.142792,113714.173867,0.031075,0x4052e4,1,3233,393,2840,20,100.000000,1,1,0.419696,1.200000,0.800000,monitor,15,7fff,1,1,84525056,84164608,-360448,10345280765952,10345281036288,270336,10345280765952,10345281036288,270336,-1,-1,-1
1200,4,300,11,16,16,113713.996672,113714.022228,0.025556,0x4052e4,1,414,323,91,54,100.000000,1,1,0.419696,1.200000,0.800000,monitor,15,7fff,1,1,84525056,84164608,-360448,10345280765952,10345281036288,270336,10345280765952,10345281036288,270336,-1,-1,-1
1200,4,300,12,16,16,113713.766608,113713.791616,0.025008,0x4052e4,1,637,326,311,24,100.000000,1,1,0.419696,1.200000,0.800000,monitor,15,7fff,1,1,84525056,84164608,-360448,10345280765952,10345281036288,270336,10345280765952,10345281036288,270336,-1,-1,-1
1200,4,300,13,16,16,113713.996642,113714.024336,0.027694,0x4052e4,1,2824,316,2508,58,100.000000,1,1,0.419696,1.200000,0.800000,monitor,15,7fff,1,1,84525056,84164608,-360448,10345280765952,10345281036288,270336,10345280765952,10345281036288,270336,-1,-1,-1
1200,4,300,14,16,16,113713.775511,113713.801052,0.025541,0x4052e4,1,769,391,378,60,100.000000,1,1,0.419696,1.200000,0.800000,monitor,15,7fff,1,1,84525056,84164608,-360448,10345280765952,10345281036288,270336,10345280765952,10345281036288,270336,-1,-1,-1
1200,4,300,15,16,16,113713.792151,113713.817226,0.025075,0x4052e4,1,745,392,353,30,100.000000,1,1,0.419696,1.200000,0.800000,monitor,15,7fff,1,1,84525056,84164608,-360448,10345280765952,10345281036288,270336,10345280765952,10345281036288,270336,-1,-1,-1
1201,5,300,0,16,16,113714.354149,113714.376308,0.022159,0x40533c,1,28,8,20,32,100.000000,1,1,0.079284,1.200000,0.800000,monitor,15,7fff,1,1,84344832,84074496,-270336,10345281486848,10345281667072,180224,10345281486848,10345281667072,180224,-1,-1,-1
1201,5,300,1,16,16,113714.360878,113714.390505,0.029627,0x40533c,1,33,2,31,2,100.000000,1,1,0.079284,1.200000,0.800000,monitor,15,7fff,1,1,84344832,84074496,-270336,10345281486848,10345281667072,180224,10345281486848,10345281667072,180224,-1,-1,-1
1201,5,300,2,16,16,113714.333576,113714.355572,0.021996,0x40533c,1,47,5,42,4,100.000000,1,1,0.079284,1.200000,0.800000,monitor,15,7fff,1,1,84344832,84074496,-270336,10345281486848,10345281667072,180224,10345281486848,10345281667072,180224,-1,-1,-1
1201,5,300,3,16,16,113714.366330,113714.388460,0.022130,0x40533c,1,50,9,41,38,100.000000,1,1,0.079284,1.200000,0.800000,monitor,15,7fff,1,1,84344832,84074496,-270336,10345281486848,10345281667072,180224,10345281486848,10345281667072,180224,-1,-1,-1
1201,5,300,4,16,16,113714.355030,113714.382348,0.027318,0x40533c,1,490,347,143,8,100.000000,1,1,0.079284,1.200000,0.800000,monitor,15,7fff,1,1,84344832,84074496,-270336,10345281486848,10345281667072,180224,10345281486848,10345281667072,180224,-1,-1,-1
1201,5,300,5,16,16,113714.338469,113714.366845,0.028376,0x40533c,1,451,298,153,42,100.000000,1,1,0.079284,1.200000,0.800000,monitor,15,7fff,1,1,84344832,84074496,-270336,10345281486848,10345281667072,180224,10345281486848,10345281667072,180224,-1,-1,-1
1201,5,300,6,16,16,113714.345690,113714.374028,0.028338,0x40533c,1,418,311,107,12,100.000000,1,1,0.079284,1.200000,0.800000,monitor,15,7fff,1,1,84344832,84074496,-270336,10345281486848,10345281667072,180224,10345281486848,10345281667072,180224,-1,-1,-1
1201,5,300,7,16,16,113714.349750,113714.378389,0.028639,0x40533c,1,384,241,143,14,100.000000,1,1,0.079284,1.200000,0.800000,monitor,15,7fff,1,1,84344832,84074496,-270336,10345281486848,10345281667072,180224,10345281486848,10345281667072,180224,-1,-1,-1
1201,5,300,8,16,16,113714.347186,113714.375481,0.028295,0x40533c,1,411,190,221,16,100.000000,1,1,0.079284,1.200000,0.800000,monitor,15,7fff,1,1,84344832,84074496,-270336,10345281486848,10345281667072,180224,10345281486848,10345281667072,180224,-1,-1,-1
1201,5,300,9,16,16,113714.328976,113714.356599,0.027623,0x40533c,1,616,286,330,18,100.000000,1,1,0.079284,1.200000,0.800000,monitor,15,7fff,1,1,84344832,84074496,-270336,10345281486848,10345281667072,180224,10345281486848,10345281667072,180224,-1,-1,-1
1201,5,300,10,16,16,113714.371671,113714.400950,0.029279,0x40533c,1,1648,490,1158,20,100.000000,1,1,0.079284,1.200000,0.800000,monitor,15,7fff,1,1,84344832,84074496,-270336,10345281486848,10345281667072,180224,10345281486848,10345281667072,180224,-1,-1,-1
1201,5,300,11,16,16,113714.370909,113714.398659,0.027750,0x40533c,1,590,342,248,54,100.000000,1,1,0.079284,1.200000,0.800000,monitor,15,7fff,1,1,84344832,84074496,-270336,10345281486848,10345281667072,180224,10345281486848,10345281667072,180224,-1,-1,-1
1201,5,300,12,16,16,113714.321939,113714.343974,0.022035,0x40533c,1,87,14,73,24,100.000000,1,1,0.079284,1.200000,0.800000,monitor,15,7fff,1,1,84344832,84074496,-270336,10345281486848,10345281667072,180224,10345281486848,10345281667072,180224,-1,-1,-1
1201,5,300,13,16,16,113714.341196,113714.363534,0.022338,0x40533c,1,707,123,584,58,100.000000,1,1,0.079284,1.200000,0.800000,monitor,15,7fff,1,1,84344832,84074496,-270336,10345281486848,10345281667072,180224,10345281486848,10345281667072,180224,-1,-1,-1
1201,5,300,14,16,16,113714.374839,113714.396769,0.021930,0x40533c,1,51,1,50,60,100.000000,1,1,0.079284,1.200000,0.800000,monitor,15,7fff,1,1,84344832,84074496,-270336,10345281486848,10345281667072,180224,10345281486848,10345281667072,180224,-1,-1,-1
1201,5,300,15,16,16,113714.321666,113714.343629,0.021963,0x40533c,1,41,1,40,30,100.000000,1,1,0.079284,1.200000,0.800000,monitor,15,7fff,1,1,84344832,84074496,-270336,10345281486848,10345281667072,180224,10345281486848,10345281667072,180224,-1,-1,-1
1598,2,400,0,16,16,150668.679302,151031.792978,133.074051,0x4051ce,1,13541199,9500932,4040267,32,100.000000,1,1,367.972317,1.200000,0.800000,monitor,15,7fff,1,1,85606400,85065728,-540672,13868649963520,13904137871360,35487907840,13868649963520,13904137871360,35487907840,-1,-1,-1
1598,2,400,1,16,16,150668.631292,151031.990188,144.559984,0x4051ce,1,14439483,9908636,4530847,2,100.000000,1,1,367.972317,1.200000,0.800000,monitor,15,7fff,1,1,85606400,85065728,-540672,13868649963520,13904137871360,35487907840,13868649963520,13904137871360,35487907840,-1,-1,-1
1598,2,400,2,16,16,150668.604638,151031.738952,147.133107,0x4051ce,1,14186484,12424924,1761560,4,100.000000,1,1,367.972317,1.200000,0.800000,monitor,15,7fff,1,1,85606400,85065728,-540672,13868649963520,13904137871360,35487907840,13868649963520,13904137871360,35487907840,-1,-1,-1
1598,2,400,3,16,16,150668.628506,151031.690644,148.235582,0x4051ce,1,14178225,12891721,1286504,38,100.000000,1,1,367.972317,1.200000,0.800000,monitor,15,7fff,1,1,85606400,85065728,-540672,13868649963520,13904137871360,35487907840,13868649963520,13904137871360,35487907840,-1,-1,-1
1598,2,400,4,16,16,150669.046881,151036.539123,366.567101,0x4051ce,1,51372105,36995969,14376136,8,100.000000,1,1,367.972317,1.200000,0.800000,monitor,15,7fff,1,1,85606400,85065728,-540672,13868649963520,13904137871360,35487907840,13868649963520,13904137871360,35487907840,-1,-1,-1
1598,2,400,5,16,16,150668.588901,151036.550023,365.326149,0x4051ce,1,51397978,36555893,14842085,42,100.000000,1,1,367.972317,1.200000,0.800000,monitor,15,7fff,1,1,85606400,85065728,-540672,13868649963520,13904137871360,35487907840,13868649963520,13904137871360,35487907840,-1,-1,-1
1598,2,400,6,16,16,150668.671553,151036.286521,350.388095,0x4051ce,1,48363712,35126684,13237028,12,100.000000,1,1,367.972317,1.200000,0.800000,monitor,15,7fff,1,1,85606400,85065728,-540672,13868649963520,13904137871360,35487907840,13868649963520,13904137871360,35487907840,-1,-1,-1
1598,2,400,7,16,16,150668.661160,151036.525528,363.003894,0x4051ce,1,51239333,36528833,14710500,14,100.000000,1,1,367.972317,1.200000,0.800000,monitor,15,7fff,1,1,85606400,85065728,-540672,13868649963520,13904137871360,35487907840,13868649963520,13904137871360,35487907840,-1,-1,-1
1598,2,400,8,16,16,150668.596865,151036.518615,365.816539,0x4051ce,1,51150428,37390318,13760110,16,100.000000,1,1,367.972317,1.200000,0.800000,monitor,15,7fff,1,1,85606400,85065728,-540672,13868649963520,13904137871360,35487907840,13868649963520,13904137871360,35487907840,-1,-1,-1
1598,2,400,9,16,16,150668.646920,151036.301560,351.970869,0x4051ce,1,48059431,35545496,12513935,18,100.000000,1,1,367.972317,1.200000,0.800000,monitor,15,7fff,1,1,85606400,85065728,-540672,13868649963520,13904137871360,35487907840,13868649963520,13904137871360,35487907840,-1,-1,-1
1598,2,400,10,16,16,150668.654279,151036.489694,364.460871,0x4051ce,1,51181363,37313360,13868003,20,100.000000,1,1,367.972317,1.200000,0.800000,monitor,15,7fff,1,1,85606400,85065728,-540672,13868649963520,13904137871360,35487907840,13868649963520,13904137871360,35487907840,-1,-1,-1
1598,2,400,11,16,16,150668.621390,151036.489151,364.819742,0x4051ce,1,51194302,37307324,13886978,54,100.000000,1,1,367.972317,1.200000,0.800000,monitor,15,7fff,1,1,85606400,85065728,-540672,13868649963520,13904137871360,35487907840,13868649963520,13904137871360,35487907840,-1,-1,-1
1598,2,400,12,16,16,150668.577706,151031.725831,151.356685,0x4051ce,1,14150699,13603036,547663,24,100.000000,1,1,367.972317,1.200000,0.800000,monitor,15,7fff,1,1,85606400,85065728,-540672,13868649963520,13904137871360,35487907840,13868649963520,13904137871360,35487907840,-1,-1,-1
1598,2,400,13,16,16,150668.584041,151031.740127,152.261599,0x4051ce,1,14113354,13690302,423052,58,100.000000,1,1,367.972317,1.200000,0.800000,monitor,15,7fff,1,1,85606400,85065728,-540672,13868649963520,13904137871360,35487907840,13868649963520,13904137871360,35487907840,-1,-1,-1
1598,2,400,14,16,16,150668.613999,151031.739076,152.733546,0x4051ce,1,14126154,13704116,422038,60,100.000000,1,1,367.972317,1.200000,0.800000,monitor,15,7fff,1,1,85606400,85065728,-540672,13868649963520,13904137871360,35487907840,13868649963520,13904137871360,35487907840,-1,-1,-1
1598,2,400,15,16,16,150668.924836,151031.730076,151.540695,0x4051ce,1,13842078,13431259,410819,30,100.000000,1,1,367.972317,1.200000,0.800000,monitor,15,7fff,1,1,85606400,85065728,-540672,13868649963520,13904137871360,35487907840,13868649963520,13904137871360,35487907840,-1,-1,-1
1599,3,400,0,16,16,151037.968476,151038.110759,0.142283,0x405218,1,8451,6074,2377,32,100.000000,1,1,2.341187,1.200000,0.800000,monitor,15,7fff,1,1,86147072,83894272,-2252800,13904144719872,13904156344320,11624448,13904144809984,13904156344320,11534336,-1,-1,-1
1599,3,400,1,16,16,151038.390717,151038.586024,0.195307,0x405218,1,7980,5456,2524,2,100.000000,1,1,2.341187,1.200000,0.800000,monitor,15,7fff,1,1,86147072,83894272,-2252800,13904144719872,13904156344320,11624448,13904144809984,13904156344320,11534336,-1,-1,-1
1599,3,400,2,16,16,151037.069179,151037.194562,0.125383,0x405218,1,8904,3946,4958,4,100.000000,1,1,2.341187,1.200000,0.800000,monitor,15,7fff,1,1,86147072,83894272,-2252800,13904144719872,13904156344320,11624448,13904144809984,13904156344320,11534336,-1,-1,-1
1599,3,400,3,16,16,151036.860486,151036.995795,0.135309,0x405218,1,5795,5545,250,38,100.000000,1,1,2.341187,1.200000,0.800000,monitor,15,7fff,1,1,86147072,83894272,-2252800,13904144719872,13904156344320,11624448,13904144809984,13904156344320,11534336,-1,-1,-1
1599,3,400,4,16,16,151038.525021,151038.873162,0.348141,0x405218,1,19788,12882,6906,8,100.000000,1,1,2.341187,1.200000,0.800000,monitor,15,7fff,1,1,86147072,83894272,-2252800,13904144719872,13904156344320,11624448,13904144809984,13904156344320,11534336,-1,-1,-1
1599,3,400,5,16,16,151038.862326,151039.201673,0.339347,0x405218,1,19792,10846,8946,42,100.000000,1,1,2.341187,1.200000,0.800000,monitor,15,7fff,1,1,86147072,83894272,-2252800,13904144719872,13904156344320,11624448,13904144809984,13904156344320,11534336,-1,-1,-1
1599,3,400,6,16,16,151038.662033,151038.991525,0.329492,0x405218,1,19017,14297,4720,12,100.000000,1,1,2.341187,1.200000,0.800000,monitor,15,7fff,1,1,86147072,83894272,-2252800,13904144719872,13904156344320,11624448,13904144809984,13904156344320,11534336,-1,-1,-1
1599,3,400,7,16,16,151037.769816,151038.099031,0.329215,0x405218,1,19693,10458,9235,14,100.000000,1,1,2.341187,1.200000,0.800000,monitor,15,7fff,1,1,86147072,83894272,-2252800,13904144719872,13904156344320,11624448,13904144809984,13904156344320,11534336,-1,-1,-1
1599,3,400,8,16,16,151038.376116,151038.718404,0.342288,0x405218,1,19862,10388,9474,16,100.000000,1,1,2.341187,1.200000,0.800000,monitor,15,7fff,1,1,86147072,83894272,-2252800,13904144719872,13904156344320,11624448,13904144809984,13904156344320,11534336,-1,-1,-1
1599,3,400,9,16,16,151037.563507,151037.896034,0.332527,0x405218,1,19055,10583,8472,18,100.000000,1,1,2.341187,1.200000,0.800000,monitor,15,7fff,1,1,86147072,83894272,-2252800,13904144719872,13904156344320,11624448,13904144809984,13904156344320,11534336,-1,-1,-1
1599,3,400,10,16,16,151038.228045,151038.551966,0.323921,0x405218,1,19831,10190,9641,20,100.000000,1,1,2.341187,1.200000,0.800000,monitor,15,7fff,1,1,86147072,83894272,-2252800,13904144719872,13904156344320,11624448,13904144809984,13904156344320,11534336,-1,-1,-1
1599,3,400,11,16,16,151037.373313,151037.700639,0.327326,0x405218,1,19829,10080,9749,54,100.000000,1,1,2.341187,1.200000,0.800000,monitor,15,7fff,1,1,86147072,83894272,-2252800,13904144719872,13904156344320,11624448,13904144809984,13904156344320,11534336,-1,-1,-1
1599,3,400,12,16,16,151037.188522,151037.315835,0.127313,0x405218,1,9024,4178,4846,24,100.000000,1,1,2.341187,1.200000,0.800000,monitor,15,7fff,1,1,86147072,83894272,-2252800,13904144719872,13904156344320,11624448,13904144809984,13904156344320,11534336,-1,-1,-1
1599,3,400,13,16,16,151037.055860,151037.189515,0.133655,0x405218,1,9036,3554,5482,58,100.000000,1,1,2.341187,1.200000,0.800000,monitor,15,7fff,1,1,86147072,83894272,-2252800,13904144719872,13904156344320,11624448,13904144809984,13904156344320,11534336,-1,-1,-1
1599,3,400,14,16,16,151037.570263,151037.706005,0.135742,0x405218,1,5557,4752,805,60,100.000000,1,1,2.341187,1.200000,0.800000,monitor,15,7fff,1,1,86147072,83894272,-2252800,13904144719872,13904156344320,11624448,13904144809984,13904156344320,11534336,-1,-1,-1
1599,3,400,15,16,16,151038.099900,151038.228067,0.128167,0x405218,1,8530,4006,4524,30,100.000000,1,1,2.341187,1.200000,0.800000,monitor,15,7fff,1,1,86147072,83894272,-2252800,13904144719872,13904156344320,11624448,13904144809984,13904156344320,11534336,-1,-1,-1
1600,4,400,0,16,16,151039.499199,151039.529401,0.030202,0x4052e4,1,2351,1520,831,32,100.000000,1,1,0.128835,1.200000,0.800000,monitor,15,7fff,1,1,83894272,83714048,-180224,13904159588352,13904160399360,811008,13904159768576,13904160399360,630784,-1,-1,-1
1600,4,400,1,16,16,151039.570420,151039.598765,0.028345,0x4052e4,1,264,182,82,2,100.000000,1,1,0.128835,1.200000,0.800000,monitor,15,7fff,1,1,83894272,83714048,-180224,13904159588352,13904160399360,811008,13904159768576,13904160399360,630784,-1,-1,-1
1600,4,400,2,16,16,151039.534753,151039.558377,0.023624,0x4052e4,1,965,487,478,4,100.000000,1,1,0.128835,1.200000,0.800000,monitor,15,7fff,1,1,83894272,83714048,-180224,13904159588352,13904160399360,811008,13904159768576,13904160399360,630784,-1,-1,-1
1600,4,400,3,16,16,151039.492005,151039.512797,0.020792,0x4052e4,1,44,21,23,38,100.000000,1,1,0.128835,1.200000,0.800000,monitor,15,7fff,1,1,83894272,83714048,-180224,13904159588352,13904160399360,811008,13904159768576,13904160399360,630784,-1,-1,-1
1600,4,400,4,16,16,151039.578023,151039.602020,0.023997,0x4052e4,1,540,348,192,8,100.000000,1,1,0.128835,1.200000,0.800000,monitor,15,7fff,1,1,83894272,83714048,-180224,13904159588352,13904160399360,811008,13904159768576,13904160399360,630784,-1,-1,-1
1600,4,400,5,16,16,151039.543434,151039.567373,0.023939,0x4052e4,1,354,288,66,42,100.000000,1,1,0.128835,1.200000,0.800000,monitor,15,7fff,1,1,83894272,83714048,-180224,13904159588352,13904160399360,811008,13904159768576,13904160399360,630784,-1,-1,-1
1600,4,400,6,16,16,151039.509358,151039.533877,0.024519,0x4052e4,1,469,388,81,12,100.000000,1,1,0.128835,1.200000,0.800000,monitor,15,7fff,1,1,83894272,83714048,-180224,13904159588352,13904160399360,811008,13904159768576,13904160399360,630784,-1,-1,-1
1600,4,400,7,16,16,151039.552479,151039.577529,0.025050,0x4052e4,1,497,363,134,14,100.000000,1,1,0.128835,1.200000,0.800000,monitor,15,7fff,1,1,83894272,83714048,-180224,13904159588352,13904160399360,811008,13904159768576,13904160399360,630784,-1,-1,-1
1600,4,400,8,16,16,151039.502864,151039.527321,0.024457,0x4052e4,1,480,359,121,16,100.000000,1,1,0.128835,1.200000,0.800000,monitor,15,7fff,1,1,83894272,83714048,-180224,13904159588352,13904160399360,811008,13904159768576,13904160399360,630784,-1,-1,-1
1600,4,400,9,16,16,151039.500664,151039.525449,0.024785,0x4052e4,1,507,374,133,18,100.000000,1,1,0.128835,1.200000,0.800000,monitor,15,7fff,1,1,83894272,83714048,-180224,13904159588352,13904160399360,811008,13904159768576,13904160399360,630784,-1,-1,-1
1600,4,400,10,16,16,151039.515433,151039.539852,0.024419,0x4052e4,1,478,341,137,20,100.000000,1,1,0.128835,1.200000,0.800000,monitor,15,7fff,1,1,83894272,83714048,-180224,13904159588352,13904160399360,811008,13904159768576,13904160399360,630784,-1,-1,-1
1600,4,400,11,16,16,151039.511795,151039.535939,0.024144,0x4052e4,1,432,371,61,54,100.000000,1,1,0.128835,1.200000,0.800000,monitor,15,7fff,1,1,83894272,83714048,-180224,13904159588352,13904160399360,811008,13904159768576,13904160399360,630784,-1,-1,-1
1600,4,400,12,16,16,151039.507720,151039.531361,0.023641,0x4052e4,1,755,341,414,24,100.000000,1,1,0.128835,1.200000,0.800000,monitor,15,7fff,1,1,83894272,83714048,-180224,13904159588352,13904160399360,811008,13904159768576,13904160399360,630784,-1,-1,-1
1600,4,400,13,16,16,151039.527615,151039.551551,0.023936,0x4052e4,1,1166,427,739,58,100.000000,1,1,0.128835,1.200000,0.800000,monitor,15,7fff,1,1,83894272,83714048,-180224,13904159588352,13904160399360,811008,13904159768576,13904160399360,630784,-1,-1,-1
1600,4,400,14,16,16,151039.594227,151039.620840,0.026613,0x4052e4,1,2435,56,2379,60,100.000000,1,1,0.128835,1.200000,0.800000,monitor,15,7fff,1,1,83894272,83714048,-180224,13904159588352,13904160399360,811008,13904159768576,13904160399360,630784,-1,-1,-1
1600,4,400,15,16,16,151039.560673,151039.583031,0.022358,0x4052e4,1,745,321,424,30,100.000000,1,1,0.128835,1.200000,0.800000,monitor,15,7fff,1,1,83894272,83714048,-180224,13904159588352,13904160399360,811008,13904159768576,13904160399360,630784,-1,-1,-1
1601,5,400,0,16,16,151039.783880,151039.804111,0.020231,0x40533c,1,41,1,40,32,100.000000,1,1,0.357313,1.200000,0.800000,monitor,15,7fff,1,1,83714048,83623936,-90112,13904160669696,13904160759808,90112,13904160669696,13904160759808,90112,-1,-1,-1
1601,5,400,1,16,16,151040.097532,151040.125122,0.027590,0x40533c,1,57,6,51,2,100.000000,1,1,0.357313,1.200000,0.800000,monitor,15,7fff,1,1,83714048,83623936,-90112,13904160669696,13904160759808,90112,13904160669696,13904160759808,90112,-1,-1,-1
1601,5,400,2,16,16,151040.092583,151040.113094,0.020511,0x40533c,1,69,8,61,4,100.000000,1,1,0.357313,1.200000,0.800000,monitor,15,7fff,1,1,83714048,83623936,-90112,13904160669696,13904160759808,90112,13904160669696,13904160759808,90112,-1,-1,-1
1601,5,400,3,16,16,151039.774638,151039.795075,0.020437,0x40533c,1,51,13,38,38,100.000000,1,1,0.357313,1.200000,0.800000,monitor,15,7fff,1,1,83714048,83623936,-90112,13904160669696,13904160759808,90112,13904160669696,13904160759808,90112,-1,-1,-1
1601,5,400,4,16,16,151039.793708,151039.820756,0.027048,0x40533c,1,420,291,129,8,100.000000,1,1,0.357313,1.200000,0.800000,monitor,15,7fff,1,1,83714048,83623936,-90112,13904160669696,13904160759808,90112,13904160669696,13904160759808,90112,-1,-1,-1
1601,5,400,5,16,16,151039.782586,151039.809183,0.026597,0x40533c,1,381,201,180,42,100.000000,1,1,0.357313,1.200000,0.800000,monitor,15,7fff,1,1,83714048,83623936,-90112,13904160669696,13904160759808,90112,13904160669696,13904160759808,90112,-1,-1,-1
1601,5,400,6,16,16,151039.788523,151039.815202,0.026679,0x40533c,1,383,233,150,12,100.000000,1,1,0.357313,1.200000,0.800000,monitor,15,7fff,1,1,83714048,83623936,-90112,13904160669696,13904160759808,90112,13904160669696,13904160759808,90112,-1,-1,-1
1601,5,400,7,16,16,151039.778732,151039.805554,0.026822,0x40533c,1,389,236,153,14,100.000000,1,1,0.357313,1.200000,0.800000,monitor,15,7fff,1,1,83714048,83623936,-90112,13904160669696,13904160759808,90112,13904160669696,13904160759808,90112,-1,-1,-1
1601,5,400,8,16,16,151039.800079,151039.827107,0.027028,0x40533c,1,384,156,228,16,100.000000,1,1,0.357313,1.200000,0.800000,monitor,15,7fff,1,1,83714048,83623936,-90112,13904160669696,13904160759808,90112,13904160669696,13904160759808,90112,-1,-1,-1
1601,5,400,9,16,16,151039.777157,151039.803804,0.026647,0x40533c,1,474,255,219,18,100.000000,1,1,0.357313,1.200000,0.800000,monitor,15,7fff,1,1,83714048,83623936,-90112,13904160669696,13904160759808,90112,13904160669696,13904160759808,90112,-1,-1,-1
1601,5,400,10,16,16,151039.806646,151039.833325,0.026679,0x40533c,1,484,240,244,20,100.000000,1,1,0.357313,1.200000,0.800000,monitor,15,7fff,1,1,83714048,83623936,-90112,13904160669696,13904160759808,90112,13904160669696,13904160759808,90112,-1,-1,-1
1601,5,400,11,16,16,151039.815547,151039.842015,0.026468,0x40533c,1,580,331,249,54,100.000000,1,1,0.357313,1.200000,0.800000,monitor,15,7fff,1,1,83714048,83623936,-90112,13904160669696,13904160759808,90112,13904160669696,13904160759808,90112,-1,-1,-1
1601,5,400,12,16,16,151039.767809,151039.788209,0.020400,0x40533c,1,135,29,106,24,100.000000,1,1,0.357313,1.200000,0.800000,monitor,15,7fff,1,1,83714048,83623936,-90112,13904160669696,13904160759808,90112,13904160669696,13904160759808,90112,-1,-1,-1
1601,5,400,13,16,16,151039.771659,151039.792181,0.020522,0x40533c,1,60,6,54,58,100.000000,1,1,0.357313,1.200000,0.800000,monitor,15,7fff,1,1,83714048,83623936,-90112,13904160669696,13904160759808,90112,13904160669696,13904160759808,90112,-1,-1,-1
1601,5,400,14,16,16,151040.093618,151040.118570,0.024952,0x40533c,1,1716,53,1663,60,100.000000,1,1,0.357313,1.200000,0.800000,monitor,15,7fff,1,1,83714048,83623936,-90112,13904160669696,13904160759808,90112,13904160669696,13904160759808,90112,-1,-1,-1
1601,5,400,15,16,16,151039.787025,151039.807447,0.020422,0x40533c,1,43,0,43,30,100.000000,1,1,0.357313,1.200000,0.800000,monitor,15,7fff,1,1,83714048,83623936,-90112,13904160669696,13904160759808,90112,13904160669696,13904160759808,90112,-1,-1,-1
1998,2,500,0,16,16,188002.828674,188361.191431,132.995267,0x4051ce,1,13542140,9495987,4046153,32,100.000000,1,1,363.022757,1.200000,0.800000,monitor,15,7fff,1,1,85336064,85336064,0,17394827952128,17429751939072,34923986944,17394827952128,17429751939072,34923986944,-1,-1,-1
1998,2,500,1,16,16,188002.848349,188361.448955,144.709725,0x4051ce,1,14433470,9897799,4535671,2,100.000000,1,1,363.022757,1.200000,0.800000,monitor,15,7fff,1,1,85336064,85336064,0,17394827952128,17429751939072,34923986944,17394827952128,17429751939072,34923986944,-1,-1,-1
1998,2,500,2,16,16,188002.791949,188361.116589,146.579697,0x4051ce,1,14198478,12377948,1820530,4,100.000000,1,1,363.022757,1.200000,0.800000,monitor,15,7fff,1,1,85336064,85336064,0,17394827952128,17429751939072,34923986944,17394827952128,17429751939072,34923986944,-1,-1,-1
1998,2,500,3,16,16,188002.788249,188361.105913,151.079588,0x4051ce,1,13919833,12725770,1194063,38,100.000000,1,1,363.022757,1.200000,0.800000,monitor,15,7fff,1,1,85336064,85336064,0,17394827952128,17429751939072,34923986944,17394827952128,17429751939072,34923986944,-1,-1,-1
1998,2,500,4,16,16,188002.812351,188365.772923,361.977948,0x4051ce,1,50369981,36316481,14053500,8,100.000000,1,1,363.022757,1.200000,0.800000,monitor,15,7fff,1,1,85336064,85336064,0,17394827952128,17429751939072,34923986944,17394827952128,17429751939072,34923986944,-1,-1,-1
1998,2,500,5,16,16,188002.867787,188365.786614,360.202210,0x4051ce,1,50402716,35892278,14510438,42,100.000000,1,1,363.022757,1.200000,0.800000,monitor,15,7fff,1,1,85336064,85336064,0,17394827952128,17429751939072,34923986944,17394827952128,17429751939072,34923986944,-1,-1,-1
1998,2,500,6,16,16,188002.783531,188365.492958,345.496985,0x4051ce,1,47333389,34416274,12917115,12,100.000000,1,1,363.022757,1.200000,0.800000,monitor,15,7fff,1,1,85336064,85336064,0,17394827952128,17429751939072,34923986944,17394827952128,17429751939072,34923986944,-1,-1,-1
1998,2,500,7,16,16,188002.861192,188365.803705,358.628323,0x4051ce,1,50227856,35822436,14405420,14,100.000000,1,1,363.022757,1.200000,0.800000,monitor,15,7fff,1,1,85336064,85336064,0,17394827952128,17429751939072,34923986944,17394827952128,17429751939072,34923986944,-1,-1,-1
1998,2,500,8,16,16,188002.835558,188365.775003,360.554086,0x4051ce,1,50150640,36722356,13428284,16,100.000000,1,1,363.022757,1.200000,0.800000,monitor,15,7fff,1,1,85336064,85336064,0,17394827952128,17429751939072,34923986944,17394827952128,17429751939072,34923986944,-1,-1,-1
1998,2,500,9,16,16,188002.800144,188365.577209,347.307180,0x4051ce,1,47015524,34850387,12165137,18,100.000000,1,1,363.022757,1.200000,0.800000,monitor,15,7fff,1,1,85336064,85336064,0,17394827952128,17429751939072,34923986944,17394827952128,17429751939072,34923986944,-1,-1,-1
1998,2,500,10,16,16,188002.807799,188365.728625,359.873510,0x4051ce,1,50171058,36595995,13575063,20,100.000000,1,1,363.022757,1.200000,0.800000,monitor,15,7fff,1,1,85336064,85336064,0,17394827952128,17429751939072,34923986944,17394827952128,17429751939072,34923986944,-1,-1,-1
1998,2,500,11,16,16,188002.839566,188365.740599,359.727065,0x4051ce,1,50189051,36594742,13594309,54,100.000000,1,1,363.022757,1.200000,0.800000,monitor,15,7fff,1,1,85336064,85336064,0,17394827952128,17429751939072,34923986944,17394827952128,17429751939072,34923986944,-1,-1,-1
1998,2,500,12,16,16,188002.844706,188361.139358,151.347134,0x4051ce,1,14150868,13615455,535413,24,100.000000,1,1,363.022757,1.200000,0.800000,monitor,15,7fff,1,1,85336064,85336064,0,17394827952128,17429751939072,34923986944,17394827952128,17429751939072,34923986944,-1,-1,-1
1998,2,500,13,16,16,188002.820747,188361.127435,151.901019,0x4051ce,1,14116085,13692149,423936,58,100.000000,1,1,363.022757,1.200000,0.800000,monitor,15,7fff,1,1,85336064,85336064,0,17394827952128,17429751939072,34923986944,17394827952128,17429751939072,34923986944,-1,-1,-1
1998,2,500,14,16,16,188002.853810,188361.126902,152.741189,0x4051ce,1,14132977,13710489,422488,60,100.000000,1,1,363.022757,1.200000,0.800000,monitor,15,7fff,1,1,85336064,85336064,0,17394827952128,17429751939072,34923986944,17394827952128,17429751939072,34923986944,-1,-1,-1
1998,2,500,15,16,16,188002.780948,188361.132356,151.350445,0x4051ce,1,13841751,13428371,413380,30,100.000000,1,1,363.022757,1.200000,0.800000,monitor,15,7fff,1,1,85336064,85336064,0,17394827952128,17429751939072,34923986944,17394827952128,17429751939072,34923986944,-1,-1,-1
1999,3,500,0,16,16,188367.611147,188367.959897,0.348750,0x405218,1,8171,5453,2718,32,100.000000,1,1,1.973855,1.200000,0.800000,monitor,15,7fff,1,1,86147072,84344832,-1802240,17429757886464,17429769420800,11534336,17429757886464,17429769420800,11534336,-1,-1,-1
1999,3,500,1,16,16,188367.205064,188367.410413,0.205349,0x405218,1,7951,6116,1835,2,100.000000,1,1,1.973855,1.200000,0.800000,monitor,15,7fff,1,1,86147072,84344832,-1802240,17429757886464,17429769420800,11534336,17429757886464,17429769420800,11534336,-1,-1,-1
1999,3,500,2,16,16,188366.306939,188366.441398,0.134459,0x405218,1,9051,4171,4880,4,100.000000,1,1,1.973855,1.200000,0.800000,monitor,15,7fff,1,1,86147072,84344832,-1802240,17429757886464,17429769420800,11534336,17429757886464,17429769420800,11534336,-1,-1,-1
1999,3,500,3,16,16,188366.509315,188366.645136,0.135821,0x405218,1,8922,4191,4731,38,100.000000,1,1,1.973855,1.200000,0.800000,monitor,15,7fff,1,1,86147072,84344832,-1802240,17429757886464,17429769420800,11534336,17429757886464,17429769420800,11534336,-1,-1,-1
1999,3,500,4,16,16,188366.329759,188366.661714,0.331955,0x405218,1,19587,13016,6571,8,100.000000,1,1,1.973855,1.200000,0.800000,monitor,15,7fff,1,1,86147072,84344832,-1802240,17429757886464,17429769420800,11534336,17429757886464,17429769420800,11534336,-1,-1,-1
1999,3,500,5,16,16,188367.358359,188367.698938,0.340579,0x405218,1,19586,10559,9027,42,100.000000,1,1,1.973855,1.200000,0.800000,monitor,15,7fff,1,1,86147072,84344832,-1802240,17429757886464,17429769420800,11534336,17429757886464,17429769420800,11534336,-1,-1,-1
1999,3,500,6,16,16,188366.898278,188367.222274,0.323996,0x405218,1,18758,13725,5033,12,100.000000,1,1,1.973855,1.200000,0.800000,monitor,15,7fff,1,1,86147072,84344832,-1802240,17429757886464,17429769420800,11534336,17429757886464,17429769420800,11534336,-1,-1,-1
1999,3,500,7,16,16,188367.738758,188368.069411,0.330653,0x405218,1,19515,9759,9756,14,100.000000,1,1,1.973855,1.200000,0.800000,monitor,15,7fff,1,1,86147072,84344832,-1802240,17429757886464,17429769420800,11534336,17429757886464,17429769420800,11534336,-1,-1,-1
1999,3,500,8,16,16,188366.700915,188367.019428,0.318513,0x405218,1,19580,10250,9330,16,100.000000,1,1,1.973855,1.200000,0.800000,monitor,15,7fff,1,1,86147072,84344832,-1802240,17429757886464,17429769420800,11534336,17429757886464,17429769420800,11534336,-1,-1,-1
1999,3,500,9,16,16,188367.052367,188367.364464,0.312097,0x405218,1,18782,9793,8989,18,100.000000,1,1,1.973855,1.200000,0.800000,monitor,15,7fff,1,1,86147072,84344832,-1802240,17429757886464,17429769420800,11534336,17429757886464,17429769420800,11534336,-1,-1,-1
1999,3,500,10,16,16,188367.511006,188367.837048,0.326042,0x405218,1,17276,10076,7200,20,100.000000,1,1,1.973855,1.200000,0.800000,monitor,15,7fff,1,1,86147072,84344832,-1802240,17429757886464,17429769420800,11534336,17429757886464,17429769420800,11534336,-1,-1,-1
1999,3,500,11,16,16,188366.337742,188366.645262,0.307520,0x405218,1,17036,9709,7327,54,100.000000,1,1,1.973855,1.200000,0.800000,monitor,15,7fff,1,1,86147072,84344832,-1802240,17429757886464,17429769420800,11534336,17429757886464,17429769420800,11534336,-1,-1,-1
1999,3,500,12,16,16,188366.095556,188366.226336,0.130780,0x405218,1,5581,5070,511,24,100.000000,1,1,1.973855,1.200000,0.800000,monitor,15,7fff,1,1,86147072,84344832,-1802240,17429757886464,17429769420800,11534336,17429757886464,17429769420800,11534336,-1,-1,-1
1999,3,500,13,16,16,188367.190503,188367.325715,0.135212,0x405218,1,8872,3538,5334,58,100.000000,1,1,1.973855,1.200000,0.800000,monitor,15,7fff,1,1,86147072,84344832,-1802240,17429757886464,17429769420800,11534336,17429757886464,17429769420800,11534336,-1,-1,-1
1999,3,500,14,16,16,188366.905593,188367.038054,0.132461,0x405218,1,5426,4861,565,60,100.000000,1,1,1.973855,1.200000,0.800000,monitor,15,7fff,1,1,86147072,84344832,-1802240,17429757886464,17429769420800,11534336,17429757886464,17429769420800,11534336,-1,-1,-1
1999,3,500,15,16,16,188367.503194,188367.639040,0.135846,0x405218,1,8507,3237,5270,30,100.000000,1,1,1.973855,1.200000,0.800000,monitor,15,7fff,1,1,86147072,84344832,-1802240,17429757886464,17429769420800,11534336,17429757886464,17429769420800,11534336,-1,-1,-1
2000,4,500,0,16,16,188368.442161,188368.476214,0.034053,0x4052e4,1,2299,1616,683,32,100.000000,1,1,0.465361,1.200000,0.800000,monitor,15,7fff,1,1,84164608,84254720,90112,17429772935168,17429774647296,1712128,17429773115392,17429774647296,1531904,-1,-1,-1
2000,4,500,1,16,16,188368.676780,188368.706270,0.029490,0x4052e4,1,271,204,67,2,100.000000,1,1,0.465361,1.200000,0.800000,monitor,15,7fff,1,1,84164608,84254720,90112,17429772935168,17429774647296,1712128,17429773115392,17429774647296,1531904,-1,-1,-1
2000,4,500,2,16,16,188368.401702,188368.428446,0.026744,0x4052e4,1,1302,664,638,4,100.000000,1,1,0.465361,1.200000,0.800000,monitor,15,7fff,1,1,84164608,84254720,90112,17429772935168,17429774647296,1712128,17429773115392,17429774647296,1531904,-1,-1,-1
2000,4,500,3,16,16,188368.397257,188368.421856,0.024599,0x4052e4,1,777,427,350,38,100.000000,1,1,0.465361,1.200000,0.800000,monitor,15,7fff,1,1,84164608,84254720,90112,17429772935168,17429774647296,1712128,17429773115392,17429774647296,1531904,-1,-1,-1
2000,4,500,4,16,16,188368.476801,188368.502175,0.025374,0x4052e4,1,512,385,127,8,100.000000,1,1,0.465361,1.200000,0.800000,monitor,15,7fff,1,1,84164608,84254720,90112,17429772935168,17429774647296,1712128,17429773115392,17429774647296,1531904,-1,-1,-1
2000,4,500,5,16,16,188368.493092,188368.518151,0.025059,0x4052e4,1,369,291,78,42,100.000000,1,1,0.465361,1.200000,0.800000,monitor,15,7fff,1,1,84164608,84254720,90112,17429772935168,17429774647296,1712128,17429773115392,17429774647296,1531904,-1,-1,-1
2000,4,500,6,16,16,188368.457869,188368.484663,0.026794,0x4052e4,1,530,418,112,12,100.000000,1,1,0.465361,1.200000,0.800000,monitor,15,7fff,1,1,84164608,84254720,90112,17429772935168,17429774647296,1712128,17429773115392,17429774647296,1531904,-1,-1,-1
2000,4,500,7,16,16,188368.468614,188368.493489,0.024875,0x4052e4,1,480,332,148,14,100.000000,1,1,0.465361,1.200000,0.800000,monitor,15,7fff,1,1,84164608,84254720,90112,17429772935168,17429774647296,1712128,17429773115392,17429774647296,1531904,-1,-1,-1
2000,4,500,8,16,16,188368.431427,188368.459002,0.027575,0x4052e4,1,471,335,136,16,100.000000,1,1,0.465361,1.200000,0.800000,monitor,15,7fff,1,1,84164608,84254720,90112,17429772935168,17429774647296,1712128,17429773115392,17429774647296,1531904,-1,-1,-1
2000,4,500,9,16,16,188368.393002,188368.420937,0.027935,0x4052e4,1,631,429,202,18,100.000000,1,1,0.465361,1.200000,0.800000,monitor,15,7fff,1,1,84164608,84254720,90112,17429772935168,17429774647296,1712128,17429773115392,17429774647296,1531904,-1,-1,-1
2000,4,500,10,16,16,188368.424799,188368.451905,0.027106,0x4052e4,1,3049,363,2686,20,100.000000,1,1,0.465361,1.200000,0.800000,monitor,15,7fff,1,1,84164608,84254720,90112,17429772935168,17429774647296,1712128,17429773115392,17429774647296,1531904,-1,-1,-1
2000,4,500,11,16,16,188368.822984,188368.852525,0.029541,0x4052e4,1,3193,451,2742,54,100.000000,1,1,0.465361,1.200000,0.800000,monitor,15,7fff,1,1,84164608,84254720,90112,17429772935168,17429774647296,1712128,17429773115392,17429774647296,1531904,-1,-1,-1
2000,4,500,12,16,16,188368.387164,188368.409288,0.022124,0x4052e4,1,84,60,24,24,100.000000,1,1,0.465361,1.200000,0.800000,monitor,15,7fff,1,1,84164608,84254720,90112,17429772935168,17429774647296,1712128,17429773115392,17429774647296,1531904,-1,-1,-1
2000,4,500,13,16,16,188368.485386,188368.508890,0.023504,0x4052e4,1,702,299,403,58,100.000000,1,1,0.465361,1.200000,0.800000,monitor,15,7fff,1,1,84164608,84254720,90112,17429772935168,17429774647296,1712128,17429773115392,17429774647296,1531904,-1,-1,-1
2000,4,500,14,16,16,188368.672537,188368.696755,0.024218,0x4052e4,1,2682,158,2524,60,100.000000,1,1,0.465361,1.200000,0.800000,monitor,15,7fff,1,1,84164608,84254720,90112,17429772935168,17429774647296,1712128,17429773115392,17429774647296,1531904,-1,-1,-1
2000,4,500,15,16,16,188368.449174,188368.474705,0.025531,0x4052e4,1,776,418,358,30,100.000000,1,1,0.465361,1.200000,0.800000,monitor,15,7fff,1,1,84164608,84254720,90112,17429772935168,17429774647296,1712128,17429773115392,17429774647296,1531904,-1,-1,-1
2001,5,500,0,16,16,188369.016949,188369.039432,0.022483,0x40533c,1,76,13,63,32,100.000000,1,1,0.296818,1.200000,0.800000,monitor,15,7fff,1,1,84254720,83804160,-450560,17429775998976,17429776269312,270336,17429775998976,17429776269312,270336,-1,-1,-1
2001,5,500,1,16,16,188369.041137,188369.069595,0.028458,0x40533c,1,66,15,51,2,100.000000,1,1,0.296818,1.200000,0.800000,monitor,15,7fff,1,1,84254720,83804160,-450560,17429775998976,17429776269312,270336,17429775998976,17429776269312,270336,-1,-1,-1
2001,5,500,2,16,16,188369.048745,188369.069272,0.020527,0x40533c,1,66,7,59,4,100.000000,1,1,0.296818,1.200000,0.800000,monitor,15,7fff,1,1,84254720,83804160,-450560,17429775998976,17429776269312,270336,17429775998976,17429776269312,270336,-1,-1,-1
2001,5,500,3,16,16,188369.008519,188369.030642,0.022123,0x40533c,1,42,3,39,38,100.000000,1,1,0.296818,1.200000,0.800000,monitor,15,7fff,1,1,84254720,83804160,-450560,17429775998976,17429776269312,270336,17429775998976,17429776269312,270336,-1,-1,-1
2001,5,500,4,16,16,188369.028255,188369.058201,0.029946,0x40533c,1,438,320,118,8,100.000000,1,1,0.296818,1.200000,0.800000,monitor,15,7fff,1,1,84254720,83804160,-450560,17429775998976,17429776269312,270336,17429775998976,17429776269312,270336,-1,-1,-1
2001,5,500,5,16,16,188369.043130,188369.070620,0.027490,0x40533c,1,423,258,165,42,100.000000,1,1,0.296818,1.200000,0.800000,monitor,15,7fff,1,1,84254720,83804160,-450560,17429775998976,17429776269312,270336,17429775998976,17429776269312,270336,-1,-1,-1
2001,5,500,6,16,16,188369.004092,188369.034392,0.030300,0x40533c,1,507,364,143,12,100.000000,1,1,0.296818,1.200000,0.800000,monitor,15,7fff,1,1,84254720,83804160,-450560,17429775998976,17429776269312,270336,17429775998976,17429776269312,270336,-1,-1,-1
2001,5,500,7,16,16,188369.027746,188369.057304,0.029558,0x40533c,1,444,260,184,14,100.000000,1,1,0.296818,1.200000,0.800000,monitor,15,7fff,1,1,84254720,83804160,-450560,17429775998976,17429776269312,270336,17429775998976,17429776269312,270336,-1,-1,-1
2001,5,500,8,16,16,188369.021168,188369.051426,0.030258,0x40533c,1,469,247,222,16,100.000000,1,1,0.296818,1.200000,0.800000,monitor,15,7fff,1,1,84254720,83804160,-450560,17429775998976,17429776269312,270336,17429775998976,17429776269312,270336,-1,-1,-1
2001,5,500,9,16,16,188369.010319,188369.039938,0.029619,0x40533c,1,513,263,250,18,100.000000,1,1,0.296818,1.200000,0.800000,monitor,15,7fff,1,1,84254720,83804160,-450560,17429775998976,17429776269312,270336,17429775998976,17429776269312,270336,-1,-1,-1
2001,5,500,10,16,16,188369.263281,188369.296692,0.033411,0x40533c,1,3144,505,2639,20,100.000000,1,1,0.296818,1.200000,0.800000,monitor,15,7fff,1,1,84254720,83804160,-450560,17429775998976,17429776269312,270336,17429775998976,17429776269312,270336,-1,-1,-1
2001,5,500,11,16,16,188369.037175,188369.067954,0.030779,0x40533c,1,1637,660,977,54,100.000000,1,1,0.296818,1.200000,0.800000,monitor,15,7fff,1,1,84254720,83804160,-450560,17429775998976,17429776269312,270336,17429775998976,17429776269312,270336,-1,-1,-1
2001,5,500,12,16,16,188369.036826,188369.059703,0.022877,0x40533c,1,1553,140,1413,24,100.000000,1,1,0.296818,1.200000,0.800000,monitor,15,7fff,1,1,84254720,83804160,-450560,17429775998976,17429776269312,270336,17429775998976,17429776269312,270336,-1,-1,-1
2001,5,500,13,16,16,188369.003681,188369.025610,0.021929,0x40533c,1,48,2,46,58,100.000000,1,1,0.296818,1.200000,0.800000,monitor,15,7fff,1,1,84254720,83804160,-450560,17429775998976,17429776269312,270336,17429775998976,17429776269312,270336,-1,-1,-1
2001,5,500,14,16,16,188369.019186,188369.041979,0.022793,0x40533c,1,375,13,362,60,100.000000,1,1,0.296818,1.200000,0.800000,monitor,15,7fff,1,1,84254720,83804160,-450560,17429775998976,17429776269312,270336,17429775998976,17429776269312,270336,-1,-1,-1
2001,5,500,15,16,16,188368.999874,188369.021890,0.022016,0x40533c,1,108,25,83,30,100.000000,1,1,0.296818,1.200000,0.800000,monitor,15,7fff,1,1,84254720,83804160,-450560,17429775998976,17429776269312,270336,17429775998976,17429776269312,270336,-1,-1,-1
2398,2,600,0,16,16,223875.683456,224227.184101,132.247445,0x4051ce,1,13542331,9484689,4057642,32,100.000000,1,1,355.772536,1.200000,0.800000,monitor,15,7fff,1,1,85426176,85155840,-270336,20795640143872,20828854435840,33214291968,20795640143872,20828854435840,33214291968,-1,-1,-1
2398,2,600,1,16,16,223875.508168,224227.397631,143.227127,0x4051ce,1,14435958,9876429,4559529,2,100.000000,1,1,355.772536,1.200000,0.800000,monitor,15,7fff,1,1,85426176,85155840,-270336,20795640143872,20828854435840,33214291968,20795640143872,20828854435840,33214291968,-1,-1,-1
2398,2,600,2,16,16,223875.699999,224227.123676,145.989634,0x4051ce,1,14193316,12379390,1813926,4,100.000000,1,1,355.772536,1.200000,0.800000,monitor,15,7fff,1,1,85426176,85155840,-270336,20795640143872,20828854435840,33214291968,20795640143872,20828854435840,33214291968,-1,-1,-1
2398,2,600,3,16,16,223875.675711,224227.074027,147.392788,0x4051ce,1,14182368,12897334,1285034,38,100.000000,1,1,355.772536,1.200000,0.800000,monitor,15,7fff,1,1,85426176,85155840,-270336,20795640143872,20828854435840,33214291968,20795640143872,20828854435840,33214291968,-1,-1,-1
2398,2,600,4,16,16,223875.519049,224231.254454,341.720886,0x4051ce,1,46575133,34124390,12450743,8,100.000000,1,1,355.772536,1.200000,0.800000,monitor,15,7fff,1,1,85426176,85155840,-270336,20795640143872,20828854435840,33214291968,20795640143872,20828854435840,33214291968,-1,-1,-1
2398,2,600,5,16,16,223875.515072,224231.277854,354.167508,0x4051ce,1,46032207,32973786,13058421,42,100.000000,1,1,355.772536,1.200000,0.800000,monitor,15,7fff,1,1,85426176,85155840,-270336,20795640143872,20828854435840,33214291968,20795640143872,20828854435840,33214291968,-1,-1,-1
2398,2,600,6,16,16,223875.670479,224230.994952,326.365519,0x4051ce,1,43824394,32225552,11598842,12,100.000000,1,1,355.772536,1.200000,0.800000,monitor,15,7fff,1,1,85426176,85155840,-270336,20795640143872,20828854435840,33214291968,20795640143872,20828854435840,33214291968,-1,-1,-1
2398,2,600,7,16,16,223875.523079,224231.247896,337.518717,0x4051ce,1,46452069,33647374,12804695,14,100.000000,1,1,355.772536,1.200000,0.800000,monitor,15,7fff,1,1,85426176,85155840,-270336,20795640143872,20828854435840,33214291968,20795640143872,20828854435840,33214291968,-1,-1,-1
2398,2,600,8,16,16,223875.505318,224231.214993,341.051215,0x4051ce,1,46377235,34484660,11892575,16,100.000000,1,1,355.772536,1.200000,0.800000,monitor,15,7fff,1,1,85426176,85155840,-270336,20795640143872,20828854435840,33214291968,20795640143872,20828854435840,33214291968,-1,-1,-1
2398,2,600,9,16,16,223875.508255,224231.012566,327.848954,0x4051ce,1,43532512,32748952,10783560,18,100.000000,1,1,355.772536,1.200000,0.800000,monitor,15,7fff,1,1,85426176,85155840,-270336,20795640143872,20828854435840,33214291968,20795640143872,20828854435840,33214291968,-1,-1,-1
2398,2,600,10,16,16,223875.530595,224231.207084,339.533050,0x4051ce,1,46385768,34403514,11982254,20,100.000000,1,1,355.772536,1.200000,0.800000,monitor,15,7fff,1,1,85426176,85155840,-270336,20795640143872,20828854435840,33214291968,20795640143872,20828854435840,33214291968,-1,-1,-1
2398,2,600,11,16,16,223875.695480,224231.232842,339.279314,0x4051ce,1,46418648,34354099,12064549,54,100.000000,1,1,355.772536,1.200000,0.800000,monitor,15,7fff,1,1,85426176,85155840,-270336,20795640143872,20828854435840,33214291968,20795640143872,20828854435840,33214291968,-1,-1,-1
2398,2,600,12,16,16,223875.655392,224227.132496,150.643343,0x4051ce,1,14156242,13586086,570156,24,100.000000,1,1,355.772536,1.200000,0.800000,monitor,15,7fff,1,1,85426176,85155840,-270336,20795640143872,20828854435840,33214291968,20795640143872,20828854435840,33214291968,-1,-1,-1
2398,2,600,13,16,16,223875.665882,224227.136269,151.080200,0x4051ce,1,14118798,13690295,428503,58,100.000000,1,1,355.772536,1.200000,0.800000,monitor,15,7fff,1,1,85426176,85155840,-270336,20795640143872,20828854435840,33214291968,20795640143872,20828854435840,33214291968,-1,-1,-1
2398,2,600,14,16,16,223875.688135,224227.128700,151.849801,0x4051ce,1,14131524,13702707,428817,60,100.000000,1,1,355.772536,1.200000,0.800000,monitor,15,7fff,1,1,85426176,85155840,-270336,20795640143872,20828854435840,33214291968,20795640143872,20828854435840,33214291968,-1,-1,-1
2398,2,600,15,16,16,223875.660196,224227.155486,150.438296,0x4051ce,1,13824525,13408472,416053,30,100.000000,1,1,355.772536,1.200000,0.800000,monitor,15,7fff,1,1,85426176,85155840,-270336,20795640143872,20828854435840,33214291968,20795640143872,20828854435840,33214291968,-1,-1,-1
2399,3,600,0,16,16,224232.589163,224232.739934,0.150771,0x405218,1,8198,5431,2767,32,100.000000,1,1,1.341297,1.200000,0.800000,monitor,15,7fff,1,1,85966848,83173376,-2793472,20828861284352,20828870295552,9011200,20828861374464,20828870295552,8921088,-1,-1,-1
2399,3,600,1,16,16,224232.604031,224232.807696,0.203665,0x405218,1,7960,6156,1804,2,100.000000,1,1,1.341297,1.200000,0.800000,monitor,15,7fff,1,1,85966848,83173376,-2793472,20828861284352,20828870295552,9011200,20828861374464,20828870295552,8921088,-1,-1,-1
2399,3,600,2,16,16,224232.618321,224232.753151,0.134830,0x405218,1,5871,5119,752,4,100.000000,1,1,1.341297,1.200000,0.800000,monitor,15,7fff,1,1,85966848,83173376,-2793472,20828861284352,20828870295552,9011200,20828861374464,20828870295552,8921088,-1,-1,-1
2399,3,600,3,16,16,224231.768139,224231.905542,0.137403,0x405218,1,9010,4580,4430,38,100.000000,1,1,1.341297,1.200000,0.800000,monitor,15,7fff,1,1,85966848,83173376,-2793472,20828861284352,20828870295552,9011200,20828861374464,20828870295552,8921088,-1,-1,-1
2399,3,600,4,16,16,224231.554790,224231.867758,0.312968,0x405218,1,16946,11945,5001,8,100.000000,1,1,1.341297,1.200000,0.800000,monitor,15,7fff,1,1,85966848,83173376,-2793472,20828861284352,20828870295552,9011200,20828861374464,20828870295552,8921088,-1,-1,-1
2399,3,600,5,16,16,224232.017178,224232.325052,0.307874,0x405218,1,18552,11393,7159,42,100.000000,1,1,1.341297,1.200000,0.800000,monitor,15,7fff,1,1,85966848,83173376,-2793472,20828861284352,20828870295552,9011200,20828861374464,20828870295552,8921088,-1,-1,-1
2399,3,600,6,16,16,224231.843728,224232.132706,0.288978,0x405218,1,17867,11314,6553,12,100.000000,1,1,1.341297,1.200000,0.800000,monitor,15,7fff,1,1,85966848,83173376,-2793472,20828861284352,20828870295552,9011200,20828861374464,20828870295552,8921088,-1,-1,-1
2399,3,600,7,16,16,224231.551715,224231.856041,0.304326,0x405218,1,15710,10236,5474,14,100.000000,1,1,1.341297,1.200000,0.800000,monitor,15,7fff,1,1,85966848,83173376,-2793472,20828861284352,20828870295552,9011200,20828861374464,20828870295552,8921088,-1,-1,-1
2399,3,600,8,16,16,224231.544811,224231.857641,0.312830,0x405218,1,16271,10657,5614,16,100.000000,1,1,1.341297,1.200000,0.800000,monitor,15,7fff,1,1,85966848,83173376,-2793472,20828861284352,20828870295552,9011200,20828861374464,20828870295552,8921088,-1,-1,-1
2399,3,600,9,16,16,224231.565994,224231.863072,0.297078,0x405218,1,15020,10529,4491,18,100.000000,1,1,1.341297,1.200000,0.800000,monitor,15,7fff,1,1,85966848,83173376,-2793472,20828861284352,20828870295552,9011200,20828861374464,20828870295552,8921088,-1,-1,-1
2399,3,600,10,16,16,224232.418488,224232.733854,0.315366,0x405218,1,18637,9761,8876,20,100.000000,1,1,1.341297,1.200000,0.800000,monitor,15,7fff,1,1,85966848,83173376,-2793472,20828861284352,20828870295552,9011200,20828861374464,20828870295552,8921088,-1,-1,-1
2399,3,600,11,16,16,224232.160764,224232.459306,0.298542,0x405218,1,18542,10374,8168,54,100.000000,1,1,1.341297,1.200000,0.800000,monitor,15,7fff,1,1,85966848,83173376,-2793472,20828861284352,20828870295552,9011200,20828861374464,20828870295552,8921088,-1,-1,-1
2399,3,600,12,16,16,224232.753505,224232.886108,0.132603,0x405218,1,8901,3781,5120,24,100.000000,1,1,1.341297,1.200000,0.800000,monitor,15,7fff,1,1,85966848,83173376,-2793472,20828861284352,20828870295552,9011200,20828861374464,20828870295552,8921088,-1,-1,-1
2399,3,600,13,16,16,224232.563172,224232.699915,0.136743,0x405218,1,8908,3874,5034,58,100.000000,1,1,1.341297,1.200000,0.800000,monitor,15,7fff,1,1,85966848,83173376,-2793472,20828861284352,20828870295552,9011200,20828861374464,20828870295552,8921088,-1,-1,-1
2399,3,600,14,16,16,224231.829086,224231.970798,0.141712,0x405218,1,9042,4248,4794,60,100.000000,1,1,1.341297,1.200000,0.800000,monitor,15,7fff,1,1,85966848,83173376,-2793472,20828861284352,20828870295552,9011200,20828861374464,20828870295552,8921088,-1,-1,-1
2399,3,600,15,16,16,224232.289391,224232.420435,0.131044,0x405218,1,8486,3239,5247,30,100.000000,1,1,1.341297,1.200000,0.800000,monitor,15,7fff,1,1,85966848,83173376,-2793472,20828861284352,20828870295552,9011200,20828861374464,20828870295552,8921088,-1,-1,-1
2400,4,600,0,16,16,224233.239707,224233.271580,0.031873,0x4052e4,1,2292,1624,668,32,100.000000,1,1,0.112207,1.200000,0.800000,monitor,15,7fff,1,1,83533824,83263488,-270336,20828873539584,20828873990144,450560,20828873539584,20828873990144,450560,-1,-1,-1
2400,4,600,1,16,16,224233.235289,224233.264498,0.029209,0x4052e4,1,184,144,40,2,100.000000,1,1,0.112207,1.200000,0.800000,monitor,15,7fff,1,1,83533824,83263488,-270336,20828873539584,20828873990144,450560,20828873539584,20828873990144,450560,-1,-1,-1
2400,4,600,2,16,16,224233.216043,224233.237146,0.021103,0x4052e4,1,155,121,34,4,100.000000,1,1,0.112207,1.200000,0.800000,monitor,15,7fff,1,1,83533824,83263488,-270336,20828873539584,20828873990144,450560,20828873539584,20828873990144,450560,-1,-1,-1
2400,4,600,3,16,16,224233.245729,224233.268750,0.023021,0x4052e4,1,810,390,420,38,100.000000,1,1,0.112207,1.200000,0.800000,monitor,15,7fff,1,1,83533824,83263488,-270336,20828873539584,20828873990144,450560,20828873539584,20828873990144,450560,-1,-1,-1
2400,4,600,4,16,16,224233.242631,224233.269202,0.026571,0x4052e4,1,2989,324,2665,8,100.000000,1,1,0.112207,1.200000,0.800000,monitor,15,7fff,1,1,83533824,83263488,-270336,20828873539584,20828873990144,450560,20828873539584,20828873990144,450560,-1,-1,-1
2400,4,600,5,16,16,224233.270470,224233.296104,0.025634,0x4052e4,1,430,319,111,42,100.000000,1,1,0.112207,1.200000,0.800000,monitor,15,7fff,1,1,83533824,83263488,-270336,20828873539584,20828873990144,450560,20828873539584,20828873990144,450560,-1,-1,-1
2400,4,600,6,16,16,224233.287563,224233.313373,0.025810,0x4052e4,1,566,401,165,12,100.000000,1,1,0.112207,1.200000,0.800000,monitor,15,7fff,1,1,83533824,83263488,-270336,20828873539584,20828873990144,450560,20828873539584,20828873990144,450560,-1,-1,-1
2400,4,600,7,16,16,224233.304563,224233.328250,0.023687,0x4052e4,1,323,255,68,14,100.000000,1,1,0.112207,1.200000,0.800000,monitor,15,7fff,1,1,83533824,83263488,-270336,20828873539584,20828873990144,450560,20828873539584,20828873990144,450560,-1,-1,-1
2400,4,600,8,16,16,224233.222820,224233.249546,0.026726,0x4052e4,1,3045,319,2726,16,100.000000,1,1,0.112207,1.200000,0.800000,monitor,15,7fff,1,1,83533824,83263488,-270336,20828873539584,20828873990144,450560,20828873539584,20828873990144,450560,-1,-1,-1
2400,4,600,9,16,16,224233.228985,224233.252569,0.023584,0x4052e4,1,267,233,34,18,100.000000,1,1,0.112207,1.200000,0.800000,monitor,15,7fff,1,1,83533824,83263488,-270336,20828873539584,20828873990144,450560,20828873539584,20828873990144,450560,-1,-1,-1
2400,4,600,10,16,16,224233.278766,224233.304316,0.025550,0x4052e4,1,552,380,172,20,100.000000,1,1,0.112207,1.200000,0.800000,monitor,15,7fff,1,1,83533824,83263488,-270336,20828873539584,20828873990144,450560,20828873539584,20828873990144,450560,-1,-1,-1
2400,4,600,11,16,16,224233.228976,224233.253775,0.024799,0x4052e4,1,458,341,117,54,100.000000,1,1,0.112207,1.200000,0.800000,monitor,15,7fff,1,1,83533824,83263488,-270336,20828873539584,20828873990144,450560,20828873539584,20828873990144,450560,-1,-1,-1
2400,4,600,12,16,16,224233.253944,224233.277487,0.023543,0x4052e4,1,780,389,391,24,100.000000,1,1,0.112207,1.200000,0.800000,monitor,15,7fff,1,1,83533824,83263488,-270336,20828873539584,20828873990144,450560,20828873539584,20828873990144,450560,-1,-1,-1
2400,4,600,13,16,16,224233.296121,224233.319217,0.023096,0x4052e4,1,624,286,338,58,100.000000,1,1,0.112207,1.200000,0.800000,monitor,15,7fff,1,1,83533824,83263488,-270336,20828873539584,20828873990144,450560,20828873539584,20828873990144,450560,-1,-1,-1
2400,4,600,14,16,16,224233.222351,224233.246490,0.024139,0x4052e4,1,1183,542,641,60,100.000000,1,1,0.112207,1.200000,0.800000,monitor,15,7fff,1,1,83533824,83263488,-270336,20828873539584,20828873990144,450560,20828873539584,20828873990144,450560,-1,-1,-1
2400,4,600,15,16,16,224233.262155,224233.284577,0.022422,0x4052e4,1,728,383,345,30,100.000000,1,1,0.112207,1.200000,0.800000,monitor,15,7fff,1,1,83533824,83263488,-270336,20828873539584,20828873990144,450560,20828873539584,20828873990144,450560,-1,-1,-1
2401,5,600,0,16,16,224233.748879,224233.769828,0.020949,0x40533c,1,48,13,35,32,100.000000,1,1,0.341042,1.200000,0.800000,monitor,15,7fff,1,1,84434944,84164608,-270336,20828876152832,20828876603392,450560,20828876333056,20828876603392,270336,-1,-1,-1
2401,5,600,1,16,16,224233.743073,224233.770349,0.027276,0x40533c,1,47,13,34,2,100.000000,1,1,0.341042,1.200000,0.800000,monitor,15,7fff,1,1,84434944,84164608,-270336,20828876152832,20828876603392,450560,20828876333056,20828876603392,270336,-1,-1,-1
2401,5,600,2,16,16,224233.770973,224233.795770,0.024797,0x40533c,1,1782,164,1618,4,100.000000,1,1,0.341042,1.200000,0.800000,monitor,15,7fff,1,1,84434944,84164608,-270336,20828876152832,20828876603392,450560,20828876333056,20828876603392,270336,-1,-1,-1
2401,5,600,3,16,16,224233.754234,224233.774469,0.020235,0x40533c,1,48,3,45,38,100.000000,1,1,0.341042,1.200000,0.800000,monitor,15,7fff,1,1,84434944,84164608,-270336,20828876152832,20828876603392,450560,20828876333056,20828876603392,270336,-1,-1,-1
2401,5,600,4,16,16,224233.720430,224233.747954,0.027524,0x40533c,1,528,284,244,8,100.000000,1,1,0.341042,1.200000,0.800000,monitor,15,7fff,1,1,84434944,84164608,-270336,20828876152832,20828876603392,450560,20828876333056,20828876603392,270336,-1,-1,-1
2401,5,600,5,16,16,224233.775590,224233.803634,0.028044,0x40533c,1,436,249,187,42,100.000000,1,1,0.341042,1.200000,0.800000,monitor,15,7fff,1,1,84434944,84164608,-270336,20828876152832,20828876603392,450560,20828876333056,20828876603392,270336,-1,-1,-1
2401,5,600,6,16,16,224233.726145,224233.753598,0.027453,0x40533c,1,499,322,177,12,100.000000,1,1,0.341042,1.200000,0.800000,monitor,15,7fff,1,1,84434944,84164608,-270336,20828876152832,20828876603392,450560,20828876333056,20828876603392,270336,-1,-1,-1
2401,5,600,7,16,16,224233.771440,224233.800265,0.028825,0x40533c,1,2751,491,2260,14,100.000000,1,1,0.341042,1.200000,0.800000,monitor,15,7fff,1,1,84434944,84164608,-270336,20828876152832,20828876603392,450560,20828876333056,20828876603392,270336,-1,-1,-1
2401,5,600,8,16,16,224233.704774,224233.736109,0.031335,0x40533c,1,2765,272,2493,16,100.000000,1,1,0.341042,1.200000,0.800000,monitor,15,7fff,1,1,84434944,84164608,-270336,20828876152832,20828876603392,450560,20828876333056,20828876603392,270336,-1,-1,-1
2401,5,600,9,16,16,224233.477868,224233.506176,0.028308,0x40533c,1,2628,390,2238,18,100.000000,1,1,0.341042,1.200000,0.800000,monitor,15,7fff,1,1,84434944,84164608,-270336,20828876152832,20828876603392,450560,20828876333056,20828876603392,270336,-1,-1,-1
2401,5,600,10,16,16,224233.711632,224233.739436,0.027804,0x40533c,1,554,261,293,20,100.000000,1,1,0.341042,1.200000,0.800000,monitor,15,7fff,1,1,84434944,84164608,-270336,20828876152832,20828876603392,450560,20828876333056,20828876603392,270336,-1,-1,-1
2401,5,600,11,16,16,224233.732381,224233.760026,0.027645,0x40533c,1,476,280,196,54,100.000000,1,1,0.341042,1.200000,0.800000,monitor,15,7fff,1,1,84434944,84164608,-270336,20828876152832,20828876603392,450560,20828876333056,20828876603392,270336,-1,-1,-1
2401,5,600,12,16,16,224233.462592,224233.483002,0.020410,0x40533c,1,136,19,117,24,100.000000,1,1,0.341042,1.200000,0.800000,monitor,15,7fff,1,1,84434944,84164608,-270336,20828876152832,20828876603392,450560,20828876333056,20828876603392,270336,-1,-1,-1
2401,5,600,13,16,16,224233.705316,224233.725658,0.020342,0x40533c,1,87,20,67,58,100.000000,1,1,0.341042,1.200000,0.800000,monitor,15,7fff,1,1,84434944,84164608,-270336,20828876152832,20828876603392,450560,20828876333056,20828876603392,270336,-1,-1,-1
2401,5,600,14,16,16,224233.771054,224233.791364,0.020310,0x40533c,1,57,1,56,60,100.000000,1,1,0.341042,1.200000,0.800000,monitor,15,7fff,1,1,84434944,84164608,-270336,20828876152832,20828876603392,450560,20828876333056,20828876603392,270336,-1,-1,-1
2401,5,600,15,16,16,224233.779922,224233.800218,0.020296,0x40533c,1,42,1,41,30,100.000000,1,1,0.341042,1.200000,0.800000,monitor,15,7fff,1,1,84434944,84164608,-270336,20828876152832,20828876603392,450560,20828876333056,20828876603392,270336,-1,-1,-1
2798,2,700,0,16,16,258121.248456,258446.897884,132.683355,0x4051ce,1,13552053,9482614,4069439,32,100.000000,1,1,329.352020,1.200000,0.800000,monitor,15,7fff,1,1,84344832,85065728,720896,24040049082368,24071923318784,31874236416,24040049082368,24071923318784,31874236416,-1,-1,-1
2798,2,700,1,16,16,258121.239722,258447.103320,143.792604,0x4051ce,1,14433733,9873551,4560182,2,100.000000,1,1,329.352020,1.200000,0.800000,monitor,15,7fff,1,1,84344832,85065728,720896,24040049082368,24071923318784,31874236416,24040049082368,24071923318784,31874236416,-1,-1,-1
2798,2,700,2,16,16,258121.277772,258446.834478,146.486415,0x4051ce,1,14199406,12428332,1771074,4,100.000000,1,1,329.352020,1.200000,0.800000,monitor,15,7fff,1,1,84344832,85065728,720896,24040049082368,24071923318784,31874236416,24040049082368,24071923318784,31874236416,-1,-1,-1
2798,2,700,3,16,16,258121.316834,258446.798009,147.485943,0x4051ce,1,14177617,12864999,1312618,38,100.000000,1,1,329.352020,1.200000,0.800000,monitor,15,7fff,1,1,84344832,85065728,720896,24040049082368,24071923318784,31874236416,24040049082368,24071923318784,31874236416,-1,-1,-1
2798,2,700,4,16,16,258121.304580,258450.567799,328.545230,0x4051ce,1,43712862,32199641,11513221,8,100.000000,1,1,329.352020,1.200000,0.800000,monitor,15,7fff,1,1,84344832,85065728,720896,24040049082368,24071923318784,31874236416,24040049082368,24071923318784,31874236416,-1,-1,-1
2798,2,700,5,16,16,258121.298792,258450.582539,325.884178,0x4051ce,1,43779150,31762813,12016337,42,100.000000,1,1,329.352020,1.200000,0.800000,monitor,15,7fff,1,1,84344832,85065728,720896,24040049082368,24071923318784,31874236416,24040049082368,24071923318784,31874236416,-1,-1,-1
2798,2,700,6,16,16,258121.282398,258450.303203,313.890969,0x4051ce,1,41093383,30544173,10549210,12,100.000000,1,1,329.352020,1.200000,0.800000,monitor,15,7fff,1,1,84344832,85065728,720896,24040049082368,24071923318784,31874236416,24040049082368,24071923318784,31874236416,-1,-1,-1
2798,2,700,7,16,16,258121.261467,258450.567128,324.026902,0x4051ce,1,43595423,31828215,11767208,14,100.000000,1,1,329.352020,1.200000,0.800000,monitor,15,7fff,1,1,84344832,85065728,720896,24040049082368,24071923318784,31874236416,24040049082368,24071923318784,31874236416,-1,-1,-1
2798,2,700,8,16,16,258121.237512,258450.552675,327.607043,0x4051ce,1,43516890,32641435,10875455,16,100.000000,1,1,329.352020,1.200000,0.800000,monitor,15,7fff,1,1,84344832,85065728,720896,24040049082368,24071923318784,31874236416,24040049082368,24071923318784,31874236416,-1,-1,-1
2798,2,700,9,16,16,258121.293792,258450.359340,316.662192,0x4051ce,1,40782308,30990822,9791486,18,100.000000,1,1,329.352020,1.200000,0.800000,monitor,15,7fff,1,1,84344832,85065728,720896,24040049082368,24071923318784,31874236416,24040049082368,24071923318784,31874236416,-1,-1,-1
2798,2,700,10,16,16,258121.310605,258450.532546,326.517152,0x4051ce,1,43535360,32611675,10923685,20,100.000000,1,1,329.352020,1.200000,0.800000,monitor,15,7fff,1,1,84344832,85065728,720896,24040049082368,24071923318784,31874236416,24040049082368,24071923318784,31874236416,-1,-1,-1
2798,2,700,11,16,16,258121.290059,258450.542106,325.586481,0x4051ce,1,43525366,32557970,10967396,54,100.000000,1,1,329.352020,1.200000,0.800000,monitor,15,7fff,1,1,84344832,85065728,720896,24040049082368,24071923318784,31874236416,24040049082368,24071923318784,31874236416,-1,-1,-1
2798,2,700,12,16,16,258121.254833,258446.807750,150.811762,0x4051ce,1,14145510,13623221,522289,24,100.000000,1,1,329.352020,1.200000,0.800000,monitor,15,7fff,1,1,84344832,85065728,720896,24040049082368,24071923318784,31874236416,24040049082368,24071923318784,31874236416,-1,-1,-1
2798,2,700,13,16,16,258121.274948,258446.855804,151.478343,0x4051ce,1,14114877,13700446,414431,58,100.000000,1,1,329.352020,1.200000,0.800000,monitor,15,7fff,1,1,84344832,85065728,720896,24040049082368,24071923318784,31874236416,24040049082368,24071923318784,31874236416,-1,-1,-1
2798,2,700,14,16,16,258121.266461,258446.825032,152.082568,0x4051ce,1,14135532,13708814,426718,60,100.000000,1,1,329.352020,1.200000,0.800000,monitor,15,7fff,1,1,84344832,85065728,720896,24040049082368,24071923318784,31874236416,24040049082368,24071923318784,31874236416,-1,-1,-1
2798,2,700,15,16,16,258121.230519,258446.844059,150.874030,0x4051ce,1,13842844,13427088,415756,30,100.000000,1,1,329.352020,1.200000,0.800000,monitor,15,7fff,1,1,84344832,85065728,720896,24040049082368,24071923318784,31874236416,24040049082368,24071923318784,31874236416,-1,-1,-1
2799,3,700,0,16,16,258451.502313,258451.671735,0.169422,0x405218,1,8424,5937,2487,32,100.000000,1,1,1.305905,1.200000,0.800000,monitor,15,7fff,1,1,85876736,85245952,-630784,24071926382592,24071936565248,10182656,24071926562816,24071936565248,10002432,-1,-1,-1
2799,3,700,1,16,16,258451.667036,258451.845124,0.178088,0x405218,1,7995,5346,2649,2,100.000000,1,1,1.305905,1.200000,0.800000,monitor,15,7fff,1,1,85876736,85245952,-630784,24071926382592,24071936565248,10182656,24071926562816,24071936565248,10002432,-1,-1,-1
2799,3,700,2,16,16,258451.652293,258451.788321,0.136028,0x405218,1,8894,4017,4877,4,100.000000,1,1,1.305905,1.200000,0.800000,monitor,15,7fff,1,1,85876736,85245952,-630784,24071926382592,24071936565248,10182656,24071926562816,24071936565248,10002432,-1,-1,-1
2799,3,700,3,16,16,258451.109992,258451.239737,0.129745,0x405218,1,5774,5048,726,38,100.000000,1,1,1.305905,1.200000,0.800000,monitor,15,7fff,1,1,85876736,85245952,-630784,24071926382592,24071936565248,10182656,24071926562816,24071936565248,10002432,-1,-1,-1
2799,3,700,4,16,16,258450.849417,258451.138145,0.288728,0x405218,1,16148,11458,4690,8,100.000000,1,1,1.305905,1.200000,0.800000,monitor,15,7fff,1,1,85876736,85245952,-630784,24071926382592,24071936565248,10182656,24071926562816,24071936565248,10002432,-1,-1,-1
2799,3,700,5,16,16,258451.360525,258451.669696,0.309171,0x405218,1,17898,10865,7033,42,100.000000,1,1,1.305905,1.200000,0.800000,monitor,15,7fff,1,1,85876736,85245952,-630784,24071926382592,24071936565248,10182656,24071926562816,24071936565248,10002432,-1,-1,-1
2799,3,700,6,16,16,258451.104493,258451.392893,0.288400,0x405218,1,17280,10902,6378,12,100.000000,1,1,1.305905,1.200000,0.800000,monitor,15,7fff,1,1,85876736,85245952,-630784,24071926382592,24071936565248,10182656,24071926562816,24071936565248,10002432,-1,-1,-1
2799,3,700,7,16,16,258451.140243,258451.430881,0.290638,0x405218,1,14957,9536,5421,14,100.000000,1,1,1.305905,1.200000,0.800000,monitor,15,7fff,1,1,85876736,85245952,-630784,24071926382592,24071936565248,10182656,24071926562816,24071936565248,10002432,-1,-1,-1
2799,3,700,8,16,16,258451.153482,258451.446158,0.292676,0x405218,1,15430,10118,5312,16,100.000000,1,1,1.305905,1.200000,0.800000,monitor,15,7fff,1,1,85876736,85245952,-630784,24071926382592,24071936565248,10182656,24071926562816,24071936565248,10002432,-1,-1,-1
2799,3,700,9,16,16,258451.679719,258451.956981,0.277262,0x405218,1,14290,9138,5152,18,100.000000,1,1,1.305905,1.200000,0.800000,monitor,15,7fff,1,1,85876736,85245952,-630784,24071926382592,24071936565248,10182656,24071926562816,24071936565248,10002432,-1,-1,-1
2799,3,700,10,16,16,258451.714527,258452.008042,0.293515,0x405218,1,16190,10188,6002,20,100.000000,1,1,1.305905,1.200000,0.800000,monitor,15,7fff,1,1,85876736,85245952,-630784,24071926382592,24071936565248,10182656,24071926562816,24071936565248,10002432,-1,-1,-1
2799,3,700,11,16,16,258450.845846,258451.127634,0.281788,0x405218,1,15262,9063,6199,54,100.000000,1,1,1.305905,1.200000,0.800000,monitor,15,7fff,1,1,85876736,85245952,-630784,24071926382592,24071936565248,10182656,24071926562816,24071936565248,10002432,-1,-1,-1
2799,3,700,12,16,16,258450.837140,258450.968681,0.131541,0x405218,1,5524,4950,574,24,100.000000,1,1,1.305905,1.200000,0.800000,monitor,15,7fff,1,1,85876736,85245952,-630784,24071926382592,24071936565248,10182656,24071926562816,24071936565248,10002432,-1,-1,-1
2799,3,700,13,16,16,258452.009686,258452.143045,0.133359,0x405218,1,8863,3078,5785,58,100.000000,1,1,1.305905,1.200000,0.800000,monitor,15,7fff,1,1,85876736,85245952,-630784,24071926382592,24071936565248,10182656,24071926562816,24071936565248,10002432,-1,-1,-1
2799,3,700,14,16,16,258451.125828,258451.257493,0.131665,0x405218,1,5524,4981,543,60,100.000000,1,1,1.305905,1.200000,0.800000,monitor,15,7fff,1,1,85876736,85245952,-630784,24071926382592,24071936565248,10182656,24071926562816,24071936565248,10002432,-1,-1,-1
2799,3,700,15,16,16,258450.851626,258450.986943,0.135317,0x405218,1,4936,4489,447,30,100.000000,1,1,1.305905,1.200000,0.800000,monitor,15,7fff,1,1,85876736,85245952,-630784,24071926382592,24071936565248,10182656,24071926562816,24071936565248,10002432,-1,-1,-1
2800,4,700,0,16,16,258452.460384,258452.490859,0.030475,0x4052e4,1,2402,1433,969,32,100.000000,1,1,0.112945,1.200000,0.800000,monitor,15,7fff,1,1,85336064,84975616,-360448,24071939629056,24071939899392,270336,24071939629056,24071939899392,270336,-1,-1,-1
2800,4,700,1,16,16,258452.459823,258452.488662,0.028839,0x4052e4,1,187,140,47,2,100.000000,1,1,0.112945,1.200000,0.800000,monitor,15,7fff,1,1,85336064,84975616,-360448,24071939629056,24071939899392,270336,24071939629056,24071939899392,270336,-1,-1,-1
2800,4,700,2,16,16,258452.453287,258452.475701,0.022414,0x4052e4,1,734,432,302,4,100.000000,1,1,0.112945,1.200000,0.800000,monitor,15,7fff,1,1,85336064,84975616,-360448,24071939629056,24071939899392,270336,24071939629056,24071939899392,270336,-1,-1,-1
2800,4,700,3,16,16,258452.503934,258452.524824,0.020890,0x4052e4,1,52,19,33,38,100.000000,1,1,0.112945,1.200000,0.800000,monitor,15,7fff,1,1,85336064,84975616,-360448,24071939629056,24071939899392,270336,24071939629056,24071939899392,270336,-1,-1,-1
2800,4,700,4,16,16,258452.448366,258452.472817,0.024451,0x4052e4,1,256,217,39,8,100.000000,1,1,0.112945,1.200000,0.800000,monitor,15,7fff,1,1,85336064,84975616,-360448,24071939629056,24071939899392,270336,24071939629056,24071939899392,270336,-1,-1,-1
2800,4,700,5,16,16,258452.495496,258452.521812,0.026316,0x4052e4,1,456,353,103,42,100.000000,1,1,0.112945,1.200000,0.800000,monitor,15,7fff,1,1,85336064,84975616,-360448,24071939629056,24071939899392,270336,24071939629056,24071939899392,270336,-1,-1,-1
2800,4,700,6,16,16,258452.487071,258452.513871,0.026800,0x4052e4,1,638,499,139,12,100.000000,1,1,0.112945,1.200000,0.800000,monitor,15,7fff,1,1,85336064,84975616,-360448,24071939629056,24071939899392,270336,24071939629056,24071939899392,270336,-1,-1,-1
2800,4,700,7,16,16,258452.528642,258452.554062,0.025420,0x4052e4,1,269,239,30,14,100.000000,1,1,0.112945,1.200000,0.800000,monitor,15,7fff,1,1,85336064,84975616,-360448,24071939629056,24071939899392,270336,24071939629056,24071939899392,270336,-1,-1,-1
2800,4,700,8,16,16,258452.473168,258452.496064,0.022896,0x4052e4,1,286,244,42,16,100.000000,1,1,0.112945,1.200000,0.800000,monitor,15,7fff,1,1,85336064,84975616,-360448,24071939629056,24071939899392,270336,24071939629056,24071939899392,270336,-1,-1,-1
2800,4,700,9,16,16,258452.478180,258452.501963,0.023783,0x4052e4,1,253,216,37,18,100.000000,1,1,0.112945,1.200000,0.800000,monitor,15,7fff,1,1,85336064,84975616,-360448,24071939629056,24071939899392,270336,24071939629056,24071939899392,270336,-1,-1,-1
2800,4,700,10,16,16,258452.452260,258452.477675,0.025415,0x4052e4,1,3055,332,2723,20,100.000000,1,1,0.112945,1.200000,0.800000,monitor,15,7fff,1,1,85336064,84975616,-360448,24071939629056,24071939899392,270336,24071939629056,24071939899392,270336,-1,-1,-1
2800,4,700,11,16,16,258452.441293,258452.464844,0.023551,0x4052e4,1,327,286,41,54,100.000000,1,1,0.112945,1.200000,0.800000,monitor,15,7fff,1,1,85336064,84975616,-360448,24071939629056,24071939899392,270336,24071939629056,24071939899392,270336,-1,-1,-1
2800,4,700,12,16,16,258452.441117,258452.461702,0.020585,0x4052e4,1,111,67,44,24,100.000000,1,1,0.112945,1.200000,0.800000,monitor,15,7fff,1,1,85336064,84975616,-360448,24071939629056,24071939899392,270336,24071939629056,24071939899392,270336,-1,-1,-1
2800,4,700,13,16,16,258452.469290,258452.492236,0.022946,0x4052e4,1,706,231,475,58,100.000000,1,1,0.112945,1.200000,0.800000,monitor,15,7fff,1,1,85336064,84975616,-360448,24071939629056,24071939899392,270336,24071939629056,24071939899392,270336,-1,-1,-1
2800,4,700,14,16,16,258452.522936,258452.551281,0.028345,0x4052e4,1,2412,59,2353,60,100.000000,1,1,0.112945,1.200000,0.800000,monitor,15,7fff,1,1,85336064,84975616,-360448,24071939629056,24071939899392,270336,24071939629056,24071939899392,270336,-1,-1,-1
2800,4,700,15,16,16,258452.466399,258452.486566,0.020167,0x4052e4,1,94,67,27,30,100.000000,1,1,0.112945,1.200000,0.800000,monitor,15,7fff,1,1,85336064,84975616,-360448,24071939629056,24071939899392,270336,24071939629056,24071939899392,270336,-1,-1,-1
2801,5,700,0,16,16,258452.703756,258452.725612,0.021856,0x40533c,1,32,1,31,32,100.000000,1,1,0.089466,1.200000,0.800000,monitor,15,7fff,1,1,84885504,84705280,-180224,24071940349952,24071940710400,360448,24071940349952,24071940710400,360448,-1,-1,-1
2801,5,700,1,16,16,258452.704388,258452.734287,0.029899,0x40533c,1,69,6,63,2,100.000000,1,1,0.089466,1.200000,0.800000,monitor,15,7fff,1,1,84885504,84705280,-180224,24071940349952,24071940710400,360448,24071940349952,24071940710400,360448,-1,-1,-1
2801,5,700,2,16,16,258452.693731,258452.715652,0.021921,0x40533c,1,56,10,46,4,100.000000,1,1,0.089466,1.200000,0.800000,monitor,15,7fff,1,1,84885504,84705280,-180224,24071940349952,24071940710400,360448,24071940349952,24071940710400,360448,-1,-1,-1
2801,5,700,3,16,16,258452.711544,258452.733348,0.021804,0x40533c,1,91,29,62,38,100.000000,1,1,0.089466,1.200000,0.800000,monitor,15,7fff,1,1,84885504,84705280,-180224,24071940349952,24071940710400,360448,24071940349952,24071940710400,360448,-1,-1,-1
2801,5,700,4,16,16,258452.717250,258452.746262,0.029012,0x40533c,1,390,276,114,8,100.000000,1,1,0.089466,1.200000,0.800000,monitor,15,7fff,1,1,84885504,84705280,-180224,24071940349952,24071940710400,360448,24071940349952,24071940710400,360448,-1,-1,-1
2801,5,700,5,16,16,258452.728357,258452.758506,0.030149,0x40533c,1,347,191,156,42,100.000000,1,1,0.089466,1.200000,0.800000,monitor,15,7fff,1,1,84885504,84705280,-180224,24071940349952,24071940710400,360448,24071940349952,24071940710400,360448,-1,-1,-1
2801,5,700,6,16,16,258452.722160,258452.752119,0.029959,0x40533c,1,480,310,170,12,100.000000,1,1,0.089466,1.200000,0.800000,monitor,15,7fff,1,1,84885504,84705280,-180224,24071940349952,24071940710400,360448,24071940349952,24071940710400,360448,-1,-1,-1
2801,5,700,7,16,16,258452.698677,258452.726000,0.027323,0x40533c,1,420,229,191,14,100.000000,1,1,0.089466,1.200000,0.800000,monitor,15,7fff,1,1,84885504,84705280,-180224,24071940349952,24071940710400,360448,24071940349952,24071940710400,360448,-1,-1,-1
2801,5,700,8,16,16,258452.710725,258452.738152,0.027427,0x40533c,1,379,171,208,16,100.000000,1,1,0.089466,1.200000,0.800000,monitor,15,7fff,1,1,84885504,84705280,-180224,24071940349952,24071940710400,360448,24071940349952,24071940710400,360448,-1,-1,-1
2801,5,700,9,16,16,258452.747439,258452.776053,0.028614,0x40533c,1,580,307,273,18,100.000000,1,1,0.089466,1.200000,0.800000,monitor,15,7fff,1,1,84885504,84705280,-180224,24071940349952,24071940710400,360448,24071940349952,24071940710400,360448,-1,-1,-1
2801,5,700,10,16,16,258452.687264,258452.716368,0.029104,0x40533c,1,704,356,348,20,100.000000,1,1,0.089466,1.200000,0.800000,monitor,15,7fff,1,1,84885504,84705280,-180224,24071940349952,24071940710400,360448,24071940349952,24071940710400,360448,-1,-1,-1
2801,5,700,11,16,16,258452.739323,258452.766508,0.027185,0x40533c,1,478,270,208,54,100.000000,1,1,0.089466,1.200000,0.800000,monitor,15,7fff,1,1,84885504,84705280,-180224,24071940349952,24071940710400,360448,24071940349952,24071940710400,360448,-1,-1,-1
2801,5,700,12,16,16,258452.686587,258452.708321,0.021734,0x40533c,1,43,3,40,24,100.000000,1,1,0.089466,1.200000,0.800000,monitor,15,7fff,1,1,84885504,84705280,-180224,24071940349952,24071940710400,360448,24071940349952,24071940710400,360448,-1,-1,-1
2801,5,700,13,16,16,258452.691877,258452.713928,0.022051,0x40533c,1,45,3,42,58,100.000000,1,1,0.089466,1.200000,0.800000,monitor,15,7fff,1,1,84885504,84705280,-180224,24071940349952,24071940710400,360448,24071940349952,24071940710400,360448,-1,-1,-1
2801,5,700,14,16,16,258452.721448,258452.743478,0.022030,0x40533c,1,24,0,24,60,100.000000,1,1,0.089466,1.200000,0.800000,monitor,15,7fff,1,1,84885504,84705280,-180224,24071940349952,24071940710400,360448,24071940349952,24071940710400,360448,-1,-1,-1
2801,5,700,15,16,16,258452.729398,258452.751481,0.022083,0x40533c,1,55,5,50,30,100.000000,1,1,0.089466,1.200000,0.800000,monitor,15,7fff,1,1,84885504,84705280,-180224,24071940349952,24071940710400,360448,24071940349952,24071940710400,360448,-1,-1,-1
