parallel_id,region_id,region_exec,thread_id,team_size,requested_threads,start_ms,end_ms,elapsed_ms,codeptr,pmu_valid,pmu_llc_references,pmu_llc_misses,pmu_llc_hits,cpu_id,target_mb_percent,resource_applied,resctrl_enabled,region_wall_ms,resctrl_enable_ms,resctrl_disable_ms,resource_kind,target_l3_ways,target_l3_mask,mon_valid,mon_l3_domains,mon_start_llc_occupancy_bytes,mon_end_llc_occupancy_bytes,mon_llc_occupancy_delta_bytes,mon_start_mbm_total_bytes,mon_end_mbm_total_bytes,mon_mbm_total_delta_bytes,mon_start_mbm_local_bytes,mon_end_mbm_local_bytes,mon_mbm_local_delta_bytes,mon_start_mbm_remote_bytes,mon_end_mbm_remote_bytes,mon_mbm_remote_delta_bytes
1,1,1,0,16,16,1305.468288,1307.671890,2.203602,0x404957,1,59440,57932,1508,0,100.000000,1,1,3.178060,1.200000,0.800000,monitor,15,7fff,1,1,0,2523136,2523136,90112,82092032,82001920,90112,82092032,82001920,-1,-1,-1
1,1,1,1,16,16,1305.472895,1307.769385,2.296490,0x404957,1,58997,57772,1225,34,100.000000,1,1,3.178060,1.200000,0.800000,monitor,15,7fff,1,1,0,2523136,2523136,90112,82092032,82001920,90112,82092032,82001920,-1,-1,-1
1,1,1,2,16,16,1305.541954,1307.835809,2.293855,0x404957,1,59004,57876,1128,36,100.000000,1,1,3.178060,1.200000,0.800000,monitor,15,7fff,1,1,0,2523136,2523136,90112,82092032,82001920,90112,82092032,82001920,-1,-1,-1
1,1,1,3,16,16,1305.594293,1308.339821,2.745528,0x404957,1,59074,57773,1301,38,100.000000,1,1,3.178060,1.200000,0.800000,monitor,15,7fff,1,1,0,2523136,2523136,90112,82092032,82001920,90112,82092032,82001920,-1,-1,-1
1,1,1,4,16,16,1305.505259,1307.878335,2.373076,0x404957,1,59055,57626,1429,40,100.000000,1,1,3.178060,1.200000,0.800000,monitor,15,7fff,1,1,0,2523136,2523136,90112,82092032,82001920,90112,82092032,82001920,-1,-1,-1
1,1,1,5,16,16,1305.603995,1308.227260,2.623265,0x404957,1,58803,57890,913,42,100.000000,1,1,3.178060,1.200000,0.800000,monitor,15,7fff,1,1,0,2523136,2523136,90112,82092032,82001920,90112,82092032,82001920,-1,-1,-1
1,1,1,6,16,16,1305.496351,1307.868337,2.371986,0x404957,1,58985,57937,1048,12,100.000000,1,1,3.178060,1.200000,0.800000,monitor,15,7fff,1,1,0,2523136,2523136,90112,82092032,82001920,90112,82092032,82001920,-1,-1,-1
1,1,1,7,16,16,1305.586546,1308.223951,2.637405,0x404957,1,58928,57818,1110,14,100.000000,1,1,3.178060,1.200000,0.800000,monitor,15,7fff,1,1,0,2523136,2523136,90112,82092032,82001920,90112,82092032,82001920,-1,-1,-1
1,1,1,8,16,16,1305.560844,1307.932987,2.372143,0x404957,1,58926,57702,1224,16,100.000000,1,1,3.178060,1.200000,0.800000,monitor,15,7fff,1,1,0,2523136,2523136,90112,82092032,82001920,90112,82092032,82001920,-1,-1,-1
1,1,1,9,16,16,1305.524160,1308.214534,2.690374,0x404957,1,58961,57652,1309,18,100.000000,1,1,3.178060,1.200000,0.800000,monitor,15,7fff,1,1,0,2523136,2523136,90112,82092032,82001920,90112,82092032,82001920,-1,-1,-1
1,1,1,10,16,16,1305.734252,1308.018237,2.283985,0x404957,1,59237,57617,1620,52,100.000000,1,1,3.178060,1.200000,0.800000,monitor,15,7fff,1,1,0,2523136,2523136,90112,82092032,82001920,90112,82092032,82001920,-1,-1,-1
1,1,1,11,16,16,1305.504405,1308.223138,2.718733,0x404957,1,59002,57956,1046,54,100.000000,1,1,3.178060,1.200000,0.800000,monitor,15,7fff,1,1,0,2523136,2523136,90112,82092032,82001920,90112,82092032,82001920,-1,-1,-1
1,1,1,12,16,16,1306.232420,1308.520426,2.288006,0x404957,1,59261,57820,1441,56,100.000000,1,1,3.178060,1.200000,0.800000,monitor,15,7fff,1,1,0,2523136,2523136,90112,82092032,82001920,90112,82092032,82001920,-1,-1,-1
1,1,1,13,16,16,1305.878248,1308.146389,2.268141,0x404957,1,59349,57965,1384,58,100.000000,1,1,3.178060,1.200000,0.800000,monitor,15,7fff,1,1,0,2523136,2523136,90112,82092032,82001920,90112,82092032,82001920,-1,-1,-1
1,1,1,14,16,16,1306.100208,1308.368927,2.268719,0x404957,1,59277,57890,1387,28,100.000000,1,1,3.178060,1.200000,0.800000,monitor,15,7fff,1,1,0,2523136,2523136,90112,82092032,82001920,90112,82092032,82001920,-1,-1,-1
1,1,1,15,16,16,1306.383110,1308.646348,2.263238,0x404957,1,59330,57935,1395,62,100.000000,1,1,3.178060,1.200000,0.800000,monitor,15,7fff,1,1,0,2523136,2523136,90112,82092032,82001920,90112,82092032,82001920,-1,-1,-1
2,2,1,0,16,16,1320.032803,1360.037404,26.920081,0x4051ce,1,4406614,2435549,1971065,0,100.000000,1,1,40.576841,1.200000,0.800000,monitor,15,7fff,1,1,14778368,51273728,36495360,96149504,4178763776,4082614272,96149504,4178763776,4082614272,-1,-1,-1
2,2,1,1,16,16,1319.519907,1360.030008,29.441311,0x4051ce,1,4355361,2354086,2001275,34,100.000000,1,1,40.576841,1.200000,0.800000,monitor,15,7fff,1,1,14778368,51273728,36495360,96149504,4178763776,4082614272,96149504,4178763776,4082614272,-1,-1,-1
2,2,1,2,16,16,1319.495769,1360.012336,30.265676,0x4051ce,1,5114640,2879460,2235180,36,100.000000,1,1,40.576841,1.200000,0.800000,monitor,15,7fff,1,1,14778368,51273728,36495360,96149504,4178763776,4082614272,96149504,4178763776,4082614272,-1,-1,-1
2,2,1,3,16,16,1321.594371,1360.040148,32.405353,0x4051ce,1,5662264,3010970,2651294,38,100.000000,1,1,40.576841,1.200000,0.800000,monitor,15,7fff,1,1,14778368,51273728,36495360,96149504,4178763776,4082614272,96149504,4178763776,4082614272,-1,-1,-1
2,2,1,4,16,16,1320.231418,1360.023773,30.932079,0x4051ce,1,5160832,2792003,2368829,40,100.000000,1,1,40.576841,1.200000,0.800000,monitor,15,7fff,1,1,14778368,51273728,36495360,96149504,4178763776,4082614272,96149504,4178763776,4082614272,-1,-1,-1
2,2,1,5,16,16,1320.367269,1360.045425,36.689161,0x4051ce,1,5547188,3950066,1597122,42,100.000000,1,1,40.576841,1.200000,0.800000,monitor,15,7fff,1,1,14778368,51273728,36495360,96149504,4178763776,4082614272,96149504,4178763776,4082614272,-1,-1,-1
2,2,1,6,16,16,1319.510568,1360.072610,37.279069,0x4051ce,1,5648370,4050843,1597527,12,100.000000,1,1,40.576841,1.200000,0.800000,monitor,15,7fff,1,1,14778368,51273728,36495360,96149504,4178763776,4082614272,96149504,4178763776,4082614272,-1,-1,-1
2,2,1,7,16,16,1319.913053,1360.032071,36.991662,0x4051ce,1,5632195,4043302,1588893,14,100.000000,1,1,40.576841,1.200000,0.800000,monitor,15,7fff,1,1,14778368,51273728,36495360,96149504,4178763776,4082614272,96149504,4178763776,4082614272,-1,-1,-1
2,2,1,8,16,16,1319.780837,1360.070737,37.683606,0x4051ce,1,5583994,4051964,1532030,16,100.000000,1,1,40.576841,1.200000,0.800000,monitor,15,7fff,1,1,14778368,51273728,36495360,96149504,4178763776,4082614272,96149504,4178763776,4082614272,-1,-1,-1
2,2,1,9,16,16,1320.549897,1360.060968,37.584189,0x4051ce,1,5528156,4061641,1466515,18,100.000000,1,1,40.576841,1.200000,0.800000,monitor,15,7fff,1,1,14778368,51273728,36495360,96149504,4178763776,4082614272,96149504,4178763776,4082614272,-1,-1,-1
2,2,1,10,16,16,1320.683903,1360.039026,36.760528,0x4051ce,1,5539023,4005644,1533379,52,100.000000,1,1,40.576841,1.200000,0.800000,monitor,15,7fff,1,1,14778368,51273728,36495360,96149504,4178763776,4082614272,96149504,4178763776,4082614272,-1,-1,-1
2,2,1,11,16,16,1321.031666,1360.068725,37.562520,0x4051ce,1,5550172,4022879,1527293,54,100.000000,1,1,40.576841,1.200000,0.800000,monitor,15,7fff,1,1,14778368,51273728,36495360,96149504,4178763776,4082614272,96149504,4178763776,4082614272,-1,-1,-1
2,2,1,12,16,16,1321.511827,1360.040214,37.126996,0x4051ce,1,5569593,3989288,1580305,56,100.000000,1,1,40.576841,1.200000,0.800000,monitor,15,7fff,1,1,14778368,51273728,36495360,96149504,4178763776,4082614272,96149504,4178763776,4082614272,-1,-1,-1
2,2,1,13,16,16,1321.371082,1360.017449,30.435709,0x4051ce,1,5681032,2610813,3070219,58,100.000000,1,1,40.576841,1.200000,0.800000,monitor,15,7fff,1,1,14778368,51273728,36495360,96149504,4178763776,4082614272,96149504,4178763776,4082614272,-1,-1,-1
2,2,1,14,16,16,1320.878803,1359.600477,22.385786,0x4051ce,1,5531672,764262,4767410,28,100.000000,1,1,40.576841,1.200000,0.800000,monitor,15,7fff,1,1,14778368,51273728,36495360,96149504,4178763776,4082614272,96149504,4178763776,4082614272,-1,-1,-1
2,2,1,15,16,16,1321.173079,1359.528761,20.413210,0x4051ce,1,5373370,475251,4898119,62,100.000000,1,1,40.576841,1.200000,0.800000,monitor,15,7fff,1,1,14778368,51273728,36495360,96149504,4178763776,4082614272,96149504,4178763776,4082614272,-1,-1,-1
3,3,1,0,16,16,1360.854701,1360.934569,0.079868,0x405218,1,7108,1777,5331,0,100.000000,1,1,1.857374,1.200000,0.800000,monitor,15,7fff,1,1,58212352,58572800,360448,4180475904,4186152960,5677056,4180475904,4186152960,5677056,-1,-1,-1
3,3,1,1,16,16,1360.284154,1360.385154,0.101000,0x405218,1,6023,1674,4349,34,100.000000,1,1,1.857374,1.200000,0.800000,monitor,15,7fff,1,1,58212352,58572800,360448,4180475904,4186152960,5677056,4180475904,4186152960,5677056,-1,-1,-1
3,3,1,2,16,16,1360.273098,1360.364414,0.091316,0x405218,1,4906,2234,2672,36,100.000000,1,1,1.857374,1.200000,0.800000,monitor,15,7fff,1,1,58212352,58572800,360448,4180475904,4186152960,5677056,4180475904,4186152960,5677056,-1,-1,-1
3,3,1,3,16,16,1360.547337,1360.635164,0.087827,0x405218,1,7522,1927,5595,38,100.000000,1,1,1.857374,1.200000,0.800000,monitor,15,7fff,1,1,58212352,58572800,360448,4180475904,4186152960,5677056,4180475904,4186152960,5677056,-1,-1,-1
3,3,1,4,16,16,1361.750682,1361.838995,0.088313,0x405218,1,7483,1769,5714,40,100.000000,1,1,1.857374,1.200000,0.800000,monitor,15,7fff,1,1,58212352,58572800,360448,4180475904,4186152960,5677056,4180475904,4186152960,5677056,-1,-1,-1
3,3,1,5,16,16,1361.483110,1361.582869,0.099759,0x405218,1,7517,2090,5427,42,100.000000,1,1,1.857374,1.200000,0.800000,monitor,15,7fff,1,1,58212352,58572800,360448,4180475904,4186152960,5677056,4180475904,4186152960,5677056,-1,-1,-1
3,3,1,6,16,16,1360.986441,1361.092063,0.105622,0x405218,1,7542,2507,5035,12,100.000000,1,1,1.857374,1.200000,0.800000,monitor,15,7fff,1,1,58212352,58572800,360448,4180475904,4186152960,5677056,4180475904,4186152960,5677056,-1,-1,-1
3,3,1,7,16,16,1360.534131,1360.632685,0.098554,0x405218,1,7657,2232,5425,14,100.000000,1,1,1.857374,1.200000,0.800000,monitor,15,7fff,1,1,58212352,58572800,360448,4180475904,4186152960,5677056,4180475904,4186152960,5677056,-1,-1,-1
3,3,1,8,16,16,1360.698879,1360.792634,0.093755,0x405218,1,7632,2159,5473,16,100.000000,1,1,1.857374,1.200000,0.800000,monitor,15,7fff,1,1,58212352,58572800,360448,4180475904,4186152960,5677056,4180475904,4186152960,5677056,-1,-1,-1
3,3,1,9,16,16,1361.610319,1361.709141,0.098822,0x405218,1,7499,2150,5349,18,100.000000,1,1,1.857374,1.200000,0.800000,monitor,15,7fff,1,1,58212352,58572800,360448,4180475904,4186152960,5677056,4180475904,4186152960,5677056,-1,-1,-1
3,3,1,10,16,16,1361.338276,1361.432602,0.094326,0x405218,1,7501,2440,5061,52,100.000000,1,1,1.857374,1.200000,0.800000,monitor,15,7fff,1,1,58212352,58572800,360448,4180475904,4186152960,5677056,4180475904,4186152960,5677056,-1,-1,-1
3,3,1,11,16,16,1360.706945,1360.815306,0.108361,0x405218,1,7512,2709,4803,54,100.000000,1,1,1.857374,1.200000,0.800000,monitor,15,7fff,1,1,58212352,58572800,360448,4180475904,4186152960,5677056,4180475904,4186152960,5677056,-1,-1,-1
3,3,1,12,16,16,1362.025408,1362.130472,0.105064,0x405218,1,7498,2508,4990,56,100.000000,1,1,1.857374,1.200000,0.800000,monitor,15,7fff,1,1,58212352,58572800,360448,4180475904,4186152960,5677056,4180475904,4186152960,5677056,-1,-1,-1
3,3,1,13,16,16,1360.830255,1360.914224,0.083969,0x405218,1,7520,1671,5849,58,100.000000,1,1,1.857374,1.200000,0.800000,monitor,15,7fff,1,1,58212352,58572800,360448,4180475904,4186152960,5677056,4180475904,4186152960,5677056,-1,-1,-1
3,3,1,14,16,16,1361.895188,1361.974532,0.079344,0x405218,1,7543,914,6629,28,100.000000,1,1,1.857374,1.200000,0.800000,monitor,15,7fff,1,1,58212352,58572800,360448,4180475904,4186152960,5677056,4180475904,4186152960,5677056,-1,-1,-1
3,3,1,15,16,16,1361.155062,1361.227798,0.072736,0x405218,1,7244,782,6462,62,100.000000,1,1,1.857374,1.200000,0.800000,monitor,15,7fff,1,1,58212352,58572800,360448,4180475904,4186152960,5677056,4180475904,4186152960,5677056,-1,-1,-1
4,4,1,0,16,16,1362.718497,1362.744734,0.026237,0x4052e4,1,2253,590,1663,0,100.000000,1,1,0.326181,1.200000,0.800000,monitor,15,7fff,1,1,59203584,58662912,-540672,4188946432,4190208000,1261568,4188946432,4190208000,1261568,-1,-1,-1
4,4,1,1,16,16,1362.716147,1362.740125,0.023978,0x4052e4,1,2720,232,2488,34,100.000000,1,1,0.326181,1.200000,0.800000,monitor,15,7fff,1,1,59203584,58662912,-540672,4188946432,4190208000,1261568,4188946432,4190208000,1261568,-1,-1,-1
4,4,1,2,16,16,1362.418553,1362.442273,0.023720,0x4052e4,1,249,171,78,36,100.000000,1,1,0.326181,1.200000,0.800000,monitor,15,7fff,1,1,59203584,58662912,-540672,4188946432,4190208000,1261568,4188946432,4190208000,1261568,-1,-1,-1
4,4,1,3,16,16,1362.501501,1362.526888,0.025387,0x4052e4,1,1754,689,1065,38,100.000000,1,1,0.326181,1.200000,0.800000,monitor,15,7fff,1,1,59203584,58662912,-540672,4188946432,4190208000,1261568,4188946432,4190208000,1261568,-1,-1,-1
4,4,1,4,16,16,1362.508506,1362.530797,0.022291,0x4052e4,1,1011,177,834,40,100.000000,1,1,0.326181,1.200000,0.800000,monitor,15,7fff,1,1,59203584,58662912,-540672,4188946432,4190208000,1261568,4188946432,4190208000,1261568,-1,-1,-1
4,4,1,5,16,16,1362.423887,1362.451243,0.027356,0x4052e4,1,832,257,575,42,100.000000,1,1,0.326181,1.200000,0.800000,monitor,15,7fff,1,1,59203584,58662912,-540672,4188946432,4190208000,1261568,4188946432,4190208000,1261568,-1,-1,-1
4,4,1,6,16,16,1362.488198,1362.510135,0.021937,0x4052e4,1,907,263,644,12,100.000000,1,1,0.326181,1.200000,0.800000,monitor,15,7fff,1,1,59203584,58662912,-540672,4188946432,4190208000,1261568,4188946432,4190208000,1261568,-1,-1,-1
4,4,1,7,16,16,1362.481280,1362.504263,0.022983,0x4052e4,1,1353,270,1083,14,100.000000,1,1,0.326181,1.200000,0.800000,monitor,15,7fff,1,1,59203584,58662912,-540672,4188946432,4190208000,1261568,4188946432,4190208000,1261568,-1,-1,-1
4,4,1,8,16,16,1362.428874,1362.456065,0.027191,0x4052e4,1,1302,477,825,16,100.000000,1,1,0.326181,1.200000,0.800000,monitor,15,7fff,1,1,59203584,58662912,-540672,4188946432,4190208000,1261568,4188946432,4190208000,1261568,-1,-1,-1
4,4,1,9,16,16,1362.517403,1362.540704,0.023301,0x4052e4,1,948,276,672,18,100.000000,1,1,0.326181,1.200000,0.800000,monitor,15,7fff,1,1,59203584,58662912,-540672,4188946432,4190208000,1261568,4188946432,4190208000,1261568,-1,-1,-1
4,4,1,10,16,16,1362.432579,1362.458922,0.026343,0x4052e4,1,1130,416,714,52,100.000000,1,1,0.326181,1.200000,0.800000,monitor,15,7fff,1,1,59203584,58662912,-540672,4188946432,4190208000,1261568,4188946432,4190208000,1261568,-1,-1,-1
4,4,1,11,16,16,1362.447428,1362.471710,0.024282,0x4052e4,1,1209,449,760,54,100.000000,1,1,0.326181,1.200000,0.800000,monitor,15,7fff,1,1,59203584,58662912,-540672,4188946432,4190208000,1261568,4188946432,4190208000,1261568,-1,-1,-1
4,4,1,12,16,16,1362.463581,1362.485222,0.021641,0x4052e4,1,883,259,624,56,100.000000,1,1,0.326181,1.200000,0.800000,monitor,15,7fff,1,1,59203584,58662912,-540672,4188946432,4190208000,1261568,4188946432,4190208000,1261568,-1,-1,-1
4,4,1,13,16,16,1362.425944,1362.451859,0.025915,0x4052e4,1,850,323,527,58,100.000000,1,1,0.326181,1.200000,0.800000,monitor,15,7fff,1,1,59203584,58662912,-540672,4188946432,4190208000,1261568,4188946432,4190208000,1261568,-1,-1,-1
4,4,1,14,16,16,1362.455053,1362.477264,0.022211,0x4052e4,1,648,152,496,28,100.000000,1,1,0.326181,1.200000,0.800000,monitor,15,7fff,1,1,59203584,58662912,-540672,4188946432,4190208000,1261568,4188946432,4190208000,1261568,-1,-1,-1
4,4,1,15,16,16,1362.437076,1362.463821,0.026745,0x4052e4,1,1622,308,1314,62,100.000000,1,1,0.326181,1.200000,0.800000,monitor,15,7fff,1,1,59203584,58662912,-540672,4188946432,4190208000,1261568,4188946432,4190208000,1261568,-1,-1,-1
5,5,1,0,16,16,1363.194280,1363.214617,0.020337,0x40533c,1,22,0,22,0,100.000000,1,1,0.354276,1.200000,0.800000,monitor,15,7fff,1,1,59293696,59473920,180224,4190388224,4190388224,0,4190388224,4190388224,0,-1,-1,-1
5,5,1,1,16,16,1363.213177,1363.233969,0.020792,0x40533c,1,471,15,456,34,100.000000,1,1,0.354276,1.200000,0.800000,monitor,15,7fff,1,1,59293696,59473920,180224,4190388224,4190388224,0,4190388224,4190388224,0,-1,-1,-1
5,5,1,2,16,16,1363.180615,1363.205271,0.024656,0x40533c,1,1741,41,1700,36,100.000000,1,1,0.354276,1.200000,0.800000,monitor,15,7fff,1,1,59293696,59473920,180224,4190388224,4190388224,0,4190388224,4190388224,0,-1,-1,-1
5,5,1,3,16,16,1362.896458,1362.935627,0.039169,0x40533c,1,51,4,47,38,100.000000,1,1,0.354276,1.200000,0.800000,monitor,15,7fff,1,1,59293696,59473920,180224,4190388224,4190388224,0,4190388224,4190388224,0,-1,-1,-1
5,5,1,4,16,16,1363.189726,1363.211895,0.022169,0x40533c,1,66,3,63,40,100.000000,1,1,0.354276,1.200000,0.800000,monitor,15,7fff,1,1,59293696,59473920,180224,4190388224,4190388224,0,4190388224,4190388224,0,-1,-1,-1
5,5,1,5,16,16,1362.897437,1362.918290,0.020853,0x40533c,1,58,7,51,42,100.000000,1,1,0.354276,1.200000,0.800000,monitor,15,7fff,1,1,59293696,59473920,180224,4190388224,4190388224,0,4190388224,4190388224,0,-1,-1,-1
5,5,1,6,16,16,1363.198419,1363.218719,0.020300,0x40533c,1,31,1,30,12,100.000000,1,1,0.354276,1.200000,0.800000,monitor,15,7fff,1,1,59293696,59473920,180224,4190388224,4190388224,0,4190388224,4190388224,0,-1,-1,-1
5,5,1,7,16,16,1363.203025,1363.224153,0.021128,0x40533c,1,99,8,91,14,100.000000,1,1,0.354276,1.200000,0.800000,monitor,15,7fff,1,1,59293696,59473920,180224,4190388224,4190388224,0,4190388224,4190388224,0,-1,-1,-1
5,5,1,8,16,16,1363.180479,1363.200726,0.020247,0x40533c,1,31,1,30,16,100.000000,1,1,0.354276,1.200000,0.800000,monitor,15,7fff,1,1,59293696,59473920,180224,4190388224,4190388224,0,4190388224,4190388224,0,-1,-1,-1
5,5,1,9,16,16,1363.221278,1363.243312,0.022034,0x40533c,1,71,6,65,18,100.000000,1,1,0.354276,1.200000,0.800000,monitor,15,7fff,1,1,59293696,59473920,180224,4190388224,4190388224,0,4190388224,4190388224,0,-1,-1,-1
5,5,1,10,16,16,1363.217197,1363.239093,0.021896,0x40533c,1,24,0,24,52,100.000000,1,1,0.354276,1.200000,0.800000,monitor,15,7fff,1,1,59293696,59473920,180224,4190388224,4190388224,0,4190388224,4190388224,0,-1,-1,-1
5,5,1,11,16,16,1363.185253,1363.206646,0.021393,0x40533c,1,56,0,56,54,100.000000,1,1,0.354276,1.200000,0.800000,monitor,15,7fff,1,1,59293696,59473920,180224,4190388224,4190388224,0,4190388224,4190388224,0,-1,-1,-1
5,5,1,12,16,16,1362.889036,1362.909438,0.020402,0x40533c,1,147,17,130,56,100.000000,1,1,0.354276,1.200000,0.800000,monitor,15,7fff,1,1,59293696,59473920,180224,4190388224,4190388224,0,4190388224,4190388224,0,-1,-1,-1
5,5,1,13,16,16,1362.891448,1362.911754,0.020306,0x40533c,1,30,1,29,58,100.000000,1,1,0.354276,1.200000,0.800000,monitor,15,7fff,1,1,59293696,59473920,180224,4190388224,4190388224,0,4190388224,4190388224,0,-1,-1,-1
5,5,1,14,16,16,1362.893497,1362.914282,0.020785,0x40533c,1,24,0,24,28,100.000000,1,1,0.354276,1.200000,0.800000,monitor,15,7fff,1,1,59293696,59473920,180224,4190388224,4190388224,0,4190388224,4190388224,0,-1,-1,-1
5,5,1,15,16,16,1363.207501,1363.228942,0.021441,0x40533c,1,47,7,40,62,100.000000,1,1,0.354276,1.200000,0.800000,monitor,15,7fff,1,1,59293696,59473920,180224,4190388224,4190388224,0,4190388224,4190388224,0,-1,-1,-1
398,2,100,0,16,16,9773.989974,9859.039847,30.524363,0x4051ce,1,4388274,2756798,1631476,32,100.000000,1,1,86.190480,1.200000,0.800000,monitor,15,7fff,1,1,84885504,82632704,-2252800,670432378880,677546541056,7114162176,670432378880,677546541056,7114162176,-1,-1,-1
398,2,100,1,16,16,9773.760299,9859.013590,30.554494,0x4051ce,1,4728625,2877550,1851075,34,100.000000,1,1,86.190480,1.200000,0.800000,monitor,15,7fff,1,1,84885504,82632704,-2252800,670432378880,677546541056,7114162176,670432378880,677546541056,7114162176,-1,-1,-1
398,2,100,2,16,16,9773.964477,9859.004031,31.631547,0x4051ce,1,5060464,3018327,2042137,36,100.000000,1,1,86.190480,1.200000,0.800000,monitor,15,7fff,1,1,84885504,82632704,-2252800,670432378880,677546541056,7114162176,670432378880,677546541056,7114162176,-1,-1,-1
398,2,100,3,16,16,9773.975661,9859.022811,33.244206,0x4051ce,1,5570640,3168048,2402592,38,100.000000,1,1,86.190480,1.200000,0.800000,monitor,15,7fff,1,1,84885504,82632704,-2252800,670432378880,677546541056,7114162176,670432378880,677546541056,7114162176,-1,-1,-1
398,2,100,4,16,16,9773.794351,9859.947395,85.491680,0x4051ce,1,11253994,6420085,4833909,40,100.000000,1,1,86.190480,1.200000,0.800000,monitor,15,7fff,1,1,84885504,82632704,-2252800,670432378880,677546541056,7114162176,670432378880,677546541056,7114162176,-1,-1,-1
398,2,100,5,16,16,9773.770076,9859.859333,82.598303,0x4051ce,1,11738191,7589559,4148632,42,100.000000,1,1,86.190480,1.200000,0.800000,monitor,15,7fff,1,1,84885504,82632704,-2252800,670432378880,677546541056,7114162176,670432378880,677546541056,7114162176,-1,-1,-1
398,2,100,6,16,16,9773.969718,9859.812338,79.521466,0x4051ce,1,11360849,7241794,4119055,44,100.000000,1,1,86.190480,1.200000,0.800000,monitor,15,7fff,1,1,84885504,82632704,-2252800,670432378880,677546541056,7114162176,670432378880,677546541056,7114162176,-1,-1,-1
398,2,100,7,16,16,9773.801201,9859.848599,83.606191,0x4051ce,1,11823992,7720719,4103273,14,100.000000,1,1,86.190480,1.200000,0.800000,monitor,15,7fff,1,1,84885504,82632704,-2252800,670432378880,677546541056,7114162176,670432378880,677546541056,7114162176,-1,-1,-1
398,2,100,8,16,16,9773.957588,9859.852815,83.393893,0x4051ce,1,11762748,7535184,4227564,16,100.000000,1,1,86.190480,1.200000,0.800000,monitor,15,7fff,1,1,84885504,82632704,-2252800,670432378880,677546541056,7114162176,670432378880,677546541056,7114162176,-1,-1,-1
398,2,100,9,16,16,9773.758986,9859.808262,80.355921,0x4051ce,1,11262350,7263411,3998939,18,100.000000,1,1,86.190480,1.200000,0.800000,monitor,15,7fff,1,1,84885504,82632704,-2252800,670432378880,677546541056,7114162176,670432378880,677546541056,7114162176,-1,-1,-1
398,2,100,10,16,16,9773.778662,9859.843281,83.084865,0x4051ce,1,11706558,7690443,4016115,52,100.000000,1,1,86.190480,1.200000,0.800000,monitor,15,7fff,1,1,84885504,82632704,-2252800,670432378880,677546541056,7114162176,670432378880,677546541056,7114162176,-1,-1,-1
398,2,100,11,16,16,9773.785793,9859.872131,83.385381,0x4051ce,1,11641421,7660921,3980500,54,100.000000,1,1,86.190480,1.200000,0.800000,monitor,15,7fff,1,1,84885504,82632704,-2252800,670432378880,677546541056,7114162176,670432378880,677546541056,7114162176,-1,-1,-1
398,2,100,12,16,16,9773.756915,9859.014454,37.076660,0x4051ce,1,5445725,3972858,1472867,56,100.000000,1,1,86.190480,1.200000,0.800000,monitor,15,7fff,1,1,84885504,82632704,-2252800,670432378880,677546541056,7114162176,670432378880,677546541056,7114162176,-1,-1,-1
398,2,100,13,16,16,9773.797837,9858.986759,33.652634,0x4051ce,1,5607555,3067847,2539708,58,100.000000,1,1,86.190480,1.200000,0.800000,monitor,15,7fff,1,1,84885504,82632704,-2252800,670432378880,677546541056,7114162176,670432378880,677546541056,7114162176,-1,-1,-1
398,2,100,14,16,16,9773.951571,9858.827646,29.009415,0x4051ce,1,5655208,1847149,3808059,28,100.000000,1,1,86.190480,1.200000,0.800000,monitor,15,7fff,1,1,84885504,82632704,-2252800,670432378880,677546541056,7114162176,670432378880,677546541056,7114162176,-1,-1,-1
398,2,100,15,16,16,9773.765538,9858.909386,29.682339,0x4051ce,1,5559853,1922000,3637853,62,100.000000,1,1,86.190480,1.200000,0.800000,monitor,15,7fff,1,1,84885504,82632704,-2252800,670432378880,677546541056,7114162176,670432378880,677546541056,7114162176,-1,-1,-1
399,3,100,0,16,16,9861.563263,9861.653757,0.090494,0x405218,1,4781,3261,1520,32,100.000000,1,1,1.459120,1.200000,0.800000,monitor,15,7fff,1,1,85245952,84525056,-720896,677552218112,677566185472,13967360,677552848896,677566185472,13336576,-1,-1,-1
399,3,100,1,16,16,9860.208128,9860.340487,0.132359,0x405218,1,6023,3130,2893,34,100.000000,1,1,1.459120,1.200000,0.800000,monitor,15,7fff,1,1,85245952,84525056,-720896,677552218112,677566185472,13967360,677552848896,677566185472,13336576,-1,-1,-1
399,3,100,2,16,16,9860.741096,9860.837115,0.096019,0x405218,1,7514,2722,4792,36,100.000000,1,1,1.459120,1.200000,0.800000,monitor,15,7fff,1,1,85245952,84525056,-720896,677552218112,677566185472,13967360,677552848896,677566185472,13336576,-1,-1,-1
399,3,100,3,16,16,9860.557901,9860.657195,0.099294,0x405218,1,7506,3410,4096,38,100.000000,1,1,1.459120,1.200000,0.800000,monitor,15,7fff,1,1,85245952,84525056,-720896,677552218112,677566185472,13967360,677552848896,677566185472,13336576,-1,-1,-1
399,3,100,4,16,16,9861.420048,9861.641733,0.221685,0x405218,1,13583,6325,7258,40,100.000000,1,1,1.459120,1.200000,0.800000,monitor,15,7fff,1,1,85245952,84525056,-720896,677552218112,677566185472,13967360,677552848896,677566185472,13336576,-1,-1,-1
399,3,100,5,16,16,9860.871646,9861.081647,0.210001,0x405218,1,13660,6402,7258,42,100.000000,1,1,1.459120,1.200000,0.800000,monitor,15,7fff,1,1,85245952,84525056,-720896,677552218112,677566185472,13967360,677552848896,677566185472,13336576,-1,-1,-1
399,3,100,6,16,16,9860.435898,9860.656484,0.220586,0x405218,1,13292,6326,6966,44,100.000000,1,1,1.459120,1.200000,0.800000,monitor,15,7fff,1,1,85245952,84525056,-720896,677552218112,677566185472,13967360,677552848896,677566185472,13336576,-1,-1,-1
399,3,100,7,16,16,9861.152021,9861.361524,0.209503,0x405218,1,11507,7525,3982,14,100.000000,1,1,1.459120,1.200000,0.800000,monitor,15,7fff,1,1,85245952,84525056,-720896,677552218112,677566185472,13967360,677552848896,677566185472,13336576,-1,-1,-1
399,3,100,8,16,16,9860.504568,9860.703559,0.198991,0x405218,1,12092,6901,5191,16,100.000000,1,1,1.459120,1.200000,0.800000,monitor,15,7fff,1,1,85245952,84525056,-720896,677552218112,677566185472,13967360,677552848896,677566185472,13336576,-1,-1,-1
399,3,100,9,16,16,9861.012528,9861.209342,0.196814,0x405218,1,12598,6236,6362,18,100.000000,1,1,1.459120,1.200000,0.800000,monitor,15,7fff,1,1,85245952,84525056,-720896,677552218112,677566185472,13967360,677552848896,677566185472,13336576,-1,-1,-1
399,3,100,10,16,16,9860.777908,9860.980193,0.202285,0x405218,1,13463,6651,6812,52,100.000000,1,1,1.459120,1.200000,0.800000,monitor,15,7fff,1,1,85245952,84525056,-720896,677552218112,677566185472,13967360,677552848896,677566185472,13336576,-1,-1,-1
399,3,100,11,16,16,9861.144343,9861.353149,0.208806,0x405218,1,12745,6618,6127,54,100.000000,1,1,1.459120,1.200000,0.800000,monitor,15,7fff,1,1,85245952,84525056,-720896,677552218112,677566185472,13967360,677552848896,677566185472,13336576,-1,-1,-1
399,3,100,12,16,16,9860.203207,9860.306711,0.103504,0x405218,1,4199,3329,870,56,100.000000,1,1,1.459120,1.200000,0.800000,monitor,15,7fff,1,1,85245952,84525056,-720896,677552218112,677566185472,13967360,677552848896,677566185472,13336576,-1,-1,-1
399,3,100,13,16,16,9861.555962,9861.662327,0.106365,0x405218,1,7512,3112,4400,58,100.000000,1,1,1.459120,1.200000,0.800000,monitor,15,7fff,1,1,85245952,84525056,-720896,677552218112,677566185472,13967360,677552848896,677566185472,13336576,-1,-1,-1
399,3,100,14,16,16,9861.286965,9861.394820,0.107855,0x405218,1,7502,3486,4016,28,100.000000,1,1,1.459120,1.200000,0.800000,monitor,15,7fff,1,1,85245952,84525056,-720896,677552218112,677566185472,13967360,677552848896,677566185472,13336576,-1,-1,-1
399,3,100,15,16,16,9860.480478,9860.579931,0.099453,0x405218,1,7359,2644,4715,62,100.000000,1,1,1.459120,1.200000,0.800000,monitor,15,7fff,1,1,85245952,84525056,-720896,677552218112,677566185472,13967360,677552848896,677566185472,13336576,-1,-1,-1
400,4,100,0,16,16,9861.944717,9861.973370,0.028653,0x4052e4,1,1795,1009,786,32,100.000000,1,1,0.255508,1.200000,0.800000,monitor,15,7fff,1,1,85245952,84525056,-720896,677570691072,677571502080,811008,677570691072,677571502080,811008,-1,-1,-1
400,4,100,1,16,16,9862.021107,9862.046989,0.025882,0x4052e4,1,2404,150,2254,34,100.000000,1,1,0.255508,1.200000,0.800000,monitor,15,7fff,1,1,85245952,84525056,-720896,677570691072,677571502080,811008,677570691072,677571502080,811008,-1,-1,-1
400,4,100,2,16,16,9861.972419,9861.993855,0.021436,0x4052e4,1,918,430,488,36,100.000000,1,1,0.255508,1.200000,0.800000,monitor,15,7fff,1,1,85245952,84525056,-720896,677570691072,677571502080,811008,677570691072,677571502080,811008,-1,-1,-1
400,4,100,3,16,16,9861.949299,9861.970982,0.021683,0x4052e4,1,945,343,602,38,100.000000,1,1,0.255508,1.200000,0.800000,monitor,15,7fff,1,1,85245952,84525056,-720896,677570691072,677571502080,811008,677570691072,677571502080,811008,-1,-1,-1
400,4,100,4,16,16,9862.003979,9862.025818,0.021839,0x4052e4,1,612,328,284,40,100.000000,1,1,0.255508,1.200000,0.800000,monitor,15,7fff,1,1,85245952,84525056,-720896,677570691072,677571502080,811008,677570691072,677571502080,811008,-1,-1,-1
400,4,100,5,16,16,9861.956685,9861.978800,0.022115,0x4052e4,1,703,297,406,42,100.000000,1,1,0.255508,1.200000,0.800000,monitor,15,7fff,1,1,85245952,84525056,-720896,677570691072,677571502080,811008,677570691072,677571502080,811008,-1,-1,-1
400,4,100,6,16,16,9861.965191,9861.988208,0.023017,0x4052e4,1,653,397,256,44,100.000000,1,1,0.255508,1.200000,0.800000,monitor,15,7fff,1,1,85245952,84525056,-720896,677570691072,677571502080,811008,677570691072,677571502080,811008,-1,-1,-1
400,4,100,7,16,16,9861.939282,9861.961341,0.022059,0x4052e4,1,344,285,59,14,100.000000,1,1,0.255508,1.200000,0.800000,monitor,15,7fff,1,1,85245952,84525056,-720896,677570691072,677571502080,811008,677570691072,677571502080,811008,-1,-1,-1
400,4,100,8,16,16,9862.151692,9862.177154,0.025462,0x4052e4,1,3085,337,2748,16,100.000000,1,1,0.255508,1.200000,0.800000,monitor,15,7fff,1,1,85245952,84525056,-720896,677570691072,677571502080,811008,677570691072,677571502080,811008,-1,-1,-1
400,4,100,9,16,16,9861.932815,9861.955874,0.023059,0x4052e4,1,760,399,361,18,100.000000,1,1,0.255508,1.200000,0.800000,monitor,15,7fff,1,1,85245952,84525056,-720896,677570691072,677571502080,811008,677570691072,677571502080,811008,-1,-1,-1
400,4,100,10,16,16,9861.988547,9862.011781,0.023234,0x4052e4,1,935,444,491,52,100.000000,1,1,0.255508,1.200000,0.800000,monitor,15,7fff,1,1,85245952,84525056,-720896,677570691072,677571502080,811008,677570691072,677571502080,811008,-1,-1,-1
400,4,100,11,16,16,9861.996483,9862.018739,0.022256,0x4052e4,1,816,295,521,54,100.000000,1,1,0.255508,1.200000,0.800000,monitor,15,7fff,1,1,85245952,84525056,-720896,677570691072,677571502080,811008,677570691072,677571502080,811008,-1,-1,-1
400,4,100,12,16,16,9861.921646,9861.940670,0.019024,0x4052e4,1,167,120,47,56,100.000000,1,1,0.255508,1.200000,0.800000,monitor,15,7fff,1,1,85245952,84525056,-720896,677570691072,677571502080,811008,677570691072,677571502080,811008,-1,-1,-1
400,4,100,13,16,16,9861.927217,9861.949120,0.021903,0x4052e4,1,744,308,436,58,100.000000,1,1,0.255508,1.200000,0.800000,monitor,15,7fff,1,1,85245952,84525056,-720896,677570691072,677571502080,811008,677570691072,677571502080,811008,-1,-1,-1
400,4,100,14,16,16,9861.925305,9861.945811,0.020506,0x4052e4,1,776,245,531,28,100.000000,1,1,0.255508,1.200000,0.800000,monitor,15,7fff,1,1,85245952,84525056,-720896,677570691072,677571502080,811008,677570691072,677571502080,811008,-1,-1,-1
400,4,100,15,16,16,9861.942749,9861.965020,0.022271,0x4052e4,1,1349,351,998,62,100.000000,1,1,0.255508,1.200000,0.800000,monitor,15,7fff,1,1,85245952,84525056,-720896,677570691072,677571502080,811008,677570691072,677571502080,811008,-1,-1,-1
401,5,100,0,16,16,9862.519546,9862.544589,0.025043,0x40533c,1,1474,18,1456,32,100.000000,1,1,0.658632,1.200000,0.800000,monitor,15,7fff,1,1,84885504,84615168,-270336,677572132864,677574025216,1892352,677572132864,677574025216,1892352,-1,-1,-1
401,5,100,1,16,16,9862.946661,9862.969685,0.023024,0x40533c,1,1774,126,1648,34,100.000000,1,1,0.658632,1.200000,0.800000,monitor,15,7fff,1,1,84885504,84615168,-270336,677572132864,677574025216,1892352,677572132864,677574025216,1892352,-1,-1,-1
401,5,100,2,16,16,9862.494415,9862.513311,0.018896,0x40533c,1,19,0,19,36,100.000000,1,1,0.658632,1.200000,0.800000,monitor,15,7fff,1,1,84885504,84615168,-270336,677572132864,677574025216,1892352,677572132864,677574025216,1892352,-1,-1,-1
401,5,100,3,16,16,9862.963125,9862.981937,0.018812,0x40533c,1,27,0,27,38,100.000000,1,1,0.658632,1.200000,0.800000,monitor,15,7fff,1,1,84885504,84615168,-270336,677572132864,677574025216,1892352,677572132864,677574025216,1892352,-1,-1,-1
401,5,100,4,16,16,9862.490132,9862.514496,0.024364,0x40533c,1,399,260,139,40,100.000000,1,1,0.658632,1.200000,0.800000,monitor,15,7fff,1,1,84885504,84615168,-270336,677572132864,677574025216,1892352,677572132864,677574025216,1892352,-1,-1,-1
401,5,100,5,16,16,9862.325456,9862.349654,0.024198,0x40533c,1,504,351,153,42,100.000000,1,1,0.658632,1.200000,0.800000,monitor,15,7fff,1,1,84885504,84615168,-270336,677572132864,677574025216,1892352,677572132864,677574025216,1892352,-1,-1,-1
401,5,100,6,16,16,9862.950016,9862.973628,0.023612,0x40533c,1,426,248,178,44,100.000000,1,1,0.658632,1.200000,0.800000,monitor,15,7fff,1,1,84885504,84615168,-270336,677572132864,677574025216,1892352,677572132864,677574025216,1892352,-1,-1,-1
401,5,100,7,16,16,9862.823531,9862.852762,0.029231,0x40533c,1,2989,486,2503,14,100.000000,1,1,0.658632,1.200000,0.800000,monitor,15,7fff,1,1,84885504,84615168,-270336,677572132864,677574025216,1892352,677572132864,677574025216,1892352,-1,-1,-1
401,5,100,8,16,16,9862.500323,9862.524525,0.024202,0x40533c,1,986,260,726,16,100.000000,1,1,0.658632,1.200000,0.800000,monitor,15,7fff,1,1,84885504,84615168,-270336,677572132864,677574025216,1892352,677572132864,677574025216,1892352,-1,-1,-1
401,5,100,9,16,16,9862.331131,9862.354710,0.023579,0x40533c,1,498,255,243,18,100.000000,1,1,0.658632,1.200000,0.800000,monitor,15,7fff,1,1,84885504,84615168,-270336,677572132864,677574025216,1892352,677572132864,677574025216,1892352,-1,-1,-1
401,5,100,10,16,16,9862.521319,9862.545057,0.023738,0x40533c,1,597,292,305,52,100.000000,1,1,0.658632,1.200000,0.800000,monitor,15,7fff,1,1,84885504,84615168,-270336,677572132864,677574025216,1892352,677572132864,677574025216,1892352,-1,-1,-1
401,5,100,11,16,16,9862.946104,9862.969541,0.023437,0x40533c,1,524,301,223,54,100.000000,1,1,0.658632,1.200000,0.800000,monitor,15,7fff,1,1,84885504,84615168,-270336,677572132864,677574025216,1892352,677572132864,677574025216,1892352,-1,-1,-1
401,5,100,12,16,16,9862.490583,9862.513265,0.022682,0x40533c,1,1741,105,1636,56,100.000000,1,1,0.658632,1.200000,0.800000,monitor,15,7fff,1,1,84885504,84615168,-270336,677572132864,677574025216,1892352,677572132864,677574025216,1892352,-1,-1,-1
401,5,100,13,16,16,9862.954594,9862.973543,0.018949,0x40533c,1,27,3,24,58,100.000000,1,1,0.658632,1.200000,0.800000,monitor,15,7fff,1,1,84885504,84615168,-270336,677572132864,677574025216,1892352,677572132864,677574025216,1892352,-1,-1,-1
401,5,100,14,16,16,9862.959423,9862.978196,0.018773,0x40533c,1,29,0,29,28,100.000000,1,1,0.658632,1.200000,0.800000,monitor,15,7fff,1,1,84885504,84615168,-270336,677572132864,677574025216,1892352,677572132864,677574025216,1892352,-1,-1,-1
401,5,100,15,16,16,9862.323305,9862.342483,0.019178,0x40533c,1,185,21,164,62,100.000000,1,1,0.658632,1.200000,0.800000,monitor,15,7fff,1,1,84885504,84615168,-270336,677572132864,677574025216,1892352,677572132864,677574025216,1892352,-1,-1,-1
798,2,200,0,16,16,19047.858873,19138.654400,30.251135,0x4051ce,1,4392025,2752917,1639108,32,100.000000,1,1,91.867654,1.200000,0.800000,monitor,15,7fff,1,1,84795392,82903040,-1892352,1402915069952,1410181431296,7266361344,1402915069952,1410181431296,7266361344,-1,-1,-1
798,2,200,1,16,16,19047.795615,19138.649144,31.128232,0x4051ce,1,4330291,2605731,1724560,34,100.000000,1,1,91.867654,1.200000,0.800000,monitor,15,7fff,1,1,84795392,82903040,-1892352,1402915069952,1410181431296,7266361344,1402915069952,1410181431296,7266361344,-1,-1,-1
798,2,200,2,16,16,19047.827149,19138.626075,31.396093,0x4051ce,1,5048827,3021264,2027563,36,100.000000,1,1,91.867654,1.200000,0.800000,monitor,15,7fff,1,1,84795392,82903040,-1892352,1402915069952,1410181431296,7266361344,1402915069952,1410181431296,7266361344,-1,-1,-1
798,2,200,3,16,16,19047.800052,19138.653817,33.093982,0x4051ce,1,5576809,3168184,2408625,38,100.000000,1,1,91.867654,1.200000,0.800000,monitor,15,7fff,1,1,84795392,82903040,-1892352,1402915069952,1410181431296,7266361344,1402915069952,1410181431296,7266361344,-1,-1,-1
798,2,200,4,16,16,19047.831408,19139.560406,81.596547,0x4051ce,1,12159844,7121228,5038616,40,100.000000,1,1,91.867654,1.200000,0.800000,monitor,15,7fff,1,1,84795392,82903040,-1892352,1402915069952,1410181431296,7266361344,1402915069952,1410181431296,7266361344,-1,-1,-1
798,2,200,5,16,16,19047.850889,19139.552836,85.619899,0x4051ce,1,12123940,7989716,4134224,42,100.000000,1,1,91.867654,1.200000,0.800000,monitor,15,7fff,1,1,84795392,82903040,-1892352,1402915069952,1410181431296,7266361344,1402915069952,1410181431296,7266361344,-1,-1,-1
798,2,200,6,16,16,19047.820435,19139.498908,82.022800,0x4051ce,1,11708570,7494175,4214395,44,100.000000,1,1,91.867654,1.200000,0.800000,monitor,15,7fff,1,1,84795392,82903040,-1892352,1402915069952,1410181431296,7266361344,1402915069952,1410181431296,7266361344,-1,-1,-1
798,2,200,7,16,16,19047.787902,19139.569413,86.441754,0x4051ce,1,12214682,8064451,4150231,46,100.000000,1,1,91.867654,1.200000,0.800000,monitor,15,7fff,1,1,84795392,82903040,-1892352,1402915069952,1410181431296,7266361344,1402915069952,1410181431296,7266361344,-1,-1,-1
798,2,200,8,16,16,19047.839330,19139.566203,86.062084,0x4051ce,1,12147270,7810361,4336909,16,100.000000,1,1,91.867654,1.200000,0.800000,monitor,15,7fff,1,1,84795392,82903040,-1892352,1402915069952,1410181431296,7266361344,1402915069952,1410181431296,7266361344,-1,-1,-1
798,2,200,9,16,16,19047.812609,19139.502100,82.862669,0x4051ce,1,11610213,7561892,4048321,18,100.000000,1,1,91.867654,1.200000,0.800000,monitor,15,7fff,1,1,84795392,82903040,-1892352,1402915069952,1410181431296,7266361344,1402915069952,1410181431296,7266361344,-1,-1,-1
798,2,200,10,16,16,19047.808639,19139.639054,91.076738,0x4051ce,1,11702753,7751126,3951627,52,100.000000,1,1,91.867654,1.200000,0.800000,monitor,15,7fff,1,1,84795392,82903040,-1892352,1402915069952,1410181431296,7266361344,1402915069952,1410181431296,7266361344,-1,-1,-1
798,2,200,11,16,16,19047.873627,19139.654788,91.226400,0x4051ce,1,11627301,7717048,3910253,54,100.000000,1,1,91.867654,1.200000,0.800000,monitor,15,7fff,1,1,84795392,82903040,-1892352,1402915069952,1410181431296,7266361344,1402915069952,1410181431296,7266361344,-1,-1,-1
798,2,200,12,16,16,19047.787134,19138.648525,36.759177,0x4051ce,1,5450871,3964851,1486020,56,100.000000,1,1,91.867654,1.200000,0.800000,monitor,15,7fff,1,1,84795392,82903040,-1892352,1402915069952,1410181431296,7266361344,1402915069952,1410181431296,7266361344,-1,-1,-1
798,2,200,13,16,16,19047.866668,19138.610034,33.452681,0x4051ce,1,5610770,3053969,2556801,58,100.000000,1,1,91.867654,1.200000,0.800000,monitor,15,7fff,1,1,84795392,82903040,-1892352,1402915069952,1410181431296,7266361344,1402915069952,1410181431296,7266361344,-1,-1,-1
798,2,200,14,16,16,19047.847237,19138.450455,28.737354,0x4051ce,1,5643435,1835035,3808400,28,100.000000,1,1,91.867654,1.200000,0.800000,monitor,15,7fff,1,1,84795392,82903040,-1892352,1402915069952,1410181431296,7266361344,1402915069952,1410181431296,7266361344,-1,-1,-1
798,2,200,15,16,16,19047.787397,19138.529651,29.030007,0x4051ce,1,5178008,1741904,3436104,62,100.000000,1,1,91.867654,1.200000,0.800000,monitor,15,7fff,1,1,84795392,82903040,-1892352,1402915069952,1410181431296,7266361344,1402915069952,1410181431296,7266361344,-1,-1,-1
799,3,200,0,16,16,19139.903745,19139.996841,0.093096,0x405218,1,4853,3030,1823,32,100.000000,1,1,1.184788,1.200000,0.800000,monitor,15,7fff,1,1,84344832,84975616,630784,1410183774208,1410194317312,10543104,1410184044544,1410194317312,10272768,-1,-1,-1
799,3,200,1,16,16,19140.970593,19141.075462,0.104869,0x405218,1,7478,2729,4749,34,100.000000,1,1,1.184788,1.200000,0.800000,monitor,15,7fff,1,1,84344832,84975616,630784,1410183774208,1410194317312,10543104,1410184044544,1410194317312,10272768,-1,-1,-1
799,3,200,2,16,16,19139.905953,19140.005257,0.099304,0x405218,1,4866,2955,1911,36,100.000000,1,1,1.184788,1.200000,0.800000,monitor,15,7fff,1,1,84344832,84975616,630784,1410183774208,1410194317312,10543104,1410184044544,1410194317312,10272768,-1,-1,-1
799,3,200,3,16,16,19140.148088,19140.239545,0.091457,0x405218,1,7504,2739,4765,38,100.000000,1,1,1.184788,1.200000,0.800000,monitor,15,7fff,1,1,84344832,84975616,630784,1410183774208,1410194317312,10543104,1410184044544,1410194317312,10272768,-1,-1,-1
799,3,200,4,16,16,19139.892942,19140.094653,0.201711,0x405218,1,11372,5744,5628,40,100.000000,1,1,1.184788,1.200000,0.800000,monitor,15,7fff,1,1,84344832,84975616,630784,1410183774208,1410194317312,10543104,1410184044544,1410194317312,10272768,-1,-1,-1
799,3,200,5,16,16,19140.321128,19140.547320,0.226192,0x405218,1,11727,7240,4487,42,100.000000,1,1,1.184788,1.200000,0.800000,monitor,15,7fff,1,1,84344832,84975616,630784,1410183774208,1410194317312,10543104,1410184044544,1410194317312,10272768,-1,-1,-1
799,3,200,6,16,16,19139.929806,19140.136765,0.206959,0x405218,1,11554,6667,4887,44,100.000000,1,1,1.184788,1.200000,0.800000,monitor,15,7fff,1,1,84344832,84975616,630784,1410183774208,1410194317312,10543104,1410184044544,1410194317312,10272768,-1,-1,-1
799,3,200,7,16,16,19140.285718,19140.515296,0.229578,0x405218,1,14216,6195,8021,46,100.000000,1,1,1.184788,1.200000,0.800000,monitor,15,7fff,1,1,84344832,84975616,630784,1410183774208,1410194317312,10543104,1410184044544,1410194317312,10272768,-1,-1,-1
799,3,200,8,16,16,19139.917230,19140.119978,0.202748,0x405218,1,11834,6541,5293,16,100.000000,1,1,1.184788,1.200000,0.800000,monitor,15,7fff,1,1,84344832,84975616,630784,1410183774208,1410194317312,10543104,1410184044544,1410194317312,10272768,-1,-1,-1
799,3,200,9,16,16,19140.506177,19140.717296,0.211119,0x405218,1,12829,6555,6274,18,100.000000,1,1,1.184788,1.200000,0.800000,monitor,15,7fff,1,1,84344832,84975616,630784,1410183774208,1410194317312,10543104,1410184044544,1410194317312,10272768,-1,-1,-1
799,3,200,10,16,16,19140.293716,19140.598855,0.305139,0x405218,1,10830,6598,4232,52,100.000000,1,1,1.184788,1.200000,0.800000,monitor,15,7fff,1,1,84344832,84975616,630784,1410183774208,1410194317312,10543104,1410184044544,1410194317312,10272768,-1,-1,-1
799,3,200,11,16,16,19140.307846,19140.612345,0.304499,0x405218,1,10769,6652,4117,54,100.000000,1,1,1.184788,1.200000,0.800000,monitor,15,7fff,1,1,84344832,84975616,630784,1410183774208,1410194317312,10543104,1410184044544,1410194317312,10272768,-1,-1,-1
799,3,200,12,16,16,19139.890674,19140.000963,0.110289,0x405218,1,4158,2848,1310,56,100.000000,1,1,1.184788,1.200000,0.800000,monitor,15,7fff,1,1,84344832,84975616,630784,1410183774208,1410194317312,10543104,1410184044544,1410194317312,10272768,-1,-1,-1
799,3,200,13,16,16,19139.912264,19140.006995,0.094731,0x405218,1,5211,2454,2757,58,100.000000,1,1,1.184788,1.200000,0.800000,monitor,15,7fff,1,1,84344832,84975616,630784,1410183774208,1410194317312,10543104,1410184044544,1410194317312,10272768,-1,-1,-1
799,3,200,14,16,16,19140.767453,19140.872767,0.105314,0x405218,1,7498,2583,4915,28,100.000000,1,1,1.184788,1.200000,0.800000,monitor,15,7fff,1,1,84344832,84975616,630784,1410183774208,1410194317312,10543104,1410184044544,1410194317312,10272768,-1,-1,-1
799,3,200,15,16,16,19139.898720,19140.021405,0.122685,0x405218,1,4621,1588,3033,62,100.000000,1,1,1.184788,1.200000,0.800000,monitor,15,7fff,1,1,84344832,84975616,630784,1410183774208,1410194317312,10543104,1410184044544,1410194317312,10272768,-1,-1,-1
800,4,200,0,16,16,19141.337849,19141.367793,0.029944,0x4052e4,1,1840,1100,740,32,100.000000,1,1,0.061082,1.200000,0.800000,monitor,15,7fff,1,1,85155840,85065728,-90112,1410199093248,1410200174592,1081344,1410199363584,1410200174592,811008,-1,-1,-1
800,4,200,1,16,16,19141.343276,19141.366215,0.022939,0x4052e4,1,1083,443,640,34,100.000000,1,1,0.061082,1.200000,0.800000,monitor,15,7fff,1,1,85155840,85065728,-90112,1410199093248,1410200174592,1081344,1410199363584,1410200174592,811008,-1,-1,-1
800,4,200,2,16,16,19141.362952,19141.384209,0.021257,0x4052e4,1,345,294,51,36,100.000000,1,1,0.061082,1.200000,0.800000,monitor,15,7fff,1,1,85155840,85065728,-90112,1410199093248,1410200174592,1081344,1410199363584,1410200174592,811008,-1,-1,-1
800,4,200,3,16,16,19141.344959,19141.369009,0.024050,0x4052e4,1,1042,472,570,38,100.000000,1,1,0.061082,1.200000,0.800000,monitor,15,7fff,1,1,85155840,85065728,-90112,1410199093248,1410200174592,1081344,1410199363584,1410200174592,811008,-1,-1,-1
800,4,200,4,16,16,19141.343911,19141.367142,0.023231,0x4052e4,1,328,262,66,40,100.000000,1,1,0.061082,1.200000,0.800000,monitor,15,7fff,1,1,85155840,85065728,-90112,1410199093248,1410200174592,1081344,1410199363584,1410200174592,811008,-1,-1,-1
800,4,200,5,16,16,19141.366912,19141.397063,0.030151,0x4052e4,1,2617,96,2521,42,100.000000,1,1,0.061082,1.200000,0.800000,monitor,15,7fff,1,1,85155840,85065728,-90112,1410199093248,1410200174592,1081344,1410199363584,1410200174592,811008,-1,-1,-1
800,4,200,6,16,16,19141.366085,19141.389228,0.023143,0x4052e4,1,361,297,64,44,100.000000,1,1,0.061082,1.200000,0.800000,monitor,15,7fff,1,1,85155840,85065728,-90112,1410199093248,1410200174592,1081344,1410199363584,1410200174592,811008,-1,-1,-1
800,4,200,7,16,16,19141.350442,19141.374951,0.024509,0x4052e4,1,563,312,251,46,100.000000,1,1,0.061082,1.200000,0.800000,monitor,15,7fff,1,1,85155840,85065728,-90112,1410199093248,1410200174592,1081344,1410199363584,1410200174592,811008,-1,-1,-1
800,4,200,8,16,16,19141.355235,19141.379100,0.023865,0x4052e4,1,354,291,63,16,100.000000,1,1,0.061082,1.200000,0.800000,monitor,15,7fff,1,1,85155840,85065728,-90112,1410199093248,1410200174592,1081344,1410199363584,1410200174592,811008,-1,-1,-1
800,4,200,9,16,16,19141.349676,19141.374294,0.024618,0x4052e4,1,735,343,392,18,100.000000,1,1,0.061082,1.200000,0.800000,monitor,15,7fff,1,1,85155840,85065728,-90112,1410199093248,1410200174592,1081344,1410199363584,1410200174592,811008,-1,-1,-1
800,4,200,10,16,16,19141.337915,19141.361934,0.024019,0x4052e4,1,263,178,85,52,100.000000,1,1,0.061082,1.200000,0.800000,monitor,15,7fff,1,1,85155840,85065728,-90112,1410199093248,1410200174592,1081344,1410199363584,1410200174592,811008,-1,-1,-1
800,4,200,11,16,16,19141.359699,19141.384112,0.024413,0x4052e4,1,194,123,71,54,100.000000,1,1,0.061082,1.200000,0.800000,monitor,15,7fff,1,1,85155840,85065728,-90112,1410199093248,1410200174592,1081344,1410199363584,1410200174592,811008,-1,-1,-1
800,4,200,12,16,16,19141.335981,19141.356197,0.020216,0x4052e4,1,151,126,25,56,100.000000,1,1,0.061082,1.200000,0.800000,monitor,15,7fff,1,1,85155840,85065728,-90112,1410199093248,1410200174592,1081344,1410199363584,1410200174592,811008,-1,-1,-1
800,4,200,13,16,16,19141.356766,19141.377418,0.020652,0x4052e4,1,136,98,38,58,100.000000,1,1,0.061082,1.200000,0.800000,monitor,15,7fff,1,1,85155840,85065728,-90112,1410199093248,1410200174592,1081344,1410199363584,1410200174592,811008,-1,-1,-1
800,4,200,14,16,16,19141.346696,19141.368625,0.021929,0x4052e4,1,662,229,433,28,100.000000,1,1,0.061082,1.200000,0.800000,monitor,15,7fff,1,1,85155840,85065728,-90112,1410199093248,1410200174592,1081344,1410199363584,1410200174592,811008,-1,-1,-1
800,4,200,15,16,16,19141.352170,19141.374220,0.022050,0x4052e4,1,75,45,30,62,100.000000,1,1,0.061082,1.200000,0.800000,monitor,15,7fff,1,1,85155840,85065728,-90112,1410199093248,1410200174592,1081344,1410199363584,1410200174592,811008,-1,-1,-1
801,5,200,0,16,16,19141.586070,19141.606528,0.020458,0x40533c,1,24,1,23,32,100.000000,1,1,0.086607,1.200000,0.800000,monitor,15,7fff,1,1,84795392,84705280,-90112,1410200805376,1410201436160,630784,1410200805376,1410201436160,630784,-1,-1,-1
801,5,200,1,16,16,19141.561272,19141.581781,0.020509,0x40533c,1,61,13,48,34,100.000000,1,1,0.086607,1.200000,0.800000,monitor,15,7fff,1,1,84795392,84705280,-90112,1410200805376,1410201436160,630784,1410200805376,1410201436160,630784,-1,-1,-1
801,5,200,2,16,16,19141.580187,19141.600423,0.020236,0x40533c,1,49,8,41,36,100.000000,1,1,0.086607,1.200000,0.800000,monitor,15,7fff,1,1,84795392,84705280,-90112,1410200805376,1410201436160,630784,1410200805376,1410201436160,630784,-1,-1,-1
801,5,200,3,16,16,19141.572752,19141.593187,0.020435,0x40533c,1,32,3,29,38,100.000000,1,1,0.086607,1.200000,0.800000,monitor,15,7fff,1,1,84795392,84705280,-90112,1410200805376,1410201436160,630784,1410200805376,1410201436160,630784,-1,-1,-1
801,5,200,4,16,16,19141.607319,19141.633053,0.025734,0x40533c,1,388,225,163,40,100.000000,1,1,0.086607,1.200000,0.800000,monitor,15,7fff,1,1,84795392,84705280,-90112,1410200805376,1410201436160,630784,1410200805376,1410201436160,630784,-1,-1,-1
801,5,200,5,16,16,19141.586909,19141.615467,0.028558,0x40533c,1,281,37,244,42,100.000000,1,1,0.086607,1.200000,0.800000,monitor,15,7fff,1,1,84795392,84705280,-90112,1410200805376,1410201436160,630784,1410200805376,1410201436160,630784,-1,-1,-1
801,5,200,6,16,16,19141.556063,19141.581602,0.025539,0x40533c,1,474,248,226,44,100.000000,1,1,0.086607,1.200000,0.800000,monitor,15,7fff,1,1,84795392,84705280,-90112,1410200805376,1410201436160,630784,1410200805376,1410201436160,630784,-1,-1,-1
801,5,200,7,16,16,19141.566931,19141.593625,0.026694,0x40533c,1,554,336,218,46,100.000000,1,1,0.086607,1.200000,0.800000,monitor,15,7fff,1,1,84795392,84705280,-90112,1410200805376,1410201436160,630784,1410200805376,1410201436160,630784,-1,-1,-1
801,5,200,8,16,16,19141.577306,19141.602339,0.025033,0x40533c,1,413,210,203,16,100.000000,1,1,0.086607,1.200000,0.800000,monitor,15,7fff,1,1,84795392,84705280,-90112,1410200805376,1410201436160,630784,1410200805376,1410201436160,630784,-1,-1,-1
801,5,200,9,16,16,19141.613757,19141.639891,0.026134,0x40533c,1,424,230,194,18,100.000000,1,1,0.086607,1.200000,0.800000,monitor,15,7fff,1,1,84795392,84705280,-90112,1410200805376,1410201436160,630784,1410200805376,1410201436160,630784,-1,-1,-1
801,5,200,10,16,16,19141.568640,19141.596646,0.028006,0x40533c,1,94,24,70,52,100.000000,1,1,0.086607,1.200000,0.800000,monitor,15,7fff,1,1,84795392,84705280,-90112,1410200805376,1410201436160,630784,1410200805376,1410201436160,630784,-1,-1,-1
801,5,200,11,16,16,19141.599696,19141.625973,0.026277,0x40533c,1,180,84,96,54,100.000000,1,1,0.086607,1.200000,0.800000,monitor,15,7fff,1,1,84795392,84705280,-90112,1410200805376,1410201436160,630784,1410200805376,1410201436160,630784,-1,-1,-1
801,5,200,12,16,16,19141.561003,19141.581306,0.020303,0x40533c,1,27,0,27,56,100.000000,1,1,0.086607,1.200000,0.800000,monitor,15,7fff,1,1,84795392,84705280,-90112,1410200805376,1410201436160,630784,1410200805376,1410201436160,630784,-1,-1,-1
801,5,200,13,16,16,19141.594274,19141.614323,0.020049,0x40533c,1,38,6,32,58,100.000000,1,1,0.086607,1.200000,0.800000,monitor,15,7fff,1,1,84795392,84705280,-90112,1410200805376,1410201436160,630784,1410200805376,1410201436160,630784,-1,-1,-1
801,5,200,14,16,16,19141.591433,19141.611797,0.020364,0x40533c,1,28,0,28,28,100.000000,1,1,0.086607,1.200000,0.800000,monitor,15,7fff,1,1,84795392,84705280,-90112,1410200805376,1410201436160,630784,1410200805376,1410201436160,630784,-1,-1,-1
801,5,200,15,16,16,19141.553284,19141.574313,0.021029,0x40533c,1,28,2,26,62,100.000000,1,1,0.086607,1.200000,0.800000,monitor,15,7fff,1,1,84795392,84705280,-90112,1410200805376,1410201436160,630784,1410200805376,1410201436160,630784,-1,-1,-1
1198,2,300,0,16,16,28464.280582,28552.490546,30.940704,0x4051ce,1,4392696,2773688,1619008,32,100.000000,1,1,89.141664,1.200000,0.800000,monitor,15,7fff,1,1,84885504,82812928,-2072576,2142180761600,2149554266112,7373504512,2142180761600,2149554266112,7373504512,-1,-1,-1
1198,2,300,1,16,16,28464.285980,28552.480218,31.000862,0x4051ce,1,4737468,2885711,1851757,34,100.000000,1,1,89.141664,1.200000,0.800000,monitor,15,7fff,1,1,84885504,82812928,-2072576,2142180761600,2149554266112,7373504512,2142180761600,2149554266112,7373504512,-1,-1,-1
1198,2,300,2,16,16,28464.316098,28552.476755,31.961717,0x4051ce,1,5057797,3027088,2030709,36,100.000000,1,1,89.141664,1.200000,0.800000,monitor,15,7fff,1,1,84885504,82812928,-2072576,2142180761600,2149554266112,7373504512,2142180761600,2149554266112,7373504512,-1,-1,-1
1198,2,300,3,16,16,28464.295455,28552.496011,33.630596,0x4051ce,1,5576073,3183647,2392426,38,100.000000,1,1,89.141664,1.200000,0.800000,monitor,15,7fff,1,1,84885504,82812928,-2072576,2142180761600,2149554266112,7373504512,2142180761600,2149554266112,7373504512,-1,-1,-1
1198,2,300,4,16,16,28464.303188,28553.402713,83.105909,0x4051ce,1,12167784,7120875,5046909,40,100.000000,1,1,89.141664,1.200000,0.800000,monitor,15,7fff,1,1,84885504,82812928,-2072576,2142180761600,2149554266112,7373504512,2142180761600,2149554266112,7373504512,-1,-1,-1
1198,2,300,5,16,16,28464.281397,28553.412169,86.902976,0x4051ce,1,12118785,8041461,4077324,42,100.000000,1,1,89.141664,1.200000,0.800000,monitor,15,7fff,1,1,84885504,82812928,-2072576,2142180761600,2149554266112,7373504512,2142180761600,2149554266112,7373504512,-1,-1,-1
1198,2,300,6,16,16,28464.335313,28553.361181,84.074375,0x4051ce,1,11710164,7614418,4095746,44,100.000000,1,1,89.141664,1.200000,0.800000,monitor,15,7fff,1,1,84885504,82812928,-2072576,2142180761600,2149554266112,7373504512,2142180761600,2149554266112,7373504512,-1,-1,-1
1198,2,300,7,16,16,28464.308129,28553.405338,88.004356,0x4051ce,1,12206652,8121656,4084996,46,100.000000,1,1,89.141664,1.200000,0.800000,monitor,15,7fff,1,1,84885504,82812928,-2072576,2142180761600,2149554266112,7373504512,2142180761600,2149554266112,7373504512,-1,-1,-1
1198,2,300,8,16,16,28464.286782,28553.399709,87.760026,0x4051ce,1,12153438,7852856,4300582,16,100.000000,1,1,89.141664,1.200000,0.800000,monitor,15,7fff,1,1,84885504,82812928,-2072576,2142180761600,2149554266112,7373504512,2142180761600,2149554266112,7373504512,-1,-1,-1
1198,2,300,9,16,16,28464.338953,28553.343951,84.547144,0x4051ce,1,11606875,7574452,4032423,18,100.000000,1,1,89.141664,1.200000,0.800000,monitor,15,7fff,1,1,84885504,82812928,-2072576,2142180761600,2149554266112,7373504512,2142180761600,2149554266112,7373504512,-1,-1,-1
1198,2,300,10,16,16,28464.291053,28553.393287,87.615597,0x4051ce,1,12092417,8128592,3963825,52,100.000000,1,1,89.141664,1.200000,0.800000,monitor,15,7fff,1,1,84885504,82812928,-2072576,2142180761600,2149554266112,7373504512,2142180761600,2149554266112,7373504512,-1,-1,-1
1198,2,300,11,16,16,28464.300151,28553.420839,87.960498,0x4051ce,1,12029399,8052488,3976911,54,100.000000,1,1,89.141664,1.200000,0.800000,monitor,15,7fff,1,1,84885504,82812928,-2072576,2142180761600,2149554266112,7373504512,2142180761600,2149554266112,7373504512,-1,-1,-1
1198,2,300,12,16,16,28464.279175,28552.484992,37.526617,0x4051ce,1,5464028,3986360,1477668,56,100.000000,1,1,89.141664,1.200000,0.800000,monitor,15,7fff,1,1,84885504,82812928,-2072576,2142180761600,2149554266112,7373504512,2142180761600,2149554266112,7373504512,-1,-1,-1
1198,2,300,13,16,16,28464.325038,28552.478077,33.783810,0x4051ce,1,5267824,2788819,2479005,58,100.000000,1,1,89.141664,1.200000,0.800000,monitor,15,7fff,1,1,84885504,82812928,-2072576,2142180761600,2149554266112,7373504512,2142180761600,2149554266112,7373504512,-1,-1,-1
1198,2,300,14,16,16,28464.331933,28552.293806,29.370716,0x4051ce,1,5650734,1864348,3786386,28,100.000000,1,1,89.141664,1.200000,0.800000,monitor,15,7fff,1,1,84885504,82812928,-2072576,2142180761600,2149554266112,7373504512,2142180761600,2149554266112,7373504512,-1,-1,-1
1198,2,300,15,16,16,28464.295935,28552.348965,30.183612,0x4051ce,1,5568761,1977957,3590804,62,100.000000,1,1,89.141664,1.200000,0.800000,monitor,15,7fff,1,1,84885504,82812928,-2072576,2142180761600,2149554266112,7373504512,2142180761600,2149554266112,7373504512,-1,-1,-1
1199,3,300,0,16,16,28554.350136,28554.450414,0.100278,0x405218,1,4773,3253,1520,32,100.000000,1,1,1.287061,1.200000,0.800000,monitor,15,7fff,1,1,85426176,84434944,-991232,2149560934400,2149570306048,9371648,2149561024512,2149570306048,9281536,-1,-1,-1
1199,3,300,1,16,16,28554.616429,28554.720337,0.103908,0x405218,1,7483,3221,4262,34,100.000000,1,1,1.287061,1.200000,0.800000,monitor,15,7fff,1,1,85426176,84434944,-991232,2149560934400,2149570306048,9371648,2149561024512,2149570306048,9281536,-1,-1,-1
1199,3,300,2,16,16,28554.879122,28554.987018,0.107896,0x405218,1,7493,2926,4567,36,100.000000,1,1,1.287061,1.200000,0.800000,monitor,15,7fff,1,1,85426176,84434944,-991232,2149560934400,2149570306048,9371648,2149561024512,2149570306048,9281536,-1,-1,-1
1199,3,300,3,16,16,28554.324343,28554.421767,0.097424,0x405218,1,5228,3369,1859,38,100.000000,1,1,1.287061,1.200000,0.800000,monitor,15,7fff,1,1,85426176,84434944,-991232,2149560934400,2149570306048,9371648,2149561024512,2149570306048,9281536,-1,-1,-1
1199,3,300,4,16,16,28554.338902,28554.552562,0.213660,0x405218,1,11374,6565,4809,40,100.000000,1,1,1.287061,1.200000,0.800000,monitor,15,7fff,1,1,85426176,84434944,-991232,2149560934400,2149570306048,9371648,2149561024512,2149570306048,9281536,-1,-1,-1
1199,3,300,5,16,16,28553.925474,28554.142454,0.216980,0x405218,1,14314,6252,8062,42,100.000000,1,1,1.287061,1.200000,0.800000,monitor,15,7fff,1,1,85426176,84434944,-991232,2149560934400,2149570306048,9371648,2149561024512,2149570306048,9281536,-1,-1,-1
1199,3,300,6,16,16,28553.706805,28553.916595,0.209790,0x405218,1,11564,6924,4640,44,100.000000,1,1,1.287061,1.200000,0.800000,monitor,15,7fff,1,1,85426176,84434944,-991232,2149560934400,2149570306048,9371648,2149561024512,2149570306048,9281536,-1,-1,-1
1199,3,300,7,16,16,28554.046860,28554.267183,0.220323,0x405218,1,14201,6399,7802,46,100.000000,1,1,1.287061,1.200000,0.800000,monitor,15,7fff,1,1,85426176,84434944,-991232,2149560934400,2149570306048,9371648,2149561024512,2149570306048,9281536,-1,-1,-1
1199,3,300,8,16,16,28553.720396,28553.921474,0.201078,0x405218,1,11794,6888,4906,16,100.000000,1,1,1.287061,1.200000,0.800000,monitor,15,7fff,1,1,85426176,84434944,-991232,2149560934400,2149570306048,9371648,2149561024512,2149570306048,9281536,-1,-1,-1
1199,3,300,9,16,16,28554.489730,28554.707433,0.217703,0x405218,1,12813,6991,5822,18,100.000000,1,1,1.287061,1.200000,0.800000,monitor,15,7fff,1,1,85426176,84434944,-991232,2149560934400,2149570306048,9371648,2149561024512,2149570306048,9281536,-1,-1,-1
1199,3,300,10,16,16,28554.740790,28554.950643,0.209853,0x405218,1,13128,6774,6354,52,100.000000,1,1,1.287061,1.200000,0.800000,monitor,15,7fff,1,1,85426176,84434944,-991232,2149560934400,2149570306048,9371648,2149561024512,2149570306048,9281536,-1,-1,-1
1199,3,300,11,16,16,28553.710615,28554.000106,0.289491,0x405218,1,11395,5944,5451,54,100.000000,1,1,1.287061,1.200000,0.800000,monitor,15,7fff,1,1,85426176,84434944,-991232,2149560934400,2149570306048,9371648,2149561024512,2149570306048,9281536,-1,-1,-1
1199,3,300,12,16,16,28553.699957,28553.807641,0.107684,0x405218,1,4980,3789,1191,56,100.000000,1,1,1.287061,1.200000,0.800000,monitor,15,7fff,1,1,85426176,84434944,-991232,2149560934400,2149570306048,9371648,2149561024512,2149570306048,9281536,-1,-1,-1
1199,3,300,13,16,16,28553.910478,28554.010400,0.099922,0x405218,1,7614,2968,4646,58,100.000000,1,1,1.287061,1.200000,0.800000,monitor,15,7fff,1,1,85426176,84434944,-991232,2149560934400,2149570306048,9371648,2149561024512,2149570306048,9281536,-1,-1,-1
1199,3,300,14,16,16,28554.317831,28554.417836,0.100005,0x405218,1,7518,2979,4539,28,100.000000,1,1,1.287061,1.200000,0.800000,monitor,15,7fff,1,1,85426176,84434944,-991232,2149560934400,2149570306048,9371648,2149561024512,2149570306048,9281536,-1,-1,-1
1199,3,300,15,16,16,28554.174701,28554.272636,0.097935,0x405218,1,7227,2662,4565,62,100.000000,1,1,1.287061,1.200000,0.800000,monitor,15,7fff,1,1,85426176,84434944,-991232,2149560934400,2149570306048,9371648,2149561024512,2149570306048,9281536,-1,-1,-1
1200,4,300,0,16,16,28555.577234,28555.610440,0.033206,0x4052e4,1,2778,1088,1690,32,100.000000,1,1,0.318339,1.200000,0.800000,monitor,15,7fff,1,1,85606400,84615168,-991232,2149574811648,2149575983104,1171456,2149574811648,2149575983104,1171456,-1,-1,-1
1200,4,300,1,16,16,28555.575810,28555.597509,0.021699,0x4052e4,1,1077,439,638,34,100.000000,1,1,0.318339,1.200000,0.800000,monitor,15,7fff,1,1,85606400,84615168,-991232,2149574811648,2149575983104,1171456,2149574811648,2149575983104,1171456,-1,-1,-1
1200,4,300,2,16,16,28555.330702,28555.352210,0.021508,0x4052e4,1,884,466,418,36,100.000000,1,1,0.318339,1.200000,0.800000,monitor,15,7fff,1,1,85606400,84615168,-991232,2149574811648,2149575983104,1171456,2149574811648,2149575983104,1171456,-1,-1,-1
1200,4,300,3,16,16,28555.313546,28555.332986,0.019440,0x4052e4,1,172,145,27,38,100.000000,1,1,0.318339,1.200000,0.800000,monitor,15,7fff,1,1,85606400,84615168,-991232,2149574811648,2149575983104,1171456,2149574811648,2149575983104,1171456,-1,-1,-1
1200,4,300,4,16,16,28555.316222,28555.337864,0.021642,0x4052e4,1,376,289,87,40,100.000000,1,1,0.318339,1.200000,0.800000,monitor,15,7fff,1,1,85606400,84615168,-991232,2149574811648,2149575983104,1171456,2149574811648,2149575983104,1171456,-1,-1,-1
1200,4,300,5,16,16,28555.296616,28555.319355,0.022739,0x4052e4,1,757,338,419,42,100.000000,1,1,0.318339,1.200000,0.800000,monitor,15,7fff,1,1,85606400,84615168,-991232,2149574811648,2149575983104,1171456,2149574811648,2149575983104,1171456,-1,-1,-1
1200,4,300,6,16,16,28555.321440,28555.343364,0.021924,0x4052e4,1,299,245,54,44,100.000000,1,1,0.318339,1.200000,0.800000,monitor,15,7fff,1,1,85606400,84615168,-991232,2149574811648,2149575983104,1171456,2149574811648,2149575983104,1171456,-1,-1,-1
1200,4,300,7,16,16,28555.510039,28555.533011,0.022972,0x4052e4,1,586,347,239,46,100.000000,1,1,0.318339,1.200000,0.800000,monitor,15,7fff,1,1,85606400,84615168,-991232,2149574811648,2149575983104,1171456,2149574811648,2149575983104,1171456,-1,-1,-1
1200,4,300,8,16,16,28555.292101,28555.314374,0.022273,0x4052e4,1,364,290,74,16,100.000000,1,1,0.318339,1.200000,0.800000,monitor,15,7fff,1,1,85606400,84615168,-991232,2149574811648,2149575983104,1171456,2149574811648,2149575983104,1171456,-1,-1,-1
1200,4,300,9,16,16,28555.307036,28555.330947,0.023911,0x4052e4,1,735,442,293,18,100.000000,1,1,0.318339,1.200000,0.800000,monitor,15,7fff,1,1,85606400,84615168,-991232,2149574811648,2149575983104,1171456,2149574811648,2149575983104,1171456,-1,-1,-1
1200,4,300,10,16,16,28555.514006,28555.536722,0.022716,0x4052e4,1,677,368,309,52,100.000000,1,1,0.318339,1.200000,0.800000,monitor,15,7fff,1,1,85606400,84615168,-991232,2149574811648,2149575983104,1171456,2149574811648,2149575983104,1171456,-1,-1,-1
1200,4,300,11,16,16,28555.330618,28555.359012,0.028394,0x4052e4,1,2613,254,2359,54,100.000000,1,1,0.318339,1.200000,0.800000,monitor,15,7fff,1,1,85606400,84615168,-991232,2149574811648,2149575983104,1171456,2149574811648,2149575983104,1171456,-1,-1,-1
1200,4,300,12,16,16,28555.509865,28555.534041,0.024176,0x4052e4,1,2822,216,2606,56,100.000000,1,1,0.318339,1.200000,0.800000,monitor,15,7fff,1,1,85606400,84615168,-991232,2149574811648,2149575983104,1171456,2149574811648,2149575983104,1171456,-1,-1,-1
1200,4,300,13,16,16,28555.308495,28555.331227,0.022732,0x4052e4,1,1249,633,616,58,100.000000,1,1,0.318339,1.200000,0.800000,monitor,15,7fff,1,1,85606400,84615168,-991232,2149574811648,2149575983104,1171456,2149574811648,2149575983104,1171456,-1,-1,-1
1200,4,300,14,16,16,28555.324945,28555.346794,0.021849,0x4052e4,1,756,327,429,28,100.000000,1,1,0.318339,1.200000,0.800000,monitor,15,7fff,1,1,85606400,84615168,-991232,2149574811648,2149575983104,1171456,2149574811648,2149575983104,1171456,-1,-1,-1
1200,4,300,15,16,16,28555.301455,28555.323493,0.022038,0x4052e4,1,1096,377,719,62,100.000000,1,1,0.318339,1.200000,0.800000,monitor,15,7fff,1,1,85606400,84615168,-991232,2149574811648,2149575983104,1171456,2149574811648,2149575983104,1171456,-1,-1,-1
1201,5,300,0,16,16,28555.824941,28555.844716,0.019775,0x40533c,1,906,23,883,32,100.000000,1,1,0.291156,1.200000,0.800000,monitor,15,7fff,1,1,84525056,84254720,-270336,2149576704000,2149576974336,270336,2149576704000,2149576974336,270336,-1,-1,-1
1201,5,300,1,16,16,28555.818797,28555.837842,0.019045,0x40533c,1,58,5,53,34,100.000000,1,1,0.291156,1.200000,0.800000,monitor,15,7fff,1,1,84525056,84254720,-270336,2149576704000,2149576974336,270336,2149576704000,2149576974336,270336,-1,-1,-1
1201,5,300,2,16,16,28555.827841,28555.847060,0.019219,0x40533c,1,25,1,24,36,100.000000,1,1,0.291156,1.200000,0.800000,monitor,15,7fff,1,1,84525056,84254720,-270336,2149576704000,2149576974336,270336,2149576704000,2149576974336,270336,-1,-1,-1
1201,5,300,3,16,16,28555.803148,28555.821956,0.018808,0x40533c,1,27,0,27,38,100.000000,1,1,0.291156,1.200000,0.800000,monitor,15,7fff,1,1,84525056,84254720,-270336,2149576704000,2149576974336,270336,2149576704000,2149576974336,270336,-1,-1,-1
1201,5,300,4,16,16,28556.063860,28556.093885,0.030025,0x40533c,1,2696,244,2452,40,100.000000,1,1,0.291156,1.200000,0.800000,monitor,15,7fff,1,1,84525056,84254720,-270336,2149576704000,2149576974336,270336,2149576704000,2149576974336,270336,-1,-1,-1
1201,5,300,5,16,16,28555.856118,28555.880791,0.024673,0x40533c,1,540,363,177,42,100.000000,1,1,0.291156,1.200000,0.800000,monitor,15,7fff,1,1,84525056,84254720,-270336,2149576704000,2149576974336,270336,2149576704000,2149576974336,270336,-1,-1,-1
1201,5,300,6,16,16,28555.814991,28555.838221,0.023230,0x40533c,1,358,130,228,44,100.000000,1,1,0.291156,1.200000,0.800000,monitor,15,7fff,1,1,84525056,84254720,-270336,2149576704000,2149576974336,270336,2149576704000,2149576974336,270336,-1,-1,-1
1201,5,300,7,16,16,28555.848958,28555.873447,0.024489,0x40533c,1,566,327,239,46,100.000000,1,1,0.291156,1.200000,0.800000,monitor,15,7fff,1,1,84525056,84254720,-270336,2149576704000,2149576974336,270336,2149576704000,2149576974336,270336,-1,-1,-1
1201,5,300,8,16,16,28555.844280,28555.867421,0.023141,0x40533c,1,451,211,240,16,100.000000,1,1,0.291156,1.200000,0.800000,monitor,15,7fff,1,1,84525056,84254720,-270336,2149576704000,2149576974336,270336,2149576704000,2149576974336,270336,-1,-1,-1
1201,5,300,9,16,16,28555.836831,28555.860900,0.024069,0x40533c,1,458,225,233,18,100.000000,1,1,0.291156,1.200000,0.800000,monitor,15,7fff,1,1,84525056,84254720,-270336,2149576704000,2149576974336,270336,2149576704000,2149576974336,270336,-1,-1,-1
1201,5,300,10,16,16,28555.802729,28555.826925,0.024196,0x40533c,1,608,238,370,52,100.000000,1,1,0.291156,1.200000,0.800000,monitor,15,7fff,1,1,84525056,84254720,-270336,2149576704000,2149576974336,270336,2149576704000,2149576974336,270336,-1,-1,-1
1201,5,300,11,16,16,28555.863579,28555.889351,0.025772,0x40533c,1,335,31,304,54,100.000000,1,1,0.291156,1.200000,0.800000,monitor,15,7fff,1,1,84525056,84254720,-270336,2149576704000,2149576974336,270336,2149576704000,2149576974336,270336,-1,-1,-1
1201,5,300,12,16,16,28555.868140,28555.887836,0.019696,0x40533c,1,732,58,674,56,100.000000,1,1,0.291156,1.200000,0.800000,monitor,15,7fff,1,1,84525056,84254720,-270336,2149576704000,2149576974336,270336,2149576704000,2149576974336,270336,-1,-1,-1
1201,5,300,13,16,16,28555.871773,28555.890704,0.018931,0x40533c,1,36,2,34,58,100.000000,1,1,0.291156,1.200000,0.800000,monitor,15,7fff,1,1,84525056,84254720,-270336,2149576704000,2149576974336,270336,2149576704000,2149576974336,270336,-1,-1,-1
1201,5,300,14,16,16,28555.807850,28555.826754,0.018904,0x40533c,1,32,0,32,28,100.000000,1,1,0.291156,1.200000,0.800000,monitor,15,7fff,1,1,84525056,84254720,-270336,2149576704000,2149576974336,270336,2149576704000,2149576974336,270336,-1,-1,-1
1201,5,300,15,16,16,28555.832233,28555.851062,0.018829,0x40533c,1,48,4,44,62,100.000000,1,1,0.291156,1.200000,0.800000,monitor,15,7fff,1,1,84525056,84254720,-270336,2149576704000,2149576974336,270336,2149576704000,2149576974336,270336,-1,-1,-1
1598,2,400,0,16,16,37918.902518,38008.519812,30.461683,0x4051ce,1,4393975,2753936,1640039,32,100.000000,1,1,91.070695,1.200000,0.800000,monitor,15,7fff,1,1,85336064,83263488,-2072576,2880805216256,2888095186944,7289970688,2880805216256,2888095186944,7289970688,-1,-1,-1
1598,2,400,1,16,16,37918.676086,38008.515997,30.613473,0x4051ce,1,4734237,2892743,1841494,34,100.000000,1,1,91.070695,1.200000,0.800000,monitor,15,7fff,1,1,85336064,83263488,-2072576,2880805216256,2888095186944,7289970688,2880805216256,2888095186944,7289970688,-1,-1,-1
1598,2,400,2,16,16,37919.053652,38008.506089,31.559220,0x4051ce,1,5053839,3020049,2033790,36,100.000000,1,1,91.070695,1.200000,0.800000,monitor,15,7fff,1,1,85336064,83263488,-2072576,2880805216256,2888095186944,7289970688,2880805216256,2888095186944,7289970688,-1,-1,-1
1598,2,400,3,16,16,37919.060540,38008.536963,33.386037,0x4051ce,1,5184787,2935146,2249641,38,100.000000,1,1,91.070695,1.200000,0.800000,monitor,15,7fff,1,1,85336064,83263488,-2072576,2880805216256,2888095186944,7289970688,2880805216256,2888095186944,7289970688,-1,-1,-1
1598,2,400,4,16,16,37919.046151,38009.533227,89.761760,0x4051ce,1,11591618,6781725,4809893,40,100.000000,1,1,91.070695,1.200000,0.800000,monitor,15,7fff,1,1,85336064,83263488,-2072576,2880805216256,2888095186944,7289970688,2880805216256,2888095186944,7289970688,-1,-1,-1
1598,2,400,5,16,16,37919.030443,38009.426024,86.739919,0x4051ce,1,12092163,7888363,4203800,42,100.000000,1,1,91.070695,1.200000,0.800000,monitor,15,7fff,1,1,85336064,83263488,-2072576,2880805216256,2888095186944,7289970688,2880805216256,2888095186944,7289970688,-1,-1,-1
1598,2,400,6,16,16,37919.038340,38009.381407,83.012639,0x4051ce,1,11665591,7554709,4110882,44,100.000000,1,1,91.070695,1.200000,0.800000,monitor,15,7fff,1,1,85336064,83263488,-2072576,2880805216256,2888095186944,7289970688,2880805216256,2888095186944,7289970688,-1,-1,-1
1598,2,400,7,16,16,37918.786819,38009.427594,87.013582,0x4051ce,1,12170884,8007737,4163147,46,100.000000,1,1,91.070695,1.200000,0.800000,monitor,15,7fff,1,1,85336064,83263488,-2072576,2880805216256,2888095186944,7289970688,2880805216256,2888095186944,7289970688,-1,-1,-1
1598,2,400,8,16,16,37919.064908,38009.418934,87.250566,0x4051ce,1,12114988,7871007,4243981,16,100.000000,1,1,91.070695,1.200000,0.800000,monitor,15,7fff,1,1,85336064,83263488,-2072576,2880805216256,2888095186944,7289970688,2880805216256,2888095186944,7289970688,-1,-1,-1
1598,2,400,9,16,16,37919.201477,38009.370561,83.453441,0x4051ce,1,11567365,7528699,4038666,18,100.000000,1,1,91.070695,1.200000,0.800000,monitor,15,7fff,1,1,85336064,83263488,-2072576,2880805216256,2888095186944,7289970688,2880805216256,2888095186944,7289970688,-1,-1,-1
1598,2,400,10,16,16,37918.674414,38009.414292,87.024566,0x4051ce,1,12051670,8059976,3991694,52,100.000000,1,1,91.070695,1.200000,0.800000,monitor,15,7fff,1,1,85336064,83263488,-2072576,2880805216256,2888095186944,7289970688,2880805216256,2888095186944,7289970688,-1,-1,-1
1598,2,400,11,16,16,37919.022408,38009.429595,86.838830,0x4051ce,1,11988993,7931479,4057514,54,100.000000,1,1,91.070695,1.200000,0.800000,monitor,15,7fff,1,1,85336064,83263488,-2072576,2880805216256,2888095186944,7289970688,2880805216256,2888095186944,7289970688,-1,-1,-1
1598,2,400,12,16,16,37918.462532,38008.521194,36.903604,0x4051ce,1,5450808,3983118,1467690,56,100.000000,1,1,91.070695,1.200000,0.800000,monitor,15,7fff,1,1,85336064,83263488,-2072576,2880805216256,2888095186944,7289970688,2880805216256,2888095186944,7289970688,-1,-1,-1
1598,2,400,13,16,16,37919.077836,38008.480218,33.707834,0x4051ce,1,5612272,3081152,2531120,58,100.000000,1,1,91.070695,1.200000,0.800000,monitor,15,7fff,1,1,85336064,83263488,-2072576,2880805216256,2888095186944,7289970688,2880805216256,2888095186944,7289970688,-1,-1,-1
1598,2,400,14,16,16,37918.906642,38008.323351,28.966026,0x4051ce,1,5644394,1858251,3786143,60,100.000000,1,1,91.070695,1.200000,0.800000,monitor,15,7fff,1,1,85336064,83263488,-2072576,2880805216256,2888095186944,7289970688,2880805216256,2888095186944,7289970688,-1,-1,-1
1598,2,400,15,16,16,37919.209641,38008.397654,29.742033,0x4051ce,1,5566536,1976573,3589963,62,100.000000,1,1,91.070695,1.200000,0.800000,monitor,15,7fff,1,1,85336064,83263488,-2072576,2880805216256,2888095186944,7289970688,2880805216256,2888095186944,7289970688,-1,-1,-1
1599,3,400,0,16,16,38010.019905,38010.108496,0.088591,0x405218,1,4928,3246,1682,32,100.000000,1,1,1.330178,1.200000,0.800000,monitor,15,7fff,1,1,86147072,84254720,-1892352,2888103116800,2888112218112,9101312,2888103116800,2888112218112,9101312,-1,-1,-1
1599,3,400,1,16,16,38010.320387,38010.423014,0.102627,0x405218,1,7675,2915,4760,34,100.000000,1,1,1.330178,1.200000,0.800000,monitor,15,7fff,1,1,86147072,84254720,-1892352,2888103116800,2888112218112,9101312,2888103116800,2888112218112,9101312,-1,-1,-1
1599,3,400,2,16,16,38009.820197,38009.918888,0.098691,0x405218,1,5035,3231,1804,36,100.000000,1,1,1.330178,1.200000,0.800000,monitor,15,7fff,1,1,86147072,84254720,-1892352,2888103116800,2888112218112,9101312,2888103116800,2888112218112,9101312,-1,-1,-1
1599,3,400,3,16,16,38011.043871,38011.150375,0.106504,0x405218,1,7517,2758,4759,38,100.000000,1,1,1.330178,1.200000,0.800000,monitor,15,7fff,1,1,86147072,84254720,-1892352,2888103116800,2888112218112,9101312,2888103116800,2888112218112,9101312,-1,-1,-1
1599,3,400,4,16,16,38010.158758,38010.377896,0.219138,0x405218,1,14155,6442,7713,40,100.000000,1,1,1.330178,1.200000,0.800000,monitor,15,7fff,1,1,86147072,84254720,-1892352,2888103116800,2888112218112,9101312,2888103116800,2888112218112,9101312,-1,-1,-1
1599,3,400,5,16,16,38010.515972,38010.828912,0.312940,0x405218,1,11359,6365,4994,42,100.000000,1,1,1.330178,1.200000,0.800000,monitor,15,7fff,1,1,86147072,84254720,-1892352,2888103116800,2888112218112,9101312,2888103116800,2888112218112,9101312,-1,-1,-1
1599,3,400,6,16,16,38010.065773,38010.277123,0.211350,0x405218,1,14032,6229,7803,44,100.000000,1,1,1.330178,1.200000,0.800000,monitor,15,7fff,1,1,86147072,84254720,-1892352,2888103116800,2888112218112,9101312,2888103116800,2888112218112,9101312,-1,-1,-1
1599,3,400,7,16,16,38010.779877,38011.007761,0.227884,0x405218,1,14055,7334,6721,46,100.000000,1,1,1.330178,1.200000,0.800000,monitor,15,7fff,1,1,86147072,84254720,-1892352,2888103116800,2888112218112,9101312,2888103116800,2888112218112,9101312,-1,-1,-1
1599,3,400,8,16,16,38010.068822,38010.273045,0.204223,0x405218,1,11708,6985,4723,16,100.000000,1,1,1.330178,1.200000,0.800000,monitor,15,7fff,1,1,86147072,84254720,-1892352,2888103116800,2888112218112,9101312,2888103116800,2888112218112,9101312,-1,-1,-1
1599,3,400,9,16,16,38010.647951,38010.858644,0.210693,0x405218,1,12755,6992,5763,18,100.000000,1,1,1.330178,1.200000,0.800000,monitor,15,7fff,1,1,86147072,84254720,-1892352,2888103116800,2888112218112,9101312,2888103116800,2888112218112,9101312,-1,-1,-1
1599,3,400,10,16,16,38010.477162,38010.686450,0.209288,0x405218,1,12833,7202,5631,52,100.000000,1,1,1.330178,1.200000,0.800000,monitor,15,7fff,1,1,86147072,84254720,-1892352,2888103116800,2888112218112,9101312,2888103116800,2888112218112,9101312,-1,-1,-1
1599,3,400,11,16,16,38010.917903,38011.135850,0.217947,0x405218,1,12975,6962,6013,54,100.000000,1,1,1.330178,1.200000,0.800000,monitor,15,7fff,1,1,86147072,84254720,-1892352,2888103116800,2888112218112,9101312,2888103116800,2888112218112,9101312,-1,-1,-1
1599,3,400,12,16,16,38010.207397,38010.312431,0.105034,0x405218,1,7626,2463,5163,56,100.000000,1,1,1.330178,1.200000,0.800000,monitor,15,7fff,1,1,86147072,84254720,-1892352,2888103116800,2888112218112,9101312,2888103116800,2888112218112,9101312,-1,-1,-1
1599,3,400,13,16,16,38010.031714,38010.125900,0.094186,0x405218,1,5201,2636,2565,58,100.000000,1,1,1.330178,1.200000,0.800000,monitor,15,7fff,1,1,86147072,84254720,-1892352,2888103116800,2888112218112,9101312,2888103116800,2888112218112,9101312,-1,-1,-1
1599,3,400,14,16,16,38010.283159,38010.380132,0.096973,0x405218,1,7505,2539,4966,60,100.000000,1,1,1.330178,1.200000,0.800000,monitor,15,7fff,1,1,86147072,84254720,-1892352,2888103116800,2888112218112,9101312,2888103116800,2888112218112,9101312,-1,-1,-1
1599,3,400,15,16,16,38010.015638,38010.104496,0.088858,0x405218,1,7206,2471,4735,62,100.000000,1,1,1.330178,1.200000,0.800000,monitor,15,7fff,1,1,86147072,84254720,-1892352,2888103116800,2888112218112,9101312,2888103116800,2888112218112,9101312,-1,-1,-1
1600,4,400,0,16,16,38011.451759,38011.483891,0.032132,0x4052e4,1,1923,1144,779,32,100.000000,1,1,0.501078,1.200000,0.800000,monitor,15,7fff,1,1,85155840,84074496,-1081344,2888117534720,2888118525952,991232,2888117534720,2888118525952,991232,-1,-1,-1
1600,4,400,1,16,16,38011.484868,38011.506911,0.022043,0x4052e4,1,1429,519,910,34,100.000000,1,1,0.501078,1.200000,0.800000,monitor,15,7fff,1,1,85155840,84074496,-1081344,2888117534720,2888118525952,991232,2888117534720,2888118525952,991232,-1,-1,-1
1600,4,400,2,16,16,38011.920354,38011.943277,0.022923,0x4052e4,1,2689,260,2429,36,100.000000,1,1,0.501078,1.200000,0.800000,monitor,15,7fff,1,1,85155840,84074496,-1081344,2888117534720,2888118525952,991232,2888117534720,2888118525952,991232,-1,-1,-1
1600,4,400,3,16,16,38011.445645,38011.466428,0.020783,0x4052e4,1,1003,278,725,38,100.000000,1,1,0.501078,1.200000,0.800000,monitor,15,7fff,1,1,85155840,84074496,-1081344,2888117534720,2888118525952,991232,2888117534720,2888118525952,991232,-1,-1,-1
1600,4,400,4,16,16,38011.457960,38011.481178,0.023218,0x4052e4,1,721,320,401,40,100.000000,1,1,0.501078,1.200000,0.800000,monitor,15,7fff,1,1,85155840,84074496,-1081344,2888117534720,2888118525952,991232,2888117534720,2888118525952,991232,-1,-1,-1
1600,4,400,5,16,16,38011.668103,38011.693619,0.025516,0x4052e4,1,3122,560,2562,42,100.000000,1,1,0.501078,1.200000,0.800000,monitor,15,7fff,1,1,85155840,84074496,-1081344,2888117534720,2888118525952,991232,2888117534720,2888118525952,991232,-1,-1,-1
1600,4,400,6,16,16,38011.459965,38011.483514,0.023549,0x4052e4,1,804,411,393,44,100.000000,1,1,0.501078,1.200000,0.800000,monitor,15,7fff,1,1,85155840,84074496,-1081344,2888117534720,2888118525952,991232,2888117534720,2888118525952,991232,-1,-1,-1
1600,4,400,7,16,16,38011.476775,38011.500836,0.024061,0x4052e4,1,585,343,242,46,100.000000,1,1,0.501078,1.200000,0.800000,monitor,15,7fff,1,1,85155840,84074496,-1081344,2888117534720,2888118525952,991232,2888117534720,2888118525952,991232,-1,-1,-1
1600,4,400,8,16,16,38011.442199,38011.465230,0.023031,0x4052e4,1,442,374,68,16,100.000000,1,1,0.501078,1.200000,0.800000,monitor,15,7fff,1,1,85155840,84074496,-1081344,2888117534720,2888118525952,991232,2888117534720,2888118525952,991232,-1,-1,-1
1600,4,400,9,16,16,38011.468154,38011.491607,0.023453,0x4052e4,1,696,379,317,18,100.000000,1,1,0.501078,1.200000,0.800000,monitor,15,7fff,1,1,85155840,84074496,-1081344,2888117534720,2888118525952,991232,2888117534720,2888118525952,991232,-1,-1,-1
1600,4,400,10,16,16,38011.467509,38011.490599,0.023090,0x4052e4,1,688,375,313,52,100.000000,1,1,0.501078,1.200000,0.800000,monitor,15,7fff,1,1,85155840,84074496,-1081344,2888117534720,2888118525952,991232,2888117534720,2888118525952,991232,-1,-1,-1
1600,4,400,11,16,16,38011.463547,38011.486817,0.023270,0x4052e4,1,808,371,437,54,100.000000,1,1,0.501078,1.200000,0.800000,monitor,15,7fff,1,1,85155840,84074496,-1081344,2888117534720,2888118525952,991232,2888117534720,2888118525952,991232,-1,-1,-1
1600,4,400,12,16,16,38011.472967,38011.495375,0.022408,0x4052e4,1,1195,361,834,56,100.000000,1,1,0.501078,1.200000,0.800000,monitor,15,7fff,1,1,85155840,84074496,-1081344,2888117534720,2888118525952,991232,2888117534720,2888118525952,991232,-1,-1,-1
1600,4,400,13,16,16,38011.798025,38011.820790,0.022765,0x4052e4,1,2690,248,2442,58,100.000000,1,1,0.501078,1.200000,0.800000,monitor,15,7fff,1,1,85155840,84074496,-1081344,2888117534720,2888118525952,991232,2888117534720,2888118525952,991232,-1,-1,-1
1600,4,400,14,16,16,38011.450182,38011.471024,0.020842,0x4052e4,1,764,262,502,60,100.000000,1,1,0.501078,1.200000,0.800000,monitor,15,7fff,1,1,85155840,84074496,-1081344,2888117534720,2888118525952,991232,2888117534720,2888118525952,991232,-1,-1,-1
1600,4,400,15,16,16,38011.455078,38011.477019,0.021941,0x4052e4,1,1272,354,918,62,100.000000,1,1,0.501078,1.200000,0.800000,monitor,15,7fff,1,1,85155840,84074496,-1081344,2888117534720,2888118525952,991232,2888117534720,2888118525952,991232,-1,-1,-1
1601,5,400,0,16,16,38012.088565,38012.107764,0.019199,0x40533c,1,17,2,15,32,100.000000,1,1,0.083142,1.200000,0.800000,monitor,15,7fff,1,1,83984384,83894272,-90112,2888118706176,2888119066624,360448,2888118706176,2888119066624,360448,-1,-1,-1
1601,5,400,1,16,16,38012.136453,38012.155172,0.018719,0x40533c,1,50,7,43,34,100.000000,1,1,0.083142,1.200000,0.800000,monitor,15,7fff,1,1,83984384,83894272,-90112,2888118706176,2888119066624,360448,2888118706176,2888119066624,360448,-1,-1,-1
1601,5,400,2,16,16,38012.128934,38012.148430,0.019496,0x40533c,1,418,54,364,36,100.000000,1,1,0.083142,1.200000,0.800000,monitor,15,7fff,1,1,83984384,83894272,-90112,2888118706176,2888119066624,360448,2888118706176,2888119066624,360448,-1,-1,-1
1601,5,400,3,16,16,38012.116576,38012.135344,0.018768,0x40533c,1,22,1,21,38,100.000000,1,1,0.083142,1.200000,0.800000,monitor,15,7fff,1,1,83984384,83894272,-90112,2888118706176,2888119066624,360448,2888118706176,2888119066624,360448,-1,-1,-1
1601,5,400,4,16,16,38012.112690,38012.137480,0.024790,0x40533c,1,396,258,138,40,100.000000,1,1,0.083142,1.200000,0.800000,monitor,15,7fff,1,1,83984384,83894272,-90112,2888118706176,2888119066624,360448,2888118706176,2888119066624,360448,-1,-1,-1
1601,5,400,5,16,16,38012.093232,38012.119204,0.025972,0x40533c,1,1201,403,798,42,100.000000,1,1,0.083142,1.200000,0.800000,monitor,15,7fff,1,1,83984384,83894272,-90112,2888118706176,2888119066624,360448,2888118706176,2888119066624,360448,-1,-1,-1
1601,5,400,6,16,16,38012.108979,38012.133637,0.024658,0x40533c,1,491,314,177,44,100.000000,1,1,0.083142,1.200000,0.800000,monitor,15,7fff,1,1,83984384,83894272,-90112,2888118706176,2888119066624,360448,2888118706176,2888119066624,360448,-1,-1,-1
1601,5,400,7,16,16,38012.104743,38012.129865,0.025122,0x40533c,1,536,357,179,46,100.000000,1,1,0.083142,1.200000,0.800000,monitor,15,7fff,1,1,83984384,83894272,-90112,2888118706176,2888119066624,360448,2888118706176,2888119066624,360448,-1,-1,-1
1601,5,400,8,16,16,38012.083132,38012.107471,0.024339,0x40533c,1,400,228,172,16,100.000000,1,1,0.083142,1.200000,0.800000,monitor,15,7fff,1,1,83984384,83894272,-90112,2888118706176,2888119066624,360448,2888118706176,2888119066624,360448,-1,-1,-1
1601,5,400,9,16,16,38012.120649,38012.145356,0.024707,0x40533c,1,410,235,175,18,100.000000,1,1,0.083142,1.200000,0.800000,monitor,15,7fff,1,1,83984384,83894272,-90112,2888118706176,2888119066624,360448,2888118706176,2888119066624,360448,-1,-1,-1
1601,5,400,10,16,16,38012.100893,38012.125257,0.024364,0x40533c,1,508,205,303,52,100.000000,1,1,0.083142,1.200000,0.800000,monitor,15,7fff,1,1,83984384,83894272,-90112,2888118706176,2888119066624,360448,2888118706176,2888119066624,360448,-1,-1,-1
1601,5,400,11,16,16,38012.096493,38012.121183,0.024690,0x40533c,1,489,269,220,54,100.000000,1,1,0.083142,1.200000,0.800000,monitor,15,7fff,1,1,83984384,83894272,-90112,2888118706176,2888119066624,360448,2888118706176,2888119066624,360448,-1,-1,-1
1601,5,400,12,16,16,38012.075833,38012.094847,0.019014,0x40533c,1,70,6,64,56,100.000000,1,1,0.083142,1.200000,0.800000,monitor,15,7fff,1,1,83984384,83894272,-90112,2888118706176,2888119066624,360448,2888118706176,2888119066624,360448,-1,-1,-1
1601,5,400,13,16,16,38012.133188,38012.152408,0.019220,0x40533c,1,351,32,319,58,100.000000,1,1,0.083142,1.200000,0.800000,monitor,15,7fff,1,1,83984384,83894272,-90112,2888118706176,2888119066624,360448,2888118706176,2888119066624,360448,-1,-1,-1
1601,5,400,14,16,16,38012.140070,38012.158975,0.018905,0x40533c,1,24,0,24,60,100.000000,1,1,0.083142,1.200000,0.800000,monitor,15,7fff,1,1,83984384,83894272,-90112,2888118706176,2888119066624,360448,2888118706176,2888119066624,360448,-1,-1,-1
1601,5,400,15,16,16,38012.124926,38012.144123,0.019197,0x40533c,1,60,6,54,62,100.000000,1,1,0.083142,1.200000,0.800000,monitor,15,7fff,1,1,83984384,83894272,-90112,2888118706176,2888119066624,360448,2888118706176,2888119066624,360448,-1,-1,-1
1998,2,500,0,16,16,47256.333153,47342.563253,30.803909,0x4051ce,1,4392376,2752414,1639962,32,100.000000,1,1,87.190680,1.200000,0.800000,monitor,15,7fff,1,1,84525056,82542592,-1982464,3613381263360,3620611940352,7230676992,3613381263360,3620611940352,7230676992,-1,-1,-1
1998,2,500,1,16,16,47256.336450,47342.553671,31.012555,0x4051ce,1,4738646,2891680,1846966,34,100.000000,1,1,87.190680,1.200000,0.800000,monitor,15,7fff,1,1,84525056,82542592,-1982464,3613381263360,3620611940352,7230676992,3613381263360,3620611940352,7230676992,-1,-1,-1
1998,2,500,2,16,16,47256.316252,47342.549103,31.879727,0x4051ce,1,5062636,3024419,2038217,4,100.000000,1,1,87.190680,1.200000,0.800000,monitor,15,7fff,1,1,84525056,82542592,-1982464,3613381263360,3620611940352,7230676992,3613381263360,3620611940352,7230676992,-1,-1,-1
1998,2,500,3,16,16,47256.273374,47342.555236,33.442134,0x4051ce,1,5583692,3181878,2401814,38,100.000000,1,1,87.190680,1.200000,0.800000,monitor,15,7fff,1,1,84525056,82542592,-1982464,3613381263360,3620611940352,7230676992,3613381263360,3620611940352,7230676992,-1,-1,-1
1998,2,500,4,16,16,47256.464737,47343.448949,80.825963,0x4051ce,1,11974193,6948948,5025245,40,100.000000,1,1,87.190680,1.200000,0.800000,monitor,15,7fff,1,1,84525056,82542592,-1982464,3613381263360,3620611940352,7230676992,3613381263360,3620611940352,7230676992,-1,-1,-1
1998,2,500,5,16,16,47256.265021,47343.446157,85.123600,0x4051ce,1,11932132,7774569,4157563,42,100.000000,1,1,87.190680,1.200000,0.800000,monitor,15,7fff,1,1,84525056,82542592,-1982464,3613381263360,3620611940352,7230676992,3613381263360,3620611940352,7230676992,-1,-1,-1
1998,2,500,6,16,16,47256.291434,47343.387113,81.654159,0x4051ce,1,11510386,7340477,4169909,44,100.000000,1,1,87.190680,1.200000,0.800000,monitor,15,7fff,1,1,84525056,82542592,-1982464,3613381263360,3620611940352,7230676992,3613381263360,3620611940352,7230676992,-1,-1,-1
1998,2,500,7,16,16,47256.342785,47343.427157,85.776224,0x4051ce,1,12010830,7895841,4114989,46,100.000000,1,1,87.190680,1.200000,0.800000,monitor,15,7fff,1,1,84525056,82542592,-1982464,3613381263360,3620611940352,7230676992,3613381263360,3620611940352,7230676992,-1,-1,-1
1998,2,500,8,16,16,47256.283725,47343.447448,86.138666,0x4051ce,1,11954248,7755751,4198497,48,100.000000,1,1,87.190680,1.200000,0.800000,monitor,15,7fff,1,1,84525056,82542592,-1982464,3613381263360,3620611940352,7230676992,3613381263360,3620611940352,7230676992,-1,-1,-1
1998,2,500,9,16,16,47256.260520,47343.384648,82.309323,0x4051ce,1,11411511,7389099,4022412,18,100.000000,1,1,87.190680,1.200000,0.800000,monitor,15,7fff,1,1,84525056,82542592,-1982464,3613381263360,3620611940352,7230676992,3613381263360,3620611940352,7230676992,-1,-1,-1
1998,2,500,10,16,16,47256.306741,47343.420186,85.584919,0x4051ce,1,11890714,7975097,3915617,52,100.000000,1,1,87.190680,1.200000,0.800000,monitor,15,7fff,1,1,84525056,82542592,-1982464,3613381263360,3620611940352,7230676992,3613381263360,3620611940352,7230676992,-1,-1,-1
1998,2,500,11,16,16,47256.325425,47343.434549,85.777965,0x4051ce,1,11832942,7772932,4060010,54,100.000000,1,1,87.190680,1.200000,0.800000,monitor,15,7fff,1,1,84525056,82542592,-1982464,3613381263360,3620611940352,7230676992,3613381263360,3620611940352,7230676992,-1,-1,-1
1998,2,500,12,16,16,47256.258269,47342.558764,37.270333,0x4051ce,1,5450976,3978418,1472558,56,100.000000,1,1,87.190680,1.200000,0.800000,monitor,15,7fff,1,1,84525056,82542592,-1982464,3613381263360,3620611940352,7230676992,3613381263360,3620611940352,7230676992,-1,-1,-1
1998,2,500,13,16,16,47256.278097,47342.523538,33.907859,0x4051ce,1,5620804,3081053,2539751,58,100.000000,1,1,87.190680,1.200000,0.800000,monitor,15,7fff,1,1,84525056,82542592,-1982464,3613381263360,3620611940352,7230676992,3613381263360,3620611940352,7230676992,-1,-1,-1
1998,2,500,14,16,16,47256.299531,47342.373319,28.768339,0x4051ce,1,5279996,1617023,3662973,60,100.000000,1,1,87.190680,1.200000,0.800000,monitor,15,7fff,1,1,84525056,82542592,-1982464,3613381263360,3620611940352,7230676992,3613381263360,3620611940352,7230676992,-1,-1,-1
1998,2,500,15,16,16,47256.270120,47342.434044,29.748716,0x4051ce,1,5559057,1947674,3611383,62,100.000000,1,1,87.190680,1.200000,0.800000,monitor,15,7fff,1,1,84525056,82542592,-1982464,3613381263360,3620611940352,7230676992,3613381263360,3620611940352,7230676992,-1,-1,-1
1999,3,500,0,16,16,47344.223903,47344.305458,0.081555,0x405218,1,4735,2799,1936,32,100.000000,1,1,1.751175,1.200000,0.800000,monitor,15,7fff,1,1,85876736,85245952,-630784,3620616896512,3620628971520,12075008,3620616896512,3620628971520,12075008,-1,-1,-1
1999,3,500,1,16,16,47344.071228,47344.169158,0.097930,0x405218,1,7473,2882,4591,34,100.000000,1,1,1.751175,1.200000,0.800000,monitor,15,7fff,1,1,85876736,85245952,-630784,3620616896512,3620628971520,12075008,3620616896512,3620628971520,12075008,-1,-1,-1
1999,3,500,2,16,16,47343.739319,47343.836211,0.096892,0x405218,1,4876,2917,1959,4,100.000000,1,1,1.751175,1.200000,0.800000,monitor,15,7fff,1,1,85876736,85245952,-630784,3620616896512,3620628971520,12075008,3620616896512,3620628971520,12075008,-1,-1,-1
1999,3,500,3,16,16,47344.212519,47344.311892,0.099373,0x405218,1,5399,2848,2551,38,100.000000,1,1,1.751175,1.200000,0.800000,monitor,15,7fff,1,1,85876736,85245952,-630784,3620616896512,3620628971520,12075008,3620616896512,3620628971520,12075008,-1,-1,-1
1999,3,500,4,16,16,47344.360437,47344.589737,0.229300,0x405218,1,13967,6013,7954,40,100.000000,1,1,1.751175,1.200000,0.800000,monitor,15,7fff,1,1,85876736,85245952,-630784,3620616896512,3620628971520,12075008,3620616896512,3620628971520,12075008,-1,-1,-1
1999,3,500,5,16,16,47345.040347,47345.256800,0.216453,0x405218,1,13903,6302,7601,42,100.000000,1,1,1.751175,1.200000,0.800000,monitor,15,7fff,1,1,85876736,85245952,-630784,3620616896512,3620628971520,12075008,3620616896512,3620628971520,12075008,-1,-1,-1
1999,3,500,6,16,16,47345.230459,47345.453007,0.222548,0x405218,1,13322,7074,6248,44,100.000000,1,1,1.751175,1.200000,0.800000,monitor,15,7fff,1,1,85876736,85245952,-630784,3620616896512,3620628971520,12075008,3620616896512,3620628971520,12075008,-1,-1,-1
1999,3,500,7,16,16,47344.205936,47344.415375,0.209439,0x405218,1,13868,6281,7587,46,100.000000,1,1,1.751175,1.200000,0.800000,monitor,15,7fff,1,1,85876736,85245952,-630784,3620616896512,3620628971520,12075008,3620616896512,3620628971520,12075008,-1,-1,-1
1999,3,500,8,16,16,47344.543706,47344.750860,0.207154,0x405218,1,13228,6378,6850,48,100.000000,1,1,1.751175,1.200000,0.800000,monitor,15,7fff,1,1,85876736,85245952,-630784,3620616896512,3620628971520,12075008,3620616896512,3620628971520,12075008,-1,-1,-1
1999,3,500,9,16,16,47344.871895,47345.079243,0.207348,0x405218,1,12674,6467,6207,18,100.000000,1,1,1.751175,1.200000,0.800000,monitor,15,7fff,1,1,85876736,85245952,-630784,3620616896512,3620628971520,12075008,3620616896512,3620628971520,12075008,-1,-1,-1
1999,3,500,10,16,16,47343.714989,47343.987639,0.272650,0x405218,1,11192,5376,5816,52,100.000000,1,1,1.751175,1.200000,0.800000,monitor,15,7fff,1,1,85876736,85245952,-630784,3620616896512,3620628971520,12075008,3620616896512,3620628971520,12075008,-1,-1,-1
1999,3,500,11,16,16,47345.238320,47345.451950,0.213630,0x405218,1,11521,7828,3693,54,100.000000,1,1,1.751175,1.200000,0.800000,monitor,15,7fff,1,1,85876736,85245952,-630784,3620616896512,3620628971520,12075008,3620616896512,3620628971520,12075008,-1,-1,-1
1999,3,500,12,16,16,47343.701832,47343.809714,0.107882,0x405218,1,4206,3128,1078,56,100.000000,1,1,1.751175,1.200000,0.800000,monitor,15,7fff,1,1,85876736,85245952,-630784,3620616896512,3620628971520,12075008,3620616896512,3620628971520,12075008,-1,-1,-1
1999,3,500,13,16,16,47344.731039,47344.833302,0.102263,0x405218,1,7515,2622,4893,58,100.000000,1,1,1.751175,1.200000,0.800000,monitor,15,7fff,1,1,85876736,85245952,-630784,3620616896512,3620628971520,12075008,3620616896512,3620628971520,12075008,-1,-1,-1
1999,3,500,14,16,16,47343.727119,47343.860635,0.133516,0x405218,1,5175,2115,3060,60,100.000000,1,1,1.751175,1.200000,0.800000,monitor,15,7fff,1,1,85876736,85245952,-630784,3620616896512,3620628971520,12075008,3620616896512,3620628971520,12075008,-1,-1,-1
1999,3,500,15,16,16,47343.931336,47344.017229,0.085893,0x405218,1,7217,2425,4792,62,100.000000,1,1,1.751175,1.200000,0.800000,monitor,15,7fff,1,1,85876736,85245952,-630784,3620616896512,3620628971520,12075008,3620616896512,3620628971520,12075008,-1,-1,-1
2000,4,500,0,16,16,47345.763718,47345.792363,0.028645,0x4052e4,1,1814,1076,738,32,100.000000,1,1,0.087304,1.200000,0.800000,monitor,15,7fff,1,1,85336064,84615168,-720896,3620634558464,3620636090368,1531904,3620634648576,3620636090368,1441792,-1,-1,-1
2000,4,500,1,16,16,47345.721510,47345.743978,0.022468,0x4052e4,1,1181,602,579,34,100.000000,1,1,0.087304,1.200000,0.800000,monitor,15,7fff,1,1,85336064,84615168,-720896,3620634558464,3620636090368,1531904,3620634648576,3620636090368,1441792,-1,-1,-1
2000,4,500,2,16,16,47345.755646,47345.775815,0.020169,0x4052e4,1,316,263,53,4,100.000000,1,1,0.087304,1.200000,0.800000,monitor,15,7fff,1,1,85336064,84615168,-720896,3620634558464,3620636090368,1531904,3620634648576,3620636090368,1441792,-1,-1,-1
2000,4,500,3,16,16,47345.728941,47345.755738,0.026797,0x4052e4,1,2533,85,2448,38,100.000000,1,1,0.087304,1.200000,0.800000,monitor,15,7fff,1,1,85336064,84615168,-720896,3620634558464,3620636090368,1531904,3620634648576,3620636090368,1441792,-1,-1,-1
2000,4,500,4,16,16,47345.713689,47345.738086,0.024397,0x4052e4,1,699,429,270,40,100.000000,1,1,0.087304,1.200000,0.800000,monitor,15,7fff,1,1,85336064,84615168,-720896,3620634558464,3620636090368,1531904,3620634648576,3620636090368,1441792,-1,-1,-1
2000,4,500,5,16,16,47345.744914,47345.768215,0.023301,0x4052e4,1,756,348,408,42,100.000000,1,1,0.087304,1.200000,0.800000,monitor,15,7fff,1,1,85336064,84615168,-720896,3620634558464,3620636090368,1531904,3620634648576,3620636090368,1441792,-1,-1,-1
2000,4,500,6,16,16,47345.728958,47345.752244,0.023286,0x4052e4,1,652,369,283,44,100.000000,1,1,0.087304,1.200000,0.800000,monitor,15,7fff,1,1,85336064,84615168,-720896,3620634558464,3620636090368,1531904,3620634648576,3620636090368,1441792,-1,-1,-1
2000,4,500,7,16,16,47345.731859,47345.756075,0.024216,0x4052e4,1,579,310,269,46,100.000000,1,1,0.087304,1.200000,0.800000,monitor,15,7fff,1,1,85336064,84615168,-720896,3620634558464,3620636090368,1531904,3620634648576,3620636090368,1441792,-1,-1,-1
2000,4,500,8,16,16,47345.766929,47345.790561,0.023632,0x4052e4,1,738,303,435,48,100.000000,1,1,0.087304,1.200000,0.800000,monitor,15,7fff,1,1,85336064,84615168,-720896,3620634558464,3620636090368,1531904,3620634648576,3620636090368,1441792,-1,-1,-1
2000,4,500,9,16,16,47345.737626,47345.761678,0.024052,0x4052e4,1,753,367,386,18,100.000000,1,1,0.087304,1.200000,0.800000,monitor,15,7fff,1,1,85336064,84615168,-720896,3620634558464,3620636090368,1531904,3620634648576,3620636090368,1441792,-1,-1,-1
2000,4,500,10,16,16,47345.771570,47345.800862,0.029292,0x4052e4,1,2694,304,2390,52,100.000000,1,1,0.087304,1.200000,0.800000,monitor,15,7fff,1,1,85336064,84615168,-720896,3620634558464,3620636090368,1531904,3620634648576,3620636090368,1441792,-1,-1,-1
2000,4,500,11,16,16,47345.754113,47345.776221,0.022108,0x4052e4,1,317,258,59,54,100.000000,1,1,0.087304,1.200000,0.800000,monitor,15,7fff,1,1,85336064,84615168,-720896,3620634558464,3620636090368,1531904,3620634648576,3620636090368,1441792,-1,-1,-1
2000,4,500,12,16,16,47345.713558,47345.733146,0.019588,0x4052e4,1,150,123,27,56,100.000000,1,1,0.087304,1.200000,0.800000,monitor,15,7fff,1,1,85336064,84615168,-720896,3620634558464,3620636090368,1531904,3620634648576,3620636090368,1441792,-1,-1,-1
2000,4,500,13,16,16,47345.740486,47345.762890,0.022404,0x4052e4,1,899,405,494,58,100.000000,1,1,0.087304,1.200000,0.800000,monitor,15,7fff,1,1,85336064,84615168,-720896,3620634558464,3620636090368,1531904,3620634648576,3620636090368,1441792,-1,-1,-1
2000,4,500,14,16,16,47345.748256,47345.768625,0.020369,0x4052e4,1,67,43,24,60,100.000000,1,1,0.087304,1.200000,0.800000,monitor,15,7fff,1,1,85336064,84615168,-720896,3620634558464,3620636090368,1531904,3620634648576,3620636090368,1441792,-1,-1,-1
2000,4,500,15,16,16,47345.776410,47345.799040,0.022630,0x4052e4,1,1293,468,825,62,100.000000,1,1,0.087304,1.200000,0.800000,monitor,15,7fff,1,1,85336064,84615168,-720896,3620634558464,3620636090368,1531904,3620634648576,3620636090368,1441792,-1,-1,-1
2001,5,500,0,16,16,47345.914922,47345.933780,0.018858,0x40533c,1,41,0,41,32,100.000000,1,1,0.085880,1.200000,0.800000,monitor,15,7fff,1,1,84344832,84254720,-90112,3620636360704,3620636721152,360448,3620636360704,3620636721152,360448,-1,-1,-1
2001,5,500,1,16,16,47345.922949,47345.941716,0.018767,0x40533c,1,61,1,60,34,100.000000,1,1,0.085880,1.200000,0.800000,monitor,15,7fff,1,1,84344832,84254720,-90112,3620636360704,3620636721152,360448,3620636360704,3620636721152,360448,-1,-1,-1
2001,5,500,2,16,16,47345.932727,47345.951287,0.018560,0x40533c,1,67,20,47,4,100.000000,1,1,0.085880,1.200000,0.800000,monitor,15,7fff,1,1,84344832,84254720,-90112,3620636360704,3620636721152,360448,3620636360704,3620636721152,360448,-1,-1,-1
2001,5,500,3,16,16,47345.916615,47345.935768,0.019153,0x40533c,1,37,0,37,38,100.000000,1,1,0.085880,1.200000,0.800000,monitor,15,7fff,1,1,84344832,84254720,-90112,3620636360704,3620636721152,360448,3620636360704,3620636721152,360448,-1,-1,-1
2001,5,500,4,16,16,47345.942245,47345.968348,0.026103,0x40533c,1,440,281,159,40,100.000000,1,1,0.085880,1.200000,0.800000,monitor,15,7fff,1,1,84344832,84254720,-90112,3620636360704,3620636721152,360448,3620636360704,3620636721152,360448,-1,-1,-1
2001,5,500,5,16,16,47345.902715,47345.928593,0.025878,0x40533c,1,586,383,203,42,100.000000,1,1,0.085880,1.200000,0.800000,monitor,15,7fff,1,1,84344832,84254720,-90112,3620636360704,3620636721152,360448,3620636360704,3620636721152,360448,-1,-1,-1
2001,5,500,6,16,16,47345.947070,47345.972540,0.025470,0x40533c,1,485,247,238,44,100.000000,1,1,0.085880,1.200000,0.800000,monitor,15,7fff,1,1,84344832,84254720,-90112,3620636360704,3620636721152,360448,3620636360704,3620636721152,360448,-1,-1,-1
2001,5,500,7,16,16,47345.943713,47345.969936,0.026223,0x40533c,1,614,372,242,46,100.000000,1,1,0.085880,1.200000,0.800000,monitor,15,7fff,1,1,84344832,84254720,-90112,3620636360704,3620636721152,360448,3620636360704,3620636721152,360448,-1,-1,-1
2001,5,500,8,16,16,47345.907459,47345.933731,0.026272,0x40533c,1,461,234,227,48,100.000000,1,1,0.085880,1.200000,0.800000,monitor,15,7fff,1,1,84344832,84254720,-90112,3620636360704,3620636721152,360448,3620636360704,3620636721152,360448,-1,-1,-1
2001,5,500,9,16,16,47345.906036,47345.931412,0.025376,0x40533c,1,583,280,303,18,100.000000,1,1,0.085880,1.200000,0.800000,monitor,15,7fff,1,1,84344832,84254720,-90112,3620636360704,3620636721152,360448,3620636360704,3620636721152,360448,-1,-1,-1
2001,5,500,10,16,16,47345.960722,47345.988595,0.027873,0x40533c,1,341,36,305,52,100.000000,1,1,0.085880,1.200000,0.800000,monitor,15,7fff,1,1,84344832,84254720,-90112,3620636360704,3620636721152,360448,3620636360704,3620636721152,360448,-1,-1,-1
2001,5,500,11,16,16,47345.936571,47345.961234,0.024663,0x40533c,1,567,238,329,54,100.000000,1,1,0.085880,1.200000,0.800000,monitor,15,7fff,1,1,84344832,84254720,-90112,3620636360704,3620636721152,360448,3620636360704,3620636721152,360448,-1,-1,-1
2001,5,500,12,16,16,47345.902912,47345.921743,0.018831,0x40533c,1,58,22,36,56,100.000000,1,1,0.085880,1.200000,0.800000,monitor,15,7fff,1,1,84344832,84254720,-90112,3620636360704,3620636721152,360448,3620636360704,3620636721152,360448,-1,-1,-1
2001,5,500,13,16,16,47345.952545,47345.971338,0.018793,0x40533c,1,34,0,34,58,100.000000,1,1,0.085880,1.200000,0.800000,monitor,15,7fff,1,1,84344832,84254720,-90112,3620636360704,3620636721152,360448,3620636360704,3620636721152,360448,-1,-1,-1
2001,5,500,14,16,16,47345.928438,47345.947500,0.019062,0x40533c,1,53,5,48,60,100.000000,1,1,0.085880,1.200000,0.800000,monitor,15,7fff,1,1,84344832,84254720,-90112,3620636360704,3620636721152,360448,3620636360704,3620636721152,360448,-1,-1,-1
2001,5,500,15,16,16,47345.919877,47345.938691,0.018814,0x40533c,1,48,7,41,62,100.000000,1,1,0.085880,1.200000,0.800000,monitor,15,7fff,1,1,84344832,84254720,-90112,3620636360704,3620636721152,360448,3620636360704,3620636721152,360448,-1,-1,-1
2398,2,600,0,16,16,56358.854008,56441.451251,30.037545,0x4051ce,1,4390355,2718816,1671539,32,100.000000,1,1,83.915532,1.200000,0.800000,monitor,15,7fff,1,1,84705280,83083264,-1622016,4322816008192,4329748865024,6932856832,4322816098304,4329748865024,6932766720,-1,-1,-1
2398,2,600,1,16,16,56358.721294,56441.445423,30.346297,0x4051ce,1,4741798,2855564,1886234,34,100.000000,1,1,83.915532,1.200000,0.800000,monitor,15,7fff,1,1,84705280,83083264,-1622016,4322816008192,4329748865024,6932856832,4322816098304,4329748865024,6932766720,-1,-1,-1
2398,2,600,2,16,16,56358.351866,56441.443171,31.101589,0x4051ce,1,5069839,2999766,2070073,36,100.000000,1,1,83.915532,1.200000,0.800000,monitor,15,7fff,1,1,84705280,83083264,-1622016,4322816008192,4329748865024,6932856832,4322816098304,4329748865024,6932766720,-1,-1,-1
2398,2,600,3,16,16,56358.846337,56441.457789,32.731898,0x4051ce,1,5588750,3147798,2440952,38,100.000000,1,1,83.915532,1.200000,0.800000,monitor,15,7fff,1,1,84705280,83083264,-1622016,4322816008192,4329748865024,6932856832,4322816098304,4329748865024,6932766720,-1,-1,-1
2398,2,600,4,16,16,56358.479332,56442.230038,76.379426,0x4051ce,1,11538604,6432689,5105915,40,100.000000,1,1,83.915532,1.200000,0.800000,monitor,15,7fff,1,1,84705280,83083264,-1622016,4322816008192,4329748865024,6932856832,4322816098304,4329748865024,6932766720,-1,-1,-1
2398,2,600,5,16,16,56358.711403,56442.230321,81.051953,0x4051ce,1,11491105,7396143,4094962,42,100.000000,1,1,83.915532,1.200000,0.800000,monitor,15,7fff,1,1,84705280,83083264,-1622016,4322816008192,4329748865024,6932856832,4322816098304,4329748865024,6932766720,-1,-1,-1
2398,2,600,6,16,16,56358.359732,56442.259107,82.572191,0x4051ce,1,10607150,6668539,3938611,44,100.000000,1,1,83.915532,1.200000,0.800000,monitor,15,7fff,1,1,84705280,83083264,-1622016,4322816008192,4329748865024,6932856832,4322816098304,4329748865024,6932766720,-1,-1,-1
2398,2,600,7,16,16,56358.349305,56442.217273,81.184910,0x4051ce,1,11564684,7377553,4187131,46,100.000000,1,1,83.915532,1.200000,0.800000,monitor,15,7fff,1,1,84705280,83083264,-1622016,4322816008192,4329748865024,6932856832,4322816098304,4329748865024,6932766720,-1,-1,-1
2398,2,600,8,16,16,56358.866355,56442.219663,81.867883,0x4051ce,1,11517274,7318389,4198885,48,100.000000,1,1,83.915532,1.200000,0.800000,monitor,15,7fff,1,1,84705280,83083264,-1622016,4322816008192,4329748865024,6932856832,4322816098304,4329748865024,6932766720,-1,-1,-1
2398,2,600,9,16,16,56358.716806,56442.176395,78.188542,0x4051ce,1,10998210,7027519,3970691,50,100.000000,1,1,83.915532,1.200000,0.800000,monitor,15,7fff,1,1,84705280,83083264,-1622016,4322816008192,4329748865024,6932856832,4322816098304,4329748865024,6932766720,-1,-1,-1
2398,2,600,10,16,16,56358.346398,56442.210413,81.393237,0x4051ce,1,11443675,7518562,3925113,52,100.000000,1,1,83.915532,1.200000,0.800000,monitor,15,7fff,1,1,84705280,83083264,-1622016,4322816008192,4329748865024,6932856832,4322816098304,4329748865024,6932766720,-1,-1,-1
2398,2,600,11,16,16,56358.861540,56442.237699,81.741714,0x4051ce,1,11396269,7413155,3983114,54,100.000000,1,1,83.915532,1.200000,0.800000,monitor,15,7fff,1,1,84705280,83083264,-1622016,4322816008192,4329748865024,6932856832,4322816098304,4329748865024,6932766720,-1,-1,-1
2398,2,600,12,16,16,56358.343575,56441.460313,36.400744,0x4051ce,1,5445841,3968508,1477333,56,100.000000,1,1,83.915532,1.200000,0.800000,monitor,15,7fff,1,1,84705280,83083264,-1622016,4322816008192,4329748865024,6932856832,4322816098304,4329748865024,6932766720,-1,-1,-1
2398,2,600,13,16,16,56358.346492,56441.414650,33.071865,0x4051ce,1,5619270,3063773,2555497,58,100.000000,1,1,83.915532,1.200000,0.800000,monitor,15,7fff,1,1,84705280,83083264,-1622016,4322816008192,4329748865024,6932856832,4322816098304,4329748865024,6932766720,-1,-1,-1
2398,2,600,14,16,16,56358.730244,56441.270559,28.273822,0x4051ce,1,5290439,1582128,3708311,60,100.000000,1,1,83.915532,1.200000,0.800000,monitor,15,7fff,1,1,84705280,83083264,-1622016,4322816008192,4329748865024,6932856832,4322816098304,4329748865024,6932766720,-1,-1,-1
2398,2,600,15,16,16,56358.707215,56441.315892,28.963267,0x4051ce,1,5570564,1822107,3748457,62,100.000000,1,1,83.915532,1.200000,0.800000,monitor,15,7fff,1,1,84705280,83083264,-1622016,4322816008192,4329748865024,6932856832,4322816098304,4329748865024,6932766720,-1,-1,-1
2399,3,600,0,16,16,56442.929482,56443.032243,0.102761,0x405218,1,7094,3135,3959,32,100.000000,1,1,2.108237,1.200000,0.800000,monitor,15,7fff,1,1,85966848,84434944,-1531904,4329754451968,4329769500672,15048704,4329757786112,4329769500672,11714560,-1,-1,-1
2399,3,600,1,16,16,56444.546370,56444.648142,0.101772,0x405218,1,7461,3255,4206,34,100.000000,1,1,2.108237,1.200000,0.800000,monitor,15,7fff,1,1,85966848,84434944,-1531904,4329754451968,4329769500672,15048704,4329757786112,4329769500672,11714560,-1,-1,-1
2399,3,600,2,16,16,56442.545970,56442.697884,0.151914,0x405218,1,6617,3540,3077,36,100.000000,1,1,2.108237,1.200000,0.800000,monitor,15,7fff,1,1,85966848,84434944,-1531904,4329754451968,4329769500672,15048704,4329757786112,4329769500672,11714560,-1,-1,-1
2399,3,600,3,16,16,56443.049899,56443.156264,0.106365,0x405218,1,7510,3738,3772,38,100.000000,1,1,2.108237,1.200000,0.800000,monitor,15,7fff,1,1,85966848,84434944,-1531904,4329754451968,4329769500672,15048704,4329757786112,4329769500672,11714560,-1,-1,-1
2399,3,600,4,16,16,56442.556669,56442.835198,0.278529,0x405218,1,10812,5429,5383,40,100.000000,1,1,2.108237,1.200000,0.800000,monitor,15,7fff,1,1,85966848,84434944,-1531904,4329754451968,4329769500672,15048704,4329757786112,4329769500672,11714560,-1,-1,-1
2399,3,600,5,16,16,56444.398075,56444.621020,0.222945,0x405218,1,13061,6251,6810,42,100.000000,1,1,2.108237,1.200000,0.800000,monitor,15,7fff,1,1,85966848,84434944,-1531904,4329754451968,4329769500672,15048704,4329757786112,4329769500672,11714560,-1,-1,-1
2399,3,600,6,16,16,56443.883811,56444.088630,0.204819,0x405218,1,12866,6504,6362,44,100.000000,1,1,2.108237,1.200000,0.800000,monitor,15,7fff,1,1,85966848,84434944,-1531904,4329754451968,4329769500672,15048704,4329757786112,4329769500672,11714560,-1,-1,-1
2399,3,600,7,16,16,56443.449041,56443.651654,0.202613,0x405218,1,13142,6551,6591,46,100.000000,1,1,2.108237,1.200000,0.800000,monitor,15,7fff,1,1,85966848,84434944,-1531904,4329754451968,4329769500672,15048704,4329757786112,4329769500672,11714560,-1,-1,-1
2399,3,600,8,16,16,56443.751507,56443.949742,0.198235,0x405218,1,12775,6229,6546,48,100.000000,1,1,2.108237,1.200000,0.800000,monitor,15,7fff,1,1,85966848,84434944,-1531904,4329754451968,4329769500672,15048704,4329757786112,4329769500672,11714560,-1,-1,-1
2399,3,600,9,16,16,56444.069403,56444.275657,0.206254,0x405218,1,12343,6673,5670,50,100.000000,1,1,2.108237,1.200000,0.800000,monitor,15,7fff,1,1,85966848,84434944,-1531904,4329754451968,4329769500672,15048704,4329757786112,4329769500672,11714560,-1,-1,-1
2399,3,600,10,16,16,56444.267496,56444.475025,0.207529,0x405218,1,12693,6540,6153,52,100.000000,1,1,2.108237,1.200000,0.800000,monitor,15,7fff,1,1,85966848,84434944,-1531904,4329754451968,4329769500672,15048704,4329757786112,4329769500672,11714560,-1,-1,-1
2399,3,600,11,16,16,56443.314512,56443.512307,0.197795,0x405218,1,12611,6091,6520,54,100.000000,1,1,2.108237,1.200000,0.800000,monitor,15,7fff,1,1,85966848,84434944,-1531904,4329754451968,4329769500672,15048704,4329757786112,4329769500672,11714560,-1,-1,-1
2399,3,600,12,16,16,56442.539905,56442.647357,0.107452,0x405218,1,4224,3375,849,56,100.000000,1,1,2.108237,1.200000,0.800000,monitor,15,7fff,1,1,85966848,84434944,-1531904,4329754451968,4329769500672,15048704,4329757786112,4329769500672,11714560,-1,-1,-1
2399,3,600,13,16,16,56443.183656,56443.281578,0.097922,0x405218,1,7505,2520,4985,58,100.000000,1,1,2.108237,1.200000,0.800000,monitor,15,7fff,1,1,85966848,84434944,-1531904,4329754451968,4329769500672,15048704,4329757786112,4329769500672,11714560,-1,-1,-1
2399,3,600,14,16,16,56442.811862,56442.915951,0.104089,0x405218,1,7491,3037,4454,60,100.000000,1,1,2.108237,1.200000,0.800000,monitor,15,7fff,1,1,85966848,84434944,-1531904,4329754451968,4329769500672,15048704,4329757786112,4329769500672,11714560,-1,-1,-1
2399,3,600,15,16,16,56443.582486,56443.683129,0.100643,0x405218,1,7260,2890,4370,62,100.000000,1,1,2.108237,1.200000,0.800000,monitor,15,7fff,1,1,85966848,84434944,-1531904,4329754451968,4329769500672,15048704,4329757786112,4329769500672,11714560,-1,-1,-1
2400,4,600,0,16,16,56445.008523,56445.037976,0.029453,0x4052e4,1,2304,946,1358,32,100.000000,1,1,0.263802,1.200000,0.800000,monitor,15,7fff,1,1,84975616,83533824,-1441792,4329772744704,4329774096384,1351680,4329772744704,4329774096384,1351680,-1,-1,-1
2400,4,600,1,16,16,56445.014910,56445.037744,0.022834,0x4052e4,1,1130,386,744,34,100.000000,1,1,0.263802,1.200000,0.800000,monitor,15,7fff,1,1,84975616,83533824,-1441792,4329772744704,4329774096384,1351680,4329772744704,4329774096384,1351680,-1,-1,-1
2400,4,600,2,16,16,56444.944880,56444.971667,0.026787,0x4052e4,1,2444,139,2305,36,100.000000,1,1,0.263802,1.200000,0.800000,monitor,15,7fff,1,1,84975616,83533824,-1441792,4329772744704,4329774096384,1351680,4329772744704,4329774096384,1351680,-1,-1,-1
2400,4,600,3,16,16,56444.991887,56445.015864,0.023977,0x4052e4,1,1006,455,551,38,100.000000,1,1,0.263802,1.200000,0.800000,monitor,15,7fff,1,1,84975616,83533824,-1441792,4329772744704,4329774096384,1351680,4329772744704,4329774096384,1351680,-1,-1,-1
2400,4,600,4,16,16,56445.177705,56445.206022,0.028317,0x4052e4,1,3155,521,2634,40,100.000000,1,1,0.263802,1.200000,0.800000,monitor,15,7fff,1,1,84975616,83533824,-1441792,4329772744704,4329774096384,1351680,4329772744704,4329774096384,1351680,-1,-1,-1
2400,4,600,5,16,16,56444.966797,56444.992107,0.025310,0x4052e4,1,803,335,468,42,100.000000,1,1,0.263802,1.200000,0.800000,monitor,15,7fff,1,1,84975616,83533824,-1441792,4329772744704,4329774096384,1351680,4329772744704,4329774096384,1351680,-1,-1,-1
2400,4,600,6,16,16,56444.957853,56444.983622,0.025769,0x4052e4,1,724,370,354,44,100.000000,1,1,0.263802,1.200000,0.800000,monitor,15,7fff,1,1,84975616,83533824,-1441792,4329772744704,4329774096384,1351680,4329772744704,4329774096384,1351680,-1,-1,-1
2400,4,600,7,16,16,56444.984328,56445.010618,0.026290,0x4052e4,1,763,451,312,46,100.000000,1,1,0.263802,1.200000,0.800000,monitor,15,7fff,1,1,84975616,83533824,-1441792,4329772744704,4329774096384,1351680,4329772744704,4329774096384,1351680,-1,-1,-1
2400,4,600,8,16,16,56444.948196,56444.973494,0.025298,0x4052e4,1,717,312,405,48,100.000000,1,1,0.263802,1.200000,0.800000,monitor,15,7fff,1,1,84975616,83533824,-1441792,4329772744704,4329774096384,1351680,4329772744704,4329774096384,1351680,-1,-1,-1
2400,4,600,9,16,16,56444.976062,56445.002324,0.026262,0x4052e4,1,727,351,376,50,100.000000,1,1,0.263802,1.200000,0.800000,monitor,15,7fff,1,1,84975616,83533824,-1441792,4329772744704,4329774096384,1351680,4329772744704,4329774096384,1351680,-1,-1,-1
2400,4,600,10,16,16,56444.958992,56444.985054,0.026062,0x4052e4,1,694,437,257,52,100.000000,1,1,0.263802,1.200000,0.800000,monitor,15,7fff,1,1,84975616,83533824,-1441792,4329772744704,4329774096384,1351680,4329772744704,4329774096384,1351680,-1,-1,-1
2400,4,600,11,16,16,56444.950381,56444.975900,0.025519,0x4052e4,1,890,342,548,54,100.000000,1,1,0.263802,1.200000,0.800000,monitor,15,7fff,1,1,84975616,83533824,-1441792,4329772744704,4329774096384,1351680,4329772744704,4329774096384,1351680,-1,-1,-1
2400,4,600,12,16,16,56444.942220,56444.962646,0.020426,0x4052e4,1,147,124,23,56,100.000000,1,1,0.263802,1.200000,0.800000,monitor,15,7fff,1,1,84975616,83533824,-1441792,4329772744704,4329774096384,1351680,4329772744704,4329774096384,1351680,-1,-1,-1
2400,4,600,13,16,16,56444.999710,56445.023217,0.023507,0x4052e4,1,877,373,504,58,100.000000,1,1,0.263802,1.200000,0.800000,monitor,15,7fff,1,1,84975616,83533824,-1441792,4329772744704,4329774096384,1351680,4329772744704,4329774096384,1351680,-1,-1,-1
2400,4,600,14,16,16,56444.961584,56444.984015,0.022431,0x4052e4,1,760,288,472,60,100.000000,1,1,0.263802,1.200000,0.800000,monitor,15,7fff,1,1,84975616,83533824,-1441792,4329772744704,4329774096384,1351680,4329772744704,4329774096384,1351680,-1,-1,-1
2400,4,600,15,16,16,56444.952840,56444.974978,0.022138,0x4052e4,1,1041,249,792,62,100.000000,1,1,0.263802,1.200000,0.800000,monitor,15,7fff,1,1,84975616,83533824,-1441792,4329772744704,4329774096384,1351680,4329772744704,4329774096384,1351680,-1,-1,-1
2401,5,600,0,16,16,56445.344048,56445.364645,0.020597,0x40533c,1,16,0,16,32,100.000000,1,1,0.313000,1.200000,0.800000,monitor,15,7fff,1,1,83533824,83263488,-270336,4329774186496,4329774456832,270336,4329774186496,4329774456832,270336,-1,-1,-1
2401,5,600,1,16,16,56445.613631,56445.634032,0.020401,0x40533c,1,58,6,52,34,100.000000,1,1,0.313000,1.200000,0.800000,monitor,15,7fff,1,1,83533824,83263488,-270336,4329774186496,4329774456832,270336,4329774186496,4329774456832,270336,-1,-1,-1
2401,5,600,2,16,16,56445.589483,56445.612252,0.022769,0x40533c,1,1586,87,1499,36,100.000000,1,1,0.313000,1.200000,0.800000,monitor,15,7fff,1,1,83533824,83263488,-270336,4329774186496,4329774456832,270336,4329774186496,4329774456832,270336,-1,-1,-1
2401,5,600,3,16,16,56445.321032,56445.341421,0.020389,0x40533c,1,25,1,24,38,100.000000,1,1,0.313000,1.200000,0.800000,monitor,15,7fff,1,1,83533824,83263488,-270336,4329774186496,4329774456832,270336,4329774186496,4329774456832,270336,-1,-1,-1
2401,5,600,4,16,16,56445.335201,56445.364215,0.029014,0x40533c,1,1332,281,1051,40,100.000000,1,1,0.313000,1.200000,0.800000,monitor,15,7fff,1,1,83533824,83263488,-270336,4329774186496,4329774456832,270336,4329774186496,4329774456832,270336,-1,-1,-1
2401,5,600,5,16,16,56445.361758,56445.390416,0.028658,0x40533c,1,402,230,172,42,100.000000,1,1,0.313000,1.200000,0.800000,monitor,15,7fff,1,1,83533824,83263488,-270336,4329774186496,4329774456832,270336,4329774186496,4329774456832,270336,-1,-1,-1
2401,5,600,6,16,16,56445.595156,56445.622595,0.027439,0x40533c,1,457,209,248,44,100.000000,1,1,0.313000,1.200000,0.800000,monitor,15,7fff,1,1,83533824,83263488,-270336,4329774186496,4329774456832,270336,4329774186496,4329774456832,270336,-1,-1,-1
2401,5,600,7,16,16,56445.588762,56445.616067,0.027305,0x40533c,1,530,283,247,46,100.000000,1,1,0.313000,1.200000,0.800000,monitor,15,7fff,1,1,83533824,83263488,-270336,4329774186496,4329774456832,270336,4329774186496,4329774456832,270336,-1,-1,-1
2401,5,600,8,16,16,56445.601935,56445.629644,0.027709,0x40533c,1,477,225,252,48,100.000000,1,1,0.313000,1.200000,0.800000,monitor,15,7fff,1,1,83533824,83263488,-270336,4329774186496,4329774456832,270336,4329774186496,4329774456832,270336,-1,-1,-1
2401,5,600,9,16,16,56445.330303,56445.358138,0.027835,0x40533c,1,428,194,234,50,100.000000,1,1,0.313000,1.200000,0.800000,monitor,15,7fff,1,1,83533824,83263488,-270336,4329774186496,4329774456832,270336,4329774186496,4329774456832,270336,-1,-1,-1
2401,5,600,10,16,16,56445.358427,56445.387244,0.028817,0x40533c,1,566,197,369,52,100.000000,1,1,0.313000,1.200000,0.800000,monitor,15,7fff,1,1,83533824,83263488,-270336,4329774186496,4329774456832,270336,4329774186496,4329774456832,270336,-1,-1,-1
2401,5,600,11,16,16,56445.325586,56445.353433,0.027847,0x40533c,1,456,198,258,54,100.000000,1,1,0.313000,1.200000,0.800000,monitor,15,7fff,1,1,83533824,83263488,-270336,4329774186496,4329774456832,270336,4329774186496,4329774456832,270336,-1,-1,-1
2401,5,600,12,16,16,56445.321177,56445.341451,0.020274,0x40533c,1,37,0,37,56,100.000000,1,1,0.313000,1.200000,0.800000,monitor,15,7fff,1,1,83533824,83263488,-270336,4329774186496,4329774456832,270336,4329774186496,4329774456832,270336,-1,-1,-1
2401,5,600,13,16,16,56445.351776,56445.371983,0.020207,0x40533c,1,29,0,29,58,100.000000,1,1,0.313000,1.200000,0.800000,monitor,15,7fff,1,1,83533824,83263488,-270336,4329774186496,4329774456832,270336,4329774186496,4329774456832,270336,-1,-1,-1
2401,5,600,14,16,16,56445.608407,56445.628685,0.020278,0x40533c,1,23,0,23,60,100.000000,1,1,0.313000,1.200000,0.800000,monitor,15,7fff,1,1,83533824,83263488,-270336,4329774186496,4329774456832,270336,4329774186496,4329774456832,270336,-1,-1,-1
2401,5,600,15,16,16,56445.339435,56445.359650,0.020215,0x40533c,1,43,6,37,62,100.000000,1,1,0.313000,1.200000,0.800000,monitor,15,7fff,1,1,83533824,83263488,-270336,4329774186496,4329774456832,270336,4329774186496,4329774456832,270336,-1,-1,-1
2798,2,700,0,16,16,64976.025885,65055.965215,30.224287,0x4051ce,1,4398617,2718962,1679655,32,100.000000,1,1,80.768614,1.200000,0.800000,monitor,15,7fff,1,1,84795392,81641472,-3153920,4996437721088,5003074830336,6637109248,4996437721088,5003074830336,6637109248,-1,-1,-1
2798,2,700,1,16,16,64976.008480,65055.946685,30.335715,0x4051ce,1,4748387,2840936,1907451,34,100.000000,1,1,80.768614,1.200000,0.800000,monitor,15,7fff,1,1,84795392,81641472,-3153920,4996437721088,5003074830336,6637109248,4996437721088,5003074830336,6637109248,-1,-1,-1
2798,2,700,2,16,16,64976.028280,65055.946263,31.337939,0x4051ce,1,5085012,2994514,2090498,36,100.000000,1,1,80.768614,1.200000,0.800000,monitor,15,7fff,1,1,84795392,81641472,-3153920,4996437721088,5003074830336,6637109248,4996437721088,5003074830336,6637109248,-1,-1,-1
2798,2,700,3,16,16,64976.035250,65055.947821,32.854332,0x4051ce,1,5597110,3155897,2441213,38,100.000000,1,1,80.768614,1.200000,0.800000,monitor,15,7fff,1,1,84795392,81641472,-3153920,4996437721088,5003074830336,6637109248,4996437721088,5003074830336,6637109248,-1,-1,-1
2798,2,700,4,16,16,64975.966944,65056.646643,74.123587,0x4051ce,1,10992829,5934814,5058015,40,100.000000,1,1,80.768614,1.200000,0.800000,monitor,15,7fff,1,1,84795392,81641472,-3153920,4996437721088,5003074830336,6637109248,4996437721088,5003074830336,6637109248,-1,-1,-1
2798,2,700,5,16,16,64976.032405,65056.729047,78.370258,0x4051ce,1,10963828,6875255,4088573,42,100.000000,1,1,80.768614,1.200000,0.800000,monitor,15,7fff,1,1,84795392,81641472,-3153920,4996437721088,5003074830336,6637109248,4996437721088,5003074830336,6637109248,-1,-1,-1
2798,2,700,6,16,16,64976.000969,65056.599553,75.598312,0x4051ce,1,10625310,6570348,4054962,44,100.000000,1,1,80.768614,1.200000,0.800000,monitor,15,7fff,1,1,84795392,81641472,-3153920,4996437721088,5003074830336,6637109248,4996437721088,5003074830336,6637109248,-1,-1,-1
2798,2,700,7,16,16,64975.993455,65056.630010,79.234651,0x4051ce,1,11044346,6990723,4053623,46,100.000000,1,1,80.768614,1.200000,0.800000,monitor,15,7fff,1,1,84795392,81641472,-3153920,4996437721088,5003074830336,6637109248,4996437721088,5003074830336,6637109248,-1,-1,-1
2798,2,700,8,16,16,64975.971552,65056.630023,79.007956,0x4051ce,1,10988461,6794811,4193650,48,100.000000,1,1,80.768614,1.200000,0.800000,monitor,15,7fff,1,1,84795392,81641472,-3153920,4996437721088,5003074830336,6637109248,4996437721088,5003074830336,6637109248,-1,-1,-1
2798,2,700,9,16,16,64976.020087,65056.584801,75.710194,0x4051ce,1,10522219,6552585,3969634,50,100.000000,1,1,80.768614,1.200000,0.800000,monitor,15,7fff,1,1,84795392,81641472,-3153920,4996437721088,5003074830336,6637109248,4996437721088,5003074830336,6637109248,-1,-1,-1
2798,2,700,10,16,16,64976.155383,65056.622344,79.033608,0x4051ce,1,10926234,7042800,3883434,52,100.000000,1,1,80.768614,1.200000,0.800000,monitor,15,7fff,1,1,84795392,81641472,-3153920,4996437721088,5003074830336,6637109248,4996437721088,5003074830336,6637109248,-1,-1,-1
2798,2,700,11,16,16,64975.975919,65056.642991,78.773313,0x4051ce,1,10867775,6890088,3977687,54,100.000000,1,1,80.768614,1.200000,0.800000,monitor,15,7fff,1,1,84795392,81641472,-3153920,4996437721088,5003074830336,6637109248,4996437721088,5003074830336,6637109248,-1,-1,-1
2798,2,700,12,16,16,64975.960433,65055.946499,36.540176,0x4051ce,1,5458573,4000633,1457940,56,100.000000,1,1,80.768614,1.200000,0.800000,monitor,15,7fff,1,1,84795392,81641472,-3153920,4996437721088,5003074830336,6637109248,4996437721088,5003074830336,6637109248,-1,-1,-1
2798,2,700,13,16,16,64975.988892,65055.910672,33.300147,0x4051ce,1,5617101,3063740,2553361,58,100.000000,1,1,80.768614,1.200000,0.800000,monitor,15,7fff,1,1,84795392,81641472,-3153920,4996437721088,5003074830336,6637109248,4996437721088,5003074830336,6637109248,-1,-1,-1
2798,2,700,14,16,16,64976.017000,65055.746263,28.551517,0x4051ce,1,5660811,1688749,3972062,60,100.000000,1,1,80.768614,1.200000,0.800000,monitor,15,7fff,1,1,84795392,81641472,-3153920,4996437721088,5003074830336,6637109248,4996437721088,5003074830336,6637109248,-1,-1,-1
2798,2,700,15,16,16,64975.980802,65055.796574,28.973988,0x4051ce,1,5577232,1749828,3827404,62,100.000000,1,1,80.768614,1.200000,0.800000,monitor,15,7fff,1,1,84795392,81641472,-3153920,4996437721088,5003074830336,6637109248,4996437721088,5003074830336,6637109248,-1,-1,-1
2799,3,700,0,16,16,65056.984698,65057.112810,0.128112,0x405218,1,5743,3131,2612,32,100.000000,1,1,1.522763,1.200000,0.800000,monitor,15,7fff,1,1,84525056,83263488,-1261568,5003080777728,5003093483520,12705792,5003081678848,5003093483520,11804672,-1,-1,-1
2799,3,700,1,16,16,65057.246809,65057.332023,0.085214,0x405218,1,4884,2744,2140,34,100.000000,1,1,1.522763,1.200000,0.800000,monitor,15,7fff,1,1,84525056,83263488,-1261568,5003080777728,5003093483520,12705792,5003081678848,5003093483520,11804672,-1,-1,-1
2799,3,700,2,16,16,65058.313111,65058.413532,0.100421,0x405218,1,7501,2947,4554,36,100.000000,1,1,1.522763,1.200000,0.800000,monitor,15,7fff,1,1,84525056,83263488,-1261568,5003080777728,5003093483520,12705792,5003081678848,5003093483520,11804672,-1,-1,-1
2799,3,700,3,16,16,65057.423137,65057.542399,0.119262,0x405218,1,7558,3815,3743,38,100.000000,1,1,1.522763,1.200000,0.800000,monitor,15,7fff,1,1,84525056,83263488,-1261568,5003080777728,5003093483520,12705792,5003081678848,5003093483520,11804672,-1,-1,-1
2799,3,700,4,16,16,65057.904070,65058.098118,0.194048,0x405218,1,12757,5633,7124,40,100.000000,1,1,1.522763,1.200000,0.800000,monitor,15,7fff,1,1,84525056,83263488,-1261568,5003080777728,5003093483520,12705792,5003081678848,5003093483520,11804672,-1,-1,-1
2799,3,700,5,16,16,65056.995184,65057.182580,0.187396,0x405218,1,10976,6194,4782,42,100.000000,1,1,1.522763,1.200000,0.800000,monitor,15,7fff,1,1,84525056,83263488,-1261568,5003080777728,5003093483520,12705792,5003081678848,5003093483520,11804672,-1,-1,-1
2799,3,700,6,16,16,65058.161871,65058.362150,0.200279,0x405218,1,12525,6325,6200,44,100.000000,1,1,1.522763,1.200000,0.800000,monitor,15,7fff,1,1,84525056,83263488,-1261568,5003080777728,5003093483520,12705792,5003081678848,5003093483520,11804672,-1,-1,-1
2799,3,700,7,16,16,65056.992558,65057.263058,0.270500,0x405218,1,10844,5618,5226,46,100.000000,1,1,1.522763,1.200000,0.800000,monitor,15,7fff,1,1,84525056,83263488,-1261568,5003080777728,5003093483520,12705792,5003081678848,5003093483520,11804672,-1,-1,-1
2799,3,700,8,16,16,65057.285147,65057.469810,0.184663,0x405218,1,11115,6137,4978,48,100.000000,1,1,1.522763,1.200000,0.800000,monitor,15,7fff,1,1,84525056,83263488,-1261568,5003080777728,5003093483520,12705792,5003081678848,5003093483520,11804672,-1,-1,-1
2799,3,700,9,16,16,65058.295817,65058.500857,0.205040,0x405218,1,12048,6515,5533,50,100.000000,1,1,1.522763,1.200000,0.800000,monitor,15,7fff,1,1,84525056,83263488,-1261568,5003080777728,5003093483520,12705792,5003081678848,5003093483520,11804672,-1,-1,-1
2799,3,700,10,16,16,65058.033841,65058.221018,0.187177,0x405218,1,12453,6261,6192,52,100.000000,1,1,1.522763,1.200000,0.800000,monitor,15,7fff,1,1,84525056,83263488,-1261568,5003080777728,5003093483520,12705792,5003081678848,5003093483520,11804672,-1,-1,-1
2799,3,700,11,16,16,65057.752635,65057.940466,0.187831,0x405218,1,12283,5886,6397,54,100.000000,1,1,1.522763,1.200000,0.800000,monitor,15,7fff,1,1,84525056,83263488,-1261568,5003080777728,5003093483520,12705792,5003081678848,5003093483520,11804672,-1,-1,-1
2799,3,700,12,16,16,65056.978094,65057.088952,0.110858,0x405218,1,4531,3582,949,56,100.000000,1,1,1.522763,1.200000,0.800000,monitor,15,7fff,1,1,84525056,83263488,-1261568,5003080777728,5003093483520,12705792,5003081678848,5003093483520,11804672,-1,-1,-1
2799,3,700,13,16,16,65057.557976,65057.655957,0.097981,0x405218,1,7491,2558,4933,58,100.000000,1,1,1.522763,1.200000,0.800000,monitor,15,7fff,1,1,84525056,83263488,-1261568,5003080777728,5003093483520,12705792,5003081678848,5003093483520,11804672,-1,-1,-1
2799,3,700,14,16,16,65057.245629,65057.339771,0.094142,0x405218,1,7647,2442,5205,60,100.000000,1,1,1.522763,1.200000,0.800000,monitor,15,7fff,1,1,84525056,83263488,-1261568,5003080777728,5003093483520,12705792,5003081678848,5003093483520,11804672,-1,-1,-1
2799,3,700,15,16,16,65057.276862,65057.366972,0.090110,0x405218,1,7218,2488,4730,62,100.000000,1,1,1.522763,1.200000,0.800000,monitor,15,7fff,1,1,84525056,83263488,-1261568,5003080777728,5003093483520,12705792,5003081678848,5003093483520,11804672,-1,-1,-1
2800,4,700,0,16,16,65059.339099,65059.367696,0.028597,0x4052e4,1,2578,849,1729,32,100.000000,1,1,0.572851,1.200000,0.800000,monitor,15,7fff,1,1,84344832,83533824,-811008,5003098529792,5003099791360,1261568,5003098529792,5003099791360,1261568,-1,-1,-1
2800,4,700,1,16,16,65058.805660,65058.831516,0.025856,0x4052e4,1,2419,124,2295,34,100.000000,1,1,0.572851,1.200000,0.800000,monitor,15,7fff,1,1,84344832,83533824,-811008,5003098529792,5003099791360,1261568,5003098529792,5003099791360,1261568,-1,-1,-1
2800,4,700,2,16,16,65059.023812,65059.044442,0.020630,0x4052e4,1,854,293,561,36,100.000000,1,1,0.572851,1.200000,0.800000,monitor,15,7fff,1,1,84344832,83533824,-811008,5003098529792,5003099791360,1261568,5003098529792,5003099791360,1261568,-1,-1,-1
2800,4,700,3,16,16,65059.055444,65059.077370,0.021926,0x4052e4,1,901,406,495,38,100.000000,1,1,0.572851,1.200000,0.800000,monitor,15,7fff,1,1,84344832,83533824,-811008,5003098529792,5003099791360,1261568,5003098529792,5003099791360,1261568,-1,-1,-1
2800,4,700,4,16,16,65059.031450,65059.055319,0.023869,0x4052e4,1,586,327,259,40,100.000000,1,1,0.572851,1.200000,0.800000,monitor,15,7fff,1,1,84344832,83533824,-811008,5003098529792,5003099791360,1261568,5003098529792,5003099791360,1261568,-1,-1,-1
2800,4,700,5,16,16,65059.203826,65059.226025,0.022199,0x4052e4,1,292,213,79,42,100.000000,1,1,0.572851,1.200000,0.800000,monitor,15,7fff,1,1,84344832,83533824,-811008,5003098529792,5003099791360,1261568,5003098529792,5003099791360,1261568,-1,-1,-1
2800,4,700,6,16,16,65058.799764,65058.824314,0.024550,0x4052e4,1,698,398,300,44,100.000000,1,1,0.572851,1.200000,0.800000,monitor,15,7fff,1,1,84344832,83533824,-811008,5003098529792,5003099791360,1261568,5003098529792,5003099791360,1261568,-1,-1,-1
2800,4,700,7,16,16,65059.021286,65059.049073,0.027787,0x4052e4,1,3229,678,2551,46,100.000000,1,1,0.572851,1.200000,0.800000,monitor,15,7fff,1,1,84344832,83533824,-811008,5003098529792,5003099791360,1261568,5003098529792,5003099791360,1261568,-1,-1,-1
2800,4,700,8,16,16,65058.794845,65058.817504,0.022659,0x4052e4,1,395,307,88,48,100.000000,1,1,0.572851,1.200000,0.800000,monitor,15,7fff,1,1,84344832,83533824,-811008,5003098529792,5003099791360,1261568,5003098529792,5003099791360,1261568,-1,-1,-1
2800,4,700,9,16,16,65059.040281,65059.064648,0.024367,0x4052e4,1,696,341,355,50,100.000000,1,1,0.572851,1.200000,0.800000,monitor,15,7fff,1,1,84344832,83533824,-811008,5003098529792,5003099791360,1261568,5003098529792,5003099791360,1261568,-1,-1,-1
2800,4,700,10,16,16,65058.810565,65058.834660,0.024095,0x4052e4,1,744,371,373,52,100.000000,1,1,0.572851,1.200000,0.800000,monitor,15,7fff,1,1,84344832,83533824,-811008,5003098529792,5003099791360,1261568,5003098529792,5003099791360,1261568,-1,-1,-1
2800,4,700,11,16,16,65059.063112,65059.087193,0.024081,0x4052e4,1,880,344,536,54,100.000000,1,1,0.572851,1.200000,0.800000,monitor,15,7fff,1,1,84344832,83533824,-811008,5003098529792,5003099791360,1261568,5003098529792,5003099791360,1261568,-1,-1,-1
2800,4,700,12,16,16,65059.200093,65059.222892,0.022799,0x4052e4,1,2705,247,2458,56,100.000000,1,1,0.572851,1.200000,0.800000,monitor,15,7fff,1,1,84344832,83533824,-811008,5003098529792,5003099791360,1261568,5003098529792,5003099791360,1261568,-1,-1,-1
2800,4,700,13,16,16,65058.804759,65058.826292,0.021533,0x4052e4,1,847,279,568,58,100.000000,1,1,0.572851,1.200000,0.800000,monitor,15,7fff,1,1,84344832,83533824,-811008,5003098529792,5003099791360,1261568,5003098529792,5003099791360,1261568,-1,-1,-1
2800,4,700,14,16,16,65058.809159,65058.830955,0.021796,0x4052e4,1,1153,426,727,60,100.000000,1,1,0.572851,1.200000,0.800000,monitor,15,7fff,1,1,84344832,83533824,-811008,5003098529792,5003099791360,1261568,5003098529792,5003099791360,1261568,-1,-1,-1
2800,4,700,15,16,16,65059.047939,65059.069675,0.021736,0x4052e4,1,1233,316,917,62,100.000000,1,1,0.572851,1.200000,0.800000,monitor,15,7fff,1,1,84344832,83533824,-811008,5003098529792,5003099791360,1261568,5003098529792,5003099791360,1261568,-1,-1,-1
2801,5,700,0,16,16,65059.588006,65059.607834,0.019828,0x40533c,1,820,73,747,32,100.000000,1,1,0.100402,1.200000,0.800000,monitor,15,7fff,1,1,83623936,83714048,90112,5003100782592,5003101233152,450560,5003100872704,5003101233152,360448,-1,-1,-1
2801,5,700,1,16,16,65059.580237,65059.599126,0.018889,0x40533c,1,39,2,37,34,100.000000,1,1,0.100402,1.200000,0.800000,monitor,15,7fff,1,1,83623936,83714048,90112,5003100782592,5003101233152,450560,5003100872704,5003101233152,360448,-1,-1,-1
2801,5,700,2,16,16,65059.548732,65059.567657,0.018925,0x40533c,1,62,15,47,36,100.000000,1,1,0.100402,1.200000,0.800000,monitor,15,7fff,1,1,83623936,83714048,90112,5003100782592,5003101233152,450560,5003100872704,5003101233152,360448,-1,-1,-1
2801,5,700,3,16,16,65059.552236,65059.571272,0.019036,0x40533c,1,23,0,23,38,100.000000,1,1,0.100402,1.200000,0.800000,monitor,15,7fff,1,1,83623936,83714048,90112,5003100782592,5003101233152,450560,5003100872704,5003101233152,360448,-1,-1,-1
2801,5,700,4,16,16,65059.564707,65059.590321,0.025614,0x40533c,1,356,213,143,40,100.000000,1,1,0.100402,1.200000,0.800000,monitor,15,7fff,1,1,83623936,83714048,90112,5003100782592,5003101233152,450560,5003100872704,5003101233152,360448,-1,-1,-1
2801,5,700,5,16,16,65059.616472,65059.649134,0.032662,0x40533c,1,1862,81,1781,42,100.000000,1,1,0.100402,1.200000,0.800000,monitor,15,7fff,1,1,83623936,83714048,90112,5003100782592,5003101233152,450560,5003100872704,5003101233152,360448,-1,-1,-1
2801,5,700,6,16,16,65059.573732,65059.598870,0.025138,0x40533c,1,434,169,265,44,100.000000,1,1,0.100402,1.200000,0.800000,monitor,15,7fff,1,1,83623936,83714048,90112,5003100782592,5003101233152,450560,5003100872704,5003101233152,360448,-1,-1,-1
2801,5,700,7,16,16,65059.561220,65059.588349,0.027129,0x40533c,1,1463,440,1023,46,100.000000,1,1,0.100402,1.200000,0.800000,monitor,15,7fff,1,1,83623936,83714048,90112,5003100782592,5003101233152,450560,5003100872704,5003101233152,360448,-1,-1,-1
2801,5,700,8,16,16,65059.563398,65059.596062,0.032664,0x40533c,1,1817,27,1790,48,100.000000,1,1,0.100402,1.200000,0.800000,monitor,15,7fff,1,1,83623936,83714048,90112,5003100782592,5003101233152,450560,5003100872704,5003101233152,360448,-1,-1,-1
2801,5,700,9,16,16,65059.593302,65059.619066,0.025764,0x40533c,1,437,168,269,50,100.000000,1,1,0.100402,1.200000,0.800000,monitor,15,7fff,1,1,83623936,83714048,90112,5003100782592,5003101233152,450560,5003100872704,5003101233152,360448,-1,-1,-1
2801,5,700,10,16,16,65059.556615,65059.582316,0.025701,0x40533c,1,537,151,386,52,100.000000,1,1,0.100402,1.200000,0.800000,monitor,15,7fff,1,1,83623936,83714048,90112,5003100782592,5003101233152,450560,5003100872704,5003101233152,360448,-1,-1,-1
2801,5,700,11,16,16,65059.579596,65059.604702,0.025106,0x40533c,1,454,177,277,54,100.000000,1,1,0.100402,1.200000,0.800000,monitor,15,7fff,1,1,83623936,83714048,90112,5003100782592,5003101233152,450560,5003100872704,5003101233152,360448,-1,-1,-1
2801,5,700,12,16,16,65059.568307,65059.587437,0.019130,0x40533c,1,368,33,335,56,100.000000,1,1,0.100402,1.200000,0.800000,monitor,15,7fff,1,1,83623936,83714048,90112,5003100782592,5003101233152,450560,5003100872704,5003101233152,360448,-1,-1,-1
2801,5,700,13,16,16,65059.599883,65059.618734,0.018851,0x40533c,1,41,5,36,58,100.000000,1,1,0.100402,1.200000,0.800000,monitor,15,7fff,1,1,83623936,83714048,90112,5003100782592,5003101233152,450560,5003100872704,5003101233152,360448,-1,-1,-1
2801,5,700,14,16,16,65059.569243,65059.588252,0.019009,0x40533c,1,38,1,37,60,100.000000,1,1,0.100402,1.200000,0.800000,monitor,15,7fff,1,1,83623936,83714048,90112,5003100782592,5003101233152,450560,5003100872704,5003101233152,360448,-1,-1,-1
2801,5,700,15,16,16,65059.573850,65059.592709,0.018859,0x40533c,1,49,8,41,62,100.000000,1,1,0.100402,1.200000,0.800000,monitor,15,7fff,1,1,83623936,83714048,90112,5003100782592,5003101233152,450560,5003100872704,5003101233152,360448,-1,-1,-1
