elapsed_s,avg_power_w,energy_j
1258.415150879,4.17489,5253.74
