parallel_id,region_id,region_exec,thread_id,team_size,requested_threads,start_ms,end_ms,elapsed_ms,codeptr,pmu_valid,pmu_llc_references,pmu_llc_misses,pmu_llc_hits
398,2,100,0,16,16,9716.885868,9804.791730,35.029231,0x4051ce,1,4794493,3042729,1751764
398,2,100,1,16,16,9716.765445,9804.779788,40.716378,0x4051ce,1,5401415,4194921,1206494
398,2,100,2,16,16,9717.180804,9804.733996,40.997459,0x4051ce,1,5435297,4344661,1090636
398,2,100,3,16,16,9717.423896,9804.784533,41.545879,0x4051ce,1,5433034,4335480,1097554
398,2,100,4,16,16,9718.183115,9805.573399,86.743820,0x4051ce,1,11616685,7559567,4057118
398,2,100,5,16,16,9718.466191,9805.571214,86.286344,0x4051ce,1,11751344,7286589,4464755
398,2,100,6,16,16,9716.635271,9805.469020,83.002036,0x4051ce,1,11337090,6919657,4417433
398,2,100,7,16,16,9717.546023,9805.531753,85.751232,0x4051ce,1,11793261,7238562,4554699
398,2,100,8,16,16,9717.307397,9805.527039,85.474725,0x4051ce,1,11813575,7159471,4654104
398,2,100,9,16,16,9717.022770,9805.512260,83.090168,0x4051ce,1,11302504,6922283,4380221
398,2,100,10,16,16,9718.022799,9805.516257,84.557876,0x4051ce,1,11743249,7291897,4451352
398,2,100,11,16,16,9716.407934,9805.538514,85.376173,0x4051ce,1,11718340,7142727,4575613
398,2,100,12,16,16,9716.514811,9804.707939,39.255964,0x4051ce,1,5531499,3645881,1885618
398,2,100,13,16,16,9717.728575,9804.686163,39.847730,0x4051ce,1,5494641,3662554,1832087
398,2,100,14,16,16,9718.314418,9804.692364,38.959660,0x4051ce,1,5494542,3692500,1802042
398,2,100,15,16,16,9717.874094,9804.618285,34.856303,0x4051ce,1,5484930,2875095,2609835
399,3,100,0,16,16,9805.676996,9805.782965,0.105969,0x405218,1,5203,3096,2107
399,3,100,1,16,16,9805.677358,9805.798091,0.120733,0x405218,1,4866,3671,1195
399,3,100,2,16,16,9805.677520,9805.808824,0.131304,0x405218,1,5308,4229,1079
399,3,100,3,16,16,9805.677081,9805.798893,0.121812,0x405218,1,5236,4157,1079
399,3,100,4,16,16,9805.677789,9805.908107,0.230318,0x405218,1,11221,6714,4507
399,3,100,5,16,16,9805.677735,9805.911732,0.233997,0x405218,1,11426,6887,4539
399,3,100,6,16,16,9805.679270,9805.923214,0.243944,0x405218,1,11310,6715,4595
399,3,100,7,16,16,9805.677586,9805.914982,0.237396,0x405218,1,11533,6902,4631
399,3,100,8,16,16,9805.678270,9805.911897,0.233627,0x405218,1,11439,6600,4839
399,3,100,9,16,16,9805.677617,9805.914156,0.236539,0x405218,1,11310,6775,4535
399,3,100,10,16,16,9805.677405,9805.903800,0.226395,0x405218,1,11414,6809,4605
399,3,100,11,16,16,9805.677410,9805.908086,0.230676,0x405218,1,11431,6582,4849
399,3,100,12,16,16,9805.677206,9805.797143,0.119937,0x405218,1,5720,3411,2309
399,3,100,13,16,16,9805.677599,9805.807952,0.130353,0x405218,1,5615,4105,1510
399,3,100,14,16,16,9805.677339,9805.809317,0.131978,0x405218,1,5621,4233,1388
399,3,100,15,16,16,9805.677666,9805.785077,0.107411,0x405218,1,5754,3392,2362
400,4,100,0,16,16,9806.090921,9806.116527,0.025606,0x4052e4,1,1376,814,562
400,4,100,1,16,16,9806.089728,9806.109464,0.019736,0x4052e4,1,167,117,50
400,4,100,2,16,16,9806.089517,9806.110174,0.020657,0x4052e4,1,174,117,57
400,4,100,3,16,16,9806.089535,9806.109838,0.020303,0x4052e4,1,232,176,56
400,4,100,4,16,16,9806.090033,9806.112638,0.022605,0x4052e4,1,331,239,92
400,4,100,5,16,16,9806.090273,9806.112232,0.021959,0x4052e4,1,409,301,108
400,4,100,6,16,16,9806.089961,9806.112559,0.022598,0x4052e4,1,354,275,79
400,4,100,7,16,16,9806.090425,9806.113136,0.022711,0x4052e4,1,455,320,135
400,4,100,8,16,16,9806.089779,9806.112113,0.022334,0x4052e4,1,380,269,111
400,4,100,9,16,16,9806.089836,9806.112694,0.022858,0x4052e4,1,341,258,83
400,4,100,10,16,16,9806.089695,9806.111743,0.022048,0x4052e4,1,386,282,104
400,4,100,11,16,16,9806.089800,9806.112022,0.022222,0x4052e4,1,366,271,95
400,4,100,12,16,16,9806.089445,9806.109421,0.019976,0x4052e4,1,202,148,54
400,4,100,13,16,16,9806.089814,9806.109597,0.019783,0x4052e4,1,161,117,44
400,4,100,14,16,16,9806.089558,9806.109293,0.019735,0x4052e4,1,198,128,70
400,4,100,15,16,16,9806.090037,9806.110141,0.020104,0x4052e4,1,252,194,58
401,5,100,0,16,16,9806.144093,9806.163161,0.019068,0x40533c,1,36,5,31
401,5,100,1,16,16,9806.143900,9806.163707,0.019807,0x40533c,1,124,84,40
401,5,100,2,16,16,9806.143965,9806.162951,0.018986,0x40533c,1,82,46,36
401,5,100,3,16,16,9806.143689,9806.162480,0.018791,0x40533c,1,59,32,27
401,5,100,4,16,16,9806.143797,9806.167630,0.023833,0x40533c,1,601,317,284
401,5,100,5,16,16,9806.144363,9806.168187,0.023824,0x40533c,1,546,272,274
401,5,100,6,16,16,9806.144771,9806.181580,0.036809,0x40533c,1,536,204,332
401,5,100,7,16,16,9806.144037,9806.167838,0.023801,0x40533c,1,624,279,345
401,5,100,8,16,16,9806.143574,9806.167118,0.023544,0x40533c,1,747,408,339
401,5,100,9,16,16,9806.144184,9806.167585,0.023401,0x40533c,1,468,127,341
401,5,100,10,16,16,9806.143801,9806.168564,0.024763,0x40533c,1,591,297,294
401,5,100,11,16,16,9806.143753,9806.167775,0.024022,0x40533c,1,530,155,375
401,5,100,12,16,16,9806.143506,9806.162756,0.019250,0x40533c,1,67,46,21
401,5,100,13,16,16,9806.143739,9806.163191,0.019452,0x40533c,1,109,78,31
401,5,100,14,16,16,9806.143638,9806.162795,0.019157,0x40533c,1,102,48,54
401,5,100,15,16,16,9806.143520,9806.162377,0.018857,0x40533c,1,53,29,24
798,2,200,0,16,16,18893.960314,18983.792824,35.628051,0x4051ce,1,4798737,3056578,1742159
798,2,200,1,16,16,18893.959383,18983.772957,41.247401,0x4051ce,1,5388572,4205638,1182934
798,2,200,2,16,16,18893.959707,18983.720878,41.583136,0x4051ce,1,5427281,4353286,1073995
798,2,200,3,16,16,18893.958297,18983.789681,42.238216,0x4051ce,1,5428519,4353170,1075349
798,2,200,4,16,16,18893.958790,18984.652913,90.403104,0x4051ce,1,11980138,7837672,4142466
798,2,200,5,16,16,18893.958830,18984.642090,90.035219,0x4051ce,1,12108343,7552394,4555949
798,2,200,6,16,16,18893.958928,18984.543081,86.298795,0x4051ce,1,11664859,7221831,4443028
798,2,200,7,16,16,18893.958880,18984.609389,89.252578,0x4051ce,1,12148415,7534506,4613909
798,2,200,8,16,16,18893.960874,18984.603878,88.747736,0x4051ce,1,12164805,7479053,4685752
798,2,200,9,16,16,18893.959076,18984.583637,86.317512,0x4051ce,1,11628854,7194894,4433960
798,2,200,10,16,16,18893.959236,18984.587519,87.988430,0x4051ce,1,12103187,7547638,4555549
798,2,200,11,16,16,18893.959847,18984.615582,88.931963,0x4051ce,1,12094698,7516969,4577729
798,2,200,12,16,16,18893.958563,18983.717117,39.845967,0x4051ce,1,5527390,3652198,1875192
798,2,200,13,16,16,18893.958236,18983.687364,40.500833,0x4051ce,1,5488624,3709087,1779537
798,2,200,14,16,16,18893.958436,18983.687300,39.452889,0x4051ce,1,5477507,3733303,1744204
798,2,200,15,16,16,18893.959005,18983.612353,35.235710,0x4051ce,1,5467805,2905575,2562230
799,3,200,0,16,16,18984.727256,18984.843932,0.116676,0x405218,1,5168,3217,1951
799,3,200,1,16,16,18984.727045,18984.854633,0.127588,0x405218,1,4481,3338,1143
799,3,200,2,16,16,18984.726887,18984.852718,0.125831,0x405218,1,4847,3694,1153
799,3,200,3,16,16,18984.727063,18984.848457,0.121394,0x405218,1,4888,3816,1072
799,3,200,4,16,16,18984.727482,18984.968880,0.241398,0x405218,1,11516,7083,4433
799,3,200,5,16,16,18984.727538,18984.976116,0.248578,0x405218,1,11720,7053,4667
799,3,200,6,16,16,18984.729255,18984.992997,0.263742,0x405218,1,11557,7034,4523
799,3,200,7,16,16,18984.727519,18984.979190,0.251671,0x405218,1,11774,7206,4568
799,3,200,8,16,16,18984.727597,18984.971216,0.243619,0x405218,1,11741,6850,4891
799,3,200,9,16,16,18984.727458,18984.967713,0.240255,0x405218,1,11551,6783,4768
799,3,200,10,16,16,18984.727831,18984.966844,0.239013,0x405218,1,11761,7094,4667
799,3,200,11,16,16,18984.727243,18984.967163,0.239920,0x405218,1,11653,6733,4920
799,3,200,12,16,16,18984.727008,18984.853227,0.126219,0x405218,1,5297,2911,2386
799,3,200,13,16,16,18984.727491,18984.867492,0.140001,0x405218,1,5098,3979,1119
799,3,200,14,16,16,18984.726938,18984.859323,0.132385,0x405218,1,5118,3963,1155
799,3,200,15,16,16,18984.727237,18984.843068,0.115831,0x405218,1,5699,3544,2155
800,4,200,0,16,16,18985.163154,18985.189708,0.026554,0x4052e4,1,1436,828,608
800,4,200,1,16,16,18985.161931,18985.183594,0.021663,0x4052e4,1,86,48,38
800,4,200,2,16,16,18985.161365,18985.183022,0.021657,0x4052e4,1,129,74,55
800,4,200,3,16,16,18985.161543,18985.182565,0.021022,0x4052e4,1,158,110,48
800,4,200,4,16,16,18985.161858,18985.184282,0.022424,0x4052e4,1,279,194,85
800,4,200,5,16,16,18985.161948,18985.184688,0.022740,0x4052e4,1,393,282,111
800,4,200,6,16,16,18985.162005,18985.184982,0.022977,0x4052e4,1,338,268,70
800,4,200,7,16,16,18985.161816,18985.185667,0.023851,0x4052e4,1,333,257,76
800,4,200,8,16,16,18985.161704,18985.185603,0.023899,0x4052e4,1,337,262,75
800,4,200,9,16,16,18985.162106,18985.185414,0.023308,0x4052e4,1,296,230,66
800,4,200,10,16,16,18985.161977,18985.185105,0.023128,0x4052e4,1,317,240,77
800,4,200,11,16,16,18985.162036,18985.185525,0.023489,0x4052e4,1,354,264,90
800,4,200,12,16,16,18985.161406,18985.183126,0.021720,0x4052e4,1,137,88,49
800,4,200,13,16,16,18985.161827,18985.182966,0.021139,0x4052e4,1,91,50,41
800,4,200,14,16,16,18985.161355,18985.182301,0.020946,0x4052e4,1,88,52,36
800,4,200,15,16,16,18985.161439,18985.182594,0.021155,0x4052e4,1,175,112,63
801,5,200,0,16,16,18985.228401,18985.249062,0.020661,0x40533c,1,50,3,47
801,5,200,1,16,16,18985.228944,18985.249237,0.020293,0x40533c,1,110,69,41
801,5,200,2,16,16,18985.228691,18985.248939,0.020248,0x40533c,1,59,30,29
801,5,200,3,16,16,18985.228425,18985.248475,0.020050,0x40533c,1,59,29,30
801,5,200,4,16,16,18985.228599,18985.254357,0.025758,0x40533c,1,692,387,305
801,5,200,5,16,16,18985.228971,18985.254680,0.025709,0x40533c,1,515,295,220
801,5,200,6,16,16,18985.229492,18985.268855,0.039363,0x40533c,1,538,201,337
801,5,200,7,16,16,18985.228770,18985.252979,0.024209,0x40533c,1,648,319,329
801,5,200,8,16,16,18985.228662,18985.254096,0.025434,0x40533c,1,784,442,342
801,5,200,9,16,16,18985.228737,18985.253583,0.024846,0x40533c,1,571,168,403
801,5,200,10,16,16,18985.228961,18985.254304,0.025343,0x40533c,1,593,318,275
801,5,200,11,16,16,18985.228414,18985.253388,0.024974,0x40533c,1,588,180,408
801,5,200,12,16,16,18985.228298,18985.248459,0.020161,0x40533c,1,108,61,47
801,5,200,13,16,16,18985.228347,18985.248438,0.020091,0x40533c,1,122,87,35
801,5,200,14,16,16,18985.228668,18985.249104,0.020436,0x40533c,1,119,85,34
801,5,200,15,16,16,18985.228815,18985.249977,0.021162,0x40533c,1,88,61,27
1198,2,300,0,16,16,28154.223840,28243.337941,35.509271,0x4051ce,1,4784398,3048052,1736346
1198,2,300,1,16,16,28154.222002,28243.319963,41.350686,0x4051ce,1,5380964,4200154,1180810
1198,2,300,2,16,16,28154.221879,28243.273227,41.610883,0x4051ce,1,5416886,4347853,1069033
1198,2,300,3,16,16,28154.221817,28243.323491,42.186008,0x4051ce,1,5419549,4346079,1073470
1198,2,300,4,16,16,28154.222952,28244.185206,89.756585,0x4051ce,1,11975629,7833987,4141642
1198,2,300,5,16,16,28154.222228,28244.181735,89.177369,0x4051ce,1,12099755,7542835,4556920
1198,2,300,6,16,16,28154.222680,28244.084000,85.543154,0x4051ce,1,11656572,7210794,4445778
1198,2,300,7,16,16,28154.222797,28244.147729,88.431795,0x4051ce,1,12138567,7517116,4621451
1198,2,300,8,16,16,28154.223339,28244.143212,87.935834,0x4051ce,1,12157592,7473992,4683600
1198,2,300,9,16,16,28154.222454,28244.120629,85.591701,0x4051ce,1,11613156,7194923,4418233
1198,2,300,10,16,16,28154.223085,28244.126232,87.190677,0x4051ce,1,12092234,7538783,4553451
1198,2,300,11,16,16,28154.223257,28244.165910,88.347168,0x4051ce,1,12086453,7512905,4573548
1198,2,300,12,16,16,28154.222214,28243.254036,39.771660,0x4051ce,1,5516723,3637983,1878740
1198,2,300,13,16,16,28154.223583,28243.224657,40.516248,0x4051ce,1,5485882,3704530,1781352
1198,2,300,14,16,16,28154.222131,28243.227844,39.418616,0x4051ce,1,5469272,3722718,1746554
1198,2,300,15,16,16,28154.222214,28243.162754,35.273923,0x4051ce,1,5466107,2899624,2566483
1199,3,300,0,16,16,28244.250793,28244.361930,0.111137,0x405218,1,5079,3127,1952
1199,3,300,1,16,16,28244.250309,28244.375125,0.124816,0x405218,1,4417,3315,1102
1199,3,300,2,16,16,28244.250463,28244.381895,0.131432,0x405218,1,4837,3701,1136
1199,3,300,3,16,16,28244.250389,28244.377537,0.127148,0x405218,1,4744,3732,1012
1199,3,300,4,16,16,28244.251167,28244.491478,0.240311,0x405218,1,11550,7151,4399
1199,3,300,5,16,16,28244.250952,28244.491032,0.240080,0x405218,1,11716,6983,4733
1199,3,300,6,16,16,28244.252626,28244.512044,0.259418,0x405218,1,11607,6952,4655
1199,3,300,7,16,16,28244.250716,28244.498236,0.247520,0x405218,1,11815,7118,4697
1199,3,300,8,16,16,28244.251143,28244.498047,0.246904,0x405218,1,11807,6961,4846
1199,3,300,9,16,16,28244.250893,28244.485407,0.234514,0x405218,1,11581,6918,4663
1199,3,300,10,16,16,28244.250925,28244.486704,0.235779,0x405218,1,11735,7172,4563
1199,3,300,11,16,16,28244.250555,28244.491227,0.240672,0x405218,1,11714,6830,4884
1199,3,300,12,16,16,28244.250387,28244.383998,0.133611,0x405218,1,5227,3805,1422
1199,3,300,13,16,16,28244.250436,28244.384422,0.133986,0x405218,1,5128,3785,1343
1199,3,300,14,16,16,28244.250336,28244.373616,0.123280,0x405218,1,5137,3367,1770
1199,3,300,15,16,16,28244.250867,28244.366842,0.115975,0x405218,1,5736,3584,2152
1200,4,300,0,16,16,28244.695654,28244.722872,0.027218,0x4052e4,1,1570,897,673
1200,4,300,1,16,16,28244.694289,28244.715478,0.021189,0x4052e4,1,144,79,65
1200,4,300,2,16,16,28244.693937,28244.715399,0.021462,0x4052e4,1,134,71,63
1200,4,300,3,16,16,28244.693821,28244.714870,0.021049,0x4052e4,1,164,104,60
1200,4,300,4,16,16,28244.694374,28244.717887,0.023513,0x4052e4,1,317,216,101
1200,4,300,5,16,16,28244.694321,28244.717027,0.022706,0x4052e4,1,357,275,82
1200,4,300,6,16,16,28244.694603,28244.717574,0.022971,0x4052e4,1,337,235,102
1200,4,300,7,16,16,28244.694500,28244.718539,0.024039,0x4052e4,1,359,273,86
1200,4,300,8,16,16,28244.694110,28244.717553,0.023443,0x4052e4,1,350,259,91
1200,4,300,9,16,16,28244.694708,28244.717820,0.023112,0x4052e4,1,325,252,73
1200,4,300,10,16,16,28244.694300,28244.718053,0.023753,0x4052e4,1,359,275,84
1200,4,300,11,16,16,28244.694058,28244.716688,0.022630,0x4052e4,1,336,239,97
1200,4,300,12,16,16,28244.693720,28244.714701,0.020981,0x4052e4,1,146,91,55
1200,4,300,13,16,16,28244.693832,28244.714450,0.020618,0x4052e4,1,96,57,39
1200,4,300,14,16,16,28244.694114,28244.714875,0.020761,0x4052e4,1,103,56,47
1200,4,300,15,16,16,28244.694144,28244.715770,0.021626,0x4052e4,1,183,119,64
1201,5,300,0,16,16,28244.749893,28244.770030,0.020137,0x40533c,1,26,0,26
1201,5,300,1,16,16,28244.750232,28244.770462,0.020230,0x40533c,1,92,55,37
1201,5,300,2,16,16,28244.750191,28244.770625,0.020434,0x40533c,1,59,25,34
1201,5,300,3,16,16,28244.750099,28244.770284,0.020185,0x40533c,1,82,42,40
1201,5,300,4,16,16,28244.750280,28244.775249,0.024969,0x40533c,1,632,331,301
1201,5,300,5,16,16,28244.749952,28244.775179,0.025227,0x40533c,1,549,316,233
1201,5,300,6,16,16,28244.751066,28244.790103,0.039037,0x40533c,1,546,205,341
1201,5,300,7,16,16,28244.750348,28244.775360,0.025012,0x40533c,1,555,280,275
1201,5,300,8,16,16,28244.750057,28244.774629,0.024572,0x40533c,1,806,433,373
1201,5,300,9,16,16,28244.749823,28244.775001,0.025178,0x40533c,1,478,141,337
1201,5,300,10,16,16,28244.749758,28244.775271,0.025513,0x40533c,1,719,374,345
1201,5,300,11,16,16,28244.749820,28244.774837,0.025017,0x40533c,1,609,143,466
1201,5,300,12,16,16,28244.749843,28244.770020,0.020177,0x40533c,1,99,65,34
1201,5,300,13,16,16,28244.750037,28244.770249,0.020212,0x40533c,1,128,88,40
1201,5,300,14,16,16,28244.749992,28244.770297,0.020305,0x40533c,1,99,64,35
1201,5,300,15,16,16,28244.749935,28244.770272,0.020337,0x40533c,1,119,86,33
1598,2,400,0,16,16,37405.017785,37494.389632,35.562102,0x4051ce,1,4794494,3051322,1743172
1598,2,400,1,16,16,37405.018128,37494.375788,41.352718,0x4051ce,1,5389428,4207464,1181964
1598,2,400,2,16,16,37405.017785,37494.326669,41.659342,0x4051ce,1,5424684,4358551,1066133
1598,2,400,3,16,16,37405.017910,37494.405551,42.210052,0x4051ce,1,5424968,4350580,1074388
1598,2,400,4,16,16,37405.017010,37495.231762,89.915191,0x4051ce,1,11942523,7804604,4137919
1598,2,400,5,16,16,37405.016819,37495.229299,89.302782,0x4051ce,1,12069280,7512357,4556923
1598,2,400,6,16,16,37405.017116,37495.134239,85.723615,0x4051ce,1,11624600,7178277,4446323
1598,2,400,7,16,16,37405.017859,37495.195608,88.785427,0x4051ce,1,12107915,7492262,4615653
1598,2,400,8,16,16,37405.017959,37495.188648,88.261701,0x4051ce,1,12128304,7446373,4681931
1598,2,400,9,16,16,37405.016844,37495.162361,85.774427,0x4051ce,1,11583301,7153649,4429652
1598,2,400,10,16,16,37405.016942,37495.173734,87.501610,0x4051ce,1,12064635,7518559,4546076
1598,2,400,11,16,16,37405.017957,37495.198335,88.047520,0x4051ce,1,12049444,7474052,4575392
1598,2,400,12,16,16,37405.017875,37494.302846,39.859662,0x4051ce,1,5523394,3649856,1873538
1598,2,400,13,16,16,37405.017592,37494.279248,40.419325,0x4051ce,1,5488082,3704158,1783924
1598,2,400,14,16,16,37405.016797,37494.278645,39.491246,0x4051ce,1,5473746,3732745,1741001
1598,2,400,15,16,16,37405.016993,37494.217305,35.237605,0x4051ce,1,5468115,2897313,2570802
1599,3,400,0,16,16,37495.301894,37495.419377,0.117483,0x405218,1,5128,3042,2086
1599,3,400,1,16,16,37495.301641,37495.426869,0.125228,0x405218,1,4541,3400,1141
1599,3,400,2,16,16,37495.302116,37495.434033,0.131917,0x405218,1,4890,3814,1076
1599,3,400,3,16,16,37495.301322,37495.428313,0.126991,0x405218,1,4903,3859,1044
1599,3,400,4,16,16,37495.302879,37495.539217,0.236338,0x405218,1,11501,6923,4578
1599,3,400,5,16,16,37495.302116,37495.543222,0.241106,0x405218,1,11707,6938,4769
1599,3,400,6,16,16,37495.303570,37495.567308,0.263738,0x405218,1,11554,6958,4596
1599,3,400,7,16,16,37495.302256,37495.550471,0.248215,0x405218,1,11807,7124,4683
1599,3,400,8,16,16,37495.302330,37495.546097,0.243767,0x405218,1,11683,6900,4783
1599,3,400,9,16,16,37495.302564,37495.540623,0.238059,0x405218,1,11523,6644,4879
1599,3,400,10,16,16,37495.302207,37495.534912,0.232705,0x405218,1,11691,7063,4628
1599,3,400,11,16,16,37495.302207,37495.538324,0.236117,0x405218,1,11646,6869,4777
1599,3,400,12,16,16,37495.301679,37495.430258,0.128579,0x405218,1,5237,3538,1699
1599,3,400,13,16,16,37495.302333,37495.434088,0.131755,0x405218,1,5170,3354,1816
1599,3,400,14,16,16,37495.302125,37495.432845,0.130720,0x405218,1,5142,4019,1123
1599,3,400,15,16,16,37495.302552,37495.417192,0.114640,0x405218,1,5738,3519,2219
1600,4,400,0,16,16,37495.737156,37495.763861,0.026705,0x4052e4,1,1482,859,623
1600,4,400,1,16,16,37495.735821,37495.756624,0.020803,0x4052e4,1,79,40,39
1600,4,400,2,16,16,37495.735486,37495.756439,0.020953,0x4052e4,1,104,42,62
1600,4,400,3,16,16,37495.735410,37495.757091,0.021681,0x4052e4,1,165,113,52
1600,4,400,4,16,16,37495.735849,37495.758382,0.022533,0x4052e4,1,276,185,91
1600,4,400,5,16,16,37495.735969,37495.758883,0.022914,0x4052e4,1,314,237,77
1600,4,400,6,16,16,37495.736103,37495.759085,0.022982,0x4052e4,1,353,268,85
1600,4,400,7,16,16,37495.736309,37495.760408,0.024099,0x4052e4,1,369,287,82
1600,4,400,8,16,16,37495.735684,37495.760605,0.024921,0x4052e4,1,392,289,103
1600,4,400,9,16,16,37495.736011,37495.759220,0.023209,0x4052e4,1,313,246,67
1600,4,400,10,16,16,37495.735809,37495.758673,0.022864,0x4052e4,1,325,251,74
1600,4,400,11,16,16,37495.735454,37495.758209,0.022755,0x4052e4,1,316,227,89
1600,4,400,12,16,16,37495.735137,37495.756433,0.021296,0x4052e4,1,165,108,57
1600,4,400,13,16,16,37495.735378,37495.756252,0.020874,0x4052e4,1,95,50,45
1600,4,400,14,16,16,37495.735251,37495.756139,0.020888,0x4052e4,1,75,43,32
1600,4,400,15,16,16,37495.735353,37495.756656,0.021303,0x4052e4,1,175,123,52
1601,5,400,0,16,16,37495.790527,37495.811070,0.020543,0x40533c,1,38,2,36
1601,5,400,1,16,16,37495.790208,37495.810534,0.020326,0x40533c,1,106,66,40
1601,5,400,2,16,16,37495.790292,37495.810811,0.020519,0x40533c,1,57,23,34
1601,5,400,3,16,16,37495.789953,37495.810947,0.020994,0x40533c,1,65,28,37
1601,5,400,4,16,16,37495.790136,37495.815124,0.024988,0x40533c,1,728,380,348
1601,5,400,5,16,16,37495.789974,37495.815255,0.025281,0x40533c,1,532,281,251
1601,5,400,6,16,16,37495.791194,37495.830776,0.039582,0x40533c,1,597,232,365
1601,5,400,7,16,16,37495.789712,37495.815254,0.025542,0x40533c,1,625,273,352
1601,5,400,8,16,16,37495.790803,37495.816055,0.025252,0x40533c,1,794,418,376
1601,5,400,9,16,16,37495.789926,37495.815663,0.025737,0x40533c,1,554,154,400
1601,5,400,10,16,16,37495.790416,37495.815785,0.025369,0x40533c,1,714,358,356
1601,5,400,11,16,16,37495.789666,37495.815020,0.025354,0x40533c,1,560,154,406
1601,5,400,12,16,16,37495.789931,37495.810292,0.020361,0x40533c,1,146,84,62
1601,5,400,13,16,16,37495.789914,37495.810121,0.020207,0x40533c,1,109,62,47
1601,5,400,14,16,16,37495.789766,37495.809967,0.020201,0x40533c,1,138,108,30
1601,5,400,15,16,16,37495.789709,37495.810338,0.020629,0x40533c,1,89,55,34
1998,2,500,0,16,16,46578.995207,46666.993719,35.430125,0x4051ce,1,4792329,3048401,1743928
1998,2,500,1,16,16,46578.995046,46666.973816,41.106307,0x4051ce,1,5384792,4200159,1184633
1998,2,500,2,16,16,46578.994285,46666.921623,41.493000,0x4051ce,1,5422587,4357249,1065338
1998,2,500,3,16,16,46578.994252,46666.984814,42.017240,0x4051ce,1,5424784,4350124,1074660
1998,2,500,4,16,16,46578.997488,46667.806782,88.526118,0x4051ce,1,11790360,7651467,4138893
1998,2,500,5,16,16,46578.994321,46667.802674,88.109252,0x4051ce,1,11910732,7351312,4559420
1998,2,500,6,16,16,46578.994347,46667.697231,84.484116,0x4051ce,1,11464957,7032791,4432166
1998,2,500,7,16,16,46578.996842,46667.777210,87.267124,0x4051ce,1,11956440,7327770,4628670
1998,2,500,8,16,16,46578.994798,46667.768247,86.783936,0x4051ce,1,11970918,7282541,4688377
1998,2,500,9,16,16,46578.994474,46667.738019,84.307883,0x4051ce,1,11425585,7021609,4403976
1998,2,500,10,16,16,46578.994662,46667.742334,86.088230,0x4051ce,1,11908432,7368452,4539980
1998,2,500,11,16,16,46578.995231,46667.781096,87.255703,0x4051ce,1,11896934,7323282,4573652
1998,2,500,12,16,16,46578.994437,46666.907141,39.607252,0x4051ce,1,5523031,3632058,1890973
1998,2,500,13,16,16,46578.994590,46666.874904,40.357266,0x4051ce,1,5486145,3689503,1796642
1998,2,500,14,16,16,46578.994344,46666.896111,39.391026,0x4051ce,1,5475693,3732935,1742758
1998,2,500,15,16,16,46578.994538,46666.801335,34.997840,0x4051ce,1,5465479,2881484,2583995
1999,3,500,0,16,16,46667.872874,46667.984568,0.111694,0x405218,1,5137,3002,2135
1999,3,500,1,16,16,46667.872647,46668.001184,0.128537,0x405218,1,4510,3336,1174
1999,3,500,2,16,16,46667.872570,46668.005588,0.133018,0x405218,1,4889,3798,1091
1999,3,500,3,16,16,46667.872571,46668.000220,0.127649,0x405218,1,4866,3797,1069
1999,3,500,4,16,16,46667.873174,46668.111416,0.238242,0x405218,1,11425,7071,4354
1999,3,500,5,16,16,46667.873159,46668.108354,0.235195,0x405218,1,11590,6877,4713
1999,3,500,6,16,16,46667.875106,46668.134755,0.259649,0x405218,1,11408,6932,4476
1999,3,500,7,16,16,46667.873261,46668.115762,0.242501,0x405218,1,11695,6998,4697
1999,3,500,8,16,16,46667.873372,46668.117870,0.244498,0x405218,1,11609,6702,4907
1999,3,500,9,16,16,46667.873303,46668.103428,0.230125,0x405218,1,11548,6616,4932
1999,3,500,10,16,16,46667.873148,46668.110338,0.237190,0x405218,1,11610,7032,4578
1999,3,500,11,16,16,46667.872786,46668.116716,0.243930,0x405218,1,11513,6651,4862
1999,3,500,12,16,16,46667.872652,46668.010316,0.137664,0x405218,1,5251,3875,1376
1999,3,500,13,16,16,46667.873040,46668.008300,0.135260,0x405218,1,5115,3751,1364
1999,3,500,14,16,16,46667.872833,46668.003457,0.130624,0x405218,1,5164,3300,1864
1999,3,500,15,16,16,46667.872971,46667.978056,0.105085,0x405218,1,5714,3366,2348
2000,4,500,0,16,16,46668.306588,46668.333510,0.026922,0x4052e4,1,1428,841,587
2000,4,500,1,16,16,46668.304694,46668.325788,0.021094,0x4052e4,1,109,59,50
2000,4,500,2,16,16,46668.304577,46668.325253,0.020676,0x4052e4,1,115,74,41
2000,4,500,3,16,16,46668.304870,46668.326466,0.021596,0x4052e4,1,165,111,54
2000,4,500,4,16,16,46668.305517,46668.329220,0.023703,0x4052e4,1,401,295,106
2000,4,500,5,16,16,46668.305264,46668.328233,0.022969,0x4052e4,1,297,223,74
2000,4,500,6,16,16,46668.305129,46668.329577,0.024448,0x4052e4,1,379,296,83
2000,4,500,7,16,16,46668.305130,46668.329394,0.024264,0x4052e4,1,354,262,92
2000,4,500,8,16,16,46668.304768,46668.328547,0.023779,0x4052e4,1,416,343,73
2000,4,500,9,16,16,46668.305460,46668.329222,0.023762,0x4052e4,1,255,199,56
2000,4,500,10,16,16,46668.304889,46668.327844,0.022955,0x4052e4,1,335,247,88
2000,4,500,11,16,16,46668.304681,46668.327440,0.022759,0x4052e4,1,336,251,85
2000,4,500,12,16,16,46668.304608,46668.325958,0.021350,0x4052e4,1,158,103,55
2000,4,500,13,16,16,46668.304470,46668.325280,0.020810,0x4052e4,1,83,51,32
2000,4,500,14,16,16,46668.305004,46668.326199,0.021195,0x4052e4,1,87,45,42
2000,4,500,15,16,16,46668.304677,46668.325602,0.020925,0x4052e4,1,211,153,58
2001,5,500,0,16,16,46668.374270,46668.397625,0.023355,0x40533c,1,33,4,29
2001,5,500,1,16,16,46668.373401,46668.393619,0.020218,0x40533c,1,61,28,33
2001,5,500,2,16,16,46668.373261,46668.393446,0.020185,0x40533c,1,71,33,38
2001,5,500,3,16,16,46668.373218,46668.393358,0.020140,0x40533c,1,62,25,37
2001,5,500,4,16,16,46668.374302,46668.400240,0.025938,0x40533c,1,525,207,318
2001,5,500,5,16,16,46668.374210,46668.400054,0.025844,0x40533c,1,573,304,269
2001,5,500,6,16,16,46668.374996,46668.414357,0.039361,0x40533c,1,419,169,250
2001,5,500,7,16,16,46668.374171,46668.399965,0.025794,0x40533c,1,582,232,350
2001,5,500,8,16,16,46668.373799,46668.400324,0.026525,0x40533c,1,531,235,296
2001,5,500,9,16,16,46668.374096,46668.399490,0.025394,0x40533c,1,571,138,433
2001,5,500,10,16,16,46668.373698,46668.399906,0.026208,0x40533c,1,692,306,386
2001,5,500,11,16,16,46668.373729,46668.399839,0.026110,0x40533c,1,472,119,353
2001,5,500,12,16,16,46668.373383,46668.393601,0.020218,0x40533c,1,106,59,47
2001,5,500,13,16,16,46668.373563,46668.393497,0.019934,0x40533c,1,118,85,33
2001,5,500,14,16,16,46668.373159,46668.393194,0.020035,0x40533c,1,115,77,38
2001,5,500,15,16,16,46668.373764,46668.393717,0.019953,0x40533c,1,78,38,40
2398,2,600,0,16,16,55497.332673,55581.459477,35.154220,0x4051ce,1,4789592,3036608,1752984
2398,2,600,1,16,16,55497.331570,55581.420337,40.635405,0x4051ce,1,5385937,4193981,1191956
2398,2,600,2,16,16,55497.331105,55581.363182,40.942567,0x4051ce,1,5423604,4350164,1073440
2398,2,600,3,16,16,55497.331340,55581.430695,41.509827,0x4051ce,1,5422354,4346163,1076191
2398,2,600,4,16,16,55497.332095,55582.142541,84.555189,0x4051ce,1,11337769,7224309,4113460
2398,2,600,5,16,16,55497.331637,55582.145742,84.010995,0x4051ce,1,11461489,6909474,4552015
2398,2,600,6,16,16,55497.331829,55582.035700,80.929294,0x4051ce,1,11059114,6662443,4396671
2398,2,600,7,16,16,55497.334099,55582.109300,83.644119,0x4051ce,1,11508666,6917254,4591412
2398,2,600,8,16,16,55497.331751,55582.104481,83.170663,0x4051ce,1,11529775,6879716,4650059
2398,2,600,9,16,16,55497.333021,55582.092204,81.092153,0x4051ce,1,11024817,6649231,4375586
2398,2,600,10,16,16,55497.331640,55582.089846,82.331874,0x4051ce,1,11471121,6952468,4518653
2398,2,600,11,16,16,55497.332823,55582.113311,83.008347,0x4051ce,1,11457282,6876809,4580473
2398,2,600,12,16,16,55497.331801,55581.362516,39.081730,0x4051ce,1,5524505,3618762,1905743
2398,2,600,13,16,16,55497.331640,55581.317386,39.838853,0x4051ce,1,5491292,3671127,1820165
2398,2,600,14,16,16,55497.331393,55581.322013,38.630890,0x4051ce,1,5474737,3690397,1784340
2398,2,600,15,16,16,55497.331547,55581.247023,34.707951,0x4051ce,1,5473104,2839869,2633235
2399,3,600,0,16,16,55582.211980,55582.324272,0.112292,0x405218,1,5094,2769,2325
2399,3,600,1,16,16,55582.211820,55582.340152,0.128332,0x405218,1,4555,3448,1107
2399,3,600,2,16,16,55582.211948,55582.344448,0.132500,0x405218,1,4841,3740,1101
2399,3,600,3,16,16,55582.211744,55582.340346,0.128602,0x405218,1,4940,3871,1069
2399,3,600,4,16,16,55582.212408,55582.438943,0.226535,0x405218,1,11191,6639,4552
2399,3,600,5,16,16,55582.212302,55582.448437,0.236135,0x405218,1,11278,6534,4744
2399,3,600,6,16,16,55582.213974,55582.459410,0.245436,0x405218,1,11152,6433,4719
2399,3,600,7,16,16,55582.212145,55582.446911,0.234766,0x405218,1,11472,6583,4889
2399,3,600,8,16,16,55582.212507,55582.448170,0.235663,0x405218,1,11324,6505,4819
2399,3,600,9,16,16,55582.212648,55582.445805,0.233157,0x405218,1,11164,6371,4793
2399,3,600,10,16,16,55582.212477,55582.445325,0.232848,0x405218,1,11382,6738,4644
2399,3,600,11,16,16,55582.212063,55582.442579,0.230516,0x405218,1,11230,6416,4814
2399,3,600,12,16,16,55582.211883,55582.341022,0.129139,0x405218,1,5249,3308,1941
2399,3,600,13,16,16,55582.212120,55582.347697,0.135577,0x405218,1,5122,3746,1376
2399,3,600,14,16,16,55582.212295,55582.347018,0.134723,0x405218,1,5106,3939,1167
2399,3,600,15,16,16,55582.212259,55582.328802,0.116543,0x405218,1,5712,3558,2154
2400,4,600,0,16,16,55582.627662,55582.652922,0.025260,0x4052e4,1,1530,844,686
2400,4,600,1,16,16,55582.626388,55582.646804,0.020416,0x4052e4,1,109,55,54
2400,4,600,2,16,16,55582.626117,55582.645517,0.019400,0x4052e4,1,97,59,38
2400,4,600,3,16,16,55582.626168,55582.646203,0.020035,0x4052e4,1,188,125,63
2400,4,600,4,16,16,55582.627063,55582.649002,0.021939,0x4052e4,1,316,227,89
2400,4,600,5,16,16,55582.626520,55582.647755,0.021235,0x4052e4,1,357,268,89
2400,4,600,6,16,16,55582.626748,55582.648750,0.022002,0x4052e4,1,315,212,103
2400,4,600,7,16,16,55582.626644,55582.649771,0.023127,0x4052e4,1,385,312,73
2400,4,600,8,16,16,55582.626241,55582.647992,0.021751,0x4052e4,1,385,290,95
2400,4,600,9,16,16,55582.626426,55582.648455,0.022029,0x4052e4,1,290,199,91
2400,4,600,10,16,16,55582.627007,55582.648931,0.021924,0x4052e4,1,356,264,92
2400,4,600,11,16,16,55582.626494,55582.648592,0.022098,0x4052e4,1,289,194,95
2400,4,600,12,16,16,55582.626164,55582.645871,0.019707,0x4052e4,1,141,79,62
2400,4,600,13,16,16,55582.626195,55582.645689,0.019494,0x4052e4,1,101,47,54
2400,4,600,14,16,16,55582.626680,55582.646125,0.019445,0x4052e4,1,78,41,37
2400,4,600,15,16,16,55582.626409,55582.646344,0.019935,0x4052e4,1,197,130,67
2401,5,600,0,16,16,55582.689020,55582.708349,0.019329,0x40533c,1,59,12,47
2401,5,600,1,16,16,55582.689472,55582.708876,0.019404,0x40533c,1,61,21,40
2401,5,600,2,16,16,55582.689364,55582.708452,0.019088,0x40533c,1,48,7,41
2401,5,600,3,16,16,55582.689255,55582.707914,0.018659,0x40533c,1,68,30,38
2401,5,600,4,16,16,55582.689201,55582.712200,0.022999,0x40533c,1,605,316,289
2401,5,600,5,16,16,55582.689259,55582.712623,0.023364,0x40533c,1,515,288,227
2401,5,600,6,16,16,55582.690030,55582.726777,0.036747,0x40533c,1,600,229,371
2401,5,600,7,16,16,55582.688911,55582.712626,0.023715,0x40533c,1,584,242,342
2401,5,600,8,16,16,55582.689208,55582.713087,0.023879,0x40533c,1,747,390,357
2401,5,600,9,16,16,55582.689076,55582.712447,0.023371,0x40533c,1,534,166,368
2401,5,600,10,16,16,55582.689393,55582.713356,0.023963,0x40533c,1,676,338,338
2401,5,600,11,16,16,55582.688878,55582.713003,0.024125,0x40533c,1,634,200,434
2401,5,600,12,16,16,55582.688668,55582.707600,0.018932,0x40533c,1,105,58,47
2401,5,600,13,16,16,55582.688859,55582.707709,0.018850,0x40533c,1,128,72,56
2401,5,600,14,16,16,55582.688956,55582.708868,0.019912,0x40533c,1,155,114,41
2401,5,600,15,16,16,55582.688907,55582.707529,0.018622,0x40533c,1,109,73,36
2798,2,700,0,16,16,63997.681852,64078.234383,34.888161,0x4051ce,1,4804051,3034060,1769991
2798,2,700,1,16,16,63997.681410,64078.215144,40.305373,0x4051ce,1,5396457,4201612,1194845
2798,2,700,2,16,16,63997.679957,64078.163407,40.595802,0x4051ce,1,5429198,4355205,1073993
2798,2,700,3,16,16,63997.681928,64078.225071,41.251973,0x4051ce,1,5431895,4351564,1080331
2798,2,700,4,16,16,63997.680794,64078.854203,80.986097,0x4051ce,1,10803817,6772650,4031167
2798,2,700,5,16,16,63997.680532,64078.840551,80.393985,0x4051ce,1,10919522,6392441,4527081
2798,2,700,6,16,16,63997.681479,64078.748192,77.628888,0x4051ce,1,10560434,6180104,4380330
2798,2,700,7,16,16,63997.683047,64078.816664,79.678785,0x4051ce,1,10980026,6388174,4591852
2798,2,700,8,16,16,63997.680774,64078.806056,79.554937,0x4051ce,1,10993365,6373808,4619557
2798,2,700,9,16,16,63997.680826,64078.800956,77.714052,0x4051ce,1,10535029,6187317,4347712
2798,2,700,10,16,16,63997.680418,64078.790861,78.597602,0x4051ce,1,10937417,6432083,4505334
2798,2,700,11,16,16,63997.682459,64078.821046,79.228155,0x4051ce,1,10922795,6340727,4582068
2798,2,700,12,16,16,63997.680462,64078.146648,38.654209,0x4051ce,1,5536821,3585964,1950857
2798,2,700,13,16,16,63997.680805,64078.114731,39.405985,0x4051ce,1,5499700,3646749,1852951
2798,2,700,14,16,16,63997.680224,64078.122537,38.292353,0x4051ce,1,5484027,3666114,1817913
2798,2,700,15,16,16,63997.680441,64078.047330,34.279677,0x4051ce,1,5477506,2792058,2685448
2799,3,700,0,16,16,64078.920074,64079.034388,0.114314,0x405218,1,5110,3079,2031
2799,3,700,1,16,16,64078.919767,64079.044839,0.125072,0x405218,1,4461,3413,1048
2799,3,700,2,16,16,64078.920094,64079.046258,0.126164,0x405218,1,4857,3821,1036
2799,3,700,3,16,16,64078.920015,64079.048753,0.128738,0x405218,1,4745,3725,1020
2799,3,700,4,16,16,64078.920571,64079.137217,0.216646,0x405218,1,11104,6541,4563
2799,3,700,5,16,16,64078.920556,64079.136079,0.215523,0x405218,1,11040,6033,5007
2799,3,700,6,16,16,64078.921933,64079.160262,0.238329,0x405218,1,10877,6100,4777
2799,3,700,7,16,16,64078.920337,64079.141788,0.221451,0x405218,1,11239,6381,4858
2799,3,700,8,16,16,64078.920487,64079.146472,0.225985,0x405218,1,11086,6114,4972
2799,3,700,9,16,16,64078.920759,64079.137174,0.216415,0x405218,1,10867,6061,4806
2799,3,700,10,16,16,64078.920209,64079.132228,0.212019,0x405218,1,11141,6189,4952
2799,3,700,11,16,16,64078.919931,64079.140909,0.220978,0x405218,1,10982,5974,5008
2799,3,700,12,16,16,64078.919782,64079.054036,0.134254,0x405218,1,5254,3901,1353
2799,3,700,13,16,16,64078.920181,64079.049154,0.128973,0x405218,1,5126,3736,1390
2799,3,700,14,16,16,64078.919831,64079.048585,0.128754,0x405218,1,5174,4025,1149
2799,3,700,15,16,16,64078.920227,64079.023201,0.102974,0x405218,1,5689,3281,2408
2800,4,700,0,16,16,64079.337610,64079.367538,0.029928,0x4052e4,1,1487,774,713
2800,4,700,1,16,16,64079.336130,64079.357476,0.021346,0x4052e4,1,98,59,39
2800,4,700,2,16,16,64079.336314,64079.357635,0.021321,0x4052e4,1,91,37,54
2800,4,700,3,16,16,64079.335955,64079.357324,0.021369,0x4052e4,1,163,108,55
2800,4,700,4,16,16,64079.336515,64079.360393,0.023878,0x4052e4,1,296,232,64
2800,4,700,5,16,16,64079.336815,64079.359703,0.022888,0x4052e4,1,349,266,83
2800,4,700,6,16,16,64079.336611,64079.360703,0.024092,0x4052e4,1,346,240,106
2800,4,700,7,16,16,64079.336798,64079.360785,0.023987,0x4052e4,1,346,272,74
2800,4,700,8,16,16,64079.336532,64079.359873,0.023341,0x4052e4,1,358,285,73
2800,4,700,9,16,16,64079.336433,64079.360954,0.024521,0x4052e4,1,309,243,66
2800,4,700,10,16,16,64079.336284,64079.360294,0.024010,0x4052e4,1,330,230,100
2800,4,700,11,16,16,64079.336083,64079.359172,0.023089,0x4052e4,1,331,218,113
2800,4,700,12,16,16,64079.335981,64079.357145,0.021164,0x4052e4,1,134,85,49
2800,4,700,13,16,16,64079.336012,64079.357078,0.021066,0x4052e4,1,101,57,44
2800,4,700,14,16,16,64079.335889,64079.356526,0.020637,0x4052e4,1,81,42,39
2800,4,700,15,16,16,64079.336109,64079.357158,0.021049,0x4052e4,1,181,119,62
2801,5,700,0,16,16,64079.405316,64079.425625,0.020309,0x40533c,1,40,3,37
2801,5,700,1,16,16,64079.405227,64079.425424,0.020197,0x40533c,1,96,60,36
2801,5,700,2,16,16,64079.404805,64079.425171,0.020366,0x40533c,1,53,10,43
2801,5,700,3,16,16,64079.405355,64079.425785,0.020430,0x40533c,1,56,20,36
2801,5,700,4,16,16,64079.405887,64079.430708,0.024821,0x40533c,1,373,129,244
2801,5,700,5,16,16,64079.406157,64079.430891,0.024734,0x40533c,1,484,220,264
2801,5,700,6,16,16,64079.406379,64079.445657,0.039278,0x40533c,1,418,151,267
2801,5,700,7,16,16,64079.405457,64079.430501,0.025044,0x40533c,1,499,177,322
2801,5,700,8,16,16,64079.405487,64079.430525,0.025038,0x40533c,1,409,140,269
2801,5,700,9,16,16,64079.406149,64079.431235,0.025086,0x40533c,1,547,121,426
2801,5,700,10,16,16,64079.405387,64079.430995,0.025608,0x40533c,1,479,200,279
2801,5,700,11,16,16,64079.405247,64079.430429,0.025182,0x40533c,1,536,125,411
2801,5,700,12,16,16,64079.404653,64079.424966,0.020313,0x40533c,1,107,70,37
2801,5,700,13,16,16,64079.405017,64079.425070,0.020053,0x40533c,1,107,76,31
2801,5,700,14,16,16,64079.405437,64079.425602,0.020165,0x40533c,1,107,58,49
2801,5,700,15,16,16,64079.404854,64079.424816,0.019962,0x40533c,1,96,57,39
3198,2,800,0,16,16,72280.359583,72358.895440,34.676222,0x4051ce,1,4798096,3024702,1773394
3198,2,800,1,16,16,72280.358771,72358.878014,40.236520,0x4051ce,1,5398196,4204235,1193961
3198,2,800,2,16,16,72280.358775,72358.824463,40.467549,0x4051ce,1,5431599,4353067,1078532
3198,2,800,3,16,16,72280.359926,72358.879342,41.055492,0x4051ce,1,5427086,4353261,1073825
3198,2,800,4,16,16,72280.359190,72359.467279,78.896836,0x4051ce,1,10591891,6587370,4004521
3198,2,800,5,16,16,72280.359496,72359.451235,78.302869,0x4051ce,1,10697181,6182255,4514926
3198,2,800,6,16,16,72280.359256,72359.360612,75.537083,0x4051ce,1,10334331,5966965,4367366
3198,2,800,7,16,16,72280.359728,72359.421708,77.573184,0x4051ce,1,10754647,6180047,4574600
3198,2,800,8,16,16,72280.359076,72359.425460,77.583746,0x4051ce,1,10768346,6177717,4590629
3198,2,800,9,16,16,72280.359283,72359.410969,75.534729,0x4051ce,1,10306303,5985068,4321235
3198,2,800,10,16,16,72280.359274,72359.406416,76.451076,0x4051ce,1,10704378,6237898,4466480
3198,2,800,11,16,16,72280.359391,72359.437797,77.363467,0x4051ce,1,10702986,6151854,4551132
3198,2,800,12,16,16,72280.358942,72358.806391,38.515696,0x4051ce,1,5540324,3572866,1967458
3198,2,800,13,16,16,72280.359282,72358.767276,39.202150,0x4051ce,1,5497716,3630944,1866772
3198,2,800,14,16,16,72280.359009,72358.775694,38.163920,0x4051ce,1,5488096,3649510,1838586
3198,2,800,15,16,16,72280.359084,72358.696140,34.138188,0x4051ce,1,5478666,2769307,2709359
3199,3,800,0,16,16,72359.541715,72359.648676,0.106961,0x405218,1,5104,2755,2349
3199,3,800,1,16,16,72359.541543,72359.665464,0.123921,0x405218,1,4443,3369,1074
3199,3,800,2,16,16,72359.541511,72359.666323,0.124812,0x405218,1,4793,3743,1050
3199,3,800,3,16,16,72359.541690,72359.663864,0.122174,0x405218,1,4841,3779,1062
3199,3,800,4,16,16,72359.542457,72359.746267,0.203810,0x405218,1,10898,5859,5039
3199,3,800,5,16,16,72359.542040,72359.751905,0.209865,0x405218,1,10947,6176,4771
3199,3,800,6,16,16,72359.543960,72359.773704,0.229744,0x405218,1,10701,5867,4834
3199,3,800,7,16,16,72359.542109,72359.763041,0.220932,0x405218,1,11091,6343,4748
3199,3,800,8,16,16,72359.542583,72359.761445,0.218862,0x405218,1,10983,6053,4930
3199,3,800,9,16,16,72359.542626,72359.760877,0.218251,0x405218,1,10794,5987,4807
3199,3,800,10,16,16,72359.542055,72359.750247,0.208192,0x405218,1,10996,6067,4929
3199,3,800,11,16,16,72359.541775,72359.755676,0.213901,0x405218,1,10842,5826,5016
3199,3,800,12,16,16,72359.541584,72359.677334,0.135750,0x405218,1,5271,3842,1429
3199,3,800,13,16,16,72359.541683,72359.674798,0.133115,0x405218,1,5083,3682,1401
3199,3,800,14,16,16,72359.541603,72359.670913,0.129310,0x405218,1,5175,3988,1187
3199,3,800,15,16,16,72359.542243,72359.653720,0.111477,0x405218,1,5680,3365,2315
3200,4,800,0,16,16,72359.939692,72359.964911,0.025219,0x4052e4,1,1466,740,726
3200,4,800,1,16,16,72359.938047,72359.958835,0.020788,0x4052e4,1,107,57,50
3200,4,800,2,16,16,72359.937791,72359.957236,0.019445,0x4052e4,1,114,53,61
3200,4,800,3,16,16,72359.937870,72359.957817,0.019947,0x4052e4,1,161,107,54
3200,4,800,4,16,16,72359.938140,72359.959724,0.021584,0x4052e4,1,326,243,83
3200,4,800,5,16,16,72359.938390,72359.960186,0.021796,0x4052e4,1,357,246,111
3200,4,800,6,16,16,72359.938470,72359.960647,0.022177,0x4052e4,1,365,278,87
3200,4,800,7,16,16,72359.938604,72359.960246,0.021642,0x4052e4,1,347,262,85
3200,4,800,8,16,16,72359.937942,72359.960816,0.022874,0x4052e4,1,388,294,94
3200,4,800,9,16,16,72359.938542,72359.960568,0.022026,0x4052e4,1,300,229,71
3200,4,800,10,16,16,72359.938190,72359.960016,0.021826,0x4052e4,1,378,275,103
3200,4,800,11,16,16,72359.937880,72359.959557,0.021677,0x4052e4,1,322,190,132
3200,4,800,12,16,16,72359.937593,72359.957479,0.019886,0x4052e4,1,148,99,49
3200,4,800,13,16,16,72359.937704,72359.957198,0.019494,0x4052e4,1,82,44,38
3200,4,800,14,16,16,72359.937650,72359.957074,0.019424,0x4052e4,1,95,56,39
3200,4,800,15,16,16,72359.937849,72359.957689,0.019840,0x4052e4,1,170,108,62
3201,5,800,0,16,16,72359.989866,72360.008953,0.019087,0x40533c,1,37,1,36
3201,5,800,1,16,16,72359.989971,72360.008837,0.018866,0x40533c,1,71,34,37
3201,5,800,2,16,16,72359.990255,72360.008901,0.018646,0x40533c,1,66,30,36
3201,5,800,3,16,16,72359.989663,72360.008550,0.018887,0x40533c,1,93,51,42
3201,5,800,4,16,16,72359.990147,72360.012629,0.022482,0x40533c,1,608,272,336
3201,5,800,5,16,16,72359.989936,72360.013159,0.023223,0x40533c,1,587,303,284
3201,5,800,6,16,16,72359.990817,72360.027535,0.036718,0x40533c,1,554,205,349
3201,5,800,7,16,16,72359.989738,72360.013018,0.023280,0x40533c,1,556,270,286
3201,5,800,8,16,16,72359.990428,72360.013623,0.023195,0x40533c,1,695,302,393
3201,5,800,9,16,16,72359.990488,72360.014561,0.024073,0x40533c,1,577,122,455
3201,5,800,10,16,16,72359.990623,72360.013998,0.023375,0x40533c,1,740,348,392
3201,5,800,11,16,16,72359.989784,72360.012814,0.023030,0x40533c,1,607,137,470
3201,5,800,12,16,16,72359.989682,72360.008556,0.018874,0x40533c,1,111,71,40
3201,5,800,13,16,16,72359.989678,72360.009014,0.019336,0x40533c,1,91,47,44
3201,5,800,14,16,16,72359.989953,72360.009183,0.019230,0x40533c,1,120,75,45
3201,5,800,15,16,16,72359.989788,72360.008343,0.018555,0x40533c,1,90,62,28
3598,2,900,0,16,16,80351.673757,80429.259084,34.488609,0x4051ce,1,4793479,3016749,1776730
3598,2,900,1,16,16,80351.670041,80429.248849,40.006682,0x4051ce,1,5403366,4199788,1203578
3598,2,900,2,16,16,80351.670080,80429.183981,40.282553,0x4051ce,1,5435326,4356365,1078961
3598,2,900,3,16,16,80351.670050,80429.249776,40.883717,0x4051ce,1,5433886,4350854,1083032
3598,2,900,4,16,16,80351.670344,80429.794525,77.915133,0x4051ce,1,10381524,6416421,3965103
3598,2,900,5,16,16,80351.670399,80429.781056,77.339732,0x4051ce,1,10492125,6010933,4481192
3598,2,900,6,16,16,80351.670448,80429.714481,74.717156,0x4051ce,1,10129613,5813337,4316276
3598,2,900,7,16,16,80351.671653,80429.752652,76.736229,0x4051ce,1,10556741,6008930,4547811
3598,2,900,8,16,16,80351.671278,80429.751896,76.395615,0x4051ce,1,10565833,5999033,4566800
3598,2,900,9,16,16,80351.670457,80429.745497,74.631262,0x4051ce,1,10102400,5834887,4267513
3598,2,900,10,16,16,80351.670624,80429.738769,75.540017,0x4051ce,1,10507500,6074703,4432797
3598,2,900,11,16,16,80351.672613,80429.764790,76.246945,0x4051ce,1,10490335,5972101,4518234
3598,2,900,12,16,16,80351.670097,80429.174003,38.363159,0x4051ce,1,5542694,3557347,1985347
3598,2,900,13,16,16,80351.669937,80429.135246,39.000115,0x4051ce,1,5502679,3608370,1894309
3598,2,900,14,16,16,80351.670073,80429.139019,38.026942,0x4051ce,1,5493758,3635851,1857907
3598,2,900,15,16,16,80351.670433,80429.080913,34.197687,0x4051ce,1,5486837,2747382,2739455
3599,3,900,0,16,16,80429.877908,80429.987443,0.109535,0x405218,1,4979,2982,1997
3599,3,900,1,16,16,80429.877935,80430.005374,0.127439,0x405218,1,4340,3279,1061
3599,3,900,2,16,16,80429.877803,80430.010278,0.132475,0x405218,1,4854,3781,1073
3599,3,900,3,16,16,80429.877827,80429.999152,0.121325,0x405218,1,4812,3813,999
3599,3,900,4,16,16,80429.878566,80430.086660,0.208094,0x405218,1,10797,5937,4860
3599,3,900,5,16,16,80429.878580,80430.092257,0.213677,0x405218,1,10805,5929,4876
3599,3,900,6,16,16,80429.880170,80430.113761,0.233591,0x405218,1,10620,5876,4744
3599,3,900,7,16,16,80429.878523,80430.097988,0.219465,0x405218,1,10942,6206,4736
3599,3,900,8,16,16,80429.879014,80430.094903,0.215889,0x405218,1,10880,5860,5020
3599,3,900,9,16,16,80429.878803,80430.091859,0.213056,0x405218,1,10563,5671,4892
3599,3,900,10,16,16,80429.879363,80430.082997,0.203634,0x405218,1,10899,5938,4961
3599,3,900,11,16,16,80429.878120,80430.088678,0.210558,0x405218,1,10710,5625,5085
3599,3,900,12,16,16,80429.878128,80430.011090,0.132962,0x405218,1,5221,3516,1705
3599,3,900,13,16,16,80429.878485,80430.014839,0.136354,0x405218,1,5086,3736,1350
3599,3,900,14,16,16,80429.878308,80430.015195,0.136887,0x405218,1,5171,4077,1094
3599,3,900,15,16,16,80429.878292,80429.990300,0.112008,0x405218,1,5750,3266,2484
3600,4,900,0,16,16,80430.280919,80430.307948,0.027029,0x4052e4,1,1532,764,768
3600,4,900,1,16,16,80430.279735,80430.300820,0.021085,0x4052e4,1,94,59,35
3600,4,900,2,16,16,80430.279297,80430.300231,0.020934,0x4052e4,1,88,50,38
3600,4,900,3,16,16,80430.279201,80430.300370,0.021169,0x4052e4,1,157,109,48
3600,4,900,4,16,16,80430.279876,80430.304127,0.024251,0x4052e4,1,308,238,70
3600,4,900,5,16,16,80430.279634,80430.303750,0.024116,0x4052e4,1,341,230,111
3600,4,900,6,16,16,80430.279863,80430.303209,0.023346,0x4052e4,1,373,257,116
3600,4,900,7,16,16,80430.279753,80430.302664,0.022911,0x4052e4,1,362,256,106
3600,4,900,8,16,16,80430.279463,80430.303359,0.023896,0x4052e4,1,316,227,89
3600,4,900,9,16,16,80430.279791,80430.303280,0.023489,0x4052e4,1,273,192,81
3600,4,900,10,16,16,80430.279908,80430.303555,0.023647,0x4052e4,1,397,279,118
3600,4,900,11,16,16,80430.280040,80430.302912,0.022872,0x4052e4,1,317,197,120
3600,4,900,12,16,16,80430.279230,80430.300404,0.021174,0x4052e4,1,126,79,47
3600,4,900,13,16,16,80430.279400,80430.300566,0.021166,0x4052e4,1,77,36,41
3600,4,900,14,16,16,80430.279203,80430.300509,0.021306,0x4052e4,1,107,56,51
3600,4,900,15,16,16,80430.279320,80430.300123,0.020803,0x4052e4,1,198,137,61
3601,5,900,0,16,16,80430.345992,80430.368606,0.022614,0x40533c,1,54,11,43
3601,5,900,1,16,16,80430.346037,80430.368384,0.022347,0x40533c,1,95,60,35
3601,5,900,2,16,16,80430.346369,80430.367512,0.021143,0x40533c,1,60,25,35
3601,5,900,3,16,16,80430.345798,80430.367348,0.021550,0x40533c,1,111,69,42
3601,5,900,4,16,16,80430.346193,80430.373062,0.026869,0x40533c,1,599,254,345
3601,5,900,5,16,16,80430.346903,80430.373928,0.027025,0x40533c,1,607,343,264
3601,5,900,6,16,16,80430.347020,80430.389249,0.042229,0x40533c,1,452,140,312
3601,5,900,7,16,16,80430.346446,80430.374498,0.028052,0x40533c,1,640,277,363
3601,5,900,8,16,16,80430.347025,80430.374818,0.027793,0x40533c,1,643,280,363
3601,5,900,9,16,16,80430.346264,80430.373769,0.027505,0x40533c,1,605,168,437
3601,5,900,10,16,16,80430.346367,80430.374670,0.028303,0x40533c,1,665,310,355
3601,5,900,11,16,16,80430.346202,80430.374163,0.027961,0x40533c,1,604,140,464
3601,5,900,12,16,16,80430.346547,80430.368056,0.021509,0x40533c,1,103,61,42
3601,5,900,13,16,16,80430.346423,80430.369270,0.022847,0x40533c,1,108,67,41
3601,5,900,14,16,16,80430.345832,80430.368204,0.022372,0x40533c,1,129,95,34
3601,5,900,15,16,16,80430.345673,80430.368007,0.022334,0x40533c,1,71,41,30
3998,2,1000,0,16,16,88264.309756,88339.620686,34.500769,0x4051ce,1,4815627,3014754,1800873
3998,2,1000,1,16,16,88264.306502,88339.620410,39.859000,0x4051ce,1,5406161,4199644,1206517
3998,2,1000,2,16,16,88264.306562,88339.551964,39.989222,0x4051ce,1,5438181,4356284,1081897
3998,2,1000,3,16,16,88264.306616,88339.612810,40.626969,0x4051ce,1,5433005,4353694,1079311
3998,2,1000,4,16,16,88264.307178,88340.101043,75.474522,0x4051ce,1,10095065,6195504,3899561
3998,2,1000,5,16,16,88264.307159,88340.089684,75.054186,0x4051ce,1,10205572,5774438,4431134
3998,2,1000,6,16,16,88264.307163,88340.012116,72.359710,0x4051ce,1,9838573,5589459,4249114
3998,2,1000,7,16,16,88264.307154,88340.062582,74.486468,0x4051ce,1,10272381,5788649,4483732
3998,2,1000,8,16,16,88264.307155,88340.053599,74.195436,0x4051ce,1,10283904,5781567,4502337
3998,2,1000,9,16,16,88264.306960,88340.049176,72.397596,0x4051ce,1,9818397,5636197,4182200
3998,2,1000,10,16,16,88264.308295,88340.043427,73.192921,0x4051ce,1,10224705,5848496,4376209
3998,2,1000,11,16,16,88264.307843,88340.070743,73.858694,0x4051ce,1,10211392,5761369,4450023
3998,2,1000,12,16,16,88264.307177,88339.528105,37.967877,0x4051ce,1,5546580,3511274,2035306
3998,2,1000,13,16,16,88264.306886,88339.500597,38.619491,0x4051ce,1,5507067,3561264,1945803
3998,2,1000,14,16,16,88264.306800,88339.492477,37.594771,0x4051ce,1,5499932,3584901,1915031
3998,2,1000,15,16,16,88264.306881,88339.439839,33.807066,0x4051ce,1,5493898,2693462,2800436
3999,3,1000,0,16,16,88340.176638,88340.283662,0.107024,0x405218,1,5009,2575,2434
3999,3,1000,1,16,16,88340.176639,88340.297547,0.120908,0x405218,1,4448,3371,1077
3999,3,1000,2,16,16,88340.176612,88340.304313,0.127701,0x405218,1,4905,3510,1395
3999,3,1000,3,16,16,88340.176565,88340.301485,0.124920,0x405218,1,4921,3931,990
3999,3,1000,4,16,16,88340.176940,88340.376792,0.199852,0x405218,1,10665,5872,4793
3999,3,1000,5,16,16,88340.177535,88340.384329,0.206794,0x405218,1,10657,5654,5003
3999,3,1000,6,16,16,88340.178850,88340.408251,0.229401,0x405218,1,10409,5619,4790
3999,3,1000,7,16,16,88340.177554,88340.388924,0.211370,0x405218,1,10831,6175,4656
3999,3,1000,8,16,16,88340.177338,88340.385227,0.207889,0x405218,1,10657,5592,5065
3999,3,1000,9,16,16,88340.177794,88340.382417,0.204623,0x405218,1,10437,5653,4784
3999,3,1000,10,16,16,88340.176988,88340.383286,0.206298,0x405218,1,10757,5850,4907
3999,3,1000,11,16,16,88340.176928,88340.383755,0.206827,0x405218,1,10543,5429,5114
3999,3,1000,12,16,16,88340.176773,88340.304140,0.127367,0x405218,1,5263,3400,1863
3999,3,1000,13,16,16,88340.177422,88340.300174,0.122752,0x405218,1,5070,3049,2021
3999,3,1000,14,16,16,88340.176869,88340.308306,0.131437,0x405218,1,5139,3550,1589
3999,3,1000,15,16,16,88340.177105,88340.293709,0.116604,0x405218,1,5705,3384,2321
4000,4,1000,0,16,16,88340.585321,88340.612818,0.027497,0x4052e4,1,1662,814,848
4000,4,1000,1,16,16,88340.583525,88340.604936,0.021411,0x4052e4,1,85,47,38
4000,4,1000,2,16,16,88340.583835,88340.605057,0.021222,0x4052e4,1,119,69,50
4000,4,1000,3,16,16,88340.583320,88340.604529,0.021209,0x4052e4,1,162,84,78
4000,4,1000,4,16,16,88340.583874,88340.607583,0.023709,0x4052e4,1,328,241,87
4000,4,1000,5,16,16,88340.584184,88340.607713,0.023529,0x4052e4,1,352,251,101
4000,4,1000,6,16,16,88340.583992,88340.607244,0.023252,0x4052e4,1,330,235,95
4000,4,1000,7,16,16,88340.583658,88340.607117,0.023459,0x4052e4,1,331,232,99
4000,4,1000,8,16,16,88340.584121,88340.607313,0.023192,0x4052e4,1,305,207,98
4000,4,1000,9,16,16,88340.584117,88340.607645,0.023528,0x4052e4,1,275,208,67
4000,4,1000,10,16,16,88340.583986,88340.607300,0.023314,0x4052e4,1,340,230,110
4000,4,1000,11,16,16,88340.583437,88340.607048,0.023611,0x4052e4,1,334,206,128
4000,4,1000,12,16,16,88340.583203,88340.604541,0.021338,0x4052e4,1,150,103,47
4000,4,1000,13,16,16,88340.583373,88340.604299,0.020926,0x4052e4,1,88,58,30
4000,4,1000,14,16,16,88340.583660,88340.604968,0.021308,0x4052e4,1,92,38,54
4000,4,1000,15,16,16,88340.583567,88340.604886,0.021319,0x4052e4,1,183,108,75
4001,5,1000,0,16,16,88340.638912,88340.659095,0.020183,0x40533c,1,41,2,39
4001,5,1000,1,16,16,88340.639347,88340.659631,0.020284,0x40533c,1,73,36,37
4001,5,1000,2,16,16,88340.639227,88340.659458,0.020231,0x40533c,1,39,14,25
4001,5,1000,3,16,16,88340.638847,88340.659011,0.020164,0x40533c,1,115,73,42
4001,5,1000,4,16,16,88340.639101,88340.663269,0.024168,0x40533c,1,569,264,305
4001,5,1000,5,16,16,88340.638985,88340.663811,0.024826,0x40533c,1,599,313,286
4001,5,1000,6,16,16,88340.640009,88340.679018,0.039009,0x40533c,1,560,227,333
4001,5,1000,7,16,16,88340.639269,88340.664058,0.024789,0x40533c,1,606,264,342
4001,5,1000,8,16,16,88340.639009,88340.664000,0.024991,0x40533c,1,689,317,372
4001,5,1000,9,16,16,88340.638887,88340.664358,0.025471,0x40533c,1,515,119,396
4001,5,1000,10,16,16,88340.639134,88340.663922,0.024788,0x40533c,1,709,319,390
4001,5,1000,11,16,16,88340.638714,88340.663700,0.024986,0x40533c,1,557,130,427
4001,5,1000,12,16,16,88340.638638,88340.658790,0.020152,0x40533c,1,106,61,45
4001,5,1000,13,16,16,88340.638914,88340.658855,0.019941,0x40533c,1,135,109,26
4001,5,1000,14,16,16,88340.638902,88340.658866,0.019964,0x40533c,1,103,71,32
4001,5,1000,15,16,16,88340.638546,88340.658604,0.020058,0x40533c,1,103,75,28
4398,2,1100,0,16,16,95781.782616,95851.549940,34.077245,0x4051ce,1,4809065,2991197,1817868
4398,2,1100,1,16,16,95781.780999,95851.536975,39.376881,0x4051ce,1,5406395,4183757,1222638
4398,2,1100,2,16,16,95781.780973,95851.477751,39.548959,0x4051ce,1,5437285,4343861,1093424
4398,2,1100,3,16,16,95781.781072,95851.544059,40.236834,0x4051ce,1,5430719,4346265,1084454
4398,2,1100,4,16,16,95781.783195,95851.934247,69.972781,0x4051ce,1,9517714,5821458,3696256
4398,2,1100,5,16,16,95781.781502,95851.925641,69.219652,0x4051ce,1,9634513,5345339,4289174
4398,2,1100,6,16,16,95781.781541,95851.849637,67.194683,0x4051ce,1,9318158,5190056,4128102
4398,2,1100,7,16,16,95781.782752,95851.897086,68.637366,0x4051ce,1,9694437,5349250,4345187
4398,2,1100,8,16,16,95781.781933,95851.890614,68.266749,0x4051ce,1,9702846,5320063,4382783
4398,2,1100,9,16,16,95781.781779,95851.892854,66.909714,0x4051ce,1,9287676,5258514,4029162
4398,2,1100,10,16,16,95781.781422,95851.884437,67.396605,0x4051ce,1,9646796,5429438,4217358
4398,2,1100,11,16,16,95781.781689,95851.897709,68.176233,0x4051ce,1,9638795,5332142,4306653
4398,2,1100,12,16,16,95781.781347,95851.441981,37.389754,0x4051ce,1,5554227,3438273,2115954
4398,2,1100,13,16,16,95781.782097,95851.410073,37.993005,0x4051ce,1,5512149,3472215,2039934
4398,2,1100,14,16,16,95781.781187,95851.424230,37.130315,0x4051ce,1,5504998,3496711,2008287
4398,2,1100,15,16,16,95781.781368,95851.355828,33.374984,0x4051ce,1,5501389,2605034,2896355
4399,3,1100,0,16,16,95852.008005,95852.120673,0.112668,0x405218,1,5097,2664,2433
4399,3,1100,1,16,16,95852.007785,95852.133305,0.125520,0x405218,1,4465,3372,1093
4399,3,1100,2,16,16,95852.007895,95852.134287,0.126392,0x405218,1,4848,3747,1101
4399,3,1100,3,16,16,95852.007664,95852.132769,0.125105,0x405218,1,4939,3893,1046
4399,3,1100,4,16,16,95852.008618,95852.199276,0.190658,0x405218,1,10172,5356,4816
4399,3,1100,5,16,16,95852.008310,95852.205061,0.196751,0x405218,1,10211,5034,5177
4399,3,1100,6,16,16,95852.010084,95852.222184,0.212100,0x405218,1,10060,5211,4849
4399,3,1100,7,16,16,95852.008447,95852.212838,0.204391,0x405218,1,10385,5787,4598
4399,3,1100,8,16,16,95852.008286,95852.202805,0.194519,0x405218,1,10329,5130,5199
4399,3,1100,9,16,16,95852.008661,95852.199004,0.190343,0x405218,1,10032,5309,4723
4399,3,1100,10,16,16,95852.008402,95852.203283,0.194881,0x405218,1,10284,5364,4920
4399,3,1100,11,16,16,95852.008128,95852.207552,0.199424,0x405218,1,10186,5329,4857
4399,3,1100,12,16,16,95852.008340,95852.132408,0.124068,0x405218,1,5280,3304,1976
4399,3,1100,13,16,16,95852.008657,95852.142976,0.134319,0x405218,1,5145,3780,1365
4399,3,1100,14,16,16,95852.008168,95852.141253,0.133085,0x405218,1,5140,3646,1494
4399,3,1100,15,16,16,95852.008200,95852.123960,0.115760,0x405218,1,5713,3205,2508
4400,4,1100,0,16,16,95852.394575,95852.421589,0.027014,0x4052e4,1,1494,675,819
4400,4,1100,1,16,16,95852.392615,95852.414121,0.021506,0x4052e4,1,92,50,42
4400,4,1100,2,16,16,95852.393114,95852.414422,0.021308,0x4052e4,1,81,45,36
4400,4,1100,3,16,16,95852.392657,95852.413701,0.021044,0x4052e4,1,150,101,49
4400,4,1100,4,16,16,95852.393451,95852.416840,0.023389,0x4052e4,1,351,277,74
4400,4,1100,5,16,16,95852.393436,95852.416646,0.023210,0x4052e4,1,413,295,118
4400,4,1100,6,16,16,95852.392935,95852.416353,0.023418,0x4052e4,1,323,235,88
4400,4,1100,7,16,16,95852.393147,95852.416565,0.023418,0x4052e4,1,356,238,118
4400,4,1100,8,16,16,95852.392900,95852.416017,0.023117,0x4052e4,1,285,204,81
4400,4,1100,9,16,16,95852.393496,95852.417229,0.023733,0x4052e4,1,276,201,75
4400,4,1100,10,16,16,95852.393351,95852.416901,0.023550,0x4052e4,1,380,257,123
4400,4,1100,11,16,16,95852.393184,95852.416295,0.023111,0x4052e4,1,312,158,154
4400,4,1100,12,16,16,95852.392828,95852.413921,0.021093,0x4052e4,1,125,84,41
4400,4,1100,13,16,16,95852.392747,95852.413524,0.020777,0x4052e4,1,90,56,34
4400,4,1100,14,16,16,95852.392886,95852.414048,0.021162,0x4052e4,1,80,38,42
4400,4,1100,15,16,16,95852.392817,95852.414247,0.021430,0x4052e4,1,169,89,80
4401,5,1100,0,16,16,95852.452322,95852.472446,0.020124,0x40533c,1,43,2,41
4401,5,1100,1,16,16,95852.452325,95852.472776,0.020451,0x40533c,1,79,39,40
4401,5,1100,2,16,16,95852.451870,95852.472606,0.020736,0x40533c,1,47,11,36
4401,5,1100,3,16,16,95852.451884,95852.472240,0.020356,0x40533c,1,86,27,59
4401,5,1100,4,16,16,95852.452416,95852.476490,0.024074,0x40533c,1,617,250,367
4401,5,1100,5,16,16,95852.452484,95852.476929,0.024445,0x40533c,1,520,276,244
4401,5,1100,6,16,16,95852.453055,95852.491742,0.038687,0x40533c,1,560,215,345
4401,5,1100,7,16,16,95852.452149,95852.476955,0.024806,0x40533c,1,578,285,293
4401,5,1100,8,16,16,95852.452206,95852.476893,0.024687,0x40533c,1,635,312,323
4401,5,1100,9,16,16,95852.452295,95852.477203,0.024908,0x40533c,1,590,147,443
4401,5,1100,10,16,16,95852.452529,95852.477287,0.024758,0x40533c,1,762,373,389
4401,5,1100,11,16,16,95852.451850,95852.476733,0.024883,0x40533c,1,545,122,423
4401,5,1100,12,16,16,95852.451932,95852.472303,0.020371,0x40533c,1,105,51,54
4401,5,1100,13,16,16,95852.452512,95852.472724,0.020212,0x40533c,1,109,65,44
4401,5,1100,14,16,16,95852.452215,95852.472946,0.020731,0x40533c,1,77,41,36
4401,5,1100,15,16,16,95852.452522,95852.472536,0.020014,0x40533c,1,92,54,38
4798,2,1200,0,16,16,102956.044575,103022.861927,34.026069,0x4051ce,1,4817877,2986162,1831715
4798,2,1200,1,16,16,102956.042296,103022.841694,39.152818,0x4051ce,1,5410513,4179552,1230961
4798,2,1200,2,16,16,102956.042252,103022.787091,39.461886,0x4051ce,1,5442035,4340132,1101903
4798,2,1200,3,16,16,102956.045262,103022.843496,40.098886,0x4051ce,1,5437847,4349676,1088171
4798,2,1200,4,16,16,102956.043331,103023.190908,66.993927,0x4051ce,1,9232010,5647360,3584650
4798,2,1200,5,16,16,102956.042575,103023.177497,66.451134,0x4051ce,1,9356557,5145877,4210680
4798,2,1200,6,16,16,102956.042953,103023.111362,64.594057,0x4051ce,1,9031098,5006491,4024607
4798,2,1200,7,16,16,102956.044890,103023.146583,65.683172,0x4051ce,1,9417024,5157236,4259788
4798,2,1200,8,16,16,102956.043466,103023.137978,65.538000,0x4051ce,1,9420015,5132083,4287932
4798,2,1200,9,16,16,102956.042779,103023.145126,64.416115,0x4051ce,1,8998794,5070121,3928673
4798,2,1200,10,16,16,102956.042748,103023.138091,64.420668,0x4051ce,1,9370196,5236633,4133563
4798,2,1200,11,16,16,102956.044235,103023.153092,65.431968,0x4051ce,1,9348307,5151188,4197119
4798,2,1200,12,16,16,102956.043024,103022.743230,37.081193,0x4051ce,1,5558275,3380985,2177290
4798,2,1200,13,16,16,102956.042461,103022.718633,37.791548,0x4051ce,1,5525283,3415882,2109401
4798,2,1200,14,16,16,102956.042970,103022.720416,36.884553,0x4051ce,1,5513013,3445367,2067646
4798,2,1200,15,16,16,102956.042831,103022.647396,33.128231,0x4051ce,1,5508392,2549345,2959047
4799,3,1200,0,16,16,103023.260926,103023.378773,0.117847,0x405218,1,5095,2734,2361
4799,3,1200,1,16,16,103023.260703,103023.385951,0.125248,0x405218,1,4513,3388,1125
4799,3,1200,2,16,16,103023.260957,103023.390297,0.129340,0x405218,1,4903,3843,1060
4799,3,1200,3,16,16,103023.260501,103023.386819,0.126318,0x405218,1,4926,3919,1007
4799,3,1200,4,16,16,103023.261245,103023.447132,0.185887,0x405218,1,9936,5229,4707
4799,3,1200,5,16,16,103023.261280,103023.446727,0.185447,0x405218,1,10005,4584,5421
4799,3,1200,6,16,16,103023.263689,103023.471726,0.208037,0x405218,1,9841,5027,4814
4799,3,1200,7,16,16,103023.261530,103023.459338,0.197808,0x405218,1,10099,5496,4603
4799,3,1200,8,16,16,103023.261353,103023.454172,0.192819,0x405218,1,10105,5204,4901
4799,3,1200,9,16,16,103023.261763,103023.451878,0.190115,0x405218,1,9811,4996,4815
4799,3,1200,10,16,16,103023.261794,103023.443587,0.181793,0x405218,1,10029,5030,4999
4799,3,1200,11,16,16,103023.261377,103023.449366,0.187989,0x405218,1,9951,4995,4956
4799,3,1200,12,16,16,103023.261019,103023.395061,0.134042,0x405218,1,5259,3494,1765
4799,3,1200,13,16,16,103023.261458,103023.395490,0.134032,0x405218,1,5052,3875,1177
4799,3,1200,14,16,16,103023.261084,103023.388563,0.127479,0x405218,1,5124,3411,1713
4799,3,1200,15,16,16,103023.261478,103023.375533,0.114055,0x405218,1,5722,3099,2623
4800,4,1200,0,16,16,103023.634310,103023.659600,0.025290,0x4052e4,1,1557,671,886
4800,4,1200,1,16,16,103023.632951,103023.652784,0.019833,0x4052e4,1,91,49,42
4800,4,1200,2,16,16,103023.633214,103023.652944,0.019730,0x4052e4,1,88,45,43
4800,4,1200,3,16,16,103023.633163,103023.653071,0.019908,0x4052e4,1,124,99,25
4800,4,1200,4,16,16,103023.632969,103023.654518,0.021549,0x4052e4,1,303,221,82
4800,4,1200,5,16,16,103023.633161,103023.655182,0.022021,0x4052e4,1,424,289,135
4800,4,1200,6,16,16,103023.633242,103023.654980,0.021738,0x4052e4,1,362,275,87
4800,4,1200,7,16,16,103023.632901,103023.653955,0.021054,0x4052e4,1,350,241,109
4800,4,1200,8,16,16,103023.632825,103023.654207,0.021382,0x4052e4,1,293,213,80
4800,4,1200,9,16,16,103023.633232,103023.654697,0.021465,0x4052e4,1,327,242,85
4800,4,1200,10,16,16,103023.633327,103023.654569,0.021242,0x4052e4,1,344,218,126
4800,4,1200,11,16,16,103023.632835,103023.654327,0.021492,0x4052e4,1,329,183,146
4800,4,1200,12,16,16,103023.632676,103023.652494,0.019818,0x4052e4,1,128,83,45
4800,4,1200,13,16,16,103023.632847,103023.652715,0.019868,0x4052e4,1,86,38,48
4800,4,1200,14,16,16,103023.632768,103023.652371,0.019603,0x4052e4,1,100,55,45
4800,4,1200,15,16,16,103023.632839,103023.652536,0.019697,0x4052e4,1,183,110,73
4801,5,1200,0,16,16,103023.683945,103023.703285,0.019340,0x40533c,1,46,1,45
4801,5,1200,1,16,16,103023.684492,103023.703238,0.018746,0x40533c,1,57,27,30
4801,5,1200,2,16,16,103023.684388,103023.703088,0.018700,0x40533c,1,98,49,49
4801,5,1200,3,16,16,103023.684122,103023.702591,0.018469,0x40533c,1,75,34,41
4801,5,1200,4,16,16,103023.684465,103023.706621,0.022156,0x40533c,1,561,209,352
4801,5,1200,5,16,16,103023.684230,103023.707028,0.022798,0x40533c,1,460,230,230
4801,5,1200,6,16,16,103023.685354,103023.721234,0.035880,0x40533c,1,668,292,376
4801,5,1200,7,16,16,103023.684146,103023.707568,0.023422,0x40533c,1,546,248,298
4801,5,1200,8,16,16,103023.684271,103023.707331,0.023060,0x40533c,1,629,296,333
4801,5,1200,9,16,16,103023.683909,103023.706934,0.023025,0x40533c,1,521,126,395
4801,5,1200,10,16,16,103023.684150,103023.707510,0.023360,0x40533c,1,642,292,350
4801,5,1200,11,16,16,103023.683765,103023.706445,0.022680,0x40533c,1,691,131,560
4801,5,1200,12,16,16,103023.683662,103023.702287,0.018625,0x40533c,1,115,77,38
4801,5,1200,13,16,16,103023.683779,103023.702570,0.018791,0x40533c,1,96,50,46
4801,5,1200,14,16,16,103023.684541,103023.703734,0.019193,0x40533c,1,133,85,48
4801,5,1200,15,16,16,103023.684558,103023.703902,0.019344,0x40533c,1,109,53,56
5198,2,1300,0,16,16,109719.511496,109782.601542,33.761157,0x4051ce,1,4813771,2974781,1838990
5198,2,1300,1,16,16,109719.509931,109782.575901,38.843233,0x4051ce,1,5403578,4170773,1232805
5198,2,1300,2,16,16,109719.510038,109782.525768,39.272520,0x4051ce,1,5437947,4336570,1101377
5198,2,1300,3,16,16,109719.510207,109782.586695,39.832269,0x4051ce,1,5430576,4347714,1082862
5198,2,1300,4,16,16,109719.510915,109782.873163,63.149938,0x4051ce,1,8817054,5457255,3359799
5198,2,1300,5,16,16,109719.510924,109782.854687,62.346145,0x4051ce,1,8940428,4847648,4092780
5198,2,1300,6,16,16,109719.510372,109782.785768,59.855566,0x4051ce,1,8561735,4710999,3850736
5198,2,1300,7,16,16,109719.513938,109782.825835,61.774040,0x4051ce,1,9015994,4890499,4125495
5198,2,1300,8,16,16,109719.511111,109782.818614,61.539931,0x4051ce,1,9022995,4848042,4174953
5198,2,1300,9,16,16,109719.510572,109782.823916,59.674220,0x4051ce,1,8530251,4782473,3747778
5198,2,1300,10,16,16,109719.510427,109782.810267,60.572601,0x4051ce,1,8955219,4965181,3990038
5198,2,1300,11,16,16,109719.511244,109782.827036,61.301904,0x4051ce,1,8944971,4868832,4076139
5198,2,1300,12,16,16,109719.513622,109782.458656,36.462514,0x4051ce,1,5566593,3281810,2284783
5198,2,1300,13,16,16,109719.512883,109782.450411,37.305799,0x4051ce,1,5530589,3318806,2211783
5198,2,1300,14,16,16,109719.510186,109782.456035,36.399368,0x4051ce,1,5519463,3354127,2165336
5198,2,1300,15,16,16,109719.510228,109782.388155,32.564469,0x4051ce,1,5512801,2449870,3062931
5199,3,1300,0,16,16,109782.933118,109783.041611,0.108493,0x405218,1,5064,2528,2536
5199,3,1300,1,16,16,109782.933144,109783.052244,0.119100,0x405218,1,4417,3367,1050
5199,3,1300,2,16,16,109782.933176,109783.062272,0.129096,0x405218,1,4880,3851,1029
5199,3,1300,3,16,16,109782.933157,109783.050876,0.117719,0x405218,1,4866,3759,1107
5199,3,1300,4,16,16,109782.934007,109783.106716,0.172709,0x405218,1,9674,4920,4754
5199,3,1300,5,16,16,109782.933863,109783.112141,0.178278,0x405218,1,9651,4403,5248
5199,3,1300,6,16,16,109782.935650,109783.135448,0.199798,0x405218,1,9514,4694,4820
5199,3,1300,7,16,16,109782.933692,109783.120326,0.186634,0x405218,1,9839,5228,4611
5199,3,1300,8,16,16,109782.933542,109783.116585,0.183043,0x405218,1,9830,4922,4908
5199,3,1300,9,16,16,109782.934079,109783.110513,0.176434,0x405218,1,9484,4834,4650
5199,3,1300,10,16,16,109782.933734,109783.101917,0.168183,0x405218,1,9712,4630,5082
5199,3,1300,11,16,16,109782.933484,109783.111843,0.178359,0x405218,1,9690,4661,5029
5199,3,1300,12,16,16,109782.933341,109783.058443,0.125102,0x405218,1,5258,3487,1771
5199,3,1300,13,16,16,109782.933536,109783.059533,0.125997,0x405218,1,5121,3509,1612
5199,3,1300,14,16,16,109782.933133,109783.061075,0.127942,0x405218,1,5178,3634,1544
5199,3,1300,15,16,16,109782.933508,109783.048326,0.114818,0x405218,1,5723,3090,2633
5200,4,1300,0,16,16,109783.296509,109783.321811,0.025302,0x4052e4,1,1444,549,895
5200,4,1300,1,16,16,109783.295059,109783.316985,0.021926,0x4052e4,1,99,51,48
5200,4,1300,2,16,16,109783.294798,109783.315687,0.020889,0x4052e4,1,77,51,26
5200,4,1300,3,16,16,109783.295180,109783.316540,0.021360,0x4052e4,1,156,113,43
5200,4,1300,4,16,16,109783.295185,109783.318990,0.023805,0x4052e4,1,313,228,85
5200,4,1300,5,16,16,109783.295572,109783.318275,0.022703,0x4052e4,1,342,201,141
5200,4,1300,6,16,16,109783.295440,109783.318748,0.023308,0x4052e4,1,321,233,88
5200,4,1300,7,16,16,109783.295156,109783.317939,0.022783,0x4052e4,1,326,225,101
5200,4,1300,8,16,16,109783.294971,109783.318449,0.023478,0x4052e4,1,331,225,106
5200,4,1300,9,16,16,109783.294944,109783.318105,0.023161,0x4052e4,1,258,186,72
5200,4,1300,10,16,16,109783.295286,109783.318812,0.023526,0x4052e4,1,319,191,128
5200,4,1300,11,16,16,109783.294963,109783.317586,0.022623,0x4052e4,1,296,175,121
5200,4,1300,12,16,16,109783.294713,109783.315841,0.021128,0x4052e4,1,116,81,35
5200,4,1300,13,16,16,109783.295323,109783.316809,0.021486,0x4052e4,1,152,100,52
5200,4,1300,14,16,16,109783.294754,109783.315794,0.021040,0x4052e4,1,88,48,40
5200,4,1300,15,16,16,109783.295036,109783.316633,0.021597,0x4052e4,1,172,98,74
5201,5,1300,0,16,16,109783.360315,109783.388538,0.028223,0x40533c,1,28,2,26
5201,5,1300,1,16,16,109783.360498,109783.383809,0.023311,0x40533c,1,79,44,35
5201,5,1300,2,16,16,109783.360056,109783.382769,0.022713,0x40533c,1,32,3,29
5201,5,1300,3,16,16,109783.360111,109783.382471,0.022360,0x40533c,1,68,24,44
5201,5,1300,4,16,16,109783.360473,109783.387009,0.026536,0x40533c,1,450,133,317
5201,5,1300,5,16,16,109783.360506,109783.386890,0.026384,0x40533c,1,469,204,265
5201,5,1300,6,16,16,109783.361443,109783.402753,0.041310,0x40533c,1,354,95,259
5201,5,1300,7,16,16,109783.360168,109783.387911,0.027743,0x40533c,1,483,184,299
5201,5,1300,8,16,16,109783.360311,109783.387174,0.026863,0x40533c,1,397,122,275
5201,5,1300,9,16,16,109783.360387,109783.388124,0.027737,0x40533c,1,390,56,334
5201,5,1300,10,16,16,109783.360300,109783.387365,0.027065,0x40533c,1,529,233,296
5201,5,1300,11,16,16,109783.359920,109783.387067,0.027147,0x40533c,1,513,78,435
5201,5,1300,12,16,16,109783.359839,109783.382421,0.022582,0x40533c,1,69,43,26
5201,5,1300,13,16,16,109783.359932,109783.382559,0.022627,0x40533c,1,124,80,44
5201,5,1300,14,16,16,109783.359835,109783.382270,0.022435,0x40533c,1,103,73,30
5201,5,1300,15,16,16,109783.359936,109783.382530,0.022594,0x40533c,1,77,48,29
5598,2,1400,0,16,16,116135.298922,116195.538850,33.544666,0x4051ce,1,4806712,2964027,1842685
5598,2,1400,1,16,16,116135.297929,116195.508621,38.795291,0x4051ce,1,5399122,4171341,1227781
5598,2,1400,2,16,16,116135.298133,116195.458802,39.273635,0x4051ce,1,5431203,4336986,1094217
5598,2,1400,3,16,16,116135.297911,116195.522070,39.813891,0x4051ce,1,5426949,4353695,1073254
5598,2,1400,4,16,16,116135.298432,116195.760108,60.318967,0x4051ce,1,8485116,5285934,3199182
5598,2,1400,5,16,16,116135.298093,116195.741561,59.517604,0x4051ce,1,8614452,4621237,3993215
5598,2,1400,6,16,16,116135.298237,116195.669372,57.031106,0x4051ce,1,8289362,4533791,3755571
5598,2,1400,7,16,16,116135.300352,116195.713414,58.783249,0x4051ce,1,8688058,4657981,4030077
5598,2,1400,8,16,16,116135.298487,116195.707051,58.552651,0x4051ce,1,8692562,4601186,4091376
5598,2,1400,9,16,16,116135.298286,116195.718277,56.931553,0x4051ce,1,8265335,4590812,3674523
5598,2,1400,10,16,16,116135.298166,116195.701941,57.796838,0x4051ce,1,8629245,4749827,3879418
5598,2,1400,11,16,16,116135.298177,116195.715750,58.540426,0x4051ce,1,8613743,4642742,3971001
5598,2,1400,12,16,16,116135.298272,116195.379569,36.079724,0x4051ce,1,5566956,3216010,2350946
5598,2,1400,13,16,16,116135.298105,116195.372256,37.081489,0x4051ce,1,5535830,3248574,2287256
5598,2,1400,14,16,16,116135.298060,116195.377513,36.120314,0x4051ce,1,5522704,3281897,2240807
5598,2,1400,15,16,16,116135.298208,116195.308910,32.054951,0x4051ce,1,5515914,2373158,3142756
5599,3,1400,0,16,16,116195.822541,116195.930865,0.108324,0x405218,1,5214,2525,2689
5599,3,1400,1,16,16,116195.822208,116195.948225,0.126017,0x405218,1,4453,3407,1046
5599,3,1400,2,16,16,116195.822363,116195.951868,0.129505,0x405218,1,4840,3819,1021
5599,3,1400,3,16,16,116195.822575,116195.947483,0.124908,0x405218,1,4890,3849,1041
5599,3,1400,4,16,16,116195.822958,116195.988488,0.165530,0x405218,1,9439,4763,4676
5599,3,1400,5,16,16,116195.822910,116195.997987,0.175077,0x405218,1,9466,4426,5040
5599,3,1400,6,16,16,116195.825005,116196.015291,0.190286,0x405218,1,9354,4549,4805
5599,3,1400,7,16,16,116195.823300,116196.006506,0.183206,0x405218,1,9638,4965,4673
5599,3,1400,8,16,16,116195.823126,116196.000248,0.177122,0x405218,1,9637,4743,4894
5599,3,1400,9,16,16,116195.823273,116195.994480,0.171207,0x405218,1,9336,4564,4772
5599,3,1400,10,16,16,116195.823161,116195.998142,0.174981,0x405218,1,9638,4688,4950
5599,3,1400,11,16,16,116195.822907,116195.991143,0.168236,0x405218,1,9398,4387,5011
5599,3,1400,12,16,16,116195.822381,116195.943128,0.120747,0x405218,1,5294,3280,2014
5599,3,1400,13,16,16,116195.822600,116195.958421,0.135821,0x405218,1,5031,3858,1173
5599,3,1400,14,16,16,116195.823045,116195.949111,0.126066,0x405218,1,5122,3773,1349
5599,3,1400,15,16,16,116195.823368,116195.930941,0.107573,0x405218,1,5725,2940,2785
5600,4,1400,0,16,16,116196.177623,116196.201297,0.023674,0x4052e4,1,1466,573,893
5600,4,1400,1,16,16,116196.176676,116196.196682,0.020006,0x4052e4,1,83,37,46
5600,4,1400,2,16,16,116196.176673,116196.196326,0.019653,0x4052e4,1,88,46,42
5600,4,1400,3,16,16,116196.176543,116196.196151,0.019608,0x4052e4,1,166,101,65
5600,4,1400,4,16,16,116196.177258,116196.198883,0.021625,0x4052e4,1,348,255,93
5600,4,1400,5,16,16,116196.177217,116196.199134,0.021917,0x4052e4,1,344,215,129
5600,4,1400,6,16,16,116196.177122,116196.198429,0.021307,0x4052e4,1,326,245,81
5600,4,1400,7,16,16,116196.177215,116196.198136,0.020921,0x4052e4,1,334,230,104
5600,4,1400,8,16,16,116196.176594,116196.198302,0.021708,0x4052e4,1,317,206,111
5600,4,1400,9,16,16,116196.176902,116196.197957,0.021055,0x4052e4,1,311,210,101
5600,4,1400,10,16,16,116196.177110,116196.198591,0.021481,0x4052e4,1,398,209,189
5600,4,1400,11,16,16,116196.176910,116196.198030,0.021120,0x4052e4,1,288,166,122
5600,4,1400,12,16,16,116196.176356,116196.196004,0.019648,0x4052e4,1,126,76,50
5600,4,1400,13,16,16,116196.176662,116196.197743,0.021081,0x4052e4,1,98,51,47
5600,4,1400,14,16,16,116196.176517,116196.195910,0.019393,0x4052e4,1,82,48,34
5600,4,1400,15,16,16,116196.176538,116196.196140,0.019602,0x4052e4,1,154,73,81
5601,5,1400,0,16,16,116196.226223,116196.245596,0.019373,0x40533c,1,48,8,40
5601,5,1400,1,16,16,116196.225971,116196.244642,0.018671,0x40533c,1,57,24,33
5601,5,1400,2,16,16,116196.226164,116196.245024,0.018860,0x40533c,1,37,4,33
5601,5,1400,3,16,16,116196.226037,116196.244932,0.018895,0x40533c,1,74,37,37
5601,5,1400,4,16,16,116196.226865,116196.249057,0.022192,0x40533c,1,459,149,310
5601,5,1400,5,16,16,116196.226502,116196.248677,0.022175,0x40533c,1,452,220,232
5601,5,1400,6,16,16,116196.226675,116196.262668,0.035993,0x40533c,1,562,226,336
5601,5,1400,7,16,16,116196.226442,116196.249165,0.022723,0x40533c,1,595,237,358
5601,5,1400,8,16,16,116196.226124,116196.249014,0.022890,0x40533c,1,570,180,390
5601,5,1400,9,16,16,116196.226490,116196.249111,0.022621,0x40533c,1,610,150,460
5601,5,1400,10,16,16,116196.226006,116196.248749,0.022743,0x40533c,1,608,205,403
5601,5,1400,11,16,16,116196.225904,116196.248431,0.022527,0x40533c,1,620,83,537
5601,5,1400,12,16,16,116196.225648,116196.244300,0.018652,0x40533c,1,86,60,26
5601,5,1400,13,16,16,116196.225931,116196.245816,0.019885,0x40533c,1,156,93,63
5601,5,1400,14,16,16,116196.225853,116196.244434,0.018581,0x40533c,1,136,93,43
5601,5,1400,15,16,16,116196.225907,116196.244900,0.018993,0x40533c,1,106,67,39
5998,2,1500,0,16,16,122320.952266,122379.111830,33.341850,0x4051ce,1,4820901,2959233,1861668
5998,2,1500,1,16,16,122320.949734,122379.101108,38.637594,0x4051ce,1,5416393,4189043,1227350
5998,2,1500,2,16,16,122320.949726,122379.050013,39.247776,0x4051ce,1,5450859,4361255,1089604
5998,2,1500,3,16,16,122320.949885,122379.103164,39.443357,0x4051ce,1,5437172,4372486,1064686
5998,2,1500,4,16,16,122320.950774,122379.309897,58.210441,0x4051ce,1,8116192,5098771,3017421
5998,2,1500,5,16,16,122320.950539,122379.282003,57.257860,0x4051ce,1,8251975,4377038,3874937
5998,2,1500,6,16,16,122320.950455,122379.213874,55.082450,0x4051ce,1,7959832,4342931,3616901
5998,2,1500,7,16,16,122320.952614,122379.244818,56.610897,0x4051ce,1,8311591,4420265,3891326
5998,2,1500,8,16,16,122320.950847,122379.251140,56.446620,0x4051ce,1,8316411,4374185,3942226
5998,2,1500,9,16,16,122320.950206,122379.261243,54.917468,0x4051ce,1,7938435,4413391,3525044
5998,2,1500,10,16,16,122320.950185,122379.242675,55.538667,0x4051ce,1,8261216,4518978,3742238
5998,2,1500,11,16,16,122320.952167,122379.252826,56.267837,0x4051ce,1,8238853,4419137,3819716
5998,2,1500,12,16,16,122320.950360,122378.954102,35.453456,0x4051ce,1,5568758,3107352,2461406
5998,2,1500,13,16,16,122320.950016,122378.940612,36.558882,0x4051ce,1,5542072,3139453,2402619
5998,2,1500,14,16,16,122320.949854,122378.952839,35.747440,0x4051ce,1,5533865,3175135,2358730
5998,2,1500,15,16,16,122320.950209,122378.894248,31.868433,0x4051ce,1,5519691,2277011,3242680
5999,3,1500,0,16,16,122379.383565,122379.492173,0.108608,0x405218,1,5195,2409,2786
5999,3,1500,1,16,16,122379.382664,122379.502464,0.119800,0x405218,1,4346,3363,983
5999,3,1500,2,16,16,122379.383234,122379.513562,0.130328,0x405218,1,4730,3679,1051
5999,3,1500,3,16,16,122379.382637,122379.500502,0.117865,0x405218,1,4869,3743,1126
5999,3,1500,4,16,16,122379.383079,122379.548341,0.165262,0x405218,1,9141,4582,4559
5999,3,1500,5,16,16,122379.383725,122379.557228,0.173503,0x405218,1,9238,4280,4958
5999,3,1500,6,16,16,122379.384617,122379.573578,0.188961,0x405218,1,9101,4559,4542
5999,3,1500,7,16,16,122379.383015,122379.564270,0.181255,0x405218,1,9320,4885,4435
5999,3,1500,8,16,16,122379.383226,122379.550503,0.167277,0x405218,1,9339,4563,4776
5999,3,1500,9,16,16,122379.383249,122379.555362,0.172113,0x405218,1,9050,4534,4516
5999,3,1500,10,16,16,122379.383781,122379.548146,0.164365,0x405218,1,9254,4283,4971
5999,3,1500,11,16,16,122379.383067,122379.553361,0.170294,0x405218,1,9183,4352,4831
5999,3,1500,12,16,16,122379.382635,122379.511963,0.129328,0x405218,1,5248,3424,1824
5999,3,1500,13,16,16,122379.383073,122379.509062,0.125989,0x405218,1,5014,3041,1973
5999,3,1500,14,16,16,122379.382725,122379.508926,0.126201,0x405218,1,5122,3237,1885
5999,3,1500,15,16,16,122379.383306,122379.494585,0.111279,0x405218,1,5704,2863,2841
6000,4,1500,0,16,16,122379.731643,122379.756456,0.024813,0x4052e4,1,1482,614,868
6000,4,1500,1,16,16,122379.730015,122379.751281,0.021266,0x4052e4,1,95,48,47
6000,4,1500,2,16,16,122379.730339,122379.751934,0.021595,0x4052e4,1,92,41,51
6000,4,1500,3,16,16,122379.730185,122379.752210,0.022025,0x4052e4,1,166,111,55
6000,4,1500,4,16,16,122379.730234,122379.753108,0.022874,0x4052e4,1,281,198,83
6000,4,1500,5,16,16,122379.730115,122379.753393,0.023278,0x4052e4,1,340,193,147
6000,4,1500,6,16,16,122379.730579,122379.753266,0.022687,0x4052e4,1,323,222,101
6000,4,1500,7,16,16,122379.730188,122379.752805,0.022617,0x4052e4,1,298,200,98
6000,4,1500,8,16,16,122379.730674,122379.753502,0.022828,0x4052e4,1,285,184,101
6000,4,1500,9,16,16,122379.730299,122379.753054,0.022755,0x4052e4,1,285,173,112
6000,4,1500,10,16,16,122379.730067,122379.752666,0.022599,0x4052e4,1,321,166,155
6000,4,1500,11,16,16,122379.729732,122379.752285,0.022553,0x4052e4,1,317,189,128
6000,4,1500,12,16,16,122379.730217,122379.752388,0.022171,0x4052e4,1,127,85,42
6000,4,1500,13,16,16,122379.729757,122379.750778,0.021021,0x4052e4,1,100,46,54
6000,4,1500,14,16,16,122379.729707,122379.750317,0.020610,0x4052e4,1,87,51,36
6000,4,1500,15,16,16,122379.729780,122379.750660,0.020880,0x4052e4,1,162,80,82
6001,5,1500,0,16,16,122379.783103,122379.803115,0.020012,0x40533c,1,32,3,29
6001,5,1500,1,16,16,122379.783290,122379.803706,0.020416,0x40533c,1,55,17,38
6001,5,1500,2,16,16,122379.783074,122379.804105,0.021031,0x40533c,1,56,19,37
6001,5,1500,3,16,16,122379.782769,122379.802974,0.020205,0x40533c,1,81,30,51
6001,5,1500,4,16,16,122379.782845,122379.805965,0.023120,0x40533c,1,509,153,356
6001,5,1500,5,16,16,122379.783433,122379.807893,0.024460,0x40533c,1,407,221,186
6001,5,1500,6,16,16,122379.783876,122379.822097,0.038221,0x40533c,1,460,130,330
6001,5,1500,7,16,16,122379.783336,122379.807723,0.024387,0x40533c,1,497,241,256
6001,5,1500,8,16,16,122379.783066,122379.807263,0.024197,0x40533c,1,623,195,428
6001,5,1500,9,16,16,122379.783283,122379.807784,0.024501,0x40533c,1,600,147,453
6001,5,1500,10,16,16,122379.782820,122379.807438,0.024618,0x40533c,1,636,204,432
6001,5,1500,11,16,16,122379.783219,122379.807345,0.024126,0x40533c,1,620,75,545
6001,5,1500,12,16,16,122379.782712,122379.803095,0.020383,0x40533c,1,98,55,43
6001,5,1500,13,16,16,122379.783261,122379.803506,0.020245,0x40533c,1,104,58,46
6001,5,1500,14,16,16,122379.783348,122379.804071,0.020723,0x40533c,1,97,48,49
6001,5,1500,15,16,16,122379.782872,122379.803389,0.020517,0x40533c,1,113,66,47
6398,2,1600,0,16,16,128220.889463,128275.491062,33.146256,0x4051ce,1,4811768,2939734,1872034
6398,2,1600,1,16,16,128220.887121,128275.457497,38.510585,0x4051ce,1,5398895,4202646,1196249
6398,2,1600,2,16,16,128220.887072,128275.424795,38.972842,0x4051ce,1,5438489,4369229,1069260
6398,2,1600,3,16,16,128220.887209,128275.467508,39.273710,0x4051ce,1,5425374,4395399,1029975
6398,2,1600,4,16,16,128220.888109,128275.635315,54.605696,0x4051ce,1,7706524,4927791,2778733
6398,2,1600,5,16,16,128220.887467,128275.599517,53.470970,0x4051ce,1,7810469,4140878,3669591
6398,2,1600,6,16,16,128220.887635,128275.537213,51.634535,0x4051ce,1,7542775,4127491,3415284
6398,2,1600,7,16,16,128220.889565,128275.560716,52.563892,0x4051ce,1,7865169,4177352,3687817
6398,2,1600,8,16,16,128220.888071,128275.573795,52.577987,0x4051ce,1,7866163,4145310,3720853
6398,2,1600,9,16,16,128220.887824,128275.582280,51.467708,0x4051ce,1,7517505,4206550,3310955
6398,2,1600,10,16,16,128220.887510,128275.562844,51.474217,0x4051ce,1,7817045,4290124,3526921
6398,2,1600,11,16,16,128220.889925,128275.575878,52.523741,0x4051ce,1,7818729,4214595,3604134
6398,2,1600,12,16,16,128220.887959,128275.296242,34.822197,0x4051ce,1,5572389,2953132,2619257
6398,2,1600,13,16,16,128220.887191,128275.285517,35.806678,0x4051ce,1,5533663,2999242,2534421
6398,2,1600,14,16,16,128220.887207,128275.296940,35.030818,0x4051ce,1,5533455,3027400,2506055
6398,2,1600,15,16,16,128220.887829,128275.245362,31.044015,0x4051ce,1,5521004,2130172,3390832
6399,3,1600,0,16,16,128275.696397,128275.799502,0.103105,0x405218,1,5162,2324,2838
6399,3,1600,1,16,16,128275.696352,128275.818157,0.121805,0x405218,1,4411,3365,1046
6399,3,1600,2,16,16,128275.696442,128275.818411,0.121969,0x405218,1,4802,3693,1109
6399,3,1600,3,16,16,128275.696441,128275.814549,0.118108,0x405218,1,4803,3677,1126
6399,3,1600,4,16,16,128275.696881,128275.860047,0.163166,0x405218,1,8731,4515,4216
6399,3,1600,5,16,16,128275.696877,128275.856023,0.159146,0x405218,1,8768,3778,4990
6399,3,1600,6,16,16,128275.699345,128275.877694,0.178349,0x405218,1,8696,4434,4262
6399,3,1600,7,16,16,128275.697330,128275.870966,0.173636,0x405218,1,8906,4531,4375
6399,3,1600,8,16,16,128275.697082,128275.863935,0.166853,0x405218,1,8990,4455,4535
6399,3,1600,9,16,16,128275.697271,128275.861071,0.163800,0x405218,1,8599,4236,4363
6399,3,1600,10,16,16,128275.697311,128275.861825,0.164514,0x405218,1,8806,4427,4379
6399,3,1600,11,16,16,128275.696837,128275.860970,0.164133,0x405218,1,8845,3914,4931
6399,3,1600,12,16,16,128275.696534,128275.818039,0.121505,0x405218,1,5246,2871,2375
6399,3,1600,13,16,16,128275.696952,128275.822122,0.125170,0x405218,1,4990,3039,1951
6399,3,1600,14,16,16,128275.697007,128275.824933,0.127926,0x405218,1,5065,3636,1429
6399,3,1600,15,16,16,128275.696977,128275.797359,0.100382,0x405218,1,5720,2619,3101
6400,4,1600,0,16,16,128276.030509,128276.053716,0.023207,0x4052e4,1,1445,563,882
6400,4,1600,1,16,16,128276.029073,128276.049006,0.019933,0x4052e4,1,87,44,43
6400,4,1600,2,16,16,128276.028668,128276.048098,0.019430,0x4052e4,1,79,43,36
6400,4,1600,3,16,16,128276.029061,128276.048699,0.019638,0x4052e4,1,150,107,43
6400,4,1600,4,16,16,128276.029125,128276.051058,0.021933,0x4052e4,1,315,228,87
6400,4,1600,5,16,16,128276.029290,128276.051109,0.021819,0x4052e4,1,345,186,159
6400,4,1600,6,16,16,128276.029179,128276.050682,0.021503,0x4052e4,1,336,243,93
6400,4,1600,7,16,16,128276.029028,128276.049827,0.020799,0x4052e4,1,315,227,88
6400,4,1600,8,16,16,128276.028806,128276.050010,0.021204,0x4052e4,1,287,178,109
6400,4,1600,9,16,16,128276.029394,128276.050804,0.021410,0x4052e4,1,270,161,109
6400,4,1600,10,16,16,128276.029195,128276.050626,0.021431,0x4052e4,1,336,191,145
6400,4,1600,11,16,16,128276.028907,128276.049654,0.020747,0x4052e4,1,341,161,180
6400,4,1600,12,16,16,128276.029004,128276.048796,0.019792,0x4052e4,1,135,80,55
6400,4,1600,13,16,16,128276.028903,128276.048877,0.019974,0x4052e4,1,93,49,44
6400,4,1600,14,16,16,128276.028731,128276.048145,0.019414,0x4052e4,1,92,42,50
6400,4,1600,15,16,16,128276.028894,128276.049199,0.020305,0x4052e4,1,167,80,87
6401,5,1600,0,16,16,128276.084684,128276.103374,0.018690,0x40533c,1,26,0,26
6401,5,1600,1,16,16,128276.085155,128276.103983,0.018828,0x40533c,1,54,18,36
6401,5,1600,2,16,16,128276.084692,128276.103473,0.018781,0x40533c,1,53,1,52
6401,5,1600,3,16,16,128276.084358,128276.103263,0.018905,0x40533c,1,71,29,42
6401,5,1600,4,16,16,128276.085040,128276.107192,0.022152,0x40533c,1,506,143,363
6401,5,1600,5,16,16,128276.084819,128276.106432,0.021613,0x40533c,1,559,247,312
6401,5,1600,6,16,16,128276.085960,128276.121631,0.035671,0x40533c,1,568,252,316
6401,5,1600,7,16,16,128276.084643,128276.106764,0.022121,0x40533c,1,526,259,267
6401,5,1600,8,16,16,128276.085144,128276.107515,0.022371,0x40533c,1,527,186,341
6401,5,1600,9,16,16,128276.084916,128276.106829,0.021913,0x40533c,1,495,134,361
6401,5,1600,10,16,16,128276.084885,128276.107570,0.022685,0x40533c,1,586,171,415
6401,5,1600,11,16,16,128276.084410,128276.106623,0.022213,0x40533c,1,615,59,556
6401,5,1600,12,16,16,128276.084988,128276.103880,0.018892,0x40533c,1,85,49,36
6401,5,1600,13,16,16,128276.084622,128276.103813,0.019191,0x40533c,1,129,80,49
6401,5,1600,14,16,16,128276.085126,128276.104041,0.018915,0x40533c,1,111,61,50
6401,5,1600,15,16,16,128276.084432,128276.103116,0.018684,0x40533c,1,108,72,36
6798,2,1700,0,16,16,133838.863148,133891.964816,32.900154,0x4051ce,1,4808143,2927386,1880757
6798,2,1700,1,16,16,133838.861139,133891.935759,38.364601,0x4051ce,1,5393596,4201101,1192495
6798,2,1700,2,16,16,133838.861221,133891.905265,38.889477,0x4051ce,1,5441227,4367137,1074090
6798,2,1700,3,16,16,133838.861245,133891.951816,39.136823,0x4051ce,1,5422545,4392804,1029741
6798,2,1700,4,16,16,133838.861541,133892.086923,53.084204,0x4051ce,1,7515516,4879306,2636210
6798,2,1700,5,16,16,133838.861860,133892.064892,51.950372,0x4051ce,1,7648270,4076554,3571716
6798,2,1700,6,16,16,133838.861456,133891.998910,50.157669,0x4051ce,1,7365607,4037624,3327983
6798,2,1700,7,16,16,133838.863031,133892.021853,51.266233,0x4051ce,1,7701767,4094764,3607003
6798,2,1700,8,16,16,133838.861973,133892.036757,51.304329,0x4051ce,1,7712368,4069648,3642720
6798,2,1700,9,16,16,133838.861799,133892.045188,49.932452,0x4051ce,1,7334186,4099035,3235151
6798,2,1700,10,16,16,133838.861432,133892.021704,50.080162,0x4051ce,1,7659674,4225068,3434606
6798,2,1700,11,16,16,133838.862777,133892.037673,51.072333,0x4051ce,1,7650843,4127026,3523817
6798,2,1700,12,16,16,133838.861372,133891.780272,34.562368,0x4051ce,1,5571341,2900420,2670921
6798,2,1700,13,16,16,133838.861240,133891.774685,35.630768,0x4051ce,1,5540011,2939015,2600996
6798,2,1700,14,16,16,133838.861219,133891.772204,34.686409,0x4051ce,1,5530371,2976525,2553846
6798,2,1700,15,16,16,133838.861227,133891.725203,30.820178,0x4051ce,1,5520811,2081667,3439144
6799,3,1700,0,16,16,133892.147151,133892.249661,0.102510,0x405218,1,4980,2238,2742
6799,3,1700,1,16,16,133892.147051,133892.273146,0.126095,0x405218,1,4402,3350,1052
6799,3,1700,2,16,16,133892.147086,133892.273247,0.126161,0x405218,1,4809,3433,1376
6799,3,1700,3,16,16,133892.146866,133892.273598,0.126732,0x405218,1,4817,3730,1087
6799,3,1700,4,16,16,133892.148168,133892.307634,0.159466,0x405218,1,8606,4327,4279
6799,3,1700,5,16,16,133892.147880,133892.313913,0.166033,0x405218,1,8598,3835,4763
6799,3,1700,6,16,16,133892.149381,133892.331840,0.182459,0x405218,1,8558,4261,4297
6799,3,1700,7,16,16,133892.147564,133892.312970,0.165406,0x405218,1,8790,4540,4250
6799,3,1700,8,16,16,133892.147694,133892.316370,0.168676,0x405218,1,8870,4209,4661
6799,3,1700,9,16,16,133892.147991,133892.308101,0.160110,0x405218,1,8449,4146,4303
6799,3,1700,10,16,16,133892.147640,133892.312570,0.164930,0x405218,1,8606,4255,4351
6799,3,1700,11,16,16,133892.147858,133892.315879,0.168021,0x405218,1,8632,4037,4595
6799,3,1700,12,16,16,133892.147267,133892.278479,0.131212,0x405218,1,5234,3400,1834
6799,3,1700,13,16,16,133892.147409,133892.277037,0.129628,0x405218,1,5064,3072,1992
6799,3,1700,14,16,16,133892.147832,133892.270013,0.122181,0x405218,1,5164,3342,1822
6799,3,1700,15,16,16,133892.147847,133892.259143,0.111296,0x405218,1,5712,2728,2984
6800,4,1700,0,16,16,133892.497837,133892.523580,0.025743,0x4052e4,1,1575,633,942
6800,4,1700,1,16,16,133892.496536,133892.517858,0.021322,0x4052e4,1,84,38,46
6800,4,1700,2,16,16,133892.496520,133892.517391,0.020871,0x4052e4,1,83,49,34
6800,4,1700,3,16,16,133892.496750,133892.518331,0.021581,0x4052e4,1,149,106,43
6800,4,1700,4,16,16,133892.497316,133892.520412,0.023096,0x4052e4,1,311,219,92
6800,4,1700,5,16,16,133892.497315,133892.519922,0.022607,0x4052e4,1,302,178,124
6800,4,1700,6,16,16,133892.497131,133892.519851,0.022720,0x4052e4,1,352,237,115
6800,4,1700,7,16,16,133892.496971,133892.520175,0.023204,0x4052e4,1,261,171,90
6800,4,1700,8,16,16,133892.496807,133892.519899,0.023092,0x4052e4,1,319,220,99
6800,4,1700,9,16,16,133892.497161,133892.519646,0.022485,0x4052e4,1,263,154,109
6800,4,1700,10,16,16,133892.496933,133892.519454,0.022521,0x4052e4,1,303,167,136
6800,4,1700,11,16,16,133892.496587,133892.518738,0.022151,0x4052e4,1,296,178,118
6800,4,1700,12,16,16,133892.496551,133892.518302,0.021751,0x4052e4,1,117,77,40
6800,4,1700,13,16,16,133892.496672,133892.517884,0.021212,0x4052e4,1,90,45,45
6800,4,1700,14,16,16,133892.496555,133892.517311,0.020756,0x4052e4,1,76,34,42
6800,4,1700,15,16,16,133892.496596,133892.517597,0.021001,0x4052e4,1,155,80,75
6801,5,1700,0,16,16,133892.555198,133892.576954,0.021756,0x40533c,1,38,1,37
6801,5,1700,1,16,16,133892.555203,133892.577277,0.022074,0x40533c,1,48,17,31
6801,5,1700,2,16,16,133892.555367,133892.577441,0.022074,0x40533c,1,30,0,30
6801,5,1700,3,16,16,133892.554827,133892.576493,0.021666,0x40533c,1,73,35,38
6801,5,1700,4,16,16,133892.555407,133892.580288,0.024881,0x40533c,1,440,153,287
6801,5,1700,5,16,16,133892.555536,133892.580668,0.025132,0x40533c,1,402,162,240
6801,5,1700,6,16,16,133892.556339,133892.597365,0.041026,0x40533c,1,422,141,281
6801,5,1700,7,16,16,133892.555038,133892.580078,0.025040,0x40533c,1,580,315,265
6801,5,1700,8,16,16,133892.555342,133892.580598,0.025256,0x40533c,1,435,152,283
6801,5,1700,9,16,16,133892.555215,133892.581010,0.025795,0x40533c,1,511,157,354
6801,5,1700,10,16,16,133892.555071,133892.580104,0.025033,0x40533c,1,604,176,428
6801,5,1700,11,16,16,133892.555219,133892.580699,0.025480,0x40533c,1,553,52,501
6801,5,1700,12,16,16,133892.554666,133892.576308,0.021642,0x40533c,1,97,51,46
6801,5,1700,13,16,16,133892.555182,133892.577060,0.021878,0x40533c,1,102,57,45
6801,5,1700,14,16,16,133892.555440,133892.577374,0.021934,0x40533c,1,68,29,39
6801,5,1700,15,16,16,133892.555641,133892.577733,0.022092,0x40533c,1,83,48,35
7198,2,1800,0,16,16,139347.248237,139400.446987,33.246151,0x4051ce,1,4834865,2939478,1895387
7198,2,1800,1,16,16,139347.246068,139400.407399,38.416531,0x4051ce,1,5430946,4225891,1205055
7198,2,1800,2,16,16,139347.246084,139400.372369,38.932041,0x4051ce,1,5469832,4392138,1077694
7198,2,1800,3,16,16,139347.246116,139400.424341,39.224749,0x4051ce,1,5452271,4419827,1032444
7198,2,1800,4,16,16,139347.246731,139400.548515,53.151471,0x4051ce,1,7365090,4844355,2520735
7198,2,1800,5,16,16,139347.246452,139400.517856,52.049122,0x4051ce,1,7494556,3993903,3500653
7198,2,1800,6,16,16,139347.246586,139400.442214,49.955191,0x4051ce,1,7188440,3961474,3226966
7198,2,1800,7,16,16,139347.247577,139400.472060,51.335210,0x4051ce,1,7546537,4022735,3523802
7198,2,1800,8,16,16,139347.247301,139400.480440,51.187424,0x4051ce,1,7550886,3976237,3574649
7198,2,1800,9,16,16,139347.246882,139400.489466,49.652694,0x4051ce,1,7155774,4021675,3134099
7198,2,1800,10,16,16,139347.246528,139400.468842,50.031174,0x4051ce,1,7508090,4150844,3357246
7198,2,1800,11,16,16,139347.249571,139400.489148,51.114439,0x4051ce,1,7492145,4055818,3436327
7198,2,1800,12,16,16,139347.246322,139400.238164,34.554241,0x4051ce,1,5584361,2854797,2729564
7198,2,1800,13,16,16,139347.246194,139400.222462,35.447488,0x4051ce,1,5546379,2896791,2649588
7198,2,1800,14,16,16,139347.246034,139400.224653,34.636562,0x4051ce,1,5541552,2935154,2606398
7198,2,1800,15,16,16,139347.246229,139400.183603,31.173575,0x4051ce,1,5526816,2029198,3497618
7199,3,1800,0,16,16,139400.617025,139400.721440,0.104415,0x405218,1,5119,2189,2930
7199,3,1800,1,16,16,139400.617104,139400.737179,0.120075,0x405218,1,4440,3388,1052
7199,3,1800,2,16,16,139400.617047,139400.748639,0.131592,0x405218,1,4629,3311,1318
7199,3,1800,3,16,16,139400.617270,139400.746960,0.129690,0x405218,1,4764,3748,1016
7199,3,1800,4,16,16,139400.617477,139400.772907,0.155430,0x405218,1,8449,4212,4237
7199,3,1800,5,16,16,139400.618098,139400.779342,0.161244,0x405218,1,8432,3798,4634
7199,3,1800,6,16,16,139400.618884,139400.802852,0.183968,0x405218,1,8368,4296,4072
7199,3,1800,7,16,16,139400.617644,139400.792044,0.174400,0x405218,1,8594,4471,4123
7199,3,1800,8,16,16,139400.617681,139400.780268,0.162587,0x405218,1,8686,4264,4422
7199,3,1800,9,16,16,139400.618176,139400.776449,0.158273,0x405218,1,8168,4026,4142
7199,3,1800,10,16,16,139400.617823,139400.778732,0.160909,0x405218,1,8416,3865,4551
7199,3,1800,11,16,16,139400.617661,139400.788348,0.170687,0x405218,1,8535,4027,4508
7199,3,1800,12,16,16,139400.617115,139400.740981,0.123866,0x405218,1,5247,3308,1939
7199,3,1800,13,16,16,139400.617781,139400.747329,0.129548,0x405218,1,5037,3503,1534
7199,3,1800,14,16,16,139400.617653,139400.747364,0.129711,0x405218,1,5114,3692,1422
7199,3,1800,15,16,16,139400.617901,139400.723793,0.105892,0x405218,1,5731,2497,3234
7200,4,1800,0,16,16,139400.957818,139400.984972,0.027154,0x4052e4,1,1430,563,867
7200,4,1800,1,16,16,139400.956702,139400.979721,0.023019,0x4052e4,1,109,54,55
7200,4,1800,2,16,16,139400.956706,139400.979258,0.022552,0x4052e4,1,71,40,31
7200,4,1800,3,16,16,139400.956574,139400.979430,0.022856,0x4052e4,1,140,94,46
7200,4,1800,4,16,16,139400.957384,139400.981980,0.024596,0x4052e4,1,287,210,77
7200,4,1800,5,16,16,139400.957203,139400.981584,0.024381,0x4052e4,1,304,155,149
7200,4,1800,6,16,16,139400.957053,139400.982234,0.025181,0x4052e4,1,306,233,73
7200,4,1800,7,16,16,139400.957043,139400.981984,0.024941,0x4052e4,1,266,192,74
7200,4,1800,8,16,16,139400.956820,139400.981496,0.024676,0x4052e4,1,259,173,86
7200,4,1800,9,16,16,139400.957194,139400.981643,0.024449,0x4052e4,1,272,172,100
7200,4,1800,10,16,16,139400.957175,139400.981730,0.024555,0x4052e4,1,327,175,152
7200,4,1800,11,16,16,139400.956647,139400.980811,0.024164,0x4052e4,1,319,177,142
7200,4,1800,12,16,16,139400.956632,139400.979675,0.023043,0x4052e4,1,116,75,41
7200,4,1800,13,16,16,139400.956622,139400.979742,0.023120,0x4052e4,1,141,77,64
7200,4,1800,14,16,16,139400.957118,139400.979728,0.022610,0x4052e4,1,83,38,45
7200,4,1800,15,16,16,139400.956734,139400.979454,0.022720,0x4052e4,1,158,72,86
7201,5,1800,0,16,16,139401.013392,139401.035549,0.022157,0x40533c,1,24,2,22
7201,5,1800,1,16,16,139401.012993,139401.034715,0.021722,0x40533c,1,91,54,37
7201,5,1800,2,16,16,139401.012769,139401.034859,0.022090,0x40533c,1,56,10,46
7201,5,1800,3,16,16,139401.013462,139401.035708,0.022246,0x40533c,1,70,24,46
7201,5,1800,4,16,16,139401.013346,139401.038949,0.025603,0x40533c,1,443,146,297
7201,5,1800,5,16,16,139401.013196,139401.038532,0.025336,0x40533c,1,354,183,171
7201,5,1800,6,16,16,139401.014232,139401.055356,0.041124,0x40533c,1,390,118,272
7201,5,1800,7,16,16,139401.013538,139401.039797,0.026259,0x40533c,1,523,275,248
7201,5,1800,8,16,16,139401.013091,139401.038322,0.025231,0x40533c,1,536,176,360
7201,5,1800,9,16,16,139401.013117,139401.038617,0.025500,0x40533c,1,493,135,358
7201,5,1800,10,16,16,139401.013299,139401.039033,0.025734,0x40533c,1,661,199,462
7201,5,1800,11,16,16,139401.013111,139401.038241,0.025130,0x40533c,1,634,57,577
7201,5,1800,12,16,16,139401.012763,139401.034488,0.021725,0x40533c,1,111,69,42
7201,5,1800,13,16,16,139401.013523,139401.035344,0.021821,0x40533c,1,112,55,57
7201,5,1800,14,16,16,139401.013086,139401.035087,0.022001,0x40533c,1,106,62,44
7201,5,1800,15,16,16,139401.013612,139401.036055,0.022443,0x40533c,1,109,67,42
7598,2,1900,0,16,16,144690.963702,144741.677699,32.976958,0x4051ce,1,4818938,2923610,1895328
7598,2,1900,1,16,16,144690.960085,144741.645883,38.174454,0x4051ce,1,5411143,4216887,1194256
7598,2,1900,2,16,16,144690.960012,144741.617269,38.854755,0x4051ce,1,5452789,4380171,1072618
7598,2,1900,3,16,16,144690.960535,144741.660118,39.093078,0x4051ce,1,5438792,4404533,1034259
7598,2,1900,4,16,16,144690.961278,144741.757053,50.652486,0x4051ce,1,7112057,4787384,2324673
7598,2,1900,5,16,16,144690.960892,144741.732019,49.433157,0x4051ce,1,7240937,3890020,3350917
7598,2,1900,6,16,16,144690.961057,144741.669800,48.340911,0x4051ce,1,7041172,3882751,3158421
7598,2,1900,7,16,16,144690.962469,144741.680865,48.724162,0x4051ce,1,7302141,3890537,3411604
7598,2,1900,8,16,16,144690.961491,144741.696176,48.582332,0x4051ce,1,7288892,3898720,3390172
7598,2,1900,9,16,16,144690.960768,144741.707277,47.850180,0x4051ce,1,7000522,3928468,3072054
7598,2,1900,10,16,16,144690.960986,144741.690242,47.474877,0x4051ce,1,7250681,4040197,3210484
7598,2,1900,11,16,16,144690.963018,144741.693929,48.726002,0x4051ce,1,7247632,3969446,3278186
7598,2,1900,12,16,16,144690.960551,144741.468811,34.223971,0x4051ce,1,5579217,2797298,2781919
7598,2,1900,13,16,16,144690.960841,144741.457994,34.998622,0x4051ce,1,5543020,2821918,2721102
7598,2,1900,14,16,16,144690.960358,144741.450467,34.127510,0x4051ce,1,5528233,2863332,2664901
7598,2,1900,15,16,16,144690.960807,144741.420148,30.621069,0x4051ce,1,5512481,1965565,3546916
7599,3,1900,0,16,16,144741.816000,144741.923235,0.107235,0x405218,1,5151,2250,2901
7599,3,1900,1,16,16,144741.816034,144741.934896,0.118862,0x405218,1,4452,3354,1098
7599,3,1900,2,16,16,144741.816338,144741.943980,0.127642,0x405218,1,4768,3665,1103
7599,3,1900,3,16,16,144741.815764,144741.939463,0.123699,0x405218,1,4829,3715,1114
7599,3,1900,4,16,16,144741.816402,144741.969308,0.152906,0x405218,1,8162,4113,4049
7599,3,1900,5,16,16,144741.816678,144741.971607,0.154929,0x405218,1,8182,3728,4454
7599,3,1900,6,16,16,144741.817993,144741.998109,0.180116,0x405218,1,8152,4106,4046
7599,3,1900,7,16,16,144741.816667,144741.983393,0.166726,0x405218,1,8369,4095,4274
7599,3,1900,8,16,16,144741.816994,144741.982783,0.165789,0x405218,1,8492,4186,4306
7599,3,1900,9,16,16,144741.817046,144741.968279,0.151233,0x405218,1,7942,3760,4182
7599,3,1900,10,16,16,144741.816977,144741.975353,0.158376,0x405218,1,8244,4095,4149
7599,3,1900,11,16,16,144741.816320,144741.977146,0.160826,0x405218,1,8305,3719,4586
7599,3,1900,12,16,16,144741.815897,144741.942346,0.126449,0x405218,1,5270,3396,1874
7599,3,1900,13,16,16,144741.816857,144741.949007,0.132150,0x405218,1,5060,3877,1183
7599,3,1900,14,16,16,144741.816877,144741.945882,0.129005,0x405218,1,5184,3218,1966
7599,3,1900,15,16,16,144741.816578,144741.921899,0.105321,0x405218,1,5730,2735,2995
7600,4,1900,0,16,16,144742.150961,144742.175638,0.024677,0x4052e4,1,1475,595,880
7600,4,1900,1,16,16,144742.150016,144742.171766,0.021750,0x4052e4,1,102,52,50
7600,4,1900,2,16,16,144742.149658,144742.171122,0.021464,0x4052e4,1,99,47,52
7600,4,1900,3,16,16,144742.149510,144742.170904,0.021394,0x4052e4,1,162,111,51
7600,4,1900,4,16,16,144742.150105,144742.173241,0.023136,0x4052e4,1,307,229,78
7600,4,1900,5,16,16,144742.150093,144742.172525,0.022432,0x4052e4,1,263,166,97
7600,4,1900,6,16,16,144742.150157,144742.172695,0.022538,0x4052e4,1,320,246,74
7600,4,1900,7,16,16,144742.150018,144742.172069,0.022051,0x4052e4,1,235,173,62
7600,4,1900,8,16,16,144742.149685,144742.172435,0.022750,0x4052e4,1,270,189,81
7600,4,1900,9,16,16,144742.149753,144742.172289,0.022536,0x4052e4,1,292,172,120
7600,4,1900,10,16,16,144742.150114,144742.172790,0.022676,0x4052e4,1,278,143,135
7600,4,1900,11,16,16,144742.149532,144742.172103,0.022571,0x4052e4,1,327,173,154
7600,4,1900,12,16,16,144742.149423,144742.170634,0.021211,0x4052e4,1,118,73,45
7600,4,1900,13,16,16,144742.149665,144742.171090,0.021425,0x4052e4,1,155,78,77
7600,4,1900,14,16,16,144742.149554,144742.170453,0.020899,0x4052e4,1,83,34,49
7600,4,1900,15,16,16,144742.149591,144742.170929,0.021338,0x4052e4,1,155,80,75
7601,5,1900,0,16,16,144742.210647,144742.230696,0.020049,0x40533c,1,30,2,28
7601,5,1900,1,16,16,144742.211187,144742.231536,0.020349,0x40533c,1,74,43,31
7601,5,1900,2,16,16,144742.211231,144742.231972,0.020741,0x40533c,1,50,19,31
7601,5,1900,3,16,16,144742.210831,144742.230967,0.020136,0x40533c,1,76,36,40
7601,5,1900,4,16,16,144742.210930,144742.234057,0.023127,0x40533c,1,411,155,256
7601,5,1900,5,16,16,144742.211305,144742.234640,0.023335,0x40533c,1,465,215,250
7601,5,1900,6,16,16,144742.211481,144742.249759,0.038278,0x40533c,1,412,162,250
7601,5,1900,7,16,16,144742.210930,144742.234211,0.023281,0x40533c,1,575,272,303
7601,5,1900,8,16,16,144742.211048,144742.234557,0.023509,0x40533c,1,497,163,334
7601,5,1900,9,16,16,144742.210632,144742.233832,0.023200,0x40533c,1,325,82,243
7601,5,1900,10,16,16,144742.211309,144742.235175,0.023866,0x40533c,1,536,136,400
7601,5,1900,11,16,16,144742.210753,144742.234090,0.023337,0x40533c,1,545,37,508
7601,5,1900,12,16,16,144742.211217,144742.231563,0.020346,0x40533c,1,97,57,40
7601,5,1900,13,16,16,144742.210646,144742.230958,0.020312,0x40533c,1,108,37,71
7601,5,1900,14,16,16,144742.210646,144742.231004,0.020358,0x40533c,1,113,63,50
7601,5,1900,15,16,16,144742.211147,144742.231312,0.020165,0x40533c,1,106,62,44
7998,2,2000,0,16,16,149874.104170,149923.173332,32.649849,0x4051ce,1,4811273,2909873,1901400
7998,2,2000,1,16,16,149874.098897,149923.143362,38.100134,0x4051ce,1,5414915,4222745,1192170
7998,2,2000,2,16,16,149874.098905,149923.102546,38.794820,0x4051ce,1,5462077,4392595,1069482
7998,2,2000,3,16,16,149874.099106,149923.155875,39.056289,0x4051ce,1,5448102,4411744,1036358
7998,2,2000,4,16,16,149874.099358,149923.235919,48.896770,0x4051ce,1,6859577,4726695,2132882
7998,2,2000,5,16,16,149874.099524,149923.205128,47.861788,0x4051ce,1,6990649,3807023,3183626
7998,2,2000,6,16,16,149874.099348,149923.153517,47.144138,0x4051ce,1,6889625,3825556,3064069
7998,2,2000,7,16,16,149874.101132,149923.156382,46.781521,0x4051ce,1,7048899,3791157,3257742
7998,2,2000,8,16,16,149874.099517,149923.173507,46.685938,0x4051ce,1,7038767,3803552,3235215
7998,2,2000,9,16,16,149874.100065,149923.172028,46.859673,0x4051ce,1,6847757,3858056,2989701
7998,2,2000,10,16,16,149874.099453,149923.144416,45.180409,0x4051ce,1,6987757,3913723,3074034
7998,2,2000,11,16,16,149874.099275,149923.175150,47.031271,0x4051ce,1,7013272,3904655,3108617
7998,2,2000,12,16,16,149874.099143,149922.944882,33.755602,0x4051ce,1,5571070,2738321,2832749
7998,2,2000,13,16,16,149874.099100,149922.921071,34.600835,0x4051ce,1,5527148,2753717,2773431
7998,2,2000,14,16,16,149874.099019,149922.925963,33.631375,0x4051ce,1,5522570,2790991,2731579
7998,2,2000,15,16,16,149874.099466,149922.898174,30.516938,0x4051ce,1,5512096,1900532,3611564
7999,3,2000,0,16,16,149923.312827,149923.419773,0.106946,0x405218,1,4928,2220,2708
7999,3,2000,1,16,16,149923.312889,149923.438230,0.125341,0x405218,1,4316,3277,1039
7999,3,2000,2,16,16,149923.312634,149923.441105,0.128471,0x405218,1,4733,3581,1152
7999,3,2000,3,16,16,149923.312547,149923.436358,0.123811,0x405218,1,4763,3547,1216
7999,3,2000,4,16,16,149923.313269,149923.466412,0.153143,0x405218,1,7760,3957,3803
7999,3,2000,5,16,16,149923.313208,149923.469437,0.156229,0x405218,1,7778,3385,4393
7999,3,2000,6,16,16,149923.314958,149923.493120,0.178162,0x405218,1,7928,4125,3803
7999,3,2000,7,16,16,149923.313317,149923.471080,0.157763,0x405218,1,8018,4067,3951
7999,3,2000,8,16,16,149923.313180,149923.474511,0.161331,0x405218,1,8177,3935,4242
7999,3,2000,9,16,16,149923.313500,149923.467643,0.154143,0x405218,1,7758,3678,4080
7999,3,2000,10,16,16,149923.313436,149923.468426,0.154990,0x405218,1,7839,4131,3708
7999,3,2000,11,16,16,149923.313076,149923.478797,0.165721,0x405218,1,7984,4081,3903
7999,3,2000,12,16,16,149923.312790,149923.447269,0.134479,0x405218,1,5236,3268,1968
7999,3,2000,13,16,16,149923.313268,149923.453430,0.140162,0x405218,1,5105,3800,1305
7999,3,2000,14,16,16,149923.312757,149923.452308,0.139551,0x405218,1,5159,3683,1476
7999,3,2000,15,16,16,149923.313500,149923.425235,0.111735,0x405218,1,5711,2676,3035
8000,4,2000,0,16,16,149923.651221,149923.676363,0.025142,0x4052e4,1,1569,590,979
8000,4,2000,1,16,16,149923.649557,149923.671038,0.021481,0x4052e4,1,91,35,56
8000,4,2000,2,16,16,149923.649414,149923.670526,0.021112,0x4052e4,1,89,44,45
8000,4,2000,3,16,16,149923.649466,149923.670651,0.021185,0x4052e4,1,158,102,56
8000,4,2000,4,16,16,149923.650045,149923.672893,0.022848,0x4052e4,1,377,260,117
8000,4,2000,5,16,16,149923.650150,149923.673200,0.023050,0x4052e4,1,235,160,75
8000,4,2000,6,16,16,149923.649896,149923.672190,0.022294,0x4052e4,1,300,237,63
8000,4,2000,7,16,16,149923.649713,149923.672500,0.022787,0x4052e4,1,245,188,57
8000,4,2000,8,16,16,149923.649870,149923.672986,0.023116,0x4052e4,1,271,190,81
8000,4,2000,9,16,16,149923.650007,149923.673178,0.023171,0x4052e4,1,270,160,110
8000,4,2000,10,16,16,149923.649808,149923.672575,0.022767,0x4052e4,1,275,137,138
8000,4,2000,11,16,16,149923.649474,149923.672430,0.022956,0x4052e4,1,324,177,147
8000,4,2000,12,16,16,149923.649378,149923.670819,0.021441,0x4052e4,1,128,82,46
8000,4,2000,13,16,16,149923.649450,149923.671067,0.021617,0x4052e4,1,122,65,57
8000,4,2000,14,16,16,149923.649718,149923.671301,0.021583,0x4052e4,1,93,37,56
8000,4,2000,15,16,16,149923.649753,149923.671360,0.021607,0x4052e4,1,153,78,75
8001,5,2000,0,16,16,149923.703478,149923.724115,0.020637,0x40533c,1,30,0,30
8001,5,2000,1,16,16,149923.703743,149923.723960,0.020217,0x40533c,1,103,61,42
8001,5,2000,2,16,16,149923.703145,149923.723291,0.020146,0x40533c,1,75,34,41
8001,5,2000,3,16,16,149923.702935,149923.722963,0.020028,0x40533c,1,57,20,37
8001,5,2000,4,16,16,149923.703281,149923.726074,0.022793,0x40533c,1,314,82,232
8001,5,2000,5,16,16,149923.703234,149923.725810,0.022576,0x40533c,1,468,211,257
8001,5,2000,6,16,16,149923.703908,149923.741761,0.037853,0x40533c,1,451,172,279
8001,5,2000,7,16,16,149923.702999,149923.725728,0.022729,0x40533c,1,438,200,238
8001,5,2000,8,16,16,149923.703382,149923.726032,0.022650,0x40533c,1,430,130,300
8001,5,2000,9,16,16,149923.703388,149923.726622,0.023234,0x40533c,1,390,79,311
8001,5,2000,10,16,16,149923.702878,149923.726098,0.023220,0x40533c,1,448,104,344
8001,5,2000,11,16,16,149923.702845,149923.725778,0.022933,0x40533c,1,348,22,326
8001,5,2000,12,16,16,149923.702886,149923.722910,0.020024,0x40533c,1,105,59,46
8001,5,2000,13,16,16,149923.703234,149923.723476,0.020242,0x40533c,1,81,38,43
8001,5,2000,14,16,16,149923.703378,149923.723643,0.020265,0x40533c,1,123,66,57
8001,5,2000,15,16,16,149923.703095,149923.724121,0.021026,0x40533c,1,103,63,40
