parallel_id,region_id,region_exec,thread_id,team_size,requested_threads,start_ms,end_ms,elapsed_ms,codeptr,pmu_valid,pmu_llc_references,pmu_llc_misses,pmu_llc_hits,cpu_id,target_mb_percent,resource_applied,resctrl_enabled,region_wall_ms,resctrl_enable_ms,resctrl_disable_ms,resource_kind,target_l3_ways,target_l3_mask,mon_valid,mon_l3_domains,mon_start_llc_occupancy_bytes,mon_end_llc_occupancy_bytes,mon_llc_occupancy_delta_bytes,mon_start_mbm_total_bytes,mon_end_mbm_total_bytes,mon_mbm_total_delta_bytes,mon_start_mbm_local_bytes,mon_end_mbm_local_bytes,mon_mbm_local_delta_bytes,mon_start_mbm_remote_bytes,mon_end_mbm_remote_bytes,mon_mbm_remote_delta_bytes
1,1,1,0,16,16,42602.149634,42879.855596,277.705962,0x404957,1,1095172,7376,1087796,0,100.000000,0,0,277.705962,1.200000,0.800000,mba,0,,0,0,-1,-1,-1,-1,-1,-1,-1,-1,-1,-1,-1,-1
1,1,1,1,16,16,42602.292453,42877.036204,274.743751,0x404957,1,1097939,6465,1091474,2,100.000000,0,0,277.705962,1.200000,0.800000,mba,0,,0,0,-1,-1,-1,-1,-1,-1,-1,-1,-1,-1,-1,-1
1,1,1,2,16,16,42602.213595,42702.812738,100.599143,0x404957,1,1206641,1049785,156856,4,100.000000,0,0,277.705962,1.200000,0.800000,mba,0,,0,0,-1,-1,-1,-1,-1,-1,-1,-1,-1,-1,-1,-1
1,1,1,3,16,16,42602.199119,42701.409097,99.209978,0x404957,1,1207695,1050616,157079,38,100.000000,0,0,277.705962,1.200000,0.800000,mba,0,,0,0,-1,-1,-1,-1,-1,-1,-1,-1,-1,-1,-1,-1
1,1,1,4,16,16,42602.195879,42700.732584,98.536705,0x404957,1,1207209,1049189,158020,8,100.000000,0,0,277.705962,1.200000,0.800000,mba,0,,0,0,-1,-1,-1,-1,-1,-1,-1,-1,-1,-1,-1,-1
1,1,1,5,16,16,42602.281932,42699.082492,96.800560,0x404957,1,1207151,1049872,157279,10,100.000000,0,0,277.705962,1.200000,0.800000,mba,0,,0,0,-1,-1,-1,-1,-1,-1,-1,-1,-1,-1,-1,-1
1,1,1,6,16,16,42602.196082,42698.463170,96.267088,0x404957,1,1207857,1050641,157216,44,100.000000,0,0,277.705962,1.200000,0.800000,mba,0,,0,0,-1,-1,-1,-1,-1,-1,-1,-1,-1,-1,-1,-1
1,1,1,7,16,16,42602.295524,42700.191720,97.896196,0x404957,1,1206264,1049184,157080,14,100.000000,0,0,277.705962,1.200000,0.800000,mba,0,,0,0,-1,-1,-1,-1,-1,-1,-1,-1,-1,-1,-1,-1
1,1,1,8,16,16,42602.521252,42700.688448,98.167196,0x404957,1,1206644,1051067,155577,16,100.000000,0,0,277.705962,1.200000,0.800000,mba,0,,0,0,-1,-1,-1,-1,-1,-1,-1,-1,-1,-1,-1,-1
1,1,1,9,16,16,42602.186683,42701.368514,99.181831,0x404957,1,1206041,1050899,155142,18,100.000000,0,0,277.705962,1.200000,0.800000,mba,0,,0,0,-1,-1,-1,-1,-1,-1,-1,-1,-1,-1,-1,-1
1,1,1,10,16,16,42602.480697,42701.451918,98.971221,0x404957,1,1205654,1050573,155081,20,100.000000,0,0,277.705962,1.200000,0.800000,mba,0,,0,0,-1,-1,-1,-1,-1,-1,-1,-1,-1,-1,-1,-1
1,1,1,11,16,16,42602.496857,42701.752645,99.255788,0x404957,1,1208471,1051190,157281,22,100.000000,0,0,277.705962,1.200000,0.800000,mba,0,,0,0,-1,-1,-1,-1,-1,-1,-1,-1,-1,-1,-1,-1
1,1,1,12,16,16,42602.474586,42702.780269,100.305683,0x404957,1,1208924,1050755,158169,24,100.000000,0,0,277.705962,1.200000,0.800000,mba,0,,0,0,-1,-1,-1,-1,-1,-1,-1,-1,-1,-1,-1,-1
1,1,1,13,16,16,42602.476158,42704.504270,102.028112,0x404957,1,1213686,1050761,162925,26,100.000000,0,0,277.705962,1.200000,0.800000,mba,0,,0,0,-1,-1,-1,-1,-1,-1,-1,-1,-1,-1,-1,-1
1,1,1,14,16,16,42602.669643,42703.825361,101.155718,0x404957,1,1203865,1050107,153758,28,100.000000,0,0,277.705962,1.200000,0.800000,mba,0,,0,0,-1,-1,-1,-1,-1,-1,-1,-1,-1,-1,-1,-1
1,1,1,15,16,16,42602.886302,42702.726371,99.840069,0x404957,1,1201460,1050372,151088,30,100.000000,0,0,277.705962,1.200000,0.800000,mba,0,,0,0,-1,-1,-1,-1,-1,-1,-1,-1,-1,-1,-1,-1
2,2,1,0,16,16,42914.423894,44132.943768,1181.450880,0x4051ce,1,100318530,97392758,2925772,0,100.000000,0,0,1218.621865,1.200000,0.800000,mba,0,,0,0,-1,-1,-1,-1,-1,-1,-1,-1,-1,-1,-1,-1
2,2,1,1,16,16,42914.417743,44132.511981,1144.894423,0x4051ce,1,102941001,99283184,3657817,2,100.000000,0,0,1218.621865,1.200000,0.800000,mba,0,,0,0,-1,-1,-1,-1,-1,-1,-1,-1,-1,-1,-1,-1
2,2,1,2,16,16,42914.600576,44132.491534,1182.024089,0x4051ce,1,103202389,98978474,4223915,4,100.000000,0,0,1218.621865,1.200000,0.800000,mba,0,,0,0,-1,-1,-1,-1,-1,-1,-1,-1,-1,-1,-1,-1
2,2,1,3,16,16,42914.608466,44132.585161,1193.419879,0x4051ce,1,103251014,99034699,4216315,38,100.000000,0,0,1218.621865,1.200000,0.800000,mba,0,,0,0,-1,-1,-1,-1,-1,-1,-1,-1,-1,-1,-1,-1
2,2,1,4,16,16,42914.432179,44132.582384,1183.427188,0x4051ce,1,102933995,98793150,4140845,8,100.000000,0,0,1218.621865,1.200000,0.800000,mba,0,,0,0,-1,-1,-1,-1,-1,-1,-1,-1,-1,-1,-1,-1
2,2,1,5,16,16,42914.602317,44132.554249,1177.033318,0x4051ce,1,103091051,98692014,4399037,10,100.000000,0,0,1218.621865,1.200000,0.800000,mba,0,,0,0,-1,-1,-1,-1,-1,-1,-1,-1,-1,-1,-1,-1
2,2,1,6,16,16,42914.600908,44132.449576,1182.409404,0x4051ce,1,103124839,98730710,4394129,44,100.000000,0,0,1218.621865,1.200000,0.800000,mba,0,,0,0,-1,-1,-1,-1,-1,-1,-1,-1,-1,-1,-1,-1
2,2,1,7,16,16,42914.608320,44132.701442,1189.361881,0x4051ce,1,102794840,99875223,2919617,14,100.000000,0,0,1218.621865,1.200000,0.800000,mba,0,,0,0,-1,-1,-1,-1,-1,-1,-1,-1,-1,-1,-1,-1
2,2,1,8,16,16,42914.610543,44132.577376,1189.770520,0x4051ce,1,103150905,99403791,3747114,16,100.000000,0,0,1218.621865,1.200000,0.800000,mba,0,,0,0,-1,-1,-1,-1,-1,-1,-1,-1,-1,-1,-1,-1
2,2,1,9,16,16,42914.742832,44132.658352,1198.365404,0x4051ce,1,103023905,99510499,3513406,18,100.000000,0,0,1218.621865,1.200000,0.800000,mba,0,,0,0,-1,-1,-1,-1,-1,-1,-1,-1,-1,-1,-1,-1
2,2,1,10,16,16,42914.737658,44132.462552,1193.621887,0x4051ce,1,103219423,99494192,3725231,20,100.000000,0,0,1218.621865,1.200000,0.800000,mba,0,,0,0,-1,-1,-1,-1,-1,-1,-1,-1,-1,-1,-1,-1
2,2,1,11,16,16,42914.684160,44132.465642,1175.958527,0x4051ce,1,102947100,99914568,3032532,22,100.000000,0,0,1218.621865,1.200000,0.800000,mba,0,,0,0,-1,-1,-1,-1,-1,-1,-1,-1,-1,-1,-1,-1
2,2,1,12,16,16,42914.537201,44132.544870,1193.028219,0x4051ce,1,103446554,99327491,4119063,24,100.000000,0,0,1218.621865,1.200000,0.800000,mba,0,,0,0,-1,-1,-1,-1,-1,-1,-1,-1,-1,-1,-1,-1
2,2,1,13,16,16,42914.665308,44133.039608,1198.006404,0x4051ce,1,103051338,99599904,3451434,26,100.000000,0,0,1218.621865,1.200000,0.800000,mba,0,,0,0,-1,-1,-1,-1,-1,-1,-1,-1,-1,-1,-1,-1
2,2,1,14,16,16,42914.672061,44132.701181,1180.725841,0x4051ce,1,102906442,99714631,3191811,28,100.000000,0,0,1218.621865,1.200000,0.800000,mba,0,,0,0,-1,-1,-1,-1,-1,-1,-1,-1,-1,-1,-1,-1
2,2,1,15,16,16,42914.670013,44132.705425,1167.985857,0x4051ce,1,100783925,97634466,3149459,30,100.000000,0,0,1218.621865,1.200000,0.800000,mba,0,,0,0,-1,-1,-1,-1,-1,-1,-1,-1,-1,-1,-1,-1
3,3,1,0,16,16,44133.175777,44133.377792,0.202015,0x405218,1,6128,5101,1027,0,100.000000,0,0,0.243080,1.200000,0.800000,mba,0,,0,0,-1,-1,-1,-1,-1,-1,-1,-1,-1,-1,-1,-1
3,3,1,1,16,16,44133.176713,44133.380971,0.204258,0x405218,1,6735,5616,1119,2,100.000000,0,0,0.243080,1.200000,0.800000,mba,0,,0,0,-1,-1,-1,-1,-1,-1,-1,-1,-1,-1,-1,-1
3,3,1,2,16,16,44133.176655,44133.387177,0.210522,0x405218,1,7638,6470,1168,36,100.000000,0,0,0.243080,1.200000,0.800000,mba,0,,0,0,-1,-1,-1,-1,-1,-1,-1,-1,-1,-1,-1,-1
3,3,1,3,16,16,44133.175506,44133.405148,0.229642,0x405218,1,7716,6512,1204,38,100.000000,0,0,0.243080,1.200000,0.800000,mba,0,,0,0,-1,-1,-1,-1,-1,-1,-1,-1,-1,-1,-1,-1
3,3,1,4,16,16,44133.176908,44133.405448,0.228540,0x405218,1,7570,6448,1122,8,100.000000,0,0,0.243080,1.200000,0.800000,mba,0,,0,0,-1,-1,-1,-1,-1,-1,-1,-1,-1,-1,-1,-1
3,3,1,5,16,16,44133.175603,44133.417455,0.241852,0x405218,1,7787,6695,1092,10,100.000000,0,0,0.243080,1.200000,0.800000,mba,0,,0,0,-1,-1,-1,-1,-1,-1,-1,-1,-1,-1,-1,-1
3,3,1,6,16,16,44133.174805,44133.401524,0.226719,0x405218,1,7312,5961,1351,44,100.000000,0,0,0.243080,1.200000,0.800000,mba,0,,0,0,-1,-1,-1,-1,-1,-1,-1,-1,-1,-1,-1,-1
3,3,1,7,16,16,44133.175157,44133.409891,0.234734,0x405218,1,7892,6868,1024,14,100.000000,0,0,0.243080,1.200000,0.800000,mba,0,,0,0,-1,-1,-1,-1,-1,-1,-1,-1,-1,-1,-1,-1
3,3,1,8,16,16,44133.175693,44133.417885,0.242192,0x405218,1,7795,6697,1098,16,100.000000,0,0,0.243080,1.200000,0.800000,mba,0,,0,0,-1,-1,-1,-1,-1,-1,-1,-1,-1,-1,-1,-1
3,3,1,9,16,16,44133.176160,44133.394595,0.218435,0x405218,1,7874,6804,1070,50,100.000000,0,0,0.243080,1.200000,0.800000,mba,0,,0,0,-1,-1,-1,-1,-1,-1,-1,-1,-1,-1,-1,-1
3,3,1,10,16,16,44133.176421,44133.389036,0.212615,0x405218,1,8013,6892,1121,20,100.000000,0,0,0.243080,1.200000,0.800000,mba,0,,0,0,-1,-1,-1,-1,-1,-1,-1,-1,-1,-1,-1,-1
3,3,1,11,16,16,44133.175606,44133.387441,0.211835,0x405218,1,7864,6933,931,22,100.000000,0,0,0.243080,1.200000,0.800000,mba,0,,0,0,-1,-1,-1,-1,-1,-1,-1,-1,-1,-1,-1,-1
3,3,1,12,16,16,44133.175840,44133.400954,0.225114,0x405218,1,7854,6049,1805,24,100.000000,0,0,0.243080,1.200000,0.800000,mba,0,,0,0,-1,-1,-1,-1,-1,-1,-1,-1,-1,-1,-1,-1
3,3,1,13,16,16,44133.176899,44133.417497,0.240598,0x405218,1,7911,6865,1046,26,100.000000,0,0,0.243080,1.200000,0.800000,mba,0,,0,0,-1,-1,-1,-1,-1,-1,-1,-1,-1,-1,-1,-1
3,3,1,14,16,16,44133.176881,44133.406075,0.229194,0x405218,1,7943,6935,1008,28,100.000000,0,0,0.243080,1.200000,0.800000,mba,0,,0,0,-1,-1,-1,-1,-1,-1,-1,-1,-1,-1,-1,-1
3,3,1,15,16,16,44133.176635,44133.411888,0.235253,0x405218,1,7589,7064,525,30,100.000000,0,0,0.243080,1.200000,0.800000,mba,0,,0,0,-1,-1,-1,-1,-1,-1,-1,-1,-1,-1,-1,-1
4,4,1,0,16,16,44136.915657,44136.955370,0.039713,0x4052e4,1,2078,1466,612,0,100.000000,0,0,0.042657,1.200000,0.800000,mba,0,,0,0,-1,-1,-1,-1,-1,-1,-1,-1,-1,-1,-1,-1
4,4,1,1,16,16,44136.914565,44136.940574,0.026009,0x4052e4,1,261,212,49,2,100.000000,0,0,0.042657,1.200000,0.800000,mba,0,,0,0,-1,-1,-1,-1,-1,-1,-1,-1,-1,-1,-1,-1
4,4,1,2,16,16,44136.915216,44136.939665,0.024449,0x4052e4,1,130,91,39,36,100.000000,0,0,0.042657,1.200000,0.800000,mba,0,,0,0,-1,-1,-1,-1,-1,-1,-1,-1,-1,-1,-1,-1
4,4,1,3,16,16,44136.914301,44136.938764,0.024463,0x4052e4,1,174,122,52,38,100.000000,0,0,0.042657,1.200000,0.800000,mba,0,,0,0,-1,-1,-1,-1,-1,-1,-1,-1,-1,-1,-1,-1
4,4,1,4,16,16,44136.913559,44136.939485,0.025926,0x4052e4,1,189,136,53,8,100.000000,0,0,0.042657,1.200000,0.800000,mba,0,,0,0,-1,-1,-1,-1,-1,-1,-1,-1,-1,-1,-1,-1
4,4,1,5,16,16,44136.913857,44136.939108,0.025251,0x4052e4,1,156,100,56,10,100.000000,0,0,0.042657,1.200000,0.800000,mba,0,,0,0,-1,-1,-1,-1,-1,-1,-1,-1,-1,-1,-1,-1
4,4,1,6,16,16,44136.914282,44136.939480,0.025198,0x4052e4,1,183,110,73,44,100.000000,0,0,0.042657,1.200000,0.800000,mba,0,,0,0,-1,-1,-1,-1,-1,-1,-1,-1,-1,-1,-1,-1
4,4,1,7,16,16,44136.914227,44136.939330,0.025103,0x4052e4,1,144,89,55,14,100.000000,0,0,0.042657,1.200000,0.800000,mba,0,,0,0,-1,-1,-1,-1,-1,-1,-1,-1,-1,-1,-1,-1
4,4,1,8,16,16,44136.912781,44136.938197,0.025416,0x4052e4,1,145,89,56,16,100.000000,0,0,0.042657,1.200000,0.800000,mba,0,,0,0,-1,-1,-1,-1,-1,-1,-1,-1,-1,-1,-1,-1
4,4,1,9,16,16,44136.914453,44136.940141,0.025688,0x4052e4,1,173,121,52,50,100.000000,0,0,0.042657,1.200000,0.800000,mba,0,,0,0,-1,-1,-1,-1,-1,-1,-1,-1,-1,-1,-1,-1
4,4,1,10,16,16,44136.913974,44136.939859,0.025885,0x4052e4,1,155,85,70,20,100.000000,0,0,0.042657,1.200000,0.800000,mba,0,,0,0,-1,-1,-1,-1,-1,-1,-1,-1,-1,-1,-1,-1
4,4,1,11,16,16,44136.914669,44136.940931,0.026262,0x4052e4,1,150,99,51,22,100.000000,0,0,0.042657,1.200000,0.800000,mba,0,,0,0,-1,-1,-1,-1,-1,-1,-1,-1,-1,-1,-1,-1
4,4,1,12,16,16,44136.912762,44136.937407,0.024645,0x4052e4,1,274,221,53,24,100.000000,0,0,0.042657,1.200000,0.800000,mba,0,,0,0,-1,-1,-1,-1,-1,-1,-1,-1,-1,-1,-1,-1
4,4,1,13,16,16,44136.914291,44136.940858,0.026567,0x4052e4,1,129,92,37,26,100.000000,0,0,0.042657,1.200000,0.800000,mba,0,,0,0,-1,-1,-1,-1,-1,-1,-1,-1,-1,-1,-1,-1
4,4,1,14,16,16,44136.913204,44136.938346,0.025142,0x4052e4,1,146,104,42,28,100.000000,0,0,0.042657,1.200000,0.800000,mba,0,,0,0,-1,-1,-1,-1,-1,-1,-1,-1,-1,-1,-1,-1
4,4,1,15,16,16,44136.912713,44136.938776,0.026063,0x4052e4,1,184,140,44,30,100.000000,0,0,0.042657,1.200000,0.800000,mba,0,,0,0,-1,-1,-1,-1,-1,-1,-1,-1,-1,-1,-1,-1
5,5,1,0,16,16,44137.484947,44137.507037,0.022090,0x40533c,1,33,4,29,0,100.000000,0,0,0.033215,1.200000,0.800000,mba,0,,0,0,-1,-1,-1,-1,-1,-1,-1,-1,-1,-1,-1,-1
5,5,1,1,16,16,44137.486678,44137.508601,0.021923,0x40533c,1,66,14,52,2,100.000000,0,0,0.033215,1.200000,0.800000,mba,0,,0,0,-1,-1,-1,-1,-1,-1,-1,-1,-1,-1,-1,-1
5,5,1,2,16,16,44137.485542,44137.507642,0.022100,0x40533c,1,42,13,29,36,100.000000,0,0,0.033215,1.200000,0.800000,mba,0,,0,0,-1,-1,-1,-1,-1,-1,-1,-1,-1,-1,-1,-1
5,5,1,3,16,16,44137.493262,44137.518162,0.024900,0x40533c,1,1590,165,1425,38,100.000000,0,0,0.033215,1.200000,0.800000,mba,0,,0,0,-1,-1,-1,-1,-1,-1,-1,-1,-1,-1,-1,-1
5,5,1,4,16,16,44137.485681,44137.507700,0.022019,0x40533c,1,48,3,45,8,100.000000,0,0,0.033215,1.200000,0.800000,mba,0,,0,0,-1,-1,-1,-1,-1,-1,-1,-1,-1,-1,-1,-1
5,5,1,5,16,16,44137.486442,44137.508281,0.021839,0x40533c,1,46,8,38,10,100.000000,0,0,0.033215,1.200000,0.800000,mba,0,,0,0,-1,-1,-1,-1,-1,-1,-1,-1,-1,-1,-1,-1
5,5,1,6,16,16,44137.486553,44137.508388,0.021835,0x40533c,1,57,14,43,44,100.000000,0,0,0.033215,1.200000,0.800000,mba,0,,0,0,-1,-1,-1,-1,-1,-1,-1,-1,-1,-1,-1,-1
5,5,1,7,16,16,44137.487161,44137.509507,0.022346,0x40533c,1,119,34,85,14,100.000000,0,0,0.033215,1.200000,0.800000,mba,0,,0,0,-1,-1,-1,-1,-1,-1,-1,-1,-1,-1,-1,-1
5,5,1,8,16,16,44137.487717,44137.510000,0.022283,0x40533c,1,73,11,62,16,100.000000,0,0,0.033215,1.200000,0.800000,mba,0,,0,0,-1,-1,-1,-1,-1,-1,-1,-1,-1,-1,-1,-1
5,5,1,9,16,16,44137.486378,44137.508450,0.022072,0x40533c,1,48,17,31,50,100.000000,0,0,0.033215,1.200000,0.800000,mba,0,,0,0,-1,-1,-1,-1,-1,-1,-1,-1,-1,-1,-1,-1
5,5,1,10,16,16,44137.487672,44137.509907,0.022235,0x40533c,1,67,18,49,20,100.000000,0,0,0.033215,1.200000,0.800000,mba,0,,0,0,-1,-1,-1,-1,-1,-1,-1,-1,-1,-1,-1,-1
5,5,1,11,16,16,44137.492822,44137.517924,0.025102,0x40533c,1,1588,193,1395,22,100.000000,0,0,0.033215,1.200000,0.800000,mba,0,,0,0,-1,-1,-1,-1,-1,-1,-1,-1,-1,-1,-1,-1
5,5,1,12,16,16,44137.492742,44137.517765,0.025023,0x40533c,1,1584,146,1438,24,100.000000,0,0,0.033215,1.200000,0.800000,mba,0,,0,0,-1,-1,-1,-1,-1,-1,-1,-1,-1,-1,-1,-1
5,5,1,13,16,16,44137.487060,44137.509308,0.022248,0x40533c,1,44,9,35,26,100.000000,0,0,0.033215,1.200000,0.800000,mba,0,,0,0,-1,-1,-1,-1,-1,-1,-1,-1,-1,-1,-1,-1
5,5,1,14,16,16,44137.488730,44137.512098,0.023368,0x40533c,1,1509,168,1341,28,100.000000,0,0,0.033215,1.200000,0.800000,mba,0,,0,0,-1,-1,-1,-1,-1,-1,-1,-1,-1,-1,-1,-1
5,5,1,15,16,16,44137.487118,44137.509192,0.022074,0x40533c,1,37,1,36,30,100.000000,0,0,0.033215,1.200000,0.800000,mba,0,,0,0,-1,-1,-1,-1,-1,-1,-1,-1,-1,-1,-1,-1
398,2,100,0,16,16,336423.752750,339519.602366,1788.938662,0x4051ce,1,100472856,99747563,725293,0,40.000000,1,1,3122.208444,1.200000,0.800000,mba,0,,1,1,450560,2433024,386760704,29736960,69351366656,68183965696,30007296,69351366656,68185858048,-1,-1,-1
398,2,100,1,16,16,336422.474573,339519.240935,1812.841998,0x4051ce,1,102891036,102096081,794955,2,40.000000,1,1,3122.208444,1.200000,0.800000,mba,0,,1,1,0,2433024,349814784,630784,69341904896,68907384832,630784,69342175232,68904140800,-1,-1,-1
398,2,100,2,16,16,336423.399749,339519.549480,1827.237147,0x4051ce,1,103229212,101858397,1370815,4,40.000000,1,1,3122.208444,1.200000,0.800000,mba,0,,1,1,360448,2433024,336838656,19464192,69350645760,69208719360,19464192,69350735872,69204393984,-1,-1,-1
398,2,100,3,16,16,336422.442500,339519.470290,1835.932481,0x4051ce,1,103322332,101869458,1452874,38,40.000000,1,1,3122.208444,1.200000,0.800000,mba,0,,1,1,0,2433024,327106560,270336,69349203968,69271347200,360448,69349203968,69265850368,-1,-1,-1
398,2,100,4,16,16,336424.482011,339544.640251,3094.771294,0x4051ce,1,383634787,373822012,9812775,8,100.000000,1,1,3122.208444,1.200000,0.800000,mba,0,,1,1,2342912,84615168,84615168,61906944,253541285888,253252476928,61997056,253541376000,253242744832,-1,-1,-1
398,2,100,5,16,16,336423.254739,339544.626858,3055.208398,0x4051ce,1,383642441,373322277,10320164,10,100.000000,1,1,3122.208444,1.200000,0.800000,mba,0,,1,1,180224,84615168,88940544,7028736,253541285888,251530256384,7028736,253541285888,251520704512,-1,-1,-1
398,2,100,6,16,16,336424.321821,339541.934238,2970.259847,0x4051ce,1,363814693,353778713,10035980,12,100.000000,1,1,3122.208444,1.200000,0.800000,mba,0,,1,1,1802240,84434944,77316096,52264960,253307895808,245064179712,52264960,253308526592,245064630272,-1,-1,-1
398,2,100,7,16,16,336423.961830,339544.650944,3113.638012,0x4051ce,1,383454921,371852042,11602879,46,100.000000,1,1,3122.208444,1.200000,0.800000,mba,0,,1,1,991232,84705280,87138304,31719424,253541376000,253470367744,31899648,253541376000,253458472960,-1,-1,-1
398,2,100,8,16,16,336424.681621,339544.340800,3069.184975,0x4051ce,1,383709408,373559952,10149456,16,100.000000,1,1,3122.208444,1.200000,0.800000,mba,0,,1,1,2433024,84525056,84795392,75243520,253525876736,252280619008,75513856,253526056960,252278366208,-1,-1,-1
398,2,100,9,16,16,336422.733820,339542.466040,2957.283558,0x4051ce,1,363385233,353916155,9469078,18,100.000000,1,1,3122.208444,1.200000,0.800000,mba,0,,1,1,0,84074496,70377472,0,253359710208,244380049408,0,253360340992,244380950528,-1,-1,-1
398,2,100,10,16,16,336423.717077,339543.875258,3071.747779,0x4051ce,1,383947019,372641786,11305233,20,100.000000,1,1,3122.208444,1.200000,0.800000,mba,0,,1,1,450560,84525056,86147072,21356544,253487128576,252176449536,21716992,253487489024,252169781248,-1,-1,-1
398,2,100,11,16,16,336423.548537,339544.312662,2986.593748,0x4051ce,1,383497086,374081483,9415603,22,100.000000,1,1,3122.208444,1.200000,0.800000,mba,0,,1,1,360448,84615168,78397440,15319040,253524164608,246996000768,15589376,253524525056,246993928192,-1,-1,-1
398,2,100,12,16,16,336422.882763,339519.383276,1820.696240,0x4051ce,1,103345393,101719184,1626209,24,40.000000,1,1,3122.208444,1.200000,0.800000,mba,0,,1,1,270336,2433024,346841088,5586944,69346861056,69089411072,5767168,69347041280,69087158272,-1,-1,-1
398,2,100,13,16,16,336424.119721,339519.503203,1822.713377,0x4051ce,1,103003744,102044015,959729,26,40.000000,1,1,3122.208444,1.200000,0.800000,mba,0,,1,1,811008,2433024,341434368,42442752,69349834752,69134376960,42803200,69350014976,69131673600,-1,-1,-1
398,2,100,14,16,16,336422.677512,339519.519739,1822.235383,0x4051ce,1,102989617,102135528,854089,28,40.000000,1,1,3122.208444,1.200000,0.800000,mba,0,,1,1,180224,2433024,342876160,2342912,69350105088,69151047680,2433024,69350195200,69147983872,-1,-1,-1
398,2,100,15,16,16,336423.084920,339519.629929,1796.670989,0x4051ce,1,100847850,99970681,877169,30,40.000000,1,1,3122.208444,1.200000,0.800000,mba,0,,1,1,270336,2433024,380633088,9281536,69351366656,68408344576,9461760,69351366656,68405731328,-1,-1,-1
399,3,100,0,16,16,339544.848256,339545.050141,0.201885,0x405218,1,6040,5165,875,0,40.000000,0,0,0.623685,1.200000,0.800000,mba,0,,0,0,-1,-1,-1,-1,-1,-1,-1,-1,-1,-1,-1,-1
399,3,100,1,16,16,339544.848286,339545.062002,0.213716,0x405218,1,6511,5615,896,2,40.000000,0,0,0.623685,1.200000,0.800000,mba,0,,0,0,-1,-1,-1,-1,-1,-1,-1,-1,-1,-1,-1,-1
399,3,100,2,16,16,339544.849023,339545.060289,0.211266,0x405218,1,7584,6898,686,4,40.000000,0,0,0.623685,1.200000,0.800000,mba,0,,0,0,-1,-1,-1,-1,-1,-1,-1,-1,-1,-1,-1,-1
399,3,100,3,16,16,339544.849250,339545.074848,0.225598,0x405218,1,7709,6898,811,38,40.000000,0,0,0.623685,1.200000,0.800000,mba,0,,0,0,-1,-1,-1,-1,-1,-1,-1,-1,-1,-1,-1,-1
399,3,100,4,16,16,339544.847871,339545.471290,0.623419,0x405218,1,21676,19538,2138,8,100.000000,0,0,0.623685,1.200000,0.800000,mba,0,,0,0,-1,-1,-1,-1,-1,-1,-1,-1,-1,-1,-1,-1
399,3,100,5,16,16,339544.848596,339545.399489,0.550893,0x405218,1,21797,17417,4380,10,80.000000,0,0,0.623685,1.200000,0.800000,mba,0,,0,0,-1,-1,-1,-1,-1,-1,-1,-1,-1,-1,-1,-1
399,3,100,6,16,16,339544.848982,339545.407513,0.558531,0x405218,1,21076,19576,1500,12,80.000000,0,0,0.623685,1.200000,0.800000,mba,0,,0,0,-1,-1,-1,-1,-1,-1,-1,-1,-1,-1,-1,-1
399,3,100,7,16,16,339544.848059,339545.413587,0.565528,0x405218,1,21983,19744,2239,46,100.000000,0,0,0.623685,1.200000,0.800000,mba,0,,0,0,-1,-1,-1,-1,-1,-1,-1,-1,-1,-1,-1,-1
399,3,100,8,16,16,339544.847705,339545.388612,0.540907,0x405218,1,21883,19382,2501,16,80.000000,0,0,0.623685,1.200000,0.800000,mba,0,,0,0,-1,-1,-1,-1,-1,-1,-1,-1,-1,-1,-1,-1
399,3,100,9,16,16,339544.849218,339545.383106,0.533888,0x405218,1,21097,19473,1624,18,80.000000,0,0,0.623685,1.200000,0.800000,mba,0,,0,0,-1,-1,-1,-1,-1,-1,-1,-1,-1,-1,-1,-1
399,3,100,10,16,16,339544.847605,339545.451131,0.603526,0x405218,1,22068,20292,1776,20,100.000000,0,0,0.623685,1.200000,0.800000,mba,0,,0,0,-1,-1,-1,-1,-1,-1,-1,-1,-1,-1,-1,-1
399,3,100,11,16,16,339544.849024,339545.330162,0.481138,0x405218,1,21846,20421,1425,22,80.000000,0,0,0.623685,1.200000,0.800000,mba,0,,0,0,-1,-1,-1,-1,-1,-1,-1,-1,-1,-1,-1,-1
399,3,100,12,16,16,339544.849530,339545.078834,0.229304,0x405218,1,7836,6533,1303,24,40.000000,0,0,0.623685,1.200000,0.800000,mba,0,,0,0,-1,-1,-1,-1,-1,-1,-1,-1,-1,-1,-1,-1
399,3,100,13,16,16,339544.848924,339545.082824,0.233900,0x405218,1,7954,7295,659,26,40.000000,0,0,0.623685,1.200000,0.800000,mba,0,,0,0,-1,-1,-1,-1,-1,-1,-1,-1,-1,-1,-1,-1
399,3,100,14,16,16,339544.848089,339545.076690,0.228601,0x405218,1,7903,7253,650,28,40.000000,0,0,0.623685,1.200000,0.800000,mba,0,,0,0,-1,-1,-1,-1,-1,-1,-1,-1,-1,-1,-1,-1
399,3,100,15,16,16,339544.849108,339545.084096,0.234988,0x405218,1,7544,7288,256,30,40.000000,0,0,0.623685,1.200000,0.800000,mba,0,,0,0,-1,-1,-1,-1,-1,-1,-1,-1,-1,-1,-1,-1
400,4,100,0,16,16,339546.151316,339546.186242,0.034926,0x4052e4,1,1510,1230,280,0,100.000000,0,0,0.039048,1.200000,0.800000,mba,0,,0,0,-1,-1,-1,-1,-1,-1,-1,-1,-1,-1,-1,-1
400,4,100,1,16,16,339546.148163,339546.171214,0.023051,0x4052e4,1,346,303,43,2,80.000000,0,0,0.039048,1.200000,0.800000,mba,0,,0,0,-1,-1,-1,-1,-1,-1,-1,-1,-1,-1,-1,-1
400,4,100,2,16,16,339546.148827,339546.171469,0.022642,0x4052e4,1,214,141,73,4,80.000000,0,0,0.039048,1.200000,0.800000,mba,0,,0,0,-1,-1,-1,-1,-1,-1,-1,-1,-1,-1,-1,-1
400,4,100,3,16,16,339546.148259,339546.170993,0.022734,0x4052e4,1,179,128,51,38,80.000000,0,0,0.039048,1.200000,0.800000,mba,0,,0,0,-1,-1,-1,-1,-1,-1,-1,-1,-1,-1,-1,-1
400,4,100,4,16,16,339546.148557,339546.174040,0.025483,0x4052e4,1,341,291,50,8,80.000000,0,0,0.039048,1.200000,0.800000,mba,0,,0,0,-1,-1,-1,-1,-1,-1,-1,-1,-1,-1,-1,-1
400,4,100,5,16,16,339546.148878,339546.173651,0.024773,0x4052e4,1,373,302,71,10,80.000000,0,0,0.039048,1.200000,0.800000,mba,0,,0,0,-1,-1,-1,-1,-1,-1,-1,-1,-1,-1,-1,-1
400,4,100,6,16,16,339546.148917,339546.173582,0.024665,0x4052e4,1,309,244,65,12,80.000000,0,0,0.039048,1.200000,0.800000,mba,0,,0,0,-1,-1,-1,-1,-1,-1,-1,-1,-1,-1,-1,-1
400,4,100,7,16,16,339546.149033,339546.173935,0.024902,0x4052e4,1,322,264,58,46,80.000000,0,0,0.039048,1.200000,0.800000,mba,0,,0,0,-1,-1,-1,-1,-1,-1,-1,-1,-1,-1,-1,-1
400,4,100,8,16,16,339546.147676,339546.173050,0.025374,0x4052e4,1,343,309,34,16,80.000000,0,0,0.039048,1.200000,0.800000,mba,0,,0,0,-1,-1,-1,-1,-1,-1,-1,-1,-1,-1,-1,-1
400,4,100,9,16,16,339546.148824,339546.173833,0.025009,0x4052e4,1,432,379,53,18,80.000000,0,0,0.039048,1.200000,0.800000,mba,0,,0,0,-1,-1,-1,-1,-1,-1,-1,-1,-1,-1,-1,-1
400,4,100,10,16,16,339546.149078,339546.174786,0.025708,0x4052e4,1,345,290,55,20,80.000000,0,0,0.039048,1.200000,0.800000,mba,0,,0,0,-1,-1,-1,-1,-1,-1,-1,-1,-1,-1,-1,-1
400,4,100,11,16,16,339546.149158,339546.174951,0.025793,0x4052e4,1,380,296,84,22,80.000000,0,0,0.039048,1.200000,0.800000,mba,0,,0,0,-1,-1,-1,-1,-1,-1,-1,-1,-1,-1,-1,-1
400,4,100,12,16,16,339546.147194,339546.169723,0.022529,0x4052e4,1,186,132,54,24,80.000000,0,0,0.039048,1.200000,0.800000,mba,0,,0,0,-1,-1,-1,-1,-1,-1,-1,-1,-1,-1,-1,-1
400,4,100,13,16,16,339546.148757,339546.171109,0.022352,0x4052e4,1,187,101,86,26,80.000000,0,0,0.039048,1.200000,0.800000,mba,0,,0,0,-1,-1,-1,-1,-1,-1,-1,-1,-1,-1,-1,-1
400,4,100,14,16,16,339546.148090,339546.170235,0.022145,0x4052e4,1,172,110,62,28,80.000000,0,0,0.039048,1.200000,0.800000,mba,0,,0,0,-1,-1,-1,-1,-1,-1,-1,-1,-1,-1,-1,-1
400,4,100,15,16,16,339546.148021,339546.170393,0.022372,0x4052e4,1,239,178,61,30,80.000000,0,0,0.039048,1.200000,0.800000,mba,0,,0,0,-1,-1,-1,-1,-1,-1,-1,-1,-1,-1,-1,-1
401,5,100,0,16,16,339546.247304,339546.269224,0.021920,0x40533c,1,31,1,30,0,80.000000,0,0,0.030168,1.200000,0.800000,mba,0,,0,0,-1,-1,-1,-1,-1,-1,-1,-1,-1,-1,-1,-1
401,5,100,1,16,16,339546.246823,339546.268760,0.021937,0x40533c,1,80,42,38,2,80.000000,0,0,0.030168,1.200000,0.800000,mba,0,,0,0,-1,-1,-1,-1,-1,-1,-1,-1,-1,-1,-1,-1
401,5,100,2,16,16,339546.245513,339546.267514,0.022001,0x40533c,1,175,125,50,4,80.000000,0,0,0.030168,1.200000,0.800000,mba,0,,0,0,-1,-1,-1,-1,-1,-1,-1,-1,-1,-1,-1,-1
401,5,100,3,16,16,339546.245181,339546.267369,0.022188,0x40533c,1,154,117,37,38,80.000000,0,0,0.030168,1.200000,0.800000,mba,0,,0,0,-1,-1,-1,-1,-1,-1,-1,-1,-1,-1,-1,-1
401,5,100,4,16,16,339546.246485,339546.274146,0.027661,0x40533c,1,661,486,175,8,100.000000,0,0,0.030168,1.200000,0.800000,mba,0,,0,0,-1,-1,-1,-1,-1,-1,-1,-1,-1,-1,-1,-1
401,5,100,5,16,16,339546.246610,339546.274323,0.027713,0x40533c,1,475,272,203,10,100.000000,0,0,0.030168,1.200000,0.800000,mba,0,,0,0,-1,-1,-1,-1,-1,-1,-1,-1,-1,-1,-1,-1
401,5,100,6,16,16,339546.246301,339546.273711,0.027410,0x40533c,1,459,219,240,12,100.000000,0,0,0.030168,1.200000,0.800000,mba,0,,0,0,-1,-1,-1,-1,-1,-1,-1,-1,-1,-1,-1,-1
401,5,100,7,16,16,339546.246034,339546.273485,0.027451,0x40533c,1,546,182,364,46,100.000000,0,0,0.030168,1.200000,0.800000,mba,0,,0,0,-1,-1,-1,-1,-1,-1,-1,-1,-1,-1,-1,-1
401,5,100,8,16,16,339546.245928,339546.274005,0.028077,0x40533c,1,734,559,175,16,100.000000,0,0,0.030168,1.200000,0.800000,mba,0,,0,0,-1,-1,-1,-1,-1,-1,-1,-1,-1,-1,-1,-1
401,5,100,9,16,16,339546.245538,339546.272530,0.026992,0x40533c,1,693,237,456,18,100.000000,0,0,0.030168,1.200000,0.800000,mba,0,,0,0,-1,-1,-1,-1,-1,-1,-1,-1,-1,-1,-1,-1
401,5,100,10,16,16,339546.245491,339546.273266,0.027775,0x40533c,1,578,372,206,20,100.000000,0,0,0.030168,1.200000,0.800000,mba,0,,0,0,-1,-1,-1,-1,-1,-1,-1,-1,-1,-1,-1,-1
401,5,100,11,16,16,339546.247069,339546.274909,0.027840,0x40533c,1,545,320,225,22,100.000000,0,0,0.030168,1.200000,0.800000,mba,0,,0,0,-1,-1,-1,-1,-1,-1,-1,-1,-1,-1,-1,-1
401,5,100,12,16,16,339546.245844,339546.267628,0.021784,0x40533c,1,108,69,39,24,80.000000,0,0,0.030168,1.200000,0.800000,mba,0,,0,0,-1,-1,-1,-1,-1,-1,-1,-1,-1,-1,-1,-1
401,5,100,13,16,16,339546.244839,339546.267095,0.022256,0x40533c,1,126,84,42,26,80.000000,0,0,0.030168,1.200000,0.800000,mba,0,,0,0,-1,-1,-1,-1,-1,-1,-1,-1,-1,-1,-1,-1
401,5,100,14,16,16,339546.244741,339546.267042,0.022301,0x40533c,1,138,71,67,28,80.000000,0,0,0.030168,1.200000,0.800000,mba,0,,0,0,-1,-1,-1,-1,-1,-1,-1,-1,-1,-1,-1,-1
401,5,100,15,16,16,339546.245036,339546.266916,0.021880,0x40533c,1,58,30,28,30,80.000000,0,0,0.030168,1.200000,0.800000,mba,0,,0,0,-1,-1,-1,-1,-1,-1,-1,-1,-1,-1,-1,-1
798,2,200,0,16,16,657474.882661,660933.070327,2435.920894,0x4051ce,1,100509361,99867314,642047,32,30.000000,1,1,3474.980875,1.200000,0.800000,mba,0,,1,1,991232,3514368,241500160,24059904,69910331392,68774379520,24690688,69910421504,68773117952,-1,-1,-1
798,2,200,1,16,16,657473.909670,660932.460724,2454.908605,0x4051ce,1,102865575,102245212,620363,34,30.000000,1,1,3474.980875,1.200000,0.800000,mba,0,,1,1,360448,3604480,242581504,6307840,69899337728,69217189888,6397952,69899427840,69214666752,-1,-1,-1
798,2,200,2,16,16,657474.477622,660933.998485,2494.506100,0x4051ce,1,103021988,101856548,1165440,36,30.000000,1,1,3474.980875,1.200000,0.800000,mba,0,,1,1,811008,3334144,234561536,15319040,69919522816,69736054784,15409152,69919612928,69732450304,-1,-1,-1
798,2,200,3,16,16,657474.655734,660932.931850,2487.523720,0x4051ce,1,103249251,102068262,1180989,38,30.000000,1,1,3474.980875,1.200000,0.800000,mba,0,,1,1,811008,3514368,233029632,18743296,69908709376,69668921344,18833408,69908799488,69665587200,-1,-1,-1
798,2,200,4,16,16,657474.223168,660948.064308,3410.597051,0x4051ce,1,405553626,388415074,17138552,40,100.000000,1,1,3474.980875,1.200000,0.800000,mba,0,,1,1,69566464,81641472,8650752,26441829720064,26709347647488,266738909184,26441829810176,26709347647488,266726293504,-1,-1,-1
798,2,200,5,16,16,657473.522679,660944.854693,3170.693317,0x4051ce,1,406095017,395071324,11023693,42,100.000000,1,1,3474.980875,1.200000,0.800000,mba,0,,1,1,69926912,80920576,-4415488,26441800433664,26709205360640,258979545088,26441800433664,26709205721088,258969812992,-1,-1,-1
798,2,200,6,16,16,657474.348510,660941.974486,3259.162763,0x4051ce,1,383501822,369849086,13652736,44,100.000000,1,1,3474.980875,1.200000,0.800000,mba,0,,1,1,69656576,80379904,-5046272,26441838190592,26708958363648,259463446528,26441838280704,26708958724096,259456868352,-1,-1,-1
798,2,200,7,16,16,657473.754522,660944.873665,3197.350481,0x4051ce,1,405965379,395171235,10794144,46,100.000000,1,1,3474.980875,1.200000,0.800000,mba,0,,1,1,69656576,81190912,-3694592,26441807011840,26709206532096,260151181312,26441807192064,26709206802432,260139737088,-1,-1,-1
798,2,200,8,16,16,657473.240858,660944.560208,3153.614580,0x4051ce,1,406182417,397593208,8589209,48,100.000000,1,1,3474.980875,1.200000,0.800000,mba,0,,1,1,69926912,80740352,-4595712,26441796739072,26709184544768,258493210624,26441796739072,26709184634880,258491768832,-1,-1,-1
798,2,200,9,16,16,657474.635237,660942.679544,3040.922887,0x4051ce,1,383521499,375158343,8363156,50,100.000000,1,1,3474.980875,1.200000,0.800000,mba,0,,1,1,69566464,80830464,-4956160,26441857204224,26709025316864,250106847232,26441857835008,26709025947648,250102882304,-1,-1,-1
798,2,200,10,16,16,657473.637227,660947.270763,3387.600348,0x4051ce,1,405876921,387968590,17908331,52,100.000000,1,1,3474.980875,1.200000,0.800000,mba,0,,1,1,69836800,81461248,7028736,26441802776576,26709326561280,266052976640,26441803227136,26709326741504,266037477376,-1,-1,-1
798,2,200,11,16,16,657474.505357,660947.646772,3147.073589,0x4051ce,1,405736443,394424870,11311573,54,100.000000,1,1,3474.980875,1.200000,0.800000,mba,0,,1,1,69566464,81641472,-1982464,26441848283136,26709340258304,256299884544,26441848553472,26709340528640,256298172416,-1,-1,-1
798,2,200,12,16,16,657473.083433,660933.848799,2509.800310,0x4051ce,1,103007667,101620530,1387137,56,30.000000,1,1,3474.980875,1.200000,0.800000,mba,0,,1,1,0,3334144,228974592,0,69918531584,69810667520,0,69918531584,69805801472,-1,-1,-1
798,2,200,13,16,16,657473.500038,660932.808965,2469.864356,0x4051ce,1,102956635,102170288,786347,58,30.000000,1,1,3474.980875,1.200000,0.800000,mba,0,,1,1,0,3424256,240508928,1982464,69906366464,69515640832,1982464,69906456576,69513658368,-1,-1,-1
798,2,200,14,16,16,657474.085476,660932.764664,2471.508213,0x4051ce,1,102931417,102302383,629034,60,30.000000,1,1,3474.980875,1.200000,0.800000,mba,0,,1,1,360448,3424256,240508928,8740864,69905375232,69530959872,8921088,69905465344,69529157632,-1,-1,-1
798,2,200,15,16,16,657473.355997,660934.305227,2452.215602,0x4051ce,1,100730077,99978861,751216,62,30.000000,1,1,3474.980875,1.200000,0.800000,mba,0,,1,1,0,3244032,239337472,901120,69920694272,69087338496,991232,69920694272,69085356032,-1,-1,-1
799,3,200,0,16,16,660948.319408,660948.538506,0.219098,0x405218,1,6081,5251,830,32,20.000000,0,0,0.640550,1.200000,0.800000,mba,0,,0,0,-1,-1,-1,-1,-1,-1,-1,-1,-1,-1,-1,-1
799,3,200,1,16,16,660948.319300,660948.559009,0.239709,0x405218,1,6699,5835,864,34,20.000000,0,0,0.640550,1.200000,0.800000,mba,0,,0,0,-1,-1,-1,-1,-1,-1,-1,-1,-1,-1,-1,-1
799,3,200,2,16,16,660948.317710,660948.572008,0.254298,0x405218,1,7416,6620,796,36,20.000000,0,0,0.640550,1.200000,0.800000,mba,0,,0,0,-1,-1,-1,-1,-1,-1,-1,-1,-1,-1,-1,-1
799,3,200,3,16,16,660948.316694,660948.549942,0.233248,0x405218,1,7700,6767,933,38,20.000000,0,0,0.640550,1.200000,0.800000,mba,0,,0,0,-1,-1,-1,-1,-1,-1,-1,-1,-1,-1,-1,-1
799,3,200,4,16,16,660948.317333,660948.957244,0.639911,0x405218,1,22231,19081,3150,40,100.000000,0,0,0.640550,1.200000,0.800000,mba,0,,0,0,-1,-1,-1,-1,-1,-1,-1,-1,-1,-1,-1,-1
799,3,200,5,16,16,660948.317076,660948.902127,0.585051,0x405218,1,22898,19212,3686,42,80.000000,0,0,0.640550,1.200000,0.800000,mba,0,,0,0,-1,-1,-1,-1,-1,-1,-1,-1,-1,-1,-1,-1
799,3,200,6,16,16,660948.317661,660948.928229,0.610568,0x405218,1,22060,20721,1339,44,80.000000,0,0,0.640550,1.200000,0.800000,mba,0,,0,0,-1,-1,-1,-1,-1,-1,-1,-1,-1,-1,-1,-1
799,3,200,7,16,16,660948.316694,660948.928608,0.611914,0x405218,1,23103,22254,849,46,100.000000,0,0,0.640550,1.200000,0.800000,mba,0,,0,0,-1,-1,-1,-1,-1,-1,-1,-1,-1,-1,-1,-1
799,3,200,8,16,16,660948.317073,660948.889227,0.572154,0x405218,1,23039,21458,1581,48,80.000000,0,0,0.640550,1.200000,0.800000,mba,0,,0,0,-1,-1,-1,-1,-1,-1,-1,-1,-1,-1,-1,-1
799,3,200,9,16,16,660948.317156,660948.888762,0.571606,0x405218,1,22131,20823,1308,50,80.000000,0,0,0.640550,1.200000,0.800000,mba,0,,0,0,-1,-1,-1,-1,-1,-1,-1,-1,-1,-1,-1,-1
799,3,200,10,16,16,660948.317127,660948.950702,0.633575,0x405218,1,22426,20308,2118,52,100.000000,0,0,0.640550,1.200000,0.800000,mba,0,,0,0,-1,-1,-1,-1,-1,-1,-1,-1,-1,-1,-1,-1
799,3,200,11,16,16,660948.317584,660948.867795,0.550211,0x405218,1,22766,21268,1498,54,60.000000,0,0,0.640550,1.200000,0.800000,mba,0,,0,0,-1,-1,-1,-1,-1,-1,-1,-1,-1,-1,-1,-1
799,3,200,12,16,16,660948.317754,660948.589395,0.271641,0x405218,1,7683,6475,1208,56,20.000000,0,0,0.640550,1.200000,0.800000,mba,0,,0,0,-1,-1,-1,-1,-1,-1,-1,-1,-1,-1,-1,-1
799,3,200,13,16,16,660948.317064,660948.564966,0.247902,0x405218,1,7881,7266,615,58,20.000000,0,0,0.640550,1.200000,0.800000,mba,0,,0,0,-1,-1,-1,-1,-1,-1,-1,-1,-1,-1,-1,-1
799,3,200,14,16,16,660948.317290,660948.558860,0.241570,0x405218,1,7903,7188,715,60,20.000000,0,0,0.640550,1.200000,0.800000,mba,0,,0,0,-1,-1,-1,-1,-1,-1,-1,-1,-1,-1,-1,-1
799,3,200,15,16,16,660948.317883,660948.590962,0.273079,0x405218,1,7369,7142,227,62,20.000000,0,0,0.640550,1.200000,0.800000,mba,0,,0,0,-1,-1,-1,-1,-1,-1,-1,-1,-1,-1,-1,-1
800,4,200,0,16,16,660949.881100,660949.926080,0.044980,0x4052e4,1,1566,1226,340,32,100.000000,0,0,0.053578,1.200000,0.800000,mba,0,,0,0,-1,-1,-1,-1,-1,-1,-1,-1,-1,-1,-1,-1
800,4,200,1,16,16,660949.875560,660949.897684,0.022124,0x4052e4,1,342,277,65,34,50.000000,0,0,0.053578,1.200000,0.800000,mba,0,,0,0,-1,-1,-1,-1,-1,-1,-1,-1,-1,-1,-1,-1
800,4,200,2,16,16,660949.874908,660949.895621,0.020713,0x4052e4,1,78,25,53,36,50.000000,0,0,0.053578,1.200000,0.800000,mba,0,,0,0,-1,-1,-1,-1,-1,-1,-1,-1,-1,-1,-1,-1
800,4,200,3,16,16,660949.874314,660949.894850,0.020536,0x4052e4,1,162,111,51,38,50.000000,0,0,0.053578,1.200000,0.800000,mba,0,,0,0,-1,-1,-1,-1,-1,-1,-1,-1,-1,-1,-1,-1
800,4,200,4,16,16,660949.873992,660949.898271,0.024279,0x4052e4,1,113,57,56,40,50.000000,0,0,0.053578,1.200000,0.800000,mba,0,,0,0,-1,-1,-1,-1,-1,-1,-1,-1,-1,-1,-1,-1
800,4,200,5,16,16,660949.875380,660949.899105,0.023725,0x4052e4,1,434,360,74,42,50.000000,0,0,0.053578,1.200000,0.800000,mba,0,,0,0,-1,-1,-1,-1,-1,-1,-1,-1,-1,-1,-1,-1
800,4,200,6,16,16,660949.875408,660949.898138,0.022730,0x4052e4,1,292,220,72,44,50.000000,0,0,0.053578,1.200000,0.800000,mba,0,,0,0,-1,-1,-1,-1,-1,-1,-1,-1,-1,-1,-1,-1
800,4,200,7,16,16,660949.875596,660949.899288,0.023692,0x4052e4,1,347,293,54,46,50.000000,0,0,0.053578,1.200000,0.800000,mba,0,,0,0,-1,-1,-1,-1,-1,-1,-1,-1,-1,-1,-1,-1
800,4,200,8,16,16,660949.873064,660949.897277,0.024213,0x4052e4,1,364,289,75,48,60.000000,0,0,0.053578,1.200000,0.800000,mba,0,,0,0,-1,-1,-1,-1,-1,-1,-1,-1,-1,-1,-1,-1
800,4,200,9,16,16,660949.874249,660949.897838,0.023589,0x4052e4,1,471,419,52,50,60.000000,0,0,0.053578,1.200000,0.800000,mba,0,,0,0,-1,-1,-1,-1,-1,-1,-1,-1,-1,-1,-1,-1
800,4,200,10,16,16,660949.874544,660949.898721,0.024177,0x4052e4,1,172,120,52,52,50.000000,0,0,0.053578,1.200000,0.800000,mba,0,,0,0,-1,-1,-1,-1,-1,-1,-1,-1,-1,-1,-1,-1
800,4,200,11,16,16,660949.873358,660949.897155,0.023797,0x4052e4,1,426,349,77,54,50.000000,0,0,0.053578,1.200000,0.800000,mba,0,,0,0,-1,-1,-1,-1,-1,-1,-1,-1,-1,-1,-1,-1
800,4,200,12,16,16,660949.872502,660949.895308,0.022806,0x4052e4,1,131,80,51,56,50.000000,0,0,0.053578,1.200000,0.800000,mba,0,,0,0,-1,-1,-1,-1,-1,-1,-1,-1,-1,-1,-1,-1
800,4,200,13,16,16,660949.873683,660949.895199,0.021516,0x4052e4,1,141,86,55,58,50.000000,0,0,0.053578,1.200000,0.800000,mba,0,,0,0,-1,-1,-1,-1,-1,-1,-1,-1,-1,-1,-1,-1
800,4,200,14,16,16,660949.874151,660949.895135,0.020984,0x4052e4,1,165,111,54,60,50.000000,0,0,0.053578,1.200000,0.800000,mba,0,,0,0,-1,-1,-1,-1,-1,-1,-1,-1,-1,-1,-1,-1
800,4,200,15,16,16,660949.873499,660949.895007,0.021508,0x4052e4,1,118,57,61,62,50.000000,0,0,0.053578,1.200000,0.800000,mba,0,,0,0,-1,-1,-1,-1,-1,-1,-1,-1,-1,-1,-1,-1
801,5,200,0,16,16,660949.993676,660950.014286,0.020610,0x40533c,1,22,1,21,32,60.000000,0,0,0.029731,1.200000,0.800000,mba,0,,0,0,-1,-1,-1,-1,-1,-1,-1,-1,-1,-1,-1,-1
801,5,200,1,16,16,660949.994241,660950.014805,0.020564,0x40533c,1,91,47,44,34,60.000000,0,0,0.029731,1.200000,0.800000,mba,0,,0,0,-1,-1,-1,-1,-1,-1,-1,-1,-1,-1,-1,-1
801,5,200,2,16,16,660949.994117,660950.014632,0.020515,0x40533c,1,89,52,37,36,60.000000,0,0,0.029731,1.200000,0.800000,mba,0,,0,0,-1,-1,-1,-1,-1,-1,-1,-1,-1,-1,-1,-1
801,5,200,3,16,16,660949.993324,660950.013740,0.020416,0x40533c,1,175,139,36,38,60.000000,0,0,0.029731,1.200000,0.800000,mba,0,,0,0,-1,-1,-1,-1,-1,-1,-1,-1,-1,-1,-1,-1
801,5,200,4,16,16,660949.993485,660950.021536,0.028051,0x40533c,1,200,132,68,40,100.000000,0,0,0.029731,1.200000,0.800000,mba,0,,0,0,-1,-1,-1,-1,-1,-1,-1,-1,-1,-1,-1,-1
801,5,200,5,16,16,660949.993216,660950.018770,0.025554,0x40533c,1,704,467,237,42,100.000000,0,0,0.029731,1.200000,0.800000,mba,0,,0,0,-1,-1,-1,-1,-1,-1,-1,-1,-1,-1,-1,-1
801,5,200,6,16,16,660949.992568,660950.018335,0.025767,0x40533c,1,620,346,274,44,100.000000,0,0,0.029731,1.200000,0.800000,mba,0,,0,0,-1,-1,-1,-1,-1,-1,-1,-1,-1,-1,-1,-1
801,5,200,7,16,16,660949.994741,660950.020556,0.025815,0x40533c,1,782,367,415,46,100.000000,0,0,0.029731,1.200000,0.800000,mba,0,,0,0,-1,-1,-1,-1,-1,-1,-1,-1,-1,-1,-1,-1
801,5,200,8,16,16,660949.994108,660950.020664,0.026556,0x40533c,1,795,604,191,48,100.000000,0,0,0.029731,1.200000,0.800000,mba,0,,0,0,-1,-1,-1,-1,-1,-1,-1,-1,-1,-1,-1,-1
801,5,200,9,16,16,660949.993679,660950.019990,0.026311,0x40533c,1,622,203,419,50,100.000000,0,0,0.029731,1.200000,0.800000,mba,0,,0,0,-1,-1,-1,-1,-1,-1,-1,-1,-1,-1,-1,-1
801,5,200,10,16,16,660949.993973,660950.021662,0.027689,0x40533c,1,338,230,108,52,100.000000,0,0,0.029731,1.200000,0.800000,mba,0,,0,0,-1,-1,-1,-1,-1,-1,-1,-1,-1,-1,-1,-1
801,5,200,11,16,16,660949.994568,660950.020050,0.025482,0x40533c,1,823,487,336,54,100.000000,0,0,0.029731,1.200000,0.800000,mba,0,,0,0,-1,-1,-1,-1,-1,-1,-1,-1,-1,-1,-1,-1
801,5,200,12,16,16,660949.991943,660950.012905,0.020962,0x40533c,1,85,41,44,56,60.000000,0,0,0.029731,1.200000,0.800000,mba,0,,0,0,-1,-1,-1,-1,-1,-1,-1,-1,-1,-1,-1,-1
801,5,200,13,16,16,660949.993525,660950.013620,0.020095,0x40533c,1,123,81,42,58,60.000000,0,0,0.029731,1.200000,0.800000,mba,0,,0,0,-1,-1,-1,-1,-1,-1,-1,-1,-1,-1,-1,-1
801,5,200,14,16,16,660949.993036,660950.013286,0.020250,0x40533c,1,131,91,40,60,60.000000,0,0,0.029731,1.200000,0.800000,mba,0,,0,0,-1,-1,-1,-1,-1,-1,-1,-1,-1,-1,-1,-1
801,5,200,15,16,16,660949.991931,660950.012405,0.020474,0x40533c,1,60,38,22,62,60.000000,0,0,0.029731,1.200000,0.800000,mba,0,,0,0,-1,-1,-1,-1,-1,-1,-1,-1,-1,-1,-1,-1
1198,2,300,0,16,16,981177.002282,984632.599775,2443.394953,0x4051ce,1,100517960,99893482,624478,32,30.000000,1,1,3470.896111,1.200000,0.800000,mba,0,,1,1,8830976,4235264,234741760,6992610910208,7062590808064,69022277632,6992611000320,7062590898176,69020205056,-1,-1,-1
1198,2,300,1,16,16,981176.780492,984632.053808,2465.890502,0x4051ce,1,102857282,102244962,612320,34,30.000000,1,1,3470.896111,1.200000,0.800000,mba,0,,1,1,8830976,4235264,236093440,6992605593600,7062580895744,69564571648,6992605593600,7062580985856,69563940864,-1,-1,-1
1198,2,300,2,16,16,981176.794254,984632.422442,2480.902089,0x4051ce,1,103161979,102095772,1066207,36,30.000000,1,1,3470.896111,1.200000,0.800000,mba,0,,1,1,8830976,4235264,233480192,6992605593600,7062588825600,69836800000,6992605773824,7062588825600,69832384512,-1,-1,-1
1198,2,300,3,16,16,981176.798185,984632.430643,2495.967579,0x4051ce,1,103246452,102059387,1187065,38,30.000000,1,1,3470.896111,1.200000,0.800000,mba,0,,1,1,8830976,4235264,229875712,6992605593600,7062588825600,69897625600,6992605683712,7062588915712,69894111232,-1,-1,-1
1198,2,300,4,16,16,981176.984824,984647.661959,3465.648764,0x4051ce,1,405494726,381682121,23812605,40,100.000000,1,1,3470.896111,1.200000,0.800000,mba,0,,1,1,76324864,81911808,6488064,53370484473856,53638720684032,268222783488,53370484473856,53638720684032,268210888704,-1,-1,-1
1198,2,300,5,16,16,981176.804088,984644.594305,3168.009098,0x4051ce,1,406175759,393643330,12532429,42,100.000000,1,1,3470.896111,1.200000,0.800000,mba,0,,1,1,76865536,82001920,90112,53370471587840,53638664634368,263490912256,53370471677952,53638664724480,263483162624,-1,-1,-1
1198,2,300,6,16,16,981176.798235,984641.767212,3080.923410,0x4051ce,1,383969287,375225649,8743638,44,100.000000,1,1,3470.896111,1.200000,0.800000,mba,0,,1,1,76865536,81641472,-630784,53370471587840,53638423674880,256950583296,53370471768064,53638424485888,256944275456,-1,-1,-1
1198,2,300,7,16,16,981176.784775,984644.775242,3215.397620,0x4051ce,1,406003659,397482538,8521121,46,100.000000,1,1,3470.896111,1.200000,0.800000,mba,0,,1,1,76865536,81911808,1531904,53370471497728,53638669770752,265443639296,53370471587840,53638669860864,265429581824,-1,-1,-1
1198,2,300,8,16,16,981176.780604,984644.397870,3184.740114,0x4051ce,1,406181242,397763156,8418086,48,100.000000,1,1,3470.896111,1.200000,0.800000,mba,0,,1,1,76865536,82092032,630784,53370471587840,53638654992384,264375361536,53370471587840,53638655172608,264372928512,-1,-1,-1
1198,2,300,9,16,16,981176.804964,984642.489219,3074.229412,0x4051ce,1,383519898,375299107,8220791,50,100.000000,1,1,3470.896111,1.200000,0.800000,mba,0,,1,1,76865536,82001920,-630784,53370471587840,53638491979776,256708722688,53370471858176,53638492340224,256707821568,-1,-1,-1
1198,2,300,10,16,16,981176.800067,984644.088673,3191.565945,0x4051ce,1,406443166,396806277,9636889,52,100.000000,1,1,3470.896111,1.200000,0.800000,mba,0,,1,1,76865536,82362368,1441792,53370471587840,53638632284160,264455741440,53370471858176,53638632734720,264449433600,-1,-1,-1
1198,2,300,11,16,16,981176.789240,984644.286387,3106.240858,0x4051ce,1,405994213,397611730,8382483,54,100.000000,1,1,3470.896111,1.200000,0.800000,mba,0,,1,1,76865536,81911808,-1622016,53370471587840,53638648324096,259478765568,53370471587840,53638649044992,259478134784,-1,-1,-1
1198,2,300,12,16,16,981176.775580,984632.221065,2478.111897,0x4051ce,1,103264837,102051648,1213189,56,30.000000,1,1,3470.896111,1.200000,0.800000,mba,0,,1,1,8830976,4235264,234020864,6992605503488,7062585040896,69785346048,6992605593600,7062585311232,69784625152,-1,-1,-1
1198,2,300,13,16,16,981176.765848,984632.393017,2478.983340,0x4051ce,1,102954220,102172417,781803,58,30.000000,1,1,3470.896111,1.200000,0.800000,mba,0,,1,1,8830976,4235264,233390080,6992605413376,7062588284928,69815533568,6992605593600,7062588284928,69812740096,-1,-1,-1
1198,2,300,14,16,16,981176.794335,984633.500604,2481.272517,0x4051ce,1,102926127,102301148,624979,60,30.000000,1,1,3470.896111,1.200000,0.800000,mba,0,,1,1,8830976,4055040,233750528,6992605503488,7062594592768,69832474624,6992605683712,7062594592768,69829951488,-1,-1,-1
1198,2,300,15,16,16,981176.797631,984632.578348,2451.713889,0x4051ce,1,100806141,100081198,724943,62,30.000000,1,1,3470.896111,1.200000,0.800000,mba,0,,1,1,8830976,4235264,236544000,6992605593600,7062590537728,69232508928,6992605773824,7062590627840,69229625344,-1,-1,-1
1199,3,300,0,16,16,984647.902308,984648.117855,0.215547,0x405218,1,6045,5136,909,32,20.000000,0,0,0.650772,1.200000,0.800000,mba,0,,0,0,-1,-1,-1,-1,-1,-1,-1,-1,-1,-1,-1,-1
1199,3,300,1,16,16,984647.899226,984648.134952,0.235726,0x405218,1,6569,5735,834,34,20.000000,0,0,0.650772,1.200000,0.800000,mba,0,,0,0,-1,-1,-1,-1,-1,-1,-1,-1,-1,-1,-1,-1
1199,3,300,2,16,16,984647.897843,984648.123890,0.226047,0x405218,1,7575,7020,555,36,20.000000,0,0,0.650772,1.200000,0.800000,mba,0,,0,0,-1,-1,-1,-1,-1,-1,-1,-1,-1,-1,-1,-1
1199,3,300,3,16,16,984647.897077,984648.128676,0.231599,0x405218,1,7693,6982,711,38,20.000000,0,0,0.650772,1.200000,0.800000,mba,0,,0,0,-1,-1,-1,-1,-1,-1,-1,-1,-1,-1,-1,-1
1199,3,300,4,16,16,984647.898037,984648.547849,0.649812,0x405218,1,22212,18430,3782,40,100.000000,0,0,0.650772,1.200000,0.800000,mba,0,,0,0,-1,-1,-1,-1,-1,-1,-1,-1,-1,-1,-1,-1
1199,3,300,5,16,16,984647.897859,984648.486920,0.589061,0x405218,1,22905,18831,4074,42,80.000000,0,0,0.650772,1.200000,0.800000,mba,0,,0,0,-1,-1,-1,-1,-1,-1,-1,-1,-1,-1,-1,-1
1199,3,300,6,16,16,984647.898141,984648.493017,0.594876,0x405218,1,22054,20388,1666,44,80.000000,0,0,0.650772,1.200000,0.800000,mba,0,,0,0,-1,-1,-1,-1,-1,-1,-1,-1,-1,-1,-1,-1
1199,3,300,7,16,16,984647.897537,984648.503258,0.605721,0x405218,1,23094,21846,1248,46,100.000000,0,0,0.650772,1.200000,0.800000,mba,0,,0,0,-1,-1,-1,-1,-1,-1,-1,-1,-1,-1,-1,-1
1199,3,300,8,16,16,984647.898185,984648.470155,0.571970,0x405218,1,23060,21096,1964,48,80.000000,0,0,0.650772,1.200000,0.800000,mba,0,,0,0,-1,-1,-1,-1,-1,-1,-1,-1,-1,-1,-1,-1
1199,3,300,9,16,16,984647.898328,984648.472015,0.573687,0x405218,1,22099,20922,1177,50,60.000000,0,0,0.650772,1.200000,0.800000,mba,0,,0,0,-1,-1,-1,-1,-1,-1,-1,-1,-1,-1,-1,-1
1199,3,300,10,16,16,984647.898467,984648.523879,0.625412,0x405218,1,23094,21950,1144,52,100.000000,0,0,0.650772,1.200000,0.800000,mba,0,,0,0,-1,-1,-1,-1,-1,-1,-1,-1,-1,-1,-1,-1
1199,3,300,11,16,16,984647.898722,984648.430562,0.531840,0x405218,1,22908,21865,1043,54,50.000000,0,0,0.650772,1.200000,0.800000,mba,0,,0,0,-1,-1,-1,-1,-1,-1,-1,-1,-1,-1,-1,-1
1199,3,300,12,16,16,984647.900388,984648.139789,0.239401,0x405218,1,7853,6564,1289,56,20.000000,0,0,0.650772,1.200000,0.800000,mba,0,,0,0,-1,-1,-1,-1,-1,-1,-1,-1,-1,-1,-1,-1
1199,3,300,13,16,16,984647.898437,984648.144188,0.245751,0x405218,1,7916,7282,634,58,20.000000,0,0,0.650772,1.200000,0.800000,mba,0,,0,0,-1,-1,-1,-1,-1,-1,-1,-1,-1,-1,-1,-1
1199,3,300,14,16,16,984647.898589,984648.171055,0.272466,0x405218,1,7682,7083,599,60,20.000000,0,0,0.650772,1.200000,0.800000,mba,0,,0,0,-1,-1,-1,-1,-1,-1,-1,-1,-1,-1,-1,-1
1199,3,300,15,16,16,984647.898612,984648.137043,0.238431,0x405218,1,7560,7344,216,62,20.000000,0,0,0.650772,1.200000,0.800000,mba,0,,0,0,-1,-1,-1,-1,-1,-1,-1,-1,-1,-1,-1,-1
1200,4,300,0,16,16,984649.495581,984649.539370,0.043789,0x4052e4,1,1628,1301,327,32,100.000000,0,0,0.052886,1.200000,0.800000,mba,0,,0,0,-1,-1,-1,-1,-1,-1,-1,-1,-1,-1,-1,-1
1200,4,300,1,16,16,984649.488912,984649.510354,0.021442,0x4052e4,1,304,264,40,34,30.000000,0,0,0.052886,1.200000,0.800000,mba,0,,0,0,-1,-1,-1,-1,-1,-1,-1,-1,-1,-1,-1,-1
1200,4,300,2,16,16,984649.488885,984649.509209,0.020324,0x4052e4,1,161,119,42,36,30.000000,0,0,0.052886,1.200000,0.800000,mba,0,,0,0,-1,-1,-1,-1,-1,-1,-1,-1,-1,-1,-1,-1
1200,4,300,3,16,16,984649.488354,984649.509275,0.020921,0x4052e4,1,142,107,35,38,30.000000,0,0,0.052886,1.200000,0.800000,mba,0,,0,0,-1,-1,-1,-1,-1,-1,-1,-1,-1,-1,-1,-1
1200,4,300,4,16,16,984649.487573,984649.511643,0.024070,0x4052e4,1,93,59,34,40,30.000000,0,0,0.052886,1.200000,0.800000,mba,0,,0,0,-1,-1,-1,-1,-1,-1,-1,-1,-1,-1,-1,-1
1200,4,300,5,16,16,984649.489123,984649.512356,0.023233,0x4052e4,1,384,333,51,42,30.000000,0,0,0.052886,1.200000,0.800000,mba,0,,0,0,-1,-1,-1,-1,-1,-1,-1,-1,-1,-1,-1,-1
1200,4,300,6,16,16,984649.489146,984649.511271,0.022125,0x4052e4,1,287,235,52,44,30.000000,0,0,0.052886,1.200000,0.800000,mba,0,,0,0,-1,-1,-1,-1,-1,-1,-1,-1,-1,-1,-1,-1
1200,4,300,7,16,16,984649.488588,984649.511697,0.023109,0x4052e4,1,334,297,37,46,30.000000,0,0,0.052886,1.200000,0.800000,mba,0,,0,0,-1,-1,-1,-1,-1,-1,-1,-1,-1,-1,-1,-1
1200,4,300,8,16,16,984649.487665,984649.511133,0.023468,0x4052e4,1,365,311,54,48,40.000000,0,0,0.052886,1.200000,0.800000,mba,0,,0,0,-1,-1,-1,-1,-1,-1,-1,-1,-1,-1,-1,-1
1200,4,300,9,16,16,984649.489296,984649.512679,0.023383,0x4052e4,1,378,335,43,50,40.000000,0,0,0.052886,1.200000,0.800000,mba,0,,0,0,-1,-1,-1,-1,-1,-1,-1,-1,-1,-1,-1,-1
1200,4,300,10,16,16,984649.488670,984649.511346,0.022676,0x4052e4,1,345,292,53,52,30.000000,0,0,0.052886,1.200000,0.800000,mba,0,,0,0,-1,-1,-1,-1,-1,-1,-1,-1,-1,-1,-1,-1
1200,4,300,11,16,16,984649.488562,984649.512057,0.023495,0x4052e4,1,401,331,70,54,30.000000,0,0,0.052886,1.200000,0.800000,mba,0,,0,0,-1,-1,-1,-1,-1,-1,-1,-1,-1,-1,-1,-1
1200,4,300,12,16,16,984649.487613,984649.508957,0.021344,0x4052e4,1,252,206,46,56,30.000000,0,0,0.052886,1.200000,0.800000,mba,0,,0,0,-1,-1,-1,-1,-1,-1,-1,-1,-1,-1,-1,-1
1200,4,300,13,16,16,984649.486484,984649.507509,0.021025,0x4052e4,1,126,92,34,58,30.000000,0,0,0.052886,1.200000,0.800000,mba,0,,0,0,-1,-1,-1,-1,-1,-1,-1,-1,-1,-1,-1,-1
1200,4,300,14,16,16,984649.487156,984649.508182,0.021026,0x4052e4,1,51,25,26,60,30.000000,0,0,0.052886,1.200000,0.800000,mba,0,,0,0,-1,-1,-1,-1,-1,-1,-1,-1,-1,-1,-1,-1
1200,4,300,15,16,16,984649.488064,984649.508860,0.020796,0x4052e4,1,209,161,48,62,30.000000,0,0,0.052886,1.200000,0.800000,mba,0,,0,0,-1,-1,-1,-1,-1,-1,-1,-1,-1,-1,-1,-1
1201,5,300,0,16,16,984649.602122,984649.622437,0.020315,0x40533c,1,30,5,25,32,50.000000,0,0,0.029244,1.200000,0.800000,mba,0,,0,0,-1,-1,-1,-1,-1,-1,-1,-1,-1,-1,-1,-1
1201,5,300,1,16,16,984649.603122,984649.622971,0.019849,0x40533c,1,73,43,30,34,50.000000,0,0,0.029244,1.200000,0.800000,mba,0,,0,0,-1,-1,-1,-1,-1,-1,-1,-1,-1,-1,-1,-1
1201,5,300,2,16,16,984649.601806,984649.621868,0.020062,0x40533c,1,104,82,22,36,50.000000,0,0,0.029244,1.200000,0.800000,mba,0,,0,0,-1,-1,-1,-1,-1,-1,-1,-1,-1,-1,-1,-1
1201,5,300,3,16,16,984649.603069,984649.623854,0.020785,0x40533c,1,153,122,31,38,50.000000,0,0,0.029244,1.200000,0.800000,mba,0,,0,0,-1,-1,-1,-1,-1,-1,-1,-1,-1,-1,-1,-1
1201,5,300,4,16,16,984649.602523,984649.630604,0.028081,0x40533c,1,178,126,52,40,100.000000,0,0,0.029244,1.200000,0.800000,mba,0,,0,0,-1,-1,-1,-1,-1,-1,-1,-1,-1,-1,-1,-1
1201,5,300,5,16,16,984649.602243,984649.627924,0.025681,0x40533c,1,579,346,233,42,100.000000,0,0,0.029244,1.200000,0.800000,mba,0,,0,0,-1,-1,-1,-1,-1,-1,-1,-1,-1,-1,-1,-1
1201,5,300,6,16,16,984649.603374,984649.628727,0.025353,0x40533c,1,566,322,244,44,100.000000,0,0,0.029244,1.200000,0.800000,mba,0,,0,0,-1,-1,-1,-1,-1,-1,-1,-1,-1,-1,-1,-1
1201,5,300,7,16,16,984649.601768,984649.627081,0.025313,0x40533c,1,671,299,372,46,100.000000,0,0,0.029244,1.200000,0.800000,mba,0,,0,0,-1,-1,-1,-1,-1,-1,-1,-1,-1,-1,-1,-1
1201,5,300,8,16,16,984649.601679,984649.628162,0.026483,0x40533c,1,837,620,217,48,100.000000,0,0,0.029244,1.200000,0.800000,mba,0,,0,0,-1,-1,-1,-1,-1,-1,-1,-1,-1,-1,-1,-1
1201,5,300,9,16,16,984649.602893,984649.628321,0.025428,0x40533c,1,591,209,382,50,100.000000,0,0,0.029244,1.200000,0.800000,mba,0,,0,0,-1,-1,-1,-1,-1,-1,-1,-1,-1,-1,-1,-1
1201,5,300,10,16,16,984649.603299,984649.628925,0.025626,0x40533c,1,621,439,182,52,100.000000,0,0,0.029244,1.200000,0.800000,mba,0,,0,0,-1,-1,-1,-1,-1,-1,-1,-1,-1,-1,-1,-1
1201,5,300,11,16,16,984649.602327,984649.628553,0.026226,0x40533c,1,753,469,284,54,100.000000,0,0,0.029244,1.200000,0.800000,mba,0,,0,0,-1,-1,-1,-1,-1,-1,-1,-1,-1,-1,-1,-1
1201,5,300,12,16,16,984649.601828,984649.622288,0.020460,0x40533c,1,145,76,69,56,50.000000,0,0,0.029244,1.200000,0.800000,mba,0,,0,0,-1,-1,-1,-1,-1,-1,-1,-1,-1,-1,-1,-1
1201,5,300,13,16,16,984649.601360,984649.621376,0.020016,0x40533c,1,149,124,25,58,50.000000,0,0,0.029244,1.200000,0.800000,mba,0,,0,0,-1,-1,-1,-1,-1,-1,-1,-1,-1,-1,-1,-1
1201,5,300,14,16,16,984649.602525,984649.622911,0.020386,0x40533c,1,112,83,29,60,50.000000,0,0,0.029244,1.200000,0.800000,mba,0,,0,0,-1,-1,-1,-1,-1,-1,-1,-1,-1,-1,-1,-1
1201,5,300,15,16,16,984649.602262,984649.622748,0.020486,0x40533c,1,162,110,52,62,50.000000,0,0,0.029244,1.200000,0.800000,mba,0,,0,0,-1,-1,-1,-1,-1,-1,-1,-1,-1,-1,-1,-1
1598,2,400,0,16,16,1304906.880755,1308161.379968,2443.571982,0x4051ce,1,100513687,99836753,676934,0,30.000000,1,1,3269.927985,1.200000,0.800000,mba,0,,1,1,15499264,7659520,224829440,13985725456384,14055609024512,68706525184,13985725546496,14055609114624,68702199808,-1,-1,-1
1598,2,400,1,16,16,1304906.861907,1308161.977549,2516.353279,0x4051ce,1,102583097,101867140,715957,34,30.000000,1,1,3269.927985,1.200000,0.800000,mba,0,,1,1,15499264,7659520,216268800,13985725186048,14055612989440,69688205312,13985725366272,14055612989440,69681627136,-1,-1,-1
1598,2,400,2,16,16,1304906.619591,1308162.163124,2515.351978,0x4051ce,1,102944609,101614340,1330269,36,30.000000,1,1,3269.927985,1.200000,0.800000,mba,0,,1,1,15589376,7389184,218882048,13985722032128,14055613530112,69754888192,13985722032128,14055613530112,69748850688,-1,-1,-1
1598,2,400,3,16,16,1304906.886147,1308161.141829,2496.044478,0x4051ce,1,103256220,101979207,1277013,38,30.000000,1,1,3269.927985,1.200000,0.800000,mba,0,,1,1,15499264,7749632,221224960,13985725546496,14055605600256,69622063104,13985725726720,14055605690368,69615935488,-1,-1,-1
1598,2,400,4,16,16,1304905.893705,1308173.144419,3205.493514,0x4051ce,1,403689980,395186621,8503359,40,100.000000,1,1,3269.927985,1.200000,0.800000,mba,0,,1,1,69746688,80109568,5677056,80248415813632,80515847864320,266799013888,80248415813632,80515848224768,266791354368,-1,-1,-1
1598,2,400,5,16,16,1304906.500260,1308173.180781,3168.030913,0x4051ce,1,403728692,394330912,9397780,42,100.000000,1,1,3269.927985,1.200000,0.800000,mba,0,,1,1,68755456,80109568,-180224,80248449245184,80515849306112,265144737792,80248449695744,80515849576448,265135996928,-1,-1,-1
1598,2,400,6,16,16,1304906.370363,1308170.118902,3094.231521,0x4051ce,1,381497995,371645961,9852034,44,100.000000,1,1,3269.927985,1.200000,0.800000,mba,0,,1,1,69025792,79568896,-901120,80248440143872,80515578339328,258585305088,80248440594432,80515578609664,258580799488,-1,-1,-1
1598,2,400,7,16,16,1304905.896120,1308173.220065,3204.425902,0x4051ce,1,403587186,394161450,9425736,46,100.000000,1,1,3269.927985,1.200000,0.800000,mba,0,,1,1,69746688,80199680,6217728,80248415813632,80515850387456,266785136640,80248415813632,80515850387456,266771890176,-1,-1,-1
1598,2,400,8,16,16,1304907.014499,1308172.810729,3180.042092,0x4051ce,1,403763702,395022425,8741277,48,100.000000,1,1,3269.927985,1.200000,0.800000,mba,0,,1,1,69296128,80289792,360448,80248484388864,80515823894528,265812647936,80248484659200,80515824254976,265808502784,-1,-1,-1
1598,2,400,9,16,16,1304907.018355,1308170.801377,3065.118857,0x4051ce,1,381100452,372513343,8587109,50,100.000000,1,1,3269.927985,1.200000,0.800000,mba,0,,1,1,69296128,79839232,-1081344,80248484659200,80515644030976,257470889984,80248485109760,80515644751872,257467195392,-1,-1,-1
1598,2,400,10,16,16,1304905.896636,1308172.418276,3226.700017,0x4051ce,1,403880472,391228310,12652162,52,100.000000,1,1,3269.927985,1.200000,0.800000,mba,0,,1,1,69746688,80199680,6938624,80248415813632,80515791454208,266286727168,80248415813632,80515792265216,266280599552,-1,-1,-1
1598,2,400,11,16,16,1304905.892472,1308175.820457,3102.616714,0x4051ce,1,403558471,394021498,9536973,54,100.000000,1,1,3269.927985,1.200000,0.800000,mba,0,,1,1,69746688,80019456,-360448,80248415813632,80515903012864,260575068160,80248415813632,80515903012864,260570292224,-1,-1,-1
1598,2,400,12,16,16,1304905.898823,1308160.721124,2477.537956,0x4051ce,1,103264387,101930068,1334319,56,30.000000,1,1,3269.927985,1.200000,0.800000,mba,0,,1,1,15228928,7659520,226631680,13985714733056,14055596228608,69405884416,13985714733056,14055596318720,69404352512,-1,-1,-1
1598,2,400,13,16,16,1304906.249623,1308161.141605,2478.772954,0x4051ce,1,102956505,102114320,842185,58,30.000000,1,1,3269.927985,1.200000,0.800000,mba,0,,1,1,15499264,7749632,225820672,13985717886976,14055605600256,69461123072,13985717977088,14055605780480,69456166912,-1,-1,-1
1598,2,400,14,16,16,1304906.738246,1308161.066660,2480.010035,0x4051ce,1,102929624,102268818,660806,60,30.000000,1,1,3269.927985,1.200000,0.800000,mba,0,,1,1,15409152,7749632,226631680,13985723293696,14055604338688,69474549760,13985723293696,14055604338688,69471305728,-1,-1,-1
1598,2,400,15,16,16,1304905.899788,1308161.386572,2450.398501,0x4051ce,1,100804234,100031906,772328,62,30.000000,1,1,3269.927985,1.200000,0.800000,mba,0,,1,1,15228928,7659520,226902016,13985714733056,14055609024512,68851875840,13985714733056,14055609114624,68846739456,-1,-1,-1
1599,3,400,0,16,16,1308176.076275,1308176.292363,0.216088,0x405218,1,6027,5154,873,32,20.000000,0,0,0.620977,1.200000,0.800000,mba,0,,0,0,-1,-1,-1,-1,-1,-1,-1,-1,-1,-1,-1,-1
1599,3,400,1,16,16,1308176.074910,1308176.326243,0.251333,0x405218,1,6341,5432,909,34,20.000000,0,0,0.620977,1.200000,0.800000,mba,0,,0,0,-1,-1,-1,-1,-1,-1,-1,-1,-1,-1,-1,-1
1599,3,400,2,16,16,1308176.072841,1308176.327984,0.255143,0x405218,1,7391,6708,683,36,20.000000,0,0,0.620977,1.200000,0.800000,mba,0,,0,0,-1,-1,-1,-1,-1,-1,-1,-1,-1,-1,-1,-1
1599,3,400,3,16,16,1308176.072750,1308176.308783,0.236033,0x405218,1,7665,6781,884,38,20.000000,0,0,0.620977,1.200000,0.800000,mba,0,,0,0,-1,-1,-1,-1,-1,-1,-1,-1,-1,-1,-1,-1
1599,3,400,4,16,16,1308176.072555,1308176.693226,0.620671,0x405218,1,22645,20162,2483,40,100.000000,0,0,0.620977,1.200000,0.800000,mba,0,,0,0,-1,-1,-1,-1,-1,-1,-1,-1,-1,-1,-1,-1
1599,3,400,5,16,16,1308176.072711,1308176.630622,0.557911,0x405218,1,22781,18329,4452,42,80.000000,0,0,0.620977,1.200000,0.800000,mba,0,,0,0,-1,-1,-1,-1,-1,-1,-1,-1,-1,-1,-1,-1
1599,3,400,6,16,16,1308176.072567,1308176.652759,0.580192,0x405218,1,21884,20209,1675,44,80.000000,0,0,0.620977,1.200000,0.800000,mba,0,,0,0,-1,-1,-1,-1,-1,-1,-1,-1,-1,-1,-1,-1
1599,3,400,7,16,16,1308176.072826,1308176.651357,0.578531,0x405218,1,22942,20932,2010,46,100.000000,0,0,0.620977,1.200000,0.800000,mba,0,,0,0,-1,-1,-1,-1,-1,-1,-1,-1,-1,-1,-1,-1
1599,3,400,8,16,16,1308176.072451,1308176.629444,0.556993,0x405218,1,22927,20393,2534,48,80.000000,0,0,0.620977,1.200000,0.800000,mba,0,,0,0,-1,-1,-1,-1,-1,-1,-1,-1,-1,-1,-1,-1
1599,3,400,9,16,16,1308176.072404,1308176.627521,0.555117,0x405218,1,21978,20254,1724,50,60.000000,0,0,0.620977,1.200000,0.800000,mba,0,,0,0,-1,-1,-1,-1,-1,-1,-1,-1,-1,-1,-1,-1
1599,3,400,10,16,16,1308176.072943,1308176.675444,0.602501,0x405218,1,23040,21141,1899,52,100.000000,0,0,0.620977,1.200000,0.800000,mba,0,,0,0,-1,-1,-1,-1,-1,-1,-1,-1,-1,-1,-1,-1
1599,3,400,11,16,16,1308176.072249,1308176.607938,0.535689,0x405218,1,22444,19880,2564,54,50.000000,0,0,0.620977,1.200000,0.800000,mba,0,,0,0,-1,-1,-1,-1,-1,-1,-1,-1,-1,-1,-1,-1
1599,3,400,12,16,16,1308176.073427,1308176.313481,0.240054,0x405218,1,7797,6525,1272,56,20.000000,0,0,0.620977,1.200000,0.800000,mba,0,,0,0,-1,-1,-1,-1,-1,-1,-1,-1,-1,-1,-1,-1
1599,3,400,13,16,16,1308176.072374,1308176.316853,0.244479,0x405218,1,7887,7220,667,58,20.000000,0,0,0.620977,1.200000,0.800000,mba,0,,0,0,-1,-1,-1,-1,-1,-1,-1,-1,-1,-1,-1,-1
1599,3,400,14,16,16,1308176.072466,1308176.311380,0.238914,0x405218,1,7895,7190,705,60,20.000000,0,0,0.620977,1.200000,0.800000,mba,0,,0,0,-1,-1,-1,-1,-1,-1,-1,-1,-1,-1,-1,-1
1599,3,400,15,16,16,1308176.072722,1308176.308911,0.236189,0x405218,1,7518,7308,210,62,20.000000,0,0,0.620977,1.200000,0.800000,mba,0,,0,0,-1,-1,-1,-1,-1,-1,-1,-1,-1,-1,-1,-1
1600,4,400,0,16,16,1308177.625534,1308177.668485,0.042951,0x4052e4,1,1546,1201,345,32,100.000000,0,0,0.051709,1.200000,0.800000,mba,0,,0,0,-1,-1,-1,-1,-1,-1,-1,-1,-1,-1,-1,-1
1600,4,400,1,16,16,1308177.618331,1308177.640678,0.022347,0x4052e4,1,178,128,50,34,20.000000,0,0,0.051709,1.200000,0.800000,mba,0,,0,0,-1,-1,-1,-1,-1,-1,-1,-1,-1,-1,-1,-1
1600,4,400,2,16,16,1308177.617533,1308177.638373,0.020840,0x4052e4,1,76,20,56,36,20.000000,0,0,0.051709,1.200000,0.800000,mba,0,,0,0,-1,-1,-1,-1,-1,-1,-1,-1,-1,-1,-1,-1
1600,4,400,3,16,16,1308177.619375,1308177.640054,0.020679,0x4052e4,1,151,122,29,38,20.000000,0,0,0.051709,1.200000,0.800000,mba,0,,0,0,-1,-1,-1,-1,-1,-1,-1,-1,-1,-1,-1,-1
1600,4,400,4,16,16,1308177.618548,1308177.641492,0.022944,0x4052e4,1,307,271,36,40,30.000000,0,0,0.051709,1.200000,0.800000,mba,0,,0,0,-1,-1,-1,-1,-1,-1,-1,-1,-1,-1,-1,-1
1600,4,400,5,16,16,1308177.618398,1308177.641948,0.023550,0x4052e4,1,361,287,74,42,30.000000,0,0,0.051709,1.200000,0.800000,mba,0,,0,0,-1,-1,-1,-1,-1,-1,-1,-1,-1,-1,-1,-1
1600,4,400,6,16,16,1308177.618839,1308177.641615,0.022776,0x4052e4,1,251,211,40,44,30.000000,0,0,0.051709,1.200000,0.800000,mba,0,,0,0,-1,-1,-1,-1,-1,-1,-1,-1,-1,-1,-1,-1
1600,4,400,7,16,16,1308177.618605,1308177.642296,0.023691,0x4052e4,1,332,279,53,46,30.000000,0,0,0.051709,1.200000,0.800000,mba,0,,0,0,-1,-1,-1,-1,-1,-1,-1,-1,-1,-1,-1,-1
1600,4,400,8,16,16,1308177.617593,1308177.641928,0.024335,0x4052e4,1,341,267,74,48,30.000000,0,0,0.051709,1.200000,0.800000,mba,0,,0,0,-1,-1,-1,-1,-1,-1,-1,-1,-1,-1,-1,-1
1600,4,400,9,16,16,1308177.618801,1308177.642453,0.023652,0x4052e4,1,507,450,57,50,30.000000,0,0,0.051709,1.200000,0.800000,mba,0,,0,0,-1,-1,-1,-1,-1,-1,-1,-1,-1,-1,-1,-1
1600,4,400,10,16,16,1308177.617047,1308177.640433,0.023386,0x4052e4,1,374,330,44,52,30.000000,0,0,0.051709,1.200000,0.800000,mba,0,,0,0,-1,-1,-1,-1,-1,-1,-1,-1,-1,-1,-1,-1
1600,4,400,11,16,16,1308177.617251,1308177.640373,0.023122,0x4052e4,1,453,387,66,54,30.000000,0,0,0.051709,1.200000,0.800000,mba,0,,0,0,-1,-1,-1,-1,-1,-1,-1,-1,-1,-1,-1,-1
1600,4,400,12,16,16,1308177.616776,1308177.637550,0.020774,0x4052e4,1,168,133,35,56,20.000000,0,0,0.051709,1.200000,0.800000,mba,0,,0,0,-1,-1,-1,-1,-1,-1,-1,-1,-1,-1,-1,-1
1600,4,400,13,16,16,1308177.618251,1308177.639032,0.020781,0x4052e4,1,151,92,59,58,20.000000,0,0,0.051709,1.200000,0.800000,mba,0,,0,0,-1,-1,-1,-1,-1,-1,-1,-1,-1,-1,-1,-1
1600,4,400,14,16,16,1308177.617931,1308177.638625,0.020694,0x4052e4,1,145,103,42,60,20.000000,0,0,0.051709,1.200000,0.800000,mba,0,,0,0,-1,-1,-1,-1,-1,-1,-1,-1,-1,-1,-1,-1
1600,4,400,15,16,16,1308177.617741,1308177.638425,0.020684,0x4052e4,1,180,138,42,62,20.000000,0,0,0.051709,1.200000,0.800000,mba,0,,0,0,-1,-1,-1,-1,-1,-1,-1,-1,-1,-1,-1,-1
1601,5,400,0,16,16,1308177.743687,1308177.764341,0.020654,0x40533c,1,25,0,25,32,40.000000,0,0,0.029145,1.200000,0.800000,mba,0,,0,0,-1,-1,-1,-1,-1,-1,-1,-1,-1,-1,-1,-1
1601,5,400,1,16,16,1308177.743817,1308177.764777,0.020960,0x40533c,1,86,56,30,34,40.000000,0,0,0.029145,1.200000,0.800000,mba,0,,0,0,-1,-1,-1,-1,-1,-1,-1,-1,-1,-1,-1,-1
1601,5,400,2,16,16,1308177.743600,1308177.764313,0.020713,0x40533c,1,92,72,20,36,40.000000,0,0,0.029145,1.200000,0.800000,mba,0,,0,0,-1,-1,-1,-1,-1,-1,-1,-1,-1,-1,-1,-1
1601,5,400,3,16,16,1308177.743806,1308177.764125,0.020319,0x40533c,1,174,143,31,38,40.000000,0,0,0.029145,1.200000,0.800000,mba,0,,0,0,-1,-1,-1,-1,-1,-1,-1,-1,-1,-1,-1,-1
1601,5,400,4,16,16,1308177.742071,1308177.768038,0.025967,0x40533c,1,708,554,154,40,80.000000,0,0,0.029145,1.200000,0.800000,mba,0,,0,0,-1,-1,-1,-1,-1,-1,-1,-1,-1,-1,-1,-1
1601,5,400,5,16,16,1308177.743527,1308177.770403,0.026876,0x40533c,1,624,394,230,42,80.000000,0,0,0.029145,1.200000,0.800000,mba,0,,0,0,-1,-1,-1,-1,-1,-1,-1,-1,-1,-1,-1,-1
1601,5,400,6,16,16,1308177.743698,1308177.770612,0.026914,0x40533c,1,489,290,199,44,80.000000,0,0,0.029145,1.200000,0.800000,mba,0,,0,0,-1,-1,-1,-1,-1,-1,-1,-1,-1,-1,-1,-1
1601,5,400,7,16,16,1308177.744105,1308177.770879,0.026774,0x40533c,1,697,340,357,46,80.000000,0,0,0.029145,1.200000,0.800000,mba,0,,0,0,-1,-1,-1,-1,-1,-1,-1,-1,-1,-1,-1,-1
1601,5,400,8,16,16,1308177.743575,1308177.770538,0.026963,0x40533c,1,743,550,193,48,80.000000,0,0,0.029145,1.200000,0.800000,mba,0,,0,0,-1,-1,-1,-1,-1,-1,-1,-1,-1,-1,-1,-1
1601,5,400,9,16,16,1308177.743588,1308177.770693,0.027105,0x40533c,1,550,177,373,50,100.000000,0,0,0.029145,1.200000,0.800000,mba,0,,0,0,-1,-1,-1,-1,-1,-1,-1,-1,-1,-1,-1,-1
1601,5,400,10,16,16,1308177.743500,1308177.769964,0.026464,0x40533c,1,687,484,203,52,80.000000,0,0,0.029145,1.200000,0.800000,mba,0,,0,0,-1,-1,-1,-1,-1,-1,-1,-1,-1,-1,-1,-1
1601,5,400,11,16,16,1308177.743841,1308177.770123,0.026282,0x40533c,1,682,443,239,54,80.000000,0,0,0.029145,1.200000,0.800000,mba,0,,0,0,-1,-1,-1,-1,-1,-1,-1,-1,-1,-1,-1,-1
1601,5,400,12,16,16,1308177.741734,1308177.762290,0.020556,0x40533c,1,123,91,32,56,40.000000,0,0,0.029145,1.200000,0.800000,mba,0,,0,0,-1,-1,-1,-1,-1,-1,-1,-1,-1,-1,-1,-1
1601,5,400,13,16,16,1308177.742731,1308177.762900,0.020169,0x40533c,1,140,109,31,58,40.000000,0,0,0.029145,1.200000,0.800000,mba,0,,0,0,-1,-1,-1,-1,-1,-1,-1,-1,-1,-1,-1,-1
1601,5,400,14,16,16,1308177.742046,1308177.762105,0.020059,0x40533c,1,151,108,43,60,40.000000,0,0,0.029145,1.200000,0.800000,mba,0,,0,0,-1,-1,-1,-1,-1,-1,-1,-1,-1,-1,-1,-1
1601,5,400,15,16,16,1308177.743886,1308177.763926,0.020040,0x40533c,1,74,46,28,62,40.000000,0,0,0.029145,1.200000,0.800000,mba,0,,0,0,-1,-1,-1,-1,-1,-1,-1,-1,-1,-1,-1,-1
1998,2,500,0,16,16,1624810.222956,1628171.657967,2435.259007,0x4051ce,1,100464437,99844225,620212,32,30.000000,1,1,3374.706845,1.200000,0.800000,mba,0,,1,1,10993664,4595712,234291200,20977492107264,21047475068928,68872871936,20977492377600,21047475068928,68872331264,-1,-1,-1
1998,2,500,1,16,16,1624810.227587,1628171.303137,2462.059361,0x4051ce,1,102870615,102234201,636414,34,30.000000,1,1,3374.706845,1.200000,0.800000,mba,0,,1,1,10903552,4685824,232669184,20977492107264,21047467048960,69477883904,20977492467712,21047467139072,69474369536,-1,-1,-1
1998,2,500,2,16,16,1624810.240281,1628171.659579,2477.259797,0x4051ce,1,103174579,102031028,1143551,36,30.000000,1,1,3374.706845,1.200000,0.800000,mba,0,,1,1,11083776,4595712,233390080,20977492287488,21047475068928,69753626624,20977492467712,21047475068928,69750833152,-1,-1,-1
1998,2,500,3,16,16,1624810.244716,1628171.720814,2494.813815,0x4051ce,1,103259975,102044527,1215448,38,30.000000,1,1,3374.706845,1.200000,0.800000,mba,0,,1,1,11083776,4595712,229965824,20977492467712,21047475249152,69850857472,20977492467712,21047475249152,69846261760,-1,-1,-1
1998,2,500,4,16,16,1624810.216956,1628182.428282,3140.000263,0x4051ce,1,395616776,387466396,8150380,40,100.000000,1,1,3374.706845,1.200000,0.800000,mba,0,,1,1,74432512,82632704,1261568,106815976554496,107077187362816,258582061056,106815977455616,107077187543040,258571247616,-1,-1,-1
1998,2,500,5,16,16,1624810.228580,1628182.451749,3103.469089,0x4051ce,1,395669351,386776594,8892757,42,100.000000,1,1,3374.706845,1.200000,0.800000,mba,0,,1,1,74342400,82632704,270336,106815976374272,107077188263936,256910573568,106815976914944,107077188354048,256904175616,-1,-1,-1
1998,2,500,6,16,16,1624810.185878,1628179.612068,3009.006558,0x4051ce,1,373485330,364495766,8989564,44,100.000000,1,1,3374.706845,1.200000,0.800000,mba,0,,1,1,74342400,82001920,-2613248,106815976374272,107076949286912,249860841472,106815976644608,107076949737472,249863364608,-1,-1,-1
1998,2,500,7,16,16,1624810.229723,1628182.578362,3141.719644,0x4051ce,1,395515313,387316399,8198914,46,100.000000,1,1,3374.706845,1.200000,0.800000,mba,0,,1,1,74342400,83083264,1531904,106815976644608,107077192048640,258648653824,106815977725952,107077192138752,258637029376,-1,-1,-1
1998,2,500,8,16,16,1624810.223489,1628184.892723,3352.155391,0x4051ce,1,395089334,374700133,20389201,48,100.000000,1,1,3374.706845,1.200000,0.800000,mba,0,,1,1,74432512,82452480,4145152,106815976464384,107077234401280,260871897088,106815977365504,107077234401280,260861714432,-1,-1,-1
1998,2,500,9,16,16,1624810.236450,1628180.005955,3014.232083,0x4051ce,1,372992817,360696612,12296205,50,100.000000,1,1,3374.706845,1.200000,0.800000,mba,0,,1,1,74342400,82182144,-2433024,106815976374272,107076985962496,249770188800,106815976464384,107076986773504,249768206336,-1,-1,-1
1998,2,500,10,16,16,1624810.209877,1628181.817701,3113.817597,0x4051ce,1,395930423,386174562,9755861,52,100.000000,1,1,3374.706845,1.200000,0.800000,mba,0,,1,1,74342400,82542592,720896,106815976374272,107077145370624,257280753664,106815976644608,107077145911296,257276698624,-1,-1,-1
1998,2,500,11,16,16,1624810.211554,1628182.020459,3035.400980,0x4051ce,1,395514288,387210942,8303346,54,100.000000,1,1,3374.706845,1.200000,0.800000,mba,0,,1,1,74432512,82542592,-1982464,106815976374272,107077161500672,252441378816,106815977005056,107077161590784,252439216128,-1,-1,-1
1998,2,500,12,16,16,1624810.228482,1628171.525646,2475.302763,0x4051ce,1,103256325,101997218,1259107,56,30.000000,1,1,3374.706845,1.200000,0.800000,mba,0,,1,1,10903552,4685824,233750528,20977492107264,21047473086464,69713797120,20977492467712,21047473266688,69711273984,-1,-1,-1
1998,2,500,13,16,16,1624810.241923,1628171.638769,2500.384738,0x4051ce,1,102784605,101929991,854614,58,30.000000,1,1,3374.706845,1.200000,0.800000,mba,0,,1,1,11083776,4595712,227262464,20977492467712,21047474888704,69863833600,20977492557824,21047475068928,69858426880,-1,-1,-1
1998,2,500,14,16,16,1624810.224912,1628171.620076,2477.061455,0x4051ce,1,102934508,102271470,663038,60,30.000000,1,1,3374.706845,1.200000,0.800000,mba,0,,1,1,10993664,4595712,233029632,20977492107264,21047474798592,69743804416,20977492377600,21047474888704,69741641728,-1,-1,-1
1998,2,500,15,16,16,1624810.241615,1628171.892777,2447.728375,0x4051ce,1,100803940,100030629,773311,62,30.000000,1,1,3374.706845,1.200000,0.800000,mba,0,,1,1,11083776,4595712,236093440,20977492467712,21047476060160,69130862592,20977492467712,21047476060160,69127888896,-1,-1,-1
1999,3,500,0,16,16,1628185.132162,1628185.354865,0.222703,0x405218,1,6010,5187,823,0,20.000000,0,0,0.637493,1.200000,0.800000,mba,0,,0,0,-1,-1,-1,-1,-1,-1,-1,-1,-1,-1,-1,-1
1999,3,500,1,16,16,1628185.130928,1628185.369475,0.238547,0x405218,1,6471,5580,891,34,20.000000,0,0,0.637493,1.200000,0.800000,mba,0,,0,0,-1,-1,-1,-1,-1,-1,-1,-1,-1,-1,-1,-1
1999,3,500,2,16,16,1628185.128896,1628185.352342,0.223446,0x405218,1,7545,6731,814,36,20.000000,0,0,0.637493,1.200000,0.800000,mba,0,,0,0,-1,-1,-1,-1,-1,-1,-1,-1,-1,-1,-1,-1
1999,3,500,3,16,16,1628185.129628,1628185.360797,0.231169,0x405218,1,7651,6167,1484,38,20.000000,0,0,0.637493,1.200000,0.800000,mba,0,,0,0,-1,-1,-1,-1,-1,-1,-1,-1,-1,-1,-1,-1
1999,3,500,4,16,16,1628185.129950,1628185.766124,0.636174,0x405218,1,22270,20832,1438,40,100.000000,0,0,0.637493,1.200000,0.800000,mba,0,,0,0,-1,-1,-1,-1,-1,-1,-1,-1,-1,-1,-1,-1
1999,3,500,5,16,16,1628185.129433,1628185.694716,0.565283,0x405218,1,22400,18390,4010,42,80.000000,0,0,0.637493,1.200000,0.800000,mba,0,,0,0,-1,-1,-1,-1,-1,-1,-1,-1,-1,-1,-1,-1
1999,3,500,6,16,16,1628185.129636,1628185.707338,0.577702,0x405218,1,21471,20158,1313,44,80.000000,0,0,0.637493,1.200000,0.800000,mba,0,,0,0,-1,-1,-1,-1,-1,-1,-1,-1,-1,-1,-1,-1
1999,3,500,7,16,16,1628185.129697,1628185.715722,0.586025,0x405218,1,22543,20777,1766,46,100.000000,0,0,0.637493,1.200000,0.800000,mba,0,,0,0,-1,-1,-1,-1,-1,-1,-1,-1,-1,-1,-1,-1
1999,3,500,8,16,16,1628185.128927,1628185.698608,0.569681,0x405218,1,21818,17446,4372,48,80.000000,0,0,0.637493,1.200000,0.800000,mba,0,,0,0,-1,-1,-1,-1,-1,-1,-1,-1,-1,-1,-1,-1
1999,3,500,9,16,16,1628185.129376,1628185.683964,0.554588,0x405218,1,21602,20017,1585,50,60.000000,0,0,0.637493,1.200000,0.800000,mba,0,,0,0,-1,-1,-1,-1,-1,-1,-1,-1,-1,-1,-1,-1
1999,3,500,10,16,16,1628185.128790,1628185.734552,0.605762,0x405218,1,22646,21424,1222,52,100.000000,0,0,0.637493,1.200000,0.800000,mba,0,,0,0,-1,-1,-1,-1,-1,-1,-1,-1,-1,-1,-1,-1
1999,3,500,11,16,16,1628185.129513,1628185.652358,0.522845,0x405218,1,22453,21273,1180,54,50.000000,0,0,0.637493,1.200000,0.800000,mba,0,,0,0,-1,-1,-1,-1,-1,-1,-1,-1,-1,-1,-1,-1
1999,3,500,12,16,16,1628185.129793,1628185.376498,0.246705,0x405218,1,7787,6588,1199,56,20.000000,0,0,0.637493,1.200000,0.800000,mba,0,,0,0,-1,-1,-1,-1,-1,-1,-1,-1,-1,-1,-1,-1
1999,3,500,13,16,16,1628185.129940,1628185.376307,0.246367,0x405218,1,7878,7192,686,58,20.000000,0,0,0.637493,1.200000,0.800000,mba,0,,0,0,-1,-1,-1,-1,-1,-1,-1,-1,-1,-1,-1,-1
1999,3,500,14,16,16,1628185.128631,1628185.367760,0.239129,0x405218,1,7833,7089,744,60,20.000000,0,0,0.637493,1.200000,0.800000,mba,0,,0,0,-1,-1,-1,-1,-1,-1,-1,-1,-1,-1,-1,-1
1999,3,500,15,16,16,1628185.128917,1628185.365638,0.236721,0x405218,1,7517,7318,199,62,20.000000,0,0,0.637493,1.200000,0.800000,mba,0,,0,0,-1,-1,-1,-1,-1,-1,-1,-1,-1,-1,-1,-1
2000,4,500,0,16,16,1628186.708065,1628186.748402,0.040337,0x4052e4,1,1439,1121,318,0,100.000000,0,0,0.047902,1.200000,0.800000,mba,0,,0,0,-1,-1,-1,-1,-1,-1,-1,-1,-1,-1,-1,-1
2000,4,500,1,16,16,1628186.703593,1628186.725147,0.021554,0x4052e4,1,303,259,44,34,20.000000,0,0,0.047902,1.200000,0.800000,mba,0,,0,0,-1,-1,-1,-1,-1,-1,-1,-1,-1,-1,-1,-1
2000,4,500,2,16,16,1628186.703133,1628186.723816,0.020683,0x4052e4,1,155,106,49,36,20.000000,0,0,0.047902,1.200000,0.800000,mba,0,,0,0,-1,-1,-1,-1,-1,-1,-1,-1,-1,-1,-1,-1
2000,4,500,3,16,16,1628186.702178,1628186.722531,0.020353,0x4052e4,1,147,109,38,38,20.000000,0,0,0.047902,1.200000,0.800000,mba,0,,0,0,-1,-1,-1,-1,-1,-1,-1,-1,-1,-1,-1,-1
2000,4,500,4,16,16,1628186.703118,1628186.726953,0.023835,0x4052e4,1,333,292,41,40,20.000000,0,0,0.047902,1.200000,0.800000,mba,0,,0,0,-1,-1,-1,-1,-1,-1,-1,-1,-1,-1,-1,-1
2000,4,500,5,16,16,1628186.702145,1628186.725229,0.023084,0x4052e4,1,354,311,43,42,20.000000,0,0,0.047902,1.200000,0.800000,mba,0,,0,0,-1,-1,-1,-1,-1,-1,-1,-1,-1,-1,-1,-1
2000,4,500,6,16,16,1628186.703445,1628186.726473,0.023028,0x4052e4,1,304,245,59,44,20.000000,0,0,0.047902,1.200000,0.800000,mba,0,,0,0,-1,-1,-1,-1,-1,-1,-1,-1,-1,-1,-1,-1
2000,4,500,7,16,16,1628186.702925,1628186.726546,0.023621,0x4052e4,1,307,270,37,46,20.000000,0,0,0.047902,1.200000,0.800000,mba,0,,0,0,-1,-1,-1,-1,-1,-1,-1,-1,-1,-1,-1,-1
2000,4,500,8,16,16,1628186.702738,1628186.727375,0.024637,0x4052e4,1,188,147,41,48,20.000000,0,0,0.047902,1.200000,0.800000,mba,0,,0,0,-1,-1,-1,-1,-1,-1,-1,-1,-1,-1,-1,-1
2000,4,500,9,16,16,1628186.703107,1628186.727747,0.024640,0x4052e4,1,374,319,55,50,20.000000,0,0,0.047902,1.200000,0.800000,mba,0,,0,0,-1,-1,-1,-1,-1,-1,-1,-1,-1,-1,-1,-1
2000,4,500,10,16,16,1628186.702730,1628186.726124,0.023394,0x4052e4,1,409,347,62,52,20.000000,0,0,0.047902,1.200000,0.800000,mba,0,,0,0,-1,-1,-1,-1,-1,-1,-1,-1,-1,-1,-1,-1
2000,4,500,11,16,16,1628186.703443,1628186.727880,0.024437,0x4052e4,1,384,303,81,54,20.000000,0,0,0.047902,1.200000,0.800000,mba,0,,0,0,-1,-1,-1,-1,-1,-1,-1,-1,-1,-1,-1,-1
2000,4,500,12,16,16,1628186.700500,1628186.721163,0.020663,0x4052e4,1,153,123,30,56,20.000000,0,0,0.047902,1.200000,0.800000,mba,0,,0,0,-1,-1,-1,-1,-1,-1,-1,-1,-1,-1,-1,-1
2000,4,500,13,16,16,1628186.701044,1628186.721971,0.020927,0x4052e4,1,132,97,35,58,20.000000,0,0,0.047902,1.200000,0.800000,mba,0,,0,0,-1,-1,-1,-1,-1,-1,-1,-1,-1,-1,-1,-1
2000,4,500,14,16,16,1628186.701118,1628186.721628,0.020510,0x4052e4,1,142,104,38,60,20.000000,0,0,0.047902,1.200000,0.800000,mba,0,,0,0,-1,-1,-1,-1,-1,-1,-1,-1,-1,-1,-1,-1
2000,4,500,15,16,16,1628186.700736,1628186.721695,0.020959,0x4052e4,1,220,181,39,62,20.000000,0,0,0.047902,1.200000,0.800000,mba,0,,0,0,-1,-1,-1,-1,-1,-1,-1,-1,-1,-1,-1,-1
2001,5,500,0,16,16,1628186.820197,1628186.841169,0.020972,0x40533c,1,44,7,37,0,40.000000,0,0,0.030096,1.200000,0.800000,mba,0,,0,0,-1,-1,-1,-1,-1,-1,-1,-1,-1,-1,-1,-1
2001,5,500,1,16,16,1628186.821194,1628186.841418,0.020224,0x40533c,1,61,26,35,34,40.000000,0,0,0.030096,1.200000,0.800000,mba,0,,0,0,-1,-1,-1,-1,-1,-1,-1,-1,-1,-1,-1,-1
2001,5,500,2,16,16,1628186.819123,1628186.839632,0.020509,0x40533c,1,189,124,65,36,40.000000,0,0,0.030096,1.200000,0.800000,mba,0,,0,0,-1,-1,-1,-1,-1,-1,-1,-1,-1,-1,-1,-1
2001,5,500,3,16,16,1628186.820935,1628186.841762,0.020827,0x40533c,1,184,134,50,38,40.000000,0,0,0.030096,1.200000,0.800000,mba,0,,0,0,-1,-1,-1,-1,-1,-1,-1,-1,-1,-1,-1,-1
2001,5,500,4,16,16,1628186.820212,1628186.847142,0.026930,0x40533c,1,747,541,206,40,80.000000,0,0,0.030096,1.200000,0.800000,mba,0,,0,0,-1,-1,-1,-1,-1,-1,-1,-1,-1,-1,-1,-1
2001,5,500,5,16,16,1628186.820597,1628186.847633,0.027036,0x40533c,1,698,439,259,42,80.000000,0,0,0.030096,1.200000,0.800000,mba,0,,0,0,-1,-1,-1,-1,-1,-1,-1,-1,-1,-1,-1,-1
2001,5,500,6,16,16,1628186.821043,1628186.848169,0.027126,0x40533c,1,646,351,295,44,80.000000,0,0,0.030096,1.200000,0.800000,mba,0,,0,0,-1,-1,-1,-1,-1,-1,-1,-1,-1,-1,-1,-1
2001,5,500,7,16,16,1628186.819470,1628186.846549,0.027079,0x40533c,1,869,451,418,46,80.000000,0,0,0.030096,1.200000,0.800000,mba,0,,0,0,-1,-1,-1,-1,-1,-1,-1,-1,-1,-1,-1,-1
2001,5,500,8,16,16,1628186.818754,1628186.848319,0.029565,0x40533c,1,295,209,86,48,80.000000,0,0,0.030096,1.200000,0.800000,mba,0,,0,0,-1,-1,-1,-1,-1,-1,-1,-1,-1,-1,-1,-1
2001,5,500,9,16,16,1628186.820150,1628186.847745,0.027595,0x40533c,1,837,351,486,50,100.000000,0,0,0.030096,1.200000,0.800000,mba,0,,0,0,-1,-1,-1,-1,-1,-1,-1,-1,-1,-1,-1,-1
2001,5,500,10,16,16,1628186.820036,1628186.847606,0.027570,0x40533c,1,777,518,259,52,80.000000,0,0,0.030096,1.200000,0.800000,mba,0,,0,0,-1,-1,-1,-1,-1,-1,-1,-1,-1,-1,-1,-1
2001,5,500,11,16,16,1628186.819149,1628186.847260,0.028111,0x40533c,1,914,584,330,54,80.000000,0,0,0.030096,1.200000,0.800000,mba,0,,0,0,-1,-1,-1,-1,-1,-1,-1,-1,-1,-1,-1,-1
2001,5,500,12,16,16,1628186.818223,1628186.838199,0.019976,0x40533c,1,120,92,28,56,40.000000,0,0,0.030096,1.200000,0.800000,mba,0,,0,0,-1,-1,-1,-1,-1,-1,-1,-1,-1,-1,-1,-1
2001,5,500,13,16,16,1628186.820347,1628186.840775,0.020428,0x40533c,1,163,121,42,58,40.000000,0,0,0.030096,1.200000,0.800000,mba,0,,0,0,-1,-1,-1,-1,-1,-1,-1,-1,-1,-1,-1,-1
2001,5,500,14,16,16,1628186.821335,1628186.841611,0.020276,0x40533c,1,92,71,21,60,40.000000,0,0,0.030096,1.200000,0.800000,mba,0,,0,0,-1,-1,-1,-1,-1,-1,-1,-1,-1,-1,-1,-1
2001,5,500,15,16,16,1628186.819806,1628186.839808,0.020002,0x40533c,1,118,83,35,62,40.000000,0,0,0.030096,1.200000,0.800000,mba,0,,0,0,-1,-1,-1,-1,-1,-1,-1,-1,-1,-1,-1,-1
2398,2,600,0,16,16,1930760.890345,1933710.962466,2438.627922,0x4051ce,1,100513669,99903158,610511,32,30.000000,1,1,2956.560375,1.200000,0.800000,mba,0,,1,1,11714560,6758400,190406656,27970467700736,28040372985856,68627587072,27970467971072,28040372985856,68623802368,-1,-1,-1
2398,2,600,1,16,16,1930761.087040,1933710.304813,2492.571134,0x4051ce,1,102674176,102015722,658454,34,30.000000,1,1,2956.560375,1.200000,0.800000,mba,0,,1,1,11894784,6938624,185090048,27970471755776,28040363073536,69509783552,27970471845888,28040363253760,69505908736,-1,-1,-1
2398,2,600,2,16,16,1930761.422734,1933710.683158,2516.807175,0x4051ce,1,102887151,101674087,1213064,36,30.000000,1,1,2956.560375,1.200000,0.800000,mba,0,,1,1,12075008,6938624,179683328,27970478153728,28040370642944,69770747904,27970478514176,28040370642944,69764890624,-1,-1,-1
2398,2,600,3,16,16,1930760.886827,1933710.680660,2490.023049,0x4051ce,1,103257923,102068305,1189618,38,30.000000,1,1,2956.560375,1.200000,0.800000,mba,0,,1,1,11714560,6938624,185450496,27970467700736,28040370642944,69538078720,27970467700736,28040370642944,69535735808,-1,-1,-1
2398,2,600,4,16,16,1930760.867442,1933717.373401,2950.896868,0x4051ce,1,366582414,356003693,10578721,40,100.000000,1,1,2956.560375,1.200000,0.800000,mba,0,,1,1,72450048,78487552,6848512,131952452853760,132194212085760,241731117056,131952452943872,132194212175872,241723097088,-1,-1,-1
2398,2,600,5,16,16,1930760.885707,1933717.283666,2914.080225,0x4051ce,1,366590963,355742327,10848636,10,100.000000,1,1,2956.560375,1.200000,0.800000,mba,0,,1,1,72359936,78307328,720896,131952452943872,132194208661504,240179027968,131952453033984,132194208841728,240165240832,-1,-1,-1
2398,2,600,6,16,16,1930760.860937,1933714.711651,2831.977422,0x4051ce,1,346812989,335814574,10998415,44,100.000000,1,1,2956.560375,1.200000,0.800000,mba,0,,1,1,72450048,77316096,-1351680,131952452853760,132193984913408,233763504128,131952452943872,132193985363968,233762873344,-1,-1,-1
2398,2,600,7,16,16,1930761.276905,1933717.421312,2945.841568,0x4051ce,1,366489797,355477395,11012402,46,100.000000,1,1,2956.560375,1.200000,0.800000,mba,0,,1,1,72269824,78487552,8290304,131952477904896,132194212716544,241637130240,131952478625792,132194212716544,241625505792,-1,-1,-1
2398,2,600,8,16,16,1930760.882183,1933717.094010,2926.612531,0x4051ce,1,366599500,355685249,10914251,48,100.000000,1,1,2956.560375,1.200000,0.800000,mba,0,,1,1,72450048,78487552,2703360,131952452943872,132194197757952,240892264448,131952453033984,132194198298624,240890011648,-1,-1,-1
2398,2,600,9,16,16,1930761.085262,1933715.042566,2831.291853,0x4051ce,1,346278900,335997527,10281373,50,100.000000,1,1,2956.560375,1.200000,0.800000,mba,0,,1,1,72540160,77135872,180224,131952465559552,132194016722944,233853435904,131952465829888,132194017533952,233852624896,-1,-1,-1
2398,2,600,10,16,16,1930761.557312,1933716.732961,2926.225631,0x4051ce,1,366905906,354392034,12513872,20,100.000000,1,1,2956.560375,1.200000,0.800000,mba,0,,1,1,71999488,78217216,5136384,131952499712000,132194169733120,240647970816,131952500072448,132194169913344,240644816896,-1,-1,-1
2398,2,600,11,16,16,1930760.877017,1933716.938821,2856.062627,0x4051ce,1,366392972,355845504,10547468,54,100.000000,1,1,2956.560375,1.200000,0.800000,mba,0,,1,1,72450048,78217216,-450560,131952452943872,132194187395072,236183101440,131952453033984,132194187665408,236183552000,-1,-1,-1
2398,2,600,12,16,16,1930760.865742,1933710.431602,2470.612038,0x4051ce,1,103251811,101892037,1359774,56,30.000000,1,1,2956.560375,1.200000,0.800000,mba,0,,1,1,11714560,7028736,188784640,27970467700736,28040366047232,69270536192,27970467700736,28040366227456,69269905408,-1,-1,-1
2398,2,600,13,16,16,1930760.868901,1933710.671353,2474.093715,0x4051ce,1,102946622,102109221,837401,58,30.000000,1,1,2956.560375,1.200000,0.800000,mba,0,,1,1,11714560,6938624,190046208,27970467700736,28040370642944,69358665728,27970467700736,28040370642944,69354070016,-1,-1,-1
2398,2,600,14,16,16,1930761.425161,1933710.632701,2516.463685,0x4051ce,1,102663349,102061513,601836,60,30.000000,1,1,2956.560375,1.200000,0.800000,mba,0,,1,1,12075008,7028736,181485568,27970478153728,28040370282496,69773000704,27970478514176,28040370372608,69768224768,-1,-1,-1
2398,2,600,15,16,16,1930760.886928,1933710.900099,2444.248932,0x4051ce,1,100804154,100064160,739994,62,30.000000,1,1,2956.560375,1.200000,0.800000,mba,0,,1,1,11714560,6758400,191037440,27970467700736,28040372715520,68756987904,27970467790848,28040372715520,68752572416,-1,-1,-1
2399,3,600,0,16,16,1933717.651478,1933717.865476,0.213998,0x405218,1,6009,5182,827,32,20.000000,0,0,0.613100,1.200000,0.800000,mba,0,,0,0,-1,-1,-1,-1,-1,-1,-1,-1,-1,-1,-1,-1
2399,3,600,1,16,16,1933717.651108,1933717.892784,0.241676,0x405218,1,6594,5700,894,34,20.000000,0,0,0.613100,1.200000,0.800000,mba,0,,0,0,-1,-1,-1,-1,-1,-1,-1,-1,-1,-1,-1,-1
2399,3,600,2,16,16,1933717.649876,1933717.880856,0.230980,0x405218,1,7582,6742,840,36,20.000000,0,0,0.613100,1.200000,0.800000,mba,0,,0,0,-1,-1,-1,-1,-1,-1,-1,-1,-1,-1,-1,-1
2399,3,600,3,16,16,1933717.648983,1933717.884556,0.235573,0x405218,1,7714,6413,1301,38,20.000000,0,0,0.613100,1.200000,0.800000,mba,0,,0,0,-1,-1,-1,-1,-1,-1,-1,-1,-1,-1,-1,-1
2399,3,600,4,16,16,1933717.648437,1933718.260981,0.612544,0x405218,1,20943,18911,2032,40,100.000000,0,0,0.613100,1.200000,0.800000,mba,0,,0,0,-1,-1,-1,-1,-1,-1,-1,-1,-1,-1,-1,-1
2399,3,600,5,16,16,1933717.649289,1933718.195367,0.546078,0x405218,1,21005,17005,4000,10,80.000000,0,0,0.613100,1.200000,0.800000,mba,0,,0,0,-1,-1,-1,-1,-1,-1,-1,-1,-1,-1,-1,-1
2399,3,600,6,16,16,1933717.649205,1933718.192238,0.543033,0x405218,1,20041,18083,1958,44,80.000000,0,0,0.613100,1.200000,0.800000,mba,0,,0,0,-1,-1,-1,-1,-1,-1,-1,-1,-1,-1,-1,-1
2399,3,600,7,16,16,1933717.649596,1933718.204847,0.555251,0x405218,1,21265,19071,2194,46,100.000000,0,0,0.613100,1.200000,0.800000,mba,0,,0,0,-1,-1,-1,-1,-1,-1,-1,-1,-1,-1,-1,-1
2399,3,600,8,16,16,1933717.647881,1933718.176916,0.529035,0x405218,1,21110,18874,2236,48,80.000000,0,0,0.613100,1.200000,0.800000,mba,0,,0,0,-1,-1,-1,-1,-1,-1,-1,-1,-1,-1,-1,-1
2399,3,600,9,16,16,1933717.648825,1933718.177286,0.528461,0x405218,1,20140,17930,2210,50,60.000000,0,0,0.613100,1.200000,0.800000,mba,0,,0,0,-1,-1,-1,-1,-1,-1,-1,-1,-1,-1,-1,-1
2399,3,600,10,16,16,1933717.648190,1933718.232830,0.584640,0x405218,1,21328,19586,1742,20,100.000000,0,0,0.613100,1.200000,0.800000,mba,0,,0,0,-1,-1,-1,-1,-1,-1,-1,-1,-1,-1,-1,-1
2399,3,600,11,16,16,1933717.648875,1933718.144508,0.495633,0x405218,1,21004,19526,1478,54,50.000000,0,0,0.613100,1.200000,0.800000,mba,0,,0,0,-1,-1,-1,-1,-1,-1,-1,-1,-1,-1,-1,-1
2399,3,600,12,16,16,1933717.649505,1933717.899621,0.250116,0x405218,1,7822,6578,1244,56,20.000000,0,0,0.613100,1.200000,0.800000,mba,0,,0,0,-1,-1,-1,-1,-1,-1,-1,-1,-1,-1,-1,-1
2399,3,600,13,16,16,1933717.648834,1933717.902325,0.253491,0x405218,1,7849,7161,688,58,20.000000,0,0,0.613100,1.200000,0.800000,mba,0,,0,0,-1,-1,-1,-1,-1,-1,-1,-1,-1,-1,-1,-1
2399,3,600,14,16,16,1933717.648139,1933717.889664,0.241525,0x405218,1,7866,7160,706,60,20.000000,0,0,0.613100,1.200000,0.800000,mba,0,,0,0,-1,-1,-1,-1,-1,-1,-1,-1,-1,-1,-1,-1
2399,3,600,15,16,16,1933717.648338,1933717.891960,0.243622,0x405218,1,7536,7272,264,62,20.000000,0,0,0.613100,1.200000,0.800000,mba,0,,0,0,-1,-1,-1,-1,-1,-1,-1,-1,-1,-1,-1,-1
2400,4,600,0,16,16,1933719.207749,1933719.252779,0.045030,0x4052e4,1,1671,1357,314,32,100.000000,0,0,0.053134,1.200000,0.800000,mba,0,,0,0,-1,-1,-1,-1,-1,-1,-1,-1,-1,-1,-1,-1
2400,4,600,1,16,16,1933719.202179,1933719.223537,0.021358,0x4052e4,1,315,259,56,34,20.000000,0,0,0.053134,1.200000,0.800000,mba,0,,0,0,-1,-1,-1,-1,-1,-1,-1,-1,-1,-1,-1,-1
2400,4,600,2,16,16,1933719.200970,1933719.221574,0.020604,0x4052e4,1,179,109,70,36,20.000000,0,0,0.053134,1.200000,0.800000,mba,0,,0,0,-1,-1,-1,-1,-1,-1,-1,-1,-1,-1,-1,-1
2400,4,600,3,16,16,1933719.201884,1933719.222472,0.020588,0x4052e4,1,149,107,42,38,20.000000,0,0,0.053134,1.200000,0.800000,mba,0,,0,0,-1,-1,-1,-1,-1,-1,-1,-1,-1,-1,-1,-1
2400,4,600,4,16,16,1933719.200633,1933719.225278,0.024645,0x4052e4,1,337,288,49,40,20.000000,0,0,0.053134,1.200000,0.800000,mba,0,,0,0,-1,-1,-1,-1,-1,-1,-1,-1,-1,-1,-1,-1
2400,4,600,5,16,16,1933719.201370,1933719.225212,0.023842,0x4052e4,1,379,315,64,10,20.000000,0,0,0.053134,1.200000,0.800000,mba,0,,0,0,-1,-1,-1,-1,-1,-1,-1,-1,-1,-1,-1,-1
2400,4,600,6,16,16,1933719.202147,1933719.225441,0.023294,0x4052e4,1,354,282,72,44,20.000000,0,0,0.053134,1.200000,0.800000,mba,0,,0,0,-1,-1,-1,-1,-1,-1,-1,-1,-1,-1,-1,-1
2400,4,600,7,16,16,1933719.200707,1933719.225641,0.024934,0x4052e4,1,319,256,63,46,20.000000,0,0,0.053134,1.200000,0.800000,mba,0,,0,0,-1,-1,-1,-1,-1,-1,-1,-1,-1,-1,-1,-1
2400,4,600,8,16,16,1933719.201476,1933719.227173,0.025697,0x4052e4,1,492,395,97,48,20.000000,0,0,0.053134,1.200000,0.800000,mba,0,,0,0,-1,-1,-1,-1,-1,-1,-1,-1,-1,-1,-1,-1
2400,4,600,9,16,16,1933719.202332,1933719.227268,0.024936,0x4052e4,1,417,332,85,50,20.000000,0,0,0.053134,1.200000,0.800000,mba,0,,0,0,-1,-1,-1,-1,-1,-1,-1,-1,-1,-1,-1,-1
2400,4,600,10,16,16,1933719.201870,1933719.225332,0.023462,0x4052e4,1,368,280,88,20,20.000000,0,0,0.053134,1.200000,0.800000,mba,0,,0,0,-1,-1,-1,-1,-1,-1,-1,-1,-1,-1,-1,-1
2400,4,600,11,16,16,1933719.202515,1933719.226637,0.024122,0x4052e4,1,372,323,49,54,20.000000,0,0,0.053134,1.200000,0.800000,mba,0,,0,0,-1,-1,-1,-1,-1,-1,-1,-1,-1,-1,-1,-1
2400,4,600,12,16,16,1933719.199667,1933719.220606,0.020939,0x4052e4,1,178,127,51,56,20.000000,0,0,0.053134,1.200000,0.800000,mba,0,,0,0,-1,-1,-1,-1,-1,-1,-1,-1,-1,-1,-1,-1
2400,4,600,13,16,16,1933719.200214,1933719.221409,0.021195,0x4052e4,1,180,132,48,58,20.000000,0,0,0.053134,1.200000,0.800000,mba,0,,0,0,-1,-1,-1,-1,-1,-1,-1,-1,-1,-1,-1,-1
2400,4,600,14,16,16,1933719.200028,1933719.220734,0.020706,0x4052e4,1,161,113,48,60,20.000000,0,0,0.053134,1.200000,0.800000,mba,0,,0,0,-1,-1,-1,-1,-1,-1,-1,-1,-1,-1,-1,-1
2400,4,600,15,16,16,1933719.199645,1933719.220799,0.021154,0x4052e4,1,222,162,60,62,20.000000,0,0,0.053134,1.200000,0.800000,mba,0,,0,0,-1,-1,-1,-1,-1,-1,-1,-1,-1,-1,-1,-1
2401,5,600,0,16,16,1933719.325060,1933719.345465,0.020405,0x40533c,1,45,1,44,32,40.000000,0,0,0.029671,1.200000,0.800000,mba,0,,0,0,-1,-1,-1,-1,-1,-1,-1,-1,-1,-1,-1,-1
2401,5,600,1,16,16,1933719.324430,1933719.344564,0.020134,0x40533c,1,93,45,48,34,40.000000,0,0,0.029671,1.200000,0.800000,mba,0,,0,0,-1,-1,-1,-1,-1,-1,-1,-1,-1,-1,-1,-1
2401,5,600,2,16,16,1933719.324730,1933719.345281,0.020551,0x40533c,1,272,197,75,36,40.000000,0,0,0.029671,1.200000,0.800000,mba,0,,0,0,-1,-1,-1,-1,-1,-1,-1,-1,-1,-1,-1,-1
2401,5,600,3,16,16,1933719.323269,1933719.343690,0.020421,0x40533c,1,134,84,50,38,40.000000,0,0,0.029671,1.200000,0.800000,mba,0,,0,0,-1,-1,-1,-1,-1,-1,-1,-1,-1,-1,-1,-1
2401,5,600,4,16,16,1933719.323421,1933719.350513,0.027092,0x40533c,1,624,463,161,40,80.000000,0,0,0.029671,1.200000,0.800000,mba,0,,0,0,-1,-1,-1,-1,-1,-1,-1,-1,-1,-1,-1,-1
2401,5,600,5,16,16,1933719.324365,1933719.351158,0.026793,0x40533c,1,688,445,243,10,80.000000,0,0,0.029671,1.200000,0.800000,mba,0,,0,0,-1,-1,-1,-1,-1,-1,-1,-1,-1,-1,-1,-1
2401,5,600,6,16,16,1933719.323401,1933719.350181,0.026780,0x40533c,1,702,462,240,44,80.000000,0,0,0.029671,1.200000,0.800000,mba,0,,0,0,-1,-1,-1,-1,-1,-1,-1,-1,-1,-1,-1,-1
2401,5,600,7,16,16,1933719.324727,1933719.352872,0.028145,0x40533c,1,652,335,317,46,80.000000,0,0,0.029671,1.200000,0.800000,mba,0,,0,0,-1,-1,-1,-1,-1,-1,-1,-1,-1,-1,-1,-1
2401,5,600,8,16,16,1933719.324030,1933719.351116,0.027086,0x40533c,1,800,618,182,48,80.000000,0,0,0.029671,1.200000,0.800000,mba,0,,0,0,-1,-1,-1,-1,-1,-1,-1,-1,-1,-1,-1,-1
2401,5,600,9,16,16,1933719.324390,1933719.351593,0.027203,0x40533c,1,672,233,439,50,100.000000,0,0,0.029671,1.200000,0.800000,mba,0,,0,0,-1,-1,-1,-1,-1,-1,-1,-1,-1,-1,-1,-1
2401,5,600,10,16,16,1933719.324726,1933719.352940,0.028214,0x40533c,1,802,580,222,20,80.000000,0,0,0.029671,1.200000,0.800000,mba,0,,0,0,-1,-1,-1,-1,-1,-1,-1,-1,-1,-1,-1,-1
2401,5,600,11,16,16,1933719.323708,1933719.350686,0.026978,0x40533c,1,778,477,301,54,80.000000,0,0,0.029671,1.200000,0.800000,mba,0,,0,0,-1,-1,-1,-1,-1,-1,-1,-1,-1,-1,-1,-1
2401,5,600,12,16,16,1933719.324645,1933719.344755,0.020110,0x40533c,1,116,85,31,56,40.000000,0,0,0.029671,1.200000,0.800000,mba,0,,0,0,-1,-1,-1,-1,-1,-1,-1,-1,-1,-1,-1,-1
2401,5,600,13,16,16,1933719.324759,1933719.345099,0.020340,0x40533c,1,155,101,54,58,40.000000,0,0,0.029671,1.200000,0.800000,mba,0,,0,0,-1,-1,-1,-1,-1,-1,-1,-1,-1,-1,-1,-1
2401,5,600,14,16,16,1933719.323460,1933719.343791,0.020331,0x40533c,1,184,136,48,60,40.000000,0,0,0.029671,1.200000,0.800000,mba,0,,0,0,-1,-1,-1,-1,-1,-1,-1,-1,-1,-1,-1,-1
2401,5,600,15,16,16,1933719.324718,1933719.344828,0.020110,0x40533c,1,142,103,39,62,40.000000,0,0,0.029671,1.200000,0.800000,mba,0,,0,0,-1,-1,-1,-1,-1,-1,-1,-1,-1,-1,-1,-1
2798,2,700,0,16,16,2219511.744130,2222422.506139,2432.755587,0x4051ce,1,100505530,99860436,645094,32,30.000000,1,1,2914.416917,1.200000,0.800000,mba,0,,1,1,14688256,10452992,188694528,34961402617856,35031340343296,68876656640,34961402888192,35031340343296,68873322496,-1,-1,-1
2798,2,700,1,16,16,2219511.587409,2222421.963927,2452.857889,0x4051ce,1,102869996,102203784,666212,34,30.000000,1,1,2914.416917,1.200000,0.800000,mba,0,,1,1,14688256,10362880,194371584,34961399283712,35031332773888,69349744640,34961399373824,35031332773888,69347852288,-1,-1,-1
2798,2,700,2,16,16,2219511.585024,2222422.213820,2467.171208,0x4051ce,1,103161616,102051991,1109625,36,30.000000,1,1,2914.416917,1.200000,0.800000,mba,0,,1,1,14688256,10272768,193740800,34961399193600,35031337009152,69602148352,34961399283712,35031337009152,69599444992,-1,-1,-1
2798,2,700,3,16,16,2219511.570472,2222422.299057,2483.600333,0x4051ce,1,103256032,102050554,1205478,38,30.000000,1,1,2914.416917,1.200000,0.800000,mba,0,,1,1,14688256,10362880,190136320,34961399193600,35031337730048,69726593024,34961399283712,35031337820160,69722177536,-1,-1,-1
2798,2,700,4,16,16,2219511.578766,2222425.972418,2808.928181,0x4051ce,1,346186937,336045146,10141791,40,100.000000,1,1,2914.416917,1.200000,0.800000,mba,0,,1,1,70828032,74973184,720896,155356805120000,155584372793344,226273394688,155356805480448,155584372793344,226267357184,-1,-1,-1
2798,2,700,5,16,16,2219511.556765,2222425.908060,2803.516074,0x4051ce,1,346438959,334438896,12000063,42,100.000000,1,1,2914.416917,1.200000,0.800000,mba,0,,1,1,70737920,74792960,-901120,155356805120000,155584371982336,225401651200,155356805390336,155584372162560,225393090560,-1,-1,-1
2798,2,700,6,16,16,2219511.555741,2222423.529966,2700.822428,0x4051ce,1,327914957,316810689,11104268,44,100.000000,1,1,2914.416917,1.200000,0.800000,mba,0,,1,1,70737920,74612736,-2793472,155356805029888,155584163823616,218867990528,155356805210112,155584164544512,218864115712,-1,-1,-1
2798,2,700,7,16,16,2219511.555979,2222425.890628,2809.347995,0x4051ce,1,346335985,335305074,11030911,46,100.000000,1,1,2914.416917,1.200000,0.800000,mba,0,,1,1,70737920,74973184,450560,155356805029888,155584371802112,226285289472,155356805390336,155584371892224,226274205696,-1,-1,-1
2798,2,700,8,16,16,2219511.823313,2222425.758136,2852.464698,0x4051ce,1,346277783,332262465,14015318,48,100.000000,1,1,2914.416917,1.200000,0.800000,mba,0,,1,1,70377472,75423744,540672,155356822241280,155584364683264,226317369344,155356823052288,155584365223936,226314756096,-1,-1,-1
2798,2,700,9,16,16,2219511.891692,2222423.990883,2699.108112,0x4051ce,1,327336455,315606917,11729538,50,100.000000,1,1,2914.416917,1.200000,0.800000,mba,0,,1,1,70287360,74612736,-3424256,155356826927104,155584208338944,218794639360,155356827648000,155584208789504,218797432832,-1,-1,-1
2798,2,700,10,16,16,2219511.555501,2222425.372498,2816.134330,0x4051ce,1,346687263,333156980,13530283,20,100.000000,1,1,2914.416917,1.200000,0.800000,mba,0,,1,1,70737920,75063296,1261568,155356804849664,155584333504512,225820672000,155356805390336,155584334225408,225812201472,-1,-1,-1
2798,2,700,11,16,16,2219511.567121,2222425.638495,2720.021884,0x4051ce,1,345959902,334959121,11000781,54,100.000000,1,1,2914.416917,1.200000,0.800000,mba,0,,1,1,70828032,75333632,-2252800,155356805120000,155584356032512,220840812544,155356805390336,155584356573184,220843786240,-1,-1,-1
2798,2,700,12,16,16,2219511.576039,2222421.963244,2466.078585,0x4051ce,1,103260712,101948758,1311954,56,30.000000,1,1,2914.416917,1.200000,0.800000,mba,0,,1,1,14598144,10362880,194101248,34961399193600,35031332683776,69575565312,34961399193600,35031332773888,69571330048,-1,-1,-1
2798,2,700,13,16,16,2219511.578173,2222423.458086,2519.616876,0x4051ce,1,102580218,101701265,878953,58,30.000000,1,1,2914.416917,1.200000,0.800000,mba,0,,1,1,14688256,9822208,173015040,34961399193600,35031344128000,69882396672,34961399283712,35031344128000,69876629504,-1,-1,-1
2798,2,700,14,16,16,2219511.567947,2222422.210502,2468.451347,0x4051ce,1,102936527,102260161,676366,60,30.000000,1,1,2914.416917,1.200000,0.800000,mba,0,,1,1,14688256,10272768,193560576,34961399193600,35031336558592,69617106944,34961399193600,35031337009152,69614764032,-1,-1,-1
2798,2,700,15,16,16,2219511.576246,2222422.478169,2438.401631,0x4051ce,1,100802659,100010599,792060,62,30.000000,1,1,2914.416917,1.200000,0.800000,mba,0,,1,1,14688256,10362880,189145088,34961399193600,35031339892736,69010923520,34961399283712,35031339892736,69008490496,-1,-1,-1
2799,3,700,0,16,16,2222426.217807,2222426.440549,0.222742,0x405218,1,6193,5359,834,32,20.000000,0,0,0.573090,1.200000,0.800000,mba,0,,0,0,-1,-1,-1,-1,-1,-1,-1,-1,-1,-1,-1,-1
2799,3,700,1,16,16,2222426.216488,2222426.454781,0.238293,0x405218,1,6596,5745,851,34,20.000000,0,0,0.573090,1.200000,0.800000,mba,0,,0,0,-1,-1,-1,-1,-1,-1,-1,-1,-1,-1,-1,-1
2799,3,700,2,16,16,2222426.215189,2222426.441391,0.226202,0x405218,1,7560,6917,643,36,20.000000,0,0,0.573090,1.200000,0.800000,mba,0,,0,0,-1,-1,-1,-1,-1,-1,-1,-1,-1,-1,-1,-1
2799,3,700,3,16,16,2222426.214243,2222426.449224,0.234981,0x405218,1,7686,6933,753,38,20.000000,0,0,0.573090,1.200000,0.800000,mba,0,,0,0,-1,-1,-1,-1,-1,-1,-1,-1,-1,-1,-1,-1
2799,3,700,4,16,16,2222426.214524,2222426.786905,0.572381,0x405218,1,19968,17504,2464,40,100.000000,0,0,0.573090,1.200000,0.800000,mba,0,,0,0,-1,-1,-1,-1,-1,-1,-1,-1,-1,-1,-1,-1
2799,3,700,5,16,16,2222426.214905,2222426.722706,0.507801,0x405218,1,20002,15726,4276,42,80.000000,0,0,0.573090,1.200000,0.800000,mba,0,,0,0,-1,-1,-1,-1,-1,-1,-1,-1,-1,-1,-1,-1
2799,3,700,6,16,16,2222426.214344,2222426.735593,0.521249,0x405218,1,18961,16582,2379,44,80.000000,0,0,0.573090,1.200000,0.800000,mba,0,,0,0,-1,-1,-1,-1,-1,-1,-1,-1,-1,-1,-1,-1
2799,3,700,7,16,16,2222426.214598,2222426.738917,0.524319,0x405218,1,20233,17960,2273,46,100.000000,0,0,0.573090,1.200000,0.800000,mba,0,,0,0,-1,-1,-1,-1,-1,-1,-1,-1,-1,-1,-1,-1
2799,3,700,8,16,16,2222426.214491,2222426.726080,0.511589,0x405218,1,20122,17953,2169,48,80.000000,0,0,0.573090,1.200000,0.800000,mba,0,,0,0,-1,-1,-1,-1,-1,-1,-1,-1,-1,-1,-1,-1
2799,3,700,9,16,16,2222426.214671,2222426.705558,0.490887,0x405218,1,19065,17355,1710,50,60.000000,0,0,0.573090,1.200000,0.800000,mba,0,,0,0,-1,-1,-1,-1,-1,-1,-1,-1,-1,-1,-1,-1
2799,3,700,10,16,16,2222426.214516,2222426.765119,0.550603,0x405218,1,20328,18522,1806,52,100.000000,0,0,0.573090,1.200000,0.800000,mba,0,,0,0,-1,-1,-1,-1,-1,-1,-1,-1,-1,-1,-1,-1
2799,3,700,11,16,16,2222426.213907,2222426.681555,0.467648,0x405218,1,19931,18402,1529,54,50.000000,0,0,0.573090,1.200000,0.800000,mba,0,,0,0,-1,-1,-1,-1,-1,-1,-1,-1,-1,-1,-1,-1
2799,3,700,12,16,16,2222426.214833,2222426.459929,0.245096,0x405218,1,7839,6557,1282,56,20.000000,0,0,0.573090,1.200000,0.800000,mba,0,,0,0,-1,-1,-1,-1,-1,-1,-1,-1,-1,-1,-1,-1
2799,3,700,13,16,16,2222426.213815,2222426.484610,0.270795,0x405218,1,7681,6977,704,58,20.000000,0,0,0.573090,1.200000,0.800000,mba,0,,0,0,-1,-1,-1,-1,-1,-1,-1,-1,-1,-1,-1,-1
2799,3,700,14,16,16,2222426.214924,2222426.451084,0.236160,0x405218,1,7831,7199,632,60,20.000000,0,0,0.573090,1.200000,0.800000,mba,0,,0,0,-1,-1,-1,-1,-1,-1,-1,-1,-1,-1,-1,-1
2799,3,700,15,16,16,2222426.216257,2222426.455536,0.239279,0x405218,1,7564,7285,279,62,20.000000,0,0,0.573090,1.200000,0.800000,mba,0,,0,0,-1,-1,-1,-1,-1,-1,-1,-1,-1,-1,-1,-1
2800,4,700,0,16,16,2222427.716479,2222427.758905,0.042426,0x4052e4,1,1526,1154,372,32,100.000000,0,0,0.050390,1.200000,0.800000,mba,0,,0,0,-1,-1,-1,-1,-1,-1,-1,-1,-1,-1,-1,-1
2800,4,700,1,16,16,2222427.711391,2222427.732502,0.021111,0x4052e4,1,277,227,50,34,20.000000,0,0,0.050390,1.200000,0.800000,mba,0,,0,0,-1,-1,-1,-1,-1,-1,-1,-1,-1,-1,-1,-1
2800,4,700,2,16,16,2222427.711508,2222427.732099,0.020591,0x4052e4,1,213,150,63,36,20.000000,0,0,0.050390,1.200000,0.800000,mba,0,,0,0,-1,-1,-1,-1,-1,-1,-1,-1,-1,-1,-1,-1
2800,4,700,3,16,16,2222427.711201,2222427.731596,0.020395,0x4052e4,1,153,110,43,38,20.000000,0,0,0.050390,1.200000,0.800000,mba,0,,0,0,-1,-1,-1,-1,-1,-1,-1,-1,-1,-1,-1,-1
2800,4,700,4,16,16,2222427.710751,2222427.734647,0.023896,0x4052e4,1,322,246,76,40,20.000000,0,0,0.050390,1.200000,0.800000,mba,0,,0,0,-1,-1,-1,-1,-1,-1,-1,-1,-1,-1,-1,-1
2800,4,700,5,16,16,2222427.710504,2222427.734805,0.024301,0x4052e4,1,364,298,66,42,20.000000,0,0,0.050390,1.200000,0.800000,mba,0,,0,0,-1,-1,-1,-1,-1,-1,-1,-1,-1,-1,-1,-1
2800,4,700,6,16,16,2222427.711310,2222427.734587,0.023277,0x4052e4,1,381,302,79,44,20.000000,0,0,0.050390,1.200000,0.800000,mba,0,,0,0,-1,-1,-1,-1,-1,-1,-1,-1,-1,-1,-1,-1
2800,4,700,7,16,16,2222427.710624,2222427.735039,0.024415,0x4052e4,1,309,266,43,46,20.000000,0,0,0.050390,1.200000,0.800000,mba,0,,0,0,-1,-1,-1,-1,-1,-1,-1,-1,-1,-1,-1,-1
2800,4,700,8,16,16,2222427.710908,2222427.736091,0.025183,0x4052e4,1,339,281,58,48,20.000000,0,0,0.050390,1.200000,0.800000,mba,0,,0,0,-1,-1,-1,-1,-1,-1,-1,-1,-1,-1,-1,-1
2800,4,700,9,16,16,2222427.710750,2222427.735823,0.025073,0x4052e4,1,355,298,57,50,20.000000,0,0,0.050390,1.200000,0.800000,mba,0,,0,0,-1,-1,-1,-1,-1,-1,-1,-1,-1,-1,-1,-1
2800,4,700,10,16,16,2222427.709638,2222427.734245,0.024607,0x4052e4,1,425,359,66,52,20.000000,0,0,0.050390,1.200000,0.800000,mba,0,,0,0,-1,-1,-1,-1,-1,-1,-1,-1,-1,-1,-1,-1
2800,4,700,11,16,16,2222427.710071,2222427.734335,0.024264,0x4052e4,1,388,318,70,54,20.000000,0,0,0.050390,1.200000,0.800000,mba,0,,0,0,-1,-1,-1,-1,-1,-1,-1,-1,-1,-1,-1,-1
2800,4,700,12,16,16,2222427.708713,2222427.729796,0.021083,0x4052e4,1,185,136,49,56,20.000000,0,0,0.050390,1.200000,0.800000,mba,0,,0,0,-1,-1,-1,-1,-1,-1,-1,-1,-1,-1,-1,-1
2800,4,700,13,16,16,2222427.708515,2222427.730320,0.021805,0x4052e4,1,69,33,36,58,20.000000,0,0,0.050390,1.200000,0.800000,mba,0,,0,0,-1,-1,-1,-1,-1,-1,-1,-1,-1,-1,-1,-1
2800,4,700,14,16,16,2222427.709596,2222427.730391,0.020795,0x4052e4,1,166,115,51,60,20.000000,0,0,0.050390,1.200000,0.800000,mba,0,,0,0,-1,-1,-1,-1,-1,-1,-1,-1,-1,-1,-1,-1
2800,4,700,15,16,16,2222427.709683,2222427.730539,0.020856,0x4052e4,1,197,147,50,62,20.000000,0,0,0.050390,1.200000,0.800000,mba,0,,0,0,-1,-1,-1,-1,-1,-1,-1,-1,-1,-1,-1,-1
2801,5,700,0,16,16,2222427.831888,2222427.852122,0.020234,0x40533c,1,19,2,17,32,40.000000,0,0,0.031324,1.200000,0.800000,mba,0,,0,0,-1,-1,-1,-1,-1,-1,-1,-1,-1,-1,-1,-1
2801,5,700,1,16,16,2222427.832338,2222427.852444,0.020106,0x40533c,1,110,73,37,34,40.000000,0,0,0.031324,1.200000,0.800000,mba,0,,0,0,-1,-1,-1,-1,-1,-1,-1,-1,-1,-1,-1,-1
2801,5,700,2,16,16,2222427.832087,2222427.852294,0.020207,0x40533c,1,127,85,42,36,40.000000,0,0,0.031324,1.200000,0.800000,mba,0,,0,0,-1,-1,-1,-1,-1,-1,-1,-1,-1,-1,-1,-1
2801,5,700,3,16,16,2222427.830935,2222427.851536,0.020601,0x40533c,1,213,161,52,38,40.000000,0,0,0.031324,1.200000,0.800000,mba,0,,0,0,-1,-1,-1,-1,-1,-1,-1,-1,-1,-1,-1,-1
2801,5,700,4,16,16,2222427.830776,2222427.857345,0.026569,0x40533c,1,669,488,181,40,80.000000,0,0,0.031324,1.200000,0.800000,mba,0,,0,0,-1,-1,-1,-1,-1,-1,-1,-1,-1,-1,-1,-1
2801,5,700,5,16,16,2222427.830277,2222427.857930,0.027653,0x40533c,1,552,380,172,42,80.000000,0,0,0.031324,1.200000,0.800000,mba,0,,0,0,-1,-1,-1,-1,-1,-1,-1,-1,-1,-1,-1,-1
2801,5,700,6,16,16,2222427.831016,2222427.858082,0.027066,0x40533c,1,712,374,338,44,80.000000,0,0,0.031324,1.200000,0.800000,mba,0,,0,0,-1,-1,-1,-1,-1,-1,-1,-1,-1,-1,-1,-1
2801,5,700,7,16,16,2222427.829930,2222427.856834,0.026904,0x40533c,1,825,420,405,46,80.000000,0,0,0.031324,1.200000,0.800000,mba,0,,0,0,-1,-1,-1,-1,-1,-1,-1,-1,-1,-1,-1,-1
2801,5,700,8,16,16,2222427.831486,2222427.859416,0.027930,0x40533c,1,784,595,189,48,80.000000,0,0,0.031324,1.200000,0.800000,mba,0,,0,0,-1,-1,-1,-1,-1,-1,-1,-1,-1,-1,-1,-1
2801,5,700,9,16,16,2222427.831259,2222427.858244,0.026985,0x40533c,1,637,234,403,50,100.000000,0,0,0.031324,1.200000,0.800000,mba,0,,0,0,-1,-1,-1,-1,-1,-1,-1,-1,-1,-1,-1,-1
2801,5,700,10,16,16,2222427.832235,2222427.860560,0.028325,0x40533c,1,778,554,224,52,80.000000,0,0,0.031324,1.200000,0.800000,mba,0,,0,0,-1,-1,-1,-1,-1,-1,-1,-1,-1,-1,-1,-1
2801,5,700,11,16,16,2222427.831493,2222427.857960,0.026467,0x40533c,1,919,552,367,54,80.000000,0,0,0.031324,1.200000,0.800000,mba,0,,0,0,-1,-1,-1,-1,-1,-1,-1,-1,-1,-1,-1,-1
2801,5,700,12,16,16,2222427.829236,2222427.849692,0.020456,0x40533c,1,149,100,49,56,40.000000,0,0,0.031324,1.200000,0.800000,mba,0,,0,0,-1,-1,-1,-1,-1,-1,-1,-1,-1,-1,-1,-1
2801,5,700,13,16,16,2222427.831828,2222427.852169,0.020341,0x40533c,1,46,16,30,58,40.000000,0,0,0.031324,1.200000,0.800000,mba,0,,0,0,-1,-1,-1,-1,-1,-1,-1,-1,-1,-1,-1,-1
2801,5,700,14,16,16,2222427.831974,2222427.852244,0.020270,0x40533c,1,188,128,60,60,40.000000,0,0,0.031324,1.200000,0.800000,mba,0,,0,0,-1,-1,-1,-1,-1,-1,-1,-1,-1,-1,-1,-1
2801,5,700,15,16,16,2222427.831039,2222427.851387,0.020348,0x40533c,1,100,80,20,62,40.000000,0,0,0.031324,1.200000,0.800000,mba,0,,0,0,-1,-1,-1,-1,-1,-1,-1,-1,-1,-1,-1,-1
