elapsed_s,avg_power_w,energy_j
1262.197453819,4.30765,5437.1
