# amr_dense_snapshot_v1
# step 1700
# time 2.0751953125
# coarse_n 64
# parts 4
# max_level 3
# fine_n 512
# initial_pattern hotspot
# initial_scale 0.12
# state_components 64
# leaves 6400
# columns i j level value importance
0 0 0 0.023960876894762156 0.00028216652984457136
8 0 0 0.024243043424606727 0.00055991769568084285
16 0 0 0.02480296112028757 0.00082884702654649131
24 0 0 0.025631808146834061 0.0010845700133311417
32 0 0 0.026716378160165203 0.0013227453184893045
40 0 0 0.028039123478654508 0.0015391076678094549
48 0 0 0.029578231146463962 0.0017295153204937921
56 0 0 0.031307746466957755 0.0018900141328599754
64 0 0 0.03319776059981773 0.0020169190907933371
72 0 0 0.035214679690611067 0.0021069127640368848
80 0 0 0.037321592454647952 0.0021571584334792449
88 0 0 0.039478750888127197 0.002165423724529339
96 0 0 0.041644174612656536 0.002165423724529339
104 0 0 0.043774383213618609 0.0021302086009620733
112 0 0 0.045825252982221822 0.0020508697686032126
120 0 0 0.047752985123364088 0.001927732141142266
128 0 0 0.049515162281914916 0.0017621771585508289
136 0 0 0.051071859706405764 0.001556697424490848
144 0 0 0.05238676710764642 0.0013149074012406559
152 0 0 0.05342826828436268 0.0010415011767162599
160 0 0 0.054170419655745719 0.0008891366214775695
168 0 0 0.054593768223219062 0.00089975569245344389
176 0 0 0.054685955642944484 0.00090244254854887629
184 0 0 0.054442067423740276 0.00089706115147157595
192 0 0 0.053864702521682822 0.00090094596364830026
200 0 0 0.052963756558034522 0.001207826155897207
208 0 0 0.051755930402137315 0.0014919363029943858
216 0 0 0.050263994099142929 0.0017481415613074813
224 0 0 0.048515852537835448 0.0019723809726317418
232 0 0 0.046543471565203706 0.0021617424168784427
240 0 0 0.044381729148325264 0.0023144747269340238
248 0 0 0.04206725442139124 0.0024299451922453197
256 0 0 0.03963730922914592 0.0025085539175324634
264 0 0 0.037128755311613457 0.0025516166487497827
272 0 0 0.034577138662863674 0.0025612263937038818
280 0 0 0.032015912269159792 0.0025612263937038818
288 0 0 0.029475809413960451 0.0025401028551993408
296 0 0 0.026984371692604099 0.0024914377213563522
304 0 0 0.024565628748010587 0.0024187429445935126
312 0 0 0.02223992074759144 0.0023257080004191466
320 0 0 0.02002385003347865 0.0022160707141127903
328 0 0 0.017930345298620674 0.0020935047348579761
336 0 0 0.015968819977003262 0.0019615253216174119
344 0 0 0.014145406057239454 0.0018234139197638079
352 0 0 0.012463244957847966 0.0016821610993914878
360 0 0 0.010922818182719059 0.0015404267751289065
368 0 0 0.0095223019999815649 0.0014005161827374945
376 0 0 0.0082579322014396609 0.001264369798541904
384 0 0 0.0071243669859379858 0.0011335652155016751
392 0 0 0.0061150380754868942 0.0010093289104510916
400 0 0 0.0052224822394379084 0.00089255583604898586
408 0 0 0.0044386474018647129 0.00078383483757319544
416 0 0 0.0037551693832788531 0.0006834780185858598
424 0 0 0.0031636170336247463 0.00059155234965410685
432 0 0 0.0026557050144284775 0.00050791201919626883
440 0 0 0.0022234747605825991 0.00043223025384587837
448 0 0 0.0018594451834965365 0.00036402957708606262
456 0 0 0.0015567354633468694 0.00030270972014966708
464 0 0 0.001309162822875462 0.0002475726404714074
472 0 0 0.0011113184891233783 0.00019784433375208367
480 0 0 0.00095862514856522865 0.00015269334055814968
488 0 0 0.0008473791055473379 0.00011124604301789075
496 0 0 0.00077478008728363971 7.2599018263698185e-05
504 0 0 0.00073895122691111192 3.582886037252779e-05
0 8 0 0.024243043424606724 0.00055991769568084632
8 8 0 0.024529888515421282 0.00056924877150940981
16 8 0 0.025099137286930692 0.00084277590000652117
24 8 0 0.025941913186937213 0.001103008086008609
32 8 0 0.027044921272945822 0.0013455624185175104
40 8 0 0.028390483691463332 0.0015661220869581001
48 8 0 0.029956605778421432 0.0017604819663628556
56 8 0 0.031717087744784288 0.0019246114316121415
64 8 0 0.033641699176396429 0.0020547355907462317
72 8 0 0.035696434767142661 0.0021474347307180452
80 8 0 0.037843869497860706 0.0021997600242510892
88 8 0 0.040043629522111795 0.0022093615103540576
96 8 0 0.042252991032465853 0.0022093615103540576
104 8 0 0.044427613254898704 0.002174622222432851
112 8 0 0.046522403654142744 0.0020947903992440398
120 8 0 0.04849250391197276 0.0019701002578300167
128 8 0 0.050294374811195933 0.0018018708992231722
136 8 0 0.051886947153841581 0.0016304584772968006
144 8 0 0.053232794415569863 0.0016931761647377419
152 8 0 0.054299271640971605 0.0017438652810862418
160 8 0 0.055059556277223289 0.0017807068469204157
168 8 0 0.055493523915672506 0.0018023080392009158
176 8 0 0.05558839819149336 0.0018078005478066109
184 8 0 0.055339128575211852 0.0017969013925305116
192 8 0 0.054748468657118757 0.0017699312866434891
200 8 0 0.053826747341639329 0.0017277893840414171
208 8 0 0.052591345422599849 0.0016718859502342712
216 8 0 0.051065910182341225 0.0017865507679368231
224 8 0 0.049279359414404401 0.0020146185786337895
232 8 0 0.047264740835770612 0.00220672083636584
240 8 0 0.045058019999404772 0.0023611531704738828
248 8 0 0.042696866828930889 0.0024773678144515421
256 8 0 0.040219499014479347 0.0025558739414114767
264 8 0 0.03766362507306787 0.0025981090660044046
272 8 0 0.035065516007063466 0.0026062921375125392
280 8 0 0.032459223869550927 0.0026062921375125392
288 8 0 0.029875957188687654 0.0025832666808632727
296 8 0 0.027343615818161339 0.0025323413705263149
304 8 0 0.024886480965787796 0.002457134852373543
312 8 0 0.022525050238207809 0.002361430727579987
320 8 0 0.020276002993917741 0.0022490472442900679
328 8 0 0.018152278343261854 0.0021237246506558873
336 8 0 0.016163246689985474 0.0019890316532763797
344 8 0 0.014314955496060842 0.0018482911939246317
352 8 0 0.012610430634770034 0.0017045248612908084
360 8 0 0.011050015980032826 0.0015604146547372084
368 8 0 0.0096317355416713039 0.0014182804383615216
376 8 0 0.0083516643463550574 0.0012800711953162465
384 8 0 0.0072042962802507304 0.001147368066104327
392 8 0 0.0061828991757294817 0.0010213971045212487
400 8 0 0.0052798494765171535 0.00090304969921232818
408 8 0 0.0044869407953508121 0.00079290868116634137
416 8 0 0.003795662533686473 0.0006912782616643391
424 8 0 0.0031974464205466683 0.00059821611313980476
432 8 0 0.0026838803132562018 0.00051356610729046646
440 8 0 0.0022468898630536938 0.00043699045020250803
448 8 0 0.0018788896698951573 0.00036800019315853653
456 8 0 0.0015729063287566959 0.00030598334113846135
464 8 0 0.0013226763078253809 0.000250230020931315
472 8 0 0.0011227219071950354 0.00019995440063034554
480 8 0 0.00096840864058213348 0.00015431326661290189
488 8 0 0.00085598728206712639 0.0001124213585150071
496 8 0 0.00078262354827770869 7.3363733789417692e-05
504 8 0 0.00074641796960849178 3.6205578669216911e-05
0 16 0 0.02480296112028757 0.00082884702654648784
8 16 0 0.025099137286930692 0.0008427759000065177
16 16 0 0.025686999466911747 0.00087056887078504341
24 16 0 0.026557568337696791 0.0011398133087585534
32 16 0 0.027697381646455344 0.0013911324606517804
40 16 0 0.029088514107107125 0.0016201091046990253
48 16 0 0.03070862321180615 0.0018224134181430741
56 16 0 0.032531036629949224 0.0019938630159168982
64 16 0 0.034524899645866122 0.0021305032894488318
72 16 0 0.036655402935314954 0.0022287085560092137
80 16 0 0.038884111491324168 0.0022853026892480366
88 16 0 0.041169414180572204 0.0022976956020349798
96 16 0 0.043467109782607184 0.0022976956020349798
104 16 0 0.045731139250531259 0.0022640294679240752
112 16 0 0.047914465631395682 0.0021833263808644227
120 16 0 0.049970093326797006 0.0022126351094878469
128 16 0 0.051852207829684041 0.0023351811966308006
136 16 0 0.053517405631138382 0.0024463647316025974
144 16 0 0.054925970580307605 0.002542603012296564
152 16 0 0.056043136922057847 0.0026205476457092508
160 16 0 0.056840263124143704 0.0026773075799510354
168 16 0 0.057295831954873422 0.0027106604340124824
176 16 0 0.057396198739299971 0.0027192183022378691
184 16 0 0.057136029967742363 0.0027025279202169822
192 16 0 0.056518399943762246 0.0026611000372687571
200 16 0 0.055554536725680746 0.0025963678998363465
208 16 0 0.05426323137283412 0.0025105775252695015
216 16 0 0.052669948464019366 0.00240661809692954
224 16 0 0.050805699363386435 0.002287807382212341
232 16 0 0.048705759308501871 0.0022974386881390724
240 16 0 0.046408320620362799 0.0024551511560098951
248 16 0 0.043953169464352904 0.0025727167307793772
256 16 0 0.041380452733573526 0.0026508767893217988
264 16 0 0.038729575944251728 0.00269132224366396
272 16 0 0.036038253700587768 0.0026965300524168026
280 16 0 0.033341723648170965 0.0026965300524168026
288 16 0 0.030672128848959538 0.002669594799211427
296 16 0 0.028058068129316528 0.0026140607196430098
304 16 0 0.025524307954616049 0.0025337601747004793
312 16 0 0.023091643538084593 0.0024326644165314562
320 16 0 0.020776892299366145 0.0023147512387184481
328 16 0 0.018593000007803308 0.0021838922915628362
336 16 0 0.016549238920815335 0.002043761086987974
344 16 0 0.014651477557269026 0.0018977613635463089
352 16 0 0.012902502954574957 0.0017489746026940686
360 16 0 0.011302377958255739 0.0016001249963192177
368 16 0 0.009848818030656346 0.0014535599275993932
376 16 0 0.0085375741026117655 0.0013112439280445806
384 16 0 0.0073628100593309135 0.001174764043280852
392 16 0 0.0063174655099562599 0.0010453445493746535
400 16 0 0.0053935965047622126 0.00092386900519404735
408 16 0 0.0045826887966457933 0.00081090770811641927
416 16 0 0.003875940053593463 0.00070674874305233027
424 16 0 0.0032645090771584199 0.00061143097643504311
432 16 0 0.0027397315357810983 0.00052477754137732159
440 16 0 0.0022933029568432788 0.00044642857893781957
448 16 0 0.0019174307229078687 0.00037587223393541007
456 16 0 0.0016049575798998603 0.00031247314300800839
464 16 0 0.0013494596902560026 0.00025549788964385764
472 16 0 0.0011453225613542466 0.00020413712890175609
480 16 0 0.00098779826353769147 0.00015752429781655509
488 16 0 0.00087304724206572083 0.00011475102147197064
496 16 0 0.00079816774624151749 7.4879495824203336e-05
504 16 0 0.00076121547234908463 3.6952273892432858e-05
0 24 0 0.025631808146834058 0.0010845700133311417
8 24 0 0.025941913186937209 0.001103008086008609
16 24 0 0.026557568337696791 0.0011398133087585534
24 24 0 0.027469656729555984 0.0011948330928755434
32 24 0 0.028664489822431524 0.0014593136587916153
40 24 0 0.030123803481223139 0.0017009690236238599
48 24 0 0.031824772504846999 0.001915287682089227
56 24 0 0.033740060186936226 0.0020978628817559658
64 24 0 0.035837923068692192 0.0022444708875204236
72 24 0 0.038082393956212615 0.0023511739968148856
80 24 0 0.040433567953027501 0.0024144479723694282
88 24 0 0.042848015925396929 0.0024313307810767959
96 24 0 0.045279346706473725 0.0024313307810767959
104 24 0 0.047678933138223675 0.0025825992695841932
112 24 0 0.049996808307741523 0.0027652720044363463
120 24 0 0.052182728436284853 0.0029427930211902709
128 24 0 0.054187389026314842 0.0031103722700685996
136 24 0 0.055963770362740979 0.0032629720098969472
144 24 0 0.057468573592604169 0.0033955230289906269
152 24 0 0.058663684567767098 0.0035032209345350201
160 24 0 0.05951757070409474 0.003581876363520857
168 24 0 0.060006492388885904 0.0036282529251695922
176 24 0 0.06011541704153784 0.0036403270115568029
184 24 0 0.059838557887959345 0.0036174367248516248
192 24 0 0.059179499981031003 0.0035603222652512562
200 24 0 0.058150904625517093 0.0034710616293213079
208 24 0 0.056773808898103621 0.0033529058439281112
216 24 0 0.055076566560948906 0.003210027869466163
224 24 0 0.053093506745598776 0.0030472046895154495
232 24 0 0.050863413974839365 0.0028694545100204846
240 24 0 0.048427956187883855 0.0026816848092896181
248 24 0 0.045830183019432272 0.0027170055642715754
256 24 0 0.043113177455160696 0.0027942821599742235
264 24 0 0.040318895295186473 0.0028316991513916354
272 24 0 0.037487196143794838 0.0028321352246412079
280 24 0 0.03465506091915363 0.0028321352246412079
288 24 0 0.031855991830134586 0.0027990690890190434
296 24 0 0.029119590480472125 0.0027364013496624616
304 24 0 0.026471305449818093 0.0026482850306540316
312 24 0 0.023932334607994876 0.0025389708418232168
320 24 0 0.021519662318198192 0.0024126722897966843
328 24 0 0.019246208916494149 0.0022734534017040432
336 24 0 0.017121069395577199 0.00212513952091695
344 24 0 0.015149819392623545 0.0019712500029536537
352 24 0 0.013334868626020267 0.0018149507666032783
360 24 0 0.011675844282404462 0.0016590243436158045
368 24 0 0.010169989214160704 0.0015058550682437583
376 24 0 0.008812562052611864 0.0013574271615488399
384 24 0 0.0075972284637170701 0.0012153335888947939
392 24 0 0.0065164347945623593 0.0010807936691547108
400 24 0 0.0055617572956961313 0.00095467749886622797
408 24 0 0.004724221950369996 0.00083753534532613524
416 24 0 0.0039945916727993141 0.00072963027757068193
424 24 0 0.0033636192208194977 0.00063097245197981646
432 24 0 0.0028222655712909651 0.00054135364952853258
440 24 0 0.0023618847029800191 0.00046038086831094597
448 24 0 0.0019743767038726424 0.00038750799910737673
456 24 0 0.001652311859590856 0.00032206484428178635
464 24 0 0.0013890288868260161 0.00026328297276483992
472 24 0 0.0011787107577974638 0.0002103181290285523
480 24 0 0.0010164416320700138 0.00016226912572744998
488 24 0 0.00089824828893432388 0.00011819334313568994
496 24 0 0.00082112915918042327 7.7119129753900608e-05
504 24 0 0.00078307361464124818 3.8055544539175091e-05
0 32 0 0.0267163781601652 0.001322745318489308
8 32 0 0.027044921272945818 0.0013455624185175173
16 32 0 0.027697381646455344 0.0013911324606517804
24 32 0 0.028664489822431527 0.0014593136587916118
32 32 0 0.029932301428244507 0.0015498593550437485
40 32 0 0.031482160783288256 0.0018085115165494964
48 32 0 0.033290672299837752 0.0020390248621715013
56 32 0 0.035329697162009253 0.0022367003250661904
64 32 0 0.037566397487075444 0.0023969571594277747
72 32 0 0.039963354646503219 0.0025154371916871962
80 32 0 0.042478791838190415 0.0025881402690357894
88 32 0 0.045066932107226204 0.0027418459756089961
96 32 0 0.047678520504606935 0.0029704067589397115
104 32 0 0.050261532407807868 0.0032039480605150286
112 32 0 0.05276208031217787 0.0034375724876607588
120 32 0 0.055125521457475124 0.0036656996407648107
128 32 0 0.057297761296383441 0.003882143894177098
136 32 0 0.059226742372637926 0.0040802618380350666
144 32 0 0.060864096621594796 0.0042532125956315364
152 32 0 0.062166905502302118 0.0043943751813867796
160 32 0 0.063099447067615597 0.0044978976247484342
168 32 0 0.063634745314055496 0.0045592370878288491
176 32 0 0.063755744053094643 0.0045755574180827568
184 32 0 0.06345599461281097 0.0045459324361323133
192 32 0 0.062739822246282259 0.0044713934967580971
200 32 0 0.061621966254838401 0.0043548298621223502
208 32 0 0.060126714742031732 0.0042007439864927346
216 32 0 0.058286594430415069 0.0040148960027174829
224 32 0 0.056140711435114225 0.0038038695171229639
232 32 0 0.05373286848485985 0.0035745414480732041
240 32 0 0.051109640997173474 0.0033335367091398907
248 32 0 0.048318604537369615 0.0030868160241175266
256 32 0 0.045406831755191869 0.0029871553989923028
264 32 0 0.042419676356199566 0.00301986954135431
272 32 0 0.039399806814845256 0.00301986954135431
280 32 0 0.036386451713119057 0.0030133551017261992
288 32 0 0.033414837738451289 0.0029716139746677681
296 32 0 0.030515812989068171 0.0028990247493831181
304 32 0 0.027715646974670407 0.002800166014397764
312 32 0 0.025035991164603415 0.0026796558100669922
320 32 0 0.022493976991739849 0.0025420141728635659
328 32 0 0.020102424859786295 0.0023915521319535539
336 32 0 0.017870137850276815 0.0022322870095094795
344 32 0 0.015802256187143558 0.0020678816631332572
352 32 0 0.013900651780225053 0.0019016044069185053
360 32 0 0.012164345466726371 0.0017363063134986818
368 32 0 0.010589932503652543 0.001574412963073828
376 32 0 0.0091720043630506912 0.0014179281406018519
384 32 0 0.0079035570334795302 0.001268447329571161
392 32 0 0.0067763779583136074 0.0011271790751659228
400 32 0 0.0057814055354909926 0.00099497242282261481
408 32 0 0.0049090568046180208 0.00087234873087297174
416 32 0 0.0041495205540410373 0.00075953625057698353
424 32 0 0.0034930145661745695 0.00065650598786646782
432 32 0 0.0029300070496952706 0.00056300751647929892
440 32 0 0.0024514034508627222 0.00047860359883254841
448 32 0 0.0020487007703220471 0.00040270268054067504
456 32 0 0.0017141122233271945 0.00033458854699485265
464 32 0 0.0014406655668834103 0.0002734466564437842
472 32 0 0.0012222786815023114 0.00021838688538109883
480 32 0 0.001053816049539814 0.00016846263196249739
488 32 0 0.00093112963339806766 0.00012268641614174638
496 32 0 0.00085108734652989001 8.0042286868177654e-05
504 32 0 0.00081159185284112125 3.9495493688768753e-05
0 40 0 0.028039123478654508 0.0015391076678094515
8 40 0 0.028390483691463336 0.0015661220869580966
16 40 0 0.029088514107107125 0.0016201091046990253
24 40 0 0.030123803481223139 0.0017009690236238599
32 40 0 0.031482160783288256 0.0018085115165494964
40 40 0 0.033144537357799306 0.001942405139716101
48 40 0 0.0350869424975154 0.0021934280537900253
56 40 0 0.037280370551305425 0.0024103933902449651
64 40 0 0.03969076394155039 0.0025882791940525646
72 40 0 0.042279043135602955 0.0027255496090226941
80 40 0 0.04500124050473174 0.0029754880743891945
88 40 0 0.0478087780828352 0.0032418520792891481
96 40 0 0.050648927263546646 0.0035206579195471918
104 40 0 0.053465480468322897 0.0038070197227132938
112 40 0 0.056199652799838629 0.0040951174423082617
120 40 0 0.058791221098239935 0.004378196086836636
128 40 0 0.061179905190560539 0.0046485996633340784
136 40 0 0.063307004210672993 0.0048978672213363522
144 40 0 0.065117309217226332 0.00511698327103427
152 40 0 0.066561280683688898 0.0052969417351160786
160 40 0 0.067597344692364031 0.0054296461713013167
168 40 0 0.068193982401884345 0.0055087994006844526
176 40 0 0.0683313014711774 0.0055305045725998619
184 40 0 0.068001927048943284 0.0054934979989968991
192 40 0 0.067211215743040356 0.0053991993107368741
200 40 0 0.065976796116960751 0.0052515610801132234
208 40 0 0.064327458728524467 0.0050566835183871589
216 40 0 0.062301490433132552 0.0048223073390137108
224 40 0 0.059944580952237189 0.0045572981809320484
232 40 0 0.057307409932933054 0.0042709106523333221
240 40 0 0.054443177706313364 0.0039719273031243729
248 40 0 0.051405420561487142 0.0036680003127850594
256 40 0 0.048246310359281619 0.0033653997124823212
264 40 0 0.045015417761462305 0.003256607906225166
272 40 0 0.041758809855237139 0.003256607906225166
280 40 0 0.038518375959302562 0.0032404338959345774
288 40 0 0.035331339077727016 0.0031870368815755459
296 40 0 0.032229948153277128 0.0031013909244498872
304 40 0 0.029241349677992856 0.0029885984752842723
312 40 0 0.026387624828592561 0.0028537248494002951
320 40 0 0.02368596633777546 0.0027016584908171014
328 40 0 0.021148963927207873 0.0025370024105675869
336 40 0 0.018784967766830366 0.0023639961603775066
344 40 0 0.016598503418510276 0.0021864643483200906
352 40 0 0.014590716706855996 0.0020077867116542799
360 40 0 0.012759831552683119 0.0018308851541728767
368 40 0 0.011101607483886639 0.0016582240687964805
376 40 0 0.0096097863170173017 0.0014918211668693369
384 40 0 0.0082765196250352679 0.0013332666919820338
392 40 0 0.0070927703452382486 0.0011837492797970193
400 40 0 0.0060486834367816274 0.0010440869084566212
408 40 0 0.0051339219737211138 0.00091476146306051359
416 40 0 0.0043379664827671045 0.00079595549095400932
424 40 0 0.0036503766834540519 0.00068758979931305255
432 40 0 0.0030610160216954455 0.00058936066175860639
440 40 0 0.0025602404647607135 0.00050077555693473202
448 40 0 0.0021390539144564053 0.00042118655030430824
456 40 0 0.0017892332753791265 0.00034982063907727876
464 40 0 0.001503426677587663 0.00028580659779146346
472 40 0 0.0012752285987508655 0.00022819807883679754
480 40 0 0.0010992356685815136 0.00017599293016935195
488 40 0 0.00097108678335931266 0.0001281488852222009
496 40 0 0.00088749083079462602 8.3595952564686636e-05
504 40 0 0.00084624484946161478 4.1245981333011246e-05
0 48 0 0.029578231146463959 0.0017295153204937956
8 48 0 0.029956605778421432 0.0017604819663628486
16 48 0 0.03070862321180615 0.0018224134181430672
24 48 0 0.031824772504846999 0.0019152876820892201
32 48 0 0.033290672299837752 0.0020390248621715013
40 48 0 0.035086942497515407 0.0021934280537900183
48 48 0 0.037189050696116534 0.0023781008551402721
56 48 0 0.039567151551256806 0.0026187939186867876
64 48 0 0.042185945469943593 0.0028350083636833195
72 48 0 0.045004592744625649 0.0031043831361382904
80 48 0 0.047976728579120935 0.0033980078548807163
88 48 0 0.051050630162124348 0.0037125439244437355
96 48 0 0.054169585183093838 0.0040436458682516913
104 48 0 0.057272500191036191 0.004385864685353548
112 48 0 0.06029477024214689 0.0047325797193239691
120 48 0 0.063169417185076571 0.0050759490383014694
128 48 0 0.065828504853894618 0.0054068549087402107
136 48 0 0.068204871432009345 0.005714833284543433
144 48 0 0.070234292488260602 0.0059881378600379204
152 48 0 0.071858222418804976 0.0062144389169543207
160 48 0 0.073026990863665348 0.0063824534356086149
168 48 0 0.073702781802568798 0.0064834743458151156
176 48 0 0.073861806043777262 0.0065122539986346151
184 48 0 0.073495425047940183 0.0064670979103369497
192 48 0 0.07261041505377723 0.006349959227419058
200 48 0 0.071228357197073974 0.0061662668084881134
208 48 0 0.069384142246911626 0.005924225742360234
216 48 0 0.067123797772146263 0.0056339861809587971
224 48 0 0.064501879133169238 0.0053072768493950262
232 48 0 0.061578320585266376 0.004956476235318065
240 48 0 0.058415105009437737 0.0045932082665892798
248 48 0 0.055073420874272201 0.0042272098797080868
256 48 0 0.05161171007176394 0.0038659863204833847
264 48 0 0.048084505834786649 0.0035427778433223533
272 48 0 0.044541727991464296 0.0035427778433223533
280 48 0 0.041028190255683897 0.003513537735780399
288 48 0 0.037583242310927474 0.0034449479447564227
296 48 0 0.034240561039347556 0.0033426812715799184
304 48 0 0.031028113551495474 0.0032124474878520819
312 48 0 0.027968288879376454 0.0030598246721190193
320 48 0 0.025078171573581637 0.0028901173057948176
328 48 0 0.022369920273459781 0.0027082513001218562
336 48 0 0.01985121516342327 0.0025187051100365107
344 48 0 0.017525744480747424 0.002325470682675846
352 48 0 0.015393707630466573 0.0021320368502808513
360 48 0 0.01345231879725717 0.001941388833209403
368 48 0 0.011696299556550271 0.0017560192407068981
376 48 0 0.01011835204689409 0.0015779475096561815
384 48 0 0.0087096062581191545 0.0014087457887749354
392 48 0 0.007460036404366553 0.0012495698537526015
400 48 0 0.0063588425389859808 0.0011011938653805722
408 48 0 0.0053947947172081475 0.00096404782177783328
416 48 0 0.0045565381800257605 0.00083825653718238701
424 48 0 0.0038328591985411372 0.00072367898148462334
432 48 0 0.0032129123287064076 0.00061994686983472954
440 48 0 0.0026864108245624415 0.00052650150414396612
448 48 0 0.0022437827970864868 0.0004426280274759547
456 48 0 0.0018762963541443412 0.00036748644294214562
464 48 0 0.0015761573980949395 0.00030013895604940168
472 48 0 0.0013365839869520215 0.00023957341114291797
480 48 0 0.0011518611881065463 0.00018472279884547524
488 48 0 0.0010173801835251866 0.00013448100458135969
496 48 0 0.00092966504104261168 8.7715142482574929e-05
504 48 0 0.00088639007134616045 4.4887334924235988e-05
0 56 0 0.031307746466957755 0.0018900141328599684
8 56 0 0.031717087744784281 0.0019246114316121485
16 56 0 0.032531036629949217 0.0019938630159168982
24 56 0 0.033740060186936219 0.0020978628817559658
32 56 0 0.035329697162009253 0.0022367003250661904
40 56 0 0.037280370551305425 0.0024103933902449651
48 56 0 0.039567151551256806 0.0026187939186867806
56 56 0 0.042159492071652906 0.0028614617619740074
64 56 0 0.045020953833626913 0.0031375090449359613
72 56 0 0.048108975880763939 0.003445420933117678
80 56 0 0.051374736434001651 0.0037828657541268407
88 56 0 0.054763174086568084 0.0041465111508979177
96 56 0 0.058213231051345529 0.0045318605997558409
104 56 0 0.061658364876389739 0.0049331171356611289
112 56 0 0.065027349961470859 0.0053430749756285117
120 56 0 0.06824536622337804 0.0057530266050566103
128 56 0 0.071235359762634828 0.0061526016801259908
136 56 0 0.073919704716552778 0.0065293305798906354
144 56 0 0.076222430348298523 0.0068679926533768837
152 56 0 0.078072661335759297 0.0071512130238535615
160 56 0 0.079409444299273962 0.0073629667984216884
168 56 0 0.080186256148383914 0.0074912737020575437
176 56 0 0.080374060042411877 0.0075294197468282198
184 56 0 0.079962522958277132 0.0074751155050950396
192 56 0 0.078960374281196288 0.0073309897368695198
200 56 0 0.077394624005562088 0.0071047298861285496
208 56 0 0.07530836798927186 0.0068075446904407311
216 56 0 0.07275778395310506 0.0064522150972816106
224 56 0 0.069809155982564264 0.0060538746663044152
232 56 0 0.066534796820584441 0.0056290494334640534
240 56 0 0.063008313276027017 0.0051932795972770285
248 56 0 0.059300630753980288 0.0047590184116595713
256 56 0 0.055477696392247325 0.0043350811695865368
264 56 0 0.051599601060542163 0.0039273484473139747
272 56 0 0.047720339085124019 0.003879261975418144
280 56 0 0.0438876781287105 0.0038326609564135194
288 56 0 0.040143018111212445 0.0037446600174980554
296 56 0 0.036521315093561241 0.0036217030176512038
304 56 0 0.033051152136454515 0.0034701629571067261
312 56 0 0.029754980117860631 0.0032961720185938834
320 56 0 0.026649503589938669 0.0031054765279219625
328 56 0 0.023746167374515775 0.0029033362154228942
336 56 0 0.021051700408536916 0.0026944669659788589
344 56 0 0.018568682834203321 0.0024830175743335951
352 56 0 0.016296113033940809 0.0022725698002625111
360 56 0 0.014229959918913826 0.0020661531150269839
368 56 0 0.012363691518277252 0.0018662684006365733
376 56 0 0.010688774228742539 0.0016749172895347136
384 56 0 0.0091951388065255376 0.001493635422217001
392 56 0 0.0078716101016089949 0.0013235287049165427
400 56 0 0.0067062981973156632 0.0011653119042933317
408 56 0 0.0056869493183506984 0.0010193488789649648
416 56 0 0.0048012557007243075 0.0008856936176263909
424 56 0 0.0040371245519789127 0.00076413114874539483
432 56 0 0.0033829071942296095 0.00065421735774930318
440 56 0 0.0028275903931975262 0.00055531680103208325
448 56 0 0.0023609526656769358 0.00046663772752059043
456 56 0 0.0019736889786700997 0.00038726368700683607
464 56 0 0.0016575076785418945 0.00031618130012820529
472 56 0 0.0014052037069491119 0.00025230397159278252
480 56 0 0.0012107121733265246 0.00019449153362258728
488 56 0 0.0010691461720269881 0.00014156600129953652
496 56 0 0.00097682237351284524 9.2323798514142887e-05
504 56 0 0.00093127740627039644 4.8783419769647261e-05
0 64 0 0.033197760599817723 0.0020169190907933301
8 64 0 0.033641699176396429 0.0020547355907462178
16 64 0 0.034524899645866115 0.0021305032894488318
24 64 0 0.035837923068692185 0.0022444708875204236
32 64 0 0.037566397487075444 0.0023969571594277678
40 64 0 0.03969076394155039 0.0025882791940525576
48 64 0 0.042185945469943587 0.0028350083636833265
56 64 0 0.045020953833626913 0.0031375090449359613
64 64 0 0.048158462878562874 0.0033959339353187498
72 64 0 0.051554396813881617 0.0037412723341348417
80 64 0 0.055157602188128492 0.0041220603975820058
88 64 0 0.058909685237466002 0.0045352340320402237
96 64 0 0.06274509165110137 0.0049764356891749545
104 64 0 0.066591482012050868 0.005439824018604808
112 64 0 0.070370424937099371 0.0059179181329625796
120 64 0 0.07399839282843465 0.0064015245141653132
128 64 0 0.077387961442760819 0.0068796208871598347
136 64 0 0.080449035296443414 0.0073383785518223582
144 64 0 0.083090423001675406 0.0077582689310742997
152 64 0 0.085223874359612858 0.0081130736550583116
160 64 0 0.086772411097695651 0.0083794958437936329
168 64 0 0.087677529850441457 0.0085413901354217114
176 64 0 0.087903479789240097 0.0085915664423191346
184 64 0 0.087437638463372172 0.0085265647443483056
192 64 0 0.086291364018065808 0.0083494128677508855
200 64 0 0.084499353891690637 0.0080718031532598933
208 64 0 0.082115912679712591 0.0077102122077192248
216 64 0 0.07920999905038667 0.0072791030239694882
224 64 0 0.075863030648868679 0.0067970930394847529
232 64 0 0.072163846254048494 0.0062861525367922666
240 64 0 0.068201592873304046 0.00576744039314743
248 64 0 0.064059649165639859 0.005257202043466136
256 64 0 0.059812777561833862 0.0047656953884759393
264 64 0 0.055526949507856138 0.0042986791501457775
272 64 0 0.051260079418017239 0.0042668700898388992
280 64 0 0.047062567978210665 0.0041975114398065741
288 64 0 0.042977498153228842 0.0040850698249818226
296 64 0 0.039040720796365252 0.0039367773568635897
304 64 0 0.035281039296588108 0.0037596814997771441
312 64 0 0.0317205665622248 0.0035604727343633083
320 64 0 0.028375233578221692 0.0033453329840031076
328 64 0 0.025255394701023628 0.003119838877198064
336 64 0 0.022366476273113636 0.0028889184279099929
344 64 0 0.019709629436085348 0.0026568468370282879
352 64 0 0.017282363130312998 0.0024272663057723493
360 64 0 0.015079144675294436 0.0022032184550185626
368 64 0 0.013091962335970557 0.0019871823393238786
376 64 0 0.011310847778138525 0.0017811145578320326
384 64 0 0.0097243576006485026 0.0015864901774900221
392 64 0 0.0083200133611749851 0.0014043442394735175
400 64 0 0.0070846994804204446 0.0012353138807545405
408 64 0 0.0060050185336976434 0.0010796809467228012
416 64 0 0.0050676038496570066 0.00093741468404063676
424 64 0 0.0042593899954325148 0.00080821385422449182
432 64 0 0.0035678425266700751 0.00069154746876243971
440 64 0 0.0029811492018693986 0.00058669332480067648
448 64 0 0.0024883756061815968 0.00049277359568780177
456 64 0 0.0020795887325588884 0.00040878687362270842
464 64 0 0.0017459524873690963 0.00033363624518979208
472 64 0 0.0014797993041081195 0.0002661531832609768
480 64 0 0.0012746820593237077 0.00020511724478441181
488 64 0 0.0011254102974361244 0.00014927176188758327
496 64 0 0.0010280744023243096 9.733589511181479e-05
504 64 0 0.0009800608260400437 5.1751258709851122e-05
0 72 0 0.035214679690611053 0.0021069127640368848
8 72 0 0.035696434767142647 0.0021474347307180522
16 72 0 0.036655402935314947 0.0022287085560092137
24 72 0 0.038082393956212608 0.0023511739968148856
32 72 0 0.039963354646503212 0.0025154371916872031
40 72 0 0.042279043135602948 0.002725549609022701
48 72 0 0.045004592744625649 0.0031043831361382904
56 72 0 0.048108975880763939 0.0034454209331176849
64 72 0 0.051554396813881624 0.0037412723341348347
72 72 0 0.055295669148016459 0.0039839934376940389
80 72 0 0.059279662585710498 0.0044067847663975188
88 72 0 0.063444919269506225 0.0048691258048003533
96 72 0 0.067721527340276325 0.0053671930201243251
104 72 0 0.072031306030655676 0.005895501450754792
112 72 0 0.076288343070061951 0.0064466349304773407
120 72 0 0.080399917342599964 0.0070113117856676621
128 72 0 0.084267582329920654 0.0075790434495486281
136 72 0 0.087787413848265772 0.008137461902407897
144 72 0 0.090848691932749706 0.0086629326006385093
152 72 0 0.09333694801467117 0.0091092179077244817
160 72 0 0.095151906941489284 0.0094431670336843077
168 72 0 0.096218919985863169 0.009643692038197052
176 72 0 0.096495046231559231 0.009708368721190061
184 72 0 0.095964203207720478 0.0096300540725445388
192 72 0 0.094640776885816694 0.0094096677363509351
200 72 0 0.092571157044950531 0.0090672452501179279
208 72 0 0.089826124887431816 0.0086323540793836057
216 72 0 0.086489102074356158 0.0081149351156006716
224 72 0 0.082660123688353432 0.0075361091266993863
232 72 0 0.078449998790840761 0.0069247391660600399
240 72 0 0.073969033266451475 0.0063102597563444857
248 72 0 0.069316851209105995 0.0057146322798005411
256 72 0 0.064578472950309801 0.0051499165649977474
264 72 0 0.059825628658001916 0.0047528442923078854
272 72 0 0.055119418102759755 0.0047062105552421601
280 72 0 0.050512050648788574 0.0046073674539711812
288 72 0 0.046047532577272475 0.0044645180715160993
296 72 0 0.041761920225125045 0.0042856123521474304
304 72 0 0.037683602265468311 0.004078317959656734
312 72 0 0.033833767448441465 0.0038498348170268454
320 72 0 0.030227038252085899 0.0036067291963555667
328 72 0 0.026872198313201198 0.003354839938884701
336 72 0 0.023772947122309662 0.003099251190891536
344 72 0 0.020928637211690235 0.0028443099106194268
352 72 0 0.018334969604051132 0.0025936676076391031
360 72 0 0.015984637740551255 0.0023503318634998764
368 72 0 0.013867918371297342 0.0021167193692539134
376 72 0 0.011973211457602127 0.0018947069136952144
384 72 0 0.010287531819580377 0.0016856796380217507
392 72 0 0.0087969546307688391 0.0014905771888115375
400 72 0 0.0074870159834467716 0.0013099386473220676
408 72 0 0.0063430691848018871 0.0011439467986448845
416 72 0 0.0053505973669217884 0.00099247181788009869
424 72 0 0.0044954833451498945 0.00085511402177189388
432 72 0 0.003764238286348667 0.0007312450588012275
440 72 0 0.003144191487258377 0.00062004679909029
448 72 0 0.0026236442794692915 0.00052054720778908553
456 72 0 0.0021919916781868998 0.00043165260128239175
464 72 0 0.0018398158203065547 0.00035217585788034503
472 72 0 0.0015589554648626726 0.00028086035544388219
480 72 0 0.0013425558473320811 0.00021639961753059148
488 72 0 0.0011851029942638099 0.00015745285306827117
496 72 0 0.0010824462319141037 0.00010265676234970616
504 72 0 0.0010318120847498948 5.3724299421927142e-05
0 80 0 0.037321592454647938 0.0021571584334792449
8 80 0 0.037843869497860699 0.0021997600242510892
16 80 0 0.038884111491324161 0.0022853026892480366
24 80 0 0.040433567953027494 0.0024144479723694351
32 80 0 0.042478791838190415 0.0025881402690357894
40 80 0 0.045001240504731733 0.0029754880743891945
48 80 0 0.047976728579120928 0.0033980078548807163
56 80 0 0.051374736434001644 0.0037828657541268476
64 80 0 0.055157602188128492 0.0041220603975819989
72 80 0 0.059279662585710491 0.0044067847663975257
80 80 0 0.063686447352108017 0.004627597722198562
88 80 0 0.068314045074306579 0.0051377073960093
96 80 0 0.07308872036040065 0.0056928384280854616
104 80 0 0.077926807481410468 0.0062883910762329132
112 80 0 0.082734978000539292 0.0069172285136528122
120 80 0 0.087411229128267626 0.0075697443980399653
128 80 0 0.091846625779469282 0.0082375241557280515
136 80 0 0.095924875750673669 0.008920993732635038
144 80 0 0.099511624533388215 0.009599274558849652
152 80 0 0.10244616592239565 0.010158317108605555
160 80 0 0.10459507397517359 0.010573113740406398
168 80 0 0.10586261202406022 0.01081208935798679
176 80 0 0.10620341495274929 0.010893150878181906
184 80 0 0.10559425728026502 0.010796867859669726
192 80 0 0.10405044462216763 0.010512060213165211
200 80 0 0.10163840229506846 0.010077356642696683
208 80 0 0.098458478966815421 0.0095670551732452425
216 80 0 0.09460403718995683 0.0089558424917902252
224 80 0 0.090196232815052818 0.0082681134878456047
232 80 0 0.085374737956900801 0.0075408567866746545
240 80 0 0.080279293022795961 0.0068155741924460361
248 80 0 0.075031483488906536 0.0061233112011654517
256 80 0 0.069728389515307548 0.0054788974415989206
264 80 0 0.064446736448269898 0.0052816530670376505
272 80 0 0.059249217773208664 0.0051975186750612343
280 80 0 0.054188321418552003 0.0050608963546566604
288 80 0 0.049307699999559362 0.0048806214189926408
296 80 0 0.044642542045326042 0.0046651579542333205
304 80 0 0.040219894278335749 0.0044226477669902925
312 80 0 0.036059215202683771 0.0041606790756519782
320 80 0 0.032173124610272739 0.0038860905924110317
328 80 0 0.028568245482691282 0.0036048791275814576
336 80 0 0.025246054937033646 0.0033221905456576363
344 80 0 0.022203694505214779 0.0030423604318188663
352 80 0 0.019434716520002365 0.002768977985212414
360 80 0 0.016929760396370348 0.002504956123632017
368 80 0 0.014677161744669346 0.0022525986517010019
376 80 0 0.012663500717734253 0.002013661026935093
384 80 0 0.010874095984956892 0.001789404732777361
392 80 0 0.0092934491480089199 0.0015806468369479725
400 80 0 0.0079056426067643324 0.0013878065412445875
408 80 0 0.0066946925694286062 0.0012109500373357262
416 80 0 0.0056448583001621729 0.0010498342692664333
424 80 0 0.0047409087319361326 0.00090394956822604025
432 80 0 0.0039683480368978346 0.00077256069503829801
440 80 0 0.0033136024228784468 0.00065474561401938783
448 80 0 0.0027641711351809547 0.0005494312876974921
456 80 0 0.0023087452642077929 0.00045542587097316184
464 80 0 0.0019372984169953873 0.00037144684721240558
472 80 0 0.001641153565869266 0.00029614485112612133
480 80 0 0.0014130304269545731 0.0002281231389146929
488 80 0 0.0012470775488852936 0.00016595287806927942
496 80 0 0.00113889292302389 0.0001081846258614036
504 80 0 0.001085536384171822 5.4653482404427162e-05
0 88 0 0.039478750888127183 0.0021654237245293459
8 88 0 0.040043629522111789 0.0022093615103540576
16 88 0 0.041169414180572197 0.0022976956020349867
24 88 0 0.042848015925396929 0.0024313307810767959
32 88 0 0.045066932107226204 0.0027418459756089961
40 88 0 0.0478087780828352 0.0032418520792891412
48 88 0 0.051050630162124341 0.0037125439244437286
56 88 0 0.05476317408656807 0.0041465111508979247
64 88 0 0.058909685237465995 0.0045352340320402307
72 88 0 0.063444919269506225 0.0048691258048003533
80 88 0 0.068314045074306579 0.0051377073960093
88 88 0 0.073451752470315879 0.0053298063181702326
96 88 0 0.078781558788486111 0.0059410579850419781
104 88 0 0.084215198557643381 0.0066055135663684317
112 88 0 0.089652206514192104 0.0073164359815176827
120 88 0 0.094980973526307591 0.0080617838158217325
128 88 0 0.10008414993519733 0.0088375609619025797
136 88 0 0.10484586948330871 0.0097174140878949766
144 88 0 0.10911089909223787 0.010684895868326466
152 88 0 0.11260448303100121 0.011311827753490211
160 88 0 0.11516818771557999 0.011818802815408702
168 88 0 0.11667470138204701 0.012098094574361631
176 88 0 0.1170965658309312 0.012194493801746642
184 88 0 0.11639112513993474 0.012064059435425295
192 88 0 0.11456250483533284 0.011661066609311654
200 88 0 0.11171575893776514 0.01105548821946617
208 88 0 0.10802553414006066 0.010503554158681622
216 88 0 0.10355987968174706 0.0097917428533289275
224 88 0 0.098464346302898423 0.0089855483220044607
232 88 0 0.092915594743575455 0.0081276051566018803
240 88 0 0.087094867215241997 0.0072753451669945179
248 88 0 0.081154794690071988 0.0064738533822028127
256 88 0 0.075207286956906469 0.0059475077331655191
264 88 0 0.069332548946211256 0.005874738010695213
272 88 0 0.063592086983976878 0.0057404619622343778
280 88 0 0.058036156865334865 0.0055559301186420135
288 88 0 0.052706092544602692 0.0053300643207321724
296 88 0 0.047634657784180426 0.0050714347604222665
304 88 0 0.042846279827542633 0.0047883779566377932
312 88 0 0.038357629910780879 0.0044886499167617541
320 88 0 0.034178459889984546 0.0041791700207963328
328 88 0 0.030312533545003489 0.0038659263449810563
336 88 0 0.026758547356529789 0.0035539861884737005
344 88 0 0.023510988531267575 0.0032475588252622138
352 88 0 0.020560910158187999 0.002950078373079576
360 88 0 0.0178966213441932 0.0026642888139947994
368 88 0 0.015504299359611264 0.0023923219845819362
376 88 0 0.013368534021270093 0.0021357653383411706
384 88 0 0.01147281391988323 0.0018957201013868625
392 88 0 0.0097999616676678961 0.0016728522522153344
400 88 0 0.0083325226586383958 0.0014674390090295003
408 88 0 0.007053109791995674 0.0012794128666427217
416 88 0 0.0059447055039134151 0.0011084042880822589
424 88 0 0.0049909221958836184 0.0009537833080297967
432 88 0 0.0041762224820961064 0.00081469971378751206
440 88 0 0.003486101327347732 0.00069012115474837441
448 88 0 0.0029072328852220134 0.00057886844212571859
456 88 0 0.0024275855180231312 0.00047964736719888212
464 88 0 0.002036508991182523 0.00039107652684060822
472 88 0 0.0017247981372118006 0.00031171085397072246
480 88 0 0.0014847373601748809 0.00024006077703691967
488 88 0 0.0013101302035840355 0.00017460715659084534
496 88 0 0.0011963178482559155 0.00011381235532812004
504 88 0 0.0011401898665762491 5.6127981679666376e-05
0 96 0 0.041644174612656529 0.0021654237245293459
8 96 0 0.042252991032465846 0.0022093615103540576
16 96 0 0.043467109782607184 0.0022976956020349867
24 96 0 0.045279346706473725 0.0024313307810767959
32 96 0 0.047678520504606935 0.0029704067589397115
40 96 0 0.050648927263546646 0.0035206579195471918
48 96 0 0.054169585183093838 0.0040436458682516843
56 96 0 0.058213231051345522 0.0045318605997558339
64 96 0 0.062745091651101356 0.0049764356891749545
72 96 0 0.067721527340276311 0.0053671930201243251
80 96 0 0.073088720360400636 0.0056928384280854755
88 96 0 0.078781558788486111 0.0059410579850419781
96 96 0 0.084722616773528089 0.0060980953504837232
104 96 0 0.090820712124011813 0.0068316445188112973
112 96 0 0.096968642495709786 0.0076299616931501252
120 96 0 0.10304275734212932 0.0084788973549169838
128 96 0 0.10892171089709991 0.0094135663212305543
136 96 0 0.11456328357120368 0.01099150320041975
144 96 0 0.11979579496056433 0.012623217395381914
152 96 0 0.12391631078449142 0.012701074932889328
160 96 0 0.12698699053098869 0.01331592535998774
168 96 0 0.12877279595640864 0.013727046159680262
176 96 0 0.12929105963267784 0.013813758264495657
184 96 0 0.12845518457536004 0.013564992230580164
192 96 0 0.12622357144464449 0.012905093285498104
200 96 0 0.12277124715723131 0.011859301682064949
208 96 0 0.11852908829874229 0.011476214722201533
216 96 0 0.11335162253507598 0.010603883276132278
224 96 0 0.10744989462490288 0.0096677403574753074
232 96 0 0.10104319990017734 0.0086657887111610821
240 96 0 0.094370212382236515 0.0076725105086141304
248 96 0 0.087628648072274801 0.0067513558155904846
256 96 0 0.08094990057320807 0.0066787474990667312
264 96 0 0.074415539557190394 0.0065343610160176757
272 96 0 0.068081668400183745 0.0063338711570066486
280 96 0 0.061992506451644468 0.0060891619485392776
288 96 0 0.05618418385514827 0.0058083225964961974
296 96 0 0.050684864325840989 0.0054993195293072811
304 96 0 0.045514663455617638 0.0051702008702233515
312 96 0 0.040686135702105192 0.004828527753512446
320 96 0 0.036205131064505847 0.0044810046375993451
328 96 0 0.032071761421454875 0.0041333696430509714
336 96 0 0.02828134081860605 0.0037904206028488256
344 96 0 0.02482524759969372 0.0034560932189123296
352 96 0 0.021691693334473711 0.0031335542652200093
360 96 0 0.018866399917295287 0.0028252934171784233
368 96 0 0.016333194308969203 0.0025332056083260841
376 96 0 0.014074533347528487 0.0022586609614407161
384 96 0 0.012071970224947021 0.0020025631225814664
392 96 0 0.010306571317416887 0.001765398907530134
400 96 0 0.0087592887408050133 0.0015472825766118734
408 96 0 0.0074112913783260454 0.0013479973624789679
416 96 0 0.0062442556098113722 0.0011670357685146732
424 96 0 0.0052406164919010676 0.0010036391179103045
432 96 0 0.0043837804005767865 0.00085683609132428118
440 96 0 0.0036583008196101351 0.00072547958096665132
448 96 0 0.0030500197673844626 0.00060828105222567258
456 96 0 0.0025461781117587881 0.00050384165562567451
464 96 0 0.0021354986154572598 0.00041067949630152825
472 96 0 0.0018082459255851949 0.00032725268987206495
480 96 0 0.0015562678495880348 0.0002519780759971601
488 96 0 0.0013730221486861478 0.00018324570090188694
496 96 0 0.0012535927455726049 0.00011942940311354287
504 96 0 0.0011946987125664428 5.889403300616213e-05
0 104 0 0.043774383213618602 0.0021302086009620733
8 104 0 0.044427613254898697 0.002174622222432851
16 104 0 0.045731139250531259 0.0022640294679240752
24 104 0 0.047678933138223675 0.0025825992695841932
32 104 0 0.050261532407807868 0.0032039480605150217
40 104 0 0.05346548046832289 0.0038070197227132938
48 104 0 0.057272500191036184 0.004385864685353548
56 104 0 0.061658364876389732 0.004933117135661122
64 104 0 0.066591482012050854 0.0054398240186048219
72 104 0 0.072031306030655676 0.0058955014507547782
80 104 0 0.077926807481410454 0.006288391076232927
88 104 0 0.084215198557643381 0.0066055135663684317
96 104 0 0.090820712124011813 0.0068316445188112973
104 104 0 0.09765235664282311 0.0069462475460368017
112 104 0 0.10459860418885991 0.0078428492125464794
120 104 0 0.11152165469704631 0.0088598975727125495
128 104 0 0.11833527721833047 0.010275072629369428
136 104 0 0.12555478677162343 0.015117622754760751
144 104 0 0.13241901235594625 0.017290563554796051
152 104 0 0.13661738571738075 0.013876202473170091
160 104 0 0.14030291589097643 0.015102331273349978
168 104 0 0.1424998421160889 0.016038419150114336
176 104 0 0.1431048178971735 0.016086323686653747
184 104 0 0.1420201768059402 0.015531859649846963
192 104 0 0.1391286647301426 0.014511535368337047
200 104 0 0.13463054883929626 0.012367852638588972
208 104 0 0.13000530302094382 0.012827230300476167
216 104 0 0.12395550581120826 0.011316473792997495
224 104 0 0.11711763498237819 0.010262859266747401
232 104 0 0.10970898861133842 0.0091017694176651481
240 104 0 0.10204272289085065 0.0079623180199498711
248 104 0 0.094380003887865285 0.0076627190029853604
256 104 0 0.086877738747147146 0.0075022651407181395
264 104 0 0.079616484772019144 0.0072612539751280014
272 104 0 0.072641560567193633 0.0069749242048255111
280 104 0 0.065986003592917189 0.0066555569742764442
288 104 0 0.059676771896301078 0.0063092316966161105
296 104 0 0.053734516996364286 0.0059422548999367927
304 104 0 0.048172893866541076 0.0055616231298232094
312 104 0 0.042998747493724232 0.0051741463728168444
320 104 0 0.038212855538840108 0.0047858919548841236
328 104 0 0.033810828622743164 0.0044020269160969447
336 104 0 0.029783988003817791 0.004026840618925373
344 104 0 0.026120167193765698 0.003663820810052093
352 104 0 0.022804426460263011 0.0033157407335026867
360 104 0 0.019819682122254441 0.00298474433800857
368 104 0 0.017147258989902218 0.0026724231323522231
376 104 0 0.014767377595343079 0.0023798813945591392
384 104 0 0.012659587705559113 0.0021077898897839658
392 104 0 0.010803156938048661 0.001856430767510452
400 104 0 0.0091774198183850516 0.0016257371196636092
408 104 0 0.0077620896906775028 0.0014153301277075488
416 104 0 0.006537534131622647 0.0012245555590548558
424 104 0 0.0054850139288951019 0.0010525202027275452
432 104 0 0.0045868859572645165 0.00089812797163058532
440 104 0 0.003826771045047792 0.00076011491221672457
448 104 0 0.0031896888529235421 0.00063708219212424986
456 104 0 0.0026621626683137473 0.00052752618460979485
464 104 0 0.002232297722161521 0.0004298649461522263
472 104 0 0.0018898370967358582 0.00034246062542566281
480 104 0 0.0016261994909886463 0.00026363760574721188
488 104 0 0.0014345030477434469 0.00019169644324519932
496 104 0 0.0013095791441533498 0.00012492390359009715
504 104 0 0.0012479795329337659 6.1599611219583916e-05
0 112 0 0.045825252982221815 0.0020508697686032126
8 112 0 0.046522403654142744 0.0020947903992440467
16 112 0 0.047914465631395682 0.0021833263808644227
24 112 0 0.049996808307741523 0.0027652720044363463
32 112 0 0.05276208031217787 0.0034375724876607588
40 112 0 0.056199652799838629 0.0040951174423082479
48 112 0 0.060294770242146876 0.004732579719323983
56 112 0 0.065027349961470859 0.0053430749756285117
64 112 0 0.070370424937099371 0.0059179181329625796
72 112 0 0.076288343070061951 0.0064466349304773407
80 112 0 0.082734978000539292 0.0069172285136528122
88 112 0 0.089652206514192104 0.0073164359815176827
96 112 0 0.096968642495709786 0.0076299616931501252
104 112 0 0.10459860418885991 0.0078428492125464794
112 112 0 0.11244145340140639 0.0079400988683524659
120 112 0 0.12038155226975886 0.0091696916520083716
128 112 0 0.1286103498476999 0.012062059678684289
136 112 0 0.14067240952638418 0.016470828675855698
144 112 0 0.1497095759107423 0.017290563554796051
152 112 1 0.1493782894872461 0.012760903769865356
156 112 1 0.15160888689385557 0.014991501176474825
160 112 1 0.15443663495437582 0.014820512563835098
164 112 1 0.15637385937427703 0.016070943483300598
168 112 1 0.15812690767163151 0.016320454789457317
172 112 1 0.15894961486077494 0.016691187108419187
176 112 1 0.1593260162895761 0.016718142822782195
180 112 1 0.15905626687807842 0.016538060636226648
184 112 1 0.15809377437837763 0.016086894044392341
188 112 1 0.15701029853319676 0.015988837981848442
192 112 1 0.15483392240630572 0.015910698069004636
196 112 1 0.15244647779065351 0.014930442062588228
200 112 1 0.14921758663221557 0.018831024561506343
204 112 1 0.14477921632355492 0.010148667484258661
208 112 0 0.14283253332141999 0.014293762934914245
216 112 0 0.13527197960420576 0.011316473792997495
224 112 0 0.12738049424912559 0.010693200760984761
232 112 0 0.11881075802900357 0.0093216045117083535
240 112 0 0.11000504091080052 0.0088057171182030491
248 112 0 0.10130399319272027 0.0087010477180802515
256 112 0 0.092890047027558154 0.0084139461651621117
264 112 0 0.084839958760970793 0.0080500882665873602
272 112 0 0.077183251552160367 0.007656707208810426
280 112 0 0.069936239608193188 0.0072470119439671798
288 112 0 0.063112004372505595 0.0068242352356875924
296 112 0 0.056720160499505068 0.0063918438730005273
304 112 0 0.050765387429059096 0.005954773070445972
312 112 0 0.045247059050902573 0.0055183283781565229
320 112 0 0.040159661703449763 0.00508739734745281
328 112 0 0.035493471363050831 0.0046661903403989319
336 112 0 0.031235253255081197 0.0042582181079696343
344 112 0 0.027368919916326093 0.0038663333387551034
352 112 0 0.023876133271377793 0.0034927866449483008
360 112 0 0.020736846378986769 0.0031392868923910237
368 112 0 0.017929786377751777 0.0028070600012349914
376 112 0 0.015432885302254165 0.0024969010754976127
384 112 0 0.013223667356205972 0.0022092179460481923
392 112 0 0.011279599815049101 0.0019440675411568718
400 112 0 0.0095784117291355594 0.0017011880859135412
408 112 0 0.008098381752703809 0.0014800299764317505
416 112 0 0.0068185946526891569 0.0012797871000146521
424 112 0 0.0057191654990676405 0.0010994291536215164
432 112 0 0.0047814309222355689 0.00093773457683207165
440 112 0 0.0039881077412983901 0.00079332318093717873
448 112 0 0.00332342036977233 0.00066468737152606009
456 112 0 0.0027731994488705684 0.00055022092090176167
464 112 0 0.0023249550010014004 0.00044824444786916795
472 112 0 0.0019679279689200605 0.00035702703208133997
480 112 0 0.0016931242878639422 0.0002748036810561183
488 112 0 0.001493335635740048 0.00019978865212389417
496 112 0 0.0013631507432779369 0.00013018489246211114
504 112 0 0.0012989606552709892 6.4190088006947643e-05
152 116 2 0.15613420302591602 0.0072095547397824089
154 116 2 0.16184750836516093 0.014590687673702141
156 116 2 0.16521477598841219 0.015762302186846239
158 116 2 0.16624878188617487 0.014639894992319297
160 116 2 0.16839456905531816 0.014257397677130162
162 116 2 0.17011972598110364 0.015683091026727825
164 116 2 0.1718876388740625 0.016146654449664899
166 116 2 0.17290476697969259 0.016530907605415562
168 116 2 0.17408745420951102 0.016295019455932563
170 116 2 0.17480727071266661 0.016680363041035096
172 116 2 0.17547079395014692 0.01671534990029272
174 116 2 0.17581080998824133 0.016861195127466394
176 116 2 0.17604716757082212 0.01684803243042915
178 116 2 0.17604115065389445 0.016844568765639861
180 116 2 0.17579818007647136 0.016808979187969253
182 116 2 0.17539047495213878 0.016641435064751631
184 116 2 0.17458477871941858 0.016491004341040949
186 116 2 0.17377655812612136 0.015682783747743734
188 116 2 0.1729187728647478 0.015908474331551042
190 116 2 0.17307950016534257 0.01770483457183078
192 116 2 0.17152837757181957 0.01669445516551385
194 116 2 0.16996086337880115 0.015486916521991384
196 116 2 0.16792900403078376 0.015482526240130245
198 116 2 0.16682483567569972 0.014378357885046211
200 116 1 0.16804861119372191 0.018831024561506343
204 116 2 0.15734059795115221 0.01256138162759729
206 116 2 0.15001477041642358 0.0073258275347286295
152 118 3 0.16000286640689312 0.010293290496150825
153 118 3 0.1666846491245037 0.010550446098587685
154 118 2 0.17643819603886307 0.015797984320820385
156 118 2 0.18097707817525843 0.016631809606896725
158 118 3 0.17921726010998273 0.012968478223807867
159 118 3 0.18005047843482239 0.013801696548647518
160 118 3 0.18196817400856932 0.014078249331136744
161 118 3 0.18333575945632735 0.014941190401009191
162 118 3 0.18505923558236553 0.015448258369081952
163 118 3 0.18623171573497355 0.016111989753869904
164 118 3 0.18769282132086693 0.016541219805247892
165 118 3 0.1883757653265879 0.016586501096032408
166 118 3 0.18891791625566384 0.016053339451279403
167 118 3 0.18937684198613333 0.01647207500644074
168 118 3 0.19012338559527872 0.016219504800416118
169 118 3 0.19064156173560848 0.016554107526097456
170 118 3 0.19121721507289763 0.016548693492482475
171 118 3 0.19160766738531509 0.016800396672648488
172 118 3 0.19205432479094706 0.016719519885205564
173 118 3 0.19231796290993225 0.01684716895978533
174 118 3 0.1925757912346123 0.016826771269989022
175 118 3 0.1927252819380216 0.016914471949780269
176 118 3 0.19286964237617027 0.016870895820681464
177 118 3 0.19292075762633223 0.016885709208776023
178 118 3 0.1929158057002161 0.016887225465386235
179 118 3 0.19285563313885254 0.01687265335634347
180 118 3 0.19269567891545769 0.016897498838986336
181 118 3 0.19251863961342355 0.016821351648115629
182 118 3 0.19220172343912212 0.016811248486983343
183 118 3 0.19186209659465867 0.016683016968163322
184 118 3 0.19127448313187528 0.016689704412456707
185 118 3 0.19071211448209724 0.016377135831306872
186 118 3 0.18986569759191096 0.016089139465789604
187 118 3 0.18899272060448943 0.015399616462540566
188 118 3 0.1879044513872391 0.014985678522491303
189 118 3 0.18756206738415182 0.014643294519404021
190 118 2 0.19078433473717335 0.01788645403649422
192 118 2 0.18816192606575871 0.016633548493939138
194 118 2 0.18544777990079253 0.015553294521453098
196 118 2 0.18232419462169358 0.014395190590909823
198 118 2 0.17858949046275188 0.017582564856143595
204 118 2 0.16671910038177307 0.013115257559811022
206 118 3 0.15835949217745171 0.008359608204321356
207 118 3 0.15238298137533662 0.0095504480539166381
152 119 3 0.16740443067144209 0.018326113220745899
153 119 3 0.17408621338905264 0.011644330503135347
158 119 3 0.1895382206687925 0.015637229478027981
159 119 3 0.19271817046444281 0.012667692029620425
160 119 3 0.19604642333970607 0.015517228987925735
161 119 3 0.19787743236128358 0.014541672904956227
162 119 3 0.20050749395144749 0.016517882882641804
163 119 3 0.20201321488722637 0.015781499152252826
164 119 3 0.20423404112611482 0.017979508680293604
165 119 3 0.2049622664226203 0.017251283383788119
166 119 3 0.20497125570694325 0.016053339451279403
167 119 3 0.20551760042976266 0.016140758443629333
168 119 3 0.20634289039569484 0.016238658895903618
169 119 3 0.20709257305280512 0.01646969976781068
170 119 3 0.2077659085653801 0.016624223767117779
171 119 3 0.20830494274864461 0.016707805856613162
172 119 3 0.20877384467615262 0.016778189861198473
173 119 3 0.20912394175265997 0.016817102709644371
174 119 3 0.20940256250460132 0.016848866299310927
175 119 3 0.20959887129579419 0.016873589357772584
176 119 3 0.20974053819685173 0.016887639213873235
177 119 3 0.20980646683510826 0.0168969979019023
178 119 3 0.20980303116560234 0.016901604763467304
179 119 3 0.20972828649519601 0.016900300453717876
180 119 3 0.20957018839892905 0.016892319713985332
181 119 3 0.20933999126153918 0.016880175321596191
182 119 3 0.20899805355937617 0.016855870903674935
183 119 3 0.20854511356282199 0.016821509970906673
184 119 3 0.20790364127436117 0.016753567697268129
185 119 3 0.20708925031340411 0.016656548722221276
186 119 3 0.20594846616305174 0.016452825799288612
187 119 3 0.20439233706703 0.016078824701890981
188 119 3 0.20211352839015673 0.015392453881057311
189 119 3 0.19860998602701052 0.015331099629326383
206 119 3 0.16430579857002817 0.0094454229940464651
207 119 3 0.15832928776791305 0.015496754446493066
0 120 0 0.047752985123364081 0.001927732141142266
8 120 0 0.048492503911972754 0.0019701002578300097
16 120 0 0.049970093326796999 0.0022126351094878469
24 120 0 0.052182728436284846 0.0029427930211902709
32 120 0 0.055125521457475117 0.0036656996407648176
40 120 0 0.058791221098239935 0.0043781960868366221
48 120 0 0.063169417185076557 0.0050759490383014833
56 120 0 0.06824536622337804 0.0057530266050566103
64 120 0 0.07399839282843465 0.0064015245141653271
72 120 0 0.080399917342599977 0.0070113117856676482
80 120 0 0.087411229128267626 0.0075697443980399653
88 120 0 0.094980973526307591 0.0080617838158217464
96 120 0 0.10304275734212934 0.0084788973549169699
104 120 0 0.11152165469704631 0.0088598975727125495
112 120 0 0.12038155226975886 0.0091696916520083716
120 120 0 0.12955124392176723 0.0091899294368485984
128 120 1 0.13606405417104128 0.0075211090517658952
132 120 1 0.14499551979825198 0.014679028306910785
136 120 1 0.15433838789237178 0.013665978365987597
140 120 1 0.15994808851210798 0.019275678985723799
144 120 2 0.16120555495568134 0.011495979044939042
146 120 2 0.16497978584892278 0.01561564567598514
148 120 2 0.1678799195800538 0.018170343669311501
150 120 3 0.1669959190169753 0.017286343106233004
151 120 3 0.17145770563695809 0.021748129726215787
152 120 2 0.18573054389218799 0.016420030706422201
154 120 2 0.19223618035968346 0.01655280256700345
156 120 2 0.19760888778215516 0.016631809606896725
158 120 2 0.20517545014682048 0.014925250139719293
160 120 2 0.2115636523276318 0.015253409613405239
162 120 2 0.21702537683408929 0.015775658294309103
164 120 2 0.22221354980640842 0.017958039128013359
166 120 3 0.22043273900956317 0.015461483302619927
167 120 3 0.221324171827463 0.015806571397700336
168 120 3 0.22258154929159846 0.01644855478638238
169 120 3 0.2235622728206158 0.016554347571854838
170 120 3 0.22439013233249788 0.016759849844230151
171 120 3 0.22501274860525777 0.016720429575908607
172 120 3 0.22555203453735109 0.01685686323773769
173 120 3 0.22594104446230434 0.016823651320709343
174 120 3 0.22625142880391225 0.016871143042776954
175 120 3 0.22646731762400765 0.016868446328213466
176 120 3 0.22662817741072497 0.016901735844217336
177 120 3 0.22670346473701056 0.016900402343489551
178 120 3 0.22670463592906964 0.016909138818758551
179 120 3 0.22662858694891388 0.016921817540384521
180 120 3 0.22646250811291438 0.016901480394049817
181 120 3 0.22622016658313537 0.016938380290873911
182 120 3 0.22585392446305111 0.016912785740873515
183 120 3 0.22536662353372866 0.016981034887154273
184 120 3 0.2246572089716293 0.016894743264445206
185 120 3 0.22374579903562539 0.017030560328787109
186 120 3 0.22240129196234035 0.016981352494215646
187 120 3 0.22047116176892098 0.017058984672240318
188 120 3 0.21750598227121404 0.015940083527612559
189 120 3 0.2139410856563369 0.015900527796068015
190 120 3 0.20975754644659109 0.018973211709417737
191 120 3 0.20758403110074403 0.016799696363570676
192 120 3 0.20546987038041309 0.017307944314654378
193 120 3 0.20394833104966975 0.0162498716343637
194 120 3 0.20190193624754646 0.016454156346753929
195 120 3 0.2001002125969448 0.015303701576893702
196 120 3 0.19752316223730768 0.015198967615614095
197 120 3 0.19571828855313642 0.013394093931442835
198 120 2 0.19617205531889548 0.018082597325331989
200 120 2 0.18905147959080051 0.0210028683970786
202 120 2 0.18449620404403694 0.016447592850315024
204 120 2 0.17983435794158409 0.013592635612487081
206 120 2 0.17375122156407463 0.012803387404851041
208 120 3 0.16170428582752222 0.018871752506102235
209 120 3 0.15823267518453249 0.015400141863112504
210 120 2 0.15988877790910486 0.017056244587684871
212 120 2 0.15652120739490408 0.014640883745484723
214 120 2 0.15212671921530069 0.009294185893880702
216 120 1 0.1495171152369785 0.014245135632772743
220 120 1 0.14360312147607249 0.0083311418718667318
224 120 0 0.13807369501011035 0.010766713742458744
232 120 0 0.12813236254071192 0.010076473500365099
240 120 0 0.11805588904034682 0.010076473500365099
248 120 0 0.10823518931837146 0.0098206997219753567
256 120 0 0.098848573790474709 0.009386615527896755
264 120 0 0.089966951889649399 0.0088816219008253094
272 120 0 0.081603067259439194 0.0083638846302102055
280 120 0 0.073752958846633382 0.0078501084128058118
288 120 0 0.066411661676251801 0.0073412971703815805
296 120 0 0.059574286718560063 0.0068373749576917386
304 120 0 0.053234047999705519 0.0063402387188545434
312 120 0 0.047381171158086897 0.0058528768416186219
320 120 0 0.042002754968484213 0.0053784161896026847
328 120 0 0.037083038771836357 0.0049197161966478553
336 120 0 0.032603792631095786 0.0044792461407405712
344 120 0 0.02854474312584375 0.0040590495052520367
352 120 0 0.024884004070760458 0.0036607390550832918
360 120 0 0.021598491788478613 0.0032855122822818446
368 120 0 0.018664312748149219 0.0029341790403293946
376 120 0 0.016057120640931261 0.002607192107217958
384 120 0 0.013752445601319364 0.0023046750396118962
392 120 0 0.011725999229390539 0.0020264463719288257
400 120 0 0.0099539572375849233 0.0017720419918056153
408 120 0 0.00841321919884481 0.0015407380387401134
416 120 0 0.0070816433446948554 0.0013315758541499545
424 120 0 0.0059382540071801684 0.0011433893375146871
432 120 0 0.004963419898995315 0.00097483410818485338
440 120 0 0.0041390025753955378 0.00082441732359977721
448 120 0 0.0034484757468574156 0.00069052682853812213
456 120 0 0.0028770173519220748 0.00057145839493534089
464 120 0 0.0024115773047004119 0.0004654400472216629
472 120 0 0.0020409245318828134 0.0003706527728175985
480 120 0 0.0017556772916645063 0.00028524724021830703
488 120 0 0.0015483208332269223 0.00020735645843758402
496 120 0 0.0014132162384079962 0.00013510459481892614
504 120 0 0.001346603824723646 6.6612413684350195e-05
150 121 3 0.17883173120965881 0.018210978108825326
151 121 3 0.18329351782964159 0.013749191488842544
166 121 3 0.23315755367203581 0.020055577263985186
167 121 3 0.23669958445281339 0.016513546483207603
168 121 3 0.23903010407798084 0.017616727746906785
169 121 3 0.24011662039247064 0.016554347571854838
170 121 3 0.24114998217672803 0.017130976009835569
171 121 3 0.24173317818116638 0.016720429575908607
172 121 3 0.24240889777508878 0.01709528030806412
173 121 3 0.24276469578301368 0.016823651320709343
174 121 3 0.2431225718466892 0.016950281065566647
175 121 3 0.2433187895769319 0.016851471952924246
176 121 3 0.2435299132549423 0.016956684435418395
177 121 3 0.24360386708050011 0.016900402343489551
178 121 3 0.24361377474782819 0.016909138818758551
179 121 3 0.24355040448929841 0.016964986270938093
180 121 3 0.2433639885069642 0.016901480394049817
181 121 3 0.24315854687400928 0.01704759210203588
182 121 3 0.24276671020392462 0.016912785740873515
183 121 3 0.24234765842088293 0.017283535811323775
184 121 3 0.24155195223607451 0.016894743264445206
185 121 3 0.2407763593644125 0.017578206519383244
186 121 3 0.23938264445655599 0.017371859957532043
187 121 3 0.2375301464411613 0.019224357972926737
188 121 3 0.2334460657988266 0.015940083527612559
189 121 3 0.22984161345240492 0.015900527796068015
190 121 3 0.22667405442542427 0.016916507978833178
191 121 3 0.22427754981647074 0.016693518715726718
192 121 3 0.22213343459826718 0.016663564217854088
193 121 3 0.22019820268403345 0.016421092726797509
194 121 3 0.21802316673903024 0.016475112047816542
195 121 3 0.2154039141738385 0.01620658453062665
196 121 3 0.21175248793465903 0.015558769450974896
197 121 3 0.20657531139867705 0.015794499775183685
208 121 3 0.1719465451401872 0.011843071141773687
209 121 3 0.16847493449719747 0.015314681784763418
144 122 3 0.16697809522701215 0.0074652922064404603
145 122 3 0.17213651655545834 0.010930961599776995
146 122 2 0.18059543152490792 0.01561564567598514
148 122 3 0.18139198987590396 0.013512070295850165
149 122 3 0.1855020529713442 0.017622133391290401
150 122 2 0.19704270931848414 0.01688968353468881
152 122 2 0.20215057459861019 0.016420030706422201
154 122 2 0.20878898292668691 0.01655280256700345
156 122 3 0.21002708773451464 0.012418199952359488
157 122 3 0.21339778390414485 0.015788896121989693
158 122 3 0.21854655225965738 0.015329541192294016
159 122 3 0.22165484831342214 0.016479398166601655
160 122 3 0.22558550116978052 0.015413901655707107
161 122 3 0.22804862271229356 0.016484970384661762
162 122 3 0.23153798378029672 0.015403369701184333
163 122 3 0.23406408647650009 0.017038709642410804
164 122 3 0.23809976885245393 0.015886219046045508
165 122 3 0.24224340901638963 0.02002985920998121
166 122 2 0.25321313093602099 0.018934823008333379
168 122 2 0.25664683182488762 0.018534237071839987
170 122 2 0.2582809581865636 0.016900110710164007
172 122 2 0.2595041780831529 0.0172105599044311
174 122 2 0.26007285291225585 0.016852172200445298
176 122 2 0.2604865976903607 0.016939630680035511
178 122 2 0.2605153907602365 0.016933301141673185
180 122 2 0.26020613897604516 0.016944871285558438
182 122 2 0.25963119423220671 0.017434811513576343
184 122 2 0.25835456588379574 0.017190410083552238
186 122 2 0.25675450441408804 0.018788011066315113
188 122 3 0.24884405378812621 0.015397987989299616
189 122 3 0.24524599060668553 0.015404377154280613
190 122 3 0.24276256051681958 0.01608850609139531
191 122 3 0.24066218990469315 0.016384640088222407
192 122 3 0.23852867494915733 0.016395240350890156
193 122 3 0.23661929541083096 0.016560450209364391
194 122 3 0.23449827878684679 0.017154352374998766
195 122 3 0.23161049870446515 0.01750078806147598
196 122 3 0.22731125738563393 0.016033339308114902
197 122 3 0.22236981117386073 0.016842463738978963
198 122 3 0.21614361709538044 0.019971561776484958
199 122 3 0.2123656881930745 0.017084588535642431
200 122 3 0.20734074171953717 0.018289262128736661
201 122 3 0.20411171202296688 0.015060232432166365
202 122 3 0.20074923707204317 0.016253033028006236
203 122 3 0.1983712040312913 0.014762415567958292
204 122 3 0.19479314049925972 0.014958782557675632
205 122 3 0.19206084660888262 0.013491989176113717
206 122 3 0.1878735780478657 0.014122356483791065
207 122 3 0.18523563988998568 0.011484418325911044
208 122 2 0.18378961628196089 0.013856685807955071
210 122 2 0.17675610421336474 0.016867326304259883
212 122 2 0.1711620911403888 0.014640883745484723
214 122 3 0.16227792129461222 0.010151202079311528
215 122 3 0.15686576988823051 0.0073486546512520068
144 123 3 0.17444338743345261 0.016622591257119484
145 123 3 0.1796018087618988 0.011464169928673301
148 123 3 0.19145660285640798 0.016678433452156693
149 123 3 0.19556666595184818 0.012568370356716485
156 123 3 0.22021919215649752 0.014424332760495401
157 123 3 0.22732087383939004 0.014379362781747368
158 123 3 0.2338760934519514 0.018442710932517342
159 123 3 0.23723291131927909 0.015578063005856957
160 123 3 0.24099940282548762 0.016666502104686093
161 123 3 0.24343345688182425 0.015384834169530681
162 123 3 0.24694135348148105 0.016254018228153366
163 123 3 0.24952087218776028 0.01545678571126019
164 123 3 0.25380492226591639 0.018343031678437982
165 123 3 0.25537228156834285 0.016775672376011519
188 123 3 0.25985792616193332 0.014430595089022169
189 123 3 0.25946748963307542 0.014821031617880065
190 123 3 0.25840193969350922 0.015886581557446267
191 123 3 0.25701488120875537 0.017273640042200111
192 123 3 0.25463355246148112 0.016104877512323784
193 123 3 0.25317974562019535 0.016560450209364391
194 123 3 0.25165263116184555 0.01808577302271086
195 123 3 0.24911128676594113 0.020627117418615282
196 123 3 0.24334459669374883 0.016033339308114902
197 123 3 0.2392122749128397 0.018401878721206133
198 123 3 0.23335238755307033 0.017208770457689898
199 123 3 0.22945027672871693 0.018935653911327094
200 123 3 0.2234444885564259 0.016103746836888727
201 123 3 0.2189145042379986 0.014802792215031724
202 123 3 0.21566487033921608 0.014915633267172906
203 123 3 0.21313361959924959 0.016467462907047564
204 123 3 0.20866914350182544 0.013876003002565723
205 123 3 0.20555283578499634 0.015465357778074812
206 123 3 0.20032071619825517 0.012447138150389475
207 123 3 0.1954355036406536 0.016882797724591475
214 123 3 0.1689318844499694 0.0098050340786106083
215 123 3 0.16351973304358766 0.015217185484992346
128 124 2 0.13932310617520721 0.0097718622534399835
130 124 2 0.14784722027040714 0.012753229832269453
132 124 1 0.1606004501026766 0.011590609474989633
136 124 2 0.16426700722100282 0.0099286193286310387
138 124 2 0.16942495358050777 0.015086565688135989
140 124 2 0.17480556963143826 0.015147341637676531
142 124 3 0.17435203403539562 0.014403945523287637
143 124 3 0.17841631459991714 0.018468226087809153
144 124 2 0.1910659786905721 0.015552484108227099
146 124 3 0.19237466133241876 0.011779229807510838
147 124 3 0.19664000531276973 0.01604457378786181
148 124 2 0.20813503630856467 0.015460677737410222
150 124 2 0.21393239285317295 0.01688968353468881
152 124 3 0.21500526892325603 0.012854694324645838
153 124 3 0.2181618738199447 0.016011299221334513
154 124 3 0.22305524075151043 0.014707587755617174
155 124 3 0.22740219823806365 0.018613215311376746
156 124 3 0.23464352491699292 0.014513754527313016
157 124 3 0.2417002366211374 0.014379362781747368
158 124 2 0.25231880438446874 0.016764301998853481
160 124 2 0.25766590493017372 0.015449475076517782
162 124 2 0.26319537170963442 0.014964258875013736
164 124 1 0.27214795394435437 0.018247087517779037
168 124 1 0.27518106889672761 0.017774513569414729
172 124 1 0.276714737987584 0.016926222489879628
176 124 1 0.27742622837039621 0.016925234145097612
180 124 1 0.27706600574578305 0.017147339141657114
184 124 1 0.27554251548040315 0.017987980331461262
188 124 1 0.27428852125095549 0.01758387669088729
192 124 1 0.26973840418455641 0.017594100182190597
196 124 2 0.25761415363404583 0.01633571783075155
198 124 2 0.24838593064004402 0.016984598499150377
200 124 3 0.23778370421607345 0.014339215659647547
201 124 3 0.23214456408370382 0.013230059845705217
202 124 2 0.22960108250629715 0.015711044432769161
204 124 2 0.22101819356307115 0.013907203919660244
206 124 2 0.21231830136524507 0.014440191445790701
208 124 3 0.20018238022328269 0.016392763941321803
209 124 3 0.1951102239565492 0.011320607674588312
210 124 2 0.19203502501586034 0.015278920802495599
212 124 2 0.18563826917359461 0.014809171913837238
214 124 2 0.17873691852858001 0.013570358187178222
216 124 3 0.16629695333649896 0.016779838099520467
217 124 3 0.16195713502155809 0.012440019784579592
218 124 2 0.16138074602325034 0.013245337623947723
220 124 2 0.15499252201105565 0.012236756580462804
222 124 2 0.14766955870903906 0.0095958636989287027
142 125 3 0.18405590151381976 0.014725943302674654
143 125 3 0.18812018207834127 0.010661662738153138
146 125 3 0.20104650918526615 0.014242671663404677
147 125 3 0.20531185316561709 0.0099773276830537327
152 125 3 0.2256602092915839 0.015604394370151153
153 125 3 0.23232521636903355 0.015283697994437823
154 125 3 0.2377628285071276 0.014786265765622753
155 125 3 0.24302016424136569 0.015617966003302036
156 125 3 0.24915727944430593 0.017288542555992381
157 125 3 0.25242767030493068 0.014018151695367631
200 125 3 0.24697467124892569 0.012531754645049575
201 125 3 0.24209039970734728 0.017416026186627992
208 125 3 0.20945405142340123 0.011419658958682272
209 125 3 0.20438189515666777 0.016491815225415735
216 125 3 0.17494691275242785 0.0091639808211017859
217 125 3 0.17060709443748701 0.013503799136042632
128 126 3 0.14058823457845468 0.011036990656687451
129 126 3 0.14703088639009493 0.008282680577048257
130 126 2 0.15531356696714319 0.0074663466967360426
136 126 3 0.16931812002569913 0.0087176699230225307
137 126 3 0.17509295449770712 0.010825947276704301
138 126 2 0.18368795378119648 0.014263000200688714
140 126 2 0.18995291126911479 0.015147341637676531
142 126 2 0.19878184481649441 0.013155129269176891
144 126 2 0.2066184627987992 0.015552484108227099
146 126 2 0.21528918084867082 0.012109999673229205
148 126 2 0.22359571404597489 0.015460677737410222
150 126 3 0.22689403138335393 0.01296163853018098
151 126 3 0.23256079287325634 0.018628400020083397
152 126 3 0.24126460366173505 0.017858504669427039
153 126 3 0.24760891436347138 0.016587764070356392
154 126 3 0.25254909427275035 0.014786265765622753
155 126 3 0.25766150078315242 0.014641336541786731
156 126 2 0.26644582200029832 0.016450514619696155
158 126 2 0.26864968173974535 0.016330877355276607
160 126 2 0.27260322649729951 0.01675448774610927
162 126 2 0.27440881106603415 0.014948903177374628
196 126 2 0.27066714346094761 0.016463005907747297
198 126 3 0.26302097318211343 0.014635042542069404
199 126 3 0.26023123227230033 0.011845301632256305
200 126 2 0.25950642589397527 0.014973890415838798
202 126 3 0.24789108870147078 0.018290006195173625
203 126 3 0.24273316517666185 0.013969833637498236
204 126 3 0.23663797344727461 0.015619779884203461
205 126 3 0.23264821685085654 0.013183967084337667
206 126 3 0.22702406419123719 0.014705762825992119
207 126 3 0.22353013859568296 0.011211837230437893
208 126 2 0.2208737103820835 0.013969206457870115
210 126 3 0.20836625046795948 0.016331225452099141
211 126 3 0.20325909831167152 0.011224073295811182
212 126 2 0.20044744108743184 0.015492651440008054
214 126 2 0.19230727671575823 0.013570358187178222
216 126 2 0.18411089357352964 0.012455764908517547
218 126 2 0.17462608364719806 0.013245337623947723
220 126 2 0.16722927859151845 0.012236756580462804
222 126 3 0.15758594089757721 0.0099163821885381587
223 126 3 0.15029586969427883 0.012222174684168474
128 127 3 0.14643872325589247 0.016887479334125238
129 127 3 0.15288137506753269 0.0098380116933962647
136 127 3 0.17721884481267719 0.018667360426177365
137 127 3 0.18299367928468521 0.012892525954169343
150 127 3 0.2373708818266195 0.013775167780644609
151 127 3 0.24804008861994373 0.015479295746687383
152 127 3 0.25912310833116209 0.023773228288832382
153 127 3 0.26419667843382777 0.018699658186166701
154 127 3 0.26706747011653248 0.015828866503461991
155 127 3 0.26853941822618438 0.014356918393810092
198 127 3 0.27270410651966615 0.014426042849028764
199 127 3 0.26991436560985299 0.017215783758841918
202 127 3 0.25962319679770046 0.014683421019134335
203 127 3 0.25670299881416009 0.017603619002674709
204 127 3 0.25006558454938455 0.013427611102109938
205 127 3 0.24583218393519421 0.015178721308913096
206 127 3 0.23952943419679726 0.012505370005560068
207 127 3 0.23383832039988581 0.017514806549457945
210 127 3 0.21724197745274718 0.01029162324703134
211 127 3 0.21213482529645925 0.01539877540331927
222 127 3 0.16512561110715848 0.012697957452217107
223 127 3 0.15783553990386012 0.019988028655515466
0 128 0 0.049515162281914903 0.001762177158550822
8 128 0 0.050294374811195919 0.0018018708992231652
16 128 0 0.051852207829684027 0.0023351811966308075
24 128 0 0.054187389026314835 0.0031103722700685996
32 128 0 0.057297761296383434 0.003882143894177098
40 128 0 0.061179905190560532 0.0046485996633340854
48 128 0 0.065828504853894618 0.0054068549087402107
56 128 0 0.071235359762634828 0.0061526016801259908
64 128 0 0.077387961442760819 0.0068796208871598347
72 128 0 0.084267582329920654 0.0075790434495486142
80 128 0 0.091846625779469268 0.0082375241557280793
88 128 0 0.10008414993519735 0.0088375609619025658
96 128 0 0.10892171089709991 0.0094135663212305543
104 128 0 0.11833527721833047 0.0102750726293694
112 128 0 0.12861034984769987 0.012062059678684289
120 128 1 0.13606405417104125 0.0075211090517658952
124 128 2 0.13932310617520721 0.0097718622534399835
126 128 3 0.14058823457845468 0.011036990656687451
127 128 3 0.14643872325589247 0.016887479334125238
128 128 1 0.16271938676092895 0.010232578696501071
132 128 2 0.16883976377846405 0.0082393136757874519
134 128 3 0.1718195285462695 0.011219078443592906
135 128 3 0.17858215839835431 0.017981708295677717
136 128 1 0.19588620523885455 0.013989097323915706
140 128 2 0.20201964964395777 0.012066738374842984
142 128 2 0.2119369740856713 0.013796555652071218
144 128 2 0.22080760632441368 0.014189143525614484
146 128 3 0.22512961399045545 0.0098404331417846214
147 128 3 0.22938841230799364 0.01409923145932282
148 128 3 0.23568450955015971 0.012951587207858994
149 128 3 0.24101022264085811 0.017414508594883221
150 128 3 0.25084419619479914 0.01347331436817964
151 128 3 0.26300338523792527 0.019892951382069202
152 128 0 0.28289633661999447 0.016756626296520194
160 128 0 0.28935771424340878 0.016530727880398222
168 128 0 0.29295558246614234 0.017007679023986533
176 128 0 0.29390714601041307 0.016661028952323464
184 128 0 0.29187239794184278 0.016956879576163431
192 128 0 0.28713014936869491 0.016766852394989928
200 128 1 0.2743066178168348 0.015471855966882053
204 128 2 0.26101090524410731 0.013295712572727492
206 128 2 0.25135312694934375 0.01466924965100222
208 128 3 0.23782059295833319 0.016946882576249683
209 128 3 0.23186524072157402 0.010991530339490518
210 128 2 0.22753360069977852 0.015200178404674858
212 128 2 0.2159400925274399 0.015492651440008054
214 128 2 0.20574533703081097 0.013438060315052736
216 128 2 0.19656665848204719 0.014008424846003481
218 128 2 0.18564318915949926 0.011017105512301201
220 128 1 0.17782356855937559 0.013468641510861717
224 128 3 0.15852273222059052 0.020449037210480164
225 128 3 0.15136637410738882 0.013292679097278465
226 128 2 0.14920259308238368 0.011128898072273324
228 128 1 0.14560724438195152 0.0083517305509702155
232 128 0 0.13725551383098131 0.011398274856629809
240 128 0 0.1258572389743515 0.011398274856629809
248 128 0 0.11493448976710152 0.010922749207249977
256 128 0 0.10457003949278912 0.010364450274312403
264 128 0 0.094850625572237918 0.0097194139205512009
272 128 0 0.08578075513959886 0.0090698704326390572
280 128 0 0.077336390973867089 0.0084443641657317714
288 128 0 0.069492283127917026 0.0078441078459500629
296 128 0 0.062226696612138956 0.0072655865157780705
304 128 0 0.055519604736306925 0.0067070918758320303
312 128 0 0.04935090496152815 0.0061686997747787756
320 128 0 0.043699578579844266 0.0056513263816838841
328 128 0 0.038543403101446536 0.0051561754783977301
336 128 0 0.03385892676607203 0.0046844763353745059
344 128 0 0.029621591097306166 0.0042373356687658639
352 128 0 0.025805943862064064 0.003815647235242102
360 128 0 0.022385897572256667 0.0034200462898073963
368 128 0 0.019335001961642357 0.0030508956106143105
376 128 0 0.016626714250461517 0.0027082877111808401
384 128 0 0.014234661671111967 0.0023920525793495497
392 128 0 0.012132894870894244 0.0021017668002177234
400 128 0 0.010296130682940606 0.0018367641879536382
408 128 0 0.0086999812527058188 0.0015961494302347869
416 128 0 0.0073211654431193504 0.0013788158095864684
424 128 0 0.0061376984275452661 0.0011834670155740842
432 128 0 0.0051290562898816975 0.0010086421376635686
440 128 0 0.0042763138920052252 0.0008527423978764723
448 128 0 0.0035622558562824428 0.00071405803572278242
456 128 0 0.0029714619734976331 0.00059079388278480971
464 128 0 0.002490369530454996 0.0004810924430426371
472 128 0 0.0021073158899579713 0.00038305364049702473
480 128 0 0.0018125651361561373 0.00029475075380183398
488 128 0 0.0015983227379743389 0.00021424239818179842
496 128 0 0.0014587420163740834 0.0001395807216002555
504 128 0 0.00138992577038932 6.8816245984763347e-05
126 129 3 0.14703088639009493 0.008282680577048257
127 129 3 0.15288137506753269 0.0098380116933962647
134 129 3 0.17920181113970329 0.010932146849368857
135 129 3 0.18596444099178805 0.0099217642470665057
146 129 3 0.23492305104126077 0.017392340935973805
147 129 3 0.24134011184849033 0.011951699540496685
148 129 3 0.2486360967580187 0.014976623944693929
149 129 3 0.25381145932062876 0.01280123667977065
150 129 3 0.26189317130290457 0.01104897510810543
151 129 3 0.27014114055563965 0.012755196064354823
208 129 3 0.24712310151370787 0.010957558747897889
209 129 3 0.2411677492769487 0.016912910984657054
224 129 3 0.1668036183768466 0.011019950182528992
225 129 3 0.1596472602636449 0.011544962083324117
124 130 2 0.14784722027040711 0.01275322983226948
126 130 2 0.15531356696714319 0.0074663466967360703
132 130 3 0.17292145596470129 0.01020206920377234
133 130 3 0.17977628841217105 0.010936524633707007
134 130 2 0.19013395798907215 0.0082722343550790389
140 130 3 0.20620794264300848 0.01032173740415393
141 130 3 0.21367105145818152 0.012062478279561001
142 130 2 0.22573352973774252 0.013796555652071218
144 130 3 0.23090268644624212 0.010095080121828442
145 130 3 0.23754839401880282 0.016740787694389136
146 130 2 0.25231539197723457 0.014183810532359009
148 130 2 0.26361272070271263 0.014276378568376547
150 130 2 0.27268579533311882 0.010210541286875652
204 130 2 0.27013704360949975 0.0098288487081207854
206 130 2 0.26495942466295835 0.015006467654662181
208 130 2 0.25808066026160575 0.013935234866277457
210 130 3 0.24567644090118845 0.018142840201409938
211 130 3 0.23979111730771829 0.013831713611058172
212 130 3 0.2322639653629873 0.016323872835547398
213 130 3 0.22733205347589053 0.013402842312966651
214 130 3 0.22032667438007733 0.014581337349266366
215 130 3 0.21557834752331637 0.010031094552217679
216 130 2 0.21057508332805067 0.014008424846003481
218 130 3 0.19748639294755854 0.013088690380492124
219 130 3 0.18929738473491795 0.011473816175542356
224 130 2 0.17119222234696901 0.0079667830267232675
226 130 3 0.16074976855404507 0.011547175471661397
227 130 3 0.15435256155264768 0.0087453171706961541
132 131 3 0.1803127894347078 0.01809340290944339
133 131 3 0.18716762188217756 0.011238570461973629
140 131 3 0.21318056455132398 0.017294359312469421
141 131 3 0.22064367336649698 0.009273208138951633
144 131 3 0.23943155513178146 0.015499119325480398
145 131 3 0.24607726270434216 0.0088534117529197043
210 131 3 0.25723071183157947 0.014239164466060772
211 131 3 0.25362283091877647 0.01784704537886378
212 131 3 0.24592792213260695 0.013663956769619651
213 131 3 0.24073489578885718 0.016286202572672021
214 131 3 0.23259169280961489 0.012265018429537561
215 131 3 0.22560944207553404 0.018022942647060475
218 131 3 0.20438317681733131 0.008844294812079434
219 131 3 0.19619416860469074 0.018370600045315155
226 131 3 0.16822698363359009 0.010880217876793219
227 131 3 0.1618297766321927 0.017277424878190617
120 132 1 0.14499551979825198 0.014679028306910813
124 132 1 0.1606004501026766 0.011590609474989633
128 132 2 0.16883976377846405 0.0082393136757874519
130 132 3 0.17292145596470132 0.010202069203772368
131 132 3 0.1803127894347078 0.01809340290944339
132 132 1 0.19840619234415119 0.01146911052039376
136 132 2 0.20557954617723034 0.0096933409383757885
138 132 3 0.20858207967626094 0.012695874437406385
139 132 3 0.21466728020864725 0.018781074969792699
140 132 2 0.22991688150544862 0.013690174549689405
142 132 3 0.23521768620680261 0.0094841564690600899
143 132 3 0.24147186277767241 0.015738333039929886
144 132 2 0.25493067445726186 0.012176265539200037
146 132 2 0.26536206473340374 0.013046672756169164
148 132 1 0.27788909927108918 0.010702072861147827
200 132 1 0.28445097950613041 0.010688349414266662
204 132 1 0.27996589231762053 0.015173436602776535
208 132 1 0.27146987629764024 0.014716160479248397
212 132 2 0.2570210983615292 0.014448777936111046
214 132 2 0.24363238472259452 0.014531817280020065
216 132 3 0.22779135449722801 0.017216271169177344
217 132 3 0.22018924099009507 0.0096141576620444036
218 132 2 0.21322747162941075 0.012976107200222825
220 132 3 0.19690672580263174 0.019083157243256155
221 132 3 0.19031909273384076 0.012495524174465172
222 132 2 0.18688025696992991 0.0090566884105543199
224 132 1 0.17910720151038331 0.011756628763775118
228 132 3 0.16161056355211387 0.017496637958269445
229 132 3 0.15398420202539595 0.0083769576434444271
230 132 2 0.1486061383504062 0.011350624519424896
130 133 3 0.17977628841217108 0.010936524633707034
131 133 3 0.18716762188217756 0.011238570461973629
138 133 3 0.21813935598815695 0.01597715212622719
139 133 3 0.22422455652054324 0.0098919515938409031
142 133 3 0.24367668105558898 0.015896153386333101
143 133 3 0.24993085762645878 0.0096419768154633045
216 133 3 0.23670861105648969 0.0095324772481234221
217 133 3 0.22910649754935675 0.017134590755256363
220 133 3 0.20621217774419331 0.0093054519415615711
221 133 3 0.19962454467540233 0.015416753057843735
228 133 3 0.16771874393922945 0.011388457571153865
229 133 3 0.1600923824125115 0.0114862440621053
128 134 3 0.17181952854626953 0.011219078443592934
129 134 3 0.17920181113970332 0.010932146849368857
130 134 2 0.19013395798907218 0.0082722343550790112
136 134 3 0.21000104846206555 0.011594856117914359
137 134 3 0.21892962115603987 0.015186886958344276
138 134 2 0.23411650811438414 0.012934551860034033
140 134 3 0.24042464237910632 0.010507760873657707
141 134 3 0.24678946973116972 0.016872588225721102
142 134 2 0.25957283444192208 0.012769065100898203
144 134 3 0.26354949827385354 0.0086188238165916808
145 134 3 0.26765740713094782 0.012726732673685959
146 134 2 0.276002588247164 0.012588583885073001
212 134 2 0.26936286383152697 0.015376156842539013
214 134 3 0.25878152708923702 0.015149142366642498
215 134 3 0.25300048986168028 0.010277408109407915
216 134 2 0.24624108830461311 0.013333534001689906
218 134 3 0.23010398524480391 0.016876513615393163
219 134 3 0.22230317241446323 0.0090757007850524873
220 134 2 0.21504129773324607 0.01212293652344823
222 134 3 0.19995342794071397 0.015087869792532099
223 134 3 0.19096883296549572 0.011861631455112404
228 134 2 0.17003649174754476 0.0090707097628385525
230 134 3 0.15855236854670288 0.011484123200841884
231 134 3 0.15035593806619324 0.013100424235211933
128 135 3 0.17858215839835434 0.017981708295677745
129 135 3 0.1859644409917881 0.009921764247066478
136 135 3 0.21704175484559929 0.0186355625014481
137 135 3 0.22597032753957361 0.0089285726939743182
140 135 3 0.25081402368530281 0.020659075950812733
141 135 3 0.25717885103736621 0.014294248598749337
144 135 3 0.27196465911999329 0.016626513012243715
145 135 3 0.27607256797708762 0.012518604155149382
214 135 3 0.26905893519864488 0.015680085475421102
215 135 3 0.26327789797108819 0.021461122702977786
218 135 3 0.2385850956607187 0.0085637116690630566
219 135 3 0.230784282830378 0.01636452449940376
222 135 3 0.20687829472708383 0.0089845949752182797
223 135 3 0.19789369975186555 0.018786498241482236
230 135 3 0.1651879415345035 0.0099568142077904598
231 135 3 0.15699151105399384 0.01973599722301253
0 136 0 0.051071859706405751 0.001556697424490848
8 136 0 0.051886947153841567 0.0016304584772968006
16 136 0 0.053517405631138368 0.0024463647316026044
24 136 0 0.055963770362740972 0.0032629720098969472
32 136 0 0.059226742372637919 0.0040802618380350736
40 136 0 0.063307004210672993 0.0048978672213363522
48 136 0 0.068204871432009345 0.0057148332845434191
56 136 0 0.073919704716552764 0.0065293305798906492
64 136 0 0.080449035296443414 0.0073383785518223582
72 136 0 0.087787413848265772 0.008137461902407897
80 136 0 0.095924875750673669 0.0089209937326350242
88 136 0 0.10484586948330869 0.0097174140878949766
96 136 0 0.11456328357120367 0.010991503200419736
104 136 0 0.12555478677162341 0.015117622754760751
112 136 0 0.14067240952638416 0.016470828675855698
120 136 1 0.15433838789237178 0.013665978365987624
124 136 2 0.16426700722100279 0.0099286193286310109
126 136 3 0.16931812002569913 0.0087176699230225307
127 136 3 0.17721884481267719 0.018667360426177393
128 136 1 0.19588620523885458 0.013989097323915733
132 136 2 0.20557954617723034 0.0096933409383757607
134 136 3 0.21000104846206555 0.011594856117914359
135 136 3 0.21704175484559929 0.0186355625014481
136 136 2 0.23374138578139805 0.01223534458881162
138 136 3 0.2422720880117806 0.0094338754550490622
139 136 3 0.25170596346682966 0.019767136169285882
140 136 1 0.27147309963611554 0.017118072496121461
144 136 0 0.28859117213223701 0.012694668427695621
152 136 0 0.29722040897063501 0.014324072350640538
160 136 0 0.3035152455118359 0.014157531268427115
168 136 0 0.30715127117481988 0.014195688708677545
176 136 0 0.30808131119798615 0.014174165187573085
184 136 0 0.30625508763466747 0.014382689692824691
192 136 0 0.30183261912295406 0.014702469754259151
200 136 0 0.29513932892039707 0.012930893008521627
208 136 0 0.28473902067406598 0.015121262421147474
216 136 3 0.26400900980393366 0.02073001087013232
217 136 3 0.25461059860330759 0.0093984112006260667
218 136 2 0.24714880732978176 0.013458489543249713
220 136 3 0.23115125851625101 0.016109960783004945
221 136 3 0.22300738181791507 0.0084305479989510712
222 136 2 0.214576833818964 0.012658823218163612
224 136 3 0.19757701849908743 0.018469816988704119
225 136 3 0.19032188212919887 0.011214680618815559
226 136 2 0.18555965108382649 0.010414895341532532
228 136 1 0.17514475574229396 0.013368811480385878
232 136 3 0.15603347395371828 0.019111281788575685
233 136 3 0.14894025762067226 0.011684743789690949
234 136 2 0.14677594883444683 0.0095204350034655272
236 136 1 0.14232676968109206 0.0093658577777209484
240 136 0 0.13296091190337112 0.011813116238305041
248 136 0 0.12114779566506607 0.011813116238305041
256 136 0 0.10984726983567294 0.011300525829393129
264 136 0 0.09932430272347989 0.010522967112193055
272 136 0 0.08958404778124926 0.0097402549422306306
280 136 0 0.080580723948651997 0.0090033238325972625
288 136 0 0.072267995120481612 0.0083127288281703848
296 136 0 0.064606803875554578 0.0076611912449270347
304 136 0 0.057563483290751928 0.0070433205848026495
312 136 0 0.051107325836785122 0.0064561574539668057
320 136 0 0.045209060399823892 0.0058982654369612308
328 136 0 0.039839983907157657 0.0053690764926662346
336 136 0 0.034971484492146571 0.0048684994150110864
344 136 0 0.030574831114596315 0.0043966533775502553
352 136 0 0.026621147346317629 0.0039536837682786867
360 136 0 0.023081498384134241 0.0035396489621833879
368 136 0 0.019927038538499961 0.0031544598456342797
376 136 0 0.017129188339066244 0.0027978501994337171
384 136 0 0.014659826424984075 0.0024693619140821691
392 136 0 0.01249148899545136 0.0021683374295327143
400 136 0 0.010597571402029989 0.0018939175934213712
408 136 0 0.0089525259871045954 0.0016450454149253939
416 136 0 0.0075320498118622015 0.0014204761752423939
424 136 0 0.0063132563415495523 0.0012187934703126492
432 136 0 0.0052748264393580376 0.0010384299021915146
440 136 0 0.0043971357916343977 0.0008776906477236399
448 136 0 0.0036623577590091058 0.00073477803262529196
456 136 0 0.003054542344669686 0.00060781541433941981
464 136 0 0.0025596733395777064 0.00049486900509197957
472 136 0 0.0021657066835343891 0.00039396665604331726
480 136 0 0.0018625936651143265 0.0003031130184200626
488 136 0 0.00164229279735876 0.0002203008677555665
496 136 0 0.0014987740899456133 0.00014351870741314676
504 136 0 0.0014280190405087238 7.0755049436889515e-05
126 137 3 0.17509295449770712 0.010825947276704329
127 137 3 0.18299367928468521 0.01289252595416937
134 137 3 0.21892962115603987 0.015186886958344276
135 137 3 0.22597032753957361 0.0089285726939743182
138 137 3 0.2494668372787851 0.01572545149738705
139 137 3 0.25890071273383414 0.012572386902281407
216 137 3 0.27037366560184917 0.014365355072216812
217 137 3 0.2609752544012231 0.013826447071441345
220 137 3 0.23934915922808611 0.0084805740230550486
221 137 3 0.2312052825297502 0.016628448710786198
224 137 3 0.20625900270251338 0.0086819842034259465
225 137 3 0.19900386633262485 0.014827478987742448
232 137 3 0.16277215104728451 0.012372604695009448
233 137 3 0.15567893471423849 0.0089029858797916583
124 138 2 0.16942495358050774 0.015086565688135961
126 138 2 0.18368795378119651 0.014263000200688769
132 138 3 0.20858207967626097 0.012695874437406385
133 138 3 0.21813935598815698 0.015977152126227162
134 138 2 0.23411650811438414 0.012934551860034033
136 138 3 0.24227208801178063 0.0094338754550490345
137 138 3 0.24946683727878508 0.015725451497387022
138 138 2 0.2628933406877379 0.0087095656814282774
216 138 2 0.27169765048032418 0.013041370193741797
218 138 2 0.26060729687303147 0.014866194266845933
220 138 2 0.24782973325114116 0.012924189437200501
222 138 3 0.23094368392014336 0.016886049330997799
223 138 3 0.22244317243651596 0.0086118271161486626
224 138 2 0.21383134532036729 0.01269108921649087
226 138 3 0.19801040487258414 0.015820940447783149
227 138 3 0.18833763213024085 0.013192876387946889
232 138 2 0.16420644995215408 0.010938305790139879
234 138 2 0.15514871027544841 0.012821940594356346
132 139 3 0.21466728020864728 0.018781074969792699
133 139 3 0.22422455652054327 0.0098919515938408753
136 139 3 0.25170596346682966 0.019767136169285826
137 139 3 0.25890071273383414 0.012572386902281352
222 139 3 0.23886740370773796 0.0089623295434032024
223 139 3 0.23036689222411055 0.016535546903743259
226 139 3 0.2042701073351687 0.0096727727423432663
227 139 3 0.19459733459282544 0.019452578850531477
120 140 1 0.15994808851210796 0.019275678985723799
124 140 2 0.17480556963143823 0.015147341637676559
126 140 2 0.18995291126911479 0.015147341637676559
128 140 2 0.2020196496439578 0.012066738374843011
130 140 3 0.20620794264300851 0.01032173740415393
131 140 3 0.21318056455132403 0.017294359312469448
132 140 2 0.22991688150544867 0.013690174549689377
134 140 3 0.24042464237910632 0.010507760873657651
135 140 3 0.25081402368530281 0.020659075950812678
136 140 1 0.27147309963611549 0.017118072496121461
140 140 1 0.28031990777296728 0.0088468081368517915
216 140 1 0.2754734911398774 0.0097224676863232329
220 140 2 0.2602702359347675 0.0152032552051099
222 140 2 0.24626854654092231 0.01400168939384519
224 140 3 0.22940815560599248 0.016860390934929831
225 140 3 0.22048900191109394 0.0098932060795634824
226 140 2 0.21059579583153046 0.01371283882811708
228 140 3 0.19293320044764317 0.01778844470534921
229 140 3 0.18511950241319472 0.0099747466709007582
230 140 2 0.17934467100192283 0.012140621814480695
232 140 1 0.16720404918744214 0.014235823109114115
236 140 1 0.14960779772607868 0.014999178897590365
130 141 3 0.21367105145818155 0.012062478279561001
131 141 3 0.22064367336649704 0.009273208138951633
134 141 3 0.24678946973116975 0.016872588225721075
135 141 3 0.25717885103736621 0.014294248598749282
224 141 3 0.23698727972819347 0.0092812668127288389
225 141 3 0.2280681260332949 0.017472330201764447
228 141 3 0.20083271355918358 0.0097630822723468735
229 141 3 0.19301901552473516 0.01372031842800675
124 142 3 0.17435203403539559 0.014403945523287637
125 142 3 0.18405590151381976 0.014725943302674654
126 142 2 0.19878184481649441 0.013155129269176918
128 142 2 0.21193697408567133 0.013796555652071218
130 142 2 0.22573352973774255 0.013796555652071218
132 142 3 0.23521768620680267 0.0094841564690601177
133 142 3 0.24367668105558904 0.015896153386333045
134 142 2 0.25957283444192208 0.012769065100898147
220 142 2 0.27123181097234078 0.012814372137087249
222 142 3 0.26012106601079404 0.013852519469871732
223 142 3 0.25334861299335792 0.0094453028073758771
224 142 2 0.24414479443351272 0.014322728579122396
226 142 3 0.22627174568738731 0.017873048746125414
227 142 3 0.21691936193438346 0.010180027981641554
228 142 2 0.20673933395274191 0.013730348148644572
230 142 3 0.19076941484156007 0.015969919111181841
231 142 3 0.18088440384609869 0.013680354658656552
124 143 3 0.17841631459991711 0.018468226087809153
125 143 3 0.18812018207834127 0.010661662738153138
132 143 3 0.24147186277767244 0.015738333039929886
133 143 3 0.24993085762645881 0.0096419768154632768
222 143 3 0.26956636881816992 0.014479814291258108
223 143 3 0.2627939158007338 0.021252267308694228
226 143 3 0.23337238602139335 0.010772408412119377
227 143 3 0.2240200022683895 0.01728066831564759
230 143 3 0.19607075433174204 0.010668579620999874
231 143 3 0.18618574333628066 0.018981694148838518
0 144 0 0.052386767107646406 0.0013149074012406559
8 144 0 0.053232794415569849 0.0016931761647377419
16 144 0 0.054925970580307591 0.002542603012296564
24 144 0 0.057468573592604155 0.0033955230289906338
32 144 0 0.060864096621594789 0.0042532125956315295
40 144 0 0.065117309217226318 0.0051169832710342839
48 144 0 0.070234292488260602 0.0059881378600379065
56 144 0 0.076222430348298509 0.0068679926533768976
64 144 0 0.083090423001675406 0.0077582689310742997
72 144 0 0.090848691932749706 0.0086629326006385093
80 144 0 0.099511624533388215 0.0095992745588496381
88 144 0 0.10911089909223785 0.010684895868326466
96 144 0 0.11979579496056432 0.0126232173953819
104 144 0 0.13241901235594622 0.017290563554796051
112 144 0 0.14970957591074227 0.017290563554796051
120 144 2 0.16120555495568131 0.011495979044939042
122 144 3 0.16697809522701212 0.0074652922064404881
123 144 3 0.17444338743345261 0.016622591257119484
124 144 2 0.1910659786905721 0.015552484108227099
126 144 2 0.2066184627987992 0.015552484108227099
128 144 2 0.22080760632441368 0.014189143525614484
130 144 3 0.23090268644624215 0.01009508012182847
131 144 3 0.23943155513178146 0.015499119325480398
132 144 2 0.25493067445726186 0.012176265539200037
134 144 3 0.26354949827385349 0.0086188238165916253
135 144 3 0.27196465911999329 0.01662651301224366
136 144 0 0.28859117213223695 0.012694668427695566
144 144 0 0.29995866868363774 0.011367496551400791
152 144 0 0.3088125827540309 0.011592173783395887
160 144 0 0.31512378506559707 0.011608539553761177
168 144 0 0.31878411679165852 0.011632845616838638
176 144 0 0.31975246880995267 0.011671157611966521
184 144 0 0.31802282487611927 0.011767737241451803
192 144 0 0.31364533321188748 0.011812714088933418
200 144 0 0.30664008948934157 0.011500760568944501
208 144 0 0.29669883890035781 0.012652655790929779
216 144 0 0.28404618310942803 0.015812949021142053
224 144 3 0.26154120147360754 0.022504981635820487
225 144 3 0.25027738530533916 0.011281939637169197
226 144 2 0.23899544566816996 0.014801641263350124
228 144 3 0.2210150809535153 0.017980364714654667
229 144 3 0.2109010682458812 0.01035330345550961
230 144 2 0.20054776479037159 0.01419198633010027
232 144 3 0.18296642013925069 0.017581344651120906
233 144 3 0.17433462539078293 0.0086317947484677582
234 144 2 0.16810542995029451 0.01229795725073296
236 144 1 0.15580747269956155 0.015216355323410036
240 144 0 0.14059111737615151 0.015339627689752194
248 144 0 0.12679065166663414 0.013800465709517373
256 144 0 0.11447454288732363 0.012316108779310511
264 144 0 0.10321505224835041 0.011259490638973219
272 144 0 0.092878903424476369 0.010336148823874042
280 144 0 0.083381156682627203 0.0094977467418491668
288 144 0 0.074655247315352571 0.0087259093672746313
296 144 0 0.066646909604119051 0.0080083377112335208
304 144 0 0.059310175055110104 0.0073367345490089469
312 144 0 0.052604528826140286 0.0067056462289698179
320 144 0 0.046492999150956726 0.0061115296751835593
328 144 0 0.040940845901924212 0.005552153249032514
336 144 0 0.035914683394046583 0.0050261625078776295
344 144 0 0.031381955528811685 0.0045327278652348979
352 144 0 0.027310677888143505 0.0040712776406681798
360 144 0 0.023669356874482215 0.0036413210136612903
368 144 0 0.020427014441919078 0.0032423424325631368
376 144 0 0.017553273870010117 0.0028737405719089608
384 144 0 0.015018482782623551 0.0025347910873865665
392 144 0 0.012793860384005786 0.0022246223986177645
400 144 0 0.010851659515982213 0.001942200868023573
408 144 0 0.0091653346887954866 0.0016863248271867266
416 144 0 0.007709707415532863 0.0014556272732626236
424 144 0 0.0064611210772618499 0.0012485863382710131
432 144 0 0.0053975792243246548 0.0010635418529371951
440 144 0 0.0044988633293148103 0.00089871589500984447
448 144 0 0.0037466281628740382 0.00075223516644077216
456 144 0 0.0031244748887718529 0.00062215327410218525
464 144 0 0.0026180035210204328 0.00050647136775142012
472 144 0 0.0022148474987819396 0.00040315602223849317
480 144 0 0.0019046938170928201 0.00031015368168911951
488 144 0 0.0016792924352225273 0.00022540138187029284
496 144 0 0.0015324586163653589 0.00014683381885716835
504 144 0 0.0014600714857158643 7.2387130649494624e-05
122 145 3 0.17213651655545828 0.010930961599776967
123 145 3 0.17960180876189877 0.011464169928673329
130 145 3 0.23754839401880284 0.016740787694389164
131 145 3 0.24607726270434219 0.0088534117529196765
134 145 3 0.26765740713094782 0.012726732673685959
135 145 3 0.27607256797708757 0.012518604155149382
224 145 3 0.26762741807903206 0.016418765030395965
225 145 3 0.25636360191076368 0.017368156242593719
228 145 3 0.22737252785612438 0.012117845256457871
229 145 3 0.21525468259966651 0.014706917809294923
232 145 3 0.18974513678129196 0.010802628009079634
233 145 3 0.17903279700629812 0.010927367056003612
120 146 2 0.16497978584892276 0.01561564567598514
122 146 2 0.1805954315249079 0.01561564567598514
124 146 3 0.19237466133241876 0.011779229807510866
125 146 3 0.20104650918526615 0.014242671663404705
126 146 2 0.21528918084867085 0.012109999673229233
128 146 3 0.22512961399045547 0.0098404331417846214
129 146 3 0.23492305104126082 0.017392340935973805
130 146 2 0.25231539197723463 0.014183810532359009
132 146 2 0.26536206473340374 0.013046672756169109
134 146 2 0.276002588247164 0.012588583885072946
224 146 2 0.26848727440247877 0.015558908706949259
226 146 3 0.25366539584455255 0.014821878557926216
227 146 3 0.24539921256959815 0.011228890600845504
228 146 3 0.23417032196875265 0.012022103971062209
229 146 3 0.22214821799769044 0.012022103971062209
230 146 2 0.21145921862068695 0.013443223252832787
232 146 3 0.19639645238394668 0.015062766236740271
233 146 3 0.18391420614208542 0.012482246241861256
234 146 2 0.17262119951299962 0.016813726813438068
124 147 3 0.19664000531276973 0.016044573787861838
125 147 3 0.20531185316561709 0.0099773276830537605
128 147 3 0.22938841230799364 0.014099231459322792
129 147 3 0.24134011184849039 0.011951699540496741
226 147 3 0.26171394326622899 0.0082167328209437063
227 147 3 0.25470345773902969 0.015227218348143001
228 147 3 0.24170399749881868 0.014047331749469649
229 147 3 0.22765666574934904 0.016197447128662085
232 147 3 0.2004273144804932 0.012854730914087314
233 147 3 0.18757258356640588 0.014951384053406264
120 148 2 0.1678799195800538 0.018170343669311528
122 148 3 0.18139198987590394 0.013512070295850137
123 148 3 0.19145660285640795 0.016678433452156721
124 148 2 0.20813503630856467 0.01546067773741025
126 148 2 0.22359571404597492 0.01546067773741025
128 148 3 0.23568450955015971 0.012951587207858967
129 148 3 0.24863609675801868 0.014976623944693901
130 148 2 0.26361272070271258 0.014276378568376547
132 148 1 0.27788909927108912 0.010702072861147827
224 148 1 0.26993067608717269 0.016776824266218682
228 148 3 0.25022514557250775 0.019705530514664948
229 148 3 0.23526098968041637 0.01496415589209138
230 148 2 0.22178651513626321 0.01650311066110019
232 148 3 0.20623937766980249 0.01554713746646072
233 148 3 0.19329228726329431 0.012947090406508183
234 148 2 0.18071652206580494 0.015231067742032034
236 148 2 0.16610749102495864 0.014609031040846293
238 148 2 0.1552426871594231 0.01465156978327159
122 149 3 0.18550205297134417 0.017622133391290373
123 149 3 0.19556666595184818 0.012568370356716485
128 149 3 0.24101022264085811 0.017414508594883193
129 149 3 0.25381145932062871 0.012801236679770595
228 149 3 0.25394102478192132 0.015989651305251373
229 149 3 0.24131826191431041 0.019531746778047199
232 149 3 0.20940735258307541 0.0123791625531878
233 149 3 0.19860289235237963 0.017886370286574693
120 150 3 0.1669959190169753 0.017286343106233032
121 150 3 0.17883173120965881 0.018210978108825326
122 150 2 0.19704270931848414 0.01688968353468881
124 150 2 0.21393239285317295 0.01688968353468881
126 150 3 0.22689403138335396 0.012961638530181008
127 150 3 0.2373708818266195 0.013775167780644582
128 150 3 0.25084419619479914 0.01347331436817964
129 150 3 0.26189317130290457 0.01104897510810543
130 150 2 0.27268579533311876 0.010210541286875707
228 150 2 0.25422461846469352 0.016451969923424598
230 150 3 0.23505842137656768 0.019166197088125836
231 150 3 0.2236787330816547 0.012723425641655545
232 150 2 0.21095530743999916 0.015397648180175832
234 150 3 0.1931586507130171 0.017796656726982052
235 150 3 0.18296891930828571 0.010401618007145869
236 150 2 0.17256730130113984 0.011617677753124139
238 150 3 0.16238933895691682 0.010177962344223024
239 150 3 0.15439424504604038 0.013803127669888865
120 151 3 0.17145770563695806 0.021748129726215787
121 151 3 0.18329351782964157 0.013749191488842571
126 151 3 0.23256079287325632 0.018628400020083369
127 151 3 0.24804008861994373 0.01547929574668741
128 151 3 0.26300338523792527 0.019892951382069202
129 151 3 0.27014114055563965 0.012755196064354823
230 151 3 0.24048687570597016 0.013737742758723359
231 151 3 0.22686292393074739 0.015907616490748233
234 151 3 0.19795666780662954 0.012998639633369613
235 151 3 0.18540103880024225 0.01283373749910241
238 151 3 0.16733154427497329 0.0079950939108764385
239 151 3 0.15933645036409685 0.01874533298794534
0 152 0 0.053428268284362666 0.0010415011767162599
8 152 0 0.054299271640971598 0.0017438652810862348
16 152 0 0.056043136922057833 0.0026205476457092577
24 152 0 0.058663684567767091 0.0035032209345350132
32 152 0 0.062166905502302104 0.0043943751813867796
40 152 0 0.066561280683688884 0.0052969417351160925
48 152 0 0.071858222418804976 0.0062144389169543207
56 152 0 0.078072661335759297 0.0071512130238535476
64 152 0 0.085223874359612845 0.0081130736550583255
72 152 0 0.09333694801467117 0.0091092179077244678
80 152 0 0.10244616592239564 0.010158317108605555
88 152 0 0.11260448303100119 0.011311827753490225
96 152 0 0.12391631078449142 0.0127010749328893
104 152 0 0.13661738571738072 0.013876202473170091
112 152 1 0.14937828948724605 0.012760903769865328
116 152 2 0.15613420302591599 0.0072095547397824089
118 152 3 0.16000286640689312 0.010293290496150853
119 152 3 0.16740443067144206 0.018326113220745899
120 152 2 0.18573054389218796 0.016420030706422228
122 152 2 0.20215057459861019 0.016420030706422228
124 152 3 0.21500526892325603 0.012854694324645838
125 152 3 0.2256602092915839 0.015604394370151153
126 152 3 0.24126460366173505 0.017858504669427039
127 152 3 0.25912310833116209 0.023773228288832382
128 152 0 0.28289633661999447 0.016756626296520249
136 152 0 0.29722040897063501 0.014324072350640538
144 152 0 0.3088125827540309 0.011592173783395887
152 152 0 0.31778624611162942 0.008973663357598527
160 152 0 0.3241419249508018 0.0090181398852047234
168 152 0 0.32783887870866357 0.0090547619170050497
176 152 0 0.3288531031402725 0.0091006343303198234
184 152 0 0.32718242456085367 0.0091595996847343986
192 152 0 0.32284482331311315 0.0091994901012256713
200 152 0 0.31585226667682337 0.0096503672943367702
208 152 0 0.3062018993824866 0.012022670004302072
216 152 0 0.29417922937818453 0.013467446636768299
224 152 1 0.27801803845204442 0.016161190926140101
228 152 2 0.26130395445528054 0.016714083996763884
230 152 3 0.24574236158130497 0.015561592873975572
231 152 3 0.23227779359493839 0.013472912097750006
232 152 2 0.21880488149718838 0.016156920864368568
234 152 3 0.20227239293709279 0.016532488560095593
235 152 3 0.18807817081677267 0.014194222120320121
236 152 1 0.1750092106492562 0.015535506641410401
240 152 3 0.15699712804961272 0.018012082599643486
241 152 3 0.15000560291041623 0.009414485534264716
242 152 2 0.14704679988801161 0.0064556825118601002
244 152 1 0.14180713078110416 0.011032169697426319
248 152 0 0.13077496108367784 0.012960157970897945
256 152 0 0.11811008585657103 0.012664875227106812
264 152 0 0.10634655734836231 0.01176352850820872
272 152 0 0.095542593224887132 0.010803964123475174
280 152 0 0.085642910461531205 0.009899682763355927
288 152 0 0.07657844934633784 0.0090644611151933646
296 152 0 0.06828589691662168 0.0082925524297161601
304 152 0 0.060709816208017658 0.0075760807086040216
312 152 0 0.053801528753682472 0.0069082874543351866
320 152 0 0.047517496159714373 0.0062840325939680988
328 152 0 0.041817807865843749 0.0056996882938706236
336 152 0 0.036665002017876418 0.0051528058479673317
344 152 0 0.032023275433653513 0.004641726584222905
352 152 0 0.027858023761032028 0.0041652516726214846
360 152 0 0.02413561253324471 0.0037224112277873186
368 152 0 0.020823292995113801 0.003312319538130909
376 152 0 0.017889206686268186 0.0029340863088456147
384 152 0 0.015302447308824541 0.002586759377443645
392 152 0 0.013033161767618788 0.0022692855412057532
400 152 0 0.011052677418481635 0.0019804843491371526
408 152 0 0.0093336439923819101 0.001719033426099725
416 152 0 0.0078501794190862333 0.0014834645732956769
424 152 0 0.0065780101122861053 0.0012721693068001279
432 152 0 0.0054945983247847979 0.0010834117875013075
440 152 0 0.0045792516041055411 0.00091534672067925676
448 152 0 0.0038132117914534492 0.00076603981265209193
456 152 0 0.0031797231365328122 0.00063348865492063701
464 152 0 0.002664080803956137 0.00051564233257667515
472 152 0 0.0022536622772231941 0.00041041852673294292
480 152 0 0.0019379449339586709 0.00031571734326452322
488 152 0 0.0017085134106037956 0.00022943152335487527
496 152 0 0.0015590603484456249 0.00014945306215817067
504 152 0 0.0014853837737776414 7.3676574667983505e-05
118 153 3 0.16668464912450368 0.010550446098587685
119 153 3 0.17408621338905261 0.011644330503135347
124 153 3 0.2181618738199447 0.016011299221334513
125 153 3 0.23232521636903355 0.015283697994437795
126 153 3 0.24760891436347135 0.01658776407035642
127 153 3 0.26419667843382777 0.018699658186166701
230 153 3 0.24883954850677609 0.012464405948504453
231 153 3 0.23764581112817548 0.018840929630987102
234 153 3 0.20420880150125392 0.014612831886597122
235 153 3 0.1895959696146568 0.014612831886597122
240 153 3 0.16236441779353028 0.012644792855725923
241 153 3 0.15537289265433379 0.0083260927663221795
116 154 2 0.1618475083651609 0.014590687673702141
118 154 2 0.17643819603886304 0.015797984320820413
120 154 2 0.19223618035968346 0.016552802567003422
122 154 2 0.20878898292668688 0.016552802567003422
124 154 3 0.22305524075151043 0.014707587755617146
125 154 3 0.23776282850712757 0.01478626576562278
126 154 3 0.25254909427275035 0.01478626576562278
127 154 3 0.26706747011653242 0.015828866503462047
228 154 2 0.26540983494592907 0.014806284702311434
230 154 2 0.25060355024361763 0.016184064805688181
232 154 3 0.23167234706234274 0.018931203181274892
233 154 3 0.2200597826702661 0.013939624579558135
234 154 3 0.20612015809070797 0.015067104868127346
235 154 3 0.19105305322258062 0.016043842573324418
240 154 2 0.16205772340752145 0.012951487241734755
242 154 2 0.15304905689780818 0.011241926116704021
124 155 3 0.22740219823806365 0.018613215311376774
125 155 3 0.24302016424136566 0.015617966003302008
126 155 3 0.25766150078315242 0.014641336541786759
127 155 3 0.26853941822618438 0.014356918393810092
232 155 3 0.23716662381351619 0.013574032946072623
233 155 3 0.22359259086744357 0.014476077062314185
234 155 3 0.20911651380512938 0.015664838296473027
235 155 3 0.19345167550865636 0.018442464859400154
112 156 1 0.15160888689385557 0.014991501176474853
116 156 2 0.16521477598841219 0.015762302186846211
118 156 2 0.1809770781752584 0.016631809606896752
120 156 2 0.19760888778215516 0.016631809606896752
122 156 3 0.21002708773451462 0.01241819995235946
123 156 3 0.22021919215649752 0.014424332760495401
124 156 3 0.23464352491699292 0.014513754527313044
125 156 3 0.24915727944430596 0.017288542555992353
126 156 2 0.26644582200029832 0.016450514619696155
224 156 1 0.28340552703078814 0.010773702347396386
228 156 2 0.27143509687717809 0.012345372229819684
230 156 2 0.25908972464735841 0.014383141762614071
232 156 3 0.24274112660284242 0.016348598044515994
233 156 3 0.2279769072304261 0.014764219372416315
234 156 3 0.21325796188650567 0.014718945343920431
235 156 3 0.19859174482273731 0.014666217063768361
236 156 2 0.18563216850135311 0.014657111258559258
238 156 2 0.1748353712372131 0.013612302171728125
240 156 1 0.16122306906548498 0.015559961737437539
244 156 1 0.14566310732804744 0.015559961737437539
122 157 3 0.21339778390414485 0.015788896121989693
123 157 3 0.22732087383939001 0.014379362781747396
124 157 3 0.2417002366211374 0.014379362781747396
125 157 3 0.25242767030493068 0.014018151695367631
232 157 3 0.24667203916664626 0.01440842835963782
233 157 3 0.23226361080700844 0.014962311326004007
234 157 3 0.21730129948100443 0.015314484783917004
235 157 3 0.20198681469708743 0.016354646195734318
116 158 2 0.16624878188617487 0.014639894992319297
118 158 3 0.17921726010998273 0.012968478223807867
119 158 3 0.18953822066879245 0.015637229478028009
120 158 2 0.20517545014682045 0.01492525013971932
122 158 3 0.21854655225965738 0.015329541192294016
123 158 3 0.2338760934519514 0.018442710932517342
124 158 2 0.25231880438446874 0.016764301998853481
126 158 2 0.26864968173974529 0.016330877355276552
228 158 2 0.27754691739145188 0.0081999117285041501
230 158 2 0.26934700566294772 0.016354472574016066
232 158 3 0.25253283466629417 0.016814170996653555
233 158 3 0.23705007101500081 0.015482763651293363
234 158 3 0.22164974200021403 0.015400329014786773
235 158 3 0.2063822639846061 0.015267478015607933
236 158 2 0.19226679425463952 0.015716384626541208
238 158 2 0.17737101200333391 0.016147942937848936
118 159 3 0.18005047843482239 0.013801696548647518
119 159 3 0.19271817046444281 0.012667692029620425
122 159 3 0.22165484831342214 0.016479398166601683
123 159 3 0.23723291131927909 0.015578063005856957
232 159 3 0.25699888530608994 0.015300930730343359
233 159 3 0.24169795457574658 0.015881513052765528
234 159 3 0.22581644152298105 0.016232347745225667
235 159 3 0.20958409377775539 0.017317299523115864
0 160 0 0.054170419655745705 0.0008891366214775695
8 160 0 0.055059556277223275 0.0017807068469204157
16 160 0 0.05684026312414369 0.0026773075799510493
24 160 0 0.05951757070409474 0.003581876363520857
32 160 0 0.063099447067615597 0.0044978976247484204
40 160 0 0.067597344692364017 0.0054296461713013305
48 160 0 0.073026990863665348 0.006382453435608601
56 160 0 0.079409444299273949 0.0073629667984216884
64 160 0 0.086772411097695637 0.0083794958437936468
72 160 0 0.095151906941489284 0.0094431670336843077
80 160 0 0.10459507397517359 0.010573113740406384
88 160 0 0.11516818771557998 0.011818802815408716
96 160 0 0.12698699053098869 0.01331592535998774
104 160 0 0.14030291589097643 0.015102331273350034
112 160 1 0.15443663495437585 0.014820512563835098
116 160 2 0.16839456905531816 0.01425739767713019
118 160 3 0.18196817400856935 0.014078249331136716
119 160 3 0.19604642333970607 0.015517228987925735
120 160 2 0.2115636523276318 0.015253409613405239
122 160 3 0.22558550116978052 0.015413901655707163
123 160 3 0.24099940282548768 0.016666502104686093
124 160 2 0.25766590493017377 0.015449475076517782
126 160 2 0.27260322649729951 0.01675448774610927
128 160 0 0.28935771424340878 0.016530727880398111
136 160 0 0.3035152455118359 0.014157531268427115
144 160 0 0.31512378506559707 0.011608539553761177
152 160 0 0.3241419249508018 0.0090181398852047234
160 160 0 0.33053528588788095 0.0063933609370791511
168 160 0 0.33426998350893317 0.0064311048002695936
176 160 0 0.3353257301383048 0.0064726269980323048
184 160 0 0.33369818783251953 0.0065157632716658642
192 160 0 0.32939589426950433 0.0069640773619260021
200 160 0 0.32243181690757833 0.0096086755245765598
208 160 0 0.31282314138300177 0.012206518690600299
216 160 0 0.30061662269240147 0.014915144455437679
224 160 0 0.28570147823696379 0.016707535458096168
232 160 3 0.26435250383783948 0.02134897439912431
233 160 3 0.24686830150769593 0.017484202330143556
234 160 3 0.230283318723183 0.016584982784512925
235 160 3 0.21382791755711608 0.016455401166066919
236 160 2 0.19794189704886586 0.017700866373474899
238 160 2 0.18104966933908467 0.016892227709781188
240 160 1 0.16526731109585638 0.017009556214448912
244 160 1 0.14867514899702849 0.016592162098827884
248 160 0 0.13425704171379829 0.014745879074580359
256 160 0 0.12087954900562618 0.013377492708172109
264 160 0 0.1086580978620976 0.012221451143528586
272 160 0 0.09749141978880925 0.011166678073288347
280 160 0 0.087290535560752225 0.010200884228057025
288 160 0 0.077974810438826814 0.0093157251219254111
296 160 0 0.069472475051546759 0.008502335387280055
304 160 0 0.06172056159618157 0.0077519134553651892
312 160 0 0.054664044066086333 0.0070565175300952368
320 160 0 0.048254312535302532 0.0064097315307838007
328 160 0 0.042447486266481711 0.0058068262688208208
336 160 0 0.03720299099064879 0.0052444952758329208
344 160 0 0.032482557546027545 0.0047204334446212456
352 160 0 0.028249602819213463 0.0042329547268140817
360 160 0 0.02446888474462746 0.0037807180745860029
368 160 0 0.02110633286206633 0.0033625518825611302
376 160 0 0.018128989262521975 0.0029773435995443555
384 160 0 0.015505022505853993 0.0026239667566679819
392 160 0 0.013203792477692513 0.0023012300281614797
400 160 0 0.011195950435518883 0.0020078420421736302
408 160 0 0.0094535605899468012 0.0017423898455720815
416 160 0 0.0079502307719109769 0.0015033298180358243
424 160 0 0.0066612414267987578 0.0012889893451122191
432 160 0 0.0055636645195454287 0.0010975769072533292
440 160 0 0.0046364666062685238 0.00092719791327690489
448 160 0 0.0038605929448539003 0.00077587366141462343
456 160 0 0.0032190318074866186 0.00064156113736728174
464 160 0 0.0026968599841574576 0.00052217182332916102
472 160 0 0.0022812717875902114 0.00041558819656724614
480 160 0 0.0019615947038996132 0.00031967708369059827
488 160 0 0.0017292952247076943 0.00023229947919191883
496 160 0 0.001577978402485309 0.00015131682222238531
504 160 0 0.0015033843532750626 7.459404921024643e-05
118 161 3 0.18333575945632735 0.014941190401009191
119 161 3 0.19787743236128361 0.014541672904956254
122 161 3 0.22804862271229356 0.016484970384661762
123 161 3 0.24343345688182427 0.015384834169530709
232 161 3 0.26777294003753532 0.017928538199428468
233 161 3 0.25107908542298368 0.01669385461455164
234 161 3 0.23456804216420529 0.017110432876639853
235 161 3 0.21745760928756544 0.019515712238699578
116 162 2 0.1701197259811037 0.015683091026727852
118 162 3 0.18505923558236556 0.015448258369081924
119 162 3 0.20050749395144749 0.016517882882641804
120 162 2 0.21702537683408929 0.015775658294309158
122 162 3 0.23153798378029675 0.015403369701184333
123 162 3 0.24694135348148108 0.016254018228153394
124 162 2 0.26319537170963447 0.014964258875013792
126 162 2 0.27440881106603415 0.014948903177374628
232 162 3 0.26988879675149413 0.01581268148546966
233 162 3 0.2550448739849499 0.015647170057926291
234 162 3 0.23939770392702361 0.015951469594410767
235 162 3 0.22344623433261285 0.015951469594410767
236 162 3 0.20807537919510491 0.015370855137507938
237 162 3 0.19724494403629003 0.013740878754764124
238 162 2 0.18350406528152591 0.018236754185669529
118 163 3 0.18623171573497355 0.016111989753869849
119 163 3 0.20201321488722637 0.015781499152252826
122 163 3 0.23406408647650012 0.017038709642410832
123 163 3 0.24952087218776031 0.01545678571126019
232 163 3 0.27096506323109276 0.014736415005871029
233 163 3 0.25974995173125026 0.015274905121433091
234 163 3 0.24447504660981717 0.015669854215655504
235 163 3 0.22880519239416167 0.015669854215655504
236 163 3 0.21362675458702429 0.015178437807137374
237 163 3 0.19942204494545882 0.015917979663932907
112 164 1 0.15637385937427706 0.016070943483300626
116 164 2 0.17188763887406253 0.016146654449664927
118 164 3 0.18769282132086695 0.016541219805247864
119 164 3 0.20423404112611482 0.017979508680293604
120 164 2 0.22221354980640842 0.017958039128013387
122 164 3 0.23809976885245396 0.015886219046045535
123 164 3 0.25380492226591644 0.018343031678437982
124 164 1 0.27214795394435443 0.018247087517779093
232 164 2 0.26844871126383069 0.017252766973133105
234 164 3 0.24988840977386753 0.018560301489963155
235 164 3 0.23362125455978935 0.016267155214078177
236 164 3 0.21816021917697695 0.015461035382812405
237 164 3 0.20327514692128779 0.014885072255689163
238 164 2 0.18924783350673877 0.015505505569596595
240 164 2 0.17397943772445085 0.015268395782287919
242 164 2 0.16315781003968344 0.013827117459954658
244 164 1 0.14933069257972878 0.015073650865930488
118 165 3 0.18837576532658792 0.016586501096032435
119 165 3 0.20496226642262036 0.017251283383788063
122 165 3 0.24224340901638966 0.020029859209981238
123 165 3 0.25537228156834291 0.016775672376011519
234 165 3 0.25294720414193234 0.01550150712189835
235 165 3 0.2375775187867718 0.015506026467284467
236 165 3 0.22207149231948733 0.015839961088104398
237 165 3 0.20623153123138294 0.01698369772464417
116 166 2 0.17290476697969262 0.016530907605415562
118 166 3 0.18891791625566387 0.016053339451279403
119 166 3 0.20497125570694327 0.016053339451279403
120 166 3 0.22043273900956317 0.015461483302619899
121 166 3 0.23315755367203583 0.020055577263985158
122 166 2 0.25321313093602099 0.018934823008333435
232 166 2 0.27103740792265879 0.014664070314305
234 166 3 0.25581132420613589 0.015226083716522898
235 166 3 0.24161459767441806 0.015345956827739482
236 166 3 0.22626864084667858 0.015977332095192393
237 166 3 0.21029130875148619 0.015977332095192393
238 166 2 0.19462656980567178 0.01751708643610328
240 166 2 0.17814835585672312 0.016478213948948661
242 166 2 0.16398072161023655 0.014650029030507772
118 167 3 0.18937684198613336 0.01647207500644074
119 167 3 0.20551760042976272 0.016140758443629361
120 167 3 0.22132417182746303 0.015806571397700309
121 167 3 0.23669958445281339 0.016513546483207603
234 167 3 0.25758180684585763 0.01345560107680116
235 167 3 0.24674336184795703 0.015696424643402873
236 167 3 0.23104693720455416 0.017050933472490232
237 167 3 0.21399600373206393 0.019369433926392149
0 168 0 0.054593768223219048 0.00089975569245344389
8 168 0 0.055493523915672492 0.0018023080392009228
16 168 0 0.057295831954873415 0.0027106604340124824
24 168 0 0.060006492388885897 0.0036282529251695853
32 168 0 0.063634745314055483 0.0045592370878288491
40 168 0 0.068193982401884332 0.0055087994006844526
48 168 0 0.073702781802568784 0.0064834743458151156
56 168 0 0.0801862561483839 0.0074912737020575576
64 168 0 0.087677529850441457 0.0085413901354217114
72 168 0 0.096218919985863169 0.009643692038197052
80 168 0 0.10586261202406022 0.01081208935798679
88 168 0 0.11667470138204701 0.012098094574361659
96 168 0 0.12877279595640867 0.013727046159680234
104 168 0 0.1424998421160889 0.016038419150114336
112 168 1 0.15812690767163154 0.016320454789457317
116 168 2 0.17408745420951105 0.016295019455932563
118 168 3 0.19012338559527875 0.016219504800416118
119 168 3 0.20634289039569487 0.01623865889590359
120 168 3 0.22258154929159846 0.016448554786382408
121 168 3 0.23903010407798087 0.017616727746906813
122 168 2 0.25664683182488768 0.018534237071839932
124 168 1 0.27518106889672761 0.017774513569414729
128 168 0 0.29295558246614234 0.017007679023986533
136 168 0 0.30715127117481988 0.014195688708677545
144 168 0 0.31878411679165852 0.011632845616838638
152 168 0 0.32783887870866352 0.0090547619170049942
160 168 0 0.33426998350893317 0.0064311048002696491
168 168 0 0.33804149674232797 0.0037715132333948076
176 168 0 0.33913293378628251 0.0038072036479777083
184 168 0 0.33753829288567555 0.0042749990661644643
192 168 0 0.33326329381951109 0.0069414795763471648
200 168 0 0.32632181424316392 0.0095868179486005567
208 168 0 0.31673499629456336 0.012199295103871244
216 168 0 0.30453570119069212 0.01476309496316891
224 168 0 0.28977260622752321 0.017040091323099804
232 168 2 0.2730171828629725 0.016755423364550714
234 168 2 0.25666967650045874 0.017728016032831251
236 168 3 0.23712647438600618 0.019543202114452568
237 168 3 0.21997400952427562 0.017152464861730554
238 168 3 0.20424948090000838 0.015724528624267237
239 168 3 0.19340543162499077 0.013500359443777921
240 168 2 0.17990507218121285 0.01468614432935969
242 168 2 0.16521892785185316 0.01468614432935969
244 168 1 0.15065091711143133 0.015107959939557825
248 168 0 0.1361354518751719 0.01484389436927766
256 168 0 0.12250166470210036 0.013633787173071538
264 168 0 0.11003062121812464 0.012471043483975722
272 168 0 0.098646776422318505 0.011383844795806133
280 168 0 0.088263090417884771 0.010383686004433734
288 168 0 0.078795522006728916 0.009467568411155855
296 168 0 0.070167278008814296 0.0086282439979146197
304 168 0 0.062310486001062683 0.0078567920077516132
312 168 0 0.055166018542870163 0.0071444674581925202
320 168 0 0.048682045551868336 0.0064839729910018268
328 168 0 0.042812198475814883 0.0058698470760534527
336 168 0 0.037513969190881666 0.0052982292849332174
344 168 0 0.032747565126202735 0.0047664040646789307
352 168 0 0.028475186679949593 0.0042723784462531424
360 168 0 0.024660608391813114 0.003814578288136479
368 168 0 0.021268955653181137 0.003391652738631977
376 168 0 0.018266605468918784 0.0030023501842623528
384 168 0 0.015621170039196556 0.0026454354297222281
392 168 0 0.013301538687842642 0.0023196313513539138
400 168 0 0.011277960655493469 0.0020235780323491735
408 168 0 0.0095221537732483093 0.0017558068822451593
416 168 0 0.0080074255114153114 0.0015147282618329979
424 168 0 0.0067087948079272439 0.0012986307034880675
432 168 0 0.0056031056112543203 0.0011056891966729236
440 168 0 0.0046691259026760187 0.00093397970857830165
448 168 0 0.0038876287091640905 0.00078149719351192819
456 168 0 0.0032414540105932745 0.000646174698570816
464 168 0 0.0027155523484997182 0.00052590166209355626
472 168 0 0.0022970123223449591 0.00041854002615475915
480 168 0 0.0019750750345902688 0.00032193728775469031
488 168 0 0.0017411389666925888 0.00023393606789768001
496 168 0 0.0015887587944933049 0.00015238017219928383
504 168 0 0.0015136413474785445 7.5117447014760473e-05
118 169 3 0.19064156173560848 0.016554107526097428
119 169 3 0.20709257305280512 0.016469699767810708
120 169 3 0.22356227282061583 0.016554347571854838
121 169 3 0.24011662039247067 0.016554347571854838
236 169 3 0.24075684654924878 0.016284306836250123
237 169 3 0.22447253971299866 0.016284306836250123
238 169 3 0.20894817624484321 0.015524363468155444
239 169 3 0.1948041491579196 0.014899076976706754
116 170 2 0.17480727071266663 0.016680363041035096
118 170 3 0.19121721507289766 0.016548693492482447
119 170 3 0.2077659085653801 0.016624223767117807
120 170 3 0.22439013233249791 0.016759849844230124
121 170 3 0.24114998217672803 0.017130976009835569
122 170 2 0.2582809581865636 0.016900110710164007
232 170 2 0.27429805371374094 0.015474552513782269
234 170 2 0.2622921682607276 0.016195732201171653
236 170 3 0.24469369143865538 0.017598476822072218
237 170 3 0.22814959707796983 0.016544094360685546
238 170 3 0.21221200769956927 0.015937589378400563
239 170 3 0.19691494991866401 0.01529705778090526
240 170 2 0.18204367673813934 0.015744850488014162
242 170 2 0.16629882625012518 0.015744850488014162
118 171 3 0.19160766738531512 0.016800396672648488
119 171 3 0.20830494274864461 0.016707805856613162
120 171 3 0.22501274860525777 0.016720429575908607
121 171 3 0.24173317818116638 0.016720429575908607
236 171 3 0.24749918068045648 0.016357543806091696
237 171 3 0.23114163687436479 0.016379005381760542
238 171 3 0.21476263149260424 0.016379005381760542
239 171 3 0.19854320001565323 0.016499523277513889
112 172 1 0.15894961486077494 0.016691187108419187
116 172 2 0.17547079395014692 0.016715349900292747
118 172 3 0.19205432479094706 0.016719519885205564
119 172 3 0.20877384467615262 0.016778189861198473
120 172 3 0.22555203453735109 0.01685686323773769
121 172 3 0.24240889777508878 0.01709528030806412
122 172 2 0.2595041780831529 0.0172105599044311
124 172 1 0.276714737987584 0.016926222489879628
232 172 1 0.27180741152049015 0.017965194707033061
236 172 3 0.25177630648460775 0.020031105035882402
237 172 3 0.23405085569621947 0.017725450788388275
238 172 3 0.21705292956728059 0.016997926128938884
239 172 3 0.20037433506244418 0.016678594504836414
240 172 2 0.18410459718455935 0.016925895882374198
242 172 2 0.16731034628858416 0.016794250895975193
244 172 1 0.15130777537746778 0.016195019298325869
118 173 3 0.19231796290993228 0.016847168959785358
119 173 3 0.20912394175266 0.016817102709644344
120 173 3 0.22594104446230434 0.016823651320709343
121 173 3 0.24276469578301368 0.016823651320709343
236 173 3 0.25363275250669182 0.018174659013798333
237 173 3 0.23609399262624139 0.017538759880450422
238 173 3 0.2188846696693405 0.017209322956900891
239 173 3 0.20168665107142289 0.017582053886863541
116 174 2 0.17581080998824133 0.016861195127466394
118 174 3 0.1925757912346123 0.016826771269989022
119 174 3 0.20940256250460132 0.016848866299310927
120 174 3 0.22625142880391225 0.016871143042776954
121 174 3 0.2431225718466892 0.016950281065566647
122 174 2 0.26007285291225585 0.016852172200445298
236 174 3 0.25471700994790702 0.017090401572583125
237 174 3 0.23763285432173145 0.017108267903085034
238 174 3 0.22052458641864642 0.017283381896318978
239 174 3 0.20324120452232744 0.017447611290728471
240 174 2 0.18579359323159897 0.018218120266585841
242 174 2 0.16769524306300315 0.018098350168595817
118 175 3 0.19272528193802163 0.016914471949780296
119 175 3 0.20959887129579421 0.016873589357772584
120 175 3 0.22646731762400768 0.016868446328213466
121 175 3 0.2433187895769319 0.016851471952924219
236 175 3 0.25564207237112896 0.016650867480964865
237 175 3 0.23899120489016409 0.016868656083692646
238 175 3 0.22212254880647145 0.017340326332429296
239 175 3 0.20478222247404215 0.018988629242443184
0 176 0 0.05468595564294447 0.00090244254854887629
8 176 0 0.055588398191493346 0.0018078005478066178
16 176 0 0.057396198739299964 0.002719218302237876
24 176 0 0.06011541704153784 0.0036403270115568029
32 176 0 0.063755744053094643 0.004575557418082743
40 176 0 0.068331301471177386 0.0055305045725998481
48 176 0 0.073861806043777234 0.0065122539986346289
56 176 0 0.080374060042411863 0.0075294197468282198
64 176 0 0.087903479789240083 0.0085915664423191485
72 176 0 0.096495046231559231 0.009708368721190061
80 176 0 0.10620341495274929 0.010893150878181893
88 176 0 0.11709656583093118 0.012194493801746684
96 176 0 0.12929105963267787 0.013813758264495629
104 176 0 0.1431048178971735 0.016086323686653747
112 176 1 0.1593260162895761 0.016718142822782195
116 176 2 0.17604716757082214 0.016848032430429122
118 176 3 0.19286964237617027 0.016870895820681436
119 176 3 0.20974053819685171 0.01688763921387329
120 176 3 0.226628177410725 0.016901735844217308
121 176 3 0.2435299132549423 0.01695668443541834
122 176 2 0.26048659769036064 0.016939630680035511
124 176 1 0.27742622837039616 0.016925234145097612
128 176 0 0.29390714601041307 0.016661028952323464
136 176 0 0.30808131119798621 0.01417416518757314
144 176 0 0.31975246880995267 0.011671157611966465
152 176 0 0.32885310314027244 0.0091006343303197679
160 176 0 0.33532573013830475 0.0064726269980323048
168 176 0 0.33913293378628251 0.0038072036479777638
176 176 0 0.34025444665627103 0.0015705302554234191
184 176 0 0.33868391640084766 0.0042572959950573641
192 176 0 0.3344266204057903 0.006928459523039221
200 176 0 0.32749816088275108 0.0095733920224677083
208 176 0 0.31792476886028337 0.012179662005096847
216 176 0 0.30574510685518652 0.014730474841351926
224 176 0 0.2910146320138346 0.017149845515392226
232 176 1 0.27388778113426798 0.017126850879566613
236 176 3 0.25689272724458223 0.016995053889685752
237 176 3 0.24034903147693565 0.016543695767646582
238 176 3 0.22395665665893413 0.016392374818001515
239 176 3 0.20777583413294851 0.016180822525985628
240 176 3 0.19247474078176299 0.015301093351185513
241 176 3 0.18147307073316299 0.014874371185364971
242 176 2 0.16659869954779802 0.015226739921513965
244 176 1 0.15137195962628405 0.015066380009615216
248 176 0 0.13659461121215197 0.014718680286402441
256 176 0 0.12293394507497438 0.013660666137177591
264 176 0 0.1104029814630955 0.012530963611878873
272 176 0 0.098957313900197616 0.011445667562897888
280 176 0 0.088520150568609124 0.010437163331588492
288 176 0 0.07900878357143068 0.0095113669971784442
296 176 0 0.070344995636393071 0.008663787935037609
304 176 0 0.062459191327298873 0.0078858043090941979
312 176 0 0.055290838182183055 0.0071683531451158175
320 176 0 0.048787048730662488 0.0065037894515205669
328 176 0 0.042900659935576249 0.0058863887950862392
336 176 0 0.037588555118588954 0.0053121048169872953
344 176 0 0.032810466440617803 0.0047780886779711512
352 176 0 0.028528217799612371 0.0042822486410054317
360 176 0 0.024705282431362233 0.0038229353682501382
368 176 0 0.021306542562831855 0.0033987398685303774
376 176 0 0.01829817732133545 0.0030083652414964052
384 176 0 0.015647636461902141 0.0026505408594333091
392 176 0 0.013323674724699744 0.0023239617372023975
400 176 0 0.011296428840757749 0.0020272458839419947
408 176 0 0.0095375218100372632 0.0017589070307204857
416 176 0 0.00802018062693482 0.0015173411831024431
424 176 0 0.0067193555983807909 0.0013008250285540292
432 176 0 0.0056118319838738525 0.0011075236145069384
440 176 0 0.0046763275644371768 0.00093550441943667569
448 176 0 0.0038935725339685691 0.00078275503046860767
456 176 0 0.0032463705310563622 0.00064720200291220687
464 176 0 0.002719641557515147 0.00052672897354121527
472 176 0 0.0023004489269630233 0.00041919263055212362
480 176 0 0.0019780132753873551 0.00032243565157566824
488 176 0 0.0017437170958982968 0.00023429617948905832
496 176 0 0.0015911032928624168 0.00015261380303587999
504 176 0 0.0015158709512374025 7.5232341625014248e-05
118 177 3 0.19292075762633223 0.016885709208776051
119 177 3 0.20980646683510829 0.016896997901902272
120 177 3 0.22670346473701056 0.016900402343489496
121 177 3 0.24360386708050005 0.016900402343489496
236 177 3 0.25753735620101065 0.016350424933257335
237 177 3 0.24134396437459169 0.016193391826418962
238 177 3 0.22534685062504431 0.015997113749547376
239 177 3 0.20968588551827319 0.015660965106771119
240 177 3 0.19472345321150877 0.014962432306764417
241 177 3 0.18096329146007906 0.014364591912281038
116 178 2 0.17604115065389445 0.016844568765639889
118 178 3 0.1929158057002161 0.016887225465386235
119 178 3 0.20980303116560234 0.016901604763467304
120 178 3 0.22670463592906964 0.016909138818758523
121 178 3 0.24361377474782817 0.016909138818758523
122 178 2 0.26051539076023644 0.016933301141673185
236 178 3 0.25788536831770908 0.016002412816558897
237 178 3 0.2419562855146187 0.015929082803090383
238 178 3 0.22619551334485738 0.015760772169761322
239 178 3 0.21071225157894832 0.015483261765909057
240 178 3 0.19564244737325906 0.015069804205689263
241 178 3 0.18100846585835992 0.014730486134359427
242 178 2 0.16627797972400049 0.014906020097716438
118 179 3 0.19285563313885257 0.016872653356343442
119 179 3 0.20972828649519601 0.016900300453717848
120 179 3 0.22662858694891386 0.016921817540384521
121 179 3 0.24355040448929838 0.016964986270938065
236 179 3 0.25804056684887478 0.015847214285393207
237 179 3 0.24224918208578416 0.01579138476309061
238 179 3 0.22660220686740432 0.015646975218379849
239 179 3 0.21117529255913756 0.015426914308266759
240 179 3 0.19601871283071307 0.015156579728424491
241 179 3 0.18110346312499154 0.014915249705721528
112 180 1 0.15905626687807842 0.016538060636226676
116 180 2 0.17579818007647141 0.016808979187969197
118 180 3 0.19269567891545769 0.01689749883898628
119 180 3 0.20957018839892905 0.01689231971398536
120 180 3 0.22646250811291441 0.016901480394049789
121 180 3 0.2433639885069642 0.016901480394049789
122 180 2 0.26020613897604511 0.016944871285558383
124 180 1 0.27706600574578305 0.01714733914165717
232 180 1 0.27384179186261676 0.017172840151217839
236 180 3 0.258040079388826 0.015801712473790752
237 180 3 0.24228116233374275 0.015758917055083255
238 180 3 0.22666615752842237 0.015615004805320382
239 180 3 0.21125646375319687 0.015409693775225497
240 180 3 0.19607236007909271 0.015184103674104166
241 180 3 0.18107114054620649 0.015001219532886217
242 180 2 0.16613094993822691 0.014876673408593666
244 180 1 0.15125462337082474 0.014784411478265647
118 181 3 0.19251863961342355 0.016821351648115657
119 181 3 0.20933999126153921 0.016880175321596164
120 181 3 0.22622016658313537 0.016938380290873856
121 181 3 0.24315854687400923 0.01704759210203588
236 181 3 0.25791314484703126 0.015928647015585495
237 181 3 0.24207972095395783 0.015833423893073434
238 181 3 0.2264350303929358 0.015644690561022023
239 181 3 0.21103154637436011 0.015403484018575692
240 181 3 0.19588253130659683 0.015149015067763283
241 181 3 0.18094410614743464 0.014938425159162189
116 182 2 0.1753904749521388 0.016641435064751603
118 182 3 0.19220172343912215 0.016811248486983343
119 182 3 0.2089980535593762 0.016855870903674935
120 182 3 0.22585392446305114 0.016912785740873515
121 182 3 0.24276671020392465 0.016912785740873515
122 182 2 0.25963119423220671 0.017434811513576343
236 182 3 0.25761682787815593 0.016224963984460827
237 182 3 0.24161695117628487 0.015999876701871057
238 182 3 0.22589410600080989 0.015722845175474981
239 182 3 0.21049201243652318 0.015402093564286706
240 182 3 0.19543578115608143 0.015056231280441756
241 182 3 0.18066325511263745 0.014772526043443979
242 182 2 0.16594711975995385 0.014692496389129117
118 183 3 0.19186209659465869 0.01668301696816335
119 183 3 0.20854511356282204 0.016821509970906645
120 183 3 0.22536662353372869 0.016981034887154273
121 183 3 0.24234765842088296 0.017283535811323747
236 183 3 0.25702610597765191 0.016815685884964848
237 183 3 0.24081348899239285 0.016212616985259054
238 183 3 0.22497519612362554 0.015838292868767312
239 183 3 0.20955758413019598 0.015417611993429559
240 183 3 0.19466665610291517 0.014890928027280814
241 183 3 0.18029918384114568 0.014367472261769487
0 184 0 0.054442067423740262 0.00089706115147157595
8 184 0 0.055339128575211838 0.0017969013925305116
16 184 0 0.057136029967742349 0.0027025279202169891
24 184 0 0.059838557887959339 0.0036174367248516179
32 184 0 0.063455994612810956 0.0045459324361323133
40 184 0 0.06800192704894327 0.0054934979989968991
48 184 0 0.073495425047940169 0.0064670979103369497
56 184 0 0.079962522958277119 0.0074751155050950396
64 184 0 0.087437638463372158 0.0085265647443483195
72 184 0 0.095964203207720478 0.0096300540725445388
80 184 0 0.10559425728026502 0.010796867859669726
88 184 0 0.11639112513993474 0.012064059435425295
96 184 0 0.12845518457536004 0.013564992230580192
104 184 0 0.14202017680594023 0.015531859649847019
112 184 1 0.15809377437837766 0.016086894044392341
116 184 2 0.1745847787194186 0.016491004341040949
118 184 3 0.19127448313187534 0.016689704412456735
119 184 3 0.20790364127436123 0.016753567697268129
120 184 3 0.22465720897162936 0.016894743264445178
121 184 3 0.24155195223607454 0.016894743264445178
122 184 2 0.25835456588379579 0.017190410083552266
124 184 1 0.27554251548040321 0.017987980331461206
128 184 0 0.29187239794184283 0.016956879576163431
136 184 0 0.30625508763466752 0.014382689692824691
144 184 0 0.31802282487611927 0.011767737241451748
152 184 0 0.32718242456085361 0.0091595996847343431
160 184 0 0.33369818783251953 0.0065157632716659197
168 184 0 0.33753829288567555 0.0042749990661644088
176 184 0 0.33868391640084761 0.0042572959950573086
184 184 0 0.33712875158149652 0.0042507594069176036
192 184 0 0.33287799217457892 0.0069284578033118049
200 184 0 0.32594953437126711 0.0095717459609231392
208 184 0 0.31637778841034397 0.012162929115799415
216 184 0 0.30421485929454456 0.014705562283634177
224 184 0 0.28950929701091038 0.017034963414963133
232 184 1 0.27161581829704395 0.017893478713866429
236 184 3 0.25576524532561923 0.016189077670417745
237 184 3 0.23957616765520148 0.016189077670417745
238 184 3 0.22358373206132084 0.015992435593880638
239 184 3 0.20805275607171769 0.015530975989603152
240 184 2 0.18599939792293377 0.014979139932423474
242 184 2 0.16585896798197031 0.014981906706800691
244 184 1 0.15087706127516962 0.015336310389863744
248 184 0 0.1357502503704259 0.014753820187715067
256 184 0 0.12218273564065237 0.013567514729773536
264 184 0 0.10975723266867232 0.012425502971980043
272 184 0 0.098404412542325348 0.011352820126346974
280 184 0 0.088046610316954765 0.010357802225370583
288 184 0 0.078602708096153051 0.0094439022208017143
296 184 0 0.069996140156659586 0.0086065679394934647
304 184 0 0.062158961783394015 0.0078371783732655714
312 184 0 0.055032136624502681 0.0071268251588913339
320 184 0 0.04856401560870157 0.0064681210158011107
328 184 0 0.042708416183634447 0.0058555994250671234
336 184 0 0.037422990805552191 0.0052854253780822563
344 184 0 0.03266808030143948 0.004754910504112711
352 184 0 0.028405997664421812 0.0042620826370176682
360 184 0 0.024600615718471601 0.0038053819459502106
368 184 0 0.021217148529430341 0.0033834671890412595
376 184 0 0.018222055155233619 0.002995093374196723
384 184 0 0.015583024968613626 0.0026390301866199926
392 184 0 0.013269020494850682 0.0023140044737629435
400 184 0 0.011250360586547301 0.0020186599083033812
408 184 0 0.0094988291603407566 0.0017515314262065446
416 184 0 0.0079877961296814862 0.0015110330306592704
424 184 0 0.0066923390282661093 0.0012954571014153768
432 184 0 0.0055893563149907333 0.001102982713275376
440 184 0 0.0046576661589466575 0.00093169015604407587
448 184 0 0.0038780872350561903 0.00077957892389046712
456 184 0 0.0032335004442760489 0.0006445867907801414
464 184 0 0.0027088923697926987 0.00052460807448335024
472 184 0 0.0022913826552502189 0.00041750971454247981
480 184 0 0.0019702383635271398 0.00032114429172307906
488 184 0 0.0017368787935058937 0.00023335957002124617
496 184 0 0.0015848742576638796 0.00015200453584201406
504 184 0 0.0015099420192054794 7.4932238458400155e-05
118 185 3 0.19071211448209727 0.016377135831306899
119 185 3 0.20708925031340417 0.016656548722221276
120 185 3 0.22374579903562544 0.017030560328787081
121 185 3 0.24077635936441252 0.017578206519383271
236 185 3 0.25477708487681616 0.016838733420227792
237 185 3 0.2380846126354367 0.016692472241379458
238 185 3 0.22168144077198565 0.016403171863451055
239 185 3 0.20568939253729948 0.015992048234686168
116 186 2 0.17377655812612139 0.015682783747743734
118 186 3 0.18986569759191102 0.016089139465789631
119 186 3 0.20594846616305179 0.016452825799288612
120 186 3 0.2224012919623404 0.016981352494215646
121 186 3 0.23938264445655605 0.017371859957532099
122 186 2 0.25675450441408815 0.018788011066315058
236 186 3 0.25357753204204159 0.018038286255002367
237 186 3 0.2362473180854788 0.017330213956562784
238 186 3 0.21932021699505064 0.01704637717391011
239 186 3 0.20227383982114053 0.018546570358510373
240 186 2 0.18372726946263016 0.017570257243858661
242 186 2 0.16656777534809644 0.017159494114533713
118 187 3 0.18899272060448949 0.015399616462540539
119 187 3 0.20439233706703003 0.016078824701890981
120 187 3 0.22047116176892101 0.017058984672240374
121 187 3 0.23753014644116138 0.019224357972926764
236 187 3 0.25160543688623788 0.020010381410806077
237 187 3 0.23395153641764982 0.017653900468588057
238 187 3 0.21703187353535749 0.016919662882292325
239 187 3 0.20032121359183711 0.01671065994352039
112 188 1 0.15701029853319681 0.015988837981848414
116 188 2 0.17291877286474786 0.015908474331551042
118 188 3 0.18790445138723916 0.014985678522491303
119 188 3 0.20211352839015678 0.015392453881057283
120 188 3 0.21750598227121407 0.015940083527612586
121 188 3 0.23344606579882665 0.015940083527612586
122 188 3 0.2488440537881263 0.015397987989299644
123 188 3 0.25985792616193343 0.014430595089022169
124 188 1 0.2742885212509556 0.017583876690887235
232 188 2 0.27401480249664278 0.015494494514267598
234 188 2 0.26198452758658614 0.016210186450292458
236 188 3 0.24721343341095051 0.016346044088334594
237 188 3 0.23086738932261591 0.016377978121436321
238 188 3 0.21448941120117959 0.016377978121436321
239 188 3 0.19821571834519464 0.016663055308890534
240 188 2 0.1815526630363041 0.015817111829534714
242 188 2 0.16573555120676939 0.015817111829534714
244 188 1 0.15013107984111229 0.015047121961710486
118 189 3 0.18756206738415188 0.014643294519404021
119 189 3 0.19860998602701055 0.015331099629326411
120 189 3 0.21394108565633696 0.015900527796068015
121 189 3 0.22984161345240497 0.015900527796068015
122 189 3 0.24524599060668562 0.015404377154280641
123 189 3 0.25946748963307553 0.014821031617880065
236 189 3 0.24433524886163685 0.017649278724949286
237 189 3 0.22776270856561026 0.016572540296026589
238 189 3 0.21179896040381568 0.015963748161794578
239 189 3 0.19646465118850082 0.015334309215314867
116 190 2 0.17307950016534263 0.017704834571830752
118 190 2 0.19078433473717338 0.017886454036494193
120 190 3 0.20975754644659111 0.018973211709417737
121 190 3 0.22667405442542429 0.016916507978833178
122 190 3 0.24276256051681963 0.016088506091395338
123 190 3 0.25840193969350933 0.015886581557446267
232 190 2 0.27265089529305847 0.016858401717851912
234 190 2 0.2562576762518472 0.017780260300638645
236 190 3 0.24032073161742756 0.01632227099082087
237 190 3 0.22399846062660669 0.01632227099082087
238 190 3 0.2084368690174189 0.015561591609187797
239 190 3 0.19425733468690096 0.014953309730488529
240 190 2 0.17930402495641243 0.014683172557536234
242 190 2 0.16462085239887619 0.014683172557536234
120 191 3 0.20758403110074405 0.016799696363570676
121 191 3 0.22427754981647077 0.016693518715726718
122 191 3 0.24066218990469321 0.016384640088222435
123 191 3 0.25701488120875543 0.017273640042200167
236 191 3 0.23663410028498955 0.019623575966857654
237 191 3 0.2194248238106731 0.017209276474316443
238 191 3 0.20365240506323551 0.015772418747437594
239 191 3 0.19279116173132518 0.013487136774912756
0 192 0 0.053864702521682808 0.00090094596364829332
8 192 0 0.054748468657118743 0.0017699312866434891
16 192 0 0.056518399943762232 0.0026611000372687571
24 192 0 0.059179499981030989 0.0035603222652512562
32 192 0 0.062739822246282245 0.0044713934967581109
40 192 0 0.067211215743040356 0.0053991993107368741
48 192 0 0.07261041505377723 0.006349959227419058
56 192 0 0.078960374281196288 0.0073309897368695198
64 192 0 0.086291364018065808 0.0083494128677508855
72 192 0 0.094640776885816694 0.009409667736350949
80 192 0 0.10405044462216764 0.010512060213165197
88 192 0 0.11456250483533284 0.011661066609311654
96 192 0 0.12622357144464449 0.012905093285498132
104 192 0 0.13912866473014263 0.014511535368337047
112 192 1 0.15483392240630578 0.015910698069004636
116 192 2 0.17152837757181963 0.01669445516551385
118 192 2 0.18816192606575874 0.01663354849393911
120 192 3 0.20546987038041312 0.017307944314654378
121 192 3 0.2221334345982672 0.016663564217854088
122 192 3 0.23852867494915736 0.016395240350890156
123 192 3 0.25463355246148117 0.016104877512323812
124 192 1 0.26973840418455641 0.017594100182190597
128 192 0 0.28713014936869496 0.016766852394989984
136 192 0 0.30183261912295406 0.014702469754259095
144 192 0 0.31364533321188748 0.011812714088933418
152 192 0 0.32284482331311315 0.0091994901012256713
160 192 0 0.32939589426950433 0.0069640773619259466
168 192 0 0.33326329381951114 0.0069414795763471648
176 192 0 0.3344266204057903 0.0069284595230391655
184 192 0 0.33287799217457897 0.0069284578033118049
192 192 0 0.32862040827133027 0.006948461258930172
200 192 0 0.32167194701240009 0.0095934016901200181
208 192 0 0.31207854532228008 0.012150092400676049
216 192 0 0.29992845292160403 0.014799971329343742
224 192 0 0.28512848159226029 0.01674400552207983
232 192 2 0.27052594776436067 0.014602533827899611
234 192 3 0.2570832695708466 0.013442678193514079
235 192 3 0.24622556619496327 0.015747840765042709
236 192 3 0.23047772542992057 0.01710959010846877
237 192 3 0.2133681353214518 0.01944901889922343
238 192 2 0.19391911642222837 0.01756894964881428
240 192 2 0.17742035778173715 0.016498758640491218
242 192 2 0.16324594606493562 0.014676761830982682
244 192 1 0.14856918423395293 0.015070748270494372
248 192 0 0.13349843596345856 0.014652740191524821
256 192 0 0.12024360488358631 0.013254831079872256
264 192 0 0.10810798194962574 0.01213562293396056
272 192 0 0.097002905728749492 0.011105076220876253
280 192 0 0.086854439465803943 0.010148466262945549
288 192 0 0.077586494944062945 0.0092679445217409978
296 192 0 0.069127729327522161 0.0084587656165407837
304 192 0 0.061415172716724059 0.007712556610798102
312 192 0 0.054394056223647479 0.0070211164930765804
320 192 0 0.048016155600528999 0.0063779006231184793
328 192 0 0.042237965174731121 0.0057781904257978786
336 192 0 0.037019228429080932 0.005218736745650189
344 192 0 0.032321938137648033 0.0046972902914328984
352 192 0 0.028109731754365538 0.0042122063832824956
360 192 0 0.024347559938751578 0.00376217181561396
368 192 0 0.021001526625803967 0.0033460333129476105
376 192 0 0.018038835886565449 0.0029626907392385181
384 192 0 0.015427809204842786 0.0026110266817226634
392 192 0 0.013137952021284092 0.0022898571835586936
400 192 0 0.011140054422929391 0.0019978975983547011
408 192 0 0.0094063127480745311 0.0017337416748548599
416 192 0 0.0079104599353070956 0.0014958528127674356
424 192 0 0.0066278940351724505 0.001282565900134645
432 192 0 0.0055357965781655267 0.0010920974570069238
440 192 0 0.0046132351201771549 0.00092256145798837175
448 192 0 0.0038412468752534439 0.00077198824492371101
456 192 0 0.0032029026181344612 0.00063834425711898268
464 192 0 0.0026833518531946131 0.00051955076493984814
472 192 0 0.0022698515596254066 0.00041350029356920651
480 192 0 0.0019517816508515719 0.00031806990877383465
488 192 0 0.0017206506738723776 0.00023113097697919434
496 192 0 0.0015700952783778369 0.00015055539549454068
504 192 0 0.0014958766677394012 7.4218610638435677e-05
120 193 3 0.20394833104966975 0.016249871634363727
121 193 3 0.22019820268403348 0.016421092726797454
122 193 3 0.23661929541083093 0.016560450209364419
123 193 3 0.25317974562019535 0.016560450209364419
234 193 3 0.25525755741617406 0.015268390348186611
235 193 3 0.24102301476763738 0.015392055429068324
236 193 3 0.22563095933856905 0.016022962517935557
237 193 3 0.2096079968206335 0.016022962517935557
116 194 2 0.16996086337880117 0.015486916521991384
118 194 2 0.18544777990079256 0.01555329452145307
120 194 3 0.20190193624754649 0.016454156346753929
121 194 3 0.21802316673903024 0.01647511204781657
122 194 3 0.23449827878684681 0.017154352374998738
123 194 3 0.25165263116184555 0.01808577302271086
232 194 2 0.26786068539110031 0.017267796201159979
234 194 3 0.25233261475474966 0.015528070636350644
235 194 3 0.23692014886872348 0.015554590879689745
236 194 3 0.22136555798903373 0.015892617417410965
237 194 3 0.20547294057162277 0.017055787414349183
238 194 2 0.18841715315727359 0.015550547745024151
240 194 2 0.17311916237278879 0.015297990784484794
242 194 2 0.16231015011635505 0.013740965882402117
120 195 3 0.2001002125969448 0.01530370157689373
121 195 3 0.21540391417383853 0.01620658453062665
122 195 3 0.23161049870446518 0.01750078806147598
123 195 3 0.24911128676594116 0.020627117418615254
234 195 3 0.24922818367173602 0.018632501719364286
235 195 3 0.23290374022859089 0.016324443443145126
236 195 3 0.21739091727820953 0.015512822950381366
237 195 3 0.20246246123297271 0.014928456045236821
112 196 1 0.15244647779065354 0.014930442062588228
116 196 2 0.16792900403078379 0.015482526240130245
118 196 2 0.18232419462169358 0.014395190590909795
120 196 3 0.19752316223730768 0.015198967615614095
121 196 3 0.21175248793465903 0.015558769450974924
122 196 3 0.22731125738563396 0.016033339308114902
123 196 3 0.24334459669374886 0.016033339308114902
124 196 2 0.25761415363404583 0.01633571783075155
126 196 2 0.27066714346094761 0.016463005907747352
232 196 3 0.27034905031900824 0.014779431273252042
233 196 3 0.25909032058984416 0.015336902711004935
234 196 3 0.24375341787883922 0.015731278363666723
235 196 3 0.2280221395151725 0.015731278363666723
236 196 3 0.21278673120215005 0.015235408313022447
237 196 3 0.19853183087186463 0.015986151183761482
238 196 2 0.18254567968810315 0.018300091561076148
240 196 1 0.164245588127027 0.017027556993678361
244 196 1 0.1477331680760138 0.016512420051013194
120 197 3 0.19571828855313642 0.013394093931442835
121 197 3 0.20657531139867705 0.015794499775183685
122 197 3 0.22236981117386073 0.016842463738978991
123 197 3 0.23921227491283972 0.018401878721206105
232 197 3 0.2692434105583415 0.015885071033918785
233 197 3 0.25433061767618603 0.015717041810507537
234 197 3 0.2386135758656785 0.016019961914304159
235 197 3 0.22259361395137434 0.016019961914304159
236 197 3 0.20715922993609001 0.015434384015284325
237 197 3 0.19629746396016196 0.013751784272058809
116 198 2 0.16682483567569975 0.014378357885046211
118 198 2 0.17858949046275191 0.017582564856143568
120 198 2 0.19617205531889548 0.018082597325332017
122 198 3 0.21614361709538044 0.019971561776484958
123 198 3 0.23335238755307033 0.017208770457689898
124 198 2 0.24838593064004402 0.016984598499150377
126 198 3 0.26302097318211343 0.014635042542069404
127 198 3 0.27270410651966615 0.01442604284902882
232 198 3 0.2670927497241215 0.018035731868138782
233 198 3 0.25031008326659054 0.016782666457530959
234 198 3 0.23371981775595077 0.017188601565758715
235 198 3 0.21653121619019206 0.019612064576245758
236 198 2 0.1969191516139463 0.01776997290591581
238 198 2 0.18000061055330757 0.016918541060638725
122 199 3 0.21236568819307453 0.017084588535642403
123 199 3 0.22945027672871693 0.018935653911327094
126 199 3 0.26023123227230038 0.011845301632256361
127 199 3 0.26991436560985305 0.017215783758841918
232 199 3 0.26361733164905027 0.021511149943210017
233 199 3 0.24603405833757969 0.017583273311470582
234 199 3 0.22936999404367356 0.016664064293906128
235 199 3 0.21284703284953213 0.016522961194141428
0 200 0 0.052963756558034515 0.0012078261558972
8 200 0 0.053826747341639322 0.0017277893840414171
16 200 0 0.055554536725680739 0.0025963678998363465
24 200 0 0.058150904625517086 0.0034710616293213079
32 200 0 0.061621966254838394 0.0043548298621223572
40 200 0 0.065976796116960751 0.0052515610801132234
48 200 0 0.071228357197073974 0.0061662668084881134
56 200 0 0.077394624005562088 0.0071047298861285496
64 200 0 0.084499353891690637 0.0080718031532598933
72 200 0 0.092571157044950531 0.0090672452501179279
80 200 0 0.10163840229506846 0.010077356642696683
88 200 0 0.11171575893776514 0.01105548821946617
96 200 0 0.12277124715723131 0.011859301682064977
104 200 0 0.13463054883929629 0.012367852638589
112 200 1 0.1492175866322156 0.018831024561506315
116 200 1 0.16804861119372191 0.018831024561506315
120 200 2 0.18905147959080051 0.0210028683970786
122 200 3 0.20734074171953717 0.018289262128736661
123 200 3 0.2234444885564259 0.016103746836888727
124 200 3 0.23778370421607345 0.014339215659647547
125 200 3 0.24697467124892575 0.012531754645049575
126 200 2 0.25950642589397532 0.014973890415838798
128 200 1 0.2743066178168348 0.015471855966881998
132 200 1 0.28445097950613041 0.010688349414266718
136 200 0 0.29513932892039713 0.012930893008521682
144 200 0 0.30664008948934163 0.011500760568944501
152 200 0 0.31585226667682348 0.0096503672943368257
160 200 0 0.32243181690757838 0.0096086755245766153
168 200 0 0.32632181424316398 0.0095868179486006122
176 200 0 0.32749816088275113 0.0095733920224677638
184 200 0 0.32594953437126717 0.0095717459609232503
192 200 0 0.32167194701240009 0.0095934016901200181
200 200 0 0.31467419313613054 0.0096680172629567962
208 200 0 0.30500617587317375 0.011989869864933778
216 200 0 0.29301630600823997 0.013403906395867526
224 200 1 0.2824390496311095 0.010577256377130473
228 200 2 0.27670454329493827 0.00842393829732202
230 200 2 0.26851432511499684 0.016614156477263442
232 200 3 0.25614399423660988 0.015366220571040534
233 200 3 0.24077777366556935 0.015951034359513477
234 200 3 0.22482673930605587 0.016302467900473822
235 200 3 0.20852427140558205 0.01740470699843083
236 200 2 0.19111956440715122 0.015773631593388071
238 200 2 0.17619125126499341 0.016187726427721622
240 200 1 0.16000352483727179 0.015516902264228111
244 200 1 0.14448662257304368 0.015516902264228111
248 200 0 0.1296526751903434 0.012804546373938352
256 200 0 0.11715349653021695 0.012499178660126453
264 200 0 0.10551140535994891 0.011642091170268043
272 200 0 0.094800549194874809 0.010710856165074098
280 200 0 0.084981205123794992 0.0098193440710798163
288 200 0 0.075989360937991468 0.0089918441858035242
296 200 0 0.067762591972945055 0.0082267689650464132
304 200 0 0.060245816914980758 0.0075167750579642964
312 200 0 0.053390902361730087 0.0068549145532506711
320 200 0 0.047154930422014123 0.0062359719397159646
328 200 0 0.041498551882234995 0.0056563785397791277
336 200 0 0.036384768413342303 0.0051137834688926923
344 200 0 0.031778155303565987 0.0046066131097763155
352 200 0 0.02764442643399203 0.0041337288695739577
360 200 0 0.023950226375963165 0.0036942000580288646
368 200 0 0.020663060436194848 0.0032871659397683169
376 200 0 0.017751307792439407 0.0029117526437554414
384 200 0 0.015184288016394914 0.0025670197760444928
392 200 0 0.012932364282243808 0.0022519237341511057
400 200 0 0.010967071266770182 0.0019652930154736258
408 200 0 0.0092612568467682881 0.0017058144200018943
416 200 0 0.0077892272273863963 0.0014720296193818918
424 200 0 0.0065268863210419612 0.0012623409063444351
432 200 0 0.0054518621432869327 0.0010750241777550285
440 200 0 0.0045436153496361802 0.00090824679365075246
448 200 0 0.0037835274092378702 0.00076008794039831001
456 200 0 0.0031549680146676189 0.00062855939457025136
464 200 0 0.00264334301288404 0.00051162500178357885
472 200 0 0.0022361253604597118 0.00040721765242432819
480 200 0 0.0019228723654170483 0.00031325299504266347
488 200 0 0.0016952328170398508 0.00022763954837719757
496 200 0 0.0015469475760733927 0.00014828524096645811
504 200 0 0.0014738468586676218 7.3100717405770845e-05
122 201 3 0.20411171202296691 0.015060232432166393
123 201 3 0.2189145042379986 0.014802792215031696
124 201 3 0.23214456408370387 0.013230059845705272
125 201 3 0.24209039970734733 0.017416026186627992
232 201 3 0.25160000620768352 0.016914318907313319
233 201 3 0.23604768539817497 0.015552320809508552
234 201 3 0.22058464942652231 0.015463035971652661
235 201 3 0.20526212059549656 0.01532252883102575
120 202 2 0.18449620404403697 0.016447592850315051
122 202 3 0.20074923707204317 0.016253033028006209
123 202 3 0.21566487033921614 0.014915633267172962
124 202 2 0.22960108250629721 0.015711044432769133
126 202 3 0.24789108870147081 0.018290006195173597
127 202 3 0.25962319679770046 0.014683421019134335
228 202 2 0.27042969480037427 0.012369024541375617
230 202 2 0.25806067025899865 0.014433906487321901
232 202 3 0.24562955961574703 0.014457744414857504
233 202 3 0.23117181520088953 0.015018188920238512
234 202 3 0.21615362628065102 0.01537390348758072
235 202 3 0.2007797227930703 0.016434857081008225
236 202 2 0.18434486571206207 0.014704836135187221
238 202 2 0.17354496319311014 0.013541438355838348
122 203 3 0.19837120403129133 0.014762415567958292
123 203 3 0.21313361959924962 0.016467462907047592
126 203 3 0.24273316517666188 0.013969833637498208
127 203 3 0.25670299881416009 0.017603619002674709
232 203 3 0.24162396792760649 0.016436702331392161
233 203 3 0.2268019944296655 0.014821973497940982
234 203 3 0.21203169956506907 0.014770294864596439
235 203 3 0.19731968090142829 0.014712018663640775
112 204 1 0.14477921632355495 0.010148667484258661
116 204 2 0.15734059795115224 0.01256138162759729
118 204 2 0.16671910038177309 0.013115257559811022
120 204 2 0.17983435794158412 0.013592635612487053
122 204 3 0.19479314049925972 0.014958782557675604
123 204 3 0.20866914350182544 0.013876003002565723
124 204 2 0.22101819356307117 0.013907203919660271
126 204 3 0.23663797344727466 0.015619779884203489
127 204 3 0.25006558454938455 0.013427611102109882
128 204 2 0.26101090524410736 0.013295712572727436
130 204 2 0.27013704360949975 0.0098288487081207854
132 204 1 0.27996589231762053 0.015173436602776591
224 204 1 0.27678574959363533 0.016230556414604635
228 204 2 0.26421968132622226 0.014820124831777304
230 204 2 0.24939955649444495 0.016245252337884153
232 204 3 0.23594356008461867 0.013615707220804463
233 204 3 0.22232785286381421 0.014521416176383944
234 204 3 0.20780643668743026 0.01572137323887382
235 204 3 0.19208506344855644 0.018540598431609462
236 204 1 0.17354446501694698 0.015558964825889587
240 204 2 0.16066898855690462 0.012875476460042362
242 204 2 0.1516717798640346 0.011243959308514739
244 204 1 0.14042782055551986 0.010775145365176458
122 205 3 0.19206084660888259 0.0134919891761138
123 205 3 0.20555283578499639 0.015465357778074784
126 205 3 0.23264821685085657 0.013183967084337722
127 205 3 0.24583218393519429 0.015178721308913068
232 205 3 0.2303650482285029 0.019034508265942052
233 205 3 0.2187083596908547 0.013970923598136425
234 205 3 0.20473743609271827 0.015103537689810376
235 205 3 0.1896338984029079 0.016089433385960916
116 206 2 0.15001477041642364 0.0073258275347286017
118 206 3 0.15835949217745174 0.008359608204321356
119 206 3 0.16430579857002819 0.0094454229940464929
120 206 2 0.17375122156407469 0.012803387404851041
122 206 3 0.18787357804786575 0.014122356483791065
123 206 3 0.20032071619825517 0.01244713815038942
124 206 2 0.21231830136524513 0.014440191445790701
126 206 3 0.22702406419123722 0.014705762825992091
127 206 3 0.23952943419679731 0.012505370005560096
128 206 2 0.25135312694934375 0.014669249651002192
130 206 2 0.26495942466295835 0.015006467654662181
228 206 2 0.25998012470808801 0.016805624885547321
230 206 3 0.24751973190696488 0.012460392801123127
231 206 3 0.23629271149068962 0.018939872028257532
232 206 2 0.21735283946243208 0.016213245836165485
234 206 3 0.20275794617144605 0.014624603973425909
235 206 3 0.18813334219802014 0.014624603973425909
240 206 3 0.16088632040492043 0.012658144612026551
241 206 3 0.15388307895470221 0.0083476062186760569
242 206 2 0.14553547273602616 0.0066920206487882661
118 207 3 0.15238298137533665 0.0095504480539166381
119 207 3 0.15832928776791308 0.015496754446493066
122 207 3 0.18523563988998573 0.011484418325911044
123 207 3 0.19543550364065365 0.016882797724591475
126 207 3 0.22353013859568296 0.011211837230437838
127 207 3 0.23383832039988581 0.017514806549457945
230 207 3 0.24434253579058215 0.015637588917505857
231 207 3 0.23083945910650552 0.013503076684076631
234 207 3 0.20076460786431224 0.01658823159811984
235 207 3 0.1865614153218618 0.014203192542450449
240 207 3 0.15542943069436488 0.018115034322582102
241 207 3 0.14842618924414666 0.0095827371569087716
0 208 0 0.051755930402137315 0.0014919363029943858
8 208 0 0.052591345422599842 0.0016718859502342712
16 208 0 0.054263231372834113 0.0025105775252695084
24 208 0 0.056773808898103621 0.0033529058439281043
32 208 0 0.060126714742031726 0.0042007439864927415
40 208 0 0.064327458728524467 0.0050566835183871589
48 208 0 0.069384142246911626 0.0059242257423602201
56 208 0 0.075308367989271846 0.0068075446904407449
64 208 0 0.082115912679712591 0.0077102122077192109
72 208 0 0.089826124887431802 0.0086323540793836195
80 208 0 0.098458478966815421 0.0095670551732452563
88 208 0 0.10802553414006068 0.010503554158681622
96 208 0 0.1185290882987423 0.011476214722201547
104 208 0 0.13000530302094385 0.012827230300476167
112 208 0 0.14283253332142001 0.014293762934914217
120 208 3 0.16170428582752225 0.018871752506102235
121 208 3 0.17194654514018726 0.011843071141773687
122 208 2 0.18378961628196094 0.013856685807955044
124 208 3 0.20018238022328272 0.016392763941321775
125 208 3 0.20945405142340126 0.011419658958682216
126 208 2 0.22087371038208348 0.013969206457870142
128 208 3 0.23782059295833319 0.016946882576249711
129 208 3 0.24712310151370787 0.010957558747897889
130 208 2 0.25808066026160575 0.013935234866277457
132 208 1 0.27146987629764024 0.014716160479248397
136 208 0 0.28473902067406603 0.01512126242114753
144 208 0 0.29669883890035786 0.012652655790929779
152 208 0 0.30620189938248665 0.012022670004302127
160 208 0 0.31282314138300177 0.012206518690600299
168 208 0 0.31673499629456336 0.012199295103871244
176 208 0 0.31792476886028337 0.012179662005096792
184 208 0 0.31637778841034392 0.012162929115799359
192 208 0 0.31207854532228008 0.012150092400676049
200 208 0 0.30500617587317375 0.011989869864933722
208 208 0 0.29497322234810047 0.01262274654959028
216 208 0 0.28235047579851019 0.015803293815608355
224 208 1 0.268372400062317 0.016799657454509509
228 208 2 0.25270646991791618 0.016499368472475406
230 208 3 0.23896754894467317 0.013738920973243002
231 208 3 0.22531203482568346 0.015970318891078583
232 208 2 0.20934171593460488 0.015447762332915838
234 208 3 0.19634153073572155 0.013000185198883324
235 208 3 0.18376601986744256 0.012885349439672233
236 208 2 0.17088067042777033 0.011621475138522686
238 208 3 0.16569300412886276 0.0080110601767164336
239 208 3 0.15768194395214633 0.018838491864908435
240 208 0 0.13884345208723789 0.014993299851889075
248 208 0 0.12529899893895594 0.013544453148281954
256 208 0 0.11319022879895284 0.012108770140003097
264 208 0 0.10208647350412806 0.011103755294824783
272 208 0 0.091875181553036173 0.010211291951091883
280 208 0 0.082486060295459324 0.009389121257576849
288 208 0 0.073857775281031643 0.0086282850144276807
296 208 0 0.065937548878156005 0.0079202264028756381
304 208 0 0.058680249772878383 0.0072572991052776217
312 208 0 0.052046233688666343 0.0066340160842120396
320 208 0 0.045999373185346033 0.0060468605033203102
328 208 0 0.040505649381714082 0.0054937238036319516
336 208 0 0.035532259173750379 0.004973390207963703
344 208 0 0.031047119112142731 0.0044851400616076481
352 208 0 0.02701864333056939 0.0040284757815733409
360 208 0 0.023415690676370636 0.0036029526541987537
368 208 0 0.020207607571158148 0.0032080831052124885
376 208 0 0.017364324233634647 0.0028432833375235007
384 208 0 0.014856483027441638 0.0025078412061930091
392 208 0 0.012655587842963023 0.0022008951844786143
400 208 0 0.010734166411144318 0.0019214214318187053
408 208 0 0.0090659375318257514 0.0016682288793185666
416 208 0 0.0076259750693308858 0.0014399624624948657
424 208 0 0.0063908612663007829 0.0012351138030301028
432 208 0 0.0053388234777038412 0.0010520377885969417
440 208 0 0.0044498504562444042 0.00088897302145943703
448 208 0 0.0037057864247236022 0.00074406403152080204
456 208 0 0.0030904030628859892 0.00061538336183761299
464 208 0 0.0025894510599274484 0.00050095200295854079
472 208 0 0.0021906939808750176 0.00039875707905243085
480 208 0 0.0018839278661467599 0.00030676611472825769
488 208 0 0.0016609902603253103 0.00022293760582144952
496 208 0 0.0015157622948707638 0.00014522796545454655
504 208 0 0.0014441670833526489 7.1595211518114907e-05
120 209 3 0.15823267518453252 0.015400141863112504
121 209 3 0.1684749344971975 0.015314681784763445
124 209 3 0.19511022395654926 0.011320607674588312
125 209 3 0.20438189515666777 0.016491815225415707
128 209 3 0.23186524072157402 0.010991530339490546
129 209 3 0.2411677492769487 0.016912910984657054
230 209 3 0.23344665394620837 0.019259815971707811
231 209 3 0.22204180815186433 0.012700092217259457
234 209 3 0.19144637646765653 0.017895339466948351
235 209 3 0.1812382712651435 0.010357600837373165
238 209 3 0.16063456051024075 0.010246109917529583
239 209 3 0.15262350033352431 0.013780048246286425
120 210 2 0.15988877790910488 0.017056244587684871
122 210 2 0.17675610421336477 0.016867326304259883
124 210 2 0.19203502501586037 0.015278920802495599
126 210 3 0.20836625046795948 0.016331225452099113
127 210 3 0.2172419774527472 0.01029162324703134
128 210 2 0.22753360069977854 0.015200178404674858
130 210 3 0.24567644090118848 0.018142840201409938
131 210 3 0.25723071183157947 0.014239164466060772
228 210 3 0.25233635388253672 0.016036046179780272
229 210 3 0.23965620787329189 0.019647897164133538
230 210 2 0.22000831070915836 0.016573675800007209
232 210 3 0.20765041536044967 0.012357895348708681
233 210 3 0.19681335827285834 0.018000336539440442
234 210 2 0.1788130217334179 0.015289019990630842
236 210 2 0.16416062803710252 0.01465239369631538
238 210 2 0.15330768760526792 0.014464235518030027
126 211 3 0.20325909831167155 0.011224073295811182
127 211 3 0.21213482529645927 0.01539877540331927
130 211 3 0.23979111730771832 0.013831713611058144
131 211 3 0.25362283091877647 0.01784704537886378
228 211 3 0.24854167671286084 0.019830723349456153
229 211 3 0.23350776514503926 0.015033911567821578
232 211 3 0.20437963360353731 0.015628677105621047
233 211 3 0.19139072517523914 0.012988908428298168
120 212 2 0.1565212073949041 0.014640883745484723
122 212 2 0.17116209114038883 0.014640883745484723
124 212 2 0.18563826917359463 0.014809171913837238
126 212 2 0.20044744108743187 0.015492651440008054
128 212 2 0.21594009252743993 0.015492651440008054
130 212 3 0.23226396536298732 0.016323872835547398
131 212 3 0.24592792213260695 0.013663956769619623
132 212 2 0.2570210983615292 0.014448777936111046
134 212 2 0.26936286383152697 0.015376156842539068
224 212 2 0.26675685106266733 0.015593624735842859
226 212 3 0.25998802388061643 0.0083843761817005702
227 212 3 0.25294908435619901 0.01542331570611799
228 212 3 0.23988123038725451 0.01412253711882494
229 212 3 0.22575869326842957 0.016317261710013298
230 212 2 0.20944143155841627 0.013505736772201016
232 212 3 0.19840589683491855 0.012911318440229858
233 212 3 0.18549457839468869 0.015078183072618573
234 212 2 0.17041639532207012 0.016973096317867781
236 212 1 0.15344329900420234 0.014599846916964448
130 213 3 0.22733205347589056 0.013402842312966623
131 213 3 0.24073489578885718 0.016286202572672021
226 213 3 0.25180240082991279 0.014954450232754546
227 213 3 0.24348434467784275 0.011277855921601049
228 213 3 0.2322064887562417 0.012070845363436694
229 213 3 0.220135643392805 0.012070845363436694
232 213 3 0.19423732195133783 0.015204109607078437
233 213 3 0.18169361504799414 0.012543706903343693
120 214 2 0.15212671921530072 0.009294185893880702
122 214 3 0.16227792129461227 0.010151202079311555
123 214 3 0.16893188444996943 0.0098050340786106083
124 214 2 0.17873691852858004 0.013570358187178222
126 214 2 0.19230727671575826 0.013570358187178222
128 214 2 0.20574533703081099 0.013438060315052736
130 214 3 0.22032667438007739 0.014581337349266393
131 214 3 0.23259169280961492 0.012265018429537533
132 214 2 0.24363238472259457 0.014531817280020065
134 214 3 0.25878152708923702 0.015149142366642443
135 214 3 0.26905893519864493 0.015680085475421102
224 214 3 0.26579836901797593 0.016552106780534259
225 214 3 0.25443770468244065 0.017527179964910294
226 214 2 0.23691052471753035 0.014898216553736215
228 214 3 0.22525547278807417 0.012189989210848184
229 214 3 0.21306548357722599 0.01486029204656264
230 214 2 0.19820519153066335 0.014417355992057568
232 214 3 0.1873308021246072 0.010874389406056145
233 214 3 0.17654682139499411 0.011027764933193435
234 214 2 0.16551905646180068 0.012075757457598341
122 215 3 0.15686576988823053 0.0073486546512520068
123 215 3 0.16351973304358769 0.015217185484992346
130 215 3 0.21557834752331642 0.010031094552217679
131 215 3 0.2256094420755341 0.018022942647060475
134 215 3 0.25300048986168033 0.01027740810940786
135 215 3 0.26327789797108819 0.021461122702977842
224 215 3 0.25957578447063595 0.022774691327874241
225 215 3 0.24821512013510064 0.011360664335535314
228 215 3 0.21876914353951413 0.018141381178016225
229 215 3 0.20859092879265151 0.010385737261988159
232 215 3 0.18024486895260436 0.01796032257805899
233 215 3 0.17155144932872765 0.0086934196238767081
0 216 0 0.050263994099142929 0.0017481415613074813
8 216 0 0.051065910182341225 0.0017865507679368162
16 216 0 0.052669948464019359 0.00240661809692954
24 216 0 0.055076566560948899 0.003210027869466156
32 216 0 0.058286594430415055 0.0040148960027174829
40 216 0 0.062301490433132538 0.0048223073390137108
48 216 0 0.067123797772146249 0.0056339861809587971
56 216 0 0.072757783953105046 0.0064522150972816245
64 216 0 0.07920999905038667 0.0072791030239694882
72 216 0 0.086489102074356158 0.0081149351156006855
80 216 0 0.094604037189956844 0.0089558424917902113
88 216 0 0.10355987968174706 0.0097917428533289413
96 216 0 0.113351622535076 0.010603883276132292
104 216 0 0.12395550581120829 0.011316473792997495
112 216 0 0.13527197960420578 0.011316473792997495
120 216 1 0.14951711523697853 0.014245135632772743
124 216 3 0.16629695333649899 0.016779838099520467
125 216 3 0.17494691275242788 0.0091639808211017859
126 216 2 0.18411089357352967 0.012455764908517547
128 216 2 0.19656665848204721 0.014008424846003481
130 216 2 0.21057508332805069 0.014008424846003481
132 216 3 0.22779135449722807 0.017216271169177372
133 216 3 0.23670861105648972 0.0095324772481234221
134 216 2 0.24624108830461314 0.013333534001689878
136 216 3 0.26400900980393371 0.02073001087013232
137 216 3 0.27037366560184928 0.014365355072216757
138 216 2 0.27169765048032424 0.013041370193741797
140 216 1 0.27547349113987746 0.0097224676863232329
144 216 0 0.28404618310942809 0.015812949021142053
152 216 0 0.29417922937818453 0.013467446636768299
160 216 0 0.30061662269240147 0.014915144455437679
168 216 0 0.30453570119069212 0.014763094963168855
176 216 0 0.30574510685518658 0.014730474841351981
184 216 0 0.30421485929454456 0.014705562283634177
192 216 0 0.29992845292160403 0.014799971329343742
200 216 0 0.29301630600824002 0.013403906395867582
208 216 0 0.28235047579851019 0.015803293815608355
216 216 1 0.27318589302035284 0.0097594720830418424
220 216 2 0.269072109044591 0.013278366753919191
222 216 3 0.26751365842036218 0.014836817378148015
223 216 3 0.26071226228738287 0.021638213511127324
224 216 2 0.24186864282175358 0.014402458634866749
226 216 3 0.23109300058219648 0.010775642239557098
227 216 3 0.22168849086244688 0.017439988563016567
228 216 2 0.20424850229943031 0.013813172167706916
230 216 3 0.19348428300264253 0.01076421929678778
231 216 3 0.18337324931348203 0.019580996721266702
232 216 1 0.16379225259221533 0.016522573607504282
236 216 1 0.14726967898471105 0.016522573607504282
240 216 0 0.13103497518282442 0.012692667104265504
248 216 0 0.11931844082133197 0.011716534361492448
256 216 0 0.10823854117420569 0.011079899647126287
264 216 0 0.097897639920016738 0.010340901254188947
272 216 0 0.088310584596943367 0.0095870553230733707
280 216 0 0.079442661329663739 0.0088679232672796288
288 216 0 0.071251925167910554 0.0081907361617531843
296 216 0 0.063701005735497251 0.0075509194324133028
304 216 0 0.05675739926769674 0.0069436064678005116
312 216 0 0.050391507480845497 0.0063658917868512424
320 216 0 0.044575057869936742 0.0058164496109087555
328 216 0 0.039280170344819246 0.0052948875251174962
336 216 0 0.034478888914280498 0.004801281430538748
344 216 0 0.030143015153852554 0.0043358737604279433
352 216 0 0.026244126674619905 0.0038988884792326498
360 216 0 0.022753696864362662 0.003490429810257243
368 216 0 0.019643262640311059 0.0031104342240516024
376 216 0 0.016884612578707145 0.0027586500616039143
384 216 0 0.014449983835792452 0.0024346287429146928
392 216 0 0.012312262995642753 0.002137720840149699
400 216 0 0.010445186967476146 0.0018670760281666067
408 216 0 0.0088235390063623135 0.001621647961113833
416 216 0 0.0074233341018846051 0.0014002049044777084
424 216 0 0.0062219881709409093 0.0012013459309436958
432 216 0 0.0051984666280248826 0.0010235215429160267
440 216 0 0.0043334095853523342 0.00086505704267254846
448 216 0 0.0036092327479807129 0.00072417683737162125
456 216 0 0.0030102047264785178 0.00059902802150219514
464 216 0 0.0025225028309783237 0.00048770189550019407
472 216 0 0.0021342503699842775 0.00038825246099404628
480 216 0 0.0018355390477186547 0.00029871132226562272
488 216 0 0.0016184402592021275 0.00021709878851652723
496 216 0 0.0014770089626657816 0.00014143129653634585
504 216 0 0.0014072834122316128 6.9725550434168813e-05
124 217 3 0.16195713502155812 0.012440019784579592
125 217 3 0.17060709443748701 0.01350379913604266
132 217 3 0.22018924099009513 0.0096141576620444313
133 217 3 0.22910649754935677 0.017134590755256363
136 217 3 0.25461059860330765 0.0093984112006260667
137 217 3 0.26097525440122316 0.013826447071441317
222 217 3 0.25784754689470318 0.014157783348736214
223 217 3 0.25104615076172387 0.0096661115256589936
226 217 3 0.22383936779157718 0.0180292750301764
227 217 3 0.21443485807182758 0.010186355772397265
230 217 3 0.18802456206843951 0.016223940230990802
231 217 3 0.17791352837927901 0.014121275787063681
124 218 2 0.16138074602325037 0.013245337623947695
126 218 2 0.17462608364719806 0.013245337623947695
128 218 2 0.18564318915949929 0.011017105512301228
130 218 3 0.19748639294755854 0.013088690380492152
131 218 3 0.20438317681733134 0.008844294812079434
132 218 2 0.21322747162941078 0.012976107200222825
134 218 3 0.23010398524480394 0.016876513615393163
135 218 3 0.23858509566071873 0.0085637116690631121
136 218 2 0.24714880732978184 0.013458489543249685
138 218 2 0.26060729687303152 0.014866194266845933
220 218 2 0.257780732830031 0.015405160190321843
222 218 2 0.24368976354596697 0.014090969284064031
224 218 3 0.23445011377037983 0.0092396497755871387
225 218 3 0.22550192816988421 0.017603300221811197
226 218 2 0.20789862794807301 0.013769434510918888
228 218 3 0.19814726840355176 0.0097513595445212486
229 218 3 0.19026589720956422 0.013982605089866096
230 218 2 0.17636556822488753 0.012573315632672194
130 219 3 0.18929738473491797 0.011473816175542356
131 219 3 0.19619416860469077 0.018370600045315155
134 219 3 0.22230317241446329 0.0090757007850525151
135 219 3 0.23078428283037805 0.016364524499403788
224 219 3 0.22667933903356369 0.017010424512403283
225 219 3 0.21773115343306809 0.0098325254849950805
228 219 3 0.19011111847075648 0.01800047822336745
229 219 3 0.18222974727676894 0.010119107029379903
120 220 1 0.14360312147607251 0.0083311418718667318
124 220 2 0.15499252201105568 0.012236756580462804
126 220 2 0.16722927859151848 0.012236756580462804
128 220 1 0.17782356855937562 0.013468641510861717
132 220 3 0.19690672580263177 0.019083157243256155
133 220 3 0.20621217774419337 0.0093054519415615988
134 220 2 0.21504129773324612 0.01212293652344823
136 220 3 0.23115125851625107 0.016109960783004945
137 220 3 0.23934915922808619 0.0084805740230550208
138 220 2 0.24782973325114122 0.012924189437200473
140 220 2 0.26027023593476761 0.015203255205109845
142 220 2 0.27123181097234089 0.012814372137087193
216 220 2 0.269072109044591 0.013278366753919191
218 220 2 0.257780732830031 0.015405160190321843
220 220 2 0.24490239879222442 0.013004166213010815
222 220 3 0.23597974826754942 0.0089226505246750021
223 220 3 0.22745061644911016 0.016661614415651532
224 220 2 0.21078900203345863 0.012683973331855058
226 220 3 0.20131958603522085 0.0096698849157287603
227 220 3 0.19164970111949209 0.019539060872103053
228 220 1 0.17211064024738904 0.013272721290512546
232 220 2 0.16121797406706162 0.010892666180327415
234 220 2 0.15237626720075592 0.012190661611287068
236 220 1 0.14018560558946885 0.0091506304066444333
132 221 3 0.19031909273384082 0.0124955241744652
133 221 3 0.19962454467540242 0.015416753057843707
136 221 3 0.22300738181791516 0.0084305479989510712
137 221 3 0.23120528252975028 0.016628448710786198
222 221 3 0.22781671689087782 0.0170856819013466
223 221 3 0.21928758507243856 0.0085291318184392562
226 221 3 0.19489047136798626 0.015898530665472366
227 221 3 0.1852205864522575 0.013109946204868467
124 222 2 0.14766955870903908 0.0095958636989287027
126 222 3 0.15758594089757724 0.0099163821885381587
127 222 3 0.16512561110715851 0.012697957452217107
132 222 2 0.18688025696992996 0.0090566884105543477
134 222 3 0.19995342794071402 0.015087869792532099
135 222 3 0.20687829472708388 0.0089845949752182797
136 222 2 0.21457683381896409 0.01265882321816364
138 222 3 0.23094368392014344 0.016886049330997771
139 222 3 0.23886740370773801 0.0089623295434032024
140 222 2 0.2462685465409224 0.014001689393845218
142 222 3 0.2601210660107941 0.013852519469871705
143 222 3 0.26956636881817003 0.014479814291258053
216 222 3 0.26751365842036223 0.01483681737814796
217 222 3 0.25784754689470318 0.014157783348736241
218 222 2 0.24368976354596694 0.014090969284064059
220 222 3 0.23597974826754942 0.0089226505246750021
221 222 3 0.22781671689087782 0.0170856819013466
222 222 2 0.21104110044891777 0.012609159101032386
224 222 3 0.20288152800866807 0.0088991733215653401
225 222 3 0.19566725911760949 0.01512174291584914
226 222 2 0.18218608440904377 0.010075444161654734
232 222 3 0.15982186785116306 0.012288772396225972
233 222 3 0.15281851429060003 0.0087146395518553077
234 222 2 0.14410387473874472 0.0097828349514998136
126 223 3 0.15029586969427886 0.012222174684168474
127 223 3 0.15783553990386015 0.019988028655515466
134 223 3 0.19096883296549577 0.011861631455112404
135 223 3 0.1978936997518656 0.018786498241482236
138 223 3 0.22244317243651598 0.0086118271161486348
139 223 3 0.23036689222411061 0.016535546903743259
142 223 3 0.25334861299335798 0.0094453028073758771
143 223 3 0.26279391580073386 0.021252267308694228
216 223 3 0.26071226228738287 0.021638213511127324
217 223 3 0.25104615076172387 0.0096661115256589936
220 223 3 0.22745061644911013 0.016661614415651532
221 223 3 0.21928758507243856 0.0085291318184392562
224 223 3 0.19398235468710273 0.018785832317841478
225 223 3 0.18676808579604415 0.011571563426782894
232 223 3 0.15309385984221965 0.019016780405169381
233 223 3 0.14609050628165662 0.011769466494411712
0 224 0 0.048515852537835448 0.0019723809726317348
8 224 0 0.049279359414404408 0.0020146185786337964
16 224 0 0.050805699363386435 0.002287807382212341
24 224 0 0.053093506745598776 0.0030472046895154425
32 224 0 0.056140711435114218 0.003803869517122957
40 224 0 0.059944580952237175 0.0045572981809320484
48 224 0 0.064501879133169224 0.0053072768493950401
56 224 0 0.069809155982564264 0.0060538746663044013
64 224 0 0.075863030648868665 0.0067970930394847529
72 224 0 0.082660123688353418 0.0075361091266994001
80 224 0 0.090196232815052818 0.0082681134878456047
88 224 0 0.098464346302898423 0.0089855483220044746
96 224 0 0.1074498946249029 0.0096677403574753074
104 224 0 0.1171176349823782 0.010262859266747415
112 224 0 0.12738049424912562 0.010693200760984761
120 224 0 0.13807369501011038 0.010766713742458772
128 224 3 0.15852273222059055 0.020449037210480164
129 224 3 0.16680361837684665 0.011019950182528965
130 224 2 0.17119222234696904 0.0079667830267232398
132 224 1 0.17910720151038337 0.011756628763775118
136 224 3 0.19757701849908749 0.018469816988704119
137 224 3 0.20625900270251343 0.0086819842034259465
138 224 2 0.21383134532036735 0.01269108921649087
140 224 3 0.22940815560599256 0.016860390934929831
141 224 3 0.23698727972819353 0.0092812668127288667
142 224 2 0.24414479443351278 0.014322728579122423
144 224 3 0.26154120147360765 0.022504981635820431
145 224 3 0.26762741807903218 0.01641876503039591
146 224 2 0.26848727440247883 0.015558908706949259
148 224 1 0.26993067608717275 0.016776824266218737
152 224 1 0.27801803845204442 0.016161190926140101
156 224 1 0.28340552703078808 0.010773702347396441
160 224 0 0.28570147823696379 0.016707535458096168
168 224 0 0.28977260622752327 0.017040091323099804
176 224 0 0.2910146320138346 0.017149845515392226
184 224 0 0.28950929701091038 0.017034963414963078
192 224 0 0.28512848159226029 0.01674400552207983
200 224 1 0.2824390496311095 0.010577256377130528
204 224 1 0.27678574959363533 0.016230556414604691
208 224 1 0.268372400062317 0.016799657454509509
212 224 2 0.26675685106266733 0.015593624735842859
214 224 3 0.26579836901797593 0.016552106780534259
215 224 3 0.25957578447063595 0.022774691327874241
216 224 2 0.24186864282175358 0.014402458634866749
218 224 3 0.2344501137703798 0.0092396497755871387
219 224 3 0.22667933903356369 0.017010424512403255
220 224 2 0.2107890020334586 0.012683973331855086
222 224 3 0.20288152800866804 0.0088991733215653124
223 224 3 0.19398235468710273 0.018785832317841478
224 224 1 0.17519652236926125 0.011353187307704626
228 224 2 0.16662140606926365 0.0085751162999976038
230 224 3 0.1619972241889224 0.010113416058466634
231 224 3 0.1539206268933542 0.01959958710610929
232 224 0 0.13432103978724491 0.010976633696191271
240 224 0 0.12334440609105364 0.010976633696191271
248 224 0 0.11273752206977493 0.010606884021278712
256 224 0 0.1026273338506222 0.01011018821915273
264 224 0 0.093116081292322031 0.0095112525583001678
272 224 0 0.084225957907146584 0.0088901233851754469
280 224 0 0.075942352798518742 0.0082836051086278423
288 224 0 0.068243843425384726 0.007698509373134016
296 224 0 0.061110496349074457 0.0071333470763102688
304 224 0 0.054523642425503276 0.0065868539235711815
312 224 0 0.048464403289129709 0.0060592391363735662
320 224 0 0.04291280719939463 0.0055515960897350794
328 224 0 0.037847472717149826 0.0050653344822448043
336 224 0 0.033245615247995894 0.0046018574691539318
344 224 0 0.029083224637543759 0.0041623906104521352
352 224 0 0.025335327156957656 0.0037478974805861022
360 224 0 0.021976277779261203 0.0033590493776964533
368 224 0 0.018980052409085457 0.0029962253701757459
376 224 0 0.016320527925558413 0.0026595244835270447
384 224 0 0.013971748175089727 0.002348779750468686
392 224 0 0.011908177111536284 0.0020635710635534422
400 224 0 0.01010493923344267 0.0018032378780936144
408 224 0 0.0085380453365272377 0.0015668938969154323
416 224 0 0.007184600138046328 0.0013534451984809097
424 224 0 0.0060229880686179732 0.0011616120694283548
432 224 0 0.0050330342830395107 0.00098995378557846254
440 224 0 0.0041961392847509865 0.00083689499828852425
448 224 0 0.0034953870822015446 0.00070075220254944186
456 224 0 0.0029156282142055599 0.00057975886799598465
464 224 0 0.0024435401338267497 0.00047208808037881023
472 224 0 0.0020676682557856981 0.0003758718780410516
480 224 0 0.0017784514366038298 0.0002892168191818683
488 224 0 0.0015682357868270929 0.0002102156497767369
496 224 0 0.0014312805444517322 0.00013695524237536069
504 224 0 0.0013637593106566135 6.7521233795118756e-05
128 225 3 0.15136637410738885 0.013292679097278465
129 225 3 0.15964726026364492 0.011544962083324117
136 225 3 0.19032188212919893 0.011214680618815559
137 225 3 0.1990038663326249 0.014827478987742448
140 225 3 0.22048900191109397 0.0098932060795634824
141 225 3 0.22806812603329496 0.017472330201764474
144 225 3 0.25027738530533922 0.011281939637169197
145 225 3 0.25636360191076368 0.017368156242593663
214 225 3 0.25443770468244059 0.017527179964910294
215 225 3 0.24821512013510061 0.011360664335535342
218 225 3 0.22550192816988421 0.017603300221811224
219 225 3 0.21773115343306806 0.0098325254849950805
222 225 3 0.19566725911760946 0.01512174291584914
223 225 3 0.18676808579604415 0.011571563426782894
230 225 3 0.15530380432976093 0.01131760173950272
231 225 3 0.14722720703419273 0.012906167246947819
128 226 2 0.14920259308238371 0.011128898072273324
130 226 3 0.1607497685540451 0.011547175471661397
131 226 3 0.16822698363359015 0.010880217876793219
136 226 2 0.18555965108382655 0.01041489534153256
138 226 3 0.1980104048725842 0.015820940447783149
139 226 3 0.20427010733516876 0.0096727727423432941
140 226 2 0.21059579583153049 0.01371283882811708
142 226 3 0.22627174568738734 0.017873048746125442
143 226 3 0.2333723860213934 0.010772408412119377
144 226 2 0.23899544566817002 0.014801641263350179
146 226 3 0.25366539584455261 0.014821878557926216
147 226 3 0.26171394326622904 0.0082167328209437063
212 226 3 0.25998802388061643 0.0083843761817005702
213 226 3 0.25180240082991279 0.014954450232754546
214 226 2 0.2369105247175303 0.01489821655373616
216 226 3 0.23109300058219648 0.010775642239557098
217 226 3 0.22383936779157718 0.0180292750301764
218 226 2 0.20789862794807298 0.01376943451091886
220 226 3 0.20131958603522082 0.0096698849157287325
221 226 3 0.19489047136798623 0.015898530665472366
222 226 2 0.18218608440904377 0.010075444161654734
228 226 3 0.16412825059749439 0.011068271771766863
229 226 3 0.15666411914416947 0.01131992384017308
230 226 2 0.14534419530399639 0.011023155516751482
130 227 3 0.15435256155264768 0.0087453171706961264
131 227 3 0.16182977663219272 0.017277424878190645
138 227 3 0.18833763213024091 0.013192876387946917
139 227 3 0.19459733459282547 0.019452578850531477
142 227 3 0.21691936193438349 0.010180027981641554
143 227 3 0.22402000226838956 0.017280668315647618
146 227 3 0.24539921256959818 0.011228890600845504
147 227 3 0.25470345773902975 0.015227218348143001
212 227 3 0.25294908435619901 0.01542331570611799
213 227 3 0.24348434467784272 0.011277855921601021
216 227 3 0.22168849086244691 0.017439988563016595
217 227 3 0.21443485807182758 0.010186355772397265
220 227 3 0.19164970111949209 0.019539060872103053
221 227 3 0.1852205864522575 0.013109946204868467
228 227 3 0.15800227751020482 0.017194244859056435
229 227 3 0.1505381460568799 0.008416079513625413
128 228 1 0.14560724438195155 0.0083517305509702433
132 228 3 0.16161056355211392 0.017496637958269445
133 228 3 0.1677187439392295 0.011388457571153865
134 228 2 0.17003649174754479 0.0090707097628385802
136 228 1 0.17514475574229399 0.013368811480385878
140 228 3 0.1929332004476432 0.01778844470534921
141 228 3 0.20083271355918361 0.0097630822723468735
142 228 2 0.20673933395274194 0.013730348148644572
144 228 3 0.2210150809535153 0.017980364714654723
145 228 3 0.22737252785612441 0.012117845256457899
146 228 3 0.23417032196875268 0.012022103971062181
147 228 3 0.24170399749881871 0.014047331749469649
148 228 3 0.25022514557250775 0.019705530514665004
149 228 3 0.25394102478192132 0.015989651305251429
150 228 2 0.25422461846469352 0.016451969923424542
152 228 2 0.26130395445528054 0.016714083996763884
154 228 2 0.26540983494592907 0.014806284702311434
156 228 2 0.27143509687717809 0.012345372229819684
158 228 2 0.27754691739145188 0.0081999117285042056
200 228 2 0.27670454329493827 0.00842393829732202
202 228 2 0.27042969480037427 0.012369024541375617
204 228 2 0.26421968132622226 0.014820124831777304
206 228 2 0.25998012470808801 0.016805624885547321
208 228 2 0.25270646991791618 0.016499368472475406
210 228 3 0.25233635388253672 0.016036046179780272
211 228 3 0.24854167671286084 0.019830723349456153
212 228 3 0.23988123038725453 0.014122537118824968
213 228 3 0.2322064887562417 0.012070845363436722
214 228 3 0.22525547278807415 0.012189989210848184
215 228 3 0.2187691435395141 0.018141381178016197
216 228 2 0.20424850229943031 0.013813172167706944
218 228 3 0.19814726840355176 0.0097513595445212209
219 228 3 0.19011111847075648 0.01800047822336745
220 228 1 0.17211064024738904 0.013272721290512518
224 228 2 0.16662140606926365 0.0085751162999976038
226 228 3 0.16412825059749436 0.011068271771766891
227 228 3 0.15800227751020482 0.017194244859056435
228 228 1 0.14212206654325449 0.007801026756009577
132 229 3 0.15398420202539595 0.0083769576434443993
133 229 3 0.16009238241251153 0.0114862440621053
140 229 3 0.18511950241319478 0.0099747466709007859
141 229 3 0.19301901552473519 0.01372031842800675
144 229 3 0.21090106824588126 0.010353303455509638
145 229 3 0.21525468259966651 0.014706917809294895
146 229 3 0.22214821799769049 0.012022103971062181
147 229 3 0.22765666574934906 0.016197447128662112
148 229 3 0.23526098968041642 0.014964155892091324
149 229 3 0.24131826191431041 0.019531746778047171
210 229 3 0.23965620787329187 0.01964789716413351
211 229 3 0.23350776514503924 0.015033911567821606
212 229 3 0.22575869326842957 0.016317261710013298
213 229 3 0.22013564339280497 0.012070845363436722
214 229 3 0.21306548357722596 0.014860292046562584
215 229 3 0.20859092879265148 0.010385737261988104
218 229 3 0.19026589720956422 0.013982605089866096
219 229 3 0.18222974727676891 0.010119107029379876
226 229 3 0.15666411914416947 0.01131992384017308
227 229 3 0.1505381460568799 0.008416079513625413
132 230 2 0.14860613835040623 0.011350624519424923
134 230 3 0.1585523685467029 0.011484123200841884
135 230 3 0.16518794153450353 0.0099568142077904598
140 230 2 0.17934467100192289 0.012140621814480723
142 230 3 0.19076941484156007 0.015969919111181868
143 230 3 0.19607075433174206 0.010668579620999874
144 230 2 0.20054776479037162 0.01419198633010027
146 230 2 0.21145921862068695 0.013443223252832814
148 230 2 0.22178651513626324 0.016503110661100162
150 230 3 0.23505842137656774 0.01916619708812578
151 230 3 0.24048687570597022 0.013737742758723304
152 230 3 0.24574236158130502 0.015561592873975516
153 230 3 0.24883954850677611 0.012464405948504426
154 230 2 0.25060355024361763 0.016184064805688181
156 230 2 0.25908972464735841 0.014383141762614071
158 230 2 0.26934700566294767 0.016354472574016121
200 230 2 0.26851432511499684 0.016614156477263442
202 230 2 0.25806067025899865 0.014433906487321901
204 230 2 0.24939955649444495 0.016245252337884153
206 230 3 0.24751973190696488 0.012460392801123127
207 230 3 0.2443425357905821 0.015637588917505912
208 230 3 0.23896754894467317 0.013738920973243002
209 230 3 0.23344665394620837 0.019259815971707811
210 230 2 0.22000831070915836 0.016573675800007209
212 230 2 0.20944143155841627 0.013505736772201016
214 230 2 0.19820519153066338 0.014417355992057596
216 230 3 0.19348428300264253 0.01076421929678778
217 230 3 0.18802456206843951 0.016223940230990802
218 230 2 0.17636556822488753 0.012573315632672166
224 230 3 0.1619972241889224 0.010113416058466634
225 230 3 0.15530380432976093 0.01131760173950272
226 230 2 0.14534419530399639 0.011023155516751482
134 231 3 0.15035593806619324 0.013100424235211933
135 231 3 0.15699151105399387 0.019735997223012558
142 231 3 0.18088440384609869 0.013680354658656524
143 231 3 0.18618574333628068 0.018981694148838518
150 231 3 0.22367873308165473 0.012723425641655545
151 231 3 0.22686292393074742 0.015907616490748233
152 231 3 0.23227779359493844 0.013472912097750034
153 231 3 0.23764581112817548 0.018840929630987074
206 231 3 0.23629271149068962 0.018939872028257532
207 231 3 0.23083945910650552 0.013503076684076576
208 231 3 0.22531203482568343 0.015970318891078528
209 231 3 0.22204180815186433 0.012700092217259429
216 231 3 0.18337324931348206 0.019580996721266702
217 231 3 0.17791352837927904 0.014121275787063681
224 231 3 0.1539206268933542 0.01959958710610929
225 231 3 0.14722720703419273 0.012906167246947819
0 232 0 0.046543471565203713 0.0021617424168784427
8 232 0 0.047264740835770612 0.002206720836365833
16 232 0 0.048705759308501864 0.0022974386881390654
24 232 0 0.050863413974839358 0.0028694545100204846
32 232 0 0.053732868484859843 0.0035745414480732041
40 232 0 0.057307409932933047 0.0042709106523333221
48 232 0 0.061578320585266369 0.0049564762353180719
56 232 0 0.066534796820584441 0.0056290494334640534
64 232 0 0.072163846254048494 0.0062861525367922666
72 232 0 0.078449998790840761 0.0069247391660600538
80 232 0 0.085374737956900815 0.0075408567866746407
88 232 0 0.092915594743575455 0.0081276051566018942
96 232 0 0.10104319990017735 0.0086657887111610682
104 232 0 0.10970898861133842 0.009101769417665162
112 232 0 0.11881075802900358 0.0093216045117083673
120 232 0 0.12813236254071195 0.010076473500365113
128 232 0 0.13725551383098131 0.011398274856629809
136 232 3 0.15603347395371828 0.019111281788575712
137 232 3 0.16277215104728454 0.012372604695009448
138 232 2 0.16420644995215408 0.010938305790139907
140 232 1 0.16720404918744217 0.014235823109114115
144 232 3 0.18296642013925069 0.017581344651120934
145 232 3 0.18974513678129198 0.010802628009079634
146 232 3 0.19639645238394671 0.015062766236740244
147 232 3 0.20042731448049322 0.012854730914087314
148 232 3 0.20623937766980252 0.01554713746646072
149 232 3 0.20940735258307544 0.0123791625531878
150 232 2 0.21095530743999918 0.015397648180175805
152 232 2 0.21880488149718841 0.01615692086436854
154 232 3 0.23167234706234274 0.018931203181274892
155 232 3 0.23716662381351619 0.013574032946072623
156 232 3 0.24274112660284239 0.016348598044516022
157 232 3 0.24667203916664626 0.01440842835963782
158 232 3 0.25253283466629411 0.016814170996653555
159 232 3 0.25699888530608994 0.015300930730343387
160 232 3 0.26435250383783948 0.02134897439912431
161 232 3 0.26777294003753532 0.017928538199428468
162 232 3 0.26988879675149419 0.015812681485469604
163 232 3 0.27096506323109282 0.014736415005870973
164 232 2 0.26844871126383069 0.017252766973133105
166 232 2 0.27103740792265879 0.014664070314305
168 232 2 0.2730171828629725 0.01675542336455077
170 232 2 0.27429805371374094 0.015474552513782325
172 232 1 0.27180741152049021 0.017965194707033061
176 232 1 0.27388778113426798 0.017126850879566613
180 232 1 0.27384179186261681 0.017172840151217783
184 232 1 0.27161581829704401 0.017893478713866373
188 232 2 0.27401480249664278 0.015494494514267598
190 232 2 0.27265089529305847 0.016858401717851912
192 232 2 0.27052594776436073 0.014602533827899555
194 232 2 0.26786068539110031 0.017267796201159979
196 232 3 0.27034905031900824 0.014779431273252042
197 232 3 0.2692434105583415 0.015885071033918785
198 232 3 0.2670927497241215 0.018035731868138782
199 232 3 0.26361733164905032 0.021511149943209962
200 232 3 0.25614399423660988 0.015366220571040534
201 232 3 0.25160000620768352 0.016914318907313319
202 232 3 0.24562955961574703 0.014457744414857504
203 232 3 0.24162396792760649 0.016436702331392161
204 232 3 0.23594356008461867 0.013615707220804463
205 232 3 0.2303650482285029 0.019034508265942052
206 232 2 0.21735283946243208 0.016213245836165485
208 232 2 0.20934171593460491 0.015447762332915838
210 232 3 0.2076504153604497 0.012357895348708653
211 232 3 0.20437963360353731 0.015628677105621047
212 232 3 0.19840589683491852 0.012911318440229802
213 232 3 0.19423732195133786 0.015204109607078409
214 232 3 0.1873308021246072 0.010874389406056173
215 232 3 0.18024486895260436 0.017960322578059018
216 232 1 0.16379225259221536 0.016522573607504309
220 232 2 0.16121797406706165 0.010892666180327387
222 232 3 0.15982186785116306 0.012288772396225972
223 232 3 0.15309385984221965 0.019016780405169381
224 232 0 0.13432103978724491 0.010976633696191285
232 232 0 0.12483018050029251 0.0096713001463450271
240 232 0 0.11515888035394749 0.0096713001463450271
248 232 0 0.10567223765734425 0.0094866426966032369
256 232 0 0.096559383920787931 0.00911285373655632
264 232 0 0.087909649955867877 0.0086497339649200533
272 232 0 0.079750299731327204 0.0081593502245406735
280 232 0 0.072085026432480895 0.007665273298846309
288 232 0 0.064912325433004389 0.0071727009994765056
296 232 0 0.058229186770821825 0.0066831386621825639
304 232 0 0.052030239714179395 0.0061989470566424301
312 232 0 0.046306899040332507 0.0057233406738468884
320 232 0 0.041047230349929999 0.0052596686904025081
328 232 0 0.036236233929425495 0.0048109964205045042
336 232 0 0.031856287627430875 0.0043799463019946194
344 232 0 0.027887632558184675 0.0039686550692462005
352 232 0 0.024308851244365357 0.0035787813138193174
360 232 0 0.021097313270163093 0.0032115379742022644
368 232 0 0.018229579127066683 0.00286773414309641
376 232 0 0.015681763787094564 0.0025478153399721183
384 232 0 0.013429866428489475 0.0022518973586050893
392 232 0 0.011450072524575923 0.0019797939039135522
400 232 0 0.0097190317458415963 0.0017310407787343267
408 232 0 0.0082141121587345385 0.0015049195871070578
416 232 0 0.0069136292884297195 0.001300482870304819
424 232 0 0.0057970480180881906 0.0011165812703415288
432 232 0 0.0048451557469220505 0.00095189227116614008
440 232 0 0.0040402062811124651 0.00080494946580958546
448 232 0 0.003366035190806381 0.00067417109030608411
456 232 0 0.002808148559438554 0.000557886631367827
464 232 0 0.002353788021294774 0.00045436053814377998
472 232 0 0.0019919756572579633 0.00036181236403681066
480 232 0 0.0017135426779454502 0.00027843297931251314
488 232 0 0.0015111458792518467 0.00020239679869360353
496 232 0 0.0013792756356970737 0.000131870243554773
504 232 0 0.0013142587393459245 6.5016896351149109e-05
136 233 3 0.14894025762067226 0.011684743789690949
137 233 3 0.15567893471423849 0.0089029858797916583
144 233 3 0.17433462539078293 0.0086317947484677582
145 233 3 0.17903279700629812 0.010927367056003612
146 233 3 0.18391420614208542 0.012482246241861283
147 233 3 0.18757258356640591 0.014951384053406264
148 233 3 0.19329228726329431 0.01294709040650821
149 233 3 0.19860289235237966 0.017886370286574693
154 233 3 0.2200597826702661 0.013939624579558135
155 233 3 0.22359259086744357 0.014476077062314185
156 233 3 0.2279769072304261 0.014764219372416287
157 233 3 0.23226361080700844 0.014962311326004007
158 233 3 0.23705007101500081 0.015482763651293308
159 233 3 0.24169795457574655 0.015881513052765472
160 233 3 0.24686830150769593 0.017484202330143556
161 233 3 0.25107908542298368 0.01669385461455164
162 233 3 0.2550448739849499 0.015647170057926291
163 233 3 0.25974995173125032 0.015274905121433147
196 233 3 0.25909032058984416 0.015336902711004907
197 233 3 0.25433061767618609 0.015717041810507565
198 233 3 0.2503100832665906 0.016782666457530904
199 233 3 0.24603405833757969 0.017583273311470637
200 233 3 0.24077777366556935 0.015951034359513477
201 233 3 0.23604768539817497 0.015552320809508552
202 233 3 0.23117181520088953 0.015018188920238512
203 233 3 0.2268019944296655 0.014821973497940982
204 233 3 0.22232785286381421 0.014521416176383944
205 233 3 0.21870835969085467 0.013970923598136425
210 233 3 0.19681335827285837 0.018000336539440442
211 233 3 0.19139072517523917 0.01298890842829814
212 233 3 0.18549457839468872 0.015078183072618573
213 233 3 0.18169361504799417 0.012543706903343693
214 233 3 0.17654682139499411 0.011027764933193435
215 233 3 0.17155144932872765 0.0086934196238767081
222 233 3 0.15281851429060006 0.0087146395518553077
223 233 3 0.14609050628165665 0.01176946649441174
136 234 2 0.14677594883444683 0.0095204350034655272
138 234 2 0.15514871027544841 0.012821940594356318
144 234 2 0.16810542995029451 0.01229795725073296
146 234 2 0.17262119951299965 0.016813726813438096
148 234 2 0.18071652206580496 0.015231067742032034
150 234 3 0.19315865071301716 0.017796656726982024
151 234 3 0.19795666780662957 0.012998639633369613
152 234 3 0.20227239293709282 0.016532488560095593
153 234 3 0.20420880150125395 0.014612831886597122
154 234 3 0.20612015809070797 0.015067104868127346
155 234 3 0.20911651380512938 0.015664838296472999
156 234 3 0.21325796188650567 0.014718945343920431
157 234 3 0.21730129948100443 0.015314484783917004
158 234 3 0.22164974200021403 0.015400329014786773
159 234 3 0.22581644152298108 0.016232347745225667
160 234 3 0.230283318723183 0.016584982784512925
161 234 3 0.23456804216420529 0.017110432876639881
162 234 3 0.23939770392702361 0.015951469594410767
163 234 3 0.24447504660981717 0.015669854215655532
164 234 3 0.2498884097738675 0.018560301489963182
165 234 3 0.25294720414193239 0.015501507121898295
166 234 3 0.25581132420613589 0.015226083716522898
167 234 3 0.25758180684585763 0.01345560107680116
168 234 2 0.25666967650045874 0.017728016032831306
170 234 2 0.26229216826072754 0.016195732201171598
188 234 2 0.26198452758658619 0.01621018645029243
190 234 2 0.25625767625184726 0.017780260300638673
192 234 3 0.25708326957084665 0.013442678193514079
193 234 3 0.25525755741617412 0.015268390348186611
194 234 3 0.25233261475474972 0.015528070636350588
195 234 3 0.24922818367173605 0.018632501719364258
196 234 3 0.24375341787883925 0.015731278363666723
197 234 3 0.23861357586567852 0.016019961914304159
198 234 3 0.23371981775595077 0.017188601565758715
199 234 3 0.22936999404367356 0.016664064293906128
200 234 3 0.22482673930605587 0.016302467900473849
201 234 3 0.22058464942652231 0.015463035971652661
202 234 3 0.21615362628065102 0.015373903487580692
203 234 3 0.21203169956506907 0.014770294864596439
204 234 3 0.20780643668743026 0.015721373238873848
205 234 3 0.20473743609271824 0.015103537689810348
206 234 3 0.20275794617144607 0.014624603973425937
207 234 3 0.20076460786431224 0.01658823159811984
208 234 3 0.19634153073572158 0.013000185198883324
209 234 3 0.19144637646765655 0.017895339466948351
210 234 2 0.17881302173341793 0.015289019990630842
212 234 2 0.17041639532207015 0.016973096317867808
214 234 2 0.16551905646180068 0.012075757457598341
220 234 2 0.15237626720075595 0.012190661611287096
222 234 2 0.14410387473874475 0.0097828349514998414
150 235 3 0.18296891930828577 0.010401618007145896
151 235 3 0.18540103880024228 0.01283373749910241
152 235 3 0.18807817081677267 0.014194222120320149
153 235 3 0.18959596961465683 0.014612831886597122
154 235 3 0.19105305322258062 0.016043842573324418
155 235 3 0.19345167550865638 0.018442464859400182
156 235 3 0.19859174482273731 0.014666217063768361
157 235 3 0.20198681469708743 0.016354646195734318
158 235 3 0.2063822639846061 0.015267478015607933
159 235 3 0.20958409377775541 0.01731729952311592
160 235 3 0.21382791755711608 0.016455401166066919
161 235 3 0.21745760928756541 0.019515712238699551
162 235 3 0.22344623433261285 0.015951469594410767
163 235 3 0.22880519239416164 0.015669854215655532
164 235 3 0.23362125455978935 0.016267155214078149
165 235 3 0.23757751878677186 0.015506026467284523
166 235 3 0.24161459767441812 0.015345956827739538
167 235 3 0.24674336184795703 0.015696424643402845
192 235 3 0.24622556619496333 0.015747840765042709
193 235 3 0.24102301476763743 0.015392055429068324
194 235 3 0.23692014886872351 0.015554590879689745
195 235 3 0.23290374022859092 0.016324443443145126
196 235 3 0.22802213951517253 0.015731278363666723
197 235 3 0.22259361395137436 0.016019961914304159
198 235 3 0.21653121619019206 0.019612064576245786
199 235 3 0.2128470328495321 0.016522961194141456
200 235 3 0.20852427140558202 0.017404706998430802
201 235 3 0.20526212059549656 0.01532252883102575
202 235 3 0.20077972279307033 0.016434857081008225
203 235 3 0.19731968090142829 0.014712018663640775
204 235 3 0.19208506344855641 0.018540598431609434
205 235 3 0.1896338984029079 0.016089433385960916
206 235 3 0.18813334219802014 0.014624603973425937
207 235 3 0.1865614153218618 0.014203192542450449
208 235 3 0.18376601986744256 0.012885349439672233
209 235 3 0.18123827126514352 0.010357600837373193
136 236 1 0.14232676968109209 0.0093658577777209762
140 236 1 0.14960779772607871 0.014999178897590365
144 236 1 0.15580747269956155 0.015216355323410036
148 236 2 0.16610749102495867 0.014609031040846293
150 236 2 0.17256730130113987 0.011617677753124139
152 236 1 0.1750092106492562 0.015535506641410429
156 236 2 0.18563216850135311 0.014657111258559258
158 236 2 0.19226679425463949 0.015716384626541263
160 236 2 0.19794189704886586 0.017700866373474872
162 236 3 0.20807537919510491 0.015370855137507938
163 236 3 0.21362675458702429 0.015178437807137346
164 236 3 0.21816021917697695 0.015461035382812405
165 236 3 0.22207149231948733 0.015839961088104398
166 236 3 0.22626864084667858 0.015977332095192393
167 236 3 0.23104693720455419 0.017050933472490259
168 236 3 0.23712647438600615 0.019543202114452596
169 236 3 0.24075684654924875 0.016284306836250068
170 236 3 0.24469369143865538 0.017598476822072162
171 236 3 0.24749918068045648 0.016357543806091723
172 236 3 0.2517763064846078 0.020031105035882402
173 236 3 0.25363275250669187 0.018174659013798333
174 236 3 0.25471700994790708 0.017090401572583125
175 236 3 0.25564207237112901 0.016650867480964893
176 236 3 0.25689272724458223 0.016995053889685752
177 236 3 0.2575373562010107 0.016350424933257279
178 236 3 0.25788536831770903 0.016002412816558953
179 236 3 0.25804056684887478 0.015847214285393207
180 236 3 0.25804007938882606 0.015801712473790752
181 236 3 0.25791314484703132 0.015928647015585495
182 236 3 0.25761682787815599 0.016224963984460827
183 236 3 0.25702610597765196 0.016815685884964848
184 236 3 0.25576524532561928 0.016189077670417773
185 236 3 0.25477708487681622 0.016838733420227792
186 236 3 0.25357753204204164 0.018038286255002367
187 236 3 0.25160543688623793 0.020010381410806077
188 236 3 0.24721343341095059 0.016346044088334621
189 236 3 0.24433524886163691 0.017649278724949286
190 236 3 0.24032073161742762 0.01632227099082087
191 236 3 0.23663410028498957 0.019623575966857681
192 236 3 0.23047772542992062 0.017109590108468742
193 236 3 0.22563095933856911 0.016022962517935557
194 236 3 0.22136555798903376 0.015892617417410937
195 236 3 0.21739091727820958 0.015512822950381339
196 236 3 0.21278673120215008 0.015235408313022447
197 236 3 0.20715922993609004 0.015434384015284325
198 236 2 0.19691915161394627 0.01776997290591581
200 236 2 0.19111956440715122 0.015773631593388071
202 236 2 0.1843448657120621 0.014704836135187194
204 236 1 0.17354446501694698 0.015558964825889587
208 236 2 0.17088067042777033 0.011621475138522713
210 236 2 0.16416062803710255 0.01465239369631538
212 236 1 0.15344329900420234 0.014599846916964448
216 236 1 0.14726967898471105 0.016522573607504309
220 236 1 0.14018560558946885 0.0091506304066444333
162 237 3 0.19724494403629003 0.013740878754764124
163 237 3 0.19942204494545882 0.015917979663932907
164 237 3 0.20327514692128779 0.014885072255689163
165 237 3 0.20623153123138294 0.016983697724644198
166 237 3 0.21029130875148619 0.015977332095192393
167 237 3 0.21399600373206393 0.019369433926392149
168 237 3 0.21997400952427562 0.017152464861730526
169 237 3 0.22447253971299869 0.016284306836250068
170 237 3 0.22814959707796983 0.016544094360685546
171 237 3 0.23114163687436476 0.016379005381760542
172 237 3 0.23405085569621953 0.017725450788388275
173 237 3 0.23609399262624142 0.01753875988045045
174 237 3 0.23763285432173148 0.017108267903085062
175 237 3 0.23899120489016412 0.016868656083692674
176 237 3 0.24034903147693565 0.016543695767646582
177 237 3 0.24134396437459169 0.016193391826419018
178 237 3 0.2419562855146187 0.015929082803090328
179 237 3 0.24224918208578419 0.015791384763090582
180 237 3 0.24228116233374278 0.015758917055083282
181 237 3 0.24207972095395788 0.015833423893073434
182 237 3 0.24161695117628493 0.015999876701871057
183 237 3 0.24081348899239288 0.016212616985259082
184 237 3 0.23957616765520151 0.016189077670417773
185 237 3 0.23808461263543676 0.016692472241379458
186 237 3 0.2362473180854788 0.01733021395656284
187 237 3 0.23395153641764985 0.017653900468588085
188 237 3 0.23086738932261597 0.016377978121436321
189 237 3 0.22776270856561032 0.016572540296026589
190 237 3 0.22399846062660675 0.01632227099082087
191 237 3 0.21942482381067316 0.017209276474316415
192 237 3 0.21336813532145188 0.019449018899223458
193 237 3 0.20960799682063355 0.016022962517935557
194 237 3 0.20547294057162283 0.017055787414349183
195 237 3 0.20246246123297276 0.014928456045236821
196 237 3 0.19853183087186468 0.015986151183761482
197 237 3 0.19629746396016201 0.013751784272058809
148 238 2 0.15524268715942313 0.014651569783271617
150 238 3 0.16238933895691682 0.010177962344223052
151 238 3 0.16733154427497332 0.0079950939108764663
156 238 2 0.1748353712372131 0.013612302171728125
158 238 2 0.17737101200333391 0.016147942937848936
160 238 2 0.18104966933908467 0.016892227709781188
162 238 2 0.18350406528152591 0.018236754185669529
164 238 2 0.18924783350673874 0.015505505569596623
166 238 2 0.19462656980567178 0.01751708643610328
168 238 3 0.20424948090000838 0.015724528624267237
169 238 3 0.20894817624484321 0.015524363468155472
170 238 3 0.2122120076995693 0.015937589378400535
171 238 3 0.21476263149260422 0.016379005381760542
172 238 3 0.21705292956728062 0.016997926128938912
173 238 3 0.21888466966934053 0.017209322956900891
174 238 3 0.22052458641864642 0.017283381896318978
175 238 3 0.22212254880647145 0.017340326332429296
176 238 3 0.22395665665893413 0.016392374818001515
177 238 3 0.22534685062504431 0.015997113749547376
178 238 3 0.22619551334485738 0.015760772169761322
179 238 3 0.22660220686740434 0.015646975218379849
180 238 3 0.22666615752842237 0.015615004805320409
181 238 3 0.2264350303929358 0.015644690561022079
182 238 3 0.22589410600080992 0.015722845175475009
183 238 3 0.2249751961236256 0.015838292868767284
184 238 3 0.2235837320613209 0.015992435593880611
185 238 3 0.22168144077198568 0.016403171863451083
186 238 3 0.21932021699505067 0.01704637717391011
187 238 3 0.21703187353535752 0.016919662882292325
188 238 3 0.21448941120117965 0.016377978121436321
189 238 3 0.21179896040381577 0.01596374816179455
190 238 3 0.20843686901741895 0.015561591609187797
191 238 3 0.20365240506323556 0.015772418747437594
192 238 2 0.19391911642222842 0.01756894964881428
194 238 2 0.18841715315727364 0.015550547745024151
196 238 2 0.1825456796881032 0.018300091561076176
198 238 2 0.1800006105533076 0.01691854106063867
200 238 2 0.17619125126499341 0.016187726427721622
202 238 2 0.17354496319311016 0.013541438355838376
208 238 3 0.16569300412886279 0.0080110601767164613
209 238 3 0.16063456051024078 0.010246109917529556
210 238 2 0.15330768760526792 0.014464235518030027
150 239 3 0.15439424504604038 0.013803127669888865
151 239 3 0.15933645036409685 0.01874533298794534
168 239 3 0.19340543162499077 0.013500359443777921
169 239 3 0.1948041491579196 0.014899076976706754
170 239 3 0.19691494991866398 0.015297057780905315
171 239 3 0.19854320001565323 0.016499523277513861
172 239 3 0.20037433506244418 0.016678594504836441
173 239 3 0.20168665107142292 0.017582053886863541
174 239 3 0.20324120452232744 0.017447611290728471
175 239 3 0.20478222247404215 0.018988629242443184
176 239 3 0.20777583413294853 0.0161808225259856
177 239 3 0.20968588551827322 0.015660965106771091
178 239 3 0.21071225157894832 0.015483261765909057
179 239 3 0.21117529255913756 0.015426914308266787
180 239 3 0.21125646375319687 0.015409693775225497
181 239 3 0.21103154637436017 0.015403484018575636
182 239 3 0.21049201243652324 0.015402093564286679
183 239 3 0.20955758413019601 0.015417611993429586
184 239 3 0.20805275607171772 0.01553097598960318
185 239 3 0.20568939253729948 0.015992048234686196
186 239 3 0.20227383982114056 0.018546570358510373
187 239 3 0.20032121359183713 0.01671065994352039
188 239 3 0.19821571834519469 0.016663055308890562
189 239 3 0.19646465118850087 0.015334309215314895
190 239 3 0.19425733468690104 0.014953309730488556
191 239 3 0.19279116173132524 0.013487136774912756
208 239 3 0.15768194395214633 0.018838491864908435
209 239 3 0.15262350033352431 0.013780048246286425
0 240 0 0.04438172914832527 0.0023144747269340238
8 240 0 0.045058019999404779 0.0023611531704738828
16 240 0 0.046408320620362799 0.0024551511560098882
24 240 0 0.048427956187883849 0.002681684809289625
32 240 0 0.051109640997173474 0.0033335367091398907
40 240 0 0.054443177706313364 0.0039719273031243729
48 240 0 0.058415105009437737 0.0045932082665892937
56 240 0 0.063008313276027031 0.0051932795972770146
64 240 0 0.068201592873304046 0.0057674403931474161
72 240 0 0.073969033266451462 0.0063102597563444995
80 240 0 0.080279293022795961 0.0068155741924460361
88 240 0 0.087094867215241997 0.0072753451669945179
96 240 0 0.094370212382236515 0.0076725105086141304
104 240 0 0.10204272289085065 0.0079623180199498711
112 240 0 0.11000504091080052 0.008805717118203063
120 240 0 0.11805588904034683 0.010076473500365113
128 240 0 0.1258572389743515 0.011398274856629809
136 240 0 0.13296091190337112 0.011813116238305041
144 240 0 0.14059111737615151 0.015339627689752194
152 240 3 0.15699712804961272 0.018012082599643486
153 240 3 0.16236441779353028 0.012644792855725923
154 240 2 0.16205772340752142 0.012951487241734783
156 240 1 0.16122306906548498 0.015559961737437511
160 240 1 0.16526731109585638 0.017009556214448912
164 240 2 0.17397943772445085 0.015268395782287891
166 240 2 0.17814835585672312 0.016478213948948661
168 240 2 0.17990507218121285 0.01468614432935969
170 240 2 0.18204367673813937 0.015744850488014189
172 240 2 0.18410459718455938 0.01692589588237417
174 240 2 0.18579359323159897 0.018218120266585841
176 240 3 0.19247474078176299 0.015301093351185541
177 240 3 0.19472345321150877 0.014962432306764445
178 240 3 0.19564244737325909 0.015069804205689236
179 240 3 0.19601871283071307 0.015156579728424491
180 240 3 0.19607236007909273 0.015184103674104138
181 240 3 0.19588253130659683 0.015149015067763338
182 240 3 0.19543578115608146 0.015056231280441784
183 240 3 0.19466665610291517 0.014890928027280842
184 240 2 0.1859993979229338 0.014979139932423474
186 240 2 0.18372726946263018 0.017570257243858661
188 240 2 0.18155266303630413 0.015817111829534741
190 240 2 0.17930402495641248 0.014683172557536261
192 240 2 0.1774203577817372 0.016498758640491218
194 240 2 0.17311916237278882 0.015297990784484822
196 240 1 0.16424558812702703 0.017027556993678389
200 240 1 0.16000352483727179 0.015516902264228111
204 240 2 0.16066898855690462 0.012875476460042362
206 240 3 0.16088632040492043 0.012658144612026551
207 240 3 0.15542943069436491 0.018115034322582074
208 240 0 0.13884345208723789 0.014993299851889075
216 240 0 0.13103497518282442 0.012692667104265504
224 240 0 0.12334440609105363 0.010976633696191285
232 240 0 0.11515888035394749 0.0096713001463450271
240 240 0 0.1067294652787983 0.0084294150751491881
248 240 0 0.098361675821917433 0.0083677894568808669
256 240 0 0.090235640771090656 0.008126035050826777
264 240 0 0.08243829398623756 0.0077973467848530958
272 240 0 0.075008979062425249 0.0074293149238123107
280 240 0 0.06796986117717814 0.0070391178852471092
288 240 0 0.061337068184547081 0.0066327929926310591
296 240 0 0.055122004621027003 0.0062150635635200777
304 240 0 0.049330624419975544 0.005791380201051459
312 240 0 0.043963280909796593 0.0053673435101789513
320 240 0 0.039015212372325164 0.0049480685374714284
328 240 0 0.034477277880472994 0.0045379344918521705
336 240 0 0.030336721953720103 0.0041405559267528903
344 240 0 0.026577889433467214 0.0037588325202528895
352 240 0 0.023182867383854354 0.00339502204961286
360 240 0 0.020132049699687835 0.0030508176841665194
368 240 0 0.01740462995526431 0.0027274197444235246
376 240 0 0.014979033564776414 0.0024255963904878958
384 240 0 0.012833301265644208 0.002145732299132206
392 240 0 0.010945433411393399 0.0018878678542508086
400 240 0 0.0092937007152881917 0.0016517326961052077
408 240 0 0.0078569236849331883 0.0014367770303550034
416 240 0 0.0066147208703019019 0.0012422028146312864
424 240 0 0.005547725279230746 0.0010669955910711558
432 240 0 0.0046377685594294572 0.00090995671980128884
440 240 0 0.0038680333706542936 0.00076973518877516359
448 240 0 0.0032231754059831481 0.00064485796467114546
456 240 0 0.0026894175138160487 0.00053375789216709947
464 240 0 0.0022546191751814434 0.00043479833863460529
472 240 0 0.0019083251339100224 0.00034629404127142099
480 240 0 0.0016417972386588912 0.00026652789525113117
488 240 0 0.0014480335425767681 0.00019376369608212316
496 240 0 0.0013217784418436474 0.00012625510073312066
504 240 0 0.0012595271511652009 6.225129067844652e-05
152 241 3 0.15000560291041623 0.009414485534264716
153 241 3 0.15537289265433379 0.0083260927663221795
176 241 3 0.18147307073316299 0.014874371185364971
177 241 3 0.18096329146007906 0.014364591912281038
178 241 3 0.18100846585835995 0.014730486134359455
179 241 3 0.18110346312499156 0.014915249705721501
180 241 3 0.18107114054620649 0.015001219532886245
181 241 3 0.18094410614743464 0.014938425159162189
182 241 3 0.18066325511263748 0.014772526043443979
183 241 3 0.18029918384114571 0.014367472261769459
206 241 3 0.15388307895470224 0.0083476062186760569
207 241 3 0.14842618924414669 0.0095827371569087993
152 242 2 0.14704679988801161 0.0064556825118601002
154 242 2 0.15304905689780818 0.011241926116704021
164 242 2 0.16315781003968341 0.01382711745995463
166 242 2 0.16398072161023652 0.014650029030507744
168 242 2 0.16521892785185316 0.01468614432935969
170 242 2 0.16629882625012518 0.015744850488014189
172 242 2 0.16731034628858413 0.016794250895975249
174 242 2 0.16769524306300315 0.018098350168595817
176 242 2 0.16659869954779802 0.015226739921513965
178 242 2 0.16627797972400049 0.014906020097716438
180 242 2 0.16613094993822691 0.014876673408593666
182 242 2 0.16594711975995385 0.014692496389129117
184 242 2 0.16585896798197031 0.014981906706800663
186 242 2 0.16656777534809647 0.017159494114533713
188 242 2 0.16573555120676939 0.015817111829534741
190 242 2 0.16462085239887622 0.014683172557536261
192 242 2 0.16324594606493562 0.014676761830982654
194 242 2 0.16231015011635508 0.013740965882402117
204 242 2 0.15167177986403463 0.011243959308514739
206 242 2 0.14553547273602618 0.0066920206487882938
152 244 1 0.14180713078110416 0.011032169697426319
156 244 1 0.14566310732804746 0.015559961737437511
160 244 1 0.14867514899702849 0.016592162098827884
164 244 1 0.14933069257972878 0.01507365086593046
168 244 1 0.15065091711143133 0.015107959939557825
172 244 1 0.15130777537746778 0.016195019298325869
176 244 1 0.15137195962628405 0.015066380009615216
180 244 1 0.15125462337082474 0.014784411478265647
184 244 1 0.15087706127516964 0.015336310389863744
188 244 1 0.15013107984111229 0.015047121961710513
192 244 1 0.14856918423395296 0.015070748270494372
196 244 1 0.1477331680760138 0.016512420051013221
200 244 1 0.14448662257304368 0.015516902264228111
204 244 1 0.14042782055551989 0.010775145365176486
0 248 0 0.042067254421391247 0.0024299451922453127
8 248 0 0.042696866828930896 0.002477367814451549
16 248 0 0.043953169464352911 0.0025727167307793772
24 248 0 0.045830183019432272 0.0027170055642715754
32 248 0 0.048318604537369615 0.0030868160241175266
40 248 0 0.051405420561487142 0.0036680003127850525
48 248 0 0.055073420874272194 0.0042272098797080937
56 248 0 0.059300630753980288 0.0047590184116595713
64 248 0 0.064059649165639859 0.005257202043466136
72 248 0 0.069316851209105995 0.0057146322798005411
80 248 0 0.075031483488906536 0.0061233112011654656
88 248 0 0.081154794690072002 0.0064738533822027988
96 248 0 0.087628648072274801 0.0067513558155904846
104 248 0 0.094380003887865285 0.0076627190029853604
112 248 0 0.10130399319272028 0.0087010477180802376
120 248 0 0.10823518931837149 0.0098206997219753428
128 248 0 0.11493448976710154 0.010922749207249963
136 248 0 0.12114779566506607 0.011813116238305041
144 248 0 0.12679065166663414 0.013800465709517373
152 248 0 0.13077496108367784 0.012960157970897973
160 248 0 0.13425704171379832 0.014745879074580331
168 248 0 0.13613545187517193 0.014843894369277633
176 248 0 0.13659461121215197 0.014718680286402441
184 248 0 0.1357502503704259 0.014753820187715067
192 248 0 0.13349843596345859 0.014652740191524793
200 248 0 0.1296526751903434 0.012804546373938352
208 248 0 0.12529899893895591 0.013544453148281982
216 248 0 0.11931844082133197 0.011716534361492448
224 248 0 0.11273752206977493 0.010606884021278698
232 248 0 0.10567223765734425 0.0094866426966032369
240 248 0 0.098361675821917433 0.0083677894568808669
248 248 0 0.091031115976438606 0.0073305598454788262
256 248 0 0.083828620989921054 0.0072024949865175519
264 248 0 0.076838746229987001 0.0069898747599340533
272 248 0 0.070112803966056653 0.0067259422639303484
280 248 0 0.063688039998355817 0.0064247639677008361
288 248 0 0.057593852744160297 0.0060941872541955197
296 248 0 0.051852318776958554 0.0057415339672017424
304 248 0 0.046477991250992799 0.0053743275259657552
312 248 0 0.041478314378583507 0.0049996768724092921
320 248 0 0.036854485047774076 0.0046238293308094314
328 248 0 0.032602437076576007 0.0042520479711980683
336 248 0 0.028713784186548318 0.0038886528900276898
344 248 0 0.025176667977997707 0.0035371162085506107
352 248 0 0.021976500213200797 0.0032001677647969101
360 248 0 0.019096604625546919 0.0028798955876538773
368 248 0 0.016518771029987878 0.0025778335955590412
376 248 0 0.014223737333627281 0.0022950336963605978
384 248 0 0.012191613858619072 0.0020321234750082084
392 248 0 0.010402260753023635 0.0017893531055954374
400 248 0 0.0088356250804230204 0.0015666356726006143
408 248 0 0.0074720407924936914 0.001363584287929329
416 248 0 0.0062924927398519464 0.001179548052641745
424 248 0 0.005278845101941031 0.0010136476379109154
432 248 0 0.0044140347649364508 0.0008648103370045802
440 248 0 0.0036822308459546534 0.0007318039189817974
448 248 0 0.0030689624219572835 0.00061326842399736991
456 248 0 0.0025612173473921699 0.00050774507456511362
464 248 0 0.0021475157038192846 0.00041370164357288535
472 248 0 0.0018179618528082989 0.00032955385101098565
480 248 0 0.001564279238614692 0.00025368261419360686
488 248 0 0.0013798320137733268 0.00018444722484136527
496 248 0 0.0012596372583303479 0.00012019475544297891
504 248 0 0.0012003710607984043 6.2734163430049495e-05
0 256 0 0.039637309229145934 0.0025085539175324703
8 256 0 0.040219499014479347 0.0025558739414114767
16 256 0 0.041380452733573533 0.0026508767893217988
24 256 0 0.043113177455160696 0.0027942821599742165
32 256 0 0.045406831755191869 0.0029871553989922958
40 256 0 0.048246310359281619 0.0033653997124823282
48 256 0 0.051611710071763947 0.0038659863204833778
56 256 0 0.055477696392247325 0.0043350811695865438
64 256 0 0.059812777561833869 0.0047656953884759323
72 256 0 0.064578472950309801 0.0051499165649977474
80 256 0 0.069728389515307548 0.0054788974415989344
88 256 0 0.075207286956906483 0.0059475077331655191
96 256 0 0.080949900573208083 0.0066787474990667173
104 256 0 0.08687773874714716 0.0075022651407181257
112 256 0 0.092890047027558154 0.0084139461651621256
120 256 0 0.098848573790474722 0.0093866155278967689
128 256 0 0.10457003949278913 0.010364450274312403
136 256 0 0.10984726983567296 0.011300525829393115
144 256 0 0.11447454288732364 0.012316108779310497
152 256 0 0.11811008585657104 0.012664875227106798
160 256 0 0.12087954900562621 0.013377492708172109
168 256 0 0.12250166470210039 0.013633787173071538
176 256 0 0.1229339450749744 0.013660666137177563
184 256 0 0.12218273564065238 0.013567514729773522
192 256 0 0.12024360488358632 0.01325483107987227
200 256 0 0.11715349653021695 0.012499178660126453
208 256 0 0.11319022879895285 0.012108770140003056
216 256 0 0.1082385411742057 0.011079899647126273
224 256 0 0.10262733385062221 0.010110188219152716
232 256 0 0.096559383920787945 0.0091128537365563062
240 256 0 0.090235640771090656 0.008126035050826777
248 256 0 0.083828620989921054 0.0072024949865175519
256 256 0 0.077461382725018388 0.0063672382649026665
264 256 0 0.071216551189586391 0.0062448315354319966
272 256 0 0.065153612954054793 0.0060629382355315981
280 256 0 0.059319490288426563 0.0058341226656282302
288 256 0 0.05375188678883841 0.0055676034995881529
296 256 0 0.048479736295906975 0.005272150492931435
304 256 0 0.043523469499564892 0.0049562667963420834
312 256 0 0.038895730327589251 0.0046277391719756408
320 256 0 0.034602372505828323 0.0042933578217609278
328 256 0 0.030643513522032324 0.0039588589837959987
336 256 0 0.027014529906081757 0.0036289836159505671
344 256 0 0.023706950896971234 0.0033075790091105228
352 256 0 0.020709241209991174 0.0029977096869800608
360 256 0 0.018007479190044251 0.0027017620199469225
368 256 0 0.015585944088669829 0.0024215351013744217
376 256 0 0.013427628239064328 0.0021583158496055015
384 256 0 0.011514688112795417 0.0019129401262689104
392 256 0 0.0098288445449719528 0.0016858435678234647
400 256 0 0.0083517385449468785 0.0014771060000250743
408 256 0 0.0070652461242546212 0.0012864924206922573
416 256 0 0.0059517538232638795 0.0011134923009907417
424 256 0 0.004994395981307318 0.00095735784195656159
432 256 0 0.004177254943142303 0.00081714103816501495
440 256 0 0.0034855259770810989 0.00069172896606120408
448 256 0 0.0029056494147600884 0.0005798765623210105
456 256 0 0.0024254132174628788 0.00048023619729720959
464 256 0 0.0020340297159606958 0.00039138350150218302
472 256 0 0.0017221906035081987 0.00031183911245249714
480 256 0 0.001482104365296533 0.0002400862382116657
488 256 0 0.0013075202053702076 0.00017458415992632542
496 256 0 0.0011937422006929436 0.00011377800467726393
504 256 0 0.0011376368973683548 6.5447046058198432e-05
0 264 0 0.037128755311613464 0.0025516166487497896
8 264 0 0.03766362507306787 0.0025981090660044046
16 264 0 0.038729575944251735 0.00269132224366396
24 264 0 0.04031889529518648 0.0028316991513916354
32 264 0 0.042419676356199573 0.00301986954135431
40 264 0 0.045015417761462312 0.003256607906225166
48 264 0 0.048084505834786656 0.0035427778433223533
56 264 0 0.05159960106054217 0.0039273484473139678
64 264 0 0.055526949507856138 0.0042986791501457775
72 264 0 0.059825628658001916 0.0047528442923078854
80 264 0 0.064446736448269898 0.0052816530670376505
88 264 0 0.06933254894621127 0.005874738010695213
96 264 0 0.074415539557190408 0.0065343610160176757
104 264 0 0.079616484772019172 0.0072612539751279875
112 264 0 0.084839958760970807 0.0080500882665873463
120 264 0 0.089966951889649413 0.0088816219008253094
128 264 0 0.094850625572237945 0.009719413920551187
136 264 0 0.099324302723479904 0.010522967112193055
144 264 0 0.10321505224835043 0.011259490638973219
152 264 0 0.10634655734836232 0.01176352850820872
160 264 0 0.10865809786209761 0.0122214511435286
168 264 0 0.11003062121812467 0.012471043483975722
176 264 0 0.11040298146309553 0.012530963611878873
184 264 0 0.10975723266867235 0.012425502971980029
192 264 0 0.10810798194962576 0.01213562293396056
200 264 0 0.10551140535994893 0.011642091170268015
208 264 0 0.10208647350412808 0.011103755294824769
216 264 0 0.097897639920016766 0.010340901254188933
224 264 0 0.093116081292322045 0.0095112525583001678
232 264 0 0.087909649955867891 0.0086497339649200533
240 264 0 0.08243829398623756 0.0077973467848530958
248 264 0 0.076838746229987001 0.0069898747599340533
256 264 0 0.071216551189586391 0.0062448315354319966
264 264 0 0.065651502197064268 0.005565048992522123
272 264 0 0.060206533097027767 0.0054449691000365008
280 264 0 0.05493309585046946 0.0052734372465583074
288 264 0 0.04987300018857263 0.0050600956618968296
296 264 0 0.045058916561474267 0.0048140836270983631
304 264 0 0.040514875301208439 0.0045440412602658284
312 264 0 0.036257054806136058 0.0042578204950723814
320 264 0 0.032294749353971287 0.0039623054521647702
328 264 0 0.028631375730301591 0.0036633736236696968
336 264 0 0.025265433407097977 0.0033659423232036134
344 264 0 0.022191378621312957 0.0030740547857850201
352 264 0 0.019400399899822611 0.0027909787214903461
360 264 0 0.01688109811074183 0.0025193017890807815
368 264 0 0.01462008192782327 0.0022610161829185599
376 264 0 0.012602491752388067 0.0020175901754352025
384 264 0 0.010812463673920388 0.0017900280784676793
392 264 0 0.0092335419891595508 0.0015789216847608371
400 264 0 0.0078490456830321888 0.001384496306127362
408 264 0 0.0066423919466837306 0.0012066537363484581
416 264 0 0.0055973785091931599 0.0010450134374905707
424 264 0 0.0046984261611480692 0.00089895234804509075
432 264 0 0.003930783069733719 0.00076764309141435019
440 264 0 0.0032806930378281051 0.00065009003190561387
448 264 0 0.0027355305138760024 0.0005451625239521027
456 264 0 0.0022839057588457416 0.00045162475503026083
464 264 0 0.0019157440287054055 0.00036816173014033609
472 264 0 0.0016223428890578102 0.00029340113964759535
480 264 0 0.0013964118267554377 0.00022593106230237242
488 264 0 0.0012320981646337459 0.00016431366212169181
496 264 0 0.0011250029352854339 0.00010709522934831202
504 264 0 0.0010721898513101564 6.7296454568283081e-05
0 272 0 0.034577138662863674 0.0025612263937038887
8 272 0 0.035065516007063466 0.0026062921375125392
16 272 0 0.036038253700587775 0.0026965300524168095
24 272 0 0.037487196143794844 0.0028321352246412079
32 272 0 0.039399806814845263 0.00301986954135431
40 272 0 0.041758809855237146 0.003256607906225166
48 272 0 0.044541727991464303 0.0035427778433223533
56 272 0 0.047720339085124026 0.003879261975418144
64 272 0 0.051260079418017246 0.0042668700898388923
72 272 0 0.055119418102759762 0.0047062105552421532
80 272 0 0.059249217773208671 0.0051975186750612273
88 272 0 0.063592086983976892 0.0057404619622343778
96 272 0 0.068081668400183773 0.0063338711570066347
104 272 0 0.072641560567193661 0.0069749242048255111
112 272 0 0.077183251552160381 0.007656707208810426
120 272 0 0.081603067259439208 0.0083638846302102055
128 272 0 0.085780755139598874 0.0090698704326390711
136 272 0 0.089584047781249274 0.0097402549422306306
144 272 0 0.092878903424476397 0.010336148823874028
152 272 0 0.095542593224887146 0.010803964123475174
160 272 0 0.097491419788809264 0.011166678073288347
168 272 0 0.098646776422318533 0.011383844795806133
176 272 0 0.098957313900197644 0.011445667562897888
184 272 0 0.098404412542325362 0.011352820126346988
192 272 0 0.097002905728749519 0.011105076220876239
200 272 0 0.094800549194874822 0.010710856165074112
208 272 0 0.0918751815530362 0.010211291951091883
216 272 0 0.088310584596943395 0.0095870553230733707
224 272 0 0.084225957907146598 0.0088901233851754469
232 272 0 0.079750299731327204 0.0081593502245406874
240 272 0 0.075008979062425249 0.0074293149238123107
248 272 0 0.070112803966056667 0.0067259422639303346
256 272 0 0.065153612954054807 0.0060629382355315842
264 272 0 0.060206533097027774 0.0054449691000364939
272 272 0 0.055333950161085332 0.0048725829359424419
280 272 0 0.050588014458252201 0.0047459357028331317
288 272 0 0.04601164052315479 0.0045763739350974109
296 272 0 0.041638967208754388 0.0043726733144004021
304 272 0 0.037495880655138848 0.0041430865536155395
312 272 0 0.033600735560299438 0.0038951450948394098
320 272 0 0.029965210892499632 0.0036355246677998061
328 272 0 0.026595208478988164 0.0033700024135114685
336 272 0 0.023491727658883833 0.0031034808201043304
344 272 0 0.020651678041802523 0.0028400496170813104
352 272 0 0.018068614572672729 0.0025830634691297941
360 272 0 0.015733393618305353 0.0023352209543673758
368 272 0 0.013634756489503227 0.0020986371288021256
376 272 0 0.011759849288575718 0.0018749072009275093
384 272 0 0.010094687234092074 0.0016651620544836446
392 272 0 0.0086245695145247044 0.0014701177195673692
400 272 0 0.0073344485583063234 0.001290120956218381
408 272 0 0.0062092560474530465 0.0011251925108532769
416 272 0 0.0052341872219320625 0.00097506882552098398
424 272 0 0.0043949449129869365 0.00083924230894512602
432 272 0 0.0036779450840884217 0.00071699982889851478
440 272 0 0.0030704862231560864 0.00060745886093233536
448 272 0 0.0025608855405919641 0.00050960068256412222
456 272 0 0.002138585463035247 0.00042230007755671714
464 272 0 0.0017942343004457547 0.00034435116258949234
472 272 0 0.0015197451681767595 0.00027448913226899518
480 272 0 0.0013083372544677775 0.000211407913708982
488 272 0 0.0011545633414681942 0.00015377391299958333
496 272 0 0.0010543271290436274 0.00010023621242456673
504 272 0 0.0010048933967418733 6.8303284816257411e-05
0 280 0 0.032015912269159785 0.0025612263937038887
8 280 0 0.032459223869550927 0.0026062921375125392
16 280 0 0.033341723648170965 0.0026965300524168095
24 280 0 0.034655060919153637 0.0028321352246412079
32 280 0 0.036386451713119064 0.0030133551017261992
40 280 0 0.038518375959302568 0.0032404338959345774
48 280 0 0.041028190255683904 0.003513537735780399
56 280 0 0.043887678128710507 0.0038326609564135194
64 280 0 0.047062567978210672 0.0041975114398065741
72 280 0 0.050512050648788574 0.0046073674539711881
80 280 0 0.05418832141855201 0.0050608963546566604
88 280 0 0.058036156865334872 0.0055559301186420204
96 280 0 0.061992506451644488 0.0060891619485392845
104 280 0 0.065986003592917203 0.0066555569742764581
112 280 0 0.069936239608193215 0.007247011943967166
120 280 0 0.073752958846633396 0.0078501084128058118
128 280 0 0.077336390973867117 0.0084443641657317575
136 280 0 0.080580723948652025 0.0090033238325972487
144 280 0 0.083381156682627217 0.0094977467418491807
152 280 0 0.085642910461531219 0.009899682763355927
160 280 0 0.087290535560752239 0.010200884228057025
168 280 0 0.088263090417884785 0.010383686004433748
176 280 0 0.088520150568609152 0.010437163331588492
184 280 0 0.088046610316954779 0.010357802225370583
192 280 0 0.086854439465803956 0.010148466262945563
200 280 0 0.084981205123794992 0.0098193440710798302
208 280 0 0.082486060295459337 0.0093891212575768629
216 280 0 0.079442661329663752 0.0088679232672796426
224 280 0 0.075942352798518742 0.0082836051086278562
232 280 0 0.072085026432480895 0.007665273298846309
240 280 0 0.067969861177178154 0.0070391178852470954
248 280 0 0.06368803999835583 0.0064247639677008361
256 280 0 0.05931949028842657 0.0058341226656282372
264 280 0 0.054933095850469474 0.0052734372465583004
272 280 0 0.050588014458252208 0.0047459357028331248
280 280 0 0.046334623600011796 0.004253390858240412
288 280 0 0.042214972711695636 0.0041196508883161592
296 280 0 0.038263099787893669 0.0039518729238019676
304 280 0 0.034505458873457087 0.0037576409144365816
312 280 0 0.030961512251349538 0.0035439466221075487
320 280 0 0.027644442798781518 0.0033170694525680201
328 280 0 0.024561920341733927 0.0030825224570475915
336 280 0 0.021716867005504854 0.0028450533362290725
344 280 0 0.019108185995242846 0.0026086810102620081
352 280 0 0.016731435952325201 0.0023767500429176455
360 280 0 0.014579445588357325 0.0021519903639678761
368 280 0 0.012642870334746512 0.0019365752536108123
376 280 0 0.010910695439771205 0.0017321748949753069
384 280 0 0.0093706899882418631 0.0015400054515293422
392 280 0 0.0080098152258335498 0.0013608747624083133
400 280 0 0.0068145893649651564 0.0011952258608683933
408 280 0 0.0057714102453970493 0.0010431791195681071
416 280 0 0.0048668369550106186 0.00090457329038643071
424 280 0 0.0040878317036723965 0.00077900525133822209
432 280 0 0.0034219637214816293 0.00066586798219076719
440 280 0 0.0028575775554519054 0.00056438616602972388
448 280 0 0.0023839287333719452 0.00047364882207996022
456 280 0 0.0019912902601744607 0.00039263847319748451
464 280 0 0.0016710337574135617 0.00032025650276089898
472 280 0 0.0014156892246457134 0.0002553445327678483
480 280 0 0.0012189873857500898 0.00019670183889562362
488 280 0 0.0010758883892992962 0.00014309899645079355
496 280 0 0.00098260027436377641 9.3288114935519834e-05
504 280 0 0.00093659011192561586 6.8505774525473226e-05
0 288 0 0.029475809413960451 0.0025401028551993339
8 288 0 0.029875957188687654 0.0025832666808632727
16 288 0 0.030672128848959538 0.002669594799211427
24 288 0 0.031855991830134593 0.0027990690890190434
32 288 0 0.033414837738451289 0.002971613974667775
40 288 0 0.035331339077727016 0.0031870368815755529
48 288 0 0.037583242310927481 0.0034449479447564227
56 288 0 0.040143018111212452 0.0037446600174980554
64 288 0 0.042977498153228856 0.0040850698249818157
72 288 0 0.046047532577272482 0.0044645180715160923
80 288 0 0.049307699999559369 0.0048806214189926408
88 288 0 0.052706092544602692 0.0053300643207321793
96 288 0 0.056184183855148277 0.0058083225964962112
104 288 0 0.059676771896301092 0.0063092316966161105
112 288 0 0.063112004372505609 0.0068242352356876063
120 288 0 0.066411661676251815 0.0073412971703815805
128 288 0 0.06949228312791704 0.0078441078459500768
136 288 0 0.072267995120481626 0.0083127288281703987
144 288 0 0.074655247315352585 0.0087259093672746313
152 288 0 0.076578449346337854 0.0090644611151933646
160 288 0 0.077974810438826828 0.0093157251219254111
168 288 0 0.07879552200672893 0.009467568411155855
176 288 0 0.079008783571430694 0.0095113669971784581
184 288 0 0.078602708096153065 0.0094439022208017143
192 288 0 0.077586494944062959 0.0092679445217409978
200 288 0 0.075989360937991468 0.0089918441858035242
208 288 0 0.073857775281031629 0.0086282850144277085
216 288 0 0.071251925167910554 0.0081907361617531982
224 288 0 0.068243843425384726 0.007698509373134016
232 288 0 0.064912325433004389 0.0071727009994765056
240 288 0 0.061337068184547087 0.0066327929926310661
248 288 0 0.057593852744160297 0.0060941872541955336
256 288 0 0.053751886788838417 0.0055676034995881529
264 288 0 0.04987300018857263 0.0050600956618968435
272 288 0 0.046011640523154797 0.0045763739350974109
280 288 0 0.042214972711695643 0.0041196508883161523
288 288 0 0.038522948165556403 0.0036920245461392401
296 288 0 0.034968442410130494 0.0035545057554259088
304 288 0 0.031577543404726058 0.0033908990054044366
312 288 0 0.028369998143355436 0.0032075452613706222
320 288 0 0.025359777692298812 0.0030102204510566236
328 288 0 0.02255570755758525 0.002804070134713562
336 288 0 0.019962116954803332 0.0025935906027819179
344 288 0 0.017579474520404353 0.0023826424343989794
352 288 0 0.0154049917658216 0.0021744827545827523
360 288 0 0.013433185801615795 0.0019718059642058056
368 288 0 0.01165639893897508 0.0017767868626407148
376 288 0 0.010065275533742656 0.0015911234052324238
384 288 0 0.0086491971468501613 0.0014160783868924949
392 288 0 0.0073966768885755626 0.0012525202582745988
400 288 0 0.0062957134515021747 0.0011009634370733878
408 288 0 0.0053341051980622545 0.00096160825343992017
416 288 0 0.0044997248551852395 0.00083438034287701499
424 288 0 0.0037807558263524975 0.00071896902883274204
432 288 0 0.0031658917449653174 0.0006148640813871801
440 288 0 0.0026445015445475681 0.00052139020041774928
448 288 0 0.0022067629171453598 0.00043773862740220833
456 288 0 0.0018437675078207785 0.00036299540932458125
464 288 0 0.0015476015135179294 0.00029616599430284918
472 288 0 0.0013114055021985701 0.00023619601131935923
480 288 0 0.0011294172406919819 0.0001819882615065882
488 288 0 0.00099700112477298921 0.00013241611591899272
496 288 0 0.00091066745710831744 8.6333667664671774e-05
504 288 0 0.00086808433740014263 6.8505774525473226e-05
0 296 0 0.026984371692604096 0.0024914377213563557
8 296 0 0.027343615818161342 0.0025323413705263115
16 296 0 0.028058068129316528 0.0026140607196430098
24 296 0 0.029119590480472125 0.0027364013496624685
32 296 0 0.030515812989068171 0.0028990247493831181
40 296 0 0.032229948153277135 0.0031013909244498802
48 296 0 0.034240561039347563 0.0033426812715799184
56 296 0 0.036521315093561248 0.0036217030176512038
64 296 0 0.039040720796365252 0.0039367773568636036
72 296 0 0.041761920225125052 0.0042856123521474304
80 296 0 0.044642542045326049 0.0046651579542333205
88 296 0 0.047634657784180433 0.0050714347604222595
96 296 0 0.050684864325840996 0.0054993195293072811
104 296 0 0.053734516996364293 0.0059422548999367997
112 296 0 0.056720160499505075 0.0063918438730005342
120 296 0 0.05957428671856007 0.0068373749576917456
128 296 0 0.062226696612138963 0.0072655865157780775
136 296 0 0.064606803875554591 0.0076611912449270347
144 296 0 0.066646909604119051 0.0080083377112335347
152 296 0 0.06828589691662168 0.008292552429716174
160 296 0 0.069472475051546759 0.0085023353872800689
168 296 0 0.070167278008814296 0.0086282439979146336
176 296 0 0.070344995636393071 0.0086637879350376229
184 296 0 0.0699961401566596 0.0086065679394934647
192 296 0 0.069127729327522175 0.0084587656165407837
200 296 0 0.067762591972945069 0.0082267689650463993
208 296 0 0.065937548878156005 0.0079202264028756242
216 296 0 0.063701005735497251 0.0075509194324133028
224 296 0 0.061110496349074457 0.0071333470763102688
232 296 0 0.058229186770821825 0.0066831386621825639
240 296 0 0.055122004621027003 0.0062150635635200846
248 296 0 0.051852318776958554 0.0057415339672017424
256 296 0 0.048479736295906975 0.0052721504929314419
264 296 0 0.045058916561474274 0.0048140836270983561
272 296 0 0.041638967208754402 0.0043726733144003951
280 296 0 0.038263099787893676 0.0039518729238019676
288 296 0 0.034968442410130494 0.0035545057554259088
296 296 0 0.031786015371295384 0.0031824270388351103
304 296 0 0.028740881450231799 0.003045133921063585
312 296 0 0.025852454181980202 0.002888427268251597
320 296 0 0.023134925413120774 0.0027175287688594278
328 296 0 0.020597767234892886 0.0025371581782278885
336 296 0 0.018246268784362196 0.0023514984505306896
344 296 0 0.016082078769823961 0.0021641900145382351
352 296 0 0.014103734984913838 0.0019783437849101235
360 296 0 0.012307170077830167 0.0017965649070836708
368 296 0 0.010686187919519962 0.0016209821583102052
376 296 0 0.0092329076101425756 0.0014532803093773861
384 296 0 0.0079381733577037292 0.0012947342524388464
392 296 0 0.0067919289469854042 0.0011462444107183251
400 296 0 0.0057835558216681 0.0010083731253173042
408 296 0 0.0049021741950986885 0.00088138162656941146
416 296 0 0.0041369071597107737 0.00076526703538791485
424 296 0 0.0034771084466557155 0.00065979871305505821
432 296 0 0.0029125552179425527 0.00056455322871316275
440 296 0 0.0024336079732988282 0.00047894724464372452
448 296 0 0.0020313402594922605 0.00040226771380656766
456 296 0 0.0016976413385153875 0.000333698920976873
464 296 0 0.0014252952792487656 0.00027234605926662191
472 296 0 0.0012080400760394981 0.00021725520320926752
480 296 0 0.0010406103687614172 0.00016742970727808091
488 296 0 0.00091876715168626112 0.00012184321707515609
496 296 0 0.00083931752774496016 7.944962394130096e-05
504 296 0 0.00080012710941257793 6.79572279875647e-05
0 304 0 0.024565628748010587 0.0024187429445935091
8 304 0 0.024886480965787793 0.0024571348523735499
16 304 0 0.025524307954616045 0.0025337601747004827
24 304 0 0.026471305449818093 0.0026482850306540316
32 304 0 0.027715646974670407 0.002800166014397764
40 304 0 0.02924134967799286 0.0029885984752842758
48 304 0 0.031028113551495481 0.0032124474878520819
56 304 0 0.033051152136454515 0.003470162957106733
64 304 0 0.035281039296588115 0.0037596814997771372
72 304 0 0.037683602265468324 0.0040783179596567271
80 304 0 0.040219894278335756 0.0044226477669902925
88 304 0 0.042846279827542633 0.0047883779566378001
96 304 0 0.045514663455617645 0.0051702008702233515
104 304 0 0.048172893866541076 0.0055616231298232163
112 304 0 0.050765387429059096 0.0059547730704459789
120 304 0 0.053234047999705526 0.0063402387188545434
128 304 0 0.055519604736306925 0.0067070918758320372
136 304 0 0.057563483290751928 0.0070433205848026634
144 304 0 0.059310175055110111 0.00733673454900894
152 304 0 0.060709816208017651 0.0075760807086040285
160 304 0 0.061720561596181563 0.0077519134553651961
168 304 0 0.062310486001062683 0.0078567920077516132
176 304 0 0.06245919132729888 0.0078858043090941909
184 304 0 0.062158961783394022 0.0078371783732655784
192 304 0 0.061415172716724059 0.0077125566107981158
200 304 0 0.060245816914980765 0.0075167750579643033
208 304 0 0.058680249772878383 0.0072572991052776217
216 304 0 0.056757399267696733 0.0069436064678005185
224 304 0 0.054523642425503276 0.0065868539235711815
232 304 0 0.052030239714179395 0.0061989470566424301
240 304 0 0.049330624419975537 0.0057913802010514659
248 304 0 0.046477991250992799 0.0053743275259657552
256 304 0 0.043523469499564899 0.0049562667963420765
264 304 0 0.040514875301208453 0.0045440412602658214
272 304 0 0.037495880655138862 0.0041430865536155395
280 304 0 0.034505458873457094 0.0037576409144365816
288 304 0 0.031577543404726051 0.0033908990054044436
296 304 0 0.028740881450231796 0.0030451339210635885
304 304 0 0.026019068207952849 0.0027218132422789504
312 304 0 0.023430735633858352 0.0025883325740944964
320 304 0 0.02098985958817438 0.002440876045683972
328 304 0 0.018706147201708184 0.0022837123864661961
336 304 0 0.016585470903565002 0.0021206762981431822
344 304 0 0.014630323203392855 0.0019551477001721468
352 304 0 0.012840273997891508 0.001790049205501347
360 304 0 0.011212418273600516 0.0016278557242909927
368 304 0 0.0097418062338685239 0.0014706120397319916
376 304 0 0.0084218504192318053 0.0013199558146367186
384 304 0 0.0072447058847216212 0.0011771445345101841
392 304 0 0.0062016204616948852 0.0010430854230267361
400 304 0 0.0052832529154718116 0.00091836754622307351
408 304 0 0.0044799575903869534 0.00080329532508485822
416 304 0 0.0037820349602131135 0.00069792263017383989
424 304 0 0.0031799483511890728 0.00060208660902404077
432 304 0 0.0026645079255567263 0.00051544042563234646
440 304 0 0.0022270237528406009 0.00043748417271612539
448 304 0 0.0018594304127035636 0.00036759334013703729
456 304 0 0.0015543860403235599 0.00030504437238000376
464 304 0 0.0013053490293800777 0.00024903701094348214
472 304 0 0.0011066357459647877 0.00019871328341529004
480 304 0 0.00095346258397295146 0.00015317316199183622
488 304 0 0.00084197551956656362 0.00011148706440638784
496 304 0 0.00076927001427001471 7.2705505296548909e-05
504 304 0 0.00073340369158821713 6.6723417824360808e-05
0 312 0 0.02223992074759144 0.0023257080004191466
8 312 0 0.022525050238207805 0.002361430727579987
16 312 0 0.023091643538084589 0.0024326644165314562
24 312 0 0.023932334607994876 0.0025389708418232168
32 312 0 0.025035991164603415 0.0026796558100669922
40 312 0 0.026387624828592561 0.0028537248494002986
48 312 0 0.027968288879376454 0.0030598246721190263
56 312 0 0.029754980117860631 0.0032961720185938834
64 312 0 0.0317205665622248 0.0035604727343633152
72 312 0 0.033833767448441472 0.0038498348170268523
80 312 0 0.036059215202683778 0.0041606790756519782
88 312 0 0.038357629910780885 0.0044886499167617472
96 312 0 0.040686135702105199 0.004828527753512446
104 312 0 0.042998747493724232 0.0051741463728168444
112 312 0 0.045247059050902573 0.0055183283781565229
120 312 0 0.047381171158086897 0.0058528768416186289
128 312 0 0.04935090496152815 0.0061686997747787756
136 312 0 0.051107325836785122 0.0064561574539668057
144 312 0 0.052604528826140286 0.0067056462289698249
152 312 0 0.053801528753682465 0.0069082874543351866
160 312 0 0.054664044066086326 0.0070565175300952368
168 312 0 0.05516601854287017 0.0071444674581925133
176 312 0 0.055290838182183062 0.0071683531451158175
184 312 0 0.055032136624502688 0.0071268251588913339
192 312 0 0.054394056223647486 0.0070211164930765735
200 312 0 0.053390902361730094 0.0068549145532506711
208 312 0 0.05204623368866635 0.0066340160842120327
216 312 0 0.050391507480845497 0.0063658917868512355
224 312 0 0.048464403289129709 0.0060592391363735662
232 312 0 0.046306899040332507 0.0057233406738468884
240 312 0 0.043963280909796593 0.0053673435101789443
248 312 0 0.041478314378583507 0.0049996768724092921
256 312 0 0.038895730327589258 0.0046277391719756408
264 312 0 0.036257054806136065 0.0042578204950723883
272 312 0 0.033600735560299445 0.0038951450948394167
280 312 0 0.030961512251349542 0.0035439466221075522
288 312 0 0.028369998143355436 0.0032075452613706153
296 312 0 0.025852454181980202 0.0028884272682515935
304 312 0 0.023430735633858352 0.0025883325740944964
312 312 0 0.021122384735729461 0.0023083508981288914
320 312 0 0.018940837819055919 0.0021815469166735421
328 312 0 0.016895715044965724 0.0020451227740901946
336 312 0 0.014993164474021442 0.0019025505709442826
344 312 0 0.013236237650719932 0.0017569268233015092
352 312 0 0.011625279392933782 0.0016109582577861509
360 312 0 0.010158319038937866 0.0014669603539959157
368 312 0 0.0088314537567053195 0.0013268652822325464
376 312 0 0.007639216841899406 0.0011922369148059135
384 312 0 0.0065749255605307873 0.0010642912813686187
392 312 0 0.0056310043443835419 0.00094392121614724541
400 312 0 0.0047992802364230109 0.00083172410796053097
408 312 0 0.0040712485168665309 0.00072803171955648002
416 312 0 0.0034383074460346799 0.00063294107083185095
424 312 0 0.0028919620199309606 0.00054634542610371931
432 312 0 0.0024239975140144467 0.00046796450591651394
440 312 0 0.0020266243553683041 0.00039737315864614257
448 312 0 0.001692596487278416 0.00033402786808988815
456 312 0 0.0014153058573457692 0.00027729062993264676
464 312 0 0.0011888559643795161 0.00022644989296625312
472 312 0 0.0010081175418428503 0.00018073842253666576
480 312 0 0.00086876944385486392 0.0001393480979879864
488 312 0 0.00076732764550760727 0.00010144179834725665
496 312 0 0.00070116498781730018 6.810502645271453e-05
504 312 0 0.00066852390690792254 6.4879784680294591e-05
0 320 0 0.020023850033478646 0.0022160707141127937
8 320 0 0.020276002993917738 0.0022490472442900679
16 320 0 0.020776892299366141 0.0023147512387184481
24 320 0 0.021519662318198195 0.0024126722897966808
32 320 0 0.022493976991739849 0.0025420141728635659
40 320 0 0.02368596633777546 0.0027016584908171014
48 320 0 0.025078171573581637 0.0028901173057948176
56 320 0 0.026649503589938672 0.003105476527921959
64 320 0 0.028375233578221696 0.0033453329840031042
72 320 0 0.030227038252085905 0.0036067291963555667
80 320 0 0.032173124610272746 0.0038860905924110317
88 320 0 0.034178459889984553 0.0041791700207963328
96 320 0 0.036205131064505854 0.0044810046375993451
104 320 0 0.038212855538840108 0.0047858919548841236
112 320 0 0.040159661703449763 0.00508739734745281
120 320 0 0.042002754968484213 0.0053784161896026847
128 320 0 0.043699578579844266 0.0056513263816838841
136 320 0 0.045209060399823892 0.0058982654369612308
144 320 0 0.046492999150956733 0.0061115296751835524
152 320 0 0.047517496159714373 0.0062840325939680919
160 320 0 0.048254312535302539 0.0064097315307837868
168 320 0 0.048682045551868343 0.0064839729910018268
176 320 0 0.048787048730662495 0.0065037894515205669
184 320 0 0.048564015608701584 0.0064681210158011038
192 320 0 0.048016155600529013 0.0063779006231184723
200 320 0 0.04715493042201413 0.0062359719397159646
208 320 0 0.04599937318534604 0.0060468605033203102
216 320 0 0.044575057869936742 0.0058164496109087555
224 320 0 0.04291280719939463 0.0055515960897350794
232 320 0 0.041047230349929999 0.0052596686904025081
240 320 0 0.039015212372325164 0.0049480685374714284
248 320 0 0.036854485047774083 0.0046238293308094244
256 320 0 0.034602372505828323 0.0042933578217609347
264 320 0 0.032294749353971287 0.0039623054521647771
272 320 0 0.029965210892499632 0.0036355246677998131
280 320 0 0.027644442798781518 0.0033170694525680236
288 320 0 0.025359777692298812 0.0030102204510566236
296 320 0 0.023134925413120774 0.0027175287688594278
304 320 0 0.02098985958817438 0.002440876045683972
312 320 0 0.018940837819055919 0.0021815469166735421
320 320 0 0.017000529619654689 0.0019403081994012299
328 320 0 0.015178226138778375 0.0018223034808763135
336 320 0 0.013480108116739333 0.0016981180220390427
344 320 0 0.011909552194014225 0.0015705559227251076
352 320 0 0.010467459513378175 0.00144209268063605
360 320 0 0.0091525938986269772 0.001314865614751198
368 320 0 0.0079619195557980669 0.0011906743428289103
376 320 0 0.0068909303015574725 0.0010709892542405943
384 320 0 0.0059339639577771081 0.00095696634378036449
392 320 0 0.0050844969346419706 0.00084946702313513749
400 320 0 0.004335415274407139 0.00074908166023483162
408 320 0 0.0036792595997238845 0.00065615567468325442
416 320 0 0.0031084425134391661 0.00057081708628471846
424 320 0 0.0026154380144722341 0.00049300449896693202
432 320 0 0.0021929434017029354 0.00042249461276929866
440 320 0 0.0018340149115999124 0.00035892849010302295
448 320 0 0.001532178959114147 0.00030183595248576547
456 320 0 0.0012815213165041225 0.00025065764261002449
464 320 0 0.0010767568696671067 0.00020476444683701581
472 320 0 0.00091328274046371027 0.0001634741292033964
480 320 0 0.00078721756526123224 0.00012606517520247803
488 320 0 0.0006954295868869027 9.1787978374329544e-05
496 320 0 0.0006355559645599729 6.5609023257327272e-05
504 320 0 0.00060601535147906613 6.250855542885641e-05
0 328 0 0.01793034529862067 0.0020935047348579761
8 328 0 0.01815227834326185 0.0021237246506558873
16 328 0 0.018593000007803305 0.0021838922915628362
24 328 0 0.019246208916494152 0.0022734534017040432
32 328 0 0.020102424859786298 0.0023915521319535504
40 328 0 0.021148963927207876 0.0025370024105675834
48 328 0 0.022369920273459781 0.0027082513001218562
56 328 0 0.023746167374515778 0.0029033362154228942
64 328 0 0.025255394701023632 0.003119838877198064
72 328 0 0.026872198313201201 0.0033548399388847044
80 328 0 0.028568245482691285 0.0036048791275814611
88 328 0 0.030312533545003493 0.0038659263449810598
96 328 0 0.032071761421454882 0.0041333696430509714
104 328 0 0.033810828622743164 0.0044020269160969447
112 328 0 0.035493471363050838 0.0046661903403989249
120 328 0 0.037083038771836364 0.0049197161966478484
128 328 0 0.038543403101446543 0.0051561754783977232
136 328 0 0.039839983907157657 0.0053690764926662346
144 328 0 0.040940845901924219 0.005552153249032514
152 328 0 0.041817807865843756 0.0056996882938706167
160 328 0 0.042447486266481718 0.0058068262688208208
168 328 0 0.04281219847581489 0.0058698470760534527
176 328 0 0.042900659935576256 0.0058863887950862392
184 328 0 0.042708416183634454 0.0058555994250671303
192 328 0 0.042237965174731142 0.0057781904257978717
200 328 0 0.041498551882235002 0.0056563785397791277
208 328 0 0.040505649381714089 0.0054937238036319516
216 328 0 0.039280170344819246 0.0052948875251174962
224 328 0 0.037847472717149826 0.0050653344822448043
232 328 0 0.036236233929425488 0.0048109964205045111
240 328 0 0.034477277880473001 0.0045379344918521636
248 328 0 0.032602437076576014 0.0042520479711980683
256 328 0 0.030643513522032328 0.0039588589837959952
264 328 0 0.028631375730301591 0.0036633736236696968
272 328 0 0.026595208478988164 0.0033700024135114685
280 328 0 0.024561920341733927 0.0030825224570475915
288 328 0 0.02255570755758525 0.002804070134713562
296 328 0 0.020597767234892882 0.0025371581782278919
304 328 0 0.018706147201708184 0.0022837123864661961
312 328 0 0.016895715044965721 0.0020451227740901981
320 328 0 0.015178226138778374 0.0018223034808763153
328 328 0 0.013562469997936984 0.0016157561408413918
336 328 0 0.012054475591302495 0.0015079944066344886
344 328 0 0.010657758511418258 0.0013967170798842368
352 328 0 0.0093735954296804234 0.0012841630817378349
360 328 0 0.0082013136514454566 0.0011722817782349668
368 328 0 0.0071385856618869569 0.0010627279895584997
376 328 0 0.0061817203269174279 0.000956865334969529
384 328 0 0.0053259439593837197 0.00085577636753370826
392 328 0 0.0045656658576310903 0.00076027810175262941
400 328 0 0.0038947242223695507 0.00067094163526153954
408 328 0 0.0033066095769674563 0.00058811464540209444
416 328 0 0.0027946639501373874 0.00051194562683006895
424 328 0 0.0023522551105323863 0.00044240883960500101
432 328 0 0.0019729260496527518 0.00037932906087963453
440 328 0 0.0016505206757826095 0.00032240537387014231
448 328 0 0.0013792872965591862 0.00027123337922342334
456 328 0 0.0011539619267175315 0.00022532536984165466
464 328 0 0.00096983376170823514 0.00018412816500929636
472 328 0 0.00082279531309075078 0.00014703844861748436
480 328 0 0.0007093797174348085 0.00011341559565594228
488 328 0 0.00062678761944502258 8.259209798978592e-05
496 328 0 0.00057290580699114314 6.2650157568829761e-05
504 328 0 0.000546319457264952 5.9695894214114122e-05
0 336 0 0.015968819977003262 0.0019615253216174085
8 336 0 0.016163246689985474 0.0019890316532763762
16 336 0 0.016549238920815335 0.0020437610869879705
24 336 0 0.017121069395577202 0.00212513952091695
32 336 0 0.017870137850276815 0.0022322870095094829
40 336 0 0.018784967766830366 0.00236399616037751
48 336 0 0.019851215163423273 0.0025187051100365072
56 336 0 0.021051700408536919 0.0026944669659788589
64 336 0 0.022366476273113639 0.0028889184279099929
72 336 0 0.023772947122309665 0.003099251190891536
80 336 0 0.025246054937033652 0.0033221905456576328
88 336 0 0.026758547356529792 0.0035539861884737005
96 336 0 0.028281340818606057 0.0037904206028488256
104 336 0 0.029783988003817791 0.004026840618925373
112 336 0 0.0312352532550812 0.0042582181079696378
120 336 0 0.032603792631095786 0.0044792461407405781
128 336 0 0.03385892676607203 0.0046844763353745128
136 336 0 0.034971484492146571 0.0048684994150110864
144 336 0 0.035914683394046583 0.0050261625078776365
152 336 0 0.036665002017876418 0.0051528058479673386
160 336 0 0.037202990990648797 0.0052444952758329208
168 336 0 0.037513969190881673 0.0052982292849332174
176 336 0 0.037588555118588961 0.0053121048169872953
184 336 0 0.037422990805552198 0.0052854253780822563
192 336 0 0.037019228429080939 0.0052187367456502029
200 336 0 0.03638476841334231 0.0051137834688926923
208 336 0 0.035532259173750386 0.004973390207963703
216 336 0 0.034478888914280498 0.004801281430538748
224 336 0 0.033245615247995901 0.0046018574691539249
232 336 0 0.031856287627430875 0.0043799463019946125
240 336 0 0.030336721953720107 0.0041405559267528938
248 336 0 0.028713784186548321 0.0038886528900276933
256 336 0 0.027014529906081757 0.0036289836159505706
264 336 0 0.025265433407097977 0.0033659423232036134
272 336 0 0.023491727658883833 0.0031034808201043304
280 336 0 0.021716867005504854 0.0028450533362290725
288 336 0 0.019962116954803329 0.0025935906027819214
296 336 0 0.0182462687843622 0.0023514984505306827
304 336 0 0.016585470903565002 0.0021206762981431822
312 336 0 0.014993164474021438 0.0019025505709442826
320 336 0 0.013480108116739331 0.0016981180220390427
328 336 0 0.012054475591302495 0.0015079944066344886
336 336 0 0.010722010723104613 0.0013324648681978819
344 336 0 0.0094862250581109267 0.0012357856649936865
352 336 0 0.0083486252929247176 0.0011375997651862091
360 336 0 0.0073089591721998996 0.001039666120724818
368 336 0 0.0063654701285197355 0.00094348904368016413
376 336 0 0.0055151524256595447 0.0008503177028601908
384 336 0 0.0047539999649327067 0.00076115246072683794
392 336 0 0.0040772432441464725 0.00067675672078623423
400 336 0 0.0034795702268265601 0.00059767301731991239
408 336 0 0.0029553280787544527 0.00052424214807210738
416 336 0 0.0024987038425134033 0.00045662423624104938
424 336 0 0.0021038831281892886 0.00039482071432411477
432 336 0 0.0017651867809153187 0.00033869634727396987
440 336 0 0.0014771862296588851 0.00028800055125643357
448 336 0 0.0012347988184209715 0.00024238741123791367
456 336 0 0.0010333648683867784 0.00020143395003419302
464 336 0 0.00086870851995884436 0.00016465634842793408
472 336 0 0.00073718456347879454 0.00013152395648004982
480 336 0 0.00063571349649312796 0.00010147106698566658
488 336 0 0.0005618069558893401 7.3906540603787857e-05
496 336 0 0.00051358547934742655 5.9320327643716596e-05
504 336 0 0.00048979026802846654 5.6529189236485464e-05
0 344 0 0.014145406057239452 0.0018234139197638097
8 344 0 0.014314955496060844 0.00184829119392463
16 344 0 0.014651477557269029 0.0018977613635463055
24 344 0 0.015149819392623547 0.0019712500029536555
32 344 0 0.015802256187143558 0.0020678816631332572
40 344 0 0.016598503418510276 0.0021864643483200906
48 344 0 0.017525744480747427 0.002325470682675846
56 344 0 0.018568682834203321 0.0024830175743335986
64 344 0 0.019709629436085351 0.0026568468370282879
72 344 0 0.020928637211690238 0.0028443099106194268
80 344 0 0.022203694505214783 0.0030423604318188698
88 344 0 0.023510988531267579 0.0032475588252622138
96 344 0 0.024825247599693723 0.0034560932189123331
104 344 0 0.026120167193765701 0.0036638208100520896
112 344 0 0.027368919916326093 0.0038663333387551069
120 344 0 0.028544743125843753 0.0040590495052520333
128 344 0 0.029621591097306169 0.0042373356687658605
136 344 0 0.030574831114596319 0.0043966533775502518
144 344 0 0.031381955528811685 0.0045327278652348979
152 344 0 0.032023275433653513 0.004641726584222905
160 344 0 0.032482557546027545 0.0047204334446212526
168 344 0 0.032747565126202735 0.0047664040646789377
176 344 0 0.03281046644061781 0.0047780886779711512
184 344 0 0.032668080301439487 0.004754910504112711
192 344 0 0.03232193813764804 0.0046972902914328984
200 344 0 0.031778155303565994 0.0046066131097763155
208 344 0 0.031047119112142734 0.0044851400616076516
216 344 0 0.030143015153852558 0.0043358737604279399
224 344 0 0.029083224637543762 0.0041623906104521387
232 344 0 0.027887632558184678 0.0039686550692461971
240 344 0 0.026577889433467217 0.0037588325202528895
248 344 0 0.025176667977997714 0.0035371162085506072
256 344 0 0.023706950896971234 0.0033075790091105228
264 344 0 0.022191378621312957 0.0030740547857850201
272 344 0 0.020651678041802523 0.0028400496170813104
280 344 0 0.019108185995242846 0.0026086810102620081
288 344 0 0.017579474520404353 0.0023826424343989759
296 344 0 0.016082078769823965 0.0021641900145382351
304 344 0 0.014630323203392855 0.0019551477001721468
312 344 0 0.013236237650719931 0.0017569268233015075
320 344 0 0.011909552194014225 0.0015705559227251059
328 344 0 0.01065775851141826 0.0013967170798842351
336 344 0 0.0094862250581109267 0.0012357856649936865
344 344 0 0.0083983539121377446 0.0010878711459731821
352 344 0 0.0073957679794564198 0.0010025859326813248
360 344 0 0.0064785183330456171 0.00091724964641080268
368 344 0 0.0056453026360630768 0.00083321569698254026
376 344 0 0.0048936868111991117 0.00075161582486396507
384 344 0 0.0042203233402912403 0.00067336347090787146
392 344 0 0.0036211607917193008 0.00059916254857193948
400 344 0 0.0030916403583448483 0.00052952043337445255
408 344 0 0.0026268763223704773 0.00046476403597437094
416 344 0 0.0022218184205930751 0.00040505790177740222
424 344 0 0.0018713950410859648 0.0003504233795071103
432 344 0 0.0015706370217657586 0.00030075801932020617
440 344 0 0.0013147825296562763 0.00025585449210948231
448 344 0 0.0010993640698496615 0.00021541845980661486
456 344 0 0.00092027910337390761 0.00017908496647575385
464 344 0 0.00077384604609667305 0.00014643305727723456
472 344 0 0.00065684758280134213 0.00011699846329533091
480 344 0 0.00056656327098435341 9.0284311816988725e-05
488 344 0 0.00050079333937689229 6.5769931607461123e-05
496 344 0 0.00045787542008992986 5.5710059257496689e-05
504 344 0 0.00043669570531813746 5.3094562710329074e-05
0 352 0 0.012463244957847968 0.0016821610993914844
8 352 0 0.012610430634770037 0.0017045248612908067
16 352 0 0.012902502954574962 0.0017489746026940669
24 352 0 0.01333486862602027 0.0018149507666032766
32 352 0 0.013900651780225055 0.0019016044069185035
40 352 0 0.014590716706855996 0.0020077867116542799
48 352 0 0.015393707630466574 0.002132036850280853
56 352 0 0.016296113033940813 0.0022725698002625076
64 352 0 0.017282363130313002 0.0024272663057723493
72 352 0 0.018334969604051135 0.0025936676076391031
80 352 0 0.019434716520002369 0.002768977985212414
88 352 0 0.020560910158188006 0.0029500783730795725
96 352 0 0.021691693334473718 0.0031335542652200059
104 352 0 0.022804426460263014 0.0033157407335026867
112 352 0 0.023876133271377796 0.0034927866449482974
120 352 0 0.024884004070760461 0.0036607390550832918
128 352 0 0.025805943862064067 0.003815647235242102
136 352 0 0.026621147346317632 0.0039536837682786867
144 352 0 0.027310677888143505 0.0040712776406681798
152 352 0 0.027858023761032032 0.0041652516726214811
160 352 0 0.028249602819213463 0.0042329547268140817
168 352 0 0.028475186679949596 0.0042723784462531389
176 352 0 0.028528217799612374 0.0042822486410054351
184 352 0 0.028405997664421818 0.0042620826370176682
192 352 0 0.028109731754365541 0.0042122063832824991
200 352 0 0.027644426433992033 0.0041337288695739612
208 352 0 0.027018643330569393 0.0040284757815733409
216 352 0 0.026244126674619908 0.0038988884792326498
224 352 0 0.025335327156957663 0.0037478974805860987
232 352 0 0.024308851244365361 0.0035787813138193174
240 352 0 0.023182867383854357 0.00339502204961286
248 352 0 0.021976500213200804 0.0032001677647969101
256 352 0 0.020709241209991177 0.0029977096869800574
264 352 0 0.019400399899822614 0.0027909787214903427
272 352 0 0.018068614572672732 0.0025830634691297906
280 352 0 0.016731435952325201 0.0023767500429176455
288 352 0 0.015404991765821602 0.0021744827545827506
296 352 0 0.014103734984913839 0.0019783437849101252
304 352 0 0.012840273997891508 0.001790049205501347
312 352 0 0.011625279392933782 0.0016109582577861492
320 352 0 0.010467459513378175 0.00144209268063605
328 352 0 0.0093735954296804234 0.0012841630817378366
336 352 0 0.0083486252929247176 0.0011375997651862091
344 352 0 0.0073957679794564206 0.0010025859326813239
352 352 0 0.0065166763125061996 0.00087909166695022099
360 352 0 0.0057116108074634058 0.00080506550504279382
368 352 0 0.004979625732783371 0.00073198507468003483
376 352 0 0.004318760242856789 0.00066086548992658201
384 352 0 0.003726228376360581 0.00059253186649620799
392 352 0 0.0031986027858062318 0.00052762559055434923
400 352 0 0.0027319881363156769 0.00046661464949055483
408 352 0 0.0023221811511518853 0.00040980698516379166
416 352 0 0.0019648152584413087 0.00035736589271057658
424 352 0 0.0016554886828775181 0.0003093265755637906
432 352 0 0.0013898756089059049 0.00026561307397161317
440 352 0 0.0011638207050506245 0.00022605490385528039
448 352 0 0.00097341783557333402 0.00019040286947729051
456 352 0 0.00081507419358139196 0.00015834364199194205
464 352 0 0.00068556137135713515 0.00012951282222425681
472 352 0 0.00058205504488316234 0.00010350632647397281
480 352 0 0.00050216499890053329 7.989004598262905e-05
488 352 0 0.00044395716713212512 5.8207831768408171e-05
496 352 0 0.00040596922193718402 5.190619815274584e-05
504 352 0 0.00038722103221432315 4.9474673103814312e-05
0 360 0 0.010922818182719061 0.0015404267751289065
8 360 0 0.011050015980032827 0.0015604146547372102
16 360 0 0.011302377958255743 0.0016001249963192195
24 360 0 0.011675844282404466 0.0016590243436158045
32 360 0 0.012164345466726375 0.0017363063134986801
40 360 0 0.012759831552683122 0.0018308851541728732
48 360 0 0.013452318797257171 0.001941388833209403
56 360 0 0.014229959918913827 0.0020661531150269856
64 360 0 0.015079144675294438 0.0022032184550185643
72 360 0 0.015984637740551255 0.0023503318634998799
80 360 0 0.016929760396370352 0.002504956123632017
88 360 0 0.0178966213441932 0.0026642888139948064
96 360 0 0.018866399917295291 0.0028252934171784268
104 360 0 0.019819682122254448 0.0029847443380085666
112 360 0 0.020736846378986772 0.0031392868923910237
120 360 0 0.021598491788478617 0.0032855122822818446
128 360 0 0.022385897572256671 0.0034200462898073963
136 360 0 0.023081498384134244 0.0035396489621833879
144 360 0 0.023669356874482215 0.0036413210136612903
152 360 0 0.024135612533244706 0.0037224112277873256
160 360 0 0.024468884744627457 0.0037807180745860064
168 360 0 0.024660608391813114 0.0038145782881364824
176 360 0 0.024705282431362236 0.0038229353682501382
184 360 0 0.024600615718471604 0.003805381945950214
192 360 0 0.024347559938751581 0.00376217181561396
200 360 0 0.023950226375963168 0.0036942000580288646
208 360 0 0.023415690676370639 0.0036029526541987537
216 360 0 0.022753696864362662 0.0034904298102572465
224 360 0 0.02197627777926121 0.0033590493776964533
232 360 0 0.021097313270163096 0.0032115379742022644
240 360 0 0.020132049699687838 0.0030508176841665194
248 360 0 0.019096604625546923 0.0028798955876538808
256 360 0 0.018007479190044254 0.0027017620199469225
264 360 0 0.016881098110741833 0.0025193017890807815
272 360 0 0.015733393618305357 0.0023352209543673758
280 360 0 0.014579445588357325 0.0021519903639678761
288 360 0 0.013433185801615797 0.0019718059642058056
296 360 0 0.012307170077830169 0.0017965649070836708
304 360 0 0.011212418273600517 0.001627855724290991
312 360 0 0.010158319038937868 0.001466960353995914
320 360 0 0.0091525938986269772 0.001314865614751198
328 360 0 0.0082013136514454583 0.001172281778234965
336 360 0 0.0073089591721998987 0.0010396661207248189
344 360 0 0.0064785183330456171 0.00091724964641080355
352 360 0 0.0057116108074634067 0.00080506550504279295
360 360 0 0.0050086328776187189 0.00070297792984468782
368 360 0 0.0043689149512523102 0.00063971792636640865
376 360 0 0.0037908852432837004 0.00057802970796860982
384 360 0 0.0032722339368972159 0.00051865130638648451
392 360 0 0.0028100730626071566 0.00046216087429005927
400 360 0 0.0024010882797761176 0.00040898478283103896
408 360 0 0.0020416796758558962 0.00035940860392022142
416 360 0 0.0017280895820928493 0.0003135900937630469
424 360 0 0.00145651621456879 0.00027157336752405936
432 360 0 0.0012232126666987006 0.00023330354787008938
440 360 0 0.0010245713904510495 0.00019864127624765111
448 360 0 0.00085719480110712262 0.00016737658934392685
456 360 0 0.00071795302181246407 0.00013924177929465855
464 360 0 0.00060403005112655685 0.00011392297068590722
472 360 0 0.0005129597942531755 9.1070256873381351e-05
480 360 0 0.00044265345432072583 7.0306339932449662e-05
488 360 0 0.00039141974373520282 5.2537423396922301e-05
496 360 0 0.00035797925854337846 4.7989963393805558e-05
504 360 0 0.00034147417330649874 4.5746858907824413e-05
0 368 0 0.0095223019999815684 0.0014005161827374928
8 368 0 0.0096317355416713057 0.0014182804383615216
16 368 0 0.0098488180306563478 0.001453559927599395
24 368 0 0.010169989214160707 0.0015058550682437583
32 368 0 0.010589932503652547 0.001574412963073828
40 368 0 0.011101607483886642 0.0016582240687964805
48 368 0 0.011696299556550273 0.0017560192407068981
56 368 0 0.012363691518277256 0.0018662684006365716
64 368 0 0.013091962335970559 0.0019871823393238786
72 368 0 0.013867918371297345 0.00211671936925391
80 368 0 0.014677161744669348 0.0022525986517010037
88 368 0 0.015504299359611265 0.0023923219845819344
96 368 0 0.016333194308969207 0.0025332056083260841
104 368 0 0.017147258989902221 0.0026724231323522266
112 368 0 0.017929786377751781 0.0028070600012349914
120 368 0 0.018664312748149222 0.0029341790403293946
128 368 0 0.01933500196164236 0.0030508956106143105
136 368 0 0.019927038538499961 0.0031544598456342832
144 368 0 0.020427014441919078 0.0032423424325631368
152 368 0 0.020823292995113801 0.0033123195381309055
160 368 0 0.02110633286206633 0.0033625518825611267
168 368 0 0.021268955653181137 0.003391652738631977
176 368 0 0.021306542562831855 0.0033987398685303809
184 368 0 0.021217148529430345 0.0033834671890412595
192 368 0 0.021001526625803967 0.003346033312947614
200 368 0 0.020663060436194848 0.0032871659397683203
208 368 0 0.020207607571158148 0.003208083105212492
216 368 0 0.019643262640311059 0.0031104342240516024
224 368 0 0.018980052409085461 0.0029962253701757494
232 368 0 0.018229579127066683 0.0028677341430964134
240 368 0 0.017404629955264313 0.0027274197444235246
248 368 0 0.016518771029987882 0.0025778335955590412
256 368 0 0.015585944088669831 0.0024215351013744234
264 368 0 0.014620081927823273 0.0022610161829185599
272 368 0 0.013634756489503231 0.0020986371288021256
280 368 0 0.012642870334746514 0.0019365752536108106
288 368 0 0.011656398938975082 0.0017767868626407148
296 368 0 0.010686187919519963 0.0016209821583102052
304 368 0 0.0097418062338685274 0.0014706120397319899
312 368 0 0.0088314537567053212 0.0013268652822325464
320 368 0 0.0079619195557980686 0.0011906743428289086
328 368 0 0.0071385856618869578 0.0010627279895585005
336 368 0 0.0063654701285197355 0.00094348904368016327
344 368 0 0.0056453026360630768 0.00083321569698254026
352 368 0 0.004979625732783371 0.00073198507468003569
360 368 0 0.0043689149512523102 0.00063971792636640865
368 368 0 0.0038127114244861111 0.00055620352676619914
376 368 0 0.0033097611947241071 0.00050295022976200397
384 368 0 0.0028581561059305132 0.00045160508879359389
392 368 0 0.0024554719509255053 0.0004026841550050079
400 368 0 0.0020989003619874954 0.00035657158893800988
408 368 0 0.0017853717514001236 0.00031352861058737188
416 368 0 0.0015116673932173759 0.00027370435818274762
424 368 0 0.0012745194633661308 0.0002371479298512451
432 368 0 0.0010706985024583498 0.00020382096090778104
440 368 0 0.00089708832085087873 0.00017361018160747107
448 368 0 0.00075074882060639325 0.00014633950024448548
456 368 0 0.00062896756088918961 0.00012178125971720364
464 368 0 0.00052930114279048195 9.9666418098707664e-05
472 368 0 0.00044960764069752317 7.9693502092958773e-05
480 368 0 0.00038807136676534415 6.1536273932179025e-05
488 368 0 0.00034322123147554137 4.8198512259661449e-05
496 368 0 0.00031394386679983971 4.4035391743538752e-05
504 368 0 0.00029949252028593152 4.1981653020567217e-05
0 376 0 0.0082579322014396644 0.001264369798541904
8 376 0 0.0083516643463550609 0.0012800711953162448
16 376 0 0.0085375741026117689 0.0013112439280445788
24 376 0 0.0088125620526118675 0.0013574271615488399
32 376 0 0.0091720043630506929 0.0014179281406018537
40 376 0 0.0096097863170173017 0.0014918211668693403
48 376 0 0.010118352046894092 0.0015779475096561815
56 376 0 0.010688774228742539 0.0016749172895347171
64 376 0 0.011310847778138526 0.0017811145578320326
72 376 0 0.011973211457602129 0.0018947069136952162
80 376 0 0.012663500717734255 0.002013661026935093
88 376 0 0.013368534021270096 0.0021357653383411689
96 376 0 0.014074533347528489 0.0022586609614407178
104 376 0 0.014767377595343082 0.0023798813945591392
112 376 0 0.015432885302254168 0.0024969010754976127
120 376 0 0.016057120640931264 0.002607192107217958
128 376 0 0.01662671425046152 0.0027082877111808401
136 376 0 0.017129188339066244 0.0027978501994337171
144 376 0 0.017553273870010117 0.0028737405719089608
152 376 0 0.017889206686268189 0.0029340863088456112
160 376 0 0.018128989262521978 0.002977343599544352
168 376 0 0.018266605468918784 0.0030023501842623528
176 376 0 0.018298177321335447 0.0030083652414964086
184 376 0 0.018222055155233619 0.0029950933741967264
192 376 0 0.018038835886565446 0.0029626907392385216
200 376 0 0.017751307792439407 0.0029117526437554414
208 376 0 0.017364324233634643 0.0028432833375235042
216 376 0 0.016884612578707141 0.0027586500616039178
224 376 0 0.016320527925558413 0.0026595244835270482
232 376 0 0.015681763787094568 0.0025478153399721148
240 376 0 0.014979033564776416 0.0024255963904878976
248 376 0 0.014223737333627282 0.0022950336963605995
256 376 0 0.013427628239064328 0.0021583158496055032
264 376 0 0.012602491752388069 0.0020175901754352042
272 376 0 0.011759849288575718 0.0018749072009275128
280 376 0 0.010910695439771205 0.0017321748949753087
288 376 0 0.010065275533742656 0.0015911234052324256
296 376 0 0.0092329076101425756 0.0014532803093773878
304 376 0 0.0084218504192318071 0.0013199558146367203
312 376 0 0.0076392168418994077 0.0011922369148059135
320 376 0 0.0068909303015574734 0.0010709892542405952
328 376 0 0.0061817203269174288 0.000956865334969529
336 376 0 0.0055151524256595447 0.0008503177028601908
344 376 0 0.0048936868111991126 0.00075161582486396421
352 376 0 0.004318760242856789 0.00066086548992658201
360 376 0 0.0037908852432837 0.00057802970796861025
368 376 0 0.0033097611947241071 0.00050295022976200397
376 376 0 0.002874392237423556 0.00043536895730055111
384 376 0 0.0024832074509181152 0.00039118478650544079
392 376 0 0.0021341794464899613 0.00034902800442815395
400 376 0 0.0018249381948884341 0.00030924125160152719
408 376 0 0.0015528776204176188 0.00027206057447081529
416 376 0 0.0013152531792294615 0.00023762444118815727
424 376 0 0.0011092692807585559 0.00020598389847090561
432 376 0 0.00093215598741118292 0.00017711329334737299
440 376 0 0.00078123492536401123 0.0001509210620471717
448 376 0 0.00065397475032710241 0.00012726017503690882
456 376 0 0.00054803683259418696 0.00010593791773291544
464 376 0 0.00046131205566488353 8.6724776929303436e-05
472 376 0 0.000391949765326 6.9362290338883528e-05
480 376 0 0.00033837996695389606 5.3569798372103943e-05
488 376 0 0.00029932985548863157 4.3891375986909796e-05
496 376 0 0.00027383568398266185 4.0108182817177862e-05
504 376 0 0.00026125084277618384 3.8241677509747688e-05
0 384 0 0.0071243669859379884 0.001133565215501676
8 384 0 0.007204296280250733 0.0011473680661043279
16 384 0 0.0073628100593309152 0.0011747640432808537
24 384 0 0.0075972284637170718 0.0012153335888947956
32 384 0 0.0079035570334795302 0.0012684473295711627
40 384 0 0.0082765196250352661 0.0013332666919820355
48 384 0 0.0087096062581191545 0.0014087457887749372
56 384 0 0.0091951388065255376 0.001493635422217001
64 384 0 0.0097243576006485026 0.0015864901774900238
72 384 0 0.010287531819580378 0.0016856796380217507
80 384 0 0.010874095984956894 0.001789404732777361
88 384 0 0.011472813919883234 0.0018957201013868625
96 384 0 0.012071970224947024 0.0020025631225814647
104 384 0 0.012659587705559116 0.0021077898897839658
112 384 0 0.013223667356205978 0.0022092179460481906
120 384 0 0.013752445601319368 0.0023046750396118962
128 384 0 0.014234661671111971 0.0023920525793495497
136 384 0 0.014659826424984077 0.0024693619140821674
144 384 0 0.015018482782623551 0.0025347910873865665
152 384 0 0.015302447308824543 0.0025867593774436468
160 384 0 0.015505022505853994 0.0026239667566679836
168 384 0 0.015621170039196558 0.0026454354297222264
176 384 0 0.015647636461902141 0.0026505408594333056
184 384 0 0.015583024968613628 0.0026390301866199908
192 384 0 0.015427809204842786 0.0026110266817226599
200 384 0 0.015184288016394914 0.0025670197760444928
208 384 0 0.014856483027441636 0.0025078412061930073
216 384 0 0.01444998383579245 0.002434628742914691
224 384 0 0.013971748175089727 0.002348779750468686
232 384 0 0.013429866428489477 0.002251897358605091
240 384 0 0.012833301265644212 0.0021457322991322043
248 384 0 0.012191613858619072 0.0020321234750082101
256 384 0 0.011514688112795417 0.0019129401262689104
264 384 0 0.010812463673920388 0.0017900280784676811
272 384 0 0.010094687234092072 0.0016651620544836463
280 384 0 0.0093706899882418631 0.0015400054515293422
288 384 0 0.0086491971468501613 0.0014160783868924949
296 384 0 0.0079381733577037292 0.0012947342524388464
304 384 0 0.0072447058847216229 0.0011771445345101841
312 384 0 0.006574925560530789 0.0010642912813686187
320 384 0 0.0059339639577771098 0.00095696634378036362
328 384 0 0.0053259439593837206 0.00085577636753370826
336 384 0 0.0047539999649327067 0.00076115246072683794
344 384 0 0.0042203233402912411 0.00067336347090787146
352 384 0 0.003726228376360581 0.00059253186649620799
360 384 0 0.0032722339368972155 0.00051865130638648451
368 384 0 0.0028581561059305128 0.00045160508879359433
376 384 0 0.0024832074509181152 0.00039118478650544079
384 384 0 0.0021460989563293629 0.00033710849458875236
392 384 0 0.0018451412128225263 0.00030095774350683653
400 384 0 0.0015783420312649177 0.00026679918155760865
408 384 0 0.0013434982542197388 0.00023484377704517884
416 384 0 0.0011382801308060407 0.00020521812341369816
424 384 0 0.00096030718006403192 0.00017797295074200876
432 384 0 0.00080721497465832725 0.00015309220540570467
440 384 0 0.00067671271770549052 0.00013050225695283673
448 384 0 0.00056663185228219843 0.00011008086542329209
456 384 0 0.00047496623152090754 9.1665620761290892e-05
464 384 0 0.00039990458646944096 7.5061645051466579e-05
472 384 0 0.00033985616136694924 6.0048425102491719e-05
480 384 0 0.00029347044631639681 4.638571505055243e-05
488 384 0 0.00025965193197575971 3.9677923512871868e-05
496 384 0 0.0002375707476511691 3.6264936331492745e-05
504 384 0 0.00022666993179984608 3.4580910976337751e-05
0 392 0 0.0061150380754868968 0.0010093289104510916
8 392 0 0.0061828991757294817 0.0010213971045212513
16 392 0 0.0063174655099562599 0.0010453445493746553
24 392 0 0.0065164347945623593 0.0010807936691547126
32 392 0 0.0067763779583136074 0.0011271790751659228
40 392 0 0.0070927703452382486 0.0011837492797970176
48 392 0 0.0074600364043665521 0.0012495698537526023
56 392 0 0.0078716101016089949 0.0013235287049165427
64 392 0 0.0083200133611749851 0.0014043442394735175
72 392 0 0.0087969546307688391 0.0014905771888115392
80 392 0 0.0092934491480089216 0.0015806468369479725
88 392 0 0.0097999616676678995 0.0016728522522153344
96 392 0 0.01030657131741689 0.001765398907530134
104 392 0 0.010803156938048666 0.0018564307675104502
112 392 0 0.011279599815049104 0.0019440675411568735
120 392 0 0.011725999229390542 0.0020264463719288257
128 392 0 0.012132894870894247 0.0021017668002177234
136 392 0 0.012491488995451362 0.0021683374295327143
144 392 0 0.012793860384005786 0.0022246223986177645
152 392 0 0.013033161767618788 0.0022692855412057549
160 392 0 0.013203792477692513 0.0023012300281614814
168 392 0 0.013301538687842642 0.0023196313513539155
176 392 0 0.013323674724699744 0.0023239617372023975
184 392 0 0.013269020494850684 0.0023140044737629435
192 392 0 0.013137952021284094 0.0022898571835586919
200 392 0 0.012932364282243808 0.0022519237341511057
208 392 0 0.012655587842963023 0.0022008951844786125
216 392 0 0.012312262995642751 0.002137720840149699
224 392 0 0.011908177111536284 0.0020635710635534422
232 392 0 0.011450072524575925 0.0019797939039135522
240 392 0 0.010945433411393403 0.0018878678542508086
248 392 0 0.010402260753023636 0.0017893531055954356
256 392 0 0.0098288445449719545 0.001685843567823463
264 392 0 0.0092335419891595525 0.0015789216847608353
272 392 0 0.0086245695145247062 0.0014701177195673657
280 392 0 0.0080098152258335498 0.0013608747624083133
288 392 0 0.0073966768885755626 0.0012525202582745988
296 392 0 0.0067919289469854051 0.0011462444107183242
304 392 0 0.006201620461694886 0.0010430854230267369
312 392 0 0.0056310043443835427 0.00094392121614724628
320 392 0 0.0050844969346419714 0.00084946702313513835
328 392 0 0.0045656658576310911 0.00076027810175262941
336 392 0 0.0040772432441464734 0.00067675672078623336
344 392 0 0.0036211607917193012 0.00059916254857193992
352 392 0 0.0031986027858062318 0.00052762559055434923
360 392 0 0.0028100730626071562 0.00046216087429005927
368 392 0 0.0024554719509255053 0.00040268415500500747
376 392 0 0.0021341794464899613 0.00034902800442815395
384 392 0 0.0018451412128225261 0.00030095774350683674
392 392 0 0.0015869544324822011 0.00025818678034032522
400 392 0 0.0013579510174321042 0.00022900341505009691
408 392 0 0.0011562761965648431 0.00020167482086726109
416 392 0 0.00097996100535612256 0.00017631519120872054
424 392 0 0.0008269876851141161 0.00015297332024200646
432 392 0 0.00069534744006220621 0.0001316402450519099
440 392 0 0.0005830903869017399 0.00011225705316046631
448 392 0 0.000488367855222061 9.47225316796789e-05
456 392 0 0.00040946745366125364 7.8900401560807359e-05
464 392 0 0.00034484150487077602 6.462594879047762e-05
472 392 0 0.0002931295736403732 5.1711931230402814e-05
480 392 0 0.00025317587074258905 4.0294575573807763e-05
488 392 0 0.00022404231561470647 3.5609616361053238e-05
496 392 0 0.00020501799063386554 3.2552757017303562e-05
504 392 0 0.00019562562607478633 3.1044305725059753e-05
0 400 0 0.0052224822394379101 0.00089255583604898672
8 400 0 0.0052798494765171535 0.00090304969921232818
16 400 0 0.0053935965047622126 0.00092386900519404735
24 400 0 0.0055617572956961304 0.00095467749886622884
32 400 0 0.0057814055354909926 0.00099497242282261481
40 400 0 0.0060486834367816274 0.0010440869084566212
48 400 0 0.0063588425389859799 0.0011011938653805722
56 400 0 0.0067062981973156624 0.0011653119042933325
64 400 0 0.0070846994804204437 0.0012353138807545414
72 400 0 0.0074870159834467716 0.0013099386473220676
80 400 0 0.0079056426067643341 0.0013878065412445875
88 400 0 0.0083325226586383975 0.001467439009029502
96 400 0 0.008759288740805015 0.0015472825766118751
104 400 0 0.0091774198183850551 0.001625737119663611
112 400 0 0.0095784117291355629 0.0017011880859135412
120 400 0 0.0099539572375849268 0.0017720419918056153
128 400 0 0.010296130682940607 0.0018367641879536399
136 400 0 0.010597571402029991 0.0018939175934213712
144 400 0 0.010851659515982215 0.0019422008680235713
152 400 0 0.011052677418481637 0.0019804843491371509
160 400 0 0.011195950435518883 0.0020078420421736302
168 400 0 0.01127796065549347 0.0020235780323491718
176 400 0 0.011296428840757751 0.002027245883941993
184 400 0 0.011250360586547303 0.0020186599083033812
192 400 0 0.011140054422929393 0.0019978975983547011
200 400 0 0.010967071266770182 0.0019652930154736258
208 400 0 0.010734166411144318 0.0019214214318187053
216 400 0 0.010445186967476146 0.001867076028166605
224 400 0 0.010104939233442672 0.0018032378780936126
232 400 0 0.0097190317458415998 0.001731040778734325
240 400 0 0.0092937007152881952 0.0016517326961052077
248 400 0 0.0088356250804230221 0.0015666356726006143
256 400 0 0.0083517385449468819 0.0014771060000250726
264 400 0 0.0078490456830321905 0.001384496306127362
272 400 0 0.0073344485583063243 0.0012901209562183819
280 400 0 0.0068145893649651573 0.0011952258608683925
288 400 0 0.0062957134515021764 0.0011009634370733861
296 400 0 0.0057835558216681009 0.0010083731253173042
304 400 0 0.0052832529154718134 0.00091836754622307264
312 400 0 0.0047992802364230126 0.0008317241079605301
320 400 0 0.0043354152744071398 0.00074908166023483162
328 400 0 0.0038947242223695512 0.00067094163526153997
336 400 0 0.0034795702268265605 0.00059767301731991282
344 400 0 0.0030916403583448487 0.00052952043337445255
352 400 0 0.0027319881363156769 0.00046661464949055483
360 400 0 0.0024010882797761181 0.0004089847828310381
368 400 0 0.0020989003619874954 0.00035657158893800988
376 400 0 0.0018249381948884339 0.0003092412516015274
384 400 0 0.0015783420312649175 0.00026679918155760865
392 400 0 0.0013579510174321042 0.00022900341505009691
400 400 0 0.001162373728143744 0.00019557728928836014
408 400 0 0.00099005504131801899 0.00017231868682572506
416 400 0 0.00083933803922042803 0.00015071700209759095
424 400 0 0.00070852003504017044 0.00013081800418025759
432 400 0 0.00059590220348348911 0.00011261783155668134
440 400 0 0.0004998326292767766 9.606957420671251e-05
448 400 0 0.00041874287031905223 8.1089758957724367e-05
456 400 0 0.00035117835807500482 6.756451224404741e-05
464 400 0 0.00029582312506916603 5.5355233005838786e-05
472 400 0 0.00025151945895093451 4.4303666118231523e-05
480 400 0 0.00021728313750566544 3.5892733236923612e-05
488 400 0 0.00019231490373260287 3.1727411882103595e-05
496 400 0 0.00017600880042447465 2.9009190209390887e-05
504 400 0 0.0001679579061346323 2.7667719940154033e-05
0 408 0 0.0044386474018647138 0.00078383483757319631
8 408 0 0.004486940795350813 0.0007929086811663405
16 408 0 0.0045826887966457942 0.0008109077081164184
24 408 0 0.004724221950369996 0.00083753534532613437
32 408 0 0.0049090568046180208 0.00087234873087297174
40 408 0 0.0051339219737211129 0.00091476146306051446
48 408 0 0.0053947947172081458 0.00096404782177783414
56 408 0 0.0056869493183506975 0.0010193488789649648
64 408 0 0.0060050185336976434 0.0010796809467228004
72 408 0 0.0063430691848018871 0.0011439467986448845
80 408 0 0.006694692569428607 0.0012109500373357271
88 408 0 0.0070531097919956749 0.0012794128666427226
96 408 0 0.0074112913783260471 0.0013479973624789679
104 408 0 0.0077620896906775054 0.0014153301277075496
112 408 0 0.0080983817527038125 0.0014800299764317505
120 408 0 0.0084132191988448117 0.0015407380387401151
128 408 0 0.0086999812527058205 0.0015961494302347869
136 408 0 0.0089525259871045971 0.0016450454149253939
144 408 0 0.0091653346887954883 0.0016863248271867266
152 408 0 0.0093336439923819119 0.001719033426099725
160 408 0 0.009453560589946803 0.0017423898455720798
168 408 0 0.0095221537732483093 0.001755806882245161
176 408 0 0.0095375218100372649 0.0017589070307204857
184 408 0 0.0094988291603407583 0.0017515314262065446
192 408 0 0.0094063127480745329 0.0017337416748548599
200 408 0 0.0092612568467682899 0.0017058144200018926
208 408 0 0.0090659375318257532 0.0016682288793185649
216 408 0 0.0088235390063623152 0.0016216479611138312
224 408 0 0.0085380453365272394 0.0015668938969154323
232 408 0 0.0082141121587345402 0.0015049195871070595
240 408 0 0.0078569236849331918 0.0014367770303550034
248 408 0 0.007472040792493694 0.0013635842879293281
256 408 0 0.0070652461242546238 0.0012864924206922581
264 408 0 0.0066423919466837324 0.0012066537363484581
272 408 0 0.0062092560474530482 0.001125192510853276
280 408 0 0.0057714102453970502 0.0010431791195681071
288 408 0 0.0053341051980622563 0.00096160825343992017
296 408 0 0.0049021741950986911 0.00088138162656940973
304 408 0 0.004479957590386956 0.00080329532508485735
312 408 0 0.0040712485168665326 0.00072803171955648002
320 408 0 0.0036792595997238858 0.00065615567468325399
328 408 0 0.0033066095769674567 0.00058811464540209444
336 408 0 0.0029553280787544527 0.00052424214807210781
344 408 0 0.0026268763223704773 0.00046476403597437137
352 408 0 0.0023221811511518853 0.00040980698516379166
360 408 0 0.0020416796758558962 0.00035940860392022185
368 408 0 0.0017853717514001236 0.00031352861058737188
376 408 0 0.0015528776204176188 0.00027206057447081507
384 408 0 0.0013434982542197386 0.00023484377704517884
392 408 0 0.0011562761965648429 0.00020167482086726131
400 408 0 0.00099005504131801899 0.00017231868682572506
408 408 0 0.00084353602839385821 0.00014651901292416078
416 408 0 0.00071533060252448443 0.00012820542586937378
424 408 0 0.0006040081287141208 0.00011132247381036363
432 408 0 0.00050813828245872318 9.5869846255397626e-05
440 408 0 0.00042632792110411009 8.1810361354613093e-05
448 408 0 0.00035725248757250972 6.9075433531600361e-05
456 408 0 0.00029968219461499844 5.7570292957511283e-05
464 408 0 0.0002525033849193908 4.7178809695607642e-05
472 408 0 0.00021473556025446443 3.7767824664926373e-05
480 408 0 0.00018554462364589401 3.1738513859771425e-05
488 408 0 0.00016425288609458292 2.8062017638019954e-05
496 408 0 0.00015034635839546143 2.5662442029013218e-05
504 408 0 0.00014347978480777051 2.4478121326861784e-05
0 416 0 0.0037551693832788531 0.00068347801858586067
8 416 0 0.0037956625336864735 0.00069127826166433953
16 416 0 0.003875940053593463 0.00070674874305233113
24 416 0 0.0039945916727993133 0.00072963027757068279
32 416 0 0.0041495205540410364 0.0007595362505769844
40 416 0 0.0043379664827671027 0.00079595549095401018
48 416 0 0.0045565381800257597 0.00083825653718238614
56 416 0 0.0048012557007243075 0.00088569361762639003
64 416 0 0.0050676038496570066 0.00093741468404063676
72 416 0 0.0053505973669217884 0.00099247181788009869
80 416 0 0.0056448583001621738 0.0010498342692664333
88 416 0 0.0059447055039134169 0.001108404288082258
96 416 0 0.0062442556098113739 0.0011670357685146732
104 416 0 0.0065375341316226488 0.0012245555590548567
112 416 0 0.0068185946526891595 0.0012797871000146529
120 416 0 0.0070816433446948563 0.0013315758541499554
128 416 0 0.0073211654431193512 0.0013788158095864693
136 416 0 0.0075320498118622032 0.0014204761752423939
144 416 0 0.0077097074155328647 0.0014556272732626236
152 416 0 0.007850179419086235 0.0014834645732956769
160 416 0 0.0079502307719109787 0.0015033298180358243
168 416 0 0.0080074255114153132 0.0015147282618329962
176 416 0 0.00802018062693482 0.0015173411831024448
184 416 0 0.0079877961296814879 0.0015110330306592704
192 416 0 0.0079104599353070973 0.0014958528127674356
200 416 0 0.007789227227386398 0.0014720296193818918
208 416 0 0.0076259750693308875 0.0014399624624948657
216 416 0 0.0074233341018846068 0.0014002049044777084
224 416 0 0.0071846001380463298 0.0013534451984809097
232 416 0 0.0069136292884297212 0.001300482870304819
240 416 0 0.0066147208703019036 0.0012422028146312882
248 416 0 0.0062924927398519482 0.0011795480526417459
256 416 0 0.0059517538232638813 0.0011134923009907425
264 416 0 0.0055973785091931608 0.0010450134374905716
272 416 0 0.0052341872219320634 0.00097506882552098485
280 416 0 0.0048668369550106203 0.00090457329038642984
288 416 0 0.0044997248551852413 0.00083438034287701499
296 416 0 0.0041369071597107754 0.00076526703538791572
304 416 0 0.0037820349602131148 0.00069792263017384119
312 416 0 0.0034383074460346808 0.00063294107083185181
320 416 0 0.0031084425134391665 0.00057081708628471933
328 416 0 0.0027946639501373878 0.00051194562683006895
336 416 0 0.0024987038425134038 0.00045662423624104895
344 416 0 0.0022218184205930751 0.00040505790177740222
352 416 0 0.0019648152584413087 0.00035736589271057658
360 416 0 0.0017280895820928493 0.0003135900937630469
368 416 0 0.0015116673932173759 0.00027370435818274762
376 416 0 0.0013152531792294615 0.00023762444118815727
384 416 0 0.0011382801308060405 0.00020521812341369816
392 416 0 0.00097996100535612256 0.00017631519120872032
400 416 0 0.00083933803922042803 0.00015071700209759095
408 416 0 0.00071533060252448443 0.00012820542586937378
416 416 0 0.00060677959077766984 0.00010855101174681459
424 416 0 0.00051248784106885231 9.4291749708817524e-05
432 416 0 0.00043125613541460881 8.1231705654243502e-05
440 416 0 0.00036191459972581715 6.9341535688791664e-05
448 416 0 0.00030334951705907775 5.8565082666739399e-05
456 416 0 0.00025452574402633812 4.882377303273963e-05
464 416 0 0.00021450504750790896 4.0020696518429155e-05
472 416 0 0.00018246076521902601 3.2274795035438413e-05
480 416 0 0.00015768923994437896 2.7855383701515056e-05
488 416 0 0.00013961848641919888 2.4634399675384038e-05
496 416 0 0.00012781452593711688 2.2531832458344558e-05
504 416 0 0.00012198577156189409 2.1494013245876422e-05
0 424 0 0.0031636170336247459 0.00059155234965410728
8 424 0 0.0031974464205466679 0.00059821611313980562
16 424 0 0.0032645090771584195 0.00061143097643504354
24 424 0 0.0033636192208194972 0.00063097245197981603
32 424 0 0.003493014566174569 0.00065650598786646738
40 424 0 0.0036503766834540515 0.00068758979931305125
48 424 0 0.0038328591985411372 0.00072367898148462248
56 424 0 0.0040371245519789135 0.00076413114874539396
64 424 0 0.0042593899954325148 0.00080821385422449182
72 424 0 0.0044954833451498945 0.00085511402177189388
80 424 0 0.0047409087319361335 0.00090394956822604025
88 424 0 0.0049909221958836202 0.0009537833080297967
96 424 0 0.0052406164919010694 0.0010036391179103045
104 424 0 0.0054850139288951027 0.0010525202027275461
112 424 0 0.0057191654990676423 0.0010994291536215173
120 424 0 0.0059382540071801692 0.0011433893375146871
128 424 0 0.006137698427545267 0.0011834670155740842
136 424 0 0.0063132563415495531 0.0012187934703126501
144 424 0 0.0064611210772618517 0.0012485863382710131
152 424 0 0.0065780101122861062 0.0012721693068001288
160 424 0 0.0066612414267987587 0.00128898934511222
168 424 0 0.0067087948079272448 0.0012986307034880684
176 424 0 0.0067193555983807917 0.0013008250285540283
184 424 0 0.0066923390282661102 0.0012954571014153777
192 424 0 0.0066278940351724523 0.001282565900134645
200 424 0 0.0065268863210419638 0.0012623409063444342
208 424 0 0.0063908612663007838 0.0012351138030301037
216 424 0 0.0062219881709409102 0.0012013459309436966
224 424 0 0.0060229880686179741 0.0011616120694283557
232 424 0 0.0057970480180881924 0.0011165812703415288
240 424 0 0.0055477252792307469 0.0010669955910711567
248 424 0 0.0052788451019410328 0.0010136476379109154
256 424 0 0.0049943959813073197 0.00095735784195656159
264 424 0 0.0046984261611480709 0.00089895234804508988
272 424 0 0.0043949449129869374 0.00083924230894512602
280 424 0 0.0040878317036723982 0.00077900525133822209
288 424 0 0.0037807558263524988 0.00071896902883274248
296 424 0 0.0034771084466557163 0.00065979871305505908
304 424 0 0.0031799483511890736 0.00060208660902404121
312 424 0 0.0028919620199309611 0.00054634542610371975
320 424 0 0.0026154380144722345 0.00049300449896693202
328 424 0 0.0023522551105323868 0.00044240883960500101
336 424 0 0.002103883128189289 0.00039482071432411477
344 424 0 0.001871395041085965 0.00035042337950711008
352 424 0 0.0016554886828775183 0.00030932657556379038
360 424 0 0.00145651621456879 0.00027157336752405936
368 424 0 0.0012745194633661308 0.0002371479298512451
376 424 0 0.0011092692807585557 0.00020598389847090583
384 424 0 0.00096030718006403192 0.00017797295074200854
392 424 0 0.0008269876851141161 0.00015297332024200646
400 424 0 0.00070852003504017044 0.00013081800418025759
408 424 0 0.0006040081287141208 0.00011132247381036363
416 424 0 0.00051248784106885231 9.4291749708817524e-05
424 424 0 0.00043296108897280432 7.9526752096047994e-05
432 424 0 0.00036442625551403186 6.8534833458772462e-05
440 424 0 0.00030590478982079516 5.8521465693236704e-05
448 424 0 0.00025646397866049272 4.9440811160302435e-05
456 424 0 0.00021523603202425483 4.1227946636237893e-05
464 424 0 0.00018143373576398497 3.3802296260269856e-05
472 424 0 0.00015436299990867364 2.8097765310352375e-05
480 424 0 0.00013343267282229392 2.4256567122085031e-05
488 424 0 0.0001181620013253991 2.1456485093799784e-05
496 424 0 0.00010818609863397991 1.9628427303136961e-05
504 424 0 0.00010325973947507783 1.872603208681626e-05
0 432 0 0.002655705014428477 0.00050791201919626883
8 432 0 0.0026838803132562018 0.00051356610729046603
16 432 0 0.0027397315357810983 0.00052477754137732115
24 432 0 0.0028222655712909646 0.00054135364952853258
32 432 0 0.0029300070496952706 0.00056300751647929848
40 432 0 0.0030610160216954455 0.00058936066175860596
48 432 0 0.0032129123287064076 0.00061994686983472954
56 432 0 0.0033829071942296099 0.00065421735774930361
64 432 0 0.0035678425266700755 0.00069154746876243928
72 432 0 0.0037642382863486675 0.00073124505880122707
80 432 0 0.0039683480368978346 0.00077256069503829888
88 432 0 0.0041762224820961072 0.00081469971378751293
96 432 0 0.0043837804005767882 0.00085683609132428118
104 432 0 0.0045868859572645165 0.00089812797163058618
112 432 0 0.0047814309222355689 0.00093773457683207339
120 432 0 0.0049634198989953159 0.00097483410818485338
128 432 0 0.0051290562898816975 0.0010086421376635695
136 432 0 0.0052748264393580385 0.0010384299021915146
144 432 0 0.0053975792243246556 0.001063541852937196
152 432 0 0.0054945983247847996 0.0010834117875013066
160 432 0 0.0055636645195454304 0.0010975769072533283
168 432 0 0.005603105611254322 0.0011056891966729227
176 432 0 0.0056118319838738542 0.0011075236145069375
184 432 0 0.0055893563149907351 0.0011029827132753751
192 432 0 0.0055357965781655284 0.0010920974570069238
200 432 0 0.0054518621432869344 0.0010750241777550294
208 432 0 0.005338823477703843 0.0010520377885969408
216 432 0 0.0051984666280248835 0.0010235215429160267
224 432 0 0.0050330342830395124 0.00098995378557846167
232 432 0 0.0048451557469220514 0.00095189227116614095
240 432 0 0.0046377685594294589 0.00090995671980128798
248 432 0 0.0044140347649364526 0.0008648103370045802
256 432 0 0.0041772549431423047 0.00081714103816501495
264 432 0 0.0039307830697337207 0.00076764309141435019
272 432 0 0.0036779450840884226 0.00071699982889851478
280 432 0 0.0034219637214816302 0.00066586798219076806
288 432 0 0.0031658917449653178 0.00061486408138718097
296 432 0 0.0029125552179425532 0.00056455322871316318
304 432 0 0.0026645079255567272 0.00051544042563234646
312 432 0 0.0024239975140144467 0.00046796450591651438
320 432 0 0.0021929434017029358 0.00042249461276929866
328 432 0 0.0019729260496527518 0.00037932906087963496
336 432 0 0.0017651867809153185 0.00033869634727397052
344 432 0 0.0015706370217657586 0.00030075801932020639
352 432 0 0.0013898756089059049 0.00026561307397161339
360 432 0 0.0012232126666987006 0.00023330354787008938
368 432 0 0.0010706985024583498 0.00020382096090778104
376 432 0 0.00093215598741118292 0.00017711329334737277
384 432 0 0.00080721497465832725 0.00015309220540570467
392 432 0 0.00069534744006220632 0.00013164024505190979
400 432 0 0.00059590220348348921 0.00011261783155668123
408 432 0 0.00050813828245872318 9.5869846255397626e-05
416 432 0 0.00043125613541460881 8.1231705654243502e-05
424 432 0 0.00036442625551403186 6.8534833458772462e-05
432 432 0 0.00030681476968064813 5.7611485833383724e-05
440 432 0 0.00025760587268823255 4.9208896992415587e-05
448 432 0 0.00021602107786474067 4.1584794823491881e-05
456 432 0 0.00018133539030115885 3.4685687563581818e-05
464 432 0 0.00015289060357269387 2.8543132191291104e-05
472 432 0 0.00013010598650619931 2.4257013402474329e-05
480 432 0 0.0001124866633807518 2.0946009441542125e-05
488 432 0 9.9630001083009909e-05 1.8532000242389189e-05
496 432 0 9.123030291158101e-05 1.6955795722398904e-05
504 432 0 8.7082074281596638e-05 1.6177665193481194e-05
0 440 0 0.0022234747605825991 0.00043223025384587794
8 440 0 0.0022468898630536938 0.00043699045020250803
16 440 0 0.0022933029568432792 0.00044642857893781914
24 440 0 0.0023618847029800191 0.00046038086831094553
32 440 0 0.0024514034508627222 0.00047860359883254841
40 440 0 0.0025602404647607139 0.00050077555693473158
48 440 0 0.0026864108245624419 0.00052650150414396569
56 440 0 0.0028275903931975267 0.00055531680103208325
64 440 0 0.0029811492018693986 0.00058669332480067692
72 440 0 0.0031441914872583775 0.00062004679909029
80 440 0 0.0033136024228784472 0.0006547456140193874
88 440 0 0.0034861013273477324 0.00069012115474837484
96 440 0 0.0036583008196101356 0.00072547958096665262
104 440 0 0.0038267710450477924 0.00076011491221672414
112 440 0 0.003988107741298391 0.00079332318093717786
120 440 0 0.0041390025753955386 0.00082441732359977721
128 440 0 0.0042763138920052261 0.00085274239787647144
136 440 0 0.0043971357916343986 0.0008776906477236399
144 440 0 0.0044988633293148112 0.00089871589500984447
152 440 0 0.004579251604105542 0.00091534672067925763
160 440 0 0.0046364666062685255 0.00092719791327690489
168 440 0 0.0046691259026760204 0.00093397970857830165
176 440 0 0.0046763275644371785 0.00093550441943667569
184 440 0 0.0046576661589466592 0.00093169015604407587
192 440 0 0.0046132351201771567 0.00092256145798837175
200 440 0 0.004543615349636182 0.00090824679365075246
208 440 0 0.004449850456244406 0.00088897302145943703
216 440 0 0.0043334095853523351 0.00086505704267254846
224 440 0 0.0041961392847509873 0.00083689499828852511
232 440 0 0.0040402062811124659 0.00080494946580958546
240 440 0 0.0038680333706542949 0.00076973518877516403
248 440 0 0.0036822308459546543 0.00073180391898179827
256 440 0 0.0034855259770811002 0.00069172896606120452
264 440 0 0.003280693037828106 0.00065009003190561474
272 440 0 0.0030704862231560872 0.00060745886093233536
280 440 0 0.0028575775554519063 0.00056438616602972388
288 440 0 0.0026445015445475681 0.00052139020041774972
296 440 0 0.0024336079732988282 0.00047894724464372495
304 440 0 0.0022270237528406009 0.00043748417271612626
312 440 0 0.0020266243553683041 0.00039737315864614257
320 440 0 0.0018340149115999129 0.00035892849010302295
328 440 0 0.0016505206757826097 0.00032240537387014209
336 440 0 0.0014771862296588851 0.00028800055125643336
344 440 0 0.0013147825296562763 0.00025585449210948231
352 440 0 0.0011638207050506245 0.00022605490385528039
360 440 0 0.0010245713904510495 0.00019864127624765111
368 440 0 0.00089708832085087884 0.00017361018160747096
376 440 0 0.00078123492536401123 0.0001509210620471717
384 440 0 0.00067671271770549052 0.00013050225695283673
392 440 0 0.00058309038690174001 0.00011225705316046631
400 440 0 0.0004998326292767767 9.606957420671251e-05
408 440 0 0.00042632792110411003 8.1810361354613147e-05
416 440 0 0.00036191459972581709 6.9341535688791718e-05
424 440 0 0.0003059047898207951 5.8521465693236758e-05
432 440 0 0.00025760587268823255 4.9208896992415587e-05
440 440 0 0.00021633934334466161 4.1266529343570937e-05
448 440 0 0.0001814570280192812 3.4882315325380413e-05
456 440 0 0.00015235473999085139 2.9102288028429808e-05
464 440 0 0.00012848353284815561 2.4407070724538258e-05
472 440 0 0.00010935876669935874 2.0747219806840572e-05
480 440 0 9.4567235244601594e-05 1.7919428136150206e-05
488 440 0 8.3772611510250365e-05 1.5857389572759544e-05
496 440 0 7.6719459679500094e-05 1.4510843232080916e-05
504 440 0 7.3236032626483493e-05 1.3846041655113145e-05
0 448 0 0.0018594451834965363 0.00036402957708606284
8 448 0 0.0018788896698951573 0.00036800019315853653
16 448 0 0.0019174307229078689 0.00037587223393541029
24 448 0 0.0019743767038726424 0.00038750799910737673
32 448 0 0.0020487007703220471 0.00040270268054067504
40 448 0 0.0021390539144564057 0.00042118655030430824
48 448 0 0.0022437827970864872 0.0004426280274759547
56 448 0 0.0023609526656769358 0.00046663772752059086
64 448 0 0.0024883756061815968 0.00049277359568780177
72 448 0 0.002623644279469292 0.00052054720778908553
80 448 0 0.0027641711351809547 0.00054943128769749253
88 448 0 0.0029072328852220138 0.00057886844212571859
96 448 0 0.003050019767384463 0.00060828105222567258
104 448 0 0.0031896888529235425 0.00063708219212424986
112 448 0 0.0033234203697723305 0.00066468737152606053
120 448 0 0.0034484757468574165 0.00069052682853812213
128 448 0 0.0035622558562824432 0.00071405803572278286
136 448 0 0.0036623577590091058 0.00073477803262529283
144 448 0 0.0037466281628740386 0.00075223516644077259
152 448 0 0.00381321179145345 0.00076603981265209193
160 448 0 0.0038605929448539008 0.00077587366141462473
168 448 0 0.0038876287091640909 0.00078149719351192949
176 448 0 0.0038935725339685695 0.00078275503046860897
184 448 0 0.0038780872350561916 0.00077957892389046756
192 448 0 0.0038412468752534452 0.00077198824492371145
200 448 0 0.0037835274092378711 0.00076008794039831087
208 448 0 0.0037057864247236031 0.00074406403152080291
216 448 0 0.0036092327479807134 0.00072417683737162168
224 448 0 0.003495387082201545 0.00070075220254944229
232 448 0 0.0033660351908063818 0.00067417109030608411
240 448 0 0.0032231754059831486 0.00064485796467114633
248 448 0 0.0030689624219572844 0.00061326842399736991
256 448 0 0.0029056494147600893 0.00057987656232101094
264 448 0 0.0027355305138760033 0.0005451625239521027
272 448 0 0.0025608855405919646 0.00050960068256412265
280 448 0 0.0023839287333719456 0.00047364882207996065
288 448 0 0.0022067629171453598 0.00043773862740220833
296 448 0 0.0020313402594922605 0.00040226771380656766
304 448 0 0.0018594304127035638 0.00036759334013703707
312 448 0 0.0016925964872784162 0.00033402786808988793
320 448 0 0.0015321789591141472 0.00030183595248576569
328 448 0 0.0013792872965591866 0.00027123337922342313
336 448 0 0.0012347988184209715 0.00024238741123791367
344 448 0 0.0010993640698496615 0.00021541845980661486
352 448 0 0.00097341783557333412 0.0001904028694772904
360 448 0 0.00085719480110712273 0.00016737658934392675
368 448 0 0.00075074882060639336 0.00014633950024448548
376 448 0 0.00065397475032710252 0.00012726017503690871
384 448 0 0.00056663185228219843 0.00011008086542329209
392 448 0 0.000488367855222061 9.4722531679679008e-05
400 448 0 0.00041874287031905223 8.1089758957724476e-05
408 448 0 0.00035725248757250967 6.9075433531600361e-05
416 448 0 0.00030334951705907775 5.8565082666739345e-05
424 448 0 0.00025646397866049272 4.9440811160302381e-05
432 448 0 0.00021602107786474064 4.1584794823491908e-05
440 448 0 0.0001814570280192812 3.4882315325380413e-05
448 448 0 0.00015223268674979649 2.9224341269484707e-05
456 448 0 0.00012784506322709058 2.4509676763760814e-05
464 448 0 0.000107836821911325 2.0646710936830611e-05
472 448 0 9.1803956795048791e-05 1.7554809904309947e-05
480 448 0 7.9401838435538765e-05 1.516539680906283e-05
488 448 0 7.0349845433779326e-05 1.3422766076471039e-05
496 448 0 6.4434784323992933e-05 1.2284675355507161e-05
504 448 0 6.1513279392708098e-05 1.1722753233775395e-05
0 456 0 0.0015567354633468694 0.00030270972014966686
8 456 0 0.0015729063287566959 0.00030598334113846135
16 456 0 0.0016049575798998603 0.00031247314300800861
24 456 0 0.0016523118595908558 0.00032206484428178657
32 456 0 0.0017141122233271943 0.00033458854699485287
40 456 0 0.0017892332753791269 0.00034982063907727876
48 456 0 0.0018762963541443414 0.00036748644294214584
56 456 0 0.0019736889786700997 0.00038726368700683607
64 456 0 0.0020795887325588884 0.00040878687362270842
72 456 0 0.0021919916781868998 0.00043165260128239218
80 456 0 0.0023087452642077929 0.00045542587097316184
88 456 0 0.0024275855180231317 0.00047964736719888212
96 456 0 0.0025461781117587885 0.00050384165562567451
104 456 0 0.0026621626683137481 0.00052752618460979442
112 456 0 0.0027731994488705692 0.00055022092090176123
120 456 0 0.0028770173519220756 0.00057145839493534089
128 456 0 0.002971461973497634 0.00059079388278480928
136 456 0 0.0030545423446696864 0.00060781541433941938
144 456 0 0.0031244748887718533 0.00062215327410218525
152 456 0 0.0031797231365328126 0.00063348865492063745
160 456 0 0.003219031807486619 0.00064156113736728174
168 456 0 0.0032414540105932749 0.000646174698570816
176 456 0 0.0032463705310563631 0.00064720200291220643
184 456 0 0.0032335004442760498 0.00064458679078014183
192 456 0 0.0032029026181344621 0.00063834425711898311
200 456 0 0.0031549680146676197 0.00062855939457025136
208 456 0 0.0030904030628859892 0.00061538336183761385
216 456 0 0.0030102047264785182 0.00059902802150219514
224 456 0 0.0029156282142055604 0.00057975886799598465
232 456 0 0.0028081485594385544 0.00055788663136782744
240 456 0 0.0026894175138160487 0.0005337578921670999
248 456 0 0.0025612173473921703 0.00050774507456511405
256 456 0 0.0024254132174628793 0.00048023619729721002
264 456 0 0.002283905758845742 0.00045162475503026126
272 456 0 0.002138585463035247 0.00042230007755671758
280 456 0 0.0019912902601744607 0.00039263847319748494
288 456 0 0.0018437675078207785 0.00036299540932458125
296 456 0 0.0016976413385153878 0.00033369892097687278
304 456 0 0.0015543860403235603 0.00030504437238000354
312 456 0 0.0014153058573457694 0.00027729062993264676
320 456 0 0.0012815213165041225 0.0002506576426100247
328 456 0 0.0011539619267175317 0.00022532536984165488
336 456 0 0.0010333648683867784 0.00020143395003419302
344 456 0 0.00092027910337390761 0.00017908496647575385
352 456 0 0.00081507419358139207 0.00015834364199194205
360 456 0 0.00071795302181246407 0.00013924177929465866
368 456 0 0.00062896756088918972 0.00012178125971720364
376 456 0 0.00054803683259418707 0.00010593791773291544
384 456 0 0.00047496623152090754 9.1665620761290892e-05
392 456 0 0.00040946745366125369 7.8900401560807304e-05
400 456 0 0.00035117835807500487 6.7564512244047356e-05
408 456 0 0.00029968219461499844 5.7570292957511229e-05
416 456 0 0.00025452574402633812 4.882377303273963e-05
424 456 0 0.00021523603202425483 4.1227946636237893e-05
432 456 0 0.00018133539030115882 3.4685687563581818e-05
440 456 0 0.00015235473999085139 2.9102288028429808e-05
448 456 0 0.00012784506322709058 2.4509676763760814e-05
456 456 0 0.00010738710350075086 2.0457959726339711e-05
464 456 0 9.0599394034155298e-05 1.7237427877169701e-05
472 456 0 7.7144754800668954e-05 1.4659201994379837e-05
480 456 0 6.6735423397209061e-05 1.2666415038329703e-05
488 456 0 5.913699368618089e-05 1.1212851747598437e-05
496 456 0 5.417133046337885e-05 1.0263453860614083e-05
504 456 0 5.1718610293167933e-05 9.7946690995401659e-06
0 464 0 0.0013091628228754618 0.00024757264047140762
8 464 0 0.0013226763078253809 0.000250230020931315
16 464 0 0.0013494596902560026 0.00025549788964385764
24 464 0 0.0013890288868260161 0.0002632829727648397
32 464 0 0.0014406655668834103 0.00027344665644378399
40 464 0 0.001503426677587663 0.00028580659779146389
48 464 0 0.0015761573980949395 0.0003001389560494019
56 464 0 0.0016575076785418942 0.00031618130012820551
64 464 0 0.0017459524873690963 0.00033363624518979208
72 464 0 0.0018398158203065547 0.00035217585788034503
80 464 0 0.0019372984169953875 0.00037144684721240537
88 464 0 0.0020365089911825235 0.00039107652684060822
96 464 0 0.0021354986154572602 0.00041067949630152825
104 464 0 0.0022322977221615214 0.00042986494615222673
112 464 0 0.0023249550010014009 0.00044824444786916839
120 464 0 0.0024115773047004123 0.00046544004722166334
128 464 0 0.0024903695304549969 0.0004810924430426371
136 464 0 0.0025596733395777068 0.00049486900509197957
144 464 0 0.0026180035210204332 0.00050647136775142012
152 464 0 0.0026640808039561374 0.00051564233257667515
160 464 0 0.0026968599841574585 0.00052217182332916058
168 464 0 0.0027155523484997186 0.00052590166209355626
176 464 0 0.0027196415575151478 0.00052672897354121527
184 464 0 0.0027088923697926996 0.00052460807448335024
192 464 0 0.002683351853194614 0.00051955076493984814
200 464 0 0.0026433430128840409 0.00051162500178357885
208 464 0 0.0025894510599274488 0.00050095200295854035
216 464 0 0.0025225028309783242 0.00048770189550019407
224 464 0 0.0024435401338267497 0.00047208808037881066
232 464 0 0.0023537880212947744 0.00045436053814377998
240 464 0 0.0022546191751814438 0.00043479833863460486
248 464 0 0.002147515703819285 0.00041370164357288535
256 464 0 0.0020340297159606962 0.00039138350150218302
264 464 0 0.0019157440287054059 0.00036816173014033609
272 464 0 0.0017942343004457547 0.00034435116258949234
280 464 0 0.0016710337574135617 0.00032025650276089898
288 464 0 0.0015476015135179296 0.00029616599430284897
296 464 0 0.0014252952792487656 0.00027234605926662213
304 464 0 0.0013053490293800782 0.00024903701094348214
312 464 0 0.0011888559643795163 0.00022644989296625312
320 464 0 0.0010767568696671069 0.0002047644468370156
328 464 0 0.00096983376170823535 0.00018412816500929636
336 464 0 0.00086870851995884436 0.00016465634842793408
344 464 0 0.00077384604609667305 0.00014643305727723456
352 464 0 0.00068556137135713515 0.00012951282222425692
360 464 0 0.00060403005112655685 0.00011392297068590722
368 464 0 0.00052930114279048195 9.9666418098707773e-05
376 464 0 0.00046131205566488358 8.672477692930349e-05
384 464 0 0.00039990458646944096 7.5061645051466579e-05
392 464 0 0.00034484150487077607 6.462594879047762e-05
400 464 0 0.00029582312506916609 5.5355233005838786e-05
408 464 0 0.0002525033849193908 4.7178809695607642e-05
416 464 0 0.00021450504750790894 4.0020696518429182e-05
424 464 0 0.00018143373576398497 3.3802296260269856e-05
432 464 0 0.00015289060357269387 2.8543132191291104e-05
440 464 0 0.00012848353284815561 2.4407070724538258e-05
448 464 0 0.00010783682191132499 2.0646710936830624e-05
456 464 0 9.0599394034155298e-05 1.7237427877169688e-05
464 464 0 7.6451604794828046e-05 1.4147789239327252e-05
472 464 0 6.511076238754813e-05 1.2033992413120823e-05
480 464 0 5.6335496406375188e-05 1.0399926990833873e-05
488 464 0 4.9929118629822107e-05 9.2078750563587825e-06
496 464 0 4.5742115199676868e-05 8.4292152637019816e-06
504 464 0 4.3673894904801732e-05 8.0447153883662009e-06
0 472 0 0.0011113184891233781 0.00019784433375208367
8 472 0 0.0011227219071950354 0.00019995440063034554
16 472 0 0.0011453225613542468 0.00020413712890175587
24 472 0 0.0011787107577974638 0.0002103181290285523
32 472 0 0.0012222786815023114 0.00021838688538109883
40 472 0 0.0012752285987508655 0.00022819807883679754
48 472 0 0.0013365839869520215 0.00023957341114291797
56 472 0 0.0014052037069491119 0.0002523039715927823
64 472 0 0.0014797993041081195 0.0002661531832609768
72 472 0 0.0015589554648626726 0.00028086035544388219
80 472 0 0.001641153565869266 0.00029614485112612154
88 472 0 0.0017247981372118006 0.00031171085397072289
96 472 0 0.0018082459255851949 0.00032725268987206539
104 472 0 0.0018898370967358584 0.00034246062542566303
112 472 0 0.0019679279689200605 0.0003570270320813404
120 472 0 0.0020409245318828134 0.00037065277281759894
128 472 0 0.0021073158899579713 0.0003830536404970256
136 472 0 0.0021657066835343896 0.00039396665604331726
144 472 0 0.0022148474987819401 0.00040315602223849317
152 472 0 0.0022536622772231945 0.00041041852673294292
160 472 0 0.0022812717875902119 0.00041558819656724658
168 472 0 0.0022970123223449599 0.00041854002615475871
176 472 0 0.0023004489269630238 0.00041919263055212406
184 472 0 0.0022913826552502193 0.00041750971454248024
192 472 0 0.002269851559625407 0.00041350029356920694
200 472 0 0.0022361253604597123 0.00040721765242432862
208 472 0 0.002190693980875018 0.00039875707905243085
216 472 0 0.0021342503699842775 0.00038825246099404671
224 472 0 0.0020676682557856977 0.00037587187804105204
232 472 0 0.0019919756572579633 0.0003618123640368111
240 472 0 0.0019083251339100226 0.00034629404127142121
248 472 0 0.0018179618528082991 0.00032955385101098586
256 472 0 0.0017221906035081991 0.00031183911245249714
264 472 0 0.0016223428890578104 0.00029340113964759556
272 472 0 0.0015197451681767597 0.00027448913226899496
280 472 0 0.0014156892246457134 0.0002553445327678483
288 472 0 0.0013114055021985701 0.00023619601131935944
296 472 0 0.0012080400760394983 0.0002172552032092673
304 472 0 0.0011066357459647879 0.00019871328341529025
312 472 0 0.0010081175418428505 0.00018073842253666576
320 472 0 0.00091328274046371049 0.0001634741292033964
328 472 0 0.00082279531309075089 0.00014703844861748447
336 472 0 0.00073718456347879454 0.00013152395648004982
344 472 0 0.00065684758280134213 0.00011699846329533091
352 472 0 0.00058205504488316245 0.0001035063264739727
360 472 0 0.0005129597942531755 9.1070256873381351e-05
368 472 0 0.00044960764069752323 7.9693502092958719e-05
376 472 0 0.000391949765326 6.9362290338883582e-05
384 472 0 0.00033985616136694924 6.0048425102491719e-05
392 472 0 0.0002931295736403732 5.1711931230402869e-05
400 472 0 0.00025151945895093456 4.4303666118231523e-05
408 472 0 0.00021473556025446443 3.7767824664926373e-05
416 472 0 0.00018246076521902601 3.2274795035438413e-05
424 472 0 0.00015436299990867364 2.8097765310352375e-05
432 472 0 0.00013010598650619934 2.4257013402474302e-05
440 472 0 0.00010935876669935874 2.0747219806840599e-05
448 472 0 9.1803956795048777e-05 1.755480990430996e-05
456 472 0 7.7144754800668967e-05 1.465920199437981e-05
464 472 0 6.511076238754813e-05 1.2033992413120837e-05
472 472 0 5.5462715294112961e-05 9.6480470934351694e-06
480 472 0 4.799623441687894e-05 8.3392619894962487e-06
488 472 0 4.2544717172179199e-05 7.3844014576429087e-06
496 472 0 3.8981485703802324e-05 6.7606294958745446e-06
504 472 0 3.7221296495679152e-05 6.4525984091225795e-06
0 480 0 0.00095862514856522854 0.00015269334055814958
8 480 0 0.00096840864058213337 0.000154313266612902
16 480 0 0.00098779826353769147 0.0001575242978165553
24 480 0 0.0010164416320700138 0.00016226912572744998
32 480 0 0.001053816049539814 0.00016846263196249739
40 480 0 0.0010992356685815136 0.00017599293016935195
48 480 0 0.0011518611881065463 0.00018472279884547524
56 480 0 0.0012107121733265249 0.00019449153362258707
64 480 0 0.0012746820593237077 0.00020511724478441181
72 480 0 0.0013425558473320809 0.0002163996175305917
80 480 0 0.0014130304269545731 0.0002281231389146929
88 480 0 0.0014847373601748809 0.00024006077703691967
96 480 0 0.001556267849588035 0.00025197807599715988
104 480 0 0.0016261994909886465 0.00026363760574721188
112 480 0 0.0016931242878639422 0.0002748036810561183
120 480 0 0.0017556772916645065 0.00028524724021830681
128 480 0 0.0018125651361561375 0.00029475075380183376
136 480 0 0.0018625936651143265 0.00030311301842006304
144 480 0 0.0019046938170928203 0.00031015368168911973
152 480 0 0.0019379449339586711 0.00031571734326452344
160 480 0 0.0019615947038996136 0.00031967708369059827
168 480 0 0.0019750750345902696 0.00032193728775469031
176 480 0 0.0019780132753873555 0.00032243565157566824
184 480 0 0.0019702383635271403 0.00032114429172307906
192 480 0 0.0019517816508515724 0.00031806990877383465
200 480 0 0.0019228723654170488 0.00031325299504266347
208 480 0 0.0018839278661467603 0.00030676611472825769
216 480 0 0.0018355390477186549 0.00029871132226562251
224 480 0 0.0017784514366038298 0.00028921681918186786
232 480 0 0.0017135426779454502 0.00027843297931251314
240 480 0 0.0016417972386588914 0.00026652789525113117
248 480 0 0.0015642792386146923 0.00025368261419360686
256 480 0 0.0014821043652965334 0.0002400862382116657
264 480 0 0.0013964118267554382 0.00022593106230237221
272 480 0 0.0013083372544677777 0.000211407913708982
280 480 0 0.00121898738575009 0.0001967018388956234
288 480 0 0.0011294172406919822 0.00018198826150658798
296 480 0 0.0010406103687614174 0.00016742970727808091
304 480 0 0.00095346258397295167 0.00015317316199183622
312 480 0 0.00086876944385486403 0.00013934809798798651
320 480 0 0.00078721756526123224 0.00012606517520247825
328 480 0 0.0007093797174348085 0.00011341559565594239
336 480 0 0.00063571349649312796 0.00010147106698566658
344 480 0 0.00056656327098435352 9.0284311816988616e-05
352 480 0 0.00050216499890053329 7.9890045982629158e-05
360 480 0 0.00044265345432072589 7.0306339932449608e-05
368 480 0 0.0003880713667653442 6.1536273932179025e-05
376 480 0 0.00033837996695389611 5.3569798372103889e-05
384 480 0 0.00029347044631639681 4.638571505055243e-05
392 480 0 0.00025317587074258905 4.0294575573807763e-05
400 480 0 0.00021728313750566544 3.5892733236923612e-05
408 480 0 0.00018554462364589398 3.1738513859771452e-05
416 480 0 0.00015768923994437896 2.7855383701515029e-05
424 480 0 0.0001334326728222939 2.4256567122085058e-05
432 480 0 0.0001124866633807518 2.0946009441542097e-05
440 480 0 9.4567235244601594e-05 1.7919428136150206e-05
448 480 0 7.9401838435538765e-05 1.516539680906283e-05
456 480 0 6.6735423397209061e-05 1.2666415038329703e-05
464 480 0 5.6335496406375188e-05 1.0399926990833873e-05
472 480 0 4.7996234416878947e-05 8.3392619894962419e-06
480 480 0 4.1541753921830396e-05 6.4544804950485509e-06
488 480 0 3.6828635164073525e-05 5.7160820081056735e-06
496 480 0 3.3747800824945481e-05 5.2336848788568424e-06
504 480 0 3.2225838313514666e-05 4.9954581821644862e-06
0 488 0 0.0008473791055473379 0.00011124604301789064
8 488 0 0.00085598728206712628 0.0001124213585150071
16 488 0 0.00087304724206572093 0.00011475102147197054
24 488 0 0.00089824828893432388 0.00011819334313568994
32 488 0 0.00093112963339806755 0.00012268641614174649
40 488 0 0.00097108678335931266 0.0001281488852222009
48 488 0 0.0010173801835251868 0.00013448100458135948
56 488 0 0.0010691461720269881 0.00014156600129953674
64 488 0 0.0011254102974361242 0.00014927176188758349
72 488 0 0.0011851029942638099 0.00015745285306827095
80 488 0 0.0012470775488852939 0.00016595287806927921
88 488 0 0.0013101302035840355 0.00017460715659084534
96 488 0 0.001373022148686148 0.00018324570090188694
104 488 0 0.0014345030477434469 0.00019169644324519954
112 488 0 0.001493335635740048 0.00019978865212389417
120 488 0 0.0015483208332269223 0.00020735645843758424
128 488 0 0.0015983227379743391 0.00021424239818179842
136 488 0 0.0016422927973587602 0.00022030086775556628
144 488 0 0.0016792924352225277 0.00022540138187029262
152 488 0 0.0017085134106037958 0.00022943152335487527
160 488 0 0.001729295224707695 0.00023229947919191861
168 488 0 0.0017411389666925894 0.00023393606789768023
176 488 0 0.0017437170958982974 0.00023429617948905811
184 488 0 0.0017368787935058939 0.00023335957002124639
192 488 0 0.001720650673872378 0.00023113097697919434
200 488 0 0.0016952328170398512 0.00022763954837719757
208 488 0 0.0016609902603253108 0.00022293760582144952
216 488 0 0.0016184402592021279 0.00021709878851652702
224 488 0 0.0015682357868270931 0.00021021564977673668
232 488 0 0.0015111458792518469 0.00020239679869360331
240 488 0 0.0014480335425767683 0.00019376369608212316
248 488 0 0.001379832013773327 0.00018444722484136527
256 488 0 0.001307520205370208 0.00017458415992632542
264 488 0 0.0012320981646337464 0.00016431366212169181
272 488 0 0.0011545633414681944 0.00015377391299958333
280 488 0 0.0010758883892992962 0.00014309899645079376
288 488 0 0.00099700112477298921 0.00013241611591899294
296 488 0 0.00091876715168626112 0.0001218432170751563
304 488 0 0.00084197551956656362 0.00011148706440638806
312 488 0 0.00076732764550760727 0.00010144179834725676
320 488 0 0.0006954295868869027 9.1787978374329544e-05
328 488 0 0.00062678761944502258 8.259209798978592e-05
336 488 0 0.00056180695588934021 7.3906540603787749e-05
344 488 0 0.00050079333937689229 6.5769931607461232e-05
352 488 0 0.00044395716713212517 5.8207831768408117e-05
360 488 0 0.00039141974373520282 5.2537423396922355e-05
368 488 0 0.00034322123147554137 4.8198512259661449e-05
376 488 0 0.00029932985548863157 4.3891375986909796e-05
384 488 0 0.00025965193197575971 3.9677923512871868e-05
392 488 0 0.00022404231561470644 3.5609616361053265e-05
400 488 0 0.00019231490373260285 3.1727411882103595e-05
408 488 0 0.00016425288609458289 2.8062017638019954e-05
416 488 0 0.00013961848641919886 2.4634399675384038e-05
424 488 0 0.00011816200132539908 2.1456485093799771e-05
432 488 0 9.9630001083009909e-05 1.8532000242389176e-05
440 488 0 8.3772611510250352e-05 1.5857389572759557e-05
448 488 0 7.0349845433779326e-05 1.3422766076471026e-05
456 488 0 5.9136993686180883e-05 1.1212851747598443e-05
464 488 0 4.9929118629822107e-05 9.2078750563587757e-06
472 488 0 4.2544717172179199e-05 7.3844014576429087e-06
480 488 0 3.6828635164073525e-05 5.7160820081056735e-06
488 488 0 3.2654321346174398e-05 4.1743138178991276e-06
496 488 0 2.992550736239196e-05 3.8222934625535217e-06
504 488 0 2.8577391784981615e-05 3.6484465285330513e-06
0 496 0 0.00077478008728363971 7.2599018263698185e-05
8 496 0 0.00078262354827770858 7.3363733789417692e-05
16 496 0 0.00079816774624151738 7.4879495824203553e-05
24 496 0 0.00082112915918042327 7.7119129753900608e-05
32 496 0 0.0008510873465298899 8.0042286868177654e-05
40 496 0 0.00088749083079462591 8.3595952564686745e-05
48 496 0 0.00092966504104261168 8.7715142482575146e-05
56 496 0 0.00097682237351284524 9.2323798514142887e-05
64 496 0 0.0010280744023243096 9.7335895111814574e-05
72 496 0 0.0010824462319141037 0.00010265676234970616
80 496 0 0.00113889292302389 0.00010818462586140382
88 496 0 0.0011963178482559155 0.00011381235532812004
96 496 0 0.0012535927455726049 0.00011942940311354309
104 496 0 0.0013095791441533498 0.00012492390359009715
112 496 0 0.0013631507432779371 0.00013018489246211093
120 496 0 0.0014132162384079962 0.00013510459481892614
128 496 0 0.0014587420163740836 0.0001395807216002555
136 496 0 0.0014987740899456133 0.00014351870741314697
144 496 0 0.0015324586163653594 0.00014683381885716835
152 496 0 0.0015590603484456254 0.00014945306215817045
160 496 0 0.0015779784024853097 0.00015131682222238531
168 496 0 0.0015887587944933054 0.00015238017219928405
176 496 0 0.0015911032928624172 0.00015261380303588021
184 496 0 0.00158487425766388 0.00015200453584201384
192 496 0 0.0015700952783778371 0.0001505553954945409
200 496 0 0.0015469475760733931 0.00014828524096645811
208 496 0 0.0015157622948707642 0.00014522796545454655
216 496 0 0.0014770089626657821 0.00014143129653634585
224 496 0 0.0014312805444517324 0.00013695524237536069
232 496 0 0.0013792756356970739 0.000131870243554773
240 496 0 0.0013217784418436478 0.00012625510073312044
248 496 0 0.0012596372583303483 0.00012019475544297869
256 496 0 0.0011937422006929441 0.00011377800467726393
264 496 0 0.0011250029352854343 0.00010709522934831202
272 496 0 0.0010543271290436276 0.00010023621242456673
280 496 0 0.00098260027436377641 9.3288114935519834e-05
288 496 0 0.00091066745710831744 8.6333667664671774e-05
296 496 0 0.00083931752774496016 7.944962394130096e-05
304 496 0 0.00076927001427001471 7.2705505296548909e-05
312 496 0 0.00070116498781730018 6.810502645271453e-05
320 496 0 0.0006355559645599729 6.5609023257327272e-05
328 496 0 0.00057290580699114304 6.2650157568829869e-05
336 496 0 0.00051358547934742666 5.9320327643716379e-05
344 496 0 0.00045787542008992986 5.5710059257496798e-05
352 496 0 0.00040596922193718402 5.190619815274584e-05
360 496 0 0.00035797925854337846 4.7989963393805558e-05
368 496 0 0.00031394386679983971 4.4035391743538752e-05
376 496 0 0.00027383568398266185 4.0108182817177862e-05
384 496 0 0.0002375707476511691 3.6264936331492745e-05
392 496 0 0.00020501799063386554 3.2552757017303562e-05
400 496 0 0.00017600880042447462 2.9009190209390915e-05
408 496 0 0.00015034635839546141 2.5662442029013218e-05
416 496 0 0.00012781452593711685 2.2531832458344558e-05
424 496 0 0.00010818609863397989 1.9628427303136961e-05
432 496 0 9.123030291158101e-05 1.6955795722398877e-05
440 496 0 7.6719459679500094e-05 1.4510843232080916e-05
448 496 0 6.4434784323992919e-05 1.2284675355507174e-05
456 496 0 5.4171330463378843e-05 1.0263453860614076e-05
464 496 0 4.5742115199676862e-05 8.4292152637019816e-06
472 496 0 3.8981485703802317e-05 6.7606294958745446e-06
480 496 0 3.3747800824945481e-05 5.2336848788568356e-06
488 496 0 2.992550736239196e-05 3.8222934625535217e-06
496 496 0 2.7426689335777046e-05 2.4988180266149134e-06
504 496 0 2.6192160937970279e-05 2.3852308470113352e-06
0 504 0 0.00073895122691111203 3.5828860372527681e-05
8 504 0 0.00074641796960849178 3.6205578669216802e-05
16 504 0 0.00076121547234908463 3.6952273892432749e-05
24 504 0 0.00078307361464124818 3.8055544539175091e-05
32 504 0 0.00081159185284112114 3.9495493688768753e-05
40 504 0 0.00084624484946161478 4.1245981333011138e-05
48 504 0 0.00088639007134616056 4.4887334924235771e-05
56 504 0 0.00093127740627039633 4.878341976964737e-05
64 504 0 0.0009800608260400437 5.1751258709851339e-05
72 504 0 0.001031812084749895 5.3724299421926925e-05
80 504 0 0.001085536384171822 5.4653482404426945e-05
88 504 0 0.0011401898665762489 5.6127981679666593e-05
96 504 0 0.0011946987125664428 5.889403300616213e-05
104 504 0 0.0012479795329337659 6.1599611219583916e-05
112 504 0 0.0012989606552709894 6.4190088006947643e-05
120 504 0 0.0013466038247236462 6.6612413684349978e-05
128 504 0 0.00138992577038932 6.8816245984763564e-05
136 504 0 0.0014280190405087238 7.0755049436889515e-05
144 504 0 0.0014600714857158645 7.2387130649494841e-05
152 504 0 0.0014853837737776416 7.3676574667983722e-05
160 504 0 0.001503384353275063 7.4594049210246647e-05
168 504 0 0.0015136413474785449 7.5117447014760473e-05
176 504 0 0.0015158709512374028 7.5232341625014465e-05
184 504 0 0.0015099420192054797 7.4932238458400371e-05
192 504 0 0.0014958766677394015 7.4218610638435677e-05
200 504 0 0.0014738468586676223 7.3100717405770845e-05
208 504 0 0.0014441670833526495 7.1595211518114691e-05
216 504 0 0.0014072834122316133 6.9725550434168813e-05
224 504 0 0.0013637593106566139 6.7521233795118539e-05
232 504 0 0.0013142587393459248 6.5016896351149109e-05
240 504 0 0.0012595271511652011 6.2251290678446737e-05
248 504 0 0.0012003710607984045 6.2734163430049495e-05
256 504 0 0.001137636897368355 6.5447046058198649e-05
264 504 0 0.0010721898513101564 6.7296454568283297e-05
272 504 0 0.0010048933967418731 6.8303284816257194e-05
280 504 0 0.00093659011192561586 6.8505774525473226e-05
288 504 0 0.00086808433740014263 6.8505774525473226e-05
296 504 0 0.00080012710941257804 6.7957227987564591e-05
304 504 0 0.00073340369158821713 6.6723417824360916e-05
312 504 0 0.00066852390690792254 6.4879784680294591e-05
320 504 0 0.00060601535147906613 6.250855542885641e-05
328 504 0 0.000546319457264952 5.9695894214114122e-05
336 504 0 0.00048979026802846654 5.6529189236485464e-05
344 504 0 0.00043669570531813746 5.3094562710329074e-05
352 504 0 0.0003872210322143231 4.9474673103814366e-05
360 504 0 0.00034147417330649874 4.5746858907824359e-05
368 504 0 0.00029949252028593158 4.1981653020567162e-05
376 504 0 0.00026125084277618384 3.8241677509747742e-05
384 504 0 0.00022666993179984608 3.4580910976337751e-05
392 504 0 0.00019562562607478633 3.1044305725059753e-05
400 504 0 0.0001679579061346323 2.7667719940154033e-05
408 504 0 0.00014347978480777051 2.4478121326861784e-05
416 504 0 0.00012198577156189408 2.1494013245876436e-05
424 504 0 0.00010325973947507783 1.8726032086816246e-05
432 504 0 8.7082074281596625e-05 1.6177665193481207e-05
440 504 0 7.3236032626483493e-05 1.3846041655113132e-05
448 504 0 6.1513279392708098e-05 1.1722753233775395e-05
456 504 0 5.1718610293167933e-05 9.7946690995401659e-06
464 504 0 4.3673894904801725e-05 8.0447153883662077e-06
472 504 0 3.7221296495679145e-05 6.4525984091225795e-06
480 504 0 3.2225838313514666e-05 4.9954581821644794e-06
488 504 0 2.8577391784981615e-05 3.6484465285330513e-06
496 504 0 2.6192160937970279e-05 2.3852308470113352e-06
504 504 0 2.5013730158005878e-05 1.1784307799644016e-06
