# amr_dense_snapshot_v1
# step 400
# time 0.48828125
# coarse_n 64
# parts 4
# max_level 3
# fine_n 512
# initial_pattern hotspot
# initial_scale 0.12
# state_components 64
# leaves 11443
# columns i j level value importance
0 0 0 6.7320804063978362e-05 1.1837281281931749e-05
8 0 0 7.9158085345910111e-05 2.4726719511312909e-05
16 0 0 0.00010388480485722302 3.9676902927183018e-05
24 0 0 0.00014356170778440604 5.7600062711324026e-05
32 0 0 0.00020116177049573006 7.9243157425730844e-05
40 0 0 0.00028040492792146091 0.00010510034263726069
48 0 0 0.0003855052705587216 0.00013531041150524078
56 0 0 0.00052081568206396238 0.00016954974897401829
64 0 0 0.00069036543103798067 0.00020693805853552478
72 0 0 0.00089730348957350544 0.00024597915350775144
80 0 0 0.0011432826430812569 0.00028456083768632037
88 0 0 0.0014278434807675773 0.00032003481272403918
96 0 0 0.0017478782934916164 0.0003493886143440335
104 0 0 0.0020972669078356499 0.0003695067771387942
112 0 0 0.0024667736849744441 0.00041210825856547763
120 0 0 0.0028442730266632233 0.00047407020092791541
128 0 0 0.0032153291754099516 0.00053466550621717162
136 0 0 0.0035641001056197562 0.00059128217011704442
144 0 0 0.0038744767820347108 0.00064132625731072026
152 0 0 0.0041313243488608304 0.00068243654234550772
160 0 0 0.0043216753752458141 0.00071266715577337266
168 0 0 0.0044357416439940196 0.00073061409899115911
176 0 0 0.0044676509146410756 0.00073548131772108259
184 0 0 0.0044158610317203738 0.00072709819418408182
192 0 0 0.0042832407084659758 0.00070590752971977193
200 0 0 0.0040768270495856046 0.00067293763243404109
208 0 0 0.0038072787547390732 0.00062975275932106341
216 0 0 0.0034880586943788609 0.00057836960667642786
224 0 0 0.0031344051298218415 0.00052113194362633092
232 0 0 0.0027621819980853586 0.000460546530639914
240 0 0 0.0023867246956232515 0.00039909745263544058
248 0 0 0.0020218062970990477 0.00036491839852420375
256 0 0 0.0016788336313967147 0.00034297266570233308
264 0 0 0.0013663458436834739 0.00031248778771324074
272 0 0 0.0010898396154990087 0.00027650622818446518
280 0 0 0.00085189695348169203 0.00023794266201731672
288 0 0 0.00065255343072035191 0.00019934352276134012
296 0 0 0.00048982284598778232 0.00016273058473256958
304 0 0 0.00036028962330296802 0.00012953322268481431
312 0 0 0.00025969020728845049 0.00010059941601451753
320 0 0 0.000183424219422178 7.6265987866272483e-05
328 0 0 0.00012695960675517603 5.6464612667001977e-05
336 0 0 8.6118539849793318e-05 4.0841066905382707e-05
344 0 0 5.7249015104794436e-05 2.8869524744998882e-05
352 0 0 3.7299344806043787e-05 1.9949670298750649e-05
360 0 0 2.3818867962213531e-05 1.3480476843830257e-05
368 0 0 1.4909255325369934e-05 8.9096126368435964e-06
376 0 0 9.1482310741161703e-06 5.7610242512537638e-06
384 0 0 5.5029964180953022e-06 3.6452346560208681e-06
392 0 0 3.2454877822822268e-06 2.2575086358130755e-06
400 0 0 1.8768092775790534e-06 1.3686785047031734e-06
408 0 0 1.06429854453557e-06 8.1251073304348342e-07
416 0 0 5.919112474134941e-07 4.7238729712207587e-07
424 0 0 3.2288578723405449e-07 2.690254601794396e-07
432 0 0 1.7277964470390812e-07 1.5010614253014637e-07
440 0 0 9.0707320003970125e-08 8.2072324699937992e-08
448 0 0 4.6725754974585315e-08 4.398156502938481e-08
456 0 0 2.3621078286602742e-08 2.3104676687982573e-08
464 0 0 1.1720984980782235e-08 1.1900093305820507e-08
472 0 0 5.7117060613926145e-09 6.0092789193896204e-09
480 0 0 2.7386794759100738e-09 2.9730265854825408e-09
488 0 0 1.3037822322883917e-09 1.4348972436216821e-09
496 0 0 6.4291392631571298e-10 6.608683059726787e-10
504 0 0 3.8667070067789874e-10 2.5624322563781424e-10
0 8 0 7.9158085345910111e-05 2.4726719511312896e-05
8 8 0 9.3027078566368271e-05 2.8963431580365331e-05
16 8 0 0.0001219905101467336 4.645746952964286e-05
24 8 0 0.00016844797967637646 6.7412067485037724e-05
32 8 0 0.00023586004716141419 9.2694529640827416e-05
40 8 0 0.0003285545768022416 0.00012287662874764147
48 8 0 0.00045143120554988307 0.00015811545154204465
56 8 0 0.00060954665709192773 0.00019802909862499571
64 8 0 0.00080757575571692344 0.00024431742258626381
72 8 0 0.0010491628697492444 0.00031650918739452132
80 8 0 0.0013362042607055183 0.00040206785948238618
88 8 0 0.0016681297644089419 0.00050076889287286762
96 8 0 0.0020412769975924373 0.00061146193436961271
104 8 0 0.0024484662063807192 0.00073193993878668687
112 8 0 0.0028788819435399218 0.00085890276178628372
120 8 0 0.0033183432275911387 0.00098804740195025708
128 8 0 0.0037499946816271232 0.0011143022750603375
136 8 0 0.0041553822757368006 0.0012321950899700672
144 8 0 0.0045158030393454311 0.001336306963455801
152 8 0 0.0048137608912063382 0.0014217336087277684
160 8 0 0.0050343425310191868 0.0014844684311923857
168 8 0 0.0051663557429851787 0.0015216528195225558
176 8 0 0.0052031322323621582 0.0015316900576140356
184 8 0 0.0051429592259044556 0.0015142567579909385
192 8 0 0.0049891482381857477 0.0014702634796360395
200 8 0 0.0047497646820196457 0.0014018059969920643
208 8 0 0.0044370315140601366 0.0013120827388061959
216 8 0 0.0040664283010552887 0.0012052420471534032
224 8 0 0.0036555370734481724 0.0010861355282659503
232 8 0 0.0032227285287252726 0.00095997932673421533
240 8 0 0.0027858221482586921 0.0008319610675719155
248 8 0 0.0023608713367706691 0.00070685272557275683
256 8 0 0.0019612092338048047 0.00058868889726779129
264 8 0 0.0015968466600641737 0.0004805519674544261
272 8 0 0.0012742543067420736 0.00038448079606086174
280 8 0 0.00099650232980817949 0.00030149613641143299
288 8 0 0.00076368445870444264 0.00023281787110373685
296 8 0 0.0005735274734175608 0.00019015698528688184
304 8 0 0.00042208149512723786 0.00015144597829032293
312 8 0 0.00030439843895234571 0.00011768305617489215
320 8 0 0.00021512907575925926 8.9269363193086447e-05
328 8 0 0.00014899675280176229 6.6132322957496978e-05
336 8 0 0.00010113220100728888 4.7864551794473409e-05
344 8 0 6.7275105829301792e-05 3.3857095177987085e-05
352 8 0 4.3862376011843252e-05 2.3412729817458541e-05
360 8 0 2.8030220291009417e-05 1.5832155720833835e-05
368 8 0 1.7558378515601207e-05 1.047184177540821e-05
376 8 0 1.078191660594046e-05 6.7764619096607476e-06
384 8 0 6.490744190196105e-06 4.2911724157443549e-06
392 8 0 3.8310377470539747e-06 2.6597064431421303e-06
400 8 0 2.2171819888617362e-06 1.6138557581922385e-06
408 8 0 1.2583221334366864e-06 9.5885985542504982e-07
416 8 0 7.0037960334292554e-07 5.5794253009376083e-07
424 8 0 3.8236202395020592e-07 3.1801757939271962e-07
432 8 0 2.0477024328330733e-07 1.775917806668986e-07
440 8 0 1.0758798960042336e-07 9.7182253682883965e-08
448 8 0 5.5465512432356882e-08 5.2122477168066482e-08
456 8 0 2.8061389314500478e-08 2.7404123117856404e-08
464 8 0 1.3935209189407043e-08 1.4126180125093435e-08
472 8 0 6.7959900418549513e-09 7.139219147552092e-09
480 8 0 3.2611129915868186e-09 3.5348770502681327e-09
488 8 0 1.5537349373969412e-09 1.7073780541898774e-09
496 8 0 7.6682703768579512e-10 7.8690789971114613e-10
504 8 0 4.6155651719561615e-10 3.0527052049017897e-10
0 16 0 0.00010388480485722301 3.9676902927183059e-05
8 16 0 0.0001219905101467336 4.645746952964286e-05
16 16 0 0.00015978787342570518 6.0593583054335479e-05
24 16 0 0.00022038145648004063 8.7864799913343948e-05
32 16 0 0.00030824625639338458 0.00012072886810841665
40 16 0 0.00042897512450180123 0.00016075489705254389
48 16 0 0.00058889458352072367 0.00021998058415083213
56 16 0 0.00079452709214235641 0.00029594343509172102
64 16 0 0.0010518931783031872 0.00039079815722545784
72 16 0 0.0013656720571437657 0.00050620840945544868
80 16 0 0.0017382721201879045 0.00064300876573304883
88 16 0 0.0021688986572818095 0.00080086077950060255
96 16 0 0.00265273893196205 0.00097794458667364251
104 16 0 0.0031804061451674061 0.0011707387191519456
112 16 0 0.0037377847053262055 0.0013739479479692044
120 16 0 0.0043063906295413958 0.001580636978828486
128 16 0 0.0048642969566874607 0.0017826083472038522
136 16 0 0.0053875773657068677 0.0019710170650761322
144 16 0 0.0058521100028012321 0.0021371435798335815
152 16 0 0.0062354944999341065 0.0022731763973624303
160 16 0 0.0065188109622115725 0.0023728360849370397
168 16 0 0.0066880085625077345 0.0024317375828999581
176 16 0 0.0067348222899761938 0.0024475044780000507
184 16 0 0.0066572159838953942 0.002419713334676595
192 16 0 0.0064594117178217872 0.0023497819641660105
200 16 0 0.00615157067901171 0.0022409272420952329
208 16 0 0.0057491142528663325 0.0020980949720593054
216 16 0 0.0052716703482086919 0.0019277753657268781
224 16 0 0.0047416726017141227 0.0017376490505957801
232 16 0 0.0041827078554594879 0.0015360506532996971
240 16 0 0.0036177832158306076 0.0013313185945943383
248 16 0 0.003067724062343426 0.0011311463411977454
256 16 0 0.002549898131072596 0.00094204398396426038
264 16 0 0.0020773986275185998 0.00076898170811553731
272 16 0 0.0016587351028029354 0.0006152409469559006
280 16 0 0.0012979984662196125 0.00048245878243339483
288 16 0 0.00099540345836467213 0.00037082360474196912
296 16 0 0.00074807688565469994 0.00027936702704687958
304 16 0 0.00055095338352935082 0.00020629669010224045
312 16 0 0.00039765691518630486 0.00015329646834304596
320 16 0 0.00028127706414040357 0.00011637985104590129
328 16 0 0.00019498551041764915 8.629155372275442e-05
336 16 0 0.00013247247879741886 6.2513031620230295e-05
344 16 0 8.8210488632815156e-05 4.4261990164603699e-05
352 16 0 5.7571146040245362e-05 3.0639342592569794e-05
360 16 0 3.6829974553902797e-05 2.0741171486342565e-05
368 16 0 2.3095891719737416e-05 1.373408283416538e-05
376 16 0 1.4198185154272819e-05 8.8977065654645971e-06
384 16 0 8.5571063009108444e-06 5.6410788533619748e-06
392 16 0 5.0565166033739574e-06 3.500589697536887e-06
400 16 0 2.9298407249723661e-06 2.1266758784015913e-06
408 16 0 1.6647363872003431e-06 1.265104337772023e-06
416 16 0 9.2768333721488605e-07 7.3705304998545703e-07
424 16 0 5.0705354095765143e-07 4.2062979625723462e-07
432 16 0 2.718676625247863e-07 2.3518587843286513e-07
440 16 0 1.4300913931512591e-07 1.2885852320966039e-07
448 16 0 7.3812336896001961e-08 6.919680241912395e-08
456 16 0 3.73866732078045e-08 3.6425663688197461e-08
464 16 0 1.8587381250368866e-08 1.8799291957435634e-08
472 16 0 9.0750788244352252e-09 9.5123024259336407e-09
480 16 0 4.3596969026095447e-09 4.7153819218256804e-09
488 16 0 2.0795693913025312e-09 2.2801275113070135e-09
496 16 0 1.0276290779810746e-09 1.0519403133214566e-09
504 16 0 6.1923658726129012e-10 4.0839249071978445e-10
0 24 0 0.00014356170778440607 5.7600062711324053e-05
8 24 0 0.00016844797967637646 6.7412067485037751e-05
16 24 0 0.00022038145648004066 8.7864799913343975e-05
24 24 0 0.00030359111599704983 0.00012057907825783565
32 24 0 0.00042417019425488548 0.00016788815163670291
40 24 0 0.00058973002155434512 0.0002327037971142224
48 24 0 0.00080887516767155581 0.00031831522960564526
56 24 0 0.0010904705272340774 0.00042811021101666399
64 24 0 0.0014426913355286451 0.00056521462382391361
72 24 0 0.0018718804665992144 0.00073205795280276327
80 24 0 0.0023812808859209533 0.00092988667241653174
88 24 0 0.0029697594367824121 0.0011582641256418138
96 24 0 0.0036306835186356926 0.001414612813771584
104 24 0 0.0043511448643193517 0.0016938721319907386
112 24 0 0.0051117326532954099 0.0019883599054165788
120 24 0 0.0058870276083698818 0.0022879339368512969
128 24 0 0.006646905303891313 0.0025805348561376094
136 24 0 0.007358594430783 0.0028531281470071815
144 24 0 0.0079892535826348136 0.0030929346169204976
152 24 0 0.0085086708972965368 0.0032886829134125446
160 24 0 0.0088916470471486122 0.0034315521940482662
168 24 0 0.0091197461454076926 0.0035156069325776359
176 24 0 0.0091823267679762444 0.0035378112473884379
184 24 0 0.0090769293185719892 0.0034977773123229042
192 24 0 0.0088091936819877977 0.0033974504377305322
200 24 0 0.008392497921106943 0.0032411755824552288
208 24 0 0.007847209224925638 0.0030357409709163667
216 24 0 0.00719944571393557 0.0027902397354960954
224 24 0 0.0064793216523099028 0.0025156483143384421
232 24 0 0.005718758508759185 0.0022240495964326607
240 24 0 0.0049491018104249459 0.0019276301106945504
248 24 0 0.0041988704035411713 0.0016376701948238167
256 24 0 0.0034919421150368564 0.0013637142287274756
264 24 0 0.0028463803356341372 0.0011130315787986904
272 24 0 0.002273976049758836 0.00089040054663890424
280 24 0 0.0017804572486530073 0.00069818496960181629
288 24 0 0.0013662270631066412 0.00053663362456138385
296 24 0 0.0010274439127015795 0.00040431665379105064
304 24 0 0.00075725007363159128 0.00029861614949646244
312 24 0 0.00054697998145424845 0.00021620295801071359
320 24 0 0.00038722356288155741 0.00015975641857269104
328 24 0 0.00026867043253592661 0.0001185531303456308
336 24 0 0.00018270794962835531 8.59624829075713e-05
344 24 0 0.00012178352602648732 6.092442360186798e-05
352 24 0 7.9566412599996043e-05 4.2217113426491282e-05
360 24 0 5.095660771047815e-05 2.8609804889517893e-05
368 24 0 3.1990650190589279e-05 1.896595751988887e-05
376 24 0 1.9688966494781324e-05 1.2301683695807955e-05
384 24 0 1.1880338005023404e-05 7.8086284897579196e-06
392 24 0 7.028663760584617e-06 4.8516742444387874e-06
400 24 0 4.0774652966241792e-06 2.9511984639604378e-06
408 24 0 2.3196374294952275e-06 1.7578278671289518e-06
416 24 0 1.294208844132755e-06 1.0254285853624725e-06
424 24 0 7.0825286873931257e-07 5.8595597539344241e-07
432 24 0 3.8020731308365094e-07 3.2804555565566163e-07
440 24 0 2.0024066832816413e-07 1.7996664475548681e-07
448 24 0 1.0347587726734304e-07 9.6764791060821098e-08
456 24 0 5.2473961874453715e-08 5.1001915392889322e-08
464 24 0 2.6119016344319167e-08 2.6354945530134548e-08
472 24 0 1.2767206138866374e-08 1.3351810205452793e-08
480 24 0 6.1405593042710788e-09 6.626646834595295e-09
488 24 0 2.9325424922799848e-09 3.208016811991094e-09
496 24 0 1.4509862660159322e-09 1.4815562262640526e-09
504 24 0 8.7536226365263261e-10 5.7562400236329963e-10
0 32 0 0.00020116177049573012 7.9243157425730844e-05
8 32 0 0.00023586004716141421 9.2694529640827443e-05
16 32 0 0.00030824625639338463 0.00012072886810841671
24 32 0 0.00042417019425488548 0.00016788815163670291
32 32 0 0.00059205834589158839 0.00023037547277697914
40 32 0 0.00082243381866856753 0.00031915751121671559
48 32 0 0.0011271903972772011 0.00043641002671587011
56 32 0 0.0015185807382507414 0.00058678338814615867
64 32 0 0.0020079059593525587 0.00077458796176107679
72 32 0 0.0026039384194019776 0.0010032066530135135
80 32 0 0.003311167558337485 0.001274433587352867
88 32 0 0.0041280235624242259 0.0015877864018985759
96 32 0 0.0050452963324072765 0.0019398603718368823
104 32 0 0.0060450169963100903 0.0023238149985254121
112 32 0 0.0071000925587119887 0.0027291111930719571
120 32 0 0.0081749615452211787 0.003141649498987157
128 32 0 0.0092274401600289224 0.0035444757703176934
136 32 0 0.010211722577790181 0.0039191586804004693
144 32 0 0.011082188199555311 0.0042477229957322473
152 32 0 0.011797353810709081 0.0045146688762157678
160 32 0 0.012323199241196878 0.0047083902091102046
168 32 0 0.012635353077985328 0.0048215553462208037
176 32 0 0.012720138015364682 0.0048508345229779527
184 32 0 0.012574706630894893 0.0047962287144177433
192 32 0 0.01220664411971833 0.0046601007232886082
200 32 0 0.011633673503562172 0.0044477606034545349
208 32 0 0.010882950195842005 0.0041678039142251308
216 32 0 0.0099896854494316654 0.0038321549984799506
224 32 0 0.0089949699666483449 0.0034556907418521864
232 32 0 0.0079428081051918457 0.0030551355137222683
240 32 0 0.0068767319211194963 0.0026475208315183242
248 32 0 0.0058365405983649881 0.0022486466473999314
256 32 0 0.004855656343764332 0.00187185028708614
264 32 0 0.0039594119144328276 0.0015272349305862744
272 32 0 0.0031643765963977402 0.0012213845809307582
280 32 0 0.0024786422182548236 0.00095750234832180569
288 32 0 0.0019028606876680251 0.00073585787039331246
296 32 0 0.0014317605664926302 0.00055441491254422924
304 32 0 0.0010558662231280537 0.0004095214676158275
312 32 0 0.00076318293946496204 0.00029657021103455042
320 32 0 0.00054067574898209272 0.00022250719048286932
328 32 0 0.00037544125010290286 0.00016523449887918985
336 32 0 0.00025553698252791135 0.00011990426757499151
344 32 0 0.00017048408969044533 8.5052892837466027e-05
352 32 0 0.00011149262258420713 5.8991467106238202e-05
360 32 0 7.1475477212753854e-05 4.0017145371453272e-05
368 32 0 4.4919618737869908e-05 2.6555858474883946e-05
376 32 0 2.7676153740339799e-05 1.7243464997530109e-05
384 32 0 1.6718298883574914e-05 1.0957854856764885e-05
392 32 0 9.9020389680648956e-06 6.8162599155100187e-06
400 32 0 5.7509085485229433e-06 4.1511304195419523e-06
408 32 0 3.2753991692098912e-06 2.475509379313052e-06
416 32 0 1.8295661878383355e-06 1.4458329813715558e-06
424 32 0 1.0023784840075505e-06 8.2718770383078502e-07
432 32 0 5.3871862992961066e-07 4.636598540779398e-07
440 32 0 2.8404631470996616e-07 2.5467231521964451e-07
448 32 0 1.4694927420552888e-07 1.3709704050443728e-07
456 32 0 7.460344367046066e-08 7.2345830535068221e-08
464 32 0 3.7175196022590736e-08 3.7428247647869924e-08
472 32 0 1.8191521205262696e-08 1.898367481732804e-08
480 32 0 8.7590465326754813e-09 9.4324746725872151e-09
488 32 0 4.1877522435293917e-09 4.5712942891460896e-09
496 32 0 2.0745401638425609e-09 2.1132120796868308e-09
504 32 0 1.2529078258726128e-09 8.2163233796994809e-10
0 40 0 0.00028040492792146096 0.00010510034263726064
8 40 0 0.00032855457680224166 0.00012287662874764158
16 40 0 0.00042897512450180134 0.00016075489705254378
24 40 0 0.00058973002155434512 0.0002327037971142224
32 40 0 0.00082243381866856753 0.00031915751121671559
40 40 0 0.0011415913298852831 0.00042200909410778828
48 40 0 0.0015636004239930712 0.00057685923507975589
56 40 0 0.0021053641263969001 0.00077547775255461596
64 40 0 0.0027824939211136355 0.0010236195929832583
72 40 0 0.0036071450724154911 0.0013258615922554446
80 40 0 0.0045856011456903521 0.0016847406004060908
88 40 0 0.0057158099643228018 0.0020998470631967111
96 40 0 0.0069851567042441588 0.0025669491880848071
104 40 0 0.0083688319948355024 0.0030772442615627157
112 40 0 0.0098292037517839458 0.0036168715836395176
120 40 0 0.011316611044208336 0.0041668984411060931
128 40 0 0.012771915930346616 0.0047040997799359958
136 40 0 0.014130881258190651 0.0052028750177918123
144 40 0 0.015329911195287559 0.0056383141147906234
152 40 0 0.016312022686924849 0.0059896119286381999
160 40 0 0.017031589450307083 0.0062423357316268926
168 40 0 0.017456908424206132 0.0063883132190952485
176 40 0 0.017570972538342635 0.0064247747445795138
184 40 0 0.017370935345312637 0.0063531342203734936
192 40 0 0.016866744843006938 0.0061755119814255709
200 40 0 0.016081434107016707 0.0058976433838129963
208 40 0 0.015050754110067135 0.0055295893962484972
216 40 0 0.013821840447911616 0.0050861338328257802
224 40 0 0.012450660708500531 0.0045868197295587838
232 40 0 0.010997943618914114 0.0040542855803827361
240 40 0 0.0095242527526378205 0.0035118058726205607
248 40 0 0.0080851872457649195 0.0029809527572272707
256 40 0 0.006727506630850472 0.0024798205452017594
264 40 0 0.005486646845019102 0.0020219766814625244
272 40 0 0.0043857611773284984 0.0016161309155452146
280 40 0 0.0034361445665766293 0.0012663959995342423
288 40 0 0.0026387185580613376 0.0009729549732736
296 40 0 0.0019861754790368594 0.00073294596300159907
304 40 0 0.0014653876907438812 0.00054140458342901137
312 40 0 0.0010597531504995125 0.00040563454024436876
320 40 0 0.0007512432604120711 0.00030850989008744136
328 40 0 0.00052201941016252057 0.00022922385024955053
336 40 0 0.00035557407456821981 0.00016644533559430076
344 40 0 0.00023742117038945686 0.00011815290417876295
352 40 0 0.0001554050915074866 8.201607888197026e-05
360 40 0 9.9719609516303313e-05 5.5685481991183286e-05
368 40 0 6.2730896127537766e-05 3.6988713388765547e-05
376 40 0 3.86889934324654e-05 2.4041902695072367e-05
384 40 0 2.3394911374357245e-05 1.5294082058108155e-05
392 40 0 1.3871076982149025e-05 9.5238343922082198e-06
400 40 0 8.0646283811143251e-06 5.8064486010347e-06
408 40 0 4.598099463491952e-06 3.4665289176223731e-06
416 40 0 2.5711675643957797e-06 2.0269318990961723e-06
424 40 0 1.4102051005748998e-06 1.1609624638208798e-06
432 40 0 7.5871641703908494e-07 6.5148868353581489e-07
440 40 0 4.0047088129318103e-07 3.5824553574590391e-07
448 40 0 2.0740049715479264e-07 1.9307038413838839e-07
456 40 0 1.0540402318757464e-07 1.0199647396721801e-07
464 40 0 5.2577805475355185e-08 5.2826217712219454e-08
472 40 0 2.5755172831838258e-08 2.6822632643516927e-08
480 40 0 1.241359261209323e-08 1.3341580219745028e-08
488 40 0 5.9412508552996376e-09 6.4723417567935927e-09
496 40 0 2.9465014094691734e-09 2.9947494458304642e-09
504 40 0 1.7813343945519631e-09 1.1651670149172102e-09
0 48 0 0.0003855052705587216 0.00013531041150524088
8 48 0 0.00045143120554988323 0.0001581154515420446
16 48 0 0.00058889458352072378 0.00021998058415083213
24 48 0 0.00080887516767155592 0.00031831522960564537
32 48 0 0.0011271903972772013 0.00043641002671587011
40 48 0 0.0015636004239930714 0.00057685923507975567
48 48 0 0.0021404596590728271 0.00074038221987868897
56 48 0 0.002880841878951516 0.00099522343795646877
64 48 0 0.0038061135140968938 0.0013137861439468401
72 48 0 0.0049330066646709357 0.0017021341904838909
80 48 0 0.0062703417460964429 0.0021638133934604826
88 48 0 0.0078156570275195129 0.0026987045981344843
96 48 0 0.0095521058923289659 0.0033018881272240293
104 48 0 0.011446076256398218 0.0039625968119319736
112 48 0 0.013446075335423463 0.0046633580449651647
120 48 0 0.015483509485314429 0.0053795523645313956
128 48 0 0.017476015710282611 0.0060799374761087051
136 48 0 0.019333756275982463 0.0067290648547084601
144 48 0 0.020968225310078182 0.0072922103293459571
152 48 0 0.022301634615563049 0.00774158238697948
160 48 0 0.023273925181933976 0.0080605767550061963
168 48 0 0.023845221643301381 0.0082414715739314061
176 48 0 0.023995747282922149 0.0082835462690382319
184 48 0 0.02372406956568613 0.0081931725310699158
192 48 0 0.023042256824432509 0.0079692100414173392
200 48 0 0.021979077490829703 0.0076167985191831281
208 48 0 0.020580343506315633 0.0071465992038436885
216 48 0 0.018907974280737396 0.0065756567910281866
224 48 0 0.017037480438059315 0.0059292617770326378
232 48 0 0.01505222919929685 0.0052379163389523163
240 48 0 0.013036058625258381 0.0045331258612331619
248 48 0 0.01106614000299219 0.0038438787347539246
256 48 0 0.0092073271760522313 0.0031941847842707639
264 48 0 0.0075086235264816264 0.0026017409934064994
272 48 0 0.0060018920928737131 0.0020776338439406202
280 48 0 0.0047025405661108716 0.0016268391103012262
288 48 0 0.0036116735313349376 0.0012492223791881721
296 48 0 0.0027191214420384585 0.00094077016244999189
304 48 0 0.0020067922741728926 0.00071232916786556589
312 48 0 0.0014518996798946525 0.00055489259427824009
320 48 0 0.0010297594523664875 0.00042214022752816503
328 48 0 0.00071598433601815787 0.00031377511634832959
336 48 0 0.00048802648576060721 0.00022795785025755066
344 48 0 0.00032610690204743241 0.00016191958371317481
352 48 0 0.00021362879372747301 0.0001124781083199594
360 48 0 0.00013719928929780339 7.6429504429669621e-05
368 48 0 8.6387014049938294e-05 5.0812275247865096e-05
376 48 0 5.3329245819953223e-05 3.3057768229985071e-05
384 48 0 3.227918327075125e-05 2.1050062549201973e-05
392 48 0 1.9157708152050603e-05 1.3121475118700647e-05
400 48 0 1.1149526668087659e-05 8.008181483962944e-06
408 48 0 6.3634589557605945e-06 4.7860677123270644e-06
416 48 0 3.5619690441566188e-06 2.8014899116039757e-06
424 48 0 1.955632249404285e-06 1.6063367947523339e-06
432 48 0 1.053242271045245e-06 9.0238997835904e-07
440 48 0 5.5649474814604203e-07 4.9674752289920293e-07
448 48 0 2.8849453848259227e-07 2.6800020966344976e-07
456 48 0 1.4676353400990217e-07 1.417310044726901e-07
464 48 0 7.3281036503308729e-08 7.3482497506593437e-08
472 48 0 3.5931656777749044e-08 3.7349379725559685e-08
480 48 0 1.7335353934055636e-08 1.8596302843693408e-08
488 48 0 8.305119422159385e-09 9.0302345118962509e-09
496 48 0 4.1232263764700486e-09 4.1818930456893365e-09
504 48 0 2.4951356212945518e-09 1.6280907551754968e-09
0 56 0 0.00052081568206396249 0.00016954974897401829
8 56 0 0.00060954665709192783 0.00019802909862499571
16 56 0 0.00079452709214235652 0.00029594343509172112
24 56 0 0.0010904705272340776 0.00042811021101666399
32 56 0 0.0015185807382507416 0.00058678338814615845
40 56 0 0.0021053641263969001 0.00077547775255461552
48 56 0 0.0028808418789515156 0.00099522343795646921
56 56 0 0.0038760653169079848 0.0012438343411357499
64 56 0 0.0051198996580437339 0.0016423874168814698
72 56 0 0.0066351408551548266 0.0021288219027163022
80 56 0 0.0084341551395569255 0.0027080337211629422
88 56 0 0.010514361625653997 0.0033805341231035076
96 56 0 0.012853994019552995 0.0041410651090924323
104 56 0 0.015408673068330192 0.0049772451548562007
112 56 0 0.018109433380388628 0.0058681941394018375
120 56 0 0.020863061849845824 0.0067831714430229839
128 56 0 0.023555953186391317 0.0076809304527952413
136 56 0 0.026062821130690923 0.0085119667837071575
144 56 0 0.028260435639424139 0.0092264351923315654
152 56 0 0.030043217002542529 0.0097862243909609646
160 56 0 0.031334501936940172 0.010175657428620269
168 56 0 0.032086693217232787 0.010389956634039632
176 56 0 0.032279293551960381 0.01043073313951607
184 56 0 0.031917242096756046 0.010323964873390441
192 56 0 0.031011466865849848 0.010051340763235116
200 56 0 0.029595876010012831 0.0096177170265132408
208 56 0 0.027726942710159321 0.0090328150753977883
216 56 0 0.025483631071765583 0.0083132471946067467
224 56 0 0.022966742215091953 0.0074921745771500681
232 56 0 0.020290145538249166 0.0066113198708310436
240 56 0 0.017569184486491543 0.0057132827913382554
248 56 0 0.014910018737746115 0.0048365611977265952
256 56 0 0.012401511960322995 0.0040123755328281864
264 56 0 0.010110364519888126 0.003263128365548526
272 56 0 0.0080795259368143333 0.0026023234128202156
280 56 0 0.0063293796764120978 0.0020355159941414375
288 56 0 0.0048608959105231097 0.0015618193683406391
296 56 0 0.0036598916044884504 0.0012010043060346593
304 56 0 0.0027016379416458835 0.00095825366284256691
312 56 0 0.0019552310429438013 0.00074640689870208218
320 56 0 0.0013873381362979509 0.00056789290664585037
328 56 0 0.00096511512488002907 0.00042222301141792184
336 56 0 0.00065824449216798204 0.00030687063271204703
344 56 0 0.00044015563709643606 0.00021808885507154597
352 56 0 0.00028856110336202326 0.0001515945337344128
360 56 0 0.00018547534977378285 0.00010308575358824041
368 56 0 0.00011688516460712253 6.8590185166660317e-05
376 56 0 7.2221955195809627e-05 4.4663209411312905e-05
384 56 0 4.3755424002412746e-05 2.8466531193396881e-05
392 56 0 2.5993691878962197e-05 1.776173212345055e-05
400 56 0 1.5142674210700618e-05 1.0851017668261578e-05
408 56 0 8.6509808523380138e-06 6.4916933583626045e-06
416 56 0 4.8471927732140392e-06 3.8037880791239747e-06
424 56 0 2.6638861135996828e-06 2.1833066596143564e-06
432 56 0 1.4360969715764314e-06 1.2277891420232514e-06
440 56 0 7.5952308356518271e-07 6.7657388801124865e-07
448 56 0 3.9412886516896212e-07 3.6539421839622059e-07
456 56 0 2.0069429202979889e-07 1.9343457313916322e-07
464 56 0 1.0030432733963336e-07 1.0038996469016553e-07
472 56 0 4.9227970994239749e-08 5.1076356345393614e-08
480 56 0 2.3772381999941861e-08 2.5455588994297888e-08
488 56 0 1.13998951845151e-08 1.2372486815426761e-08
496 56 0 5.6654631417432049e-09 5.7344320427718955e-09
504 56 0 3.4315691678735459e-09 2.233893973869659e-09
0 64 0 0.00069036543103798077 0.00020693805853552478
8 64 0 0.00080757575571692355 0.00024431742258626391
16 64 0 0.0010518931783031875 0.00039079815722545784
24 64 0 0.0014426913355286453 0.00056521462382391383
32 64 0 0.0020079059593525591 0.00077458796176107679
40 64 0 0.0027824939211136359 0.0010236195929832583
48 64 0 0.0038061135140968943 0.0013137861439468405
56 64 0 0.0051198996580437348 0.0016423874168814689
64 64 0 0.0067622870749252037 0.0020016756829459251
72 64 0 0.0087639627578711288 0.0025962910576826717
80 64 0 0.011142188860719868 0.0033057368010910148
88 64 0 0.013894895748757505 0.0041316032384523388
96 64 0 0.016995059128645428 0.0050688737493495319
104 64 0 0.020385918223186392 0.0061044271561454116
112 64 0 0.023977627519790465 0.0072152113522722799
120 64 0 0.027646233292868808 0.0083653289154029357
128 64 0 0.031236883639186558 0.0095020665737216778
136 64 0 0.034574787914398081 0.010555137998278445
144 64 0 0.037486870831755705 0.011448916858135927
152 64 0 0.039829441393503494 0.012125639471797289
160 64 0 0.041510159365560441 0.012583142455536232
168 64 0 0.042476649851272419 0.012824902524469564
176 64 0 0.042710026691476451 0.012837412796894772
184 64 0 0.042241206970146487 0.012734749531382691
192 64 0 0.041062807629084964 0.012414023728219446
200 64 0 0.039213593036526072 0.011897466010608988
208 64 0 0.036759757785557109 0.011190913960923907
216 64 0 0.033796878266372329 0.010299767669672638
224 64 0 0.030458916792242021 0.0092717071732949206
232 64 0 0.02690146540908021 0.0081660459651094301
240 64 0 0.023282467277829798 0.0070403832123600608
248 64 0 0.01974657993547271 0.0059452038236669467
256 64 0 0.016413887493151182 0.0049202201727369874
264 64 0 0.013373492885436652 0.0039927950141619498
272 64 0 0.010681849349634549 0.0031784402861833976
280 64 0 0.0083648956705535352 0.0024825888085250394
288 64 0 0.0064227152788637488 0.0019421803916897865
296 64 0 0.0048354859570833332 0.0015872293217804156
304 64 0 0.0035697169884414525 0.0012657689686418807
312 64 0 0.0025840490258215334 0.00098566796261991907
320 64 0 0.0018341589057724983 0.00074989012004903518
328 64 0 0.0012765434563694468 0.00055761544940305147
336 64 0 0.00087114242948151425 0.00040540102688793253
344 64 0 0.00058289603183748909 0.00028824639764402516
352 64 0 0.00038241694825805227 0.00020047908357943682
360 64 0 0.00024599499506548664 0.00013642195319256564
368 64 0 0.00015515347912264981 9.0841515942836828e-05
376 64 0 9.5951188424894641e-05 5.9202290697755167e-05
384 64 0 5.8184199085134429e-05 3.7766989339760212e-05
392 64 0 3.4597349743377272e-05 2.3586849341757157e-05
400 64 0 2.017371319196256e-05 1.4423636551414712e-05
408 64 0 1.1536157042131453e-05 8.6375561498311072e-06
416 64 0 6.4699453270775301e-06 5.0662117150539231e-06
424 64 0 3.5591033084572098e-06 2.9108420186203202e-06
432 64 0 1.9205334621944403e-06 1.6385698462627695e-06
440 64 0 1.0166922425418395e-06 9.0384121965260082e-07
448 64 0 5.2807228895597687e-07 4.8861995358586265e-07
456 64 0 2.6914859619267918e-07 2.589236927632977e-07
464 64 0 1.3463985295331542e-07 1.3450874323936375e-07
472 64 0 6.61390686168903e-08 6.8500784336425125e-08
480 64 0 3.1967559548527433e-08 3.4171509068362867e-08
488 64 0 1.5343957368683856e-08 1.6623602179843577e-08
496 64 0 7.6330588940893166e-09 7.7108984745945399e-09
504 64 0 4.6274414344318677e-09 3.0056174596574489e-09
0 72 0 0.00089730348957350555 0.00024597915350775133
8 72 0 0.0010491628697492444 0.00031650918739452132
16 72 0 0.0013656720571437657 0.00050620840945544911
24 72 0 0.0018718804665992148 0.0007320579528027637
32 72 0 0.0026039384194019785 0.0010032066530135135
40 72 0 0.003607145072415492 0.0013258615922554446
48 72 0 0.0049330066646709365 0.0017021341904838909
56 72 0 0.0066351408551548275 0.0021288219027163014
64 72 0 0.0087639627578711288 0.0025962910576826717
72 72 0 0.011360253815553801 0.0030876718462570819
80 72 0 0.014447925661810882 0.0039361930728832473
88 72 0 0.018026498987209844 0.0049269317224758004
96 72 0 0.022063932877994959 0.0060557701150412008
104 72 0 0.026490345379331804 0.0073102019729221306
112 72 0 0.031192838872062745 0.0086679316380141071
120 72 0 0.036011562208271744 0.010092469639911769
128 72 0 0.040738950212908236 0.011521624463081727
136 72 0 0.045129925912676526 0.012853919567334476
144 72 0 0.048935787689891631 0.013966892725636816
152 72 0 0.051955080865300783 0.014747398284828649
160 72 0 0.054093301821096673 0.015257905092811885
168 72 0 0.055301552375741983 0.015533694049725558
176 72 0 0.055547439488371222 0.015402613234744414
184 72 0 0.054975956501529179 0.015410085024819796
192 72 0 0.053476831357304411 0.015027697166663564
200 72 0 0.05111105904713506 0.014435367225747425
208 72 0 0.047950671746481016 0.013617947829854198
216 72 0 0.044096645936044968 0.0125256022140528
224 72 0 0.039730623965536942 0.011249247198184077
232 72 0 0.03506751137418964 0.009877198702994687
240 72 0 0.030322850490189859 0.0084858435115285832
248 72 0 0.025691783759139657 0.0071401895879348101
256 72 0 0.021334107665888169 0.0058894694383886288
264 72 0 0.017366287899598602 0.0047655306309127843
272 72 0 0.013860289635817946 0.0037846393359893312
280 72 0 0.010847484479078575 0.0030128051567393718
288 72 0 0.0083255714629513825 0.0025219130161271922
296 72 0 0.0062667977900978293 0.0020587736728535531
304 72 0 0.0046262386013913217 0.0016405591887065077
312 72 0 0.0033493093688983862 0.0012769292324929355
320 72 0 0.00237801958412601 0.00097128978477237617
328 72 0 0.0016557454439732149 0.00072227414015279515
336 72 0 0.0011305096370620112 0.00052523580691120363
344 72 0 0.00075690882641549044 0.0003736008106465208
352 72 0 0.00049692451851138806 0.00025998430790410238
360 72 0 0.00031989522028713776 0.0001770292982242503
368 72 0 0.00020192641871452828 0.00011796880157260948
376 72 0 0.00012498253879088557 7.694387992364271e-05
384 72 0 7.5855048991634152e-05 4.9127489799251416e-05
392 72 0 4.5145268296932687e-05 3.0709780694701465e-05
400 72 0 2.6348244985763114e-05 1.8797023311169574e-05
408 72 0 1.5080902157420071e-05 1.1267342828343043e-05
416 72 0 8.4658145782968127e-06 6.615087579123258e-06
424 72 0 4.6613373048760849e-06 3.8044772734207278e-06
432 72 0 2.5176298774770359e-06 2.1437074273990489e-06
440 72 0 1.334002321275207e-06 1.1836275562018289e-06
448 72 0 6.9351122208568655e-07 6.404910991895205e-07
456 72 0 3.5378584727716556e-07 3.3972537480852099e-07
464 72 0 1.7713522648925073e-07 1.7665062078791482e-07
472 72 0 8.7089847521496979e-08 9.0045378967753755e-08
480 72 0 4.2130373855141505e-08 4.4959473666355474e-08
488 72 0 2.0239886375779372e-08 2.1890487479362133e-08
496 72 0 1.0078125065838573e-08 1.0161761309940799e-08
504 72 0 6.114937190572589e-09 3.9631878752659845e-09
0 80 0 0.0011432826430812569 0.00028456083768632037
8 80 0 0.0013362042607055185 0.00040206785948238596
16 80 0 0.0017382721201879045 0.00064300876573304927
24 80 0 0.0023812808859209537 0.00092988667241653217
32 80 0 0.0033111675583374859 0.001274433587352867
40 80 0 0.0045856011456903529 0.0016847406004060908
48 80 0 0.0062703417460964438 0.0021638133934604835
56 80 0 0.0084341551395569272 0.0027080337211629404
64 80 0 0.011142188860719868 0.0033057368010910148
72 80 0 0.014447925661810882 0.0039361930728832473
80 80 0 0.01838411873469413 0.0045693119749915141
88 80 0 0.022953430709685644 0.0057299675726809711
96 80 0 0.02811970299303616 0.0070575567503341589
104 80 0 0.033800547352253935 0.0085411571793034685
112 80 0 0.039860770510076853 0.010163788728957755
120 80 0 0.046104031848183513 0.011900736710732142
128 80 0 0.052260574675989963 0.013695625145172544
136 80 0 0.057983845480011002 0.01540015566232774
144 80 0 0.062902680415528447 0.016817968682084919
152 80 0 0.066702479150129432 0.017617470678812516
160 80 0 0.069351206913908559 0.018129088998070905
168 80 0 0.070835246425467541 0.018600746561854814
176 80 0 0.070950052723115636 0.017780543555398765
184 80 0 0.070386041526348975 0.01842941152966264
192 80 0 0.068504528523967975 0.017818280632687519
200 80 0 0.065546426272882485 0.017184100775843494
208 80 0 0.061568619576335214 0.016329329958262716
216 80 0 0.056622248150097768 0.014972555997154788
224 80 0 0.050979871163721019 0.013388290577283385
232 80 0 0.044944710077184327 0.011700396246692404
240 80 0 0.038808694001718443 0.010001240425186901
248 80 0 0.032831973347074467 0.0083731200395628785
256 80 0 0.027223577104276798 0.0068755005550292618
264 80 0 0.022131818530511386 0.0055427531104968279
272 80 0 0.017644928971807278 0.0044868895587041081
280 80 0 0.01379821110410737 0.003846717867699908
288 80 0 0.010584306637287948 0.0032139044668194217
296 80 0 0.0079643574792066362 0.0026199491580813118
304 80 0 0.0058787141007722856 0.0020856433784343506
312 80 0 0.0042563817830964298 0.0016223323176758559
320 80 0 0.0030227524001114172 0.0012336293829850126
328 80 0 0.0021054405194078029 0.00091731188070361428
336 80 0 0.0014382579042008764 0.00066718261520692652
344 80 0 0.00096352138620672139 0.00047473651799415496
352 80 0 0.00063299174341548592 0.00033052964279123547
360 80 0 0.0004077866839121211 0.00022520505950336482
368 80 0 0.00025760727361777869 0.00015017941029434241
376 80 0 0.00015957726530671152 9.8030008311067175e-05
384 80 0 9.6933877172691838e-05 6.2643388134019678e-05
392 80 0 5.7740668846932815e-05 3.9193208325759024e-05
400 80 0 3.3729175248777568e-05 2.4011493598155246e-05
408 80 0 1.9322761080469117e-05 1.4406414168308452e-05
416 80 0 1.0856745223969981e-05 8.466015856499136e-06
424 80 0 5.9831494158694054e-06 4.8735958081005753e-06
432 80 0 3.2344282725216965e-06 2.7487211433477089e-06
440 80 0 1.7153203070013853e-06 1.5191079655203111e-06
448 80 0 8.9252593271751121e-07 8.227943742838741e-07
456 80 0 4.5570257373785813e-07 4.3682335897965308e-07
464 80 0 2.2835694129474868e-07 2.2734563244310945e-07
472 80 0 1.1236733502322817e-07 1.1598960627152051e-07
480 80 0 5.4403784180140203e-08 5.7963550843087968e-08
488 80 0 2.6158385738480575e-08 2.8245398441659628e-08
496 80 0 1.3036945929212286e-08 1.3121439809268289e-08
504 80 0 7.9166632141887705e-09 5.1202827150235153e-09
0 88 0 0.0014278434807675773 0.00032003481272403918
8 88 0 0.0016681297644089421 0.00050076889287286783
16 88 0 0.00216889865728181 0.00080086077950060255
24 88 0 0.0029697594367824125 0.0011582641256418134
32 88 0 0.0041280235624242259 0.0015877864018985768
40 88 0 0.0057158099643228027 0.0020998470631967102
48 88 0 0.0078156570275195129 0.0026987045981344843
56 88 0 0.010514361625653997 0.0033805341231035058
64 88 0 0.013894895748757503 0.0041316032384523371
72 88 0 0.01802649898720984 0.0049269317224758039
80 88 0 0.022953430709685644 0.0057299675726809711
88 88 0 0.028683398282366615 0.006493861461003704
96 88 0 0.035177259743370319 0.0080173307526430065
104 88 0 0.042341704531557403 0.0097250751769593913
112 88 0 0.050024559239034608 0.011607363395451861
120 88 0 0.058004768558915655 0.013676169867239775
128 88 0 0.065956199821162506 0.015943224059742134
136 88 0 0.073384001142338742 0.018173319547437131
144 88 0 0.079720649097613366 0.020188122561114449
152 88 0 0.084319949828941948 0.020647304382334003
160 88 0 0.087480295911979464 0.020890730753932482
168 88 0 0.089435992987322355 0.02279317151742008
176 88 0 0.088730596278514401 0.018531371741477121
184 88 0 0.088815453056011615 0.022545989610986597
192 88 0 0.086322809156655494 0.020489538553293926
200 88 0 0.08273052704872598 0.020035706080217833
208 88 0 0.077897949534597929 0.01945603841243275
216 88 0 0.071594804147252555 0.01759969121428083
224 88 0 0.064368161741004404 0.015625164906647768
232 88 0 0.056645106323876732 0.013568935657253797
240 88 0 0.048809934426905344 0.011515038040296424
248 88 0 0.041205093386637345 0.0095736127711706781
256 88 0 0.03409907765930606 0.0078153393017673031
264 88 0 0.027674571641008214 0.0064245060182978458
272 88 0 0.0220340616935564 0.0056405099474518133
280 88 0 0.017212890799268254 0.0048211708942881466
288 88 0 0.013194279888504495 0.0040186109107637584
296 88 0 0.0099240245318206795 0.0032702553566838159
304 88 0 0.0073238451340661192 0.0026001793977545604
312 88 0 0.0053028308188369164 0.0020210143152292028
320 88 0 0.0037666622574006872 0.0015361685614362292
328 88 0 0.0026245076376457447 0.0011421546197549425
336 88 0 0.0017936804657443491 0.00083082717190139559
344 88 0 0.001202308991999668 0.00059137147374468111
352 88 0 0.00079037616261995371 0.00041193282937971427
360 88 0 0.00050953891084746703 0.00028083725177248668
368 88 0 0.00032213087566812027 0.00018740803517934676
376 88 0 0.00019970613607277513 0.00012242473959534514
384 88 0 0.00012140988110729299 7.8296254965482142e-05
392 88 0 7.2381332686560047e-05 4.9028548420732945e-05
400 88 0 4.2317695774404313e-05 3.0063636912155733e-05
408 88 0 2.4263847984000863e-05 1.805384779040345e-05
416 88 0 1.36447292165759e-05 1.0619118767424963e-05
424 88 0 7.5260788243517822e-06 6.1186503922241181e-06
432 88 0 4.0719977243356418e-06 3.4540811000161404e-06
440 88 0 2.1613377119273529e-06 1.9106600124082889e-06
448 88 0 1.1255403225040422e-06 1.0357973894233107e-06
456 88 0 5.7514752425444629e-07 5.5039279824959592e-07
464 88 0 2.8844562801536628e-07 2.8670189623908001e-07
472 88 0 1.4204850274507178e-07 1.463971252702945e-07
480 88 0 6.8828807863784243e-08 7.3219694881287534e-08
488 88 0 3.3121025318800246e-08 3.5707782544983997e-08
496 88 0 1.6521256006487407e-08 1.6599769312312839e-08
504 88 0 1.0040284650995429e-08 6.4809713554919782e-09
0 96 0 0.0017478782934916164 0.0003493886143440335
8 96 0 0.0020412769975924373 0.00061146193436961314
16 96 0 0.0026527389319620505 0.00097794458667364208
24 96 0 0.0036306835186356926 0.001414612813771584
32 96 0 0.0050452963324072765 0.0019398603718368823
40 96 0 0.0069851567042441588 0.0025669491880848071
48 96 0 0.0095521058923289659 0.0033018881272240275
56 96 0 0.012853994019552993 0.0041410651090924306
64 96 0 0.016995059128645424 0.0050688737493495319
72 96 0 0.022063932877994956 0.0060557701150412008
80 96 0 0.028119702993036157 0.0070575567503341555
88 96 0 0.035177259743370312 0.0080173307526430135
96 96 0 0.043194590496013326 0.0088721892125034688
104 96 0 0.052066779708516794 0.01078087303700935
112 96 0 0.061631922634486469 0.012868505621199136
120 96 0 0.07168093842615543 0.015206479086405378
128 96 0 0.08189942388090464 0.018122847555297528
136 96 0 0.091557320689775873 0.020997154439789348
144 96 0 0.099908771658727816 0.024892743581032051
152 96 0 0.10496725421127595 0.023641013103193331
160 96 0 0.10837102666591195 0.021719837730681618
168 96 0 0.11222916450474243 0.025545941513698461
176 96 1 0.10737692658330415 0.018646330304789752
180 96 1 0.10714700945667888 0.018416413178164476
184 96 0 0.11136144266699821 0.025390189907883581
192 96 0 0.10681234770994942 0.021293506948565091
200 96 0 0.10276623312894381 0.022775348749991625
208 96 0 0.097353987947030679 0.02365626474281568
216 96 0 0.089194495361533385 0.020197175387910507
224 96 0 0.079993326647652171 0.017852343754340416
232 96 0 0.070214041981130529 0.015398249575774736
240 96 0 0.060324972467201768 0.012928902390243316
248 96 0 0.050778706157808023 0.010644921123813676
256 96 0 0.041914416961073363 0.0088642891967346607
264 96 0 0.033946368326150965 0.0079680486349223978
272 96 0 0.026983846639459033 0.0069625216866919318
280 96 0 0.021054633516144929 0.0059292131233141046
288 96 0 0.016126038245384802 0.004928595270760127
296 96 0 0.012123193684111777 0.0040028445612730248
304 96 0 0.0089448329077042883 0.0031783607764074885
312 96 0 0.0064765177063295497 0.0024683152013747385
320 96 0 0.0046011977654632878 0.0018753199408662619
328 96 0 0.0032070638643878656 0.0013941339010754223
336 96 0 0.0021928206712159646 0.001014243193171901
344 96 0 0.0014706681165508207 0.00072215255466514389
352 96 0 0.00096740082550916481 0.0005032672910416559
360 96 0 0.00062409420988042191 0.0003433066156287429
368 96 0 0.00039484380621562147 0.00022925040366480044
376 96 0 0.00024497369003325357 0.0001498701161823679
384 96 0 0.00014904854973183431 9.592514030141926e-05
392 96 0 8.8930981283091029e-05 6.0117568448743284e-05
400 96 0 5.2036191317602021e-05 3.6894789965489009e-05
408 96 0 2.9860834724599478e-05 2.2175356593002543e-05
416 96 0 1.6806055895244753e-05 1.3054778829354725e-05
424 96 0 9.2774047064754966e-06 7.5286511887692567e-06
432 96 0 5.0236465782030878e-06 4.2537581282724087e-06
440 96 0 2.6686027090420968e-06 2.355043869160991e-06
448 96 0 1.3908081075399214e-06 1.2777946015021754e-06
456 96 0 7.1125415637564006e-07 6.7955395116428136e-07
464 96 0 3.5697943999331526e-07 3.542747163823248e-07
472 96 0 1.7593179438884253e-07 1.8104764560447273e-07
480 96 0 8.5310765419331188e-08 9.0621028969511341e-08
488 96 0 4.1083713719720061e-08 4.4227051699611127e-08
496 96 0 2.0509844338810809e-08 2.0573869380909251e-08
504 96 0 1.2473339778556139e-08 8.03650456025467e-09
176 100 1 0.12172045857038399 0.024377685089058299
180 100 1 0.12143943915670453 0.024352290491680292
0 104 0 0.0020972669078356499 0.0003695067771387942
8 104 0 0.0024484662063807192 0.00073193993878668687
16 104 0 0.0031804061451674061 0.0011707387191519456
24 104 0 0.0043511448643193517 0.0016938721319907377
32 104 0 0.0060450169963100894 0.0023238149985254112
40 104 0 0.0083688319948355006 0.0030772442615627157
48 104 0 0.011446076256398216 0.0039625968119319718
56 104 0 0.015408673068330188 0.0049772451548562007
64 104 0 0.020385918223186389 0.0061044271561454116
72 104 0 0.026490345379331801 0.007310201972922134
80 104 0 0.033800547352253935 0.0085411571793034685
88 104 0 0.042341704531557403 0.0097250751769593913
96 104 0 0.052066779708516794 0.01078087303700935
104 104 0 0.062847652745526145 0.01165277551015946
112 104 0 0.074500428255685605 0.013819930152845036
120 104 0 0.086887417512560808 0.016034333240131343
128 104 0 0.10002227143620217 0.020143202969252011
136 104 0 0.11255447512956522 0.022520039831677344
144 104 0 0.12480151523975987 0.027954317596161474
152 104 1 0.12592638122812053 0.020959127016844575
156 104 1 0.13129015340081804 0.026322899189542087
160 104 2 0.12870760149397067 0.020336574828058729
162 104 2 0.13190970661376594 0.023538679947853997
164 104 3 0.12811962813828998 0.01974860147237803
165 104 3 0.12889039712253572 0.020519370456623776
166 104 3 0.13039572934790045 0.022024702681988501
167 104 3 0.13208654434854922 0.023715517682637272
168 104 3 0.13446049648234315 0.023280291754892324
169 104 3 0.13579838354968604 0.02399158737811849
170 104 3 0.13672642072652455 0.024699001521396757
171 104 3 0.13746497000350291 0.02532875005295121
172 104 3 0.13812262451606758 0.025893460011325142
173 104 3 0.13879752123621736 0.026568356731474924
174 104 3 0.13966226586490768 0.027433101360165246
175 104 3 0.14116816576827773 0.028939001263535297
176 104 3 0.14475425098031061 0.025269778778831964
177 104 3 0.14611438416012476 0.025203810075818733
178 104 3 0.14667429217927277 0.025347890624038416
179 104 3 0.14684964731806105 0.025440337736853974
180 104 3 0.14672330748052581 0.025471465558717071
181 104 3 0.14641885472553512 0.025346333394796333
182 104 3 0.14575705048431722 0.025154898721480329
183 104 3 0.14426770590316121 0.025190248634099299
184 104 3 0.14042653317953771 0.029065090512539499
185 104 3 0.13880148442259335 0.02744004175559514
186 104 3 0.13786244326766178 0.026501000600663571
187 104 3 0.13712889286210636 0.025767450195108149
188 104 3 0.13641626893387176 0.025152756325022979
189 104 3 0.13561802355108202 0.024476253540302029
190 104 3 0.13461263777136337 0.02372448410493877
191 104 3 0.13314677661083793 0.022990339709671542
192 104 3 0.13048913213676075 0.023676784426811329
193 104 3 0.12867085114275942 0.021858503432809998
194 104 3 0.12708424863856024 0.020271900928610823
195 104 3 0.12622325075966545 0.01941090304971603
196 104 2 0.1298057376157194 0.022993389905769976
198 104 2 0.12638393967946565 0.01957159196951623
200 104 1 0.12837137753346728 0.025605144404523467
204 104 1 0.12271178622440362 0.019945553095459811
208 104 0 0.12101025268984636 0.026111564296342066
216 104 0 0.10939167074944389 0.021422933795593679
224 104 0 0.097845670401992588 0.02000290075712545
232 104 0 0.085612291556905265 0.017126867306216931
240 104 0 0.073253874857445084 0.014106229854040517
248 104 0 0.0614236272816217 0.011830247575823384
256 104 0 0.050540570910351926 0.010883056371269774
264 104 0 0.040832986627595665 0.0097075842827562611
272 104 0 0.032399585744232705 0.0084334008833629598
280 104 0 0.025248135276551054 0.0071514504676816505
288 104 0 0.019321515446487591 0.0059266198300634634
296 104 0 0.01451821682806706 0.004803298618420531
304 104 0 0.010709604039515166 0.0038086127885518933
312 104 0 0.0077543682597479196 0.0029552357797672469
320 104 0 0.0055100926087134645 0.0022442756510344551
328 104 0 0.0038418670733763355 0.001668225535337129
336 104 0 0.0026280591070123771 0.0012138079663639584
344 104 0 0.0017635339071151348 0.00086452519989724231
352 104 0 0.0011607634962568639 0.00060277041085827088
360 104 0 0.0007493407927429206 0.00041142270351394333
368 104 0 0.00047442144870820307 0.00027491934403471753
376 104 0 0.00029456499409772079 0.00017985645461048228
384 104 0 0.00017935813555812236 0.00011520685853959843
392 104 0 0.00010709857535870447 7.2259560199417887e-05
400 104 0 6.2715712411491194e-05 4.4382862947213276e-05
408 104 0 3.6017522294260315e-05 2.6698190117230878e-05
416 104 0 2.0286995847236547e-05 1.5730526447023768e-05
424 104 0 1.1207689164984352e-05 9.0793066822521955e-06
432 104 0 6.0735519325901536e-06 5.1341372323941982e-06
440 104 0 3.2287710478719061e-06 2.8447808847182475e-06
448 104 0 1.6840115750830601e-06 1.544759472788846e-06
456 104 0 8.6182997613027563e-07 8.2218159895278448e-07
464 104 0 4.3286561971614341e-07 4.2896435641413222e-07
472 104 0 2.1348237181313853e-07 2.1938324790300488e-07
480 104 0 1.0359209590194921e-07 1.0989027591118932e-07
488 104 0 4.9923294542150384e-08 5.3668801359798826e-08
496 104 0 2.4941696802702312e-08 2.4981597739448072e-08
504 104 0 1.5178978404378852e-08 9.7627183983234595e-09
164 105 3 0.14332208276576636 0.021257788381112586
165 105 3 0.14868967032476044 0.02161658792824489
166 105 3 0.15224898770631759 0.022537122098679196
167 105 3 0.15513248696660467 0.023328375811042079
168 105 3 0.15774078823723547 0.023845912092547245
169 105 3 0.15978997092780453 0.024411244013448546
170 105 3 0.16142542224792131 0.024971620124928567
171 105 3 0.16279372005645412 0.025485140576913312
172 105 3 0.16401070761975942 0.025932810030439624
173 105 3 0.16518770681353082 0.026390185577313457
174 105 3 0.1664656485778061 0.026803382712898421
175 105 3 0.16803800262291238 0.026869836854634649
176 105 3 0.17002402975914258 0.025964709518200207
177 105 3 0.17131819423594349 0.025796695933812008
178 105 3 0.17202218280331119 0.025786591328022634
179 105 3 0.17228998505491502 0.025805790818793806
180 105 3 0.17219477303924288 0.025808301343407364
181 105 3 0.17176518812033145 0.025772567316171252
182 105 3 0.17091194920579755 0.025758468476111018
183 105 3 0.16945795453726051 0.025910721153112742
184 105 3 0.16728670035715487 0.026860167177617161
185 105 3 0.16556716431304913 0.026765679890455779
186 105 3 0.16416985816731633 0.026307414899654546
187 105 3 0.16288752582749144 0.025799829597980023
188 105 3 0.16156902525889474 0.025314401811597081
189 105 3 0.16009427709138405 0.024764472284869027
190 105 3 0.15833712187630214 0.024173638973170403
191 105 3 0.15613711632050947 0.023593857877883539
192 105 3 0.15334051322437695 0.023090848862478169
193 105 3 0.15031214491747402 0.022288158271047021
194 105 3 0.14664546265075801 0.021343724857780494
195 105 3 0.14120584673722464 0.020954184290039396
160 106 3 0.14001218456278725 0.013426307320070968
161 106 3 0.14662409507614133 0.018753152427858771
162 106 3 0.15240908844784432 0.021322284822879567
163 106 3 0.15737928402349741 0.025469577409731464
164 106 3 0.16457987114687894 0.022736688457070137
165 106 3 0.17030625825300533 0.022866220984002511
166 106 3 0.17478610980499679 0.023344061464275312
167 106 3 0.17846086277764675 0.0238780994792199
168 106 3 0.18158670032978272 0.024357164103335383
169 106 3 0.18420121494125308 0.024829124444130241
170 106 3 0.18639704237284987 0.025284204412863887
171 106 3 0.18827886063336743 0.025700347361930581
172 106 3 0.18994351765019904 0.026057203395662643
173 106 3 0.19148135889485782 0.026331326472728428
174 106 3 0.19297867195350327 0.026513023375697164
175 106 3 0.19449778328646614 0.026484240187997637
176 106 3 0.19598873927734278 0.026325404491388538
177 106 3 0.1971148901697555 0.026224539760447141
178 106 3 0.19780877413133383 0.026188857184713588
179 106 3 0.19809577587370883 0.026180797049994681
180 106 3 0.19800307438265025 0.026176246288053179
181 106 3 0.1975377554365027 0.026170041586700499
182 106 3 0.19667041768190857 0.026188567619491482
183 106 3 0.19536867569037325 0.026274751520040135
184 106 3 0.19369895787465563 0.026423116989373358
185 106 3 0.19201489682832318 0.026447732515274047
186 106 3 0.19036696962080282 0.026226242054782051
187 106 3 0.18868735542547146 0.025922057876813176
188 106 3 0.18688342707049183 0.025533571837479646
189 106 3 0.18485874937625307 0.025086772891934228
190 106 3 0.18251076084947254 0.024605086708939322
191 106 3 0.17973097419839301 0.024114113482170796
192 106 3 0.17643136208685511 0.023623651433705151
193 106 3 0.17260030318852104 0.023070645068520274
194 106 3 0.1679891875085385 0.022565487126092715
195 106 3 0.16216003102726403 0.022400585036784659
196 106 3 0.15488982417810138 0.02508408656238198
197 106 3 0.14984840892107107 0.020907762625281628
198 106 3 0.14395069243277558 0.018366223921761099
199 106 3 0.13726396157988618 0.013098212443597795
160 107 3 0.15343849188285821 0.023643805263143414
161 107 3 0.1653772475040001 0.022342360737798633
162 107 3 0.17373137327072388 0.022784838666064539
163 107 3 0.18062517980081721 0.023448622978139155
164 107 3 0.18731655960394908 0.023570574054501692
165 107 3 0.19317247923700784 0.023761231659821164
166 107 3 0.1981301712692721 0.024088353297732595
167 107 3 0.20233896225686665 0.024476195691674418
168 107 3 0.2059438644331181 0.024868784216666689
169 107 3 0.20903033938538332 0.025257015743341327
170 107 3 0.21168124678571376 0.025628727660105238
171 107 3 0.21397920799529802 0.025967725407255338
172 107 3 0.21600072104586168 0.026257113110219471
173 107 3 0.21781268536758625 0.026479203388595274
174 107 3 0.21946662454509039 0.026615880760604949
175 107 3 0.22098202347446377 0.026656482763371125
176 107 3 0.22231414376873132 0.026620830620674191
177 107 3 0.22333942993020264 0.026579930451266942
178 107 3 0.22399763131604741 0.026556239110841345
179 107 3 0.22427657292370351 0.026545034880172069
180 107 3 0.22417932067070342 0.026538588216591691
181 107 3 0.2237077970232032 0.026535531057800044
182 107 3 0.22285898530140005 0.026543751385385311
183 107 3 0.22164342721041339 0.02656932142394694
184 107 3 0.22012207486402899 0.026589559734930462
185 107 3 0.21842347933475506 0.026529928832417699
186 107 3 0.21659321167558487 0.026369959975571344
187 107 3 0.21460941330228464 0.026121418531957735
188 107 3 0.21241699890797147 0.025803995691203008
189 107 3 0.2099455222681873 0.025437028461139877
190 107 3 0.20711584755841186 0.025039025985837265
191 107 3 0.20384508768056381 0.024627202084315347
192 107 3 0.20005501352056027 0.024212482316564504
193 107 3 0.19567094825704132 0.023798924602796839
194 107 3 0.19055467463463122 0.023440778693803288
195 107 3 0.18456061606404869 0.023213832941970131
196 107 3 0.17775249566599824 0.023051967053715539
197 107 3 0.1707561715463527 0.022353746362021226
198 107 3 0.16231691635453668 0.02188712849755986
199 107 3 0.15036217402348398 0.023143019319450953
152 108 2 0.13736058185568203 0.012969835463749552
154 108 2 0.14843463148092298 0.024197389725787832
156 108 3 0.14986454464654447 0.018574391245726435
157 108 3 0.15389171516918418 0.022601561768366141
158 108 3 0.15851470444843033 0.027224551047612289
159 108 3 0.16483201185401625 0.033541858453198209
160 108 3 0.17708229714600163 0.025258156702702955
161 108 3 0.18771960824179873 0.024181468206055101
162 108 3 0.19651621193678842 0.024019784481283002
163 108 3 0.20407380277895637 0.024186694386068297
164 108 3 0.21088713365845077 0.02432922610761501
165 108 3 0.216933710896829 0.024513194833781615
166 108 3 0.22221852456700469 0.024765247111539684
167 108 3 0.22681515794854107 0.025062758204682734
168 108 3 0.23081264864978479 0.025377862382100547
169 108 3 0.23428735512872464 0.025694417688728904
170 108 3 0.237309974445819 0.025998850819458602
171 108 3 0.23994693340255335 0.026277503183184836
172 108 3 0.24225783415608115 0.026517027818713512
173 108 3 0.24429188875618152 0.026705137501903453
174 108 3 0.24608250530569534 0.026832489151673272
175 108 3 0.2476385062378349 0.02689757168355833
176 108 3 0.24893497438940551 0.026914105677356942
177 108 3 0.24991936038146959 0.026910723786223306
178 108 3 0.25055387042688876 0.026903751699602296
179 108 3 0.25082160780387558 0.026897136261343269
180 108 3 0.25071790888729512 0.026890164270160555
181 108 3 0.25024332808100325 0.026882368673666224
182 108 3 0.24940273668678536 0.026874210417584032
183 108 3 0.24821274863436033 0.026861843099537763
184 108 3 0.24671163459895945 0.026828488721605037
185 108 3 0.24495340816717276 0.026744249328362224
186 108 3 0.24296317165115622 0.02659493366829041
187 108 3 0.24073083183424238 0.026382415322195152
188 108 3 0.23822099459917448 0.026116809441798255
189 108 3 0.23538255072932718 0.025811269481948673
190 108 3 0.23215487354424913 0.025479850438079266
191 108 3 0.22847228976487916 0.025136367933084935
192 108 3 0.22426749583712477 0.024793451192754612
193 108 3 0.21946987285983816 0.024465210899319162
194 108 3 0.2139954533284345 0.02417839207952896
195 108 3 0.20777444900601882 0.023955590490385287
196 108 3 0.20080446271971378 0.023771256996921036
197 108 3 0.19310991790837392 0.023561964354005122
198 108 3 0.18420404485209654 0.023679491951937526
199 108 3 0.17350519334293493 0.024699064144194927
200 108 3 0.1612526724028622 0.032881294869394923
201 108 3 0.15491212421222827 0.026540746678760996
202 108 3 0.15025915580552876 0.021887778272061481
203 108 3 0.14616282538826483 0.017791447854797554
204 108 2 0.14444182707280465 0.023293564824688306
206 108 2 0.13348678859641841 0.01247653590657205
156 109 3 0.16585071168613078 0.023352257476761201
157 109 3 0.17590533444871018 0.02392386876056346
158 109 3 0.18405150792742153 0.025536803478991205
159 109 3 0.19244569135421805 0.027613679500201799
160 109 3 0.20234045384870458 0.025586670362144986
161 109 3 0.21190107644785383 0.025098862598400662
162 109 3 0.22053599641807142 0.024919470658937543
163 109 3 0.22826049716502467 0.024942428610519651
164 109 3 0.23521635976606578 0.025039682891080856
165 109 3 0.24144690573061062 0.025190261978966511
166 109 3 0.24698377167854438 0.025389796826296246
167 109 3 0.2518779161532238 0.025624757199052772
168 109 3 0.25619051103188534 0.025878429176056095
169 109 3 0.25998177281745355 0.026136791538541482
170 109 3 0.2633088252652776 0.026387517974745534
171 109 3 0.26622443658573819 0.026619092738951022
172 109 3 0.26877486197479467 0.026820973385366875
173 109 3 0.27099702625808497 0.026984391850955802
174 109 3 0.27291499445736861 0.02710389219486975
175 109 3 0.27453607792139323 0.027179715478151345
176 109 3 0.27584908006676245 0.027219797474733132
177 109 3 0.27683008416769289 0.027237608559666615
178 109 3 0.27745762212649105 0.027243410667945833
179 109 3 0.27771874406521885 0.027242099331547531
180 109 3 0.27760807315745567 0.027235071689830082
181 109 3 0.27712569675466947 0.027222079964419166
182 109 3 0.2762769471043694 0.027201393285875064
183 109 3 0.27507459173389809 0.027167871930487308
184 109 3 0.27354012332056449 0.02711083428056521
185 109 3 0.27169765749553498 0.027016203391157734
186 109 3 0.26955810531944663 0.026875711234854549
187 109 3 0.26711324715643753 0.026689162352236895
188 109 3 0.26433780404097273 0.026462296357034787
189 109 3 0.26119382021127585 0.026204216305462436
190 109 3 0.2576347239823284 0.025925660088516378
191 109 3 0.25360865769796409 0.025637988339291096
192 109 3 0.24906094702987938 0.025352862590019815
193 109 3 0.24393508375915732 0.025083289476780984
194 109 3 0.23817384540796346 0.024845285530550737
195 109 3 0.23173003949640411 0.024652243310822025
196 109 3 0.22457571971663481 0.024508925031122397
197 109 3 0.21667188226237905 0.024436843196212865
198 109 3 0.20788353680403407 0.024563263102570815
199 109 3 0.19820425748712986 0.02499180609997792
200 109 3 0.18822778659211997 0.026975114189257771
201 109 3 0.1797728594310162 0.024860735218787927
202 109 3 0.17159917834191041 0.023179536500481018
203 109 3 0.16158900210710561 0.022569012625282187
152 110 3 0.14409830487182776 0.019296789632067893
153 110 3 0.15656252976703539 0.020044573324052378
154 110 3 0.16819145861387019 0.022508690827134137
155 110 3 0.17707258379955143 0.028637952318628451
156 110 3 0.18920296916289198 0.024854563078238051
157 110 3 0.19982920320927364 0.025034661727961149
158 110 3 0.20933980790081275 0.02557525910263761
159 110 3 0.21855593989823377 0.026110248544015724
160 110 3 0.22792712421084957 0.025872299530925819
161 110 3 0.23699993904625449 0.025700858584365771
162 110 3 0.24545546707700897 0.025609870970365073
163 110 3 0.25320292577554432 0.025616921105397039
164 110 3 0.26025604265714664 0.025689839451739194
165 110 3 0.26663716770957713 0.025811353284445837
166 110 3 0.27237356850484062 0.025971842898903474
167 110 3 0.27750267335227657 0.026160898825576873
168 110 3 0.28206894020794143 0.026367087185305782
169 110 3 0.28611856435599503 0.026579509161928583
170 110 3 0.28969634324002314 0.026787973188193759
171 110 3 0.29284352932468921 0.026982946825061804
172 110 3 0.29559583536016154 0.027155893989472768
173 110 3 0.29798141810904077 0.027300030479870618
174 110 3 0.30001888665223836 0.027411404140340712
175 110 3 0.30171579339954457 0.027490010420036015
176 110 3 0.30306887754149558 0.02754015823398781
177 110 3 0.30406769272735951 0.027568895031853502
178 110 3 0.30470103279443689 0.027582574146913064
179 110 3 0.30496084339676638 0.02758517044853559
180 110 3 0.30484314484728575 0.027578337556503407
181 110 3 0.30434777671908864 0.027561885201728475
182 110 3 0.30347834039024446 0.027533816934091904
183 110 3 0.3022424636643854 0.027489834152582049
184 110 3 0.3006509576011297 0.027423207966215113
185 110 3 0.29871386088669272 0.027326482029430832
186 110 3 0.29643381655430118 0.027195050136264831
187 110 3 0.29380240950867442 0.027028785325589999
188 110 3 0.29080010039800752 0.026831621722917032
189 110 3 0.28739803651673829 0.026610338086647645
190 110 3 0.28356038407084477 0.026373364333597937
191 110 3 0.27924664603725519 0.026129924808778848
192 110 3 0.2744138096198992 0.025889665915491467
193 110 3 0.2690183732359383 0.025662821848342787
194 110 3 0.2630191309385142 0.025460310076612869
195 110 3 0.25638228280722614 0.025292322621236651
196 110 3 0.24908464474775721 0.025168551029897179
197 110 3 0.24110872545859191 0.025106438993185487
198 110 3 0.23244679990660488 0.02513809933998673
199 110 3 0.22319606358710778 0.025246056515512955
200 110 3 0.2136797020398396 0.025451915447719631
201 110 3 0.20435306722209787 0.024821846931665809
202 110 3 0.19477871484239143 0.024222499636519568
203 110 3 0.1841580147323878 0.023979528408242939
204 110 3 0.17212640134992391 0.027684574277119262
205 110 3 0.163344382445062 0.021558777110100374
206 110 3 0.15191158887247189 0.019147311058399258
207 110 3 0.13976494344571214 0.018754690755865777
152 111 3 0.15767941496536073 0.032877899725600859
153 111 3 0.17660710309108776 0.02488097168610573
154 111 3 0.19070014944100433 0.024836849638920244
155 111 3 0.20246283972239834 0.025552751338018542
156 111 3 0.21405753224113003 0.025634159605983448
157 111 3 0.22486386493723479 0.025777987150950449
158 111 3 0.23491506700345036 0.026025862434575525
159 111 3 0.24450102998870882 0.026215324086502012
160 111 3 0.25379942374177539 0.026249366053690937
161 111 3 0.26270079763062026 0.026215232154883528
162 111 3 0.27106533804737404 0.02619508649888852
163 111 3 0.27881984688094136 0.026218393425967879
164 111 3 0.28594588210888583 0.026284225506548631
165 111 3 0.29244852099402296 0.026386257413575531
166 111 3 0.2983454114037441 0.026518064262688434
167 111 3 0.30366357217785345 0.02667259488703444
168 111 3 0.30843602739324721 0.026842139142527366
169 111 3 0.31269807351792361 0.027018751444027267
170 111 3 0.31648431642821689 0.027194425912055953
171 111 3 0.31982647614975102 0.027361278832783942
172 111 3 0.32275172934963431 0.027512027335569122
173 111 3 0.32528144858891139 0.027640792808965475
174 111 3 0.32743029079257907 0.027744012432961207
175 111 3 0.32920580381958059 0.027821070204045728
176 111 3 0.3306090357754834 0.027874221938895605
177 111 3 0.33163658775921301 0.027907522885010083
178 111 3 0.33228360694134995 0.027925100380624457
179 111 3 0.33254601384530197 0.027929950327426567
180 111 3 0.33242148240378916 0.027923505008832228
181 111 3 0.33190966192081711 0.02790559400569681
182 111 3 0.33101215732433636 0.027874451801267464
183 111 3 0.32973229781696745 0.027826750230386055
184 111 3 0.32807416556734481 0.027758012129326881
185 111 3 0.32604034291612355 0.027663826188765506
186 111 3 0.32362886669056601 0.027541620168629211
187 111 3 0.32083119483426442 0.027391753786953743
188 111 3 0.31763172212092455 0.027217571042935984
189 111 3 0.31400837460338593 0.027024717996666503
190 111 3 0.30993374840444271 0.026820170989533321
191 111 3 0.30537657084603403 0.026611387896007088
192 111 3 0.30030347553539066 0.026405831587348327
193 111 3 0.29468119508428109 0.026210865500731595
194 111 3 0.28847944101512707 0.026033713745120424
195 111 3 0.28167460542846279 0.025881140001020597
196 111 3 0.27425319577765439 0.02575950983369335
197 111 3 0.2662151644517774 0.025675276288321947
198 111 3 0.25758489924659161 0.025629648447743014
199 111 3 0.24844212010262073 0.025593817726488832
200 111 3 0.23893318979535533 0.02548712050856361
201 111 3 0.22917491415376368 0.025224306086198245
202 111 3 0.21900121447891099 0.024902370742067498
203 111 3 0.20813754314063074 0.024681994327440837
204 111 3 0.19656436199742824 0.024522190691040557
205 111 3 0.18490315955516237 0.023741316664416173
206 111 3 0.17105889993087114 0.023702110945591326
207 111 3 0.15266320188205948 0.03165294919221312
0 112 0 0.0024667736849744441 0.00041210825856547763
8 112 0 0.0028788819435399218 0.00085890276178628416
16 112 0 0.0037377847053262059 0.0013739479479692039
24 112 0 0.0051117326532954099 0.001988359905416578
32 112 0 0.0071000925587119878 0.0027291111930719579
40 112 0 0.0098292037517839458 0.0036168715836395141
48 112 0 0.01344607533542346 0.0046633580449651647
56 112 0 0.018109433380388625 0.005868194139401841
64 112 0 0.023977627519790465 0.0072152113522722765
72 112 0 0.031192838872062742 0.0086679316380141036
80 112 0 0.039860770510076846 0.010163788728957755
88 112 0 0.050024559239034601 0.011607363395451854
96 112 0 0.061631922634486455 0.01286850562119915
104 112 0 0.074500428255685605 0.013819930152845036
112 112 0 0.088320358408530641 0.014601392344161523
120 112 0 0.10292175075269215 0.017243723652762027
128 112 0 0.12016547440545418 0.022387877723433078
136 112 1 0.12950824847211739 0.016953773342552172
140 112 1 0.14064078145036774 0.028086306320802515
144 112 2 0.14436221265180008 0.019560697412040209
146 112 2 0.15202757216206272 0.027267131460894378
148 112 3 0.14990743204540694 0.025105916805647069
149 112 3 0.15334393658754591 0.028542421347786048
150 112 3 0.15872353170003048 0.033922016460270613
151 112 3 0.16729219272666199 0.04249067748690212
152 112 3 0.18521778899845326 0.02919306331358254
153 112 3 0.20148807477719349 0.027097153333990487
154 112 3 0.21553699907992457 0.02639805864420014
155 112 3 0.22801559106041688 0.026342611326206106
156 112 3 0.23969169184711347 0.026344183073370386
157 112 3 0.25064185208818524 0.026410068802049436
158 112 3 0.26094092943802588 0.026527611549068797
159 112 3 0.27071635407521083 0.026633653854037764
160 112 3 0.28004878979546632 0.026687271571121385
161 112 3 0.28891602978550379 0.026708286791649383
162 112 3 0.29726042454626256 0.026729521314200866
163 112 3 0.30503824030690924 0.026770003182999103
164 112 3 0.31223010761543446 0.02683505342921888
165 112 3 0.3188347784075985 0.02692399753428204
166 112 3 0.32486347566643253 0.02703413394457066
167 112 3 0.33033616706488789 0.027161804444739479
168 112 3 0.33527816653577458 0.027302601221553147
169 112 3 0.33971682496195088 0.027451358971192441
170 112 3 0.34367874234027285 0.02760207726025965
171 112 3 0.34718775498253496 0.027748044613775003
172 112 3 0.35026375668520343 0.027882429988114132
173 112 3 0.35292224139787687 0.027999350474527507
174 112 3 0.35517430322554028 0.028095002567713134
175 112 3 0.35702687402362632 0.028168233994621761
176 112 3 0.358483257714379 0.028220319253108528
177 112 3 0.35954411064422309 0.028254047618345213
178 112 3 0.36020870732197441 0.028272522826804869
179 112 3 0.36047596417272854 0.028278193168937038
180 112 3 0.36034498741262139 0.028272308279560898
181 112 3 0.35981525592651392 0.028254710028462249
182 112 3 0.35888660912560383 0.02822383186572397
183 112 3 0.3575590480473535 0.028176903323589464
184 112 3 0.35583217769667169 0.028110485337403734
185 112 3 0.35370416910488905 0.028021439623159783
186 112 3 0.35117048685919522 0.027908135714607374
187 112 3 0.34822294862121816 0.027771367575073258
188 112 3 0.34484929316386054 0.027614570363992286
189 112 3 0.34103309260005243 0.027443227653792202
190 112 3 0.33675391939397603 0.027263709023495897
191 112 3 0.33198795874204112 0.027082180347703988
192 112 3 0.32670930712273899 0.026904023332834703
193 112 3 0.32089206058501268 0.02673376851949455
194 112 3 0.31451315476024749 0.026575265762927291
195 112 3 0.30755574542948338 0.02643178622163761
196 112 3 0.30001270561134774 0.026305882122574287
197 112 3 0.29189044074009934 0.026198345530829281
198 112 3 0.28321454769433463 0.026104255190884385
199 112 3 0.27403593782910957 0.02600531486672697
200 112 3 0.26442031030391894 0.025869774420736291
201 112 3 0.25439922023996192 0.025678867800391414
202 112 3 0.24390358522097849 0.025473758074804398
203 112 3 0.23281953746807157 0.025317027262195285
204 112 3 0.2210865526884688 0.025220678767277904
205 112 3 0.20864447621957855 0.025175597084285795
206 112 3 0.19476101087646247 0.025749231456643623
207 112 3 0.17882720935267005 0.027659065723329934
208 112 3 0.16139959107924357 0.040389338389397206
209 112 3 0.15303336517149813 0.032023112481651766
210 112 3 0.14777232944865051 0.026762076758804154
211 112 3 0.14438149226959518 0.02337123957974882
212 112 2 0.14616353872998325 0.025153286040136891
214 112 2 0.13903034023027683 0.018020087540430468
216 112 1 0.13582025165506731 0.026428580905623417
220 112 1 0.12580895743500781 0.016417286685563914
224 112 0 0.11784857115911804 0.021976452923359369
232 112 0 0.1027391588631222 0.018802013954058699
240 112 0 0.087360104711485601 0.015379054151636595
248 112 0 0.072878539480111693 0.014481565231373908
256 112 0 0.059745531639343229 0.013133007840768464
264 112 0 0.048144256691970262 0.011601274947372966
272 112 0 0.038131006715358143 0.010013249976612119
280 112 0 0.029677387347040923 0.0084536193683172195
288 112 0 0.022692871056342444 0.0069845162906984788
296 112 0 0.017043778128537825 0.0056490929278046192
304 112 0 0.01257044562380717 0.0044733325047306548
312 112 0 0.00910213826426505 0.0034683073595421204
320 112 0 0.0064692008345920834 0.0026329374296729666
328 112 0 0.0045121933346162204 0.001957007499975863
336 112 0 0.0030880200585907732 0.0014241732760254472
344 112 0 0.0020733089184525994 0.0010147111401381738
352 112 0 0.0013654832502522939 0.00070782566820030545
360 112 0 0.00088207371977367982 0.00048340953047861413
368 112 0 0.00055884020737288862 0.0003232335124007912
376 112 0 0.00034722643894268251 0.00021161376843020611
384 112 0 0.0002115767526042797 0.00013564968633840281
392 112 0 0.0001264298851391533 8.5146867465126397e-05
400 112 0 7.4090614790377316e-05 5.2339270348775987e-05
408 112 0 4.2581520260128142e-05 3.1509094530249174e-05
416 112 0 2.4001795696685352e-05 1.8579724563442789e-05
424 112 0 1.3269595882824503e-05 1.0732199813860849e-05
432 112 0 7.1960801954442864e-06 6.0735156873802164e-06
440 112 0 3.8282243277308241e-06 3.3678558677134623e-06
448 112 0 1.9980519717587026e-06 1.8301723559721216e-06
456 112 0 1.0232439815242598e-06 9.7480799023444278e-07
464 112 0 5.1428136135372534e-07 5.0896262017053447e-07
472 112 0 2.5380168606322189e-07 2.6047967529050345e-07
480 112 0 1.2323698288613929e-07 1.305647031770826e-07
488 112 0 5.9429838077882878e-08 6.3807144808256417e-08
496 112 0 2.9711985867959882e-08 2.9717852209922995e-08
504 112 0 1.8093434258621047e-08 1.1618551609338835e-08
148 113 3 0.16946598086477255 0.026515202743111976
149 113 3 0.17995157234072567 0.027582419822000021
150 113 3 0.18946327648395347 0.030739744783922995
151 113 3 0.20043032826453633 0.033138135537874341
152 113 3 0.2144108523120358 0.02919306331358254
153 113 3 0.22858522811118398 0.027908949327051513
154 113 3 0.24193505772412471 0.027308241495647867
155 113 3 0.25435820238662299 0.02706808577379588
156 113 3 0.26603587492048386 0.026982522891904059
157 113 3 0.27705192089023467 0.026983102767631217
158 113 3 0.28746854098709468 0.027033434885134877
159 113 3 0.29735000792924859 0.027096949446002938
160 113 3 0.30673606136658771 0.027150302815783511
161 113 3 0.31562431657715317 0.027193636525106812
162 113 3 0.32398994586046342 0.02723721447616273
163 113 3 0.33180824348990834 0.027289536405059323
164 113 3 0.33906516104465334 0.027354458859752739
165 113 3 0.34575877594188054 0.02743298979876535
166 113 3 0.35189760961100319 0.027525081369760396
167 113 3 0.35749797150962737 0.02763026224984938
168 113 3 0.36258076775732773 0.0277474360595239
169 113 3 0.36716818393314332 0.027874296837892887
170 113 3 0.3712808196005325 0.02800672717117797
171 113 3 0.37493579959630996 0.028138598218916455
172 113 3 0.37814618667331756 0.028262464971361034
173 113 3 0.38092159187240437 0.028371310605220856
174 113 3 0.38326930579325341 0.028460520174126591
175 113 3 0.38519510801824808 0.028528629929888749
176 113 3 0.38670357696748753 0.028576844700196224
177 113 3 0.3877981582625683 0.028607887334931192
178 113 3 0.38848123014877928 0.028624807016986498
179 113 3 0.38875415734166557 0.028630046955668786
180 113 3 0.38861729569218229 0.028624882898116044
181 113 3 0.38806996595497617 0.028609169698808501
182 113 3 0.3871104409913278 0.028581335703801836
183 113 3 0.38573595137094296 0.028538633585456163
184 113 3 0.38394266303407543 0.028477693948023353
185 113 3 0.38172560872804884 0.028395445358369353
186 113 3 0.37907862257380259 0.028290282956344781
187 113 3 0.37599431619629142 0.028163217955060993
188 113 3 0.37246386352785282 0.028018368494453383
189 113 3 0.36847632025384464 0.027862216534373263
190 113 3 0.36401762841747193 0.027701612828714861
191 113 3 0.35907013908974511 0.027542010005508766
192 113 3 0.35361333045557369 0.027386774119038892
193 113 3 0.34762582910450723 0.027237431090589015
194 113 3 0.34108842052317478 0.027094353482510658
195 113 3 0.33398753165112099 0.026957459274618623
196 113 3 0.32631858773392203 0.026826527889403873
197 113 3 0.31808878627092863 0.026700643358384013
198 113 3 0.30931880288521901 0.026576417114037298
199 113 3 0.30004125269583654 0.026446149240444305
200 113 3 0.29029008472465523 0.026300573806037009
201 113 3 0.28007808804035333 0.026140469412887612
202 113 3 0.26937734329578289 0.025989664506551158
203 113 3 0.25813656473026686 0.025884623475404989
204 113 3 0.24630723145574671 0.025860876539466976
205 113 3 0.23382007330386434 0.025984155035536638
206 113 3 0.22051024233310609 0.026452990923821917
207 113 3 0.20648627507599998 0.027659065723329934
208 113 3 0.19273364369374971 0.031334052614506142
209 113 3 0.18195973491724968 0.028926369745751551
210 113 3 0.17267413218695127 0.025702629177714181
211 113 3 0.16259073541092764 0.02455889941527703
144 114 3 0.1548893345643565 0.014517473722550744
145 114 3 0.16515545941265172 0.021178018124474896
146 114 3 0.1750418769654577 0.024397371337950863
147 114 3 0.18354753028045651 0.031519958118393782
148 114 3 0.19598118360788452 0.0273924857921512
149 114 3 0.20753399216272569 0.027916516518589229
150 114 3 0.21874590070580466 0.029282624221851183
151 114 3 0.23055014112057926 0.030119812856042927
152 114 3 0.24340129243526606 0.028990440123230266
153 114 3 0.25649417743823549 0.028232149503906123
154 114 3 0.26924329921977258 0.02785022311664459
155 114 3 0.28142628816041887 0.027631381889992146
156 114 3 0.29301839781238792 0.027527155314715279
157 114 3 0.30403502365786589 0.027498816858905983
158 114 3 0.31450197587222956 0.02751849130702827
159 114 3 0.32444695737525153 0.027562801224738698
160 114 3 0.33388636418237122 0.027615731035217694
161 114 3 0.34281795310225999 0.027671104539639058
162 114 3 0.35122716033662615 0.027728511486177498
163 114 3 0.35909777989496766 0.027788799993579472
164 114 3 0.36641961990440608 0.027852566468309969
165 114 3 0.37319176574064589 0.027920708286740703
166 114 3 0.37942269098076359 0.027995198959192613
167 114 3 0.38512823375947675 0.028078955751914825
168 114 3 0.39032820381685163 0.028174778524798161
169 114 3 0.39504248077103621 0.028283823152536747
170 114 3 0.39928754677171047 0.028404056350735341
171 114 3 0.40307439781522642 0.028529238366612364
172 114 3 0.4064086516446786 0.028649567958714317
173 114 3 0.40929290247762523 0.028754922675161276
174 114 3 0.41172982596738 0.028839128110629386
175 114 3 0.41372373794813683 0.02890089208124913
176 114 3 0.41528042166768375 0.028942499964373369
177 114 3 0.4164060455974995 0.028967799112522286
178 114 3 0.41710603716576578 0.028980715607876961
179 114 3 0.41738420429733436 0.028984248382335154
180 114 3 0.41724217859029833 0.028979952366979533
181 114 3 0.41667913565378467 0.028967701054670003
182 114 3 0.41569177669512963 0.028945667289118349
183 114 3 0.41427458495639913 0.028910574041762338
184 114 3 0.41242035698209878 0.02885820249308868
185 114 3 0.41012105408641819 0.028784380305377388
186 114 3 0.40736890553014737 0.028686379170032361
187 114 3 0.40415753415135242 0.028564936410182651
188 114 3 0.40048223202230621 0.028425595096143619
189 114 3 0.3963385367882179 0.028277828782050762
190 114 3 0.39171924124618679 0.028130734399094304
191 114 3 0.38661214909525388 0.027989738259788843
192 114 3 0.38100010457461259 0.027855943402890437
193 114 3 0.37486326019509625 0.027727183956285206
194 114 3 0.36818277400568544 0.027599656338709921
195 114 3 0.36094499092573962 0.027469609375753656
196 114 3 0.3531451156233259 0.027334606598062083
197 114 3 0.34478942962931264 0.027193801469699574
198 114 3 0.33589521999925631 0.027047177786756971
199 114 3 0.32648740193628084 0.026894888717910292
200 114 3 0.31659065853069224 0.026738544488089044
201 114 3 0.30621855745324095 0.026585462736978593
202 114 3 0.29536700780233405 0.026452544511243015
203 114 3 0.28402118820567185 0.026363696587659136
204 114 3 0.27216810799521368 0.026346830993210002
205 114 3 0.25980422833940098 0.026439908306709448
206 114 3 0.24696323325692801 0.026689919415454705
207 114 3 0.23386756059836106 0.027381285522361076
208 114 3 0.22108638169628567 0.02835273800253596
209 114 3 0.20939822688501447 0.027438491967764794
210 114 3 0.19837676136466545 0.025904188204619732
211 114 3 0.18714963482620467 0.025253413242587092
212 114 3 0.17522704030131203 0.029063501571328781
213 114 3 0.16711134746843787 0.022088934603868626
214 114 3 0.15785918335765625 0.018948073888207156
215 114 3 0.1484950340428875 0.012785185295619783
144 115 3 0.16940680828690724 0.028766026836539504
145 115 3 0.18633347753712662 0.024998069871419587
146 115 3 0.19943924830340856 0.02579847000642807
147 115 3 0.21113940969955486 0.027591879419098353
148 115 3 0.22337366940003572 0.027538684955087989
149 115 3 0.23545050868131492 0.028003010118423571
150 115 3 0.24742624043568526 0.0286803397298806
151 115 3 0.2596097734462271 0.029059632325647844
152 115 3 0.27213311758337994 0.028731825148113871
153 115 3 0.28472632694214162 0.02842968165700005
154 115 3 0.29709352233641717 0.028221303456111291
155 115 3 0.30905767005041102 0.028072304836006146
156 115 3 0.3205455531271032 0.027988167061846092
157 115 3 0.33153384051677187 0.02795879049939709
158 115 3 0.34202046717925783 0.027971176448699731
159 115 3 0.35200975859999023 0.028012282238318142
160 115 3 0.36150209521758891 0.02807094730213161
161 115 3 0.37048905764189904 0.028138752904736497
162 115 3 0.37895567182280365 0.028209122378132001
163 115 3 0.38688657988854713 0.028276762107850961
164 115 3 0.39427218637271605 0.028338455531562945
165 115 3 0.40111247402738659 0.028394214031406628
166 115 3 0.4074178899399562 0.028448164291338063
167 115 3 0.41320718951139157 0.028507672484085422
168 115 3 0.41850298234164979 0.028580960469377692
169 115 3 0.42332630392357296 0.028674190776285691
170 115 3 0.42769160312244581 0.028788432109258577
171 115 3 0.43160363618183878 0.028916690570302606
172 115 3 0.43505821960339291 0.029043571170417337
173 115 3 0.43804782515278651 0.029151579432099339
174 115 3 0.44056895407800939 0.029232049062516752
175 115 3 0.44262463002938596 0.029285164468215386
176 115 3 0.44422292163205712 0.029316306516028734
177 115 3 0.44537384471002178 0.029331929218472053
178 115 3 0.44608675277364274 0.029337840327661235
179 115 3 0.44636845267966951 0.029338110501615389
180 115 3 0.44622213095727786 0.029334810852891802
181 115 3 0.44564683670845467 0.029327852756677653
182 115 3 0.44463744398424798 0.029314903289471339
183 115 3 0.44318515899816147 0.029291648560232864
184 115 3 0.44127855947518746 0.029252033237913588
185 115 3 0.43890543439179558 0.029189387705720549
186 115 3 0.43605528470017973 0.029097839373951773
187 115 3 0.43272247056153507 0.02897651135585666
188 115 3 0.42890782711844982 0.028833245355953607
189 115 3 0.42461636557026866 0.028684810959938911
190 115 3 0.41984997564528109 0.028545842712524361
191 115 3 0.41460188735504272 0.028422391749682752
192 115 3 0.40885604797750302 0.02831224344327915
193 115 3 0.40259044415138145 0.028207909565462597
194 115 3 0.39578243034439536 0.028099721378921805
195 115 3 0.38841460030149327 0.027978997342348821
196 115 3 0.38047972222138798 0.027840810570682828
197 115 3 0.37198323109901221 0.027685143801050693
198 115 3 0.36294239778601328 0.027516014135467393
199 115 3 0.35338229065419113 0.027340140056176243
200 115 3 0.34332920301878128 0.027165757079568087
201 115 3 0.33280402019021954 0.027002843802780063
202 115 3 0.32181955231357706 0.026863946831920671
203 115 3 0.31038488479333098 0.026763409203069854
204 115 3 0.29851493898842368 0.026715473784156896
205 115 3 0.28624413664611043 0.026731338209918409
206 115 3 0.27365315267238272 0.026806601451027645
207 115 3 0.26092028402727796 0.027052723428916903
208 115 3 0.24833561705137125 0.027249235355085583
209 115 3 0.23616283350775752 0.026764606622743048
210 115 3 0.22428094956928518 0.025904188204619732
211 115 3 0.21240304806879176 0.025284563895056622
212 115 3 0.20048602213138539 0.025258981830073357
213 115 3 0.18920028207230649 0.02319475057132972
214 115 3 0.17680725724586341 0.022084084156090672
215 115 3 0.16128021933850728 0.025459967683439971
136 116 2 0.13775619942755948 0.017590725022105305
138 116 2 0.15206681049143717 0.023837531601657413
140 116 3 0.15729402437261072 0.016653242922242989
141 116 3 0.16350317976349646 0.022862398313128723
142 116 3 0.17005464093213105 0.02941385948176331
143 116 3 0.17888941005860781 0.038248628608240076
144 116 3 0.19576751296948031 0.027671288609021211
145 116 3 0.21133154740854621 0.026648098841133866
146 116 3 0.22523771830983663 0.026741228338030332
147 116 3 0.23818940200623401 0.027263361157517263
148 116 3 0.25091235435512371 0.027701535859000759
149 116 3 0.2634535187997385 0.028094431399462716
150 116 3 0.27588079738204002 0.028454556946354764
151 116 3 0.28830818496027411 0.028698411514047006
152 116 3 0.30077014255079687 0.028680138950177014
153 116 3 0.31315600859914167 0.028620259643213519
154 116 3 0.32531482579252846 0.028525069461756258
155 116 3 0.33712997488641716 0.028440470330814316
156 116 3 0.34853372018894929 0.028386541367791451
157 116 3 0.35949263101616896 0.028369130730509173
158 116 3 0.36999164362795756 0.028387264692195935
159 116 3 0.38002204083830837 0.028436312863282631
160 116 3 0.38957304251972052 0.028509113070772696
161 116 3 0.39862781054663554 0.028595906180099828
162 116 3 0.40716479420093565 0.028684509998590457
163 116 3 0.41516334199639809 0.028762696700223855
164 116 3 0.42261064190427899 0.028822286787439533
165 116 3 0.42950668805879322 0.028861518291576627
166 116 3 0.43586605423129426 0.028887545706655193
167 116 3 0.44171486199547699 0.028914565809094239
168 116 3 0.44708394281102748 0.028959135122040125
169 116 3 0.45200049469985865 0.029035455549774269
170 116 3 0.45648003523170438 0.02915066623618312
171 116 3 0.46052032675214138 0.029297359590057082
172 116 3 0.46410179077381025 0.029448249623860723
173 116 3 0.46719940458488585 0.029567547114724868
174 116 3 0.46980100314052614 0.029644073823029859
175 116 3 0.47190979449760134 0.029683144930874039
176 116 3 0.47353922814808586 0.02969735858063266
177 116 3 0.47470577392849383 0.02969749301556518
178 116 3 0.47542459310130397 0.029692326843586303
179 116 3 0.4757065631812849 0.029687263746582038
180 116 3 0.47555694181016966 0.02968505062401966
181 116 3 0.47497468946513233 0.029685721316764613
182 116 3 0.47395234727371932 0.029686174461562798
183 116 3 0.47247680755839433 0.029680820994518797
184 116 3 0.47053059271310105 0.029660643627526184
185 116 3 0.46809482209751613 0.029615066032946391
186 116 3 0.46515312407413151 0.029530874329401158
187 116 3 0.46169898191739173 0.029401854790096826
188 116 3 0.45774107247440343 0.029237936257266894
189 116 3 0.45330117653020757 0.029074242531564931
190 116 3 0.44839581835780545 0.028937390005105923
191 116 3 0.44302427910472547 0.02883373529368255
192 116 3 0.43716829142078217 0.028754754583445286
193 116 3 0.43079835371684405 0.028684546342688022
194 116 3 0.42388215172331717 0.028604411735768942
195 116 3 0.41639359764384209 0.028497973878119032
196 116 3 0.40832053279207081 0.02835666191710523
197 116 3 0.39966837490006291 0.028182163131157734
198 116 3 0.39045841192148067 0.027983859766350372
199 116 3 0.38072243071036738 0.027776218041609346
200 116 3 0.37049496009834937 0.027573870367874842
201 116 3 0.3598068639929996 0.027388628552870498
202 116 3 0.34868349914549773 0.027229452841946
203 116 3 0.33714829399640084 0.027103015171162204
204 116 3 0.32523041277258058 0.027012830421571377
205 116 3 0.31297547485602883 0.026955883689470439
206 116 3 0.30045975412341036 0.026914741974357448
207 116 3 0.28780318921252468 0.026882905185246719
208 116 3 0.27515489440883351 0.026819277357462257
209 116 3 0.26262189044276912 0.026459056935011604
210 116 3 0.25016984571724354 0.025900556066578262
211 116 3 0.23768761196384838 0.025365837325999868
212 116 3 0.22510908678855618 0.024747109724665817
213 116 3 0.21239503264363621 0.023976471276733052
214 116 3 0.19889134140195408 0.023462941609955545
215 116 3 0.18400465845777081 0.023672314626324242
216 116 3 0.16817012570390799 0.032349874048840682
217 116 3 0.16018084792060711 0.024360596265539797
218 116 2 0.15849581113522643 0.023385111919088319
220 116 2 0.14709848015824062 0.023261709025149069
222 116 2 0.13377049738900945 0.015921926229891414
140 117 3 0.1729725830333807 0.023531006413836181
141 117 3 0.18602879673685807 0.024420985915284382
142 117 3 0.19718888624597319 0.027134245313842148
143 117 3 0.20909593022376127 0.030206520165153461
144 117 3 0.22343880157850152 0.027671288609021211
145 117 3 0.23797964624968007 0.027174347066526855
146 117 3 0.25197894664786696 0.027247488230177697
147 117 3 0.26545276316375127 0.02755304061678765
148 117 3 0.27861389021412447 0.027901890096709403
149 117 3 0.29154795019920121 0.02823680400558537
150 117 3 0.30430928193854428 0.028522583497523291
151 117 3 0.31694256180556962 0.028722420427238882
152 117 3 0.32945028150097388 0.028820825074155232
153 117 3 0.34177626824235519 0.028838091804459953
154 117 3 0.35383989525428472 0.028810210577145501
155 117 3 0.36557044521723148 0.028769952112210839
156 117 3 0.37692026155674074 0.028740395855843037
157 117 3 0.38786176174667814 0.028735926971402925
158 117 3 0.39837890832015349 0.028764431685650349
159 117 3 0.408458353701591 0.028828568258197185
160 117 3 0.41808215559049322 0.028925240073939762
161 117 3 0.42722371672673537 0.029043176443739382
162 117 3 0.43584930419952611 0.029162215679439163
163 117 3 0.44392603869662195 0.029259105257231188
164 117 3 0.45143292869171853 0.029318335871140078
165 117 3 0.45836820635036984 0.029333873769821606
166 117 3 0.46475359993794946 0.029317773402512903
167 117 3 0.47062942780457123 0.029295740643323853
168 117 3 0.4760430779330676 0.029297376325226387
169 117 3 0.48103595024963292 0.029349625813937574
170 117 3 0.4856307014678875 0.029473180618278139
171 117 3 0.48981768634219847 0.029665553196861039
172 117 3 0.49355004039767097 0.02987619912758116
173 117 3 0.49676695169961071 0.030017930368331558
174 117 3 0.499445076963556 0.030085177469079127
175 117 3 0.50159293942847538 0.030097595340372041
176 117 3 0.50323658672871852 0.030084098681528726
177 117 3 0.50440326694405901 0.030059966626784784
178 117 3 0.50511691994489027 0.030038321438158988
179 117 3 0.50539382692786694 0.030025180145134556
180 117 3 0.50524199243418932 0.030024020936092688
181 117 3 0.50466041078189694 0.030035422246064925
182 117 3 0.50363852173528212 0.030054867651534978
183 117 3 0.50215762855291313 0.030076435020305547
184 117 3 0.50019123634062723 0.03008627847358214
185 117 3 0.49770988813046252 0.030070996463664013
186 117 3 0.49468399840353267 0.030000399860471372
187 117 3 0.49110083670748855 0.029853797460931364
188 117 3 0.48697900873167033 0.029634150070366072
189 117 3 0.4823754190617725 0.029428628128220891
190 117 3 0.47733320836291138 0.029287574705327724
191 117 3 0.47185801439840802 0.029212270759711223
192 117 3 0.46592304600422746 0.029180383007339883
193 117 3 0.45948290005953207 0.029163020718198318
194 117 3 0.45248656345908611 0.029127341025235842
195 117 3 0.44489157152196113 0.029043792291396864
196 117 3 0.43667719470917604 0.028897710053680581
197 117 3 0.42785053803122064 0.02869504883231383
198 117 3 0.41844227168783105 0.028453164355754512
199 117 3 0.40849864875197672 0.028199184253616283
200 117 3 0.39806883046622421 0.027957120474517538
201 117 3 0.3871954925458701 0.027740645660023211
202 117 3 0.37591295198744373 0.027554567940890229
203 117 3 0.36425130916756304 0.027398755071776526
204 117 3 0.35224324319415196 0.027269365753743002
205 117 3 0.33993135854549927 0.02715706176258692
206 117 3 0.32737449609776781 0.027043434950578482
207 117 3 0.31464869148162306 0.026898421547926099
208 117 3 0.30183331430306126 0.026685369599240616
209 117 3 0.28897795299044937 0.02637884569640736
210 117 3 0.27607040178382181 0.02598419018324466
211 117 3 0.26305344928984825 0.025524037436813751
212 117 3 0.249856196513222 0.025016163085134213
213 117 3 0.23637150392036926 0.024494402922184189
214 117 3 0.22235428301190963 0.02411236746897652
215 117 3 0.20767697308409505 0.023986239514202451
216 117 3 0.19267918729988168 0.024509061595973686
217 117 3 0.17824388738593944 0.02337750042805975
136 118 3 0.14221531368631429 0.022049839280860115
137 118 3 0.15645453687165342 0.018947120439792992
138 118 3 0.17045243503089033 0.021483286731826007
139 118 3 0.18135624915529885 0.029289438663861689
140 118 3 0.19650358944721688 0.024728471699384774
141 118 3 0.21044978265214245 0.025237080945353069
142 118 3 0.22357230128661168 0.026383415040638486
143 118 3 0.23685941499877536 0.027763484775014086
144 118 3 0.25090089475815675 0.027462093179655228
145 118 3 0.26515399331620693 0.027332085776538617
146 118 3 0.27922643487804466 0.027513686777363267
147 118 3 0.29300580378053892 0.02779168083215422
148 118 3 0.30651578031083387 0.028108334223250098
149 118 3 0.31978475420478658 0.028420366182398349
150 118 3 0.33283186543606758 0.028694595123638533
151 118 3 0.3456649822328085 0.028903805783043024
152 118 3 0.35827110657512912 0.029034526720144116
153 118 3 0.37061436004681514 0.029092940745231832
154 118 3 0.38265010583143022 0.029099602013339276
155 118 3 0.39434039732944232 0.029080612877022238
156 118 3 0.40566065741258378 0.029061049602024269
157 118 3 0.41659768871808106 0.029061634910981016
158 118 3 0.42714334000580384 0.029097841736263952
159 118 3 0.43728692195978819 0.029180143095991651
160 118 3 0.44700739566443298 0.029311927975410934
161 118 3 0.45626689317047475 0.029481134232178852
162 118 3 0.46501151987896527 0.029653826232358849
163 118 3 0.47318514395385314 0.029784899300207779
164 118 3 0.4807512645628586 0.029849786389196498
165 118 3 0.48770208012019145 0.029829571033805236
166 118 3 0.49407137334046236 0.02974564099095911
167 118 3 0.49992516844789509 0.02964496039240766
168 118 3 0.50534045425829399 0.029576716383462487
169 118 3 0.51038557606357049 0.029584188503000375
170 118 3 0.51510388208616564 0.029718539922925724
171 118 3 0.5194832395390595 0.030007081669369495
172 118 3 0.52342623952525213 0.030364611943445197
173 118 3 0.52678488206794227 0.030534306393016575
174 118 3 0.52953025443263513 0.030572600195524879
175 118 3 0.53169053476884742 0.030529446985350539
176 118 3 0.53332068541024724 0.030472965175262878
177 118 3 0.5344632335708438 0.030411451700683378
178 118 3 0.53515524138304926 0.030367317126117066
179 118 3 0.5354190070730015 0.030342623727401596
180 118 3 0.53526601337028201 0.030341940933855671
181 118 3 0.53469583302796186 0.030368586680951326
182 118 3 0.5336933893868171 0.030412941643977009
183 118 3 0.53223406357321867 0.030475270332427695
184 118 3 0.53027751481420937 0.030528534135942254
185 118 3 0.52778088459412653 0.030573741921878339
186 118 3 0.52468439826400404 0.030537452385572927
187 118 3 0.52095463416841992 0.030370348654119694
188 118 3 0.5166131588020364 0.030007865101907893
189 118 3 0.51180404718999339 0.029710231102102913
190 118 3 0.5066207830682391 0.029563736873684743
191 118 3 0.50107028515811924 0.0295391394914295
192 118 3 0.49510342901156734 0.029583245739143171
193 118 3 0.48864592077773039 0.029651578564082071
194 118 3 0.48161390448432195 0.029689917031877622
195 118 3 0.47393536381335799 0.029643947231288603
196 118 3 0.46557490476285662 0.029487183481230528
197 118 3 0.45654558686353447 0.029239063656369302
198 118 3 0.44689543604358556 0.028926541366168845
199 118 3 0.43669783300559301 0.028602285539024275
200 118 3 0.42602595094074175 0.028306904473712147
201 118 3 0.41493613820589331 0.028054452978684141
202 118 3 0.40346751992833396 0.027841661595639555
203 118 3 0.39165006423933957 0.027660362648685599
204 118 3 0.37951260894789496 0.027501147653487823
205 118 3 0.36708842030808619 0.02735193072070119
206 118 3 0.35441793104834629 0.027195919429152338
207 118 3 0.34154711302954915 0.027011830211760124
208 118 3 0.32851868390230188 0.026778307313079841
209 118 3 0.31535679868685673 0.02648236807936305
210 118 3 0.30205459196706647 0.026126045583928725
211 118 3 0.288577486726662 0.0257228182052891
212 118 3 0.27487235959835621 0.025292109981562172
213 118 3 0.26086590684255345 0.024865770571203982
214 118 3 0.24646665048088615 0.024499161264244756
215 118 3 0.2316632125982975 0.024209374081990226
216 118 3 0.21662340901643101 0.023944221716549335
217 118 3 0.20162138781399919 0.02337750042805975
218 118 3 0.18662343514778651 0.028127624012560082
219 118 3 0.17713841096084296 0.018642599825616529
220 118 2 0.17036018918338969 0.023261709025149069
222 118 3 0.15094665744566346 0.019413531737726225
223 118 3 0.1378178489598102 0.019969277800692159
136 119 3 0.15449643812776792 0.034330963722313743
137 119 3 0.17540165731144641 0.023320445118793748
138 119 3 0.19193572176271634 0.02354794323948825
139 119 3 0.20640270512717973 0.025046455971880877
140 119 3 0.22123206114660166 0.025092425451343603
141 119 3 0.23568686359749552 0.025584233322473116
142 119 3 0.2497798678562074 0.026208285607066145
143 119 3 0.26385355602296945 0.02699414102419409
144 119 3 0.27813245278152599 0.02723155802336924
145 119 3 0.29248607909274554 0.027401071377761765
146 119 3 0.30674012165540793 0.027675754553788956
147 119 3 0.32079748461269314 0.027983839732360016
148 119 3 0.33462411453408397 0.028311483235555324
149 119 3 0.34820512038718493 0.028633722014883345
150 119 3 0.36152646055970611 0.028923533860657713
151 119 3 0.37456878801585153 0.029155526504348162
152 119 3 0.38730563329527323 0.029312340147616911
153 119 3 0.39970730079204697 0.029391327237481502
154 119 3 0.4117497078447695 0.029406423508178126
155 119 3 0.42342101020646455 0.029383629873765749
156 119 3 0.43472170701460805 0.029353339778448173
157 119 3 0.44565932362906208 0.029343503861183284
158 119 3 0.45624118174206779 0.029376927467269609
159 119 3 0.46646706505577984 0.029473979488035207
160 119 3 0.47631932363984392 0.029652900611271293
161 119 3 0.4857480274026536 0.029907263005394424
162 119 3 0.49466534611132412 0.030178662261087175
163 119 3 0.50297004325406092 0.030368447680863442
164 119 3 0.5106010509520551 0.030457888501537411
165 119 3 0.51753165115399669 0.030380537275754294
166 119 3 0.52381701433142147 0.030181836850990962
167 119 3 0.52957012884030275 0.029953349645319594
168 119 3 0.53491717064175648 0.029771965748800144
169 119 3 0.53996976456657086 0.02968349529980352
170 119 3 0.54482242200909137 0.02980129437397816
171 119 3 0.549490321208429 0.030271125487540629
172 119 3 0.55379085146869733 0.031032263327544385
173 119 3 0.55731918846095885 0.031173437953957883
174 119 3 0.56010285462816001 0.031132814349471016
175 119 3 0.56221998175419796 0.030965984346990161
176 119 3 0.56379365058551012 0.030858237093939866
177 119 3 0.56487468527152718 0.030736949620089993
178 119 3 0.56552255850916633 0.030668276463134636
179 119 3 0.56576163080040309 0.03062746906944569
180 119 3 0.56560795430413768 0.030623945598990288
181 119 3 0.56506441970891319 0.030675448126780913
182 119 3 0.56410633103079411 0.03074443621152978
183 119 3 0.56270933390564637 0.03087454781936616
184 119 3 0.56080604895015163 0.030970208811546884
185 119 3 0.55835462651600487 0.031149335508430354
186 119 3 0.55522185064957696 0.031196680796535259
187 119 3 0.55132498282253961 0.031073689272963501
188 119 3 0.54662102390394429 0.030308243661954726
189 119 3 0.54151427829209631 0.029832292588835685
190 119 3 0.53618451994192384 0.029709642916800005
191 119 3 0.53060942464954874 0.029788953296955412
192 119 3 0.52468667475071051 0.029953519203056
193 119 3 0.51829749934181246 0.030161749854637931
194 119 3 0.51130382151619957 0.030328410736889966
195 119 3 0.50357931104464659 0.030346519938928229
196 119 3 0.49506208824408715 0.030159682823604705
197 119 3 0.48578465051990377 0.029839222962158851
198 119 3 0.4758219774097544 0.029403484642055999
199 119 3 0.46530011854461728 0.028968439094949672
200 119 3 0.4543328554144539 0.028605772295947962
201 119 3 0.44299059118457745 0.028320688004863814
202 119 3 0.43130918152397352 0.02808941406480342
203 119 3 0.41931042688802517 0.027892092297434334
204 119 3 0.40701375660138278 0.027715186313184204
205 119 3 0.39444035102878738 0.027545895107490947
206 119 3 0.38161385047749863 0.027368831325532306
207 119 3 0.36855894324130928 0.027167078608615947
208 119 3 0.35529699121538172 0.026926138076781903
209 119 3 0.34183916676621978 0.026638838824643296
210 119 3 0.32818063755099519 0.02630747651334403
211 119 3 0.3143003049319511 0.025941869428591779
212 119 3 0.30016446957991838 0.025556604677034411
213 119 3 0.28573167741375743 0.02517045094425141
214 119 3 0.2709658117451309 0.024802285834224391
215 119 3 0.25587258668028773 0.024447911014260082
216 119 3 0.24052083562389567 0.024060824760515825
217 119 3 0.22499001128931922 0.023578974285463045
218 119 3 0.20923752085154115 0.023015958006738002
219 119 3 0.19307625987099122 0.022716070687601536
222 119 3 0.16184743479527819 0.015523172376535638
223 119 3 0.14871862630942492 0.030870055150306885
0 120 0 0.0028442730266632229 0.00047407020092791628
8 120 0 0.0033183432275911392 0.00098804740195025664
16 120 0 0.0043063906295413958 0.0015806369788284851
24 120 0 0.0058870276083698809 0.002287933936851296
32 120 0 0.0081749615452211769 0.0031416494989871587
40 120 0 0.011316611044208336 0.0041668984411060914
48 120 0 0.015483509485314427 0.0053795523645313939
56 120 0 0.020863061849845821 0.0067831714430229839
64 120 0 0.027646233292868805 0.0083653289154029392
72 120 0 0.036011562208271744 0.010092469639911762
80 120 0 0.046104031848183506 0.011900736710732149
88 120 0 0.058004768558915655 0.013676169867239761
96 120 0 0.071680938426155416 0.015206479086405378
104 120 0 0.086887417512560794 0.016034333240131371
112 120 0 0.10292175075269216 0.017243723652762014
120 120 1 0.11271861855879373 0.009950198203691904
124 120 1 0.12266881676248563 0.019747066009793479
128 120 2 0.13123281369983719 0.011067339294383013
130 120 2 0.14040383468758372 0.021106744842710967
132 120 3 0.14059738638245428 0.020431911977000103
133 120 3 0.14492161868676706 0.024756144281312883
134 120 3 0.15103806680000398 0.0308725923945498
135 120 3 0.1605964483870311 0.040430973981576926
136 120 3 0.18021127135935749 0.026819630657939714
137 120 3 0.19872210243024016 0.025065373537985075
138 120 3 0.21548366500220459 0.024703829530198784
139 120 3 0.23108033150552351 0.025016772364534062
140 120 3 0.24632448659794526 0.025372338681753759
141 120 3 0.26127109691996864 0.025791965152097363
142 120 3 0.27598815346327354 0.026267600709245942
143 120 3 0.29061994047218231 0.026766384449212866
144 120 3 0.30526272068265498 0.02713026790112899
145 120 3 0.31988715047050731 0.027458465288071887
146 120 3 0.33441587620919688 0.027796624738497422
147 120 3 0.34878132434505316 0.028148552163044627
148 120 3 0.3629355977696393 0.028512051212004064
149 120 3 0.37683884240206827 0.028871423340487812
150 120 3 0.39044999442036382 0.029202124195546131
151 120 3 0.40372431452019969 0.029474189122312311
152 120 3 0.41661797344289014 0.029659695095896943
153 120 3 0.42909862802952847 0.02974529392405556
154 120 3 0.44115613135294762 0.029742817100037289
155 120 3 0.4528046400802303 0.029685829389398843
156 120 3 0.46407504679305622 0.029616868127442297
157 120 3 0.47500282749024536 0.029573806414120107
158 120 3 0.4856181092093374 0.029584066675714282
159 120 3 0.49594104454381505 0.029677599619457151
160 120 3 0.50597222425111521 0.029910032742747839
161 120 3 0.51565529040804803 0.030307882377513584
162 120 3 0.5248440083724113 0.03077656161189235
163 120 3 0.53333849093492436 0.031043735508340164
164 120 3 0.54105893945359251 0.031224151525593102
165 120 3 0.54791218842975098 0.031044243122851922
166 120 3 0.55399885118241243 0.030639266087953532
167 120 3 0.55952347848562234 0.030206147057697752
168 120 3 0.56468913639055662 0.029865864836695954
169 120 3 0.56965325986637438 0.02968349529980352
170 120 3 0.57462371638306953 0.02980129437397816
171 120 3 0.57976144669596963 0.030271125487540629
172 120 3 0.58482311479624172 0.032311085191542355
173 120 3 0.58849262641491673 0.03198553520733638
174 120 3 0.59123566897763102 0.031810414400546994
175 120 3 0.59318596610118812 0.031334666234806408
176 120 3 0.59465188767944999 0.031248308095886745
177 120 3 0.59561163489161717 0.031001126960860992
178 120 3 0.59619083497230096 0.030932683900161462
179 120 3 0.59638909986984878 0.030866356305918496
180 120 3 0.59623189990312797 0.030842251958227096
181 120 3 0.5957398678356941 0.030956137472348377
182 120 3 0.59485076724232389 0.03100610183870478
183 120 3 0.59358388172501253 0.031299534084160752
184 120 3 0.59177625776169851 0.031319649991232157
185 120 3 0.58950396202443522 0.031847892287747315
186 120 3 0.58641853144611222 0.032017414848915293
187 120 3 0.58239867209550311 0.032410687751295186
188 120 3 0.57692926756589902 0.030310549063289782
189 120 3 0.57134657088093199 0.029832292588835685
190 120 3 0.56589416285872385 0.029709642916800005
191 120 3 0.56039837794650416 0.029945082457157102
192 120 3 0.55464019395376651 0.030271653156434986
193 120 3 0.54845924919645039 0.030704958027170881
194 120 3 0.54163223225308954 0.031106876833092323
195 120 3 0.53392583098357482 0.031245455511806908
196 120 3 0.52522177106769186 0.030957275678353824
197 120 3 0.51562387348206262 0.030546223873340383
198 120 3 0.5052254620518104 0.029871423693334731
199 120 3 0.49426855763956695 0.029254027951557016
200 120 3 0.48293862771040186 0.02881897687461954
201 120 3 0.47131127918944127 0.028525115374627208
202 120 3 0.45939859558877694 0.028295285453347085
203 120 3 0.4472025191854595 0.028095536271238564
204 120 3 0.43472894291456698 0.027913793787109453
205 120 3 0.42198624613627833 0.027739867240965943
206 120 3 0.40898268180303093 0.027558721337193726
207 120 3 0.39572602184992522 0.027353865200072658
208 120 3 0.38222312929216362 0.027112750397843499
209 120 3 0.36847800559086308 0.02683188119033858
210 120 3 0.35448811406433922 0.026515759130922412
211 120 3 0.34024217436054288 0.026173293485540705
212 120 3 0.32572107425695279 0.025814817620482711
213 120 3 0.31090212835800884 0.025450086698688534
214 120 3 0.29576809757935529 0.025084674243950611
215 120 3 0.28032049769454781 0.024712320149666789
216 120 3 0.2645816603844115 0.024312263851087812
217 120 3 0.24856898557478227 0.023863909941255174
218 120 3 0.23225347885827916 0.023374069655403201
219 120 3 0.21556654619754939 0.022870844419871972
220 120 3 0.19849042124110436 0.028130232057714671
221 120 3 0.18721713768135706 0.016856948497967372
222 120 2 0.17737060717181383 0.022691826839188994
224 120 3 0.15114403556018252 0.033295464401064484
225 120 3 0.14208359941125875 0.024235028252140717
226 120 2 0.14113138861936464 0.023282817460246602
228 120 1 0.13577744511241216 0.017928873953294122
232 120 0 0.1215411728171809 0.020086391150882663
240 120 0 0.10215813354744077 0.019383039269740124
248 120 0 0.084694692411602046 0.017463441135838725
256 120 0 0.069179963859878915 0.015514728551723131
264 120 0 0.055613534035382467 0.013566429824496448
272 120 0 0.043974967576291539 0.011638566459090928
280 120 0 0.034188616626725184 0.0097863509495663553
288 120 0 0.026124970028712412 0.0080636465980127719
296 120 0 0.019614813826987959 0.0065101562017244527
304 120 0 0.014465419812768915 0.0051493940142190442
312 120 0 0.010475416517066891 0.0039900032957020243
320 120 0 0.0074471849589847327 0.0030282315580821579
328 120 0 0.0051962952287477465 0.0022508897302369862
336 120 0 0.0035578686292326803 0.0016384265995150662
344 120 0 0.0023900509167314042 0.0011678177125012761
352 120 0 0.0015750163431652584 0.00081503457356614582
360 120 0 0.0010180647213282532 0.00055695162183700526
368 120 0 0.0006454186105405847 0.00037264611078766845
376 120 0 0.00040128937742876986 0.00024412923311181484
384 120 0 0.00024468565342489424 0.00015660372400387563
392 120 0 0.00014631477029960265 9.8370883125291586e-05
400 120 0 8.5802453618056776e-05 6.0512316681545874e-05
408 120 0 4.9346277302086931e-05 3.6456176315969845e-05
416 120 0 2.7833708999550888e-05 2.1512568302536042e-05
424 120 0 1.539839898161419e-05 1.2435310017936699e-05
432 120 0 8.3560308132378604e-06 7.0423681683763294e-06
440 120 0 4.4481829689441869e-06 3.9078478442936735e-06
448 120 0 2.3230999796573779e-06 2.125082989286809e-06
456 120 0 1.1904482747579124e-06 1.1326517048994655e-06
464 120 0 5.9868259385258572e-07 5.9176568090532672e-07
472 120 0 2.9563080710013705e-07 3.0305178675244867e-07
480 120 0 1.4363248875553218e-07 1.5199831834460487e-07
488 120 0 6.9306951511663931e-08 7.4325537243868251e-08
496 120 0 3.4672099922369232e-08 3.4634851589294699e-08
504 120 0 2.1125974140423043e-08 1.3546125781946189e-08
132 121 3 0.15691042682044257 0.021841185016659159
133 121 3 0.16789615494610158 0.023383014354523252
134 121 3 0.17847763211339421 0.02743956531339023
135 121 3 0.19097723023645233 0.030380781849421223
136 121 3 0.20703090201729721 0.026819630657939714
137 121 3 0.22378747596822524 0.025410583435989703
138 121 3 0.24018749453240337 0.025178312223332416
139 121 3 0.25609710387005757 0.025306281194528157
140 121 3 0.27169682527969902 0.025581070494420322
141 121 3 0.287063062072066 0.025936441795781362
142 121 3 0.30225575417251949 0.026337442899175556
143 121 3 0.31734526340785929 0.026745356788080432
144 121 3 0.33237714923850736 0.027136021108926489
145 121 3 0.3473456157585792 0.027513996475026725
146 121 3 0.3622125009476943 0.027895885798686682
147 121 3 0.37692987650809778 0.02829374711463517
148 121 3 0.39144764898164336 0.028708692644385247
149 121 3 0.40571026574255609 0.029129636391104996
150 121 3 0.41965211861590995 0.029531093283840348
151 121 3 0.433198503642512 0.029871072830872314
152 121 3 0.44627766853878709 0.030098563499399378
153 121 3 0.45884392195358403 0.030178915402721107
154 121 3 0.47089894845298491 0.030125298855493698
155 121 3 0.48249046946962915 0.029991593647507475
156 121 3 0.49369191492049852 0.029846105723806471
157 121 3 0.50457663390436547 0.029742406317252557
158 121 3 0.51520217588505168 0.029699548181603475
159 121 3 0.5256186441632722 0.029733906810802457
160 121 3 0.53588225699386305 0.029993268639719295
161 121 3 0.54596317278556161 0.030629078665432852
162 121 3 0.55562056998430365 0.031567239079242748
163 121 3 0.56438222644326452 0.031796977602432386
164 121 3 0.57228309097918562 0.032341883742382671
165 121 3 0.5789564315526029 0.031924213178656347
166 121 3 0.58463811727036596 0.031116147790401949
167 121 3 0.58972962554332009 0.030357541321382797
168 121 3 0.59455500122725258 0.029908756217460031
169 121 3 0.59922138101252409 0.029568121146149706
170 121 3 0.60414728868500056 0.029523572301931034
171 121 3 0.60999673196910498 0.030235285273135348
172 121 3 0.61713419998778407 0.035982096884293435
173 121 3 0.62047816162225311 0.032638135249824396
174 121 3 0.62304608337817802 0.032779624422683562
175 121 3 0.62452063233599453 0.031334666234806408
176 121 3 0.62590019577533673 0.031790346497855615
177 121 3 0.62661276185247816 0.031077780420714185
178 121 3 0.62712351887246243 0.03118621064418714
179 121 3 0.62725545617576728 0.031054273340882288
180 121 3 0.62707415186135507 0.030913830435142731
181 121 3 0.62669600530804248 0.031291976988455317
182 121 3 0.62585686908102867 0.031015515703313734
183 121 3 0.62488341580917328 0.031988968975169119
184 121 3 0.62309590775293067 0.031319649991232157
185 121 3 0.62135185431218254 0.032896147845984713
186 121 3 0.61843594629502752 0.032605330390293674
187 121 3 0.6148093598467983 0.036231916838522893
188 121 3 0.6072398166291888 0.030310549063289782
189 121 3 0.6009391805695018 0.029592609688569804
190 121 3 0.59553934427439437 0.029645181415670518
191 121 3 0.59034346040366126 0.030066062625462853
192 121 3 0.5849118471102015 0.030474482185969487
193 121 3 0.57916420722362127 0.031270859318000999
194 121 3 0.57273910908618186 0.032139876467320083
195 121 3 0.56517128649538173 0.032562304153244792
196 121 3 0.55617904674604568 0.03186897767318897
197 121 3 0.54617009735540301 0.031508328014730691
198 121 3 0.53509688574514513 0.030273506121884064
199 121 3 0.52352258559112397 0.02934899698569049
200 121 3 0.5117576045850214 0.028882842244102536
201 121 3 0.49983639456406848 0.028657447179100459
202 121 3 0.48769388104212402 0.028463079798676405
203 121 3 0.47529805545669807 0.028273036626037584
204 121 3 0.46264273670167644 0.028096702923753825
205 121 3 0.44972611337724427 0.027933228877483451
206 121 3 0.43654140314022466 0.027764546542981272
207 121 3 0.42307988704999788 0.027569197159120484
208 121 3 0.40933587969000712 0.027331476035586999
209 121 3 0.39530988678120166 0.027052618979565179
210 121 3 0.38100387319526163 0.026742921752887949
211 121 3 0.36641546784608359 0.026413365721129234
212 121 3 0.3515358918774355 0.026072029933747354
213 121 3 0.33635221505669738 0.025723256754087043
214 121 3 0.3208527718233059 0.025366966062346785
215 121 3 0.3050328178442146 0.024997504519696512
216 121 3 0.28889392423549931 0.024605192817035382
217 121 3 0.27243289551603744 0.024183657104845546
218 121 3 0.25562754851368236 0.023739035981472201
219 121 3 0.23843739061742136 0.023289101635048381
220 121 3 0.2208139595517479 0.022857354500935928
221 121 3 0.20264663950037212 0.025276032328558296
224 121 3 0.16728268221458112 0.016138646654398597
225 121 3 0.15822224606565735 0.024176491303980335
128 122 3 0.1367501274233755 0.01408131066088987
129 122 3 0.14675085638423296 0.015518042684395772
130 122 3 0.15707103501383315 0.018115498114511713
131 122 3 0.16595012404675621 0.025546289359172497
132 122 3 0.17875161183710173 0.02211631819305851
133 122 3 0.19127916930062483 0.023383014354523252
134 122 3 0.20400035716843345 0.025522725055039247
135 122 3 0.21780173680470385 0.026824506568251527
136 122 3 0.2331409575443664 0.026110055527069187
137 122 3 0.24919805940421494 0.025410583435989703
138 122 3 0.26536580675573579 0.025285494932883179
139 122 3 0.28140338506458573 0.02544186449965824
140 122 3 0.29727789577411934 0.025702029786911662
141 122 3 0.31299950386784736 0.02602799098596148
142 122 3 0.32859319707169504 0.026392955217948266
143 122 3 0.34409062019593972 0.026775102040801635
144 122 3 0.35951317034743385 0.027162648388989297
145 122 3 0.37485961223360592 0.027557847151213566
146 122 3 0.39010838674638099 0.027971295097644289
147 122 3 0.40522362362273295 0.02841386062600304
148 122 3 0.42015634162602861 0.028891216646472595
149 122 3 0.43483990213366108 0.029399093712339008
150 122 3 0.4491832118997503 0.029913179608151597
151 122 3 0.46306957647338431 0.030371985547497815
152 122 3 0.47637623203818646 0.03067604329876672
153 122 3 0.48902283735630514 0.03073795257813261
154 122 3 0.50102424730847861 0.030579329505911357
155 122 3 0.51248206311713662 0.030300636897758082
156 122 3 0.52353802064430499 0.030025090754296824
157 122 3 0.53431904022161802 0.029841728976341519
158 122 3 0.54490172406665516 0.029729388012299074
159 122 3 0.55535255097407465 0.029733906810802457
160 122 3 0.56587552563358234 0.029993268639719295
161 122 3 0.57659225145099446 0.03063923382065481
162 122 3 0.5871878090635464 0.033057380927247748
163 122 3 0.59617920404569691 0.032226029025048564
164 122 3 0.60462497472156829 0.034413014738616798
165 122 3 0.61088064473125925 0.033185518505587264
166 122 3 0.61575426506076791 0.031534740358017177
167 122 3 0.62008716686470289 0.030357541321382797
168 122 3 0.62446375744471261 0.030211965057980961
169 122 3 0.62841254896076737 0.02919116794824328
170 122 3 0.63262850604193888 0.028481217356938315
171 122 3 0.63882351787090597 0.028826785901800989
172 122 2 0.65311629687207751 0.035062508080053623
174 122 2 0.65582570780086158 0.03235309715126955
176 122 2 0.65769054227319235 0.03214383870460058
178 122 2 0.65830972951664957 0.03152465146114336
180 122 2 0.6579879822964978 0.031360666454889108
182 122 2 0.6568723847843424 0.032476263967044505
184 122 2 0.65424800215816725 0.032074774992956634
186 122 2 0.65104127668532119 0.035281500465802695
188 122 3 0.63616188708204013 0.028922070452851334
189 122 3 0.62951321573546648 0.028574035165964684
190 122 3 0.6248643398707685 0.029324995596374137
191 122 3 0.62040952302912411 0.030511171413436733
192 122 3 0.61538632929617099 0.030474482185969487
193 122 3 0.61043506654162227 0.031755262740265522
194 122 3 0.60487898555350195 0.0336103606439212
195 122 3 0.59773359064862652 0.034985681834201809
196 122 3 0.58804802441923465 0.032438975084086219
197 122 3 0.5776784253701337 0.033335679373059146
198 122 3 0.5653703918670292 0.030356702420482051
199 122 3 0.55287158257681446 0.02934899698569049
200 122 3 0.54064044682912393 0.028882842244102536
201 122 3 0.52849384174316894 0.028750642039579222
202 122 3 0.51615696084080043 0.028618497951698907
203 122 3 0.50357109208273565 0.028428831811834643
204 122 3 0.49073943962543026 0.028258809356256076
205 122 3 0.47765934225472773 0.028123904994627802
206 122 3 0.46430594968320593 0.027989195930721966
207 122 3 0.45064908420911837 0.027819116705306568
208 122 3 0.43666735572559412 0.02758362439649148
209 122 3 0.42236250576076684 0.027296566552539536
210 122 3 0.40774679494814958 0.026982404582733266
211 122 3 0.39282883356721282 0.026657776777257669
212 122 3 0.37760792181118286 0.026329339975786681
213 122 3 0.36207547181078442 0.025996708334335594
214 122 3 0.34621973788565269 0.025655298855464304
215 122 3 0.33003032236391111 0.025298519290900268
216 122 3 0.31349911705253469 0.024920442836323109
217 122 3 0.29661655262088299 0.024519711975640179
218 122 3 0.27936658449515456 0.02410266985188031
219 122 3 0.26172649225246974 0.023682659924136484
220 122 3 0.24367131405268383 0.023277167511767394
221 122 3 0.22517986801525888 0.022906385817202612
222 122 3 0.20630399823751297 0.028933391065699143
223 122 3 0.1938208697844927 0.016450262612678873
224 122 2 0.18239873736963769 0.022137182988161502
226 122 2 0.16079531123811078 0.025017866125698618
128 123 3 0.14636077631327465 0.023691959550789024
129 123 3 0.16195948190988887 0.017586082107330731
130 123 3 0.17518653312834487 0.018952473022472854
131 123 3 0.18757877058472458 0.021628646537968366
132 123 3 0.20086793003016024 0.02211631819305851
133 123 3 0.21446626966404667 0.023187100363421836
134 123 3 0.22843705950084511 0.024436702332411658
135 123 3 0.24307871841688469 0.025276981612180838
136 123 3 0.25851916321047913 0.025378205666112735
137 123 3 0.27447953845799322 0.025281479053778283
138 123 3 0.29065130168861897 0.025285494932883179
139 123 3 0.30684524956424397 0.025466498332255671
140 123 3 0.322979925561031 0.025749958289634278
141 123 3 0.33902749485380884 0.026073203377520227
142 123 3 0.35498615228964331 0.026423841858894515
143 123 3 0.37086572223674136 0.026791890901377124
144 123 3 0.38667581873642315 0.027173951359453719
145 123 3 0.40241745938481949 0.02757565978962806
146 123 3 0.41807968184402527 0.028009676078822821
147 123 3 0.43363748424873599 0.028491143040260569
148 123 3 0.4490475582725012 0.02903503954324449
149 123 3 0.46423899584600009 0.029654014316036981
150 123 3 0.4790963915079019 0.030342068705719261
151 123 3 0.49344156202088213 0.031019035983099241
152 123 3 0.50705227533695318 0.031486972107910294
153 123 3 0.51976078993443775 0.031508802796947233
154 123 3 0.53160357681438997 0.031144753535194192
155 123 3 0.5427827000148947 0.030597935101560503
156 123 3 0.55356311139860181 0.030103369795615342
157 123 3 0.56416076919795954 0.029861560219303973
158 123 3 0.57463111207895423 0.02981106009602541
159 123 3 0.58490932627349113 0.029556775299416471
160 123 3 0.59556707222360838 0.029691546590026041
161 123 3 0.60723148527164927 0.03063923382065481
162 123 3 0.62024518999079414 0.03778763662959661
163 123 3 0.62840523307074547 0.032226029025048564
164 123 3 0.63903798946018509 0.039888857772960584
165 123 3 0.64406616323684651 0.034860683996299158
166 123 3 0.64728900541878509 0.031637841814360579
167 123 3 0.65027766664513054 0.030190499780427649
168 123 3 0.65467572250269357 0.031941734667279231
169 123 3 0.65721084449662137 0.029406612673351429
170 123 3 0.65900376956380757 0.027613687606165227
171 123 3 0.65942388522986994 0.027193571940102856
188 123 3 0.65672547280854632 0.02687807821725674
189 123 3 0.65596158483512712 0.027641966190675937
190 123 3 0.65387073395549467 0.029732817070308393
191 123 3 0.65092069444256084 0.032682856583242215
192 123 3 0.64566705062826968 0.030280721332098692
193 123 3 0.6421903292818878 0.031850112216644244
194 123 3 0.63848934619742315 0.035551095301108893
195 123 3 0.63271927248282833 0.041321169015703707
196 123 3 0.62048699950332087 0.032438975084086219
197 123 3 0.61101410474319284 0.039029261998594467
198 123 3 0.59572709428751125 0.030356702420482051
199 123 3 0.58184888487478204 0.028977302297967578
200 123 3 0.5693382195988167 0.028697772769692764
201 123 3 0.55724448378274816 0.029020707827446701
202 123 3 0.54477545879249933 0.028823334925583532
203 123 3 0.53199992389457029 0.028556935893418789
204 123 3 0.51899824898168634 0.028377800806174469
205 123 3 0.50578324724935553 0.028306429730542759
206 123 3 0.4922951456139279 0.028241300363857913
207 123 3 0.47846820091442493 0.028126585426777539
208 123 3 0.4642509801220856 0.027879544378997256
209 123 3 0.44965907231330637 0.027559909196828714
210 123 3 0.43472919953088285 0.02722473697936828
211 123 3 0.41948661034447049 0.026898476562369378
212 123 3 0.40393726178696954 0.026583421937837026
213 123 3 0.38807218014512002 0.026271613651317693
214 123 3 0.37187503674111699 0.025951779233251093
215 123 3 0.35532884165481138 0.025613714693659306
216 123 3 0.3384195598888578 0.025251343555245109
217 123 3 0.32113626459652317 0.024865193657029272
218 123 3 0.30346925434703487 0.024462511299163991
219 123 3 0.28540915217660623 0.02405506603838653
220 123 3 0.26694848156445122 0.023655757365294627
221 123 3 0.2480862538324615 0.023274075685290024
222 123 3 0.22883867089324519 0.022905834615188275
223 123 3 0.20920766513780087 0.026808927768163182
120 124 1 0.12266881676248563 0.019747066009793465
124 124 2 0.13412565922489339 0.011483692280221142
126 124 3 0.139228571244983 0.016559754482497371
127 124 3 0.14814168921697307 0.025472872454487441
128 124 3 0.16407475389655907 0.018181410679841026
129 124 3 0.17954556401721961 0.018464366845718311
130 124 3 0.19413900615081772 0.019372577101258726
131 124 3 0.2083092256734162 0.020730455088691618
132 124 3 0.22267010470236739 0.021802174672207159
133 124 3 0.2372721661003151 0.02280589643626843
134 124 3 0.25219023683323655 0.023753177332391434
135 124 3 0.26754016284537996 0.024461444428495266
136 124 3 0.28335636376837331 0.024837200557894179
137 124 3 0.29952408104458889 0.025044542586595664
138 124 3 0.31588452481069051 0.025233223122071546
139 124 3 0.33231174789649964 0.025466498332255671
140 124 3 0.34872988385066528 0.025750843300325399
141 124 3 0.36510069823132907 0.026083666091576141
142 124 3 0.38140999414853782 0.026429856523545514
143 124 3 0.39765761313811848 0.026791890901377124
144 124 3 0.41384977009587687 0.027173951359453719
145 124 3 0.42999311917444755 0.02757565978962806
146 124 3 0.4460893579228481 0.028009676078822821
147 124 3 0.46212862728899656 0.028497925005368852
148 124 3 0.47808259781574569 0.029095555189029065
149 124 3 0.49389301016203707 0.029831447197074812
150 124 3 0.50943846021362116 0.030773438332880487
151 124 3 0.52446059800398137 0.031866315952634561
152 124 3 0.53853924744486348 0.032735069431518826
153 124 3 0.55126959273138498 0.032656587895541267
154 124 3 0.56274833034958416 0.031884103532964225
155 124 3 0.57338063511645521 0.030834291089126387
156 124 3 0.58366648119421716 0.030103369795615342
157 124 3 0.59402232941726352 0.029861560219303973
158 124 3 0.60444217217497964 0.030580955436945612
159 124 3 0.61397319511714243 0.029063868843651308
160 124 3 0.62413555147391142 0.028568479250303036
161 124 3 0.63640171589078653 0.029170230619137261
162 124 2 0.65803282662039075 0.033707615089620946
164 124 1 0.67892684723314567 0.03375914104290878
168 124 1 0.6866174571699728 0.032892543625790416
172 124 1 0.68817880495213113 0.033707802615661642
176 124 1 0.68983438097779293 0.031834245082871915
180 124 1 0.68934864875138691 0.032171998335849716
184 124 1 0.68632277715112389 0.033678137729379665
188 124 1 0.68360355102580306 0.033818621959507689
192 124 1 0.67404044149853204 0.034273941850929801
196 124 2 0.65004336674178731 0.034292814618530398
198 124 3 0.62455881287822601 0.028831718590714761
199 124 3 0.60934641183332361 0.027497526958541574
200 124 3 0.59751039514207072 0.028172175543254019
201 124 3 0.58626519161019486 0.030328454010098427
202 124 3 0.57359879371808287 0.029089030410419658
203 124 3 0.56055685978798908 0.028589685616093652
204 124 3 0.54737604978786081 0.028380990667721817
205 124 3 0.53408967697989829 0.028474697644760627
206 124 3 0.52053644597778581 0.028534996153167902
207 124 3 0.50659478634120247 0.02855842117738594
208 124 3 0.49213052450108286 0.028240172351453818
209 124 3 0.47721898151013509 0.027830996527481444
210 124 3 0.46195393651025113 0.027450463677023029
211 124 3 0.44638508690683987 0.027120372825671202
212 124 3 0.43052068372480656 0.026826753083481092
213 124 3 0.41434379379643771 0.026547133230018227
214 124 3 0.39782681597436809 0.02625917304125075
215 124 3 0.38094255634847068 0.025946000655467927
216 124 3 0.36367090344410291 0.025598914850035237
217 124 3 0.34600145825355244 0.025220214544253217
218 124 3 0.32793176564619886 0.024820242391206893
219 124 3 0.30946421821499276 0.02441258410695657
220 124 3 0.29060423892974585 0.024010088799616913
221 124 3 0.27136032951775152 0.023621809089468759
222 124 3 0.25174450550843347 0.023250221717157848
223 124 3 0.23176562959267147 0.022892091209100379
224 124 3 0.21143957485827106 0.02904083748863337
225 124 3 0.19763226585732732 0.015233528487689635
226 124 2 0.18390082138753425 0.023233653401556892
228 124 2 0.16246568467490732 0.026688239562495164
230 124 2 0.14348718349344916 0.021946010676268266
126 125 3 0.15199013176524606 0.017864472540352672
127 125 3 0.16660417053118703 0.018462481314213963
128 125 3 0.18225616457640009 0.018181410679841026
129 125 3 0.19800993086293792 0.018712263911491306
130 125 3 0.21351158325207645 0.019535324198906134
131 125 3 0.22884196890613243 0.020532743232716227
132 125 3 0.24422004479885792 0.021549940096490527
133 125 3 0.25974692353154366 0.022474757431228565
134 125 3 0.27549225522942916 0.023302018396192614
135 125 3 0.29151172735070985 0.02397156450532989
136 125 3 0.30781400551591914 0.024457641747545833
137 125 3 0.3243433134586316 0.024819232414042713
138 125 3 0.34101378430337914 0.025129259492688627
139 125 3 0.35774552428503331 0.025433776388533669
140 125 3 0.37448072715099068 0.025750843300325399
141 125 3 0.39118436432290521 0.026083666091576141
142 125 3 0.40783985067208334 0.026429856523545514
143 125 3 0.42444471043557097 0.026787097297452489
144 125 3 0.44100769214130375 0.027157922045426885
145 125 3 0.45754648088958971 0.027553361715142166
146 125 3 0.47408203402619892 0.027992676103350822
147 125 3 0.49062655229436541 0.028497925005368852
148 125 3 0.50717815300477476 0.029095555189029065
149 125 3 0.52372445735911188 0.029831447197074812
150 125 3 0.54021189854650165 0.031045185797437869
151 125 3 0.55632691395661593 0.032928671390668018
152 125 3 0.5712743168763823 0.03492110412372007
153 125 3 0.58392618062692625 0.034489098859391443
154 125 3 0.59463243388254838 0.032891722959412673
155 125 3 0.60421492620558159 0.030926020947520394
156 125 3 0.61358682473852644 0.02992034354430928
157 125 3 0.6237039297847069 0.029681600367443384
158 125 3 0.63502312761192525 0.034511565440715208
159 125 3 0.64228410006423209 0.028310904947089655
160 125 3 0.65047570783840403 0.028796468623972227
161 125 3 0.65607900374880224 0.023193172713574017
198 125 3 0.6429940197558075 0.020902763481262632
199 125 3 0.63334752809764161 0.024001116264318001
200 125 3 0.62497510507774034 0.027464709935669629
201 125 3 0.61659364562029328 0.035730766955520243
202 125 3 0.60268782412850253 0.029089030410419658
203 125 3 0.58914654540408273 0.028589685616093652
204 125 3 0.57575704045558262 0.028380990667721817
205 125 3 0.56256437462465891 0.028668304889458152
206 125 3 0.54907144213095371 0.02885748131012067
207 125 3 0.53515320751858841 0.029323842133699207
208 125 3 0.52037069685253667 0.028683731471657814
209 125 3 0.50504997803761653 0.02806556392879378
210 125 3 0.48940440018727416 0.027617982427559973
211 125 3 0.47350545973251107 0.027298128962339019
212 125 3 0.45734743680828766 0.027048502159825349
213 125 3 0.44089092702645594 0.026823494106662293
214 125 3 0.42408598901561884 0.026584365819322997
215 125 3 0.40688855700393861 0.02630488009249482
216 125 3 0.38926981829413815 0.025970883940115652
217 125 3 0.37122167279780566 0.025589403134766209
218 125 3 0.35275200803740575 0.025178674440835547
219 125 3 0.33387680232194933 0.024758075572423266
220 125 3 0.31461432772936276 0.024343461487901341
221 125 3 0.29498213860722028 0.023946223762208063
222 125 3 0.27499472722559132 0.023574637635003004
223 125 3 0.25465772080177185 0.023239028965199582
224 125 3 0.23395431813323445 0.022965559667707497
225 125 3 0.21278645736755911 0.02888563598002486
124 126 3 0.139228571244983 0.016559754482497371
125 126 3 0.15199013176524606 0.017864472540352672
126 126 3 0.16801062802838232 0.016022535771381297
127 126 3 0.18403316379976362 0.017428993268576581
128 126 3 0.200335946736656 0.018079782160255908
129 126 3 0.21672219477442922 0.018764371630855148
130 126 3 0.23304690745098258 0.019578736592306994
131 126 3 0.24931423438176789 0.020472265475635465
132 126 3 0.26560410194504513 0.021384057146187213
133 126 3 0.28198180399698147 0.022234880465437812
134 126 3 0.29849429604612504 0.023002040816695879
135 126 3 0.31517015188965319 0.023658424538943346
136 126 3 0.3320097016148939 0.024195696098974762
137 126 3 0.34898181605014011 0.024638502591508515
138 126 3 0.36603751188528583 0.025023727581906685
139 126 3 0.38312685694453569 0.025381332659502376
140 126 3 0.40020943146105747 0.025728704310066797
141 126 3 0.41725775707523272 0.026073392752327507
142 126 3 0.43425719950857133 0.026417348836487997
143 126 3 0.45120585183627726 0.02676114140070629
144 126 3 0.46811728183465701 0.027109589693353253
145 126 3 0.48502586523576752 0.027479384346177804
146 126 3 0.50198384244676331 0.027901808420564389
147 126 3 0.51903079773302274 0.028404245438657327
148 126 3 0.53618770874335453 0.029009555738579773
149 126 3 0.55351877299598296 0.029794315636871072
150 126 3 0.57125708434393951 0.031045185797437869
151 126 3 0.58925558534728395 0.033872723881766875
152 126 3 0.60619542100010237 0.039521652828929832
153 126 3 0.61841527948631769 0.037477178018684221
154 126 3 0.62752415684196106 0.034258319221355693
155 126 3 0.63514094715310199 0.030926020947520394
156 126 3 0.6426404354789168 0.029053610740390368
157 126 3 0.65205903720500247 0.028355107420295567
158 126 2 0.66953469305264046 0.030881079214561735
160 126 2 0.67927217646237625 0.032341409520471154
162 126 2 0.68210233896212391 0.029511247020723497
196 126 2 0.67607963145969363 0.031435608286063177
198 126 3 0.66389678323707013 0.020902763481262632
199 126 3 0.65594774301279957 0.022600214915157957
200 126 2 0.65232441257581353 0.031540037226796769
202 126 3 0.6312942226774565 0.028606398548953971
203 126 3 0.61747022532560059 0.028323679921517853
204 126 3 0.60383077461490664 0.028073734159324015
205 126 3 0.59123267951411707 0.029259177029165029
206 126 3 0.57792892344107438 0.028894601066704051
207 126 3 0.56447704965228762 0.03118742252116069
208 126 3 0.54905442832419449 0.029097219251665973
209 126 3 0.53311554196641031 0.028121594996624033
210 126 3 0.51702238261483413 0.027649952557802671
211 126 3 0.50080358869485009 0.027397931517658014
212 126 3 0.484395938968113 0.027237979552362679
213 126 3 0.46771442113311823 0.027106389562413569
214 126 3 0.45067035483494183 0.026942401980043273
215 126 3 0.43319343709643343 0.026710839284002974
216 126 3 0.4152407022342538 0.026383006222399807
217 126 3 0.39681107593257187 0.025980621205250076
218 126 3 0.3779306824782413 0.025539879977949598
219 126 3 0.35863487789437259 0.025090610451528994
220 126 3 0.3389577892172641 0.024652609532325565
221 126 3 0.31892836236942834 0.024238257392983131
222 126 3 0.29856936486059432 0.023856458335304087
223 126 3 0.27789674976697143 0.023517311050961109
224 126 3 0.25691987780094194 0.023237769244836448
225 126 3 0.23565072214172972 0.023044791280895038
226 126 3 0.21418694087927631 0.030286119491742064
227 126 3 0.20008200869890597 0.01618118731137172
228 126 2 0.18672272716069441 0.024257042485787084
230 126 3 0.16235910453993455 0.024363622620759862
231 126 3 0.14606259187535503 0.024521419058174135
124 127 3 0.14814168921697307 0.025472872454487441
125 127 3 0.16660417053118703 0.018462481314213963
126 127 3 0.18403316379976362 0.017428993268576581
127 127 3 0.20118155451383871 0.01714839071407509
128 127 3 0.21832738845793206 0.017991441721276064
129 127 3 0.23548656640528437 0.018769809604940568
130 127 3 0.25262564404328958 0.019578736592306994
131 127 3 0.26974544535756767 0.02043121097579978
132 127 3 0.28687725381208529 0.021273151867040152
133 127 3 0.3040542331726912 0.022072429175709729
134 127 3 0.32130067568341591 0.022806379637290874
135 127 3 0.33862789648448605 0.023457744594832852
136 127 3 0.35603110637842694 0.024021404763533039
137 127 3 0.37349022745165023 0.024508411401510111
138 127 3 0.39097626881626596 0.024938756930980133
139 127 3 0.40845881293860475 0.025331955994069066
140 127 3 0.42591140919292797 0.025701977731870496
141 127 3 0.44331423480566684 0.026056477730434124
142 127 3 0.46065472752857778 0.026397528020006444
143 127 3 0.4779288028044294 0.026722950968152137
144 127 3 0.49514951090076459 0.027032229066107583
145 127 3 0.51237085204709487 0.027344986811327354
146 127 3 0.52970685603092904 0.027723013584165734
147 127 3 0.5472304302140476 0.028199632481024861
148 127 3 0.56492358048508151 0.028735871741726982
149 127 3 0.58280138629948786 0.029282613303504901
150 127 3 0.60193258383099668 0.030675499487057167
151 127 3 0.62312830922905083 0.033872723881766875
152 127 3 0.64571707382903221 0.051804369565266128
153 127 3 0.65589245750500191 0.041628985889296422
154 127 3 0.66178247606331675 0.035738967330981586
155 127 3 0.66605661496766499 0.03146482842663334
156 127 3 0.66964514712548107 0.027876296268817269
157 127 3 0.67222462932657379 0.025296814067724549
198 127 3 0.68043021866638709 0.02708502107936972
199 127 3 0.67408900359512069 0.033426236150636113
202 127 3 0.65256822305984941 0.028466698555972392
203 127 3 0.64548709127840753 0.035547830337414266
204 127 3 0.63074477373375837 0.026913999118851728
205 127 3 0.62049185654328209 0.032551501050824383
206 127 3 0.60682352450777843 0.028894601066704051
207 127 3 0.59566447217344831 0.037425180851676232
208 127 3 0.57815164757586046 0.029097219251665973
209 127 3 0.56123713696303434 0.028121594996624033
210 127 3 0.5446723351726368 0.027649952557802671
211 127 3 0.5282015202125081 0.027397931517658014
212 127 3 0.51163391852047568 0.027391381277183657
213 127 3 0.4948208106955318 0.02741400928008314
214 127 3 0.47761275681498511 0.027360389808854968
215 127 3 0.45990427638043641 0.027205514809522768
216 127 3 0.44162370845665361 0.026862223547180875
217 127 3 0.42279169713782194 0.026402857236522914
218 127 3 0.4034705624561909 0.025902405487991498
219 127 3 0.38372548834590159 0.025404801090700035
220 127 3 0.36361039874958967 0.024931162972447907
221 127 3 0.34316661976241147 0.02449091547141613
222 127 3 0.32242582319589841 0.024088919093910199
223 127 3 0.30141406081793254 0.023729381823932749
224 127 3 0.28015764704577839 0.02341689472106856
225 127 3 0.25869551342262476 0.023151479921339202
226 127 3 0.23710613303615655 0.022919192156880236
227 127 3 0.21551342104179175 0.02879069388109734
230 127 3 0.17317028509718604 0.016296512664579488
231 127 3 0.15687377243260656 0.035332599615425661
0 128 0 0.003215329175409952 0.00053466550621717162
8 128 0 0.0037499946816271237 0.0011143022750603362
16 128 0 0.0048642969566874599 0.0017826083472038522
24 128 0 0.0066469053038913121 0.0025805348561376085
32 128 0 0.0092274401600289206 0.0035444757703176934
40 128 0 0.012771915930346614 0.0047040997799359906
48 128 0 0.017476015710282605 0.0060799374761087051
56 128 0 0.02355595318639131 0.0076809304527952413
64 128 0 0.031236883639186551 0.0095020665737216778
72 128 0 0.040738950212908229 0.011521624463081727
80 128 0 0.052260574675989956 0.013695625145172551
88 128 0 0.065956199821162506 0.015943224059742134
96 128 0 0.08189942388090464 0.018122847555297514
104 128 0 0.10002227143620215 0.020143202969252025
112 128 0 0.12016547440545418 0.022387877723433078
120 128 2 0.13123281369983719 0.011067339294383013
122 128 3 0.1367501274233755 0.01408131066088987
123 128 3 0.14636077631327465 0.023691959550789024
124 128 3 0.16407475389655907 0.018181410679841026
125 128 3 0.18225616457640009 0.018181410679841026
126 128 3 0.20033594673665603 0.018079782160255936
127 128 3 0.21832738845793206 0.017991441721276036
128 128 3 0.23629560493997681 0.017968216482044747
129 128 3 0.25425637601022494 0.018769809604940568
130 128 3 0.27220420931778211 0.019578565274492532
131 128 3 0.29014041192671397 0.0203949665691463
132 128 3 0.30807619536083836 0.02119894154875307
133 128 3 0.32602333664517874 0.021969103472487539
134 128 3 0.34398756443081568 0.022686888747399769
135 128 3 0.36196606011702909 0.023338163632543041
136 128 3 0.3799481016773561 0.023916995298929156
137 128 3 0.39791829293575692 0.024428065484106698
138 128 3 0.41586015770133961 0.024883888885073646
139 128 3 0.43375740846240929 0.025298595523804535
140 128 3 0.45159491058147677 0.025683501388548802
141 128 3 0.46935987012209296 0.026049324929297846
142 128 3 0.48704058358551616 0.026399448656964308
143 128 3 0.50462213314248439 0.026713219234233865
144 128 3 0.5220932330460557 0.026943722145291116
145 128 3 0.53950841341418065 0.027137561367085783
146 128 3 0.55714461331145571 0.027437757280526665
147 128 3 0.57515782185891584 0.027927391644868238
148 128 3 0.59336710361822997 0.029186299083009848
149 128 3 0.61071783289522452 0.027916446595736666
150 128 3 0.63042534126546024 0.028492757434463556
151 128 3 0.65548375289307148 0.042037690501226854
152 128 0 0.69752144339429833 0.033722970279004283
160 128 0 0.71161358598284741 0.031806533510149615
168 128 0 0.71951000079576322 0.03211186973471114
176 128 0 0.72152064708723662 0.031929132222646817
184 128 0 0.71742217298531075 0.032459008896847164
192 128 0 0.70751523974575681 0.032160208348878894
200 128 1 0.6810349216158218 0.030358886743350744
204 128 2 0.65304335759410648 0.027991564021715321
206 128 2 0.63308965302512454 0.031845654684511171
208 128 3 0.60653952440166126 0.028387876825800795
209 128 3 0.58890280922494176 0.027665672261907415
210 128 3 0.57212680064762755 0.027454465474990752
211 128 3 0.55559942339595125 0.027397903183443151
212 128 3 0.53902529979765934 0.027507869725228118
213 128 3 0.52223481997561494 0.027790109247379235
214 128 3 0.50497314662384007 0.02787188408451502
215 128 3 0.48710979118995917 0.027880904752408509
216 128 3 0.46848593200383448 0.027449915216770593
217 128 3 0.44919455437434486 0.026858712509325811
218 128 3 0.42937296794418239 0.02625476400516219
219 128 3 0.40913028943660162 0.025687851906199766
220 128 3 0.38854156172203758 0.025169291858973597
221 128 3 0.3676575352338276 0.024698418895030327
222 128 3 0.34651474228980861 0.024272136997832816
223 128 3 0.32514344264186529 0.023887726628111838
224 128 3 0.30357454176684695 0.023542366900952183
225 128 3 0.28184699334396396 0.023229705508813869
226 128 3 0.26001416189752741 0.02293406606797227
227 128 3 0.23813437468303597 0.022632796681665096
228 128 3 0.21622796827839982 0.029505241117705416
229 128 3 0.20149457656686637 0.014799615016967055
230 128 2 0.18672890490132513 0.022165479174024755
232 128 3 0.15662551923283449 0.035084346415653597
233 128 3 0.14561875412821085 0.024077581311029952
234 128 2 0.14270489948630549 0.021163726669124597
236 128 1 0.13461869027182594 0.018167516572904066
240 128 0 0.11645117369892187 0.021491754093766871
248 128 0 0.096178336283396212 0.020272837415525657
256 128 0 0.078396637813577447 0.017781698469818766
264 128 0 0.062917685329272013 0.015478952484305433
272 128 0 0.049689010822501052 0.013228674506770961
280 128 0 0.038599517553158894 0.011089493269342159
288 128 0 0.029481909586993194 0.0091176079661656993
296 128 0 0.022131179377394148 0.0073507302095990462
304 128 0 0.016321674619749735 0.0058095047576444125
312 128 0 0.011821937020531222 0.0044997375992185135
320 128 0 0.0084071027531474607 0.0034148342673837612
328 128 0 0.0058684720056600909 0.0025386307474873698
336 128 0 0.0040200202870912206 0.0018484517185688703
344 128 0 0.0027019354863341721 0.0013180848007570485
352 128 0 0.0017815527855461789 0.00092038270078799314
360 128 0 0.0011522491227037835 0.00062930366284239545
368 128 0 0.00073093310658899123 0.00042131601611479226
376 128 0 0.00045474060722375394 0.00027619249936523729
384 128 0 0.00027745137047179203 0.00017728923675196191
392 128 0 0.00016601192357784415 0.00011143944689394789
400 128 0 9.7414247951943401e-05 6.8597675625900746e-05
408 128 0 5.6059153857314496e-05 4.1355094094628905e-05
416 128 0 3.1639480539813528e-05 2.4419673317500968e-05
424 128 0 1.7514427910430219e-05 1.4125052629383308e-05
432 128 0 9.5099445332120605e-06 8.0044833772181588e-06
440 128 0 5.0653932817595864e-06 4.4445512514524741e-06
448 128 0 2.6469498667329337e-06 2.4184434150266528e-06
456 128 0 1.3571572402302833e-06 1.2897926265026504e-06
464 128 0 6.82892973211142e-07 6.7426426701914127e-07
472 128 0 3.3739383311039747e-07 3.4549914010074453e-07
480 128 0 1.6400938980776014e-07 1.7338444330263733e-07
488 128 0 7.9181707778658327e-08 8.482768202910181e-08
496 128 0 3.9634544366659173e-08 3.9547163411999154e-08
504 128 0 2.4161848203975502e-08 1.547269616268367e-08
122 129 3 0.14675085638423296 0.015518042684395772
123 129 3 0.16195948190988887 0.017586082107330731
124 129 3 0.17954556401721961 0.018464366845718283
125 129 3 0.19800993086293789 0.018712263911491334
126 129 3 0.21672219477442922 0.01876437163085512
127 129 3 0.23548656640528434 0.018769809604940596
128 129 3 0.25425637601022494 0.018769809604940596
129 129 3 0.27301921547616853 0.018762839465943593
130 129 3 0.29176947462385355 0.019565265306071444
131 129 3 0.31050583850810781 0.020365426581393842
132 129 3 0.32922878305415187 0.021152587693313518
133 129 3 0.34793530981059251 0.021911973165413767
134 129 3 0.36661508187688696 0.022627517446071277
135 129 3 0.38525050464113875 0.023291926329271018
136 129 3 0.40382169767698722 0.023890132428420974
137 129 3 0.42231435732804118 0.024412594340474658
138 129 3 0.44072325853089306 0.024877535366945758
139 129 3 0.45904528460853944 0.025302121197349758
140 129 3 0.47727543373527326 0.025694110352300736
141 129 3 0.4954091950513908 0.026064303991018001
142 129 3 0.51344003224248047 0.026441902681335172
143 129 3 0.53133535237671825 0.026848393385103031
144 129 3 0.54899735345827771 0.027135825196749619
145 129 3 0.56632448723636097 0.02681607382218032
146 129 3 0.5840998825038014 0.026955269192345699
147 129 3 0.60277854074104853 0.027620718882132689
148 129 3 0.62255340270123982 0.035233698637246458
149 129 3 0.63615679037636341 0.025438957481138891
150 129 3 0.65344088118156096 0.023015539916100725
151 129 3 0.67072647729707491 0.026794966097223427
208 129 3 0.62589490511365553 0.022337251640200173
209 129 3 0.61559371375966399 0.032638442994191719
210 129 3 0.59922334904648877 0.02709654839886122
211 129 3 0.58293949036940329 0.027350190652756012
212 129 3 0.56653316952288746 0.027507869725228118
213 129 3 0.55002492922299417 0.028358794130447951
214 129 3 0.53284503070835509 0.028448232061630052
215 129 3 0.51499069594236768 0.028988404653105149
216 129 3 0.49593584722060507 0.028190045474788483
217 129 3 0.47605326688367067 0.027319710603599723
218 129 3 0.45562773194934458 0.026562658767607106
219 129 3 0.43481814134280139 0.025915288785852197
220 129 3 0.41371085358101117 0.025352623836923049
221 129 3 0.39235595412885793 0.024854360240451179
222 129 3 0.37078687928764142 0.024406638790335611
223 129 3 0.34903116926997713 0.024000291009847852
224 129 3 0.32711690866779913 0.023628514952276969
225 129 3 0.30507669885277783 0.023284378334550049
226 129 3 0.28294822796549968 0.022959292839027201
227 129 3 0.26076717136470107 0.022646229477436663
228 129 3 0.23855155770671219 0.022350451446462277
229 129 3 0.21629419158383342 0.029565286682508296
232 129 3 0.17262117951060296 0.01599566027776847
233 129 3 0.16161441440597932 0.023904987923049625
120 130 2 0.14040383468758372 0.021106744842710939
122 130 3 0.15707103501383313 0.018115498114511741
123 130 3 0.17518653312834487 0.018952473022472827
124 130 3 0.19413900615081769 0.019372577101258753
125 130 3 0.21351158325207645 0.019535324198906134
126 130 3 0.23304690745098258 0.019578736592306994
127 130 3 0.25262564404328958 0.019578736592306994
128 130 3 0.27220420931778211 0.019578565274492532
129 130 3 0.29176947462385355 0.019565265306071444
130 130 3 0.31131821651254893 0.019548741888695376
131 130 3 0.33084900314649307 0.020343164638385258
132 130 3 0.35035684048770727 0.021128057433555392
133 130 3 0.3698278201659434 0.02190345388887649
134 130 3 0.3892354626098683 0.022663180290604878
135 130 3 0.40854243097040976 0.023366163060804246
136 130 3 0.4277118301054082 0.02397565347582703
137 130 3 0.44672695166851584 0.024479732355181194
138 130 3 0.46560079389783882 0.024925275621080156
139 130 3 0.4843474058058892 0.025341788534068654
140 130 3 0.50296954408757399 0.025722203353546136
141 130 3 0.52147349904240881 0.026064479514652517
142 130 3 0.53988193492381564 0.026447955698096992
143 130 3 0.55818374576182128 0.027094999084964599
144 130 3 0.57613317865502733 0.028523349869113868
145 130 3 0.59258421289356655 0.026259725657205579
146 130 3 0.61003874891009435 0.025938866406292949
147 130 3 0.62918460491707984 0.028602496421406443
148 130 2 0.65778710133848628 0.029551431395929861
150 130 2 0.67632205668818834 0.021199386706109991
204 130 2 0.67190119882552857 0.019727096271483613
206 130 2 0.66134748494939399 0.030280810147618187
208 130 2 0.6482321567538557 0.02748784731719589
210 130 3 0.6261164175420314 0.026893068495542627
211 130 3 0.6102896810221593 0.027657744388795313
212 130 3 0.59403528920993198 0.027502119687044524
213 130 3 0.57838372335344213 0.029686669258066289
214 130 3 0.56129326276998515 0.028565776014359057
215 130 3 0.54397910059547283 0.031426215648574174
216 130 3 0.52412589269539356 0.028994160372840638
217 130 3 0.50337297748727039 0.027659685171692816
218 130 3 0.48219039071695169 0.026753349981680552
219 130 3 0.46073343012865359 0.026050686944708856
220 130 3 0.43906347741793422 0.025464385053527772
221 130 3 0.41721031436930911 0.02495273633115308
222 130 3 0.39519351807797704 0.024492876054241997
223 130 3 0.37303146027982498 0.024071513612591411
224 130 3 0.3507454236200761 0.02368036480760416
225 130 3 0.32836107718732788 0.023313445072091155
226 130 3 0.30590752080452688 0.022966041275299165
227 130 3 0.28341340084213773 0.022646229477436663
228 130 3 0.26090200915317446 0.022511391688963267
229 130 3 0.23839306991745876 0.022508939235715703
230 130 3 0.21592055153733328 0.029191646636008151
231 130 3 0.20082798057115051 0.015308578242121562
232 130 2 0.18551940232902894 0.024428968086858904
234 130 2 0.16109043424217004 0.026471743970344103
122 131 3 0.16595012404675619 0.025546289359172469
123 131 3 0.18757877058472458 0.021628646537968393
124 131 3 0.2083092256734162 0.020730455088691618
125 131 3 0.22884196890613243 0.020532743232716227
126 131 3 0.24931423438176792 0.020472265475635493
127 131 3 0.26974544535756767 0.020431210975799752
128 131 3 0.29014041192671397 0.0203949665691463
129 131 3 0.31050583850810781 0.020365426581393842
130 131 3 0.33084900314649307 0.020343164638385258
131 131 3 0.35117371173248646 0.02032470858599339
132 131 3 0.37147485432790001 0.02111801384019274
133 131 3 0.39173127405481989 0.021933924353103817
134 131 3 0.41189864290047318 0.022756315594476717
135 131 3 0.43190859403121401 0.023527279493816444
136 131 3 0.45168748358123523 0.024159795471046408
137 131 3 0.47120668402369703 0.024598467681770653
138 131 3 0.49052606951891897 0.024994977121421402
139 131 3 0.50968919433995785 0.025410362607708348
140 131 3 0.52869174744112013 0.025781132016789776
141 131 3 0.54753797855706132 0.026064479514652517
142 131 3 0.56632989062191263 0.026447955698096992
143 131 3 0.58527874484678588 0.027094999084964599
144 131 3 0.6046565285241412 0.034713792649537778
145 131 3 0.61772488582157226 0.025140672928005703
146 131 3 0.63416578076626517 0.028598262057143886
147 131 3 0.64600806877207317 0.016823463854993337
210 131 3 0.64659587552831865 0.027361204380019322
211 131 3 0.63794742541095462 0.036009654497383359
212 131 3 0.62081910902279391 0.026783819812861931
213 131 3 0.60807039261150841 0.03502985903924094
214 131 3 0.5898590387843442 0.028565776014359057
215 131 3 0.575405316244047 0.039147603070013082
216 131 3 0.5531200530682342 0.028994160372840638
217 131 3 0.53103266265896321 0.027659685171692816
218 131 3 0.50894374069863224 0.026753349981680552
219 131 3 0.48678411707336244 0.026062345359151529
220 131 3 0.46452786247146199 0.025494285180123033
221 131 3 0.44216305070046219 0.024992265848803819
222 131 3 0.41968639413221903 0.024533692761334991
223 131 3 0.39710297389241639 0.024105724659113315
224 131 3 0.37442578842768026 0.023701304241553589
225 131 3 0.35167452225941903 0.023316424581541817
226 131 3 0.32887356207982604 0.022966041275299165
227 131 3 0.30604941742745456 0.022824144652371481
228 131 3 0.28322884909043217 0.022820568337022396
229 131 3 0.26044068263422399 0.022788166456208181
230 131 3 0.23772369955125622 0.022716983082967768
231 131 3 0.21513873760674629 0.029619335277717346
120 132 3 0.14059738638245428 0.020431911977000103
121 132 3 0.15691042682044257 0.021841185016659159
122 132 3 0.17875161183710173 0.02211631819305851
123 132 3 0.20086793003016024 0.02211631819305851
124 132 3 0.22267010470236737 0.021802174672207131
125 132 3 0.24422004479885795 0.021549940096490583
126 132 3 0.26560410194504519 0.021384057146187241
127 132 3 0.28687725381208529 0.021273151867040097
128 132 3 0.30807619536083841 0.021198941548753125
129 132 3 0.32922878305415193 0.021152587693313518
130 132 3 0.35035684048770727 0.021128057433555336
131 132 3 0.37147485432790001 0.02111801384019274
132 132 3 0.3925847318322257 0.021109877504325691
133 132 3 0.41366519840792371 0.021959848278324146
134 132 3 0.43465495849494989 0.022894437365472808
135 132 3 0.45543587352503045 0.023820179156852916
136 132 3 0.47584727905228164 0.024530932364748903
137 132 3 0.49580515170546768 0.024752388113468249
138 132 3 0.51552104664034037 0.025038708371559304
139 132 3 0.5350995569476662 0.025516336965715314
140 132 3 0.55447287945790991 0.025968586181790099
141 132 3 0.5735540301643981 0.026028274752172065
142 132 3 0.59251281699174396 0.026182926369831327
143 132 3 0.61183134079484391 0.027538980378835065
144 132 2 0.63937032117367898 0.028179614000822251
146 132 2 0.66276404282340906 0.02457448991100708
148 132 1 0.68733853273441614 0.021918282527800148
200 132 1 0.70123093659277458 0.021177617980677632
204 132 1 0.69162829509701218 0.030780259476440031
208 132 1 0.67395707990833797 0.028705176296591861
212 132 2 0.64310025165074935 0.03085682825758862
214 132 2 0.61455291931406009 0.031920741799864483
216 132 3 0.58181252325679234 0.032740396057267751
217 132 3 0.5585963394910467 0.027563676832083495
218 132 3 0.53567652774253638 0.026732787043904138
219 132 3 0.51284646243251397 0.026062345359151529
220 132 3 0.49002214765158503 0.025494285180123033
221 132 3 0.46715531654926601 0.024992265848803819
222 132 3 0.44422008689355402 0.024536963489397323
223 132 3 0.4212086985515297 0.024109573401112805
224 132 3 0.39812709266923385 0.023701304241553589
225 132 3 0.37499094684096085 0.023316424581541817
226 132 3 0.35182250634420892 0.023174499061956289
227 132 3 0.32864800728225263 0.023174499061956289
228 132 3 0.30549585764379006 0.023152149638462571
229 132 3 0.28239608464474247 0.023099772999047585
230 132 3 0.25938017163640842 0.023015913008334055
231 132 3 0.23647553976554278 0.022904631870865638
232 132 3 0.2136766747813604 0.028157272452331461
233 132 3 0.1980949901390178 0.016549271678505978
234 132 2 0.18154571846051182 0.023319077573172475
236 132 2 0.15844817254385596 0.023829482272030023
238 132 2 0.13917094968991342 0.02271977599099155
120 133 3 0.14492161868676706 0.024756144281312883
121 133 3 0.16789615494610155 0.023383014354523252
122 133 3 0.1912791693006248 0.023383014354523252
123 133 3 0.21446626966404667 0.023187100363421864
124 133 3 0.23727216610031512 0.022805896436268458
125 133 3 0.25974692353154366 0.022474757431228537
126 133 3 0.28198180399698153 0.022234880465437867
127 133 3 0.30405423317269126 0.022072429175709729
128 133 3 0.3260233366451788 0.021969103472487539
129 133 3 0.34793530981059256 0.021911973165413767
130 133 3 0.36982782016594334 0.021903453888876545
131 133 3 0.39173127405481989 0.021933924353103762
132 133 3 0.41366519840792365 0.021959848278324201
133 133 3 0.43562504668624785 0.021959848278324201
134 133 3 0.4575493958604227 0.023034920461206199
135 133 3 0.47925605268188337 0.024321313937450573
136 133 3 0.50037821141703054 0.025384407180245927
137 133 3 0.52055753981893593 0.024834417792049091
138 133 3 0.54055975501189968 0.025038708371559304
139 133 3 0.56061589391338151 0.025640440560192213
140 133 3 0.5804414656397 0.02654121949070154
141 133 3 0.59958230491657016 0.026413401728774155
142 133 3 0.61822047577595196 0.032401007314613262
143 133 3 0.63004245618971366 0.02057902690085156
216 133 3 0.60086881969732098 0.020365362253815911
217 133 3 0.58575828371973748 0.035475898231399405
218 133 3 0.56222072221899988 0.026544194476463501
219 133 3 0.53881069710436602 0.025964234671852049
220 133 3 0.51547306967579598 0.025450922024210954
221 133 3 0.49213658996043164 0.024981273411165628
222 133 3 0.46875705038295135 0.024536963489397323
223 133 3 0.44531827195264251 0.024109573401112805
224 133 3 0.42182310101899811 0.023696008349764264
225 133 3 0.39828637191194671 0.023555613525358399
226 133 3 0.37473075838658831 0.023555613525358399
227 133 3 0.35118403397898112 0.023546724407607189
228 133 3 0.32767679791699045 0.023507236061990677
229 133 3 0.3042404332193489 0.023436364697641543
230 133 3 0.28090463429360685 0.023335798925742057
231 133 3 0.2576922709760337 0.023212363317573148
232 133 3 0.23460884701250045 0.023083423963533245
233 133 3 0.21163460192835079 0.030088883467838973
120 134 3 0.15103806680000398 0.0308725923945498
121 134 3 0.17847763211339421 0.02743956531339023
122 134 3 0.20400035716843343 0.025522725055039219
123 134 3 0.22843705950084509 0.024436702332411658
124 134 3 0.25219023683323655 0.023753177332391462
125 134 3 0.27549225522942916 0.023302018396192614
126 134 3 0.29849429604612504 0.023002040816695879
127 134 3 0.32130067568341591 0.022806379637290874
128 134 3 0.34398756443081574 0.022686888747399825
129 134 3 0.36661508187688702 0.022627517446071277
130 134 3 0.3892354626098683 0.022663180290604934
131 134 3 0.41189864290047323 0.022756315594476662
132 134 3 0.43465495849494989 0.022894437365472808
133 134 3 0.4575493958604227 0.023034920461206199
134 134 3 0.4805843163216289 0.023034920461206199
135 134 3 0.50357736661933394 0.025038848236240696
136 134 3 0.52576261859727647 0.027843758094840854
137 134 3 0.54539195761098502 0.024834417792049091
138 134 3 0.56544377514785926 0.024884020135959584
139 134 3 0.58625633447357373 0.025640440560192213
140 134 3 0.60698268513040154 0.028134901874895979
141 134 3 0.62599570664534432 0.026413401728774155
142 134 2 0.65062148309056522 0.026490017107732466
144 134 3 0.65793680820709721 0.018566487033418233
145 134 3 0.66621161101781889 0.026841289844139915
146 134 2 0.68371833900906964 0.025538476253146647
212 134 2 0.66892865649138389 0.031793967776286625
214 134 3 0.64661572651835075 0.032062807204290666
215 134 3 0.63469125831804774 0.021543957941865588
216 134 2 0.62123418195113689 0.027920630242607603
218 134 3 0.58853100164840322 0.03270318030273367
219 134 3 0.56460280930579032 0.0257921122014243
220 134 3 0.54082974912466786 0.025356679448871877
221 134 3 0.51707445401357899 0.024937864053147352
222 134 3 0.49327341684447368 0.024516366461522332
223 134 3 0.46941104700307607 0.024092775050433557
224 134 3 0.44549413196718352 0.023953325459830199
225 134 3 0.42154080650735332 0.023963901080391481
226 134 3 0.39757690542696184 0.023963901080391481
227 134 3 0.37363400528418461 0.023942900142777224
228 134 3 0.34974692919176892 0.023887076092415693
229 134 3 0.32595087896766406 0.023796050224104859
230 134 3 0.30227888717997703 0.02367199178768703
231 134 3 0.27875980693564029 0.023519080244336743
232 134 3 0.2554180558726129 0.023341751063027383
233 134 3 0.23228149687463798 0.023136558997974926
234 134 3 0.2094102624228098 0.027864543962297983
235 134 3 0.19415707121061035 0.015669975961012883
236 134 2 0.17848709524959747 0.022182798478973975
238 134 3 0.1549716298863735 0.023515465363223964
239 134 3 0.13946159003085082 0.023010416331928948
120 135 3 0.16059644838703108 0.040430973981576898
121 135 3 0.1909772302364523 0.030380781849421223
122 135 3 0.21780173680470383 0.026824506568251527
123 135 3 0.24307871841688466 0.025276981612180838
124 135 3 0.26754016284537996 0.024461444428495294
125 135 3 0.29151172735070985 0.02397156450532989
126 135 3 0.31517015188965319 0.023658424538943346
127 135 3 0.33862789648448605 0.023457744594832852
128 135 3 0.36196606011702914 0.023338163632543096
129 135 3 0.38525050464113875 0.023291926329271018
130 135 3 0.40854243097040976 0.023366163060804246
131 135 3 0.43190859403121401 0.023527279493816444
132 135 3 0.45543587352503045 0.023820179156852972
133 135 3 0.47925605268188343 0.024321313937450517
134 135 3 0.50357736661933394 0.025038848236240696
135 135 3 0.52861621485557464 0.025038848236240696
136 135 3 0.55360637669211732 0.036634065602536237
137 135 3 0.56970175979785065 0.024309802186865626
138 135 3 0.58945921806602442 0.024015442918165153
139 135 3 0.611869231168232 0.025612896694658271
140 135 3 0.63511758700529752 0.039701895262169717
141 135 3 0.64667129899175602 0.028148183275711225
144 135 3 0.67540967557284171 0.033847139689374584
145 135 3 0.68368447838356328 0.025572336878653013
214 135 3 0.66815968446021634 0.032562939807454172
215 135 3 0.65623521625991332 0.04448740800775719
218 135 3 0.60595244467882914 0.017840611774829207
219 135 3 0.59013274476075361 0.033660311692904732
220 135 3 0.56606837551829359 0.025238626393625729
221 135 3 0.54196452007262241 0.024890066059043425
222 135 3 0.51776433269389555 0.024490915849421868
223 135 3 0.49347835340111279 0.024350014352351512
224 135 3 0.46912833904876128 0.024388972727994951
225 135 3 0.44473936632076633 0.024396984948841405
226 135 3 0.42034238137192492 0.024396984948841405
227 135 3 0.39597524938919465 0.024367131982730272
228 135 3 0.3716798747286561 0.024295374660538549
229 135 3 0.34749781539534824 0.024182059333307859
230 135 3 0.323467442396834 0.024030372998514238
231 135 3 0.29962383934589565 0.023843603050938356
232 135 3 0.27600244945934532 0.023621389886550326
233 135 3 0.25264992600528785 0.023352523454057472
234 135 3 0.22965001695572007 0.022999909049567779
235 135 3 0.20718271624653253 0.028695620996935067
238 135 3 0.16277521169905121 0.015711883550546257
239 135 3 0.1472651718435285 0.030813998144606627
0 136 0 0.0035641001056197562 0.00059128217011704355
8 136 0 0.0041553822757367997 0.0012321950899700672
16 136 0 0.0053875773657068669 0.0019710170650761322
24 136 0 0.0073585944307829991 0.0028531281470071806
32 136 0 0.01021172257779018 0.0039191586804004693
40 136 0 0.014130881258190649 0.0052028750177918106
48 136 0 0.01933375627598246 0.0067290648547084601
56 136 0 0.02606282113069092 0.008511966783707154
64 136 0 0.034574787914398074 0.010555137998278438
72 136 0 0.045129925912676512 0.01285391956733449
80 136 0 0.057983845480011002 0.01540015566232774
88 136 0 0.073384001142338742 0.018173319547437117
96 136 0 0.091557320689775859 0.020997154439789348
104 136 0 0.11255447512956521 0.02252003983167733
112 136 1 0.12950824847211737 0.016953773342552159
116 136 2 0.13775619942755948 0.017590725022105305
118 136 3 0.14221531368631427 0.022049839280860087
119 136 3 0.15449643812776789 0.034330963722313715
120 136 3 0.18021127135935749 0.026819630657939714
121 136 3 0.20703090201729721 0.026819630657939714
122 136 3 0.23314095754436634 0.026110055527069131
123 136 3 0.25851916321047913 0.025378205666112791
124 136 3 0.28335636376837331 0.024837200557894179
125 136 3 0.30781400551591914 0.024457641747545833
126 136 3 0.3320097016148939 0.024195696098974762
127 136 3 0.356031106378427 0.024021404763533094
128 136 3 0.3799481016773561 0.0239169952989291
129 136 3 0.40382169767698722 0.023890132428420974
130 136 3 0.4277118301054082 0.023975653475827086
131 136 3 0.45168748358123528 0.024159795471046408
132 136 3 0.47584727905228169 0.024530932364748737
133 136 3 0.50037821141703043 0.025384407180246149
134 136 3 0.52576261859727658 0.027843758094840854
135 136 3 0.55360637669211743 0.036634065602536126
136 136 2 0.59024044229465356 0.028586374049669572
138 136 3 0.6107074438595661 0.025815304764736147
139 136 3 0.63652274862430225 0.038296733643164993
140 136 1 0.67481948226746724 0.034437332994749048
144 136 0 0.70925681526221629 0.025539967673591235
152 136 0 0.72684238851103167 0.029320945116733332
160 136 0 0.74005585467781965 0.028442268694972239
168 136 0 0.74780730871405066 0.02829730791828744
176 136 0 0.74982664478428152 0.028305997697044893
184 136 0 0.74603739906090527 0.028615226075594524
192 136 0 0.73668438631200472 0.029169146566247917
200 136 0 0.72240855457345221 0.025978938728558831
208 136 0 0.70072262426767051 0.030962557600639262
216 136 3 0.65804249830662931 0.042680125961041204
217 136 3 0.63880873618376088 0.019233762122868425
218 136 2 0.62379305645365835 0.027733832289342564
220 136 3 0.59123903677425671 0.032554019679401636
221 136 3 0.56685031650625883 0.02499241487963566
222 136 3 0.54224731231656831 0.024724452146028586
223 136 3 0.51752286017053972 0.024801283679707464
224 136 3 0.49272157649083226 0.024848654026723371
225 136 3 0.46787292246410889 0.024861025869531372
226 136 3 0.44301189659457751 0.024861025869531372
227 136 3 0.4181855211575114 0.024826375437066117
228 136 3 0.3934471547302697 0.024738366427241698
229 136 3 0.36884753971720641 0.024599615013063292
230 136 3 0.34443047443366942 0.024417065283536987
231 136 3 0.32023361538260892 0.024196859051060504
232 136 3 0.29629257015256749 0.023941045230041424
233 136 3 0.27264688377466378 0.023645686377903707
234 136 3 0.24934474397303849 0.023302139801625293
235 136 3 0.22643053667324647 0.022914207299792017
236 136 3 0.20384290458454524 0.025355809334947771
237 136 3 0.18808569373249082 0.017702589036276223
238 136 2 0.17038310469621459 0.025080824581071387
240 136 2 0.14530228011514321 0.028851106416221337
242 136 2 0.13179117840109392 0.015340004702172047
244 136 1 0.12291040781296786 0.016250586460199584
248 136 0 0.10665982135276827 0.020608961194661657
256 136 0 0.086980098600550615 0.01967972275221766
264 136 0 0.069724555131235294 0.017255543469315321
272 136 0 0.055013729225146753 0.014710825906088541
280 136 0 0.042713282717632958 0.012300446507513794
288 136 0 0.032616894998205484 0.010096387719427474
296 136 0 0.024484711439795689 0.0081321835584097953
304 136 0 0.018060436863996505 0.0064242745757991833
312 136 0 0.013085056420334846 0.0049753804436616592
320 136 0 0.0093087950973962785 0.0037762613229385678
328 136 0 0.0065006873827616165 0.002808107714634662
336 136 0 0.0044552223013145228 0.0020454650814470936
344 136 0 0.0029959688736413471 0.0014592534276731757
352 136 0 0.0019764793152047232 0.0010194895584366239
360 136 0 0.0012790218594925663 0.00069745745571215688
368 136 0 0.00081180424345218512 0.00046721761604038117
376 136 0 0.00050533748196914018 0.00030646676148304494
384 136 0 0.00030849564145201232 0.00019684184051712786
392 136 0 0.00018469058639888929 0.00012380505505312303
400 136 0 0.00010843491336339963 7.6255673035489666e-05
408 136 0 6.243546795164451e-05 4.5999445411755118e-05
416 136 0 3.5257270645213372e-05 2.7178197306431138e-05
424 136 0 1.9527454470874062e-05 1.572981617433931e-05
432 136 0 1.0608486552272311e-05 8.9189679186017512e-06
440 136 0 5.6533977524120157e-06 4.9550887998602949e-06
448 136 0 2.9556838925829051e-06 2.6977138598291106e-06
456 136 0 1.5161885619520929e-06 1.4394953306308123e-06
464 136 0 7.6327567260541649e-07 7.5291288934667638e-07
472 136 0 3.7728286896958461e-07 3.8599280363583188e-07
480 136 0 1.83483536917049e-07 1.9379933205253562e-07
488 136 0 8.862464045120322e-08 9.4858896465845776e-08
496 136 0 4.4382964455762875e-08 4.4241675995440345e-08
504 136 0 2.7068407967163675e-08 1.73145564885992e-08
118 137 3 0.15645453687165339 0.018947120439792992
119 137 3 0.17540165731144639 0.023320445118793776
120 137 3 0.19872210243024016 0.02506537353798502
121 137 3 0.22378747596822518 0.025410583435989731
122 137 3 0.24919805940421491 0.025410583435989731
123 137 3 0.27447953845799317 0.025281479053778255
124 137 3 0.29952408104458883 0.025044542586595664
125 137 3 0.3243433134586316 0.024819232414042769
126 137 3 0.34898181605014017 0.024638502591508571
127 137 3 0.37349022745165017 0.02450841140151
128 137 3 0.39791829293575692 0.024428065484106753
129 137 3 0.42231435732804118 0.024412594340474658
130 137 3 0.44672695166851584 0.024479732355181194
131 137 3 0.47120668402369703 0.024598467681770653
132 137 3 0.49580515170546768 0.02475238811346836
133 137 3 0.52055753981893604 0.024834417792049091
134 137 3 0.54539195761098513 0.024834417792049091
135 137 3 0.56970175979785065 0.024309802186865515
138 137 3 0.62648666201680003 0.036246219722146478
139 137 3 0.64856678752347474 0.0262526947439925
216 137 3 0.67127083114188324 0.029451793125787273
217 137 3 0.65203706901901493 0.02824401256535658
220 137 3 0.60812980009442463 0.017395181028678763
221 137 3 0.59184273138589449 0.033682249737208902
222 137 3 0.56675106509323137 0.025200520141361205
223 137 3 0.54155054495187016 0.025274975639745567
224 137 3 0.51627556931212459 0.025336287032130145
225 137 3 0.49093928227999445 0.025365044634605038
226 137 3 0.46557423764538941 0.025365044634605038
227 137 3 0.44024228820932121 0.025331949436068202
228 137 3 0.41501718341168042 0.025225104797640785
229 137 3 0.38996316288002314 0.025054020531657284
230 137 3 0.36512863683443175 0.024834526045591387
231 137 3 0.34054973036958025 0.024578906464851502
232 137 3 0.31625621823909489 0.024293512130485362
233 137 3 0.29227581997987812 0.023980398259216773
234 137 3 0.26863359304410539 0.023642226935772725
235 137 3 0.24534024320995984 0.023293349834145549
236 137 3 0.22236305420555341 0.022977189004406429
237 137 3 0.19962881081575168 0.029245706119537085
116 138 2 0.15206681049143717 0.023837531601657413
118 138 3 0.17045243503089033 0.021483286731826007
119 138 3 0.19193572176271634 0.02354794323948825
120 138 3 0.21548366500220459 0.024703829530198756
121 138 3 0.24018749453240335 0.025178312223332444
122 138 3 0.26536580675573579 0.025285494932883124
123 138 3 0.29065130168861891 0.025285494932883124
124 138 3 0.31588452481069051 0.025233223122071602
125 138 3 0.34101378430337914 0.025129259492688627
126 138 3 0.36603751188528583 0.025023727581906685
127 138 3 0.39097626881626601 0.024938756930980188
128 138 3 0.41586015770133961 0.024883888885073591
129 138 3 0.440723258530893 0.024877535366945813
130 138 3 0.46560079389783882 0.024925275621080156
131 138 3 0.49052606951891897 0.024994977121421402
132 138 3 0.51552104664034037 0.025038708371559193
133 138 3 0.54055975501189957 0.025038708371559193
134 138 3 0.56544377514785926 0.024884020135959695
135 138 3 0.58945921806602442 0.024015442918165153
136 138 3 0.6107074438595661 0.025815304764736147
137 138 3 0.62648666201679992 0.036246219722146367
138 138 2 0.6563067812214336 0.018780056451296323
216 138 2 0.67414375409307736 0.02657887017459315
218 138 2 0.65152688874300091 0.030591925451767477
220 138 2 0.6255249811231034 0.026356303927428826
222 138 3 0.5912560408928591 0.034268940230244294
223 138 3 0.56555221379011467 0.025754635304562123
224 138 3 0.53979757848555254 0.025849284810502193
225 138 3 0.51394829367505035 0.025923724500990897
226 138 3 0.48802456917405945 0.025923724500990897
227 138 3 0.46212047240995574 0.025904096764103712
228 138 3 0.43635152847477771 0.025768943935178035
229 138 3 0.41080177484799546 0.025549753626782246
230 138 3 0.38552067489483161 0.025281099953163855
231 138 3 0.36053687651445199 0.024983798380379618
232 138 3 0.33587001727546367 0.024666859238988315
233 138 3 0.31153658940187129 0.024333427873592384
234 138 3 0.28755020164805761 0.023986387753813676
235 138 3 0.26391694589141695 0.023633255756640659
236 138 3 0.2406298314934921 0.023287114397924857
237 138 3 0.21767929402177022 0.022950537471721877
238 138 3 0.19508745496045052 0.024704350264235925
239 138 3 0.17965012519981036 0.017022783351896748
240 138 2 0.16262734184791361 0.022449735040876939
242 138 2 0.1425593153057203 0.020068026542193307
118 139 3 0.18135624915529885 0.029289438663861689
119 139 3 0.2064027051271797 0.025046455971880849
120 139 3 0.23108033150552348 0.025016772364534035
121 139 3 0.25609710387005752 0.025306281194528157
122 139 3 0.28140338506458568 0.02544186449965824
123 139 3 0.30684524956424392 0.025466498332255727
124 139 3 0.33231174789649964 0.025466498332255727
125 139 3 0.35774552428503326 0.025433776388533613
126 139 3 0.38312685694453563 0.025381332659502376
127 139 3 0.40845881293860475 0.025331955994069122
128 139 3 0.43375740846240934 0.02529859552380459
129 139 3 0.45904528460853944 0.025302121197349814
130 139 3 0.48434740580588925 0.02534178853406871
131 139 3 0.50968919433995796 0.025410362607708237
132 139 3 0.5350995569476662 0.025516336965715314
133 139 3 0.56061589391338151 0.025640440560192101
134 139 3 0.58625633447357361 0.025640440560192101
135 139 3 0.61186923116823189 0.025612896694658271
136 139 3 0.63652274862430225 0.038296733643164993
137 139 3 0.64856678752347463 0.026252694743992611
222 139 3 0.60708131349848993 0.018443667624613469
223 139 3 0.58949740559966368 0.032430336448186381
224 139 3 0.5633142674597964 0.026375154362186848
225 139 3 0.53693911309760955 0.026569117679371645
226 139 3 0.51036999541823791 0.026584426446886689
227 139 3 0.48378556897135122 0.026584426446886689
228 139 3 0.45739604621424235 0.026389522757108874
229 139 3 0.43130832435473337 0.026087721859508972
230 139 3 0.40555914644793822 0.025749177906795151
231 139 3 0.38015786916011712 0.0254012772878211
232 139 3 0.35510812153010995 0.025049747630007169
233 139 3 0.33041490109987898 0.024693220430230978
234 139 3 0.30608499660963262 0.024329904490246357
235 139 3 0.28212544900852832 0.023959547601104303
236 139 3 0.25854448553199355 0.023580963476534766
237 139 3 0.23536193463231123 0.023182550899682325
238 139 3 0.21263443858338169 0.022727496048929541
239 139 3 0.19050402857777074 0.027876686729857131
112 140 1 0.14064078145036771 0.028086306320802501
116 140 3 0.15729402437261072 0.016653242922243017
117 140 3 0.1729725830333807 0.023531006413836181
118 140 3 0.19650358944721688 0.024728471699384746
119 140 3 0.22123206114660163 0.025092425451343603
120 140 3 0.24632448659794523 0.025372338681753787
121 140 3 0.27169682527969902 0.025581070494420266
122 140 3 0.29727789577411928 0.025702029786911662
123 140 3 0.32297992556103094 0.025749958289634334
124 140 3 0.34872988385066528 0.025750843300325399
125 140 3 0.37448072715099068 0.025750843300325399
126 140 3 0.40020943146105747 0.025728704310066797
127 140 3 0.42591140919292803 0.025701977731870551
128 140 3 0.45159491058147672 0.025683501388548691
129 140 3 0.47727543373527331 0.025694110352300681
130 140 3 0.50296954408757399 0.025722203353546136
131 140 3 0.52869174744112013 0.025781132016789776
132 140 3 0.55447287945790991 0.025968586181789988
133 140 3 0.58044146563969989 0.02654121949070154
134 140 3 0.60698268513040143 0.02813490187489609
135 140 3 0.63511758700529752 0.039701895262169717
136 140 1 0.67481948226746724 0.034437332994749048
140 140 1 0.69261421290978298 0.017794730642315737
216 140 1 0.68211881419476839 0.019865778929406885
220 140 2 0.65092076244917807 0.031198051745590316
222 140 2 0.62192774204785006 0.028993020401328007
224 140 3 0.58691632669111671 0.035011415356733355
225 140 3 0.56002474019026671 0.027385624621515836
226 140 3 0.53263911556875088 0.027467428846522091
227 140 3 0.50517168672222879 0.027467428846522091
228 140 3 0.47806216612755076 0.027109520594678027
229 140 3 0.45140711847246801 0.026655047655082753
230 140 3 0.42518778752202446 0.026219330950443542
231 140 3 0.39937257651420799 0.025815211007816474
232 140 3 0.37394200801808125 0.025430568496126738
233 140 3 0.3488891599945485 0.025052848023532748
234 140 3 0.3242155374427681 0.024673622551780405
235 140 3 0.2999281935345296 0.024287343908238501
236 140 3 0.27604015543047095 0.023888038104058651
237 140 3 0.25257542586498144 0.023464729565489506
238 140 3 0.22957657716763089 0.022998848697350555
239 140 3 0.20710260477714137 0.022473972390489511
240 140 3 0.18516361812623858 0.022536276278324968
241 140 3 0.17002682861719606 0.017071911225100461
242 140 2 0.1529549173920956 0.021741239718128941
244 140 1 0.131627157281892 0.02496733592912373
116 141 3 0.16350317976349646 0.022862398313128751
117 141 3 0.18602879673685804 0.02442098591528441
118 141 3 0.21044978265214245 0.025237080945353041
119 141 3 0.23568686359749549 0.025584233322473088
120 141 3 0.26127109691996858 0.025791965152097418
121 141 3 0.287063062072066 0.025936441795781306
122 141 3 0.31299950386784731 0.02602799098596148
123 141 3 0.33902749485380879 0.026073203377520282
124 141 3 0.36510069823132907 0.026083666091576085
125 141 3 0.39118436432290515 0.026083666091576085
126 141 3 0.41725775707523272 0.026073392752327562
127 141 3 0.44331423480566684 0.026056477730434124
128 141 3 0.46935987012209301 0.02604932492929779
129 141 3 0.4954091950513908 0.026064303991018112
130 141 3 0.52147349904240892 0.026064479514652406
131 141 3 0.54753797855706132 0.026064479514652406
132 141 3 0.5735540301643981 0.026028274752171954
133 141 3 0.59958230491657005 0.026413401728774155
134 141 3 0.62599570664534421 0.026413401728774155
135 141 3 0.64667129899175602 0.028148183275711225
224 141 3 0.60228520798055618 0.019642534067293882
225 141 3 0.58349869586603165 0.033181657164308542
226 141 3 0.55489210609825823 0.028782349750622327
227 141 3 0.5261097563476359 0.028782349750622327
228 141 3 0.49819135972585982 0.027918396621776087
229 141 3 0.47099529328622836 0.027196066439631461
230 141 3 0.44434482564220085 0.026650467644027509
231 141 3 0.41814245493967001 0.026202370702530842
232 141 3 0.39234516597780039 0.025797288961869613
233 141 3 0.36693824669633546 0.025406919281464935
234 141 3 0.34192079605608711 0.025017450640248351
235 141 3 0.31729945095091167 0.024621345105175441
236 141 3 0.29308703261921648 0.024212418331695185
237 141 3 0.26930411690978245 0.023782915709434027
238 141 3 0.2459813406348805 0.023322776274901952
239 141 3 0.22315995611263156 0.022821384522248939
240 141 3 0.20089755398811446 0.022262402124517106
241 141 3 0.17936548560325302 0.02641056821115742
116 142 3 0.17005464093213102 0.02941385948176331
117 142 3 0.19718888624597317 0.027134245313842148
118 142 3 0.22357230128661168 0.026383415040638514
119 142 3 0.24977986785620743 0.026208285607066117
120 142 3 0.27598815346327354 0.026267600709245942
121 142 3 0.30225575417251949 0.026337442899175501
122 142 3 0.32859319707169499 0.026392955217948266
123 142 3 0.35498615228964325 0.02642384185889457
124 142 3 0.38140999414853782 0.026429856523545514
125 142 3 0.40783985067208334 0.026429856523545514
126 142 3 0.43425719950857133 0.026417348836487997
127 142 3 0.46065472752857778 0.026397528020006444
128 142 3 0.48704058358551611 0.026399448656964364
129 142 3 0.51344003224248047 0.026441902681335172
130 142 3 0.53988193492381564 0.026447955698096992
131 142 3 0.56632989062191263 0.026447955698096992
132 142 3 0.59251281699174396 0.026182926369831327
133 142 3 0.61822047577595185 0.032401007314613373
134 142 2 0.65062148309056522 0.026490017107732466
220 142 2 0.67358530808154504 0.026831969297856806
222 142 3 0.65052050501088532 0.028592762963035256
223 142 3 0.63629325410849302 0.019623779192974533
224 142 2 0.61668035303034019 0.032524260472952982
226 142 3 0.57721660552554055 0.03946374750479964
227 142 3 0.54608779233380245 0.031128813191738103
228 142 3 0.51751006234978458 0.028577729984017863
229 142 3 0.48995741676758869 0.027552645582195889
230 142 3 0.4629808604822504 0.026976556285338293
231 142 3 0.4364417563406503 0.026539104141600101
232 142 3 0.41029974633522293 0.026142010005427374
233 142 3 0.38454682393605688 0.025752922399166045
234 142 3 0.35918595469776338 0.025360869238293504
235 142 3 0.33422471028683542 0.024961244410927952
236 142 3 0.30967413155496232 0.024550578731873107
237 142 3 0.28554905485028442 0.024125076704677895
238 142 3 0.2618676179601398 0.023681436890144625
239 142 3 0.23864759534685784 0.02322002261328196
240 142 3 0.21589661984843309 0.022750975498424753
241 142 3 0.19358407955283277 0.022312540295600314
242 142 3 0.1714743756051553 0.022109703947677473
243 142 3 0.15446966125304099 0.022842503971148981
116 143 3 0.17888941005860778 0.038248628608240076
117 143 3 0.20909593022376124 0.030206520165153461
118 143 3 0.23685941499877536 0.027763484775014113
119 143 3 0.26385355602296945 0.02699414102419409
120 143 3 0.29061994047218237 0.026766384449212921
121 143 3 0.31734526340785929 0.026745356788080377
122 143 3 0.34409062019593967 0.02677510204080169
123 143 3 0.37086572223674136 0.02679189090137718
124 143 3 0.39765761313811854 0.02679189090137718
125 143 3 0.42444471043557097 0.026787097297452434
126 143 3 0.45120585183627732 0.026761141400706345
127 143 3 0.4779288028044294 0.026722950968152082
128 143 3 0.50462213314248439 0.026713219234233865
129 143 3 0.53133535237671825 0.026848393385103031
130 143 3 0.55818374576182128 0.027094999084964488
131 143 3 0.58527874484678577 0.027094999084964488
132 143 3 0.61183134079484391 0.027538980378834954
133 143 3 0.63004245618971355 0.020579026900851671
222 143 3 0.67014428420385985 0.030272993175541996
223 143 3 0.65591703330146756 0.044500244077934292
226 143 3 0.59109557958923375 0.027682585546456528
227 143 3 0.56341299404277723 0.027702954431653826
228 143 3 0.5357100396111234 0.027702954431653826
229 143 3 0.50825762298108135 0.027452416630042054
230 143 3 0.48110125783789837 0.027156365143182981
231 143 3 0.45427328913064513 0.026827968707253236
232 143 3 0.42780195440442559 0.026471334726219542
233 143 3 0.4017073335794914 0.026094620824934189
234 143 3 0.37600262322350858 0.025704710355982818
235 143 3 0.35069746389160095 0.025305159331907634
236 143 3 0.32580078600794316 0.024896677883657792
237 143 3 0.30132217574334391 0.024478610264599243
238 143 3 0.27727093100282968 0.024051244740514233
239 143 3 0.25365112113842642 0.023619809864403263
240 143 3 0.23044852144135819 0.023202599697068227
241 143 3 0.20759730650938363 0.022851214931974562
242 143 3 0.18489243778805478 0.023061958206761463
243 143 3 0.16183047958129332 0.030203322299401314
0 144 0 0.0038744767820347108 0.00064132625731072026
8 144 0 0.0045158030393454311 0.001336306963455801
16 144 0 0.0058521100028012321 0.0021371435798335815
24 144 0 0.0079892535826348136 0.0030929346169204959
32 144 0 0.01108218819955531 0.0042477229957322456
40 144 0 0.015329911195287555 0.0056383141147906234
48 144 0 0.020968225310078178 0.0072922103293459536
56 144 0 0.028260435639424132 0.0092264351923315654
64 144 0 0.037486870831755698 0.01144891685813592
72 144 0 0.048935787689891617 0.013966892725636816
80 144 0 0.062902680415528434 0.016817968682084919
88 144 0 0.079720649097613352 0.020188122561114449
96 144 0 0.099908771658727802 0.024892743581032051
104 144 0 0.12480151523975985 0.02795431759616146
112 144 2 0.14436221265180005 0.019560697412040196
114 144 3 0.1548893345643565 0.014517473722550717
115 144 3 0.16940680828690721 0.028766026836539504
116 144 3 0.19576751296948031 0.027671288609021183
117 144 3 0.22343880157850149 0.027671288609021183
118 144 3 0.2509008947581568 0.027462093179655311
119 144 3 0.27813245278152599 0.027231558023369185
120 144 3 0.30526272068265498 0.02713026790112899
121 144 3 0.33237714923850731 0.027136021108926489
122 144 3 0.3595131703474338 0.027162648388989408
123 144 3 0.3866758187364232 0.027173951359453719
124 144 3 0.41384977009587692 0.027173951359453719
125 144 3 0.44100769214130381 0.027157922045426885
126 144 3 0.46811728183465706 0.027109589693353253
127 144 3 0.49514951090076464 0.027032229066107583
128 144 3 0.52209323304605559 0.026943722145290949
129 144 3 0.54899735345827771 0.027135825196749619
130 144 3 0.57613317865502733 0.028523349869113868
131 144 3 0.6046565285241412 0.034713792649537667
132 144 2 0.63937032117367887 0.02817961400082214
134 144 3 0.65793680820709721 0.018566487033418344
135 144 3 0.67540967557284159 0.033847139689374695
136 144 0 0.70925681526221629 0.025539967673591235
144 144 0 0.73246202022990992 0.023205204967693627
152 144 0 0.75069600491618327 0.023853616405151601
160 144 0 0.76388321869715947 0.023827364019339825
168 144 0 0.77162329858105771 0.023815989867007059
176 144 0 0.7736963497870607 0.023869705002779185
184 144 0 0.77004593314170933 0.024008534080804056
192 144 0 0.76078150709348713 0.024097120781482406
200 144 0 0.74606818329043123 0.02365962871697902
208 144 0 0.72563272135223833 0.025215443972836482
216 144 0 0.70041727737940185 0.030520942814669216
224 144 3 0.65440485768850987 0.046012419690891981
225 144 3 0.63175716257701264 0.024799329895932143
226 144 3 0.6069578326810805 0.026305938117226479
227 144 3 0.58065189456385402 0.0270912213380331
228 144 3 0.55356067322582092 0.027389913784120368
229 144 3 0.52617075944170055 0.027389913784120368
230 144 3 0.49880993765221604 0.027360821789484513
231 144 3 0.47167246357552278 0.027137474076693258
232 144 3 0.44485921172070747 0.026813251854815312
233 144 3 0.41841706772301923 0.026442143997688239
234 144 3 0.39236612735122905 0.026050940371790177
235 144 3 0.36671525074784161 0.02565087660338744
236 144 3 0.34146988885964263 0.025245361888198981
237 144 3 0.31663531837272929 0.024834570486913343
238 144 3 0.29221693436702445 0.024418384005704841
239 144 3 0.26821816478102267 0.023998769586001778
240 144 3 0.24463623716510469 0.023581927615917986
241 144 3 0.22145774239618138 0.023178494768923308
242 144 3 0.19866744172483822 0.022790300671343161
243 144 3 0.1763388888724304 0.022328552852407813
244 144 3 0.15504028175632792 0.023413124474435915
245 144 3 0.14308302140027054 0.011957260356057375
246 144 2 0.13417573707532843 0.016619488713627242
248 144 0 0.11755624836170118 0.02282896246396357
256 144 0 0.094727285897737615 0.02282896246396357
264 144 0 0.075710048141024153 0.019017237756713462
272 144 0 0.059686859742042929 0.016023188398981224
280 144 0 0.046333110793219813 0.013353748948823116
288 144 0 0.035384078344703182 0.010949032448516631
296 144 0 0.02656795576052998 0.008816122584173202
304 144 0 0.019603185999024039 0.0069647697615059408
312 144 0 0.014208041354900619 0.0053951446441234206
320 144 0 0.010111831103079108 0.004096210251821511
328 144 0 0.007064573519735922 0.0030472575833431857
336 144 0 0.0048439030940772869 0.0022206704256586352
344 144 0 0.0032588855561365149 0.001585017537940772
352 144 0 0.0021509682166420512 0.0011079173394944637
360 144 0 0.0013926178731250812 0.00075835034351696994
368 144 0 0.0008843383954510297 0.00050827947767405151
376 144 0 0.00055075887324119847 0.00033357952220983123
384 144 0 0.00033638800278545185 0.00021437087045574662
392 144 0 0.00020148630069589211 0.00013490170208955974
400 144 0 0.00011835220476312915 8.3134095932762962e-05
408 144 0 6.8177593279782257e-05 5.0174611483346892e-05
416 144 0 3.8517516588373997e-05 2.966007669140826e-05
424 144 0 2.1342752046946202e-05 1.7174764541427795e-05
432 144 0 1.1599762211365708e-05 9.7429898355804939e-06
440 144 0 6.1843148159559109e-06 5.415447395409797e-06
448 144 0 3.2346094607034438e-06 2.949705355252467e-06
456 144 0 1.6599473409755702e-06 1.5746621197278737e-06
464 144 0 8.3597877617466434e-07 8.2396856480090583e-07
472 144 0 4.1338014243631308e-07 4.2259863373835126e-07
480 144 0 2.0111564001159856e-07 2.1226450242471452e-07
488 144 0 9.7178815303137121e-08 1.0393682470846144e-07
496 144 0 4.868680797258559e-08 4.8492007330551531e-08
504 144 0 2.9704105479445182e-08 1.8982702493140408e-08
114 145 3 0.16515545941265172 0.021178018124474868
115 145 3 0.18633347753712659 0.024998069871419587
116 145 3 0.21133154740854618 0.026648098841133921
117 145 3 0.2379796462496801 0.027174347066526883
118 145 3 0.26515399331620698 0.027332085776538562
119 145 3 0.29248607909274554 0.027401071377761821
120 145 3 0.31988715047050736 0.027458465288071832
121 145 3 0.3473456157585792 0.02751399647502667
122 145 3 0.37485961223360587 0.027557847151213621
123 145 3 0.40241745938481949 0.027575659789628115
124 145 3 0.4299931191744476 0.027575659789628115
125 145 3 0.45754648088958982 0.027553361715142222
126 145 3 0.48502586523576757 0.027479384346177749
127 145 3 0.51237085204709487 0.027344986811327299
128 145 3 0.53950841341418077 0.027137561367085894
129 145 3 0.56632448723636097 0.026816073822180209
130 145 3 0.59258421289356666 0.02625972565720569
131 145 3 0.61772488582157226 0.025140672928005592
134 145 3 0.66621161101781889 0.026841289844140026
135 145 3 0.68368447838356328 0.025572336878653013
224 145 3 0.66863210552183183 0.031785171857570016
225 145 3 0.64885951673831643 0.024651863248484895
226 145 3 0.62420765348983154 0.025643141666098157
227 145 3 0.59856451182373338 0.026958386209011587
228 145 3 0.57160612561472179 0.027647422815694322
229 145 3 0.54395870279902747 0.027751775793457667
230 145 3 0.5162069270055698 0.027751775793457667
231 145 3 0.48866676119405233 0.02754016581151747
232 145 3 0.46147229504132348 0.027194466152728858
233 145 3 0.43467000679741014 0.026802288243913341
234 145 3 0.40827133074334487 0.026398676054065262
235 145 3 0.38227651695726433 0.025994813786080539
236 145 3 0.35668429975575244 0.025592217201511891
237 145 3 0.3314953515451517 0.025188948210600748
238 145 3 0.30671324795024729 0.024782103594904403
239 145 3 0.28234500711093935 0.024368240839307942
240 145 3 0.25840374518073517 0.023941261930204183
241 145 3 0.23491966524572169 0.023484079935013474
242 145 3 0.21197670976635422 0.022942955479367477
243 145 3 0.18981954935196038 0.022157160414393834
244 145 3 0.16912013996035311 0.020699409391607276
245 145 3 0.15150028520194997 0.017619854758403136
112 146 2 0.15202757216206267 0.027267131460894378
114 146 3 0.17504187696545764 0.024397371337950891
115 146 3 0.19943924830340853 0.02579847000642807
116 146 3 0.2252377183098366 0.026741228338030415
117 146 3 0.25197894664786702 0.027247488230177641
118 146 3 0.27922643487804466 0.027513686777363267
119 146 3 0.30674012165540793 0.0276757545537889
120 146 3 0.33441587620919683 0.027796624738497422
121 146 3 0.36221250094769425 0.027895885798686682
122 146 3 0.39010838674638093 0.0279712950976444
123 146 3 0.41807968184402533 0.028009676078822821
124 146 3 0.44608935792284815 0.028009676078822821
125 146 3 0.47408203402619897 0.027992676103350822
126 146 3 0.50198384244676331 0.027901808420564334
127 146 3 0.52970685603092915 0.027723013584165845
128 146 3 0.55714461331145559 0.027437757280526442
129 146 3 0.5840998825038014 0.02695526919234581
130 146 3 0.61003874891009435 0.025938866406292949
131 146 3 0.63416578076626517 0.028598262057143886
132 146 2 0.66276404282340906 0.024574489911007191
134 146 2 0.68371833900906964 0.025538476253146647
224 146 2 0.67071019312345759 0.02970708425594426
226 146 3 0.64232480961116822 0.028385383512289364
227 146 3 0.61767571789146192 0.027444101923969177
228 146 3 0.59023161596749274 0.028481767340210351
229 146 3 0.56174984862728239 0.028481767340210351
230 146 3 0.5332990280865374 0.028450820540744992
231 146 3 0.50522988654728818 0.028069141539249221
232 146 3 0.47761542808460999 0.027614458462678182
233 146 3 0.45044914211384773 0.027166285970762261
234 146 3 0.42370993765755965 0.026739204456288079
235 146 3 0.3973797854919292 0.026330152165630449
236 146 3 0.37144724911692611 0.02593253637500309
237 146 3 0.34590743067314544 0.025539818443780671
238 146 3 0.32076154537663726 0.025145885296508186
239 146 3 0.29601754346262904 0.024744001914008218
240 146 3 0.27169343648556887 0.024324106977060167
241 146 3 0.24782637833621685 0.023867058149352027
242 146 3 0.22449248022948198 0.023333898106734863
243 146 3 0.2018409047355289 0.02265157549395308
244 146 3 0.18012461870372257 0.021716286031806337
245 146 3 0.15963128173609123 0.020493336967631337
246 146 2 0.14028311949638331 0.022844460051136023
114 147 3 0.18354753028045645 0.031519958118393782
115 147 3 0.2111394096995548 0.027591879419098353
116 147 3 0.23818940200623401 0.027263361157517263
117 147 3 0.26545276316375127 0.027553040616787705
118 147 3 0.29300580378053898 0.027791680832154109
119 147 3 0.32079748461269308 0.027983839732360072
120 147 3 0.34878132434505316 0.028148552163044627
121 147 3 0.37692987650809778 0.02829374711463517
122 147 3 0.40522362362273295 0.028413860626002985
123 147 3 0.43363748424873594 0.028491143040260625
124 147 3 0.46212862728899656 0.028497925005368907
125 147 3 0.49062655229436547 0.028497925005368907
126 147 3 0.51903079773302274 0.028404245438657272
127 147 3 0.54723043021404749 0.02819963248102475
128 147 3 0.57515782185891584 0.027927391644868349
129 147 3 0.60277854074104853 0.027620718882132689
130 147 3 0.62918460491707995 0.028602496421406443
131 147 3 0.64600806877207329 0.016823463854993337
226 147 3 0.65657658130879959 0.017116733704276355
227 147 3 0.63945984760452323 0.03421848416062756
228 147 3 0.60978048191299783 0.03037663680756808
229 147 3 0.57940384510542975 0.03037663680756808
230 147 3 0.54991132089340256 0.029492524212027194
231 147 3 0.52124815831453009 0.02866316257887247
232 147 3 0.49322804080447807 0.028020117510052012
233 147 3 0.46572653572869316 0.027501505075784916
234 147 3 0.43867238992569657 0.027054145802996588
235 147 3 0.41202576827698167 0.026646621648714897
236 147 3 0.38576512008121894 0.026260648195762737
237 147 3 0.35988040348316264 0.025884716598056301
238 147 3 0.33436985035061595 0.025510553132546687
239 147 3 0.30923901385774805 0.025130836492867903
240 147 3 0.28450171432445831 0.024737299533289736
241 147 3 0.26018223059908091 0.0243194837253774
242 147 3 0.23631472709506102 0.023867503504019894
243 147 3 0.21292206386753434 0.023392663227526672
244 147 3 0.18990726004111 0.023283382682162596
245 147 3 0.1666238773589474 0.026340757862564096
112 148 3 0.14990743204540691 0.025105916805647055
113 148 3 0.16946598086477249 0.026515202743111976
114 148 3 0.19598118360788447 0.027392485792151228
115 148 3 0.2233736694000357 0.027538684955087961
116 148 3 0.25091235435512366 0.027701535859000814
117 148 3 0.27861389021412447 0.027901890096709403
118 148 3 0.30651578031083387 0.028108334223250098
119 148 3 0.33462411453408397 0.028311483235555324
120 148 3 0.3629355977696393 0.028512051212004064
121 148 3 0.39144764898164336 0.028708692644385247
122 148 3 0.42015634162602861 0.02889121664647254
123 148 3 0.44904755827250115 0.029035039543244545
124 148 3 0.47808259781574569 0.029095555189029065
125 148 3 0.50717815300477476 0.029095555189029065
126 148 3 0.53618770874335453 0.029009555738579773
127 148 3 0.5649235804850814 0.028735871741726871
128 148 3 0.59336710361822997 0.029186299083009848
129 148 3 0.62255340270123982 0.035233698637246569
130 148 2 0.65778710133848639 0.029551431395929861
132 148 1 0.68733853273441625 0.021918282527800037
224 148 1 0.6736783317651508 0.03118730014010751
228 148 3 0.62990677456286281 0.043771557202287981
229 148 3 0.59606251201678007 0.033844262546082748
230 148 3 0.56559140646192585 0.030471105554854216
231 148 3 0.53652866937978649 0.029062737082139356
232 148 3 0.50823526614564229 0.028293403234144199
233 148 3 0.48047758108060912 0.027757685065033177
234 148 3 0.45315597972704957 0.027321601353559544
235 148 3 0.42622196524973033 0.026934014477319246
236 148 3 0.39965065369867203 0.026571311551058296
237 148 3 0.37343009648647685 0.026220557212195184
238 148 3 0.34755649437621811 0.025873602110258742
239 148 3 0.32203205544026964 0.025524438935948468
240 148 3 0.29686421290983245 0.02516784253043719
241 148 3 0.27206493622845579 0.024799276681376659
242 148 3 0.24764762293414791 0.02441731329430788
243 148 3 0.22361736034466145 0.024030262589486456
244 148 3 0.19995686270741417 0.023660497637247285
245 148 3 0.17667867294214282 0.023278189765271351
246 148 3 0.15442257727937828 0.022256095662764541
247 148 3 0.13822001039861986 0.020663762036918679
112 149 3 0.15334393658754589 0.028542421347786034
113 149 3 0.17995157234072562 0.027582419822000076
114 149 3 0.20753399216272569 0.027916516518589202
115 149 3 0.2354505086813149 0.028003010118423544
116 149 3 0.26345351879973844 0.028094431399462716
117 149 3 0.29154795019920116 0.028236804005585425
118 149 3 0.31978475420478658 0.028420366182398349
119 149 3 0.34820512038718493 0.0286337220148834
120 149 3 0.37683884240206833 0.028871423340487756
121 149 3 0.40571026574255609 0.029129636391104996
122 149 3 0.43483990213366108 0.029399093712338953
123 149 3 0.46423899584600004 0.029654014316036981
124 149 3 0.49389301016203702 0.029831447197074867
125 149 3 0.52372445735911188 0.029831447197074867
126 149 3 0.55351877299598296 0.029794315636871072
127 149 3 0.58280138629948774 0.02928261330350479
128 149 3 0.61071783289522441 0.027916446595736666
129 149 3 0.63615679037636341 0.025438957481139002
228 149 3 0.63998020878270556 0.033698122982445233
229 149 3 0.60923207242389432 0.03074813635881124
230 149 3 0.57975582519675439 0.029476247227139929
231 149 3 0.55094079379162741 0.028815031405126978
232 149 3 0.52261574123433396 0.028325052557293451
233 149 3 0.49470937208765559 0.027906369146678378
234 149 3 0.46717654169859085 0.027532830389064733
235 149 3 0.43998762924081508 0.027188912457775771
236 149 3 0.41312510133839925 0.026862527902415834
237 149 3 0.38657989133355786 0.026545210004841391
238 149 3 0.36034831129079026 0.026231580042767599
239 149 3 0.33443000502857501 0.025918306262215252
240 149 3 0.30882670489846115 0.02560330013011386
241 149 3 0.28354117508650234 0.025285529811958807
242 149 3 0.25857578023058009 0.024965394855922252
243 149 3 0.23393189573931508 0.024643884491265006
244 149 3 0.20961973340542681 0.024312162333888276
245 149 3 0.18571339861282929 0.023906334792597517
246 149 3 0.16251667769779427 0.023196720915035024
247 149 3 0.14063072283921424 0.023074474477513054
112 150 3 0.15872353170003048 0.033922016460270626
113 150 3 0.18946327648395347 0.030739744783922995
114 150 3 0.21874590070580463 0.029282624221851156
115 150 3 0.24742624043568526 0.028680339729880627
116 150 3 0.27588079738203997 0.028454556946354709
117 150 3 0.30430928193854428 0.028522583497523291
118 150 3 0.33283186543606758 0.028694595123638533
119 150 3 0.36152646055970611 0.028923533860657713
120 150 3 0.39044999442036382 0.029202124195546131
121 150 3 0.41965211861590995 0.029531093283840348
122 150 3 0.4491832118997503 0.029913179608151541
123 150 3 0.47909639150790184 0.030342068705719316
124 150 3 0.50943846021362116 0.030773438332880376
125 150 3 0.54021189854650153 0.03104518579743798
126 150 3 0.57125708434393951 0.03104518579743798
127 150 3 0.60193258383099657 0.030675499487057056
128 150 3 0.63042534126546024 0.028492757434463667
129 150 3 0.65344088118156096 0.023015539916100725
130 150 2 0.67632205668818846 0.021199386706109768
228 150 3 0.64697523009341606 0.02670310167173473
229 150 3 0.62101005261032882 0.027862345905687036
230 150 3 0.59314770670464179 0.02838791194152035
231 150 3 0.56475979476312144 0.02838791194152035
232 150 3 0.53648242005099589 0.028277374712125547
233 150 3 0.50848041753004525 0.028002002520950642
234 150 3 0.48077377129880922 0.027706646231236032
235 150 3 0.45335518051145302 0.027418590787356201
236 150 3 0.42621808727717331 0.027137093234279708
237 150 3 0.3993593966565836 0.026858690620589709
238 150 3 0.37277757927087407 0.026581817385709527
239 150 3 0.34647095727070742 0.026306622000166646
240 150 3 0.32043661762363507 0.026034339647072358
241 150 3 0.29466954916371912 0.025767068459915943
242 150 3 0.26916167194483159 0.025507877218887531
243 150 3 0.24390082273647481 0.025260849208356778
244 150 3 0.21886965002854231 0.025031172707932509
245 150 3 0.19403801281173788 0.024831637216804425
246 150 3 0.16930592719989648 0.025064029535096205
247 150 3 0.14424189766480028 0.026685649303099093
112 151 3 0.16729219272666196 0.042490677486902106
113 151 3 0.2004303282645363 0.033138135537874341
114 151 3 0.23055014112057923 0.030119812856042927
115 151 3 0.25960977344622704 0.029059632325647816
116 151 3 0.28830818496027405 0.028698411514047006
117 151 3 0.31694256180556968 0.028722420427238882
118 151 3 0.34566498223280856 0.028903805783042968
119 151 3 0.37456878801585153 0.029155526504348162
120 151 3 0.40372431452019969 0.029474189122312311
121 151 3 0.433198503642512 0.029871072830872369
122 151 3 0.46306957647338437 0.030371985547497704
123 151 3 0.49344156202088207 0.031019035983099186
124 151 3 0.52446059800398126 0.031866315952634561
125 151 3 0.55632691395661582 0.032928671390668018
126 151 3 0.58925558534728384 0.033872723881766875
127 151 3 0.62312830922905071 0.033872723881766875
128 151 3 0.65548375289307137 0.042037690501226854
129 151 3 0.6707264772970748 0.026794966097223427
228 151 3 0.6531019130611887 0.020576418703962096
229 151 3 0.63456216354519401 0.027612135013840855
230 151 3 0.60695002853135316 0.028588838996774224
231 151 3 0.57836118953457893 0.028588838996774224
232 151 3 0.54997467757470164 0.028386511959877292
233 151 3 0.52186499284212451 0.028109684732577134
234 151 3 0.49399967571958692 0.027865317122537592
235 151 3 0.46636571866471749 0.027633957054869429
236 151 3 0.4389648203018508 0.027400898362866688
237 151 3 0.41180175485749249 0.027163065444358314
238 151 3 0.38487886516640774 0.02692288969108475
239 151 3 0.35819423810462842 0.02668462706177932
240 151 3 0.33174117824550309 0.026453059859125327
241 151 3 0.30550787034930543 0.026233307896197655
242 151 3 0.27947680586505225 0.026031064484253186
243 151 3 0.25362339048122517 0.025853415383827072
244 151 3 0.22791031449061241 0.02571307599061276
245 151 3 0.2022602510462434 0.025829110246003151
246 151 3 0.17643114080024025 0.02694551482899149
247 151 3 0.14948562597124876 0.031929377609547574
0 152 0 0.0041313243488608313 0.00068243654234550772
8 152 0 0.004813760891206339 0.0014217336087277675
16 152 0 0.0062354944999341065 0.0022731763973624303
24 152 0 0.0085086708972965368 0.0032886829134125429
32 152 0 0.01179735381070908 0.0045146688762157661
40 152 0 0.016312022686924846 0.0059896119286382034
48 152 0 0.022301634615563049 0.0077415823869794766
56 152 0 0.030043217002542526 0.0097862243909609611
64 152 0 0.039829441393503487 0.012125639471797282
72 152 0 0.051955080865300769 0.014747398284828649
80 152 0 0.066702479150129418 0.01761747067881253
88 152 0 0.084319949828941948 0.020647304382333989
96 152 0 0.10496725421127594 0.023641013103193345
104 152 1 0.12592638122812053 0.020959127016844589
108 152 2 0.13736058185568203 0.012969835463749552
110 152 3 0.14409830487182776 0.019296789632067907
111 152 3 0.15767941496536073 0.032877899725600873
112 152 3 0.18521778899845323 0.029193063313582568
113 152 3 0.2144108523120358 0.029193063313582568
114 152 3 0.24340129243526606 0.028990440123230266
115 152 3 0.27213311758337988 0.028731825148113815
116 152 3 0.30077014255079687 0.028680138950177014
117 152 3 0.32945028150097388 0.028820825074155232
118 152 3 0.35827110657512912 0.029034526720144116
119 152 3 0.38730563329527323 0.029312340147616966
120 152 3 0.4166179734428902 0.029659695095896943
121 152 3 0.44627766853878714 0.030098563499399378
122 152 3 0.47637623203818652 0.030676043298766664
123 152 3 0.50705227533695318 0.031486972107910183
124 152 3 0.53853924744486337 0.032735069431518937
125 152 3 0.5712743168763823 0.03492110412372007
126 152 3 0.60619542100010237 0.039521652828929832
127 152 3 0.64571707382903221 0.051804369565266017
128 152 0 0.69752144339429822 0.033722970279004172
136 152 0 0.72684238851103156 0.029320945116733332
144 152 0 0.75069600491618316 0.023853616405151601
152 152 0 0.76932497183447957 0.018628966918296408
160 152 0 0.78265141260205451 0.018768193904895036
168 152 0 0.79046530307376461 0.018842004492706899
176 152 0 0.79261668340210134 0.018920333615040641
184 152 0 0.78906698001410369 0.019021046872394365
192 152 0 0.77989859228179981 0.019117085188312677
200 152 0 0.76529240287220335 0.019751613721144534
208 152 0 0.74554078915105881 0.023934018021421366
216 152 0 0.72160677112963745 0.025950871533510944
224 152 1 0.69023276836369907 0.03137400276593838
228 152 2 0.65705977116726233 0.033172997196436738
230 152 3 0.62161000703050517 0.035449764136757156
231 152 3 0.59164932482733945 0.029960682203165723
232 152 3 0.56308722770621333 0.028562097121126118
233 152 3 0.5349102879758505 0.028176939730362838
234 152 3 0.50690719874911228 0.02800308922673822
235 152 3 0.47906399451223536 0.027843204236876917
236 152 3 0.45140225961772018 0.027661734894515178
237 152 3 0.42394014223456411 0.027462117383156071
238 152 3 0.39668568045836539 0.027254461776198724
239 152 3 0.3696372519278307 0.027048428530534685
240 152 3 0.34278471738212496 0.026852534545705742
241 152 3 0.31611003349559497 0.026674683886529993
242 152 3 0.28958765963271416 0.02652237386288081
243 152 3 0.2631862060431216 0.026401453589592561
244 152 3 0.23687571601098745 0.026310490032134148
245 152 3 0.21065641253705178 0.026219303473935668
246 152 3 0.18467479219775224 0.025981620339299544
247 152 3 0.15972269357126601 0.02495209862648623
248 152 1 0.13949506316050692 0.028188799015775701
252 152 1 0.12014522605261253 0.019988044125823334
256 152 0 0.1001571819267892 0.021740398563345156
264 152 0 0.080383602906214657 0.019773579020574542
272 152 0 0.063445240613915765 0.016938362292298892
280 152 0 0.049279918944488327 0.014165321669427439
288 152 0 0.037652570037727325 0.011627348906761002
296 152 0 0.028283879420648948 0.0093686906170783769
304 152 0 0.020878294610484606 0.0074055848101643416
312 152 0 0.015138625212683401 0.0057396693978012045
320 152 0 0.01077864179447079 0.0043599834182126117
328 152 0 0.0075335800936285656 0.0032450617008422241
336 152 0 0.0051676349663098749 0.0023659451273186907
344 152 0 0.0034781325654852633 0.0016895024008246116
352 152 0 0.0022966304113685512 0.0011815021541167121
360 152 0 0.0014875385248591397 0.00080909188650941152
368 152 0 0.0009450013797037912 0.00054253714515534852
376 152 0 0.00058877756499918553 0.00035622381470460567
384 152 0 0.00035975238100244354 0.00022902518399674199
392 152 0 0.00021556555985685863 0.00014418682114558491
400 152 0 0.00012667117372795503 8.8894386128903597e-05
408 152 0 7.2997391604990398e-05 5.3673782122964632e-05
416 152 0 4.1255762892273236e-05 3.1741628712717162e-05
424 152 0 2.2868291057238253e-05 1.8387471835034983e-05
432 152 0 1.2433273864530318e-05 1.0435017192707935e-05
440 152 0 6.6309726090854273e-06 5.8023012554448908e-06
448 152 0 3.4693875458235479e-06 3.1615850632618794e-06
456 152 0 1.7810114148807888e-06 1.6883761309427591e-06
464 152 0 8.9723312489889354e-07 8.8377828998189523e-07
472 152 0 4.4380677136487182e-07 4.5342635353402173e-07
480 152 0 2.1598436011950414e-07 2.2782241124536768e-07
488 152 0 1.0439549896136143e-07 1.1158886115814271e-07
496 152 0 5.2319381351725057e-08 5.207611760963637e-08
504 152 0 3.1929610934914525e-08 2.0389770416810532e-08
110 153 3 0.15656252976703541 0.020044573324052323
111 153 3 0.17660710309108774 0.02488097168610573
112 153 3 0.20148807477719347 0.027097153333990487
113 153 3 0.22858522811118395 0.027908949327051541
114 153 3 0.25649417743823549 0.028232149503906068
115 153 3 0.28472632694214156 0.02842968165700005
116 153 3 0.31315600859914161 0.028620259643213519
117 153 3 0.34177626824235513 0.028838091804460009
118 153 3 0.37061436004681514 0.029092940745231943
119 153 3 0.39970730079204708 0.029391327237481446
120 153 3 0.42909862802952853 0.029745293924055505
121 153 3 0.45884392195358403 0.030178915402721107
122 153 3 0.48902283735630514 0.03073795257813261
123 153 3 0.51976078993443775 0.031508802796947233
124 153 3 0.55126959273138498 0.032656587895541267
125 153 3 0.58392618062692625 0.034489098859391443
126 153 3 0.61841527948631769 0.03747717801868411
127 153 3 0.6558924575050018 0.041628985889296422
230 153 3 0.63065769052633325 0.027233523106485857
231 153 3 0.60342416741984739 0.027716151289057356
232 153 3 0.57570801613079003 0.028024899669868097
233 153 3 0.54768311646092194 0.028118963645294204
234 153 3 0.51956415281562773 0.028118963645294204
235 153 3 0.49149799628544028 0.028066156530187458
236 153 3 0.46356509597056916 0.027932900314871112
237 153 3 0.43580364181995523 0.027761454150613929
238 153 3 0.40822691439466047 0.027576727425294767
239 153 3 0.3808324381030127 0.027394476291647762
240 153 3 0.35360601899210437 0.02722641911090834
241 153 3 0.32652298310211991 0.027083035889984453
242 153 3 0.2995481158298911 0.026974867272228809
243 153 3 0.27263595778529698 0.026912158044594126
244 153 3 0.24573516611943308 0.026927747083721781
245 153 3 0.2188074190357113 0.026927747083721781
246 153 3 0.19188865944737932 0.026918759588331981
247 153 3 0.16524193729851719 0.026646722148862129
108 154 2 0.14843463148092295 0.02419738972578786
110 154 3 0.16819145861387019 0.022508690827134137
111 154 3 0.19070014944100433 0.024836849638920216
112 154 3 0.21553699907992455 0.02639805864420014
113 154 3 0.24193505772412469 0.027308241495647839
114 154 3 0.26924329921977252 0.027850223116644646
115 154 3 0.29709352233641717 0.028221303456111291
116 154 3 0.32531482579252846 0.028525069461756203
117 154 3 0.35383989525428466 0.028810210577145612
118 154 3 0.38265010583143028 0.029099602013339221
119 154 3 0.4117497078447695 0.02940642350817807
120 154 3 0.44115613135294757 0.029742817100037289
121 154 3 0.47089894845298486 0.030125298855493754
122 154 3 0.50102424730847861 0.030579329505911357
123 154 3 0.53160357681438997 0.031144753535194192
124 154 3 0.56274833034958416 0.031884103532964225
125 154 3 0.59463243388254838 0.032891722959412673
126 154 3 0.62752415684196106 0.034258319221355693
127 154 3 0.66178247606331675 0.035738967330981475
228 154 2 0.66750730122957302 0.023408287669339889
230 154 3 0.64041103213619988 0.027096269093373149
231 154 3 0.61556358488645979 0.027036221440701169
232 154 3 0.58852736344575862 0.028079597840071191
233 154 3 0.56044776560568743 0.028373742536078939
234 154 3 0.53207402306960849 0.028373742536078939
235 154 3 0.50371240956381758 0.028361613505790917
236 154 3 0.47547805231602763 0.028234357247789943
237 154 3 0.44741182151226533 0.028066230803762304
238 154 3 0.41952308223900847 0.027888739273256857
239 154 3 0.39180446765003307 0.027718614588975399
240 154 3 0.36423649383316636 0.027567973816866709
241 154 3 0.33678792287872078 0.027448570954445584
242 154 3 0.30941357937962721 0.027374343499093567
243 154 3 0.28204958489296122 0.027445265345898473
244 154 3 0.25460431954706275 0.027664636318991742
245 154 3 0.22693968322807101 0.028111470587309562
246 154 3 0.19882821264076145 0.02896177000262723
247 154 3 0.16986644263813422 0.030371379477627303
110 155 3 0.17707258379955143 0.028637952318628479
111 155 3 0.20246283972239837 0.025552751338018487
112 155 3 0.22801559106041686 0.026342611326206078
113 155 3 0.25435820238662293 0.027068085773795936
114 155 3 0.28142628816041887 0.027631381889992146
115 155 3 0.30905767005041102 0.028072304836006146
116 155 3 0.33712997488641716 0.02844047033081426
117 155 3 0.36557044521723142 0.028769952112210895
118 155 3 0.39434039732944232 0.029080612877022238
119 155 3 0.42342101020646455 0.029383629873765693
120 155 3 0.45280464008023025 0.029685829389398843
121 155 3 0.48249046946962909 0.029991593647507531
122 155 3 0.51248206311713662 0.030300636897758082
123 155 3 0.5427827000148947 0.030597935101560392
124 155 3 0.5733806351164551 0.030834291089126498
125 155 3 0.60421492620558159 0.030926020947520283
126 155 3 0.63514094715310188 0.030926020947520283
127 155 3 0.66605661496766488 0.03146482842663334
230 155 3 0.6477869949842664 0.019720306245306629
231 155 3 0.62977027355490811 0.027494018016245514
232 155 3 0.6022762555386626 0.028875565041690865
233 155 3 0.57340069049697173 0.028926754870098215
234 155 3 0.54447393562687352 0.028926754870098215
235 155 3 0.51570976788131562 0.0287641677455579
236 155 3 0.48714106949930858 0.028568698382007041
237 155 3 0.45876862638887267 0.028372443110435908
238 155 3 0.43058311136980071 0.028185515019071961
239 155 3 0.40256765259875549 0.028015458771045221
240 155 3 0.37469711769238767 0.027870534906367816
241 155 3 0.34693589616712001 0.027761221525267665
242 155 3 0.31923362915354986 0.027716554538023574
243 155 3 0.29151707461552628 0.027843975272573596
244 155 3 0.26367309934295269 0.028166353563142843
245 155 3 0.23550674577980985 0.028892899694411694
246 155 3 0.20661384608539815 0.03070947088818507
247 155 3 0.17590437519721308 0.036409312036706165
104 156 1 0.13129015340081804 0.026322899189542101
108 156 3 0.14986454464654447 0.018574391245726435
109 156 3 0.16585071168613078 0.023352257476761201
110 156 3 0.18920296916289198 0.024854563078238051
111 156 3 0.21405753224113003 0.02563415960598342
112 156 3 0.23969169184711345 0.026344183073370414
113 156 3 0.26603587492048386 0.026982522891904059
114 156 3 0.29301839781238792 0.027527155314715279
115 156 3 0.3205455531271032 0.027988167061846092
116 156 3 0.34853372018894929 0.028386541367791396
117 156 3 0.37692026155674069 0.028740395855843093
118 156 3 0.40566065741258378 0.029061049602024269
119 156 3 0.43472170701460805 0.029353339778448118
120 156 3 0.46407504679305617 0.029616868127442297
121 156 3 0.49369191492049846 0.029846105723806415
122 156 3 0.52353802064430488 0.030025090754296935
123 156 3 0.55356311139860181 0.030103369795615231
124 156 3 0.58366648119421705 0.030103369795615231
125 156 3 0.61358682473852644 0.029920343544309391
126 156 3 0.64264043547891658 0.029053610740390146
127 156 3 0.66964514712548096 0.027876296268817269
224 156 1 0.70107903082855394 0.020527740301083508
228 156 2 0.67809263988688573 0.024763920908596138
230 156 2 0.65332871897828959 0.031117444859296906
232 156 3 0.61728895657736915 0.036039762400920439
233 156 3 0.58629525657501214 0.030993700002357016
234 156 3 0.55660991084054756 0.029685345734464574
235 156 3 0.52741845233659768 0.029191458503949885
236 156 3 0.4985227095938875 0.028895742742710173
237 156 3 0.46986139977863867 0.028661309815248837
238 156 3 0.44140393667442374 0.028457463104214931
239 156 3 0.41312466311671397 0.028279273557709761
240 156 3 0.38499502194923874 0.028129641167475239
241 156 3 0.35697930949508827 0.028015712454150465
242 156 3 0.32903013144916077 0.027949178045927503
243 156 3 0.30108190986102246 0.02803994765684803
244 156 3 0.27304196220417443 0.028256049057045485
245 156 3 0.24478591314712894 0.028576263787805728
246 156 3 0.21620964935932321 0.028576263787805728
247 156 3 0.18764427695138519 0.028565372407938022
248 156 2 0.16230947697597031 0.029588886663921232
250 156 2 0.14327170484592369 0.019621769918267543
252 156 1 0.12364993492765615 0.023492753000866951
108 157 3 0.15389171516918418 0.022601561768366141
109 157 3 0.17590533444871015 0.02392386876056346
110 157 3 0.19982920320927361 0.025034661727961149
111 157 3 0.22486386493723476 0.025777987150950477
112 157 3 0.25064185208818524 0.026410068802049436
113 157 3 0.27705192089023467 0.026983102767631217
114 157 3 0.30403502365786589 0.027498816858905983
115 157 3 0.33153384051677187 0.027958790499397035
116 157 3 0.35949263101616891 0.028369130730509173
117 157 3 0.38786176174667808 0.028735926971402981
118 157 3 0.41659768871808106 0.029061634910981016
119 157 3 0.44565932362906208 0.02934350386118334
120 157 3 0.47500282749024542 0.029573806414120052
121 157 3 0.50457663390436547 0.029742406317252557
122 157 3 0.53431904022161802 0.029841728976341519
123 157 3 0.56416076919795954 0.029861560219303973
124 157 3 0.59402232941726352 0.029861560219303973
125 157 3 0.62370392978470679 0.029681600367443273
126 157 3 0.65205903720500236 0.028355107420295567
127 157 3 0.67222462932657367 0.025296814067724549
232 157 3 0.62713359166061611 0.029365335446992047
233 157 3 0.59776825621362406 0.029621054834615412
234 157 3 0.56814720137900865 0.029621054834615412
235 157 3 0.53873489190313273 0.02941230947587592
236 157 3 0.50958156476744132 0.029153327135691409
237 157 3 0.48067007678629348 0.028911487981147843
238 157 3 0.45197435794264323 0.028695718843650242
239 157 3 0.42346780107251158 0.02850655687013165
240 157 3 0.39512267787597311 0.02834512319653848
241 157 3 0.36690774470778187 0.028214933168191236
242 157 3 0.3387850772530111 0.028122667454770767
243 157 3 0.31070570009515641 0.028103705357021724
244 157 3 0.28260199473813469 0.028233747483317806
245 157 3 0.25436824725481688 0.028582777581282609
246 157 3 0.22578546967353427 0.029633019345136402
247 157 3 0.19615245032839787 0.033842973352427558
108 158 3 0.15851470444843033 0.027224551047612289
109 158 3 0.18405150792742153 0.025536803478991205
110 158 3 0.20933980790081275 0.02557525910263761
111 158 3 0.23491506700345036 0.026025862434575525
112 158 3 0.26094092943802588 0.026527611549068797
113 158 3 0.28746854098709468 0.027033434885134877
114 158 3 0.31450197587222956 0.027518491307028214
115 158 3 0.34202046717925777 0.027971176448699731
116 158 3 0.3699916436279575 0.02838726469219599
117 158 3 0.39837890832015349 0.028764431685650349
118 158 3 0.42714334000580384 0.029097841736263896
119 158 3 0.45624118174206774 0.029376927467269665
120 158 3 0.4856181092093374 0.029584066675714282
121 158 3 0.51520217588505168 0.029699548181603586
122 158 3 0.54490172406665527 0.029729388012298852
123 158 3 0.57463111207895412 0.029811060096025521
124 158 3 0.60444217217497964 0.030580955436945501
125 158 3 0.63502312761192514 0.034511565440715319
126 158 2 0.66953469305264046 0.030881079214561957
228 158 2 0.68989844735689232 0.016249778751537436
230 158 2 0.6737033988333111 0.032444827275118659
232 158 3 0.64002363360652204 0.03367976522678906
233 158 3 0.60938050292948387 0.030643130677038166
234 158 3 0.5793676714174949 0.030012831511988969
235 158 3 0.54969260612801041 0.029675065289484492
236 158 3 0.52030708949447391 0.029385516633536501
237 158 3 0.49117966844966532 0.029127421044808588
238 158 3 0.46228040586466496 0.028899262585000363
239 158 3 0.43358233510660082 0.028698070758064131
240 158 3 0.40506095780750218 0.028521377299098649
241 158 3 0.37669266354133346 0.028368294266168714
242 158 3 0.34845337816561517 0.028239285375718293
243 158 3 0.32031833364119006 0.028135044524425112
244 158 3 0.29226444596281698 0.02805388767837308
245 158 3 0.26427987001623604 0.027984575946580936
246 158 3 0.23639975332847593 0.027880116687760109
247 158 3 0.20886703857530903 0.027532714753166904
248 158 3 0.18299404461317728 0.025872993962131746
249 158 3 0.16619837365693366 0.018521789060829214
250 158 2 0.14767658459610444 0.024026649668448294
108 159 3 0.16483201185401625 0.033541858453198209
109 159 3 0.19244569135421805 0.027613679500201799
110 159 3 0.21855593989823377 0.026110248544015724
111 159 3 0.24450102998870885 0.026215324086501984
112 159 3 0.27071635407521083 0.026633653854037764
113 159 3 0.29735000792924859 0.027096949446002938
114 159 3 0.32444695737525153 0.027562801224738753
115 159 3 0.35200975859999029 0.028012282238318087
116 159 3 0.38002204083830837 0.028436312863282631
117 159 3 0.408458353701591 0.028828568258197185
118 159 3 0.43728692195978819 0.029180143095991651
119 159 3 0.46646706505577984 0.029473979488035151
120 159 3 0.49594104454381499 0.029677599619457207
121 159 3 0.5256186441632722 0.029733906810802457
122 159 3 0.55535255097407465 0.029733906810802457
123 159 3 0.58490932627349124 0.029556775299416582
124 159 3 0.61397319511714232 0.029063868843651086
125 159 3 0.64228410006423198 0.028310904947089655
232 159 3 0.64974857572098177 0.029505897760021216
233 159 3 0.62024267796096055 0.030103565996033477
234 159 3 0.59013911196492708 0.030103565996033477
235 159 3 0.5602579162182727 0.029881195746654376
236 159 3 0.53067998209736256 0.029577934120910143
237 159 3 0.50137480309392057 0.029305179003441983
238 159 3 0.47230712788328866 0.029067675210631916
239 159 3 0.44345013924206883 0.028856988641219827
240 159 3 0.41478415501552285 0.028665984226545982
241 159 3 0.38629455537192764 0.028489599643595209
242 159 3 0.35797135238285971 0.02832320298906793
243 159 3 0.32981161353664179 0.028159738846217919
244 159 3 0.30182724011292245 0.027984373423719344
245 159 3 0.27406450464429832 0.027762735468624122
246 159 3 0.24665187726624738 0.027412627378050947
247 159 3 0.21991480597463783 0.026737071291609543
248 159 3 0.19460136826980748 0.025313437704830355
249 159 3 0.17181810252447938 0.024141517928374934
0 160 0 0.0043216753752458141 0.00071266715577337266
8 160 0 0.0050343425310191868 0.0014844684311923857
16 160 0 0.0065188109622115725 0.0023728360849370397
24 160 0 0.0088916470471486122 0.0034315521940482662
32 160 0 0.012323199241196878 0.0047083902091102012
40 160 0 0.01703158945030708 0.0062423357316268926
48 160 0 0.023273925181933972 0.0080605767550061998
56 160 0 0.031334501936940172 0.010175657428620262
64 160 0 0.041510159365560434 0.012583142455536225
72 160 0 0.054093301821096659 0.015257905092811885
80 160 0 0.069351206913908545 0.018129088998070891
88 160 0 0.087480295911979436 0.020890730753932482
96 160 0 0.10837102666591192 0.021719837730681618
104 160 2 0.12870760149397065 0.020336574828058729
106 160 3 0.14001218456278725 0.013426307320070968
107 160 3 0.15343849188285821 0.023643805263143441
108 160 3 0.17708229714600165 0.025258156702702927
109 160 3 0.20234045384870458 0.025586670362145014
110 160 3 0.2279271242108496 0.025872299530925846
111 160 3 0.25379942374177544 0.026249366053690881
112 160 3 0.28004878979546632 0.026687271571121385
113 160 3 0.30673606136658771 0.027150302815783511
114 160 3 0.33388636418237122 0.027615731035217694
115 160 3 0.36150209521758891 0.02807094730213161
116 160 3 0.38957304251972052 0.028509113070772751
117 160 3 0.41808215559049328 0.028925240073939706
118 160 3 0.44700739566443298 0.029311927975410934
119 160 3 0.47631932363984392 0.029652900611271293
120 160 3 0.50597222425111521 0.029910032742747839
121 160 3 0.53588225699386305 0.029993268639719295
122 160 3 0.56587552563358234 0.029993268639719295
123 160 3 0.59556707222360838 0.029691546590026041
124 160 3 0.62413555147391131 0.028568479250302925
125 160 3 0.65047570783840403 0.028796468623972116
126 160 2 0.67927217646237614 0.032341409520471154
128 160 0 0.7116135859828473 0.031806533510149504
136 160 0 0.74005585467781954 0.028442268694972239
144 160 0 0.76388321869715936 0.023827364019339825
152 160 0 0.78265141260205451 0.018768193904895147
160 160 0 0.79609213456880046 0.01344072196674595
168 160 0 0.80399540304416128 0.01353009997039667
176 160 0 0.80623084941464085 0.013614166012539508
184 160 0 0.8027680129971605 0.013701032983056805
192 160 0 0.79368349588043441 0.014524737462587756
200 160 0 0.77915875841784665 0.019670262393476245
208 160 0 0.75948849602437041 0.024380967864427228
216 160 0 0.73510752815994318 0.028959302051513425
224 160 0 0.70614822610842976 0.031745095482087038
232 160 3 0.66489336299379653 0.041254863114633222
233 160 3 0.63157966158011247 0.03331370141368406
234 160 3 0.60057385824829801 0.031005803331814463
235 160 3 0.57041410789024405 0.030159750358053961
236 160 3 0.54068263752461787 0.029731470365626178
237 160 3 0.51124324175569724 0.029439395768920629
238 160 3 0.48204218513927993 0.029201056616417309
239 160 3 0.45305410550778458 0.028988079631495356
240 160 3 0.42426621426728994 0.028787891240494634
241 160 3 0.39567331578309872 0.02859289848419122
242 160 3 0.36727708672395859 0.028396229059140132
243 160 3 0.33908865167484964 0.028188435049108951
244 160 3 0.31113535556804806 0.027953296106801584
245 160 3 0.28347374850697526 0.02766160706107279
246 160 3 0.25621080636738786 0.027262942139587409
247 160 3 0.22952873931767251 0.026682067049715347
248 160 3 0.2036753427374639 0.025853396580208604
249 160 3 0.17879920468318364 0.024876138054280267
250 160 2 0.15481556059579565 0.02702852334063327
252 160 1 0.12908358874431392 0.024805544301610666
256 160 0 0.10503838469075824 0.026499786933290942
264 160 0 0.083863391004627766 0.021174993686130475
272 160 0 0.066174873288522201 0.017688517716105565
280 160 0 0.051432128810955859 0.014742744477566343
288 160 0 0.039322810869006013 0.012109317941949846
296 160 0 0.029555090437656036 0.0097677204313499771
304 160 0 0.021827013781869912 0.0077280766557861237
312 160 0 0.015833116679634263 0.0059938971022356485
320 160 0 0.011277394637208463 0.0045557220424258006
328 160 0 0.0078849879070123398 0.0033924067301961229
336 160 0 0.0054105327118739582 0.0024744551951383816
344 160 0 0.003642827524650089 0.0017677051872238693
352 160 0 0.002406160704096153 0.001236666820553936
360 160 0 0.001558978190249349 0.00084718251384680401
368 160 0 0.00099069506571195431 0.00056828312453739466
376 160 0 0.00061743607751921909 0.00037325898819273522
384 160 0 0.00037737662573435893 0.00024005945178486016
392 160 0 0.00022619267747279851 0.00015118394826156041
400 160 0 0.00013295417238784222 9.3238505084956299e-05
408 160 0 7.6639665468718036e-05 5.631450691912418e-05
416 160 0 4.3326136099202002e-05 3.3313529369516034e-05
424 160 0 2.4022326883096578e-05 1.9303809216105424e-05
432 160 0 1.3064109227915116e-05 1.0958217655181461e-05
440 160 0 6.9691753420897633e-06 6.094933885825353e-06
448 160 0 3.6472350849421723e-06 3.321940257147591e-06
456 160 0 1.8727568974436101e-06 1.7744781874985622e-06
464 160 0 9.4367151518255325e-07 9.2908538226105687e-07
472 160 0 4.6688261442061275e-07 4.767889007619405e-07
480 160 0 2.2726504361698286e-07 2.3961757080362992e-07
488 160 0 1.0987267561270147e-07 1.1739236800428139e-07
496 160 0 5.5077396941428785e-08 5.4795278671272689e-08
504 160 0 3.3619874978577123e-08 2.1457521962851662e-08
106 161 3 0.1466240950761413 0.018753152427858771
107 161 3 0.16537724750400007 0.022342360737798633
108 161 3 0.1877196082417987 0.024181468206055129
109 161 3 0.21190107644785383 0.025098862598400662
110 161 3 0.23699993904625449 0.025700858584365771
111 161 3 0.26270079763062026 0.026215232154883528
112 161 3 0.28891602978550379 0.026708286791649383
113 161 3 0.31562431657715317 0.027193636525106812
114 161 3 0.34281795310225999 0.027671104539639058
115 161 3 0.37048905764189904 0.028138752904736497
116 161 3 0.39862781054663554 0.028595906180099884
117 161 3 0.42722371672673543 0.029043176443739382
118 161 3 0.45626689317047481 0.029481134232178852
119 161 3 0.48574802740265366 0.029907263005394258
120 161 3 0.51565529040804792 0.030307882377513806
121 161 3 0.54596317278556172 0.030629078665432741
122 161 3 0.57659225145099446 0.03063923382065481
123 161 3 0.60723148527164927 0.03063923382065481
124 161 3 0.63640171589078653 0.029170230619137261
125 161 3 0.65607900374880224 0.023193172713573906
232 161 3 0.6719614545793573 0.034186771529072457
233 161 3 0.64048266544802768 0.031478789131329621
234 161 3 0.61004526245317481 0.030437402994852869
235 161 3 0.58003327756911061 0.030011984884064202
236 161 3 0.55029289567285833 0.029740381896252277
237 161 3 0.52078134780395202 0.029511547868906307
238 161 3 0.4914805253370379 0.029300822466914123
239 161 3 0.46238232707391869 0.029098198263119213
240 161 3 0.4334858412481355 0.028896485825783191
241 161 3 0.40479601759463357 0.028689823653501922
242 161 3 0.37632362036527356 0.028472397229360014
243 161 3 0.34808705478040641 0.028236565584867146
244 161 3 0.32011611605284573 0.027970938727560679
245 161 3 0.29245639455530953 0.027659721497536205
246 161 3 0.26516853256984207 0.027287861985467454
247 161 3 0.2383010995412026 0.026867433028639476
248 161 3 0.21176633040841841 0.026877367218744203
249 161 3 0.18488896318967421 0.030073402593878557
104 162 2 0.13190970661376591 0.023538679947853997
106 162 3 0.15240908844784432 0.021322284822879539
107 162 3 0.17373137327072385 0.022784838666064594
108 162 3 0.19651621193678845 0.024019784481283002
109 162 3 0.22053599641807145 0.024919470658937515
110 162 3 0.24545546707700897 0.025609870970365073
111 162 3 0.27106533804737404 0.02619508649888852
112 162 3 0.29726042454626256 0.026729521314200866
113 162 3 0.32398994586046342 0.02723721447616273
114 162 3 0.35122716033662615 0.027728511486177498
115 162 3 0.37895567182280365 0.028209122378132001
116 162 3 0.40716479420093565 0.028684509998590513
117 162 3 0.43584930419952617 0.029162215679439218
118 162 3 0.46501151987896538 0.029653826232358849
119 162 3 0.49466534611132423 0.030178662261087064
120 162 3 0.5248440083724113 0.03077656161189235
121 162 3 0.55562056998430365 0.031567239079242748
122 162 3 0.5871878090635464 0.033057380927247748
123 162 3 0.62024518999079414 0.03778763662959661
124 162 2 0.65803282662039075 0.033707615089620946
126 162 2 0.68210233896212391 0.029511247020723386
232 162 3 0.67618402093948937 0.029964205168940383
233 162 3 0.64821567153033033 0.029244403190769819
234 162 3 0.61897126833956051 0.029701898634108104
235 162 3 0.58926936970545241 0.029701898634108104
236 162 3 0.55957126785035738 0.029698101855095027
237 162 3 0.53001402725611257 0.029557240594244805
238 162 3 0.50062982318050964 0.029384204075602938
239 162 3 0.47143063470199786 0.029199188478511773
240 162 3 0.44242875409171512 0.029001880610282749
241 162 3 0.41363932107341528 0.028789433018299837
242 162 3 0.3850803570442779 0.028558964029137379
243 162 3 0.35677379272405985 0.028306564320218053
244 162 3 0.32874745915192988 0.028026333572129969
245 162 3 0.30103671651561648 0.027710742636313401
246 162 3 0.27368298029825716 0.027353736217359315
247 162 3 0.24672542617447343 0.026957554123783728
248 162 3 0.22019191406119634 0.026533512113277091
249 162 3 0.19417419653609996 0.026017717525096379
250 162 3 0.16951228418057807 0.024661912355521898
251 162 3 0.15186566666736812 0.0227820779230542
106 163 3 0.15737928402349738 0.025469577409731464
107 163 3 0.18062517980081721 0.023448622978139183
108 163 3 0.2040738027789564 0.024186694386068325
109 163 3 0.22826049716502472 0.024942428610519596
110 163 3 0.25320292577554432 0.025616921105397039
111 163 3 0.27881984688094136 0.026218393425967879
112 163 3 0.30503824030690924 0.026770003182999103
113 163 3 0.33180824348990834 0.027289536405059323
114 163 3 0.35909777989496766 0.027788799993579472
115 163 3 0.38688657988854713 0.028276762107850961
116 163 3 0.41516334199639809 0.028762696700223966
117 163 3 0.44392603869662206 0.029259105257231133
118 163 3 0.47318514395385319 0.029784899300207834
119 163 3 0.50297004325406103 0.030368447680863442
120 163 3 0.53333849093492447 0.031043735508340053
121 163 3 0.56438222644326452 0.031796977602432275
122 163 3 0.5961792040456968 0.032226029025048675
123 163 3 0.62840523307074547 0.032226029025048675
232 163 3 0.67827198868764438 0.027876237420785377
233 163 3 0.65709392288275259 0.028861669045590177
234 163 3 0.62823225383716241 0.029844686789065933
235 163 3 0.59838756704809648 0.029844686789065933
236 163 3 0.56860309187513791 0.029784475172958569
237 163 3 0.53897634784964832 0.029626744025489593
238 163 3 0.50950509093802221 0.029471256911626109
239 163 3 0.48020086672493079 0.029304224213091423
240 163 3 0.45108663278148597 0.029114233943444812
241 163 3 0.4221876793302442 0.028898953451241771
242 163 3 0.39352825120145402 0.028659428128790188
243 163 3 0.36513180647673227 0.028396444724721748
244 163 3 0.3370225744159982 0.028109232060734068
245 163 3 0.30922714800185647 0.027795426414141733
246 163 3 0.28177599845790285 0.027451149543953612
247 163 3 0.25470797171189141 0.027068026746011442
248 163 3 0.22809133560457687 0.026616636107314545
249 163 3 0.2021004661438669 0.02599086946070997
250 163 3 0.17719736898438701 0.024903097159479887
251 163 3 0.1540597443247389 0.024976155580424986
104 164 3 0.12811962813828995 0.01974860147237803
105 164 3 0.14332208276576633 0.021257788381112641
106 164 3 0.16457987114687897 0.022736688457070081
107 164 3 0.18731655960394905 0.023570574054501719
108 164 3 0.21088713365845077 0.024329226107615037
109 164 3 0.23521635976606581 0.025039682891080772
110 164 3 0.26025604265714658 0.025689839451739249
111 164 3 0.28594588210888583 0.026284225506548631
112 164 3 0.31223010761543446 0.02683505342921888
113 164 3 0.33906516104465334 0.027354458859752739
114 164 3 0.36641961990440608 0.027852566468310025
115 164 3 0.3942721863727161 0.028338455531562889
116 164 3 0.42261064190427899 0.028822286787439588
117 164 3 0.45143292869171858 0.029318335871140078
118 164 3 0.48075126456285866 0.029849786389196553
119 164 3 0.51060105095205521 0.0304578885015373
120 164 3 0.54105893945359251 0.031224151525592991
121 164 3 0.5722830909791855 0.032341883742382782
122 164 3 0.60462497472156829 0.034413014738616798
123 164 3 0.63903798946018509 0.039888857772960584
124 164 1 0.67892684723314567 0.033759141042908891
232 164 2 0.67352244809185235 0.0326257780165774
234 164 3 0.63835111126981658 0.03517133682203577
235 164 3 0.60732886518323592 0.031022246086580663
236 164 3 0.57736893307687953 0.029959932106356391
237 164 3 0.54768331456464125 0.029685618512238277
238 164 3 0.51812179274318315 0.029561521821458103
239 164 3 0.48869785304078378 0.029423939702399371
240 164 3 0.45945419014399941 0.029243662896784373
241 164 3 0.43042961465106422 0.02902457549293519
242 164 3 0.40165432832946563 0.028775286321598592
243 164 3 0.37315175108900528 0.028502577240460347
244 164 3 0.34494091006611899 0.02821084102288629
245 164 3 0.31703810807885119 0.0279028019872678
246 164 3 0.28945836612768577 0.027579741951165415
247 164 3 0.26221914140278524 0.027239224724900535
248 164 3 0.2353524035857677 0.026866737817017539
249 164 3 0.20893358163545145 0.026418821950316251
250 164 3 0.18311848305052916 0.025815098584922286
251 164 3 0.15810022896320414 0.025018254087325026
252 164 1 0.13399275450378451 0.029441996249733537
104 165 3 0.12889039712253569 0.020519370456623776
105 165 3 0.14868967032476044 0.021616587928244863
106 165 3 0.1703062582530053 0.022866220984002539
107 165 3 0.19317247923700784 0.023761231659821164
108 165 3 0.216933710896829 0.024513194833781615
109 165 3 0.24144690573061062 0.025190261978966511
110 165 3 0.26663716770957713 0.025811353284445837
111 165 3 0.29244852099402296 0.026386257413575531
112 165 3 0.3188347784075985 0.02692399753428204
113 165 3 0.34575877594188054 0.02743298979876535
114 165 3 0.37319176574064589 0.027920708286740703
115 165 3 0.40111247402738659 0.028394214031406684
116 165 3 0.42950668805879327 0.028861518291576571
117 165 3 0.45836820635036984 0.029333873769821661
118 165 3 0.48770208012019151 0.02982957103380518
119 165 3 0.51753165115399669 0.030380537275754294
120 165 3 0.54791218842975098 0.031044243122851811
121 165 3 0.57895643155260279 0.031924213178656458
122 165 3 0.61088064473125925 0.033185518505587264
123 165 3 0.64406616323684651 0.034860683996299158
234 165 3 0.64419285946235771 0.029329588629494641
235 165 3 0.61508862278050935 0.029338902844307735
236 165 3 0.58574971993620162 0.02958587401114332
237 165 3 0.5561638459250583 0.029656912250512257
238 165 3 0.52650693367454604 0.029656912250512257
239 165 3 0.49692889666851675 0.02957803700602929
240 165 3 0.46752524692128122 0.029403649747235527
241 165 3 0.43835302812759624 0.029172218793684979
242 165 3 0.40944656245213806 0.028906465675458182
243 165 3 0.38082683491911506 0.028619727533022998
244 165 3 0.35250599571629371 0.028320839202821357
245 165 3 0.32448860941045593 0.028017386305837777
246 165 3 0.29677052356323835 0.027718085847217577
247 165 3 0.26933572445944659 0.027434799103791763
248 165 3 0.24215092694743157 0.027184797512015024
249 165 3 0.21515567164337027 0.0269952553040613
250 165 3 0.18824258798670168 0.027005927409928576
251 165 3 0.16123666057677311 0.0272439060729886
104 166 3 0.13039572934790042 0.022024702681988501
105 166 3 0.15224898770631756 0.022537122098679252
106 166 3 0.17478610980499681 0.023344061464275256
107 166 3 0.19813017126927207 0.024088353297732623
108 166 3 0.22221852456700469 0.024765247111539684
109 166 3 0.24698377167854438 0.025389796826296246
110 166 3 0.27237356850484062 0.025971842898903474
111 166 3 0.2983454114037441 0.02651806426268849
112 166 3 0.32486347566643259 0.027034133944570604
113 166 3 0.35189760961100319 0.027525081369760396
114 166 3 0.37942269098076359 0.027995198959192669
115 166 3 0.40741788993995626 0.028448164291338063
116 166 3 0.43586605423129432 0.028887545706655138
117 166 3 0.46475359993794946 0.029317773402512959
118 166 3 0.49407137334046242 0.029745640990959055
119 166 3 0.52381701433142147 0.030181836850990962
120 166 3 0.55399885118241243 0.030639266087953421
121 166 3 0.58463811727036585 0.031116147790401949
122 166 3 0.6157542650607678 0.031534740358017177
123 166 3 0.64728900541878498 0.03163784181436069
232 166 2 0.67843466081337511 0.027713565295054643
234 166 3 0.64967957828720779 0.028755082526167319
235 166 3 0.62296161656105264 0.028697258910112211
236 166 3 0.59426435765094043 0.029653688314873139
237 166 3 0.56461066933606729 0.029893828560874969
238 166 3 0.53471684077519233 0.029893828560874969
239 166 3 0.50489755197121333 0.029819288803978994
240 166 3 0.47528517098874395 0.029612380982469377
241 166 3 0.44593921061815373 0.029345960370590229
242 166 3 0.41688871827259733 0.0290504923455564
243 166 3 0.38814773481760562 0.028740983454991709
244 166 3 0.35972027981543198 0.028427455002173641
245 166 3 0.33160030864604711 0.028119971169384861
246 166 3 0.303767639825966 0.027832668820081119
247 166 3 0.2761782023130826 0.027589437512883397
248 166 3 0.2487433670959989 0.027456828118063659
249 166 3 0.22128653897793524 0.027828607728621946
250 166 3 0.19345793124931329 0.028841018264934931
251 166 3 0.16461691298437836 0.030624158480593855
104 167 3 0.13208654434854919 0.023715517682637272
105 167 3 0.15513248696660467 0.023328375811042107
106 167 3 0.17846086277764678 0.023878099479219872
107 167 3 0.20233896225686665 0.024476195691674418
108 167 3 0.22681515794854107 0.025062758204682734
109 167 3 0.2518779161532238 0.025624757199052772
110 167 3 0.27750267335227657 0.026160898825576873
111 167 3 0.30366357217785345 0.02667259488703444
112 167 3 0.33033616706488789 0.027161804444739535
113 167 3 0.35749797150962742 0.027630262249849324
114 167 3 0.38512823375947675 0.02807895575191488
115 167 3 0.41320718951139163 0.028507672484085367
116 167 3 0.44171486199547699 0.028914565809094295
117 167 3 0.47062942780457129 0.029295740643323798
118 167 3 0.49992516844789509 0.02964496039240766
119 167 3 0.52957012884030275 0.029953349645319594
120 167 3 0.55952347848562234 0.030206147057697752
121 167 3 0.58972962554332009 0.030357541321382797
122 167 3 0.62008716686470289 0.030357541321382797
123 167 3 0.65027766664513054 0.030190499780427649
234 167 3 0.65299794006499878 0.025436720748376329
235 167 3 0.63269024225811821 0.029070355001413639
236 167 3 0.60361988725670457 0.03042939821398527
237 167 3 0.5731904890427193 0.030436969592316121
238 167 3 0.54275351945040318 0.030436969592316121
239 167 3 0.51256903751838567 0.030184481932017504
240 167 3 0.48269677210949713 0.029872265408888543
241 167 3 0.45315629728404982 0.029540474825447305
242 167 3 0.42395591759137585 0.029200379692673972
243 167 3 0.39509773947225857 0.028858178119117284
244 167 3 0.36657769255937361 0.028520046912884955
245 167 3 0.33838319637600911 0.028194496183364504
246 167 3 0.31048779768782281 0.027895398688186301
247 167 3 0.28284004777808697 0.027647749909735841
248 167 3 0.25533940558566248 0.027560992215337893
249 167 3 0.22777841337032459 0.028095796529322509
250 167 3 0.19968261684100208 0.029897416351285538
251 167 3 0.16978520048971654 0.035792445985932037
0 168 0 0.0044357416439940196 0.00073061409899115911
8 168 0 0.0051663557429851787 0.0015216528195225558
16 168 0 0.0066880085625077345 0.0024317375828999581
24 168 0 0.0091197461454076926 0.0035156069325776359
32 168 0 0.012635353077985328 0.0048215553462208037
40 168 0 0.017456908424206132 0.006388313219095245
48 168 0 0.023845221643301377 0.0082414715739314096
56 168 0 0.032086693217232787 0.010389956634039625
64 168 0 0.042476649851272412 0.012824902524469564
72 168 0 0.055301552375741976 0.015533694049725565
80 168 0 0.070835246425467541 0.0186007465618548
88 168 0 0.089435992987322341 0.02279317151742008
96 168 0 0.11222916450474242 0.025545941513698475
104 168 3 0.13446049648234315 0.023280291754892324
105 168 3 0.15774078823723547 0.0238459120925473
106 168 3 0.18158670032978277 0.024357164103335327
107 168 3 0.2059438644331181 0.024868784216666717
108 168 3 0.23081264864978482 0.025377862382100574
109 168 3 0.25619051103188539 0.025878429176056039
110 168 3 0.28206894020794143 0.026367087185305782
111 168 3 0.30843602739324721 0.026842139142527366
112 168 3 0.33527816653577458 0.027302601221553147
113 168 3 0.36258076775732773 0.0277474360595239
114 168 3 0.39032820381685163 0.028174778524798161
115 168 3 0.41850298234164979 0.028580960469377747
116 168 3 0.44708394281102753 0.028959135122040069
117 168 3 0.4760430779330676 0.029297376325226498
118 168 3 0.5053404542582941 0.029576716383462487
119 168 3 0.53491717064175659 0.029771965748799922
120 168 3 0.56468913639055651 0.029865864836695954
121 168 3 0.59455500122725247 0.029908756217460031
122 168 3 0.6244637574447125 0.030211965057981183
123 168 3 0.65467572250269368 0.03194173466727912
124 168 1 0.6866174571699728 0.032892543625790416
128 168 0 0.71951000079576322 0.03211186973471114
136 168 0 0.74780730871405066 0.02829730791828744
144 168 0 0.7716232985810576 0.023815989867006948
152 168 0 0.79046530307376461 0.01884200449270701
160 168 0 0.80399540304416128 0.01353009997039667
168 168 0 0.81198372981107891 0.0079883267669176306
176 168 0 0.81429947186787899 0.008068622453238139
184 168 0 0.81091272584046548 0.0090171392275806284
192 168 0 0.80189558661288485 0.014475597290859898
200 168 0 0.78741998932202495 0.019667458703347185
208 168 0 0.76775253061867776 0.024516978705950376
216 168 0 0.74323555191272739 0.029017003401193397
224 168 0 0.71421854851153399 0.032900640779979562
232 168 2 0.68217165789865153 0.032046890612882462
234 168 2 0.65105509914666904 0.033746673802230065
236 168 3 0.61421626741107349 0.036838831735595545
237 168 3 0.58166830098003608 0.032547966431037412
238 168 3 0.55043674094016426 0.03123156003987182
239 168 3 0.5198358679649413 0.030600872975222959
240 168 3 0.48969257832989294 0.030143289635048365
241 168 3 0.4599576154506374 0.029734962879255533
242 168 3 0.4306134661944504 0.029344149256187002
243 168 3 0.40165027962862337 0.028963186565827026
244 168 3 0.37305822886194345 0.028592050766679922
245 168 3 0.3448235627100899 0.028234666151853549
246 168 3 0.31692468529606843 0.027898877414021472
247 168 3 0.28932688044210664 0.027597804853961794
248 168 3 0.26197554637797726 0.027351334064129373
249 168 3 0.23479249939881247 0.027183046979164793
250 168 3 0.20770411312247505 0.027088386276337417
251 168 3 0.18085197117376162 0.026852141948713437
252 168 3 0.15575546864574907 0.025096502528012543
253 168 3 0.14140408194580389 0.014351386699945179
254 168 2 0.12867535431340757 0.0227390624243618
256 168 0 0.10593629188904577 0.022237937418304404
264 168 0 0.08546199048978817 0.0204743013992576
272 168 0 0.0676913887339856 0.01777060175580257
280 168 0 0.052699600305304115 0.014991788428681485
288 168 0 0.040328484699791611 0.012371115605512503
296 168 0 0.030328320701077223 0.010000163998714388
304 168 0 0.022407259396592848 0.0079210613044843753
312 168 0 0.016259320446182553 0.0061479389504102942
320 168 0 0.011584196244502796 0.0046751242016797572
328 168 0 0.0081015362713570595 0.0034826599731457367
336 168 0 0.0055604279782350864 0.0025411082931219731
344 168 0 0.0037445855153122824 0.0018158424629228041
352 168 0 0.002473905976960694 0.0012706795383515884
360 168 0 0.0016032055668832852 0.00087070041007740874
368 168 0 0.001019007454138153 0.00058419811274513221
376 168 0 0.00063520705157810587 0.00038380040256004715
384 168 0 0.00038831314246666666 0.00024689390911143921
392 168 0 0.00023279158563750969 0.00015552155682915697
400 168 0 0.00013685800754469841 9.5933578092811283e-05
408 168 0 7.890403288777554e-05 5.795397465692287e-05
416 168 0 4.4613959507611854e-05 3.4290073380163686e-05
424 168 0 2.4740526796027363e-05 1.9873432711584491e-05
432 168 0 1.3456886822780717e-05 1.1283639973246647e-05
440 168 0 7.1798439060919794e-06 6.2770429166887373e-06
448 168 0 3.7580634022574058e-06 3.4217805038345736e-06
456 168 0 1.9299517630418635e-06 1.8281116392155422e-06
464 168 0 9.7263221837926217e-07 9.5731954466260136e-07
472 168 0 4.8127856383113129e-07 4.9135365454813088e-07
480 168 0 2.3430487118416001e-07 2.4697369264697128e-07
488 168 0 1.1329187557861378e-07 1.2101299560554624e-07
496 168 0 5.6799697705300339e-08 5.6492177873313442e-08
504 168 0 3.4675701724669012e-08 2.2123995980631327e-08
104 169 3 0.13579838354968604 0.02399158737811849
105 169 3 0.15978997092780453 0.024411244013448546
106 169 3 0.18420121494125308 0.024829124444130296
107 169 3 0.20903033938538337 0.025257015743341271
108 169 3 0.23428735512872464 0.025694417688728904
109 169 3 0.25998177281745355 0.026136791538541482
110 169 3 0.28611856435599503 0.026579509161928583
111 169 3 0.31269807351792361 0.027018751444027267
112 169 3 0.33971682496195088 0.027451358971192497
113 169 3 0.36716818393314338 0.027874296837892831
114 169 3 0.39504248077103621 0.028283823152536802
115 169 3 0.42332630392357301 0.028674190776285635
116 169 3 0.45200049469985865 0.029035455549774325
117 169 3 0.48103595024963297 0.029349625813937519
118 169 3 0.51038557606357049 0.029584188503000375
119 169 3 0.53996976456657086 0.029683495299803409
120 169 3 0.56965325986637427 0.029683495299803409
121 169 3 0.59922138101252387 0.029568121146149595
122 169 3 0.62841254896076726 0.029191167948243391
123 169 3 0.65721084449662137 0.029406612673351429
236 169 3 0.62040058327780456 0.031682861865828915
237 169 3 0.58871772141197565 0.031682861865828915
238 169 3 0.55738612532640164 0.031331596085574009
239 169 3 0.52655061457241681 0.030835510753984829
240 169 3 0.49619406925272175 0.030356545319695061
241 169 3 0.46629051869541321 0.029903550557308534
242 169 3 0.43682071723133747 0.02946980146407574
243 169 3 0.40777049645503038 0.02905022077630709
244 169 3 0.37912822303573124 0.028642273419299147
245 169 3 0.35088289834811393 0.028245324687617313
246 169 3 0.32302306456184116 0.02785983378627277
247 169 3 0.29553751210088425 0.027485552460956908
248 169 3 0.26842128918978791 0.027116222911096333
249 169 3 0.24169736793531924 0.02672392125446868
250 169 3 0.21548231722635364 0.026215050708965598
251 169 3 0.19016347940908951 0.025318837817264128
252 169 3 0.1667803656110137 0.023383113798075811
253 169 3 0.14720398404405771 0.019576381566955986
104 170 3 0.13672642072652455 0.024699001521396757
105 170 3 0.16142542224792131 0.024971620124928595
106 170 3 0.1863970423728499 0.025284204412863859
107 170 3 0.21168124678571376 0.025628727660105238
108 170 3 0.237309974445819 0.025998850819458602
109 170 3 0.2633088252652776 0.026387517974745534
110 170 3 0.28969634324002314 0.026787973188193759
111 170 3 0.31648431642821689 0.027194425912055953
112 170 3 0.34367874234027285 0.02760207726025965
113 170 3 0.3712808196005325 0.028006727171177914
114 170 3 0.39928754677171041 0.028404056350735341
115 170 3 0.42769160312244575 0.028788432109258633
116 170 3 0.45648003523170438 0.029150666236183176
117 170 3 0.48563070146788756 0.029473180618278194
118 170 3 0.51510388208616575 0.029718539922925613
119 170 3 0.54482242200909137 0.029801294373978049
120 170 3 0.57462371638306942 0.029801294373978049
121 170 3 0.60414728868500056 0.029523572301931145
122 170 3 0.63262850604193888 0.028481217356938315
123 170 3 0.65900376956380757 0.027613687606165227
232 170 2 0.68441650233140405 0.029802046180129937
234 170 2 0.66136968694461429 0.031242522584583376
236 170 3 0.62749029109988419 0.033879395844730098
237 170 3 0.59530189015382984 0.032188400946054352
238 170 3 0.56373430197747842 0.031567588176351413
239 170 3 0.53268998983901616 0.03104431213846226
240 170 3 0.50215473267091082 0.030535257168105345
241 170 3 0.47211027618406143 0.030044456486849391
242 170 3 0.44253729429270794 0.029572981891353489
243 170 3 0.41341984628192902 0.029117448010778924
244 170 3 0.38474639503681246 0.028673451245116555
245 170 3 0.35650979053819409 0.028236604498618367
246 170 3 0.32870800784566651 0.027801782692527588
247 170 3 0.30134733672647251 0.027360671119193991
248 170 3 0.27445080994959659 0.026896526776875929
249 170 3 0.24807687554556324 0.02637393440403335
250 170 3 0.22235508826859846 0.02572178727696478
251 170 3 0.19753704642987949 0.024818041838718968
252 170 3 0.17400276128578801 0.023534285144091477
253 170 3 0.15196574118110559 0.02203702010468242
254 170 2 0.13052703722656181 0.02459074533751604
104 171 3 0.13746497000350291 0.02532875005295121
105 171 3 0.16279372005645412 0.02548514057691334
106 171 3 0.18827886063336746 0.025700347361930553
107 171 3 0.21397920799529802 0.025967725407255365
108 171 3 0.23994693340255338 0.026277503183184808
109 171 3 0.26622443658573819 0.026619092738951022
110 171 3 0.29284352932468921 0.026982946825061804
111 171 3 0.31982647614975102 0.027361278832783942
112 171 3 0.34718775498253496 0.027748044613775003
113 171 3 0.37493579959630996 0.028138598218916511
114 171 3 0.40307439781522647 0.028529238366612253
115 171 3 0.43160363618183872 0.028916690570302661
116 171 3 0.46052032675214138 0.029297359590057137
117 171 3 0.48981768634219852 0.029665553196860983
118 171 3 0.5194832395390595 0.030007081669369495
119 171 3 0.549490321208429 0.03027112548754074
120 171 3 0.57976144669596974 0.03027112548754074
121 171 3 0.60999673196910509 0.030235285273135348
122 171 3 0.63882351787090597 0.028826785901800878
123 171 3 0.65942388522986994 0.027193571940102856
236 171 3 0.63276403762017763 0.031614646330692997
237 171 3 0.60114939128948464 0.031697112988557485
238 171 3 0.56945227830092715 0.031697112988557485
239 171 3 0.5382221619125831 0.031230116388344054
240 171 3 0.50753507166279843 0.030687090249784665
241 171 3 0.47737751228398367 0.030157559378814758
242 171 3 0.4477256245131232 0.029651887770860474
243 171 3 0.4185606805851555 0.029164943927967701
244 171 3 0.38987125838961578 0.028689422195539716
245 171 3 0.36165331962223535 0.028217938767380435
246 171 3 0.3339110823087878 0.027742237313447549
247 171 3 0.30665990471225862 0.027251177596529175
248 171 3 0.27993212475104756 0.026727779961211062
249 171 3 0.25378595803473175 0.026146166716315811
250 171 3 0.2283129718162768 0.025472986218454952
251 171 3 0.20362258058113578 0.024690391235141024
252 171 3 0.17973010510064563 0.023892475480490144
253 171 3 0.15613744576968372 0.02561040854312191
104 172 3 0.13812262451606758 0.025893460011325156
105 172 3 0.16401070761975942 0.025932810030439596
106 172 3 0.18994351765019901 0.02605720339566267
107 172 3 0.21600072104586168 0.026257113110219471
108 172 3 0.24225783415608115 0.026517027818713457
109 172 3 0.26877486197479461 0.026820973385366875
110 172 3 0.29559583536016149 0.027155893989472824
111 172 3 0.32275172934963431 0.027512027335569122
112 172 3 0.35026375668520343 0.027882429988114188
113 172 3 0.37814618667331762 0.028262464971360923
114 172 3 0.40640865164467854 0.028649567958714428
115 172 3 0.43505821960339297 0.029043571170417226
116 172 3 0.4641017907738102 0.029448249623860778
117 172 3 0.49355004039767097 0.02987619912758116
118 172 3 0.52342623952525213 0.030364611943445197
119 172 3 0.55379085146869733 0.031032263327544385
120 172 3 0.58482311479624172 0.032311085191542355
121 172 3 0.61713419998778407 0.035982096884293435
122 172 2 0.65311629687207751 0.035062508080053623
124 172 1 0.68817880495213113 0.033707802615661642
232 172 1 0.67934173534808118 0.034876813163452813
236 172 3 0.64092031799168103 0.038421417356400145
237 172 3 0.60696184439250667 0.033958473599174366
238 172 3 0.57459471057912714 0.032367133813379523
239 172 3 0.54311158941460813 0.031483121164519012
240 172 3 0.51229482941044124 0.030816760004166888
241 172 3 0.48205653621965805 0.030238293190783194
242 172 3 0.45235282760290058 0.029703708616757474
243 172 3 0.42316001887689098 0.0291928087260096
244 172 3 0.39446672705559399 0.028693291821296985
245 172 3 0.36627115326759008 0.028195573788003914
246 172 3 0.33858087257889324 0.027690280688696833
247 172 3 0.31141446726097954 0.0271664053179137
248 172 3 0.284804672613861 0.026609794647118545
249 172 3 0.25880198100847429 0.026002691605386707
250 172 3 0.23347545050554025 0.025326530502934042
251 172 3 0.20890422156827468 0.024571228937265571
252 172 3 0.18515824571798625 0.023745975850288426
253 172 3 0.16233399669418574 0.022824249023800508
254 172 3 0.14108906404774477 0.021244932646440978
255 172 3 0.12591366177191637 0.019977369882870605
104 173 3 0.13879752123621739 0.026568356731474965
105 173 3 0.16518770681353082 0.02639018557731343
106 173 3 0.19148135889485782 0.026331326472728428
107 173 3 0.21781268536758625 0.026479203388595246
108 173 3 0.24429188875618149 0.026705137501903425
109 173 3 0.27099702625808492 0.026984391850955747
110 173 3 0.29798141810904066 0.027300030479870674
111 173 3 0.32528144858891134 0.027640792808965586
112 173 3 0.35292224139787692 0.027999350474527396
113 173 3 0.38092159187240432 0.028371310605220912
114 173 3 0.40929290247762523 0.028754922675161276
115 173 3 0.43804782515278651 0.029151579432099339
116 173 3 0.46719940458488585 0.029567547114724868
117 173 3 0.49676695169961071 0.030017930368331558
118 173 3 0.52678488206794227 0.030534306393016575
119 173 3 0.55731918846095885 0.031173437953957772
120 173 3 0.58849262641491662 0.03198553520733638
121 173 3 0.620478161622253 0.032638135249824507
236 173 3 0.64448487730513349 0.034856858042947692
237 173 3 0.61106379315584958 0.033421084149283908
238 173 3 0.57874312279727003 0.032320670358579551
239 173 3 0.5472335492646242 0.031509573532645829
240 173 3 0.51638371909956504 0.030849830165059156
241 173 3 0.48611710770971223 0.030266611389852816
242 173 3 0.45639363580226094 0.029723471907451282
243 173 3 0.42719256333423461 0.029201072468026334
244 173 3 0.39850526629886029 0.028687297035374315
245 173 3 0.37033239505878024 0.028172871240080055
246 173 3 0.34268324550150603 0.027649149557274211
247 173 3 0.31557647211543044 0.027106773386075589
248 173 3 0.28904159368669419 0.026534878428736253
249 173 3 0.26312055599145256 0.025921037695241622
250 173 3 0.23786837133184366 0.025252184659608906
251 173 3 0.2133531548665992 0.02451521646524446
252 173 3 0.18966375770105071 0.023689397165548493
253 173 3 0.1669566064489722 0.022707151252078506
254 173 3 0.14559275699147595 0.021363849457496253
255 173 3 0.12611758436266976 0.020181292473623991
104 174 3 0.13966226586490768 0.02743310136016526
105 174 3 0.1664656485778061 0.026803382712898421
106 174 3 0.19297867195350327 0.026513023375697164
107 174 3 0.21946662454509039 0.026615880760604921
108 174 3 0.24608250530569531 0.0268324891516733
109 174 3 0.27291499445736861 0.02710389219486975
110 174 3 0.30001888665223836 0.027411404140340712
111 174 3 0.32743029079257907 0.027744012432961207
112 174 3 0.35517430322554028 0.02809500256771319
113 174 3 0.38326930579325347 0.028460520174126536
114 174 3 0.41172982596738 0.028839128110629331
115 174 3 0.44056895407800933 0.029232049062516752
116 174 3 0.46980100314052609 0.029644073823029859
117 174 3 0.49944507696355595 0.030085177469079183
118 174 3 0.52953025443263513 0.030572600195524768
119 174 3 0.5601028546281599 0.031132814349471016
120 174 3 0.59123566897763091 0.031810414400546994
121 174 3 0.62304608337817791 0.032779624422683673
122 174 2 0.65582570780086158 0.03235309715126955
236 174 3 0.64648387358884463 0.032857861759236551
237 174 3 0.61394499880079834 0.03253887478804629
238 174 3 0.58196925262498322 0.031975746175815112
239 174 3 0.55059348867327218 0.031375763951711044
240 174 3 0.51979582787206036 0.030797660801211824
241 174 3 0.48954951951050663 0.030246308361553731
242 174 3 0.45983540358037095 0.029714115930135676
243 174 3 0.4306429127583723 0.029192490821998651
244 174 3 0.40196902517790489 0.028673887580467405
245 174 3 0.37381746821469258 0.02815155696321231
246 174 3 0.3461985420647703 0.027618926149922285
247 174 3 0.31912946173928147 0.027069080325488826
248 174 3 0.2926349578490427 0.026494503890238774
249 174 3 0.26674777766985686 0.025887180179185842
250 174 3 0.24150883547535151 0.025238942194505343
251 174 3 0.21696756853622515 0.024541266939126366
252 174 3 0.19318486289709533 0.02378270563912982
253 174 3 0.17024000083241361 0.022944862064681715
254 174 3 0.14821771510695916 0.022022285725454449
255 174 3 0.12704288148175216 0.021174833625207001
104 175 3 0.14116816576827773 0.028939001263535311
105 175 3 0.16803800262291238 0.026869836854634649
106 175 3 0.19449778328646611 0.026484240187997637
107 175 3 0.22098202347446375 0.026656482763371153
108 175 3 0.2476385062378349 0.02689757168355833
109 175 3 0.27453607792139323 0.027179715478151345
110 175 3 0.30171579339954457 0.027490010420036071
111 175 3 0.32920580381958064 0.027821070204045673
112 175 3 0.35702687402362632 0.028168233994621761
113 175 3 0.38519510801824808 0.028528629929888749
114 175 3 0.41372373794813683 0.02890089208124913
115 175 3 0.44262463002938596 0.029285164468215386
116 175 3 0.47190979449760134 0.029683144930874039
117 175 3 0.50159293942847538 0.030097595340372041
118 175 3 0.53169053476884742 0.030529446985350539
119 175 3 0.56221998175419796 0.03096598434699005
120 175 3 0.59318596610118801 0.031334666234806519
121 175 3 0.62452063233599453 0.031334666234806519
236 175 3 0.64803352578127282 0.03189159801332897
237 175 3 0.61614192776794385 0.03189159801332897
238 175 3 0.58448329788573705 0.031658629882206801
239 175 3 0.55327209314795456 0.031211204737782494
240 175 3 0.5225620527745829 0.030710040373371661
241 175 3 0.49236374402928612 0.030198308745296776
242 175 3 0.46267792855870365 0.029685815470582466
243 175 3 0.43350526096810565 0.029172667590598
244 175 3 0.40484911765034209 0.02865614331776356
245 175 3 0.37671647747489589 0.0281326401754462
246 175 3 0.34911829922008436 0.027598178254811534
247 175 3 0.32206975202455618 0.027048547195528183
248 175 3 0.29559026960676354 0.026479482417792632
249 175 3 0.26970324058303985 0.025887029023723696
250 175 3 0.24443511316649105 0.025268127416548797
251 175 3 0.2198137066466917 0.024621406519799355
252 175 3 0.19586497718525966 0.023948729461432033
253 175 3 0.17260398617727951 0.023260991007980153
254 175 3 0.15000442714256884 0.02259955903471067
255 175 3 0.1279149237625245 0.02208950338004434
0 176 0 0.0044676509146410748 0.00073548131772108259
8 176 0 0.0052031322323621574 0.0015316900576140364
16 176 0 0.0067348222899761938 0.0024475044780000507
24 176 0 0.0091823267679762444 0.0035378112473884362
32 176 0 0.012720138015364681 0.0048508345229779509
40 176 0 0.017570972538342632 0.0064247747445795138
48 176 0 0.023995747282922145 0.0082835462690382354
56 176 0 0.032279293551960381 0.01043073313951607
64 176 0 0.042710026691476451 0.012837412796894765
72 176 0 0.055547439488371216 0.015402613234744407
80 176 0 0.070950052723115622 0.017780543555398778
88 176 0 0.088730596278514401 0.018531371741477121
96 176 1 0.10737692658330415 0.018646330304789752
100 176 1 0.12172045857038398 0.024377685089058312
104 176 3 0.14475425098031061 0.025269778778831964
105 176 3 0.17002402975914258 0.025964709518200235
106 176 3 0.19598873927734281 0.02632540449138851
107 176 3 0.22231414376873132 0.026620830620674191
108 176 3 0.24893497438940551 0.026914105677356942
109 176 3 0.27584908006676245 0.027219797474733132
110 176 3 0.30306887754149558 0.02754015823398781
111 176 3 0.3306090357754834 0.027874221938895605
112 176 3 0.358483257714379 0.028220319253108583
113 176 3 0.38670357696748758 0.028576844700196169
114 176 3 0.41528042166768375 0.028942499964373369
115 176 3 0.44422292163205712 0.029316306516028734
116 176 3 0.47353922814808586 0.02969735858063266
117 176 3 0.50323658672871852 0.030084098681528726
118 176 3 0.53332068541024724 0.030472965175262878
119 176 3 0.56379365058551012 0.030858237093939866
120 176 3 0.59465188767944999 0.031248308095886634
121 176 3 0.62590019577533662 0.031790346497855726
122 176 2 0.65769054227319235 0.032143838704600469
124 176 1 0.68983438097779282 0.031834245082871804
128 176 0 0.72152064708723662 0.031929132222646817
136 176 0 0.74982664478428152 0.028305997697044893
144 176 0 0.7736963497870607 0.023869705002779185
152 176 0 0.79261668340210134 0.018920333615040641
160 176 0 0.80623084941464096 0.013614166012539619
168 176 0 0.8142994718678791 0.008068622453238139
176 176 0 0.81668950310994415 0.0033194392770146131
184 176 0 0.81337006383292954 0.0089598346578393384
192 176 0 0.8044102291750902 0.014433860962917322
200 176 0 0.78997636821217287 0.019653038477351448
208 176 0 0.77032332973482143 0.024558455047299921
216 176 0 0.74576487468752151 0.029163560026272739
224 176 0 0.71660131466124877 0.033597525085290014
232 176 1 0.68304010902958301 0.033561205631665758
236 176 3 0.65003576818459197 0.033004340844991042
237 176 3 0.6179841154802157 0.032051652704376266
238 176 3 0.58643710054722464 0.031547014932991058
239 176 3 0.55534553970310241 0.031091560844122235
240 176 3 0.52472122813732203 0.030624311565780382
241 176 3 0.49457868060873705 0.030142547528584973
242 176 3 0.46492888055213671 0.029649800056600339
243 176 3 0.4357808744720969 0.029148006080039812
244 176 3 0.40714355441991806 0.028637320052178838
245 176 3 0.37902677045562611 0.028116783964291958
246 176 3 0.35144190555454619 0.02758486490107992
247 176 3 0.32440202370482896 0.027039881849717229
248 176 3 0.29792156521821489 0.026480458486614067
249 176 3 0.27201544810696188 0.025906117111253013
250 176 3 0.24669733500086161 0.025318113106100271
251 176 3 0.22197665304742681 0.024720681953434798
252 176 3 0.19785345238504964 0.024123200662377164
253 176 3 0.17430904197347674 0.023544410411572902
254 176 3 0.15128978504187043 0.023019256931606308
255 176 3 0.12869083362919745 0.022598951412672985
256 176 0 0.1063973239834423 0.022825422200512882
264 176 0 0.08594594975855141 0.020451374224890892
272 176 0 0.068154549164810077 0.017791400593741333
280 176 0 0.053096990867763171 0.015057558297046907
288 176 0 0.040648981417418628 0.012448009450344542
296 176 0 0.030577147452794159 0.010071833964624469
304 176 0 0.022595184295423267 0.0079819631573708923
312 176 0 0.016398016837338259 0.0061971674580850074
320 176 0 0.01168442832756101 0.0047135885097772494
328 176 0 0.0081725240629828104 0.0035119042645781993
336 176 0 0.0056097165711863194 0.002562807491796491
344 176 0 0.0037781393726115794 0.00183157719857474
352 176 0 0.0024963021101147703 0.0012818372624968091
360 176 0 0.0016178617614690063 0.00087844034864576403
368 176 0 0.0010284104418868136 0.00058945131958219269
376 176 0 0.00064112115384979307 0.00038728928803702053
384 176 0 0.00039195966116011569 0.00024916149268967738
392 176 0 0.00023499568477172383 0.00015696397638839186
400 176 0 0.00013816403365676013 9.6831651114963698e-05
408 176 0 7.9662705036034177e-05 5.8501328620725956e-05
416 176 0 4.5046034921452037e-05 3.4616670114582139e-05
424 176 0 2.498179341314261e-05 2.0064241508309427e-05
432 176 0 1.3588986959108859e-05 1.1392806454033751e-05
440 176 0 7.2507723161727312e-06 6.3382146429361274e-06
448 176 0 3.7954139954976291e-06 3.4553583206751022e-06
456 176 0 1.9492445684745259e-06 1.8461694270231032e-06
464 176 0 9.8240925497105362e-07 9.6683531350347224e-07
472 176 0 4.8614229655557982e-07 4.962669584154738e-07
480 176 0 2.366849910384041e-07 2.4945730551717569e-07
488 176 0 1.1444866397343729e-07 1.2223632706496682e-07
496 176 0 5.7382778588803962e-08 5.706588538463333e-08
504 176 0 3.5033352630839302e-08 2.2349425957964661e-08
104 177 3 0.14611438416012476 0.025203810075818761
105 177 3 0.17131819423594352 0.025796695933811981
106 177 3 0.1971148901697555 0.026224539760447169
107 177 3 0.22333942993020267 0.026579930451266887
108 177 3 0.24991936038146956 0.026910723786223334
109 177 3 0.27683008416769289 0.027237608559666615
110 177 3 0.30406769272735951 0.027568895031853502
111 177 3 0.33163658775921301 0.027907522885010083
112 177 3 0.35954411064422309 0.028254047618345268
113 177 3 0.38779815826256836 0.028607887334931248
114 177 3 0.41640604559749961 0.02896779911252223
115 177 3 0.44537384471002184 0.029331929218471942
116 177 3 0.47470577392849378 0.029697493015565235
117 177 3 0.50440326694405901 0.030059966626784784
118 177 3 0.5344632335708438 0.030411451700683378
119 177 3 0.56487468527152718 0.030736949620089882
120 177 3 0.59561163489161706 0.031001126960861103
121 177 3 0.62661276185247816 0.031077780420714185
236 177 3 0.65095395298644931 0.032086156043133696
237 177 3 0.61919936730503122 0.03175458568141809
238 177 3 0.58782207513956264 0.031377292165468584
239 177 3 0.5568471529760658 0.030974922163496843
240 177 3 0.52630270684592761 0.030544446130138181
241 177 3 0.49621344468556328 0.030089262160364338
242 177 3 0.4665989731496808 0.029614471535882481
243 177 3 0.43747494458866582 0.029124028561014981
244 177 3 0.40885465077122074 0.028620293817445075
245 177 3 0.38075023434709315 0.028104416424127587
246 177 3 0.35317335032008695 0.027576884027006199
247 177 3 0.32613525772719765 0.027038092592889307
248 177 3 0.29964629727133518 0.026488960455862465
249 177 3 0.27371464453071565 0.025931652740619537
250 177 3 0.24834415212758851 0.025370492403127137
251 177 3 0.22353099327547066 0.02481315885211785
252 177 3 0.19925867554444546 0.0242723177310252
253 177 3 0.17549096442195902 0.023767711122486435
254 177 3 0.15216317210966132 0.023327792312297702
255 177 3 0.12917581051933971 0.022987361590321609
104 178 3 0.14667429217927277 0.025347890624038416
105 178 3 0.17202218280331119 0.025786591328022634
106 178 3 0.19780877413133383 0.026188857184713615
107 178 3 0.22399763131604744 0.026556239110841373
108 178 3 0.25055387042688881 0.026903751699602241
109 178 3 0.27745762212649105 0.027243410667945778
110 178 3 0.30470103279443683 0.027582574146913064
111 178 3 0.3322836069413499 0.027925100380624568
112 178 3 0.36020870732197446 0.028272522826804869
113 178 3 0.38848123014877933 0.028624807016986498
114 178 3 0.41710603716576583 0.028980715607876906
115 178 3 0.44608675277364274 0.029337840327661235
116 178 3 0.47542459310130397 0.029692326843586303
117 178 3 0.50511691994489027 0.030038321438158988
118 178 3 0.53515524138304926 0.030367317126117066
119 178 3 0.56552255850916633 0.030668276463134636
120 178 3 0.59619083497230096 0.030932683900161462
121 178 3 0.62712351887246243 0.03118621064418714
122 178 2 0.65830972951664957 0.031524651461143249
236 178 3 0.6514089357791828 0.031631173250400213
237 178 3 0.61991468057084576 0.031494255208337041
238 178 3 0.58869091044746691 0.031223770123378847
239 178 3 0.55781327768051225 0.030877632766954655
240 178 3 0.52733261771487205 0.0304806599656402
241 178 3 0.4972855267554564 0.030047090959415657
242 178 3 0.46769908108416602 0.029586445671290373
243 178 3 0.43859393972521776 0.029105141358948261
244 178 3 0.40998657797163141 0.028607361753586358
245 178 3 0.3818907652370393 0.028095812734592107
246 178 3 0.35431833271167984 0.027572432525359458
247 178 3 0.32727925284712878 0.027039079864551063
248 178 3 0.30078100982977485 0.026498243017353929
249 178 3 0.27482719158154262 0.02595381824823223
250 178 3 0.24941519535165399 0.025411996229888628
251 178 3 0.22453292698577021 0.024882268365883781
252 178 3 0.20015443175432762 0.024378495231442587
253 178 3 0.17623465209515168 0.023919779659175938
254 178 3 0.15270421307965018 0.023530439015501503
255 178 3 0.12946627992559917 0.02323793315405101
104 179 3 0.14684964731806108 0.025440337736853946
105 179 3 0.17228998505491502 0.025805790818793833
106 179 3 0.19809577587370886 0.026180797049994653
107 179 3 0.22427657292370351 0.026545034880172069
108 179 3 0.25082160780387558 0.026897136261343269
109 179 3 0.27771874406521885 0.027242099331547531
110 179 3 0.30496084339676638 0.027585170448535534
111 179 3 0.33254601384530191 0.027929950327426623
112 179 3 0.36047596417272854 0.028278193168937038
113 179 3 0.38875415734166557 0.028630046955668786
114 179 3 0.41738420429733436 0.028984248382335154
115 179 3 0.44636845267966951 0.029338110501615389
116 179 3 0.4757065631812849 0.029687263746582038
117 179 3 0.50539382692786694 0.030025180145134556
118 179 3 0.5354190070730015 0.030342623727401596
119 179 3 0.56576163080040309 0.03062746906944569
120 179 3 0.59638909986984878 0.030866356305918496
121 179 3 0.62725545617576728 0.031054273340882288
236 179 3 0.6515952384065149 0.031444870623068111
237 179 3 0.62023665863749378 0.031358579769021122
238 179 3 0.58909959006842105 0.031137068569072723
239 179 3 0.55827714011854734 0.030822449949873709
240 179 3 0.52783228048567266 0.030444859632874688
241 179 3 0.49780876484332348 0.030023515642349174
242 179 3 0.46823802769793638 0.029570737145387105
243 179 3 0.43914349434994304 0.029094533347993334
244 179 3 0.41054334012827365 0.028600154221669394
245 179 3 0.38245218873404846 0.028091151394225189
246 179 3 0.35488196383619308 0.027570224897855378
247 179 3 0.32784197717542224 0.027039986660770843
248 179 3 0.30133826151085896 0.026503715664563277
249 179 3 0.27537210973435983 0.025966151776499136
250 179 3 0.24993776442809854 0.025434345306261291
251 179 3 0.22501923587594033 0.024918528552158203
252 179 3 0.2005863557871492 0.024432880088791131
253 179 3 0.17659046982551069 0.023995885961638513
254 179 3 0.1529606768199763 0.023629793005534389
255 179 3 0.12960205524286925 0.023358621577107053
96 180 1 0.10714700945667888 0.018416413178164476
100 180 1 0.12143943915670453 0.024352290491680292
104 180 3 0.14672330748052581 0.025471465558717071
105 180 3 0.17219477303924288 0.025808301343407364
106 180 3 0.19800307438265025 0.026176246288053151
107 180 3 0.2241793206707034 0.026538588216591719
108 180 3 0.25071790888729512 0.026890164270160555
109 180 3 0.27760807315745567 0.027235071689830082
110 180 3 0.30484314484728575 0.027578337556503407
111 180 3 0.33242148240378916 0.027923505008832228
112 180 3 0.36034498741262139 0.028272308279560898
113 180 3 0.38861729569218229 0.0286248828981161
114 180 3 0.41724217859029838 0.028979952366979478
115 180 3 0.44622213095727786 0.029334810852891802
116 180 3 0.47555694181016966 0.029685050624019549
117 180 3 0.50524199243418921 0.030024020936092688
118 180 3 0.5352660133702819 0.030341940933855782
119 180 3 0.56560795430413768 0.030623945598990288
120 180 3 0.59623189990312797 0.030842251958227096
121 180 3 0.62707415186135507 0.030913830435142731
122 180 2 0.6579879822964978 0.031360666454888997
124 180 1 0.68934864875138679 0.032171998335849827
232 180 1 0.68296747012233427 0.033633844538914492
236 180 3 0.65156343347071788 0.031404036651616396
237 180 3 0.62021418165047959 0.031349251820238289
238 180 3 0.58907951396447233 0.031134667686007256
239 180 3 0.55825798798227855 0.030821525982193787
240 180 3 0.52781377491439929 0.030444213067879256
241 180 3 0.49779087352796786 0.030022901386431433
242 180 3 0.46822075661836104 0.029570116909606814
243 180 3 0.43912684887106374 0.02909390774729731
244 180 3 0.41052732118673002 0.028599527684333714
245 180 3 0.3824367948927786 0.028090526293951423
246 180 3 0.35486719377933235 0.027569601113446252
247 180 3 0.32782783245931624 0.027039361320016109
248 180 3 0.30132475064505232 0.026503081814263918
249 180 3 0.2753592555031657 0.025965495141886619
250 180 3 0.24992561780504333 0.025433637698122374
251 180 3 0.22500790229909559 0.024917715505947735
252 180 3 0.2005760423215307 0.02443185997756489
253 180 3 0.17658156041370621 0.023994481907824494
254 180 3 0.15295382171001148 0.023627738703694723
255 180 3 0.12959818282629748 0.023355638883714003
104 181 3 0.14641885472553512 0.025346333394796305
105 181 3 0.17176518812033142 0.02577256731617128
106 181 3 0.1975377554365027 0.026170041586700526
107 181 3 0.22370779702320323 0.026535531057800016
108 181 3 0.25024332808100325 0.026882368673666224
109 181 3 0.27712569675466947 0.02722207996441911
110 181 3 0.30434777671908858 0.027561885201728531
111 181 3 0.33190966192081711 0.02790559400569681
112 181 3 0.35981525592651392 0.028254710028462304
113 181 3 0.38806996595497623 0.028609169698808556
114 181 3 0.41667913565378478 0.028967701054669948
115 181 3 0.44564683670845473 0.029327852756677597
116 181 3 0.47497468946513233 0.029685721316764613
117 181 3 0.50466041078189694 0.030035422246065036
118 181 3 0.53469583302796198 0.030368586680951215
119 181 3 0.56506441970891319 0.030675448126780913
120 181 3 0.5957398678356941 0.030956137472348377
121 181 3 0.62669600530804248 0.031291976988455317
236 181 3 0.65134503289562706 0.031622437226707212
237 181 3 0.61985418019629934 0.03149085269932772
238 181 3 0.58863216158795628 0.031222018608343061
239 181 3 0.55775610053526403 0.03087606105269225
240 181 3 0.52727713456777026 0.030478965967493776
241 181 3 0.49723184751132032 0.030045287056449932
242 181 3 0.4676472626081204 0.029584584903199929
243 181 3 0.4385440019480828 0.0291032606600376
244 181 3 0.409938521673057 0.028605480275025796
245 181 3 0.38184458363664087 0.028093938036416133
246 181 3 0.35427401913822426 0.027570564498416605
247 181 3 0.32723680791870124 0.027037211219523016
248 181 3 0.30074045178818115 0.026496356130520093
249 181 3 0.27478857490866887 0.025951876879512281
250 181 3 0.24937864675234844 0.025409928156320427
251 181 3 0.22449871570196744 0.024879931050380999
252 181 3 0.20012310387683915 0.02437561182512829
253 181 3 0.17620727026770211 0.023915833609137044
254 181 3 0.15268271659817398 0.023524553669528131
255 181 3 0.1294537713173127 0.02322894528086128
104 182 3 0.1457570504843172 0.025154898721480329
105 182 3 0.17091194920579753 0.025758468476111046
106 182 3 0.19667041768190857 0.026188567619491454
107 182 3 0.22285898530140003 0.026543751385385367
108 182 3 0.24940273668678539 0.026874210417584005
109 182 3 0.2762769471043694 0.02720139328587512
110 182 3 0.30347834039024452 0.027533816934091848
111 182 3 0.33101215732433636 0.027874451801267519
112 182 3 0.35888660912560388 0.028223831865723914
113 182 3 0.3871104409913278 0.028581335703801891
114 182 3 0.41569177669512969 0.028945667289118349
115 182 3 0.44463744398424804 0.029314903289471339
116 182 3 0.47395234727371938 0.029686174461562742
117 182 3 0.50363852173528212 0.030054867651535089
118 182 3 0.53369338938681721 0.030412941643976898
119 182 3 0.56410633103079411 0.03074443621152978
120 182 3 0.59485076724232389 0.031006101838704669
121 182 3 0.62585686908102856 0.031015515703313734
122 182 2 0.65687238478434229 0.032476263967044505
236 182 3 0.65086329704018142 0.032104173082152854
237 182 3 0.61910250370879572 0.031760793331385706
238 182 3 0.58772484063433794 0.031377663074457773
239 182 3 0.55675183405392237 0.030973006580415574
240 182 3 0.52621013997016164 0.030541694083760729
241 182 3 0.49612392267794142 0.030086217292220219
242 182 3 0.4665125877132929 0.029611334964648517
243 182 3 0.43739171250483883 0.029120875208454078
244 182 3 0.40877456114453981 0.02861715136029902
245 182 3 0.38067326746145524 0.028101293683084561
246 182 3 0.35309948704983618 0.027573780411619064
247 182 3 0.32606448750578998 0.027034999544046201
248 182 3 0.29957862955672704 0.026485857949062941
249 182 3 0.27365012964204732 0.025928499914679715
250 182 3 0.24828292235132945 0.025367207290717869
251 182 3 0.22347334759011525 0.024809574761214204
252 182 3 0.19920525976037706 0.024268087829738189
253 182 3 0.17544316046719258 0.023762099293184485
254 182 3 0.15212392291365862 0.023319237553533961
255 182 3 0.12915113957015403 0.022972783343504583
104 183 3 0.14426770590316121 0.025190248634099299
105 183 3 0.16945795453726051 0.02591072115311277
106 183 3 0.19536867569037328 0.026274751520040079
107 183 3 0.22164342721041336 0.026569321423946968
108 183 3 0.24821274863436033 0.026861843099537763
109 183 3 0.27507459173389809 0.027167871930487308
110 183 3 0.3022424636643854 0.027489834152582049
111 183 3 0.32973229781696745 0.02782675023038611
112 183 3 0.35755904804735356 0.028176903323589464
113 183 3 0.38573595137094302 0.028538633585456163
114 183 3 0.41427458495639918 0.028910574041762338
115 183 3 0.44318515899816152 0.029291648560232864
116 183 3 0.47247680755839438 0.029680820994518742
117 183 3 0.50215762855291313 0.030076435020305547
118 183 3 0.53223406357321867 0.030475270332427695
119 183 3 0.56270933390564637 0.03087454781936616
120 183 3 0.59358388172501253 0.031299534084160641
121 183 3 0.62488341580917317 0.031988968975169119
236 183 3 0.64990656558858517 0.033060904533749103
237 183 3 0.61784506642523107 0.032061499163354101
238 183 3 0.58629910593330903 0.031545960491922043
239 183 3 0.55521125170121144 0.031087854232097589
240 183 3 0.52459129093436829 0.030619960766843146
241 183 3 0.49445322747556275 0.030138063458805542
242 183 3 0.4648079119333613 0.029645315542201456
243 183 3 0.43566435687149885 0.029143555061862447
244 183 3 0.40703144653429985 0.028632910337199002
245 183 3 0.37891903034924379 0.028112416185056055
246 183 3 0.35133849381082999 0.027580536538413802
247 183 3 0.32430290724786753 0.027035586562962455
248 183 3 0.29782672404099048 0.026476183206877058
249 183 3 0.27192488744178211 0.025901836599208361
250 183 3 0.24661110822196913 0.025313779219812982
251 183 3 0.22189490905529854 0.024716199166670588
252 183 3 0.19777654794127708 0.024118361114021464
253 183 3 0.17423785432905722 0.023538693612219858
254 183 3 0.15122674298555125 0.023011111343505974
255 183 3 0.1286438964408716 0.022582846544679652
0 184 0 0.0044158610317203729 0.00072709819418408182
8 184 0 0.0051429592259044548 0.0015142567579909394
16 184 0 0.0066572159838953942 0.0024197133346765968
24 184 0 0.0090769293185719909 0.0034977773123229024
32 184 0 0.012574706630894893 0.0047962287144177433
40 184 0 0.017370935345312637 0.0063531342203734867
48 184 0 0.023724069565686123 0.0081931725310699158
56 184 0 0.031917242096756039 0.010323964873390448
64 184 0 0.042241206970146487 0.012734749531382691
72 184 0 0.054975956501529179 0.01541008502481981
80 184 0 0.070386041526348989 0.01842941152966264
88 184 0 0.088815453056011628 0.022545989610986597
96 184 0 0.11136144266699823 0.02539018990788354
104 184 3 0.14042653317953768 0.029065090512539457
105 184 3 0.16728670035715484 0.026860167177617161
106 184 3 0.1936989578746556 0.026423116989373385
107 184 3 0.22012207486402899 0.026589559734930462
108 184 3 0.24671163459895945 0.026828488721605037
109 184 3 0.27354012332056449 0.02711083428056521
110 184 3 0.3006509576011297 0.027423207966215113
111 184 3 0.32807416556734481 0.027758012129326937
112 184 3 0.35583217769667175 0.02811048533740379
113 184 3 0.38394266303407554 0.028477693948023242
114 184 3 0.41242035698209878 0.028858202493088791
115 184 3 0.44127855947518757 0.029252033237913533
116 184 3 0.4705305927131011 0.02966064362752624
117 184 3 0.50019123634062734 0.03008627847358214
118 184 3 0.53027751481420948 0.030528534135942142
119 184 3 0.56080604895015163 0.030970208811546884
120 184 3 0.59177625776169851 0.031319649991232157
121 184 3 0.62309590775293067 0.031319649991232157
122 184 2 0.65424800215816725 0.032074774992956634
124 184 1 0.68632277715112389 0.033678137729379665
128 184 0 0.71742217298531075 0.032459008896847164
136 184 0 0.74603739906090516 0.028615226075594413
144 184 0 0.77004593314170933 0.024008534080804167
152 184 0 0.78906698001410369 0.019021046872394365
160 184 0 0.8027680129971605 0.013701032983056805
168 184 0 0.81091272584046559 0.0090171392275806284
176 184 0 0.81337006383292954 0.0089598346578392274
184 184 0 0.81010999114146864 0.0089092881476685593
192 184 0 0.80120070299380008 0.014389854732528962
200 184 0 0.78681084826127112 0.019599921397322473
208 184 0 0.76721092686394865 0.024456436818679816
216 184 0 0.74275449004526883 0.028951633960559109
224 184 0 0.71380285608470972 0.032845584816412865
232 184 1 0.67905766636206055 0.034745189722649172
236 184 3 0.64781908204016458 0.031869268646534388
237 184 3 0.6159498133936302 0.031869268646534388
238 184 3 0.58430190816422722 0.031647905229402973
239 184 3 0.55309820478371441 0.031203703380512815
240 184 3 0.52239462064537512 0.03070358413833929
241 184 3 0.49220236391056538 0.030192256734809741
242 184 3 0.46252241092295987 0.029679952987605507
243 184 3 0.43335549608388679 0.029166914839073077
244 184 3 0.40470502680821646 0.028650469275670332
245 184 3 0.37657799354418958 0.028127033264026879
246 184 3 0.34898535885142251 0.027592634692767071
247 184 3 0.32194229309113254 0.027043065760289975
248 184 3 0.29546823066527772 0.026474062425854816
249 184 3 0.26958655909543694 0.025881671569840781
250 184 3 0.24432371646185483 0.025262842633582111
251 184 3 0.2197074815206409 0.024616234941213927
252 184 3 0.19576367914553222 0.02394380237510868
253 184 3 0.17250695745552158 0.02325672169001064
254 184 3 0.14990960498853059 0.022597352466990989
255 184 3 0.1278148653217453 0.022094739666785296
256 184 0 0.10580064073353233 0.022214413647820022
264 184 0 0.085351943900553201 0.020448696832979132
272 184 0 0.06760549554636465 0.017746448354188551
280 184 0 0.052634674412765585 0.014970821133599065
288 184 0 0.040280763226856517 0.012353911185909068
296 184 0 0.03029412758589782 0.0099866356409586965
304 184 0 0.022383338680941198 0.007910788904956622
312 184 0 0.01624296551822911 0.0061403731627120879
320 184 0 0.011573260870134413 0.0046697046480946979
328 184 0 0.008094383005884628 0.0034788778642497846
336 184 0 0.0055558489091170702 0.0025385340967675578
344 184 0 0.0037417164920898359 0.0018141324170272343
352 184 0 0.0024721462823414707 0.0012695702097483652
360 184 0 0.001602148896731676 0.0008699973856097947
368 184 0 0.0010183861715918701 0.00058376272513980588
376 184 0 0.00063484933833086652 0.00038353683326100357
384 184 0 0.00038811143232742317 0.00024673790600344335
392 184 0 0.00023268017637992326 0.00015543125594749991
400 184 0 0.00013679772749232425 9.5882448887599009e-05
408 184 0 7.8872077298994733e-05 5.7925650193329514e-05
416 184 0 4.4597359548172729e-05 3.4274717750822004e-05
424 184 0 2.4732075482443805e-05 1.9865284065728924e-05
432 184 0 1.3452669159303947e-05 1.1279406323139858e-05
440 184 0 7.1777802994145158e-06 6.2748888598894314e-06
448 184 0 3.7570733248490792e-06 3.4207069745654367e-06
456 184 0 1.9294858733749936e-06 1.8275874514740856e-06
464 184 0 9.7241715444797261e-07 9.5706871892702096e-07
472 184 0 4.8118113324214989e-07 4.9123602120582272e-07
480 184 0 2.3426149399279334e-07 2.4691963924935655e-07
488 184 0 1.1327276362741504e-07 1.209887303653783e-07
496 184 0 5.6791039379262673e-08 5.6481724248152364e-08
504 184 0 3.4670895035053932e-08 2.2120144344208741e-08
104 185 3 0.13880148442259335 0.027440041755595126
105 185 3 0.1655671643130491 0.026765679890455751
106 185 3 0.19201489682832318 0.026447732515274075
107 185 3 0.21842347933475506 0.026529928832417726
108 185 3 0.24495340816717279 0.026744249328362196
109 185 3 0.27169765749553498 0.027016203391157734
110 185 3 0.29871386088669272 0.027326482029430776
111 185 3 0.32604034291612349 0.027663826188765617
112 185 3 0.35370416910488911 0.028021439623159783
113 185 3 0.38172560872804889 0.028395445358369298
114 185 3 0.41012105408641819 0.028784380305377444
115 185 3 0.43890543439179563 0.029189387705720549
116 185 3 0.46809482209751618 0.029615066032946391
117 185 3 0.49770988813046257 0.030070996463664068
118 185 3 0.52778088459412664 0.030573741921878228
119 185 3 0.55835462651600487 0.031149335508430354
120 185 3 0.58950396202443522 0.031847892287747426
121 185 3 0.62135185431218265 0.032896147845984602
236 185 3 0.64623152408704121 0.032826142275019343
237 185 3 0.61371145360677293 0.032520070480268282
238 185 3 0.5817477138478907 0.031963739758882226
239 185 3 0.55038106172525958 0.031366652122631122
240 185 3 0.51959131606132258 0.030789745663936996
241 185 3 0.48935240763717963 0.030238908424142952
242 185 3 0.4596454473104481 0.029706960326731535
243 185 3 0.43045997513910572 0.029185472171342375
244 185 3 0.40179300976468607 0.028666965374419651
245 185 3 0.37364829070215572 0.028144719062530354
246 185 3 0.34603611795236339 0.02761217274979233
247 185 3 0.31897370061565783 0.027062417336705558
248 185 3 0.29248575884784572 0.026487941767812107
249 185 3 0.26660501976433931 0.02588073908350641
250 185 3 0.24137235059729717 0.025232669167042143
251 185 3 0.21683707236275523 0.024535278234541935
252 185 3 0.19305979183129579 0.023777280531459444
253 185 3 0.17011915371464997 0.022940638116645817
254 185 3 0.14809851187653603 0.022020641838113947
255 185 3 0.12692000663450725 0.021178505242028772
104 186 3 0.13786244326766178 0.026501000600663557
105 186 3 0.16416985816731636 0.026307414899654574
106 186 3 0.19036696962080285 0.026226242054782051
107 186 3 0.2165932116755849 0.026369959975571317
108 186 3 0.24296317165115622 0.02659493366829041
109 186 3 0.26955810531944663 0.026875711234854549
110 186 3 0.29643381655430118 0.027195050136264831
111 186 3 0.32362886669056601 0.027541620168629211
112 186 3 0.35117048685919522 0.027908135714607429
113 186 3 0.37907862257380265 0.028290282956344781
114 186 3 0.40736890553014743 0.028686379170032306
115 186 3 0.43605528470017973 0.029097839373951773
116 186 3 0.46515312407413151 0.029530874329401158
117 186 3 0.49468399840353267 0.030000399860471372
118 186 3 0.52468439826400404 0.030537452385573038
119 186 3 0.55522185064957708 0.031196680796535148
120 186 3 0.58641853144611222 0.032017414848915404
121 186 3 0.61843594629502763 0.032605330390293674
122 186 2 0.6510412766853213 0.035281500465802584
236 186 3 0.64420758334770112 0.034850083014359434
237 186 3 0.61079565092512367 0.033411932422577451
238 186 3 0.57848435701811352 0.032311293907010152
239 186 3 0.54698380042509576 0.031500556593017759
240 186 3 0.51614265591465003 0.030841144510445728
241 186 3 0.48588451503376678 0.030258140880883244
242 186 3 0.456169378306782 0.029715136726984781
243 186 3 0.42697654400903856 0.029192834297743442
244 186 3 0.3982973996053869 0.028679144403651657
245 186 3 0.3701325921151894 0.028164807490197508
246 186 3 0.34249140663340438 0.027641185481785013
247 186 3 0.31539248343554199 0.02709892319786239
248 186 3 0.28886532488067052 0.026527158554871477
249 186 3 0.26295185469767668 0.025913470182993836
250 186 3 0.23770704355993386 0.025244811137742823
251 186 3 0.21319890840587405 0.024508135154059807
252 186 3 0.18951606820508662 0.023682840200787425
253 186 3 0.16681447042130901 0.022701597783777616
254 186 3 0.14545443253709653 0.021360037884212479
255 186 3 0.12598093438269431 0.020180293649161976
104 187 3 0.13712889286210636 0.025767450195108135
105 187 3 0.16288752582749147 0.025799829597980078
106 187 3 0.18868735542547155 0.02592205787681312
107 187 3 0.21460941330228467 0.02612141853195768
108 187 3 0.24073083183424235 0.02638241532219518
109 187 3 0.26711324715643753 0.02668916235223695
110 187 3 0.29380240950867448 0.027028785325589944
111 187 3 0.32083119483426442 0.027391753786953743
112 187 3 0.34822294862121816 0.027771367575073203
113 187 3 0.37599431619629137 0.028163217955061104
114 187 3 0.40415753415135247 0.028564936410182595
115 187 3 0.43272247056153507 0.028976511355856716
116 187 3 0.46169898191739178 0.029401854790096771
117 187 3 0.49110083670748855 0.029853797460931364
118 187 3 0.52095463416841992 0.030370348654119694
119 187 3 0.55132498282253961 0.031073689272963501
120 187 3 0.58239867209550311 0.032410687751295186
121 187 3 0.6148093598467983 0.036231916838523004
236 187 3 0.64061575262950532 0.038441913732555233
237 187 3 0.60665892065215432 0.033956831977350999
238 187 3 0.57429910858917887 0.032359812062975446
239 187 3 0.54282487280948954 0.03147423577968933
240 187 3 0.51201744485967715 0.030807427949812394
241 187 3 0.48178860534861828 0.030228839511058869
242 187 3 0.45209436593791652 0.029694239410701762
243 187 3 0.42291099652013509 0.029183369417781435
244 187 3 0.39422708449619737 0.028683912023937719
245 187 3 0.36604080479459883 0.028186279701598538
246 187 3 0.33835970705999568 0.027681097734603144
247 187 3 0.31120234984581346 0.027157357214182221
248 187 3 0.28460144946668481 0.026600900379128656
249 187 3 0.25860748832987185 0.02599396113681296
250 187 3 0.23328952529075581 0.025317963039116043
251 187 3 0.20872669791911491 0.024562827371640894
252 187 3 0.18498888573034361 0.023737812188771301
253 187 3 0.16217225372597124 0.022816632004372367
254 187 3 0.14093369077809037 0.021238562947880874
255 187 3 0.12576384227456883 0.019963201541036493
104 188 3 0.13641626893387176 0.025152756325023007
105 188 3 0.16156902525889477 0.025314401811597081
106 188 3 0.18688342707049185 0.025533571837479646
107 188 3 0.2124169989079715 0.02580399569120298
108 188 3 0.23822099459917448 0.026116809441798255
109 188 3 0.26433780404097273 0.026462296357034842
110 188 3 0.29080010039800758 0.026831621722917032
111 188 3 0.31763172212092461 0.027217571042935984
112 188 3 0.34484929316386059 0.027614570363992341
113 188 3 0.37246386352785293 0.028018368494453272
114 188 3 0.40048223202230621 0.028425595096143619
115 188 3 0.42890782711844982 0.028833245355953663
116 188 3 0.45774107247440349 0.029237936257266894
117 188 3 0.48697900873167038 0.029634150070366017
118 188 3 0.5166131588020364 0.030007865101908004
119 188 3 0.5466210239039444 0.030308243661954615
120 188 3 0.57692926756589902 0.030310549063289782
121 188 3 0.6072398166291888 0.030310549063289782
122 188 3 0.63616188708204013 0.028922070452851334
123 188 3 0.65672547280854632 0.02687807821725674
124 188 1 0.68360355102580306 0.033818621959507689
232 188 2 0.68402580822631998 0.029777047858389749
234 188 2 0.66099071982990276 0.031234892517367885
236 188 3 0.63241011611044584 0.031604066039132128
237 188 3 0.60080605007131371 0.031687738969498391
238 188 3 0.56911831110181532 0.031687738969498391
239 188 3 0.53789805617447162 0.031220254927343705
240 188 3 0.50722126042845628 0.03067679574601534
241 188 3 0.4770742353684464 0.03014702506000988
242 188 3 0.44743298797934539 0.029641247389101011
243 188 3 0.41827870618064206 0.02915428179870333
244 188 3 0.389599909551398 0.028678796629244052
245 188 3 0.36139251335746797 0.028207396193930034
246 188 3 0.33366069464758069 0.027731818709887279
247 188 3 0.30641977543645621 0.027240919211124481
248 188 3 0.27970206782325774 0.026717707613198471
249 188 3 0.25356578782605294 0.026136279997204803
250 188 3 0.22810256039811144 0.025463227427941493
251 188 3 0.20342195791438208 0.024680602483729358
252 188 3 0.17953955687174339 0.023882401042638696
253 188 3 0.15595727440600507 0.02560191638092521
254 188 2 0.13035535802507986 0.024554717291547526
104 189 3 0.13561802355108205 0.024476253540302029
105 189 3 0.16009427709138407 0.024764472284869027
106 189 3 0.1848587493762531 0.025086772891934228
107 189 3 0.20994552226818733 0.025437028461139849
108 189 3 0.23538255072932718 0.025811269481948673
109 189 3 0.26119382021127585 0.026204216305462436
110 189 3 0.28739803651673829 0.0266103380866477
111 189 3 0.31400837460338599 0.027024717996666503
112 189 3 0.34103309260005249 0.027443227653792257
113 189 3 0.36847632025384475 0.027862216534373208
114 189 3 0.39633853678821795 0.028277828782050707
115 189 3 0.42461636557026866 0.028684810959938911
116 189 3 0.45330117653020757 0.029074242531564931
117 189 3 0.4823754190617725 0.029428628128220891
118 189 3 0.51180404718999339 0.029710231102102913
119 189 3 0.54151427829209631 0.029832292588835685
120 189 3 0.57134657088093199 0.029832292588835685
121 189 3 0.6009391805695018 0.029592609688569804
122 189 3 0.62951321573546637 0.028574035165964573
123 189 3 0.65596158483512712 0.027641966190675937
236 189 3 0.62710153851462391 0.033889181315278849
237 189 3 0.59491938631213392 0.032182152202489989
238 189 3 0.56336152001842499 0.031557866293708936
239 189 3 0.53232808944236776 0.03103343057605723
240 189 3 0.50180427242411363 0.030523817018254129
241 189 3 0.47177155498013656 0.030032717443977064
242 189 3 0.4422104596625131 0.029561095317623465
243 189 3 0.41310494597642106 0.029105513686092044
244 189 3 0.38444340391587628 0.028661542060544776
245 189 3 0.35621862322285353 0.028224780693022755
246 189 3 0.32842852314446491 0.027790100078388613
247 189 3 0.3010793389722593 0.027349184172205609
248 189 3 0.27419405504009636 0.02688528393216294
249 189 3 0.2478310991374241 0.026362955902672264
250 189 3 0.22212009781258116 0.025711001324842941
251 189 3 0.19731297054265329 0.02480712726992787
252 189 3 0.1737906490073706 0.023522321535282692
253 189 3 0.15176894850085748 0.022021700506513114
104 190 3 0.1346126377713634 0.02372448410493877
105 190 3 0.15833712187630217 0.024173638973170403
106 190 3 0.18251076084947257 0.024605086708939294
107 190 3 0.20711584755841186 0.025039025985837265
108 190 3 0.23215487354424913 0.025479850438079266
109 190 3 0.2576347239823284 0.025925660088516378
110 190 3 0.28356038407084477 0.026373364333597993
111 190 3 0.30993374840444277 0.026820170989533376
112 190 3 0.33675391939397614 0.027263709023495786
113 190 3 0.36401762841747193 0.027701612828714861
114 190 3 0.39171924124618679 0.028130734399094304
115 190 3 0.41984997564528109 0.028545842712524361
116 190 3 0.44839581835780545 0.028937390005105923
117 190 3 0.47733320836291138 0.029287574705327613
118 190 3 0.50662078306823899 0.029563736873684743
119 190 3 0.53618451994192373 0.029709642916800005
120 190 3 0.56589416285872374 0.029709642916800005
121 190 3 0.59553934427439437 0.029645181415670629
122 190 3 0.6248643398707685 0.029324995596374137
123 190 3 0.65387073395549467 0.029732817070308393
232 190 2 0.68168794412274625 0.032114911961963477
234 190 2 0.65058562355152783 0.03373438955890673
236 190 3 0.61996102950861953 0.0316683950887231
237 190 3 0.58829263441989643 0.0316683950887231
238 190 3 0.55697340985808141 0.031319224561815018
239 190 3 0.5261503904251642 0.030823019432917209
240 190 3 0.49580667951160501 0.030343710913559196
241 190 3 0.46591621338001371 0.029890466131591298
242 190 3 0.43645963414562794 0.029456579234385771
243 190 3 0.40742268284901967 0.029036951296608271
244 190 3 0.3787936529169319 0.028629029932087768
245 190 3 0.35056147989278169 0.028232173024150209
246 190 3 0.32271463837894948 0.02784684151383221
247 190 3 0.29524184138748283 0.027472796991466653
248 190 3 0.26813804394623003 0.027103797441252797
249 190 3 0.24142611347214535 0.026711930474084683
250 190 3 0.21522254752904107 0.026203565943104273
251 190 3 0.18991482331802506 0.025307724211016014
252 190 3 0.16654325043661691 0.023371572881408148
253 190 3 0.14698069092852498 0.019562559508091937
254 190 2 0.12846503519357175 0.022664394460039414
104 191 3 0.13314677661083793 0.02299033970967157
105 191 3 0.1561371163205095 0.023593857877883512
106 191 3 0.17973097419839301 0.024114113482170824
107 191 3 0.20384508768056384 0.024627202084315319
108 191 3 0.22847228976487916 0.025136367933084935
109 191 3 0.25360865769796409 0.025637988339291096
110 191 3 0.27924664603725519 0.026129924808778959
111 191 3 0.30537657084603415 0.026611387896007033
112 191 3 0.33198795874204118 0.027082180347703932
113 191 3 0.35907013908974511 0.027542010005508766
114 191 3 0.38661214909525388 0.027989738259788788
115 191 3 0.41460188735504266 0.028422391749682807
116 191 3 0.44302427910472547 0.02883373529368255
117 191 3 0.47185801439840802 0.029212270759711223
118 191 3 0.50107028515811924 0.029539139491429389
119 191 3 0.53060942464954863 0.029788953296955412
120 191 3 0.56039837794650404 0.029945082457157213
121 191 3 0.59034346040366126 0.030066062625462853
122 191 3 0.62040952302912411 0.030511171413436733
123 191 3 0.65092069444256084 0.032682856583242215
236 191 3 0.61374143847662255 0.036844185074905278
237 191 3 0.58120278302854556 0.032538655448076992
238 191 3 0.5499840160013213 0.031218767027224259
239 191 3 0.51939700822340029 0.030587007777921005
240 191 3 0.48926802815387777 0.030128980069522526
241 191 3 0.45954759555694036 0.029720432596937407
242 191 3 0.43021808341475265 0.029329512142187708
243 191 3 0.40126956381024781 0.028948519604504841
244 191 3 0.3726921461486109 0.028577417661636906
245 191 3 0.34447201695556562 0.028220129193045285
246 191 3 0.31658750912290629 0.027884507832659333
247 191 3 0.28900381204291581 0.027583697079990477
248 191 3 0.26166618167302574 0.027337630369890065
249 191 3 0.23449620030604879 0.027169981366976959
250 191 3 0.20741985436900531 0.027076345937043472
251 191 3 0.18057821890664452 0.026841635462360791
252 191 3 0.15549097471718162 0.025087244189462898
253 191 3 0.14115503910114277 0.014335935616038853
0 192 0 0.0042832407084659758 0.00070590752971977106
8 192 0 0.0049891482381857468 0.0014702634796360395
16 192 0 0.0064594117178217864 0.0023497819641660114
24 192 0 0.0088091936819877977 0.0033974504377305322
32 192 0 0.01220664411971833 0.0046601007232886047
40 192 0 0.016866744843006935 0.0061755119814255709
48 192 0 0.023042256824432505 0.0079692100414173392
56 192 0 0.031011466865849845 0.010051340763235113
64 192 0 0.041062807629084958 0.012414023728219446
72 192 0 0.053476831357304404 0.015027697166663571
80 192 0 0.068504528523967975 0.017818280632687519
88 192 0 0.086322809156655494 0.02048953855329394
96 192 0 0.10681234770994943 0.021293506948565077
104 192 3 0.13048913213676078 0.023676784426811343
105 192 3 0.15334051322437695 0.023090848862478169
106 192 3 0.17643136208685511 0.023623651433705151
107 192 3 0.20005501352056027 0.024212482316564504
108 192 3 0.22426749583712477 0.024793451192754584
109 192 3 0.24906094702987935 0.025352862590019842
110 192 3 0.2744138096198992 0.025889665915491522
111 192 3 0.30030347553539072 0.026405831587348272
112 192 3 0.32670930712273899 0.026904023332834703
113 192 3 0.35361333045557369 0.027386774119038837
114 192 3 0.38100010457461253 0.027855943402890493
115 192 3 0.40885604797750302 0.028312243443279039
116 192 3 0.43716829142078206 0.028754754583445341
117 192 3 0.4659230460042274 0.029180383007339994
118 192 3 0.4951034290115674 0.029583245739143116
119 192 3 0.52468667475071051 0.029953519203055889
120 192 3 0.5546401939537664 0.030271653156435097
121 192 3 0.5849118471102015 0.030474482185969487
122 192 3 0.61538632929617099 0.030474482185969487
123 192 3 0.64566705062826968 0.030280721332098692
124 192 1 0.67404044149853204 0.034273941850929801
128 192 0 0.7075152397457567 0.032160208348878783
136 192 0 0.73668438631200461 0.029169146566247917
144 192 0 0.76078150709348702 0.024097120781482406
152 192 0 0.7798985922817997 0.019117085188312677
160 192 0 0.79368349588043441 0.014524737462587756
168 192 0 0.80189558661288496 0.014475597290859898
176 192 0 0.80441022917509031 0.014433860962917322
184 192 0 0.8012007029938002 0.014389854732528962
192 192 0 0.79233161485518888 0.014360179172156151
200 192 0 0.77797143568303273 0.019548874853620224
208 192 0 0.75842256082941251 0.024273788646506422
216 192 0 0.73414877218290608 0.02881530848088476
224 192 0 0.70533346370202132 0.031687407961002001
232 192 2 0.67777608087314944 0.027557382828871879
234 192 3 0.65242381482588396 0.025352266047265481
235 192 3 0.63214901269552126 0.029053819097041522
236 192 3 0.60309519359847974 0.030414075044953304
237 192 3 0.57268111855352644 0.030421359336766929
238 192 3 0.54225975921675951 0.030421359336766929
239 192 3 0.51209113050106847 0.030168628715691037
240 192 3 0.48223486024515771 0.029856270255910755
241 192 3 0.45271046267255888 0.029524397572598837
242 192 3 0.42352619963808297 0.02918426303447591
243 192 3 0.3946841377790114 0.028842061859071566
244 192 3 0.36618016441834322 0.028503973360668178
245 192 3 0.33800165066828253 0.028178513750060696
246 192 3 0.31012208263034086 0.027879568037941671
247 192 3 0.28248992474103241 0.027632157889308451
248 192 3 0.25500448840923262 0.027546474482537747
249 192 3 0.22745801392669487 0.028082701934741439
250 192 3 0.19937531199195344 0.029887812641724215
251 192 3 0.16948749935022922 0.035792920093524888
252 192 1 0.13369457925670433 0.0294216733304411
256 192 0 0.10476011812438785 0.026446701688726787
264 192 0 0.083640060006285988 0.021120058118101859
272 192 0 0.066001909383917076 0.017638150622368912
280 192 0 0.051302116942592707 0.014699792441324369
288 192 0 0.039227637150256865 0.012074479792335842
296 192 0 0.029487099586321803 0.0097405375639350623
304 192 0 0.021779553991247577 0.0077075455950742257
312 192 0 0.015800721880924962 0.0059788321103226155
320 192 0 0.011255762263934429 0.0045449596169905328
328 192 0 0.0078708514190040796 0.0033849108449303493
336 192 0 0.0054014905643049085 0.0024693608546991711
344 192 0 0.0036371657402702153 0.0017643248240346932
352 192 0 0.0024026898790381513 0.001234475861232064
360 192 0 0.0015568948968960488 0.00084579498214210243
368 192 0 0.00098947060057670111 0.00056742429631934771
376 192 0 0.00061673128248709158 0.00037273931808960953
384 192 0 0.00037697930109748814 0.00023975198138960344
392 192 0 0.00022597327337038755 0.00015100602772710059
400 192 0 0.00013283548195697919 9.3137791413408358e-05
408 192 0 7.6576755673663462e-05 5.6258726283315731e-05
416 192 0 4.3293461003996791e-05 3.3283294669666671e-05
424 192 0 2.4005693518353227e-05 1.9287767485643564e-05
432 192 0 1.3055809182534081e-05 1.0949884335819146e-05
440 192 0 6.9651147082832631e-06 6.0906944742508184e-06
448 192 0 3.645287038037235e-06 3.3198276702460281e-06
456 192 0 1.8718402948046541e-06 1.7734467432325809e-06
464 192 0 9.4324842077170654e-07 9.2859187403294752e-07
472 192 0 4.6669095057086829e-07 4.7655747020083824e-07
480 192 0 2.2717971699715805e-07 2.3951123357371022e-07
488 192 0 1.0983508245121355e-07 1.173446345459445e-07
496 192 0 5.5060366731125325e-08 5.4774715720088223e-08
504 192 0 3.3610420941241476e-08 2.1449945789883849e-08
104 193 3 0.12867085114275942 0.021858503432809984
105 193 3 0.15031214491747402 0.022288158271047021
106 193 3 0.17260030318852104 0.023070645068520274
107 193 3 0.19567094825704132 0.023798924602796839
108 193 3 0.21946987285983816 0.02446521089931919
109 193 3 0.24393508375915735 0.025083289476780957
110 193 3 0.2690183732359383 0.025662821848342787
111 193 3 0.29468119508428109 0.026210865500731595
112 193 3 0.32089206058501268 0.02673376851949455
113 193 3 0.34762582910450723 0.027237431090588959
114 193 3 0.37486326019509619 0.027727183956285206
115 193 3 0.4025904441513814 0.028207909565462652
116 193 3 0.43079835371684405 0.028684546342687967
117 193 3 0.45948290005953202 0.029163020718198318
118 193 3 0.48864592077773034 0.029651578564082126
119 193 3 0.51829749934181246 0.030161749854637931
120 193 3 0.54845924919645039 0.03070495802717077
121 193 3 0.57916420722362116 0.031270859318000999
122 193 3 0.61043506654162216 0.031755262740265633
123 193 3 0.6421903292818878 0.031850112216644244
234 193 3 0.64905247460601401 0.028723606267135438
235 193 3 0.62236508835208038 0.028673996776306887
236 193 3 0.59369109157577349 0.029633868478368908
237 193 3 0.56405722309740458 0.02987537220584302
238 193 3 0.53418185089156156 0.02987537220584302
239 193 3 0.50438048956801951 0.029801361323542053
240 193 3 0.47478583488226872 0.029594654685750788
241 193 3 0.44545752763974228 0.029328307242526441
242 193 3 0.4164246579901757 0.029032869649566584
243 193 3 0.38770126956276812 0.02872338842740757
244 193 3 0.35929136458696764 0.028409904975800482
245 193 3 0.33118887004503217 0.028102494541935474
246 193 3 0.3033735682575911 0.027815301787441071
247 193 3 0.27580134336782541 0.027572224889765684
248 193 3 0.24838350722991279 0.027440134129064014
249 193 3 0.22094337310084877 0.027812402482728177
250 193 3 0.1931309706181206 0.028825743643343532
251 193 3 0.16430522697477706 0.030610647718072731
104 194 3 0.12708424863856024 0.020271900928610809
105 194 3 0.14664546265075801 0.021343724857780494
106 194 3 0.1679891875085385 0.022565487126092715
107 194 3 0.19055467463463122 0.023440778693803316
108 194 3 0.21399545332843453 0.02417839207952896
109 194 3 0.23817384540796349 0.024845285530550709
110 194 3 0.2630191309385142 0.025460310076612813
111 194 3 0.28847944101512701 0.026033713745120479
112 194 3 0.31451315476024749 0.026575265762927291
113 194 3 0.34108842052317478 0.027094353482510714
114 194 3 0.3681827740056855 0.02759965633870981
115 194 3 0.39578243034439531 0.02809972137892186
116 194 3 0.42388215172331717 0.028604411735768887
117 194 3 0.45248656345908606 0.029127341025235898
118 194 3 0.48161390448432195 0.029689917031877622
119 194 3 0.51130382151619957 0.030328410736890077
120 194 3 0.54163223225308965 0.031106876833092212
121 194 3 0.57273910908618186 0.032139876467320083
122 194 3 0.60487898555350195 0.033610360643921089
123 194 3 0.63848934619742304 0.035551095301109004
232 194 2 0.67278779155140644 0.032545672150614879
234 194 3 0.64351380008250336 0.029273991468903082
235 194 3 0.61444421165417229 0.029312803678299804
236 194 3 0.58513140797587249 0.029563653543010493
237 194 3 0.55556775443286199 0.029636460905352879
238 194 3 0.52593129352750911 0.029636460905352879
239 194 3 0.49637291468897665 0.029558378838532462
240 194 3 0.46698857904350061 0.029384335645476045
241 194 3 0.43783553172426842 0.029153047319232184
242 194 3 0.40894817773942532 0.0288873539848431
243 194 3 0.38034752755585999 0.028600650183565335
244 194 3 0.3520457299648303 0.028301797591029687
245 194 3 0.32404733787142914 0.027998392093401159
246 194 3 0.29634818791235418 0.027699149959074965
247 194 3 0.26893226925608749 0.027415918656266691
248 194 3 0.24176634403610681 0.02716592521998068
249 194 3 0.21479013130237451 0.026976212733732297
250 194 3 0.18789679404087217 0.026984160628895137
251 194 3 0.16091263341197704 0.027218054155272703
104 195 3 0.12622325075966545 0.019410903049716016
105 195 3 0.14120584673722464 0.020954184290039396
106 195 3 0.16216003102726403 0.022400585036784659
107 195 3 0.18456061606404869 0.023213832941970158
108 195 3 0.20777444900601885 0.023955590490385287
109 195 3 0.23173003949640414 0.024652243310821997
110 195 3 0.25638228280722614 0.025292322621236651
111 195 3 0.28167460542846279 0.025881140001020597
112 195 3 0.30755574542948338 0.02643178622163761
113 195 3 0.33398753165112099 0.026957459274618623
114 195 3 0.36094499092573962 0.027469609375753656
115 195 3 0.38841460030149327 0.027978997342348877
116 195 3 0.41639359764384215 0.028497973878118976
117 195 3 0.44489157152196113 0.029043792291396864
118 195 3 0.47393536381335799 0.029643947231288492
119 195 3 0.50357931104464648 0.03034651993892834
120 195 3 0.53392583098357482 0.031245455511806908
121 195 3 0.56517128649538173 0.032562304153244792
122 195 3 0.59773359064862652 0.034985681834201809
123 195 3 0.63271927248282833 0.041321169015703707
234 195 3 0.63764117534808507 0.035146616203321379
235 195 3 0.60664522819131084 0.030995947156774228
236 195 3 0.57670954203996427 0.029935686151346563
237 195 3 0.54704641653554709 0.029663125504417187
238 195 3 0.51750634747688606 0.029540069058661023
239 195 3 0.48810333058449185 0.029403016892394218
240 195 3 0.4588803518268102 0.02922297875768165
241 195 3 0.4298763675410503 0.029003984285759898
242 195 3 0.40112164122991573 0.028754726311134571
243 195 3 0.37263961035496035 0.028482030874955377
244 195 3 0.34444930001700647 0.028190310337953883
245 195 3 0.31656700710820673 0.027882292908799733
246 195 3 0.28900775390484879 0.027559253203357947
247 195 3 0.26178901758604017 0.027218736318808612
248 195 3 0.23494283479139058 0.026846182794649592
249 195 3 0.20854485894724681 0.026397975844143773
250 195 3 0.18275172048114505 0.025793138466101762
251 195 3 0.15775965061159841 0.024992069869546635
104 196 2 0.1298057376157194 0.022993389905769962
106 196 3 0.1548898241781014 0.025084086562382008
107 196 3 0.17775249566599824 0.023051967053715539
108 196 3 0.20080446271971378 0.023771256996921064
109 196 3 0.22457571971663484 0.024508925031122369
110 196 3 0.24908464474775721 0.025168551029897179
111 196 3 0.27425319577765439 0.02575950983369335
112 196 3 0.30001270561134774 0.026305882122574287
113 196 3 0.32631858773392203 0.026826527889403928
114 196 3 0.35314511562332596 0.027334606598062083
115 196 3 0.38047972222138804 0.027840810570682828
116 196 3 0.40832053279207087 0.028356661917105175
117 196 3 0.43667719470917604 0.028897710053680581
118 196 3 0.46557490476285662 0.029487183481230528
119 196 3 0.49506208824408715 0.030159682823604594
120 196 3 0.52522177106769175 0.030957275678353935
121 196 3 0.55617904674604568 0.031868977673188859
122 196 3 0.58804802441923454 0.03243897508408633
123 196 3 0.62048699950332087 0.03243897508408633
124 196 2 0.65004336674178731 0.034292814618530398
126 196 2 0.67607963145969363 0.031435608286063066
232 196 3 0.67749344956646984 0.027840014135551483
233 196 3 0.65633215290303504 0.028842156519220064
234 196 3 0.62748999638381497 0.029823127958399254
235 196 3 0.59766686842541572 0.029823127958399254
236 196 3 0.5679044655210479 0.029762402904367824
237 196 3 0.53829975498142657 0.029604710539621326
238 196 3 0.50885042340908182 0.02944933157234475
239 196 3 0.47956807748593028 0.029282345923151543
240 196 3 0.45047573469603158 0.029092342789898695
241 196 3 0.42159871372842322 0.028877020967608358
242 196 3 0.3929612602074114 0.028637453521011824
243 196 3 0.36458681728006587 0.028374442927345533
244 196 3 0.33649959584456712 0.028087221435498744
245 196 3 0.30872617761862492 0.027773418225942204
246 196 3 0.2812970358141294 0.027429141804495516
247 196 3 0.2542510252283624 0.027046010585767
248 196 3 0.22765638984506761 0.02659463538329479
249 196 3 0.2016873353445183 0.025969054500549316
250 196 3 0.17680529133763462 0.02488204400688368
251 196 3 0.15368626510535915 0.02496720473583422
252 196 1 0.12871906036952493 0.024760198841239561
106 197 3 0.14984840892107107 0.020907762625281601
107 197 3 0.17075617154635267 0.022353746362021254
108 197 3 0.19310991790837392 0.023561964354005122
109 197 3 0.21667188226237905 0.024436843196212893
110 197 3 0.24110872545859194 0.025106438993185459
111 197 3 0.2662151644517774 0.025675276288321947
112 197 3 0.29189044074009934 0.026198345530829226
113 197 3 0.31808878627092857 0.026700643358384124
114 197 3 0.34478942962931269 0.027193801469699463
115 197 3 0.37198323109901216 0.027685143801050693
116 197 3 0.39966837490006285 0.028182163131157789
117 197 3 0.42785053803122064 0.02869504883231383
118 197 3 0.45654558686353447 0.029239063656369302
119 197 3 0.48578465051990377 0.029839222962158962
120 197 3 0.51562387348206273 0.030546223873340383
121 197 3 0.54617009735540312 0.03150832801473058
122 197 3 0.5776784253701337 0.033335679373059146
123 197 3 0.61101410474319284 0.039029261998594467
232 197 3 0.67538122374800114 0.029952239954020188
233 197 3 0.6474241991441656 0.029229422066854083
234 197 3 0.61819477707731152 0.029683567956347523
235 197 3 0.588511209120964 0.029683567956347523
236 197 3 0.55883353756076071 0.029677671560203289
237 197 3 0.52929792037870937 0.029535617182051332
238 197 3 0.49993603380137436 0.029361886577335017
239 197 3 0.47075960043012072 0.029176433371253641
240 197 3 0.44178077132369609 0.028978829106424631
241 197 3 0.41301459361862169 0.028766177705074392
242 197 3 0.38447901662482997 0.028535576993791723
243 197 3 0.35619591135359502 0.028283105271234954
244 197 3 0.32819306365594886 0.02800284769764616
245 197 3 0.30050581099308876 0.027687252662860096
246 197 3 0.27317557796359626 0.027330233029492501
247 197 3 0.24624157764929347 0.026934000314302792
248 197 3 0.21973166909499461 0.026509908554298856
249 197 3 0.19373729908058229 0.025994370014412321
250 197 3 0.16909721447152254 0.024640084609059754
251 197 3 0.15146879196497992 0.022749731595454986
104 198 2 0.12638393967946568 0.019571591969516244
106 198 3 0.14395069243277561 0.018366223921761099
107 198 3 0.16231691635453671 0.021887128497559832
108 198 3 0.18420404485209654 0.023679491951937498
109 198 3 0.20788353680403404 0.024563263102570843
110 198 3 0.23244679990660488 0.02513809933998673
111 198 3 0.25758489924659161 0.025629648447742959
112 198 3 0.28321454769433457 0.02610425519088444
113 198 3 0.30931880288521901 0.026576417114037298
114 198 3 0.33589521999925631 0.027047177786756971
115 198 3 0.36294239778601328 0.027516014135467393
116 198 3 0.39045841192148067 0.027983859766350372
117 198 3 0.41844227168783105 0.028453164355754512
118 198 3 0.44689543604358556 0.028926541366168901
119 198 3 0.47582197740975446 0.029403484642056055
120 198 3 0.50522546205181051 0.029871423693334731
121 198 3 0.53509688574514525 0.030273506121883953
122 198 3 0.5653703918670292 0.030356702420482162
123 198 3 0.59572709428751136 0.030356702420482162
124 198 3 0.62455881287822612 0.028831718590714761
125 198 3 0.6429940197558075 0.020902763481262632
126 198 3 0.66389678323707013 0.020902763481262632
127 198 3 0.68043021866638698 0.02708502107936972
232 198 3 0.67113521415784783 0.034198249544173498
233 198 3 0.6396579898647391 0.03147722429310873
234 198 3 0.60923132325507123 0.030426666609667863
235 198 3 0.57923567012236832 0.029995653132702915
236 198 3 0.54951496230874297 0.029720707813625347
237 198 3 0.52002510634408083 0.029489855964662137
238 198 3 0.49074722995330389 0.029277876390776947
239 198 3 0.46167278523511474 0.029074444718189152
240 198 3 0.43280058475399719 0.028872200481117549
241 198 3 0.40413539274918292 0.028665192004814266
242 198 3 0.37568783664589217 0.02844755610329075
243 198 3 0.34747621506741494 0.028211621578477231
244 198 3 0.31953024330824253 0.027945971759172406
245 198 3 0.29189546822374773 0.0276347750844948
246 198 3 0.2646325519533364 0.02726291627041133
247 198 3 0.23779019652520947 0.026842355428126935
248 198 3 0.21128092567925158 0.026851236523985827
249 198 3 0.18442968915526575 0.030048699268906298
250 198 2 0.15438098988635945 0.026993275490909185
106 199 3 0.13726396157988618 0.013098212443597795
107 199 3 0.15036217402348398 0.023143019319450953
108 199 3 0.17350519334293493 0.024699064144194871
109 199 3 0.1982042574871298 0.024991806099978003
110 199 3 0.22319606358710781 0.025246056515512899
111 199 3 0.24844212010262071 0.025593817726488804
112 199 3 0.27403593782910951 0.02600531486672697
113 199 3 0.30004125269583648 0.026446149240444305
114 199 3 0.32648740193628079 0.026894888717910348
115 199 3 0.35338229065419113 0.027340140056176188
116 199 3 0.38072243071036732 0.027776218041609457
117 199 3 0.40849864875197678 0.028199184253616172
118 199 3 0.43669783300559295 0.02860228553902433
119 199 3 0.46530011854461728 0.028968439094949727
120 199 3 0.49426855763956701 0.029254027951557071
121 199 3 0.52352258559112408 0.029348996985690379
122 199 3 0.55287158257681446 0.029348996985690379
123 199 3 0.58184888487478204 0.028977302297967578
124 199 3 0.60934641183332372 0.027497526958541685
125 199 3 0.63334752809764161 0.02400111626431789
126 199 3 0.65594774301279957 0.022600214915157957
127 199 3 0.67408900359512069 0.033426236150636002
232 199 3 0.66403081360672433 0.041302650095296989
233 199 3 0.63071276925148489 0.03331804435523944
234 199 3 0.59971701335845518 0.030995755893029719
235 199 3 0.56957382779029142 0.030143185568163755
236 199 3 0.53986257854529118 0.029711249245000237
237 199 3 0.51044568568242854 0.029416892862862642
238 199 3 0.48126862957729261 0.029177056105135935
239 199 3 0.45230555714246629 0.02896307243482632
240 199 3 0.42354335057518661 0.02876220656727968
241 199 3 0.39497657737842973 0.028566773196756878
242 199 3 0.36660673112649328 0.028369846251936448
243 199 3 0.33844478650537163 0.028161944621121648
244 199 3 0.31051796412456678 0.02792682238080485
245 199 3 0.28288272287460647 0.027635241249960307
246 199 3 0.25564601997590852 0.027236702898697951
247 199 3 0.22899024997952047 0.026655769996388051
248 199 3 0.20316402008201334 0.02582622989750713
249 199 3 0.17831884159927153 0.024845178482741814
0 200 0 0.0040768270495856046 0.00067293763243404109
8 200 0 0.0047497646820196457 0.0014018059969920643
16 200 0 0.00615157067901171 0.0022409272420952329
24 200 0 0.008392497921106943 0.0032411755824552305
32 200 0 0.011633673503562173 0.0044477606034545331
40 200 0 0.016081434107016707 0.0058976433838129998
48 200 0 0.021979077490829706 0.0076167985191831281
56 200 0 0.029595876010012834 0.0096177170265132374
64 200 0 0.039213593036526072 0.011897466010608988
72 200 0 0.05111105904713506 0.014435367225747425
80 200 0 0.065546426272882485 0.017184100775843494
88 200 0 0.08273052704872598 0.020035706080217847
96 200 0 0.10276623312894383 0.022775348749991611
104 200 1 0.12837137753346728 0.025605144404523453
108 200 3 0.16125267240286217 0.032881294869394895
109 200 3 0.18822778659211992 0.026975114189257743
110 200 3 0.2136797020398396 0.025451915447719686
111 200 3 0.23893318979535533 0.02548712050856361
112 200 3 0.26442031030391894 0.025869774420736291
113 200 3 0.29029008472465523 0.026300573806037009
114 200 3 0.31659065853069224 0.026738544488089044
115 200 3 0.34332920301878128 0.027165757079568087
116 200 3 0.37049496009834937 0.027573870367874898
117 200 3 0.39806883046622427 0.027957120474517483
118 200 3 0.42602595094074175 0.028306904473712091
119 200 3 0.45433285541445384 0.028605772295948018
120 200 3 0.48293862771040186 0.02881897687461954
121 200 3 0.5117576045850214 0.028882842244102536
122 200 3 0.54064044682912393 0.028882842244102536
123 200 3 0.5693382195988167 0.028697772769692764
124 200 3 0.59751039514207094 0.028172175543254241
125 200 3 0.62497510507774057 0.027464709935669629
126 200 2 0.65232441257581364 0.031540037226796658
128 200 1 0.68103492161582169 0.030358886743350744
132 200 1 0.70123093659277447 0.021177617980677632
136 200 0 0.7224085545734521 0.02597893872855872
144 200 0 0.74606818329043123 0.023659628716979131
152 200 0 0.76529240287220324 0.019751613721144423
160 200 0 0.77915875841784665 0.019670262393476245
168 200 0 0.78741998932202506 0.019667458703347185
176 200 0 0.78997636821217299 0.019653038477351559
184 200 0 0.78681084826127123 0.019599921397322584
192 200 0 0.77797143568303273 0.019548874853620224
200 200 0 0.76359506890647166 0.019609992679275656
208 200 0 0.74398507622719601 0.023835094209977647
216 200 0 0.72014998201721836 0.025826816305703715
224 200 1 0.69986769184935782 0.020282290167860539
228 200 2 0.68884940388529536 0.01648405981672596
230 200 2 0.67271489925404082 0.032618564447980503
232 200 3 0.64880645466507747 0.029487114249289292
233 200 3 0.61931934041578818 0.03008635572468199
234 200 3 0.58923298469110619 0.03008635572468199
235 200 3 0.55937142588367639 0.0298615588074298
236 200 3 0.52981561238884367 0.029555813494832717
237 200 3 0.50053450949486522 0.02928110289397845
238 200 3 0.47149235843011073 0.029042151064754496
239 200 3 0.44266193848107116 0.028830419949039565
240 200 3 0.41402325417018992 0.028638684310881235
241 200 3 0.38556143605752319 0.028461818112666737
242 200 3 0.35726628745906924 0.028295148598453945
243 200 3 0.3291346903177354 0.028131597141333842
244 200 3 0.30117836970187239 0.027956320615863006
245 200 3 0.27344341986796988 0.027734949833902511
246 200 3 0.24605812344209824 0.027385296425871647
247 200 3 0.21934774045214259 0.02671038298995565
248 200 3 0.19406019965448806 0.025287540797654523
249 200 3 0.17130166979490707 0.024123672248466593
250 200 2 0.14717799754644048 0.024002369692292247
252 200 1 0.12317562785414823 0.023450558465534746
256 200 0 0.099725069388613488 0.021646940903175066
264 200 0 0.080042443244960404 0.019682626143653084
272 200 0 0.063184094831025647 0.016858348413934757
280 200 0 0.049085247282511485 0.014098847548514162
288 200 0 0.037510911547786699 0.011574335734724786
296 200 0 0.02818312130238591 0.009327790245400789
304 200 0 0.020808190113020927 0.0073749311893649833
312 200 0 0.015090891020107387 0.00571729909291354
320 200 0 0.010746826270008751 0.0043440647500986359
328 200 0 0.0075128196676182268 0.003234006602390524
336 200 0 0.0051543714596504675 0.0023584482079677593
344 200 0 0.0034698353737915946 0.0016845360858588729
352 200 0 0.0022915479189796234 0.0011782874548119712
360 200 0 0.0014844897975582387 0.0008070581214213847
368 200 0 0.00094321042760865193 0.00054127936994958679
376 200 0 0.00058774716554452103 0.0003554632620641309
384 200 0 0.00035917172048284486 0.00022857544506167617
392 200 0 0.0002152450222656208 0.00014392669821722406
400 200 0 0.00012649782261655779 8.8747199649063011e-05
408 200 0 7.2905532552090867e-05 5.3592290064466923e-05
416 200 0 4.1208061958905646e-05 3.169747059318522e-05
424 200 0 2.2844013331238352e-05 1.8364048627667294e-05
432 200 0 1.2421161297363912e-05 1.042285203387444e-05
440 200 0 6.6250476404273841e-06 5.7961136569365278e-06
448 200 0 3.4665454694366661e-06 3.1585021709907181e-06
456 200 0 1.7796743013699602e-06 1.6868711680667059e-06
464 200 0 8.9661598830621416e-07 8.8305831306374605e-07
472 200 0 4.4352722978568612e-07 4.5308875852052804e-07
480 200 0 2.1585992078751502e-07 2.276673089981711e-07
488 200 0 1.0434067722974012e-07 1.1151924355777489e-07
496 200 0 5.2294547897395896e-08 5.2046129332344229e-08
504 200 0 3.191582576434933e-08 2.0378722133046566e-08
108 201 3 0.15491212421222825 0.026540746678760968
109 201 3 0.17977285943101617 0.024860735218787927
110 201 3 0.20435306722209787 0.024821846931665781
111 201 3 0.22917491415376365 0.025224306086198273
112 201 3 0.25439922023996192 0.025678867800391414
113 201 3 0.28007808804035333 0.026140469412887612
114 201 3 0.30621855745324095 0.026585462736978593
115 201 3 0.33280402019021954 0.027002843802780063
116 201 3 0.3598068639929996 0.027388628552870498
117 201 3 0.3871954925458701 0.027740645660023266
118 201 3 0.41493613820589337 0.028054452978684086
119 201 3 0.44299059118457745 0.028320688004863814
120 201 3 0.47131127918944127 0.028525115374627263
121 201 3 0.49983639456406853 0.028657447179100404
122 201 3 0.52849384174316894 0.028750642039579333
123 201 3 0.55724448378274827 0.029020707827446701
124 201 3 0.58626519161019497 0.030328454010098427
125 201 3 0.6165936456202934 0.035730766955520243
232 201 3 0.63902972751155085 0.033685171742489972
233 201 3 0.60840246122893704 0.030627266282613808
234 201 3 0.57840997965187269 0.029992481577064356
235 201 3 0.54875754320492198 0.029652436446950703
236 201 3 0.51939655175457144 0.029360991450350538
237 201 3 0.49029526450444727 0.029101287250124175
238 201 3 0.46142343050831996 0.028871833996127305
239 201 3 0.43275378093384503 0.028669649574474931
240 201 3 0.40426154647897894 0.028492234454866094
241 201 3 0.37592287726067186 0.028338669218307078
242 201 3 0.34771348238891037 0.028209394871761495
243 201 3 0.31960838653403661 0.028105095854873752
244 201 3 0.29158428902407257 0.028024097509964041
245 201 3 0.26362908663626061 0.027955202387811962
246 201 3 0.23577756189243881 0.027851524743821798
247 201 3 0.20827205776786148 0.027505504124577335
248 201 3 0.18242404456494049 0.025848013202920989
249 201 3 0.16565260143943636 0.018474603892995878
108 202 3 0.15025915580552876 0.021887778272061481
109 202 3 0.17159917834191041 0.023179536500481018
110 202 3 0.19477871484239143 0.024222499636519568
111 202 3 0.21900121447891099 0.024902370742067498
112 202 3 0.24390358522097849 0.025473758074804398
113 202 3 0.26937734329578289 0.025989664506551102
114 202 3 0.29536700780233399 0.026452544511243015
115 202 3 0.32181955231357701 0.026863946831920671
116 202 3 0.34868349914549768 0.027229452841946
117 202 3 0.37591295198744368 0.027554567940890229
118 202 3 0.40346751992833391 0.027841661595639555
119 202 3 0.43130918152397346 0.028089414064803531
120 202 3 0.45939859558877699 0.028295285453347085
121 202 3 0.48769388104212408 0.02846307979867635
122 202 3 0.51615696084080043 0.028618497951698907
123 202 3 0.54477545879249933 0.028823334925583532
124 202 3 0.57359879371808287 0.029089030410419658
125 202 3 0.60268782412850253 0.029089030410419658
126 202 3 0.6312942226774565 0.028606398548953971
127 202 3 0.65256822305984941 0.028466698555972281
228 202 2 0.67691206101055323 0.024704642788154541
230 202 2 0.65220741822239869 0.031086818148741813
232 202 3 0.62606682757469589 0.029335629367552518
233 202 3 0.59673119820714338 0.02959538336305878
234 202 3 0.5671358148440846 0.02959538336305878
235 202 3 0.53774948410946166 0.029386330734622934
236 202 3 0.5086233501185744 0.02912613399088726
237 202 3 0.47974034339780275 0.028883006720771653
238 202 3 0.45107423608192221 0.02866610731588054
239 202 3 0.42259820049211233 0.028476035589809878
240 202 3 0.39428427960378598 0.028313920888326349
241 202 3 0.36610100925530076 0.028183270348485223
242 202 3 0.33801025365677279 0.028090755598527972
243 202 3 0.30996282719352047 0.02807194088128806
244 202 3 0.28189088631223241 0.028202441710261927
245 202 3 0.25368844460197049 0.028552345183368716
246 202 3 0.22513609941860177 0.02960445741776685
247 202 3 0.19553164200083492 0.033820403545291422
248 202 2 0.1617112384555435 0.029556321608922048
250 202 2 0.14271663249222866 0.019541004638080423
108 203 3 0.14616282538826483 0.017791447854797554
109 203 3 0.16158900210710561 0.022569012625282214
110 203 3 0.18415801473238783 0.023979528408242912
111 203 3 0.20813754314063074 0.024681994327440865
112 203 3 0.2328195374680716 0.025317027262195257
113 203 3 0.25813656473026686 0.025884623475404989
114 203 3 0.28402118820567185 0.02636369658765908
115 203 3 0.31038488479333093 0.02676340920306991
116 203 3 0.33714829399640084 0.027103015171162204
117 203 3 0.36425130916756304 0.027398755071776471
118 203 3 0.39165006423933951 0.027660362648685655
119 203 3 0.41931042688802517 0.027892092297434279
120 203 3 0.44720251918545945 0.028095536271238675
121 203 3 0.47529805545669812 0.02827303662603764
122 203 3 0.50357109208273576 0.028428831811834643
123 203 3 0.5319999238945704 0.028556935893418678
124 203 3 0.56055685978798908 0.028589685616093652
125 203 3 0.58914654540408273 0.028589685616093652
126 203 3 0.61747022532560059 0.028323679921517853
127 203 3 0.64548709127840742 0.035547830337414266
232 203 3 0.61617437257261787 0.036033045649780826
233 203 3 0.58520339621898865 0.03097097635362922
234 203 3 0.55554467499236893 0.029658721226619722
235 203 3 0.52638161203382883 0.029163062958540098
236 203 3 0.49751563116015401 0.028865980873674812
237 203 3 0.46888528277728986 0.028630348382864157
238 203 3 0.44045980989889172 0.028425472878398139
239 203 3 0.41221336209050413 0.028246447808387587
240 203 3 0.38411717927846517 0.028096182812038961
241 203 3 0.35613535538472874 0.027981823893736435
242 203 3 0.32822029766220046 0.02791505772252828
243 203 3 0.3003062311702302 0.028005958710795753
244 203 3 0.27230027245943444 0.028222418441117725
245 203 3 0.24407785401831672 0.028543015802496935
246 203 3 0.21553483821581979 0.028543015802496935
247 203 3 0.18700347812809617 0.028531360087723612
104 204 1 0.12271178622440364 0.019945553095459811
108 204 2 0.14444182707280465 0.023293564824688306
110 204 3 0.17212640134992391 0.027684574277119262
111 204 3 0.19656436199742824 0.024522190691040557
112 204 3 0.2210865526884688 0.025220678767277904
113 204 3 0.24630723145574671 0.025860876539466976
114 204 3 0.27216810799521368 0.026346830993210002
115 204 3 0.29851493898842368 0.026715473784156896
116 204 3 0.32523041277258058 0.027012830421571377
117 204 3 0.35224324319415196 0.027269365753743002
118 204 3 0.37951260894789496 0.027501147653487767
119 204 3 0.40701375660138273 0.027715186313184259
120 204 3 0.43472894291456698 0.027913793787109453
121 204 3 0.46264273670167644 0.02809670292375388
122 204 3 0.49073943962543032 0.028258809356256021
123 204 3 0.51899824898168634 0.028377800806174469
124 204 3 0.54737604978786081 0.028380990667721817
125 204 3 0.57575704045558262 0.028380990667721817
126 204 3 0.60383077461490653 0.028073734159323904
127 204 3 0.63074477373375826 0.026913999118851728
128 204 2 0.65304335759410637 0.027991564021715321
130 204 2 0.67190119882552846 0.019727096271483613
132 204 1 0.69162829509701207 0.030780259476440031
224 204 1 0.68877863957367158 0.031371342443546779
228 204 2 0.66616777391147652 0.023346202006616079
230 204 3 0.64654283537525092 0.0196249385362256
231 204 3 0.62856545692141641 0.027467399991394803
232 204 3 0.60109805693002161 0.028847745991987583
233 204 3 0.57225031093803402 0.028897075126626093
234 204 3 0.54335323581140793 0.028897075126626093
235 204 3 0.51462025802055278 0.028732977790855152
236 204 3 0.48608403033128778 0.028536227689265004
237 204 3 0.45774517335818177 0.028338856973106008
238 204 3 0.42959419471969962 0.028150978638482149
239 204 3 0.40161404370333964 0.027980151016359978
240 204 3 0.37377940065846615 0.027834643044873486
241 204 3 0.34605446737055129 0.027724933287914866
242 204 3 0.31838870205180131 0.027680017821429537
243 204 3 0.29070868423037177 0.027807593065230674
244 204 3 0.2629010911651411 0.028130396974019617
245 204 3 0.23477069419112148 0.028858006089789695
246 204 3 0.20591268810133179 0.030677814137149428
247 204 3 0.17523487396418236 0.036389728629383111
248 204 1 0.13884514533479925 0.028143619811639042
252 204 1 0.11956839272942885 0.019843323340815358
110 205 3 0.163344382445062 0.021558777110100347
111 205 3 0.18490315955516234 0.023741316664416173
112 205 3 0.20864447621957852 0.025175597084285795
113 205 3 0.23382007330386431 0.025984155035536666
114 205 3 0.25980422833940098 0.026439908306709392
115 205 3 0.28624413664611037 0.026731338209918465
116 205 3 0.31297547485602883 0.026955883689470439
117 205 3 0.33993135854549927 0.027157061762586865
118 205 3 0.36708842030808614 0.027351930720701245
119 205 3 0.39444035102878738 0.027545895107490892
120 205 3 0.42198624613627828 0.027739867240965999
121 205 3 0.44972611337724427 0.027933228877483507
122 205 3 0.47765934225472778 0.028123904994627746
123 205 3 0.50578324724935553 0.028306429730542648
124 205 3 0.53408967697989818 0.028474697644760738
125 205 3 0.56256437462465891 0.028668304889458041
126 205 3 0.59123267951411695 0.02925917702916514
127 205 3 0.62049185654328209 0.032551501050824272
230 205 3 0.63910030843447008 0.027067465477006447
231 205 3 0.61428822229886537 0.027003656126983078
232 205 3 0.58728456617188229 0.028047371724838177
233 205 3 0.55923719444704412 0.028340685609061778
234 205 3 0.53089650883798234 0.028340685609061778
235 205 3 0.5025690809926926 0.028327427845289743
236 205 3 0.47437004079662221 0.028199040196070391
237 205 3 0.44634015871739913 0.028029882079223079
238 205 3 0.41848865398173207 0.027851504735667054
239 205 3 0.39080799001524585 0.027680663966486219
240 205 3 0.3632785033582413 0.027529486657004554
241 205 3 0.33586877775771362 0.027409725600527679
242 205 3 0.30853347071914355 0.027335307038570067
243 205 3 0.28120855944889095 0.027406243121111451
244 205 3 0.2538023163277795 0.027625740627584688
245 205 3 0.22617657570019481 0.028072782050336698
246 205 3 0.19810379364985811 0.028923658502783223
247 205 3 0.16918013514707489 0.030334989812275642
108 206 2 0.13348678859641841 0.01247653590657205
110 206 3 0.15191158887247186 0.019147311058399258
111 206 3 0.17105889993087112 0.023702110945591298
112 206 3 0.19476101087646241 0.025749231456643651
113 206 3 0.22051024233310607 0.02645299092382189
114 206 3 0.24696323325692796 0.026689919415454705
115 206 3 0.27365315267238266 0.026806601451027701
116 206 3 0.30045975412341036 0.026914741974357448
117 206 3 0.32737449609776781 0.027043434950578482
118 206 3 0.35441793104834629 0.027195919429152338
119 206 3 0.38161385047749863 0.027368831325532361
120 206 3 0.40898268180303099 0.027558721337193726
121 206 3 0.43654140314022472 0.027764546542981217
122 206 3 0.46430594968320593 0.027989195930721911
123 206 3 0.49229514561392784 0.028241300363857968
124 206 3 0.52053644597778581 0.028534996153167791
125 206 3 0.5490714421309536 0.02885748131012067
126 206 3 0.57792892344107427 0.02889460106670394
127 206 3 0.60682352450777821 0.02889460106670394
128 206 2 0.63308965302512443 0.031845654684511171
130 206 2 0.66134748494939388 0.030280810147618187
228 206 2 0.65561506120287472 0.033163578370796865
230 206 3 0.62927412745541156 0.02719282028102965
231 206 3 0.60208130717438191 0.02768012520056029
232 206 3 0.57440118197382162 0.027989466397996599
233 206 3 0.54641171557582502 0.028082857113478021
234 206 3 0.518328858462347 0.028082857113478021
235 206 3 0.49029985135072296 0.028029007111624038
236 206 3 0.46240518530304209 0.027894666047680872
237 206 3 0.43468295992319572 0.027722225379846366
238 206 3 0.40714630700257731 0.02753665292061841
239 206 3 0.37979257632774521 0.0273537306748321
240 206 3 0.35260739110074574 0.027185185226999475
241 206 3 0.3255658983497477 0.027041492750998042
242 206 3 0.29863272071481783 0.026933177634929861
243 206 3 0.2717622746347822 0.026870446080035637
244 206 3 0.2449031856281485 0.026885856530286883
245 206 3 0.21801732909786162 0.026885856530286883
246 206 3 0.19114139805800451 0.026875931039857109
247 206 3 0.16454036178630854 0.026601036271695966
110 207 3 0.13976494344571211 0.018754690755865749
111 207 3 0.15266320188205948 0.03165294919221312
112 207 3 0.17882720935267005 0.027659065723329906
113 207 3 0.20648627507599995 0.027659065723329906
114 207 3 0.233867560598361 0.027381285522361049
115 207 3 0.2609202840272779 0.027052723428916903
116 207 3 0.28780318921252468 0.026882905185246775
117 207 3 0.31464869148162306 0.026898421547926099
118 207 3 0.34154711302954915 0.027011830211760179
119 207 3 0.36855894324130933 0.027167078608615891
120 207 3 0.39572602184992522 0.027353865200072658
121 207 3 0.42307988704999788 0.027569197159120429
122 207 3 0.45064908420911831 0.027819116705306624
123 207 3 0.47846820091442493 0.028126585426777539
124 207 3 0.50659478634120247 0.02855842117738594
125 207 3 0.53515320751858841 0.029323842133698985
126 207 3 0.5644770496522874 0.031187422521160801
127 207 3 0.5956644721734482 0.037425180851676232
230 207 3 0.62017434271280847 0.035440718490066248
231 207 3 0.59024390407123328 0.029930438641575186
232 207 3 0.56171717789481224 0.028526726176421047
233 207 3 0.53357758117448439 0.028139596720327842
234 207 3 0.50561324756888504 0.027964333605599356
235 207 3 0.47781008409788583 0.027803163470999204
236 207 3 0.45018956104705316 0.027620523050832679
237 207 3 0.42276967176041347 0.027419889286639687
238 207 3 0.3955582701071591 0.027211401653254363
239 207 3 0.3685535366015098 0.027004733505649303
240 207 3 0.3417451337951864 0.026808402806323406
241 207 3 0.31511482626037035 0.026630307534816045
242 207 3 0.28863689259353326 0.026477933666837095
243 207 3 0.26227978507781768 0.026357107515715572
244 207 3 0.23601345516289507 0.026266329914922615
245 207 3 0.20983826173216796 0.026175193430727106
246 207 3 0.18390166599930385 0.025936595732864109
247 207 3 0.1589996896881874 0.024901976311116458
0 208 0 0.0038072787547390736 0.00062975275932106297
8 208 0 0.0044370315140601366 0.0013120827388061959
16 208 0 0.0057491142528663325 0.0020980949720593054
24 208 0 0.007847209224925638 0.0030357409709163685
32 208 0 0.010882950195842006 0.0041678039142251308
40 208 0 0.015050754110067137 0.005529589396248499
48 208 0 0.020580343506315636 0.007146599203843685
56 208 0 0.027726942710159321 0.0090328150753977883
64 208 0 0.036759757785557109 0.011190913960923907
72 208 0 0.047950671746481016 0.013617947829854191
80 208 0 0.061568619576335207 0.016329329958262723
88 208 0 0.077897949534597929 0.01945603841243275
96 208 0 0.097353987947030679 0.02365626474281568
104 208 0 0.12101025268984636 0.026111564296342094
112 208 3 0.16139959107924357 0.040389338389397206
113 208 3 0.19273364369374971 0.031334052614506142
114 208 3 0.22108638169628561 0.028352738002535904
115 208 3 0.24833561705137122 0.02724923535508561
116 208 3 0.27515489440883351 0.026819277357462284
117 208 3 0.30183331430306126 0.026685369599240616
118 208 3 0.32851868390230188 0.026778307313079841
119 208 3 0.35529699121538172 0.026926138076781903
120 208 3 0.38222312929216362 0.027112750397843499
121 208 3 0.40933587969000712 0.027331476035586999
122 208 3 0.43666735572559412 0.027583624396491369
123 208 3 0.46425098012208549 0.027879544378997256
124 208 3 0.49213052450108274 0.028240172351453707
125 208 3 0.52037069685253645 0.028683731471657925
126 208 3 0.54905442832419438 0.029097219251665973
127 208 3 0.57815164757586035 0.029097219251665973
128 208 3 0.60653952440166115 0.028387876825800795
129 208 3 0.62589490511365542 0.022337251640200173
130 208 2 0.64823215675385559 0.027487847317196001
132 208 1 0.67395707990833786 0.02870517629659175
136 208 0 0.7007226242676704 0.030962557600639484
144 208 0 0.72563272135223822 0.025215443972836371
152 208 0 0.74554078915105881 0.023934018021421366
160 208 0 0.75948849602437041 0.024380967864427228
168 208 0 0.76775253061867788 0.024516978705950487
176 208 0 0.77032332973482143 0.024558455047299921
184 208 0 0.76721092686394865 0.024456436818679816
192 208 0 0.75842256082941251 0.024273788646506422
200 208 0 0.74398507622719612 0.023835094209977647
208 208 0 0.72365984368558933 0.0251971590279364
216 208 0 0.69846268465765293 0.030447958113517415
224 208 1 0.67192790266372093 0.031129173852852854
228 208 3 0.65149826017915602 0.020429642484564914
229 208 3 0.63301734303835844 0.027575977546373531
230 208 3 0.60544136549198491 0.028553017715856943
231 208 3 0.57688834777612796 0.028553017715856943
232 208 3 0.54853967385817792 0.02834867391795004
233 208 3 0.52046976876337159 0.028069905094806336
234 208 3 0.49264595172751319 0.0278238170358584
235 208 3 0.46505500923594101 0.027590942491572179
236 208 3 0.43769842399813719 0.027356585237803821
237 208 3 0.41058073961147268 0.027117684386664509
238 208 3 0.38370406275664165 0.026876676854831028
239 208 3 0.35706624887477417 0.026637813881867478
240 208 3 0.33066038188008884 0.026405866994685334
241 208 3 0.30447443609947206 0.026185945780616782
242 208 3 0.27849069273053295 0.025983743368939105
243 208 3 0.25268432235345151 0.025806370377081445
244 208 3 0.22701770162406842 0.025666620729383083
245 208 3 0.20141297725598226 0.025786097666459284
246 208 3 0.17562687958952297 0.02690884485857456
247 208 3 0.14871803473094841 0.031916229171171456
248 208 0 0.11680180555977696 0.02267129443512958
256 208 0 0.094130511124647376 0.02267129443512958
264 208 0 0.075248924249439672 0.018881586875207704
272 208 0 0.059338754552506125 0.015910169696933547
280 208 0 0.046076086871524029 0.013262667680982096
288 208 0 0.035198319917237646 0.010877766954286383
296 208 0 0.026436487627489343 0.0087618322897483024
304 208 0 0.019512053577912625 0.0069244340495767179
312 208 0 0.014146163935617264 0.0053658896422953614
320 208 0 0.010070678611428026 0.0040754853241892382
328 208 0 0.0070377663556077689 0.0030329122558202569
336 208 0 0.0048267997585341406 0.0022109665970736284
344 208 0 0.0032481981008385093 0.0015786016576956313
352 208 0 0.0021444274790261056 0.0011037706218124037
360 208 0 0.0013886973685268125 0.00075573011049929312
368 208 0 0.00088203677864308382 0.0005066605898837287
376 208 0 0.00054943537937428917 0.00033260139926879464
384 208 0 0.00033564251688262783 0.00021379286249166135
392 208 0 0.00020107493850922119 0.00013456757837340664
400 208 0 0.00011812981079180272 8.2945127717418468e-05
408 208 0 6.8059781594854125e-05 5.0070029196948597e-05
416 208 0 3.8456354901578651e-05 2.9603426693275474e-05
424 208 0 2.1311630540972645e-05 1.7144724360606006e-05
432 208 0 1.1584238312075893e-05 9.7273922288967517e-06
440 208 0 6.1767225188933159e-06 5.4075157931825774e-06
448 208 0 3.2309681757679276e-06 2.9457543431253883e-06
456 208 0 1.6582344598457565e-06 1.5727337159221711e-06
464 208 0 8.3518830203875661e-07 8.2304615780699988e-07
472 208 0 4.1302212280800516e-07 4.2216617923075145e-07
480 208 0 2.0095628048122795e-07 2.1206584232677721e-07
488 208 0 9.7108615172016582e-08 1.0384766530921137e-07
496 208 0 4.865501066601992e-08 4.8453604505996662e-08
504 208 0 2.9686455713319411e-08 1.8968554952700509e-08
112 209 3 0.15303336517149813 0.032023112481651766
113 209 3 0.18195973491724965 0.028926369745751523
114 209 3 0.20939822688501447 0.027438491967764822
115 209 3 0.23616283350775752 0.026764606622743048
116 209 3 0.26262189044276912 0.026459056935011604
117 209 3 0.28897795299044937 0.02637884569640736
118 209 3 0.31535679868685673 0.02648236807936305
119 209 3 0.34183916676621978 0.026638838824643241
120 209 3 0.36847800559086302 0.026831881190338525
121 209 3 0.39530988678120155 0.027052618979565235
122 209 3 0.42236250576076678 0.027296566552539481
123 209 3 0.44965907231330626 0.027559909196828769
124 209 3 0.47721898151013503 0.027830996527481389
125 209 3 0.50504997803761642 0.028065563928793669
126 209 3 0.53311554196641009 0.028121594996624144
127 209 3 0.56123713696303423 0.028121594996624144
128 209 3 0.58890280922494165 0.027665672261907415
129 209 3 0.61559371375966387 0.032638442994191719
228 209 3 0.64530095457438763 0.026626948089333302
229 209 3 0.61938813875089416 0.027821449947569077
230 209 3 0.59156668880332508 0.028348900441575342
231 209 3 0.56321778836174974 0.028348900441575342
232 209 3 0.53498075977744297 0.028237028584306767
233 209 3 0.50702116093729965 0.027959598840143318
234 209 3 0.47935893195745244 0.027662228979847214
235 209 3 0.4519865126539136 0.027372419303538842
236 209 3 0.42489703218230351 0.027089480471610083
237 209 3 0.39808708002512938 0.026809952157174133
238 209 3 0.37155482852196947 0.026532251503159909
239 209 3 0.34529832806018701 0.026256500461782462
240 209 3 0.31931442305568308 0.025983905004503927
241 209 3 0.29359788363806688 0.025716539417616202
242 209 3 0.26814041516552345 0.025457468472543432
243 209 3 0.24292959580832182 0.025210819357201625
244 209 3 0.21794767283620331 0.024981922972118514
245 209 3 0.19316378741274029 0.02478388542346302
246 209 3 0.16847669190571721 0.025023660999942104
247 209 3 0.1434530309057751 0.026651225345998147
112 210 3 0.14777232944865049 0.026762076758804126
113 210 3 0.17267413218695127 0.025702629177714181
114 210 3 0.19837676136466545 0.025904188204619705
115 210 3 0.22428094956928515 0.025904188204619705
116 210 3 0.25016984571724354 0.025900556066578206
117 210 3 0.27607040178382175 0.025984190183244715
118 210 3 0.30205459196706647 0.02612604558392867
119 210 3 0.32818063755099514 0.02630747651334403
120 210 3 0.35448811406433917 0.026515759130922412
121 210 3 0.38100387319526158 0.026742921752887894
122 210 3 0.40774679494814947 0.026982404582733266
123 210 3 0.43472919953088274 0.02722473697936828
124 210 3 0.46195393651025102 0.027450463677023085
125 210 3 0.4894044001872741 0.027617982427559917
126 210 3 0.51702238261483402 0.027649952557802671
127 210 3 0.54467233517263669 0.027649952557802671
128 210 3 0.57212680064762755 0.027454465474990863
129 210 3 0.59922334904648855 0.027096548398860998
130 210 3 0.6261164175420314 0.026893068495542849
131 210 3 0.64659587552831854 0.027361204380019322
228 210 3 0.63825949379625568 0.033668408867465249
229 210 3 0.60754488277761365 0.030714611018642035
230 210 3 0.57810465194831417 0.029440230829299474
231 210 3 0.54932856731980362 0.028776084628510556
232 210 3 0.52104561072598643 0.028282956593817188
233 210 3 0.49318427839210516 0.027861332333881272
234 210 3 0.46569900729626745 0.027485271095837704
235 210 3 0.43855970220928014 0.027139305086987309
236 210 3 0.41174836883109339 0.026811333378186752
237 210 3 0.38525552011988701 0.026492848711206385
238 210 3 0.3590770985705215 0.026178421549365505
239 210 3 0.33321243327012612 0.025864665300395384
240 210 3 0.30766299753312998 0.02554943573699614
241 210 3 0.28243134843689538 0.025231649096234599
242 210 3 0.25751967940202086 0.024911669034874517
243 210 3 0.23292918245110342 0.024590496950917445
244 210 3 0.20866975451306097 0.024259427938042449
245 210 3 0.18481482096311741 0.023854933549943558
246 210 3 0.16166690090779851 0.023147920055318905
247 210 3 0.13982630909039356 0.023024503530616608
112 211 3 0.14438149226959518 0.02337123957974882
113 211 3 0.16259073541092764 0.02455889941527703
114 211 3 0.18714963482620467 0.025253413242587092
115 211 3 0.21240304806879176 0.025284563895056622
116 211 3 0.23768761196384838 0.025365837325999924
117 211 3 0.26305344928984831 0.025524037436813696
118 211 3 0.288577486726662 0.0257228182052891
119 211 3 0.3143003049319511 0.025941869428591724
120 211 3 0.34024217436054283 0.026173293485540705
121 211 3 0.36641546784608353 0.026413365721129234
122 211 3 0.39282883356721277 0.026657776777257614
123 211 3 0.41948661034447038 0.026898476562369433
124 211 3 0.44638508690683981 0.027120372825671146
125 211 3 0.47350545973251096 0.027298128962339019
126 211 3 0.50080358869484998 0.027397931517658125
127 211 3 0.5282015202125081 0.027397931517658125
128 211 3 0.55559942339595125 0.027397903183443151
129 211 3 0.58293949036940318 0.027350190652756012
130 211 3 0.61028968102215919 0.027657744388795313
131 211 3 0.63794742541095451 0.036009654497383359
228 211 3 0.62813620669367265 0.043791695970048283
229 211 3 0.59430791458863808 0.033828292105034574
230 211 3 0.56386746918940678 0.030440445399231297
231 211 3 0.53484335863396582 0.029024110555440963
232 211 3 0.50659397318266441 0.028249385451301401
233 211 3 0.47888434039475114 0.027709632787913274
234 211 3 0.45161387910729101 0.027270461287460135
235 211 3 0.42473333358791121 0.026880545519379795
236 211 3 0.398217184023888 0.026516149564023206
237 211 3 0.37205294645486719 0.02616423756902081
238 211 3 0.3462363768456882 0.025816569609178996
239 211 3 0.32076932478557235 0.025467052060115847
240 211 3 0.29565895180810986 0.025110372977462492
241 211 3 0.27091704792517646 0.024741903882933403
242 211 3 0.24655693102215595 0.024360116903020507
243 211 3 0.22258369955718707 0.02397323146496888
244 211 3 0.1989800729251025 0.023603626632084568
245 211 3 0.17575817395626128 0.02322189896884122
246 211 3 0.15355550138784679 0.022202672568414489
247 211 3 0.13739522204477628 0.020593416484999322
112 212 2 0.14616353872998328 0.025153286040136918
114 212 3 0.17522704030131206 0.029063501571328781
115 212 3 0.20048602213138539 0.025258981830073329
116 212 3 0.22510908678855615 0.024747109724665844
117 212 3 0.249856196513222 0.025016163085134158
118 212 3 0.27487235959835615 0.025292109981562172
119 212 3 0.30016446957991832 0.025556604677034467
120 212 3 0.32572107425695279 0.025814817620482655
121 212 3 0.35153589187743545 0.026072029933747409
122 212 3 0.37760792181118286 0.026329339975786625
123 212 3 0.40393726178696948 0.026583421937836971
124 212 3 0.43052068372480645 0.026826753083481092
125 212 3 0.45734743680828754 0.027048502159825294
126 212 3 0.48439593896811284 0.027237979552362845
127 212 3 0.51163391852047568 0.027391381277183657
128 212 3 0.53902529979765934 0.027507869725228007
129 212 3 0.56653316952288735 0.027507869725228007
130 212 3 0.59403528920993198 0.027502119687044635
131 212 3 0.62081910902279369 0.026783819812861709
132 212 2 0.64310025165074924 0.03085682825758862
134 212 2 0.66892865649138378 0.031793967776286625
224 212 2 0.66879078132303249 0.029671903334620442
226 212 3 0.65470272214266734 0.017225180521053596
227 212 3 0.63759786094726378 0.034330041716457149
228 212 3 0.60792435400800515 0.03035683875675832
229 212 3 0.57756751525124683 0.03035683875675832
230 212 3 0.54810698114934064 0.029460534101906188
231 212 3 0.51948466268122817 0.028622318468112473
232 212 3 0.49151180422123308 0.027972858459995087
233 212 3 0.46406227638525793 0.027449527835975152
234 212 3 0.43706357337179347 0.026998703013464465
235 212 3 0.4104748815951732 0.026588691776620266
236 212 3 0.38427386223675597 0.026201019358417232
237 212 3 0.35844983311907364 0.025824029117682334
238 212 3 0.33300051045118106 0.025449322667892571
239 212 3 0.30793104479437838 0.025069465656802681
240 212 3 0.28325496670774097 0.02467607808663741
241 212 3 0.2589963958351027 0.024258570872638274
242 212 3 0.23518951753364065 0.023806878301462053
243 212 3 0.21185749432734013 0.023332023206300512
244 212 3 0.18890408971201747 0.023219942302322827
245 212 3 0.16568414740969464 0.026274470432622488
246 212 2 0.13940967697707216 0.022767040393217947
114 213 3 0.16711134746843789 0.022088934603868599
115 213 3 0.18920028207230649 0.02319475057132972
116 213 3 0.21239503264363621 0.023976471276732997
117 213 3 0.23637150392036921 0.024494402922184189
118 213 3 0.2608659068425534 0.024865770571203982
119 213 3 0.28573167741375738 0.02517045094425141
120 213 3 0.31090212835800879 0.025450086698688479
121 213 3 0.33635221505669727 0.025723256754087098
122 213 3 0.36207547181078437 0.025996708334335594
123 213 3 0.38807218014511996 0.026271613651317693
124 213 3 0.41434379379643765 0.026547133230018227
125 213 3 0.44089092702645588 0.026823494106662293
126 213 3 0.46771442113311817 0.027106389562413569
127 213 3 0.49482081069553174 0.027414009280083196
128 213 3 0.52223481997561494 0.027790109247379235
129 213 3 0.55002492922299417 0.02835879413044784
130 213 3 0.57838372335344201 0.029686669258066289
131 213 3 0.6080703926115083 0.03502985903924094
226 213 3 0.64036165920599208 0.028429122117040406
227 213 3 0.61570862495470757 0.027432229754450699
228 213 3 0.58827639520025687 0.028456429472188405
229 213 3 0.55981996572806847 0.028456429472188405
230 213 3 0.53140576637466064 0.028414199353407832
231 213 3 0.50338208766989767 0.028023678704762967
232 213 3 0.47581978788150414 0.027562299788393529
233 213 3 0.4487106182436128 0.027109169637891339
234 213 3 0.42203209941559122 0.02667851882802158
235 213 3 0.39576508818550343 0.026267011230087789
236 213 3 0.36989725042561861 0.025867837759884826
237 213 3 0.34442296629577029 0.025474284129848312
238 213 3 0.31934287624361718 0.025080090052153114
239 213 3 0.29466448406747797 0.024678392176139208
240 213 3 0.27040547588917263 0.024259008178305341
241 213 3 0.2466028171156881 0.023802658773484531
242 213 3 0.22333263920230595 0.023270177913382151
243 213 3 0.2007445381849543 0.022588101017351647
244 213 3 0.17909286869217408 0.021651669492780218
245 213 3 0.15866928733088556 0.020423581361288523
112 214 2 0.13903034023027683 0.018020087540430468
114 214 3 0.15785918335765625 0.018948073888207156
115 214 3 0.17680725724586341 0.022084084156090672
116 214 3 0.19889134140195408 0.023462941609955545
117 214 3 0.22235428301190963 0.024112367468976492
118 214 3 0.24646665048088612 0.024499161264244784
119 214 3 0.2709658117451309 0.024802285834224336
120 214 3 0.29576809757935524 0.025084674243950611
121 214 3 0.32085277182330585 0.025366966062346841
122 214 3 0.34621973788565269 0.025655298855464248
123 214 3 0.37187503674111694 0.025951779233251093
124 214 3 0.39782681597436803 0.02625917304125075
125 214 3 0.42408598901561878 0.026584365819322997
126 214 3 0.45067035483494178 0.026942401980043273
127 214 3 0.47761275681498505 0.027360389808855023
128 214 3 0.50497314662384007 0.02787188408451502
129 214 3 0.53284503070835509 0.028448232061629941
130 214 3 0.56129326276998504 0.028565776014359057
131 214 3 0.58985903878434409 0.028565776014359057
132 214 2 0.61455291931405998 0.031920741799864483
134 214 3 0.64661572651835053 0.032062807204290555
135 214 3 0.66815968446021612 0.032562939807454283
224 214 3 0.66660024112331484 0.031862443534338092
225 214 3 0.64678704347719418 0.024671157265942489
226 214 3 0.62211588621125169 0.025638942284731847
227 214 3 0.59647694392651984 0.026938182584947512
228 214 3 0.56953876134157233 0.027614397885055264
229 214 3 0.54192436345651707 0.027708119476308468
230 214 3 0.5142162439802086 0.027708119476308468
231 214 3 0.48672826648030409 0.027487977499904503
232 214 3 0.45959255700506652 0.027135709475237579
233 214 3 0.43285387248462115 0.026738684520445366
234 214 3 0.40652219892323266 0.026331673561388491
235 214 3 0.38059659519384931 0.025925603729383351
236 214 3 0.35507482942147228 0.025521765772377025
237 214 3 0.32995679899682401 0.025118030424648274
238 214 3 0.30524546470120217 0.024711334295621834
239 214 3 0.28094736186659197 0.024298102834610202
240 214 3 0.25707522970521574 0.023872132161376236
241 214 3 0.23365898187050305 0.023416247834712689
242 214 3 0.21078237599045851 0.022876605880044532
243 214 3 0.18869010624899724 0.022092269741461279
244 214 3 0.16805450516949133 0.020635601079505905
245 214 3 0.15049703762424485 0.01755746754524648
246 214 2 0.13323233383026722 0.016430528270490269
114 215 3 0.1484950340428875 0.012785185295619783
115 215 3 0.16128021933850728 0.025459967683439971
116 215 3 0.18400465845777078 0.023672314626324242
117 215 3 0.20767697308409502 0.023986239514202479
118 215 3 0.2316632125982975 0.024209374081990226
119 215 3 0.25587258668028773 0.024447911014260082
120 215 3 0.28032049769454781 0.024712320149666789
121 215 3 0.3050328178442146 0.024997504519696456
122 215 3 0.33003032236391106 0.025298519290900323
123 215 3 0.35532884165481138 0.025613714693659251
124 215 3 0.38094255634847063 0.025946000655467982
125 215 3 0.40688855700393861 0.026304880092494709
126 215 3 0.43319343709643332 0.026710839284002974
127 215 3 0.45990427638043629 0.027205514809522824
128 215 3 0.48710979118995912 0.027880904752408564
129 215 3 0.51499069594236768 0.028988404653105038
130 215 3 0.54397910059547272 0.031426215648574174
131 215 3 0.57540531624404689 0.039147603070013082
134 215 3 0.63469125831804751 0.021543957941865588
135 215 3 0.6562352162599131 0.044487408007757301
224 215 3 0.65222439792882092 0.046238286728832012
225 215 3 0.62951082305626693 0.024796378686838816
226 215 3 0.60471444436942812 0.026286135673989297
227 215 3 0.57842830869543882 0.027059536561629183
228 215 3 0.55136877213380964 0.027347048765204107
229 215 3 0.52402172336860553 0.027347048765204107
230 215 3 0.49671365308781529 0.027308070280790242
231 215 3 0.46963701558007004 0.027076637507745249
232 215 3 0.44289079805237525 0.026746217527694793
233 215 3 0.41652015147975535 0.026370646572619894
234 215 3 0.39054367982956267 0.025976471650192678
235 215 3 0.3649690072111757 0.025574672618386973
236 215 3 0.33980058391781809 0.025168423293357611
237 215 3 0.31504288979951672 0.024757694118301365
238 215 3 0.29070069332054771 0.024342196478969014
239 215 3 0.26677692953947779 0.023923763781069918
240 215 3 0.24326841601839902 0.023508513521078772
241 215 3 0.22016133625878656 0.023107079759612459
242 215 3 0.19743995794334537 0.022721378315441187
243 215 3 0.17517730422416594 0.022262653719179432
244 215 3 0.15394200752550855 0.023438760563891436
245 215 3 0.14204086430112095 0.011901143224387595
0 216 0 0.0034880586943788613 0.00057836960667642743
8 216 0 0.0040664283010552887 0.001205242047153404
16 216 0 0.0052716703482086928 0.0019277753657268781
24 216 0 0.0071994457139355709 0.0027902397354960962
32 216 0 0.0099896854494316671 0.0038321549984799506
40 216 0 0.013821840447911618 0.0050861338328257819
48 216 0 0.0189079742807374 0.0065756567910281831
56 216 0 0.025483631071765583 0.0083132471946067467
64 216 0 0.033796878266372329 0.010299767669672645
72 216 0 0.044096645936044974 0.012525602214052786
80 216 0 0.056622248150097761 0.014972555997154795
88 216 0 0.071594804147252555 0.017599691214280844
96 216 0 0.089194495361533399 0.020197175387910507
104 216 0 0.10939167074944391 0.021422933795593666
112 216 1 0.13582025165506731 0.026428580905623403
116 216 3 0.16817012570390796 0.032349874048840654
117 216 3 0.19267918729988165 0.024509061595973686
118 216 3 0.21662340901643101 0.023944221716549363
119 216 3 0.24052083562389567 0.02406082476051577
120 216 3 0.26458166038441144 0.024312263851087756
121 216 3 0.2888939242354992 0.024605192817035437
122 216 3 0.31349911705253464 0.024920442836323164
123 216 3 0.3384195598888578 0.025251343555245109
124 216 3 0.36367090344410291 0.025598914850035071
125 216 3 0.38926981829413798 0.025970883940115819
126 216 3 0.4152407022342538 0.026383006222399752
127 216 3 0.44162370845665355 0.026862223547180875
128 216 3 0.46848593200383443 0.027449915216770537
129 216 3 0.49593584722060496 0.028190045474788483
130 216 3 0.52412589269539345 0.028994160372840638
131 216 3 0.55312005306823409 0.028994160372840638
132 216 3 0.58181252325679222 0.032740396057267751
133 216 3 0.60086881969732087 0.0203653622538158
134 216 2 0.62123418195113667 0.027920630242607603
136 216 3 0.65804249830662909 0.042680125961041315
137 216 3 0.67127083114188313 0.029451793125787273
138 216 2 0.67414375409307725 0.02657887017459315
140 216 1 0.68211881419476827 0.019865778929406774
144 216 0 0.70041727737940185 0.030520942814669216
152 216 0 0.72160677112963745 0.025950871533510944
160 216 0 0.73510752815994318 0.028959302051513425
168 216 0 0.74323555191272739 0.029017003401193397
176 216 0 0.74576487468752151 0.029163560026272628
184 216 0 0.74275449004526883 0.028951633960558998
192 216 0 0.73414877218290608 0.028815308480884538
200 216 0 0.72014998201721847 0.025826816305703715
208 216 0 0.69846268465765293 0.030447958113517304
216 216 1 0.6795763216470232 0.020004187297006482
220 216 2 0.67112013614345578 0.027342548514197151
222 216 3 0.66780557250396488 0.030657112153688049
223 216 3 0.65357249523251382 0.044890189425139115
224 216 2 0.61419185935915388 0.032512412872729768
226 216 3 0.58868423439459072 0.027642244683169115
227 216 3 0.56104198971142161 0.027659123474799374
228 216 3 0.53338286623662223 0.027659123474799374
229 216 3 0.50598440861617322 0.027398457620449013
230 216 3 0.47889164966895736 0.027092758947215856
231 216 3 0.45213500977916615 0.026756639889791212
232 216 3 0.425740677636683 0.026394332142483157
233 216 3 0.39972689548010748 0.026013782156575516
234 216 3 0.37410531208026748 0.025621583399839998
235 216 3 0.34888430787359076 0.025221004206676723
236 216 3 0.32407181001296237 0.024812497860628391
237 216 3 0.29967661983223004 0.024395190180732329
238 216 3 0.27570743350448629 0.023969186327743752
239 216 3 0.25216786839819627 0.023539565106290017
240 216 3 0.22904333712720301 0.023124531270993259
241 216 3 0.20626757781349966 0.022775759313703348
242 216 3 0.18363470042436172 0.022995517831013806
243 216 3 0.16063918259334792 0.030135935631730809
244 216 1 0.13050324696161711 0.024814330368702175
248 216 0 0.10568891659291493 0.02038161680382547
256 216 0 0.086224233360036609 0.019464683232878324
264 216 0 0.06914969368608706 0.017074539673949549
272 216 0 0.054584997843313741 0.014564695842773319
280 216 0 0.042399513852508786 0.012185483990804956
288 216 0 0.032391579406106888 0.010007934446401898
296 216 0 0.024326002220188749 0.0080655771859181394
304 216 0 0.017950812563848999 0.0063751896563397498
312 216 0 0.013010825920899215 0.0049399866429497841
320 216 0 0.0092595316568024749 0.0037512942640967398
328 216 0 0.0064686505334554494 0.0027908811233470256
336 216 0 0.0044348099590530736 0.0020338405744023758
344 216 0 0.0029832277608267932 0.0014515821982262803
352 216 0 0.0019686888454743235 0.0010145389153524698
360 216 0 0.0012743558318952419 0.00069433301357908154
368 216 0 0.00080906672021102872 0.00046528911168421323
376 216 0 0.00050376419797937451 0.00030530252223165421
384 216 0 0.00030760987686722383 0.00019615432111215068
392 216 0 0.00018420201912695995 0.00012340785774026387
400 216 0 0.00010817087498799135 7.6031144138968601e-05
408 216 0 6.2295639413452957e-05 4.5875235574538396e-05
416 216 0 3.5184699014340708e-05 2.7110940399112249e-05
424 216 0 1.9490536115635723e-05 1.5694162898704985e-05
432 216 0 1.0590075042774078e-05 8.9004610728616442e-06
440 216 0 5.6443949095832184e-06 4.94568013319086e-06
448 216 0 2.9513668246643523e-06 2.6930280849188661e-06
456 216 0 1.5141580852156869e-06 1.4372087394486653e-06
464 216 0 7.6233875151336873e-07 7.518193337023182e-07
472 216 0 3.7685856804321726e-07 3.8548018347015147e-07
480 216 0 1.8329469280005663e-07 1.9356387524316063e-07
488 216 0 8.8541458887757529e-08 9.4753233912299099e-08
496 216 0 4.4345289991928753e-08 4.4196168895828776e-08
504 216 0 2.7047497226438162e-08 1.7297792765490591e-08
116 217 3 0.16018084792060708 0.024360596265539769
117 217 3 0.17824388738593944 0.02337750042805975
118 217 3 0.20162138781399919 0.02337750042805975
119 217 3 0.22499001128931922 0.023578974285463017
120 217 3 0.24856898557478224 0.02386390994125509
121 217 3 0.27243289551603733 0.024183657104845602
122 217 3 0.29661655262088293 0.024519711975640179
123 217 3 0.32113626459652311 0.024865193657029272
124 217 3 0.34600145825355239 0.025220214544253217
125 217 3 0.3712216727978056 0.025589403134766098
126 217 3 0.3968110759325717 0.025980621205250187
127 217 3 0.42279169713782189 0.026402857236522914
128 217 3 0.4491945543743448 0.026858712509325811
129 217 3 0.47605326688367061 0.027319710603599667
130 217 3 0.50337297748727028 0.027659685171692816
131 217 3 0.53103266265896309 0.027659685171692816
132 217 3 0.55859633949104659 0.027563676832083495
133 217 3 0.58575828371973726 0.035475898231399405
136 217 3 0.63880873618376077 0.019233762122868314
137 217 3 0.65203706901901481 0.028244012565356469
222 217 3 0.64793057784141717 0.028962237164233962
223 217 3 0.6336975005699661 0.019874994662547718
226 217 3 0.57467465857825761 0.039517200780896267
227 217 3 0.54356638558162651 0.031108272996631103
228 217 3 0.51503795318295431 0.028528432398672199
229 217 3 0.48755079798318407 0.027487155199770241
230 217 3 0.46065058192876523 0.026900216054418835
231 217 3 0.43419530132628792 0.026455280602477316
232 217 3 0.40814205289954547 0.026053248426742448
233 217 3 0.38248081124114736 0.025661241658398115
234 217 3 0.357212940767967 0.025267870473180354
235 217 3 0.3323447601353221 0.024868180632644898
236 217 3 0.30788634300719175 0.02445841712813035
237 217 3 0.28385178844912695 0.024034554558064802
238 217 3 0.26025869092833925 0.023593097520787698
239 217 3 0.23712447437899464 0.023134216549344611
240 217 3 0.2144566194285738 0.02266785495042084
241 217 3 0.19222438974883388 0.022232229679739923
242 217 3 0.17019179704858325 0.022032592700250625
243 217 3 0.15324753217993262 0.022744285218315508
116 218 2 0.15849581113522643 0.023385111919088319
118 218 3 0.18662343514778651 0.028127624012560082
119 218 3 0.20923752085154113 0.023015958006738002
120 218 3 0.23225347885827913 0.023374069655403173
121 218 3 0.2556275485136823 0.023739035981472201
122 218 3 0.2793665844951545 0.02410266985188031
123 218 3 0.30346925434703481 0.024462511299163991
124 218 3 0.3279317656461988 0.024820242391206893
125 218 3 0.3527520080374057 0.025178674440835547
126 218 3 0.37793068247824124 0.025539879977949598
127 218 3 0.40347056245619084 0.025902405487991498
128 218 3 0.42937296794418234 0.02625476400516219
129 218 3 0.45562773194934453 0.02656265876760705
130 218 3 0.48219039071695158 0.026753349981680552
131 218 3 0.50894374069863213 0.026753349981680552
132 218 3 0.53567652774253638 0.026732787043904249
133 218 3 0.56222072221899977 0.02654419447646339
134 218 3 0.588531001648403 0.03270318030273367
135 218 3 0.60595244467882892 0.017840611774829429
136 218 2 0.62379305645365835 0.027733832289342564
138 218 2 0.65152688874300091 0.030591925451767366
220 218 2 0.64802413255657787 0.031552189090445326
222 218 2 0.6189683406771832 0.029055791879394666
224 218 3 0.59947064847411979 0.01949769220306341
225 218 3 0.58073047525592958 0.033461384103224301
226 218 3 0.55214613432968562 0.028736413742616707
227 218 3 0.52340972058706892 0.028736413742616707
228 218 3 0.49555860835779797 0.027851112229270947
229 218 3 0.46844485937384939 0.027113748983948582
230 218 3 0.44188678349539617 0.026558075878453213
231 218 3 0.41578322629310022 0.026103557202295957
232 218 3 0.39008842643907815 0.025694799854022066
233 218 3 0.36478558101103586 0.025302845428042287
234 218 3 0.33987220455761014 0.024913376453425728
235 218 3 0.31535375073167471 0.024518453825935427
236 218 3 0.29124216586815371 0.024111584863520996
237 218 3 0.26755737225186682 0.023684793616286892
238 218 3 0.24432952312901163 0.023227849122855193
239 218 3 0.22159961633943306 0.022729906789578563
240 218 3 0.19942547136179947 0.022174144977633592
241 218 3 0.17797891996757362 0.026314911238876665
242 218 2 0.15166400872869695 0.021627011679515029
118 219 3 0.17713841096084298 0.018642599825616557
119 219 3 0.19307625987099122 0.022716070687601508
120 219 3 0.21556654619754942 0.022870844419871944
121 219 3 0.23843739061742136 0.023289101635048381
122 219 3 0.26172649225246974 0.023682659924136484
123 219 3 0.28540915217660623 0.02405506603838653
124 219 3 0.30946421821499276 0.02441258410695657
125 219 3 0.33387680232194933 0.024758075572423266
126 219 3 0.35863487789437259 0.025090610451528939
127 219 3 0.38372548834590153 0.02540480109069998
128 219 3 0.40913028943660151 0.025687851906199877
129 219 3 0.43481814134280139 0.025915288785852086
130 219 3 0.46073343012865348 0.026050686944708912
131 219 3 0.48678411707336239 0.026062345359151473
132 219 3 0.51284646243251386 0.026062345359151473
133 219 3 0.53881069710436591 0.025964234671852049
134 219 3 0.56460280930579021 0.0257921122014243
135 219 3 0.5901327447607535 0.033660311692904843
224 219 3 0.5838748835118015 0.035093457165381703
225 219 3 0.55700152626578159 0.027335489313684791
226 219 3 0.5296660369520968 0.027393802941802492
227 219 3 0.50227223401029431 0.027393802941802492
228 219 3 0.4752542507498726 0.027017983260421707
229 219 3 0.44870325435402597 0.026550996395846627
230 219 3 0.42259596564131813 0.026107288712707843
231 219 3 0.39689724990056624 0.025698715740751887
232 219 3 0.37158493462910402 0.025312315271462216
233 219 3 0.34665008433089567 0.024934850298208355
234 219 3 0.32209274204284838 0.02455734228804729
235 219 3 0.29791894063986091 0.024173801402987471
236 219 3 0.27414101192100498 0.023777928718855923
237 219 3 0.25078244032326602 0.023358571597738964
238 219 3 0.22788531544798415 0.022897124875281866
239 219 3 0.20550822021961362 0.02237709522837053
240 219 3 0.18366210573664565 0.022550739928800329
241 219 3 0.16860312084885035 0.016939112120153393
112 220 1 0.12580895743500781 0.0164172866855639
116 220 2 0.14709848015824062 0.023261709025149097
118 220 2 0.17036018918338972 0.023261709025149097
120 220 3 0.19849042124110439 0.028130232057714671
121 220 3 0.2208139595517479 0.022857354500935956
122 220 3 0.24367131405268386 0.023277167511767366
123 220 3 0.26694848156445122 0.023655757365294627
124 220 3 0.29060423892974585 0.024010088799616913
125 220 3 0.31461432772936276 0.024343461487901341
126 220 3 0.3389577892172641 0.024652609532325565
127 220 3 0.36361039874958967 0.024931162972447851
128 220 3 0.38854156172203752 0.025169291858973653
129 220 3 0.41371085358101117 0.025352623836922994
130 220 3 0.43906347741793417 0.025464385053527772
131 220 3 0.46452786247146194 0.025494285180122978
132 220 3 0.49002214765158492 0.025494285180122978
133 220 3 0.51547306967579598 0.025450922024211065
134 220 3 0.54082974912466775 0.025356679448871766
135 220 3 0.5660683755182937 0.025238626393625951
136 220 3 0.59123903677425671 0.032554019679401636
137 220 3 0.60812980009442452 0.017395181028678874
138 220 2 0.6255249811231034 0.026356303927428826
140 220 2 0.65092076244917807 0.031198051745590205
142 220 2 0.67358530808154504 0.026831969297856806
216 220 2 0.67112013614345567 0.027342548514197262
218 220 2 0.64802413255657776 0.031552189090445437
220 220 2 0.62190859460310288 0.026362307143128372
222 220 3 0.60363869098297285 0.018269903620130035
223 220 3 0.58610573235177099 0.032862608325412213
224 220 3 0.55994639803563462 0.026316706473033524
225 220 3 0.53362969156260109 0.026482725941137431
226 220 3 0.50714696562146366 0.026482725941137431
227 220 3 0.48066938259920328 0.026477583022260387
228 220 3 0.45440099204395501 0.026268390555248267
229 220 3 0.42844352020703264 0.025957471836922374
230 220 3 0.40282951382561716 0.025614006381415477
231 220 3 0.377565049330987 0.025264464494630157
232 220 3 0.35265127374998317 0.024913775581003827
233 220 3 0.3280913792545464 0.024559894495436774
234 220 3 0.30389092531647183 0.024200453938074573
235 220 3 0.28005621255787255 0.023834712758599275
236 220 3 0.25659510047562978 0.023461112082242774
237 220 3 0.2335271761562577 0.023067924319372074
238 220 3 0.21090856551698084 0.022618610639276865
239 220 3 0.18887954542067345 0.027768179612828126
240 220 2 0.16111136580784532 0.022322583546582259
242 220 2 0.14117639628748835 0.019934969520356977
244 220 1 0.12163781983186372 0.015948903238948792
120 221 3 0.18721713768135706 0.016856948497967345
121 221 3 0.20264663950037212 0.025276032328558296
122 221 3 0.22517986801525888 0.02290638581720264
123 221 3 0.24808625383246152 0.023274075685290052
124 221 3 0.27136032951775158 0.023621809089468759
125 221 3 0.29498213860722033 0.023946223762208063
126 221 3 0.3189283623694284 0.024238257392983076
127 221 3 0.34316661976241147 0.024490915471416075
128 221 3 0.36765753523382755 0.024698418895030383
129 221 3 0.39235595412885793 0.024854360240451123
130 221 3 0.41721031436930905 0.02495273633115308
131 221 3 0.44216305070046213 0.024992265848803819
132 221 3 0.46715531654926595 0.024992265848803819
133 221 3 0.49213658996043164 0.024981273411165683
134 221 3 0.5170744540135791 0.024937864053147463
135 221 3 0.54196452007262241 0.024890066059043314
136 221 3 0.56685031650625872 0.024992414879635771
137 221 3 0.59184273138589449 0.033682249737208902
222 221 3 0.58745388393697617 0.034454710666126709
223 221 3 0.56175624904008159 0.025697634896894583
224 221 3 0.53606943530965334 0.025743965851181994
225 221 3 0.51032546945847135 0.025793639395913892
226 221 3 0.48453183006255746 0.025793639395913892
227 221 3 0.45877389677906316 0.025757933283494294
228 221 3 0.43316078730801799 0.02561310947104517
229 221 3 0.40777161360916286 0.025389173698855128
230 221 3 0.38265202914097196 0.025119584468190903
231 221 3 0.35782777808057925 0.02482425106039271
232 221 3 0.33331635133152782 0.024511426749051435
233 221 3 0.30913274489088938 0.024183606440638439
234 221 3 0.28528965845376397 0.023843086437125405
235 221 3 0.26179284011124332 0.023496818342520653
236 221 3 0.23863550543922529 0.023157334672018026
237 221 3 0.21580852702031708 0.022826978418908211
238 221 3 0.19333443951919047 0.02470502672696448
239 221 3 0.17798835328818169 0.016876987480336364
116 222 2 0.13377049738900945 0.0159219262298914
118 222 3 0.15094665744566346 0.019413531737726253
119 222 3 0.16184743479527822 0.01552317237653561
120 222 2 0.17737060717181383 0.02269182683918905
122 222 3 0.206303998237513 0.028933391065699171
123 222 3 0.22883867089324525 0.022905834615188275
124 222 3 0.25174450550843352 0.023250221717157848
125 222 3 0.27499472722559137 0.023574637635002949
126 222 3 0.29856936486059432 0.023856458335304143
127 222 3 0.32242582319589846 0.024088919093910144
128 222 3 0.34651474228980861 0.024272136997832872
129 222 3 0.37078687928764148 0.024406638790335555
130 222 3 0.39519351807797704 0.024492876054241997
131 222 3 0.41968639413221903 0.024533692761334991
132 222 3 0.44422008689355402 0.024536963489397323
133 222 3 0.46875705038295135 0.024536963489397323
134 222 3 0.49327341684447362 0.024516366461522276
135 222 3 0.51776433269389543 0.024490915849421813
136 222 3 0.5422473123165682 0.024724452146028586
137 222 3 0.56675106509323137 0.025200520141361316
138 222 3 0.5912560408928591 0.034268940230244294
139 222 3 0.60708131349848993 0.018443667624613469
140 222 2 0.62192774204785017 0.028993020401327896
142 222 3 0.65052050501088543 0.028592762963035256
143 222 3 0.67014428420385996 0.030272993175541885
216 222 3 0.66780557250396477 0.03065711215368816
217 222 3 0.64793057784141705 0.028962237164233962
218 222 2 0.61896834067718309 0.029055791879394666
220 222 3 0.60363869098297285 0.018269903620130035
221 222 3 0.58745388393697617 0.034454710666126709
222 222 3 0.56239836946036759 0.025108785440258741
223 222 3 0.53728958402010885 0.025139054962955321
224 222 3 0.51215052905715353 0.025171426516849893
225 222 3 0.48697910254030363 0.025182645614677701
226 222 3 0.46179645692562593 0.025182645614677701
227 222 3 0.43665632729661097 0.025140129629014962
228 222 3 0.41162661166442976 0.025029715632181204
229 222 3 0.38676723731924612 0.024859374345183649
230 222 3 0.36212340154693656 0.024643835772309552
231 222 3 0.33772885221414539 0.024394549332791171
232 222 3 0.31361166000334956 0.024117192210795835
233 222 3 0.28979842107811665 0.023813238925232905
234 222 3 0.26631362620679327 0.023484794871323378
235 222 3 0.2431680493014105 0.02314557690538277
236 222 3 0.22033007340030319 0.02283797590110731
237 222 3 0.19772785319426853 0.029098440402042541
238 222 2 0.16862941279222599 0.024902888367562215
240 222 2 0.14372652442466377 0.028856375203742179
242 222 2 0.13033828446876883 0.015468135247847237
118 223 3 0.13781784895981022 0.019969277800692173
119 223 3 0.14871862630942495 0.030870055150306899
122 223 3 0.19382086978449273 0.016450262612678901
123 223 3 0.2092076651378009 0.02680892776816321
124 223 3 0.2317656295926715 0.022892091209100407
125 223 3 0.2546577208017719 0.023239028965199526
126 223 3 0.27789674976697143 0.023517311050961109
127 223 3 0.30141406081793254 0.023729381823932749
128 223 3 0.32514344264186529 0.023887726628111838
129 223 3 0.34903116926997713 0.024000291009847852
130 223 3 0.37303146027982498 0.024071513612591411
131 223 3 0.39710297389241639 0.024105724659113315
132 223 3 0.4212086985515297 0.02410957340111286
133 223 3 0.44531827195264256 0.02410957340111286
134 223 3 0.46941104700307612 0.024092775050433557
135 223 3 0.49347835340111279 0.024350014352351457
136 223 3 0.51752286017053961 0.024801283679707409
137 223 3 0.54155054495187005 0.025274975639745456
138 223 3 0.56555221379011456 0.025754635304562012
139 223 3 0.58949740559966368 0.032430336448186492
142 223 3 0.63629325410849302 0.019623779192974533
143 223 3 0.65591703330146756 0.044500244077934292
216 223 3 0.65357249523251382 0.044890189425139115
217 223 3 0.6336975005699661 0.019874994662547718
220 223 3 0.58610573235177099 0.032862608325412102
221 223 3 0.56175624904008159 0.025697634896894583
222 223 3 0.53728958402010885 0.025139054962955321
223 223 3 0.51275374840290788 0.024582087406807895
224 223 3 0.48817166099609999 0.02461292796211817
225 223 3 0.46355873303398182 0.024618276962187324
226 223 3 0.43894045607179449 0.024618276962187324
227 223 3 0.41435732443001189 0.024583131641782607
228 223 3 0.38985813016439591 0.024499194265615976
229 223 3 0.36549035750878806 0.024367772655607856
230 223 3 0.34129545347919071 0.024194904029597342
231 223 3 0.31730938710662432 0.023986066372566395
232 223 3 0.29356659747424685 0.02374278963237747
233 223 3 0.27010590344607627 0.023460694028170581
234 223 3 0.24697519049404559 0.023130712952030674
235 223 3 0.22421892823456882 0.022756262259476773
236 223 3 0.20177851204022854 0.025357964337736794
237 223 3 0.18613929839930254 0.017509885607076559
0 224 0 0.0031344051298218415 0.00052113194362633092
8 224 0 0.0036555370734481724 0.001086135528265952
16 224 0 0.0047416726017141244 0.0017376490505957793
24 224 0 0.0064793216523099037 0.002515648314338443
32 224 0 0.0089949699666483467 0.0034556907418521847
40 224 0 0.012450660708500531 0.0045868197295587873
48 224 0 0.017037480438059319 0.0059292617770326343
56 224 0 0.022966742215091953 0.0074921745771500681
64 224 0 0.030458916792242021 0.0092717071732949206
72 224 0 0.039730623965536942 0.011249247198184077
80 224 0 0.050979871163721019 0.013388290577283385
88 224 0 0.064368161741004404 0.015625164906647782
96 224 0 0.079993326647652185 0.017852343754340416
104 224 0 0.097845670401992602 0.02000290075712545
112 224 0 0.11784857115911805 0.021976452923359355
120 224 3 0.15114403556018252 0.03329546440106447
121 224 3 0.16728268221458109 0.01613864665439857
122 224 2 0.18239873736963769 0.022137182988161502
124 224 3 0.21143957485827106 0.02904083748863337
125 224 3 0.23395431813323445 0.022965559667707497
126 224 3 0.25691987780094194 0.023237769244836448
127 224 3 0.28015764704577839 0.02341689472106856
128 224 3 0.30357454176684695 0.023542366900952183
129 224 3 0.32711690866779913 0.023628514952276969
130 224 3 0.3507454236200761 0.023680364807604215
131 224 3 0.37442578842768032 0.023701304241553589
132 224 3 0.39812709266923391 0.023701304241553589
133 224 3 0.42182310101899811 0.023696008349764208
134 224 3 0.44549413196718352 0.023953325459830199
135 224 3 0.46912833904876133 0.024388972727995006
136 224 3 0.4927215764908322 0.024848654026723371
137 224 3 0.51627556931212459 0.0253362870321302
138 224 3 0.53979757848555254 0.025849284810502193
139 224 3 0.56331426745979651 0.026375154362186959
140 224 3 0.58691632669111682 0.035011415356733355
141 224 3 0.60228520798055629 0.019642534067293882
142 224 2 0.61668035303034019 0.032524260472953093
144 224 3 0.65440485768850976 0.046012419690892092
145 224 3 0.66863210552183183 0.031785171857570016
146 224 2 0.6707101931234577 0.029707084255944149
148 224 1 0.6736783317651508 0.031187300140107399
152 224 1 0.69023276836369907 0.03137400276593838
156 224 1 0.70107903082855394 0.020527740301083508
160 224 0 0.70614822610842976 0.031745095482086927
168 224 0 0.71421854851153399 0.032900640779979451
176 224 0 0.71660131466124888 0.033597525085290125
184 224 0 0.71380285608470984 0.032845584816412865
192 224 0 0.70533346370202155 0.03168740796100189
200 224 1 0.69986769184935804 0.020282290167860428
204 224 1 0.68877863957367169 0.031371342443546779
208 224 1 0.67192790266372104 0.031129173852852965
212 224 2 0.66879078132303249 0.029671903334620442
214 224 3 0.66660024112331484 0.031862443534338092
215 224 3 0.65222439792882081 0.046238286728832123
216 224 2 0.61419185935915377 0.032512412872729657
218 224 3 0.59947064847411979 0.019497692203063299
219 224 3 0.5838748835118015 0.035093457165381592
220 224 3 0.55994639803563451 0.026316706473033413
221 224 3 0.53606943530965334 0.025743965851181883
222 224 3 0.51215052905715353 0.025171426516849837
223 224 3 0.48817166099609999 0.024612927962118059
224 224 3 0.46413807548363106 0.024072971336845383
225 224 3 0.44006510414678568 0.024087456800565898
226 224 3 0.41597764734621978 0.024087456800565898
227 224 3 0.39190965155883956 0.024067995787380225
228 224 3 0.36790039397389657 0.024009257584942989
229 224 3 0.34398963105982133 0.023910762914075234
230 224 3 0.32021448792193202 0.02377514313788931
231 224 3 0.29660919583755585 0.023605292084376173
232 224 3 0.27320864207778583 0.023400553759770015
233 224 3 0.25005916961326879 0.02314947246451704
234 224 3 0.22724452669298167 0.02281464292028712
235 224 3 0.20494252348553627 0.028521975783044523
236 224 2 0.17642054770249174 0.021990729662295289
238 224 3 0.16090628178586394 0.015514265916627801
239 224 3 0.14551763459404804 0.030647485373126448
240 224 0 0.11487014922092159 0.02110440694662738
248 224 0 0.094986391324842587 0.019883757896079005
256 224 0 0.077497084022651541 0.017489307302191046
264 224 0 0.062244923208690128 0.015252160813961413
272 224 0 0.049192499916514261 0.013052423292175867
280 224 0 0.038238728714219475 0.010953771202294786
288 224 0 0.029224149391034883 0.0090145793231845919
296 224 0 0.02195030160110489 0.0072738477899299929
304 224 0 0.016197095815062915 0.0057532057860419754
312 224 0 0.011737767640075052 0.004459328174987863
320 224 0 0.0083513413174191517 0.0033864263226558999
328 224 0 0.0058322605025351547 0.002519080814883997
336 224 0 0.0039969745786389834 0.0018352859238961712
344 224 0 0.0026875643398697265 0.001309410238769257
352 224 0 0.0017727726416802239 0.00091479169818950261
360 224 0 0.0011469938875153813 0.00062577875416484257
368 224 0 0.00072785167934965472 0.00041914220816572658
376 224 0 0.00045297055978471681 0.00027488111956493791
384 224 0 0.00027645525852782279 0.00017651530125689402
392 224 0 0.00016546269900213914 0.00011099255952568365
400 224 0 9.7117526829074667e-05 6.8345172173064472e-05
408 224 0 5.5902063237584929e-05 4.1215463591489738e-05
416 224 0 3.1557970844916174e-05 2.4344092392668754e-05
424 224 0 1.7472972065343144e-05 1.408499877957303e-05
432 224 0 9.489274295246952e-06 7.9836977700961921e-06
440 224 0 5.0552877589195427e-06 4.4339865363274093e-06
448 224 0 2.6421047927138773e-06 2.4131829662056654e-06
456 224 0 1.3548787325584142e-06 1.2872260601554632e-06
464 224 0 6.8184172749423529e-07 6.7303700506417888e-07
472 224 0 3.3691780662575158e-07 3.4492392086848371e-07
480 224 0 1.6379754245361404e-07 1.7312026417213754e-07
488 224 0 7.9088400653041155e-08 8.4709141800572889e-08
496 224 0 3.959228651760359e-08 3.9496114135437566e-08
504 224 0 2.4138394664216278e-08 1.5453891853387311e-08
120 225 3 0.14208359941125878 0.024235028252140731
121 225 3 0.15822224606565735 0.024176491303980335
124 225 3 0.19763226585732732 0.015233528487689635
125 225 3 0.21278645736755913 0.028885635980024887
126 225 3 0.23565072214172975 0.023044791280895011
127 225 3 0.25869551342262476 0.023151479921339257
128 225 3 0.28184699334396401 0.023229705508813814
129 225 3 0.30507669885277783 0.023284378334550049
130 225 3 0.32836107718732788 0.023313445072091155
131 225 3 0.35167452225941903 0.023316424581541928
132 225 3 0.37499094684096096 0.023316424581541928
133 225 3 0.39828637191194677 0.023555613525358454
134 225 3 0.42154080650735332 0.023963901080391481
135 225 3 0.44473936632076633 0.024396984948841349
136 225 3 0.46787292246410883 0.024861025869531317
137 225 3 0.49093928227999439 0.025365044634604983
138 225 3 0.51394829367505035 0.025923724500990897
139 225 3 0.53693911309760955 0.026569117679371645
140 225 3 0.56002474019026671 0.027385624621515836
141 225 3 0.58349869586603165 0.033181657164308542
144 225 3 0.63175716257701264 0.024799329895932143
145 225 3 0.64885951673831632 0.024651863248484784
214 225 3 0.64678704347719418 0.024671157265942489
215 225 3 0.62951082305626693 0.024796378686838927
218 225 3 0.58073047525592958 0.03346138410322419
219 225 3 0.5570015262657817 0.027335489313684791
220 225 3 0.53362969156260109 0.026482725941137319
221 225 3 0.51032546945847146 0.025793639395913948
222 225 3 0.48697910254030369 0.025182645614677646
223 225 3 0.46355873303398193 0.02461827696218738
224 225 3 0.44006510414678568 0.024087456800565843
225 225 3 0.41651398149165142 0.023583792303417339
226 225 3 0.39293018918823408 0.023585358143339674
227 225 3 0.36934483104489441 0.023585358143339674
228 225 3 0.3457925090822912 0.023552321962603207
229 225 3 0.32230835077907394 0.023484158303217262
230 225 3 0.29892541066749528 0.023382940111578654
231 225 3 0.27567262211341642 0.023252788554078863
232 225 3 0.25257451030030525 0.023098111813111166
233 225 3 0.22965897888218004 0.022915531418125218
234 225 3 0.20698895782930463 0.027823276263307939
235 225 3 0.19188003124403777 0.015459483541546026
238 225 3 0.15306362888143793 0.023356918821053813
239 225 3 0.137674981689622 0.022804832468700409
120 226 2 0.14113138861936464 0.023282817460246588
122 226 2 0.16079531123811078 0.025017866125698618
124 226 2 0.18390082138753425 0.023233653401556892
126 226 3 0.21418694087927631 0.030286119491742064
127 226 3 0.23710613303615655 0.022919192156880236
128 226 3 0.26001416189752741 0.022934066067972325
129 226 3 0.28294822796549973 0.022959292839027146
130 226 3 0.30590752080452688 0.022966041275299165
131 226 3 0.32887356207982604 0.022966041275299165
132 226 3 0.35182250634420892 0.023174499061956233
133 226 3 0.37473075838658831 0.023555613525358454
134 226 3 0.39757690542696184 0.023963901080391481
135 226 3 0.42034238137192498 0.024396984948841349
136 226 3 0.44301189659457751 0.024861025869531317
137 226 3 0.46557423764538941 0.025365044634604983
138 226 3 0.48802456917405945 0.025923724500990897
139 226 3 0.51036999541823791 0.026584426446886689
140 226 3 0.53263911556875088 0.027467428846522091
141 226 3 0.55489210609825823 0.028782349750622327
142 226 3 0.57721660552554055 0.03946374750479964
143 226 3 0.59109557958923364 0.027682585546456417
144 226 3 0.6069578326810805 0.026305938117226479
145 226 3 0.62420765348983154 0.025643141666098046
146 226 3 0.64232480961116822 0.028385383512289475
147 226 3 0.6565765813087997 0.017116733704276466
212 226 3 0.65470272214266734 0.017225180521053707
213 226 3 0.6403616592059922 0.028429122117040295
214 226 3 0.62211588621125169 0.025638942284731847
215 226 3 0.60471444436942801 0.026286135673989186
216 226 3 0.58868423439459072 0.027642244683169115
217 226 3 0.57467465857825761 0.039517200780896156
218 226 3 0.55214613432968573 0.028736413742616707
219 226 3 0.52966603695209691 0.027393802941802603
220 226 3 0.50714696562146377 0.026482725941137319
221 226 3 0.48453183006255751 0.025793639395913948
222 226 3 0.46179645692562604 0.025182645614677646
223 226 3 0.43894045607179455 0.02461827696218738
224 226 3 0.41597764734621984 0.024087456800565843
225 226 3 0.39293018918823408 0.023585358143339674
226 226 3 0.36982560066516934 0.023130685672518525
227 226 3 0.34669491499265082 0.023130685672518525
228 226 3 0.32357102140594179 0.023123893586709021
229 226 3 0.30048700630525416 0.023084015100687638
230 226 3 0.27747389197711886 0.023013114328135298
231 226 3 0.25455559213130186 0.022918299845817003
232 226 3 0.23173847560173633 0.022817116529565529
233 226 3 0.20900035026024946 0.029834668694252775
234 226 2 0.17916568156599669 0.023050044368781192
236 226 2 0.15633448543624018 0.023814012952038388
238 226 2 0.13726097155995734 0.022390822339035749
126 227 3 0.20008200869890597 0.01618118731137172
127 227 3 0.21551342104179175 0.02879069388109734
128 227 3 0.23813437468303594 0.022632796681665124
129 227 3 0.26076717136470107 0.022646229477436719
130 227 3 0.28341340084213779 0.022646229477436719
131 227 3 0.30604941742745456 0.022824144652371481
132 227 3 0.32864800728225269 0.023174499061956233
133 227 3 0.35118403397898112 0.023546724407607189
134 227 3 0.37363400528418461 0.023942900142777224
135 227 3 0.39597524938919465 0.024367131982730328
136 227 3 0.4181855211575114 0.024826375437066117
137 227 3 0.44024228820932121 0.025331949436068202
138 227 3 0.46212047240995574 0.025904096764103712
139 227 3 0.48378556897135122 0.026584426446886689
140 227 3 0.50517168672222879 0.027467428846522091
141 227 3 0.5261097563476359 0.028782349750622327
142 227 3 0.54608779233380245 0.031128813191738103
143 227 3 0.56341299404277723 0.027702954431653937
144 227 3 0.58065189456385402 0.0270912213380331
145 227 3 0.59856451182373349 0.026958386209011587
146 227 3 0.61767571789146203 0.027444101923969177
147 227 3 0.63945984760452323 0.03421848416062756
212 227 3 0.63759786094726389 0.034330041716457149
213 227 3 0.61570862495470768 0.02743222975445081
214 227 3 0.59647694392651984 0.026938182584947512
215 227 3 0.57842830869543882 0.027059536561629183
216 227 3 0.56104198971142161 0.027659123474799374
217 227 3 0.54356638558162651 0.031108272996631103
218 227 3 0.52340972058706903 0.028736413742616707
219 227 3 0.50227223401029431 0.027393802941802603
220 227 3 0.48066938259920333 0.026477583022260442
221 227 3 0.45877389677906327 0.025757933283494239
222 227 3 0.43665632729661108 0.025140129629014962
223 227 3 0.41435732443001194 0.024583131641782607
224 227 3 0.39190965155883961 0.024067995787380225
225 227 3 0.36934483104489441 0.023585358143339674
226 227 3 0.34669491499265082 0.023130685672518525
227 227 3 0.32399251478562124 0.022722058907398368
228 227 3 0.30127045587822288 0.022722058907398368
229 227 3 0.27856203503453214 0.022708420843690735
230 227 3 0.255901277573924 0.022660757460608139
231 227 3 0.23331750664892548 0.022583770924998525
232 227 3 0.21080994834888941 0.028064902048502094
233 227 3 0.19543110160930627 0.016265420043309581
120 228 1 0.13577744511241216 0.017928873953294108
124 228 2 0.16246568467490732 0.026688239562495164
126 228 2 0.18672272716069441 0.024257042485787084
128 228 3 0.21622796827839982 0.029505241117705416
129 228 3 0.23855155770671221 0.022350451446462305
130 228 3 0.26090200915317452 0.022511391688963267
131 228 3 0.28322884909043217 0.022820568337022396
132 228 3 0.30549585764379006 0.023152149638462627
133 228 3 0.32767679791699039 0.023507236061990733
134 228 3 0.34974692919176892 0.023887076092415693
135 228 3 0.37167987472865616 0.024295374660538493
136 228 3 0.3934471547302697 0.024738366427241698
137 228 3 0.41501718341168037 0.02522510479764084
138 228 3 0.43635152847477771 0.025768943935178035
139 228 3 0.45739604621424229 0.02638952275710893
140 228 3 0.47806216612755081 0.027109520594677972
141 228 3 0.49819135972585982 0.027918396621776087
142 228 3 0.51751006234978447 0.028577729984017974
143 228 3 0.53571003961112329 0.027702954431653937
144 228 3 0.55356067322582092 0.027389913784120368
145 228 3 0.5716061256147219 0.027647422815694322
146 228 3 0.59023161596749285 0.028481767340210351
147 228 3 0.60978048191299794 0.03037663680756808
148 228 3 0.62990677456286281 0.043771557202287981
149 228 3 0.63998020878270556 0.033698122982445233
150 228 3 0.64697523009341618 0.026703101671734619
151 228 3 0.65310191306118881 0.020576418703961985
152 228 2 0.65705977116726244 0.033172997196436627
154 228 2 0.66750730122957302 0.023408287669339889
156 228 2 0.67809263988688573 0.024763920908596027
158 228 2 0.68989844735689243 0.016249778751537325
200 228 2 0.6888494038852957 0.016484059816725849
202 228 2 0.67691206101055346 0.024704642788154318
204 228 2 0.66616777391147664 0.023346202006615968
206 228 2 0.65561506120287494 0.033163578370796754
208 228 3 0.65149826017915602 0.020429642484565025
209 228 3 0.64530095457438774 0.026626948089333302
210 228 3 0.63825949379625568 0.03366840886746536
211 228 3 0.62813620669367265 0.043791695970048394
212 228 3 0.60792435400800515 0.03035683875675832
213 228 3 0.58827639520025687 0.028456429472188405
214 228 3 0.56953876134157233 0.027614397885055264
215 228 3 0.55136877213380964 0.027347048765204107
216 228 3 0.53338286623662223 0.027659123474799374
217 228 3 0.51503795318295431 0.028528432398672199
218 228 3 0.49555860835779797 0.027851112229271058
219 228 3 0.47525425074987265 0.027017983260421652
220 228 3 0.45440099204395507 0.026268390555248267
221 228 3 0.4331607873080181 0.02561310947104517
222 228 3 0.41162661166442982 0.02502971563218126
223 228 3 0.38985813016439591 0.024499194265616031
224 228 3 0.36790039397389657 0.024009257584943045
225 228 3 0.34579250908229126 0.023552321962603151
226 228 3 0.32357102140594179 0.023123893586709021
227 228 3 0.30127045587822288 0.022722058907398368
228 228 3 0.27892330711401281 0.022360491930939086
229 228 3 0.25656281518307372 0.022360491930939086
230 228 3 0.2342314293555878 0.022331385827485922
231 228 3 0.21198926875265642 0.029244222452269097
232 228 2 0.18274504630038732 0.024062478769161399
234 228 2 0.15868256753122592 0.026162095047024131
236 228 1 0.13252047248420179 0.017650323263280199
128 229 3 0.20149457656686637 0.014799615016967083
129 229 3 0.21629419158383345 0.029565286682508324
130 229 3 0.23839306991745879 0.02250893923571573
131 229 3 0.26044068263422399 0.022788166456208181
132 229 3 0.28239608464474247 0.023099772999047585
133 229 3 0.30424043321934896 0.023436364697641432
134 229 3 0.32595087896766406 0.023796050224104859
135 229 3 0.34749781539534824 0.024182059333307915
136 229 3 0.36884753971720646 0.024599615013063236
137 229 3 0.3899631628800232 0.025054020531657173
138 229 3 0.41080177484799546 0.025549753626782246
139 229 3 0.43130832435473337 0.026087721859508917
140 229 3 0.45140711847246801 0.026655047655082809
141 229 3 0.47099529328622841 0.027196066439631406
142 229 3 0.48995741676758864 0.027552645582195834
143 229 3 0.50825762298108135 0.027452416630041943
144 229 3 0.52617075944170055 0.027389913784120368
145 229 3 0.54395870279902758 0.027751775793457667
146 229 3 0.5617498486272825 0.028481767340210351
147 229 3 0.57940384510542986 0.03037663680756808
148 229 3 0.59606251201678007 0.033844262546082748
149 229 3 0.60923207242389443 0.030748136358811129
150 229 3 0.62101005261032893 0.027862345905687147
151 229 3 0.63456216354519412 0.027612135013840966
208 229 3 0.63301734303835855 0.027575977546373531
209 229 3 0.61938813875089416 0.027821449947568966
210 229 3 0.60754488277761376 0.030714611018641924
211 229 3 0.59430791458863808 0.033828292105034574
212 229 3 0.57756751525124683 0.03035683875675832
213 229 3 0.55981996572806847 0.028456429472188405
214 229 3 0.54192436345651707 0.027708119476308468
215 229 3 0.52402172336860553 0.027347048765204107
216 229 3 0.50598440861617322 0.027398457620449013
217 229 3 0.48755079798318407 0.027487155199770241
218 229 3 0.46844485937384939 0.027113748983948582
219 229 3 0.44870325435402597 0.026550996395846682
220 229 3 0.42844352020703269 0.025957471836922374
221 229 3 0.40777161360916298 0.025389173698855128
222 229 3 0.38676723731924623 0.024859374345183594
223 229 3 0.36549035750878817 0.024367772655607745
224 229 3 0.34398963105982133 0.023910762914075234
225 229 3 0.32230835077907399 0.023484158303217262
226 229 3 0.30048700630525416 0.023084015100687638
227 229 3 0.2785620350345322 0.02270842084369068
228 229 3 0.25656281518307372 0.022360491930939086
229 229 3 0.2345140565960524 0.022055896596510804
230 229 3 0.2124581599995416 0.02903423369526717
231 229 3 0.19765510056483288 0.014910054264445555
124 230 2 0.14348718349344919 0.021946010676268266
126 230 3 0.16235910453993455 0.024363622620759862
127 230 3 0.17317028509718604 0.016296512664579488
128 230 2 0.18672890490132513 0.022165479174024783
130 230 3 0.21592055153733331 0.029191646636008178
131 230 3 0.23772369955125622 0.022716983082967768
132 230 3 0.25938017163640847 0.023015913008333999
133 230 3 0.2809046342936069 0.023335798925742057
134 230 3 0.30227888717997703 0.02367199178768703
135 230 3 0.32346744239683395 0.024030372998514293
136 230 3 0.34443047443366942 0.024417065283537043
137 230 3 0.36512863683443175 0.024834526045591443
138 230 3 0.38552067489483166 0.025281099953163799
139 230 3 0.40555914644793817 0.025749177906795206
140 230 3 0.42518778752202435 0.026219330950443653
141 230 3 0.44434482564220079 0.02665046764402762
142 230 3 0.4629808604822504 0.026976556285338238
143 230 3 0.48110125783789837 0.027156365143182981
144 230 3 0.4988099376522161 0.027360821789484457
145 230 3 0.51620692700556992 0.027751775793457667
146 230 3 0.5332990280865374 0.028450820540745103
147 230 3 0.54991132089340256 0.029492524212027305
148 230 3 0.56559140646192596 0.030471105554854105
149 230 3 0.5797558251967545 0.029476247227139929
150 230 3 0.59314770670464179 0.028387911941520239
151 230 3 0.60695002853135316 0.028588838996774224
152 230 3 0.62161000703050528 0.035449764136757156
153 230 3 0.63065769052633336 0.027233523106485857
154 230 3 0.64041103213619999 0.027096269093373038
155 230 3 0.6477869949842664 0.019720306245306629
156 230 2 0.6533287189782897 0.031117444859297017
158 230 2 0.6737033988333111 0.032444827275118659
200 230 2 0.67271489925404104 0.032618564447980503
202 230 2 0.65220741822239914 0.031086818148742035
204 230 3 0.64654283537525115 0.019624938536225489
205 230 3 0.63910030843447019 0.027067465477006447
206 230 3 0.62927412745541178 0.027192820281029761
207 230 3 0.62017434271280847 0.03544071849006647
208 230 3 0.60544136549198502 0.028553017715856943
209 230 3 0.59156668880332519 0.028348900441575453
210 230 3 0.57810465194831429 0.029440230829299474
211 230 3 0.56386746918940689 0.030440445399231186
212 230 3 0.54810698114934064 0.029460534101906188
213 230 3 0.53140576637466064 0.028414199353407832
214 230 3 0.5142162439802086 0.027708119476308468
215 230 3 0.49671365308781529 0.027308070280790242
216 230 3 0.47889164966895736 0.027092758947215856
217 230 3 0.46065058192876529 0.02690021605441878
218 230 3 0.44188678349539617 0.026558075878453213
219 230 3 0.42259596564131813 0.026107288712707843
220 230 3 0.40282951382561721 0.025614006381415477
221 230 3 0.38265202914097196 0.025119584468191014
222 230 3 0.36212340154693662 0.024643835772309608
223 230 3 0.34129545347919082 0.024194904029597342
224 230 3 0.32021448792193208 0.023775143137889254
225 230 3 0.29892541066749534 0.023382940111578654
226 230 3 0.27747389197711897 0.023013114328135187
227 230 3 0.25590127757392406 0.022660757460608139
228 230 3 0.23423142935558777 0.02233138582748595
229 230 3 0.2124581599995416 0.02903423369526717
230 230 2 0.18342392630427443 0.021632812003848784
232 230 3 0.16974308089902027 0.015903933197189274
233 230 3 0.15896793391529029 0.023777112385097027
234 230 2 0.14032631601988491 0.02119263782666829
126 231 3 0.14606259187535506 0.024521419058174135
127 231 3 0.15687377243260656 0.035332599615425633
130 231 3 0.20082798057115048 0.015308578242121507
131 231 3 0.21513873760674632 0.029619335277717346
132 231 3 0.23647553976554278 0.022904631870865694
133 231 3 0.25769227097603364 0.023212363317573259
134 231 3 0.27875980693564029 0.023519080244336743
135 231 3 0.29962383934589559 0.023843603050938356
136 231 3 0.32023361538260892 0.024196859051060504
137 231 3 0.34054973036958025 0.024578906464851502
138 231 3 0.36053687651445193 0.024983798380379729
139 231 3 0.38015786916011712 0.025401277287821045
140 231 3 0.39937257651420799 0.025815211007816363
141 231 3 0.41814245493966995 0.026202370702530842
142 231 3 0.4364417563406503 0.026539104141600101
143 231 3 0.45427328913064519 0.02682796870725318
144 231 3 0.47167246357552284 0.027137474076693258
145 231 3 0.48866676119405239 0.027540165811517525
146 231 3 0.50522988654728829 0.028069141539249109
147 231 3 0.52124815831453031 0.028663162578872248
148 231 3 0.5365286693797866 0.029062737082139356
149 231 3 0.55094079379162741 0.028815031405127089
150 231 3 0.56475979476312155 0.028387911941520239
151 231 3 0.57836118953457893 0.028588838996774224
152 231 3 0.59164932482733956 0.029960682203165723
153 231 3 0.6034241674198475 0.027716151289057356
154 231 3 0.6155635848864599 0.02703622144070128
155 231 3 0.62977027355490822 0.027494018016245514
204 231 3 0.62856545692141663 0.027467399991394803
205 231 3 0.61428822229886559 0.027003656126983078
206 231 3 0.60208130717438202 0.027680125200560179
207 231 3 0.59024390407123328 0.029930438641575186
208 231 3 0.57688834777612807 0.028553017715856943
209 231 3 0.56321778836174974 0.028348900441575453
210 231 3 0.54932856731980351 0.028776084628510779
211 231 3 0.53484335863396582 0.029024110555441074
212 231 3 0.51948466268122828 0.028622318468112362
213 231 3 0.50338208766989767 0.028023678704762967
214 231 3 0.48672826648030409 0.027487977499904503
215 231 3 0.46963701558007004 0.027076637507745249
216 231 3 0.45213500977916615 0.026756639889791212
217 231 3 0.43419530132628797 0.026455280602477316
218 231 3 0.41578322629310022 0.026103557202295957
219 231 3 0.39689724990056624 0.025698715740751887
220 231 3 0.377565049330987 0.025264464494630212
221 231 3 0.35782777808057931 0.024824251060392655
222 231 3 0.33772885221414545 0.024394549332791171
223 231 3 0.31730938710662437 0.02398606637256645
224 231 3 0.29660919583755591 0.023605292084376173
225 231 3 0.27567262211341648 0.023252788554078863
226 231 3 0.25455559213130191 0.022918299845817058
227 231 3 0.23331750664892553 0.022583770924998525
228 231 3 0.21198926875265642 0.029244222452269097
229 231 3 0.1976551005648329 0.014910054264445582
232 231 3 0.15383914770183099 0.034705469508614376
233 231 3 0.14306400071810105 0.023930322524884431
0 232 0 0.0027621819980853586 0.000460546530639914
8 232 0 0.0032227285287252726 0.00095997932673421533
16 232 0 0.0041827078554594879 0.0015360506532996979
24 232 0 0.0057187585087591858 0.0022240495964326598
32 232 0 0.0079428081051918457 0.0030551355137222683
40 232 0 0.010997943618914114 0.0040542855803827379
48 232 0 0.015052229199296852 0.0052379163389523146
56 232 0 0.020290145538249166 0.0066113198708310401
64 232 0 0.026901465409080207 0.0081660459651094267
72 232 0 0.035067511374189633 0.0098771987029946939
80 232 0 0.044944710077184327 0.011700396246692411
88 232 0 0.056645106323876739 0.01356893565725379
96 232 0 0.070214041981130529 0.01539824957577475
104 232 0 0.085612291556905279 0.017126867306216945
112 232 0 0.10273915886312222 0.018802013954058699
120 232 0 0.12154117281718092 0.020086391150882663
128 232 3 0.15662551923283452 0.035084346415653597
129 232 3 0.17262117951060299 0.01599566027776847
130 232 2 0.18551940232902897 0.024428968086858932
132 232 3 0.21367667478136043 0.028157272452331461
133 232 3 0.23460884701250048 0.023083423963533162
134 232 3 0.2554180558726129 0.023341751063027383
135 232 3 0.27600244945934532 0.02362138988655027
136 232 3 0.29629257015256749 0.023941045230041424
137 232 3 0.31625621823909489 0.024293512130485362
138 232 3 0.33587001727546362 0.024666859238988315
139 232 3 0.3551081215301099 0.025049747630007224
140 232 3 0.37394200801808125 0.025430568496126738
141 232 3 0.39234516597780034 0.025797288961869613
142 232 3 0.41029974633522287 0.02614201000542743
143 232 3 0.42780195440442564 0.026471334726219542
144 232 3 0.44485921172070753 0.026813251854815312
145 232 3 0.46147229504132353 0.027194466152728858
146 232 3 0.47761542808461011 0.027614458462678182
147 232 3 0.49322804080447813 0.028020117510052178
148 232 3 0.50823526614564229 0.02829340323414431
149 232 3 0.52261574123433396 0.028325052557293451
150 232 3 0.53648242005099589 0.028277374712125658
151 232 3 0.54997467757470186 0.02838651195987707
152 232 3 0.56308722770621333 0.028562097121126229
153 232 3 0.57570801613079015 0.028024899669868097
154 232 3 0.58852736344575862 0.028079597840071191
155 232 3 0.60227625553866271 0.028875565041690976
156 232 3 0.61728895657736915 0.03603976240092055
157 232 3 0.62713359166061622 0.029365335446992047
158 232 3 0.64002363360652204 0.03367976522678906
159 232 3 0.64974857572098188 0.029505897760021216
160 232 3 0.66489336299379653 0.041254863114633222
161 232 3 0.6719614545793573 0.034186771529072457
162 232 3 0.67618402093948937 0.029964205168940383
163 232 3 0.67827198868764449 0.027876237420785266
164 232 2 0.67352244809185247 0.032625778016577289
166 232 2 0.67843466081337522 0.027713565295054532
168 232 2 0.68217165789865164 0.032046890612882351
170 232 2 0.68441650233140405 0.029802046180129937
172 232 1 0.67934173534808118 0.034876813163452813
176 232 1 0.68304010902958301 0.033561205631665869
180 232 1 0.6829674701223345 0.033633844538914381
184 232 1 0.67905766636206066 0.034745189722649172
188 232 2 0.6840258082263202 0.029777047858389638
190 232 2 0.68168794412274636 0.032114911961963477
192 232 2 0.67777608087314967 0.027557382828871879
194 232 2 0.67278779155140667 0.032545672150614879
196 232 3 0.67749344956647006 0.027840014135551483
197 232 3 0.67538122374800136 0.029952239954020188
198 232 3 0.67113521415784794 0.034198249544173609
199 232 3 0.66403081360672456 0.041302650095296989
200 232 3 0.6488064546650778 0.029487114249289403
201 232 3 0.63902972751155107 0.033685171742489972
202 232 3 0.62606682757469612 0.029335629367552629
203 232 3 0.61617437257261809 0.036033045649781048
204 232 3 0.60109805693002183 0.028847745991987694
205 232 3 0.58728456617188252 0.028047371724838177
206 232 3 0.57440118197382184 0.027989466397996821
207 232 3 0.56171717789481235 0.028526726176420936
208 232 3 0.54853967385817803 0.02834867391795004
209 232 3 0.53498075977744297 0.028237028584306767
210 232 3 0.52104561072598654 0.028282956593816966
211 232 3 0.50659397318266441 0.028249385451301401
212 232 3 0.49151180422123308 0.027972858459995198
213 232 3 0.4758197878815042 0.027562299788393474
214 232 3 0.45959255700506652 0.027135709475237579
215 232 3 0.44289079805237525 0.026746217527694793
216 232 3 0.42574067763668305 0.026394332142483101
217 232 3 0.40814205289954553 0.026053248426742448
218 232 3 0.39008842643907815 0.025694799854022066
219 232 3 0.37158493462910408 0.02531231527146216
220 232 3 0.35265127374998317 0.024913775581003827
221 232 3 0.33331635133152782 0.02451142674905149
222 232 3 0.31361166000334956 0.02411719221079589
223 232 3 0.29356659747424685 0.023742789632377526
224 232 3 0.27320864207778589 0.023400553759770015
225 232 3 0.25257451030030531 0.023098111813111166
226 232 3 0.23173847560173635 0.022817116529565556
227 232 3 0.21080994834888947 0.028064902048502149
228 232 2 0.18274504630038732 0.024062478769161399
230 232 3 0.16974308089902027 0.015903933197189274
231 232 3 0.15383914770183099 0.034705469508614376
232 232 0 0.11913367819321662 0.019321030606346976
240 232 0 0.10037606516251539 0.018757613030701226
248 232 0 0.08336113510786565 0.017014930054649741
256 232 0 0.068182159563301828 0.015178975544563822
264 232 0 0.054872341475146434 0.013309818088155394
272 232 0 0.043430719385725153 0.011441622089421281
280 232 0 0.033794639573816614 0.0096360798119085392
288 232 0 0.025844313322576629 0.0079503262512399843
296 232 0 0.019418311428237776 0.0064260018943388536
304 232 0 0.014330319895186879 0.0050879915330508969
312 232 0 0.01038426886283756 0.0039460510323493184
320 232 0 0.007386870653411432 0.0029973982094261284
328 232 0 0.0051571647198560477 0.0022297059335553843
336 232 0 0.0035329852473453354 0.0016241794725107123
344 232 0 0.0023745443918579052 0.0011584408554874302
352 232 0 0.0015655480664154347 0.00080899632544247048
360 232 0 0.0010124004751106983 0.00055314759130473644
368 232 0 0.00064209881916457018 0.00037030165594612811
376 232 0 0.00039938314333606622 0.00024271567582850396
384 232 0 0.00024361326571290453 0.00015576987762316169
392 232 0 0.00014572366743643883 9.7889598276465706e-05
400 232 0 8.5483192659408969e-05 6.0240474777029858e-05
408 232 0 4.917729356833546e-05 3.6305899091073509e-05
416 232 0 2.7746046704474196e-05 2.1431246863861264e-05
424 232 0 1.5353822198674816e-05 1.2392224505799381e-05
432 232 0 8.3338080881188568e-06 7.0200141105559588e-06
440 232 0 4.437320007704424e-06 3.8964880804144327e-06
448 232 0 2.3178924048881296e-06 2.1194276028162945e-06
456 232 0 1.1879995569639842e-06 1.1298928479241453e-06
464 232 0 5.9755292116819407e-07 5.9044663579579017e-07
472 232 0 2.9511930640873864e-07 3.0243361475945543e-07
480 232 0 1.4340486842751963e-07 1.5171443798121901e-07
488 232 0 6.9206702195278546e-08 7.4198166232241089e-08
496 232 0 3.462669972545943e-08 3.4580002469819116e-08
504 232 0 2.1100777185217829e-08 1.3525922540241601e-08
128 233 3 0.14561875412821088 0.024077581311029952
129 233 3 0.16161441440597935 0.023904987923049625
132 233 3 0.19809499013901782 0.016549271678506006
133 233 3 0.21163460192835079 0.030088883467838973
134 233 3 0.23228149687463795 0.023136558997974954
135 233 3 0.25264992600528779 0.023352523454057528
136 233 3 0.27264688377466378 0.023645686377903707
137 233 3 0.29227581997987817 0.023980398259216718
138 233 3 0.31153658940187129 0.024333427873592328
139 233 3 0.33041490109987892 0.024693220430230978
140 233 3 0.34888915999454845 0.025052848023532803
141 233 3 0.3669382466963354 0.025406919281464935
142 233 3 0.38454682393605683 0.025752922399166045
143 233 3 0.40170733357949145 0.026094620824934189
144 233 3 0.41841706772301923 0.026442143997688294
145 233 3 0.43467000679741025 0.026802288243913286
146 233 3 0.45044914211384773 0.027166285970762372
147 233 3 0.46572653572869321 0.027501505075784916
148 233 3 0.48047758108060912 0.027757685065033177
149 233 3 0.49470937208765564 0.027906369146678323
150 233 3 0.50848041753004525 0.028002002520950642
151 233 3 0.52186499284212462 0.028109684732577245
152 233 3 0.5349102879758505 0.028176939730362838
153 233 3 0.54768311646092205 0.028118963645294204
154 233 3 0.56044776560568743 0.028373742536078939
155 233 3 0.57340069049697173 0.028926754870098215
156 233 3 0.58629525657501225 0.030993700002356905
157 233 3 0.59776825621362417 0.029621054834615412
158 233 3 0.60938050292948398 0.030643130677038055
159 233 3 0.62024267796096066 0.030103565996033477
160 233 3 0.63157966158011258 0.033313701413683949
161 233 3 0.64048266544802779 0.03147878913132951
162 233 3 0.64821567153033044 0.029244403190769819
163 233 3 0.6570939228827527 0.028861669045590177
196 233 3 0.65633215290303526 0.028842156519220175
197 233 3 0.64742419914416571 0.029229422066853972
198 233 3 0.63965798986473932 0.031477224293108619
199 233 3 0.63071276925148501 0.033318044355239551
200 233 3 0.6193193404157884 0.03008635572468199
201 233 3 0.60840246122893715 0.030627266282613919
202 233 3 0.59673119820714349 0.02959538336305878
203 233 3 0.58520339621898887 0.03097097635362922
204 233 3 0.57225031093803413 0.028897075126626093
205 233 3 0.55923719444704434 0.028340685609062
206 233 3 0.54641171557582502 0.02808285711347791
207 233 3 0.53357758117448451 0.028139596720327842
208 233 3 0.5204697687633717 0.028069905094806336
209 233 3 0.50702116093729965 0.027959598840143318
210 233 3 0.49318427839210521 0.027861332333881328
211 233 3 0.4788843403947512 0.027709632787913219
212 233 3 0.46406227638525804 0.027449527835975041
213 233 3 0.4487106182436128 0.027109169637891395
214 233 3 0.4328538724846212 0.026738684520445311
215 233 3 0.41652015147975541 0.026370646572619838
216 233 3 0.39972689548010754 0.026013782156575516
217 233 3 0.38248081124114736 0.025661241658398171
218 233 3 0.36478558101103598 0.025302845428042176
219 233 3 0.34665008433089572 0.024934850298208355
220 233 3 0.3280913792545464 0.024559894495436774
221 233 3 0.30913274489088938 0.024183606440638439
222 233 3 0.28979842107811665 0.023813238925232905
223 233 3 0.27010590344607627 0.023460694028170581
224 233 3 0.25005916961326879 0.023149472464517096
225 233 3 0.22965897888218006 0.022915531418125246
226 233 3 0.20900035026024949 0.029834668694252775
227 233 3 0.19543110160930627 0.016265420043309553
230 233 3 0.15896793391529029 0.023777112385097027
231 233 3 0.14306400071810102 0.023930322524884404
128 234 2 0.14270489948630552 0.021163726669124597
130 234 2 0.16109043424217004 0.026471743970344075
132 234 2 0.18154571846051182 0.023319077573172475
134 234 3 0.20941026242280977 0.027864543962297955
135 234 3 0.22965001695572007 0.022999909049567724
136 234 3 0.24934474397303849 0.023302139801625293
137 234 3 0.26863359304410539 0.023642226935772781
138 234 3 0.28755020164805767 0.023986387753813621
139 234 3 0.30608499660963256 0.024329904490246357
140 234 3 0.32421553744276804 0.024673622551780405
141 234 3 0.341920796056087 0.025017450640248406
142 234 3 0.35918595469776338 0.025360869238293449
143 234 3 0.37600262322350864 0.025704710355982818
144 234 3 0.39236612735122911 0.026050940371790121
145 234 3 0.40827133074334493 0.026398676054065318
146 234 3 0.42370993765755971 0.026739204456288024
147 234 3 0.43867238992569663 0.027054145802996588
148 234 3 0.45315597972704957 0.027321601353559544
149 234 3 0.46717654169859085 0.027532830389064789
150 234 3 0.48077377129880933 0.027706646231235921
151 234 3 0.49399967571958697 0.027865317122537647
152 234 3 0.50690719874911228 0.02800308922673822
153 234 3 0.51956415281562784 0.028118963645294204
154 234 3 0.53207402306960849 0.028373742536078939
155 234 3 0.54447393562687352 0.028926754870098215
156 234 3 0.55660991084054767 0.029685345734464574
157 234 3 0.56814720137900876 0.029621054834615412
158 234 3 0.57936767141749501 0.030012831511988969
159 234 3 0.59013911196492719 0.030103565996033477
160 234 3 0.60057385824829812 0.031005803331814463
161 234 3 0.61004526245317492 0.030437402994852869
162 234 3 0.61897126833956062 0.029701898634107993
163 234 3 0.62823225383716252 0.029844686789065933
164 234 3 0.6383511112698167 0.03517133682203577
165 234 3 0.64419285946235783 0.029329588629494641
166 234 3 0.6496795782872079 0.028755082526167319
167 234 3 0.65299794006499878 0.02543672074837644
168 234 2 0.65105509914666904 0.033746673802230065
170 234 2 0.66136968694461429 0.031242522584583265
188 234 2 0.66099071982990276 0.031234892517367774
190 234 2 0.65058562355152794 0.033734389558906841
192 234 3 0.65242381482588407 0.025352266047265593
193 234 3 0.64905247460601423 0.028723606267135438
194 234 3 0.64351380008250347 0.029273991468903193
195 234 3 0.63764117534808529 0.035146616203321379
196 234 3 0.62748999638381509 0.029823127958399254
197 234 3 0.61819477707731174 0.029683567956347634
198 234 3 0.60923132325507134 0.030426666609667974
199 234 3 0.59971701335845529 0.030995755893029719
200 234 3 0.58923298469110641 0.03008635572468199
201 234 3 0.5784099796518728 0.029992481577064356
202 234 3 0.56713581484408471 0.02959538336305878
203 234 3 0.55554467499236915 0.029658721226619722
204 234 3 0.54335323581140804 0.028897075126626093
205 234 3 0.53089650883798234 0.028340685609062
206 234 3 0.51832885846234711 0.02808285711347791
207 234 3 0.50561324756888504 0.027964333605599467
208 234 3 0.49264595172751319 0.027823817035858511
209 234 3 0.47935893195745249 0.027662228979847159
210 234 3 0.46569900729626751 0.027485271095837704
211 234 3 0.45161387910729112 0.027270461287460079
212 234 3 0.43706357337179352 0.02699870301346452
213 234 3 0.42203209941559133 0.026678518828021469
214 234 3 0.40652219892323271 0.026331673561388491
215 234 3 0.39054367982956273 0.025976471650192678
216 234 3 0.37410531208026759 0.025621583399839942
217 234 3 0.357212940767967 0.025267870473180354
218 234 3 0.33987220455761019 0.024913376453425784
219 234 3 0.32209274204284838 0.024557342288047346
220 234 3 0.30389092531647183 0.024200453938074573
221 234 3 0.28528965845376397 0.023843086437125405
222 234 3 0.26631362620679327 0.023484794871323378
223 234 3 0.24697519049404565 0.023130712952030619
224 234 3 0.2272445266929817 0.022814642920287093
225 234 3 0.20698895782930468 0.027823276263307967
226 234 2 0.17916568156599672 0.023050044368781164
228 234 2 0.15868256753122592 0.026162095047024131
230 234 2 0.14032631601988488 0.021192637826668262
134 235 3 0.19415707121061035 0.015669975961012883
135 235 3 0.20718271624653253 0.028695620996935067
136 235 3 0.2264305366732465 0.022914207299791989
137 235 3 0.24534024320995981 0.023293349834145577
138 235 3 0.26391694589141695 0.023633255756640714
139 235 3 0.28212544900852832 0.023959547601104247
140 235 3 0.29992819353452965 0.02428734390823839
141 235 3 0.31729945095091161 0.024621345105175385
142 235 3 0.33422471028683537 0.024961244410928007
143 235 3 0.35069746389160095 0.02530515933190769
144 235 3 0.36671525074784167 0.02565087660338744
145 235 3 0.38227651695726433 0.025994813786080595
146 235 3 0.3973797854919292 0.026330152165630505
147 235 3 0.41202576827698173 0.026646621648714897
148 235 3 0.42622196524973038 0.02693401447731919
149 235 3 0.43998762924081514 0.027188912457775716
150 235 3 0.45335518051145307 0.027418590787356256
151 235 3 0.46636571866471754 0.027633957054869429
152 235 3 0.47906399451223541 0.027843204236876862
153 235 3 0.49149799628544028 0.028066156530187569
154 235 3 0.50371240956381769 0.028361613505790806
155 235 3 0.51570976788131562 0.0287641677455579
156 235 3 0.52741845233659768 0.029191458503949996
157 235 3 0.53873489190313273 0.029412309475876031
158 235 3 0.54969260612801052 0.029675065289484492
159 235 3 0.56025791621827281 0.029881195746654376
160 235 3 0.57041410789024416 0.030159750358053961
161 235 3 0.58003327756911072 0.030011984884064202
162 235 3 0.58926936970545263 0.029701898634107993
163 235 3 0.59838756704809659 0.029844686789065933
164 235 3 0.60732886518323603 0.031022246086580663
165 235 3 0.61508862278050935 0.029338902844307624
166 235 3 0.62296161656105264 0.028697258910112211
167 235 3 0.63269024225811821 0.029070355001413639
192 235 3 0.63214901269552148 0.029053819097041633
193 235 3 0.62236508835208038 0.028673996776306665
194 235 3 0.61444421165417251 0.029312803678299915
195 235 3 0.60664522819131095 0.030995947156774339
196 235 3 0.59766686842541583 0.029823127958399254
197 235 3 0.58851120912096411 0.029683567956347634
198 235 3 0.57923567012236843 0.029995653132702915
199 235 3 0.56957382779029164 0.030143185568163644
200 235 3 0.5593714258836765 0.029861558807429911
201 235 3 0.54875754320492209 0.029652436446950703
202 235 3 0.53774948410946188 0.029386330734622823
203 235 3 0.52638161203382894 0.029163062958540209
204 235 3 0.51462025802055289 0.028732977790855152
205 235 3 0.50256908099269271 0.028327427845289632
206 235 3 0.49029985135072301 0.028029007111624094
207 235 3 0.47781008409788583 0.027803163470999204
208 235 3 0.46505500923594106 0.027590942491572124
209 235 3 0.4519865126539136 0.027372419303538897
210 235 3 0.43855970220928026 0.027139305086987253
211 235 3 0.42473333358791127 0.02688054551937985
212 235 3 0.41047488159517326 0.026588691776620266
213 235 3 0.39576508818550349 0.026267011230087844
214 235 3 0.38059659519384936 0.025925603729383351
215 235 3 0.36496900721117576 0.025574672618386973
216 235 3 0.34888430787359076 0.025221004206676834
217 235 3 0.33234476013532216 0.024868180632644843
218 235 3 0.31535375073167471 0.024518453825935482
219 235 3 0.29791894063986091 0.024173801402987471
220 235 3 0.28005621255787255 0.023834712758599275
221 235 3 0.26179284011124332 0.023496818342520653
222 235 3 0.24316804930141053 0.023145576905382742
223 235 3 0.22421892823456888 0.022756262259476773
224 235 3 0.20494252348553629 0.028521975783044523
225 235 3 0.1918800312440378 0.015459483541546026
128 236 1 0.13461869027182596 0.018167516572904066
132 236 2 0.15844817254385596 0.023829482272029995
134 236 2 0.17848709524959747 0.022182798478973975
136 236 3 0.20384290458454526 0.025355809334947799
137 236 3 0.22236305420555341 0.022977189004406401
138 236 3 0.2406298314934921 0.023287114397924857
139 236 3 0.25854448553199361 0.023580963476534711
140 236 3 0.27604015543047095 0.023888038104058706
141 236 3 0.29308703261921648 0.024212418331695129
142 236 3 0.30967413155496232 0.024550578731873052
143 236 3 0.32580078600794321 0.024896677883657736
144 236 3 0.34146988885964263 0.025245361888199036
145 236 3 0.3566842997557525 0.025592217201511835
146 236 3 0.37144724911692617 0.025932536375003035
147 236 3 0.38576512008121894 0.026260648195762792
148 236 3 0.39965065369867214 0.026571311551058241
149 236 3 0.4131251013383993 0.026862527902415834
150 236 3 0.42621808727717336 0.027137093234279708
151 236 3 0.43896482030185086 0.027400898362866688
152 236 3 0.45140225961772024 0.027661734894515178
153 236 3 0.46356509597056916 0.027932900314871112
154 236 3 0.47547805231602763 0.028234357247790054
155 236 3 0.48714106949930858 0.028568698382007041
156 236 3 0.4985227095938875 0.028895742742710173
157 236 3 0.50958156476744132 0.029153327135691409
158 236 3 0.52030708949447391 0.029385516633536612
159 236 3 0.53067998209736267 0.029577934120910143
160 236 3 0.54068263752461798 0.029731470365626178
161 236 3 0.55029289567285844 0.029740381896252277
162 236 3 0.5595712678503576 0.029698101855095027
163 236 3 0.56860309187513813 0.029784475172958458
164 236 3 0.57736893307687964 0.029959932106356391
165 236 3 0.58574971993620173 0.029585874011143432
166 236 3 0.59426435765094043 0.029653688314873028
167 236 3 0.60361988725670457 0.03042939821398527
168 236 3 0.61421626741107349 0.036838831735595545
169 236 3 0.62040058327780456 0.031682861865828804
170 236 3 0.62749029109988419 0.033879395844730098
171 236 3 0.63276403762017774 0.031614646330693108
172 236 3 0.64092031799168103 0.038421417356400145
173 236 3 0.64448487730513349 0.034856858042947692
174 236 3 0.64648387358884463 0.032857861759236551
175 236 3 0.64803352578127282 0.03189159801332897
176 236 3 0.65003576818459186 0.033004340844991154
177 236 3 0.65095395298644931 0.032086156043133696
178 236 3 0.6514089357791828 0.031631173250400213
179 236 3 0.6515952384065149 0.031444870623068111
180 236 3 0.65156343347071799 0.031404036651616507
181 236 3 0.65134503289562729 0.031622437226707212
182 236 3 0.65086329704018153 0.032104173082152965
183 236 3 0.64990656558858528 0.033060904533749214
184 236 3 0.6478190820401647 0.031869268646534499
185 236 3 0.64623152408704121 0.032826142275019454
186 236 3 0.64420758334770112 0.034850083014359545
187 236 3 0.64061575262950543 0.038441913732555233
188 236 3 0.63241011611044595 0.031604066039132128
189 236 3 0.62710153851462391 0.033889181315278849
190 236 3 0.61996102950861953 0.0316683950887231
191 236 3 0.61374143847662255 0.036844185074905389
192 236 3 0.60309519359847985 0.030414075044953304
193 236 3 0.59369109157577371 0.029633868478369019
194 236 3 0.5851314079758726 0.029563653543010493
195 236 3 0.5767095420399645 0.029935686151346452
196 236 3 0.56790446552104801 0.029762402904367824
197 236 3 0.55883353756076082 0.029677671560203289
198 236 3 0.54951496230874308 0.029720707813625347
199 236 3 0.53986257854529129 0.029711249245000348
200 236 3 0.52981561238884389 0.029555813494832606
201 236 3 0.51939655175457156 0.029360991450350538
202 236 3 0.5086233501185744 0.029126133990887482
203 236 3 0.49751563116015407 0.028865980873674868
204 236 3 0.48608403033128783 0.028536227689265059
205 236 3 0.47437004079662232 0.028199040196070391
206 236 3 0.4624051853030422 0.027894666047680816
207 236 3 0.45018956104705321 0.027620523050832624
208 236 3 0.43769842399813724 0.027356585237803821
209 236 3 0.42489703218230357 0.027089480471610028
210 236 3 0.4117483688310935 0.026811333378186752
211 236 3 0.39821718402388806 0.026516149564023206
212 236 3 0.38427386223675603 0.026201019358417232
213 236 3 0.36989725042561861 0.025867837759884882
214 236 3 0.35507482942147228 0.025521765772377081
215 236 3 0.33980058391781809 0.025168423293357667
216 236 3 0.32407181001296237 0.024812497860628391
217 236 3 0.30788634300719181 0.02445841712813035
218 236 3 0.29124216586815377 0.024111584863520941
219 236 3 0.27414101192100504 0.023777928718855867
220 236 3 0.25659510047562983 0.023461112082242719
221 236 3 0.23863550543922529 0.023157334672018026
222 236 3 0.22033007340030322 0.02283797590110731
223 236 3 0.20177851204022856 0.025357964337736794
224 236 2 0.17642054770249177 0.021990729662295261
226 236 2 0.15633448543624021 0.023814012952038416
228 236 1 0.13252047248420179 0.017650323263280199
136 237 3 0.18808569373249079 0.017702589036276195
137 237 3 0.19962881081575171 0.029245706119537113
138 237 3 0.21767929402177022 0.022950537471721877
139 237 3 0.2353619346323112 0.023182550899682408
140 237 3 0.25257542586498144 0.023464729565489506
141 237 3 0.26930411690978245 0.023782915709434027
142 237 3 0.28554905485028442 0.024125076704677895
143 237 3 0.30132217574334397 0.024478610264599243
144 237 3 0.31663531837272935 0.024834570486913288
145 237 3 0.3314953515451517 0.025188948210600803
146 237 3 0.34590743067314544 0.025539818443780726
147 237 3 0.35988040348316269 0.025884716598056245
148 237 3 0.37343009648647685 0.026220557212195295
149 237 3 0.38657989133355791 0.026545210004841391
150 237 3 0.39935939665658365 0.026858690620589709
151 237 3 0.41180175485749254 0.027163065444358314
152 237 3 0.42394014223456411 0.027462117383156126
153 237 3 0.43580364181995529 0.027761454150613873
154 237 3 0.44741182151226533 0.028066230803762304
155 237 3 0.45876862638887267 0.028372443110435908
156 237 3 0.46986139977863861 0.028661309815248892
157 237 3 0.48067007678629353 0.028911487981147788
158 237 3 0.49117966844966532 0.029127421044808588
159 237 3 0.50137480309392068 0.029305179003441983
160 237 3 0.51124324175569735 0.029439395768920629
161 237 3 0.52078134780395202 0.029511547868906418
162 237 3 0.53001402725611269 0.029557240594244916
163 237 3 0.53897634784964843 0.029626744025489704
164 237 3 0.54768331456464137 0.029685618512238277
165 237 3 0.5561638459250583 0.029656912250512257
166 237 3 0.56461066933606741 0.02989382856087508
167 237 3 0.5731904890427193 0.03043696959231601
168 237 3 0.58166830098003619 0.032547966431037301
169 237 3 0.58871772141197576 0.031682861865828804
170 237 3 0.59530189015382984 0.032188400946054352
171 237 3 0.60114939128948464 0.031697112988557485
172 237 3 0.60696184439250667 0.033958473599174366
173 237 3 0.61106379315584947 0.033421084149284019
174 237 3 0.61394499880079845 0.032538874788046179
175 237 3 0.61614192776794385 0.03189159801332897
176 237 3 0.6179841154802157 0.032051652704376155
177 237 3 0.61919936730503122 0.03175458568141809
178 237 3 0.61991468057084576 0.031494255208337041
179 237 3 0.62023665863749378 0.031358579769021122
180 237 3 0.6202141816504797 0.031349251820238289
181 237 3 0.61985418019629945 0.031490852699327831
182 237 3 0.61910250370879583 0.031760793331385706
183 237 3 0.61784506642523107 0.032061499163354212
184 237 3 0.6159498133936302 0.031869268646534499
185 237 3 0.61371145360677293 0.032520070480268282
186 237 3 0.61079565092512378 0.03341193242257734
187 237 3 0.60665892065215443 0.033956831977350999
188 237 3 0.60080605007131382 0.031687738969498502
189 237 3 0.59491938631213381 0.0321821522024901
190 237 3 0.58829263441989643 0.0316683950887231
191 237 3 0.58120278302854556 0.032538655448076992
192 237 3 0.57268111855352655 0.030421359336766929
193 237 3 0.56405722309740469 0.02987537220584302
194 237 3 0.5555677544328621 0.02963646090535299
195 237 3 0.5470464165355472 0.029663125504417298
196 237 3 0.53829975498142668 0.029604710539621326
197 237 3 0.52929792037870949 0.029535617182051332
198 237 3 0.52002510634408106 0.029489855964662026
199 237 3 0.51044568568242876 0.029416892862862531
200 237 3 0.50053450949486533 0.029281102893978561
201 237 3 0.49029526450444738 0.029101287250124175
202 237 3 0.47974034339780286 0.028883006720771542
203 237 3 0.46888528277728997 0.028630348382864101
204 237 3 0.45774517335818188 0.028338856973105953
205 237 3 0.44634015871739924 0.028029882079223079
206 237 3 0.43468295992319583 0.027722225379846366
207 237 3 0.42276967176041352 0.027419889286639687
208 237 3 0.41058073961147273 0.027117684386664509
209 237 3 0.39808708002512944 0.026809952157174133
210 237 3 0.38525552011988706 0.02649284871120644
211 237 3 0.37205294645486725 0.02616423756902081
212 237 3 0.35844983311907364 0.02582402911768239
213 237 3 0.34442296629577035 0.025474284129848257
214 237 3 0.32995679899682401 0.025118030424648274
215 237 3 0.31504288979951667 0.024757694118301421
216 237 3 0.29967661983223004 0.024395190180732329
217 237 3 0.28385178844912695 0.024034554558064858
218 237 3 0.26755737225186688 0.023684793616286892
219 237 3 0.25078244032326602 0.02335857159773902
220 237 3 0.23352717615625773 0.023067924319372102
221 237 3 0.21580852702031708 0.022826978418908211
222 237 3 0.19772785319426853 0.029098440402042514
223 237 3 0.18613929839930257 0.017509885607076559
132 238 2 0.13917094968991342 0.022719775990991523
134 238 3 0.1549716298863735 0.023515465363223964
135 238 3 0.16277521169905121 0.015711883550546257
136 238 2 0.17038310469621459 0.025080824581071387
138 238 3 0.19508745496045052 0.024704350264235925
139 238 3 0.21263443858338169 0.022727496048929513
140 238 3 0.22957657716763089 0.022998848697350555
141 238 3 0.2459813406348805 0.023322776274901952
142 238 3 0.2618676179601398 0.023681436890144625
143 238 3 0.27727093100282968 0.024051244740514288
144 238 3 0.29221693436702451 0.024418384005704841
145 238 3 0.30671324795024735 0.024782103594904348
146 238 3 0.32076154537663731 0.02514588529650813
147 238 3 0.33436985035061595 0.025510553132546743
148 238 3 0.34755649437621816 0.025873602110258687
149 238 3 0.36034831129079026 0.026231580042767655
150 238 3 0.37277757927087413 0.026581817385709527
151 238 3 0.38487886516640779 0.02692288969108475
152 238 3 0.39668568045836539 0.027254461776198724
153 238 3 0.40822691439466047 0.027576727425294822
154 238 3 0.41952308223900847 0.027888739273256857
155 238 3 0.43058311136980076 0.028185515019071905
156 238 3 0.44140393667442368 0.028457463104214931
157 238 3 0.45197435794264323 0.028695718843650297
158 238 3 0.46228040586466496 0.028899262585000363
159 238 3 0.47230712788328871 0.029067675210631971
160 238 3 0.48204218513928004 0.029201056616417309
161 238 3 0.4914805253370379 0.029300822466914123
162 238 3 0.50062982318050964 0.029384204075603049
163 238 3 0.50950509093802221 0.02947125691162622
164 238 3 0.51812179274318315 0.029561521821458214
165 238 3 0.52650693367454604 0.029656912250512257
166 238 3 0.53471684077519233 0.02989382856087508
167 238 3 0.54275351945040329 0.03043696959231601
168 238 3 0.55043674094016426 0.031231560039871931
169 238 3 0.55738612532640164 0.03133159608557412
170 238 3 0.56373430197747842 0.031567588176351413
171 238 3 0.56945227830092715 0.031697112988557485
172 238 3 0.57459471057912714 0.032367133813379523
173 238 3 0.57874312279727003 0.03232067035857944
174 238 3 0.58196925262498322 0.031975746175815223
175 238 3 0.58448329788573705 0.031658629882206801
176 238 3 0.58643710054722464 0.031547014932991058
177 238 3 0.58782207513956264 0.031377292165468584
178 238 3 0.58869091044746691 0.031223770123378847
179 238 3 0.58909959006842116 0.031137068569072612
180 238 3 0.58907951396447245 0.031134667686007256
181 238 3 0.58863216158795628 0.031222018608343172
182 238 3 0.58772484063433805 0.031377663074457773
183 238 3 0.58629910593330914 0.031545960491921932
184 238 3 0.58430190816422722 0.031647905229402973
185 238 3 0.58174771384789081 0.031963739758882115
186 238 3 0.57848435701811352 0.032311293907010263
187 238 3 0.57429910858917899 0.032359812062975446
188 238 3 0.56911831110181532 0.031687738969498502
189 238 3 0.5633615200184251 0.031557866293708714
190 238 3 0.55697340985808153 0.031319224561814907
191 238 3 0.5499840160013213 0.031218767027224259
192 238 3 0.54225975921675962 0.030421359336766929
193 238 3 0.53418185089156167 0.02987537220584302
194 238 3 0.52593129352750911 0.02963646090535299
195 238 3 0.51750634747688606 0.029540069058661134
196 238 3 0.50885042340908182 0.029449331572344861
197 238 3 0.49993603380137447 0.029361886577335017
198 238 3 0.49074722995330394 0.029277876390777113
199 238 3 0.48126862957729266 0.029177056105136101
200 238 3 0.47149235843011084 0.029042151064754496
201 238 3 0.46142343050832002 0.028871833996127361
202 238 3 0.45107423608192232 0.02866610731588054
203 238 3 0.44045980989889183 0.028425472878398139
204 238 3 0.42959419471969967 0.028150978638482205
205 238 3 0.41848865398173218 0.027851504735667054
206 238 3 0.40714630700257731 0.027536652920618521
207 238 3 0.39555827010715916 0.027211401653254363
208 238 3 0.38370406275664171 0.026876676854831028
209 238 3 0.37155482852196953 0.026532251503159909
210 238 3 0.35907709857052156 0.026178421549365505
211 238 3 0.34623637684568825 0.025816569609178996
212 238 3 0.33300051045118112 0.025449322667892516
213 238 3 0.31934287624361718 0.02508009005215317
214 238 3 0.30524546470120217 0.024711334295621834
215 238 3 0.29070069332054771 0.024342196478968958
216 238 3 0.27570743350448629 0.023969186327743752
217 238 3 0.26025869092833925 0.023593097520787698
218 238 3 0.2443295231290116 0.023227849122855276
219 238 3 0.22788531544798415 0.022897124875281866
220 238 3 0.21090856551698084 0.022618610639276893
221 238 3 0.19333443951919047 0.024705026726964452
222 238 2 0.16862941279222601 0.024902888367562215
224 238 3 0.16090628178586397 0.015514265916627801
225 238 3 0.15306362888143793 0.02335691882105384
226 238 2 0.13726097155995734 0.022390822339035749
134 239 3 0.13946159003085082 0.023010416331928921
135 239 3 0.1472651718435285 0.0308139981446066
138 239 3 0.17965012519981036 0.017022783351896748
139 239 3 0.19050402857777074 0.027876686729857131
140 239 3 0.2071026047771414 0.022473972390489483
141 239 3 0.22315995611263154 0.022821384522248966
142 239 3 0.23864759534685789 0.023220022613281904
143 239 3 0.25365112113842642 0.023619809864403263
144 239 3 0.26821816478102273 0.023998769586001778
145 239 3 0.28234500711093935 0.024368240839307997
146 239 3 0.29601754346262904 0.024744001914008273
147 239 3 0.30923901385774805 0.025130836492867903
148 239 3 0.32203205544026958 0.025524438935948579
149 239 3 0.33443000502857501 0.025918306262215252
150 239 3 0.34647095727070742 0.026306622000166702
151 239 3 0.35819423810462847 0.02668462706177932
152 239 3 0.36963725192783076 0.027048428530534629
153 239 3 0.3808324381030127 0.027394476291647762
154 239 3 0.39180446765003313 0.027718614588975343
155 239 3 0.40256765259875549 0.028015458771045276
156 239 3 0.41312466311671397 0.028279273557709705
157 239 3 0.42346780107251158 0.02850655687013165
158 239 3 0.43358233510660077 0.028698070758064187
159 239 3 0.44345013924206894 0.028856988641219772
160 239 3 0.45305410550778458 0.028988079631495467
161 239 3 0.46238232707391874 0.029098198263119157
162 239 3 0.47143063470199792 0.029199188478511717
163 239 3 0.48020086672493095 0.029304224213091257
164 239 3 0.48869785304078389 0.02942393970239926
165 239 3 0.49692889666851681 0.029578037006029234
166 239 3 0.50489755197121344 0.029819288803978883
167 239 3 0.51256903751838578 0.030184481932017504
168 239 3 0.51983586796494141 0.030600872975222848
169 239 3 0.52655061457241692 0.030835510753984718
170 239 3 0.53268998983901616 0.03104431213846226
171 239 3 0.5382221619125831 0.031230116388344054
172 239 3 0.54311158941460824 0.031483121164518901
173 239 3 0.5472335492646242 0.031509573532645829
174 239 3 0.55059348867327229 0.031375763951710933
175 239 3 0.55327209314795445 0.031211204737782605
176 239 3 0.55534553970310252 0.031091560844122124
177 239 3 0.55684715297606591 0.030974922163496732
178 239 3 0.55781327768051236 0.030877632766954544
179 239 3 0.55827714011854745 0.030822449949873709
180 239 3 0.55825798798227866 0.030821525982193787
181 239 3 0.55775610053526414 0.030876061052692139
182 239 3 0.55675183405392248 0.030973006580415574
183 239 3 0.55521125170121155 0.031087854232097589
184 239 3 0.55309820478371452 0.031203703380512704
185 239 3 0.55038106172525958 0.031366652122631233
186 239 3 0.54698380042509587 0.031500556593017648
187 239 3 0.54282487280948943 0.031474235779689552
188 239 3 0.53789805617447173 0.031220254927343594
189 239 3 0.53232808944236787 0.03103343057605723
190 239 3 0.52615039042516432 0.030823019432917209
191 239 3 0.51939700822340029 0.030587007777921005
192 239 3 0.51209113050106858 0.030168628715691037
193 239 3 0.50438048956801951 0.029801361323542164
194 239 3 0.49637291468897671 0.029558378838532406
195 239 3 0.4881033305844919 0.029403016892394163
196 239 3 0.47956807748593033 0.029282345923151487
197 239 3 0.47075960043012077 0.029176433371253696
198 239 3 0.46167278523511479 0.029074444718189152
199 239 3 0.4523055571424664 0.028963072434826265
200 239 3 0.44266193848107127 0.028830419949039565
201 239 3 0.43275378093384509 0.028669649574474931
202 239 3 0.42259820049211239 0.028476035589809934
203 239 3 0.41221336209050419 0.028246447808387642
204 239 3 0.4016140437033397 0.027980151016359978
205 239 3 0.39080799001524585 0.02768066396648633
206 239 3 0.37979257632774532 0.027353730674831989
207 239 3 0.36855353660150986 0.027004733505649303
208 239 3 0.35706624887477417 0.026637813881867534
209 239 3 0.34529832806018701 0.026256500461782517
210 239 3 0.33321243327012617 0.025864665300395384
211 239 3 0.32076932478557235 0.025467052060115902
212 239 3 0.30793104479437838 0.025069465656802736
213 239 3 0.29466448406747797 0.024678392176139208
214 239 3 0.28094736186659197 0.024298102834610202
215 239 3 0.26677692953947779 0.023923763781069918
216 239 3 0.25216786839819627 0.023539565106290017
217 239 3 0.23712447437899462 0.023134216549344638
218 239 3 0.22159961633943306 0.022729906789578536
219 239 3 0.20550822021961362 0.02237709522837053
220 239 3 0.18887954542067348 0.027768179612828126
221 239 3 0.17798835328818172 0.016876987480336364
224 239 3 0.14551763459404807 0.030647485373126476
225 239 3 0.13767498168962203 0.022804832468700437
0 240 0 0.0023867246956232515 0.00039909745263544015
8 240 0 0.0027858221482586916 0.0008319610675719155
16 240 0 0.0036177832158306071 0.0013313185945943396
24 240 0 0.0049491018104249468 0.0019276301106945504
32 240 0 0.0068767319211194972 0.0026475208315183234
40 240 0 0.0095242527526378205 0.0035118058726205589
48 240 0 0.013036058625258379 0.0045331258612331636
56 240 0 0.017569184486491543 0.0057132827913382589
64 240 0 0.023282467277829802 0.0070403832123600574
72 240 0 0.030322850490189859 0.0084858435115285832
80 240 0 0.038808694001718443 0.010001240425186908
88 240 0 0.048809934426905351 0.011515038040296417
96 240 0 0.060324972467201768 0.012928902390243316
104 240 0 0.073253874857445084 0.014106229854040545
112 240 0 0.087360104711485628 0.015379054151636595
120 240 0 0.1021581335474408 0.019383039269740124
128 240 0 0.1164511736989219 0.021491754093766843
136 240 2 0.14530228011514321 0.028851106416221309
138 240 2 0.16262734184791361 0.022449735040876939
140 240 3 0.18516361812623858 0.022536276278324968
141 240 3 0.20089755398811446 0.022262402124517078
142 240 3 0.21589661984843311 0.02275097549842478
143 240 3 0.23044852144135819 0.023202599697068227
144 240 3 0.24463623716510471 0.023581927615918014
145 240 3 0.25840374518073517 0.023941261930204183
146 240 3 0.27169343648556887 0.024324106977060167
147 240 3 0.28450171432445831 0.024737299533289736
148 240 3 0.29686421290983245 0.025167842530437134
149 240 3 0.30882670489846115 0.02560330013011386
150 240 3 0.32043661762363512 0.026034339647072302
151 240 3 0.33174117824550314 0.026453059859125327
152 240 3 0.34278471738212501 0.026852534545705742
153 240 3 0.35360601899210442 0.027226419110908284
154 240 3 0.36423649383316636 0.027567973816866764
155 240 3 0.37469711769238767 0.027870534906367816
156 240 3 0.38499502194923874 0.028129641167475239
157 240 3 0.39512267787597316 0.028345123196538424
158 240 3 0.40506095780750218 0.028521377299098594
159 240 3 0.41478415501552285 0.028665984226546093
160 240 3 0.42426621426729 0.028787891240494579
161 240 3 0.43348584124813561 0.028896485825783136
162 240 3 0.44242875409171523 0.029001880610282693
163 240 3 0.45108663278148614 0.029114233943444812
164 240 3 0.45945419014399952 0.029243662896784373
165 240 3 0.46752524692128128 0.029403649747235527
166 240 3 0.47528517098874407 0.029612380982469377
167 240 3 0.48269677210949719 0.029872265408888599
168 240 3 0.48969257832989299 0.03014328963504842
169 240 3 0.49619406925272186 0.030356545319695061
170 240 3 0.50215473267091093 0.030535257168105234
171 240 3 0.50753507166279843 0.030687090249784665
172 240 3 0.51229482941044124 0.030816760004166999
173 240 3 0.51638371909956504 0.030849830165059156
174 240 3 0.51979582787206036 0.030797660801211935
175 240 3 0.5225620527745829 0.03071004037337155
176 240 3 0.52472122813732203 0.030624311565780493
177 240 3 0.52630270684592761 0.030544446130138292
178 240 3 0.52733261771487216 0.0304806599656402
179 240 3 0.52783228048567277 0.030444859632874688
180 240 3 0.5278137749143994 0.030444213067879256
181 240 3 0.52727713456777037 0.030478965967493776
182 240 3 0.52621013997016164 0.03054169408376084
183 240 3 0.5245912909343684 0.030619960766843146
184 240 3 0.52239462064537523 0.03070358413833929
185 240 3 0.51959131606132269 0.030789745663936885
186 240 3 0.51614265591465003 0.030841144510445839
187 240 3 0.51201744485967726 0.030807427949812172
188 240 3 0.50722126042845617 0.030676795746015562
189 240 3 0.50180427242411374 0.030523817018254129
190 240 3 0.49580667951160506 0.030343710913559252
191 240 3 0.48926802815387782 0.030128980069522471
192 240 3 0.48223486024515783 0.029856270255910755
193 240 3 0.47478583488226878 0.029594654685750732
194 240 3 0.46698857904350066 0.029384335645476045
195 240 3 0.45888035182681025 0.02922297875768165
196 240 3 0.45047573469603164 0.029092342789898695
197 240 3 0.44178077132369609 0.028978829106424686
198 240 3 0.43280058475399724 0.028872200481117549
199 240 3 0.42354335057518672 0.02876220656727968
200 240 3 0.41402325417019004 0.028638684310881235
201 240 3 0.40426154647897905 0.028492234454866039
202 240 3 0.39428427960378598 0.028313920888326405
203 240 3 0.38411717927846517 0.028096182812039017
204 240 3 0.37377940065846621 0.027834643044873486
205 240 3 0.36327850335824136 0.027529486657004498
206 240 3 0.35260739110074579 0.027185185226999531
207 240 3 0.3417451337951864 0.026808402806323461
208 240 3 0.33066038188008889 0.026405866994685279
209 240 3 0.31931442305568314 0.025983905004503871
210 240 3 0.30766299753312998 0.025549435736996196
211 240 3 0.29565895180810986 0.025110372977462492
212 240 3 0.28325496670774097 0.02467607808663741
213 240 3 0.27040547588917263 0.024259008178305341
214 240 3 0.25707522970521579 0.023872132161376181
215 240 3 0.24326841601839902 0.023508513521078772
216 240 3 0.22904333712720298 0.023124531270993287
217 240 3 0.21445661942857377 0.02266785495042084
218 240 3 0.19942547136179944 0.02217414497763362
219 240 3 0.18366210573664568 0.022550739928800329
220 240 2 0.16111136580784535 0.022322583546582231
222 240 2 0.1437265244246638 0.028856375203742207
224 240 0 0.11487014922092159 0.02110440694662738
232 240 0 0.1003760651625154 0.018757613030701212
240 240 0 0.085542939132416743 0.014833126030098662
248 240 0 0.071498286254545837 0.014044652877870906
256 240 0 0.058707151926104408 0.012791134328441429
264 240 0 0.047371606611371131 0.011335545314733277
272 240 0 0.037563519558311519 0.0098080870530596123
280 240 0 0.029266715450090287 0.008296804108221232
288 240 0 0.022400469295729072 0.0068662461543612142
296 240 0 0.016839165270430063 0.005561304025299009
304 240 0 0.012429845155958684 0.0044093201144713799
312 240 0 0.0090073270541026901 0.0034225181018559935
320 240 0 0.0064064909942190482 0.0026008360598836419
328 240 0 0.0044715255521824279 0.0019349654420366203
336 240 0 0.0030621688312508274 0.0014093567209316005
344 240 0 0.0020572047427735636 0.0010049640884772638
352 240 0 0.0013556530785136683 0.00070155166425989526
360 240 0 0.00087619461931242855 0.00047945845920123974
368 240 0 0.00055539536478952723 0.00032079925452290132
376 240 0 0.00034524885526210505 0.00021014650952742218
384 240 0 0.00021046445783608778 0.00013478439742601727
392 240 0 0.00012581690098306558 8.4647556853022194e-05
400 240 0 7.3759591731832461e-05 5.2057309251233122e-05
408 240 0 4.2406337549831172e-05 3.1353254182001289e-05
416 240 0 2.3910929918668317e-05 1.8495407631162855e-05
424 240 0 1.3223395630512329e-05 1.0687534288155988e-05
432 240 0 7.1730505257945592e-06 6.0503451047177703e-06
440 240 0 3.8169679202186028e-06 3.3560826055759564e-06
448 240 0 1.992656188746177e-06 1.8243117314724258e-06
456 240 0 1.0207069194251875e-06 9.7194926932098955e-07
464 240 0 5.1311098851890419e-07 5.075959309062833e-07
472 240 0 2.532717752451988e-07 2.5983921327370539e-07
480 240 0 1.2300117506477399e-07 1.3027060018042481e-07
488 240 0 5.9325983657998456e-08 6.3675191406775527e-08
496 240 0 2.9664952717940381e-08 2.9661030940058076e-08
504 240 0 1.8067330571536221e-08 1.159762214640416e-08
140 241 3 0.17002682861719606 0.017071911225100461
141 241 3 0.17936548560325305 0.026410568211157448
142 241 3 0.1935840795528328 0.022312540295600314
143 241 3 0.20759730650938366 0.022851214931974534
144 241 3 0.22145774239618141 0.023178494768923308
145 241 3 0.23491966524572169 0.023484079935013474
146 241 3 0.24782637833621685 0.023867058149352027
147 241 3 0.26018223059908091 0.0243194837253774
148 241 3 0.27206493622845579 0.024799276681376659
149 241 3 0.28354117508650234 0.025285529811958807
150 241 3 0.29466954916371918 0.025767068459915943
151 241 3 0.30550787034930549 0.026233307896197655
152 241 3 0.31611003349559502 0.026674683886529993
153 241 3 0.32652298310211997 0.027083035889984453
154 241 3 0.33678792287872084 0.027448570954445528
155 241 3 0.34693589616712001 0.027761221525267665
156 241 3 0.35697930949508827 0.028015712454150465
157 241 3 0.36690774470778187 0.028214933168191292
158 241 3 0.37669266354133346 0.028368294266168714
159 241 3 0.38629455537192764 0.028489599643595209
160 241 3 0.39567331578309872 0.028592898484191276
161 241 3 0.40479601759463368 0.028689823653501922
162 241 3 0.41363932107341539 0.028789433018299837
163 241 3 0.42218767933024431 0.028898953451241827
164 241 3 0.43042961465106433 0.02902457549293519
165 241 3 0.4383530281275963 0.029172218793684979
166 241 3 0.44593921061815373 0.02934596037059034
167 241 3 0.45315629728404988 0.029540474825447305
168 241 3 0.45995761545063751 0.029734962879255478
169 241 3 0.46629051869541333 0.029903550557308534
170 241 3 0.47211027618406154 0.030044456486849391
171 241 3 0.47737751228398373 0.030157559378814702
172 241 3 0.48205653621965805 0.030238293190783194
173 241 3 0.48611710770971228 0.03026661138985276
174 241 3 0.48954951951050668 0.030246308361553675
175 241 3 0.49236374402928612 0.030198308745296776
176 241 3 0.49457868060873711 0.030142547528584918
177 241 3 0.49621344468556333 0.030089262160364283
178 241 3 0.49728552675545645 0.030047090959415712
179 241 3 0.49780876484332354 0.03002351564234923
180 241 3 0.49779087352796786 0.030022901386431544
181 241 3 0.49723184751132038 0.030045287056449987
182 241 3 0.49612392267794142 0.030086217292220219
183 241 3 0.49445322747556281 0.030138063458805597
184 241 3 0.49220236391056549 0.030192256734809741
185 241 3 0.48935240763717963 0.030238908424143063
186 241 3 0.48588451503376678 0.030258140880883244
187 241 3 0.48178860534861828 0.03022883951105898
188 241 3 0.47707423536844645 0.030147025060009713
189 241 3 0.47177155498013668 0.030032717443977064
190 241 3 0.46591621338001377 0.029890466131591298
191 241 3 0.45954759555694041 0.029720432596937407
192 241 3 0.45271046267255893 0.029524397572598893
193 241 3 0.44545752763974233 0.029328307242526441
194 241 3 0.43783553172426848 0.029153047319232184
195 241 3 0.42987636754105035 0.029003984285759898
196 241 3 0.42159871372842328 0.028877020967608358
197 241 3 0.41301459361862169 0.028766177705074392
198 241 3 0.40413539274918298 0.028665192004814266
199 241 3 0.39497657737842978 0.028566773196756934
200 241 3 0.38556143605752319 0.028461818112666848
201 241 3 0.37592287726067192 0.028338669218307133
202 241 3 0.36610100925530081 0.028183270348485168
203 241 3 0.35613535538472874 0.027981823893736435
204 241 3 0.34605446737055134 0.027724933287914866
205 241 3 0.33586877775771362 0.027409725600527735
206 241 3 0.32556589834974775 0.027041492750998042
207 241 3 0.31511482626037041 0.026630307534815989
208 241 3 0.30447443609947217 0.026185945780616726
209 241 3 0.29359788363806694 0.025716539417616202
210 241 3 0.28243134843689544 0.025231649096234543
211 241 3 0.27091704792517646 0.024741903882933403
212 241 3 0.2589963958351027 0.024258570872638274
213 241 3 0.24660281711568813 0.023802658773484503
214 241 3 0.23365898187050305 0.023416247834712745
215 241 3 0.22016133625878659 0.023107079759612431
216 241 3 0.20626757781349966 0.02277575931370332
217 241 3 0.19222438974883385 0.022232229679739923
218 241 3 0.17797891996757362 0.026314911238876665
219 241 3 0.16860312084885035 0.016939112120153393
136 242 2 0.13179117840109392 0.015340004702172019
138 242 2 0.1425593153057203 0.020068026542193307
140 242 2 0.1529549173920956 0.021741239718128968
142 242 3 0.17147437560515533 0.022109703947677473
143 242 3 0.18489243778805481 0.023061958206761463
144 242 3 0.19866744172483822 0.022790300671343189
145 242 3 0.21197670976635422 0.022942955479367477
146 242 3 0.22449248022948201 0.023333898106734835
147 242 3 0.23631472709506104 0.023867503504019866
148 242 3 0.24764762293414794 0.024417313294307852
149 242 3 0.25857578023058014 0.024965394855922196
150 242 3 0.26916167194483165 0.025507877218887531
151 242 3 0.2794768058650523 0.026031064484253186
152 242 3 0.28958765963271427 0.026522373862880755
153 242 3 0.2995481158298911 0.026974867272228864
154 242 3 0.30941357937962721 0.027374343499093623
155 242 3 0.31923362915354991 0.02771655453802363
156 242 3 0.32903013144916077 0.027949178045927503
157 242 3 0.33878507725301116 0.028122667454770711
158 242 3 0.34845337816561517 0.028239285375718293
159 242 3 0.35797135238285976 0.028323202989067875
160 242 3 0.36727708672395859 0.028396229059140132
161 242 3 0.37632362036527367 0.028472397229360014
162 242 3 0.38508035704427795 0.028558964029137435
163 242 3 0.39352825120145407 0.028659428128790243
164 242 3 0.40165432832946574 0.028775286321598592
165 242 3 0.40944656245213812 0.028906465675458182
166 242 3 0.41688871827259738 0.029050492345556345
167 242 3 0.42395591759137591 0.029200379692673972
168 242 3 0.43061346619445046 0.029344149256187058
169 242 3 0.43682071723133759 0.02946980146407574
170 242 3 0.44253729429270799 0.029572981891353545
171 242 3 0.4477256245131232 0.02965188777086053
172 242 3 0.45235282760290063 0.029703708616757418
173 242 3 0.456393635802261 0.029723471907451282
174 242 3 0.45983540358037089 0.029714115930135787
175 242 3 0.46267792855870371 0.029685815470582411
176 242 3 0.46492888055213671 0.029649800056600395
177 242 3 0.4665989731496808 0.029614471535882536
178 242 3 0.46769908108416608 0.029586445671290373
179 242 3 0.46823802769793638 0.02957073714538716
180 242 3 0.4682207566183611 0.029570116909606758
181 242 3 0.4676472626081204 0.029584584903199984
182 242 3 0.46651258771329296 0.029611334964648461
183 242 3 0.46480791193336135 0.029645315542201456
184 242 3 0.46252241092295987 0.029679952987605618
185 242 3 0.45964544731044815 0.02970696032673148
186 242 3 0.45616937830678206 0.029715136726984726
187 242 3 0.45209436593791652 0.029694239410701762
188 242 3 0.4474329879793455 0.029641247389100955
189 242 3 0.44221045966251321 0.029561095317623465
190 242 3 0.43645963414562799 0.029456579234385771
191 242 3 0.43021808341475271 0.029329512142187708
192 242 3 0.42352619963808308 0.029184263034475855
193 242 3 0.41642465799017575 0.029032869649566584
194 242 3 0.40894817773942538 0.0288873539848431
195 242 3 0.40112164122991573 0.028754726311134626
196 242 3 0.39296126020741146 0.028637453521011824
197 242 3 0.38447901662483003 0.028535576993791667
198 242 3 0.37568783664589223 0.02844755610329075
199 242 3 0.36660673112649333 0.028369846251936448
200 242 3 0.3572662874590693 0.02829514859845389
201 242 3 0.34771348238891042 0.028209394871761495
202 242 3 0.33801025365677279 0.028090755598528028
203 242 3 0.32822029766220046 0.02791505772252828
204 242 3 0.31838870205180136 0.027680017821429537
205 242 3 0.30853347071914355 0.027335307038570067
206 242 3 0.29863272071481789 0.026933177634929861
207 242 3 0.28863689259353331 0.026477933666837095
208 242 3 0.27849069273053295 0.025983743368939216
209 242 3 0.26814041516552345 0.025457468472543487
210 242 3 0.25751967940202092 0.024911669034874517
211 242 3 0.24655693102215595 0.024360116903020507
212 242 3 0.23518951753364065 0.023806878301462053
213 242 3 0.22333263920230589 0.023270177913382234
214 242 3 0.21078237599045849 0.022876605880044559
215 242 3 0.19743995794334535 0.022721378315441243
216 242 3 0.18363470042436172 0.022995517831013806
217 242 3 0.17019179704858323 0.022032592700250625
218 242 2 0.15166400872869695 0.021627011679515029
220 242 2 0.14117639628748835 0.019934969520357004
222 242 2 0.13033828446876883 0.015468135247847237
142 243 3 0.15446966125304104 0.022842503971149009
143 243 3 0.16183047958129335 0.030203322299401314
144 243 3 0.17633888887243043 0.022328552852407785
145 243 3 0.18981954935196041 0.022157160414393806
146 243 3 0.20184090473552893 0.02265157549395308
147 243 3 0.21292206386753437 0.023392663227526672
148 243 3 0.22361736034466151 0.024030262589486429
149 243 3 0.23393189573931514 0.024643884491265006
150 243 3 0.24390082273647487 0.025260849208356778
151 243 3 0.25362339048122523 0.025853415383827072
152 243 3 0.26318620604312165 0.026401453589592616
153 243 3 0.27263595778529703 0.02691215804459407
154 243 3 0.28204958489296128 0.027445265345898473
155 243 3 0.29151707461552628 0.027843975272573596
156 243 3 0.30108190986102251 0.028039947656848085
157 243 3 0.31070570009515647 0.028103705357021724
158 243 3 0.32031833364119011 0.028135044524425057
159 243 3 0.32981161353664185 0.028159738846217919
160 243 3 0.33908865167484969 0.028188435049108895
161 243 3 0.34808705478040641 0.028236565584867257
162 243 3 0.35677379272405985 0.028306564320218108
163 243 3 0.36513180647673232 0.028396444724721748
164 243 3 0.37315175108900533 0.028502577240460403
165 243 3 0.38082683491911512 0.028619727533022998
166 243 3 0.38814773481760573 0.028740983454991653
167 243 3 0.39509773947225868 0.028858178119117228
168 243 3 0.40165027962862349 0.02896318656582697
169 243 3 0.40777049645503055 0.029050220776307034
170 243 3 0.41341984628192913 0.029117448010778868
171 243 3 0.4185606805851555 0.029164943927967701
172 243 3 0.42316001887689103 0.0291928087260096
173 243 3 0.42719256333423467 0.029201072468026334
174 243 3 0.43064291275837241 0.029192490821998485
175 243 3 0.43350526096810571 0.029172667590598
176 243 3 0.43578087447209696 0.029148006080039757
177 243 3 0.43747494458866582 0.029124028561014981
178 243 3 0.43859393972521776 0.029105141358948317
179 243 3 0.43914349434994304 0.029094533347993334
180 243 3 0.43912684887106374 0.029093907747297365
181 243 3 0.43854400194808285 0.029103260660037544
182 243 3 0.43739171250483883 0.029120875208454133
183 243 3 0.43566435687149896 0.029143555061862392
184 243 3 0.43335549608388685 0.029166914839073022
185 243 3 0.43045997513910572 0.02918547217134243
186 243 3 0.42697654400903856 0.029192834297743497
187 243 3 0.42291099652013514 0.02918336941778138
188 243 3 0.41827870618064211 0.029154281798703385
189 243 3 0.41310494597642111 0.029105513686092099
190 243 3 0.40742268284901972 0.029036951296608271
191 243 3 0.40126956381024786 0.028948519604504841
192 243 3 0.39468413777901151 0.028842061859071566
193 243 3 0.38770126956276824 0.028723388427407515
194 243 3 0.38034752755586004 0.028600650183565335
195 243 3 0.3726396103549604 0.028482030874955322
196 243 3 0.36458681728006587 0.028374442927345589
197 243 3 0.35619591135359502 0.02828310527123501
198 243 3 0.34747621506741494 0.028211621578477286
199 243 3 0.33844478650537163 0.028161944621121704
200 243 3 0.3291346903177354 0.028131597141333897
201 243 3 0.31960838653403667 0.028105095854873752
202 243 3 0.30996282719352053 0.028071940881288004
203 243 3 0.3003062311702302 0.028005958710795642
204 243 3 0.29070868423037183 0.027807593065230674
205 243 3 0.281208559448891 0.027406243121111395
206 243 3 0.2717622746347822 0.026870446080035693
207 243 3 0.26227978507781768 0.026357107515715628
208 243 3 0.25268432235345151 0.025806370377081445
209 243 3 0.24292959580832182 0.025210819357201625
210 243 3 0.23292918245110339 0.024590496950917529
211 243 3 0.22258369955718707 0.02397323146496888
212 243 3 0.21185749432734013 0.023332023206300512
213 243 3 0.2007445381849543 0.022588101017351592
214 243 3 0.18869010624899721 0.022092269741461279
215 243 3 0.17517730422416594 0.022262653719179404
216 243 3 0.16063918259334792 0.030135935631730809
217 243 3 0.15324753217993262 0.022744285218315508
136 244 1 0.12291040781296789 0.016250586460199598
140 244 1 0.13162715728189203 0.024967335929123743
144 244 3 0.15504028175632795 0.023413124474435915
145 244 3 0.16912013996035313 0.020699409391607276
146 244 3 0.18012461870372259 0.021716286031806337
147 244 3 0.18990726004111005 0.023283382682162623
148 244 3 0.1999568627074142 0.023660497637247313
149 244 3 0.20961973340542683 0.024312162333888304
150 244 3 0.21886965002854233 0.025031172707932536
151 244 3 0.22791031449061241 0.025713075990612816
152 244 3 0.23687571601098747 0.026310490032134176
153 244 3 0.24573516611943313 0.026927747083721781
154 244 3 0.25460431954706281 0.02766463631899177
155 244 3 0.26367309934295269 0.028166353563142843
156 244 3 0.27304196220417443 0.028256049057045429
157 244 3 0.28260199473813474 0.028233747483317806
158 244 3 0.29226444596281703 0.02805388767837308
159 244 3 0.3018272401129225 0.027984373423719344
160 244 3 0.31113535556804806 0.027953296106801639
161 244 3 0.32011611605284579 0.027970938727560624
162 244 3 0.32874745915192988 0.028026333572129969
163 244 3 0.3370225744159982 0.028109232060734124
164 244 3 0.34494091006611899 0.028210841022886346
165 244 3 0.35250599571629382 0.028320839202821302
166 244 3 0.35972027981543203 0.028427455002173696
167 244 3 0.36657769255937378 0.0285200469128849
168 244 3 0.37305822886194362 0.028592050766679866
169 244 3 0.37912822303573129 0.028642273419299258
170 244 3 0.38474639503681252 0.02867345124511661
171 244 3 0.38987125838961584 0.02868942219553966
172 244 3 0.39446672705559405 0.028693291821296985
173 244 3 0.39850526629886041 0.02868729703537426
174 244 3 0.40196902517790495 0.028673887580467461
175 244 3 0.40484911765034221 0.028656143317763505
176 244 3 0.40714355441991817 0.028637320052178783
177 244 3 0.40885465077122074 0.028620293817445075
178 244 3 0.40998657797163146 0.028607361753586302
179 244 3 0.4105433401282737 0.028600154221669338
180 244 3 0.41052732118673008 0.028599527684333659
181 244 3 0.40993852167305705 0.028605480275025796
182 244 3 0.40877456114453986 0.028617151360298965
183 244 3 0.4070314465342999 0.028632910337199058
184 244 3 0.40470502680821646 0.028650469275670387
185 244 3 0.40179300976468613 0.028666965374419595
186 244 3 0.39829739960538696 0.028679144403651602
187 244 3 0.39422708449619737 0.028683912023937774
188 244 3 0.38959990955139806 0.028678796629244052
189 244 3 0.38444340391587628 0.028661542060544831
190 244 3 0.37879365291693196 0.028629029932087768
191 244 3 0.37269214614861101 0.02857741766163685
192 244 3 0.36618016441834328 0.028503973360668233
193 244 3 0.3592913645869677 0.028409904975800537
194 244 3 0.35204572996483036 0.028301797591029687
195 244 3 0.34444930001700652 0.028190310337953883
196 244 3 0.33649959584456712 0.028087221435498744
197 244 3 0.32819306365594886 0.02800284769764616
198 244 3 0.31953024330824253 0.027945971759172406
199 244 3 0.31051796412456678 0.02792682238080485
200 244 3 0.30117836970187239 0.027956320615863006
201 244 3 0.29158428902407257 0.028024097509964097
202 244 3 0.28189088631223252 0.028202441710261983
203 244 3 0.27230027245943456 0.02822241844111778
204 244 3 0.26290109116514115 0.028130396974019645
205 244 3 0.25380231632777961 0.027625740627584799
206 244 3 0.24490318562814856 0.026885856530286911
207 244 3 0.2360134551628951 0.026266329914922587
208 244 3 0.22701770162406842 0.025666620729383083
209 244 3 0.21794767283620334 0.024981922972118487
210 244 3 0.208669754513061 0.024259427938042394
211 244 3 0.19898007292510253 0.02360362663208454
212 244 3 0.18890408971201753 0.023219942302322855
213 244 3 0.17909286869217411 0.02165166949278019
214 244 3 0.16805450516949133 0.020635601079505878
215 244 3 0.15394200752550855 0.023438760563891436
216 244 1 0.13050324696161711 0.024814330368702175
220 244 1 0.12163781983186374 0.015948903238948806
144 245 3 0.1430830214002706 0.011957260356057348
145 245 3 0.15150028520195 0.017619854758403136
146 245 3 0.15963128173609126 0.020493336967631337
147 245 3 0.16662387735894743 0.026340757862564124
148 245 3 0.17667867294214284 0.023278189765271351
149 245 3 0.18571339861282934 0.023906334792597489
150 245 3 0.19403801281173794 0.024831637216804398
151 245 3 0.2022602510462434 0.025829110246003151
152 245 3 0.21065641253705181 0.026219303473935668
153 245 3 0.21880741903571135 0.026927747083721781
154 245 3 0.22693968322807104 0.028111470587309562
155 245 3 0.23550674577980985 0.028892899694411667
156 245 3 0.244785913147129 0.028576263787805783
157 245 3 0.25436824725481694 0.028582777581282637
158 245 3 0.2642798700162361 0.027984575946580936
159 245 3 0.27406450464429832 0.027762735468624178
160 245 3 0.28347374850697532 0.027661607061072735
161 245 3 0.29245639455530958 0.027659721497536205
162 245 3 0.30103671651561653 0.027710742636313346
163 245 3 0.30922714800185652 0.027795426414141677
164 245 3 0.31703810807885124 0.027902801987267745
165 245 3 0.32448860941045604 0.028017386305837777
166 245 3 0.33160030864604723 0.028119971169384805
167 245 3 0.33838319637600928 0.028194496183364504
168 245 3 0.34482356271009007 0.028234666151853549
169 245 3 0.35088289834811398 0.028245324687617313
170 245 3 0.35650979053819415 0.028236604498618367
171 245 3 0.36165331962223546 0.028217938767380379
172 245 3 0.36627115326759013 0.028195573788003914
173 245 3 0.37033239505878029 0.028172871240080111
174 245 3 0.37381746821469264 0.02815155696321231
175 245 3 0.37671647747489601 0.0281326401754462
176 245 3 0.37902677045562616 0.028116783964292014
177 245 3 0.38075023434709321 0.028104416424127532
178 245 3 0.38189076523703935 0.028095812734592107
179 245 3 0.38245218873404846 0.028091151394225244
180 245 3 0.38243679489277871 0.028090526293951368
181 245 3 0.38184458363664087 0.028093938036416188
182 245 3 0.3806732674614553 0.028101293683084561
183 245 3 0.37891903034924385 0.028112416185056055
184 245 3 0.37657799354418964 0.028127033264026824
185 245 3 0.37364829070215572 0.02814471906253041
186 245 3 0.37013259211518945 0.028164807490197508
187 245 3 0.36604080479459888 0.028186279701598482
188 245 3 0.36139251335746797 0.02820739619393009
189 245 3 0.35621862322285353 0.028224780693022755
190 245 3 0.35056147989278169 0.028232173024150264
191 245 3 0.34447201695556562 0.028220129193045396
192 245 3 0.33800165066828258 0.028178513750060696
193 245 3 0.33118887004503222 0.028102494541935474
194 245 3 0.3240473378714292 0.027998392093401159
195 245 3 0.31656700710820679 0.027882292908799733
196 245 3 0.30872617761862492 0.027773418225942204
197 245 3 0.30050581099308882 0.02768725266286004
198 245 3 0.29189546822374779 0.027634775084494745
199 245 3 0.28288272287460647 0.027635241249960307
200 245 3 0.27344341986796994 0.027734949833902456
201 245 3 0.26362908663626061 0.027955202387811962
202 245 3 0.25368844460197054 0.028552345183368744
203 245 3 0.24407785401831678 0.02854301580249699
204 245 3 0.23477069419112151 0.028858006089789695
205 245 3 0.22617657570019481 0.02807278205033667
206 245 3 0.21801732909786165 0.026885856530286911
207 245 3 0.20983826173216796 0.026175193430727134
208 245 3 0.20141297725598228 0.025786097666459312
209 245 3 0.19316378741274032 0.02478388542346302
210 245 3 0.18481482096311744 0.023854933549943558
211 245 3 0.17575817395626128 0.023221898968841248
212 245 3 0.16568414740969467 0.026274470432622515
213 245 3 0.15866928733088559 0.020423581361288523
214 245 3 0.15049703762424488 0.017557467545246452
215 245 3 0.14204086430112095 0.011901143224387595
144 246 2 0.13417573707532846 0.016619488713627256
146 246 2 0.14028311949638331 0.022844460051136023
148 246 3 0.15442257727937833 0.022256095662764513
149 246 3 0.16251667769779429 0.023196720915035052
150 246 3 0.16930592719989651 0.025064029535096233
151 246 3 0.17643114080024025 0.026945514828991463
152 246 3 0.18467479219775226 0.025981620339299544
153 246 3 0.19188865944737934 0.026918759588332009
154 246 3 0.19882821264076148 0.028961770002627257
155 246 3 0.20661384608539818 0.030709470888185098
156 246 3 0.21620964935932321 0.028576263787805783
157 246 3 0.2257854696735343 0.029633019345136402
158 246 3 0.23639975332847596 0.027880116687760137
159 246 3 0.2466518772662474 0.027412627378050919
160 246 3 0.25621080636738786 0.027262942139587465
161 246 3 0.26516853256984207 0.02728786198546751
162 246 3 0.27368298029825722 0.027353736217359315
163 246 3 0.28177599845790291 0.027451149543953612
164 246 3 0.28945836612768588 0.02757974195116536
165 246 3 0.29677052356323841 0.027718085847217633
166 246 3 0.30376763982596611 0.027832668820081119
167 246 3 0.31048779768782292 0.027895398688186357
168 246 3 0.31692468529606854 0.027898877414021528
169 246 3 0.32302306456184121 0.02785983378627277
170 246 3 0.32870800784566662 0.027801782692527532
171 246 3 0.33391108230878785 0.027742237313447604
172 246 3 0.3385808725788933 0.027690280688696833
173 246 3 0.34268324550150608 0.027649149557274211
174 246 3 0.34619854206477035 0.027618926149922285
175 246 3 0.34911829922008436 0.027598178254811645
176 246 3 0.3514419055545463 0.027584864901079864
177 246 3 0.35317335032008701 0.027576884027006199
178 246 3 0.3543183327116799 0.027572432525359458
179 246 3 0.35488196383619319 0.027570224897855267
180 246 3 0.3548671937793324 0.027569601113446307
181 246 3 0.35427401913822432 0.02757056449841655
182 246 3 0.35309948704983618 0.02757378041161912
183 246 3 0.35133849381083004 0.027580536538413802
184 246 3 0.34898535885142251 0.027592634692767126
185 246 3 0.34603611795236344 0.027612172749792274
186 246 3 0.34249140663340449 0.027641185481784958
187 246 3 0.33835970705999574 0.027681097734603144
188 246 3 0.33366069464758069 0.027731818709887279
189 246 3 0.32842852314446486 0.027790100078388669
190 246 3 0.32271463837894948 0.02784684151383221
191 246 3 0.31658750912290634 0.027884507832659278
192 246 3 0.31012208263034086 0.027879568037941727
193 246 3 0.30337356825759115 0.027815301787441071
194 246 3 0.29634818791235423 0.027699149959074965
195 246 3 0.2890077539048489 0.027559253203357892
196 246 3 0.28129703581412946 0.02742914180449546
197 246 3 0.27317557796359632 0.027330233029492501
198 246 3 0.26463255195333646 0.02726291627041133
199 246 3 0.25564601997590852 0.027236702898697951
200 246 3 0.24605812344209829 0.027385296425871647
201 246 3 0.23577756189243884 0.027851524743821771
202 246 3 0.2251360994186018 0.02960445741776685
203 246 3 0.21553483821581979 0.02854301580249699
204 246 3 0.20591268810133181 0.030677814137149456
205 246 3 0.19810379364985814 0.02892365850278325
206 246 3 0.19114139805800448 0.026875931039857165
207 246 3 0.18390166599930385 0.025936595732864109
208 246 3 0.17562687958952297 0.026908844858574532
209 246 3 0.16847669190571721 0.025023660999942104
210 246 3 0.16166690090779853 0.023147920055318905
211 246 3 0.15355550138784682 0.022202672568414461
212 246 2 0.13940967697707216 0.022767040393217974
214 246 2 0.13323233383026722 0.016430528270490255
148 247 3 0.13822001039861989 0.020663762036918693
149 247 3 0.14063072283921424 0.023074474477513041
150 247 3 0.14424189766480028 0.026685649303099079
151 247 3 0.14948562597124879 0.031929377609547588
152 247 3 0.15972269357126601 0.024952098626486258
153 247 3 0.16524193729851719 0.026646722148862156
154 247 3 0.16986644263813422 0.030371379477627303
155 247 3 0.17590437519721308 0.036409312036706165
156 247 3 0.18764427695138519 0.028565372407938022
157 247 3 0.1961524503283979 0.033842973352427586
158 247 3 0.20886703857530908 0.027532714753166876
159 247 3 0.21991480597463786 0.026737071291609543
160 247 3 0.22952873931767256 0.026682067049715291
161 247 3 0.23830109954120265 0.02686743302863942
162 247 3 0.24672542617447349 0.026957554123783728
163 247 3 0.25470797171189147 0.027068026746011442
164 247 3 0.26221914140278529 0.02723922472490059
165 247 3 0.26933572445944665 0.027434799103791763
166 247 3 0.27617820231308265 0.027589437512883452
167 247 3 0.28284004777808708 0.027647749909735841
168 247 3 0.28932688044210669 0.027597804853961849
169 247 3 0.2955375121008843 0.027485552460956908
170 247 3 0.30134733672647263 0.027360671119193991
171 247 3 0.30665990471225868 0.027251177596529175
172 247 3 0.31141446726097954 0.027166405317913755
173 247 3 0.3155764721154305 0.027106773386075589
174 247 3 0.31912946173928153 0.027069080325488826
175 247 3 0.32206975202455618 0.027048547195528183
176 247 3 0.32440202370482901 0.027039881849717284
177 247 3 0.3261352577271977 0.027038092592889307
178 247 3 0.32727925284712878 0.027039079864551119
179 247 3 0.32784197717542224 0.027039986660770954
180 247 3 0.32782783245931635 0.027039361320016053
181 247 3 0.3272368079187013 0.027037211219523016
182 247 3 0.32606448750579003 0.027034999544046145
183 247 3 0.32430290724786753 0.02703558656296251
184 247 3 0.32194229309113254 0.027043065760289975
185 247 3 0.31897370061565788 0.027062417336705558
186 247 3 0.3153924834355421 0.02709892319786239
187 247 3 0.31120234984581352 0.027157357214182221
188 247 3 0.30641977543645621 0.027240919211124481
189 247 3 0.3010793389722593 0.027349184172205554
190 247 3 0.29524184138748283 0.027472796991466653
191 247 3 0.28900381204291581 0.027583697079990532
192 247 3 0.28248992474103246 0.027632157889308395
193 247 3 0.27580134336782547 0.027572224889765684
194 247 3 0.2689322692560876 0.027415918656266636
195 247 3 0.26178901758604028 0.027218736318808612
196 247 3 0.25425102522836251 0.027046010585766944
197 247 3 0.2462415776492935 0.026934000314302819
198 247 3 0.23779019652520952 0.026842355428126935
199 247 3 0.2289902499795205 0.026655769996388023
200 247 3 0.21934774045214261 0.026710382989955678
201 247 3 0.20827205776786151 0.027505504124577335
202 247 3 0.19553164200083495 0.03382040354529145
203 247 3 0.1870034781280962 0.028531360087723584
204 247 3 0.17523487396418236 0.036389728629383111
205 247 3 0.16918013514707489 0.030334989812275642
206 247 3 0.16454036178630854 0.026601036271695938
207 247 3 0.15899968968818742 0.024901976311116431
208 247 3 0.14871803473094844 0.03191622917117147
209 247 3 0.1434530309057751 0.026651225345998134
210 247 3 0.13982630909039359 0.023024503530616622
211 247 3 0.13739522204477631 0.020593416484999336
0 248 0 0.0020218062970990477 0.00036491839852420375
8 248 0 0.0023608713367706696 0.00070685272557275639
16 248 0 0.003067724062343426 0.0011311463411977454
24 248 0 0.0041988704035411713 0.0016376701948238176
32 248 0 0.0058365405983649889 0.0022486466473999323
40 248 0 0.0080851872457649212 0.002980952757227269
48 248 0 0.01106614000299219 0.0038438787347539246
56 248 0 0.014910018737746115 0.0048365611977265986
64 248 0 0.019746579935472713 0.0059452038236669502
72 248 0 0.025691783759139664 0.0071401895879348101
80 248 0 0.032831973347074474 0.0083731200395628785
88 248 0 0.041205093386637352 0.0095736127711706712
96 248 0 0.050778706157808023 0.010644921123813676
104 248 0 0.0614236272816217 0.011830247575823384
112 248 0 0.072878539480111693 0.014481565231373936
120 248 0 0.084694692411602046 0.017463441135838753
128 248 0 0.096178336283396226 0.020272837415525671
136 248 0 0.10665982135276829 0.020608961194661671
144 248 0 0.1175562483617012 0.02282896246396357
152 248 1 0.13949506316050692 0.028188799015775701
156 248 2 0.16230947697597031 0.029588886663921232
158 248 3 0.18299404461317728 0.025872993962131802
159 248 3 0.19460136826980751 0.025313437704830355
160 248 3 0.20367534273746393 0.025853396580208632
161 248 3 0.21176633040841844 0.026877367218744203
162 248 3 0.22019191406119637 0.026533512113277119
163 248 3 0.22809133560457689 0.026616636107314573
164 248 3 0.2353524035857677 0.026866737817017594
165 248 3 0.24215092694743159 0.027184797512015052
166 248 3 0.24874336709599898 0.027456828118063686
167 248 3 0.25533940558566259 0.027560992215337948
168 248 3 0.26197554637797732 0.027351334064129373
169 248 3 0.26842128918978797 0.027116222911096333
170 248 3 0.27445080994959664 0.026896526776875984
171 248 3 0.27993212475104762 0.026727779961211062
172 248 3 0.284804672613861 0.026609794647118545
173 248 3 0.28904159368669424 0.026534878428736253
174 248 3 0.29263495784904275 0.026494503890238774
175 248 3 0.2955902696067636 0.026479482417792577
176 248 3 0.29792156521821489 0.026480458486614122
177 248 3 0.29964629727133524 0.026488960455862465
178 248 3 0.30078100982977485 0.026498243017353929
179 248 3 0.30133826151085902 0.026503715664563221
180 248 3 0.30132475064505237 0.026503081814263973
181 248 3 0.30074045178818121 0.026496356130520093
182 248 3 0.29957862955672709 0.026485857949062941
183 248 3 0.29782672404099053 0.026476183206877002
184 248 3 0.29546823066527772 0.026474062425854816
185 248 3 0.29248575884784578 0.026487941767812107
186 248 3 0.28886532488067057 0.026527158554871533
187 248 3 0.28460144946668486 0.026600900379128656
188 248 3 0.27970206782325768 0.026717707613198527
189 248 3 0.27419405504009636 0.02688528393216294
190 248 3 0.26813804394623003 0.027103797441252797
191 248 3 0.26166618167302574 0.027337630369890065
192 248 3 0.25500448840923262 0.027546474482537719
193 248 3 0.24838350722991284 0.02744013412906407
194 248 3 0.24176634403610689 0.027165925219980708
195 248 3 0.23494283479139064 0.026846182794649648
196 248 3 0.22765638984506764 0.026594635383294873
197 248 3 0.21973166909499464 0.026509908554298856
198 248 3 0.21128092567925164 0.026851236523985855
199 248 3 0.20316402008201337 0.02582622989750713
200 248 3 0.19406019965448806 0.025287540797654551
201 248 3 0.18242404456494052 0.025848013202920989
202 248 2 0.1617112384555435 0.029556321608922076
204 248 1 0.13884514533479925 0.02814361981163907
208 248 0 0.11680180555977697 0.022671294435129594
216 248 0 0.10568891659291493 0.020381616803825497
224 248 0 0.094986391324842587 0.019883757896079005
232 248 0 0.08336113510786565 0.017014930054649754
240 248 0 0.071498286254545823 0.01404465287787092
248 248 0 0.060072567131455694 0.011425719123090143
256 248 0 0.049514925853258583 0.010557641278197111
264 248 0 0.040065386773050209 0.0094495390802083745
272 248 0 0.031833749877769303 0.0082316368952809055
280 248 0 0.024837711909301827 0.0069960379684674764
288 248 0 0.019028858257940408 0.0058088536513614189
296 248 0 0.014313229591417212 0.0047156286665231955
304 248 0 0.010568659278303742 0.0037445703131134701
312 248 0 0.0076592872278973467 0.0029093720504063956
320 248 0 0.0054471887266959789 0.0022120985012013678
328 248 0 0.0038010674665626726 0.0016461212601333063
336 248 0 0.0026021220728397673 0.0011989453937229053
344 248 0 0.0017473757948839115 0.00085474627795585579
352 248 0 0.0011509004273209463 0.00059647536756296526
360 248 0 0.00074344216161483379 0.00040745826570611247
368 248 0 0.00047096529463579227 0.00027247686697904152
376 248 0 0.00029258100886124874 0.00017838428577454353
384 248 0 0.00017824229608132556 0.00011433871277992318
392 248 0 0.00010648366867878185 7.1758627402543709e-05
400 248 0 6.2383667099987273e-05 4.4100001578794578e-05
408 248 0 3.5841806260479839e-05 2.6541860839507434e-05
416 248 0 2.0195856869182432e-05 1.5645949391297407e-05
424 248 0 1.1161351410923239e-05 9.0345054582591935e-06
432 248 0 6.0504542293589698e-06 5.1108971815642691e-06
440 248 0 3.2174815312170083e-06 2.8329726981419615e-06
448 248 0 1.6785999367127662e-06 1.538881594504242e-06
456 248 0 8.5928543963569684e-07 8.1931449707706941e-07
464 248 0 4.3169177708571302e-07 4.2759366254998382e-07
472 248 0 2.1295087400041407e-07 2.1874090308529895e-07
480 248 0 1.0335557182684742e-07 1.0959530217356665e-07
488 248 0 4.9819118682390014e-08 5.3536453144457405e-08
496 248 0 2.4894514397742488e-08 2.4924604284647526e-08
504 248 0 1.5152789614474231e-08 9.7417247832682575e-09
158 249 3 0.16619837365693366 0.018521789060829214
159 249 3 0.1718181025244794 0.024141517928374961
160 249 3 0.17879920468318364 0.024876138054280295
161 249 3 0.18488896318967424 0.030073402593878584
162 249 3 0.19417419653609996 0.026017717525096407
163 249 3 0.2021004661438669 0.025990869460709998
164 249 3 0.20893358163545148 0.026418821950316224
165 249 3 0.21515567164337029 0.0269952553040613
166 249 3 0.22128653897793529 0.027828607728621946
167 249 3 0.22777841337032464 0.028095796529322564
168 249 3 0.2347924993988125 0.027183046979164821
169 249 3 0.24169736793531929 0.02672392125446868
170 249 3 0.24807687554556329 0.02637393440403335
171 249 3 0.25378595803473181 0.026146166716315811
172 249 3 0.25880198100847435 0.026002691605386652
173 249 3 0.26312055599145262 0.025921037695241622
174 249 3 0.26674777766985691 0.025887180179185842
175 249 3 0.2697032405830399 0.025887029023723696
176 249 3 0.27201544810696188 0.025906117111253013
177 249 3 0.2737146445307157 0.025931652740619537
178 249 3 0.27482719158154267 0.025953818248232174
179 249 3 0.27537210973435983 0.025966151776499191
180 249 3 0.2753592555031657 0.025965495141886674
181 249 3 0.27478857490866887 0.025951876879512337
182 249 3 0.27365012964204732 0.02592849991467977
183 249 3 0.27192488744178211 0.025901836599208417
184 249 3 0.26958655909543694 0.025881671569840781
185 249 3 0.26660501976433937 0.02588073908350641
186 249 3 0.26295185469767668 0.025913470182993892
187 249 3 0.2586074883298719 0.02599396113681296
188 249 3 0.25356578782605294 0.026136279997204748
189 249 3 0.2478310991374241 0.026362955902672264
190 249 3 0.24142611347214535 0.026711930474084683
191 249 3 0.23449620030604879 0.027169981366976959
192 249 3 0.2274580139266949 0.028082701934741494
193 249 3 0.22094337310084877 0.027812402482728205
194 249 3 0.21479013130237451 0.02697621273373238
195 249 3 0.20854485894724684 0.026397975844143801
196 249 3 0.20168733534451833 0.025969054500549316
197 249 3 0.19373729908058232 0.025994370014412321
198 249 3 0.18442968915526578 0.030048699268906326
199 249 3 0.17831884159927153 0.024845178482741842
200 249 3 0.17130166979490707 0.024123672248466593
201 249 3 0.16565260143943633 0.01847460389299585
156 250 2 0.14327170484592369 0.019621769918267543
158 250 2 0.14767658459610444 0.024026649668448294
160 250 2 0.15481556059579565 0.02702852334063327
162 250 3 0.16951228418057809 0.02466191235552187
163 250 3 0.17719736898438704 0.024903097159479859
164 250 3 0.18311848305052916 0.025815098584922314
165 250 3 0.18824258798670171 0.027005927409928576
166 250 3 0.19345793124931335 0.028841018264934959
167 250 3 0.19968261684100208 0.029897416351285511
168 250 3 0.20770411312247508 0.027088386276337417
169 250 3 0.21548231722635366 0.026215050708965626
170 250 3 0.22235508826859848 0.025721787276964808
171 250 3 0.22831297181627686 0.025472986218454952
172 250 3 0.23347545050554031 0.025326530502934042
173 250 3 0.23786837133184366 0.025252184659608962
174 250 3 0.24150883547535151 0.025238942194505398
175 250 3 0.24443511316649108 0.025268127416548825
176 250 3 0.24669733500086161 0.025318113106100271
177 250 3 0.24834415212758854 0.025370492403127165
178 250 3 0.24941519535165399 0.025411996229888684
179 250 3 0.24993776442809854 0.025434345306261291
180 250 3 0.24992561780504335 0.025433637698122347
181 250 3 0.24937864675234847 0.025409928156320399
182 250 3 0.24828292235132948 0.025367207290717841
183 250 3 0.24661110822196916 0.025313779219812954
184 250 3 0.24432371646185483 0.025262842633582111
185 250 3 0.24137235059729717 0.025232669167042199
186 250 3 0.23770704355993386 0.025244811137742823
187 250 3 0.23328952529075578 0.025317963039116126
188 250 3 0.22810256039811147 0.025463227427941465
189 250 3 0.22212009781258116 0.025711001324842941
190 250 3 0.2152225475290411 0.026203565943104246
191 250 3 0.20741985436900534 0.027076345937043445
192 250 3 0.19937531199195341 0.029887812641724187
193 250 3 0.19313097061812057 0.028825743643343504
194 250 3 0.1878967940408722 0.026984160628895137
195 250 3 0.18275172048114507 0.025793138466101762
196 250 3 0.17680529133763465 0.02488204400688368
197 250 3 0.16909721447152254 0.024640084609059781
198 250 2 0.15438098988635945 0.026993275490909185
200 250 2 0.14717799754644048 0.024002369692292247
202 250 2 0.14271663249222868 0.01954100463808045
162 251 3 0.15186566666736812 0.0227820779230542
163 251 3 0.15405974432473893 0.024976155580425013
164 251 3 0.15810022896320416 0.025018254087324998
165 251 3 0.16123666057677313 0.0272439060729886
166 251 3 0.16461691298437839 0.030624158480593855
167 251 3 0.16978520048971657 0.035792445985932037
168 251 3 0.18085197117376164 0.026852141948713437
169 251 3 0.19016347940908954 0.025318837817264128
170 251 3 0.19753704642987954 0.024818041838718941
171 251 3 0.2036225805811358 0.024690391235141051
172 251 3 0.20890422156827468 0.024571228937265627
173 251 3 0.2133531548665992 0.02451521646524446
174 251 3 0.21696756853622515 0.024541266939126366
175 251 3 0.2198137066466917 0.024621406519799383
176 251 3 0.22197665304742681 0.024720681953434798
177 251 3 0.22353099327547066 0.024813158852117878
178 251 3 0.22453292698577024 0.024882268365883753
179 251 3 0.22501923587594033 0.024918528552158203
180 251 3 0.22500790229909559 0.024917715505947763
181 251 3 0.2244987157019675 0.024879931050380971
182 251 3 0.22347334759011531 0.024809574761214176
183 251 3 0.22189490905529857 0.024716199166670588
184 251 3 0.21970748152064093 0.024616234941213899
185 251 3 0.21683707236275523 0.024535278234541935
186 251 3 0.21319890840587405 0.024508135154059807
187 251 3 0.20872669791911488 0.024562827371640894
188 251 3 0.20342195791438211 0.024680602483729358
189 251 3 0.19731297054265329 0.02480712726992787
190 251 3 0.18991482331802509 0.025307724211016014
191 251 3 0.18057821890664452 0.026841635462360819
192 251 3 0.16948749935022922 0.035792920093524888
193 251 3 0.16430522697477706 0.030610647718072731
194 251 3 0.16091263341197706 0.027218054155272731
195 251 3 0.15775965061159841 0.024992069869546663
196 251 3 0.15368626510535915 0.02496720473583422
197 251 3 0.15146879196497992 0.022749731595454986
152 252 1 0.12014522605261256 0.019988044125823348
156 252 1 0.12364993492765615 0.023492753000866937
160 252 1 0.12908358874431392 0.024805544301610666
164 252 1 0.13399275450378453 0.029441996249733537
168 252 3 0.1557554686457491 0.025096502528012543
169 252 3 0.16678036561101373 0.023383113798075811
170 252 3 0.17400276128578801 0.023534285144091532
171 252 3 0.17973010510064566 0.023892475480490144
172 252 3 0.18515824571798625 0.023745975850288426
173 252 3 0.18966375770105073 0.023689397165548465
174 252 3 0.19318486289709536 0.023782705639129792
175 252 3 0.19586497718525972 0.023948729461431978
176 252 3 0.1978534523850497 0.024123200662377109
177 252 3 0.19925867554444548 0.024272317731025173
178 252 3 0.20015443175432765 0.024378495231442587
179 252 3 0.20058635578714923 0.024432880088791104
180 252 3 0.20057604232153073 0.024431859977564863
181 252 3 0.20012310387683918 0.024375611825128318
182 252 3 0.19920525976037712 0.024268087829738189
183 252 3 0.19777654794127714 0.024118361114021436
184 252 3 0.19576367914553225 0.02394380237510868
185 252 3 0.19305979183129579 0.023777280531459444
186 252 3 0.18951606820508662 0.023682840200787425
187 252 3 0.18498888573034358 0.023737812188771301
188 252 3 0.17953955687174339 0.023882401042638723
189 252 3 0.1737906490073706 0.023522321535282692
190 252 3 0.16654325043661691 0.023371572881408176
191 252 3 0.15549097471718162 0.025087244189462898
192 252 1 0.13369457925670433 0.029421673330441128
196 252 1 0.12871906036952493 0.024760198841239561
200 252 1 0.12317562785414823 0.023450558465534732
204 252 1 0.11956839272942886 0.019843323340815358
168 253 3 0.14140408194580392 0.014351386699945179
169 253 3 0.14720398404405774 0.019576381566955986
170 253 3 0.15196574118110559 0.02203702010468242
171 253 3 0.15613744576968372 0.02561040854312191
172 253 3 0.16233399669418574 0.022824249023800508
173 253 3 0.16695660644897217 0.022707151252078561
174 253 3 0.17024000083241364 0.022944862064681715
175 253 3 0.17260398617727951 0.023260991007980208
176 253 3 0.17430904197347677 0.02354441041157293
177 253 3 0.17549096442195905 0.023767711122486435
178 253 3 0.17623465209515174 0.02391977965917591
179 253 3 0.17659046982551072 0.023995885961638513
180 253 3 0.17658156041370621 0.023994481907824522
181 253 3 0.17620727026770211 0.023915833609137072
182 253 3 0.1754431604671926 0.023762099293184513
183 253 3 0.17423785432905728 0.023538693612219858
184 253 3 0.17250695745552161 0.02325672169001064
185 253 3 0.17011915371464997 0.022940638116645817
186 253 3 0.16681447042130901 0.022701597783777616
187 253 3 0.16217225372597124 0.022816632004372339
188 253 3 0.15595727440600504 0.025601916380925183
189 253 3 0.15176894850085748 0.022021700506513114
190 253 3 0.146980690928525 0.019562559508091909
191 253 3 0.14115503910114277 0.014335935616038853
168 254 2 0.1286753543134076 0.0227390624243618
170 254 2 0.13052703722656181 0.024590745337516012
172 254 3 0.14108906404774479 0.02124493264644095
173 254 3 0.14559275699147597 0.021363849457496198
174 254 3 0.14821771510695914 0.022022285725454505
175 254 3 0.15000442714256887 0.022599559034710642
176 254 3 0.15128978504187043 0.023019256931606336
177 254 3 0.15216317210966135 0.023327792312297702
178 254 3 0.15270421307965021 0.023530439015501531
179 254 3 0.15296067681997635 0.023629793005534361
180 254 3 0.15295382171001151 0.023627738703694695
181 254 3 0.15268271659817398 0.023524553669528131
182 254 3 0.15212392291365864 0.023319237553533961
183 254 3 0.15122674298555128 0.023011111343506002
184 254 3 0.14990960498853062 0.022597352466990989
185 254 3 0.14809851187653603 0.022020641838113947
186 254 3 0.14545443253709653 0.021360037884212479
187 254 3 0.14093369077809037 0.021238562947880874
188 254 2 0.13035535802507986 0.02455471729154754
190 254 2 0.12846503519357175 0.022664394460039428
172 255 3 0.1259136617719164 0.019977369882870605
173 255 3 0.12611758436266979 0.020181292473623991
174 255 3 0.12704288148175219 0.021174833625206946
175 255 3 0.1279149237625245 0.022089503380044367
176 255 3 0.12869083362919748 0.022598951412672957
177 255 3 0.12917581051933971 0.022987361590321637
178 255 3 0.12946627992559917 0.023237933154051038
179 255 3 0.12960205524286925 0.023358621577107108
180 255 3 0.12959818282629748 0.023355638883714031
181 255 3 0.12945377131731267 0.023228945280861307
182 255 3 0.12915113957015403 0.02297278334350461
183 255 3 0.1286438964408716 0.02258284654467968
184 255 3 0.12781486532174532 0.022094739666785296
185 255 3 0.12692000663450725 0.021178505242028772
186 255 3 0.12598093438269431 0.02018029364916199
187 255 3 0.12576384227456883 0.019963201541036507
0 256 0 0.0016788336313967147 0.00034297266570233308
8 256 0 0.0019612092338048047 0.00058868889726779129
16 256 0 0.002549898131072596 0.00094204398396426081
24 256 0 0.0034919421150368568 0.001363714228727476
32 256 0 0.0048556563437643328 0.0018718502870861391
40 256 0 0.006727506630850472 0.0024798205452017594
48 256 0 0.0092073271760522313 0.0031941847842707656
56 256 0 0.012401511960322997 0.0040123755328281916
64 256 0 0.016413887493151189 0.0049202201727369839
72 256 0 0.021334107665888172 0.0058894694383886288
80 256 0 0.027223577104276801 0.0068755005550292583
88 256 0 0.03409907765930606 0.0078153393017673031
96 256 0 0.041914416961073363 0.0088642891967346607
104 256 0 0.050540570910351926 0.010883056371269774
112 256 0 0.059745531639343236 0.013133007840768457
120 256 0 0.069179963859878929 0.015514728551723117
128 256 0 0.078396637813577447 0.01778169846981878
136 256 0 0.086980098600550629 0.01967972275221766
144 256 0 0.094727285897737629 0.02282896246396357
152 256 0 0.10015718192678921 0.021740398563345156
160 256 0 0.10503838469075824 0.026499786933290997
168 256 0 0.1059362918890458 0.022237937418304404
176 256 0 0.10639732398344232 0.022825422200512868
184 256 0 0.10580064073353232 0.022214413647820036
192 256 0 0.10476011812438786 0.026446701688726773
200 256 0 0.099725069388613502 0.021646940903175052
208 256 0 0.094130511124647376 0.022671294435129594
216 256 0 0.086224233360036609 0.019464683232878324
224 256 0 0.077497084022651541 0.017489307302191046
232 256 0 0.068182159563301828 0.015178975544563822
240 256 0 0.058707151926104401 0.012791134328441423
248 256 0 0.049514925853258576 0.010557641278197118
256 256 0 0.040944584173458004 0.0085703416798005791
264 256 0 0.033214883683724904 0.0077297004897331004
272 256 0 0.026441636904346269 0.0067732467793786347
280 256 0 0.020659781673137319 0.0057818552312089502
288 256 0 0.015843674405126122 0.0048161072680111966
296 256 0 0.011925000386320718 0.0039186740188054039
304 256 0 0.0088083477456176156 0.0031166526407031027
312 256 0 0.006384338260459573 0.0024240094851580426
320 256 0 0.0045401601664663846 0.0018441780939931884
328 256 0 0.0031674484005808582 0.0013727117658855264
336 256 0 0.0021676235828489176 0.00099982481773194061
344 256 0 0.001454964795152713 0.00071265878769620461
352 256 0 0.00095781242899448094 0.00049715236615823204
360 256 0 0.0006183584659223793 0.00033945396307210165
368 256 0 0.00039148244683248374 0.00022687601908989556
376 256 0 0.00024304382089991041 0.00014843862593257333
384 256 0 0.000147963006216234 9.5080814683676414e-05
392 256 0 8.833270371908628e-05 5.9630302497147716e-05
400 256 0 5.1713093935311038e-05 3.6619609783775241e-05
408 256 0 2.9689838382731853e-05 2.2023255552579185e-05
416 256 0 1.6717357156102849e-05 1.2972481226629004e-05
424 256 0 9.2323037129082764e-06 7.4850534431945723e-06
432 256 0 5.0011633359421507e-06 4.2311403769661257e-06
440 256 0 2.6576124813279864e-06 2.3435508546141642e-06
448 256 0 1.3855393968638557e-06 1.2720730844641307e-06
456 256 0 7.0877655012482582e-07 6.7676284673902993e-07
464 256 0 3.5583633545813734e-07 3.5294021466668848e-07
472 256 0 1.7541414565067047e-07 1.8042218980746687e-07
480 256 0 8.5080370510976421e-08 9.0333775139694048e-08
488 256 0 4.0982220416153977e-08 4.4098150094822444e-08
496 256 0 2.0463867647550495e-08 2.0518352768603482e-08
504 256 0 1.2447814925766071e-08 8.0160527217844242e-09
0 264 0 0.0013663458436834741 0.00031248778771324052
8 264 0 0.001596846660064174 0.00048055196745442588
16 264 0 0.0020773986275185998 0.00076898170811553731
24 264 0 0.0028463803356341372 0.0011130315787986913
32 264 0 0.0039594119144328284 0.0015272349305862744
40 264 0 0.0054866468450191028 0.0020219766814625253
48 264 0 0.0075086235264816281 0.0026017409934064994
56 264 0 0.010110364519888127 0.003263128365548526
64 264 0 0.013373492885436654 0.003992795014161948
72 264 0 0.017366287899598602 0.0047655306309127843
80 264 0 0.022131818530511386 0.0055427531104968314
88 264 0 0.027674571641008217 0.0064245060182978424
96 264 0 0.033946368326150965 0.0079680486349223978
104 264 0 0.040832986627595672 0.0097075842827562542
112 264 0 0.048144256691970269 0.011601274947372966
120 264 0 0.055613534035382474 0.013566429824496455
128 264 0 0.062917685329272013 0.015478952484305433
136 264 0 0.069724555131235308 0.017255543469315321
144 264 0 0.075710048141024167 0.019017237756713462
152 264 0 0.080383602906214657 0.019773579020574555
160 264 0 0.083863391004627766 0.021174993686130475
168 264 0 0.085461990489788184 0.020474301399257613
176 264 0 0.08594594975855141 0.020451374224890906
184 264 0 0.085351943900553201 0.020448696832979119
192 264 0 0.083640060006285988 0.021120058118101873
200 264 0 0.080042443244960418 0.019682626143653084
208 264 0 0.075248924249439686 0.01888158687520769
216 264 0 0.06914969368608706 0.017074539673949549
224 264 0 0.062244923208690128 0.015252160813961413
232 264 0 0.054872341475146434 0.013309818088155394
240 264 0 0.047371606611371124 0.011335545314733277
248 264 0 0.040065386773050202 0.0094495390802083745
256 264 0 0.033214883683724904 0.0077297004897331004
264 264 0 0.027002117348819406 0.0062127663349054972
272 264 0 0.021532444111591834 0.0054696732372275722
280 264 0 0.016845830912361335 0.0046866131992304993
288 264 0 0.012930816510612789 0.0039150144017485455
296 264 0 0.0097385680085518411 0.0031922485020609483
304 264 0 0.0071958464679894949 0.0025427215405623461
312 264 0 0.0052162316981706246 0.0019796147698188703
320 264 0 0.0037092401854986515 0.0015069915126719731
328 264 0 0.0025871973910512503 0.0011220427944474013
336 264 0 0.0017699282804984019 0.00081726911055284837
344 264 0 0.001187495290307847 0.0005824329901905549
352 264 0 0.0007813254639729791 0.00040616982633486789
360 264 0 0.00050412205128372886 0.00027720341268925024
368 264 0 0.00031895501192913124 0.00018516703935459762
376 264 0 0.00019788207684533091 0.00012107293508380033
384 264 0 0.00012038351177566175 7.7498565069669152e-05
392 264 0 7.181549663020929e-05 4.8568015145452465e-05
400 264 0 4.2012032723438092e-05 2.9803463906771198e-05
408 264 0 2.410203574906635e-05 1.7909996974371742e-05
416 264 0 1.3560772936334029e-05 1.0541262812732321e-05
424 264 0 7.4833784643637981e-06 6.0773944719702309e-06
432 264 0 4.0507058206447593e-06 3.4326726437190388e-06
440 264 0 2.1509271421191852e-06 1.8997786785255742e-06
448 264 0 1.1205481679402197e-06 1.0303789741789654e-06
456 264 0 5.7279931527455133e-07 5.4774885266566841e-07
464 264 0 2.8736190739321904e-07 2.8543740788133229e-07
472 264 0 1.4155759376072231e-07 1.4580431363249673e-07
480 264 0 6.8610241743882762e-08 7.2947352016839549e-08
488 264 0 3.3024707475796401e-08 3.558553426808636e-08
496 264 0 1.6477605088903705e-08 1.6547102386892697e-08
504 264 0 1.0016040448382077e-08 6.4615646405216281e-09
0 272 0 0.0010898396154990092 0.00027650622818446496
8 272 0 0.0012742543067420741 0.00038448079606086152
16 272 0 0.0016587351028029356 0.00061524094695590038
24 272 0 0.002273976049758836 0.00089040054663890467
32 272 0 0.0031643765963977406 0.0012213845809307586
40 272 0 0.0043857611773284993 0.0016161309155452146
48 272 0 0.0060018920928737139 0.0020776338439406194
56 272 0 0.0080795259368143333 0.0026023234128202174
64 272 0 0.010681849349634551 0.0031784402861833976
72 272 0 0.013860289635817948 0.0037846393359893329
80 272 0 0.017644928971807281 0.0044868895587041047
88 272 0 0.0220340616935564 0.0056405099474518168
96 272 0 0.026983846639459033 0.0069625216866919318
104 272 0 0.032399585744232705 0.0084334008833629667
112 272 0 0.038131006715358143 0.010013249976612126
120 272 0 0.043974967576291546 0.011638566459090928
128 272 0 0.049689010822501059 0.013228674506770954
136 272 0 0.055013729225146767 0.014710825906088541
144 272 0 0.059686859742042936 0.016023188398981231
152 272 0 0.063445240613915765 0.016938362292298892
160 272 0 0.066174873288522201 0.017688517716105565
168 272 0 0.0676913887339856 0.017770601755802584
176 272 0 0.068154549164810077 0.017791400593741333
184 272 0 0.06760549554636465 0.017746448354188551
192 272 0 0.066001909383917076 0.017638150622368912
200 272 0 0.063184094831025647 0.016858348413934771
208 272 0 0.059338754552506132 0.015910169696933554
216 272 0 0.054584997843313741 0.014564695842773319
224 272 0 0.049192499916514254 0.013052423292175874
232 272 0 0.043430719385725139 0.011441622089421295
240 272 0 0.037563519558311512 0.0098080870530596123
248 272 0 0.031833749877769296 0.0082316368952809055
256 272 0 0.026441636904346266 0.0067732467793786381
264 272 0 0.021532444111591834 0.0054696732372275722
272 272 0 0.017194987197588767 0.0043374569140030676
280 272 0 0.013467287755584464 0.0037276994420043022
288 272 0 0.010345809307617802 0.0031214784479666625
296 272 0 0.0077959218320316475 0.0025498874755861545
304 272 0 0.0057621526731074053 0.0020337691589242422
312 272 0 0.0041773489755430708 0.0015848036975643345
320 272 0 0.0029702535198298965 0.0012070954557131743
328 272 0 0.0020712783716183539 0.00089897514821154264
336 272 0 0.0014164826499302246 0.0006547957216881293
344 272 0 0.00094992621219223972 0.00046655643773798488
352 272 0 0.00062467791193925059 0.00032524830025298913
360 272 0 0.0004028068482238602 0.00022187106371539039
368 272 0 0.00025468554936093157 0.00014812129886292863
376 272 0 0.00015789808659744947 9.6787462763482109e-05
384 272 0 9.5988466749279217e-05 6.1909619848170248e-05
392 272 0 5.7219173630641293e-05 3.8769293118637924e-05
400 272 0 3.344731422623493e-05 2.3771859404406363e-05
408 272 0 1.9173471496705215e-05 1.4273842729529715e-05
416 272 0 1.077924645404566e-05 8.3942250426595558e-06
424 272 0 5.9437130193599368e-06 4.8355334346857228e-06
432 272 0 3.2147535936998248e-06 2.728959425660112e-06
440 272 0 1.7056953005757473e-06 1.5090582931240775e-06
448 272 0 8.8790790990239343e-07 8.1778739067335385e-07
456 272 0 4.535290891790564e-07 4.3437882072333703e-07
464 272 0 2.2735324760306782e-07 2.2617584157598858e-07
472 272 0 1.1191238515495067e-07 1.1544086244811715e-07
480 272 0 5.4201089189900507e-08 5.7711295965050165e-08
488 272 0 2.6068994595869306e-08 2.8132094594031201e-08
496 272 0 1.2996398607971211e-08 1.3072595987898095e-08
504 272 0 7.8941228056963318e-09 5.1022758022748792e-09
0 280 0 0.00085189695348169225 0.00023794266201731694
8 280 0 0.0009965023298081797 0.00030149613641143277
16 280 0 0.0012979984662196125 0.00048245878243339483
24 280 0 0.0017804572486530073 0.00069818496960181629
32 280 0 0.0024786422182548236 0.00095750234832180613
40 280 0 0.0034361445665766297 0.0012663959995342436
48 280 0 0.0047025405661108733 0.0016268391103012253
56 280 0 0.0063293796764120986 0.0020355159941414383
64 280 0 0.008364895670553537 0.0024825888085250394
72 280 0 0.010847484479078576 0.0030128051567393718
80 280 0 0.013798211104107368 0.0038467178676999132
88 280 0 0.017212890799268254 0.0048211708942881466
96 280 0 0.021054633516144929 0.0059292131233141046
104 280 0 0.025248135276551051 0.007151450467681654
112 280 0 0.029677387347040923 0.0084536193683172195
120 280 0 0.034188616626725191 0.0097863509495663553
128 280 0 0.038599517553158894 0.011089493269342166
136 280 0 0.042713282717632965 0.012300446507513801
144 280 0 0.046333110793219813 0.013353748948823123
152 280 0 0.049279918944488327 0.014165321669427439
160 280 0 0.051432128810955859 0.014742744477566343
168 280 0 0.052699600305304115 0.014991788428681485
176 280 0 0.053096990867763171 0.015057558297046907
184 280 0 0.052634674412765585 0.014970821133599065
192 280 0 0.051302116942592707 0.014699792441324369
200 280 0 0.049085247282511485 0.014098847548514162
208 280 0 0.046076086871524029 0.013262667680982103
216 280 0 0.042399513852508786 0.012185483990804956
224 280 0 0.038238728714219475 0.010953771202294779
232 280 0 0.033794639573816607 0.0096360798119085322
240 280 0 0.029266715450090283 0.0082968041082212285
248 280 0 0.024837711909301823 0.006996037968467473
256 280 0 0.020659781673137315 0.0057818552312089502
264 280 0 0.016845830912361331 0.0046866131992305028
272 280 0 0.013467287755584464 0.0037276994420043022
280 280 0 0.010557002599109983 0.0029102851564744812
288 280 0 0.0081153466301116875 0.0024416559689982957
296 280 0 0.006117808883570562 0.0019975377465411255
304 280 0 0.0045228303118275831 0.0015949785717429788
312 280 0 0.0032790193467245993 0.0012438109651029838
320 280 0 0.0023312283456368497 0.00094779100108774959
328 280 0 0.0016252411242604113 0.00070598722137643838
336 280 0 0.0011110345187345316 0.00051420660552587978
344 280 0 0.00074473232896985072 0.00036630218976468085
352 280 0 0.00048946867245605358 0.00025526365651379714
360 280 0 0.00031542405729168709 0.00017404461516436648
368 280 0 0.00019930027767275243 0.00011612377961893466
376 280 0 0.0001234716844965846 7.5828593176167832e-05
384 280 0 7.5003568280927009e-05 4.8468116215657592e-05
392 280 0 4.4675133261827261e-05 3.0328435019099748e-05
400 280 0 2.6093901592111389e-05 1.8581231669715872e-05
408 280 0 1.4946059034683953e-05 1.1147842557427436e-05
416 280 0 8.3957475887844687e-06 6.5503114458994843e-06
424 280 0 4.6256474296608104e-06 3.7701001591236583e-06
432 280 0 2.4998061582692776e-06 2.1258412713915329e-06
440 280 0 1.3252735739966164e-06 1.1745325842726611e-06
448 280 0 6.8931857888148396e-07 6.3595499511513246e-07
456 280 0 3.5181027321148455e-07 3.3750830566999941e-07
464 280 0 1.7622180716141501e-07 1.7558846605006954e-07
472 280 0 8.6675279033020726e-08 8.9546528128394283e-08
480 280 0 4.1945413324419077e-08 4.4729865708601649e-08
488 280 0 2.0158191388354801e-08 2.1787221936064275e-08
496 280 0 1.0041002603315925e-08 1.0117188785038876e-08
504 280 0 6.0942635203151459e-09 3.9467390830007792e-09
0 288 0 0.00065255343072035202 0.00019934352276134023
8 288 0 0.00076368445870444274 0.00023281787110373696
16 288 0 0.00099540345836467235 0.0003708236047419689
24 288 0 0.0013662270631066412 0.00053663362456138407
32 288 0 0.0019028606876680253 0.00073585787039331268
40 288 0 0.002638718558061338 0.00097295497327360043
48 288 0 0.0036116735313349384 0.0012492223791881721
56 288 0 0.0048608959105231105 0.00156181936834064
64 288 0 0.0064227152788637505 0.0019421803916897865
72 288 0 0.0083255714629513842 0.0025219130161271922
80 288 0 0.010584306637287948 0.00321390446681942
88 288 0 0.013194279888504495 0.0040186109107637584
96 288 0 0.016126038245384802 0.004928595270760127
104 288 0 0.019321515446487591 0.00592661983006346
112 288 0 0.022692871056342451 0.0069845162906984719
120 288 0 0.026124970028712419 0.0080636465980127719
128 288 0 0.029481909586993201 0.0091176079661656924
136 288 0 0.032616894998205484 0.010096387719427481
144 288 0 0.035384078344703182 0.010949032448516631
152 288 0 0.037652570037727325 0.011627348906761002
160 288 0 0.039322810869006013 0.012109317941949846
168 288 0 0.040328484699791611 0.012371115605512503
176 288 0 0.040648981417418621 0.012448009450344549
184 288 0 0.040280763226856517 0.012353911185909068
192 288 0 0.039227637150256865 0.012074479792335842
200 288 0 0.037510911547786699 0.011574335734724786
208 288 0 0.035198319917237646 0.010877766954286383
216 288 0 0.032391579406106881 0.010007934446401905
224 288 0 0.029224149391034876 0.0090145793231845989
232 288 0 0.025844313322576626 0.0079503262512399808
240 288 0 0.022400469295729069 0.0068662461543612142
248 288 0 0.019028858257940404 0.0058088536513614189
256 288 0 0.015843674405126119 0.0048161072680111966
264 288 0 0.012930816510612786 0.0039150144017485455
272 288 0 0.0103458093076178 0.0031214784479666642
280 288 0 0.0081153466301116858 0.0024416559689982974
288 288 0 0.0062413646449413209 0.0018739819851703666
296 288 0 0.0047064918685835065 0.0015348727763578145
304 288 0 0.0034798988581540321 0.0012265930104294743
312 288 0 0.0025228229245705192 0.00095707593358351295
320 288 0 0.0017932977362498468 0.00072952518832067239
328 288 0 0.0012498438578671803 0.00054345387838266646
336 288 0 0.00085406052964373742 0.00039578332822344292
344 288 0 0.00057219500263297604 0.00028186552701076138
352 288 0 0.00037585250438808222 0.00019634249824489381
360 288 0 0.00024205147376426576 0.00013380103062381646
368 288 0 0.00015283330009857848 8.9218173665687285e-05
376 288 0 9.4614120243027936e-05 5.8219179855550544e-05
384 288 0 5.742940155242208e-05 3.7184718690605856e-05
392 288 0 3.4179895875491852e-05 2.3249505676930227e-05
400 288 0 1.9947483504936989e-05 1.4232412370554863e-05
408 288 0 1.1416007788109842e-05 8.5314757168271471e-06
416 288 0 6.4073999724787339e-06 5.008607815631108e-06
424 288 0 3.5271844023911969e-06 2.880215570087537e-06
432 288 0 1.9045614276971705e-06 1.6226229746940264e-06
440 288 0 1.0088540558879235e-06 8.9570737180924692e-07
448 288 0 5.2429916325663789e-07 4.8455489263128565e-07
456 288 0 2.6736658965493599e-07 2.569325736017019e-07
464 288 0 1.3381391578230681e-07 1.3355267387262918e-07
472 288 0 6.5763231829334057e-08 6.8050683952972754e-08
480 288 0 3.1799412755787459e-08 3.3963819073546598e-08
488 288 0 1.5269461068862509e-08 1.6529951686924951e-08
496 288 0 7.5990868473097037e-09 7.670374221552805e-09
504 288 0 4.6084543308035226e-09 2.9906325165061811e-09
0 296 0 0.00048982284598778243 0.00016273058473256958
8 296 0 0.0005735274734175608 0.00019015698528688195
16 296 0 0.00074807688565470005 0.00027936702704687948
24 296 0 0.0010274439127015795 0.00040431665379105086
32 296 0 0.0014317605664926304 0.00055441491254422945
40 296 0 0.0019861754790368598 0.00073294596300159951
48 296 0 0.0027191214420384593 0.00094077016244999145
56 296 0 0.0036598916044884508 0.0012010043060346597
64 296 0 0.0048354859570833341 0.0015872293217804164
72 296 0 0.0062667977900978302 0.002058773672853554
80 296 0 0.0079643574792066362 0.0026199491580813118
88 296 0 0.0099240245318206795 0.0032702553566838159
96 296 0 0.012123193684111775 0.0040028445612730265
104 296 0 0.01451821682806706 0.004803298618420531
112 296 0 0.017043778128537825 0.0056490929278046262
120 296 0 0.019614813826987959 0.0065101562017244596
128 296 0 0.022131179377394151 0.0073507302095990497
136 296 0 0.024484711439795692 0.0081321835584097918
144 296 0 0.02656795576052998 0.008816122584173202
152 296 0 0.028283879420648948 0.0093686906170783769
160 296 0 0.029555090437656032 0.0097677204313499806
168 296 0 0.030328320701077223 0.010000163998714388
176 296 0 0.030577147452794159 0.010071833964624462
184 296 0 0.03029412758589782 0.0099866356409586965
192 296 0 0.029487099586321803 0.0097405375639350623
200 296 0 0.028183121302385913 0.0093277902454007855
208 296 0 0.026436487627489343 0.0087618322897483024
216 296 0 0.024326002220188745 0.0080655771859181359
224 296 0 0.021950301601104883 0.0072738477899299929
232 296 0 0.019418311428237772 0.0064260018943388536
240 296 0 0.01683916527043006 0.005561304025299009
248 296 0 0.014313229591417209 0.0047156286665231955
256 296 0 0.011925000386320717 0.0039186740188054021
264 296 0 0.0097385680085518393 0.0031922485020609466
272 296 0 0.0077959218320316466 0.0025498874755861536
280 296 0 0.006117808883570562 0.0019975377465411238
288 296 0 0.0047064918685835065 0.0015348727763578145
296 296 0 0.0035496326973467611 0.0011568591712367454
304 296 0 0.0026245849966589109 0.00092504770068785021
312 296 0 0.0019025277928069171 0.00072205720385199379
320 296 0 0.0013520523222108421 0.00055047547059607505
328 296 0 0.00094198838478367806 0.000410063937427164
336 296 0 0.00064340510694867691 0.00029858327783500115
344 296 0 0.0004308329370222202 0.00021257216992645671
352 296 0 0.00028282611951902599 0.00014800681750319421
360 296 0 0.00018202047608899201 0.00010080564343003398
368 296 0 0.00011484675454526583 6.7173721543726178e-05
376 296 0 7.104389989543755e-05 4.3802854649828283e-05
384 296 0 4.3088440111763424e-05 2.7955459783674125e-05
392 296 0 2.5623687651777207e-05 1.7464752459986217e-05
400 296 0 1.4941528442777685e-05 1.0682159208999522e-05
408 296 0 8.5438032804028466e-06 6.3977251623748385e-06
416 296 0 4.7912085057443122e-06 3.7525947746585344e-06
424 296 0 2.6352125705202352e-06 2.155995935224077e-06
432 296 0 1.4216944769997455e-06 1.2135180935204897e-06
440 296 0 7.5242688152907211e-07 6.6926759547067341e-07
448 296 0 3.9069850184480963e-07 3.6172837968426248e-07
456 296 0 1.9906694972750841e-07 1.9163155211730122e-07
464 296 0 9.9546523230156151e-08 9.952042649735226e-08
472 296 0 4.8881417940755604e-08 5.0665105289400547e-08
480 296 0 2.361651104895715e-08 2.5264906891798455e-08
488 296 0 1.1330434199486637e-08 1.2286076849470512e-08
496 296 0 5.633573492827779e-09 5.6968607066588585e-09
504 296 0 3.4136257692520065e-09 2.2199477235757725e-09
0 304 0 0.00036028962330296807 0.00012953322268481436
8 304 0 0.00042208149512723792 0.00015144597829032288
16 304 0 0.00055095338352935082 0.00020629669010224045
24 304 0 0.00075725007363159128 0.00029861614949646244
32 304 0 0.0010558662231280537 0.00040952146761582772
40 304 0 0.0014653876907438814 0.00054140458342901159
48 304 0 0.002006792274172893 0.00071232916786556633
56 304 0 0.0027016379416458839 0.00095825366284256691
64 304 0 0.0035697169884414529 0.0012657689686418811
72 304 0 0.0046262386013913226 0.0016405591887065077
80 304 0 0.0058787141007722865 0.0020856433784343497
88 304 0 0.0073238451340661192 0.0026001793977545604
96 304 0 0.0089448329077042883 0.0031783607764074868
104 304 0 0.010709604039515168 0.0038086127885518916
112 304 0 0.012570445623807172 0.0044733325047306531
120 304 0 0.014465419812768915 0.0051493940142190442
128 304 0 0.016321674619749735 0.005809504757644416
136 304 0 0.018060436863996505 0.0064242745757991868
144 304 0 0.019603185999024036 0.0069647697615059442
152 304 0 0.020878294610484606 0.0074055848101643416
160 304 0 0.021827013781869912 0.0077280766557861202
168 304 0 0.022407259396592848 0.0079210613044843753
176 304 0 0.022595184295423267 0.0079819631573708923
184 304 0 0.022383338680941202 0.0079107889049566185
192 304 0 0.021779553991247577 0.0077075455950742257
200 304 0 0.020808190113020927 0.0073749311893649867
208 304 0 0.019512053577912625 0.0069244340495767179
216 304 0 0.017950812563848995 0.0063751896563397498
224 304 0 0.016197095815062911 0.0057532057860419719
232 304 0 0.014330319895186875 0.0050879915330508969
240 304 0 0.01242984515595868 0.0044093201144713799
248 304 0 0.010568659278303741 0.0037445703131134683
256 304 0 0.0088083477456176156 0.003116652640703101
264 304 0 0.0071958464679894949 0.0025427215405623444
272 304 0 0.0057621526731074053 0.0020337691589242413
280 304 0 0.0045228303118275831 0.0015949785717429788
288 304 0 0.0034798988581540321 0.0012265930104294743
296 304 0 0.0026245849966589109 0.00092504770068785021
304 304 0 0.0019404264289423689 0.00068415856771654199
312 304 0 0.0014063035252547531 0.00053412290368761578
320 304 0 0.00099909720224850376 0.00040720632300624937
328 304 0 0.00069579960563939756 0.0003032975966091062
336 304 0 0.00047501774049918687 0.00022078186514021069
344 304 0 0.00031789784543628666 0.00015711989506290021
352 304 0 0.0002085559531770801 0.00010934189225920657
360 304 0 0.0001341290809179352 7.4426872259144899e-05
368 304 0 8.4566868470938166e-05 4.9562212446997031e-05
376 304 0 5.2272103054392247e-05 3.229476541654592e-05
384 304 0 3.1677562638096447e-05 2.0594540416295799e-05
392 304 0 1.882216354297065e-05 1.2855399095125798e-05
400 304 0 1.0966085201768151e-05 7.8560783412024986e-06
408 304 0 6.2651371793918296e-06 4.7009480223763216e-06
416 304 0 3.5102922271453309e-06 2.7548449522464987e-06
424 304 0 1.9289926478236495e-06 1.5812995793216814e-06
432 304 0 1.0397700094878011e-06 8.8922263833584841e-07
440 304 0 5.4980928662254585e-07 4.8996072286525527e-07
448 304 0 2.852384210301879e-07 2.6457086559235794e-07
456 304 0 1.452066710423317e-07 1.4003174998785621e-07
464 304 0 7.2550061320376614e-08 7.2656609721955084e-08
472 304 0 3.5594475644901131e-08 3.6955585675475483e-08
480 304 0 1.7182310111470519e-08 1.8412165533430612e-08
488 304 0 8.2362415965253478e-09 8.9460685149451716e-09
496 304 0 4.0912469506524422e-09 4.1449946458729056e-09
504 304 0 2.4769418104221689e-09 1.6143051402302733e-09
0 312 0 0.00025969020728845049 0.00010059941601451758
8 312 0 0.00030439843895234571 0.0001176830561748922
16 312 0 0.00039765691518630486 0.00015329646834304596
24 312 0 0.00054697998145424845 0.00021620295801071359
32 312 0 0.00076318293946496204 0.00029657021103455042
40 312 0 0.0010597531504995125 0.00040563454024436897
48 312 0 0.0014518996798946527 0.00055489259427824031
56 312 0 0.0019552310429438013 0.00074640689870208261
64 312 0 0.0025840490258215334 0.00098566796261991951
72 312 0 0.0033493093688983866 0.0012769292324929359
80 312 0 0.0042563817830964306 0.0016223323176758559
88 312 0 0.0053028308188369172 0.0020210143152292019
96 312 0 0.0064765177063295506 0.0024683152013747376
104 312 0 0.0077543682597479213 0.0029552357797672469
112 312 0 0.0091021382642650518 0.0034683073595421204
120 312 0 0.010475416517066891 0.0039900032957020243
128 312 0 0.011821937020531222 0.0044997375992185135
136 312 0 0.013085056420334844 0.004975380443661661
144 312 0 0.014208041354900619 0.0053951446441234171
152 312 0 0.015138625212683401 0.0057396693978012045
160 312 0 0.015833116679634263 0.0059938971022356485
168 312 0 0.016259320446182553 0.0061479389504102942
176 312 0 0.016398016837338263 0.0061971674580850039
184 312 0 0.01624296551822911 0.0061403731627120914
192 312 0 0.015800721880924962 0.0059788321103226155
200 312 0 0.015090891020107388 0.0057172990929135383
208 312 0 0.014146163935617262 0.0053658896422953632
216 312 0 0.013010825920899211 0.0049399866429497841
224 312 0 0.011737767640075048 0.004459328174987863
232 312 0 0.010384268862837559 0.0039460510323493167
240 312 0 0.0090073270541026901 0.00342251810185599
248 312 0 0.0076592872278973467 0.0029093720504063938
256 312 0 0.0063843382604595721 0.0024240094851580435
264 312 0 0.0052162316981706246 0.0019796147698188703
272 312 0 0.0041773489755430717 0.0015848036975643336
280 312 0 0.0032790193467245993 0.0012438109651029838
288 312 0 0.0025228229245705196 0.00095707593358351252
296 312 0 0.0019025277928069173 0.00072205720385199357
304 312 0 0.0014063035252547533 0.00053412290368761556
312 312 0 0.0010189042264394947 0.00038739929881525864
320 312 0 0.00072359658425701957 0.00029530764218247514
328 312 0 0.00050369971628799065 0.00021989686796902892
336 312 0 0.00034368719898628981 0.00016001251730170084
344 312 0 0.00022986755649642438 0.00011381964248986543
352 312 0 0.0001507034918236024 7.9164064672821978e-05
360 312 0 9.6852726494950827e-05 5.3850765328651576e-05
368 312 0 6.1018039198708052e-05 3.5834687296242776e-05
376 312 0 3.7686097046191712e-05 2.333194215251634e-05
384 312 0 2.2819344757289611e-05 1.4866752288902101e-05
392 312 0 1.3547242007308945e-05 9.2721027499806654e-06
400 312 0 7.8859682516115634e-06 5.6612737556973818e-06
408 312 0 4.5014282820969375e-06 3.3845399695146259e-06
416 312 0 2.5198549862487983e-06 1.9815732958481392e-06
424 312 0 1.3834810840143089e-06 1.1363739022344894e-06
432 312 0 7.4505720562353912e-07 6.3842387839076976e-07
440 312 0 3.9361771455057885e-07 3.5143949107296028e-07
448 312 0 2.0402455175748435e-07 1.895931627930945e-07
456 312 0 1.0377082944015109e-07 1.0025372231733326e-07
464 312 0 5.1801674925249219e-08 5.1969154514901869e-08
472 312 0 2.5392682253905096e-08 2.6408992671344122e-08
480 312 0 1.2246927667976047e-08 1.3145754585929049e-08
488 312 0 5.865209834995195e-09 6.3817178329808523e-09
496 312 0 2.9106546236196046e-09 2.9545552113755903e-09
504 312 0 1.7606404828559706e-09 1.150014140763634e-09
0 320 0 0.000183424219422178 7.6265987866272483e-05
8 320 0 0.00021512907575925926 8.9269363193086447e-05
16 320 0 0.00028127706414040357 0.00011637985104590129
24 320 0 0.00038722356288155741 0.00015975641857269104
32 320 0 0.00054067574898209272 0.00022250719048286932
40 320 0 0.0007512432604120711 0.00030850989008744136
48 320 0 0.0010297594523664875 0.00042214022752816525
56 320 0 0.0013873381362979513 0.00056789290664584994
64 320 0 0.0018341589057724985 0.00074989012004903497
72 320 0 0.0023780195841260105 0.00097128978477237617
80 320 0 0.0030227524001114176 0.001233629382985013
88 320 0 0.0037666622574006876 0.0015361685614362296
96 320 0 0.0046011977654632887 0.0018753199408662619
104 320 0 0.0055100926087134645 0.0022442756510344568
112 320 0 0.0064692008345920843 0.0026329374296729675
120 320 0 0.0074471849589847336 0.003028231558082157
128 320 0 0.0084071027531474607 0.0034148342673837612
136 320 0 0.0093087950973962785 0.003776261322938566
144 320 0 0.010111831103079108 0.004096210251821511
152 320 0 0.01077864179447079 0.0043599834182126117
160 320 0 0.011277394637208463 0.0045557220424258006
168 320 0 0.011584196244502796 0.0046751242016797572
176 320 0 0.01168442832756101 0.0047135885097772529
184 320 0 0.011573260870134413 0.0046697046480946979
192 320 0 0.011255762263934429 0.0045449596169905328
200 320 0 0.010746826270008752 0.0043440647500986359
208 320 0 0.010070678611428026 0.0040754853241892364
216 320 0 0.0092595316568024732 0.003751294264096738
224 320 0 0.00835134131741915 0.0033864263226558982
232 320 0 0.0073868706534114302 0.0029973982094261284
240 320 0 0.0064064909942190473 0.0026008360598836428
248 320 0 0.0054471887266959781 0.0022120985012013686
256 320 0 0.0045401601664663838 0.0018441780939931884
264 320 0 0.0037092401854986515 0.0015069915126719731
272 320 0 0.0029702535198298965 0.0012070954557131751
280 320 0 0.0023312283456368502 0.00094779100108774916
288 320 0 0.0017932977362498472 0.00072952518832067239
296 320 0 0.0013520523222108423 0.00055047547059607505
304 320 0 0.00099909720224850376 0.00040720632300624959
312 320 0 0.00072359658425701957 0.00029530764218247514
320 320 0 0.00051364456251902415 0.00020995202173799542
328 320 0 0.00035736402148612515 0.000156280541032899
336 320 0 0.00024369540069284684 0.00011366862079327831
344 320 0 0.00016288493675019786 8.0810463942648981e-05
352 320 0 0.00010671438964318856 5.61705471070093e-05
360 320 0 6.8531138204580713e-05 3.8183251438607846e-05
368 320 0 4.3141335717267732e-05 2.538980248731298e-05
376 320 0 2.6623263615433657e-05 1.6518072101834076e-05
384 320 0 1.6107057314754166e-05 1.051620630067949e-05
392 320 0 9.554045885857929e-06 6.5530114288962372e-06
400 320 0 5.5565794744693674e-06 3.9974664113885616e-06
408 320 0 3.1689366259326646e-06 2.3876428485367028e-06
416 320 0 1.7723352685924834e-06 1.3966013573401812e-06
424 320 0 9.721843553890582e-07 8.0015091320342524e-07
432 320 0 5.2308157286711407e-07 4.4910278252194414e-07
440 320 0 2.7609551713227349e-07 2.4698605573484057e-07
448 320 0 1.4297944520924411e-07 1.3311607192302938e-07
456 320 0 7.265663514246881e-08 7.0322810066775299e-08
464 320 0 3.6237270586596781e-08 3.6419364555872029e-08
472 320 0 1.7747388488788486e-08 1.8489882097808295e-08
480 320 0 8.5519804015150555e-09 9.1954080872734309e-09
488 320 0 4.0919060226553522e-09 4.4600743788597034e-09
496 320 0 2.0286457675134248e-09 2.0632602551419274e-09
504 320 0 1.2260250780767957e-09 8.0262068943662904e-10
0 328 0 0.00012695960675517605 5.646461266700195e-05
8 328 0 0.00014899675280176229 6.6132322957496978e-05
16 328 0 0.00019498551041764912 8.6291553722754447e-05
24 328 0 0.00026867043253592655 0.00011855313034563086
32 328 0 0.00037544125010290281 0.00016523449887918991
40 328 0 0.00052201941016252057 0.00022922385024955053
48 328 0 0.00071598433601815787 0.00031377511634832959
56 328 0 0.00096511512488002917 0.00042222301141792216
64 328 0 0.0012765434563694468 0.00055761544940305168
72 328 0 0.0016557454439732151 0.00072227414015279537
80 328 0 0.0021054405194078029 0.00091731188070361472
88 328 0 0.0026245076376457447 0.0011421546197549429
96 328 0 0.0032070638643878656 0.0013941339010754231
104 328 0 0.0038418670733763359 0.0016682255353371285
112 328 0 0.0045121933346162213 0.001957007499975863
120 328 0 0.0051962952287477474 0.0022508897302369862
128 328 0 0.0058684720056600909 0.0025386307474873698
136 328 0 0.0065006873827616165 0.002808107714634662
144 328 0 0.0070645735197359212 0.0030472575833431865
152 328 0 0.0075335800936285656 0.0032450617008422241
160 328 0 0.0078849879070123398 0.0033924067301961229
168 328 0 0.0081015362713570613 0.0034826599731457349
176 328 0 0.0081725240629828104 0.0035119042645781993
184 328 0 0.008094383005884628 0.0034788778642497846
192 328 0 0.0078708514190040796 0.0033849108449303493
200 328 0 0.0075128196676182268 0.0032340066023905257
208 328 0 0.0070377663556077689 0.0030329122558202569
216 328 0 0.0064686505334554476 0.0027908811233470256
224 328 0 0.0058322605025351529 0.002519080814883997
232 328 0 0.0051571647198560468 0.0022297059335553834
240 328 0 0.004471525552182427 0.0019349654420366203
248 328 0 0.0038010674665626726 0.0016461212601333055
256 328 0 0.0031674484005808582 0.0013727117658855256
264 328 0 0.0025871973910512503 0.0011220427944474013
272 328 0 0.0020712783716183539 0.00089897514821154264
280 328 0 0.0016252411242604113 0.00070598722137643882
288 328 0 0.0012498438578671803 0.0005434538783826669
296 328 0 0.00094198838478367795 0.00041006393742716433
304 328 0 0.00069579960563939756 0.0003032975966091062
312 328 0 0.00050369971628799065 0.00021989686796902892
320 328 0 0.00035736402148612515 0.000156280541032899
328 328 0 0.0002484887608290701 0.00010887526065705505
336 328 0 0.000169343006472502 7.9145754356568099e-05
344 328 0 0.00011311049753741493 5.6232508935087066e-05
352 328 0 7.4050365030088971e-05 3.9060132507325962e-05
360 328 0 4.7517857755657686e-05 2.6532507274431285e-05
368 328 0 2.9889040985831029e-05 1.7628816769826657e-05
376 328 0 1.8429615385811396e-05 1.1459425600019633e-05
384 328 0 1.1140305183107477e-05 7.2893102027039193e-06
392 328 0 6.6021520250511735e-06 4.5381531580563037e-06
400 328 0 3.8363338048693178e-06 2.7658182201818557e-06
408 328 0 2.1858894529095596e-06 1.6504443519597582e-06
416 328 0 1.2214143809331528e-06 9.6447507197640678e-07
424 328 0 6.6937031721392982e-07 5.5204406371922301e-07
432 328 0 3.5982170271724456e-07 3.0954861449668526e-07
440 328 0 1.8974832802219799e-07 1.7007337469504657e-07
448 328 0 9.8173528741989345e-08 9.1574799280208647e-08
456 328 0 4.9842586851380316e-08 4.8330941890609029e-08
464 328 0 2.4836366159702916e-08 2.50062206916774e-08
472 328 0 1.2152810354158476e-08 1.268355580554444e-08
480 328 0 5.8508364703517166e-09 6.3019738838067599e-09
488 328 0 2.796884300869163e-09 3.0539521694825536e-09
496 328 0 1.3852333811199171e-09 1.4116509197492459e-09
504 328 0 8.3641881947127454e-10 5.4881456164864255e-10
0 336 0 8.6118539849793332e-05 4.0841066905382721e-05
8 336 0 0.00010113220100728888 4.7864551794473409e-05
16 336 0 0.00013247247879741886 6.2513031620230268e-05
24 336 0 0.00018270794962835531 8.5962482907571246e-05
32 336 0 0.00025553698252791135 0.00011990426757499146
40 336 0 0.00035557407456821981 0.00016644533559430076
48 336 0 0.00048802648576060721 0.00022795785025755066
56 336 0 0.00065824449216798215 0.00030687063271204703
64 336 0 0.00087114242948151425 0.00040540102688793253
72 336 0 0.0011305096370620112 0.00052523580691120385
80 336 0 0.0014382579042008764 0.00066718261520692652
88 336 0 0.0017936804657443491 0.00083082717190139559
96 336 0 0.0021928206712159642 0.0010142431931719014
104 336 0 0.0026280591070123771 0.0012138079663639588
112 336 0 0.0030880200585907732 0.0014241732760254481
120 336 0 0.0035578686292326808 0.0016384265995150666
128 336 0 0.0040200202870912206 0.0018484517185688703
136 336 0 0.0044552223013145237 0.0020454650814470928
144 336 0 0.0048439030940772877 0.0022206704256586334
152 336 0 0.0051676349663098758 0.0023659451273186898
160 336 0 0.0054105327118739591 0.0024744551951383807
168 336 0 0.0055604279782350873 0.002541108293121974
176 336 0 0.0056097165711863203 0.0025628074917964901
184 336 0 0.0055558489091170711 0.0025385340967675569
192 336 0 0.0054014905643049093 0.0024693608546991703
200 336 0 0.0051543714596504675 0.0023584482079677593
208 336 0 0.0048267997585341406 0.0022109665970736284
216 336 0 0.0044348099590530727 0.0020338405744023749
224 336 0 0.0039969745786389826 0.0018352859238961704
232 336 0 0.0035329852473453345 0.0016241794725107123
240 336 0 0.0030621688312508274 0.0014093567209315996
248 336 0 0.0026021220728397673 0.0011989453937229053
256 336 0 0.0021676235828489176 0.00099982481773194061
264 336 0 0.0017699282804984019 0.00081726911055284837
272 336 0 0.0014164826499302246 0.0006547957216881293
280 336 0 0.0011110345187345316 0.00051420660552587978
288 336 0 0.00085406052964373731 0.00039578332822344303
296 336 0 0.0006434051069486768 0.00029858327783500115
304 336 0 0.00047501774049918687 0.00022078186514021069
312 336 0 0.00034368719898628981 0.00016001251730170084
320 336 0 0.00024369540069284687 0.00011366862079327828
328 336 0 0.00016934300647250203 7.9145754356568072e-05
336 336 0 0.00011532722291442387 5.4015783558078153e-05
344 336 0 7.6975569204686735e-05 3.8351653709737139e-05
352 336 0 5.0355352375391644e-05 2.6620216829295092e-05
360 336 0 3.2287064741786406e-05 1.8068287633605238e-05
368 336 0 2.0291947090069923e-05 1.1995117651716483e-05
376 336 0 1.2501344697453489e-05 7.7906023926164339e-06
384 336 0 7.5501720405198999e-06 4.9511726569335887e-06
392 336 0 4.4705090690207214e-06 3.0796629714991785e-06
400 336 0 2.5953363874820061e-06 1.8751726815387152e-06
408 336 0 1.4774301520404758e-06 1.1179062354415303e-06
416 336 0 8.2478437737508885e-07 6.5264577466538698e-07
424 336 0 4.5158647661325583e-07 3.7319790076183301e-07
432 336 0 2.4252612809784768e-07 2.0906034851540815e-07
440 336 0 1.2777517855154066e-07 1.1475094954630702e-07
448 336 0 6.6048332971269477e-08 6.1726845580271184e-08
456 336 0 3.3501885703947395e-08 3.2546447267322082e-08
464 336 0 1.6678642063449966e-08 1.6823243640497429e-08
472 336 0 8.1537171788667585e-09 8.5249248845832074e-09
480 336 0 3.9219527890264824e-09 4.2317643898402762e-09
488 336 0 1.8730645433329858e-09 2.0488882456934965e-09
496 336 0 9.2675479237778523e-10 9.463097509552006e-10
504 336 0 5.5907389590972961e-10 3.6768089646805562e-10
0 344 0 5.7249015104794443e-05 2.8869524744998888e-05
8 344 0 6.7275105829301792e-05 3.3857095177987085e-05
16 344 0 8.8210488632815156e-05 4.4261990164603699e-05
24 344 0 0.00012178352602648732 6.092442360186798e-05
32 344 0 0.00017048408969044535 8.5052892837466e-05
40 344 0 0.00023742117038945691 0.0001181529041787629
48 344 0 0.00032610690204743246 0.00016191958371317475
56 344 0 0.00044015563709643606 0.00021808885507154608
64 344 0 0.00058289603183748909 0.00028824639764402516
72 344 0 0.00075690882641549044 0.0003736008106465208
80 344 0 0.00096352138620672129 0.00047473651799415507
88 344 0 0.0012023089919996678 0.00059137147374468133
96 344 0 0.0014706681165508203 0.00072215255466514389
104 344 0 0.0017635339071151346 0.00086452519989724252
112 344 0 0.0020733089184525994 0.0010147111401381738
120 344 0 0.0023900509167314038 0.001167817712501277
128 344 0 0.0027019354863341721 0.0013180848007570485
136 344 0 0.0029959688736413471 0.0014592534276731766
144 344 0 0.0032588855561365153 0.0015850175379407724
152 344 0 0.0034781325654852642 0.0016895024008246116
160 344 0 0.0036428275246500894 0.0017677051872238697
168 344 0 0.0037445855153122832 0.0018158424629228041
176 344 0 0.0037781393726115807 0.0018315771985747396
184 344 0 0.0037417164920898367 0.0018141324170272343
192 344 0 0.0036371657402702157 0.0017643248240346936
200 344 0 0.003469835373791595 0.0016845360858588725
208 344 0 0.0032481981008385093 0.0015786016576956313
216 344 0 0.0029832277608267932 0.0014515821982262794
224 344 0 0.002687564339869726 0.0013094102387692565
232 344 0 0.0023745443918579052 0.0011584408554874293
240 344 0 0.0020572047427735631 0.0010049640884772643
248 344 0 0.0017473757948839117 0.00085474627795585558
256 344 0 0.001454964795152713 0.00071265878769620461
264 344 0 0.001187495290307847 0.0005824329901905549
272 344 0 0.00094992621219223972 0.00046655643773798488
280 344 0 0.00074473232896985072 0.00036630218976468085
288 344 0 0.00057219500263297604 0.00028186552701076127
296 344 0 0.00043083293702222015 0.00021257216992645665
304 344 0 0.00031789784543628666 0.00015711989506290021
312 344 0 0.00022986755649642438 0.00011381964248986543
320 344 0 0.00016288493675019786 8.0810463942649008e-05
328 344 0 0.00011311049753741495 5.623250893508708e-05
336 344 0 7.6975569204686722e-05 3.8351653709737152e-05
344 344 0 5.1338568846571615e-05 2.563700035811512e-05
352 344 0 3.3557675482892281e-05 1.7780893363679334e-05
360 344 0 2.1498949498176549e-05 1.2058725984715732e-05
368 344 0 1.3500301619970592e-05 7.9986478782059571e-06
376 344 0 8.3099383419262304e-06 5.1903632780443611e-06
384 344 0 5.0143090312467143e-06 3.2956293106795162e-06
392 344 0 2.9663188150164994e-06 2.0479902162302149e-06
400 344 0 1.7205052923646113e-06 1.2458135226518881e-06
408 344 0 9.785142128304433e-07 7.4199107953416797e-07
416 344 0 5.457528786677114e-07 4.327613341627319e-07
424 344 0 2.9853190618156934e-07 2.4722097248614206e-07
432 344 0 1.6017784011332554e-07 1.383540660682438e-07
440 344 0 8.4311201872502388e-08 7.5866638240823151e-08
448 344 0 4.354087705851376e-08 4.0770324813988628e-08
456 344 0 2.2064974122789361e-08 2.1475902935724399e-08
464 344 0 1.0974795636022956e-08 1.1090178486766405e-08
472 344 0 5.3603761734346137e-09 5.6144194625883427e-09
480 344 0 2.5759947144697751e-09 2.7843814589648386e-09
488 344 0 1.2290980432171535e-09 1.3468966712526215e-09
496 344 0 6.0751813253912336e-10 6.2157991067803018e-10
504 344 0 3.661542358027103e-10 2.4136389673641306e-10
0 352 0 3.729934480604378e-05 1.9949670298750663e-05
8 352 0 4.3862376011843252e-05 2.3412729817458541e-05
16 352 0 5.7571146040245355e-05 3.0639342592569801e-05
24 352 0 7.9566412599996029e-05 4.2217113426491296e-05
32 352 0 0.00011149262258420713 5.8991467106238229e-05
40 352 0 0.0001554050915074866 8.2016078881970314e-05
48 352 0 0.00021362879372747304 0.00011247810831995942
56 352 0 0.00028856110336202326 0.0001515945337344128
64 352 0 0.00038241694825805227 0.00020047908357943682
72 352 0 0.00049692451851138806 0.00025998430790410238
80 352 0 0.00063299174341548592 0.00033052964279123537
88 352 0 0.00079037616261995361 0.00041193282937971416
96 352 0 0.00096740082550916459 0.00050326729104165568
104 352 0 0.0011607634962568637 0.00060277041085827088
112 352 0 0.0013654832502522937 0.00070782566820030567
120 352 0 0.0015750163431652582 0.0008150345735661456
128 352 0 0.0017815527855461787 0.00092038270078799336
136 352 0 0.0019764793152047232 0.0010194895584366239
144 352 0 0.0021509682166420516 0.0011079173394944637
152 352 0 0.0022966304113685517 0.0011815021541167125
160 352 0 0.0024061607040961534 0.001236666820553936
168 352 0 0.0024739059769606944 0.0012706795383515888
176 352 0 0.0024963021101147712 0.0012818372624968095
184 352 0 0.0024721462823414715 0.0012695702097483652
192 352 0 0.0024026898790381517 0.001234475861232064
200 352 0 0.0022915479189796234 0.0011782874548119716
208 352 0 0.0021444274790261056 0.0011037706218124037
216 352 0 0.0019686888454743235 0.0010145389153524698
224 352 0 0.0017727726416802241 0.00091479169818950196
232 352 0 0.0015655480664154347 0.00080899632544247048
240 352 0 0.0013556530785136683 0.00070155166425989483
248 352 0 0.0011509004273209463 0.00059647536756296548
256 352 0 0.00095781242899448094 0.00049715236615823204
264 352 0 0.0007813254639729791 0.00040616982633486789
272 352 0 0.00062467791193925059 0.00032524830025298913
280 352 0 0.00048946867245605358 0.00025526365651379714
288 352 0 0.00037585250438808222 0.00019634249824489381
296 352 0 0.00028282611951902599 0.00014800681750319416
304 352 0 0.00020855595317708015 0.00010934189225920651
312 352 0 0.0001507034918236024 7.9164064672821978e-05
320 352 0 0.00010671438964318855 5.6170547107009313e-05
328 352 0 7.4050365030088971e-05 3.9060132507325976e-05
336 352 0 5.0355352375391644e-05 2.6620216829295078e-05
344 352 0 3.3557675482892288e-05 1.7780893363679327e-05
352 352 0 2.1917110256007937e-05 1.1640565226884351e-05
360 352 0 1.4029463678984757e-05 7.8876465770231803e-06
368 352 0 8.8021768554227133e-06 5.2272868235620437e-06
376 352 0 5.413260650097843e-06 3.3889162053248703e-06
384 352 0 3.2634716587011219e-06 2.1497889913967211e-06
392 352 0 1.9288063383256498e-06 1.334665320375472e-06
400 352 0 1.1176983048870001e-06 8.1110803343864975e-07
408 352 0 6.3508296009968126e-07 4.8261534478731883e-07
416 352 0 3.5387689620400106e-07 2.8120606389568019e-07
424 352 0 1.9339219751204379e-07 1.6048469869195727e-07
432 352 0 1.0366753687723123e-07 8.9724660634812563e-08
440 352 0 5.4515346858155072e-08 4.9152190019076158e-08
448 352 0 2.812714094039044e-08 2.6388205917764632e-08
456 352 0 1.4240628220827578e-08 1.3886512719562862e-08
464 352 0 7.0765604737671381e-09 7.1640677470604397e-09
472 352 0 3.4532130604343847e-09 3.6233474133327534e-09
480 352 0 1.6579615834052699e-09 1.7952514770291148e-09
488 352 0 7.9032460623440841e-10 8.6763697717086147e-10
496 352 0 3.9024457753344003e-10 4.0008002870096838e-10
504 352 0 2.3498494552509762e-10 1.5525963200834241e-10
0 360 0 2.3818867962213531e-05 1.348047684383025e-05
8 360 0 2.8030220291009417e-05 1.5832155720833835e-05
16 360 0 3.6829974553902797e-05 2.0741171486342559e-05
24 360 0 5.0956607710478143e-05 2.8609804889517886e-05
32 360 0 7.1475477212753867e-05 4.0017145371453258e-05
40 360 0 9.9719609516303313e-05 5.5685481991183286e-05
48 360 0 0.00013719928929780339 7.6429504429669648e-05
56 360 0 0.00018547534977378285 0.00010308575358824041
64 360 0 0.00024599499506548664 0.00013642195319256564
72 360 0 0.00031989522028713776 0.0001770292982242503
80 360 0 0.0004077866839121211 0.00022520505950336482
88 360 0 0.00050953891084746692 0.00028083725177248668
96 360 0 0.0006240942098804218 0.00034330661562874279
104 360 0 0.0007493407927429206 0.00041142270351394311
112 360 0 0.00088207371977367971 0.00048340953047861402
120 360 0 0.0010180647213282532 0.00055695162183700504
128 360 0 0.0011522491227037835 0.00062930366284239523
136 360 0 0.0012790218594925663 0.00069745745571215688
144 360 0 0.0013926178731250812 0.00075835034351697038
152 360 0 0.0014875385248591399 0.00080909188650941173
160 360 0 0.0015589781902493492 0.00084718251384680423
168 360 0 0.0016032055668832852 0.00087070041007740917
176 360 0 0.0016178617614690067 0.00087844034864576447
184 360 0 0.0016021488967316764 0.00086999738560979514
192 360 0 0.0015568948968960495 0.00084579498214210221
200 360 0 0.0014844897975582389 0.00080705812142138449
208 360 0 0.0013886973685268125 0.00075573011049929312
216 360 0 0.0012743558318952422 0.00069433301357908132
224 360 0 0.0011469938875153813 0.00062577875416484278
232 360 0 0.0010124004751106985 0.00055314759130473622
240 360 0 0.00087619461931242855 0.00047945845920123974
248 360 0 0.00074344216161483379 0.00040745826570611247
256 360 0 0.0006183584659223793 0.00033945396307210165
264 360 0 0.00050412205128372897 0.00027720341268925013
272 360 0 0.00040280684822386015 0.00022187106371539044
280 360 0 0.00031542405729168704 0.00017404461516436654
288 360 0 0.00024205147376426576 0.00013380103062381646
296 360 0 0.00018202047608899201 0.00010080564343003398
304 360 0 0.00013412908091793522 7.4426872259144926e-05
312 360 0 9.6852726494950841e-05 5.3850765328651562e-05
320 360 0 6.8531138204580713e-05 3.8183251438607833e-05
328 360 0 4.7517857755657679e-05 2.6532507274431292e-05
336 360 0 3.2287064741786406e-05 1.8068287633605238e-05
344 360 0 2.1498949498176549e-05 1.2058725984715739e-05
352 360 0 1.4029463678984759e-05 7.8876465770231786e-06
360 360 0 8.9726797793983343e-06 5.0567838995864244e-06
368 360 0 5.6245333016333067e-06 3.3481464777650276e-06
376 360 0 3.4559205700146864e-06 2.1686127316186203e-06
384 360 0 2.0815523340071068e-06 1.3743682360075796e-06
392 360 0 1.2291197738682738e-06 8.5243256013883297e-07
400 360 0 7.1158175594148166e-07 5.1753801792679218e-07
408 360 0 4.0394563367048349e-07 3.0763612227099817e-07
416 360 0 2.2487208108323195e-07 1.7907355258725154e-07
424 360 0 1.2277578459326775e-07 1.020962964899642e-07
432 360 0 6.5751766223565297e-08 5.7024018369702453e-08
440 360 0 3.4544229778119635e-08 3.1207536445445662e-08
448 360 0 1.7806408210268986e-08 1.673782156785065e-08
456 360 0 9.0069212990112186e-09 8.7994869112577673e-09
464 360 0 4.4716593672834459e-09 4.5352619317277727e-09
472 360 0 2.1800749134516333e-09 2.2915844538318127e-09
480 360 0 1.0457385132130463e-09 1.1343364002385869e-09
488 360 0 4.980154071033224e-10 5.4772310610972392e-10
496 360 0 2.4565849651902556e-10 2.5235691058429684e-10
504 360 0 1.4778558448170819e-10 9.7872912037317369e-11
0 368 0 1.4909255325369934e-05 8.9096126368435964e-06
8 368 0 1.7558378515601207e-05 1.047184177540821e-05
16 368 0 2.309589171973742e-05 1.3734082834165377e-05
24 368 0 3.1990650190589279e-05 1.8965957519888864e-05
32 368 0 4.4919618737869908e-05 2.6555858474883959e-05
40 368 0 6.2730896127537766e-05 3.6988713388765547e-05
48 368 0 8.6387014049938294e-05 5.0812275247865096e-05
56 368 0 0.00011688516460712253 6.8590185166660317e-05
64 368 0 0.00015515347912264981 9.0841515942836828e-05
72 368 0 0.00020192641871452825 0.00011796880157260951
80 368 0 0.00025760727361777869 0.00015017941029434241
88 368 0 0.00032213087566812022 0.00018740803517934671
96 368 0 0.00039484380621562136 0.00022925040366480044
104 368 0 0.00047442144870820302 0.00027491934403471759
112 368 0 0.00055884020737288862 0.0003232335124007911
120 368 0 0.0006454186105405847 0.00037264611078766845
128 368 0 0.00073093310658899134 0.00042131601611479215
136 368 0 0.00081180424345218523 0.00046721761604038106
144 368 0 0.00088433839545102981 0.0005082794776740514
152 368 0 0.0009450013797037913 0.00054253714515534862
160 368 0 0.00099069506571195431 0.00056828312453739488
168 368 0 0.0010190074541381532 0.00058419811274513199
176 368 0 0.0010284104418868138 0.00058945131958219291
184 368 0 0.0010183861715918703 0.0005837627251398061
192 368 0 0.00098947060057670132 0.00056742429631934815
200 368 0 0.00094321042760865236 0.00054127936994958657
208 368 0 0.00088203677864308403 0.00050666058988372848
216 368 0 0.00080906672021102883 0.00046528911168421333
224 368 0 0.00072785167934965483 0.00041914220816572647
232 368 0 0.00064209881916457029 0.00037030165594612822
240 368 0 0.00055539536478952723 0.00032079925452290132
248 368 0 0.00047096529463579233 0.00027247686697904147
256 368 0 0.00039148244683248379 0.0002268760190898955
264 368 0 0.00031895501192913118 0.00018516703935459778
272 368 0 0.00025468554936093157 0.00014812129886292857
280 368 0 0.00019930027767275241 0.00011612377961893464
288 368 0 0.00015283330009857848 8.9218173665687285e-05
296 368 0 0.00011484675454526583 6.7173721543726178e-05
304 368 0 8.4566868470938166e-05 4.9562212446997058e-05
312 368 0 6.1018039198708052e-05 3.5834687296242789e-05
320 368 0 4.3141335717267732e-05 2.538980248731298e-05
328 368 0 2.9889040985831033e-05 1.7628816769826646e-05
336 368 0 2.0291947090069923e-05 1.1995117651716483e-05
344 368 0 1.3500301619970593e-05 7.9986478782059554e-06
352 368 0 8.802176855422715e-06 5.2272868235620437e-06
360 368 0 5.6245333016333076e-06 3.3481464777650267e-06
368 368 0 3.5225691434528746e-06 2.101964158180433e-06
376 368 0 2.1624190555054076e-06 1.3601500879474669e-06
384 368 0 1.3012533617300137e-06 8.6116569377539394e-07
392 368 0 7.6765042986649664e-07 5.3360293186351706e-07
400 368 0 4.4400327129345844e-07 3.236471585730382e-07
408 368 0 2.5181094685422047e-07 1.9219232443923798e-07
416 368 0 1.4004792878884137e-07 1.1176301806537909e-07
424 368 0 7.6391195625785193e-08 6.3656733163056181e-08
432 368 0 4.0872217136387945e-08 3.5518978489397249e-08
440 368 0 2.1452994503832692e-08 1.9419222632555253e-08
448 368 0 1.1047968896010563e-08 1.0405025607822129e-08
456 368 0 5.583143429968094e-09 5.4648254660424693e-09
464 368 0 2.769301747189101e-09 2.813841682778993e-09
472 368 0 1.348883496314659e-09 1.420418250874442e-09
480 368 0 6.4643764104978942e-10 7.0244585526486957e-10
488 368 0 3.0756354273542334e-10 3.3887409831436608e-10
496 368 0 1.5155885571315623e-10 1.5600468702226711e-10
504 368 0 9.1091588207656627e-11 6.0467267505499602e-11
0 376 0 9.148231074116172e-06 5.7610242512537621e-06
8 376 0 1.078191660594046e-05 6.7764619096607476e-06
16 376 0 1.4198185154272821e-05 8.8977065654645988e-06
24 376 0 1.9688966494781327e-05 1.2301683695807952e-05
32 376 0 2.7676153740339802e-05 1.7243464997530106e-05
40 376 0 3.8688993432465406e-05 2.404190269507236e-05
48 376 0 5.3329245819953223e-05 3.3057768229985071e-05
56 376 0 7.2221955195809627e-05 4.4663209411312905e-05
64 376 0 9.5951188424894628e-05 5.9202290697755181e-05
72 376 0 0.00012498253879088557 7.6943879923642682e-05
80 376 0 0.00015957726530671149 9.8030008311067202e-05
88 376 0 0.00019970613607277511 0.00012242473959534511
96 376 0 0.00024497369003325352 0.00014987011618236784
104 376 0 0.00029456499409772073 0.00017985645461048228
112 376 0 0.00034722643894268251 0.00021161376843020611
120 376 0 0.00040128937742876986 0.00024412923311181484
128 376 0 0.00045474060722375394 0.00027619249936523739
136 376 0 0.00050533748196914018 0.00030646676148304505
144 376 0 0.00055075887324119847 0.00033357952220983134
152 376 0 0.00058877756499918564 0.00035622381470460567
160 376 0 0.0006174360775192192 0.00037325898819273512
168 376 0 0.00063520705157810598 0.00038380040256004726
176 376 0 0.00064112115384979318 0.00038728928803702064
184 376 0 0.00063484933833086662 0.00038353683326100368
192 376 0 0.0006167312824870918 0.00037273931808960953
200 376 0 0.00058774716554452124 0.00035546326206413112
208 376 0 0.00054943537937428928 0.00033260139926879475
216 376 0 0.00050376419797937462 0.00030530252223165421
224 376 0 0.00045297055978471687 0.00027488111956493796
232 376 0 0.00039938314333606628 0.00024271567582850401
240 376 0 0.00034524885526210505 0.00021014650952742218
248 376 0 0.00029258100886124874 0.00017838428577454359
256 376 0 0.00024304382089991041 0.00014843862593257338
264 376 0 0.00019788207684533085 0.00012107293508380033
272 376 0 0.00015789808659744944 9.6787462763482136e-05
280 376 0 0.0001234716844965846 7.5828593176167805e-05
288 376 0 9.4614120243027936e-05 5.8219179855550544e-05
296 376 0 7.1043899895437563e-05 4.3802854649828269e-05
304 376 0 5.2272103054392253e-05 3.2294765416545913e-05
312 376 0 3.7686097046191712e-05 2.333194215251634e-05
320 376 0 2.6623263615433653e-05 1.6518072101834079e-05
328 376 0 1.8429615385811393e-05 1.145942560001964e-05
336 376 0 1.2501344697453489e-05 7.7906023926164339e-06
344 376 0 8.3099383419262321e-06 5.1903632780443611e-06
352 376 0 5.413260650097843e-06 3.388916205324872e-06
360 376 0 3.4559205700146868e-06 2.1686127316186208e-06
368 376 0 2.1624190555054076e-06 1.3601500879474669e-06
376 376 0 1.3262297035883575e-06 8.3618935191705012e-07
384 376 0 7.9732548566287304e-07 5.2890421792548448e-07
392 376 0 4.6992587528725248e-07 3.2739961037562057e-07
400 376 0 2.7154520965519714e-07 1.9838066563205533e-07
408 376 0 1.5385781136299213e-07 1.1768739829220501e-07
416 376 0 8.548900052952301e-08 6.8368810833469125e-08
424 376 0 4.6587117089188427e-08 3.8901883440334583e-08
432 376 0 2.4902374796438776e-08 2.168474229274965e-08
440 376 0 1.3058467665427662e-08 1.1843907131011114e-08
448 376 0 6.7186298888110992e-09 6.3398377766165632e-09
456 376 0 3.3921398363590983e-09 3.3264900524520009e-09
464 376 0 1.6809889337477949e-09 1.7111509026113034e-09
472 376 0 8.1803329261947513e-10 8.6295564112831975e-10
480 376 0 3.9167352766578912e-10 4.26359764953686e-10
488 376 0 1.8617507888054729e-10 2.0549844878524183e-10
496 376 0 9.1648636678244225e-11 9.4526442202303068e-11
504 376 0 5.503257973690325e-11 3.6616056941340975e-11
0 384 0 5.5029964180953031e-06 3.645234656020869e-06
8 384 0 6.490744190196105e-06 4.2911724157443549e-06
16 384 0 8.5571063009108427e-06 5.6410788533619782e-06
24 384 0 1.1880338005023404e-05 7.8086284897579229e-06
32 384 0 1.6718298883574914e-05 1.0957854856764888e-05
40 384 0 2.3394911374357248e-05 1.5294082058108158e-05
48 384 0 3.2279183270751257e-05 2.1050062549201966e-05
56 384 0 4.3755424002412746e-05 2.8466531193396881e-05
64 384 0 5.8184199085134429e-05 3.7766989339760198e-05
72 384 0 7.5855048991634152e-05 4.9127489799251416e-05
80 384 0 9.6933877172691824e-05 6.2643388134019665e-05
88 384 0 0.00012140988110729296 7.8296254965482142e-05
96 384 0 0.00014904854973183429 9.5925140301419233e-05
104 384 0 0.00017935813555812236 0.00011520685853959838
112 384 0 0.00021157675260427973 0.00013564968633840278
120 384 0 0.00024468565342489424 0.00015660372400387563
128 384 0 0.00027745137047179209 0.00017728923675196186
136 384 0 0.00030849564145201238 0.0001968418405171278
144 384 0 0.0003363880027854519 0.00021437087045574657
152 384 0 0.00035975238100244354 0.0002290251839967421
160 384 0 0.00037737662573435898 0.00024005945178486021
168 384 0 0.00038831314246666677 0.00024689390911143921
176 384 0 0.00039195966116011574 0.00024916149268967744
184 384 0 0.00038811143232742328 0.00024673790600344335
192 384 0 0.0003769793010974883 0.0002397519813896035
200 384 0 0.00035917172048284502 0.00022857544506167622
208 384 0 0.00033564251688262788 0.0002137928624916614
216 384 0 0.00030760987686722393 0.00019615432111215068
224 384 0 0.00027645525852782284 0.00017651530125689402
232 384 0 0.00024361326571290456 0.00015576987762316172
240 384 0 0.0002104644578360878 0.00013478439742601724
248 384 0 0.00017824229608132556 0.00011433871277992318
256 384 0 0.00014796300621623402 9.5080814683676387e-05
264 384 0 0.00012038351177566174 7.7498565069669112e-05
272 384 0 9.5988466749279204e-05 6.1909619848170234e-05
280 384 0 7.5003568280927009e-05 4.8468116215657592e-05
288 384 0 5.7429401552422073e-05 3.7184718690605863e-05
296 384 0 4.3088440111763424e-05 2.7955459783674139e-05
304 384 0 3.1677562638096447e-05 2.0594540416295806e-05
312 384 0 2.2819344757289604e-05 1.4866752288902108e-05
320 384 0 1.6107057314754166e-05 1.0516206300679487e-05
328 384 0 1.1140305183107477e-05 7.2893102027039159e-06
336 384 0 7.5501720405198999e-06 4.9511726569335887e-06
344 384 0 5.0143090312467143e-06 3.2956293106795179e-06
352 384 0 3.2634716587011219e-06 2.1497889913967211e-06
360 384 0 2.0815523340071068e-06 1.37436823600758e-06
368 384 0 1.3012533617300137e-06 8.6116569377539394e-07
376 384 0 7.9732548566287304e-07 5.2890421792548448e-07
384 384 0 4.7889978569555005e-07 3.18425699967323e-07
392 384 0 2.8198656342735673e-07 1.9691322226819331e-07
400 384 0 1.6279083769414009e-07 1.1919572573321664e-07
408 384 0 9.2150041464978635e-08 7.064079622916146e-08
416 384 0 5.1153399627117915e-08 4.099664183786072e-08
424 384 0 2.7849610969526778e-08 2.3303788657591137e-08
432 384 0 1.4872516578476193e-08 1.2977094391050585e-08
440 384 0 7.791628539619571e-09 7.080888038856622e-09
448 384 0 4.0050827293495287e-09 3.7865458102700423e-09
456 384 0 2.0202360074057212e-09 1.9848467219438075e-09
464 384 0 1.0002160274330654e-09 1.0200199799726558e-09
472 384 0 4.8629850321456717e-10 5.1391752421849822e-10
480 384 0 2.3262602411381592e-10 2.5367247910075127e-10
488 384 0 1.1047038809798823e-10 1.221556360158277e-10
496 384 0 5.4326225363116301e-11 5.6144162734871927e-11
504 384 0 3.2591258544783895e-11 2.2441321192119356e-11
0 392 0 3.2454877822822276e-06 2.2575086358130755e-06
8 392 0 3.8310377470539755e-06 2.6597064431421295e-06
16 392 0 5.0565166033739566e-06 3.5005896975368861e-06
24 392 0 7.028663760584617e-06 4.8516742444387874e-06
32 392 0 9.9020389680648956e-06 6.8162599155100187e-06
40 392 0 1.3871076982149027e-05 9.5238343922082215e-06
48 392 0 1.9157708152050606e-05 1.3121475118700651e-05
56 392 0 2.5993691878962197e-05 1.776173212345055e-05
64 392 0 3.4597349743377272e-05 2.3586849341757157e-05
72 392 0 4.5145268296932687e-05 3.0709780694701465e-05
80 392 0 5.7740668846932808e-05 3.9193208325759017e-05
88 392 0 7.2381332686560047e-05 4.9028548420732918e-05
96 392 0 8.8930981283091029e-05 6.0117568448743257e-05
104 392 0 0.00010709857535870448 7.2259560199417874e-05
112 392 0 0.00012642988513915333 8.5146867465126397e-05
120 392 0 0.00014631477029960265 9.8370883125291586e-05
128 392 0 0.00016601192357784415 0.00011143944689394794
136 392 0 0.00018469058639888929 0.00012380505505312308
144 392 0 0.00020148630069589211 0.00013490170208955979
152 392 0 0.00021556555985685863 0.00014418682114558491
160 392 0 0.00022619267747279854 0.00015118394826156044
168 392 0 0.00023279158563750972 0.00015552155682915705
176 392 0 0.00023499568477172391 0.00015696397638839183
184 392 0 0.00023268017637992334 0.00015543125594749994
192 392 0 0.00022597327337038763 0.00015100602772710067
200 392 0 0.00021524502226562086 0.00014392669821722417
208 392 0 0.00020107493850922124 0.00013456757837340664
216 392 0 0.00018420201912695998 0.00012340785774026395
224 392 0 0.00016546269900213917 0.00011099255952568368
232 392 0 0.00014572366743643883 9.7889598276465733e-05
240 392 0 0.00012581690098306558 8.4647556853022221e-05
248 392 0 0.00010648366867878185 7.1758627402543709e-05
256 392 0 8.8332703719086293e-05 5.9630302497147729e-05
264 392 0 7.181549663020929e-05 4.8568015145452451e-05
272 392 0 5.7219173630641286e-05 3.8769293118637917e-05
280 392 0 4.4675133261827254e-05 3.0328435019099754e-05
288 392 0 3.4179895875491852e-05 2.3249505676930221e-05
296 392 0 2.5623687651777207e-05 1.7464752459986217e-05
304 392 0 1.882216354297065e-05 1.2855399095125798e-05
312 392 0 1.3547242007308945e-05 9.2721027499806586e-06
320 392 0 9.5540458858579307e-06 6.5530114288962355e-06
328 392 0 6.6021520250511744e-06 4.5381531580563028e-06
336 392 0 4.4705090690207214e-06 3.0796629714991785e-06
344 392 0 2.9663188150164998e-06 2.0479902162302144e-06
352 392 0 1.9288063383256503e-06 1.3346653203754716e-06
360 392 0 1.2291197738682738e-06 8.5243256013883297e-07
368 392 0 7.6765042986649664e-07 5.3360293186351706e-07
376 392 0 4.6992587528725253e-07 3.2739961037562051e-07
384 392 0 2.8198656342735673e-07 1.9691322226819331e-07
392 392 0 1.6588262043205854e-07 1.161039429952982e-07
400 392 0 9.5673227441395554e-08 7.0209392990662984e-08
408 392 0 5.4105812677170305e-08 4.156741476422525e-08
416 392 0 3.0006224346031649e-08 2.4099588331138655e-08
424 392 0 1.6320954645914341e-08 1.3685269700117309e-08
432 392 0 8.7076730998624508e-09 7.6132815460518898e-09
440 392 0 4.5576322296816669e-09 4.1500408701807839e-09
448 392 0 2.3405531749191165e-09 2.2170790547625503e-09
456 392 0 1.1795275022611482e-09 1.1610256726579683e-09
464 392 0 5.8344753723196404e-10 5.960799650291842e-10
472 392 0 2.8341017323939173e-10 3.0003736399257231e-10
480 392 0 1.3544858873448941e-10 1.4796158450490232e-10
488 392 0 6.4261960733996494e-11 7.1186628000492916e-11
496 392 0 3.1570289265492167e-11 3.2691671468504327e-11
504 392 0 1.8922096603749338e-11 1.3669161941034557e-11
0 400 0 1.8768092775790538e-06 1.3686785047031738e-06
8 400 0 2.2171819888617366e-06 1.6138557581922389e-06
16 400 0 2.9298407249723665e-06 2.12667587840159e-06
24 400 0 4.0774652966241792e-06 2.9511984639604378e-06
32 400 0 5.7509085485229433e-06 4.1511304195419523e-06
40 400 0 8.0646283811143251e-06 5.8064486010347017e-06
48 400 0 1.1149526668087661e-05 8.0081814839629457e-06
56 400 0 1.5142674210700618e-05 1.0851017668261578e-05
64 400 0 2.017371319196256e-05 1.4423636551414712e-05
72 400 0 2.6348244985763117e-05 1.879702331116957e-05
80 400 0 3.3729175248777568e-05 2.4011493598155239e-05
88 400 0 4.2317695774404313e-05 3.0063636912155733e-05
96 400 0 5.2036191317602028e-05 3.6894789965489002e-05
104 400 0 6.2715712411491194e-05 4.438286294721329e-05
112 400 0 7.4090614790377316e-05 5.2339270348776014e-05
120 400 0 8.5802453618056776e-05 6.0512316681545874e-05
128 400 0 9.7414247951943401e-05 6.8597675625900746e-05
136 400 0 0.00010843491336339963 7.6255673035489666e-05
144 400 0 0.00011835220476312915 8.3134095932762962e-05
152 400 0 0.00012667117372795503 8.8894386128903597e-05
160 400 0 0.00013295417238784224 9.3238505084956299e-05
168 400 0 0.00013685800754469844 9.5933578092811283e-05
176 400 0 0.00013816403365676016 9.6831651114963753e-05
184 400 0 0.00013679772749232427 9.5882448887599063e-05
192 400 0 0.00013283548195697922 9.3137791413408413e-05
200 400 0 0.00012649782261655782 8.8747199649063038e-05
208 400 0 0.00011812981079180275 8.2945127717418495e-05
216 400 0 0.00010817087498799138 7.6031144138968601e-05
224 400 0 9.7117526829074681e-05 6.8345172173064485e-05
232 400 0 8.5483192659408969e-05 6.0240474777029858e-05
240 400 0 7.3759591731832461e-05 5.2057309251233122e-05
248 400 0 6.2383667099987273e-05 4.4100001578794578e-05
256 400 0 5.1713093935311038e-05 3.6619609783775255e-05
264 400 0 4.2012032723438092e-05 2.9803463906771198e-05
272 400 0 3.3447314226234937e-05 2.377185940440635e-05
280 400 0 2.6093901592111389e-05 1.8581231669715865e-05
288 400 0 1.9947483504936989e-05 1.4232412370554863e-05
296 400 0 1.4941528442777685e-05 1.0682159208999522e-05
304 400 0 1.096608520176815e-05 7.8560783412025003e-06
312 400 0 7.8859682516115634e-06 5.6612737556973818e-06
320 400 0 5.5565794744693674e-06 3.9974664113885633e-06
328 400 0 3.8363338048693186e-06 2.7658182201818557e-06
336 400 0 2.5953363874820061e-06 1.8751726815387152e-06
344 400 0 1.7205052923646113e-06 1.2458135226518885e-06
352 400 0 1.1176983048870005e-06 8.1110803343864975e-07
360 400 0 7.1158175594148176e-07 5.1753801792679208e-07
368 400 0 4.4400327129345849e-07 3.2364715857303815e-07
376 400 0 2.7154520965519714e-07 1.9838066563205539e-07
384 400 0 1.6279083769414012e-07 1.1919572573321661e-07
392 400 0 9.5673227441395568e-08 7.020939299066297e-08
400 400 0 5.5127434023239805e-08 4.0545793418155762e-08
408 400 0 3.1146516509221139e-08 2.3980917514018667e-08
416 400 0 1.7257029478741202e-08 1.3889487030479937e-08
424 400 0 9.3775809386330553e-09 7.8794485401081462e-09
432 400 0 4.9985020797150117e-09 4.3790788589180437e-09
440 400 0 2.6137972831093145e-09 2.3847047966056972e-09
448 400 0 1.3410617178030692e-09 1.2727355653062453e-09
456 400 0 6.7521026186075024e-10 6.6585145594231898e-10
464 400 0 3.336849835888564e-10 3.4152527827189384e-10
472 400 0 1.6194095743838935e-10 1.7174402615046705e-10
480 400 0 7.7325264357570235e-11 8.4615693080819116e-11
488 400 0 3.6651765627218329e-11 4.0673498730351907e-11
496 400 0 1.7987991055439865e-11 1.8663774571778463e-11
504 400 0 1.0771452288415405e-11 8.1506443153339327e-12
0 408 0 1.0642985445355702e-06 8.1251073304348363e-07
8 408 0 1.2583221334366868e-06 9.5885985542504982e-07
16 408 0 1.6647363872003433e-06 1.2651043377720232e-06
24 408 0 2.3196374294952275e-06 1.7578278671289518e-06
32 408 0 3.2753991692098917e-06 2.4755093793130516e-06
40 408 0 4.598099463491952e-06 3.4665289176223731e-06
48 408 0 6.3634589557605937e-06 4.7860677123270669e-06
56 408 0 8.6509808523380138e-06 6.4916933583626045e-06
64 408 0 1.1536157042131453e-05 8.6375561498311072e-06
72 408 0 1.5080902157420072e-05 1.1267342828343045e-05
80 408 0 1.9322761080469123e-05 1.4406414168308445e-05
88 408 0 2.4263847984000867e-05 1.8053847790403447e-05
96 408 0 2.9860834724599485e-05 2.2175356593002543e-05
104 408 0 3.6017522294260322e-05 2.6698190117230872e-05
112 408 0 4.2581520260128142e-05 3.1509094530249174e-05
120 408 0 4.9346277302086924e-05 3.6456176315969852e-05
128 408 0 5.6059153857314489e-05 4.1355094094628912e-05
136 408 0 6.243546795164451e-05 4.5999445411755118e-05
144 408 0 6.8177593279782257e-05 5.0174611483346892e-05
152 408 0 7.2997391604990398e-05 5.3673782122964632e-05
160 408 0 7.663966546871805e-05 5.6314506919124193e-05
168 408 0 7.890403288777554e-05 5.7953974656922897e-05
176 408 0 7.9662705036034177e-05 5.8501328620725983e-05
184 408 0 7.887207729899476e-05 5.7925650193329514e-05
192 408 0 7.6576755673663489e-05 5.6258726283315731e-05
200 408 0 7.290553255209088e-05 5.3592290064466937e-05
208 408 0 6.8059781594854139e-05 5.007002919694861e-05
216 408 0 6.229563941345297e-05 4.5875235574538409e-05
224 408 0 5.5902063237584942e-05 4.1215463591489738e-05
232 408 0 4.9177293568335467e-05 3.6305899091073502e-05
240 408 0 4.2406337549831172e-05 3.1353254182001289e-05
248 408 0 3.5841806260479846e-05 2.6541860839507427e-05
256 408 0 2.9689838382731856e-05 2.2023255552579182e-05
264 408 0 2.4102035749066353e-05 1.7909996974371739e-05
272 408 0 1.9173471496705215e-05 1.4273842729529722e-05
280 408 0 1.4946059034683953e-05 1.1147842557427436e-05
288 408 0 1.1416007788109842e-05 8.5314757168271471e-06
296 408 0 8.5438032804028483e-06 6.3977251623748368e-06
304 408 0 6.2651371793918296e-06 4.7009480223763199e-06
312 408 0 4.5014282820969375e-06 3.3845399695146259e-06
320 408 0 3.1689366259326646e-06 2.3876428485367028e-06
328 408 0 2.1858894529095596e-06 1.650444351959759e-06
336 408 0 1.4774301520404756e-06 1.1179062354415305e-06
344 408 0 9.7851421283044309e-07 7.4199107953416818e-07
352 408 0 6.3508296009968136e-07 4.8261534478731915e-07
360 408 0 4.039456336704836e-07 3.0763612227099817e-07
368 408 0 2.5181094685422052e-07 1.9219232443923798e-07
376 408 0 1.5385781136299213e-07 1.1768739829220501e-07
384 408 0 9.2150041464978635e-08 7.0640796229161486e-08
392 408 0 5.4105812677170305e-08 4.1567414764225263e-08
400 408 0 3.1146516509221145e-08 2.398091751401866e-08
408 408 0 1.7580862528819315e-08 1.3565653980401831e-08
416 408 0 9.7316618016787867e-09 7.8492007271405279e-09
424 408 0 5.2832820224314936e-09 4.4483797792472931e-09
432 408 0 2.8135006602828584e-09 2.4697813621486351e-09
440 408 0 1.469859352011234e-09 1.3436413082716245e-09
448 408 0 7.5344627923166956e-10 7.164130727795644e-10
456 408 0 3.7900540663308792e-10 3.7444087259858164e-10
464 408 0 1.8713246539198409e-10 1.9187294124110383e-10
472 408 0 9.0735632379239279e-11 9.639683301274481e-11
480 408 0 4.3286312323230825e-11 4.7449320056008454e-11
488 408 0 2.0498427781527827e-11 2.2787884541702999e-11
496 408 0 1.0050187073695648e-11 1.0448240707832178e-11
504 408 0 6.0126906056959668e-12 4.7587616827194385e-12
0 416 0 5.9191124741349431e-07 4.7238729712207587e-07
8 416 0 7.0037960334292565e-07 5.5794253009376115e-07
16 416 0 9.2768333721488605e-07 7.3705304998545724e-07
24 416 0 1.294208844132755e-06 1.0254285853624725e-06
32 416 0 1.8295661878383355e-06 1.4458329813715562e-06
40 416 0 2.5711675643957801e-06 2.0269318990961719e-06
48 416 0 3.5619690441566188e-06 2.8014899116039749e-06
56 416 0 4.8471927732140383e-06 3.8037880791239755e-06
64 416 0 6.4699453270775301e-06 5.0662117150539231e-06
72 416 0 8.4658145782968144e-06 6.615087579123258e-06
80 416 0 1.0856745223969981e-05 8.4660158564991428e-06
88 416 0 1.3644729216575902e-05 1.0619118767424965e-05
96 416 0 1.6806055895244753e-05 1.3054778829354732e-05
104 416 0 2.0286995847236547e-05 1.5730526447023775e-05
112 416 0 2.4001795696685352e-05 1.8579724563442789e-05
120 416 0 2.7833708999550888e-05 2.1512568302536036e-05
128 416 0 3.1639480539813528e-05 2.4419673317500961e-05
136 416 0 3.5257270645213378e-05 2.7178197306431132e-05
144 416 0 3.8517516588374004e-05 2.9660076691408253e-05
152 416 0 4.1255762892273236e-05 3.1741628712717162e-05
160 416 0 4.3326136099202009e-05 3.3313529369516041e-05
168 416 0 4.4613959507611854e-05 3.4290073380163686e-05
176 416 0 4.5046034921452037e-05 3.4616670114582139e-05
184 416 0 4.4597359548172736e-05 3.4274717750822024e-05
192 416 0 4.3293461003996798e-05 3.3283294669666692e-05
200 416 0 4.1208061958905646e-05 3.1697470593185234e-05
208 416 0 3.8456354901578658e-05 2.9603426693275481e-05
216 416 0 3.5184699014340714e-05 2.7110940399112256e-05
224 416 0 3.1557970844916181e-05 2.4344092392668761e-05
232 416 0 2.77460467044742e-05 2.1431246863861268e-05
240 416 0 2.3910929918668317e-05 1.8495407631162855e-05
248 416 0 2.0195856869182436e-05 1.564594939129741e-05
256 416 0 1.6717357156102852e-05 1.2972481226629004e-05
264 416 0 1.3560772936334031e-05 1.0541262812732322e-05
272 416 0 1.077924645404566e-05 8.3942250426595558e-06
280 416 0 8.3957475887844687e-06 6.5503114458994843e-06
288 416 0 6.4073999724787347e-06 5.0086078156311072e-06
296 416 0 4.7912085057443131e-06 3.7525947746585353e-06
304 416 0 3.5102922271453313e-06 2.7548449522464983e-06
312 416 0 2.5198549862487983e-06 1.9815732958481392e-06
320 416 0 1.7723352685924832e-06 1.3966013573401814e-06
328 416 0 1.2214143809331526e-06 9.6447507197640699e-07
336 416 0 8.2478437737508864e-07 6.5264577466538698e-07
344 416 0 5.4575287866771129e-07 4.327613341627318e-07
352 416 0 3.5387689620400112e-07 2.8120606389568025e-07
360 416 0 2.2487208108323198e-07 1.7907355258725162e-07
368 416 0 1.400479287888414e-07 1.1176301806537912e-07
376 416 0 8.5489000529523023e-08 6.8368810833469111e-08
384 416 0 5.1153399627117915e-08 4.099664183786072e-08
392 416 0 3.0006224346031649e-08 2.4099588331138655e-08
400 416 0 1.7257029478741198e-08 1.3889487030479947e-08
408 416 0 9.7316618016787883e-09 7.8492007271405263e-09
416 416 0 5.3817768553133953e-09 4.349884946365393e-09
424 416 0 2.9190149276052022e-09 2.4627619277081931e-09
432 416 0 1.5530154161031589e-09 1.3659995115020433e-09
440 416 0 8.1059418661648134e-10 7.4242122948667757e-10
448 416 0 4.1512798274445245e-10 3.9546620387202889e-10
456 416 0 2.0863176408447328e-10 2.0649621865997917e-10
464 416 0 1.0291834821924983e-10 1.0571341586522345e-10
472 416 0 4.985776727029596e-11 5.3060580948953865e-11
480 416 0 2.3763818032243989e-11 2.6093949238051971e-11
488 416 0 1.1243084324286069e-11 1.252073370795792e-11
496 416 0 5.5069091998891707e-12 5.7361751243968988e-12
504 416 0 3.2916093583161261e-12 2.7210812473798407e-12
0 424 0 3.228857872340546e-07 2.6902546017943971e-07
8 424 0 3.8236202395020603e-07 3.1801757939271962e-07
16 424 0 5.0705354095765154e-07 4.2062979625723451e-07
24 424 0 7.0825286873931268e-07 5.859559753934423e-07
32 424 0 1.0023784840075505e-06 8.2718770383078502e-07
40 424 0 1.4102051005748998e-06 1.1609624638208803e-06
48 424 0 1.955632249404285e-06 1.6063367947523339e-06
56 424 0 2.6638861135996828e-06 2.1833066596143556e-06
64 424 0 3.5591033084572098e-06 2.9108420186203202e-06
72 424 0 4.6613373048760849e-06 3.8044772734207295e-06
80 424 0 5.9831494158694062e-06 4.8735958081005744e-06
88 424 0 7.5260788243517839e-06 6.1186503922241181e-06
96 424 0 9.2774047064754983e-06 7.528651188769255e-06
104 424 0 1.1207689164984352e-05 9.0793066822521955e-06
112 424 0 1.3269595882824504e-05 1.0732199813860848e-05
120 424 0 1.539839898161419e-05 1.2435310017936699e-05
128 424 0 1.7514427910430216e-05 1.4125052629383312e-05
136 424 0 1.9527454470874062e-05 1.5729816174339316e-05
144 424 0 2.1342752046946198e-05 1.7174764541427805e-05
152 424 0 2.2868291057238253e-05 1.8387471835034983e-05
160 424 0 2.4022326883096574e-05 1.9303809216105435e-05
168 424 0 2.4740526796027363e-05 1.9873432711584491e-05
176 424 0 2.498179341314261e-05 2.0064241508309427e-05
184 424 0 2.4732075482443809e-05 1.9865284065728927e-05
192 424 0 2.400569351835323e-05 1.9287767485643567e-05
200 424 0 2.2844013331238352e-05 1.8364048627667294e-05
208 424 0 2.1311630540972645e-05 1.7144724360606013e-05
216 424 0 1.9490536115635723e-05 1.5694162898704992e-05
224 424 0 1.7472972065343147e-05 1.4084998779573034e-05
232 424 0 1.5353822198674819e-05 1.2392224505799381e-05
240 424 0 1.3223395630512331e-05 1.0687534288155986e-05
248 424 0 1.1161351410923241e-05 9.0345054582591952e-06
256 424 0 9.2323037129082781e-06 7.485053443194574e-06
264 424 0 7.483378464363799e-06 6.0773944719702318e-06
272 424 0 5.9437130193599376e-06 4.8355334346857219e-06
280 424 0 4.6256474296608096e-06 3.7701001591236591e-06
288 424 0 3.5271844023911965e-06 2.8802155700875382e-06
296 424 0 2.6352125705202356e-06 2.1559959352240774e-06
304 424 0 1.92899264782365e-06 1.5812995793216814e-06
312 424 0 1.3834810840143093e-06 1.136373902234489e-06
320 424 0 9.721843553890582e-07 8.0015091320342503e-07
328 424 0 6.6937031721392971e-07 5.5204406371922291e-07
336 424 0 4.5158647661325583e-07 3.731979007618328e-07
344 424 0 2.9853190618156934e-07 2.4722097248614195e-07
352 424 0 1.9339219751204382e-07 1.604846986919573e-07
360 424 0 1.2277578459326775e-07 1.0209629648996423e-07
368 424 0 7.6391195625785207e-08 6.3656733163056195e-08
376 424 0 4.658711708918844e-08 3.8901883440334583e-08
384 424 0 2.7849610969526782e-08 2.3303788657591133e-08
392 424 0 1.6320954645914341e-08 1.3685269700117309e-08
400 424 0 9.3775809386330553e-09 7.8794485401081429e-09
408 424 0 5.2832820224314952e-09 4.4483797792472931e-09
416 424 0 2.9190149276052026e-09 2.4627619277081927e-09
424 424 0 1.5817687957728399e-09 1.3372461318323627e-09
432 424 0 8.4077749667641145e-10 7.4099129909642848e-10
440 424 0 4.3844014137752703e-10 4.0233735529888443e-10
448 424 0 2.2433318183287382e-10 2.141069595446532e-10
456 424 0 1.1264190999680127e-10 1.1169127183607255e-10
464 424 0 5.5516726612732251e-11 5.7125183384069017e-11
472 424 0 2.6870641467566092e-11 2.864608514516616e-11
480 424 0 1.2796024011423049e-11 1.4074617456143043e-11
488 424 0 6.0484860156445965e-12 6.747537995778452e-12
496 424 0 2.9596565701976389e-12 3.0888294454469576e-12
504 424 0 1.7674624595092893e-12 1.5241468988068367e-12
0 432 0 1.727796447039082e-07 1.501061425301464e-07
8 432 0 2.0477024328330738e-07 1.7759178066689865e-07
16 432 0 2.7186766252478636e-07 2.3518587843286518e-07
24 432 0 3.80207313083651e-07 3.2804555565566168e-07
32 432 0 5.3871862992961077e-07 4.6365985407793969e-07
40 432 0 7.5871641703908504e-07 6.5148868353581478e-07
48 432 0 1.053242271045245e-06 9.0238997835904e-07
56 432 0 1.4360969715764318e-06 1.227789142023251e-06
64 432 0 1.9205334621944403e-06 1.6385698462627695e-06
72 432 0 2.5176298774770359e-06 2.1437074273990489e-06
80 432 0 3.2344282725216965e-06 2.7487211433477098e-06
88 432 0 4.0719977243356418e-06 3.4540811000161421e-06
96 432 0 5.0236465782030878e-06 4.2537581282724104e-06
104 432 0 6.0735519325901544e-06 5.1341372323941973e-06
112 432 0 7.1960801954442864e-06 6.0735156873802181e-06
120 432 0 8.3560308132378604e-06 7.0423681683763294e-06
128 432 0 9.5099445332120588e-06 8.0044833772181571e-06
136 432 0 1.0608486552272311e-05 8.9189679186017512e-06
144 432 0 1.1599762211365706e-05 9.7429898355804922e-06
152 432 0 1.2433273864530316e-05 1.0435017192707936e-05
160 432 0 1.3064109227915115e-05 1.095821765518146e-05
168 432 0 1.3456886822780717e-05 1.1283639973246647e-05
176 432 0 1.3588986959108859e-05 1.1392806454033751e-05
184 432 0 1.3452669159303949e-05 1.127940632313986e-05
192 432 0 1.3055809182534085e-05 1.0949884335819146e-05
200 432 0 1.2421161297363912e-05 1.042285203387444e-05
208 432 0 1.1584238312075893e-05 9.7273922288967517e-06
216 432 0 1.059007504277408e-05 8.9004610728616426e-06
224 432 0 9.489274295246952e-06 7.9836977700961955e-06
232 432 0 8.3338080881188568e-06 7.0200141105559622e-06
240 432 0 7.1730505257945592e-06 6.050345104717772e-06
248 432 0 6.0504542293589698e-06 5.1108971815642708e-06
256 432 0 5.0011633359421507e-06 4.2311403769661274e-06
264 432 0 4.0507058206447602e-06 3.4326726437190388e-06
272 432 0 3.2147535936998248e-06 2.7289594256601128e-06
280 432 0 2.4998061582692776e-06 2.125841271391532e-06
288 432 0 1.9045614276971707e-06 1.6226229746940258e-06
296 432 0 1.421694476999746e-06 1.2135180935204897e-06
304 432 0 1.0397700094878015e-06 8.8922263833584841e-07
312 432 0 7.4505720562353934e-07 6.3842387839076998e-07
320 432 0 5.2308157286711417e-07 4.4910278252194403e-07
328 432 0 3.5982170271724456e-07 3.0954861449668516e-07
336 432 0 2.4252612809784768e-07 2.0906034851540815e-07
344 432 0 1.6017784011332554e-07 1.383540660682438e-07
352 432 0 1.0366753687723123e-07 8.972466063481259e-08
360 432 0 6.5751766223565297e-08 5.7024018369702453e-08
368 432 0 4.0872217136387951e-08 3.5518978489397255e-08
376 432 0 2.4902374796438776e-08 2.1684742292749664e-08
384 432 0 1.4872516578476193e-08 1.2977094391050589e-08
392 432 0 8.7076730998624524e-09 7.6132815460518881e-09
400 432 0 4.9985020797150125e-09 4.3790788589180428e-09
408 432 0 2.8135006602828589e-09 2.4697813621486364e-09
416 432 0 1.5530154161031589e-09 1.3659995115020437e-09
424 432 0 8.4077749667641145e-10 7.4099129909642848e-10
432 432 0 4.4649901181652651e-10 3.9427848485988494e-10
440 432 0 2.3262377205377576e-10 2.1387523976275075e-10
448 432 0 1.1891727080711968e-10 1.1370650124665609e-10
456 432 0 5.9657151965538675e-11 5.9260118841581001e-11
464 432 0 2.9376557962264127e-11 3.0280594003274548e-11
472 432 0 1.4206018593545973e-11 1.5170539368718154e-11
480 432 0 6.7590584205440325e-12 7.4469601730019401e-12
488 432 0 3.1920050261468122e-12 3.5670533943972203e-12
496 432 0 1.5603930321863356e-12 1.6316119939604766e-12
504 432 0 9.3101029636552981e-13 8.3645216314375954e-13
0 440 0 9.0707320003970165e-08 8.2072324699938032e-08
8 440 0 1.0758798960042342e-07 9.7182253682883965e-08
16 440 0 1.4300913931512594e-07 1.2885852320966042e-07
24 440 0 2.0024066832816419e-07 1.7996664475548681e-07
32 440 0 2.8404631470996621e-07 2.5467231521964456e-07
40 440 0 4.0047088129318114e-07 3.5824553574590391e-07
48 440 0 5.5649474814604213e-07 4.9674752289920283e-07
56 440 0 7.5952308356518292e-07 6.7657388801124886e-07
64 440 0 1.0166922425418397e-06 9.0384121965260061e-07
72 440 0 1.334002321275207e-06 1.1836275562018289e-06
80 440 0 1.7153203070013851e-06 1.5191079655203114e-06
88 440 0 2.1613377119273525e-06 1.9106600124082893e-06
96 440 0 2.6686027090420968e-06 2.355043869160991e-06
104 440 0 3.2287710478719061e-06 2.8447808847182483e-06
112 440 0 3.8282243277308241e-06 3.3678558677134623e-06
120 440 0 4.4481829689441869e-06 3.9078478442936735e-06
128 440 0 5.0653932817595864e-06 4.4445512514524724e-06
136 440 0 5.6533977524120157e-06 4.9550887998602949e-06
144 440 0 6.18431481595591e-06 5.4154473954097962e-06
152 440 0 6.6309726090854264e-06 5.80230125544489e-06
160 440 0 6.9691753420897633e-06 6.0949338858253513e-06
168 440 0 7.1798439060919794e-06 6.2770429166887373e-06
176 440 0 7.2507723161727312e-06 6.3382146429361274e-06
184 440 0 7.1777802994145167e-06 6.2748888598894322e-06
192 440 0 6.9651147082832639e-06 6.0906944742508209e-06
200 440 0 6.6250476404273841e-06 5.7961136569365278e-06
208 440 0 6.1767225188933159e-06 5.4075157931825774e-06
216 440 0 5.6443949095832192e-06 4.9456801331908608e-06
224 440 0 5.0552877589195427e-06 4.4339865363274093e-06
232 440 0 4.437320007704424e-06 3.8964880804144327e-06
240 440 0 3.8169679202186028e-06 3.3560826055759564e-06
248 440 0 3.2174815312170079e-06 2.832972698141962e-06
256 440 0 2.657612481327986e-06 2.3435508546141647e-06
264 440 0 2.1509271421191856e-06 1.8997786785255746e-06
272 440 0 1.7056953005757475e-06 1.5090582931240773e-06
280 440 0 1.3252735739966164e-06 1.1745325842726611e-06
288 440 0 1.0088540558879235e-06 8.9570737180924714e-07
296 440 0 7.5242688152907222e-07 6.6926759547067373e-07
304 440 0 5.4980928662254595e-07 4.8996072286525559e-07
312 440 0 3.9361771455057895e-07 3.5143949107296038e-07
320 440 0 2.7609551713227355e-07 2.4698605573484063e-07
328 440 0 1.8974832802219802e-07 1.7007337469504654e-07
336 440 0 1.2777517855154066e-07 1.1475094954630702e-07
344 440 0 8.4311201872502388e-08 7.5866638240823151e-08
352 440 0 5.4515346858155079e-08 4.9152190019076151e-08
360 440 0 3.4544229778119642e-08 3.1207536445445655e-08
368 440 0 2.1452994503832699e-08 1.9419222632555253e-08
376 440 0 1.3058467665427662e-08 1.1843907131011114e-08
384 440 0 7.791628539619571e-09 7.080888038856622e-09
392 440 0 4.5576322296816669e-09 4.1500408701807855e-09
400 440 0 2.6137972831093149e-09 2.3847047966056976e-09
408 440 0 1.4698593520112342e-09 1.3436413082716247e-09
416 440 0 8.1059418661648144e-10 7.4242122948667746e-10
424 440 0 4.3844014137752713e-10 4.0233735529888433e-10
432 440 0 2.3262377205377576e-10 2.1387523976275075e-10
440 440 0 1.2108634368015935e-10 1.1153742837361641e-10
448 440 0 6.184389542812901e-11 5.9242448252030337e-11
456 440 0 3.0997650111898786e-11 3.0846245316230223e-11
464 440 0 1.5250532618587245e-11 1.5747117493311541e-11
472 440 0 7.3684663786056515e-12 7.8820662399815939e-12
480 440 0 3.5027660793235097e-12 3.8657002992821419e-12
488 440 0 1.6527143284277965e-12 1.8500517508957134e-12
496 440 0 8.0713811952302942e-13 8.4557620890476706e-13
504 440 0 4.8115306339085885e-13 4.4985723297467095e-13
0 448 0 4.6725754974585335e-08 4.398156502938483e-08
8 448 0 5.5465512432356909e-08 5.2122477168066509e-08
16 448 0 7.3812336896001987e-08 6.919680241912395e-08
24 448 0 1.0347587726734308e-07 9.6764791060821111e-08
32 448 0 1.4694927420552893e-07 1.3709704050443728e-07
40 448 0 2.0740049715479272e-07 1.9307038413838841e-07
48 448 0 2.8849453848259232e-07 2.6800020966344981e-07
56 448 0 3.9412886516896217e-07 3.6539421839622075e-07
64 448 0 5.2807228895597687e-07 4.8861995358586286e-07
72 448 0 6.9351122208568655e-07 6.404910991895205e-07
80 448 0 8.9252593271751121e-07 8.2279437428387389e-07
88 448 0 1.125540322504042e-06 1.0357973894233105e-06
96 448 0 1.3908081075399212e-06 1.2777946015021756e-06
104 448 0 1.6840115750830599e-06 1.5447594727888462e-06
112 448 0 1.9980519717587026e-06 1.8301723559721216e-06
120 448 0 2.3230999796573779e-06 2.125082989286809e-06
128 448 0 2.6469498667329337e-06 2.4184434150266528e-06
136 448 0 2.9556838925829051e-06 2.6977138598291106e-06
144 448 0 3.2346094607034438e-06 2.9497053552524662e-06
152 448 0 3.4693875458235479e-06 3.1615850632618785e-06
160 448 0 3.6472350849421723e-06 3.321940257147591e-06
168 448 0 3.7580634022574062e-06 3.4217805038345732e-06
176 448 0 3.7954139954976295e-06 3.4553583206751018e-06
184 448 0 3.7570733248490796e-06 3.4207069745654371e-06
192 448 0 3.6452870380372354e-06 3.3198276702460285e-06
200 448 0 3.4665454694366665e-06 3.1585021709907176e-06
208 448 0 3.230968175767928e-06 2.9457543431253879e-06
216 448 0 2.9513668246643527e-06 2.6930280849188665e-06
224 448 0 2.6421047927138773e-06 2.4131829662056654e-06
232 448 0 2.3178924048881296e-06 2.1194276028162945e-06
240 448 0 1.992656188746177e-06 1.8243117314724258e-06
248 448 0 1.6785999367127662e-06 1.5388815945042416e-06
256 448 0 1.3855393968638557e-06 1.2720730844641303e-06
264 448 0 1.1205481679402199e-06 1.0303789741789657e-06
272 448 0 8.8790790990239354e-07 8.1778739067335395e-07
280 448 0 6.8931857888148396e-07 6.3595499511513246e-07
288 448 0 5.24299163256638e-07 4.8455489263128555e-07
296 448 0 3.9069850184480968e-07 3.6172837968426254e-07
304 448 0 2.8523842103018796e-07 2.6457086559235799e-07
312 448 0 2.0402455175748435e-07 1.895931627930946e-07
320 448 0 1.4297944520924411e-07 1.3311607192302944e-07
328 448 0 9.8173528741989345e-08 9.1574799280208673e-08
336 448 0 6.6048332971269477e-08 6.1726845580271184e-08
344 448 0 4.354087705851376e-08 4.0770324813988628e-08
352 448 0 2.8127140940390443e-08 2.6388205917764636e-08
360 448 0 1.7806408210268989e-08 1.6737821567850653e-08
368 448 0 1.1047968896010567e-08 1.0405025607822132e-08
376 448 0 6.7186298888111e-09 6.3398377766165624e-09
384 448 0 4.0050827293495287e-09 3.7865458102700423e-09
392 448 0 2.3405531749191161e-09 2.2170790547625508e-09
400 448 0 1.3410617178030692e-09 1.2727355653062457e-09
408 448 0 7.5344627923166966e-10 7.164130727795645e-10
416 448 0 4.151279827444525e-10 3.9546620387202894e-10
424 448 0 2.2433318183287385e-10 2.1410695954465328e-10
432 448 0 1.189172708071197e-10 1.1370650124665606e-10
440 448 0 6.184389542812901e-11 5.9242448252030337e-11
448 448 0 3.1558238521839319e-11 3.0285656906289691e-11
456 448 0 1.5803835429090033e-11 1.5754403092749286e-11
464 448 0 7.7685519388931296e-12 8.0352834901969033e-12
472 448 0 3.7502162158475846e-12 4.0183357230455451e-12
480 448 0 1.7812058572612552e-12 1.9690103585863291e-12
488 448 0 8.3967996939960729e-13 9.4152588786164794e-13
496 448 0 4.0968258925679637e-13 4.2999738014281091e-13
504 448 0 2.4400644882190135e-13 2.371466145689575e-13
0 456 0 2.3621078286602755e-08 2.310467668798258e-08
8 456 0 2.8061389314500492e-08 2.7404123117856417e-08
16 456 0 3.7386673207804519e-08 3.6425663688197468e-08
24 456 0 5.2473961874453728e-08 5.1001915392889349e-08
32 456 0 7.4603443670460686e-08 7.2345830535068248e-08
40 456 0 1.0540402318757466e-07 1.0199647396721806e-07
48 456 0 1.4676353400990219e-07 1.4173100447269013e-07
56 456 0 2.0069429202979892e-07 1.9343457313916325e-07
64 456 0 2.6914859619267923e-07 2.5892369276329764e-07
72 456 0 3.5378584727716566e-07 3.3972537480852089e-07
80 456 0 4.5570257373785818e-07 4.3682335897965302e-07
88 456 0 5.7514752425444629e-07 5.5039279824959571e-07
96 456 0 7.1125415637564006e-07 6.7955395116428115e-07
104 456 0 8.6182997613027563e-07 8.2218159895278426e-07
112 456 0 1.0232439815242598e-06 9.7480799023444278e-07
120 456 0 1.1904482747579124e-06 1.1326517048994655e-06
128 456 0 1.3571572402302835e-06 1.2897926265026502e-06
136 456 0 1.5161885619520929e-06 1.4394953306308123e-06
144 456 0 1.6599473409755702e-06 1.5746621197278737e-06
152 456 0 1.7810114148807888e-06 1.6883761309427591e-06
160 456 0 1.8727568974436101e-06 1.7744781874985622e-06
168 456 0 1.929951763041864e-06 1.8281116392155422e-06
176 456 0 1.9492445684745263e-06 1.8461694270231032e-06
184 456 0 1.9294858733749936e-06 1.827587451474086e-06
192 456 0 1.8718402948046538e-06 1.7734467432325816e-06
200 456 0 1.7796743013699602e-06 1.6868711680667063e-06
208 456 0 1.6582344598457567e-06 1.5727337159221713e-06
216 456 0 1.5141580852156871e-06 1.4372087394486655e-06
224 456 0 1.3548787325584144e-06 1.287226060155463e-06
232 456 0 1.1879995569639842e-06 1.1298928479241453e-06
240 456 0 1.0207069194251875e-06 9.7194926932098955e-07
248 456 0 8.5928543963569684e-07 8.1931449707706941e-07
256 456 0 7.0877655012482571e-07 6.7676284673903003e-07
264 456 0 5.7279931527455133e-07 5.4774885266566862e-07
272 456 0 4.535290891790564e-07 4.3437882072333714e-07
280 456 0 3.5181027321148455e-07 3.3750830566999941e-07
288 456 0 2.6736658965493599e-07 2.5693257360170201e-07
296 456 0 1.9906694972750844e-07 1.9163155211730125e-07
304 456 0 1.4520667104233172e-07 1.4003174998785623e-07
312 456 0 1.037708294401511e-07 1.0025372231733325e-07
320 456 0 7.2656635142468824e-08 7.0322810066775286e-08
328 456 0 4.9842586851380316e-08 4.8330941890609029e-08
336 456 0 3.3501885703947395e-08 3.2546447267322082e-08
344 456 0 2.2064974122789361e-08 2.1475902935724399e-08
352 456 0 1.424062822082758e-08 1.3886512719562864e-08
360 456 0 9.0069212990112186e-09 8.7994869112577706e-09
368 456 0 5.5831434299680948e-09 5.4648254660424717e-09
376 456 0 3.3921398363590991e-09 3.3264900524520009e-09
384 456 0 2.0202360074057212e-09 1.9848467219438075e-09
392 456 0 1.179527502261148e-09 1.1610256726579681e-09
400 456 0 6.7521026186075024e-10 6.6585145594231898e-10
408 456 0 3.7900540663308797e-10 3.7444087259858169e-10
416 456 0 2.0863176408447328e-10 2.0649621865997922e-10
424 456 0 1.1264190999680127e-10 1.1169127183607258e-10
432 456 0 5.9657151965538688e-11 5.9260118841581014e-11
440 456 0 3.0997650111898793e-11 3.0846245316230217e-11
448 456 0 1.5803835429090033e-11 1.5754403092749286e-11
456 456 0 7.9073988693428037e-12 7.8964365597472292e-12
464 456 0 3.8836149944240037e-12 4.0237838749188e-12
472 456 0 1.8731828462944788e-12 2.0104321481295249e-12
480 456 0 8.8892564804531692e-13 9.8425719824916186e-13
488 456 0 4.1867976869264682e-13 4.7024587935267011e-13
496 456 0 2.0408142056627626e-13 2.1459834812637055e-13
504 456 0 1.2144489380986589e-13 1.2256155501203546e-13
0 464 0 1.172098498078224e-08 1.1900093305820515e-08
8 464 0 1.3935209189407048e-08 1.4126180125093443e-08
16 464 0 1.8587381250368872e-08 1.8799291957435647e-08
24 464 0 2.6119016344319173e-08 2.6354945530134555e-08
32 464 0 3.7175196022590749e-08 3.7428247647869937e-08
40 464 0 5.2577805475355198e-08 5.2826217712219467e-08
48 464 0 7.3281036503308742e-08 7.3482497506593451e-08
56 464 0 1.0030432733963339e-07 1.0038996469016553e-07
64 464 0 1.3463985295331545e-07 1.3450874323936378e-07
72 464 0 1.7713522648925076e-07 1.766506207879149e-07
80 464 0 2.2835694129474873e-07 2.2734563244310945e-07
88 464 0 2.8844562801536633e-07 2.8670189623907996e-07
96 464 0 3.5697943999331526e-07 3.542747163823248e-07
104 464 0 4.3286561971614336e-07 4.2896435641413227e-07
112 464 0 5.1428136135372523e-07 5.0896262017053457e-07
120 464 0 5.9868259385258572e-07 5.9176568090532672e-07
128 464 0 6.8289297321114211e-07 6.7426426701914138e-07
136 464 0 7.6327567260541649e-07 7.5291288934667638e-07
144 464 0 8.3597877617466434e-07 8.2396856480090583e-07
152 464 0 8.9723312489889365e-07 8.8377828998189513e-07
160 464 0 9.4367151518255325e-07 9.2908538226105687e-07
168 464 0 9.7263221837926217e-07 9.5731954466260178e-07
176 464 0 9.8240925497105362e-07 9.6683531350347266e-07
184 464 0 9.7241715444797282e-07 9.5706871892702074e-07
192 464 0 9.4324842077170654e-07 9.2859187403294731e-07
200 464 0 8.9661598830621426e-07 8.8305831306374594e-07
208 464 0 8.3518830203875651e-07 8.230461578070002e-07
216 464 0 7.6233875151336873e-07 7.5181933370231841e-07
224 464 0 6.8184172749423529e-07 6.7303700506417909e-07
232 464 0 5.9755292116819407e-07 5.9044663579579017e-07
240 464 0 5.1311098851890419e-07 5.075959309062833e-07
248 464 0 4.3169177708571297e-07 4.2759366254998387e-07
256 464 0 3.5583633545813734e-07 3.5294021466668837e-07
264 464 0 2.8736190739321904e-07 2.8543740788133229e-07
272 464 0 2.2735324760306785e-07 2.2617584157598855e-07
280 464 0 1.7622180716141503e-07 1.7558846605006951e-07
288 464 0 1.3381391578230684e-07 1.3355267387262915e-07
296 464 0 9.9546523230156151e-08 9.9520426497352287e-08
304 464 0 7.2550061320376627e-08 7.2656609721955097e-08
312 464 0 5.1801674925249232e-08 5.1969154514901869e-08
320 464 0 3.6237270586596788e-08 3.6419364555872036e-08
328 464 0 2.4836366159702916e-08 2.50062206916774e-08
336 464 0 1.6678642063449966e-08 1.6823243640497429e-08
344 464 0 1.0974795636022958e-08 1.1090178486766403e-08
352 464 0 7.076560473767139e-09 7.1640677470604406e-09
360 464 0 4.4716593672834468e-09 4.5352619317277719e-09
368 464 0 2.7693017471891018e-09 2.813841682778993e-09
376 464 0 1.6809889337477953e-09 1.7111509026113038e-09
384 464 0 1.0002160274330654e-09 1.0200199799726558e-09
392 464 0 5.8344753723196404e-10 5.9607996502918399e-10
400 464 0 3.336849835888564e-10 3.4152527827189384e-10
408 464 0 1.8713246539198409e-10 1.9187294124110388e-10
416 464 0 1.0291834821924983e-10 1.0571341586522345e-10
424 464 0 5.5516726612732258e-11 5.7125183384069011e-11
432 464 0 2.9376557962264127e-11 3.0280594003274561e-11
440 464 0 1.5250532618587249e-11 1.5747117493311544e-11
448 464 0 7.7685519388931296e-12 8.0352834901969033e-12
456 464 0 3.8836149944240029e-12 4.0237838749188009e-12
464 464 0 1.9057555541703429e-12 1.9778594402536607e-12
472 464 0 9.184225353570007e-13 9.8733301881334224e-13
480 464 0 4.3547062336094583e-13 4.8295191199605492e-13
488 464 0 2.0492550887645775e-13 2.3054511448448805e-13
496 464 0 9.9795127923675986e-14 1.0513038095278177e-13
504 464 0 5.9334958740229727e-14 6.2109935069636165e-14
0 472 0 5.7117060613926154e-09 6.0092789193896246e-09
8 472 0 6.7959900418549521e-09 7.1392191475520961e-09
16 472 0 9.0750788244352268e-09 9.5123024259336457e-09
24 472 0 1.2767206138866375e-08 1.3351810205452798e-08
32 472 0 1.81915212052627e-08 1.8983674817328049e-08
40 472 0 2.5755172831838265e-08 2.6822632643516933e-08
48 472 0 3.593165677774905e-08 3.7349379725559692e-08
56 472 0 4.9227970994239762e-08 5.1076356345393627e-08
64 472 0 6.6139068616890313e-08 6.8500784336425138e-08
72 472 0 8.7089847521497005e-08 9.0045378967753755e-08
80 472 0 1.123673350232282e-07 1.1598960627152054e-07
88 472 0 1.420485027450718e-07 1.4639712527029453e-07
96 472 0 1.7593179438884253e-07 1.8104764560447273e-07
104 472 0 2.1348237181313853e-07 2.1938324790300483e-07
112 472 0 2.5380168606322189e-07 2.6047967529050334e-07
120 472 0 2.95630807100137e-07 3.0305178675244872e-07
128 472 0 3.3739383311039742e-07 3.4549914010074469e-07
136 472 0 3.7728286896958461e-07 3.8599280363583188e-07
144 472 0 4.1338014243631308e-07 4.2259863373835126e-07
152 472 0 4.4380677136487182e-07 4.5342635353402183e-07
160 472 0 4.6688261442061275e-07 4.767889007619405e-07
168 472 0 4.8127856383113129e-07 4.9135365454813088e-07
176 472 0 4.8614229655557982e-07 4.962669584154738e-07
184 472 0 4.8118113324215e-07 4.9123602120582283e-07
192 472 0 4.6669095057086835e-07 4.7655747020083819e-07
200 472 0 4.4352722978568617e-07 4.5308875852052809e-07
208 472 0 4.1302212280800521e-07 4.2216617923075129e-07
216 472 0 3.7685856804321726e-07 3.8548018347015147e-07
224 472 0 3.3691780662575158e-07 3.4492392086848371e-07
232 472 0 2.9511930640873875e-07 3.0243361475945532e-07
240 472 0 2.532717752451988e-07 2.5983921327370539e-07
248 472 0 2.1295087400041407e-07 2.187409030852989e-07
256 472 0 1.7541414565067047e-07 1.8042218980746687e-07
264 472 0 1.4155759376072231e-07 1.4580431363249673e-07
272 472 0 1.119123851549507e-07 1.1544086244811715e-07
280 472 0 8.6675279033020739e-08 8.9546528128394296e-08
288 472 0 6.5763231829334057e-08 6.8050683952972781e-08
296 472 0 4.8881417940755604e-08 5.0665105289400547e-08
304 472 0 3.5594475644901137e-08 3.695558567547549e-08
312 472 0 2.5392682253905096e-08 2.6408992671344135e-08
320 472 0 1.774738848878849e-08 1.8489882097808298e-08
328 472 0 1.2152810354158476e-08 1.268355580554444e-08
336 472 0 8.1537171788667585e-09 8.5249248845832074e-09
344 472 0 5.3603761734346137e-09 5.6144194625883443e-09
352 472 0 3.4532130604343851e-09 3.6233474133327539e-09
360 472 0 2.1800749134516337e-09 2.2915844538318131e-09
368 472 0 1.3488834963146592e-09 1.4204182508744426e-09
376 472 0 8.1803329261947513e-10 8.6295564112832016e-10
384 472 0 4.8629850321456717e-10 5.1391752421849822e-10
392 472 0 2.8341017323939173e-10 3.0003736399257231e-10
400 472 0 1.6194095743838935e-10 1.7174402615046705e-10
408 472 0 9.0735632379239266e-11 9.6396833012744823e-11
416 472 0 4.985776727029596e-11 5.3060580948953865e-11
424 472 0 2.6870641467566092e-11 2.8646085145166166e-11
432 472 0 1.4206018593545974e-11 1.5170539368718154e-11
440 472 0 7.3684663786056532e-12 7.8820662399815956e-12
448 472 0 3.7502162158475854e-12 4.0183357230455442e-12
456 472 0 1.8731828462944788e-12 2.0104321481295241e-12
464 472 0 9.184225353570005e-13 9.8733301881334245e-13
472 472 0 4.4223391776905918e-13 4.7618861758794152e-13
480 472 0 2.0950883024381252e-13 2.3272508752524663e-13
488 472 0 9.8506100471328105e-14 1.1100272977248442e-13
496 472 0 4.7926036309818227e-14 5.1869091613857759e-14
504 472 0 2.8470895328125609e-14 3.0864063412104119e-14
0 480 0 2.7386794759100742e-09 2.9730265854825412e-09
8 480 0 3.2611129915868195e-09 3.5348770502681327e-09
16 480 0 4.3596969026095455e-09 4.7153819218256813e-09
24 480 0 6.1405593042710796e-09 6.6266468345952958e-09
32 480 0 8.7590465326754829e-09 9.4324746725872168e-09
40 480 0 1.2413592612093232e-08 1.3341580219745033e-08
48 480 0 1.7335353934055639e-08 1.8596302843693411e-08
56 480 0 2.3772381999941868e-08 2.5455588994297894e-08
64 480 0 3.196755954852744e-08 3.4171509068362873e-08
72 480 0 4.2130373855141518e-08 4.4959473666355487e-08
80 480 0 5.440378418014021e-08 5.7963550843087988e-08
88 480 0 6.8828807863784256e-08 7.3219694881287547e-08
96 480 0 8.5310765419331188e-08 9.0621028969511341e-08
104 480 0 1.0359209590194921e-07 1.0989027591118932e-07
112 480 0 1.2323698288613929e-07 1.305647031770826e-07
120 480 0 1.4363248875553218e-07 1.5199831834460482e-07
128 480 0 1.6400938980776014e-07 1.7338444330263728e-07
136 480 0 1.83483536917049e-07 1.9379933205253562e-07
144 480 0 2.0111564001159856e-07 2.1226450242471452e-07
152 480 0 2.1598436011950414e-07 2.2782241124536768e-07
160 480 0 2.2726504361698286e-07 2.3961757080362992e-07
168 480 0 2.3430487118416004e-07 2.4697369264697128e-07
176 480 0 2.3668499103840415e-07 2.4945730551717569e-07
184 480 0 2.3426149399279337e-07 2.4691963924935666e-07
192 480 0 2.271797169971581e-07 2.3951123357371022e-07
200 480 0 2.1585992078751509e-07 2.2766730899817108e-07
208 480 0 2.00956280481228e-07 2.1206584232677721e-07
216 480 0 1.8329469280005665e-07 1.935638752431606e-07
224 480 0 1.6379754245361404e-07 1.7312026417213754e-07
232 480 0 1.4340486842751963e-07 1.5171443798121911e-07
240 480 0 1.2300117506477399e-07 1.3027060018042481e-07
248 480 0 1.0335557182684742e-07 1.0959530217356665e-07
256 480 0 8.5080370510976434e-08 9.0333775139694035e-08
264 480 0 6.8610241743882762e-08 7.2947352016839549e-08
272 480 0 5.4201089189900521e-08 5.7711295965050178e-08
280 480 0 4.1945413324419084e-08 4.4729865708601655e-08
288 480 0 3.1799412755787459e-08 3.3963819073546598e-08
296 480 0 2.3616511048957153e-08 2.5264906891798451e-08
304 480 0 1.7182310111470519e-08 1.8412165533430618e-08
312 480 0 1.2246927667976051e-08 1.3145754585929046e-08
320 480 0 8.5519804015150572e-09 9.1954080872734325e-09
328 480 0 5.8508364703517166e-09 6.3019738838067599e-09
336 480 0 3.9219527890264824e-09 4.2317643898402762e-09
344 480 0 2.5759947144697751e-09 2.7843814589648386e-09
352 480 0 1.6579615834052701e-09 1.795251477029115e-09
360 480 0 1.0457385132130463e-09 1.1343364002385873e-09
368 480 0 6.4643764104978942e-10 7.0244585526486978e-10
376 480 0 3.9167352766578907e-10 4.2635976495368606e-10
384 480 0 2.326260241138159e-10 2.5367247910075127e-10
392 480 0 1.3544858873448941e-10 1.4796158450490232e-10
400 480 0 7.7325264357570248e-11 8.4615693080819103e-11
408 480 0 4.3286312323230838e-11 4.7449320056008428e-11
416 480 0 2.3763818032243992e-11 2.6093949238051968e-11
424 480 0 1.2796024011423049e-11 1.4074617456143043e-11
432 480 0 6.7590584205440334e-12 7.4469601730019401e-12
440 480 0 3.5027660793235105e-12 3.8657002992821427e-12
448 480 0 1.7812058572612554e-12 1.9690103585863299e-12
456 480 0 8.8892564804531712e-13 9.8425719824916165e-13
464 480 0 4.3547062336094593e-13 4.8295191199605452e-13
472 480 0 2.0950883024381252e-13 2.3272508752524663e-13
480 480 0 9.9171386256621979e-14 1.1033744398719055e-13
488 480 0 4.6587636789735761e-14 5.2583749466886218e-14
496 480 0 2.2645087306083346e-14 2.5280949003734881e-14
504 480 0 1.3441001103127927e-14 1.5029894224997683e-14
0 488 0 1.3037822322883921e-09 1.4348972436216821e-09
8 488 0 1.5537349373969415e-09 1.707378054189878e-09
16 488 0 2.0795693913025316e-09 2.280127511307014e-09
24 488 0 2.9325424922799852e-09 3.2080168119910944e-09
32 488 0 4.1877522435293925e-09 4.5712942891460904e-09
40 488 0 5.9412508552996393e-09 6.4723417567935927e-09
48 488 0 8.3051194221593883e-09 9.0302345118962509e-09
56 488 0 1.1399895184515105e-08 1.2372486815426762e-08
64 488 0 1.534395736868386e-08 1.662360217984358e-08
72 488 0 2.0239886375779372e-08 2.1890487479362146e-08
80 488 0 2.6158385738480582e-08 2.8245398441659628e-08
88 488 0 3.3121025318800246e-08 3.570778254498401e-08
96 488 0 4.1083713719720061e-08 4.4227051699611127e-08
104 488 0 4.9923294542150384e-08 5.3668801359798826e-08
112 488 0 5.9429838077882884e-08 6.3807144808256404e-08
120 488 0 6.9306951511663931e-08 7.4325537243868251e-08
128 488 0 7.9181707778658327e-08 8.482768202910181e-08
136 488 0 8.862464045120322e-08 9.4858896465845776e-08
144 488 0 9.7178815303137121e-08 1.0393682470846144e-07
152 488 0 1.0439549896136144e-07 1.115888611581427e-07
160 488 0 1.0987267561270149e-07 1.1739236800428138e-07
168 488 0 1.1329187557861379e-07 1.2101299560554624e-07
176 488 0 1.144486639734373e-07 1.2223632706496685e-07
184 488 0 1.1327276362741504e-07 1.2098873036537833e-07
192 488 0 1.0983508245121356e-07 1.1734463454594454e-07
200 488 0 1.0434067722974014e-07 1.1151924355777496e-07
208 488 0 9.7108615172016595e-08 1.0384766530921141e-07
216 488 0 8.8541458887757529e-08 9.4753233912299125e-08
224 488 0 7.9088400653041169e-08 8.4709141800572875e-08
232 488 0 6.9206702195278546e-08 7.4198166232241089e-08
240 488 0 5.9325983657998456e-08 6.3675191406775527e-08
248 488 0 4.9819118682390007e-08 5.3536453144457412e-08
256 488 0 4.0982220416153984e-08 4.409815009482245e-08
264 488 0 3.3024707475796408e-08 3.5585534268086353e-08
272 488 0 2.606899459586931e-08 2.8132094594031211e-08
280 488 0 2.0158191388354805e-08 2.1787221936064279e-08
288 488 0 1.5269461068862512e-08 1.6529951686924947e-08
296 488 0 1.1330434199486641e-08 1.2286076849470512e-08
304 488 0 8.2362415965253494e-09 8.9460685149451699e-09
312 488 0 5.8652098349951966e-09 6.3817178329808539e-09
320 488 0 4.091906022655353e-09 4.4600743788597042e-09
328 488 0 2.796884300869163e-09 3.0539521694825536e-09
336 488 0 1.8730645433329858e-09 2.0488882456934965e-09
344 488 0 1.2290980432171535e-09 1.3468966712526215e-09
352 488 0 7.9032460623440841e-10 8.6763697717086167e-10
360 488 0 4.980154071033224e-10 5.4772310610972392e-10
368 488 0 3.0756354273542329e-10 3.3887409831436613e-10
376 488 0 1.8617507888054727e-10 2.054984487852418e-10
384 488 0 1.104703880979882e-10 1.221556360158277e-10
392 488 0 6.4261960733996481e-11 7.1186628000492929e-11
400 488 0 3.6651765627218322e-11 4.0673498730351926e-11
408 488 0 2.0498427781527823e-11 2.2787884541703015e-11
416 488 0 1.1243084324286069e-11 1.2520733707957923e-11
424 488 0 6.0484860156445965e-12 6.747537995778452e-12
432 488 0 3.1920050261468126e-12 3.5670533943972207e-12
440 488 0 1.6527143284277969e-12 1.8500517508957134e-12
448 488 0 8.3967996939960729e-13 9.4152588786164815e-13
456 488 0 4.1867976869264687e-13 4.7024587935267021e-13
464 488 0 2.0492550887645778e-13 2.3054511448448815e-13
472 488 0 9.8506100471328105e-14 1.1100272977248442e-13
480 488 0 4.6587636789735761e-14 5.2583749466886218e-14
488 488 0 2.1865932045029477e-14 2.4721704744706284e-14
496 488 0 1.0618299902795063e-14 1.2026787403288283e-14
504 488 0 6.2969478271381147e-15 7.1440532759898122e-15
0 496 0 6.4291392631571319e-10 6.608683059726789e-10
8 496 0 7.6682703768579533e-10 7.8690789971114613e-10
16 496 0 1.0276290779810748e-09 1.0519403133214568e-09
24 496 0 1.4509862660159325e-09 1.4815562262640528e-09
32 496 0 2.0745401638425613e-09 2.1132120796868312e-09
40 496 0 2.9465014094691742e-09 2.9947494458304651e-09
48 496 0 4.1232263764700502e-09 4.1818930456893381e-09
56 496 0 5.6654631417432065e-09 5.7344320427718988e-09
64 496 0 7.6330588940893182e-09 7.7108984745945415e-09
72 496 0 1.0078125065838575e-08 1.0161761309940797e-08
80 496 0 1.3036945929212289e-08 1.3121439809268292e-08
88 496 0 1.6521256006487407e-08 1.6599769312312839e-08
96 496 0 2.0509844338810813e-08 2.0573869380909248e-08
104 496 0 2.4941696802702315e-08 2.4981597739448069e-08
112 496 0 2.9711985867959886e-08 2.9717852209922999e-08
120 496 0 3.4672099922369225e-08 3.4634851589294706e-08
128 496 0 3.9634544366659179e-08 3.9547163411999147e-08
136 496 0 4.4382964455762875e-08 4.4241675995440345e-08
144 496 0 4.868680797258559e-08 4.8492007330551531e-08
152 496 0 5.2319381351725064e-08 5.2076117609636377e-08
160 496 0 5.5077396941428798e-08 5.4795278671272689e-08
168 496 0 5.6799697705300345e-08 5.6492177873313449e-08
176 496 0 5.7382778588803962e-08 5.7065885384633343e-08
184 496 0 5.6791039379262673e-08 5.6481724248152364e-08
192 496 0 5.5060366731125325e-08 5.4774715720088236e-08
200 496 0 5.2294547897395902e-08 5.2046129332344236e-08
208 496 0 4.8655010666019926e-08 4.8453604505996669e-08
216 496 0 4.4345289991928753e-08 4.4196168895828776e-08
224 496 0 3.959228651760359e-08 3.9496114135437579e-08
232 496 0 3.4626699725459423e-08 3.4580002469819123e-08
240 496 0 2.9664952717940381e-08 2.9661030940058076e-08
248 496 0 2.4894514397742488e-08 2.4924604284647519e-08
256 496 0 2.0463867647550499e-08 2.0518352768603485e-08
264 496 0 1.6477605088903705e-08 1.6547102386892703e-08
272 496 0 1.2996398607971211e-08 1.3072595987898099e-08
280 496 0 1.0041002603315925e-08 1.011718878503888e-08
288 496 0 7.5990868473097037e-09 7.6703742215528083e-09
296 496 0 5.6335734928277798e-09 5.6968607066588609e-09
304 496 0 4.091246950652443e-09 4.1449946458729064e-09
312 496 0 2.9106546236196054e-09 2.9545552113755912e-09
320 496 0 2.0286457675134248e-09 2.0632602551419282e-09
328 496 0 1.3852333811199171e-09 1.4116509197492459e-09
336 496 0 9.2675479237778533e-10 9.463097509552006e-10
344 496 0 6.0751813253912346e-10 6.2157991067803007e-10
352 496 0 3.9024457753343998e-10 4.0008002870096843e-10
360 496 0 2.4565849651902551e-10 2.523569105842969e-10
368 496 0 1.515588557131562e-10 1.5600468702226708e-10
376 496 0 9.1648636678244212e-11 9.4526442202303055e-11
384 496 0 5.4326225363116288e-11 5.6144162734871914e-11
392 496 0 3.1570289265492154e-11 3.2691671468504327e-11
400 496 0 1.7987991055439862e-11 1.866377457177846e-11
408 496 0 1.0050187073695647e-11 1.0448240707832177e-11
416 496 0 5.5069091998891699e-12 5.7361751243968996e-12
424 496 0 2.9596565701976385e-12 3.088829445446958e-12
432 496 0 1.5603930321863359e-12 1.6316119939604768e-12
440 496 0 8.0713811952302952e-13 8.4557620890476736e-13
448 496 0 4.0968258925679637e-13 4.2999738014281091e-13
456 496 0 2.0408142056627629e-13 2.1459834812637058e-13
464 496 0 9.9795127923675998e-14 1.0513038095278178e-13
472 496 0 4.792603630981824e-14 5.1869091613857759e-14
480 496 0 2.2645087306083349e-14 2.528094900373489e-14
488 496 0 1.0618299902795063e-14 1.2026787403288286e-14
496 496 0 5.1510297603036267e-15 5.4672701424914367e-15
504 496 0 3.0518092939577604e-15 3.2451385331803543e-15
0 504 0 3.866707006778989e-10 2.5624322563781429e-10
8 504 0 4.615565171956163e-10 3.0527052049017902e-10
16 504 0 6.1923658726129023e-10 4.0839249071978455e-10
24 504 0 8.7536226365263292e-10 5.7562400236329953e-10
32 504 0 1.252907825872613e-09 8.216323379699483e-10
40 504 0 1.7813343945519635e-09 1.1651670149172107e-09
48 504 0 2.4951356212945522e-09 1.628090755175498e-09
56 504 0 3.4315691678735467e-09 2.2338939738696598e-09
64 504 0 4.6274414344318686e-09 3.0056174596574497e-09
72 504 0 6.1149371905725906e-09 3.9631878752659845e-09
80 504 0 7.9166632141887722e-09 5.120282715023517e-09
88 504 0 1.0040284650995431e-08 6.4809713554919766e-09
96 504 0 1.2473339778556139e-08 8.0365045602546734e-09
104 504 0 1.5178978404378852e-08 9.7627183983234628e-09
112 504 0 1.8093434258621051e-08 1.1618551609338835e-08
120 504 0 2.1125974140423043e-08 1.3546125781946182e-08
128 504 0 2.4161848203975506e-08 1.5472696162683674e-08
136 504 0 2.7068407967163678e-08 1.7314556488599197e-08
144 504 0 2.9704105479445185e-08 1.8982702493140404e-08
152 504 0 3.1929610934914525e-08 2.0389770416810539e-08
160 504 0 3.3619874978577123e-08 2.1457521962851675e-08
168 504 0 3.4675701724669019e-08 2.2123995980631327e-08
176 504 0 3.5033352630839302e-08 2.2349425957964661e-08
184 504 0 3.4670895035053932e-08 2.2120144344208741e-08
192 504 0 3.361042094124147e-08 2.1449945789883855e-08
200 504 0 3.191582576434933e-08 2.0378722133046573e-08
208 504 0 2.9686455713319411e-08 1.8968554952700515e-08
216 504 0 2.7047497226438155e-08 1.7297792765490598e-08
224 504 0 2.4138394664216272e-08 1.5453891853387318e-08
232 504 0 2.1100777185217822e-08 1.3525922540241601e-08
240 504 0 1.8067330571536217e-08 1.1597622146404163e-08
248 504 0 1.5152789614474231e-08 9.7417247832682575e-09
256 504 0 1.2447814925766071e-08 8.0160527217844275e-09
264 504 0 1.0016040448382077e-08 6.4615646405216281e-09
272 504 0 7.8941228056963335e-09 5.1022758022748776e-09
280 504 0 6.0942635203151459e-09 3.9467390830007792e-09
288 504 0 4.6084543308035235e-09 2.9906325165061803e-09
296 504 0 3.4136257692520069e-09 2.2199477235757729e-09
304 504 0 2.4769418104221689e-09 1.6143051402302741e-09
312 504 0 1.7606404828559708e-09 1.1500141407636346e-09
320 504 0 1.2260250780767957e-09 8.0262068943662904e-10
328 504 0 8.3641881947127454e-10 5.4881456164864255e-10
336 504 0 5.5907389590972961e-10 3.6768089646805572e-10
344 504 0 3.661542358027103e-10 2.4136389673641316e-10
352 504 0 2.3498494552509762e-10 1.5525963200834236e-10
360 504 0 1.4778558448170816e-10 9.7872912037317343e-11
368 504 0 9.1091588207656602e-11 6.0467267505499602e-11
376 504 0 5.5032579736903244e-11 3.6616056941340969e-11
384 504 0 3.2591258544783888e-11 2.2441321192119356e-11
392 504 0 1.8922096603749331e-11 1.3669161941034557e-11
400 504 0 1.0771452288415402e-11 8.1506443153339294e-12
408 504 0 6.0126906056959659e-12 4.758761682719436e-12
416 504 0 3.2916093583161261e-12 2.7210812473798398e-12
424 504 0 1.7674624595092896e-12 1.5241468988068365e-12
432 504 0 9.3101029636553001e-13 8.3645216314375954e-13
440 504 0 4.8115306339085885e-13 4.4985723297467115e-13
448 504 0 2.440064488219014e-13 2.3714661456895745e-13
456 504 0 1.2144489380986589e-13 1.2256155501203551e-13
464 504 0 5.933495874022974e-14 6.2109935069636153e-14
472 504 0 2.8470895328125615e-14 3.0864063412104125e-14
480 504 0 1.3441001103127927e-14 1.502989422499769e-14
488 504 0 6.2969478271381147e-15 7.1440532759898122e-15
496 504 0 3.0518092939577604e-15 3.2451385331803543e-15
504 504 0 1.8065160479262341e-15 1.2452932460315263e-15
