# amr_dense_snapshot_v1
# step 600
# time 0.732421875
# coarse_n 64
# parts 4
# max_level 3
# fine_n 512
# initial_pattern hotspot
# initial_scale 0.12
# state_components 64
# leaves 11434
# columns i j level value importance
0 0 0 0.00075845686102464212 6.3481904051788289e-05
8 0 0 0.00082193876507643041 0.00012839911163538991
16 0 0 0.00095033787671182032 0.0001959976203423664
24 0 0 0.0011463354970541867 0.00026715214850409801
32 0 0 0.0014134876455582847 0.00034219986175410759
40 0 0 0.0017556875073123923 0.00042079993872543454
48 0 0 0.0021764874460378269 0.00050183107281530186
56 0 0 0.0026783185188531287 0.00058334042482881873
64 0 0 0.0032616589436819474 0.00066255762774743154
72 0 0 0.003924216571429379 0.00073598546245379551
80 0 0 0.0046602020338831745 0.00079957420795087521
88 0 0 0.0054597762418340497 0.00084897914414578356
96 0 0 0.0063087553859798333 0.00087989038409155926
104 0 0 0.0071886457700713925 0.00088841186236597244
112 0 0 0.008077057632437365 0.00088841186236597244
120 0 0 0.0089485111338834054 0.0008714535014460404
128 0 0 0.0097756012214939274 0.00083342521065771918
136 0 0 0.01053043739208254 0.00089843853332856154
144 0 0 0.011186229986134942 0.00095472353587960739
152 0 0 0.011718869206523408 0.0010002230831773155
160 0 0 0.012108346166589094 0.0010333050979813001
168 0 0 0.012339897042424094 0.0010528321135966166
176 0 0 0.012404800015073348 0.0010581817318321696
184 0 0 0.012300801937774655 0.0010492355151578529
192 0 0 0.012032183285063754 0.0010263584037527428
200 0 0 0.011609480639939282 0.00099038282386380502
208 0 0 0.011048882841390065 0.00094259090312150476
216 0 0 0.010371319875006129 0.00088467895740302824
224 0 0 0.0096012810739555133 0.00083585212935319807
232 0 0 0.0087654289446023152 0.00087432129396932019
240 0 0 0.007891107650632995 0.00088623964658595365
248 0 0 0.0070048680040470414 0.00088623964658595365
256 0 0 0.0061311344273416394 0.00087373357670540198
264 0 0 0.0052911219544956719 0.00084001247284596747
272 0 0 0.0045020776304241436 0.00078904432407152832
280 0 0 0.0037768787421857044 0.00072519888823843921
288 0 0 0.0031239786074661923 0.00065290013471951212
296 0 0 0.0025476558658252923 0.00057632274164089994
304 0 0 0.0020484993852596047 0.00049915648056568767
312 0 0 0.0016240492877359393 0.0004244500975236654
320 0 0 0.0012695142712431261 0.0003545350164928132
328 0 0 0.00097849397623944127 0.0002910202950036848
336 0 0 0.00074364955667362059 0.00023484441956582067
344 0 0 0.00055728278728969338 0.00018636676938392721
352 0 0 0.00041180130507610858 0.0001454814822135848
360 0 0 0.00030006294837972222 0.00011173835669638636
368 0 0 0.0002156043807046255 8.4458567675096719e-05
376 0 0 0.00015276773616160333 6.2836644543022178e-05
384 0 0 0.0001067439521723902 4.6023783989213124e-05
392 0 0 7.3553229297041022e-05 3.3190722875349178e-05
400 0 0 4.9982383223995882e-05 2.357084607304514e-05
408 0 0 3.3496516150927208e-05 1.6485867073068674e-05
416 0 0 2.2139178581421317e-05 1.135733756950589e-05
424 0 0 1.4431640655567164e-05 7.7075379258541537e-06
432 0 0 9.2785056673159336e-06 5.1531349882512301e-06
440 0 0 5.8839712713185907e-06 3.394534395997343e-06
448 0 0 3.6807210236543964e-06 2.2032502476641943e-06
456 0 0 2.2717385487892228e-06 1.4089824748651736e-06
464 0 0 1.3842270351596832e-06 8.8751151362953958e-07
472 0 0 8.3419092512506558e-07 5.5003611003461765e-07
480 0 0 4.9998074206789975e-07 3.3421018305716583e-07
488 0 0 3.0310573973648204e-07 1.9687500233141771e-07
496 0 0 1.9478829629893325e-07 1.0831744343754879e-07
504 0 0 1.4699638884685002e-07 4.7791907452083231e-08
0 8 0 0.00082193876507643041 0.00012839911163539002
8 8 0 0.00089072075656019341 0.00013912597002413299
16 8 0 0.0010298467265843264 0.00021238945378945968
24 8 0 0.0012422361803737861 0.00028952875508342292
32 8 0 0.001531764935457209 0.00037091883060080388
40 8 0 0.0019026837660580129 0.0004562005070661648
48 8 0 0.0023588842731241777 0.00054416803090081255
56 8 0 0.0029030523040249902 0.00063271151589799294
64 8 0 0.0035357638199229832 0.00071882912425704588
72 8 0 0.004254592944180029 0.00079872194365073097
80 8 0 0.00505331488783076 0.00086797991665606318
88 8 0 0.0059212948044868232 0.00093565938572341082
96 8 0 0.0068431542973384956 0.001083808958239005
104 8 0 0.0077987971822831735 0.0012378932683191563
112 8 0 0.0087638525314869854 0.0013938740955368092
120 8 0 0.0097105545273427091 0.0015470736909287547
128 8 0 0.010609026432151647 0.0016924200682666007
136 8 0 0.011428875925411102 0.0018247747262078329
144 8 0 0.012140953522014549 0.0019393002683021875
152 8 0 0.012719092289700723 0.0020318034931198509
160 8 0 0.013141651264570394 0.0020989895470016895
168 8 0 0.013392729156020711 0.0021385930415135177
176 8 0 0.013462981746905517 0.0021493983771623034
184 8 0 0.013350037452932508 0.0021311937449834707
192 8 0 0.013058541688816497 0.0020847154619638153
200 8 0 0.012599863463803087 0.0020116237124180956
208 8 0 0.011991473744511569 0.0019144850111015854
216 8 0 0.011255998832409157 0.0017967188111737229
224 8 0 0.01041997105718293 0.0016624721495414312
232 8 0 0.0095123377402668938 0.0015164071351477012
240 8 0 0.0085628350640769013 0.0013634189203448489
248 8 0 0.0076003662383650698 0.0012083255670227236
256 8 0 0.0066515299481885275 0.0010555765175038808
264 8 0 0.0057394244362934015 0.00091210551189512597
272 8 0 0.0048828122328929543 0.00085661220340044718
280 8 0 0.0040956813257323017 0.00078713090716065262
288 8 0 0.0033871907399264612 0.00070849058580584046
296 8 0 0.0027619496362160634 0.00062524110371039781
304 8 0 0.0022205532427550072 0.00054139639346105625
312 8 0 0.0017602871099164103 0.00046026613283859687
320 8 0 0.0013759118254543599 0.00038437528446205044
328 8 0 0.0010604505259794864 0.00031546129947487346
336 8 0 0.00080591781024539374 0.00025453271573409268
344 8 0 0.00060394762491260698 0.00020197018533278676
352 8 0 0.00044629651419622493 0.00015765111071638205
360 8 0 0.00032521521988029947 0.00012108129431592546
368 8 0 0.00023369472255989872 9.1520497320400754e-05
376 8 0 0.00016560191556991936 6.8092806989979355e-05
384 8 0 0.00011572529634316045 4.9876619226758907e-05
392 8 0 7.9752871064663695e-05 3.5972425278496759e-05
400 8 0 5.4203665735703235e-05 2.5549205328960461e-05
408 8 0 3.6331666888254765e-05 1.787199884744847e-05
416 8 0 2.4017475926248177e-05 1.2314190962006588e-05
424 8 0 1.5659117528960838e-05 8.358358397287339e-06
432 8 0 1.0069786294658266e-05 5.5893312343025716e-06
440 8 0 6.3871594284588456e-06 3.6826268661994203e-06
448 8 0 3.9964003424975194e-06 2.3907590859613262e-06
456 8 0 2.4671574444748027e-06 1.5292428980227167e-06
464 8 0 1.5036677052155656e-06 9.6348973925923709e-07
472 8 0 9.0640108547565382e-07 5.9726661973991178e-07
480 8 0 5.4340692574477234e-07 3.6299415973088149e-07
488 8 0 3.2952825428556306e-07 2.1387867145920928e-07
496 8 0 2.1183325187061707e-07 1.1769500241494599e-07
504 8 0 1.5989693419085504e-07 5.1936317679762027e-08
0 16 0 0.00095033787671182043 0.00019599762034236629
8 16 0 0.0010298467265843264 0.00021238945378945946
16 16 0 0.0011906848149678025 0.00024557310768377511
24 16 0 0.0014362579226515776 0.0003348378111059818
32 16 0 0.0017710957337575594 0.00042908643054751557
40 16 0 0.0022001821643050749 0.00052792571404773701
48 16 0 0.0027281078783528119 0.00062998210953054724
56 16 0 0.0033580899878833592 0.00073283060858671169
64 16 0 0.0040909205964700709 0.0008493548260960649
72 16 0 0.0049239231208297136 0.0010245594601387704
80 16 0 0.0058500109595572974 0.0012202051403540004
88 16 0 0.006856954190210234 0.0014338974938964159
96 16 0 0.0079269632555775005 0.0016619733028601126
104 16 0 0.0090366904506023298 0.0018994471972556826
112 16 0 0.010157726627023795 0.0021400773438341302
120 16 0 0.011257628218271464 0.0023765812770408876
128 16 0 0.012301446500418247 0.0026010194020458476
136 16 0 0.013253650651618935 0.0028053302411762404
144 16 0 0.014080253790316737 0.0029819481598963825
152 16 0 0.014750895782820574 0.0031243822268280149
160 16 0 0.015240640811572084 0.0032276256958282817
168 16 0 0.015531322197534229 0.0032883277594869739
176 16 0 0.015612380124067821 0.0033047632053227298
184 16 0 0.015481231197915979 0.0032766916605778355
192 16 0 0.015143257150780312 0.0032052252558925284
200 16 0 0.014611487176221183 0.0030928225233268457
208 16 0 0.013905958755613155 0.0029433180003914858
216 16 0 0.01305271764358288 0.0027618938039706345
224 16 0 0.012082443206724362 0.0025549203782745875
232 16 0 0.011028744875414595 0.0023296286680289935
240 16 0 0.0099262539844217502 0.002093649232271495
248 16 0 0.0088086918053877934 0.0018545006613955497
256 16 0 0.0077071064656924083 0.0016191133843937826
264 16 0 0.0066484417444348728 0.0013934528095451357
272 16 0 0.0056545446594030123 0.0011822752448394109
280 16 0 0.0047416533578423896 0.00098902177453693771
288 16 0 0.0039203460982255526 0.000821307259616837
296 16 0 0.0031958851058905215 0.00072446099233503111
304 16 0 0.0025688597664403046 0.00062702533945021687
312 16 0 0.0020360218631245044 0.00053283790331580018
320 16 0 0.0015912085948774348 0.00044481326824706959
328 16 0 0.0012262628647773802 0.00036494573010005462
336 16 0 0.00093188047448860124 0.00029438239028877898
344 16 0 0.00069833647237068155 0.00023354400211791969
352 16 0 0.00051606483057281907 0.00018227164179786249
360 16 0 0.0003760846486694588 0.00013998018190336027
368 16 0 0.00027028090769892342 0.00010580374097053538
376 16 0 0.00019155796365268656 7.8722944046236864e-05
384 16 0 0.00013388966283297293 5.7668300819713626e-05
392 16 0 9.2291825131671419e-05 4.1597837701301516e-05
400 16 0 6.2741768169400459e-05 2.955005696227096e-05
408 16 0 4.2066501656917802e-05 2.0675266512482657e-05
416 16 0 2.7817109701251014e-05 1.4249391955666788e-05
424 16 0 1.8142407850919826e-05 9.6747018503311886e-06
432 16 0 1.1670763059323742e-05 6.4716447915960837e-06
440 16 0 7.4053480254419683e-06 4.2654150338817736e-06
448 16 0 4.6352369986795371e-06 2.7701110267624312e-06
456 16 0 2.8626682559194702e-06 1.7725687427600669e-06
464 16 0 1.74543316083962e-06 1.1172350950798502e-06
472 16 0 1.0525827508411304e-06 6.928504099984896e-07
480 16 0 6.3132985357242685e-07 4.2125289726870354e-07
488 16 0 3.8303212567484697e-07 2.4829772789757988e-07
496 16 0 2.463532212477463e-07 1.3667890442710067e-07
504 16 0 1.8602644618070919e-07 6.0326775067037112e-08
0 24 0 0.0011463354970541867 0.00026715214850409779
8 24 0 0.0012422361803737859 0.00028952875508342292
16 24 0 0.0014362579226515776 0.0003348378111059818
24 24 0 0.0017325602489648615 0.00040412872721319734
32 24 0 0.0021366889761780588 0.00051808350714132667
40 24 0 0.0026547724833193855 0.00063772929091943792
48 24 0 0.0032925017742388234 0.00077080217570600152
56 24 0 0.0040539460736509691 0.00095089666548682766
64 24 0 0.0049402754225661358 0.0011614175109284242
72 24 0 0.005948482580968484 0.0014020181781493838
80 24 0 0.0070702160999112978 0.0016710789310297172
88 24 0 0.0082908516841066499 0.0019654243687245773
96 24 0 0.0095889365584376132 0.0022801085458312529
104 24 0 0.010936137647858012 0.0026083082892068427
112 24 0 0.012297803970857925 0.0029413746178049496
120 24 0 0.013634209495312351 0.00326909945602381
128 24 0 0.014902465902464095 0.0035802471316243156
136 24 0 0.016058980892795175 0.0038633544800686891
144 24 0 0.017062201950213119 0.0041077036742669833
152 24 0 0.017875278009648589 0.0043042491877831636
160 24 0 0.018468266507400365 0.0044462340215871698
168 24 0 0.018819649957021203 0.0045293531434131111
176 24 0 0.01891714332939055 0.0045515719964104064
184 24 0 0.018757922858493814 0.0045127679299981731
192 24 0 0.018348482406672841 0.0044144031309044894
200 24 0 0.017704309699548029 0.0042596297031996001
208 24 0 0.016849276756004641 0.0040534662918969809
216 24 0 0.015814611447553514 0.0038028774205708139
224 24 0 0.014637363584998949 0.0035166315302687864
232 24 0 0.013358373543443589 0.0032048381650909112
240 24 0 0.012019903216693245 0.0028782420849054642
248 24 0 0.010663192466783343 0.0025474383071303151
256 24 0 0.0093262198500861909 0.0022221573620035406
264 24 0 0.0080418945539800085 0.0019107181651814697
272 24 0 0.0068368199042424232 0.0016196910409059344
280 24 0 0.0057306751323793273 0.0013537686629411846
288 24 0 0.0047361805830157706 0.0011158131818815361
296 24 0 0.0038595526808780762 0.00090703365414657915
304 24 0 0.0031013216268244736 0.00075823105405360258
312 24 0 0.0024573745559952746 0.00064394707082919903
320 24 0 0.0019200946459249318 0.00053727991007034275
328 24 0 0.0014794864860947514 0.00044060815983018044
336 24 0 0.0011242043471077193 0.00035528213898703212
344 24 0 0.00084242817623645934 0.00028177617087125992
352 24 0 0.00062255869330124047 0.00021986948293521887
360 24 0 0.00045372552132065915 0.00016883317198058132
368 24 0 0.00032611958301950717 0.00012760593830115198
376 24 0 0.00023117265888651409 9.494692413299308e-05
384 24 0 0.00016161337172706364 6.955928715945045e-05
392 24 0 0.0001114307530902698 5.0182618636793839e-05
400 24 0 7.5775034020185458e-05 3.5655719070084343e-05
408 24 0 5.0821526682832621e-05 2.4953507337352837e-05
416 24 0 3.3618479594029504e-05 1.7203047088803117e-05
424 24 0 2.193446854382798e-05 1.1684011050201524e-05
432 24 0 1.4115867544390321e-05 7.8186009994376593e-06
440 24 0 8.9606331299654799e-06 5.1552344144248411e-06
448 24 0 5.6112263073580497e-06 3.3494068226074302e-06
456 24 0 3.4670210967305345e-06 2.1442052106275152e-06
464 24 0 2.1149266194996283e-06 1.3520944772309062e-06
472 24 0 1.2760374300728255e-06 8.3888918942680274e-07
480 24 0 7.6575730333535681e-07 5.1028012673746873e-07
488 24 0 4.6485368629435905e-07 3.0090361704099776e-07
496 24 0 2.991556907965218e-07 1.6569799549783725e-07
504 24 0 2.2600184613230518e-07 7.315384466421662e-08
0 32 0 0.0014134876455582845 0.00034219986175410759
8 32 0 0.0015317649354572088 0.00037091883060080388
16 32 0 0.0017710957337575594 0.00042908643054751557
24 32 0 0.0021366889761780584 0.00051808350714132711
32 32 0 0.0026355102296198854 0.00063978655718529686
40 32 0 0.0032752967868051822 0.00079633845704517835
48 32 0 0.0040633039499448249 0.00098985148969531981
56 32 0 0.0050048427391377968 0.001222052474533838
64 32 0 0.00610169293349456 0.0014938845620764609
72 32 0 0.0073505007591178678 0.0018050856724690445
80 32 0 0.008741295030941015 0.0021537691220512942
88 32 0 0.010256276052831227 0.0025360374379483925
96 32 0 0.011869045104268866 0.0029456666099704262
104 32 0 0.013544445937064855 0.003373908243579575
112 32 0 0.015239178588662874 0.0038094763352531091
120 32 0 0.016903308951336161 0.0042388148869766246
128 32 0 0.01848271303408841 0.0046467643385146515
136 32 0 0.019922335372863864 0.0050177042467672676
144 32 0 0.021169905624480102 0.0053370746489333105
152 32 0 0.022179527197431752 0.0055928882371687194
160 32 0 0.022914500528987535 0.0057766705450827058
168 32 0 0.023349003100434314 0.0058834892651209864
176 32 0 0.023468715325800957 0.0059114429930956051
184 32 0 0.023270690788491987 0.0058608721667829274
192 32 0 0.02276288553757733 0.005733438078287946
200 32 0 0.021963939402747629 0.0055327017916525952
208 32 0 0.020902743047901622 0.005264623795148804
216 32 0 0.019617488868124328 0.0049378879631770331
224 32 0 0.018153995115267735 0.004563894650233713
232 32 0 0.0165632117085345 0.0041561079613566844
240 32 0 0.014898145301598709 0.0037289651130954678
248 32 0 0.013210630773913658 0.0032966903240738369
256 32 0 0.011548377212089731 0.0028722595758029143
264 32 0 0.0099526127191614782 0.002466648292963872
272 32 0 0.0084565109451483576 0.0020884031811474729
280 32 0 0.0070844437953205119 0.00174351429480845
288 32 0 0.0058519937648973067 0.0014355259635683917
296 32 0 0.0047665863350246553 0.0011658125745219261
304 32 0 0.0038285672874292767 0.0009380190475953786
312 32 0 0.0030325446983100698 0.00079602258911920694
320 32 0 0.0023688317182125871 0.00066371298009748267
328 32 0 0.0018248554879287655 0.00054397623028382158
336 32 0 0.0013864326604960352 0.00043842282743273035
344 32 0 0.0010388476879301875 0.00034758497256584769
352 32 0 0.00076770256103445423 0.00027114512689573327
360 32 0 0.00055953371424593971 0.00020816884678851453
368 32 0 0.0004022121548980622 0.00015732155934787751
376 32 0 0.00028515634540849494 0.00011705580948956725
384 32 0 0.00019939449743970334 8.57618479687916e-05
392 32 0 0.00013751477048775458 6.187972695194876e-05
400 32 0 9.3539710262138058e-05 4.3975060225616525e-05
408 32 0 6.2756475615316425e-05 3.0783234646821633e-05
416 32 0 4.1528236224354279e-05 2.1228239390962146e-05
424 32 0 2.7105604834943986e-05 1.4422631389410293e-05
432 32 0 1.7450850985258457e-05 9.6547538496855284e-06
440 32 0 1.1082402047984638e-05 6.3684489372738193e-06
448 32 0 6.9429993801375515e-06 4.1394026678470865e-06
456 32 0 4.2918757205765732e-06 2.6511236595609784e-06
464 32 0 2.6193550737192596e-06 1.6725206468573136e-06
472 32 0 1.5811731858919149e-06 1.0381818878273446e-06
480 32 0 9.493727581245935e-07 6.3180042776732142e-07
488 32 0 5.7664714398515377e-07 3.7272561413943973e-07
496 32 0 3.713222682344189e-07 2.0532487575073487e-07
504 32 0 2.8065016812204891e-07 9.0672100112369983e-08
0 40 0 0.0017556875073123921 0.00042079993872543475
8 40 0 0.0019026837660580127 0.00045620050706616502
16 40 0 0.0022001821643050749 0.00052792571404773701
24 40 0 0.0026547724833193855 0.00063772929091943792
32 40 0 0.0032752967868051818 0.00079633845704517878
40 40 0 0.0040716352438503606 0.00098152019578978417
48 40 0 0.0050531554396401447 0.001221033383718333
56 40 0 0.0062268952136716347 0.0015088820147504964
64 40 0 0.0075955774955710209 0.0018464809111934117
72 40 0 0.0091555864315869123 0.0022337991496808388
80 40 0 0.010895064152992309 0.0026688285310438788
88 40 0 0.01279231349077962 0.0031470782539706841
96 40 0 0.014814711714239292 0.0036611311223007734
104 40 0 0.01691835418064443 0.0042003040591766447
112 40 0 0.019048654923915984 0.0047504834348997375
120 40 0 0.021142123838312786 0.0052942752657533371
128 40 0 0.023129477372603062 0.0058117164685812968
136 40 0 0.024940039619631132 0.006281831427063813
144 40 0 0.026506980273413413 0.0066850519517613165
152 40 0 0.027772415434600472 0.007005835645864187
160 40 0 0.028691171074070241 0.0072342335729320383
168 40 0 0.0292324923655553 0.0073653936358457281
176 40 0 0.029380158318896562 0.0073984457735034072
184 40 0 0.029131562955274914 0.0073351344776801247
192 40 0 0.028496323615865276 0.0071766804792136075
200 40 0 0.027496641194400224 0.0069264094407272027
208 40 0 0.026167366843050426 0.0065906778759147258
216 40 0 0.024555376831301361 0.006179611653875268
224 40 0 0.022717889765501448 0.0057075713687769827
232 40 0 0.020719319669891184 0.0051921335169159213
240 40 0 0.018627110414694177 0.0046523080214581104
248 40 0 0.016507321097987495 0.0041067362239639478
256 40 0 0.014420636787892646 0.0035722258197953983
264 40 0 0.01241926101212535 0.0030627635147748959
272 40 0 0.01054491412629583 0.0025890195471835239
280 40 0 0.0088279580901289619 0.002158272315350639
288 40 0 0.0072875197284656985 0.0017746399440111624
296 40 0 0.0059323989095465815 0.0014395029859847457
304 40 0 0.0047625166372451322 0.0011698822723014493
312 40 0 0.0037706653404446099 0.00099185129680052228
320 40 0 0.0029443545956861958 0.00082631074475841403
328 40 0 0.0022675884269549515 0.00067676616873124434
336 40 0 0.0017224569631918612 0.00054513146376309034
344 40 0 0.0012904700836781789 0.00043198687951368224
352 40 0 0.00095360018569979807 0.00033686989797838084
360 40 0 0.00069503327652906751 0.00025856690917073057
368 40 0 0.00049965130357102578 0.00019538197295804172
376 40 0 0.00035428403076171101 0.00014536727280931478
384 40 0 0.00024777663031456769 0.00010650740044714332
392 40 0 0.00017092078468362591 7.6855845630941785e-05
400 40 0 0.00011629405352777852 5.4626731155847389e-05
408 40 0 7.804616947350106e-05 3.8247884054277458e-05
416 40 0 5.1663261579284583e-05 2.6382907894216477e-05
424 40 0 3.3732980825023496e-05 1.7930280754261086e-05
432 40 0 2.1726007263783682e-05 1.2006973561239814e-05
440 40 0 1.3803013056478287e-05 7.9229942073053952e-06
448 40 0 8.6511054876312515e-06 5.1519075688470356e-06
456 40 0 5.3501143483285181e-06 3.3009911393027334e-06
464 40 0 3.2666949342985876e-06 2.0834194140299305e-06
472 40 0 1.9728772638835045e-06 1.2938176704150831e-06
480 40 0 1.1851567960341294e-06 7.8772046784937511e-07
488 40 0 7.2025333692861147e-07 4.649034591055179e-07
496 40 0 4.6405890709528951e-07 2.5619442983332196e-07
504 40 0 3.5089484967294952e-07 1.1316405742233999e-07
0 48 0 0.0021764874460378269 0.00050183107281530186
8 48 0 0.0023588842731241777 0.00054416803090081298
16 48 0 0.0027281078783528119 0.00062998210953054724
24 48 0 0.0032925017742388234 0.00077080217570600065
32 48 0 0.0040633039499448241 0.00098985148969532068
40 48 0 0.0050531554396401447 0.001221033383718333
48 48 0 0.0062741888233584777 0.0014615884050636534
56 48 0 0.0077357772284221311 0.001808180289583218
64 48 0 0.0094420584067644326 0.0022155805136642847
72 48 0 0.011389385581267751 0.0026841908908940663
80 48 0 0.013563892684036188 0.003212100903830133
88 48 0 0.015939391744750304 0.0037944556599314068
96 48 0 0.018475842836540066 0.004422867249540538
104 48 0 0.021118658239821075 0.0050848843867286712
112 48 0 0.023799138358815721 0.0057635494172336744
120 48 0 0.026436399104066123 0.0064371860505027592
128 48 0 0.028941193841184359 0.0070798559318457389
136 48 0 0.031221871046694945 0.0076632752400053877
144 48 0 0.033192032225174729 0.008160740991019079
152 48 0 0.034778251080464659 0.0085520398914414736
160 48 0 0.035925404647002279 0.008826605848751029
168 48 0 0.036597886001401028 0.008981031510402665
176 48 0 0.036778604092399969 0.0090169763407169298
184 48 0 0.036466697432955039 0.0089407385290394548
192 48 0 0.035673004095078883 0.0087503993629517232
200 48 0 0.034423050635127427 0.0084479408881600743
208 48 0 0.032758044718965151 0.0080390900531157675
216 48 0 0.030734988485176629 0.0075345727244057227
224 48 0 0.028425461134278431 0.0069522847354644667
232 48 0 0.025911453186807105 0.0063152308907103646
240 48 0 0.023279418436152288 0.0056483587252596397
248 48 0 0.020614057321951443 0.004975829920823148
256 48 0 0.017992862607688044 0.0043190168852796015
264 48 0 0.015482024526900246 0.0036952822753489808
272 48 0 0.013133933673479354 0.0031174881879058296
280 48 0 0.010986230405479601 0.0025940735516165724
288 48 0 0.0090621596724768608 0.0021294998446310127
296 48 0 0.0073719018955313272 0.0017248901268022291
304 48 0 0.0059145380412076272 0.0014573638543237
312 48 0 0.00468033951513727 0.0012341985260703571
320 48 0 0.0036531275910350607 0.0010272119241022093
328 48 0 0.0028125083853144605 0.00084061920572060019
336 48 0 0.0021358497636170606 0.00067665862169739984
344 48 0 0.0015999214527094143 0.00053592831090764638
352 48 0 0.0011821663743999838 0.00041775507830943046
360 48 0 0.00086160835662861264 0.00032055801777137116
368 48 0 0.00061942839285541789 0.00024217996377319474
376 48 0 0.00043925883219131736 0.00018016956066410053
384 48 0 0.00030725331741240155 0.00013200551477891582
392 48 0 0.00021199149553675646 9.5261821875645091e-05
400 48 0 0.00014427334246667597 6.7718153070080487e-05
408 48 0 9.6850253198595333e-05 4.7423089268080635e-05
416 48 0 6.4130578201258639e-05 3.2719674997336694e-05
424 48 0 4.188745774196405e-05 2.2243120459294588e-05
432 48 0 2.6987664415285913e-05 1.4899793326678138e-05
440 48 0 1.7152367789268534e-05 9.8352966260173785e-06
448 48 0 1.0754595434310404e-05 6.3977723549581301e-06
456 48 0 6.6537189521163489e-06 4.1008764821940553e-06
464 48 0 4.0643896274341096e-06 2.5893293246822393e-06
472 48 0 2.4557254891985527e-06 1.608664138235557e-06
480 48 0 1.4759095526629905e-06 9.7981593653556212e-07
488 48 0 8.9740779031953796e-07 5.7850176234345257e-07
496 48 0 5.7850663121443398e-07 3.1890115910510398e-07
504 48 0 4.3761192628699711e-07 1.4089470492743687e-07
0 56 0 0.0026783185188531287 0.00058334042482881916
8 56 0 0.0029030523040249907 0.00063271151589799294
16 56 0 0.0033580899878833592 0.00073283060858671169
24 56 0 0.0040539460736509682 0.00095089666548682766
32 56 0 0.0050048427391377959 0.0012220524745338388
40 56 0 0.0062268952136716347 0.0015088820147504955
48 56 0 0.0077357772284221303 0.0018081802895832189
56 56 0 0.0095439575180053492 0.0021136814024233681
64 56 0 0.011657638920428717 0.0025938183709611953
72 56 0 0.014073576472161817 0.003147787050770335
80 56 0 0.016775993587866321 0.0037740754137851225
88 56 0 0.019733847404681711 0.0044678134844409884
96 56 0 0.022898710086080604 0.0052200572778024062
104 56 0 0.026203542626549746 0.0060170657615990844
112 56 0 0.029562687776049396 0.0068394546393121397
120 56 0 0.032873585154568882 0.0076611886675707133
128 56 0 0.036021049773030098 0.0084489794253451295
136 56 0 0.038885146286700333 0.009163970464140643
144 56 0 0.041352773216193808 0.0097681061224217519
152 56 0 0.043330290971906132 0.010233957488660579
160 56 0 0.044752010495753308 0.010553282791620482
168 56 0 0.045578917511803693 0.010726509106572697
176 56 0 0.045795580433116899 0.010758397111588019
184 56 0 0.045407435961994494 0.010672616348715913
192 56 0 0.044423403458030607 0.010451945534734601
200 56 0 0.042870991523287501 0.010096961465351439
208 56 0 0.040797134772080919 0.0096111539422588793
216 56 0 0.038269561209582352 0.0090032022970802927
224 56 0 0.035377745869742898 0.0082960059087602636
232 56 0 0.03222668407751747 0.0075205229752501879
240 56 0 0.028927777161411927 0.006709758319637979
248 56 0 0.025589887242774591 0.0058948863134224427
256 56 0 0.022311879492967646 0.0051026952559696387
264 56 0 0.019177306802249227 0.004354207904118116
272 56 0 0.016251421861385184 0.0036643562699347799
280 56 0 0.013580303957096173 0.003042394088767943
288 56 0 0.011191659517107874 0.002492702732876809
296 56 0 0.0090967920223335563 0.0020948674947743173
304 56 0 0.007293273182387686 0.0018035188399458703
312 56 0 0.0057679253849918554 0.0015253477973958306
320 56 0 0.0044998130192254512 0.0012681123657664042
328 56 0 0.0034630236697477516 0.0010367893494776996
336 56 0 0.0026290947198249442 0.00083392894992280735
344 56 0 0.0019690050652796287 0.00066008965454531551
352 56 0 0.0014547046928974792 0.00051430037238214951
360 56 0 0.0010601963442294043 0.00039450834866807489
368 56 0 0.00076221329806595839 0.00029798304616344593
376 56 0 0.00054055599167791607 0.00022165730638804232
384 56 0 0.00037815894995440205 0.00016239704172351402
392 56 0 0.00026096004165198153 0.00011719890830242053
400 56 0 0.00017763850462927067 8.3321537022710857e-05
408 56 0 0.00011927862322161429 5.8359881407656376e-05
416 56 0 7.9004385007362178e-05 4.0274238214252117e-05
424 56 0 5.1618539428741692e-05 2.7385845578620486e-05
432 56 0 3.3268444813860923e-05 1.8350094614880769e-05
440 56 0 2.1151692719432947e-05 1.2116752094427976e-05
448 56 0 1.3267103400487407e-05 7.8845893189455406e-06
456 56 0 8.2113345439905577e-06 5.0557688564968488e-06
464 56 0 5.0178530054154666e-06 3.1934815385750911e-06
472 56 0 3.0330728159574936e-06 1.984780189457973e-06
480 56 0 1.8237007802321415e-06 1.2093720357253521e-06
488 56 0 1.10940410354088e-06 7.1429667669126157e-07
496 56 0 7.1552302605942112e-07 3.9388107748145884e-07
504 56 0 5.4146385812053533e-07 1.7405916793888579e-07
0 64 0 0.0032616589436819479 0.00066255762774743111
8 64 0 0.0035357638199229836 0.00071882912425704545
16 64 0 0.0040909205964700709 0.00084935482609606403
24 64 0 0.0049402754225661349 0.0011614175109284251
32 64 0 0.00610169293349456 0.00149388456207646
40 64 0 0.00759557749557102 0.0018464809111934126
48 64 0 0.0094420584067644326 0.0022155805136642847
56 64 0 0.011657638920428717 0.0025938183709611953
64 64 0 0.014251457291389913 0.0029699062315422398
72 64 0 0.017221363522932152 0.0036113389625353765
80 64 0 0.020550069001651444 0.0043394962566373069
88 64 0 0.024201660889122699 0.0051499453143926885
96 64 0 0.02811876736388301 0.0060337976473765348
104 64 0 0.03222060838814883 0.006976943234460152
112 64 0 0.036402142415361535 0.0079588623583244297
120 64 0 0.040534773822139596 0.0089502656834778982
128 64 0 0.044470029198375227 0.0099095577941332585
136 64 0 0.048049116750840976 0.010781879941131667
144 64 0 0.05112087933861556 0.011508979178985052
152 64 0 0.053564248460566712 0.012048481237483553
160 64 0 0.05530529328737379 0.012405502270002984
168 64 0 0.05630542661837639 0.012588962685166051
176 64 0 0.056553977544704918 0.012592319249984142
184 64 0 0.056080052310710407 0.012516147490834642
192 64 0 0.054875348992765208 0.012269383414221416
200 64 0 0.05296795298863894 0.011865809793843198
208 64 0 0.050408288714339798 0.011303989827272994
216 64 0 0.047272763506662645 0.010580971369146451
224 64 0 0.043673751778503161 0.0097300330491221845
232 64 0 0.039747207052767658 0.008795223171289647
240 64 0 0.035637535481049906 0.0078206483027446205
248 64 0 0.031484773556197033 0.0068463509230494365
256 64 0 0.027414574748937284 0.0059054029957286702
264 64 0 0.023531514706367343 0.0050225138893044072
272 64 0 0.019915778131319964 0.0042141834538792812
280 64 0 0.016622698045864116 0.0034897686599906635
288 64 0 0.013684362249984683 0.0029383357958794338
296 64 0 0.01111253001529554 0.0025718322346891427
304 64 0 0.0089022431604924152 0.0022102868548031247
312 64 0 0.0070356677788171954 0.0018665753816752197
320 64 0 0.0054858325104243013 0.0015498352683928941
328 64 0 0.0042200339593517636 0.0012657985510725377
336 64 0 0.0032027649706861802 0.0010172689886655834
344 64 0 0.0023980914204524396 0.00080467355023374062
352 64 0 0.0017714599689436896 0.00062663145150874998
360 64 0 0.0012909634105992521 0.00048049655834443749
368 64 0 0.00092812194042001959 0.00036284147017923249
376 64 0 0.00065825831879300306 0.00026986362162701653
384 64 0 0.00046055369380750038 0.00019770462498550268
392 64 0 0.00031787052845941007 0.00014268316534809031
400 64 0 0.00021642191580917942 0.00010144861265023065
408 64 0 0.00014535492972056501 7.1066986088614409e-05
416 64 0 9.6301794630623534e-05 4.9053135089941477e-05
424 64 0 6.2938451348447494e-05 3.336334328217604e-05
432 64 0 4.0576953727126902e-05 2.2361497621320593e-05
440 64 0 2.5806948059151411e-05 1.4770005667975491e-05
448 64 0 1.6192688962031221e-05 9.6142590971201895e-06
456 64 0 1.0025680043429902e-05 6.1670089186013196e-06
464 64 0 6.1288770678516482e-06 3.8968029755782533e-06
472 64 0 3.7060844257560609e-06 2.4227926420955874e-06
480 64 0 2.2292831328715696e-06 1.4768012928844913e-06
488 64 0 1.3567342903705855e-06 8.7254884250098404e-07
496 64 0 8.7544840931830404e-07 4.812858810522815e-07
504 64 0 6.6272149810626905e-07 2.12726911212035e-07
0 72 0 0.003924216571429379 0.00073598546245379551
8 72 0 0.004254592944180029 0.00079872194365073097
16 72 0 0.0049239231208297136 0.0010245594601387695
24 72 0 0.0059484825809684831 0.0014020181781493847
32 72 0 0.0073505007591178678 0.0018050856724690445
40 72 0 0.0091555864315869123 0.0022337991496808388
48 72 0 0.011389385581267751 0.0026841908908940663
56 72 0 0.014073576472161817 0.003147787050770335
64 72 0 0.017221363522932152 0.0036113389625353765
72 72 0 0.020832702485467529 0.004056862772821225
80 72 0 0.02488956525828875 0.0048873464780607549
88 72 0 0.029351606203515387 0.0058166359830669617
96 72 0 0.034152565011259545 0.0068365608956587054
104 72 0 0.039197551622608982 0.0079339496187373071
112 72 0 0.044361004773685965 0.0090898609729858151
120 72 0 0.049485039505617494 0.010275867371926949
128 72 0 0.054379586992508486 0.011443903842441441
136 72 0 0.058830996691972642 0.012514639685527407
144 72 0 0.062629858517600612 0.013391814724924012
152 72 0 0.065612729698050265 0.013987674126953134
160 72 0 0.067710795557376774 0.014364788940076728
168 72 0 0.068894389303542442 0.014560118485502566
176 72 0 0.069146296794689061 0.014433689584245221
184 72 0 0.068596199801545049 0.014460397455662341
192 72 0 0.067144732406986624 0.014180033306382595
200 72 0 0.064833762782482138 0.013739060520889815
208 72 0 0.061712278541612792 0.013116971738554944
216 72 0 0.057853734875809096 0.012260928520219483
224 72 0 0.053403784827625346 0.011238967612587948
232 72 0 0.048542430224057305 0.010117729827718518
240 72 0 0.043458183783794527 0.0089554248634956882
248 72 0 0.03833112447924647 0.0078029372866906394
256 72 0 0.033319977744665955 0.0067003357509495889
264 72 0 0.02855402859567175 0.0056754627874747027
272 72 0 0.024129961585199245 0.0047451850806925246
280 72 0 0.02011246670585478 0.0040174948793444652
288 72 0 0.016537226511417431 0.0035752401944373485
296 72 0 0.013415191356720079 0.0031220351546973526
304 72 0 0.010737393965216925 0.0026777973915031537
312 72 0 0.0084798086739048088 0.0022575852913121162
320 72 0 0.0066079283597016755 0.0018718803142031334
328 72 0 0.0050808461667488265 0.0015270821929528489
336 72 0 0.0038547143234159841 0.0012261318433328425
344 72 0 0.0028855208983882548 0.0009691934250277293
352 72 0 0.0021311816440328815 0.00075433925435537327
360 72 0 0.0015529886955103335 0.00057819294852254799
368 72 0 0.0011164903570104693 0.00043649833849986421
376 72 0 0.00079189637761774745 0.00032459397939272184
384 72 0 0.00055411175152997251 0.00023778462608777494
392 72 0 0.00038250083021055739 0.00017161092131941512
400 72 0 0.00026047471234341148 0.00012202611786714591
408 72 0 0.00017498106211051828 8.5493650232893207e-05
416 72 0 0.00011595919567021201 5.9021866440306264e-05
424 72 0 7.5806608318884535e-05 4.0152587351327478e-05
432 72 0 4.8887704639856515e-05 2.691890367902802e-05
440 72 0 3.1102377876458214e-05 1.7785326763398302e-05
448 72 0 1.9521761570779633e-05 1.1580616305678581e-05
456 72 0 1.2091006263605028e-05 7.4307553071746047e-06
464 72 0 7.3940660095491754e-06 4.6969402540558529e-06
472 72 0 4.4727811972222369e-06 2.9212848123269385e-06
480 72 0 2.691513118778981e-06 1.781268078443256e-06
488 72 0 1.6387331474022794e-06 1.0527799713767016e-06
496 72 0 1.0578741733993844e-06 5.8085897400289501e-07
504 72 0 8.0108745730353253e-07 2.5678671609585185e-07
0 80 0 0.0046602020338831745 0.00079957420795087608
8 80 0 0.00505331488783076 0.00086797991665606405
16 80 0 0.0058500109595572966 0.0012202051403540004
24 80 0 0.0070702160999112969 0.0016710789310297163
32 80 0 0.0087412950309410133 0.002153769122051296
40 80 0 0.010895064152992309 0.0026688285310438771
48 80 0 0.013563892684036186 0.0032121009038301382
56 80 0 0.016775993587866325 0.003774075413785119
64 80 0 0.020550069001651444 0.0043394962566373103
72 80 0 0.024889565258288754 0.0048873464780607515
80 80 0 0.029776911736349505 0.0053913304502328438
88 80 0 0.035168242186582349 0.0064372205964083051
96 80 0 0.04098912590691825 0.0075925409649372916
104 80 0 0.047131501241346289 0.0088460315382058105
112 80 0 0.05345086574667178 0.010184454619168323
120 80 0 0.059760906877544442 0.011590789106681917
128 80 0 0.065823490834949927 0.013022731935743215
136 80 0 0.071345636377500049 0.014364652109672763
144 80 0 0.076021673242524623 0.015459249781244966
152 80 0 0.079600403825003399 0.016033513078102579
160 80 0 0.082075584497453502 0.016382986154601611
168 80 0 0.083454507789045007 0.016723843822242762
176 80 0 0.083579986378934282 0.015993561344580701
184 80 0 0.08305659725720739 0.016584577883948723
192 80 0 0.081324765713369218 0.016132282177906382
200 80 0 0.078572823303371953 0.015686660001042921
208 80 0 0.074829250280167736 0.015073288071484586
216 80 0 0.070114663396028579 0.014036322430223777
224 80 0 0.064642752440213294 0.012799056519037844
232 80 0 0.058660160051775823 0.011456051091388877
240 80 0 0.052413608647290215 0.010077042107806827
248 80 0 0.046134061765937109 0.0087260415998428667
256 80 0 0.040020313495615543 0.0074506609440280341
264 80 0 0.034229491383146453 0.0062801271753366791
272 80 0 0.02887514666589177 0.0053543447172546832
280 80 0 0.024030142556939436 0.0048450041089523332
288 80 0 0.019731882368602755 0.0042982601883366812
296 80 0 0.015988433724635667 0.0037434486439670879
304 80 0 0.012784788742977258 0.0032036449816584094
312 80 0 0.010088845040936215 0.0026959437020410426
320 80 0 0.0078568574783444336 0.0022319875625917817
328 80 0 0.0060382019197645883 0.0018186555585798453
336 80 0 0.0045793581628434553 0.001458843756921133
344 80 0 0.0034270760688318194 0.0011522820940116358
352 80 0 0.0025307397176445342 0.00089633635118728516
360 80 0 0.0018439872828682868 0.00068675243477624745
368 80 0 0.0013256767979088525 0.00051831048495943428
376 80 0 0.00094030855354860663 0.00038536824436024588
384 80 0 0.00065802348612443485 0.00028228506742417178
392 80 0 0.00045429490271230047 0.00020372858341213438
400 80 0 0.00030942052896774122 0.00014487437374455925
408 80 0 0.00020790591139046511 0.00010151461757727611
416 80 0 0.0001378114204712282 7.0094490919236913e-05
424 80 0 9.0115896498452392e-05 4.7695523972775809e-05
432 80 0 5.8132201382612536e-05 3.1983695115839856e-05
440 80 0 3.6994787613444372e-05 2.1137413769168164e-05
448 80 0 2.3227456174403766e-05 1.3767331439040606e-05
456 80 0 1.439082994249432e-05 8.8366262319094459e-06
464 80 0 8.8034370082234471e-06 5.5873929342708727e-06
472 80 0 5.3271847723049774e-06 3.4762522359184697e-06
480 80 0 3.2068312003519731e-06 2.1203535719530043e-06
488 80 0 1.9532581310385699e-06 1.2535730693134032e-06
496 80 0 1.2614337168509352e-06 6.9182441418763467e-07
504 80 0 9.5553638470701846e-07 3.0589733214391679e-07
0 88 0 0.0054597762418340506 0.00084897914414578269
8 88 0 0.0059212948044868241 0.00093565938572340909
16 88 0 0.0068569541902102332 0.0014338974938964168
24 88 0 0.0082908516841066499 0.0019654243687245755
32 88 0 0.010256276052831225 0.0025360374379483925
40 88 0 0.012792313490779618 0.0031470782539706858
48 88 0 0.015939391744750304 0.0037944556599314033
56 88 0 0.019733847404681707 0.0044678134844409918
64 88 0 0.024201660889122699 0.0051499453143926885
72 88 0 0.029351606203515387 0.0058166359830669617
80 88 0 0.035168242186582349 0.0064372205964083051
88 88 0 0.041605462782990654 0.0069762040888648874
96 88 0 0.048581666871855542 0.0082599947594589329
104 88 0 0.0559775327795521 0.0096613301798059992
112 88 0 0.063635320365840103 0.01117507606575073
120 88 0 0.07135169598422636 0.012816250845920987
128 88 0 0.078846222770693142 0.014594124432203232
136 88 0 0.085710288487172812 0.016331829831502678
144 88 0 0.091480923023769589 0.01788934578004274
152 88 0 0.095633916903105978 0.018128611876505218
160 88 0 0.098458570652055113 0.018221904109026868
168 88 0 0.10017835161128777 0.019760676652930034
176 88 0 0.099573547723514982 0.016043225539395287
184 88 0 0.099641175141156113 0.019556770370450033
192 88 0 0.0974570478912756 0.017895016568527336
200 88 0 0.094259483304414873 0.017633638686406272
208 88 0 0.089902538351652322 0.017303683931530076
216 88 0 0.084150985826252356 0.015888629506005947
224 88 0 0.077441808959251138 0.014370584818724275
232 88 0 0.0701162111431647 0.012765813783217381
240 88 0 0.062490650755097042 0.011134683361357027
248 88 0 0.054860103365779976 0.0095634927836744446
256 88 0 0.047470974439643578 0.0081083228069652874
264 88 0 0.040509618558483132 0.0069613558811604456
272 88 0 0.034104373469551454 0.0064052450889316784
280 88 0 0.02833295995044929 0.0057714135191021636
288 88 0 0.023231094276656518 0.0051018656737927721
296 88 0 0.018800897245241019 0.004430197031415499
304 88 0 0.015018702346789113 0.0037821948984519058
312 88 0 0.011842133388339926 0.0031765689584491875
320 88 0 0.0092163698268292338 0.0026257635615106918
328 88 0 0.0070795304163190718 0.0021368394105101621
336 88 0 0.0053671281422530718 0.001712402274066
344 88 0 0.0040155850697327 0.0013515430725203718
352 88 0 0.0029648376896152964 0.0010507473801174036
360 88 0 0.0021601037536400657 0.00080473393597523066
368 88 0 0.0015529143809103287 0.000607189372729737
376 88 0 0.0011015368069027145 0.00045137757400761421
384 88 0 0.00077092238034549246 0.00033061442655722207
392 88 0 0.00053231214287657088 0.00023861023746892158
400 88 0 0.0003626207795496957 0.00016969136332687518
408 88 0 0.00024370184410346776 0.00011891893544622794
416 88 0 0.00016157599648959568 8.2125847613872079e-05
424 88 0 0.00010568226215955545 5.5893734330040231e-05
432 88 0 6.8192142836754767e-05 3.7490119322800686e-05
440 88 0 4.3409166072878916e-05 2.4782976763875851e-05
448 88 0 2.7262849247535147e-05 1.6146316825343769e-05
456 88 0 1.6896186291484055e-05 1.0366662956051091e-05
464 88 0 1.0339336956076214e-05 6.5568493354078408e-06
472 88 0 6.2586530832098618e-06 4.0806838728663526e-06
480 88 0 3.7688561204815133e-06 2.4897969627283484e-06
488 88 0 2.2964385477202646e-06 1.4724175727612487e-06
496 88 0 1.4836379725020908e-06 8.1280057521817382e-07
504 88 0 1.1241889357236047e-06 3.5944903677848607e-07
0 96 0 0.0063087553859798333 0.00087989038409155926
8 96 0 0.0068431542973384956 0.0010838089582390032
16 96 0 0.0079269632555774988 0.0016619733028601143
24 96 0 0.0095889365584376132 0.0022801085458312494
32 96 0 0.011869045104268863 0.0029456666099704279
40 96 0 0.01481471171423929 0.0036611311223007717
48 96 0 0.018475842836540062 0.004422867249540538
56 96 0 0.0228987100860806 0.0052200572778024062
64 96 0 0.028118767363883006 0.0060337976473765383
72 96 0 0.034152565011259545 0.0068365608956587054
80 96 0 0.04098912590691825 0.0075925409649372916
88 96 0 0.048581666871855542 0.0082599947594589329
96 96 0 0.056841661631314475 0.0087972013280436245
104 96 0 0.065638862959358099 0.010327948928709571
112 96 0 0.074810396431590834 0.011978649994087265
120 96 0 0.084167946830147347 0.013816012856455021
128 96 0 0.093440347202896373 0.016064643024035097
136 96 0 0.10204211831867549 0.018289323719618625
144 96 0 0.10937026880381233 0.021407721735128213
152 96 0 0.1137625287796112 0.020123737032065395
160 96 0 0.11668047476108198 0.01835919609763037
168 96 0 0.1199390282642178 0.021551321079996646
176 96 1 0.11571493341567865 0.016141385692163668
180 96 1 0.1155186131101419 0.015945065386626919
184 96 0 0.11919794551160615 0.021423622823959682
192 96 0 0.11535206445980294 0.018007523440818116
200 96 0 0.11189312199082115 0.019412993426503225
208 96 0 0.1072062222831824 0.020400838746732278
216 96 0 0.1000396153322583 0.017661071084582133
224 96 0 0.091812393777975412 0.015883174497696231
232 96 0 0.082882024926382081 0.013993837758274494
240 96 0 0.073625334116454069 0.012060419933300606
248 96 0 0.064423596149454421 0.010245698058030411
256 96 0 0.055579297246608865 0.0088442989028455557
264 96 0 0.047304891908165447 0.0082744053384434177
272 96 0 0.039736756412917067 0.0075681354952483806
280 96 0 0.032950925957136501 0.0067858304557805657
288 96 0 0.026976117907873524 0.0059748080492629772
296 96 0 0.021804422418732199 0.0051716954891413251
304 96 0 0.017400410144485817 0.0044040122742463814
312 96 0 0.013709057537636852 0.0036913526068489654
320 96 0 0.010662629814485647 0.0030464277231512047
328 96 0 0.0081865416896386017 0.0024760881248470454
336 96 0 0.0062041836483947262 0.0019823580412438755
344 96 0 0.0046407156125728745 0.0015634680358218517
352 96 0 0.0034258650096349475 0.001214850602937927
360 96 0 0.0024958064777544512 0.00093005853188049634
368 96 0 0.0017942355611369487 0.00070157091661750249
376 96 0 0.0012727729809700414 0.00052146258016690723
384 96 0 0.00089084714182763943 0.00038192583914240202
392 96 0 0.00061520087813828051 0.00027564626368935892
400 96 0 0.00041915629755383678 0.00019604458058444373
408 96 0 0.00028175212841301039 0.00013740416914082639
416 96 0 0.00018684463662557911 9.4907491787431285e-05
424 96 0 0.00012223902401911559 6.4605612606463518e-05
432 96 0 7.8895670187483603e-05 4.3343353831631985e-05
440 96 0 5.0236241838612299e-05 2.8659428348871304e-05
448 96 0 3.1559388809608777e-05 1.8676853029003522e-05
456 96 0 1.9564633641431426e-05 1.1994755168177351e-05
464 96 0 1.1975819415680179e-05 7.5888142257512474e-06
472 96 0 7.2514945429848696e-06 4.7243248726953093e-06
480 96 0 4.3681471300330091e-06 2.8833474129518605e-06
488 96 0 2.6625271356068955e-06 1.7056199944261136e-06
496 96 0 1.7207771561478261e-06 9.4174997945906936e-07
504 96 0 1.3042359616124199e-06 4.1654119453540623e-07
176 100 1 0.12795004207136129 0.020559260373067045
180 100 1 0.12771031484478179 0.020538724384847107
0 104 0 0.0071886457700713925 0.00088841186236597418
8 104 0 0.0077987971822831735 0.0012378932683191545
16 104 0 0.009036690450602328 0.0018994471972556826
24 104 0 0.010936137647858011 0.0026083082892068427
32 104 0 0.013544445937064853 0.0033739082435795733
40 104 0 0.016918354180644427 0.0042003040591766447
48 104 0 0.021118658239821071 0.0050848843867286712
56 104 0 0.026203542626549742 0.0060170657615990879
64 104 0 0.03222060838814883 0.0069769432344601451
72 104 0 0.039197551622608975 0.007933949618737314
80 104 0 0.047131501241346289 0.0088460315382058105
88 104 0 0.0559775327795521 0.0096613301798059853
96 104 0 0.065638862959358085 0.010327948928709585
104 104 0 0.07596681188806767 0.010822234537610428
112 104 0 0.086789046425678099 0.012536032587609228
120 104 0 0.097983959686602368 0.014322910916785558
128 104 0 0.10950499022693147 0.017379283274814056
136 104 0 0.12033144203829411 0.019098055825974389
144 104 0 0.13077799053894054 0.02354879633070675
152 104 1 0.13164775723198069 0.017885228452369492
156 104 1 0.13612477439137252 0.022362245611761325
160 104 2 0.13390314178594548 0.017222667024863497
162 104 2 0.13658226840798304 0.019901793646901061
164 104 3 0.13336652407081093 0.016686049309728945
165 104 3 0.13400861052862861 0.017328135767546632
166 104 3 0.13527394641098842 0.018593471649906435
167 104 3 0.13669746547141365 0.020016990710331667
168 104 3 0.13869887322251928 0.019636066915587835
169 104 3 0.1398258556266847 0.020234026605919525
170 104 3 0.14060714520910844 0.020829098941088114
171 104 3 0.14122875689421657 0.021358905676867046
172 104 3 0.14178233417230135 0.021843305908083546
173 104 3 0.14235069014681517 0.02241166188259737
174 104 3 0.14307949303422374 0.023140464770005933
175 104 3 0.14434964644784634 0.024410618183628538
176 104 3 0.14737572992242798 0.021303862914434341
177 104 3 0.14852319385674065 0.021247712959404863
178 104 3 0.14899535639208231 0.021369041607701839
179 104 3 0.14914292960646247 0.021447045156212069
180 104 3 0.14903544501113331 0.021473896561229278
181 104 3 0.14877832127423149 0.021368605435533289
182 104 3 0.14821979216360909 0.021207479689211051
183 104 3 0.14696259846954163 0.021238137321339584
184 104 3 0.14371921281314062 0.024521267301534477
185 104 3 0.14234792151429468 0.023149976002688533
186 104 3 0.14155631263263393 0.022358367121027789
187 104 3 0.14093852566313272 0.021740580151526578
188 104 3 0.14033867977168715 0.021214150042602853
189 104 3 0.1396667901078274 0.020645079850438175
190 104 3 0.13882021205319198 0.020012774847993131
191 104 3 0.13758489212861824 0.01939584327489427
192 104 3 0.13534276043508761 0.019990695975284675
193 104 3 0.1338113040406724 0.018459239580869466
194 104 3 0.13247738885084787 0.01712532439104493
195 104 3 0.13175967885038886 0.016407614390585926
196 104 2 0.13480276531364291 0.019450700853839972
198 104 2 0.13194002020034296 0.01658795574054002
200 104 1 0.13366605411618399 0.02177293212536284
204 104 1 0.12894617671846473 0.017053054727643582
208 104 0 0.12760706102991468 0.022025654099088382
216 104 0 0.11770068641684044 0.018226836315326664
224 104 0 0.10769556827567164 0.017307677823684198
232 104 0 0.096875862684656575 0.01511238141586671
240 104 0 0.085685754049754675 0.012758477047965067
248 104 0 0.074669294207484832 0.011016459842269843
256 104 0 0.064192029511977999 0.010477264695506833
264 104 0 0.054476910533535219 0.0097151189784427799
272 104 0 0.045653198364545483 0.0088237121689897363
280 104 0 0.037784546623429539 0.0078686517411159437
288 104 0 0.030885555828194737 0.0068989907952348023
296 104 0 0.024933516003464693 0.0059520398247300439
304 104 0 0.019877971255843487 0.0050555447476212066
312 104 0 0.015648968004213906 0.0042290032516295803
320 104 0 0.012164225489583683 0.0034847425146302229
328 104 0 0.0093352612856305653 0.0028289642039531181
336 104 0 0.0070724507462749499 0.0022628105393556154
344 104 0 0.0052890092599359772 0.0017834414863389728
352 104 0 0.0039039239463015789 0.0013850853136343983
360 104 0 0.0028439071895350952 0.0010600167567664837
368 104 0 0.0020444856317861195 0.00079942155774897572
376 104 0 0.0014503676893885882 0.00059411794239753123
384 104 0 0.0010152473022811464 0.0004351203871074418
392 104 0 0.00070120173747837951 0.00031404556480276694
400 104 0 0.00047782926373147241 0.0002233724737469071
408 104 0 0.00032125196734444022 0.00015657729638703219
416 104 0 0.00021308374391154869 0.00010816822343289153
424 104 0 0.00013943708261379763 7.3646661297751062e-05
432 104 0 9.0017423028403352e-05 4.9419659585394273e-05
440 104 0 5.7332468315863207e-05 3.2684954712540145e-05
448 104 0 3.6026853089557136e-05 2.1305615226306071e-05
456 104 0 2.2340207994495101e-05 1.3686645095062035e-05
464 104 0 1.3678604630495743e-05 8.6616033639993581e-06
472 104 0 8.284936379282898e-06 5.3936682512128448e-06
480 104 0 4.9921802868114373e-06 3.2927560924714607e-06
488 104 0 3.0438826415827818e-06 1.9482976452286556e-06
496 104 0 1.9679075328255141e-06 1.0759751087572676e-06
504 104 0 1.4919273465117175e-06 4.7598018631379658e-07
164 105 3 0.14619792198781173 0.017928337545939504
165 105 3 0.15071650302549711 0.018229756121630802
166 105 3 0.15371191067690149 0.019004317530077919
167 105 3 0.15613887526350292 0.019669589281480881
168 105 3 0.15833494013810712 0.02010390118983163
169 105 3 0.16005988223260423 0.020578871121446601
170 105 3 0.16143624415019656 0.021049949212830404
171 105 3 0.16258766257108362 0.02148173376979759
172 105 3 0.16361186012426712 0.021858168017796276
173 105 3 0.16460275630552609 0.02225206615871092
174 105 3 0.16567926982079359 0.022599776786569853
175 105 3 0.16700466938511774 0.022655022937271396
176 105 3 0.16867959283686232 0.021881501013450155
177 105 3 0.16977090681614551 0.021739282592347919
178 105 3 0.17036439799978415 0.021730549575935704
179 105 3 0.17058997476267454 0.021746790421106832
180 105 3 0.17050934157236258 0.021749234466670625
181 105 3 0.17014692670976478 0.021719495562503799
182 105 3 0.16942727185282014 0.021708197271884638
183 105 3 0.16820073579088121 0.021837608437241196
184 105 3 0.16636888200502539 0.022649669191884769
185 105 3 0.16491906512846199 0.022571143614167316
186 105 3 0.16374191295684817 0.022185600324214239
187 105 3 0.16266238050681253 0.021749462019226784
188 105 3 0.16155282981429001 0.02134143753624454
189 105 3 0.16031186995826557 0.020879204920666777
190 105 3 0.15883298690118511 0.020382730066374588
191 105 3 0.15698073540351251 0.019895955548846905
192 105 3 0.15462543926644245 0.01947444294848133
193 105 3 0.15207605678411262 0.018799856585937524
194 105 3 0.14898991104554446 0.018005338482624728
195 105 3 0.14441009377092637 0.017678263713200942
160 106 3 0.14345644847728181 0.011323786191350299
161 106 3 0.1490182589847466 0.015812636684466919
162 106 3 0.15388171385422569 0.01797883093042435
163 106 3 0.15806367504786856 0.021481406639885514
164 106 3 0.16412625953375123 0.019166144952303343
165 106 3 0.16894625914712791 0.019273753530845483
166 106 3 0.17271622820697941 0.019675034870156899
167 106 3 0.17580846454498381 0.020123628351877948
168 106 3 0.17843884132793875 0.020525861290183439
169 106 3 0.18063875335405083 0.020922266071998347
170 106 3 0.18248619336302696 0.021304628093466949
171 106 3 0.18406939634088121 0.021654334270166886
172 106 3 0.1854700281420634 0.021954204096358287
173 106 3 0.18676428822109215 0.022184443166333223
174 106 3 0.18802496441278371 0.022345694591990123
175 106 3 0.18930462942910598 0.022311828287274238
176 106 3 0.19056109385031247 0.022177212148293352
177 106 3 0.19151018940849343 0.022091716604558942
178 106 3 0.19209494757571985 0.022061435487995107
179 106 3 0.19233676518378137 0.022054680130678156
180 106 3 0.19225857603903321 0.022051102622640706
181 106 3 0.19186642227226858 0.022046300500856958
182 106 3 0.19113546912470478 0.022062564429867398
183 106 3 0.19003834422812241 0.022136167145822699
184 106 3 0.18863114073586601 0.022262495331260707
185 106 3 0.18721254589105324 0.022293480762591245
186 106 3 0.1858252012547843 0.022098877988121296
187 106 3 0.18441184252603932 0.021843623023973108
188 106 3 0.18289426735053455 0.021517395861216343
189 106 3 0.18119107487893235 0.02114215627298463
190 106 3 0.1792157169675597 0.020737699612773192
191 106 3 0.17687669095235942 0.020325649472269169
192 106 3 0.17409988221492378 0.01991423765273187
193 106 3 0.17087591337005015 0.019450026689349226
194 106 3 0.16699524952816919 0.019026053874900056
195 106 3 0.16208835748412731 0.018889021363270642
196 106 3 0.15596647401183877 0.021163708698195866
197 106 3 0.1517243580231275 0.017636196229133844
198 106 3 0.14676610596471842 0.015492671089851973
199 106 3 0.14114103388941737 0.011052155372070521
160 107 3 0.15478023466863211 0.019926264592098508
161 107 3 0.16483089566921352 0.018828709123960757
162 107 3 0.17186054478465004 0.019200992415333934
163 107 3 0.17766125925069604 0.019758867215487419
164 107 3 0.18329240448605458 0.019859927693777896
165 107 3 0.18822001267797339 0.020019072173980634
166 107 3 0.1923912630771363 0.020293328540263861
167 107 3 0.19593209289686175 0.020618798271934552
168 107 3 0.19896470261812219 0.020948313403397173
169 107 3 0.20156101942604918 0.021274263048524172
170 107 3 0.20379082145649391 0.021586421525692734
171 107 3 0.20572373061104809 0.021871138017691277
172 107 3 0.20742423223842169 0.022114159122538973
173 107 3 0.20894873138742537 0.022300558900391731
174 107 3 0.21034066981289826 0.022415048351220351
175 107 3 0.21161645771638021 0.022448628492556577
176 107 3 0.21273830599860583 0.02241802961851988
177 107 3 0.21360190601305237 0.022383184694672403
178 107 3 0.21415638306371496 0.022363051735904582
179 107 3 0.21439144531445953 0.022353649851804991
180 107 3 0.21430967866167391 0.022348454433761711
181 107 3 0.21391272277312554 0.022346300141750514
182 107 3 0.21319803355457217 0.022353850074399162
183 107 3 0.21217451137394511 0.022376239675288706
184 107 3 0.21089363606712672 0.022394318827934107
185 107 3 0.2094639905086377 0.022345136633444201
186 107 3 0.2079240792429056 0.022211409118906317
187 107 3 0.20625546555001242 0.022003076843603003
188 107 3 0.20441166321175089 0.0217367732613441
189 107 3 0.20233323115191698 0.021428830302150453
190 107 3 0.19995341658033289 0.021094875102321664
191 107 3 0.19720234042462859 0.020749426816468824
192 107 3 0.19401411986765565 0.020401662769633427
193 107 3 0.19032594005939937 0.02005491285353378
194 107 3 0.18602130340306924 0.019754895366166564
195 107 3 0.18097737884739795 0.019565570627125384
196 107 3 0.17524777540557279 0.019431284638933899
197 107 3 0.16936055425226135 0.018844654688984941
198 107 3 0.1622587770545704 0.018452237306419983
199 107 3 0.15219318926148789 0.019512079278123401
152 108 2 0.14133087410421477 0.010931834962755654
154 108 2 0.15064003949254937 0.020384526253093865
156 108 3 0.1518123605022621 0.015687586110889579
157 108 3 0.15519109284224131 0.019066318450868786
158 108 3 0.15907765076422342 0.0229528763728509
159 108 3 0.1643932934964869 0.028268519105114381
160 108 3 0.17470649926073062 0.021278860983857034
161 108 3 0.18365960479317428 0.020370044779229518
162 108 3 0.19106153719998398 0.020232567536190571
163 108 3 0.19742012646618345 0.020371823854028831
164 108 3 0.20315233217983247 0.0204904582578673
165 108 3 0.20823908485195403 0.020644068223909823
166 108 3 0.21268459161740016 0.020855125635741406
167 108 3 0.21655089116879631 0.021104553625390182
168 108 3 0.21991301602151936 0.021368874730013004
169 108 3 0.22283528247457335 0.021634508866474722
170 108 3 0.22537724298218664 0.021890032346368188
171 108 3 0.22759486862873937 0.0221239375948315
172 108 3 0.22953839136096066 0.022324971921968417
173 108 3 0.2312492902878171 0.022482772203569923
174 108 3 0.23275571816411861 0.022589457367556409
175 108 3 0.23406508620893679 0.022643755011966693
176 108 3 0.23515633561712571 0.022657247703849109
177 108 3 0.23598509070772478 0.022654103955239702
178 108 3 0.23651943479961954 0.02264810504303591
179 108 3 0.23674509516626452 0.022642583694604534
180 108 3 0.23665813309543562 0.022636937296153098
181 108 3 0.23625902291487605 0.022630768758194253
182 108 3 0.23555188362897134 0.022624467997706454
183 108 3 0.23455075104923381 0.022614789756623871
184 108 3 0.23328795489506082 0.022587567268606279
185 108 3 0.23180912714208191 0.022517551577411532
186 108 3 0.23013548836181191 0.022392758596503526
187 108 3 0.22825854239361543 0.022214770957015628
188 108 3 0.22614843647309499 0.021992129589234855
189 108 3 0.22376206145406743 0.021735937672786365
190 108 3 0.22104829168265455 0.021458053317868181
191 108 3 0.21795176724109741 0.021170121352309224
192 108 3 0.21441578263728908 0.020882767778774125
193 108 3 0.21038085291293315 0.020607852918412217
194 108 3 0.20577619876923581 0.020367910554266816
195 108 3 0.20054294947452334 0.020181999021948699
196 108 3 0.19467906004450669 0.020028567052971458
197 108 3 0.18820520894124629 0.01985401026712505
198 108 3 0.18071101436099038 0.019954757153969743
199 108 3 0.17170526853961129 0.020816189308276195
200 108 3 0.16138872941063537 0.027722675294451382
201 108 3 0.15605319402721465 0.022387139911030668
202 108 3 0.15214163747598874 0.018475583359804759
203 108 3 0.14870596705863065 0.015039912942446665
204 108 2 0.14729379553864513 0.019634427597928716
206 108 2 0.13808587751237161 0.010478816482456937
156 109 3 0.1652920119883097 0.019671432854681675
157 109 3 0.17374717227554598 0.020153155764567526
158 109 3 0.18059801189110733 0.021520361126883908
159 109 3 0.18765943234875485 0.023266138852267942
160 109 3 0.19598536024458765 0.021547450426728815
161 109 3 0.2040296495724038 0.02113473188654133
162 109 3 0.21129410473617455 0.020982134839056088
163 109 3 0.21779195032021229 0.021000091280123534
164 109 3 0.22364279043769977 0.021080670390618617
165 109 3 0.22888315307586385 0.021206233023428861
166 109 3 0.23353971725314157 0.021373112397181954
167 109 3 0.23765544479418649 0.021569910098013401
168 109 3 0.24128189075153236 0.02178254733917237
169 109 3 0.24446979134104807 0.021999219449316876
170 109 3 0.24726727532855483 0.022209548037672527
171 109 3 0.24971880622357087 0.022403833000339018
172 109 3 0.25186336328292908 0.022573190588906833
173 109 3 0.25373206249138702 0.022710230679988397
174 109 3 0.25534517553167502 0.022810355541598548
175 109 3 0.25670884122090348 0.022873773382452445
176 109 3 0.25781358332097482 0.022907185087868487
177 109 3 0.25863919466296448 0.022921961679514269
178 109 3 0.25916753984265545 0.022926765466579957
179 109 3 0.25938767886086905 0.022925728730232298
180 109 3 0.25929507039158872 0.022920030142472569
181 109 3 0.2588897916730703 0.022909459485232264
182 109 3 0.25817635162667779 0.022892555577860074
183 109 3 0.25716554080585768 0.022864979632071902
184 109 3 0.2558755221636671 0.022817712558607317
185 109 3 0.25432667871949344 0.022738866777346434
186 109 3 0.25252824695831544 0.02262145932501225
187 109 3 0.25047331335063105 0.022465322922096187
188 109 3 0.24814056606232984 0.022275299836031354
189 109 3 0.2454979991268538 0.022059068965106426
190 109 3 0.24250634500052273 0.021825684554050345
191 109 3 0.23912188859340663 0.021584719626354915
192 109 3 0.23529855041606321 0.021345992917591455
193 109 3 0.23098870583134537 0.021120452874197476
194 109 3 0.22614410932350262 0.02092159179658773
195 109 3 0.22072494849647203 0.020760695271543561
196 109 3 0.21470762709747815 0.020641763873955055
197 109 3 0.20805921920837134 0.020582899387282722
198 109 3 0.20066577151496012 0.020691405103355348
199 109 3 0.19252145784788749 0.021054838442395946
200 109 3 0.18412640445996245 0.022737675049327083
201 109 3 0.17701375163413197 0.020960557606917313
202 109 3 0.17013975647921931 0.019535929785061246
203 109 3 0.16172171112988848 0.019021578762739022
152 110 3 0.14701829152662882 0.016240300987688278
153 110 3 0.15750712660731206 0.016879960772916314
154 110 3 0.16728926342592526 0.01895520403114842
155 110 3 0.17475986806536123 0.024119828572811863
156 110 3 0.18496344484299138 0.020927953338475247
157 110 3 0.19390032804011351 0.021079101502466613
158 110 3 0.20189875718636152 0.021533149161341025
159 110 3 0.20965018578557598 0.021990753436821137
160 110 3 0.21753281067131647 0.021779829065383116
161 110 3 0.22516438145894513 0.021633778219057848
162 110 3 0.23227623957523064 0.021555668733788724
163 110 3 0.23879204160033582 0.021560250951214693
164 110 3 0.24472346082831839 0.021620392276624351
165 110 3 0.25008938609929271 0.021721540885459634
166 110 3 0.25491282965032352 0.021855596319144077
167 110 3 0.25922535489219989 0.022013790350433216
168 110 3 0.26306443809070473 0.022186492082179488
169 110 3 0.26646901079036495 0.022364523212325682
170 110 3 0.26947682336622736 0.022539301379178645
171 110 3 0.27212263922390989 0.022702798421371129
172 110 3 0.27443655387183591 0.022847824575335629
173 110 3 0.27644229317137542 0.022968665870236771
174 110 3 0.27815553107327357 0.02306199555845645
175 110 3 0.27958261460335593 0.023127815676725005
176 110 3 0.2807207684088433 0.023169766249037105
177 110 3 0.28156115634247875 0.023193796732429328
178 110 3 0.2820943053092354 0.023205269556945129
179 110 3 0.28231340759110135 0.023207539076931571
180 110 3 0.28221510053406129 0.023202000229180231
181 110 3 0.28179925115830257 0.023188491795216037
182 110 3 0.28106890720453787 0.023165328520129036
183 110 3 0.28003052043792959 0.02312888189760276
184 110 3 0.27869323472227442 0.023073471027295789
185 110 3 0.27706554549683987 0.022992799656252505
186 110 3 0.27514970628332769 0.022882976675022759
187 110 3 0.27293863627272724 0.022743891074720524
188 110 3 0.2704158658983612 0.022578858130469948
189 110 3 0.26755706809196023 0.02239359176448108
190 110 3 0.26433202955457308 0.022195196582437182
191 110 3 0.26070660821976155 0.021991444380768332
192 110 3 0.25664454333365466 0.021790460056808403
193 110 3 0.25210915870554285 0.021600863162782924
194 110 3 0.24706570112009035 0.021431851565122673
195 110 3 0.2414856437680156 0.021292013474250554
196 110 3 0.2353493909714332 0.021189514054314407
197 110 3 0.22864211859565406 0.021139056250646299
198 110 3 0.22135717661831547 0.021167737755387966
199 110 3 0.21357629629028343 0.02126090415146048
200 110 3 0.20557178057549821 0.021445376115535764
201 110 3 0.19772761279879111 0.020908197682311475
202 110 3 0.18967568626428055 0.020405085476085688
203 110 3 0.1807432898926275 0.020201429770230012
204 110 3 0.17062206630944843 0.023328270770803294
205 110 3 0.16323437996369927 0.018166201106539159
206 110 3 0.15361667872856577 0.016134450459841077
207 110 3 0.14339344325908043 0.015786382229165757
152 111 3 0.15845693536208022 0.027678944823139678
153 111 3 0.17438708738022837 0.020945301702393115
154 111 3 0.18624446745707368 0.020907301252286709
155 111 3 0.19613921913328083 0.021508809906865323
156 111 3 0.20589139818146662 0.021576442995211442
157 111 3 0.21497942954258012 0.021696627749012765
158 111 3 0.22343190634770255 0.021904176292448257
159 111 3 0.23149312365635152 0.022062304813041417
160 111 3 0.23931263973669958 0.022089451761594714
161 111 3 0.24679815967800298 0.022059223435972525
162 111 3 0.25383190830901936 0.022040871460268452
163 111 3 0.26035229255155051 0.022059210586084566
164 111 3 0.26634385310494274 0.02211344982685004
165 111 3 0.27181092698475234 0.022198257917966813
166 111 3 0.2767684259694676 0.022308222009338075
167 111 3 0.2812391452426331 0.022437401281082014
168 111 3 0.28525093017288422 0.02257930000511893
169 111 3 0.28883353400269063 0.022727225330525236
170 111 3 0.292016124745406 0.022874434929451237
171 111 3 0.29482543764528102 0.02301429049533249
172 111 3 0.29728437844717154 0.023140660737226981
173 111 3 0.29941095904161219 0.023248597900351331
174 111 3 0.30121752663173001 0.023335105532936939
175 111 3 0.30271043028008093 0.023399670307176712
176 111 3 0.30389053465788041 0.023444199009813982
177 111 3 0.30475495307490807 0.023472114465837413
178 111 3 0.30529957486618053 0.023486898896697583
179 111 3 0.30552094666803292 0.023491079209685406
180 111 3 0.30541710076324152 0.023485862986300454
181 111 3 0.3049877429535186 0.023471105932071634
182 111 3 0.3042342357246669 0.023445318369003765
183 111 3 0.30315940233553235 0.023405692151941548
184 111 3 0.30176670574957021 0.023348448992256354
185 111 3 0.30005834515309238 0.02326986508951201
186 111 3 0.29803268295835045 0.023167767232414871
187 111 3 0.29568252734744777 0.023042454526081724
188 111 3 0.29299472402883114 0.022896742032409323
189 111 3 0.28995065985644131 0.022735385181696099
190 111 3 0.28652722613701026 0.022564260589975238
191 111 3 0.28269805260052988 0.022389650893634927
192 111 3 0.27843500339046307 0.022217843476063037
193 111 3 0.27371002186832577 0.022055043083402892
194 111 3 0.26849755268521303 0.021907338722798764
195 111 3 0.26277765724226615 0.021780432390577753
196 111 3 0.25653890502574761 0.021679690899499726
197 111 3 0.24978117484630036 0.021610557587668555
198 111 3 0.24252491437370344 0.021574064410157301
199 111 3 0.23483720044174392 0.021545945109565007
200 111 3 0.22684133335995529 0.021458191410364175
201 111 3 0.21863581048110259 0.021238846289270585
202 111 3 0.21008077174036624 0.02096947274410893
203 111 3 0.20094471966285751 0.020785393379206846
204 111 3 0.19121047027117058 0.02065235724105588
205 111 3 0.18140058107023843 0.019996642189810399
206 111 3 0.16975112918840685 0.019965111507530997
207 111 3 0.15426493679072048 0.026657875760805805
0 112 0 0.0080770576324373667 0.00088841186236597418
8 112 0 0.0087638525314869854 0.0013938740955368092
16 112 0 0.010157726627023795 0.0021400773438341302
24 112 0 0.012297803970857925 0.0029413746178049479
32 112 0 0.015239178588662873 0.0038094763352531074
40 112 0 0.01904865492391598 0.0047504834348997375
48 112 0 0.023799138358815718 0.0057635494172336779
56 112 0 0.029562687776049396 0.0068394546393121328
64 112 0 0.036402142415361528 0.0079588623583244297
72 112 0 0.044361004773685958 0.0090898609729858221
80 112 0 0.05345086574667178 0.010184454619168309
88 112 0 0.06363532036584009 0.01117507606575073
96 112 0 0.07481039643159082 0.011978649994087279
104 112 0 0.086789046425678099 0.012536032587609228
112 112 0 0.099325079013287326 0.0129817915901006
120 112 0 0.11230687060338793 0.0145774028983576
128 112 0 0.12688427350174553 0.018781128605532382
136 112 1 0.13474286826534862 0.014411426227054505
140 112 1 0.14411612746318839 0.023784685424894272
144 112 2 0.14726476877285927 0.016486778233918725
146 112 2 0.15372038275540628 0.022947290089229661
148 112 3 0.151928442927555 0.02115045238861446
149 112 3 0.15481775508742895 0.024039764548488413
150 112 3 0.15934364789101585 0.028565657352075308
151 112 3 0.16655414599464752 0.035776155455706976
152 112 3 0.18164111684106629 0.024570492538514677
153 112 3 0.19533238908262149 0.022804233995653039
154 112 3 0.20715176870936039 0.02221438110183474
155 112 3 0.21764802904014616 0.02216648698822371
156 112 3 0.22746784117667807 0.022166712734883964
157 112 3 0.23667605729159288 0.022221095812865216
158 112 3 0.2453360826401508 0.022318878599263098
159 112 3 0.25355542846939294 0.022406869628598447
160 112 3 0.2614020914982943 0.02245066036159088
161 112 3 0.2688573831139755 0.022467011567118556
162 112 3 0.27587277976928781 0.022483607447640885
163 112 3 0.28241150313763508 0.022516489681342511
164 112 3 0.28845730293179278 0.022570143714125246
165 112 3 0.29400918490271916 0.022644001602162012
166 112 3 0.29907664797880568 0.022735785951415122
167 112 3 0.30367654652371512 0.022842411879157754
168 112 3 0.30783023017800315 0.022960162770981618
169 112 3 0.31156075933321586 0.02308468535811653
170 112 3 0.31489055967485724 0.023210925632711543
171 112 3 0.31783972814061351 0.023333233899921868
172 112 3 0.32042503918439852 0.023445862434972764
173 112 3 0.32265955694196352 0.023543863234618212
174 112 3 0.32455263216466695 0.023624039114488848
175 112 3 0.32611010058725765 0.023685424537603528
176 112 3 0.32733473366769439 0.023729096646566583
177 112 3 0.32822706754074549 0.023757407398318386
178 112 3 0.32878647376287812 0.023772972620858479
179 112 3 0.32901202587771833 0.02377785513574654
180 112 3 0.32890296374954198 0.023773107409158389
181 112 3 0.32845884888559024 0.023758595617135392
182 112 3 0.32767955409367067 0.023732999128816323
183 112 3 0.32656509448747389 0.023693982563307181
184 112 3 0.32511515474182656 0.023638646588398482
185 112 3 0.32332821024260439 0.023564344716284547
186 112 3 0.32120045019076532 0.023469700466027865
187 112 3 0.31872498187352949 0.023355379335719684
188 112 3 0.31589146606124047 0.02322427102951391
189 112 3 0.31268604503813741 0.023080990431538162
190 112 3 0.3090914867269855 0.022930899804387006
191 112 3 0.30508770349416481 0.022779192261614123
192 112 3 0.3006528468665261 0.022630403418474276
193 112 3 0.29576506495172866 0.022488354700929136
194 112 3 0.29040489140801179 0.022356295946921345
195 112 3 0.2845580896328439 0.022236989634668247
196 112 3 0.27821859592524734 0.02213259112976651
197 112 3 0.27139173243396891 0.022043770667478535
198 112 3 0.26409897878386074 0.021966381040466887
199 112 3 0.25638314555130892 0.021884994260267798
200 112 3 0.24829952477031947 0.021772820768202583
201 112 3 0.23987465677037317 0.021613982268223142
202 112 3 0.23105024448447517 0.021443097181400333
203 112 3 0.22173011304206436 0.021312895062842729
204 112 3 0.21186282751222646 0.021233607444873348
205 112 3 0.20139722326004883 0.021197690151387699
206 112 3 0.18971624069593784 0.021683021083282461
207 112 3 0.17630607086798439 0.023294396588375788
208 112 3 0.1616348607935128 0.034027799763598127
209 112 3 0.15459399941753779 0.026986938387623116
210 112 3 0.15016831600931385 0.022561254979399176
211 112 3 0.14731969015553817 0.019712629125623493
212 112 2 0.14883638907996782 0.021229328050053148
214 112 2 0.14283603824809302 0.015228977218178341
216 112 1 0.14014249687947861 0.02244181046263817
220 112 1 0.13171254858485565 0.014011862168015213
224 112 0 0.12500324609935584 0.018601063266376977
232 112 0 0.11198824410052328 0.016190818073009608
240 112 0 0.098444231097719742 0.013544013002803543
248 112 0 0.085346453313234205 0.013097777784485537
256 112 0 0.073081945287107847 0.012264508026126358
264 112 0 0.061833263407557536 0.011248681879550311
272 112 0 0.051695218921779529 0.010138044485778007
280 112 0 0.042705287923885643 0.0089899309978938857
288 112 0 0.034856384120146397 0.0078489038037392461
296 112 0 0.028106478077811525 0.0067499060423348717
304 112 0 0.022387262827719117 0.0057192152500924083
312 112 0 0.017612055019336582 0.0047752078083825346
320 112 0 0.013682869713308066 0.0039291853060285167
328 112 0 0.010496574602801957 0.0031862951105061082
336 112 0 0.0079500341346080521 0.0025465404681939054
344 112 0 0.0059441868702192835 0.0020058472643887685
352 112 0 0.0043870521425342568 0.0015571347276850268
360 112 0 0.0031957206417119665 0.0011913315008222902
368 112 0 0.0022974356134135236 0.00089828502829844298
376 112 0 0.0016299090479170769 0.00066752656549644664
384 112 0 0.0011410373972528362 0.00048887165066424068
392 112 0 0.00078818444730674518 0.00035285294994609104
400 112 0 0.00053718787066632924 0.00025099657664041594
408 112 0 0.00036122481678657164 0.0001759630538797576
416 112 0 0.00023964506700607411 0.00012157974978049753
424 112 0 0.00015685178748678938 8.2793279519284731e-05
432 112 0 0.00010128290721186346 5.5568880274925917e-05
440 112 0 6.452276549851812e-05 3.6760141713345344e-05
448 112 0 4.0555049063759966e-05 2.3967716434758154e-05
456 112 0 2.515446165619982e-05 1.5400587407560146e-05
464 112 0 1.5405706731748684e-05 9.7487549244511366e-06
472 112 0 9.3334993059446789e-06 6.0722074258040047e-06
480 112 0 5.6255710474501926e-06 3.7079282584944863e-06
488 112 0 3.4311035394167735e-06 2.194467508033419e-06
496 112 0 2.2189365578957598e-06 1.2121669815210138e-06
504 112 0 1.6826358099701525e-06 5.3630074792560723e-07
148 113 3 0.16839596813669891 0.022314429672694869
149 113 3 0.17721853505549656 0.023212342852629658
150 113 3 0.18522112925040604 0.025877481359390192
151 113 3 0.19444838475592963 0.027894238761282109
152 113 3 0.20621160937958097 0.024570492538514677
153 113 3 0.21813662307827453 0.0234807248589049
154 113 3 0.22936614981119513 0.022973634951398425
155 113 3 0.23981451602836987 0.022770200300886639
156 113 3 0.24963455391156203 0.022696989497051512
157 113 3 0.2588971531044581 0.022696320634912115
158 113 3 0.2676549612394139 0.0227375082020565
159 113 3 0.27596229809799139 0.022789750494144667
160 113 3 0.28385275185988518 0.022833414885486625
161 113 3 0.29132439468109406 0.022868658408637388
162 113 3 0.2983563872169287 0.022904156809717968
163 113 3 0.30492799281897759 0.022947088380574077
164 113 3 0.31102744664591803 0.023000711103679572
165 113 3 0.31665318650488117 0.023065876651307771
166 113 3 0.3218124339302208 0.023142541783405579
167 113 3 0.32651895840287287 0.023230302651688406
168 113 3 0.33079039294898477 0.023328227686220504
169 113 3 0.33464544469133239 0.023434368452093124
170 113 3 0.33810148530756878 0.023545255554288713
171 113 3 0.34117296204053538 0.023655731749587239
172 113 3 0.34387090161937128 0.02375953664791175
173 113 3 0.34620342017658173 0.023850772208979576
174 113 3 0.3481766712791558 0.023925560536418367
175 113 3 0.34979552512486117 0.023982673116197173
176 113 3 0.35106383031426097 0.024023125041586435
177 113 3 0.35198447493906387 0.024049207740187595
178 113 3 0.3525594463837366 0.024063486848775517
179 113 3 0.35278988101346487 0.024068017919004703
180 113 3 0.35267607115870037 0.024063873964959737
181 113 3 0.35221744450272563 0.024050932186225504
182 113 3 0.35141255322248699 0.024027869286516457
183 113 3 0.35025907705078108 0.023992372457910194
184 113 3 0.34875380133022504 0.023941605282046752
185 113 3 0.34689255495888893 0.023872982107936536
186 113 3 0.34467015065679318 0.023785151568755492
187 113 3 0.34208036120924917 0.023678963152568844
188 113 3 0.33911573709075438 0.023557879475993471
189 113 3 0.33576703546967557 0.023427351472735614
190 113 3 0.3320223865313725 0.023293142179723891
191 113 3 0.32786689575577893 0.023159842183324064
192 113 3 0.32328325028500038 0.02303029084219782
193 113 3 0.3182534196526578 0.022905782670700758
194 113 3 0.31276118735493313 0.022786643271012708
195 113 3 0.30679507926751215 0.022672814646182704
196 113 3 0.30035118705501385 0.022564118179321857
197 113 3 0.29343550310144745 0.022459783144770373
198 113 3 0.28606535982432763 0.022356947586019804
199 113 3 0.27826813981157672 0.022249106562474696
200 113 3 0.27007234553852205 0.022128423311857048
201 113 3 0.26148863903859632 0.021995516860278508
202 113 3 0.2524933416658755 0.021870437574996016
203 113 3 0.24304300810490709 0.021783917426778932
204 113 3 0.23309643495709981 0.02176594560068934
205 113 3 0.22259491341143653 0.021871960235667148
206 113 3 0.2113992617792203 0.022269233111162884
207 113 3 0.19960046745636018 0.023294396588375788
208 113 3 0.18802835906415749 0.026393498270644689
209 113 3 0.17896364511650861 0.024369645698970821
210 113 3 0.17115155607253901 0.021649510179638981
211 113 3 0.16266678568268364 0.020688527183298167
144 114 3 0.15611989874770066 0.012210990535042904
145 114 3 0.164764694699539 0.017815817207531615
146 114 3 0.17308817479148114 0.020524678025370918
147 114 3 0.18024717089779074 0.026526788142384461
148 114 3 0.19071039780939378 0.023045010684520972
149 114 3 0.20043087790812622 0.023485561043419534
150 114 3 0.20986347491957402 0.024642345669167981
151 114 3 0.21979379795045748 0.025345413194527849
152 114 3 0.23060440811919725 0.024392798739616278
153 114 3 0.24161734793717943 0.023746001932571092
154 114 3 0.25233978476259356 0.023423152594910623
155 114 3 0.26258471632925651 0.023237674645197381
156 114 3 0.27233154340861354 0.023148738052925444
157 114 3 0.28159347373937021 0.023123710286197696
158 114 3 0.2903924694414704 0.023139098981963202
159 114 3 0.29875204859213605 0.023175215347877753
160 114 3 0.3066861667453718 0.023218587557517933
161 114 3 0.31419305308973144 0.023264040110412443
162 114 3 0.32126054402664667 0.023311254445773477
163 114 3 0.32787508119955167 0.023360966640955882
164 114 3 0.3340281577495976 0.023413692508278627
165 114 3 0.33971906315618894 0.023470191821545416
166 114 3 0.34495497571362638 0.023532121278627915
167 114 3 0.34974926105456128 0.023601925339417185
168 114 3 0.35411862063520527 0.02368194690456088
169 114 3 0.35807981314342552 0.023773147007181195
170 114 3 0.3616467408618575 0.023873808685190956
171 114 3 0.36482869379012262 0.023978683817668156
172 114 3 0.36763043826728303 0.024079535512810446
173 114 3 0.37005419238556131 0.024167859462831176
174 114 3 0.37210223181557417 0.024238468851826234
175 114 3 0.37377819824105835 0.024290278296587697
176 114 3 0.37508695535584741 0.024325207855970976
177 114 3 0.37603368267925147 0.024346489958982476
178 114 3 0.37662293323251211 0.024357423677892509
179 114 3 0.37685789893246957 0.024360529211798876
180 114 3 0.3767399451236601 0.024357113120792917
181 114 3 0.37626837668895113 0.024347068342722877
182 114 3 0.37544042250900345 0.024328858278565901
183 114 3 0.37425144950869127 0.024299727397465609
184 114 3 0.3726954066122718 0.024256128559044188
185 114 3 0.37076553706682547 0.024194554108598165
186 114 3 0.36845530222554868 0.024112711576135981
187 114 3 0.36575932436181802 0.024011221942865979
188 114 3 0.36267361656674785 0.023894744640703958
189 114 3 0.35919438694241118 0.023771241436739976
190 114 3 0.3553155287110964 0.023648359186108969
191 114 3 0.351026737939103 0.023530663526481199
192 114 3 0.3463135411271982 0.023419090441314294
193 114 3 0.34115920232335856 0.023311831274520578
194 114 3 0.33554783062594584 0.023205702008523454
195 114 3 0.32946789391369485 0.023097561220501883
196 114 3 0.3229153052343357 0.022985367855123395
197 114 3 0.31589528624621782 0.022868409548862823
198 114 3 0.30842230741034743 0.022746662083062641
199 114 3 0.30051724637405142 0.022620234069891665
200 114 3 0.2922007688503791 0.022490455933090847
201 114 3 0.28348415589887482 0.02236346826496316
202 114 3 0.27436377924087152 0.022253497879842987
203 114 3 0.26482692553168602 0.022180695582581011
204 114 3 0.25486238055778915 0.02216860874457699
205 114 3 0.24446687364710368 0.022249258800560556
206 114 3 0.23366849489038319 0.022462273254334447
207 114 3 0.22265433179900432 0.023053864342644143
208 114 3 0.21190363988290797 0.023875280818750483
209 114 3 0.20207221226342351 0.023108567146914893
210 114 3 0.19280106625217799 0.021812069011875213
211 114 3 0.18335531286598181 0.021266782520240751
212 114 3 0.1733217249608352 0.024485335880867376
213 114 3 0.16649200165521946 0.018607906128629698
214 114 3 0.15870480791026664 0.015963832734323696
215 114 3 0.15081940337175642 0.01077376925521964
144 115 3 0.16833088928274356 0.024214761819555175
145 115 3 0.18258051190707061 0.021022663591417745
146 115 3 0.19361285281685206 0.021696280768317588
147 115 3 0.20346027778745035 0.023213106889659607
148 115 3 0.21375540849391475 0.023160656960065917
149 115 3 0.22391643895154575 0.023550987571638538
150 115 3 0.23399101689115201 0.024127541971577987
151 115 3 0.24423930516137737 0.024445507210919898
152 115 3 0.25477248363229921 0.024168075513101961
153 115 3 0.26536334986975052 0.023905740562569999
154 115 3 0.27576293735750418 0.02372908708752175
155 115 3 0.28582239097445389 0.023602458510788793
156 115 3 0.29548028146153898 0.02353046280695914
157 115 3 0.30471718402556791 0.023504583265359369
158 115 3 0.3135315684234336 0.023513863921069689
159 115 3 0.32192726394001381 0.023547321082852624
160 115 3 0.32990475430288974 0.023595568261843058
161 115 3 0.33745709320014389 0.023651538485250923
162 115 3 0.34457179847242014 0.023709721536150363
163 115 3 0.35123604784050755 0.023765686199837044
164 115 3 0.35744185025787623 0.02381674191965083
165 115 3 0.36318925497773435 0.023862903530123325
166 115 3 0.36848709699225429 0.023907636481399985
167 115 3 0.37335118639397846 0.023957122281558718
168 115 3 0.37780056753976615 0.024018258035787943
169 115 3 0.38185296015060671 0.024096210148704555
170 115 3 0.38552054954704845 0.024191867727692606
171 115 3 0.38880737760779077 0.024299350785459084
172 115 3 0.39170997378009348 0.024405726758915502
173 115 3 0.39422205184839249 0.024496302419543425
174 115 3 0.3963407006674004 0.024563799469121073
175 115 3 0.39806847653764604 0.024608371940217366
176 115 3 0.39941216321181838 0.024634537429307712
177 115 3 0.40038017263823394 0.024647714246582575
178 115 3 0.40098035691040462 0.024652779551086967
179 115 3 0.40121842814426845 0.024653152294590419
180 115 3 0.40109705824445302 0.02465057222453787
181 115 3 0.40061544503167401 0.024644963960770871
182 115 3 0.39976928078756935 0.024634367401138169
183 115 3 0.39855117690615688 0.024615157694273804
184 115 3 0.39695153517131598 0.024582246815408992
185 115 3 0.39496009117542363 0.024530030329927177
186 115 3 0.39256801380168466 0.02445357700282863
187 115 3 0.389770546304684 0.024352154147541549
188 115 3 0.3865683612074518 0.024232352901749132
189 115 3 0.38296562837915116 0.024108261017611765
190 115 3 0.37896388789720536 0.023992173463303179
191 115 3 0.37455740146558419 0.023889178169107073
192 115 3 0.36973263156851249 0.023797422492806142
193 115 3 0.36447103359787913 0.023710625819413023
194 115 3 0.3587535326344693 0.023620677408046742
195 115 3 0.35256545513419674 0.023520295476926967
196 115 3 0.3459006730894591 0.023405348752332855
197 115 3 0.33876369579508064 0.023275823965022868
198 115 3 0.33116896949341007 0.023135089940127918
199 115 3 0.32313748044394308 0.022988779807172288
200 115 3 0.31469122478346995 0.022843802440557837
201 115 3 0.30584762416383798 0.022708542320214131
202 115 3 0.29661727712071451 0.022593561228072156
203 115 3 0.28700762111426703 0.022510951002044699
204 115 3 0.27703098930236614 0.022472733620542806
205 115 3 0.26671613244766423 0.022488373531450945
206 115 3 0.25613076814471764 0.022554196682371741
207 115 3 0.24542486449607784 0.02277053269707352
208 115 3 0.23484260947167468 0.022938969588766706
209 115 3 0.22460602368318075 0.022533811419757244
210 115 3 0.21461313526405321 0.021812069011875213
211 115 3 0.20462209538622256 0.021286478678348902
212 115 3 0.19459623691153446 0.021274511950699265
213 115 3 0.18509990778384916 0.01953282293726577
214 115 3 0.17466864064459034 0.018600732152448257
215 115 3 0.16159317262697606 0.021450675747497455
136 116 2 0.14166946979687708 0.014785196295131559
138 116 2 0.15370061688900788 0.019984555587398478
140 116 3 0.15810825011053195 0.013992122647343563
141 116 3 0.16333626656187347 0.019220139098685085
142 116 3 0.16885247253161526 0.024736345068426868
143 116 3 0.17629111067548328 0.032174983212294894
144 116 3 0.19050041583067293 0.023263072047939426
145 116 3 0.20360317549848836 0.02240304563148815
146 116 3 0.21530913358516965 0.022482122775573488
147 116 3 0.22620984434758934 0.022921914041292235
148 116 3 0.23691606545398067 0.023290705687828844
149 116 3 0.24746742652318429 0.023621062873214221
150 116 3 0.25792127714344137 0.023930260252289365
151 116 3 0.26837375706671773 0.024134451905340359
152 116 3 0.27885403085506416 0.0241114814807179
153 116 3 0.28926909043232052 0.024059957168455992
154 116 3 0.29949202444502593 0.023978693737165602
155 116 3 0.30942484948524268 0.023906355093064435
156 116 3 0.31901074426849813 0.023859847645938903
157 116 3 0.32822176729092728 0.023844087955386228
158 116 3 0.33704543234450329 0.023858248370176804
159 116 3 0.34547458502286643 0.023898428739551392
160 116 3 0.35350032256473279 0.023958608471023213
161 116 3 0.36110863168539481 0.024030594076000833
162 116 3 0.36828152000857051 0.024104163161993486
163 116 3 0.37500173404034459 0.024169056954945312
164 116 3 0.38125859217752706 0.024218414678134292
165 116 3 0.38705215850785768 0.024250761130448717
166 116 3 0.39239473347365428 0.024272104256312654
167 116 3 0.39730830867553718 0.024294361512612661
168 116 3 0.40181882557555409 0.024331428734623461
169 116 3 0.40594917029931127 0.024395222962378615
170 116 3 0.40971241727474106 0.024491730955868984
171 116 3 0.41310672839324986 0.024614725909850532
172 116 3 0.41611570053900898 0.024741291106678387
173 116 3 0.41871835426793591 0.02484137269264336
174 116 3 0.42090450013652148 0.024905585418871445
175 116 3 0.42267684847786341 0.024938391467092924
176 116 3 0.4240467006411261 0.02495036763331232
177 116 3 0.42502788688481652 0.024950558545226986
178 116 3 0.42563313646149159 0.024946335219854288
179 116 3 0.42587158043885887 0.024942235458724649
180 116 3 0.42574763046899089 0.024940567662878499
181 116 3 0.42526040899244488 0.024941357748880066
182 116 3 0.42440364818870752 0.02494200265641805
183 116 3 0.42316633460043068 0.024937807593758909
184 116 3 0.42153378198672498 0.024921198229685915
185 116 3 0.41949012150535081 0.024883285217517537
186 116 3 0.41702159080451329 0.024812974511978336
187 116 3 0.41412270045222555 0.024705054680880134
188 116 3 0.41080071410920094 0.02456787404311761
189 116 3 0.40707388939676292 0.024430932019161855
190 116 3 0.40295606136050854 0.024316582702913647
191 116 3 0.39844657963469127 0.024230168515675443
192 116 3 0.39353005406131863 0.024164536087739774
193 116 3 0.38818165941729216 0.024106336666377737
194 116 3 0.38237421004251604 0.024039875854594606
195 116 3 0.3760857506111237 0.023951411895403951
196 116 3 0.36930602184179195 0.023833756897519098
197 116 3 0.36203951976010351 0.023688332599612116
198 116 3 0.35430405943353799 0.023523017763850351
199 116 3 0.34612626025111537 0.023349957097187624
200 116 3 0.33753502722402778 0.02318143623079344
201 116 3 0.32855616648405211 0.023027379628518141
202 116 3 0.31921083834878666 0.022895328530039671
203 116 3 0.30951857211631173 0.022790912587966949
204 116 3 0.29950372292290894 0.022717112959298402
205 116 3 0.28920450597911518 0.022671415647442239
206 116 3 0.27868496482708938 0.022639161489088122
207 116 3 0.26804593955811845 0.022621075062040613
208 116 3 0.25741287413995551 0.022570264668280826
209 116 3 0.24687578394041232 0.022269760257231569
210 116 3 0.23640561880953556 0.021795934881175399
211 116 3 0.22590857406457146 0.021348611266869127
212 116 3 0.21532871816830315 0.02083070322042832
213 116 3 0.20463273072111493 0.020185080262486887
214 116 3 0.1932693727970386 0.019756350747375057
215 116 3 0.18073824999880297 0.019937320257395474
216 116 3 0.16740600494508337 0.027263508065604763
217 116 3 0.16068416261742505 0.020541665737946441
218 116 2 0.1592795366448046 0.019704099423402566
220 116 2 0.14968435868557384 0.019611388460993473
222 116 2 0.13844648757539432 0.013443241476038481
140 117 3 0.17127561927035762 0.019747002913362427
141 117 3 0.18226242840715715 0.020504613074527139
142 117 3 0.19165913343770616 0.022806660906090903
143 117 3 0.20168621931094971 0.025395108635466429
144 117 3 0.21376348787861235 0.023263072047939426
145 117 3 0.22600622112997651 0.022837888786206711
146 117 3 0.23779125636074314 0.022900889488873394
147 117 3 0.24913175838888157 0.023158863750290637
148 117 3 0.26020677114180951 0.023452763233331064
149 117 3 0.27108848939639851 0.023734510600988357
150 117 3 0.28182287092421865 0.023974563997386289
151 117 3 0.2924477667050257 0.024142028458561893
152 117 3 0.30296551233578206 0.02422395236385172
153 117 3 0.31332904760077651 0.024237493588984194
154 117 3 0.32347071818219153 0.024212998698310839
155 117 3 0.33333120457830712 0.024178078896586574
156 117 3 0.34287059191443703 0.024152167782442668
157 117 3 0.35206585524631351 0.024147369011745023
158 117 3 0.3609036807146801 0.024170312407497008
159 117 3 0.36937301376241782 0.024223230874212354
160 117 3 0.37745893103575601 0.024303524200691207
161 117 3 0.38513922576139564 0.024401730906091601
162 117 3 0.39238568317056399 0.024500926878561868
163 117 3 0.3991707909952899 0.024581594336546664
164 117 3 0.40547700685566135 0.02463071669364475
165 117 3 0.4113029196383064 0.024643231671613475
166 117 3 0.41666683772996693 0.024629261863463203
167 117 3 0.42160267018814984 0.02461038874089444
168 117 3 0.42615025431017756 0.024611460424598885
169 117 3 0.43034439326168988 0.024655092956743896
170 117 3 0.43420414823061004 0.024758652471709885
171 117 3 0.43772145430310039 0.02492004335095388
172 117 3 0.44085699164568737 0.025096818009868571
173 117 3 0.44355972696057927 0.025215764178965483
174 117 3 0.44581008555539292 0.025272213325546355
175 117 3 0.44761523994495633 0.025282667424969874
176 117 3 0.44899706827443842 0.025271406464773605
177 117 3 0.44997844543004351 0.025251240439334854
178 117 3 0.45057947168134588 0.025233191882911843
179 117 3 0.45081381589758351 0.025222312434919181
180 117 3 0.45068819813186939 0.02522153162756402
181 117 3 0.45020176674132495 0.025231323158115937
182 117 3 0.44934565084512557 0.02524790445255054
183 117 3 0.44810414219418959 0.025266299826375627
184 117 3 0.44645498021641089 0.025274886117359896
185 117 3 0.44437340672286835 0.025262381090771946
186 117 3 0.44183456531649162 0.025203443513154067
187 117 3 0.43882775513310568 0.025080707452826201
188 117 3 0.43536858815231855 0.024896684864976537
189 117 3 0.43150482141592478 0.02472457547793333
190 117 3 0.42727264406342219 0.024606652955742603
191 117 3 0.42267674815036671 0.024543996923517497
192 117 3 0.41769459014905841 0.024517854771533509
193 117 3 0.41228799608366989 0.024503963402411233
194 117 3 0.40641408589711064 0.024474750633310893
195 117 3 0.40003716250652765 0.024405417147433994
196 117 3 0.39313977873931105 0.024283664579645925
197 117 3 0.38572785235971563 0.024114501911360497
198 117 3 0.37782707719738834 0.023912506837908964
199 117 3 0.36947621734830299 0.023700457451654389
200 117 3 0.36071646345482122 0.023498514984784447
201 117 3 0.35158354611257026 0.02331816332798814
202 117 3 0.34210616687882633 0.023163449571118266
203 117 3 0.33230948470427868 0.023034276635997053
204 117 3 0.32222083588220735 0.022927430763194478
205 117 3 0.31187592162655742 0.022835070205647012
206 117 3 0.3013241263161775 0.022741711979305135
207 117 3 0.2906293282594492 0.022622050098169755
208 117 3 0.27985822708211328 0.02244535294215777
209 117 3 0.26905244624361951 0.022189798601091049
210 117 3 0.25820155369071096 0.021860282534926945
211 117 3 0.24725718533144059 0.021475748532594874
212 117 3 0.23615942138873147 0.021051199060088122
213 117 3 0.22481781098360182 0.020615175451786039
214 117 3 0.21302572354441365 0.020297118124352309
215 117 3 0.20067557025619845 0.020194961800166639
216 117 3 0.18805370282812339 0.020647697883040023
217 117 3 0.17590496002040476 0.019689870586963115
136 118 3 0.14537609164023343 0.018491818138487909
137 118 3 0.15732868195447014 0.015838720595527628
138 118 3 0.16909688020329741 0.017979280354971788
139 118 3 0.17827346474951528 0.024572847860507396
140 118 3 0.19102262218372004 0.02073679420615343
141 118 3 0.20276704148168428 0.021176686336423084
142 118 3 0.21382127385767638 0.022162140419970222
143 118 3 0.22501443677629457 0.023328217465344858
144 118 3 0.23684131148020152 0.023077823601589165
145 118 3 0.24884410991618322 0.022963187847414634
146 118 3 0.26069214584961653 0.023118164366843275
147 118 3 0.27229062213917221 0.023353393292545765
148 118 3 0.28365953437514058 0.023620478300257375
149 118 3 0.29482299999738687 0.023883149046033836
150 118 3 0.30579743492160494 0.024113611148809944
151 118 3 0.3165897951635876 0.024289076317896563
152 118 3 0.32718946469963378 0.024398308736723273
153 118 3 0.3375665411897607 0.024446593781357884
154 118 3 0.34768371688050237 0.024451284767026071
155 118 3 0.35750928347489369 0.024434376276516123
156 118 3 0.3670227596968797 0.024416977324937472
157 118 3 0.37621322425805853 0.024416520252807994
158 118 3 0.38507399312217711 0.024446014444652553
159 118 3 0.39359624463663018 0.024514262077732885
160 118 3 0.40176245523644721 0.024624112640158569
161 118 3 0.40954095666748724 0.024765440881754419
162 118 3 0.41688661004912586 0.024909756754872003
163 118 3 0.42375238533183657 0.025019193977062759
164 118 3 0.4301077235493061 0.02507313065695016
165 118 3 0.43594615130991987 0.025055688356264982
166 118 3 0.44129609959343014 0.024984827753976258
167 118 3 0.44621305892904428 0.024899980955670142
168 118 3 0.45076171473477644 0.024842440583774938
169 118 3 0.45499948621843378 0.024848533556658281
170 118 3 0.45896280070231993 0.024961212651170572
171 118 3 0.46264149765405427 0.025203404210961955
172 118 3 0.46595380965555594 0.025503553722548811
173 118 3 0.46877549113954475 0.02564600143010809
174 118 3 0.47108229888093928 0.025678170005266621
175 118 3 0.47289790736992621 0.025641989357691519
176 118 3 0.47426847473921202 0.02559468426405187
177 118 3 0.47522968586937836 0.025543144145084684
178 118 3 0.47581266356425772 0.025506223580628984
179 118 3 0.47603612833250269 0.02548563792520725
180 118 3 0.47590972975943341 0.025485270806868632
181 118 3 0.47543308989944089 0.025507844002481073
182 118 3 0.47459355529767611 0.025545333274000881
183 118 3 0.47337044202056522 0.025597937723931097
184 118 3 0.47172986633377079 0.025643000028996055
185 118 3 0.46963578781364029 0.025681247944832453
186 118 3 0.46703800882964569 0.02565106545483764
187 118 3 0.46390846258593188 0.025511034141401379
188 118 3 0.46026527301729508 0.025207019071630365
189 118 3 0.45622939689385811 0.024957514778721213
190 118 3 0.45187929701916479 0.024834971302579389
191 118 3 0.44722074507388421 0.024814843388398844
192 118 3 0.44221244492059192 0.024852462396302788
193 118 3 0.43679195948608113 0.024910455890173988
194 118 3 0.43088883653042154 0.024943299241415584
195 118 3 0.42444257965396165 0.024905414055626685
196 118 3 0.41742344331895698 0.024774588363467076
197 118 3 0.40984235427107613 0.024567155706392729
198 118 3 0.4017395840352973 0.02430575718114969
199 118 3 0.39317667479995738 0.024034615502785406
200 118 3 0.38421497843960567 0.023787822657610258
201 118 3 0.37490170944055839 0.023577178392639953
202 118 3 0.3652696164499446 0.023399941957738146
203 118 3 0.35534376134027573 0.023249262098852586
204 118 3 0.34514826664540182 0.023117242307355346
205 118 3 0.33471099183220443 0.022993728401383307
206 118 3 0.32406583829548263 0.022864599392340534
207 118 3 0.31325137835761896 0.022711947100448771
208 118 3 0.30230344724680236 0.02251779587718189
209 118 3 0.29124224484471056 0.022271216162848217
210 118 3 0.28006183622563791 0.021973924217775609
211 118 3 0.26873293386403546 0.021637281188748192
212 118 3 0.25721062044881959 0.021277663437487437
213 118 3 0.24543298643538786 0.020921916558449882
214 118 3 0.23332284166876596 0.020616684216793829
215 118 3 0.22087053205636509 0.020376345282916486
216 118 3 0.20821749790012478 0.020163795072001389
217 118 3 0.19559483060736788 0.019689870586963115
218 118 3 0.18297369474485251 0.023694158100047907
219 118 3 0.17499357739156185 0.015714040746757252
220 118 2 0.16929574714656731 0.019611388460993473
222 118 3 0.1529312137007538 0.016364533445813512
223 118 3 0.14185737377548444 0.016854127676128594
136 119 3 0.15562106092988656 0.028736787428141036
137 119 3 0.17316740254999777 0.019465709749670879
138 119 3 0.1870761605582692 0.019686867567406674
139 119 3 0.19926243213780087 0.020988967388285595
140 119 3 0.21175941638987347 0.021027700437925512
141 119 3 0.22394372781810737 0.021456299052477146
142 119 3 0.23582354406311024 0.022002270205433855
143 119 3 0.2476852383837391 0.02267080160744453
144 119 3 0.25971663183173266 0.022875320351531142
145 119 3 0.27180729776359785 0.023014698166186176
146 119 3 0.2838103102164598 0.023248581261425538
147 119 3 0.29564401543171798 0.023509498398782303
148 119 3 0.30728001267539795 0.023786053194496171
149 119 3 0.31870614904342071 0.024057443078606133
150 119 3 0.32991104607041488 0.024301099658469216
151 119 3 0.34087887148148416 0.024495802308409809
152 119 3 0.35158777343635705 0.024627066644231976
153 119 3 0.36201313497111859 0.024692758782858482
154 119 3 0.37213500164752844 0.024704662241745778
155 119 3 0.38194365975140981 0.024684677307964809
156 119 3 0.39143973702181717 0.024658375129786803
157 119 3 0.40062974451086653 0.024649259436884341
158 119 3 0.40952000756682966 0.024676500838461679
159 119 3 0.41811050671436306 0.024757214609383904
160 119 3 0.42638656787660578 0.024906721732833648
161 119 3 0.43430639754924166 0.025119626273049367
162 119 3 0.44179636680399786 0.025346891454620935
163 119 3 0.44877157930889933 0.025505692063647722
164 119 3 0.45518085420625626 0.025580307475910391
165 119 3 0.46100183966618485 0.02551495176287405
166 119 3 0.46628092734740639 0.025347786773765368
167 119 3 0.47111303988471442 0.02515569585541233
168 119 3 0.47560415531855138 0.025003231496916412
169 119 3 0.47984801977509206 0.024928830319132844
170 119 3 0.4839240133534905 0.025027672683542501
171 119 3 0.48784490186501622 0.025422155270124869
172 119 3 0.49145736337810475 0.026061259917851465
173 119 3 0.49442149256965284 0.026179748683702209
174 119 3 0.4967604688862059 0.026145698182587662
175 119 3 0.49853989672761773 0.026005667530823173
176 119 3 0.49986315900326389 0.025915441441835496
177 119 3 0.50077283001446304 0.025813686326825902
178 119 3 0.5013188871448867 0.02575618825915027
179 119 3 0.50152176625770994 0.025722018335830654
180 119 3 0.50139500056630204 0.02571934343265847
181 119 3 0.50094093390192196 0.025762716780905359
182 119 3 0.50013888857167699 0.025820905299931418
183 119 3 0.49896837974449632 0.025930362569770049
184 119 3 0.49737286636276684 0.026011161637106095
185 119 3 0.49531703575847275 0.026161768785161521
186 119 3 0.49268907428448333 0.026201768178170826
187 119 3 0.48941949672733326 0.026098613968315976
188 119 3 0.48547229208892545 0.02545619273724159
189 119 3 0.48118691167257932 0.025056910023167234
190 119 3 0.47671426832174418 0.024954323893098429
191 119 3 0.47203558846228305 0.025021398801741424
192 119 3 0.46706490731689471 0.025160142292759813
193 119 3 0.46170241537625512 0.025335530837249431
194 119 3 0.45583213577183712 0.025476000967497248
195 119 3 0.44934799370958833 0.025491787092438767
196 119 3 0.44219803168242405 0.025335590449260592
197 119 3 0.43440950997746886 0.025067302789840484
198 119 3 0.42604534121644699 0.024702348573969191
199 119 3 0.41721129030274279 0.024338095798256909
200 119 3 0.40800280109721593 0.024034719699757567
201 119 3 0.39847888783319835 0.02379658102084875
202 119 3 0.38866955840768275 0.023603721907724695
203 119 3 0.37859302343912832 0.02343947349838571
204 119 3 0.36826550895275717 0.023292471041725882
205 119 3 0.35770472023358774 0.023151959726172344
206 119 3 0.34693043768782317 0.023005004643204208
207 119 3 0.33596332545806773 0.022837380377242089
208 119 3 0.32482124312398425 0.022636891162238326
209 119 3 0.31351346100755878 0.022397504577798433
210 119 3 0.30203576044341351 0.02212115651440838
211 119 3 0.29037021505278365 0.021816119435202952
212 119 3 0.27848828388630703 0.021494685352260234
213 119 3 0.26635490299383774 0.021172668334522637
214 119 3 0.25393952588555979 0.020865966043185247
215 119 3 0.24124687733928157 0.020571016504554729
216 119 3 0.22833489293729947 0.020248584117253443
217 119 3 0.21527043486256836 0.019846319096627485
218 119 3 0.20201739501320562 0.019375676561664973
219 119 3 0.188417976286363 0.019122229139795693
222 119 3 0.16212362043660886 0.013090112897575862
223 119 3 0.15104978051133949 0.026046534411983652
0 120 0 0.0089485111338834054 0.00087145350144603867
8 120 0 0.0097105545273427091 0.001547073690928753
16 120 0 0.011257628218271462 0.0023765812770408894
24 120 0 0.013634209495312351 0.00326909945602381
32 120 0 0.016903308951336161 0.0042388148869766246
40 120 0 0.021142123838312786 0.0052942752657533371
48 120 0 0.026436399104066123 0.0064371860505027592
56 120 0 0.032873585154568882 0.0076611886675706994
64 120 0 0.040534773822139582 0.0089502656834778982
72 120 0 0.04948503950561748 0.010275867371926949
80 120 0 0.059760906877544429 0.011590789106681917
88 120 0 0.071351695984226346 0.012816250845920987
96 120 0 0.084167946830147333 0.013816012856455034
104 120 0 0.097983959686602368 0.014322910916785558
112 120 0 0.11230687060338793 0.0145774028983576
120 120 1 0.12127172555581339 0.0090313250946943702
124 120 1 0.13030305065050776 0.017996180047119836
128 120 2 0.13674135935097489 0.0098570858492293689
130 120 2 0.1437663187800842 0.017139744348817904
132 120 3 0.14381915856343028 0.016934885061684751
133 120 3 0.14739443673568681 0.020510163233941281
134 120 3 0.15252494032485628 0.025640666823110753
135 120 3 0.16056932497213156 0.033685051470386029
136 120 3 0.1770517541461348 0.022318874311640174
137 120 3 0.19263311229966865 0.020899358740175455
138 120 3 0.20676302812567587 0.020635586279512758
139 120 3 0.21992229747879968 0.020928816080941992
140 120 3 0.23278711682779898 0.021250836499716069
141 120 3 0.24540002687058451 0.02162126755881924
142 120 3 0.25781615734341268 0.022034464698724665
143 120 3 0.27015576349007386 0.022470525106334766
144 120 3 0.28249931352276159 0.022782681691028928
145 120 3 0.29482199592978403 0.02305763059530519
146 120 3 0.30705889147788534 0.023345312208766622
147 120 3 0.31915351383050028 0.023643349502582067
148 120 3 0.33106606586989412 0.023950192116251268
149 120 3 0.34276359212202684 0.024252871581641411
150 120 3 0.3542121457288841 0.024530939272644714
151 120 3 0.36537467378989397 0.024759360831934363
152 120 3 0.37621484008058903 0.024914794358449899
153 120 3 0.38670589375397707 0.024986121874412015
154 120 3 0.39683966388927422 0.024983356138683022
155 120 3 0.40662833705937462 0.024934744753544069
156 120 3 0.41609811215160397 0.024876053891318028
157 120 3 0.42527900394775087 0.02483911933404398
158 120 3 0.43419650840529134 0.024846991005893937
159 120 3 0.44286772132374697 0.024924832430784638
160 120 3 0.45129328960943943 0.02511935517180891
161 120 3 0.45942602382229103 0.025452818249532383
162 120 3 0.4671432582586188 0.025845798877887072
163 120 3 0.47427727137254705 0.026069641888177952
164 120 3 0.48076116168216665 0.026220702210110525
165 120 3 0.4865167914290589 0.02606928817303944
166 120 3 0.49162871412117176 0.02572897918165834
167 120 3 0.49626873574012675 0.025365142050778111
168 120 3 0.50060738681546779 0.02507935715379872
169 120 3 0.5047768500942249 0.024928830319132844
170 120 3 0.508951686037033 0.025027672683542501
171 120 3 0.51326705713514109 0.025422155270124869
172 120 3 0.51751862329595621 0.027132699700905816
173 120 3 0.52060124125335505 0.026859121335810476
174 120 3 0.52290616706879356 0.026712301571344854
175 120 3 0.5245455642584409 0.026312673124815666
176 120 3 0.52577860044509939 0.026240883678207205
177 120 3 0.52658651634128895 0.02603315440347187
178 120 3 0.52707507540403697 0.025976023063399412
179 120 3 0.5272437845935406 0.025920111091659481
180 120 3 0.52711434399896051 0.025900576170450162
181 120 3 0.52670365068282732 0.025995971430321507
182 120 3 0.52595979387160841 0.026038390536696876
183 120 3 0.52489874231426636 0.026284598912904689
184 120 3 0.52338402799987294 0.02630264766106849
185 120 3 0.52147880454363427 0.026745990368627681
186 120 3 0.51889084246265416 0.026888707275856571
187 120 3 0.51551811069564923 0.027218571107295753
188 120 3 0.51092848482616704 0.02545619273724159
189 120 3 0.50624382169574655 0.025056910023167234
190 120 3 0.50166859221484261 0.024954323893098429
191 120 3 0.49705698726402447 0.025149682894860748
192 120 3 0.49222504960965452 0.025424538538814101
193 120 3 0.48703794621350455 0.025788840063261487
194 120 3 0.48130813673933437 0.026126666261849563
195 120 3 0.4748397808020271 0.026243419180577543
196 120 3 0.46753362213168465 0.026002002129281221
197 120 3 0.45947681276730934 0.025657507052245287
198 120 3 0.45074768979041618 0.025091726885979437
199 120 3 0.4415493861009997 0.024574285465717882
200 120 3 0.4320375207969735 0.024210047097009857
201 120 3 0.4222754688540471 0.023964436459148974
202 120 3 0.41227328031540744 0.023772676283542349
203 120 3 0.40203249693751403 0.023606269390273826
204 120 3 0.39155797999448305 0.023455079958910385
205 120 3 0.38085667995976008 0.023310545415525519
206 120 3 0.36993544233102738 0.023160030737953308
207 120 3 0.35880070583530982 0.022989676847333829
208 120 3 0.34745813428622258 0.022788937357791805
209 120 3 0.33591096558535721 0.022554873603754688
210 120 3 0.32415691695782189 0.022291272347237823
211 120 3 0.31218633448798661 0.022005632248447093
212 120 3 0.29998296923856727 0.021706655277577536
213 120 3 0.28752757132836038 0.021402558339820077
214 120 3 0.27480549192874504 0.021098032177402914
215 120 3 0.2618178938438363 0.020787788846337363
216 120 3 0.24858347705455291 0.020454312522260043
217 120 3 0.23511675395919585 0.020080227273510665
218 120 3 0.22139307157487059 0.019671271130933615
219 120 3 0.20735433473692105 0.01925112914537036
220 120 3 0.19298503767334566 0.023689290526778345
221 120 3 0.1834989186171268 0.014203171470559495
222 120 2 0.17521373333418472 0.019115728026057266
224 120 3 0.15310425669525829 0.028101010595902448
225 120 3 0.14547479996445215 0.020471553865096304
226 120 2 0.14469789149207263 0.019694645392716786
228 120 1 0.14021490882050169 0.015211662721145852
232 120 0 0.12817906217353289 0.016961827936924995
240 120 0 0.11148421377370454 0.016694848399828349
248 120 0 0.09606450353333966 0.015419710240364884
256 120 0 0.081938290553299112 0.014126212980040548
264 120 0 0.069129485114947375 0.012808805438351736
272 120 0 0.057669393776716059 0.011460091338231317
280 120 0 0.047559965427172779 0.01010942834954328
288 120 0 0.038767714762958989 0.0087922506642137896
296 120 0 0.031228465142768367 0.0075392496201906224
304 120 0 0.024854402325103241 0.0063740628176651264
312 120 0 0.019541223771575824 0.0053131785535274166
320 120 0 0.01517482730244488 0.004366396469130944
328 120 0 0.011637297525527805 0.0035375297769170751
336 120 0 0.0088120102734406697 0.0028252872520871351
344 120 0 0.0065877293879439578 0.0022242808854967119
352 120 0 0.004861643225472851 0.0017260861624711068
360 120 0 0.0035413658890805014 0.0013202773363923496
368 120 0 0.0025459956880222031 0.00099537020105829824
376 120 0 0.0018063721771048519 0.00073962351091735119
384 120 0 0.0012647004837173705 0.00054167169338748141
392 120 0 0.00087371866499240392 0.00039098181872496661
400 120 0 0.00059557420884325711 0.0002781444561491468
408 120 0 0.0004005543613903023 0.00019501984745295481
416 120 0 0.00026578678603972426 0.00013476757535057805
424 120 0 0.00017399666621156453 9.1790119828159724e-05
432 120 0 0.00011237731973293248 6.1619346478632047e-05
440 120 0 7.1606119565013697e-05 4.0771200167918786e-05
448 120 0 4.501731971691329e-05 2.6588799848100408e-05
456 120 0 2.7928631898462491e-05 1.7088687818450799e-05
464 120 0 1.7108758252050747e-05 1.0819873646411744e-05
472 120 0 1.036779796617531e-05 6.7409602858754367e-06
480 120 0 6.2505555975517739e-06 4.1172423686235362e-06
488 120 0 3.8133209463922266e-06 2.4372346511595473e-06
496 120 0 2.4668119109669089e-06 1.3465090354253177e-06
504 120 0 1.8710000349519726e-06 5.9581187601493633e-07
132 121 3 0.15722967327194862 0.017749487748479953
133 121 3 0.16634627741716726 0.019156673187938178
134 121 3 0.17524694382048947 0.022722003495633192
135 121 3 0.18580892827023879 0.025239603298107233
136 121 3 0.19937062845777498 0.022318874311640174
137 121 3 0.2135324710398441 0.02116944785357322
138 121 3 0.22739861440518863 0.021019859260129614
139 121 3 0.24085111355974168 0.02116170306009299
140 121 3 0.25403795332751505 0.021418433272222703
141 121 3 0.26702129442940375 0.021736456165124929
142 121 3 0.27985062204213734 0.02208790272767841
143 121 3 0.29258491058666319 0.022441347947351642
144 121 3 0.30526270924017945 0.022777340656855161
145 121 3 0.31787962652508922 0.023100398422887747
146 121 3 0.33040420368665196 0.023425018201900683
147 121 3 0.34279686333308235 0.023761754077537001
148 121 3 0.35501625798614539 0.024111861884598906
149 121 3 0.36701646370366825 0.024466274085956585
150 121 3 0.37874308500152881 0.024803774309679005
151 121 3 0.39013403462182833 0.025089244405660516
152 121 3 0.40112963443903893 0.025279961131421447
153 121 3 0.41169201562838909 0.025346920064710343
154 121 3 0.42182302002795724 0.025301258125296988
155 121 3 0.43156308181291869 0.025188280766070159
156 121 3 0.440974166042922 0.02506539029452387
157 121 3 0.45011812328179485 0.024977602939375176
158 121 3 0.45904349941118527 0.024940943419443917
159 121 3 0.4677925537545316 0.024969183170446552
160 121 3 0.47641264478124834 0.025186413089180348
161 121 3 0.48487884207182341 0.025719770701386202
162 121 3 0.49298905713650587 0.026507018757888634
163 121 3 0.500346913260725 0.026699489960156475
164 121 3 0.50698186389227717 0.027156646597826128
165 121 3 0.51258607960209834 0.026805634068578277
166 121 3 0.5173576933028301 0.026126903332941653
167 121 3 0.52163387779090487 0.02548983521542636
168 121 3 0.52568674396926651 0.025113128774339133
169 121 3 0.52960615101867015 0.024829300924445241
170 121 3 0.53374356961228131 0.024791883575248308
171 121 3 0.53865662811190429 0.025389570976763198
172 121 3 0.54465132299686203 0.030213678271742483
173 121 3 0.54746036258916553 0.027404638679438986
174 121 3 0.54961846864013841 0.027524655895261985
175 121 3 0.55085823738325657 0.026312673124815666
176 121 3 0.55201948412330659 0.026695332975865682
177 121 3 0.55261967074476082 0.026095146354411458
178 121 3 0.55305109846743639 0.026187775751535858
179 121 3 0.55316389568520008 0.026074978533772164
180 121 3 0.55301492016941067 0.025960036380866192
181 121 3 0.55269962211314883 0.02627533443712804
182 121 3 0.55199818440830528 0.026045208008532716
183 121 3 0.55118334122717105 0.026860051189666945
184 121 3 0.54968667566094143 0.02630264766106849
185 121 3 0.54822479491226195 0.027623773266559293
186 121 3 0.54577954973851073 0.027381397712368805
187 121 3 0.54273668180294499 0.030424265647934545
188 121 3 0.53638399324500763 0.025455508418840589
189 121 3 0.53109681696718558 0.024852995271439027
190 121 3 0.52656602195019886 0.024897429735356247
191 121 3 0.52220667015888522 0.025248724292768365
192 121 3 0.51764958814846862 0.025592776949243112
193 121 3 0.51282678627676603 0.026261817124113351
194 121 3 0.50743480300118393 0.026991508704588552
195 121 3 0.50108319998260464 0.027346294954842199
196 121 3 0.49353562426096587 0.026764630235508569
197 121 3 0.48513431981955463 0.026462226841873437
198 121 3 0.47583941667639562 0.025426147591828374
199 121 3 0.46612367156671758 0.024650791302397057
200 121 3 0.45624756789398335 0.0242603636935394
201 121 3 0.44623990531319607 0.024072124823028784
202 121 3 0.43604595659894979 0.023910013097831029
203 121 3 0.42563876632778785 0.02375162928829555
204 121 3 0.41501305995339344 0.023604857295686732
205 121 3 0.4041672253752856 0.023468974731425951
206 121 3 0.39309547306898068 0.023328801391490128
207 121 3 0.38179038268264365 0.023166311428810316
208 121 3 0.37024707164401438 0.022968315583637988
209 121 3 0.3584658391891119 0.022735852011031343
210 121 3 0.34644818930505972 0.022477570885098996
211 121 3 0.3341919667364337 0.022202703696849957
212 121 3 0.3216896245161448 0.021918048486822994
213 121 3 0.30893012966818045 0.02162726395851633
214 121 3 0.29590352410614795 0.021330285231044688
215 121 3 0.28260568269017367 0.021022348934337909
216 121 3 0.26903778957681296 0.02069529575996859
217 121 3 0.25519698123270651 0.020343754041106277
218 121 3 0.24106434270580421 0.019972910181928066
219 121 3 0.22660546388229141 0.01959778376599311
220 121 3 0.21177911351949272 0.019238302456065171
221 121 3 0.19649159632492053 0.021277862990735807
224 121 3 0.16672357341652791 0.01361931672126962
225 121 3 0.15909411668572179 0.020382882766842886
128 122 3 0.14233186237222342 0.01202881172171566
129 122 3 0.1496978050303393 0.012956445679364409
130 122 3 0.15738642562655575 0.014260669478524612
131 122 3 0.16442570063124848 0.020659381851164282
132 122 3 0.17497916102042857 0.017763562511584979
133 122 3 0.18550295060510544 0.019156673187938178
134 122 3 0.19629357771422254 0.021046633893733069
135 122 3 0.2080314602309524 0.02222253196071361
136 122 3 0.22106785872910775 0.021697230271332774
137 122 3 0.23470191889341732 0.02116944785357322
138 122 3 0.24841847366531825 0.021105111429431694
139 122 3 0.26201281661983467 0.021272347562702409
140 122 3 0.27545638659973776 0.021517559859472735
141 122 3 0.28875775059452868 0.021811185069228356
142 122 3 0.30193852476981575 0.02213241805658045
143 122 3 0.31502625853401484 0.022464168260365625
144 122 3 0.32804004989703461 0.022797462873398011
145 122 3 0.34098002494797697 0.02313490535613727
146 122 3 0.35382922188855265 0.023485948039387194
147 122 3 0.36655861741061935 0.02386014363801553
148 122 3 0.3791281198707443 0.024262580291229519
149 122 3 0.39148273778962484 0.024689920828965928
150 122 3 0.40354685931120782 0.025121941304103501
151 122 3 0.41522327902748885 0.025507153817671047
152 122 3 0.42640959557046038 0.02576214242417102
153 122 3 0.43703893569309943 0.025813602766533383
154 122 3 0.44712427815325423 0.025679767646272056
155 122 3 0.45675136257898885 0.025445062181831346
156 122 3 0.46603955633744587 0.025212994539762057
157 122 3 0.47509572622117002 0.025058356481975852
158 122 3 0.48398444283062919 0.02496340614163356
159 122 3 0.49276173692497816 0.024969183170446552
160 122 3 0.50159905787042869 0.025186413089180348
161 122 3 0.51059861277320961 0.025726040160173436
162 122 3 0.5194960758943945 0.02775601543068229
163 122 3 0.52704640322088148 0.027057600526316228
164 122 3 0.5341385104901033 0.028893586849269126
165 122 3 0.53939171367067662 0.027862616051575473
166 122 3 0.54348459663577176 0.026476260431044452
167 122 3 0.54712371300633122 0.02548983521542636
168 122 3 0.55079987274360565 0.025366112722964407
169 122 3 0.55411672419235769 0.024510573173687544
170 122 3 0.55765800953166367 0.023914439919382358
171 122 3 0.56286146569937234 0.024204837587468053
172 122 2 0.57486500126860451 0.02943629629162503
174 122 2 0.5771431245354004 0.027158173024829146
176 122 2 0.57871481709917227 0.026988216133371545
178 122 2 0.57923887421897224 0.026464159013571575
180 122 2 0.57897495655027686 0.026330445352229614
182 122 2 0.578043392416838 0.027262009485668481
184 122 2 0.57584856817882124 0.026934105197070846
186 122 2 0.57316094745087953 0.029621725925012554
188 122 3 0.56067154516730577 0.024287551922298145
189 122 3 0.55509238695149132 0.023995569984305742
190 122 3 0.55119216463720355 0.024626142687004693
191 122 3 0.54745539445165359 0.025619625005900648
192 122 3 0.54324236509771173 0.025592776949243112
193 122 3 0.53908860340087938 0.026667207416567029
194 122 3 0.53442631170577248 0.028224128574210527
195 122 3 0.52842949493744684 0.02937840043214146
196 122 3 0.52030025449647443 0.027240930284209486
197 122 3 0.51159654666142806 0.027993636442873449
198 122 3 0.501265564268224 0.025493134190699651
199 122 3 0.49077446286911464 0.024650791302397057
200 122 3 0.48050793158752275 0.0242603636935394
201 122 3 0.47031203013622486 0.024147336769966055
202 122 3 0.45995596969678082 0.024037317078689113
203 122 3 0.4493903956160834 0.023879115935455997
204 122 3 0.43861791724908017 0.023737524301497781
205 122 3 0.42763620010671155 0.023625511677960676
206 122 3 0.41642427446047081 0.023513744504869594
207 122 3 0.40495669411145396 0.023372352688590892
208 122 3 0.39321538722765237 0.023176116748472586
209 122 3 0.38120169120014324 0.022936666782900517
210 122 3 0.36892576019015871 0.022674544803458152
211 122 3 0.35639467043328366 0.022403727476732027
212 122 3 0.3436076730029678 0.022129813024571954
213 122 3 0.33055739362669678 0.021852485246279307
214 122 3 0.31723380933719264 0.021567898561454191
215 122 3 0.30362803162451157 0.021270512857281987
216 122 3 0.28973308533678155 0.020955343872930965
217 122 3 0.27554073527381279 0.020621255170862607
218 122 3 0.26103725288773227 0.020273605096640002
219 122 3 0.24620324764828452 0.01992366903109935
220 122 3 0.23101741597555789 0.019586248699035275
221 122 3 0.21546167237733319 0.019278472493535315
222 122 3 0.1995796352646268 0.02436590193044208
223 122 3 0.18907928745585717 0.013865554121672452
224 122 2 0.17947699945256468 0.018639571261665711
226 122 2 0.16129111229989382 0.021076203479392125
128 123 3 0.15258318281331848 0.022781425024127472
129 123 3 0.16232609232331283 0.013038515514133125
130 123 3 0.17164709510508036 0.014260669478524612
131 123 3 0.18155931769607889 0.017133617064830409
132 123 3 0.19274272353201355 0.017763562511584979
133 123 3 0.20437350967080103 0.018870559065695597
134 123 3 0.21637022556465932 0.02007664785043678
135 123 3 0.22892924869023598 0.020897788459283584
136 123 3 0.24213751689652177 0.021069658167414018
137 123 3 0.25575533100699982 0.021053412113582498
138 123 3 0.26952358509474994 0.021105111429431694
139 123 3 0.28328516418253707 0.021297687406602928
140 123 3 0.29697394645921049 0.02156112932120674
141 123 3 0.31056893566375704 0.021851312451810101
142 123 3 0.3240709428263962 0.022159543761983702
143 123 3 0.33749042679438046 0.022478668198400997
144 123 3 0.35083751277043262 0.022806735376606879
145 123 3 0.36411493030411424 0.023149161961346254
146 123 3 0.37731516992793984 0.02351710263549589
147 123 3 0.39041876104863488 0.023923672530579088
148 123 3 0.40339070016197381 0.024381753129127381
149 123 3 0.41617265861859076 0.024902201821621561
150 123 3 0.42866880061531132 0.025480171388050088
151 123 3 0.44073043284515989 0.02604848314085606
152 123 3 0.4521717379946314 0.026441011470290265
153 123 3 0.46285253845963281 0.026458746618863216
154 123 3 0.47280404579952628 0.026152359511166401
155 123 3 0.4821964247608202 0.025692484761580647
156 123 3 0.49125255087720793 0.025276511068502538
157 123 3 0.50015408270314587 0.025072805016755906
158 123 3 0.50894784897226275 0.025029784633208596
159 123 3 0.51757968415767486 0.024817947232696702
160 123 3 0.52652974853994838 0.024930690669519695
161 123 3 0.53632465293338305 0.025726040160173436
162 123 3 0.54725209132507679 0.031726074323559561
163 123 3 0.5541040037471977 0.027057600526316228
164 123 3 0.56303209733937243 0.033489852469341885
165 123 3 0.56725432972225209 0.02926762008646222
166 123 3 0.56996085706681621 0.026561092741898107
167 123 3 0.57247114274035105 0.025347429734019822
168 123 3 0.57616598546657005 0.026818242327191433
169 123 3 0.57829566942425925 0.024688558369502234
170 123 3 0.5798021541299232 0.023182073663838287
171 123 3 0.58015672951476427 0.022827498278997216
188 123 3 0.57793999211574076 0.022572422131891701
189 123 3 0.57730163784962063 0.023210776398011834
190 123 3 0.57554850573495908 0.024963908512673383
191 123 3 0.57307501945755424 0.027437394790078229
192 123 3 0.56867163376307017 0.02542926866535844
193 123 3 0.56575581081744641 0.026746570848407258
194 123 3 0.56265044027998301 0.029851941385870662
195 123 3 0.5578078953695883 0.03469448629626537
196 123 3 0.54754118478068392 0.027240930284209486
197 123 3 0.53959018310430151 0.032770860160301285
198 123 3 0.52675869845892365 0.025493134190699651
199 123 3 0.51511032635472775 0.024335863485613118
200 123 3 0.50461002270451372 0.024102091116990965
201 123 3 0.49445936690619091 0.024371441158600071
202 123 3 0.48399328677546993 0.024206460028066146
203 123 3 0.4732695115515394 0.023983693876602152
204 123 3 0.46235544155057795 0.023834352129163794
205 123 3 0.45126171178467223 0.023775574323935067
206 123 3 0.4399380189653404 0.023722114755222179
207 123 3 0.42832904680004485 0.023627079819062313
208 123 3 0.41639150397612495 0.023421027516221771
209 123 3 0.40413835798304376 0.023154114485326782
210 123 3 0.39160030499361687 0.022874246411858257
211 123 3 0.37879839791001568 0.022601954555016679
212 123 3 0.36573748602753975 0.022339171829196092
213 123 3 0.35240987887297609 0.022079222180290348
214 123 3 0.33880170789864683 0.021812645499362626
215 123 3 0.32489854448179356 0.021530876002216481
216 123 3 0.31068842920971251 0.021228813810002412
217 123 3 0.29616199044467539 0.020906911060006639
218 123 3 0.28131085798437228 0.020571274415947027
219 123 3 0.26612691667938387 0.020231822864186788
220 123 3 0.25060366467459316 0.019899428112990558
221 123 3 0.2347401448708685 0.019582062412416751
222 123 3 0.21855010117385543 0.01927604449077247
223 123 3 0.20203578182171836 0.022558782369153679
120 124 1 0.13030305065050776 0.017996180047119836
124 124 2 0.14103387131508635 0.010730820664578589
126 124 3 0.14586178403836916 0.015558733387861401
127 124 3 0.15444550611359587 0.024142455463088103
128 124 2 0.17536460783744595 0.017909970269130299
130 124 3 0.1853009952535776 0.013653900148497239
131 124 3 0.1974023766040186 0.015843058907939717
132 124 3 0.21003547625544808 0.017292752723434529
133 124 3 0.22285081435925264 0.018477304688451601
134 124 3 0.23585355929958987 0.019483333734930552
135 124 3 0.24914323500469884 0.020213986314462862
136 124 3 0.26275960004944249 0.020622083152920717
137 124 3 0.27661693693071399 0.020861605923714166
138 124 3 0.29059085874161017 0.02106727364686023
139 124 3 0.30458285158914 0.021297687406602928
140 124 3 0.31853507578041723 0.021570924657336232
141 124 3 0.33242024811556714 0.021866503616813915
142 124 3 0.3462304865883799 0.022169006449730577
143 124 3 0.35996909499278146 0.022478668198400997
144 124 3 0.3736442481470395 0.022806735376606879
145 124 3 0.38726409226546049 0.023149161961346254
146 124 3 0.40083227256343573 0.02351710263549589
147 124 3 0.41434243357921396 0.023929124279052916
148 124 3 0.4277724532911012 0.024431947173811475
149 124 3 0.44107486044021232 0.025050275914920095
150 124 3 0.45414897200336141 0.025841270393278881
151 124 3 0.46677891598601595 0.026758695364439533
152 124 3 0.47861274946492166 0.027487695814323365
153 124 3 0.48931128507849603 0.027421042963499287
154 124 3 0.49895640531069269 0.026771552830407053
155 124 3 0.50788890952240084 0.025889238625575461
156 124 3 0.51652906194571047 0.025276511068502538
157 124 3 0.52522688771990178 0.025072805016755906
158 124 3 0.53397763360547135 0.025674367360419947
159 124 3 0.54198163809714317 0.024401953939468313
160 124 3 0.55051552668659287 0.023985778146644487
161 124 3 0.56081554364815978 0.024490890714776725
162 124 2 0.57897816564863636 0.028300118112499106
164 124 1 0.59652194980871431 0.028342343091516287
168 124 1 0.60298422779376148 0.027602482594651812
172 124 1 0.60430129756022954 0.028297234658227088
176 124 1 0.60570303323254382 0.02672618757347156
180 124 1 0.60530540190250648 0.02699034794370625
184 124 1 0.60278267337589209 0.028277915561041644
188 124 1 0.60051241424763246 0.028375696312752385
192 124 1 0.59250238166585367 0.028780936608331698
196 124 2 0.5723610432646028 0.028795359322110081
198 124 3 0.55096885534260553 0.024210156883681888
199 124 3 0.53820133843134399 0.023091012076616235
200 124 3 0.52826846103685421 0.023658438332340492
201 124 3 0.51883080806479098 0.025467094066544127
202 124 3 0.50819974680353608 0.02442699730151543
203 124 3 0.49725320542814155 0.024008516915681621
204 124 3 0.48618979367974174 0.023834352129163794
205 124 3 0.47503728610860729 0.023914046329018779
206 124 3 0.46366013372056258 0.023965803779266326
207 124 3 0.45195612661910717 0.023986594586461574
208 124 3 0.43981253149234673 0.02372062557641158
209 124 3 0.42729247246837054 0.023378416270810387
210 124 3 0.41447455140547512 0.023060346845393598
211 124 3 0.40140035246503236 0.022784721651929685
212 124 3 0.38807665785673584 0.022539818419921198
213 124 3 0.37448910105326644 0.022306778100850022
214 124 3 0.36061435339800946 0.022066850182172137
215 124 3 0.34642942048401004 0.021805873892105809
216 124 3 0.33191724301971492 0.021516548972611127
217 124 3 0.31706890150468203 0.02120081351825237
218 124 3 0.3018821324003193 0.020867363132204386
219 124 3 0.28635873954357066 0.020527617436717494
220 124 3 0.27050309278758372 0.020192367486715768
221 124 3 0.25432220728328525 0.019869181355225973
222 124 3 0.2378261456646279 0.019560031437237613
223 124 3 0.22102236171081807 0.019262027038720875
224 124 3 0.20392379465176461 0.024446795199199928
225 124 3 0.19230934677669617 0.012832347324131493
226 124 2 0.18075967628009409 0.01955532425058748
228 124 2 0.16271016089097731 0.022495252070475619
230 124 2 0.14671090734846659 0.018531845174933698
126 125 3 0.15766059820432918 0.019831805178786854
127 125 3 0.16624432027955588 0.011798814165960014
130 125 3 0.19676790943379119 0.021403301596345237
131 125 3 0.21268719630872565 0.016743075616769687
132 125 3 0.22711502811724649 0.017478600453913362
133 125 3 0.24110560786967339 0.018297358394722019
134 125 3 0.25501103032471722 0.019157471025127354
135 125 3 0.26898803591998005 0.019844800915281208
136 125 3 0.28309486914343351 0.020335269093991026
137 125 3 0.29731297735781109 0.020696040427097107
138 125 3 0.31158814679487035 0.020997288053260177
139 125 3 0.32586564583341909 0.021282794244279091
140 125 3 0.34010600043775346 0.021570924657336232
141 125 3 0.35428675173238106 0.021868046919902628
142 125 3 0.36839949303811048 0.022169006449730577
143 125 3 0.38244664305297504 0.022477548060193586
144 125 3 0.39643928691358982 0.022795038766550313
145 125 3 0.41039542915097893 0.023131336885518439
146 125 3 0.42433534800286926 0.02350307543943353
147 125 3 0.43827155785826688 0.023929124279052916
148 125 3 0.45220440046491267 0.024431947173811475
149 125 3 0.46612513635513242 0.025050275914920095
150 125 3 0.47999024239664029 0.026069118168294547
151 125 3 0.49353761135045549 0.027650304249260627
152 125 3 0.50610044527924503 0.029322836270058383
153 125 3 0.51673232804199531 0.028958999441111022
154 125 3 0.52572795814109974 0.027616554276512217
155 125 3 0.53377814814797631 0.025965022071775312
156 125 3 0.54165015920969184 0.025121097263981373
157 125 3 0.55014684203933339 0.024919954319431614
158 125 3 0.55965200096589129 0.028973098087871296
159 125 3 0.56574949953516651 0.023767861438023341
160 125 3 0.57262877095275233 0.024174296897860104
161 125 3 0.57733474848628785 0.019468319364324582
198 125 3 0.56644808007054226 0.01754916065673251
199 125 3 0.55835482878221843 0.020153490350874437
200 125 3 0.55133142208898178 0.023062961052127573
201 125 3 0.54429790213133511 0.030000248784740946
202 125 3 0.53262674410505151 0.02442699730151543
203 125 3 0.52126172234382318 0.024008516915681621
204 125 3 0.51002412016209719 0.02383432648235545
205 125 3 0.49895133243762607 0.024074168285334652
206 125 3 0.48762593749982891 0.024234134901290283
207 125 3 0.47594272120556874 0.024626540713696354
208 125 3 0.46353315706875831 0.024090207459596613
209 125 3 0.45067088873918093 0.023572413946497561
210 125 3 0.43753489825086872 0.023197924784280621
211 125 3 0.42418507411696205 0.022930763383812058
212 125 3 0.41061647627665704 0.022722665553595811
213 125 3 0.39679587915411646 0.022535348929733967
214 125 3 0.38268120358018159 0.022336296353064222
215 125 3 0.36823529437611585 0.022103485038177551
216 125 3 0.35343379199232605 0.021825038444116651
217 125 3 0.3382697150229344 0.021506860965273322
218 125 3 0.32274949553252369 0.021164268353120574
219 125 3 0.30688635698028816 0.020813530454002749
220 125 3 0.29069546027429949 0.020467949239533267
221 125 3 0.27419138863851122 0.020137059264426271
222 125 3 0.25738617710186551 0.019827753349054733
223 125 3 0.24028438874953895 0.019548646203958742
224 125 3 0.22287160793879496 0.019321734109989941
225 125 3 0.20506509260559019 0.024305416325496099
124 126 3 0.14586178403836914 0.015558733387861373
125 126 3 0.15766059820432918 0.019831805178786854
126 126 2 0.17749240338311603 0.015539944141173517
128 126 3 0.18732822902581514 0.011963621188369189
129 126 3 0.19777452830840558 0.022409920470959632
130 126 3 0.2136917053265672 0.01706792770343149
131 126 3 0.22943027192549534 0.017278020857703746
132 126 3 0.24459362857115985 0.017787271250814418
133 126 3 0.25940296626439541 0.018409445356398046
134 126 3 0.27405039663267589 0.019039366307958661
135 126 3 0.28865292911985757 0.01966489319987752
136 126 3 0.30326553163637016 0.020170662492936642
137 126 3 0.31789563580337765 0.02058265844556656
138 126 3 0.33252401986759006 0.020935873072719713
139 126 3 0.34712391816934307 0.021258272335923978
140 126 3 0.36167241823252633 0.021566417794772863
141 126 3 0.37615479865228368 0.021868046919902628
142 126 3 0.39056530553501895 0.022165812496908466
143 126 3 0.40490758583803765 0.02246094278506261
144 126 3 0.41919734252522389 0.022758055611634076
145 126 3 0.43346705190228479 0.023071622751305865
146 126 3 0.44776363882226039 0.023428290819391129
147 126 3 0.46212288204383062 0.023851324185563738
148 126 3 0.4765644912612807 0.024360090796368028
149 126 3 0.49114416549157774 0.025019029136445325
150 126 3 0.50605936056493483 0.026069118168294547
151 126 3 0.52118791559971611 0.028443378631264782
152 126 3 0.53542328154930341 0.033186744365792387
153 126 3 0.54569132748310634 0.031468043121934297
154 126 3 0.55334451241761196 0.02876344412679821
155 126 3 0.55974317021975162 0.025965022071775312
156 126 3 0.56604223579219526 0.024392076582503419
157 126 3 0.57395182426139313 0.023804982222059734
158 126 2 0.58862509905376259 0.025924348803233688
160 126 2 0.59680306785061243 0.027145753071626921
162 126 2 0.59918217948871844 0.02476664143352092
196 126 2 0.59421996018196288 0.026389199007486042
198 126 3 0.58399724072727477 0.01754916065673251
199 126 3 0.57733026701228751 0.018975438230069086
200 126 2 0.57429815091607606 0.026483488805917554
202 126 3 0.55664621017252502 0.024019466067473516
203 126 3 0.54504443199814623 0.023782709654323053
204 126 3 0.53359821786186645 0.023574097699769259
205 126 3 0.52302550072296072 0.024568036449390651
206 126 3 0.51186007240111919 0.024263628359901035
207 126 3 0.5005692619192651 0.026188725042672889
208 126 3 0.48762336452835492 0.024434892025313515
209 126 3 0.47424330268567849 0.023616888205108877
210 126 3 0.46073282303514934 0.023222056628019183
211 126 3 0.4471158375007741 0.023011695686550593
212 126 3 0.43333914183025285 0.022878742609566627
213 126 3 0.41933122808385043 0.022769718468409028
214 126 3 0.40501749993324582 0.022633618889172036
215 126 3 0.3903387794142934 0.022440913027223508
216 126 3 0.3752588304364427 0.0221675165125369
217 126 3 0.35977657598820773 0.021831668064802634
218 126 3 0.34391376388564426 0.021463756806147982
219 126 3 0.3276998874342909 0.021088820480509418
220 126 3 0.31116340951383276 0.02072346799373237
221 126 3 0.2943284479029375 0.020378072145106174
222 126 3 0.27721393045092024 0.020060080666980395
223 126 3 0.25983303495349769 0.01977795164917745
224 126 3 0.2421933420487849 0.019545929573249854
225 126 3 0.22430458469776265 0.019386678097817855
226 126 3 0.20624845661440136 0.025488780334307265
227 126 3 0.19438154444696176 0.013621868166867668
228 126 2 0.18313873477390369 0.020428573882926376
230 126 3 0.16261005377843776 0.020528680995465926
231 126 3 0.14886924678798216 0.02069018461444927
124 127 3 0.15444550611359584 0.024142455463088075
125 127 3 0.16624432027955585 0.011798814165960014
128 127 3 0.19865745792070927 0.021165054537593236
129 127 3 0.21468538440937202 0.016910856100966432
130 127 3 0.23075963302999869 0.017151918430577645
131 127 3 0.24670829278319908 0.017506833249530812
132 127 3 0.26238089982197427 0.017976083598346404
133 127 3 0.27781241162079345 0.018515744310154236
134 127 3 0.29308088224825413 0.0190687172816561
135 127 3 0.30825044708209076 0.019597517962233191
136 127 3 0.32335822121176405 0.020092689575393896
137 127 3 0.33841667536226322 0.020521039558885568
138 127 3 0.35342241245577749 0.020898392588187431
139 127 3 0.36836517857087719 0.021241260401534123
140 127 3 0.3832342276043732 0.021566277705385661
141 127 3 0.39802174313900246 0.021872835775231747
142 127 3 0.41272413825555038 0.022160386647782693
143 127 3 0.42734358610188933 0.022436000263851674
144 127 3 0.44189564962003614 0.022698307094812242
145 127 3 0.45642956715673572 0.022962515254450921
146 127 3 0.47104447635812424 0.023280837535863852
147 127 3 0.48580432485416292 0.023681442810332298
148 127 3 0.50069612355461035 0.024131632293329652
149 127 3 0.51573423202131596 0.024590066529738219
150 127 3 0.53181842255550604 0.025759061990571208
151 127 3 0.54963129423098089 0.028443378631264782
152 127 3 0.5686100259150958 0.043504227480688495
153 127 3 0.57715937060504063 0.034954882790743658
154 127 3 0.58210795654441017 0.030006296851374126
155 127 3 0.58569859457764772 0.026415658818136567
156 127 3 0.58871303577427936 0.023401217621504933
157 127 3 0.59088035857699861 0.021233894818785681
198 127 3 0.59787566252956104 0.022733496659887886
199 127 3 0.59255762360616027 0.028051535583288656
202 127 3 0.5745077714675344 0.023899583286515091
203 127 3 0.56856690624801209 0.029840448506037398
204 127 3 0.55619717734869933 0.022598959486832881
205 127 3 0.54759353717235137 0.027328898652939859
206 127 3 0.53612370076102023 0.024263628359901035
207 127 3 0.52675798696193799 0.031422922395092368
208 127 3 0.51205825655366843 0.024434892025313515
209 127 3 0.49786019089078737 0.023616888205108877
210 127 3 0.48395487966316852 0.023222056628019183
211 127 3 0.4701275331873247 0.023011695686550593
212 127 3 0.45621788443981948 0.023004856985983702
213 127 3 0.44210094655225946 0.023025160484793805
214 127 3 0.42765111882241785 0.022981582833720204
215 127 3 0.41277969244151691 0.022853119989353077
216 127 3 0.3974263469489796 0.022566609507905844
217 127 3 0.38160824405301036 0.022182792307561428
218 127 3 0.36537752069179225 0.021764624633329566
219 127 3 0.34878870791480032 0.02134898296642046
220 127 3 0.33188687750756513 0.02095358601333297
221 127 3 0.31470652004804367 0.020586331011976489
222 127 3 0.29727401111790064 0.02025128317937408
223 127 3 0.27961098660267514 0.019951965688462414
224 127 3 0.26173927162203475 0.019692234681714382
225 127 3 0.24369126279558051 0.019472113254705825
226 127 3 0.22553255991349275 0.019284103299091387
227 127 3 0.20736695140301234 0.024228216629108651
230 127 3 0.17171723110719658 0.013740806990455601
231 127 3 0.15797642411674098 0.029797361943208089
0 128 0 0.0097756012214939274 0.00083342521065771745
8 128 0 0.010609026432151645 0.0016924200682666007
16 128 0 0.012301446500418246 0.0026010194020458476
24 128 0 0.014902465902464093 0.0035802471316243173
32 128 0 0.01848271303408841 0.0046467643385146515
40 128 0 0.023129477372603062 0.0058117164685812968
48 128 0 0.028941193841184359 0.007079855931845732
56 128 0 0.036021049773030091 0.0084489794253451225
64 128 0 0.044470029198375213 0.0099095577941332585
72 128 0 0.054379586992508472 0.011443903842441441
80 128 0 0.065823490834949913 0.013022731935743215
88 128 0 0.078846222770693128 0.014594124432203232
96 128 0 0.093440347202896359 0.016064643024035111
104 128 0 0.10950499022693147 0.017379283274814056
112 128 0 0.12688427350174553 0.018781128605532355
120 128 2 0.13674135935097489 0.0098570858492293689
122 128 3 0.14233186237222339 0.012028811721715632
123 128 3 0.15258318281331848 0.022781425024127472
124 128 2 0.17536460783744595 0.017909970269130326
126 128 3 0.18732822902581511 0.011963621188369161
127 128 3 0.1986574579207093 0.021165054537593264
128 128 3 0.21509491771787254 0.016437459797163267
129 128 3 0.23151447492175556 0.016829090512383543
130 128 3 0.24791155146057633 0.017197039038921641
131 128 3 0.2642151260327299 0.017614631957234728
132 128 3 0.28035698342032067 0.018087882121109788
133 128 3 0.29632815593094769 0.018602184342991823
134 128 3 0.31214959952991023 0.019126986711001159
135 128 3 0.32784560921466016 0.019633209190411893
136 128 3 0.3434330005648018 0.020101156925236841
137 128 3 0.35892043648716987 0.020524111140737156
138 128 3 0.3743112643948287 0.020906947310623036
139 128 3 0.3896053096556602 0.021258040469575912
140 128 3 0.40480050530975886 0.021584311979751414
141 128 3 0.41989457891423421 0.021891768494630703
142 128 3 0.43488452490333307 0.022184173921765582
143 128 3 0.44976336542166911 0.02244628406848892
144 128 3 0.46452619744933488 0.022630547829298742
145 128 3 0.47922276055117363 0.022793193394437916
146 128 3 0.49408945693628281 0.023044980578158569
147 128 3 0.50926012594831371 0.023455801094150797
148 128 3 0.52458479297251193 0.024517000959501489
149 128 3 0.5391784109451403 0.023444178923824333
150 128 3 0.55574545876942771 0.023927036213921671
151 128 3 0.57680138527173264 0.035312868124051655
152 128 0 0.61211425339578429 0.028311810883159594
160 128 0 0.62394882092223936 0.026691534183049481
168 128 0 0.6305867103884133 0.026943947711417837
176 128 0 0.63229574984621273 0.02679153227868758
184 128 0 0.62888811056038485 0.027240566748622519
192 128 0 0.62060915918944892 0.026998817544066078
200 128 1 0.59840735475404949 0.025489609867124785
204 128 2 0.57492243582529123 0.023484918928758258
206 128 2 0.55818090935703035 0.026740065495551302
208 128 3 0.5358955522753569 0.023837295721688467
209 128 3 0.5210921471664367 0.023231956275649335
210 128 3 0.50701046949722572 0.0230555898340572
211 128 3 0.49313668260190319 0.023009149414578489
212 128 3 0.47922274142580318 0.023100305117099762
213 128 3 0.46512610703705326 0.023338409773585311
214 128 3 0.45063270165613806 0.023408371575708742
215 128 3 0.43563281243086999 0.023417350254472724
216 128 3 0.41999295645688545 0.023057062872973266
217 128 3 0.40379103636057179 0.022562424539146364
218 128 3 0.38714214532512181 0.022057237074917191
219 128 3 0.37013769088122078 0.021583283957699984
220 128 3 0.3528404635208981 0.021150052693102106
221 128 3 0.33529285106002016 0.020756973405086587
222 128 3 0.31752529429727472 0.020401437724866356
223 128 3 0.29956295229113755 0.02008115795051918
224 128 3 0.28143150630374913 0.019793766882364228
225 128 3 0.26316337605028634 0.019533934147727028
226 128 3 0.24480306427064988 0.019288494293355524
227 128 3 0.22639921302162347 0.019038408490136605
228 128 3 0.20796848289330588 0.024829748119402195
229 128 3 0.19556989354845442 0.012452540538388096
230 128 2 0.18313724744114168 0.018658916376506796
232 128 3 0.15776670433310228 0.029587642159569383
233 128 3 0.14849389283287623 0.020314830659343336
234 128 2 0.14604841043706426 0.017869348263531371
236 128 1 0.13923025000792033 0.015425692116684125
240 128 0 0.12380455789123621 0.018203632342011306
248 128 0 0.10624513708130642 0.017559420809929782
256 128 0 0.090384601989086918 0.015860535092219505
264 128 0 0.076087204283867518 0.0142973977052194
272 128 0 0.063359968660697749 0.012727235623169769
280 128 0 0.052179661072610871 0.011180307588086878
288 128 0 0.042487388387432795 0.0096922726851780758
296 128 0 0.03419645728683475 0.0082909311005980452
304 128 0 0.027199493752101619 0.0069969635347331312
312 128 0 0.021374904268387444 0.0058245894837141744
320 128 0 0.016593007947759419 0.0047818963206280249
328 128 0 0.012721724376699911 0.0038712835710595084
336 128 0 0.0096315641314863899 0.0030901602452135211
344 128 0 0.0071997063680770169 0.002431857763409373
352 128 0 0.0053130457866993244 0.0018866605813776926
360 128 0 0.0038701954970645318 0.0014428502896347926
368 128 0 0.0027825198147943975 0.0010876756822701342
376 128 0 0.0019743331793763128 0.0008081866354180847
384 128 0 0.001382436819956467 0.00059189635941984584
392 128 0 0.00095517611642600942 0.00042726070353045758
400 128 0 0.00065119360652490278 0.00030398250990110664
408 128 0 0.00043803101900705902 0.00021316258751784376
416 128 0 0.00029070431596350848 0.00014732670304355055
424 128 0 0.00019034357076288841 0.00010036074520062006
432 128 0 0.00012295855690104671 6.7385013861841707e-05
440 128 0 7.8363873819514408e-05 4.4594683081532297e-05
448 128 0 4.9275760059476747e-05 2.9088113760037662e-05
456 128 0 3.0576880393911419e-05 1.8698879665565328e-05
464 128 0 1.87349972579304e-05 1.1841883135981019e-05
472 128 0 1.1355747073753145e-05 7.3792501841772556e-06
480 128 0 6.8477193841858277e-06 4.5080276895673171e-06
488 128 0 4.1786440531879352e-06 2.6690753309978926e-06
496 128 0 2.7038103260234758e-06 1.4748337271644594e-06
504 128 0 2.0511441430685418e-06 6.5266618295493399e-07
122 129 3 0.1496978050303393 0.012956445679364409
123 129 3 0.1623260923233128 0.013038515514133153
126 129 3 0.19777452830840556 0.022409920470959604
127 129 3 0.21468538440937199 0.016910856100966432
128 129 3 0.23151447492175556 0.016829090512383571
129 129 3 0.24832372579390516 0.0168092508721496
130 129 3 0.26510859049949798 0.017205992478568632
131 129 3 0.28182975798996462 0.017660506903429685
132 129 3 0.29844486554143046 0.01815244642839503
133 129 3 0.31493034027393951 0.018672014315301744
134 129 3 0.33127658624091139 0.019197792162816418
135 129 3 0.34747881840507205 0.019703552251856771
136 129 3 0.36353415749003865 0.020166615671273702
137 129 3 0.37944454762790703 0.020578733305483488
138 129 3 0.39521821170545174 0.020951002549912223
139 129 3 0.41086335012523612 0.021295043028083216
140 129 3 0.42638481728951028 0.021615475612454138
141 129 3 0.44178634740886491 0.021920094857839412
142 129 3 0.45706869882509865 0.022232611169918925
143 129 3 0.47220964949015803 0.022570507458919198
144 129 3 0.48713122687385463 0.022808785184049662
145 129 3 0.50175161619142794 0.022528855640254308
146 129 3 0.51673364792352405 0.022644190987241242
147 129 3 0.53246226491501314 0.023202138966699426
148 129 3 0.54910179393201342 0.029606184745443964
149 129 3 0.56054337679510113 0.021364965849960837
150 129 3 0.57507416656005106 0.019328707790623345
151 129 3 0.58960019075649084 0.022514062639293453
208 129 3 0.55214866824183262 0.018758958781640134
209 129 3 0.54350406365753245 0.027403563365940298
210 129 3 0.52976357964589393 0.02275311014866821
211 129 3 0.51609506464663246 0.02296490110116467
212 129 3 0.50232304654290294 0.023100305117099762
213 129 3 0.48846451681063857 0.023813642212369313
214 129 3 0.4740410732318468 0.023889967068957685
215 129 3 0.45905016268534271 0.024344669779638894
216 129 3 0.44305001932985871 0.023675787701255946
217 129 3 0.42635346089971815 0.022946659400173819
218 129 3 0.409199382400039 0.022312804617507953
219 129 3 0.39172097483892077 0.021771180401931101
220 129 3 0.3739905162140002 0.021300801946879222
221 129 3 0.35604982446510675 0.020884613510220418
222 129 3 0.33792673202214107 0.020510974655516045
223 129 3 0.31964411024165673 0.020172187568642863
224 129 3 0.30122527318611336 0.019862546008279691
225 129 3 0.28269731019801336 0.019576239450846633
226 129 3 0.2640915585640054 0.019306075806353462
227 129 3 0.24543762151176007 0.019046198949593418
228 129 3 0.22675017726466681 0.018801167025419951
229 129 3 0.20802243408684251 0.02488518664570083
232 129 3 0.17125375754065392 0.013487053207551641
233 129 3 0.1619809460404279 0.020142837027305821
120 130 2 0.14376631878008417 0.017139744348817931
122 130 3 0.15738642562655575 0.014260669478524612
123 130 3 0.17164709510508036 0.014260669478524612
124 130 3 0.1853009952535776 0.013653900148497239
125 130 3 0.19676790943379122 0.021403301596345264
126 130 3 0.2136917053265672 0.01706792770343149
127 130 3 0.23075963302999869 0.017151918430577673
128 130 3 0.24791155146057636 0.017197039038921613
129 130 3 0.26510859049949798 0.017205992478568632
130 130 3 0.28231458297806661 0.017205992478568632
131 130 3 0.29949026489339431 0.017663172052775677
132 130 3 0.31659731196982549 0.018183680885898834
133 130 3 0.33360235458924126 0.018730004104504372
134 130 3 0.3504743784037278 0.01928304624702315
135 130 3 0.36718237065692882 0.019811077078574713
136 130 3 0.38370077316131235 0.020277555289577198
137 130 3 0.40002328093339051 0.020667784840340597
138 130 3 0.41616921425536396 0.021017906240731132
139 130 3 0.43215839315331933 0.021350301270739613
140 130 3 0.44800029290196441 0.021657115561140639
141 130 3 0.46370644226670432 0.021935186919037897
142 130 3 0.47930130999501758 0.022250311109545506
143 130 3 0.49478015694907723 0.022788949287468274
144 130 3 0.50994001205790429 0.023986768283532967
145 130 3 0.5238190108159394 0.02206739462451146
146 130 3 0.53852880881879739 0.021795160895273336
147 130 3 0.55464807946035466 0.02405989921710272
148 130 2 0.57870797867745738 0.024829725193155183
150 130 2 0.59429331671458707 0.017820936681197219
204 130 2 0.59075588786751976 0.016565137984221101
206 130 2 0.58190575730233107 0.025415268549409786
208 130 2 0.57090762702347275 0.023081261073790271
210 130 3 0.55234412249193687 0.022580542846042939
211 130 3 0.53905996574779713 0.023221139702349292
212 130 3 0.52541651979482618 0.023093473251923236
213 130 3 0.51227815902300788 0.024926430764068086
214 130 3 0.49793104030080448 0.023986878289788405
215 130 3 0.48339483246498161 0.026389149256979105
216 130 3 0.46672580703111466 0.024348512579169257
217 130 3 0.44930012029989197 0.023229569349643708
218 130 3 0.43151218701754696 0.022470259993577602
219 130 3 0.41349215524085187 0.021882095077996433
220 130 3 0.39529131816087942 0.02139175209184091
221 130 3 0.37693443797532716 0.020964207680784996
222 130 3 0.35843770667765712 0.020580265093879835
223 130 3 0.33981629781029959 0.020228769487541487
224 130 3 0.32108781919439305 0.019902772946467973
225 130 3 0.30227354964886 0.019597263626792094
226 130 3 0.28339763437035886 0.019308307193385887
227 130 3 0.26448382046135349 0.019046198949593418
228 130 3 0.24555134429008676 0.01893485788032942
229 130 3 0.22661648640975735 0.01893485788032942
230 130 3 0.20770786458690249 0.024570617145760809
231 130 3 0.19500816706740884 0.01288438399967512
232 130 2 0.18212378306773372 0.020576083858646066
234 130 2 0.16154769920908765 0.022317449201167322
122 131 3 0.16442570063124848 0.02065938185116431
123 131 3 0.18155931769607891 0.017133617064830436
124 131 3 0.19740237660401863 0.015843058907939717
125 131 3 0.21268719630872568 0.016743075616769687
126 131 3 0.22943027192549537 0.017278020857703746
127 131 3 0.24670829278319911 0.01750683324953084
128 131 3 0.26421512603272995 0.017614631957234728
129 131 3 0.28182975798996468 0.017660506903429574
130 131 3 0.29949026489339425 0.017663172052775733
131 131 3 0.31715343694616999 0.017663172052775733
132 131 3 0.33478099285572432 0.018183912345993092
133 131 3 0.35233235869374563 0.018776145512481357
134 131 3 0.36975742465075095 0.019388227097843436
135 131 3 0.38699344773550354 0.019975104260607834
136 131 3 0.40397832845088955 0.020459721948613785
137 131 3 0.42069106577373111 0.02079194804078216
138 131 3 0.43718712049609509 0.02109755591083351
139 131 3 0.45350869442405894 0.021426162841002683
140 131 3 0.46965740846310505 0.02172251106004297
141 131 3 0.48564162918574222 0.021935186919037897
142 131 3 0.50155162110456308 0.022250311109545506
143 131 3 0.51756910623654551 0.022788949287468274
144 131 3 0.53392678034143726 0.029212456941380194
145 131 3 0.54495047632627369 0.021131465510334291
146 131 3 0.55880680200189825 0.024046202312349441
147 131 3 0.56878250588291412 0.014134426422559465
210 131 3 0.56953875333364312 0.02297229679776347
211 131 3 0.56228110545014642 0.030229944681260168
212 131 3 0.54790546528685358 0.022488945492027401
213 131 3 0.53720458978707597 0.029409672518869834
214 131 3 0.52191791859059289 0.023986878289788405
215 131 3 0.50978398172196071 0.032869568682762473
216 131 3 0.49107431961028392 0.024348512579169257
217 131 3 0.47252968964953568 0.023229569349643708
218 131 3 0.45398244701112456 0.022470259993577602
219 131 3 0.4353742503188483 0.021889419188645176
220 131 3 0.41668307025272033 0.021414267073278259
221 131 3 0.39789864565611216 0.020994679033593755
222 131 3 0.37901797177153695 0.020611691771951712
223 131 3 0.36004506729784108 0.020254531346186766
224 131 3 0.34099059214086103 0.019917280868738285
225 131 3 0.32187081327565209 0.019597263626792094
226 131 3 0.30270594156374475 0.019308307193385887
227 131 3 0.28351797398560052 0.019188829318822653
228 131 3 0.26432914466677787 0.019188829318822653
229 131 3 0.24516350878016963 0.019165635886608245
230 131 3 0.2260537057133773 0.01910980306679233
231 131 3 0.20705123977556347 0.024927456707829754
120 132 3 0.14381915856343028 0.016934885061684751
121 132 3 0.15722967327194859 0.017749487748479981
122 132 3 0.17497916102042857 0.017763562511585007
123 132 3 0.19274272353201358 0.017763562511585007
124 132 3 0.21003547625544808 0.017292752723434501
125 132 3 0.22711502811724649 0.017478600453913362
126 132 3 0.24459362857115985 0.017787271250814418
127 132 3 0.26238089982197427 0.01797608359834646
128 132 3 0.28035698342032073 0.018087882121109733
129 132 3 0.29844486554143046 0.018152446428395086
130 132 3 0.31659731196982555 0.018183680885898779
131 132 3 0.33478099285572432 0.018183912345993092
132 132 3 0.35296490520171742 0.018183912345993092
133 132 3 0.37110850420622699 0.01879780902297401
134 132 3 0.38914565174859439 0.01951400181713131
135 132 3 0.40696855199611137 0.020236785277573333
136 132 3 0.42443805039950333 0.020789677139499252
137 132 3 0.44148301381451327 0.020938135398241797
138 132 3 0.4582846764069286 0.021149610386942908
139 132 3 0.47493485726506163 0.02152966595789757
140 132 3 0.49137991952314802 0.021893900626338614
141 132 3 0.50754984454839713 0.021931042916060517
142 132 3 0.52359105911907056 0.022039438014507473
143 132 3 0.53991214967844836 0.02322708760436909
144 132 2 0.56313923728281745 0.023700608948961976
146 132 2 0.58285300431424769 0.020684699556364872
148 132 1 0.60353770387061256 0.018392380278869247
200 132 1 0.61536282298897926 0.01777859055210218
204 132 1 0.60732102585174086 0.025820387689340585
208 132 1 0.59251105013140659 0.024102271923722829
212 132 2 0.5666142623059458 0.025896787825460788
214 132 2 0.54265355040472318 0.026802600248446384
216 132 3 0.51516743684110589 0.027486113563617298
217 132 3 0.49567640590106266 0.023146716251526978
218 132 3 0.47643309155876584 0.022450644547641285
219 132 3 0.45726366950749348 0.021889419188645176
220 132 3 0.43809733732599859 0.021414267073278259
221 132 3 0.41889332468970591 0.020994679033593755
222 132 3 0.39962966354348867 0.02061186310344354
223 132 3 0.38029959864402785 0.020255051882693553
224 132 3 0.36090787300959931 0.019917280868738285
225 132 3 0.34146740035395934 0.019596587078307248
226 132 3 0.32199660932246549 0.019479319692866315
227 132 3 0.30251728962959917 0.019479319692866315
228 132 3 0.28305308310603472 0.019464206523564453
229 132 3 0.26362904985410213 0.019424033251932593
230 132 3 0.24427156166786113 0.019357488186241001
231 132 3 0.22500362298618323 0.019267938681677893
232 132 3 0.20582033266918451 0.023696549601450789
233 132 3 0.19270705317219056 0.013933977798079006
234 132 2 0.17877307537411155 0.019629993786929173
236 132 2 0.15930706912590323 0.020076819117982897
238 132 2 0.14303430346576973 0.019229745574533524
120 133 3 0.14739443673568681 0.020510163233941281
121 133 3 0.16634627741716723 0.019156673187938206
122 133 3 0.18550295060510544 0.019156673187938206
123 133 3 0.20437350967080103 0.018870559065695597
124 133 3 0.22285081435925266 0.018477304688451629
125 133 3 0.24110560786967342 0.018297358394721991
126 133 3 0.25940296626439541 0.018409445356398102
127 133 3 0.27781241162079351 0.018515744310154181
128 133 3 0.29632815593094769 0.018602184342991823
129 133 3 0.31493034027393951 0.018672014315301744
130 133 3 0.33360235458924126 0.018730004104504316
131 133 3 0.35233235869374557 0.018776145512481468
132 133 3 0.37110850420622704 0.018797809022973955
133 133 3 0.389906313229201 0.01879780902297401
134 133 3 0.4086596535657257 0.019629019300410167
135 133 3 0.4272053372736847 0.02066415265569721
136 133 3 0.44522772753900258 0.021519827946499814
137 133 3 0.46242114921275507 0.021017079917643233
138 133 3 0.47943428679387151 0.021149610386942908
139 133 3 0.4964645232229592 0.021644705003977194
140 133 3 0.51327382014948664 0.022388034127916012
141 133 3 0.52948088746445765 0.022266214971186082
142 133 3 0.5452425197155768 0.027304478816760125
143 133 3 0.55523866947476386 0.017308329057573069
216 133 3 0.53116874644476608 0.017100471539757356
217 133 3 0.51848382979077046 0.029785388193752982
218 133 3 0.49872335028150599 0.022290258722740153
219 133 3 0.47906856602188153 0.02180489651438805
220 133 3 0.45947290964804544 0.021375572322046843
221 133 3 0.4398763419783826 0.020983017288676686
222 133 3 0.42024152664693221 0.02061186310344354
223 133 3 0.4005546505267214 0.020255051882693553
224 133 3 0.3808178657788383 0.019909992769238993
225 133 3 0.36104338491977273 0.019793381835616131
226 133 3 0.34125000308415659 0.019793381835616131
227 133 3 0.32146080563997143 0.019789197444185169
228 133 3 0.30170126947916037 0.019759536160811053
229 133 3 0.2819975594230516 0.01970371005610877
230 133 3 0.26237445169378593 0.019623107729265676
231 133 3 0.2428509830021294 0.019523468691656526
232 133 3 0.22343151077290516 0.019419472229224244
233 133 3 0.20409908514989089 0.02532600977577934
120 134 3 0.15252494032485625 0.025640666823110725
121 134 3 0.17524694382048944 0.022722003495633192
122 134 3 0.19629357771422251 0.021046633893733069
123 134 3 0.21637022556465929 0.02007664785043678
124 134 3 0.23585355929958987 0.01948333373493058
125 134 3 0.25501103032471722 0.019157471025127354
126 134 3 0.27405039663267589 0.019039366307958661
127 134 3 0.29308088224825413 0.019068717281656156
128 134 3 0.31214959952991028 0.019126986711001104
129 134 3 0.33127658624091139 0.019197792162816418
130 134 3 0.3504743784037278 0.01928304624702315
131 134 3 0.36975742465075095 0.019388227097843491
132 134 3 0.38914565174859445 0.019514001817131255
133 134 3 0.4086596535657257 0.019629019300410167
134 134 3 0.42828867286613587 0.019629019300410167
135 134 3 0.44786948992938191 0.021267101965061874
136 134 3 0.4667475554855024 0.023604420350898048
137 134 3 0.4834382291303983 0.021017079917643233
138 134 3 0.50046313527390529 0.021028848480033779
139 134 3 0.51810922822693639 0.021644705003977194
140 134 3 0.53566185427740265 0.023743191078553938
141 134 3 0.55174710243564373 0.022266214971186082
142 134 2 0.57254699853233693 0.022306403937166652
144 134 3 0.57874178498287021 0.01560254770005276
145 134 3 0.58572268808323569 0.022583450800418237
146 134 2 0.60046964715099549 0.021460436998486321
212 134 2 0.58829611587897079 0.026688209904578652
214 134 3 0.56956863769242128 0.026915087287698092
215 134 3 0.55956125109900601 0.018083889865952552
216 134 2 0.54826921798452344 0.023442929866755113
218 134 3 0.52081553608004816 0.02745368190447528
219 134 3 0.50072714803776008 0.021658582015878558
220 134 3 0.48076737986429924 0.021294470216253802
221 134 3 0.46082076449771991 0.020944422519337313
222 134 3 0.44083378645038296 0.020592259803450752
223 134 3 0.42079313605000757 0.020238485523286165
224 134 3 0.4007042786925788 0.020122078762871753
225 134 3 0.38058219992970704 0.020133851403759451
226 134 3 0.36044834852594759 0.020133851403759451
227 134 3 0.34032899784396892 0.020119350681978676
228 134 3 0.32025315645431135 0.020075841389657567
229 134 3 0.30025016330353699 0.020002993150774362
230 134 3 0.28034754323493238 0.019902620068604604
231 134 3 0.26056929979141052 0.019778243443521859
232 134 3 0.24093567549986233 0.019633624291548191
233 134 3 0.221469785868152 0.019465889631710337
234 134 3 0.20222190388018005 0.023448828506068498
235 134 3 0.18938057513806553 0.013202954315147147
236 134 2 0.17617762082291838 0.01868197480671252
238 134 3 0.15634611860229844 0.01983150222061994
239 134 3 0.14325201065049747 0.019447452759261269
120 135 3 0.16056932497213156 0.033685051470386029
121 135 3 0.18580892827023876 0.025239603298107205
122 135 3 0.20803146023095243 0.022222531960713665
123 135 3 0.22892924869023601 0.020897788459283584
124 135 3 0.24914323500469887 0.020213986314462862
125 135 3 0.26898803591998005 0.01984480091528118
126 135 3 0.28865292911985757 0.01966489319987752
127 135 3 0.30825044708209082 0.019597517962233246
128 135 3 0.32784560921466016 0.019633209190411949
129 135 3 0.34747881840507211 0.019703552251856715
130 135 3 0.36718237065692882 0.019811077078574713
131 135 3 0.38699344773550354 0.019975104260607834
132 135 3 0.40696855199611137 0.020236785277573388
133 135 3 0.42720533727368476 0.020664152655697099
134 135 3 0.44786948992938186 0.02126710196506193
135 135 3 0.46913659189444379 0.02126710196506193
136 135 3 0.49035197583640044 0.031049143768496212
137 135 3 0.50401584048265358 0.020577611352255276
138 135 3 0.52076324282791908 0.020300107554013791
139 135 3 0.5397375106642246 0.021628282437288204
140 135 3 0.55940504535595659 0.033515261042142308
141 135 3 0.56918423916216432 0.023736067235934577
144 135 3 0.5934402322964345 0.02848985185304731
145 135 3 0.60042113539679987 0.021508948752681945
214 135 3 0.58765252755837383 0.027331798225175619
215 135 3 0.57764514096495856 0.037339184818590887
218 135 3 0.5354442164815949 0.014981614832073165
219 135 3 0.52216420624215365 0.028261625071514418
220 135 3 0.50196106471429602 0.021193684849996786
221 135 3 0.48172318268781145 0.020902418190091532
222 135 3 0.46140262523242431 0.020568838782041354
223 135 3 0.44100802014614987 0.020450620882189852
224 135 3 0.42055739926396002 0.020485825382111578
225 135 3 0.40007157388184844 0.020495294817091947
226 135 3 0.37957627906475649 0.020495294817091947
227 135 3 0.35910305834482498 0.020473220719931517
228 135 3 0.33868684887565936 0.020416209469165614
229 135 3 0.31836230020846079 0.020324548667198572
230 135 3 0.29816138549276494 0.02020091471569585
231 135 3 0.27811330822229391 0.020048077270471032
232 135 3 0.25824755637968994 0.019865751842603974
233 135 3 0.23860301990855445 0.019644536471135482
234 135 3 0.21924974686215956 0.019353273046394892
235 135 3 0.20033861612119627 0.024160995298277893
238 135 3 0.1629180122040628 0.013259608618855584
239 135 3 0.14982390425226183 0.026019346361025625
0 136 0 0.01053043739208254 0.0008984385333285598
8 136 0 0.0114288759254111 0.0018247747262078329
16 136 0 0.013253650651618933 0.0028053302411762387
24 136 0 0.016058980892795172 0.0038633544800686891
32 136 0 0.019922335372863861 0.0050177042467672676
40 136 0 0.024940039619631128 0.006281831427063813
48 136 0 0.031221871046694941 0.0076632752400053912
56 136 0 0.038885146286700333 0.0091639704641406361
64 136 0 0.048049116750840969 0.01078187994113166
72 136 0 0.058830996691972628 0.012514639685527421
80 136 0 0.071345636377500049 0.014364652109672749
88 136 0 0.085710288487172798 0.016331829831502678
96 136 0 0.10204211831867548 0.018289323719618639
104 136 0 0.12033144203829411 0.019098055825974389
112 136 1 0.13474286826534862 0.014411426227054505
116 136 2 0.14166946979687711 0.014785196295131586
118 136 3 0.14537609164023341 0.018491818138487881
119 136 3 0.15562106092988653 0.028736787428141009
120 136 3 0.17705175414613478 0.022318874311640202
121 136 3 0.19937062845777498 0.022318874311640202
122 136 3 0.22106785872910775 0.021697230271332774
123 136 3 0.24213751689652177 0.021069658167414018
124 136 3 0.26275960004944254 0.020622083152920773
125 136 3 0.28309486914343357 0.020335269093991026
126 136 3 0.30326553163637016 0.020170662492936586
127 136 3 0.32335822121176405 0.020092689575393896
128 136 3 0.3434330005648018 0.020101156925236841
129 136 3 0.36353415749003865 0.020166615671273702
130 136 3 0.38370077316131235 0.020277555289577254
131 136 3 0.4039783284508896 0.020459721948613729
132 136 3 0.42443805039950333 0.020789677139499252
133 136 3 0.44522772753900258 0.021519827946499814
134 136 3 0.4667475554855024 0.023604420350898103
135 136 3 0.4903519758364005 0.031049143768496157
136 136 2 0.52140111960489666 0.024217211445369646
138 136 3 0.53872542356279707 0.021833498558243014
139 136 3 0.56055892212104008 0.032361384277058813
140 136 1 0.5929203063980989 0.029009777751382915
144 136 0 0.62193008414948181 0.021509477344616834
152 136 0 0.63670110260502844 0.024586849209244144
160 136 0 0.64779018316584502 0.023841362243605668
168 136 0 0.654303933303231 0.023717222914817704
176 136 0 0.65602121680561087 0.023725466959398145
184 136 0 0.65287721561431378 0.023989105053928927
192 136 0 0.64507315301090074 0.024463993821451813
200 136 0 0.63314141354108144 0.021799489120721383
208 136 0 0.61498432578354945 0.025992563182686834
216 136 3 0.57916598675520137 0.035818339028348078
217 136 3 0.56302529471542384 0.016140692039777527
218 136 2 0.55042583131366807 0.023283519714232259
220 136 3 0.52309626295571776 0.027329568357950307
221 136 3 0.50262039354492827 0.020985343203128171
222 136 3 0.48196299267972087 0.020761210885802017
223 136 3 0.46120178179391885 0.020827803084370433
224 136 3 0.44037397870954842 0.020869908324609943
225 136 3 0.41950407038493848 0.020882883979866929
226 136 3 0.39862118640507155 0.020882883979866929
227 136 3 0.37776454669822607 0.020856639706845481
228 136 3 0.35697868871106164 0.020785857987164424
229 136 3 0.33630595196388374 0.0206727367471779
230 136 3 0.31578284243753063 0.020523109526353112
231 136 3 0.29544070142206535 0.020342141015465276
232 136 3 0.27530913677685009 0.020131564645215261
233 136 3 0.25542104612866456 0.01988809064818553
234 136 3 0.23581656106328155 0.019604485065383009
235 136 3 0.21653257016870012 0.019283990894581438
236 136 3 0.19751705744776241 0.021339436624844027
237 136 3 0.1842452044383695 0.014925037301714378
238 136 2 0.16932016713665513 0.021155608364602646
240 136 2 0.14816455877205248 0.024360000880816274
242 136 2 0.13676124871485143 0.012956690823615225
244 136 1 0.12924328750644437 0.013889603102171508
248 136 0 0.11535368440427286 0.017559709610891885
256 136 0 0.098089061761046828 0.017264622643226035
264 136 0 0.082434092329634515 0.015654969431412313
272 136 0 0.068547639201753663 0.013886453127880852
280 136 0 0.056391684540926842 0.01215595466082682
288 136 0 0.04588063123748911 0.010511053303437733
296 136 0 0.036905686844370317 0.0089749443931187931
304 136 0 0.029341397057379121 0.0075642897869911963
312 136 0 0.023050575621891022 0.006290821435488099
320 136 0 0.017889562315325326 0.0051610133065656955
328 136 0 0.01371353483780877 0.0041760274775165564
336 136 0 0.010381384871647956 0.0033321499661608141
344 136 0 0.0077597925116015681 0.0026215923600463875
352 136 0 0.0057262990826074398 0.0020334934289941283
360 136 0 0.0041713238887048625 0.0015549751939025773
368 136 0 0.0029991817871108384 0.0011721421015940241
376 136 0 0.0021282341550282586 0.00087094763208257981
384 136 0 0.001490348633935522 0.0006378855210927366
392 136 0 0.0010298579599897829 0.00046049067394573909
400 136 0 0.00070220138876128527 0.00032765657122849762
408 136 0 0.00047241032075049836 0.00022979106801078691
416 136 0 0.00031356910073704271 0.00015884122001345565
424 136 0 0.00020534812945287382 0.00010822097128416889
432 136 0 0.00013267369792652057 7.2674431526353254e-05
440 136 0 8.4570265477739738e-05 4.8103432448780829e-05
448 136 0 5.3187864837203653e-05 3.1382400640536086e-05
456 136 0 3.3010433160671086e-05 2.0177431676532566e-05
464 136 0 2.0229813681815484e-05 1.2780619478855602e-05
472 136 0 1.2264111059203451e-05 7.9657026226120332e-06
480 136 0 7.3969356212115293e-06 4.8671754379919216e-06
488 136 0 4.5147355083789784e-06 2.8822001128325509e-06
496 136 0 2.9219117189394356e-06 1.5928237894395428e-06
504 136 0 2.2169625715695335e-06 7.0494914736990215e-07
118 137 3 0.15732868195447011 0.015838720595527656
119 137 3 0.17316740254999777 0.019465709749670879
120 137 3 0.19263311229966865 0.020899358740175483
121 137 3 0.21353247103984413 0.021169447853573192
122 137 3 0.23470191889341732 0.021169447853573192
123 137 3 0.25575533100699982 0.021053412113582498
124 137 3 0.27661693693071399 0.020861605923714166
125 137 3 0.29731297735781109 0.020696040427097107
126 137 3 0.31789563580337765 0.02058265844556656
127 137 3 0.33841667536226322 0.020521039558885568
128 137 3 0.35892043648716987 0.0205241111407371
129 137 3 0.37944454762790697 0.020578733305483543
130 137 3 0.40002328093339051 0.020667784840340597
131 137 3 0.42069106577373111 0.020791948040782104
132 137 3 0.44148301381451321 0.020938135398241853
133 137 3 0.46242114921275507 0.021017079917643178
134 137 3 0.48343822913039824 0.021017079917643178
135 137 3 0.50401584048265358 0.020577611352255332
138 137 3 0.55206441515308846 0.030663295548191805
139 137 3 0.57073546550336751 0.022184840894731384
216 137 3 0.5902714682642094 0.024712857519340048
217 137 3 0.57413077622443198 0.023704944910763914
220 137 3 0.53727895431194628 0.014606478789568889
221 137 3 0.52360573674805644 0.028279696353458728
222 137 3 0.50253922562467235 0.021159554928540603
223 137 3 0.48137967069613175 0.021223977773649039
224 137 3 0.46015569292248271 0.02127761823924873
225 137 3 0.43887807468323398 0.021304190304505921
226 137 3 0.41757388437872806 0.021304190304505921
227 137 3 0.3962947804967627 0.021279103881965356
228 137 3 0.37510240415114166 0.021192376345621045
229 137 3 0.35405040895166745 0.021051995199474205
230 137 3 0.33317915490528516 0.020871254046382293
231 137 3 0.31251868123555754 0.020660473669727619
232 137 3 0.2920936843185431 0.020424996917014437
233 137 3 0.27192711622067423 0.020166568097868875
234 137 3 0.25203965802472178 0.019887458195952445
235 137 3 0.23243985941206147 0.019599798612660313
236 137 3 0.21309960625578026 0.019340253156281212
237 137 3 0.19395619701630537 0.024636029879650245
116 138 2 0.15370061688900791 0.01998455558739845
118 138 3 0.16909688020329741 0.017979280354971788
119 138 3 0.1870761605582692 0.019686867567406674
120 138 3 0.20676302812567587 0.020635586279512758
121 138 3 0.22739861440518863 0.021019859260129614
122 138 3 0.24841847366531825 0.021105111429431694
123 138 3 0.26952358509474994 0.021105111429431694
124 138 3 0.29059085874161017 0.02106727364686023
125 138 3 0.31158814679487035 0.020997288053260177
126 138 3 0.33252401986759 0.020935873072719657
127 138 3 0.35342241245577749 0.020898392588187487
128 138 3 0.37431126439482865 0.020906947310623036
129 138 3 0.39521821170545168 0.020951002549912279
130 138 3 0.41616921425536396 0.021017906240731132
131 138 3 0.43718712049609509 0.021097555910833565
132 138 3 0.45828467640692866 0.021149610386942852
133 138 3 0.47943428679387151 0.021149610386942852
134 138 3 0.50046313527390518 0.021028848480033668
135 138 3 0.52076324282791897 0.020300107554013791
136 138 3 0.53872542356279707 0.021833498558243014
137 138 3 0.55206441515308857 0.030663295548191916
138 138 2 0.57727965724159425 0.015879716913366315
216 138 2 0.59268820839300829 0.022296117390541159
218 138 2 0.57370935102790033 0.025679846822949326
220 138 2 0.55188543310151517 0.022126448198364401
222 138 3 0.5231151261721384 0.028770306929376765
223 138 3 0.50153419284013989 0.021625333709023586
224 138 3 0.47990885913111631 0.02170678402419296
225 138 3 0.45820207510692335 0.021771538644907606
226 138 3 0.43643053646201574 0.021771538644907606
227 138 3 0.41467293374083658 0.021757602721179159
228 138 3 0.39302596524444378 0.021646968496392804
229 138 3 0.37155989026639996 0.021466074978043814
230 138 3 0.35031593902265429 0.021243951243745673
231 138 3 0.32931786245480288 0.020998076567851409
232 138 3 0.30858184003499078 0.020736022419812095
233 138 3 0.28812139849707685 0.020460441537913931
234 138 3 0.26794762294608587 0.02017377555099098
235 138 3 0.24806525377189426 0.019882369174191616
236 138 3 0.22846800895482119 0.019597244817073062
237 138 3 0.20914749452067788 0.019320514434143315
238 138 3 0.19012260608857526 0.020802438951920132
239 138 3 0.17711901223510829 0.014348527376305403
240 138 2 0.16277048485880288 0.018916443379232095
242 138 2 0.14584257001845646 0.01692791484034642
118 139 3 0.17827346474951528 0.024572847860507369
119 139 3 0.19926243213780087 0.020988967388285595
120 139 3 0.21992229747879968 0.020928816080941992
121 139 3 0.24085111355974168 0.021161703060092935
122 139 3 0.26201281661983461 0.021272347562702409
123 139 3 0.28328516418253702 0.021297687406602983
124 139 3 0.30458285158914 0.021297687406602983
125 139 3 0.32586564583341909 0.021282794244279091
126 139 3 0.34712391816934302 0.021258272335923922
127 139 3 0.36836517857087719 0.021241260401534179
128 139 3 0.3896053096556602 0.021258040469575912
129 139 3 0.41086335012523612 0.021295043028083216
130 139 3 0.43215839315331933 0.021350301270739669
131 139 3 0.453508694424059 0.021426162841002627
132 139 3 0.47493485726506163 0.021529665957897626
133 139 3 0.49646452322295925 0.021644705003977138
134 139 3 0.51810922822693639 0.021644705003977138
135 139 3 0.53973751066422471 0.021628282437288315
136 139 3 0.56055892212104008 0.032361384277058813
137 139 3 0.57073546550336751 0.022184840894731384
222 139 3 0.53640284363416313 0.015482589467352037
223 139 3 0.52164000537464295 0.027228485895289145
224 139 3 0.49965607462097611 0.022146917584248804
225 139 3 0.47750915703672731 0.022311835369406174
226 139 3 0.45519732166732113 0.022327064586110057
227 139 3 0.43287025708121107 0.022327064586110057
228 139 3 0.41070413963697122 0.022166117444239852
229 139 3 0.38878840546934307 0.021915734167628154
230 139 3 0.36715359395438518 0.021634811514957886
231 139 3 0.34580725331482687 0.021346340639558314
232 139 3 0.32475212274731247 0.021055130567514402
233 139 3 0.30399208858839105 0.020760034158921414
234 139 3 0.28353253971447773 0.020459548873913325
235 139 3 0.26337908321386627 0.020153456500611455
236 139 3 0.24353835987656758 0.019840723337298694
237 139 3 0.22402688352065159 0.019511476355915991
238 139 3 0.20489242199636004 0.019134461524291546
239 139 3 0.18625484424096167 0.023484359382158787
112 140 1 0.14411612746318839 0.023784685424894272
116 140 3 0.15810825011053195 0.013992122647343563
117 140 3 0.17127561927035762 0.019747002913362455
118 140 3 0.19102262218372007 0.020736794206153403
119 140 3 0.21175941638987347 0.021027700437925456
120 140 3 0.23278711682779893 0.021250836499716125
121 140 3 0.25403795332751505 0.021418433272222648
122 140 3 0.2754563865997377 0.02151755985947279
123 140 3 0.29697394645921049 0.021561129321206685
124 140 3 0.31853507578041718 0.021570924657336288
125 140 3 0.34010600043775346 0.021570924657336288
126 140 3 0.36167241823252633 0.021566417794772863
127 140 3 0.3832342276043732 0.021566277705385717
128 140 3 0.40480050530975892 0.021584311979751414
129 140 3 0.42638481728951033 0.021615475612454083
130 140 3 0.44800029290196441 0.021657115561140583
131 140 3 0.469657408463105 0.021722511060043137
132 140 3 0.49137991952314813 0.021893900626338392
133 140 3 0.51327382014948653 0.022388034127916123
134 140 3 0.53566185427740265 0.023743191078553938
135 140 3 0.55940504535595659 0.033515261042142308
136 140 1 0.5929203063980989 0.029009777751383026
140 140 1 0.60792090721163106 0.015000600813532161
216 140 1 0.59938919785084965 0.016671327950083081
220 140 2 0.57320540918847673 0.02618378866237292
222 140 2 0.54886849126993209 0.024336917918544643
224 140 3 0.51947366304419873 0.02939482822573336
225 140 3 0.49689438886405096 0.022995933715443895
226 140 3 0.47389845514860707 0.023066814837692851
227 140 3 0.45083164031091422 0.023066814837692851
228 140 3 0.42806277986370156 0.022768860447212658
229 140 3 0.40567261931802906 0.022390160545672499
230 140 3 0.3836450931687847 0.022027526149244359
231 140 3 0.36195336243290366 0.021691730735881043
232 140 3 0.34058076877581644 0.021372593657087213
233 140 3 0.31952120134124506 0.02105956743457138
234 140 3 0.29877563531004647 0.020745566031198592
235 140 3 0.27834972713352202 0.020425908176524454
236 140 3 0.25825419901224289 0.020095528121279127
237 140 3 0.23850908703602849 0.019745111976214397
238 140 3 0.2191501718890369 0.01935891514699159
239 140 3 0.2002271274120046 0.018923044477032303
240 140 3 0.18174840707786605 0.018977922219063165
241 140 3 0.16899354818838355 0.014397697835813905
242 140 2 0.15459585035256965 0.018327721341831443
244 140 1 0.13658350052388507 0.021229816119612208
116 141 3 0.16333626656187347 0.019220139098685085
117 141 3 0.18226242840715712 0.020504613074527167
118 141 3 0.20276704148168428 0.021176686336423084
119 141 3 0.22394372781810737 0.021456299052477118
120 141 3 0.24540002687058449 0.021621267558819213
121 141 3 0.2670212944294037 0.021736456165124929
122 141 3 0.28875775059452863 0.021811185069228411
123 141 3 0.31056893566375704 0.021851312451810045
124 141 3 0.33242024811556709 0.021866503616814026
125 141 3 0.35428675173238111 0.021868046919902517
126 141 3 0.37615479865228363 0.021868046919902517
127 141 3 0.3980217431390024 0.021872835775231803
128 141 3 0.41989457891423421 0.021891768494630703
129 141 3 0.44178634740886491 0.021920094857839412
130 141 3 0.46370644226670432 0.021935186919037897
131 141 3 0.48564162918574222 0.021935186919037897
132 141 3 0.50754984454839724 0.021931042916060406
133 141 3 0.52948088746445765 0.022266214971186082
134 141 3 0.55174710243564373 0.022266214971186082
135 141 3 0.56918423916216443 0.023736067235934466
224 141 3 0.53237785039529328 0.016490640874638807
225 141 3 0.51660439506811084 0.027859201905197084
226 141 3 0.49258465415889119 0.024169315094794475
227 141 3 0.46841533906409671 0.024169315094794475
228 141 3 0.444968993705529 0.023446345358567711
229 141 3 0.42212637226098759 0.022842621444541411
230 141 3 0.39973877067060415 0.022387601590383444
231 141 3 0.37772401533913619 0.022014755331467961
232 141 3 0.35604568760847372 0.021678327730662472
233 141 3 0.33469114212919038 0.021354545479283338
234 141 3 0.31365934455277977 0.021031797576410605
235 141 3 0.29295561440561085 0.020703730147168919
236 141 3 0.27259050407312668 0.020365110332484171
237 141 3 0.25258113578841612 0.02000936828471056
238 141 3 0.23295314511638548 0.019627990672030637
239 141 3 0.21374111139570182 0.019212033720683669
240 141 3 0.19499330051129937 0.018747810884402444
241 141 3 0.17685359520041866 0.022257744847849009
116 142 3 0.16885247253161523 0.02473634506842684
117 142 3 0.19165913343770613 0.022806660906090903
118 142 3 0.21382127385767638 0.02216214041997025
119 142 3 0.23582354406311021 0.022002270205433827
120 142 3 0.25781615734341262 0.022034464698724721
121 142 3 0.27985062204213734 0.022087902727678355
122 142 3 0.3019385247698157 0.022132418056580394
123 142 3 0.32407094282639609 0.022159543761983758
124 142 3 0.34623048658837985 0.022169006449730577
125 142 3 0.36839949303811043 0.022169006449730577
126 142 3 0.39056530553501895 0.022165812496908521
127 142 3 0.41272413825555032 0.022160386647782693
128 142 3 0.43488452490333301 0.022184173921765582
129 142 3 0.4570686988250986 0.022232611169918925
130 142 3 0.47930130999501752 0.022250311109545673
131 142 3 0.50155162110456319 0.022250311109545673
132 142 3 0.52359105911907056 0.022039438014507362
133 142 3 0.5452425197155768 0.027304478816760236
134 142 2 0.57254699853233704 0.022306403937166763
220 142 2 0.59223033061305641 0.02252189571174823
222 142 3 0.5728701651924013 0.024001673922469213
223 142 3 0.56092769239198348 0.016472023050870144
224 142 2 0.54446359697330793 0.027307222583444646
226 142 3 0.51132967926646944 0.033133917706838489
227 142 3 0.48519169873163209 0.026137980534837346
228 142 3 0.46119329901508727 0.023998399716544827
229 142 3 0.43805294254826227 0.023140356466824996
230 142 3 0.41539333691168034 0.022659605636581925
231 142 3 0.39309777076119196 0.022295566150488388
232 142 3 0.37113205600349403 0.021965714757697929
233 142 3 0.34948917809630164 0.021642877907192382
234 142 3 0.3281713502318353 0.021317827864466343
235 142 3 0.30718467432355168 0.020986675908283625
236 142 3 0.2865381929169542 0.020646481406597472
237 142 3 0.26624416620574121 0.020294026711212998
238 142 3 0.24631764732887143 0.019926518876869775
239 142 3 0.22677336916325316 0.019544278165618267
240 142 3 0.2076174668639803 0.019155902299272859
241 142 3 0.18882377536104505 0.01879369150293525
242 142 3 0.17019347600553539 0.018630299355509666
243 142 3 0.1558569950935538 0.019273494569668731
116 143 3 0.17629111067548328 0.032174983212294894
117 143 3 0.20168621931094971 0.025395108635466429
118 143 3 0.22501443677629457 0.023328217465344858
119 143 3 0.24768523838373907 0.022670801607444502
120 143 3 0.27015576349007386 0.022470525106334793
121 143 3 0.29258491058666314 0.022441347947351697
122 143 3 0.31502625853401484 0.022464168260365569
123 143 3 0.3374904267943804 0.022478668198400997
124 143 3 0.3599690949927814 0.022478668198400997
125 143 3 0.38244664305297504 0.022477548060193642
126 143 3 0.40490758583803754 0.022460942785062499
127 143 3 0.42734358610188927 0.02243600026385173
128 143 3 0.44976336542166906 0.02244628406848892
129 143 3 0.47220964949015798 0.022570507458919198
130 143 3 0.49478015694907718 0.02278894928746833
131 143 3 0.51756910623654551 0.02278894928746833
132 143 3 0.53991214967844836 0.02322708760436909
133 143 3 0.55523866947476386 0.01730832905757318
222 143 3 0.58934218824327145 0.025410038081533193
223 143 3 0.57739971544285362 0.037352510881951018
226 143 3 0.52298306951325702 0.023243388952049859
227 143 3 0.49973968056120716 0.023262583923840285
228 143 3 0.47647709663736687 0.023262583923840285
229 143 3 0.45342240020564584 0.023054696431721033
230 143 3 0.43061347384342546 0.022808926362220372
231 143 3 0.40807715674060785 0.022536317102817616
232 143 3 0.38583684973937599 0.022240307001231863
233 143 3 0.36390911642796941 0.021927733311406572
234 143 3 0.34230475564084323 0.021604360787126187
235 143 3 0.32103159785476587 0.021273157786077357
236 143 3 0.30009689610345863 0.020934701751307239
237 143 3 0.27950846977640736 0.020588426327051268
238 143 3 0.25927389861404027 0.020234571162367099
239 143 3 0.23939634237631555 0.019877556237724719
240 143 3 0.21986350604308746 0.019532836333228082
241 143 3 0.20061953643066657 0.019243969612420891
242 143 3 0.18149109405573566 0.019438416428119581
243 143 3 0.16205267762761608 0.025469177103731006
0 144 0 0.011186229986134942 0.00095472353587960565
8 144 0 0.012140953522014547 0.0019393002683021857
16 144 0 0.014080253790316733 0.002981948159896379
24 144 0 0.017062201950213112 0.0041077036742669833
32 144 0 0.021169905624480095 0.005337074648933314
40 144 0 0.026506980273413409 0.0066850519517613199
48 144 0 0.033192032225174729 0.008160740991019072
56 144 0 0.041352773216193801 0.009768106122421745
64 144 0 0.051120879338615546 0.011508979178985052
72 144 0 0.062629858517600598 0.013391814724924025
80 144 0 0.076021673242524623 0.015459249781244966
88 144 0 0.091480923023769589 0.017889345780042726
96 144 0 0.10937026880381231 0.021407721735128199
104 144 0 0.13077799053894051 0.023548796330706778
112 144 2 0.14726476877285924 0.016486778233918725
114 144 3 0.15611989874770066 0.012210990535042904
115 144 3 0.16833088928274356 0.024214761819555175
116 144 3 0.19050041583067295 0.023263072047939398
117 144 3 0.21376348787861235 0.023263072047939398
118 144 3 0.23684131148020149 0.023077823601589137
119 144 3 0.2597166318317326 0.022875320351531114
120 144 3 0.28249931352276153 0.022782681691028928
121 144 3 0.3052627092401794 0.022777340656855161
122 144 3 0.32804004989703456 0.022797462873398067
123 144 3 0.35083751277043262 0.022806735376606824
124 144 3 0.37364424814703945 0.022806735376606824
125 144 3 0.39643928691358982 0.022795038766550368
126 144 3 0.41919734252522384 0.02275805561163402
127 144 3 0.44189564962003608 0.022698307094812242
128 144 3 0.46452619744933482 0.022630547829298742
129 144 3 0.48713122687385457 0.022808785184049718
130 144 3 0.50994001205790429 0.023986768283532967
131 144 3 0.53392678034143726 0.029212456941380194
132 144 2 0.56313923728281745 0.023700608948961976
134 144 3 0.57874178498287021 0.01560254770005276
135 144 3 0.5934402322964345 0.028489851853047421
136 144 0 0.62193008414948192 0.021509477344616945
144 144 0 0.64140313933013371 0.019473055180651899
152 144 0 0.65669318563316226 0.019992083028133822
160 144 0 0.66775326629613052 0.019963083130285497
168 144 0 0.67425586896011591 0.019951935656884912
176 144 0 0.67601864236422216 0.019997425558611281
184 144 0 0.67299298559052545 0.020115769976211673
192 144 0 0.66526738810067765 0.020194235089776913
200 144 0 0.65297512020518322 0.01983370666410178
208 144 0 0.63587792680798816 0.021125700483183518
216 144 0 0.61475222632480464 0.025613639941654887
224 144 3 0.57613075715356443 0.038621469171240208
225 144 3 0.55712002482480183 0.020819478664027113
226 144 3 0.53630054616077472 0.02208632625286322
227 144 3 0.5142142199079115 0.02274771054298963
228 144 3 0.49146650936492187 0.023000836951819204
229 144 3 0.46846567241310266 0.023000836951819204
230 144 3 0.44548659972488708 0.022979072688215585
231 144 3 0.42269206851859631 0.022794531206290769
232 144 3 0.40016646093351482 0.022525607585081486
233 144 3 0.37794884146387947 0.022217619469635352
234 144 3 0.35605579500588208 0.021893046457997389
235 144 3 0.3344944873052722 0.021561307700609877
236 144 3 0.31326923588052646 0.021225251424745739
237 144 3 0.29238422298621342 0.020885012894313049
238 144 3 0.27184373302518061 0.020540489961032804
239 144 3 0.25165038629765191 0.020193346727528705
240 144 3 0.2318015638088759 0.019848822488776008
241 144 3 0.21228566641832988 0.019515897390546016
242 144 3 0.19308955359394758 0.0191961128243823
243 144 3 0.17427502879299694 0.018814524800950638
244 144 3 0.15632170368159212 0.019738203157707052
245 144 3 0.14624004709531452 0.010081656586277604
246 144 2 0.1387224263278822 0.014057610061093559
248 144 0 0.12466481626678864 0.019749821170746903
256 144 0 0.10491499509604174 0.019749821170746903
264 144 0 0.087915672508045134 0.016999322587996607
272 144 0 0.073019791452132513 0.014895881055912621
280 144 0 0.060030839718351596 0.012988951733780917
288 144 0 0.048819547274117879 0.011211292444233717
296 144 0 0.039256858496409613 0.0095626887777082656
304 144 0 0.031203044541937688 0.0080538139544719251
312 144 0 0.024508654231975138 0.0066943903099625501
320 144 0 0.019018728643219986 0.0054899255887551519
328 144 0 0.014577881395306032 0.0044408472479139545
336 144 0 0.011035196002327852 0.0035426853929781798
344 144 0 0.0082483859086179365 0.0027868100937099155
352 144 0 0.0060869457879727147 0.0021614401206452218
360 144 0 0.0044342136635664555 0.0016527321244062592
368 144 0 0.0031883944036874994 0.001245819259878956
376 144 0 0.0022626798415714103 0.00092571456211608914
384 144 0 0.0015846477451805221 0.00067803209639088818
392 144 0 0.0010951384175047309 0.00048950932767579118
400 144 0 0.0007468010403575443 0.00034833737714718663
408 144 0 0.00050247916588044166 0.00024432187447710264
416 144 0 0.00033357276453762437 0.0001689064013428173
424 144 0 0.00021847878946951583 0.00011509397506810853
432 144 0 0.00014117786006844071 7.7300929401075125e-05
440 144 0 9.0004506236782624e-05 5.1173353831658085e-05
448 144 0 5.6614166845718702e-05 3.3390339391063922e-05
456 144 0 3.5142347281783724e-05 2.1471819563934979e-05
464 144 0 2.1539686983893544e-05 1.360266029789018e-05
472 144 0 1.306029531713018e-05 8.4793916667633644e-06
480 144 0 7.8784521892358031e-06 5.1818431278943765e-06
488 144 0 4.8094790813484957e-06 3.0689731078873074e-06
496 144 0 3.1132341594987805e-06 1.6962449218497152e-06
504 144 0 2.3624517565451722e-06 7.5078240295360831e-07
114 145 3 0.164764694699539 0.017815817207531615
115 145 3 0.18258051190707061 0.021022663591417717
116 145 3 0.20360317549848833 0.02240304563148815
117 145 3 0.22600622112997648 0.022837888786206711
118 145 3 0.24884410991618319 0.022963187847414607
119 145 3 0.2718072977635978 0.023014698166186121
120 145 3 0.29482199592978392 0.02305763059530519
121 145 3 0.31787962652508911 0.023100398422887802
122 145 3 0.34098002494797691 0.02313490535613727
123 145 3 0.36411493030411418 0.02314916196134631
124 145 3 0.38726409226546049 0.02314916196134631
125 145 3 0.41039542915097882 0.023131336885518328
126 145 3 0.43346705190228474 0.02307162275130592
127 145 3 0.4564295671567356 0.022962515254450866
128 145 3 0.47922276055117363 0.022793193394438027
129 145 3 0.50175161619142794 0.022528855640254308
130 145 3 0.52381901081593951 0.022067394624511572
131 145 3 0.54495047632627369 0.02113146551033418
134 145 3 0.58572268808323558 0.022583450800418126
135 145 3 0.60042113539679998 0.021508948752681945
224 145 3 0.58807435797017149 0.02667786835463315
225 145 3 0.5714774037192889 0.020694826900291896
226 145 3 0.55078257681899701 0.021528893074851285
227 145 3 0.52925368374414572 0.02263508924750679
228 145 3 0.50661859449663893 0.023215798483553041
229 145 3 0.48340279601308589 0.023305935685400181
230 145 3 0.46009686032768571 0.023305935685400181
231 145 3 0.43696574094045748 0.023131119387228227
232 145 3 0.41412170119738223 0.022844039743075251
233 145 3 0.39160345777832684 0.022518243419055395
234 145 3 0.36942031647324708 0.022183141305079757
235 145 3 0.3475722051580622 0.021848111315184882
236 145 3 0.32605779142597052 0.021514413732091675
237 145 3 0.30487738158625005 0.021180409839720471
238 145 3 0.28403372953208517 0.020843652054164885
239 145 3 0.26353249029551895 0.020501239236566215
240 145 3 0.24338446209644837 0.020148028199070578
241 145 3 0.22361486372706693 0.019769598369381441
242 145 3 0.20429427126380889 0.019320592463258041
243 145 3 0.18562891242676427 0.018665358837044621
244 145 3 0.16818562474963444 0.017443287677129826
245 145 3 0.1533325556123889 0.014853069137245545
112 146 2 0.15372038275540628 0.022947290089229661
114 146 3 0.17308817479148114 0.020524678025370918
115 146 3 0.19361285281685206 0.021696280768317588
116 146 3 0.21530913358516965 0.022482122775573488
117 146 3 0.23779125636074314 0.022900889488873394
118 146 3 0.26069214584961653 0.023118164366843219
119 146 3 0.28381031021645975 0.023248581261425483
120 146 3 0.30705889147788523 0.023345312208766678
121 146 3 0.33040420368665191 0.023425018201900683
122 146 3 0.35382922188855259 0.023485948039387194
123 146 3 0.37731516992793979 0.023517102635495946
124 146 3 0.40083227256343573 0.023517102635495946
125 146 3 0.42433534800286926 0.02350307543943353
126 146 3 0.44776363882226033 0.023428290819391073
127 146 3 0.47104447635812424 0.023280837535863907
128 146 3 0.49408945693628276 0.023044980578158514
129 146 3 0.51673364792352405 0.022644190987241297
130 146 3 0.53852880881879728 0.021795160895273225
131 146 3 0.55880680200189825 0.024046202312349441
132 146 2 0.58285300431424769 0.020684699556364983
134 146 2 0.6004696471509956 0.021460436998486321
224 146 2 0.58982106503177001 0.024931161293034632
226 146 3 0.56599255344500843 0.02382851158676158
227 146 3 0.54529891144352438 0.023041977320371165
228 146 3 0.52225693412315322 0.023915203916897221
229 146 3 0.498341730206256 0.023915203916897221
230 146 3 0.47445012676050768 0.023891603445748311
231 146 3 0.45087625481740534 0.023573871943102342
232 146 3 0.42768108541399069 0.02319516940341465
233 146 3 0.40485884105133946 0.022822244362651234
234 146 3 0.38239151263117915 0.022467328420160304
235 146 3 0.3602636722135038 0.022127840417675348
236 146 3 0.33846543850000721 0.021798233713496595
237 146 3 0.3169924326000223 0.021473005899984909
238 146 3 0.29584542332036828 0.021147009279654017
239 146 3 0.27503085660026921 0.02081456672009907
240 146 3 0.25456366738364594 0.020467189216623272
241 146 3 0.23447494886061626 0.020088718523029681
242 146 3 0.21482868085237958 0.019646268008236684
243 146 3 0.19575050372700822 0.019078177125371354
244 146 3 0.17745363450814544 0.018296869218862782
245 146 3 0.16018028182594235 0.017273352682203091
246 146 2 0.14386283757263887 0.019261541399270138
114 147 3 0.18024717089779074 0.026526788142384461
115 147 3 0.20346027778745032 0.023213106889659579
116 147 3 0.22620984434758931 0.022921914041292235
117 147 3 0.24913175838888155 0.023158863750290554
118 147 3 0.2722906221391721 0.023353393292545821
119 147 3 0.29564401543171792 0.023509498398782303
120 147 3 0.31915351383050022 0.023643349502582012
121 147 3 0.34279686333308224 0.023761754077537112
122 147 3 0.36655861741061935 0.023860143638015474
123 147 3 0.39041876104863482 0.023923672530579143
124 147 3 0.41434243357921396 0.023929124279052916
125 147 3 0.43827155785826688 0.023929124279052916
126 147 3 0.46212288204383056 0.023851324185563683
127 147 3 0.48580432485416292 0.023681442810332354
128 147 3 0.50926012594831371 0.023455801094150797
129 147 3 0.53246226491501303 0.023202138966699315
130 147 3 0.55464807946035466 0.02405989921710272
131 147 3 0.56878250588291412 0.014134426422559465
226 147 3 0.57795752105347775 0.014369717820742811
227 147 3 0.56358780323273494 0.028727558236745665
228 147 3 0.53866991544831955 0.025505122020729964
229 147 3 0.51316479342758958 0.025505122020729964
230 147 3 0.48839969631459579 0.024765097112993795
231 147 3 0.46432831853494205 0.024071377779653735
232 147 3 0.44079391087307068 0.02353440766187137
233 147 3 0.41769168587302274 0.023102225000047938
234 147 3 0.39496151119087336 0.022730174682149384
235 147 3 0.37256964131771891 0.022391869873154446
236 147 3 0.35049769257663288 0.022071948741086034
237 147 3 0.32873695642760425 0.021760736149028626
238 147 3 0.30728568665522427 0.021451269772379988
239 147 3 0.28614830626062243 0.021137380394601835
240 147 3 0.26533621350685643 0.020812092753765998
241 147 3 0.24486963927496389 0.020466574231892548
242 147 3 0.22477717643389503 0.020092462841068859
243 147 3 0.20507792924452684 0.019699247189368191
244 147 3 0.18569002405156534 0.019621547933689643
245 147 3 0.1660684761178757 0.022205638545236828
112 148 3 0.15192844292755497 0.02115045238861446
113 148 3 0.16839596813669891 0.022314429672694869
114 148 3 0.19071039780939378 0.023045010684520972
115 148 3 0.21375540849391475 0.023160656960065862
116 148 3 0.23691606545398061 0.023290705687828844
117 148 3 0.26020677114180946 0.023452763233331064
118 148 3 0.28365953437514052 0.02362047830025743
119 148 3 0.30728001267539795 0.023786053194496115
120 148 3 0.33106606586989407 0.023950192116251268
121 148 3 0.35501625798614533 0.024111861884598906
122 148 3 0.37912811987074424 0.024262580291229519
123 148 3 0.40339070016197376 0.024381753129127326
124 148 3 0.42777245329110108 0.024431947173811586
125 148 3 0.45220440046491267 0.024431947173811586
126 148 3 0.47656449126128064 0.024360090796367972
127 148 3 0.50069612355461024 0.024131632293329597
128 148 3 0.52458479297251204 0.024517000959501267
129 148 3 0.5491017939320133 0.029606184745444075
130 148 2 0.57870797867745738 0.024829725193155294
132 148 1 0.60353770387061267 0.018392380278869247
224 148 1 0.59231536146948061 0.026183079295416412
228 148 3 0.55556721049425928 0.036748150975221328
229 148 3 0.52715164699175687 0.028415563502502406
230 148 3 0.50156589916526695 0.025585747826489924
231 148 3 0.47716011559648092 0.024405783568786033
232 148 3 0.45339746244694545 0.023762653149535462
233 148 3 0.43008147625784199 0.023315986189103466
234 148 3 0.40712818523339162 0.022953291024450373
235 148 3 0.38449655985541337 0.022631625377978248
236 148 3 0.36216540527470548 0.02233115458070789
237 148 3 0.34012439808492612 0.02204100718977936
238 148 3 0.3183700703074368 0.021754327777489313
239 148 3 0.29690401450884402 0.021466055798592787
240 148 3 0.27573223166467847 0.021171782844165543
241 148 3 0.25486455545898695 0.020867676205691521
242 148 3 0.23431203475834528 0.020552520700641674
243 148 3 0.21407872189382662 0.020233312864518654
244 148 3 0.1941498067972014 0.019928915096625227
245 148 3 0.1745356046078943 0.019614202189307095
246 148 3 0.15577514127887421 0.018760463329020094
247 148 3 0.14210910087731099 0.017444284610522345
112 149 3 0.15481775508742893 0.024039764548488413
113 149 3 0.17721853505549653 0.023212342852629658
114 149 3 0.20043087790812619 0.023485561043419589
115 149 3 0.22391643895154578 0.02355098757163851
116 149 3 0.24746742652318429 0.023621062873214221
117 149 3 0.27108848939639851 0.023734510600988301
118 149 3 0.29482299999738681 0.023883149046033836
119 149 3 0.31870614904342065 0.024057443078606189
120 149 3 0.34276359212202684 0.024252871581641355
121 149 3 0.36701646370366819 0.024466274085956585
122 149 3 0.39148273778962478 0.024689920828965928
123 149 3 0.41617265861859071 0.024902201821621617
124 149 3 0.44107486044021232 0.025050275914920039
125 149 3 0.46612513635513236 0.025050275914920039
126 149 3 0.49114416549157769 0.025019029136445325
127 149 3 0.51573423202131596 0.024590066529738275
128 149 3 0.53917841094514041 0.023444178923824444
129 149 3 0.56054337679510124 0.021364965849960837
228 149 3 0.56402453330795832 0.028290828161522286
229 149 3 0.53820880602325127 0.025815727284707046
230 149 3 0.51345901438445074 0.024749791638800533
231 149 3 0.4892620994985668 0.024196914885883936
232 149 3 0.46547393155143441 0.023788167947132399
233 149 3 0.44203430130943078 0.023439630242003628
234 149 3 0.41890496870894672 0.023129332600484054
235 149 3 0.39606073829618682 0.022844230412759903
236 149 3 0.37348657251351275 0.022574165782674072
237 149 3 0.35117455148311849 0.022312021030394258
238 149 3 0.32912128093081483 0.022053270552303661
239 149 3 0.30732617439425475 0.021795106536560083
240 149 3 0.28579040939315686 0.021535765001097884
241 149 3 0.2645160370895922 0.021274372303564659
242 149 3 0.24350477091404896 0.021011266175543247
243 149 3 0.22275747580292682 0.020747295111122138
244 149 3 0.20228242121904419 0.020475054583882629
245 149 3 0.18214163356906646 0.020140787649977732
246 149 3 0.16259052521531114 0.019551108353755314
247 149 3 0.14413464452449856 0.019469828257709917
112 150 3 0.15934364789101582 0.028565657352075308
113 150 3 0.18522112925040601 0.025877481359390192
114 150 3 0.20986347491957402 0.024642345669168009
115 150 3 0.23399101689115201 0.024127541971577987
116 150 3 0.25792127714344132 0.023930260252289309
117 150 3 0.28182287092421865 0.023974563997386289
118 150 3 0.30579743492160494 0.024113611148809944
119 150 3 0.32991104607041488 0.024301099658469161
120 150 3 0.35421214572888404 0.024530939272644714
121 150 3 0.37874308500152876 0.024803774309679005
122 150 3 0.40354685931120776 0.025121941304103557
123 150 3 0.42866880061531132 0.025480171388050088
124 150 3 0.45414897200336141 0.025841270393278826
125 150 3 0.47999024239664023 0.026069118168294603
126 150 3 0.50605936056493483 0.026069118168294603
127 150 3 0.53181842255550604 0.025759061990571208
128 150 3 0.55574545876942771 0.023927036213921671
129 150 3 0.57507416656005106 0.019328707790623345
130 150 2 0.59429331671458718 0.017820936681197108
228 150 3 0.56989713611235304 0.022418225357127564
229 150 3 0.54809722992649146 0.023394240932566479
230 150 3 0.52470298899392498 0.023837529676641656
231 150 3 0.50086545931728332 0.023837529676641656
232 150 3 0.47711826123044265 0.023747198086840671
233 150 3 0.45359940661127152 0.023518854619171137
234 150 3 0.43032532138216784 0.02327408522910368
235 150 3 0.40728953713127741 0.023035784250890423
236 150 3 0.38448621740213129 0.022803319729146121
237 150 3 0.36191243964631808 0.022573777755813207
238 150 3 0.3395666016269232 0.022345838019394881
239 150 3 0.31744698149444178 0.022119620132481421
240 150 3 0.29555082301094604 0.021896158483495742
241 150 3 0.27387360532620797 0.02167721768473807
242 150 3 0.25240821641721145 0.021465388908996519
243 150 3 0.23114408022267866 0.021264136194532796
244 150 3 0.21006619075359567 0.021077889469082983
245 150 3 0.18914864003043741 0.020917550723158262
246 150 3 0.16830640971558394 0.021131770164761837
247 150 3 0.14717463955082211 0.022509823284033462
112 151 3 0.16655414599464752 0.035776155455707004
113 151 3 0.1944483847559296 0.027894238761282081
114 151 3 0.2197937979504575 0.025345413194527905
115 151 3 0.24423930516137737 0.02444550721091987
116 151 3 0.26837375706671773 0.024134451905340359
117 151 3 0.2924477667050257 0.024142028458561893
118 151 3 0.3165897951635876 0.024289076317896563
119 151 3 0.34087887148148416 0.024495802308409698
120 151 3 0.36537467378989386 0.024759360831934474
121 151 3 0.39013403462182833 0.025089244405660516
122 151 3 0.41522327902748885 0.025507153817670991
123 151 3 0.44073043284515984 0.02604848314085606
124 151 3 0.4667789159860159 0.026758695364439478
125 151 3 0.49353761135045537 0.027650304249260738
126 151 3 0.52118791559971611 0.028443378631264782
127 151 3 0.54963129423098089 0.028443378631264782
128 151 3 0.57680138527173264 0.035312868124051655
129 151 3 0.58960019075649084 0.022514062639293453
228 151 3 0.57504024878168625 0.017275112687794358
229 151 3 0.55947457658788702 0.023183557884979611
230 151 3 0.53629101870290741 0.024005471893937314
231 151 3 0.51228554680897009 0.024005471893937314
232 151 3 0.48844757263020927 0.023837974178760823
233 151 3 0.46483926972280859 0.02360830290740068
234 151 3 0.44143303360714858 0.023406236115660006
235 151 3 0.41821759792541396 0.02321543568173462
236 151 3 0.39519404651553275 0.023023551409881216
237 151 3 0.37236604813926721 0.022827998376265535
238 151 3 0.34973523256348221 0.022630815575785002
239 151 3 0.32729965740701567 0.022435575156466547
240 151 3 0.30505336325340626 0.022246294153609403
241 151 3 0.28298608461658481 0.022067278636821452
242 151 3 0.26108275836484324 0.021903326251741573
243 151 3 0.23932233567323669 0.021760422691606551
244 151 3 0.21767301057624744 0.021649325096989247
245 151 3 0.19606915514470169 0.021763082179104914
246 151 3 0.17430607296559678 0.022713673669178674
247 151 3 0.1515923992964181 0.026927583029629457
0 152 0 0.011718869206523408 0.0010002230831773137
8 152 0 0.012719092289700721 0.0020318034931198492
16 152 0 0.01475089578282057 0.0031243822268280149
24 152 0 0.017875278009648585 0.0043042491877831601
32 152 0 0.022179527197431746 0.0055928882371687229
40 152 0 0.027772415434600468 0.0070058356458641904
48 152 0 0.034778251080464659 0.0085520398914414666
56 152 0 0.043330290971906125 0.010233957488660579
64 152 0 0.053564248460566705 0.012048481237483546
72 152 0 0.065612729698050251 0.013987674126953134
80 152 0 0.079600403825003385 0.016033513078102593
88 152 0 0.095633916903105978 0.018128611876505205
96 152 0 0.11376252877961118 0.020123737032065409
104 152 1 0.13164775723198066 0.017885228452369478
108 152 2 0.14133087410421477 0.010931834962755654
110 152 3 0.14701829152662882 0.016240300987688305
111 152 3 0.15845693536208022 0.027678944823139706
112 152 3 0.18164111684106626 0.024570492538514704
113 152 3 0.20621160937958097 0.024570492538514704
114 152 3 0.23060440811919725 0.024392798739616278
115 152 3 0.25477248363229915 0.024168075513101905
116 152 3 0.27885403085506416 0.0241114814807179
117 152 3 0.30296551233578206 0.02422395236385172
118 152 3 0.32718946469963378 0.024398308736723273
119 152 3 0.35158777343635705 0.024627066644231921
120 152 3 0.37621484008058897 0.024914794358449954
121 152 3 0.40112963443903893 0.025279961131421391
122 152 3 0.42640959557046032 0.025762142424171075
123 152 3 0.4521717379946314 0.02644101147029021
124 152 3 0.47861274946492161 0.02748769581432331
125 152 3 0.50610044527924491 0.029322836270058383
126 152 3 0.5354232815493033 0.033186744365792387
127 152 3 0.56861002591509568 0.043504227480688606
128 152 0 0.61211425339578429 0.028311810883159594
136 152 0 0.63670110260502844 0.024586849209244144
144 152 0 0.65669318563316226 0.019992083028133822
152 152 0 0.6723045234284506 0.015611337795288338
160 152 0 0.68347830840833579 0.015725042112205267
168 152 0 0.69004207817449936 0.015786209214383451
176 152 0 0.69187020304554736 0.015851560681325205
184 152 0 0.68892863694365503 0.015935651353129576
192 152 0 0.68128373204385717 0.016016343943179523
200 152 0 0.66908295386585603 0.016518772687806105
208 152 0 0.65256418117804993 0.02004117380584125
216 152 0 0.63252300737220868 0.021765202422007857
224 152 1 0.60620655677180946 0.026316450600399222
228 152 2 0.57836139009649545 0.027845166675314004
230 152 3 0.54859866725757467 0.029762722838920785
231 152 3 0.52344217984424446 0.025156487413330209
232 152 3 0.49945754716368107 0.023984632680563389
233 152 3 0.47579362743718528 0.023663919726495786
234 152 3 0.45227267649759245 0.023520950939592833
235 152 3 0.42888262053099679 0.023390055966595658
236 152 3 0.40564122824591725 0.023241392285079543
237 152 3 0.38256338225710851 0.023077845988808743
238 152 3 0.35965547665337572 0.022907905603732792
239 152 3 0.33691579351844031 0.022739683134935407
240 152 3 0.31433546045864325 0.022580333059797064
241 152 3 0.29189896122167508 0.022436499236968166
242 152 3 0.26958447315129591 0.022314488070379168
243 152 3 0.24736525117448188 0.02221922197681403
244 152 3 0.22521576197366622 0.022149489200815664
245 152 3 0.20313592063144315 0.022079841342223072
246 152 3 0.18124900468836125 0.021886915943081897
247 152 3 0.16022263307466383 0.021026371613697414
248 152 1 0.14317340380209723 0.023753154312136676
252 152 1 0.12676995114604547 0.017137602428969972
256 152 0 0.1096323487170755 0.018596423079719898
264 152 0 0.092141460473968859 0.017490888243106642
272 152 0 0.076569294159707327 0.015572166314261532
280 152 0 0.062952513483684219 0.013616780676023107
288 152 0 0.051193724447348224 0.011758789036335995
296 152 0 0.041163638892139094 0.01003008555520913
304 152 0 0.032716727858069353 0.0084469110340697415
312 152 0 0.02569629743445723 0.0070204304236121222
320 152 0 0.019939613388379563 0.0057566840460776675
328 152 0 0.015283440427967513 0.0046561729604120503
336 152 0 0.01156927196202513 0.0037141684659423822
344 152 0 0.0086477264831240561 0.0029215454789010744
352 152 0 0.0063818517777996129 0.0022658747053244431
360 152 0 0.0046492713794444394 0.0017325803983551736
368 152 0 0.0033432381126468329 0.0013060332667976064
376 152 0 0.0023727425940167418 0.00097049551863009117
384 152 0 0.0016618700041157871 0.00071087258990095467
392 152 0 0.0011486137044298265 0.00051325629968596064
400 152 0 0.00078334633669996693 0.00036526736772985954
408 152 0 0.00052712496005186203 0.0002562213766481049
416 152 0 0.00034997330599519604 0.00017715165405666599
424 152 0 0.00022924727522926036 0.00012072603076593568
432 152 0 0.00014815401539401633 8.1093259835244023e-05
440 152 0 9.4463503898269729e-05 5.3690511495746606e-05
448 152 0 5.9426295174114612e-05 3.5037208724155117e-05
456 152 0 3.6892548195502371e-05 2.2533746978612241e-05
464 152 0 2.261529551392835e-05 1.4277252681574021e-05
472 152 0 1.3714245039834074e-05 8.9010504740942764e-06
480 152 0 8.2740455388131996e-06 5.4401995010208741e-06
488 152 0 5.051689552062337e-06 3.2223559867508626e-06
496 152 0 3.2704970409178366e-06 1.7811925111445005e-06
504 152 0 2.4820637042935718e-06 7.8843333662426472e-07
110 153 3 0.15750712660731206 0.016879960772916341
111 153 3 0.1743870873802284 0.020945301702393115
112 153 3 0.19533238908262152 0.022804233995653012
113 153 3 0.21813662307827453 0.0234807248589049
114 153 3 0.24161734793717943 0.023746001932571092
115 153 3 0.26536334986975052 0.023905740562569999
116 153 3 0.28926909043232052 0.024059957168456048
117 153 3 0.31332904760077657 0.024237493588984138
118 153 3 0.3375665411897607 0.024446593781357884
119 153 3 0.36201313497111859 0.024692758782858482
120 153 3 0.38670589375397707 0.024986121874412015
121 153 3 0.41169201562838909 0.025346920064710399
122 153 3 0.43703893569309948 0.025813602766533328
123 153 3 0.46285253845963281 0.026458746618863216
124 153 3 0.48931128507849603 0.027421042963499287
125 153 3 0.51673232804199531 0.028958999441111022
126 153 3 0.54569132748310634 0.031468043121934186
127 153 3 0.57715937060504052 0.034954882790743769
230 153 3 0.55619453287932419 0.022866478528384415
231 153 3 0.53332805435093977 0.023273818378780398
232 153 3 0.51005423597215938 0.023535549480384443
233 153 3 0.48651868649177493 0.023617390608152988
234 153 3 0.46290129588362194 0.023617390608152988
235 153 3 0.43932501348511033 0.023576282398511617
236 153 3 0.41585701637545669 0.023467997109653638
237 153 3 0.39252899909822836 0.02332801727722833
238 153 3 0.36935174142827382 0.023177257669954543
239 153 3 0.34632279241213221 0.023028949016141609
240 153 3 0.32342985797016127 0.022892934441970936
241 153 3 0.30065183728332917 0.022778020686832101
242 153 3 0.27795876948789727 0.022693067795431898
243 153 3 0.2553120856796447 0.022646683808252577
244 153 3 0.23266829482537318 0.022673354157489833
245 153 3 0.20999494066788335 0.022673354157489833
246 153 3 0.187322263623417 0.022672677044466349
247 153 3 0.16487205599407376 0.022450207629343244
108 154 2 0.15064003949254937 0.020384526253093865
110 154 3 0.16728926342592526 0.01895520403114842
111 154 3 0.18624446745707368 0.020907301252286709
112 154 3 0.20715176870936039 0.022214381101834713
113 154 3 0.2293661498111951 0.022973634951398453
114 154 3 0.25233978476259356 0.023423152594910568
115 154 3 0.27576293735750412 0.023729087087521805
116 154 3 0.29949202444502593 0.023978693737165602
117 154 3 0.32347071818219153 0.024212998698310839
118 154 3 0.34768371688050237 0.024451284767026071
119 154 3 0.37213500164752844 0.024704662241745834
120 154 3 0.39683966388927427 0.024983356138683022
121 154 3 0.4218230200279573 0.025301258125296933
122 154 3 0.44712427815325423 0.025679767646272111
123 154 3 0.47280404579952634 0.026152359511166345
124 154 3 0.49895640531069269 0.026771552830407053
125 154 3 0.52572795814109974 0.027616554276512217
126 154 3 0.55334451241761196 0.02876344412679821
127 154 3 0.58210795654441017 0.030006296851374126
228 154 2 0.58713134574385317 0.019652858404202389
230 154 3 0.56438246508892265 0.022748880654930526
231 154 3 0.54351975326079482 0.022702468720023572
232 154 3 0.52081728454077125 0.023580859175798108
233 154 3 0.49723642536497314 0.023830551598777894
234 154 3 0.47340587376619525 0.023830551598777894
235 154 3 0.44958240094256835 0.023823472823626901
236 154 3 0.42586228443479995 0.023720116507768396
237 154 3 0.40227945413179428 0.023582830303005675
238 154 3 0.37884138816069496 0.02343806597109932
239 154 3 0.35554151512743315 0.023299873033261809
240 154 3 0.3323630856721384 0.023178429455294747
241 154 3 0.30927947282269036 0.023083612849448043
242 154 3 0.28625233293890356 0.023027139883786796
243 154 3 0.26322759707483578 0.023099726472257304
244 154 3 0.24012787060257848 0.023291198325831902
245 154 3 0.21683667227674658 0.023674329953608436
246 154 3 0.19316234232313814 0.024397295037904665
247 154 3 0.16876504728523348 0.02559164348313625
110 155 3 0.1747598680653612 0.024119828572811836
111 155 3 0.19613921913328083 0.021508809906865295
112 155 3 0.21764802904014613 0.022166486988223766
113 155 3 0.2398145160283699 0.022770200300886612
114 155 3 0.26258471632925651 0.023237674645197326
115 155 3 0.28582239097445383 0.023602458510788793
116 155 3 0.30942484948524263 0.023906355093064491
117 155 3 0.33333120457830712 0.024178078896586574
118 155 3 0.35750928347489369 0.024434376276516179
119 155 3 0.38194365975140987 0.024684677307964809
120 155 3 0.40662833705937468 0.024934744753544125
121 155 3 0.4315630818129188 0.025188280766070104
122 155 3 0.45675136257898891 0.025445062181831291
123 155 3 0.4821964247608202 0.025692484761580647
124 155 3 0.50788890952240084 0.02588923862557535
125 155 3 0.53377814814797619 0.025965022071775423
126 155 3 0.55974317021975162 0.025965022071775423
127 155 3 0.58569859457764772 0.026415658818136567
230 155 3 0.57057450959037881 0.016556836153474364
231 155 3 0.55544700077510067 0.023086491579911272
232 155 3 0.5323605091951894 0.024248643986913176
233 155 3 0.50811186520827623 0.024294198382371124
234 155 3 0.4838176668259051 0.024294198382371124
235 155 3 0.45965700564584255 0.024160661180062548
236 155 3 0.43565708776980244 0.023999917876040111
237 155 3 0.41181817311564323 0.023838914654159216
238 155 3 0.38813203348330377 0.023686139632339454
239 155 3 0.36458410675295072 0.023547926730353053
240 155 3 0.34115289188353076 0.023431214869419958
241 155 3 0.31780808135541766 0.023344810528113102
242 155 3 0.29450696701504719 0.023319373013506117
243 155 3 0.27118759400154108 0.02343314910484634
244 155 3 0.24775444489669474 0.023711309403268516
245 155 3 0.22404313549342622 0.024329984731715215
246 155 3 0.19971315076171101 0.025866654658746463
247 155 3 0.17384649610296454 0.030673092300867316
104 156 1 0.13612477439137252 0.022362245611761339
108 156 3 0.15181236050226207 0.015687586110889551
109 156 3 0.1652920119883097 0.019671432854681647
110 156 3 0.18496344484299135 0.020927953338475275
111 156 3 0.20589139818146662 0.021576442995211442
112 156 3 0.22746784117667807 0.022166712734883964
113 156 3 0.24963455391156203 0.022696989497051456
114 156 3 0.27233154340861349 0.023148738052925499
115 156 3 0.29548028146153898 0.023530462806959085
116 156 3 0.31901074426849807 0.023859847645938903
117 156 3 0.34287059191443697 0.024152167782442668
118 156 3 0.36702275969687964 0.024416977324937583
119 156 3 0.39143973702181722 0.024658375129786858
120 156 3 0.41609811215160408 0.024876053891318028
121 156 3 0.44097416604292211 0.025065390294523815
122 156 3 0.46603955633744593 0.025212994539762057
123 156 3 0.49125255087720798 0.025276511068502483
124 156 3 0.51652906194571047 0.025276511068502483
125 156 3 0.54165015920969184 0.025121097263981373
126 156 3 0.56604223579219526 0.024392076582503419
127 156 3 0.58871303577427925 0.023401217621505044
224 156 1 0.61530905312859219 0.017213954243616492
228 156 2 0.59601602711485824 0.020790155917908448
230 156 2 0.57522587119694979 0.02612880043174437
232 156 3 0.54496462233318865 0.030261248863761137
233 156 3 0.51893799563895515 0.026026626694233501
234 156 3 0.49400746773664628 0.024930527902308874
235 156 3 0.46948878191387516 0.024518685822771114
236 156 3 0.44521512584808925 0.024273656065785909
237 156 3 0.42113463086888475 0.024080494979204503
238 156 3 0.39722120994569921 0.023913420923185547
239 156 3 0.37345291860297802 0.023768291342721182
240 156 3 0.3498053768726378 0.023647541730340227
241 156 3 0.32624819835375418 0.023557178518883615
242 156 3 0.3027411672156427 0.023512392880553845
243 156 3 0.27922877433508886 0.023596066022528783
244 156 3 0.25563270831256008 0.023784719747846683
245 156 3 0.23184798856471339 0.024061306561766166
246 156 3 0.20778668200294723 0.024061306561766166
247 156 3 0.18372716528111036 0.024059516721836871
248 156 2 0.1623792754179478 0.024927513138465363
250 156 2 0.14630947919191792 0.016621886744372621
252 156 1 0.1296875924475453 0.020055243730469796
108 157 3 0.15519109284224131 0.019066318450868786
109 157 3 0.17374717227554595 0.020153155764567554
110 157 3 0.19390032804011351 0.021079101502466613
111 157 3 0.21497942954258012 0.021696627749012737
112 157 3 0.23667605729159286 0.022221095812865188
113 157 3 0.25889715310445804 0.022696320634912115
114 157 3 0.28159347373937016 0.023123710286197696
115 157 3 0.30471718402556786 0.023504583265359424
116 157 3 0.32822176729092728 0.023844087955386228
117 157 3 0.35206585524631351 0.024147369011745079
118 157 3 0.37621322425805859 0.024416520252807994
119 157 3 0.40062974451086658 0.024649259436884396
120 157 3 0.42527900394775098 0.02483911933404398
121 157 3 0.45011812328179496 0.024977602939375121
122 157 3 0.47509572622117008 0.025058356481975907
123 157 3 0.50015408270314599 0.025072805016755906
124 157 3 0.52522688771990189 0.025072805016755906
125 157 3 0.55014684203933339 0.024919954319431503
126 157 3 0.57395182426139313 0.023804982222059734
127 157 3 0.59088035857699861 0.021233894818785681
232 157 3 0.55322951919722219 0.024659215536003032
233 157 3 0.52857030366121915 0.024876022861788805
234 157 3 0.50369428079943035 0.024876022861788805
235 157 3 0.47899084810625264 0.024703432693177707
236 157 3 0.45450171912157428 0.024489128984678366
237 157 3 0.43021207179905913 0.024289647322515151
238 157 3 0.40609960576330972 0.024112466035749403
239 157 3 0.38214157754225453 0.023958028221055194
240 157 3 0.35831430513480189 0.023827272407452638
241 157 3 0.33459115378731086 0.023723151347491034
242 157 3 0.31093987396406453 0.023651279823246329
243 157 3 0.28731892537762821 0.023647835744380674
244 157 3 0.26367108963324754 0.023763989493592708
245 157 3 0.23990710013965483 0.024064734040417812
246 157 3 0.21584236609923702 0.024955954267521036
247 157 3 0.19088641183171598 0.028507136413768175
108 158 3 0.15907765076422339 0.022952876372850872
109 158 3 0.18059801189110733 0.021520361126883936
110 158 3 0.20189875718636152 0.021533149161341025
111 158 3 0.22343190634770255 0.02190417629244823
112 158 3 0.24533608264015078 0.022318878599263126
113 158 3 0.2676549612394139 0.0227375082020565
114 158 3 0.2903924694414704 0.023139098981963202
115 158 3 0.3135315684234336 0.023513863921069689
116 158 3 0.33704543234450329 0.02385824837017686
117 158 3 0.36090368071468015 0.024170312407497063
118 158 3 0.38507399312217722 0.024446014444652497
119 158 3 0.40952000756682971 0.02467650083846179
120 158 3 0.4341965084052915 0.024846991005893881
121 158 3 0.45904349941118539 0.024940943419443917
122 158 3 0.4839844428306293 0.02496340614163356
123 158 3 0.50894784897226286 0.025029784633208485
124 158 3 0.53397763360547135 0.025674367360419947
125 158 3 0.55965200096589129 0.028973098087871407
126 158 2 0.5886250990537627 0.025924348803233799
228 158 2 0.60592551386554716 0.013639363135959148
230 158 2 0.59232928792149309 0.027235589080013223
232 158 3 0.56405050140366264 0.028278786517830445
233 158 3 0.53831915052931389 0.025731350874348746
234 158 3 0.51311479948482475 0.025204351044489148
235 158 3 0.48819142163707652 0.024923377847748229
236 158 3 0.46350809643270302 0.024683325204373496
237 158 3 0.43903799458952436 0.02447010184317866
238 158 3 0.41475557254984147 0.024282422039682894
239 158 3 0.39063778879945482 0.024117783750386645
240 158 3 0.36666367930079108 0.023974109498663743
241 158 3 0.34281302952752379 0.023850649773267285
242 158 3 0.3190652402337763 0.02374778929374749
243 158 3 0.29539913778572391 0.023666102448052395
244 158 3 0.27179498145177 0.023604156333953907
245 158 3 0.248242517593807 0.023552463857963002
246 158 3 0.2247711062287284 0.023471411365078604
247 158 3 0.20158517446023755 0.023185931768490847
248 158 3 0.17978979885364268 0.021795375606594863
249 158 3 0.16563105548106374 0.0156338510534412
250 158 2 0.14999720442762254 0.020309611980077247
108 159 3 0.1643932934964869 0.028268519105114381
109 159 3 0.18765943234875485 0.023266138852267942
110 159 3 0.20965018578557595 0.021990753436821109
111 159 3 0.23149312365635152 0.022062304813041417
112 159 3 0.25355542846939294 0.022406869628598447
113 159 3 0.27596229809799139 0.022789750494144723
114 159 3 0.29875204859213611 0.023175215347877642
115 159 3 0.32192726394001375 0.023547321082852679
116 159 3 0.34547458502286643 0.023898428739551447
117 159 3 0.36937301376241788 0.024223230874212354
118 159 3 0.39359624463663023 0.02451426207773294
119 159 3 0.41811050671436317 0.024757214609383904
120 159 3 0.44286772132374708 0.024924832430784638
121 159 3 0.46779255375453171 0.024969183170446496
122 159 3 0.49276173692497821 0.024969183170446496
123 159 3 0.51757968415767497 0.024817947232696758
124 159 3 0.54198163809714328 0.024401953939468313
125 159 3 0.56574949953516651 0.02376786143802323
232 159 3 0.57221440923301314 0.024776256360091287
233 159 3 0.54743815287292186 0.02528000064470437
234 159 3 0.52215815222821749 0.02528000064470437
235 159 3 0.49706232413084145 0.025095828097376038
236 159 3 0.47221813902408927 0.024844185106752181
237 159 3 0.44759957251733395 0.024618566506755313
238 159 3 0.42317662780960136 0.024422944707732597
239 159 3 0.3989263955184682 0.024250232291133156
240 159 3 0.37483196259933338 0.024094432919134823
241 159 3 0.35088067385418142 0.023951288745151955
242 159 3 0.32706377497180072 0.023816898882380699
243 159 3 0.30337845681866626 0.02368531815313446
244 159 3 0.27983440691499695 0.023544049903669317
245 159 3 0.25647026034842951 0.023364146566567434
246 159 3 0.23339386658067046 0.023076393767759051
247 159 3 0.2108789196839807 0.022514946896689758
248 159 3 0.18955489681307072 0.021324022870909981
249 159 3 0.17035282014762962 0.020355615720007075
0 160 0 0.012108346166589094 0.0010333050979813001
8 160 0 0.013141651264570394 0.002098989547001686
16 160 0 0.01524064081157208 0.0032276256958282817
24 160 0 0.018468266507400362 0.0044462340215871698
32 160 0 0.022914500528987532 0.0057766705450827058
40 160 0 0.028691171074070237 0.0072342335729320417
48 160 0 0.035925404647002279 0.008826605848751029
56 160 0 0.044752010495753308 0.010553282791620475
64 160 0 0.055305293287373783 0.012405502270002991
72 160 0 0.067710795557376774 0.014364788940076714
80 160 0 0.082075584497453488 0.016382986154601625
88 160 0 0.098458570652055113 0.018221904109026854
96 160 0 0.11668047476108197 0.018359196097630356
104 160 2 0.13390314178594545 0.017222667024863483
106 160 3 0.14345644847728181 0.011323786191350299
107 160 3 0.15478023466863211 0.019926264592098508
108 160 3 0.17470649926073062 0.021278860983857006
109 160 3 0.19598536024458763 0.021547450426728815
110 160 3 0.21753281067131644 0.021779829065383116
111 160 3 0.23931263973669956 0.022089451761594686
112 160 3 0.26140209149829424 0.022450660361590935
113 160 3 0.28385275185988518 0.022833414885486625
114 160 3 0.3066861667453718 0.023218587557517933
115 160 3 0.32990475430288974 0.023595568261843058
116 160 3 0.35350032256473279 0.023958608471023268
117 160 3 0.37745893103575606 0.024303524200691207
118 160 3 0.40176245523644727 0.024624112640158624
119 160 3 0.42638656787660589 0.024906721732833592
120 160 3 0.45129328960943949 0.02511935517180891
121 160 3 0.4764126447812484 0.025186413089180404
122 160 3 0.5015990578704288 0.025186413089180404
123 160 3 0.52652974853994849 0.024930690669519695
124 160 3 0.55051552668659298 0.023985778146644487
125 160 3 0.57262877095275244 0.024174296897859993
126 160 2 0.59680306785061243 0.027145753071626921
128 160 0 0.62394882092223936 0.026691534183049481
136 160 0 0.64779018316584502 0.023841362243605668
144 160 0 0.66775326629613052 0.019963083130285497
152 160 0 0.68347830840833579 0.015725042112205267
160 160 0 0.69474699175045629 0.0112686833421205
168 160 0 0.70138510953310074 0.011343031358601374
176 160 0 0.70328246440403619 0.011412261358488829
184 160 0 0.70041163472868273 0.011482997785027704
192 160 0 0.69283467248757413 0.012134012020951546
200 160 0 0.68070066046662259 0.01644956201235348
208 160 0 0.66425109845426911 0.020410471378573436
216 160 0 0.64384062707569567 0.024275750074189362
224 160 0 0.61956487700150631 0.026653723283453279
232 160 3 0.58492789778411214 0.03463697921739417
233 160 3 0.55695564479992388 0.027972252984188262
234 160 3 0.530918750509635 0.026036894290288881
235 160 3 0.50558962256639561 0.025329127943239382
236 160 3 0.48061715249252684 0.024972470073868769
237 160 3 0.45588660474958537 0.024730547742941478
238 160 3 0.43135247691214818 0.024534127837437192
239 160 3 0.40699308839266163 0.024359388519486547
240 160 3 0.38279731963539987 0.02419576875726176
241 160 3 0.35876043461888685 0.024036885016513021
242 160 3 0.3348834815477158 0.023876953071171048
243 160 3 0.31117546464003742 0.023708016907678375
244 160 3 0.28765904583238816 0.023516418807649264
245 160 3 0.26438147167405956 0.023277574158328596
246 160 3 0.24143242234581264 0.022949049328246929
247 160 3 0.21896484869831986 0.022467573647492772
248 160 3 0.19718670201902064 0.021778146679299226
249 160 3 0.1762217596040036 0.020964942415017035
250 160 2 0.15599543248105127 0.022787537739005492
252 160 1 0.13426036329282914 0.020941652784545683
256 160 0 0.11381967114687036 0.022499913134846089
264 160 0 0.095249493746829506 0.018570177400040855
272 160 0 0.079119999217853995 0.01612949452897551
280 160 0 0.06506400055579277 0.014055998662061225
288 160 0 0.052922309292384485 0.012141691263408284
296 160 0 0.042559309763272282 0.010362999529112203
304 160 0 0.033828509744246824 0.0087308000190254587
312 160 0 0.026570581974563232 0.007257927769683592
320 160 0 0.020618564532046801 0.0059520174425164302
328 160 0 0.015804206196990349 0.0048143583350564526
336 160 0 0.011963794028695908 0.0038404121682944405
344 160 0 0.0089429140036637739 0.0030208800250321344
352 160 0 0.0065999628393472037 0.0023429511643165701
360 160 0 0.0048084034985107268 0.001791559340836477
368 160 0 0.0034578643696924214 0.0013505391288183054
376 160 0 0.0024542512648650415 0.0010036131048273798
384 160 0 0.0017190794716152443 0.00073517179324979719
392 160 0 0.0011882444321504016 0.00053083503946484275
400 160 0 0.00081043933648495539 0.00037780509566544621
408 160 0 0.00054540214503288138 0.00026503719145207401
416 160 0 0.00036213965987120253 0.00018326248516167885
424 160 0 0.00023723803363999625 0.00012490162623120628
432 160 0 0.00015333218484354531 8.3905848796450935e-05
440 160 0 9.7774205214520632e-05 5.555797962902468e-05
448 160 0 6.1514805574824046e-05 3.6259399639696586e-05
456 160 0 3.8192731458340549e-05 2.3322074116483497e-05
464 160 0 2.341454618748933e-05 1.4778185270851219e-05
472 160 0 1.4200297681395333e-05 9.2142485060939972e-06
480 160 0 8.5681477669256893e-06 5.6321499144696436e-06
488 160 0 5.2318069281077021e-06 3.3363408388179872e-06
496 160 0 3.3874745549927616e-06 1.8443323731149405e-06
504 160 0 2.5710524596408133e-06 8.1642209535194825e-07
106 161 3 0.14901825898474658 0.015812636684466946
107 161 3 0.16483089566921352 0.018828709123960785
108 161 3 0.18365960479317431 0.020370044779229463
109 161 3 0.20402964957240377 0.02113473188654133
110 161 3 0.2251643814589451 0.021633778219057875
111 161 3 0.24679815967800298 0.022059223435972525
112 161 3 0.2688573831139755 0.022467011567118611
113 161 3 0.29132439468109411 0.022868658408637388
114 161 3 0.3141930530897315 0.023264040110412387
115 161 3 0.33745709320014389 0.023651538485250978
116 161 3 0.36110863168539487 0.024030594076000833
117 161 3 0.3851392257613957 0.024401730906091545
118 161 3 0.40954095666748724 0.024765440881754475
119 161 3 0.43430639754924172 0.025119626273049311
120 161 3 0.45942602382229103 0.025452818249532438
121 161 3 0.48487884207182347 0.025719770701386147
122 161 3 0.51059861277320961 0.025726040160173658
123 161 3 0.53632465293338327 0.025726040160173658
124 161 3 0.56081554364815989 0.024490890714776614
125 161 3 0.57733474848628796 0.019468319364324471
232 161 3 0.59086150159823503 0.028703375403271281
233 161 3 0.56443000775943819 0.026431493838796838
234 161 3 0.53887068591466036 0.025559321844777827
235 161 3 0.51366604997269161 0.025204635941968756
236 161 3 0.48868661583198608 0.024979434140705525
237 161 3 0.46389610650196939 0.024790509330016697
238 161 3 0.43927893677195939 0.024617169730009991
239 161 3 0.41482792092376286 0.024451015848196533
240 161 3 0.39054191287084733 0.024286008052915531
241 161 3 0.36642469588270271 0.024117216988144619
242 161 3 0.34248494818771347 0.023939747694989244
243 161 3 0.31873778287376719 0.023747165313946272
244 161 3 0.29520790306346006 0.02352987981030713
245 161 3 0.27193330500017465 0.023274598063285412
246 161 3 0.24896463871185287 0.022968666288321782
247 161 3 0.22634234165669176 0.022622297055161111
248 161 3 0.20399195870721981 0.022647777871109886
249 161 3 0.18134418083610993 0.025348748355058653
104 162 2 0.13658226840798304 0.019901793646901075
106 162 3 0.15388171385422567 0.01797883093042435
107 162 3 0.17186054478465002 0.019200992415333934
108 162 3 0.19106153719998395 0.020232567536190571
109 162 3 0.21129410473617452 0.020982134839056088
110 162 3 0.23227623957523061 0.021555668733788697
111 162 3 0.25383190830901931 0.022040871460268507
112 162 3 0.27587277976928781 0.022483607447640885
113 162 3 0.2983563872169287 0.022904156809717968
114 162 3 0.32126054402664667 0.023311254445773477
115 162 3 0.34457179847242014 0.023709721536150419
116 162 3 0.36828152000857056 0.024104163161993486
117 162 3 0.39238568317056405 0.024500926878561868
118 162 3 0.41688661004912592 0.024909756754872003
119 162 3 0.44179636680399792 0.02534689145462099
120 162 3 0.46714325825861891 0.025845798877887072
121 162 3 0.49298905713650598 0.026507018757888634
122 162 3 0.51949607589439462 0.027756015430682401
123 162 3 0.54725209132507702 0.031726074323559561
124 162 2 0.57897816564863658 0.028300118112499106
126 162 2 0.59918217948871855 0.024766641433520808
232 162 3 0.59440649681722513 0.025158380184281182
233 162 3 0.57092245322824609 0.024557515145888664
234 162 3 0.54636493808235742 0.0249440086730911
235 162 3 0.52142092940926632 0.0249440086730911
236 162 3 0.49647739618091113 0.024943533228355186
237 162 3 0.47164904443793382 0.024828351742977317
238 162 3 0.44696250213859889 0.024686542299334924
239 162 3 0.42242743973807129 0.024535062400527607
240 162 3 0.39805379474574476 0.024373644992326526
241 162 3 0.37385390267760088 0.02419989206814388
242 162 3 0.34984252916654984 0.024011373511051037
243 162 3 0.32603773660084995 0.023804792565699895
244 162 3 0.30246255930983995 0.023575177291009997
245 162 3 0.27914637220331417 0.023316187106525776
246 162 3 0.25612364782768887 0.023022724375625303
247 162 3 0.2334269791902634 0.022696668637425477
248 162 3 0.21107948481434355 0.022347494375919846
249 162 3 0.18915832946238906 0.021921155351954491
250 162 3 0.1683716870759952 0.020786642386393855
251 162 3 0.15348934469557166 0.019228981402742512
106 163 3 0.15806367504786858 0.021481406639885542
107 163 3 0.17766125925069604 0.019758867215487419
108 163 3 0.19742012646618345 0.020371823854028831
109 163 3 0.21779195032021229 0.021000091280123506
110 163 3 0.23879204160033579 0.021560250951214721
111 163 3 0.26035229255155051 0.022059210586084566
112 163 3 0.28241150313763508 0.022516489681342511
113 163 3 0.30492799281897759 0.022947088380574077
114 163 3 0.32787508119955167 0.023360966640955882
115 163 3 0.35123604784050755 0.023765686199837099
116 163 3 0.37500173404034465 0.024169056954945312
117 163 3 0.39917079099528996 0.024581594336546719
118 163 3 0.42375238533183668 0.025019193977062759
119 163 3 0.44877157930889944 0.025505692063647722
120 163 3 0.47427727137254716 0.026069641888177952
121 163 3 0.50034691326072511 0.026699489960156475
122 163 3 0.52704640322088159 0.027057600526316339
123 163 3 0.55410400374719793 0.027057600526316339
232 163 3 0.59615949163547488 0.023405385366031428
233 163 3 0.57837690946888676 0.024236202656756078
234 163 3 0.55414070681213068 0.025063767579716845
235 163 3 0.52907693923241383 0.025063767579716845
236 163 3 0.50406118001655398 0.025015759215859856
237 163 3 0.47917490263877011 0.024886277377783872
238 163 3 0.45441582015380833 0.024759082484961781
239 163 3 0.42979323161906108 0.024622588534747247
240 163 3 0.40532602410798685 0.024467207511074229
241 163 3 0.38103504956849732 0.024290974539489529
242 163 3 0.35694029006658196 0.024094759501915364
243 163 3 0.33306107691938319 0.023879213147198763
244 163 3 0.30941740054734812 0.023643676372035072
245 163 3 0.28603124934392554 0.023386151203422578
246 163 3 0.26292788609449064 0.023103363249434905
247 163 3 0.24013964534272775 0.022788240751762889
248 163 3 0.21772369211173173 0.022415953230996016
249 163 3 0.19582668178563525 0.021897010326096478
250 163 3 0.17483775036178353 0.02098893142385172
251 163 3 0.15532785465182511 0.021067491358995966
104 164 3 0.1333665240708109 0.016686049309728931
105 164 3 0.14619792198781173 0.017928337545939532
106 164 3 0.16412625953375126 0.019166144952303343
107 164 3 0.18329240448605461 0.019859927693777868
108 164 3 0.20315233217983247 0.020490458257867328
109 164 3 0.2236427904376998 0.021080670390618589
110 164 3 0.24472346082831839 0.021620392276624351
111 164 3 0.26634385310494274 0.022113449826850096
112 164 3 0.28845730293179284 0.022570143714125246
113 164 3 0.31102744664591808 0.023000711103679627
114 164 3 0.33402815774959771 0.023413692508278572
115 164 3 0.35744185025787628 0.023816741919650886
116 164 3 0.38125859217752717 0.024218414678134292
117 164 3 0.40547700685566146 0.024630716693644805
118 164 3 0.43010772354930626 0.025073130656950104
119 164 3 0.45518085420625637 0.025580307475910447
120 164 3 0.48076116168216682 0.026220702210110469
121 164 3 0.50698186389227728 0.027156646597826128
122 164 3 0.53413851049010341 0.028893586849269126
123 164 3 0.56303209733937254 0.033489852469341885
124 164 1 0.59652194980871442 0.028342343091516398
232 164 2 0.59217155649674313 0.027393320504763174
234 164 3 0.5626370097717438 0.029534546724999333
235 164 3 0.53658452473391438 0.02605248503782942
236 164 3 0.51142166477847151 0.025162859955442873
237 164 3 0.4864863094095026 0.024935355368968903
238 164 3 0.46165191048212673 0.024834398927375878
239 164 3 0.43692939071829978 0.024722519763826944
240 164 3 0.41235420444753834 0.02457518627076144
241 164 3 0.38795854884499265 0.024395655602545696
242 164 3 0.36376739755505938 0.024191151289933266
243 164 3 0.33980003543422344 0.023967362120835944
244 164 3 0.31607206442750302 0.023727971006720416
245 164 3 0.29259680378531122 0.023475260642191798
246 164 3 0.26938650211540921 0.023210301669902011
247 164 3 0.24645546790729189 0.022931034208117318
248 164 3 0.22383023752760414 0.02262523037968775
249 164 3 0.20157392830269266 0.02225630922491148
250 164 3 0.17981719680265471 0.021756731500037957
251 164 3 0.15872143011941209 0.021095766683242617
252 164 1 0.13837880527060373 0.024830295620235865
104 165 3 0.13400861052862861 0.017328135767546646
105 165 3 0.15071650302549711 0.018229756121630775
106 165 3 0.16894625914712788 0.019273753530845483
107 165 3 0.18822001267797336 0.020019072173980662
108 165 3 0.20823908485195403 0.020644068223909823
109 165 3 0.22888315307586385 0.021206233023428805
110 165 3 0.25008938609929265 0.021721540885459745
111 165 3 0.2718109269847524 0.022198257917966757
112 165 3 0.29400918490271916 0.022644001602162067
113 165 3 0.31665318650488122 0.023065876651307771
114 165 3 0.33971906315618899 0.023470191821545416
115 165 3 0.36318925497773441 0.023862903530123325
116 165 3 0.38705215850785774 0.024250761130448772
117 165 3 0.41130291963830651 0.02464323167161353
118 165 3 0.43594615130992004 0.025055688356264982
119 165 3 0.46100183966618502 0.025514951762873994
120 165 3 0.48651679142905901 0.02606928817303944
121 165 3 0.51258607960209845 0.026805634068578388
122 165 3 0.53939171367067684 0.027862616051575362
123 165 3 0.5672543297222522 0.02926762008646222
234 165 3 0.567541976503247 0.024629579993496131
235 165 3 0.5431000866900132 0.024641202211754809
236 165 3 0.51845888447825839 0.024851310991204245
237 165 3 0.49360757348705414 0.024914094698572475
238 165 3 0.46869347878848167 0.024914094698572475
239 165 3 0.44384208267019859 0.024851396118283076
240 165 3 0.41913318564835006 0.02470889702184853
241 165 3 0.3946142875353551 0.024518898112994958
242 165 3 0.37031381175866829 0.024300475776686814
243 165 3 0.34624898529461057 0.02406482646405772
244 165 3 0.32242961683232024 0.023819368462290325
245 165 3 0.29885914047230688 0.023570476360013359
246 165 3 0.2755336564548661 0.023325484017440778
247 165 3 0.25243927502779262 0.023094381427073485
248 165 3 0.22954754345042375 0.022891731577368873
249 165 3 0.20680706579611288 0.022740477654310864
250 165 3 0.18412679327218889 0.022768352824222071
251 165 3 0.16135844044796682 0.022979635177363095
104 166 3 0.13527394641098842 0.018593471649906448
105 166 3 0.15371191067690149 0.019004317530077891
106 166 3 0.17271622820697938 0.019675034870156927
107 166 3 0.1923912630771363 0.020293328540263833
108 166 3 0.21268459161740014 0.020855125635741434
109 166 3 0.23353971725314157 0.021373112397181954
110 166 3 0.25491282965032352 0.021855596319144077
111 166 3 0.2767684259694676 0.022308222009338019
112 166 3 0.29907664797880562 0.022735785951415122
113 166 3 0.32181243393022074 0.023142541783405635
114 166 3 0.34495497571362638 0.023532121278627915
115 166 3 0.36848709699225429 0.023907636481400041
116 166 3 0.39239473347365433 0.02427210425631271
117 166 3 0.41666683772996704 0.024629261863463203
118 166 3 0.44129609959343025 0.024984827753976258
119 166 3 0.4662809273474065 0.025347786773765424
120 166 3 0.49162871412117193 0.025728979181658285
121 166 3 0.51735769330283021 0.026126903332941653
122 166 3 0.54348459663577187 0.026476260431044341
123 166 3 0.56996085706681621 0.026561092741898218
232 166 2 0.5962953644579454 0.023269512543560911
234 166 3 0.57214868315559553 0.024146681302349871
235 166 3 0.54971084213879728 0.024102247502612473
236 166 3 0.52560859463618481 0.024908039183471176
237 166 3 0.50070055545271364 0.025112707714654681
238 166 3 0.47558784773805896 0.025112707714654681
239 166 3 0.45053431872489441 0.025053529013164544
240 166 3 0.42565071250075431 0.024883606224140098
241 166 3 0.40098659417962329 0.024664118321131023
242 166 3 0.37656594906203167 0.024420645117591622
243 166 3 0.35240016306375788 0.024165785998273792
244 166 3 0.32849220486194097 0.023907958201816903
245 166 3 0.30483658129768754 0.023655623564253436
246 166 3 0.28141590091309571 0.02342068038459183
247 166 3 0.25819265184690315 0.023223249066192553
248 166 3 0.2350917793562024 0.023127682600219551
249 166 3 0.21196409675598285 0.02344964011848491
250 166 3 0.18851445663749794 0.024311838025154048
251 166 3 0.16420261861234389 0.025823813341740165
104 167 3 0.13669746547141362 0.020016990710331653
105 167 3 0.15613887526350292 0.019669589281480881
106 167 3 0.17580846454498381 0.020123628351877948
107 167 3 0.19593209289686175 0.020618798271934552
108 167 3 0.21655089116879631 0.021104553625390182
109 167 3 0.23765544479418649 0.021569910098013401
110 167 3 0.25922535489219989 0.022013790350433216
111 167 3 0.2812391452426331 0.022437401281082014
112 167 3 0.30367654652371512 0.022842411879157754
113 167 3 0.32651895840287287 0.02323030265168835
114 167 3 0.34974926105456122 0.023601925339417296
115 167 3 0.37335118639397852 0.023957122281558718
116 167 3 0.39730830867553724 0.024294361512612717
117 167 3 0.42160267018814995 0.02461038874089444
118 167 3 0.44621305892904439 0.024899980955670142
119 167 3 0.47111303988471454 0.02515569585541233
120 167 3 0.49626873574012687 0.025365142050778111
121 167 3 0.52163387779090498 0.02548983521542636
122 167 3 0.54712371300633134 0.02548983521542636
123 167 3 0.57247114274035116 0.025347429734019822
234 167 3 0.57493476294046608 0.021360601517479316
235 167 3 0.55788013971347661 0.024415549035136319
236 167 3 0.53346459067834029 0.025559322676451446
237 167 3 0.50790526800188884 0.025568549972365628
238 167 3 0.48233671802952321 0.025568549972365628
239 167 3 0.45697691003063323 0.025359807998889983
240 167 3 0.43187557776681934 0.025101332263813891
241 167 3 0.40704873892071813 0.024826838846101207
242 167 3 0.38250295342170904 0.024545785499009098
243 167 3 0.35823958049214177 0.024263372929567262
244 167 3 0.33425479212684744 0.023984788365294329
245 167 3 0.31053760532254099 0.023717186804306456
246 167 3 0.28706536308547037 0.023472242237070617
247 167 3 0.26379436321724015 0.023270999868230224
248 167 3 0.24063955707837692 0.023213722787884333
249 167 3 0.21742583429049259 0.02367267705211612
250 167 3 0.19375315723837647 0.0251992428547409
251 167 3 0.16855391438363557 0.030175109113031839
0 168 0 0.012339897042424094 0.0010528321135966166
8 168 0 0.013392729156020711 0.0021385930415135194
16 168 0 0.01553132219753423 0.0032883277594869687
24 168 0 0.018819649957021199 0.0045293531434131146
32 168 0 0.023349003100434314 0.0058834892651209864
40 168 0 0.0292324923655553 0.0073653936358457281
48 168 0 0.036597886001401028 0.008981031510402665
56 168 0 0.045578917511803693 0.010726509106572697
64 168 0 0.05630542661837639 0.012588962685166037
72 168 0 0.068894389303542428 0.014560118485502566
80 168 0 0.083454507789044993 0.016723843822242762
88 168 0 0.10017835161128776 0.01976067665293002
96 168 0 0.11993902826421778 0.021551321079996646
104 168 3 0.13869887322251925 0.019636066915587835
105 168 3 0.15833494013810709 0.020103901189831658
106 168 3 0.17843884132793875 0.020525861290183467
107 168 3 0.19896470261812221 0.020948313403397117
108 168 3 0.21991301602151933 0.021368874730013032
109 168 3 0.24128189075153236 0.021782547339172426
110 168 3 0.26306443809070479 0.022186492082179377
111 168 3 0.28525093017288417 0.022579300005118985
112 168 3 0.30783023017800315 0.022960162770981618
113 168 3 0.33079039294898477 0.023328227686220504
114 168 3 0.35411862063520527 0.02368194690456088
115 168 3 0.37780056753976615 0.024018258035787998
116 168 3 0.40181882557555415 0.024331428734623461
117 168 3 0.42615025431017761 0.024611460424598885
118 168 3 0.4507617147347765 0.024842440583774938
119 168 3 0.47560415531855144 0.025003231496916356
120 168 3 0.50060738681546779 0.025079357153798831
121 168 3 0.52568674396926662 0.025113128774339022
122 168 3 0.55079987274360565 0.025366112722964407
123 168 3 0.57616598546657005 0.026818242327191544
124 168 1 0.6029842277937616 0.027602482594651701
128 168 0 0.6305867103884133 0.026943947711417726
136 168 0 0.65430393330323111 0.023717222914817815
144 168 0 0.67425586896011591 0.019951935656884801
152 168 0 0.69004207817449947 0.015786209214383562
160 168 0 0.70138510953310074 0.011343031358601263
168 168 0 0.70809333237207839 0.006708222838977651
176 168 0 0.71005576104839963 0.0067732966443634357
184 168 0 0.70724548021738776 0.0075242068141661012
192 168 0 0.69972127340322166 0.012096125782103617
200 168 0 0.68762514762111804 0.016448905248837242
208 168 0 0.6711762423722808 0.020523350932608375
216 168 0 0.65065289143967242 0.024319313452786151
224 168 0 0.62633357798688627 0.027619260570949877
232 168 2 0.59943065134740192 0.026902926639484348
234 168 2 0.57330234213822973 0.028343004979589415
236 168 3 0.54236278075915856 0.030939561379071168
237 168 3 0.51502436827034581 0.027338412488812747
238 168 3 0.48878874551856416 0.026235622751781651
239 168 3 0.46307960419820771 0.025709141320356454
240 168 3 0.43775113468079402 0.025328469517413688
241 168 3 0.41276154416402311 0.02498959051677091
242 168 3 0.38809570793634884 0.024665836227674265
243 168 3 0.36374494420136139 0.024350763734987457
244 168 3 0.33970059656452256 0.024044347636838825
245 168 3 0.31595071356950238 0.023749882995020177
246 168 3 0.2924767493491971 0.023473964220305288
247 168 3 0.26924912353636643 0.023227625812830666
248 168 3 0.24622153058304028 0.023027592953326154
249 168 3 0.22332784702261285 0.022893683560427425
250 168 3 0.20050589528507065 0.022821951737542201
251 168 3 0.17787508467078897 0.022630810614281682
252 168 3 0.15671646586447913 0.021158618806309842
253 168 3 0.14460771020187801 0.012108755662601112
254 168 2 0.13384852276296594 0.019258834912765921
256 168 0 0.11458968785020002 0.018805802330728344
264 168 0 0.096680675216178333 0.017909012634021684
272 168 0 0.080531950767702781 0.016148724448475552
280 168 0 0.066298454753251648 0.014233496014451133
288 168 0 0.053953387235190026 0.012345067518061623
296 168 0 0.043399202459593063 0.010554184775596963
304 168 0 0.034500621946664332 0.0088985805129287304
312 168 0 0.027100544873823892 0.00740007707284044
320 168 0 0.021030859002043302 0.0060696858717805904
328 168 0 0.016120855879725875 0.0049100031223174266
336 168 0 0.01220392994276215 0.0039169259369637253
344 168 0 0.0091227437507229014 0.0030811861920392487
352 168 0 0.0067329388411975994 0.002389804909525302
360 168 0 0.0049054890296405234 0.001827449811557076
368 168 0 0.0035278420580798337 0.0013776469715606897
376 168 0 0.0025040411461255494 0.0010238009119542843
384 168 0 0.0017540460560547251 0.00074999509007082433
392 168 0 0.0012124800255697986 0.00054156603048492648
400 168 0 0.00082701628570510614 0.00038546373986469247
408 168 0 0.00055659067939318866 0.00027042560631191748
416 168 0 0.00036959095558845677 0.00018699972380473189
424 168 0 0.00024213422457300095 0.00012745673101545582
432 168 0 0.00015650640812150837 8.562781645149258e-05
440 168 0 9.9804524223594366e-05 5.6701883897914007e-05
448 168 0 6.279612238691347e-05 3.7008401836680896e-05
456 168 0 3.8990713407277146e-05 2.3805408979636324e-05
464 168 0 2.3905266412880972e-05 1.5085446994396174e-05
472 168 0 1.4498830553256088e-05 9.4064358596248842e-06
480 168 0 8.7488500091470259e-06 5.749980544109062e-06
488 168 0 5.3425150664738001e-06 3.4063349426732258e-06
496 168 0 3.4594001605073418e-06 1.8831149059664582e-06
504 168 0 2.6257833399191711e-06 8.3361682058817076e-07
104 169 3 0.13982585562668468 0.020234026605919525
105 169 3 0.1600598822326042 0.020578871121446601
106 169 3 0.1806387533540508 0.020922266071998347
107 169 3 0.20156101942604915 0.0212742630485242
108 169 3 0.22283528247457335 0.021634508866474694
109 169 3 0.24446979134104804 0.021999219449316848
110 169 3 0.26646901079036489 0.022364523212325738
111 169 3 0.28883353400269063 0.022727225330525236
112 169 3 0.31156075933321586 0.02308468535811653
113 169 3 0.33464544469133239 0.023434368452093124
114 169 3 0.35807981314342552 0.02377314700718125
115 169 3 0.38185296015060677 0.0240962101487045
116 169 3 0.40594917029931127 0.024395222962378671
117 169 3 0.43034439326168994 0.024655092956743896
118 169 3 0.45499948621843384 0.024848533556658225
119 169 3 0.47984801977509206 0.024928830319132955
120 169 3 0.50477685009422502 0.024928830319132955
121 169 3 0.52960615101867026 0.024829300924445241
122 169 3 0.55411672419235769 0.024510573173687433
123 169 3 0.57829566942425925 0.024688558369502345
236 169 3 0.54755589355812206 0.026611933370227714
237 169 3 0.52094396018789435 0.026611933370227714
238 169 3 0.49462448813920429 0.026319472048690062
239 169 3 0.46871859526959403 0.025905892869610259
240 169 3 0.44321144837247756 0.025507146897116473
241 169 3 0.41808080341829001 0.025130644954187542
242 169 3 0.39331007972640591 0.0247707236918841
243 169 3 0.36888697380031338 0.024423105926092536
244 169 3 0.34480132312387368 0.024085650676439696
245 169 3 0.32104350980953755 0.023757813314336129
246 169 3 0.29760354360915064 0.023439966200386908
247 169 3 0.27447166395906297 0.023131879650087672
248 169 3 0.25164341281024499 0.02282825114881798
249 169 3 0.22913790666769454 0.022505506142550452
250 169 3 0.20705320300336422 0.022084703664330324
251 169 3 0.18571564654439759 0.021337556458966622
252 169 3 0.16600132809627249 0.019714318448125101
253 169 3 0.14948723770036332 0.016514090395909176
104 170 3 0.14060714520910841 0.020829098941088142
105 170 3 0.16143624415019656 0.021049949212830377
106 170 3 0.18248619336302693 0.021304628093466976
107 170 3 0.20379082145649391 0.021586421525692706
108 170 3 0.22537724298218662 0.02189003234636816
109 170 3 0.24726727532855478 0.022209548037672527
110 170 3 0.2694768233662273 0.0225393013791787
111 170 3 0.292016124745406 0.022874434929451182
112 170 3 0.31489055967485718 0.023210925632711543
113 170 3 0.33810148530756873 0.023545255554288713
114 170 3 0.36164674086185744 0.023873808685191067
115 170 3 0.38552054954704851 0.024191867727692606
116 170 3 0.40971241727474111 0.024491730955868929
117 170 3 0.43420414823061004 0.024758652471709941
118 170 3 0.45896280070231998 0.024961212651170517
119 170 3 0.4839240133534905 0.025027672683542501
120 170 3 0.508951686037033 0.025027672683542501
121 170 3 0.53374356961228131 0.024791883575248308
122 170 3 0.55765800953166367 0.023914439919382358
123 170 3 0.5798021541299232 0.023182073663838398
232 170 2 0.60131534743475956 0.025018230552126708
234 170 2 0.58196356226381285 0.026240150605546297
236 170 3 0.55350919192864301 0.028454370335169843
237 170 3 0.52647280971076993 0.027036382217873078
238 170 3 0.49995530811275835 0.026517501598011584
239 170 3 0.47387432142140168 0.026080986691356667
240 170 3 0.44821745598748086 0.025656865433920817
241 170 3 0.42296894773854093 0.025248508248939927
242 170 3 0.39811215006970035 0.02485679766884058
243 170 3 0.37363327675490537 0.02447887331479498
244 170 3 0.34952225772380019 0.024111019031105185
245 170 3 0.32577272773158561 0.02374952999221458
246 170 3 0.30238265230153688 0.023390075430048729
247 170 3 0.27935702000435136 0.023025632297185517
248 170 3 0.2567149490678412 0.022642070936510161
249 170 3 0.23450542430300766 0.022209524764833538
250 170 3 0.21283736627016456 0.021668058032843107
251 170 3 0.1919225115059244 0.020914854764240154
252 170 3 0.1720806104915997 0.019841901014324703
253 170 3 0.1534903048814179 0.018590305610181795
254 170 2 0.13538990585390845 0.020800218003708432
104 171 3 0.14122875689421654 0.021358905676867074
105 171 3 0.16258766257108362 0.02148173376979759
106 171 3 0.18406939634088121 0.021654334270166858
107 171 3 0.20572373061104807 0.021871138017691305
108 171 3 0.22759486862873937 0.022123937594831472
109 171 3 0.24971880622357084 0.022403833000339046
110 171 3 0.27212263922390989 0.022702798421371073
111 171 3 0.29482543764528096 0.02301429049533249
112 171 3 0.31783972814061345 0.023333233899921868
113 171 3 0.34117296204053532 0.023655731749587294
114 171 3 0.36482869379012262 0.023978683817668156
115 171 3 0.38880737760779077 0.02429935078545914
116 171 3 0.41310672839324991 0.024614725909850477
117 171 3 0.43772145430310039 0.024920043350953824
118 171 3 0.46264149765405421 0.025203404210961955
119 171 3 0.48784490186501617 0.025422155270124813
120 171 3 0.51326705713514098 0.025422155270124813
121 171 3 0.53865662811190429 0.025389570976763309
122 171 3 0.56286146569937234 0.024204837587468053
123 171 3 0.58015672951476427 0.022827498278997327
236 171 3 0.55793763138788999 0.026554593237071988
237 171 3 0.531383038150818 0.026626175298228305
238 171 3 0.50475686285258969 0.026626175298228305
239 171 3 0.47852004711182611 0.026236815740763586
240 171 3 0.45273598205620946 0.025784065055616645
241 171 3 0.42739289932443608 0.025343082731773381
242 171 3 0.4024703473757994 0.024922551948636684
243 171 3 0.37795220464354251 0.024518142732256887
244 171 3 0.35382850703952912 0.024123697604013394
245 171 3 0.33009551727189251 0.023732989767636603
246 171 3 0.30675646449733829 0.023339052774554225
247 171 3 0.28382397814753207 0.022932486349806214
248 171 3 0.26132501049255125 0.022498967654980828
249 171 3 0.2393083324475975 0.022016678044953747
250 171 3 0.21785081885802851 0.021457513589568988
251 171 3 0.19704434480455732 0.020806474053471191
252 171 3 0.17690135965463241 0.020142985149924908
253 171 3 0.15700133046683759 0.021611424612929142
104 172 3 0.14178233417230132 0.021843305908083546
105 172 3 0.16361186012426709 0.021858168017796303
106 172 3 0.1854700281420634 0.021954204096358287
107 172 3 0.20742423223842169 0.022114159122538918
108 172 3 0.2295383913609606 0.022324971921968473
109 172 3 0.25186336328292908 0.022573190588906833
110 172 3 0.27443655387183591 0.022847824575335629
111 172 3 0.29728437844717154 0.023140660737226981
112 172 3 0.32042503918439852 0.023445862434972708
113 172 3 0.34387090161937123 0.023759536647911861
114 172 3 0.36763043826728309 0.024079535512810391
115 172 3 0.39170997378009348 0.024405726758915502
116 172 3 0.41611570053900898 0.024741291106678387
117 172 3 0.44085699164568737 0.025096818009868571
118 172 3 0.46595380965555594 0.025503553722548811
119 172 3 0.49145736337810475 0.026061259917851465
120 172 3 0.51751862329595621 0.027132699700905927
121 172 3 0.54465132299686214 0.030213678271742372
122 172 2 0.57486500126860451 0.029436296291625141
124 172 1 0.60430129756022966 0.028297234658227199
232 172 1 0.5970556354407921 0.029277942546094171
236 172 3 0.56478669336639298 0.032268942074399121
237 172 3 0.53626381203902573 0.028522881327367244
238 172 3 0.50907504044628227 0.027188771592743466
239 172 3 0.48262591710640629 0.02644912333987598
240 172 3 0.45673320964695108 0.025892707459455211
241 172 3 0.43132267169843103 0.025410537948520051
242 172 3 0.40635703853818367 0.024965633160247358
243 172 3 0.38181602954338112 0.024541008994802549
244 172 3 0.35768971948122447 0.024126310062156653
245 172 3 0.33397625993875962 0.023713459542464843
246 172 3 0.31068170865879835 0.023294551279961273
247 172 3 0.28782140972291975 0.022860298935878598
248 172 3 0.26542264628688311 0.022398763436036639
249 172 3 0.24352767708453071 0.021894969202352399
250 172 3 0.22219441464370687 0.021333262440823841
251 172 3 0.20148927430101712 0.020705140342689748
252 172 3 0.1814709571300489 0.020018317170968219
253 172 3 0.16222069996144339 0.019250257168605511
254 172 3 0.14429349711653536 0.017927202844908036
255 172 3 0.13147788047031134 0.01688819262011132
104 173 3 0.14235069014681515 0.02241166188259737
105 173 3 0.16460275630552607 0.02225206615871092
106 173 3 0.18676428822109215 0.022184443166333195
107 173 3 0.20894873138742534 0.022300558900391704
108 173 3 0.23124929028781704 0.022482772203569923
109 173 3 0.25373206249138697 0.022710230679988452
110 173 3 0.27644229317137542 0.022968665870236715
111 173 3 0.29941095904161213 0.023248597900351331
112 173 3 0.32265955694196347 0.023543863234618267
113 173 3 0.34620342017658173 0.023850772208979631
114 173 3 0.37005419238556136 0.024167859462831065
115 173 3 0.39422205184839243 0.024496302419543481
116 173 3 0.41871835426793591 0.02484137269264336
117 173 3 0.44355972696057927 0.025215764178965538
118 173 3 0.46877549113954481 0.025646001430108034
119 173 3 0.49442149256965284 0.026179748683702209
120 173 3 0.52060124125335505 0.026859121335810476
121 173 3 0.54746036258916553 0.027404638679438986
236 173 3 0.5677798467027092 0.029275788738082897
237 173 3 0.53970815113672843 0.02807169556598077
238 173 3 0.51255841241548095 0.027149738721247485
239 173 3 0.4860871827270159 0.026471229688465048
240 173 3 0.46016689713056091 0.025920285596454984
241 173 3 0.4347328546881094 0.02543404244245151
242 173 3 0.40975098439034857 0.024981870297760833
243 173 3 0.38520348016075379 0.024547504229594785
244 173 3 0.36108273638081528 0.024120743779938503
245 173 3 0.33738896427130544 0.023693772109509847
246 173 3 0.31412966802309367 0.023259296248211769
247 173 3 0.29132024927788269 0.022809418745210974
248 173 3 0.26898527813314277 0.022334971144739924
249 173 3 0.24715981161092543 0.021825466522217341
250 173 3 0.225889935538229 0.021269876072696425
251 173 3 0.2052328050104984 0.020657130527730605
252 173 3 0.18526310725432976 0.019969697756168636
253 173 3 0.1661126059720705 0.019150501282259258
254 173 3 0.14808571805430829 0.018026887917762219
255 173 3 0.13164194088973186 0.017052253039531839
104 174 3 0.14307949303422371 0.023140464770005933
105 174 3 0.16567926982079359 0.022599776786569881
106 174 3 0.18802496441278368 0.022345694591990095
107 174 3 0.2103406698128982 0.022415048351220379
108 174 3 0.23275571816411858 0.022589457367556381
109 174 3 0.25534517553167496 0.022810355541598604
110 174 3 0.27815553107327357 0.02306199555845645
111 174 3 0.30121752663173001 0.023335105532936884
112 174 3 0.3245526321646669 0.023624039114488904
113 174 3 0.3481766712791558 0.023925560536418367
114 174 3 0.37210223181557417 0.024238468851826234
115 174 3 0.3963407006674004 0.024563799469121017
116 174 3 0.42090450013652142 0.024905585418871501
117 174 3 0.44581008555539292 0.025272213325546355
118 174 3 0.47108229888093928 0.025678170005266676
119 174 3 0.49676046888620595 0.026145698182587607
120 174 3 0.52290616706879356 0.026712301571344854
121 174 3 0.54961846864013841 0.027524655895261985
122 174 2 0.5771431245354004 0.027158173024829257
236 174 3 0.56945826875313044 0.027597366687661662
237 174 3 0.54212729900367451 0.027330969749455925
238 174 3 0.51526719843843616 0.026860100565238354
239 174 3 0.48890840224503684 0.026358796193399314
240 174 3 0.46303206491089521 0.02587633733414163
241 174 3 0.4376152815673145 0.025416783343580718
242 174 3 0.4126415484213013 0.024973733146013199
243 174 3 0.38810160265994581 0.024539945761355486
244 174 3 0.36399254347834709 0.024109059181598724
245 174 3 0.34031716515141475 0.023675378326932339
246 174 3 0.31708381150271092 0.023233353648703825
247 174 3 0.29430666635612235 0.022777145146588573
248 174 3 0.27200626154332092 0.022300404812801433
249 174 3 0.25020990104944463 0.021796360493876288
250 174 3 0.22895179124904599 0.021258109800398634
251 174 3 0.20827334900306302 0.020678442245982975
252 174 3 0.18822568373092077 0.020047665272142245
253 174 3 0.16887547501329386 0.01935020871762691
254 174 3 0.15029405614719929 0.018581418866094573
255 174 3 0.13241793513996761 0.017876121007231682
104 175 3 0.14434964644784631 0.024410618183628538
105 175 3 0.16700466938511771 0.022655022937271396
106 175 3 0.18930462942910598 0.022311828287274182
107 175 3 0.21161645771638016 0.022448628492556605
108 175 3 0.23406508620893676 0.022643755011966721
109 175 3 0.25670884122090348 0.022873773382452445
110 175 3 0.27958261460335593 0.023127815676725005
111 175 3 0.30271043028008093 0.023399670307176657
112 175 3 0.32611010058725759 0.023685424537603528
113 175 3 0.34979552512486112 0.023982673116197228
114 175 3 0.37377819824105835 0.024290278296587697
115 175 3 0.39806847653764604 0.024608371940217366
116 175 3 0.42267684847786341 0.024938391467092869
117 175 3 0.44761523994495628 0.025282667424969874
118 175 3 0.47289790736992615 0.025641989357691575
119 175 3 0.49853989672761773 0.026005667530823173
120 175 3 0.5245455642584409 0.026312673124815666
121 175 3 0.55085823738325657 0.026312673124815666
236 175 3 0.57075921253956208 0.026787508035099883
237 175 3 0.54397170450446219 0.026787508035099883
238 175 3 0.51737788796377082 0.026593816540691373
239 175 3 0.49115731612554597 0.026220571838224849
240 175 3 0.46535464598774706 0.025802670137798911
241 175 3 0.43997831385009406 0.025376332137653002
242 175 3 0.41502854710257803 0.024949766747516033
243 175 3 0.39050550715679327 0.024523039945784753
244 175 3 0.36641166528925823 0.024093841867535049
245 175 3 0.34275254322886672 0.023659122060391502
246 175 3 0.31953703141962986 0.023215511809236866
247 175 3 0.29677758379762947 0.022759447622000384
248 175 3 0.27449026408868576 0.022287319708943709
249 175 3 0.25269448557084423 0.021795778517841535
250 175 3 0.23141225786523967 0.021282227705604562
251 175 3 0.21066676648152063 0.020745491383719034
252 175 3 0.19047965191827812 0.020187114563242514
253 175 3 0.17086340860279683 0.019616243315481285
254 175 3 0.15179574662657833 0.019067661976218508
255 175 3 0.13314930771366756 0.018646438912910762
0 176 0 0.012404800015073348 0.0010581817318321696
8 176 0 0.013462981746905517 0.0021493983771623034
16 176 0 0.015612380124067821 0.0033047632053227298
24 176 0 0.01891714332939055 0.0045515719964104098
32 176 0 0.02346871532580096 0.0059114429930956017
40 176 0 0.029380158318896562 0.0073984457735034002
48 176 0 0.036778604092399962 0.0090169763407169298
56 176 0 0.045795580433116892 0.010758397111588013
64 176 0 0.056553977544704905 0.012592319249984142
72 176 0 0.069146296794689047 0.014433689584245221
80 176 0 0.083579986378934268 0.015993561344580701
88 176 0 0.099573547723514969 0.0160432255393953
96 176 1 0.11571493341567864 0.016141385692163668
100 176 1 0.12795004207136129 0.020559260373067045
104 176 3 0.14737572992242795 0.021303862914434341
105 176 3 0.16867959283686229 0.021881501013450155
106 176 3 0.19056109385031245 0.022177212148293352
107 176 3 0.2127383059986058 0.02241802961851988
108 176 3 0.23515633561712568 0.022657247703849137
109 176 3 0.25781358332097482 0.022907185087868487
110 176 3 0.2807207684088433 0.023169766249037105
111 176 3 0.30389053465788041 0.023444199009813982
112 176 3 0.32733473366769439 0.023729096646566472
113 176 3 0.35106383031426086 0.024023125041586491
114 176 3 0.37508695535584735 0.024325207855970976
115 176 3 0.39941216321181833 0.024634537429307712
116 176 3 0.42404670064112604 0.02495036763331232
117 176 3 0.44899706827443836 0.025271406464773605
118 176 3 0.47426847473921196 0.025594684264051926
119 176 3 0.49986315900326389 0.025915441441835385
120 176 3 0.52577860044509928 0.026240883678207316
121 176 3 0.55201948412330659 0.026695332975865682
122 176 2 0.57871481709917227 0.026988216133371545
124 176 1 0.60570303323254382 0.02672618757347156
128 176 0 0.63229574984621284 0.026791532278687691
136 176 0 0.65602121680561098 0.023725466959398145
144 176 0 0.67601864236422227 0.019997425558611281
152 176 0 0.69187020304554747 0.015851560681325205
160 176 0 0.70328246440403619 0.011412261358488718
168 176 0 0.71005576104839963 0.0067732966443634357
176 176 0 0.71207729754247728 0.0027577328932502088
184 176 0 0.70931956464922707 0.0074803665783141904
192 176 0 0.70183919807091288 0.012065151324682888
200 176 0 0.68977404674623 0.016440076321443065
208 176 0 0.67333397042478693 0.020560114051255352
216 176 0 0.65277385637353158 0.024442622592381835
224 176 0 0.62833123378114974 0.028202645512552804
232 176 1 0.60015971221241715 0.028171521568732594
236 176 3 0.57243981645731556 0.027719895755101587
237 176 3 0.54551805812547416 0.026921758331841406
238 176 3 0.51901798316979209 0.026500074955682074
239 176 3 0.49289788761284237 0.026120095556949718
240 176 3 0.46716724311782826 0.02573064449501411
241 176 3 0.44183781262531741 0.025329430492510852
242 176 3 0.41691841123336676 0.024919401391950646
243 176 3 0.39241624823649623 0.024502162996870525
244 176 3 0.36833842532578021 0.024077822910716029
245 176 3 0.34469287156657263 0.023645553759207572
246 176 3 0.32148882653375438 0.023204045032818255
247 176 3 0.29873696435746427 0.022751862176290105
248 176 3 0.27644913635538199 0.022287828002082288
249 176 3 0.25463761291660236 0.021811523438779623
250 176 3 0.23331362131781322 0.021323991598789144
251 176 3 0.21248483028773646 0.02082879103007676
252 176 3 0.19215100656242978 0.020333823725306677
253 176 3 0.17229609418957606 0.019854912372853722
254 176 3 0.15287446971187196 0.019421624477704097
255 176 3 0.13379691922902079 0.019077550482851174
256 176 0 0.11496400137157432 0.019274190161319607
264 176 0 0.09709860801934625 0.017865393352228073
272 176 0 0.080950929606566774 0.016147678412779476
280 176 0 0.066674912316592103 0.014276017289974671
288 176 0 0.05427288864478555 0.012402023671806553
296 176 0 0.043661861698228235 0.010611026946557314
304 176 0 0.03471206562396964 0.0089497960742585952
312 176 0 0.02726801121362565 0.00744405441034399
320 176 0 0.021161625679337753 0.0061063855342878975
328 176 0 0.016221619298135641 0.0049400063812021118
336 176 0 0.012280579528342822 0.0039410397697928184
344 176 0 0.009180310246986241 0.0031002692813565814
352 176 0 0.0067756242525775197 0.0024046859944087213
360 176 0 0.0049367360658361505 0.0018388881867413692
368 176 0 0.0035504216557132391 0.0013863144101229114
376 176 0 0.0025201459800435052 0.0010302756756697339
384 176 0 0.0017653826967974711 0.00075476328324603414
392 176 0 0.0012203551801871315 0.00054502751661033959
400 176 0 0.00083241441388365301 0.00038794076630347849
408 176 0 0.00056024161755164313 0.00027217279633200988
416 176 0 0.00037202717280613196 0.00018821444474551117
424 176 0 0.00024373804790750516 0.00012828912489862681
432 176 0 0.0001575480336023243 8.619001430518086e-05
440 176 0 0.00010047191070971365 5.7076122892610646e-05
448 176 0 6.3217987018095065e-05 3.7253923691618585e-05
456 176 0 3.925384900262894e-05 2.3964138015466124e-05
464 176 0 2.4067320626625929e-05 1.5186528376003012e-05
472 176 0 1.4597557264793549e-05 9.4697633618323792e-06
480 176 0 8.8086925670657432e-06 5.7888646977278062e-06
488 176 0 5.3792291700550239e-06 3.4294633970107192e-06
496 176 0 3.4832855464691276e-06 1.8959436235858964e-06
504 176 0 2.6439769229598958e-06 8.3930862350923176e-07
104 177 3 0.14852319385674065 0.021247712959404863
105 177 3 0.16977090681614551 0.021739282592347864
106 177 3 0.19151018940849338 0.022091716604558942
107 177 3 0.21360190601305232 0.022383184694672459
108 177 3 0.23598509070772478 0.022654103955239702
109 177 3 0.25863919466296448 0.022921961679514213
110 177 3 0.28156115634247869 0.023193796732429384
111 177 3 0.30475495307490807 0.023472114465837357
112 177 3 0.32822706754074543 0.023757407398318386
113 177 3 0.35198447493906382 0.024049207740187595
114 177 3 0.37603368267925141 0.024346489958982531
115 177 3 0.40038017263823394 0.024647714246582575
116 177 3 0.42502788688481652 0.024950558545226931
117 177 3 0.44997844543004345 0.025251240439334799
118 177 3 0.47522968586937825 0.025543144145084795
119 177 3 0.50077283001446304 0.025813686326825902
120 177 3 0.52658651634128895 0.026033154403471759
121 177 3 0.5526196707447607 0.026095146354411569
236 177 3 0.57321041377916448 0.026949298433252666
237 177 3 0.54653795930730942 0.026672454471855067
238 177 3 0.52018031592340563 0.026357643383903784
239 177 3 0.49415810738972232 0.026022208533683311
240 177 3 0.46849450137744753 0.025663606012274798
241 177 3 0.44320982297913603 0.0252846783983115
242 177 3 0.41832013015445552 0.024889692824680509
243 177 3 0.39383817952247097 0.02448195063198455
244 177 3 0.36977476590760161 0.024063413614869356
245 177 3 0.34613974008161486 0.023635025825986755
246 177 3 0.32294256389111253 0.023197176190502322
247 177 3 0.30019238586262648 0.022750178028486057
248 177 3 0.27789759957029542 0.022294786292331059
249 177 3 0.25606479115585723 0.021832808414438187
250 177 3 0.23469691773120949 0.021367873424647743
251 177 3 0.21379047236663271 0.020906445364576781
252 177 3 0.19333126845657789 0.020459203910054818
253 177 3 0.17328844827787301 0.020042820178704873
254 177 3 0.15360708908092138 0.019681359196951631
255 177 3 0.13420278047100792 0.019404308609913462
104 178 3 0.14899535639208233 0.021369041607701783
105 178 3 0.17036439799978412 0.021730549575935731
106 178 3 0.19209494757571985 0.022061435487995107
107 178 3 0.21415638306371496 0.022363051735904554
108 178 3 0.23651943479961951 0.022648105043035882
109 178 3 0.25916753984265539 0.022926765466579957
110 178 3 0.28209430530923535 0.023205269556945129
111 178 3 0.30529957486618048 0.023486898896697583
112 178 3 0.32878647376287806 0.023772972620858479
113 178 3 0.35255944638373654 0.024063486848775517
114 178 3 0.37662293323251206 0.024357423677892565
115 178 3 0.40098035691040462 0.024652779551086967
116 178 3 0.42563313646149159 0.024946335219854288
117 178 3 0.45057947168134588 0.025233191882911843
118 178 3 0.47581266356425772 0.025506223580628873
119 178 3 0.50131888714488659 0.02575618825915027
120 178 3 0.52707507540403686 0.025976023063399412
121 178 3 0.55305109846743628 0.026187775751535969
122 178 2 0.57923887421897224 0.026464159013571575
236 178 3 0.57359209419113732 0.026567618021279826
237 178 3 0.54713801058256251 0.026454083608574819
238 178 3 0.52090912330363748 0.026228887278925028
239 178 3 0.49496849060942022 0.025940632694217258
240 178 3 0.46935835603208992 0.025610134577330301
241 178 3 0.44410902550425424 0.025249330527835678
242 178 3 0.41924282933699225 0.024866196167261989
243 178 3 0.39477672810523318 0.024466101231759074
244 178 3 0.37072418874448038 0.0240525393607528
245 178 3 0.34709642559912313 0.02362776314535725
246 178 3 0.32390304430282774 0.02319338129629539
247 178 3 0.30115210663613035 0.022750937666697391
248 178 3 0.27884959835242018 0.022302508283710165
249 178 3 0.25699824087451467 0.021851357477905509
250 178 3 0.23559555504911014 0.021402685825404527
251 178 3 0.21463107449433955 0.020964480554770598
252 178 3 0.19408265403806726 0.020548420456272282
253 178 3 0.17391203570955618 0.020170618328511081
254 178 3 0.1540604338352014 0.01985160187435478
255 178 3 0.1344458857639621 0.019614548071239302
104 179 3 0.14914292960646247 0.021447045156212041
105 179 3 0.17058997476267451 0.02174679042110686
106 179 3 0.19233676518378137 0.0220546801306781
107 179 3 0.21439144531445947 0.022353649851804991
108 179 3 0.23674509516626446 0.022642583694604534
109 179 3 0.259387678860869 0.022925728730232298
110 179 3 0.2823134075911013 0.023207539076931571
111 179 3 0.30552094666803287 0.023491079209685406
112 179 3 0.32901202587771827 0.023777855135746595
113 179 3 0.35278988101346487 0.024068017919004703
114 179 3 0.37685789893246957 0.024360529211798876
115 179 3 0.40121842814426845 0.024653152294590419
116 179 3 0.42587158043885887 0.024942235458724593
117 179 3 0.45081381589758346 0.025222312434919125
118 179 3 0.47603612833250258 0.02548563792520725
119 179 3 0.50152176625770983 0.025722018335830654
120 179 3 0.52724378459354049 0.025920111091659592
121 179 3 0.55316389568520008 0.026074978533772164
236 179 3 0.57374806613647156 0.026411646075945594
237 179 3 0.54740766770564331 0.026340398430828249
238 179 3 0.52125139238678186 0.026156275318861444
239 179 3 0.49535692679372384 0.025894465593058025
240 179 3 0.46977670152133766 0.025580225272386181
241 179 3 0.44454703286318625 0.025229668658151405
242 179 3 0.4196939112231784 0.024853121640007858
243 179 3 0.39523662010269189 0.024457291120486502
244 179 3 0.37119005351296475 0.024046566589727147
245 179 3 0.3475661421214199 0.02362391139154485
246 179 3 0.3243745675687173 0.023191574552702598
247 179 3 0.30162283456799732 0.022751733000719976
248 179 3 0.27931570742287398 0.02230712714512334
249 179 3 0.25745397801941056 0.021861729403463426
250 179 3 0.23603251789625856 0.021421460123151992
251 179 3 0.21503759517067689 0.020994922725581677
252 179 3 0.19444354553251997 0.020594049638156919
253 179 3 0.17420913524844234 0.020234410284077631
254 179 3 0.15427437985508219 0.019934755393360148
255 179 3 0.13455903576203979 0.019715344093042403
96 180 1 0.1155186131101419 0.015945065386626933
100 180 1 0.12771031484478179 0.020538724384847079
104 180 3 0.14903544501113331 0.021473896561229278
105 180 3 0.17050934157236258 0.021749234466670569
106 180 3 0.19225857603903315 0.022051102622640734
107 180 3 0.21430967866167389 0.022348454433761683
108 180 3 0.23665813309543557 0.022636937296153098
109 180 3 0.25929507039158867 0.022920030142472514
110 180 3 0.28221510053406118 0.023202000229180342
111 180 3 0.30541710076324152 0.023485862986300454
112 180 3 0.32890296374954198 0.023773107409158389
113 180 3 0.35267607115870037 0.024063873964959737
114 180 3 0.3767399451236601 0.024357113120792862
115 180 3 0.40109705824445296 0.024650572224537926
116 180 3 0.42574763046899089 0.024940567662878443
117 180 3 0.45068819813186933 0.02522153162756402
118 180 3 0.47590972975943335 0.025485270806868687
119 180 3 0.50139500056630204 0.02571934343265847
120 180 3 0.52711434399896051 0.025900576170450162
121 180 3 0.55301492016941067 0.025960036380866081
122 180 2 0.57897495655027675 0.026330445352229725
124 180 1 0.60530540190250648 0.026990347943706361
232 180 1 0.60009746432477662 0.028233769456373126
236 180 3 0.57372057477656491 0.026376889548211713
237 180 3 0.54738793198545765 0.026332642791107252
238 180 3 0.52123347669968323 0.026154455285774425
239 180 3 0.49533956998576989 0.025893906713913339
240 180 3 0.46975967341880048 0.025579896566969407
241 180 3 0.44453031515523173 0.025229358263568757
242 180 3 0.41967751936618186 0.024852795789049864
243 180 3 0.39522056952140255 0.024456949844779308
244 180 3 0.3711743561973177 0.024046213324084853
245 180 3 0.34755080850789088 0.023623547689426816
246 180 3 0.32435960905714528 0.023191199450745603
247 180 3 0.3016082666219827 0.02275134243516258
248 180 3 0.27930155445145033 0.022306712170532372
249 180 3 0.25744028226856935 0.021861272182880975
250 180 3 0.23601935638295515 0.0214209258856142
251 180 3 0.21502511167767727 0.020994244705277887
252 180 3 0.19443200807627034 0.020593103601406926
253 180 3 0.17419902781493968 0.020232980261330663
254 180 3 0.15426651132008096 0.019932516494858721
255 180 3 0.1345545534493777 0.019711957870703262
104 181 3 0.14877832127423149 0.021368605435533261
105 181 3 0.17014692670976475 0.021719495562503771
106 181 3 0.19186642227226852 0.022046300500856958
107 181 3 0.21391272277312548 0.022346300141750541
108 181 3 0.23625902291487602 0.022630768758194225
109 181 3 0.25888979167307025 0.022909459485232209
110 181 3 0.28179925115830246 0.023188491795216093
111 181 3 0.30498774295351855 0.023471105932071579
112 181 3 0.32845884888559013 0.023758595617135447
113 181 3 0.35221744450272557 0.024050932186225504
114 181 3 0.37626837668895108 0.024347068342722988
115 181 3 0.40061544503167407 0.024644963960770816
116 181 3 0.42526040899244488 0.024941357748880066
117 181 3 0.45020176674132495 0.025231323158115881
118 181 3 0.47543308989944083 0.025507844002481017
119 181 3 0.50094093390192185 0.025762716780905359
120 181 3 0.52670365068282721 0.025995971430321618
121 181 3 0.55269962211314883 0.026275334437127928
236 181 3 0.57353662760381474 0.026560836720961878
237 181 3 0.54708474336146129 0.026451884242353452
238 181 3 0.52085664095192463 0.026228102409536658
239 181 3 0.49491665346074831 0.02593998749117632
240 181 3 0.46930729275012995 0.025609360710618367
241 181 3 0.44405885926883171 0.025248433481298238
242 181 3 0.41919364032551043 0.024865218943321277
243 181 3 0.39472856600527412 0.024465074320236313
244 181 3 0.37067708765602864 0.024051478349245481
245 181 3 0.34705041432740014 0.0236266733286285
246 181 3 0.32385815396053708 0.02319226036686306
247 181 3 0.30110837874718638 0.022749775213350698
248 181 3 0.27880709726904485 0.022301281478141532
249 181 3 0.25695707642051491 0.021850020848529939
250 181 3 0.23555592630611491 0.021401150114399997
251 181 3 0.21459335537904356 0.02096257092707135
252 181 3 0.1940475569196852 0.020545798459358361
253 181 3 0.17388090371523471 0.020166653204450491
254 181 3 0.15403568017356256 0.019845223541672147
255 181 3 0.13443134227942741 0.019604337894135154
104 182 3 0.14821979216360906 0.021207479689211051
105 182 3 0.16942727185282011 0.021708197271884611
106 182 3 0.19113546912470472 0.022062564429867426
107 182 3 0.21319803355457215 0.022353850074399162
108 182 3 0.23555188362897131 0.022624467997706427
109 182 3 0.25817635162667774 0.022892555577860074
110 182 3 0.28106890720453781 0.023165328520129036
111 182 3 0.30423423572466685 0.023445318369003765
112 182 3 0.32767955409367061 0.023732999128816323
113 182 3 0.35141255322248693 0.024027869286516512
114 182 3 0.37544042250900345 0.024328858278565846
115 182 3 0.39976928078756929 0.024634367401138224
116 182 3 0.42440364818870752 0.024942002656417994
117 182 3 0.44934565084512551 0.025247904452550485
118 182 3 0.474593555297676 0.025545333274000881
119 182 3 0.50013888857167688 0.025820905299931529
120 182 3 0.52595979387160841 0.026038390536696876
121 182 3 0.55199818440830528 0.026045208008532605
122 182 2 0.57804339241683789 0.027262009485668592
236 182 3 0.5731315669164373 0.026965897408339323
237 182 3 0.54645258658512752 0.026678980331309776
238 182 3 0.52009341691671707 0.026359169668410454
239 182 3 0.4940716704732343 0.026021746443482763
240 182 3 0.46840928786408143 0.025662382609152878
241 182 3 0.44312613506418386 0.025283152799897568
242 182 3 0.4182381002441542 0.024888034820029659
243 182 3 0.39375787669475337 0.024480223549400826
244 182 3 0.36969623611456021 0.024061640580193167
245 182 3 0.34606302293292457 0.023633213181635637
246 182 3 0.32286770214911775 0.023195320783806817
247 182 3 0.30011943473813663 0.022748267410981127
248 182 3 0.27782664076402719 0.022292793974109437
249 182 3 0.25599595834011191 0.021830682423915282
250 182 3 0.23463044654694956 0.021365511793162345
251 182 3 0.21372680334694855 0.020903643200001015
252 182 3 0.19327126617105519 0.020455537175893351
253 182 3 0.17323387592249215 0.020037390248563047
254 182 3 0.15356161606035115 0.019672259862140995
255 182 3 0.13417384095991688 0.019387775100434268
104 183 3 0.14696259846954163 0.021238137321339556
105 183 3 0.16820073579088118 0.021837608437241196
106 183 3 0.19003834422812238 0.022136167145822699
107 183 3 0.21217451137394508 0.022376239675288706
108 183 3 0.23455075104923379 0.022614789756623843
109 183 3 0.25716554080585763 0.022864979632071902
110 183 3 0.28003052043792953 0.023128881897602815
111 183 3 0.30315940233553235 0.023405692151941493
112 183 3 0.32656509448747384 0.023693982563307181
113 183 3 0.35025907705078102 0.023992372457910194
114 183 3 0.37425144950869121 0.024299727397465609
115 183 3 0.39855117690615682 0.024615157694273804
116 183 3 0.42316633460043063 0.024937807593758909
117 183 3 0.44810414219418954 0.025266299826375571
118 183 3 0.47337044202056511 0.025597937723931097
119 183 3 0.4989683797444962 0.025930362569770049
120 183 3 0.52489874231426625 0.0262845989129048
121 183 3 0.55118334122717105 0.026860051189666834
236 183 3 0.57232753449484253 0.027769929829934092
237 183 3 0.54539559864249787 0.026931935852344657
238 183 3 0.51889469620960638 0.026500902432891493
239 183 3 0.492776104988497 0.026118591221109377
240 183 3 0.46704759071251445 0.02572851427598255
241 183 3 0.44172048231107131 0.025327108401443144
242 183 3 0.41680348122068611 0.024917001090385194
243 183 3 0.39230376684468454 0.024499714376001569
244 183 3 0.36822843363591656 0.024075333208767979
245 183 3 0.34458541056144948 0.023643023074467084
246 183 3 0.32138394139632065 0.02320146916512883
247 183 3 0.2986347100147726 0.022749231381548052
248 183 3 0.2763495864520007 0.022285123562771902
249 183 3 0.25454087506351875 0.021808711388481949
250 183 3 0.23321986489692606 0.021321010166592685
251 183 3 0.21239434344251518 0.020825521454410884
252 183 3 0.19206433167784803 0.020330011764667144
253 183 3 0.17221440729275619 0.019849924385091838
254 183 3 0.15280083848371329 0.019413568809042908
255 183 3 0.13374117434839891 0.019059664135314375
0 184 0 0.012300801937774653 0.0010492355151578547
8 184 0 0.013350037452932508 0.0021311937449834725
16 184 0 0.01548123119791598 0.0032766916605778337
24 184 0 0.018757922858493814 0.0045127679299981731
32 184 0 0.023270690788491987 0.0058608721667829274
40 184 0 0.029131562955274914 0.0073351344776801178
48 184 0 0.036466697432955032 0.0089407385290394617
56 184 0 0.045407435961994494 0.010672616348715906
64 184 0 0.0560800523107104 0.012516147490834649
72 184 0 0.068596199801545049 0.014460397455662341
80 184 0 0.08305659725720739 0.016584577883948723
88 184 0 0.099641175141156113 0.019556770370450019
96 184 0 0.11919794551160613 0.021423622823959695
104 184 3 0.1437192128131406 0.024521267301534463
105 184 3 0.16636888200502536 0.022649669191884769
106 184 3 0.18863114073586598 0.022262495331260734
107 184 3 0.21089363606712672 0.022394318827934079
108 184 3 0.2332879548950608 0.022587567268606251
109 184 3 0.25587552216366705 0.022817712558607373
110 184 3 0.27869323472227442 0.023073471027295733
111 184 3 0.30176670574957015 0.02334844899225641
112 184 3 0.32511515474182656 0.023638646588398426
113 184 3 0.34875380133022499 0.023941605282046752
114 184 3 0.37269540661227174 0.024256128559044243
115 184 3 0.39695153517131598 0.024582246815408992
116 184 3 0.42153378198672498 0.024921198229685859
117 184 3 0.44645498021641083 0.02527488611735984
118 184 3 0.47172986633377068 0.025643000028996055
119 184 3 0.49737286636276673 0.026011161637106095
120 184 3 0.52338402799987283 0.026302647661068712
121 184 3 0.54968667566094154 0.026302647661068712
122 184 2 0.57584856817882124 0.026934105197070846
124 184 1 0.60278267337589209 0.028277915561041644
128 184 0 0.62888811056038496 0.02724056674862263
136 184 0 0.65287721561431378 0.023989105053928816
144 184 0 0.67299298559052556 0.020115769976211784
152 184 0 0.68892863694365514 0.015935651353129576
160 184 0 0.70041163472868284 0.011482997785027704
168 184 0 0.70724548021738787 0.0075242068141662122
176 184 0 0.70931956464922719 0.0074803665783144124
184 184 0 0.70660746689081722 0.0074421658672640945
192 184 0 0.69916530102355323 0.012032427433860793
200 184 0 0.68713287358969244 0.016399809489398121
208 184 0 0.67073306410029432 0.020479138393369567
216 184 0 0.65025392570692475 0.024269935036564605
224 184 0 0.62598399067036015 0.027577184090174178
232 184 1 0.59681316840179832 0.029170822268561825
236 184 3 0.57057366508062402 0.026770830477060303
237 184 3 0.54380283460356371 0.026770830477060303
238 184 3 0.51721590550749619 0.026586929096067524
239 184 3 0.49099958355282391 0.026216321954672273
240 184 3 0.4652003817704663 0.025799201782357617
241 184 3 0.43982727923919579 0.025373102531270508
242 184 3 0.41488068242338938 0.02494659681580641
243 184 3 0.39036081740466116 0.024519865018728215
244 184 3 0.36627017962332131 0.024090637781339852
245 184 3 0.34261429979651109 0.023655879826810222
246 184 3 0.31940207237237883 0.023212227424132259
247 184 3 0.2966459549009749 0.022756117471403936
248 184 3 0.27436201578355474 0.02228393911742016
249 184 3 0.25256967171235989 0.021792344071194847
250 184 3 0.23129092470820131 0.021278747004158577
251 184 3 0.2105489144431415 0.020742010265059813
252 184 3 0.19036512198165556 0.020183792461485939
253 184 3 0.17075153189476033 0.019613590086895227
254 184 3 0.1516841183319074 0.019067413562852936
255 184 3 0.13302889179351582 0.018655226538391578
256 184 0 0.11442329196424562 0.018782543269547911
264 184 0 0.096539718411239095 0.017883573553006529
272 184 0 0.080415803456074533 0.016123914955164562
280 184 0 0.066204864754512247 0.014210938701562287
288 184 0 0.053879384097773556 0.012325480656738691
296 184 0 0.043341656997496675 0.010537727100276881
304 184 0 0.034456557530805329 0.0088850994666913458
312 184 0 0.027067292248233548 0.007389265282571781
320 184 0 0.021006117584130891 0.0060611746641026573
328 184 0 0.016102701030521003 0.0049034165536098878
336 184 0 0.012190790337682524 0.0039119106928384786
344 184 0 0.0091133635674575837 0.0030774267702249405
352 184 0 0.006726333775540219 0.0023870297919173647
360 184 0 0.0049009016354655292 0.0018254321400746898
368 184 0 0.0035246996752977822 0.001376201960167747
376 184 0 0.0025019182160988442 0.0010227814591989379
384 184 0 0.0017526316434531848 0.00074928657264565946
392 184 0 0.0012115507105489177 0.00054108093290426706
400 184 0 0.00082641416730191476 0.00038513654324700294
408 184 0 0.00055620597931763875 0.00027020818798427601
416 184 0 0.00036934858648445256 0.00018685739283318619
424 184 0 0.00024198365261331417 0.00012736493387113839
432 184 0 0.00015641416700164242 8.5569485611671745e-05
440 184 0 9.9748802229037778e-05 5.6665364772604646e-05
448 184 0 6.2762927515190459e-05 3.698587471384732e-05
456 184 0 3.8971209856318456e-05 2.3791717658872003e-05
464 184 0 2.3893959945987439e-05 1.5077249910331017e-05
472 184 0 1.4492354931605111e-05 9.4016050143823283e-06
480 184 0 8.7451693535140768e-06 5.7471855780910338e-06
488 184 0 5.3404072029146349e-06 3.404762150599442e-06
496 184 0 3.4581245018349126e-06 1.8822827010797223e-06
504 184 0 2.6248650590113651e-06 8.3325944282354745e-07
104 185 3 0.14234792151429465 0.023149976002688519
105 185 3 0.16491906512846194 0.022571143614167288
106 185 3 0.18721254589105321 0.022293480762591272
107 185 3 0.20946399050863768 0.022345136633444201
108 185 3 0.23180912714208188 0.022517551577411504
109 185 3 0.25432667871949338 0.022738866777346434
110 185 3 0.27706554549683982 0.022992799656252505
111 185 3 0.30005834515309232 0.02326986508951201
112 185 3 0.32332821024260433 0.023564344716284602
113 185 3 0.34689255495888893 0.023872982107936425
114 185 3 0.37076553706682536 0.024194554108598221
115 185 3 0.39496009117542358 0.024530030329927122
116 185 3 0.4194901215053507 0.024883285217517592
117 185 3 0.44437340672286829 0.025262381090772001
118 185 3 0.46963578781364029 0.025681247944832397
119 185 3 0.49531703575847269 0.026161768785161577
120 185 3 0.52147880454363427 0.026745990368627681
121 185 3 0.54822479491226195 0.027623773266559293
236 185 3 0.56923974209596384 0.027573426305834481
237 185 3 0.54192184559335088 0.027317896502612959
238 185 3 0.51506919001980866 0.026852655573542217
239 185 3 0.48871552922550215 0.02635366079430651
240 185 3 0.46284345194854354 0.025872077276958616
241 185 3 0.43743062319579024 0.025412828752753303
242 185 3 0.41246076163307921 0.024969861562711027
243 185 3 0.38792468975971378 0.024536071873365428
244 185 3 0.36381953699692471 0.024105152762789073
245 185 3 0.34014810549979363 0.023671431497131079
246 185 3 0.31691873830643896 0.023229367193354666
247 185 3 0.29414561527587274 0.022773123030566222
248 185 3 0.27184926120056296 0.022296354075309777
249 185 3 0.25005696268630323 0.021792298514259734
250 185 3 0.22880287636251728 0.021254086323785948
251 185 3 0.20812828400929473 0.020674592353222554
252 185 3 0.18808395873814487 0.020044325271149854
253 185 3 0.16873580235433611 0.019348156383808768
254 185 3 0.15015345352272549 0.018582348831610612
255 185 3 0.13227002350901987 0.017883430013705626
104 186 3 0.14155631263263393 0.022358367121027803
105 186 3 0.16374191295684815 0.022185600324214211
106 186 3 0.1858252012547843 0.022098877988121268
107 186 3 0.20792407924290557 0.022211409118906289
108 186 3 0.23013548836181186 0.022392758596503526
109 186 3 0.25252824695831538 0.02262145932501225
110 186 3 0.27514970628332763 0.022882976675022759
111 186 3 0.29803268295835039 0.023167767232414871
112 186 3 0.32120045019076526 0.023469700466027865
113 186 3 0.34467015065679313 0.023785151568755436
114 186 3 0.36845530222554856 0.024112711576135981
115 186 3 0.39256801380168455 0.024453577002828686
116 186 3 0.41702159080451323 0.024812974511978281
117 186 3 0.44183456531649151 0.025203443513154178
118 186 3 0.46703800882964569 0.025651065454837585
119 186 3 0.49268907428448327 0.026201768178170881
120 186 3 0.51889084246265416 0.02688870727585646
121 186 3 0.54577954973851062 0.027381397712368916
122 186 2 0.57316094745087953 0.029621725925012554
236 186 3 0.56753925987830656 0.029273908523491765
237 186 3 0.53947178700832488 0.02806747286998168
238 186 3 0.51232672647322908 0.0271450605350958
239 186 3 0.48586007856081237 0.026466647912416708
240 186 3 0.45994427037453883 0.025915808186273537
241 186 3 0.43451468082837319 0.025429589546165643
242 186 3 0.40953729441769499 0.024977386410678204
243 186 3 0.38499432892976332 0.024542965487931667
244 186 3 0.36087818228115148 0.024116146648611836
245 186 3 0.33718905877938687 0.023689123501764608
246 186 3 0.31393445155389466 0.023254607225492219
247 186 3 0.2911297506004647 0.022804700953429957
248 186 3 0.26879951453333811 0.022330236067126585
249 186 3 0.24697878423197095 0.021820730301367164
250 186 3 0.22571360660340886 0.021265177628562087
251 186 3 0.20506102829628481 0.020652578307124053
252 186 3 0.18509546354838544 0.019965564747899373
253 186 3 0.16594810563658516 0.019147357911800278
254 186 3 0.14792250310748359 0.01802560252910157
255 186 3 0.13147768786233877 0.017054395898093141
104 187 3 0.1409385256631327 0.021740580151526565
105 187 3 0.16266238050681253 0.021749462019226784
106 187 3 0.18441184252603932 0.02184362302397308
107 187 3 0.2062554655500124 0.022003076843603003
108 187 3 0.2282585423936154 0.0222147709570156
109 187 3 0.250473313350631 0.022465322922096242
110 187 3 0.27293863627272724 0.022743891074720468
111 187 3 0.29568252734744771 0.023042454526081668
112 187 3 0.31872498187352938 0.023355379335719739
113 187 3 0.34208036120924912 0.023678963152568788
114 187 3 0.36575932436181791 0.024011221942866035
115 187 3 0.38977054630468394 0.024352154147541494
116 187 3 0.41412270045222543 0.024705054680880134
117 187 3 0.43882775513310557 0.025080707452826201
118 187 3 0.46390846258593177 0.025511034141401434
119 187 3 0.4894194967273332 0.026098613968316031
120 187 3 0.51551811069564923 0.027218571107295753
121 187 3 0.54273668180294499 0.030424265647934545
236 187 3 0.56452176040657664 0.032291407995221677
237 187 3 0.53599613229912146 0.028525628107455181
238 187 3 0.50880981830133576 0.027186313997785705
239 187 3 0.48236472568497984 0.026445092616355914
240 187 3 0.45647662801121047 0.025888097673769372
241 187 3 0.43107098084775408 0.025405647163456391
242 187 3 0.40611041528519409 0.024960565562559989
243 187 3 0.38157460178614494 0.024535813499049153
244 187 3 0.35745358207248729 0.024121019713657654
245 187 3 0.33374547972116558 0.023708102351321703
246 187 3 0.31045632757459179 0.023289152146573788
247 187 3 0.28760144964437051 0.022854877930221285
248 187 3 0.26520811798797578 0.022393331656394733
249 187 3 0.24331859455972876 0.021889523428247015
250 187 3 0.22199081054810166 0.021327784011627104
251 187 3 0.2012911944867477 0.020699616061353954
252 187 3 0.18127837064228272 0.020012823844464983
253 187 3 0.16203321317741221 0.019245157464870516
254 187 3 0.1441099734799299 0.017923239697482302
255 187 3 0.13129836781352022 0.016875075849274598
104 188 3 0.14033867977168712 0.021214150042602853
105 188 3 0.16155282981428998 0.021341437536244567
106 188 3 0.18289426735053455 0.021517395861216315
107 188 3 0.20441166321175086 0.021736773261344072
108 188 3 0.22614843647309493 0.021992129589234882
109 188 3 0.24814056606232981 0.022275299836031326
110 188 3 0.27041586589836114 0.022578858130469948
111 188 3 0.29299472402883109 0.022896742032409323
112 188 3 0.31589146606124041 0.02322427102951391
113 188 3 0.33911573709075432 0.023557879475993526
114 188 3 0.36267361656674785 0.023894744640703958
115 188 3 0.3865683612074518 0.024232352901749077
116 188 3 0.41080071410920088 0.02456787404311761
117 188 3 0.43536858815231849 0.024896684864976537
118 188 3 0.46026527301729503 0.025207019071630365
119 188 3 0.48547229208892539 0.025456192737241645
120 188 3 0.51092848482616704 0.025456192737241645
121 188 3 0.53638399324500774 0.0254555084188407
122 188 3 0.56067154516730577 0.024287551922298034
123 188 3 0.57793999211574076 0.022572422131891701
124 188 1 0.60051241424763246 0.028375696312752496
232 188 2 0.60098254983392707 0.025001440836433075
234 188 2 0.58163708267197345 0.026238200412651791
236 188 3 0.55762869445268903 0.026549799613553415
237 188 3 0.53107889483913562 0.026622312795100744
238 188 3 0.50445658204403487 0.026622312795100744
239 188 3 0.47822423420338683 0.02623234784064804
240 188 3 0.45244520364423046 0.025779030559156368
241 188 3 0.42710754820410568 0.025337655440124784
242 188 3 0.4021906910765804 0.024916857127525283
243 188 3 0.3776784284041611 0.024512262672419294
244 188 3 0.35356073730537002 0.024117691098791083
245 188 3 0.32983383330686633 0.02372690399850369
246 188 3 0.30650090510779227 0.023332928199074066
247 188 3 0.28357454951043137 0.022926355597360892
248 188 3 0.26108170273485171 0.022492846775579667
249 188 3 0.23907115717428562 0.022010545560566086
250 188 3 0.21761988483958009 0.021451272334705535
251 188 3 0.19681998021163175 0.02079990462794834
252 188 3 0.17668420788911621 0.020135772322515538
253 188 3 0.15679197438279774 0.021605971194083112
254 188 2 0.13518600318871463 0.020762711224469002
104 189 3 0.13966679010782737 0.020645079850438175
105 189 3 0.16031186995826555 0.020879204920666805
106 189 3 0.18119107487893235 0.02114215627298463
107 189 3 0.20233323115191698 0.021428830302150426
108 189 3 0.22376206145406741 0.021735937672786365
109 189 3 0.24549799912685377 0.022059068965106399
110 189 3 0.26755706809196017 0.02239359176448108
111 189 3 0.28995065985644125 0.022735385181696099
112 189 3 0.31268604503813735 0.023080990431538162
113 189 3 0.33576703546967551 0.023427351472735669
114 189 3 0.35919438694241118 0.023771241436739976
115 189 3 0.38296562837915116 0.024108261017611765
116 189 3 0.40707388939676292 0.0244309320191618
117 189 3 0.43150482141592472 0.02472457547793333
118 189 3 0.45622939689385805 0.024957514778721268
119 189 3 0.48118691167257932 0.025056910023167345
120 189 3 0.50624382169574667 0.025056910023167345
121 189 3 0.53109681696718558 0.024852995271438916
122 189 3 0.55509238695149143 0.023995569984305853
123 189 3 0.57730163784962063 0.023210776398011834
236 189 3 0.55316907006595439 0.028468012606019055
237 189 3 0.52613319702893824 0.027035873037016156
238 189 3 0.49961941975061591 0.026513777278322326
239 189 3 0.47354337045231137 0.026076049298304538
240 189 3 0.44789213165314473 0.025651238799166642
241 189 3 0.42264970623810527 0.02524242541503946
242 189 3 0.39779930683552817 0.024850399402577106
243 189 3 0.37332705103756642 0.024472255797961751
244 189 3 0.34922279612130236 0.024104254916264056
245 189 3 0.32548011537934912 0.023742680741953237
246 189 3 0.30209691721939391 0.02338319815995521
247 189 3 0.27907813627876493 0.02301878094062898
248 189 3 0.25644284884780033 0.022635287430964601
249 189 3 0.23424004133780654 0.022202807509993788
250 189 3 0.21257876347379306 0.021661277864013478
251 189 3 0.19167120386003056 0.020907559613762505
252 189 3 0.17183829191017569 0.01983291194985487
253 189 3 0.15326139955302193 0.018576892357153763
104 190 3 0.13882021205319195 0.020012774847993159
105 190 3 0.15883298690118511 0.020382730066374616
106 190 3 0.17921571696755972 0.020737699612773164
107 190 3 0.19995341658033289 0.021094875102321664
108 190 3 0.22104829168265455 0.021458053317868181
109 190 3 0.24250634500052273 0.02182568455405029
110 190 3 0.26433202955457302 0.022195196582437127
111 190 3 0.28652722613701015 0.022564260589975238
112 190 3 0.30909148672698539 0.022930899804387006
113 190 3 0.33202238653137239 0.023293142179723947
114 190 3 0.35531552871109634 0.023648359186108969
115 190 3 0.37896388789720531 0.023992173463303235
116 190 3 0.40295606136050854 0.024316582702913536
117 190 3 0.42727264406342208 0.024606652955742658
118 190 3 0.45187929701916474 0.0248349713025795
119 190 3 0.47671426832174424 0.024954323893098485
120 190 3 0.50166859221484272 0.024954323893098485
121 190 3 0.52656602195019897 0.024897429735356247
122 190 3 0.55119216463720355 0.024626142687004582
123 190 3 0.57554850573495908 0.024963908512673383
232 190 2 0.59901833968321994 0.026965650987140211
234 190 2 0.57289653641068594 0.028338534650292901
236 190 3 0.54717051132369066 0.026604778951739183
237 190 3 0.52056573237195147 0.026604778951739183
238 190 3 0.49425184139866918 0.026313890973282295
239 190 3 0.46835187210008483 0.025899969298584347
240 190 3 0.44285116997113932 0.025500702128945507
241 190 3 0.41772739725626334 0.02512377271487598
242 190 3 0.39296386471858941 0.024763532537673938
243 190 3 0.36854817985467808 0.024415684863911324
244 190 3 0.3444701059807786 0.024078073873899486
245 190 3 0.32071995631117345 0.023750149669605147
246 190 3 0.29728766799109052 0.023432288320082928
247 190 3 0.27416339641004261 0.023124271581047906
248 190 3 0.25134258416271249 0.022820812247330124
249 190 3 0.2288442454762396 0.022498338686472885
250 190 3 0.20676640370880234 0.022077841767437267
251 190 3 0.18543568449036665 0.021330719218435684
252 190 3 0.16572939702102249 0.019706287469344164
253 190 3 0.14922716917820464 0.016502227842817851
254 190 2 0.13359985225726212 0.019176560293016495
104 191 3 0.13758489212861824 0.01939584327489427
105 191 3 0.15698073540351251 0.019895955548846878
106 191 3 0.17687669095235939 0.020325649472269197
107 191 3 0.19720234042462859 0.020749426816468797
108 191 3 0.21795176724109738 0.021170121352309224
109 191 3 0.23912188859340661 0.021584719626354887
110 191 3 0.26070660821976149 0.021991444380768332
111 191 3 0.28269805260052983 0.022389650893634871
112 191 3 0.3050877034941647 0.022779192261614234
113 191 3 0.32786689575577893 0.023159842183324009
114 191 3 0.35102673793910294 0.023530663526481255
115 191 3 0.37455740146558419 0.023889178169106962
116 191 3 0.39844657963469116 0.024230168515675443
117 191 3 0.4226767481503666 0.024543996923517497
118 191 3 0.4472207450738841 0.024814843388398899
119 191 3 0.472035588462283 0.025021398801741535
120 191 3 0.49705698726402453 0.025149682894860692
121 191 3 0.52220667015888522 0.025248724292768476
122 191 3 0.5474553944516537 0.025619625005900648
123 191 3 0.57307501945755435 0.027437394790078118
236 191 3 0.54194549219709554 0.030951044213590406
237 191 3 0.51460917481141732 0.02733631738567821
238 191 3 0.48837906590643065 0.026230108904986671
239 191 3 0.46267664771109923 0.025702418195331422
240 191 3 0.43735552706120612 0.025321120649893114
241 191 3 0.41237369915294364 0.024981827908262477
242 191 3 0.38771592856052306 0.02465777059242058
243 191 3 0.36337345637288077 0.024342472187642294
244 191 3 0.33933756008634264 0.024035896286538128
245 191 3 0.31559622088954586 0.023741339196796774
246 191 3 0.29213081254819867 0.023465408341347194
247 191 3 0.26891164440142062 0.023219168146778046
248 191 3 0.24589224173709734 0.023019402664323285
249 191 3 0.22300620385604566 0.022886037881051674
250 191 3 0.20019090898984054 0.022815294866205121
251 191 3 0.17756525385885349 0.022625655130987049
252 191 3 0.15641106548320802 0.021154188375645477
253 191 3 0.14431691476372757 0.012094150719480445
0 192 0 0.012032183285063754 0.0010263584037527446
8 192 0 0.013058541688816499 0.0020847154619638153
16 192 0 0.015143257150780314 0.0032052252558925267
24 192 0 0.018348482406672841 0.0044144031309044894
32 192 0 0.02276288553757733 0.0057334380782879425
40 192 0 0.028496323615865272 0.007176680479213611
48 192 0 0.035673004095078883 0.0087503993629517232
56 192 0 0.044423403458030607 0.010451945534734594
64 192 0 0.054875348992765201 0.012269383414221409
72 192 0 0.06714473240698661 0.014180033306382595
80 192 0 0.081324765713369204 0.016132282177906382
88 192 0 0.097457047891275586 0.017895016568527322
96 192 0 0.11535206445980291 0.018007523440818143
104 192 3 0.13534276043508758 0.019990695975284675
105 192 3 0.15462543926644245 0.019474442948481302
106 192 3 0.17409988221492376 0.01991423765273187
107 192 3 0.19401411986765563 0.020401662769633483
108 192 3 0.21441578263728911 0.02088276777877407
109 192 3 0.23529855041606318 0.021345992917591428
110 192 3 0.25664454333365461 0.021790460056808458
111 192 3 0.27843500339046307 0.022217843476062982
112 192 3 0.30065284686652605 0.022630403418474276
113 192 3 0.32328325028500032 0.02303029084219782
114 192 3 0.34631354112719814 0.02341909044131435
115 192 3 0.36973263156851249 0.023797422492806086
116 192 3 0.39353005406131858 0.024164536087739719
117 192 3 0.4176945901490583 0.024517854771533509
118 192 3 0.44221244492059181 0.024852462396302843
119 192 3 0.46706490731689465 0.025160142292759868
120 192 3 0.49222504960965452 0.025424538538814212
121 192 3 0.51764958814846873 0.025592776949243112
122 192 3 0.54324236509771184 0.025592776949243112
123 192 3 0.56867163376307028 0.02542926866535844
124 192 1 0.59250238166585378 0.028780936608331809
128 192 0 0.62060915918944892 0.026998817544066078
136 192 0 0.64507315301090062 0.024463993821451702
144 192 0 0.66526738810067765 0.020194235089777024
152 192 0 0.68128373204385728 0.016016343943179634
160 192 0 0.69283467248757424 0.012134012020951657
168 192 0 0.69972127340322166 0.012096125782103617
176 192 0 0.70183919807091277 0.012065151324682888
184 192 0 0.69916530102355312 0.012032427433860793
192 192 0 0.69175273614568655 0.012011954378602807
200 192 0 0.67974078176708375 0.016362438921391109
208 192 0 0.66337834284569264 0.020333338987306271
216 192 0 0.64304500385838637 0.024165821821981681
224 192 0 0.61887918203640468 0.026613528091799177
232 192 2 0.59573473343337435 0.023144448603030332
234 192 3 0.57444026125706005 0.021294472176314305
235 192 3 0.55740922525094483 0.024407316745401308
236 192 3 0.53300190850554352 0.02555213611868512
237 192 3 0.5074497723868584 0.025560902594211565
238 192 3 0.48188886979264683 0.025560902594211565
239 192 3 0.45653715937762751 0.025351710415019324
240 192 3 0.43144428361056486 0.02509287576706265
241 192 3 0.40662620017018408 0.024818083440380778
242 192 3 0.38208942381188599 0.024536776358298096
243 192 3 0.35783527113452235 0.024254152677363638
244 192 3 0.33385986833516496 0.023975402799357393
245 192 3 0.31015217836328385 0.023707689971881107
246 192 3 0.28668947300596964 0.023462705357314206
247 192 3 0.26342794245646217 0.02326153054950747
248 192 3 0.24028234827951281 0.023205161507624056
249 192 3 0.21707718677188875 0.023665719362657739
250 192 3 0.19341146740923101 0.025196552091235003
251 192 3 0.16821491531799601 0.030185184776282376
252 192 1 0.13802973054171364 0.024816326389160814
256 192 0 0.11348299438982151 0.022450136550494992
264 192 0 0.094966365307141712 0.0185166290826798
272 192 0 0.078888018259400408 0.016078347047741304
280 192 0 0.064877828733531845 0.014010189525868563
288 192 0 0.052775517983317838 0.012102310750214007
296 192 0 0.042445390749677674 0.010330127233640164
304 192 0 0.033741400731504174 0.0087039900181734992
312 192 0 0.02650491200986644 0.0072364887216377349
320 192 0 0.020569738318166678 0.0059351736916997619
328 192 0 0.015768397057664609 0.0048013412605020685
336 192 0 0.011937887072485373 0.0038305099851792361
344 192 0 0.0089244246787861612 0.0030134623936992119
352 192 0 0.0065869463654566716 0.0023374783133294896
360 192 0 0.0047993646897844036 0.001787581675672268
368 192 0 0.0034516735285093705 0.0013476911612750331
376 192 0 0.0024500692653141951 0.0010016042631951754
384 192 0 0.0017162934056799209 0.00073377585963427423
392 192 0 0.0011864140058756654 0.00052987939980425548
400 192 0 0.00080925342950804091 0.0003771605763676245
408 192 0 0.00054464448448539749 0.00026460894502264342
416 192 0 0.00036166233210397356 0.00018298215238142393
424 192 0 0.00023694150046381471 0.00012472083164015885
432 192 0 0.00015315053053093695 8.3790969932877758e-05
440 192 0 9.7664471114986654e-05 5.5486059415950299e-05
448 192 0 6.1449435148260362e-05 3.6215035966726293e-05
456 192 0 3.8154323541784517e-05 2.3295111606475844e-05
464 192 0 2.3392280714455965e-05 1.4762042827328552e-05
472 192 0 1.4187545468547605e-05 9.2047352459083598e-06
480 192 0 8.5608995788479219e-06 5.6266458896996835e-06
488 192 0 5.2276559723194711e-06 3.3332436065284508e-06
496 192 0 3.3849624224396728e-06 1.8426935498797982e-06
504 192 0 2.5692440946031886e-06 8.1571832783648418e-07
104 193 3 0.13381130404067237 0.018459239580869466
105 193 3 0.1520760567841126 0.018799856585937552
106 193 3 0.17087591337005015 0.019450026689349226
107 193 3 0.19032594005939937 0.020054912853533752
108 193 3 0.21038085291293313 0.020607852918412217
109 193 3 0.23098870583134534 0.021120452874197504
110 193 3 0.25210915870554285 0.021600863162782924
111 193 3 0.27371002186832577 0.022055043083402837
112 193 3 0.29576506495172861 0.022488354700929081
113 193 3 0.31825341965265769 0.022905782670700814
114 193 3 0.3411592023233585 0.023311831274520578
115 193 3 0.36447103359787908 0.023710625819413023
116 193 3 0.3881816594172921 0.024106336666377681
117 193 3 0.41228799608366978 0.024503963402411288
118 193 3 0.43679195948608107 0.024910455890173988
119 193 3 0.46170241537625506 0.025335530837249376
120 193 3 0.48703794621350444 0.025788840063261598
121 193 3 0.51282678627676603 0.02626181712411324
122 193 3 0.53908860340087927 0.02666720741656714
123 193 3 0.56575581081744641 0.026746570848407369
234 193 3 0.57160814798815773 0.02412658544521662
235 193 3 0.54919028222363686 0.024088619289410862
236 193 3 0.525101662934226 0.024897277493706294
237 193 3 0.50020438544051971 0.025102925804373843
238 193 3 0.47510145963614586 0.025102925804373843
239 193 3 0.4500574845416363 0.025043975094509563
240 193 3 0.42518349324491866 0.024873991296717635
241 193 3 0.40052915931669558 0.024654333928223082
242 193 3 0.37611850070363811 0.024410658613057468
243 193 3 0.3519629009136912 0.024155599789946913
244 193 3 0.32806530821192798 0.023897592701763226
245 193 3 0.3044201976194047 0.023645110592523277
246 193 3 0.2810101348165055 0.023410062802899201
247 193 3 0.25779754879918554 0.023212586017319958
248 193 3 0.23470729570010432 0.023117260312996268
249 193 3 0.21159003538710805 0.023439725917254101
250 193 3 0.18815030946985395 0.024303120814353263
251 193 3 0.16384718865550069 0.025817458113787051
104 194 3 0.13247738885084787 0.017125324391044958
105 194 3 0.14898991104554443 0.018005338482624755
106 194 3 0.16699524952816919 0.019026053874900056
107 194 3 0.18602130340306924 0.019754895366166536
108 194 3 0.20577619876923578 0.020367910554266816
109 194 3 0.2261441093235026 0.02092159179658773
110 194 3 0.24706570112009033 0.021431851565122645
111 194 3 0.26849755268521297 0.021907338722798708
112 194 3 0.29040489140801168 0.022356295946921401
113 194 3 0.31276118735493308 0.022786643271012708
114 194 3 0.33554783062594579 0.023205702008523399
115 194 3 0.35875353263446919 0.023620677408046797
116 194 3 0.38237421004251598 0.024039875854594606
117 194 3 0.40641408589711059 0.024474750633310893
118 194 3 0.43088883653042148 0.024943299241415529
119 194 3 0.45583213577183701 0.025476000967497248
120 194 3 0.48130813673933426 0.026126666261849563
121 194 3 0.50743480300118382 0.026991508704588663
122 194 3 0.53442631170577248 0.028224128574210527
123 194 3 0.56265044027998301 0.029851941385870773
232 194 2 0.59154513770313266 0.027334044333272023
234 194 3 0.56695565936364356 0.024589478339489101
235 194 3 0.54253634598755773 0.024625670427120161
236 194 3 0.51791067556043757 0.024838871946786967
237 194 3 0.49307180361365061 0.024902940599066392
238 194 3 0.46816886301458421 0.024902940599066392
239 194 3 0.44332817793667201 0.024840685077912206
240 194 3 0.41862993588620889 0.024698242050463115
241 194 3 0.39412180883207204 0.024508127054136852
242 194 3 0.36983228989859501 0.024289518933477028
243 194 3 0.3457786268149603 0.024053663083634713
244 194 3 0.32197062664582732 0.023808000169132981
245 194 3 0.29841171353085616 0.023558913114971158
246 194 3 0.27509797844058331 0.023313735090272847
247 194 3 0.252015534633168 0.023082443807415309
248 194 3 0.22913597522610438 0.022879559407063627
249 194 3 0.20640808387116072 0.022727891354943658
250 194 3 0.18374136297759969 0.022752452424527891
251 194 3 0.1609889105530718 0.02295918001135816
104 195 3 0.13175967885038883 0.016407614390585926
105 195 3 0.14441009377092637 0.017678263713200942
106 195 3 0.16208835748412731 0.018889021363270614
107 195 3 0.18097737884739792 0.019565570627125384
108 195 3 0.20054294947452331 0.020181999021948699
109 195 3 0.22072494849647201 0.020760695271543533
110 195 3 0.24148564376801554 0.021292013474250554
111 195 3 0.26277765724226609 0.021780432390577753
112 195 3 0.28455808963284385 0.022236989634668303
113 195 3 0.30679507926751215 0.022672814646182649
114 195 3 0.3294678939136948 0.023097561220501883
115 195 3 0.35256545513419668 0.023520295476927022
116 195 3 0.3760857506111237 0.023951411895403896
117 195 3 0.4000371625065276 0.024405417147433939
118 195 3 0.42444257965396154 0.024905414055626629
119 195 3 0.44934799370958817 0.025491787092438767
120 195 3 0.47483978080202693 0.026243419180577598
121 195 3 0.50108319998260453 0.02734629495484231
122 195 3 0.52842949493744684 0.02937840043214146
123 195 3 0.5578078953695883 0.034694486296265481
234 195 3 0.56202257642161868 0.029522561281513982
235 195 3 0.53598477332035521 0.026037803101263468
236 195 3 0.51083538378809112 0.025149389532264088
237 195 3 0.48591232505987791 0.02492305872821321
238 195 3 0.46108959918375936 0.024822725876118557
239 195 3 0.43637854965127942 0.024711049532479934
240 195 3 0.41181487561755842 0.024563674033721006
241 195 3 0.38743089769710271 0.024383977920455713
242 195 3 0.36325164274787181 0.024179254949230899
243 195 3 0.33929641296720192 0.023955229780669884
244 195 3 0.31558081342262589 0.023715599544576027
245 195 3 0.29211816623853676 0.023462647184089136
246 195 3 0.26892073275886752 0.023197433479669238
247 195 3 0.24600285606951144 0.022917876689356076
248 195 3 0.2233911625017751 0.022611693567736346
249 195 3 0.20114904407474077 0.02224211842703433
250 195 3 0.17940811012198304 0.021740933952757724
251 195 3 0.15833321319692936 0.021074896925053682
104 196 2 0.13480276531364288 0.019450700853839972
106 196 3 0.15596647401183875 0.021163708698195866
107 196 3 0.17524777540557276 0.019431284638933927
108 196 3 0.19467906004450669 0.02002856705297143
109 196 3 0.21470762709747812 0.020641763873955027
110 196 3 0.23534939097143315 0.021189514054314407
111 196 3 0.25653890502574755 0.021679690899499782
112 196 3 0.27821859592524734 0.022132591129766455
113 196 3 0.30035118705501379 0.022564118179321857
114 196 3 0.32291530523433565 0.022985367855123395
115 196 3 0.34590067308945904 0.0234053487523328
116 196 3 0.36930602184179184 0.023833756897519098
117 196 3 0.39313977873931094 0.024283664579645925
118 196 3 0.41742344331895687 0.024774588363467076
119 196 3 0.44219803168242394 0.025335590449260592
120 196 3 0.46753362213168453 0.026002002129281165
121 196 3 0.4935356242609657 0.026764630235508624
122 196 3 0.52030025449647432 0.027240930284209486
123 196 3 0.54754118478068381 0.027240930284209486
124 196 2 0.5723610432646028 0.028795359322110192
126 196 2 0.59421996018196288 0.026389199007486042
232 196 3 0.59549691465693089 0.023382267379473798
233 196 3 0.57772282294164934 0.024227216926974382
234 196 3 0.55349560601467496 0.025053086307325612
235 196 3 0.52844251970734935 0.025053086307325612
236 196 3 0.50343811867044885 0.025004401036900492
237 196 3 0.47856343289995235 0.024874685770496507
238 196 3 0.45381610970930364 0.024747323190648707
239 196 3 0.42920549420382248 0.024610615505481159
240 196 3 0.40475052149346397 0.024454972710358513
241 196 3 0.38047206705568881 0.024278454437775154
242 196 3 0.35639011532122794 0.024081951734460871
243 196 3 0.33252398988091886 0.023866125440309083
244 196 3 0.30889367506122489 0.023630314819693965
245 196 3 0.28552116486431933 0.02337251019690556
246 196 3 0.26243174483293114 0.023089420031388197
247 196 3 0.2396577822009946 0.02277396263193654
248 196 3 0.21725644672570968 0.022401335475284917
249 196 3 0.19537427030028781 0.021882176425421868
250 196 3 0.17439990872107267 0.020974361579215145
251 196 3 0.15490264444848603 0.021066113109566686
252 196 1 0.13383653133891935 0.020901307198161662
106 197 3 0.15172435802312748 0.017636196229133844
107 197 3 0.16936055425226132 0.018844654688984941
108 197 3 0.18820520894124626 0.019854010267125077
109 197 3 0.20805921920837134 0.020582899387282666
110 197 3 0.228642118595654 0.021139056250646299
111 197 3 0.2497811748463003 0.021610557587668555
112 197 3 0.27139173243396886 0.022043770667478535
113 197 3 0.29343550310144739 0.022459783144770373
114 197 3 0.31589528624621777 0.022868409548862767
115 197 3 0.33876369579508053 0.023275823965022924
116 197 3 0.36203951976010346 0.023688332599612061
117 197 3 0.38572785235971552 0.024114501911360442
118 197 3 0.40984235427107596 0.02456715570639284
119 197 3 0.4344095099774688 0.025067302789840373
120 197 3 0.45947681276730917 0.025657507052245232
121 197 3 0.4851343198195544 0.026462226841873548
122 197 3 0.51159654666142795 0.027993636442873449
123 197 3 0.5395901831043014 0.032770860160301396
232 197 3 0.59372256054685346 0.025156621489551223
233 197 3 0.57024036508422549 0.024552741987764803
234 197 3 0.54568762309646068 0.024936322534393707
235 197 3 0.52075130056206698 0.024936322534393707
236 197 3 0.49581744377748627 0.02493385678458071
237 197 3 0.47100003166594251 0.024817412111543757
238 197 3 0.44632527646515846 0.024674755200784049
239 197 3 0.42180262973697674 0.024522646728181718
240 197 3 0.39744190671716545 0.024360723019811292
241 197 3 0.37325536319229724 0.024186543524868209
242 197 3 0.34925770523926586 0.023997657953031382
243 197 3 0.32546695073855592 0.023790754500709943
244 197 3 0.30190610865362927 0.023560842084926648
245 197 3 0.27860455681169649 0.023301551841932777
246 197 3 0.25559680777707539 0.023007749034621106
247 197 3 0.23291552325700893 0.022681284520066458
248 197 3 0.2105838415812803 0.022331681675728632
249 197 3 0.18867863438547081 0.02190520719580949
250 197 3 0.16790700002603373 0.020771634359437074
251 197 3 0.15303835777354491 0.019201826434625563
104 198 2 0.13194002020034298 0.016587955740540075
106 198 3 0.14676610596471842 0.015492671089851945
107 198 3 0.16225877705457037 0.018452237306420011
108 198 3 0.18071101436099038 0.019954757153969715
109 198 3 0.2006657715149601 0.020691405103355348
110 198 3 0.22135717661831544 0.021167737755387939
111 198 3 0.24252491437370338 0.021574064410157356
112 198 3 0.26409897878386074 0.021966381040466831
113 198 3 0.28606535982432757 0.022356947586019804
114 198 3 0.30842230741034737 0.022746662083062696
115 198 3 0.33116896949341007 0.023135089940127862
116 198 3 0.35430405943353793 0.023523017763850351
117 198 3 0.37782707719738828 0.023912506837908909
118 198 3 0.40173958403529719 0.024305757181149634
119 198 3 0.42604534121644683 0.024702348573969191
120 198 3 0.45074768979041602 0.025091726885979493
121 198 3 0.47583941667639551 0.025426147591828374
122 198 3 0.50126556426822388 0.025493134190699651
123 198 3 0.52675869845892354 0.025493134190699651
124 198 3 0.55096885534260553 0.024210156883681999
125 198 3 0.56644808007054215 0.017549160656732621
126 198 3 0.58399724072727477 0.017549160656732621
127 198 3 0.59787566252956093 0.022733496659887997
232 198 3 0.59015629241707213 0.028722889619332559
233 198 3 0.56371715778656761 0.026439134630504513
234 198 3 0.5381583965733947 0.025558761213172909
235 198 3 0.51295936163360245 0.025199034939792253
236 198 3 0.4879886363937152 0.024970725239887248
237 198 3 0.46320881751228565 0.024779818881429549
238 198 3 0.43860366876586898 0.024605148746416672
239 198 3 0.41416562086360348 0.024438047902265503
240 198 3 0.38989328923865807 0.024272331624945409
241 198 3 0.36579029656189593 0.024102992676762136
242 198 3 0.34186520472775278 0.023925091834143153
243 198 3 0.31813304146139232 0.023732163266360462
244 198 3 0.29461845613096377 0.02351458533042855
245 198 3 0.27135943641895865 0.023259019712005113
246 198 3 0.24840669808476021 0.022952738334198447
247 198 3 0.22580086090536095 0.022605837179399263
248 198 3 0.20346776869598807 0.022629649472985208
249 198 3 0.18083811922300286 0.0253329432598563
250 198 2 0.15550517596314656 0.022759697835965154
106 199 3 0.14114103388941737 0.011052155372070521
107 199 3 0.15219318926148789 0.019512079278123401
108 199 3 0.17170526853961129 0.020816189308276167
109 199 3 0.19252145784788746 0.021054838442395946
110 199 3 0.21357629629028341 0.02126090415146048
111 199 3 0.23483720044174389 0.021545945109565035
112 199 3 0.25638314555130892 0.021884994260267743
113 199 3 0.27826813981157666 0.022249106562474696
114 199 3 0.30051724637405136 0.02262023406989172
115 199 3 0.32313748044394308 0.022988779807172288
116 199 3 0.34612626025111537 0.023349957097187568
117 199 3 0.36947621734830294 0.023700457451654333
118 199 3 0.39317667479995727 0.024034615502785406
119 199 3 0.41721129030274268 0.024338095798256909
120 199 3 0.44154938610099959 0.024574285465717882
121 199 3 0.46612367156671747 0.024650791302397057
122 199 3 0.49077446286911452 0.024650791302397057
123 199 3 0.51511032635472764 0.024335863485613118
124 199 3 0.53820133843134388 0.023091012076616235
125 199 3 0.55835482878221832 0.020153490350874437
126 199 3 0.57733026701228751 0.018975438230069197
127 199 3 0.59255762360616027 0.028051535583288656
232 199 3 0.58418972166297356 0.034689460373431125
233 199 3 0.55620400077733068 0.027985720885642884
234 199 3 0.53016660389638082 0.026037396880949859
235 199 3 0.50484291162509876 0.025323692271282061
236 199 3 0.47987929614503411 0.024963615480064649
237 199 3 0.4551598274024059 0.024719468742628203
238 199 3 0.43063832472803021 0.024521502674375695
239 199 3 0.4062926817224875 0.024345643005542705
240 199 3 0.38211149140888173 0.024181190313605772
241 199 3 0.35808980995190387 0.024021681456977861
242 199 3 0.33422852576750989 0.023861284184393983
243 199 3 0.31053651624834627 0.023692009519163615
244 199 3 0.28703634763615921 0.023500168612187067
245 199 3 0.26377521738387222 0.023261130252286988
246 199 3 0.24084285487289778 0.022932362510974441
247 199 3 0.21839250690425135 0.022450347968646422
248 199 3 0.19663311161371438 0.02175939529053697
249 199 3 0.17569162837522059 0.020941483238493791
0 200 0 0.011609480639939284 0.00099038282386380502
8 200 0 0.012599863463803089 0.0020116237124180938
16 200 0 0.014611487176221183 0.0030928225233268457
24 200 0 0.017704309699548029 0.0042596297031996001
32 200 0 0.021963939402747629 0.0055327017916525952
40 200 0 0.027496641194400224 0.0069264094407271957
48 200 0 0.03442305063512742 0.0084479408881600743
56 200 0 0.042870991523287494 0.010096961465351439
64 200 0 0.052967952988638933 0.011865809793843204
72 200 0 0.064833762782482138 0.013739060520889815
80 200 0 0.078572823303371953 0.015686660001042907
88 200 0 0.094259483304414859 0.017633638686406272
96 200 0 0.11189312199082113 0.019412993426503267
104 200 1 0.13366605411618401 0.021772932125362882
108 200 3 0.16138872941063537 0.027722675294451354
109 200 3 0.18412640445996245 0.022737675049327083
110 200 3 0.20557178057549821 0.021445376115535764
111 200 3 0.22684133335995527 0.021458191410364202
112 200 3 0.24829952477031947 0.021772820768202583
113 200 3 0.27007234553852205 0.022128423311857048
114 200 3 0.2922007688503791 0.022490455933090847
115 200 3 0.31469122478346995 0.022843802440557837
116 200 3 0.33753502722402778 0.023181436230793384
117 200 3 0.36071646345482117 0.023498514984784391
118 200 3 0.38421497843960556 0.023787822657610258
119 200 3 0.40800280109721582 0.024034719699757623
120 200 3 0.43203752079697344 0.024210047097009857
121 200 3 0.4562475678939833 0.0242603636935394
122 200 3 0.4805079315875227 0.0242603636935394
123 200 3 0.50461002270451361 0.024102091116990909
124 200 3 0.5282684610368541 0.023658438332340492
125 200 3 0.55133142208898156 0.023062961052127462
126 200 2 0.57429815091607583 0.026483488805917554
128 200 1 0.59840735475404927 0.025489609867124785
132 200 1 0.61536282298897915 0.017778590552102291
136 200 0 0.63314141354108144 0.021799489120721383
144 200 0 0.65297512020518322 0.01983370666410178
152 200 0 0.66908295386585603 0.016518772687806105
160 200 0 0.68070066046662259 0.016449562012353591
168 200 0 0.68762514762111804 0.016448905248837242
176 200 0 0.68977404674622989 0.016440076321443065
184 200 0 0.68713287358969233 0.01639980948939801
192 200 0 0.67974078176708375 0.016362438921391109
200 200 0 0.66770993767804265 0.016421046660981764
208 200 0 0.651288891017061 0.019976173989079138
216 200 0 0.63131271702798186 0.021674214931865721
224 200 1 0.61429265408466394 0.017020062943317926
228 200 2 0.60503945285945337 0.01383972917695131
230 200 2 0.59148789772498633 0.027391284311418351
232 200 3 0.57140443780455175 0.024769513228457551
233 200 3 0.54663492457609419 0.025274551527981193
234 200 3 0.521360373048113 0.025274551527981193
235 200 3 0.49627232152359529 0.025088051524517707
236 200 3 0.47143831763932736 0.02483400388426793
237 200 3 0.44683188314722266 0.024606434492104701
238 200 3 0.42242257976817038 0.024409303379052283
239 200 3 0.39818714420685097 0.024235435561319407
240 200 3 0.37410838590296891 0.024078758303882064
241 200 3 0.35017342625585585 0.023934959647113063
242 200 3 0.3263733228082723 0.023800103447583543
243 200 3 0.30270510000423761 0.023668222804034689
244 200 3 0.27917829229957597 0.023526807704661645
245 200 3 0.25583139350348899 0.023346898796086979
246 200 3 0.23277213737218266 0.023059256131306327
247 200 3 0.21027418352757019 0.022497953844612478
248 200 3 0.18896717970167312 0.021307003825897064
249 200 3 0.16978217513505525 0.020346382490544684
250 200 2 0.14943579264451057 0.020294330146723882
252 200 1 0.12914146249778669 0.020023024925672914
256 200 0 0.10911843757211377 0.018509409704578858
264 200 0 0.091715012847068844 0.017403424725044928
272 200 0 0.076223038787743017 0.015491974059325828
280 200 0 0.062676338557754757 0.013546700229988259
288 200 0 0.050976885468510001 0.011699453089244756
296 200 0 0.040995850606240107 0.0099810348622698941
304 200 0 0.032588690661741741 0.0084071599444983658
312 200 0 0.025599913123420946 0.0069887775383207958
320 200 0 0.019868025799154528 0.0057318873242664173
328 200 0 0.015230978011721224 0.0046370477874333044
336 200 0 0.01153133798630958 0.0036996400254116438
344 200 0 0.0086206649002657839 0.0029106730860437961
352 200 0 0.0063628063486423905 0.0022578585516233934
360 200 0 0.0046360490882813524 0.0017267572603610381
368 200 0 0.0033341835502885943 0.0013018655379927581
376 200 0 0.0023666269520023243 0.00096755659828626998
384 200 0 0.0016577961705413549 0.00070883078146096942
392 200 0 0.0011459374445913369 0.000511858725950018
400 200 0 0.00078161253759960274 0.00036432490699173418
408 200 0 0.00052601731355714719 0.00025559522404245555
416 200 0 0.00034927551313577152 0.00017674180042137567
424 200 0 0.00022881379385306878 0.00012046171928270275
432 200 0 0.00014788847322019013 8.0925320632878648e-05
440 200 0 9.4303097082782522e-05 5.3585376137407607e-05
448 200 0 5.9330739091004628e-05 3.4972357991777894e-05
456 200 0 3.6836405186939161e-05 2.2494333904065467e-05
464 200 0 2.2582748834756036e-05 1.4253656352183125e-05
472 200 0 1.3695604350863985e-05 8.8871444838920507e-06
480 200 0 8.2634503329849955e-06 5.4321540178789896e-06
488 200 0 5.0456217178814101e-06 3.2178286151035854e-06
496 200 0 3.2668247604590548e-06 1.7787969574223553e-06
504 200 0 2.4794201610434084e-06 7.874045994156464e-07
108 201 3 0.15605319402721468 0.022387139911030668
109 201 3 0.17701375163413199 0.020960557606917313
110 201 3 0.19772761279879109 0.020908197682311475
111 201 3 0.21863581048110256 0.021238846289270613
112 201 3 0.23987465677037317 0.021613982268223142
113 201 3 0.26148863903859632 0.021995516860278452
114 201 3 0.28348415589887477 0.022363468264963215
115 201 3 0.30584762416383798 0.022708542320214076
116 201 3 0.32855616648405206 0.023027379628518141
117 201 3 0.3515835461125702 0.02331816332798814
118 201 3 0.37490170944055834 0.023577178392639897
119 201 3 0.39847888783319824 0.02379658102084875
120 201 3 0.42227546885404699 0.023964436459148974
121 201 3 0.44623990531319596 0.024072124823028729
122 201 3 0.47031203013622469 0.02414733676996611
123 201 3 0.4944593669061908 0.024371441158600071
124 201 3 0.51883080806479087 0.025467094066544016
125 201 3 0.54429790213133489 0.030000248784740946
232 201 3 0.56319360769276183 0.028294290032224501
233 201 3 0.53746581520596381 0.025727792486798018
234 201 3 0.51226922971101907 0.025196585494944745
235 201 3 0.48735587808029035 0.024913351630728719
236 201 3 0.46268450028317692 0.024671377797113425
237 201 3 0.43822801051738736 0.024456489765789569
238 201 3 0.41396058542583475 0.024267425091552608
239 201 3 0.3898589127239242 0.024101672701910548
240 201 3 0.3659017831036368 0.023957129620287398
241 201 3 0.34206876194532299 0.023833021158313816
242 201 3 0.31833904706622185 0.023729714879101138
243 201 3 0.29469126720933336 0.023647779856888484
244 201 3 0.27110547281601199 0.023585794393321369
245 201 3 0.2475711630512932 0.023534309764718792
246 201 3 0.22411736172860461 0.023453801322688594
247 201 3 0.20094800751085506 0.023169354217749544
248 201 3 0.17916788018209126 0.021780127328763804
249 201 3 0.16502770379498136 0.015591911150470789
108 202 3 0.15214163747598877 0.018475583359804759
109 202 3 0.17013975647921933 0.019535929785061246
110 202 3 0.18967568626428058 0.020405085476085688
111 202 3 0.21008077174036627 0.020969472744108902
112 202 3 0.23105024448447517 0.021443097181400389
113 202 3 0.25249334166587556 0.021870437574996016
114 202 3 0.27436377924087157 0.022253497879842932
115 202 3 0.29661727712071451 0.022593561228072156
116 202 3 0.31921083834878666 0.022895328530039616
117 202 3 0.34210616687882628 0.023163449571118266
118 202 3 0.36526961644994455 0.023399941957738091
119 202 3 0.38866955840768264 0.023603721907724695
120 202 3 0.41227328031540733 0.023772676283542349
121 202 3 0.43604595659894968 0.023910013097831029
122 202 3 0.45995596969678071 0.024037317078689113
123 202 3 0.48399328677546982 0.024206460028066146
124 202 3 0.50819974680353597 0.02442699730151543
125 202 3 0.5326267441050514 0.02442699730151543
126 202 3 0.5566462101725248 0.024019466067473405
127 202 3 0.57450777146753418 0.023899583286515091
228 202 2 0.59501621283040607 0.020749849532133657
230 202 2 0.57426636329827241 0.026113935697987478
232 202 3 0.55230684658111151 0.024644001460170983
233 202 3 0.52766284512094053 0.024864009249268348
234 202 3 0.50279883587167218 0.024864009249268348
235 202 3 0.47810800349057159 0.024690832381100591
236 202 3 0.45363282949717793 0.024475173993393662
237 202 3 0.42935853894857517 0.02427429054860275
238 202 3 0.40526268109442759 0.024095857854147584
239 202 3 0.3813223084141299 0.023940372680297695
240 202 3 0.35751352624645016 0.023808782167679732
241 202 3 0.33380949110801877 0.02370403513843139
242 202 3 0.31017774760434186 0.023631743503676916
243 202 3 0.28657654316280878 0.023628121178316919
244 202 3 0.26294842198449186 0.023744606959647918
245 202 3 0.23920381502484395 0.024046176958435278
246 202 3 0.21515763806640867 0.024939508809588562
247 202 3 0.19021812925682011 0.028498319155501911
248 202 2 0.1617198101013182 0.024906942781351027
250 202 2 0.145687047062071 0.016545584564284316
108 203 3 0.14870596705863068 0.015039912942446665
109 203 3 0.16172171112988851 0.019021578762739022
110 203 3 0.18074328989262753 0.020201429770229984
111 203 3 0.20094471966285751 0.020785393379206818
112 203 3 0.22173011304206433 0.021312895062842757
113 203 3 0.24304300810490709 0.021783917426778876
114 203 3 0.26482692553168596 0.022180695582581067
115 203 3 0.28700762111426703 0.022510951002044699
116 203 3 0.30951857211631173 0.022790912587966949
117 203 3 0.33230948470427868 0.023034276635996942
118 203 3 0.35534376134027562 0.023249262098852586
119 203 3 0.37859302343912821 0.023439473498385766
120 203 3 0.40203249693751397 0.023606269390273771
121 203 3 0.42563876632778774 0.023751629288295606
122 203 3 0.44939039561608335 0.023879115935455941
123 203 3 0.47326951155153929 0.023983693876602152
124 203 3 0.49725320542814144 0.024008516915681621
125 203 3 0.52126172234382306 0.024008516915681621
126 203 3 0.54504443199814612 0.023782709654323053
127 203 3 0.56856690624801187 0.029840448506037398
232 203 3 0.54399800861945835 0.030268354678814058
233 203 3 0.51797981355607547 0.026018195063382876
234 203 3 0.49306174385930873 0.024918069696766743
235 203 3 0.46855744841985053 0.024504295439458201
236 203 3 0.4442996918482861 0.024257756571564426
237 203 3 0.42023643277125189 0.024063259077034216
238 203 3 0.39634141941965439 0.023895013351597494
239 203 3 0.37259252495885453 0.023748894460799863
240 203 3 0.34896517685830997 0.023627348100544565
241 203 3 0.32542879243455347 0.023536384423756496
242 203 3 0.30194295639031549 0.023491005034503465
243 203 3 0.27845195135581202 0.02357471147828627
244 203 3 0.25487723987752575 0.023763630317939349
245 203 3 0.2311136095595864 0.024040531164876061
246 203 3 0.20707307839471034 0.024040531164876061
247 203 3 0.18303537650851834 0.024037701886192003
104 204 1 0.12894617671846476 0.017053054727643624
108 204 2 0.14729379553864516 0.019634427597928716
110 204 3 0.17062206630944846 0.023328270770803294
111 204 3 0.19121047027117058 0.020652357241055908
112 204 3 0.21186282751222649 0.02123360744487332
113 204 3 0.23309643495709981 0.02176594560068934
114 204 3 0.25486238055778915 0.02216860874457699
115 204 3 0.27703098930236614 0.022472733620542751
116 204 3 0.29950372292290889 0.022717112959298402
117 204 3 0.32222083588220729 0.022927430763194478
118 204 3 0.34514826664540177 0.023117242307355346
119 204 3 0.36826550895275711 0.023292471041725882
120 204 3 0.391557979994483 0.023455079958910385
121 204 3 0.41501305995339338 0.023604857295686732
122 204 3 0.43861791724908011 0.023737524301497781
123 204 3 0.46235544155057789 0.023834352129163738
124 204 3 0.48618979367974163 0.023834352129163738
125 204 3 0.51002412016209708 0.02383432648235545
126 204 3 0.53359821786186634 0.023574097699769259
127 204 3 0.55619717734869933 0.022598959486832992
128 204 2 0.57492243582529112 0.023484918928758147
130 204 2 0.59075588786751976 0.016565137984221101
132 204 1 0.60732102585174086 0.025820387689340585
224 204 1 0.60498435010756824 0.026328366920413626
228 204 2 0.58599510573623448 0.019610180916330266
230 204 3 0.56951024364104741 0.016484862095187069
231 204 3 0.55440880834645501 0.023074168256275729
232 204 3 0.53133464009017928 0.024235500771069396
233 204 3 0.50709913931910988 0.02427921810317113
234 204 3 0.48281992121593875 0.02427921810317113
235 204 3 0.45867584670499362 0.024144074510945135
236 204 3 0.43469392873962831 0.023981917965365307
237 204 3 0.41087427712961072 0.023819651610017589
238 204 3 0.38720851017312452 0.023665766956486201
239 204 3 0.36368189768539055 0.023526612487733967
240 204 3 0.34027275969893406 0.023409137986456496
241 204 3 0.31695060433954936 0.0233221553593847
242 204 3 0.29367253598379656 0.023296131396551345
243 204 3 0.27037640458724521 0.023409938626698545
244 204 3 0.24696646596054667 0.023688479923422295
245 204 3 0.22327798603712437 0.024308360191208078
246 204 3 0.19896962584591629 0.025848955085654435
247 204 3 0.17312067076026186 0.030670167053822306
248 204 1 0.14245050370643955 0.023721226585027788
252 204 1 0.12611423205559863 0.016995794483484858
110 205 3 0.1632343799636993 0.018166201106539132
111 205 3 0.18140058107023843 0.019996642189810399
112 205 3 0.20139722326004883 0.021197690151387699
113 205 3 0.22259491341143653 0.021871960235667148
114 205 3 0.24446687364710368 0.022249258800560556
115 205 3 0.26671613244766423 0.022488373531450889
116 205 3 0.28920450597911512 0.022671415647442239
117 205 3 0.31187592162655736 0.022835070205647012
118 205 3 0.33471099183220437 0.022993728401383307
119 205 3 0.35770472023358768 0.023151959726172344
120 205 3 0.38085667995976002 0.023310545415525574
121 205 3 0.4041672253752856 0.023468974731425951
122 205 3 0.42763620010671155 0.023625511677960565
123 205 3 0.45126171178467211 0.023775574323935067
124 205 3 0.47503728610860718 0.023914046329018779
125 205 3 0.49895133243762596 0.024074168285334763
126 205 3 0.52302550072296072 0.024568036449390651
127 205 3 0.54759353717235137 0.027328898652939748
230 205 3 0.56325960599876101 0.022735499737473464
231 205 3 0.54241687443385 0.022685303345809538
232 205 3 0.51973157108804047 0.023564039052521912
233 205 3 0.49616753203551855 0.023812836222832257
234 205 3 0.4723546958126863 0.023812836222832257
235 205 3 0.4485501814468551 0.023804514365831198
236 205 3 0.42485029778477695 0.023699883662078147
237 205 3 0.40128889366098752 0.023561404123789431
238 205 3 0.37787331612836422 0.0234155775326233
239 205 3 0.35459683634119082 0.023276479787173399
240 205 3 0.33144253423440062 0.023154302106790203
241 205 3 0.30838360810933502 0.023058926125065604
242 205 3 0.28538154345480526 0.023002064654529752
243 205 3 0.26238211306809145 0.023074326767058506
244 205 3 0.23930778630103294 0.02326582138166311
245 205 3 0.21604196491936983 0.023649152908122001
246 205 3 0.19239281201124783 0.024372878687366928
247 205 3 0.1680199333238809 0.025569429617441353
108 206 2 0.13808587751237164 0.010478816482456965
110 206 3 0.15361667872856577 0.016134450459841077
111 206 3 0.16975112918840685 0.019965111507530969
112 206 3 0.18971624069593782 0.021683021083282461
113 206 3 0.21139926177922028 0.022269233111162939
114 206 3 0.23366849489038322 0.022462273254334419
115 206 3 0.25613076814471764 0.022554196682371741
116 206 3 0.27868496482708938 0.022639161489088067
117 206 3 0.30132412631617744 0.02274171197930519
118 206 3 0.32406583829548263 0.022864599392340534
119 206 3 0.34693043768782317 0.023005004643204152
120 206 3 0.36993544233102732 0.023160030737953363
121 206 3 0.39309547306898068 0.023328801391490184
122 206 3 0.41642427446047087 0.023513744504869483
123 206 3 0.43993801896534035 0.023722114755222179
124 206 3 0.46366013372056253 0.02396580377926627
125 206 3 0.4876259374998288 0.024234134901290283
126 206 3 0.51186007240111908 0.024263628359901035
127 206 3 0.53612370076102012 0.024263628359901035
128 206 2 0.55818090935703024 0.026740065495551302
130 206 2 0.58190575730233107 0.025415268549409786
228 206 2 0.57713319166123289 0.027851158446335345
230 206 3 0.55500675753776318 0.022843195867866872
231 206 3 0.53216356166989631 0.023254299091353459
232 206 3 0.50890926257854285 0.02351631147382327
233 206 3 0.48539295110471958 0.023597306483365887
234 206 3 0.4617956446213537 0.023597306483365887
235 206 3 0.43824064268771257 0.023555001933641129
236 206 3 0.41479517401250648 0.023445468675206083
237 206 3 0.39149085882376439 0.023304315188742097
238 206 3 0.36833834463060877 0.023152514193155616
239 206 3 0.34533502053933712 0.023003324091271649
240 206 3 0.32246842077270477 0.022866599766632356
241 206 3 0.29971727154896133 0.022751149223743439
242 206 3 0.2770514489773499 0.022665822571611427
243 206 3 0.25443225319268409 0.022619195784665813
244 206 3 0.23181615107102313 0.022645269708473692
245 206 3 0.20917088136254944 0.022645269708473692
246 206 3 0.18652747755467591 0.022643403807873524
247 206 3 0.16410982752275916 0.022417650031916758
110 207 3 0.14339344325908046 0.015786382229165785
111 207 3 0.15426493679072048 0.026657875760805805
112 207 3 0.17630607086798439 0.023294396588375788
113 207 3 0.19960046745636018 0.023294396588375788
114 207 3 0.22265433179900432 0.023053864342644143
115 207 3 0.24542486449607787 0.022770532697073548
116 207 3 0.26804593955811845 0.022621075062040585
117 207 3 0.29062932825944915 0.022622050098169755
118 207 3 0.3132513783576189 0.022711947100448826
119 207 3 0.33596332545806773 0.022837380377242089
120 207 3 0.35880070583530982 0.022989676847333829
121 207 3 0.38179038268264365 0.02316631142881026
122 207 3 0.40495669411145391 0.023372352688590892
123 207 3 0.4283290468000448 0.023627079819062313
124 207 3 0.45195612661910711 0.023986594586461574
125 207 3 0.47594272120556869 0.024626540713696188
126 207 3 0.50056926191926487 0.026188725042672889
127 207 3 0.52675798696193776 0.031422922395092479
230 207 3 0.54736340437849174 0.029769787282741156
231 207 3 0.52222010389122131 0.025143300487270426
232 207 3 0.49825384243637139 0.023966261454849924
233 207 3 0.47461043165801653 0.023643410778354856
234 207 3 0.45111156395666752 0.023498867701349013
235 207 3 0.42774503950976545 0.023366524446902071
236 207 3 0.4045285263404223 0.023216513169343145
237 207 3 0.38147677151406084 0.023051754826361459
238 207 3 0.35859600541215164 0.0228807661019092
239 207 3 0.33588433179716937 0.022711673614982275
240 207 3 0.31333269511440637 0.022551636682762999
241 207 3 0.29092539672715922 0.022407298387247143
242 207 3 0.26864043667325005 0.022284960053909175
243 207 3 0.24645090940860537 0.022189527264644682
244 207 3 0.22433118521632156 0.022119724192283807
245 207 3 0.2022813252054951 0.022049860010826455
246 207 3 0.18042566577246438 0.021855659433030722
247 207 3 0.15943648955896736 0.020989176213497024
0 208 0 0.011048882841390063 0.00094259090312150649
8 208 0 0.011991473744511569 0.0019144850111015854
16 208 0 0.013905958755613155 0.0029433180003914858
24 208 0 0.016849276756004641 0.0040534662918969774
32 208 0 0.020902743047901618 0.005264623795148804
40 208 0 0.026167366843050422 0.0065906778759147223
48 208 0 0.032758044718965144 0.0080390900531157744
56 208 0 0.040797134772080919 0.0096111539422588793
64 208 0 0.050408288714339798 0.011303989827272994
72 208 0 0.061712278541612792 0.013116971738554944
80 208 0 0.074829250280167736 0.015073288071484586
88 208 0 0.089902538351652322 0.017303683931530062
96 208 0 0.10720622228318238 0.020400838746732292
104 208 0 0.12760706102991468 0.022025654099088382
112 208 3 0.1616348607935128 0.034027799763598127
113 208 3 0.18802835906415749 0.026393498270644689
114 208 3 0.211903639882908 0.023875280818750511
115 208 3 0.23484260947167471 0.022938969588766706
116 208 3 0.25741287413995556 0.022570264668280854
117 208 3 0.27985822708211328 0.022445352942157715
118 208 3 0.30230344724680236 0.02251779587718189
119 208 3 0.32482124312398425 0.022636891162238271
120 208 3 0.34745813428622252 0.022788937357791916
121 208 3 0.37024707164401444 0.022968315583637933
122 208 3 0.39321538722765237 0.023176116748472531
123 208 3 0.4163915039761249 0.023421027516221715
124 208 3 0.43981253149234661 0.023720625576411636
125 208 3 0.46353315706875825 0.024090207459596613
126 208 3 0.48762336452835486 0.024434892025313348
127 208 3 0.51205825655366821 0.024434892025313348
128 208 3 0.53589555227535668 0.023837295721688467
129 208 3 0.5521486682418324 0.018758958781640356
130 208 2 0.57090762702347275 0.023081261073790271
132 208 1 0.59251105013140659 0.024102271923722829
136 208 0 0.61498432578354933 0.025992563182686945
144 208 0 0.63587792680798816 0.021125700483183518
152 208 0 0.65256418117804993 0.02004117380584125
160 208 0 0.664251098454269 0.020410471378573436
168 208 0 0.6711762423722808 0.020523350932608486
176 208 0 0.67333397042478682 0.02056011405125524
184 208 0 0.67073306410029432 0.020479138393369567
192 208 0 0.66337834284569264 0.020333338987306271
200 208 0 0.65128889101706089 0.019976173989079138
208 208 0 0.63425745336069561 0.021133988822019223
216 208 0 0.61312346453867639 0.025570246159090204
224 208 1 0.59084074228198924 0.026149234853377057
228 208 3 0.57367828551895628 0.017162456763032963
229 208 3 0.5581533949953591 0.023165082387096692
230 208 3 0.53498831260826241 0.023987333837164893
231 208 3 0.51100097877109751 0.023987333837164893
232 208 3 0.48718325393241502 0.023817724838682497
233 208 3 0.4635972740090864 0.023585979923328615
234 208 3 0.44021522599917334 0.023382048009913059
235 208 3 0.41702565341351733 0.023189572585656015
236 208 3 0.394029447297152 0.022996206116365325
237 208 3 0.37123007295154398 0.022799374345608026
238 208 3 0.34862895148208184 0.022601121469462138
239 208 3 0.32622393406154537 0.022405017420536466
240 208 3 0.30400886105870928 0.022215073002836094
241 208 3 0.28197327089961871 0.022035590159090568
242 208 3 0.26010189712368387 0.021871373775934844
243 208 3 0.23837345369253096 0.021728443431152905
244 208 3 0.2167558055775185 0.021617648115012461
245 208 3 0.19518275149637937 0.021734523784906423
246 208 3 0.17344822771147295 0.022691966592837093
247 208 3 0.15075626111863585 0.026932288644268693
248 208 0 0.12382397247436716 0.019604927940356648
256 208 0 0.10421904453401051 0.019604927940356648
264 208 0 0.087348148627689498 0.016870895906321015
272 208 0 0.072563920684550476 0.014784227943139022
280 208 0 0.059669800489035509 0.012894120195514967
288 208 0 0.048537434725899976 0.011132365763135532
296 208 0 0.039039284320336133 0.0094981504055638433
304 208 0 0.031037400939448383 0.0080018833808877497
312 208 0 0.024384165051001033 0.0066532358884473508
320 208 0 0.018926375361744095 0.0054577896892569373
328 208 0 0.014510258542511671 0.0044161168192324244
336 208 0 0.01098633033856908 0.0035239282039425911
344 208 0 0.0082135417551659987 0.002772788583403081
352 208 0 0.0060624314614456561 0.0021511102937203427
360 208 0 0.0044171989087170094 0.0016452325527286467
368 208 0 0.0031767450003132168 0.0012404539084037926
376 208 0 0.0022548127181109138 0.00092193228220230307
384 208 0 0.0015794077571524934 0.00067540496095842037
392 208 0 0.0010916963438982472 0.00048771141325424619
400 208 0 0.0007445712469794681 0.00034712509691877909
408 208 0 0.00050105471276039456 0.00024351653421907354
416 208 0 0.00033267541762014013 0.00016837929514025443
424 208 0 0.00021792135239041851 0.00011475406522972161
432 208 0 0.00014083638863135142 7.7084963759067095e-05
440 208 0 8.9798233181009139e-05 5.1038155450342277e-05
448 208 0 5.6491287251843078e-05 3.330694592916606e-05
456 208 0 3.5070149890790055e-05 2.1421137361053024e-05
464 208 0 2.1497832750137156e-05 1.3572317140652899e-05
472 208 0 1.3036323327999426e-05 8.4615094221377291e-06
480 208 0 7.8648263360173628e-06 5.1714969919820637e-06
488 208 0 4.8016753263448692e-06 3.0631510096724936e-06
496 208 0 3.1085110858057251e-06 1.6931642405391441e-06
504 208 0 2.3590516562313827e-06 7.4945942957434242e-07
112 209 3 0.15459399941753779 0.026986938387623116
113 209 3 0.17896364511650861 0.024369645698970821
114 209 3 0.20207221226342351 0.023108567146914893
115 209 3 0.22460602368318075 0.022533811419757244
116 209 3 0.24687578394041232 0.022269760257231569
117 209 3 0.26905244624361951 0.022189798601090993
118 209 3 0.29124224484471051 0.022271216162848273
119 209 3 0.31351346100755878 0.022397504577798433
120 209 3 0.33591096558535721 0.022554873603754633
121 209 3 0.35846583918911185 0.022735852011031399
122 209 3 0.38120169120014324 0.022936666782900461
123 209 3 0.40413835798304371 0.023154114485326838
124 209 3 0.42729247246837054 0.023378416270810332
125 209 3 0.45067088873918087 0.023572413946497561
126 209 3 0.47424330268567844 0.023616888205108877
127 209 3 0.49786019089078731 0.023616888205108877
128 209 3 0.5210921471664367 0.02323195627564939
129 209 3 0.54350406365753245 0.027403563365940298
228 209 3 0.56847363084417224 0.022367111437817
229 209 3 0.54670569746787245 0.023372215330777157
230 209 3 0.5233334821370953 0.023816910352773224
231 209 3 0.49951657178432207 0.023816910352773224
232 209 3 0.47579151762904437 0.023725054155277703
233 209 3 0.45229698741492191 0.023494530214122455
234 209 3 0.42904936420321654 0.02324762321170537
235 209 3 0.40604194640805041 0.02300741779516613
236 209 3 0.3832686207142616 0.022773325693788815
237 209 3 0.36072618777694077 0.022542432937320833
238 209 3 0.33841278436860239 0.022313403408338373
239 209 3 0.31632645009172639 0.022086334276876007
240 209 3 0.29446421357757691 0.02186223651414948
241 209 3 0.27282135557845244 0.021642857999124465
242 209 3 0.25139056138074767 0.021430794197704772
243 209 3 0.23016099894103942 0.021229562439708249
244 209 3 0.2091172529803664 0.021043745960673016
245 209 3 0.18823267243816158 0.020884580542204823
246 209 3 0.16742089241258371 0.021106008719550373
247 209 3 0.14631488369303333 0.022490911218666171
112 210 3 0.15016831600931385 0.022561254979399176
113 210 3 0.17115155607253899 0.021649510179639009
114 210 3 0.19280106625217799 0.021812069011875157
115 210 3 0.21461313526405315 0.021812069011875157
116 210 3 0.23640561880953553 0.021795934881175427
117 210 3 0.25820155369071096 0.021860282534926889
118 210 3 0.28006183622563785 0.021973924217775664
119 210 3 0.30203576044341351 0.02212115651440838
120 210 3 0.32415691695782189 0.022291272347237823
121 210 3 0.34644818930505972 0.022477570885098996
122 210 3 0.36892576019015871 0.022674544803458097
123 210 3 0.39160030499361681 0.022874246411858312
124 210 3 0.41447455140547512 0.023060346845393598
125 210 3 0.43753489825086872 0.023197924784280621
126 210 3 0.46073282303514934 0.023222056628019128
127 210 3 0.48395487966316847 0.023222056628019128
128 210 3 0.50701046949722572 0.023055589834057255
129 210 3 0.52976357964589382 0.022753110148668099
130 210 3 0.55234412249193687 0.02258054284604305
131 210 3 0.56953875333364312 0.02297229679776347
228 210 3 0.56255898878575494 0.028281753496234296
229 210 3 0.53675720679669359 0.025801781989061356
230 210 3 0.51202442730364583 0.024732779493047752
231 210 3 0.48784766005759345 0.024176767246052389
232 210 3 0.46408285281366529 0.023764807243928154
233 210 3 0.44066956931380097 0.023413283499864324
234 210 3 0.41756918388546282 0.023100385428338144
235 210 3 0.39475607827148057 0.022813105613982254
236 210 3 0.37221481029750386 0.022541267973976709
237 210 3 0.34993709426698033 0.022277716030523531
238 210 3 0.32791921600473861 0.022017878262241719
239 210 3 0.30616031747351286 0.021758898531225757
240 210 3 0.28466135287211985 0.021498964601393
241 210 3 0.26342419371521447 0.021237159156905383
242 210 3 0.24245040040322771 0.02097379331198676
243 210 3 0.22174066315311944 0.020709737250108273
244 210 3 0.20130294240350366 0.020437720749615779
245 210 3 0.18119862144770904 0.020104320955794619
246 210 3 0.16168200571160568 0.01951661573610336
247 210 3 0.14325808294623049 0.019434110471863331
112 211 3 0.14731969015553817 0.019712629125623493
113 211 3 0.16266678568268364 0.020688527183298111
114 211 3 0.18335531286598175 0.021266782520240779
115 211 3 0.20462209538622253 0.021286478678348902
116 211 3 0.22590857406457143 0.021348611266869127
117 211 3 0.24725718533144056 0.021475748532594902
118 211 3 0.26873293386403546 0.021637281188748247
119 211 3 0.29037021505278371 0.021816119435202896
120 211 3 0.31218633448798661 0.022005632248447093
121 211 3 0.3341919667364337 0.022202703696849957
122 211 3 0.35639467043328366 0.022403727476732083
123 211 3 0.37879839791001574 0.022601954555016623
124 211 3 0.40140035246503236 0.022784721651929629
125 211 3 0.42418507411696199 0.022930763383812003
126 211 3 0.44711583750077399 0.023011695686550593
127 211 3 0.47012753318732459 0.023011695686550593
128 211 3 0.49313668260190313 0.023009149414578545
129 211 3 0.51609506464663246 0.022964901101164559
130 211 3 0.53905996574779702 0.023221139702349403
131 211 3 0.56228110545014642 0.030229944681260168
228 211 3 0.55405512456556516 0.036785617716424079
229 211 3 0.52563725956412088 0.028417865001444276
230 211 3 0.50006341920484132 0.025573840359279565
231 211 3 0.47567721150177977 0.024386207703061547
232 211 3 0.45193934022558158 0.023737871276198197
233 211 3 0.42865208598394922 0.02328725424163236
234 211 3 0.40573062729033127 0.022921458693617947
235 211 3 0.38313326689171129 0.022597360398619981
236 211 3 0.36083825703635608 0.022295009855355208
237 211 3 0.33883481243691976 0.022003444599436317
238 211 3 0.3171190839672749 0.021715728469644868
239 211 3 0.29569235972694319 0.021426724240331707
240 211 3 0.27456041381313911 0.021131945913804073
241 211 3 0.25373293610955189 0.020827477703587227
242 211 3 0.23322092044911613 0.020512015660435756
243 211 3 0.21302843834069055 0.020192482108425586
244 211 3 0.19314067076364594 0.019887767577044607
245 211 3 0.17356751951839045 0.019573151245255493
246 211 3 0.15484613334383421 0.018721386174556237
247 211 3 0.14121193553454339 0.017387963060176231
112 212 2 0.14883638907996782 0.021229328050053148
114 212 3 0.17332172496083517 0.024485335880867348
115 212 3 0.19459623691153444 0.021274511950699265
116 212 3 0.21532871816830315 0.020830703220428348
117 212 3 0.2361594213887315 0.021051199060088094
118 212 3 0.25721062044881959 0.021277663437487437
119 212 3 0.27848828388630703 0.02149468535226029
120 212 3 0.29998296923856732 0.02170665527757748
121 212 3 0.3216896245161448 0.021918048486822994
122 212 3 0.3436076730029678 0.022129813024571954
123 212 3 0.36573748602753975 0.022339171829196092
124 212 3 0.38807665785673584 0.022539818419921198
125 212 3 0.41061647627665704 0.022722665553595756
126 212 3 0.43333914183025279 0.022878742609566682
127 212 3 0.45621788443981948 0.023004856985983702
128 212 3 0.47922274142580318 0.023100305117099762
129 212 3 0.50232304654290294 0.023100305117099762
130 212 3 0.52541651979482618 0.023093473251923236
131 212 3 0.54790546528685358 0.022488945492027401
132 212 2 0.5666142623059458 0.025896787825460788
134 212 2 0.58829611587897068 0.026688209904578652
224 212 2 0.58820503358264398 0.024918430956032411
226 212 3 0.57637194037835993 0.014468801903629314
227 212 3 0.56200363181866841 0.028837110463320825
228 212 3 0.53707649709167538 0.025502734921972969
229 212 3 0.51157376216970241 0.025502734921972969
230 212 3 0.48682198632962564 0.024751775840076762
231 212 3 0.46277205223774759 0.024049934091878056
232 212 3 0.43926508028248873 0.02350697195525886
233 212 3 0.41619479855122238 0.023070281731266351
234 212 3 0.39349998536366892 0.022694813187553453
235 212 3 0.37114604980321075 0.022353935560458171
236 212 3 0.34911393093590576 0.022032118867304995
237 212 3 0.32739437267224697 0.021719558263658789
238 212 3 0.30598519054693735 0.021409182125309623
239 212 3 0.2848904693701913 0.021094721176746045
240 212 3 0.26412137154307469 0.020769097827116612
241 212 3 0.24369801435357477 0.020423357189499919
242 212 3 0.22364904822146675 0.02004896613210802
243 212 3 0.20399389283478878 0.019655155386677975
244 212 3 0.18465134189983634 0.019574055269840324
245 212 3 0.16507728662999602 0.022156734718772775
246 212 2 0.14292055191122324 0.01920037534283206
114 213 3 0.16649200165521946 0.018607906128629698
115 213 3 0.18509990778384916 0.01953282293726577
116 213 3 0.20463273072111493 0.020185080262486915
117 213 3 0.22481781098360185 0.020615175451786039
118 213 3 0.24543298643538788 0.020921916558449855
119 213 3 0.26635490299383774 0.021172668334522637
120 213 3 0.28752757132836038 0.021402558339820021
121 213 3 0.3089301296681804 0.021627263958516385
122 213 3 0.33055739362669678 0.021852485246279307
123 213 3 0.35240987887297609 0.022079222180290348
124 213 3 0.37448910105326644 0.022306778100850078
125 213 3 0.39679587915411652 0.022535348929733912
126 213 3 0.41933122808385043 0.022769718468409084
127 213 3 0.44210094655225951 0.023025160484793805
128 213 3 0.46512610703705332 0.023338409773585311
129 213 3 0.48846451681063863 0.023813642212369257
130 213 3 0.51227815902300788 0.024926430764068086
131 213 3 0.53720458978707597 0.029409672518869834
226 213 3 0.56432546413776608 0.023879569444877902
227 213 3 0.54361624336054293 0.02304531162660084
228 213 3 0.52057093173394209 0.023907448457176017
229 213 3 0.49666348327676607 0.023907448457176017
230 213 3 0.47278940461154384 0.023874078665222231
231 213 3 0.44924095128841585 0.023548453323127994
232 213 3 0.4260773318139493 0.023163619474466546
233 213 3 0.40329130683728387 0.022786024976665431
234 213 3 0.38086368970575785 0.022427617131526023
235 213 3 0.3587781053674382 0.022085584338319642
236 213 3 0.3370239095136956 0.021754195853742608
237 213 3 0.31559611057542791 0.021427798938267684
238 213 3 0.29449499135710627 0.02110111921832164
239 213 3 0.27372662370341361 0.020768367653692665
240 213 3 0.25330567784643082 0.020420945856982786
241 213 3 0.2332631147750393 0.020042563071391517
242 213 3 0.21366299775560835 0.019600117019430957
243 213 3 0.19463148477916045 0.019031512976447895
244 213 3 0.17638327977441212 0.01824820500474833
245 213 3 0.15916456787811462 0.017218711896297506
112 214 2 0.14283603824809304 0.015228977218178369
114 214 3 0.15870480791026664 0.015963832734323724
115 214 3 0.17466864064459037 0.018600732152448229
116 214 3 0.1932693727970386 0.019756350747375084
117 214 3 0.21302572354441368 0.020297118124352281
118 214 3 0.23332284166876596 0.020616684216793829
119 214 3 0.25393952588555979 0.020865966043185247
120 214 3 0.27480549192874504 0.021098032177402914
121 214 3 0.29590352410614795 0.021330285231044688
122 214 3 0.31723380933719264 0.021567898561454191
123 214 3 0.33880170789864683 0.021812645499362682
124 214 3 0.36061435339800951 0.022066850182172137
125 214 3 0.38268120358018165 0.022336296353064167
126 214 3 0.40501749993324582 0.022633618889172091
127 214 3 0.42765111882241791 0.022981582833720204
128 214 3 0.45063270165613811 0.023408371575708686
129 214 3 0.4740410732318468 0.023889967068957629
130 214 3 0.49793104030080443 0.02398687828978846
131 214 3 0.52191791859059289 0.02398687828978846
132 214 2 0.54265355040472318 0.026802600248446495
134 214 3 0.56956863769242116 0.026915087287697981
135 214 3 0.58765252755837372 0.027331798225175619
224 214 3 0.58636385240265665 0.026759612136019739
225 214 3 0.56972252755646136 0.020723604142135255
226 214 3 0.5489989234143261 0.021538237900860846
227 214 3 0.52746068551346525 0.022631373506365127
228 214 3 0.50482931200710013 0.02320137475635875
229 214 3 0.48162793725074138 0.023282354653600623
230 214 3 0.45834558259714075 0.023282354653600623
231 214 3 0.43524559508751531 0.023099987509625441
232 214 3 0.41243865619244291 0.022806938895072404
233 214 3 0.38996206010727119 0.022476596085171718
234 214 3 0.36782390099896073 0.022138159108310462
235 214 3 0.34602310450215773 0.021800796496802999
236 214 3 0.32455752340517563 0.0214655810969821
237 214 3 0.30342681001917732 0.021130713385998312
238 214 3 0.28263319937521769 0.020793610643959626
239 214 3 0.26218193913301363 0.020451260242204061
240 214 3 0.24208351090569782 0.020098428227315807
241 214 3 0.22236289961278269 0.019720611292915136
242 214 3 0.20309057221146079 0.019272327401321898
243 214 3 0.18447294121734339 0.018617630994117396
244 214 3 0.16707763035520054 0.017395310862142854
245 214 3 0.1522735190697663 0.01480411128543424
246 214 2 0.13771053964436689 0.013886567169999725
114 215 3 0.15081940337175645 0.01077376925521964
115 215 3 0.16159317262697609 0.021450675747497455
116 215 3 0.18073824999880297 0.019937320257395502
117 215 3 0.20067557025619848 0.020194961800166639
118 215 3 0.22087053205636512 0.020376345282916458
119 215 3 0.24124687733928157 0.020571016504554729
120 215 3 0.2618178938438363 0.020787788846337474
121 215 3 0.28260568269017378 0.021022348934337853
122 215 3 0.30362803162451163 0.021270512857281987
123 215 3 0.32489854448179362 0.021530876002216481
124 215 3 0.3464294204840101 0.021805873892105754
125 215 3 0.36823529437611585 0.022103485038177551
126 215 3 0.3903387794142934 0.022440913027223508
127 215 3 0.41277969244151691 0.022853119989353188
128 215 3 0.4356328124308701 0.023417350254472613
129 215 3 0.45905016268534271 0.024344669779638894
130 215 3 0.48339483246498161 0.026389149256978994
131 215 3 0.5097839817219606 0.032869568682762584
134 215 3 0.5595612510990059 0.018083889865952552
135 215 3 0.57764514096495845 0.037339184818590887
224 215 3 0.57428885834078836 0.038834606197888033
225 215 3 0.55521116236920198 0.020829823903525169
226 215 3 0.53438133846567681 0.022083080366168684
227 215 3 0.51229825809950813 0.022734611244588532
228 215 3 0.4895636468549196 0.022978216278066121
229 215 3 0.46658543057685348 0.022978216278066121
230 215 3 0.4436375774995136 0.022947853077339875
231 215 3 0.42088144768136587 0.02275612981814773
232 215 3 0.39839988774223617 0.022481559939129703
233 215 3 0.37623052799483669 0.022169359747399475
234 215 3 0.35438870944925011 0.021841818545586589
235 215 3 0.33288056268780564 0.021508146761444469
236 215 3 0.31170956546973655 0.021170997218069088
237 215 3 0.29087923057131693 0.020830334898419622
238 215 3 0.2703933144537134 0.020485916117603531
239 215 3 0.25025401759680277 0.020139296856910627
240 215 3 0.2304583606197739 0.019795656977028869
241 215 3 0.2109943668938683 0.019463993725905598
242 215 3 0.19184842513645015 0.019145941757418156
243 215 3 0.17308188347744938 0.018766541659000768
244 215 3 0.15517509504159677 0.019776326012631795
245 215 3 0.14513948450630737 0.010035610535289397
0 216 0 0.010371319875006129 0.00088467895740302824
8 216 0 0.011255998832409157 0.0017967188111737229
16 216 0 0.01305271764358288 0.002761893803970638
24 216 0 0.015814611447553518 0.0038028774205708139
32 216 0 0.019617488868124332 0.0049378879631770331
40 216 0 0.024555376831301365 0.006179611653875268
48 216 0 0.030734988485176633 0.0075345727244057192
56 216 0 0.038269561209582352 0.0090032022970802927
64 216 0 0.047272763506662645 0.010580971369146458
72 216 0 0.057853734875809103 0.012260928520219476
80 216 0 0.070114663396028579 0.014036322430223791
88 216 0 0.08415098582625237 0.015888629506005933
96 216 0 0.1000396153322583 0.017661071084582161
104 216 0 0.11770068641684046 0.018226836315326692
112 216 1 0.14014249687947863 0.02244181046263817
116 216 3 0.16740600494508337 0.027263508065604736
117 216 3 0.18805370282812339 0.020647697883040023
118 216 3 0.20821749790012478 0.020163795072001389
119 216 3 0.2283348929372995 0.020248584117253443
120 216 3 0.24858347705455294 0.020454312522260015
121 216 3 0.26903778957681296 0.020695295759968646
122 216 3 0.2897330853367816 0.020955343872930909
123 216 3 0.31068842920971251 0.021228813810002412
124 216 3 0.33191724301971492 0.021516548972611127
125 216 3 0.35343379199232605 0.021825038444116707
126 216 3 0.37525883043644276 0.022167516512536845
127 216 3 0.3974263469489796 0.022566609507905899
128 216 3 0.4199929564568855 0.023057062872973266
129 216 3 0.44305001932985877 0.023675787701255946
130 216 3 0.46672580703111471 0.024348512579169146
131 216 3 0.49107431961028386 0.024348512579169146
132 216 3 0.51516743684110589 0.027486113563617298
133 216 3 0.53116874644476597 0.017100471539757356
134 216 2 0.54826921798452333 0.023442929866755113
136 216 3 0.57916598675520126 0.035818339028348078
137 216 3 0.5902714682642094 0.024712857519339937
138 216 2 0.59268820839300829 0.022296117390541048
140 216 1 0.59938919785084965 0.016671327950083081
144 216 0 0.61475222632480464 0.025613639941654665
152 216 0 0.63252300737220868 0.021765202422007857
160 216 0 0.64384062707569556 0.024275750074189251
168 216 0 0.65065289143967231 0.024319313452786151
176 216 0 0.65277385637353158 0.024442622592381946
184 216 0 0.65025392570692475 0.024269935036564605
192 216 0 0.64304500385838637 0.024165821821981792
200 216 0 0.63131271702798175 0.02167421493186561
208 216 0 0.61312346453867639 0.025570246159089982
216 216 1 0.59726815811414791 0.016802440948836317
220 216 2 0.59016421153341947 0.022959253005256919
222 216 3 0.5873779019569465 0.025745562581729886
223 216 3 0.57542221425510265 0.03770125028357374
224 216 2 0.5423446107095995 0.027314443622106666
226 216 3 0.52091518259141401 0.023223833716439379
227 216 3 0.49769134887497463 0.023239790918828551
228 216 3 0.47445155795614607 0.023239790918828551
229 216 3 0.45142857733276115 0.023022980623384925
230 216 3 0.42865990017793409 0.022768677154827055
231 216 3 0.40617076196429458 0.022489138213639515
232 216 3 0.38398285514560743 0.022187906818687153
233 216 3 0.36211120888306469 0.021871646262542732
234 216 3 0.34056532777483023 0.021545881108234466
235 216 3 0.31935198780769092 0.021213339967139311
236 216 3 0.29847760264765255 0.020874385160038367
237 216 3 0.2779493356467691 0.020528267000883449
238 216 3 0.257774263077025 0.020175072569744101
239 216 3 0.23795516122017749 0.019819101856847515
240 216 3 0.21847940750015621 0.019475753720021277
241 216 3 0.19929070383949229 0.019188703660663914
242 216 3 0.18021476973174524 0.019390942552401258
243 216 3 0.16082382717934399 0.025425058150379015
244 216 1 0.13539876902896497 0.021104579214561381
248 216 0 0.11429418981440359 0.017363316481355806
256 216 0 0.097222414340331478 0.017071775474072112
264 216 0 0.081736021016480268 0.015486393323851211
272 216 0 0.067992043340996552 0.013743977675483715
280 216 0 0.055954484123139366 0.012037559217857187
288 216 0 0.04554051803921378 0.010413966083925585
296 216 0 0.036644184829570228 0.0088963332096435518
304 216 0 0.029142736902147772 0.0075014479274224562
312 216 0 0.022901498571203775 0.0062412383309439975
320 216 0 0.017779087238658953 0.0051224113325448219
328 216 0 0.013632705174098167 0.0041463820645607861
336 216 0 0.010323008116665281 0.0033096970574328852
344 216 0 0.0077181830887257333 0.0026048250279395481
352 216 0 0.0056970336126928676 0.0020211494760328658
360 216 0 0.0041510157530115352 0.0015460178596813324
368 216 0 0.0029852796141577351 0.0011657361388538001
376 216 0 0.0021188466789577674 0.00086643293519996769
384 216 0 0.0014840964527698909 0.00063475022618787649
392 216 0 0.0010257511850692328 0.00045834526770065806
400 216 0 0.00069954107103956705 0.00032621011402966576
408 216 0 0.00047071085641440695 0.00022883021462516011
416 216 0 0.0003124985065995752 0.00015821234981483175
424 216 0 0.00020468306216763423 0.00010781544443194097
432 216 0 0.00013226628636164563 7.2416775805988603e-05
440 216 0 8.4324152656682977e-05 4.7942133704962652e-05
448 216 0 5.3041246771425176e-05 3.1282905885257801e-05
456 216 0 3.29242845559816e-05 2.0116962215443576e-05
464 216 0 2.017986912143118e-05 1.274441543455042e-05
472 216 0 1.2235503671109808e-05 7.9443654503213723e-06
480 216 0 7.3806738739953365e-06 4.8548297971144715e-06
488 216 0 4.5054213872201979e-06 2.8752524867751385e-06
496 216 0 2.9162740044511747e-06 1.5891473827690232e-06
504 216 0 2.212903712916806e-06 7.0337029153436876e-07
116 217 3 0.16068416261742505 0.020541665737946413
117 217 3 0.17590496002040476 0.019689870586963143
118 217 3 0.1955948306073679 0.019689870586963143
119 217 3 0.21527043486256842 0.019846319096627485
120 217 3 0.2351167539591959 0.020080227273510609
121 217 3 0.25519698123270651 0.020343754041106277
122 217 3 0.27554073527381279 0.020621255170862607
123 217 3 0.29616199044467539 0.020906911060006694
124 217 3 0.31706890150468209 0.021200813518252315
125 217 3 0.3382697150229344 0.021506860965273378
126 217 3 0.35977657598820778 0.021831668064802634
127 217 3 0.38160824405301041 0.022182792307561483
128 217 3 0.4037910363605719 0.022562424539146253
129 217 3 0.42635346089971815 0.022946659400173874
130 217 3 0.44930012029989203 0.023229569349643653
131 217 3 0.47252968964953568 0.023229569349643653
132 217 3 0.4956764059010626 0.023146716251526922
133 217 3 0.51848382979077046 0.029785388193752871
136 217 3 0.56302529471542384 0.016140692039777416
137 217 3 0.57413077622443198 0.023704944910763914
222 217 3 0.57068592683283281 0.024325960696110593
223 217 3 0.55873023913098896 0.016691975124113689
226 217 3 0.50914515158357154 0.033199459126027953
227 217 3 0.48300822913267472 0.026136922450896827
228 217 3 0.45903660596395734 0.023971623168717371
229 217 3 0.4359374228945111 0.02309918306944625
230 217 3 0.41332867113936106 0.022608751755150036
231 217 3 0.39109073987940751 0.022237931259953547
232 217 3 0.3691872815988021 0.021903458280605415
233 217 3 0.34760958126992297 0.021577700328879124
234 217 3 0.32635850829192953 0.021251072977993446
235 217 3 0.30543911566923759 0.020919392622691935
236 217 3 0.28485963898932665 0.020579476679910946
237 217 3 0.26463172678850078 0.02022791220082587
238 217 3 0.24476998592536567 0.019861740863135108
239 217 3 0.22528886630518574 0.019481119620179926
240 217 3 0.20619438167212381 0.019094484633061931
241 217 3 0.18746023345518498 0.018734148216938834
242 217 3 0.16888703119127757 0.018573202263907407
243 217 3 0.15459581108445886 0.019197042055493885
116 218 2 0.15927953664480465 0.019704099423402566
118 218 3 0.18297369474485253 0.02369415810004788
119 218 3 0.20201739501320565 0.019375676561665001
120 218 3 0.22139307157487065 0.019671271130933615
121 218 3 0.24106434270580426 0.019972910181928066
122 218 3 0.26103725288773233 0.020273605096640002
123 218 3 0.28131085798437233 0.020571274415946972
124 218 3 0.3018821324003193 0.020867363132204442
125 218 3 0.32274949553252374 0.021164268353120574
126 218 3 0.34391376388564432 0.021463756806147982
127 218 3 0.3653775206917923 0.02176462463332951
128 218 3 0.38714214532512181 0.022057237074917246
129 218 3 0.40919938240003906 0.022312804617507953
130 218 3 0.43151218701754701 0.022470259993577546
131 218 3 0.45398244701112456 0.022470259993577546
132 218 3 0.47643309155876584 0.022450644547641285
133 218 3 0.49872335028150599 0.022290258722740153
134 218 3 0.52081553608004816 0.027453681904475169
135 218 3 0.5354442164815949 0.014981614832073165
136 218 2 0.55042583131366807 0.023283519714232259
138 218 2 0.57370935102790033 0.025679846822949326
220 218 2 0.57076722279720371 0.026500935316944196
222 218 2 0.54635996613672222 0.024407256660481491
224 218 3 0.52997891240756845 0.016381053729153772
225 218 3 0.51423378300074296 0.028110827708856534
226 218 3 0.49021740132403047 0.024145895537551476
227 218 3 0.46607150578647899 0.024145895537551476
228 218 3 0.44266721509512641 0.023404290691352581
229 218 3 0.41987991124344065 0.022787303851685758
230 218 3 0.39755663612544995 0.022323275117990704
231 218 3 0.37561209841465759 0.021944537710792356
232 218 3 0.35400755064983963 0.021604547764817961
233 218 3 0.33272858362391072 0.021278967025928908
234 218 3 0.31177283180223253 0.020955751821678192
235 218 3 0.29114462459758178 0.02062820720465075
236 218 3 0.27085378671809579 0.02029083787948599
237 218 3 0.25091690321555216 0.019936883502543634
238 218 3 0.23135922276346979 0.019557680452082365
239 218 3 0.21221514407521586 0.019144078688253935
240 218 3 0.1935331914631937 0.018681952612022157
241 218 3 0.1754578517753512 0.022186694711659294
242 218 2 0.1532711570636919 0.018237256342748864
118 219 3 0.17499357739156188 0.015714040746757224
119 219 3 0.18841797628636306 0.019122229139795693
120 219 3 0.20735433473692105 0.019251129145370416
121 219 3 0.22660546388229147 0.019597783765993082
122 219 3 0.24620324764828455 0.019923669031099378
123 219 3 0.26612691667938393 0.020231822864186788
124 219 3 0.28635873954357072 0.020527617436717494
125 219 3 0.30688635698028821 0.020813530454002749
126 219 3 0.32769988743429096 0.021088820480509363
127 219 3 0.34878870791480032 0.021348982966420516
128 219 3 0.37013769088122084 0.021583283957699984
129 219 3 0.39172097483892082 0.021771180401931045
130 219 3 0.41349215524085187 0.021882095077996488
131 219 3 0.43537425031884835 0.021889419188645176
132 219 3 0.45726366950749353 0.021889419188645176
133 219 3 0.47906856602188158 0.02180489651438805
134 219 3 0.50072714803776008 0.021658582015878503
135 219 3 0.52216420624215365 0.028261625071514418
224 219 3 0.51687662505832899 0.029483341078393233
225 219 3 0.49429768646127431 0.022968722638054551
226 219 3 0.47132896382321976 0.023019635462140253
227 219 3 0.44830932836107951 0.023019635462140253
228 219 3 0.42560314205792599 0.022706186303153519
229 219 3 0.40328666387748169 0.022316478180444299
230 219 3 0.38134001940504508 0.021946644472436605
231 219 3 0.35973338180712683 0.021606637597918255
232 219 3 0.33844781912980637 0.021285562677320458
233 219 3 0.3174755260143084 0.020972293115497975
234 219 3 0.29681625101140491 0.020659275002903488
235 219 3 0.27647479815688147 0.020341452854523434
236 219 3 0.25646131339733774 0.020013484759543732
237 219 3 0.23679541048213268 0.019665902915205064
238 219 3 0.21751248674660123 0.019282923735531449
239 219 3 0.19866190506133713 0.018850581685264101
240 219 3 0.18025285056292775 0.01900460954389635
241 219 3 0.16755897503753034 0.014287817973838435
112 220 1 0.13171254858485568 0.014011862168015213
116 220 2 0.14968435868557384 0.019611388460993529
118 220 2 0.16929574714656737 0.019611388460993529
120 220 3 0.19298503767334568 0.023689290526778317
121 220 3 0.21177911351949277 0.019238302456065143
122 220 3 0.23101741597555792 0.019586248699035302
123 220 3 0.25060366467459322 0.019899428112990558
124 220 3 0.27050309278758378 0.020192367486715768
125 220 3 0.29069546027429954 0.020467949239533212
126 220 3 0.31116340951383276 0.02072346799373237
127 220 3 0.33188687750756513 0.020953586013333025
128 220 3 0.35284046352089815 0.02115005269310205
129 220 3 0.3739905162140002 0.021300801946879222
130 220 3 0.39529131816087942 0.02139175209184091
131 220 3 0.41668307025272033 0.021414267073278315
132 220 3 0.43809733732599865 0.021414267073278315
133 220 3 0.45947290964804549 0.021375572322046843
134 220 3 0.48076737986429935 0.021294470216253858
135 220 3 0.50196106471429602 0.021193684849996675
136 220 3 0.52309626295571776 0.027329568357950307
137 220 3 0.53727895431194628 0.014606478789569
138 220 2 0.55188543310151528 0.022126448198364512
140 220 2 0.57320540918847684 0.026183788662372809
142 220 2 0.59223033061305641 0.02252189571174823
216 220 2 0.59016421153341958 0.022959253005256808
218 220 2 0.57076722279720371 0.026500935316944196
220 220 2 0.54883093150031659 0.02214754269337238
222 220 3 0.53348217156072963 0.015348759939586953
223 220 3 0.51875159771371515 0.027608368423007068
224 220 3 0.49677271985770705 0.022112619849232629
225 220 3 0.47466010000847442 0.022253892714118595
226 220 3 0.45240620729435582 0.022253892714118595
227 220 3 0.43015452300925688 0.022251684285098938
228 220 3 0.40807614982465151 0.022078373184605371
229 220 3 0.38625623355385302 0.021819916270798489
230 220 3 0.36472180736553056 0.021534426188322464
231 220 3 0.3434776691037405 0.021244138261790058
232 220 3 0.32252447522780259 0.020953193875937914
233 220 3 0.30186459861261777 0.020659876615184813
234 220 3 0.28150240004342236 0.020362198569195411
235 220 3 0.26144287017553069 0.020059529867891668
236 220 3 0.24169234737985948 0.019750522795671216
237 220 3 0.22226715302691502 0.019425194352944458
238 220 3 0.20321464190589456 0.019052511121020466
239 220 3 0.18465327151608488 0.023405030497053475
240 220 2 0.1612482410190314 0.018817429210134073
242 220 2 0.14442759892960227 0.016820642089429128
244 220 1 0.12791624356255388 0.013622053748150287
120 221 3 0.18349891861712686 0.014203171470559495
121 221 3 0.19649159632492058 0.021277862990735807
122 221 3 0.21546167237733321 0.019278472493535342
123 221 3 0.23474014487086856 0.019582062412416695
124 221 3 0.25432220728328525 0.019869181355225973
125 221 3 0.27419138863851122 0.020137059264426327
126 221 3 0.29432844790293755 0.020378072145106174
127 221 3 0.31470652004804373 0.020586331011976544
128 221 3 0.33529285106002027 0.020756973405086532
129 221 3 0.3560498244651068 0.020884613510220362
130 221 3 0.37693443797532716 0.020964207680785052
131 221 3 0.39789864565611222 0.02099467903359381
132 221 3 0.41889332468970603 0.02099467903359381
133 221 3 0.43987634197838266 0.020983017288676631
134 221 3 0.46082076449771997 0.020944422519337313
135 221 3 0.48172318268781156 0.020902418190091587
136 221 3 0.50262039354492838 0.02098534320312806
137 221 3 0.52360573674805644 0.028279696353458839
222 221 3 0.51988460605315889 0.028946325447157695
223 221 3 0.49829382534042471 0.021590780712734181
224 221 3 0.47671063231282701 0.021632953364369933
225 221 3 0.45507767894845708 0.021676692299536227
226 221 3 0.43340098664892085 0.021676692299536227
227 221 3 0.41175199941554264 0.021648987233378214
228 221 3 0.39022209340489722 0.021529906010645417
229 221 3 0.36887743426836439 0.021344659136532829
230 221 3 0.34775607794915897 0.02112135631920542
231 221 3 0.32687935139880481 0.020876726550354163
232 221 3 0.30626164115005405 0.020617710248750754
233 221 3 0.28591522582338624 0.02034641532666781
234 221 3 0.26585043496094612 0.020064790862440118
235 221 3 0.246071726317241 0.019778708643705123
236 221 3 0.22657299342075965 0.019498732896481352
237 221 3 0.20734621039383208 0.019226783026927569
238 221 3 0.1884106079826611 0.020818299356219372
239 221 3 0.17547806894224605 0.014229827923214644
116 222 2 0.13844648757539435 0.013443241476038481
118 222 3 0.15293121370075385 0.016364533445813512
119 222 3 0.16212362043660888 0.01309011289757589
120 222 2 0.17521373333418477 0.019115728026057266
122 222 3 0.19957963526462685 0.02436590193044208
123 222 3 0.21855010117385545 0.01927604449077247
124 222 3 0.23782614566462792 0.01956003143723764
125 222 3 0.25738617710186557 0.019827753349054678
126 222 3 0.27721393045092024 0.020060080666980451
127 222 3 0.29727401111790069 0.020251283179374024
128 222 3 0.31752529429727472 0.020401437724866356
129 222 3 0.33792673202214107 0.020510974655516101
130 222 3 0.35843770667765718 0.020580265093879835
131 222 3 0.37901797177153701 0.020611691771951712
132 222 3 0.39962966354348872 0.02061186310344354
133 222 3 0.42024152664693226 0.02061186310344354
134 222 3 0.44083378645038301 0.020592259803450752
135 222 3 0.46140262523242437 0.020568838782041354
136 222 3 0.48196299267972093 0.020761210885802017
137 222 3 0.50253922562467235 0.021159554928540547
138 222 3 0.5231151261721384 0.028770306929376877
139 222 3 0.53640284363416324 0.015482589467352037
140 222 2 0.54886849126993209 0.024336917918544754
142 222 3 0.5728701651924013 0.024001673922469213
143 222 3 0.58934218824327145 0.025410038081533193
216 222 3 0.58737790195694661 0.025745562581729775
217 222 3 0.57068592683283292 0.024325960696110593
218 222 2 0.54635996613672233 0.02440725666048138
220 222 3 0.53348217156072963 0.015348759939586953
221 222 3 0.51988460605315889 0.028946325447157695
222 222 3 0.49883349011410782 0.021097348856734088
223 222 3 0.47773614125737374 0.021124482450813942
224 222 3 0.45661165880655979 0.021153619688038916
225 222 3 0.43545803911852088 0.021165238318635093
226 222 3 0.41429280079988579 0.021165238318635093
227 222 3 0.39316082185475321 0.021131978945132579
228 222 3 0.3721188701741831 0.021041951680570103
229 222 3 0.35121701267445982 0.020901857499723286
230 222 3 0.33049293698112125 0.020724075693338562
231 222 3 0.30997470460568788 0.020518232375433376
232 222 3 0.28968559549241424 0.02028910911327364
233 222 3 0.26964763155822608 0.020037963934188163
234 222 3 0.24988103068470488 0.019766600873521195
235 222 3 0.23039440854381318 0.019486622140891696
236 222 3 0.2111605701189159 0.019233838424897287
237 222 3 0.19211796793637273 0.024525659309931003
238 222 2 0.16759230862644173 0.021015176023759768
240 222 2 0.14657713260268196 0.024386154941830482
242 222 2 0.13527546297947451 0.013084485318623038
118 223 3 0.14185737377548449 0.016854127676128622
119 223 3 0.15104978051133952 0.026046534411983652
122 223 3 0.1890792874558572 0.013865554121672424
123 223 3 0.20203578182171841 0.022558782369153707
124 223 3 0.2210223617108181 0.019262027038720902
125 223 3 0.240284388749539 0.019548646203958742
126 223 3 0.25983303495349774 0.01977795164917745
127 223 3 0.27961098660267519 0.019951965688462414
128 223 3 0.29956295229113761 0.02008115795051918
129 223 3 0.31964411024165679 0.020172187568642863
130 223 3 0.33981629781029965 0.020228769487541542
131 223 3 0.36004506729784119 0.020254531346186766
132 223 3 0.38029959864402796 0.020255051882693498
133 223 3 0.40055465052672146 0.020255051882693498
134 223 3 0.42079313605000762 0.020238485523286165
135 223 3 0.44100802014614993 0.020450620882189796
136 223 3 0.46120178179391891 0.020827803084370433
137 223 3 0.4813796706961318 0.021223977773649094
138 223 3 0.50153419284013989 0.021625333709023642
139 223 3 0.52164000537464295 0.027228485895289145
142 223 3 0.56092769239198348 0.016472023050870255
143 223 3 0.57739971544285373 0.037352510881950907
216 223 3 0.57542221425510265 0.03770125028357374
217 223 3 0.55873023913098907 0.016691975124113578
220 223 3 0.51875159771371504 0.02760836842300729
221 223 3 0.49829382534042471 0.021590780712734181
222 223 3 0.47773614125737374 0.021124482450813886
223 223 3 0.45711867501474973 0.020658213210039134
224 223 3 0.4364604618047106 0.020686244405285437
225 223 3 0.41577421739942516 0.020693101842859496
226 223 3 0.39508111555656567 0.020693101842859496
227 223 3 0.37441492566477175 0.020666189891793918
228 223 3 0.35381638294024631 0.020598542724525437
229 223 3 0.33332512036700712 0.020491262573239188
230 223 3 0.31297569381660945 0.020349426550397676
231 223 3 0.29279804707940327 0.020177646737206179
232 223 3 0.27282082348047831 0.019977223598924954
233 223 3 0.25307632805758407 0.019744495422894248
234 223 3 0.23360445945346781 0.01947186860411626
235 223 3 0.21444219694140801 0.019162262512059797
236 223 3 0.19553980511734809 0.021357013369446565
237 223 3 0.18236062310056245 0.01476831447412072
0 224 0 0.009601281073955515 0.00083585212935319807
8 224 0 0.01041997105718293 0.0016624721495414312
16 224 0 0.012082443206724362 0.0025549203782745875
24 224 0 0.014637363584998949 0.0035166315302687899
32 224 0 0.018153995115267739 0.0045638946502337095
40 224 0 0.022717889765501448 0.0057075713687769793
48 224 0 0.028425461134278428 0.0069522847354644701
56 224 0 0.035377745869742898 0.0082960059087602567
64 224 0 0.043673751778503155 0.0097300330491221984
72 224 0 0.053403784827625353 0.011238967612587941
80 224 0 0.064642752440213294 0.012799056519037844
88 224 0 0.077441808959251138 0.014370584818724275
96 224 0 0.091812393777975412 0.015883174497696259
104 224 0 0.10769556827567167 0.017307677823684198
112 224 0 0.12500324609935587 0.018601063266376977
120 224 3 0.15310425669525832 0.028101010595902448
121 224 3 0.16672357341652796 0.013619316721269648
122 224 2 0.17947699945256471 0.018639571261665738
124 224 3 0.20392379465176466 0.024446795199199955
125 224 3 0.22287160793879501 0.019321734109989913
126 224 3 0.24219334204878493 0.019545929573249882
127 224 3 0.26173927162203481 0.019692234681714382
128 224 3 0.28143150630374919 0.019793766882364172
129 224 3 0.30122527318611336 0.019862546008279747
130 224 3 0.32108781919439311 0.019902772946468028
131 224 3 0.34099059214086114 0.01991728086873823
132 224 3 0.36090787300959937 0.01991728086873823
133 224 3 0.38081786577883847 0.019909992769239104
134 224 3 0.40070427869257885 0.020122078762871753
135 224 3 0.42055739926396013 0.020485825382111633
136 224 3 0.44037397870954847 0.020869908324609998
137 224 3 0.46015569292248271 0.021277618239248675
138 224 3 0.47990885913111625 0.021706784024192849
139 224 3 0.49965607462097611 0.022146917584248749
140 224 3 0.51947366304419873 0.02939482822573336
141 224 3 0.53237785039529328 0.016490640874638807
142 224 2 0.54446359697330804 0.027307222583444757
144 224 3 0.57613075715356443 0.038621469171240208
145 224 3 0.5880743579701716 0.026677868354633039
146 224 2 0.58982106503177012 0.024931161293034521
148 224 1 0.59231536146948072 0.026183079295416412
152 224 1 0.60620655677180946 0.026316450600399222
156 224 1 0.61530905312859219 0.017213954243616492
160 224 0 0.61956487700150631 0.02665372328345339
168 224 0 0.62633357798688616 0.027619260570949766
176 224 0 0.62833123378114963 0.028202645512552693
184 224 0 0.62598399067036015 0.027577184090174289
192 224 0 0.61887918203640457 0.026613528091799066
200 224 1 0.61429265408466394 0.017020062943317815
204 224 1 0.60498435010756824 0.026328366920413515
208 224 1 0.59084074228198935 0.026149234853377057
212 224 2 0.58820503358264398 0.024918430956032411
214 224 3 0.58636385240265665 0.026759612136019739
215 224 3 0.57428885834078847 0.038834606197887922
216 224 2 0.54234461070959961 0.027314443622106777
218 224 3 0.52997891240756856 0.016381053729153772
219 224 3 0.51687662505832899 0.029483341078393344
220 224 3 0.49677271985770705 0.022112619849232629
221 224 3 0.47671063231282707 0.021632953364369933
222 224 3 0.45661165880655985 0.021153619688038916
223 224 3 0.43646046180471065 0.020686244405285492
224 224 3 0.41626123217235889 0.020234608093830098
225 224 3 0.39602662407852879 0.02024930114749679
226 224 3 0.375777322931032 0.02024930114749679
227 224 3 0.35554161012250401 0.020235712808527984
228 224 3 0.33535224522832258 0.020189364894181439
229 224 3 0.3152423914397689 0.020109853788553678
230 224 3 0.29524299843206209 0.019999393007706812
231 224 3 0.27538257244863529 0.019860425983426799
232 224 3 0.25569015013064222 0.019692422317993064
233 224 3 0.23620437887072665 0.019485771259915574
234 224 3 0.21699534014498803 0.01920903872573862
235 224 3 0.19821216194019067 0.024029370192289151
236 224 2 0.17418279174790152 0.018530585822757878
238 224 3 0.16108465392892182 0.013098137818979699
239 224 3 0.14808586675638255 0.025894889095531073
240 224 0 0.12219097766085148 0.017880816973460598
248 224 0 0.1049672700253103 0.01722370763554118
256 224 0 0.089365919828702928 0.015601350196607369
264 224 0 0.075277424310499552 0.014088495518203376
272 224 0 0.062720481275269468 0.012556943035230084
280 224 0 0.051678959288450933 0.011041521986818535
288 224 0 0.042099173521064195 0.0095797857673867379
296 224 0 0.033898649578805118 0.0082005239422590775
304 224 0 0.026973607116968657 0.0069250424618364607
312 224 0 0.021205580521200609 0.0057680265957680485
320 224 0 0.016467623770934085 0.004737956750266524
328 224 0 0.012630034517173611 0.0038375892537604733
336 224 0 0.0095653678123660529 0.0030646667048075584
344 224 0 0.0071525348583289525 0.0024128329540371004
352 224 0 0.0052798735781650879 0.0018726612801638646
360 224 0 0.0038471786223227273 0.0014326949558423605
368 224 0 0.0027667641783500952 0.0010804144439726321
376 224 0 0.0019636943553664626 0.00080306982298363264
384 224 0 0.0013753511836693644 0.00058834317169709823
392 224 0 0.00095052176459138767 0.00042482941907797669
400 224 0 0.00064817845228990042 0.00030234331230148724
408 224 0 0.00043610477516171188 0.00021207367712818855
416 224 0 0.00028949078220009462 0.00014661399296161725
424 224 0 0.00018958965223255704 9.9901129967537578e-05
432 224 0 0.00012249667846949596 6.7092973763061085e-05
440 224 0 7.8084833139066708e-05 4.4411845330429251e-05
448 224 0 4.9109509505850088e-05 2.897532363321662e-05
456 224 0 3.0479186004339166e-05 1.8630323501510922e-05
464 224 0 1.8678352591209718e-05 1.1800833413129448e-05
472 224 0 1.1323297957431846e-05 7.355054633777872e-06
480 224 0 6.8292712843251044e-06 4.4940266731067416e-06
488 224 0 4.168076007554294e-06 2.6611952767708104e-06
496 224 0 2.6974124941409353e-06 1.4706635134133587e-06
504 224 0 2.046537360359603e-06 6.508751337813323e-07
120 225 3 0.1454747999644522 0.020471553865096331
121 225 3 0.15909411668572182 0.020382882766842886
124 225 3 0.19230934677669623 0.012832347324131521
125 225 3 0.20506509260559028 0.024305416325496126
126 225 3 0.22430458469776271 0.019386678097817828
127 225 3 0.24369126279558054 0.019472113254705853
128 225 3 0.26316337605028639 0.019533934147727028
129 225 3 0.28269731019801342 0.019576239450846633
130 225 3 0.30227354964886005 0.019597263626792094
131 225 3 0.32187081327565215 0.019597263626792094
132 225 3 0.34146740035395939 0.019596587078307248
133 225 3 0.36104338491977278 0.019793381835616131
134 225 3 0.3805821999297071 0.020133851403759506
135 225 3 0.4000715738818485 0.020495294817091891
136 225 3 0.41950407038493848 0.020882883979866873
137 225 3 0.43887807468323403 0.021304190304505921
138 225 3 0.4582020751069234 0.021771538644907606
139 225 3 0.47750915703672736 0.022311835369406174
140 225 3 0.49689438886405102 0.022995933715443895
141 225 3 0.51660439506811096 0.027859201905197084
144 225 3 0.55712002482480194 0.020819478664027113
145 225 3 0.57147740371928901 0.020694826900291896
214 225 3 0.56972252755646136 0.020723604142135255
215 225 3 0.55521116236920198 0.020829823903525058
218 225 3 0.51423378300074307 0.028110827708856534
219 225 3 0.49429768646127431 0.022968722638054495
220 225 3 0.47466010000847442 0.022253892714118595
221 225 3 0.45507767894845713 0.021676692299536282
222 225 3 0.43545803911852093 0.021165238318635038
223 225 3 0.41577421739942516 0.020693101842859496
224 225 3 0.39602662407852879 0.020249301147496734
225 225 3 0.37622828019647597 0.01982846784754555
226 225 3 0.35639981234893042 0.019832688336740567
227 225 3 0.33656712401218986 0.019832688336740567
228 225 3 0.31675906478470151 0.01980805922748835
229 225 3 0.29700493618798623 0.01975412859671527
230 225 3 0.27733230318595947 0.019672633002026763
231 225 3 0.25776525284195717 0.019567050344002301
232 225 3 0.23832412678920326 0.019441126052753915
233 225 3 0.21903208092509613 0.019292045864107127
234 225 3 0.19994174834874812 0.023430938478483682
235 225 3 0.18721459320112813 0.013031801453226605
238 225 3 0.15447353362327151 0.019709258124630008
239 225 3 0.14147474645073224 0.019283768789880765
120 226 2 0.14469789149207268 0.019694645392716814
122 226 2 0.16129111229989385 0.021076203479392125
124 226 2 0.18075967628009415 0.019555324250587425
126 226 3 0.20624845661440142 0.025488780334307265
127 226 3 0.2255325599134928 0.019284103299091387
128 226 3 0.24480306427064991 0.019288494293355551
129 226 3 0.26409155856400546 0.019306075806353462
130 226 3 0.28339763437035892 0.019308307193385887
131 226 3 0.30270594156374481 0.019308307193385887
132 226 3 0.32199660932246549 0.019479319692866259
133 226 3 0.34125000308415665 0.019793381835616131
134 226 3 0.36044834852594759 0.020133851403759506
135 226 3 0.37957627906475661 0.020495294817091891
136 226 3 0.3986211864050716 0.020882883979866873
137 226 3 0.41757388437872811 0.021304190304505921
138 226 3 0.43643053646201579 0.021771538644907606
139 226 3 0.45519732166732119 0.022327064586110057
140 226 3 0.47389845514860712 0.023066814837692906
141 226 3 0.49258465415889119 0.02416931509479453
142 226 3 0.51132967926646955 0.033133917706838489
143 226 3 0.52298306951325702 0.023243388952049859
144 226 3 0.53630054616077483 0.02208632625286322
145 226 3 0.55078257681899712 0.021528893074851174
146 226 3 0.56599255344500865 0.023828511586761469
147 226 3 0.57795752105347797 0.014369717820742811
212 226 3 0.57637194037835993 0.014468801903629425
213 226 3 0.56432546413776619 0.023879569444877791
214 226 3 0.5489989234143261 0.021538237900860735
215 226 3 0.53438133846567692 0.022083080366168795
216 226 3 0.52091518259141412 0.023223833716439435
217 226 3 0.50914515158357165 0.033199459126027953
218 226 3 0.49021740132403047 0.024145895537551476
219 226 3 0.47132896382321982 0.023019635462140309
220 226 3 0.45240620729435582 0.022253892714118595
221 226 3 0.43340098664892085 0.021676692299536282
222 226 3 0.4142928007998859 0.021165238318635038
223 226 3 0.39508111555656567 0.020693101842859496
224 226 3 0.37577732293103205 0.020249301147496734
225 226 3 0.35639981234893042 0.019832688336740512
226 226 3 0.33697147457365456 0.019453315733556187
227 226 3 0.31751815884009837 0.019453315733556187
228 226 3 0.29806729111757008 0.019450867722528298
229 226 3 0.27864649178034567 0.019420799337224404
230 226 3 0.25928167492821519 0.019364816852130484
231 226 3 0.23999276937296687 0.019288905555248315
232 226 3 0.22078485637648171 0.019207912996485166
233 226 3 0.20163893096160188 0.025128121091337441
234 226 2 0.17651080987026443 0.019415340095336436
236 226 2 0.15725854424311472 0.020079877697727011
238 226 2 0.14114953884291548 0.018958561182064002
126 227 3 0.19438154444696176 0.013621868166867612
127 227 3 0.20736695140301237 0.024228216629108679
128 227 3 0.22639921302162352 0.019038408490136605
129 227 3 0.24543762151176013 0.019046198949593363
130 227 3 0.26448382046135349 0.019046198949593363
131 227 3 0.28351797398560058 0.019188829318822709
132 227 3 0.30251728962959923 0.019479319692866259
133 227 3 0.32146080563997148 0.019789197444185169
134 227 3 0.34032899784396897 0.020119350681978621
135 227 3 0.35910305834482509 0.020473220719931517
136 227 3 0.37776454669822618 0.020856639706845426
137 227 3 0.39629478049676276 0.021279103881965356
138 227 3 0.41467293374083664 0.021757602721179159
139 227 3 0.43287025708121113 0.022327064586110057
140 227 3 0.45083164031091422 0.023066814837692906
141 227 3 0.46841533906409666 0.02416931509479453
142 227 3 0.48519169873163215 0.026137980534837402
143 227 3 0.49973968056120716 0.02326258392384023
144 227 3 0.51421421990791161 0.02274771054298963
145 227 3 0.52925368374414594 0.022635089247506901
146 227 3 0.54529891144352449 0.023041977320371054
147 227 3 0.56358780323273516 0.028727558236745554
212 227 3 0.56200363181866841 0.028837110463320936
213 227 3 0.54361624336054293 0.023045311626600617
214 227 3 0.52746068551346537 0.022631373506365238
215 227 3 0.51229825809950813 0.022734611244588532
216 227 3 0.49769134887497468 0.023239790918828551
217 227 3 0.48300822913267477 0.026136922450896882
218 227 3 0.46607150578647899 0.024145895537551476
219 227 3 0.44830932836107951 0.023019635462140309
220 227 3 0.43015452300925694 0.022251684285098883
221 227 3 0.41175199941554264 0.021648987233378214
222 227 3 0.39316082185475326 0.021131978945132635
223 227 3 0.3744149256647718 0.020666189891793862
224 227 3 0.35554161012250401 0.020235712808528039
225 227 3 0.33656712401218991 0.019832688336740512
226 227 3 0.31751815884009837 0.019453315733556187
227 227 3 0.29842188427353317 0.019116206748912956
228 227 3 0.27930567752462021 0.019116206748912956
229 227 3 0.26019737102627483 0.019108306498345384
230 227 3 0.24112550003717401 0.01907187098910082
231 227 3 0.22211469194667355 0.019010808090500458
232 227 3 0.20316400467316287 0.023635907114813226
233 227 3 0.19021336896959989 0.01370255909933546
120 228 1 0.14021490882050172 0.015211662721145852
124 228 2 0.16271016089097731 0.022495252070475591
126 228 2 0.18313873477390369 0.020428573882926376
128 228 3 0.20796848289330594 0.024829748119402251
129 228 3 0.22675017726466687 0.018801167025419951
130 228 3 0.24555134429008682 0.01893485788032942
131 228 3 0.26432914466677787 0.019188829318822709
132 228 3 0.28305308310603478 0.019464206523564453
133 228 3 0.30170126947916043 0.019759536160811053
134 228 3 0.32025315645431141 0.020075841389657567
135 228 3 0.33868684887565942 0.020416209469165669
136 228 3 0.3569786887110617 0.02078585798716448
137 228 3 0.37510240415114177 0.021192376345620989
138 228 3 0.39302596524444383 0.021646968496392804
139 228 3 0.41070413963697128 0.022166117444239852
140 228 3 0.42806277986370156 0.022768860447212658
141 228 3 0.444968993705529 0.023446345358567655
142 228 3 0.46119329901508727 0.023998399716544883
143 228 3 0.47647709663736693 0.02326258392384023
144 228 3 0.49146650936492198 0.023000836951819315
145 228 3 0.50661859449663904 0.023215798483553041
146 228 3 0.52225693412315344 0.023915203916897332
147 228 3 0.53866991544831966 0.025505122020729964
148 228 3 0.55556721049425939 0.036748150975221328
149 228 3 0.56402453330795843 0.028290828161522286
150 228 3 0.56989713611235315 0.022418225357127564
151 228 3 0.57504024878168636 0.017275112687794358
152 228 2 0.57836139009649545 0.027845166675314004
154 228 2 0.58713134574385328 0.0196528584042025
156 228 2 0.59601602711485824 0.020790155917908448
158 228 2 0.60592551386554727 0.013639363135959037
200 228 2 0.60503945285945337 0.013839729176951199
202 228 2 0.59501621283040596 0.020749849532133657
204 228 2 0.58599510573623448 0.019610180916330266
206 228 2 0.577133191661233 0.027851158446335234
208 228 3 0.57367828551895639 0.017162456763032963
209 228 3 0.56847363084417246 0.022367111437816889
210 228 3 0.56255898878575517 0.028281753496234185
211 228 3 0.55405512456556527 0.036785617716424079
212 228 3 0.53707649709167549 0.025502734921972969
213 228 3 0.52057093173394231 0.023907448457176184
214 228 3 0.50482931200710013 0.023201374756358639
215 228 3 0.4895636468549196 0.022978216278066121
216 228 3 0.47445155795614613 0.023239790918828551
217 228 3 0.4590366059639574 0.023971623168717371
218 228 3 0.44266721509512647 0.023404290691352525
219 228 3 0.42560314205792604 0.022706186303153464
220 228 3 0.40807614982465151 0.022078373184605427
221 228 3 0.39022209340489727 0.021529906010645361
222 228 3 0.3721188701741831 0.021041951680570159
223 228 3 0.35381638294024637 0.020598542724525437
224 228 3 0.33535224522832258 0.020189364894181439
225 228 3 0.31675906478470156 0.01980805922748835
226 228 3 0.29806729111757002 0.019450867722528353
227 228 3 0.27930567752462021 0.019116206748912956
228 228 3 0.26050129734583083 0.018819357363359351
229 228 3 0.24168193998247151 0.018819357363359324
230 228 3 0.22288336498994929 0.018798574992522216
231 228 3 0.20415655346050735 0.024628455902157703
232 228 2 0.17952809755834964 0.020280012148964133
234 228 2 0.15924808540938551 0.022069418863997797
236 228 1 0.13717866654538771 0.014987688884536235
128 229 3 0.19556989354845444 0.012452540538388068
129 229 3 0.20802243408684251 0.024885186645700802
130 229 3 0.2266164864097574 0.01893485788032942
131 229 3 0.24516350878016965 0.019165635886608218
132 229 3 0.26362904985410218 0.019424033251932593
133 229 3 0.2819975594230516 0.019703710056108825
134 229 3 0.30025016330353704 0.020002993150774362
135 229 3 0.31836230020846085 0.020324548667198572
136 229 3 0.33630595196388374 0.020672736747177956
137 229 3 0.35405040895166745 0.021051995199474316
138 229 3 0.37155989026639996 0.02146607497804387
139 229 3 0.38878840546934307 0.021915734167628209
140 229 3 0.40567261931802906 0.022390160545672499
141 229 3 0.42212637226098754 0.022842621444541467
142 229 3 0.43805294254826221 0.023140356466825052
143 229 3 0.45342240020564589 0.023054696431721033
144 229 3 0.46846567241310266 0.023000836951819315
145 229 3 0.483402796013086 0.023305935685400236
146 229 3 0.49834173020625611 0.023915203916897332
147 229 3 0.51316479342758969 0.025505122020729964
148 229 3 0.52715164699175698 0.028415563502502406
149 229 3 0.53820880602325138 0.025815727284707046
150 229 3 0.54809722992649157 0.02339424093256659
151 229 3 0.55947457658788713 0.023183557884979611
208 229 3 0.5581533949953591 0.023165082387096692
209 229 3 0.54670569746787245 0.023372215330777046
210 229 3 0.5367572067966937 0.025801781989061467
211 229 3 0.52563725956412088 0.028417865001444387
212 229 3 0.51157376216970252 0.025502734921972969
213 229 3 0.49666348327676613 0.023907448457176184
214 229 3 0.48162793725074149 0.023282354653600679
215 229 3 0.46658543057685348 0.022978216278066121
216 229 3 0.45142857733276121 0.023022980623384925
217 229 3 0.43593742289451115 0.02309918306944625
218 229 3 0.41987991124344065 0.022787303851685814
219 229 3 0.4032866638774818 0.022316478180444244
220 229 3 0.38625623355385308 0.021819916270798434
221 229 3 0.36887743426836445 0.021344659136532829
222 229 3 0.35121701267445987 0.020901857499723231
223 229 3 0.33332512036700707 0.020491262573239299
224 229 3 0.3152423914397689 0.020109853788553678
225 229 3 0.29700493618798623 0.019754128596715326
226 229 3 0.27864649178034567 0.019420799337224348
227 229 3 0.26019737102627477 0.01910830649834544
228 229 3 0.24168193998247148 0.018819357363359351
229 229 3 0.22312068345704913 0.018571358811702576
230 229 3 0.20454932464534656 0.024456238935838703
231 229 3 0.19208479599955991 0.012556698441210268
124 230 2 0.14671090734846659 0.018531845174933698
126 230 3 0.16261005377843776 0.020528680995465926
127 230 3 0.17171723110719661 0.013740806990455628
128 230 2 0.18313724744114171 0.018658916376506768
130 230 3 0.20770786458690252 0.024570617145760809
131 230 3 0.22605370571337732 0.01910980306679233
132 230 3 0.24427156166786118 0.019357488186241001
133 230 3 0.26237445169378593 0.019623107729265676
134 230 3 0.28034754323493244 0.019902620068604604
135 230 3 0.298161385492765 0.02020091471569585
136 230 3 0.31578284243753069 0.020523109526353056
137 230 3 0.33317915490528516 0.020871254046382293
138 230 3 0.35031593902265434 0.021243951243745618
139 230 3 0.36715359395438524 0.02163481151495783
140 230 3 0.3836450931687847 0.022027526149244359
141 230 3 0.3997387706706042 0.022387601590383333
142 230 3 0.41539333691168034 0.02265960563658187
143 230 3 0.43061347384342552 0.022808926362220372
144 230 3 0.44548659972488713 0.022979072688215529
145 230 3 0.46009686032768576 0.023305935685400236
146 230 3 0.47445012676050785 0.023891603445748255
147 230 3 0.48839969631459584 0.02476509711299385
148 230 3 0.50156589916526706 0.025585747826489924
149 230 3 0.51345901438445063 0.024749791638800755
150 230 3 0.52470298899392498 0.023837529676641656
151 230 3 0.53629101870290752 0.024005471893937425
152 230 3 0.54859866725757467 0.029762722838920785
153 230 3 0.55619453287932408 0.022866478528384193
154 230 3 0.56438246508892276 0.022748880654930526
155 230 3 0.57057450959037881 0.016556836153474475
156 230 2 0.57522587119694979 0.02612880043174437
158 230 2 0.59232928792149309 0.027235589080013223
200 230 2 0.59148789772498622 0.027391284311418351
202 230 2 0.5742663632982723 0.026113935697987367
204 230 3 0.56951024364104741 0.016484862095187069
205 230 3 0.5632596059987609 0.022735499737473575
206 230 3 0.55500675753776307 0.022843195867866761
207 230 3 0.54736340437849174 0.029769787282741267
208 230 3 0.53498831260826241 0.023987333837164893
209 230 3 0.52333348213709541 0.02381691035277328
210 230 3 0.51202442730364583 0.024732779493047863
211 230 3 0.50006341920484132 0.025573840359279565
212 230 3 0.4868219863296257 0.024751775840076817
213 230 3 0.47278940461154384 0.023874078665222287
214 230 3 0.45834558259714081 0.023282354653600679
215 230 3 0.4436375774995136 0.022947853077339875
216 230 3 0.42865990017793409 0.022768677154827111
217 230 3 0.41332867113936111 0.022608751755150036
218 230 3 0.39755663612545006 0.022323275117990593
219 230 3 0.38134001940504514 0.021946644472436661
220 230 3 0.36472180736553056 0.02153442618832252
221 230 3 0.34775607794915903 0.02112135631920542
222 230 3 0.33049293698112125 0.020724075693338617
223 230 3 0.31297569381660945 0.02034942655039762
224 230 3 0.29524299843206214 0.019999393007706756
225 230 3 0.27733230318595947 0.019672633002026763
226 230 3 0.25928167492821519 0.019364816852130484
227 230 3 0.24112550003717401 0.019071870989100764
228 230 3 0.22288336498994929 0.018798574992522188
229 230 3 0.20454932464534656 0.024456238935838703
230 230 2 0.18009308570950786 0.018241996844050368
232 230 3 0.1685614048803365 0.013420632029758017
233 230 3 0.15947764029165731 0.020050457266692329
234 230 2 0.14376037946582493 0.017911351712602608
126 231 3 0.14886924678798219 0.020690184614449297
127 231 3 0.15797642411674098 0.029797361943208089
130 231 3 0.19500816706740884 0.01288438399967512
131 231 3 0.2070512397755635 0.024927456707829782
132 231 3 0.22500362298618329 0.019267938681677893
133 231 3 0.24285098300212946 0.01952346869165647
134 231 3 0.26056929979141058 0.019778243443521859
135 231 3 0.27811330822229396 0.020048077270471032
136 231 3 0.29544070142206535 0.020342141015465331
137 231 3 0.31251868123555754 0.020660473669727619
138 231 3 0.32931786245480288 0.020998076567851465
139 231 3 0.34580725331482687 0.02134634063955837
140 231 3 0.36195336243290366 0.021691730735881043
141 231 3 0.37772401533913613 0.022014755331468072
142 231 3 0.39309777076119196 0.022295566150488388
143 231 3 0.40807715674060785 0.022536317102817671
144 231 3 0.42269206851859636 0.022794531206290769
145 231 3 0.43696574094045754 0.023131119387228227
146 231 3 0.4508762548174054 0.023573871943102453
147 231 3 0.46432831853494216 0.02407137777965368
148 231 3 0.47716011559648097 0.024405783568786088
149 231 3 0.48926209949856675 0.02419691488588388
150 231 3 0.50086545931728332 0.023837529676641656
151 231 3 0.51228554680897009 0.024005471893937425
152 231 3 0.52344217984424446 0.025156487413330209
153 231 3 0.53332805435093988 0.023273818378780509
154 231 3 0.54351975326079482 0.022702468720023572
155 231 3 0.55544700077510067 0.023086491579911272
204 231 3 0.55440880834645501 0.023074168256275729
205 231 3 0.54241687443384989 0.022685303345809427
206 231 3 0.53216356166989631 0.02325429909135357
207 231 3 0.52222010389122131 0.025143300487270426
208 231 3 0.51100097877109751 0.023987333837164893
209 231 3 0.49951657178432213 0.02381691035277328
210 231 3 0.48784766005759339 0.024176767246052444
211 231 3 0.47567721150177983 0.024386207703061491
212 231 3 0.46277205223774764 0.024049934091878056
213 231 3 0.4492409512884159 0.023548453323127938
214 231 3 0.43524559508751531 0.023099987509625497
215 231 3 0.42088144768136593 0.022756129818147675
216 231 3 0.40617076196429464 0.022489138213639459
217 231 3 0.39109073987940757 0.022237931259953547
218 231 3 0.37561209841465765 0.021944537710792411
219 231 3 0.35973338180712688 0.021606637597918255
220 231 3 0.34347766910374056 0.021244138261790002
221 231 3 0.32687935139880481 0.020876726550354219
222 231 3 0.30997470460568788 0.020518232375433376
223 231 3 0.29279804707940327 0.020177646737206179
224 231 3 0.27538257244863529 0.019860425983426855
225 231 3 0.25776525284195717 0.019567050344002301
226 231 3 0.23999276937296687 0.019288905555248315
227 231 3 0.22211469194667355 0.019010808090500458
228 231 3 0.20415655346050735 0.024628455902157703
229 231 3 0.19208479599955994 0.012556698441210296
232 231 3 0.15514077285057848 0.029291745097356159
233 231 3 0.1460570082618993 0.020207980508676976
0 232 0 0.008765428944602317 0.00087432129396932019
8 232 0 0.0095123377402668938 0.0015164071351477012
16 232 0 0.011028744875414595 0.0023296286680289918
24 232 0 0.013358373543443587 0.0032048381650909129
32 232 0 0.0165632117085345 0.0041561079613566844
40 232 0 0.020719319669891184 0.0051921335169159213
48 232 0 0.025911453186807105 0.0063152308907103646
56 232 0 0.03222668407751747 0.0075205229752501948
64 232 0 0.039747207052767665 0.00879522317128964
72 232 0 0.048542430224057305 0.010117729827718525
80 232 0 0.05866016005177583 0.011456051091388884
88 232 0 0.070116211143164714 0.012765813783217381
96 232 0 0.082882024926382095 0.013993837758274494
104 232 0 0.096875862684656588 0.01511238141586671
112 232 0 0.1119882441005233 0.016190818073009594
120 232 0 0.12817906217353289 0.016961827936924995
128 232 3 0.15776670433310228 0.029587642159569383
129 232 3 0.17125375754065392 0.013487053207551641
130 232 2 0.18212378306773372 0.020576083858646038
132 232 3 0.20582033266918451 0.023696549601450789
133 232 3 0.22343151077290516 0.019419472229224299
134 232 3 0.24093567549986233 0.019633624291548246
135 232 3 0.25824755637968994 0.019865751842604029
136 232 3 0.27530913677685009 0.020131564645215261
137 232 3 0.2920936843185431 0.020424996917014437
138 232 3 0.30858184003499073 0.02073602241981215
139 232 3 0.32475212274731247 0.021055130567514402
140 232 3 0.34058076877581644 0.021372593657087213
141 232 3 0.35604568760847366 0.021678327730662472
142 232 3 0.37113205600349397 0.021965714757697985
143 232 3 0.38583684973937599 0.022240307001231863
144 232 3 0.40016646093351482 0.022525607585081542
145 232 3 0.41412170119738223 0.022844039743075306
146 232 3 0.42768108541399075 0.02319516940341465
147 232 3 0.44079391087307068 0.023534407661871481
148 232 3 0.45339746244694545 0.023762653149535518
149 232 3 0.46547393155143446 0.023788167947132288
150 232 3 0.47711826123044265 0.023747198086840671
151 232 3 0.48844757263020927 0.023837974178760823
152 232 3 0.49945754716368101 0.023984632680563445
153 232 3 0.51005423597215938 0.023535549480384499
154 232 3 0.52081728454077125 0.023580859175798163
155 232 3 0.5323605091951894 0.024248643986913287
156 232 3 0.54496462233318865 0.030261248863761137
157 232 3 0.55322951919722207 0.024659215536003032
158 232 3 0.56405050140366253 0.028278786517830556
159 232 3 0.57221440923301303 0.024776256360091176
160 232 3 0.58492789778411214 0.03463697921739417
161 232 3 0.59086150159823492 0.028703375403271392
162 232 3 0.59440649681722513 0.025158380184281182
163 232 3 0.59615949163547488 0.023405385366031428
164 232 2 0.59217155649674302 0.027393320504763286
166 232 2 0.59629536445794529 0.023269512543561022
168 232 2 0.59943065134740181 0.026902926639484348
170 232 2 0.60131534743475956 0.025018230552126597
172 232 1 0.5970556354407921 0.02927794254609406
176 232 1 0.60015971221241715 0.028171521568732483
180 232 1 0.60009746432477651 0.028233769456373126
184 232 1 0.59681316840179821 0.029170822268561936
188 232 2 0.60098254983392707 0.025001440836433075
190 232 2 0.59901833968321994 0.026965650987140211
192 232 2 0.59573473343337446 0.02314444860303011
194 232 2 0.59154513770313277 0.027334044333271801
196 232 3 0.59549691465693089 0.023382267379473687
197 232 3 0.59372256054685346 0.025156621489551112
198 232 3 0.59015629241707213 0.028722889619332448
199 232 3 0.58418972166297356 0.034689460373431014
200 232 3 0.57140443780455163 0.02476951322845744
201 232 3 0.56319360769276172 0.028294290032224501
202 232 3 0.55230684658111151 0.024644001460170983
203 232 3 0.54399800861945835 0.030268354678813947
204 232 3 0.53133464009017928 0.024235500771069396
205 232 3 0.51973157108804047 0.023564039052521968
206 232 3 0.50890926257854274 0.023516311473823159
207 232 3 0.49825384243637139 0.023966261454849924
208 232 3 0.48718325393241507 0.023817724838682441
209 232 3 0.47579151762904448 0.023725054155277647
210 232 3 0.46408285281366529 0.023764807243928099
211 232 3 0.45193934022558158 0.023737871276198252
212 232 3 0.43926508028248878 0.02350697195525886
213 232 3 0.42607733181394936 0.023163619474466546
214 232 3 0.41243865619244291 0.022806938895072404
215 232 3 0.39839988774223617 0.022481559939129758
216 232 3 0.38398285514560743 0.022187906818687209
217 232 3 0.3691872815988021 0.02190345828060547
218 232 3 0.35400755064983969 0.021604547764817961
219 232 3 0.33844781912980643 0.021285562677320458
220 232 3 0.32252447522780259 0.02095319387593797
221 232 3 0.30626164115005411 0.020617710248750698
222 232 3 0.28968559549241429 0.020289109113273585
223 232 3 0.27282082348047831 0.019977223598924954
224 232 3 0.25569015013064222 0.019692422317993064
225 232 3 0.23832412678920328 0.019441126052753888
226 232 3 0.22078485637648168 0.019207912996485194
227 232 3 0.20316400467316287 0.023635907114813226
228 232 2 0.17952809755834964 0.020280012148964105
230 232 3 0.16856140488033652 0.013420632029758045
231 232 3 0.15514077285057848 0.029291745097356159
232 232 0 0.12584902775322232 0.016330123024987486
240 232 0 0.10967816624388738 0.016170861509334944
248 232 0 0.094642093458195256 0.01503607278569212
256 232 0 0.080811809462797299 0.013830283995397957
264 232 0 0.068238372668392722 0.012573436794404577
272 232 0 0.056968034649132381 0.011270338019260341
280 232 0 0.047012067531576239 0.0099559671175561415
288 232 0 0.038343559058313277 0.0086685084732629619
296 232 0 0.03090342133482752 0.0074401377234857569
304 232 0 0.024608024314215528 0.0062953970206119925
312 232 0 0.019356619661279568 0.00525140465293596
320 232 0 0.015038163589690881 0.0043184560715886864
328 232 0 0.011537373121587308 0.0035007904681035734
336 232 0 0.0087398727571034 0.002797500364483908
344 232 0 0.0065363237622409771 0.002203548994862423
352 232 0 0.0048254916183384034 0.0017108321439025737
360 232 0 0.0035162796582758793 0.0013092119600625241
368 232 0 0.0025288217206434938 0.00098745793763238554
376 232 0 0.0017947742286862813 0.00073404749195721242
384 232 0 0.0012569750157308565 0.00053779921295542482
392 232 0 0.00086864329216402203 0.00038833172356683449
400 232 0 0.00059228580776418357 0.00027635748439983846
408 232 0 0.00039845321486068453 0.00019383259290349904
416 232 0 0.00026446284113543087 0.00013399037372525366
424 232 0 0.00017317400964323955 9.1288831492191314e-05
432 232 0 0.0001118732377559479 6.1300771887291659e-05
440 232 0 7.1301523863044497e-05 4.0571713892903399e-05
448 232 0 4.4835807518011308e-05 2.6465716345033189e-05
456 232 0 2.7821947002832008e-05 1.70138605151793e-05
464 232 0 1.7046887161960928e-05 1.077505984087108e-05
472 232 0 1.0332346575433773e-05 6.7145405865271555e-06
480 232 0 6.230395490967814e-06 4.1019510844659586e-06
488 232 0 3.8017688561426199e-06 2.4286266348251941e-06
496 232 0 2.4598161107076909e-06 1.341952745434929e-06
504 232 0 1.8659613531246465e-06 5.9385475758304437e-07
128 233 3 0.14849389283287623 0.020314830659343336
129 233 3 0.16198094604042787 0.020142837027305849
132 233 3 0.19270705317219056 0.013933977798079006
133 233 3 0.20409908514989089 0.02532600977577934
134 233 3 0.221469785868152 0.019465889631710337
135 233 3 0.23860301990855448 0.019644536471135454
136 233 3 0.25542104612866462 0.019888090648185475
137 233 3 0.27192711622067428 0.02016656809786882
138 233 3 0.28812139849707696 0.020460441537913765
139 233 3 0.30399208858839111 0.020760034158921359
140 233 3 0.31952120134124512 0.021059567434571325
141 233 3 0.33469114212919043 0.021354545479283227
142 233 3 0.34948917809630159 0.021642877907192382
143 233 3 0.36390911642796936 0.021927733311406628
144 233 3 0.37794884146387941 0.022217619469635408
145 233 3 0.39160345777832689 0.022518243419055339
146 233 3 0.40485884105133951 0.022822244362651234
147 233 3 0.41769168587302274 0.023102225000047938
148 233 3 0.43008147625784199 0.023315986189103466
149 233 3 0.44203430130943083 0.023439630242003628
150 233 3 0.45359940661127157 0.023518854619171081
151 233 3 0.46483926972280859 0.02360830290740068
152 233 3 0.47579362743718534 0.023663919726495675
153 233 3 0.48651868649177488 0.023617390608152933
154 233 3 0.49723642536497309 0.023830551598777894
155 233 3 0.50811186520827611 0.024294198382371068
156 233 3 0.51893799563895515 0.026026626694233501
157 233 3 0.52857030366121904 0.024876022861788805
158 233 3 0.53831915052931389 0.025731350874348635
159 233 3 0.54743815287292186 0.025280000644704481
160 233 3 0.55695564479992388 0.027972252984188262
161 233 3 0.56443000775943808 0.026431493838796838
162 233 3 0.57092245322824609 0.024557515145888775
163 233 3 0.57837690946888676 0.024236202656756189
196 233 3 0.57772282294164945 0.024227216926974493
197 233 3 0.57024036508422538 0.024552741987764692
198 233 3 0.56371715778656761 0.026439134630504513
199 233 3 0.55620400077733056 0.027985720885642995
200 233 3 0.54663492457609419 0.025274551527981193
201 233 3 0.53746581520596381 0.025727792486797907
202 233 3 0.52766284512094053 0.024864009249268348
203 233 3 0.51797981355607547 0.026018195063382876
204 233 3 0.50709913931910988 0.02427921810317113
205 233 3 0.4961675320355185 0.023812836222832257
206 233 3 0.48539295110471958 0.023597306483365887
207 233 3 0.47461043165801658 0.023643410778354801
208 233 3 0.4635972740090864 0.02358597992332867
209 233 3 0.45229698741492197 0.023494530214122511
210 233 3 0.44066956931380097 0.023413283499864324
211 233 3 0.42865208598394922 0.02328725424163236
212 233 3 0.41619479855122249 0.023070281731266296
213 233 3 0.40329130683728387 0.022786024976665487
214 233 3 0.3899620601072713 0.022476596085171607
215 233 3 0.37623052799483669 0.022169359747399475
216 233 3 0.36211120888306469 0.021871646262542732
217 233 3 0.34760958126992297 0.021577700328879124
218 233 3 0.33272858362391078 0.021278967025928908
219 233 3 0.31747552601430845 0.020972293115497975
220 233 3 0.30186459861261777 0.020659876615184813
221 233 3 0.28591522582338624 0.020346415326667866
222 233 3 0.26964763155822608 0.020037963934188219
223 233 3 0.25307632805758407 0.019744495422894248
224 233 3 0.23620437887072665 0.019485771259915574
225 233 3 0.21903208092509613 0.019292045864107155
226 233 3 0.2016389309616019 0.025128121091337496
227 233 3 0.19021336896959992 0.013702559099335515
230 233 3 0.15947764029165734 0.020050457266692301
231 233 3 0.1460570082618993 0.020207980508676976
128 234 2 0.14604841043706426 0.017869348263531371
130 234 2 0.16154769920908768 0.02231744920116735
132 234 2 0.17877307537411155 0.019629993786929173
134 234 3 0.20222190388018008 0.023448828506068525
135 234 3 0.21924974686215956 0.01935327304639492
136 234 3 0.23581656106328158 0.019604485065383037
137 234 3 0.25203965802472184 0.019887458195952445
138 234 3 0.26794762294608593 0.020173775550991035
139 234 3 0.28353253971447778 0.020459548873913325
140 234 3 0.29877563531004647 0.020745566031198648
141 234 3 0.31365934455277977 0.02103179757641066
142 234 3 0.3281713502318353 0.021317827864466288
143 234 3 0.34230475564084317 0.021604360787126187
144 234 3 0.35605579500588208 0.021893046457997334
145 234 3 0.36942031647324708 0.022183141305079812
146 234 3 0.38239151263117915 0.02246732842016036
147 234 3 0.39496151119087336 0.022730174682149384
148 234 3 0.40712818523339162 0.022953291024450373
149 234 3 0.41890496870894672 0.023129332600484109
150 234 3 0.43032532138216784 0.023274085229103736
151 234 3 0.44143303360714858 0.023406236115660006
152 234 3 0.4522726764975924 0.023520950939592944
153 234 3 0.46290129588362194 0.023617390608152933
154 234 3 0.4734058737661952 0.023830551598777894
155 234 3 0.48381766682590505 0.024294198382371068
156 234 3 0.49400746773664622 0.02493052790230893
157 234 3 0.50369428079943024 0.024876022861788805
158 234 3 0.51311479948482475 0.025204351044489148
159 234 3 0.52215815222821738 0.025280000644704481
160 234 3 0.53091875050963488 0.026036894290288992
161 234 3 0.53887068591466036 0.025559321844777716
162 234 3 0.54636493808235731 0.0249440086730911
163 234 3 0.55414070681213057 0.025063767579716956
164 234 3 0.56263700977174358 0.029534546724999444
165 234 3 0.56754197650324689 0.024629579993496131
166 234 3 0.57214868315559542 0.024146681302349871
167 234 3 0.57493476294046597 0.021360601517479316
168 234 2 0.57330234213822973 0.028343004979589415
170 234 2 0.58196356226381274 0.026240150605546186
188 234 2 0.58163708267197345 0.026238200412651791
190 234 2 0.57289653641068605 0.028338534650293012
192 234 3 0.57444026125706005 0.021294472176314416
193 234 3 0.57160814798815773 0.024126585445216731
194 234 3 0.56695565936364367 0.024589478339489101
195 234 3 0.56202257642161879 0.029522561281513982
196 234 3 0.55349560601467496 0.025053086307325501
197 234 3 0.54568762309646068 0.024936322534393707
198 234 3 0.5381583965733947 0.025558761213172909
199 234 3 0.53016660389638082 0.026037396880949748
200 234 3 0.521360373048113 0.025274551527981193
201 234 3 0.51226922971101896 0.025196585494944856
202 234 3 0.50279883587167218 0.024864009249268348
203 234 3 0.49306174385930873 0.024918069696766743
204 234 3 0.48281992121593875 0.02427921810317113
205 234 3 0.47235469581268624 0.023812836222832257
206 234 3 0.4617956446213537 0.023597306483365887
207 234 3 0.45111156395666752 0.023498867701349069
208 234 3 0.4402152259991734 0.023382048009913003
209 234 3 0.4290493642032166 0.02324762321170537
210 234 3 0.41756918388546288 0.023100385428338088
211 234 3 0.40573062729033132 0.022921458693617891
212 234 3 0.39349998536366898 0.022694813187553509
213 234 3 0.3808636897057579 0.022427617131525968
214 234 3 0.36782390099896078 0.022138159108310518
215 234 3 0.35438870944925016 0.021841818545586533
216 234 3 0.34056532777483028 0.02154588110823441
217 234 3 0.32635850829192958 0.02125107297799339
218 234 3 0.31177283180223259 0.020955751821678192
219 234 3 0.29681625101140496 0.020659275002903488
220 234 3 0.28150240004342231 0.020362198569195467
221 234 3 0.26585043496094612 0.020064790862440118
222 234 3 0.24988103068470488 0.019766600873521195
223 234 3 0.23360445945346778 0.019471868604116288
224 234 3 0.21699534014498803 0.01920903872573862
225 234 3 0.19994174834874812 0.023430938478483709
226 234 2 0.17651080987026441 0.01941534009533652
228 234 2 0.15924808540938554 0.022069418863997825
230 234 2 0.14376037946582493 0.017911351712602608
134 235 3 0.18938057513806555 0.013202954315147147
135 235 3 0.20033861612119627 0.024160995298277865
136 235 3 0.21653257016870012 0.019283990894581465
137 235 3 0.23243985941206149 0.019599798612660341
138 235 3 0.24806525377189428 0.019882369174191644
139 235 3 0.26337908321386627 0.020153456500611511
140 235 3 0.27834972713352196 0.02042590817652451
141 235 3 0.29295561440561085 0.020703730147168919
142 235 3 0.30718467432355168 0.020986675908283625
143 235 3 0.32103159785476587 0.021273157786077301
144 235 3 0.33449448730527215 0.021561307700609933
145 235 3 0.34757220515806214 0.021848111315184937
146 235 3 0.36026367221350375 0.022127840417675404
147 235 3 0.37256964131771886 0.022391869873154502
148 235 3 0.38449655985541326 0.022631625377978359
149 235 3 0.39606073829618682 0.022844230412759903
150 235 3 0.40728953713127747 0.023035784250890368
151 235 3 0.41821759792541391 0.023215435681734675
152 235 3 0.42888262053099674 0.023390055966595658
153 235 3 0.43932501348511033 0.023576282398511617
154 235 3 0.44958240094256829 0.023823472823626901
155 235 3 0.4596570056458425 0.024160661180062548
156 235 3 0.46948878191387511 0.024518685822771114
157 235 3 0.47899084810625259 0.024703432693177652
158 235 3 0.48819142163707652 0.024923377847748229
159 235 3 0.49706232413084139 0.025095828097375983
160 235 3 0.5055896225663955 0.025329127943239382
161 235 3 0.5136660499726915 0.025204635941968867
162 235 3 0.52142092940926621 0.0249440086730911
163 235 3 0.52907693923241361 0.025063767579716956
164 235 3 0.53658452473391427 0.026052485037829309
165 235 3 0.54310008669001308 0.024641202211754698
166 235 3 0.54971084213879717 0.024102247502612362
167 235 3 0.55788013971347661 0.024415549035136319
192 235 3 0.55740922525094494 0.024407316745401419
193 235 3 0.54919028222363686 0.024088619289410862
194 235 3 0.54253634598755784 0.024625670427120272
195 235 3 0.53598477332035532 0.026037803101263468
196 235 3 0.52844251970734946 0.025053086307325501
197 235 3 0.52075130056206698 0.024936322534393707
198 235 3 0.51295936163360245 0.025199034939792253
199 235 3 0.50484291162509887 0.02532369227128195
200 235 3 0.49627232152359524 0.025088051524517763
201 235 3 0.48735587808029035 0.024913351630728608
202 235 3 0.47810800349057159 0.024690832381100591
203 235 3 0.46855744841985053 0.024504295439458201
204 235 3 0.45867584670499362 0.024144074510945135
205 235 3 0.4485501814468551 0.023804514365831142
206 235 3 0.43824064268771257 0.023555001933641129
207 235 3 0.4277450395097655 0.023366524446902015
208 235 3 0.41702565341351733 0.023189572585656071
209 235 3 0.40604194640805047 0.02300741779516613
210 235 3 0.39475607827148057 0.02281310561398231
211 235 3 0.38313326689171134 0.022597360398619981
212 235 3 0.37114604980321081 0.022353935560458171
213 235 3 0.35877810536743826 0.022085584338319642
214 235 3 0.34602310450215779 0.021800796496802999
215 235 3 0.33288056268780564 0.021508146761444524
216 235 3 0.31935198780769092 0.021213339967139366
217 235 3 0.30543911566923759 0.02091939262269199
218 235 3 0.29114462459758178 0.020628207204650806
219 235 3 0.27647479815688142 0.020341452854523545
220 235 3 0.26144287017553064 0.020059529867891668
221 235 3 0.24607172631724097 0.019778708643705151
222 235 3 0.23039440854381316 0.019486622140891724
223 235 3 0.21444219694140798 0.019162262512059797
224 235 3 0.19821216194019067 0.024029370192289179
225 235 3 0.1872145932011281 0.013031801453226605
128 236 1 0.13923025000792033 0.015425692116684125
132 236 2 0.15930706912590326 0.020076819117982925
134 236 2 0.17617762082291841 0.018681974806712492
136 236 3 0.19751705744776241 0.021339436624843999
137 236 3 0.21309960625578026 0.01934025315628124
138 236 3 0.22846800895482122 0.019597244817073062
139 236 3 0.24353835987656761 0.019840723337298666
140 236 3 0.25825419901224289 0.020095528121279072
141 236 3 0.27259050407312668 0.020365110332484171
142 236 3 0.2865381929169542 0.020646481406597472
143 236 3 0.30009689610345863 0.020934701751307239
144 236 3 0.31326923588052646 0.021225251424745684
145 236 3 0.32605779142597052 0.02151441373209162
146 236 3 0.33846543850000715 0.021798233713496595
147 236 3 0.35049769257663282 0.022071948741086034
148 236 3 0.36216540527470542 0.022331154580707835
149 236 3 0.37348657251351269 0.022574165782674127
150 236 3 0.38448621740213135 0.022803319729146121
151 236 3 0.39519404651553275 0.02302355140988116
152 236 3 0.40564122824591725 0.023241392285079487
153 236 3 0.41585701637545658 0.023467997109653749
154 236 3 0.4258622844347999 0.023720116507768396
155 236 3 0.43565708776980233 0.023999917876040167
156 236 3 0.4452151258480892 0.024273656065785909
157 236 3 0.45450171912157428 0.02448912898467831
158 236 3 0.46350809643270302 0.024683325204373496
159 236 3 0.47221813902408927 0.024844185106752126
160 236 3 0.48061715249252679 0.024972470073868713
161 236 3 0.48868661583198597 0.024979434140705525
162 236 3 0.49647739618091102 0.024943533228355186
163 236 3 0.50406118001655398 0.025015759215859634
164 236 3 0.5114216647784714 0.025162859955442873
165 236 3 0.51845888447825839 0.024851310991204301
166 236 3 0.52560859463618481 0.024908039183471287
167 236 3 0.53346459067834029 0.025559322676451446
168 236 3 0.54236278075915856 0.030939561379071168
169 236 3 0.54755589355812206 0.026611933370227714
170 236 3 0.55350919192864301 0.028454370335169732
171 236 3 0.55793763138788999 0.026554593237071988
172 236 3 0.56478669336639298 0.032268942074399121
173 236 3 0.5677798467027092 0.029275788738082897
174 236 3 0.56945826875313044 0.027597366687661662
175 236 3 0.57075921253956208 0.026787508035099994
176 236 3 0.57243981645731556 0.027719895755101587
177 236 3 0.57321041377916437 0.026949298433252777
178 236 3 0.57359209419113721 0.026567618021279937
179 236 3 0.57374806613647145 0.026411646075945705
180 236 3 0.57372057477656491 0.026376889548211602
181 236 3 0.57353662760381463 0.026560836720961878
182 236 3 0.57313156691643719 0.026965897408339323
183 236 3 0.57232753449484242 0.027769929829934092
184 236 3 0.57057366508062402 0.026770830477060414
185 236 3 0.56923974209596373 0.027573426305834481
186 236 3 0.56753925987830656 0.029273908523491654
187 236 3 0.56452176040657664 0.032291407995221566
188 236 3 0.55762869445268903 0.026549799613553415
189 236 3 0.55316907006595439 0.028468012606019055
190 236 3 0.54717051132369066 0.026604778951739294
191 236 3 0.54194549219709554 0.030951044213590517
192 236 3 0.53300190850554352 0.02555213611868512
193 236 3 0.525101662934226 0.024897277493706294
194 236 3 0.51791067556043757 0.024838871946786967
195 236 3 0.51083538378809124 0.025149389532264088
196 236 3 0.50343811867044885 0.025004401036900603
197 236 3 0.49581744377748627 0.02493385678458071
198 236 3 0.4879886363937152 0.024970725239887248
199 236 3 0.47987929614503411 0.02496361548006476
200 236 3 0.47143831763932736 0.024834003884267875
201 236 3 0.46268450028317687 0.024671377797113481
202 236 3 0.45363282949717787 0.024475173993393717
203 236 3 0.4442996918482861 0.024257756571564426
204 236 3 0.43469392873962831 0.023981917965365307
205 236 3 0.42485029778477695 0.023699883662078147
206 236 3 0.41479517401250648 0.023445468675206083
207 236 3 0.4045285263404223 0.0232165131693432
208 236 3 0.394029447297152 0.022996206116365325
209 236 3 0.38326862071426154 0.022773325693788926
210 236 3 0.37221481029750392 0.022541267973976653
211 236 3 0.36083825703635614 0.022295009855355208
212 236 3 0.34911393093590576 0.022032118867305051
213 236 3 0.33702390951369565 0.021754195853742608
214 236 3 0.32455752340517563 0.021465581096982156
215 236 3 0.31170956546973649 0.021170997218069143
216 236 3 0.29847760264765255 0.020874385160038367
217 236 3 0.28485963898932665 0.020579476679910946
218 236 3 0.27085378671809573 0.020290837879486046
219 236 3 0.25646131339733774 0.020013484759543676
220 236 3 0.24169234737985942 0.019750522795671216
221 236 3 0.22657299342075959 0.01949873289648138
222 236 3 0.21116057011891587 0.019233838424897287
223 236 3 0.19553980511734811 0.02135701336944662
224 236 2 0.17418279174790149 0.018530585822757878
226 236 2 0.15725854424311472 0.020079877697727011
228 236 1 0.13717866654538771 0.014987688884536235
136 237 3 0.18424520443836953 0.014925037301714406
137 237 3 0.1939561970163054 0.024636029879650273
138 237 3 0.20914749452067788 0.019320514434143343
139 237 3 0.22402688352065162 0.019511476355915991
140 237 3 0.23850908703602847 0.019745111976214424
141 237 3 0.25258113578841607 0.020009368284710616
142 237 3 0.26624416620574121 0.020294026711212998
143 237 3 0.27950846977640736 0.020588426327051268
144 237 3 0.29238422298621342 0.020885012894313049
145 237 3 0.30487738158625 0.021180409839720526
146 237 3 0.31699243260002224 0.021473005899984909
147 237 3 0.3287369564276042 0.021760736149028626
148 237 3 0.34012439808492606 0.02204100718977936
149 237 3 0.35117455148311844 0.022312021030394258
150 237 3 0.36191243964631808 0.022573777755813262
151 237 3 0.37236604813926721 0.022827998376265535
152 237 3 0.38256338225710845 0.023077845988808798
153 237 3 0.39252899909822825 0.02332801727722833
154 237 3 0.40227945413179422 0.023582830303005675
155 237 3 0.41181817311564317 0.02383891465415916
156 237 3 0.42113463086888464 0.024080494979204559
157 237 3 0.43021207179905901 0.024289647322515262
158 237 3 0.43903799458952431 0.024470101843178715
159 237 3 0.4475995725173339 0.024618566506755368
160 237 3 0.45588660474958531 0.024730547742941478
161 237 3 0.46389610650196933 0.024790509330016641
162 237 3 0.47164904443793376 0.024828351742977262
163 237 3 0.47917490263877005 0.024886277377783927
164 237 3 0.4864863094095026 0.024935355368968792
165 237 3 0.49360757348705409 0.024914094698572531
166 237 3 0.50070055545271352 0.025112707714654625
167 237 3 0.50790526800188884 0.025568549972365628
168 237 3 0.51502436827034581 0.027338412488812747
169 237 3 0.52094396018789435 0.026611933370227714
170 237 3 0.52647280971076982 0.027036382217873189
171 237 3 0.531383038150818 0.026626175298228305
172 237 3 0.53626381203902584 0.028522881327367133
173 237 3 0.53970815113672843 0.02807169556598077
174 237 3 0.54212729900367451 0.027330969749455925
175 237 3 0.54397170450446208 0.026787508035099994
176 237 3 0.54551805812547405 0.026921758331841517
177 237 3 0.54653795930730931 0.026672454471855067
178 237 3 0.5471380105825624 0.026454083608574819
179 237 3 0.54740766770564331 0.026340398430828138
180 237 3 0.54738793198545754 0.026332642791107364
181 237 3 0.54708474336146118 0.026451884242353452
182 237 3 0.54645258658512752 0.026678980331309665
183 237 3 0.54539559864249787 0.026931935852344546
184 237 3 0.5438028346035636 0.026770830477060414
185 237 3 0.54192184559335088 0.027317896502612848
186 237 3 0.53947178700832488 0.02806747286998168
187 237 3 0.53599613229912146 0.028525628107455181
188 237 3 0.53107889483913562 0.026622312795100744
189 237 3 0.52613319702893824 0.027035873037016156
190 237 3 0.52056573237195136 0.026604778951739294
191 237 3 0.51460917481141732 0.02733631738567821
192 237 3 0.5074497723868584 0.025560902594211565
193 237 3 0.50020438544051971 0.025102925804373843
194 237 3 0.49307180361365061 0.024902940599066337
195 237 3 0.48591232505987797 0.024923058728213265
196 237 3 0.47856343289995235 0.024874685770496507
197 237 3 0.47100003166594251 0.024817412111543757
198 237 3 0.46320881751228565 0.024779818881429549
199 237 3 0.45515982740240585 0.024719468742628259
200 237 3 0.44683188314722272 0.024606434492104645
201 237 3 0.43822801051738736 0.024456489765789513
202 237 3 0.42935853894857512 0.02427429054860275
203 237 3 0.42023643277125189 0.024063259077034216
204 237 3 0.41087427712961072 0.023819651610017589
205 237 3 0.40128889366098758 0.023561404123789376
206 237 3 0.39149085882376444 0.023304315188742042
207 237 3 0.38147677151406084 0.023051754826361459
208 237 3 0.37123007295154398 0.022799374345608026
209 237 3 0.36072618777694077 0.022542432937320778
210 237 3 0.34993709426698028 0.022277716030523642
211 237 3 0.33883481243691976 0.022003444599436373
212 237 3 0.32739437267224702 0.021719558263658734
213 237 3 0.31559611057542797 0.021427798938267684
214 237 3 0.30342681001917732 0.021130713385998312
215 237 3 0.29087923057131687 0.020830334898419622
216 237 3 0.2779493356467691 0.020528267000883449
217 237 3 0.26463172678850078 0.02022791220082587
218 237 3 0.2509169032155521 0.019936883502543634
219 237 3 0.2367954104821326 0.019665902915205147
220 237 3 0.22226715302691499 0.01942519435294443
221 237 3 0.20734621039383205 0.019226783026927541
222 237 3 0.1921179679363727 0.02452565930993103
223 237 3 0.18236062310056242 0.014768314474120747
132 238 2 0.14303430346576973 0.019229745574533524
134 238 3 0.15634611860229847 0.01983150222061994
135 238 3 0.1629180122040628 0.013259608618855612
136 238 2 0.16932016713665513 0.021155608364602646
138 238 3 0.19012260608857526 0.020802438951920132
139 238 3 0.20489242199636004 0.019134461524291574
140 238 3 0.21915017188903685 0.019358915146991618
141 238 3 0.23295314511638543 0.019627990672030637
142 238 3 0.2463176473288714 0.019926518876869803
143 238 3 0.25927389861404027 0.020234571162367099
144 238 3 0.27184373302518061 0.020540489961032804
145 238 3 0.28403372953208511 0.020843652054164885
146 238 3 0.29584542332036828 0.021147009279653961
147 238 3 0.30728568665522421 0.021451269772379988
148 238 3 0.31837007030743675 0.021754327777489313
149 238 3 0.32912128093081483 0.022053270552303605
150 238 3 0.3395666016269232 0.022345838019394881
151 238 3 0.34973523256348227 0.022630815575784946
152 238 3 0.35965547665337572 0.022907905603732737
153 238 3 0.36935174142827382 0.023177257669954432
154 238 3 0.37884138816069496 0.023438065971099264
155 238 3 0.38813203348330372 0.023686139632339454
156 238 3 0.39722120994569909 0.023913420923185547
157 238 3 0.40609960576330967 0.024112466035749347
158 238 3 0.41475557254984136 0.024282422039682949
159 238 3 0.4231766278096013 0.024422944707732597
160 238 3 0.43135247691214818 0.024534127837437136
161 238 3 0.43927893677195928 0.024617169730010047
162 238 3 0.44696250213859878 0.024686542299334979
163 238 3 0.45441582015380833 0.024759082484961725
164 238 3 0.46165191048212667 0.024834398927375934
165 238 3 0.46869347878848155 0.024914094698572531
166 238 3 0.4755878477380589 0.025112707714654625
167 238 3 0.48233671802952321 0.025568549972365628
168 238 3 0.48878874551856411 0.026235622751781706
169 238 3 0.49462448813920429 0.026319472048690062
170 238 3 0.49995530811275835 0.026517501598011473
171 238 3 0.50475686285258969 0.026626175298228305
172 238 3 0.50907504044628227 0.027188771592743577
173 238 3 0.51255841241548095 0.027149738721247485
174 238 3 0.51526719843843616 0.026860100565238354
175 238 3 0.51737788796377082 0.026593816540691262
176 238 3 0.51901798316979197 0.026500074955682074
177 238 3 0.52018031592340552 0.026357643383903784
178 238 3 0.52090912330363737 0.026228887278925028
179 238 3 0.52125139238678175 0.026156275318861555
180 238 3 0.52123347669968323 0.026154455285774314
181 238 3 0.52085664095192452 0.026228102409536658
182 238 3 0.52009341691671707 0.026359169668410454
183 238 3 0.51889469620960638 0.026500902432891493
184 238 3 0.51721590550749619 0.026586929096067413
185 238 3 0.51506919001980866 0.026852655573542217
186 238 3 0.51232672647322908 0.0271450605350958
187 238 3 0.50880981830133576 0.027186313997785705
188 238 3 0.50445658204403487 0.026622312795100744
189 238 3 0.49961941975061591 0.026513777278322326
190 238 3 0.49425184139866912 0.026313890973282239
191 238 3 0.48837906590643065 0.026230108904986671
192 238 3 0.48188886979264683 0.025560902594211565
193 238 3 0.47510145963614586 0.025102925804373843
194 238 3 0.46816886301458427 0.024902940599066337
195 238 3 0.46108959918375936 0.024822725876118612
196 238 3 0.45381610970930364 0.024747323190648707
197 238 3 0.44632527646515846 0.024674755200784049
198 238 3 0.43860366876586898 0.024605148746416672
199 238 3 0.43063832472803015 0.024521502674375695
200 238 3 0.42242257976817044 0.024409303379052283
201 238 3 0.41396058542583469 0.024267425091552663
202 238 3 0.40526268109442759 0.024095857854147529
203 238 3 0.39634141941965434 0.023895013351597549
204 238 3 0.38720851017312446 0.023665766956486256
205 238 3 0.37787331612836422 0.023415577532623355
206 238 3 0.36833834463060877 0.023152514193155671
207 238 3 0.35859600541215164 0.0228807661019092
208 238 3 0.34862895148208184 0.022601121469462138
209 238 3 0.33841278436860234 0.022313403408338428
210 238 3 0.32791921600473861 0.022017878262241664
211 238 3 0.31711908396727484 0.021715728469644924
212 238 3 0.30598519054693729 0.021409182125309734
213 238 3 0.29449499135710627 0.021101119218321696
214 238 3 0.28263319937521769 0.020793610643959626
215 238 3 0.27039331445371334 0.020485916117603531
216 238 3 0.257774263077025 0.020175072569744101
217 238 3 0.24476998592536561 0.019861740863135163
218 238 3 0.23135922276346974 0.019557680452082365
219 238 3 0.21751248674660117 0.019282923735531421
220 238 3 0.2032146419058945 0.019052511121020493
221 238 3 0.18841060798266107 0.0208182993562194
222 238 2 0.16759230862644167 0.021015176023759713
224 238 3 0.16108465392892179 0.013098137818979699
225 238 3 0.15447353362327151 0.01970925812462998
226 238 2 0.14114953884291548 0.018958561182064002
134 239 3 0.14325201065049747 0.019447452759261269
135 239 3 0.14982390425226183 0.026019346361025625
138 239 3 0.17711901223510829 0.014348527376305403
139 239 3 0.18625484424096167 0.023484359382158787
140 239 3 0.20022712741200457 0.018923044477032275
141 239 3 0.21374111139570179 0.019212033720683641
142 239 3 0.22677336916325316 0.01954427816561824
143 239 3 0.23939634237631555 0.019877556237724719
144 239 3 0.25165038629765191 0.020193346727528705
145 239 3 0.26353249029551895 0.02050123923656616
146 239 3 0.27503085660026916 0.020814566720099126
147 239 3 0.28614830626062243 0.021137380394601779
148 239 3 0.29690401450884402 0.021466055798592731
149 239 3 0.3073261743942548 0.021795106536560027
150 239 3 0.31744698149444178 0.022119620132481421
151 239 3 0.32729965740701567 0.022435575156466603
152 239 3 0.33691579351844037 0.022739683134935351
153 239 3 0.34632279241213215 0.023028949016141664
154 239 3 0.35554151512743315 0.023299873033261809
155 239 3 0.36458410675295061 0.023547926730353108
156 239 3 0.37345291860297797 0.023768291342721126
157 239 3 0.38214157754225447 0.023958028221055194
158 239 3 0.39063778879945477 0.02411778375038659
159 239 3 0.39892639551846815 0.024250232291133156
160 239 3 0.40699308839266157 0.024359388519486602
161 239 3 0.41482792092376281 0.024451015848196478
162 239 3 0.42242743973807123 0.024535062400527552
163 239 3 0.42979323161906108 0.024622588534747247
164 239 3 0.43692939071829973 0.024722519763826944
165 239 3 0.44384208267019853 0.02485139611828302
166 239 3 0.45053431872489436 0.025053529013164544
167 239 3 0.45697691003063318 0.025359807998890038
168 239 3 0.46307960419820765 0.025709141320356454
169 239 3 0.46871859526959397 0.025905892869610314
170 239 3 0.47387432142140173 0.026080986691356611
171 239 3 0.47852004711182611 0.026236815740763586
172 239 3 0.48262591710640634 0.026449123339875924
173 239 3 0.48608718272701595 0.026471229688464992
174 239 3 0.48890840224503679 0.02635879619339937
175 239 3 0.49115731612554597 0.026220571838224849
176 239 3 0.49289788761284231 0.026120095556949663
177 239 3 0.49415810738972216 0.026022208533683366
178 239 3 0.49496849060942011 0.025940632694217258
179 239 3 0.49535692679372378 0.025894465593057969
180 239 3 0.49533956998576983 0.025893906713913395
181 239 3 0.49491665346074826 0.025939987491176264
182 239 3 0.4940716704732343 0.026021746443482763
183 239 3 0.49277610498849694 0.026118591221109433
184 239 3 0.49099958355282397 0.026216321954672217
185 239 3 0.48871552922550215 0.02635366079430651
186 239 3 0.48586007856081237 0.026466647912416708
187 239 3 0.4823647256849799 0.026445092616355859
188 239 3 0.47822423420338683 0.02623234784064804
189 239 3 0.47354337045231137 0.026076049298304538
190 239 3 0.46835187210008489 0.025899969298584236
191 239 3 0.46267664771109923 0.025702418195331422
192 239 3 0.45653715937762751 0.025351710415019324
193 239 3 0.4500574845416363 0.025043975094509563
194 239 3 0.44332817793667206 0.024840685077912206
195 239 3 0.43637854965127942 0.024711049532479934
196 239 3 0.42920549420382259 0.024610615505481048
197 239 3 0.4218026297369768 0.024522646728181663
198 239 3 0.41416562086360348 0.024438047902265503
199 239 3 0.4062926817224875 0.02434564300554265
200 239 3 0.39818714420685097 0.024235435561319463
201 239 3 0.3898589127239242 0.024101672701910493
202 239 3 0.3813223084141299 0.023940372680297695
203 239 3 0.37259252495885459 0.023748894460799752
204 239 3 0.36368189768539061 0.023526612487733856
205 239 3 0.35459683634119082 0.023276479787173399
206 239 3 0.34533502053933712 0.023003324091271649
207 239 3 0.33588433179716942 0.02271167361498222
208 239 3 0.32622393406154543 0.022405017420536411
209 239 3 0.31632645009172633 0.022086334276876007
210 239 3 0.3061603174735128 0.021758898531225812
211 239 3 0.29569235972694313 0.021426724240331707
212 239 3 0.2848904693701913 0.02109472117674599
213 239 3 0.27372662370341361 0.020768367653692665
214 239 3 0.26218193913301369 0.020451260242204006
215 239 3 0.25025401759680282 0.020139296856910516
216 239 3 0.23795516122017746 0.019819101856847543
217 239 3 0.22528886630518571 0.019481119620179899
218 239 3 0.2122151440752158 0.019144078688253935
219 239 3 0.19866190506133707 0.018850581685264101
220 239 3 0.18465327151608485 0.023405030497053447
221 239 3 0.17547806894224602 0.014229827923214616
224 239 3 0.14808586675638252 0.025894889095531046
225 239 3 0.14147474645073224 0.019283768789880765
0 240 0 0.0078911076506329968 0.00088623964658595452
8 240 0 0.008562835064076903 0.0013634189203448489
16 240 0 0.0099262539844217519 0.0020936492322714932
24 240 0 0.012019903216693245 0.0028782420849054659
32 240 0 0.014898145301598711 0.0037289651130954695
40 240 0 0.018627110414694181 0.004652308021458107
48 240 0 0.023279418436152288 0.0056483587252596362
56 240 0 0.028927777161411924 0.0067097583196379755
64 240 0 0.035637535481049899 0.0078206483027446205
72 240 0 0.04345818378379452 0.0089554248634956951
80 240 0 0.052413608647290215 0.010077042107806841
88 240 0 0.062490650755097056 0.011134683361357041
96 240 0 0.073625334116454097 0.012060419933300592
104 240 0 0.085685754049754689 0.012758477047965053
112 240 0 0.098444231097719742 0.013544013002803557
120 240 0 0.11148421377370454 0.016694848399828349
128 240 0 0.12380455789123621 0.018203632342011306
136 240 2 0.14816455877205248 0.024360000880816274
138 240 2 0.16277048485880288 0.018916443379232095
140 240 3 0.18174840707786605 0.018977922219063165
141 240 3 0.1949933005112994 0.018747810884402388
142 240 3 0.20761746686398028 0.019155902299272887
143 240 3 0.21986350604308744 0.01953283633322811
144 240 3 0.2318015638088759 0.019848822488776008
145 240 3 0.24338446209644835 0.020148028199070606
146 240 3 0.25456366738364594 0.020467189216623216
147 240 3 0.26533621350685643 0.020812092753765998
148 240 3 0.27573223166467847 0.021171782844165543
149 240 3 0.28579040939315686 0.02153576500109794
150 240 3 0.29555082301094598 0.021896158483495798
151 240 3 0.30505336325340626 0.022246294153609403
152 240 3 0.31433546045864325 0.02258033305979712
153 240 3 0.32342985797016127 0.02289293444197088
154 240 3 0.3323630856721384 0.023178429455294747
155 240 3 0.34115289188353076 0.023431214869419847
156 240 3 0.3498053768726378 0.023647541730340171
157 240 3 0.35831430513480184 0.023827272407452638
158 240 3 0.36666367930079108 0.023974109498663687
159 240 3 0.37483196259933332 0.024094432919134823
160 240 3 0.38279731963539981 0.02419576875726176
161 240 3 0.39054191287084727 0.024286008052915531
162 240 3 0.39805379474574476 0.024373644992326471
163 240 3 0.40532602410798679 0.024467207511074285
164 240 3 0.41235420444753834 0.024575186270761384
165 240 3 0.41913318564835 0.02470889702184853
166 240 3 0.42565071250075426 0.024883606224140098
167 240 3 0.43187557776681929 0.025101332263813891
168 240 3 0.43775113468079396 0.025328469517413688
169 240 3 0.44321144837247756 0.025507146897116417
170 240 3 0.44821745598748086 0.025656865433920872
171 240 3 0.45273598205620952 0.02578406505561659
172 240 3 0.45673320964695108 0.025892707459455266
173 240 3 0.46016689713056097 0.025920285596454984
174 240 3 0.46303206491089521 0.025876337334141575
175 240 3 0.46535464598774706 0.025802670137798911
176 240 3 0.46716724311782815 0.025730644495014166
177 240 3 0.46849450137744747 0.025663606012274687
178 240 3 0.46935835603208986 0.025610134577330246
179 240 3 0.46977670152133755 0.025580225272386237
180 240 3 0.46975967341880037 0.025579896566969462
181 240 3 0.46930729275012989 0.025609360710618367
182 240 3 0.46840928786408137 0.025662382609152934
183 240 3 0.46704759071251445 0.025728514275982495
184 240 3 0.4652003817704663 0.025799201782357672
185 240 3 0.46284345194854354 0.025872077276958616
186 240 3 0.45994427037453883 0.025915808186273537
187 240 3 0.45647662801121053 0.025888097673769372
188 240 3 0.45244520364423046 0.025779030559156368
189 240 3 0.44789213165314468 0.025651238799166698
190 240 3 0.44285116997113932 0.025500702128945563
191 240 3 0.43735552706120617 0.025321120649893059
192 240 3 0.43144428361056492 0.025092875767062595
193 240 3 0.42518349324491866 0.024873991296717635
194 240 3 0.41862993588620895 0.024698242050463115
195 240 3 0.41181487561755847 0.02456367403372095
196 240 3 0.40475052149346397 0.024454972710358625
197 240 3 0.39744190671716545 0.024360723019811348
198 240 3 0.38989328923865807 0.024272331624945409
199 240 3 0.38211149140888173 0.024181190313605772
200 240 3 0.37410838590296891 0.024078758303882064
201 240 3 0.3659017831036368 0.023957129620287398
202 240 3 0.35751352624645016 0.023808782167679732
203 240 3 0.34896517685830997 0.023627348100544621
204 240 3 0.34027275969893406 0.023409137986456552
205 240 3 0.33144253423440068 0.023154302106790148
206 240 3 0.32246842077270477 0.022866599766632356
207 240 3 0.31333269511440637 0.022551636682763054
208 240 3 0.30400886105870928 0.02221507300283615
209 240 3 0.29446421357757685 0.02186223651414948
210 240 3 0.2846613528721198 0.021498964601393
211 240 3 0.27456041381313906 0.021131945913804073
212 240 3 0.26412137154307469 0.020769097827116612
213 240 3 0.25330567784643088 0.020420945856982731
214 240 3 0.24208351090569785 0.020098428227315834
215 240 3 0.2304583606197739 0.019795656977028925
216 240 3 0.21847940750015621 0.019475753720021249
217 240 3 0.20619438167212381 0.019094484633061903
218 240 3 0.19353319146319367 0.018681952612022129
219 240 3 0.18025285056292772 0.019004609543896323
220 240 2 0.1612482410190314 0.018817429210134018
222 240 2 0.14657713260268196 0.024386154941830482
224 240 0 0.12219097766085148 0.017880816973460598
232 240 0 0.10967816624388738 0.016170861509334944
240 240 0 0.096588963261124872 0.013089202982762504
248 240 0 0.083864252017508981 0.012724711243615891
256 240 0 0.07190133913687291 0.01196291288063607
264 240 0 0.06089704540897619 0.01100429372789672
272 240 0 0.050957498151251363 0.0099395472577248276
280 240 0 0.042128600913640138 0.0088288972376112246
288 240 0 0.034409732229738504 0.0077188686839016335
296 240 0 0.027764060356576355 0.0066456718731621491
304 240 0 0.022127620904033522 0.0056364394525428331
312 240 0 0.017417443438250246 0.004710177465783276
320 240 0 0.013538746695623953 0.003878696742626293
328 240 0 0.010391159390278829 0.0031475873053451245
336 240 0 0.0078739063826797021 0.0025172530075991267
344 240 0 0.0058899192553060987 0.0019839871273736034
352 240 0 0.0043488749543356573 0.0015410443009704414
360 240 0 0.003169220024503149 0.0011796549298325083
368 240 0 0.0022792874085680757 0.00088993261593507331
376 240 0 0.0016176491945364962 0.00066163821403157955
384 240 0 0.0011328683939456445 0.00048478080059085162
392 240 0 0.00078281595793889755 0.00035005243600674698
400 240 0 0.0005337084322399728 0.00024910752569892475
408 240 0 0.00035900088233414981 0.00017470754990582299
416 240 0 0.00023824329115055781 0.000120757591183592
424 240 0 0.00015598047744062364 8.226281370993417e-05
432 240 0 0.00010074883005635872 5.5231647384264916e-05
440 240 0 6.4199931541075709e-05 3.6548898515283013e-05
448 240 0 4.0362598772156292e-05 2.3837332768919417e-05
456 240 0 2.504130537868153e-05 1.5321293393474762e-05
464 240 0 1.5340056924158359e-05 9.7012484545231709e-06
472 240 0 9.2958672048730193e-06 6.0441897192853393e-06
480 240 0 5.6041612741925564e-06 3.6917059306804629e-06
488 240 0 3.4188292398737861e-06 2.1853320343187703e-06
496 240 0 2.2114992912157935e-06 1.2073299486579926e-06
504 240 0 1.6772767283410236e-06 5.3422256287476989e-07
140 241 3 0.16899354818838355 0.014397697835813933
141 241 3 0.17685359520041863 0.022257744847849009
142 241 3 0.18882377536104503 0.01879369150293525
143 241 3 0.20061953643066655 0.019243969612420891
144 241 3 0.21228566641832988 0.019515897390546016
145 241 3 0.22361486372706693 0.019769598369381414
146 241 3 0.23447494886061626 0.020088718523029681
147 241 3 0.24486963927496391 0.02046657423189252
148 241 3 0.25486455545898701 0.020867676205691466
149 241 3 0.2645160370895922 0.021274372303564659
150 241 3 0.27387360532620797 0.021677217684738015
151 241 3 0.28298608461658481 0.022067278636821452
152 241 3 0.29189896122167502 0.022436499236968221
153 241 3 0.30065183728332917 0.022778020686832101
154 241 3 0.30927947282269036 0.023083612849448043
155 241 3 0.3178080813554176 0.023344810528113158
156 241 3 0.32624819835375418 0.023557178518883615
157 241 3 0.3345911537873108 0.023723151347491034
158 241 3 0.34281302952752379 0.023850649773267285
159 241 3 0.35088067385418137 0.023951288745151955
160 241 3 0.35876043461888685 0.024036885016512965
161 241 3 0.36642469588270266 0.024117216988144619
162 241 3 0.37385390267760082 0.024199892068143936
163 241 3 0.38103504956849732 0.024290974539489474
164 241 3 0.38795854884499265 0.024395655602545696
165 241 3 0.39461428753535505 0.024518898112994958
166 241 3 0.40098659417962329 0.024664118321130968
167 241 3 0.40704873892071813 0.024826838846101151
168 241 3 0.41276154416402305 0.02498959051677091
169 241 3 0.41808080341829001 0.025130644954187542
170 241 3 0.42296894773854099 0.025248508248939872
171 241 3 0.42739289932443614 0.025343082731773381
172 241 3 0.43132267169843103 0.025410537948520051
173 241 3 0.43473285468810946 0.02543404244245151
174 241 3 0.43761528156731444 0.025416783343580773
175 241 3 0.43997831385009406 0.025376332137653002
176 241 3 0.44183781262531729 0.025329430492510852
177 241 3 0.44320982297913597 0.0252846783983115
178 241 3 0.44410902550425418 0.025249330527835678
179 241 3 0.44454703286318614 0.025229668658151405
180 241 3 0.44453031515523173 0.025229358263568646
181 241 3 0.44405885926883171 0.025248433481298183
182 241 3 0.44312613506418386 0.025283152799897513
183 241 3 0.44172048231107131 0.025327108401443144
184 241 3 0.4398272792391959 0.025373102531270397
185 241 3 0.43743062319579018 0.025412828752753358
186 241 3 0.43451468082837319 0.025429589546165643
187 241 3 0.43107098084775403 0.025405647163456502
188 241 3 0.42710754820410562 0.02533765544012484
189 241 3 0.42264970623810527 0.025242425415039405
190 241 3 0.41772739725626334 0.02512377271487598
191 241 3 0.4123736991529437 0.024981827908262477
192 241 3 0.40662620017018414 0.024818083440380778
193 241 3 0.40052915931669564 0.024654333928223027
194 241 3 0.3941218088320721 0.024508127054136852
195 241 3 0.38743089769710271 0.024383977920455768
196 241 3 0.38047206705568887 0.024278454437775099
197 241 3 0.37325536319229724 0.024186543524868209
198 241 3 0.36579029656189593 0.024102992676762136
199 241 3 0.35808980995190393 0.024021681456977806
200 241 3 0.35017342625585585 0.023934959647113063
201 241 3 0.34206876194532293 0.023833021158313872
202 241 3 0.33380949110801883 0.023704035138431334
203 241 3 0.32542879243455347 0.023536384423756496
204 241 3 0.31695060433954941 0.023322155359384644
205 241 3 0.30838360810933502 0.02305892612506566
206 241 3 0.29971727154896133 0.022751149223743439
207 241 3 0.29092539672715922 0.022407298387247143
208 241 3 0.28197327089961871 0.022035590159090568
209 241 3 0.27282135557845244 0.02164285799912441
210 241 3 0.26342419371521442 0.021237159156905383
211 241 3 0.25373293610955183 0.020827477703587227
212 241 3 0.24369801435357477 0.020423357189499919
213 241 3 0.23326311477503933 0.020042563071391545
214 241 3 0.22236289961278269 0.019720611292915163
215 241 3 0.2109943668938683 0.019463993725905598
216 241 3 0.19929070383949229 0.019188703660663914
217 241 3 0.18746023345518498 0.018734148216938834
218 241 3 0.17545785177535117 0.022186694711659266
219 241 3 0.16755897503753031 0.014287817973838407
136 242 2 0.13676124871485143 0.012956690823615225
138 242 2 0.14584257001845646 0.01692791484034642
140 242 2 0.15459585035256962 0.018327721341831471
142 242 3 0.17019347600553536 0.018630299355509666
143 242 3 0.18149109405573563 0.019438416428119581
144 242 3 0.19308955359394758 0.0191961128243823
145 242 3 0.20429427126380892 0.019320592463258013
146 242 3 0.21482868085237958 0.019646268008236684
147 242 3 0.22477717643389503 0.020092462841068887
148 242 3 0.23431203475834531 0.020552520700641702
149 242 3 0.24350477091404898 0.02101126617554322
150 242 3 0.25240821641721145 0.021465388908996519
151 242 3 0.26108275836484324 0.021903326251741573
152 242 3 0.26958447315129591 0.022314488070379113
153 242 3 0.27795876948789727 0.022693067795431898
154 242 3 0.28625233293890351 0.023027139883786851
155 242 3 0.29450696701504719 0.023319373013506117
156 242 3 0.3027411672156427 0.023512392880553901
157 242 3 0.31093987396406447 0.023651279823246329
158 242 3 0.31906524023377625 0.023747789293747545
159 242 3 0.32706377497180067 0.023816898882380699
160 242 3 0.33488348154771574 0.023876953071171103
161 242 3 0.34248494818771341 0.023939747694989244
162 242 3 0.34984252916654984 0.024011373511050982
163 242 3 0.3569402900665819 0.024094759501915419
164 242 3 0.36376739755505944 0.02419115128993321
165 242 3 0.37031381175866829 0.024300475776686759
166 242 3 0.37656594906203161 0.024420645117591677
167 242 3 0.38250295342170898 0.024545785499009154
168 242 3 0.38809570793634884 0.024665836227674209
169 242 3 0.39331007972640591 0.0247707236918841
170 242 3 0.39811215006970035 0.024856797668840636
171 242 3 0.40247034737579945 0.024922551948636684
172 242 3 0.40635703853818372 0.024965633160247303
173 242 3 0.40975098439034857 0.024981870297760889
174 242 3 0.4126415484213013 0.024973733146013144
175 242 3 0.41502854710257797 0.024949766747516089
176 242 3 0.41691841123336665 0.024919401391950646
177 242 3 0.41832013015445546 0.024889692824680509
178 242 3 0.4192428293369922 0.024866196167261989
179 242 3 0.4196939112231784 0.024853121640007747
180 242 3 0.41967751936618186 0.024852795789049864
181 242 3 0.41919364032551043 0.024865218943321277
182 242 3 0.41823810024415414 0.024888034820029714
183 242 3 0.41680348122068611 0.024917001090385194
184 242 3 0.41488068242338932 0.024946596815806577
185 242 3 0.41246076163307915 0.024969861562711027
186 242 3 0.40953729441769493 0.024977386410678259
187 242 3 0.40611041528519409 0.024960565562559933
188 242 3 0.40219069107658045 0.024916857127525172
189 242 3 0.39779930683552817 0.024850399402577106
190 242 3 0.39296386471858941 0.024763532537673938
191 242 3 0.38771592856052312 0.02465777059242058
192 242 3 0.38208942381188604 0.024536776358298096
193 242 3 0.37611850070363823 0.024410658613057412
194 242 3 0.36983228989859507 0.024289518933477028
195 242 3 0.36325164274787186 0.024179254949230844
196 242 3 0.356390115321228 0.024081951734460871
197 242 3 0.34925770523926591 0.023997657953031326
198 242 3 0.34186520472775278 0.023925091834143153
199 242 3 0.33422852576750989 0.023861284184394038
200 242 3 0.32637332280827236 0.023800103447583487
201 242 3 0.31833904706622185 0.023729714879101083
202 242 3 0.31017774760434186 0.023631743503676972
203 242 3 0.30194295639031554 0.02349100503450352
204 242 3 0.29367253598379656 0.023296131396551345
205 242 3 0.28538154345480526 0.023002064654529752
206 242 3 0.2770514489773499 0.022665822571611427
207 242 3 0.26864043667325005 0.022284960053909175
208 242 3 0.26010189712368387 0.021871373775934844
209 242 3 0.25139056138074761 0.021430794197704828
210 242 3 0.24245040040322768 0.020973793311986733
211 242 3 0.23322092044911613 0.020512015660435701
212 242 3 0.22364904822146672 0.020048966132108048
213 242 3 0.21366299775560835 0.019600117019430985
214 242 3 0.20309057221146079 0.019272327401321898
215 242 3 0.19184842513645012 0.019145941757418183
216 242 3 0.18021476973174522 0.01939094255240123
217 242 3 0.1688870311912776 0.018573202263907379
218 242 2 0.1532711570636919 0.018237256342748837
220 242 2 0.14442759892960227 0.016820642089429128
222 242 2 0.13527546297947451 0.013084485318623038
142 243 3 0.15585699509355377 0.019273494569668731
143 243 3 0.16205267762761605 0.025469177103731006
144 243 3 0.17427502879299692 0.018814524800950666
145 243 3 0.18562891242676424 0.018665358837044677
146 243 3 0.1957505037270082 0.019078177125371382
147 243 3 0.20507792924452686 0.019699247189368163
148 243 3 0.21407872189382665 0.020233312864518654
149 243 3 0.22275747580292682 0.020747295111122166
150 243 3 0.23114408022267866 0.021264136194532796
151 243 3 0.23932233567323666 0.021760422691606579
152 243 3 0.24736525117448185 0.022219221976814058
153 243 3 0.2553120856796447 0.022646683808252577
154 243 3 0.26322759707483578 0.023099726472257331
155 243 3 0.27118759400154108 0.023433149104846368
156 243 3 0.2792287743350888 0.023596066022528728
157 243 3 0.28731892537762815 0.023647835744380619
158 243 3 0.29539913778572391 0.02366610244805234
159 243 3 0.30337845681866621 0.02368531815313446
160 243 3 0.31117546464003742 0.02370801690767832
161 243 3 0.31873778287376719 0.023747165313946217
162 243 3 0.32603773660085 0.023804792565699839
163 243 3 0.33306107691938319 0.023879213147198708
164 243 3 0.33980003543422349 0.023967362120835944
165 243 3 0.34624898529461057 0.02406482646405772
166 243 3 0.35240016306375782 0.024165785998273792
167 243 3 0.35823958049214177 0.024263372929567206
168 243 3 0.36374494420136144 0.024350763734987402
169 243 3 0.36888697380031332 0.024423105926092592
170 243 3 0.37363327675490532 0.024478873314795035
171 243 3 0.37795220464354251 0.024518142732256942
172 243 3 0.38181602954338112 0.024541008994802604
173 243 3 0.38520348016075379 0.024547504229594785
174 243 3 0.38810160265994575 0.024539945761355542
175 243 3 0.39050550715679327 0.024523039945784697
176 243 3 0.39241624823649623 0.024502162996870414
177 243 3 0.39383817952247091 0.02448195063198455
178 243 3 0.39477672810523312 0.024466101231759074
179 243 3 0.39523662010269189 0.024457291120486502
180 243 3 0.3952205695214025 0.024456949844779363
181 243 3 0.39472856600527412 0.024465074320236313
182 243 3 0.39375787669475332 0.024480223549400826
183 243 3 0.39230376684468454 0.024499714376001569
184 243 3 0.39036081740466116 0.02451986501872816
185 243 3 0.38792468975971373 0.024536071873365428
186 243 3 0.38499432892976337 0.024542965487931556
187 243 3 0.38157460178614505 0.024535813499049042
188 243 3 0.37767842840416116 0.024512262672419294
189 243 3 0.37332705103756642 0.024472255797961751
190 243 3 0.36854817985467808 0.024415684863911324
191 243 3 0.36337345637288077 0.02434247218764235
192 243 3 0.35783527113452235 0.024254152677363694
193 243 3 0.35196290091369126 0.024155599789946969
194 243 3 0.34577862681496041 0.024053663083634658
195 243 3 0.33929641296720198 0.023955229780669884
196 243 3 0.33252398988091891 0.023866125440309083
197 243 3 0.32546695073855597 0.023790754500709943
198 243 3 0.31813304146139232 0.023732163266360462
199 243 3 0.31053651624834633 0.023692009519163559
200 243 3 0.30270510000423767 0.023668222804034689
201 243 3 0.29469126720933336 0.023647779856888484
202 243 3 0.28657654316280878 0.023628121178316919
203 243 3 0.27845195135581202 0.02357471147828627
204 243 3 0.27037640458724521 0.023409938626698545
205 243 3 0.26238211306809145 0.023074326767058506
206 243 3 0.25443225319268403 0.022619195784665869
207 243 3 0.24645090940860534 0.022189527264644709
208 243 3 0.23837345369253099 0.021728443431152877
209 243 3 0.23016099894103942 0.021229562439708194
210 243 3 0.22174066315311944 0.020709737250108246
211 243 3 0.21302843834069052 0.020192482108425613
212 243 3 0.20399389283478878 0.019655155386677947
213 243 3 0.19463148477916045 0.019031512976447895
214 243 3 0.18447294121734337 0.018617630994117423
215 243 3 0.17308188347744935 0.018766541659000768
216 243 3 0.16082382717934399 0.025425058150379015
217 243 3 0.15459581108445886 0.019197042055493885
136 244 1 0.12924328750644434 0.013889603102171494
140 244 1 0.13658350052388504 0.021229816119612194
144 244 3 0.15632170368159212 0.019738203157707079
145 244 3 0.16818562474963444 0.017443287677129798
146 244 3 0.17745363450814541 0.018296869218862782
147 244 3 0.18569002405156532 0.019621547933689615
148 244 3 0.1941498067972014 0.019928915096625255
149 244 3 0.20228242121904419 0.020475054583882629
150 244 3 0.21006619075359564 0.021077889469083011
151 244 3 0.21767301057624741 0.021649325096989247
152 244 3 0.22521576197366622 0.022149489200815636
153 244 3 0.23266829482537318 0.022673354157489861
154 244 3 0.24012787060257845 0.023291198325831902
155 244 3 0.24775444489669471 0.023711309403268488
156 244 3 0.25563270831256008 0.023784719747846683
157 244 3 0.26367108963324754 0.023763989493592708
158 244 3 0.27179498145177 0.023604156333953907
159 244 3 0.27983440691499695 0.023544049903669262
160 244 3 0.28765904583238816 0.023516418807649264
161 244 3 0.29520790306346006 0.02352987981030713
162 244 3 0.30246255930983995 0.023575177291010052
163 244 3 0.30941740054734812 0.023643676372035072
164 244 3 0.31607206442750302 0.023727971006720472
165 244 3 0.32242961683232024 0.023819368462290325
166 244 3 0.32849220486194092 0.023907958201816903
167 244 3 0.33425479212684744 0.023984788365294329
168 244 3 0.33970059656452256 0.024044347636838881
169 244 3 0.34480132312387363 0.024085650676439696
170 244 3 0.34952225772380013 0.024111019031105185
171 244 3 0.35382850703952906 0.02412369760401345
172 244 3 0.35768971948122441 0.024126310062156708
173 244 3 0.36108273638081523 0.024120743779938558
174 244 3 0.36399254347834709 0.024109059181598669
175 244 3 0.36641166528925817 0.024093841867535104
176 244 3 0.36833842532578015 0.024077822910716085
177 244 3 0.36977476590760155 0.024063413614869356
178 244 3 0.37072418874448038 0.024052539360752745
179 244 3 0.37119005351296469 0.024046566589727203
180 244 3 0.3711743561973177 0.024046213324084798
181 244 3 0.37067708765602858 0.024051478349245536
182 244 3 0.36969623611456015 0.024061640580193167
183 244 3 0.36822843363591656 0.024075333208767979
184 244 3 0.36627017962332131 0.024090637781339852
185 244 3 0.36381953699692471 0.024105152762789017
186 244 3 0.36087818228115148 0.024116146648611891
187 244 3 0.35745358207248729 0.024121019713657765
188 244 3 0.35356073730537002 0.024117691098791139
189 244 3 0.34922279612130241 0.024104254916264001
190 244 3 0.3444701059807786 0.024078073873899486
191 244 3 0.33933756008634258 0.024035896286538183
192 244 3 0.33385986833516496 0.023975402799357393
193 244 3 0.32806530821192803 0.023897592701763226
194 244 3 0.32197062664582732 0.023808000169133092
195 244 3 0.31558081342262589 0.023715599544576083
196 244 3 0.30889367506122495 0.023630314819693965
197 244 3 0.30190610865362932 0.023560842084926648
198 244 3 0.29461845613096377 0.02351458533042855
199 244 3 0.28703634763615921 0.023500168612187122
200 244 3 0.27917829229957603 0.023526807704661645
201 244 3 0.27110547281601199 0.023585794393321369
202 244 3 0.26294842198449186 0.023744606959647918
203 244 3 0.25487723987752575 0.023763630317939322
204 244 3 0.24696646596054667 0.023688479923422295
205 244 3 0.23930778630103294 0.02326582138166311
206 244 3 0.2318161510710231 0.022645269708473664
207 244 3 0.22433118521632156 0.02211972419228378
208 244 3 0.2167558055775185 0.021617648115012489
209 244 3 0.2091172529803664 0.021043745960673016
210 244 3 0.20130294240350366 0.020437720749615779
211 244 3 0.19314067076364597 0.019887767577044552
212 244 3 0.18465134189983634 0.019574055269840324
213 244 3 0.17638327977441212 0.01824820500474833
214 244 3 0.16707763035520054 0.017395310862142827
215 244 3 0.15517509504159677 0.019776326012631795
216 244 1 0.13539876902896497 0.021104579214561367
220 244 1 0.12791624356255388 0.013622053748150273
144 245 3 0.14624004709531449 0.010081656586277632
145 245 3 0.1533325556123889 0.014853069137245545
146 245 3 0.16018028182594232 0.017273352682203091
147 245 3 0.1660684761178757 0.022205638545236883
148 245 3 0.1745356046078943 0.019614202189307095
149 245 3 0.18214163356906646 0.020140787649977732
150 245 3 0.18914864003043741 0.020917550723158235
151 245 3 0.19606915514470172 0.021763082179104942
152 245 3 0.20313592063144315 0.022079841342223072
153 245 3 0.20999494066788332 0.022673354157489861
154 245 3 0.21683667227674655 0.023674329953608408
155 245 3 0.22404313549342622 0.024329984731715243
156 245 3 0.23184798856471339 0.024061306561766166
157 245 3 0.23990710013965483 0.024064734040417812
158 245 3 0.24824251759380697 0.02355246385796303
159 245 3 0.25647026034842957 0.023364146566567379
160 245 3 0.26438147167405956 0.023277574158328596
161 245 3 0.27193330500017465 0.023274598063285412
162 245 3 0.27914637220331412 0.023316187106525832
163 245 3 0.28603124934392554 0.023386151203422578
164 245 3 0.29259680378531117 0.023475260642191853
165 245 3 0.29885914047230683 0.023570476360013415
166 245 3 0.30483658129768748 0.023655623564253436
167 245 3 0.31053760532254088 0.023717186804306567
168 245 3 0.31595071356950238 0.023749882995020177
169 245 3 0.32104350980953755 0.023757813314336074
170 245 3 0.32577272773158561 0.023749529992214524
171 245 3 0.33009551727189246 0.023732989767636603
172 245 3 0.33397625993875957 0.023713459542464843
173 245 3 0.33738896427130544 0.023693772109509792
174 245 3 0.34031716515141475 0.023675378326932339
175 245 3 0.34275254322886672 0.023659122060391446
176 245 3 0.34469287156657263 0.023645553759207516
177 245 3 0.34613974008161486 0.0236350258259867
178 245 3 0.34709642559912313 0.02362776314535725
179 245 3 0.3475661421214199 0.023623911391544794
180 245 3 0.34755080850789083 0.023623547689426871
181 245 3 0.34705041432740014 0.023626673328628445
182 245 3 0.34606302293292462 0.023633213181635526
183 245 3 0.34458541056144953 0.023643023074467029
184 245 3 0.34261429979651109 0.023655879826810222
185 245 3 0.34014810549979363 0.023671431497131079
186 245 3 0.33718905877938682 0.023689123501764664
187 245 3 0.33374547972116564 0.023708102351321647
188 245 3 0.32983383330686633 0.02372690399850369
189 245 3 0.32548011537934912 0.023742680741953293
190 245 3 0.32071995631117345 0.023750149669605147
191 245 3 0.31559622088954581 0.023741339196796774
192 245 3 0.31015217836328385 0.023707689971881107
193 245 3 0.3044201976194047 0.023645110592523333
194 245 3 0.29841171353085622 0.023558913114971103
195 245 3 0.29211816623853687 0.023462647184089025
196 245 3 0.28552116486431939 0.02337251019690556
197 245 3 0.2786045568116966 0.023301551841932722
198 245 3 0.27135943641895871 0.023259019712005058
199 245 3 0.26377521738387227 0.023261130252286932
200 245 3 0.25583139350348899 0.023346898796087034
201 245 3 0.2475711630512932 0.023534309764718792
202 245 3 0.23920381502484395 0.024046176958435278
203 245 3 0.23111360955958643 0.024040531164876061
204 245 3 0.22327798603712437 0.02430836019120805
205 245 3 0.21604196491936983 0.023649152908122001
206 245 3 0.20917088136254944 0.022645269708473664
207 245 3 0.20228132520549513 0.022049860010826428
208 245 3 0.19518275149637937 0.021734523784906423
209 245 3 0.18823267243816155 0.02088458054220485
210 245 3 0.18119862144770907 0.020104320955794591
211 245 3 0.17356751951839047 0.019573151245255493
212 245 3 0.16507728662999602 0.022156734718772775
213 245 3 0.15916456787811462 0.017218711896297506
214 245 3 0.15227351906976633 0.014804111285434213
215 245 3 0.14513948450630737 0.010035610535289397
144 246 2 0.13872242632788218 0.014057610061093559
146 246 2 0.14386283757263882 0.019261541399270193
148 246 3 0.15577514127887421 0.018760463329020094
149 246 3 0.16259052521531112 0.019551108353755342
150 246 3 0.16830640971558392 0.021131770164761837
151 246 3 0.17430607296559678 0.022713673669178674
152 246 3 0.18124900468836122 0.021886915943081925
153 246 3 0.18732226362341697 0.022672677044466349
154 246 3 0.19316234232313814 0.024397295037904637
155 246 3 0.19971315076171098 0.025866654658746435
156 246 3 0.20778668200294723 0.024061306561766166
157 246 3 0.21584236609923702 0.024955954267521008
158 246 3 0.2247711062287284 0.023471411365078576
159 246 3 0.23339386658067043 0.023076393767759135
160 246 3 0.24143242234581261 0.022949049328246957
161 246 3 0.24896463871185287 0.022968666288321782
162 246 3 0.25612364782768887 0.023022724375625248
163 246 3 0.26292788609449058 0.023103363249434961
164 246 3 0.26938650211540927 0.0232103016699019
165 246 3 0.2755336564548661 0.023325484017440723
166 246 3 0.28141590091309565 0.02342068038459183
167 246 3 0.28706536308547032 0.023472242237070562
168 246 3 0.29247674934919704 0.023473964220305343
169 246 3 0.29760354360915059 0.023439966200386964
170 246 3 0.30238265230153683 0.023390075430048785
171 246 3 0.30675646449733829 0.02333905277455417
172 246 3 0.31068170865879829 0.023294551279961273
173 246 3 0.31412966802309367 0.023259296248211769
174 246 3 0.31708381150271092 0.023233353648703825
175 246 3 0.31953703141962986 0.023215511809236866
176 246 3 0.32148882653375432 0.02320404503281831
177 246 3 0.32294256389111253 0.023197176190502322
178 246 3 0.32390304430282768 0.023193381296295446
179 246 3 0.32437456756871724 0.023191574552702654
180 246 3 0.32435960905714523 0.023191199450745603
181 246 3 0.32385815396053708 0.02319226036686306
182 246 3 0.32286770214911775 0.023195320783806872
183 246 3 0.3213839413963207 0.02320146916512883
184 246 3 0.31940207237237883 0.023212227424132259
185 246 3 0.31691873830643896 0.023229367193354666
186 246 3 0.31393445155389471 0.023254607225492108
187 246 3 0.31045632757459179 0.023289152146573844
188 246 3 0.30650090510779232 0.02333292819907401
189 246 3 0.30209691721939397 0.023383198159955154
190 246 3 0.29728766799109052 0.023432288320082928
191 246 3 0.29213081254819867 0.023465408341347138
192 246 3 0.2866894730059697 0.023462705357314151
193 246 3 0.28101013481650555 0.023410062802899145
194 246 3 0.27509797844058337 0.023313735090272847
195 246 3 0.26892073275886758 0.023197433479669294
196 246 3 0.26243174483293119 0.023089420031388197
197 246 3 0.25559680777707544 0.023007749034621161
198 246 3 0.24840669808476026 0.022952738334198447
199 246 3 0.24084285487289783 0.022932362510974441
200 246 3 0.23277213737218269 0.023059256131306299
201 246 3 0.22411736172860464 0.023453801322688567
202 246 3 0.21515763806640867 0.024939508809588534
203 246 3 0.20707307839471037 0.024040531164876061
204 246 3 0.19896962584591632 0.025848955085654463
205 246 3 0.19239281201124783 0.024372878687366928
206 246 3 0.18652747755467591 0.022643403807873524
207 246 3 0.18042566577246441 0.021855659433030722
208 246 3 0.17344822771147295 0.022691966592837093
209 246 3 0.16742089241258373 0.021106008719550401
210 246 3 0.16168200571160571 0.01951661573610336
211 246 3 0.15484613334383421 0.018721386174556265
212 246 2 0.14292055191122324 0.01920037534283206
214 246 2 0.13771053964436689 0.013886567169999725
148 247 3 0.14210910087731096 0.017444284610522345
149 247 3 0.14413464452449853 0.019469828257709917
150 247 3 0.14717463955082208 0.022509823284033462
151 247 3 0.1515923992964181 0.026927583029629484
152 247 3 0.16022263307466383 0.021026371613697387
153 247 3 0.16487205599407376 0.022450207629343216
154 247 3 0.1687650472852335 0.025591643483136278
155 247 3 0.17384649610296454 0.030673092300867316
156 247 3 0.18372716528111038 0.024059516721836843
157 247 3 0.19088641183171601 0.028507136413768175
158 247 3 0.20158517446023755 0.023185931768490847
159 247 3 0.2108789196839807 0.02251494689668973
160 247 3 0.21896484869831984 0.022467573647492772
161 247 3 0.22634234165669176 0.022622297055161111
162 247 3 0.2334269791902634 0.022696668637425477
163 247 3 0.24013964534272778 0.022788240751762806
164 247 3 0.24645546790729189 0.022931034208117373
165 247 3 0.25243927502779262 0.023094381427073485
166 247 3 0.2581926518469031 0.023223249066192553
167 247 3 0.26379436321724015 0.023270999868230169
168 247 3 0.26924912353636637 0.023227625812830666
169 247 3 0.27447166395906297 0.023131879650087617
170 247 3 0.27935702000435131 0.023025632297185517
171 247 3 0.28382397814753202 0.022932486349806269
172 247 3 0.2878214097229197 0.022860298935878598
173 247 3 0.29132024927788264 0.02280941874521103
174 247 3 0.29430666635612235 0.022777145146588573
175 247 3 0.29677758379762947 0.022759447622000384
176 247 3 0.29873696435746422 0.022751862176290105
177 247 3 0.30019238586262648 0.022750178028486057
178 247 3 0.30115210663613035 0.022750937666697335
179 247 3 0.30162283456799732 0.02275173300071992
180 247 3 0.30160826662198265 0.02275134243516258
181 247 3 0.30110837874718632 0.022749775213350754
182 247 3 0.30011943473813663 0.022748267410981127
183 247 3 0.2986347100147726 0.022749231381548107
184 247 3 0.2966459549009749 0.022756117471403936
185 247 3 0.29414561527587274 0.022773123030566222
186 247 3 0.29112975060046475 0.022804700953429957
187 247 3 0.28760144964437057 0.022854877930221229
188 247 3 0.28357454951043137 0.022926355597360948
189 247 3 0.27907813627876493 0.023018780940629036
190 247 3 0.27416339641004273 0.023124271581047795
191 247 3 0.26891164440142062 0.023219168146778046
192 247 3 0.26342794245646217 0.023261530549507525
193 247 3 0.25779754879918554 0.023212586017320014
194 247 3 0.252015534633168 0.023082443807415365
195 247 3 0.2460028560695115 0.022917876689356076
196 247 3 0.23965778220099462 0.022773962631936567
197 247 3 0.23291552325700893 0.022681284520066514
198 247 3 0.22580086090536097 0.022605837179399291
199 247 3 0.21839250690425138 0.02245034796864645
200 247 3 0.21027418352757021 0.022497953844612478
201 247 3 0.20094800751085512 0.023169354217749516
202 247 3 0.19021812925682013 0.028498319155501939
203 247 3 0.18303537650851834 0.024037701886192031
204 247 3 0.17312067076026186 0.030670167053822306
205 247 3 0.1680199333238809 0.025569429617441353
206 247 3 0.16410982752275916 0.022417650031916758
207 247 3 0.15943648955896739 0.020989176213497024
208 247 3 0.15075626111863585 0.026932288644268693
209 247 3 0.14631488369303333 0.022490911218666171
210 247 3 0.14325808294623049 0.019434110471863331
211 247 3 0.14121193553454342 0.017387963060176259
0 248 0 0.0070048680040470422 0.00088623964658595452
8 248 0 0.0076003662383650706 0.0012083255670227245
16 248 0 0.0088086918053877951 0.0018545006613955497
24 248 0 0.010663192466783345 0.0025474383071303151
32 248 0 0.01321063077391366 0.0032966903240738386
40 248 0 0.016507321097987498 0.0041067362239639478
48 248 0 0.020614057321951446 0.0049758299208231445
56 248 0 0.025589887242774591 0.0058948863134224427
64 248 0 0.031484773556197033 0.0068463509230494296
72 248 0 0.038331124479246463 0.0078029372866906463
80 248 0 0.046134061765937109 0.0087260415998428667
88 248 0 0.054860103365779976 0.0095634927836744585
96 248 0 0.064423596149454435 0.010245698058030411
104 248 0 0.074669294207484846 0.011016459842269843
112 248 0 0.085346453313234205 0.013097777784485537
120 248 0 0.096064503533339646 0.015419710240364898
128 248 0 0.10624513708130642 0.017559420809929782
136 248 0 0.11535368440427285 0.017559709610891844
144 248 0 0.12466481626678862 0.01974982117074689
152 248 1 0.14317340380209723 0.023753154312136676
156 248 2 0.16237927541794783 0.024927513138465363
158 248 3 0.17978979885364268 0.021795375606594863
159 248 3 0.18955489681307069 0.021324022870910009
160 248 3 0.19718670201902061 0.021778146679299226
161 248 3 0.20399195870721978 0.022647777871109886
162 248 3 0.21107948481434355 0.022347494375919846
163 248 3 0.21772369211173173 0.022415953230996044
164 248 3 0.22383023752760411 0.022625230379687777
165 248 3 0.22954754345042375 0.022891731577368873
166 248 3 0.23509177935620235 0.023127682600219551
167 248 3 0.24063955707837692 0.023213722787884361
168 248 3 0.24622153058304025 0.023027592953326126
169 248 3 0.25164341281024494 0.022828251148818035
170 248 3 0.25671494906784115 0.022642070936510161
171 248 3 0.26132501049255125 0.022498967654980773
172 248 3 0.26542264628688311 0.022398763436036584
173 248 3 0.26898527813314277 0.022334971144739868
174 248 3 0.27200626154332086 0.022300404812801489
175 248 3 0.27449026408868576 0.022287319708943709
176 248 3 0.27644913635538199 0.022287828002082233
177 248 3 0.27789759957029547 0.022294786292331004
178 248 3 0.27884959835242018 0.022302508283710165
179 248 3 0.27931570742287393 0.022307127145123395
180 248 3 0.27930155445145027 0.022306712170532372
181 248 3 0.27880709726904479 0.022301281478141532
182 248 3 0.27782664076402713 0.022292793974109493
183 248 3 0.2763495864520007 0.022285123562771902
184 248 3 0.27436201578355468 0.022283939117420215
185 248 3 0.27184926120056291 0.022296354075309832
186 248 3 0.26879951453333811 0.022330236067126641
187 248 3 0.26520811798797578 0.022393331656394788
188 248 3 0.26108170273485171 0.022492846775579667
189 248 3 0.25644284884780028 0.022635287430964657
190 248 3 0.25134258416271255 0.02282081224733018
191 248 3 0.24589224173709737 0.023019402664323257
192 248 3 0.24028234827951284 0.023205161507624084
193 248 3 0.23470729570010435 0.023117260312996268
194 248 3 0.2291359752261044 0.022879559407063599
195 248 3 0.22339116250177513 0.022611693567736374
196 248 3 0.21725644672570971 0.022401335475284917
197 248 3 0.2105838415812803 0.022331681675728632
198 248 3 0.20346776869598807 0.022629649472985208
199 248 3 0.19663311161371438 0.021759395290536998
200 248 3 0.18896717970167315 0.021307003825897064
201 248 3 0.17916788018209129 0.021780127328763832
202 248 2 0.1617198101013182 0.024906942781351027
204 248 1 0.14245050370643955 0.023721226585027788
208 248 0 0.12382397247436716 0.019604927940356634
216 248 0 0.1142941898144036 0.017363316481355792
224 248 0 0.1049672700253103 0.01722370763554118
232 248 0 0.094642093458195256 0.01503607278569212
240 248 0 0.083864252017508981 0.012724711243615891
248 248 0 0.073194300364283024 0.010669951653225956
256 248 0 0.063006087242019226 0.010188213122263798
264 248 0 0.05353056130817925 0.0094755259338399761
272 248 0 0.044904322239592703 0.008626239068586547
280 248 0 0.03719737855068677 0.0077069436889059331
288 248 0 0.03042977124339577 0.0067676073072910001
296 248 0 0.024583490528955636 0.0058462807144401344
304 248 0 0.019612187417625687 0.0049713031113299486
312 248 0 0.015449517655117106 0.0041626697625085814
320 248 0 0.012016368368946574 0.0034331492861705316
328 248 0 0.0092270172334045723 0.0027893511355420019
336 248 0 0.0069942164005814414 0.0022328008328231308
344 248 0 0.0052331982612395366 0.0017610181393419048
352 248 0 0.0038646336566436406 0.001368564604595896
360 248 0 0.0028166160113309116 0.0010480176453127291
368 248 0 0.002025784329999095 0.00079083168133181657
376 248 0 0.0014377265700645022 0.0005880577599345928
384 248 0 0.0010068193036407284 0.00043090726642377379
392 248 0 0.0006956598451288772 0.00031115945851185119
400 248 0 0.00047423538554900807 0.00022142445957986913
408 248 0 0.00031895357642687798 0.00015528180912213009
416 248 0 0.0002116342064731796 0.00010731936995369838
424 248 0 0.00013853556266791244 7.3098643805267165e-05
432 248 0 8.9464502571089192e-05 4.9071060096823248e-05
440 248 0 5.699804265571121e-05 3.2466459915377982e-05
448 248 0 3.582736921568436e-05 2.117067344002685e-05
456 248 0 2.2222841144831987e-05 1.3604528070852373e-05
464 248 0 1.3610466707338349e-05 8.6123744374936383e-06
472 248 0 8.245850686706595e-06 5.364616020631754e-06
480 248 0 4.9699267525836566e-06 3.2759239341229384e-06
488 248 0 3.031113882196866e-06 1.9388128703867907e-06
496 248 0 1.960163488598112e-06 1.070950393598754e-06
504 248 0 1.4863429587644445e-06 4.7382052983366746e-07
158 249 3 0.16563105548106377 0.015633851053441228
159 249 3 0.17035282014762962 0.020355615720007075
160 249 3 0.1762217596040036 0.020964942415017007
161 249 3 0.1813441808361099 0.025348748355058653
162 249 3 0.18915832946238903 0.021921155351954519
163 249 3 0.1958266817856352 0.021897010326096533
164 249 3 0.20157392830269261 0.022256309224911508
165 249 3 0.20680706579611285 0.022740477654310892
166 249 3 0.21196409675598279 0.023449640118484855
167 249 3 0.21742583429049256 0.02367267705211612
168 249 3 0.22332784702261282 0.022893683560427425
169 249 3 0.22913790666769451 0.022505506142550424
170 249 3 0.23450542430300764 0.02220952476483351
171 249 3 0.23930833244759747 0.022016678044953775
172 249 3 0.24352767708453071 0.021894969202352399
173 249 3 0.2471598116109254 0.021825466522217368
174 249 3 0.25020990104944463 0.021796360493876232
175 249 3 0.25269448557084423 0.021795778517841535
176 249 3 0.25463761291660236 0.021811523438779623
177 249 3 0.25606479115585723 0.021832808414438243
178 249 3 0.25699824087451467 0.021851357477905509
179 249 3 0.25745397801941056 0.02186172940346337
180 249 3 0.2574402822685693 0.021861272182880975
181 249 3 0.25695707642051491 0.021850020848529883
182 249 3 0.25599595834011185 0.021830682423915282
183 249 3 0.25454087506351869 0.021808711388482005
184 249 3 0.25256967171235989 0.021792344071194791
185 249 3 0.25005696268630323 0.021792298514259678
186 249 3 0.24697878423197095 0.021820730301367164
187 249 3 0.24331859455972873 0.021889523428247043
188 249 3 0.23907115717428562 0.022010545560566086
189 249 3 0.23424004133780657 0.022202807509993705
190 249 3 0.2288442454762396 0.022498338686472941
191 249 3 0.22300620385604566 0.022886037881051702
192 249 3 0.21707718677188875 0.023665719362657739
193 249 3 0.21159003538710808 0.023439725917254128
194 249 3 0.20640808387116075 0.022727891354943658
195 249 3 0.20114904407474077 0.022242118427034357
196 249 3 0.19537427030028784 0.021882176425421868
197 249 3 0.18867863438547083 0.021905207195809462
198 249 3 0.18083811922300286 0.0253329432598563
199 249 3 0.17569162837522059 0.020941483238493791
200 249 3 0.16978217513505525 0.020346382490544684
201 249 3 0.16502770379498138 0.015591911150470816
156 250 2 0.14630947919191792 0.016621886744372621
158 250 2 0.14999720442762254 0.020309611980077247
160 250 2 0.15599543248105124 0.022787537739005492
162 250 3 0.16837168707599517 0.020786642386393855
163 250 3 0.17483775036178351 0.020988931423851692
164 250 3 0.17981719680265471 0.021756731500037901
165 250 3 0.18412679327218889 0.022768352824222071
166 250 3 0.18851445663749794 0.024311838025154076
167 250 3 0.19375315723837644 0.025199242854740872
168 250 3 0.20050589528507065 0.022821951737542173
169 250 3 0.20705320300336419 0.022084703664330324
170 250 3 0.21283736627016456 0.021668058032843079
171 250 3 0.21785081885802851 0.021457513589568961
172 250 3 0.22219441464370684 0.021333262440823869
173 250 3 0.225889935538229 0.021269876072696398
174 250 3 0.22895179124904597 0.021258109800398661
175 250 3 0.23141225786523964 0.021282227705604589
176 250 3 0.23331362131781322 0.021323991598789144
177 250 3 0.23469691773120949 0.021367873424647743
178 250 3 0.23559555504911014 0.021402685825404527
179 250 3 0.23603251789625854 0.02142146012315202
180 250 3 0.2360193563829551 0.0214209258856142
181 250 3 0.23555592630611485 0.021401150114400053
182 250 3 0.23463044654694953 0.021365511793162317
183 250 3 0.233219864896926 0.021321010166592685
184 250 3 0.23129092470820128 0.021278747004158605
185 250 3 0.22880287636251725 0.021254086323785976
186 250 3 0.22571360660340886 0.021265177628562087
187 250 3 0.22199081054810169 0.021327784011627049
188 250 3 0.21761988483958006 0.021451272334705562
189 250 3 0.21257876347379306 0.021661277864013506
190 250 3 0.20676640370880234 0.022077841767437267
191 250 3 0.20019090898984057 0.022815294866205094
192 250 3 0.19341146740923101 0.025196552091235003
193 250 3 0.18815030946985395 0.024303120814353263
194 250 3 0.18374136297759969 0.022752452424527919
195 250 3 0.17940811012198304 0.021740933952757724
196 250 3 0.17439990872107269 0.020974361579215145
197 250 3 0.16790700002603373 0.020771634359437102
198 250 2 0.15550517596314656 0.022759697835965154
200 250 2 0.14943579264451057 0.020294330146723882
202 250 2 0.145687047062071 0.016545584564284316
162 251 3 0.15348934469557166 0.01922898140274254
163 251 3 0.15532785465182511 0.021067491358995993
164 251 3 0.15872143011941206 0.021095766683242645
165 251 3 0.16135844044796682 0.022979635177363122
166 251 3 0.16420261861234386 0.025823813341740165
167 251 3 0.16855391438363557 0.030175109113031867
168 251 3 0.17787508467078894 0.02263081061428171
169 251 3 0.18571564654439757 0.021337556458966622
170 251 3 0.19192251150592438 0.020914854764240182
171 251 3 0.19704434480455729 0.020806474053471219
172 251 3 0.20148927430101712 0.020705140342689721
173 251 3 0.20523280501049837 0.020657130527730633
174 251 3 0.20827334900306299 0.020678442245982975
175 251 3 0.21066676648152061 0.020745491383719034
176 251 3 0.2124848302877364 0.020828791030076815
177 251 3 0.21379047236663271 0.020906445364576781
178 251 3 0.21463107449433952 0.020964480554770626
179 251 3 0.21503759517067686 0.020994922725581677
180 251 3 0.21502511167767724 0.020994244705277859
181 251 3 0.2145933553790435 0.02096257092707135
182 251 3 0.21372680334694849 0.020903643200001043
183 251 3 0.21239434344251512 0.020825521454410884
184 251 3 0.2105489144431415 0.020742010265059785
185 251 3 0.2081282840092947 0.020674592353222554
186 251 3 0.20506102829628478 0.020652578307124081
187 251 3 0.2012911944867477 0.020699616061353981
188 251 3 0.19681998021163175 0.020799904627948312
189 251 3 0.19167120386003056 0.020907559613762505
190 251 3 0.18543568449036665 0.021330719218435684
191 251 3 0.17756525385885349 0.022625655130987077
192 251 3 0.16821491531799601 0.030185184776282376
193 251 3 0.16384718865550069 0.025817458113787051
194 251 3 0.16098891055307177 0.022959180011358132
195 251 3 0.15833321319692936 0.021074896925053682
196 251 3 0.15490264444848603 0.021066113109566686
197 251 3 0.15303835777354491 0.019201826434625563
152 252 1 0.12676995114604547 0.017137602428969972
156 252 1 0.1296875924475453 0.020055243730469796
160 252 1 0.13426036329282912 0.020941652784545683
164 252 1 0.1383788052706037 0.024830295620235865
168 252 3 0.15671646586447913 0.021158618806309815
169 252 3 0.16600132809627249 0.019714318448125073
170 252 3 0.17208061049159973 0.019841901014324648
171 252 3 0.17690135965463238 0.020142985149924908
172 252 3 0.18147095713004888 0.020018317170968247
173 252 3 0.18526310725432976 0.019969697756168608
174 252 3 0.18822568373092077 0.020047665272142218
175 252 3 0.19047965191827809 0.020187114563242514
176 252 3 0.19215100656242975 0.020333823725306649
177 252 3 0.19333126845657786 0.020459203910054846
178 252 3 0.19408265403806724 0.020548420456272282
179 252 3 0.19444354553251994 0.020594049638156919
180 252 3 0.19443200807627031 0.020593103601406926
181 252 3 0.19404755691968514 0.020545798459358361
182 252 3 0.19327126617105514 0.020455537175893351
183 252 3 0.192064331677848 0.020330011764667116
184 252 3 0.19036512198165556 0.020183792461485939
185 252 3 0.18808395873814485 0.020044325271149854
186 252 3 0.18509546354838541 0.019965564747899373
187 252 3 0.18127837064228269 0.020012823844465011
188 252 3 0.17668420788911621 0.020135772322515538
189 252 3 0.17183829191017566 0.019832911949854898
190 252 3 0.16572939702102249 0.019706287469344164
191 252 3 0.15641106548320804 0.02115418837564545
192 252 1 0.13802973054171364 0.024816326389160814
196 252 1 0.13383653133891935 0.020901307198161662
200 252 1 0.12914146249778669 0.0200230249256729
204 252 1 0.12611423205559863 0.016995794483484844
168 253 3 0.14460771020187801 0.012108755662601112
169 253 3 0.14948723770036329 0.016514090395909203
170 253 3 0.15349030488141788 0.018590305610181851
171 253 3 0.15700133046683759 0.02161142461292917
172 253 3 0.16222069996144339 0.019250257168605484
173 253 3 0.16611260597207048 0.019150501282259286
174 253 3 0.16887547501329384 0.019350208717626938
175 253 3 0.17086340860279681 0.019616243315481285
176 253 3 0.17229609418957603 0.019854912372853722
177 253 3 0.17328844827787301 0.020042820178704845
178 253 3 0.17391203570955618 0.020170618328511053
179 253 3 0.17420913524844234 0.020234410284077603
180 253 3 0.17419902781493968 0.020232980261330635
181 253 3 0.17388090371523468 0.020166653204450463
182 253 3 0.17323387592249212 0.02003739024856302
183 253 3 0.17221440729275617 0.019849924385091838
184 253 3 0.17075153189476031 0.019613590086895255
185 253 3 0.16873580235433611 0.01934815638380874
186 253 3 0.16594810563658516 0.01914735791180025
187 253 3 0.16203321317741221 0.019245157464870488
188 253 3 0.15679197438279774 0.021605971194083112
189 253 3 0.15326139955302193 0.018576892357153735
190 253 3 0.14922716917820461 0.016502227842817879
191 253 3 0.14431691476372757 0.012094150719480473
168 254 2 0.13384852276296591 0.019258834912765907
170 254 2 0.13538990585390842 0.020800218003708418
172 254 3 0.14429349711653533 0.017927202844908063
173 254 3 0.14808571805430826 0.018026887917762219
174 254 3 0.15029405614719926 0.018581418866094573
175 254 3 0.15179574662657833 0.019067661976218481
176 254 3 0.15287446971187196 0.019421624477704069
177 254 3 0.15360708908092138 0.019681359196951631
178 254 3 0.1540604338352014 0.01985160187435478
179 254 3 0.15427437985508219 0.019934755393360148
180 254 3 0.15426651132008096 0.019932516494858721
181 254 3 0.15403568017356253 0.019845223541672147
182 254 3 0.15356161606035112 0.019672259862140995
183 254 3 0.15280083848371326 0.019413568809042908
184 254 3 0.1516841183319074 0.019067413562852908
185 254 3 0.15015345352272547 0.01858234883161064
186 254 3 0.14792250310748359 0.01802560252910157
187 254 3 0.14410997347992993 0.017923239697482274
188 254 2 0.13518600318871463 0.020762711224469002
190 254 2 0.13359985225726212 0.019176560293016495
172 255 3 0.13147788047031134 0.016888192620111334
173 255 3 0.13164194088973186 0.017052253039531853
174 255 3 0.13241793513996761 0.017876121007231655
175 255 3 0.13314930771366756 0.018646438912910762
176 255 3 0.13379691922902076 0.019077550482851202
177 255 3 0.13420278047100789 0.01940430860991349
178 255 3 0.1344458857639621 0.019614548071239302
179 255 3 0.13455903576203976 0.019715344093042431
180 255 3 0.1345545534493777 0.019711957870703262
181 255 3 0.13443134227942741 0.019604337894135127
182 255 3 0.13417384095991688 0.01938777510043424
183 255 3 0.13374117434839891 0.019059664135314347
184 255 3 0.13302889179351579 0.018655226538391606
185 255 3 0.13227002350901984 0.017883430013705626
186 255 3 0.13147768786233874 0.017054395898093114
187 255 3 0.13129836781352022 0.016875075849274598
0 256 0 0.0061311344273416403 0.00087373357670540198
8 256 0 0.0066515299481885283 0.0010555765175038825
16 256 0 0.0077071064656924109 0.0016191133843937817
24 256 0 0.0093262198500861926 0.0022221573620035424
32 256 0 0.011548377212089735 0.0028722595758029108
40 256 0 0.014420636787892646 0.0035722258197953983
48 256 0 0.017992862607688044 0.0043190168852796015
56 256 0 0.022311879492967646 0.0051026952559696387
64 256 0 0.027414574748937284 0.0059054029957286702
72 256 0 0.033319977744665955 0.0067003357509495889
80 256 0 0.040020313495615543 0.0074506609440280341
88 256 0 0.047470974439643578 0.0081083228069652943
96 256 0 0.055579297246608872 0.0088442989028455626
104 256 0 0.064192029511977999 0.010477264695506847
112 256 0 0.073081945287107833 0.012264508026126372
120 256 0 0.081938290553299098 0.014126212980040548
128 256 0 0.090384601989086905 0.015860535092219519
136 256 0 0.098089061761046814 0.017264622643226035
144 256 0 0.10491499509604173 0.01974982117074689
152 256 0 0.1096323487170755 0.018596423079719898
160 256 0 0.11381967114687033 0.022499913134846061
168 256 0 0.1145896878502 0.018805802330728358
176 256 0 0.11496400137157431 0.019274190161319621
184 256 0 0.11442329196424562 0.018782543269547911
192 256 0 0.11348299438982151 0.022450136550494992
200 256 0 0.10911843757211379 0.018509409704578844
208 256 0 0.10421904453401053 0.019604927940356634
216 256 0 0.097222414340331506 0.017071775474072098
224 256 0 0.089365919828702942 0.015601350196607355
232 256 0 0.080811809462797299 0.013830283995397957
240 256 0 0.07190133913687291 0.01196291288063607
248 256 0 0.06300608724201924 0.010188213122263784
256 256 0 0.054426739621836445 0.0085793476201827951
264 256 0 0.046377593978545607 0.0080491456432908379
272 256 0 0.038998469120802778 0.0073791248577428289
280 256 0 0.0323693818078599 0.0066290873129428787
288 256 0 0.026523076675164761 0.0058463051326951392
296 256 0 0.021455505446035653 0.0050675712291291079
304 256 0 0.017134844257901901 0.0043206611881337516
312 256 0 0.013509375797634404 0.0036254684602674975
320 256 0 0.010514348370457375 0.0029950274271770289
328 256 0 0.0080778238429501208 0.0024365245275072538
336 256 0 0.0061255009249495413 0.0019523229180005795
344 256 0 0.0045845156874507265 0.0015409852374988148
352 256 0 0.0033862558007652791 0.0011982598866854474
360 256 0 0.002468264281477324 0.00091799151928795503
368 256 0 0.0017753429819770683 0.00069292129950025575
376 256 0 0.0012599900077696965 0.00051535297420737185
384 256 0 0.00088231640517230539 0.00037767360259739107
392 256 0 0.00060958614782688448 0.00027273025734542091
400 256 0 0.00041551178433961894 0.00019407436348726554
408 256 0 0.00027941917953831796 0.00013609260480130098
416 256 0 0.00018537192233376263 9.4047257204555332e-05
424 256 0 0.0001213222184023474 6.4049703931415229e-05
432 256 0 7.8332830275912755e-05 4.2989388126434642e-05
440 256 0 4.9895479370387334e-05 2.843735090552542e-05
448 256 0 3.1355918183159326e-05 1.8539561187228008e-05
456 256 0 1.9444795379852861e-05 1.1911122803306466e-05
464 256 0 1.1906170704448797e-05 7.5386246754040635e-06
472 256 0 7.211496302211022e-06 4.6946744022377751e-06
480 256 0 4.3453458481781514e-06 2.8661504540328706e-06
488 256 0 2.6494260654551315e-06 1.6959197827230198e-06
496 256 0 1.7128195260965612e-06 9.3660653935857039e-07
504 256 0 1.2984904200337944e-06 4.1432910606276675e-07
0 264 0 0.0052911219544956728 0.00084001247284596747
8 264 0 0.0057394244362934032 0.00091210551189512511
16 264 0 0.0066484417444348746 0.0013934528095451357
24 264 0 0.0080418945539800103 0.0019107181651814714
32 264 0 0.0099526127191614817 0.0024666482929638703
40 264 0 0.012419261012125352 0.0030627635147748959
48 264 0 0.015482024526900248 0.0036952822753489791
56 264 0 0.019177306802249227 0.004354207904118116
64 264 0 0.023531514706367343 0.0050225138893044072
72 264 0 0.02855402859567175 0.0056754627874747027
80 264 0 0.034229491383146453 0.0062801271753366861
88 264 0 0.040509618558483139 0.0069613558811604387
96 264 0 0.047304891908165447 0.0082744053384434246
104 264 0 0.054476910533535219 0.0097151189784427799
112 264 0 0.061833263407557536 0.011248681879550297
120 264 0 0.069129485114947375 0.012808805438351722
128 264 0 0.076087204283867518 0.014297397705219386
136 264 0 0.082434092329634501 0.015654969431412313
144 264 0 0.08791567250804512 0.016999322587996607
152 264 0 0.092141460473968845 0.017490888243106656
160 264 0 0.095249493746829492 0.018570177400040841
168 264 0 0.096680675216178319 0.017909012634021684
176 264 0 0.097098608019346264 0.017865393352228046
184 264 0 0.096539718411239109 0.017883573553006515
192 264 0 0.094966365307141726 0.018516629082679786
200 264 0 0.091715012847068858 0.017403424725044928
208 264 0 0.087348148627689498 0.016870895906321029
216 264 0 0.081736021016480268 0.015486393323851239
224 264 0 0.075277424310499552 0.014088495518203389
232 264 0 0.068238372668392736 0.012573436794404563
240 264 0 0.060897045408976197 0.011004293727896713
248 264 0 0.05353056130817925 0.00947552593383999
256 264 0 0.046377593978545607 0.0080491456432908379
264 264 0 0.039622076571500818 0.0067555174070447893
272 264 0 0.033392764395036328 0.0062293121764644896
280 264 0 0.027769278841851493 0.0056234855531848357
288 264 0 0.022789963984797032 0.0049793148570544607
296 264 0 0.018459869725408133 0.0043300942593888989
304 264 0 0.014758312993636965 0.0037015567317711679
312 264 0 0.011645805870145843 0.0031125071234911223
320 264 0 0.0090702274571336679 0.002575578413012175
328 264 0 0.0069721498192269783 0.0020980776379066896
336 264 0 0.0052892608406162117 0.0016828889786107666
344 264 0 0.0039598668401056641 0.0013293940005105476
352 264 0 0.0029255013308847251 0.0010343655092209391
360 264 0 0.0021327072042532035 0.00079279412663152155
368 264 0 0.0015340926011549003 0.0005986146030983032
376 264 0 0.0010887825710397859 0.00044531003011511437
384 264 0 0.00076239825082161669 0.00032638432021816924
392 264 0 0.00052669355797391366 0.00023570469284770303
400 264 0 0.00035896844358266852 0.00016772511439124514
408 264 0 0.00024136046070346868 0.00011760798287919984
416 264 0 0.00016009576784804553 8.1264692855423154e-05
424 264 0 0.00010475939131772594 5.5336376530319592e-05
432 264 0 6.7624708666193465e-05 3.7134682651532471e-05
440 264 0 4.3065080934261573e-05 2.4559627731931891e-05
448 264 0 2.7057061677286253e-05 1.6008019256975321e-05
456 264 0 1.6774780478289903e-05 1.028228119899635e-05
464 264 0 1.0268654380814586e-05 6.5061260974753163e-06
472 264 0 6.2179867973123331e-06 4.0506675835022531e-06
480 264 0 3.7456283587730954e-06 2.4723584385392377e-06
488 264 0 2.2830632264965307e-06 1.4625651322765646e-06
496 264 0 1.4754942422077458e-06 8.0756898428878492e-07
504 264 0 1.1182974764980049e-06 3.5719676570974094e-07
0 272 0 0.0045020776304241445 0.00078904432407152832
8 272 0 0.0048828122328929552 0.00085661220340044805
16 272 0 0.005654544659403014 0.0011822752448394109
24 272 0 0.0068368199042424249 0.0016196910409059361
32 272 0 0.008456510945148361 0.0020884031811474711
40 272 0 0.010544914126295832 0.0025890195471835256
48 272 0 0.013133933673479358 0.0031174881879058296
56 272 0 0.016251421861385187 0.003664356269934773
64 272 0 0.01991577813131996 0.0042141834538792847
72 272 0 0.024129961585199245 0.004745185080692528
80 272 0 0.028875146665891773 0.0053543447172546797
88 272 0 0.034104373469551454 0.0064052450889316853
96 272 0 0.03973675641291706 0.0075681354952483876
104 272 0 0.045653198364545476 0.0088237121689897433
112 272 0 0.051695218921779529 0.010138044485778007
120 272 0 0.057669393776716066 0.01146009133823131
128 272 0 0.063359968660697749 0.012727235623169769
136 272 0 0.068547639201753663 0.013886453127880838
144 272 0 0.073019791452132513 0.014895881055912608
152 272 0 0.076569294159707327 0.015572166314261518
160 272 0 0.079119999217853981 0.01612949452897551
168 272 0 0.080531950767702781 0.016148724448475538
176 272 0 0.080950929606566788 0.016147678412779476
184 272 0 0.080415803456074547 0.016123914955164562
192 272 0 0.078888018259400422 0.016078347047741304
200 272 0 0.076223038787743017 0.015491974059325841
208 272 0 0.07256392068455049 0.014784227943139008
216 272 0 0.067992043340996552 0.013743977675483715
224 272 0 0.062720481275269482 0.01255694303523007
232 272 0 0.056968034649132387 0.011270338019260348
240 272 0 0.050957498151251369 0.0099395472577248276
248 272 0 0.04490432223959271 0.00862623906858654
256 272 0 0.038998469120802778 0.0073791248577428289
264 272 0 0.033392764395036328 0.0062293121764644896
272 272 0 0.028199364047573658 0.0051934003474626705
280 272 0 0.02349153654112825 0.0047078275064454077
288 272 0 0.019308162622600232 0.0041833739185280182
296 272 0 0.015659384114278564 0.0036487785083216678
304 272 0 0.012532551453123743 0.0031268326611548214
312 272 0 0.0098979963360280847 0.0026345551170956581
320 272 0 0.007714343847496136 0.0021836524885319487
328 272 0 0.0059331843672825162 0.0017811594802136198
336 272 0 0.0045029997318443539 0.0014301846354381623
344 272 0 0.0033722993534817279 0.0011307003783626261
352 272 0 0.002491974910961751 0.00088032444251997686
360 272 0 0.0018169261508567238 0.00067504876010502724
368 272 0 0.0013070434578733329 0.00050988269298339085
376 272 0 0.0009276539858811254 0.00037938947199220752
384 272 0 0.00064954737104267477 0.00027810661483845063
392 272 0 0.00044869570483632286 0.0002008516662063519
400 272 0 0.00030577277184003828 0.00014292293299628459
408 272 0 0.00020556225611317676 0.00010021051572686152
416 272 0 0.00013632640660008114 6.9235849513095621e-05
424 272 0 8.9187909249482142e-05 4.7138497350599e-05
432 272 0 5.7560276727513006e-05 3.1627632521969135e-05
440 272 0 3.6647140867418428e-05 2.0913135860094579e-05
448 272 0 2.3019021064384992e-05 1.3628119803033436e-05
456 272 0 1.4267546144205876e-05 8.7514749201791158e-06
464 272 0 8.7314694936183276e-06 5.5360766505875487e-06
472 272 0 5.28566317565137e-06 3.4458063179669576e-06
480 272 0 3.1830435640006606e-06 2.1026196116507094e-06
488 272 0 1.939514772555447e-06 1.2435287914452136e-06
496 272 0 1.2530354150141022e-06 6.8647935754134478e-07
504 272 0 9.4944274555310522e-07 3.0359266946099697e-07
0 280 0 0.0037768787421857057 0.00072519888823843878
8 280 0 0.0040956813257323034 0.00078713090716065175
16 280 0 0.0047416533578423913 0.00098902177453693771
24 280 0 0.005730675132379329 0.0013537686629411846
32 280 0 0.0070844437953205136 0.00174351429480845
40 280 0 0.0088279580901289637 0.002158272315350639
48 280 0 0.010986230405479603 0.0025940735516165707
56 280 0 0.013580303957096173 0.0030423940887679395
64 280 0 0.016622698045864113 0.0034897686599906635
72 280 0 0.020112466705854776 0.0040174948793444687
80 280 0 0.024030142556939436 0.0048450041089523367
88 280 0 0.028332959950449287 0.005771413519102167
96 280 0 0.032950925957136501 0.0067858304557805588
104 280 0 0.037784546623429539 0.0078686517411159368
112 280 0 0.04270528792388565 0.0089899309978938788
120 280 0 0.047559965427172779 0.010109428349543287
128 280 0 0.052179661072610871 0.011180307588086878
136 280 0 0.056391684540926842 0.01215595466082682
144 280 0 0.060030839718351589 0.012988951733780923
152 280 0 0.062952513483684219 0.013616780676023107
160 280 0 0.06506400055579277 0.014055998662061212
168 280 0 0.066298454753251648 0.014233496014451133
176 280 0 0.066674912316592103 0.014276017289974685
184 280 0 0.066204864754512247 0.014210938701562301
192 280 0 0.064877828733531859 0.014010189525868563
200 280 0 0.062676338557754757 0.013546700229988259
208 280 0 0.059669800489035509 0.012894120195514981
216 280 0 0.055954484123139366 0.012037559217857187
224 280 0 0.051678959288450933 0.011041521986818549
232 280 0 0.047012067531576246 0.0099559671175561415
240 280 0 0.042128600913640145 0.0088288972376112246
248 280 0 0.03719737855068677 0.0077069436889059401
256 280 0 0.0323693818078599 0.0066290873129428787
264 280 0 0.027769278841851493 0.0056234855531848357
272 280 0 0.02349153654112825 0.0047078275064454077
280 280 0 0.019600336300730572 0.0038912002403976784
288 280 0 0.016132005562947797 0.0034683307377827745
296 280 0 0.013098873015196221 0.0030331325477515759
304 280 0 0.010493773772239836 0.0026050992429563855
312 280 0 0.008294683672646342 0.0021990900995934939
320 280 0 0.0064691349617739128 0.0018255487108724293
328 280 0 0.0049781855389859787 0.0014909494227879341
336 280 0 0.0037798033526305298 0.0011983821863554489
344 280 0 0.0028315987213585183 0.00094820463127201146
352 280 0 0.0020928951791926065 0.00073870354216591183
360 280 0 0.001526174976332441 0.00056672020286016546
368 280 0 0.0010979685043042216 0.00042820647202821945
376 280 0 0.00077927772303291835 0.00031869078127130324
384 280 0 0.00054563298133236357 0.00023364474170055479
392 280 0 0.00037688210109271475 0.00016875088023964881
400 280 0 0.0002568025047947019 0.00012007959629801285
408 280 0 0.00017261403716938419 8.4188467625317715e-05
416 280 0 0.00011445442079337408 5.8159616376010111e-05
424 280 0 7.4863104032362699e-05 3.9591316761011377e-05
432 280 0 4.8304212733210175e-05 2.6558891299152524e-05
440 280 0 3.0746446916435195e-05 1.755776581677498e-05
448 280 0 1.9307585088594842e-05 1.1438861827840353e-05
456 280 0 1.1963853009798774e-05 7.343732078796068e-06
464 280 0 7.3195524479019107e-06 4.6443005618968634e-06
472 280 0 4.4296166618448926e-06 2.8899357860570181e-06
480 280 0 2.6666773078964905e-06 1.7629393539484021e-06
488 280 0 1.6243158410809641e-06 1.0423614668155264e-06
496 280 0 1.0490184469086167e-06 5.7529739417234737e-07
504 280 0 7.9463505529083203e-07 2.543833916177847e-07
0 288 0 0.0031239786074661936 0.00065290013471951212
8 288 0 0.0033871907399264621 0.00070849058580584132
16 288 0 0.0039203460982255535 0.00082130725961683786
24 288 0 0.0047361805830157715 0.0011158131818815361
32 288 0 0.0058519937648973076 0.0014355259635683917
40 288 0 0.0072875197284656993 0.001774639944011165
48 288 0 0.0090621596724768643 0.0021294998446310109
56 288 0 0.011191659517107875 0.0024927027328768073
64 288 0 0.013684362249984683 0.0029383357958794303
72 288 0 0.016537226511417431 0.0035752401944373451
80 288 0 0.019731882368602759 0.0042982601883366778
88 288 0 0.023231094276656518 0.0051018656737927687
96 288 0 0.026976117907873527 0.0059748080492629738
104 288 0 0.030885555828194741 0.0068989907952347988
112 288 0 0.034856384120146404 0.0078489038037392461
120 288 0 0.038767714762958996 0.0087922506642137827
128 288 0 0.042487388387432795 0.0096922726851780758
136 288 0 0.04588063123748911 0.010511053303437733
144 288 0 0.048819547274117879 0.01121129244423371
152 288 0 0.051193724447348217 0.011758789036336002
160 288 0 0.052922309292384485 0.012141691263408284
168 288 0 0.053953387235190026 0.012345067518061623
176 288 0 0.05427288864478555 0.012402023671806553
184 288 0 0.053879384097773562 0.012325480656738684
192 288 0 0.052775517983317845 0.012102310750214014
200 288 0 0.050976885468510001 0.011699453089244756
208 288 0 0.048537434725899983 0.011132365763135525
216 288 0 0.04554051803921378 0.010413966083925585
224 288 0 0.042099173521064195 0.0095797857673867379
232 288 0 0.038343559058313277 0.0086685084732629689
240 288 0 0.034409732229738511 0.0077188686839016335
248 288 0 0.030429771243395767 0.0067676073072910035
256 288 0 0.026523076675164761 0.0058463051326951392
264 288 0 0.022789963984797032 0.0049793148570544607
272 288 0 0.019308162622600232 0.0041833739185280182
280 288 0 0.016132005562947797 0.0034683307377827745
288 288 0 0.013293669594352228 0.0028383359685955692
296 288 0 0.010805766120840594 0.0024879034735116341
304 288 0 0.0086646824784325505 0.0021410836424080436
312 288 0 0.006854209493933062 0.0018104729844994885
320 288 0 0.0053491153002792153 0.0015050941936538467
328 288 0 0.0041184291205774741 0.0012306861797017413
336 288 0 0.0031282841550552246 0.00099014496552224949
344 288 0 0.0023442391388882509 0.00078404501616697372
352 288 0 0.0017330553480348588 0.00061118379085339206
360 288 0 0.0012639503717087348 0.00046910497632612403
368 288 0 0.00090938205951898862 0.00035456831218974615
376 288 0 0.00064543622080884136 0.00026394583871014725
384 288 0 0.00045190105188011093 0.00019353516892873043
392 288 0 0.00031211165572475846 0.00013978939615535247
400 288 0 0.00021264157993627637 9.9470075788482093e-05
408 288 0 0.00014290735588770587 6.9734224048570502e-05
416 288 0 9.4738771717826307e-05 4.816858416987956e-05
424 288 0 6.1953909956647177e-05 3.2784861761179129e-05
432 288 0 3.9965222638275818e-05 2.198868731837136e-05
440 288 0 2.5432000953938595e-05 1.4533221684337223e-05
448 288 0 1.5965962991973819e-05 9.4660379619647761e-06
456 288 0 9.8903997977653656e-06 6.0755631942084531e-06
464 288 0 6.0491909843530805e-06 3.8412088134122851e-06
472 288 0 3.6596754819408348e-06 2.3895155024122457e-06
480 288 0 2.2024283783504731e-06 1.4572471035903617e-06
488 288 0 1.3410479028271015e-06 8.6138047552337163e-07
496 288 0 8.657486255302382e-07 4.7529927729686329e-07
504 288 0 6.5561623498187216e-07 2.1013239054836604e-07
0 296 0 0.0025476558658252928 0.00057632274164090081
8 296 0 0.0027619496362160639 0.00062524110371039825
16 296 0 0.0031958851058905219 0.00072446099233503154
24 296 0 0.0038595526808780766 0.00090703365414657872
32 296 0 0.0047665863350246553 0.001165812574521927
40 296 0 0.0059323989095465823 0.0014395029859847466
48 296 0 0.0073719018955313289 0.0017248901268022291
56 296 0 0.009096792022333558 0.0020948674947743173
64 296 0 0.011112530015295542 0.002571832234689141
72 296 0 0.01341519135672008 0.0031220351546973509
80 296 0 0.015988433724635671 0.0037434486439670879
88 296 0 0.018800897245241022 0.0044301970314154955
96 296 0 0.021804422418732202 0.0051716954891413251
104 296 0 0.024933516003464697 0.0059520398247300439
112 296 0 0.028106478077811529 0.0067499060423348752
120 296 0 0.031228465142768367 0.0075392496201906294
128 296 0 0.034196457286834743 0.0082909311005980521
136 296 0 0.036905686844370317 0.0089749443931187931
144 296 0 0.039256858496409607 0.0095626887777082725
152 296 0 0.041163638892139094 0.010030085555209123
160 296 0 0.042559309763272282 0.010362999529112203
168 296 0 0.043399202459593056 0.01055418477559697
176 296 0 0.043661861698228235 0.010611026946557314
184 296 0 0.043341656997496675 0.010537727100276888
192 296 0 0.042445390749677674 0.010330127233640171
200 296 0 0.040995850606240107 0.0099810348622698941
208 296 0 0.039039284320336133 0.0094981504055638502
216 296 0 0.036644184829570228 0.0088963332096435518
224 296 0 0.033898649578805118 0.0082005239422590775
232 296 0 0.030903421334827517 0.0074401377234857603
240 296 0 0.027764060356576352 0.0066456718731621595
248 296 0 0.024583490528955632 0.0058462807144401344
256 296 0 0.021455505446035653 0.0050675712291291079
264 296 0 0.018459869725408133 0.0043300942593888989
272 296 0 0.015659384114278561 0.0036487785083216713
280 296 0 0.013098873015196221 0.0030331325477515759
288 296 0 0.010805766120840594 0.0024879034735116341
296 296 0 0.0087918328672860081 0.0020139332535545861
304 296 0 0.0070556331449014749 0.0017361997223845332
312 296 0 0.005585308211364509 0.0014703249335369659
320 296 0 0.0043614142211268643 0.0012238939902376447
328 296 0 0.0033595796016769944 0.0010018346194498699
336 296 0 0.002552839694475804 0.00080673990720119037
344 296 0 0.0019135649554513417 0.00063927473902446229
352 296 0 0.0014149513370856957 0.00049861361836564598
360 296 0 0.0010320825958941688 0.00038286874119152696
368 296 0 0.00074260405023729957 0.00028947854565686921
376 296 0 0.00052706624218102661 0.00021553780805627296
384 296 0 0.00036900616703154464 0.00015806007514948198
392 296 0 0.00025483489322074862 0.00011417127381079602
400 296 0 0.00017359549731747886 8.1239395903269762e-05
408 296 0 0.00011664635800709442 5.6949139310384436e-05
416 296 0 7.7313915918335923e-05 3.93324420887585e-05
424 296 0 5.054762391081898e-05 2.6766292007516943e-05
432 296 0 3.2599184907595079e-05 1.7948439003223901e-05
440 296 0 2.0739070103750268e-05 1.1860114803844811e-05
448 296 0 1.3016104874945392e-05 7.7229652288048762e-06
456 296 0 8.0606621831566345e-06 4.9554426917887571e-06
464 296 0 4.9285504502617588e-06 3.1321117328948757e-06
472 296 0 2.9807315233972006e-06 1.9478189268645581e-06
480 296 0 1.7932103344849558e-06 1.1875211889122448e-06
488 296 0 1.091465084076114e-06 7.0174525040884186e-07
496 296 0 7.0434497937887665e-07 3.8712010469723734e-07
504 296 0 5.3322595146303813e-07 1.7111902791583852e-07
0 304 0 0.0020484993852596055 0.00049915648056568724
8 304 0 0.0022205532427550076 0.00054139639346105625
16 304 0 0.0025688597664403046 0.00062702533945021731
24 304 0 0.003101321626824474 0.00075823105405360258
32 304 0 0.0038285672874292767 0.0009380190475953786
40 304 0 0.0047625166372451322 0.0011698822723014502
48 304 0 0.005914538041207628 0.0014573638543237009
56 304 0 0.0072932731823876868 0.0018035188399458712
64 304 0 0.0089022431604924152 0.0022102868548031264
72 304 0 0.010737393965216925 0.0026777973915031554
80 304 0 0.012784788742977258 0.0032036449816584128
88 304 0 0.015018702346789113 0.0037821948984519092
96 304 0 0.017400410144485817 0.0044040122742463848
104 304 0 0.019877971255843487 0.0050555447476212101
112 304 0 0.022387262827719117 0.0057192152500924118
120 304 0 0.024854402325103241 0.0063740628176651264
128 304 0 0.027199493752101615 0.0069969635347331277
136 304 0 0.029341397057379117 0.0075642897869911997
144 304 0 0.031203044541937685 0.0080538139544719216
152 304 0 0.032716727858069353 0.0084469110340697415
160 304 0 0.033828509744246824 0.0087308000190254587
168 304 0 0.034500621946664325 0.0088985805129287304
176 304 0 0.034712065623969633 0.0089497960742586022
184 304 0 0.034456557530805329 0.0088850994666913458
192 304 0 0.033741400731504174 0.0087039900181734992
200 304 0 0.032588690661741741 0.0084071599444983658
208 304 0 0.03103740093944838 0.0080018833808877532
216 304 0 0.029142736902147769 0.0075014479274224596
224 304 0 0.02697360711696865 0.0069250424618364677
232 304 0 0.024608024314215524 0.0062953970206119925
240 304 0 0.022127620904033522 0.0056364394525428296
248 304 0 0.019612187417625691 0.0049713031113299416
256 304 0 0.017134844257901904 0.0043206611881337481
264 304 0 0.014758312993636965 0.0037015567317711679
272 304 0 0.012532551453123743 0.0031268326611548179
280 304 0 0.010493773772239836 0.0026050992429563855
288 304 0 0.0086646824784325487 0.0021410836424080454
296 304 0 0.0070556331449014749 0.0017361997223845332
304 304 0 0.0056664222015798509 0.001389210943321624
312 304 0 0.0044884081178736528 0.001178014083706198
320 304 0 0.0035067216870563519 0.00098168643081730095
328 304 0 0.0027023768674958254 0.00080434481956052645
336 304 0 0.0020541503441715253 0.00064822652332430014
344 304 0 0.0015401503875420344 0.00051399995662949091
352 304 0 0.0011390406684907923 0.00040110971905124213
360 304 0 0.00083092078570473551 0.00030811988278605675
368 304 0 0.00059789175041414545 0.00023302903529059005
376 304 0 0.00042435178480125469 0.00017353996561289076
384 304 0 0.00029707646129679076 0.00012727532350446393
392 304 0 0.00020513888994067684 9.1937571356113921e-05
400 304 0 0.00013972208576240301 6.541680417827383e-05
408 304 0 9.3868610821691285e-05 4.5853474940711728e-05
416 304 0 6.22037395761444e-05 3.1664871245546886e-05
424 304 0 4.0659114686561536e-05 2.1544624889582864e-05
432 304 0 2.6215161158734272e-05 1.4443953527827264e-05
440 304 0 1.6673059899095982e-05 9.5421012596382894e-06
448 304 0 1.0461165464086823e-05 6.2118944350091598e-06
456 304 0 6.4764399933639727e-06 3.9847254707228499e-06
464 304 0 3.95863349306786e-06 2.5178065002961127e-06
472 304 0 2.393329413580843e-06 1.565304079487017e-06
480 304 0 1.4393114358080677e-06 9.5401797777277525e-07
488 304 0 8.7571689654989413e-07 5.6359453925817361e-07
496 304 0 5.6488647866572476e-07 3.1083041788416937e-07
504 304 0 4.2751382433738952e-07 1.3737265432833523e-07
0 312 0 0.0016240492877359395 0.00042445009752366605
8 312 0 0.0017602871099164105 0.00046026613283859708
16 312 0 0.0020360218631245049 0.00053283790331579975
24 312 0 0.002457374555995275 0.00064394707082919903
32 312 0 0.0030325446983100698 0.00079602258911920694
40 312 0 0.0037706653404446099 0.00099185129680052228
48 312 0 0.0046803395151372709 0.0012341985260703571
56 312 0 0.0057679253849918562 0.0015253477973958306
64 312 0 0.0070356677788171954 0.0018665753816752197
72 312 0 0.0084798086739048088 0.0022575852913121162
80 312 0 0.010088845040936215 0.0026959437020410426
88 312 0 0.011842133388339926 0.0031765689584491875
96 312 0 0.013709057537636852 0.0036913526068489654
104 312 0 0.015648968004213906 0.0042290032516295803
112 312 0 0.017612055019336579 0.0047752078083825381
120 312 0 0.019541223771575821 0.0053131785535274201
128 312 0 0.021374904268387444 0.005824589483714171
136 312 0 0.023050575621891018 0.006290821435488099
144 312 0 0.024508654231975138 0.0066943903099625467
152 312 0 0.025696297434457227 0.0070204304236121257
160 312 0 0.026570581974563228 0.0072579277696835955
168 312 0 0.027100544873823889 0.0074000770728404365
176 312 0 0.027268011213625647 0.0074440544103439865
184 312 0 0.027067292248233548 0.007389265282571781
192 312 0 0.02650491200986644 0.0072364887216377349
200 312 0 0.025599913123420946 0.0069887775383207958
208 312 0 0.024384165051001029 0.0066532358884473508
216 312 0 0.022901498571203771 0.0062412383309439975
224 312 0 0.021205580521200605 0.005768026595768045
232 312 0 0.019356619661279564 0.00525140465293596
240 312 0 0.017417443438250246 0.004710177465783276
248 312 0 0.015449517655117104 0.0041626697625085866
256 312 0 0.013509375797634404 0.0036254684602675009
264 312 0 0.011645805870145843 0.0031125071234911223
272 312 0 0.0098979963360280847 0.0026345551170956581
280 312 0 0.008294683672646342 0.0021990900995934939
288 312 0 0.006854209493933062 0.0018104729844994867
296 312 0 0.005585308211364509 0.0014703249335369659
304 312 0 0.0044884081178736528 0.001178014083706198
312 312 0 0.0035572287524776361 0.00093117936539601669
320 312 0 0.0027804819845188618 0.0007767467679587743
328 312 0 0.0021435220100016381 0.00063695997451722374
336 312 0 0.0016298320155761418 0.00051368999442549627
344 312 0 0.0012222769442693019 0.00040755507130683997
352 312 0 0.00090408891139582789 0.00031818803287347397
360 312 0 0.00065958220162459704 0.00024450670977123085
368 312 0 0.0004746174441180166 0.00018496475750658044
376 312 0 0.0003368494703293034 0.0001377679737887132
384 312 0 0.00023580119078327405 0.00010104827954602935
392 312 0 0.00016280776270038018 7.2993428082893878e-05
400 312 0 0.000110872807054183 5.193495564619718e-05
408 312 0 7.4472974262080233e-05 3.6399832792102763e-05
416 312 0 4.9340136929419421e-05 2.5132837332660812e-05
424 312 0 3.2243053354250173e-05 1.7097083575169249e-05
432 312 0 2.078334586308321e-05 1.1459707491166963e-05
440 312 0 1.3214615461455748e-05 7.5687304016274614e-06
448 312 0 8.288735306656115e-06 4.9258801547996333e-06
456 312 0 5.1298777412979543e-06 3.1588575653581607e-06
464 312 0 3.1345280537922314e-06 1.9953496875057228e-06
472 312 0 1.894429316204787e-06 1.2400987375874444e-06
480 312 0 1.1388587026980984e-06 7.5557061350668858e-07
488 312 0 6.9263411754355548e-07 4.4622458515454295e-07
496 312 0 4.4659884124881071e-07 2.4603527629474477e-07
504 312 0 3.3788219890141028e-07 1.0871664234740043e-07
0 320 0 0.0012695142712431261 0.00035453501649281341
8 320 0 0.0013759118254543601 0.00038437528446205044
16 320 0 0.0015912085948774353 0.00044481326824706959
24 320 0 0.001920094645924932 0.00053727991007034297
32 320 0 0.0023688317182125876 0.00066371298009748224
40 320 0 0.0029443545956861958 0.00082631074475841403
48 320 0 0.0036531275910350607 0.0010272119241022102
56 320 0 0.0044998130192254512 0.0012681123657664051
64 320 0 0.0054858325104243013 0.0015498352683928941
72 320 0 0.0066079283597016755 0.0018718803142031334
80 320 0 0.0078568574783444336 0.0022319875625917817
88 320 0 0.0092163698268292321 0.0026257635615106936
96 320 0 0.010662629814485645 0.0030464277231512064
104 320 0 0.012164225489583682 0.0034847425146302246
112 320 0 0.013682869713308064 0.003929185306028515
120 320 0 0.015174827302444878 0.0043663964691309422
128 320 0 0.016593007947759416 0.0047818963206280284
136 320 0 0.017889562315325323 0.0051610133065656955
144 320 0 0.019018728643219986 0.0054899255887551519
152 320 0 0.019939613388379563 0.005756684046077664
160 320 0 0.020618564532046801 0.0059520174425164267
168 320 0 0.021030859002043299 0.0060696858717805904
176 320 0 0.021161625679337749 0.0061063855342878975
184 320 0 0.021006117584130887 0.0060611746641026608
192 320 0 0.020569738318166678 0.0059351736916997619
200 320 0 0.019868025799154528 0.0057318873242664173
208 320 0 0.018926375361744095 0.0054577896892569339
216 320 0 0.017779087238658949 0.0051224113325448219
224 320 0 0.016467623770934081 0.004737956750266524
232 320 0 0.015038163589690878 0.0043184560715886864
240 320 0 0.013538746695623952 0.0038786967426262947
248 320 0 0.012016368368946572 0.0034331492861705316
256 320 0 0.010514348370457373 0.0029950274271770307
264 320 0 0.0090702274571336679 0.002575578413012175
272 320 0 0.007714343847496136 0.0021836524885319487
280 320 0 0.0064691349617739136 0.0018255487108724284
288 320 0 0.0053491153002792153 0.0015050941936538467
296 320 0 0.0043614142211268643 0.0012238939902376447
304 320 0 0.0035067216870563519 0.00098168643081730095
312 320 0 0.0027804819845188618 0.0007767467679587743
320 320 0 0.0021741876938938128 0.00060629429062504904
328 320 0 0.0016766511357285466 0.00049753655816526621
336 320 0 0.0012751615504535446 0.00040148958527500196
344 320 0 0.00095646832541974522 0.00031869322503379942
352 320 0 0.00070756009057160391 0.00024890823484814131
360 320 0 0.00051623420441404306 0.00019132588615756085
368 320 0 0.00037146989901929258 0.00014476430539475048
376 320 0 0.00026363090470361763 0.00010783899431567496
384 320 0 0.00018453017787630453 7.9100726827313096e-05
392 320 0 0.00012739132183631099 5.7138856039993537e-05
400 320 0 8.6739583291491331e-05 4.0651738544819662e-05
408 320 0 5.825115023229665e-05 2.8488433059194681e-05
416 320 0 3.8584001397143721e-05 1.9667148835152929e-05
424 320 0 2.5207702952386371e-05 1.337629844475735e-05
432 320 0 1.6244009281586383e-05 8.9636936707999883e-06
440 320 0 1.0325346350926033e-05 5.91866293066035e-06
448 320 0 6.4744580984156431e-06 3.8508882525103899e-06
456 320 0 4.0057209456188174e-06 2.4687371527968258e-06
464 320 0 2.4467974526345438e-06 1.5589234929842736e-06
472 320 0 1.4782543800792257e-06 9.6854307255531807e-07
480 320 0 8.8833210085743081e-07 5.8992227922179493e-07
488 320 0 5.4004465886428586e-07 3.4828744199314495e-07
496 320 0 3.480603445378847e-07 1.9198431432640116e-07
504 320 0 2.6324310803917767e-07 8.4817236498707026e-08
0 328 0 0.00097849397623944148 0.00029102029500368458
8 328 0 0.0010604505259794866 0.00031546129947487346
16 328 0 0.0012262628647773804 0.00036494573010005483
24 328 0 0.0014794864860947518 0.00044060815983018023
32 328 0 0.0018248554879287658 0.00054397623028382179
40 328 0 0.0022675884269549515 0.00067676616873124434
48 328 0 0.0028125083853144609 0.00084061920572059976
56 328 0 0.0034630236697477516 0.0010367893494776996
64 328 0 0.0042200339593517636 0.0012657985510725377
72 328 0 0.0050808461667488265 0.0015270821929528489
80 328 0 0.0060382019197645883 0.0018186555585798453
88 328 0 0.0070795304163190718 0.0021368394105101603
96 328 0 0.0081865416896386017 0.0024760881248470437
104 328 0 0.0093352612856305636 0.0028289642039531181
112 328 0 0.010496574602801957 0.0031862951105061064
120 328 0 0.011637297525527803 0.0035375297769170751
128 328 0 0.012721724376699911 0.0038712835710595049
136 328 0 0.01371353483780877 0.0041760274775165529
144 328 0 0.014577881395306032 0.0044408472479139545
152 328 0 0.015283440427967513 0.0046561729604120503
160 328 0 0.015804206196990349 0.0048143583350564526
168 328 0 0.016120855879725872 0.0049100031223174266
176 328 0 0.016221619298135637 0.0049400063812021118
184 328 0 0.016102701030520999 0.0049034165536098878
192 328 0 0.015768397057664609 0.0048013412605020685
200 328 0 0.015230978011721224 0.0046370477874333044
208 328 0 0.014510258542511669 0.0044161168192324261
216 328 0 0.013632705174098167 0.0041463820645607826
224 328 0 0.01263003451717361 0.0038375892537604716
232 328 0 0.011537373121587306 0.0035007904681035717
240 328 0 0.010391159390278825 0.0031475873053451262
248 328 0 0.0092270172334045705 0.0027893511355420019
256 328 0 0.0080778238429501208 0.0024365245275072521
264 328 0 0.0069721498192269783 0.0020980776379066896
272 328 0 0.0059331843672825162 0.0017811594802136198
280 328 0 0.0049781855389859787 0.001490949422787935
288 328 0 0.0041184291205774749 0.0012306861797017404
296 328 0 0.0033595796016769948 0.0010018346194498695
304 328 0 0.0027023768674958254 0.00080434481956052645
312 328 0 0.0021435220100016381 0.00063695997451722374
320 328 0 0.0016766511357285466 0.00049753655816526621
328 328 0 0.0012933023116091257 0.00038334882411942086
336 328 0 0.00098380299987610833 0.00030949931173301741
344 328 0 0.00073802940010630179 0.00024577359976980654
352 328 0 0.0005460119438542852 0.00019201745625201658
360 328 0 0.00039838069836805473 0.00014763124548623047
368 328 0 0.00028665949028442019 0.00011172120808363453
376 328 0 0.00020342780845340066 8.3231681831019531e-05
384 328 0 0.00014237524841169034 6.1052560041710324e-05
392 328 0 9.8275097616179846e-05 4.4100150795510493e-05
400 328 0 6.6902536823459482e-05 3.1372560792720364e-05
408 328 0 4.4919818528124872e-05 2.198271829533461e-05
416 328 0 2.9746582001354431e-05 1.5173236526770441e-05
424 328 0 1.9428928637331828e-05 1.0317653364022603e-05
432 328 0 1.2516569201927166e-05 6.912359435404662e-06
440 328 0 7.9536240797680168e-06 4.562945122159149e-06
448 328 0 4.985687410435404e-06 2.9679366693326128e-06
456 328 0 3.0835928139709468e-06 1.9020945964644572e-06
464 328 0 1.8828803517757521e-06 1.2007124621951946e-06
472 328 0 1.1371425353957445e-06 7.4573781638000764e-07
480 328 0 6.8308030456653448e-07 4.5406223082921002e-07
488 328 0 4.1508971464651623e-07 2.6799058992001825e-07
496 328 0 2.6740735742418926e-07 1.4768235722232697e-07
504 328 0 2.0217475540702282e-07 6.5232602017166444e-08
0 336 0 0.00074364955667362081 0.00023484441956582067
8 336 0 0.00080591781024539385 0.00025453271573409278
16 336 0 0.00093188047448860135 0.00029438239028877909
24 336 0 0.0011242043471077195 0.00035528213898703234
32 336 0 0.0013864326604960354 0.00043842282743273035
40 336 0 0.0017224569631918612 0.00054513146376309034
48 336 0 0.0021358497636170602 0.00067665862169740071
56 336 0 0.0026290947198249442 0.00083392894992280735
64 336 0 0.0032027649706861802 0.0010172689886655834
72 336 0 0.0038547143234159836 0.0012261318433328429
80 336 0 0.0045793581628434553 0.001458843756921133
88 336 0 0.0053671281422530727 0.0017124022740659991
96 336 0 0.0062041836483947271 0.0019823580412438747
104 336 0 0.0070724507462749499 0.0022628105393556136
112 336 0 0.0079500341346080538 0.0025465404681939037
120 336 0 0.0088120102734406697 0.0028252872520871334
128 336 0 0.0096315641314863917 0.0030901602452135194
136 336 0 0.010381384871647956 0.0033321499661608141
144 336 0 0.011035196002327852 0.0035426853929781798
152 336 0 0.01156927196202513 0.0037141684659423822
160 336 0 0.011963794028695908 0.0038404121682944405
168 336 0 0.012203929942762152 0.0039169259369637201
176 336 0 0.012280579528342821 0.0039410397697928166
184 336 0 0.012190790337682524 0.0039119106928384752
192 336 0 0.011937887072485371 0.0038305099851792378
200 336 0 0.011531337986309578 0.0036996400254116456
208 336 0 0.010986330338569078 0.0035239282039425911
216 336 0 0.01032300811666528 0.0033096970574328869
224 336 0 0.0095653678123660477 0.0030646667048075619
232 336 0 0.0087398727571033983 0.002797500364483908
240 336 0 0.0078739063826797004 0.002517253007599125
248 336 0 0.0069942164005814406 0.00223280083282313
256 336 0 0.0061255009249495413 0.0019523229180005795
264 336 0 0.0052892608406162108 0.0016828889786107675
272 336 0 0.0045029997318443539 0.0014301846354381623
280 336 0 0.0037798033526305298 0.0011983821863554489
288 336 0 0.0031282841550552254 0.00099014496552224949
296 336 0 0.0025528396944758044 0.00080673990720119037
304 336 0 0.0020541503441715257 0.0006482265233242997
312 336 0 0.0016298320155761423 0.00051368999442549584
320 336 0 0.0012751615504535451 0.00040148958527500152
328 336 0 0.00098380299987610833 0.00030949931173301741
336 336 0 0.0007484787123021951 0.00023532428757391322
344 336 0 0.00056154689741002239 0.00018693181489217272
352 336 0 0.00041546460815601393 0.00014608228925400846
360 336 0 0.00030313012636901045 0.00011233448178700348
368 336 0 0.00021811051867199173 8.5019607697018717e-05
376 336 0 0.00015476826977704717 6.3342248894944562e-05
384 336 0 0.0001083055321153135 4.6462737661733675e-05
392 336 0 7.4746142903751148e-05 3.3559389211562348e-05
400 336 0 5.0874840336574097e-05 2.3871302567177051e-05
408 336 0 3.4150810163854308e-05 1.6724030172719789e-05
416 336 0 2.2609518514179242e-05 1.1541291649675066e-05
424 336 0 1.4763327034855494e-05 7.8461914793237475e-06
432 336 0 9.5080818130401422e-06 5.2552452218153519e-06
440 336 0 6.0400009556586909e-06 3.4680808573814513e-06
448 336 0 3.7848995190826459e-06 2.255101436576045e-06
456 336 0 2.3401157588016464e-06 1.4447837602809995e-06
464 336 0 1.4283931765476093e-06 9.117225822540371e-07
472 336 0 8.6233759280054426e-07 5.6605558374706505e-07
480 336 0 5.1779884645212553e-07 3.4453874634841874e-07
488 336 0 3.1451628664300072e-07 2.032825598091248e-07
496 336 0 2.0252413381809608e-07 1.1199215282490464e-07
504 336 0 1.5306579614311437e-07 4.9458337674981706e-08
0 344 0 0.00055728278728969349 0.00018636676938392732
8 344 0 0.00060394762491260698 0.00020197018533278687
16 344 0 0.00069833647237068155 0.0002335440021179198
24 344 0 0.00084242817623645945 0.00028177617087126003
32 344 0 0.0010388476879301875 0.00034758497256584791
40 344 0 0.0012904700836781787 0.00043198687951368246
48 344 0 0.0015999214527094143 0.00053592831090764595
56 344 0 0.0019690050652796287 0.00066008965454531551
64 344 0 0.0023980914204524391 0.00080467355023374106
72 344 0 0.0028855208983882543 0.0009691934250277293
80 344 0 0.0034270760688318194 0.0011522820940116358
88 344 0 0.0040155850697327 0.0013515430725203727
96 344 0 0.0046407156125728745 0.0015634680358218526
104 344 0 0.0052890092599359772 0.0017834414863389728
112 344 0 0.0059441868702192844 0.0020058472643887694
120 344 0 0.006587729387943957 0.0022242808854967128
128 344 0 0.0071997063680770178 0.0024318577634093739
136 344 0 0.0077597925116015699 0.0026215923600463858
144 344 0 0.0082483859086179365 0.0027868100937099155
152 344 0 0.0086477264831240543 0.0029215454789010761
160 344 0 0.0089429140036637739 0.0030208800250321344
168 344 0 0.0091227437507229031 0.0030811861920392487
176 344 0 0.009180310246986241 0.0031002692813565796
184 344 0 0.009113363567457582 0.0030774267702249423
192 344 0 0.0089244246787861595 0.0030134623936992119
200 344 0 0.0086206649002657822 0.0029106730860437961
208 344 0 0.008213541755165997 0.002772788583403081
216 344 0 0.0077181830887257316 0.0026048250279395481
224 344 0 0.0071525348583289499 0.0024128329540370978
232 344 0 0.0065363237622409762 0.0022035489948624221
240 344 0 0.0058899192553060961 0.0019839871273736043
248 344 0 0.0052331982612395357 0.0017610181393419048
256 344 0 0.0045845156874507256 0.0015409852374988157
264 344 0 0.0039598668401056641 0.0013293940005105467
272 344 0 0.0033722993534817274 0.0011307003783626265
280 344 0 0.0028315987213585183 0.00094820463127201146
288 344 0 0.0023442391388882513 0.00078404501616697415
296 344 0 0.0019135649554513422 0.00063927473902446229
304 344 0 0.0015401503875420346 0.00051399995662949113
312 344 0 0.0012222769442693019 0.00040755507130684041
320 344 0 0.00095646832541974544 0.00031869322503379964
328 344 0 0.00073802940010630189 0.00024577359976980643
336 344 0 0.00056154689741002239 0.00018693181489217272
344 344 0 0.00042132233882181367 0.00014022455858820872
352 344 0 0.00031172058037484392 0.00010960175844696975
360 344 0 0.00022742869111219572 8.4291889262648202e-05
368 344 0 0.00016362890747673219 6.379978363546353e-05
376 344 0 0.00011609571135426033 4.7533196122471853e-05
384 344 0 8.1230735467649178e-05 3.4864975886611155e-05
392 344 0 5.6050547312997468e-05 2.518018815465171e-05
400 344 0 3.8141913134306727e-05 1.7908634178690741e-05
408 344 0 2.5597465355030825e-05 1.2544447779275902e-05
416 344 0 1.6942330710713058e-05 8.6551346443177672e-06
424 344 0 1.1059676504346428e-05 5.8826542063666295e-06
432 344 0 7.1206384387704789e-06 3.9390380655759496e-06
440 344 0 4.521924698078461e-06 2.5987137406920179e-06
448 344 0 2.832658618394645e-06 1.689266079683816e-06
456 344 0 1.7507519459326564e-06 1.0819066724619885e-06
464 344 0 1.0682582898190538e-06 6.8249365611360268e-07
472 344 0 6.4467337964282002e-07 4.2358491017623374e-07
480 344 0 3.8694289431417814e-07 2.5773048532864188e-07
488 344 0 2.3492923625879126e-07 1.5201365805538688e-07
496 344 0 1.5120602270971711e-07 8.3723213549074146e-08
504 344 0 1.1423922110134284e-07 3.8826575041771537e-08
0 352 0 0.00041180130507610869 0.0001454814822135848
8 352 0 0.00044629651419622498 0.000157651110716382
16 352 0 0.00051606483057281907 0.00018227164179786249
24 352 0 0.00062255869330124058 0.00021986948293521887
32 352 0 0.00076770256103445423 0.00027114512689573327
40 352 0 0.00095360018569979796 0.00033686989797838073
48 352 0 0.0011821663743999838 0.00041775507830943046
56 352 0 0.001454704692897479 0.00051430037238214973
64 352 0 0.0017714599689436894 0.00062663145150874977
72 352 0 0.0021311816440328811 0.00075433925435537327
80 352 0 0.0025307397176445342 0.00089633635118728516
88 352 0 0.0029648376896152964 0.0010507473801174036
96 352 0 0.0034258650096349475 0.001214850602937927
104 352 0 0.0039039239463015793 0.0013850853136343978
112 352 0 0.0043870521425342576 0.0015571347276850268
120 352 0 0.0048616432254728519 0.0017260861624711051
128 352 0 0.0053130457866993244 0.0018866605813776935
136 352 0 0.0057262990826074407 0.0020334934289941292
144 352 0 0.0060869457879727156 0.002161440120645221
152 352 0 0.0063818517777996129 0.0022658747053244414
160 352 0 0.0065999628393472037 0.0023429511643165701
168 352 0 0.0067329388411975994 0.0023898049095253037
176 352 0 0.0067756242525775197 0.0024046859944087213
184 352 0 0.0067263337755402173 0.0023870297919173647
192 352 0 0.0065869463654566708 0.0023374783133294887
200 352 0 0.0063628063486423896 0.0022578585516233925
208 352 0 0.0060624314614456552 0.0021511102937203418
216 352 0 0.0056970336126928667 0.0020211494760328649
224 352 0 0.0052798735781650862 0.0018726612801638638
232 352 0 0.0048254916183384025 0.0017108321439025737
240 352 0 0.0043488749543356556 0.0015410443009704405
248 352 0 0.0038646336566436398 0.001368564604595896
256 352 0 0.0033862558007652791 0.0011982598866854465
264 352 0 0.0029255013308847246 0.0010343655092209395
272 352 0 0.0024919749109617506 0.00088032444251997686
280 352 0 0.0020928951791926061 0.00073870354216591227
288 352 0 0.001733055348034859 0.00061118379085339227
296 352 0 0.001414951337085696 0.0004986136183656462
304 352 0 0.0011390406684907925 0.00040110971905124213
312 352 0 0.00090408891139582789 0.00031818803287347397
320 352 0 0.00070756009057160391 0.00024890823484814153
328 352 0 0.00054601194385428531 0.00019201745625201658
336 352 0 0.00041546460815601404 0.00014608228925400835
344 352 0 0.00031172058037484392 0.00010960175844696975
352 352 0 0.0002306231913404947 8.1097389034349223e-05
360 352 0 0.00016824925206820941 6.2373939272285283e-05
368 352 0 0.00012103828782053188 4.721096424767753e-05
376 352 0 8.5865555885616691e-05 3.5172731934915192e-05
384 352 0 6.0068855318693795e-05 2.5796700566922895e-05
392 352 0 4.1440218659681747e-05 1.8628636659012048e-05
400 352 0 2.8193299768292962e-05 1.3246918891388786e-05
408 352 0 1.8916061358840616e-05 9.2772384094523459e-06
416 352 0 1.2516626185567569e-05 6.3994351732730467e-06
424 352 0 8.1682302198554783e-06 4.3483959657120907e-06
432 352 0 5.2573618977074978e-06 2.9108683221479805e-06
440 352 0 3.3375554846282595e-06 1.9198064130792383e-06
448 352 0 2.0900140635202067e-06 1.2475414211080527e-06
456 352 0 1.2912889908277027e-06 7.9872507269250404e-07
464 352 0 7.8761315526967163e-07 5.0367583555803108e-07
472 352 0 4.7512409943091301e-07 3.1248905583875863e-07
480 352 0 2.8505868806048587e-07 1.9006541137042713e-07
488 352 0 1.7299325240613542e-07 1.1206543565435046e-07
496 352 0 1.1128996488640301e-07 6.1703287519732404e-08
504 352 0 8.4051245782098202e-08 3.0187975319244634e-08
0 360 0 0.00030006294837972233 0.00011173835669638636
8 360 0 0.00032521521988029952 0.00012108129431592546
16 360 0 0.0003760846486694588 0.00013998018190336027
24 360 0 0.00045372552132065915 0.00016883317198058143
32 360 0 0.00055953371424593971 0.00020816884678851453
40 360 0 0.0006950332765290674 0.00025856690917073057
48 360 0 0.00086160835662861242 0.00032055801777137137
56 360 0 0.0010601963442294041 0.00039450834866807489
64 360 0 0.0012909634105992521 0.00048049655834443727
72 360 0 0.0015529886955103337 0.00057819294852254734
80 360 0 0.001843987282868287 0.00068675243477624723
88 360 0 0.0021601037536400657 0.00080473393597523066
96 360 0 0.0024958064777544512 0.00093005853188049634
104 360 0 0.0028439071895350956 0.0010600167567664837
112 360 0 0.0031957206417119674 0.0011913315008222902
120 360 0 0.0035413658890805027 0.0013202773363923492
128 360 0 0.0038701954970645322 0.0014428502896347921
136 360 0 0.0041713238887048625 0.0015549751939025781
144 360 0 0.0044342136635664555 0.0016527321244062601
152 360 0 0.0046492713794444394 0.0017325803983551736
160 360 0 0.0048084034985107259 0.0017915593408364778
168 360 0 0.0049054890296405234 0.001827449811557076
176 360 0 0.0049367360658361505 0.0018388881867413692
184 360 0 0.0049009016354655292 0.0018254321400746881
192 360 0 0.0047993646897844027 0.001787581675672268
200 360 0 0.0046360490882813524 0.0017267572603610372
208 360 0 0.0044171989087170085 0.0016452325527286467
216 360 0 0.0041510157530115343 0.0015460178596813324
224 360 0 0.0038471786223227269 0.0014326949558423592
232 360 0 0.0035162796582758784 0.0013092119600625241
240 360 0 0.0031692200245031477 0.0011796549298325079
248 360 0 0.0028166160113309107 0.0010480176453127291
256 360 0 0.002468264281477324 0.00091799151928795503
264 360 0 0.0021327072042532035 0.00079279412663152112
272 360 0 0.0018169261508567236 0.00067504876010502702
280 360 0 0.001526174976332441 0.00056672020286016502
288 360 0 0.001263950371708735 0.00046910497632612403
296 360 0 0.0010320825958941688 0.00038286874119152717
304 360 0 0.00083092078570473561 0.00030811988278605686
312 360 0 0.00065958220162459704 0.00024450670977123085
320 360 0 0.00051623420441404306 0.00019132588615756085
328 360 0 0.00039838069836805478 0.00014763124548623053
336 360 0 0.00030313012636901045 0.00011233448178700359
344 360 0 0.00022742869111219572 8.4291889262648202e-05
352 360 0 0.00016824925206820941 6.2373939272285283e-05
360 360 0 0.00012273248869497787 4.5516763373231546e-05
368 360 0 8.8281892223504203e-05 3.4450596471473664e-05
376 360 0 6.2617697784333787e-05 2.5664194439170416e-05
384 360 0 4.3796981937909813e-05 1.8820715846423973e-05
392 360 0 3.0207989804778613e-05 1.35889921331312e-05
400 360 0 2.054658874717554e-05 9.6614010576030733e-06
408 360 0 1.3781881059372296e-05 6.7647076878032441e-06
416 360 0 9.1167454986851793e-06 4.6651355606871164e-06
424 360 0 5.947671101786016e-06 3.1690743968991633e-06
432 360 0 3.826888081472591e-06 2.120783020313425e-06
440 360 0 2.4286143264625965e-06 1.3982737550099946e-06
448 360 0 1.5202861895995827e-06 9.0832813686301376e-07
456 360 0 9.3894467157713868e-07 5.8134151802244403e-07
464 360 0 5.7248501996415494e-07 3.6645965161298373e-07
472 360 0 3.4521188463177579e-07 2.2727313533237916e-07
480 360 0 2.0702841485320275e-07 1.3818346977857304e-07
488 360 0 1.2558169668142456e-07 8.1446718171778187e-08
496 360 0 8.0750410509314198e-08 4.4831286172110363e-08
504 360 0 6.0963846776281648e-08 2.3087399005816554e-08
0 368 0 0.00021560438070462553 8.44585676750968e-05
8 368 0 0.00023369472255989874 9.1520497320400781e-05
16 368 0 0.00027028090769892348 0.00010580374097053533
24 368 0 0.00032611958301950717 0.00012760593830115198
32 368 0 0.00040221215489806225 0.00015732155934787746
40 368 0 0.00049965130357102578 0.00019538197295804161
48 368 0 0.00061942839285541789 0.00024217996377319452
56 368 0 0.00076221329806595828 0.00029798304616344582
64 368 0 0.00092812194042001959 0.00036284147017923249
72 368 0 0.0011164903570104693 0.00043649833849986443
80 368 0 0.0013256767979088525 0.0005183104849594345
88 368 0 0.0015529143809103287 0.000607189372729737
96 368 0 0.0017942355611369487 0.00070157091661750249
104 368 0 0.0020444856317861195 0.00079942155774897616
112 368 0 0.0022974356134135236 0.00089828502829844385
120 368 0 0.0025459956880222036 0.00099537020105829911
128 368 0 0.002782519814794398 0.0010876756822701342
136 368 0 0.0029991817871108388 0.0011721421015940237
144 368 0 0.0031883944036874994 0.001245819259878956
152 368 0 0.0033432381126468329 0.0013060332667976064
160 368 0 0.0034578643696924214 0.0013505391288183045
168 368 0 0.0035278420580798337 0.0013776469715606897
176 368 0 0.0035504216557132391 0.0013863144101229114
184 368 0 0.0035246996752977826 0.0013762019601677466
192 368 0 0.003451673528509371 0.0013476911612750318
200 368 0 0.0033341835502885943 0.0013018655379927581
208 368 0 0.0031767450003132168 0.0012404539084037917
216 368 0 0.0029852796141577351 0.0011657361388537992
224 368 0 0.0027667641783500948 0.0010804144439726321
232 368 0 0.0025288217206434933 0.00098745793763238511
240 368 0 0.0022792874085680753 0.00088993261593507244
248 368 0 0.0020257843299990945 0.00079083168133181614
256 368 0 0.0017753429819770683 0.00069292129950025575
264 368 0 0.0015340926011549003 0.0005986146030983032
272 368 0 0.0013070434578733329 0.00050988269298339064
280 368 0 0.0010979685043042216 0.00042820647202821945
288 368 0 0.00090938205951898862 0.00035456831218974637
296 368 0 0.00074260405023729957 0.00028947854565686921
304 368 0 0.00059789175041414545 0.00023302903529059016
312 368 0 0.0004746174441180166 0.00018496475750658044
320 368 0 0.00037146989901929258 0.00014476430539475048
328 368 0 0.00028665949028442019 0.00011172120808363459
336 368 0 0.00021811051867199173 8.5019607697018717e-05
344 368 0 0.00016362890747673216 6.3799783635463557e-05
352 368 0 0.00012103828782053187 4.7210964247677544e-05
360 368 0 8.8281892223504203e-05 3.4450596471473664e-05
368 368 0 6.3491273105712964e-05 2.4790619117791239e-05
376 368 0 4.5025449007413698e-05 1.8465824098299265e-05
384 368 0 3.1485635492421762e-05 1.3539813514991937e-05
392 368 0 2.1711349390915891e-05 9.774286101505871e-06
400 368 0 1.476357391582034e-05 6.9477754750955503e-06
408 368 0 9.9000606479570765e-06 4.8635132678632639e-06
416 368 0 6.546939340724086e-06 3.3531213072329904e-06
424 368 0 4.2697932961471004e-06 2.2771460445769856e-06
432 368 0 2.7463767230812788e-06 1.5234165730658216e-06
440 368 0 1.7422924145040022e-06 1.0040843085772766e-06
448 368 0 1.0902604809486036e-06 6.5203193355539862e-07
456 368 0 6.7310369584780282e-07 4.1715678510080078e-07
464 368 0 4.102396072014553e-07 2.6286408864634751e-07
472 368 0 2.472770144930206e-07 1.629625927084347e-07
480 368 0 1.4823203315472408e-07 9.9044981338296524e-08
488 368 0 8.9874609175804534e-08 5.8357423978919547e-08
496 368 0 5.7762231007910086e-08 3.2112378167894448e-08
504 368 0 4.359219530854941e-08 1.7371651467732238e-08
0 376 0 0.00015276773616160333 6.2836644543022205e-05
8 376 0 0.00016560191556991939 6.8092806989979355e-05
16 376 0 0.00019155796365268659 7.8722944046236891e-05
24 376 0 0.00023117265888651409 9.494692413299308e-05
32 376 0 0.000285156345408495 0.00011705580948956725
40 376 0 0.00035428403076171101 0.00014536727280931478
48 376 0 0.00043925883219131736 0.00018016956066410053
56 376 0 0.00054055599167791607 0.00022165730638804221
64 376 0 0.00065825831879300306 0.00026986362162701653
72 376 0 0.00079189637761774745 0.00032459397939272184
80 376 0 0.00094030855354860674 0.00038536824436024577
88 376 0 0.0011015368069027147 0.00045137757400761399
96 376 0 0.0012727729809700417 0.00052146258016690702
104 376 0 0.0014503676893885885 0.00059411794239753101
112 376 0 0.0016299090479170771 0.00066752656549644643
120 376 0 0.0018063721771048517 0.00073962351091735185
128 376 0 0.0019743331793763124 0.00080818663541808557
136 376 0 0.0021282341550282586 0.00087094763208258024
144 376 0 0.0022626798415714103 0.00092571456211608914
152 376 0 0.0023727425940167422 0.00097049551863009073
160 376 0 0.0024542512648650415 0.0010036131048273798
168 376 0 0.0025040411461255494 0.0010238009119542843
176 376 0 0.0025201459800435057 0.0010302756756697335
184 376 0 0.0025019182160988447 0.0010227814591989379
192 376 0 0.0024500692653141951 0.0010016042631951758
200 376 0 0.0023666269520023248 0.00096755659828626954
208 376 0 0.0022548127181109138 0.00092193228220230307
216 376 0 0.0021188466789577674 0.00086643293519996769
224 376 0 0.0019636943553664622 0.00080306982298363264
232 376 0 0.0017947742286862811 0.00073404749195721221
240 376 0 0.0016176491945364959 0.00066163821403157934
248 376 0 0.001437726570064502 0.00058805775993459259
256 376 0 0.0012599900077696965 0.00051535297420737185
264 376 0 0.0010887825710397859 0.00044531003011511437
272 376 0 0.0009276539858811254 0.00037938947199220752
280 376 0 0.00077927772303291846 0.00031869078127130313
288 376 0 0.00064543622080884147 0.00026394583871014714
296 376 0 0.00052706624218102661 0.00021553780805627296
304 376 0 0.00042435178480125469 0.00017353996561289076
312 376 0 0.0003368494703293034 0.0001377679737887132
320 376 0 0.00026363090470361757 0.00010783899431567501
328 376 0 0.00020342780845340064 8.3231681831019558e-05
336 376 0 0.00015476826977704717 6.3342248894944562e-05
344 376 0 0.00011609571135426032 4.753319612247184e-05
352 376 0 8.5865555885616691e-05 3.5172731934915178e-05
360 376 0 6.2617697784333787e-05 2.5664194439170416e-05
368 376 0 4.5025449007413691e-05 1.8465824098299272e-05
376 376 0 3.1923478258520968e-05 1.3101970748892731e-05
384 376 0 2.2318383138832251e-05 9.6050951196887169e-06
392 376 0 1.5385997801479647e-05 6.9323853373526033e-06
400 376 0 1.0459476986788338e-05 4.926520814691309e-06
408 376 0 7.0117686459511757e-06 3.4477083408371627e-06
416 376 0 4.6354465173849059e-06 2.3763221285662697e-06
424 376 0 3.0221538396903424e-06 1.6132926776945635e-06
432 376 0 1.9432104988424959e-06 1.0789433408478466e-06
440 376 0 1.2323241764002987e-06 7.1088632244219713e-07
448 376 0 7.7085562408032177e-07 4.6146855231997697e-07
456 376 0 4.7572781868200092e-07 2.9512780539832084e-07
464 376 0 2.8982953992495475e-07 1.8589827875704617e-07
472 376 0 1.7462665869571853e-07 1.1520288122923623e-07
480 376 0 1.0463578703633119e-07 6.9990871659387333e-08
488 376 0 6.3411938067348634e-08 4.1223848968982561e-08
496 376 0 4.0734629619937026e-08 2.2677308447411608e-08
504 376 0 3.0730072972576075e-08 1.2862122335973334e-08
0 384 0 0.00010674395217239019 4.6023783989213138e-05
8 384 0 0.00011572529634316044 4.9876619226758948e-05
16 384 0 0.00013388966283297293 5.7668300819713653e-05
24 384 0 0.00016161337172706364 6.955928715945045e-05
32 384 0 0.00019939449743970337 8.5761847968791627e-05
40 384 0 0.00024777663031456769 0.00010650740044714332
48 384 0 0.00030725331741240155 0.00013200551477891582
56 384 0 0.00037815894995440205 0.00016239704172351402
64 384 0 0.00046055369380750032 0.00019770462498550274
72 384 0 0.00055411175152997251 0.00023778462608777494
80 384 0 0.00065802348612443485 0.00028228506742417189
88 384 0 0.00077092238034549257 0.00033061442655722218
96 384 0 0.00089084714182763953 0.00038192583914240213
104 384 0 0.0010152473022811464 0.00043512038710744202
112 384 0 0.0011410373972528362 0.0004888716506642409
120 384 0 0.0012647004837173703 0.00054167169338748141
128 384 0 0.001382436819956467 0.00059189635941984541
136 384 0 0.001490348633935522 0.0006378855210927366
144 384 0 0.0015846477451805221 0.00067803209639088818
152 384 0 0.0016618700041157871 0.0007108725899009551
160 384 0 0.0017190794716152443 0.00073517179324979719
168 384 0 0.0017540460560547251 0.00074999509007082433
176 384 0 0.0017653826967974713 0.00075476328324603436
184 384 0 0.0017526316434531852 0.00074928657264565946
192 384 0 0.0017162934056799213 0.0007337758596342738
200 384 0 0.0016577961705413551 0.00070883078146096964
208 384 0 0.0015794077571524936 0.00067540496095842015
216 384 0 0.0014840964527698909 0.00063475022618787649
224 384 0 0.0013753511836693641 0.00058834317169709801
232 384 0 0.0012569750157308565 0.00053779921295542461
240 384 0 0.0011328683939456443 0.00048478080059085162
248 384 0 0.0010068193036407282 0.00043090726642377379
256 384 0 0.00088231640517230528 0.00037767360259739118
264 384 0 0.00076239825082161669 0.00032638432021816924
272 384 0 0.00064954737104267477 0.00027810661483845063
280 384 0 0.00054563298133236367 0.00023364474170055479
288 384 0 0.00045190105188011093 0.00019353516892873054
296 384 0 0.00036900616703154459 0.00015806007514948203
304 384 0 0.00029707646129679071 0.00012727532350446398
312 384 0 0.00023580119078327405 0.00010104827954602935
320 384 0 0.0001845301778763045 7.9100726827313069e-05
328 384 0 0.00014237524841169031 6.1052560041710324e-05
336 384 0 0.0001083055321153135 4.6462737661733675e-05
344 384 0 8.1230735467649178e-05 3.4864975886611142e-05
352 384 0 6.0068855318693782e-05 2.5796700566922909e-05
360 384 0 4.3796981937909807e-05 1.882071584642398e-05
368 384 0 3.1485635492421762e-05 1.353981351499193e-05
376 384 0 2.2318383138832247e-05 9.6050951196887203e-06
384 384 0 1.5599276503113355e-05 6.7191066357188957e-06
392 384 0 1.075098050608486e-05 4.8482959970284946e-06
400 384 0 7.3064260760690706e-06 3.4445544300157896e-06
408 384 0 4.8965215107586865e-06 2.4099045653103841e-06
416 384 0 3.2360089412528505e-06 1.660512569505836e-06
424 384 0 2.1090472057935238e-06 1.1269617354593267e-06
432 384 0 1.355611596572411e-06 7.5343560922111282e-07
440 384 0 8.5937104254045188e-07 4.9624055403195914e-07
448 384 0 5.3735856255735717e-07 3.2201247998309471e-07
456 384 0 3.3149755899794283e-07 2.0586100355941434e-07
464 384 0 2.0187849244099856e-07 1.2961906655694427e-07
472 384 0 1.2158416699488523e-07 8.0294325446113333e-08
480 384 0 7.2820820959964591e-08 4.8763346034920636e-08
488 384 0 4.4110264796136194e-08 2.8710556163828397e-08
496 384 0 2.8321463546334052e-08 1.5788801249802142e-08
504 384 0 2.1357411459872953e-08 9.3726615127031221e-09
0 392 0 7.3553229297041009e-05 3.3190722875349178e-05
8 392 0 7.9752871064663695e-05 3.5972425278496745e-05
16 392 0 9.2291825131671419e-05 4.1597837701301516e-05
24 392 0 0.0001114307530902698 5.0182618636793839e-05
32 392 0 0.00013751477048775458 6.1879726951948787e-05
40 392 0 0.00017092078468362588 7.6855845630941812e-05
48 392 0 0.00021199149553675646 9.5261821875645091e-05
56 392 0 0.00026096004165198158 0.00011719890830242047
64 392 0 0.00031787052845941012 0.0001426831653480902
72 392 0 0.00038250083021055739 0.00017161092131941512
80 392 0 0.00045429490271230052 0.00020372858341213433
88 392 0 0.00053231214287657099 0.00023861023746892158
96 392 0 0.00061520087813828062 0.00027564626368935892
104 392 0 0.00070120173747837962 0.00031404556480276683
112 392 0 0.00078818444730674518 0.00035285294994609104
120 392 0 0.00087371866499240392 0.00039098181872496639
128 392 0 0.00095517611642600942 0.00042726070353045758
136 392 0 0.0010298579599897829 0.00046049067394573909
144 392 0 0.0010951384175047309 0.00048950932767579118
152 392 0 0.0011486137044298265 0.00051325629968596064
160 392 0 0.0011882444321504016 0.00053083503946484275
168 392 0 0.0012124800255697988 0.00054156603048492627
176 392 0 0.0012203551801871317 0.00054502751661033959
184 392 0 0.0012115507105489179 0.00054108093290426728
192 392 0 0.0011864140058756658 0.00052987939980425548
200 392 0 0.0011459374445913371 0.000511858725950018
208 392 0 0.0010916963438982474 0.00048771141325424619
216 392 0 0.001025751185069233 0.00045834526770065784
224 392 0 0.00095052176459138778 0.00042482941907797636
232 392 0 0.00086864329216402214 0.00038833172356683438
240 392 0 0.00078281595793889744 0.00035005243600674688
248 392 0 0.0006956598451288772 0.00031115945851185097
256 392 0 0.00060958614782688448 0.0002727302573454208
264 392 0 0.00052669355797391366 0.00023570469284770303
272 392 0 0.00044869570483632292 0.00020085166620635185
280 392 0 0.00037688210109271481 0.00016875088023964887
288 392 0 0.00031211165572475852 0.00013978939615535242
296 392 0 0.00025483489322074867 0.00011417127381079591
304 392 0 0.00020513888994067684 9.1937571356113867e-05
312 392 0 0.00016280776270038018 7.2993428082893878e-05
320 392 0 0.00012739132183631097 5.7138856039993537e-05
328 392 0 9.8275097616179846e-05 4.4100150795510466e-05
336 392 0 7.4746142903751162e-05 3.3559389211562334e-05
344 392 0 5.6050547312997468e-05 2.518018815465171e-05
352 392 0 4.1440218659681741e-05 1.8628636659012041e-05
360 392 0 3.020798980477861e-05 1.3588992133131197e-05
368 392 0 2.1711349390915887e-05 9.7742861015058744e-06
376 392 0 1.5385997801479647e-05 6.9323853373525999e-06
384 392 0 1.0750980506084862e-05 4.8482959970284929e-06
392 392 0 7.4073826152441299e-06 3.3435978908407321e-06
400 392 0 5.032543785489771e-06 2.3748388297543589e-06
408 392 0 3.3715476472938365e-06 1.6609961381959344e-06
416 392 0 2.2274300699195591e-06 1.1441175773742775e-06
424 392 0 1.4512009011583758e-06 7.762291687611832e-07
432 392 0 9.324338114518043e-07 5.1876708970657155e-07
440 392 0 5.9088101288264144e-07 3.4155279856916286e-07
448 392 0 3.693308030015733e-07 2.2155020988106815e-07
456 392 0 2.2775050173092289e-07 1.4158030127065041e-07
464 392 0 1.3864108594521989e-07 8.9109415785703001e-08
472 392 0 8.3463287721146242e-08 5.5177798224073647e-08
480 392 0 4.9966682623964105e-08 3.3496605097182137e-08
488 392 0 3.0252105363959458e-08 1.9714577260004647e-08
496 392 0 1.9413892289231e-08 1.0838213074728459e-08
504 392 0 1.4634465941720641e-08 6.7229455181523123e-09
0 400 0 4.9982383223995889e-05 2.357084607304512e-05
8 400 0 5.4203665735703241e-05 2.5549205328960454e-05
16 400 0 6.2741768169400459e-05 2.955005696227096e-05
24 400 0 7.5775034020185458e-05 3.5655719070084343e-05
32 400 0 9.3539710262138044e-05 4.3975060225616539e-05
40 400 0 0.00011629405352777852 5.4626731155847362e-05
48 400 0 0.00014427334246667597 6.7718153070080487e-05
56 400 0 0.00017763850462927067 8.3321537022710911e-05
64 400 0 0.00021642191580917945 0.00010144861265023067
72 400 0 0.00026047471234341148 0.00012202611786714591
80 400 0 0.00030942052896774122 0.0001448743737445593
88 400 0 0.00036262077954969576 0.00016969136332687523
96 400 0 0.00041915629755383683 0.00019604458058444378
104 400 0 0.00047782926373147251 0.0002233724737469071
112 400 0 0.00053718787066632935 0.00025099657664041583
120 400 0 0.00059557420884325711 0.0002781444561491468
128 400 0 0.00065119360652490278 0.00030398250990110664
136 400 0 0.00070220138876128527 0.00032765657122849762
144 400 0 0.0007468010403575443 0.00034833737714718663
152 400 0 0.00078334633669996682 0.00036526736772985965
160 400 0 0.00081043933648495539 0.00037780509566544621
168 400 0 0.00082701628570510625 0.00038546373986469258
176 400 0 0.00083241441388365311 0.0003879407663034786
184 400 0 0.00082641416730191487 0.00038513654324700305
192 400 0 0.00080925342950804102 0.00037716057636762482
200 400 0 0.00078161253759960285 0.00036432490699173428
208 400 0 0.00074457124697946831 0.00034712509691877909
216 400 0 0.00069954107103956727 0.00032621011402966576
224 400 0 0.00064817845228990064 0.00030234331230148714
232 400 0 0.00059228580776418368 0.00027635748439983846
240 400 0 0.0005337084322399728 0.00024910752569892464
248 400 0 0.00047423538554900807 0.00022142445957986913
256 400 0 0.00041551178433961894 0.00019407436348726554
264 400 0 0.00035896844358266852 0.00016772511439124514
272 400 0 0.00030577277184003839 0.00014292293299628453
280 400 0 0.00025680250479470195 0.00012007959629801285
288 400 0 0.0002126415799362764 9.947007578848212e-05
296 400 0 0.00017359549731747889 8.1239395903269789e-05
304 400 0 0.00013972208576240301 6.541680417827383e-05
312 400 0 0.000110872807054183 5.193495564619718e-05
320 400 0 8.6739583291491317e-05 4.0651738544819648e-05
328 400 0 6.6902536823459482e-05 3.1372560792720364e-05
336 400 0 5.087484033657409e-05 2.3871302567177072e-05
344 400 0 3.814191313430672e-05 1.7908634178690748e-05
352 400 0 2.8193299768292955e-05 1.3246918891388786e-05
360 400 0 2.0546588747175536e-05 9.6614010576030733e-06
368 400 0 1.4763573915820339e-05 6.9477754750955486e-06
376 400 0 1.0459476986788337e-05 4.9265208146913107e-06
384 400 0 7.3064260760690706e-06 3.4445544300157913e-06
392 400 0 5.032543785489771e-06 2.3748388297543589e-06
400 400 0 3.4179819414727576e-06 1.6145618440170133e-06
408 400 0 2.2891003398721101e-06 1.1288816016006475e-06
416 400 0 1.5117752571046876e-06 7.7732508276742253e-07
424 400 0 9.845845881992292e-07 5.2719066890545835e-07
432 400 0 6.3238415155493318e-07 3.5220043664429602e-07
440 400 0 4.005862110079713e-07 2.3179794054696188e-07
448 400 0 2.5028817576362005e-07 1.5029803524435125e-07
456 400 0 1.5427975299962903e-07 9.6008422763991019e-08
464 400 0 9.3877573832097799e-08 6.0402179167531233e-08
472 400 0 5.6491045171224068e-08 3.7386528660873731e-08
480 400 0 3.3804065038021655e-08 2.2686980133202413e-08
488 400 0 2.0456573212029481e-08 1.3347491825992174e-08
496 400 0 1.3121056093327746e-08 7.335517118701735e-09
504 400 0 9.8869604438818919e-09 4.7475054978387492e-09
0 408 0 3.3496516150927215e-05 1.6485867073068674e-05
8 408 0 3.6331666888254771e-05 1.787199884744847e-05
16 408 0 4.2066501656917802e-05 2.0675266512482657e-05
24 408 0 5.0821526682832621e-05 2.4953507337352837e-05
32 408 0 6.2756475615316411e-05 3.0783234646821633e-05
40 408 0 7.8046169473501047e-05 3.8247884054277471e-05
48 408 0 9.6850253198595319e-05 4.7423089268080649e-05
56 408 0 0.00011927862322161428 5.835988140765639e-05
64 408 0 0.00014535492972056501 7.1066986088614436e-05
72 408 0 0.00017498106211051828 8.5493650232893207e-05
80 408 0 0.00020790591139046511 0.00010151461757727611
88 408 0 0.00024370184410346776 0.000118918935446228
96 408 0 0.00028175212841301039 0.00013740416914082644
104 408 0 0.00032125196734444027 0.00015657729638703224
112 408 0 0.0003612248167865717 0.00017596305387975765
120 408 0 0.0004005543613903023 0.00019501984745295481
128 408 0 0.00043803101900705897 0.00021316258751784381
136 408 0 0.00047241032075049836 0.00022979106801078691
144 408 0 0.00050247916588044156 0.00024432187447710274
152 408 0 0.00052712496005186203 0.00025622137664810479
160 408 0 0.00054540214503288138 0.00026503719145207401
168 408 0 0.00055659067939318877 0.00027042560631191748
176 408 0 0.00056024161755164313 0.00027217279633200999
184 408 0 0.00055620597931763875 0.00027020818798427612
192 408 0 0.0005446444844853976 0.00026460894502264342
200 408 0 0.00052601731355714741 0.00025559522404245544
208 408 0 0.00050105471276039467 0.00024351653421907365
216 408 0 0.00047071085641440711 0.00022883021462516016
224 408 0 0.00043610477516171198 0.00021207367712818866
232 408 0 0.00039845321486068464 0.00019383259290349904
240 408 0 0.00035900088233414986 0.00017470754990582294
248 408 0 0.00031895357642687804 0.00015528180912213003
256 408 0 0.00027941917953831801 0.00013609260480130093
264 408 0 0.00024136046070346868 0.00011760798287919984
272 408 0 0.00020556225611317679 0.0001002105157268616
280 408 0 0.00017261403716938421 8.4188467625317742e-05
288 408 0 0.00014290735588770587 6.9734224048570529e-05
296 408 0 0.00011664635800709444 5.6949139310384449e-05
304 408 0 9.3868610821691285e-05 4.5853474940711728e-05
312 408 0 7.4472974262080233e-05 3.6399832792102763e-05
320 408 0 5.825115023229665e-05 2.8488433059194667e-05
328 408 0 4.4919818528124872e-05 2.198271829533461e-05
336 408 0 3.4150810163854308e-05 1.6724030172719782e-05
344 408 0 2.5597465355030822e-05 1.2544447779275898e-05
352 408 0 1.8916061358840612e-05 9.2772384094523425e-06
360 408 0 1.3781881059372294e-05 6.7647076878032424e-06
368 408 0 9.9000606479570748e-06 4.8635132678632639e-06
376 408 0 7.0117686459511748e-06 3.4477083408371619e-06
384 408 0 4.8965215107586865e-06 2.4099045653103841e-06
392 408 0 3.3715476472938361e-06 1.6609961381959348e-06
400 408 0 2.2891003398721097e-06 1.128881601600648e-06
408 408 0 1.5325257535170188e-06 7.5657458635509126e-07
416 408 0 1.0117494170367737e-06 5.2077633648024511e-07
424 408 0 6.5868350809953022e-07 3.5306590893724349e-07
432 408 0 4.2290066828370246e-07 2.3578283981582776e-07
440 408 0 2.6778298706191336e-07 1.551176812217891e-07
448 408 0 1.6724499559235412e-07 1.0053799146955924e-07
456 408 0 1.0304900978789246e-07 6.4195985804461653e-08
464 408 0 6.2677929262085647e-08 4.0371080525806816e-08
472 408 0 3.77002666278619e-08 2.4977662634223746e-08
480 408 0 2.2549453004841155e-08 1.5150813623020745e-08
488 408 0 1.3639137287462562e-08 8.9103157173785929e-09
496 408 0 8.7437920283481036e-09 4.8953452591144585e-09
504 408 0 6.5860060374193361e-09 3.3009544064625558e-09
0 416 0 2.2139178581421321e-05 1.1357337569505894e-05
8 416 0 2.401747592624818e-05 1.2314190962006591e-05
16 416 0 2.7817109701251014e-05 1.4249391955666788e-05
24 416 0 3.3618479594029497e-05 1.7203047088803124e-05
32 416 0 4.1528236224354272e-05 2.1228239390962139e-05
40 416 0 5.1663261579284576e-05 2.6382907894216471e-05
48 416 0 6.4130578201258625e-05 3.2719674997336694e-05
56 416 0 7.900438500736215e-05 4.0274238214252131e-05
64 416 0 9.6301794630623521e-05 4.9053135089941491e-05
72 416 0 0.000115959195670212 5.9021866440306278e-05
80 416 0 0.0001378114204712282 7.0094490919236913e-05
88 416 0 0.00016157599648959571 8.2125847613872052e-05
96 416 0 0.00018684463662557911 9.4907491787431285e-05
104 416 0 0.00021308374391154871 0.00010816822343289156
112 416 0 0.00023964506700607414 0.00012157974978049756
120 416 0 0.00026578678603972426 0.00013476757535057805
128 416 0 0.00029070431596350842 0.00014732670304355055
136 416 0 0.00031356910073704271 0.00015884122001345565
144 416 0 0.00033357276453762431 0.00016890640134281724
152 416 0 0.00034997330599519598 0.00017715165405666604
160 416 0 0.00036213965987120253 0.00018326248516167885
168 416 0 0.00036959095558845682 0.00018699972380473195
176 416 0 0.00037202717280613207 0.00018821444474551106
184 416 0 0.00036934858648445256 0.00018685739283318619
192 416 0 0.00036166233210397362 0.00018298215238142398
200 416 0 0.00034927551313577158 0.00017674180042137583
208 416 0 0.00033267541762014018 0.00016837929514025449
216 416 0 0.0003124985065995752 0.00015821234981483191
224 416 0 0.00028949078220009462 0.00014661399296161736
232 416 0 0.00026446284113543092 0.00013399037372525372
240 416 0 0.00023824329115055786 0.000120757591183592
248 416 0 0.00021163420647317963 0.00010731936995369841
256 416 0 0.00018537192233376263 9.4047257204555386e-05
264 416 0 0.0001600957678480455 8.1264692855423181e-05
272 416 0 0.00013632640660008117 6.9235849513095621e-05
280 416 0 0.00011445442079337409 5.8159616376010124e-05
288 416 0 9.4738771717826307e-05 4.816858416987956e-05
296 416 0 7.7313915918335936e-05 3.93324420887585e-05
304 416 0 6.22037395761444e-05 3.1664871245546886e-05
312 416 0 4.9340136929419428e-05 2.5132837332660805e-05
320 416 0 3.8584001397143728e-05 1.9667148835152922e-05
328 416 0 2.9746582001354428e-05 1.5173236526770445e-05
336 416 0 2.2609518514179238e-05 1.154129164967507e-05
344 416 0 1.6942330710713055e-05 8.6551346443177672e-06
352 416 0 1.2516626185567567e-05 6.399435173273045e-06
360 416 0 9.1167454986851759e-06 4.6651355606871181e-06
368 416 0 6.5469393407240843e-06 3.3531213072329904e-06
376 416 0 4.6354465173849051e-06 2.3763221285662697e-06
384 416 0 3.2360089412528509e-06 1.6605125695058356e-06
392 416 0 2.2274300699195591e-06 1.1441175773742771e-06
400 416 0 1.5117752571046876e-06 7.7732508276742211e-07
408 416 0 1.0117494170367737e-06 5.2077633648024511e-07
416 416 0 6.6769228977961321e-07 3.4405712725716051e-07
424 416 0 4.3452438362439105e-07 2.3316790615522217e-07
432 416 0 2.7887254490101608e-07 1.5565183872337497e-07
440 416 0 1.7651302408382436e-07 1.0235952081719172e-07
448 416 0 1.1019702553750359e-07 6.6315998546320769e-08
456 416 0 6.7870355732802338e-08 4.2326669804701254e-08
464 416 0 4.126354970533136e-08 2.6606806027470978e-08
472 416 0 2.4808835287399445e-08 1.6454714417931915e-08
480 416 0 1.4831954694540809e-08 9.976880592858636e-09
488 416 0 8.9667376715153516e-09 5.865217023025457e-09
496 416 0 5.7454321948783755e-09 3.2213054766369761e-09
504 416 0 4.325855599513471e-09 2.2601504379058651e-09
0 424 0 1.4431640655567167e-05 7.7075379258541537e-06
8 424 0 1.5659117528960841e-05 8.358358397287339e-06
16 424 0 1.8142407850919829e-05 9.6747018503311853e-06
24 424 0 2.193446854382798e-05 1.1684011050201517e-05
32 424 0 2.7105604834943979e-05 1.4422631389410293e-05
40 424 0 3.373298082502349e-05 1.7930280754261086e-05
48 424 0 4.188745774196405e-05 2.2243120459294575e-05
56 424 0 5.1618539428741685e-05 2.7385845578620466e-05
64 424 0 6.2938451348447494e-05 3.3363343282176027e-05
72 424 0 7.5806608318884535e-05 4.0152587351327464e-05
80 424 0 9.0115896498452406e-05 4.7695523972775795e-05
88 424 0 0.00010568226215955545 5.5893734330040258e-05
96 424 0 0.00012223902401911559 6.4605612606463518e-05
104 424 0 0.00013943708261379765 7.3646661297751062e-05
112 424 0 0.00015685178748678941 8.2793279519284731e-05
120 424 0 0.00017399666621156453 9.1790119828159724e-05
128 424 0 0.00019034357076288841 0.00010036074520062001
136 424 0 0.00020534812945287382 0.00010822097128416889
144 424 0 0.00021847878946951583 0.00011509397506810848
152 424 0 0.00022924727522926036 0.00012072603076593563
160 424 0 0.00023723803363999627 0.00012490162623120626
168 424 0 0.00024213422457300098 0.00012745673101545584
176 424 0 0.00024373804790750521 0.00012828912489862686
184 424 0 0.00024198365261331417 0.00012736493387113839
192 424 0 0.00023694150046381474 0.00012472083164015888
200 424 0 0.00022881379385306878 0.0001204617192827028
208 424 0 0.00021792135239041854 0.00011475406522972164
216 424 0 0.00020468306216763426 0.00010781544443194094
224 424 0 0.00018958965223255707 9.990112996753755e-05
232 424 0 0.00017317400964323958 9.1288831492191341e-05
240 424 0 0.00015598047744062366 8.2262813709934197e-05
248 424 0 0.00013853556266791247 7.3098643805267165e-05
256 424 0 0.00012132221840234741 6.4049703931415216e-05
264 424 0 0.00010475939131772595 5.5336376530319551e-05
272 424 0 8.9187909249482155e-05 4.7138497350599013e-05
280 424 0 7.4863104032362712e-05 3.9591316761011377e-05
288 424 0 6.1953909956647191e-05 3.2784861761179116e-05
296 424 0 5.0547623910818994e-05 2.6766292007516943e-05
304 424 0 4.0659114686561542e-05 2.1544624889582857e-05
312 424 0 3.2243053354250179e-05 1.7097083575169249e-05
320 424 0 2.5207702952386371e-05 1.3376298444757357e-05
328 424 0 1.9428928637331824e-05 1.0317653364022603e-05
336 424 0 1.4763327034855491e-05 7.8461914793237475e-06
344 424 0 1.1059676504346425e-05 5.8826542063666295e-06
352 424 0 8.1682302198554766e-06 4.3483959657120907e-06
360 424 0 5.9476711017860152e-06 3.1690743968991608e-06
368 424 0 4.2697932961470996e-06 2.2771460445769848e-06
376 424 0 3.0221538396903424e-06 1.6132926776945627e-06
384 424 0 2.1090472057935238e-06 1.1269617354593271e-06
392 424 0 1.4512009011583758e-06 7.762291687611832e-07
400 424 0 9.845845881992292e-07 5.2719066890545835e-07
408 424 0 6.5868350809953022e-07 3.5306590893724349e-07
416 424 0 4.3452438362439099e-07 2.3316790615522222e-07
424 424 0 2.8267155860041413e-07 1.5185282502397691e-07
432 424 0 1.8134282357014619e-07 1.0132873503026794e-07
440 424 0 1.1473469376031921e-07 6.6608129809826987e-08
448 424 0 7.1599203715683138e-08 4.3135490044636068e-08
456 424 0 4.4079398532969649e-08 2.7519805182713489e-08
464 424 0 2.6787715781582298e-08 1.7291682751387352e-08
472 424 0 1.6098433866866639e-08 1.0689281914715658e-08
480 424 0 9.6199849121927427e-09 6.4784489546738966e-09
488 424 0 5.8129164478176381e-09 3.8070684643751046e-09
496 424 0 3.7226836953813793e-09 2.0902327524362588e-09
504 424 0 2.8017624608247419e-09 1.5240931386887291e-09
0 432 0 9.2785056673159353e-06 5.1531349882512318e-06
8 432 0 1.0069786294658266e-05 5.589331234302575e-06
16 432 0 1.1670763059323742e-05 6.4716447915960871e-06
24 432 0 1.4115867544390319e-05 7.818600999437661e-06
32 432 0 1.7450850985258454e-05 9.654753849685525e-06
40 432 0 2.1726007263783679e-05 1.2006973561239811e-05
48 432 0 2.6987664415285909e-05 1.4899793326678141e-05
56 432 0 3.3268444813860916e-05 1.8350094614880769e-05
64 432 0 4.0576953727126895e-05 2.2361497621320599e-05
72 432 0 4.8887704639856515e-05 2.691890367902802e-05
80 432 0 5.8132201382612536e-05 3.198369511583987e-05
88 432 0 6.8192142836754767e-05 3.7490119322800686e-05
96 432 0 7.8895670187483603e-05 4.3343353831631985e-05
104 432 0 9.0017423028403352e-05 4.9419659585394301e-05
112 432 0 0.00010128290721186346 5.5568880274925944e-05
120 432 0 0.0001123773197329325 6.1619346478632034e-05
128 432 0 0.00012295855690104671 6.7385013861841707e-05
136 432 0 0.00013267369792652059 7.2674431526353227e-05
144 432 0 0.00014117786006844071 7.7300929401075125e-05
152 432 0 0.00014815401539401633 8.1093259835244023e-05
160 432 0 0.00015333218484354534 8.3905848796450935e-05
168 432 0 0.0001565064081215084 8.562781645149258e-05
176 432 0 0.00015754803360232432 8.6190014305180887e-05
184 432 0 0.00015641416700164242 8.5569485611671745e-05
192 432 0 0.00015315053053093695 8.3790969932877785e-05
200 432 0 0.00014788847322019013 8.0925320632878648e-05
208 432 0 0.00014083638863135142 7.7084963759067122e-05
216 432 0 0.00013226628636164563 7.241677580598863e-05
224 432 0 0.00012249667846949599 6.7092973763061085e-05
232 432 0 0.00011187323775594791 6.1300771887291673e-05
240 432 0 0.00010074883005635874 5.523164738426493e-05
248 432 0 8.9464502571089206e-05 4.9071060096823261e-05
256 432 0 7.8332830275912768e-05 4.2989388126434642e-05
264 432 0 6.7624708666193492e-05 3.7134682651532457e-05
272 432 0 5.756027672751302e-05 3.1627632521969135e-05
280 432 0 4.8304212733210181e-05 2.6558891299152531e-05
288 432 0 3.9965222638275818e-05 2.1988687318371373e-05
296 432 0 3.2599184907595085e-05 1.7948439003223908e-05
304 432 0 2.6215161158734275e-05 1.4443953527827267e-05
312 432 0 2.0783345863083213e-05 1.1459707491166966e-05
320 432 0 1.6244009281586383e-05 8.9636936707999883e-06
328 432 0 1.2516569201927164e-05 6.9123594354046603e-06
336 432 0 9.5080818130401422e-06 5.2552452218153485e-06
344 432 0 7.1206384387704764e-06 3.9390380655759487e-06
352 432 0 5.2573618977074961e-06 2.9108683221479805e-06
360 432 0 3.8268880814725902e-06 2.120783020313425e-06
368 432 0 2.7463767230812783e-06 1.5234165730658212e-06
376 432 0 1.9432104988424959e-06 1.0789433408478466e-06
384 432 0 1.355611596572411e-06 7.5343560922111282e-07
392 432 0 9.3243381145180451e-07 5.1876708970657133e-07
400 432 0 6.3238415155493329e-07 3.5220043664429591e-07
408 432 0 4.2290066828370246e-07 2.3578283981582776e-07
416 432 0 2.7887254490101613e-07 1.5565183872337486e-07
424 432 0 1.8134282357014619e-07 1.0132873503026794e-07
432 432 0 1.1628994219909732e-07 6.5052881371048869e-08
440 432 0 7.3545677984338836e-08 4.2744264214758487e-08
448 432 0 4.5876306460065699e-08 2.7669371524273137e-08
456 432 0 2.8231305241945142e-08 1.7645001218120557e-08
464 432 0 1.714915118944121e-08 1.1082154052503932e-08
472 432 0 1.030141864607827e-08 6.8477325433629405e-09
480 432 0 6.1529733306224317e-09 4.1484453154558381e-09
488 432 0 3.7160960912510393e-09 2.4368772393713924e-09
496 432 0 2.3786003350093322e-09 1.3440833603720471e-09
504 432 0 1.7894579228597127e-09 1.0123045379650293e-09
0 440 0 5.8839712713185907e-06 3.3945343959973447e-06
8 440 0 6.3871594284588456e-06 3.6826268661994203e-06
16 440 0 7.4053480254419683e-06 4.2654150338817736e-06
24 440 0 8.9606331299654782e-06 5.1552344144248411e-06
32 440 0 1.1082402047984636e-05 6.3684489372738176e-06
40 440 0 1.3803013056478284e-05 7.9229942073053952e-06
48 440 0 1.7152367789268531e-05 9.8352966260173785e-06
56 440 0 2.1151692719432944e-05 1.2116752094427973e-05
64 440 0 2.5806948059151407e-05 1.4770005667975488e-05
72 440 0 3.1102377876458214e-05 1.7785326763398302e-05
80 440 0 3.6994787613444379e-05 2.1137413769168157e-05
88 440 0 4.3409166072878916e-05 2.4782976763875851e-05
96 440 0 5.0236241838612305e-05 2.8659428348871297e-05
104 440 0 5.7332468315863207e-05 3.2684954712540145e-05
112 440 0 6.452276549851812e-05 3.6760141713345344e-05
120 440 0 7.1606119565013711e-05 4.0771200167918786e-05
128 440 0 7.8363873819514422e-05 4.4594683081532283e-05
136 440 0 8.4570265477739752e-05 4.8103432448780842e-05
144 440 0 9.0004506236782624e-05 5.1173353831658085e-05
152 440 0 9.4463503898269729e-05 5.3690511495746606e-05
160 440 0 9.7774205214520632e-05 5.5557979629024707e-05
168 440 0 9.9804524223594393e-05 5.6701883897914007e-05
176 440 0 0.00010047191070971368 5.7076122892610646e-05
184 440 0 9.9748802229037792e-05 5.6665364772604633e-05
192 440 0 9.7664471114986654e-05 5.5486059415950299e-05
200 440 0 9.4303097082782536e-05 5.3585376137407594e-05
208 440 0 8.9798233181009152e-05 5.1038155450342263e-05
216 440 0 8.4324152656682991e-05 4.7942133704962638e-05
224 440 0 7.8084833139066722e-05 4.4411845330429264e-05
232 440 0 7.1301523863044511e-05 4.0571713892903399e-05
240 440 0 6.4199931541075722e-05 3.6548898515283013e-05
248 440 0 5.6998042655711224e-05 3.2466459915377982e-05
256 440 0 4.9895479370387341e-05 2.8437350905525427e-05
264 440 0 4.3065080934261587e-05 2.4559627731931905e-05
272 440 0 3.6647140867418435e-05 2.0913135860094585e-05
280 440 0 3.0746446916435202e-05 1.755776581677498e-05
288 440 0 2.5432000953938598e-05 1.4533221684337219e-05
296 440 0 2.0739070103750268e-05 1.1860114803844818e-05
304 440 0 1.6673059899095979e-05 9.5421012596382962e-06
312 440 0 1.3214615461455747e-05 7.5687304016274665e-06
320 440 0 1.0325346350926033e-05 5.91866293066035e-06
328 440 0 7.9536240797680151e-06 4.562945122159149e-06
336 440 0 6.04000095565869e-06 3.4680808573814522e-06
344 440 0 4.521924698078461e-06 2.5987137406920154e-06
352 440 0 3.3375554846282586e-06 1.9198064130792375e-06
360 440 0 2.428614326462596e-06 1.3982737550099941e-06
368 440 0 1.742292414504002e-06 1.0040843085772763e-06
376 440 0 1.2323241764002987e-06 7.1088632244219713e-07
384 440 0 8.5937104254045188e-07 4.9624055403195914e-07
392 440 0 5.9088101288264155e-07 3.4155279856916296e-07
400 440 0 4.0058621100797136e-07 2.3179794054696193e-07
408 440 0 2.6778298706191336e-07 1.551176812217891e-07
416 440 0 1.7651302408382436e-07 1.0235952081719177e-07
424 440 0 1.1473469376031921e-07 6.6608129809826987e-08
432 440 0 7.3545677984338836e-08 4.2744264214758487e-08
440 440 0 4.6493280438587626e-08 2.705239754575121e-08
448 440 0 2.8989254947785373e-08 1.7504025490802253e-08
456 440 0 1.7831693798618994e-08 1.1157561149166379e-08
464 440 0 1.0827149842068326e-08 7.0045439565506682e-09
472 440 0 6.5008995948594084e-09 4.3262502472089178e-09
480 440 0 3.8811220518058388e-09 2.6197775430535695e-09
488 440 0 2.3428265973525551e-09 1.5382954544532837e-09
496 440 0 1.4988078837718911e-09 8.7979245123744118e-10
504 440 0 1.127119344143617e-09 6.6233857871609564e-10
0 448 0 3.6807210236543955e-06 2.2032502476641951e-06
8 448 0 3.9964003424975194e-06 2.3907590859613262e-06
16 448 0 4.6352369986795371e-06 2.7701110267624312e-06
24 448 0 5.6112263073580489e-06 3.3494068226074294e-06
32 448 0 6.9429993801375507e-06 4.1394026678470856e-06
40 448 0 8.6511054876312498e-06 5.1519075688470339e-06
48 448 0 1.0754595434310403e-05 6.3977723549581284e-06
56 448 0 1.3267103400487405e-05 7.8845893189455389e-06
64 448 0 1.6192688962031221e-05 9.6142590971201861e-06
72 448 0 1.9521761570779633e-05 1.1580616305678581e-05
80 448 0 2.3227456174403766e-05 1.3767331439040613e-05
88 448 0 2.7262849247535147e-05 1.6146316825343769e-05
96 448 0 3.1559388809608777e-05 1.8676853029003528e-05
104 448 0 3.6026853089557136e-05 2.1305615226306071e-05
112 448 0 4.0555049063759966e-05 2.3967716434758154e-05
120 448 0 4.501731971691329e-05 2.6588799848100421e-05
128 448 0 4.9275760059476747e-05 2.9088113760037675e-05
136 448 0 5.3187864837203659e-05 3.1382400640536092e-05
144 448 0 5.6614166845718702e-05 3.3390339391063922e-05
152 448 0 5.9426295174114612e-05 3.5037208724155117e-05
160 448 0 6.1514805574824046e-05 3.6259399639696586e-05
168 448 0 6.2796122386913483e-05 3.7008401836680909e-05
176 448 0 6.3217987018095065e-05 3.7253923691618612e-05
184 448 0 6.2762927515190459e-05 3.6985874713847333e-05
192 448 0 6.1449435148260362e-05 3.6215035966726293e-05
200 448 0 5.9330739091004635e-05 3.4972357991777901e-05
208 448 0 5.6491287251843078e-05 3.3306945929166074e-05
216 448 0 5.3041246771425183e-05 3.1282905885257808e-05
224 448 0 4.9109509505850088e-05 2.8975323633216634e-05
232 448 0 4.4835807518011314e-05 2.6465716345033196e-05
240 448 0 4.0362598772156299e-05 2.3837332768919424e-05
248 448 0 3.5827369215684367e-05 2.1170673440026857e-05
256 448 0 3.1355918183159333e-05 1.8539561187228008e-05
264 448 0 2.7057061677286259e-05 1.6008019256975327e-05
272 448 0 2.3019021064384995e-05 1.3628119803033439e-05
280 448 0 1.9307585088594849e-05 1.1438861827840353e-05
288 448 0 1.5965962991973822e-05 9.4660379619647761e-06
296 448 0 1.3016104874945392e-05 7.7229652288048762e-06
304 448 0 1.0461165464086821e-05 6.2118944350091581e-06
312 448 0 8.2887353066561133e-06 4.9258801547996333e-06
320 448 0 6.4744580984156431e-06 3.8508882525103899e-06
328 448 0 4.985687410435404e-06 2.9679366693326111e-06
336 448 0 3.7848995190826454e-06 2.2551014365760446e-06
344 448 0 2.832658618394645e-06 1.689266079683816e-06
352 448 0 2.0900140635202067e-06 1.2475414211080519e-06
360 448 0 1.5202861895995825e-06 9.0832813686301354e-07
368 448 0 1.0902604809486034e-06 6.5203193355539862e-07
376 448 0 7.7085562408032166e-07 4.6146855231997708e-07
384 448 0 5.3735856255735717e-07 3.2201247998309471e-07
392 448 0 3.693308030015733e-07 2.2155020988106825e-07
400 448 0 2.5028817576362005e-07 1.5029803524435131e-07
408 448 0 1.6724499559235412e-07 1.0053799146955924e-07
416 448 0 1.1019702553750358e-07 6.6315998546320782e-08
424 448 0 7.1599203715683138e-08 4.3135490044636068e-08
432 448 0 4.5876306460065699e-08 2.7669371524273137e-08
440 448 0 2.8989254947785373e-08 1.7504025490802253e-08
448 448 0 1.8067468586647025e-08 1.0921786361138348e-08
456 448 0 1.1108718242095388e-08 6.9587503445516362e-09
464 448 0 6.7420764533304869e-09 4.3666417887649015e-09
472 448 0 4.0462841908188245e-09 2.6957922625116624e-09
480 448 0 2.4145418102417144e-09 1.6317423805771101e-09
488 448 0 1.4567911285972367e-09 9.5775068164447772e-10
496 448 0 9.3147934602137372e-10 5.6732853775051733e-10
504 448 0 7.0019690679045486e-10 4.2692243735316217e-10
0 456 0 2.2717385487892228e-06 1.4089824748651727e-06
8 456 0 2.4671574444748023e-06 1.5292428980227171e-06
16 456 0 2.8626682559194702e-06 1.7725687427600669e-06
24 456 0 3.4670210967305336e-06 2.1442052106275152e-06
32 456 0 4.2918757205765732e-06 2.6511236595609775e-06
40 456 0 5.3501143483285173e-06 3.3009911393027325e-06
48 456 0 6.6537189521163472e-06 4.1008764821940553e-06
56 456 0 8.211334543990556e-06 5.0557688564968488e-06
64 456 0 1.0025680043429902e-05 6.1670089186013196e-06
72 456 0 1.2091006263605028e-05 7.4307553071746047e-06
80 456 0 1.439082994249432e-05 8.8366262319094459e-06
88 456 0 1.6896186291484052e-05 1.0366662956051095e-05
96 456 0 1.956463364143143e-05 1.1994755168177347e-05
104 456 0 2.2340207994495104e-05 1.3686645095062032e-05
112 456 0 2.5154461656199827e-05 1.5400587407560139e-05
120 456 0 2.7928631898462494e-05 1.7088687818450795e-05
128 456 0 3.0576880393911419e-05 1.8698879665565328e-05
136 456 0 3.3010433160671093e-05 2.0177431676532566e-05
144 456 0 3.5142347281783724e-05 2.1471819563934979e-05
152 456 0 3.6892548195502385e-05 2.2533746978612228e-05
160 456 0 3.8192731458340549e-05 2.3322074116483497e-05
168 456 0 3.8990713407277153e-05 2.3805408979636331e-05
176 456 0 3.9253849002628947e-05 2.3964138015466117e-05
184 456 0 3.8971209856318463e-05 2.3791717658871996e-05
192 456 0 3.8154323541784517e-05 2.3295111606475844e-05
200 456 0 3.6836405186939161e-05 2.2494333904065474e-05
208 456 0 3.5070149890790055e-05 2.1421137361053024e-05
216 456 0 3.29242845559816e-05 2.0116962215443582e-05
224 456 0 3.047918600433917e-05 1.8630323501510918e-05
232 456 0 2.7821947002832011e-05 1.7013860515179303e-05
240 456 0 2.5041305378681533e-05 1.5321293393474766e-05
248 456 0 2.2222841144831994e-05 1.3604528070852373e-05
256 456 0 1.9444795379852867e-05 1.1911122803306466e-05
264 456 0 1.6774780478289909e-05 1.028228119899635e-05
272 456 0 1.426754614420588e-05 8.7514749201791158e-06
280 456 0 1.1963853009798776e-05 7.3437320787960731e-06
288 456 0 9.8903997977653673e-06 6.0755631942084548e-06
296 456 0 8.0606621831566345e-06 4.9554426917887571e-06
304 456 0 6.4764399933639718e-06 3.984725470722849e-06
312 456 0 5.1298777412979534e-06 3.1588575653581599e-06
320 456 0 4.0057209456188165e-06 2.4687371527968266e-06
328 456 0 3.0835928139709463e-06 1.9020945964644577e-06
336 456 0 2.3401157588016464e-06 1.444783760280999e-06
344 456 0 1.7507519459326564e-06 1.0819066724619885e-06
352 456 0 1.2912889908277025e-06 7.9872507269250425e-07
360 456 0 9.3894467157713846e-07 5.8134151802244403e-07
368 456 0 6.7310369584780282e-07 4.1715678510080057e-07
376 456 0 4.7572781868200092e-07 2.9512780539832074e-07
384 456 0 3.3149755899794288e-07 2.0586100355941428e-07
392 456 0 2.2775050173092292e-07 1.4158030127065038e-07
400 456 0 1.5427975299962906e-07 9.6008422763990993e-08
408 456 0 1.0304900978789248e-07 6.419598580446164e-08
416 456 0 6.7870355732802338e-08 4.2326669804701241e-08
424 456 0 4.4079398532969656e-08 2.7519805182713482e-08
432 456 0 2.8231305241945145e-08 1.7645001218120553e-08
440 456 0 1.7831693798618991e-08 1.1157561149166382e-08
448 456 0 1.1108718242095387e-08 6.9587503445516379e-09
456 456 0 6.8271529635780428e-09 4.2815652785173455e-09
464 456 0 4.1416717542499758e-09 2.6854812093280671e-09
472 456 0 2.4845063846530412e-09 1.6571653695969346e-09
480 456 0 1.4818745954527489e-09 1.0026317892002923e-09
488 456 0 8.9361879738277499e-10 5.8825579806997391e-10
496 456 0 5.7108003719404985e-10 3.6039930882732388e-10
504 456 0 4.2910729641576726e-10 2.710896103746876e-10
0 464 0 1.3842270351596832e-06 8.8751151362953958e-07
8 464 0 1.5036677052155654e-06 9.6348973925923688e-07
16 464 0 1.7454331608396198e-06 1.1172350950798504e-06
24 464 0 2.1149266194996279e-06 1.3520944772309058e-06
32 464 0 2.6193550737192591e-06 1.672520646857314e-06
40 464 0 3.2666949342985872e-06 2.0834194140299301e-06
48 464 0 4.0643896274341079e-06 2.5893293246822393e-06
56 464 0 5.0178530054154666e-06 3.1934815385750894e-06
64 464 0 6.1288770678516482e-06 3.8968029755782533e-06
72 464 0 7.3940660095491763e-06 4.6969402540558521e-06
80 464 0 8.8034370082234488e-06 5.587392934270871e-06
88 464 0 1.0339336956076216e-05 6.5568493354078358e-06
96 464 0 1.1975819415680179e-05 7.5888142257512508e-06
104 464 0 1.3678604630495743e-05 8.6616033639993615e-06
112 464 0 1.5405706731748684e-05 9.7487549244511434e-06
120 464 0 1.7108758252050747e-05 1.0819873646411748e-05
128 464 0 1.8734997257930404e-05 1.1841883135981015e-05
136 464 0 2.0229813681815488e-05 1.2780619478855606e-05
144 464 0 2.1539686983893544e-05 1.360266029789018e-05
152 464 0 2.2615295513928353e-05 1.4277252681574031e-05
160 464 0 2.3414546187489333e-05 1.4778185270851215e-05
168 464 0 2.3905266412880979e-05 1.5085446994396174e-05
176 464 0 2.4067320626625932e-05 1.5186528376003015e-05
184 464 0 2.3893959945987442e-05 1.5077249910331021e-05
192 464 0 2.3392280714455969e-05 1.4762042827328549e-05
200 464 0 2.2582748834756039e-05 1.4253656352183121e-05
208 464 0 2.1497832750137156e-05 1.3572317140652899e-05
216 464 0 2.017986912143118e-05 1.274441543455042e-05
224 464 0 1.8678352591209718e-05 1.1800833413129452e-05
232 464 0 1.7046887161960931e-05 1.077505984087108e-05
240 464 0 1.5340056924158362e-05 9.7012484545231709e-06
248 464 0 1.3610466707338352e-05 8.6123744374936417e-06
256 464 0 1.1906170704448799e-05 7.5386246754040686e-06
264 464 0 1.0268654380814588e-05 6.5061260974753214e-06
272 464 0 8.7314694936183293e-06 5.5360766505875504e-06
280 464 0 7.3195524479019124e-06 4.6443005618968634e-06
288 464 0 6.0491909843530814e-06 3.8412088134122859e-06
296 464 0 4.9285504502617588e-06 3.1321117328948757e-06
304 464 0 3.95863349306786e-06 2.5178065002961118e-06
312 464 0 3.134528053792231e-06 1.9953496875057224e-06
320 464 0 2.4467974526345438e-06 1.5589234929842727e-06
328 464 0 1.8828803517757519e-06 1.2007124621951944e-06
336 464 0 1.4283931765476093e-06 9.117225822540371e-07
344 464 0 1.068258289819054e-06 6.8249365611360246e-07
352 464 0 7.8761315526967174e-07 5.0367583555803076e-07
360 464 0 5.7248501996415494e-07 3.6645965161298352e-07
368 464 0 4.102396072014553e-07 2.6286408864634751e-07
376 464 0 2.898295399249547e-07 1.8589827875704622e-07
384 464 0 2.0187849244099859e-07 1.296190665569443e-07
392 464 0 1.3864108594521989e-07 8.9109415785703028e-08
400 464 0 9.3877573832097812e-08 6.0402179167531247e-08
408 464 0 6.2677929262085647e-08 4.037108052580683e-08
416 464 0 4.1263549705331366e-08 2.6606806027470972e-08
424 464 0 2.6787715781582301e-08 1.7291682751387355e-08
432 464 0 1.714915118944121e-08 1.1082154052503935e-08
440 464 0 1.0827149842068326e-08 7.0045439565506649e-09
448 464 0 6.7420764533304869e-09 4.3666417887648999e-09
456 464 0 4.1416717542499758e-09 2.6854812093280671e-09
464 464 0 2.5113978169276697e-09 1.6302739373223061e-09
472 464 0 1.505841691677862e-09 1.0055561252498077e-09
480 464 0 8.977209972548635e-10 6.0812069442299847e-10
488 464 0 5.4107602025325811e-10 3.566449770016054e-10
496 464 0 3.4559663265684571e-10 2.2548340453720413e-10
504 464 0 2.5957249889138425e-10 1.6953479752438301e-10
0 472 0 8.3419092512506558e-07 5.5003611003461765e-07
8 472 0 9.0640108547565382e-07 5.9726661973991157e-07
16 472 0 1.0525827508411304e-06 6.9285040999848939e-07
24 472 0 1.2760374300728255e-06 8.3888918942680231e-07
32 472 0 1.5811731858919147e-06 1.0381818878273444e-06
40 472 0 1.9728772638835045e-06 1.2938176704150827e-06
48 472 0 2.4557254891985527e-06 1.6086641382355553e-06
56 472 0 3.0330728159574936e-06 1.984780189457973e-06
64 472 0 3.7060844257560613e-06 2.4227926420955869e-06
72 472 0 4.4727811972222378e-06 2.9212848123269385e-06
80 472 0 5.3271847723049783e-06 3.4762522359184706e-06
88 472 0 6.2586530832098626e-06 4.0806838728663535e-06
96 472 0 7.2514945429848696e-06 4.7243248726953093e-06
104 472 0 8.284936379282898e-06 5.3936682512128448e-06
112 472 0 9.3334993059446789e-06 6.0722074258040047e-06
120 472 0 1.036779796617531e-05 6.7409602858754367e-06
128 472 0 1.1355747073753146e-05 7.3792501841772573e-06
136 472 0 1.2264111059203451e-05 7.9657026226120366e-06
144 472 0 1.3060295317130178e-05 8.4793916667633661e-06
152 472 0 1.3714245039834077e-05 8.9010504740942764e-06
160 472 0 1.4200297681395336e-05 9.2142485060939972e-06
168 472 0 1.449883055325609e-05 9.4064358596248892e-06
176 472 0 1.4597557264793551e-05 9.4697633618323809e-06
184 472 0 1.4492354931605112e-05 9.40160501438233e-06
192 472 0 1.4187545468547609e-05 9.2047352459083598e-06
200 472 0 1.3695604350863989e-05 8.8871444838920507e-06
208 472 0 1.3036323327999428e-05 8.4615094221377274e-06
216 472 0 1.2235503671109808e-05 7.9443654503213723e-06
224 472 0 1.1323297957431848e-05 7.3550546337778703e-06
232 472 0 1.0332346575433774e-05 6.7145405865271572e-06
240 472 0 9.295867204873021e-06 6.044189719285341e-06
248 472 0 8.2458506867065984e-06 5.364616020631754e-06
256 472 0 7.2114963022110237e-06 4.6946744022377751e-06
264 472 0 6.217986797312334e-06 4.050667583502254e-06
272 472 0 5.2856631756513709e-06 3.4458063179669585e-06
280 472 0 4.4296166618448934e-06 2.8899357860570189e-06
288 472 0 3.6596754819408353e-06 2.3895155024122461e-06
296 472 0 2.9807315233972011e-06 1.9478189268645577e-06
304 472 0 2.3933294135808434e-06 1.5653040794870166e-06
312 472 0 1.894429316204787e-06 1.240098737587444e-06
320 472 0 1.478254380079226e-06 9.6854307255531786e-07
328 472 0 1.1371425353957445e-06 7.4573781638000743e-07
336 472 0 8.6233759280054426e-07 5.6605558374706505e-07
344 472 0 6.4467337964282012e-07 4.2358491017623384e-07
352 472 0 4.7512409943091311e-07 3.1248905583875863e-07
360 472 0 3.4521188463177584e-07 2.272731353323791e-07
368 472 0 2.472770144930206e-07 1.629625927084347e-07
376 472 0 1.7462665869571853e-07 1.1520288122923617e-07
384 472 0 1.2158416699488525e-07 8.0294325446113333e-08
392 472 0 8.3463287721146255e-08 5.5177798224073634e-08
400 472 0 5.6491045171224075e-08 3.7386528660873738e-08
408 472 0 3.77002666278619e-08 2.4977662634223746e-08
416 472 0 2.4808835287399448e-08 1.6454714417931918e-08
424 472 0 1.6098433866866643e-08 1.0689281914715658e-08
432 472 0 1.030141864607827e-08 6.8477325433629405e-09
440 472 0 6.5008995948594075e-09 4.3262502472089186e-09
448 472 0 4.0462841908188245e-09 2.6957922625116624e-09
456 472 0 2.4845063846530408e-09 1.657165369596935e-09
464 472 0 1.5058416916778618e-09 1.0055561252498079e-09
472 472 0 9.0248121391755125e-10 6.0336047776031072e-10
480 472 0 5.3775775047533481e-10 3.6472346344221644e-10
488 472 0 3.2394795790459689e-10 2.1712806234866121e-10
496 472 0 2.0679904012717384e-10 1.3879759252967188e-10
504 472 0 1.5525818284267822e-10 1.0431431604870603e-10
0 480 0 4.9998074206789964e-07 3.3421018305716594e-07
8 480 0 5.4340692574477223e-07 3.6299415973088159e-07
16 480 0 6.3132985357242674e-07 4.2125289726870364e-07
24 480 0 7.6575730333535681e-07 5.1028012673746873e-07
32 480 0 9.4937275812459329e-07 6.3180042776732142e-07
40 480 0 1.1851567960341294e-06 7.8772046784937511e-07
48 480 0 1.4759095526629905e-06 9.7981593653556212e-07
56 480 0 1.8237007802321415e-06 1.2093720357253521e-06
64 480 0 2.22928313287157e-06 1.4768012928844913e-06
72 480 0 2.6915131187789814e-06 1.7812680784432564e-06
80 480 0 3.2068312003519736e-06 2.1203535719530047e-06
88 480 0 3.7688561204815138e-06 2.4897969627283489e-06
96 480 0 4.3681471300330091e-06 2.8833474129518605e-06
104 480 0 4.9921802868114373e-06 3.2927560924714607e-06
112 480 0 5.6255710474501934e-06 3.7079282584944855e-06
120 480 0 6.2505555975517747e-06 4.1172423686235354e-06
128 480 0 6.8477193841858294e-06 4.5080276895673171e-06
136 480 0 7.3969356212115293e-06 4.8671754379919216e-06
144 480 0 7.8784521892358014e-06 5.1818431278943765e-06
152 480 0 8.2740455388131996e-06 5.4401995010208775e-06
160 480 0 8.568147766925691e-06 5.6321499144696453e-06
168 480 0 8.7488500091470276e-06 5.749980544109062e-06
176 480 0 8.8086925670657449e-06 5.7888646977278062e-06
184 480 0 8.7451693535140785e-06 5.7471855780910338e-06
192 480 0 8.5608995788479253e-06 5.6266458896996835e-06
200 480 0 8.2634503329849972e-06 5.4321540178789913e-06
208 480 0 7.8648263360173645e-06 5.1714969919820637e-06
216 480 0 7.3806738739953373e-06 4.8548297971144706e-06
224 480 0 6.8292712843251052e-06 4.4940266731067424e-06
232 480 0 6.2303954909678148e-06 4.1019510844659595e-06
240 480 0 5.6041612741925581e-06 3.6917059306804629e-06
248 480 0 4.9699267525836583e-06 3.2759239341229401e-06
256 480 0 4.3453458481781522e-06 2.8661504540328715e-06
264 480 0 3.7456283587730958e-06 2.4723584385392382e-06
272 480 0 3.183043564000661e-06 2.1026196116507099e-06
280 480 0 2.666677307896491e-06 1.7629393539484025e-06
288 480 0 2.2024283783504731e-06 1.4572471035903621e-06
296 480 0 1.7932103344849563e-06 1.1875211889122448e-06
304 480 0 1.439311435808068e-06 9.5401797777277546e-07
312 480 0 1.1388587026980984e-06 7.5557061350668858e-07
320 480 0 8.8833210085743081e-07 5.8992227922179514e-07
328 480 0 6.8308030456653448e-07 4.5406223082921002e-07
336 480 0 5.1779884645212553e-07 3.4453874634841874e-07
344 480 0 3.8694289431417814e-07 2.5773048532864199e-07
352 480 0 2.8505868806048593e-07 1.9006541137042719e-07
360 480 0 2.0702841485320275e-07 1.3818346977857309e-07
368 480 0 1.4823203315472408e-07 9.9044981338296524e-08
376 480 0 1.0463578703633121e-07 6.999087165938732e-08
384 480 0 7.2820820959964604e-08 4.876334603492065e-08
392 480 0 4.9966682623964119e-08 3.3496605097182137e-08
400 480 0 3.3804065038021662e-08 2.2686980133202413e-08
408 480 0 2.2549453004841158e-08 1.5150813623020742e-08
416 480 0 1.4831954694540807e-08 9.976880592858641e-09
424 480 0 9.6199849121927427e-09 6.4784489546738999e-09
432 480 0 6.1529733306224309e-09 4.148445315455839e-09
440 480 0 3.8811220518058388e-09 2.6197775430535687e-09
448 480 0 2.4145418102417144e-09 1.6317423805771101e-09
456 480 0 1.4818745954527489e-09 1.0026317892002919e-09
464 480 0 8.977209972548634e-10 6.0812069442299836e-10
472 480 0 5.3775775047533491e-10 3.6472346344221634e-10
480 480 0 3.2026750220680895e-10 2.1749024826852597e-10
488 480 0 1.9282526533348349e-10 1.311226925711134e-10
496 480 0 1.2302399351070685e-10 8.3775046616466992e-11
504 480 0 9.2322025212106942e-11 6.2936157630571274e-11
0 488 0 3.0310573973648204e-07 1.968750023314176e-07
8 488 0 3.2952825428556306e-07 2.1387867145920917e-07
16 488 0 3.8303212567484697e-07 2.4829772789757978e-07
24 488 0 4.648536862943591e-07 3.0090361704099771e-07
32 488 0 5.7664714398515377e-07 3.7272561413943952e-07
40 488 0 7.2025333692861147e-07 4.649034591055179e-07
48 488 0 8.9740779031953796e-07 5.7850176234345257e-07
56 488 0 1.1094041035408797e-06 7.1429667669126178e-07
64 488 0 1.3567342903705858e-06 8.7254884250098425e-07
72 488 0 1.6387331474022796e-06 1.0527799713767018e-06
80 488 0 1.9532581310385703e-06 1.2535730693134032e-06
88 488 0 2.2964385477202651e-06 1.4724175727612487e-06
96 488 0 2.6625271356068955e-06 1.7056199944261136e-06
104 488 0 3.0438826415827818e-06 1.9482976452286556e-06
112 488 0 3.431103539416774e-06 2.1944675080334195e-06
120 488 0 3.8133209463922274e-06 2.4372346511595473e-06
128 488 0 4.1786440531879368e-06 2.6690753309978926e-06
136 488 0 4.5147355083789793e-06 2.8822001128325501e-06
144 488 0 4.8094790813484966e-06 3.0689731078873048e-06
152 488 0 5.0516895520623387e-06 3.2223559867508609e-06
160 488 0 5.231806928107703e-06 3.336340838817988e-06
168 488 0 5.3425150664738018e-06 3.4063349426732258e-06
176 488 0 5.3792291700550256e-06 3.4294633970107192e-06
184 488 0 5.3404072029146357e-06 3.4047621505994428e-06
192 488 0 5.2276559723194719e-06 3.3332436065284534e-06
200 488 0 5.045621717881411e-06 3.2178286151035863e-06
208 488 0 4.8016753263448701e-06 3.0631510096724944e-06
216 488 0 4.5054213872201988e-06 2.8752524867751385e-06
224 488 0 4.1680760075542948e-06 2.6611952767708104e-06
232 488 0 3.8017688561426203e-06 2.4286266348251945e-06
240 488 0 3.418829239873787e-06 2.1853320343187711e-06
248 488 0 3.0311138821968668e-06 1.9388128703867915e-06
256 488 0 2.649426065455132e-06 1.6959197827230202e-06
264 488 0 2.2830632264965312e-06 1.4625651322765646e-06
272 488 0 1.9395147725554474e-06 1.2435287914452136e-06
280 488 0 1.6243158410809643e-06 1.0423614668155267e-06
288 488 0 1.3410479028271017e-06 8.6138047552337142e-07
296 488 0 1.0914650840761142e-06 7.0174525040884207e-07
304 488 0 8.7571689654989413e-07 5.6359453925817382e-07
312 488 0 6.9263411754355537e-07 4.4622458515454306e-07
320 488 0 5.4004465886428586e-07 3.4828744199314495e-07
328 488 0 4.1508971464651623e-07 2.6799058992001825e-07
336 488 0 3.1451628664300072e-07 2.032825598091248e-07
344 488 0 2.3492923625879126e-07 1.5201365805538688e-07
352 488 0 1.7299325240613542e-07 1.1206543565435051e-07
360 488 0 1.2558169668142456e-07 8.1446718171778187e-08
368 488 0 8.9874609175804534e-08 5.8357423978919547e-08
376 488 0 6.3411938067348648e-08 4.1223848968982561e-08
384 488 0 4.4110264796136201e-08 2.8710556163828403e-08
392 488 0 3.0252105363959465e-08 1.9714577260004653e-08
400 488 0 2.0456573212029485e-08 1.3347491825992177e-08
408 488 0 1.3639137287462565e-08 8.9103157173785929e-09
416 488 0 8.9667376715153516e-09 5.8652170230254554e-09
424 488 0 5.8129164478176381e-09 3.8070684643751046e-09
432 488 0 3.7160960912510389e-09 2.436877239371392e-09
440 488 0 2.3428265973525547e-09 1.5382954544532841e-09
448 488 0 1.4567911285972367e-09 9.5775068164447772e-10
456 488 0 8.9361879738277499e-10 5.8825579806997391e-10
464 488 0 5.4107602025325821e-10 3.5664497700160519e-10
472 488 0 3.23947957904597e-10 2.1712806234866121e-10
480 488 0 1.9282526533348349e-10 1.311226925711135e-10
488 488 0 1.1602763673356322e-10 7.6797628599920271e-11
496 488 0 7.3981529404493345e-11 4.90424641062135e-11
504 488 0 5.5492653651237933e-11 3.6829371560869009e-11
0 496 0 1.9478829629893328e-07 1.0831744343754876e-07
8 496 0 2.118332518706171e-07 1.1769500241494596e-07
16 496 0 2.4635322124774635e-07 1.3667890442710061e-07
24 496 0 2.9915569079652185e-07 1.6569799549783725e-07
32 496 0 3.7132226823441895e-07 2.0532487575073482e-07
40 496 0 4.6405890709528951e-07 2.5619442983332196e-07
48 496 0 5.7850663121443398e-07 3.1890115910510398e-07
56 496 0 7.1552302605942112e-07 3.9388107748145863e-07
64 496 0 8.7544840931830415e-07 4.812858810522816e-07
72 496 0 1.0578741733993844e-06 5.8085897400289522e-07
80 496 0 1.2614337168509352e-06 6.9182441418763509e-07
88 496 0 1.4836379725020908e-06 8.1280057521817424e-07
96 496 0 1.7207771561478261e-06 9.4174997945906936e-07
104 496 0 1.9679075328255141e-06 1.0759751087572676e-06
112 496 0 2.2189365578957598e-06 1.2121669815210142e-06
120 496 0 2.4668119109669093e-06 1.3465090354253181e-06
128 496 0 2.7038103260234762e-06 1.4748337271644607e-06
136 496 0 2.9219117189394361e-06 1.5928237894395432e-06
144 496 0 3.1132341594987809e-06 1.6962449218497157e-06
152 496 0 3.2704970409178374e-06 1.7811925111445013e-06
160 496 0 3.3874745549927624e-06 1.8443323731149405e-06
168 496 0 3.4594001605073427e-06 1.8831149059664591e-06
176 496 0 3.483285546469128e-06 1.8959436235858976e-06
184 496 0 3.458124501834913e-06 1.8822827010797227e-06
192 496 0 3.3849624224396728e-06 1.8426935498797991e-06
200 496 0 3.2668247604590548e-06 1.7787969574223561e-06
208 496 0 3.1085110858057255e-06 1.6931642405391445e-06
216 496 0 2.9162740044511756e-06 1.5891473827690232e-06
224 496 0 2.6974124941409361e-06 1.4706635134133587e-06
232 496 0 2.4598161107076909e-06 1.3419527454349294e-06
240 496 0 2.2114992912157935e-06 1.2073299486579935e-06
248 496 0 1.9601634885981124e-06 1.0709503935987544e-06
256 496 0 1.7128195260965614e-06 9.3660653935857061e-07
264 496 0 1.475494242207746e-06 8.0756898428878513e-07
272 496 0 1.2530354150141026e-06 6.8647935754134478e-07
280 496 0 1.0490184469086169e-06 5.7529739417234737e-07
288 496 0 8.657486255302382e-07 4.752992772968635e-07
296 496 0 7.0434497937887675e-07 3.8712010469723744e-07
304 496 0 5.6488647866572476e-07 3.1083041788416937e-07
312 496 0 4.4659884124881071e-07 2.4603527629474466e-07
320 496 0 3.480603445378847e-07 1.9198431432640116e-07
328 496 0 2.6740735742418926e-07 1.4768235722232697e-07
336 496 0 2.0252413381809608e-07 1.1199215282490464e-07
344 496 0 1.5120602270971711e-07 8.3723213549074146e-08
352 496 0 1.1128996488640301e-07 6.1703287519732404e-08
360 496 0 8.0750410509314185e-08 4.4831286172110376e-08
368 496 0 5.7762231007910086e-08 3.2112378167894448e-08
376 496 0 4.0734629619937033e-08 2.2677308447411615e-08
384 496 0 2.8321463546334059e-08 1.5788801249802142e-08
392 496 0 1.9413892289231003e-08 1.0838213074728462e-08
400 496 0 1.3121056093327748e-08 7.3355171187017366e-09
408 496 0 8.7437920283481052e-09 4.8953452591144602e-09
416 496 0 5.7454321948783755e-09 3.2213054766369761e-09
424 496 0 3.7226836953813789e-09 2.0902327524362593e-09
432 496 0 2.3786003350093318e-09 1.3440833603720471e-09
440 496 0 1.4988078837718908e-09 8.7979245123744097e-10
448 496 0 9.3147934602137352e-10 5.6732853775051733e-10
456 496 0 5.7108003719404985e-10 3.6039930882732367e-10
464 496 0 3.4559663265684571e-10 2.2548340453720413e-10
472 496 0 2.0679904012717384e-10 1.3879759252967188e-10
480 496 0 1.2302399351070685e-10 8.3775046616466992e-11
488 496 0 7.3981529404493345e-11 4.90424641062135e-11
496 496 0 4.7142243018656258e-11 2.6839286385837087e-11
504 496 0 3.534358935550248e-11 2.0149064295735453e-11
0 504 0 1.4699638884685005e-07 4.7791907452083231e-08
8 504 0 1.5989693419085504e-07 5.1936317679762053e-08
16 504 0 1.8602644618070922e-07 6.0326775067037138e-08
24 504 0 2.2600184613230521e-07 7.3153844664216646e-08
32 504 0 2.8065016812204891e-07 9.0672100112370036e-08
40 504 0 3.5089484967294947e-07 1.1316405742234004e-07
48 504 0 4.3761192628699711e-07 1.4089470492743687e-07
56 504 0 5.4146385812053533e-07 1.7405916793888579e-07
64 504 0 6.6272149810626915e-07 2.12726911212035e-07
72 504 0 8.0108745730353253e-07 2.5678671609585185e-07
80 504 0 9.5553638470701846e-07 3.0589733214391679e-07
88 504 0 1.1241889357236047e-06 3.5944903677848607e-07
96 504 0 1.3042359616124201e-06 4.1654119453540602e-07
104 504 0 1.4919273465117175e-06 4.7598018631379658e-07
112 504 0 1.6826358099701528e-06 5.3630074792560702e-07
120 504 0 1.8710000349519728e-06 5.9581187601493654e-07
128 504 0 2.0511441430685422e-06 6.5266618295493399e-07
136 504 0 2.2169625715695335e-06 7.0494914736990257e-07
144 504 0 2.3624517565451726e-06 7.5078240295360831e-07
152 504 0 2.4820637042935723e-06 7.8843333662426514e-07
160 504 0 2.5710524596408137e-06 8.1642209535194868e-07
168 504 0 2.6257833399191715e-06 8.3361682058817118e-07
176 504 0 2.6439769229598962e-06 8.3930862350923176e-07
184 504 0 2.6248650590113651e-06 8.3325944282354787e-07
192 504 0 2.5692440946031882e-06 8.157183278364846e-07
200 504 0 2.479420161043408e-06 7.8740459941564683e-07
208 504 0 2.3590516562313827e-06 7.4945942957434285e-07
216 504 0 2.2129037129168064e-06 7.0337029153436919e-07
224 504 0 2.046537360359603e-06 6.5087513378133314e-07
232 504 0 1.8659613531246467e-06 5.9385475758304416e-07
240 504 0 1.6772767283410238e-06 5.3422256287476968e-07
248 504 0 1.4863429587644447e-06 4.7382052983366767e-07
256 504 0 1.2984904200337946e-06 4.1432910606276675e-07
264 504 0 1.1182974764980049e-06 3.5719676570974115e-07
272 504 0 9.4944274555310522e-07 3.0359266946099739e-07
280 504 0 7.9463505529083203e-07 2.5438339161778491e-07
288 504 0 6.5561623498187227e-07 2.1013239054836593e-07
296 504 0 5.3322595146303813e-07 1.7111902791583863e-07
304 504 0 4.2751382433738958e-07 1.3737265432833518e-07
312 504 0 3.3788219890141033e-07 1.0871664234740038e-07
320 504 0 2.6324310803917767e-07 8.4817236498707026e-08
328 504 0 2.0217475540702279e-07 6.5232602017166471e-08
336 504 0 1.5306579614311435e-07 4.9458337674981732e-08
344 504 0 1.1423922110134282e-07 3.8826575041771523e-08
352 504 0 8.4051245782098175e-08 3.0187975319244647e-08
360 504 0 6.0963846776281635e-08 2.3087399005816541e-08
368 504 0 4.359219530854941e-08 1.7371651467732225e-08
376 504 0 3.0730072972576082e-08 1.2862122335973328e-08
384 504 0 2.1357411459872953e-08 9.3726615127031287e-09
392 504 0 1.4634465941720644e-08 6.722945518152309e-09
400 504 0 9.8869604438818935e-09 4.7475054978387509e-09
408 504 0 6.5860060374193369e-09 3.3009544064625566e-09
416 504 0 4.325855599513471e-09 2.2601504379058659e-09
424 504 0 2.8017624608247419e-09 1.5240931386887291e-09
432 504 0 1.7894579228597127e-09 1.0123045379650293e-09
440 504 0 1.1271193441436168e-09 6.6233857871609584e-10
448 504 0 7.0019690679045465e-10 4.2692243735316217e-10
456 504 0 4.2910729641576726e-10 2.7108961037468739e-10
464 504 0 2.5957249889138425e-10 1.6953479752438301e-10
472 504 0 1.5525818284267822e-10 1.0431431604870603e-10
480 504 0 9.2322025212106942e-11 6.2936157630571274e-11
488 504 0 5.5492653651237933e-11 3.6829371560869009e-11
496 504 0 3.534358935550248e-11 2.0149064295735453e-11
504 504 0 2.6487919037156576e-11 8.8556703183459036e-12
