elapsed_s,avg_power_w,energy_j
1263.086791350,5.76968,7287.61
