elapsed_s,avg_power_w,energy_j
1271.347777512,5.77401,7340.77
