parallel_id,region_id,region_exec,thread_id,team_size,requested_threads,start_ms,end_ms,elapsed_ms,codeptr,pmu_valid,pmu_llc_references,pmu_llc_misses,pmu_llc_hits,cpu_id,target_mb_percent,resource_applied,resctrl_enabled,region_wall_ms,resctrl_enable_ms,resctrl_disable_ms,resource_kind,target_l3_ways,target_l3_mask,mon_valid,mon_l3_domains,mon_start_llc_occupancy_bytes,mon_end_llc_occupancy_bytes,mon_llc_occupancy_delta_bytes,mon_start_mbm_total_bytes,mon_end_mbm_total_bytes,mon_mbm_total_delta_bytes,mon_start_mbm_local_bytes,mon_end_mbm_local_bytes,mon_mbm_local_delta_bytes,mon_start_mbm_remote_bytes,mon_end_mbm_remote_bytes,mon_mbm_remote_delta_bytes
1,1,1,0,16,16,2507.523248,2512.011243,4.487995,0x404957,1,75362,73874,1488,32,100.000000,1,1,5.572395,1.200000,0.800000,monitor,15,7fff,1,1,0,2523136,2523136,0,133185536,133185536,0,133185536,133185536,-1,-1,-1
1,1,1,1,16,16,2507.530418,2512.097473,4.567055,0x404957,1,75344,74255,1089,34,100.000000,1,1,5.572395,1.200000,0.800000,monitor,15,7fff,1,1,0,2523136,2523136,0,133185536,133185536,0,133185536,133185536,-1,-1,-1
1,1,1,2,16,16,2507.526725,2512.093471,4.566746,0x404957,1,75256,74118,1138,36,100.000000,1,1,5.572395,1.200000,0.800000,monitor,15,7fff,1,1,0,2523136,2523136,0,133185536,133185536,0,133185536,133185536,-1,-1,-1
1,1,1,3,16,16,2507.893408,2512.301956,4.408548,0x404957,1,75496,74099,1397,6,100.000000,1,1,5.572395,1.200000,0.800000,monitor,15,7fff,1,1,0,2523136,2523136,0,133185536,133185536,0,133185536,133185536,-1,-1,-1
1,1,1,4,16,16,2507.539784,2512.209998,4.670214,0x404957,1,75244,74299,945,40,100.000000,1,1,5.572395,1.200000,0.800000,monitor,15,7fff,1,1,0,2523136,2523136,0,133185536,133185536,0,133185536,133185536,-1,-1,-1
1,1,1,5,16,16,2508.026240,2512.403514,4.377274,0x404957,1,75653,74157,1496,42,100.000000,1,1,5.572395,1.200000,0.800000,monitor,15,7fff,1,1,0,2523136,2523136,0,133185536,133185536,0,133185536,133185536,-1,-1,-1
1,1,1,6,16,16,2508.155317,2512.714862,4.559545,0x404957,1,75406,74356,1050,44,100.000000,1,1,5.572395,1.200000,0.800000,monitor,15,7fff,1,1,0,2523136,2523136,0,133185536,133185536,0,133185536,133185536,-1,-1,-1
1,1,1,7,16,16,2507.535486,2512.147148,4.611662,0x404957,1,75406,74291,1115,14,100.000000,1,1,5.572395,1.200000,0.800000,monitor,15,7fff,1,1,0,2523136,2523136,0,133185536,133185536,0,133185536,133185536,-1,-1,-1
1,1,1,8,16,16,2507.720468,2512.615941,4.895473,0x404957,1,75294,74239,1055,16,100.000000,1,1,5.572395,1.200000,0.800000,monitor,15,7fff,1,1,0,2523136,2523136,0,133185536,133185536,0,133185536,133185536,-1,-1,-1
1,1,1,9,16,16,2507.736679,2512.625511,4.888832,0x404957,1,75398,74169,1229,50,100.000000,1,1,5.572395,1.200000,0.800000,monitor,15,7fff,1,1,0,2523136,2523136,0,133185536,133185536,0,133185536,133185536,-1,-1,-1
1,1,1,10,16,16,2507.684663,2512.165086,4.480423,0x404957,1,75534,74119,1415,20,100.000000,1,1,5.572395,1.200000,0.800000,monitor,15,7fff,1,1,0,2523136,2523136,0,133185536,133185536,0,133185536,133185536,-1,-1,-1
1,1,1,11,16,16,2508.160247,2512.645478,4.485231,0x404957,1,75520,74233,1287,22,100.000000,1,1,5.572395,1.200000,0.800000,monitor,15,7fff,1,1,0,2523136,2523136,0,133185536,133185536,0,133185536,133185536,-1,-1,-1
1,1,1,12,16,16,2508.351560,2513.095643,4.744083,0x404957,1,75530,74195,1335,24,100.000000,1,1,5.572395,1.200000,0.800000,monitor,15,7fff,1,1,0,2523136,2523136,0,133185536,133185536,0,133185536,133185536,-1,-1,-1
1,1,1,13,16,16,2507.585541,2512.420725,4.835184,0x404957,1,75602,74329,1273,58,100.000000,1,1,5.572395,1.200000,0.800000,monitor,15,7fff,1,1,0,2523136,2523136,0,133185536,133185536,0,133185536,133185536,-1,-1,-1
1,1,1,14,16,16,2508.591034,2513.074254,4.483220,0x404957,1,75440,73795,1645,60,100.000000,1,1,5.572395,1.200000,0.800000,monitor,15,7fff,1,1,0,2523136,2523136,0,133185536,133185536,0,133185536,133185536,-1,-1,-1
1,1,1,15,16,16,2508.440649,2512.923363,4.482714,0x404957,1,75607,74000,1607,30,100.000000,1,1,5.572395,1.200000,0.800000,monitor,15,7fff,1,1,0,2523136,2523136,0,133185536,133185536,0,133185536,133185536,-1,-1,-1
2,2,1,0,16,16,2525.862214,2597.328016,50.989483,0x4051ce,1,6943699,3177265,3766434,32,100.000000,1,1,72.474000,1.200000,0.800000,monitor,15,7fff,1,1,14598144,53526528,38928384,146432000,8384020480,8237588480,146432000,8384020480,8237588480,-1,-1,-1
2,2,1,1,16,16,2527.010704,2597.359682,52.481247,0x4051ce,1,8107792,3241708,4866084,34,100.000000,1,1,72.474000,1.200000,0.800000,monitor,15,7fff,1,1,14598144,53526528,38928384,146432000,8384020480,8237588480,146432000,8384020480,8237588480,-1,-1,-1
2,2,1,2,16,16,2525.003106,2597.350961,54.865921,0x4051ce,1,6908050,3135899,3772151,36,100.000000,1,1,72.474000,1.200000,0.800000,monitor,15,7fff,1,1,14598144,53526528,38928384,146432000,8384020480,8237588480,146432000,8384020480,8237588480,-1,-1,-1
2,2,1,3,16,16,2525.241644,2597.367485,59.649859,0x4051ce,1,8090722,4662519,3428203,6,100.000000,1,1,72.474000,1.200000,0.800000,monitor,15,7fff,1,1,14598144,53526528,38928384,146432000,8384020480,8237588480,146432000,8384020480,8237588480,-1,-1,-1
2,2,1,4,16,16,2524.994914,2597.450416,68.535576,0x4051ce,1,7844224,6939761,904463,40,100.000000,1,1,72.474000,1.200000,0.800000,monitor,15,7fff,1,1,14598144,53526528,38928384,146432000,8384020480,8237588480,146432000,8384020480,8237588480,-1,-1,-1
2,2,1,5,16,16,2526.523433,2597.468914,69.549138,0x4051ce,1,7874987,6979908,895079,42,100.000000,1,1,72.474000,1.200000,0.800000,monitor,15,7fff,1,1,14598144,53526528,38928384,146432000,8384020480,8237588480,146432000,8384020480,8237588480,-1,-1,-1
2,2,1,6,16,16,2525.228470,2597.455635,69.019688,0x4051ce,1,7838708,6929864,908844,44,100.000000,1,1,72.474000,1.200000,0.800000,monitor,15,7fff,1,1,14598144,53526528,38928384,146432000,8384020480,8237588480,146432000,8384020480,8237588480,-1,-1,-1
2,2,1,7,16,16,2525.342710,2597.461046,69.652840,0x4051ce,1,7850265,6992062,858203,14,100.000000,1,1,72.474000,1.200000,0.800000,monitor,15,7fff,1,1,14598144,53526528,38928384,146432000,8384020480,8237588480,146432000,8384020480,8237588480,-1,-1,-1
2,2,1,8,16,16,2526.008593,2597.427864,68.446298,0x4051ce,1,7834390,6922425,911965,16,100.000000,1,1,72.474000,1.200000,0.800000,monitor,15,7fff,1,1,14598144,53526528,38928384,146432000,8384020480,8237588480,146432000,8384020480,8237588480,-1,-1,-1
2,2,1,9,16,16,2525.417763,2597.447216,69.048278,0x4051ce,1,7846607,6912721,933886,50,100.000000,1,1,72.474000,1.200000,0.800000,monitor,15,7fff,1,1,14598144,53526528,38928384,146432000,8384020480,8237588480,146432000,8384020480,8237588480,-1,-1,-1
2,2,1,10,16,16,2526.384354,2597.428957,69.213237,0x4051ce,1,7864909,6939835,925074,20,100.000000,1,1,72.474000,1.200000,0.800000,monitor,15,7fff,1,1,14598144,53526528,38928384,146432000,8384020480,8237588480,146432000,8384020480,8237588480,-1,-1,-1
2,2,1,11,16,16,2526.874790,2597.393967,68.875135,0x4051ce,1,7850447,6900631,949816,22,100.000000,1,1,72.474000,1.200000,0.800000,monitor,15,7fff,1,1,14598144,53526528,38928384,146432000,8384020480,8237588480,146432000,8384020480,8237588480,-1,-1,-1
2,2,1,12,16,16,2525.547207,2597.281828,67.550188,0x4051ce,1,7906410,6157384,1749026,24,100.000000,1,1,72.474000,1.200000,0.800000,monitor,15,7fff,1,1,14598144,53526528,38928384,146432000,8384020480,8237588480,146432000,8384020480,8237588480,-1,-1,-1
2,2,1,13,16,16,2526.198417,2597.419818,69.188629,0x4051ce,1,7876779,6909365,967414,58,100.000000,1,1,72.474000,1.200000,0.800000,monitor,15,7fff,1,1,14598144,53526528,38928384,146432000,8384020480,8237588480,146432000,8384020480,8237588480,-1,-1,-1
2,2,1,14,16,16,2526.666756,2597.436329,66.326296,0x4051ce,1,7938514,5973551,1964963,60,100.000000,1,1,72.474000,1.200000,0.800000,monitor,15,7fff,1,1,14598144,53526528,38928384,146432000,8384020480,8237588480,146432000,8384020480,8237588480,-1,-1,-1
2,2,1,15,16,16,2525.689343,2597.391526,51.154291,0x4051ce,1,7871103,3410670,4460433,30,100.000000,1,1,72.474000,1.200000,0.800000,monitor,15,7fff,1,1,14598144,53526528,38928384,146432000,8384020480,8237588480,146432000,8384020480,8237588480,-1,-1,-1
3,3,1,0,16,16,2598.991212,2599.271959,0.280747,0x405218,1,5916,1847,4069,32,100.000000,1,1,1.919712,1.200000,0.800000,monitor,15,7fff,1,1,56500224,56049664,-450560,8388165632,8391409664,3244032,8388616192,8391409664,2793472,-1,-1,-1
3,3,1,1,16,16,2598.637094,2598.734914,0.097820,0x405218,1,8152,2303,5849,34,100.000000,1,1,1.919712,1.200000,0.800000,monitor,15,7fff,1,1,56500224,56049664,-450560,8388165632,8391409664,3244032,8388616192,8391409664,2793472,-1,-1,-1
3,3,1,2,16,16,2599.512634,2599.606972,0.094338,0x405218,1,8171,2114,6057,36,100.000000,1,1,1.919712,1.200000,0.800000,monitor,15,7fff,1,1,56500224,56049664,-450560,8388165632,8391409664,3244032,8388616192,8391409664,2793472,-1,-1,-1
3,3,1,3,16,16,2598.824258,2598.926854,0.102596,0x405218,1,8123,2382,5741,6,100.000000,1,1,1.919712,1.200000,0.800000,monitor,15,7fff,1,1,56500224,56049664,-450560,8388165632,8391409664,3244032,8388616192,8391409664,2793472,-1,-1,-1
3,3,1,4,16,16,2597.687260,2597.801500,0.114240,0x405218,1,5338,3808,1530,40,100.000000,1,1,1.919712,1.200000,0.800000,monitor,15,7fff,1,1,56500224,56049664,-450560,8388165632,8391409664,3244032,8388616192,8391409664,2793472,-1,-1,-1
3,3,1,5,16,16,2597.896514,2598.008511,0.111997,0x405218,1,8286,2167,6119,42,100.000000,1,1,1.919712,1.200000,0.800000,monitor,15,7fff,1,1,56500224,56049664,-450560,8388165632,8391409664,3244032,8388616192,8391409664,2793472,-1,-1,-1
3,3,1,6,16,16,2597.919785,2598.044522,0.124737,0x405218,1,8197,3423,4774,44,100.000000,1,1,1.919712,1.200000,0.800000,monitor,15,7fff,1,1,56500224,56049664,-450560,8388165632,8391409664,3244032,8388616192,8391409664,2793472,-1,-1,-1
3,3,1,7,16,16,2598.462254,2598.588476,0.126222,0x405218,1,8258,3396,4862,14,100.000000,1,1,1.919712,1.200000,0.800000,monitor,15,7fff,1,1,56500224,56049664,-450560,8388165632,8391409664,3244032,8388616192,8391409664,2793472,-1,-1,-1
3,3,1,8,16,16,2598.950436,2599.058918,0.108482,0x405218,1,8121,2381,5740,16,100.000000,1,1,1.919712,1.200000,0.800000,monitor,15,7fff,1,1,56500224,56049664,-450560,8388165632,8391409664,3244032,8388616192,8391409664,2793472,-1,-1,-1
3,3,1,9,16,16,2599.120382,2599.235688,0.115306,0x405218,1,8111,2462,5649,50,100.000000,1,1,1.919712,1.200000,0.800000,monitor,15,7fff,1,1,56500224,56049664,-450560,8388165632,8391409664,3244032,8388616192,8391409664,2793472,-1,-1,-1
3,3,1,10,16,16,2599.381168,2599.498666,0.117498,0x405218,1,8171,2671,5500,20,100.000000,1,1,1.919712,1.200000,0.800000,monitor,15,7fff,1,1,56500224,56049664,-450560,8388165632,8391409664,3244032,8388616192,8391409664,2793472,-1,-1,-1
3,3,1,11,16,16,2597.696603,2597.818441,0.121838,0x405218,1,8165,4053,4112,22,100.000000,1,1,1.919712,1.200000,0.800000,monitor,15,7fff,1,1,56500224,56049664,-450560,8388165632,8391409664,3244032,8388616192,8391409664,2793472,-1,-1,-1
3,3,1,12,16,16,2599.247352,2599.361856,0.114504,0x405218,1,8158,2433,5725,24,100.000000,1,1,1.919712,1.200000,0.800000,monitor,15,7fff,1,1,56500224,56049664,-450560,8388165632,8391409664,3244032,8388616192,8391409664,2793472,-1,-1,-1
3,3,1,13,16,16,2598.339891,2598.458822,0.118931,0x405218,1,8145,2789,5356,58,100.000000,1,1,1.919712,1.200000,0.800000,monitor,15,7fff,1,1,56500224,56049664,-450560,8388165632,8391409664,3244032,8388616192,8391409664,2793472,-1,-1,-1
3,3,1,14,16,16,2598.219817,2598.331457,0.111640,0x405218,1,8242,3448,4794,60,100.000000,1,1,1.919712,1.200000,0.800000,monitor,15,7fff,1,1,56500224,56049664,-450560,8388165632,8391409664,3244032,8388616192,8391409664,2793472,-1,-1,-1
3,3,1,15,16,16,2598.046446,2598.115691,0.069245,0x405218,1,7879,833,7046,30,100.000000,1,1,1.919712,1.200000,0.800000,monitor,15,7fff,1,1,56500224,56049664,-450560,8388165632,8391409664,3244032,8388616192,8391409664,2793472,-1,-1,-1
4,4,1,0,16,16,2599.901559,2599.934037,0.032478,0x4052e4,1,2424,449,1975,32,100.000000,1,1,0.106436,1.200000,0.800000,monitor,15,7fff,1,1,57311232,57221120,-90112,8393842688,8394563584,720896,8393842688,8394563584,720896,-1,-1,-1
4,4,1,1,16,16,2599.928915,2599.950322,0.021407,0x4052e4,1,939,329,610,34,100.000000,1,1,0.106436,1.200000,0.800000,monitor,15,7fff,1,1,57311232,57221120,-90112,8393842688,8394563584,720896,8393842688,8394563584,720896,-1,-1,-1
4,4,1,2,16,16,2599.868271,2599.889766,0.021495,0x4052e4,1,945,341,604,36,100.000000,1,1,0.106436,1.200000,0.800000,monitor,15,7fff,1,1,57311232,57221120,-90112,8393842688,8394563584,720896,8393842688,8394563584,720896,-1,-1,-1
4,4,1,3,16,16,2599.872583,2599.893946,0.021363,0x4052e4,1,873,324,549,6,100.000000,1,1,0.106436,1.200000,0.800000,monitor,15,7fff,1,1,57311232,57221120,-90112,8393842688,8394563584,720896,8393842688,8394563584,720896,-1,-1,-1
4,4,1,4,16,16,2599.858947,2599.878075,0.019128,0x4052e4,1,118,89,29,40,100.000000,1,1,0.106436,1.200000,0.800000,monitor,15,7fff,1,1,57311232,57221120,-90112,8393842688,8394563584,720896,8393842688,8394563584,720896,-1,-1,-1
4,4,1,5,16,16,2599.943971,2599.965383,0.021412,0x4052e4,1,1211,345,866,42,100.000000,1,1,0.106436,1.200000,0.800000,monitor,15,7fff,1,1,57311232,57221120,-90112,8393842688,8394563584,720896,8393842688,8394563584,720896,-1,-1,-1
4,4,1,6,16,16,2599.863928,2599.886172,0.022244,0x4052e4,1,1020,313,707,44,100.000000,1,1,0.106436,1.200000,0.800000,monitor,15,7fff,1,1,57311232,57221120,-90112,8393842688,8394563584,720896,8393842688,8394563584,720896,-1,-1,-1
4,4,1,7,16,16,2599.866018,2599.886994,0.020976,0x4052e4,1,833,256,577,14,100.000000,1,1,0.106436,1.200000,0.800000,monitor,15,7fff,1,1,57311232,57221120,-90112,8393842688,8394563584,720896,8393842688,8394563584,720896,-1,-1,-1
4,4,1,8,16,16,2599.914606,2599.934547,0.019941,0x4052e4,1,859,185,674,16,100.000000,1,1,0.106436,1.200000,0.800000,monitor,15,7fff,1,1,57311232,57221120,-90112,8393842688,8394563584,720896,8393842688,8394563584,720896,-1,-1,-1
4,4,1,9,16,16,2599.906890,2599.927548,0.020658,0x4052e4,1,1033,245,788,50,100.000000,1,1,0.106436,1.200000,0.800000,monitor,15,7fff,1,1,57311232,57221120,-90112,8393842688,8394563584,720896,8393842688,8394563584,720896,-1,-1,-1
4,4,1,10,16,16,2599.880936,2599.902139,0.021203,0x4052e4,1,814,218,596,20,100.000000,1,1,0.106436,1.200000,0.800000,monitor,15,7fff,1,1,57311232,57221120,-90112,8393842688,8394563584,720896,8393842688,8394563584,720896,-1,-1,-1
4,4,1,11,16,16,2599.860582,2599.881833,0.021251,0x4052e4,1,2699,254,2445,22,100.000000,1,1,0.106436,1.200000,0.800000,monitor,15,7fff,1,1,57311232,57221120,-90112,8393842688,8394563584,720896,8393842688,8394563584,720896,-1,-1,-1
4,4,1,12,16,16,2599.876190,2599.897654,0.021464,0x4052e4,1,937,274,663,24,100.000000,1,1,0.106436,1.200000,0.800000,monitor,15,7fff,1,1,57311232,57221120,-90112,8393842688,8394563584,720896,8393842688,8394563584,720896,-1,-1,-1
4,4,1,13,16,16,2599.921924,2599.943701,0.021777,0x4052e4,1,934,369,565,58,100.000000,1,1,0.106436,1.200000,0.800000,monitor,15,7fff,1,1,57311232,57221120,-90112,8393842688,8394563584,720896,8393842688,8394563584,720896,-1,-1,-1
4,4,1,14,16,16,2599.888668,2599.909868,0.021200,0x4052e4,1,804,224,580,60,100.000000,1,1,0.106436,1.200000,0.800000,monitor,15,7fff,1,1,57311232,57221120,-90112,8393842688,8394563584,720896,8393842688,8394563584,720896,-1,-1,-1
4,4,1,15,16,16,2599.873656,2599.894094,0.020438,0x4052e4,1,966,201,765,30,100.000000,1,1,0.106436,1.200000,0.800000,monitor,15,7fff,1,1,57311232,57221120,-90112,8393842688,8394563584,720896,8393842688,8394563584,720896,-1,-1,-1
5,5,1,0,16,16,2600.517319,2600.544681,0.027362,0x40533c,1,1650,32,1618,32,100.000000,1,1,0.429262,1.200000,0.800000,monitor,15,7fff,1,1,57851904,57761792,-90112,8394833920,8394833920,0,8394833920,8394833920,0,-1,-1,-1
5,5,1,1,16,16,2600.385510,2600.404493,0.018983,0x40533c,1,36,0,36,34,100.000000,1,1,0.429262,1.200000,0.800000,monitor,15,7fff,1,1,57851904,57761792,-90112,8394833920,8394833920,0,8394833920,8394833920,0,-1,-1,-1
5,5,1,2,16,16,2600.377881,2600.396904,0.019023,0x40533c,1,37,1,36,36,100.000000,1,1,0.429262,1.200000,0.800000,monitor,15,7fff,1,1,57851904,57761792,-90112,8394833920,8394833920,0,8394833920,8394833920,0,-1,-1,-1
5,5,1,3,16,16,2600.381594,2600.400387,0.018793,0x40533c,1,33,0,33,6,100.000000,1,1,0.429262,1.200000,0.800000,monitor,15,7fff,1,1,57851904,57761792,-90112,8394833920,8394833920,0,8394833920,8394833920,0,-1,-1,-1
5,5,1,4,16,16,2600.375412,2600.398364,0.022952,0x40533c,1,1791,140,1651,40,100.000000,1,1,0.429262,1.200000,0.800000,monitor,15,7fff,1,1,57851904,57761792,-90112,8394833920,8394833920,0,8394833920,8394833920,0,-1,-1,-1
5,5,1,5,16,16,2600.374223,2600.393093,0.018870,0x40533c,1,27,1,26,42,100.000000,1,1,0.429262,1.200000,0.800000,monitor,15,7fff,1,1,57851904,57761792,-90112,8394833920,8394833920,0,8394833920,8394833920,0,-1,-1,-1
5,5,1,6,16,16,2600.515783,2600.534700,0.018917,0x40533c,1,50,0,50,44,100.000000,1,1,0.429262,1.200000,0.800000,monitor,15,7fff,1,1,57851904,57761792,-90112,8394833920,8394833920,0,8394833920,8394833920,0,-1,-1,-1
5,5,1,7,16,16,2600.120029,2600.138938,0.018909,0x40533c,1,129,15,114,14,100.000000,1,1,0.429262,1.200000,0.800000,monitor,15,7fff,1,1,57851904,57761792,-90112,8394833920,8394833920,0,8394833920,8394833920,0,-1,-1,-1
5,5,1,8,16,16,2600.395505,2600.414410,0.018905,0x40533c,1,34,0,34,16,100.000000,1,1,0.429262,1.200000,0.800000,monitor,15,7fff,1,1,57851904,57761792,-90112,8394833920,8394833920,0,8394833920,8394833920,0,-1,-1,-1
5,5,1,9,16,16,2600.122822,2600.141683,0.018861,0x40533c,1,27,1,26,50,100.000000,1,1,0.429262,1.200000,0.800000,monitor,15,7fff,1,1,57851904,57761792,-90112,8394833920,8394833920,0,8394833920,8394833920,0,-1,-1,-1
5,5,1,10,16,16,2600.524784,2600.543656,0.018872,0x40533c,1,47,1,46,20,100.000000,1,1,0.429262,1.200000,0.800000,monitor,15,7fff,1,1,57851904,57761792,-90112,8394833920,8394833920,0,8394833920,8394833920,0,-1,-1,-1
5,5,1,11,16,16,2600.389273,2600.410117,0.020844,0x40533c,1,1586,18,1568,22,100.000000,1,1,0.429262,1.200000,0.800000,monitor,15,7fff,1,1,57851904,57761792,-90112,8394833920,8394833920,0,8394833920,8394833920,0,-1,-1,-1
5,5,1,12,16,16,2600.118999,2600.138050,0.019051,0x40533c,1,146,13,133,24,100.000000,1,1,0.429262,1.200000,0.800000,monitor,15,7fff,1,1,57851904,57761792,-90112,8394833920,8394833920,0,8394833920,8394833920,0,-1,-1,-1
5,5,1,13,16,16,2600.520159,2600.539155,0.018996,0x40533c,1,45,0,45,58,100.000000,1,1,0.429262,1.200000,0.800000,monitor,15,7fff,1,1,57851904,57761792,-90112,8394833920,8394833920,0,8394833920,8394833920,0,-1,-1,-1
5,5,1,14,16,16,2600.529305,2600.548261,0.018956,0x40533c,1,32,1,31,60,100.000000,1,1,0.429262,1.200000,0.800000,monitor,15,7fff,1,1,57851904,57761792,-90112,8394833920,8394833920,0,8394833920,8394833920,0,-1,-1,-1
5,5,1,15,16,16,2600.390285,2600.409160,0.018875,0x40533c,1,47,1,46,30,100.000000,1,1,0.429262,1.200000,0.800000,monitor,15,7fff,1,1,57851904,57761792,-90112,8394833920,8394833920,0,8394833920,8394833920,0,-1,-1,-1
398,2,100,0,16,16,19430.264410,19603.271686,60.217309,0x4051ce,1,6938714,4113719,2824995,32,100.000000,1,1,175.161647,1.200000,0.800000,monitor,15,7fff,1,1,84344832,85876736,1531904,1532188393472,1548596977664,16408584192,1532188393472,1548596977664,16408584192,-1,-1,-1
398,2,100,1,16,16,19430.267548,19603.258083,61.027908,0x4051ce,1,7962292,4537596,3424696,34,100.000000,1,1,175.161647,1.200000,0.800000,monitor,15,7fff,1,1,84344832,85876736,1531904,1532188393472,1548596977664,16408584192,1532188393472,1548596977664,16408584192,-1,-1,-1
398,2,100,2,16,16,19430.247409,19603.256370,61.671336,0x4051ce,1,7870752,4642800,3227952,36,100.000000,1,1,175.161647,1.200000,0.800000,monitor,15,7fff,1,1,84344832,85876736,1531904,1532188393472,1548596977664,16408584192,1532188393472,1548596977664,16408584192,-1,-1,-1
398,2,100,3,16,16,19430.216792,19603.291986,65.785312,0x4051ce,1,7981213,5474329,2506884,38,100.000000,1,1,175.161647,1.200000,0.800000,monitor,15,7fff,1,1,84344832,85876736,1531904,1532188393472,1548596977664,16408584192,1532188393472,1548596977664,16408584192,-1,-1,-1
398,2,100,4,16,16,19430.227644,19605.376266,174.466610,0x4051ce,1,21028056,16840841,4187215,40,100.000000,1,1,175.161647,1.200000,0.800000,monitor,15,7fff,1,1,84344832,85876736,1531904,1532188393472,1548596977664,16408584192,1532188393472,1548596977664,16408584192,-1,-1,-1
398,2,100,5,16,16,19430.290510,19605.349405,173.350869,0x4051ce,1,21156284,16621565,4534719,42,100.000000,1,1,175.161647,1.200000,0.800000,monitor,15,7fff,1,1,84344832,85876736,1531904,1532188393472,1548596977664,16408584192,1532188393472,1548596977664,16408584192,-1,-1,-1
398,2,100,6,16,16,19430.284815,19605.275551,164.830277,0x4051ce,1,19826235,16158776,3667459,44,100.000000,1,1,175.161647,1.200000,0.800000,monitor,15,7fff,1,1,84344832,85876736,1531904,1532188393472,1548596977664,16408584192,1532188393472,1548596977664,16408584192,-1,-1,-1
398,2,100,7,16,16,19430.223720,19605.377081,173.975770,0x4051ce,1,21198916,16851395,4347521,46,100.000000,1,1,175.161647,1.200000,0.800000,monitor,15,7fff,1,1,84344832,85876736,1531904,1532188393472,1548596977664,16408584192,1532188393472,1548596977664,16408584192,-1,-1,-1
398,2,100,8,16,16,19430.234765,19605.336641,171.892631,0x4051ce,1,21167152,16513084,4654068,16,100.000000,1,1,175.161647,1.200000,0.800000,monitor,15,7fff,1,1,84344832,85876736,1531904,1532188393472,1548596977664,16408584192,1532188393472,1548596977664,16408584192,-1,-1,-1
398,2,100,9,16,16,19430.257441,19605.268850,165.732198,0x4051ce,1,19812561,16285090,3527471,50,100.000000,1,1,175.161647,1.200000,0.800000,monitor,15,7fff,1,1,84344832,85876736,1531904,1532188393472,1548596977664,16408584192,1532188393472,1548596977664,16408584192,-1,-1,-1
398,2,100,10,16,16,19430.243911,19605.329065,172.788842,0x4051ce,1,21163960,16750156,4413804,20,100.000000,1,1,175.161647,1.200000,0.800000,monitor,15,7fff,1,1,84344832,85876736,1531904,1532188393472,1548596977664,16408584192,1532188393472,1548596977664,16408584192,-1,-1,-1
398,2,100,11,16,16,19430.251779,19605.335129,172.846041,0x4051ce,1,21079976,16630640,4449336,22,100.000000,1,1,175.161647,1.200000,0.800000,monitor,15,7fff,1,1,84344832,85876736,1531904,1532188393472,1548596977664,16408584192,1532188393472,1548596977664,16408584192,-1,-1,-1
398,2,100,12,16,16,19430.239776,19603.307517,70.415904,0x4051ce,1,7905761,6113022,1792739,24,100.000000,1,1,175.161647,1.200000,0.800000,monitor,15,7fff,1,1,84344832,85876736,1531904,1532188393472,1548596977664,16408584192,1532188393472,1548596977664,16408584192,-1,-1,-1
398,2,100,13,16,16,19430.218973,19603.342052,71.502631,0x4051ce,1,7874084,6679151,1194933,58,100.000000,1,1,175.161647,1.200000,0.800000,monitor,15,7fff,1,1,84344832,85876736,1531904,1532188393472,1548596977664,16408584192,1532188393472,1548596977664,16408584192,-1,-1,-1
398,2,100,14,16,16,19430.215434,19603.348722,69.401828,0x4051ce,1,7926023,6095165,1830858,60,100.000000,1,1,175.161647,1.200000,0.800000,monitor,15,7fff,1,1,84344832,85876736,1531904,1532188393472,1548596977664,16408584192,1532188393472,1548596977664,16408584192,-1,-1,-1
398,2,100,15,16,16,19430.277092,19603.268900,58.848111,0x4051ce,1,7807951,4170540,3637411,30,100.000000,1,1,175.161647,1.200000,0.800000,monitor,15,7fff,1,1,84344832,85876736,1531904,1532188393472,1548596977664,16408584192,1532188393472,1548596977664,16408584192,-1,-1,-1
399,3,100,0,16,16,19605.974579,19606.087367,0.112788,0x405218,1,7741,3917,3824,32,100.000000,1,1,2.170211,1.200000,0.800000,monitor,15,7fff,1,1,86327296,83984384,-2342912,1548608331776,1548617162752,8830976,1548608331776,1548617162752,8830976,-1,-1,-1
399,3,100,1,16,16,19606.139071,19606.251796,0.112725,0x405218,1,8236,4680,3556,34,100.000000,1,1,2.170211,1.200000,0.800000,monitor,15,7fff,1,1,86327296,83984384,-2342912,1548608331776,1548617162752,8830976,1548608331776,1548617162752,8830976,-1,-1,-1
399,3,100,2,16,16,19606.585540,19606.700965,0.115425,0x405218,1,8245,4708,3537,36,100.000000,1,1,2.170211,1.200000,0.800000,monitor,15,7fff,1,1,86327296,83984384,-2342912,1548608331776,1548617162752,8830976,1548608331776,1548617162752,8830976,-1,-1,-1
399,3,100,3,16,16,19606.411948,19606.537181,0.125233,0x405218,1,8187,3806,4381,38,100.000000,1,1,2.170211,1.200000,0.800000,monitor,15,7fff,1,1,86327296,83984384,-2342912,1548608331776,1548617162752,8830976,1548608331776,1548617162752,8830976,-1,-1,-1
399,3,100,4,16,16,19605.959955,19606.204045,0.244090,0x405218,1,17352,7607,9745,40,100.000000,1,1,2.170211,1.200000,0.800000,monitor,15,7fff,1,1,86327296,83984384,-2342912,1548608331776,1548617162752,8830976,1548608331776,1548617162752,8830976,-1,-1,-1
399,3,100,5,16,16,19606.069762,19606.325295,0.255533,0x405218,1,17376,8135,9241,42,100.000000,1,1,2.170211,1.200000,0.800000,monitor,15,7fff,1,1,86327296,83984384,-2342912,1548608331776,1548617162752,8830976,1548608331776,1548617162752,8830976,-1,-1,-1
399,3,100,6,16,16,19606.906205,19607.157149,0.250944,0x405218,1,15939,8116,7823,44,100.000000,1,1,2.170211,1.200000,0.800000,monitor,15,7fff,1,1,86327296,83984384,-2342912,1548608331776,1548617162752,8830976,1548608331776,1548617162752,8830976,-1,-1,-1
399,3,100,7,16,16,19607.479876,19607.744904,0.265028,0x405218,1,16530,8248,8282,46,100.000000,1,1,2.170211,1.200000,0.800000,monitor,15,7fff,1,1,86327296,83984384,-2342912,1548608331776,1548617162752,8830976,1548608331776,1548617162752,8830976,-1,-1,-1
399,3,100,8,16,16,19607.349029,19607.613561,0.264532,0x405218,1,16681,8345,8336,16,100.000000,1,1,2.170211,1.200000,0.800000,monitor,15,7fff,1,1,86327296,83984384,-2342912,1548608331776,1548617162752,8830976,1548608331776,1548617162752,8830976,-1,-1,-1
399,3,100,9,16,16,19606.292123,19606.545626,0.253503,0x405218,1,16032,8445,7587,50,100.000000,1,1,2.170211,1.200000,0.800000,monitor,15,7fff,1,1,86327296,83984384,-2342912,1548608331776,1548617162752,8830976,1548608331776,1548617162752,8830976,-1,-1,-1
399,3,100,10,16,16,19607.630171,19607.896384,0.266213,0x405218,1,16847,8911,7936,20,100.000000,1,1,2.170211,1.200000,0.800000,monitor,15,7fff,1,1,86327296,83984384,-2342912,1548608331776,1548617162752,8830976,1548608331776,1548617162752,8830976,-1,-1,-1
399,3,100,11,16,16,19607.031095,19607.287004,0.255909,0x405218,1,16593,8456,8137,22,100.000000,1,1,2.170211,1.200000,0.800000,monitor,15,7fff,1,1,86327296,83984384,-2342912,1548608331776,1548617162752,8830976,1548608331776,1548617162752,8830976,-1,-1,-1
399,3,100,12,16,16,19605.726173,19605.853266,0.127093,0x405218,1,6182,5027,1155,24,100.000000,1,1,2.170211,1.200000,0.800000,monitor,15,7fff,1,1,86327296,83984384,-2342912,1548608331776,1548617162752,8830976,1548608331776,1548617162752,8830976,-1,-1,-1
399,3,100,13,16,16,19607.165596,19607.290902,0.125306,0x405218,1,8154,3360,4794,58,100.000000,1,1,2.170211,1.200000,0.800000,monitor,15,7fff,1,1,86327296,83984384,-2342912,1548608331776,1548617162752,8830976,1548608331776,1548617162752,8830976,-1,-1,-1
399,3,100,14,16,16,19606.778630,19606.902232,0.123602,0x405218,1,8185,3969,4216,60,100.000000,1,1,2.170211,1.200000,0.800000,monitor,15,7fff,1,1,86327296,83984384,-2342912,1548608331776,1548617162752,8830976,1548608331776,1548617162752,8830976,-1,-1,-1
399,3,100,15,16,16,19607.172372,19607.285421,0.113049,0x405218,1,5017,3236,1781,30,100.000000,1,1,2.170211,1.200000,0.800000,monitor,15,7fff,1,1,86327296,83984384,-2342912,1548608331776,1548617162752,8830976,1548608331776,1548617162752,8830976,-1,-1,-1
400,4,100,0,16,16,19608.285200,19608.314974,0.029774,0x4052e4,1,2352,1281,1071,32,100.000000,1,1,0.114516,1.200000,0.800000,monitor,15,7fff,1,1,84074496,84254720,180224,1548619505664,1548620857344,1351680,1548619595776,1548620857344,1261568,-1,-1,-1
400,4,100,1,16,16,19608.219245,19608.242754,0.023509,0x4052e4,1,1010,531,479,34,100.000000,1,1,0.114516,1.200000,0.800000,monitor,15,7fff,1,1,84074496,84254720,180224,1548619505664,1548620857344,1351680,1548619595776,1548620857344,1261568,-1,-1,-1
400,4,100,2,16,16,19608.236144,19608.259536,0.023392,0x4052e4,1,1064,593,471,36,100.000000,1,1,0.114516,1.200000,0.800000,monitor,15,7fff,1,1,84074496,84254720,180224,1548619505664,1548620857344,1351680,1548619595776,1548620857344,1261568,-1,-1,-1
400,4,100,3,16,16,19608.230950,19608.253713,0.022763,0x4052e4,1,707,369,338,38,100.000000,1,1,0.114516,1.200000,0.800000,monitor,15,7fff,1,1,84074496,84254720,180224,1548619505664,1548620857344,1351680,1548619595776,1548620857344,1261568,-1,-1,-1
400,4,100,4,16,16,19608.252611,19608.277681,0.025070,0x4052e4,1,812,457,355,40,100.000000,1,1,0.114516,1.200000,0.800000,monitor,15,7fff,1,1,84074496,84254720,180224,1548619505664,1548620857344,1351680,1548619595776,1548620857344,1261568,-1,-1,-1
400,4,100,5,16,16,19608.298605,19608.322642,0.024037,0x4052e4,1,487,338,149,42,100.000000,1,1,0.114516,1.200000,0.800000,monitor,15,7fff,1,1,84074496,84254720,180224,1548619505664,1548620857344,1351680,1548619595776,1548620857344,1261568,-1,-1,-1
400,4,100,6,16,16,19608.223494,19608.248120,0.024626,0x4052e4,1,594,389,205,44,100.000000,1,1,0.114516,1.200000,0.800000,monitor,15,7fff,1,1,84074496,84254720,180224,1548619505664,1548620857344,1351680,1548619595776,1548620857344,1261568,-1,-1,-1
400,4,100,7,16,16,19608.268095,19608.292772,0.024677,0x4052e4,1,688,439,249,46,100.000000,1,1,0.114516,1.200000,0.800000,monitor,15,7fff,1,1,84074496,84254720,180224,1548619505664,1548620857344,1351680,1548619595776,1548620857344,1261568,-1,-1,-1
400,4,100,8,16,16,19608.276220,19608.300346,0.024126,0x4052e4,1,521,376,145,16,100.000000,1,1,0.114516,1.200000,0.800000,monitor,15,7fff,1,1,84074496,84254720,180224,1548619505664,1548620857344,1351680,1548619595776,1548620857344,1261568,-1,-1,-1
400,4,100,9,16,16,19608.213722,19608.238264,0.024542,0x4052e4,1,576,393,183,50,100.000000,1,1,0.114516,1.200000,0.800000,monitor,15,7fff,1,1,84074496,84254720,180224,1548619505664,1548620857344,1351680,1548619595776,1548620857344,1261568,-1,-1,-1
400,4,100,10,16,16,19608.218758,19608.243158,0.024400,0x4052e4,1,545,375,170,20,100.000000,1,1,0.114516,1.200000,0.800000,monitor,15,7fff,1,1,84074496,84254720,180224,1548619505664,1548620857344,1351680,1548619595776,1548620857344,1261568,-1,-1,-1
400,4,100,11,16,16,19608.259976,19608.283676,0.023700,0x4052e4,1,568,370,198,22,100.000000,1,1,0.114516,1.200000,0.800000,monitor,15,7fff,1,1,84074496,84254720,180224,1548619505664,1548620857344,1351680,1548619595776,1548620857344,1261568,-1,-1,-1
400,4,100,12,16,16,19608.208126,19608.228691,0.020565,0x4052e4,1,82,54,28,24,100.000000,1,1,0.114516,1.200000,0.800000,monitor,15,7fff,1,1,84074496,84254720,180224,1548619505664,1548620857344,1351680,1548619595776,1548620857344,1261568,-1,-1,-1
400,4,100,13,16,16,19608.227903,19608.251216,0.023313,0x4052e4,1,910,406,504,58,100.000000,1,1,0.114516,1.200000,0.800000,monitor,15,7fff,1,1,84074496,84254720,180224,1548619505664,1548620857344,1351680,1548619595776,1548620857344,1261568,-1,-1,-1
400,4,100,14,16,16,19608.211273,19608.232932,0.021659,0x4052e4,1,814,299,515,60,100.000000,1,1,0.114516,1.200000,0.800000,monitor,15,7fff,1,1,84074496,84254720,180224,1548619505664,1548620857344,1351680,1548619595776,1548620857344,1261568,-1,-1,-1
400,4,100,15,16,16,19608.229933,19608.252152,0.022219,0x4052e4,1,2614,209,2405,30,100.000000,1,1,0.114516,1.200000,0.800000,monitor,15,7fff,1,1,84074496,84254720,180224,1548619505664,1548620857344,1351680,1548619595776,1548620857344,1261568,-1,-1,-1
401,5,100,0,16,16,19608.459818,19608.480141,0.020323,0x40533c,1,22,0,22,32,100.000000,1,1,0.229952,1.200000,0.800000,monitor,15,7fff,1,1,84254720,84074496,-180224,1548621217792,1548621398016,180224,1548621217792,1548621398016,180224,-1,-1,-1
401,5,100,1,16,16,19608.449433,19608.469777,0.020344,0x40533c,1,52,0,52,34,100.000000,1,1,0.229952,1.200000,0.800000,monitor,15,7fff,1,1,84254720,84074496,-180224,1548621217792,1548621398016,180224,1548621217792,1548621398016,180224,-1,-1,-1
401,5,100,2,16,16,19608.462184,19608.482431,0.020247,0x40533c,1,32,0,32,36,100.000000,1,1,0.229952,1.200000,0.800000,monitor,15,7fff,1,1,84254720,84074496,-180224,1548621217792,1548621398016,180224,1548621217792,1548621398016,180224,-1,-1,-1
401,5,100,3,16,16,19608.441253,19608.461719,0.020466,0x40533c,1,63,7,56,38,100.000000,1,1,0.229952,1.200000,0.800000,monitor,15,7fff,1,1,84254720,84074496,-180224,1548621217792,1548621398016,180224,1548621217792,1548621398016,180224,-1,-1,-1
401,5,100,4,16,16,19608.485441,19608.515367,0.029926,0x40533c,1,364,260,104,40,100.000000,1,1,0.229952,1.200000,0.800000,monitor,15,7fff,1,1,84254720,84074496,-180224,1548621217792,1548621398016,180224,1548621217792,1548621398016,180224,-1,-1,-1
401,5,100,5,16,16,19608.457884,19608.483688,0.025804,0x40533c,1,573,409,164,42,100.000000,1,1,0.229952,1.200000,0.800000,monitor,15,7fff,1,1,84254720,84074496,-180224,1548621217792,1548621398016,180224,1548621217792,1548621398016,180224,-1,-1,-1
401,5,100,6,16,16,19608.469254,19608.497000,0.027746,0x40533c,1,411,276,135,44,100.000000,1,1,0.229952,1.200000,0.800000,monitor,15,7fff,1,1,84254720,84074496,-180224,1548621217792,1548621398016,180224,1548621217792,1548621398016,180224,-1,-1,-1
401,5,100,7,16,16,19608.464807,19608.494041,0.029234,0x40533c,1,599,401,198,46,100.000000,1,1,0.229952,1.200000,0.800000,monitor,15,7fff,1,1,84254720,84074496,-180224,1548621217792,1548621398016,180224,1548621217792,1548621398016,180224,-1,-1,-1
401,5,100,8,16,16,19608.478914,19608.508631,0.029717,0x40533c,1,505,262,243,16,100.000000,1,1,0.229952,1.200000,0.800000,monitor,15,7fff,1,1,84254720,84074496,-180224,1548621217792,1548621398016,180224,1548621217792,1548621398016,180224,-1,-1,-1
401,5,100,9,16,16,19608.473326,19608.504210,0.030884,0x40533c,1,479,240,239,50,100.000000,1,1,0.229952,1.200000,0.800000,monitor,15,7fff,1,1,84254720,84074496,-180224,1548621217792,1548621398016,180224,1548621217792,1548621398016,180224,-1,-1,-1
401,5,100,10,16,16,19608.447221,19608.473332,0.026111,0x40533c,1,519,203,316,20,100.000000,1,1,0.229952,1.200000,0.800000,monitor,15,7fff,1,1,84254720,84074496,-180224,1548621217792,1548621398016,180224,1548621217792,1548621398016,180224,-1,-1,-1
401,5,100,11,16,16,19608.445039,19608.470491,0.025452,0x40533c,1,490,231,259,22,100.000000,1,1,0.229952,1.200000,0.800000,monitor,15,7fff,1,1,84254720,84074496,-180224,1548621217792,1548621398016,180224,1548621217792,1548621398016,180224,-1,-1,-1
401,5,100,12,16,16,19608.440932,19608.461049,0.020117,0x40533c,1,53,6,47,24,100.000000,1,1,0.229952,1.200000,0.800000,monitor,15,7fff,1,1,84254720,84074496,-180224,1548621217792,1548621398016,180224,1548621217792,1548621398016,180224,-1,-1,-1
401,5,100,13,16,16,19608.453248,19608.473490,0.020242,0x40533c,1,28,3,25,58,100.000000,1,1,0.229952,1.200000,0.800000,monitor,15,7fff,1,1,84254720,84074496,-180224,1548621217792,1548621398016,180224,1548621217792,1548621398016,180224,-1,-1,-1
401,5,100,14,16,16,19608.454006,19608.474540,0.020534,0x40533c,1,28,1,27,60,100.000000,1,1,0.229952,1.200000,0.800000,monitor,15,7fff,1,1,84254720,84074496,-180224,1548621217792,1548621398016,180224,1548621217792,1548621398016,180224,-1,-1,-1
401,5,100,15,16,16,19608.649500,19608.670884,0.021384,0x40533c,1,1557,15,1542,30,100.000000,1,1,0.229952,1.200000,0.800000,monitor,15,7fff,1,1,84254720,84074496,-180224,1548621217792,1548621398016,180224,1548621217792,1548621398016,180224,-1,-1,-1
798,2,200,0,16,16,38183.141014,38363.173321,60.405956,0x4051ce,1,6936590,4125150,2811440,32,100.000000,1,1,182.424670,1.200000,0.800000,monitor,15,7fff,1,1,84164608,85786624,1622016,3215324209152,3232395206656,17070997504,3215324209152,3232395206656,17070997504,-1,-1,-1
798,2,200,1,16,16,38183.132732,38363.180706,61.389243,0x4051ce,1,7960536,4561956,3398580,34,100.000000,1,1,182.424670,1.200000,0.800000,monitor,15,7fff,1,1,84164608,85786624,1622016,3215324209152,3232395206656,17070997504,3215324209152,3232395206656,17070997504,-1,-1,-1
798,2,200,2,16,16,38183.087288,38363.150503,61.856649,0x4051ce,1,7867456,4658938,3208518,36,100.000000,1,1,182.424670,1.200000,0.800000,monitor,15,7fff,1,1,84164608,85786624,1622016,3215324209152,3232395206656,17070997504,3215324209152,3232395206656,17070997504,-1,-1,-1
798,2,200,3,16,16,38183.090874,38363.216547,65.965878,0x4051ce,1,7982076,5476372,2505704,38,100.000000,1,1,182.424670,1.200000,0.800000,monitor,15,7fff,1,1,84164608,85786624,1622016,3215324209152,3232395206656,17070997504,3215324209152,3232395206656,17070997504,-1,-1,-1
798,2,200,4,16,16,38183.108330,38365.477523,181.196918,0x4051ce,1,21910439,17761416,4149023,40,100.000000,1,1,182.424670,1.200000,0.800000,monitor,15,7fff,1,1,84164608,85786624,1622016,3215324209152,3232395206656,17070997504,3215324209152,3232395206656,17070997504,-1,-1,-1
798,2,200,5,16,16,38183.066036,38365.468844,180.839808,0x4051ce,1,22036170,17561282,4474888,42,100.000000,1,1,182.424670,1.200000,0.800000,monitor,15,7fff,1,1,84164608,85786624,1622016,3215324209152,3232395206656,17070997504,3215324209152,3232395206656,17070997504,-1,-1,-1
798,2,200,6,16,16,38183.070033,38365.358394,171.720453,0x4051ce,1,20608997,17000084,3608913,44,100.000000,1,1,182.424670,1.200000,0.800000,monitor,15,7fff,1,1,84164608,85786624,1622016,3215324209152,3232395206656,17070997504,3215324209152,3232395206656,17070997504,-1,-1,-1
798,2,200,7,16,16,38183.125483,38365.485195,181.542099,0x4051ce,1,22089880,17793875,4296005,46,100.000000,1,1,182.424670,1.200000,0.800000,monitor,15,7fff,1,1,84164608,85786624,1622016,3215324209152,3232395206656,17070997504,3215324209152,3232395206656,17070997504,-1,-1,-1
798,2,200,8,16,16,38183.074857,38365.426460,179.438174,0x4051ce,1,22053049,17380139,4672910,48,100.000000,1,1,182.424670,1.200000,0.800000,monitor,15,7fff,1,1,84164608,85786624,1622016,3215324209152,3232395206656,17070997504,3215324209152,3232395206656,17070997504,-1,-1,-1
798,2,200,9,16,16,38183.116388,38365.347857,172.150841,0x4051ce,1,20601508,17072705,3528803,50,100.000000,1,1,182.424670,1.200000,0.800000,monitor,15,7fff,1,1,84164608,85786624,1622016,3215324209152,3232395206656,17070997504,3215324209152,3232395206656,17070997504,-1,-1,-1
798,2,200,10,16,16,38183.103527,38365.444147,179.728779,0x4051ce,1,22049311,17658481,4390830,52,100.000000,1,1,182.424670,1.200000,0.800000,monitor,15,7fff,1,1,84164608,85786624,1622016,3215324209152,3232395206656,17070997504,3215324209152,3232395206656,17070997504,-1,-1,-1
798,2,200,11,16,16,38183.062964,38365.445633,179.791357,0x4051ce,1,21961016,17556092,4404924,54,100.000000,1,1,182.424670,1.200000,0.800000,monitor,15,7fff,1,1,84164608,85786624,1622016,3215324209152,3232395206656,17070997504,3215324209152,3232395206656,17070997504,-1,-1,-1
798,2,200,12,16,16,38183.060525,38363.221765,70.637143,0x4051ce,1,7906990,6093765,1813225,24,100.000000,1,1,182.424670,1.200000,0.800000,monitor,15,7fff,1,1,84164608,85786624,1622016,3215324209152,3232395206656,17070997504,3215324209152,3232395206656,17070997504,-1,-1,-1
798,2,200,13,16,16,38183.095835,38363.245594,71.627882,0x4051ce,1,7880219,6634091,1246128,58,100.000000,1,1,182.424670,1.200000,0.800000,monitor,15,7fff,1,1,84164608,85786624,1622016,3215324209152,3232395206656,17070997504,3215324209152,3232395206656,17070997504,-1,-1,-1
798,2,200,14,16,16,38183.122039,38363.256194,69.491555,0x4051ce,1,7927304,6066823,1860481,28,100.000000,1,1,182.424670,1.200000,0.800000,monitor,15,7fff,1,1,84164608,85786624,1622016,3215324209152,3232395206656,17070997504,3215324209152,3232395206656,17070997504,-1,-1,-1
798,2,200,15,16,16,38183.079834,38363.211398,59.230992,0x4051ce,1,7806811,4206728,3600083,30,100.000000,1,1,182.424670,1.200000,0.800000,monitor,15,7fff,1,1,84164608,85786624,1622016,3215324209152,3232395206656,17070997504,3215324209152,3232395206656,17070997504,-1,-1,-1
799,3,200,0,16,16,38366.052396,38366.164575,0.112179,0x405218,1,6148,4214,1934,32,100.000000,1,1,1.721339,1.200000,0.800000,monitor,15,7fff,1,1,86327296,84164608,-2162688,3232404938752,3232413589504,8650752,3232404938752,3232413589504,8650752,-1,-1,-1
799,3,200,1,16,16,38366.627207,38366.740713,0.113506,0x405218,1,6457,3986,2471,34,100.000000,1,1,1.721339,1.200000,0.800000,monitor,15,7fff,1,1,86327296,84164608,-2162688,3232404938752,3232413589504,8650752,3232404938752,3232413589504,8650752,-1,-1,-1
799,3,200,2,16,16,38366.035588,38366.150582,0.114994,0x405218,1,8346,4350,3996,36,100.000000,1,1,1.721339,1.200000,0.800000,monitor,15,7fff,1,1,86327296,84164608,-2162688,3232404938752,3232413589504,8650752,3232404938752,3232413589504,8650752,-1,-1,-1
799,3,200,3,16,16,38366.147304,38366.259750,0.112446,0x405218,1,8328,2696,5632,38,100.000000,1,1,1.721339,1.200000,0.800000,monitor,15,7fff,1,1,86327296,84164608,-2162688,3232404938752,3232413589504,8650752,3232404938752,3232413589504,8650752,-1,-1,-1
799,3,200,4,16,16,38366.221652,38366.477950,0.256298,0x405218,1,12367,9321,3046,40,100.000000,1,1,1.721339,1.200000,0.800000,monitor,15,7fff,1,1,86327296,84164608,-2162688,3232404938752,3232413589504,8650752,3232404938752,3232413589504,8650752,-1,-1,-1
799,3,200,5,16,16,38366.616825,38366.881786,0.264961,0x405218,1,17015,8460,8555,42,100.000000,1,1,1.721339,1.200000,0.800000,monitor,15,7fff,1,1,86327296,84164608,-2162688,3232404938752,3232413589504,8650752,3232404938752,3232413589504,8650752,-1,-1,-1
799,3,200,6,16,16,38367.008891,38367.265814,0.256923,0x405218,1,16267,8847,7420,44,100.000000,1,1,1.721339,1.200000,0.800000,monitor,15,7fff,1,1,86327296,84164608,-2162688,3232404938752,3232413589504,8650752,3232404938752,3232413589504,8650752,-1,-1,-1
799,3,200,7,16,16,38367.272995,38367.556024,0.283029,0x405218,1,17173,8171,9002,46,100.000000,1,1,1.721339,1.200000,0.800000,monitor,15,7fff,1,1,86327296,84164608,-2162688,3232404938752,3232413589504,8650752,3232404938752,3232413589504,8650752,-1,-1,-1
799,3,200,8,16,16,38365.834685,38366.083956,0.249271,0x405218,1,12546,8584,3962,48,100.000000,1,1,1.721339,1.200000,0.800000,monitor,15,7fff,1,1,86327296,84164608,-2162688,3232404938752,3232413589504,8650752,3232404938752,3232413589504,8650752,-1,-1,-1
799,3,200,9,16,16,38366.756908,38367.012030,0.255122,0x405218,1,16368,7803,8565,50,100.000000,1,1,1.721339,1.200000,0.800000,monitor,15,7fff,1,1,86327296,84164608,-2162688,3232404938752,3232413589504,8650752,3232404938752,3232413589504,8650752,-1,-1,-1
799,3,200,10,16,16,38366.879647,38367.135662,0.256015,0x405218,1,17146,8565,8581,52,100.000000,1,1,1.721339,1.200000,0.800000,monitor,15,7fff,1,1,86327296,84164608,-2162688,3232404938752,3232413589504,8650752,3232404938752,3232413589504,8650752,-1,-1,-1
799,3,200,11,16,16,38366.047698,38366.305260,0.257562,0x405218,1,17085,8200,8885,54,100.000000,1,1,1.721339,1.200000,0.800000,monitor,15,7fff,1,1,86327296,84164608,-2162688,3232404938752,3232413589504,8650752,3232404938752,3232413589504,8650752,-1,-1,-1
799,3,200,12,16,16,38366.469489,38366.593984,0.124495,0x405218,1,8215,3598,4617,56,100.000000,1,1,1.721339,1.200000,0.800000,monitor,15,7fff,1,1,86327296,84164608,-2162688,3232404938752,3232413589504,8650752,3232404938752,3232413589504,8650752,-1,-1,-1
799,3,200,13,16,16,38366.214467,38366.349446,0.134979,0x405218,1,8247,4432,3815,58,100.000000,1,1,1.721339,1.200000,0.800000,monitor,15,7fff,1,1,86327296,84164608,-2162688,3232404938752,3232413589504,8650752,3232404938752,3232413589504,8650752,-1,-1,-1
799,3,200,14,16,16,38366.348894,38366.461247,0.112353,0x405218,1,8150,3069,5081,28,100.000000,1,1,1.721339,1.200000,0.800000,monitor,15,7fff,1,1,86327296,84164608,-2162688,3232404938752,3232413589504,8650752,3232404938752,3232413589504,8650752,-1,-1,-1
799,3,200,15,16,16,38367.145356,38367.258170,0.112814,0x405218,1,7867,2638,5229,30,100.000000,1,1,1.721339,1.200000,0.800000,monitor,15,7fff,1,1,86327296,84164608,-2162688,3232404938752,3232413589504,8650752,3232404938752,3232413589504,8650752,-1,-1,-1
800,4,200,0,16,16,38367.829777,38367.857496,0.027719,0x4052e4,1,1990,920,1070,32,100.000000,1,1,0.261818,1.200000,0.800000,monitor,15,7fff,1,1,84795392,84525056,-270336,3232416833536,3232418095104,1261568,3232417013760,3232418095104,1081344,-1,-1,-1
800,4,200,1,16,16,38367.836175,38367.862033,0.025858,0x4052e4,1,2403,98,2305,34,100.000000,1,1,0.261818,1.200000,0.800000,monitor,15,7fff,1,1,84795392,84525056,-270336,3232416833536,3232418095104,1261568,3232417013760,3232418095104,1081344,-1,-1,-1
800,4,200,2,16,16,38367.899217,38367.922500,0.023283,0x4052e4,1,1532,861,671,36,100.000000,1,1,0.261818,1.200000,0.800000,monitor,15,7fff,1,1,84795392,84525056,-270336,3232416833536,3232418095104,1261568,3232417013760,3232418095104,1081344,-1,-1,-1
800,4,200,3,16,16,38367.867746,38367.890460,0.022714,0x4052e4,1,1262,552,710,38,100.000000,1,1,0.261818,1.200000,0.800000,monitor,15,7fff,1,1,84795392,84525056,-270336,3232416833536,3232418095104,1261568,3232417013760,3232418095104,1081344,-1,-1,-1
800,4,200,4,16,16,38368.047862,38368.074177,0.026315,0x4052e4,1,2991,300,2691,40,100.000000,1,1,0.261818,1.200000,0.800000,monitor,15,7fff,1,1,84795392,84525056,-270336,3232416833536,3232418095104,1261568,3232417013760,3232418095104,1081344,-1,-1,-1
800,4,200,5,16,16,38367.841888,38367.864340,0.022452,0x4052e4,1,427,336,91,42,100.000000,1,1,0.261818,1.200000,0.800000,monitor,15,7fff,1,1,84795392,84525056,-270336,3232416833536,3232418095104,1261568,3232417013760,3232418095104,1081344,-1,-1,-1
800,4,200,6,16,16,38368.048624,38368.071730,0.023106,0x4052e4,1,563,369,194,44,100.000000,1,1,0.261818,1.200000,0.800000,monitor,15,7fff,1,1,84795392,84525056,-270336,3232416833536,3232418095104,1261568,3232417013760,3232418095104,1081344,-1,-1,-1
800,4,200,7,16,16,38367.850428,38367.873710,0.023282,0x4052e4,1,652,389,263,46,100.000000,1,1,0.261818,1.200000,0.800000,monitor,15,7fff,1,1,84795392,84525056,-270336,3232416833536,3232418095104,1261568,3232417013760,3232418095104,1081344,-1,-1,-1
800,4,200,8,16,16,38367.812359,38367.835346,0.022987,0x4052e4,1,344,303,41,48,100.000000,1,1,0.261818,1.200000,0.800000,monitor,15,7fff,1,1,84795392,84525056,-270336,3232416833536,3232418095104,1261568,3232417013760,3232418095104,1081344,-1,-1,-1
800,4,200,9,16,16,38367.883255,38367.906208,0.022953,0x4052e4,1,545,348,197,50,100.000000,1,1,0.261818,1.200000,0.800000,monitor,15,7fff,1,1,84795392,84525056,-270336,3232416833536,3232418095104,1261568,3232417013760,3232418095104,1081344,-1,-1,-1
800,4,200,10,16,16,38367.817173,38367.840126,0.022953,0x4052e4,1,549,363,186,52,100.000000,1,1,0.261818,1.200000,0.800000,monitor,15,7fff,1,1,84795392,84525056,-270336,3232416833536,3232418095104,1261568,3232417013760,3232418095104,1081344,-1,-1,-1
800,4,200,11,16,16,38367.817427,38367.840350,0.022923,0x4052e4,1,609,417,192,54,100.000000,1,1,0.261818,1.200000,0.800000,monitor,15,7fff,1,1,84795392,84525056,-270336,3232416833536,3232418095104,1261568,3232417013760,3232418095104,1081344,-1,-1,-1
800,4,200,12,16,16,38367.832637,38367.854014,0.021377,0x4052e4,1,860,370,490,56,100.000000,1,1,0.261818,1.200000,0.800000,monitor,15,7fff,1,1,84795392,84525056,-270336,3232416833536,3232418095104,1261568,3232417013760,3232418095104,1081344,-1,-1,-1
800,4,200,13,16,16,38367.822445,38367.844372,0.021927,0x4052e4,1,895,383,512,58,100.000000,1,1,0.261818,1.200000,0.800000,monitor,15,7fff,1,1,84795392,84525056,-270336,3232416833536,3232418095104,1261568,3232417013760,3232418095104,1081344,-1,-1,-1
800,4,200,14,16,16,38367.874412,38367.895800,0.021388,0x4052e4,1,832,353,479,28,100.000000,1,1,0.261818,1.200000,0.800000,monitor,15,7fff,1,1,84795392,84525056,-270336,3232416833536,3232418095104,1261568,3232417013760,3232418095104,1081344,-1,-1,-1
800,4,200,15,16,16,38367.825486,38367.846954,0.021468,0x4052e4,1,929,316,613,30,100.000000,1,1,0.261818,1.200000,0.800000,monitor,15,7fff,1,1,84795392,84525056,-270336,3232416833536,3232418095104,1261568,3232417013760,3232418095104,1081344,-1,-1,-1
801,5,200,0,16,16,38368.242080,38368.260784,0.018704,0x40533c,1,37,2,35,32,100.000000,1,1,0.321441,1.200000,0.800000,monitor,15,7fff,1,1,84885504,84615168,-270336,3232418545664,3232418816000,270336,3232418545664,3232418816000,270336,-1,-1,-1
801,5,200,1,16,16,38368.471086,38368.498326,0.027240,0x40533c,1,1669,124,1545,34,100.000000,1,1,0.321441,1.200000,0.800000,monitor,15,7fff,1,1,84885504,84615168,-270336,3232418545664,3232418816000,270336,3232418545664,3232418816000,270336,-1,-1,-1
801,5,200,2,16,16,38368.477099,38368.499599,0.022500,0x40533c,1,35,0,35,36,100.000000,1,1,0.321441,1.200000,0.800000,monitor,15,7fff,1,1,84885504,84615168,-270336,3232418545664,3232418816000,270336,3232418545664,3232418816000,270336,-1,-1,-1
801,5,200,3,16,16,38368.234519,38368.253677,0.019158,0x40533c,1,25,3,22,38,100.000000,1,1,0.321441,1.200000,0.800000,monitor,15,7fff,1,1,84885504,84615168,-270336,3232418545664,3232418816000,270336,3232418545664,3232418816000,270336,-1,-1,-1
801,5,200,4,16,16,38368.485138,38368.515335,0.030197,0x40533c,1,1083,358,725,40,100.000000,1,1,0.321441,1.200000,0.800000,monitor,15,7fff,1,1,84885504,84615168,-270336,3232418545664,3232418816000,270336,3232418545664,3232418816000,270336,-1,-1,-1
801,5,200,5,16,16,38368.218195,38368.242912,0.024717,0x40533c,1,497,343,154,42,100.000000,1,1,0.321441,1.200000,0.800000,monitor,15,7fff,1,1,84885504,84615168,-270336,3232418545664,3232418816000,270336,3232418545664,3232418816000,270336,-1,-1,-1
801,5,200,6,16,16,38368.210019,38368.234696,0.024677,0x40533c,1,428,295,133,44,100.000000,1,1,0.321441,1.200000,0.800000,monitor,15,7fff,1,1,84885504,84615168,-270336,3232418545664,3232418816000,270336,3232418545664,3232418816000,270336,-1,-1,-1
801,5,200,7,16,16,38368.230163,38368.255648,0.025485,0x40533c,1,623,409,214,46,100.000000,1,1,0.321441,1.200000,0.800000,monitor,15,7fff,1,1,84885504,84615168,-270336,3232418545664,3232418816000,270336,3232418545664,3232418816000,270336,-1,-1,-1
801,5,200,8,16,16,38368.248666,38368.272554,0.023888,0x40533c,1,426,233,193,48,100.000000,1,1,0.321441,1.200000,0.800000,monitor,15,7fff,1,1,84885504,84615168,-270336,3232418545664,3232418816000,270336,3232418545664,3232418816000,270336,-1,-1,-1
801,5,200,9,16,16,38368.493466,38368.517669,0.024203,0x40533c,1,458,225,233,50,100.000000,1,1,0.321441,1.200000,0.800000,monitor,15,7fff,1,1,84885504,84615168,-270336,3232418545664,3232418816000,270336,3232418545664,3232418816000,270336,-1,-1,-1
801,5,200,10,16,16,38368.471121,38368.499041,0.027920,0x40533c,1,523,191,332,52,100.000000,1,1,0.321441,1.200000,0.800000,monitor,15,7fff,1,1,84885504,84615168,-270336,3232418545664,3232418816000,270336,3232418545664,3232418816000,270336,-1,-1,-1
801,5,200,11,16,16,38368.214087,38368.238446,0.024359,0x40533c,1,519,268,251,54,100.000000,1,1,0.321441,1.200000,0.800000,monitor,15,7fff,1,1,84885504,84615168,-270336,3232418545664,3232418816000,270336,3232418545664,3232418816000,270336,-1,-1,-1
801,5,200,12,16,16,38368.206214,38368.225544,0.019330,0x40533c,1,88,10,78,56,100.000000,1,1,0.321441,1.200000,0.800000,monitor,15,7fff,1,1,84885504,84615168,-270336,3232418545664,3232418816000,270336,3232418545664,3232418816000,270336,-1,-1,-1
801,5,200,13,16,16,38368.500347,38368.519249,0.018902,0x40533c,1,47,5,42,58,100.000000,1,1,0.321441,1.200000,0.800000,monitor,15,7fff,1,1,84885504,84615168,-270336,3232418545664,3232418816000,270336,3232418545664,3232418816000,270336,-1,-1,-1
801,5,200,14,16,16,38368.508864,38368.527655,0.018791,0x40533c,1,31,1,30,28,100.000000,1,1,0.321441,1.200000,0.800000,monitor,15,7fff,1,1,84885504,84615168,-270336,3232418545664,3232418816000,270336,3232418545664,3232418816000,270336,-1,-1,-1
801,5,200,15,16,16,38368.222832,38368.241746,0.018914,0x40533c,1,19,0,19,30,100.000000,1,1,0.321441,1.200000,0.800000,monitor,15,7fff,1,1,84885504,84615168,-270336,3232418545664,3232418816000,270336,3232418545664,3232418816000,270336,-1,-1,-1
1198,2,300,0,16,16,57393.265827,57574.044509,60.312930,0x4051ce,1,6937469,4130833,2806636,32,100.000000,1,1,183.338816,1.200000,0.800000,monitor,15,7fff,1,1,84525056,85336064,811008,4915694305280,4932731781120,17037475840,4915694305280,4932731781120,17037475840,-1,-1,-1
1198,2,300,1,16,16,57393.025147,57574.047939,61.125932,0x4051ce,1,7958193,4554906,3403287,34,100.000000,1,1,183.338816,1.200000,0.800000,monitor,15,7fff,1,1,84525056,85336064,811008,4915694305280,4932731781120,17037475840,4915694305280,4932731781120,17037475840,-1,-1,-1
1198,2,300,2,16,16,57393.020131,57574.036247,61.685311,0x4051ce,1,7868858,4651227,3217631,36,100.000000,1,1,183.338816,1.200000,0.800000,monitor,15,7fff,1,1,84525056,85336064,811008,4915694305280,4932731781120,17037475840,4915694305280,4932731781120,17037475840,-1,-1,-1
1198,2,300,3,16,16,57393.038890,57574.068366,65.654094,0x4051ce,1,7982123,5467269,2514854,38,100.000000,1,1,183.338816,1.200000,0.800000,monitor,15,7fff,1,1,84525056,85336064,811008,4915694305280,4932731781120,17037475840,4915694305280,4932731781120,17037475840,-1,-1,-1
1198,2,300,4,16,16,57393.069502,57576.352356,182.379899,0x4051ce,1,21919292,17739405,4179887,40,100.000000,1,1,183.338816,1.200000,0.800000,monitor,15,7fff,1,1,84525056,85336064,811008,4915694305280,4932731781120,17037475840,4915694305280,4932731781120,17037475840,-1,-1,-1
1198,2,300,5,16,16,57393.061858,57576.335881,181.240427,0x4051ce,1,22044900,17512218,4532682,42,100.000000,1,1,183.338816,1.200000,0.800000,monitor,15,7fff,1,1,84525056,85336064,811008,4915694305280,4932731781120,17037475840,4915694305280,4932731781120,17037475840,-1,-1,-1
1198,2,300,6,16,16,57393.092977,57576.225957,172.808289,0x4051ce,1,20616695,17018616,3598079,44,100.000000,1,1,183.338816,1.200000,0.800000,monitor,15,7fff,1,1,84525056,85336064,811008,4915694305280,4932731781120,17037475840,4915694305280,4932731781120,17037475840,-1,-1,-1
1198,2,300,7,16,16,57393.108511,57576.348095,182.037142,0x4051ce,1,22096704,17769126,4327578,46,100.000000,1,1,183.338816,1.200000,0.800000,monitor,15,7fff,1,1,84525056,85336064,811008,4915694305280,4932731781120,17037475840,4915694305280,4932731781120,17037475840,-1,-1,-1
1198,2,300,8,16,16,57393.043347,57576.301549,180.002574,0x4051ce,1,22056704,17395408,4661296,48,100.000000,1,1,183.338816,1.200000,0.800000,monitor,15,7fff,1,1,84525056,85336064,811008,4915694305280,4932731781120,17037475840,4915694305280,4932731781120,17037475840,-1,-1,-1
1198,2,300,9,16,16,57393.085851,57576.216077,172.571023,0x4051ce,1,20609034,17048383,3560651,50,100.000000,1,1,183.338816,1.200000,0.800000,monitor,15,7fff,1,1,84525056,85336064,811008,4915694305280,4932731781120,17037475840,4915694305280,4932731781120,17037475840,-1,-1,-1
1198,2,300,10,16,16,57393.032816,57576.284007,180.253315,0x4051ce,1,22053188,17637174,4416014,52,100.000000,1,1,183.338816,1.200000,0.800000,monitor,15,7fff,1,1,84525056,85336064,811008,4915694305280,4932731781120,17037475840,4915694305280,4932731781120,17037475840,-1,-1,-1
1198,2,300,11,16,16,57393.255876,57576.296401,180.466622,0x4051ce,1,21966729,17583904,4382825,54,100.000000,1,1,183.338816,1.200000,0.800000,monitor,15,7fff,1,1,84525056,85336064,811008,4915694305280,4932731781120,17037475840,4915694305280,4932731781120,17037475840,-1,-1,-1
1198,2,300,12,16,16,57393.053773,57574.096993,69.447191,0x4051ce,1,7103223,5396786,1706437,56,100.000000,1,1,183.338816,1.200000,0.800000,monitor,15,7fff,1,1,84525056,85336064,811008,4915694305280,4932731781120,17037475840,4915694305280,4932731781120,17037475840,-1,-1,-1
1198,2,300,13,16,16,57393.076762,57574.132163,71.356600,0x4051ce,1,7880533,6633930,1246603,58,100.000000,1,1,183.338816,1.200000,0.800000,monitor,15,7fff,1,1,84525056,85336064,811008,4915694305280,4932731781120,17037475840,4915694305280,4932731781120,17037475840,-1,-1,-1
1198,2,300,14,16,16,57393.101965,57574.121127,69.310495,0x4051ce,1,7929014,6072151,1856863,28,100.000000,1,1,183.338816,1.200000,0.800000,monitor,15,7fff,1,1,84525056,85336064,811008,4915694305280,4932731781120,17037475840,4915694305280,4932731781120,17037475840,-1,-1,-1
1198,2,300,15,16,16,57393.013540,57574.049402,58.961929,0x4051ce,1,7802869,4202154,3600715,30,100.000000,1,1,183.338816,1.200000,0.800000,monitor,15,7fff,1,1,84525056,85336064,811008,4915694305280,4932731781120,17037475840,4915694305280,4932731781120,17037475840,-1,-1,-1
1199,3,300,0,16,16,57576.994634,57577.115700,0.121066,0x405218,1,7729,3488,4241,32,100.000000,1,1,0.748406,1.200000,0.800000,monitor,15,7fff,1,1,85786624,85245952,-540672,4932733132800,4932741332992,8200192,4932733132800,4932741332992,8200192,-1,-1,-1
1199,3,300,1,16,16,57577.067478,57577.193723,0.126245,0x405218,1,6332,3944,2388,34,100.000000,1,1,0.748406,1.200000,0.800000,monitor,15,7fff,1,1,85786624,85245952,-540672,4932733132800,4932741332992,8200192,4932733132800,4932741332992,8200192,-1,-1,-1
1199,3,300,2,16,16,57577.028239,57577.162449,0.134210,0x405218,1,6244,3973,2271,36,100.000000,1,1,0.748406,1.200000,0.800000,monitor,15,7fff,1,1,85786624,85245952,-540672,4932733132800,4932741332992,8200192,4932733132800,4932741332992,8200192,-1,-1,-1
1199,3,300,3,16,16,57576.640013,57576.763647,0.123634,0x405218,1,5425,4273,1152,38,100.000000,1,1,0.748406,1.200000,0.800000,monitor,15,7fff,1,1,85786624,85245952,-540672,4932733132800,4932741332992,8200192,4932733132800,4932741332992,8200192,-1,-1,-1
1199,3,300,4,16,16,57576.991397,57577.271857,0.280460,0x405218,1,12402,8727,3675,40,100.000000,1,1,0.748406,1.200000,0.800000,monitor,15,7fff,1,1,85786624,85245952,-540672,4932733132800,4932741332992,8200192,4932733132800,4932741332992,8200192,-1,-1,-1
1199,3,300,5,16,16,57577.054449,57577.342786,0.288337,0x405218,1,12483,8993,3490,42,100.000000,1,1,0.748406,1.200000,0.800000,monitor,15,7fff,1,1,85786624,85245952,-540672,4932733132800,4932741332992,8200192,4932733132800,4932741332992,8200192,-1,-1,-1
1199,3,300,6,16,16,57577.111521,57577.388419,0.276898,0x405218,1,12234,9081,3153,44,100.000000,1,1,0.748406,1.200000,0.800000,monitor,15,7fff,1,1,85786624,85245952,-540672,4932733132800,4932741332992,8200192,4932733132800,4932741332992,8200192,-1,-1,-1
1199,3,300,7,16,16,57577.001929,57577.292334,0.290405,0x405218,1,12509,9044,3465,46,100.000000,1,1,0.748406,1.200000,0.800000,monitor,15,7fff,1,1,85786624,85245952,-540672,4932733132800,4932741332992,8200192,4932733132800,4932741332992,8200192,-1,-1,-1
1199,3,300,8,16,16,57576.984206,57577.259330,0.275124,0x405218,1,12514,8617,3897,48,100.000000,1,1,0.748406,1.200000,0.800000,monitor,15,7fff,1,1,85786624,85245952,-540672,4932733132800,4932741332992,8200192,4932733132800,4932741332992,8200192,-1,-1,-1
1199,3,300,9,16,16,57577.015563,57577.292536,0.276973,0x405218,1,12254,9108,3146,50,100.000000,1,1,0.748406,1.200000,0.800000,monitor,15,7fff,1,1,85786624,85245952,-540672,4932733132800,4932741332992,8200192,4932733132800,4932741332992,8200192,-1,-1,-1
1199,3,300,10,16,16,57577.041611,57577.318685,0.277074,0x405218,1,12680,9385,3295,52,100.000000,1,1,0.748406,1.200000,0.800000,monitor,15,7fff,1,1,85786624,85245952,-540672,4932733132800,4932741332992,8200192,4932733132800,4932741332992,8200192,-1,-1,-1
1199,3,300,11,16,16,57576.981729,57577.283959,0.302230,0x405218,1,17795,8415,9380,54,100.000000,1,1,0.748406,1.200000,0.800000,monitor,15,7fff,1,1,85786624,85245952,-540672,4932733132800,4932741332992,8200192,4932733132800,4932741332992,8200192,-1,-1,-1
1199,3,300,12,16,16,57576.997228,57577.169721,0.172493,0x405218,1,5687,4265,1422,56,100.000000,1,1,0.748406,1.200000,0.800000,monitor,15,7fff,1,1,85786624,85245952,-540672,4932733132800,4932741332992,8200192,4932733132800,4932741332992,8200192,-1,-1,-1
1199,3,300,13,16,16,57577.119357,57577.268445,0.149088,0x405218,1,5625,4857,768,58,100.000000,1,1,0.748406,1.200000,0.800000,monitor,15,7fff,1,1,85786624,85245952,-540672,4932733132800,4932741332992,8200192,4932733132800,4932741332992,8200192,-1,-1,-1
1199,3,300,14,16,16,57577.080690,57577.215945,0.135255,0x405218,1,5536,3898,1638,28,100.000000,1,1,0.748406,1.200000,0.800000,monitor,15,7fff,1,1,85786624,85245952,-540672,4932733132800,4932741332992,8200192,4932733132800,4932741332992,8200192,-1,-1,-1
1199,3,300,15,16,16,57577.097520,57577.206371,0.108851,0x405218,1,5204,2657,2547,30,100.000000,1,1,0.748406,1.200000,0.800000,monitor,15,7fff,1,1,85786624,85245952,-540672,4932733132800,4932741332992,8200192,4932733132800,4932741332992,8200192,-1,-1,-1
1200,4,300,0,16,16,57577.790493,57577.820515,0.030022,0x4052e4,1,2376,1473,903,32,100.000000,1,1,0.137383,1.200000,0.800000,monitor,15,7fff,1,1,85155840,85065728,-90112,4932742955008,4932743766016,811008,4932742955008,4932743766016,811008,-1,-1,-1
1200,4,300,1,16,16,57577.695448,57577.716376,0.020928,0x4052e4,1,221,195,26,34,100.000000,1,1,0.137383,1.200000,0.800000,monitor,15,7fff,1,1,85155840,85065728,-90112,4932742955008,4932743766016,811008,4932742955008,4932743766016,811008,-1,-1,-1
1200,4,300,2,16,16,57577.780473,57577.801371,0.020898,0x4052e4,1,202,168,34,36,100.000000,1,1,0.137383,1.200000,0.800000,monitor,15,7fff,1,1,85155840,85065728,-90112,4932742955008,4932743766016,811008,4932742955008,4932743766016,811008,-1,-1,-1
1200,4,300,3,16,16,57577.692690,57577.713308,0.020618,0x4052e4,1,318,289,29,38,100.000000,1,1,0.137383,1.200000,0.800000,monitor,15,7fff,1,1,85155840,85065728,-90112,4932742955008,4932743766016,811008,4932742955008,4932743766016,811008,-1,-1,-1
1200,4,300,4,16,16,57577.807358,57577.830073,0.022715,0x4052e4,1,281,238,43,40,100.000000,1,1,0.137383,1.200000,0.800000,monitor,15,7fff,1,1,85155840,85065728,-90112,4932742955008,4932743766016,811008,4932742955008,4932743766016,811008,-1,-1,-1
1200,4,300,5,16,16,57577.742765,57577.765341,0.022576,0x4052e4,1,306,262,44,42,100.000000,1,1,0.137383,1.200000,0.800000,monitor,15,7fff,1,1,85155840,85065728,-90112,4932742955008,4932743766016,811008,4932742955008,4932743766016,811008,-1,-1,-1
1200,4,300,6,16,16,57577.714324,57577.736817,0.022493,0x4052e4,1,292,244,48,44,100.000000,1,1,0.137383,1.200000,0.800000,monitor,15,7fff,1,1,85155840,85065728,-90112,4932742955008,4932743766016,811008,4932742955008,4932743766016,811008,-1,-1,-1
1200,4,300,7,16,16,57577.733577,57577.756233,0.022656,0x4052e4,1,346,297,49,46,100.000000,1,1,0.137383,1.200000,0.800000,monitor,15,7fff,1,1,85155840,85065728,-90112,4932742955008,4932743766016,811008,4932742955008,4932743766016,811008,-1,-1,-1
1200,4,300,8,16,16,57577.704813,57577.728545,0.023732,0x4052e4,1,289,238,51,48,100.000000,1,1,0.137383,1.200000,0.800000,monitor,15,7fff,1,1,85155840,85065728,-90112,4932742955008,4932743766016,811008,4932742955008,4932743766016,811008,-1,-1,-1
1200,4,300,9,16,16,57577.771585,57577.794658,0.023073,0x4052e4,1,298,264,34,50,100.000000,1,1,0.137383,1.200000,0.800000,monitor,15,7fff,1,1,85155840,85065728,-90112,4932742955008,4932743766016,811008,4932742955008,4932743766016,811008,-1,-1,-1
1200,4,300,10,16,16,57577.704888,57577.728082,0.023194,0x4052e4,1,375,332,43,52,100.000000,1,1,0.137383,1.200000,0.800000,monitor,15,7fff,1,1,85155840,85065728,-90112,4932742955008,4932743766016,811008,4932742955008,4932743766016,811008,-1,-1,-1
1200,4,300,11,16,16,57577.698267,57577.722750,0.024483,0x4052e4,1,651,407,244,54,100.000000,1,1,0.137383,1.200000,0.800000,monitor,15,7fff,1,1,85155840,85065728,-90112,4932742955008,4932743766016,811008,4932742955008,4932743766016,811008,-1,-1,-1
1200,4,300,12,16,16,57577.723857,57577.744590,0.020733,0x4052e4,1,33,17,16,56,100.000000,1,1,0.137383,1.200000,0.800000,monitor,15,7fff,1,1,85155840,85065728,-90112,4932742955008,4932743766016,811008,4932742955008,4932743766016,811008,-1,-1,-1
1200,4,300,13,16,16,57577.798415,57577.818807,0.020392,0x4052e4,1,176,140,36,58,100.000000,1,1,0.137383,1.200000,0.800000,monitor,15,7fff,1,1,85155840,85065728,-90112,4932742955008,4932743766016,811008,4932742955008,4932743766016,811008,-1,-1,-1
1200,4,300,14,16,16,57577.751999,57577.772555,0.020556,0x4052e4,1,134,111,23,28,100.000000,1,1,0.137383,1.200000,0.800000,monitor,15,7fff,1,1,85155840,85065728,-90112,4932742955008,4932743766016,811008,4932742955008,4932743766016,811008,-1,-1,-1
1200,4,300,15,16,16,57577.761637,57577.781875,0.020238,0x4052e4,1,130,112,18,30,100.000000,1,1,0.137383,1.200000,0.800000,monitor,15,7fff,1,1,85155840,85065728,-90112,4932742955008,4932743766016,811008,4932742955008,4932743766016,811008,-1,-1,-1
1201,5,300,0,16,16,57577.981113,57578.001535,0.020422,0x40533c,1,30,1,29,32,100.000000,1,1,0.075281,1.200000,0.800000,monitor,15,7fff,1,1,85245952,85245952,0,4932743946240,4932744306688,360448,4932743946240,4932744306688,360448,-1,-1,-1
1201,5,300,1,16,16,57578.013364,57578.033225,0.019861,0x40533c,1,112,50,62,34,100.000000,1,1,0.075281,1.200000,0.800000,monitor,15,7fff,1,1,85245952,85245952,0,4932743946240,4932744306688,360448,4932743946240,4932744306688,360448,-1,-1,-1
1201,5,300,2,16,16,57577.989139,57578.009049,0.019910,0x40533c,1,121,52,69,36,100.000000,1,1,0.075281,1.200000,0.800000,monitor,15,7fff,1,1,85245952,85245952,0,4932743946240,4932744306688,360448,4932743946240,4932744306688,360448,-1,-1,-1
1201,5,300,3,16,16,57577.992399,57578.012353,0.019954,0x40533c,1,32,0,32,38,100.000000,1,1,0.075281,1.200000,0.800000,monitor,15,7fff,1,1,85245952,85245952,0,4932743946240,4932744306688,360448,4932743946240,4932744306688,360448,-1,-1,-1
1201,5,300,4,16,16,57577.977169,57578.002642,0.025473,0x40533c,1,407,319,88,40,100.000000,1,1,0.075281,1.200000,0.800000,monitor,15,7fff,1,1,85245952,85245952,0,4932743946240,4932744306688,360448,4932743946240,4932744306688,360448,-1,-1,-1
1201,5,300,5,16,16,57577.999000,57578.024161,0.025161,0x40533c,1,647,489,158,42,100.000000,1,1,0.075281,1.200000,0.800000,monitor,15,7fff,1,1,85245952,85245952,0,4932743946240,4932744306688,360448,4932743946240,4932744306688,360448,-1,-1,-1
1201,5,300,6,16,16,57578.004551,57578.029404,0.024853,0x40533c,1,628,389,239,44,100.000000,1,1,0.075281,1.200000,0.800000,monitor,15,7fff,1,1,85245952,85245952,0,4932743946240,4932744306688,360448,4932743946240,4932744306688,360448,-1,-1,-1
1201,5,300,7,16,16,57577.999519,57578.024755,0.025236,0x40533c,1,643,410,233,46,100.000000,1,1,0.075281,1.200000,0.800000,monitor,15,7fff,1,1,85245952,85245952,0,4932743946240,4932744306688,360448,4932743946240,4932744306688,360448,-1,-1,-1
1201,5,300,8,16,16,57578.022859,57578.047936,0.025077,0x40533c,1,722,473,249,48,100.000000,1,1,0.075281,1.200000,0.800000,monitor,15,7fff,1,1,85245952,85245952,0,4932743946240,4932744306688,360448,4932743946240,4932744306688,360448,-1,-1,-1
1201,5,300,9,16,16,57578.006230,57578.031052,0.024822,0x40533c,1,659,394,265,50,100.000000,1,1,0.075281,1.200000,0.800000,monitor,15,7fff,1,1,85245952,85245952,0,4932743946240,4932744306688,360448,4932743946240,4932744306688,360448,-1,-1,-1
1201,5,300,10,16,16,57577.985709,57578.010925,0.025216,0x40533c,1,511,190,321,52,100.000000,1,1,0.075281,1.200000,0.800000,monitor,15,7fff,1,1,85245952,85245952,0,4932743946240,4932744306688,360448,4932743946240,4932744306688,360448,-1,-1,-1
1201,5,300,11,16,16,57577.995906,57578.021566,0.025660,0x40533c,1,788,417,371,54,100.000000,1,1,0.075281,1.200000,0.800000,monitor,15,7fff,1,1,85245952,85245952,0,4932743946240,4932744306688,360448,4932743946240,4932744306688,360448,-1,-1,-1
1201,5,300,12,16,16,57577.976256,57577.996841,0.020585,0x40533c,1,21,1,20,56,100.000000,1,1,0.075281,1.200000,0.800000,monitor,15,7fff,1,1,85245952,85245952,0,4932743946240,4932744306688,360448,4932743946240,4932744306688,360448,-1,-1,-1
1201,5,300,13,16,16,57577.983699,57578.003795,0.020096,0x40533c,1,94,44,50,58,100.000000,1,1,0.075281,1.200000,0.800000,monitor,15,7fff,1,1,85245952,85245952,0,4932743946240,4932744306688,360448,4932743946240,4932744306688,360448,-1,-1,-1
1201,5,300,14,16,16,57578.030965,57578.051537,0.020572,0x40533c,1,87,40,47,28,100.000000,1,1,0.075281,1.200000,0.800000,monitor,15,7fff,1,1,85245952,85245952,0,4932743946240,4932744306688,360448,4932743946240,4932744306688,360448,-1,-1,-1
1201,5,300,15,16,16,57577.991992,57578.012159,0.020167,0x40533c,1,75,25,50,30,100.000000,1,1,0.075281,1.200000,0.800000,monitor,15,7fff,1,1,85245952,85245952,0,4932743946240,4932744306688,360448,4932743946240,4932744306688,360448,-1,-1,-1
1598,2,400,0,16,16,76518.036284,76709.312868,59.359772,0x4051ce,1,6924966,4098569,2826397,0,100.000000,1,1,194.211627,1.200000,0.800000,monitor,15,7fff,1,1,85606400,84975616,-630784,6611832111104,6628647460864,16815349760,6611832111104,6628647460864,16815349760,-1,-1,-1
1598,2,400,1,16,16,76517.874985,76709.307272,60.609394,0x4051ce,1,7970832,4528983,3441849,34,100.000000,1,1,194.211627,1.200000,0.800000,monitor,15,7fff,1,1,85606400,84975616,-630784,6611832111104,6628647460864,16815349760,6611832111104,6628647460864,16815349760,-1,-1,-1
1598,2,400,2,16,16,76518.008355,76709.305606,61.134529,0x4051ce,1,7872914,4633194,3239720,36,100.000000,1,1,194.211627,1.200000,0.800000,monitor,15,7fff,1,1,85606400,84975616,-630784,6611832111104,6628647460864,16815349760,6611832111104,6628647460864,16815349760,-1,-1,-1
1598,2,400,3,16,16,76518.044535,76709.364235,65.076299,0x4051ce,1,7072657,4774913,2297744,38,100.000000,1,1,194.211627,1.200000,0.800000,monitor,15,7fff,1,1,85606400,84975616,-630784,6611832111104,6628647460864,16815349760,6611832111104,6628647460864,16815349760,-1,-1,-1
1598,2,400,4,16,16,76517.749243,76711.571612,180.554306,0x4051ce,1,21772516,17588208,4184308,40,100.000000,1,1,194.211627,1.200000,0.800000,monitor,15,7fff,1,1,85606400,84975616,-630784,6611832111104,6628647460864,16815349760,6611832111104,6628647460864,16815349760,-1,-1,-1
1598,2,400,5,16,16,76517.562747,76711.774094,193.798337,0x4051ce,1,20910502,16522975,4387527,42,100.000000,1,1,194.211627,1.200000,0.800000,monitor,15,7fff,1,1,85606400,84975616,-630784,6611832111104,6628647460864,16815349760,6611832111104,6628647460864,16815349760,-1,-1,-1
1598,2,400,6,16,16,76518.028827,76711.466232,170.700239,0x4051ce,1,20465581,16827865,3637716,44,100.000000,1,1,194.211627,1.200000,0.800000,monitor,15,7fff,1,1,85606400,84975616,-630784,6611832111104,6628647460864,16815349760,6611832111104,6628647460864,16815349760,-1,-1,-1
1598,2,400,7,16,16,76518.015227,76711.580207,179.913540,0x4051ce,1,21952151,17652183,4299968,46,100.000000,1,1,194.211627,1.200000,0.800000,monitor,15,7fff,1,1,85606400,84975616,-630784,6611832111104,6628647460864,16815349760,6611832111104,6628647460864,16815349760,-1,-1,-1
1598,2,400,8,16,16,76518.051885,76711.535024,178.403607,0x4051ce,1,21905822,17331702,4574120,48,100.000000,1,1,194.211627,1.200000,0.800000,monitor,15,7fff,1,1,85606400,84975616,-630784,6611832111104,6628647460864,16815349760,6611832111104,6628647460864,16815349760,-1,-1,-1
1598,2,400,9,16,16,76518.062430,76711.439927,171.087263,0x4051ce,1,20463265,16968654,3494611,50,100.000000,1,1,194.211627,1.200000,0.800000,monitor,15,7fff,1,1,85606400,84975616,-630784,6611832111104,6628647460864,16815349760,6611832111104,6628647460864,16815349760,-1,-1,-1
1598,2,400,10,16,16,76518.020079,76711.540535,178.673420,0x4051ce,1,21906036,17539691,4366345,52,100.000000,1,1,194.211627,1.200000,0.800000,monitor,15,7fff,1,1,85606400,84975616,-630784,6611832111104,6628647460864,16815349760,6611832111104,6628647460864,16815349760,-1,-1,-1
1598,2,400,11,16,16,76518.068901,76711.546928,178.920802,0x4051ce,1,21818385,17495468,4322917,54,100.000000,1,1,194.211627,1.200000,0.800000,monitor,15,7fff,1,1,85606400,84975616,-630784,6611832111104,6628647460864,16815349760,6611832111104,6628647460864,16815349760,-1,-1,-1
1598,2,400,12,16,16,76517.562467,76709.354537,69.425138,0x4051ce,1,7913274,6108259,1805015,56,100.000000,1,1,194.211627,1.200000,0.800000,monitor,15,7fff,1,1,85606400,84975616,-630784,6611832111104,6628647460864,16815349760,6611832111104,6628647460864,16815349760,-1,-1,-1
1598,2,400,13,16,16,76518.057479,76709.407313,70.600042,0x4051ce,1,7885676,6617702,1267974,58,100.000000,1,1,194.211627,1.200000,0.800000,monitor,15,7fff,1,1,85606400,84975616,-630784,6611832111104,6628647460864,16815349760,6611832111104,6628647460864,16815349760,-1,-1,-1
1598,2,400,14,16,16,76518.000954,76709.406018,68.718254,0x4051ce,1,7936601,6050517,1886084,60,100.000000,1,1,194.211627,1.200000,0.800000,monitor,15,7fff,1,1,85606400,84975616,-630784,6611832111104,6628647460864,16815349760,6611832111104,6628647460864,16815349760,-1,-1,-1
1598,2,400,15,16,16,76517.870654,76709.330012,58.495347,0x4051ce,1,7811002,4165322,3645680,62,100.000000,1,1,194.211627,1.200000,0.800000,monitor,15,7fff,1,1,85606400,84975616,-630784,6611832111104,6628647460864,16815349760,6611832111104,6628647460864,16815349760,-1,-1,-1
1599,3,400,0,16,16,76711.999562,76712.124022,0.124460,0x405218,1,6010,3809,2201,0,100.000000,1,1,1.218039,1.200000,0.800000,monitor,15,7fff,1,1,85516288,84344832,-1171456,6628648632320,6628662509568,13877248,6628648992768,6628662509568,13516800,-1,-1,-1
1599,3,400,1,16,16,76712.078289,76712.183657,0.105368,0x405218,1,6594,4079,2515,34,100.000000,1,1,1.218039,1.200000,0.800000,monitor,15,7fff,1,1,85516288,84344832,-1171456,6628648632320,6628662509568,13877248,6628648992768,6628662509568,13516800,-1,-1,-1
1599,3,400,2,16,16,76712.294516,76712.411985,0.117469,0x405218,1,8119,3276,4843,36,100.000000,1,1,1.218039,1.200000,0.800000,monitor,15,7fff,1,1,85516288,84344832,-1171456,6628648632320,6628662509568,13877248,6628648992768,6628662509568,13516800,-1,-1,-1
1599,3,400,3,16,16,76712.011899,76712.154940,0.143041,0x405218,1,4931,3650,1281,38,100.000000,1,1,1.218039,1.200000,0.800000,monitor,15,7fff,1,1,85516288,84344832,-1171456,6628648632320,6628662509568,13877248,6628648992768,6628662509568,13516800,-1,-1,-1
1599,3,400,4,16,16,76712.322151,76712.585748,0.263597,0x405218,1,12345,8430,3915,40,100.000000,1,1,1.218039,1.200000,0.800000,monitor,15,7fff,1,1,85516288,84344832,-1171456,6628648632320,6628662509568,13877248,6628648992768,6628662509568,13516800,-1,-1,-1
1599,3,400,5,16,16,76712.455422,76712.735040,0.279618,0x405218,1,16718,8149,8569,42,100.000000,1,1,1.218039,1.200000,0.800000,monitor,15,7fff,1,1,85516288,84344832,-1171456,6628648632320,6628662509568,13877248,6628648992768,6628662509568,13516800,-1,-1,-1
1599,3,400,6,16,16,76712.007289,76712.264915,0.257626,0x405218,1,12199,8800,3399,44,100.000000,1,1,1.218039,1.200000,0.800000,monitor,15,7fff,1,1,85516288,84344832,-1171456,6628648632320,6628662509568,13877248,6628648992768,6628662509568,13516800,-1,-1,-1
1599,3,400,7,16,16,76712.940151,76713.216068,0.275917,0x405218,1,17027,8258,8769,46,100.000000,1,1,1.218039,1.200000,0.800000,monitor,15,7fff,1,1,85516288,84344832,-1171456,6628648632320,6628662509568,13877248,6628648992768,6628662509568,13516800,-1,-1,-1
1599,3,400,8,16,16,76712.810413,76713.068644,0.258231,0x405218,1,16905,8205,8700,48,100.000000,1,1,1.218039,1.200000,0.800000,monitor,15,7fff,1,1,85516288,84344832,-1171456,6628648632320,6628662509568,13877248,6628648992768,6628662509568,13516800,-1,-1,-1
1599,3,400,9,16,16,76712.605926,76712.861804,0.255878,0x405218,1,16229,8171,8058,50,100.000000,1,1,1.218039,1.200000,0.800000,monitor,15,7fff,1,1,85516288,84344832,-1171456,6628648632320,6628662509568,13877248,6628648992768,6628662509568,13516800,-1,-1,-1
1599,3,400,10,16,16,76712.463023,76712.730549,0.267526,0x405218,1,12650,9411,3239,52,100.000000,1,1,1.218039,1.200000,0.800000,monitor,15,7fff,1,1,85516288,84344832,-1171456,6628648632320,6628662509568,13877248,6628648992768,6628662509568,13516800,-1,-1,-1
1599,3,400,11,16,16,76712.042524,76712.374667,0.332143,0x405218,1,12099,7556,4543,54,100.000000,1,1,1.218039,1.200000,0.800000,monitor,15,7fff,1,1,85516288,84344832,-1171456,6628648632320,6628662509568,13877248,6628648992768,6628662509568,13516800,-1,-1,-1
1599,3,400,12,16,16,76712.031035,76712.201064,0.170029,0x405218,1,7842,5047,2795,56,100.000000,1,1,1.218039,1.200000,0.800000,monitor,15,7fff,1,1,85516288,84344832,-1171456,6628648632320,6628662509568,13877248,6628648992768,6628662509568,13516800,-1,-1,-1
1599,3,400,13,16,16,76712.300411,76712.436913,0.136502,0x405218,1,5416,4398,1018,58,100.000000,1,1,1.218039,1.200000,0.800000,monitor,15,7fff,1,1,85516288,84344832,-1171456,6628648632320,6628662509568,13877248,6628648992768,6628662509568,13516800,-1,-1,-1
1599,3,400,14,16,16,76713.092601,76713.217601,0.125000,0x405218,1,8183,3880,4303,60,100.000000,1,1,1.218039,1.200000,0.800000,monitor,15,7fff,1,1,85516288,84344832,-1171456,6628648632320,6628662509568,13877248,6628648992768,6628662509568,13516800,-1,-1,-1
1599,3,400,15,16,16,76712.062186,76712.168658,0.106472,0x405218,1,5639,3209,2430,62,100.000000,1,1,1.218039,1.200000,0.800000,monitor,15,7fff,1,1,85516288,84344832,-1171456,6628648632320,6628662509568,13877248,6628648992768,6628662509568,13516800,-1,-1,-1
1600,4,400,0,16,16,76713.572312,76713.602974,0.030662,0x4052e4,1,2594,1166,1428,0,100.000000,1,1,0.738220,1.200000,0.800000,monitor,15,7fff,1,1,84975616,84164608,-811008,6628665032704,6628672872448,7839744,6628665303040,6628672872448,7569408,-1,-1,-1
1600,4,400,1,16,16,76713.556828,76713.586021,0.029193,0x4052e4,1,2532,126,2406,34,100.000000,1,1,0.738220,1.200000,0.800000,monitor,15,7fff,1,1,84975616,84164608,-811008,6628665032704,6628672872448,7839744,6628665303040,6628672872448,7569408,-1,-1,-1
1600,4,400,2,16,16,76713.510587,76713.560396,0.049809,0x4052e4,1,1182,652,530,36,100.000000,1,1,0.738220,1.200000,0.800000,monitor,15,7fff,1,1,84975616,84164608,-811008,6628665032704,6628672872448,7839744,6628665303040,6628672872448,7569408,-1,-1,-1
1600,4,400,3,16,16,76713.820041,76713.845194,0.025153,0x4052e4,1,2867,385,2482,38,100.000000,1,1,0.738220,1.200000,0.800000,monitor,15,7fff,1,1,84975616,84164608,-811008,6628665032704,6628672872448,7839744,6628665303040,6628672872448,7569408,-1,-1,-1
1600,4,400,4,16,16,76713.507278,76713.541263,0.033985,0x4052e4,1,375,290,85,40,100.000000,1,1,0.738220,1.200000,0.800000,monitor,15,7fff,1,1,84975616,84164608,-811008,6628665032704,6628672872448,7839744,6628665303040,6628672872448,7569408,-1,-1,-1
1600,4,400,5,16,16,76713.544060,76713.570811,0.026751,0x4052e4,1,486,355,131,42,100.000000,1,1,0.738220,1.200000,0.800000,monitor,15,7fff,1,1,84975616,84164608,-811008,6628665032704,6628672872448,7839744,6628665303040,6628672872448,7569408,-1,-1,-1
1600,4,400,6,16,16,76713.834775,76713.860708,0.025933,0x4052e4,1,3057,362,2695,44,100.000000,1,1,0.738220,1.200000,0.800000,monitor,15,7fff,1,1,84975616,84164608,-811008,6628665032704,6628672872448,7839744,6628665303040,6628672872448,7569408,-1,-1,-1
1600,4,400,7,16,16,76713.530977,76713.565108,0.034131,0x4052e4,1,629,394,235,46,100.000000,1,1,0.738220,1.200000,0.800000,monitor,15,7fff,1,1,84975616,84164608,-811008,6628665032704,6628672872448,7839744,6628665303040,6628672872448,7569408,-1,-1,-1
1600,4,400,8,16,16,76713.521332,76713.548821,0.027489,0x4052e4,1,444,301,143,48,100.000000,1,1,0.738220,1.200000,0.800000,monitor,15,7fff,1,1,84975616,84164608,-811008,6628665032704,6628672872448,7839744,6628665303040,6628672872448,7569408,-1,-1,-1
1600,4,400,9,16,16,76713.554526,76713.578907,0.024381,0x4052e4,1,514,363,151,50,100.000000,1,1,0.738220,1.200000,0.800000,monitor,15,7fff,1,1,84975616,84164608,-811008,6628665032704,6628672872448,7839744,6628665303040,6628672872448,7569408,-1,-1,-1
1600,4,400,10,16,16,76714.215847,76714.245498,0.029651,0x4052e4,1,3289,400,2889,52,100.000000,1,1,0.738220,1.200000,0.800000,monitor,15,7fff,1,1,84975616,84164608,-811008,6628665032704,6628672872448,7839744,6628665303040,6628672872448,7569408,-1,-1,-1
1600,4,400,11,16,16,76714.164657,76714.192562,0.027905,0x4052e4,1,3107,763,2344,54,100.000000,1,1,0.738220,1.200000,0.800000,monitor,15,7fff,1,1,84975616,84164608,-811008,6628665032704,6628672872448,7839744,6628665303040,6628672872448,7569408,-1,-1,-1
1600,4,400,12,16,16,76713.935373,76713.960354,0.024981,0x4052e4,1,2838,326,2512,56,100.000000,1,1,0.738220,1.200000,0.800000,monitor,15,7fff,1,1,84975616,84164608,-811008,6628665032704,6628672872448,7839744,6628665303040,6628672872448,7569408,-1,-1,-1
1600,4,400,13,16,16,76714.022728,76714.047035,0.024307,0x4052e4,1,2717,271,2446,58,100.000000,1,1,0.738220,1.200000,0.800000,monitor,15,7fff,1,1,84975616,84164608,-811008,6628665032704,6628672872448,7839744,6628665303040,6628672872448,7569408,-1,-1,-1
1600,4,400,14,16,16,76713.576022,76713.598899,0.022877,0x4052e4,1,823,393,430,60,100.000000,1,1,0.738220,1.200000,0.800000,monitor,15,7fff,1,1,84975616,84164608,-811008,6628665032704,6628672872448,7839744,6628665303040,6628672872448,7569408,-1,-1,-1
1600,4,400,15,16,16,76714.077447,76714.103998,0.026551,0x4052e4,1,2864,271,2593,62,100.000000,1,1,0.738220,1.200000,0.800000,monitor,15,7fff,1,1,84975616,84164608,-811008,6628665032704,6628672872448,7839744,6628665303040,6628672872448,7569408,-1,-1,-1
1601,5,400,0,16,16,76714.386582,76714.408497,0.021915,0x40533c,1,1448,30,1418,0,100.000000,1,1,0.321911,1.200000,0.800000,monitor,15,7fff,1,1,84885504,83984384,-901120,6628672962560,6628673323008,360448,6628672962560,6628673323008,360448,-1,-1,-1
1601,5,400,1,16,16,76714.587206,76714.609862,0.022656,0x40533c,1,1565,97,1468,34,100.000000,1,1,0.321911,1.200000,0.800000,monitor,15,7fff,1,1,84885504,83984384,-901120,6628672962560,6628673323008,360448,6628672962560,6628673323008,360448,-1,-1,-1
1601,5,400,2,16,16,76714.671555,76714.691769,0.020214,0x40533c,1,32,0,32,36,100.000000,1,1,0.321911,1.200000,0.800000,monitor,15,7fff,1,1,84885504,83984384,-901120,6628672962560,6628673323008,360448,6628672962560,6628673323008,360448,-1,-1,-1
1601,5,400,3,16,16,76714.649303,76714.670431,0.021128,0x40533c,1,634,66,568,38,100.000000,1,1,0.321911,1.200000,0.800000,monitor,15,7fff,1,1,84885504,83984384,-901120,6628672962560,6628673323008,360448,6628672962560,6628673323008,360448,-1,-1,-1
1601,5,400,4,16,16,76714.382753,76714.410007,0.027254,0x40533c,1,535,408,127,40,100.000000,1,1,0.321911,1.200000,0.800000,monitor,15,7fff,1,1,84885504,83984384,-901120,6628672962560,6628673323008,360448,6628672962560,6628673323008,360448,-1,-1,-1
1601,5,400,5,16,16,76714.389343,76714.416257,0.026914,0x40533c,1,422,309,113,42,100.000000,1,1,0.321911,1.200000,0.800000,monitor,15,7fff,1,1,84885504,83984384,-901120,6628672962560,6628673323008,360448,6628672962560,6628673323008,360448,-1,-1,-1
1601,5,400,6,16,16,76714.590003,76714.617111,0.027108,0x40533c,1,1364,494,870,44,100.000000,1,1,0.321911,1.200000,0.800000,monitor,15,7fff,1,1,84885504,83984384,-901120,6628672962560,6628673323008,360448,6628672962560,6628673323008,360448,-1,-1,-1
1601,5,400,7,16,16,76714.395427,76714.422106,0.026679,0x40533c,1,587,354,233,46,100.000000,1,1,0.321911,1.200000,0.800000,monitor,15,7fff,1,1,84885504,83984384,-901120,6628672962560,6628673323008,360448,6628672962560,6628673323008,360448,-1,-1,-1
1601,5,400,8,16,16,76714.387156,76714.413849,0.026693,0x40533c,1,415,221,194,48,100.000000,1,1,0.321911,1.200000,0.800000,monitor,15,7fff,1,1,84885504,83984384,-901120,6628672962560,6628673323008,360448,6628672962560,6628673323008,360448,-1,-1,-1
1601,5,400,9,16,16,76714.678298,76714.704664,0.026366,0x40533c,1,489,270,219,50,100.000000,1,1,0.321911,1.200000,0.800000,monitor,15,7fff,1,1,84885504,83984384,-901120,6628672962560,6628673323008,360448,6628672962560,6628673323008,360448,-1,-1,-1
1601,5,400,10,16,16,76714.666712,76714.693991,0.027279,0x40533c,1,1907,427,1480,52,100.000000,1,1,0.321911,1.200000,0.800000,monitor,15,7fff,1,1,84885504,83984384,-901120,6628672962560,6628673323008,360448,6628672962560,6628673323008,360448,-1,-1,-1
1601,5,400,11,16,16,76714.632038,76714.659777,0.027739,0x40533c,1,1441,596,845,54,100.000000,1,1,0.321911,1.200000,0.800000,monitor,15,7fff,1,1,84885504,83984384,-901120,6628672962560,6628673323008,360448,6628672962560,6628673323008,360448,-1,-1,-1
1601,5,400,12,16,16,76714.623779,76714.644623,0.020844,0x40533c,1,837,37,800,56,100.000000,1,1,0.321911,1.200000,0.800000,monitor,15,7fff,1,1,84885504,83984384,-901120,6628672962560,6628673323008,360448,6628672962560,6628673323008,360448,-1,-1,-1
1601,5,400,13,16,16,76714.605639,76714.626399,0.020760,0x40533c,1,430,7,423,58,100.000000,1,1,0.321911,1.200000,0.800000,monitor,15,7fff,1,1,84885504,83984384,-901120,6628672962560,6628673323008,360448,6628672962560,6628673323008,360448,-1,-1,-1
1601,5,400,14,16,16,76714.596335,76714.616766,0.020431,0x40533c,1,33,2,31,60,100.000000,1,1,0.321911,1.200000,0.800000,monitor,15,7fff,1,1,84885504,83984384,-901120,6628672962560,6628673323008,360448,6628672962560,6628673323008,360448,-1,-1,-1
1601,5,400,15,16,16,76714.392674,76714.413633,0.020959,0x40533c,1,664,53,611,62,100.000000,1,1,0.321911,1.200000,0.800000,monitor,15,7fff,1,1,84885504,83984384,-901120,6628672962560,6628673323008,360448,6628672962560,6628673323008,360448,-1,-1,-1
1998,2,500,0,16,16,95443.842217,95619.947293,59.201915,0x4051ce,1,6935367,4040896,2894471,32,100.000000,1,1,178.363533,1.200000,0.800000,monitor,15,7fff,1,1,84525056,85606400,1081344,8287365267456,8303937585152,16572317696,8287365267456,8303937585152,16572317696,-1,-1,-1
1998,2,500,1,16,16,95443.868996,95619.956237,60.281761,0x4051ce,1,7730718,4315913,3414805,34,100.000000,1,1,178.363533,1.200000,0.800000,monitor,15,7fff,1,1,84525056,85606400,1081344,8287365267456,8303937585152,16572317696,8287365267456,8303937585152,16572317696,-1,-1,-1
1998,2,500,2,16,16,95443.832305,95619.947545,60.714180,0x4051ce,1,7874174,4581875,3292299,36,100.000000,1,1,178.363533,1.200000,0.800000,monitor,15,7fff,1,1,84525056,85606400,1081344,8287365267456,8303937585152,16572317696,8287365267456,8303937585152,16572317696,-1,-1,-1
1998,2,500,3,16,16,95443.848186,95619.974648,64.708607,0x4051ce,1,7990984,5411912,2579072,38,100.000000,1,1,178.363533,1.200000,0.800000,monitor,15,7fff,1,1,84525056,85606400,1081344,8287365267456,8303937585152,16572317696,8287365267456,8303937585152,16572317696,-1,-1,-1
1998,2,500,4,16,16,95443.897331,95622.192966,177.131238,0x4051ce,1,21321051,17284884,4036167,40,100.000000,1,1,178.363533,1.200000,0.800000,monitor,15,7fff,1,1,84525056,85606400,1081344,8287365267456,8303937585152,16572317696,8287365267456,8303937585152,16572317696,-1,-1,-1
1998,2,500,5,16,16,95443.873175,95622.171177,176.827543,0x4051ce,1,21436895,17059422,4377473,42,100.000000,1,1,178.363533,1.200000,0.800000,monitor,15,7fff,1,1,84525056,85606400,1081344,8287365267456,8303937585152,16572317696,8287365267456,8303937585152,16572317696,-1,-1,-1
1998,2,500,6,16,16,95443.891555,95622.054199,167.542558,0x4051ce,1,20041294,16515371,3525923,44,100.000000,1,1,178.363533,1.200000,0.800000,monitor,15,7fff,1,1,84525056,85606400,1081344,8287365267456,8303937585152,16572317696,8287365267456,8303937585152,16572317696,-1,-1,-1
1998,2,500,7,16,16,95443.878177,95622.186456,177.105034,0x4051ce,1,21493404,17277767,4215637,46,100.000000,1,1,178.363533,1.200000,0.800000,monitor,15,7fff,1,1,84525056,85606400,1081344,8287365267456,8303937585152,16572317696,8287365267456,8303937585152,16572317696,-1,-1,-1
1998,2,500,8,16,16,95443.886950,95622.142308,175.109339,0x4051ce,1,21451312,16901688,4549624,48,100.000000,1,1,178.363533,1.200000,0.800000,monitor,15,7fff,1,1,84525056,85606400,1081344,8287365267456,8303937585152,16572317696,8287365267456,8303937585152,16572317696,-1,-1,-1
1998,2,500,9,16,16,95443.964258,95622.057378,167.686924,0x4051ce,1,20036926,16565743,3471183,50,100.000000,1,1,178.363533,1.200000,0.800000,monitor,15,7fff,1,1,84525056,85606400,1081344,8287365267456,8303937585152,16572317696,8287365267456,8303937585152,16572317696,-1,-1,-1
1998,2,500,10,16,16,95443.864703,95622.140695,175.689368,0x4051ce,1,21446736,17146689,4300047,52,100.000000,1,1,178.363533,1.200000,0.800000,monitor,15,7fff,1,1,84525056,85606400,1081344,8287365267456,8303937585152,16572317696,8287365267456,8303937585152,16572317696,-1,-1,-1
1998,2,500,11,16,16,95443.882280,95622.139819,175.964822,0x4051ce,1,21353758,17080382,4273376,54,100.000000,1,1,178.363533,1.200000,0.800000,monitor,15,7fff,1,1,84525056,85606400,1081344,8287365267456,8303937585152,16572317696,8287365267456,8303937585152,16572317696,-1,-1,-1
1998,2,500,12,16,16,95443.833599,95619.992857,69.321474,0x4051ce,1,7915065,6068205,1846860,56,100.000000,1,1,178.363533,1.200000,0.800000,monitor,15,7fff,1,1,84525056,85606400,1081344,8287365267456,8303937585152,16572317696,8287365267456,8303937585152,16572317696,-1,-1,-1
1998,2,500,13,16,16,95443.860928,95620.074470,69.988603,0x4051ce,1,7069518,5946208,1123310,58,100.000000,1,1,178.363533,1.200000,0.800000,monitor,15,7fff,1,1,84525056,85606400,1081344,8287365267456,8303937585152,16572317696,8287365267456,8303937585152,16572317696,-1,-1,-1
1998,2,500,14,16,16,95443.853079,95620.044455,68.373216,0x4051ce,1,7933098,6042754,1890344,60,100.000000,1,1,178.363533,1.200000,0.800000,monitor,15,7fff,1,1,84525056,85606400,1081344,8287365267456,8303937585152,16572317696,8287365267456,8303937585152,16572317696,-1,-1,-1
1998,2,500,15,16,16,95443.829433,95619.964826,57.890511,0x4051ce,1,7814348,4110031,3704317,62,100.000000,1,1,178.363533,1.200000,0.800000,monitor,15,7fff,1,1,84525056,85606400,1081344,8287365267456,8303937585152,16572317696,8287365267456,8303937585152,16572317696,-1,-1,-1
1999,3,500,0,16,16,95622.955175,95623.263749,0.308574,0x405218,1,7836,3775,4061,32,100.000000,1,1,1.810061,1.200000,0.800000,monitor,15,7fff,1,1,86237184,84074496,-2162688,8303946055680,8303955968000,9912320,8303946055680,8303955968000,9912320,-1,-1,-1
1999,3,500,1,16,16,95624.190748,95624.307054,0.116306,0x405218,1,8287,5188,3099,34,100.000000,1,1,1.810061,1.200000,0.800000,monitor,15,7fff,1,1,86237184,84074496,-2162688,8303946055680,8303955968000,9912320,8303946055680,8303955968000,9912320,-1,-1,-1
1999,3,500,2,16,16,95624.062171,95624.179067,0.116896,0x405218,1,8215,4378,3837,36,100.000000,1,1,1.810061,1.200000,0.800000,monitor,15,7fff,1,1,86237184,84074496,-2162688,8303946055680,8303955968000,9912320,8303946055680,8303955968000,9912320,-1,-1,-1
1999,3,500,3,16,16,95622.797801,95622.913320,0.115519,0x405218,1,8407,3762,4645,38,100.000000,1,1,1.810061,1.200000,0.800000,monitor,15,7fff,1,1,86237184,84074496,-2162688,8303946055680,8303955968000,9912320,8303946055680,8303955968000,9912320,-1,-1,-1
1999,3,500,4,16,16,95623.929095,95624.194737,0.265642,0x405218,1,16720,8267,8453,40,100.000000,1,1,1.810061,1.200000,0.800000,monitor,15,7fff,1,1,86237184,84074496,-2162688,8303946055680,8303955968000,9912320,8303946055680,8303955968000,9912320,-1,-1,-1
1999,3,500,5,16,16,95623.349029,95623.617610,0.268581,0x405218,1,16659,8131,8528,42,100.000000,1,1,1.810061,1.200000,0.800000,monitor,15,7fff,1,1,86237184,84074496,-2162688,8303946055680,8303955968000,9912320,8303946055680,8303955968000,9912320,-1,-1,-1
1999,3,500,6,16,16,95623.497826,95623.750457,0.252631,0x405218,1,12285,9344,2941,44,100.000000,1,1,1.810061,1.200000,0.800000,monitor,15,7fff,1,1,86237184,84074496,-2162688,8303946055680,8303955968000,9912320,8303946055680,8303955968000,9912320,-1,-1,-1
1999,3,500,7,16,16,95623.227730,95623.495948,0.268218,0x405218,1,16893,8006,8887,46,100.000000,1,1,1.810061,1.200000,0.800000,monitor,15,7fff,1,1,86237184,84074496,-2162688,8303946055680,8303955968000,9912320,8303946055680,8303955968000,9912320,-1,-1,-1
1999,3,500,8,16,16,95622.496993,95622.746986,0.249993,0x405218,1,12434,8948,3486,48,100.000000,1,1,1.810061,1.200000,0.800000,monitor,15,7fff,1,1,86237184,84074496,-2162688,8303946055680,8303955968000,9912320,8303946055680,8303955968000,9912320,-1,-1,-1
1999,3,500,9,16,16,95622.818960,95623.060207,0.241247,0x405218,1,16147,7210,8937,50,100.000000,1,1,1.810061,1.200000,0.800000,monitor,15,7fff,1,1,86237184,84074496,-2162688,8303946055680,8303955968000,9912320,8303946055680,8303955968000,9912320,-1,-1,-1
1999,3,500,10,16,16,95622.983646,95623.230084,0.246438,0x405218,1,16995,8467,8528,52,100.000000,1,1,1.810061,1.200000,0.800000,monitor,15,7fff,1,1,86237184,84074496,-2162688,8303946055680,8303955968000,9912320,8303946055680,8303955968000,9912320,-1,-1,-1
1999,3,500,11,16,16,95623.664552,95623.927722,0.263170,0x405218,1,16567,8174,8393,54,100.000000,1,1,1.810061,1.200000,0.800000,monitor,15,7fff,1,1,86237184,84074496,-2162688,8303946055680,8303955968000,9912320,8303946055680,8303955968000,9912320,-1,-1,-1
1999,3,500,12,16,16,95623.105973,95623.227425,0.121452,0x405218,1,8206,4466,3740,56,100.000000,1,1,1.810061,1.200000,0.800000,monitor,15,7fff,1,1,86237184,84074496,-2162688,8303946055680,8303955968000,9912320,8303946055680,8303955968000,9912320,-1,-1,-1
1999,3,500,13,16,16,95622.502295,95622.664367,0.162072,0x405218,1,4725,4197,528,58,100.000000,1,1,1.810061,1.200000,0.800000,monitor,15,7fff,1,1,86237184,84074496,-2162688,8303946055680,8303955968000,9912320,8303946055680,8303955968000,9912320,-1,-1,-1
1999,3,500,14,16,16,95623.796801,95623.914244,0.117443,0x405218,1,8156,3085,5071,60,100.000000,1,1,1.810061,1.200000,0.800000,monitor,15,7fff,1,1,86237184,84074496,-2162688,8303946055680,8303955968000,9912320,8303946055680,8303955968000,9912320,-1,-1,-1
1999,3,500,15,16,16,95623.484484,95623.598186,0.113702,0x405218,1,7887,3096,4791,62,100.000000,1,1,1.810061,1.200000,0.800000,monitor,15,7fff,1,1,86237184,84074496,-2162688,8303946055680,8303955968000,9912320,8303946055680,8303955968000,9912320,-1,-1,-1
2000,4,500,0,16,16,95624.636357,95624.665493,0.029136,0x4052e4,1,2400,1234,1166,32,100.000000,1,1,0.108706,1.200000,0.800000,monitor,15,7fff,1,1,84074496,83894272,-180224,8303958851584,8303960473600,1622016,8303959031808,8303960473600,1441792,-1,-1,-1
2000,4,500,1,16,16,95624.617479,95624.639632,0.022153,0x4052e4,1,943,437,506,34,100.000000,1,1,0.108706,1.200000,0.800000,monitor,15,7fff,1,1,84074496,83894272,-180224,8303958851584,8303960473600,1622016,8303959031808,8303960473600,1441792,-1,-1,-1
2000,4,500,2,16,16,95624.680373,95624.701448,0.021075,0x4052e4,1,988,381,607,36,100.000000,1,1,0.108706,1.200000,0.800000,monitor,15,7fff,1,1,84074496,83894272,-180224,8303958851584,8303960473600,1622016,8303959031808,8303960473600,1441792,-1,-1,-1
2000,4,500,3,16,16,95624.674301,95624.696448,0.022147,0x4052e4,1,1234,509,725,38,100.000000,1,1,0.108706,1.200000,0.800000,monitor,15,7fff,1,1,84074496,83894272,-180224,8303958851584,8303960473600,1622016,8303959031808,8303960473600,1441792,-1,-1,-1
2000,4,500,4,16,16,95624.698719,95624.722129,0.023410,0x4052e4,1,641,348,293,40,100.000000,1,1,0.108706,1.200000,0.800000,monitor,15,7fff,1,1,84074496,83894272,-180224,8303958851584,8303960473600,1622016,8303959031808,8303960473600,1441792,-1,-1,-1
2000,4,500,5,16,16,95624.622879,95624.645991,0.023112,0x4052e4,1,453,347,106,42,100.000000,1,1,0.108706,1.200000,0.800000,monitor,15,7fff,1,1,84074496,83894272,-180224,8303958851584,8303960473600,1622016,8303959031808,8303960473600,1441792,-1,-1,-1
2000,4,500,6,16,16,95624.644101,95624.673998,0.029897,0x4052e4,1,2610,92,2518,44,100.000000,1,1,0.108706,1.200000,0.800000,monitor,15,7fff,1,1,84074496,83894272,-180224,8303958851584,8303960473600,1622016,8303959031808,8303960473600,1441792,-1,-1,-1
2000,4,500,7,16,16,95624.627670,95624.652144,0.024474,0x4052e4,1,692,378,314,46,100.000000,1,1,0.108706,1.200000,0.800000,monitor,15,7fff,1,1,84074496,83894272,-180224,8303958851584,8303960473600,1622016,8303959031808,8303960473600,1441792,-1,-1,-1
2000,4,500,8,16,16,95624.613423,95624.636007,0.022584,0x4052e4,1,287,251,36,48,100.000000,1,1,0.108706,1.200000,0.800000,monitor,15,7fff,1,1,84074496,83894272,-180224,8303958851584,8303960473600,1622016,8303959031808,8303960473600,1441792,-1,-1,-1
2000,4,500,9,16,16,95624.650311,95624.673849,0.023538,0x4052e4,1,581,355,226,50,100.000000,1,1,0.108706,1.200000,0.800000,monitor,15,7fff,1,1,84074496,83894272,-180224,8303958851584,8303960473600,1622016,8303959031808,8303960473600,1441792,-1,-1,-1
2000,4,500,10,16,16,95624.633120,95624.656691,0.023571,0x4052e4,1,573,390,183,52,100.000000,1,1,0.108706,1.200000,0.800000,monitor,15,7fff,1,1,84074496,83894272,-180224,8303958851584,8303960473600,1622016,8303959031808,8303960473600,1441792,-1,-1,-1
2000,4,500,11,16,16,95624.618550,95624.642397,0.023847,0x4052e4,1,565,409,156,54,100.000000,1,1,0.108706,1.200000,0.800000,monitor,15,7fff,1,1,84074496,83894272,-180224,8303958851584,8303960473600,1622016,8303959031808,8303960473600,1441792,-1,-1,-1
2000,4,500,12,16,16,95624.631884,95624.654209,0.022325,0x4052e4,1,1006,466,540,56,100.000000,1,1,0.108706,1.200000,0.800000,monitor,15,7fff,1,1,84074496,83894272,-180224,8303958851584,8303960473600,1622016,8303959031808,8303960473600,1441792,-1,-1,-1
2000,4,500,13,16,16,95624.694716,95624.720184,0.025468,0x4052e4,1,2436,140,2296,58,100.000000,1,1,0.108706,1.200000,0.800000,monitor,15,7fff,1,1,84074496,83894272,-180224,8303958851584,8303960473600,1622016,8303959031808,8303960473600,1441792,-1,-1,-1
2000,4,500,14,16,16,95624.658373,95624.678512,0.020139,0x4052e4,1,790,263,527,60,100.000000,1,1,0.108706,1.200000,0.800000,monitor,15,7fff,1,1,84074496,83894272,-180224,8303958851584,8303960473600,1622016,8303959031808,8303960473600,1441792,-1,-1,-1
2000,4,500,15,16,16,95624.625236,95624.646420,0.021184,0x4052e4,1,752,299,453,62,100.000000,1,1,0.108706,1.200000,0.800000,monitor,15,7fff,1,1,84074496,83894272,-180224,8303958851584,8303960473600,1622016,8303959031808,8303960473600,1441792,-1,-1,-1
2001,5,500,0,16,16,95624.868345,95624.887101,0.018756,0x40533c,1,29,2,27,32,100.000000,1,1,0.384062,1.200000,0.800000,monitor,15,7fff,1,1,84434944,84344832,-90112,8303961464832,8303961915392,450560,8303961554944,8303961915392,360448,-1,-1,-1
2001,5,500,1,16,16,95624.856484,95624.875424,0.018940,0x40533c,1,87,6,81,34,100.000000,1,1,0.384062,1.200000,0.800000,monitor,15,7fff,1,1,84434944,84344832,-90112,8303961464832,8303961915392,450560,8303961554944,8303961915392,360448,-1,-1,-1
2001,5,500,2,16,16,95625.176568,95625.195422,0.018854,0x40533c,1,35,1,34,36,100.000000,1,1,0.384062,1.200000,0.800000,monitor,15,7fff,1,1,84434944,84344832,-90112,8303961464832,8303961915392,450560,8303961554944,8303961915392,360448,-1,-1,-1
2001,5,500,3,16,16,95625.188596,95625.207574,0.018978,0x40533c,1,35,1,34,38,100.000000,1,1,0.384062,1.200000,0.800000,monitor,15,7fff,1,1,84434944,84344832,-90112,8303961464832,8303961915392,450560,8303961554944,8303961915392,360448,-1,-1,-1
2001,5,500,4,16,16,95624.878952,95624.904749,0.025797,0x40533c,1,491,315,176,40,100.000000,1,1,0.384062,1.200000,0.800000,monitor,15,7fff,1,1,84434944,84344832,-90112,8303961464832,8303961915392,450560,8303961554944,8303961915392,360448,-1,-1,-1
2001,5,500,5,16,16,95624.861811,95624.887760,0.025949,0x40533c,1,566,352,214,42,100.000000,1,1,0.384062,1.200000,0.800000,monitor,15,7fff,1,1,84434944,84344832,-90112,8303961464832,8303961915392,450560,8303961554944,8303961915392,360448,-1,-1,-1
2001,5,500,6,16,16,95625.210848,95625.239173,0.028325,0x40533c,1,286,67,219,44,100.000000,1,1,0.384062,1.200000,0.800000,monitor,15,7fff,1,1,84434944,84344832,-90112,8303961464832,8303961915392,450560,8303961554944,8303961915392,360448,-1,-1,-1
2001,5,500,7,16,16,95625.192775,95625.218865,0.026090,0x40533c,1,712,448,264,46,100.000000,1,1,0.384062,1.200000,0.800000,monitor,15,7fff,1,1,84434944,84344832,-90112,8303961464832,8303961915392,450560,8303961554944,8303961915392,360448,-1,-1,-1
2001,5,500,8,16,16,95625.172909,95625.204352,0.031443,0x40533c,1,3056,502,2554,48,100.000000,1,1,0.384062,1.200000,0.800000,monitor,15,7fff,1,1,84434944,84344832,-90112,8303961464832,8303961915392,450560,8303961554944,8303961915392,360448,-1,-1,-1
2001,5,500,9,16,16,95624.884107,95624.909617,0.025510,0x40533c,1,660,399,261,50,100.000000,1,1,0.384062,1.200000,0.800000,monitor,15,7fff,1,1,84434944,84344832,-90112,8303961464832,8303961915392,450560,8303961554944,8303961915392,360448,-1,-1,-1
2001,5,500,10,16,16,95624.859283,95624.885256,0.025973,0x40533c,1,608,237,371,52,100.000000,1,1,0.384062,1.200000,0.800000,monitor,15,7fff,1,1,84434944,84344832,-90112,8303961464832,8303961915392,450560,8303961554944,8303961915392,360448,-1,-1,-1
2001,5,500,11,16,16,95625.203461,95625.229445,0.025984,0x40533c,1,716,351,365,54,100.000000,1,1,0.384062,1.200000,0.800000,monitor,15,7fff,1,1,84434944,84344832,-90112,8303961464832,8303961915392,450560,8303961554944,8303961915392,360448,-1,-1,-1
2001,5,500,12,16,16,95624.855111,95624.874164,0.019053,0x40533c,1,95,5,90,56,100.000000,1,1,0.384062,1.200000,0.800000,monitor,15,7fff,1,1,84434944,84344832,-90112,8303961464832,8303961915392,450560,8303961554944,8303961915392,360448,-1,-1,-1
2001,5,500,13,16,16,95625.199611,95625.223845,0.024234,0x40533c,1,1351,4,1347,58,100.000000,1,1,0.384062,1.200000,0.800000,monitor,15,7fff,1,1,84434944,84344832,-90112,8303961464832,8303961915392,450560,8303961554944,8303961915392,360448,-1,-1,-1
2001,5,500,14,16,16,95625.184475,95625.203491,0.019016,0x40533c,1,29,1,28,60,100.000000,1,1,0.384062,1.200000,0.800000,monitor,15,7fff,1,1,84434944,84344832,-90112,8303961464832,8303961915392,450560,8303961554944,8303961915392,360448,-1,-1,-1
2001,5,500,15,16,16,95624.873782,95624.892693,0.018911,0x40533c,1,70,4,66,62,100.000000,1,1,0.384062,1.200000,0.800000,monitor,15,7fff,1,1,84434944,84344832,-90112,8303961464832,8303961915392,450560,8303961554944,8303961915392,360448,-1,-1,-1
2398,2,600,0,16,16,113561.519053,113733.612197,57.616743,0x4051ce,1,6940376,3943626,2996750,32,100.000000,1,1,174.238446,1.200000,0.800000,monitor,15,7fff,1,1,84705280,85426176,720896,9887085576192,9902593851392,15508275200,9887085576192,9902593851392,15508275200,-1,-1,-1
2398,2,600,1,16,16,113561.505777,113733.620837,58.537839,0x4051ce,1,7984574,4362457,3622117,34,100.000000,1,1,174.238446,1.200000,0.800000,monitor,15,7fff,1,1,84705280,85426176,720896,9887085576192,9902593851392,15508275200,9887085576192,9902593851392,15508275200,-1,-1,-1
2398,2,600,2,16,16,113561.538086,113733.599840,59.107808,0x4051ce,1,7892104,4469694,3422410,36,100.000000,1,1,174.238446,1.200000,0.800000,monitor,15,7fff,1,1,84705280,85426176,720896,9887085576192,9902593851392,15508275200,9887085576192,9902593851392,15508275200,-1,-1,-1
2398,2,600,3,16,16,113561.579056,113733.646205,63.237949,0x4051ce,1,8000815,5331264,2669551,38,100.000000,1,1,174.238446,1.200000,0.800000,monitor,15,7fff,1,1,84705280,85426176,720896,9887085576192,9902593851392,15508275200,9887085576192,9902593851392,15508275200,-1,-1,-1
2398,2,600,4,16,16,113561.510219,113735.616594,164.770785,0x4051ce,1,19964073,16072827,3891246,40,100.000000,1,1,174.238446,1.200000,0.800000,monitor,15,7fff,1,1,84705280,85426176,720896,9887085576192,9902593851392,15508275200,9887085576192,9902593851392,15508275200,-1,-1,-1
2398,2,600,5,16,16,113561.547267,113735.602446,163.961312,0x4051ce,1,20088554,15864616,4223938,42,100.000000,1,1,174.238446,1.200000,0.800000,monitor,15,7fff,1,1,84705280,85426176,720896,9887085576192,9902593851392,15508275200,9887085576192,9902593851392,15508275200,-1,-1,-1
2398,2,600,6,16,16,113561.560208,113735.506629,156.193133,0x4051ce,1,18943614,15314179,3629435,44,100.000000,1,1,174.238446,1.200000,0.800000,monitor,15,7fff,1,1,84705280,85426176,720896,9887085576192,9902593851392,15508275200,9887085576192,9902593851392,15508275200,-1,-1,-1
2398,2,600,7,16,16,113561.554774,113735.622661,164.622857,0x4051ce,1,20148104,16106393,4041711,46,100.000000,1,1,174.238446,1.200000,0.800000,monitor,15,7fff,1,1,84705280,85426176,720896,9887085576192,9902593851392,15508275200,9887085576192,9902593851392,15508275200,-1,-1,-1
2398,2,600,8,16,16,113561.504700,113735.740926,173.880303,0x4051ce,1,19059985,14926096,4133889,48,100.000000,1,1,174.238446,1.200000,0.800000,monitor,15,7fff,1,1,84705280,85426176,720896,9887085576192,9902593851392,15508275200,9887085576192,9902593851392,15508275200,-1,-1,-1
2398,2,600,9,16,16,113561.533703,113735.483047,155.551425,0x4051ce,1,18942579,15215072,3727507,50,100.000000,1,1,174.238446,1.200000,0.800000,monitor,15,7fff,1,1,84705280,85426176,720896,9887085576192,9902593851392,15508275200,9887085576192,9902593851392,15508275200,-1,-1,-1
2398,2,600,10,16,16,113561.521358,113735.573090,163.427006,0x4051ce,1,20102942,15948046,4154896,52,100.000000,1,1,174.238446,1.200000,0.800000,monitor,15,7fff,1,1,84705280,85426176,720896,9887085576192,9902593851392,15508275200,9887085576192,9902593851392,15508275200,-1,-1,-1
2398,2,600,11,16,16,113561.564051,113735.581231,163.459910,0x4051ce,1,20009560,15960750,4048810,54,100.000000,1,1,174.238446,1.200000,0.800000,monitor,15,7fff,1,1,84705280,85426176,720896,9887085576192,9902593851392,15508275200,9887085576192,9902593851392,15508275200,-1,-1,-1
2398,2,600,12,16,16,113561.502480,113733.646697,67.769714,0x4051ce,1,7910830,6011909,1898921,56,100.000000,1,1,174.238446,1.200000,0.800000,monitor,15,7fff,1,1,84705280,85426176,720896,9887085576192,9902593851392,15508275200,9887085576192,9902593851392,15508275200,-1,-1,-1
2398,2,600,13,16,16,113561.530549,113733.710638,68.975401,0x4051ce,1,7875902,6602069,1273833,58,100.000000,1,1,174.238446,1.200000,0.800000,monitor,15,7fff,1,1,84705280,85426176,720896,9887085576192,9902593851392,15508275200,9887085576192,9902593851392,15508275200,-1,-1,-1
2398,2,600,14,16,16,113561.543241,113733.705501,66.955877,0x4051ce,1,7932013,6017394,1914619,60,100.000000,1,1,174.238446,1.200000,0.800000,monitor,15,7fff,1,1,84705280,85426176,720896,9887085576192,9902593851392,15508275200,9887085576192,9902593851392,15508275200,-1,-1,-1
2398,2,600,15,16,16,113561.573299,113733.636458,56.054388,0x4051ce,1,7818761,3947987,3870774,62,100.000000,1,1,174.238446,1.200000,0.800000,monitor,15,7fff,1,1,84705280,85426176,720896,9887085576192,9902593851392,15508275200,9887085576192,9902593851392,15508275200,-1,-1,-1
2399,3,600,0,16,16,113737.622548,113737.935000,0.312452,0x405218,1,7668,3881,3787,32,100.000000,1,1,1.886434,1.200000,0.800000,monitor,15,7fff,1,1,86147072,84705280,-1441792,9902601420800,9902612504576,11083776,9902601420800,9902612504576,11083776,-1,-1,-1
2399,3,600,1,16,16,113736.962359,113737.073445,0.111086,0x405218,1,6401,4043,2358,34,100.000000,1,1,1.886434,1.200000,0.800000,monitor,15,7fff,1,1,86147072,84705280,-1441792,9902601420800,9902612504576,11083776,9902601420800,9902612504576,11083776,-1,-1,-1
2399,3,600,2,16,16,113736.057710,113736.208282,0.150572,0x405218,1,7690,4100,3590,36,100.000000,1,1,1.886434,1.200000,0.800000,monitor,15,7fff,1,1,86147072,84705280,-1441792,9902601420800,9902612504576,11083776,9902601420800,9902612504576,11083776,-1,-1,-1
2399,3,600,3,16,16,113737.247637,113737.362864,0.115227,0x405218,1,8156,3154,5002,38,100.000000,1,1,1.886434,1.200000,0.800000,monitor,15,7fff,1,1,86147072,84705280,-1441792,9902601420800,9902612504576,11083776,9902601420800,9902612504576,11083776,-1,-1,-1
2399,3,600,4,16,16,113737.517701,113737.773863,0.256162,0x405218,1,15741,7815,7926,40,100.000000,1,1,1.886434,1.200000,0.800000,monitor,15,7fff,1,1,86147072,84705280,-1441792,9902601420800,9902612504576,11083776,9902601420800,9902612504576,11083776,-1,-1,-1
2399,3,600,5,16,16,113736.955509,113737.202386,0.246877,0x405218,1,16074,7561,8513,42,100.000000,1,1,1.886434,1.200000,0.800000,monitor,15,7fff,1,1,86147072,84705280,-1441792,9902601420800,9902612504576,11083776,9902601420800,9902612504576,11083776,-1,-1,-1
2399,3,600,6,16,16,113737.123322,113737.367749,0.244427,0x405218,1,15234,7925,7309,44,100.000000,1,1,1.886434,1.200000,0.800000,monitor,15,7fff,1,1,86147072,84705280,-1441792,9902601420800,9902612504576,11083776,9902601420800,9902612504576,11083776,-1,-1,-1
2399,3,600,7,16,16,113736.443768,113736.701858,0.258090,0x405218,1,12081,8671,3410,46,100.000000,1,1,1.886434,1.200000,0.800000,monitor,15,7fff,1,1,86147072,84705280,-1441792,9902601420800,9902612504576,11083776,9902601420800,9902612504576,11083776,-1,-1,-1
2399,3,600,8,16,16,113736.788286,113737.026206,0.237920,0x405218,1,16180,7297,8883,48,100.000000,1,1,1.886434,1.200000,0.800000,monitor,15,7fff,1,1,86147072,84705280,-1441792,9902601420800,9902612504576,11083776,9902601420800,9902612504576,11083776,-1,-1,-1
2399,3,600,9,16,16,113737.384176,113737.637126,0.252950,0x405218,1,15239,7663,7576,50,100.000000,1,1,1.886434,1.200000,0.800000,monitor,15,7fff,1,1,86147072,84705280,-1441792,9902601420800,9902612504576,11083776,9902601420800,9902612504576,11083776,-1,-1,-1
2399,3,600,10,16,16,113736.578907,113736.815281,0.236374,0x405218,1,16251,7691,8560,52,100.000000,1,1,1.886434,1.200000,0.800000,monitor,15,7fff,1,1,86147072,84705280,-1441792,9902601420800,9902612504576,11083776,9902601420800,9902612504576,11083776,-1,-1,-1
2399,3,600,11,16,16,113736.266455,113736.505042,0.238587,0x405218,1,11967,8116,3851,54,100.000000,1,1,1.886434,1.200000,0.800000,monitor,15,7fff,1,1,86147072,84705280,-1441792,9902601420800,9902612504576,11083776,9902601420800,9902612504576,11083776,-1,-1,-1
2399,3,600,12,16,16,113736.435352,113736.589202,0.153850,0x405218,1,8407,4588,3819,56,100.000000,1,1,1.886434,1.200000,0.800000,monitor,15,7fff,1,1,86147072,84705280,-1441792,9902601420800,9902612504576,11083776,9902601420800,9902612504576,11083776,-1,-1,-1
2399,3,600,13,16,16,113736.062315,113736.195821,0.133506,0x405218,1,5308,4489,819,58,100.000000,1,1,1.886434,1.200000,0.800000,monitor,15,7fff,1,1,86147072,84705280,-1441792,9902601420800,9902612504576,11083776,9902601420800,9902612504576,11083776,-1,-1,-1
2399,3,600,14,16,16,113736.048566,113736.172902,0.124336,0x405218,1,5620,4232,1388,60,100.000000,1,1,1.886434,1.200000,0.800000,monitor,15,7fff,1,1,86147072,84705280,-1441792,9902601420800,9902612504576,11083776,9902601420800,9902612504576,11083776,-1,-1,-1
2399,3,600,15,16,16,113736.260172,113736.355393,0.095221,0x405218,1,7756,1897,5859,62,100.000000,1,1,1.886434,1.200000,0.800000,monitor,15,7fff,1,1,86147072,84705280,-1441792,9902601420800,9902612504576,11083776,9902601420800,9902612504576,11083776,-1,-1,-1
2400,4,600,0,16,16,113738.383054,113738.412123,0.029069,0x4052e4,1,2375,1177,1198,32,100.000000,1,1,0.246203,1.200000,0.800000,monitor,15,7fff,1,1,85516288,85426176,-90112,9902616109056,9902616920064,811008,9902616109056,9902616920064,811008,-1,-1,-1
2400,4,600,1,16,16,113738.370742,113738.390500,0.019758,0x4052e4,1,272,216,56,34,100.000000,1,1,0.246203,1.200000,0.800000,monitor,15,7fff,1,1,85516288,85426176,-90112,9902616109056,9902616920064,811008,9902616109056,9902616920064,811008,-1,-1,-1
2400,4,600,2,16,16,113738.401582,113738.422620,0.021038,0x4052e4,1,84,59,25,36,100.000000,1,1,0.246203,1.200000,0.800000,monitor,15,7fff,1,1,85516288,85426176,-90112,9902616109056,9902616920064,811008,9902616109056,9902616920064,811008,-1,-1,-1
2400,4,600,3,16,16,113738.392627,113738.413820,0.021193,0x4052e4,1,815,356,459,38,100.000000,1,1,0.246203,1.200000,0.800000,monitor,15,7fff,1,1,85516288,85426176,-90112,9902616109056,9902616920064,811008,9902616109056,9902616920064,811008,-1,-1,-1
2400,4,600,4,16,16,113738.385941,113738.410777,0.024836,0x4052e4,1,586,383,203,40,100.000000,1,1,0.246203,1.200000,0.800000,monitor,15,7fff,1,1,85516288,85426176,-90112,9902616109056,9902616920064,811008,9902616109056,9902616920064,811008,-1,-1,-1
2400,4,600,5,16,16,113738.387119,113738.410969,0.023850,0x4052e4,1,408,302,106,42,100.000000,1,1,0.246203,1.200000,0.800000,monitor,15,7fff,1,1,85516288,85426176,-90112,9902616109056,9902616920064,811008,9902616109056,9902616920064,811008,-1,-1,-1
2400,4,600,6,16,16,113738.377630,113738.401825,0.024195,0x4052e4,1,536,335,201,44,100.000000,1,1,0.246203,1.200000,0.800000,monitor,15,7fff,1,1,85516288,85426176,-90112,9902616109056,9902616920064,811008,9902616109056,9902616920064,811008,-1,-1,-1
2400,4,600,7,16,16,113738.372378,113738.403470,0.031092,0x4052e4,1,2684,162,2522,46,100.000000,1,1,0.246203,1.200000,0.800000,monitor,15,7fff,1,1,85516288,85426176,-90112,9902616109056,9902616920064,811008,9902616109056,9902616920064,811008,-1,-1,-1
2400,4,600,8,16,16,113738.410926,113738.434570,0.023644,0x4052e4,1,488,317,171,48,100.000000,1,1,0.246203,1.200000,0.800000,monitor,15,7fff,1,1,85516288,85426176,-90112,9902616109056,9902616920064,811008,9902616109056,9902616920064,811008,-1,-1,-1
2400,4,600,9,16,16,113738.376364,113738.400423,0.024059,0x4052e4,1,561,346,215,50,100.000000,1,1,0.246203,1.200000,0.800000,monitor,15,7fff,1,1,85516288,85426176,-90112,9902616109056,9902616920064,811008,9902616109056,9902616920064,811008,-1,-1,-1
2400,4,600,10,16,16,113738.418884,113738.442718,0.023834,0x4052e4,1,561,373,188,52,100.000000,1,1,0.246203,1.200000,0.800000,monitor,15,7fff,1,1,85516288,85426176,-90112,9902616109056,9902616920064,811008,9902616109056,9902616920064,811008,-1,-1,-1
2400,4,600,11,16,16,113738.590242,113738.616945,0.026703,0x4052e4,1,3192,432,2760,54,100.000000,1,1,0.246203,1.200000,0.800000,monitor,15,7fff,1,1,85516288,85426176,-90112,9902616109056,9902616920064,811008,9902616109056,9902616920064,811008,-1,-1,-1
2400,4,600,12,16,16,113738.406268,113738.428728,0.022460,0x4052e4,1,881,430,451,56,100.000000,1,1,0.246203,1.200000,0.800000,monitor,15,7fff,1,1,85516288,85426176,-90112,9902616109056,9902616920064,811008,9902616109056,9902616920064,811008,-1,-1,-1
2400,4,600,13,16,16,113738.394291,113738.413297,0.019006,0x4052e4,1,129,98,31,58,100.000000,1,1,0.246203,1.200000,0.800000,monitor,15,7fff,1,1,85516288,85426176,-90112,9902616109056,9902616920064,811008,9902616109056,9902616920064,811008,-1,-1,-1
2400,4,600,14,16,16,113738.425267,113738.444669,0.019402,0x4052e4,1,138,113,25,60,100.000000,1,1,0.246203,1.200000,0.800000,monitor,15,7fff,1,1,85516288,85426176,-90112,9902616109056,9902616920064,811008,9902616109056,9902616920064,811008,-1,-1,-1
2400,4,600,15,16,16,113738.592249,113738.613560,0.021311,0x4052e4,1,1094,304,790,62,100.000000,1,1,0.246203,1.200000,0.800000,monitor,15,7fff,1,1,85516288,85426176,-90112,9902616109056,9902616920064,811008,9902616109056,9902616920064,811008,-1,-1,-1
2401,5,600,0,16,16,113738.988816,113739.086645,0.097829,0x40533c,1,24,2,22,32,100.000000,1,1,0.353245,1.200000,0.800000,monitor,15,7fff,1,1,85786624,85245952,-540672,9902618001408,9902618361856,360448,9902618091520,9902618361856,270336,-1,-1,-1
2401,5,600,1,16,16,113738.759041,113738.783439,0.024398,0x40533c,1,1332,5,1327,34,100.000000,1,1,0.353245,1.200000,0.800000,monitor,15,7fff,1,1,85786624,85245952,-540672,9902618001408,9902618361856,360448,9902618091520,9902618361856,270336,-1,-1,-1
2401,5,600,2,16,16,113738.779766,113738.798901,0.019135,0x40533c,1,50,5,45,36,100.000000,1,1,0.353245,1.200000,0.800000,monitor,15,7fff,1,1,85786624,85245952,-540672,9902618001408,9902618361856,360448,9902618091520,9902618361856,270336,-1,-1,-1
2401,5,600,3,16,16,113739.001471,113739.020445,0.018974,0x40533c,1,37,1,36,38,100.000000,1,1,0.353245,1.200000,0.800000,monitor,15,7fff,1,1,85786624,85245952,-540672,9902618001408,9902618361856,360448,9902618091520,9902618361856,270336,-1,-1,-1
2401,5,600,4,16,16,113738.770841,113738.797006,0.026165,0x40533c,1,409,313,96,40,100.000000,1,1,0.353245,1.200000,0.800000,monitor,15,7fff,1,1,85786624,85245952,-540672,9902618001408,9902618361856,360448,9902618091520,9902618361856,270336,-1,-1,-1
2401,5,600,5,16,16,113738.784905,113738.811147,0.026242,0x40533c,1,491,325,166,42,100.000000,1,1,0.353245,1.200000,0.800000,monitor,15,7fff,1,1,85786624,85245952,-540672,9902618001408,9902618361856,360448,9902618091520,9902618361856,270336,-1,-1,-1
2401,5,600,6,16,16,113738.737340,113738.763163,0.025823,0x40533c,1,413,235,178,44,100.000000,1,1,0.353245,1.200000,0.800000,monitor,15,7fff,1,1,85786624,85245952,-540672,9902618001408,9902618361856,360448,9902618091520,9902618361856,270336,-1,-1,-1
2401,5,600,7,16,16,113738.972769,113739.004814,0.032045,0x40533c,1,3189,646,2543,46,100.000000,1,1,0.353245,1.200000,0.800000,monitor,15,7fff,1,1,85786624,85245952,-540672,9902618001408,9902618361856,360448,9902618091520,9902618361856,270336,-1,-1,-1
2401,5,600,8,16,16,113738.998452,113739.025479,0.027027,0x40533c,1,463,286,177,48,100.000000,1,1,0.353245,1.200000,0.800000,monitor,15,7fff,1,1,85786624,85245952,-540672,9902618001408,9902618361856,360448,9902618091520,9902618361856,270336,-1,-1,-1
2401,5,600,9,16,16,113738.744483,113738.770639,0.026156,0x40533c,1,496,295,201,50,100.000000,1,1,0.353245,1.200000,0.800000,monitor,15,7fff,1,1,85786624,85245952,-540672,9902618001408,9902618361856,360448,9902618091520,9902618361856,270336,-1,-1,-1
2401,5,600,10,16,16,113738.985130,113739.011950,0.026820,0x40533c,1,483,175,308,52,100.000000,1,1,0.353245,1.200000,0.800000,monitor,15,7fff,1,1,85786624,85245952,-540672,9902618001408,9902618361856,360448,9902618091520,9902618361856,270336,-1,-1,-1
2401,5,600,11,16,16,113738.738344,113738.764824,0.026480,0x40533c,1,1356,448,908,54,100.000000,1,1,0.353245,1.200000,0.800000,monitor,15,7fff,1,1,85786624,85245952,-540672,9902618001408,9902618361856,360448,9902618091520,9902618361856,270336,-1,-1,-1
2401,5,600,12,16,16,113738.994101,113739.013266,0.019165,0x40533c,1,33,1,32,56,100.000000,1,1,0.353245,1.200000,0.800000,monitor,15,7fff,1,1,85786624,85245952,-540672,9902618001408,9902618361856,360448,9902618091520,9902618361856,270336,-1,-1,-1
2401,5,600,13,16,16,113738.765230,113738.783706,0.018476,0x40533c,1,42,1,41,58,100.000000,1,1,0.353245,1.200000,0.800000,monitor,15,7fff,1,1,85786624,85245952,-540672,9902618001408,9902618361856,360448,9902618091520,9902618361856,270336,-1,-1,-1
2401,5,600,14,16,16,113738.733400,113738.752335,0.018935,0x40533c,1,62,14,48,60,100.000000,1,1,0.353245,1.200000,0.800000,monitor,15,7fff,1,1,85786624,85245952,-540672,9902618001408,9902618361856,360448,9902618091520,9902618361856,270336,-1,-1,-1
2401,5,600,15,16,16,113738.989788,113739.008702,0.018914,0x40533c,1,27,0,27,62,100.000000,1,1,0.353245,1.200000,0.800000,monitor,15,7fff,1,1,85786624,85245952,-540672,9902618001408,9902618361856,360448,9902618091520,9902618361856,270336,-1,-1,-1
2798,2,700,0,16,16,130417.135339,130574.129230,56.108025,0x4051ce,1,6942792,3800100,3142692,32,100.000000,1,1,158.890476,1.200000,0.800000,monitor,15,7fff,1,1,85155840,84705280,-450560,11397974106112,11412687863808,14713757696,11397974106112,11412687863808,14713757696,-1,-1,-1
2798,2,700,1,16,16,130417.099489,130574.144151,57.146033,0x4051ce,1,8004544,4243117,3761427,34,100.000000,1,1,158.890476,1.200000,0.800000,monitor,15,7fff,1,1,85155840,84705280,-450560,11397974106112,11412687863808,14713757696,11397974106112,11412687863808,14713757696,-1,-1,-1
2798,2,700,2,16,16,130417.098503,130574.117977,57.666294,0x4051ce,1,7909418,4353891,3555527,36,100.000000,1,1,158.890476,1.200000,0.800000,monitor,15,7fff,1,1,85155840,84705280,-450560,11397974106112,11412687863808,14713757696,11397974106112,11412687863808,14713757696,-1,-1,-1
2798,2,700,3,16,16,130417.128191,130574.193060,61.881604,0x4051ce,1,7074141,4581039,2493102,38,100.000000,1,1,158.890476,1.200000,0.800000,monitor,15,7fff,1,1,85155840,84705280,-450560,11397974106112,11412687863808,14713757696,11397974106112,11412687863808,14713757696,-1,-1,-1
2798,2,700,4,16,16,130417.336245,130575.973310,157.281307,0x4051ce,1,18840368,15116936,3723432,40,100.000000,1,1,158.890476,1.200000,0.800000,monitor,15,7fff,1,1,85155840,84705280,-450560,11397974106112,11412687863808,14713757696,11397974106112,11412687863808,14713757696,-1,-1,-1
2798,2,700,5,16,16,130417.280367,130575.963225,156.600221,0x4051ce,1,18986595,14870167,4116428,42,100.000000,1,1,158.890476,1.200000,0.800000,monitor,15,7fff,1,1,85155840,84705280,-450560,11397974106112,11412687863808,14713757696,11397974106112,11412687863808,14713757696,-1,-1,-1
2798,2,700,6,16,16,130417.114440,130575.884457,148.880164,0x4051ce,1,17983769,14303246,3680523,44,100.000000,1,1,158.890476,1.200000,0.800000,monitor,15,7fff,1,1,85155840,84705280,-450560,11397974106112,11412687863808,14713757696,11397974106112,11412687863808,14713757696,-1,-1,-1
2798,2,700,7,16,16,130417.095093,130575.980824,157.160378,0x4051ce,1,19037290,15050990,3986300,46,100.000000,1,1,158.890476,1.200000,0.800000,monitor,15,7fff,1,1,85155840,84705280,-450560,11397974106112,11412687863808,14713757696,11397974106112,11412687863808,14713757696,-1,-1,-1
2798,2,700,8,16,16,130417.119110,130575.945930,155.039245,0x4051ce,1,19010160,14672908,4337252,48,100.000000,1,1,158.890476,1.200000,0.800000,monitor,15,7fff,1,1,85155840,84705280,-450560,11397974106112,11412687863808,14713757696,11397974106112,11412687863808,14713757696,-1,-1,-1
2798,2,700,9,16,16,130417.094863,130575.847394,153.201282,0x4051ce,1,17587543,13963804,3623739,50,100.000000,1,1,158.890476,1.200000,0.800000,monitor,15,7fff,1,1,85155840,84705280,-450560,11397974106112,11412687863808,14713757696,11397974106112,11412687863808,14713757696,-1,-1,-1
2798,2,700,10,16,16,130417.344715,130575.942842,155.716335,0x4051ce,1,19003139,14776804,4226335,52,100.000000,1,1,158.890476,1.200000,0.800000,monitor,15,7fff,1,1,85155840,84705280,-450560,11397974106112,11412687863808,14713757696,11397974106112,11412687863808,14713757696,-1,-1,-1
2798,2,700,11,16,16,130417.110408,130575.932373,156.032243,0x4051ce,1,18899657,14901202,3998455,54,100.000000,1,1,158.890476,1.200000,0.800000,monitor,15,7fff,1,1,85155840,84705280,-450560,11397974106112,11412687863808,14713757696,11397974106112,11412687863808,14713757696,-1,-1,-1
2798,2,700,12,16,16,130417.090348,130574.162228,66.327555,0x4051ce,1,7916540,5936573,1979967,56,100.000000,1,1,158.890476,1.200000,0.800000,monitor,15,7fff,1,1,85155840,84705280,-450560,11397974106112,11412687863808,14713757696,11397974106112,11412687863808,14713757696,-1,-1,-1
2798,2,700,13,16,16,130417.347596,130574.252195,67.868732,0x4051ce,1,7885083,6589221,1295862,58,100.000000,1,1,158.890476,1.200000,0.800000,monitor,15,7fff,1,1,85155840,84705280,-450560,11397974106112,11412687863808,14713757696,11397974106112,11412687863808,14713757696,-1,-1,-1
2798,2,700,14,16,16,130417.106136,130574.227724,65.943098,0x4051ce,1,7935567,6000073,1935494,60,100.000000,1,1,158.890476,1.200000,0.800000,monitor,15,7fff,1,1,85155840,84705280,-450560,11397974106112,11412687863808,14713757696,11397974106112,11412687863808,14713757696,-1,-1,-1
2798,2,700,15,16,16,130417.092019,130574.171143,55.022112,0x4051ce,1,7829546,3889335,3940211,62,100.000000,1,1,158.890476,1.200000,0.800000,monitor,15,7fff,1,1,85155840,84705280,-450560,11397974106112,11412687863808,14713757696,11397974106112,11412687863808,14713757696,-1,-1,-1
2799,3,700,0,16,16,130576.206880,130576.367023,0.160143,0x405218,1,6104,3915,2189,32,100.000000,1,1,1.982500,1.200000,0.800000,monitor,15,7fff,1,1,85155840,83714048,-1441792,11412689485824,11412706877440,17391616,11412690116608,11412706877440,16760832,-1,-1,-1
2799,3,700,1,16,16,130576.497637,130576.608452,0.110815,0x405218,1,8259,4149,4110,34,100.000000,1,1,1.982500,1.200000,0.800000,monitor,15,7fff,1,1,85155840,83714048,-1441792,11412689485824,11412706877440,17391616,11412690116608,11412706877440,16760832,-1,-1,-1
2799,3,700,2,16,16,130577.063248,130577.184958,0.121710,0x405218,1,8276,4580,3696,36,100.000000,1,1,1.982500,1.200000,0.800000,monitor,15,7fff,1,1,85155840,83714048,-1441792,11412689485824,11412706877440,17391616,11412690116608,11412706877440,16760832,-1,-1,-1
2799,3,700,3,16,16,130576.286759,130576.424314,0.137555,0x405218,1,4927,3503,1424,38,100.000000,1,1,1.982500,1.200000,0.800000,monitor,15,7fff,1,1,85155840,83714048,-1441792,11412689485824,11412706877440,17391616,11412690116608,11412706877440,16760832,-1,-1,-1
2799,3,700,4,16,16,130576.622606,130576.858064,0.235458,0x405218,1,15555,7401,8154,40,100.000000,1,1,1.982500,1.200000,0.800000,monitor,15,7fff,1,1,85155840,83714048,-1441792,11412689485824,11412706877440,17391616,11412690116608,11412706877440,16760832,-1,-1,-1
2799,3,700,5,16,16,130577.630891,130577.872818,0.241927,0x405218,1,15478,7322,8156,42,100.000000,1,1,1.982500,1.200000,0.800000,monitor,15,7fff,1,1,85155840,83714048,-1441792,11412689485824,11412706877440,17391616,11412690116608,11412706877440,16760832,-1,-1,-1
2799,3,700,6,16,16,130577.778273,130578.009932,0.231659,0x405218,1,14619,8116,6503,44,100.000000,1,1,1.982500,1.200000,0.800000,monitor,15,7fff,1,1,85155840,83714048,-1441792,11412689485824,11412706877440,17391616,11412690116608,11412706877440,16760832,-1,-1,-1
2799,3,700,7,16,16,130577.936031,130578.189380,0.253349,0x405218,1,15568,7844,7724,46,100.000000,1,1,1.982500,1.200000,0.800000,monitor,15,7fff,1,1,85155840,83714048,-1441792,11412689485824,11412706877440,17391616,11412690116608,11412706877440,16760832,-1,-1,-1
2799,3,700,8,16,16,130576.286894,130576.595671,0.308777,0x405218,1,11465,7634,3831,48,100.000000,1,1,1.982500,1.200000,0.800000,monitor,15,7fff,1,1,85155840,83714048,-1441792,11412689485824,11412706877440,17391616,11412690116608,11412706877440,16760832,-1,-1,-1
2799,3,700,9,16,16,130577.196408,130577.434470,0.238062,0x405218,1,14537,7349,7188,50,100.000000,1,1,1.982500,1.200000,0.800000,monitor,15,7fff,1,1,85155840,83714048,-1441792,11412689485824,11412706877440,17391616,11412690116608,11412706877440,16760832,-1,-1,-1
2799,3,700,10,16,16,130576.286577,130576.589780,0.303203,0x405218,1,11593,7295,4298,52,100.000000,1,1,1.982500,1.200000,0.800000,monitor,15,7fff,1,1,85155840,83714048,-1441792,11412689485824,11412706877440,17391616,11412690116608,11412706877440,16760832,-1,-1,-1
2799,3,700,11,16,16,130576.751234,130576.988844,0.237610,0x405218,1,15446,7196,8250,54,100.000000,1,1,1.982500,1.200000,0.800000,monitor,15,7fff,1,1,85155840,83714048,-1441792,11412689485824,11412706877440,17391616,11412690116608,11412706877440,16760832,-1,-1,-1
2799,3,700,12,16,16,130576.296677,130576.427153,0.130476,0x405218,1,6176,4908,1268,56,100.000000,1,1,1.982500,1.200000,0.800000,monitor,15,7fff,1,1,85155840,83714048,-1441792,11412689485824,11412706877440,17391616,11412690116608,11412706877440,16760832,-1,-1,-1
2799,3,700,13,16,16,130577.334185,130577.468145,0.133960,0x405218,1,8166,3379,4787,58,100.000000,1,1,1.982500,1.200000,0.800000,monitor,15,7fff,1,1,85155840,83714048,-1441792,11412689485824,11412706877440,17391616,11412690116608,11412706877440,16760832,-1,-1,-1
2799,3,700,14,16,16,130576.894190,130577.015846,0.121656,0x405218,1,8254,4428,3826,60,100.000000,1,1,1.982500,1.200000,0.800000,monitor,15,7fff,1,1,85155840,83714048,-1441792,11412689485824,11412706877440,17391616,11412690116608,11412706877440,16760832,-1,-1,-1
2799,3,700,15,16,16,130577.466342,130577.580070,0.113728,0x405218,1,7933,3400,4533,62,100.000000,1,1,1.982500,1.200000,0.800000,monitor,15,7fff,1,1,85155840,83714048,-1441792,11412689485824,11412706877440,17391616,11412690116608,11412706877440,16760832,-1,-1,-1
2800,4,700,0,16,16,130578.484803,130578.523010,0.038207,0x4052e4,1,2127,974,1153,32,100.000000,1,1,0.500110,1.200000,0.800000,monitor,15,7fff,1,1,85155840,84074496,-1081344,11412710301696,11412711743488,1441792,11412710301696,11412711743488,1441792,-1,-1,-1
2800,4,700,1,16,16,130578.510948,130578.534845,0.023897,0x4052e4,1,934,454,480,34,100.000000,1,1,0.500110,1.200000,0.800000,monitor,15,7fff,1,1,85155840,84074496,-1081344,11412710301696,11412711743488,1441792,11412710301696,11412711743488,1441792,-1,-1,-1
2800,4,700,2,16,16,130578.493776,130578.517702,0.023926,0x4052e4,1,1037,596,441,36,100.000000,1,1,0.500110,1.200000,0.800000,monitor,15,7fff,1,1,85155840,84074496,-1081344,11412710301696,11412711743488,1441792,11412710301696,11412711743488,1441792,-1,-1,-1
2800,4,700,3,16,16,130578.936171,130578.960035,0.023864,0x4052e4,1,2672,315,2357,38,100.000000,1,1,0.500110,1.200000,0.800000,monitor,15,7fff,1,1,85155840,84074496,-1081344,11412710301696,11412711743488,1441792,11412710301696,11412711743488,1441792,-1,-1,-1
2800,4,700,4,16,16,130578.474669,130578.504198,0.029529,0x4052e4,1,773,468,305,40,100.000000,1,1,0.500110,1.200000,0.800000,monitor,15,7fff,1,1,85155840,84074496,-1081344,11412710301696,11412711743488,1441792,11412710301696,11412711743488,1441792,-1,-1,-1
2800,4,700,5,16,16,130578.502607,130578.528145,0.025538,0x4052e4,1,477,388,89,42,100.000000,1,1,0.500110,1.200000,0.800000,monitor,15,7fff,1,1,85155840,84074496,-1081344,11412710301696,11412711743488,1441792,11412710301696,11412711743488,1441792,-1,-1,-1
2800,4,700,6,16,16,130578.482908,130578.512921,0.030013,0x4052e4,1,670,426,244,44,100.000000,1,1,0.500110,1.200000,0.800000,monitor,15,7fff,1,1,85155840,84074496,-1081344,11412710301696,11412711743488,1441792,11412710301696,11412711743488,1441792,-1,-1,-1
2800,4,700,7,16,16,130578.471489,130578.502556,0.031067,0x4052e4,1,916,551,365,46,100.000000,1,1,0.500110,1.200000,0.800000,monitor,15,7fff,1,1,85155840,84074496,-1081344,11412710301696,11412711743488,1441792,11412710301696,11412711743488,1441792,-1,-1,-1
2800,4,700,8,16,16,130578.496414,130578.527572,0.031158,0x4052e4,1,2658,263,2395,48,100.000000,1,1,0.500110,1.200000,0.800000,monitor,15,7fff,1,1,85155840,84074496,-1081344,11412710301696,11412711743488,1441792,11412710301696,11412711743488,1441792,-1,-1,-1
2800,4,700,9,16,16,130578.476648,130578.504281,0.027633,0x4052e4,1,715,420,295,50,100.000000,1,1,0.500110,1.200000,0.800000,monitor,15,7fff,1,1,85155840,84074496,-1081344,11412710301696,11412711743488,1441792,11412710301696,11412711743488,1441792,-1,-1,-1
2800,4,700,10,16,16,130578.800396,130578.829038,0.028642,0x4052e4,1,3244,658,2586,52,100.000000,1,1,0.500110,1.200000,0.800000,monitor,15,7fff,1,1,85155840,84074496,-1081344,11412710301696,11412711743488,1441792,11412710301696,11412711743488,1441792,-1,-1,-1
2800,4,700,11,16,16,130578.498676,130578.525311,0.026635,0x4052e4,1,595,401,194,54,100.000000,1,1,0.500110,1.200000,0.800000,monitor,15,7fff,1,1,85155840,84074496,-1081344,11412710301696,11412711743488,1441792,11412710301696,11412711743488,1441792,-1,-1,-1
2800,4,700,12,16,16,130578.459925,130578.480532,0.020607,0x4052e4,1,73,42,31,56,100.000000,1,1,0.500110,1.200000,0.800000,monitor,15,7fff,1,1,85155840,84074496,-1081344,11412710301696,11412711743488,1441792,11412710301696,11412711743488,1441792,-1,-1,-1
2800,4,700,13,16,16,130578.518840,130578.542005,0.023165,0x4052e4,1,866,413,453,58,100.000000,1,1,0.500110,1.200000,0.800000,monitor,15,7fff,1,1,85155840,84074496,-1081344,11412710301696,11412711743488,1441792,11412710301696,11412711743488,1441792,-1,-1,-1
2800,4,700,14,16,16,130578.466221,130578.491193,0.024972,0x4052e4,1,778,310,468,60,100.000000,1,1,0.500110,1.200000,0.800000,monitor,15,7fff,1,1,85155840,84074496,-1081344,11412710301696,11412711743488,1441792,11412710301696,11412711743488,1441792,-1,-1,-1
2800,4,700,15,16,16,130578.465949,130578.491360,0.025411,0x4052e4,1,685,252,433,62,100.000000,1,1,0.500110,1.200000,0.800000,monitor,15,7fff,1,1,85155840,84074496,-1081344,11412710301696,11412711743488,1441792,11412710301696,11412711743488,1441792,-1,-1,-1
2801,5,700,0,16,16,130579.078658,130579.099112,0.020454,0x40533c,1,27,1,26,32,100.000000,1,1,0.066106,1.200000,0.800000,monitor,15,7fff,1,1,83894272,83533824,-360448,11412712013824,11412712103936,90112,11412712013824,11412712103936,90112,-1,-1,-1
2801,5,700,1,16,16,130579.100261,130579.120569,0.020308,0x40533c,1,64,0,64,34,100.000000,1,1,0.066106,1.200000,0.800000,monitor,15,7fff,1,1,83894272,83533824,-360448,11412712013824,11412712103936,90112,11412712013824,11412712103936,90112,-1,-1,-1
2801,5,700,2,16,16,130579.092556,130579.112974,0.020418,0x40533c,1,40,1,39,36,100.000000,1,1,0.066106,1.200000,0.800000,monitor,15,7fff,1,1,83894272,83533824,-360448,11412712013824,11412712103936,90112,11412712013824,11412712103936,90112,-1,-1,-1
2801,5,700,3,16,16,130579.093001,130579.113668,0.020667,0x40533c,1,430,42,388,38,100.000000,1,1,0.066106,1.200000,0.800000,monitor,15,7fff,1,1,83894272,83533824,-360448,11412712013824,11412712103936,90112,11412712013824,11412712103936,90112,-1,-1,-1
2801,5,700,4,16,16,130579.108773,130579.136693,0.027920,0x40533c,1,389,266,123,40,100.000000,1,1,0.066106,1.200000,0.800000,monitor,15,7fff,1,1,83894272,83533824,-360448,11412712013824,11412712103936,90112,11412712013824,11412712103936,90112,-1,-1,-1
2801,5,700,5,16,16,130579.093729,130579.121108,0.027379,0x40533c,1,544,354,190,42,100.000000,1,1,0.066106,1.200000,0.800000,monitor,15,7fff,1,1,83894272,83533824,-360448,11412712013824,11412712103936,90112,11412712013824,11412712103936,90112,-1,-1,-1
2801,5,700,6,16,16,130579.104471,130579.132171,0.027700,0x40533c,1,418,239,179,44,100.000000,1,1,0.066106,1.200000,0.800000,monitor,15,7fff,1,1,83894272,83533824,-360448,11412712013824,11412712103936,90112,11412712013824,11412712103936,90112,-1,-1,-1
2801,5,700,7,16,16,130579.096246,130579.124098,0.027852,0x40533c,1,435,228,207,46,100.000000,1,1,0.066106,1.200000,0.800000,monitor,15,7fff,1,1,83894272,83533824,-360448,11412712013824,11412712103936,90112,11412712013824,11412712103936,90112,-1,-1,-1
2801,5,700,8,16,16,130579.115468,130579.144764,0.029296,0x40533c,1,213,34,179,48,100.000000,1,1,0.066106,1.200000,0.800000,monitor,15,7fff,1,1,83894272,83533824,-360448,11412712013824,11412712103936,90112,11412712013824,11412712103936,90112,-1,-1,-1
2801,5,700,9,16,16,130579.082873,130579.110852,0.027979,0x40533c,1,541,257,284,50,100.000000,1,1,0.066106,1.200000,0.800000,monitor,15,7fff,1,1,83894272,83533824,-360448,11412712013824,11412712103936,90112,11412712013824,11412712103936,90112,-1,-1,-1
2801,5,700,10,16,16,130579.089170,130579.117806,0.028636,0x40533c,1,1353,372,981,52,100.000000,1,1,0.066106,1.200000,0.800000,monitor,15,7fff,1,1,83894272,83533824,-360448,11412712013824,11412712103936,90112,11412712013824,11412712103936,90112,-1,-1,-1
2801,5,700,11,16,16,130579.084932,130579.112572,0.027640,0x40533c,1,675,307,368,54,100.000000,1,1,0.066106,1.200000,0.800000,monitor,15,7fff,1,1,83894272,83533824,-360448,11412712013824,11412712103936,90112,11412712013824,11412712103936,90112,-1,-1,-1
2801,5,700,12,16,16,130579.078985,130579.099383,0.020398,0x40533c,1,42,4,38,56,100.000000,1,1,0.066106,1.200000,0.800000,monitor,15,7fff,1,1,83894272,83533824,-360448,11412712013824,11412712103936,90112,11412712013824,11412712103936,90112,-1,-1,-1
2801,5,700,13,16,16,130579.088550,130579.108816,0.020266,0x40533c,1,32,1,31,58,100.000000,1,1,0.066106,1.200000,0.800000,monitor,15,7fff,1,1,83894272,83533824,-360448,11412712013824,11412712103936,90112,11412712013824,11412712103936,90112,-1,-1,-1
2801,5,700,14,16,16,130579.083652,130579.104035,0.020383,0x40533c,1,29,0,29,60,100.000000,1,1,0.066106,1.200000,0.800000,monitor,15,7fff,1,1,83894272,83533824,-360448,11412712013824,11412712103936,90112,11412712013824,11412712103936,90112,-1,-1,-1
2801,5,700,15,16,16,130579.098456,130579.118711,0.020255,0x40533c,1,44,2,42,62,100.000000,1,1,0.066106,1.200000,0.800000,monitor,15,7fff,1,1,83894272,83533824,-360448,11412712013824,11412712103936,90112,11412712013824,11412712103936,90112,-1,-1,-1
