parallel_id,region_id,region_exec,thread_id,team_size,requested_threads,start_ms,end_ms,elapsed_ms,codeptr,pmu_valid,pmu_llc_references,pmu_llc_misses,pmu_llc_hits,cpu_id,target_mb_percent,resource_applied,resctrl_enabled,region_wall_ms,resctrl_enable_ms,resctrl_disable_ms,resource_kind,target_l3_ways,target_l3_mask,mon_valid,mon_l3_domains,mon_start_llc_occupancy_bytes,mon_end_llc_occupancy_bytes,mon_llc_occupancy_delta_bytes,mon_start_mbm_total_bytes,mon_end_mbm_total_bytes,mon_mbm_total_delta_bytes,mon_start_mbm_local_bytes,mon_end_mbm_local_bytes,mon_mbm_local_delta_bytes,mon_start_mbm_remote_bytes,mon_end_mbm_remote_bytes,mon_mbm_remote_delta_bytes
1,1,1,0,16,16,4816.901883,4825.380334,8.478451,0x404957,1,141765,140504,1261,32,100.000000,0,0,12.603202,1.200000,0.800000,mba,0,,0,0,-1,-1,-1,-1,-1,-1,-1,-1,-1,-1,-1,-1
1,1,1,1,16,16,4816.975678,4827.407813,10.432135,0x404957,1,141912,140647,1265,2,100.000000,0,0,12.603202,1.200000,0.800000,mba,0,,0,0,-1,-1,-1,-1,-1,-1,-1,-1,-1,-1,-1,-1
1,1,1,2,16,16,4817.023778,4827.421715,10.397937,0x404957,1,141981,140759,1222,4,100.000000,0,0,12.603202,1.200000,0.800000,mba,0,,0,0,-1,-1,-1,-1,-1,-1,-1,-1,-1,-1,-1,-1
1,1,1,3,16,16,4817.009770,4827.885157,10.875387,0x404957,1,142043,140865,1178,38,100.000000,0,0,12.603202,1.200000,0.800000,mba,0,,0,0,-1,-1,-1,-1,-1,-1,-1,-1,-1,-1,-1,-1
1,1,1,4,16,16,4817.027662,4826.144039,9.116377,0x404957,1,142133,140977,1156,8,100.000000,0,0,12.603202,1.200000,0.800000,mba,0,,0,0,-1,-1,-1,-1,-1,-1,-1,-1,-1,-1,-1,-1
1,1,1,5,16,16,4817.018220,4825.649747,8.631527,0x404957,1,141998,140900,1098,10,100.000000,0,0,12.603202,1.200000,0.800000,mba,0,,0,0,-1,-1,-1,-1,-1,-1,-1,-1,-1,-1,-1,-1
1,1,1,6,16,16,4816.997416,4826.611442,9.614026,0x404957,1,142097,140726,1371,44,100.000000,0,0,12.603202,1.200000,0.800000,mba,0,,0,0,-1,-1,-1,-1,-1,-1,-1,-1,-1,-1,-1,-1
1,1,1,7,16,16,4817.043770,4826.507996,9.464226,0x404957,1,142067,140820,1247,14,100.000000,0,0,12.603202,1.200000,0.800000,mba,0,,0,0,-1,-1,-1,-1,-1,-1,-1,-1,-1,-1,-1,-1
1,1,1,8,16,16,4817.241408,4826.619935,9.378527,0x404957,1,142062,140675,1387,16,100.000000,0,0,12.603202,1.200000,0.800000,mba,0,,0,0,-1,-1,-1,-1,-1,-1,-1,-1,-1,-1,-1,-1
1,1,1,9,16,16,4817.204328,4826.413439,9.209111,0x404957,1,142096,140383,1713,18,100.000000,0,0,12.603202,1.200000,0.800000,mba,0,,0,0,-1,-1,-1,-1,-1,-1,-1,-1,-1,-1,-1,-1
1,1,1,10,16,16,4817.203332,4827.915301,10.711969,0x404957,1,141848,140744,1104,52,100.000000,0,0,12.603202,1.200000,0.800000,mba,0,,0,0,-1,-1,-1,-1,-1,-1,-1,-1,-1,-1,-1,-1
1,1,1,11,16,16,4817.522998,4828.063598,10.540600,0x404957,1,141887,140592,1295,22,100.000000,0,0,12.603202,1.200000,0.800000,mba,0,,0,0,-1,-1,-1,-1,-1,-1,-1,-1,-1,-1,-1,-1
1,1,1,12,16,16,4817.435463,4829.505085,12.069622,0x404957,1,141896,139879,2017,24,100.000000,0,0,12.603202,1.200000,0.800000,mba,0,,0,0,-1,-1,-1,-1,-1,-1,-1,-1,-1,-1,-1,-1
1,1,1,13,16,16,4817.524240,4826.778017,9.253777,0x404957,1,141945,140628,1317,58,100.000000,0,0,12.603202,1.200000,0.800000,mba,0,,0,0,-1,-1,-1,-1,-1,-1,-1,-1,-1,-1,-1,-1
1,1,1,14,16,16,4817.518846,4828.014747,10.495901,0x404957,1,142104,140592,1512,60,100.000000,0,0,12.603202,1.200000,0.800000,mba,0,,0,0,-1,-1,-1,-1,-1,-1,-1,-1,-1,-1,-1,-1
1,1,1,15,16,16,4817.453220,4825.854297,8.401077,0x404957,1,142281,140629,1652,62,100.000000,0,0,12.603202,1.200000,0.800000,mba,0,,0,0,-1,-1,-1,-1,-1,-1,-1,-1,-1,-1,-1,-1
2,2,1,0,16,16,4842.064028,4982.364560,106.973729,0x4051ce,1,13518906,6245050,7273856,32,100.000000,0,0,140.492390,1.200000,0.800000,mba,0,,0,0,-1,-1,-1,-1,-1,-1,-1,-1,-1,-1,-1,-1
2,2,1,1,16,16,4842.058166,4982.256785,105.978481,0x4051ce,1,14512628,6812509,7700119,2,100.000000,0,0,140.492390,1.200000,0.800000,mba,0,,0,0,-1,-1,-1,-1,-1,-1,-1,-1,-1,-1,-1,-1
2,2,1,2,16,16,4842.058569,4982.516472,138.839299,0x4051ce,1,14157779,13021567,1136212,36,100.000000,0,0,140.492390,1.200000,0.800000,mba,0,,0,0,-1,-1,-1,-1,-1,-1,-1,-1,-1,-1,-1,-1
2,2,1,3,16,16,4842.057638,4982.524348,139.510459,0x4051ce,1,14144010,13245222,898788,38,100.000000,0,0,140.492390,1.200000,0.800000,mba,0,,0,0,-1,-1,-1,-1,-1,-1,-1,-1,-1,-1,-1,-1
2,2,1,4,16,16,4842.057700,4982.535822,140.113034,0x4051ce,1,14139831,13241632,898199,8,100.000000,0,0,140.492390,1.200000,0.800000,mba,0,,0,0,-1,-1,-1,-1,-1,-1,-1,-1,-1,-1,-1,-1
2,2,1,5,16,16,4842.058037,4982.526871,139.109533,0x4051ce,1,14126508,13222584,903924,10,100.000000,0,0,140.492390,1.200000,0.800000,mba,0,,0,0,-1,-1,-1,-1,-1,-1,-1,-1,-1,-1,-1,-1
2,2,1,6,16,16,4842.057946,4982.549060,139.623215,0x4051ce,1,14169751,13279226,890525,44,100.000000,0,0,140.492390,1.200000,0.800000,mba,0,,0,0,-1,-1,-1,-1,-1,-1,-1,-1,-1,-1,-1,-1
2,2,1,7,16,16,4842.057774,4982.530978,139.537292,0x4051ce,1,14122584,13174715,947869,14,100.000000,0,0,140.492390,1.200000,0.800000,mba,0,,0,0,-1,-1,-1,-1,-1,-1,-1,-1,-1,-1,-1,-1
2,2,1,8,16,16,4842.057677,4982.524958,138.674725,0x4051ce,1,14204248,12907877,1296371,16,100.000000,0,0,140.492390,1.200000,0.800000,mba,0,,0,0,-1,-1,-1,-1,-1,-1,-1,-1,-1,-1,-1,-1
2,2,1,9,16,16,4842.057924,4982.547595,139.652699,0x4051ce,1,14193463,12883774,1309689,18,100.000000,0,0,140.492390,1.200000,0.800000,mba,0,,0,0,-1,-1,-1,-1,-1,-1,-1,-1,-1,-1,-1,-1
2,2,1,10,16,16,4842.056951,4982.512663,138.766308,0x4051ce,1,14181135,12844233,1336902,52,100.000000,0,0,140.492390,1.200000,0.800000,mba,0,,0,0,-1,-1,-1,-1,-1,-1,-1,-1,-1,-1,-1,-1
2,2,1,11,16,16,4842.056670,4982.497016,138.321403,0x4051ce,1,14183282,12875961,1307321,22,100.000000,0,0,140.492390,1.200000,0.800000,mba,0,,0,0,-1,-1,-1,-1,-1,-1,-1,-1,-1,-1,-1,-1
2,2,1,12,16,16,4842.058146,4982.499159,136.438707,0x4051ce,1,14224214,12363035,1861179,24,100.000000,0,0,140.492390,1.200000,0.800000,mba,0,,0,0,-1,-1,-1,-1,-1,-1,-1,-1,-1,-1,-1,-1
2,2,1,13,16,16,4842.057574,4982.540785,138.208032,0x4051ce,1,14169899,12507962,1661937,58,100.000000,0,0,140.492390,1.200000,0.800000,mba,0,,0,0,-1,-1,-1,-1,-1,-1,-1,-1,-1,-1,-1,-1
2,2,1,14,16,16,4842.057500,4982.522144,138.246047,0x4051ce,1,14184669,12342549,1842120,60,100.000000,0,0,140.492390,1.200000,0.800000,mba,0,,0,0,-1,-1,-1,-1,-1,-1,-1,-1,-1,-1,-1,-1
2,2,1,15,16,16,4842.058199,4982.518429,135.708384,0x4051ce,1,13869630,11905039,1964591,62,100.000000,0,0,140.492390,1.200000,0.800000,mba,0,,0,0,-1,-1,-1,-1,-1,-1,-1,-1,-1,-1,-1,-1
3,3,1,0,16,16,4982.633599,4982.753447,0.119848,0x405218,1,7548,3005,4543,32,100.000000,0,0,0.153617,1.200000,0.800000,mba,0,,0,0,-1,-1,-1,-1,-1,-1,-1,-1,-1,-1,-1,-1
3,3,1,1,16,16,4982.632474,4982.744224,0.111750,0x405218,1,7628,2451,5177,2,100.000000,0,0,0.153617,1.200000,0.800000,mba,0,,0,0,-1,-1,-1,-1,-1,-1,-1,-1,-1,-1,-1,-1
3,3,1,2,16,16,4982.632618,4982.777618,0.145000,0x405218,1,5791,4575,1216,36,100.000000,0,0,0.153617,1.200000,0.800000,mba,0,,0,0,-1,-1,-1,-1,-1,-1,-1,-1,-1,-1,-1,-1
3,3,1,3,16,16,4982.632203,4982.784633,0.152430,0x405218,1,5787,4867,920,38,100.000000,0,0,0.153617,1.200000,0.800000,mba,0,,0,0,-1,-1,-1,-1,-1,-1,-1,-1,-1,-1,-1,-1
3,3,1,4,16,16,4982.632625,4982.777227,0.144602,0x405218,1,5451,4523,928,8,100.000000,0,0,0.153617,1.200000,0.800000,mba,0,,0,0,-1,-1,-1,-1,-1,-1,-1,-1,-1,-1,-1,-1
3,3,1,5,16,16,4982.632094,4982.785376,0.153282,0x405218,1,5187,4478,709,10,100.000000,0,0,0.153617,1.200000,0.800000,mba,0,,0,0,-1,-1,-1,-1,-1,-1,-1,-1,-1,-1,-1,-1
3,3,1,6,16,16,4982.632512,4982.784318,0.151806,0x405218,1,5872,4723,1149,44,100.000000,0,0,0.153617,1.200000,0.800000,mba,0,,0,0,-1,-1,-1,-1,-1,-1,-1,-1,-1,-1,-1,-1
3,3,1,7,16,16,4982.631759,4982.782660,0.150901,0x405218,1,5417,4594,823,14,100.000000,0,0,0.153617,1.200000,0.800000,mba,0,,0,0,-1,-1,-1,-1,-1,-1,-1,-1,-1,-1,-1,-1
3,3,1,8,16,16,4982.632651,4982.780905,0.148254,0x405218,1,5820,4836,984,16,100.000000,0,0,0.153617,1.200000,0.800000,mba,0,,0,0,-1,-1,-1,-1,-1,-1,-1,-1,-1,-1,-1,-1
3,3,1,9,16,16,4982.631970,4982.778299,0.146329,0x405218,1,5626,4743,883,18,100.000000,0,0,0.153617,1.200000,0.800000,mba,0,,0,0,-1,-1,-1,-1,-1,-1,-1,-1,-1,-1,-1,-1
3,3,1,10,16,16,4982.632145,4982.784073,0.151928,0x405218,1,5745,4648,1097,52,100.000000,0,0,0.153617,1.200000,0.800000,mba,0,,0,0,-1,-1,-1,-1,-1,-1,-1,-1,-1,-1,-1,-1
3,3,1,11,16,16,4982.632037,4982.781012,0.148975,0x405218,1,5755,4426,1329,22,100.000000,0,0,0.153617,1.200000,0.800000,mba,0,,0,0,-1,-1,-1,-1,-1,-1,-1,-1,-1,-1,-1,-1
3,3,1,12,16,16,4982.632826,4982.783880,0.151054,0x405218,1,5792,4593,1199,24,100.000000,0,0,0.153617,1.200000,0.800000,mba,0,,0,0,-1,-1,-1,-1,-1,-1,-1,-1,-1,-1,-1,-1
3,3,1,13,16,16,4982.632007,4982.779076,0.147069,0x405218,1,5350,4109,1241,58,100.000000,0,0,0.153617,1.200000,0.800000,mba,0,,0,0,-1,-1,-1,-1,-1,-1,-1,-1,-1,-1,-1,-1
3,3,1,14,16,16,4982.632787,4982.782341,0.149554,0x405218,1,5603,4240,1363,60,100.000000,0,0,0.153617,1.200000,0.800000,mba,0,,0,0,-1,-1,-1,-1,-1,-1,-1,-1,-1,-1,-1,-1
3,3,1,15,16,16,4982.631844,4982.769785,0.137941,0x405218,1,5107,3950,1157,62,100.000000,0,0,0.153617,1.200000,0.800000,mba,0,,0,0,-1,-1,-1,-1,-1,-1,-1,-1,-1,-1,-1,-1
4,4,1,0,16,16,4982.987653,4983.018779,0.031126,0x4052e4,1,1811,1089,722,32,100.000000,0,0,0.033465,1.200000,0.800000,mba,0,,0,0,-1,-1,-1,-1,-1,-1,-1,-1,-1,-1,-1,-1
4,4,1,1,16,16,4982.986488,4983.009633,0.023145,0x4052e4,1,262,151,111,2,100.000000,0,0,0.033465,1.200000,0.800000,mba,0,,0,0,-1,-1,-1,-1,-1,-1,-1,-1,-1,-1,-1,-1
4,4,1,2,16,16,4982.985684,4983.008025,0.022341,0x4052e4,1,154,110,44,36,100.000000,0,0,0.033465,1.200000,0.800000,mba,0,,0,0,-1,-1,-1,-1,-1,-1,-1,-1,-1,-1,-1,-1
4,4,1,3,16,16,4982.986536,4983.009495,0.022959,0x4052e4,1,138,95,43,38,100.000000,0,0,0.033465,1.200000,0.800000,mba,0,,0,0,-1,-1,-1,-1,-1,-1,-1,-1,-1,-1,-1,-1
4,4,1,4,16,16,4982.986848,4983.010245,0.023397,0x4052e4,1,158,90,68,8,100.000000,0,0,0.033465,1.200000,0.800000,mba,0,,0,0,-1,-1,-1,-1,-1,-1,-1,-1,-1,-1,-1,-1
4,4,1,5,16,16,4982.985397,4983.008561,0.023164,0x4052e4,1,191,117,74,10,100.000000,0,0,0.033465,1.200000,0.800000,mba,0,,0,0,-1,-1,-1,-1,-1,-1,-1,-1,-1,-1,-1,-1
4,4,1,6,16,16,4982.986277,4983.009330,0.023053,0x4052e4,1,198,111,87,44,100.000000,0,0,0.033465,1.200000,0.800000,mba,0,,0,0,-1,-1,-1,-1,-1,-1,-1,-1,-1,-1,-1,-1
4,4,1,7,16,16,4982.986839,4983.009723,0.022884,0x4052e4,1,153,88,65,14,100.000000,0,0,0.033465,1.200000,0.800000,mba,0,,0,0,-1,-1,-1,-1,-1,-1,-1,-1,-1,-1,-1,-1
4,4,1,8,16,16,4982.986434,4983.008471,0.022037,0x4052e4,1,152,108,44,16,100.000000,0,0,0.033465,1.200000,0.800000,mba,0,,0,0,-1,-1,-1,-1,-1,-1,-1,-1,-1,-1,-1,-1
4,4,1,9,16,16,4982.986038,4983.009007,0.022969,0x4052e4,1,164,100,64,18,100.000000,0,0,0.033465,1.200000,0.800000,mba,0,,0,0,-1,-1,-1,-1,-1,-1,-1,-1,-1,-1,-1,-1
4,4,1,10,16,16,4982.985389,4983.007635,0.022246,0x4052e4,1,161,88,73,52,100.000000,0,0,0.033465,1.200000,0.800000,mba,0,,0,0,-1,-1,-1,-1,-1,-1,-1,-1,-1,-1,-1,-1
4,4,1,11,16,16,4982.986017,4983.008071,0.022054,0x4052e4,1,126,76,50,22,100.000000,0,0,0.033465,1.200000,0.800000,mba,0,,0,0,-1,-1,-1,-1,-1,-1,-1,-1,-1,-1,-1,-1
4,4,1,12,16,16,4982.985314,4983.007305,0.021991,0x4052e4,1,173,143,30,24,100.000000,0,0,0.033465,1.200000,0.800000,mba,0,,0,0,-1,-1,-1,-1,-1,-1,-1,-1,-1,-1,-1,-1
4,4,1,13,16,16,4982.986378,4983.008377,0.021999,0x4052e4,1,136,74,62,58,100.000000,0,0,0.033465,1.200000,0.800000,mba,0,,0,0,-1,-1,-1,-1,-1,-1,-1,-1,-1,-1,-1,-1
4,4,1,14,16,16,4982.986151,4983.007849,0.021698,0x4052e4,1,169,131,38,60,100.000000,0,0,0.033465,1.200000,0.800000,mba,0,,0,0,-1,-1,-1,-1,-1,-1,-1,-1,-1,-1,-1,-1
4,4,1,15,16,16,4982.986861,4983.008833,0.021972,0x4052e4,1,123,89,34,62,100.000000,0,0,0.033465,1.200000,0.800000,mba,0,,0,0,-1,-1,-1,-1,-1,-1,-1,-1,-1,-1,-1,-1
5,5,1,0,16,16,4984.383594,4984.404061,0.020467,0x40533c,1,41,1,40,32,100.000000,0,0,0.031675,1.200000,0.800000,mba,0,,0,0,-1,-1,-1,-1,-1,-1,-1,-1,-1,-1,-1,-1
5,5,1,1,16,16,4984.384034,4984.404816,0.020782,0x40533c,1,55,2,53,2,100.000000,0,0,0.031675,1.200000,0.800000,mba,0,,0,0,-1,-1,-1,-1,-1,-1,-1,-1,-1,-1,-1,-1
5,5,1,2,16,16,4984.382546,4984.403589,0.021043,0x40533c,1,54,7,47,36,100.000000,0,0,0.031675,1.200000,0.800000,mba,0,,0,0,-1,-1,-1,-1,-1,-1,-1,-1,-1,-1,-1,-1
5,5,1,3,16,16,4984.389684,4984.413401,0.023717,0x40533c,1,1591,131,1460,38,100.000000,0,0,0.031675,1.200000,0.800000,mba,0,,0,0,-1,-1,-1,-1,-1,-1,-1,-1,-1,-1,-1,-1
5,5,1,4,16,16,4984.389928,4984.413801,0.023873,0x40533c,1,1621,153,1468,8,100.000000,0,0,0.031675,1.200000,0.800000,mba,0,,0,0,-1,-1,-1,-1,-1,-1,-1,-1,-1,-1,-1,-1
5,5,1,5,16,16,4984.383864,4984.404636,0.020772,0x40533c,1,52,10,42,10,100.000000,0,0,0.031675,1.200000,0.800000,mba,0,,0,0,-1,-1,-1,-1,-1,-1,-1,-1,-1,-1,-1,-1
5,5,1,6,16,16,4984.389687,4984.413335,0.023648,0x40533c,1,1607,142,1465,44,100.000000,0,0,0.031675,1.200000,0.800000,mba,0,,0,0,-1,-1,-1,-1,-1,-1,-1,-1,-1,-1,-1,-1
5,5,1,7,16,16,4984.389613,4984.412977,0.023364,0x40533c,1,1609,172,1437,14,100.000000,0,0,0.031675,1.200000,0.800000,mba,0,,0,0,-1,-1,-1,-1,-1,-1,-1,-1,-1,-1,-1,-1
5,5,1,8,16,16,4984.389715,4984.413199,0.023484,0x40533c,1,1610,139,1471,16,100.000000,0,0,0.031675,1.200000,0.800000,mba,0,,0,0,-1,-1,-1,-1,-1,-1,-1,-1,-1,-1,-1,-1
5,5,1,9,16,16,4984.389960,4984.413513,0.023553,0x40533c,1,1638,143,1495,18,100.000000,0,0,0.031675,1.200000,0.800000,mba,0,,0,0,-1,-1,-1,-1,-1,-1,-1,-1,-1,-1,-1,-1
5,5,1,10,16,16,4984.385346,4984.410806,0.025460,0x40533c,1,1356,17,1339,52,100.000000,0,0,0.031675,1.200000,0.800000,mba,0,,0,0,-1,-1,-1,-1,-1,-1,-1,-1,-1,-1,-1,-1
5,5,1,11,16,16,4984.389416,4984.412648,0.023232,0x40533c,1,1628,152,1476,22,100.000000,0,0,0.031675,1.200000,0.800000,mba,0,,0,0,-1,-1,-1,-1,-1,-1,-1,-1,-1,-1,-1,-1
5,5,1,12,16,16,4984.382126,4984.403603,0.021477,0x40533c,1,39,1,38,24,100.000000,0,0,0.031675,1.200000,0.800000,mba,0,,0,0,-1,-1,-1,-1,-1,-1,-1,-1,-1,-1,-1,-1
5,5,1,13,16,16,4984.383030,4984.403424,0.020394,0x40533c,1,43,5,38,58,100.000000,0,0,0.031675,1.200000,0.800000,mba,0,,0,0,-1,-1,-1,-1,-1,-1,-1,-1,-1,-1,-1,-1
5,5,1,14,16,16,4984.382694,4984.403343,0.020649,0x40533c,1,76,30,46,60,100.000000,0,0,0.031675,1.200000,0.800000,mba,0,,0,0,-1,-1,-1,-1,-1,-1,-1,-1,-1,-1,-1,-1
5,5,1,15,16,16,4984.389505,4984.412889,0.023384,0x40533c,1,1645,168,1477,62,100.000000,0,0,0.031675,1.200000,0.800000,mba,0,,0,0,-1,-1,-1,-1,-1,-1,-1,-1,-1,-1,-1,-1
398,2,100,0,16,16,38396.621237,38751.065884,206.982291,0x4051ce,1,13415642,9825431,3590211,32,40.000000,1,1,357.242402,1.200000,0.800000,mba,0,,1,1,0,1081344,159047680,180224,1640488960,1607147520,180224,1640488960,1606336512,-1,-1,-1
398,2,100,1,16,16,38397.264105,38750.998470,206.573941,0x4051ce,1,13867802,9942928,3924874,34,40.000000,1,1,357.242402,1.200000,0.800000,mba,0,,1,1,180224,991232,158146560,2973696,1640308736,1608409088,3063808,1640488960,1607958528,-1,-1,-1
398,2,100,2,16,16,38398.480803,38750.037767,177.855410,0x4051ce,1,13770543,12880010,890533,36,50.000000,1,1,357.242402,1.200000,0.800000,mba,0,,1,1,3334144,901120,168599552,25501696,6309642240,6232326144,25772032,6309642240,6232506368,-1,-1,-1
398,2,100,3,16,16,38396.949960,38749.987974,178.496706,0x4051ce,1,13843982,13067369,776613,38,50.000000,1,1,357.242402,1.200000,0.800000,mba,0,,1,1,0,991232,172474368,811008,6309191680,6230974464,811008,6309281792,6231064576,-1,-1,-1
398,2,100,4,16,16,38399.071497,38753.863639,348.162186,0x4051ce,1,48902223,35650959,13251264,8,100.000000,1,1,357.242402,1.200000,0.800000,mba,0,,1,1,12165120,83443712,69476352,69926912,25628663808,25510076416,70287360,25628663808,25494306816,-1,-1,-1
398,2,100,5,16,16,38397.119252,38753.815305,348.054776,0x4051ce,1,48939923,35492762,13447161,10,100.000000,1,1,357.242402,1.200000,0.800000,mba,0,,1,1,0,83443712,81010688,0,25628303360,25493315584,0,25628483584,25481330688,-1,-1,-1
398,2,100,6,16,16,38398.714157,38753.538332,334.807711,0x4051ce,1,46249354,34072332,12177022,12,100.000000,1,1,357.242402,1.200000,0.800000,mba,0,,1,1,9461760,82993152,59203584,49831936,25607127040,24693751808,50192384,25607757824,24690327552,-1,-1,-1
398,2,100,7,16,16,38397.461520,38753.835565,348.774968,0x4051ce,1,48944098,35806237,13137861,14,100.000000,1,1,357.242402,1.200000,0.800000,mba,0,,1,1,360448,83353600,81371136,4505600,25628663808,25536659456,4505600,25628663808,25519177728,-1,-1,-1
398,2,100,8,16,16,38397.951747,38753.747793,345.676250,0x4051ce,1,48969273,35405441,13563832,16,100.000000,1,1,357.242402,1.200000,0.800000,mba,0,,1,1,3334144,83353600,71639040,18382848,25625600000,25413025792,18382848,25626140672,25412304896,-1,-1,-1
398,2,100,9,16,16,38398.328085,38753.654820,335.158478,0x4051ce,1,46245837,34340542,11905295,18,100.000000,1,1,357.242402,1.200000,0.800000,mba,0,,1,1,6127616,83173376,62447616,32890880,25618481152,24727814144,32980992,25619202048,24720064512,-1,-1,-1
398,2,100,10,16,16,38397.795386,38753.722659,346.871893,0x4051ce,1,48981739,35713826,13267913,52,100.000000,1,1,357.242402,1.200000,0.800000,mba,0,,1,1,2793472,83353600,77406208,13246464,25624158208,25498181632,13516800,25624518656,25486827520,-1,-1,-1
398,2,100,11,16,16,38398.890837,38753.756655,345.687712,0x4051ce,1,48939171,35492385,13446786,22,100.000000,1,1,357.242402,1.200000,0.800000,mba,0,,1,1,10903552,83353600,65331200,59023360,25625960448,25405636608,59113472,25626411008,25398517760,-1,-1,-1
398,2,100,12,16,16,38398.149094,38749.890305,176.226036,0x4051ce,1,14156103,13235991,920112,24,50.000000,1,1,357.242402,1.200000,0.800000,mba,0,,1,1,2072576,901120,173645824,17752064,6307119104,6195830784,17752064,6307299328,6198984704,-1,-1,-1
398,2,100,13,16,16,38396.809409,38750.039807,181.070386,0x4051ce,1,13748707,12954946,793761,58,50.000000,1,1,357.242402,1.200000,0.800000,mba,0,,1,1,0,901120,160399360,0,6309642240,6246653952,0,6309642240,6244671488,-1,-1,-1
398,2,100,14,16,16,38398.658544,38750.058971,179.804353,0x4051ce,1,14111408,13352698,758710,60,50.000000,1,1,357.242402,1.200000,0.800000,mba,0,,1,1,4505600,811008,163012608,30187520,6309732352,6243860480,30367744,6309732352,6242689024,-1,-1,-1
398,2,100,15,16,16,38397.633232,38750.032822,176.991697,0x4051ce,1,13805696,13021221,784475,62,50.000000,1,1,357.242402,1.200000,0.800000,mba,0,,1,1,270336,901120,179773440,9822208,6309642240,6213222400,9912320,6309642240,6213042176,-1,-1,-1
399,3,100,0,16,16,38754.053785,38754.230547,0.176762,0x405218,1,7533,6094,1439,32,50.000000,0,0,0.363918,1.200000,0.800000,mba,0,,0,0,-1,-1,-1,-1,-1,-1,-1,-1,-1,-1,-1,-1
399,3,100,1,16,16,38754.052351,38754.253855,0.201504,0x405218,1,7369,5177,2192,34,50.000000,0,0,0.363918,1.200000,0.800000,mba,0,,0,0,-1,-1,-1,-1,-1,-1,-1,-1,-1,-1,-1,-1
399,3,100,2,16,16,38754.051806,38754.230711,0.178905,0x405218,1,5791,4889,902,36,50.000000,0,0,0.363918,1.200000,0.800000,mba,0,,0,0,-1,-1,-1,-1,-1,-1,-1,-1,-1,-1,-1,-1
399,3,100,3,16,16,38754.052048,38754.218859,0.166811,0x405218,1,5820,5149,671,38,50.000000,0,0,0.363918,1.200000,0.800000,mba,0,,0,0,-1,-1,-1,-1,-1,-1,-1,-1,-1,-1,-1,-1
399,3,100,4,16,16,38754.052826,38754.413240,0.360414,0x405218,1,17002,10868,6134,8,100.000000,0,0,0.363918,1.200000,0.800000,mba,0,,0,0,-1,-1,-1,-1,-1,-1,-1,-1,-1,-1,-1,-1
399,3,100,5,16,16,38754.052154,38754.415494,0.363340,0x405218,1,16992,10799,6193,10,100.000000,0,0,0.363918,1.200000,0.800000,mba,0,,0,0,-1,-1,-1,-1,-1,-1,-1,-1,-1,-1,-1,-1
399,3,100,6,16,16,38754.053315,38754.400898,0.347583,0x405218,1,15933,10575,5358,12,100.000000,0,0,0.363918,1.200000,0.800000,mba,0,,0,0,-1,-1,-1,-1,-1,-1,-1,-1,-1,-1,-1,-1
399,3,100,7,16,16,38754.052014,38754.408347,0.356333,0x405218,1,17026,10543,6483,14,100.000000,0,0,0.363918,1.200000,0.800000,mba,0,,0,0,-1,-1,-1,-1,-1,-1,-1,-1,-1,-1,-1,-1
399,3,100,8,16,16,38754.053048,38754.394540,0.341492,0x405218,1,16986,11820,5166,16,100.000000,0,0,0.363918,1.200000,0.800000,mba,0,,0,0,-1,-1,-1,-1,-1,-1,-1,-1,-1,-1,-1,-1
399,3,100,9,16,16,38754.052685,38754.398980,0.346295,0x405218,1,16017,12375,3642,18,100.000000,0,0,0.363918,1.200000,0.800000,mba,0,,0,0,-1,-1,-1,-1,-1,-1,-1,-1,-1,-1,-1,-1
399,3,100,10,16,16,38754.052476,38754.401060,0.348584,0x405218,1,16956,12216,4740,52,100.000000,0,0,0.363918,1.200000,0.800000,mba,0,,0,0,-1,-1,-1,-1,-1,-1,-1,-1,-1,-1,-1,-1
399,3,100,11,16,16,38754.052917,38754.397386,0.344469,0x405218,1,17046,12013,5033,22,100.000000,0,0,0.363918,1.200000,0.800000,mba,0,,0,0,-1,-1,-1,-1,-1,-1,-1,-1,-1,-1,-1,-1
399,3,100,12,16,16,38754.051822,38754.208908,0.157086,0x405218,1,6012,5045,967,24,50.000000,0,0,0.363918,1.200000,0.800000,mba,0,,0,0,-1,-1,-1,-1,-1,-1,-1,-1,-1,-1,-1,-1
399,3,100,13,16,16,38754.052157,38754.225049,0.172892,0x405218,1,5406,4746,660,58,50.000000,0,0,0.363918,1.200000,0.800000,mba,0,,0,0,-1,-1,-1,-1,-1,-1,-1,-1,-1,-1,-1,-1
399,3,100,14,16,16,38754.051576,38754.218412,0.166836,0x405218,1,5737,5094,643,60,50.000000,0,0,0.363918,1.200000,0.800000,mba,0,,0,0,-1,-1,-1,-1,-1,-1,-1,-1,-1,-1,-1,-1
399,3,100,15,16,16,38754.051679,38754.200607,0.148928,0x405218,1,5209,4864,345,62,50.000000,0,0,0.363918,1.200000,0.800000,mba,0,,0,0,-1,-1,-1,-1,-1,-1,-1,-1,-1,-1,-1,-1
400,4,100,0,16,16,38755.020902,38755.060826,0.039924,0x4052e4,1,1922,1563,359,32,60.000000,0,0,0.044885,1.200000,0.800000,mba,0,,0,0,-1,-1,-1,-1,-1,-1,-1,-1,-1,-1,-1,-1
400,4,100,1,16,16,38755.017273,38755.041271,0.023998,0x4052e4,1,142,78,64,34,50.000000,0,0,0.044885,1.200000,0.800000,mba,0,,0,0,-1,-1,-1,-1,-1,-1,-1,-1,-1,-1,-1,-1
400,4,100,2,16,16,38755.016398,38755.039638,0.023240,0x4052e4,1,70,26,44,36,50.000000,0,0,0.044885,1.200000,0.800000,mba,0,,0,0,-1,-1,-1,-1,-1,-1,-1,-1,-1,-1,-1,-1
400,4,100,3,16,16,38755.016672,38755.039514,0.022842,0x4052e4,1,165,96,69,38,50.000000,0,0,0.044885,1.200000,0.800000,mba,0,,0,0,-1,-1,-1,-1,-1,-1,-1,-1,-1,-1,-1,-1
400,4,100,4,16,16,38755.016605,38755.041832,0.025227,0x4052e4,1,333,262,71,8,50.000000,0,0,0.044885,1.200000,0.800000,mba,0,,0,0,-1,-1,-1,-1,-1,-1,-1,-1,-1,-1,-1,-1
400,4,100,5,16,16,38755.017738,38755.042872,0.025134,0x4052e4,1,331,233,98,10,100.000000,0,0,0.044885,1.200000,0.800000,mba,0,,0,0,-1,-1,-1,-1,-1,-1,-1,-1,-1,-1,-1,-1
400,4,100,6,16,16,38755.018057,38755.043332,0.025275,0x4052e4,1,345,279,66,12,50.000000,0,0,0.044885,1.200000,0.800000,mba,0,,0,0,-1,-1,-1,-1,-1,-1,-1,-1,-1,-1,-1,-1
400,4,100,7,16,16,38755.018341,38755.043640,0.025299,0x4052e4,1,344,273,71,14,50.000000,0,0,0.044885,1.200000,0.800000,mba,0,,0,0,-1,-1,-1,-1,-1,-1,-1,-1,-1,-1,-1,-1
400,4,100,8,16,16,38755.016884,38755.042106,0.025222,0x4052e4,1,335,257,78,16,50.000000,0,0,0.044885,1.200000,0.800000,mba,0,,0,0,-1,-1,-1,-1,-1,-1,-1,-1,-1,-1,-1,-1
400,4,100,9,16,16,38755.017930,38755.042566,0.024636,0x4052e4,1,309,250,59,18,50.000000,0,0,0.044885,1.200000,0.800000,mba,0,,0,0,-1,-1,-1,-1,-1,-1,-1,-1,-1,-1,-1,-1
400,4,100,10,16,16,38755.017531,38755.042295,0.024764,0x4052e4,1,346,287,59,52,50.000000,0,0,0.044885,1.200000,0.800000,mba,0,,0,0,-1,-1,-1,-1,-1,-1,-1,-1,-1,-1,-1,-1
400,4,100,11,16,16,38755.018355,38755.042883,0.024528,0x4052e4,1,318,263,55,22,50.000000,0,0,0.044885,1.200000,0.800000,mba,0,,0,0,-1,-1,-1,-1,-1,-1,-1,-1,-1,-1,-1,-1
400,4,100,12,16,16,38755.015941,38755.038544,0.022603,0x4052e4,1,215,150,65,24,50.000000,0,0,0.044885,1.200000,0.800000,mba,0,,0,0,-1,-1,-1,-1,-1,-1,-1,-1,-1,-1,-1,-1
400,4,100,13,16,16,38755.016017,38755.038488,0.022471,0x4052e4,1,61,12,49,58,50.000000,0,0,0.044885,1.200000,0.800000,mba,0,,0,0,-1,-1,-1,-1,-1,-1,-1,-1,-1,-1,-1,-1
400,4,100,14,16,16,38755.017510,38755.039897,0.022387,0x4052e4,1,189,118,71,60,50.000000,0,0,0.044885,1.200000,0.800000,mba,0,,0,0,-1,-1,-1,-1,-1,-1,-1,-1,-1,-1,-1,-1
400,4,100,15,16,16,38755.017513,38755.039708,0.022195,0x4052e4,1,177,114,63,62,50.000000,0,0,0.044885,1.200000,0.800000,mba,0,,0,0,-1,-1,-1,-1,-1,-1,-1,-1,-1,-1,-1,-1
401,5,100,0,16,16,38755.126708,38755.149029,0.022321,0x40533c,1,63,4,59,32,60.000000,0,0,0.030375,1.200000,0.800000,mba,0,,0,0,-1,-1,-1,-1,-1,-1,-1,-1,-1,-1,-1,-1
401,5,100,1,16,16,38755.126111,38755.148609,0.022498,0x40533c,1,111,73,38,34,60.000000,0,0,0.030375,1.200000,0.800000,mba,0,,0,0,-1,-1,-1,-1,-1,-1,-1,-1,-1,-1,-1,-1
401,5,100,2,16,16,38755.126993,38755.149562,0.022569,0x40533c,1,75,43,32,36,60.000000,0,0,0.030375,1.200000,0.800000,mba,0,,0,0,-1,-1,-1,-1,-1,-1,-1,-1,-1,-1,-1,-1
401,5,100,3,16,16,38755.126726,38755.148905,0.022179,0x40533c,1,130,100,30,38,60.000000,0,0,0.030375,1.200000,0.800000,mba,0,,0,0,-1,-1,-1,-1,-1,-1,-1,-1,-1,-1,-1,-1
401,5,100,4,16,16,38755.127035,38755.155292,0.028257,0x40533c,1,645,455,190,8,100.000000,0,0,0.030375,1.200000,0.800000,mba,0,,0,0,-1,-1,-1,-1,-1,-1,-1,-1,-1,-1,-1,-1
401,5,100,5,16,16,38755.127277,38755.155123,0.027846,0x40533c,1,605,365,240,10,100.000000,0,0,0.030375,1.200000,0.800000,mba,0,,0,0,-1,-1,-1,-1,-1,-1,-1,-1,-1,-1,-1,-1
401,5,100,6,16,16,38755.127996,38755.156068,0.028072,0x40533c,1,613,424,189,12,80.000000,0,0,0.030375,1.200000,0.800000,mba,0,,0,0,-1,-1,-1,-1,-1,-1,-1,-1,-1,-1,-1,-1
401,5,100,7,16,16,38755.126577,38755.154698,0.028121,0x40533c,1,693,460,233,14,80.000000,0,0,0.030375,1.200000,0.800000,mba,0,,0,0,-1,-1,-1,-1,-1,-1,-1,-1,-1,-1,-1,-1
401,5,100,8,16,16,38755.125693,38755.153399,0.027706,0x40533c,1,804,444,360,16,80.000000,0,0,0.030375,1.200000,0.800000,mba,0,,0,0,-1,-1,-1,-1,-1,-1,-1,-1,-1,-1,-1,-1
401,5,100,9,16,16,38755.126977,38755.154320,0.027343,0x40533c,1,672,289,383,18,80.000000,0,0,0.030375,1.200000,0.800000,mba,0,,0,0,-1,-1,-1,-1,-1,-1,-1,-1,-1,-1,-1,-1
401,5,100,10,16,16,38755.125761,38755.153086,0.027325,0x40533c,1,663,380,283,52,80.000000,0,0,0.030375,1.200000,0.800000,mba,0,,0,0,-1,-1,-1,-1,-1,-1,-1,-1,-1,-1,-1,-1
401,5,100,11,16,16,38755.127263,38755.154402,0.027139,0x40533c,1,542,246,296,22,80.000000,0,0,0.030375,1.200000,0.800000,mba,0,,0,0,-1,-1,-1,-1,-1,-1,-1,-1,-1,-1,-1,-1
401,5,100,12,16,16,38755.126871,38755.148968,0.022097,0x40533c,1,96,48,48,24,60.000000,0,0,0.030375,1.200000,0.800000,mba,0,,0,0,-1,-1,-1,-1,-1,-1,-1,-1,-1,-1,-1,-1
401,5,100,13,16,16,38755.126617,38755.149285,0.022668,0x40533c,1,49,26,23,58,60.000000,0,0,0.030375,1.200000,0.800000,mba,0,,0,0,-1,-1,-1,-1,-1,-1,-1,-1,-1,-1,-1,-1
401,5,100,14,16,16,38755.126389,38755.148777,0.022388,0x40533c,1,89,57,32,60,60.000000,0,0,0.030375,1.200000,0.800000,mba,0,,0,0,-1,-1,-1,-1,-1,-1,-1,-1,-1,-1,-1,-1
401,5,100,15,16,16,38755.126842,38755.149291,0.022449,0x40533c,1,123,95,28,62,60.000000,0,0,0.030375,1.200000,0.800000,mba,0,,0,0,-1,-1,-1,-1,-1,-1,-1,-1,-1,-1,-1,-1
798,2,200,0,16,16,75142.428350,75505.716517,280.588549,0x4051ce,1,13415702,9993837,3421865,32,30.000000,1,1,366.465917,1.200000,0.800000,mba,0,,1,1,630784,6397952,131923968,19554304,8073945088,7297810432,20365312,8074035200,7297720320,-1,-1,-1
798,2,200,1,16,16,75142.221656,75505.594239,280.317601,0x4051ce,1,14034543,10301975,3732568,34,30.000000,1,1,366.465917,1.200000,0.800000,mba,0,,1,1,540672,6127616,131203072,16490496,8071241728,7284924416,16490496,8071421952,7287177216,-1,-1,-1
798,2,200,2,16,16,75141.716330,75506.436104,316.671064,0x4051ce,1,13624219,13232751,391468,36,30.000000,1,1,366.465917,1.200000,0.800000,mba,0,,1,1,270336,6938624,91373568,7929856,8086831104,8011948032,8019968,8086831104,8011317248,-1,-1,-1
798,2,200,3,16,16,75141.915710,75506.442456,317.777944,0x4051ce,1,13533188,13251698,281490,38,30.000000,1,1,366.465917,1.200000,0.800000,mba,0,,1,1,180224,6938624,86777856,10723328,8086831104,8025374720,10723328,8086831104,8024653824,-1,-1,-1
798,2,200,4,16,16,75142.104829,75507.185545,357.835569,0x4051ce,1,51609112,37589359,14019753,40,100.000000,1,1,366.465917,1.200000,0.800000,mba,0,,1,1,75243520,78757888,720896,2677734580224,2704983457792,27188862976,2677734760448,2704983457792,27173634048,-1,-1,-1
798,2,200,5,16,16,75142.639705,75507.201853,357.753939,0x4051ce,1,51643080,37353715,14289365,42,100.000000,1,1,366.465917,1.200000,0.800000,mba,0,,1,1,74072064,78757888,720896,2677757919232,2704983547904,27187781632,2677757919232,2704983547904,27171651584,-1,-1,-1
798,2,200,6,16,16,75142.766482,75506.927637,342.857561,0x4051ce,1,48600572,35800139,12800433,12,100.000000,1,1,366.465917,1.200000,0.800000,mba,0,,1,1,73531392,78217216,-1531904,2677764857856,2704965255168,26220429312,2677765398528,2704965525504,26217816064,-1,-1,-1
798,2,200,7,16,16,75142.932378,75507.209637,357.663634,0x4051ce,1,51649830,37624764,14025066,14,100.000000,1,1,366.465917,1.200000,0.800000,mba,0,,1,1,73170944,78757888,2523136,2677775941632,2704983547904,27176517632,2677776302080,2704983638016,27157684224,-1,-1,-1
798,2,200,8,16,16,75142.504077,75507.165343,354.930300,0x4051ce,1,51617985,37271082,14346903,16,100.000000,1,1,366.465917,1.200000,0.800000,mba,0,,1,1,73711616,78667776,-1171456,2677751250944,2704983187456,27082170368,2677751611392,2704983367680,27075862528,-1,-1,-1
798,2,200,9,16,16,75141.072751,75506.976441,343.380660,0x4051ce,1,48552332,36107886,12444446,18,100.000000,1,1,366.465917,1.200000,0.800000,mba,0,,1,1,75423744,78487552,-1351680,2677692858368,2704969039872,26266025984,2677693128704,2704969310208,26261250048,-1,-1,-1
798,2,200,10,16,16,75141.446435,75507.133049,355.768544,0x4051ce,1,51637887,37671672,13966215,52,100.000000,1,1,366.465917,1.200000,0.800000,mba,0,,1,1,75153408,78667776,-1171456,2677705564160,2704981385216,27128037376,2677706104832,2704981745664,27120107520,-1,-1,-1
798,2,200,11,16,16,75140.810667,75507.088414,355.149548,0x4051ce,1,51580187,37545972,14034215,22,100.000000,1,1,366.465917,1.200000,0.800000,mba,0,,1,1,77316096,78667776,-1081344,2677687541760,2704979132416,27071176704,2677687541760,2704979582976,27065319424,-1,-1,-1
798,2,200,12,16,16,75140.743720,75506.143903,315.233511,0x4051ce,1,14026433,13365241,661192,24,30.000000,1,1,366.465917,1.200000,0.800000,mba,0,,1,1,0,7028736,93265920,0,8083496960,7989059584,0,8083587072,7988699136,-1,-1,-1
798,2,200,13,16,16,75140.790169,75506.250012,319.296762,0x4051ce,1,13989092,13580708,408384,58,30.000000,1,1,366.465917,1.200000,0.800000,mba,0,,1,1,0,7028736,82452480,0,8085479424,8036728832,0,8085569536,8035827712,-1,-1,-1
798,2,200,14,16,16,75141.250742,75506.265804,319.500741,0x4051ce,1,14006346,13577300,429046,28,30.000000,1,1,366.465917,1.200000,0.800000,mba,0,,1,1,90112,6938624,80560128,2883584,8085749760,8043487232,2883584,8085749760,8041955328,-1,-1,-1
798,2,200,15,16,16,75141.575398,75506.306036,316.479635,0x4051ce,1,13693660,13259297,434363,62,30.000000,1,1,366.465917,1.200000,0.800000,mba,0,,1,1,270336,7118848,90923008,6217728,8086110208,8018616320,6397952,8086110208,8018526208,-1,-1,-1
799,3,200,0,16,16,75507.444411,75507.638899,0.194488,0x405218,1,7575,6150,1425,32,30.000000,0,0,0.384950,1.200000,0.800000,mba,0,,0,0,-1,-1,-1,-1,-1,-1,-1,-1,-1,-1,-1,-1
799,3,200,1,16,16,75507.445931,75507.640899,0.194968,0x405218,1,7600,5276,2324,34,30.000000,0,0,0.384950,1.200000,0.800000,mba,0,,0,0,-1,-1,-1,-1,-1,-1,-1,-1,-1,-1,-1,-1
799,3,200,2,16,16,75507.443413,75507.626870,0.183457,0x405218,1,5825,4929,896,36,30.000000,0,0,0.384950,1.200000,0.800000,mba,0,,0,0,-1,-1,-1,-1,-1,-1,-1,-1,-1,-1,-1,-1
799,3,200,3,16,16,75507.443220,75507.635032,0.191812,0x405218,1,5735,5087,648,38,30.000000,0,0,0.384950,1.200000,0.800000,mba,0,,0,0,-1,-1,-1,-1,-1,-1,-1,-1,-1,-1,-1,-1
799,3,200,4,16,16,75507.445313,75507.828170,0.382857,0x405218,1,17676,11206,6470,40,100.000000,0,0,0.384950,1.200000,0.800000,mba,0,,0,0,-1,-1,-1,-1,-1,-1,-1,-1,-1,-1,-1,-1
799,3,200,5,16,16,75507.444797,75507.824065,0.379268,0x405218,1,17606,11375,6231,42,100.000000,0,0,0.384950,1.200000,0.800000,mba,0,,0,0,-1,-1,-1,-1,-1,-1,-1,-1,-1,-1,-1,-1
799,3,200,6,16,16,75507.444600,75507.806544,0.361944,0x405218,1,16410,11075,5335,12,100.000000,0,0,0.384950,1.200000,0.800000,mba,0,,0,0,-1,-1,-1,-1,-1,-1,-1,-1,-1,-1,-1,-1
799,3,200,7,16,16,75507.445022,75507.816897,0.371875,0x405218,1,17551,11108,6443,14,100.000000,0,0,0.384950,1.200000,0.800000,mba,0,,0,0,-1,-1,-1,-1,-1,-1,-1,-1,-1,-1,-1,-1
799,3,200,8,16,16,75507.444071,75507.807610,0.363539,0x405218,1,17451,12970,4481,16,100.000000,0,0,0.384950,1.200000,0.800000,mba,0,,0,0,-1,-1,-1,-1,-1,-1,-1,-1,-1,-1,-1,-1
799,3,200,9,16,16,75507.445132,75507.805257,0.360125,0x405218,1,16374,13187,3187,18,100.000000,0,0,0.384950,1.200000,0.800000,mba,0,,0,0,-1,-1,-1,-1,-1,-1,-1,-1,-1,-1,-1,-1
799,3,200,10,16,16,75507.444359,75507.806125,0.361766,0x405218,1,17559,13031,4528,52,100.000000,0,0,0.384950,1.200000,0.800000,mba,0,,0,0,-1,-1,-1,-1,-1,-1,-1,-1,-1,-1,-1,-1
799,3,200,11,16,16,75507.444525,75507.815266,0.370741,0x405218,1,17599,13182,4417,22,100.000000,0,0,0.384950,1.200000,0.800000,mba,0,,0,0,-1,-1,-1,-1,-1,-1,-1,-1,-1,-1,-1,-1
799,3,200,12,16,16,75507.443284,75507.616276,0.172992,0x405218,1,6002,5089,913,24,30.000000,0,0,0.384950,1.200000,0.800000,mba,0,,0,0,-1,-1,-1,-1,-1,-1,-1,-1,-1,-1,-1,-1
799,3,200,13,16,16,75507.443250,75507.608806,0.165556,0x405218,1,5288,4413,875,58,30.000000,0,0,0.384950,1.200000,0.800000,mba,0,,0,0,-1,-1,-1,-1,-1,-1,-1,-1,-1,-1,-1,-1
799,3,200,14,16,16,75507.444290,75507.604609,0.160319,0x405218,1,5764,4746,1018,28,30.000000,0,0,0.384950,1.200000,0.800000,mba,0,,0,0,-1,-1,-1,-1,-1,-1,-1,-1,-1,-1,-1,-1
799,3,200,15,16,16,75507.444215,75507.601741,0.157526,0x405218,1,5323,4678,645,62,30.000000,0,0,0.384950,1.200000,0.800000,mba,0,,0,0,-1,-1,-1,-1,-1,-1,-1,-1,-1,-1,-1,-1
800,4,200,0,16,16,75508.693397,75508.742279,0.048882,0x4052e4,1,1930,1582,348,32,100.000000,0,0,0.057843,1.200000,0.800000,mba,0,,0,0,-1,-1,-1,-1,-1,-1,-1,-1,-1,-1,-1,-1
800,4,200,1,16,16,75508.686418,75508.710887,0.024469,0x4052e4,1,395,268,127,34,50.000000,0,0,0.057843,1.200000,0.800000,mba,0,,0,0,-1,-1,-1,-1,-1,-1,-1,-1,-1,-1,-1,-1
800,4,200,2,16,16,75508.687038,75508.711542,0.024504,0x4052e4,1,85,24,61,36,50.000000,0,0,0.057843,1.200000,0.800000,mba,0,,0,0,-1,-1,-1,-1,-1,-1,-1,-1,-1,-1,-1,-1
800,4,200,3,16,16,75508.686066,75508.710515,0.024449,0x4052e4,1,68,9,59,38,50.000000,0,0,0.057843,1.200000,0.800000,mba,0,,0,0,-1,-1,-1,-1,-1,-1,-1,-1,-1,-1,-1,-1
800,4,200,4,16,16,75508.687018,75508.714220,0.027202,0x4052e4,1,342,259,83,40,50.000000,0,0,0.057843,1.200000,0.800000,mba,0,,0,0,-1,-1,-1,-1,-1,-1,-1,-1,-1,-1,-1,-1
800,4,200,5,16,16,75508.686879,75508.713743,0.026864,0x4052e4,1,329,254,75,42,100.000000,0,0,0.057843,1.200000,0.800000,mba,0,,0,0,-1,-1,-1,-1,-1,-1,-1,-1,-1,-1,-1,-1
800,4,200,6,16,16,75508.687123,75508.713955,0.026832,0x4052e4,1,328,276,52,12,50.000000,0,0,0.057843,1.200000,0.800000,mba,0,,0,0,-1,-1,-1,-1,-1,-1,-1,-1,-1,-1,-1,-1
800,4,200,7,16,16,75508.686846,75508.714036,0.027190,0x4052e4,1,342,265,77,14,50.000000,0,0,0.057843,1.200000,0.800000,mba,0,,0,0,-1,-1,-1,-1,-1,-1,-1,-1,-1,-1,-1,-1
800,4,200,8,16,16,75508.685154,75508.711750,0.026596,0x4052e4,1,355,280,75,16,50.000000,0,0,0.057843,1.200000,0.800000,mba,0,,0,0,-1,-1,-1,-1,-1,-1,-1,-1,-1,-1,-1,-1
800,4,200,9,16,16,75508.686351,75508.712743,0.026392,0x4052e4,1,319,255,64,18,50.000000,0,0,0.057843,1.200000,0.800000,mba,0,,0,0,-1,-1,-1,-1,-1,-1,-1,-1,-1,-1,-1,-1
800,4,200,10,16,16,75508.685934,75508.712469,0.026535,0x4052e4,1,316,243,73,52,50.000000,0,0,0.057843,1.200000,0.800000,mba,0,,0,0,-1,-1,-1,-1,-1,-1,-1,-1,-1,-1,-1,-1
800,4,200,11,16,16,75508.685390,75508.710636,0.025246,0x4052e4,1,315,266,49,22,50.000000,0,0,0.057843,1.200000,0.800000,mba,0,,0,0,-1,-1,-1,-1,-1,-1,-1,-1,-1,-1,-1,-1
800,4,200,12,16,16,75508.684436,75508.707897,0.023461,0x4052e4,1,185,130,55,24,50.000000,0,0,0.057843,1.200000,0.800000,mba,0,,0,0,-1,-1,-1,-1,-1,-1,-1,-1,-1,-1,-1,-1
800,4,200,13,16,16,75508.685933,75508.709060,0.023127,0x4052e4,1,108,37,71,58,50.000000,0,0,0.057843,1.200000,0.800000,mba,0,,0,0,-1,-1,-1,-1,-1,-1,-1,-1,-1,-1,-1,-1
800,4,200,14,16,16,75508.685198,75508.708972,0.023774,0x4052e4,1,209,130,79,28,50.000000,0,0,0.057843,1.200000,0.800000,mba,0,,0,0,-1,-1,-1,-1,-1,-1,-1,-1,-1,-1,-1,-1
800,4,200,15,16,16,75508.686083,75508.709418,0.023335,0x4052e4,1,161,100,61,62,50.000000,0,0,0.057843,1.200000,0.800000,mba,0,,0,0,-1,-1,-1,-1,-1,-1,-1,-1,-1,-1,-1,-1
801,5,200,0,16,16,75508.812382,75508.836159,0.023777,0x40533c,1,43,0,43,32,50.000000,0,0,0.032729,1.200000,0.800000,mba,0,,0,0,-1,-1,-1,-1,-1,-1,-1,-1,-1,-1,-1,-1
801,5,200,1,16,16,75508.812325,75508.835751,0.023426,0x40533c,1,111,69,42,34,50.000000,0,0,0.032729,1.200000,0.800000,mba,0,,0,0,-1,-1,-1,-1,-1,-1,-1,-1,-1,-1,-1,-1
801,5,200,2,16,16,75508.813415,75508.837283,0.023868,0x40533c,1,47,10,37,36,50.000000,0,0,0.032729,1.200000,0.800000,mba,0,,0,0,-1,-1,-1,-1,-1,-1,-1,-1,-1,-1,-1,-1
801,5,200,3,16,16,75508.813051,75508.836323,0.023272,0x40533c,1,46,13,33,38,50.000000,0,0,0.032729,1.200000,0.800000,mba,0,,0,0,-1,-1,-1,-1,-1,-1,-1,-1,-1,-1,-1,-1
801,5,200,4,16,16,75508.813366,75508.842733,0.029367,0x40533c,1,658,502,156,40,100.000000,0,0,0.032729,1.200000,0.800000,mba,0,,0,0,-1,-1,-1,-1,-1,-1,-1,-1,-1,-1,-1,-1
801,5,200,5,16,16,75508.813230,75508.842898,0.029668,0x40533c,1,534,362,172,42,100.000000,0,0,0.032729,1.200000,0.800000,mba,0,,0,0,-1,-1,-1,-1,-1,-1,-1,-1,-1,-1,-1,-1
801,5,200,6,16,16,75508.812328,75508.841729,0.029401,0x40533c,1,638,470,168,12,80.000000,0,0,0.032729,1.200000,0.800000,mba,0,,0,0,-1,-1,-1,-1,-1,-1,-1,-1,-1,-1,-1,-1
801,5,200,7,16,16,75508.811544,75508.841116,0.029572,0x40533c,1,632,424,208,14,80.000000,0,0,0.032729,1.200000,0.800000,mba,0,,0,0,-1,-1,-1,-1,-1,-1,-1,-1,-1,-1,-1,-1
801,5,200,8,16,16,75508.813131,75508.842867,0.029736,0x40533c,1,769,457,312,16,80.000000,0,0,0.032729,1.200000,0.800000,mba,0,,0,0,-1,-1,-1,-1,-1,-1,-1,-1,-1,-1,-1,-1
801,5,200,9,16,16,75508.813186,75508.843315,0.030129,0x40533c,1,549,275,274,18,80.000000,0,0,0.032729,1.200000,0.800000,mba,0,,0,0,-1,-1,-1,-1,-1,-1,-1,-1,-1,-1,-1,-1
801,5,200,10,16,16,75508.813213,75508.843619,0.030406,0x40533c,1,688,414,274,52,80.000000,0,0,0.032729,1.200000,0.800000,mba,0,,0,0,-1,-1,-1,-1,-1,-1,-1,-1,-1,-1,-1,-1
801,5,200,11,16,16,75508.812238,75508.840379,0.028141,0x40533c,1,699,329,370,22,80.000000,0,0,0.032729,1.200000,0.800000,mba,0,,0,0,-1,-1,-1,-1,-1,-1,-1,-1,-1,-1,-1,-1
801,5,200,12,16,16,75508.810890,75508.833916,0.023026,0x40533c,1,142,81,61,24,50.000000,0,0,0.032729,1.200000,0.800000,mba,0,,0,0,-1,-1,-1,-1,-1,-1,-1,-1,-1,-1,-1,-1
801,5,200,13,16,16,75508.813520,75508.837768,0.024248,0x40533c,1,66,27,39,58,50.000000,0,0,0.032729,1.200000,0.800000,mba,0,,0,0,-1,-1,-1,-1,-1,-1,-1,-1,-1,-1,-1,-1
801,5,200,14,16,16,75508.813178,75508.836401,0.023223,0x40533c,1,131,94,37,28,50.000000,0,0,0.032729,1.200000,0.800000,mba,0,,0,0,-1,-1,-1,-1,-1,-1,-1,-1,-1,-1,-1,-1
801,5,200,15,16,16,75508.811754,75508.835134,0.023380,0x40533c,1,138,102,36,62,50.000000,0,0,0.032729,1.200000,0.800000,mba,0,,0,0,-1,-1,-1,-1,-1,-1,-1,-1,-1,-1,-1,-1
1198,2,300,0,16,16,111591.421362,111953.191430,280.357651,0x4051ce,1,13412093,9989706,3422387,32,30.000000,1,1,363.242229,1.200000,0.800000,mba,0,,1,1,10633216,6578176,118226944,812486737920,820568432640,7300694016,812486828032,820568432640,7301865472,-1,-1,-1
1198,2,300,1,16,16,111591.446208,111952.975598,280.240914,0x4051ce,1,14031136,10284429,3746707,34,30.000000,1,1,363.242229,1.200000,0.800000,mba,0,,1,1,10633216,6217728,117145600,812487098368,820563656704,7289159680,812487188480,820563927040,7291052032,-1,-1,-1
1198,2,300,2,16,16,111591.395265,111953.850179,316.135097,0x4051ce,1,13520662,13125598,395064,36,30.000000,1,1,363.242229,1.200000,0.800000,mba,0,,1,1,10543104,6668288,85155840,812486647808,820579786752,8010776576,812486647808,820579786752,8008884224,-1,-1,-1
1198,2,300,3,16,16,111591.409931,111953.789984,319.902627,0x4051ce,1,14017143,13737988,279155,38,30.000000,1,1,363.242229,1.200000,0.800000,mba,0,,1,1,10543104,6938624,75964416,812486647808,820579606528,8064393216,812486828032,820579606528,8062050304,-1,-1,-1
1198,2,300,4,16,16,111591.435002,111954.617788,356.627263,0x4051ce,1,51605937,37605963,13999974,40,100.000000,1,1,363.242229,1.200000,0.800000,mba,0,,1,1,73801728,80379904,4595712,5404728705024,5432011554816,27240046592,5404728975360,5432011554816,27225989120,-1,-1,-1
1198,2,300,5,16,16,111591.425843,111954.596627,355.949932,0x4051ce,1,51636040,37381662,14254378,42,100.000000,1,1,363.242229,1.200000,0.800000,mba,0,,1,1,73801728,80289792,4595712,5404728705024,5432011554816,27245182976,5404728975360,5432011554816,27228872704,-1,-1,-1
1198,2,300,6,16,16,111591.434038,111954.419654,342.208071,0x4051ce,1,48598549,35865425,12733124,12,100.000000,1,1,363.242229,1.200000,0.800000,mba,0,,1,1,73801728,79929344,0,5404728705024,5432000200704,26321805312,5404728705024,5432000741376,26318381056,-1,-1,-1
1198,2,300,7,16,16,111591.405788,111954.569060,356.535685,0x4051ce,1,51643275,37682381,13960894,14,100.000000,1,1,363.242229,1.200000,0.800000,mba,0,,1,1,73891840,80199680,2703360,5404728705024,5432010924032,27251400704,5404728705024,5432011284480,27237253120,-1,-1,-1
1198,2,300,8,16,16,111591.425440,111954.559420,354.310134,0x4051ce,1,51617886,37325740,14292146,16,100.000000,1,1,363.242229,1.200000,0.800000,mba,0,,1,1,73801728,80199680,180224,5404728705024,5432010924032,27184988160,5404728975360,5432011104256,27179491328,-1,-1,-1
1198,2,300,9,16,16,111591.447626,111954.376465,342.249808,0x4051ce,1,48550054,36094647,12455407,18,100.000000,1,1,363.242229,1.200000,0.800000,mba,0,,1,1,73801728,79749120,-270336,5404728705024,5431996776448,26318020608,5404729245696,5431997497344,26316759040,-1,-1,-1
1198,2,300,10,16,16,111591.426232,111954.560050,355.071351,0x4051ce,1,51628553,37609974,14018579,52,100.000000,1,1,363.242229,1.200000,0.800000,mba,0,,1,1,73891840,80199680,270336,5404728705024,5432010924032,27206705152,5404728705024,5432011014144,27198865408,-1,-1,-1
1198,2,300,11,16,16,111591.452156,111954.502797,354.552315,0x4051ce,1,51586054,37464245,14121809,22,100.000000,1,1,363.242229,1.200000,0.800000,mba,0,,1,1,73801728,80109568,180224,5404729065472,5432007499776,27171561472,5404730056704,5432007770112,27168137216,-1,-1,-1
1198,2,300,12,16,16,111591.411257,111953.592144,314.860243,0x4051ce,1,14025799,13327747,698052,24,30.000000,1,1,363.242229,1.200000,0.800000,mba,0,,1,1,10452992,7028736,84525056,812486647808,820577173504,8005640192,812486828032,820577173504,8004829184,-1,-1,-1
1198,2,300,13,16,16,111591.442641,111953.694719,318.600743,0x4051ce,1,13882857,13472033,410824,58,30.000000,1,1,363.242229,1.200000,0.800000,mba,0,,1,1,10633216,7208960,75784192,812486828032,820578615296,8054030336,812487188480,820578885632,8051777536,-1,-1,-1
1198,2,300,14,16,16,111591.375559,111953.681531,319.233642,0x4051ce,1,13999667,13570439,429228,28,30.000000,1,1,363.242229,1.200000,0.800000,mba,0,,1,1,10452992,7118848,74522624,812486557696,820578525184,8056553472,812486647808,820578615296,8054571008,-1,-1,-1
1198,2,300,15,16,16,111591.445416,111953.718507,314.771516,0x4051ce,1,13698221,13252281,445940,62,30.000000,1,1,363.242229,1.200000,0.800000,mba,0,,1,1,10633216,7028736,86507520,812487008256,820578975744,8013209600,812487188480,820579155968,8012398592,-1,-1,-1
1199,3,300,0,16,16,111954.847455,111955.035678,0.188223,0x405218,1,7497,5734,1763,32,20.000000,0,0,0.381187,1.200000,0.800000,mba,0,,0,0,-1,-1,-1,-1,-1,-1,-1,-1,-1,-1,-1,-1
1199,3,300,1,16,16,111954.846285,111955.038506,0.192221,0x405218,1,7583,5291,2292,34,20.000000,0,0,0.381187,1.200000,0.800000,mba,0,,0,0,-1,-1,-1,-1,-1,-1,-1,-1,-1,-1,-1,-1
1199,3,300,2,16,16,111954.844420,111955.028319,0.183899,0x405218,1,5808,4892,916,36,20.000000,0,0,0.381187,1.200000,0.800000,mba,0,,0,0,-1,-1,-1,-1,-1,-1,-1,-1,-1,-1,-1,-1
1199,3,300,3,16,16,111954.843772,111955.022595,0.178823,0x405218,1,5874,5217,657,38,20.000000,0,0,0.381187,1.200000,0.800000,mba,0,,0,0,-1,-1,-1,-1,-1,-1,-1,-1,-1,-1,-1,-1
1199,3,300,4,16,16,111954.845541,111955.224733,0.379192,0x405218,1,17631,11276,6355,40,100.000000,0,0,0.381187,1.200000,0.800000,mba,0,,0,0,-1,-1,-1,-1,-1,-1,-1,-1,-1,-1,-1,-1
1199,3,300,5,16,16,111954.845590,111955.220161,0.374571,0x405218,1,17612,11363,6249,42,100.000000,0,0,0.381187,1.200000,0.800000,mba,0,,0,0,-1,-1,-1,-1,-1,-1,-1,-1,-1,-1,-1,-1
1199,3,300,6,16,16,111954.846493,111955.208122,0.361629,0x405218,1,16495,11134,5361,12,100.000000,0,0,0.381187,1.200000,0.800000,mba,0,,0,0,-1,-1,-1,-1,-1,-1,-1,-1,-1,-1,-1,-1
1199,3,300,7,16,16,111954.846368,111955.223728,0.377360,0x405218,1,17601,11269,6332,14,100.000000,0,0,0.381187,1.200000,0.800000,mba,0,,0,0,-1,-1,-1,-1,-1,-1,-1,-1,-1,-1,-1,-1
1199,3,300,8,16,16,111954.844595,111955.208443,0.363848,0x405218,1,17438,12771,4667,16,100.000000,0,0,0.381187,1.200000,0.800000,mba,0,,0,0,-1,-1,-1,-1,-1,-1,-1,-1,-1,-1,-1,-1
1199,3,300,9,16,16,111954.845995,111955.207220,0.361225,0x405218,1,16448,13296,3152,18,100.000000,0,0,0.381187,1.200000,0.800000,mba,0,,0,0,-1,-1,-1,-1,-1,-1,-1,-1,-1,-1,-1,-1
1199,3,300,10,16,16,111954.844370,111955.208768,0.364398,0x405218,1,17497,13325,4172,52,100.000000,0,0,0.381187,1.200000,0.800000,mba,0,,0,0,-1,-1,-1,-1,-1,-1,-1,-1,-1,-1,-1,-1
1199,3,300,11,16,16,111954.844889,111955.211959,0.367070,0x405218,1,17517,13094,4423,22,100.000000,0,0,0.381187,1.200000,0.800000,mba,0,,0,0,-1,-1,-1,-1,-1,-1,-1,-1,-1,-1,-1,-1
1199,3,300,12,16,16,111954.845269,111955.010933,0.165664,0x405218,1,5880,4972,908,24,20.000000,0,0,0.381187,1.200000,0.800000,mba,0,,0,0,-1,-1,-1,-1,-1,-1,-1,-1,-1,-1,-1,-1
1199,3,300,13,16,16,111954.844585,111955.012503,0.167918,0x405218,1,5487,4559,928,58,20.000000,0,0,0.381187,1.200000,0.800000,mba,0,,0,0,-1,-1,-1,-1,-1,-1,-1,-1,-1,-1,-1,-1
1199,3,300,14,16,16,111954.843716,111955.007220,0.163504,0x405218,1,5458,4535,923,28,20.000000,0,0,0.381187,1.200000,0.800000,mba,0,,0,0,-1,-1,-1,-1,-1,-1,-1,-1,-1,-1,-1,-1
1199,3,300,15,16,16,111954.843546,111954.998093,0.154547,0x405218,1,5067,4418,649,62,20.000000,0,0,0.381187,1.200000,0.800000,mba,0,,0,0,-1,-1,-1,-1,-1,-1,-1,-1,-1,-1,-1,-1
1200,4,300,0,16,16,111956.048229,111956.102661,0.054432,0x4052e4,1,1917,1502,415,32,100.000000,0,0,0.063657,1.200000,0.800000,mba,0,,0,0,-1,-1,-1,-1,-1,-1,-1,-1,-1,-1,-1,-1
1200,4,300,1,16,16,111956.041047,111956.063890,0.022843,0x4052e4,1,355,294,61,34,30.000000,0,0,0.063657,1.200000,0.800000,mba,0,,0,0,-1,-1,-1,-1,-1,-1,-1,-1,-1,-1,-1,-1
1200,4,300,2,16,16,111956.040864,111956.067001,0.026137,0x4052e4,1,353,319,34,36,40.000000,0,0,0.063657,1.200000,0.800000,mba,0,,0,0,-1,-1,-1,-1,-1,-1,-1,-1,-1,-1,-1,-1
1200,4,300,3,16,16,111956.040810,111956.063850,0.023040,0x4052e4,1,141,92,49,38,30.000000,0,0,0.063657,1.200000,0.800000,mba,0,,0,0,-1,-1,-1,-1,-1,-1,-1,-1,-1,-1,-1,-1
1200,4,300,4,16,16,111956.041273,111956.065735,0.024462,0x4052e4,1,300,245,55,40,30.000000,0,0,0.063657,1.200000,0.800000,mba,0,,0,0,-1,-1,-1,-1,-1,-1,-1,-1,-1,-1,-1,-1
1200,4,300,5,16,16,111956.041233,111956.065552,0.024319,0x4052e4,1,310,256,54,42,60.000000,0,0,0.063657,1.200000,0.800000,mba,0,,0,0,-1,-1,-1,-1,-1,-1,-1,-1,-1,-1,-1,-1
1200,4,300,6,16,16,111956.040356,111956.064858,0.024502,0x4052e4,1,319,272,47,12,30.000000,0,0,0.063657,1.200000,0.800000,mba,0,,0,0,-1,-1,-1,-1,-1,-1,-1,-1,-1,-1,-1,-1
1200,4,300,7,16,16,111956.040744,111956.065881,0.025137,0x4052e4,1,351,275,76,14,30.000000,0,0,0.063657,1.200000,0.800000,mba,0,,0,0,-1,-1,-1,-1,-1,-1,-1,-1,-1,-1,-1,-1
1200,4,300,8,16,16,111956.040720,111956.065162,0.024442,0x4052e4,1,315,276,39,16,30.000000,0,0,0.063657,1.200000,0.800000,mba,0,,0,0,-1,-1,-1,-1,-1,-1,-1,-1,-1,-1,-1,-1
1200,4,300,9,16,16,111956.039738,111956.064277,0.024539,0x4052e4,1,313,262,51,18,30.000000,0,0,0.063657,1.200000,0.800000,mba,0,,0,0,-1,-1,-1,-1,-1,-1,-1,-1,-1,-1,-1,-1
1200,4,300,10,16,16,111956.040415,111956.064586,0.024171,0x4052e4,1,350,303,47,52,30.000000,0,0,0.063657,1.200000,0.800000,mba,0,,0,0,-1,-1,-1,-1,-1,-1,-1,-1,-1,-1,-1,-1
1200,4,300,11,16,16,111956.040313,111956.064632,0.024319,0x4052e4,1,303,260,43,22,30.000000,0,0,0.063657,1.200000,0.800000,mba,0,,0,0,-1,-1,-1,-1,-1,-1,-1,-1,-1,-1,-1,-1
1200,4,300,12,16,16,111956.039037,111956.061332,0.022295,0x4052e4,1,164,121,43,24,30.000000,0,0,0.063657,1.200000,0.800000,mba,0,,0,0,-1,-1,-1,-1,-1,-1,-1,-1,-1,-1,-1,-1
1200,4,300,13,16,16,111956.040145,111956.062443,0.022298,0x4052e4,1,140,110,30,58,30.000000,0,0,0.063657,1.200000,0.800000,mba,0,,0,0,-1,-1,-1,-1,-1,-1,-1,-1,-1,-1,-1,-1
1200,4,300,14,16,16,111956.039190,111956.061183,0.021993,0x4052e4,1,81,37,44,28,30.000000,0,0,0.063657,1.200000,0.800000,mba,0,,0,0,-1,-1,-1,-1,-1,-1,-1,-1,-1,-1,-1,-1
1200,4,300,15,16,16,111956.039004,111956.060979,0.021975,0x4052e4,1,64,29,35,62,30.000000,0,0,0.063657,1.200000,0.800000,mba,0,,0,0,-1,-1,-1,-1,-1,-1,-1,-1,-1,-1,-1,-1
1201,5,300,0,16,16,111956.165061,111956.187105,0.022044,0x40533c,1,56,6,50,32,50.000000,0,0,0.030116,1.200000,0.800000,mba,0,,0,0,-1,-1,-1,-1,-1,-1,-1,-1,-1,-1,-1,-1
1201,5,300,1,16,16,111956.165158,111956.186834,0.021676,0x40533c,1,118,64,54,34,50.000000,0,0,0.030116,1.200000,0.800000,mba,0,,0,0,-1,-1,-1,-1,-1,-1,-1,-1,-1,-1,-1,-1
1201,5,300,2,16,16,111956.164968,111956.186982,0.022014,0x40533c,1,54,6,48,36,50.000000,0,0,0.030116,1.200000,0.800000,mba,0,,0,0,-1,-1,-1,-1,-1,-1,-1,-1,-1,-1,-1,-1
1201,5,300,3,16,16,111956.164614,111956.186636,0.022022,0x40533c,1,96,46,50,38,50.000000,0,0,0.030116,1.200000,0.800000,mba,0,,0,0,-1,-1,-1,-1,-1,-1,-1,-1,-1,-1,-1,-1
1201,5,300,4,16,16,111956.165587,111956.192829,0.027242,0x40533c,1,683,487,196,40,100.000000,0,0,0.030116,1.200000,0.800000,mba,0,,0,0,-1,-1,-1,-1,-1,-1,-1,-1,-1,-1,-1,-1
1201,5,300,5,16,16,111956.165093,111956.192660,0.027567,0x40533c,1,770,515,255,42,100.000000,0,0,0.030116,1.200000,0.800000,mba,0,,0,0,-1,-1,-1,-1,-1,-1,-1,-1,-1,-1,-1,-1
1201,5,300,6,16,16,111956.165554,111956.193030,0.027476,0x40533c,1,765,515,250,12,80.000000,0,0,0.030116,1.200000,0.800000,mba,0,,0,0,-1,-1,-1,-1,-1,-1,-1,-1,-1,-1,-1,-1
1201,5,300,7,16,16,111956.166392,111956.194327,0.027935,0x40533c,1,817,518,299,14,80.000000,0,0,0.030116,1.200000,0.800000,mba,0,,0,0,-1,-1,-1,-1,-1,-1,-1,-1,-1,-1,-1,-1
1201,5,300,8,16,16,111956.166430,111956.194213,0.027783,0x40533c,1,693,335,358,16,80.000000,0,0,0.030116,1.200000,0.800000,mba,0,,0,0,-1,-1,-1,-1,-1,-1,-1,-1,-1,-1,-1,-1
1201,5,300,9,16,16,111956.165939,111956.193670,0.027731,0x40533c,1,708,313,395,18,80.000000,0,0,0.030116,1.200000,0.800000,mba,0,,0,0,-1,-1,-1,-1,-1,-1,-1,-1,-1,-1,-1,-1
1201,5,300,10,16,16,111956.164715,111956.192338,0.027623,0x40533c,1,784,401,383,52,80.000000,0,0,0.030116,1.200000,0.800000,mba,0,,0,0,-1,-1,-1,-1,-1,-1,-1,-1,-1,-1,-1,-1
1201,5,300,11,16,16,111956.164429,111956.192155,0.027726,0x40533c,1,737,293,444,22,80.000000,0,0,0.030116,1.200000,0.800000,mba,0,,0,0,-1,-1,-1,-1,-1,-1,-1,-1,-1,-1,-1,-1
1201,5,300,12,16,16,111956.164723,111956.186301,0.021578,0x40533c,1,109,64,45,24,50.000000,0,0,0.030116,1.200000,0.800000,mba,0,,0,0,-1,-1,-1,-1,-1,-1,-1,-1,-1,-1,-1,-1
1201,5,300,13,16,16,111956.164211,111956.186436,0.022225,0x40533c,1,84,50,34,58,50.000000,0,0,0.030116,1.200000,0.800000,mba,0,,0,0,-1,-1,-1,-1,-1,-1,-1,-1,-1,-1,-1,-1
1201,5,300,14,16,16,111956.165816,111956.187778,0.021962,0x40533c,1,113,57,56,28,50.000000,0,0,0.030116,1.200000,0.800000,mba,0,,0,0,-1,-1,-1,-1,-1,-1,-1,-1,-1,-1,-1,-1
1201,5,300,15,16,16,111956.165602,111956.187351,0.021749,0x40533c,1,145,111,34,62,50.000000,0,0,0.030116,1.200000,0.800000,mba,0,,0,0,-1,-1,-1,-1,-1,-1,-1,-1,-1,-1,-1,-1
1598,2,400,0,16,16,147935.693592,148294.160395,279.266601,0x4051ce,1,13405931,9960474,3445457,32,30.000000,1,1,360.033951,1.200000,0.800000,mba,0,,1,1,11714560,5316608,110206976,1623949893632,1632012124160,7278616576,1623950163968,1632012304384,7278796800,-1,-1,-1
1598,2,400,1,16,16,147935.649310,148294.064696,279.658091,0x4051ce,1,14031893,10265730,3766163,34,30.000000,1,1,360.033951,1.200000,0.800000,mba,0,,1,1,11624448,5316608,108584960,1623949623296,1632010051584,7273119744,1623949893632,1632010231808,7272669184,-1,-1,-1
1598,2,400,2,16,16,147935.622924,148294.875865,318.211466,0x4051ce,1,14032467,13647692,384775,36,30.000000,1,1,360.033951,1.200000,0.800000,mba,0,,1,1,11624448,5136384,71098368,1623949623296,1632025640960,8038440960,1623949623296,1632025640960,8036638720,-1,-1,-1
1598,2,400,3,16,16,147935.662765,148294.887048,319.759087,0x4051ce,1,14013578,13744210,269368,38,30.000000,1,1,360.033951,1.200000,0.800000,mba,0,,1,1,11624448,5136384,66322432,1623949623296,1632025640960,8051236864,1623949893632,1632025640960,8049164288,-1,-1,-1
1598,2,400,4,16,16,147935.637290,148295.649543,353.227142,0x4051ce,1,51296874,37370529,13926345,40,100.000000,1,1,360.033951,1.200000,0.800000,mba,0,,1,1,76234752,80830464,2342912,8126067671040,8153162727424,27060633600,8126067851264,8153162727424,27051442176,-1,-1,-1
1598,2,400,5,16,16,147935.635661,148295.656875,353.302961,0x4051ce,1,51331423,37140604,14190819,42,100.000000,1,1,360.033951,1.200000,0.800000,mba,0,,1,1,76234752,80920576,1622016,8126067671040,8153162727424,27059912704,8126067851264,8153162817536,27047387136,-1,-1,-1
1598,2,400,6,16,16,147935.658200,148295.424765,339.418108,0x4051ce,1,48273369,35595153,12678216,44,100.000000,1,1,360.033951,1.200000,0.800000,mba,0,,1,1,76234752,80199680,-811008,8126067851264,8153148129280,26164379648,8126068121600,8153148399616,26159964160,-1,-1,-1
1598,2,400,7,16,16,147935.686477,148295.653766,353.208205,0x4051ce,1,51334540,37492213,13842327,14,100.000000,1,1,360.033951,1.200000,0.800000,mba,0,,1,1,76234752,80920576,811008,8126067761152,8153162727424,27061264384,8126067851264,8153162817536,27048468480,-1,-1,-1
1598,2,400,8,16,16,147935.692107,148295.596167,351.286094,0x4051ce,1,51308872,37104187,14204685,16,100.000000,1,1,360.033951,1.200000,0.800000,mba,0,,1,1,76324864,80560128,180224,8126068662272,8153161195520,26991337472,8126069112832,8153161375744,26985390080,-1,-1,-1
1598,2,400,9,16,16,147935.687455,148295.404759,338.710305,0x4051ce,1,48231239,35858066,12373173,18,100.000000,1,1,360.033951,1.200000,0.800000,mba,0,,1,1,76324864,79749120,-1171456,8126068121600,8153146777600,26106347520,8126068932608,8153147228160,26107338752,-1,-1,-1
1598,2,400,10,16,16,147935.688629,148295.603499,351.812201,0x4051ce,1,51323874,37407465,13916409,52,100.000000,1,1,360.033951,1.200000,0.800000,mba,0,,1,1,76324864,80560128,1261568,8126068752384,8153161555968,27024048128,8126069653504,8153161826304,27015487488,-1,-1,-1
1598,2,400,11,16,16,147935.697486,148295.526235,350.787484,0x4051ce,1,51266017,37289442,13976575,22,100.000000,1,1,360.033951,1.200000,0.800000,mba,0,,1,1,76505088,80560128,901120,8126069383168,8153156329472,26976559104,8126069833728,8153156780032,26971693056,-1,-1,-1
1598,2,400,12,16,16,147935.626733,148294.585862,314.786503,0x4051ce,1,14023817,13355148,668669,24,30.000000,1,1,360.033951,1.200000,0.800000,mba,0,,1,1,11624448,5677056,76144640,1623949623296,1632021315584,7994826752,1623949623296,1632021585920,7995817984,-1,-1,-1
1598,2,400,13,16,16,147935.705281,148294.802571,317.375850,0x4051ce,1,13724414,13290187,434227,58,30.000000,1,1,360.033951,1.200000,0.800000,mba,0,,1,1,11714560,5226496,66953216,1623950163968,1632025010176,8033484800,1623950344192,1632025100288,8032403456,-1,-1,-1
1598,2,400,14,16,16,147935.647134,148294.753769,318.788499,0x4051ce,1,13997449,13550998,446451,28,30.000000,1,1,360.033951,1.200000,0.800000,mba,0,,1,1,11624448,5316608,62447616,1623949623296,1632024379392,8040333312,1623949623296,1632024469504,8038260736,-1,-1,-1
1598,2,400,15,16,16,147935.703575,148294.810086,312.538147,0x4051ce,1,13213643,12757596,456047,62,30.000000,1,1,360.033951,1.200000,0.800000,mba,0,,1,1,11714560,5226496,81641472,1623949983744,1632025100288,7961124864,1623950254080,1632025100288,7960494080,-1,-1,-1
1599,3,400,0,16,16,148295.876010,148296.061578,0.185568,0x405218,1,7464,5675,1789,32,20.000000,0,0,0.373705,1.200000,0.800000,mba,0,,0,0,-1,-1,-1,-1,-1,-1,-1,-1,-1,-1,-1,-1
1599,3,400,1,16,16,148295.875216,148296.065820,0.190604,0x405218,1,7529,5279,2250,34,20.000000,0,0,0.373705,1.200000,0.800000,mba,0,,0,0,-1,-1,-1,-1,-1,-1,-1,-1,-1,-1,-1,-1
1599,3,400,2,16,16,148295.874082,148296.040712,0.166630,0x405218,1,5945,5068,877,36,20.000000,0,0,0.373705,1.200000,0.800000,mba,0,,0,0,-1,-1,-1,-1,-1,-1,-1,-1,-1,-1,-1,-1
1599,3,400,3,16,16,148295.874450,148296.044866,0.170416,0x405218,1,5882,5178,704,38,20.000000,0,0,0.373705,1.200000,0.800000,mba,0,,0,0,-1,-1,-1,-1,-1,-1,-1,-1,-1,-1,-1,-1
1599,3,400,4,16,16,148295.874494,148296.243663,0.369169,0x405218,1,17526,11210,6316,40,100.000000,0,0,0.373705,1.200000,0.800000,mba,0,,0,0,-1,-1,-1,-1,-1,-1,-1,-1,-1,-1,-1,-1
1599,3,400,5,16,16,148295.874756,148296.247609,0.372853,0x405218,1,17495,11297,6198,42,100.000000,0,0,0.373705,1.200000,0.800000,mba,0,,0,0,-1,-1,-1,-1,-1,-1,-1,-1,-1,-1,-1,-1
1599,3,400,6,16,16,148295.874810,148296.232178,0.357368,0x405218,1,16266,11039,5227,44,100.000000,0,0,0.373705,1.200000,0.800000,mba,0,,0,0,-1,-1,-1,-1,-1,-1,-1,-1,-1,-1,-1,-1
1599,3,400,7,16,16,148295.874244,148296.246123,0.371879,0x405218,1,17437,11114,6323,14,100.000000,0,0,0.373705,1.200000,0.800000,mba,0,,0,0,-1,-1,-1,-1,-1,-1,-1,-1,-1,-1,-1,-1
1599,3,400,8,16,16,148295.874268,148296.229277,0.355009,0x405218,1,17404,13143,4261,16,100.000000,0,0,0.373705,1.200000,0.800000,mba,0,,0,0,-1,-1,-1,-1,-1,-1,-1,-1,-1,-1,-1,-1
1599,3,400,9,16,16,148295.874514,148296.229383,0.354869,0x405218,1,16341,13126,3215,18,100.000000,0,0,0.373705,1.200000,0.800000,mba,0,,0,0,-1,-1,-1,-1,-1,-1,-1,-1,-1,-1,-1,-1
1599,3,400,10,16,16,148295.875272,148296.234141,0.358869,0x405218,1,17342,13265,4077,52,100.000000,0,0,0.373705,1.200000,0.800000,mba,0,,0,0,-1,-1,-1,-1,-1,-1,-1,-1,-1,-1,-1,-1
1599,3,400,11,16,16,148295.874956,148296.238684,0.363728,0x405218,1,17311,13154,4157,22,100.000000,0,0,0.373705,1.200000,0.800000,mba,0,,0,0,-1,-1,-1,-1,-1,-1,-1,-1,-1,-1,-1,-1
1599,3,400,12,16,16,148295.873904,148296.046387,0.172483,0x405218,1,5874,4954,920,24,20.000000,0,0,0.373705,1.200000,0.800000,mba,0,,0,0,-1,-1,-1,-1,-1,-1,-1,-1,-1,-1,-1,-1
1599,3,400,13,16,16,148295.874251,148296.049795,0.175544,0x405218,1,5391,4435,956,58,20.000000,0,0,0.373705,1.200000,0.800000,mba,0,,0,0,-1,-1,-1,-1,-1,-1,-1,-1,-1,-1,-1,-1
1599,3,400,14,16,16,148295.874426,148296.036121,0.161695,0x405218,1,5477,4611,866,28,20.000000,0,0,0.373705,1.200000,0.800000,mba,0,,0,0,-1,-1,-1,-1,-1,-1,-1,-1,-1,-1,-1,-1
1599,3,400,15,16,16,148295.873946,148296.037952,0.164006,0x405218,1,5054,4509,545,62,20.000000,0,0,0.373705,1.200000,0.800000,mba,0,,0,0,-1,-1,-1,-1,-1,-1,-1,-1,-1,-1,-1,-1
1600,4,400,0,16,16,148297.071810,148297.131186,0.059376,0x4052e4,1,1908,1509,399,32,100.000000,0,0,0.066679,1.200000,0.800000,mba,0,,0,0,-1,-1,-1,-1,-1,-1,-1,-1,-1,-1,-1,-1
1600,4,400,1,16,16,148297.066444,148297.089407,0.022963,0x4052e4,1,257,216,41,34,20.000000,0,0,0.066679,1.200000,0.800000,mba,0,,0,0,-1,-1,-1,-1,-1,-1,-1,-1,-1,-1,-1,-1
1600,4,400,2,16,16,148297.065969,148297.088530,0.022561,0x4052e4,1,184,139,45,36,30.000000,0,0,0.066679,1.200000,0.800000,mba,0,,0,0,-1,-1,-1,-1,-1,-1,-1,-1,-1,-1,-1,-1
1600,4,400,3,16,16,148297.065242,148297.087739,0.022497,0x4052e4,1,151,116,35,38,20.000000,0,0,0.066679,1.200000,0.800000,mba,0,,0,0,-1,-1,-1,-1,-1,-1,-1,-1,-1,-1,-1,-1
1600,4,400,4,16,16,148297.064789,148297.089160,0.024371,0x4052e4,1,311,254,57,40,20.000000,0,0,0.066679,1.200000,0.800000,mba,0,,0,0,-1,-1,-1,-1,-1,-1,-1,-1,-1,-1,-1,-1
1600,4,400,5,16,16,148297.066530,148297.091153,0.024623,0x4052e4,1,305,243,62,42,30.000000,0,0,0.066679,1.200000,0.800000,mba,0,,0,0,-1,-1,-1,-1,-1,-1,-1,-1,-1,-1,-1,-1
1600,4,400,6,16,16,148297.066546,148297.094451,0.027905,0x4052e4,1,432,379,53,44,20.000000,0,0,0.066679,1.200000,0.800000,mba,0,,0,0,-1,-1,-1,-1,-1,-1,-1,-1,-1,-1,-1,-1
1600,4,400,7,16,16,148297.066945,148297.095064,0.028119,0x4052e4,1,313,238,75,14,20.000000,0,0,0.066679,1.200000,0.800000,mba,0,,0,0,-1,-1,-1,-1,-1,-1,-1,-1,-1,-1,-1,-1
1600,4,400,8,16,16,148297.066584,148297.091298,0.024714,0x4052e4,1,305,268,37,16,20.000000,0,0,0.066679,1.200000,0.800000,mba,0,,0,0,-1,-1,-1,-1,-1,-1,-1,-1,-1,-1,-1,-1
1600,4,400,9,16,16,148297.066332,148297.090949,0.024617,0x4052e4,1,312,267,45,18,20.000000,0,0,0.066679,1.200000,0.800000,mba,0,,0,0,-1,-1,-1,-1,-1,-1,-1,-1,-1,-1,-1,-1
1600,4,400,10,16,16,148297.065102,148297.089500,0.024398,0x4052e4,1,300,257,43,52,20.000000,0,0,0.066679,1.200000,0.800000,mba,0,,0,0,-1,-1,-1,-1,-1,-1,-1,-1,-1,-1,-1,-1
1600,4,400,11,16,16,148297.066294,148297.090693,0.024399,0x4052e4,1,346,305,41,22,20.000000,0,0,0.066679,1.200000,0.800000,mba,0,,0,0,-1,-1,-1,-1,-1,-1,-1,-1,-1,-1,-1,-1
1600,4,400,12,16,16,148297.065436,148297.087563,0.022127,0x4052e4,1,163,121,42,24,20.000000,0,0,0.066679,1.200000,0.800000,mba,0,,0,0,-1,-1,-1,-1,-1,-1,-1,-1,-1,-1,-1,-1
1600,4,400,13,16,16,148297.065420,148297.087407,0.021987,0x4052e4,1,38,6,32,58,20.000000,0,0,0.066679,1.200000,0.800000,mba,0,,0,0,-1,-1,-1,-1,-1,-1,-1,-1,-1,-1,-1,-1
1600,4,400,14,16,16,148297.064507,148297.086481,0.021974,0x4052e4,1,96,57,39,28,20.000000,0,0,0.066679,1.200000,0.800000,mba,0,,0,0,-1,-1,-1,-1,-1,-1,-1,-1,-1,-1,-1,-1
1600,4,400,15,16,16,148297.066254,148297.089197,0.022943,0x4052e4,1,55,19,36,62,20.000000,0,0,0.066679,1.200000,0.800000,mba,0,,0,0,-1,-1,-1,-1,-1,-1,-1,-1,-1,-1,-1,-1
1601,5,400,0,16,16,148297.207993,148297.229897,0.021904,0x40533c,1,51,1,50,32,40.000000,0,0,0.030914,1.200000,0.800000,mba,0,,0,0,-1,-1,-1,-1,-1,-1,-1,-1,-1,-1,-1,-1
1601,5,400,1,16,16,148297.207868,148297.230044,0.022176,0x40533c,1,95,71,24,34,40.000000,0,0,0.030914,1.200000,0.800000,mba,0,,0,0,-1,-1,-1,-1,-1,-1,-1,-1,-1,-1,-1,-1
1601,5,400,2,16,16,148297.207875,148297.229778,0.021903,0x40533c,1,68,38,30,36,40.000000,0,0,0.030914,1.200000,0.800000,mba,0,,0,0,-1,-1,-1,-1,-1,-1,-1,-1,-1,-1,-1,-1
1601,5,400,3,16,16,148297.207802,148297.229515,0.021713,0x40533c,1,77,38,39,38,40.000000,0,0,0.030914,1.200000,0.800000,mba,0,,0,0,-1,-1,-1,-1,-1,-1,-1,-1,-1,-1,-1,-1
1601,5,400,4,16,16,148297.208150,148297.235983,0.027833,0x40533c,1,661,454,207,40,100.000000,0,0,0.030914,1.200000,0.800000,mba,0,,0,0,-1,-1,-1,-1,-1,-1,-1,-1,-1,-1,-1,-1
1601,5,400,5,16,16,148297.207672,148297.235508,0.027836,0x40533c,1,689,404,285,42,100.000000,0,0,0.030914,1.200000,0.800000,mba,0,,0,0,-1,-1,-1,-1,-1,-1,-1,-1,-1,-1,-1,-1
1601,5,400,6,16,16,148297.208239,148297.235884,0.027645,0x40533c,1,659,410,249,44,80.000000,0,0,0.030914,1.200000,0.800000,mba,0,,0,0,-1,-1,-1,-1,-1,-1,-1,-1,-1,-1,-1,-1
1601,5,400,7,16,16,148297.208166,148297.237308,0.029142,0x40533c,1,761,436,325,14,80.000000,0,0,0.030914,1.200000,0.800000,mba,0,,0,0,-1,-1,-1,-1,-1,-1,-1,-1,-1,-1,-1,-1
1601,5,400,8,16,16,148297.207971,148297.235776,0.027805,0x40533c,1,741,396,345,16,80.000000,0,0,0.030914,1.200000,0.800000,mba,0,,0,0,-1,-1,-1,-1,-1,-1,-1,-1,-1,-1,-1,-1
1601,5,400,9,16,16,148297.207307,148297.235276,0.027969,0x40533c,1,719,333,386,18,80.000000,0,0,0.030914,1.200000,0.800000,mba,0,,0,0,-1,-1,-1,-1,-1,-1,-1,-1,-1,-1,-1,-1
1601,5,400,10,16,16,148297.208211,148297.235679,0.027468,0x40533c,1,803,402,401,52,80.000000,0,0,0.030914,1.200000,0.800000,mba,0,,0,0,-1,-1,-1,-1,-1,-1,-1,-1,-1,-1,-1,-1
1601,5,400,11,16,16,148297.208063,148297.236308,0.028245,0x40533c,1,845,337,508,22,80.000000,0,0,0.030914,1.200000,0.800000,mba,0,,0,0,-1,-1,-1,-1,-1,-1,-1,-1,-1,-1,-1,-1
1601,5,400,12,16,16,148297.206394,148297.228365,0.021971,0x40533c,1,66,46,20,24,50.000000,0,0,0.030914,1.200000,0.800000,mba,0,,0,0,-1,-1,-1,-1,-1,-1,-1,-1,-1,-1,-1,-1
1601,5,400,13,16,16,148297.208168,148297.230395,0.022227,0x40533c,1,78,45,33,58,50.000000,0,0,0.030914,1.200000,0.800000,mba,0,,0,0,-1,-1,-1,-1,-1,-1,-1,-1,-1,-1,-1,-1
1601,5,400,14,16,16,148297.207547,148297.229738,0.022191,0x40533c,1,111,67,44,28,40.000000,0,0,0.030914,1.200000,0.800000,mba,0,,0,0,-1,-1,-1,-1,-1,-1,-1,-1,-1,-1,-1,-1
1601,5,400,15,16,16,148297.207534,148297.229818,0.022284,0x40533c,1,77,29,48,62,40.000000,0,0,0.030914,1.200000,0.800000,mba,0,,0,0,-1,-1,-1,-1,-1,-1,-1,-1,-1,-1,-1,-1
1998,2,500,0,16,16,184141.324352,184533.974254,280.730694,0x4051ce,1,13425818,10007315,3418503,32,30.000000,1,1,394.421931,1.200000,0.800000,mba,0,,1,1,12165120,5316608,131563520,2434900582400,2443029045248,7331332096,2434900762624,2443029315584,7333584896,-1,-1,-1
1998,2,500,1,16,16,184141.306566,184533.895935,280.925432,0x4051ce,1,14036187,10300281,3735906,34,30.000000,1,1,394.421931,1.200000,0.800000,mba,0,,1,1,12075008,5316608,128049152,2434900582400,2443027152896,7332593664,2434900672512,2443027423232,7332503552,-1,-1,-1
1998,2,500,2,16,16,184141.320172,184534.753762,316.569656,0x4051ce,1,13584801,13205060,379741,36,30.000000,1,1,394.421931,1.200000,0.800000,mba,0,,1,1,12165120,5316608,92004352,2434900582400,2443042291712,8056733696,2434900672512,2443042291712,8054931456,-1,-1,-1
1998,2,500,3,16,16,184141.311408,184534.645348,320.437477,0x4051ce,1,14018379,13747441,270938,38,30.000000,1,1,394.421931,1.200000,0.800000,mba,0,,1,1,12075008,5406720,85426176,2434900582400,2443041841152,8105934848,2434900672512,2443041841152,8104943616,-1,-1,-1
1998,2,500,4,16,16,184141.247487,184535.298618,356.397543,0x4051ce,1,50314093,36923708,13390385,40,100.000000,1,1,394.421931,1.200000,0.800000,mba,0,,1,1,74072064,79298560,9641984,10819240239104,10845858603008,26195738624,10819240329216,10845858693120,26191863808,-1,-1,-1
1998,2,500,5,16,16,184141.323901,184535.315017,356.552767,0x4051ce,1,50346879,36817856,13529023,42,100.000000,1,1,394.421931,1.200000,0.800000,mba,0,,1,1,74162176,79478784,10723328,10819241230336,10845858873344,26201325568,10819241680896,10845859143680,26189070336,-1,-1,-1
1998,2,500,6,16,16,184141.306107,184535.452954,352.070256,0x4051ce,1,46933139,34704055,12229084,44,100.000000,1,1,394.421931,1.200000,0.800000,mba,0,,1,1,74342400,79208448,8830976,10819240599552,10845862297600,25697599488,10819241320448,10845862297600,25686695936,-1,-1,-1
1998,2,500,7,16,16,184141.327807,184535.669418,388.918964,0x4051ce,1,49422383,35219549,14202834,46,100.000000,1,1,394.421931,1.200000,0.800000,mba,0,,1,1,74162176,79659008,10272768,10819241320448,10845864730624,26612146176,10819241771008,10845864730624,26588536832,-1,-1,-1
1998,2,500,8,16,16,184141.314826,184535.246489,353.546902,0x4051ce,1,50337126,36363686,13973440,16,100.000000,1,1,394.421931,1.200000,0.800000,mba,0,,1,1,74252288,78938112,7208960,10819240960000,10845856890880,26094542848,10819241500672,10845857071104,26091298816,-1,-1,-1
1998,2,500,9,16,16,184141.306024,184535.007017,341.802051,0x4051ce,1,47221371,35455771,11765600,18,100.000000,1,1,394.421931,1.200000,0.800000,mba,0,,1,1,74162176,78307328,-540672,10819240419328,10845836435456,25291825152,10819240779776,10845837156352,25287680000,-1,-1,-1
1998,2,500,10,16,16,184141.281890,184535.237786,354.489989,0x4051ce,1,50346727,37023949,13322778,52,100.000000,1,1,394.421931,1.200000,0.800000,mba,0,,1,1,74072064,79118336,8470528,10819240329216,10845856169984,26139418624,10819240689664,10845856440320,26133921792,-1,-1,-1
1998,2,500,11,16,16,184141.312323,184535.232338,355.219868,0x4051ce,1,50310435,36837255,13473180,22,100.000000,1,1,394.421931,1.200000,0.800000,mba,0,,1,1,74342400,79118336,9011200,10819240419328,10845855899648,26155999232,10819241050112,10845856169984,26147889152,-1,-1,-1
1998,2,500,12,16,16,184141.259686,184534.487586,315.652636,0x4051ce,1,14035845,13338624,697221,24,30.000000,1,1,394.421931,1.200000,0.800000,mba,0,,1,1,11894784,5496832,86777856,2434900492288,2443040129024,8057184256,2434900582400,2443040219136,8056102912,-1,-1,-1
1998,2,500,13,16,16,184141.293007,184534.576624,319.993881,0x4051ce,1,13997245,13613401,383844,58,30.000000,1,1,394.421931,1.200000,0.800000,mba,0,,1,1,12075008,5767168,80560128,2434900492288,2443041480704,8106205184,2434900582400,2443041660928,8105123840,-1,-1,-1
1998,2,500,14,16,16,184141.291332,184534.532064,319.935918,0x4051ce,1,13998842,13601547,397295,28,30.000000,1,1,394.421931,1.200000,0.800000,mba,0,,1,1,11984896,5947392,77676544,2434900492288,2443040669696,8105033728,2434900582400,2443040849920,8103321600,-1,-1,-1
1998,2,500,15,16,16,184141.329105,184534.588882,315.536944,0x4051ce,1,13699267,13283400,415867,62,30.000000,1,1,394.421931,1.200000,0.800000,mba,0,,1,1,12255232,5767168,91643904,2434900762624,2443041660928,8060338176,2434900942848,2443041660928,8060428288,-1,-1,-1
1999,3,500,0,16,16,184535.868182,184536.058117,0.189935,0x405218,1,7371,5664,1707,32,20.000000,0,0,0.439170,1.200000,0.800000,mba,0,,0,0,-1,-1,-1,-1,-1,-1,-1,-1,-1,-1,-1,-1
1999,3,500,1,16,16,184535.868267,184536.061243,0.192976,0x405218,1,7501,5213,2288,34,20.000000,0,0,0.439170,1.200000,0.800000,mba,0,,0,0,-1,-1,-1,-1,-1,-1,-1,-1,-1,-1,-1,-1
1999,3,500,2,16,16,184535.865791,184536.048772,0.182981,0x405218,1,5757,4836,921,36,20.000000,0,0,0.439170,1.200000,0.800000,mba,0,,0,0,-1,-1,-1,-1,-1,-1,-1,-1,-1,-1,-1,-1
1999,3,500,3,16,16,184535.866899,184536.036916,0.170017,0x405218,1,5903,5210,693,38,20.000000,0,0,0.439170,1.200000,0.800000,mba,0,,0,0,-1,-1,-1,-1,-1,-1,-1,-1,-1,-1,-1,-1
1999,3,500,4,16,16,184535.866678,184536.231687,0.365009,0x405218,1,17191,11049,6142,40,100.000000,0,0,0.439170,1.200000,0.800000,mba,0,,0,0,-1,-1,-1,-1,-1,-1,-1,-1,-1,-1,-1,-1
1999,3,500,5,16,16,184535.867751,184536.231843,0.364092,0x405218,1,17239,11114,6125,42,100.000000,0,0,0.439170,1.200000,0.800000,mba,0,,0,0,-1,-1,-1,-1,-1,-1,-1,-1,-1,-1,-1,-1
1999,3,500,6,16,16,184535.866629,184536.289948,0.423319,0x405218,1,15210,9976,5234,44,100.000000,0,0,0.439170,1.200000,0.800000,mba,0,,0,0,-1,-1,-1,-1,-1,-1,-1,-1,-1,-1,-1,-1
1999,3,500,7,16,16,184535.867326,184536.304744,0.437418,0x405218,1,16380,9785,6595,46,100.000000,0,0,0.439170,1.200000,0.800000,mba,0,,0,0,-1,-1,-1,-1,-1,-1,-1,-1,-1,-1,-1,-1
1999,3,500,8,16,16,184535.867459,184536.223862,0.356403,0x405218,1,17239,12673,4566,48,100.000000,0,0,0.439170,1.200000,0.800000,mba,0,,0,0,-1,-1,-1,-1,-1,-1,-1,-1,-1,-1,-1,-1
1999,3,500,9,16,16,184535.867880,184536.224472,0.356592,0x405218,1,16067,13017,3050,18,100.000000,0,0,0.439170,1.200000,0.800000,mba,0,,0,0,-1,-1,-1,-1,-1,-1,-1,-1,-1,-1,-1,-1
1999,3,500,10,16,16,184535.867446,184536.220892,0.353446,0x405218,1,17128,13314,3814,52,100.000000,0,0,0.439170,1.200000,0.800000,mba,0,,0,0,-1,-1,-1,-1,-1,-1,-1,-1,-1,-1,-1,-1
1999,3,500,11,16,16,184535.867848,184536.225153,0.357305,0x405218,1,17169,13026,4143,22,100.000000,0,0,0.439170,1.200000,0.800000,mba,0,,0,0,-1,-1,-1,-1,-1,-1,-1,-1,-1,-1,-1,-1
1999,3,500,12,16,16,184535.866327,184536.035334,0.169007,0x405218,1,5927,5091,836,24,20.000000,0,0,0.439170,1.200000,0.800000,mba,0,,0,0,-1,-1,-1,-1,-1,-1,-1,-1,-1,-1,-1,-1
1999,3,500,13,16,16,184535.865759,184536.026960,0.161201,0x405218,1,5359,4451,908,58,20.000000,0,0,0.439170,1.200000,0.800000,mba,0,,0,0,-1,-1,-1,-1,-1,-1,-1,-1,-1,-1,-1,-1
1999,3,500,14,16,16,184535.865574,184536.023617,0.158043,0x405218,1,5472,4571,901,28,20.000000,0,0,0.439170,1.200000,0.800000,mba,0,,0,0,-1,-1,-1,-1,-1,-1,-1,-1,-1,-1,-1,-1
1999,3,500,15,16,16,184535.865966,184536.017595,0.151629,0x405218,1,5106,4336,770,62,20.000000,0,0,0.439170,1.200000,0.800000,mba,0,,0,0,-1,-1,-1,-1,-1,-1,-1,-1,-1,-1,-1,-1
2000,4,500,0,16,16,184537.147408,184537.205721,0.058313,0x4052e4,1,2037,1654,383,32,100.000000,0,0,0.067273,1.200000,0.800000,mba,0,,0,0,-1,-1,-1,-1,-1,-1,-1,-1,-1,-1,-1,-1
2000,4,500,1,16,16,184537.139205,184537.161961,0.022756,0x4052e4,1,269,219,50,34,20.000000,0,0,0.067273,1.200000,0.800000,mba,0,,0,0,-1,-1,-1,-1,-1,-1,-1,-1,-1,-1,-1,-1
2000,4,500,2,16,16,184537.138673,184537.161740,0.023067,0x4052e4,1,67,31,36,36,20.000000,0,0,0.067273,1.200000,0.800000,mba,0,,0,0,-1,-1,-1,-1,-1,-1,-1,-1,-1,-1,-1,-1
2000,4,500,3,16,16,184537.139729,184537.162409,0.022680,0x4052e4,1,142,94,48,38,20.000000,0,0,0.067273,1.200000,0.800000,mba,0,,0,0,-1,-1,-1,-1,-1,-1,-1,-1,-1,-1,-1,-1
2000,4,500,4,16,16,184537.140245,184537.166285,0.026040,0x4052e4,1,347,305,42,40,20.000000,0,0,0.067273,1.200000,0.800000,mba,0,,0,0,-1,-1,-1,-1,-1,-1,-1,-1,-1,-1,-1,-1
2000,4,500,5,16,16,184537.139721,184537.164548,0.024827,0x4052e4,1,334,275,59,42,20.000000,0,0,0.067273,1.200000,0.800000,mba,0,,0,0,-1,-1,-1,-1,-1,-1,-1,-1,-1,-1,-1,-1
2000,4,500,6,16,16,184537.140072,184537.166383,0.026311,0x4052e4,1,161,127,34,44,20.000000,0,0,0.067273,1.200000,0.800000,mba,0,,0,0,-1,-1,-1,-1,-1,-1,-1,-1,-1,-1,-1,-1
2000,4,500,7,16,16,184537.140019,184537.166806,0.026787,0x4052e4,1,78,50,28,46,20.000000,0,0,0.067273,1.200000,0.800000,mba,0,,0,0,-1,-1,-1,-1,-1,-1,-1,-1,-1,-1,-1,-1
2000,4,500,8,16,16,184537.138448,184537.164606,0.026158,0x4052e4,1,412,379,33,48,20.000000,0,0,0.067273,1.200000,0.800000,mba,0,,0,0,-1,-1,-1,-1,-1,-1,-1,-1,-1,-1,-1,-1
2000,4,500,9,16,16,184537.139886,184537.164794,0.024908,0x4052e4,1,322,283,39,18,20.000000,0,0,0.067273,1.200000,0.800000,mba,0,,0,0,-1,-1,-1,-1,-1,-1,-1,-1,-1,-1,-1,-1
2000,4,500,10,16,16,184537.139674,184537.163940,0.024266,0x4052e4,1,308,271,37,52,20.000000,0,0,0.067273,1.200000,0.800000,mba,0,,0,0,-1,-1,-1,-1,-1,-1,-1,-1,-1,-1,-1,-1
2000,4,500,11,16,16,184537.140032,184537.165456,0.025424,0x4052e4,1,324,274,50,22,20.000000,0,0,0.067273,1.200000,0.800000,mba,0,,0,0,-1,-1,-1,-1,-1,-1,-1,-1,-1,-1,-1,-1
2000,4,500,12,16,16,184537.138696,184537.161053,0.022357,0x4052e4,1,163,127,36,24,20.000000,0,0,0.067273,1.200000,0.800000,mba,0,,0,0,-1,-1,-1,-1,-1,-1,-1,-1,-1,-1,-1,-1
2000,4,500,13,16,16,184537.138756,184537.160728,0.021972,0x4052e4,1,88,46,42,58,20.000000,0,0,0.067273,1.200000,0.800000,mba,0,,0,0,-1,-1,-1,-1,-1,-1,-1,-1,-1,-1,-1,-1
2000,4,500,14,16,16,184537.140034,184537.162128,0.022094,0x4052e4,1,84,49,35,28,20.000000,0,0,0.067273,1.200000,0.800000,mba,0,,0,0,-1,-1,-1,-1,-1,-1,-1,-1,-1,-1,-1,-1
2000,4,500,15,16,16,184537.139215,184537.161313,0.022098,0x4052e4,1,83,41,42,62,20.000000,0,0,0.067273,1.200000,0.800000,mba,0,,0,0,-1,-1,-1,-1,-1,-1,-1,-1,-1,-1,-1,-1
2001,5,500,0,16,16,184537.273611,184537.296185,0.022574,0x40533c,1,34,3,31,32,40.000000,0,0,0.043588,1.200000,0.800000,mba,0,,0,0,-1,-1,-1,-1,-1,-1,-1,-1,-1,-1,-1,-1
2001,5,500,1,16,16,184537.274061,184537.296027,0.021966,0x40533c,1,100,68,32,34,40.000000,0,0,0.043588,1.200000,0.800000,mba,0,,0,0,-1,-1,-1,-1,-1,-1,-1,-1,-1,-1,-1,-1
2001,5,500,2,16,16,184537.274478,184537.296571,0.022093,0x40533c,1,52,12,40,36,40.000000,0,0,0.043588,1.200000,0.800000,mba,0,,0,0,-1,-1,-1,-1,-1,-1,-1,-1,-1,-1,-1,-1
2001,5,500,3,16,16,184537.275038,184537.297641,0.022603,0x40533c,1,65,24,41,38,40.000000,0,0,0.043588,1.200000,0.800000,mba,0,,0,0,-1,-1,-1,-1,-1,-1,-1,-1,-1,-1,-1,-1
2001,5,500,4,16,16,184537.273523,184537.303295,0.029772,0x40533c,1,719,521,198,40,100.000000,0,0,0.043588,1.200000,0.800000,mba,0,,0,0,-1,-1,-1,-1,-1,-1,-1,-1,-1,-1,-1,-1
2001,5,500,5,16,16,184537.274842,184537.304523,0.029681,0x40533c,1,726,457,269,42,100.000000,0,0,0.043588,1.200000,0.800000,mba,0,,0,0,-1,-1,-1,-1,-1,-1,-1,-1,-1,-1,-1,-1
2001,5,500,6,16,16,184537.275012,184537.305240,0.030228,0x40533c,1,250,160,90,44,80.000000,0,0,0.043588,1.200000,0.800000,mba,0,,0,0,-1,-1,-1,-1,-1,-1,-1,-1,-1,-1,-1,-1
2001,5,500,7,16,16,184537.274565,184537.316273,0.041708,0x40533c,1,240,140,100,46,80.000000,0,0,0.043588,1.200000,0.800000,mba,0,,0,0,-1,-1,-1,-1,-1,-1,-1,-1,-1,-1,-1,-1
2001,5,500,8,16,16,184537.274460,184537.303721,0.029261,0x40533c,1,901,522,379,48,80.000000,0,0,0.043588,1.200000,0.800000,mba,0,,0,0,-1,-1,-1,-1,-1,-1,-1,-1,-1,-1,-1,-1
2001,5,500,9,16,16,184537.274721,184537.303803,0.029082,0x40533c,1,708,362,346,18,80.000000,0,0,0.043588,1.200000,0.800000,mba,0,,0,0,-1,-1,-1,-1,-1,-1,-1,-1,-1,-1,-1,-1
2001,5,500,10,16,16,184537.274714,184537.303643,0.028929,0x40533c,1,967,604,363,52,80.000000,0,0,0.043588,1.200000,0.800000,mba,0,,0,0,-1,-1,-1,-1,-1,-1,-1,-1,-1,-1,-1,-1
2001,5,500,11,16,16,184537.274223,184537.303389,0.029166,0x40533c,1,886,447,439,22,80.000000,0,0,0.043588,1.200000,0.800000,mba,0,,0,0,-1,-1,-1,-1,-1,-1,-1,-1,-1,-1,-1,-1
2001,5,500,12,16,16,184537.272685,184537.294884,0.022199,0x40533c,1,117,82,35,24,40.000000,0,0,0.043588,1.200000,0.800000,mba,0,,0,0,-1,-1,-1,-1,-1,-1,-1,-1,-1,-1,-1,-1
2001,5,500,13,16,16,184537.273479,184537.295333,0.021854,0x40533c,1,67,28,39,58,40.000000,0,0,0.043588,1.200000,0.800000,mba,0,,0,0,-1,-1,-1,-1,-1,-1,-1,-1,-1,-1,-1,-1
2001,5,500,14,16,16,184537.274411,184537.296204,0.021793,0x40533c,1,95,52,43,28,40.000000,0,0,0.043588,1.200000,0.800000,mba,0,,0,0,-1,-1,-1,-1,-1,-1,-1,-1,-1,-1,-1,-1
2001,5,500,15,16,16,184537.274345,184537.296410,0.022065,0x40533c,1,73,38,35,62,40.000000,0,0,0.043588,1.200000,0.800000,mba,0,,0,0,-1,-1,-1,-1,-1,-1,-1,-1,-1,-1,-1,-1
2398,2,600,0,16,16,218781.439321,219143.261769,274.469445,0x4051ce,1,13409408,9707900,3701508,32,30.000000,1,1,364.383115,1.200000,0.800000,mba,0,,1,1,12705792,2793472,84254720,3243148992512,3244791463936,1626431488,3243148992512,3244791463936,1625530368,-1,-1,-1
2398,2,600,1,16,16,218781.565292,219143.174389,272.919307,0x4051ce,1,13856880,9819838,4037042,34,30.000000,1,1,364.383115,1.200000,0.800000,mba,0,,1,1,12345344,2883584,84615168,3243149713408,3244791193600,1623818240,3243149713408,3244791193600,1623728128,-1,-1,-1
2398,2,600,2,16,16,218781.410630,219142.165472,230.767176,0x4051ce,1,13642274,12893053,749221,36,40.000000,1,1,364.383115,1.200000,0.800000,mba,0,,1,1,901120,2252800,118587392,166172024832,172501311488,6264856576,166172024832,172501401600,6265577472,-1,-1,-1
2398,2,600,3,16,16,218781.745086,219142.183268,232.157824,0x4051ce,1,13540006,12975093,564913,38,40.000000,1,1,364.383115,1.200000,0.800000,mba,0,,1,1,1982464,2162688,117235712,166178603008,172501401600,6274408448,166178693120,172501401600,6273056768,-1,-1,-1
2398,2,600,4,16,16,218780.719427,219144.526030,349.446252,0x4051ce,1,45801015,33559436,12241579,40,100.000000,1,1,364.383115,1.200000,0.800000,mba,0,,1,1,70828032,80560128,8560640,13389061373952,13413712683008,24491360256,13389061464064,13413712683008,24477933568,-1,-1,-1
2398,2,600,5,16,16,218780.248979,219144.148627,347.170844,0x4051ce,1,45869194,33097777,12771417,42,100.000000,1,1,364.383115,1.200000,0.800000,mba,0,,1,1,70918144,80109568,-270336,13389051101184,13413696012288,24254816256,13389051101184,13413696372736,24240668672,-1,-1,-1
2398,2,600,6,16,16,218781.075926,219144.309076,339.073404,0x4051ce,1,42884215,31692059,11192156,44,100.000000,1,1,364.383115,1.200000,0.800000,mba,0,,1,1,71819264,80379904,0,13389083000832,13413706555392,24187322368,13389083541504,13413706915840,24176058368,-1,-1,-1
2398,2,600,7,16,16,218781.900832,219144.178234,327.951212,0x4051ce,1,46545909,34474422,12071487,46,100.000000,1,1,364.383115,1.200000,0.800000,mba,0,,1,1,69566464,80470016,90112,13389142114304,13413697814528,23773257728,13389142384640,13413698355200,23769473024,-1,-1,-1
2398,2,600,8,16,16,218780.837111,219144.070413,326.177618,0x4051ce,1,46520029,34513665,12006364,48,100.000000,1,1,364.383115,1.200000,0.800000,mba,0,,1,1,71008256,80019456,-360448,13389066240000,13413690966016,23740456960,13389066420224,13413691416576,23736942592,-1,-1,-1
2398,2,600,9,16,16,218780.600624,219144.294668,324.095050,0x4051ce,1,43369986,32772832,10597154,50,100.000000,1,1,364.383115,1.200000,0.800000,mba,0,,1,1,70918144,80379904,180224,13389057048576,13413705834496,23501570048,13389057138688,13413706285056,23496343552,-1,-1,-1
2398,2,600,10,16,16,218780.957298,219144.458945,331.839832,0x4051ce,1,46345328,34358870,11986458,52,100.000000,1,1,364.383115,1.200000,0.800000,mba,0,,1,1,71639040,80650240,901120,13389074440192,13413712412672,24003854336,13389074890752,13413712502784,23998988288,-1,-1,-1
2398,2,600,11,16,16,218780.488023,219144.438009,333.915952,0x4051ce,1,46170809,34025855,12144954,54,100.000000,1,1,364.383115,1.200000,0.800000,mba,0,,1,1,70828032,80650240,991232,13389054074880,13413712232448,24064679936,13389054255104,13413712232448,24056479744,-1,-1,-1
2398,2,600,12,16,16,218780.142915,219141.948697,230.063632,0x4051ce,1,14064287,13149794,914493,24,40.000000,1,1,364.383115,1.200000,0.800000,mba,0,,1,1,0,2162688,120479744,166155804672,172496715776,6230974464,166155804672,172496715776,6232326144,-1,-1,-1
2398,2,600,13,16,16,218780.179096,219142.185978,235.667416,0x4051ce,1,14027413,13490196,537217,58,40.000000,1,1,364.383115,1.200000,0.800000,mba,0,,1,1,90112,2162688,116064256,166155804672,172501401600,6305136640,166155804672,172501401600,6303875072,-1,-1,-1
2398,2,600,14,16,16,218780.213725,219142.173990,235.754791,0x4051ce,1,14030719,13489245,541474,28,40.000000,1,1,364.383115,1.200000,0.800000,mba,0,,1,1,90112,2162688,115703808,166155894784,172501401600,6306398208,166155984896,172501401600,6305136640,-1,-1,-1
2398,2,600,15,16,16,218781.255599,219142.212305,232.114199,0x4051ce,1,13618450,13063063,555387,62,40.000000,1,1,364.383115,1.200000,0.800000,mba,0,,1,1,720896,2072576,120750080,166169862144,172501401600,6274768896,166169862144,172501401600,6274318336,-1,-1,-1
2399,3,600,0,16,16,219144.711855,219144.898490,0.186635,0x405218,1,7484,5602,1882,32,20.000000,0,0,0.404688,1.200000,0.800000,mba,0,,0,0,-1,-1,-1,-1,-1,-1,-1,-1,-1,-1,-1,-1
2399,3,600,1,16,16,219144.713362,219144.921964,0.208602,0x405218,1,7432,5035,2397,34,20.000000,0,0,0.404688,1.200000,0.800000,mba,0,,0,0,-1,-1,-1,-1,-1,-1,-1,-1,-1,-1,-1,-1
2399,3,600,2,16,16,219144.711413,219144.876486,0.165073,0x405218,1,5808,4736,1072,36,20.000000,0,0,0.404688,1.200000,0.800000,mba,0,,0,0,-1,-1,-1,-1,-1,-1,-1,-1,-1,-1,-1,-1
2399,3,600,3,16,16,219144.710984,219144.873570,0.162586,0x405218,1,5693,5002,691,38,20.000000,0,0,0.404688,1.200000,0.800000,mba,0,,0,0,-1,-1,-1,-1,-1,-1,-1,-1,-1,-1,-1,-1
2399,3,600,4,16,16,219144.712012,219145.113484,0.401472,0x405218,1,15349,9819,5530,40,100.000000,0,0,0.404688,1.200000,0.800000,mba,0,,0,0,-1,-1,-1,-1,-1,-1,-1,-1,-1,-1,-1,-1
2399,3,600,5,16,16,219144.711798,219145.057340,0.345542,0x405218,1,16172,10461,5711,42,100.000000,0,0,0.404688,1.200000,0.800000,mba,0,,0,0,-1,-1,-1,-1,-1,-1,-1,-1,-1,-1,-1,-1
2399,3,600,6,16,16,219144.712544,219145.115323,0.402779,0x405218,1,14083,9837,4246,44,100.000000,0,0,0.404688,1.200000,0.800000,mba,0,,0,0,-1,-1,-1,-1,-1,-1,-1,-1,-1,-1,-1,-1
2399,3,600,7,16,16,219144.712600,219145.051397,0.338797,0x405218,1,16201,10473,5728,46,100.000000,0,0,0.404688,1.200000,0.800000,mba,0,,0,0,-1,-1,-1,-1,-1,-1,-1,-1,-1,-1,-1,-1
2399,3,600,8,16,16,219144.712588,219145.049704,0.337116,0x405218,1,16191,12291,3900,48,100.000000,0,0,0.404688,1.200000,0.800000,mba,0,,0,0,-1,-1,-1,-1,-1,-1,-1,-1,-1,-1,-1,-1
2399,3,600,9,16,16,219144.712387,219145.101822,0.389435,0x405218,1,14056,10658,3398,50,100.000000,0,0,0.404688,1.200000,0.800000,mba,0,,0,0,-1,-1,-1,-1,-1,-1,-1,-1,-1,-1,-1,-1
2399,3,600,10,16,16,219144.712528,219145.097380,0.384852,0x405218,1,15243,11002,4241,52,100.000000,0,0,0.404688,1.200000,0.800000,mba,0,,0,0,-1,-1,-1,-1,-1,-1,-1,-1,-1,-1,-1,-1
2399,3,600,11,16,16,219144.712507,219145.101895,0.389388,0x405218,1,15220,10566,4654,54,100.000000,0,0,0.404688,1.200000,0.800000,mba,0,,0,0,-1,-1,-1,-1,-1,-1,-1,-1,-1,-1,-1,-1
2399,3,600,12,16,16,219144.710635,219144.860837,0.150202,0x405218,1,5919,5048,871,24,20.000000,0,0,0.404688,1.200000,0.800000,mba,0,,0,0,-1,-1,-1,-1,-1,-1,-1,-1,-1,-1,-1,-1
2399,3,600,13,16,16,219144.710939,219144.861762,0.150823,0x405218,1,5291,4614,677,58,20.000000,0,0,0.404688,1.200000,0.800000,mba,0,,0,0,-1,-1,-1,-1,-1,-1,-1,-1,-1,-1,-1,-1
2399,3,600,14,16,16,219144.710649,219144.864314,0.153665,0x405218,1,5694,5004,690,28,20.000000,0,0,0.404688,1.200000,0.800000,mba,0,,0,0,-1,-1,-1,-1,-1,-1,-1,-1,-1,-1,-1,-1
2399,3,600,15,16,16,219144.711029,219144.865843,0.154814,0x405218,1,5058,4622,436,62,20.000000,0,0,0.404688,1.200000,0.800000,mba,0,,0,0,-1,-1,-1,-1,-1,-1,-1,-1,-1,-1,-1,-1
2400,4,600,0,16,16,219145.939382,219145.989099,0.049717,0x4052e4,1,2051,1653,398,32,100.000000,0,0,0.058424,1.200000,0.800000,mba,0,,0,0,-1,-1,-1,-1,-1,-1,-1,-1,-1,-1,-1,-1
2400,4,600,1,16,16,219145.932759,219145.956319,0.023560,0x4052e4,1,155,91,64,34,20.000000,0,0,0.058424,1.200000,0.800000,mba,0,,0,0,-1,-1,-1,-1,-1,-1,-1,-1,-1,-1,-1,-1
2400,4,600,2,16,16,219145.933711,219145.956892,0.023181,0x4052e4,1,78,27,51,36,20.000000,0,0,0.058424,1.200000,0.800000,mba,0,,0,0,-1,-1,-1,-1,-1,-1,-1,-1,-1,-1,-1,-1
2400,4,600,3,16,16,219145.932257,219145.955256,0.022999,0x4052e4,1,73,17,56,38,20.000000,0,0,0.058424,1.200000,0.800000,mba,0,,0,0,-1,-1,-1,-1,-1,-1,-1,-1,-1,-1,-1,-1
2400,4,600,4,16,16,219145.932290,219145.959605,0.027315,0x4052e4,1,183,112,71,40,20.000000,0,0,0.058424,1.200000,0.800000,mba,0,,0,0,-1,-1,-1,-1,-1,-1,-1,-1,-1,-1,-1,-1
2400,4,600,5,16,16,219145.933541,219145.958606,0.025065,0x4052e4,1,328,269,59,42,20.000000,0,0,0.058424,1.200000,0.800000,mba,0,,0,0,-1,-1,-1,-1,-1,-1,-1,-1,-1,-1,-1,-1
2400,4,600,6,16,16,219145.932513,219145.959854,0.027341,0x4052e4,1,122,70,52,44,20.000000,0,0,0.058424,1.200000,0.800000,mba,0,,0,0,-1,-1,-1,-1,-1,-1,-1,-1,-1,-1,-1,-1
2400,4,600,7,16,16,219145.933548,219145.959998,0.026450,0x4052e4,1,380,315,65,46,20.000000,0,0,0.058424,1.200000,0.800000,mba,0,,0,0,-1,-1,-1,-1,-1,-1,-1,-1,-1,-1,-1,-1
2400,4,600,8,16,16,219145.932417,219145.958939,0.026522,0x4052e4,1,318,255,63,48,20.000000,0,0,0.058424,1.200000,0.800000,mba,0,,0,0,-1,-1,-1,-1,-1,-1,-1,-1,-1,-1,-1,-1
2400,4,600,9,16,16,219145.933596,219145.960670,0.027074,0x4052e4,1,140,79,61,50,20.000000,0,0,0.058424,1.200000,0.800000,mba,0,,0,0,-1,-1,-1,-1,-1,-1,-1,-1,-1,-1,-1,-1
2400,4,600,10,16,16,219145.933697,219145.960368,0.026671,0x4052e4,1,174,113,61,52,20.000000,0,0,0.058424,1.200000,0.800000,mba,0,,0,0,-1,-1,-1,-1,-1,-1,-1,-1,-1,-1,-1,-1
2400,4,600,11,16,16,219145.933188,219145.960432,0.027244,0x4052e4,1,118,62,56,54,20.000000,0,0,0.058424,1.200000,0.800000,mba,0,,0,0,-1,-1,-1,-1,-1,-1,-1,-1,-1,-1,-1,-1
2400,4,600,12,16,16,219145.930675,219145.952650,0.021975,0x4052e4,1,186,127,59,24,20.000000,0,0,0.058424,1.200000,0.800000,mba,0,,0,0,-1,-1,-1,-1,-1,-1,-1,-1,-1,-1,-1,-1
2400,4,600,13,16,16,219145.931240,219145.953256,0.022016,0x4052e4,1,101,48,53,58,20.000000,0,0,0.058424,1.200000,0.800000,mba,0,,0,0,-1,-1,-1,-1,-1,-1,-1,-1,-1,-1,-1,-1
2400,4,600,14,16,16,219145.931056,219145.953150,0.022094,0x4052e4,1,194,142,52,28,20.000000,0,0,0.058424,1.200000,0.800000,mba,0,,0,0,-1,-1,-1,-1,-1,-1,-1,-1,-1,-1,-1,-1
2400,4,600,15,16,16,219145.931431,219145.954243,0.022812,0x4052e4,1,92,23,69,62,20.000000,0,0,0.058424,1.200000,0.800000,mba,0,,0,0,-1,-1,-1,-1,-1,-1,-1,-1,-1,-1,-1,-1
2401,5,600,0,16,16,219146.048189,219146.070002,0.021813,0x40533c,1,40,1,39,32,30.000000,0,0,0.034256,1.200000,0.800000,mba,0,,0,0,-1,-1,-1,-1,-1,-1,-1,-1,-1,-1,-1,-1
2401,5,600,1,16,16,219146.048844,219146.071027,0.022183,0x40533c,1,171,79,92,34,30.000000,0,0,0.034256,1.200000,0.800000,mba,0,,0,0,-1,-1,-1,-1,-1,-1,-1,-1,-1,-1,-1,-1
2401,5,600,2,16,16,219146.048490,219146.070871,0.022381,0x40533c,1,101,72,29,36,30.000000,0,0,0.034256,1.200000,0.800000,mba,0,,0,0,-1,-1,-1,-1,-1,-1,-1,-1,-1,-1,-1,-1
2401,5,600,3,16,16,219146.049164,219146.071666,0.022502,0x40533c,1,78,42,36,38,30.000000,0,0,0.034256,1.200000,0.800000,mba,0,,0,0,-1,-1,-1,-1,-1,-1,-1,-1,-1,-1,-1,-1
2401,5,600,4,16,16,219146.049051,219146.081878,0.032827,0x40533c,1,167,93,74,40,80.000000,0,0,0.034256,1.200000,0.800000,mba,0,,0,0,-1,-1,-1,-1,-1,-1,-1,-1,-1,-1,-1,-1
2401,5,600,5,16,16,219146.048413,219146.075794,0.027381,0x40533c,1,686,401,285,42,80.000000,0,0,0.034256,1.200000,0.800000,mba,0,,0,0,-1,-1,-1,-1,-1,-1,-1,-1,-1,-1,-1,-1
2401,5,600,6,16,16,219146.047942,219146.078999,0.031057,0x40533c,1,337,228,109,44,80.000000,0,0,0.034256,1.200000,0.800000,mba,0,,0,0,-1,-1,-1,-1,-1,-1,-1,-1,-1,-1,-1,-1
2401,5,600,7,16,16,219146.048777,219146.078324,0.029547,0x40533c,1,689,446,243,46,100.000000,0,0,0.034256,1.200000,0.800000,mba,0,,0,0,-1,-1,-1,-1,-1,-1,-1,-1,-1,-1,-1,-1
2401,5,600,8,16,16,219146.047826,219146.077547,0.029721,0x40533c,1,778,414,364,48,80.000000,0,0,0.034256,1.200000,0.800000,mba,0,,0,0,-1,-1,-1,-1,-1,-1,-1,-1,-1,-1,-1,-1
2401,5,600,9,16,16,219146.048821,219146.080623,0.031802,0x40533c,1,215,131,84,50,80.000000,0,0,0.034256,1.200000,0.800000,mba,0,,0,0,-1,-1,-1,-1,-1,-1,-1,-1,-1,-1,-1,-1
2401,5,600,10,16,16,219146.048965,219146.080536,0.031571,0x40533c,1,241,138,103,52,80.000000,0,0,0.034256,1.200000,0.800000,mba,0,,0,0,-1,-1,-1,-1,-1,-1,-1,-1,-1,-1,-1,-1
2401,5,600,11,16,16,219146.048843,219146.079842,0.030999,0x40533c,1,189,101,88,54,80.000000,0,0,0.034256,1.200000,0.800000,mba,0,,0,0,-1,-1,-1,-1,-1,-1,-1,-1,-1,-1,-1,-1
2401,5,600,12,16,16,219146.047622,219146.069654,0.022032,0x40533c,1,60,41,19,24,30.000000,0,0,0.034256,1.200000,0.800000,mba,0,,0,0,-1,-1,-1,-1,-1,-1,-1,-1,-1,-1,-1,-1
2401,5,600,13,16,16,219146.048692,219146.070804,0.022112,0x40533c,1,77,50,27,58,30.000000,0,0,0.034256,1.200000,0.800000,mba,0,,0,0,-1,-1,-1,-1,-1,-1,-1,-1,-1,-1,-1,-1
2401,5,600,14,16,16,219146.047942,219146.069799,0.021857,0x40533c,1,118,64,54,28,30.000000,0,0,0.034256,1.200000,0.800000,mba,0,,0,0,-1,-1,-1,-1,-1,-1,-1,-1,-1,-1,-1,-1
2401,5,600,15,16,16,219146.048883,219146.070879,0.021996,0x40533c,1,105,70,35,62,30.000000,0,0,0.034256,1.200000,0.800000,mba,0,,0,0,-1,-1,-1,-1,-1,-1,-1,-1,-1,-1,-1,-1
2798,2,700,0,16,16,252117.567285,252440.514717,271.299081,0x4051ce,1,13408010,9495940,3912070,32,30.000000,1,1,323.850711,1.200000,0.800000,mba,0,,1,1,9101312,5767168,63889408,3406221344768,3407827140608,1592369152,3406221344768,3407827140608,1591377920,-1,-1,-1
2798,2,700,1,16,16,252117.563686,252440.398979,269.328938,0x4051ce,1,14047323,9681174,4366149,34,30.000000,1,1,323.850711,1.200000,0.800000,mba,0,,1,1,9101312,5496832,62988288,3406221344768,3407826960384,1588674560,3406221344768,3407826960384,1587232768,-1,-1,-1
2798,2,700,2,16,16,252117.534529,252439.744465,233.441615,0x4051ce,1,14068316,13347169,721147,36,40.000000,1,1,323.850711,1.200000,0.800000,mba,0,,1,1,2613248,2883584,139042816,803047776256,809424371712,6322888704,803047776256,809424371712,6322167808,-1,-1,-1
2798,2,700,3,16,16,252117.567015,252439.723466,235.510161,0x4051ce,1,14058942,13552669,506273,38,40.000000,1,1,323.850711,1.200000,0.800000,mba,0,,1,1,2613248,2883584,137961472,803047776256,809424371712,6336856064,803047776256,809424371712,6336225280,-1,-1,-1
2798,2,700,4,16,16,252117.548677,252441.383213,317.742753,0x4051ce,1,43625192,32675941,10949251,40,100.000000,1,1,323.850711,1.200000,0.800000,mba,0,,1,1,73711616,77856768,540672,15798330048512,15821826662400,23473274880,15798330589184,15821826662400,23461199872,-1,-1,-1
2798,2,700,5,16,16,252117.589013,252441.385170,316.437727,0x4051ce,1,43688311,32396172,11292139,42,100.000000,1,1,323.850711,1.200000,0.800000,mba,0,,1,1,73801728,77856768,-360448,15798330769408,15821826662400,23444348928,15798331400192,15821826662400,23427317760,-1,-1,-1
2798,2,700,6,16,16,252117.594022,252441.171756,304.380319,0x4051ce,1,41001010,31191834,9809176,44,100.000000,1,1,323.850711,1.200000,0.800000,mba,0,,1,1,73801728,77496320,-1081344,15798331129856,15821814226944,22633971712,15798331850752,15821814587392,22636765184,-1,-1,-1
2798,2,700,7,16,16,252117.579822,252441.325922,316.726513,0x4051ce,1,43688504,32786723,10901781,46,100.000000,1,1,323.850711,1.200000,0.800000,mba,0,,1,1,73711616,77856768,-360448,15798330589184,15821825310720,23458045952,15798330859520,15821825490944,23449665536,-1,-1,-1
2798,2,700,8,16,16,252117.583566,252441.340821,315.583086,0x4051ce,1,43717886,32447956,11269930,48,100.000000,1,1,323.850711,1.200000,0.800000,mba,0,,1,1,73801728,77766656,-450560,15798330769408,15821826301952,23421911040,15798330949632,15821826572288,23419568128,-1,-1,-1
2798,2,700,9,16,16,252117.556165,252441.194964,305.788678,0x4051ce,1,41015413,31357995,9657418,50,100.000000,1,1,323.850711,1.200000,0.800000,mba,0,,1,1,73711616,77676544,-1171456,15798330228736,15821815758848,22743097344,15798330589184,15821816029184,22744178688,-1,-1,-1
2798,2,700,10,16,16,252117.575134,252441.349865,315.800559,0x4051ce,1,43734300,32701487,11032813,52,100.000000,1,1,323.850711,1.200000,0.800000,mba,0,,1,1,73801728,77766656,-540672,15798330589184,15821826572288,23430291456,15798330679296,15821826572288,23420108800,-1,-1,-1
2798,2,700,11,16,16,252117.571222,252441.302672,314.012744,0x4051ce,1,43660712,32603894,11056818,54,100.000000,1,1,323.850711,1.200000,0.800000,mba,0,,1,1,73801728,77856768,-720896,15798330589184,15821824409600,23344234496,15798330679296,15821824589824,23345045504,-1,-1,-1
2798,2,700,12,16,16,252117.534459,252439.571455,232.172791,0x4051ce,1,14066471,13227023,839448,24,40.000000,1,1,323.850711,1.200000,0.800000,mba,0,,1,1,2613248,2793472,135798784,803047776256,809422389248,6303694848,803047776256,809422389248,6304595968,-1,-1,-1
2798,2,700,13,16,16,252117.564602,252439.705302,236.191706,0x4051ce,1,14025160,13460270,564890,58,40.000000,1,1,323.850711,1.200000,0.800000,mba,0,,1,1,2613248,2973696,134897664,803047776256,809424371712,6346137600,803047776256,809424371712,6345146368,-1,-1,-1
2798,2,700,14,16,16,252117.579380,252439.655106,236.163979,0x4051ce,1,14028840,13454851,573989,28,40.000000,1,1,323.850711,1.200000,0.800000,mba,0,,1,1,2703360,2793472,134897664,803047776256,809423650816,6344966144,803047776256,809423650816,6344155136,-1,-1,-1
2798,2,700,15,16,16,252117.578365,252439.700207,232.791781,0x4051ce,1,13731446,13134363,597083,62,40.000000,1,1,323.850711,1.200000,0.800000,mba,0,,1,1,2613248,2973696,138952704,803047776256,809424371712,6320005120,803047776256,809424371712,6320906240,-1,-1,-1
2799,3,700,0,16,16,252441.565817,252441.736251,0.170434,0x405218,1,7567,5115,2452,32,20.000000,0,0,0.335630,1.200000,0.800000,mba,0,,0,0,-1,-1,-1,-1,-1,-1,-1,-1,-1,-1,-1,-1
2799,3,700,1,16,16,252441.565973,252441.746025,0.180052,0x405218,1,7583,4960,2623,34,20.000000,0,0,0.335630,1.200000,0.800000,mba,0,,0,0,-1,-1,-1,-1,-1,-1,-1,-1,-1,-1,-1,-1
2799,3,700,2,16,16,252441.564350,252441.726997,0.162647,0x405218,1,5988,5099,889,36,20.000000,0,0,0.335630,1.200000,0.800000,mba,0,,0,0,-1,-1,-1,-1,-1,-1,-1,-1,-1,-1,-1,-1
2799,3,700,3,16,16,252441.564515,252441.723667,0.159152,0x405218,1,5875,5240,635,38,20.000000,0,0,0.335630,1.200000,0.800000,mba,0,,0,0,-1,-1,-1,-1,-1,-1,-1,-1,-1,-1,-1,-1
2799,3,700,4,16,16,252441.564309,252441.899900,0.335591,0x405218,1,15461,10271,5190,40,100.000000,0,0,0.335630,1.200000,0.800000,mba,0,,0,0,-1,-1,-1,-1,-1,-1,-1,-1,-1,-1,-1,-1
2799,3,700,5,16,16,252441.565150,252441.893622,0.328472,0x405218,1,15498,10210,5288,42,100.000000,0,0,0.335630,1.200000,0.800000,mba,0,,0,0,-1,-1,-1,-1,-1,-1,-1,-1,-1,-1,-1,-1
2799,3,700,6,16,16,252441.565638,252441.876768,0.311130,0x405218,1,14409,10297,4112,44,100.000000,0,0,0.335630,1.200000,0.800000,mba,0,,0,0,-1,-1,-1,-1,-1,-1,-1,-1,-1,-1,-1,-1
2799,3,700,7,16,16,252441.564811,252441.892015,0.327204,0x405218,1,15443,10163,5280,46,100.000000,0,0,0.335630,1.200000,0.800000,mba,0,,0,0,-1,-1,-1,-1,-1,-1,-1,-1,-1,-1,-1,-1
2799,3,700,8,16,16,252441.564544,252441.882952,0.318408,0x405218,1,15451,11293,4158,48,100.000000,0,0,0.335630,1.200000,0.800000,mba,0,,0,0,-1,-1,-1,-1,-1,-1,-1,-1,-1,-1,-1,-1
2799,3,700,9,16,16,252441.564679,252441.876704,0.312025,0x405218,1,14411,11224,3187,50,100.000000,0,0,0.335630,1.200000,0.800000,mba,0,,0,0,-1,-1,-1,-1,-1,-1,-1,-1,-1,-1,-1,-1
2799,3,700,10,16,16,252441.565827,252441.882649,0.316822,0x405218,1,15336,11293,4043,52,100.000000,0,0,0.335630,1.200000,0.800000,mba,0,,0,0,-1,-1,-1,-1,-1,-1,-1,-1,-1,-1,-1,-1
2799,3,700,11,16,16,252441.565048,252441.885700,0.320652,0x405218,1,15348,11034,4314,54,100.000000,0,0,0.335630,1.200000,0.800000,mba,0,,0,0,-1,-1,-1,-1,-1,-1,-1,-1,-1,-1,-1,-1
2799,3,700,12,16,16,252441.564355,252441.727318,0.162963,0x405218,1,5995,5124,871,24,20.000000,0,0,0.335630,1.200000,0.800000,mba,0,,0,0,-1,-1,-1,-1,-1,-1,-1,-1,-1,-1,-1,-1
2799,3,700,13,16,16,252441.564868,252441.718928,0.154060,0x405218,1,5344,4557,787,58,20.000000,0,0,0.335630,1.200000,0.800000,mba,0,,0,0,-1,-1,-1,-1,-1,-1,-1,-1,-1,-1,-1,-1
2799,3,700,14,16,16,252441.564270,252441.715498,0.151228,0x405218,1,5462,4706,756,28,20.000000,0,0,0.335630,1.200000,0.800000,mba,0,,0,0,-1,-1,-1,-1,-1,-1,-1,-1,-1,-1,-1,-1
2799,3,700,15,16,16,252441.564619,252441.707021,0.142402,0x405218,1,4950,4482,468,62,20.000000,0,0,0.335630,1.200000,0.800000,mba,0,,0,0,-1,-1,-1,-1,-1,-1,-1,-1,-1,-1,-1,-1
2800,4,700,0,16,16,252442.718131,252442.765145,0.047014,0x4052e4,1,1967,1564,403,32,100.000000,0,0,0.055333,1.200000,0.800000,mba,0,,0,0,-1,-1,-1,-1,-1,-1,-1,-1,-1,-1,-1,-1
2800,4,700,1,16,16,252442.711704,252442.734685,0.022981,0x4052e4,1,246,192,54,34,20.000000,0,0,0.055333,1.200000,0.800000,mba,0,,0,0,-1,-1,-1,-1,-1,-1,-1,-1,-1,-1,-1,-1
2800,4,700,2,16,16,252442.710976,252442.733550,0.022574,0x4052e4,1,220,125,95,36,20.000000,0,0,0.055333,1.200000,0.800000,mba,0,,0,0,-1,-1,-1,-1,-1,-1,-1,-1,-1,-1,-1,-1
2800,4,700,3,16,16,252442.711049,252442.734121,0.023072,0x4052e4,1,194,120,74,38,20.000000,0,0,0.055333,1.200000,0.800000,mba,0,,0,0,-1,-1,-1,-1,-1,-1,-1,-1,-1,-1,-1,-1
2800,4,700,4,16,16,252442.711403,252442.736291,0.024888,0x4052e4,1,311,219,92,40,20.000000,0,0,0.055333,1.200000,0.800000,mba,0,,0,0,-1,-1,-1,-1,-1,-1,-1,-1,-1,-1,-1,-1
2800,4,700,5,16,16,252442.711722,252442.736955,0.025233,0x4052e4,1,305,225,80,42,20.000000,0,0,0.055333,1.200000,0.800000,mba,0,,0,0,-1,-1,-1,-1,-1,-1,-1,-1,-1,-1,-1,-1
2800,4,700,6,16,16,252442.711991,252442.737665,0.025674,0x4052e4,1,283,232,51,44,20.000000,0,0,0.055333,1.200000,0.800000,mba,0,,0,0,-1,-1,-1,-1,-1,-1,-1,-1,-1,-1,-1,-1
2800,4,700,7,16,16,252442.710696,252442.736079,0.025383,0x4052e4,1,349,279,70,46,20.000000,0,0,0.055333,1.200000,0.800000,mba,0,,0,0,-1,-1,-1,-1,-1,-1,-1,-1,-1,-1,-1,-1
2800,4,700,8,16,16,252442.711663,252442.736967,0.025304,0x4052e4,1,282,232,50,48,20.000000,0,0,0.055333,1.200000,0.800000,mba,0,,0,0,-1,-1,-1,-1,-1,-1,-1,-1,-1,-1,-1,-1
2800,4,700,9,16,16,252442.711597,252442.736521,0.024924,0x4052e4,1,326,281,45,50,20.000000,0,0,0.055333,1.200000,0.800000,mba,0,,0,0,-1,-1,-1,-1,-1,-1,-1,-1,-1,-1,-1,-1
2800,4,700,10,16,16,252442.711758,252442.736657,0.024899,0x4052e4,1,290,250,40,52,20.000000,0,0,0.055333,1.200000,0.800000,mba,0,,0,0,-1,-1,-1,-1,-1,-1,-1,-1,-1,-1,-1,-1
2800,4,700,11,16,16,252442.711818,252442.736099,0.024281,0x4052e4,1,372,309,63,54,20.000000,0,0,0.055333,1.200000,0.800000,mba,0,,0,0,-1,-1,-1,-1,-1,-1,-1,-1,-1,-1,-1,-1
2800,4,700,12,16,16,252442.710263,252442.732194,0.021931,0x4052e4,1,171,131,40,24,20.000000,0,0,0.055333,1.200000,0.800000,mba,0,,0,0,-1,-1,-1,-1,-1,-1,-1,-1,-1,-1,-1,-1
2800,4,700,13,16,16,252442.709812,252442.731587,0.021775,0x4052e4,1,74,39,35,58,20.000000,0,0,0.055333,1.200000,0.800000,mba,0,,0,0,-1,-1,-1,-1,-1,-1,-1,-1,-1,-1,-1,-1
2800,4,700,14,16,16,252442.710615,252442.732580,0.021965,0x4052e4,1,116,69,47,28,20.000000,0,0,0.055333,1.200000,0.800000,mba,0,,0,0,-1,-1,-1,-1,-1,-1,-1,-1,-1,-1,-1,-1
2800,4,700,15,16,16,252442.710058,252442.731851,0.021793,0x4052e4,1,56,24,32,62,20.000000,0,0,0.055333,1.200000,0.800000,mba,0,,0,0,-1,-1,-1,-1,-1,-1,-1,-1,-1,-1,-1,-1
2801,5,700,0,16,16,252442.833846,252442.856269,0.022423,0x40533c,1,35,1,34,32,30.000000,0,0,0.030026,1.200000,0.800000,mba,0,,0,0,-1,-1,-1,-1,-1,-1,-1,-1,-1,-1,-1,-1
2801,5,700,1,16,16,252442.833708,252442.855651,0.021943,0x40533c,1,127,85,42,34,30.000000,0,0,0.030026,1.200000,0.800000,mba,0,,0,0,-1,-1,-1,-1,-1,-1,-1,-1,-1,-1,-1,-1
2801,5,700,2,16,16,252442.833356,252442.855302,0.021946,0x40533c,1,57,16,41,36,30.000000,0,0,0.030026,1.200000,0.800000,mba,0,,0,0,-1,-1,-1,-1,-1,-1,-1,-1,-1,-1,-1,-1
2801,5,700,3,16,16,252442.833289,252442.855102,0.021813,0x40533c,1,53,9,44,38,30.000000,0,0,0.030026,1.200000,0.800000,mba,0,,0,0,-1,-1,-1,-1,-1,-1,-1,-1,-1,-1,-1,-1
2801,5,700,4,16,16,252442.833807,252442.862099,0.028292,0x40533c,1,593,380,213,40,80.000000,0,0,0.030026,1.200000,0.800000,mba,0,,0,0,-1,-1,-1,-1,-1,-1,-1,-1,-1,-1,-1,-1
2801,5,700,5,16,16,252442.833752,252442.861214,0.027462,0x40533c,1,605,442,163,42,80.000000,0,0,0.030026,1.200000,0.800000,mba,0,,0,0,-1,-1,-1,-1,-1,-1,-1,-1,-1,-1,-1,-1
2801,5,700,6,16,16,252442.832853,252442.860442,0.027589,0x40533c,1,845,614,231,44,80.000000,0,0,0.030026,1.200000,0.800000,mba,0,,0,0,-1,-1,-1,-1,-1,-1,-1,-1,-1,-1,-1,-1
2801,5,700,7,16,16,252442.833594,252442.861630,0.028036,0x40533c,1,808,529,279,46,100.000000,0,0,0.030026,1.200000,0.800000,mba,0,,0,0,-1,-1,-1,-1,-1,-1,-1,-1,-1,-1,-1,-1
2801,5,700,8,16,16,252442.833252,252442.860282,0.027030,0x40533c,1,814,446,368,48,80.000000,0,0,0.030026,1.200000,0.800000,mba,0,,0,0,-1,-1,-1,-1,-1,-1,-1,-1,-1,-1,-1,-1
2801,5,700,9,16,16,252442.833873,252442.862291,0.028418,0x40533c,1,547,247,300,50,80.000000,0,0,0.030026,1.200000,0.800000,mba,0,,0,0,-1,-1,-1,-1,-1,-1,-1,-1,-1,-1,-1,-1
2801,5,700,10,16,16,252442.833427,252442.861899,0.028472,0x40533c,1,816,477,339,52,80.000000,0,0,0.030026,1.200000,0.800000,mba,0,,0,0,-1,-1,-1,-1,-1,-1,-1,-1,-1,-1,-1,-1
2801,5,700,11,16,16,252442.832576,252442.860101,0.027525,0x40533c,1,845,370,475,54,80.000000,0,0,0.030026,1.200000,0.800000,mba,0,,0,0,-1,-1,-1,-1,-1,-1,-1,-1,-1,-1,-1,-1
2801,5,700,12,16,16,252442.832265,252442.854211,0.021946,0x40533c,1,78,44,34,24,30.000000,0,0,0.030026,1.200000,0.800000,mba,0,,0,0,-1,-1,-1,-1,-1,-1,-1,-1,-1,-1,-1,-1
2801,5,700,13,16,16,252442.833712,252442.856234,0.022522,0x40533c,1,129,66,63,58,30.000000,0,0,0.030026,1.200000,0.800000,mba,0,,0,0,-1,-1,-1,-1,-1,-1,-1,-1,-1,-1,-1,-1
2801,5,700,14,16,16,252442.833084,252442.854631,0.021547,0x40533c,1,89,41,48,28,30.000000,0,0,0.030026,1.200000,0.800000,mba,0,,0,0,-1,-1,-1,-1,-1,-1,-1,-1,-1,-1,-1,-1
2801,5,700,15,16,16,252442.833014,252442.854831,0.021817,0x40533c,1,104,68,36,62,30.000000,0,0,0.030026,1.200000,0.800000,mba,0,,0,0,-1,-1,-1,-1,-1,-1,-1,-1,-1,-1,-1,-1
