parallel_id,region_id,region_exec,thread_id,team_size,requested_threads,start_ms,end_ms,elapsed_ms,codeptr,pmu_valid,pmu_llc_references,pmu_llc_misses,pmu_llc_hits,cpu_id,target_mb_percent,resource_applied,resctrl_enabled,region_wall_ms,resctrl_enable_ms,resctrl_disable_ms,resource_kind,target_l3_ways,target_l3_mask,mon_valid,mon_l3_domains,mon_start_llc_occupancy_bytes,mon_end_llc_occupancy_bytes,mon_llc_occupancy_delta_bytes,mon_start_mbm_total_bytes,mon_end_mbm_total_bytes,mon_mbm_total_delta_bytes,mon_start_mbm_local_bytes,mon_end_mbm_local_bytes,mon_mbm_local_delta_bytes,mon_start_mbm_remote_bytes,mon_end_mbm_remote_bytes,mon_mbm_remote_delta_bytes
1,1,1,0,16,16,2472.642850,2477.323355,4.680505,0x404957,1,74825,74123,702,32,100.000000,0,0,8.119576,1.200000,0.800000,mba,0,,0,0,-1,-1,-1,-1,-1,-1,-1,-1,-1,-1,-1,-1
1,1,1,1,16,16,2472.680227,2477.365514,4.685287,0x404957,1,75472,74423,1049,34,100.000000,0,0,8.119576,1.200000,0.800000,mba,0,,0,0,-1,-1,-1,-1,-1,-1,-1,-1,-1,-1,-1,-1
1,1,1,2,16,16,2472.804613,2477.980485,5.175872,0x404957,1,75279,74135,1144,36,100.000000,0,0,8.119576,1.200000,0.800000,mba,0,,0,0,-1,-1,-1,-1,-1,-1,-1,-1,-1,-1,-1,-1
1,1,1,3,16,16,2472.756812,2477.456615,4.699803,0x404957,1,75045,74029,1016,38,100.000000,0,0,8.119576,1.200000,0.800000,mba,0,,0,0,-1,-1,-1,-1,-1,-1,-1,-1,-1,-1,-1,-1
1,1,1,4,16,16,2472.764190,2477.245158,4.480968,0x404957,1,75753,74412,1341,8,100.000000,0,0,8.119576,1.200000,0.800000,mba,0,,0,0,-1,-1,-1,-1,-1,-1,-1,-1,-1,-1,-1,-1
1,1,1,5,16,16,2472.837288,2477.971734,5.134446,0x404957,1,75267,74246,1021,42,100.000000,0,0,8.119576,1.200000,0.800000,mba,0,,0,0,-1,-1,-1,-1,-1,-1,-1,-1,-1,-1,-1,-1
1,1,1,6,16,16,2472.845798,2478.002039,5.156241,0x404957,1,75364,74318,1046,12,100.000000,0,0,8.119576,1.200000,0.800000,mba,0,,0,0,-1,-1,-1,-1,-1,-1,-1,-1,-1,-1,-1,-1
1,1,1,7,16,16,2472.878016,2477.985705,5.107689,0x404957,1,75442,74377,1065,46,100.000000,0,0,8.119576,1.200000,0.800000,mba,0,,0,0,-1,-1,-1,-1,-1,-1,-1,-1,-1,-1,-1,-1
1,1,1,8,16,16,2472.990806,2478.518314,5.527508,0x404957,1,75187,74255,932,16,100.000000,0,0,8.119576,1.200000,0.800000,mba,0,,0,0,-1,-1,-1,-1,-1,-1,-1,-1,-1,-1,-1,-1
1,1,1,9,16,16,2472.985899,2478.527905,5.542006,0x404957,1,75225,74227,998,18,100.000000,0,0,8.119576,1.200000,0.800000,mba,0,,0,0,-1,-1,-1,-1,-1,-1,-1,-1,-1,-1,-1,-1
1,1,1,10,16,16,2472.771527,2478.546053,5.774526,0x404957,1,75375,74330,1045,20,100.000000,0,0,8.119576,1.200000,0.800000,mba,0,,0,0,-1,-1,-1,-1,-1,-1,-1,-1,-1,-1,-1,-1
1,1,1,11,16,16,2472.851749,2477.779195,4.927446,0x404957,1,75169,74179,990,54,100.000000,0,0,8.119576,1.200000,0.800000,mba,0,,0,0,-1,-1,-1,-1,-1,-1,-1,-1,-1,-1,-1,-1
1,1,1,12,16,16,2473.236574,2480.762426,7.525852,0x404957,1,75285,74139,1146,56,100.000000,0,0,8.119576,1.200000,0.800000,mba,0,,0,0,-1,-1,-1,-1,-1,-1,-1,-1,-1,-1,-1,-1
1,1,1,13,16,16,2473.181445,2477.671089,4.489644,0x404957,1,75326,74275,1051,26,100.000000,0,0,8.119576,1.200000,0.800000,mba,0,,0,0,-1,-1,-1,-1,-1,-1,-1,-1,-1,-1,-1,-1
1,1,1,14,16,16,2474.105487,2479.478904,5.373417,0x404957,1,75550,74270,1280,28,100.000000,0,0,8.119576,1.200000,0.800000,mba,0,,0,0,-1,-1,-1,-1,-1,-1,-1,-1,-1,-1,-1,-1
1,1,1,15,16,16,2473.401026,2478.621287,5.220261,0x404957,1,75522,74397,1125,62,100.000000,0,0,8.119576,1.200000,0.800000,mba,0,,0,0,-1,-1,-1,-1,-1,-1,-1,-1,-1,-1,-1,-1
2,2,1,0,16,16,2493.526748,2556.433798,41.464192,0x4051ce,1,6515518,1120413,5395105,32,100.000000,0,0,63.332333,1.200000,0.800000,mba,0,,0,0,-1,-1,-1,-1,-1,-1,-1,-1,-1,-1,-1,-1
2,2,1,1,16,16,2493.522558,2556.372966,40.983971,0x4051ce,1,7763458,1282603,6480855,34,100.000000,0,0,63.332333,1.200000,0.800000,mba,0,,0,0,-1,-1,-1,-1,-1,-1,-1,-1,-1,-1,-1,-1
2,2,1,2,16,16,2493.521914,2556.746856,49.372879,0x4051ce,1,7602178,3240558,4361620,36,100.000000,0,0,63.332333,1.200000,0.800000,mba,0,,0,0,-1,-1,-1,-1,-1,-1,-1,-1,-1,-1,-1,-1
2,2,1,3,16,16,2493.523299,2556.739443,54.356147,0x4051ce,1,7915035,4518269,3396766,38,100.000000,0,0,63.332333,1.200000,0.800000,mba,0,,0,0,-1,-1,-1,-1,-1,-1,-1,-1,-1,-1,-1,-1
2,2,1,4,16,16,2493.523126,2556.793186,56.531420,0x4051ce,1,7901206,4892810,3008396,8,100.000000,0,0,63.332333,1.200000,0.800000,mba,0,,0,0,-1,-1,-1,-1,-1,-1,-1,-1,-1,-1,-1,-1
2,2,1,5,16,16,2493.521895,2556.838561,62.742903,0x4051ce,1,7722613,7011338,711275,42,100.000000,0,0,63.332333,1.200000,0.800000,mba,0,,0,0,-1,-1,-1,-1,-1,-1,-1,-1,-1,-1,-1,-1
2,2,1,6,16,16,2493.522356,2556.833040,62.673291,0x4051ce,1,7710098,7058245,651853,12,100.000000,0,0,63.332333,1.200000,0.800000,mba,0,,0,0,-1,-1,-1,-1,-1,-1,-1,-1,-1,-1,-1,-1
2,2,1,7,16,16,2493.522481,2556.836613,62.596047,0x4051ce,1,7715632,7079449,636183,46,100.000000,0,0,63.332333,1.200000,0.800000,mba,0,,0,0,-1,-1,-1,-1,-1,-1,-1,-1,-1,-1,-1,-1
2,2,1,8,16,16,2493.522082,2556.829076,62.112181,0x4051ce,1,7710930,7053973,656957,16,100.000000,0,0,63.332333,1.200000,0.800000,mba,0,,0,0,-1,-1,-1,-1,-1,-1,-1,-1,-1,-1,-1,-1
2,2,1,9,16,16,2493.523079,2556.841057,62.700539,0x4051ce,1,7675978,7056796,619182,18,100.000000,0,0,63.332333,1.200000,0.800000,mba,0,,0,0,-1,-1,-1,-1,-1,-1,-1,-1,-1,-1,-1,-1
2,2,1,10,16,16,2493.523048,2556.797164,61.635989,0x4051ce,1,7697587,7066384,631203,20,100.000000,0,0,63.332333,1.200000,0.800000,mba,0,,0,0,-1,-1,-1,-1,-1,-1,-1,-1,-1,-1,-1,-1
2,2,1,11,16,16,2493.521369,2556.853702,63.023870,0x4051ce,1,7703190,7089978,613212,54,100.000000,0,0,63.332333,1.200000,0.800000,mba,0,,0,0,-1,-1,-1,-1,-1,-1,-1,-1,-1,-1,-1,-1
2,2,1,12,16,16,2493.523197,2556.622344,58.627023,0x4051ce,1,7739556,5856145,1883411,56,100.000000,0,0,63.332333,1.200000,0.800000,mba,0,,0,0,-1,-1,-1,-1,-1,-1,-1,-1,-1,-1,-1,-1
2,2,1,13,16,16,2493.522748,2556.772755,60.555740,0x4051ce,1,7727156,6187328,1539828,26,100.000000,0,0,63.332333,1.200000,0.800000,mba,0,,0,0,-1,-1,-1,-1,-1,-1,-1,-1,-1,-1,-1,-1
2,2,1,14,16,16,2493.523273,2556.620216,46.883669,0x4051ce,1,8040004,2419816,5620188,28,100.000000,0,0,63.332333,1.200000,0.800000,mba,0,,0,0,-1,-1,-1,-1,-1,-1,-1,-1,-1,-1,-1,-1
2,2,1,15,16,16,2493.522965,2556.641943,44.058363,0x4051ce,1,7752084,1927791,5824293,62,100.000000,0,0,63.332333,1.200000,0.800000,mba,0,,0,0,-1,-1,-1,-1,-1,-1,-1,-1,-1,-1,-1,-1
3,3,1,0,16,16,2556.941503,2557.031370,0.089867,0x405218,1,6287,1688,4599,32,100.000000,0,0,0.141281,1.200000,0.800000,mba,0,,0,0,-1,-1,-1,-1,-1,-1,-1,-1,-1,-1,-1,-1
3,3,1,1,16,16,2556.943397,2557.028346,0.084949,0x405218,1,6336,1463,4873,34,100.000000,0,0,0.141281,1.200000,0.800000,mba,0,,0,0,-1,-1,-1,-1,-1,-1,-1,-1,-1,-1,-1,-1
3,3,1,2,16,16,2556.943103,2557.044651,0.101548,0x405218,1,6439,1883,4556,36,100.000000,0,0,0.141281,1.200000,0.800000,mba,0,,0,0,-1,-1,-1,-1,-1,-1,-1,-1,-1,-1,-1,-1
3,3,1,3,16,16,2556.942393,2557.056126,0.113733,0x405218,1,5678,2695,2983,38,100.000000,0,0,0.141281,1.200000,0.800000,mba,0,,0,0,-1,-1,-1,-1,-1,-1,-1,-1,-1,-1,-1,-1
3,3,1,4,16,16,2556.943362,2557.049356,0.105994,0x405218,1,5539,2298,3241,8,100.000000,0,0,0.141281,1.200000,0.800000,mba,0,,0,0,-1,-1,-1,-1,-1,-1,-1,-1,-1,-1,-1,-1
3,3,1,5,16,16,2556.943351,2557.076907,0.133556,0x405218,1,5134,3760,1374,42,100.000000,0,0,0.141281,1.200000,0.800000,mba,0,,0,0,-1,-1,-1,-1,-1,-1,-1,-1,-1,-1,-1,-1
3,3,1,6,16,16,2556.942558,2557.082103,0.139545,0x405218,1,5236,4032,1204,12,100.000000,0,0,0.141281,1.200000,0.800000,mba,0,,0,0,-1,-1,-1,-1,-1,-1,-1,-1,-1,-1,-1,-1
3,3,1,7,16,16,2556.942491,2557.081932,0.139441,0x405218,1,5624,4438,1186,46,100.000000,0,0,0.141281,1.200000,0.800000,mba,0,,0,0,-1,-1,-1,-1,-1,-1,-1,-1,-1,-1,-1,-1
3,3,1,8,16,16,2556.942872,2557.077062,0.134190,0x405218,1,5240,4319,921,16,100.000000,0,0,0.141281,1.200000,0.800000,mba,0,,0,0,-1,-1,-1,-1,-1,-1,-1,-1,-1,-1,-1,-1
3,3,1,9,16,16,2556.943132,2557.074717,0.131585,0x405218,1,4989,3614,1375,18,100.000000,0,0,0.141281,1.200000,0.800000,mba,0,,0,0,-1,-1,-1,-1,-1,-1,-1,-1,-1,-1,-1,-1
3,3,1,10,16,16,2556.942942,2557.082784,0.139842,0x405218,1,5376,4471,905,20,100.000000,0,0,0.141281,1.200000,0.800000,mba,0,,0,0,-1,-1,-1,-1,-1,-1,-1,-1,-1,-1,-1,-1
3,3,1,11,16,16,2556.942645,2557.080995,0.138350,0x405218,1,5289,4133,1156,54,100.000000,0,0,0.141281,1.200000,0.800000,mba,0,,0,0,-1,-1,-1,-1,-1,-1,-1,-1,-1,-1,-1,-1
3,3,1,12,16,16,2556.941843,2557.077293,0.135450,0x405218,1,6168,3869,2299,56,100.000000,0,0,0.141281,1.200000,0.800000,mba,0,,0,0,-1,-1,-1,-1,-1,-1,-1,-1,-1,-1,-1,-1
3,3,1,13,16,16,2556.942340,2557.073952,0.131612,0x405218,1,5672,3765,1907,26,100.000000,0,0,0.141281,1.200000,0.800000,mba,0,,0,0,-1,-1,-1,-1,-1,-1,-1,-1,-1,-1,-1,-1
3,3,1,14,16,16,2556.943403,2557.036241,0.092838,0x405218,1,6281,1365,4916,28,100.000000,0,0,0.141281,1.200000,0.800000,mba,0,,0,0,-1,-1,-1,-1,-1,-1,-1,-1,-1,-1,-1,-1
3,3,1,15,16,16,2556.941553,2557.019721,0.078168,0x405218,1,5700,794,4906,62,100.000000,0,0,0.141281,1.200000,0.800000,mba,0,,0,0,-1,-1,-1,-1,-1,-1,-1,-1,-1,-1,-1,-1
4,4,1,0,16,16,2557.280026,2557.306845,0.026819,0x4052e4,1,1864,492,1372,32,100.000000,0,0,0.030552,1.200000,0.800000,mba,0,,0,0,-1,-1,-1,-1,-1,-1,-1,-1,-1,-1,-1,-1
4,4,1,1,16,16,2557.278112,2557.299140,0.021028,0x4052e4,1,258,126,132,34,100.000000,0,0,0.030552,1.200000,0.800000,mba,0,,0,0,-1,-1,-1,-1,-1,-1,-1,-1,-1,-1,-1,-1
4,4,1,2,16,16,2557.279273,2557.300063,0.020790,0x4052e4,1,287,191,96,36,100.000000,0,0,0.030552,1.200000,0.800000,mba,0,,0,0,-1,-1,-1,-1,-1,-1,-1,-1,-1,-1,-1,-1
4,4,1,3,16,16,2557.278614,2557.298999,0.020385,0x4052e4,1,141,79,62,38,100.000000,0,0,0.030552,1.200000,0.800000,mba,0,,0,0,-1,-1,-1,-1,-1,-1,-1,-1,-1,-1,-1,-1
4,4,1,4,16,16,2557.278075,2557.298706,0.020631,0x4052e4,1,174,118,56,8,100.000000,0,0,0.030552,1.200000,0.800000,mba,0,,0,0,-1,-1,-1,-1,-1,-1,-1,-1,-1,-1,-1,-1
4,4,1,5,16,16,2557.278651,2557.299073,0.020422,0x4052e4,1,165,98,67,42,100.000000,0,0,0.030552,1.200000,0.800000,mba,0,,0,0,-1,-1,-1,-1,-1,-1,-1,-1,-1,-1,-1,-1
4,4,1,6,16,16,2557.279013,2557.299834,0.020821,0x4052e4,1,204,122,82,12,100.000000,0,0,0.030552,1.200000,0.800000,mba,0,,0,0,-1,-1,-1,-1,-1,-1,-1,-1,-1,-1,-1,-1
4,4,1,7,16,16,2557.278783,2557.299975,0.021192,0x4052e4,1,194,133,61,46,100.000000,0,0,0.030552,1.200000,0.800000,mba,0,,0,0,-1,-1,-1,-1,-1,-1,-1,-1,-1,-1,-1,-1
4,4,1,8,16,16,2557.277561,2557.298209,0.020648,0x4052e4,1,147,90,57,16,100.000000,0,0,0.030552,1.200000,0.800000,mba,0,,0,0,-1,-1,-1,-1,-1,-1,-1,-1,-1,-1,-1,-1
4,4,1,9,16,16,2557.278420,2557.299275,0.020855,0x4052e4,1,153,102,51,18,100.000000,0,0,0.030552,1.200000,0.800000,mba,0,,0,0,-1,-1,-1,-1,-1,-1,-1,-1,-1,-1,-1,-1
4,4,1,10,16,16,2557.278787,2557.299165,0.020378,0x4052e4,1,156,96,60,20,100.000000,0,0,0.030552,1.200000,0.800000,mba,0,,0,0,-1,-1,-1,-1,-1,-1,-1,-1,-1,-1,-1,-1
4,4,1,11,16,16,2557.277207,2557.298011,0.020804,0x4052e4,1,155,113,42,54,100.000000,0,0,0.030552,1.200000,0.800000,mba,0,,0,0,-1,-1,-1,-1,-1,-1,-1,-1,-1,-1,-1,-1
4,4,1,12,16,16,2557.276293,2557.296949,0.020656,0x4052e4,1,171,148,23,56,100.000000,0,0,0.030552,1.200000,0.800000,mba,0,,0,0,-1,-1,-1,-1,-1,-1,-1,-1,-1,-1,-1,-1
4,4,1,13,16,16,2557.277984,2557.298800,0.020816,0x4052e4,1,177,137,40,26,100.000000,0,0,0.030552,1.200000,0.800000,mba,0,,0,0,-1,-1,-1,-1,-1,-1,-1,-1,-1,-1,-1,-1
4,4,1,14,16,16,2557.279077,2557.299753,0.020676,0x4052e4,1,261,127,134,28,100.000000,0,0,0.030552,1.200000,0.800000,mba,0,,0,0,-1,-1,-1,-1,-1,-1,-1,-1,-1,-1,-1,-1
4,4,1,15,16,16,2557.278916,2557.299305,0.020389,0x4052e4,1,164,97,67,62,100.000000,0,0,0.030552,1.200000,0.800000,mba,0,,0,0,-1,-1,-1,-1,-1,-1,-1,-1,-1,-1,-1,-1
5,5,1,0,16,16,2558.885784,2558.906237,0.020453,0x40533c,1,48,3,45,32,100.000000,0,0,0.032775,1.200000,0.800000,mba,0,,0,0,-1,-1,-1,-1,-1,-1,-1,-1,-1,-1,-1,-1
5,5,1,1,16,16,2558.893378,2558.916979,0.023601,0x40533c,1,1612,117,1495,34,100.000000,0,0,0.032775,1.200000,0.800000,mba,0,,0,0,-1,-1,-1,-1,-1,-1,-1,-1,-1,-1,-1,-1
5,5,1,2,16,16,2558.888979,2558.916315,0.027336,0x40533c,1,1366,53,1313,36,100.000000,0,0,0.032775,1.200000,0.800000,mba,0,,0,0,-1,-1,-1,-1,-1,-1,-1,-1,-1,-1,-1,-1
5,5,1,3,16,16,2558.893099,2558.916819,0.023720,0x40533c,1,1576,168,1408,38,100.000000,0,0,0.032775,1.200000,0.800000,mba,0,,0,0,-1,-1,-1,-1,-1,-1,-1,-1,-1,-1,-1,-1
5,5,1,4,16,16,2558.889374,2558.911497,0.022123,0x40533c,1,1539,216,1323,8,100.000000,0,0,0.032775,1.200000,0.800000,mba,0,,0,0,-1,-1,-1,-1,-1,-1,-1,-1,-1,-1,-1,-1
5,5,1,5,16,16,2558.886333,2558.906750,0.020417,0x40533c,1,82,47,35,42,100.000000,0,0,0.032775,1.200000,0.800000,mba,0,,0,0,-1,-1,-1,-1,-1,-1,-1,-1,-1,-1,-1,-1
5,5,1,6,16,16,2558.893170,2558.917044,0.023874,0x40533c,1,1609,174,1435,12,100.000000,0,0,0.032775,1.200000,0.800000,mba,0,,0,0,-1,-1,-1,-1,-1,-1,-1,-1,-1,-1,-1,-1
5,5,1,7,16,16,2558.893241,2558.917280,0.024039,0x40533c,1,1646,172,1474,46,100.000000,0,0,0.032775,1.200000,0.800000,mba,0,,0,0,-1,-1,-1,-1,-1,-1,-1,-1,-1,-1,-1,-1
5,5,1,8,16,16,2558.893353,2558.917633,0.024280,0x40533c,1,1621,283,1338,16,100.000000,0,0,0.032775,1.200000,0.800000,mba,0,,0,0,-1,-1,-1,-1,-1,-1,-1,-1,-1,-1,-1,-1
5,5,1,9,16,16,2558.893435,2558.917793,0.024358,0x40533c,1,1640,249,1391,18,100.000000,0,0,0.032775,1.200000,0.800000,mba,0,,0,0,-1,-1,-1,-1,-1,-1,-1,-1,-1,-1,-1,-1
5,5,1,10,16,16,2558.893317,2558.917737,0.024420,0x40533c,1,1635,248,1387,20,100.000000,0,0,0.032775,1.200000,0.800000,mba,0,,0,0,-1,-1,-1,-1,-1,-1,-1,-1,-1,-1,-1,-1
5,5,1,11,16,16,2558.893288,2558.916857,0.023569,0x40533c,1,1619,244,1375,54,100.000000,0,0,0.032775,1.200000,0.800000,mba,0,,0,0,-1,-1,-1,-1,-1,-1,-1,-1,-1,-1,-1,-1
5,5,1,12,16,16,2558.885018,2558.905476,0.020458,0x40533c,1,55,20,35,56,100.000000,0,0,0.032775,1.200000,0.800000,mba,0,,0,0,-1,-1,-1,-1,-1,-1,-1,-1,-1,-1,-1,-1
5,5,1,13,16,16,2558.893394,2558.917256,0.023862,0x40533c,1,1628,174,1454,26,100.000000,0,0,0.032775,1.200000,0.800000,mba,0,,0,0,-1,-1,-1,-1,-1,-1,-1,-1,-1,-1,-1,-1
5,5,1,14,16,16,2558.893241,2558.917131,0.023890,0x40533c,1,1644,122,1522,28,100.000000,0,0,0.032775,1.200000,0.800000,mba,0,,0,0,-1,-1,-1,-1,-1,-1,-1,-1,-1,-1,-1,-1
5,5,1,15,16,16,2558.893132,2558.916871,0.023739,0x40533c,1,1573,146,1427,62,100.000000,0,0,0.032775,1.200000,0.800000,mba,0,,0,0,-1,-1,-1,-1,-1,-1,-1,-1,-1,-1,-1,-1
398,2,100,0,16,16,18825.960343,19010.536505,74.684360,0x4051ce,1,6583626,3511033,3072593,32,40.000000,1,1,186.935189,1.200000,0.800000,mba,0,,1,1,90112,17211392,216899584,991232,2818252800,2356699136,991232,2818252800,2355347456,-1,-1,-1
398,2,100,1,16,16,18826.575774,19010.562600,78.896367,0x4051ce,1,7625386,3769318,3856068,34,40.000000,1,1,186.935189,1.200000,0.800000,mba,0,,1,1,1171456,17301504,240328704,7028736,2818523136,2477899776,7208960,2818703360,2477359104,-1,-1,-1
398,2,100,2,16,16,18827.312397,19010.639846,83.216817,0x4051ce,1,6802286,3804701,2997585,36,40.000000,1,1,186.935189,1.200000,0.800000,mba,0,,1,1,4325376,16941056,244023296,24420352,2820145152,2546114560,24420352,2820325376,2544852992,-1,-1,-1
398,2,100,3,16,16,18826.997736,19010.925910,97.981455,0x4051ce,1,7230855,4768235,2462620,38,40.000000,1,1,186.935189,1.200000,0.800000,mba,0,,1,1,2252800,16760832,231317504,15319040,2823569408,2717597696,15409152,2823569408,2714624000,-1,-1,-1
398,2,100,4,16,16,18826.088135,19012.178513,157.188825,0x4051ce,1,21420034,15485823,5934211,8,100.000000,1,1,186.935189,1.200000,0.800000,mba,0,,1,1,2973696,67223552,34332672,11624448,11842068480,11051245568,11624448,11842068480,11053858816,-1,-1,-1
398,2,100,5,16,16,18827.647053,19012.370712,172.969563,0x4051ce,1,20656107,16389828,4266279,42,100.000000,1,1,186.935189,1.200000,0.800000,mba,0,,1,1,16130048,67403776,51904512,66772992,11847204864,11674640384,66953216,11847385088,11666350080,-1,-1,-1
398,2,100,6,16,16,18825.473057,19012.130586,158.980341,0x4051ce,1,19443986,16533728,2910258,12,100.000000,1,1,186.935189,1.200000,0.800000,mba,0,,1,1,0,67223552,42442752,450560,11839004672,11162443776,450560,11839545344,11165958144,-1,-1,-1
398,2,100,7,16,16,18827.809914,19012.408246,179.612235,0x4051ce,1,20005284,16417695,3587589,46,100.000000,1,1,186.935189,1.200000,0.800000,mba,0,,1,1,16310272,67313664,53977088,75333632,11847385088,11755560960,75964416,11847385088,11743215616,-1,-1,-1
398,2,100,8,16,16,18825.837687,19012.174615,164.544610,0x4051ce,1,20781738,16795407,3986331,16,100.000000,1,1,186.935189,1.200000,0.800000,mba,0,,1,1,1802240,67133440,55508992,6488064,11841888256,11473059840,6488064,11842068480,11471798272,-1,-1,-1
398,2,100,9,16,16,18827.478543,19012.100269,158.715822,0x4051ce,1,19429555,16664619,2764936,18,100.000000,1,1,186.935189,1.200000,0.800000,mba,0,,1,1,14147584,67133440,34873344,58662912,11836661760,11190378496,58933248,11837472768,11190198272,-1,-1,-1
398,2,100,10,16,16,18826.718441,19012.170798,163.965642,0x4051ce,1,20771830,16971387,3800443,20,100.000000,1,1,186.935189,1.200000,0.800000,mba,0,,1,1,7659520,67133440,53886976,27934720,11841798144,11478827008,27934720,11842068480,11475763200,-1,-1,-1
398,2,100,11,16,16,18827.156229,19012.146234,165.364909,0x4051ce,1,20745241,16821739,3923502,54,100.000000,1,1,186.935189,1.200000,0.800000,mba,0,,1,1,10903552,67133440,52535296,42983424,11840356352,11522441216,43253760,11840716800,11516403712,-1,-1,-1
398,2,100,12,16,16,18826.384842,19011.110952,104.275990,0x4051ce,1,7308626,5535336,1773290,56,40.000000,1,1,186.935189,1.200000,0.800000,mba,0,,1,1,991232,16490496,213385216,4595712,2824200192,2754183168,4685824,2824200192,2751119360,-1,-1,-1
398,2,100,13,16,16,18826.247329,19010.624472,82.869579,0x4051ce,1,7124523,5875816,1248707,58,50.000000,1,1,186.935189,1.200000,0.800000,mba,0,,1,1,0,1441792,55328768,180224,508321792,500121600,180224,508321792,499941376,-1,-1,-1
398,2,100,14,16,16,18826.874352,19010.677206,86.465168,0x4051ce,1,7802501,4366002,3436499,28,40.000000,1,1,186.935189,1.200000,0.800000,mba,0,,1,1,2072576,16941056,245465088,12345344,2821046272,2598559744,12345344,2821226496,2598469632,-1,-1,-1
398,2,100,15,16,16,18825.703389,19010.663091,80.719910,0x4051ce,1,7538826,4034834,3503992,62,40.000000,1,1,186.935189,1.200000,0.800000,mba,0,,1,1,0,17031168,241229824,0,2820685824,2502049792,0,2821046272,2501238784,-1,-1,-1
399,3,100,0,16,16,19012.591735,19012.725257,0.133522,0x405218,1,6330,3834,2496,32,50.000000,0,0,0.361334,1.200000,0.800000,mba,0,,0,0,-1,-1,-1,-1,-1,-1,-1,-1,-1,-1,-1,-1
399,3,100,1,16,16,19012.591811,19012.710750,0.118939,0x405218,1,6403,3180,3223,34,50.000000,0,0,0.361334,1.200000,0.800000,mba,0,,0,0,-1,-1,-1,-1,-1,-1,-1,-1,-1,-1,-1,-1
399,3,100,2,16,16,19012.591285,19012.751454,0.160169,0x405218,1,6282,3442,2840,36,50.000000,0,0,0.361334,1.200000,0.800000,mba,0,,0,0,-1,-1,-1,-1,-1,-1,-1,-1,-1,-1,-1,-1
399,3,100,3,16,16,19012.591693,19012.744681,0.152988,0x405218,1,5471,3817,1654,38,50.000000,0,0,0.361334,1.200000,0.800000,mba,0,,0,0,-1,-1,-1,-1,-1,-1,-1,-1,-1,-1,-1,-1
399,3,100,4,16,16,19012.592656,19012.870820,0.278164,0x405218,1,12572,7988,4584,8,100.000000,0,0,0.361334,1.200000,0.800000,mba,0,,0,0,-1,-1,-1,-1,-1,-1,-1,-1,-1,-1,-1,-1
399,3,100,5,16,16,19012.592248,19012.951284,0.359036,0x405218,1,11678,7923,3755,42,100.000000,0,0,0.361334,1.200000,0.800000,mba,0,,0,0,-1,-1,-1,-1,-1,-1,-1,-1,-1,-1,-1,-1
399,3,100,6,16,16,19012.591507,19012.881707,0.290200,0x405218,1,11884,8925,2959,12,100.000000,0,0,0.361334,1.200000,0.800000,mba,0,,0,0,-1,-1,-1,-1,-1,-1,-1,-1,-1,-1,-1,-1
399,3,100,7,16,16,19012.592489,19012.952619,0.360130,0x405218,1,11347,8018,3329,46,100.000000,0,0,0.361334,1.200000,0.800000,mba,0,,0,0,-1,-1,-1,-1,-1,-1,-1,-1,-1,-1,-1,-1
399,3,100,8,16,16,19012.591878,19012.867822,0.275944,0x405218,1,12201,8933,3268,16,100.000000,0,0,0.361334,1.200000,0.800000,mba,0,,0,0,-1,-1,-1,-1,-1,-1,-1,-1,-1,-1,-1,-1
399,3,100,9,16,16,19012.592057,19012.872030,0.279973,0x405218,1,11936,8932,3004,18,100.000000,0,0,0.361334,1.200000,0.800000,mba,0,,0,0,-1,-1,-1,-1,-1,-1,-1,-1,-1,-1,-1,-1
399,3,100,10,16,16,19012.592076,19012.873738,0.281662,0x405218,1,12255,9007,3248,52,100.000000,0,0,0.361334,1.200000,0.800000,mba,0,,0,0,-1,-1,-1,-1,-1,-1,-1,-1,-1,-1,-1,-1
399,3,100,11,16,16,19012.592600,19012.870509,0.277909,0x405218,1,12166,8697,3469,54,100.000000,0,0,0.361334,1.200000,0.800000,mba,0,,0,0,-1,-1,-1,-1,-1,-1,-1,-1,-1,-1,-1,-1
399,3,100,12,16,16,19012.591645,19012.742810,0.151165,0x405218,1,6296,4199,2097,56,60.000000,0,0,0.361334,1.200000,0.800000,mba,0,,0,0,-1,-1,-1,-1,-1,-1,-1,-1,-1,-1,-1,-1
399,3,100,13,16,16,19012.591831,19012.752700,0.160869,0x405218,1,5358,4447,911,58,60.000000,0,0,0.361334,1.200000,0.800000,mba,0,,0,0,-1,-1,-1,-1,-1,-1,-1,-1,-1,-1,-1,-1
399,3,100,14,16,16,19012.592130,19012.730931,0.138801,0x405218,1,6475,3670,2805,28,50.000000,0,0,0.361334,1.200000,0.800000,mba,0,,0,0,-1,-1,-1,-1,-1,-1,-1,-1,-1,-1,-1,-1
399,3,100,15,16,16,19012.591562,19012.716381,0.124819,0x405218,1,5835,3375,2460,62,50.000000,0,0,0.361334,1.200000,0.800000,mba,0,,0,0,-1,-1,-1,-1,-1,-1,-1,-1,-1,-1,-1,-1
400,4,100,0,16,16,19013.536699,19013.572284,0.035585,0x4052e4,1,1896,1263,633,32,100.000000,0,0,0.042177,1.200000,0.800000,mba,0,,0,0,-1,-1,-1,-1,-1,-1,-1,-1,-1,-1,-1,-1
400,4,100,1,16,16,19013.532021,19013.553038,0.021017,0x4052e4,1,238,173,65,34,80.000000,0,0,0.042177,1.200000,0.800000,mba,0,,0,0,-1,-1,-1,-1,-1,-1,-1,-1,-1,-1,-1,-1
400,4,100,2,16,16,19013.531718,19013.553848,0.022130,0x4052e4,1,190,117,73,36,80.000000,0,0,0.042177,1.200000,0.800000,mba,0,,0,0,-1,-1,-1,-1,-1,-1,-1,-1,-1,-1,-1,-1
400,4,100,3,16,16,19013.531188,19013.552088,0.020900,0x4052e4,1,65,9,56,38,60.000000,0,0,0.042177,1.200000,0.800000,mba,0,,0,0,-1,-1,-1,-1,-1,-1,-1,-1,-1,-1,-1,-1
400,4,100,4,16,16,19013.531517,19013.555073,0.023556,0x4052e4,1,360,282,78,8,80.000000,0,0,0.042177,1.200000,0.800000,mba,0,,0,0,-1,-1,-1,-1,-1,-1,-1,-1,-1,-1,-1,-1
400,4,100,5,16,16,19013.532421,19013.556510,0.024089,0x4052e4,1,198,132,66,42,80.000000,0,0,0.042177,1.200000,0.800000,mba,0,,0,0,-1,-1,-1,-1,-1,-1,-1,-1,-1,-1,-1,-1
400,4,100,6,16,16,19013.532444,19013.555772,0.023328,0x4052e4,1,351,290,61,12,80.000000,0,0,0.042177,1.200000,0.800000,mba,0,,0,0,-1,-1,-1,-1,-1,-1,-1,-1,-1,-1,-1,-1
400,4,100,7,16,16,19013.531606,19013.556271,0.024665,0x4052e4,1,207,132,75,46,80.000000,0,0,0.042177,1.200000,0.800000,mba,0,,0,0,-1,-1,-1,-1,-1,-1,-1,-1,-1,-1,-1,-1
400,4,100,8,16,16,19013.532449,19013.556197,0.023748,0x4052e4,1,345,275,70,16,80.000000,0,0,0.042177,1.200000,0.800000,mba,0,,0,0,-1,-1,-1,-1,-1,-1,-1,-1,-1,-1,-1,-1
400,4,100,9,16,16,19013.532034,19013.555205,0.023171,0x4052e4,1,388,319,69,18,80.000000,0,0,0.042177,1.200000,0.800000,mba,0,,0,0,-1,-1,-1,-1,-1,-1,-1,-1,-1,-1,-1,-1
400,4,100,10,16,16,19013.531225,19013.554552,0.023327,0x4052e4,1,388,313,75,52,80.000000,0,0,0.042177,1.200000,0.800000,mba,0,,0,0,-1,-1,-1,-1,-1,-1,-1,-1,-1,-1,-1,-1
400,4,100,11,16,16,19013.532212,19013.555862,0.023650,0x4052e4,1,346,283,63,54,80.000000,0,0,0.042177,1.200000,0.800000,mba,0,,0,0,-1,-1,-1,-1,-1,-1,-1,-1,-1,-1,-1,-1
400,4,100,12,16,16,19013.531451,19013.552048,0.020597,0x4052e4,1,208,154,54,56,80.000000,0,0,0.042177,1.200000,0.800000,mba,0,,0,0,-1,-1,-1,-1,-1,-1,-1,-1,-1,-1,-1,-1
400,4,100,13,16,16,19013.530890,19013.552047,0.021157,0x4052e4,1,81,33,48,58,80.000000,0,0,0.042177,1.200000,0.800000,mba,0,,0,0,-1,-1,-1,-1,-1,-1,-1,-1,-1,-1,-1,-1
400,4,100,14,16,16,19013.530107,19013.551843,0.021736,0x4052e4,1,282,199,83,28,80.000000,0,0,0.042177,1.200000,0.800000,mba,0,,0,0,-1,-1,-1,-1,-1,-1,-1,-1,-1,-1,-1,-1
400,4,100,15,16,16,19013.530733,19013.552359,0.021626,0x4052e4,1,177,120,57,62,80.000000,0,0,0.042177,1.200000,0.800000,mba,0,,0,0,-1,-1,-1,-1,-1,-1,-1,-1,-1,-1,-1,-1
401,5,100,0,16,16,19013.626912,19013.647232,0.020320,0x40533c,1,29,5,24,32,80.000000,0,0,0.029245,1.200000,0.800000,mba,0,,0,0,-1,-1,-1,-1,-1,-1,-1,-1,-1,-1,-1,-1
401,5,100,1,16,16,19013.625680,19013.646198,0.020518,0x40533c,1,129,57,72,34,80.000000,0,0,0.029245,1.200000,0.800000,mba,0,,0,0,-1,-1,-1,-1,-1,-1,-1,-1,-1,-1,-1,-1
401,5,100,2,16,16,19013.627072,19013.647946,0.020874,0x40533c,1,136,71,65,36,80.000000,0,0,0.029245,1.200000,0.800000,mba,0,,0,0,-1,-1,-1,-1,-1,-1,-1,-1,-1,-1,-1,-1
401,5,100,3,16,16,19013.626629,19013.647106,0.020477,0x40533c,1,96,59,37,38,80.000000,0,0,0.029245,1.200000,0.800000,mba,0,,0,0,-1,-1,-1,-1,-1,-1,-1,-1,-1,-1,-1,-1
401,5,100,4,16,16,19013.627356,19013.653553,0.026197,0x40533c,1,654,359,295,8,100.000000,0,0,0.029245,1.200000,0.800000,mba,0,,0,0,-1,-1,-1,-1,-1,-1,-1,-1,-1,-1,-1,-1
401,5,100,5,16,16,19013.627508,19013.654925,0.027417,0x40533c,1,155,98,57,42,100.000000,0,0,0.029245,1.200000,0.800000,mba,0,,0,0,-1,-1,-1,-1,-1,-1,-1,-1,-1,-1,-1,-1
401,5,100,6,16,16,19013.625692,19013.650568,0.024876,0x40533c,1,562,302,260,12,100.000000,0,0,0.029245,1.200000,0.800000,mba,0,,0,0,-1,-1,-1,-1,-1,-1,-1,-1,-1,-1,-1,-1
401,5,100,7,16,16,19013.627096,19013.654053,0.026957,0x40533c,1,222,149,73,46,100.000000,0,0,0.029245,1.200000,0.800000,mba,0,,0,0,-1,-1,-1,-1,-1,-1,-1,-1,-1,-1,-1,-1
401,5,100,8,16,16,19013.625863,19013.651035,0.025172,0x40533c,1,811,446,365,16,100.000000,0,0,0.029245,1.200000,0.800000,mba,0,,0,0,-1,-1,-1,-1,-1,-1,-1,-1,-1,-1,-1,-1
401,5,100,9,16,16,19013.626556,19013.652154,0.025598,0x40533c,1,555,201,354,18,100.000000,0,0,0.029245,1.200000,0.800000,mba,0,,0,0,-1,-1,-1,-1,-1,-1,-1,-1,-1,-1,-1,-1
401,5,100,10,16,16,19013.627290,19013.652754,0.025464,0x40533c,1,771,388,383,52,100.000000,0,0,0.029245,1.200000,0.800000,mba,0,,0,0,-1,-1,-1,-1,-1,-1,-1,-1,-1,-1,-1,-1
401,5,100,11,16,16,19013.627028,19013.651957,0.024929,0x40533c,1,719,329,390,54,100.000000,0,0,0.029245,1.200000,0.800000,mba,0,,0,0,-1,-1,-1,-1,-1,-1,-1,-1,-1,-1,-1,-1
401,5,100,12,16,16,19013.626932,19013.647349,0.020417,0x40533c,1,117,72,45,56,80.000000,0,0,0.029245,1.200000,0.800000,mba,0,,0,0,-1,-1,-1,-1,-1,-1,-1,-1,-1,-1,-1,-1
401,5,100,13,16,16,19013.626718,19013.647711,0.020993,0x40533c,1,81,43,38,58,80.000000,0,0,0.029245,1.200000,0.800000,mba,0,,0,0,-1,-1,-1,-1,-1,-1,-1,-1,-1,-1,-1,-1
401,5,100,14,16,16,19013.627337,19013.647768,0.020431,0x40533c,1,134,61,73,28,80.000000,0,0,0.029245,1.200000,0.800000,mba,0,,0,0,-1,-1,-1,-1,-1,-1,-1,-1,-1,-1,-1,-1
401,5,100,15,16,16,19013.626053,19013.646373,0.020320,0x40533c,1,121,63,58,62,80.000000,0,0,0.029245,1.200000,0.800000,mba,0,,0,0,-1,-1,-1,-1,-1,-1,-1,-1,-1,-1,-1,-1
798,2,200,0,16,16,36978.936795,37165.537385,103.766227,0x4051ce,1,6582338,3466403,3115935,32,30.000000,1,1,189.302270,1.200000,0.800000,mba,0,,1,1,4055040,19464192,166166528,20365312,3285573632,2669027328,20455424,3285573632,2669658112,-1,-1,-1
798,2,200,1,16,16,36978.167035,37165.381000,101.905351,0x4051ce,1,7017921,3186938,3830983,34,30.000000,1,1,189.302270,1.200000,0.800000,mba,0,,1,1,360448,19283968,167878656,6037504,3282149376,2627215360,6037504,3282239488,2625863680,-1,-1,-1
798,2,200,2,16,16,36977.704165,37165.677777,114.854825,0x4051ce,1,6934636,3829749,3104887,36,30.000000,1,1,189.302270,1.200000,0.800000,mba,0,,1,1,0,19914752,172023808,270336,3287916544,2866642944,360448,3288006656,2864029696,-1,-1,-1
798,2,200,3,16,16,36977.675151,37166.121549,138.082618,0x4051ce,1,7657424,5074648,2582776,38,30.000000,1,1,189.302270,1.200000,0.800000,mba,0,,1,1,0,19013632,130662400,0,3292782592,3156803584,0,3292872704,3155992576,-1,-1,-1
798,2,200,4,16,16,36979.270559,37166.977421,182.576897,0x4051ce,1,21497052,15719809,5777243,40,100.000000,1,1,189.302270,1.200000,0.800000,mba,0,,1,1,57311232,65331200,8740864,1234026528768,1246530469888,12480512000,1234026979328,1246530469888,12471410688,-1,-1,-1
798,2,200,5,16,16,36978.309625,37166.850219,172.373799,0x4051ce,1,22213030,17515563,4697467,42,100.000000,1,1,189.302270,1.200000,0.800000,mba,0,,1,1,59924480,65150976,-90112,1233982283776,1246529388544,12284878848,1233982554112,1246529478656,12284157952,-1,-1,-1
798,2,200,6,16,16,36978.704064,37166.750432,169.071179,0x4051ce,1,20237378,17648212,2589166,12,100.000000,1,1,189.302270,1.200000,0.800000,mba,0,,1,1,59293696,65150976,-1171456,1233995350016,1246523891712,12083568640,1233995440128,1246524162048,12086992896,-1,-1,-1
798,2,200,7,16,16,36978.178067,37166.859862,176.439922,0x4051ce,1,21664188,18111252,3552936,46,100.000000,1,1,189.302270,1.200000,0.800000,mba,0,,1,1,60284928,65241088,1712128,1233980932096,1246529568768,12433473536,1233980932096,1246529568768,12426444800,-1,-1,-1
798,2,200,8,16,16,36978.582583,37166.808021,174.468709,0x4051ce,1,21679239,17889984,3789255,16,100.000000,1,1,189.302270,1.200000,0.800000,mba,0,,1,1,59023360,65060864,630784,1233989943296,1246527856640,12401664000,1233989943296,1246528667648,12398690304,-1,-1,-1
798,2,200,9,16,16,36979.432398,37166.734901,167.664214,0x4051ce,1,20231926,17553992,2677934,18,100.000000,1,1,189.302270,1.200000,0.800000,mba,0,,1,1,57221120,65060864,-1261568,1234036711424,1246522720256,11989221376,1234036981760,1246523170816,11994988544,-1,-1,-1
798,2,200,10,16,16,36978.834491,37166.800525,174.513286,0x4051ce,1,21677030,18031233,3645797,52,100.000000,1,1,189.302270,1.200000,0.800000,mba,0,,1,1,59203584,65150976,1351680,1234000035840,1246527586304,12402114560,1234000216064,1246528397312,12401934336,-1,-1,-1
798,2,200,11,16,16,36979.121858,37166.848695,174.938343,0x4051ce,1,21644273,17867073,3777200,54,100.000000,1,1,189.302270,1.200000,0.800000,mba,0,,1,1,57491456,65150976,630784,1234017697792,1246529388544,12403916800,1234017968128,1246529478656,12399591424,-1,-1,-1
798,2,200,12,16,16,36978.013754,37166.438254,144.038983,0x4051ce,1,7213725,5711139,1502586,56,30.000000,1,1,189.302270,1.200000,0.800000,mba,0,,1,1,90112,18292736,116695040,3874816,3295215616,3208347648,3874816,3295305728,3206184960,-1,-1,-1
798,2,200,13,16,16,36978.445545,37166.714491,157.842359,0x4051ce,1,7581990,6725908,856082,26,30.000000,1,1,189.302270,1.200000,0.800000,mba,0,,1,1,991232,18382848,84795392,11173888,3296026624,3268272128,11173888,3296026624,3265568768,-1,-1,-1
798,2,200,14,16,16,36977.726506,37165.704044,120.679976,0x4051ce,1,7794627,4332071,3462556,28,30.000000,1,1,189.302270,1.200000,0.800000,mba,0,,1,1,0,20185088,180494336,450560,3288367104,2951979008,540672,3288547328,2949545984,-1,-1,-1
798,2,200,15,16,16,36978.961176,37165.496988,106.757042,0x4051ce,1,7092099,3609821,3482278,62,30.000000,1,1,189.302270,1.200000,0.800000,mba,0,,1,1,4235264,19824640,167518208,20905984,3285303296,2725978112,21176320,3285303296,2723815424,-1,-1,-1
799,3,200,0,16,16,37167.193416,37167.335335,0.141919,0x405218,1,6504,3776,2728,32,30.000000,0,0,0.354599,1.200000,0.800000,mba,0,,0,0,-1,-1,-1,-1,-1,-1,-1,-1,-1,-1,-1,-1
799,3,200,1,16,16,37167.192520,37167.333329,0.140809,0x405218,1,5826,2697,3129,34,30.000000,0,0,0.354599,1.200000,0.800000,mba,0,,0,0,-1,-1,-1,-1,-1,-1,-1,-1,-1,-1,-1,-1
799,3,200,2,16,16,37167.193645,37167.353083,0.159438,0x405218,1,6166,3226,2940,36,30.000000,0,0,0.354599,1.200000,0.800000,mba,0,,0,0,-1,-1,-1,-1,-1,-1,-1,-1,-1,-1,-1,-1
799,3,200,3,16,16,37167.192802,37167.329196,0.136394,0x405218,1,5525,3395,2130,38,30.000000,0,0,0.354599,1.200000,0.800000,mba,0,,0,0,-1,-1,-1,-1,-1,-1,-1,-1,-1,-1,-1,-1
799,3,200,4,16,16,37167.193296,37167.547119,0.353823,0x405218,1,12021,7606,4415,40,100.000000,0,0,0.354599,1.200000,0.800000,mba,0,,0,0,-1,-1,-1,-1,-1,-1,-1,-1,-1,-1,-1,-1
799,3,200,5,16,16,37167.193835,37167.483153,0.289318,0x405218,1,12797,8950,3847,42,100.000000,0,0,0.354599,1.200000,0.800000,mba,0,,0,0,-1,-1,-1,-1,-1,-1,-1,-1,-1,-1,-1,-1
799,3,200,6,16,16,37167.193353,37167.481313,0.287960,0x405218,1,12238,9550,2688,12,100.000000,0,0,0.354599,1.200000,0.800000,mba,0,,0,0,-1,-1,-1,-1,-1,-1,-1,-1,-1,-1,-1,-1
799,3,200,7,16,16,37167.193445,37167.481578,0.288133,0x405218,1,12575,9365,3210,46,100.000000,0,0,0.354599,1.200000,0.800000,mba,0,,0,0,-1,-1,-1,-1,-1,-1,-1,-1,-1,-1,-1,-1
799,3,200,8,16,16,37167.193428,37167.474358,0.280930,0x405218,1,12490,9285,3205,16,100.000000,0,0,0.354599,1.200000,0.800000,mba,0,,0,0,-1,-1,-1,-1,-1,-1,-1,-1,-1,-1,-1,-1
799,3,200,9,16,16,37167.193251,37167.487481,0.294230,0x405218,1,12225,9406,2819,18,100.000000,0,0,0.354599,1.200000,0.800000,mba,0,,0,0,-1,-1,-1,-1,-1,-1,-1,-1,-1,-1,-1,-1
799,3,200,10,16,16,37167.193807,37167.480399,0.286592,0x405218,1,12630,9458,3172,52,100.000000,0,0,0.354599,1.200000,0.800000,mba,0,,0,0,-1,-1,-1,-1,-1,-1,-1,-1,-1,-1,-1,-1
799,3,200,11,16,16,37167.193612,37167.477504,0.283892,0x405218,1,12429,9316,3113,54,100.000000,0,0,0.354599,1.200000,0.800000,mba,0,,0,0,-1,-1,-1,-1,-1,-1,-1,-1,-1,-1,-1,-1
799,3,200,12,16,16,37167.193077,37167.364720,0.171643,0x405218,1,6033,3708,2325,56,40.000000,0,0,0.354599,1.200000,0.800000,mba,0,,0,0,-1,-1,-1,-1,-1,-1,-1,-1,-1,-1,-1,-1
799,3,200,13,16,16,37167.192940,37167.340230,0.147290,0x405218,1,5735,4416,1319,26,40.000000,0,0,0.354599,1.200000,0.800000,mba,0,,0,0,-1,-1,-1,-1,-1,-1,-1,-1,-1,-1,-1,-1
799,3,200,14,16,16,37167.193843,37167.329456,0.135613,0x405218,1,6502,3476,3026,28,30.000000,0,0,0.354599,1.200000,0.800000,mba,0,,0,0,-1,-1,-1,-1,-1,-1,-1,-1,-1,-1,-1,-1
799,3,200,15,16,16,37167.193281,37167.325619,0.132338,0x405218,1,5285,2830,2455,62,30.000000,0,0,0.354599,1.200000,0.800000,mba,0,,0,0,-1,-1,-1,-1,-1,-1,-1,-1,-1,-1,-1,-1
800,4,200,0,16,16,37168.349399,37168.390519,0.041120,0x4052e4,1,1856,1256,600,32,100.000000,0,0,0.048075,1.200000,0.800000,mba,0,,0,0,-1,-1,-1,-1,-1,-1,-1,-1,-1,-1,-1,-1
800,4,200,1,16,16,37168.344263,37168.364725,0.020462,0x4052e4,1,123,60,63,34,50.000000,0,0,0.048075,1.200000,0.800000,mba,0,,0,0,-1,-1,-1,-1,-1,-1,-1,-1,-1,-1,-1,-1
800,4,200,2,16,16,37168.344204,37168.364583,0.020379,0x4052e4,1,148,94,54,36,50.000000,0,0,0.048075,1.200000,0.800000,mba,0,,0,0,-1,-1,-1,-1,-1,-1,-1,-1,-1,-1,-1,-1
800,4,200,3,16,16,37168.343916,37168.362464,0.018548,0x4052e4,1,122,80,42,38,40.000000,0,0,0.048075,1.200000,0.800000,mba,0,,0,0,-1,-1,-1,-1,-1,-1,-1,-1,-1,-1,-1,-1
800,4,200,4,16,16,37168.344700,37168.367335,0.022635,0x4052e4,1,174,119,55,40,60.000000,0,0,0.048075,1.200000,0.800000,mba,0,,0,0,-1,-1,-1,-1,-1,-1,-1,-1,-1,-1,-1,-1
800,4,200,5,16,16,37168.343798,37168.365695,0.021897,0x4052e4,1,356,282,74,42,60.000000,0,0,0.048075,1.200000,0.800000,mba,0,,0,0,-1,-1,-1,-1,-1,-1,-1,-1,-1,-1,-1,-1
800,4,200,6,16,16,37168.344437,37168.366654,0.022217,0x4052e4,1,340,264,76,12,60.000000,0,0,0.048075,1.200000,0.800000,mba,0,,0,0,-1,-1,-1,-1,-1,-1,-1,-1,-1,-1,-1,-1
800,4,200,7,16,16,37168.343575,37168.365978,0.022403,0x4052e4,1,379,301,78,46,60.000000,0,0,0.048075,1.200000,0.800000,mba,0,,0,0,-1,-1,-1,-1,-1,-1,-1,-1,-1,-1,-1,-1
800,4,200,8,16,16,37168.342960,37168.364897,0.021937,0x4052e4,1,363,299,64,16,60.000000,0,0,0.048075,1.200000,0.800000,mba,0,,0,0,-1,-1,-1,-1,-1,-1,-1,-1,-1,-1,-1,-1
800,4,200,9,16,16,37168.343126,37168.365897,0.022771,0x4052e4,1,418,314,104,18,60.000000,0,0,0.048075,1.200000,0.800000,mba,0,,0,0,-1,-1,-1,-1,-1,-1,-1,-1,-1,-1,-1,-1
800,4,200,10,16,16,37168.343281,37168.365628,0.022347,0x4052e4,1,361,282,79,52,60.000000,0,0,0.048075,1.200000,0.800000,mba,0,,0,0,-1,-1,-1,-1,-1,-1,-1,-1,-1,-1,-1,-1
800,4,200,11,16,16,37168.342674,37168.365177,0.022503,0x4052e4,1,377,318,59,54,60.000000,0,0,0.048075,1.200000,0.800000,mba,0,,0,0,-1,-1,-1,-1,-1,-1,-1,-1,-1,-1,-1,-1
800,4,200,12,16,16,37168.342444,37168.362021,0.019577,0x4052e4,1,114,36,78,56,50.000000,0,0,0.048075,1.200000,0.800000,mba,0,,0,0,-1,-1,-1,-1,-1,-1,-1,-1,-1,-1,-1,-1
800,4,200,13,16,16,37168.343571,37168.363052,0.019481,0x4052e4,1,220,136,84,26,50.000000,0,0,0.048075,1.200000,0.800000,mba,0,,0,0,-1,-1,-1,-1,-1,-1,-1,-1,-1,-1,-1,-1
800,4,200,14,16,16,37168.342864,37168.362977,0.020113,0x4052e4,1,231,185,46,28,60.000000,0,0,0.048075,1.200000,0.800000,mba,0,,0,0,-1,-1,-1,-1,-1,-1,-1,-1,-1,-1,-1,-1
800,4,200,15,16,16,37168.343150,37168.362831,0.019681,0x4052e4,1,56,18,38,62,50.000000,0,0,0.048075,1.200000,0.800000,mba,0,,0,0,-1,-1,-1,-1,-1,-1,-1,-1,-1,-1,-1,-1
801,5,200,0,16,16,37168.464988,37168.484351,0.019363,0x40533c,1,41,4,37,32,60.000000,0,0,0.027771,1.200000,0.800000,mba,0,,0,0,-1,-1,-1,-1,-1,-1,-1,-1,-1,-1,-1,-1
801,5,200,1,16,16,37168.464678,37168.483859,0.019181,0x40533c,1,103,65,38,34,60.000000,0,0,0.027771,1.200000,0.800000,mba,0,,0,0,-1,-1,-1,-1,-1,-1,-1,-1,-1,-1,-1,-1
801,5,200,2,16,16,37168.464019,37168.483211,0.019192,0x40533c,1,120,95,25,36,60.000000,0,0,0.027771,1.200000,0.800000,mba,0,,0,0,-1,-1,-1,-1,-1,-1,-1,-1,-1,-1,-1,-1
801,5,200,3,16,16,37168.464274,37168.482928,0.018654,0x40533c,1,39,16,23,38,60.000000,0,0,0.027771,1.200000,0.800000,mba,0,,0,0,-1,-1,-1,-1,-1,-1,-1,-1,-1,-1,-1,-1
801,5,200,4,16,16,37168.464570,37168.491198,0.026628,0x40533c,1,129,76,53,40,100.000000,0,0,0.027771,1.200000,0.800000,mba,0,,0,0,-1,-1,-1,-1,-1,-1,-1,-1,-1,-1,-1,-1
801,5,200,5,16,16,37168.465322,37168.490341,0.025019,0x40533c,1,495,311,184,42,100.000000,0,0,0.027771,1.200000,0.800000,mba,0,,0,0,-1,-1,-1,-1,-1,-1,-1,-1,-1,-1,-1,-1
801,5,200,6,16,16,37168.464845,37168.488999,0.024154,0x40533c,1,668,380,288,12,100.000000,0,0,0.027771,1.200000,0.800000,mba,0,,0,0,-1,-1,-1,-1,-1,-1,-1,-1,-1,-1,-1,-1
801,5,200,7,16,16,37168.464200,37168.488014,0.023814,0x40533c,1,707,430,277,46,100.000000,0,0,0.027771,1.200000,0.800000,mba,0,,0,0,-1,-1,-1,-1,-1,-1,-1,-1,-1,-1,-1,-1
801,5,200,8,16,16,37168.465002,37168.489341,0.024339,0x40533c,1,769,451,318,16,100.000000,0,0,0.027771,1.200000,0.800000,mba,0,,0,0,-1,-1,-1,-1,-1,-1,-1,-1,-1,-1,-1,-1
801,5,200,9,16,16,37168.465255,37168.489670,0.024415,0x40533c,1,638,291,347,18,100.000000,0,0,0.027771,1.200000,0.800000,mba,0,,0,0,-1,-1,-1,-1,-1,-1,-1,-1,-1,-1,-1,-1
801,5,200,10,16,16,37168.463951,37168.488204,0.024253,0x40533c,1,798,458,340,52,100.000000,0,0,0.027771,1.200000,0.800000,mba,0,,0,0,-1,-1,-1,-1,-1,-1,-1,-1,-1,-1,-1,-1
801,5,200,11,16,16,37168.464631,37168.488250,0.023619,0x40533c,1,801,348,453,54,100.000000,0,0,0.027771,1.200000,0.800000,mba,0,,0,0,-1,-1,-1,-1,-1,-1,-1,-1,-1,-1,-1,-1
801,5,200,12,16,16,37168.464923,37168.484174,0.019251,0x40533c,1,78,31,47,56,60.000000,0,0,0.027771,1.200000,0.800000,mba,0,,0,0,-1,-1,-1,-1,-1,-1,-1,-1,-1,-1,-1,-1
801,5,200,13,16,16,37168.465244,37168.484506,0.019262,0x40533c,1,86,48,38,26,60.000000,0,0,0.027771,1.200000,0.800000,mba,0,,0,0,-1,-1,-1,-1,-1,-1,-1,-1,-1,-1,-1,-1
801,5,200,14,16,16,37168.463427,37168.482236,0.018809,0x40533c,1,95,65,30,28,60.000000,0,0,0.027771,1.200000,0.800000,mba,0,,0,0,-1,-1,-1,-1,-1,-1,-1,-1,-1,-1,-1,-1
801,5,200,15,16,16,37168.464577,37168.484022,0.019445,0x40533c,1,81,48,33,62,60.000000,0,0,0.027771,1.200000,0.800000,mba,0,,0,0,-1,-1,-1,-1,-1,-1,-1,-1,-1,-1,-1,-1
1198,2,300,0,16,16,55159.873781,55349.841120,104.003548,0x4051ce,1,6574059,3466388,3107671,32,30.000000,1,1,191.466505,1.200000,0.800000,mba,0,,1,1,25591808,21356544,132194304,338752454656,342112641024,2728951808,338752544768,342112731136,2728230912,-1,-1,-1
1198,2,300,1,16,16,55159.870403,55349.813149,108.801703,0x4051ce,1,7617979,3666562,3951417,2,30.000000,1,1,191.466505,1.200000,0.800000,mba,0,,1,1,25862144,21716992,137871360,338752454656,342112280576,2830778368,338752454656,342112280576,2829336576,-1,-1,-1
1198,2,300,2,16,16,55159.862761,55350.036907,118.004307,0x4051ce,1,7339976,4076971,3263005,36,30.000000,1,1,191.466505,1.200000,0.800000,mba,0,,1,1,25591808,22257664,155082752,338752364544,342115704832,2990186496,338752454656,342115794944,2986942464,-1,-1,-1
1198,2,300,3,16,16,55159.843697,55350.437800,138.010652,0x4051ce,1,7657495,5076081,2581414,38,30.000000,1,1,191.466505,1.200000,0.800000,mba,0,,1,1,25231360,20455424,97771520,338752364544,342120030208,3236192256,338752454656,342120120320,3234840576,-1,-1,-1
1198,2,300,4,16,16,55159.834702,55351.091549,165.484821,0x4051ce,1,22350725,16501321,5849404,40,100.000000,1,1,191.466505,1.200000,0.800000,mba,0,,1,1,59834368,64790528,-450560,2489345892352,2501876146176,11935965184,2489345982464,2501876506624,11937587200,-1,-1,-1
1198,2,300,5,16,16,55159.854944,55351.105531,170.948324,0x4051ce,1,22183493,17871162,4312331,42,100.000000,1,1,191.466505,1.200000,0.800000,mba,0,,1,1,59834368,64700416,270336,2489345982464,2501876776960,12259647488,2489346072576,2501877137408,12256944128,-1,-1,-1
1198,2,300,6,16,16,55159.876687,55351.026970,172.270745,0x4051ce,1,19938766,17372058,2566708,44,100.000000,1,1,191.466505,1.200000,0.800000,mba,0,,1,1,59293696,64520192,-720896,2489346252800,2501871550464,12203778048,2489346703360,2501871910912,12201885696,-1,-1,-1
1198,2,300,7,16,16,55159.859813,55351.134576,175.002031,0x4051ce,1,21664580,18031384,3633196,46,100.000000,1,1,191.466505,1.200000,0.800000,mba,0,,1,1,59834368,64610304,2703360,2489345982464,2501877317632,12391301120,2489346072576,2501877497856,12385083392,-1,-1,-1
1198,2,300,8,16,16,55159.851182,55351.108556,172.736946,0x4051ce,1,21670088,17885417,3784671,16,100.000000,1,1,191.466505,1.200000,0.800000,mba,0,,1,1,59834368,64700416,3604480,2489345892352,2501876957184,12332187648,2489346072576,2501877227520,12330835968,-1,-1,-1
1198,2,300,9,16,16,55159.873949,55351.008276,165.350404,0x4051ce,1,20220507,17563165,2657342,18,100.000000,1,1,191.466505,1.200000,0.800000,mba,0,,1,1,59293696,64790528,-450560,2489346072576,2501870198784,11922448384,2489346523136,2501870739456,11927674880,-1,-1,-1
1198,2,300,10,16,16,55159.839674,55351.103071,172.896422,0x4051ce,1,21664557,18079638,3584919,52,100.000000,1,1,191.466505,1.200000,0.800000,mba,0,,1,1,59744256,64700416,2072576,2489345982464,2501876776960,12332007424,2489346072576,2501877137408,12332908544,-1,-1,-1
1198,2,300,11,16,16,55159.866386,55351.301207,184.241367,0x4051ce,1,21054026,17311950,3742076,54,100.000000,1,1,191.466505,1.200000,0.800000,mba,0,,1,1,59383808,64700416,6127616,2489346072576,2501879570432,12483756032,2489346162688,2501879570432,12477898752,-1,-1,-1
1198,2,300,12,16,16,55159.848945,55350.619697,146.711586,0x4051ce,1,7647938,6003044,1644894,56,30.000000,1,1,191.466505,1.200000,0.800000,mba,0,,1,1,25231360,20365312,71909376,338752364544,342121472000,3317293056,338752454656,342121472000,3315400704,-1,-1,-1
1198,2,300,13,16,16,55159.853069,55351.016843,158.449404,0x4051ce,1,7571149,6747393,823756,26,30.000000,1,1,191.466505,1.200000,0.800000,mba,0,,1,1,25231360,20545536,60194816,338752364544,342122733568,3358384128,338752454656,342122733568,3352256512,-1,-1,-1
1198,2,300,14,16,16,55159.856302,55349.983814,120.516640,0x4051ce,1,7788596,4328927,3459669,28,30.000000,1,1,191.466505,1.200000,0.800000,mba,0,,1,1,25321472,22257664,153911296,338752364544,342115254272,3027763200,338752454656,342115254272,3025330176,-1,-1,-1
1198,2,300,15,16,16,55159.863011,55349.898469,111.346514,0x4051ce,1,7515018,3904743,3610275,62,30.000000,1,1,191.466505,1.200000,0.800000,mba,0,,1,1,25411584,22077440,148594688,338752364544,342113902592,2877186048,338752454656,342113902592,2875383808,-1,-1,-1
1199,3,300,0,16,16,55351.486775,55351.630229,0.143454,0x405218,1,6231,3635,2596,32,20.000000,0,0,0.361455,1.200000,0.800000,mba,0,,0,0,-1,-1,-1,-1,-1,-1,-1,-1,-1,-1,-1,-1
1199,3,300,1,16,16,55351.486540,55351.612472,0.125932,0x405218,1,6396,3094,3302,2,20.000000,0,0,0.361455,1.200000,0.800000,mba,0,,0,0,-1,-1,-1,-1,-1,-1,-1,-1,-1,-1,-1,-1
1199,3,300,2,16,16,55351.487833,55351.634858,0.147025,0x405218,1,6579,3449,3130,36,20.000000,0,0,0.361455,1.200000,0.800000,mba,0,,0,0,-1,-1,-1,-1,-1,-1,-1,-1,-1,-1,-1,-1
1199,3,300,3,16,16,55351.487701,55351.627080,0.139379,0x405218,1,5489,3382,2107,38,20.000000,0,0,0.361455,1.200000,0.800000,mba,0,,0,0,-1,-1,-1,-1,-1,-1,-1,-1,-1,-1,-1,-1
1199,3,300,4,16,16,55351.487777,55351.778547,0.290770,0x405218,1,12887,8467,4420,40,100.000000,0,0,0.361455,1.200000,0.800000,mba,0,,0,0,-1,-1,-1,-1,-1,-1,-1,-1,-1,-1,-1,-1
1199,3,300,5,16,16,55351.487697,55351.785677,0.297980,0x405218,1,12764,9096,3668,42,100.000000,0,0,0.361455,1.200000,0.800000,mba,0,,0,0,-1,-1,-1,-1,-1,-1,-1,-1,-1,-1,-1,-1
1199,3,300,6,16,16,55351.487124,55351.779158,0.292034,0x405218,1,12217,9467,2750,44,100.000000,0,0,0.361455,1.200000,0.800000,mba,0,,0,0,-1,-1,-1,-1,-1,-1,-1,-1,-1,-1,-1,-1
1199,3,300,7,16,16,55351.487787,55351.782215,0.294428,0x405218,1,12606,9379,3227,46,100.000000,0,0,0.361455,1.200000,0.800000,mba,0,,0,0,-1,-1,-1,-1,-1,-1,-1,-1,-1,-1,-1,-1
1199,3,300,8,16,16,55351.487257,55351.768216,0.280959,0x405218,1,12483,9242,3241,16,100.000000,0,0,0.361455,1.200000,0.800000,mba,0,,0,0,-1,-1,-1,-1,-1,-1,-1,-1,-1,-1,-1,-1
1199,3,300,9,16,16,55351.487876,55351.778692,0.290816,0x405218,1,12142,9202,2940,18,100.000000,0,0,0.361455,1.200000,0.800000,mba,0,,0,0,-1,-1,-1,-1,-1,-1,-1,-1,-1,-1,-1,-1
1199,3,300,10,16,16,55351.487590,55351.782984,0.295394,0x405218,1,12659,9520,3139,52,100.000000,0,0,0.361455,1.200000,0.800000,mba,0,,0,0,-1,-1,-1,-1,-1,-1,-1,-1,-1,-1,-1,-1
1199,3,300,11,16,16,55351.486557,55351.847995,0.361438,0x405218,1,11586,8480,3106,54,100.000000,0,0,0.361455,1.200000,0.800000,mba,0,,0,0,-1,-1,-1,-1,-1,-1,-1,-1,-1,-1,-1,-1
1199,3,300,12,16,16,55351.487286,55351.646542,0.159256,0x405218,1,6275,4053,2222,56,30.000000,0,0,0.361455,1.200000,0.800000,mba,0,,0,0,-1,-1,-1,-1,-1,-1,-1,-1,-1,-1,-1,-1
1199,3,300,13,16,16,55351.486948,55351.637609,0.150661,0x405218,1,4925,3665,1260,26,30.000000,0,0,0.361455,1.200000,0.800000,mba,0,,0,0,-1,-1,-1,-1,-1,-1,-1,-1,-1,-1,-1,-1
1199,3,300,14,16,16,55351.488147,55351.629081,0.140934,0x405218,1,6432,3533,2899,28,20.000000,0,0,0.361455,1.200000,0.800000,mba,0,,0,0,-1,-1,-1,-1,-1,-1,-1,-1,-1,-1,-1,-1
1199,3,300,15,16,16,55351.487006,55351.608981,0.121975,0x405218,1,5693,2781,2912,62,20.000000,0,0,0.361455,1.200000,0.800000,mba,0,,0,0,-1,-1,-1,-1,-1,-1,-1,-1,-1,-1,-1,-1
1200,4,300,0,16,16,55352.639612,55352.685467,0.045855,0x4052e4,1,2022,1344,678,32,100.000000,0,0,0.053614,1.200000,0.800000,mba,0,,0,0,-1,-1,-1,-1,-1,-1,-1,-1,-1,-1,-1,-1
1200,4,300,1,16,16,55352.633910,55352.654280,0.020370,0x4052e4,1,294,227,67,2,30.000000,0,0,0.053614,1.200000,0.800000,mba,0,,0,0,-1,-1,-1,-1,-1,-1,-1,-1,-1,-1,-1,-1
1200,4,300,2,16,16,55352.633838,55352.653397,0.019559,0x4052e4,1,294,240,54,36,30.000000,0,0,0.053614,1.200000,0.800000,mba,0,,0,0,-1,-1,-1,-1,-1,-1,-1,-1,-1,-1,-1,-1
1200,4,300,3,16,16,55352.633726,55352.652335,0.018609,0x4052e4,1,133,85,48,38,30.000000,0,0,0.053614,1.200000,0.800000,mba,0,,0,0,-1,-1,-1,-1,-1,-1,-1,-1,-1,-1,-1,-1
1200,4,300,4,16,16,55352.633418,55352.654782,0.021364,0x4052e4,1,382,314,68,40,40.000000,0,0,0.053614,1.200000,0.800000,mba,0,,0,0,-1,-1,-1,-1,-1,-1,-1,-1,-1,-1,-1,-1
1200,4,300,5,16,16,55352.634097,55352.655228,0.021131,0x4052e4,1,320,258,62,42,40.000000,0,0,0.053614,1.200000,0.800000,mba,0,,0,0,-1,-1,-1,-1,-1,-1,-1,-1,-1,-1,-1,-1
1200,4,300,6,16,16,55352.633404,55352.656026,0.022622,0x4052e4,1,381,315,66,44,40.000000,0,0,0.053614,1.200000,0.800000,mba,0,,0,0,-1,-1,-1,-1,-1,-1,-1,-1,-1,-1,-1,-1
1200,4,300,7,16,16,55352.633137,55352.654529,0.021392,0x4052e4,1,402,297,105,46,40.000000,0,0,0.053614,1.200000,0.800000,mba,0,,0,0,-1,-1,-1,-1,-1,-1,-1,-1,-1,-1,-1,-1
1200,4,300,8,16,16,55352.633262,55352.654904,0.021642,0x4052e4,1,334,269,65,16,40.000000,0,0,0.053614,1.200000,0.800000,mba,0,,0,0,-1,-1,-1,-1,-1,-1,-1,-1,-1,-1,-1,-1
1200,4,300,9,16,16,55352.632532,55352.653899,0.021367,0x4052e4,1,346,277,69,18,40.000000,0,0,0.053614,1.200000,0.800000,mba,0,,0,0,-1,-1,-1,-1,-1,-1,-1,-1,-1,-1,-1,-1
1200,4,300,10,16,16,55352.632389,55352.653832,0.021443,0x4052e4,1,307,248,59,52,40.000000,0,0,0.053614,1.200000,0.800000,mba,0,,0,0,-1,-1,-1,-1,-1,-1,-1,-1,-1,-1,-1,-1
1200,4,300,11,16,16,55352.633465,55352.656193,0.022728,0x4052e4,1,233,158,75,54,40.000000,0,0,0.053614,1.200000,0.800000,mba,0,,0,0,-1,-1,-1,-1,-1,-1,-1,-1,-1,-1,-1,-1
1200,4,300,12,16,16,55352.632662,55352.651809,0.019147,0x4052e4,1,181,142,39,56,30.000000,0,0,0.053614,1.200000,0.800000,mba,0,,0,0,-1,-1,-1,-1,-1,-1,-1,-1,-1,-1,-1,-1
1200,4,300,13,16,16,55352.632044,55352.651600,0.019556,0x4052e4,1,86,54,32,26,30.000000,0,0,0.053614,1.200000,0.800000,mba,0,,0,0,-1,-1,-1,-1,-1,-1,-1,-1,-1,-1,-1,-1
1200,4,300,14,16,16,55352.631853,55352.651769,0.019916,0x4052e4,1,225,186,39,28,40.000000,0,0,0.053614,1.200000,0.800000,mba,0,,0,0,-1,-1,-1,-1,-1,-1,-1,-1,-1,-1,-1,-1
1200,4,300,15,16,16,55352.632561,55352.651888,0.019327,0x4052e4,1,145,106,39,62,30.000000,0,0,0.053614,1.200000,0.800000,mba,0,,0,0,-1,-1,-1,-1,-1,-1,-1,-1,-1,-1,-1,-1
1201,5,300,0,16,16,55352.766488,55352.790989,0.024501,0x40533c,1,53,0,53,32,50.000000,0,0,0.026691,1.200000,0.800000,mba,0,,0,0,-1,-1,-1,-1,-1,-1,-1,-1,-1,-1,-1,-1
1201,5,300,1,16,16,55352.765331,55352.783980,0.018649,0x40533c,1,102,53,49,2,50.000000,0,0,0.026691,1.200000,0.800000,mba,0,,0,0,-1,-1,-1,-1,-1,-1,-1,-1,-1,-1,-1,-1
1201,5,300,2,16,16,55352.765826,55352.784383,0.018557,0x40533c,1,74,29,45,36,50.000000,0,0,0.026691,1.200000,0.800000,mba,0,,0,0,-1,-1,-1,-1,-1,-1,-1,-1,-1,-1,-1,-1
1201,5,300,3,16,16,55352.766550,55352.785407,0.018857,0x40533c,1,74,53,21,38,50.000000,0,0,0.026691,1.200000,0.800000,mba,0,,0,0,-1,-1,-1,-1,-1,-1,-1,-1,-1,-1,-1,-1
1201,5,300,4,16,16,55352.766743,55352.790651,0.023908,0x40533c,1,693,366,327,40,100.000000,0,0,0.026691,1.200000,0.800000,mba,0,,0,0,-1,-1,-1,-1,-1,-1,-1,-1,-1,-1,-1,-1
1201,5,300,5,16,16,55352.765558,55352.788768,0.023210,0x40533c,1,672,416,256,42,100.000000,0,0,0.026691,1.200000,0.800000,mba,0,,0,0,-1,-1,-1,-1,-1,-1,-1,-1,-1,-1,-1,-1
1201,5,300,6,16,16,55352.765958,55352.789102,0.023144,0x40533c,1,621,301,320,44,100.000000,0,0,0.026691,1.200000,0.800000,mba,0,,0,0,-1,-1,-1,-1,-1,-1,-1,-1,-1,-1,-1,-1
1201,5,300,7,16,16,55352.766979,55352.790291,0.023312,0x40533c,1,739,396,343,46,100.000000,0,0,0.026691,1.200000,0.800000,mba,0,,0,0,-1,-1,-1,-1,-1,-1,-1,-1,-1,-1,-1,-1
1201,5,300,8,16,16,55352.766406,55352.790445,0.024039,0x40533c,1,790,459,331,16,100.000000,0,0,0.026691,1.200000,0.800000,mba,0,,0,0,-1,-1,-1,-1,-1,-1,-1,-1,-1,-1,-1,-1
1201,5,300,9,16,16,55352.767011,55352.789929,0.022918,0x40533c,1,728,331,397,18,100.000000,0,0,0.026691,1.200000,0.800000,mba,0,,0,0,-1,-1,-1,-1,-1,-1,-1,-1,-1,-1,-1,-1
1201,5,300,10,16,16,55352.766148,55352.789501,0.023353,0x40533c,1,791,397,394,52,100.000000,0,0,0.026691,1.200000,0.800000,mba,0,,0,0,-1,-1,-1,-1,-1,-1,-1,-1,-1,-1,-1,-1
1201,5,300,11,16,16,55352.766746,55352.791009,0.024263,0x40533c,1,278,137,141,54,100.000000,0,0,0.026691,1.200000,0.800000,mba,0,,0,0,-1,-1,-1,-1,-1,-1,-1,-1,-1,-1,-1,-1
1201,5,300,12,16,16,55352.764678,55352.783820,0.019142,0x40533c,1,68,44,24,56,50.000000,0,0,0.026691,1.200000,0.800000,mba,0,,0,0,-1,-1,-1,-1,-1,-1,-1,-1,-1,-1,-1,-1
1201,5,300,13,16,16,55352.764318,55352.783214,0.018896,0x40533c,1,45,16,29,26,50.000000,0,0,0.026691,1.200000,0.800000,mba,0,,0,0,-1,-1,-1,-1,-1,-1,-1,-1,-1,-1,-1,-1
1201,5,300,14,16,16,55352.764607,55352.783360,0.018753,0x40533c,1,87,51,36,28,50.000000,0,0,0.026691,1.200000,0.800000,mba,0,,0,0,-1,-1,-1,-1,-1,-1,-1,-1,-1,-1,-1,-1
1201,5,300,15,16,16,55352.765575,55352.784878,0.019303,0x40533c,1,119,72,47,62,50.000000,0,0,0.026691,1.200000,0.800000,mba,0,,0,0,-1,-1,-1,-1,-1,-1,-1,-1,-1,-1,-1,-1
1598,2,400,0,16,16,73309.113434,73499.629339,102.603407,0x4051ce,1,6585809,3413930,3171879,32,30.000000,1,1,191.991250,1.200000,0.800000,mba,0,,1,1,26763264,20815872,141205504,676462493696,679761133568,2679119872,676462854144,679761223680,2680020992,-1,-1,-1
1598,2,400,1,16,16,73309.117983,73499.604308,104.979843,0x4051ce,1,7379179,3437535,3941644,34,30.000000,1,1,191.991250,1.200000,0.800000,mba,0,,1,1,27303936,20905984,146341888,676462673920,679760773120,2727600128,676462673920,679760863232,2727600128,-1,-1,-1
1598,2,400,2,16,16,73309.118847,73499.746480,111.131223,0x4051ce,1,6693018,3608640,3084378,36,30.000000,1,1,191.991250,1.200000,0.800000,mba,0,,1,1,27303936,21536768,144359424,676462673920,679763476480,2850512896,676463034368,679763566592,2847719424,-1,-1,-1
1598,2,400,3,16,16,73309.098602,73500.236032,137.143036,0x4051ce,1,7655912,5029642,2626270,38,30.000000,1,1,191.991250,1.200000,0.800000,mba,0,,1,1,27213824,20365312,99393536,676462583808,679769243648,3161309184,676462673920,679769513984,3160227840,-1,-1,-1
1598,2,400,4,16,16,73309.107347,73501.044726,175.965584,0x4051ce,1,21540700,15694319,5846381,40,100.000000,1,1,191.991250,1.200000,0.800000,mba,0,,1,1,57401344,64249856,-90112,3744088178688,3756527419392,12218556416,3744088358912,3756527419392,12210536448,-1,-1,-1
1598,2,400,5,16,16,73309.119466,73500.881580,168.680580,0x4051ce,1,22024705,17475950,4548755,42,100.000000,1,1,191.991250,1.200000,0.800000,mba,0,,1,1,57401344,64069632,-811008,3744088358912,3756524355584,12087894016,3744088358912,3756524445696,12087443456,-1,-1,-1
1598,2,400,6,16,16,73309.111818,73500.811478,164.941169,0x4051ce,1,20082911,17569457,2513454,44,100.000000,1,1,191.991250,1.200000,0.800000,mba,0,,1,1,57491456,64249856,-630784,3744087908352,3756520210432,11842158592,3744088358912,3756521021440,11845943296,-1,-1,-1
1598,2,400,7,16,16,73309.111539,73500.917207,173.089000,0x4051ce,1,21507031,18039572,3467459,46,100.000000,1,1,191.991250,1.200000,0.800000,mba,0,,1,1,57581568,63889408,-991232,3744088178688,3756525166592,12253519872,3744088358912,3756525256704,12247932928,-1,-1,-1
1598,2,400,8,16,16,73309.118641,73501.076595,187.150867,0x4051ce,1,20679171,16990347,3688824,48,100.000000,1,1,191.991250,1.200000,0.800000,mba,0,,1,1,57491456,64159744,8740864,3744087818240,3756527599616,12427886592,3744088358912,3756527599616,12420857856,-1,-1,-1
1598,2,400,9,16,16,73309.121994,73500.757427,164.173780,0x4051ce,1,20080548,17327078,2753470,50,100.000000,1,1,191.991250,1.200000,0.800000,mba,0,,1,1,57491456,64249856,-720896,3744087908352,3756515254272,11799265280,3744088268800,3756515704832,11803951104,-1,-1,-1
1598,2,400,10,16,16,73309.090860,73500.870503,170.998925,0x4051ce,1,21515344,17950749,3564595,52,100.000000,1,1,191.991250,1.200000,0.800000,mba,0,,1,1,57581568,64069632,-811008,3744087728128,3756523905024,12198371328,3744088178688,3756524265472,12196208640,-1,-1,-1
1598,2,400,11,16,16,73309.115348,73500.874065,171.517596,0x4051ce,1,21473901,17777850,3696051,54,100.000000,1,1,191.991250,1.200000,0.800000,mba,0,,1,1,57491456,63979520,-991232,3744087908352,3756524265472,12216844288,3744088088576,3756524355584,12211798016,-1,-1,-1
1598,2,400,12,16,16,73309.108868,73500.500687,147.460382,0x4051ce,1,7641703,6065856,1575847,56,30.000000,1,1,191.991250,1.200000,0.800000,mba,0,,1,1,27394048,19464192,69206016,676462673920,679771406336,3257548800,676462764032,679771406336,3253764096,-1,-1,-1
1598,2,400,13,16,16,73309.091102,73500.811482,158.283630,0x4051ce,1,7570113,6739200,830913,26,30.000000,1,1,191.991250,1.200000,0.800000,mba,0,,1,1,26583040,19374080,60555264,676462493696,679772217344,3296927744,676462673920,679772217344,3292692480,-1,-1,-1
1598,2,400,14,16,16,73309.085345,73499.759686,118.928294,0x4051ce,1,7789294,4261000,3528294,28,30.000000,1,1,191.991250,1.200000,0.800000,mba,0,,1,1,26673152,21716992,147693568,676462583808,679763566592,2961801216,676462673920,679763566592,2960359424,-1,-1,-1
1598,2,400,15,16,16,73309.106690,73499.699418,108.670526,0x4051ce,1,7523096,3810613,3712483,62,30.000000,1,1,191.991250,1.200000,0.800000,mba,0,,1,1,26853376,21086208,149585920,676462673920,679762485248,2799779840,676462854144,679762755584,2799239168,-1,-1,-1
1599,3,400,0,16,16,73501.285305,73501.431475,0.146170,0x405218,1,6217,3623,2594,32,20.000000,0,0,0.365470,1.200000,0.800000,mba,0,,0,0,-1,-1,-1,-1,-1,-1,-1,-1,-1,-1,-1,-1
1599,3,400,1,16,16,73501.283843,73501.411948,0.128105,0x405218,1,6393,3084,3309,34,20.000000,0,0,0.365470,1.200000,0.800000,mba,0,,0,0,-1,-1,-1,-1,-1,-1,-1,-1,-1,-1,-1,-1
1599,3,400,2,16,16,73501.284408,73501.439770,0.155362,0x405218,1,6259,3214,3045,36,20.000000,0,0,0.365470,1.200000,0.800000,mba,0,,0,0,-1,-1,-1,-1,-1,-1,-1,-1,-1,-1,-1,-1
1599,3,400,3,16,16,73501.283294,73501.419768,0.136474,0x405218,1,5517,3326,2191,38,20.000000,0,0,0.365470,1.200000,0.800000,mba,0,,0,0,-1,-1,-1,-1,-1,-1,-1,-1,-1,-1,-1,-1
1599,3,400,4,16,16,73501.284163,73501.643285,0.359122,0x405218,1,11962,7552,4410,40,100.000000,0,0,0.365470,1.200000,0.800000,mba,0,,0,0,-1,-1,-1,-1,-1,-1,-1,-1,-1,-1,-1,-1
1599,3,400,5,16,16,73501.284020,73501.571481,0.287461,0x405218,1,12676,8935,3741,42,100.000000,0,0,0.365470,1.200000,0.800000,mba,0,,0,0,-1,-1,-1,-1,-1,-1,-1,-1,-1,-1,-1,-1
1599,3,400,6,16,16,73501.284100,73501.577809,0.293709,0x405218,1,12148,9501,2647,44,100.000000,0,0,0.365470,1.200000,0.800000,mba,0,,0,0,-1,-1,-1,-1,-1,-1,-1,-1,-1,-1,-1,-1
1599,3,400,7,16,16,73501.284349,73501.582447,0.298098,0x405218,1,12526,9406,3120,46,100.000000,0,0,0.365470,1.200000,0.800000,mba,0,,0,0,-1,-1,-1,-1,-1,-1,-1,-1,-1,-1,-1,-1
1599,3,400,8,16,16,73501.283247,73501.648703,0.365456,0x405218,1,11497,8385,3112,48,100.000000,0,0,0.365470,1.200000,0.800000,mba,0,,0,0,-1,-1,-1,-1,-1,-1,-1,-1,-1,-1,-1,-1
1599,3,400,9,16,16,73501.284113,73501.572446,0.288333,0x405218,1,12163,9143,3020,50,100.000000,0,0,0.365470,1.200000,0.800000,mba,0,,0,0,-1,-1,-1,-1,-1,-1,-1,-1,-1,-1,-1,-1
1599,3,400,10,16,16,73501.283233,73501.570857,0.287624,0x405218,1,12603,9533,3070,52,100.000000,0,0,0.365470,1.200000,0.800000,mba,0,,0,0,-1,-1,-1,-1,-1,-1,-1,-1,-1,-1,-1,-1
1599,3,400,11,16,16,73501.284209,73501.571360,0.287151,0x405218,1,12445,9264,3181,54,100.000000,0,0,0.365470,1.200000,0.800000,mba,0,,0,0,-1,-1,-1,-1,-1,-1,-1,-1,-1,-1,-1,-1
1599,3,400,12,16,16,73501.283274,73501.440511,0.157237,0x405218,1,6302,4147,2155,56,20.000000,0,0,0.365470,1.200000,0.800000,mba,0,,0,0,-1,-1,-1,-1,-1,-1,-1,-1,-1,-1,-1,-1
1599,3,400,13,16,16,73501.283616,73501.435574,0.151958,0x405218,1,4936,3687,1249,26,20.000000,0,0,0.365470,1.200000,0.800000,mba,0,,0,0,-1,-1,-1,-1,-1,-1,-1,-1,-1,-1,-1,-1
1599,3,400,14,16,16,73501.283919,73501.422482,0.138563,0x405218,1,6433,3453,2980,28,20.000000,0,0,0.365470,1.200000,0.800000,mba,0,,0,0,-1,-1,-1,-1,-1,-1,-1,-1,-1,-1,-1,-1
1599,3,400,15,16,16,73501.283893,73501.401769,0.117876,0x405218,1,5659,2667,2992,62,20.000000,0,0,0.365470,1.200000,0.800000,mba,0,,0,0,-1,-1,-1,-1,-1,-1,-1,-1,-1,-1,-1,-1
1600,4,400,0,16,16,73502.443423,73502.484243,0.040820,0x4052e4,1,1822,1204,618,32,100.000000,0,0,0.047966,1.200000,0.800000,mba,0,,0,0,-1,-1,-1,-1,-1,-1,-1,-1,-1,-1,-1,-1
1600,4,400,1,16,16,73502.438668,73502.460098,0.021430,0x4052e4,1,249,213,36,34,20.000000,0,0,0.047966,1.200000,0.800000,mba,0,,0,0,-1,-1,-1,-1,-1,-1,-1,-1,-1,-1,-1,-1
1600,4,400,2,16,16,73502.437796,73502.460034,0.022238,0x4052e4,1,205,156,49,36,20.000000,0,0,0.047966,1.200000,0.800000,mba,0,,0,0,-1,-1,-1,-1,-1,-1,-1,-1,-1,-1,-1,-1
1600,4,400,3,16,16,73502.438274,73502.458653,0.020379,0x4052e4,1,130,79,51,38,20.000000,0,0,0.047966,1.200000,0.800000,mba,0,,0,0,-1,-1,-1,-1,-1,-1,-1,-1,-1,-1,-1,-1
1600,4,400,4,16,16,73502.438816,73502.462862,0.024046,0x4052e4,1,241,185,56,40,30.000000,0,0,0.047966,1.200000,0.800000,mba,0,,0,0,-1,-1,-1,-1,-1,-1,-1,-1,-1,-1,-1,-1
1600,4,400,5,16,16,73502.439382,73502.462004,0.022622,0x4052e4,1,317,274,43,42,30.000000,0,0,0.047966,1.200000,0.800000,mba,0,,0,0,-1,-1,-1,-1,-1,-1,-1,-1,-1,-1,-1,-1
1600,4,400,6,16,16,73502.438252,73502.461765,0.023513,0x4052e4,1,434,372,62,44,30.000000,0,0,0.047966,1.200000,0.800000,mba,0,,0,0,-1,-1,-1,-1,-1,-1,-1,-1,-1,-1,-1,-1
1600,4,400,7,16,16,73502.439075,73502.462267,0.023192,0x4052e4,1,365,300,65,46,30.000000,0,0,0.047966,1.200000,0.800000,mba,0,,0,0,-1,-1,-1,-1,-1,-1,-1,-1,-1,-1,-1,-1
1600,4,400,8,16,16,73502.439112,73502.464149,0.025037,0x4052e4,1,293,228,65,48,30.000000,0,0,0.047966,1.200000,0.800000,mba,0,,0,0,-1,-1,-1,-1,-1,-1,-1,-1,-1,-1,-1,-1
1600,4,400,9,16,16,73502.439175,73502.462726,0.023551,0x4052e4,1,432,369,63,50,30.000000,0,0,0.047966,1.200000,0.800000,mba,0,,0,0,-1,-1,-1,-1,-1,-1,-1,-1,-1,-1,-1,-1
1600,4,400,10,16,16,73502.437979,73502.460872,0.022893,0x4052e4,1,315,273,42,52,30.000000,0,0,0.047966,1.200000,0.800000,mba,0,,0,0,-1,-1,-1,-1,-1,-1,-1,-1,-1,-1,-1,-1
1600,4,400,11,16,16,73502.438380,73502.461049,0.022669,0x4052e4,1,375,322,53,54,30.000000,0,0,0.047966,1.200000,0.800000,mba,0,,0,0,-1,-1,-1,-1,-1,-1,-1,-1,-1,-1,-1,-1
1600,4,400,12,16,16,73502.436363,73502.457223,0.020860,0x4052e4,1,189,148,41,56,20.000000,0,0,0.047966,1.200000,0.800000,mba,0,,0,0,-1,-1,-1,-1,-1,-1,-1,-1,-1,-1,-1,-1
1600,4,400,13,16,16,73502.436277,73502.457173,0.020896,0x4052e4,1,115,77,38,26,20.000000,0,0,0.047966,1.200000,0.800000,mba,0,,0,0,-1,-1,-1,-1,-1,-1,-1,-1,-1,-1,-1,-1
1600,4,400,14,16,16,73502.437101,73502.458276,0.021175,0x4052e4,1,233,194,39,28,30.000000,0,0,0.047966,1.200000,0.800000,mba,0,,0,0,-1,-1,-1,-1,-1,-1,-1,-1,-1,-1,-1,-1
1600,4,400,15,16,16,73502.437208,73502.458830,0.021622,0x4052e4,1,151,113,38,62,20.000000,0,0,0.047966,1.200000,0.800000,mba,0,,0,0,-1,-1,-1,-1,-1,-1,-1,-1,-1,-1,-1,-1
1601,5,400,0,16,16,73502.553955,73502.574676,0.020721,0x40533c,1,26,1,25,32,40.000000,0,0,0.029124,1.200000,0.800000,mba,0,,0,0,-1,-1,-1,-1,-1,-1,-1,-1,-1,-1,-1,-1
1601,5,400,1,16,16,73502.554200,73502.574039,0.019839,0x40533c,1,80,39,41,34,40.000000,0,0,0.029124,1.200000,0.800000,mba,0,,0,0,-1,-1,-1,-1,-1,-1,-1,-1,-1,-1,-1,-1
1601,5,400,2,16,16,73502.554990,73502.575585,0.020595,0x40533c,1,53,27,26,36,40.000000,0,0,0.029124,1.200000,0.800000,mba,0,,0,0,-1,-1,-1,-1,-1,-1,-1,-1,-1,-1,-1,-1
1601,5,400,3,16,16,73502.554442,73502.574588,0.020146,0x40533c,1,45,12,33,38,40.000000,0,0,0.029124,1.200000,0.800000,mba,0,,0,0,-1,-1,-1,-1,-1,-1,-1,-1,-1,-1,-1,-1
1601,5,400,4,16,16,73502.555087,73502.582660,0.027573,0x40533c,1,140,82,58,40,100.000000,0,0,0.029124,1.200000,0.800000,mba,0,,0,0,-1,-1,-1,-1,-1,-1,-1,-1,-1,-1,-1,-1
1601,5,400,5,16,16,73502.554051,73502.579600,0.025549,0x40533c,1,586,357,229,42,100.000000,0,0,0.029124,1.200000,0.800000,mba,0,,0,0,-1,-1,-1,-1,-1,-1,-1,-1,-1,-1,-1,-1
1601,5,400,6,16,16,73502.555255,73502.580158,0.024903,0x40533c,1,702,377,325,44,100.000000,0,0,0.029124,1.200000,0.800000,mba,0,,0,0,-1,-1,-1,-1,-1,-1,-1,-1,-1,-1,-1,-1
1601,5,400,7,16,16,73502.554341,73502.579220,0.024879,0x40533c,1,770,481,289,46,100.000000,0,0,0.029124,1.200000,0.800000,mba,0,,0,0,-1,-1,-1,-1,-1,-1,-1,-1,-1,-1,-1,-1
1601,5,400,8,16,16,73502.554511,73502.581607,0.027096,0x40533c,1,249,118,131,48,100.000000,0,0,0.029124,1.200000,0.800000,mba,0,,0,0,-1,-1,-1,-1,-1,-1,-1,-1,-1,-1,-1,-1
1601,5,400,9,16,16,73502.554911,73502.580724,0.025813,0x40533c,1,676,296,380,50,100.000000,0,0,0.029124,1.200000,0.800000,mba,0,,0,0,-1,-1,-1,-1,-1,-1,-1,-1,-1,-1,-1,-1
1601,5,400,10,16,16,73502.555134,73502.580422,0.025288,0x40533c,1,880,474,406,52,100.000000,0,0,0.029124,1.200000,0.800000,mba,0,,0,0,-1,-1,-1,-1,-1,-1,-1,-1,-1,-1,-1,-1
1601,5,400,11,16,16,73502.555257,73502.580229,0.024972,0x40533c,1,648,279,369,54,100.000000,0,0,0.029124,1.200000,0.800000,mba,0,,0,0,-1,-1,-1,-1,-1,-1,-1,-1,-1,-1,-1,-1
1601,5,400,12,16,16,73502.553536,73502.573911,0.020375,0x40533c,1,92,58,34,56,40.000000,0,0,0.029124,1.200000,0.800000,mba,0,,0,0,-1,-1,-1,-1,-1,-1,-1,-1,-1,-1,-1,-1
1601,5,400,13,16,16,73502.554176,73502.574290,0.020114,0x40533c,1,64,35,29,26,40.000000,0,0,0.029124,1.200000,0.800000,mba,0,,0,0,-1,-1,-1,-1,-1,-1,-1,-1,-1,-1,-1,-1
1601,5,400,14,16,16,73502.555377,73502.576034,0.020657,0x40533c,1,91,70,21,28,40.000000,0,0,0.029124,1.200000,0.800000,mba,0,,0,0,-1,-1,-1,-1,-1,-1,-1,-1,-1,-1,-1,-1
1601,5,400,15,16,16,73502.553581,73502.574107,0.020526,0x40533c,1,98,66,32,62,40.000000,0,0,0.029124,1.200000,0.800000,mba,0,,0,0,-1,-1,-1,-1,-1,-1,-1,-1,-1,-1,-1,-1
1998,2,500,0,16,16,91536.327027,91733.526542,104.099710,0x4051ce,1,6608670,3442937,3165733,32,30.000000,1,1,198.720941,1.200000,0.800000,mba,0,,1,1,24420352,21536768,145530880,1011444211712,1014829268992,2704531456,1011444391936,1014829359104,2707234816,-1,-1,-1
1998,2,500,1,16,16,91536.277683,91733.564385,108.445408,0x4051ce,1,7640756,3642904,3997852,34,30.000000,1,1,198.720941,1.200000,0.800000,mba,0,,1,1,24150016,21626880,143548416,1011444211712,1014830170112,2798698496,1011444211712,1014830530560,2799239168,-1,-1,-1
1998,2,500,2,16,16,91536.306574,91733.825344,118.463951,0x4051ce,1,7358909,4064524,3294385,36,30.000000,1,1,198.720941,1.200000,0.800000,mba,0,,1,1,24420352,22077440,151478272,1011444211712,1014835036160,2979373056,1011444211712,1014835036160,2977210368,-1,-1,-1
1998,2,500,3,16,16,91536.322561,91734.211887,138.678911,0x4051ce,1,7681164,5053747,2627417,38,30.000000,1,1,198.720941,1.200000,0.800000,mba,0,,1,1,24420352,20545536,118767616,1011444211712,1014839001088,3232497664,1011444211712,1014839001088,3229614080,-1,-1,-1
1998,2,500,4,16,16,91536.276864,91734.796253,173.925618,0x4051ce,1,21781029,16133484,5647545,40,100.000000,1,1,198.720941,1.200000,0.800000,mba,0,,1,1,57581568,62177280,-90112,4985855508480,4998237077504,11944615936,4985855598592,4998237437952,11946508288,-1,-1,-1
1998,2,500,5,16,16,91536.306231,91734.799802,179.603730,0x4051ce,1,21615390,17463860,4151530,42,100.000000,1,1,198.720941,1.200000,0.800000,mba,0,,1,1,57491456,62177280,10092544,4985855598592,4998237257728,12233875456,4985855598592,4998237528064,12228919296,-1,-1,-1
1998,2,500,6,16,16,91536.319247,91734.722929,172.997459,0x4051ce,1,19702242,17268105,2434137,44,100.000000,1,1,198.720941,1.200000,0.800000,mba,0,,1,1,57491456,62267392,90112,4985855598592,4998232752128,11892801536,4985855598592,4998233292800,11896676352,-1,-1,-1
1998,2,500,7,16,16,91536.306004,91734.856488,182.385848,0x4051ce,1,21083938,17860875,3223063,46,100.000000,1,1,198.720941,1.200000,0.800000,mba,0,,1,1,57491456,61997056,10903552,4985855598592,4998238248960,12295962624,4985855868928,4998238429184,12288573440,-1,-1,-1
1998,2,500,8,16,16,91536.291755,91734.747541,180.744553,0x4051ce,1,21085593,17598202,3487391,48,100.000000,1,1,198.720941,1.200000,0.800000,mba,0,,1,1,57581568,62267392,11444224,4985855508480,4998234554368,12262170624,4985855598592,4998235004928,12260999168,-1,-1,-1
1998,2,500,9,16,16,91536.316519,91734.676109,173.167176,0x4051ce,1,19696117,17200845,2495272,50,100.000000,1,1,198.720941,1.200000,0.800000,mba,0,,1,1,57491456,62087168,270336,4985855598592,4998229417984,11895955456,4985856229376,4998229778432,11899920384,-1,-1,-1
1998,2,500,10,16,16,91536.318525,91734.792157,180.243035,0x4051ce,1,21096628,17763096,3333532,52,100.000000,1,1,198.720941,1.200000,0.800000,mba,0,,1,1,57491456,62087168,10272768,4985855598592,4998236807168,12259917824,4985856319488,4998237167616,12256944128,-1,-1,-1
1998,2,500,11,16,16,91536.312899,91734.997805,188.388459,0x4051ce,1,20603109,17138143,3464966,54,100.000000,1,1,198.720941,1.200000,0.800000,mba,0,,1,1,57491456,61816832,9461760,4985855598592,4998240501760,12352282624,4985855598592,4998240501760,12346425344,-1,-1,-1
1998,2,500,12,16,16,91536.312796,91734.349902,158.915730,0x4051ce,1,7676948,6163990,1512958,56,30.000000,1,1,198.720941,1.200000,0.800000,mba,0,,1,1,24240128,20094976,68845568,1011444211712,1014839812096,3351175168,1011444211712,1014839902208,3347931136,-1,-1,-1
1998,2,500,13,16,16,91536.296517,91734.746237,157.500195,0x4051ce,1,7579938,6634508,945430,26,30.000000,1,1,198.720941,1.200000,0.800000,mba,0,,1,1,24240128,20004864,70287360,1011444211712,1014841163776,3351535616,1011444211712,1014841163776,3348291584,-1,-1,-1
1998,2,500,14,16,16,91536.305376,91733.692532,119.688686,0x4051ce,1,7815987,4287206,3528781,28,30.000000,1,1,198.720941,1.200000,0.800000,mba,0,,1,1,24240128,22167552,155713536,1011444211712,1014832693248,3000819712,1011444211712,1014832783360,2999558144,-1,-1,-1
1998,2,500,15,16,16,91536.316629,91733.661028,115.371557,0x4051ce,1,7563137,3876205,3686932,62,30.000000,1,1,198.720941,1.200000,0.800000,mba,0,,1,1,24420352,21987328,146522112,1011444211712,1014832152576,2920529920,1011444301824,1014832152576,2918187008,-1,-1,-1
1999,3,500,0,16,16,91735.189537,91735.333053,0.143516,0x405218,1,6324,3724,2600,32,20.000000,0,0,0.372853,1.200000,0.800000,mba,0,,0,0,-1,-1,-1,-1,-1,-1,-1,-1,-1,-1,-1,-1
1999,3,500,1,16,16,91735.187283,91735.322503,0.135220,0x405218,1,6183,2889,3294,34,20.000000,0,0,0.372853,1.200000,0.800000,mba,0,,0,0,-1,-1,-1,-1,-1,-1,-1,-1,-1,-1,-1,-1
1999,3,500,2,16,16,91735.188640,91735.346714,0.158074,0x405218,1,6588,3457,3131,36,20.000000,0,0,0.372853,1.200000,0.800000,mba,0,,0,0,-1,-1,-1,-1,-1,-1,-1,-1,-1,-1,-1,-1
1999,3,500,3,16,16,91735.187044,91735.336297,0.149253,0x405218,1,5488,3451,2037,38,20.000000,0,0,0.372853,1.200000,0.800000,mba,0,,0,0,-1,-1,-1,-1,-1,-1,-1,-1,-1,-1,-1,-1
1999,3,500,4,16,16,91735.188013,91735.488607,0.300594,0x405218,1,12649,8315,4334,40,100.000000,0,0,0.372853,1.200000,0.800000,mba,0,,0,0,-1,-1,-1,-1,-1,-1,-1,-1,-1,-1,-1,-1
1999,3,500,5,16,16,91735.187763,91735.488029,0.300266,0x405218,1,12523,8948,3575,42,100.000000,0,0,0.372853,1.200000,0.800000,mba,0,,0,0,-1,-1,-1,-1,-1,-1,-1,-1,-1,-1,-1,-1
1999,3,500,6,16,16,91735.188146,91735.497114,0.308968,0x405218,1,12001,9282,2719,44,100.000000,0,0,0.372853,1.200000,0.800000,mba,0,,0,0,-1,-1,-1,-1,-1,-1,-1,-1,-1,-1,-1,-1
1999,3,500,7,16,16,91735.188186,91735.492926,0.304740,0x405218,1,12340,9206,3134,46,100.000000,0,0,0.372853,1.200000,0.800000,mba,0,,0,0,-1,-1,-1,-1,-1,-1,-1,-1,-1,-1,-1,-1
1999,3,500,8,16,16,91735.186755,91735.483095,0.296340,0x405218,1,12241,9041,3200,48,100.000000,0,0,0.372853,1.200000,0.800000,mba,0,,0,0,-1,-1,-1,-1,-1,-1,-1,-1,-1,-1,-1,-1
1999,3,500,9,16,16,91735.188425,91735.493062,0.304637,0x405218,1,12077,9236,2841,50,100.000000,0,0,0.372853,1.200000,0.800000,mba,0,,0,0,-1,-1,-1,-1,-1,-1,-1,-1,-1,-1,-1,-1
1999,3,500,10,16,16,91735.187379,91735.489237,0.301858,0x405218,1,12420,9354,3066,52,100.000000,0,0,0.372853,1.200000,0.800000,mba,0,,0,0,-1,-1,-1,-1,-1,-1,-1,-1,-1,-1,-1,-1
1999,3,500,11,16,16,91735.187336,91735.559608,0.372272,0x405218,1,11431,8486,2945,54,100.000000,0,0,0.372853,1.200000,0.800000,mba,0,,0,0,-1,-1,-1,-1,-1,-1,-1,-1,-1,-1,-1,-1
1999,3,500,12,16,16,91735.188254,91735.357281,0.169027,0x405218,1,6271,4082,2189,56,20.000000,0,0,0.372853,1.200000,0.800000,mba,0,,0,0,-1,-1,-1,-1,-1,-1,-1,-1,-1,-1,-1,-1
1999,3,500,13,16,16,91735.187331,91735.346361,0.159030,0x405218,1,4881,3570,1311,26,20.000000,0,0,0.372853,1.200000,0.800000,mba,0,,0,0,-1,-1,-1,-1,-1,-1,-1,-1,-1,-1,-1,-1
1999,3,500,14,16,16,91735.187054,91735.335061,0.148007,0x405218,1,6397,3552,2845,28,20.000000,0,0,0.372853,1.200000,0.800000,mba,0,,0,0,-1,-1,-1,-1,-1,-1,-1,-1,-1,-1,-1,-1
1999,3,500,15,16,16,91735.187804,91735.310769,0.122965,0x405218,1,5774,2836,2938,62,20.000000,0,0,0.372853,1.200000,0.800000,mba,0,,0,0,-1,-1,-1,-1,-1,-1,-1,-1,-1,-1,-1,-1
2000,4,500,0,16,16,91736.388233,91736.434899,0.046666,0x4052e4,1,1912,1293,619,32,100.000000,0,0,0.052795,1.200000,0.800000,mba,0,,0,0,-1,-1,-1,-1,-1,-1,-1,-1,-1,-1,-1,-1
2000,4,500,1,16,16,91736.383700,91736.407856,0.024156,0x4052e4,1,269,212,57,34,20.000000,0,0,0.052795,1.200000,0.800000,mba,0,,0,0,-1,-1,-1,-1,-1,-1,-1,-1,-1,-1,-1,-1
2000,4,500,2,16,16,91736.383268,91736.407674,0.024406,0x4052e4,1,369,327,42,36,20.000000,0,0,0.052795,1.200000,0.800000,mba,0,,0,0,-1,-1,-1,-1,-1,-1,-1,-1,-1,-1,-1,-1
2000,4,500,3,16,16,91736.382293,91736.405480,0.023187,0x4052e4,1,112,84,28,38,20.000000,0,0,0.052795,1.200000,0.800000,mba,0,,0,0,-1,-1,-1,-1,-1,-1,-1,-1,-1,-1,-1,-1
2000,4,500,4,16,16,91736.383656,91736.409976,0.026320,0x4052e4,1,268,222,46,40,20.000000,0,0,0.052795,1.200000,0.800000,mba,0,,0,0,-1,-1,-1,-1,-1,-1,-1,-1,-1,-1,-1,-1
2000,4,500,5,16,16,91736.384137,91736.410550,0.026413,0x4052e4,1,308,256,52,42,20.000000,0,0,0.052795,1.200000,0.800000,mba,0,,0,0,-1,-1,-1,-1,-1,-1,-1,-1,-1,-1,-1,-1
2000,4,500,6,16,16,91736.384754,91736.411846,0.027092,0x4052e4,1,381,339,42,44,30.000000,0,0,0.052795,1.200000,0.800000,mba,0,,0,0,-1,-1,-1,-1,-1,-1,-1,-1,-1,-1,-1,-1
2000,4,500,7,16,16,91736.384692,91736.411320,0.026628,0x4052e4,1,337,273,64,46,20.000000,0,0,0.052795,1.200000,0.800000,mba,0,,0,0,-1,-1,-1,-1,-1,-1,-1,-1,-1,-1,-1,-1
2000,4,500,8,16,16,91736.382499,91736.409611,0.027112,0x4052e4,1,414,328,86,48,20.000000,0,0,0.052795,1.200000,0.800000,mba,0,,0,0,-1,-1,-1,-1,-1,-1,-1,-1,-1,-1,-1,-1
2000,4,500,9,16,16,91736.384196,91736.411625,0.027429,0x4052e4,1,349,301,48,50,20.000000,0,0,0.052795,1.200000,0.800000,mba,0,,0,0,-1,-1,-1,-1,-1,-1,-1,-1,-1,-1,-1,-1
2000,4,500,10,16,16,91736.383337,91736.409673,0.026336,0x4052e4,1,331,277,54,52,20.000000,0,0,0.052795,1.200000,0.800000,mba,0,,0,0,-1,-1,-1,-1,-1,-1,-1,-1,-1,-1,-1,-1
2000,4,500,11,16,16,91736.383866,91736.411794,0.027928,0x4052e4,1,211,150,61,54,20.000000,0,0,0.052795,1.200000,0.800000,mba,0,,0,0,-1,-1,-1,-1,-1,-1,-1,-1,-1,-1,-1,-1
2000,4,500,12,16,16,91736.384194,91736.424460,0.040266,0x4052e4,1,323,245,78,56,20.000000,0,0,0.052795,1.200000,0.800000,mba,0,,0,0,-1,-1,-1,-1,-1,-1,-1,-1,-1,-1,-1,-1
2000,4,500,13,16,16,91736.383654,91736.407156,0.023502,0x4052e4,1,90,56,34,26,20.000000,0,0,0.052795,1.200000,0.800000,mba,0,,0,0,-1,-1,-1,-1,-1,-1,-1,-1,-1,-1,-1,-1
2000,4,500,14,16,16,91736.382758,91736.406995,0.024237,0x4052e4,1,249,198,51,28,20.000000,0,0,0.052795,1.200000,0.800000,mba,0,,0,0,-1,-1,-1,-1,-1,-1,-1,-1,-1,-1,-1,-1
2000,4,500,15,16,16,91736.382104,91736.405952,0.023848,0x4052e4,1,145,114,31,62,20.000000,0,0,0.052795,1.200000,0.800000,mba,0,,0,0,-1,-1,-1,-1,-1,-1,-1,-1,-1,-1,-1,-1
2001,5,500,0,16,16,91736.502699,91736.525806,0.023107,0x40533c,1,27,4,23,32,40.000000,0,0,0.039838,1.200000,0.800000,mba,0,,0,0,-1,-1,-1,-1,-1,-1,-1,-1,-1,-1,-1,-1
2001,5,500,1,16,16,91736.502714,91736.525697,0.022983,0x40533c,1,76,35,41,34,40.000000,0,0,0.039838,1.200000,0.800000,mba,0,,0,0,-1,-1,-1,-1,-1,-1,-1,-1,-1,-1,-1,-1
2001,5,500,2,16,16,91736.502577,91736.525642,0.023065,0x40533c,1,46,19,27,36,40.000000,0,0,0.039838,1.200000,0.800000,mba,0,,0,0,-1,-1,-1,-1,-1,-1,-1,-1,-1,-1,-1,-1
2001,5,500,3,16,16,91736.503023,91736.526367,0.023344,0x40533c,1,63,29,34,38,40.000000,0,0,0.039838,1.200000,0.800000,mba,0,,0,0,-1,-1,-1,-1,-1,-1,-1,-1,-1,-1,-1,-1
2001,5,500,4,16,16,91736.502266,91736.531999,0.029733,0x40533c,1,797,439,358,40,100.000000,0,0,0.039838,1.200000,0.800000,mba,0,,0,0,-1,-1,-1,-1,-1,-1,-1,-1,-1,-1,-1,-1
2001,5,500,5,16,16,91736.503437,91736.534035,0.030598,0x40533c,1,796,476,320,42,100.000000,0,0,0.039838,1.200000,0.800000,mba,0,,0,0,-1,-1,-1,-1,-1,-1,-1,-1,-1,-1,-1,-1
2001,5,500,6,16,16,91736.502849,91736.532507,0.029658,0x40533c,1,725,386,339,44,100.000000,0,0,0.039838,1.200000,0.800000,mba,0,,0,0,-1,-1,-1,-1,-1,-1,-1,-1,-1,-1,-1,-1
2001,5,500,7,16,16,91736.503296,91736.532958,0.029662,0x40533c,1,882,550,332,46,100.000000,0,0,0.039838,1.200000,0.800000,mba,0,,0,0,-1,-1,-1,-1,-1,-1,-1,-1,-1,-1,-1,-1
2001,5,500,8,16,16,91736.502683,91736.533116,0.030433,0x40533c,1,941,536,405,48,100.000000,0,0,0.039838,1.200000,0.800000,mba,0,,0,0,-1,-1,-1,-1,-1,-1,-1,-1,-1,-1,-1,-1
2001,5,500,9,16,16,91736.502806,91736.533504,0.030698,0x40533c,1,865,369,496,50,100.000000,0,0,0.039838,1.200000,0.800000,mba,0,,0,0,-1,-1,-1,-1,-1,-1,-1,-1,-1,-1,-1,-1
2001,5,500,10,16,16,91736.503848,91736.534306,0.030458,0x40533c,1,875,465,410,52,100.000000,0,0,0.039838,1.200000,0.800000,mba,0,,0,0,-1,-1,-1,-1,-1,-1,-1,-1,-1,-1,-1,-1
2001,5,500,11,16,16,91736.501615,91736.532753,0.031138,0x40533c,1,210,137,73,54,100.000000,0,0,0.039838,1.200000,0.800000,mba,0,,0,0,-1,-1,-1,-1,-1,-1,-1,-1,-1,-1,-1,-1
2001,5,500,12,16,16,91736.503827,91736.541453,0.037626,0x40533c,1,35,0,35,56,40.000000,0,0,0.039838,1.200000,0.800000,mba,0,,0,0,-1,-1,-1,-1,-1,-1,-1,-1,-1,-1,-1,-1
2001,5,500,13,16,16,91736.502621,91736.525907,0.023286,0x40533c,1,32,11,21,26,40.000000,0,0,0.039838,1.200000,0.800000,mba,0,,0,0,-1,-1,-1,-1,-1,-1,-1,-1,-1,-1,-1,-1
2001,5,500,14,16,16,91736.503165,91736.526439,0.023274,0x40533c,1,114,82,32,28,40.000000,0,0,0.039838,1.200000,0.800000,mba,0,,0,0,-1,-1,-1,-1,-1,-1,-1,-1,-1,-1,-1,-1
2001,5,500,15,16,16,91736.503519,91736.527379,0.023860,0x40533c,1,93,64,29,62,40.000000,0,0,0.039838,1.200000,0.800000,mba,0,,0,0,-1,-1,-1,-1,-1,-1,-1,-1,-1,-1,-1,-1
2398,2,600,0,16,16,108974.240637,109144.625460,97.412515,0x4051ce,1,6574814,3230185,3344629,32,30.000000,1,1,171.663859,1.200000,0.800000,mba,0,,1,1,28925952,21356544,75333632,1342556790784,1345191124992,2192244736,1342556790784,1345191124992,2189721600,-1,-1,-1
2398,2,600,1,16,16,108974.208455,109144.656086,101.847820,0x4051ce,1,7640355,3448902,4191453,34,30.000000,1,1,171.663859,1.200000,0.800000,mba,0,,1,1,28655616,21536768,83173376,1342556610560,1345191755776,2268299264,1342556700672,1345191845888,2265595904,-1,-1,-1
2398,2,600,2,16,16,108974.216734,109144.819587,114.624859,0x4051ce,1,7316188,3945313,3370875,36,30.000000,1,1,171.663859,1.200000,0.800000,mba,0,,1,1,28385280,21807104,102907904,1342556520448,1345193828352,2447351808,1342556790784,1345193828352,2444197888,-1,-1,-1
2398,2,600,3,16,16,108974.235725,109145.166499,129.498175,0x4051ce,1,7059819,4475881,2583938,38,30.000000,1,1,171.663859,1.200000,0.800000,mba,0,,1,1,28835840,20905984,60915712,1342556790784,1345196802048,2561794048,1342556790784,1345196802048,2559541248,-1,-1,-1
2398,2,600,4,16,16,108974.204195,109145.667915,151.872806,0x4051ce,1,20444966,14547045,5897921,40,100.000000,1,1,171.663859,1.200000,0.800000,mba,0,,1,1,54517760,64159744,720896,6175228387328,6186646388736,10895802368,6175228567552,6186646568960,10899316736,-1,-1,-1
2398,2,600,5,16,16,108974.236561,109145.729957,157.480076,0x4051ce,1,20194062,16127547,4066515,42,100.000000,1,1,171.663859,1.200000,0.800000,mba,0,,1,1,54157312,64159744,3334144,6175228747776,6186649272320,11247869952,6175229288448,6186649362432,11244445696,-1,-1,-1
2398,2,600,6,16,16,108974.203983,109145.640987,152.220408,0x4051ce,1,18606874,15982127,2624747,44,100.000000,1,1,171.663859,1.200000,0.800000,mba,0,,1,1,54517760,64339968,2973696,6175228477440,6186644766720,10895351808,6175228657664,6186645127168,10898145280,-1,-1,-1
2398,2,600,7,16,16,108974.225374,109145.744374,159.972495,0x4051ce,1,19769169,16576581,3192588,46,100.000000,1,1,171.663859,1.200000,0.800000,mba,0,,1,1,54247424,64249856,4956160,6175228657664,6186649362432,11324915712,6175228657664,6186649362432,11317706752,-1,-1,-1
2398,2,600,8,16,16,108974.209657,109145.866670,165.414454,0x4051ce,1,19236164,15924698,3311466,48,100.000000,1,1,171.663859,1.200000,0.800000,mba,0,,1,1,54427648,64339968,8019968,6175228567552,6186650443776,11383488512,6175228657664,6186650443776,11379343360,-1,-1,-1
2398,2,600,9,16,16,108974.214359,109145.632114,160.281965,0x4051ce,1,17920566,15217142,2703424,50,100.000000,1,1,171.663859,1.200000,0.800000,mba,0,,1,1,54427648,64339968,1802240,6175228477440,6186644226048,11274092544,6175228657664,6186644406272,11271028736,-1,-1,-1
2398,2,600,10,16,16,108974.202811,109145.716546,157.540636,0x4051ce,1,19782053,16304611,3477442,52,100.000000,1,1,171.663859,1.200000,0.800000,mba,0,,1,1,54427648,63799296,2342912,6175228297216,6186649001984,11249311744,6175228567552,6186649092096,11246608384,-1,-1,-1
2398,2,600,11,16,16,108974.241013,109145.719745,158.559699,0x4051ce,1,19743435,16355503,3387932,54,100.000000,1,1,171.663859,1.200000,0.800000,mba,0,,1,1,53977088,64159744,3244032,6175229198336,6186649001984,11283554304,6175229558784,6186649182208,11283103744,-1,-1,-1
2398,2,600,12,16,16,108974.225982,109145.580522,147.254154,0x4051ce,1,7640892,6180545,1460347,56,30.000000,1,1,171.663859,1.200000,0.800000,mba,0,,1,1,28745728,20275200,33341440,1342556700672,1345198153728,2632802304,1342556790784,1345198153728,2629648384,-1,-1,-1
2398,2,600,13,16,16,108974.241024,109144.995600,113.384727,0x4051ce,1,7590201,6411134,1179067,26,40.000000,1,1,171.663859,1.200000,0.800000,mba,0,,1,1,90112,1081344,44154880,287941181440,288464912384,519856128,287941181440,288464912384,519856128,-1,-1,-1
2398,2,600,14,16,16,108974.229126,109144.834066,114.270627,0x4051ce,1,7811602,4089844,3721758,28,30.000000,1,1,171.663859,1.200000,0.800000,mba,0,,1,1,28925952,21897216,105340928,1342556790784,1345193828352,2442756096,1342556790784,1345193828352,2440953856,-1,-1,-1
2398,2,600,15,16,16,108974.221937,109144.689144,101.352179,0x4051ce,1,7554851,3562595,3992256,62,30.000000,1,1,171.663859,1.200000,0.800000,mba,0,,1,1,28745728,21716992,83083264,1342556700672,1345192116224,2261721088,1342556790784,1345192476672,2260639744,-1,-1,-1
2399,3,600,0,16,16,109146.068071,109146.206509,0.138438,0x405218,1,6150,3410,2740,32,20.000000,0,0,0.335171,1.200000,0.800000,mba,0,,0,0,-1,-1,-1,-1,-1,-1,-1,-1,-1,-1,-1,-1
2399,3,600,1,16,16,109146.067734,109146.183850,0.116116,0x405218,1,6187,2729,3458,34,20.000000,0,0,0.335171,1.200000,0.800000,mba,0,,0,0,-1,-1,-1,-1,-1,-1,-1,-1,-1,-1,-1,-1
2399,3,600,2,16,16,109146.067933,109146.225145,0.157212,0x405218,1,6161,3053,3108,36,20.000000,0,0,0.335171,1.200000,0.800000,mba,0,,0,0,-1,-1,-1,-1,-1,-1,-1,-1,-1,-1,-1,-1
2399,3,600,3,16,16,109146.066983,109146.208706,0.141723,0x405218,1,5454,3318,2136,38,20.000000,0,0,0.335171,1.200000,0.800000,mba,0,,0,0,-1,-1,-1,-1,-1,-1,-1,-1,-1,-1,-1,-1
2399,3,600,4,16,16,109146.068182,109146.333360,0.265178,0x405218,1,12330,7897,4433,40,100.000000,0,0,0.335171,1.200000,0.800000,mba,0,,0,0,-1,-1,-1,-1,-1,-1,-1,-1,-1,-1,-1,-1
2399,3,600,5,16,16,109146.068054,109146.346152,0.278098,0x405218,1,12260,8770,3490,42,100.000000,0,0,0.335171,1.200000,0.800000,mba,0,,0,0,-1,-1,-1,-1,-1,-1,-1,-1,-1,-1,-1,-1
2399,3,600,6,16,16,109146.067724,109146.344083,0.276359,0x405218,1,11815,8938,2877,44,100.000000,0,0,0.335171,1.200000,0.800000,mba,0,,0,0,-1,-1,-1,-1,-1,-1,-1,-1,-1,-1,-1,-1
2399,3,600,7,16,16,109146.068113,109146.348714,0.280601,0x405218,1,12174,9003,3171,46,100.000000,0,0,0.335171,1.200000,0.800000,mba,0,,0,0,-1,-1,-1,-1,-1,-1,-1,-1,-1,-1,-1,-1
2399,3,600,8,16,16,109146.067250,109146.402154,0.334904,0x405218,1,11061,7955,3106,48,100.000000,0,0,0.335171,1.200000,0.800000,mba,0,,0,0,-1,-1,-1,-1,-1,-1,-1,-1,-1,-1,-1,-1
2399,3,600,9,16,16,109146.067595,109146.343403,0.275808,0x405218,1,11799,8944,2855,50,100.000000,0,0,0.335171,1.200000,0.800000,mba,0,,0,0,-1,-1,-1,-1,-1,-1,-1,-1,-1,-1,-1,-1
2399,3,600,10,16,16,109146.067512,109146.347619,0.280107,0x405218,1,12172,9095,3077,52,100.000000,0,0,0.335171,1.200000,0.800000,mba,0,,0,0,-1,-1,-1,-1,-1,-1,-1,-1,-1,-1,-1,-1
2399,3,600,11,16,16,109146.067583,109146.336786,0.269203,0x405218,1,12011,8803,3208,54,100.000000,0,0,0.335171,1.200000,0.800000,mba,0,,0,0,-1,-1,-1,-1,-1,-1,-1,-1,-1,-1,-1,-1
2399,3,600,12,16,16,109146.067294,109146.231116,0.163822,0x405218,1,6369,4538,1831,56,20.000000,0,0,0.335171,1.200000,0.800000,mba,0,,0,0,-1,-1,-1,-1,-1,-1,-1,-1,-1,-1,-1,-1
2399,3,600,13,16,16,109146.067576,109146.206044,0.138468,0x405218,1,4947,3764,1183,26,20.000000,0,0,0.335171,1.200000,0.800000,mba,0,,0,0,-1,-1,-1,-1,-1,-1,-1,-1,-1,-1,-1,-1
2399,3,600,14,16,16,109146.067420,109146.198263,0.130843,0x405218,1,6437,3229,3208,28,20.000000,0,0,0.335171,1.200000,0.800000,mba,0,,0,0,-1,-1,-1,-1,-1,-1,-1,-1,-1,-1,-1,-1
2399,3,600,15,16,16,109146.068076,109146.185465,0.117389,0x405218,1,5691,2575,3116,62,20.000000,0,0,0.335171,1.200000,0.800000,mba,0,,0,0,-1,-1,-1,-1,-1,-1,-1,-1,-1,-1,-1,-1
2400,4,600,0,16,16,109147.221874,109147.263812,0.041938,0x4052e4,1,1901,1236,665,32,100.000000,0,0,0.050803,1.200000,0.800000,mba,0,,0,0,-1,-1,-1,-1,-1,-1,-1,-1,-1,-1,-1,-1
2400,4,600,1,16,16,109147.214853,109147.235186,0.020333,0x4052e4,1,288,226,62,34,20.000000,0,0,0.050803,1.200000,0.800000,mba,0,,0,0,-1,-1,-1,-1,-1,-1,-1,-1,-1,-1,-1,-1
2400,4,600,2,16,16,109147.214715,109147.236033,0.021318,0x4052e4,1,202,154,48,36,20.000000,0,0,0.050803,1.200000,0.800000,mba,0,,0,0,-1,-1,-1,-1,-1,-1,-1,-1,-1,-1,-1,-1
2400,4,600,3,16,16,109147.214648,109147.234434,0.019786,0x4052e4,1,87,38,49,38,20.000000,0,0,0.050803,1.200000,0.800000,mba,0,,0,0,-1,-1,-1,-1,-1,-1,-1,-1,-1,-1,-1,-1
2400,4,600,4,16,16,109147.214799,109147.236251,0.021452,0x4052e4,1,301,249,52,40,20.000000,0,0,0.050803,1.200000,0.800000,mba,0,,0,0,-1,-1,-1,-1,-1,-1,-1,-1,-1,-1,-1,-1
2400,4,600,5,16,16,109147.215112,109147.237559,0.022447,0x4052e4,1,320,250,70,42,20.000000,0,0,0.050803,1.200000,0.800000,mba,0,,0,0,-1,-1,-1,-1,-1,-1,-1,-1,-1,-1,-1,-1
2400,4,600,6,16,16,109147.214432,109147.236393,0.021961,0x4052e4,1,389,307,82,44,30.000000,0,0,0.050803,1.200000,0.800000,mba,0,,0,0,-1,-1,-1,-1,-1,-1,-1,-1,-1,-1,-1,-1
2400,4,600,7,16,16,109147.215013,109147.237313,0.022300,0x4052e4,1,396,317,79,46,20.000000,0,0,0.050803,1.200000,0.800000,mba,0,,0,0,-1,-1,-1,-1,-1,-1,-1,-1,-1,-1,-1,-1
2400,4,600,8,16,16,109147.213637,109147.237007,0.023370,0x4052e4,1,275,214,61,48,20.000000,0,0,0.050803,1.200000,0.800000,mba,0,,0,0,-1,-1,-1,-1,-1,-1,-1,-1,-1,-1,-1,-1
2400,4,600,9,16,16,109147.213554,109147.236446,0.022892,0x4052e4,1,395,340,55,50,20.000000,0,0,0.050803,1.200000,0.800000,mba,0,,0,0,-1,-1,-1,-1,-1,-1,-1,-1,-1,-1,-1,-1
2400,4,600,10,16,16,109147.214442,109147.236624,0.022182,0x4052e4,1,328,275,53,52,20.000000,0,0,0.050803,1.200000,0.800000,mba,0,,0,0,-1,-1,-1,-1,-1,-1,-1,-1,-1,-1,-1,-1
2400,4,600,11,16,16,109147.213750,109147.235418,0.021668,0x4052e4,1,377,315,62,54,20.000000,0,0,0.050803,1.200000,0.800000,mba,0,,0,0,-1,-1,-1,-1,-1,-1,-1,-1,-1,-1,-1,-1
2400,4,600,12,16,16,109147.214076,109147.233427,0.019351,0x4052e4,1,158,134,24,56,20.000000,0,0,0.050803,1.200000,0.800000,mba,0,,0,0,-1,-1,-1,-1,-1,-1,-1,-1,-1,-1,-1,-1
2400,4,600,13,16,16,109147.213009,109147.232391,0.019382,0x4052e4,1,108,70,38,26,20.000000,0,0,0.050803,1.200000,0.800000,mba,0,,0,0,-1,-1,-1,-1,-1,-1,-1,-1,-1,-1,-1,-1
2400,4,600,14,16,16,109147.213364,109147.233292,0.019928,0x4052e4,1,244,199,45,28,20.000000,0,0,0.050803,1.200000,0.800000,mba,0,,0,0,-1,-1,-1,-1,-1,-1,-1,-1,-1,-1,-1,-1
2400,4,600,15,16,16,109147.214282,109147.233719,0.019437,0x4052e4,1,138,100,38,62,20.000000,0,0,0.050803,1.200000,0.800000,mba,0,,0,0,-1,-1,-1,-1,-1,-1,-1,-1,-1,-1,-1,-1
2401,5,600,0,16,16,109147.326164,109147.345198,0.019034,0x40533c,1,37,3,34,32,40.000000,0,0,0.026812,1.200000,0.800000,mba,0,,0,0,-1,-1,-1,-1,-1,-1,-1,-1,-1,-1,-1,-1
2401,5,600,1,16,16,109147.326000,109147.344945,0.018945,0x40533c,1,77,50,27,34,40.000000,0,0,0.026812,1.200000,0.800000,mba,0,,0,0,-1,-1,-1,-1,-1,-1,-1,-1,-1,-1,-1,-1
2401,5,600,2,16,16,109147.326025,109147.345023,0.018998,0x40533c,1,42,17,25,36,40.000000,0,0,0.026812,1.200000,0.800000,mba,0,,0,0,-1,-1,-1,-1,-1,-1,-1,-1,-1,-1,-1,-1
2401,5,600,3,16,16,109147.325348,109147.344309,0.018961,0x40533c,1,42,24,18,38,40.000000,0,0,0.026812,1.200000,0.800000,mba,0,,0,0,-1,-1,-1,-1,-1,-1,-1,-1,-1,-1,-1,-1
2401,5,600,4,16,16,109147.326685,109147.350765,0.024080,0x40533c,1,672,355,317,40,100.000000,0,0,0.026812,1.200000,0.800000,mba,0,,0,0,-1,-1,-1,-1,-1,-1,-1,-1,-1,-1,-1,-1
2401,5,600,5,16,16,109147.325433,109147.350208,0.024775,0x40533c,1,617,401,216,42,100.000000,0,0,0.026812,1.200000,0.800000,mba,0,,0,0,-1,-1,-1,-1,-1,-1,-1,-1,-1,-1,-1,-1
2401,5,600,6,16,16,109147.325573,109147.349408,0.023835,0x40533c,1,634,356,278,44,100.000000,0,0,0.026812,1.200000,0.800000,mba,0,,0,0,-1,-1,-1,-1,-1,-1,-1,-1,-1,-1,-1,-1
2401,5,600,7,16,16,109147.324904,109147.348694,0.023790,0x40533c,1,687,413,274,46,100.000000,0,0,0.026812,1.200000,0.800000,mba,0,,0,0,-1,-1,-1,-1,-1,-1,-1,-1,-1,-1,-1,-1
2401,5,600,8,16,16,109147.324812,109147.350733,0.025921,0x40533c,1,153,76,77,48,100.000000,0,0,0.026812,1.200000,0.800000,mba,0,,0,0,-1,-1,-1,-1,-1,-1,-1,-1,-1,-1,-1,-1
2401,5,600,9,16,16,109147.325804,109147.349680,0.023876,0x40533c,1,666,263,403,50,100.000000,0,0,0.026812,1.200000,0.800000,mba,0,,0,0,-1,-1,-1,-1,-1,-1,-1,-1,-1,-1,-1,-1
2401,5,600,10,16,16,109147.325569,109147.349739,0.024170,0x40533c,1,869,482,387,52,100.000000,0,0,0.026812,1.200000,0.800000,mba,0,,0,0,-1,-1,-1,-1,-1,-1,-1,-1,-1,-1,-1,-1
2401,5,600,11,16,16,109147.324872,109147.348805,0.023933,0x40533c,1,810,367,443,54,100.000000,0,0,0.026812,1.200000,0.800000,mba,0,,0,0,-1,-1,-1,-1,-1,-1,-1,-1,-1,-1,-1,-1
2401,5,600,12,16,16,109147.324941,109147.343975,0.019034,0x40533c,1,72,25,47,56,40.000000,0,0,0.026812,1.200000,0.800000,mba,0,,0,0,-1,-1,-1,-1,-1,-1,-1,-1,-1,-1,-1,-1
2401,5,600,13,16,16,109147.323953,109147.342806,0.018853,0x40533c,1,64,42,22,26,40.000000,0,0,0.026812,1.200000,0.800000,mba,0,,0,0,-1,-1,-1,-1,-1,-1,-1,-1,-1,-1,-1,-1
2401,5,600,14,16,16,109147.325474,109147.344409,0.018935,0x40533c,1,101,68,33,28,40.000000,0,0,0.026812,1.200000,0.800000,mba,0,,0,0,-1,-1,-1,-1,-1,-1,-1,-1,-1,-1,-1,-1
2401,5,600,15,16,16,109147.325723,109147.344494,0.018771,0x40533c,1,95,78,17,62,40.000000,0,0,0.026812,1.200000,0.800000,mba,0,,0,0,-1,-1,-1,-1,-1,-1,-1,-1,-1,-1,-1,-1
2798,2,700,0,16,16,125306.444574,125468.804232,94.674408,0x4051ce,1,6571930,3098830,3473100,32,30.000000,1,1,163.491085,1.200000,0.800000,mba,0,,1,1,25501696,21176320,65331200,1605553979392,1607569244160,1734115328,1605553979392,1607569334272,1732493312,-1,-1,-1
2798,2,700,1,16,16,125306.434871,125468.823262,99.916551,0x4051ce,1,7643999,3337686,4306313,34,30.000000,1,1,163.491085,1.200000,0.800000,mba,0,,1,1,25321472,21266432,74792960,1605553889280,1607569514496,1804492800,1605553979392,1607569514496,1801699328,-1,-1,-1
2798,2,700,2,16,16,125306.660973,125469.011064,107.725240,0x4051ce,1,6756584,3482550,3274034,36,30.000000,1,1,163.491085,1.200000,0.800000,mba,0,,1,1,26763264,21176320,66953216,1605557313536,1607570956288,1882980352,1605557673984,1607570956288,1879015424,-1,-1,-1
2798,2,700,3,16,16,125306.426516,125469.391129,133.482824,0x4051ce,1,7668140,4931670,2736470,38,30.000000,1,1,163.491085,1.200000,0.800000,mba,0,,1,1,25231360,19734528,26673152,1605553889280,1607572488192,2006614016,1605553979392,1607572488192,2004090880,-1,-1,-1
2798,2,700,4,16,16,125306.426745,125469.693879,143.552767,0x4051ce,1,19220204,13501184,5719020,40,100.000000,1,1,163.491085,1.200000,0.800000,mba,0,,1,1,56229888,62357504,-901120,7289523822592,7300317347840,10258620416,7289523822592,7300317708288,10259611648,-1,-1,-1
2798,2,700,5,16,16,125306.420074,125469.749471,149.120769,0x4051ce,1,19035775,15096913,3938862,42,100.000000,1,1,163.491085,1.200000,0.800000,mba,0,,1,1,56229888,62267392,270336,7289523822592,7300319961088,10596810752,7289523822592,7300320051200,10593656832,-1,-1,-1
2798,2,700,6,16,16,125306.650780,125469.581527,144.575963,0x4051ce,1,17657563,15002531,2655032,44,100.000000,1,1,163.491085,1.200000,0.800000,mba,0,,1,1,55328768,62087168,-811008,7289532203008,7300307255296,10326474752,7289532653568,7300308156416,10329628672,-1,-1,-1
2798,2,700,7,16,16,125306.634588,125469.911159,158.345782,0x4051ce,1,18156787,15097919,3058868,46,100.000000,1,1,163.491085,1.200000,0.800000,mba,0,,1,1,55328768,62717952,7839744,7289532022784,7300322123776,10775142400,7289532203008,7300322123776,10763968512,-1,-1,-1
2798,2,700,8,16,16,125306.666223,125469.695864,150.088624,0x4051ce,1,18694459,15305133,3389326,48,100.000000,1,1,163.491085,1.200000,0.800000,mba,0,,1,1,55058432,62357504,270336,7289533014016,7300317528064,10637631488,7289533554688,7300317798400,10635739136,-1,-1,-1
2798,2,700,9,16,16,125306.650114,125469.795335,150.326011,0x4051ce,1,17147007,14490385,2656622,50,100.000000,1,1,163.491085,1.200000,0.800000,mba,0,,1,1,55238656,62627840,1171456,7289532383232,7300320681984,10593656832,7289532743680,7300320681984,10590683136,-1,-1,-1
2798,2,700,10,16,16,125306.670744,125469.701343,148.892910,0x4051ce,1,18689237,15320598,3368639,52,100.000000,1,1,163.491085,1.200000,0.800000,mba,0,,1,1,55058432,62357504,360448,7289533464576,7300317708288,10600415232,7289533825024,7300317978624,10597892096,-1,-1,-1
2798,2,700,11,16,16,125306.428461,125469.741452,149.922170,0x4051ce,1,18641192,15329579,3311613,54,100.000000,1,1,163.491085,1.200000,0.800000,mba,0,,1,1,56229888,62267392,720896,7289523822592,7300319510528,10638622720,7289523912704,7300319780864,10631593984,-1,-1,-1
2798,2,700,12,16,16,125306.464378,125468.959519,106.382512,0x4051ce,1,7655975,5856879,1799096,56,40.000000,1,1,163.491085,1.200000,0.800000,mba,0,,1,1,720896,3244032,72540160,341550071808,342623125504,1025474560,341550071808,342623215616,1026555904,-1,-1,-1
2798,2,700,13,16,16,125306.668924,125469.192506,113.858143,0x4051ce,1,7592823,6554543,1038280,26,40.000000,1,1,163.491085,1.200000,0.800000,mba,0,,1,1,720896,3244032,75153408,341551153152,342624387072,1066565632,341551153152,342624387072,1065213952,-1,-1,-1
2798,2,700,14,16,16,125306.439349,125469.018617,112.539261,0x4051ce,1,7819029,4007990,3811039,28,30.000000,1,1,163.491085,1.200000,0.800000,mba,0,,1,1,25231360,21266432,64430080,1605553889280,1607570956288,1921998848,1605553979392,1607570956288,1918664704,-1,-1,-1
2798,2,700,15,16,16,125306.435640,125468.736330,95.719244,0x4051ce,1,7202391,3231193,3971198,62,30.000000,1,1,163.491085,1.200000,0.800000,mba,0,,1,1,25501696,20905984,69025792,1605553889280,1607567802368,1745469440,1605553979392,1607568162816,1743396864,-1,-1,-1
2799,3,700,0,16,16,125470.105531,125470.236592,0.131061,0x405218,1,6203,3312,2891,32,20.000000,0,0,0.340662,1.200000,0.800000,mba,0,,0,0,-1,-1,-1,-1,-1,-1,-1,-1,-1,-1,-1,-1
2799,3,700,1,16,16,125470.104240,125470.216717,0.112477,0x405218,1,6277,2596,3681,34,20.000000,0,0,0.340662,1.200000,0.800000,mba,0,,0,0,-1,-1,-1,-1,-1,-1,-1,-1,-1,-1,-1,-1
2799,3,700,2,16,16,125470.105640,125470.257331,0.151691,0x405218,1,6166,2972,3194,36,20.000000,0,0,0.340662,1.200000,0.800000,mba,0,,0,0,-1,-1,-1,-1,-1,-1,-1,-1,-1,-1,-1,-1
2799,3,700,3,16,16,125470.105185,125470.237659,0.132474,0x405218,1,5536,3206,2330,38,20.000000,0,0,0.340662,1.200000,0.800000,mba,0,,0,0,-1,-1,-1,-1,-1,-1,-1,-1,-1,-1,-1,-1
2799,3,700,4,16,16,125470.105051,125470.359378,0.254327,0x405218,1,12068,7566,4502,40,100.000000,0,0,0.340662,1.200000,0.800000,mba,0,,0,0,-1,-1,-1,-1,-1,-1,-1,-1,-1,-1,-1,-1
2799,3,700,5,16,16,125470.105136,125470.367593,0.262457,0x405218,1,11999,8448,3551,42,100.000000,0,0,0.340662,1.200000,0.800000,mba,0,,0,0,-1,-1,-1,-1,-1,-1,-1,-1,-1,-1,-1,-1
2799,3,700,6,16,16,125470.104997,125470.371756,0.266759,0x405218,1,11561,8810,2751,44,100.000000,0,0,0.340662,1.200000,0.800000,mba,0,,0,0,-1,-1,-1,-1,-1,-1,-1,-1,-1,-1,-1,-1
2799,3,700,7,16,16,125470.105320,125470.444690,0.339370,0x405218,1,10832,7657,3175,46,100.000000,0,0,0.340662,1.200000,0.800000,mba,0,,0,0,-1,-1,-1,-1,-1,-1,-1,-1,-1,-1,-1,-1
2799,3,700,8,16,16,125470.104538,125470.352296,0.247758,0x405218,1,11816,8412,3404,48,100.000000,0,0,0.340662,1.200000,0.800000,mba,0,,0,0,-1,-1,-1,-1,-1,-1,-1,-1,-1,-1,-1,-1
2799,3,700,9,16,16,125470.105434,125470.423693,0.318259,0x405218,1,10525,7689,2836,50,100.000000,0,0,0.340662,1.200000,0.800000,mba,0,,0,0,-1,-1,-1,-1,-1,-1,-1,-1,-1,-1,-1,-1
2799,3,700,10,16,16,125470.104839,125470.364976,0.260137,0x405218,1,11963,8768,3195,52,100.000000,0,0,0.340662,1.200000,0.800000,mba,0,,0,0,-1,-1,-1,-1,-1,-1,-1,-1,-1,-1,-1,-1
2799,3,700,11,16,16,125470.105421,125470.361185,0.255764,0x405218,1,11805,8612,3193,54,100.000000,0,0,0.340662,1.200000,0.800000,mba,0,,0,0,-1,-1,-1,-1,-1,-1,-1,-1,-1,-1,-1,-1
2799,3,700,12,16,16,125470.104028,125470.244512,0.140484,0x405218,1,6282,4130,2152,56,20.000000,0,0,0.340662,1.200000,0.800000,mba,0,,0,0,-1,-1,-1,-1,-1,-1,-1,-1,-1,-1,-1,-1
2799,3,700,13,16,16,125470.104501,125470.248236,0.143735,0x405218,1,5688,4394,1294,26,20.000000,0,0,0.340662,1.200000,0.800000,mba,0,,0,0,-1,-1,-1,-1,-1,-1,-1,-1,-1,-1,-1,-1
2799,3,700,14,16,16,125470.104538,125470.235881,0.131343,0x405218,1,6450,3119,3331,28,20.000000,0,0,0.340662,1.200000,0.800000,mba,0,,0,0,-1,-1,-1,-1,-1,-1,-1,-1,-1,-1,-1,-1
2799,3,700,15,16,16,125470.104531,125470.228040,0.123509,0x405218,1,5309,2462,2847,62,20.000000,0,0,0.340662,1.200000,0.800000,mba,0,,0,0,-1,-1,-1,-1,-1,-1,-1,-1,-1,-1,-1,-1
2800,4,700,0,16,16,125471.265382,125471.307253,0.041871,0x4052e4,1,1872,1151,721,32,100.000000,0,0,0.048360,1.200000,0.800000,mba,0,,0,0,-1,-1,-1,-1,-1,-1,-1,-1,-1,-1,-1,-1
2800,4,700,1,16,16,125471.260570,125471.281643,0.021073,0x4052e4,1,288,249,39,34,20.000000,0,0,0.048360,1.200000,0.800000,mba,0,,0,0,-1,-1,-1,-1,-1,-1,-1,-1,-1,-1,-1,-1
2800,4,700,2,16,16,125471.260177,125471.280700,0.020523,0x4052e4,1,211,157,54,36,20.000000,0,0,0.048360,1.200000,0.800000,mba,0,,0,0,-1,-1,-1,-1,-1,-1,-1,-1,-1,-1,-1,-1
2800,4,700,3,16,16,125471.260073,125471.279336,0.019263,0x4052e4,1,140,95,45,38,20.000000,0,0,0.048360,1.200000,0.800000,mba,0,,0,0,-1,-1,-1,-1,-1,-1,-1,-1,-1,-1,-1,-1
2800,4,700,4,16,16,125471.259655,125471.282192,0.022537,0x4052e4,1,347,267,80,40,20.000000,0,0,0.048360,1.200000,0.800000,mba,0,,0,0,-1,-1,-1,-1,-1,-1,-1,-1,-1,-1,-1,-1
2800,4,700,5,16,16,125471.259484,125471.281679,0.022195,0x4052e4,1,301,231,70,42,20.000000,0,0,0.048360,1.200000,0.800000,mba,0,,0,0,-1,-1,-1,-1,-1,-1,-1,-1,-1,-1,-1,-1
2800,4,700,6,16,16,125471.260254,125471.282666,0.022412,0x4052e4,1,382,300,82,44,30.000000,0,0,0.048360,1.200000,0.800000,mba,0,,0,0,-1,-1,-1,-1,-1,-1,-1,-1,-1,-1,-1,-1
2800,4,700,7,16,16,125471.260621,125471.283382,0.022761,0x4052e4,1,206,141,65,46,20.000000,0,0,0.048360,1.200000,0.800000,mba,0,,0,0,-1,-1,-1,-1,-1,-1,-1,-1,-1,-1,-1,-1
2800,4,700,8,16,16,125471.258893,125471.281368,0.022475,0x4052e4,1,378,319,59,48,20.000000,0,0,0.048360,1.200000,0.800000,mba,0,,0,0,-1,-1,-1,-1,-1,-1,-1,-1,-1,-1,-1,-1
2800,4,700,9,16,16,125471.258972,125471.283114,0.024142,0x4052e4,1,260,195,65,50,20.000000,0,0,0.048360,1.200000,0.800000,mba,0,,0,0,-1,-1,-1,-1,-1,-1,-1,-1,-1,-1,-1,-1
2800,4,700,10,16,16,125471.259303,125471.281562,0.022259,0x4052e4,1,319,255,64,52,20.000000,0,0,0.048360,1.200000,0.800000,mba,0,,0,0,-1,-1,-1,-1,-1,-1,-1,-1,-1,-1,-1,-1
2800,4,700,11,16,16,125471.259391,125471.281388,0.021997,0x4052e4,1,355,290,65,54,20.000000,0,0,0.048360,1.200000,0.800000,mba,0,,0,0,-1,-1,-1,-1,-1,-1,-1,-1,-1,-1,-1,-1
2800,4,700,12,16,16,125471.259779,125471.278997,0.019218,0x4052e4,1,169,122,47,56,20.000000,0,0,0.048360,1.200000,0.800000,mba,0,,0,0,-1,-1,-1,-1,-1,-1,-1,-1,-1,-1,-1,-1
2800,4,700,13,16,16,125471.259657,125471.278854,0.019197,0x4052e4,1,165,118,47,26,20.000000,0,0,0.048360,1.200000,0.800000,mba,0,,0,0,-1,-1,-1,-1,-1,-1,-1,-1,-1,-1,-1,-1
2800,4,700,14,16,16,125471.260376,125471.280018,0.019642,0x4052e4,1,224,176,48,28,20.000000,0,0,0.048360,1.200000,0.800000,mba,0,,0,0,-1,-1,-1,-1,-1,-1,-1,-1,-1,-1,-1,-1
2800,4,700,15,16,16,125471.260584,125471.280973,0.020389,0x4052e4,1,64,23,41,62,20.000000,0,0,0.048360,1.200000,0.800000,mba,0,,0,0,-1,-1,-1,-1,-1,-1,-1,-1,-1,-1,-1,-1
2801,5,700,0,16,16,125471.369838,125471.388732,0.018894,0x40533c,1,33,0,33,32,40.000000,0,0,0.028151,1.200000,0.800000,mba,0,,0,0,-1,-1,-1,-1,-1,-1,-1,-1,-1,-1,-1,-1
2801,5,700,1,16,16,125471.369521,125471.388639,0.019118,0x40533c,1,88,40,48,34,40.000000,0,0,0.028151,1.200000,0.800000,mba,0,,0,0,-1,-1,-1,-1,-1,-1,-1,-1,-1,-1,-1,-1
2801,5,700,2,16,16,125471.369346,125471.388354,0.019008,0x40533c,1,58,19,39,36,40.000000,0,0,0.028151,1.200000,0.800000,mba,0,,0,0,-1,-1,-1,-1,-1,-1,-1,-1,-1,-1,-1,-1
2801,5,700,3,16,16,125471.370151,125471.389058,0.018907,0x40533c,1,56,28,28,38,40.000000,0,0,0.028151,1.200000,0.800000,mba,0,,0,0,-1,-1,-1,-1,-1,-1,-1,-1,-1,-1,-1,-1
2801,5,700,4,16,16,125471.369082,125471.393299,0.024217,0x40533c,1,688,328,360,40,100.000000,0,0,0.028151,1.200000,0.800000,mba,0,,0,0,-1,-1,-1,-1,-1,-1,-1,-1,-1,-1,-1,-1
2801,5,700,5,16,16,125471.369483,125471.393376,0.023893,0x40533c,1,673,433,240,42,100.000000,0,0,0.028151,1.200000,0.800000,mba,0,,0,0,-1,-1,-1,-1,-1,-1,-1,-1,-1,-1,-1,-1
2801,5,700,6,16,16,125471.368272,125471.391915,0.023643,0x40533c,1,746,440,306,44,100.000000,0,0,0.028151,1.200000,0.800000,mba,0,,0,0,-1,-1,-1,-1,-1,-1,-1,-1,-1,-1,-1,-1
2801,5,700,7,16,16,125471.369846,125471.395696,0.025850,0x40533c,1,248,165,83,46,100.000000,0,0,0.028151,1.200000,0.800000,mba,0,,0,0,-1,-1,-1,-1,-1,-1,-1,-1,-1,-1,-1,-1
2801,5,700,8,16,16,125471.370004,125471.394042,0.024038,0x40533c,1,785,444,341,48,100.000000,0,0,0.028151,1.200000,0.800000,mba,0,,0,0,-1,-1,-1,-1,-1,-1,-1,-1,-1,-1,-1,-1
2801,5,700,9,16,16,125471.368714,125471.396423,0.027709,0x40533c,1,169,97,72,50,100.000000,0,0,0.028151,1.200000,0.800000,mba,0,,0,0,-1,-1,-1,-1,-1,-1,-1,-1,-1,-1,-1,-1
2801,5,700,10,16,16,125471.369771,125471.393903,0.024132,0x40533c,1,813,478,335,52,100.000000,0,0,0.028151,1.200000,0.800000,mba,0,,0,0,-1,-1,-1,-1,-1,-1,-1,-1,-1,-1,-1,-1
2801,5,700,11,16,16,125471.368426,125471.392138,0.023712,0x40533c,1,874,429,445,54,100.000000,0,0,0.028151,1.200000,0.800000,mba,0,,0,0,-1,-1,-1,-1,-1,-1,-1,-1,-1,-1,-1,-1
2801,5,700,12,16,16,125471.369847,125471.388961,0.019114,0x40533c,1,67,33,34,56,40.000000,0,0,0.028151,1.200000,0.800000,mba,0,,0,0,-1,-1,-1,-1,-1,-1,-1,-1,-1,-1,-1,-1
2801,5,700,13,16,16,125471.369270,125471.388220,0.018950,0x40533c,1,39,11,28,26,40.000000,0,0,0.028151,1.200000,0.800000,mba,0,,0,0,-1,-1,-1,-1,-1,-1,-1,-1,-1,-1,-1,-1
2801,5,700,14,16,16,125471.369602,125471.388357,0.018755,0x40533c,1,108,73,35,28,40.000000,0,0,0.028151,1.200000,0.800000,mba,0,,0,0,-1,-1,-1,-1,-1,-1,-1,-1,-1,-1,-1,-1
2801,5,700,15,16,16,125471.369748,125471.388900,0.019152,0x40533c,1,44,18,26,62,40.000000,0,0,0.028151,1.200000,0.800000,mba,0,,0,0,-1,-1,-1,-1,-1,-1,-1,-1,-1,-1,-1,-1
3198,2,800,0,16,16,141501.622592,141655.672601,93.874672,0x4051ce,1,6594737,3077883,3516854,32,30.000000,1,1,155.216573,1.200000,0.800000,mba,0,,1,1,25952256,21626880,53706752,1812298121216,1814337265664,1740152832,1812298211328,1814337265664,1737719808,-1,-1,-1
3198,2,800,1,16,16,141501.421185,141655.688989,98.478315,0x4051ce,1,7657253,3290659,4366594,34,30.000000,1,1,155.216573,1.200000,0.800000,mba,0,,1,1,25321472,21536768,65060864,1812295057408,1814337265664,1803231232,1812295147520,1814337265664,1800798208,-1,-1,-1
3198,2,800,2,16,16,141501.404451,141656.043621,112.938168,0x4051ce,1,7372083,3870205,3501878,36,30.000000,1,1,155.216573,1.200000,0.800000,mba,0,,1,1,25231360,21716992,61997056,1812295057408,1814340870144,1954439168,1812295147520,1814340870144,1951375360,-1,-1,-1
3198,2,800,3,16,16,141501.417401,141656.343787,132.978788,0x4051ce,1,7686695,4906694,2780001,38,30.000000,1,1,155.216573,1.200000,0.800000,mba,0,,1,1,25231360,20815872,29286400,1812294967296,1814341771264,2037702656,1812295057408,1814341771264,2035810304,-1,-1,-1
3198,2,800,4,16,16,141501.402486,141656.577910,142.534109,0x4051ce,1,18599090,13079845,5519245,40,100.000000,1,1,155.216573,1.200000,0.800000,mba,0,,1,1,52805632,61005824,901120,8360851603456,8371324059648,10123722752,8360851963904,8371324149760,10122461184,-1,-1,-1
3198,2,800,5,16,16,141501.443547,141656.599993,148.105536,0x4051ce,1,18377988,14754742,3623246,42,100.000000,1,1,155.216573,1.200000,0.800000,mba,0,,1,1,52445184,60915712,7569408,8360852324352,8371324239872,10427129856,8360852594688,8371324329984,10415955968,-1,-1,-1
3198,2,800,6,16,16,141501.443725,141656.512237,141.769039,0x4051ce,1,17137459,14374634,2762825,44,100.000000,1,1,155.216573,1.200000,0.800000,mba,0,,1,1,52715520,61366272,1261568,8360851963904,8371320004608,10092093440,8360852144128,8371320365056,10093084672,-1,-1,-1
3198,2,800,7,16,16,141501.406626,141656.588550,149.257497,0x4051ce,1,18110396,15099128,3011268,46,100.000000,1,1,155.216573,1.200000,0.800000,mba,0,,1,1,52805632,61005824,8290304,8360851783680,8371324149760,10443620352,8360851963904,8371324149760,10436681728,-1,-1,-1
3198,2,800,8,16,16,141501.402722,141656.612437,148.080932,0x4051ce,1,18116399,14914394,3202005,48,100.000000,1,1,155.216573,1.200000,0.800000,mba,0,,1,1,52805632,60915712,3334144,8360851603456,8371324420096,10417037312,8360851963904,8371324420096,10415235072,-1,-1,-1
3198,2,800,9,16,16,141501.442071,141656.502999,141.755066,0x4051ce,1,17123293,14312888,2810405,50,100.000000,1,1,155.216573,1.200000,0.800000,mba,0,,1,1,52445184,61186048,1081344,8360852144128,8371319373824,10083622912,8360852594688,8371319644160,10087677952,-1,-1,-1
3198,2,800,10,16,16,141501.414984,141656.530065,147.546178,0x4051ce,1,18102421,15003657,3098764,52,100.000000,1,1,155.216573,1.200000,0.800000,mba,0,,1,1,52805632,61366272,3784704,8360851783680,8371320905728,10405953536,8360851963904,8371321536512,10403610624,-1,-1,-1
3198,2,800,11,16,16,141501.431544,141656.619059,148.551998,0x4051ce,1,18113040,14861222,3251818,54,100.000000,1,1,155.216573,1.200000,0.800000,mba,0,,1,1,52805632,60915712,7208960,8360851873792,8371324420096,10438393856,8360851963904,8371324420096,10433347584,-1,-1,-1
3198,2,800,12,16,16,141501.453436,141655.892835,101.353749,0x4051ce,1,7108762,5246671,1862091,56,40.000000,1,1,155.216573,1.200000,0.800000,mba,0,,1,1,3784704,2883584,70377472,449048100864,450093039616,973029376,449048100864,450093129728,973119488,-1,-1,-1
3198,2,800,13,16,16,141501.438642,141656.085072,113.341534,0x4051ce,1,7599278,6505877,1093401,26,40.000000,1,1,155.216573,1.200000,0.800000,mba,0,,1,1,3784704,2973696,70828032,449048100864,450094211072,1037549568,449048100864,450094211072,1036648448,-1,-1,-1
3198,2,800,14,16,16,141501.447712,141655.875476,111.250607,0x4051ce,1,7832544,3965687,3866857,28,30.000000,1,1,155.216573,1.200000,0.800000,mba,0,,1,1,25411584,22167552,64790528,1812295147520,1814339608576,1944616960,1812295327744,1814339698688,1943265280,-1,-1,-1
3198,2,800,15,16,16,141501.438022,141655.806543,99.496896,0x4051ce,1,7582039,3451699,4130340,62,30.000000,1,1,155.216573,1.200000,0.800000,mba,0,,1,1,25321472,21807104,67674112,1812295147520,1814338797568,1816748032,1812295147520,1814338797568,1813954560,-1,-1,-1
3199,3,800,0,16,16,141656.837655,141656.973538,0.135883,0x405218,1,6207,3271,2936,32,20.000000,0,0,0.267302,1.200000,0.800000,mba,0,,0,0,-1,-1,-1,-1,-1,-1,-1,-1,-1,-1,-1,-1
3199,3,800,1,16,16,141656.836830,141656.955381,0.118551,0x405218,1,6186,2568,3618,34,20.000000,0,0,0.267302,1.200000,0.800000,mba,0,,0,0,-1,-1,-1,-1,-1,-1,-1,-1,-1,-1,-1,-1
3199,3,800,2,16,16,141656.836644,141656.966200,0.129556,0x405218,1,6490,3095,3395,36,20.000000,0,0,0.267302,1.200000,0.800000,mba,0,,0,0,-1,-1,-1,-1,-1,-1,-1,-1,-1,-1,-1,-1
3199,3,800,3,16,16,141656.836576,141656.963437,0.126861,0x405218,1,5505,3090,2415,38,20.000000,0,0,0.267302,1.200000,0.800000,mba,0,,0,0,-1,-1,-1,-1,-1,-1,-1,-1,-1,-1,-1,-1
3199,3,800,4,16,16,141656.837469,141657.093509,0.256040,0x405218,1,11788,7690,4098,40,100.000000,0,0,0.267302,1.200000,0.800000,mba,0,,0,0,-1,-1,-1,-1,-1,-1,-1,-1,-1,-1,-1,-1
3199,3,800,5,16,16,141656.837152,141657.102839,0.265687,0x405218,1,11785,8370,3415,42,100.000000,0,0,0.267302,1.200000,0.800000,mba,0,,0,0,-1,-1,-1,-1,-1,-1,-1,-1,-1,-1,-1,-1
3199,3,800,6,16,16,141656.836457,141657.096087,0.259630,0x405218,1,11397,8552,2845,44,100.000000,0,0,0.267302,1.200000,0.800000,mba,0,,0,0,-1,-1,-1,-1,-1,-1,-1,-1,-1,-1,-1,-1
3199,3,800,7,16,16,141656.836036,141657.101106,0.265070,0x405218,1,11738,8644,3094,46,100.000000,0,0,0.267302,1.200000,0.800000,mba,0,,0,0,-1,-1,-1,-1,-1,-1,-1,-1,-1,-1,-1,-1
3199,3,800,8,16,16,141656.837233,141657.087655,0.250422,0x405218,1,11637,8462,3175,48,100.000000,0,0,0.267302,1.200000,0.800000,mba,0,,0,0,-1,-1,-1,-1,-1,-1,-1,-1,-1,-1,-1,-1
3199,3,800,9,16,16,141656.837293,141657.103286,0.265993,0x405218,1,11354,8576,2778,50,100.000000,0,0,0.267302,1.200000,0.800000,mba,0,,0,0,-1,-1,-1,-1,-1,-1,-1,-1,-1,-1,-1,-1
3199,3,800,10,16,16,141656.836774,141657.097051,0.260277,0x405218,1,11763,8563,3200,52,100.000000,0,0,0.267302,1.200000,0.800000,mba,0,,0,0,-1,-1,-1,-1,-1,-1,-1,-1,-1,-1,-1,-1
3199,3,800,11,16,16,141656.836922,141657.094330,0.257408,0x405218,1,11610,8357,3253,54,100.000000,0,0,0.267302,1.200000,0.800000,mba,0,,0,0,-1,-1,-1,-1,-1,-1,-1,-1,-1,-1,-1,-1
3199,3,800,12,16,16,141656.836575,141657.001964,0.165389,0x405218,1,6032,3783,2249,56,20.000000,0,0,0.267302,1.200000,0.800000,mba,0,,0,0,-1,-1,-1,-1,-1,-1,-1,-1,-1,-1,-1,-1
3199,3,800,13,16,16,141656.835984,141656.982869,0.146885,0x405218,1,4906,3638,1268,26,20.000000,0,0,0.267302,1.200000,0.800000,mba,0,,0,0,-1,-1,-1,-1,-1,-1,-1,-1,-1,-1,-1,-1
3199,3,800,14,16,16,141656.837084,141656.965091,0.128007,0x405218,1,6443,3073,3370,28,20.000000,0,0,0.267302,1.200000,0.800000,mba,0,,0,0,-1,-1,-1,-1,-1,-1,-1,-1,-1,-1,-1,-1
3199,3,800,15,16,16,141656.836776,141656.942239,0.105463,0x405218,1,5777,2451,3326,62,20.000000,0,0,0.267302,1.200000,0.800000,mba,0,,0,0,-1,-1,-1,-1,-1,-1,-1,-1,-1,-1,-1,-1
3200,4,800,0,16,16,141657.916071,141657.960944,0.044873,0x4052e4,1,1883,1220,663,32,100.000000,0,0,0.050113,1.200000,0.800000,mba,0,,0,0,-1,-1,-1,-1,-1,-1,-1,-1,-1,-1,-1,-1
3200,4,800,1,16,16,141657.912364,141657.933759,0.021395,0x4052e4,1,214,163,51,34,20.000000,0,0,0.050113,1.200000,0.800000,mba,0,,0,0,-1,-1,-1,-1,-1,-1,-1,-1,-1,-1,-1,-1
3200,4,800,2,16,16,141657.912735,141657.934109,0.021374,0x4052e4,1,383,324,59,36,20.000000,0,0,0.050113,1.200000,0.800000,mba,0,,0,0,-1,-1,-1,-1,-1,-1,-1,-1,-1,-1,-1,-1
3200,4,800,3,16,16,141657.912659,141657.933566,0.020907,0x4052e4,1,182,121,61,38,20.000000,0,0,0.050113,1.200000,0.800000,mba,0,,0,0,-1,-1,-1,-1,-1,-1,-1,-1,-1,-1,-1,-1
3200,4,800,4,16,16,141657.912610,141657.935779,0.023169,0x4052e4,1,297,236,61,40,20.000000,0,0,0.050113,1.200000,0.800000,mba,0,,0,0,-1,-1,-1,-1,-1,-1,-1,-1,-1,-1,-1,-1
3200,4,800,5,16,16,141657.912695,141657.936146,0.023451,0x4052e4,1,281,205,76,42,20.000000,0,0,0.050113,1.200000,0.800000,mba,0,,0,0,-1,-1,-1,-1,-1,-1,-1,-1,-1,-1,-1,-1
3200,4,800,6,16,16,141657.912164,141657.936196,0.024032,0x4052e4,1,466,409,57,44,30.000000,0,0,0.050113,1.200000,0.800000,mba,0,,0,0,-1,-1,-1,-1,-1,-1,-1,-1,-1,-1,-1,-1
3200,4,800,7,16,16,141657.912171,141657.936352,0.024181,0x4052e4,1,352,292,60,46,20.000000,0,0,0.050113,1.200000,0.800000,mba,0,,0,0,-1,-1,-1,-1,-1,-1,-1,-1,-1,-1,-1,-1
3200,4,800,8,16,16,141657.910831,141657.935091,0.024260,0x4052e4,1,386,314,72,48,20.000000,0,0,0.050113,1.200000,0.800000,mba,0,,0,0,-1,-1,-1,-1,-1,-1,-1,-1,-1,-1,-1,-1
3200,4,800,9,16,16,141657.912300,141657.935950,0.023650,0x4052e4,1,315,256,59,50,20.000000,0,0,0.050113,1.200000,0.800000,mba,0,,0,0,-1,-1,-1,-1,-1,-1,-1,-1,-1,-1,-1,-1
3200,4,800,10,16,16,141657.911237,141657.934781,0.023544,0x4052e4,1,355,286,69,52,20.000000,0,0,0.050113,1.200000,0.800000,mba,0,,0,0,-1,-1,-1,-1,-1,-1,-1,-1,-1,-1,-1,-1
3200,4,800,11,16,16,141657.911796,141657.935407,0.023611,0x4052e4,1,388,331,57,54,20.000000,0,0,0.050113,1.200000,0.800000,mba,0,,0,0,-1,-1,-1,-1,-1,-1,-1,-1,-1,-1,-1,-1
3200,4,800,12,16,16,141657.911361,141657.932640,0.021279,0x4052e4,1,76,39,37,56,20.000000,0,0,0.050113,1.200000,0.800000,mba,0,,0,0,-1,-1,-1,-1,-1,-1,-1,-1,-1,-1,-1,-1
3200,4,800,13,16,16,141657.911788,141657.932810,0.021022,0x4052e4,1,93,55,38,26,20.000000,0,0,0.050113,1.200000,0.800000,mba,0,,0,0,-1,-1,-1,-1,-1,-1,-1,-1,-1,-1,-1,-1
3200,4,800,14,16,16,141657.911187,141657.932556,0.021369,0x4052e4,1,279,213,66,28,20.000000,0,0,0.050113,1.200000,0.800000,mba,0,,0,0,-1,-1,-1,-1,-1,-1,-1,-1,-1,-1,-1,-1
3200,4,800,15,16,16,141657.912036,141657.932984,0.020948,0x4052e4,1,156,106,50,62,20.000000,0,0,0.050113,1.200000,0.800000,mba,0,,0,0,-1,-1,-1,-1,-1,-1,-1,-1,-1,-1,-1,-1
3201,5,800,0,16,16,141658.028272,141658.049172,0.020900,0x40533c,1,49,22,27,32,40.000000,0,0,0.027697,1.200000,0.800000,mba,0,,0,0,-1,-1,-1,-1,-1,-1,-1,-1,-1,-1,-1,-1
3201,5,800,1,16,16,141658.028164,141658.048564,0.020400,0x40533c,1,76,22,54,34,40.000000,0,0,0.027697,1.200000,0.800000,mba,0,,0,0,-1,-1,-1,-1,-1,-1,-1,-1,-1,-1,-1,-1
3201,5,800,2,16,16,141658.026636,141658.046976,0.020340,0x40533c,1,47,13,34,36,40.000000,0,0,0.027697,1.200000,0.800000,mba,0,,0,0,-1,-1,-1,-1,-1,-1,-1,-1,-1,-1,-1,-1
3201,5,800,3,16,16,141658.028211,141658.048822,0.020611,0x40533c,1,64,23,41,38,40.000000,0,0,0.027697,1.200000,0.800000,mba,0,,0,0,-1,-1,-1,-1,-1,-1,-1,-1,-1,-1,-1,-1
3201,5,800,4,16,16,141658.027943,141658.052756,0.024813,0x40533c,1,709,357,352,40,100.000000,0,0,0.027697,1.200000,0.800000,mba,0,,0,0,-1,-1,-1,-1,-1,-1,-1,-1,-1,-1,-1,-1
3201,5,800,5,16,16,141658.028150,141658.054038,0.025888,0x40533c,1,732,469,263,42,100.000000,0,0,0.027697,1.200000,0.800000,mba,0,,0,0,-1,-1,-1,-1,-1,-1,-1,-1,-1,-1,-1,-1
3201,5,800,6,16,16,141658.028492,141658.054200,0.025708,0x40533c,1,656,349,307,44,100.000000,0,0,0.027697,1.200000,0.800000,mba,0,,0,0,-1,-1,-1,-1,-1,-1,-1,-1,-1,-1,-1,-1
3201,5,800,7,16,16,141658.028222,141658.054059,0.025837,0x40533c,1,699,419,280,46,100.000000,0,0,0.027697,1.200000,0.800000,mba,0,,0,0,-1,-1,-1,-1,-1,-1,-1,-1,-1,-1,-1,-1
3201,5,800,8,16,16,141658.028375,141658.053854,0.025479,0x40533c,1,774,422,352,48,100.000000,0,0,0.027697,1.200000,0.800000,mba,0,,0,0,-1,-1,-1,-1,-1,-1,-1,-1,-1,-1,-1,-1
3201,5,800,9,16,16,141658.028859,141658.054333,0.025474,0x40533c,1,708,302,406,50,100.000000,0,0,0.027697,1.200000,0.800000,mba,0,,0,0,-1,-1,-1,-1,-1,-1,-1,-1,-1,-1,-1,-1
3201,5,800,10,16,16,141658.027037,141658.052291,0.025254,0x40533c,1,810,460,350,52,100.000000,0,0,0.027697,1.200000,0.800000,mba,0,,0,0,-1,-1,-1,-1,-1,-1,-1,-1,-1,-1,-1,-1
3201,5,800,11,16,16,141658.027995,141658.053520,0.025525,0x40533c,1,793,361,432,54,100.000000,0,0,0.027697,1.200000,0.800000,mba,0,,0,0,-1,-1,-1,-1,-1,-1,-1,-1,-1,-1,-1,-1
3201,5,800,12,16,16,141658.026815,141658.047289,0.020474,0x40533c,1,76,49,27,56,40.000000,0,0,0.027697,1.200000,0.800000,mba,0,,0,0,-1,-1,-1,-1,-1,-1,-1,-1,-1,-1,-1,-1
3201,5,800,13,16,16,141658.027340,141658.047604,0.020264,0x40533c,1,66,44,22,26,40.000000,0,0,0.027697,1.200000,0.800000,mba,0,,0,0,-1,-1,-1,-1,-1,-1,-1,-1,-1,-1,-1,-1
3201,5,800,14,16,16,141658.027847,141658.047807,0.019960,0x40533c,1,103,61,42,28,40.000000,0,0,0.027697,1.200000,0.800000,mba,0,,0,0,-1,-1,-1,-1,-1,-1,-1,-1,-1,-1,-1,-1
3201,5,800,15,16,16,141658.028328,141658.049554,0.021226,0x40533c,1,111,71,40,62,40.000000,0,0,0.027697,1.200000,0.800000,mba,0,,0,0,-1,-1,-1,-1,-1,-1,-1,-1,-1,-1,-1,-1
3598,2,900,0,16,16,156893.148519,157053.474664,92.413531,0x4051ce,1,6603583,3016895,3586688,32,30.000000,1,1,161.388538,1.200000,0.800000,mba,0,,1,1,27484160,21716992,66772992,2014928019456,2016930127872,1704378368,2014928109568,2016930308096,1705910272,-1,-1,-1
3598,2,900,1,16,16,156893.102942,157053.561719,96.892854,0x4051ce,1,7668511,3256163,4412348,34,30.000000,1,1,161.388538,1.200000,0.800000,mba,0,,1,1,27484160,21086208,64069632,2014927478784,2016931389440,1775206400,2014927659008,2016931389440,1773944832,-1,-1,-1
3598,2,900,2,16,16,156893.110165,157053.864219,112.341462,0x4051ce,1,7376859,3841248,3535611,36,30.000000,1,1,161.388538,1.200000,0.800000,mba,0,,1,1,27484160,20905984,53526528,2014927659008,2016933552128,1914519552,2014927659008,2016933552128,1912537088,-1,-1,-1
3598,2,900,3,16,16,156893.111386,157054.162608,132.229121,0x4051ce,1,7684744,4865354,2819390,38,30.000000,1,1,161.388538,1.200000,0.800000,mba,0,,1,1,27303936,20545536,30908416,2014927478784,2016934633472,1994899456,2014927659008,2016934633472,1993728000,-1,-1,-1
3598,2,900,4,16,16,156893.127667,157054.222192,142.616033,0x4051ce,1,18051050,12579778,5471272,40,100.000000,1,1,161.388538,1.200000,0.800000,mba,0,,1,1,52805632,59834368,90112,9389780066304,9399858192384,9755164672,9389780336640,9399858733056,9754533888,-1,-1,-1
3598,2,900,5,16,16,156893.100523,157054.253405,146.662795,0x4051ce,1,17876013,14225158,3650855,42,100.000000,1,1,161.388538,1.200000,0.800000,mba,0,,1,1,52895744,59924480,2162688,9389779795968,9399860445184,9948905472,9389779976192,9399860445184,9945391104,-1,-1,-1
3598,2,900,6,16,16,156893.134953,157054.227424,140.340787,0x4051ce,1,16673624,13847655,2825969,44,100.000000,1,1,161.388538,1.200000,0.800000,mba,0,,1,1,52895744,59834368,-360448,9389779976192,9399858552832,9607380992,9389780066304,9399859273728,9614049280,-1,-1,-1
3598,2,900,7,16,16,156893.149082,157054.489061,156.550131,0x4051ce,1,16727592,13838354,2889238,46,100.000000,1,1,161.388538,1.200000,0.800000,mba,0,,1,1,52805632,59834368,9011200,9389780606976,9399864770560,10074341376,9389780967424,9399864770560,10066771968,-1,-1,-1
3598,2,900,8,16,16,156893.125972,157054.304300,146.751899,0x4051ce,1,17603949,14372598,3231351,48,100.000000,1,1,161.388538,1.200000,0.800000,mba,0,,1,1,52895744,59924480,2252800,9389779976192,9399862157312,9952059392,9389780066304,9399862337536,9949265920,-1,-1,-1
3598,2,900,9,16,16,156893.140461,157054.204810,140.178783,0x4051ce,1,16658579,13773098,2885481,50,100.000000,1,1,161.388538,1.200000,0.800000,mba,0,,1,1,52895744,59654144,-630784,9389779976192,9399857111040,9607921664,9389780066304,9399857561600,9612337152,-1,-1,-1
3598,2,900,10,16,16,156893.119165,157054.264432,145.851654,0x4051ce,1,17580263,14518706,3061557,52,100.000000,1,1,161.388538,1.200000,0.800000,mba,0,,1,1,52895744,59924480,2072576,9389779886080,9399860715520,9927999488,9389780066304,9399861075968,9929351168,-1,-1,-1
3598,2,900,11,16,16,156893.121633,157054.313561,146.780693,0x4051ce,1,17564390,14382576,3181814,54,100.000000,1,1,161.388538,1.200000,0.800000,mba,0,,1,1,52895744,59924480,630784,9389779886080,9399862427648,9944309760,9389780066304,9399862427648,9943588864,-1,-1,-1
3598,2,900,12,16,16,156893.143540,157053.668744,105.062752,0x4051ce,1,7659125,5780091,1879034,56,40.000000,1,1,161.388538,1.200000,0.800000,mba,0,,1,1,3604480,3514368,80560128,555706376192,556745637888,1008082944,555706466304,556745637888,1008263168,-1,-1,-1
3598,2,900,13,16,16,156893.147390,157053.946705,109.284463,0x4051ce,1,7055405,5950075,1105330,58,40.000000,1,1,161.388538,1.200000,0.800000,mba,0,,1,1,3604480,3424256,83984384,555706376192,556747079680,1029890048,555706466304,556747079680,1028898816,-1,-1,-1
3598,2,900,14,16,16,156893.143849,157053.557381,102.652083,0x4051ce,1,7135157,3429421,3705736,60,30.000000,1,1,161.388538,1.200000,0.800000,mba,0,,1,1,27574272,21086208,68395008,2014927839232,2016931389440,1836933120,2014928019456,2016931389440,1834770432,-1,-1,-1
3598,2,900,15,16,16,156893.122178,157053.575341,97.422591,0x4051ce,1,7590170,3425339,4164831,62,30.000000,1,1,161.388538,1.200000,0.800000,mba,0,,1,1,27484160,20905984,60104704,2014927659008,2016931389440,1782145024,2014927839232,2016931479552,1780072448,-1,-1,-1
3599,3,900,0,16,16,157054.687077,157054.829866,0.142789,0x405218,1,6448,3330,3118,32,20.000000,0,0,0.329870,1.200000,0.800000,mba,0,,0,0,-1,-1,-1,-1,-1,-1,-1,-1,-1,-1,-1,-1
3599,3,900,1,16,16,157054.687918,157054.807377,0.119459,0x405218,1,6167,2565,3602,34,20.000000,0,0,0.329870,1.200000,0.800000,mba,0,,0,0,-1,-1,-1,-1,-1,-1,-1,-1,-1,-1,-1,-1
3599,3,900,2,16,16,157054.686455,157054.831035,0.144580,0x405218,1,6484,3110,3374,36,20.000000,0,0,0.329870,1.200000,0.800000,mba,0,,0,0,-1,-1,-1,-1,-1,-1,-1,-1,-1,-1,-1,-1
3599,3,900,3,16,16,157054.687463,157054.825146,0.137683,0x405218,1,5558,3094,2464,38,20.000000,0,0,0.329870,1.200000,0.800000,mba,0,,0,0,-1,-1,-1,-1,-1,-1,-1,-1,-1,-1,-1,-1
3599,3,900,4,16,16,157054.688041,157054.939116,0.251075,0x405218,1,11621,7580,4041,40,100.000000,0,0,0.329870,1.200000,0.800000,mba,0,,0,0,-1,-1,-1,-1,-1,-1,-1,-1,-1,-1,-1,-1
3599,3,900,5,16,16,157054.687070,157054.948339,0.261269,0x405218,1,11689,8197,3492,42,100.000000,0,0,0.329870,1.200000,0.800000,mba,0,,0,0,-1,-1,-1,-1,-1,-1,-1,-1,-1,-1,-1,-1
3599,3,900,6,16,16,157054.688126,157054.947326,0.259200,0x405218,1,11276,8483,2793,44,100.000000,0,0,0.329870,1.200000,0.800000,mba,0,,0,0,-1,-1,-1,-1,-1,-1,-1,-1,-1,-1,-1,-1
3599,3,900,7,16,16,157054.687211,157055.016325,0.329114,0x405218,1,10533,7535,2998,46,100.000000,0,0,0.329870,1.200000,0.800000,mba,0,,0,0,-1,-1,-1,-1,-1,-1,-1,-1,-1,-1,-1,-1
3599,3,900,8,16,16,157054.687424,157054.936057,0.248633,0x405218,1,11460,8174,3286,48,100.000000,0,0,0.329870,1.200000,0.800000,mba,0,,0,0,-1,-1,-1,-1,-1,-1,-1,-1,-1,-1,-1,-1
3599,3,900,9,16,16,157054.688136,157054.949571,0.261435,0x405218,1,11275,8157,3118,50,100.000000,0,0,0.329870,1.200000,0.800000,mba,0,,0,0,-1,-1,-1,-1,-1,-1,-1,-1,-1,-1,-1,-1
3599,3,900,10,16,16,157054.687951,157054.943737,0.255786,0x405218,1,11619,8513,3106,52,100.000000,0,0,0.329870,1.200000,0.800000,mba,0,,0,0,-1,-1,-1,-1,-1,-1,-1,-1,-1,-1,-1,-1
3599,3,900,11,16,16,157054.687789,157054.959172,0.271383,0x405218,1,11510,8249,3261,54,100.000000,0,0,0.329870,1.200000,0.800000,mba,0,,0,0,-1,-1,-1,-1,-1,-1,-1,-1,-1,-1,-1,-1
3599,3,900,12,16,16,157054.686995,157054.841706,0.154711,0x405218,1,6289,4350,1939,56,20.000000,0,0,0.329870,1.200000,0.800000,mba,0,,0,0,-1,-1,-1,-1,-1,-1,-1,-1,-1,-1,-1,-1
3599,3,900,13,16,16,157054.687624,157054.849017,0.161393,0x405218,1,5343,4241,1102,58,20.000000,0,0,0.329870,1.200000,0.800000,mba,0,,0,0,-1,-1,-1,-1,-1,-1,-1,-1,-1,-1,-1,-1
3599,3,900,14,16,16,157054.687050,157054.837151,0.150101,0x405218,1,6184,3020,3164,60,20.000000,0,0,0.329870,1.200000,0.800000,mba,0,,0,0,-1,-1,-1,-1,-1,-1,-1,-1,-1,-1,-1,-1
3599,3,900,15,16,16,157054.687112,157054.795531,0.108419,0x405218,1,5636,2325,3311,62,20.000000,0,0,0.329870,1.200000,0.800000,mba,0,,0,0,-1,-1,-1,-1,-1,-1,-1,-1,-1,-1,-1,-1
3600,4,900,0,16,16,157055.829454,157055.883313,0.053859,0x4052e4,1,2071,1322,749,32,100.000000,0,0,0.061335,1.200000,0.800000,mba,0,,0,0,-1,-1,-1,-1,-1,-1,-1,-1,-1,-1,-1,-1
3600,4,900,1,16,16,157055.823351,157055.844068,0.020717,0x4052e4,1,207,165,42,34,20.000000,0,0,0.061335,1.200000,0.800000,mba,0,,0,0,-1,-1,-1,-1,-1,-1,-1,-1,-1,-1,-1,-1
3600,4,900,2,16,16,157055.823989,157055.846167,0.022178,0x4052e4,1,483,422,61,36,20.000000,0,0,0.061335,1.200000,0.800000,mba,0,,0,0,-1,-1,-1,-1,-1,-1,-1,-1,-1,-1,-1,-1
3600,4,900,3,16,16,157055.823579,157055.844144,0.020565,0x4052e4,1,166,116,50,38,20.000000,0,0,0.061335,1.200000,0.800000,mba,0,,0,0,-1,-1,-1,-1,-1,-1,-1,-1,-1,-1,-1,-1
3600,4,900,4,16,16,157055.823804,157055.848807,0.025003,0x4052e4,1,331,260,71,40,20.000000,0,0,0.061335,1.200000,0.800000,mba,0,,0,0,-1,-1,-1,-1,-1,-1,-1,-1,-1,-1,-1,-1
3600,4,900,5,16,16,157055.823890,157055.846916,0.023026,0x4052e4,1,299,239,60,42,20.000000,0,0,0.061335,1.200000,0.800000,mba,0,,0,0,-1,-1,-1,-1,-1,-1,-1,-1,-1,-1,-1,-1
3600,4,900,6,16,16,157055.824216,157055.848154,0.023938,0x4052e4,1,447,392,55,44,30.000000,0,0,0.061335,1.200000,0.800000,mba,0,,0,0,-1,-1,-1,-1,-1,-1,-1,-1,-1,-1,-1,-1
3600,4,900,7,16,16,157055.823909,157055.848508,0.024599,0x4052e4,1,202,146,56,46,20.000000,0,0,0.061335,1.200000,0.800000,mba,0,,0,0,-1,-1,-1,-1,-1,-1,-1,-1,-1,-1,-1,-1
3600,4,900,8,16,16,157055.824116,157055.847873,0.023757,0x4052e4,1,364,304,60,48,20.000000,0,0,0.061335,1.200000,0.800000,mba,0,,0,0,-1,-1,-1,-1,-1,-1,-1,-1,-1,-1,-1,-1
3600,4,900,9,16,16,157055.824418,157055.847757,0.023339,0x4052e4,1,304,247,57,50,20.000000,0,0,0.061335,1.200000,0.800000,mba,0,,0,0,-1,-1,-1,-1,-1,-1,-1,-1,-1,-1,-1,-1
3600,4,900,10,16,16,157055.822709,157055.845648,0.022939,0x4052e4,1,352,300,52,52,20.000000,0,0,0.061335,1.200000,0.800000,mba,0,,0,0,-1,-1,-1,-1,-1,-1,-1,-1,-1,-1,-1,-1
3600,4,900,11,16,16,157055.823867,157055.848097,0.024230,0x4052e4,1,402,337,65,54,20.000000,0,0,0.061335,1.200000,0.800000,mba,0,,0,0,-1,-1,-1,-1,-1,-1,-1,-1,-1,-1,-1,-1
3600,4,900,12,16,16,157055.821978,157055.842724,0.020746,0x4052e4,1,183,142,41,56,20.000000,0,0,0.061335,1.200000,0.800000,mba,0,,0,0,-1,-1,-1,-1,-1,-1,-1,-1,-1,-1,-1,-1
3600,4,900,13,16,16,157055.823042,157055.844405,0.021363,0x4052e4,1,89,56,33,58,20.000000,0,0,0.061335,1.200000,0.800000,mba,0,,0,0,-1,-1,-1,-1,-1,-1,-1,-1,-1,-1,-1,-1
3600,4,900,14,16,16,157055.823489,157055.845899,0.022410,0x4052e4,1,166,119,47,60,20.000000,0,0,0.061335,1.200000,0.800000,mba,0,,0,0,-1,-1,-1,-1,-1,-1,-1,-1,-1,-1,-1,-1
3600,4,900,15,16,16,157055.823396,157055.843988,0.020592,0x4052e4,1,149,111,38,62,20.000000,0,0,0.061335,1.200000,0.800000,mba,0,,0,0,-1,-1,-1,-1,-1,-1,-1,-1,-1,-1,-1,-1
3601,5,900,0,16,16,157055.946455,157055.966689,0.020234,0x40533c,1,59,2,57,32,40.000000,0,0,0.030597,1.200000,0.800000,mba,0,,0,0,-1,-1,-1,-1,-1,-1,-1,-1,-1,-1,-1,-1
3601,5,900,1,16,16,157055.946102,157055.966212,0.020110,0x40533c,1,67,33,34,34,40.000000,0,0,0.030597,1.200000,0.800000,mba,0,,0,0,-1,-1,-1,-1,-1,-1,-1,-1,-1,-1,-1,-1
3601,5,900,2,16,16,157055.945357,157055.965393,0.020036,0x40533c,1,51,11,40,36,40.000000,0,0,0.030597,1.200000,0.800000,mba,0,,0,0,-1,-1,-1,-1,-1,-1,-1,-1,-1,-1,-1,-1
3601,5,900,3,16,16,157055.946829,157055.966931,0.020102,0x40533c,1,56,34,22,38,40.000000,0,0,0.030597,1.200000,0.800000,mba,0,,0,0,-1,-1,-1,-1,-1,-1,-1,-1,-1,-1,-1,-1
3601,5,900,4,16,16,157055.947278,157055.975954,0.028676,0x40533c,1,604,295,309,40,100.000000,0,0,0.030597,1.200000,0.800000,mba,0,,0,0,-1,-1,-1,-1,-1,-1,-1,-1,-1,-1,-1,-1
3601,5,900,5,16,16,157055.947032,157055.972324,0.025292,0x40533c,1,665,432,233,42,100.000000,0,0,0.030597,1.200000,0.800000,mba,0,,0,0,-1,-1,-1,-1,-1,-1,-1,-1,-1,-1,-1,-1
3601,5,900,6,16,16,157055.946899,157055.972196,0.025297,0x40533c,1,667,353,314,44,100.000000,0,0,0.030597,1.200000,0.800000,mba,0,,0,0,-1,-1,-1,-1,-1,-1,-1,-1,-1,-1,-1,-1
3601,5,900,7,16,16,157055.947086,157055.974603,0.027517,0x40533c,1,241,150,91,46,100.000000,0,0,0.030597,1.200000,0.800000,mba,0,,0,0,-1,-1,-1,-1,-1,-1,-1,-1,-1,-1,-1,-1
3601,5,900,8,16,16,157055.947629,157055.972648,0.025019,0x40533c,1,684,359,325,48,100.000000,0,0,0.030597,1.200000,0.800000,mba,0,,0,0,-1,-1,-1,-1,-1,-1,-1,-1,-1,-1,-1,-1
3601,5,900,9,16,16,157055.945866,157055.970493,0.024627,0x40533c,1,635,277,358,50,100.000000,0,0,0.030597,1.200000,0.800000,mba,0,,0,0,-1,-1,-1,-1,-1,-1,-1,-1,-1,-1,-1,-1
3601,5,900,10,16,16,157055.946481,157055.971573,0.025092,0x40533c,1,776,417,359,52,100.000000,0,0,0.030597,1.200000,0.800000,mba,0,,0,0,-1,-1,-1,-1,-1,-1,-1,-1,-1,-1,-1,-1
3601,5,900,11,16,16,157055.947396,157055.973490,0.026094,0x40533c,1,747,360,387,54,100.000000,0,0,0.030597,1.200000,0.800000,mba,0,,0,0,-1,-1,-1,-1,-1,-1,-1,-1,-1,-1,-1,-1
3601,5,900,12,16,16,157055.946667,157055.966808,0.020141,0x40533c,1,51,20,31,56,40.000000,0,0,0.030597,1.200000,0.800000,mba,0,,0,0,-1,-1,-1,-1,-1,-1,-1,-1,-1,-1,-1,-1
3601,5,900,13,16,16,157055.946070,157055.966499,0.020429,0x40533c,1,38,21,17,58,40.000000,0,0,0.030597,1.200000,0.800000,mba,0,,0,0,-1,-1,-1,-1,-1,-1,-1,-1,-1,-1,-1,-1
3601,5,900,14,16,16,157055.945946,157055.966424,0.020478,0x40533c,1,37,8,29,60,40.000000,0,0,0.030597,1.200000,0.800000,mba,0,,0,0,-1,-1,-1,-1,-1,-1,-1,-1,-1,-1,-1,-1
3601,5,900,15,16,16,157055.945595,157055.965741,0.020146,0x40533c,1,79,40,39,62,40.000000,0,0,0.030597,1.200000,0.800000,mba,0,,0,0,-1,-1,-1,-1,-1,-1,-1,-1,-1,-1,-1,-1
3998,2,1000,0,16,16,171808.688684,171956.838012,90.052287,0x4051ce,1,6593439,2952011,3641428,32,30.000000,1,1,149.014666,1.200000,0.800000,mba,0,,1,1,26312704,21446656,36044800,2215328907264,2216865947648,1368440832,2215328907264,2216866037760,1367900160,-1,-1,-1
3998,2,1000,1,16,16,171808.681927,171956.877016,94.309042,0x4051ce,1,7658132,3178501,4479631,34,30.000000,1,1,149.014666,1.200000,0.800000,mba,0,,1,1,26312704,21176320,36675584,2215328907264,2216866398208,1412325376,2215328907264,2216866398208,1411964928,-1,-1,-1
3998,2,1000,2,16,16,171808.681818,171957.191776,110.853636,0x4051ce,1,7374682,3800284,3574398,36,30.000000,1,1,149.014666,1.200000,0.800000,mba,0,,1,1,26312704,21626880,37486592,2215328907264,2216867569664,1518477312,2215328907264,2216867569664,1516404736,-1,-1,-1
3998,2,1000,3,16,16,171808.710523,171956.904725,95.124546,0x4051ce,1,7692982,4745122,2947860,6,40.000000,1,1,149.014666,1.200000,0.800000,mba,0,,1,1,2162688,6758400,95248384,661427757056,662945243136,1382408192,661427847168,662945423360,1383399424,-1,-1,-1
3998,2,1000,4,16,16,171808.687495,171957.481869,130.615899,0x4051ce,1,17250764,11928077,5322687,40,100.000000,1,1,149.014666,1.200000,0.800000,mba,0,,1,1,53436416,59654144,1351680,10378261127168,10387751723008,8991555584,10378261397504,10387751993344,8993628160,-1,-1,-1
3998,2,1000,5,16,16,171808.774627,171957.524206,135.923859,0x4051ce,1,17106334,13564030,3542304,42,100.000000,1,1,149.014666,1.200000,0.800000,mba,0,,1,1,53075968,59203584,901120,10378264461312,10387753615360,9266937856,10378265272320,10387753975808,9265045504,-1,-1,-1
3998,2,1000,6,16,16,171808.693289,171957.438794,130.090002,0x4051ce,1,15979491,13122448,2857043,12,100.000000,1,1,149.014666,1.200000,0.800000,mba,0,,1,1,53436416,59473920,1351680,10378261127168,10387748929536,8945598464,10378261307392,10387749380096,8950644736,-1,-1,-1
3998,2,1000,7,16,16,171808.720336,171957.690944,143.500032,0x4051ce,1,16211746,13359977,2851769,46,100.000000,1,1,149.014666,1.200000,0.800000,mba,0,,1,1,53436416,58753024,6938624,10378262028288,10387758751744,9474826240,10378262298624,10387758751744,9466265600,-1,-1,-1
3998,2,1000,8,16,16,171808.676278,171957.497788,135.634129,0x4051ce,1,16872148,13635334,3236814,48,100.000000,1,1,149.014666,1.200000,0.800000,mba,0,,1,1,53346304,59293696,1171456,10378261127168,10387752714240,9241796608,10378261127168,10387753074688,9244049408,-1,-1,-1
3998,2,1000,9,16,16,171808.759797,171957.430623,129.551608,0x4051ce,1,15971398,13076673,2894725,18,100.000000,1,1,149.014666,1.200000,0.800000,mba,0,,1,1,53346304,59473920,1171456,10378263920640,10387748478976,8936226816,10378264190976,10387749109760,8938299392,-1,-1,-1
3998,2,1000,10,16,16,171808.775379,171957.629592,141.467238,0x4051ce,1,16152603,13218568,2934035,52,100.000000,1,1,149.014666,1.200000,0.800000,mba,0,,1,1,53075968,59113472,4235264,10378265001984,10387757850624,9456173056,10378265272320,10387758120960,9450586112,-1,-1,-1
3998,2,1000,11,16,16,171808.780606,171957.666922,140.195124,0x4051ce,1,16292444,13169022,3123422,54,100.000000,1,1,149.014666,1.200000,0.800000,mba,0,,1,1,53166080,58753024,1261568,10378265182208,10387758661632,9421660160,10378265903104,10387758661632,9414991872,-1,-1,-1
3998,2,1000,12,16,16,171808.768031,171957.020129,103.809468,0x4051ce,1,7658184,5749286,1908898,56,40.000000,1,1,149.014666,1.200000,0.800000,mba,0,,1,1,2252800,6668288,89030656,661428027392,662945964032,1459273728,661428027392,662945964032,1458102272,-1,-1,-1
3998,2,1000,13,16,16,171808.752367,171957.305375,112.517514,0x4051ce,1,7589968,6527584,1062384,58,40.000000,1,1,149.014666,1.200000,0.800000,mba,0,,1,1,2252800,6668288,84795392,661427937280,662947766272,1511358464,661428027392,662947766272,1509826560,-1,-1,-1
3998,2,1000,14,16,16,171808.690132,171957.056202,107.175709,0x4051ce,1,7844063,3824556,4019507,60,30.000000,1,1,149.014666,1.200000,0.800000,mba,0,,1,1,26312704,21807104,45236224,2215328817152,2216867119104,1504509952,2215328907264,2216867209216,1502887936,-1,-1,-1
3998,2,1000,15,16,16,171808.780247,171956.907334,94.305531,0x4051ce,1,7582226,3326139,4256087,62,30.000000,1,1,149.014666,1.200000,0.800000,mba,0,,1,1,27123712,21446656,40910848,2215330078720,2216866488320,1410973696,2215330258944,2216866488320,1409351680,-1,-1,-1
3999,3,1000,0,16,16,171957.898828,171958.027516,0.128688,0x405218,1,6242,3152,3090,32,20.000000,0,0,0.312939,1.200000,0.800000,mba,0,,0,0,-1,-1,-1,-1,-1,-1,-1,-1,-1,-1,-1,-1
3999,3,1000,1,16,16,171957.897216,171958.004075,0.106859,0x405218,1,6155,2448,3707,34,20.000000,0,0,0.312939,1.200000,0.800000,mba,0,,0,0,-1,-1,-1,-1,-1,-1,-1,-1,-1,-1,-1,-1
3999,3,1000,2,16,16,171957.897301,171958.029782,0.132481,0x405218,1,6494,3001,3493,36,20.000000,0,0,0.312939,1.200000,0.800000,mba,0,,0,0,-1,-1,-1,-1,-1,-1,-1,-1,-1,-1,-1,-1
3999,3,1000,3,16,16,171957.898095,171958.018262,0.120167,0x405218,1,5710,3203,2507,6,20.000000,0,0,0.312939,1.200000,0.800000,mba,0,,0,0,-1,-1,-1,-1,-1,-1,-1,-1,-1,-1,-1,-1
3999,3,1000,4,16,16,171957.897240,171958.137746,0.240506,0x405218,1,11477,7390,4087,40,100.000000,0,0,0.312939,1.200000,0.800000,mba,0,,0,0,-1,-1,-1,-1,-1,-1,-1,-1,-1,-1,-1,-1
3999,3,1000,5,16,16,171957.897757,171958.147095,0.249338,0x405218,1,11434,8117,3317,42,100.000000,0,0,0.312939,1.200000,0.800000,mba,0,,0,0,-1,-1,-1,-1,-1,-1,-1,-1,-1,-1,-1,-1
3999,3,1000,6,16,16,171957.898497,171958.141537,0.243040,0x405218,1,11121,8044,3077,12,100.000000,0,0,0.312939,1.200000,0.800000,mba,0,,0,0,-1,-1,-1,-1,-1,-1,-1,-1,-1,-1,-1,-1
3999,3,1000,7,16,16,171957.896850,171958.209789,0.312939,0x405218,1,10344,7264,3080,46,100.000000,0,0,0.312939,1.200000,0.800000,mba,0,,0,0,-1,-1,-1,-1,-1,-1,-1,-1,-1,-1,-1,-1
3999,3,1000,8,16,16,171957.897339,171958.130316,0.232977,0x405218,1,11367,8379,2988,48,100.000000,0,0,0.312939,1.200000,0.800000,mba,0,,0,0,-1,-1,-1,-1,-1,-1,-1,-1,-1,-1,-1,-1
3999,3,1000,9,16,16,171957.897932,171958.144108,0.246176,0x405218,1,11160,8168,2992,18,100.000000,0,0,0.312939,1.200000,0.800000,mba,0,,0,0,-1,-1,-1,-1,-1,-1,-1,-1,-1,-1,-1,-1
3999,3,1000,10,16,16,171957.897372,171958.198700,0.301328,0x405218,1,10389,7522,2867,52,100.000000,0,0,0.312939,1.200000,0.800000,mba,0,,0,0,-1,-1,-1,-1,-1,-1,-1,-1,-1,-1,-1,-1
3999,3,1000,11,16,16,171957.898080,171958.197249,0.299169,0x405218,1,10289,7341,2948,54,100.000000,0,0,0.312939,1.200000,0.800000,mba,0,,0,0,-1,-1,-1,-1,-1,-1,-1,-1,-1,-1,-1,-1
3999,3,1000,12,16,16,171957.896856,171958.041317,0.144461,0x405218,1,6308,4236,2072,56,20.000000,0,0,0.312939,1.200000,0.800000,mba,0,,0,0,-1,-1,-1,-1,-1,-1,-1,-1,-1,-1,-1,-1
3999,3,1000,13,16,16,171957.897930,171958.037944,0.140014,0x405218,1,4917,3492,1425,58,20.000000,0,0,0.312939,1.200000,0.800000,mba,0,,0,0,-1,-1,-1,-1,-1,-1,-1,-1,-1,-1,-1,-1
3999,3,1000,14,16,16,171957.898359,171958.025826,0.127467,0x405218,1,6468,2831,3637,60,20.000000,0,0,0.312939,1.200000,0.800000,mba,0,,0,0,-1,-1,-1,-1,-1,-1,-1,-1,-1,-1,-1,-1
3999,3,1000,15,16,16,171957.897580,171957.998733,0.101153,0x405218,1,5605,2224,3381,62,20.000000,0,0,0.312939,1.200000,0.800000,mba,0,,0,0,-1,-1,-1,-1,-1,-1,-1,-1,-1,-1,-1,-1
4000,4,1000,0,16,16,171959.000371,171959.042183,0.041812,0x4052e4,1,1997,1260,737,32,100.000000,0,0,0.048866,1.200000,0.800000,mba,0,,0,0,-1,-1,-1,-1,-1,-1,-1,-1,-1,-1,-1,-1
4000,4,1000,1,16,16,171958.994979,171959.014730,0.019751,0x4052e4,1,235,173,62,34,20.000000,0,0,0.048866,1.200000,0.800000,mba,0,,0,0,-1,-1,-1,-1,-1,-1,-1,-1,-1,-1,-1,-1
4000,4,1000,2,16,16,171958.994979,171959.015501,0.020522,0x4052e4,1,411,317,94,36,20.000000,0,0,0.048866,1.200000,0.800000,mba,0,,0,0,-1,-1,-1,-1,-1,-1,-1,-1,-1,-1,-1,-1
4000,4,1000,3,16,16,171958.994369,171959.013738,0.019369,0x4052e4,1,187,116,71,6,20.000000,0,0,0.048866,1.200000,0.800000,mba,0,,0,0,-1,-1,-1,-1,-1,-1,-1,-1,-1,-1,-1,-1
4000,4,1000,4,16,16,171958.994894,171959.016394,0.021500,0x4052e4,1,336,265,71,40,20.000000,0,0,0.048866,1.200000,0.800000,mba,0,,0,0,-1,-1,-1,-1,-1,-1,-1,-1,-1,-1,-1,-1
4000,4,1000,5,16,16,171958.993550,171959.015375,0.021825,0x4052e4,1,314,246,68,42,20.000000,0,0,0.048866,1.200000,0.800000,mba,0,,0,0,-1,-1,-1,-1,-1,-1,-1,-1,-1,-1,-1,-1
4000,4,1000,6,16,16,171958.995714,171959.017863,0.022149,0x4052e4,1,395,341,54,12,20.000000,0,0,0.048866,1.200000,0.800000,mba,0,,0,0,-1,-1,-1,-1,-1,-1,-1,-1,-1,-1,-1,-1
4000,4,1000,7,16,16,171958.995588,171959.018547,0.022959,0x4052e4,1,174,127,47,46,20.000000,0,0,0.048866,1.200000,0.800000,mba,0,,0,0,-1,-1,-1,-1,-1,-1,-1,-1,-1,-1,-1,-1
4000,4,1000,8,16,16,171958.994388,171959.016714,0.022326,0x4052e4,1,452,390,62,48,20.000000,0,0,0.048866,1.200000,0.800000,mba,0,,0,0,-1,-1,-1,-1,-1,-1,-1,-1,-1,-1,-1,-1
4000,4,1000,9,16,16,171958.994882,171959.017002,0.022120,0x4052e4,1,395,334,61,18,20.000000,0,0,0.048866,1.200000,0.800000,mba,0,,0,0,-1,-1,-1,-1,-1,-1,-1,-1,-1,-1,-1,-1
4000,4,1000,10,16,16,171958.993922,171959.017206,0.023284,0x4052e4,1,203,154,49,52,20.000000,0,0,0.048866,1.200000,0.800000,mba,0,,0,0,-1,-1,-1,-1,-1,-1,-1,-1,-1,-1,-1,-1
4000,4,1000,11,16,16,171958.994980,171959.018330,0.023350,0x4052e4,1,178,121,57,54,20.000000,0,0,0.048866,1.200000,0.800000,mba,0,,0,0,-1,-1,-1,-1,-1,-1,-1,-1,-1,-1,-1,-1
4000,4,1000,12,16,16,171958.993317,171959.012271,0.018954,0x4052e4,1,177,140,37,56,20.000000,0,0,0.048866,1.200000,0.800000,mba,0,,0,0,-1,-1,-1,-1,-1,-1,-1,-1,-1,-1,-1,-1
4000,4,1000,13,16,16,171958.993329,171959.012981,0.019652,0x4052e4,1,118,78,40,58,20.000000,0,0,0.048866,1.200000,0.800000,mba,0,,0,0,-1,-1,-1,-1,-1,-1,-1,-1,-1,-1,-1,-1
4000,4,1000,14,16,16,171958.994812,171959.015480,0.020668,0x4052e4,1,319,249,70,60,20.000000,0,0,0.048866,1.200000,0.800000,mba,0,,0,0,-1,-1,-1,-1,-1,-1,-1,-1,-1,-1,-1,-1
4000,4,1000,15,16,16,171958.995272,171959.014497,0.019225,0x4052e4,1,141,99,42,62,20.000000,0,0,0.048866,1.200000,0.800000,mba,0,,0,0,-1,-1,-1,-1,-1,-1,-1,-1,-1,-1,-1,-1
4001,5,1000,0,16,16,171959.103159,171959.122501,0.019342,0x40533c,1,38,4,34,32,40.000000,0,0,0.027670,1.200000,0.800000,mba,0,,0,0,-1,-1,-1,-1,-1,-1,-1,-1,-1,-1,-1,-1
4001,5,1000,1,16,16,171959.103145,171959.122098,0.018953,0x40533c,1,90,48,42,34,40.000000,0,0,0.027670,1.200000,0.800000,mba,0,,0,0,-1,-1,-1,-1,-1,-1,-1,-1,-1,-1,-1,-1
4001,5,1000,2,16,16,171959.103475,171959.122851,0.019376,0x40533c,1,66,28,38,36,40.000000,0,0,0.027670,1.200000,0.800000,mba,0,,0,0,-1,-1,-1,-1,-1,-1,-1,-1,-1,-1,-1,-1
4001,5,1000,3,16,16,171959.103737,171959.122619,0.018882,0x40533c,1,120,79,41,6,40.000000,0,0,0.027670,1.200000,0.800000,mba,0,,0,0,-1,-1,-1,-1,-1,-1,-1,-1,-1,-1,-1,-1
4001,5,1000,4,16,16,171959.103247,171959.126824,0.023577,0x40533c,1,651,334,317,40,100.000000,0,0,0.027670,1.200000,0.800000,mba,0,,0,0,-1,-1,-1,-1,-1,-1,-1,-1,-1,-1,-1,-1
4001,5,1000,5,16,16,171959.103104,171959.126641,0.023537,0x40533c,1,700,438,262,42,100.000000,0,0,0.027670,1.200000,0.800000,mba,0,,0,0,-1,-1,-1,-1,-1,-1,-1,-1,-1,-1,-1,-1
4001,5,1000,6,16,16,171959.102562,171959.125772,0.023210,0x40533c,1,674,392,282,12,100.000000,0,0,0.027670,1.200000,0.800000,mba,0,,0,0,-1,-1,-1,-1,-1,-1,-1,-1,-1,-1,-1,-1
4001,5,1000,7,16,16,171959.103945,171959.129843,0.025898,0x40533c,1,190,106,84,46,100.000000,0,0,0.027670,1.200000,0.800000,mba,0,,0,0,-1,-1,-1,-1,-1,-1,-1,-1,-1,-1,-1,-1
4001,5,1000,8,16,16,171959.103954,171959.127780,0.023826,0x40533c,1,602,273,329,48,100.000000,0,0,0.027670,1.200000,0.800000,mba,0,,0,0,-1,-1,-1,-1,-1,-1,-1,-1,-1,-1,-1,-1
4001,5,1000,9,16,16,171959.104168,171959.127996,0.023828,0x40533c,1,671,277,394,18,100.000000,0,0,0.027670,1.200000,0.800000,mba,0,,0,0,-1,-1,-1,-1,-1,-1,-1,-1,-1,-1,-1,-1
4001,5,1000,10,16,16,171959.103744,171959.129960,0.026216,0x40533c,1,255,166,89,52,100.000000,0,0,0.027670,1.200000,0.800000,mba,0,,0,0,-1,-1,-1,-1,-1,-1,-1,-1,-1,-1,-1,-1
4001,5,1000,11,16,16,171959.103120,171959.128556,0.025436,0x40533c,1,164,80,84,54,100.000000,0,0,0.027670,1.200000,0.800000,mba,0,,0,0,-1,-1,-1,-1,-1,-1,-1,-1,-1,-1,-1,-1
4001,5,1000,12,16,16,171959.103004,171959.122051,0.019047,0x40533c,1,68,37,31,56,40.000000,0,0,0.027670,1.200000,0.800000,mba,0,,0,0,-1,-1,-1,-1,-1,-1,-1,-1,-1,-1,-1,-1
4001,5,1000,13,16,16,171959.102290,171959.120965,0.018675,0x40533c,1,49,27,22,58,40.000000,0,0,0.027670,1.200000,0.800000,mba,0,,0,0,-1,-1,-1,-1,-1,-1,-1,-1,-1,-1,-1,-1
4001,5,1000,14,16,16,171959.103712,171959.122689,0.018977,0x40533c,1,103,47,56,60,40.000000,0,0,0.027670,1.200000,0.800000,mba,0,,0,0,-1,-1,-1,-1,-1,-1,-1,-1,-1,-1,-1,-1
4001,5,1000,15,16,16,171959.103704,171959.123078,0.019374,0x40533c,1,91,51,40,62,40.000000,0,0,0.027670,1.200000,0.800000,mba,0,,0,0,-1,-1,-1,-1,-1,-1,-1,-1,-1,-1,-1,-1
4398,2,1100,0,16,16,185687.802647,185821.760654,86.687350,0x4051ce,1,6582057,2850929,3731128,32,30.000000,1,1,134.613424,1.200000,0.800000,mba,0,,1,1,23969792,20545536,21356544,2368356294656,2369881079808,1363394560,2368356294656,2369881169920,1362763776,-1,-1,-1
4398,2,1100,1,16,16,185687.762685,185821.835351,91.167319,0x4051ce,1,7671490,3119982,4551508,34,30.000000,1,1,134.613424,1.200000,0.800000,mba,0,,1,1,23969792,20635648,22528000,2368356294656,2369881440256,1404575744,2368356294656,2369881440256,1402503168,-1,-1,-1
4398,2,1100,2,16,16,185687.791667,185822.111631,109.373629,0x4051ce,1,7386309,3753570,3632739,36,30.000000,1,1,134.613424,1.200000,0.800000,mba,0,,1,1,24059904,21356544,23429120,2368356294656,2369882882048,1516044288,2368356294656,2369882882048,1512710144,-1,-1,-1
4398,2,1100,3,16,16,185687.795885,185821.872142,92.782442,0x4051ce,1,7508134,4547158,2960976,38,40.000000,1,1,134.613424,1.200000,0.800000,mba,0,,1,1,7299072,7028736,76595200,811772960768,813288374272,1371324416,811773231104,813288374272,1370513408,-1,-1,-1
4398,2,1100,4,16,16,185687.763316,185822.273506,120.261212,0x4051ce,1,15892771,10722751,5170020,40,100.000000,1,1,134.613424,1.200000,0.800000,mba,0,,1,1,53256192,56320000,-90112,11284822089728,11293463920640,8297603072,11284822179840,11293464371200,8301658112,-1,-1,-1
4398,2,1100,5,16,16,185687.788202,185822.309101,125.466769,0x4051ce,1,15772692,12419554,3353138,42,100.000000,1,1,134.613424,1.200000,0.800000,mba,0,,1,1,53256192,56410112,270336,11284822179840,11293464821760,8563703808,11284822179840,11293464911872,8560640000,-1,-1,-1
4398,2,1100,6,16,16,185687.764852,185822.225007,119.951012,0x4051ce,1,14875522,11951097,2924425,12,100.000000,1,1,134.613424,1.200000,0.800000,mba,0,,1,1,53256192,56410112,0,11284822179840,11293460406272,8271110144,11284822179840,11293460856832,8273362944,-1,-1,-1
4398,2,1100,7,16,16,185687.778514,185822.288952,125.973424,0x4051ce,1,15605525,12620124,2985401,46,100.000000,1,1,134.613424,1.200000,0.800000,mba,0,,1,1,53256192,56139776,180224,11284822089728,11293464461312,8574517248,11284822179840,11293464551424,8569470976,-1,-1,-1
4398,2,1100,8,16,16,185687.790762,185822.247832,125.232130,0x4051ce,1,15617514,12437144,3180370,48,100.000000,1,1,134.613424,1.200000,0.800000,mba,0,,1,1,53256192,56139776,-90112,11284822179840,11293462478848,8546402304,11284822269952,11293462749184,8546131968,-1,-1,-1
4398,2,1100,9,16,16,185687.786766,185822.186360,118.967650,0x4051ce,1,14855132,11954195,2900937,18,100.000000,1,1,134.613424,1.200000,0.800000,mba,0,,1,1,53256192,56320000,-90112,11284822179840,11293457883136,8213438464,11284822179840,11293458333696,8219115520,-1,-1,-1
4398,2,1100,10,16,16,185687.761317,185822.360444,129.021405,0x4051ce,1,15018143,12057720,2960423,52,100.000000,1,1,134.613424,1.200000,0.800000,mba,0,,1,1,53346304,56320000,991232,11284822179840,11293465182208,8617410560,11284822179840,11293465182208,8609120256,-1,-1,-1
4398,2,1100,11,16,16,185687.791677,185822.309934,125.016289,0x4051ce,1,15576409,12370003,3206406,54,100.000000,1,1,134.613424,1.200000,0.800000,mba,0,,1,1,53256192,56410112,-90112,11284822089728,11293464821760,8547303424,11284822179840,11293465001984,8544149504,-1,-1,-1
4398,2,1100,12,16,16,185687.801733,185821.996458,104.127187,0x4051ce,1,7656006,5859890,1796116,56,40.000000,1,1,134.613424,1.200000,0.800000,mba,0,,1,1,7299072,6758400,57311232,811772960768,813289095168,1461706752,811772960768,813289095168,1461616640,-1,-1,-1
4398,2,1100,13,16,16,185687.747020,185822.261218,112.245231,0x4051ce,1,7591766,6552712,1039054,58,40.000000,1,1,134.613424,1.200000,0.800000,mba,0,,1,1,7208960,6938624,61095936,811772780544,813290446848,1511718912,811772870656,813290446848,1508204544,-1,-1,-1
4398,2,1100,14,16,16,185687.796014,185822.003957,104.584913,0x4051ce,1,7852144,3741623,4110521,60,30.000000,1,1,134.613424,1.200000,0.800000,mba,0,,1,1,24150016,21176320,27664384,2368356294656,2369882521600,1496850432,2368356294656,2369882521600,1494958080,-1,-1,-1
4398,2,1100,15,16,16,185687.788244,185821.865119,91.398411,0x4051ce,1,7597206,3245195,4352011,62,30.000000,1,1,134.613424,1.200000,0.800000,mba,0,,1,1,24150016,20815872,23248896,2368356294656,2369881710592,1405927424,2368356294656,2369881710592,1404035072,-1,-1,-1
4399,3,1100,0,16,16,185822.527569,185822.659801,0.132232,0x405218,1,6348,3201,3147,32,20.000000,0,0,0.289283,1.200000,0.800000,mba,0,,0,0,-1,-1,-1,-1,-1,-1,-1,-1,-1,-1,-1,-1
4399,3,1100,1,16,16,185822.526966,185822.639611,0.112645,0x405218,1,6171,2422,3749,34,20.000000,0,0,0.289283,1.200000,0.800000,mba,0,,0,0,-1,-1,-1,-1,-1,-1,-1,-1,-1,-1,-1,-1
4399,3,1100,2,16,16,185822.527936,185822.652806,0.124870,0x405218,1,6477,2902,3575,36,20.000000,0,0,0.289283,1.200000,0.800000,mba,0,,0,0,-1,-1,-1,-1,-1,-1,-1,-1,-1,-1,-1,-1
4399,3,1100,3,16,16,185822.528159,185822.649262,0.121103,0x405218,1,5755,3406,2349,38,20.000000,0,0,0.289283,1.200000,0.800000,mba,0,,0,0,-1,-1,-1,-1,-1,-1,-1,-1,-1,-1,-1,-1
4399,3,1100,4,16,16,185822.527019,185822.758848,0.231829,0x405218,1,10879,6867,4012,40,100.000000,0,0,0.289283,1.200000,0.800000,mba,0,,0,0,-1,-1,-1,-1,-1,-1,-1,-1,-1,-1,-1,-1
4399,3,1100,5,16,16,185822.527733,185822.768041,0.240308,0x405218,1,11016,7789,3227,42,100.000000,0,0,0.289283,1.200000,0.800000,mba,0,,0,0,-1,-1,-1,-1,-1,-1,-1,-1,-1,-1,-1,-1
4399,3,1100,6,16,16,185822.528198,185822.767696,0.239498,0x405218,1,10752,7696,3056,12,100.000000,0,0,0.289283,1.200000,0.800000,mba,0,,0,0,-1,-1,-1,-1,-1,-1,-1,-1,-1,-1,-1,-1
4399,3,1100,7,16,16,185822.528135,185822.768410,0.240275,0x405218,1,10973,7980,2993,46,100.000000,0,0,0.289283,1.200000,0.800000,mba,0,,0,0,-1,-1,-1,-1,-1,-1,-1,-1,-1,-1,-1,-1
4399,3,1100,8,16,16,185822.528125,185822.762450,0.234325,0x405218,1,10932,7833,3099,48,100.000000,0,0,0.289283,1.200000,0.800000,mba,0,,0,0,-1,-1,-1,-1,-1,-1,-1,-1,-1,-1,-1,-1
4399,3,1100,9,16,16,185822.528086,185822.774423,0.246337,0x405218,1,10733,7623,3110,18,100.000000,0,0,0.289283,1.200000,0.800000,mba,0,,0,0,-1,-1,-1,-1,-1,-1,-1,-1,-1,-1,-1,-1
4399,3,1100,10,16,16,185822.528131,185822.815311,0.287180,0x405218,1,9909,7022,2887,52,100.000000,0,0,0.289283,1.200000,0.800000,mba,0,,0,0,-1,-1,-1,-1,-1,-1,-1,-1,-1,-1,-1,-1
4399,3,1100,11,16,16,185822.528366,185822.766907,0.238541,0x405218,1,10866,7811,3055,54,100.000000,0,0,0.289283,1.200000,0.800000,mba,0,,0,0,-1,-1,-1,-1,-1,-1,-1,-1,-1,-1,-1,-1
4399,3,1100,12,16,16,185822.526388,185822.679784,0.153396,0x405218,1,6317,4426,1891,56,20.000000,0,0,0.289283,1.200000,0.800000,mba,0,,0,0,-1,-1,-1,-1,-1,-1,-1,-1,-1,-1,-1,-1
4399,3,1100,13,16,16,185822.527923,185822.673514,0.145591,0x405218,1,4913,3585,1328,58,20.000000,0,0,0.289283,1.200000,0.800000,mba,0,,0,0,-1,-1,-1,-1,-1,-1,-1,-1,-1,-1,-1,-1
4399,3,1100,14,16,16,185822.527968,185822.653619,0.125651,0x405218,1,6435,2679,3756,60,20.000000,0,0,0.289283,1.200000,0.800000,mba,0,,0,0,-1,-1,-1,-1,-1,-1,-1,-1,-1,-1,-1,-1
4399,3,1100,15,16,16,185822.526028,185822.625807,0.099779,0x405218,1,5613,2173,3440,62,20.000000,0,0,0.289283,1.200000,0.800000,mba,0,,0,0,-1,-1,-1,-1,-1,-1,-1,-1,-1,-1,-1,-1
4400,4,1100,0,16,16,185823.597991,185823.639737,0.041746,0x4052e4,1,2024,1189,835,32,100.000000,0,0,0.048744,1.200000,0.800000,mba,0,,0,0,-1,-1,-1,-1,-1,-1,-1,-1,-1,-1,-1,-1
4400,4,1100,1,16,16,185823.592759,185823.613601,0.020842,0x4052e4,1,220,166,54,34,20.000000,0,0,0.048744,1.200000,0.800000,mba,0,,0,0,-1,-1,-1,-1,-1,-1,-1,-1,-1,-1,-1,-1
4400,4,1100,2,16,16,185823.592827,185823.614430,0.021603,0x4052e4,1,356,302,54,36,20.000000,0,0,0.048744,1.200000,0.800000,mba,0,,0,0,-1,-1,-1,-1,-1,-1,-1,-1,-1,-1,-1,-1
4400,4,1100,3,16,16,185823.592745,185823.613833,0.021088,0x4052e4,1,168,125,43,38,20.000000,0,0,0.048744,1.200000,0.800000,mba,0,,0,0,-1,-1,-1,-1,-1,-1,-1,-1,-1,-1,-1,-1
4400,4,1100,4,16,16,185823.593073,185823.616102,0.023029,0x4052e4,1,330,273,57,40,20.000000,0,0,0.048744,1.200000,0.800000,mba,0,,0,0,-1,-1,-1,-1,-1,-1,-1,-1,-1,-1,-1,-1
4400,4,1100,5,16,16,185823.592733,185823.616017,0.023284,0x4052e4,1,416,347,69,42,20.000000,0,0,0.048744,1.200000,0.800000,mba,0,,0,0,-1,-1,-1,-1,-1,-1,-1,-1,-1,-1,-1,-1
4400,4,1100,6,16,16,185823.593164,185823.617193,0.024029,0x4052e4,1,358,307,51,12,20.000000,0,0,0.048744,1.200000,0.800000,mba,0,,0,0,-1,-1,-1,-1,-1,-1,-1,-1,-1,-1,-1,-1
4400,4,1100,7,16,16,185823.593016,185823.616542,0.023526,0x4052e4,1,315,253,62,46,20.000000,0,0,0.048744,1.200000,0.800000,mba,0,,0,0,-1,-1,-1,-1,-1,-1,-1,-1,-1,-1,-1,-1
4400,4,1100,8,16,16,185823.591794,185823.615670,0.023876,0x4052e4,1,390,329,61,48,20.000000,0,0,0.048744,1.200000,0.800000,mba,0,,0,0,-1,-1,-1,-1,-1,-1,-1,-1,-1,-1,-1,-1
4400,4,1100,9,16,16,185823.592040,185823.615546,0.023506,0x4052e4,1,408,334,74,18,20.000000,0,0,0.048744,1.200000,0.800000,mba,0,,0,0,-1,-1,-1,-1,-1,-1,-1,-1,-1,-1,-1,-1
4400,4,1100,10,16,16,185823.591625,185823.615303,0.023678,0x4052e4,1,173,120,53,52,20.000000,0,0,0.048744,1.200000,0.800000,mba,0,,0,0,-1,-1,-1,-1,-1,-1,-1,-1,-1,-1,-1,-1
4400,4,1100,11,16,16,185823.591132,185823.614711,0.023579,0x4052e4,1,398,337,61,54,20.000000,0,0,0.048744,1.200000,0.800000,mba,0,,0,0,-1,-1,-1,-1,-1,-1,-1,-1,-1,-1,-1,-1
4400,4,1100,12,16,16,185823.592033,185823.612825,0.020792,0x4052e4,1,178,135,43,56,20.000000,0,0,0.048744,1.200000,0.800000,mba,0,,0,0,-1,-1,-1,-1,-1,-1,-1,-1,-1,-1,-1,-1
4400,4,1100,13,16,16,185823.591024,185823.612276,0.021252,0x4052e4,1,123,75,48,58,20.000000,0,0,0.048744,1.200000,0.800000,mba,0,,0,0,-1,-1,-1,-1,-1,-1,-1,-1,-1,-1,-1,-1
4400,4,1100,14,16,16,185823.590993,185823.612824,0.021831,0x4052e4,1,298,240,58,60,20.000000,0,0,0.048744,1.200000,0.800000,mba,0,,0,0,-1,-1,-1,-1,-1,-1,-1,-1,-1,-1,-1,-1
4400,4,1100,15,16,16,185823.591774,185823.612648,0.020874,0x4052e4,1,145,100,45,62,20.000000,0,0,0.048744,1.200000,0.800000,mba,0,,0,0,-1,-1,-1,-1,-1,-1,-1,-1,-1,-1,-1,-1
4401,5,1100,0,16,16,185823.698192,185823.718498,0.020306,0x40533c,1,22,0,22,32,40.000000,0,0,0.027493,1.200000,0.800000,mba,0,,0,0,-1,-1,-1,-1,-1,-1,-1,-1,-1,-1,-1,-1
4401,5,1100,1,16,16,185823.698109,185823.718123,0.020014,0x40533c,1,83,52,31,34,40.000000,0,0,0.027493,1.200000,0.800000,mba,0,,0,0,-1,-1,-1,-1,-1,-1,-1,-1,-1,-1,-1,-1
4401,5,1100,2,16,16,185823.697367,185823.717290,0.019923,0x40533c,1,41,19,22,36,40.000000,0,0,0.027493,1.200000,0.800000,mba,0,,0,0,-1,-1,-1,-1,-1,-1,-1,-1,-1,-1,-1,-1
4401,5,1100,3,16,16,185823.697607,185823.717734,0.020127,0x40533c,1,78,50,28,38,40.000000,0,0,0.027493,1.200000,0.800000,mba,0,,0,0,-1,-1,-1,-1,-1,-1,-1,-1,-1,-1,-1,-1
4401,5,1100,4,16,16,185823.698686,185823.723614,0.024928,0x40533c,1,597,263,334,40,100.000000,0,0,0.027493,1.200000,0.800000,mba,0,,0,0,-1,-1,-1,-1,-1,-1,-1,-1,-1,-1,-1,-1
4401,5,1100,5,16,16,185823.697783,185823.722196,0.024413,0x40533c,1,635,395,240,42,100.000000,0,0,0.027493,1.200000,0.800000,mba,0,,0,0,-1,-1,-1,-1,-1,-1,-1,-1,-1,-1,-1,-1
4401,5,1100,6,16,16,185823.698135,185823.723074,0.024939,0x40533c,1,684,375,309,12,100.000000,0,0,0.027493,1.200000,0.800000,mba,0,,0,0,-1,-1,-1,-1,-1,-1,-1,-1,-1,-1,-1,-1
4401,5,1100,7,16,16,185823.696910,185823.721921,0.025011,0x40533c,1,710,435,275,46,100.000000,0,0,0.027493,1.200000,0.800000,mba,0,,0,0,-1,-1,-1,-1,-1,-1,-1,-1,-1,-1,-1,-1
4401,5,1100,8,16,16,185823.696959,185823.722519,0.025560,0x40533c,1,698,341,357,48,100.000000,0,0,0.027493,1.200000,0.800000,mba,0,,0,0,-1,-1,-1,-1,-1,-1,-1,-1,-1,-1,-1,-1
4401,5,1100,9,16,16,185823.698562,185823.723833,0.025271,0x40533c,1,682,275,407,18,100.000000,0,0,0.027493,1.200000,0.800000,mba,0,,0,0,-1,-1,-1,-1,-1,-1,-1,-1,-1,-1,-1,-1
4401,5,1100,10,16,16,185823.698034,185823.724269,0.026235,0x40533c,1,210,134,76,52,100.000000,0,0,0.027493,1.200000,0.800000,mba,0,,0,0,-1,-1,-1,-1,-1,-1,-1,-1,-1,-1,-1,-1
4401,5,1100,11,16,16,185823.696780,185823.721996,0.025216,0x40533c,1,655,319,336,54,100.000000,0,0,0.027493,1.200000,0.800000,mba,0,,0,0,-1,-1,-1,-1,-1,-1,-1,-1,-1,-1,-1,-1
4401,5,1100,12,16,16,185823.697413,185823.717670,0.020257,0x40533c,1,87,58,29,56,40.000000,0,0,0.027493,1.200000,0.800000,mba,0,,0,0,-1,-1,-1,-1,-1,-1,-1,-1,-1,-1,-1,-1
4401,5,1100,13,16,16,185823.697504,185823.717434,0.019930,0x40533c,1,41,23,18,58,40.000000,0,0,0.027493,1.200000,0.800000,mba,0,,0,0,-1,-1,-1,-1,-1,-1,-1,-1,-1,-1,-1,-1
4401,5,1100,14,16,16,185823.696776,185823.716514,0.019738,0x40533c,1,93,48,45,60,40.000000,0,0,0.027493,1.200000,0.800000,mba,0,,0,0,-1,-1,-1,-1,-1,-1,-1,-1,-1,-1,-1,-1
4401,5,1100,15,16,16,185823.698047,185823.718344,0.020297,0x40533c,1,68,45,23,62,40.000000,0,0,0.027493,1.200000,0.800000,mba,0,,0,0,-1,-1,-1,-1,-1,-1,-1,-1,-1,-1,-1,-1
4798,2,1200,0,16,16,198874.148304,198998.565252,84.816624,0x4051ce,1,6584082,2817891,3766191,32,30.000000,1,1,124.927862,1.200000,0.800000,mba,0,,1,1,24690688,20004864,17031168,2521028911104,2522475659264,1300496384,2521029091328,2522475659264,1300496384,-1,-1,-1
4798,2,1200,1,16,16,198874.097909,198998.441966,88.048696,0x4051ce,1,7592714,3013271,4579443,34,30.000000,1,1,124.927862,1.200000,0.800000,mba,0,,1,1,24510464,20185088,20185088,2521028911104,2522474397696,1334648832,2521028911104,2522474577920,1332576256,-1,-1,-1
4798,2,1200,2,16,16,198874.162116,198998.800257,101.267601,0x4051ce,1,6689478,3241615,3447863,36,30.000000,1,1,124.927862,1.200000,0.800000,mba,0,,1,1,24510464,20275200,17752064,2521028911104,2522476830720,1432600576,2521028911104,2522476830720,1428725760,-1,-1,-1
4798,2,1200,3,16,16,198874.118593,198998.562993,90.996972,0x4051ce,1,7379586,4403695,2975891,38,40.000000,1,1,124.927862,1.200000,0.800000,mba,0,,1,1,6307840,6397952,56320000,962800222208,964305272832,1344651264,962800222208,964305362944,1344200704,-1,-1,-1
4798,2,1200,4,16,16,198874.141991,198998.963247,113.514390,0x4051ce,1,15238412,10027440,5210972,40,100.000000,1,1,124.927862,1.200000,0.800000,mba,0,,1,1,53616640,56049664,-1081344,12140890685440,12149134761984,7951302656,12140890955776,12149134852096,7954006016,-1,-1,-1
4798,2,1200,5,16,16,198874.120851,198998.978959,119.104977,0x4051ce,1,15107528,11738082,3369446,42,100.000000,1,1,124.927862,1.200000,0.800000,mba,0,,1,1,53616640,56139776,2162688,12140890685440,12149134942208,8226414592,12140890775552,12149134942208,8220557312,-1,-1,-1
4798,2,1200,6,16,16,198874.137525,198998.894432,113.397023,0x4051ce,1,14205559,11242181,2963378,12,100.000000,1,1,124.927862,1.200000,0.800000,mba,0,,1,1,53616640,55959552,-1081344,12140890685440,12149129895936,7948689408,12140890955776,12149129986048,7952293888,-1,-1,-1
4798,2,1200,7,16,16,198874.140422,198998.994395,118.773450,0x4051ce,1,14973354,11892283,3081071,46,100.000000,1,1,124.927862,1.200000,0.800000,mba,0,,1,1,53616640,56049664,1712128,12140890865664,12149134942208,8217583616,12140890955776,12149134942208,8212987904,-1,-1,-1
4798,2,1200,8,16,16,198874.119692,198998.976418,117.945049,0x4051ce,1,14969203,11806295,3162908,48,100.000000,1,1,124.927862,1.200000,0.800000,mba,0,,1,1,53616640,56139776,450560,12140890685440,12149134942208,8196136960,12140890775552,12149134942208,8195686400,-1,-1,-1
4798,2,1200,9,16,16,198874.143443,198998.876919,112.350388,0x4051ce,1,14176533,11225004,2951529,18,100.000000,1,1,124.927862,1.200000,0.800000,mba,0,,1,1,53526528,56049664,-991232,12140890775552,12149128544256,7868940288,12140890955776,12149129084928,7877140480,-1,-1,-1
4798,2,1200,10,16,16,198874.141172,198998.948463,117.666964,0x4051ce,1,14958759,11821820,3136939,52,100.000000,1,1,124.927862,1.200000,0.800000,mba,0,,1,1,53616640,56049664,180224,12140890685440,12149133950976,8189739008,12140890865664,12149134041088,8189468672,-1,-1,-1
4798,2,1200,11,16,16,198874.122885,198998.997723,118.139973,0x4051ce,1,14931052,11763820,3167232,54,100.000000,1,1,124.927862,1.200000,0.800000,mba,0,,1,1,53526528,56049664,270336,12140890595328,12149134942208,8204247040,12140890685440,12149134942208,8200642560,-1,-1,-1
4798,2,1200,12,16,16,198874.132650,198998.781153,104.495645,0x4051ce,1,7650503,5948159,1702344,56,40.000000,1,1,124.927862,1.200000,0.800000,mba,0,,1,1,6307840,6668288,50823168,962800222208,964307255296,1462607872,962800222208,964307255296,1462247424,-1,-1,-1
4798,2,1200,13,16,16,198874.129013,198999.025771,111.745650,0x4051ce,1,7592790,6575286,1017504,58,40.000000,1,1,124.927862,1.200000,0.800000,mba,0,,1,1,6307840,6848512,46407680,962800222208,964308697088,1505411072,962800222208,964308697088,1503608832,-1,-1,-1
4798,2,1200,14,16,16,198874.143527,198998.800446,102.379946,0x4051ce,1,7854385,3670405,4183980,60,30.000000,1,1,124.927862,1.200000,0.800000,mba,0,,1,1,24690688,20275200,19103744,2521028911104,2522476830720,1434492928,2521029091328,2522476830720,1432780800,-1,-1,-1
4798,2,1200,15,16,16,198874.127013,198998.465614,84.845483,0x4051ce,1,7217968,2927134,4290834,62,30.000000,1,1,124.927862,1.200000,0.800000,mba,0,,1,1,24690688,20185088,22528000,2521028911104,2522474577920,1303379968,2521028911104,2522474668032,1301667840,-1,-1,-1
4799,3,1200,0,16,16,198999.194537,198999.312077,0.117540,0x405218,1,6194,2973,3221,32,20.000000,0,0,0.233504,1.200000,0.800000,mba,0,,0,0,-1,-1,-1,-1,-1,-1,-1,-1,-1,-1,-1,-1
4799,3,1200,1,16,16,198999.194240,198999.321095,0.126855,0x405218,1,6083,2454,3629,34,20.000000,0,0,0.233504,1.200000,0.800000,mba,0,,0,0,-1,-1,-1,-1,-1,-1,-1,-1,-1,-1,-1,-1
4799,3,1200,2,16,16,198999.195432,198999.342787,0.147355,0x405218,1,6232,2789,3443,36,20.000000,0,0,0.233504,1.200000,0.800000,mba,0,,0,0,-1,-1,-1,-1,-1,-1,-1,-1,-1,-1,-1,-1
4799,3,1200,3,16,16,198999.195316,198999.332626,0.137310,0x405218,1,5424,3476,1948,38,20.000000,0,0,0.233504,1.200000,0.800000,mba,0,,0,0,-1,-1,-1,-1,-1,-1,-1,-1,-1,-1,-1,-1
4799,3,1200,4,16,16,198999.195396,198999.415553,0.220157,0x405218,1,10682,6743,3939,40,100.000000,0,0,0.233504,1.200000,0.800000,mba,0,,0,0,-1,-1,-1,-1,-1,-1,-1,-1,-1,-1,-1,-1
4799,3,1200,5,16,16,198999.195771,198999.427744,0.231973,0x405218,1,10851,7660,3191,42,100.000000,0,0,0.233504,1.200000,0.800000,mba,0,,0,0,-1,-1,-1,-1,-1,-1,-1,-1,-1,-1,-1,-1
4799,3,1200,6,16,16,198999.195796,198999.422012,0.226216,0x405218,1,10493,7461,3032,12,100.000000,0,0,0.233504,1.200000,0.800000,mba,0,,0,0,-1,-1,-1,-1,-1,-1,-1,-1,-1,-1,-1,-1
4799,3,1200,7,16,16,198999.195379,198999.426808,0.231429,0x405218,1,10749,7610,3139,46,100.000000,0,0,0.233504,1.200000,0.800000,mba,0,,0,0,-1,-1,-1,-1,-1,-1,-1,-1,-1,-1,-1,-1
4799,3,1200,8,16,16,198999.195714,198999.412182,0.216468,0x405218,1,10659,7509,3150,48,100.000000,0,0,0.233504,1.200000,0.800000,mba,0,,0,0,-1,-1,-1,-1,-1,-1,-1,-1,-1,-1,-1,-1
4799,3,1200,9,16,16,198999.195376,198999.421404,0.226028,0x405218,1,10455,7408,3047,18,100.000000,0,0,0.233504,1.200000,0.800000,mba,0,,0,0,-1,-1,-1,-1,-1,-1,-1,-1,-1,-1,-1,-1
4799,3,1200,10,16,16,198999.194517,198999.414819,0.220302,0x405218,1,10746,7434,3312,52,100.000000,0,0,0.233504,1.200000,0.800000,mba,0,,0,0,-1,-1,-1,-1,-1,-1,-1,-1,-1,-1,-1,-1
4799,3,1200,11,16,16,198999.195609,198999.420606,0.224997,0x405218,1,10720,7751,2969,54,100.000000,0,0,0.233504,1.200000,0.800000,mba,0,,0,0,-1,-1,-1,-1,-1,-1,-1,-1,-1,-1,-1,-1
4799,3,1200,12,16,16,198999.195367,198999.345145,0.149778,0x405218,1,6271,4067,2204,56,20.000000,0,0,0.233504,1.200000,0.800000,mba,0,,0,0,-1,-1,-1,-1,-1,-1,-1,-1,-1,-1,-1,-1
4799,3,1200,13,16,16,198999.194466,198999.337893,0.143427,0x405218,1,4916,3649,1267,58,20.000000,0,0,0.233504,1.200000,0.800000,mba,0,,0,0,-1,-1,-1,-1,-1,-1,-1,-1,-1,-1,-1,-1
4799,3,1200,14,16,16,198999.194605,198999.311512,0.116907,0x405218,1,6466,2811,3655,60,20.000000,0,0,0.233504,1.200000,0.800000,mba,0,,0,0,-1,-1,-1,-1,-1,-1,-1,-1,-1,-1,-1,-1
4799,3,1200,15,16,16,198999.194851,198999.306958,0.112107,0x405218,1,5306,2062,3244,62,20.000000,0,0,0.233504,1.200000,0.800000,mba,0,,0,0,-1,-1,-1,-1,-1,-1,-1,-1,-1,-1,-1,-1
4800,4,1200,0,16,16,199000.215147,199000.255420,0.040273,0x4052e4,1,1899,1116,783,32,100.000000,0,0,0.046474,1.200000,0.800000,mba,0,,0,0,-1,-1,-1,-1,-1,-1,-1,-1,-1,-1,-1,-1
4800,4,1200,1,16,16,199000.211282,199000.232977,0.021695,0x4052e4,1,98,49,49,34,20.000000,0,0,0.046474,1.200000,0.800000,mba,0,,0,0,-1,-1,-1,-1,-1,-1,-1,-1,-1,-1,-1,-1
4800,4,1200,2,16,16,199000.211339,199000.251561,0.040222,0x4052e4,1,1514,1433,81,36,30.000000,0,0,0.046474,1.200000,0.800000,mba,0,,0,0,-1,-1,-1,-1,-1,-1,-1,-1,-1,-1,-1,-1
4800,4,1200,3,16,16,199000.210347,199000.231532,0.021185,0x4052e4,1,77,35,42,38,20.000000,0,0,0.046474,1.200000,0.800000,mba,0,,0,0,-1,-1,-1,-1,-1,-1,-1,-1,-1,-1,-1,-1
4800,4,1200,4,16,16,199000.211586,199000.234670,0.023084,0x4052e4,1,299,245,54,40,20.000000,0,0,0.046474,1.200000,0.800000,mba,0,,0,0,-1,-1,-1,-1,-1,-1,-1,-1,-1,-1,-1,-1
4800,4,1200,5,16,16,199000.209950,199000.233315,0.023365,0x4052e4,1,406,335,71,42,20.000000,0,0,0.046474,1.200000,0.800000,mba,0,,0,0,-1,-1,-1,-1,-1,-1,-1,-1,-1,-1,-1,-1
4800,4,1200,6,16,16,199000.209833,199000.233467,0.023634,0x4052e4,1,373,307,66,12,20.000000,0,0,0.046474,1.200000,0.800000,mba,0,,0,0,-1,-1,-1,-1,-1,-1,-1,-1,-1,-1,-1,-1
4800,4,1200,7,16,16,199000.210875,199000.234935,0.024060,0x4052e4,1,395,286,109,46,20.000000,0,0,0.046474,1.200000,0.800000,mba,0,,0,0,-1,-1,-1,-1,-1,-1,-1,-1,-1,-1,-1,-1
4800,4,1200,8,16,16,199000.210627,199000.234426,0.023799,0x4052e4,1,436,372,64,48,20.000000,0,0,0.046474,1.200000,0.800000,mba,0,,0,0,-1,-1,-1,-1,-1,-1,-1,-1,-1,-1,-1,-1
4800,4,1200,9,16,16,199000.210590,199000.233887,0.023297,0x4052e4,1,281,224,57,18,20.000000,0,0,0.046474,1.200000,0.800000,mba,0,,0,0,-1,-1,-1,-1,-1,-1,-1,-1,-1,-1,-1,-1
4800,4,1200,10,16,16,199000.209631,199000.232669,0.023038,0x4052e4,1,391,296,95,52,20.000000,0,0,0.046474,1.200000,0.800000,mba,0,,0,0,-1,-1,-1,-1,-1,-1,-1,-1,-1,-1,-1,-1
4800,4,1200,11,16,16,199000.210324,199000.234051,0.023727,0x4052e4,1,393,320,73,54,20.000000,0,0,0.046474,1.200000,0.800000,mba,0,,0,0,-1,-1,-1,-1,-1,-1,-1,-1,-1,-1,-1,-1
4800,4,1200,12,16,16,199000.208946,199000.229630,0.020684,0x4052e4,1,177,142,35,56,20.000000,0,0,0.046474,1.200000,0.800000,mba,0,,0,0,-1,-1,-1,-1,-1,-1,-1,-1,-1,-1,-1,-1
4800,4,1200,13,16,16,199000.211263,199000.232145,0.020882,0x4052e4,1,122,80,42,58,20.000000,0,0,0.046474,1.200000,0.800000,mba,0,,0,0,-1,-1,-1,-1,-1,-1,-1,-1,-1,-1,-1,-1
4800,4,1200,14,16,16,199000.209907,199000.231379,0.021472,0x4052e4,1,314,250,64,60,20.000000,0,0,0.046474,1.200000,0.800000,mba,0,,0,0,-1,-1,-1,-1,-1,-1,-1,-1,-1,-1,-1,-1
4800,4,1200,15,16,16,199000.210703,199000.231956,0.021253,0x4052e4,1,68,18,50,62,20.000000,0,0,0.046474,1.200000,0.800000,mba,0,,0,0,-1,-1,-1,-1,-1,-1,-1,-1,-1,-1,-1,-1
4801,5,1200,0,16,16,199000.316891,199000.337448,0.020557,0x40533c,1,25,6,19,32,40.000000,0,0,0.028012,1.200000,0.800000,mba,0,,0,0,-1,-1,-1,-1,-1,-1,-1,-1,-1,-1,-1,-1
4801,5,1200,1,16,16,199000.316211,199000.336577,0.020366,0x40533c,1,106,84,22,34,40.000000,0,0,0.028012,1.200000,0.800000,mba,0,,0,0,-1,-1,-1,-1,-1,-1,-1,-1,-1,-1,-1,-1
4801,5,1200,2,16,16,199000.315869,199000.336115,0.020246,0x40533c,1,44,7,37,36,40.000000,0,0,0.028012,1.200000,0.800000,mba,0,,0,0,-1,-1,-1,-1,-1,-1,-1,-1,-1,-1,-1,-1
4801,5,1200,3,16,16,199000.315070,199000.335351,0.020281,0x40533c,1,43,21,22,38,40.000000,0,0,0.028012,1.200000,0.800000,mba,0,,0,0,-1,-1,-1,-1,-1,-1,-1,-1,-1,-1,-1,-1
4801,5,1200,4,16,16,199000.316757,199000.341400,0.024643,0x40533c,1,555,228,327,40,100.000000,0,0,0.028012,1.200000,0.800000,mba,0,,0,0,-1,-1,-1,-1,-1,-1,-1,-1,-1,-1,-1,-1
4801,5,1200,5,16,16,199000.316451,199000.341246,0.024795,0x40533c,1,654,407,247,42,100.000000,0,0,0.028012,1.200000,0.800000,mba,0,,0,0,-1,-1,-1,-1,-1,-1,-1,-1,-1,-1,-1,-1
4801,5,1200,6,16,16,199000.316003,199000.340910,0.024907,0x40533c,1,668,337,331,12,100.000000,0,0,0.028012,1.200000,0.800000,mba,0,,0,0,-1,-1,-1,-1,-1,-1,-1,-1,-1,-1,-1,-1
4801,5,1200,7,16,16,199000.315514,199000.341660,0.026146,0x40533c,1,728,387,341,46,100.000000,0,0,0.028012,1.200000,0.800000,mba,0,,0,0,-1,-1,-1,-1,-1,-1,-1,-1,-1,-1,-1,-1
4801,5,1200,8,16,16,199000.316051,199000.341310,0.025259,0x40533c,1,613,302,311,48,100.000000,0,0,0.028012,1.200000,0.800000,mba,0,,0,0,-1,-1,-1,-1,-1,-1,-1,-1,-1,-1,-1,-1
4801,5,1200,9,16,16,199000.316127,199000.341114,0.024987,0x40533c,1,666,301,365,18,100.000000,0,0,0.028012,1.200000,0.800000,mba,0,,0,0,-1,-1,-1,-1,-1,-1,-1,-1,-1,-1,-1,-1
4801,5,1200,10,16,16,199000.317134,199000.342599,0.025465,0x40533c,1,750,402,348,52,100.000000,0,0,0.028012,1.200000,0.800000,mba,0,,0,0,-1,-1,-1,-1,-1,-1,-1,-1,-1,-1,-1,-1
4801,5,1200,11,16,16,199000.314955,199000.340650,0.025695,0x40533c,1,730,322,408,54,100.000000,0,0,0.028012,1.200000,0.800000,mba,0,,0,0,-1,-1,-1,-1,-1,-1,-1,-1,-1,-1,-1,-1
4801,5,1200,12,16,16,199000.314587,199000.334690,0.020103,0x40533c,1,70,45,25,56,40.000000,0,0,0.028012,1.200000,0.800000,mba,0,,0,0,-1,-1,-1,-1,-1,-1,-1,-1,-1,-1,-1,-1
4801,5,1200,13,16,16,199000.315612,199000.335454,0.019842,0x40533c,1,34,16,18,58,40.000000,0,0,0.028012,1.200000,0.800000,mba,0,,0,0,-1,-1,-1,-1,-1,-1,-1,-1,-1,-1,-1,-1
4801,5,1200,14,16,16,199000.314699,199000.334567,0.019868,0x40533c,1,81,60,21,60,40.000000,0,0,0.028012,1.200000,0.800000,mba,0,,0,0,-1,-1,-1,-1,-1,-1,-1,-1,-1,-1,-1,-1
4801,5,1200,15,16,16,199000.314893,199000.335202,0.020309,0x40533c,1,60,38,22,62,40.000000,0,0,0.028012,1.200000,0.800000,mba,0,,0,0,-1,-1,-1,-1,-1,-1,-1,-1,-1,-1,-1,-1
5198,2,1300,0,16,16,211228.193253,211345.891783,82.115086,0x4051ce,1,6584520,2759033,3825487,32,30.000000,1,1,118.097936,1.200000,0.800000,mba,0,,1,1,25501696,18653184,10182656,2670310342656,2671394029568,1008623616,2670310432768,2671394029568,1007812608,-1,-1,-1
5198,2,1300,1,16,16,211228.177125,211345.692500,78.673942,0x4051ce,1,7007235,2514884,4492351,34,30.000000,1,1,118.097936,1.200000,0.800000,mba,0,,1,1,25501696,18563072,11624448,2670310252544,2671392587776,988348416,2670310252544,2671392587776,987447296,-1,-1,-1
5198,2,1300,2,16,16,211228.202317,211345.760935,78.011097,0x4051ce,1,7399550,3745765,3653785,36,40.000000,1,1,118.097936,1.200000,0.800000,mba,0,,1,1,7208960,9822208,35053568,1114109083648,1115418591232,1108377600,1114109173760,1115418681344,1108918272,-1,-1,-1
5198,2,1300,3,16,16,211228.163291,211345.972532,93.128609,0x4051ce,1,7702838,4701555,3001283,38,40.000000,1,1,118.097936,1.200000,0.800000,mba,0,,1,1,7118848,10002432,44875776,1114108903424,1115420303360,1263730688,1114108993536,1115420483584,1263280128,-1,-1,-1
5198,2,1300,4,16,16,211228.231937,211346.107839,105.577797,0x4051ce,1,14321448,9167875,5153573,40,100.000000,1,1,118.097936,1.200000,0.800000,mba,0,,1,1,50192384,53977088,-270336,12929865670656,12937424175104,7244283904,12929865940992,12937424445440,7245455360,-1,-1,-1
5198,2,1300,5,16,16,211228.153317,211346.119532,110.649603,0x4051ce,1,14200355,10901614,3298741,42,100.000000,1,1,118.097936,1.200000,0.800000,mba,0,,1,1,50282496,53977088,2252800,12929861705728,12937424535552,7514980352,12929861885952,12937424805888,7513088000,-1,-1,-1
5198,2,1300,6,16,16,211228.224132,211346.060349,104.309855,0x4051ce,1,13286886,10264506,3022380,12,100.000000,1,1,118.097936,1.200000,0.800000,mba,0,,1,1,50282496,53796864,-630784,12929865400320,12937420390400,7169400832,12929865670656,12937421111296,7175348224,-1,-1,-1
5198,2,1300,7,16,16,211228.129397,211346.159323,110.756794,0x4051ce,1,14092894,10998565,3094329,46,100.000000,1,1,118.097936,1.200000,0.800000,mba,0,,1,1,50192384,54247424,2072576,12929861615616,12937425526784,7516422144,12929861615616,12937425526784,7512817664,-1,-1,-1
5198,2,1300,8,16,16,211228.220430,211346.134020,109.686751,0x4051ce,1,14096849,10845376,3251473,48,100.000000,1,1,118.097936,1.200000,0.800000,mba,0,,1,1,50282496,54157312,450560,12929865129984,12937425166336,7489388544,12929865580544,12937425256448,7487496192,-1,-1,-1
5198,2,1300,9,16,16,211228.128818,211346.055177,103.760110,0x4051ce,1,13260029,10256080,3003949,18,100.000000,1,1,118.097936,1.200000,0.800000,mba,0,,1,1,50192384,53886976,-360448,12929861615616,12937419849728,7129931776,12929861615616,12937420570624,7138402304,-1,-1,-1
5198,2,1300,10,16,16,211228.115952,211346.102088,109.308338,0x4051ce,1,14073952,10935993,3137959,52,100.000000,1,1,118.097936,1.200000,0.800000,mba,0,,1,1,50192384,53977088,-180224,12929861615616,12937423814656,7475691520,12929861615616,12937424265216,7474520064,-1,-1,-1
5198,2,1300,11,16,16,211228.235859,211346.213888,113.062646,0x4051ce,1,13395175,10232846,3162329,54,100.000000,1,1,118.097936,1.200000,0.800000,mba,0,,1,1,50192384,54157312,3063808,12929865760768,12937426157568,7546339328,12929866121216,12937426157568,7541563392,-1,-1,-1
5198,2,1300,12,16,16,211228.133685,211346.094066,103.213276,0x4051ce,1,7655987,5952221,1703766,56,40.000000,1,1,118.097936,1.200000,0.800000,mba,0,,1,1,7118848,10002432,34963456,1114108813312,1115420753920,1308966912,1114108813312,1115420753920,1307525120,-1,-1,-1
5198,2,1300,13,16,16,211228.135028,211345.801870,82.496964,0x4051ce,1,7630144,6307688,1322456,58,50.000000,1,1,118.097936,1.200000,0.800000,mba,0,,1,1,0,1982464,38297600,53186625536,53710987264,519405568,53186625536,53710987264,519225344,-1,-1,-1
5198,2,1300,14,16,16,211228.162024,211345.950146,97.112968,0x4051ce,1,7492723,3401838,4090885,60,30.000000,1,1,118.097936,1.200000,0.800000,mba,0,,1,1,25411584,18563072,6578176,2670310162432,2671394209792,1073864704,2670310252544,2671394209792,1071972352,-1,-1,-1
5198,2,1300,15,16,16,211228.243895,211345.986006,87.046512,0x4051ce,1,7607639,3157758,4449881,62,30.000000,1,1,118.097936,1.200000,0.800000,mba,0,,1,1,26312704,18923520,10452992,2670310973440,2671394299904,1041063936,2670310973440,2671394299904,1038811136,-1,-1,-1
5199,3,1300,0,16,16,211346.383147,211346.504833,0.121686,0x405218,1,6315,2945,3370,32,20.000000,0,0,0.265062,1.200000,0.800000,mba,0,,0,0,-1,-1,-1,-1,-1,-1,-1,-1,-1,-1,-1,-1
5199,3,1300,1,16,16,211346.382005,211346.513503,0.131498,0x405218,1,6098,2345,3753,34,20.000000,0,0,0.265062,1.200000,0.800000,mba,0,,0,0,-1,-1,-1,-1,-1,-1,-1,-1,-1,-1,-1,-1
5199,3,1300,2,16,16,211346.382808,211346.500979,0.118171,0x405218,1,6614,3047,3567,36,20.000000,0,0,0.265062,1.200000,0.800000,mba,0,,0,0,-1,-1,-1,-1,-1,-1,-1,-1,-1,-1,-1,-1
5199,3,1300,3,16,16,211346.382755,211346.511316,0.128561,0x405218,1,5504,3009,2495,38,20.000000,0,0,0.265062,1.200000,0.800000,mba,0,,0,0,-1,-1,-1,-1,-1,-1,-1,-1,-1,-1,-1,-1
5199,3,1300,4,16,16,211346.383043,211346.595655,0.212612,0x405218,1,10349,6375,3974,40,100.000000,0,0,0.265062,1.200000,0.800000,mba,0,,0,0,-1,-1,-1,-1,-1,-1,-1,-1,-1,-1,-1,-1
5199,3,1300,5,16,16,211346.383223,211346.605533,0.222310,0x405218,1,10504,6892,3612,42,100.000000,0,0,0.265062,1.200000,0.800000,mba,0,,0,0,-1,-1,-1,-1,-1,-1,-1,-1,-1,-1,-1,-1
5199,3,1300,6,16,16,211346.383067,211346.598258,0.215191,0x405218,1,10153,6870,3283,12,100.000000,0,0,0.265062,1.200000,0.800000,mba,0,,0,0,-1,-1,-1,-1,-1,-1,-1,-1,-1,-1,-1,-1
5199,3,1300,7,16,16,211346.382101,211346.609168,0.227067,0x405218,1,10420,7208,3212,46,100.000000,0,0,0.265062,1.200000,0.800000,mba,0,,0,0,-1,-1,-1,-1,-1,-1,-1,-1,-1,-1,-1,-1
5199,3,1300,8,16,16,211346.382843,211346.601537,0.218694,0x405218,1,10388,7113,3275,48,100.000000,0,0,0.265062,1.200000,0.800000,mba,0,,0,0,-1,-1,-1,-1,-1,-1,-1,-1,-1,-1,-1,-1
5199,3,1300,9,16,16,211346.382779,211346.604783,0.222004,0x405218,1,10185,7103,3082,18,100.000000,0,0,0.265062,1.200000,0.800000,mba,0,,0,0,-1,-1,-1,-1,-1,-1,-1,-1,-1,-1,-1,-1
5199,3,1300,10,16,16,211346.381989,211346.604935,0.222946,0x405218,1,10472,7118,3354,52,100.000000,0,0,0.265062,1.200000,0.800000,mba,0,,0,0,-1,-1,-1,-1,-1,-1,-1,-1,-1,-1,-1,-1
5199,3,1300,11,16,16,211346.382887,211346.646743,0.263856,0x405218,1,9481,6272,3209,54,100.000000,0,0,0.265062,1.200000,0.800000,mba,0,,0,0,-1,-1,-1,-1,-1,-1,-1,-1,-1,-1,-1,-1
5199,3,1300,12,16,16,211346.382152,211346.537374,0.155222,0x405218,1,6205,4482,1723,56,20.000000,0,0,0.265062,1.200000,0.800000,mba,0,,0,0,-1,-1,-1,-1,-1,-1,-1,-1,-1,-1,-1,-1
5199,3,1300,13,16,16,211346.383205,211346.529498,0.146293,0x405218,1,4920,3645,1275,58,20.000000,0,0,0.265062,1.200000,0.800000,mba,0,,0,0,-1,-1,-1,-1,-1,-1,-1,-1,-1,-1,-1,-1
5199,3,1300,14,16,16,211346.383046,211346.522505,0.139459,0x405218,1,6152,2577,3575,60,20.000000,0,0,0.265062,1.200000,0.800000,mba,0,,0,0,-1,-1,-1,-1,-1,-1,-1,-1,-1,-1,-1,-1
5199,3,1300,15,16,16,211346.381681,211346.478630,0.096949,0x405218,1,5666,1963,3703,62,20.000000,0,0,0.265062,1.200000,0.800000,mba,0,,0,0,-1,-1,-1,-1,-1,-1,-1,-1,-1,-1,-1,-1
5200,4,1300,0,16,16,211347.433519,211347.475661,0.042142,0x4052e4,1,1995,1056,939,32,100.000000,0,0,0.049782,1.200000,0.800000,mba,0,,0,0,-1,-1,-1,-1,-1,-1,-1,-1,-1,-1,-1,-1
5200,4,1300,1,16,16,211347.426995,211347.450472,0.023477,0x4052e4,1,149,92,57,34,20.000000,0,0,0.049782,1.200000,0.800000,mba,0,,0,0,-1,-1,-1,-1,-1,-1,-1,-1,-1,-1,-1,-1
5200,4,1300,2,16,16,211347.427284,211347.449774,0.022490,0x4052e4,1,299,238,61,36,20.000000,0,0,0.049782,1.200000,0.800000,mba,0,,0,0,-1,-1,-1,-1,-1,-1,-1,-1,-1,-1,-1,-1
5200,4,1300,3,16,16,211347.426337,211347.448731,0.022394,0x4052e4,1,143,95,48,38,20.000000,0,0,0.049782,1.200000,0.800000,mba,0,,0,0,-1,-1,-1,-1,-1,-1,-1,-1,-1,-1,-1,-1
5200,4,1300,4,16,16,211347.427639,211347.452720,0.025081,0x4052e4,1,314,230,84,40,20.000000,0,0,0.049782,1.200000,0.800000,mba,0,,0,0,-1,-1,-1,-1,-1,-1,-1,-1,-1,-1,-1,-1
5200,4,1300,5,16,16,211347.427587,211347.451949,0.024362,0x4052e4,1,320,224,96,42,20.000000,0,0,0.049782,1.200000,0.800000,mba,0,,0,0,-1,-1,-1,-1,-1,-1,-1,-1,-1,-1,-1,-1
5200,4,1300,6,16,16,211347.427795,211347.454044,0.026249,0x4052e4,1,461,362,99,12,20.000000,0,0,0.049782,1.200000,0.800000,mba,0,,0,0,-1,-1,-1,-1,-1,-1,-1,-1,-1,-1,-1,-1
5200,4,1300,7,16,16,211347.427625,211347.453040,0.025415,0x4052e4,1,340,248,92,46,20.000000,0,0,0.049782,1.200000,0.800000,mba,0,,0,0,-1,-1,-1,-1,-1,-1,-1,-1,-1,-1,-1,-1
5200,4,1300,8,16,16,211347.425879,211347.451144,0.025265,0x4052e4,1,399,322,77,48,20.000000,0,0,0.049782,1.200000,0.800000,mba,0,,0,0,-1,-1,-1,-1,-1,-1,-1,-1,-1,-1,-1,-1
5200,4,1300,9,16,16,211347.427890,211347.452947,0.025057,0x4052e4,1,284,224,60,18,20.000000,0,0,0.049782,1.200000,0.800000,mba,0,,0,0,-1,-1,-1,-1,-1,-1,-1,-1,-1,-1,-1,-1
5200,4,1300,10,16,16,211347.427735,211347.452411,0.024676,0x4052e4,1,331,244,87,52,20.000000,0,0,0.049782,1.200000,0.800000,mba,0,,0,0,-1,-1,-1,-1,-1,-1,-1,-1,-1,-1,-1,-1
5200,4,1300,11,16,16,211347.426916,211347.452337,0.025421,0x4052e4,1,182,107,75,54,20.000000,0,0,0.049782,1.200000,0.800000,mba,0,,0,0,-1,-1,-1,-1,-1,-1,-1,-1,-1,-1,-1,-1
5200,4,1300,12,16,16,211347.426081,211347.448397,0.022316,0x4052e4,1,199,147,52,56,20.000000,0,0,0.049782,1.200000,0.800000,mba,0,,0,0,-1,-1,-1,-1,-1,-1,-1,-1,-1,-1,-1,-1
5200,4,1300,13,16,16,211347.426587,211347.449474,0.022887,0x4052e4,1,134,84,50,58,20.000000,0,0,0.049782,1.200000,0.800000,mba,0,,0,0,-1,-1,-1,-1,-1,-1,-1,-1,-1,-1,-1,-1
5200,4,1300,14,16,16,211347.426038,211347.450048,0.024010,0x4052e4,1,160,111,49,60,20.000000,0,0,0.049782,1.200000,0.800000,mba,0,,0,0,-1,-1,-1,-1,-1,-1,-1,-1,-1,-1,-1,-1
5200,4,1300,15,16,16,211347.426901,211347.449217,0.022316,0x4052e4,1,152,101,51,62,20.000000,0,0,0.049782,1.200000,0.800000,mba,0,,0,0,-1,-1,-1,-1,-1,-1,-1,-1,-1,-1,-1,-1
5201,5,1300,0,16,16,211347.550933,211347.572844,0.021911,0x40533c,1,18,2,16,32,40.000000,0,0,0.030050,1.200000,0.800000,mba,0,,0,0,-1,-1,-1,-1,-1,-1,-1,-1,-1,-1,-1,-1
5201,5,1300,1,16,16,211347.550393,211347.572407,0.022014,0x40533c,1,68,26,42,34,40.000000,0,0,0.030050,1.200000,0.800000,mba,0,,0,0,-1,-1,-1,-1,-1,-1,-1,-1,-1,-1,-1,-1
5201,5,1300,2,16,16,211347.550875,211347.572742,0.021867,0x40533c,1,72,52,20,36,40.000000,0,0,0.030050,1.200000,0.800000,mba,0,,0,0,-1,-1,-1,-1,-1,-1,-1,-1,-1,-1,-1,-1
5201,5,1300,3,16,16,211347.549378,211347.570966,0.021588,0x40533c,1,59,30,29,38,40.000000,0,0,0.030050,1.200000,0.800000,mba,0,,0,0,-1,-1,-1,-1,-1,-1,-1,-1,-1,-1,-1,-1
5201,5,1300,4,16,16,211347.550484,211347.577377,0.026893,0x40533c,1,582,259,323,40,100.000000,0,0,0.030050,1.200000,0.800000,mba,0,,0,0,-1,-1,-1,-1,-1,-1,-1,-1,-1,-1,-1,-1
5201,5,1300,5,16,16,211347.550083,211347.576546,0.026463,0x40533c,1,598,344,254,42,100.000000,0,0,0.030050,1.200000,0.800000,mba,0,,0,0,-1,-1,-1,-1,-1,-1,-1,-1,-1,-1,-1,-1
5201,5,1300,6,16,16,211347.550093,211347.577463,0.027370,0x40533c,1,576,218,358,12,100.000000,0,0,0.030050,1.200000,0.800000,mba,0,,0,0,-1,-1,-1,-1,-1,-1,-1,-1,-1,-1,-1,-1
5201,5,1300,7,16,16,211347.549757,211347.577545,0.027788,0x40533c,1,666,337,329,46,100.000000,0,0,0.030050,1.200000,0.800000,mba,0,,0,0,-1,-1,-1,-1,-1,-1,-1,-1,-1,-1,-1,-1
5201,5,1300,8,16,16,211347.549838,211347.576839,0.027001,0x40533c,1,635,287,348,48,100.000000,0,0,0.030050,1.200000,0.800000,mba,0,,0,0,-1,-1,-1,-1,-1,-1,-1,-1,-1,-1,-1,-1
5201,5,1300,9,16,16,211347.549274,211347.575910,0.026636,0x40533c,1,610,245,365,18,100.000000,0,0,0.030050,1.200000,0.800000,mba,0,,0,0,-1,-1,-1,-1,-1,-1,-1,-1,-1,-1,-1,-1
5201,5,1300,10,16,16,211347.550554,211347.577329,0.026775,0x40533c,1,689,328,361,52,100.000000,0,0,0.030050,1.200000,0.800000,mba,0,,0,0,-1,-1,-1,-1,-1,-1,-1,-1,-1,-1,-1,-1
5201,5,1300,11,16,16,211347.550640,211347.579324,0.028684,0x40533c,1,160,85,75,54,100.000000,0,0,0.030050,1.200000,0.800000,mba,0,,0,0,-1,-1,-1,-1,-1,-1,-1,-1,-1,-1,-1,-1
5201,5,1300,12,16,16,211347.550638,211347.572383,0.021745,0x40533c,1,87,59,28,56,40.000000,0,0,0.030050,1.200000,0.800000,mba,0,,0,0,-1,-1,-1,-1,-1,-1,-1,-1,-1,-1,-1,-1
5201,5,1300,13,16,16,211347.549981,211347.571775,0.021794,0x40533c,1,44,27,17,58,40.000000,0,0,0.030050,1.200000,0.800000,mba,0,,0,0,-1,-1,-1,-1,-1,-1,-1,-1,-1,-1,-1,-1
5201,5,1300,14,16,16,211347.549335,211347.571376,0.022041,0x40533c,1,56,8,48,60,40.000000,0,0,0.030050,1.200000,0.800000,mba,0,,0,0,-1,-1,-1,-1,-1,-1,-1,-1,-1,-1,-1,-1
5201,5,1300,15,16,16,211347.550331,211347.571988,0.021657,0x40533c,1,61,26,35,62,40.000000,0,0,0.030050,1.200000,0.800000,mba,0,,0,0,-1,-1,-1,-1,-1,-1,-1,-1,-1,-1,-1,-1
5598,2,1400,0,16,16,222687.987226,222802.819029,79.157967,0x4051ce,1,6583990,2664301,3919689,32,30.000000,1,1,115.396925,1.200000,0.800000,mba,0,,1,1,23158784,15499264,18202624,2783837315072,2784576774144,708460544,2783837315072,2784576774144,706568192,-1,-1,-1
5598,2,1400,1,16,16,222688.135426,222802.735935,76.519575,0x4051ce,1,7118721,2504616,4614105,34,30.000000,1,1,115.396925,1.200000,0.800000,mba,0,,1,1,23339008,15409152,10002432,2783838035968,2784576323584,698277888,2783838035968,2784576323584,697196544,-1,-1,-1
5598,2,1400,2,16,16,222687.966507,222802.753185,77.403620,0x4051ce,1,7408796,3697312,3711484,36,40.000000,1,1,115.396925,1.200000,0.800000,mba,0,,1,1,8740864,14598144,10903552,1245407494144,1247523864576,1735376896,1245407944704,1247523954688,1736368128,-1,-1,-1
5598,2,1400,3,16,16,222687.900857,222802.990121,92.252543,0x4051ce,1,7702605,4643305,3059300,38,40.000000,1,1,115.396925,1.200000,0.800000,mba,0,,1,1,8560640,15228928,36495360,1245406773248,1247527559168,1982644224,1245406773248,1247527559168,1981833216,-1,-1,-1
5598,2,1400,4,16,16,222688.173372,222803.094209,104.539610,0x4051ce,1,12910774,7926658,4984116,40,100.000000,1,1,115.396925,1.200000,0.800000,mba,0,,1,1,49020928,51003392,2072576,13666064850944,13673247678464,7115603968,13666065301504,13673247768576,7107584000,-1,-1,-1
5598,2,1400,5,16,16,222688.157734,222803.067111,105.230446,0x4051ce,1,13583396,10260262,3323134,42,100.000000,1,1,115.396925,1.200000,0.800000,mba,0,,1,1,48750592,51003392,2162688,13666063679488,13673247588352,7162011648,13666064039936,13673247588352,7155433472,-1,-1,-1
5598,2,1400,6,16,16,222687.981657,222802.935817,99.328704,0x4051ce,1,12775510,9762588,3012922,12,100.000000,1,1,115.396925,1.200000,0.800000,mba,0,,1,1,49741824,50192384,1261568,13666052685824,13673238216704,6839230464,13666052775936,13673238847488,6842654720,-1,-1,-1
5598,2,1400,7,16,16,222687.960131,222803.074345,104.913197,0x4051ce,1,13497247,10327866,3169381,46,100.000000,1,1,115.396925,1.200000,0.800000,mba,0,,1,1,49831936,50913280,1982464,13666052505600,13673247588352,7157866496,13666052505600,13673247588352,7153360896,-1,-1,-1
5598,2,1400,8,16,16,222688.149951,222803.036106,104.279168,0x4051ce,1,13492574,10285831,3206743,48,100.000000,1,1,115.396925,1.200000,0.800000,mba,0,,1,1,48840704,50823168,1892352,13666063679488,13673246687232,7139303424,13666063859712,13673247047680,7139844096,-1,-1,-1
5598,2,1400,9,16,16,222687.955196,222802.945724,98.896517,0x4051ce,1,12752663,9782920,2969743,18,100.000000,1,1,115.396925,1.200000,0.800000,mba,0,,1,1,49922048,50282496,1441792,13666052505600,13673239298048,6797328384,13666052505600,13673239658496,6804267008,-1,-1,-1
5598,2,1400,10,16,16,222687.954529,222803.015728,103.753634,0x4051ce,1,13482705,10256517,3226188,52,100.000000,1,1,115.396925,1.200000,0.800000,mba,0,,1,1,49831936,50733056,1802240,13666052505600,13673244614656,7114432512,13666052505600,13673245065216,7115333632,-1,-1,-1
5598,2,1400,11,16,16,222687.947839,222803.071561,104.919979,0x4051ce,1,13453640,10286320,3167320,54,100.000000,1,1,115.396925,1.200000,0.800000,mba,0,,1,1,49922048,51003392,2072576,13666052505600,13673247588352,7160840192,13666052505600,13673247588352,7157866496,-1,-1,-1
5598,2,1400,12,16,16,222687.904723,222803.099887,102.820562,0x4051ce,1,7646783,5972849,1673934,56,40.000000,1,1,115.396925,1.200000,0.800000,mba,0,,1,1,8560640,15319040,15499264,1245406773248,1247528460288,2076540928,1245406773248,1247528550400,2075729920,-1,-1,-1
5598,2,1400,13,16,16,222688.156824,222803.297782,109.487688,0x4051ce,1,7587905,6505956,1081949,58,40.000000,1,1,115.396925,1.200000,0.800000,mba,0,,1,1,9461760,15319040,10723328,1245411008512,1247529811968,2116280320,1245411188736,1247529811968,2115108864,-1,-1,-1
5598,2,1400,14,16,16,222687.919136,222802.450253,64.654154,0x4051ce,1,7313608,3103940,4209668,60,40.000000,1,1,115.396925,1.200000,0.800000,mba,0,,1,1,8560640,14237696,15769600,1245406773248,1247517827072,1497661440,1245406863360,1247517827072,1498112000,-1,-1,-1
5598,2,1400,15,16,16,222687.981268,222802.806071,82.234837,0x4051ce,1,7327907,2909281,4418626,62,30.000000,1,1,115.396925,1.200000,0.800000,mba,0,,1,1,23068672,15589376,13606912,2783837315072,2784576684032,722608128,2783837315072,2784576684032,721076224,-1,-1,-1
5599,3,1400,0,16,16,222803.454487,222803.572551,0.118064,0x405218,1,6335,2821,3514,32,20.000000,0,0,0.240073,1.200000,0.800000,mba,0,,0,0,-1,-1,-1,-1,-1,-1,-1,-1,-1,-1,-1,-1
5599,3,1400,1,16,16,222803.454385,222803.576373,0.121988,0x405218,1,6108,2263,3845,34,20.000000,0,0,0.240073,1.200000,0.800000,mba,0,,0,0,-1,-1,-1,-1,-1,-1,-1,-1,-1,-1,-1,-1
5599,3,1400,2,16,16,222803.454138,222803.567825,0.113687,0x405218,1,6581,2837,3744,36,20.000000,0,0,0.240073,1.200000,0.800000,mba,0,,0,0,-1,-1,-1,-1,-1,-1,-1,-1,-1,-1,-1,-1
5599,3,1400,3,16,16,222803.453180,222803.572817,0.119637,0x405218,1,5476,2855,2621,38,20.000000,0,0,0.240073,1.200000,0.800000,mba,0,,0,0,-1,-1,-1,-1,-1,-1,-1,-1,-1,-1,-1,-1
5599,3,1400,4,16,16,222803.453802,222803.693223,0.239421,0x405218,1,9264,4839,4425,40,100.000000,0,0,0.240073,1.200000,0.800000,mba,0,,0,0,-1,-1,-1,-1,-1,-1,-1,-1,-1,-1,-1,-1
5599,3,1400,5,16,16,222803.454737,222803.660571,0.205834,0x405218,1,10412,6659,3753,42,100.000000,0,0,0.240073,1.200000,0.800000,mba,0,,0,0,-1,-1,-1,-1,-1,-1,-1,-1,-1,-1,-1,-1
5599,3,1400,6,16,16,222803.454129,222803.659716,0.205587,0x405218,1,10107,6877,3230,12,100.000000,0,0,0.240073,1.200000,0.800000,mba,0,,0,0,-1,-1,-1,-1,-1,-1,-1,-1,-1,-1,-1,-1
5599,3,1400,7,16,16,222803.454100,222803.665297,0.211197,0x405218,1,10281,7133,3148,46,100.000000,0,0,0.240073,1.200000,0.800000,mba,0,,0,0,-1,-1,-1,-1,-1,-1,-1,-1,-1,-1,-1,-1
5599,3,1400,8,16,16,222803.454174,222803.656996,0.202822,0x405218,1,10230,7032,3198,48,100.000000,0,0,0.240073,1.200000,0.800000,mba,0,,0,0,-1,-1,-1,-1,-1,-1,-1,-1,-1,-1,-1,-1
5599,3,1400,9,16,16,222803.454145,222803.661322,0.207177,0x405218,1,10056,6940,3116,18,100.000000,0,0,0.240073,1.200000,0.800000,mba,0,,0,0,-1,-1,-1,-1,-1,-1,-1,-1,-1,-1,-1,-1
5599,3,1400,10,16,16,222803.454512,222803.656182,0.201670,0x405218,1,10264,6963,3301,52,100.000000,0,0,0.240073,1.200000,0.800000,mba,0,,0,0,-1,-1,-1,-1,-1,-1,-1,-1,-1,-1,-1,-1
5599,3,1400,11,16,16,222803.454070,222803.656282,0.202212,0x405218,1,10295,7185,3110,54,100.000000,0,0,0.240073,1.200000,0.800000,mba,0,,0,0,-1,-1,-1,-1,-1,-1,-1,-1,-1,-1,-1,-1
5599,3,1400,12,16,16,222803.453564,222803.601251,0.147687,0x405218,1,6265,4473,1792,56,20.000000,0,0,0.240073,1.200000,0.800000,mba,0,,0,0,-1,-1,-1,-1,-1,-1,-1,-1,-1,-1,-1,-1
5599,3,1400,13,16,16,222803.454018,222803.584402,0.130384,0x405218,1,4846,2916,1930,58,20.000000,0,0,0.240073,1.200000,0.800000,mba,0,,0,0,-1,-1,-1,-1,-1,-1,-1,-1,-1,-1,-1,-1
5599,3,1400,14,16,16,222803.454130,222803.591284,0.137154,0x405218,1,6236,2783,3453,60,20.000000,0,0,0.240073,1.200000,0.800000,mba,0,,0,0,-1,-1,-1,-1,-1,-1,-1,-1,-1,-1,-1,-1
5599,3,1400,15,16,16,222803.453150,222803.557633,0.104483,0x405218,1,5224,1885,3339,62,20.000000,0,0,0.240073,1.200000,0.800000,mba,0,,0,0,-1,-1,-1,-1,-1,-1,-1,-1,-1,-1,-1,-1
5600,4,1400,0,16,16,222804.429684,222804.466585,0.036901,0x4052e4,1,1888,967,921,32,100.000000,0,0,0.042862,1.200000,0.800000,mba,0,,0,0,-1,-1,-1,-1,-1,-1,-1,-1,-1,-1,-1,-1
5600,4,1400,1,16,16,222804.425671,222804.446426,0.020755,0x4052e4,1,143,95,48,34,20.000000,0,0,0.042862,1.200000,0.800000,mba,0,,0,0,-1,-1,-1,-1,-1,-1,-1,-1,-1,-1,-1,-1
5600,4,1400,2,16,16,222804.426390,222804.446049,0.019659,0x4052e4,1,284,222,62,36,20.000000,0,0,0.042862,1.200000,0.800000,mba,0,,0,0,-1,-1,-1,-1,-1,-1,-1,-1,-1,-1,-1,-1
5600,4,1400,3,16,16,222804.423723,222804.443165,0.019442,0x4052e4,1,173,123,50,38,20.000000,0,0,0.042862,1.200000,0.800000,mba,0,,0,0,-1,-1,-1,-1,-1,-1,-1,-1,-1,-1,-1,-1
5600,4,1400,4,16,16,222804.424978,222804.447595,0.022617,0x4052e4,1,213,106,107,40,20.000000,0,0,0.042862,1.200000,0.800000,mba,0,,0,0,-1,-1,-1,-1,-1,-1,-1,-1,-1,-1,-1,-1
5600,4,1400,5,16,16,222804.425453,222804.448168,0.022715,0x4052e4,1,374,269,105,42,20.000000,0,0,0.042862,1.200000,0.800000,mba,0,,0,0,-1,-1,-1,-1,-1,-1,-1,-1,-1,-1,-1,-1
5600,4,1400,6,16,16,222804.424602,222804.446873,0.022271,0x4052e4,1,352,282,70,12,20.000000,0,0,0.042862,1.200000,0.800000,mba,0,,0,0,-1,-1,-1,-1,-1,-1,-1,-1,-1,-1,-1,-1
5600,4,1400,7,16,16,222804.425238,222804.447077,0.021839,0x4052e4,1,331,249,82,46,20.000000,0,0,0.042862,1.200000,0.800000,mba,0,,0,0,-1,-1,-1,-1,-1,-1,-1,-1,-1,-1,-1,-1
5600,4,1400,8,16,16,222804.424916,222804.447552,0.022636,0x4052e4,1,367,286,81,48,20.000000,0,0,0.042862,1.200000,0.800000,mba,0,,0,0,-1,-1,-1,-1,-1,-1,-1,-1,-1,-1,-1,-1
5600,4,1400,9,16,16,222804.426062,222804.447713,0.021651,0x4052e4,1,350,285,65,18,20.000000,0,0,0.042862,1.200000,0.800000,mba,0,,0,0,-1,-1,-1,-1,-1,-1,-1,-1,-1,-1,-1,-1
5600,4,1400,10,16,16,222804.425957,222804.447853,0.021896,0x4052e4,1,379,296,83,52,20.000000,0,0,0.042862,1.200000,0.800000,mba,0,,0,0,-1,-1,-1,-1,-1,-1,-1,-1,-1,-1,-1,-1
5600,4,1400,11,16,16,222804.424916,222804.446446,0.021530,0x4052e4,1,405,304,101,54,20.000000,0,0,0.042862,1.200000,0.800000,mba,0,,0,0,-1,-1,-1,-1,-1,-1,-1,-1,-1,-1,-1,-1
5600,4,1400,12,16,16,222804.424081,222804.443269,0.019188,0x4052e4,1,175,137,38,56,20.000000,0,0,0.042862,1.200000,0.800000,mba,0,,0,0,-1,-1,-1,-1,-1,-1,-1,-1,-1,-1,-1,-1
5600,4,1400,13,16,16,222804.425172,222804.444849,0.019677,0x4052e4,1,140,74,66,58,20.000000,0,0,0.042862,1.200000,0.800000,mba,0,,0,0,-1,-1,-1,-1,-1,-1,-1,-1,-1,-1,-1,-1
5600,4,1400,14,16,16,222804.424743,222804.445656,0.020913,0x4052e4,1,150,108,42,60,20.000000,0,0,0.042862,1.200000,0.800000,mba,0,,0,0,-1,-1,-1,-1,-1,-1,-1,-1,-1,-1,-1,-1
5600,4,1400,15,16,16,222804.425349,222804.445040,0.019691,0x4052e4,1,79,18,61,62,20.000000,0,0,0.042862,1.200000,0.800000,mba,0,,0,0,-1,-1,-1,-1,-1,-1,-1,-1,-1,-1,-1,-1
5601,5,1400,0,16,16,222804.524023,222804.542867,0.018844,0x40533c,1,37,0,37,32,40.000000,0,0,0.027589,1.200000,0.800000,mba,0,,0,0,-1,-1,-1,-1,-1,-1,-1,-1,-1,-1,-1,-1
5601,5,1400,1,16,16,222804.521619,222804.540678,0.019059,0x40533c,1,52,20,32,34,40.000000,0,0,0.027589,1.200000,0.800000,mba,0,,0,0,-1,-1,-1,-1,-1,-1,-1,-1,-1,-1,-1,-1
5601,5,1400,2,16,16,222804.522925,222804.541935,0.019010,0x40533c,1,111,64,47,36,40.000000,0,0,0.027589,1.200000,0.800000,mba,0,,0,0,-1,-1,-1,-1,-1,-1,-1,-1,-1,-1,-1,-1
5601,5,1400,3,16,16,222804.523958,222804.542520,0.018562,0x40533c,1,61,18,43,38,40.000000,0,0,0.027589,1.200000,0.800000,mba,0,,0,0,-1,-1,-1,-1,-1,-1,-1,-1,-1,-1,-1,-1
5601,5,1400,4,16,16,222804.522748,222804.546014,0.023266,0x40533c,1,301,149,152,40,100.000000,0,0,0.027589,1.200000,0.800000,mba,0,,0,0,-1,-1,-1,-1,-1,-1,-1,-1,-1,-1,-1,-1
5601,5,1400,5,16,16,222804.523278,222804.549208,0.025930,0x40533c,1,637,347,290,42,100.000000,0,0,0.027589,1.200000,0.800000,mba,0,,0,0,-1,-1,-1,-1,-1,-1,-1,-1,-1,-1,-1,-1
5601,5,1400,6,16,16,222804.522643,222804.546094,0.023451,0x40533c,1,668,288,380,12,100.000000,0,0,0.027589,1.200000,0.800000,mba,0,,0,0,-1,-1,-1,-1,-1,-1,-1,-1,-1,-1,-1,-1
5601,5,1400,7,16,16,222804.523954,222804.546705,0.022751,0x40533c,1,657,322,335,46,100.000000,0,0,0.027589,1.200000,0.800000,mba,0,,0,0,-1,-1,-1,-1,-1,-1,-1,-1,-1,-1,-1,-1
5601,5,1400,8,16,16,222804.524356,222804.547479,0.023123,0x40533c,1,554,206,348,48,100.000000,0,0,0.027589,1.200000,0.800000,mba,0,,0,0,-1,-1,-1,-1,-1,-1,-1,-1,-1,-1,-1,-1
5601,5,1400,9,16,16,222804.524006,222804.546548,0.022542,0x40533c,1,587,198,389,18,100.000000,0,0,0.027589,1.200000,0.800000,mba,0,,0,0,-1,-1,-1,-1,-1,-1,-1,-1,-1,-1,-1,-1
5601,5,1400,10,16,16,222804.523851,222804.546870,0.023019,0x40533c,1,673,268,405,52,100.000000,0,0,0.027589,1.200000,0.800000,mba,0,,0,0,-1,-1,-1,-1,-1,-1,-1,-1,-1,-1,-1,-1
5601,5,1400,11,16,16,222804.523251,222804.545752,0.022501,0x40533c,1,673,245,428,54,100.000000,0,0,0.027589,1.200000,0.800000,mba,0,,0,0,-1,-1,-1,-1,-1,-1,-1,-1,-1,-1,-1,-1
5601,5,1400,12,16,16,222804.522245,222804.541041,0.018796,0x40533c,1,64,42,22,56,40.000000,0,0,0.027589,1.200000,0.800000,mba,0,,0,0,-1,-1,-1,-1,-1,-1,-1,-1,-1,-1,-1,-1
5601,5,1400,13,16,16,222804.523677,222804.542236,0.018559,0x40533c,1,44,19,25,58,40.000000,0,0,0.027589,1.200000,0.800000,mba,0,,0,0,-1,-1,-1,-1,-1,-1,-1,-1,-1,-1,-1,-1
5601,5,1400,14,16,16,222804.522557,222804.541424,0.018867,0x40533c,1,57,27,30,60,40.000000,0,0,0.027589,1.200000,0.800000,mba,0,,0,0,-1,-1,-1,-1,-1,-1,-1,-1,-1,-1,-1,-1
5601,5,1400,15,16,16,222804.523092,222804.542038,0.018946,0x40533c,1,80,59,21,62,40.000000,0,0,0.027589,1.200000,0.800000,mba,0,,0,0,-1,-1,-1,-1,-1,-1,-1,-1,-1,-1,-1,-1
5998,2,1500,0,16,16,234202.419761,234310.116454,76.402976,0x4051ce,1,6584760,2567132,4017628,32,30.000000,1,1,109.550489,1.200000,0.800000,mba,0,,1,1,17842176,21266432,5677056,2864254525440,2865329111040,981770240,2864254615552,2865329201152,980688896,-1,-1,-1
5998,2,1500,1,16,16,234200.887723,234310.051853,74.538765,0x4051ce,1,7168994,2469484,4699510,34,30.000000,1,1,109.550489,1.200000,0.800000,mba,0,,1,1,18743296,21086208,-360448,2864248487936,2865328390144,960143360,2864248487936,2865328480256,959152128,-1,-1,-1
5998,2,1500,2,16,16,234201.714979,234309.977964,72.898196,0x4051ce,1,6861093,3333012,3528081,36,40.000000,1,1,109.550489,1.200000,0.800000,mba,0,,1,1,13967360,5677056,16941056,1458698452992,1459434938368,659259392,1458698452992,1459434938368,659349504,-1,-1,-1
5998,2,1500,3,16,16,234201.104850,234310.146259,87.877023,0x4051ce,1,7132191,4280987,2851204,38,40.000000,1,1,109.550489,1.200000,0.800000,mba,0,,1,1,15679488,5677056,22528000,1458694668288,1459435839488,737746944,1458694668288,1459435839488,737476608,-1,-1,-1
5998,2,1500,4,16,16,234201.236754,234310.225944,94.270866,0x4051ce,1,12934057,7873531,5060526,40,100.000000,1,1,109.550489,1.200000,0.800000,mba,0,,1,1,48750592,51093504,811008,14361091678208,14367660662784,6229622784,14361091678208,14367661023232,6232866816,-1,-1,-1
5998,2,1500,5,16,16,234201.548357,234310.264882,99.320335,0x4051ce,1,12844760,9648553,3196207,42,100.000000,1,1,109.550489,1.200000,0.800000,mba,0,,1,1,47489024,51273728,991232,14361101139968,14367662645248,6509240320,14361101680640,14367662915584,6506176512,-1,-1,-1
5998,2,1500,6,16,16,234201.360259,234310.185181,95.881872,0x4051ce,1,11578672,8681063,2897609,44,100.000000,1,1,109.550489,1.200000,0.800000,mba,0,,1,1,48390144,51003392,630784,14361094291456,14367658139648,6344515584,14361094561792,14367658590208,6345326592,-1,-1,-1
5998,2,1500,7,16,16,234202.009434,234310.270854,98.978269,0x4051ce,1,12793399,9697080,3096319,46,100.000000,1,1,109.550489,1.200000,0.800000,mba,0,,1,1,47398912,51363840,991232,14361126731776,14367662825472,6484819968,14361126912000,14367662915584,6482657280,-1,-1,-1
5998,2,1500,8,16,16,234200.890610,234310.311050,101.379691,0x4051ce,1,11980590,8838548,3142042,48,100.000000,1,1,109.550489,1.200000,0.800000,mba,0,,1,1,49381376,51544064,1802240,14361087082496,14367662915584,6517350400,14361087082496,14367662915584,6511853568,-1,-1,-1
5998,2,1500,9,16,16,234201.554958,234310.184337,92.593960,0x4051ce,1,12110726,9070285,3040441,18,100.000000,1,1,109.550489,1.200000,0.800000,mba,0,,1,1,47489024,51003392,630784,14361101680640,14367657598976,6125182976,14361101770752,14367658500096,6133563392,-1,-1,-1
5998,2,1500,10,16,16,234202.429483,234310.276735,99.231496,0x4051ce,1,12379693,9311547,3068146,52,100.000000,1,1,109.550489,1.200000,0.800000,mba,0,,1,1,47489024,51363840,991232,14361153404928,14367662915584,6451929088,14361153585152,14367662915584,6449766400,-1,-1,-1
5998,2,1500,11,16,16,234201.892367,234310.263318,98.505591,0x4051ce,1,12735490,9547976,3187514,54,100.000000,1,1,109.550489,1.200000,0.800000,mba,0,,1,1,47759360,51183616,901120,14361120243712,14367662645248,6474186752,14361120514048,14367662915584,6472654848,-1,-1,-1
5998,2,1500,12,16,16,234200.847474,234309.931558,76.161571,0x4051ce,1,7692694,5725789,1966905,56,50.000000,1,1,109.550489,1.200000,0.800000,mba,0,,1,1,90112,4415488,54427648,105864478720,106916085760,999972864,105864478720,106916265984,1000693760,-1,-1,-1
5998,2,1500,13,16,16,234201.104982,234310.141254,82.024823,0x4051ce,1,7633027,6402681,1230346,58,50.000000,1,1,109.550489,1.200000,0.800000,mba,0,,1,1,450560,4235264,52535296,105866461184,106917707776,1046470656,105866551296,106917707776,1045659648,-1,-1,-1
5998,2,1500,14,16,16,234202.261615,234310.397963,96.404076,0x4051ce,1,7870439,3583156,4287283,60,30.000000,1,1,109.550489,1.200000,0.800000,mba,0,,1,1,17752064,22257664,9912320,2864252813312,2865330462720,1070530560,2864252813312,2865330462720,1068728320,-1,-1,-1
5998,2,1500,15,16,16,234202.132897,234310.291110,83.330047,0x4051ce,1,7647469,3077106,4570363,62,30.000000,1,1,109.550489,1.200000,0.800000,mba,0,,1,1,17301504,22167552,5226496,2864252362752,2865330192384,1029259264,2864252362752,2865330282496,1027637248,-1,-1,-1
5999,3,1500,0,16,16,234310.555698,234310.662080,0.106382,0x405218,1,6348,2663,3685,32,20.000000,0,0,0.243252,1.200000,0.800000,mba,0,,0,0,-1,-1,-1,-1,-1,-1,-1,-1,-1,-1,-1,-1
5999,3,1500,1,16,16,234310.555929,234310.680520,0.124591,0x405218,1,6132,2332,3800,34,20.000000,0,0,0.243252,1.200000,0.800000,mba,0,,0,0,-1,-1,-1,-1,-1,-1,-1,-1,-1,-1,-1,-1
5999,3,1500,2,16,16,234310.556864,234310.684807,0.127943,0x405218,1,6336,2729,3607,36,20.000000,0,0,0.243252,1.200000,0.800000,mba,0,,0,0,-1,-1,-1,-1,-1,-1,-1,-1,-1,-1,-1,-1
5999,3,1500,3,16,16,234310.555388,234310.687370,0.131982,0x405218,1,5390,3240,2150,38,20.000000,0,0,0.243252,1.200000,0.800000,mba,0,,0,0,-1,-1,-1,-1,-1,-1,-1,-1,-1,-1,-1,-1
5999,3,1500,4,16,16,234310.556824,234310.750195,0.193371,0x405218,1,9989,5632,4357,40,100.000000,0,0,0.243252,1.200000,0.800000,mba,0,,0,0,-1,-1,-1,-1,-1,-1,-1,-1,-1,-1,-1,-1
5999,3,1500,5,16,16,234310.556919,234310.762585,0.205666,0x405218,1,10108,6603,3505,42,100.000000,0,0,0.243252,1.200000,0.800000,mba,0,,0,0,-1,-1,-1,-1,-1,-1,-1,-1,-1,-1,-1,-1
5999,3,1500,6,16,16,234310.557074,234310.793427,0.236353,0x405218,1,8847,5646,3201,44,100.000000,0,0,0.243252,1.200000,0.800000,mba,0,,0,0,-1,-1,-1,-1,-1,-1,-1,-1,-1,-1,-1,-1
5999,3,1500,7,16,16,234310.556699,234310.757658,0.200959,0x405218,1,10059,6554,3505,46,100.000000,0,0,0.243252,1.200000,0.800000,mba,0,,0,0,-1,-1,-1,-1,-1,-1,-1,-1,-1,-1,-1,-1
5999,3,1500,8,16,16,234310.555828,234310.793586,0.237758,0x405218,1,9045,5799,3246,48,100.000000,0,0,0.243252,1.200000,0.800000,mba,0,,0,0,-1,-1,-1,-1,-1,-1,-1,-1,-1,-1,-1,-1
5999,3,1500,9,16,16,234310.556897,234310.757798,0.200901,0x405218,1,9786,6331,3455,18,100.000000,0,0,0.243252,1.200000,0.800000,mba,0,,0,0,-1,-1,-1,-1,-1,-1,-1,-1,-1,-1,-1,-1
5999,3,1500,10,16,16,234310.556579,234310.798640,0.242061,0x405218,1,9084,5850,3234,52,100.000000,0,0,0.243252,1.200000,0.800000,mba,0,,0,0,-1,-1,-1,-1,-1,-1,-1,-1,-1,-1,-1,-1
5999,3,1500,11,16,16,234310.556477,234310.755608,0.199131,0x405218,1,9999,6608,3391,54,100.000000,0,0,0.243252,1.200000,0.800000,mba,0,,0,0,-1,-1,-1,-1,-1,-1,-1,-1,-1,-1,-1,-1
5999,3,1500,12,16,16,234310.556288,234310.702082,0.145794,0x405218,1,6274,4647,1627,56,20.000000,0,0,0.243252,1.200000,0.800000,mba,0,,0,0,-1,-1,-1,-1,-1,-1,-1,-1,-1,-1,-1,-1
5999,3,1500,13,16,16,234310.556442,234310.687921,0.131479,0x405218,1,5684,4255,1429,58,20.000000,0,0,0.243252,1.200000,0.800000,mba,0,,0,0,-1,-1,-1,-1,-1,-1,-1,-1,-1,-1,-1,-1
5999,3,1500,14,16,16,234310.557486,234310.663874,0.106388,0x405218,1,6367,2403,3964,60,20.000000,0,0,0.243252,1.200000,0.800000,mba,0,,0,0,-1,-1,-1,-1,-1,-1,-1,-1,-1,-1,-1,-1
5999,3,1500,15,16,16,234310.556554,234310.648861,0.092307,0x405218,1,5848,2105,3743,62,20.000000,0,0,0.243252,1.200000,0.800000,mba,0,,0,0,-1,-1,-1,-1,-1,-1,-1,-1,-1,-1,-1,-1
6000,4,1500,0,16,16,234311.529762,234311.566198,0.036436,0x4052e4,1,2006,927,1079,32,100.000000,0,0,0.044469,1.200000,0.800000,mba,0,,0,0,-1,-1,-1,-1,-1,-1,-1,-1,-1,-1,-1,-1
6000,4,1500,1,16,16,234311.524854,234311.544933,0.020079,0x4052e4,1,132,75,57,34,20.000000,0,0,0.044469,1.200000,0.800000,mba,0,,0,0,-1,-1,-1,-1,-1,-1,-1,-1,-1,-1,-1,-1
6000,4,1500,2,16,16,234311.523847,234311.544054,0.020207,0x4052e4,1,135,90,45,36,20.000000,0,0,0.044469,1.200000,0.800000,mba,0,,0,0,-1,-1,-1,-1,-1,-1,-1,-1,-1,-1,-1,-1
6000,4,1500,3,16,16,234311.522950,234311.542498,0.019548,0x4052e4,1,62,20,42,38,20.000000,0,0,0.044469,1.200000,0.800000,mba,0,,0,0,-1,-1,-1,-1,-1,-1,-1,-1,-1,-1,-1,-1
6000,4,1500,4,16,16,234311.523577,234311.546800,0.023223,0x4052e4,1,294,163,131,40,20.000000,0,0,0.044469,1.200000,0.800000,mba,0,,0,0,-1,-1,-1,-1,-1,-1,-1,-1,-1,-1,-1,-1
6000,4,1500,5,16,16,234311.524053,234311.544882,0.020829,0x4052e4,1,275,186,89,42,20.000000,0,0,0.044469,1.200000,0.800000,mba,0,,0,0,-1,-1,-1,-1,-1,-1,-1,-1,-1,-1,-1,-1
6000,4,1500,6,16,16,234311.523399,234311.547310,0.023911,0x4052e4,1,203,115,88,44,20.000000,0,0,0.044469,1.200000,0.800000,mba,0,,0,0,-1,-1,-1,-1,-1,-1,-1,-1,-1,-1,-1,-1
6000,4,1500,7,16,16,234311.524504,234311.547708,0.023204,0x4052e4,1,364,281,83,46,20.000000,0,0,0.044469,1.200000,0.800000,mba,0,,0,0,-1,-1,-1,-1,-1,-1,-1,-1,-1,-1,-1,-1
6000,4,1500,8,16,16,234311.524084,234311.546986,0.022902,0x4052e4,1,219,163,56,48,20.000000,0,0,0.044469,1.200000,0.800000,mba,0,,0,0,-1,-1,-1,-1,-1,-1,-1,-1,-1,-1,-1,-1
6000,4,1500,9,16,16,234311.524036,234311.547121,0.023085,0x4052e4,1,321,235,86,18,20.000000,0,0,0.044469,1.200000,0.800000,mba,0,,0,0,-1,-1,-1,-1,-1,-1,-1,-1,-1,-1,-1,-1
6000,4,1500,10,16,16,234311.523573,234311.547046,0.023473,0x4052e4,1,187,88,99,52,20.000000,0,0,0.044469,1.200000,0.800000,mba,0,,0,0,-1,-1,-1,-1,-1,-1,-1,-1,-1,-1,-1,-1
6000,4,1500,11,16,16,234311.523138,234311.545812,0.022674,0x4052e4,1,386,268,118,54,20.000000,0,0,0.044469,1.200000,0.800000,mba,0,,0,0,-1,-1,-1,-1,-1,-1,-1,-1,-1,-1,-1,-1
6000,4,1500,12,16,16,234311.522050,234311.541386,0.019336,0x4052e4,1,178,143,35,56,20.000000,0,0,0.044469,1.200000,0.800000,mba,0,,0,0,-1,-1,-1,-1,-1,-1,-1,-1,-1,-1,-1,-1
6000,4,1500,13,16,16,234311.521729,234311.541059,0.019330,0x4052e4,1,186,139,47,58,20.000000,0,0,0.044469,1.200000,0.800000,mba,0,,0,0,-1,-1,-1,-1,-1,-1,-1,-1,-1,-1,-1,-1
6000,4,1500,14,16,16,234311.523272,234311.542655,0.019383,0x4052e4,1,269,198,71,60,20.000000,0,0,0.044469,1.200000,0.800000,mba,0,,0,0,-1,-1,-1,-1,-1,-1,-1,-1,-1,-1,-1,-1
6000,4,1500,15,16,16,234311.522816,234311.542078,0.019262,0x4052e4,1,175,117,58,62,20.000000,0,0,0.044469,1.200000,0.800000,mba,0,,0,0,-1,-1,-1,-1,-1,-1,-1,-1,-1,-1,-1,-1
6001,5,1500,0,16,16,234311.627206,234311.645946,0.018740,0x40533c,1,34,1,33,32,50.000000,0,0,0.028265,1.200000,0.800000,mba,0,,0,0,-1,-1,-1,-1,-1,-1,-1,-1,-1,-1,-1,-1
6001,5,1500,1,16,16,234311.627036,234311.646092,0.019056,0x40533c,1,49,15,34,34,40.000000,0,0,0.028265,1.200000,0.800000,mba,0,,0,0,-1,-1,-1,-1,-1,-1,-1,-1,-1,-1,-1,-1
6001,5,1500,2,16,16,234311.628404,234311.647761,0.019357,0x40533c,1,140,92,48,36,40.000000,0,0,0.028265,1.200000,0.800000,mba,0,,0,0,-1,-1,-1,-1,-1,-1,-1,-1,-1,-1,-1,-1
6001,5,1500,3,16,16,234311.626685,234311.645828,0.019143,0x40533c,1,34,5,29,38,40.000000,0,0,0.028265,1.200000,0.800000,mba,0,,0,0,-1,-1,-1,-1,-1,-1,-1,-1,-1,-1,-1,-1
6001,5,1500,4,16,16,234311.627734,234311.652678,0.024944,0x40533c,1,522,232,290,40,100.000000,0,0,0.028265,1.200000,0.800000,mba,0,,0,0,-1,-1,-1,-1,-1,-1,-1,-1,-1,-1,-1,-1
6001,5,1500,5,16,16,234311.628582,234311.651153,0.022571,0x40533c,1,604,308,296,42,100.000000,0,0,0.028265,1.200000,0.800000,mba,0,,0,0,-1,-1,-1,-1,-1,-1,-1,-1,-1,-1,-1,-1
6001,5,1500,6,16,16,234311.627488,234311.652882,0.025394,0x40533c,1,265,122,143,44,100.000000,0,0,0.028265,1.200000,0.800000,mba,0,,0,0,-1,-1,-1,-1,-1,-1,-1,-1,-1,-1,-1,-1
6001,5,1500,7,16,16,234311.628206,234311.653398,0.025192,0x40533c,1,680,339,341,46,100.000000,0,0,0.028265,1.200000,0.800000,mba,0,,0,0,-1,-1,-1,-1,-1,-1,-1,-1,-1,-1,-1,-1
6001,5,1500,8,16,16,234311.627336,234311.651047,0.023711,0x40533c,1,278,99,179,48,100.000000,0,0,0.028265,1.200000,0.800000,mba,0,,0,0,-1,-1,-1,-1,-1,-1,-1,-1,-1,-1,-1,-1
6001,5,1500,9,16,16,234311.627492,234311.652384,0.024892,0x40533c,1,575,223,352,18,100.000000,0,0,0.028265,1.200000,0.800000,mba,0,,0,0,-1,-1,-1,-1,-1,-1,-1,-1,-1,-1,-1,-1
6001,5,1500,10,16,16,234311.628705,234311.654909,0.026204,0x40533c,1,400,225,175,52,100.000000,0,0,0.028265,1.200000,0.800000,mba,0,,0,0,-1,-1,-1,-1,-1,-1,-1,-1,-1,-1,-1,-1
6001,5,1500,11,16,16,234311.626644,234311.651962,0.025318,0x40533c,1,685,303,382,54,100.000000,0,0,0.028265,1.200000,0.800000,mba,0,,0,0,-1,-1,-1,-1,-1,-1,-1,-1,-1,-1,-1,-1
6001,5,1500,12,16,16,234311.627928,234311.646557,0.018629,0x40533c,1,131,82,49,56,40.000000,0,0,0.028265,1.200000,0.800000,mba,0,,0,0,-1,-1,-1,-1,-1,-1,-1,-1,-1,-1,-1,-1
6001,5,1500,13,16,16,234311.628648,234311.647796,0.019148,0x40533c,1,59,25,34,58,40.000000,0,0,0.028265,1.200000,0.800000,mba,0,,0,0,-1,-1,-1,-1,-1,-1,-1,-1,-1,-1,-1,-1
6001,5,1500,14,16,16,234311.628474,234311.647534,0.019060,0x40533c,1,106,49,57,60,40.000000,0,0,0.028265,1.200000,0.800000,mba,0,,0,0,-1,-1,-1,-1,-1,-1,-1,-1,-1,-1,-1,-1
6001,5,1500,15,16,16,234311.628491,234311.647991,0.019500,0x40533c,1,94,33,61,62,40.000000,0,0,0.028265,1.200000,0.800000,mba,0,,0,0,-1,-1,-1,-1,-1,-1,-1,-1,-1,-1,-1,-1
6398,2,1600,0,16,16,244657.819879,244757.321638,73.469767,0x4051ce,1,6588505,2470558,4117947,32,30.000000,1,1,99.783612,1.200000,0.800000,mba,0,,1,1,23879680,17211392,13426688,2972549144576,2973284638720,701341696,2972549144576,2973284638720,700530688,-1,-1,-1
6398,2,1600,1,16,16,244658.004856,244757.262874,70.557888,0x4051ce,1,7125395,2330686,4794709,34,30.000000,1,1,99.783612,1.200000,0.800000,mba,0,,1,1,23609344,17121280,1982464,2972550135808,2973284278272,690438144,2972550316032,2973284278272,689537024,-1,-1,-1
6398,2,1600,2,16,16,244657.790498,244757.363504,75.592840,0x4051ce,1,7430143,3628528,3801615,4,40.000000,1,1,99.783612,1.200000,0.800000,mba,0,,1,1,7118848,11173888,16310272,1534825250816,1535896592384,992854016,1534825250816,1535896592384,992854016,-1,-1,-1
6398,2,1600,3,16,16,244657.782547,244757.561442,90.413037,0x4051ce,1,7716069,4703617,3012452,38,40.000000,1,1,99.783612,1.200000,0.800000,mba,0,,1,1,7028736,11534336,15949824,1534825250816,1535897403392,1069449216,1534825250816,1535897403392,1068277760,-1,-1,-1
6398,2,1600,4,16,16,244657.785983,244757.402826,87.391389,0x4051ce,1,12141432,7139174,5002258,40,100.000000,1,1,99.783612,1.200000,0.800000,mba,0,,1,1,44875776,44695552,-540672,14994313297920,15000477859840,5880979456,14994313388032,15000477859840,5883052032,-1,-1,-1
6398,2,1600,5,16,16,244658.002572,244757.421708,92.519733,0x4051ce,1,11989874,8991976,2997898,42,100.000000,1,1,99.783612,1.200000,0.800000,mba,0,,1,1,44154880,44965888,360448,14994324561920,15000477859840,6136807424,14994325372928,15000478130176,6128787456,-1,-1,-1
6398,2,1600,6,16,16,244657.801038,244757.365717,87.655817,0x4051ce,1,11401237,8501524,2899713,44,100.000000,1,1,99.783612,1.200000,0.800000,mba,0,,1,1,44695552,44515328,-720896,14994313297920,15000476327936,5917564928,14994313388032,15000476418048,5922250752,-1,-1,-1
6398,2,1600,7,16,16,244657.786568,244757.378717,91.803453,0x4051ce,1,11956180,8979471,2976709,46,100.000000,1,1,99.783612,1.200000,0.800000,mba,0,,1,1,44785664,44605440,-180224,14994313297920,15000476868608,6125543424,14994313388032,15000477499392,6124371968,-1,-1,-1
6398,2,1600,8,16,16,244657.820830,244757.462983,92.889150,0x4051ce,1,11520751,8563818,2956933,48,100.000000,1,1,99.783612,1.200000,0.800000,mba,0,,1,1,45056000,44965888,90112,14994313658368,15000478220288,6133473280,14994313838592,15000478220288,6127886336,-1,-1,-1
6398,2,1600,9,16,16,244657.823696,244757.336885,87.369064,0x4051ce,1,11367154,8531145,2836009,18,100.000000,1,1,99.783612,1.200000,0.800000,mba,0,,1,1,44965888,44605440,-540672,14994313658368,15000474435584,5898010624,14994313928704,15000474615808,5901524992,-1,-1,-1
6398,2,1600,10,16,16,244657.824455,244757.382382,91.042617,0x4051ce,1,11938148,8958682,2979466,52,100.000000,1,1,99.783612,1.200000,0.800000,mba,0,,1,1,44965888,44605440,-630784,14994313748480,15000477499392,6101663744,14994314108928,15000477589504,6102474752,-1,-1,-1
6398,2,1600,11,16,16,244658.010951,244757.423927,91.985238,0x4051ce,1,11941109,9003345,2937764,54,100.000000,1,1,99.783612,1.200000,0.800000,mba,0,,1,1,44244992,44965888,-270336,14994325192704,15000478130176,6122930176,14994325553152,15000478130176,6119055360,-1,-1,-1
6398,2,1600,12,16,16,244657.794654,244757.215664,76.053164,0x4051ce,1,7686511,5781552,1904959,56,50.000000,1,1,99.783612,1.200000,0.800000,mba,0,,1,1,4866048,4325376,36315136,211692101632,212731183104,999071744,211692101632,212731273216,999612416,-1,-1,-1
6398,2,1600,13,16,16,244657.788293,244757.399204,80.915075,0x4051ce,1,7198478,6076598,1121880,58,50.000000,1,1,99.783612,1.200000,0.800000,mba,0,,1,1,4685824,4595712,41992192,211692011520,212732715008,1036197888,211692101632,212732715008,1034756096,-1,-1,-1
6398,2,1600,14,16,16,244657.801218,244757.185124,67.686245,0x4051ce,1,7927866,3487920,4439946,60,40.000000,1,1,99.783612,1.200000,0.800000,mba,0,,1,1,7208960,10903552,20365312,1534825250816,1535895240704,929775616,1534825250816,1535895240704,929325056,-1,-1,-1
6398,2,1600,15,16,16,244657.777830,244757.531008,81.561541,0x4051ce,1,7647916,3003126,4644790,62,30.000000,1,1,99.783612,1.200000,0.800000,mba,0,,1,1,23699456,17301504,7749632,2972549054464,2973285179392,727023616,2972549054464,2973285179392,726122496,-1,-1,-1
6399,3,1600,0,16,16,244757.721864,244757.839398,0.117534,0x405218,1,6130,2437,3693,32,20.000000,0,0,0.233552,1.200000,0.800000,mba,0,,0,0,-1,-1,-1,-1,-1,-1,-1,-1,-1,-1,-1,-1
6399,3,1600,1,16,16,244757.720775,244757.846013,0.125238,0x405218,1,6141,2141,4000,34,20.000000,0,0,0.233552,1.200000,0.800000,mba,0,,0,0,-1,-1,-1,-1,-1,-1,-1,-1,-1,-1,-1,-1
6399,3,1600,2,16,16,244757.721935,244757.840307,0.118372,0x405218,1,6638,2714,3924,4,20.000000,0,0,0.233552,1.200000,0.800000,mba,0,,0,0,-1,-1,-1,-1,-1,-1,-1,-1,-1,-1,-1,-1
6399,3,1600,3,16,16,244757.720482,244757.833007,0.112525,0x405218,1,5336,2448,2888,38,20.000000,0,0,0.233552,1.200000,0.800000,mba,0,,0,0,-1,-1,-1,-1,-1,-1,-1,-1,-1,-1,-1,-1
6399,3,1600,4,16,16,244757.721071,244757.908945,0.187874,0x405218,1,9501,5287,4214,40,100.000000,0,0,0.233552,1.200000,0.800000,mba,0,,0,0,-1,-1,-1,-1,-1,-1,-1,-1,-1,-1,-1,-1
6399,3,1600,5,16,16,244757.720972,244757.918857,0.197885,0x405218,1,9682,5988,3694,42,100.000000,0,0,0.233552,1.200000,0.800000,mba,0,,0,0,-1,-1,-1,-1,-1,-1,-1,-1,-1,-1,-1,-1
6399,3,1600,6,16,16,244757.720881,244757.916635,0.195754,0x405218,1,9438,6015,3423,44,100.000000,0,0,0.233552,1.200000,0.800000,mba,0,,0,0,-1,-1,-1,-1,-1,-1,-1,-1,-1,-1,-1,-1
6399,3,1600,7,16,16,244757.721965,244757.912974,0.191009,0x405218,1,9606,6087,3519,46,100.000000,0,0,0.233552,1.200000,0.800000,mba,0,,0,0,-1,-1,-1,-1,-1,-1,-1,-1,-1,-1,-1,-1
6399,3,1600,8,16,16,244757.721483,244757.954034,0.232551,0x405218,1,8700,5582,3118,48,100.000000,0,0,0.233552,1.200000,0.800000,mba,0,,0,0,-1,-1,-1,-1,-1,-1,-1,-1,-1,-1,-1,-1
6399,3,1600,9,16,16,244757.721581,244757.917029,0.195448,0x405218,1,9418,5745,3673,18,100.000000,0,0,0.233552,1.200000,0.800000,mba,0,,0,0,-1,-1,-1,-1,-1,-1,-1,-1,-1,-1,-1,-1
6399,3,1600,10,16,16,244757.721547,244757.911121,0.189574,0x405218,1,9674,6310,3364,52,100.000000,0,0,0.233552,1.200000,0.800000,mba,0,,0,0,-1,-1,-1,-1,-1,-1,-1,-1,-1,-1,-1,-1
6399,3,1600,11,16,16,244757.721586,244757.911200,0.189614,0x405218,1,9591,6189,3402,54,100.000000,0,0,0.233552,1.200000,0.800000,mba,0,,0,0,-1,-1,-1,-1,-1,-1,-1,-1,-1,-1,-1,-1
6399,3,1600,12,16,16,244757.720570,244757.867588,0.147018,0x405218,1,6219,3967,2252,56,20.000000,0,0,0.233552,1.200000,0.800000,mba,0,,0,0,-1,-1,-1,-1,-1,-1,-1,-1,-1,-1,-1,-1
6399,3,1600,13,16,16,244757.721005,244757.877574,0.156569,0x405218,1,5297,4103,1194,58,20.000000,0,0,0.233552,1.200000,0.800000,mba,0,,0,0,-1,-1,-1,-1,-1,-1,-1,-1,-1,-1,-1,-1
6399,3,1600,14,16,16,244757.721061,244757.836316,0.115255,0x405218,1,6444,2583,3861,60,20.000000,0,0,0.233552,1.200000,0.800000,mba,0,,0,0,-1,-1,-1,-1,-1,-1,-1,-1,-1,-1,-1,-1
6399,3,1600,15,16,16,244757.720850,244757.816371,0.095521,0x405218,1,5623,1839,3784,62,20.000000,0,0,0.233552,1.200000,0.800000,mba,0,,0,0,-1,-1,-1,-1,-1,-1,-1,-1,-1,-1,-1,-1
6400,4,1600,0,16,16,244758.656027,244758.691836,0.035809,0x4052e4,1,1924,838,1086,32,100.000000,0,0,0.042873,1.200000,0.800000,mba,0,,0,0,-1,-1,-1,-1,-1,-1,-1,-1,-1,-1,-1,-1
6400,4,1600,1,16,16,244758.651131,244758.672791,0.021660,0x4052e4,1,163,94,69,34,20.000000,0,0,0.042873,1.200000,0.800000,mba,0,,0,0,-1,-1,-1,-1,-1,-1,-1,-1,-1,-1,-1,-1
6400,4,1600,2,16,16,244758.650461,244758.671731,0.021270,0x4052e4,1,342,281,61,4,20.000000,0,0,0.042873,1.200000,0.800000,mba,0,,0,0,-1,-1,-1,-1,-1,-1,-1,-1,-1,-1,-1,-1
6400,4,1600,3,16,16,244758.651822,244758.672375,0.020553,0x4052e4,1,161,111,50,38,20.000000,0,0,0.042873,1.200000,0.800000,mba,0,,0,0,-1,-1,-1,-1,-1,-1,-1,-1,-1,-1,-1,-1
6400,4,1600,4,16,16,244758.651145,244758.673451,0.022306,0x4052e4,1,325,225,100,40,20.000000,0,0,0.042873,1.200000,0.800000,mba,0,,0,0,-1,-1,-1,-1,-1,-1,-1,-1,-1,-1,-1,-1
6400,4,1600,5,16,16,244758.649897,244758.672443,0.022546,0x4052e4,1,282,177,105,42,20.000000,0,0,0.042873,1.200000,0.800000,mba,0,,0,0,-1,-1,-1,-1,-1,-1,-1,-1,-1,-1,-1,-1
6400,4,1600,6,16,16,244758.651474,244758.673728,0.022254,0x4052e4,1,255,180,75,44,20.000000,0,0,0.042873,1.200000,0.800000,mba,0,,0,0,-1,-1,-1,-1,-1,-1,-1,-1,-1,-1,-1,-1
6400,4,1600,7,16,16,244758.650345,244758.672795,0.022450,0x4052e4,1,303,205,98,46,20.000000,0,0,0.042873,1.200000,0.800000,mba,0,,0,0,-1,-1,-1,-1,-1,-1,-1,-1,-1,-1,-1,-1
6400,4,1600,8,16,16,244758.650654,244758.675010,0.024356,0x4052e4,1,207,151,56,48,20.000000,0,0,0.042873,1.200000,0.800000,mba,0,,0,0,-1,-1,-1,-1,-1,-1,-1,-1,-1,-1,-1,-1
6400,4,1600,9,16,16,244758.650782,244758.673844,0.023062,0x4052e4,1,323,246,77,18,20.000000,0,0,0.042873,1.200000,0.800000,mba,0,,0,0,-1,-1,-1,-1,-1,-1,-1,-1,-1,-1,-1,-1
6400,4,1600,10,16,16,244758.651671,244758.674008,0.022337,0x4052e4,1,358,245,113,52,20.000000,0,0,0.042873,1.200000,0.800000,mba,0,,0,0,-1,-1,-1,-1,-1,-1,-1,-1,-1,-1,-1,-1
6400,4,1600,11,16,16,244758.651215,244758.675318,0.024103,0x4052e4,1,362,277,85,54,20.000000,0,0,0.042873,1.200000,0.800000,mba,0,,0,0,-1,-1,-1,-1,-1,-1,-1,-1,-1,-1,-1,-1
6400,4,1600,12,16,16,244758.648963,244758.669506,0.020543,0x4052e4,1,159,129,30,56,20.000000,0,0,0.042873,1.200000,0.800000,mba,0,,0,0,-1,-1,-1,-1,-1,-1,-1,-1,-1,-1,-1,-1
6400,4,1600,13,16,16,244758.649183,244758.670141,0.020958,0x4052e4,1,66,30,36,58,20.000000,0,0,0.042873,1.200000,0.800000,mba,0,,0,0,-1,-1,-1,-1,-1,-1,-1,-1,-1,-1,-1,-1
6400,4,1600,14,16,16,244758.651220,244758.671937,0.020717,0x4052e4,1,230,175,55,60,20.000000,0,0,0.042873,1.200000,0.800000,mba,0,,0,0,-1,-1,-1,-1,-1,-1,-1,-1,-1,-1,-1,-1
6400,4,1600,15,16,16,244758.650907,244758.671559,0.020652,0x4052e4,1,147,90,57,62,20.000000,0,0,0.042873,1.200000,0.800000,mba,0,,0,0,-1,-1,-1,-1,-1,-1,-1,-1,-1,-1,-1,-1
6401,5,1600,0,16,16,244758.767288,244758.791083,0.023795,0x40533c,1,47,5,42,32,50.000000,0,0,0.026689,1.200000,0.800000,mba,0,,0,0,-1,-1,-1,-1,-1,-1,-1,-1,-1,-1,-1,-1
6401,5,1600,1,16,16,244758.766352,244758.786729,0.020377,0x40533c,1,44,11,33,34,40.000000,0,0,0.026689,1.200000,0.800000,mba,0,,0,0,-1,-1,-1,-1,-1,-1,-1,-1,-1,-1,-1,-1
6401,5,1600,2,16,16,244758.765019,244758.785254,0.020235,0x40533c,1,46,23,23,4,40.000000,0,0,0.026689,1.200000,0.800000,mba,0,,0,0,-1,-1,-1,-1,-1,-1,-1,-1,-1,-1,-1,-1
6401,5,1600,3,16,16,244758.766702,244758.786799,0.020097,0x40533c,1,46,27,19,38,40.000000,0,0,0.026689,1.200000,0.800000,mba,0,,0,0,-1,-1,-1,-1,-1,-1,-1,-1,-1,-1,-1,-1
6401,5,1600,4,16,16,244758.766481,244758.790454,0.023973,0x40533c,1,532,243,289,40,100.000000,0,0,0.026689,1.200000,0.800000,mba,0,,0,0,-1,-1,-1,-1,-1,-1,-1,-1,-1,-1,-1,-1
6401,5,1600,5,16,16,244758.765151,244758.789822,0.024671,0x40533c,1,525,265,260,42,100.000000,0,0,0.026689,1.200000,0.800000,mba,0,,0,0,-1,-1,-1,-1,-1,-1,-1,-1,-1,-1,-1,-1
6401,5,1600,6,16,16,244758.766366,244758.790009,0.023643,0x40533c,1,429,164,265,44,100.000000,0,0,0.026689,1.200000,0.800000,mba,0,,0,0,-1,-1,-1,-1,-1,-1,-1,-1,-1,-1,-1,-1
6401,5,1600,7,16,16,244758.766678,244758.790226,0.023548,0x40533c,1,540,238,302,46,100.000000,0,0,0.026689,1.200000,0.800000,mba,0,,0,0,-1,-1,-1,-1,-1,-1,-1,-1,-1,-1,-1,-1
6401,5,1600,8,16,16,244758.766635,244758.791463,0.024828,0x40533c,1,249,80,169,48,100.000000,0,0,0.026689,1.200000,0.800000,mba,0,,0,0,-1,-1,-1,-1,-1,-1,-1,-1,-1,-1,-1,-1
6401,5,1600,9,16,16,244758.767001,244758.791708,0.024707,0x40533c,1,490,188,302,18,100.000000,0,0,0.026689,1.200000,0.800000,mba,0,,0,0,-1,-1,-1,-1,-1,-1,-1,-1,-1,-1,-1,-1
6401,5,1600,10,16,16,244758.766028,244758.790079,0.024051,0x40533c,1,485,143,342,52,100.000000,0,0,0.026689,1.200000,0.800000,mba,0,,0,0,-1,-1,-1,-1,-1,-1,-1,-1,-1,-1,-1,-1
6401,5,1600,11,16,16,244758.765546,244758.791540,0.025994,0x40533c,1,635,244,391,54,100.000000,0,0,0.026689,1.200000,0.800000,mba,0,,0,0,-1,-1,-1,-1,-1,-1,-1,-1,-1,-1,-1,-1
6401,5,1600,12,16,16,244758.766228,244758.786459,0.020231,0x40533c,1,92,52,40,56,40.000000,0,0,0.026689,1.200000,0.800000,mba,0,,0,0,-1,-1,-1,-1,-1,-1,-1,-1,-1,-1,-1,-1
6401,5,1600,13,16,16,244758.766669,244758.787176,0.020507,0x40533c,1,62,41,21,58,40.000000,0,0,0.026689,1.200000,0.800000,mba,0,,0,0,-1,-1,-1,-1,-1,-1,-1,-1,-1,-1,-1,-1
6401,5,1600,14,16,16,244758.766063,244758.786007,0.019944,0x40533c,1,106,71,35,60,40.000000,0,0,0.026689,1.200000,0.800000,mba,0,,0,0,-1,-1,-1,-1,-1,-1,-1,-1,-1,-1,-1,-1
6401,5,1600,15,16,16,244758.765964,244758.786246,0.020282,0x40533c,1,95,59,36,62,40.000000,0,0,0.026689,1.200000,0.800000,mba,0,,0,0,-1,-1,-1,-1,-1,-1,-1,-1,-1,-1,-1,-1
6798,2,1700,0,16,16,254468.576825,254566.151190,70.912570,0x4051ce,1,6583978,2388877,4195101,32,30.000000,1,1,97.736703,1.200000,0.800000,mba,0,,1,1,20635648,18382848,12795904,3051052916736,3051830673408,728645632,3051052916736,3051830673408,727924736,-1,-1,-1
6798,2,1700,1,16,16,254469.147584,254566.150774,73.837101,0x4051ce,1,7753425,2662609,5090816,34,30.000000,1,1,97.736703,1.200000,0.800000,mba,0,,1,1,21536768,18472960,8290304,3051057152000,3051830673408,744235008,3051057152000,3051830673408,743063552,-1,-1,-1
6798,2,1700,2,16,16,254469.871845,254566.174806,74.426673,0x4051ce,1,7443274,3602977,3840297,36,40.000000,1,1,97.736703,1.200000,0.800000,mba,0,,1,1,9641984,7569408,12075008,1640171495424,1640741814272,565542912,1640171585536,1640741814272,565452800,-1,-1,-1
6798,2,1700,3,16,16,254468.582662,254565.997154,67.491532,0x4051ce,1,7766072,4609526,3156546,6,50.000000,1,1,97.736703,1.200000,0.800000,mba,0,,1,1,4595712,7929856,41902080,317189914624,318683791360,1335549952,317190004736,318683791360,1336000512,-1,-1,-1
6798,2,1700,4,16,16,254468.567417,254566.138973,84.309556,0x4051ce,1,11744486,6878720,4865766,40,100.000000,1,1,97.736703,1.200000,0.800000,mba,0,,1,1,43974656,43433984,-360448,15597495631872,15603349127168,5550538752,15597495631872,15603349667840,5554413568,-1,-1,-1
6798,2,1700,5,16,16,254469.676022,254566.202721,89.333945,0x4051ce,1,11619990,8712958,2907032,42,100.000000,1,1,97.736703,1.200000,0.800000,mba,0,,1,1,45776896,43884544,90112,15597563666432,15603350659072,5770862592,15597563936768,15603350659072,5767258112,-1,-1,-1
6798,2,1700,6,16,16,254469.252645,254566.155042,86.487822,0x4051ce,1,10417906,7714446,2703460,44,100.000000,1,1,97.736703,1.200000,0.800000,mba,0,,1,1,43974656,43704320,-90112,15597539606528,15603350659072,5688590336,15597539786752,15603350659072,5686968320,-1,-1,-1
6798,2,1700,7,16,16,254468.565331,254566.162733,88.834481,0x4051ce,1,11581882,8685166,2896716,46,100.000000,1,1,97.736703,1.200000,0.800000,mba,0,,1,1,44244992,43704320,360448,15597495631872,15603350478848,5815017472,15597495631872,15603350659072,5812674560,-1,-1,-1
6798,2,1700,8,16,16,254468.593410,254566.123633,88.074252,0x4051ce,1,11585592,8634760,2950832,48,100.000000,1,1,97.736703,1.200000,0.800000,mba,0,,1,1,44244992,43253760,-180224,15597495721984,15603348226048,5779062784,15597496082432,15603348856832,5780955136,-1,-1,-1
6798,2,1700,9,16,16,254468.570350,254566.111620,84.174596,0x4051ce,1,11014972,8351549,2663423,18,100.000000,1,1,97.736703,1.200000,0.800000,mba,0,,1,1,44154880,43073536,-720896,15597495631872,15603347505152,5554864128,15597495631872,15603347775488,5561352192,-1,-1,-1
6798,2,1700,10,16,16,254468.875994,254566.198730,89.685977,0x4051ce,1,10928493,8107504,2820989,52,100.000000,1,1,97.736703,1.200000,0.800000,mba,0,,1,1,42172416,43884544,0,15597512392704,15603350659072,5820334080,15597512843264,15603350659072,5813305344,-1,-1,-1
6798,2,1700,11,16,16,254468.596453,254566.176055,88.512740,0x4051ce,1,11539081,8543094,2995987,54,100.000000,1,1,97.736703,1.200000,0.800000,mba,0,,1,1,44335104,43704320,-90112,15597495812096,15603350659072,5802221568,15597496082432,15603350659072,5798526976,-1,-1,-1
6798,2,1700,12,16,16,254469.518614,254565.994257,73.790307,0x4051ce,1,7328237,5414040,1914197,56,50.000000,1,1,97.736703,1.200000,0.800000,mba,0,,1,1,5046272,7929856,43343872,317198295040,318683791360,1426653184,317198385152,318683791360,1426022400,-1,-1,-1
6798,2,1700,13,16,16,254469.265164,254566.245240,81.395666,0x4051ce,1,7635390,6421530,1213860,58,50.000000,1,1,97.736703,1.200000,0.800000,mba,0,,1,1,5316608,8110080,51093504,317194960896,318685413376,1486938112,317194960896,318685413376,1485225984,-1,-1,-1
6798,2,1700,14,16,16,254469.397182,254565.860141,61.274347,0x4051ce,1,7268611,2959827,4308784,60,40.000000,1,1,97.736703,1.200000,0.800000,mba,0,,1,1,10543104,7299072,17121280,1640168161280,1640741183488,520937472,1640168161280,1640741183488,521117696,-1,-1,-1
6798,2,1700,15,16,16,254469.691731,254566.302034,78.640465,0x4051ce,1,7668182,2938737,4729445,62,30.000000,1,1,97.736703,1.200000,0.800000,mba,0,,1,1,19734528,18382848,10543104,3051061297152,3051831214080,760725504,3051061297152,3051831214080,759193600,-1,-1,-1
6799,3,1700,0,16,16,254566.450897,254566.556985,0.106088,0x405218,1,6297,2326,3971,32,20.000000,0,0,0.214984,1.200000,0.800000,mba,0,,0,0,-1,-1,-1,-1,-1,-1,-1,-1,-1,-1,-1,-1
6799,3,1700,1,16,16,254566.450984,254566.545122,0.094138,0x405218,1,6427,2135,4292,34,20.000000,0,0,0.214984,1.200000,0.800000,mba,0,,0,0,-1,-1,-1,-1,-1,-1,-1,-1,-1,-1,-1,-1
6799,3,1700,2,16,16,254566.451951,254566.561743,0.109792,0x405218,1,6517,2541,3976,36,20.000000,0,0,0.214984,1.200000,0.800000,mba,0,,0,0,-1,-1,-1,-1,-1,-1,-1,-1,-1,-1,-1,-1
6799,3,1700,3,16,16,254566.450792,254566.568014,0.117222,0x405218,1,5665,3086,2579,6,20.000000,0,0,0.214984,1.200000,0.800000,mba,0,,0,0,-1,-1,-1,-1,-1,-1,-1,-1,-1,-1,-1,-1
6799,3,1700,4,16,16,254566.450523,254566.620902,0.170379,0x405218,1,9476,5092,4384,40,100.000000,0,0,0.214984,1.200000,0.800000,mba,0,,0,0,-1,-1,-1,-1,-1,-1,-1,-1,-1,-1,-1,-1
6799,3,1700,5,16,16,254566.451753,254566.634146,0.182393,0x405218,1,9567,5646,3921,42,100.000000,0,0,0.214984,1.200000,0.800000,mba,0,,0,0,-1,-1,-1,-1,-1,-1,-1,-1,-1,-1,-1,-1
6799,3,1700,6,16,16,254566.451211,254566.663045,0.211834,0x405218,1,8437,4969,3468,44,100.000000,0,0,0.214984,1.200000,0.800000,mba,0,,0,0,-1,-1,-1,-1,-1,-1,-1,-1,-1,-1,-1,-1
6799,3,1700,7,16,16,254566.451506,254566.630046,0.178540,0x405218,1,9560,6033,3527,46,100.000000,0,0,0.214984,1.200000,0.800000,mba,0,,0,0,-1,-1,-1,-1,-1,-1,-1,-1,-1,-1,-1,-1
6799,3,1700,8,16,16,254566.451029,254566.623617,0.172588,0x405218,1,9473,5748,3725,48,100.000000,0,0,0.214984,1.200000,0.800000,mba,0,,0,0,-1,-1,-1,-1,-1,-1,-1,-1,-1,-1,-1,-1
6799,3,1700,9,16,16,254566.450659,254566.635451,0.184792,0x405218,1,9289,5552,3737,18,100.000000,0,0,0.214984,1.200000,0.800000,mba,0,,0,0,-1,-1,-1,-1,-1,-1,-1,-1,-1,-1,-1,-1
6799,3,1700,10,16,16,254566.451869,254566.665507,0.213638,0x405218,1,8619,5369,3250,52,100.000000,0,0,0.214984,1.200000,0.800000,mba,0,,0,0,-1,-1,-1,-1,-1,-1,-1,-1,-1,-1,-1,-1
6799,3,1700,11,16,16,254566.452057,254566.636896,0.184839,0x405218,1,9478,5891,3587,54,100.000000,0,0,0.214984,1.200000,0.800000,mba,0,,0,0,-1,-1,-1,-1,-1,-1,-1,-1,-1,-1,-1,-1
6799,3,1700,12,16,16,254566.451679,254566.612637,0.160958,0x405218,1,5932,4313,1619,56,20.000000,0,0,0.214984,1.200000,0.800000,mba,0,,0,0,-1,-1,-1,-1,-1,-1,-1,-1,-1,-1,-1,-1
6799,3,1700,13,16,16,254566.452366,254566.585579,0.133213,0x405218,1,5693,4058,1635,58,20.000000,0,0,0.214984,1.200000,0.800000,mba,0,,0,0,-1,-1,-1,-1,-1,-1,-1,-1,-1,-1,-1,-1
6799,3,1700,14,16,16,254566.451606,254566.582396,0.130790,0x405218,1,6227,2306,3921,60,20.000000,0,0,0.214984,1.200000,0.800000,mba,0,,0,0,-1,-1,-1,-1,-1,-1,-1,-1,-1,-1,-1,-1
6799,3,1700,15,16,16,254566.451587,254566.538748,0.087161,0x405218,1,5804,1874,3930,62,20.000000,0,0,0.214984,1.200000,0.800000,mba,0,,0,0,-1,-1,-1,-1,-1,-1,-1,-1,-1,-1,-1,-1
6800,4,1700,0,16,16,254567.355938,254567.388012,0.032074,0x4052e4,1,1938,728,1210,32,100.000000,0,0,0.038299,1.200000,0.800000,mba,0,,0,0,-1,-1,-1,-1,-1,-1,-1,-1,-1,-1,-1,-1
6800,4,1700,1,16,16,254567.351804,254567.371178,0.019374,0x4052e4,1,262,153,109,34,20.000000,0,0,0.038299,1.200000,0.800000,mba,0,,0,0,-1,-1,-1,-1,-1,-1,-1,-1,-1,-1,-1,-1
6800,4,1700,2,16,16,254567.351646,254567.371389,0.019743,0x4052e4,1,319,243,76,36,20.000000,0,0,0.038299,1.200000,0.800000,mba,0,,0,0,-1,-1,-1,-1,-1,-1,-1,-1,-1,-1,-1,-1
6800,4,1700,3,16,16,254567.351818,254567.377132,0.025314,0x4052e4,1,845,696,149,6,20.000000,0,0,0.038299,1.200000,0.800000,mba,0,,0,0,-1,-1,-1,-1,-1,-1,-1,-1,-1,-1,-1,-1
6800,4,1700,4,16,16,254567.352230,254567.373529,0.021299,0x4052e4,1,294,200,94,40,20.000000,0,0,0.038299,1.200000,0.800000,mba,0,,0,0,-1,-1,-1,-1,-1,-1,-1,-1,-1,-1,-1,-1
6800,4,1700,5,16,16,254567.352153,254567.374414,0.022261,0x4052e4,1,293,178,115,42,20.000000,0,0,0.038299,1.200000,0.800000,mba,0,,0,0,-1,-1,-1,-1,-1,-1,-1,-1,-1,-1,-1,-1
6800,4,1700,6,16,16,254567.351721,254567.373436,0.021715,0x4052e4,1,180,88,92,44,20.000000,0,0,0.038299,1.200000,0.800000,mba,0,,0,0,-1,-1,-1,-1,-1,-1,-1,-1,-1,-1,-1,-1
6800,4,1700,7,16,16,254567.352084,254567.373957,0.021873,0x4052e4,1,327,216,111,46,20.000000,0,0,0.038299,1.200000,0.800000,mba,0,,0,0,-1,-1,-1,-1,-1,-1,-1,-1,-1,-1,-1,-1
6800,4,1700,8,16,16,254567.351502,254567.372932,0.021430,0x4052e4,1,390,267,123,48,20.000000,0,0,0.038299,1.200000,0.800000,mba,0,,0,0,-1,-1,-1,-1,-1,-1,-1,-1,-1,-1,-1,-1
6800,4,1700,9,16,16,254567.351336,254567.372091,0.020755,0x4052e4,1,288,203,85,18,20.000000,0,0,0.038299,1.200000,0.800000,mba,0,,0,0,-1,-1,-1,-1,-1,-1,-1,-1,-1,-1,-1,-1
6800,4,1700,10,16,16,254567.352133,254567.375066,0.022933,0x4052e4,1,185,83,102,52,20.000000,0,0,0.038299,1.200000,0.800000,mba,0,,0,0,-1,-1,-1,-1,-1,-1,-1,-1,-1,-1,-1,-1
6800,4,1700,11,16,16,254567.351835,254567.372514,0.020679,0x4052e4,1,354,232,122,54,20.000000,0,0,0.038299,1.200000,0.800000,mba,0,,0,0,-1,-1,-1,-1,-1,-1,-1,-1,-1,-1,-1,-1
6800,4,1700,12,16,16,254567.349713,254567.369423,0.019710,0x4052e4,1,80,48,32,56,20.000000,0,0,0.038299,1.200000,0.800000,mba,0,,0,0,-1,-1,-1,-1,-1,-1,-1,-1,-1,-1,-1,-1
6800,4,1700,13,16,16,254567.350528,254567.369703,0.019175,0x4052e4,1,175,127,48,58,20.000000,0,0,0.038299,1.200000,0.800000,mba,0,,0,0,-1,-1,-1,-1,-1,-1,-1,-1,-1,-1,-1,-1
6800,4,1700,14,16,16,254567.349740,254567.370198,0.020458,0x4052e4,1,128,63,65,60,20.000000,0,0,0.038299,1.200000,0.800000,mba,0,,0,0,-1,-1,-1,-1,-1,-1,-1,-1,-1,-1,-1,-1
6800,4,1700,15,16,16,254567.350597,254567.369935,0.019338,0x4052e4,1,151,89,62,62,20.000000,0,0,0.038299,1.200000,0.800000,mba,0,,0,0,-1,-1,-1,-1,-1,-1,-1,-1,-1,-1,-1,-1
6801,5,1700,0,16,16,254567.447795,254567.466683,0.018888,0x40533c,1,31,2,29,32,50.000000,0,0,0.026841,1.200000,0.800000,mba,0,,0,0,-1,-1,-1,-1,-1,-1,-1,-1,-1,-1,-1,-1
6801,5,1700,1,16,16,254567.448257,254567.467125,0.018868,0x40533c,1,119,45,74,34,40.000000,0,0,0.026841,1.200000,0.800000,mba,0,,0,0,-1,-1,-1,-1,-1,-1,-1,-1,-1,-1,-1,-1
6801,5,1700,2,16,16,254567.448295,254567.467189,0.018894,0x40533c,1,66,36,30,36,40.000000,0,0,0.026841,1.200000,0.800000,mba,0,,0,0,-1,-1,-1,-1,-1,-1,-1,-1,-1,-1,-1,-1
6801,5,1700,3,16,16,254567.446965,254567.465863,0.018898,0x40533c,1,38,6,32,6,40.000000,0,0,0.026841,1.200000,0.800000,mba,0,,0,0,-1,-1,-1,-1,-1,-1,-1,-1,-1,-1,-1,-1
6801,5,1700,4,16,16,254567.448532,254567.470971,0.022439,0x40533c,1,442,204,238,40,100.000000,0,0,0.026841,1.200000,0.800000,mba,0,,0,0,-1,-1,-1,-1,-1,-1,-1,-1,-1,-1,-1,-1
6801,5,1700,5,16,16,254567.448328,254567.472844,0.024516,0x40533c,1,564,298,266,42,100.000000,0,0,0.026841,1.200000,0.800000,mba,0,,0,0,-1,-1,-1,-1,-1,-1,-1,-1,-1,-1,-1,-1
6801,5,1700,6,16,16,254567.447234,254567.470717,0.023483,0x40533c,1,125,49,76,44,100.000000,0,0,0.026841,1.200000,0.800000,mba,0,,0,0,-1,-1,-1,-1,-1,-1,-1,-1,-1,-1,-1,-1
6801,5,1700,7,16,16,254567.447090,254567.469319,0.022229,0x40533c,1,630,294,336,46,100.000000,0,0,0.026841,1.200000,0.800000,mba,0,,0,0,-1,-1,-1,-1,-1,-1,-1,-1,-1,-1,-1,-1
6801,5,1700,8,16,16,254567.448130,254567.470362,0.022232,0x40533c,1,550,226,324,48,100.000000,0,0,0.026841,1.200000,0.800000,mba,0,,0,0,-1,-1,-1,-1,-1,-1,-1,-1,-1,-1,-1,-1
6801,5,1700,9,16,16,254567.446459,254567.468768,0.022309,0x40533c,1,577,211,366,18,100.000000,0,0,0.026841,1.200000,0.800000,mba,0,,0,0,-1,-1,-1,-1,-1,-1,-1,-1,-1,-1,-1,-1
6801,5,1700,10,16,16,254567.447644,254567.472748,0.025104,0x40533c,1,382,174,208,52,100.000000,0,0,0.026841,1.200000,0.800000,mba,0,,0,0,-1,-1,-1,-1,-1,-1,-1,-1,-1,-1,-1,-1
6801,5,1700,11,16,16,254567.446742,254567.469183,0.022441,0x40533c,1,722,330,392,54,100.000000,0,0,0.026841,1.200000,0.800000,mba,0,,0,0,-1,-1,-1,-1,-1,-1,-1,-1,-1,-1,-1,-1
6801,5,1700,12,16,16,254567.447346,254567.466232,0.018886,0x40533c,1,81,45,36,56,40.000000,0,0,0.026841,1.200000,0.800000,mba,0,,0,0,-1,-1,-1,-1,-1,-1,-1,-1,-1,-1,-1,-1
6801,5,1700,13,16,16,254567.446562,254567.465567,0.019005,0x40533c,1,94,58,36,58,40.000000,0,0,0.026841,1.200000,0.800000,mba,0,,0,0,-1,-1,-1,-1,-1,-1,-1,-1,-1,-1,-1,-1
6801,5,1700,14,16,16,254567.447413,254567.466620,0.019207,0x40533c,1,103,58,45,60,40.000000,0,0,0.026841,1.200000,0.800000,mba,0,,0,0,-1,-1,-1,-1,-1,-1,-1,-1,-1,-1,-1,-1
6801,5,1700,15,16,16,254567.446003,254567.465135,0.019132,0x40533c,1,103,53,50,62,40.000000,0,0,0.026841,1.200000,0.800000,mba,0,,0,0,-1,-1,-1,-1,-1,-1,-1,-1,-1,-1,-1,-1
7198,2,1800,0,16,16,263987.281372,264081.423097,68.285329,0x4051ce,1,6585769,2307491,4278278,32,30.000000,1,1,94.459981,1.200000,0.800000,mba,0,,1,1,22347776,19193856,15679488,3127360299008,3128099487744,702603264,3127360299008,3128099487744,702513152,-1,-1,-1
7198,2,1800,1,16,16,263987.244364,264081.448606,71.060564,0x4051ce,1,7755528,2560514,5195014,34,30.000000,1,1,94.459981,1.200000,0.800000,mba,0,,1,1,22528000,19554304,14688256,3127360299008,3128099577856,715128832,3127360299008,3128099577856,714407936,-1,-1,-1
7198,2,1800,2,16,16,263987.237927,264081.510037,73.852006,0x4051ce,1,7429654,3548047,3881607,36,40.000000,1,1,94.459981,1.200000,0.800000,mba,0,,1,1,7208960,12525568,2162688,1699731562496,1700770643968,957530112,1699731562496,1700770824192,956268544,-1,-1,-1
7198,2,1800,3,16,16,263987.262286,264081.680746,89.588679,0x4051ce,1,7724205,4709066,3015139,6,40.000000,1,1,94.459981,1.200000,0.800000,mba,0,,1,1,7118848,12705792,5947392,1699731562496,1700771454976,1038991360,1699731562496,1700771454976,1039081472,-1,-1,-1
7198,2,1800,4,16,16,263987.247908,264081.447873,81.112534,0x4051ce,1,11382867,6550729,4832138,40,100.000000,1,1,94.459981,1.200000,0.800000,mba,0,,1,1,40460288,40009728,901120,16179905978368,16185724059648,5529542656,16179906068480,16185724149760,5535039488,-1,-1,-1
7198,2,1800,5,16,16,263987.257607,264081.484718,86.445826,0x4051ce,1,11247894,8459461,2788433,42,100.000000,1,1,94.459981,1.200000,0.800000,mba,0,,1,1,40460288,40189952,901120,16179905978368,16185724149760,5809430528,16179906158592,16185724149760,5804294144,-1,-1,-1
7198,2,1800,6,16,16,263987.248168,264081.425022,81.641154,0x4051ce,1,10665296,8049017,2616279,44,100.000000,1,1,94.459981,1.200000,0.800000,mba,0,,1,1,40370176,39108608,-90112,16179905978368,16185722617856,5591089152,16179906158592,16185722888192,5594963968,-1,-1,-1
7198,2,1800,7,16,16,263987.255008,264081.480824,85.923884,0x4051ce,1,11223601,8522789,2700812,46,100.000000,1,1,94.459981,1.200000,0.800000,mba,0,,1,1,40370176,40189952,901120,16179905978368,16185724149760,5801590784,16179906158592,16185724149760,5798346752,-1,-1,-1
7198,2,1800,8,16,16,263987.255049,264081.462978,85.394848,0x4051ce,1,11224144,8424040,2800104,48,100.000000,1,1,94.459981,1.200000,0.800000,mba,0,,1,1,40460288,40189952,1171456,16179905978368,16185724149760,5779963904,16179906068480,16185724149760,5782216704,-1,-1,-1
7198,2,1800,9,16,16,263987.275761,264081.409617,81.737326,0x4051ce,1,10633592,8171623,2461969,18,100.000000,1,1,94.459981,1.200000,0.800000,mba,0,,1,1,40370176,38838272,-360448,16179906158592,16185721536512,5590188032,16179906519040,16185721626624,5596946432,-1,-1,-1
7198,2,1800,10,16,16,263987.231536,264081.387951,85.161271,0x4051ce,1,11204622,8498214,2706408,52,100.000000,1,1,94.459981,1.200000,0.800000,mba,0,,1,1,40370176,38567936,-360448,16179905978368,16185720094720,5775187968,16179906068480,16185720725504,5780054016,-1,-1,-1
7198,2,1800,11,16,16,263987.276825,264081.480201,86.157162,0x4051ce,1,11176164,8455217,2720947,54,100.000000,1,1,94.459981,1.200000,0.800000,mba,0,,1,1,40460288,40189952,991232,16179906428928,16185724149760,5805916160,16179906699264,16185724149760,5800960000,-1,-1,-1
7198,2,1800,12,16,16,263987.220765,264081.330089,75.238321,0x4051ce,1,7678714,5751272,1927442,56,50.000000,1,1,94.459981,1.200000,0.800000,mba,0,,1,1,8650752,5857280,26042368,466621652992,467684794368,1013850112,466621652992,467684884480,1014120448,-1,-1,-1
7198,2,1800,13,16,16,263987.234419,264081.572955,81.324172,0x4051ce,1,7631944,6405266,1226678,58,50.000000,1,1,94.459981,1.200000,0.800000,mba,0,,1,1,8650752,6037504,23699456,466621652992,467686416384,1061429248,466621652992,467686416384,1059897344,-1,-1,-1
7198,2,1800,14,16,16,263987.271729,264081.300274,64.938526,0x4051ce,1,7937067,3331635,4605432,60,40.000000,1,1,94.459981,1.200000,0.800000,mba,0,,1,1,7028736,12705792,7479296,1699731562496,1700769292288,887783424,1699731652608,1700769382400,886882304,-1,-1,-1
7198,2,1800,15,16,16,263987.236065,264081.642949,76.719235,0x4051ce,1,7676235,2872590,4803645,62,30.000000,1,1,94.459981,1.200000,0.800000,mba,0,,1,1,22528000,19554304,10362880,3127360299008,3128100208640,732610560,3127360299008,3128100208640,732340224,-1,-1,-1
7199,3,1800,0,16,16,264081.847214,264081.952567,0.105353,0x405218,1,6255,2175,4080,32,20.000000,0,0,0.185106,1.200000,0.800000,mba,0,,0,0,-1,-1,-1,-1,-1,-1,-1,-1,-1,-1,-1,-1
7199,3,1800,1,16,16,264081.847381,264081.942627,0.095246,0x405218,1,6163,1933,4230,34,20.000000,0,0,0.185106,1.200000,0.800000,mba,0,,0,0,-1,-1,-1,-1,-1,-1,-1,-1,-1,-1,-1,-1
7199,3,1800,2,16,16,264081.847139,264081.953816,0.106677,0x405218,1,6603,2569,4034,36,20.000000,0,0,0.185106,1.200000,0.800000,mba,0,,0,0,-1,-1,-1,-1,-1,-1,-1,-1,-1,-1,-1,-1
7199,3,1800,3,16,16,264081.846277,264081.955863,0.109586,0x405218,1,5581,2501,3080,6,20.000000,0,0,0.185106,1.200000,0.800000,mba,0,,0,0,-1,-1,-1,-1,-1,-1,-1,-1,-1,-1,-1,-1
7199,3,1800,4,16,16,264081.847332,264082.021820,0.174488,0x405218,1,9308,4885,4423,40,100.000000,0,0,0.185106,1.200000,0.800000,mba,0,,0,0,-1,-1,-1,-1,-1,-1,-1,-1,-1,-1,-1,-1
7199,3,1800,5,16,16,264081.847688,264082.030126,0.182438,0x405218,1,9430,5373,4057,42,100.000000,0,0,0.185106,1.200000,0.800000,mba,0,,0,0,-1,-1,-1,-1,-1,-1,-1,-1,-1,-1,-1,-1
7199,3,1800,6,16,16,264081.847075,264082.027380,0.180305,0x405218,1,9157,5508,3649,44,100.000000,0,0,0.185106,1.200000,0.800000,mba,0,,0,0,-1,-1,-1,-1,-1,-1,-1,-1,-1,-1,-1,-1
7199,3,1800,7,16,16,264081.847511,264082.027917,0.180406,0x405218,1,9368,5719,3649,46,100.000000,0,0,0.185106,1.200000,0.800000,mba,0,,0,0,-1,-1,-1,-1,-1,-1,-1,-1,-1,-1,-1,-1
7199,3,1800,8,16,16,264081.847194,264082.027755,0.180561,0x405218,1,9267,5710,3557,48,100.000000,0,0,0.185106,1.200000,0.800000,mba,0,,0,0,-1,-1,-1,-1,-1,-1,-1,-1,-1,-1,-1,-1
7199,3,1800,9,16,16,264081.846842,264082.020761,0.173919,0x405218,1,9112,4989,4123,18,100.000000,0,0,0.185106,1.200000,0.800000,mba,0,,0,0,-1,-1,-1,-1,-1,-1,-1,-1,-1,-1,-1,-1
7199,3,1800,10,16,16,264081.846396,264082.027878,0.181482,0x405218,1,9420,5821,3599,52,100.000000,0,0,0.185106,1.200000,0.800000,mba,0,,0,0,-1,-1,-1,-1,-1,-1,-1,-1,-1,-1,-1,-1
7199,3,1800,11,16,16,264081.847278,264082.031354,0.184076,0x405218,1,9320,5779,3541,54,100.000000,0,0,0.185106,1.200000,0.800000,mba,0,,0,0,-1,-1,-1,-1,-1,-1,-1,-1,-1,-1,-1,-1
7199,3,1800,12,16,16,264081.847202,264081.989698,0.142496,0x405218,1,6163,3976,2187,56,20.000000,0,0,0.185106,1.200000,0.800000,mba,0,,0,0,-1,-1,-1,-1,-1,-1,-1,-1,-1,-1,-1,-1
7199,3,1800,13,16,16,264081.846248,264081.990599,0.144351,0x405218,1,4842,3656,1186,58,20.000000,0,0,0.185106,1.200000,0.800000,mba,0,,0,0,-1,-1,-1,-1,-1,-1,-1,-1,-1,-1,-1,-1
7199,3,1800,14,16,16,264081.847598,264081.958755,0.111157,0x405218,1,6395,2205,4190,60,20.000000,0,0,0.185106,1.200000,0.800000,mba,0,,0,0,-1,-1,-1,-1,-1,-1,-1,-1,-1,-1,-1,-1
7199,3,1800,15,16,16,264081.846801,264081.936267,0.089466,0x405218,1,5595,1594,4001,62,20.000000,0,0,0.185106,1.200000,0.800000,mba,0,,0,0,-1,-1,-1,-1,-1,-1,-1,-1,-1,-1,-1,-1
7200,4,1800,0,16,16,264082.697551,264082.736576,0.039025,0x4052e4,1,1959,749,1210,32,100.000000,0,0,0.044703,1.200000,0.800000,mba,0,,0,0,-1,-1,-1,-1,-1,-1,-1,-1,-1,-1,-1,-1
7200,4,1800,1,16,16,264082.694725,264082.715062,0.020337,0x4052e4,1,232,143,89,34,20.000000,0,0,0.044703,1.200000,0.800000,mba,0,,0,0,-1,-1,-1,-1,-1,-1,-1,-1,-1,-1,-1,-1
7200,4,1800,2,16,16,264082.694273,264082.715226,0.020953,0x4052e4,1,323,230,93,36,20.000000,0,0,0.044703,1.200000,0.800000,mba,0,,0,0,-1,-1,-1,-1,-1,-1,-1,-1,-1,-1,-1,-1
7200,4,1800,3,16,16,264082.694733,264082.715523,0.020790,0x4052e4,1,213,145,68,6,20.000000,0,0,0.044703,1.200000,0.800000,mba,0,,0,0,-1,-1,-1,-1,-1,-1,-1,-1,-1,-1,-1,-1
7200,4,1800,4,16,16,264082.693961,264082.716476,0.022515,0x4052e4,1,277,170,107,40,20.000000,0,0,0.044703,1.200000,0.800000,mba,0,,0,0,-1,-1,-1,-1,-1,-1,-1,-1,-1,-1,-1,-1
7200,4,1800,5,16,16,264082.694196,264082.716968,0.022772,0x4052e4,1,283,151,132,42,20.000000,0,0,0.044703,1.200000,0.800000,mba,0,,0,0,-1,-1,-1,-1,-1,-1,-1,-1,-1,-1,-1,-1
7200,4,1800,6,16,16,264082.694234,264082.716636,0.022402,0x4052e4,1,279,181,98,44,20.000000,0,0,0.044703,1.200000,0.800000,mba,0,,0,0,-1,-1,-1,-1,-1,-1,-1,-1,-1,-1,-1,-1
7200,4,1800,7,16,16,264082.694093,264082.717186,0.023093,0x4052e4,1,334,212,122,46,20.000000,0,0,0.044703,1.200000,0.800000,mba,0,,0,0,-1,-1,-1,-1,-1,-1,-1,-1,-1,-1,-1,-1
7200,4,1800,8,16,16,264082.694737,264082.718091,0.023354,0x4052e4,1,340,234,106,48,20.000000,0,0,0.044703,1.200000,0.800000,mba,0,,0,0,-1,-1,-1,-1,-1,-1,-1,-1,-1,-1,-1,-1
7200,4,1800,9,16,16,264082.693528,264082.715886,0.022358,0x4052e4,1,295,191,104,18,20.000000,0,0,0.044703,1.200000,0.800000,mba,0,,0,0,-1,-1,-1,-1,-1,-1,-1,-1,-1,-1,-1,-1
7200,4,1800,10,16,16,264082.693847,264082.717121,0.023274,0x4052e4,1,280,170,110,52,20.000000,0,0,0.044703,1.200000,0.800000,mba,0,,0,0,-1,-1,-1,-1,-1,-1,-1,-1,-1,-1,-1,-1
7200,4,1800,11,16,16,264082.694626,264082.717752,0.023126,0x4052e4,1,327,212,115,54,20.000000,0,0,0.044703,1.200000,0.800000,mba,0,,0,0,-1,-1,-1,-1,-1,-1,-1,-1,-1,-1,-1,-1
7200,4,1800,12,16,16,264082.691873,264082.712513,0.020640,0x4052e4,1,169,141,28,56,20.000000,0,0,0.044703,1.200000,0.800000,mba,0,,0,0,-1,-1,-1,-1,-1,-1,-1,-1,-1,-1,-1,-1
7200,4,1800,13,16,16,264082.692173,264082.712933,0.020760,0x4052e4,1,94,50,44,58,20.000000,0,0,0.044703,1.200000,0.800000,mba,0,,0,0,-1,-1,-1,-1,-1,-1,-1,-1,-1,-1,-1,-1
7200,4,1800,14,16,16,264082.691879,264082.713014,0.021135,0x4052e4,1,240,163,77,60,20.000000,0,0,0.044703,1.200000,0.800000,mba,0,,0,0,-1,-1,-1,-1,-1,-1,-1,-1,-1,-1,-1,-1
7200,4,1800,15,16,16,264082.692958,264082.713561,0.020603,0x4052e4,1,166,86,80,62,20.000000,0,0,0.044703,1.200000,0.800000,mba,0,,0,0,-1,-1,-1,-1,-1,-1,-1,-1,-1,-1,-1,-1
7201,5,1800,0,16,16,264082.801270,264082.821641,0.020371,0x40533c,1,38,0,38,32,50.000000,0,0,0.026476,1.200000,0.800000,mba,0,,0,0,-1,-1,-1,-1,-1,-1,-1,-1,-1,-1,-1,-1
7201,5,1800,1,16,16,264082.799257,264082.819551,0.020294,0x40533c,1,79,31,48,34,40.000000,0,0,0.026476,1.200000,0.800000,mba,0,,0,0,-1,-1,-1,-1,-1,-1,-1,-1,-1,-1,-1,-1
7201,5,1800,2,16,16,264082.801080,264082.821211,0.020131,0x40533c,1,77,35,42,36,40.000000,0,0,0.026476,1.200000,0.800000,mba,0,,0,0,-1,-1,-1,-1,-1,-1,-1,-1,-1,-1,-1,-1
7201,5,1800,3,16,16,264082.800397,264082.820427,0.020030,0x40533c,1,132,88,44,6,40.000000,0,0,0.026476,1.200000,0.800000,mba,0,,0,0,-1,-1,-1,-1,-1,-1,-1,-1,-1,-1,-1,-1
7201,5,1800,4,16,16,264082.800073,264082.823669,0.023596,0x40533c,1,415,173,242,40,100.000000,0,0,0.026476,1.200000,0.800000,mba,0,,0,0,-1,-1,-1,-1,-1,-1,-1,-1,-1,-1,-1,-1
7201,5,1800,5,16,16,264082.800665,264082.824497,0.023832,0x40533c,1,538,246,292,42,100.000000,0,0,0.026476,1.200000,0.800000,mba,0,,0,0,-1,-1,-1,-1,-1,-1,-1,-1,-1,-1,-1,-1
7201,5,1800,6,16,16,264082.800452,264082.824076,0.023624,0x40533c,1,544,151,393,44,100.000000,0,0,0.026476,1.200000,0.800000,mba,0,,0,0,-1,-1,-1,-1,-1,-1,-1,-1,-1,-1,-1,-1
7201,5,1800,7,16,16,264082.801409,264082.824777,0.023368,0x40533c,1,566,228,338,46,100.000000,0,0,0.026476,1.200000,0.800000,mba,0,,0,0,-1,-1,-1,-1,-1,-1,-1,-1,-1,-1,-1,-1
7201,5,1800,8,16,16,264082.801376,264082.825546,0.024170,0x40533c,1,442,152,290,48,100.000000,0,0,0.026476,1.200000,0.800000,mba,0,,0,0,-1,-1,-1,-1,-1,-1,-1,-1,-1,-1,-1,-1
7201,5,1800,9,16,16,264082.800777,264082.824296,0.023519,0x40533c,1,541,150,391,18,100.000000,0,0,0.026476,1.200000,0.800000,mba,0,,0,0,-1,-1,-1,-1,-1,-1,-1,-1,-1,-1,-1,-1
7201,5,1800,10,16,16,264082.801279,264082.825733,0.024454,0x40533c,1,501,168,333,52,100.000000,0,0,0.026476,1.200000,0.800000,mba,0,,0,0,-1,-1,-1,-1,-1,-1,-1,-1,-1,-1,-1,-1
7201,5,1800,11,16,16,264082.800217,264082.824510,0.024293,0x40533c,1,604,244,360,54,100.000000,0,0,0.026476,1.200000,0.800000,mba,0,,0,0,-1,-1,-1,-1,-1,-1,-1,-1,-1,-1,-1,-1
7201,5,1800,12,16,16,264082.801024,264082.821267,0.020243,0x40533c,1,87,57,30,56,40.000000,0,0,0.026476,1.200000,0.800000,mba,0,,0,0,-1,-1,-1,-1,-1,-1,-1,-1,-1,-1,-1,-1
7201,5,1800,13,16,16,264082.800327,264082.820389,0.020062,0x40533c,1,62,26,36,58,40.000000,0,0,0.026476,1.200000,0.800000,mba,0,,0,0,-1,-1,-1,-1,-1,-1,-1,-1,-1,-1,-1,-1
7201,5,1800,14,16,16,264082.799509,264082.819997,0.020488,0x40533c,1,92,56,36,60,40.000000,0,0,0.026476,1.200000,0.800000,mba,0,,0,0,-1,-1,-1,-1,-1,-1,-1,-1,-1,-1,-1,-1
7201,5,1800,15,16,16,264082.801132,264082.821488,0.020356,0x40533c,1,99,58,41,62,40.000000,0,0,0.026476,1.200000,0.800000,mba,0,,0,0,-1,-1,-1,-1,-1,-1,-1,-1,-1,-1,-1,-1
7598,2,1900,0,16,16,273365.033461,273455.133659,63.959954,0x4051ce,1,6588820,2132979,4455841,32,30.000000,1,1,90.397423,1.200000,0.800000,mba,0,,1,1,23789568,20725760,9101312,3197762371584,3198387838976,590413824,3197762461696,3198387838976,588881920,-1,-1,-1
7598,2,1900,1,16,16,273365.047439,273455.036726,60.961251,0x4051ce,1,7129373,1983216,5146157,34,30.000000,1,1,90.397423,1.200000,0.800000,mba,0,,1,1,23969792,20545536,6217728,3197762461696,3198387388416,574734336,3197762461696,3198387388416,574373888,-1,-1,-1
7598,2,1900,2,16,16,273364.985025,273455.287397,72.833014,0x4051ce,1,7436022,3506702,3929320,36,40.000000,1,1,90.397423,1.200000,0.800000,mba,0,,1,1,13246464,9191424,9912320,1803503640576,1804086575104,578969600,1803503640576,1804086575104,578158592,-1,-1,-1
7598,2,1900,3,16,16,273365.002053,273455.094009,65.262829,0x4051ce,1,7143002,4186265,2956737,38,50.000000,1,1,90.397423,1.200000,0.800000,mba,0,,1,1,5316608,8560640,27844608,571231232000,572683657216,1284186112,571231232000,572683747328,1284997120,-1,-1,-1
7598,2,1900,4,16,16,273364.987354,273455.231745,78.804120,0x4051ce,1,10446787,6020792,4425995,40,100.000000,1,1,90.397423,1.200000,0.800000,mba,0,,1,1,36765696,36855808,-1712128,16747502092288,16753109762048,5376983040,16747502092288,16753109762048,5376262144,-1,-1,-1
7598,2,1900,5,16,16,273364.990644,273455.241176,82.899805,0x4051ce,1,10822103,8167186,2654917,42,100.000000,1,1,90.397423,1.200000,0.800000,mba,0,,1,1,36765696,36855808,-1171456,16747502092288,16753109762048,5594423296,16747502092288,16753109762048,5588836352,-1,-1,-1
7598,2,1900,6,16,16,273365.042221,273455.186113,79.495598,0x4051ce,1,10376070,7932278,2443792,44,100.000000,1,1,90.397423,1.200000,0.800000,mba,0,,1,1,36855808,36044800,-2433024,16747503173632,16753108230144,5451325440,16747503804416,16753108770816,5456551936,-1,-1,-1
7598,2,1900,7,16,16,273365.055978,273455.196479,82.666214,0x4051ce,1,10805370,8250989,2554381,46,100.000000,1,1,90.397423,1.200000,0.800000,mba,0,,1,1,36765696,36225024,-1171456,16747504074752,16753109041152,5589106688,16747504525312,16753109671936,5586673664,-1,-1,-1
7598,2,1900,8,16,16,273364.996267,273455.213396,81.629183,0x4051ce,1,10802886,8133395,2669491,48,100.000000,1,1,90.397423,1.200000,0.800000,mba,0,,1,1,36855808,36495360,-1982464,16747502092288,16753109671936,5554233344,16747502092288,16753109671936,5557387264,-1,-1,-1
7598,2,1900,9,16,16,273365.051489,273455.179999,79.179718,0x4051ce,1,10351325,7988076,2363249,18,100.000000,1,1,90.397423,1.200000,0.800000,mba,0,,1,1,36855808,36134912,-2342912,16747503624192,16753108140032,5426814976,16747504164864,16753108410368,5434834944,-1,-1,-1
7598,2,1900,10,16,16,273365.056002,273455.226956,82.654628,0x4051ce,1,10212750,7726892,2485858,52,100.000000,1,1,90.397423,1.200000,0.800000,mba,0,,1,1,36855808,36855808,-630784,16747503804416,16753109762048,5589196800,16747504615424,16753109762048,5586132992,-1,-1,-1
7598,2,1900,11,16,16,273365.059458,273455.244107,82.384489,0x4051ce,1,10760225,8132850,2627375,54,100.000000,1,1,90.397423,1.200000,0.800000,mba,0,,1,1,36855808,36855808,-1441792,16747504345088,16753109762048,5583609856,16747504615424,16753109762048,5581987840,-1,-1,-1
7598,2,1900,12,16,16,273364.999944,273455.128959,74.252887,0x4051ce,1,7680896,5714840,1966056,56,50.000000,1,1,90.397423,1.200000,0.800000,mba,0,,1,1,5226496,8650752,33071104,571231232000,572684017664,1404125184,571231232000,572684017664,1403494400,-1,-1,-1
7598,2,1900,13,16,16,273365.035002,273455.361866,80.012719,0x4051ce,1,7638359,6304052,1334307,58,50.000000,1,1,90.397423,1.200000,0.800000,mba,0,,1,1,5316608,8650752,28655616,571231412224,572685910016,1451343872,571231502336,572685910016,1448910848,-1,-1,-1
7598,2,1900,14,16,16,273364.996396,273455.045544,61.964665,0x4051ce,1,7960589,3137242,4823347,60,40.000000,1,1,90.397423,1.200000,0.800000,mba,0,,1,1,13246464,9281536,16310272,1803503640576,1804086034432,541483008,1803503640576,1804086034432,541212672,-1,-1,-1
7598,2,1900,15,16,16,273365.013709,273455.382448,73.107893,0x4051ce,1,7688021,2711981,4976040,62,30.000000,1,1,90.397423,1.200000,0.800000,mba,0,,1,1,23339008,20455424,5046272,3197762191360,3198388559872,619339776,3197762371584,3198388559872,618078208,-1,-1,-1
7599,3,1900,0,16,16,273455.530832,273455.630871,0.100039,0x405218,1,6277,1992,4285,32,20.000000,0,0,0.209163,1.200000,0.800000,mba,0,,0,0,-1,-1,-1,-1,-1,-1,-1,-1,-1,-1,-1,-1
7599,3,1900,1,16,16,273455.530101,273455.644414,0.114313,0x405218,1,6170,1871,4299,34,20.000000,0,0,0.209163,1.200000,0.800000,mba,0,,0,0,-1,-1,-1,-1,-1,-1,-1,-1,-1,-1,-1,-1
7599,3,1900,2,16,16,273455.529938,273455.635030,0.105092,0x405218,1,6461,2307,4154,36,20.000000,0,0,0.209163,1.200000,0.800000,mba,0,,0,0,-1,-1,-1,-1,-1,-1,-1,-1,-1,-1,-1,-1
7599,3,1900,3,16,16,273455.530508,273455.666867,0.136359,0x405218,1,5322,3027,2295,38,20.000000,0,0,0.209163,1.200000,0.800000,mba,0,,0,0,-1,-1,-1,-1,-1,-1,-1,-1,-1,-1,-1,-1
7599,3,1900,4,16,16,273455.530029,273455.717834,0.187805,0x405218,1,8141,3893,4248,40,100.000000,0,0,0.209163,1.200000,0.800000,mba,0,,0,0,-1,-1,-1,-1,-1,-1,-1,-1,-1,-1,-1,-1
7599,3,1900,5,16,16,273455.530229,273455.706645,0.176416,0x405218,1,9214,5160,4054,42,100.000000,0,0,0.209163,1.200000,0.800000,mba,0,,0,0,-1,-1,-1,-1,-1,-1,-1,-1,-1,-1,-1,-1
7599,3,1900,6,16,16,273455.530716,273455.707006,0.176290,0x405218,1,8901,5102,3799,44,100.000000,0,0,0.209163,1.200000,0.800000,mba,0,,0,0,-1,-1,-1,-1,-1,-1,-1,-1,-1,-1,-1,-1
7599,3,1900,7,16,16,273455.531090,273455.709584,0.178494,0x405218,1,9189,5517,3672,46,100.000000,0,0,0.209163,1.200000,0.800000,mba,0,,0,0,-1,-1,-1,-1,-1,-1,-1,-1,-1,-1,-1,-1
7599,3,1900,8,16,16,273455.530587,273455.702395,0.171808,0x405218,1,9090,5598,3492,48,100.000000,0,0,0.209163,1.200000,0.800000,mba,0,,0,0,-1,-1,-1,-1,-1,-1,-1,-1,-1,-1,-1,-1
7599,3,1900,9,16,16,273455.530600,273455.705531,0.174931,0x405218,1,8907,4833,4074,18,100.000000,0,0,0.209163,1.200000,0.800000,mba,0,,0,0,-1,-1,-1,-1,-1,-1,-1,-1,-1,-1,-1,-1
7599,3,1900,10,16,16,273455.530154,273455.739051,0.208897,0x405218,1,8240,5126,3114,52,100.000000,0,0,0.209163,1.200000,0.800000,mba,0,,0,0,-1,-1,-1,-1,-1,-1,-1,-1,-1,-1,-1,-1
7599,3,1900,11,16,16,273455.530384,273455.696009,0.165625,0x405218,1,9080,5238,3842,54,100.000000,0,0,0.209163,1.200000,0.800000,mba,0,,0,0,-1,-1,-1,-1,-1,-1,-1,-1,-1,-1,-1,-1
7599,3,1900,12,16,16,273455.529888,273455.667213,0.137325,0x405218,1,6144,3795,2349,56,20.000000,0,0,0.209163,1.200000,0.800000,mba,0,,0,0,-1,-1,-1,-1,-1,-1,-1,-1,-1,-1,-1,-1
7599,3,1900,13,16,16,273455.530672,273455.659113,0.128441,0x405218,1,4832,3214,1618,58,20.000000,0,0,0.209163,1.200000,0.800000,mba,0,,0,0,-1,-1,-1,-1,-1,-1,-1,-1,-1,-1,-1,-1
7599,3,1900,14,16,16,273455.530875,273455.634041,0.103166,0x405218,1,6383,2109,4274,60,20.000000,0,0,0.209163,1.200000,0.800000,mba,0,,0,0,-1,-1,-1,-1,-1,-1,-1,-1,-1,-1,-1,-1
7599,3,1900,15,16,16,273455.530692,273455.618848,0.088156,0x405218,1,5627,1503,4124,62,20.000000,0,0,0.209163,1.200000,0.800000,mba,0,,0,0,-1,-1,-1,-1,-1,-1,-1,-1,-1,-1,-1,-1
7600,4,1900,0,16,16,273456.393424,273456.425619,0.032195,0x4052e4,1,2020,655,1365,32,100.000000,0,0,0.038085,1.200000,0.800000,mba,0,,0,0,-1,-1,-1,-1,-1,-1,-1,-1,-1,-1,-1,-1
7600,4,1900,1,16,16,273456.388764,273456.410077,0.021313,0x4052e4,1,98,38,60,34,20.000000,0,0,0.038085,1.200000,0.800000,mba,0,,0,0,-1,-1,-1,-1,-1,-1,-1,-1,-1,-1,-1,-1
7600,4,1900,2,16,16,273456.389393,273456.410389,0.020996,0x4052e4,1,294,206,88,36,20.000000,0,0,0.038085,1.200000,0.800000,mba,0,,0,0,-1,-1,-1,-1,-1,-1,-1,-1,-1,-1,-1,-1
7600,4,1900,3,16,16,273456.389520,273456.411017,0.021497,0x4052e4,1,70,24,46,38,20.000000,0,0,0.038085,1.200000,0.800000,mba,0,,0,0,-1,-1,-1,-1,-1,-1,-1,-1,-1,-1,-1,-1
7600,4,1900,4,16,16,273456.388916,273456.412277,0.023361,0x4052e4,1,152,78,74,40,20.000000,0,0,0.038085,1.200000,0.800000,mba,0,,0,0,-1,-1,-1,-1,-1,-1,-1,-1,-1,-1,-1,-1
7600,4,1900,5,16,16,273456.389429,273456.411878,0.022449,0x4052e4,1,290,136,154,42,20.000000,0,0,0.038085,1.200000,0.800000,mba,0,,0,0,-1,-1,-1,-1,-1,-1,-1,-1,-1,-1,-1,-1
7600,4,1900,6,16,16,273456.389193,273456.411619,0.022426,0x4052e4,1,282,182,100,44,20.000000,0,0,0.038085,1.200000,0.800000,mba,0,,0,0,-1,-1,-1,-1,-1,-1,-1,-1,-1,-1,-1,-1
7600,4,1900,7,16,16,273456.389647,273456.412632,0.022985,0x4052e4,1,278,199,79,46,20.000000,0,0,0.038085,1.200000,0.800000,mba,0,,0,0,-1,-1,-1,-1,-1,-1,-1,-1,-1,-1,-1,-1
7600,4,1900,8,16,16,273456.388197,273456.411239,0.023042,0x4052e4,1,373,250,123,48,20.000000,0,0,0.038085,1.200000,0.800000,mba,0,,0,0,-1,-1,-1,-1,-1,-1,-1,-1,-1,-1,-1,-1
7600,4,1900,9,16,16,273456.388321,273456.410672,0.022351,0x4052e4,1,323,205,118,18,20.000000,0,0,0.038085,1.200000,0.800000,mba,0,,0,0,-1,-1,-1,-1,-1,-1,-1,-1,-1,-1,-1,-1
7600,4,1900,10,16,16,273456.388372,273456.411646,0.023274,0x4052e4,1,162,69,93,52,20.000000,0,0,0.038085,1.200000,0.800000,mba,0,,0,0,-1,-1,-1,-1,-1,-1,-1,-1,-1,-1,-1,-1
7600,4,1900,11,16,16,273456.388707,273456.411160,0.022453,0x4052e4,1,324,204,120,54,20.000000,0,0,0.038085,1.200000,0.800000,mba,0,,0,0,-1,-1,-1,-1,-1,-1,-1,-1,-1,-1,-1,-1
7600,4,1900,12,16,16,273456.387917,273456.408408,0.020491,0x4052e4,1,167,133,34,56,20.000000,0,0,0.038085,1.200000,0.800000,mba,0,,0,0,-1,-1,-1,-1,-1,-1,-1,-1,-1,-1,-1,-1
7600,4,1900,13,16,16,273456.387690,273456.408216,0.020526,0x4052e4,1,91,54,37,58,20.000000,0,0,0.038085,1.200000,0.800000,mba,0,,0,0,-1,-1,-1,-1,-1,-1,-1,-1,-1,-1,-1,-1
7600,4,1900,14,16,16,273456.388423,273456.408883,0.020460,0x4052e4,1,223,145,78,60,20.000000,0,0,0.038085,1.200000,0.800000,mba,0,,0,0,-1,-1,-1,-1,-1,-1,-1,-1,-1,-1,-1,-1
7600,4,1900,15,16,16,273456.387534,273456.408552,0.021018,0x4052e4,1,141,87,54,62,20.000000,0,0,0.038085,1.200000,0.800000,mba,0,,0,0,-1,-1,-1,-1,-1,-1,-1,-1,-1,-1,-1,-1
7601,5,1900,0,16,16,273456.481384,273456.501665,0.020281,0x40533c,1,49,8,41,32,50.000000,0,0,0.027133,1.200000,0.800000,mba,0,,0,0,-1,-1,-1,-1,-1,-1,-1,-1,-1,-1,-1,-1
7601,5,1900,1,16,16,273456.481956,273456.502568,0.020612,0x40533c,1,87,31,56,34,40.000000,0,0,0.027133,1.200000,0.800000,mba,0,,0,0,-1,-1,-1,-1,-1,-1,-1,-1,-1,-1,-1,-1
7601,5,1900,2,16,16,273456.481934,273456.502131,0.020197,0x40533c,1,82,48,34,36,40.000000,0,0,0.027133,1.200000,0.800000,mba,0,,0,0,-1,-1,-1,-1,-1,-1,-1,-1,-1,-1,-1,-1
7601,5,1900,3,16,16,273456.481856,273456.502345,0.020489,0x40533c,1,48,7,41,38,40.000000,0,0,0.027133,1.200000,0.800000,mba,0,,0,0,-1,-1,-1,-1,-1,-1,-1,-1,-1,-1,-1,-1
7601,5,1900,4,16,16,273456.482084,273456.506668,0.024584,0x40533c,1,113,31,82,40,100.000000,0,0,0.027133,1.200000,0.800000,mba,0,,0,0,-1,-1,-1,-1,-1,-1,-1,-1,-1,-1,-1,-1
7601,5,1900,5,16,16,273456.481562,273456.504863,0.023301,0x40533c,1,494,233,261,42,100.000000,0,0,0.027133,1.200000,0.800000,mba,0,,0,0,-1,-1,-1,-1,-1,-1,-1,-1,-1,-1,-1,-1
7601,5,1900,6,16,16,273456.481139,273456.504431,0.023292,0x40533c,1,467,140,327,44,100.000000,0,0,0.027133,1.200000,0.800000,mba,0,,0,0,-1,-1,-1,-1,-1,-1,-1,-1,-1,-1,-1,-1
7601,5,1900,7,16,16,273456.480610,273456.504507,0.023897,0x40533c,1,470,173,297,46,100.000000,0,0,0.027133,1.200000,0.800000,mba,0,,0,0,-1,-1,-1,-1,-1,-1,-1,-1,-1,-1,-1,-1
7601,5,1900,8,16,16,273456.482589,273456.506936,0.024347,0x40533c,1,444,161,283,48,100.000000,0,0,0.027133,1.200000,0.800000,mba,0,,0,0,-1,-1,-1,-1,-1,-1,-1,-1,-1,-1,-1,-1
7601,5,1900,9,16,16,273456.480709,273456.504753,0.024044,0x40533c,1,438,161,277,18,100.000000,0,0,0.027133,1.200000,0.800000,mba,0,,0,0,-1,-1,-1,-1,-1,-1,-1,-1,-1,-1,-1,-1
7601,5,1900,10,16,16,273456.481043,273456.505559,0.024516,0x40533c,1,154,45,109,52,100.000000,0,0,0.027133,1.200000,0.800000,mba,0,,0,0,-1,-1,-1,-1,-1,-1,-1,-1,-1,-1,-1,-1
7601,5,1900,11,16,16,273456.480636,273456.504731,0.024095,0x40533c,1,635,260,375,54,100.000000,0,0,0.027133,1.200000,0.800000,mba,0,,0,0,-1,-1,-1,-1,-1,-1,-1,-1,-1,-1,-1,-1
7601,5,1900,12,16,16,273456.479803,273456.499936,0.020133,0x40533c,1,92,62,30,56,40.000000,0,0,0.027133,1.200000,0.800000,mba,0,,0,0,-1,-1,-1,-1,-1,-1,-1,-1,-1,-1,-1,-1
7601,5,1900,13,16,16,273456.481435,273456.501634,0.020199,0x40533c,1,49,22,27,58,40.000000,0,0,0.027133,1.200000,0.800000,mba,0,,0,0,-1,-1,-1,-1,-1,-1,-1,-1,-1,-1,-1,-1
7601,5,1900,14,16,16,273456.481056,273456.501259,0.020203,0x40533c,1,91,52,39,60,40.000000,0,0,0.027133,1.200000,0.800000,mba,0,,0,0,-1,-1,-1,-1,-1,-1,-1,-1,-1,-1,-1,-1
7601,5,1900,15,16,16,273456.481944,273456.501983,0.020039,0x40533c,1,116,50,66,62,40.000000,0,0,0.027133,1.200000,0.800000,mba,0,,0,0,-1,-1,-1,-1,-1,-1,-1,-1,-1,-1,-1,-1
7998,2,2000,0,16,16,282194.136673,282281.073426,61.885644,0x4051ce,1,6590594,2046736,4543858,32,30.000000,1,1,87.147253,1.200000,0.800000,mba,0,,1,1,24059904,21807104,12525568,3261469843456,3262108106752,602308608,3261469843456,3262108106752,601767936,-1,-1,-1
7998,2,2000,1,16,16,282194.130421,282280.989449,63.755627,0x4051ce,1,7775246,2225313,5549933,34,30.000000,1,1,87.147253,1.200000,0.800000,mba,0,,1,1,24059904,21716992,7929856,3261469843456,3262107926528,613302272,3261469843456,3262107926528,612851712,-1,-1,-1
7998,2,2000,2,16,16,282194.113329,282281.115478,70.142543,0x4051ce,1,7018965,3238345,3780620,36,40.000000,1,1,87.147253,1.200000,0.800000,mba,0,,1,1,9011200,8921088,9641984,1861408260096,1861964701696,552566784,1861408260096,1861964701696,552296448,-1,-1,-1
7998,2,2000,3,16,16,282194.136114,282281.066038,66.613034,0x4051ce,1,7778180,4566892,3211288,38,50.000000,1,1,87.147253,1.200000,0.800000,mba,0,,1,1,9822208,10723328,14237696,717752532992,719167111168,1294368768,717752623104,719167201280,1295360000,-1,-1,-1
7998,2,2000,4,16,16,282194.130136,282281.060786,74.412488,0x4051ce,1,10518038,6077043,4440995,40,100.000000,1,1,87.147253,1.200000,0.800000,mba,0,,1,1,34152448,34963456,-630784,17301020819456,17306453852160,5091237888,17301020819456,17306454573056,5098807296,-1,-1,-1
7998,2,2000,5,16,16,282194.124789,282281.117001,79.511810,0x4051ce,1,10362031,7922340,2439691,42,100.000000,1,1,87.147253,1.200000,0.800000,mba,0,,1,1,34242560,35143680,630784,17301020819456,17306454663168,5423120384,17301020819456,17306454663168,5417353216,-1,-1,-1
7998,2,2000,6,16,16,282194.124534,282281.093002,78.348706,0x4051ce,1,10094239,7905451,2188788,44,100.000000,1,1,87.147253,1.200000,0.800000,mba,0,,1,1,34152448,35143680,-450560,17301020819456,17306454663168,5381849088,17301020819456,17306454663168,5384011776,-1,-1,-1
7998,2,2000,7,16,16,282194.092521,282281.095786,79.458423,0x4051ce,1,10334489,8021652,2312837,46,100.000000,1,1,87.147253,1.200000,0.800000,mba,0,,1,1,34062336,35233792,811008,17301020819456,17306454663168,5422669824,17301020819456,17306454663168,5415550976,-1,-1,-1
7998,2,2000,8,16,16,282194.147041,282281.117504,78.929929,0x4051ce,1,10347973,7965388,2382585,48,100.000000,1,1,87.147253,1.200000,0.800000,mba,0,,1,1,34242560,35143680,540672,17301020819456,17306454663168,5396897792,17301021630464,17306454663168,5396357120,-1,-1,-1
7998,2,2000,9,16,16,282194.143428,282281.082057,78.138255,0x4051ce,1,10072630,7876819,2195811,18,100.000000,1,1,87.147253,1.200000,0.800000,mba,0,,1,1,34242560,35053568,0,17301020819456,17306454663168,5374099456,17301021089792,17306454663168,5375180800,-1,-1,-1
7998,2,2000,10,16,16,282194.143525,282281.046392,79.505674,0x4051ce,1,9562977,7346993,2215984,52,100.000000,1,1,87.147253,1.200000,0.800000,mba,0,,1,1,34512896,34783232,450560,17301020909568,17306452500480,5418254336,17301021360128,17306452951040,5413478400,-1,-1,-1
7998,2,2000,11,16,16,282194.110827,282281.079791,79.763057,0x4051ce,1,10306352,7986939,2319413,54,100.000000,1,1,87.147253,1.200000,0.800000,mba,0,,1,1,34062336,35053568,360448,17301020819456,17306454663168,5423931392,17301020819456,17306454663168,5420236800,-1,-1,-1
7998,2,2000,12,16,16,282194.125558,282281.016468,72.631509,0x4051ce,1,7392968,5426214,1966754,56,50.000000,1,1,87.147253,1.200000,0.800000,mba,0,,1,1,9822208,10452992,19464192,717752532992,719166570496,1371144192,717752532992,719166570496,1371774976,-1,-1,-1
7998,2,2000,13,16,16,282194.101074,282281.239774,77.908712,0x4051ce,1,7300220,5894138,1406082,58,50.000000,1,1,87.147253,1.200000,0.800000,mba,0,,1,1,9912320,10723328,17301504,717752532992,719168733184,1413496832,717752532992,719168733184,1411784704,-1,-1,-1
7998,2,2000,14,16,16,282194.125877,282280.950051,60.080791,0x4051ce,1,7971660,3005346,4966314,60,40.000000,1,1,87.147253,1.200000,0.800000,mba,0,,1,1,9011200,8740864,14057472,1861408260096,1861964431360,518414336,1861408260096,1861964431360,518324224,-1,-1,-1
7998,2,2000,15,16,16,282194.126133,282281.209584,70.241300,0x4051ce,1,7693922,2587489,5106433,62,30.000000,1,1,87.147253,1.200000,0.800000,mba,0,,1,1,23969792,21716992,6397952,3261469843456,3262108467200,630693888,3261469843456,3262108467200,628891648,-1,-1,-1
7999,3,2000,0,16,16,282281.385059,282281.483831,0.098772,0x405218,1,6216,1842,4374,32,20.000000,0,0,0.203919,1.200000,0.800000,mba,0,,0,0,-1,-1,-1,-1,-1,-1,-1,-1,-1,-1,-1,-1
7999,3,2000,1,16,16,282281.384354,282281.474306,0.089952,0x405218,1,6177,1688,4489,34,20.000000,0,0,0.203919,1.200000,0.800000,mba,0,,0,0,-1,-1,-1,-1,-1,-1,-1,-1,-1,-1,-1,-1
7999,3,2000,2,16,16,282281.384652,282281.506737,0.122085,0x405218,1,6173,2049,4124,36,20.000000,0,0,0.203919,1.200000,0.800000,mba,0,,0,0,-1,-1,-1,-1,-1,-1,-1,-1,-1,-1,-1,-1
7999,3,2000,3,16,16,282281.384621,282281.506402,0.121781,0x405218,1,5367,2556,2811,38,20.000000,0,0,0.203919,1.200000,0.800000,mba,0,,0,0,-1,-1,-1,-1,-1,-1,-1,-1,-1,-1,-1,-1
7999,3,2000,4,16,16,282281.384916,282281.544141,0.159225,0x405218,1,8708,4180,4528,40,100.000000,0,0,0.203919,1.200000,0.800000,mba,0,,0,0,-1,-1,-1,-1,-1,-1,-1,-1,-1,-1,-1,-1
7999,3,2000,5,16,16,282281.384129,282281.555966,0.171837,0x405218,1,8937,4670,4267,42,100.000000,0,0,0.203919,1.200000,0.800000,mba,0,,0,0,-1,-1,-1,-1,-1,-1,-1,-1,-1,-1,-1,-1
7999,3,2000,6,16,16,282281.384598,282281.556600,0.172002,0x405218,1,8697,4709,3988,44,100.000000,0,0,0.203919,1.200000,0.800000,mba,0,,0,0,-1,-1,-1,-1,-1,-1,-1,-1,-1,-1,-1,-1
7999,3,2000,7,16,16,282281.384473,282281.564154,0.179681,0x405218,1,8902,5410,3492,46,100.000000,0,0,0.203919,1.200000,0.800000,mba,0,,0,0,-1,-1,-1,-1,-1,-1,-1,-1,-1,-1,-1,-1
7999,3,2000,8,16,16,282281.384809,282281.553823,0.169014,0x405218,1,8711,4952,3759,48,100.000000,0,0,0.203919,1.200000,0.800000,mba,0,,0,0,-1,-1,-1,-1,-1,-1,-1,-1,-1,-1,-1,-1
7999,3,2000,9,16,16,282281.384341,282281.558673,0.174332,0x405218,1,8761,4907,3854,18,100.000000,0,0,0.203919,1.200000,0.800000,mba,0,,0,0,-1,-1,-1,-1,-1,-1,-1,-1,-1,-1,-1,-1
7999,3,2000,10,16,16,282281.384666,282281.587606,0.202940,0x405218,1,7908,4936,2972,52,100.000000,0,0,0.203919,1.200000,0.800000,mba,0,,0,0,-1,-1,-1,-1,-1,-1,-1,-1,-1,-1,-1,-1
7999,3,2000,11,16,16,282281.384326,282281.552957,0.168631,0x405218,1,8824,5402,3422,54,100.000000,0,0,0.203919,1.200000,0.800000,mba,0,,0,0,-1,-1,-1,-1,-1,-1,-1,-1,-1,-1,-1,-1
7999,3,2000,12,16,16,282281.383687,282281.537000,0.153313,0x405218,1,5900,3905,1995,56,20.000000,0,0,0.203919,1.200000,0.800000,mba,0,,0,0,-1,-1,-1,-1,-1,-1,-1,-1,-1,-1,-1,-1
7999,3,2000,13,16,16,282281.383859,282281.536756,0.152897,0x405218,1,4484,3373,1111,58,20.000000,0,0,0.203919,1.200000,0.800000,mba,0,,0,0,-1,-1,-1,-1,-1,-1,-1,-1,-1,-1,-1,-1
7999,3,2000,14,16,16,282281.385136,282281.495342,0.110206,0x405218,1,6362,1946,4416,60,20.000000,0,0,0.203919,1.200000,0.800000,mba,0,,0,0,-1,-1,-1,-1,-1,-1,-1,-1,-1,-1,-1,-1
7999,3,2000,15,16,16,282281.384416,282281.477757,0.093341,0x405218,1,5602,1416,4186,62,20.000000,0,0,0.203919,1.200000,0.800000,mba,0,,0,0,-1,-1,-1,-1,-1,-1,-1,-1,-1,-1,-1,-1
8000,4,2000,0,16,16,282282.235888,282282.267681,0.031793,0x4052e4,1,1964,583,1381,32,100.000000,0,0,0.037958,1.200000,0.800000,mba,0,,0,0,-1,-1,-1,-1,-1,-1,-1,-1,-1,-1,-1,-1
8000,4,2000,1,16,16,282282.232104,282282.254344,0.022240,0x4052e4,1,227,122,105,34,20.000000,0,0,0.037958,1.200000,0.800000,mba,0,,0,0,-1,-1,-1,-1,-1,-1,-1,-1,-1,-1,-1,-1
8000,4,2000,2,16,16,282282.232695,282282.255690,0.022995,0x4052e4,1,131,83,48,36,20.000000,0,0,0.037958,1.200000,0.800000,mba,0,,0,0,-1,-1,-1,-1,-1,-1,-1,-1,-1,-1,-1,-1
8000,4,2000,3,16,16,282282.232077,282282.254405,0.022328,0x4052e4,1,158,110,48,38,20.000000,0,0,0.037958,1.200000,0.800000,mba,0,,0,0,-1,-1,-1,-1,-1,-1,-1,-1,-1,-1,-1,-1
8000,4,2000,4,16,16,282282.232371,282282.256718,0.024347,0x4052e4,1,312,184,128,40,20.000000,0,0,0.037958,1.200000,0.800000,mba,0,,0,0,-1,-1,-1,-1,-1,-1,-1,-1,-1,-1,-1,-1
8000,4,2000,5,16,16,282282.232046,282282.255871,0.023825,0x4052e4,1,340,116,224,42,20.000000,0,0,0.037958,1.200000,0.800000,mba,0,,0,0,-1,-1,-1,-1,-1,-1,-1,-1,-1,-1,-1,-1
8000,4,2000,6,16,16,282282.231605,282282.256035,0.024430,0x4052e4,1,282,173,109,44,20.000000,0,0,0.037958,1.200000,0.800000,mba,0,,0,0,-1,-1,-1,-1,-1,-1,-1,-1,-1,-1,-1,-1
8000,4,2000,7,16,16,282282.231998,282282.256219,0.024221,0x4052e4,1,314,197,117,46,20.000000,0,0,0.037958,1.200000,0.800000,mba,0,,0,0,-1,-1,-1,-1,-1,-1,-1,-1,-1,-1,-1,-1
8000,4,2000,8,16,16,282282.232743,282282.257841,0.025098,0x4052e4,1,418,276,142,48,20.000000,0,0,0.037958,1.200000,0.800000,mba,0,,0,0,-1,-1,-1,-1,-1,-1,-1,-1,-1,-1,-1,-1
8000,4,2000,9,16,16,282282.232311,282282.256959,0.024648,0x4052e4,1,412,298,114,18,20.000000,0,0,0.037958,1.200000,0.800000,mba,0,,0,0,-1,-1,-1,-1,-1,-1,-1,-1,-1,-1,-1,-1
8000,4,2000,10,16,16,282282.231505,282282.256595,0.025090,0x4052e4,1,139,79,60,52,20.000000,0,0,0.037958,1.200000,0.800000,mba,0,,0,0,-1,-1,-1,-1,-1,-1,-1,-1,-1,-1,-1,-1
8000,4,2000,11,16,16,282282.232010,282282.256522,0.024512,0x4052e4,1,385,234,151,54,20.000000,0,0,0.037958,1.200000,0.800000,mba,0,,0,0,-1,-1,-1,-1,-1,-1,-1,-1,-1,-1,-1,-1
8000,4,2000,12,16,16,282282.230326,282282.253131,0.022805,0x4052e4,1,69,38,31,56,20.000000,0,0,0.037958,1.200000,0.800000,mba,0,,0,0,-1,-1,-1,-1,-1,-1,-1,-1,-1,-1,-1,-1
8000,4,2000,13,16,16,282282.231118,282282.253745,0.022627,0x4052e4,1,50,28,22,58,20.000000,0,0,0.037958,1.200000,0.800000,mba,0,,0,0,-1,-1,-1,-1,-1,-1,-1,-1,-1,-1,-1,-1
8000,4,2000,14,16,16,282282.230649,282282.252988,0.022339,0x4052e4,1,234,146,88,60,20.000000,0,0,0.037958,1.200000,0.800000,mba,0,,0,0,-1,-1,-1,-1,-1,-1,-1,-1,-1,-1,-1,-1
8000,4,2000,15,16,16,282282.229723,282282.251932,0.022209,0x4052e4,1,141,93,48,62,20.000000,0,0,0.037958,1.200000,0.800000,mba,0,,0,0,-1,-1,-1,-1,-1,-1,-1,-1,-1,-1,-1,-1
8001,5,2000,0,16,16,282282.330300,282282.352427,0.022127,0x40533c,1,38,8,30,32,50.000000,0,0,0.027553,1.200000,0.800000,mba,0,,0,0,-1,-1,-1,-1,-1,-1,-1,-1,-1,-1,-1,-1
8001,5,2000,1,16,16,282282.330607,282282.352491,0.021884,0x40533c,1,81,32,49,34,40.000000,0,0,0.027553,1.200000,0.800000,mba,0,,0,0,-1,-1,-1,-1,-1,-1,-1,-1,-1,-1,-1,-1
8001,5,2000,2,16,16,282282.330555,282282.352896,0.022341,0x40533c,1,112,81,31,36,40.000000,0,0,0.027553,1.200000,0.800000,mba,0,,0,0,-1,-1,-1,-1,-1,-1,-1,-1,-1,-1,-1,-1
8001,5,2000,3,16,16,282282.329946,282282.351687,0.021741,0x40533c,1,90,30,60,38,40.000000,0,0,0.027553,1.200000,0.800000,mba,0,,0,0,-1,-1,-1,-1,-1,-1,-1,-1,-1,-1,-1,-1
8001,5,2000,4,16,16,282282.330106,282282.355940,0.025834,0x40533c,1,367,124,243,40,100.000000,0,0,0.027553,1.200000,0.800000,mba,0,,0,0,-1,-1,-1,-1,-1,-1,-1,-1,-1,-1,-1,-1
8001,5,2000,5,16,16,282282.330687,282282.356289,0.025602,0x40533c,1,410,177,233,42,100.000000,0,0,0.027553,1.200000,0.800000,mba,0,,0,0,-1,-1,-1,-1,-1,-1,-1,-1,-1,-1,-1,-1
8001,5,2000,6,16,16,282282.329901,282282.355309,0.025408,0x40533c,1,483,141,342,44,100.000000,0,0,0.027553,1.200000,0.800000,mba,0,,0,0,-1,-1,-1,-1,-1,-1,-1,-1,-1,-1,-1,-1
8001,5,2000,7,16,16,282282.330246,282282.354946,0.024700,0x40533c,1,312,110,202,46,100.000000,0,0,0.027553,1.200000,0.800000,mba,0,,0,0,-1,-1,-1,-1,-1,-1,-1,-1,-1,-1,-1,-1
8001,5,2000,8,16,16,282282.329872,282282.355036,0.025164,0x40533c,1,361,109,252,48,100.000000,0,0,0.027553,1.200000,0.800000,mba,0,,0,0,-1,-1,-1,-1,-1,-1,-1,-1,-1,-1,-1,-1
8001,5,2000,9,16,16,282282.330782,282282.356126,0.025344,0x40533c,1,208,60,148,18,100.000000,0,0,0.027553,1.200000,0.800000,mba,0,,0,0,-1,-1,-1,-1,-1,-1,-1,-1,-1,-1,-1,-1
8001,5,2000,10,16,16,282282.329305,282282.355187,0.025882,0x40533c,1,138,50,88,52,100.000000,0,0,0.027553,1.200000,0.800000,mba,0,,0,0,-1,-1,-1,-1,-1,-1,-1,-1,-1,-1,-1,-1
8001,5,2000,11,16,16,282282.330906,282282.355842,0.024936,0x40533c,1,546,212,334,54,100.000000,0,0,0.027553,1.200000,0.800000,mba,0,,0,0,-1,-1,-1,-1,-1,-1,-1,-1,-1,-1,-1,-1
8001,5,2000,12,16,16,282282.330174,282282.352278,0.022104,0x40533c,1,69,25,44,56,40.000000,0,0,0.027553,1.200000,0.800000,mba,0,,0,0,-1,-1,-1,-1,-1,-1,-1,-1,-1,-1,-1,-1
8001,5,2000,13,16,16,282282.329809,282282.351782,0.021973,0x40533c,1,51,30,21,58,40.000000,0,0,0.027553,1.200000,0.800000,mba,0,,0,0,-1,-1,-1,-1,-1,-1,-1,-1,-1,-1,-1,-1
8001,5,2000,14,16,16,282282.329778,282282.351354,0.021576,0x40533c,1,107,56,51,60,40.000000,0,0,0.027553,1.200000,0.800000,mba,0,,0,0,-1,-1,-1,-1,-1,-1,-1,-1,-1,-1,-1,-1
8001,5,2000,15,16,16,282282.328736,282282.350549,0.021813,0x40533c,1,80,39,41,62,40.000000,0,0,0.027553,1.200000,0.800000,mba,0,,0,0,-1,-1,-1,-1,-1,-1,-1,-1,-1,-1,-1,-1
