parallel_id,region_id,region_exec,thread_id,team_size,requested_threads,start_ms,end_ms,elapsed_ms,codeptr,pmu_valid,pmu_llc_references,pmu_llc_misses,pmu_llc_hits,cpu_id,target_mb_percent,resource_applied,resctrl_enabled,region_wall_ms,resctrl_enable_ms,resctrl_disable_ms,resource_kind,target_l3_ways,target_l3_mask,mon_valid,mon_l3_domains,mon_start_llc_occupancy_bytes,mon_end_llc_occupancy_bytes,mon_llc_occupancy_delta_bytes,mon_start_mbm_total_bytes,mon_end_mbm_total_bytes,mon_mbm_total_delta_bytes,mon_start_mbm_local_bytes,mon_end_mbm_local_bytes,mon_mbm_local_delta_bytes,mon_start_mbm_remote_bytes,mon_end_mbm_remote_bytes,mon_mbm_remote_delta_bytes
1,1,1,0,16,16,10120.776941,10136.947032,16.170091,0x404957,1,276063,274287,1776,32,100.000000,1,1,21.053112,1.200000,0.800000,monitor,15,7fff,1,1,0,3424256,3424256,90112,556171264,556081152,90112,556171264,556081152,-1,-1,-1
1,1,1,1,16,16,10121.081243,10141.830053,20.748810,0x404957,1,274973,273934,1039,2,100.000000,1,1,21.053112,1.200000,0.800000,monitor,15,7fff,1,1,0,3424256,3424256,90112,556171264,556081152,90112,556171264,556081152,-1,-1,-1
1,1,1,2,16,16,10120.783494,10138.413600,17.630106,0x404957,1,275262,274026,1236,4,100.000000,1,1,21.053112,1.200000,0.800000,monitor,15,7fff,1,1,0,3424256,3424256,90112,556171264,556081152,90112,556171264,556081152,-1,-1,-1
1,1,1,3,16,16,10120.828790,10138.471868,17.643078,0x404957,1,275129,273737,1392,38,100.000000,1,1,21.053112,1.200000,0.800000,monitor,15,7fff,1,1,0,3424256,3424256,90112,556171264,556081152,90112,556171264,556081152,-1,-1,-1
1,1,1,4,16,16,10121.089670,10139.184561,18.094891,0x404957,1,274891,273520,1371,40,100.000000,1,1,21.053112,1.200000,0.800000,monitor,15,7fff,1,1,0,3424256,3424256,90112,556171264,556081152,90112,556171264,556081152,-1,-1,-1
1,1,1,5,16,16,10120.796448,10138.709969,17.913521,0x404957,1,275072,273989,1083,10,100.000000,1,1,21.053112,1.200000,0.800000,monitor,15,7fff,1,1,0,3424256,3424256,90112,556171264,556081152,90112,556171264,556081152,-1,-1,-1
1,1,1,6,16,16,10121.063926,10138.771354,17.707428,0x404957,1,275146,273879,1267,44,100.000000,1,1,21.053112,1.200000,0.800000,monitor,15,7fff,1,1,0,3424256,3424256,90112,556171264,556081152,90112,556171264,556081152,-1,-1,-1
1,1,1,7,16,16,10121.071733,10137.235157,16.163424,0x404957,1,275097,273985,1112,14,100.000000,1,1,21.053112,1.200000,0.800000,monitor,15,7fff,1,1,0,3424256,3424256,90112,556171264,556081152,90112,556171264,556081152,-1,-1,-1
1,1,1,8,16,16,10121.102030,10139.619326,18.517296,0x404957,1,274830,273913,917,16,100.000000,1,1,21.053112,1.200000,0.800000,monitor,15,7fff,1,1,0,3424256,3424256,90112,556171264,556081152,90112,556171264,556081152,-1,-1,-1
1,1,1,9,16,16,10120.929514,10138.649204,17.719690,0x404957,1,275025,273704,1321,18,100.000000,1,1,21.053112,1.200000,0.800000,monitor,15,7fff,1,1,0,3424256,3424256,90112,556171264,556081152,90112,556171264,556081152,-1,-1,-1
1,1,1,10,16,16,10121.265549,10139.013873,17.748324,0x404957,1,275020,273639,1381,52,100.000000,1,1,21.053112,1.200000,0.800000,monitor,15,7fff,1,1,0,3424256,3424256,90112,556171264,556081152,90112,556171264,556081152,-1,-1,-1
1,1,1,11,16,16,10121.552529,10139.266442,17.713913,0x404957,1,275317,273727,1590,22,100.000000,1,1,21.053112,1.200000,0.800000,monitor,15,7fff,1,1,0,3424256,3424256,90112,556171264,556081152,90112,556171264,556081152,-1,-1,-1
1,1,1,12,16,16,10121.409126,10138.572995,17.163869,0x404957,1,275065,273749,1316,56,100.000000,1,1,21.053112,1.200000,0.800000,monitor,15,7fff,1,1,0,3424256,3424256,90112,556171264,556081152,90112,556171264,556081152,-1,-1,-1
1,1,1,13,16,16,10122.057756,10139.756712,17.698956,0x404957,1,275210,273702,1508,26,100.000000,1,1,21.053112,1.200000,0.800000,monitor,15,7fff,1,1,0,3424256,3424256,90112,556171264,556081152,90112,556171264,556081152,-1,-1,-1
1,1,1,14,16,16,10121.908418,10139.618571,17.710153,0x404957,1,275326,273694,1632,60,100.000000,1,1,21.053112,1.200000,0.800000,monitor,15,7fff,1,1,0,3424256,3424256,90112,556171264,556081152,90112,556171264,556081152,-1,-1,-1
1,1,1,15,16,16,10121.783220,10139.474092,17.690872,0x404957,1,275265,273815,1450,62,100.000000,1,1,21.053112,1.200000,0.800000,monitor,15,7fff,1,1,0,3424256,3424256,90112,556171264,556081152,90112,556171264,556081152,-1,-1,-1
2,2,1,0,16,16,10155.336890,10442.486465,217.114876,0x4051ce,1,26248475,12926494,13321981,0,100.000000,1,1,288.136477,1.200000,0.800000,monitor,15,7fff,1,1,18653184,58302464,39649280,570679296,34650587136,34079907840,570679296,34650587136,34079907840,-1,-1,-1
2,2,1,1,16,16,10155.874861,10442.541454,279.527363,0x4051ce,1,27272365,23153749,4118616,34,100.000000,1,1,288.136477,1.200000,0.800000,monitor,15,7fff,1,1,18653184,58302464,39649280,570679296,34650587136,34079907840,570679296,34650587136,34079907840,-1,-1,-1
2,2,1,2,16,16,10154.568580,10442.505864,275.645748,0x4051ce,1,27082517,23739085,3343432,4,100.000000,1,1,288.136477,1.200000,0.800000,monitor,15,7fff,1,1,18653184,58302464,39649280,570679296,34650587136,34079907840,570679296,34650587136,34079907840,-1,-1,-1
2,2,1,3,16,16,10154.830241,10442.401901,260.863975,0x4051ce,1,27103157,21420918,5682239,38,100.000000,1,1,288.136477,1.200000,0.800000,monitor,15,7fff,1,1,18653184,58302464,39649280,570679296,34650587136,34079907840,570679296,34650587136,34079907840,-1,-1,-1
2,2,1,4,16,16,10155.190789,10442.602615,275.230621,0x4051ce,1,27004490,24742323,2262167,40,100.000000,1,1,288.136477,1.200000,0.800000,monitor,15,7fff,1,1,18653184,58302464,39649280,570679296,34650587136,34079907840,570679296,34650587136,34079907840,-1,-1,-1
2,2,1,5,16,16,10156.353014,10442.681265,282.406588,0x4051ce,1,27020173,26212003,808170,10,100.000000,1,1,288.136477,1.200000,0.800000,monitor,15,7fff,1,1,18653184,58302464,39649280,570679296,34650587136,34079907840,570679296,34650587136,34079907840,-1,-1,-1
2,2,1,6,16,16,10155.461864,10442.673960,281.799527,0x4051ce,1,26998851,26202463,796388,44,100.000000,1,1,288.136477,1.200000,0.800000,monitor,15,7fff,1,1,18653184,58302464,39649280,570679296,34650587136,34079907840,570679296,34650587136,34079907840,-1,-1,-1
2,2,1,7,16,16,10155.011542,10442.646261,282.637462,0x4051ce,1,27005024,26193635,811389,14,100.000000,1,1,288.136477,1.200000,0.800000,monitor,15,7fff,1,1,18653184,58302464,39649280,570679296,34650587136,34079907840,570679296,34650587136,34079907840,-1,-1,-1
2,2,1,8,16,16,10154.929232,10442.637293,280.695289,0x4051ce,1,27001609,26192264,809345,16,100.000000,1,1,288.136477,1.200000,0.800000,monitor,15,7fff,1,1,18653184,58302464,39649280,570679296,34650587136,34079907840,570679296,34650587136,34079907840,-1,-1,-1
2,2,1,9,16,16,10154.811665,10442.705057,282.924481,0x4051ce,1,26992021,26201614,790407,18,100.000000,1,1,288.136477,1.200000,0.800000,monitor,15,7fff,1,1,18653184,58302464,39649280,570679296,34650587136,34079907840,570679296,34650587136,34079907840,-1,-1,-1
2,2,1,10,16,16,10155.312471,10442.659722,282.227643,0x4051ce,1,27000956,26207939,793017,52,100.000000,1,1,288.136477,1.200000,0.800000,monitor,15,7fff,1,1,18653184,58302464,39649280,570679296,34650587136,34079907840,570679296,34650587136,34079907840,-1,-1,-1
2,2,1,11,16,16,10155.596772,10442.603860,281.445270,0x4051ce,1,27035876,26027711,1008165,22,100.000000,1,1,288.136477,1.200000,0.800000,monitor,15,7fff,1,1,18653184,58302464,39649280,570679296,34650587136,34079907840,570679296,34650587136,34079907840,-1,-1,-1
2,2,1,12,16,16,10155.723715,10442.581898,280.070920,0x4051ce,1,26963630,25948511,1015119,56,100.000000,1,1,288.136477,1.200000,0.800000,monitor,15,7fff,1,1,18653184,58302464,39649280,570679296,34650587136,34079907840,570679296,34650587136,34079907840,-1,-1,-1
2,2,1,13,16,16,10156.022042,10442.652490,282.475751,0x4051ce,1,27009165,25982152,1027013,26,100.000000,1,1,288.136477,1.200000,0.800000,monitor,15,7fff,1,1,18653184,58302464,39649280,570679296,34650587136,34079907840,570679296,34650587136,34079907840,-1,-1,-1
2,2,1,14,16,16,10155.859579,10442.647450,283.120887,0x4051ce,1,26976668,25949100,1027568,60,100.000000,1,1,288.136477,1.200000,0.800000,monitor,15,7fff,1,1,18653184,58302464,39649280,570679296,34650587136,34079907840,570679296,34650587136,34079907840,-1,-1,-1
2,2,1,15,16,16,10156.156197,10442.622474,279.105028,0x4051ce,1,26367828,25397485,970343,62,100.000000,1,1,288.136477,1.200000,0.800000,monitor,15,7fff,1,1,18653184,58302464,39649280,570679296,34650587136,34079907840,570679296,34650587136,34079907840,-1,-1,-1
3,3,1,0,16,16,10444.205115,10444.317983,0.112868,0x405218,1,8363,2538,5825,32,100.000000,1,1,1.931797,1.200000,0.800000,monitor,15,7fff,1,1,60825600,59654144,-1171456,34655633408,34658877440,3244032,34655993856,34658877440,2883584,-1,-1,-1
3,3,1,1,16,16,10443.361821,10443.497187,0.135366,0x405218,1,8991,3149,5842,34,100.000000,1,1,1.931797,1.200000,0.800000,monitor,15,7fff,1,1,60825600,59654144,-1171456,34655633408,34658877440,3244032,34655993856,34658877440,2883584,-1,-1,-1
3,3,1,2,16,16,10442.948603,10443.079734,0.131131,0x405218,1,5897,3893,2004,4,100.000000,1,1,1.931797,1.200000,0.800000,monitor,15,7fff,1,1,60825600,59654144,-1171456,34655633408,34658877440,3244032,34655993856,34658877440,2883584,-1,-1,-1
3,3,1,3,16,16,10443.484495,10443.609492,0.124997,0x405218,1,9091,3070,6021,38,100.000000,1,1,1.931797,1.200000,0.800000,monitor,15,7fff,1,1,60825600,59654144,-1171456,34655633408,34658877440,3244032,34655993856,34658877440,2883584,-1,-1,-1
3,3,1,4,16,16,10443.920610,10444.054236,0.133626,0x405218,1,8999,2909,6090,40,100.000000,1,1,1.931797,1.200000,0.800000,monitor,15,7fff,1,1,60825600,59654144,-1171456,34655633408,34658877440,3244032,34655993856,34658877440,2883584,-1,-1,-1
3,3,1,5,16,16,10444.331820,10444.464234,0.132414,0x405218,1,9051,3153,5898,10,100.000000,1,1,1.931797,1.200000,0.800000,monitor,15,7fff,1,1,60825600,59654144,-1171456,34655633408,34658877440,3244032,34655993856,34658877440,2883584,-1,-1,-1
3,3,1,6,16,16,10444.607995,10444.740443,0.132448,0x405218,1,8987,3035,5952,44,100.000000,1,1,1.931797,1.200000,0.800000,monitor,15,7fff,1,1,60825600,59654144,-1171456,34655633408,34658877440,3244032,34655993856,34658877440,2883584,-1,-1,-1
3,3,1,7,16,16,10444.178666,10444.321619,0.142953,0x405218,1,9034,3383,5651,14,100.000000,1,1,1.931797,1.200000,0.800000,monitor,15,7fff,1,1,60825600,59654144,-1171456,34655633408,34658877440,3244032,34655993856,34658877440,2883584,-1,-1,-1
3,3,1,8,16,16,10444.047553,10444.190357,0.142804,0x405218,1,9044,3357,5687,16,100.000000,1,1,1.931797,1.200000,0.800000,monitor,15,7fff,1,1,60825600,59654144,-1171456,34655633408,34658877440,3244032,34655993856,34658877440,2883584,-1,-1,-1
3,3,1,9,16,16,10442.955105,10443.085397,0.130292,0x405218,1,5953,4944,1009,18,100.000000,1,1,1.931797,1.200000,0.800000,monitor,15,7fff,1,1,60825600,59654144,-1171456,34655633408,34658877440,3244032,34655993856,34658877440,2883584,-1,-1,-1
3,3,1,10,16,16,10443.781236,10443.910693,0.129457,0x405218,1,9023,3168,5855,52,100.000000,1,1,1.931797,1.200000,0.800000,monitor,15,7fff,1,1,60825600,59654144,-1171456,34655633408,34658877440,3244032,34655993856,34658877440,2883584,-1,-1,-1
3,3,1,11,16,16,10444.476544,10444.609832,0.133288,0x405218,1,9038,3063,5975,22,100.000000,1,1,1.931797,1.200000,0.800000,monitor,15,7fff,1,1,60825600,59654144,-1171456,34655633408,34658877440,3244032,34655993856,34658877440,2883584,-1,-1,-1
3,3,1,12,16,16,10442.952744,10443.113487,0.160743,0x405218,1,8673,4189,4484,56,100.000000,1,1,1.931797,1.200000,0.800000,monitor,15,7fff,1,1,60825600,59654144,-1171456,34655633408,34658877440,3244032,34655993856,34658877440,2883584,-1,-1,-1
3,3,1,13,16,16,10443.203728,10443.344641,0.140913,0x405218,1,9006,3116,5890,26,100.000000,1,1,1.931797,1.200000,0.800000,monitor,15,7fff,1,1,60825600,59654144,-1171456,34655633408,34658877440,3244032,34655993856,34658877440,2883584,-1,-1,-1
3,3,1,14,16,16,10443.638124,10443.786564,0.148440,0x405218,1,9015,2992,6023,60,100.000000,1,1,1.931797,1.200000,0.800000,monitor,15,7fff,1,1,60825600,59654144,-1171456,34655633408,34658877440,3244032,34655993856,34658877440,2883584,-1,-1,-1
3,3,1,15,16,16,10444.742640,10444.880400,0.137760,0x405218,1,8617,2821,5796,62,100.000000,1,1,1.931797,1.200000,0.800000,monitor,15,7fff,1,1,60825600,59654144,-1171456,34655633408,34658877440,3244032,34655993856,34658877440,2883584,-1,-1,-1
4,4,1,0,16,16,10445.377109,10445.404483,0.027374,0x4052e4,1,2390,766,1624,32,100.000000,1,1,0.244915,1.200000,0.800000,monitor,15,7fff,1,1,60465152,60915712,450560,34660409344,34660769792,360448,34660499456,34660769792,270336,-1,-1,-1
4,4,1,1,16,16,10445.170682,10445.193044,0.022362,0x4052e4,1,1061,382,679,34,100.000000,1,1,0.244915,1.200000,0.800000,monitor,15,7fff,1,1,60465152,60915712,450560,34660409344,34660769792,360448,34660499456,34660769792,270336,-1,-1,-1
4,4,1,2,16,16,10445.159568,10445.180159,0.020591,0x4052e4,1,125,97,28,4,100.000000,1,1,0.244915,1.200000,0.800000,monitor,15,7fff,1,1,60465152,60915712,450560,34660409344,34660769792,360448,34660499456,34660769792,270336,-1,-1,-1
4,4,1,3,16,16,10445.194477,10445.216464,0.021987,0x4052e4,1,650,263,387,38,100.000000,1,1,0.244915,1.200000,0.800000,monitor,15,7fff,1,1,60465152,60915712,450560,34660409344,34660769792,360448,34660499456,34660769792,270336,-1,-1,-1
4,4,1,4,16,16,10445.186920,10445.209206,0.022286,0x4052e4,1,832,326,506,40,100.000000,1,1,0.244915,1.200000,0.800000,monitor,15,7fff,1,1,60465152,60915712,450560,34660409344,34660769792,360448,34660499456,34660769792,270336,-1,-1,-1
4,4,1,5,16,16,10445.209989,10445.232480,0.022491,0x4052e4,1,757,251,506,10,100.000000,1,1,0.244915,1.200000,0.800000,monitor,15,7fff,1,1,60465152,60915712,450560,34660409344,34660769792,360448,34660499456,34660769792,270336,-1,-1,-1
4,4,1,6,16,16,10445.164579,10445.187526,0.022947,0x4052e4,1,756,223,533,44,100.000000,1,1,0.244915,1.200000,0.800000,monitor,15,7fff,1,1,60465152,60915712,450560,34660409344,34660769792,360448,34660499456,34660769792,270336,-1,-1,-1
4,4,1,7,16,16,10445.163426,10445.186067,0.022641,0x4052e4,1,712,239,473,14,100.000000,1,1,0.244915,1.200000,0.800000,monitor,15,7fff,1,1,60465152,60915712,450560,34660409344,34660769792,360448,34660499456,34660769792,270336,-1,-1,-1
4,4,1,8,16,16,10445.227182,10445.249048,0.021866,0x4052e4,1,714,275,439,16,100.000000,1,1,0.244915,1.200000,0.800000,monitor,15,7fff,1,1,60465152,60915712,450560,34660409344,34660769792,360448,34660499456,34660769792,270336,-1,-1,-1
4,4,1,9,16,16,10445.218795,10445.239792,0.020997,0x4052e4,1,137,95,42,18,100.000000,1,1,0.244915,1.200000,0.800000,monitor,15,7fff,1,1,60465152,60915712,450560,34660409344,34660769792,360448,34660499456,34660769792,270336,-1,-1,-1
4,4,1,10,16,16,10445.169354,10445.193268,0.023914,0x4052e4,1,953,435,518,52,100.000000,1,1,0.244915,1.200000,0.800000,monitor,15,7fff,1,1,60465152,60915712,450560,34660409344,34660769792,360448,34660499456,34660769792,270336,-1,-1,-1
4,4,1,11,16,16,10445.201931,10445.223792,0.021861,0x4052e4,1,691,153,538,22,100.000000,1,1,0.244915,1.200000,0.800000,monitor,15,7fff,1,1,60465152,60915712,450560,34660409344,34660769792,360448,34660499456,34660769792,270336,-1,-1,-1
4,4,1,12,16,16,10445.376919,10445.402904,0.025985,0x4052e4,1,2832,226,2606,56,100.000000,1,1,0.244915,1.200000,0.800000,monitor,15,7fff,1,1,60465152,60915712,450560,34660409344,34660769792,360448,34660499456,34660769792,270336,-1,-1,-1
4,4,1,13,16,16,10445.174405,10445.196362,0.021957,0x4052e4,1,797,281,516,26,100.000000,1,1,0.244915,1.200000,0.800000,monitor,15,7fff,1,1,60465152,60915712,450560,34660409344,34660769792,360448,34660499456,34660769792,270336,-1,-1,-1
4,4,1,14,16,16,10445.179428,10445.201287,0.021859,0x4052e4,1,602,189,413,60,100.000000,1,1,0.244915,1.200000,0.800000,monitor,15,7fff,1,1,60465152,60915712,450560,34660409344,34660769792,360448,34660499456,34660769792,270336,-1,-1,-1
4,4,1,15,16,16,10445.233721,10445.255420,0.021699,0x4052e4,1,642,133,509,62,100.000000,1,1,0.244915,1.200000,0.800000,monitor,15,7fff,1,1,60465152,60915712,450560,34660409344,34660769792,360448,34660499456,34660769792,270336,-1,-1,-1
5,5,1,0,16,16,10445.856457,10445.876976,0.020519,0x40533c,1,55,1,54,32,100.000000,1,1,0.344266,1.200000,0.800000,monitor,15,7fff,1,1,61186048,61095936,-90112,34661220352,34661310464,90112,34661220352,34661310464,90112,-1,-1,-1
5,5,1,1,16,16,10445.869132,10445.889284,0.020152,0x40533c,1,39,0,39,34,100.000000,1,1,0.344266,1.200000,0.800000,monitor,15,7fff,1,1,61186048,61095936,-90112,34661220352,34661310464,90112,34661220352,34661310464,90112,-1,-1,-1
5,5,1,2,16,16,10445.834187,10445.857006,0.022819,0x40533c,1,1614,165,1449,4,100.000000,1,1,0.344266,1.200000,0.800000,monitor,15,7fff,1,1,61186048,61095936,-90112,34661220352,34661310464,90112,34661220352,34661310464,90112,-1,-1,-1
5,5,1,3,16,16,10445.559212,10445.579524,0.020312,0x40533c,1,45,11,34,38,100.000000,1,1,0.344266,1.200000,0.800000,monitor,15,7fff,1,1,61186048,61095936,-90112,34661220352,34661310464,90112,34661220352,34661310464,90112,-1,-1,-1
5,5,1,4,16,16,10445.551051,10445.571757,0.020706,0x40533c,1,46,2,44,40,100.000000,1,1,0.344266,1.200000,0.800000,monitor,15,7fff,1,1,61186048,61095936,-90112,34661220352,34661310464,90112,34661220352,34661310464,90112,-1,-1,-1
5,5,1,5,16,16,10445.875084,10445.895317,0.020233,0x40533c,1,60,3,57,10,100.000000,1,1,0.344266,1.200000,0.800000,monitor,15,7fff,1,1,61186048,61095936,-90112,34661220352,34661310464,90112,34661220352,34661310464,90112,-1,-1,-1
5,5,1,6,16,16,10445.563233,10445.583492,0.020259,0x40533c,1,42,0,42,44,100.000000,1,1,0.344266,1.200000,0.800000,monitor,15,7fff,1,1,61186048,61095936,-90112,34661220352,34661310464,90112,34661220352,34661310464,90112,-1,-1,-1
5,5,1,7,16,16,10445.555187,10445.575398,0.020211,0x40533c,1,34,2,32,14,100.000000,1,1,0.344266,1.200000,0.800000,monitor,15,7fff,1,1,61186048,61095936,-90112,34661220352,34661310464,90112,34661220352,34661310464,90112,-1,-1,-1
5,5,1,8,16,16,10445.862566,10445.883102,0.020536,0x40533c,1,34,3,31,16,100.000000,1,1,0.344266,1.200000,0.800000,monitor,15,7fff,1,1,61186048,61095936,-90112,34661220352,34661310464,90112,34661220352,34661310464,90112,-1,-1,-1
5,5,1,9,16,16,10445.575660,10445.596060,0.020400,0x40533c,1,71,25,46,18,100.000000,1,1,0.344266,1.200000,0.800000,monitor,15,7fff,1,1,61186048,61095936,-90112,34661220352,34661310464,90112,34661220352,34661310464,90112,-1,-1,-1
5,5,1,10,16,16,10445.834947,10445.855295,0.020348,0x40533c,1,47,1,46,52,100.000000,1,1,0.344266,1.200000,0.800000,monitor,15,7fff,1,1,61186048,61095936,-90112,34661220352,34661310464,90112,34661220352,34661310464,90112,-1,-1,-1
5,5,1,11,16,16,10445.841220,10445.861520,0.020300,0x40533c,1,22,1,21,22,100.000000,1,1,0.344266,1.200000,0.800000,monitor,15,7fff,1,1,61186048,61095936,-90112,34661220352,34661310464,90112,34661220352,34661310464,90112,-1,-1,-1
5,5,1,12,16,16,10445.584675,10445.605492,0.020817,0x40533c,1,635,13,622,56,100.000000,1,1,0.344266,1.200000,0.800000,monitor,15,7fff,1,1,61186048,61095936,-90112,34661220352,34661310464,90112,34661220352,34661310464,90112,-1,-1,-1
5,5,1,13,16,16,10445.568564,10445.588823,0.020259,0x40533c,1,53,7,46,26,100.000000,1,1,0.344266,1.200000,0.800000,monitor,15,7fff,1,1,61186048,61095936,-90112,34661220352,34661310464,90112,34661220352,34661310464,90112,-1,-1,-1
5,5,1,14,16,16,10445.580047,10445.600343,0.020296,0x40533c,1,30,1,29,60,100.000000,1,1,0.344266,1.200000,0.800000,monitor,15,7fff,1,1,61186048,61095936,-90112,34661220352,34661310464,90112,34661220352,34661310464,90112,-1,-1,-1
5,5,1,15,16,16,10445.849440,10445.869594,0.020154,0x40533c,1,35,0,35,62,100.000000,1,1,0.344266,1.200000,0.800000,monitor,15,7fff,1,1,61186048,61095936,-90112,34661220352,34661310464,90112,34661220352,34661310464,90112,-1,-1,-1
398,2,100,0,16,16,79747.595919,80463.410261,266.416781,0x4051ce,1,26210398,19640435,6569963,32,100.000000,1,1,725.411117,1.200000,0.800000,monitor,15,7fff,1,1,83894272,83804160,-90112,6768938147840,6840844640256,71906492416,6768938147840,6840844640256,71906492416,-1,-1,-1
398,2,100,1,16,16,79747.536596,80463.248821,296.163969,0x4051ce,1,27090968,25410778,1680190,34,100.000000,1,1,725.411117,1.200000,0.800000,monitor,15,7fff,1,1,83894272,83804160,-90112,6768938147840,6840844640256,71906492416,6768938147840,6840844640256,71906492416,-1,-1,-1
398,2,100,2,16,16,79747.545882,80463.212718,302.002754,0x4051ce,1,27033473,26164444,869029,36,100.000000,1,1,725.411117,1.200000,0.800000,monitor,15,7fff,1,1,83894272,83804160,-90112,6768938147840,6840844640256,71906492416,6768938147840,6840844640256,71906492416,-1,-1,-1
398,2,100,3,16,16,79747.598892,80463.200555,295.534305,0x4051ce,1,26940792,25738498,1202294,38,100.000000,1,1,725.411117,1.200000,0.800000,monitor,15,7fff,1,1,83894272,83804160,-90112,6768938147840,6840844640256,71906492416,6768938147840,6840844640256,71906492416,-1,-1,-1
398,2,100,4,16,16,79747.541393,80472.939324,719.838677,0x4051ce,1,97229392,74416278,22813114,40,100.000000,1,1,725.411117,1.200000,0.800000,monitor,15,7fff,1,1,83894272,83804160,-90112,6768938147840,6840844640256,71906492416,6768938147840,6840844640256,71906492416,-1,-1,-1
398,2,100,5,16,16,79747.561726,80472.908896,722.310752,0x4051ce,1,97270152,74464410,22805742,42,100.000000,1,1,725.411117,1.200000,0.800000,monitor,15,7fff,1,1,83894272,83804160,-90112,6768938147840,6840844640256,71906492416,6768938147840,6840844640256,71906492416,-1,-1,-1
398,2,100,6,16,16,79747.578786,80472.434785,695.567666,0x4051ce,1,92192403,71164997,21027406,44,100.000000,1,1,725.411117,1.200000,0.800000,monitor,15,7fff,1,1,83894272,83804160,-90112,6768938147840,6840844640256,71906492416,6768938147840,6840844640256,71906492416,-1,-1,-1
398,2,100,7,16,16,79747.532374,80472.827658,722.958499,0x4051ce,1,97266158,74342169,22923989,46,100.000000,1,1,725.411117,1.200000,0.800000,monitor,15,7fff,1,1,83894272,83804160,-90112,6768938147840,6840844640256,71906492416,6768938147840,6840844640256,71906492416,-1,-1,-1
398,2,100,8,16,16,79747.582359,80472.792726,718.508151,0x4051ce,1,97290830,74304608,22986222,48,100.000000,1,1,725.411117,1.200000,0.800000,monitor,15,7fff,1,1,83894272,83804160,-90112,6768938147840,6840844640256,71906492416,6768938147840,6840844640256,71906492416,-1,-1,-1
398,2,100,9,16,16,79747.588055,80472.450099,695.872147,0x4051ce,1,92181995,71273747,20908248,50,100.000000,1,1,725.411117,1.200000,0.800000,monitor,15,7fff,1,1,83894272,83804160,-90112,6768938147840,6840844640256,71906492416,6768938147840,6840844640256,71906492416,-1,-1,-1
398,2,100,10,16,16,79747.565875,80472.911189,720.015371,0x4051ce,1,97297662,74670317,22627345,52,100.000000,1,1,725.411117,1.200000,0.800000,monitor,15,7fff,1,1,83894272,83804160,-90112,6768938147840,6840844640256,71906492416,6768938147840,6840844640256,71906492416,-1,-1,-1
398,2,100,11,16,16,79747.528207,80472.736487,718.649428,0x4051ce,1,97263408,74784560,22478848,54,100.000000,1,1,725.411117,1.200000,0.800000,monitor,15,7fff,1,1,83894272,83804160,-90112,6768938147840,6840844640256,71906492416,6768938147840,6840844640256,71906492416,-1,-1,-1
398,2,100,12,16,16,79747.557792,80463.085713,296.979678,0x4051ce,1,26950058,26282999,667059,56,100.000000,1,1,725.411117,1.200000,0.800000,monitor,15,7fff,1,1,83894272,83804160,-90112,6768938147840,6840844640256,71906492416,6768938147840,6840844640256,71906492416,-1,-1,-1
398,2,100,13,16,16,79747.571182,80463.239245,300.932303,0x4051ce,1,26991417,26463971,527446,58,100.000000,1,1,725.411117,1.200000,0.800000,monitor,15,7fff,1,1,83894272,83804160,-90112,6768938147840,6840844640256,71906492416,6768938147840,6840844640256,71906492416,-1,-1,-1
398,2,100,14,16,16,79747.550684,80463.254405,301.514567,0x4051ce,1,26958786,26433888,524898,60,100.000000,1,1,725.411117,1.200000,0.800000,monitor,15,7fff,1,1,83894272,83804160,-90112,6768938147840,6840844640256,71906492416,6768938147840,6840844640256,71906492416,-1,-1,-1
398,2,100,15,16,16,79747.606295,80463.194202,295.977791,0x4051ce,1,26354442,25854263,500179,30,100.000000,1,1,725.411117,1.200000,0.800000,monitor,15,7fff,1,1,83894272,83804160,-90112,6768938147840,6840844640256,71906492416,6768938147840,6840844640256,71906492416,-1,-1,-1
399,3,100,0,16,16,80473.188254,80473.384374,0.196120,0x405218,1,7477,6058,1419,32,100.000000,1,1,1.993336,1.200000,0.800000,monitor,15,7fff,1,1,84254720,83894272,-360448,6840846622720,6840861220864,14598144,6840848154624,6840861220864,13066240,-1,-1,-1
399,3,100,1,16,16,80474.963577,80475.117432,0.153855,0x405218,1,9025,4054,4971,34,100.000000,1,1,1.993336,1.200000,0.800000,monitor,15,7fff,1,1,84254720,83894272,-360448,6840846622720,6840861220864,14598144,6840848154624,6840861220864,13066240,-1,-1,-1
399,3,100,2,16,16,80473.221058,80473.398719,0.177661,0x405218,1,8646,4949,3697,36,100.000000,1,1,1.993336,1.200000,0.800000,monitor,15,7fff,1,1,84254720,83894272,-360448,6840846622720,6840861220864,14598144,6840848154624,6840861220864,13066240,-1,-1,-1
399,3,100,3,16,16,80474.296788,80474.436847,0.140059,0x405218,1,9049,3612,5437,38,100.000000,1,1,1.993336,1.200000,0.800000,monitor,15,7fff,1,1,84254720,83894272,-360448,6840846622720,6840861220864,14598144,6840848154624,6840861220864,13066240,-1,-1,-1
399,3,100,4,16,16,80474.029240,80474.383888,0.354648,0x405218,1,20136,13435,6701,40,100.000000,1,1,1.993336,1.200000,0.800000,monitor,15,7fff,1,1,84254720,83894272,-360448,6840846622720,6840861220864,14598144,6840848154624,6840861220864,13066240,-1,-1,-1
399,3,100,5,16,16,80473.775767,80474.131209,0.355442,0x405218,1,20264,15126,5138,42,100.000000,1,1,1.993336,1.200000,0.800000,monitor,15,7fff,1,1,84254720,83894272,-360448,6840846622720,6840861220864,14598144,6840848154624,6840861220864,13066240,-1,-1,-1
399,3,100,6,16,16,80474.685198,80475.052717,0.367519,0x405218,1,19499,16128,3371,44,100.000000,1,1,1.993336,1.200000,0.800000,monitor,15,7fff,1,1,84254720,83894272,-360448,6840846622720,6840861220864,14598144,6840848154624,6840861220864,13066240,-1,-1,-1
399,3,100,7,16,16,80473.523480,80473.882818,0.359338,0x405218,1,19214,16377,2837,46,100.000000,1,1,1.993336,1.200000,0.800000,monitor,15,7fff,1,1,84254720,83894272,-360448,6840846622720,6840861220864,14598144,6840848154624,6840861220864,13066240,-1,-1,-1
399,3,100,8,16,16,80474.819174,80475.181590,0.362416,0x405218,1,20180,16342,3838,48,100.000000,1,1,1.993336,1.200000,0.800000,monitor,15,7fff,1,1,84254720,83894272,-360448,6840846622720,6840861220864,14598144,6840848154624,6840861220864,13066240,-1,-1,-1
399,3,100,9,16,16,80474.165616,80474.514459,0.348843,0x405218,1,19508,15700,3808,50,100.000000,1,1,1.993336,1.200000,0.800000,monitor,15,7fff,1,1,84254720,83894272,-360448,6840846622720,6840861220864,14598144,6840848154624,6840861220864,13066240,-1,-1,-1
399,3,100,10,16,16,80473.905209,80474.264929,0.359720,0x405218,1,20185,15422,4763,52,100.000000,1,1,1.993336,1.200000,0.800000,monitor,15,7fff,1,1,84254720,83894272,-360448,6840846622720,6840861220864,14598144,6840848154624,6840861220864,13066240,-1,-1,-1
399,3,100,11,16,16,80473.190936,80473.557636,0.366700,0x405218,1,19312,16514,2798,54,100.000000,1,1,1.993336,1.200000,0.800000,monitor,15,7fff,1,1,84254720,83894272,-360448,6840846622720,6840861220864,14598144,6840848154624,6840861220864,13066240,-1,-1,-1
399,3,100,12,16,16,80474.421577,80474.557403,0.135826,0x405218,1,8999,3769,5230,56,100.000000,1,1,1.993336,1.200000,0.800000,monitor,15,7fff,1,1,84254720,83894272,-360448,6840846622720,6840861220864,14598144,6840848154624,6840861220864,13066240,-1,-1,-1
399,3,100,13,16,16,80474.548974,80474.695004,0.146030,0x405218,1,8973,3318,5655,58,100.000000,1,1,1.993336,1.200000,0.800000,monitor,15,7fff,1,1,84254720,83894272,-360448,6840846622720,6840861220864,14598144,6840848154624,6840861220864,13066240,-1,-1,-1
399,3,100,14,16,16,80473.516517,80473.658960,0.142443,0x405218,1,9045,4142,4903,60,100.000000,1,1,1.993336,1.200000,0.800000,monitor,15,7fff,1,1,84254720,83894272,-360448,6840846622720,6840861220864,14598144,6840848154624,6840861220864,13066240,-1,-1,-1
399,3,100,15,16,16,80473.647893,80473.789789,0.141896,0x405218,1,8624,3284,5340,30,100.000000,1,1,1.993336,1.200000,0.800000,monitor,15,7fff,1,1,84254720,83894272,-360448,6840846622720,6840861220864,14598144,6840848154624,6840861220864,13066240,-1,-1,-1
400,4,100,0,16,16,80475.733738,80475.778822,0.045084,0x4052e4,1,2607,1317,1290,32,100.000000,1,1,0.321432,1.200000,0.800000,monitor,15,7fff,1,1,84795392,84434944,-360448,6840863924224,6840864825344,901120,6840864014336,6840864825344,811008,-1,-1,-1
400,4,100,1,16,16,80475.467666,80475.490346,0.022680,0x4052e4,1,1033,464,569,34,100.000000,1,1,0.321432,1.200000,0.800000,monitor,15,7fff,1,1,84795392,84434944,-360448,6840863924224,6840864825344,901120,6840864014336,6840864825344,811008,-1,-1,-1
400,4,100,2,16,16,80475.483290,80475.509368,0.026078,0x4052e4,1,2422,89,2333,36,100.000000,1,1,0.321432,1.200000,0.800000,monitor,15,7fff,1,1,84795392,84434944,-360448,6840863924224,6840864825344,901120,6840864014336,6840864825344,811008,-1,-1,-1
400,4,100,3,16,16,80475.468513,80475.491117,0.022604,0x4052e4,1,675,274,401,38,100.000000,1,1,0.321432,1.200000,0.800000,monitor,15,7fff,1,1,84795392,84434944,-360448,6840863924224,6840864825344,901120,6840864014336,6840864825344,811008,-1,-1,-1
400,4,100,4,16,16,80475.517200,80475.541421,0.024221,0x4052e4,1,433,319,114,40,100.000000,1,1,0.321432,1.200000,0.800000,monitor,15,7fff,1,1,84795392,84434944,-360448,6840863924224,6840864825344,901120,6840864014336,6840864825344,811008,-1,-1,-1
400,4,100,5,16,16,80475.492655,80475.516561,0.023906,0x4052e4,1,450,366,84,42,100.000000,1,1,0.321432,1.200000,0.800000,monitor,15,7fff,1,1,84795392,84434944,-360448,6840863924224,6840864825344,901120,6840864014336,6840864825344,811008,-1,-1,-1
400,4,100,6,16,16,80475.475642,80475.500658,0.025016,0x4052e4,1,641,425,216,44,100.000000,1,1,0.321432,1.200000,0.800000,monitor,15,7fff,1,1,84795392,84434944,-360448,6840863924224,6840864825344,901120,6840864014336,6840864825344,811008,-1,-1,-1
400,4,100,7,16,16,80475.474936,80475.498345,0.023409,0x4052e4,1,408,368,40,46,100.000000,1,1,0.321432,1.200000,0.800000,monitor,15,7fff,1,1,84795392,84434944,-360448,6840863924224,6840864825344,901120,6840864014336,6840864825344,811008,-1,-1,-1
400,4,100,8,16,16,80475.501353,80475.525621,0.024268,0x4052e4,1,532,394,138,48,100.000000,1,1,0.321432,1.200000,0.800000,monitor,15,7fff,1,1,84795392,84434944,-360448,6840863924224,6840864825344,901120,6840864014336,6840864825344,811008,-1,-1,-1
400,4,100,9,16,16,80475.484724,80475.509191,0.024467,0x4052e4,1,505,365,140,50,100.000000,1,1,0.321432,1.200000,0.800000,monitor,15,7fff,1,1,84795392,84434944,-360448,6840863924224,6840864825344,901120,6840864014336,6840864825344,811008,-1,-1,-1
400,4,100,10,16,16,80475.460692,80475.485213,0.024521,0x4052e4,1,614,466,148,52,100.000000,1,1,0.321432,1.200000,0.800000,monitor,15,7fff,1,1,84795392,84434944,-360448,6840863924224,6840864825344,901120,6840864014336,6840864825344,811008,-1,-1,-1
400,4,100,11,16,16,80475.457390,80475.480250,0.022860,0x4052e4,1,367,314,53,54,100.000000,1,1,0.321432,1.200000,0.800000,monitor,15,7fff,1,1,84795392,84434944,-360448,6840863924224,6840864825344,901120,6840864014336,6840864825344,811008,-1,-1,-1
400,4,100,12,16,16,80475.490192,80475.513225,0.023033,0x4052e4,1,909,270,639,56,100.000000,1,1,0.321432,1.200000,0.800000,monitor,15,7fff,1,1,84795392,84434944,-360448,6840863924224,6840864825344,901120,6840864014336,6840864825344,811008,-1,-1,-1
400,4,100,13,16,16,80475.462780,80475.485431,0.022651,0x4052e4,1,716,268,448,58,100.000000,1,1,0.321432,1.200000,0.800000,monitor,15,7fff,1,1,84795392,84434944,-360448,6840863924224,6840864825344,901120,6840864014336,6840864825344,811008,-1,-1,-1
400,4,100,14,16,16,80475.510012,80475.532823,0.022811,0x4052e4,1,697,281,416,60,100.000000,1,1,0.321432,1.200000,0.800000,monitor,15,7fff,1,1,84795392,84434944,-360448,6840863924224,6840864825344,901120,6840864014336,6840864825344,811008,-1,-1,-1
400,4,100,15,16,16,80475.486432,80475.509071,0.022639,0x4052e4,1,762,289,473,30,100.000000,1,1,0.321432,1.200000,0.800000,monitor,15,7fff,1,1,84795392,84434944,-360448,6840863924224,6840864825344,901120,6840864014336,6840864825344,811008,-1,-1,-1
401,5,100,0,16,16,80476.063132,80476.084579,0.021447,0x40533c,1,781,64,717,32,100.000000,1,1,0.107803,1.200000,0.800000,monitor,15,7fff,1,1,84164608,83984384,-180224,6840865185792,6840865275904,90112,6840865185792,6840865275904,90112,-1,-1,-1
401,5,100,1,16,16,80476.028706,80476.049149,0.020443,0x40533c,1,51,1,50,34,100.000000,1,1,0.107803,1.200000,0.800000,monitor,15,7fff,1,1,84164608,83984384,-180224,6840865185792,6840865275904,90112,6840865185792,6840865275904,90112,-1,-1,-1
401,5,100,2,16,16,80476.046645,80476.067012,0.020367,0x40533c,1,39,5,34,36,100.000000,1,1,0.107803,1.200000,0.800000,monitor,15,7fff,1,1,84164608,83984384,-180224,6840865185792,6840865275904,90112,6840865185792,6840865275904,90112,-1,-1,-1
401,5,100,3,16,16,80476.032645,80476.052868,0.020223,0x40533c,1,32,1,31,38,100.000000,1,1,0.107803,1.200000,0.800000,monitor,15,7fff,1,1,84164608,83984384,-180224,6840865185792,6840865275904,90112,6840865185792,6840865275904,90112,-1,-1,-1
401,5,100,4,16,16,80475.984997,80476.010514,0.025517,0x40533c,1,354,179,175,40,100.000000,1,1,0.107803,1.200000,0.800000,monitor,15,7fff,1,1,84164608,83984384,-180224,6840865185792,6840865275904,90112,6840865185792,6840865275904,90112,-1,-1,-1
401,5,100,5,16,16,80476.039979,80476.065326,0.025347,0x40533c,1,399,197,202,42,100.000000,1,1,0.107803,1.200000,0.800000,monitor,15,7fff,1,1,84164608,83984384,-180224,6840865185792,6840865275904,90112,6840865185792,6840865275904,90112,-1,-1,-1
401,5,100,6,16,16,80476.050404,80476.075782,0.025378,0x40533c,1,404,252,152,44,100.000000,1,1,0.107803,1.200000,0.800000,monitor,15,7fff,1,1,84164608,83984384,-180224,6840865185792,6840865275904,90112,6840865185792,6840865275904,90112,-1,-1,-1
401,5,100,7,16,16,80476.024739,80476.049695,0.024956,0x40533c,1,490,255,235,46,100.000000,1,1,0.107803,1.200000,0.800000,monitor,15,7fff,1,1,84164608,83984384,-180224,6840865185792,6840865275904,90112,6840865185792,6840865275904,90112,-1,-1,-1
401,5,100,8,16,16,80476.002164,80476.027638,0.025474,0x40533c,1,472,213,259,48,100.000000,1,1,0.107803,1.200000,0.800000,monitor,15,7fff,1,1,84164608,83984384,-180224,6840865185792,6840865275904,90112,6840865185792,6840865275904,90112,-1,-1,-1
401,5,100,9,16,16,80475.989635,80476.015078,0.025443,0x40533c,1,463,207,256,50,100.000000,1,1,0.107803,1.200000,0.800000,monitor,15,7fff,1,1,84164608,83984384,-180224,6840865185792,6840865275904,90112,6840865185792,6840865275904,90112,-1,-1,-1
401,5,100,10,16,16,80475.994212,80476.019409,0.025197,0x40533c,1,497,216,281,52,100.000000,1,1,0.107803,1.200000,0.800000,monitor,15,7fff,1,1,84164608,83984384,-180224,6840865185792,6840865275904,90112,6840865185792,6840865275904,90112,-1,-1,-1
401,5,100,11,16,16,80476.017658,80476.042103,0.024445,0x40533c,1,453,217,236,54,100.000000,1,1,0.107803,1.200000,0.800000,monitor,15,7fff,1,1,84164608,83984384,-180224,6840865185792,6840865275904,90112,6840865185792,6840865275904,90112,-1,-1,-1
401,5,100,12,16,16,80475.976776,80475.997447,0.020671,0x40533c,1,133,25,108,56,100.000000,1,1,0.107803,1.200000,0.800000,monitor,15,7fff,1,1,84164608,83984384,-180224,6840865185792,6840865275904,90112,6840865185792,6840865275904,90112,-1,-1,-1
401,5,100,13,16,16,80475.981113,80476.001915,0.020802,0x40533c,1,41,1,40,58,100.000000,1,1,0.107803,1.200000,0.800000,monitor,15,7fff,1,1,84164608,83984384,-180224,6840865185792,6840865275904,90112,6840865185792,6840865275904,90112,-1,-1,-1
401,5,100,14,16,16,80476.055191,80476.075501,0.020310,0x40533c,1,41,2,39,60,100.000000,1,1,0.107803,1.200000,0.800000,monitor,15,7fff,1,1,84164608,83984384,-180224,6840865185792,6840865275904,90112,6840865185792,6840865275904,90112,-1,-1,-1
401,5,100,15,16,16,80476.010070,80476.030258,0.020188,0x40533c,1,53,2,51,30,100.000000,1,1,0.107803,1.200000,0.800000,monitor,15,7fff,1,1,84164608,83984384,-180224,6840865185792,6840865275904,90112,6840865185792,6840865275904,90112,-1,-1,-1
798,2,200,0,16,16,156492.207299,157238.894074,264.899655,0x4051ce,1,26207685,19588811,6618874,32,100.000000,1,1,757.096895,1.200000,0.800000,monitor,15,7fff,1,1,84525056,83533824,-991232,14157895786496,14232632156160,74736369664,14157895786496,14232632156160,74736369664,-1,-1,-1
798,2,200,1,16,16,156492.185046,157238.691275,294.832367,0x4051ce,1,27095538,25438691,1656847,34,100.000000,1,1,757.096895,1.200000,0.800000,monitor,15,7fff,1,1,84525056,83533824,-991232,14157895786496,14232632156160,74736369664,14157895786496,14232632156160,74736369664,-1,-1,-1
798,2,200,2,16,16,156492.214126,157238.698618,300.367573,0x4051ce,1,27031677,26192159,839518,36,100.000000,1,1,757.096895,1.200000,0.800000,monitor,15,7fff,1,1,84525056,83533824,-991232,14157895786496,14232632156160,74736369664,14157895786496,14232632156160,74736369664,-1,-1,-1
798,2,200,3,16,16,156492.189376,157238.638779,294.496892,0x4051ce,1,26943361,25847430,1095931,38,100.000000,1,1,757.096895,1.200000,0.800000,monitor,15,7fff,1,1,84525056,83533824,-991232,14157895786496,14232632156160,74736369664,14157895786496,14232632156160,74736369664,-1,-1,-1
798,2,200,4,16,16,156492.179172,157249.273780,752.486029,0x4051ce,1,102729696,78151057,24578639,40,100.000000,1,1,757.096895,1.200000,0.800000,monitor,15,7fff,1,1,84525056,83533824,-991232,14157895786496,14232632156160,74736369664,14157895786496,14232632156160,74736369664,-1,-1,-1
798,2,200,5,16,16,156492.226183,157249.238809,753.135751,0x4051ce,1,102781452,78319026,24462426,42,100.000000,1,1,757.096895,1.200000,0.800000,monitor,15,7fff,1,1,84525056,83533824,-991232,14157895786496,14232632156160,74736369664,14157895786496,14232632156160,74736369664,-1,-1,-1
798,2,200,6,16,16,156492.216994,157248.664822,723.286077,0x4051ce,1,97120614,74605182,22515432,44,100.000000,1,1,757.096895,1.200000,0.800000,monitor,15,7fff,1,1,84525056,83533824,-991232,14157895786496,14232632156160,74736369664,14157895786496,14232632156160,74736369664,-1,-1,-1
798,2,200,7,16,16,156492.230384,157249.157683,754.848510,0x4051ce,1,102761476,78133259,24628217,14,100.000000,1,1,757.096895,1.200000,0.800000,monitor,15,7fff,1,1,84525056,83533824,-991232,14157895786496,14232632156160,74736369664,14157895786496,14232632156160,74736369664,-1,-1,-1
798,2,200,8,16,16,156492.238874,157249.110822,749.781488,0x4051ce,1,102770561,78147367,24623194,48,100.000000,1,1,757.096895,1.200000,0.800000,monitor,15,7fff,1,1,84525056,83533824,-991232,14157895786496,14232632156160,74736369664,14157895786496,14232632156160,74736369664,-1,-1,-1
798,2,200,9,16,16,156492.181042,157248.847002,724.044124,0x4051ce,1,97112198,74861473,22250725,50,100.000000,1,1,757.096895,1.200000,0.800000,monitor,15,7fff,1,1,84525056,83533824,-991232,14157895786496,14232632156160,74736369664,14157895786496,14232632156160,74736369664,-1,-1,-1
798,2,200,10,16,16,156492.243015,157249.210129,751.828157,0x4051ce,1,102807424,78409299,24398125,52,100.000000,1,1,757.096895,1.200000,0.800000,monitor,15,7fff,1,1,84525056,83533824,-991232,14157895786496,14232632156160,74736369664,14157895786496,14232632156160,74736369664,-1,-1,-1
798,2,200,11,16,16,156492.198575,157249.061780,748.818829,0x4051ce,1,102757793,78703300,24054493,54,100.000000,1,1,757.096895,1.200000,0.800000,monitor,15,7fff,1,1,84525056,83533824,-991232,14157895786496,14232632156160,74736369664,14157895786496,14232632156160,74736369664,-1,-1,-1
798,2,200,12,16,16,156492.176885,157238.949083,310.492779,0x4051ce,1,26248805,25492162,756643,56,100.000000,1,1,757.096895,1.200000,0.800000,monitor,15,7fff,1,1,84525056,83533824,-991232,14157895786496,14232632156160,74736369664,14157895786496,14232632156160,74736369664,-1,-1,-1
798,2,200,13,16,16,156492.221925,157238.686819,299.754710,0x4051ce,1,26999061,26481683,517378,58,100.000000,1,1,757.096895,1.200000,0.800000,monitor,15,7fff,1,1,84525056,83533824,-991232,14157895786496,14232632156160,74736369664,14157895786496,14232632156160,74736369664,-1,-1,-1
798,2,200,14,16,16,156492.194034,157238.672939,300.361428,0x4051ce,1,26962668,26452047,510621,60,100.000000,1,1,757.096895,1.200000,0.800000,monitor,15,7fff,1,1,84525056,83533824,-991232,14157895786496,14232632156160,74736369664,14157895786496,14232632156160,74736369664,-1,-1,-1
798,2,200,15,16,16,156492.235029,157238.615391,293.942740,0x4051ce,1,26317149,25832733,484416,62,100.000000,1,1,757.096895,1.200000,0.800000,monitor,15,7fff,1,1,84525056,83533824,-991232,14157895786496,14232632156160,74736369664,14157895786496,14232632156160,74736369664,-1,-1,-1
799,3,200,0,16,16,157250.156235,157250.517703,0.361468,0x405218,1,8370,5863,2507,32,100.000000,1,1,2.331580,1.200000,0.800000,monitor,15,7fff,1,1,86237184,83443712,-2793472,14232638373888,14232647745536,9371648,14232638373888,14232647745536,9371648,-1,-1,-1
799,3,200,1,16,16,157249.885444,157250.031918,0.146474,0x405218,1,9187,4673,4514,34,100.000000,1,1,2.331580,1.200000,0.800000,monitor,15,7fff,1,1,86237184,83443712,-2793472,14232638373888,14232647745536,9371648,14232638373888,14232647745536,9371648,-1,-1,-1
799,3,200,2,16,16,157249.548046,157249.681021,0.132975,0x405218,1,5025,4547,478,36,100.000000,1,1,2.331580,1.200000,0.800000,monitor,15,7fff,1,1,86237184,83443712,-2793472,14232638373888,14232647745536,9371648,14232638373888,14232647745536,9371648,-1,-1,-1
799,3,200,3,16,16,157249.886597,157250.023168,0.136571,0x405218,1,6007,5285,722,38,100.000000,1,1,2.331580,1.200000,0.800000,monitor,15,7fff,1,1,86237184,83443712,-2793472,14232638373888,14232647745536,9371648,14232638373888,14232647745536,9371648,-1,-1,-1
799,3,200,4,16,16,157251.352429,157251.719741,0.367312,0x405218,1,21014,13255,7759,40,100.000000,1,1,2.331580,1.200000,0.800000,monitor,15,7fff,1,1,86237184,83443712,-2793472,14232638373888,14232647745536,9371648,14232638373888,14232647745536,9371648,-1,-1,-1
799,3,200,5,16,16,157250.441987,157250.827748,0.385761,0x405218,1,21103,17355,3748,42,100.000000,1,1,2.331580,1.200000,0.800000,monitor,15,7fff,1,1,86237184,83443712,-2793472,14232638373888,14232647745536,9371648,14232638373888,14232647745536,9371648,-1,-1,-1
799,3,200,6,16,16,157251.494614,157251.879626,0.385012,0x405218,1,20329,16165,4164,44,100.000000,1,1,2.331580,1.200000,0.800000,monitor,15,7fff,1,1,86237184,83443712,-2793472,14232638373888,14232647745536,9371648,14232638373888,14232647745536,9371648,-1,-1,-1
799,3,200,7,16,16,157250.577041,157250.967861,0.390820,0x405218,1,21008,16370,4638,14,100.000000,1,1,2.331580,1.200000,0.800000,monitor,15,7fff,1,1,86237184,83443712,-2793472,14232638373888,14232647745536,9371648,14232638373888,14232647745536,9371648,-1,-1,-1
799,3,200,8,16,16,157249.901877,157250.263785,0.361908,0x405218,1,21053,15214,5839,48,100.000000,1,1,2.331580,1.200000,0.800000,monitor,15,7fff,1,1,86237184,83443712,-2793472,14232638373888,14232647745536,9371648,14232638373888,14232647745536,9371648,-1,-1,-1
799,3,200,9,16,16,157250.903896,157251.271667,0.367771,0x405218,1,20216,17115,3101,50,100.000000,1,1,2.331580,1.200000,0.800000,monitor,15,7fff,1,1,86237184,83443712,-2793472,14232638373888,14232647745536,9371648,14232638373888,14232647745536,9371648,-1,-1,-1
799,3,200,10,16,16,157249.548686,157249.991758,0.443072,0x405218,1,20005,16261,3744,52,100.000000,1,1,2.331580,1.200000,0.800000,monitor,15,7fff,1,1,86237184,83443712,-2793472,14232638373888,14232647745536,9371648,14232638373888,14232647745536,9371648,-1,-1,-1
799,3,200,11,16,16,157249.559555,157249.932923,0.373368,0x405218,1,19893,17129,2764,54,100.000000,1,1,2.331580,1.200000,0.800000,monitor,15,7fff,1,1,86237184,83443712,-2793472,14232638373888,14232647745536,9371648,14232638373888,14232647745536,9371648,-1,-1,-1
799,3,200,12,16,16,157250.767788,157250.902098,0.134310,0x405218,1,9063,3650,5413,56,100.000000,1,1,2.331580,1.200000,0.800000,monitor,15,7fff,1,1,86237184,83443712,-2793472,14232638373888,14232647745536,9371648,14232638373888,14232647745536,9371648,-1,-1,-1
799,3,200,13,16,16,157251.040133,157251.185679,0.145546,0x405218,1,9074,4188,4886,58,100.000000,1,1,2.331580,1.200000,0.800000,monitor,15,7fff,1,1,86237184,83443712,-2793472,14232638373888,14232647745536,9371648,14232638373888,14232647745536,9371648,-1,-1,-1
799,3,200,14,16,16,157250.313707,157250.456678,0.142971,0x405218,1,9139,4205,4934,60,100.000000,1,1,2.331580,1.200000,0.800000,monitor,15,7fff,1,1,86237184,83443712,-2793472,14232638373888,14232647745536,9371648,14232638373888,14232647745536,9371648,-1,-1,-1
799,3,200,15,16,16,157251.173286,157251.301848,0.128562,0x405218,1,8572,3206,5366,62,100.000000,1,1,2.331580,1.200000,0.800000,monitor,15,7fff,1,1,86237184,83443712,-2793472,14232638373888,14232647745536,9371648,14232638373888,14232647745536,9371648,-1,-1,-1
800,4,200,0,16,16,157252.195164,157252.225673,0.030509,0x4052e4,1,2431,1567,864,32,100.000000,1,1,0.412246,1.200000,0.800000,monitor,15,7fff,1,1,83984384,84164608,180224,14232650088448,14232650719232,630784,14232650178560,14232650719232,540672,-1,-1,-1
800,4,200,1,16,16,157252.507814,157252.531711,0.023897,0x4052e4,1,1391,713,678,34,100.000000,1,1,0.412246,1.200000,0.800000,monitor,15,7fff,1,1,83984384,84164608,180224,14232650088448,14232650719232,630784,14232650178560,14232650719232,540672,-1,-1,-1
800,4,200,2,16,16,157252.174493,157252.195005,0.020512,0x4052e4,1,69,42,27,36,100.000000,1,1,0.412246,1.200000,0.800000,monitor,15,7fff,1,1,83984384,84164608,180224,14232650088448,14232650719232,630784,14232650178560,14232650719232,540672,-1,-1,-1
800,4,200,3,16,16,157252.194105,157252.220456,0.026351,0x4052e4,1,2431,81,2350,38,100.000000,1,1,0.412246,1.200000,0.800000,monitor,15,7fff,1,1,83984384,84164608,180224,14232650088448,14232650719232,630784,14232650178560,14232650719232,540672,-1,-1,-1
800,4,200,4,16,16,157252.190064,157252.214471,0.024407,0x4052e4,1,407,315,92,40,100.000000,1,1,0.412246,1.200000,0.800000,monitor,15,7fff,1,1,83984384,84164608,180224,14232650088448,14232650719232,630784,14232650178560,14232650719232,540672,-1,-1,-1
800,4,200,5,16,16,157252.532864,157252.556667,0.023803,0x4052e4,1,420,324,96,42,100.000000,1,1,0.412246,1.200000,0.800000,monitor,15,7fff,1,1,83984384,84164608,180224,14232650088448,14232650719232,630784,14232650178560,14232650719232,540672,-1,-1,-1
800,4,200,6,16,16,157252.523817,157252.548436,0.024619,0x4052e4,1,691,511,180,44,100.000000,1,1,0.412246,1.200000,0.800000,monitor,15,7fff,1,1,83984384,84164608,180224,14232650088448,14232650719232,630784,14232650178560,14232650719232,540672,-1,-1,-1
800,4,200,7,16,16,157252.515513,157252.540928,0.025415,0x4052e4,1,585,425,160,14,100.000000,1,1,0.412246,1.200000,0.800000,monitor,15,7fff,1,1,83984384,84164608,180224,14232650088448,14232650719232,630784,14232650178560,14232650719232,540672,-1,-1,-1
800,4,200,8,16,16,157252.561781,157252.586739,0.024958,0x4052e4,1,536,407,129,48,100.000000,1,1,0.412246,1.200000,0.800000,monitor,15,7fff,1,1,83984384,84164608,180224,14232650088448,14232650719232,630784,14232650178560,14232650719232,540672,-1,-1,-1
800,4,200,9,16,16,157252.185544,157252.209956,0.024412,0x4052e4,1,455,350,105,50,100.000000,1,1,0.412246,1.200000,0.800000,monitor,15,7fff,1,1,83984384,84164608,180224,14232650088448,14232650719232,630784,14232650178560,14232650719232,540672,-1,-1,-1
800,4,200,10,16,16,157252.496621,157252.523161,0.026540,0x4052e4,1,3111,607,2504,52,100.000000,1,1,0.412246,1.200000,0.800000,monitor,15,7fff,1,1,83984384,84164608,180224,14232650088448,14232650719232,630784,14232650178560,14232650719232,540672,-1,-1,-1
800,4,200,11,16,16,157252.542545,157252.565179,0.022634,0x4052e4,1,320,286,34,54,100.000000,1,1,0.412246,1.200000,0.800000,monitor,15,7fff,1,1,83984384,84164608,180224,14232650088448,14232650719232,630784,14232650178560,14232650719232,540672,-1,-1,-1
800,4,200,12,16,16,157252.179975,157252.202342,0.022367,0x4052e4,1,832,345,487,56,100.000000,1,1,0.412246,1.200000,0.800000,monitor,15,7fff,1,1,83984384,84164608,180224,14232650088448,14232650719232,630784,14232650178560,14232650719232,540672,-1,-1,-1
800,4,200,13,16,16,157252.197906,157252.220472,0.022566,0x4052e4,1,744,358,386,58,100.000000,1,1,0.412246,1.200000,0.800000,monitor,15,7fff,1,1,83984384,84164608,180224,14232650088448,14232650719232,630784,14232650178560,14232650719232,540672,-1,-1,-1
800,4,200,14,16,16,157252.551610,157252.574043,0.022433,0x4052e4,1,613,269,344,60,100.000000,1,1,0.412246,1.200000,0.800000,monitor,15,7fff,1,1,83984384,84164608,180224,14232650088448,14232650719232,630784,14232650178560,14232650719232,540672,-1,-1,-1
800,4,200,15,16,16,157252.179108,157252.200976,0.021868,0x4052e4,1,754,200,554,62,100.000000,1,1,0.412246,1.200000,0.800000,monitor,15,7fff,1,1,83984384,84164608,180224,14232650088448,14232650719232,630784,14232650178560,14232650719232,540672,-1,-1,-1
801,5,200,0,16,16,157253.089803,157253.109067,0.019264,0x40533c,1,67,1,66,32,100.000000,1,1,0.574885,1.200000,0.800000,monitor,15,7fff,1,1,84254720,83804160,-450560,14232651350016,14232652341248,991232,14232651350016,14232652341248,991232,-1,-1,-1
801,5,200,1,16,16,157253.081539,157253.100424,0.018885,0x40533c,1,38,3,35,34,100.000000,1,1,0.574885,1.200000,0.800000,monitor,15,7fff,1,1,84254720,83804160,-450560,14232651350016,14232652341248,991232,14232651350016,14232652341248,991232,-1,-1,-1
801,5,200,2,16,16,157253.283054,157253.305902,0.022848,0x40533c,1,1805,115,1690,36,100.000000,1,1,0.574885,1.200000,0.800000,monitor,15,7fff,1,1,84254720,83804160,-450560,14232651350016,14232652341248,991232,14232651350016,14232652341248,991232,-1,-1,-1
801,5,200,3,16,16,157252.962865,157252.984224,0.021359,0x40533c,1,1605,96,1509,38,100.000000,1,1,0.574885,1.200000,0.800000,monitor,15,7fff,1,1,84254720,83804160,-450560,14232651350016,14232652341248,991232,14232651350016,14232652341248,991232,-1,-1,-1
801,5,200,4,16,16,157253.076739,157253.101254,0.024515,0x40533c,1,368,192,176,40,100.000000,1,1,0.574885,1.200000,0.800000,monitor,15,7fff,1,1,84254720,83804160,-450560,14232651350016,14232652341248,991232,14232651350016,14232652341248,991232,-1,-1,-1
801,5,200,5,16,16,157253.093757,157253.118100,0.024343,0x40533c,1,431,261,170,42,100.000000,1,1,0.574885,1.200000,0.800000,monitor,15,7fff,1,1,84254720,83804160,-450560,14232651350016,14232652341248,991232,14232651350016,14232652341248,991232,-1,-1,-1
801,5,200,6,16,16,157252.977867,157253.002623,0.024756,0x40533c,1,417,273,144,44,100.000000,1,1,0.574885,1.200000,0.800000,monitor,15,7fff,1,1,84254720,83804160,-450560,14232651350016,14232652341248,991232,14232651350016,14232652341248,991232,-1,-1,-1
801,5,200,7,16,16,157252.971278,157252.996126,0.024848,0x40533c,1,682,450,232,14,100.000000,1,1,0.574885,1.200000,0.800000,monitor,15,7fff,1,1,84254720,83804160,-450560,14232651350016,14232652341248,991232,14232651350016,14232652341248,991232,-1,-1,-1
801,5,200,8,16,16,157252.991498,157253.015860,0.024362,0x40533c,1,442,220,222,48,100.000000,1,1,0.574885,1.200000,0.800000,monitor,15,7fff,1,1,84254720,83804160,-450560,14232651350016,14232652341248,991232,14232651350016,14232652341248,991232,-1,-1,-1
801,5,200,9,16,16,157253.282736,157253.307582,0.024846,0x40533c,1,469,209,260,50,100.000000,1,1,0.574885,1.200000,0.800000,monitor,15,7fff,1,1,84254720,83804160,-450560,14232651350016,14232652341248,991232,14232651350016,14232652341248,991232,-1,-1,-1
801,5,200,10,16,16,157252.965399,157252.991018,0.025619,0x40533c,1,1330,465,865,52,100.000000,1,1,0.574885,1.200000,0.800000,monitor,15,7fff,1,1,84254720,83804160,-450560,14232651350016,14232652341248,991232,14232651350016,14232652341248,991232,-1,-1,-1
801,5,200,11,16,16,157253.076788,157253.106212,0.029424,0x40533c,1,3093,587,2506,54,100.000000,1,1,0.574885,1.200000,0.800000,monitor,15,7fff,1,1,84254720,83804160,-450560,14232651350016,14232652341248,991232,14232651350016,14232652341248,991232,-1,-1,-1
801,5,200,12,16,16,157252.985335,157253.004307,0.018972,0x40533c,1,42,1,41,56,100.000000,1,1,0.574885,1.200000,0.800000,monitor,15,7fff,1,1,84254720,83804160,-450560,14232651350016,14232652341248,991232,14232651350016,14232652341248,991232,-1,-1,-1
801,5,200,13,16,16,157252.997913,157253.016921,0.019008,0x40533c,1,70,3,67,58,100.000000,1,1,0.574885,1.200000,0.800000,monitor,15,7fff,1,1,84254720,83804160,-450560,14232651350016,14232652341248,991232,14232651350016,14232652341248,991232,-1,-1,-1
801,5,200,14,16,16,157252.732697,157252.755750,0.023053,0x40533c,1,224,61,163,60,100.000000,1,1,0.574885,1.200000,0.800000,monitor,15,7fff,1,1,84254720,83804160,-450560,14232651350016,14232652341248,991232,14232651350016,14232652341248,991232,-1,-1,-1
801,5,200,15,16,16,157253.098581,157253.117383,0.018802,0x40533c,1,37,0,37,62,100.000000,1,1,0.574885,1.200000,0.800000,monitor,15,7fff,1,1,84254720,83804160,-450560,14232651350016,14232652341248,991232,14232651350016,14232652341248,991232,-1,-1,-1
1198,2,300,0,16,16,234599.648043,235347.343662,265.696328,0x4051ce,1,26205699,19585317,6620382,32,100.000000,1,1,758.301769,1.200000,0.800000,monitor,15,7fff,1,1,85876736,84434944,-1441792,21632438018048,21707213225984,74775207936,21632438108160,21707213225984,74775117824,-1,-1,-1
1198,2,300,1,16,16,234599.718589,235347.153045,296.283303,0x4051ce,1,27088939,25469133,1619806,34,100.000000,1,1,758.301769,1.200000,0.800000,monitor,15,7fff,1,1,85876736,84434944,-1441792,21632438018048,21707213225984,74775207936,21632438108160,21707213225984,74775117824,-1,-1,-1
1198,2,300,2,16,16,234599.739191,235347.093507,301.479339,0x4051ce,1,27030719,26190211,840508,36,100.000000,1,1,758.301769,1.200000,0.800000,monitor,15,7fff,1,1,85876736,84434944,-1441792,21632438018048,21707213225984,74775207936,21632438108160,21707213225984,74775117824,-1,-1,-1
1198,2,300,3,16,16,234599.709866,235347.120649,295.517532,0x4051ce,1,26939370,25842050,1097320,38,100.000000,1,1,758.301769,1.200000,0.800000,monitor,15,7fff,1,1,85876736,84434944,-1441792,21632438018048,21707213225984,74775207936,21632438108160,21707213225984,74775117824,-1,-1,-1
1198,2,300,4,16,16,234599.735543,235357.694958,753.802528,0x4051ce,1,102722841,78199524,24523317,40,100.000000,1,1,758.301769,1.200000,0.800000,monitor,15,7fff,1,1,85876736,84434944,-1441792,21632438018048,21707213225984,74775207936,21632438108160,21707213225984,74775117824,-1,-1,-1
1198,2,300,5,16,16,234599.594091,235357.656318,754.941728,0x4051ce,1,102782390,78259677,24522713,42,100.000000,1,1,758.301769,1.200000,0.800000,monitor,15,7fff,1,1,85876736,84434944,-1441792,21632438018048,21707213225984,74775207936,21632438108160,21707213225984,74775117824,-1,-1,-1
1198,2,300,6,16,16,234599.655785,235357.141653,724.365807,0x4051ce,1,97119210,74626197,22493013,44,100.000000,1,1,758.301769,1.200000,0.800000,monitor,15,7fff,1,1,85876736,84434944,-1441792,21632438018048,21707213225984,74775207936,21632438108160,21707213225984,74775117824,-1,-1,-1
1198,2,300,7,16,16,234599.682574,235357.569307,755.495470,0x4051ce,1,102763895,78158147,24605748,46,100.000000,1,1,758.301769,1.200000,0.800000,monitor,15,7fff,1,1,85876736,84434944,-1441792,21632438018048,21707213225984,74775207936,21632438108160,21707213225984,74775117824,-1,-1,-1
1198,2,300,8,16,16,234599.703755,235357.515547,752.465913,0x4051ce,1,102770296,78097892,24672404,48,100.000000,1,1,758.301769,1.200000,0.800000,monitor,15,7fff,1,1,85876736,84434944,-1441792,21632438018048,21707213225984,74775207936,21632438108160,21707213225984,74775117824,-1,-1,-1
1198,2,300,9,16,16,234599.677343,235357.199037,725.177845,0x4051ce,1,97116004,74859612,22256392,50,100.000000,1,1,758.301769,1.200000,0.800000,monitor,15,7fff,1,1,85876736,84434944,-1441792,21632438018048,21707213225984,74775207936,21632438108160,21707213225984,74775117824,-1,-1,-1
1198,2,300,10,16,16,234599.690576,235357.653828,752.341874,0x4051ce,1,102776485,78420101,24356384,52,100.000000,1,1,758.301769,1.200000,0.800000,monitor,15,7fff,1,1,85876736,84434944,-1441792,21632438018048,21707213225984,74775207936,21632438108160,21707213225984,74775117824,-1,-1,-1
1198,2,300,11,16,16,234599.728803,235357.496123,750.627485,0x4051ce,1,102750141,78691879,24058262,54,100.000000,1,1,758.301769,1.200000,0.800000,monitor,15,7fff,1,1,85876736,84434944,-1441792,21632438018048,21707213225984,74775207936,21632438108160,21707213225984,74775117824,-1,-1,-1
1198,2,300,12,16,16,234599.393189,235347.007253,296.764962,0x4051ce,1,26957734,26295165,662569,56,100.000000,1,1,758.301769,1.200000,0.800000,monitor,15,7fff,1,1,85876736,84434944,-1441792,21632438018048,21707213225984,74775207936,21632438108160,21707213225984,74775117824,-1,-1,-1
1198,2,300,13,16,16,234599.673216,235347.145592,300.883996,0x4051ce,1,26994028,26479862,514166,58,100.000000,1,1,758.301769,1.200000,0.800000,monitor,15,7fff,1,1,85876736,84434944,-1441792,21632438018048,21707213225984,74775207936,21632438108160,21707213225984,74775117824,-1,-1,-1
1198,2,300,14,16,16,234599.664386,235347.130988,301.196803,0x4051ce,1,26952074,26439304,512770,60,100.000000,1,1,758.301769,1.200000,0.800000,monitor,15,7fff,1,1,85876736,84434944,-1441792,21632438018048,21707213225984,74775207936,21632438108160,21707213225984,74775117824,-1,-1,-1
1198,2,300,15,16,16,234599.695668,235347.084881,296.221692,0x4051ce,1,26353344,25851882,501462,62,100.000000,1,1,758.301769,1.200000,0.800000,monitor,15,7fff,1,1,85876736,84434944,-1441792,21632438018048,21707213225984,74775207936,21632438108160,21707213225984,74775117824,-1,-1,-1
1199,3,300,0,16,16,235358.535887,235358.704771,0.168884,0x405218,1,8539,5769,2770,32,100.000000,1,1,1.381999,1.200000,0.800000,monitor,15,7fff,1,1,86237184,83173376,-3063808,21707221516288,21707229536256,8019968,21707221696512,21707229536256,7839744,-1,-1,-1
1199,3,300,1,16,16,235358.634648,235358.792762,0.158114,0x405218,1,9235,4879,4356,34,100.000000,1,1,1.381999,1.200000,0.800000,monitor,15,7fff,1,1,86237184,83173376,-3063808,21707221516288,21707229536256,8019968,21707221696512,21707229536256,7839744,-1,-1,-1
1199,3,300,2,16,16,235358.223658,235358.370870,0.147212,0x405218,1,9038,4248,4790,36,100.000000,1,1,1.381999,1.200000,0.800000,monitor,15,7fff,1,1,86237184,83173376,-3063808,21707221516288,21707229536256,8019968,21707221696512,21707229536256,7839744,-1,-1,-1
1199,3,300,3,16,16,235358.385294,235358.535600,0.150306,0x405218,1,9122,2754,6368,38,100.000000,1,1,1.381999,1.200000,0.800000,monitor,15,7fff,1,1,86237184,83173376,-3063808,21707221516288,21707229536256,8019968,21707221696512,21707229536256,7839744,-1,-1,-1
1199,3,300,4,16,16,235358.389378,235358.775398,0.386020,0x405218,1,20206,16368,3838,40,100.000000,1,1,1.381999,1.200000,0.800000,monitor,15,7fff,1,1,86237184,83173376,-3063808,21707221516288,21707229536256,8019968,21707221696512,21707229536256,7839744,-1,-1,-1
1199,3,300,5,16,16,235358.724807,235359.120841,0.396034,0x405218,1,21100,17818,3282,42,100.000000,1,1,1.381999,1.200000,0.800000,monitor,15,7fff,1,1,86237184,83173376,-3063808,21707221516288,21707229536256,8019968,21707221696512,21707229536256,7839744,-1,-1,-1
1199,3,300,6,16,16,235358.904892,235359.278525,0.373633,0x405218,1,20180,17256,2924,44,100.000000,1,1,1.381999,1.200000,0.800000,monitor,15,7fff,1,1,86237184,83173376,-3063808,21707221516288,21707229536256,8019968,21707221696512,21707229536256,7839744,-1,-1,-1
1199,3,300,7,16,16,235358.400832,235358.794023,0.393191,0x405218,1,21060,15821,5239,46,100.000000,1,1,1.381999,1.200000,0.800000,monitor,15,7fff,1,1,86237184,83173376,-3063808,21707221516288,21707229536256,8019968,21707221696512,21707229536256,7839744,-1,-1,-1
1199,3,300,8,16,16,235358.344728,235358.732044,0.387316,0x405218,1,21048,16899,4149,48,100.000000,1,1,1.381999,1.200000,0.800000,monitor,15,7fff,1,1,86237184,83173376,-3063808,21707221516288,21707229536256,8019968,21707221696512,21707229536256,7839744,-1,-1,-1
1199,3,300,9,16,16,235358.253865,235358.626417,0.372552,0x405218,1,20370,17654,2716,50,100.000000,1,1,1.381999,1.200000,0.800000,monitor,15,7fff,1,1,86237184,83173376,-3063808,21707221516288,21707229536256,8019968,21707221696512,21707229536256,7839744,-1,-1,-1
1199,3,300,10,16,16,235359.031044,235359.403372,0.372328,0x405218,1,20959,16237,4722,52,100.000000,1,1,1.381999,1.200000,0.800000,monitor,15,7fff,1,1,86237184,83173376,-3063808,21707221516288,21707229536256,8019968,21707221696512,21707229536256,7839744,-1,-1,-1
1199,3,300,11,16,16,235358.270512,235358.662419,0.391907,0x405218,1,21064,17094,3970,54,100.000000,1,1,1.381999,1.200000,0.800000,monitor,15,7fff,1,1,86237184,83173376,-3063808,21707221516288,21707229536256,8019968,21707221696512,21707229536256,7839744,-1,-1,-1
1199,3,300,12,16,16,235358.521555,235358.681900,0.160345,0x405218,1,9231,5472,3759,56,100.000000,1,1,1.381999,1.200000,0.800000,monitor,15,7fff,1,1,86237184,83173376,-3063808,21707221516288,21707229536256,8019968,21707221696512,21707229536256,7839744,-1,-1,-1
1199,3,300,13,16,16,235359.173526,235359.322252,0.148726,0x405218,1,8991,4055,4936,58,100.000000,1,1,1.381999,1.200000,0.800000,monitor,15,7fff,1,1,86237184,83173376,-3063808,21707221516288,21707229536256,8019968,21707221696512,21707229536256,7839744,-1,-1,-1
1199,3,300,14,16,16,235358.772602,235358.911645,0.139043,0x405218,1,9226,3414,5812,60,100.000000,1,1,1.381999,1.200000,0.800000,monitor,15,7fff,1,1,86237184,83173376,-3063808,21707221516288,21707229536256,8019968,21707221696512,21707229536256,7839744,-1,-1,-1
1199,3,300,15,16,16,235358.021373,235358.144880,0.123507,0x405218,1,4784,4355,429,62,100.000000,1,1,1.381999,1.200000,0.800000,monitor,15,7fff,1,1,86237184,83173376,-3063808,21707221516288,21707229536256,8019968,21707221696512,21707229536256,7839744,-1,-1,-1
1200,4,300,0,16,16,235359.746157,235359.788658,0.042501,0x4052e4,1,2507,1676,831,32,100.000000,1,1,0.277194,1.200000,0.800000,monitor,15,7fff,1,1,83804160,83894272,90112,21707232329728,21707233320960,991232,21707232329728,21707233320960,991232,-1,-1,-1
1200,4,300,1,16,16,235359.811142,235359.833722,0.022580,0x4052e4,1,1362,700,662,34,100.000000,1,1,0.277194,1.200000,0.800000,monitor,15,7fff,1,1,83804160,83894272,90112,21707232329728,21707233320960,991232,21707232329728,21707233320960,991232,-1,-1,-1
1200,4,300,2,16,16,235359.784545,235359.806500,0.021955,0x4052e4,1,778,222,556,36,100.000000,1,1,0.277194,1.200000,0.800000,monitor,15,7fff,1,1,83804160,83894272,90112,21707232329728,21707233320960,991232,21707232329728,21707233320960,991232,-1,-1,-1
1200,4,300,3,16,16,235359.747088,235359.772126,0.025038,0x4052e4,1,978,327,651,38,100.000000,1,1,0.277194,1.200000,0.800000,monitor,15,7fff,1,1,83804160,83894272,90112,21707232329728,21707233320960,991232,21707232329728,21707233320960,991232,-1,-1,-1
1200,4,300,4,16,16,235359.735844,235359.760280,0.024436,0x4052e4,1,291,246,45,40,100.000000,1,1,0.277194,1.200000,0.800000,monitor,15,7fff,1,1,83804160,83894272,90112,21707232329728,21707233320960,991232,21707232329728,21707233320960,991232,-1,-1,-1
1200,4,300,5,16,16,235359.827235,235359.849352,0.022117,0x4052e4,1,396,313,83,42,100.000000,1,1,0.277194,1.200000,0.800000,monitor,15,7fff,1,1,83804160,83894272,90112,21707232329728,21707233320960,991232,21707232329728,21707233320960,991232,-1,-1,-1
1200,4,300,6,16,16,235359.760099,235359.784833,0.024734,0x4052e4,1,642,437,205,44,100.000000,1,1,0.277194,1.200000,0.800000,monitor,15,7fff,1,1,83804160,83894272,90112,21707232329728,21707233320960,991232,21707232329728,21707233320960,991232,-1,-1,-1
1200,4,300,7,16,16,235359.793756,235359.818666,0.024910,0x4052e4,1,530,385,145,46,100.000000,1,1,0.277194,1.200000,0.800000,monitor,15,7fff,1,1,83804160,83894272,90112,21707232329728,21707233320960,991232,21707232329728,21707233320960,991232,-1,-1,-1
1200,4,300,8,16,16,235359.755230,235359.780078,0.024848,0x4052e4,1,570,445,125,48,100.000000,1,1,0.277194,1.200000,0.800000,monitor,15,7fff,1,1,83804160,83894272,90112,21707232329728,21707233320960,991232,21707232329728,21707233320960,991232,-1,-1,-1
1200,4,300,9,16,16,235359.777593,235359.803384,0.025791,0x4052e4,1,649,491,158,50,100.000000,1,1,0.277194,1.200000,0.800000,monitor,15,7fff,1,1,83804160,83894272,90112,21707232329728,21707233320960,991232,21707232329728,21707233320960,991232,-1,-1,-1
1200,4,300,10,16,16,235359.818340,235359.841022,0.022682,0x4052e4,1,508,377,131,52,100.000000,1,1,0.277194,1.200000,0.800000,monitor,15,7fff,1,1,83804160,83894272,90112,21707232329728,21707233320960,991232,21707232329728,21707233320960,991232,-1,-1,-1
1200,4,300,11,16,16,235359.748941,235359.775210,0.026269,0x4052e4,1,446,353,93,54,100.000000,1,1,0.277194,1.200000,0.800000,monitor,15,7fff,1,1,83804160,83894272,90112,21707232329728,21707233320960,991232,21707232329728,21707233320960,991232,-1,-1,-1
1200,4,300,12,16,16,235359.759556,235359.782496,0.022940,0x4052e4,1,1247,380,867,56,100.000000,1,1,0.277194,1.200000,0.800000,monitor,15,7fff,1,1,83804160,83894272,90112,21707232329728,21707233320960,991232,21707232329728,21707233320960,991232,-1,-1,-1
1200,4,300,13,16,16,235359.836954,235359.858039,0.021085,0x4052e4,1,824,278,546,58,100.000000,1,1,0.277194,1.200000,0.800000,monitor,15,7fff,1,1,83804160,83894272,90112,21707232329728,21707233320960,991232,21707232329728,21707233320960,991232,-1,-1,-1
1200,4,300,14,16,16,235359.740847,235359.767797,0.026950,0x4052e4,1,992,229,763,60,100.000000,1,1,0.277194,1.200000,0.800000,monitor,15,7fff,1,1,83804160,83894272,90112,21707232329728,21707233320960,991232,21707232329728,21707233320960,991232,-1,-1,-1
1200,4,300,15,16,16,235359.988382,235360.013038,0.024656,0x4052e4,1,2717,220,2497,62,100.000000,1,1,0.277194,1.200000,0.800000,monitor,15,7fff,1,1,83804160,83894272,90112,21707232329728,21707233320960,991232,21707232329728,21707233320960,991232,-1,-1,-1
1201,5,300,0,16,16,235360.167604,235360.188067,0.020463,0x40533c,1,57,3,54,32,100.000000,1,1,0.051050,1.200000,0.800000,monitor,15,7fff,1,1,84074496,84074496,0,21707233951744,21707234312192,360448,21707234041856,21707234312192,270336,-1,-1,-1
1201,5,300,1,16,16,235360.174869,235360.195445,0.020576,0x40533c,1,46,3,43,34,100.000000,1,1,0.051050,1.200000,0.800000,monitor,15,7fff,1,1,84074496,84074496,0,21707233951744,21707234312192,360448,21707234041856,21707234312192,270336,-1,-1,-1
1201,5,300,2,16,16,235360.174978,235360.195329,0.020351,0x40533c,1,73,5,68,36,100.000000,1,1,0.051050,1.200000,0.800000,monitor,15,7fff,1,1,84074496,84074496,0,21707233951744,21707234312192,360448,21707234041856,21707234312192,270336,-1,-1,-1
1201,5,300,3,16,16,235360.153183,235360.173588,0.020405,0x40533c,1,30,4,26,38,100.000000,1,1,0.051050,1.200000,0.800000,monitor,15,7fff,1,1,84074496,84074496,0,21707233951744,21707234312192,360448,21707234041856,21707234312192,270336,-1,-1,-1
1201,5,300,4,16,16,235360.163334,235360.197777,0.034443,0x40533c,1,1868,85,1783,40,100.000000,1,1,0.051050,1.200000,0.800000,monitor,15,7fff,1,1,84074496,84074496,0,21707233951744,21707234312192,360448,21707234041856,21707234312192,270336,-1,-1,-1
1201,5,300,5,16,16,235360.171304,235360.197588,0.026284,0x40533c,1,386,221,165,42,100.000000,1,1,0.051050,1.200000,0.800000,monitor,15,7fff,1,1,84074496,84074496,0,21707233951744,21707234312192,360448,21707234041856,21707234312192,270336,-1,-1,-1
1201,5,300,6,16,16,235360.167392,235360.193525,0.026133,0x40533c,1,373,245,128,44,100.000000,1,1,0.051050,1.200000,0.800000,monitor,15,7fff,1,1,84074496,84074496,0,21707233951744,21707234312192,360448,21707234041856,21707234312192,270336,-1,-1,-1
1201,5,300,7,16,16,235360.167185,235360.194526,0.027341,0x40533c,1,595,407,188,46,100.000000,1,1,0.051050,1.200000,0.800000,monitor,15,7fff,1,1,84074496,84074496,0,21707233951744,21707234312192,360448,21707234041856,21707234312192,270336,-1,-1,-1
1201,5,300,8,16,16,235360.174265,235360.200719,0.026454,0x40533c,1,454,249,205,48,100.000000,1,1,0.051050,1.200000,0.800000,monitor,15,7fff,1,1,84074496,84074496,0,21707233951744,21707234312192,360448,21707234041856,21707234312192,270336,-1,-1,-1
1201,5,300,9,16,16,235360.162966,235360.189365,0.026399,0x40533c,1,473,207,266,50,100.000000,1,1,0.051050,1.200000,0.800000,monitor,15,7fff,1,1,84074496,84074496,0,21707233951744,21707234312192,360448,21707234041856,21707234312192,270336,-1,-1,-1
1201,5,300,10,16,16,235360.149671,235360.175619,0.025948,0x40533c,1,473,219,254,52,100.000000,1,1,0.051050,1.200000,0.800000,monitor,15,7fff,1,1,84074496,84074496,0,21707233951744,21707234312192,360448,21707234041856,21707234312192,270336,-1,-1,-1
1201,5,300,11,16,16,235360.162596,235360.188737,0.026141,0x40533c,1,441,210,231,54,100.000000,1,1,0.051050,1.200000,0.800000,monitor,15,7fff,1,1,84074496,84074496,0,21707233951744,21707234312192,360448,21707234041856,21707234312192,270336,-1,-1,-1
1201,5,300,12,16,16,235360.149669,235360.170304,0.020635,0x40533c,1,82,2,80,56,100.000000,1,1,0.051050,1.200000,0.800000,monitor,15,7fff,1,1,84074496,84074496,0,21707233951744,21707234312192,360448,21707234041856,21707234312192,270336,-1,-1,-1
1201,5,300,13,16,16,235360.154137,235360.174679,0.020542,0x40533c,1,29,4,25,58,100.000000,1,1,0.051050,1.200000,0.800000,monitor,15,7fff,1,1,84074496,84074496,0,21707233951744,21707234312192,360448,21707234041856,21707234312192,270336,-1,-1,-1
1201,5,300,14,16,16,235360.158899,235360.179584,0.020685,0x40533c,1,45,0,45,60,100.000000,1,1,0.051050,1.200000,0.800000,monitor,15,7fff,1,1,84074496,84074496,0,21707233951744,21707234312192,360448,21707234041856,21707234312192,270336,-1,-1,-1
1201,5,300,15,16,16,235360.158698,235360.179496,0.020798,0x40533c,1,531,7,524,62,100.000000,1,1,0.051050,1.200000,0.800000,monitor,15,7fff,1,1,84074496,84074496,0,21707233951744,21707234312192,360448,21707234041856,21707234312192,270336,-1,-1,-1
1598,2,400,0,16,16,312628.468008,313371.031100,263.950030,0x4051ce,1,26211565,19593989,6617576,32,100.000000,1,1,752.953573,1.200000,0.800000,monitor,15,7fff,1,1,86056960,83804160,-2252800,29094628147200,29169010466816,74382319616,29094628147200,29169010466816,74382319616,-1,-1,-1
1598,2,400,1,16,16,312628.489014,313370.811302,293.304816,0x4051ce,1,27101480,25449057,1652423,34,100.000000,1,1,752.953573,1.200000,0.800000,monitor,15,7fff,1,1,86056960,83804160,-2252800,29094628147200,29169010466816,74382319616,29094628147200,29169010466816,74382319616,-1,-1,-1
1598,2,400,2,16,16,312628.534410,313370.766244,298.817301,0x4051ce,1,27044671,26206280,838391,36,100.000000,1,1,752.953573,1.200000,0.800000,monitor,15,7fff,1,1,86056960,83804160,-2252800,29094628147200,29169010466816,74382319616,29094628147200,29169010466816,74382319616,-1,-1,-1
1598,2,400,3,16,16,312628.324803,313370.764277,292.798514,0x4051ce,1,26948956,25847469,1101487,38,100.000000,1,1,752.953573,1.200000,0.800000,monitor,15,7fff,1,1,86056960,83804160,-2252800,29094628147200,29169010466816,74382319616,29094628147200,29169010466816,74382319616,-1,-1,-1
1598,2,400,4,16,16,312628.476979,313381.278376,748.067316,0x4051ce,1,102125156,77730017,24395139,40,100.000000,1,1,752.953573,1.200000,0.800000,monitor,15,7fff,1,1,86056960,83804160,-2252800,29094628147200,29169010466816,74382319616,29094628147200,29169010466816,74382319616,-1,-1,-1
1598,2,400,5,16,16,312628.469044,313381.247721,750.205157,0x4051ce,1,102176724,77741805,24434919,42,100.000000,1,1,752.953573,1.200000,0.800000,monitor,15,7fff,1,1,86056960,83804160,-2252800,29094628147200,29169010466816,74382319616,29094628147200,29169010466816,74382319616,-1,-1,-1
1598,2,400,6,16,16,312628.527198,313380.697229,718.792123,0x4051ce,1,96508818,74157682,22351136,44,100.000000,1,1,752.953573,1.200000,0.800000,monitor,15,7fff,1,1,86056960,83804160,-2252800,29094628147200,29169010466816,74382319616,29094628147200,29169010466816,74382319616,-1,-1,-1
1598,2,400,7,16,16,312628.542504,313381.252226,750.049334,0x4051ce,1,102152488,77719951,24432537,46,100.000000,1,1,752.953573,1.200000,0.800000,monitor,15,7fff,1,1,86056960,83804160,-2252800,29094628147200,29169010466816,74382319616,29094628147200,29169010466816,74382319616,-1,-1,-1
1598,2,400,8,16,16,312628.484360,313381.144936,746.398078,0x4051ce,1,102172384,77694986,24477398,48,100.000000,1,1,752.953573,1.200000,0.800000,monitor,15,7fff,1,1,86056960,83804160,-2252800,29094628147200,29169010466816,74382319616,29094628147200,29169010466816,74382319616,-1,-1,-1
1598,2,400,9,16,16,312628.498626,313380.737348,719.946338,0x4051ce,1,96511008,74445446,22065562,50,100.000000,1,1,752.953573,1.200000,0.800000,monitor,15,7fff,1,1,86056960,83804160,-2252800,29094628147200,29169010466816,74382319616,29094628147200,29169010466816,74382319616,-1,-1,-1
1598,2,400,10,16,16,312628.492941,313381.245768,747.517742,0x4051ce,1,102197444,77958978,24238466,52,100.000000,1,1,752.953573,1.200000,0.800000,monitor,15,7fff,1,1,86056960,83804160,-2252800,29094628147200,29169010466816,74382319616,29094628147200,29169010466816,74382319616,-1,-1,-1
1598,2,400,11,16,16,312628.473072,313381.070668,744.775600,0x4051ce,1,102157254,78234167,23923087,54,100.000000,1,1,752.953573,1.200000,0.800000,monitor,15,7fff,1,1,86056960,83804160,-2252800,29094628147200,29169010466816,74382319616,29094628147200,29169010466816,74382319616,-1,-1,-1
1598,2,400,12,16,16,312628.515435,313371.082012,309.317153,0x4051ce,1,26264574,25501679,762895,56,100.000000,1,1,752.953573,1.200000,0.800000,monitor,15,7fff,1,1,86056960,83804160,-2252800,29094628147200,29169010466816,74382319616,29094628147200,29169010466816,74382319616,-1,-1,-1
1598,2,400,13,16,16,312628.538355,313370.795729,298.015841,0x4051ce,1,27005784,26483526,522258,58,100.000000,1,1,752.953573,1.200000,0.800000,monitor,15,7fff,1,1,86056960,83804160,-2252800,29094628147200,29169010466816,74382319616,29094628147200,29169010466816,74382319616,-1,-1,-1
1598,2,400,14,16,16,312628.523307,313371.139096,313.356520,0x4051ce,1,26263796,25637143,626653,60,100.000000,1,1,752.953573,1.200000,0.800000,monitor,15,7fff,1,1,86056960,83804160,-2252800,29094628147200,29169010466816,74382319616,29094628147200,29169010466816,74382319616,-1,-1,-1
1598,2,400,15,16,16,312628.506994,313370.741993,293.431335,0x4051ce,1,26351917,25857337,494580,62,100.000000,1,1,752.953573,1.200000,0.800000,monitor,15,7fff,1,1,86056960,83804160,-2252800,29094628147200,29169010466816,74382319616,29094628147200,29169010466816,74382319616,-1,-1,-1
1599,3,400,0,16,16,313382.331763,313382.627110,0.295347,0x405218,1,7745,5824,1921,32,100.000000,1,1,2.112363,1.200000,0.800000,monitor,15,7fff,1,1,86417408,83894272,-2523136,29169018757120,29169028218880,9461760,29169018757120,29169028218880,9461760,-1,-1,-1
1599,3,400,1,16,16,313381.848304,313381.997964,0.149660,0x405218,1,9058,4991,4067,34,100.000000,1,1,2.112363,1.200000,0.800000,monitor,15,7fff,1,1,86417408,83894272,-2523136,29169018757120,29169028218880,9461760,29169018757120,29169028218880,9461760,-1,-1,-1
1599,3,400,2,16,16,313382.153643,313382.303855,0.150212,0x405218,1,9101,4193,4908,36,100.000000,1,1,2.112363,1.200000,0.800000,monitor,15,7fff,1,1,86417408,83894272,-2523136,29169018757120,29169028218880,9461760,29169018757120,29169028218880,9461760,-1,-1,-1
1599,3,400,3,16,16,313382.012122,313382.159128,0.147006,0x405218,1,9157,3921,5236,38,100.000000,1,1,2.112363,1.200000,0.800000,monitor,15,7fff,1,1,86417408,83894272,-2523136,29169018757120,29169028218880,9461760,29169018757120,29169028218880,9461760,-1,-1,-1
1599,3,400,4,16,16,313381.827961,313382.190032,0.362071,0x405218,1,21126,13440,7686,40,100.000000,1,1,2.112363,1.200000,0.800000,monitor,15,7fff,1,1,86417408,83894272,-2523136,29169018757120,29169028218880,9461760,29169018757120,29169028218880,9461760,-1,-1,-1
1599,3,400,5,16,16,313382.913045,313383.291163,0.378118,0x405218,1,20973,16649,4324,42,100.000000,1,1,2.112363,1.200000,0.800000,monitor,15,7fff,1,1,86417408,83894272,-2523136,29169018757120,29169028218880,9461760,29169018757120,29169028218880,9461760,-1,-1,-1
1599,3,400,6,16,16,313383.178224,313383.556202,0.377978,0x405218,1,20205,17098,3107,44,100.000000,1,1,2.112363,1.200000,0.800000,monitor,15,7fff,1,1,86417408,83894272,-2523136,29169018757120,29169028218880,9461760,29169018757120,29169028218880,9461760,-1,-1,-1
1599,3,400,7,16,16,313383.314061,313383.696480,0.382419,0x405218,1,21018,16422,4596,46,100.000000,1,1,2.112363,1.200000,0.800000,monitor,15,7fff,1,1,86417408,83894272,-2523136,29169018757120,29169028218880,9461760,29169018757120,29169028218880,9461760,-1,-1,-1
1599,3,400,8,16,16,313383.044735,313383.423884,0.379149,0x405218,1,20980,17872,3108,48,100.000000,1,1,2.112363,1.200000,0.800000,monitor,15,7fff,1,1,86417408,83894272,-2523136,29169018757120,29169028218880,9461760,29169018757120,29169028218880,9461760,-1,-1,-1
1599,3,400,9,16,16,313382.500065,313382.864614,0.364549,0x405218,1,20157,16760,3397,50,100.000000,1,1,2.112363,1.200000,0.800000,monitor,15,7fff,1,1,86417408,83894272,-2523136,29169018757120,29169028218880,9461760,29169018757120,29169028218880,9461760,-1,-1,-1
1599,3,400,10,16,16,313382.622694,313383.002599,0.379905,0x405218,1,20899,17299,3600,52,100.000000,1,1,2.112363,1.200000,0.800000,monitor,15,7fff,1,1,86417408,83894272,-2523136,29169018757120,29169028218880,9461760,29169018757120,29169028218880,9461760,-1,-1,-1
1599,3,400,11,16,16,313382.763263,313383.134693,0.371430,0x405218,1,20926,17191,3735,54,100.000000,1,1,2.112363,1.200000,0.800000,monitor,15,7fff,1,1,86417408,83894272,-2523136,29169018757120,29169028218880,9461760,29169018757120,29169028218880,9461760,-1,-1,-1
1599,3,400,12,16,16,313383.447071,313383.592853,0.145782,0x405218,1,9075,4736,4339,56,100.000000,1,1,2.112363,1.200000,0.800000,monitor,15,7fff,1,1,86417408,83894272,-2523136,29169018757120,29169028218880,9461760,29169018757120,29169028218880,9461760,-1,-1,-1
1599,3,400,13,16,16,313382.003009,313382.158758,0.155749,0x405218,1,9144,4429,4715,58,100.000000,1,1,2.112363,1.200000,0.800000,monitor,15,7fff,1,1,86417408,83894272,-2523136,29169018757120,29169028218880,9461760,29169018757120,29169028218880,9461760,-1,-1,-1
1599,3,400,14,16,16,313381.584117,313381.739944,0.155827,0x405218,1,5063,4527,536,60,100.000000,1,1,2.112363,1.200000,0.800000,monitor,15,7fff,1,1,86417408,83894272,-2523136,29169018757120,29169028218880,9461760,29169018757120,29169028218880,9461760,-1,-1,-1
1599,3,400,15,16,16,313382.321266,313382.447037,0.125771,0x405218,1,8612,2908,5704,62,100.000000,1,1,2.112363,1.200000,0.800000,monitor,15,7fff,1,1,86417408,83894272,-2523136,29169018757120,29169028218880,9461760,29169018757120,29169028218880,9461760,-1,-1,-1
1600,4,400,0,16,16,313384.248429,313384.279302,0.030873,0x4052e4,1,2611,1321,1290,32,100.000000,1,1,0.328595,1.200000,0.800000,monitor,15,7fff,1,1,84344832,84615168,270336,29169030742016,29169031553024,811008,29169030742016,29169031553024,811008,-1,-1,-1
1600,4,400,1,16,16,313384.022854,313384.045153,0.022299,0x4052e4,1,1077,572,505,34,100.000000,1,1,0.328595,1.200000,0.800000,monitor,15,7fff,1,1,84344832,84615168,270336,29169030742016,29169031553024,811008,29169030742016,29169031553024,811008,-1,-1,-1
1600,4,400,2,16,16,313383.975893,313383.996689,0.020796,0x4052e4,1,699,314,385,36,100.000000,1,1,0.328595,1.200000,0.800000,monitor,15,7fff,1,1,84344832,84615168,270336,29169030742016,29169031553024,811008,29169030742016,29169031553024,811008,-1,-1,-1
1600,4,400,3,16,16,313383.960507,313383.981161,0.020654,0x4052e4,1,643,195,448,38,100.000000,1,1,0.328595,1.200000,0.800000,monitor,15,7fff,1,1,84344832,84615168,270336,29169030742016,29169031553024,811008,29169030742016,29169031553024,811008,-1,-1,-1
1600,4,400,4,16,16,313384.008198,313384.030936,0.022738,0x4052e4,1,570,316,254,40,100.000000,1,1,0.328595,1.200000,0.800000,monitor,15,7fff,1,1,84344832,84615168,270336,29169030742016,29169031553024,811008,29169030742016,29169031553024,811008,-1,-1,-1
1600,4,400,5,16,16,313384.015198,313384.037604,0.022406,0x4052e4,1,424,310,114,42,100.000000,1,1,0.328595,1.200000,0.800000,monitor,15,7fff,1,1,84344832,84615168,270336,29169030742016,29169031553024,811008,29169030742016,29169031553024,811008,-1,-1,-1
1600,4,400,6,16,16,313383.991645,313384.015113,0.023468,0x4052e4,1,663,467,196,44,100.000000,1,1,0.328595,1.200000,0.800000,monitor,15,7fff,1,1,84344832,84615168,270336,29169030742016,29169031553024,811008,29169030742016,29169031553024,811008,-1,-1,-1
1600,4,400,7,16,16,313384.030729,313384.054825,0.024096,0x4052e4,1,593,409,184,46,100.000000,1,1,0.328595,1.200000,0.800000,monitor,15,7fff,1,1,84344832,84615168,270336,29169030742016,29169031553024,811008,29169030742016,29169031553024,811008,-1,-1,-1
1600,4,400,8,16,16,313383.983989,313384.007420,0.023431,0x4052e4,1,610,434,176,48,100.000000,1,1,0.328595,1.200000,0.800000,monitor,15,7fff,1,1,84344832,84615168,270336,29169030742016,29169031553024,811008,29169030742016,29169031553024,811008,-1,-1,-1
1600,4,400,9,16,16,313384.039616,313384.062576,0.022960,0x4052e4,1,383,307,76,50,100.000000,1,1,0.328595,1.200000,0.800000,monitor,15,7fff,1,1,84344832,84615168,270336,29169030742016,29169031553024,811008,29169030742016,29169031553024,811008,-1,-1,-1
1600,4,400,10,16,16,313383.968996,313383.991552,0.022556,0x4052e4,1,536,389,147,52,100.000000,1,1,0.328595,1.200000,0.800000,monitor,15,7fff,1,1,84344832,84615168,270336,29169030742016,29169031553024,811008,29169030742016,29169031553024,811008,-1,-1,-1
1600,4,400,11,16,16,313383.959596,313383.982716,0.023120,0x4052e4,1,478,398,80,54,100.000000,1,1,0.328595,1.200000,0.800000,monitor,15,7fff,1,1,84344832,84615168,270336,29169030742016,29169031553024,811008,29169030742016,29169031553024,811008,-1,-1,-1
1600,4,400,12,16,16,313384.047854,313384.069760,0.021906,0x4052e4,1,911,382,529,56,100.000000,1,1,0.328595,1.200000,0.800000,monitor,15,7fff,1,1,84344832,84615168,270336,29169030742016,29169031553024,811008,29169030742016,29169031553024,811008,-1,-1,-1
1600,4,400,13,16,16,313383.956316,313383.978623,0.022307,0x4052e4,1,1175,433,742,58,100.000000,1,1,0.328595,1.200000,0.800000,monitor,15,7fff,1,1,84344832,84615168,270336,29169030742016,29169031553024,811008,29169030742016,29169031553024,811008,-1,-1,-1
1600,4,400,14,16,16,313383.950707,313383.970419,0.019712,0x4052e4,1,32,8,24,60,100.000000,1,1,0.328595,1.200000,0.800000,monitor,15,7fff,1,1,84344832,84615168,270336,29169030742016,29169031553024,811008,29169030742016,29169031553024,811008,-1,-1,-1
1600,4,400,15,16,16,313383.953804,313383.975150,0.021346,0x4052e4,1,798,255,543,62,100.000000,1,1,0.328595,1.200000,0.800000,monitor,15,7fff,1,1,84344832,84615168,270336,29169030742016,29169031553024,811008,29169030742016,29169031553024,811008,-1,-1,-1
1601,5,400,0,16,16,313384.651470,313384.671217,0.019747,0x40533c,1,808,44,764,32,100.000000,1,1,0.228343,1.200000,0.800000,monitor,15,7fff,1,1,84795392,84434944,-360448,29169032003584,29169032093696,90112,29169032093696,29169032093696,0,-1,-1,-1
1601,5,400,1,16,16,313384.639682,313384.658743,0.019061,0x40533c,1,55,3,52,34,100.000000,1,1,0.228343,1.200000,0.800000,monitor,15,7fff,1,1,84795392,84434944,-360448,29169032003584,29169032093696,90112,29169032093696,29169032093696,0,-1,-1,-1
1601,5,400,2,16,16,313384.643963,313384.662829,0.018866,0x40533c,1,35,8,27,36,100.000000,1,1,0.228343,1.200000,0.800000,monitor,15,7fff,1,1,84795392,84434944,-360448,29169032003584,29169032093696,90112,29169032093696,29169032093696,0,-1,-1,-1
1601,5,400,3,16,16,313384.451274,313384.470198,0.018924,0x40533c,1,58,11,47,38,100.000000,1,1,0.228343,1.200000,0.800000,monitor,15,7fff,1,1,84795392,84434944,-360448,29169032003584,29169032093696,90112,29169032093696,29169032093696,0,-1,-1,-1
1601,5,400,4,16,16,313384.442874,313384.468119,0.025245,0x40533c,1,386,221,165,40,100.000000,1,1,0.228343,1.200000,0.800000,monitor,15,7fff,1,1,84795392,84434944,-360448,29169032003584,29169032093696,90112,29169032093696,29169032093696,0,-1,-1,-1
1601,5,400,5,16,16,313384.623049,313384.648012,0.024963,0x40533c,1,482,283,199,42,100.000000,1,1,0.228343,1.200000,0.800000,monitor,15,7fff,1,1,84795392,84434944,-360448,29169032003584,29169032093696,90112,29169032093696,29169032093696,0,-1,-1,-1
1601,5,400,6,16,16,313384.461969,313384.486908,0.024939,0x40533c,1,505,329,176,44,100.000000,1,1,0.228343,1.200000,0.800000,monitor,15,7fff,1,1,84795392,84434944,-360448,29169032003584,29169032093696,90112,29169032093696,29169032093696,0,-1,-1,-1
1601,5,400,7,16,16,313384.456897,313384.481874,0.024977,0x40533c,1,532,333,199,46,100.000000,1,1,0.228343,1.200000,0.800000,monitor,15,7fff,1,1,84795392,84434944,-360448,29169032003584,29169032093696,90112,29169032093696,29169032093696,0,-1,-1,-1
1601,5,400,8,16,16,313384.467723,313384.492232,0.024509,0x40533c,1,534,252,282,48,100.000000,1,1,0.228343,1.200000,0.800000,monitor,15,7fff,1,1,84795392,84434944,-360448,29169032003584,29169032093696,90112,29169032093696,29169032093696,0,-1,-1,-1
1601,5,400,9,16,16,313384.635728,313384.660170,0.024442,0x40533c,1,465,204,261,50,100.000000,1,1,0.228343,1.200000,0.800000,monitor,15,7fff,1,1,84795392,84434944,-360448,29169032003584,29169032093696,90112,29169032093696,29169032093696,0,-1,-1,-1
1601,5,400,10,16,16,313384.446925,313384.471148,0.024223,0x40533c,1,464,187,277,52,100.000000,1,1,0.228343,1.200000,0.800000,monitor,15,7fff,1,1,84795392,84434944,-360448,29169032003584,29169032093696,90112,29169032093696,29169032093696,0,-1,-1,-1
1601,5,400,11,16,16,313384.473145,313384.497210,0.024065,0x40533c,1,677,261,416,54,100.000000,1,1,0.228343,1.200000,0.800000,monitor,15,7fff,1,1,84795392,84434944,-360448,29169032003584,29169032093696,90112,29169032093696,29169032093696,0,-1,-1,-1
1601,5,400,12,16,16,313384.627128,313384.645908,0.018780,0x40533c,1,43,1,42,56,100.000000,1,1,0.228343,1.200000,0.800000,monitor,15,7fff,1,1,84795392,84434944,-360448,29169032003584,29169032093696,90112,29169032093696,29169032093696,0,-1,-1,-1
1601,5,400,13,16,16,313384.631405,313384.650423,0.019018,0x40533c,1,42,0,42,58,100.000000,1,1,0.228343,1.200000,0.800000,monitor,15,7fff,1,1,84795392,84434944,-360448,29169032003584,29169032093696,90112,29169032093696,29169032093696,0,-1,-1,-1
1601,5,400,14,16,16,313384.624059,313384.647253,0.023194,0x40533c,1,1767,246,1521,60,100.000000,1,1,0.228343,1.200000,0.800000,monitor,15,7fff,1,1,84795392,84434944,-360448,29169032003584,29169032093696,90112,29169032093696,29169032093696,0,-1,-1,-1
1601,5,400,15,16,16,313384.446223,313384.465227,0.019004,0x40533c,1,60,9,51,62,100.000000,1,1,0.228343,1.200000,0.800000,monitor,15,7fff,1,1,84795392,84434944,-360448,29169032003584,29169032093696,90112,29169032093696,29169032093696,0,-1,-1,-1
1998,2,500,0,16,16,389640.648277,390426.446584,263.025562,0x4051ce,1,26212726,19595131,6617595,32,100.000000,1,1,796.548150,1.200000,0.800000,monitor,15,7fff,1,1,85606400,84344832,-1261568,36490501070848,36563655254016,73154183168,36490501070848,36563655254016,73154183168,-1,-1,-1
1998,2,500,1,16,16,389640.498179,390426.252935,299.348149,0x4051ce,1,26849593,25265521,1584072,34,100.000000,1,1,796.548150,1.200000,0.800000,monitor,15,7fff,1,1,85606400,84344832,-1261568,36490501070848,36563655254016,73154183168,36490501070848,36563655254016,73154183168,-1,-1,-1
1998,2,500,2,16,16,389640.490075,390426.221491,297.256648,0x4051ce,1,27047677,26184641,863036,36,100.000000,1,1,796.548150,1.200000,0.800000,monitor,15,7fff,1,1,85606400,84344832,-1261568,36490501070848,36563655254016,73154183168,36490501070848,36563655254016,73154183168,-1,-1,-1
1998,2,500,3,16,16,389640.513825,390426.495065,310.751992,0x4051ce,1,26214488,25197516,1016972,38,100.000000,1,1,796.548150,1.200000,0.800000,monitor,15,7fff,1,1,85606400,84344832,-1261568,36490501070848,36563655254016,73154183168,36490501070848,36563655254016,73154183168,-1,-1,-1
1998,2,500,4,16,16,389640.483250,390436.413322,734.734578,0x4051ce,1,100134678,76425576,23709102,40,100.000000,1,1,796.548150,1.200000,0.800000,monitor,15,7fff,1,1,85606400,84344832,-1261568,36490501070848,36563655254016,73154183168,36490501070848,36563655254016,73154183168,-1,-1,-1
1998,2,500,5,16,16,389640.506282,390436.362866,736.480509,0x4051ce,1,100177063,76408738,23768325,42,100.000000,1,1,796.548150,1.200000,0.800000,monitor,15,7fff,1,1,85606400,84344832,-1261568,36490501070848,36563655254016,73154183168,36490501070848,36563655254016,73154183168,-1,-1,-1
1998,2,500,6,16,16,389640.485689,390435.844065,705.770087,0x4051ce,1,94508932,72852252,21656680,44,100.000000,1,1,796.548150,1.200000,0.800000,monitor,15,7fff,1,1,85606400,84344832,-1261568,36490501070848,36563655254016,73154183168,36490501070848,36563655254016,73154183168,-1,-1,-1
1998,2,500,7,16,16,389640.471604,390436.292613,737.221593,0x4051ce,1,100166763,76418613,23748150,14,100.000000,1,1,796.548150,1.200000,0.800000,monitor,15,7fff,1,1,85606400,84344832,-1261568,36490501070848,36563655254016,73154183168,36490501070848,36563655254016,73154183168,-1,-1,-1
1998,2,500,8,16,16,389640.498219,390436.217594,732.784391,0x4051ce,1,100162361,76447566,23714795,48,100.000000,1,1,796.548150,1.200000,0.800000,monitor,15,7fff,1,1,85606400,84344832,-1261568,36490501070848,36563655254016,73154183168,36490501070848,36563655254016,73154183168,-1,-1,-1
1998,2,500,9,16,16,389640.475519,390435.896934,707.942637,0x4051ce,1,94529528,73118984,21410544,50,100.000000,1,1,796.548150,1.200000,0.800000,monitor,15,7fff,1,1,85606400,84344832,-1261568,36490501070848,36563655254016,73154183168,36490501070848,36563655254016,73154183168,-1,-1,-1
1998,2,500,10,16,16,389640.478900,390437.017788,796.132552,0x4051ce,1,99217526,74751273,24466253,52,100.000000,1,1,796.548150,1.200000,0.800000,monitor,15,7fff,1,1,85606400,84344832,-1261568,36490501070848,36563655254016,73154183168,36490501070848,36563655254016,73154183168,-1,-1,-1
1998,2,500,11,16,16,389640.476778,390436.141900,727.251346,0x4051ce,1,100160400,75737872,24422528,54,100.000000,1,1,796.548150,1.200000,0.800000,monitor,15,7fff,1,1,85606400,84344832,-1261568,36490501070848,36563655254016,73154183168,36490501070848,36563655254016,73154183168,-1,-1,-1
1998,2,500,12,16,16,389640.471762,390426.108696,292.725826,0x4051ce,1,26964119,26362896,601223,56,100.000000,1,1,796.548150,1.200000,0.800000,monitor,15,7fff,1,1,85606400,84344832,-1261568,36490501070848,36563655254016,73154183168,36490501070848,36563655254016,73154183168,-1,-1,-1
1998,2,500,13,16,16,389640.490167,390426.245470,296.429967,0x4051ce,1,27011874,26464032,547842,58,100.000000,1,1,796.548150,1.200000,0.800000,monitor,15,7fff,1,1,85606400,84344832,-1261568,36490501070848,36563655254016,73154183168,36490501070848,36563655254016,73154183168,-1,-1,-1
1998,2,500,14,16,16,389640.502473,390426.227573,297.263540,0x4051ce,1,26975685,26440401,535284,60,100.000000,1,1,796.548150,1.200000,0.800000,monitor,15,7fff,1,1,85606400,84344832,-1261568,36490501070848,36563655254016,73154183168,36490501070848,36563655254016,73154183168,-1,-1,-1
1998,2,500,15,16,16,389640.469638,390426.172546,291.730142,0x4051ce,1,26363588,25831025,532563,30,100.000000,1,1,796.548150,1.200000,0.800000,monitor,15,7fff,1,1,85606400,84344832,-1261568,36490501070848,36563655254016,73154183168,36490501070848,36563655254016,73154183168,-1,-1,-1
1999,3,500,0,16,16,390437.356216,390437.536035,0.179819,0x405218,1,7781,6226,1555,32,100.000000,1,1,0.742000,1.200000,0.800000,monitor,15,7fff,1,1,85336064,85155840,-180224,36563657687040,36563665076224,7389184,36563657687040,36563665076224,7389184,-1,-1,-1
1999,3,500,1,16,16,390437.641628,390437.787072,0.145444,0x405218,1,6497,4936,1561,34,100.000000,1,1,0.742000,1.200000,0.800000,monitor,15,7fff,1,1,85336064,85155840,-180224,36563657687040,36563665076224,7389184,36563657687040,36563665076224,7389184,-1,-1,-1
1999,3,500,2,16,16,390437.667664,390437.809192,0.141528,0x405218,1,5027,4274,753,36,100.000000,1,1,0.742000,1.200000,0.800000,monitor,15,7fff,1,1,85336064,85155840,-180224,36563657687040,36563665076224,7389184,36563657687040,36563665076224,7389184,-1,-1,-1
1999,3,500,3,16,16,390437.367307,390437.537093,0.169786,0x405218,1,4696,4000,696,38,100.000000,1,1,0.742000,1.200000,0.800000,monitor,15,7fff,1,1,85336064,85155840,-180224,36563657687040,36563665076224,7389184,36563657687040,36563665076224,7389184,-1,-1,-1
1999,3,500,4,16,16,390437.316378,390437.706203,0.389825,0x405218,1,19873,16636,3237,40,100.000000,1,1,0.742000,1.200000,0.800000,monitor,15,7fff,1,1,85336064,85155840,-180224,36563657687040,36563665076224,7389184,36563657687040,36563665076224,7389184,-1,-1,-1
1999,3,500,5,16,16,390437.330424,390437.718427,0.388003,0x405218,1,19787,16717,3070,42,100.000000,1,1,0.742000,1.200000,0.800000,monitor,15,7fff,1,1,85336064,85155840,-180224,36563657687040,36563665076224,7389184,36563657687040,36563665076224,7389184,-1,-1,-1
1999,3,500,6,16,16,390437.627693,390438.008264,0.380571,0x405218,1,18791,16454,2337,44,100.000000,1,1,0.742000,1.200000,0.800000,monitor,15,7fff,1,1,85336064,85155840,-180224,36563657687040,36563665076224,7389184,36563657687040,36563665076224,7389184,-1,-1,-1
1999,3,500,7,16,16,390437.620307,390438.015702,0.395395,0x405218,1,20743,16661,4082,14,100.000000,1,1,0.742000,1.200000,0.800000,monitor,15,7fff,1,1,85336064,85155840,-180224,36563657687040,36563665076224,7389184,36563657687040,36563665076224,7389184,-1,-1,-1
1999,3,500,8,16,16,390437.554437,390437.936721,0.382284,0x405218,1,19673,16485,3188,48,100.000000,1,1,0.742000,1.200000,0.800000,monitor,15,7fff,1,1,85336064,85155840,-180224,36563657687040,36563665076224,7389184,36563657687040,36563665076224,7389184,-1,-1,-1
1999,3,500,9,16,16,390437.303382,390437.679993,0.376611,0x405218,1,18725,16840,1885,50,100.000000,1,1,0.742000,1.200000,0.800000,monitor,15,7fff,1,1,85336064,85155840,-180224,36563657687040,36563665076224,7389184,36563657687040,36563665076224,7389184,-1,-1,-1
1999,3,500,10,16,16,390437.304315,390437.735581,0.431266,0x405218,1,19629,15078,4551,52,100.000000,1,1,0.742000,1.200000,0.800000,monitor,15,7fff,1,1,85336064,85155840,-180224,36563657687040,36563665076224,7389184,36563657687040,36563665076224,7389184,-1,-1,-1
1999,3,500,11,16,16,390437.657153,390438.037662,0.380509,0x405218,1,19570,16477,3093,54,100.000000,1,1,0.742000,1.200000,0.800000,monitor,15,7fff,1,1,85336064,85155840,-180224,36563657687040,36563665076224,7389184,36563657687040,36563665076224,7389184,-1,-1,-1
1999,3,500,12,16,16,390437.295662,390437.431733,0.136071,0x405218,1,5222,4409,813,56,100.000000,1,1,0.742000,1.200000,0.800000,monitor,15,7fff,1,1,85336064,85155840,-180224,36563657687040,36563665076224,7389184,36563657687040,36563665076224,7389184,-1,-1,-1
1999,3,500,13,16,16,390437.380730,390437.526772,0.146042,0x405218,1,5667,4775,892,58,100.000000,1,1,0.742000,1.200000,0.800000,monitor,15,7fff,1,1,85336064,85155840,-180224,36563657687040,36563665076224,7389184,36563657687040,36563665076224,7389184,-1,-1,-1
1999,3,500,14,16,16,390437.343530,390437.486754,0.143224,0x405218,1,5681,5018,663,60,100.000000,1,1,0.742000,1.200000,0.800000,monitor,15,7fff,1,1,85336064,85155840,-180224,36563657687040,36563665076224,7389184,36563657687040,36563665076224,7389184,-1,-1,-1
1999,3,500,15,16,16,390437.552899,390437.707297,0.154398,0x405218,1,8707,3948,4759,30,100.000000,1,1,0.742000,1.200000,0.800000,monitor,15,7fff,1,1,85336064,85155840,-180224,36563657687040,36563665076224,7389184,36563657687040,36563665076224,7389184,-1,-1,-1
2000,4,500,0,16,16,390438.306312,390438.338067,0.031755,0x4052e4,1,2088,1584,504,32,100.000000,1,1,0.472650,1.200000,0.800000,monitor,15,7fff,1,1,85516288,85245952,-270336,36563667599360,36563669041152,1441792,36563667779584,36563669041152,1261568,-1,-1,-1
2000,4,500,1,16,16,390438.290440,390438.310752,0.020312,0x4052e4,1,125,97,28,34,100.000000,1,1,0.472650,1.200000,0.800000,monitor,15,7fff,1,1,85516288,85245952,-270336,36563667599360,36563669041152,1441792,36563667779584,36563669041152,1261568,-1,-1,-1
2000,4,500,2,16,16,390438.314337,390438.340328,0.025991,0x4052e4,1,2431,76,2355,36,100.000000,1,1,0.472650,1.200000,0.800000,monitor,15,7fff,1,1,85516288,85245952,-270336,36563667599360,36563669041152,1441792,36563667779584,36563669041152,1261568,-1,-1,-1
2000,4,500,3,16,16,390438.296719,390438.317472,0.020753,0x4052e4,1,37,4,33,38,100.000000,1,1,0.472650,1.200000,0.800000,monitor,15,7fff,1,1,85516288,85245952,-270336,36563667599360,36563669041152,1441792,36563667779584,36563669041152,1261568,-1,-1,-1
2000,4,500,4,16,16,390438.711291,390438.733820,0.022529,0x4052e4,1,226,192,34,40,100.000000,1,1,0.472650,1.200000,0.800000,monitor,15,7fff,1,1,85516288,85245952,-270336,36563667599360,36563669041152,1441792,36563667779584,36563669041152,1261568,-1,-1,-1
2000,4,500,5,16,16,390438.701497,390438.725152,0.023655,0x4052e4,1,304,257,47,42,100.000000,1,1,0.472650,1.200000,0.800000,monitor,15,7fff,1,1,85516288,85245952,-270336,36563667599360,36563669041152,1441792,36563667779584,36563669041152,1261568,-1,-1,-1
2000,4,500,6,16,16,390438.697565,390438.725482,0.027917,0x4052e4,1,3107,412,2695,44,100.000000,1,1,0.472650,1.200000,0.800000,monitor,15,7fff,1,1,85516288,85245952,-270336,36563667599360,36563669041152,1441792,36563667779584,36563669041152,1261568,-1,-1,-1
2000,4,500,7,16,16,390438.330514,390438.356794,0.026280,0x4052e4,1,561,444,117,14,100.000000,1,1,0.472650,1.200000,0.800000,monitor,15,7fff,1,1,85516288,85245952,-270336,36563667599360,36563669041152,1441792,36563667779584,36563669041152,1261568,-1,-1,-1
2000,4,500,8,16,16,390438.721032,390438.744236,0.023204,0x4052e4,1,312,281,31,48,100.000000,1,1,0.472650,1.200000,0.800000,monitor,15,7fff,1,1,85516288,85245952,-270336,36563667599360,36563669041152,1441792,36563667779584,36563669041152,1261568,-1,-1,-1
2000,4,500,9,16,16,390438.731748,390438.757495,0.025747,0x4052e4,1,301,266,35,50,100.000000,1,1,0.472650,1.200000,0.800000,monitor,15,7fff,1,1,85516288,85245952,-270336,36563667599360,36563669041152,1441792,36563667779584,36563669041152,1261568,-1,-1,-1
2000,4,500,10,16,16,390438.554755,390438.584170,0.029415,0x4052e4,1,3299,619,2680,52,100.000000,1,1,0.472650,1.200000,0.800000,monitor,15,7fff,1,1,85516288,85245952,-270336,36563667599360,36563669041152,1441792,36563667779584,36563669041152,1261568,-1,-1,-1
2000,4,500,11,16,16,390438.321879,390438.345185,0.023306,0x4052e4,1,282,251,31,54,100.000000,1,1,0.472650,1.200000,0.800000,monitor,15,7fff,1,1,85516288,85245952,-270336,36563667599360,36563669041152,1441792,36563667779584,36563669041152,1261568,-1,-1,-1
2000,4,500,12,16,16,390438.290673,390438.311455,0.020782,0x4052e4,1,105,68,37,56,100.000000,1,1,0.472650,1.200000,0.800000,monitor,15,7fff,1,1,85516288,85245952,-270336,36563667599360,36563669041152,1441792,36563667779584,36563669041152,1261568,-1,-1,-1
2000,4,500,13,16,16,390438.339103,390438.359770,0.020667,0x4052e4,1,127,89,38,58,100.000000,1,1,0.472650,1.200000,0.800000,monitor,15,7fff,1,1,85516288,85245952,-270336,36563667599360,36563669041152,1441792,36563667779584,36563669041152,1261568,-1,-1,-1
2000,4,500,14,16,16,390438.740073,390438.763090,0.023017,0x4052e4,1,137,94,43,60,100.000000,1,1,0.472650,1.200000,0.800000,monitor,15,7fff,1,1,85516288,85245952,-270336,36563667599360,36563669041152,1441792,36563667779584,36563669041152,1261568,-1,-1,-1
2000,4,500,15,16,16,390438.554848,390438.578204,0.023356,0x4052e4,1,1086,441,645,30,100.000000,1,1,0.472650,1.200000,0.800000,monitor,15,7fff,1,1,85516288,85245952,-270336,36563667599360,36563669041152,1441792,36563667779584,36563669041152,1261568,-1,-1,-1
2001,5,500,0,16,16,390438.921700,390438.948172,0.026472,0x40533c,1,1337,9,1328,32,100.000000,1,1,0.112618,1.200000,0.800000,monitor,15,7fff,1,1,85065728,84705280,-360448,36563669401600,36563670032384,630784,36563669401600,36563670032384,630784,-1,-1,-1
2001,5,500,1,16,16,390438.995319,390439.015376,0.020057,0x40533c,1,95,34,61,34,100.000000,1,1,0.112618,1.200000,0.800000,monitor,15,7fff,1,1,85065728,84705280,-360448,36563669401600,36563670032384,630784,36563669401600,36563670032384,630784,-1,-1,-1
2001,5,500,2,16,16,390438.924617,390438.945161,0.020544,0x40533c,1,38,0,38,36,100.000000,1,1,0.112618,1.200000,0.800000,monitor,15,7fff,1,1,85065728,84705280,-360448,36563669401600,36563670032384,630784,36563669401600,36563670032384,630784,-1,-1,-1
2001,5,500,3,16,16,390438.945942,390438.966319,0.020377,0x40533c,1,62,30,32,38,100.000000,1,1,0.112618,1.200000,0.800000,monitor,15,7fff,1,1,85065728,84705280,-360448,36563669401600,36563670032384,630784,36563669401600,36563670032384,630784,-1,-1,-1
2001,5,500,4,16,16,390438.917174,390438.944178,0.027004,0x40533c,1,417,292,125,40,100.000000,1,1,0.112618,1.200000,0.800000,monitor,15,7fff,1,1,85065728,84705280,-360448,36563669401600,36563670032384,630784,36563669401600,36563670032384,630784,-1,-1,-1
2001,5,500,5,16,16,390438.910178,390438.937766,0.027588,0x40533c,1,420,278,142,42,100.000000,1,1,0.112618,1.200000,0.800000,monitor,15,7fff,1,1,85065728,84705280,-360448,36563669401600,36563670032384,630784,36563669401600,36563670032384,630784,-1,-1,-1
2001,5,500,6,16,16,390438.970381,390438.999427,0.029046,0x40533c,1,1456,615,841,44,100.000000,1,1,0.112618,1.200000,0.800000,monitor,15,7fff,1,1,85065728,84705280,-360448,36563669401600,36563670032384,630784,36563669401600,36563670032384,630784,-1,-1,-1
2001,5,500,7,16,16,390438.942963,390438.971427,0.028464,0x40533c,1,637,448,189,14,100.000000,1,1,0.112618,1.200000,0.800000,monitor,15,7fff,1,1,85065728,84705280,-360448,36563669401600,36563670032384,630784,36563669401600,36563670032384,630784,-1,-1,-1
2001,5,500,8,16,16,390438.932121,390438.958864,0.026743,0x40533c,1,454,277,177,48,100.000000,1,1,0.112618,1.200000,0.800000,monitor,15,7fff,1,1,85065728,84705280,-360448,36563669401600,36563670032384,630784,36563669401600,36563670032384,630784,-1,-1,-1
2001,5,500,9,16,16,390438.939540,390438.977687,0.038147,0x40533c,1,447,195,252,50,100.000000,1,1,0.112618,1.200000,0.800000,monitor,15,7fff,1,1,85065728,84705280,-360448,36563669401600,36563670032384,630784,36563669401600,36563670032384,630784,-1,-1,-1
2001,5,500,10,16,16,390438.964021,390438.993086,0.029065,0x40533c,1,1949,694,1255,52,100.000000,1,1,0.112618,1.200000,0.800000,monitor,15,7fff,1,1,85065728,84705280,-360448,36563669401600,36563670032384,630784,36563669401600,36563670032384,630784,-1,-1,-1
2001,5,500,11,16,16,390438.979574,390439.006607,0.027033,0x40533c,1,497,243,254,54,100.000000,1,1,0.112618,1.200000,0.800000,monitor,15,7fff,1,1,85065728,84705280,-360448,36563669401600,36563670032384,630784,36563669401600,36563670032384,630784,-1,-1,-1
2001,5,500,12,16,16,390438.937626,390438.957840,0.020214,0x40533c,1,48,6,42,56,100.000000,1,1,0.112618,1.200000,0.800000,monitor,15,7fff,1,1,85065728,84705280,-360448,36563669401600,36563670032384,630784,36563669401600,36563670032384,630784,-1,-1,-1
2001,5,500,13,16,16,390438.988306,390439.008189,0.019883,0x40533c,1,44,7,37,58,100.000000,1,1,0.112618,1.200000,0.800000,monitor,15,7fff,1,1,85065728,84705280,-360448,36563669401600,36563670032384,630784,36563669401600,36563670032384,630784,-1,-1,-1
2001,5,500,14,16,16,390438.927693,390438.947886,0.020193,0x40533c,1,162,106,56,60,100.000000,1,1,0.112618,1.200000,0.800000,monitor,15,7fff,1,1,85065728,84705280,-360448,36563669401600,36563670032384,630784,36563669401600,36563670032384,630784,-1,-1,-1
2001,5,500,15,16,16,390438.902758,390438.923294,0.020536,0x40533c,1,115,7,108,30,100.000000,1,1,0.112618,1.200000,0.800000,monitor,15,7fff,1,1,85065728,84705280,-360448,36563669401600,36563670032384,630784,36563669401600,36563670032384,630784,-1,-1,-1
2398,2,600,0,16,16,464353.455303,465045.817110,265.413302,0x4051ce,1,26203653,19575816,6627837,32,100.000000,1,1,701.606168,1.200000,0.800000,monitor,15,7fff,1,1,86056960,84344832,-1712128,43623173332992,43692939034624,69765701632,43623173332992,43692939034624,69765701632,-1,-1,-1
2398,2,600,1,16,16,464353.091784,465045.623970,295.201540,0x4051ce,1,27090073,25427518,1662555,34,100.000000,1,1,701.606168,1.200000,0.800000,monitor,15,7fff,1,1,86056960,84344832,-1712128,43623173332992,43692939034624,69765701632,43623173332992,43692939034624,69765701632,-1,-1,-1
2398,2,600,2,16,16,464353.083835,465045.558354,300.800169,0x4051ce,1,27037386,26176887,860499,36,100.000000,1,1,701.606168,1.200000,0.800000,monitor,15,7fff,1,1,86056960,84344832,-1712128,43623173332992,43692939034624,69765701632,43623173332992,43692939034624,69765701632,-1,-1,-1
2398,2,600,3,16,16,464353.073952,465045.550556,294.648693,0x4051ce,1,26940929,25793002,1147927,38,100.000000,1,1,701.606168,1.200000,0.800000,monitor,15,7fff,1,1,86056960,84344832,-1712128,43623173332992,43692939034624,69765701632,43623173332992,43692939034624,69765701632,-1,-1,-1
2398,2,600,4,16,16,464353.095786,465054.678929,697.420398,0x4051ce,1,92712352,71382340,21330012,40,100.000000,1,1,701.606168,1.200000,0.800000,monitor,15,7fff,1,1,86056960,84344832,-1712128,43623173332992,43692939034624,69765701632,43623173332992,43692939034624,69765701632,-1,-1,-1
2398,2,600,5,16,16,464353.469812,465054.653015,698.493714,0x4051ce,1,92747522,71367454,21380068,42,100.000000,1,1,701.606168,1.200000,0.800000,monitor,15,7fff,1,1,86056960,84344832,-1712128,43623173332992,43692939034624,69765701632,43623173332992,43692939034624,69765701632,-1,-1,-1
2398,2,600,6,16,16,464353.075468,465054.146757,671.199330,0x4051ce,1,87677365,68244358,19433007,44,100.000000,1,1,701.606168,1.200000,0.800000,monitor,15,7fff,1,1,86056960,84344832,-1712128,43623173332992,43692939034624,69765701632,43623173332992,43692939034624,69765701632,-1,-1,-1
2398,2,600,7,16,16,464353.084519,465054.598615,698.870127,0x4051ce,1,92729757,71367963,21361794,46,100.000000,1,1,701.606168,1.200000,0.800000,monitor,15,7fff,1,1,86056960,84344832,-1712128,43623173332992,43692939034624,69765701632,43623173332992,43692939034624,69765701632,-1,-1,-1
2398,2,600,8,16,16,464353.088379,465054.570370,695.294655,0x4051ce,1,92739756,71388186,21351570,48,100.000000,1,1,701.606168,1.200000,0.800000,monitor,15,7fff,1,1,86056960,84344832,-1712128,43623173332992,43692939034624,69765701632,43623173332992,43692939034624,69765701632,-1,-1,-1
2398,2,600,9,16,16,464353.335091,465054.249042,672.775548,0x4051ce,1,87672495,68273592,19398903,50,100.000000,1,1,701.606168,1.200000,0.800000,monitor,15,7fff,1,1,86056960,84344832,-1712128,43623173332992,43692939034624,69765701632,43623173332992,43692939034624,69765701632,-1,-1,-1
2398,2,600,10,16,16,464353.463920,465054.617442,696.254682,0x4051ce,1,92801387,71510069,21291318,52,100.000000,1,1,701.606168,1.200000,0.800000,monitor,15,7fff,1,1,86056960,84344832,-1712128,43623173332992,43692939034624,69765701632,43623173332992,43692939034624,69765701632,-1,-1,-1
2398,2,600,11,16,16,464353.079458,465054.461003,694.467651,0x4051ce,1,92656068,71612809,21043259,54,100.000000,1,1,701.606168,1.200000,0.800000,monitor,15,7fff,1,1,86056960,84344832,-1712128,43623173332992,43692939034624,69765701632,43623173332992,43692939034624,69765701632,-1,-1,-1
2398,2,600,12,16,16,464353.072761,465045.480952,295.931567,0x4051ce,1,26954415,26288902,665513,56,100.000000,1,1,701.606168,1.200000,0.800000,monitor,15,7fff,1,1,86056960,84344832,-1712128,43623173332992,43692939034624,69765701632,43623173332992,43692939034624,69765701632,-1,-1,-1
2398,2,600,13,16,16,464353.076003,465045.626654,300.035041,0x4051ce,1,26997581,26468314,529267,58,100.000000,1,1,701.606168,1.200000,0.800000,monitor,15,7fff,1,1,86056960,84344832,-1712128,43623173332992,43692939034624,69765701632,43623173332992,43692939034624,69765701632,-1,-1,-1
2398,2,600,14,16,16,464353.339705,465045.601142,300.514057,0x4051ce,1,26963051,26446450,516601,60,100.000000,1,1,701.606168,1.200000,0.800000,monitor,15,7fff,1,1,86056960,84344832,-1712128,43623173332992,43692939034624,69765701632,43623173332992,43692939034624,69765701632,-1,-1,-1
2398,2,600,15,16,16,464353.099968,465045.573125,294.605507,0x4051ce,1,26323028,25832184,490844,62,100.000000,1,1,701.606168,1.200000,0.800000,monitor,15,7fff,1,1,86056960,84344832,-1712128,43623173332992,43692939034624,69765701632,43623173332992,43692939034624,69765701632,-1,-1,-1
2399,3,600,0,16,16,465056.441233,465056.615183,0.173950,0x405218,1,8481,5992,2489,32,100.000000,1,1,1.742751,1.200000,0.800000,monitor,15,7fff,1,1,85696512,84074496,-1622016,43692945432576,43692953452544,8019968,43692945432576,43692953452544,8019968,-1,-1,-1
2399,3,600,1,16,16,465056.309507,465056.459662,0.150155,0x405218,1,9136,4805,4331,34,100.000000,1,1,1.742751,1.200000,0.800000,monitor,15,7fff,1,1,85696512,84074496,-1622016,43692945432576,43692953452544,8019968,43692945432576,43692953452544,8019968,-1,-1,-1
2399,3,600,2,16,16,465055.269167,465055.412337,0.143170,0x405218,1,9228,4438,4790,36,100.000000,1,1,1.742751,1.200000,0.800000,monitor,15,7fff,1,1,85696512,84074496,-1622016,43692945432576,43692953452544,8019968,43692945432576,43692953452544,8019968,-1,-1,-1
2399,3,600,3,16,16,465055.642594,465055.797312,0.154718,0x405218,1,9018,2964,6054,38,100.000000,1,1,1.742751,1.200000,0.800000,monitor,15,7fff,1,1,85696512,84074496,-1622016,43692945432576,43692953452544,8019968,43692945432576,43692953452544,8019968,-1,-1,-1
2399,3,600,4,16,16,465055.290757,465055.646769,0.356012,0x405218,1,18733,15842,2891,40,100.000000,1,1,1.742751,1.200000,0.800000,monitor,15,7fff,1,1,85696512,84074496,-1622016,43692945432576,43692953452544,8019968,43692945432576,43692953452544,8019968,-1,-1,-1
2399,3,600,5,16,16,465055.780699,465056.140149,0.359450,0x405218,1,19818,15482,4336,42,100.000000,1,1,1.742751,1.200000,0.800000,monitor,15,7fff,1,1,85696512,84074496,-1622016,43692945432576,43692953452544,8019968,43692945432576,43692953452544,8019968,-1,-1,-1
2399,3,600,6,16,16,465055.502865,465055.852504,0.349639,0x405218,1,18030,15307,2723,44,100.000000,1,1,1.742751,1.200000,0.800000,monitor,15,7fff,1,1,85696512,84074496,-1622016,43692945432576,43692953452544,8019968,43692945432576,43692953452544,8019968,-1,-1,-1
2399,3,600,7,16,16,465055.488628,465055.855222,0.366594,0x405218,1,18471,15323,3148,46,100.000000,1,1,1.742751,1.200000,0.800000,monitor,15,7fff,1,1,85696512,84074496,-1622016,43692945432576,43692953452544,8019968,43692945432576,43692953452544,8019968,-1,-1,-1
2399,3,600,8,16,16,465055.389481,465055.755864,0.366383,0x405218,1,19953,16363,3590,48,100.000000,1,1,1.742751,1.200000,0.800000,monitor,15,7fff,1,1,85696512,84074496,-1622016,43692945432576,43692953452544,8019968,43692945432576,43692953452544,8019968,-1,-1,-1
2399,3,600,9,16,16,465055.991194,465056.340625,0.349431,0x405218,1,19023,15542,3481,50,100.000000,1,1,1.742751,1.200000,0.800000,monitor,15,7fff,1,1,85696512,84074496,-1622016,43692945432576,43692953452544,8019968,43692945432576,43692953452544,8019968,-1,-1,-1
2399,3,600,10,16,16,465055.282879,465055.636620,0.353741,0x405218,1,19673,15849,3824,52,100.000000,1,1,1.742751,1.200000,0.800000,monitor,15,7fff,1,1,85696512,84074496,-1622016,43692945432576,43692953452544,8019968,43692945432576,43692953452544,8019968,-1,-1,-1
2399,3,600,11,16,16,465054.984380,465055.385550,0.401170,0x405218,1,18537,14031,4506,54,100.000000,1,1,1.742751,1.200000,0.800000,monitor,15,7fff,1,1,85696512,84074496,-1622016,43692945432576,43692953452544,8019968,43692945432576,43692953452544,8019968,-1,-1,-1
2399,3,600,12,16,16,465055.479466,465055.625769,0.146303,0x405218,1,9044,4142,4902,56,100.000000,1,1,1.742751,1.200000,0.800000,monitor,15,7fff,1,1,85696512,84074496,-1622016,43692945432576,43692953452544,8019968,43692945432576,43692953452544,8019968,-1,-1,-1
2399,3,600,13,16,16,465056.170873,465056.310276,0.139403,0x405218,1,9057,3868,5189,58,100.000000,1,1,1.742751,1.200000,0.800000,monitor,15,7fff,1,1,85696512,84074496,-1622016,43692945432576,43692953452544,8019968,43692945432576,43692953452544,8019968,-1,-1,-1
2399,3,600,14,16,16,465056.574041,465056.718250,0.144209,0x405218,1,9104,3566,5538,60,100.000000,1,1,1.742751,1.200000,0.800000,monitor,15,7fff,1,1,85696512,84074496,-1622016,43692945432576,43692953452544,8019968,43692945432576,43692953452544,8019968,-1,-1,-1
2399,3,600,15,16,16,465054.975499,465055.100364,0.124865,0x405218,1,4764,4329,435,62,100.000000,1,1,1.742751,1.200000,0.800000,monitor,15,7fff,1,1,85696512,84074496,-1622016,43692945432576,43692953452544,8019968,43692945432576,43692953452544,8019968,-1,-1,-1
2400,4,600,0,16,16,465057.078990,465057.109990,0.031000,0x4052e4,1,2445,1727,718,32,100.000000,1,1,0.321068,1.200000,0.800000,monitor,15,7fff,1,1,84164608,83714048,-450560,43692956336128,43692959219712,2883584,43692956696576,43692959219712,2523136,-1,-1,-1
2400,4,600,1,16,16,465057.135179,465057.158414,0.023235,0x4052e4,1,1095,603,492,34,100.000000,1,1,0.321068,1.200000,0.800000,monitor,15,7fff,1,1,84164608,83714048,-450560,43692956336128,43692959219712,2883584,43692956696576,43692959219712,2523136,-1,-1,-1
2400,4,600,2,16,16,465057.151962,465057.175962,0.024000,0x4052e4,1,1121,595,526,36,100.000000,1,1,0.321068,1.200000,0.800000,monitor,15,7fff,1,1,84164608,83714048,-450560,43692956336128,43692959219712,2883584,43692956696576,43692959219712,2523136,-1,-1,-1
2400,4,600,3,16,16,465057.128344,465057.149999,0.021655,0x4052e4,1,581,172,409,38,100.000000,1,1,0.321068,1.200000,0.800000,monitor,15,7fff,1,1,84164608,83714048,-450560,43692956336128,43692959219712,2883584,43692956696576,43692959219712,2523136,-1,-1,-1
2400,4,600,4,16,16,465057.055487,465057.086582,0.031095,0x4052e4,1,2668,128,2540,40,100.000000,1,1,0.321068,1.200000,0.800000,monitor,15,7fff,1,1,84164608,83714048,-450560,43692956336128,43692959219712,2883584,43692956696576,43692959219712,2523136,-1,-1,-1
2400,4,600,5,16,16,465057.103103,465057.128186,0.025083,0x4052e4,1,376,296,80,42,100.000000,1,1,0.321068,1.200000,0.800000,monitor,15,7fff,1,1,84164608,83714048,-450560,43692956336128,43692959219712,2883584,43692956696576,43692959219712,2523136,-1,-1,-1
2400,4,600,6,16,16,465057.071414,465057.102003,0.030589,0x4052e4,1,2666,141,2525,44,100.000000,1,1,0.321068,1.200000,0.800000,monitor,15,7fff,1,1,84164608,83714048,-450560,43692956336128,43692959219712,2883584,43692956696576,43692959219712,2523136,-1,-1,-1
2400,4,600,7,16,16,465057.311255,465057.340264,0.029009,0x4052e4,1,3196,461,2735,46,100.000000,1,1,0.321068,1.200000,0.800000,monitor,15,7fff,1,1,84164608,83714048,-450560,43692956336128,43692959219712,2883584,43692956696576,43692959219712,2523136,-1,-1,-1
2400,4,600,8,16,16,465057.029788,465057.057286,0.027498,0x4052e4,1,695,504,191,48,100.000000,1,1,0.321068,1.200000,0.800000,monitor,15,7fff,1,1,84164608,83714048,-450560,43692956336128,43692959219712,2883584,43692956696576,43692959219712,2523136,-1,-1,-1
2400,4,600,9,16,16,465057.120783,465057.146357,0.025574,0x4052e4,1,587,403,184,50,100.000000,1,1,0.321068,1.200000,0.800000,monitor,15,7fff,1,1,84164608,83714048,-450560,43692956336128,43692959219712,2883584,43692956696576,43692959219712,2523136,-1,-1,-1
2400,4,600,10,16,16,465057.094939,465057.120725,0.025786,0x4052e4,1,723,516,207,52,100.000000,1,1,0.321068,1.200000,0.800000,monitor,15,7fff,1,1,84164608,83714048,-450560,43692956336128,43692959219712,2883584,43692956696576,43692959219712,2523136,-1,-1,-1
2400,4,600,11,16,16,465057.294460,465057.322471,0.028011,0x4052e4,1,3219,696,2523,54,100.000000,1,1,0.321068,1.200000,0.800000,monitor,15,7fff,1,1,84164608,83714048,-450560,43692956336128,43692959219712,2883584,43692956696576,43692959219712,2523136,-1,-1,-1
2400,4,600,12,16,16,465057.024823,465057.048162,0.023339,0x4052e4,1,849,256,593,56,100.000000,1,1,0.321068,1.200000,0.800000,monitor,15,7fff,1,1,84164608,83714048,-450560,43692956336128,43692959219712,2883584,43692956696576,43692959219712,2523136,-1,-1,-1
2400,4,600,13,16,16,465057.111223,465057.134283,0.023060,0x4052e4,1,720,394,326,58,100.000000,1,1,0.321068,1.200000,0.800000,monitor,15,7fff,1,1,84164608,83714048,-450560,43692956336128,43692959219712,2883584,43692956696576,43692959219712,2523136,-1,-1,-1
2400,4,600,14,16,16,465057.087010,465057.109878,0.022868,0x4052e4,1,679,274,405,60,100.000000,1,1,0.321068,1.200000,0.800000,monitor,15,7fff,1,1,84164608,83714048,-450560,43692956336128,43692959219712,2883584,43692956696576,43692959219712,2523136,-1,-1,-1
2400,4,600,15,16,16,465057.019196,465057.039906,0.020710,0x4052e4,1,96,72,24,62,100.000000,1,1,0.321068,1.200000,0.800000,monitor,15,7fff,1,1,84164608,83714048,-450560,43692956336128,43692959219712,2883584,43692956696576,43692959219712,2523136,-1,-1,-1
2401,5,600,0,16,16,465057.729935,465057.753947,0.024012,0x40533c,1,21,0,21,32,100.000000,1,1,0.537010,1.200000,0.800000,monitor,15,7fff,1,1,83894272,83443712,-450560,43692959309824,43692959490048,180224,43692959309824,43692959490048,180224,-1,-1,-1
2401,5,600,1,16,16,465057.741605,465057.765285,0.023680,0x40533c,1,46,2,44,34,100.000000,1,1,0.537010,1.200000,0.800000,monitor,15,7fff,1,1,83894272,83443712,-450560,43692959309824,43692959490048,180224,43692959309824,43692959490048,180224,-1,-1,-1
2401,5,600,2,16,16,465057.756519,465057.776915,0.020396,0x40533c,1,30,1,29,36,100.000000,1,1,0.537010,1.200000,0.800000,monitor,15,7fff,1,1,83894272,83443712,-450560,43692959309824,43692959490048,180224,43692959309824,43692959490048,180224,-1,-1,-1
2401,5,600,3,16,16,465057.481119,465057.501200,0.020081,0x40533c,1,61,8,53,38,100.000000,1,1,0.537010,1.200000,0.800000,monitor,15,7fff,1,1,83894272,83443712,-450560,43692959309824,43692959490048,180224,43692959309824,43692959490048,180224,-1,-1,-1
2401,5,600,4,16,16,465057.730649,465057.769580,0.038931,0x40533c,1,2597,372,2225,40,100.000000,1,1,0.537010,1.200000,0.800000,monitor,15,7fff,1,1,83894272,83443712,-450560,43692959309824,43692959490048,180224,43692959309824,43692959490048,180224,-1,-1,-1
2401,5,600,5,16,16,465057.735675,465057.767314,0.031639,0x40533c,1,486,260,226,42,100.000000,1,1,0.537010,1.200000,0.800000,monitor,15,7fff,1,1,83894272,83443712,-450560,43692959309824,43692959490048,180224,43692959309824,43692959490048,180224,-1,-1,-1
2401,5,600,6,16,16,465057.957220,465057.991065,0.033845,0x40533c,1,2874,636,2238,44,100.000000,1,1,0.537010,1.200000,0.800000,monitor,15,7fff,1,1,83894272,83443712,-450560,43692959309824,43692959490048,180224,43692959309824,43692959490048,180224,-1,-1,-1
2401,5,600,7,16,16,465057.462699,465057.491807,0.029108,0x40533c,1,1272,409,863,46,100.000000,1,1,0.537010,1.200000,0.800000,monitor,15,7fff,1,1,83894272,83443712,-450560,43692959309824,43692959490048,180224,43692959309824,43692959490048,180224,-1,-1,-1
2401,5,600,8,16,16,465057.488918,465057.517165,0.028247,0x40533c,1,467,197,270,48,100.000000,1,1,0.537010,1.200000,0.800000,monitor,15,7fff,1,1,83894272,83443712,-450560,43692959309824,43692959490048,180224,43692959309824,43692959490048,180224,-1,-1,-1
2401,5,600,9,16,16,465057.458047,465057.486520,0.028473,0x40533c,1,506,203,303,50,100.000000,1,1,0.537010,1.200000,0.800000,monitor,15,7fff,1,1,83894272,83443712,-450560,43692959309824,43692959490048,180224,43692959309824,43692959490048,180224,-1,-1,-1
2401,5,600,10,16,16,465057.496057,465057.523732,0.027675,0x40533c,1,524,233,291,52,100.000000,1,1,0.537010,1.200000,0.800000,monitor,15,7fff,1,1,83894272,83443712,-450560,43692959309824,43692959490048,180224,43692959309824,43692959490048,180224,-1,-1,-1
2401,5,600,11,16,16,465057.467525,465057.496219,0.028694,0x40533c,1,1354,495,859,54,100.000000,1,1,0.537010,1.200000,0.800000,monitor,15,7fff,1,1,83894272,83443712,-450560,43692959309824,43692959490048,180224,43692959309824,43692959490048,180224,-1,-1,-1
2401,5,600,12,16,16,465057.471289,465057.491706,0.020417,0x40533c,1,42,1,41,56,100.000000,1,1,0.537010,1.200000,0.800000,monitor,15,7fff,1,1,83894272,83443712,-450560,43692959309824,43692959490048,180224,43692959309824,43692959490048,180224,-1,-1,-1
2401,5,600,13,16,16,465057.475887,465057.496149,0.020262,0x40533c,1,70,8,62,58,100.000000,1,1,0.537010,1.200000,0.800000,monitor,15,7fff,1,1,83894272,83443712,-450560,43692959309824,43692959490048,180224,43692959309824,43692959490048,180224,-1,-1,-1
2401,5,600,14,16,16,465057.747849,465057.771647,0.023798,0x40533c,1,39,4,35,60,100.000000,1,1,0.537010,1.200000,0.800000,monitor,15,7fff,1,1,83894272,83443712,-450560,43692959309824,43692959490048,180224,43692959309824,43692959490048,180224,-1,-1,-1
2401,5,600,15,16,16,465057.454055,465057.474279,0.020224,0x40533c,1,54,4,50,62,100.000000,1,1,0.537010,1.200000,0.800000,monitor,15,7fff,1,1,83894272,83443712,-450560,43692959309824,43692959490048,180224,43692959309824,43692959490048,180224,-1,-1,-1
2798,2,700,0,16,16,534588.118952,535287.372818,263.604586,0x4051ce,1,26206711,19555130,6651581,32,100.000000,1,1,707.628130,1.200000,0.800000,monitor,15,7fff,1,1,84254720,83894272,-360448,50440872435712,50507825741824,66953306112,50440872435712,50507825741824,66953306112,-1,-1,-1
2798,2,700,1,16,16,534588.110253,535287.218119,293.689478,0x4051ce,1,27099514,25458198,1641316,34,100.000000,1,1,707.628130,1.200000,0.800000,monitor,15,7fff,1,1,84254720,83894272,-360448,50440872435712,50507825741824,66953306112,50440872435712,50507825741824,66953306112,-1,-1,-1
2798,2,700,2,16,16,534588.105927,535287.149763,298.368590,0x4051ce,1,27030707,26181520,849187,36,100.000000,1,1,707.628130,1.200000,0.800000,monitor,15,7fff,1,1,84254720,83894272,-360448,50440872435712,50507825741824,66953306112,50440872435712,50507825741824,66953306112,-1,-1,-1
2798,2,700,3,16,16,534588.044111,535287.114118,292.545051,0x4051ce,1,26949729,25725396,1224333,38,100.000000,1,1,707.628130,1.200000,0.800000,monitor,15,7fff,1,1,84254720,83894272,-360448,50440872435712,50507825741824,66953306112,50440872435712,50507825741824,66953306112,-1,-1,-1
2798,2,700,4,16,16,534587.824058,535295.446696,706.403356,0x4051ce,1,86617491,66458356,20159135,40,100.000000,1,1,707.628130,1.200000,0.800000,monitor,15,7fff,1,1,84254720,83894272,-360448,50440872435712,50507825741824,66953306112,50440872435712,50507825741824,66953306112,-1,-1,-1
2798,2,700,5,16,16,534588.266417,535295.402992,667.402125,0x4051ce,1,87363890,67329690,20034200,42,100.000000,1,1,707.628130,1.200000,0.800000,monitor,15,7fff,1,1,84254720,83894272,-360448,50440872435712,50507825741824,66953306112,50440872435712,50507825741824,66953306112,-1,-1,-1
2798,2,700,6,16,16,534588.098274,535294.988502,645.120739,0x4051ce,1,82581331,65018029,17563302,44,100.000000,1,1,707.628130,1.200000,0.800000,monitor,15,7fff,1,1,84254720,83894272,-360448,50440872435712,50507825741824,66953306112,50440872435712,50507825741824,66953306112,-1,-1,-1
2798,2,700,7,16,16,534588.059486,535295.341642,671.776086,0x4051ce,1,87352243,67946125,19406118,14,100.000000,1,1,707.628130,1.200000,0.800000,monitor,15,7fff,1,1,84254720,83894272,-360448,50440872435712,50507825741824,66953306112,50440872435712,50507825741824,66953306112,-1,-1,-1
2798,2,700,8,16,16,534588.051734,535295.323058,666.526299,0x4051ce,1,87368126,68080210,19287916,48,100.000000,1,1,707.628130,1.200000,0.800000,monitor,15,7fff,1,1,84254720,83894272,-360448,50440872435712,50507825741824,66953306112,50440872435712,50507825741824,66953306112,-1,-1,-1
2798,2,700,9,16,16,534588.082217,535295.044210,644.419492,0x4051ce,1,82591899,65087656,17504243,50,100.000000,1,1,707.628130,1.200000,0.800000,monitor,15,7fff,1,1,84254720,83894272,-360448,50440872435712,50507825741824,66953306112,50440872435712,50507825741824,66953306112,-1,-1,-1
2798,2,700,10,16,16,534588.089903,535295.418717,667.891208,0x4051ce,1,87388219,68163399,19224820,52,100.000000,1,1,707.628130,1.200000,0.800000,monitor,15,7fff,1,1,84254720,83894272,-360448,50440872435712,50507825741824,66953306112,50440872435712,50507825741824,66953306112,-1,-1,-1
2798,2,700,11,16,16,534588.134272,535295.280371,666.595680,0x4051ce,1,87284945,68036215,19248730,54,100.000000,1,1,707.628130,1.200000,0.800000,monitor,15,7fff,1,1,84254720,83894272,-360448,50440872435712,50507825741824,66953306112,50440872435712,50507825741824,66953306112,-1,-1,-1
2798,2,700,12,16,16,534587.818566,535287.078224,294.187417,0x4051ce,1,26960579,26319667,640912,56,100.000000,1,1,707.628130,1.200000,0.800000,monitor,15,7fff,1,1,84254720,83894272,-360448,50440872435712,50507825741824,66953306112,50440872435712,50507825741824,66953306112,-1,-1,-1
2798,2,700,13,16,16,534588.065575,535287.186049,298.034041,0x4051ce,1,27004403,26463009,541394,58,100.000000,1,1,707.628130,1.200000,0.800000,monitor,15,7fff,1,1,84254720,83894272,-360448,50440872435712,50507825741824,66953306112,50440872435712,50507825741824,66953306112,-1,-1,-1
2798,2,700,14,16,16,534588.126203,535287.187282,298.235843,0x4051ce,1,26957534,26421642,535892,60,100.000000,1,1,707.628130,1.200000,0.800000,monitor,15,7fff,1,1,84254720,83894272,-360448,50440872435712,50507825741824,66953306112,50440872435712,50507825741824,66953306112,-1,-1,-1
2798,2,700,15,16,16,534588.074406,535287.108488,293.282656,0x4051ce,1,26363448,25834092,529356,62,100.000000,1,1,707.628130,1.200000,0.800000,monitor,15,7fff,1,1,84254720,83894272,-360448,50440872435712,50507825741824,66953306112,50440872435712,50507825741824,66953306112,-1,-1,-1
2799,3,700,0,16,16,535297.229726,535297.595001,0.365275,0x405218,1,7535,5729,1806,32,100.000000,1,1,1.839791,1.200000,0.800000,monitor,15,7fff,1,1,86327296,84074496,-2252800,50507834212352,50507842232320,8019968,50507834212352,50507842232320,8019968,-1,-1,-1
2799,3,700,1,16,16,535296.924698,535297.078506,0.153808,0x405218,1,9111,4873,4238,34,100.000000,1,1,1.839791,1.200000,0.800000,monitor,15,7fff,1,1,86327296,84074496,-2252800,50507834212352,50507842232320,8019968,50507834212352,50507842232320,8019968,-1,-1,-1
2799,3,700,2,16,16,535296.143574,535296.292428,0.148854,0x405218,1,8970,3983,4987,36,100.000000,1,1,1.839791,1.200000,0.800000,monitor,15,7fff,1,1,86327296,84074496,-2252800,50507834212352,50507842232320,8019968,50507834212352,50507842232320,8019968,-1,-1,-1
2799,3,700,3,16,16,535296.651988,535296.801562,0.149574,0x405218,1,9076,4133,4943,38,100.000000,1,1,1.839791,1.200000,0.800000,monitor,15,7fff,1,1,86327296,84074496,-2252800,50507834212352,50507842232320,8019968,50507834212352,50507842232320,8019968,-1,-1,-1
2799,3,700,4,16,16,535297.055402,535297.389666,0.334264,0x405218,1,19038,12229,6809,40,100.000000,1,1,1.839791,1.200000,0.800000,monitor,15,7fff,1,1,86327296,84074496,-2252800,50507834212352,50507842232320,8019968,50507834212352,50507842232320,8019968,-1,-1,-1
2799,3,700,5,16,16,535296.529255,535296.879305,0.350050,0x405218,1,18972,15410,3562,42,100.000000,1,1,1.839791,1.200000,0.800000,monitor,15,7fff,1,1,86327296,84074496,-2252800,50507834212352,50507842232320,8019968,50507834212352,50507842232320,8019968,-1,-1,-1
2799,3,700,6,16,16,535297.187780,535297.531054,0.343274,0x405218,1,18333,14720,3613,44,100.000000,1,1,1.839791,1.200000,0.800000,monitor,15,7fff,1,1,86327296,84074496,-2252800,50507834212352,50507842232320,8019968,50507834212352,50507842232320,8019968,-1,-1,-1
2799,3,700,7,16,16,535296.268966,535296.602641,0.333675,0x405218,1,18967,14105,4862,14,100.000000,1,1,1.839791,1.200000,0.800000,monitor,15,7fff,1,1,86327296,84074496,-2252800,50507834212352,50507842232320,8019968,50507834212352,50507842232320,8019968,-1,-1,-1
2799,3,700,8,16,16,535296.186626,535296.523404,0.336778,0x405218,1,19073,15493,3580,48,100.000000,1,1,1.839791,1.200000,0.800000,monitor,15,7fff,1,1,86327296,84074496,-2252800,50507834212352,50507842232320,8019968,50507834212352,50507842232320,8019968,-1,-1,-1
2799,3,700,9,16,16,535296.791655,535297.119174,0.327519,0x405218,1,18325,14766,3559,50,100.000000,1,1,1.839791,1.200000,0.800000,monitor,15,7fff,1,1,86327296,84074496,-2252800,50507834212352,50507842232320,8019968,50507834212352,50507842232320,8019968,-1,-1,-1
2799,3,700,10,16,16,535297.239793,535297.577716,0.337923,0x405218,1,18985,13500,5485,52,100.000000,1,1,1.839791,1.200000,0.800000,monitor,15,7fff,1,1,86327296,84074496,-2252800,50507834212352,50507842232320,8019968,50507834212352,50507842232320,8019968,-1,-1,-1
2799,3,700,11,16,16,535296.385343,535296.716323,0.330980,0x405218,1,19031,14491,4540,54,100.000000,1,1,1.839791,1.200000,0.800000,monitor,15,7fff,1,1,86327296,84074496,-2252800,50507834212352,50507842232320,8019968,50507834212352,50507842232320,8019968,-1,-1,-1
2799,3,700,12,16,16,535295.966943,535296.110981,0.144038,0x405218,1,9085,5055,4030,56,100.000000,1,1,1.839791,1.200000,0.800000,monitor,15,7fff,1,1,86327296,84074496,-2252800,50507834212352,50507842232320,8019968,50507834212352,50507842232320,8019968,-1,-1,-1
2799,3,700,13,16,16,535296.067905,535296.216086,0.148181,0x405218,1,9135,4286,4849,58,100.000000,1,1,1.839791,1.200000,0.800000,monitor,15,7fff,1,1,86327296,84074496,-2252800,50507834212352,50507842232320,8019968,50507834212352,50507842232320,8019968,-1,-1,-1
2799,3,700,14,16,16,535295.960046,535296.105179,0.145133,0x405218,1,9204,4482,4722,60,100.000000,1,1,1.839791,1.200000,0.800000,monitor,15,7fff,1,1,86327296,84074496,-2252800,50507834212352,50507842232320,8019968,50507834212352,50507842232320,8019968,-1,-1,-1
2799,3,700,15,16,16,535295.755210,535295.881191,0.125981,0x405218,1,4631,4257,374,62,100.000000,1,1,1.839791,1.200000,0.800000,monitor,15,7fff,1,1,86327296,84074496,-2252800,50507834212352,50507842232320,8019968,50507834212352,50507842232320,8019968,-1,-1,-1
2800,4,700,0,16,16,535298.073954,535298.103462,0.029508,0x4052e4,1,2084,1480,604,32,100.000000,1,1,0.122558,1.200000,0.800000,monitor,15,7fff,1,1,84795392,84615168,-180224,50507844214784,50507844755456,540672,50507844214784,50507844755456,540672,-1,-1,-1
2800,4,700,1,16,16,535298.005452,535298.026978,0.021526,0x4052e4,1,1064,539,525,34,100.000000,1,1,0.122558,1.200000,0.800000,monitor,15,7fff,1,1,84795392,84615168,-180224,50507844214784,50507844755456,540672,50507844214784,50507844755456,540672,-1,-1,-1
2800,4,700,2,16,16,535298.084196,535298.104230,0.020034,0x4052e4,1,765,184,581,36,100.000000,1,1,0.122558,1.200000,0.800000,monitor,15,7fff,1,1,84795392,84615168,-180224,50507844214784,50507844755456,540672,50507844214784,50507844755456,540672,-1,-1,-1
2800,4,700,3,16,16,535297.981672,535298.002352,0.020680,0x4052e4,1,526,287,239,38,100.000000,1,1,0.122558,1.200000,0.800000,monitor,15,7fff,1,1,84795392,84615168,-180224,50507844214784,50507844755456,540672,50507844214784,50507844755456,540672,-1,-1,-1
2800,4,700,4,16,16,535297.989568,535298.013134,0.023566,0x4052e4,1,456,307,149,40,100.000000,1,1,0.122558,1.200000,0.800000,monitor,15,7fff,1,1,84795392,84615168,-180224,50507844214784,50507844755456,540672,50507844214784,50507844755456,540672,-1,-1,-1
2800,4,700,5,16,16,535298.060733,535298.084373,0.023640,0x4052e4,1,508,340,168,42,100.000000,1,1,0.122558,1.200000,0.800000,monitor,15,7fff,1,1,84795392,84615168,-180224,50507844214784,50507844755456,540672,50507844214784,50507844755456,540672,-1,-1,-1
2800,4,700,6,16,16,535298.036863,535298.061438,0.024575,0x4052e4,1,770,487,283,44,100.000000,1,1,0.122558,1.200000,0.800000,monitor,15,7fff,1,1,84795392,84615168,-180224,50507844214784,50507844755456,540672,50507844214784,50507844755456,540672,-1,-1,-1
2800,4,700,7,16,16,535298.013330,535298.038618,0.025288,0x4052e4,1,728,516,212,14,100.000000,1,1,0.122558,1.200000,0.800000,monitor,15,7fff,1,1,84795392,84615168,-180224,50507844214784,50507844755456,540672,50507844214784,50507844755456,540672,-1,-1,-1
2800,4,700,8,16,16,535297.995929,535298.021283,0.025354,0x4052e4,1,686,493,193,48,100.000000,1,1,0.122558,1.200000,0.800000,monitor,15,7fff,1,1,84795392,84615168,-180224,50507844214784,50507844755456,540672,50507844214784,50507844755456,540672,-1,-1,-1
2800,4,700,9,16,16,535297.987156,535298.011963,0.024807,0x4052e4,1,574,432,142,50,100.000000,1,1,0.122558,1.200000,0.800000,monitor,15,7fff,1,1,84795392,84615168,-180224,50507844214784,50507844755456,540672,50507844214784,50507844755456,540672,-1,-1,-1
2800,4,700,10,16,16,535297.991778,535298.015830,0.024052,0x4052e4,1,597,344,253,52,100.000000,1,1,0.122558,1.200000,0.800000,monitor,15,7fff,1,1,84795392,84615168,-180224,50507844214784,50507844755456,540672,50507844214784,50507844755456,540672,-1,-1,-1
2800,4,700,11,16,16,535297.997953,535298.022546,0.024593,0x4052e4,1,571,427,144,54,100.000000,1,1,0.122558,1.200000,0.800000,monitor,15,7fff,1,1,84795392,84615168,-180224,50507844214784,50507844755456,540672,50507844214784,50507844755456,540672,-1,-1,-1
2800,4,700,12,16,16,535298.078751,535298.100203,0.021452,0x4052e4,1,1004,294,710,56,100.000000,1,1,0.122558,1.200000,0.800000,monitor,15,7fff,1,1,84795392,84615168,-180224,50507844214784,50507844755456,540672,50507844214784,50507844755456,540672,-1,-1,-1
2800,4,700,13,16,16,535298.053612,535298.075168,0.021556,0x4052e4,1,1182,491,691,58,100.000000,1,1,0.122558,1.200000,0.800000,monitor,15,7fff,1,1,84795392,84615168,-180224,50507844214784,50507844755456,540672,50507844214784,50507844755456,540672,-1,-1,-1
2800,4,700,14,16,16,535298.030528,535298.051889,0.021361,0x4052e4,1,1058,287,771,60,100.000000,1,1,0.122558,1.200000,0.800000,monitor,15,7fff,1,1,84795392,84615168,-180224,50507844214784,50507844755456,540672,50507844214784,50507844755456,540672,-1,-1,-1
2800,4,700,15,16,16,535297.981959,535298.001256,0.019297,0x4052e4,1,80,56,24,62,100.000000,1,1,0.122558,1.200000,0.800000,monitor,15,7fff,1,1,84795392,84615168,-180224,50507844214784,50507844755456,540672,50507844214784,50507844755456,540672,-1,-1,-1
2801,5,700,0,16,16,535298.262751,535298.281777,0.019026,0x40533c,1,38,0,38,32,100.000000,1,1,0.080995,1.200000,0.800000,monitor,15,7fff,1,1,84525056,84164608,-360448,50507845476352,50507845566464,90112,50507845476352,50507845566464,90112,-1,-1,-1
2801,5,700,1,16,16,535298.246564,535298.265408,0.018844,0x40533c,1,44,3,41,34,100.000000,1,1,0.080995,1.200000,0.800000,monitor,15,7fff,1,1,84525056,84164608,-360448,50507845476352,50507845566464,90112,50507845476352,50507845566464,90112,-1,-1,-1
2801,5,700,2,16,16,535298.263670,535298.282504,0.018834,0x40533c,1,63,5,58,36,100.000000,1,1,0.080995,1.200000,0.800000,monitor,15,7fff,1,1,84525056,84164608,-360448,50507845476352,50507845566464,90112,50507845476352,50507845566464,90112,-1,-1,-1
2801,5,700,3,16,16,535298.269241,535298.288277,0.019036,0x40533c,1,79,22,57,38,100.000000,1,1,0.080995,1.200000,0.800000,monitor,15,7fff,1,1,84525056,84164608,-360448,50507845476352,50507845566464,90112,50507845476352,50507845566464,90112,-1,-1,-1
2801,5,700,4,16,16,535298.237593,535298.264766,0.027173,0x40533c,1,408,221,187,40,100.000000,1,1,0.080995,1.200000,0.800000,monitor,15,7fff,1,1,84525056,84164608,-360448,50507845476352,50507845566464,90112,50507845476352,50507845566464,90112,-1,-1,-1
2801,5,700,5,16,16,535298.274552,535298.300092,0.025540,0x40533c,1,413,237,176,42,100.000000,1,1,0.080995,1.200000,0.800000,monitor,15,7fff,1,1,84525056,84164608,-360448,50507845476352,50507845566464,90112,50507845476352,50507845566464,90112,-1,-1,-1
2801,5,700,6,16,16,535298.250726,535298.276492,0.025766,0x40533c,1,409,228,181,44,100.000000,1,1,0.080995,1.200000,0.800000,monitor,15,7fff,1,1,84525056,84164608,-360448,50507845476352,50507845566464,90112,50507845476352,50507845566464,90112,-1,-1,-1
2801,5,700,7,16,16,535298.286517,535298.312372,0.025855,0x40533c,1,635,351,284,14,100.000000,1,1,0.080995,1.200000,0.800000,monitor,15,7fff,1,1,84525056,84164608,-360448,50507845476352,50507845566464,90112,50507845476352,50507845566464,90112,-1,-1,-1
2801,5,700,8,16,16,535298.292273,535298.318588,0.026315,0x40533c,1,466,211,255,48,100.000000,1,1,0.080995,1.200000,0.800000,monitor,15,7fff,1,1,84525056,84164608,-360448,50507845476352,50507845566464,90112,50507845476352,50507845566464,90112,-1,-1,-1
2801,5,700,9,16,16,535298.252657,535298.278669,0.026012,0x40533c,1,488,193,295,50,100.000000,1,1,0.080995,1.200000,0.800000,monitor,15,7fff,1,1,84525056,84164608,-360448,50507845476352,50507845566464,90112,50507845476352,50507845566464,90112,-1,-1,-1
2801,5,700,10,16,16,535298.241672,535298.268038,0.026366,0x40533c,1,471,228,243,52,100.000000,1,1,0.080995,1.200000,0.800000,monitor,15,7fff,1,1,84525056,84164608,-360448,50507845476352,50507845566464,90112,50507845476352,50507845566464,90112,-1,-1,-1
2801,5,700,11,16,16,535298.256146,535298.281707,0.025561,0x40533c,1,641,278,363,54,100.000000,1,1,0.080995,1.200000,0.800000,monitor,15,7fff,1,1,84525056,84164608,-360448,50507845476352,50507845566464,90112,50507845476352,50507845566464,90112,-1,-1,-1
2801,5,700,12,16,16,535298.246180,535298.265076,0.018896,0x40533c,1,37,2,35,56,100.000000,1,1,0.080995,1.200000,0.800000,monitor,15,7fff,1,1,84525056,84164608,-360448,50507845476352,50507845566464,90112,50507845476352,50507845566464,90112,-1,-1,-1
2801,5,700,13,16,16,535298.258598,535298.277452,0.018854,0x40533c,1,43,3,40,58,100.000000,1,1,0.080995,1.200000,0.800000,monitor,15,7fff,1,1,84525056,84164608,-360448,50507845476352,50507845566464,90112,50507845476352,50507845566464,90112,-1,-1,-1
2801,5,700,14,16,16,535298.281251,535298.300472,0.019221,0x40533c,1,61,4,57,60,100.000000,1,1,0.080995,1.200000,0.800000,monitor,15,7fff,1,1,84525056,84164608,-360448,50507845476352,50507845566464,90112,50507845476352,50507845566464,90112,-1,-1,-1
2801,5,700,15,16,16,535298.243998,535298.268431,0.024433,0x40533c,1,1372,8,1364,62,100.000000,1,1,0.080995,1.200000,0.800000,monitor,15,7fff,1,1,84525056,84164608,-360448,50507845476352,50507845566464,90112,50507845476352,50507845566464,90112,-1,-1,-1
